id,text,educational_value,reasoning,professionalism,cleanliness,cultural_nuances,justification
<urn:uuid:d61187c3-b1d8-4572-a637-d2678b92d026>,"Fumax Tech သည်မြန်ဆန်။ စိတ်ချရသောအီလက်ထရောနစ်ကန်ထရိုက်ထုတ်လုပ်မှု (EMS) ဝန်ဆောင်မှုများကိုထောက်ပံ့ပေးသည်။ ကျွန်ုပ်တို့၏အီလက်ထရောနစ်အင်ဂျင်နီယာဒီဇိုင်း၊ PCB အပြင်အဆင်အင်ဂျင်နီယာ၊ ရှင်းလင်းသောပျဉ်ပြားများ PCB ထုတ်လုပ်ခြင်း၊ အစိတ်အပိုင်းများရှာဖွေခြင်း၊ အစိတ်အပိုင်းများဝယ်ယူခြင်းနှင့်နောက်ဆုံး PCB တပ်ဆင်ခြင်းမှအစကျွန်ုပ်တို့၏အလှည့်ကျဝန်ဆောင်မှုများကိုအပြည့်အဝဖုံးအုပ်ထားသည်။
အချိန်နှင့်တပြေးညီဆက်သွယ်ရေးနှင့်ချောမွေ့စွာဆက်သွယ်နိုင်မှုတို့ကိုစိတ်ကြိုက်ထုတ်ကုန်အစီအစဉ်များ၊ စုဆောင်းငွေများ၊
ပုံမှန် PCB ပရိသဖြစ်စဉ်ကိုအောက်တွင်ဖော်ပြထားသောဖြစ်ကြသည်။
• IQC
•အလိုအလျောက်ဂဟေဆက်ပုံနှိပ်ခြင်း
• SPI
• SMT
•ပြန်လည်စီးဆင်းမှုဂဟေ
• AOI
• X-RAY (BGA အတွက်)
• ICT စမ်းသပ်ခြင်း
•အပေါက်မှတဆင့် DIP
• Wave ဂဟေ
•ဘုတ်အဖွဲ့သန့်ရှင်းရေး
• Firmware Programming
• Function Testing
•အပေါ်ယံပိုင်း (လိုအပ်ပါက)
•အထုပ်
ကျွန်ုပ်တို့၏ PCB တပ်ဆင်နိုင်စွမ်းကိုအောက်တွင်ပြထားသည်။
|ထောက်ပံ့နိုင်စွမ်း|
|Assembly အမျိုးအစားများ||SMT (Surface-Mount နည်းပညာ)|
|THD (Thru-Hole စက်ပစ္စည်း)|
|SMT & THD ရောစပ်ခဲ့သည်|
|နှစ်ဆတဖက်သတ် SMT နှင့် THD စည်းဝေးပွဲကို|
|SMT စွမ်းရည်||PCB အလွှာ: 1-32 အလွှာ;|
|PCB ပစ္စည်း: FR-4, CEM-1, CEM-3, High TG, FR4 Halogen Free, FR-1, FR-2, Aluminum Boards;|
|ဘုတ်အမျိုးအစား: တင်းကျပ်စွာ FR-4, Rigid-Flex ပျဉ်ပြား|
|PCB အထူ: 0.2mm-7.0mm;|
|PCB အတိုင်းအတာအကျယ်: 40-500mm;|
|ကြေးနီအထူ: Min: 0.5oz; အများဆုံး: 4.0oz;|
|chip တိကျမှန်ကန်မှု: လေဆာအသိအမှတ်ပြုမှု± 0.05mm; ပုံရိပ်အသိအမှတ်ပြုမှု± 0.03mm;|
|အစိတ်အပိုင်းအရွယ်အစား: ၀.၆ * ၀.၃ မီလီမီတာ - ၃၃.၅ * ၃၃.၅mm;|
|အစိတ်အပိုင်းအမြင့်: 6mm (max);|
|၀.၆၅ မီလီမီတာကျော်အကွာအဝေးအတွင်းရှိလေဆာအသိအမှတ်ပြု pin၊|
|မြင့်မားသော resolution VCS 0.25mm;|
|BGA လုံး ၀ အကွာအဝေး: .250.25mm;|
|BGA ကမ္ဘာလုံးဆိုင်ရာအကွာအဝေး: .250.25mm;|
|BGA ဘောလုံးအချင်း: .10.1mm;|
|IC ခြေထောက်အကွာအဝေး: .20.2mm;|
|အစိတ်အပိုင်းအထုပ်||elsရာဝတီ|
|တိပ်ခုတ်ဖြတ်|
|ပြွန်နှင့်ဗန်း|
|ချောင်အစိတ်အပိုင်းများနှင့်အမြောက်အများ|
|Board ပုံသဏ္.ာန်||ထောင့်မှန်စတုဂံ|
|ပတ်ပတ်လည်|
|အထိုင်များနှင့်ဖြတ်တောက်|
|ရှုပ်ထွေးသောနှင့်မမှန်|
|ညီလာခံလုပ်ငန်းစဉ်||ခဲ - အခမဲ့ (RoHS, REACH)|
|ပုံစံဖိုင်ပုံစံ||Gerber|
|BOM (ပစ္စည်းဘီလ်) (.xls, .CSV, xIsx)|
|ညှိနှိုင်းရေး (Pick-N-Place / XY ဖိုင်)|
|လျှပ်စစ်စမ်းသပ်ခြင်း||AOI (Automated Optical Inspection)၊|
|X-Ray စစ်ဆေးခြင်း|
|အိုင်စီတီ (In-Circuit Test) / လက်တွေ့စမ်းသပ်ခြင်း|
|Reflow မီးဖိုပရိုဖိုင်း||စံ|
|စိတ်တိုင်းကျ|
PCB ပရိသတျ၏ကိုးကားခတောင်းဆိုမှု:
sales@fumax.net.cn တွင်သင်၏ BOM ဖိုင်များ (Bill of Materials) နှင့် Gerber ဖိုင်များကိုအီးမေးလ်ဖြင့်သာကျွန်ုပ်တို့ထံအီးမေးလ်ပို့လိုက်ရုံဖြင့် ၂၄ နာရီအတွင်းသင့်ထံပြန်ပို့ပါမည်။
ရည်ညွှန်းဒီဇိုင်နာများ၊ ထုတ်လုပ်သူနာမည်နှင့်ထုတ်လုပ်သူအစိတ်အပိုင်းနံပါတ်များပါ ၀ င်ရန်လိုအပ်သည်။ Gerbers PCB လိုအပ်ချက်များကိုထည့်သွင်းရန်လိုအပ်ပါသည်။",1.0,1.0,4.0,3.0,1.0,"The document is a technical service brochure for a PCB manufacturing company. It provides factual information about industrial processes and technical specifications, which is useful for industry professionals but lacks broader educational or reasoning depth. The text is clearly machine-translated, resulting in awkward phrasing, though the technical content remains understandable."
<urn:uuid:12518661-b0ff-4dda-9eaf-61e3842f748e>,"A:optical fiber မှ အစက်အပြောက်ထွက်ရှိမှုသည် ယေဘူယျအားဖြင့် အချို့သော ကွဲလွဲသောထောင့်ရှိသော စက်ဝိုင်းပုံအစက်ဖြစ်သည်။ သတ်မှတ်ထားသော အစက်အပြောက်အရွယ်အစားသည် ဖိုက်ဘာအူတိုင်အချင်းနှင့် ဆက်စပ်နေပြီး ခြားနားသောထောင့်ကို ဖိုက်ဘာဂဏန်းအပါချာမှ ဆုံးဖြတ်သည်။ အသုံးများသော အလင်းမျှင်များကို single mode နှင့် multimode ဟူ၍ ပိုင်းခြားထားပြီး၊ single mode core ၏ အချင်းမှာ μm မှ 2.9 မှ 9μm၊ multimode core ၏ အချင်းမှာ μm မှ 50 မှ 400μm ဖြစ်ပြီး ဂဏန်းအလင်းဝင်ပေါက်သည် ယေဘုယျအားဖြင့် 0.15 NA နှင့် 0.22 NA ဖြစ်သည်။ အသီးသီး ကိန်းဂဏာန်း အလင်းဝင်ပေါက်သည် ဖိုက်ဘာရှိ အလင်းတန်း၏ စုစုပေါင်း ရောင်ပြန်ဟပ်မှု ထုတ်လွှင့်မှု၏ အများဆုံး အဖြစ်အပျက်ထောင့်၏ sinusoidal တန်ဖိုးကို ရည်ညွှန်းသည်။ ၎င်းကို လေဆာဖိုက်ဘာ၏ ခြားနားသောထောင့်အဖြစ် မှတ်ယူနိုင်သည်။ 0.22 NA သည် ကွဲလွဲသောထောင့် (တစ်ဝက်ထောင့်) 12.5° ခန့်နှင့် 8° ခြားနားသောထောင့်ကိုကိုယ်စားပြုသည့် 0.15 NA ဖြစ်သည်။
A:Box Optronics မှပေးသောလေဆာအားလုံးသည် single laser ၏ဖိုက်ဘာအချိတ်အဆက်မုဒ်ပေါ်တွင်အခြေခံသည်။",3.0,2.0,4.0,4.0,1.0,"The text provides technical information about optical fibers, suitable for introductory physics or engineering education. It explains core concepts like numerical aperture and fiber types. While it is informative and coherent, it is a technical product description rather than a pedagogical resource. The language is natural, though the content is highly specialized."
<urn:uuid:e2240d61-a16b-4170-90e3-d63db66debf0>,"အင်ဂျင်
မော်ဒယ်
ISUZU GH-6HK1X
အမျိုးအစား
ရေဖြင့်အအေးခံစနစ်၊ 4- ဆိုင်ကယ်ဒီဇယ်၊ 6 - ဆလင်ဒါအတန်းလိုက်၊ အီလက်ထရွန်နစ်ထိန်းချုပ်မှု၊ ဖိအားမြင့်မားသောကွန်မွန်းရေဆီပို့စနစ်၊ လေဖြင့်အအေးခံသည့် အင်တာကူလာ၊ တာဘို။ဆလင်ဒါ အရေအတွက်/ အလုပ်စွမ်းအားပမာဏ
ဆလင်ဒါ အရေအတွက်
၆ / ၇.၇၉ လီတာ
အပူစွန့်ထုတ်မှု အဆင့်
အဆင့် 3 / Eu အဆင့် ၃
ဆလင်ဒါအချင်း/ပစ္စတင်ရွေ့လျားနိုင့်သည့်အလျား
၁၁၅ x ၁၂၅ မီလီမီတာ
flywheel မြင်းကောင်ရေအဆင့်သတ်မှတ်ချက်
SAE J 1349, ISO 9249
၁ မိနစ် တွင် အင်ဂျင်အပတ်ရေ ၂၀၀၀ ၊ ၂၀၂ ကီလိုဝပ် / မြင်းကောင်ရေ ၂၇၀
ISO 14396
၁ မိနစ် တွင် အင်ဂျင်အပတ်ရေ ၂၀၀၀ ၊ ၂၁၂ ကီလိုဝပ် / မြင်းကောင်ရေ ၂၈၄
အမြင့်ဆုံး အင်ဂျင်ရုန်းအား
SAE J 1349, ISO 9249
၁ မိနစ် အင်ဂျင်အပတ်ရေ ၁၅၀၀ မှာ ၉၈၉ နယူတန်မီတာ
ISO 14396
၁ မိနစ် အင်ဂျင်အပတ်ရေ ၁၅၀၀ မှာ ၁၀,၂၀ နယူတန်မီတာ
ဟိုက်ဒရောလစ်စနစ်
အဓိကပန့်များ
ထိန်းညှိစနစ်နှင့်အတူ အရွှေ့ ၂ မျိုးပြောင်းနိုင်သော axial ပစ္စတင်ပန့်
အများဆုံး ဆီစီးဆင်းမှု
၁ မိနစ် အင်ဂျင်အပတ်ရေ ၁၈၀၀ ၌ ၂ x ၂၄၃ လီတာ / မိနစ်
အလုပ်လုပ်နေသောလည်ပတ်မှု ဆီဖိအား
ဘွန်း၊အမ်း၊ခွက်
၃၄.၃ မီဂါပါစကယ် - ၃၇.၃ မီဂါပါစကယ် အလိုအလျောက်ပါဝါမြှင့်တင်မှု
ကိုယ်ထည်လှည့်ခြင်း(ဆွင်း)
၃၀.၄ မီဂါပါစကယ်
လမ်းလျှောက်ခြင်း
၃၄.၃ မီဂါပါစကယ်
ပိုင်းလော့ပန့်
၂၇ လီတာ/မိနစ်
အလုပ်လုပ်နေသောလည်ပတ်မှု ဆီဖိအား
၃.၉ မီဂါပါစကယ်
ဘွန်း ဆလင်ဒါများ
အချင်း
၁၄၀ မီလီမီတာ
အလျား
၁၃၆၉ မီလီမီတာ
အမ်းဆလင်ဒါ
အချင်း
၁၅၀ မီလီမီတာ
အလျား
၁၅၆၉ မီလီမီတာ
ဘကက် (ခွက်) ဆလင်ဒါ
အချင်း
၁၃၅ မီလီမီတာ
အလျား
၁၀၇၈ မီလီမီတာ",2.0,1.0,4.0,5.0,2.0,"This is a technical specification sheet for an Isuzu engine and hydraulic system. It provides factual, structured data suitable for vocational training or technical reference. It is clean, well-formatted, and uses natural Burmese technical terminology, though it lacks narrative reasoning or deep cultural context."
<urn:uuid:9f022425-75b8-4724-9a1c-50d076ba12f0>,"ceMySQL.h Cross-platform C++ programming with wxWidgets
Using MySQL Database with C++ on Various Platforms Including ARM Single Board Computers
အဲဒီ အတွက် ဆက်သွယ် အသုံးပြု မယ့် MySQL server မှာ mytest ဆိုတဲ့ database နဲ့၊ အထဲမှာ mytable ဆိုတဲ့ table ကို Figure 1 မှာ ပြထား တဲ့ အတိုင်း MySQL Workbench နဲ့ ဖန်တီး ထားလိုက် ပါမယ်။
အဲဒီ နမူနာ မှာ အသုံးပြု မယ့် ceMySQL ဆိုတဲ့ class module ကို
ceMySQL.h (https://github.com/yan9a/odroid/blob/master/database-mysql/ceMySQL.h) နဲ့
ceMySQL.cpp (https://github.com/yan9a/odroid/blob/master/database-mysql/ceMySQL.cpp)
တို့မှာ ဖော်ပြ ထား ပါတယ်။
ceMySQL ဆိုတဲ့ MySQL Connector C++ class ကို အောက်က လင့်ခ် မှာ ဖော်ပြ ထားတဲ့ wxWidgets နမူနာ ပရိုဂရမ်
wxmysql.cpp (https://github.com/yan9a/odroid/blob/master/database-mysql/wxmysql.cpp)
မှာ အသုံးပြု ပြီး၊ data record တွေကို select, insert, update, delete လုပ်ပြ ထား ပါတယ်။ ပရိုဂရမ် ကို build လုပ်ပြီး၊ run ဖို့ အတွက် command တွေကို wxmysql-bar.sh (Listing 4) မှာ ဖော်ပြ ထား ပါတယ်။
g++ wxmysql.cpp ceMySQL.cpp -std=c++11 \ `wx-config --cxxflags --libs` \ -I /usr/local/mysql/connector-c++-8.0/include \ -L /usr/local/mysql/connector-c++-8.0/lib64 \ -lmysqlcppconn8 -o wxmysql ./wxmysqlListing 4. MySQL Connector C++ wxWidgets ပရိုဂရမ် wxmysql.cpp ကို build လုပ်၍ run ရန် script ဖိုင် wxmysql-bar.sh ။
ပရိုဂရမ် ရဲ့ GUI နဲ့ ရလဒ် ကို Figure 2 မှာ ပြထား ပါတယ်။",3.0,2.0,4.0,4.0,1.0,"The document is a technical tutorial on using MySQL with C++ and wxWidgets. It provides clear, actionable steps and code snippets, making it useful for technical education. It lacks deep reasoning or cultural depth, as it is a standard programming guide. The formatting is clean, though it relies on external links."
<urn:uuid:e05a7e10-bc99-4203-8eb0-71cd1dcedbad>,"||ဤဆောင်းပါးကို အင်္ဂလိပ် ဝီကီပီးဒီးယား ရှိ Algebraic geometry အား တစ်စိတ်တစ်ပိုင်းဖြစ်စေ၊ အလုံးစုံဖြစ်စေ မှီငြမ်း၍ မြန်မာဘာသာသို့ ပြန်ဆိုရန် လိုအပ်နေသေးသည်။


|မြန်မာဘာသာသို့ ပြန်ဆိုခြင်းနှင့် စပ်လျဉ်း၍


|လက်ရှိစာမျက်နှာကို ဂူဂယ်ဘာသာပြန် (Google Translate) သုံး၍ မြန်မာဘာသာသို့ ပြန်ဆိုကြည့်နိုင်သည်။ Algebraic geometry ကိုလည်း ဂူဂယ်ဘာသာပြန် ကြည့်နိုင်သည်။သို့သော် ၎င်းဘာသာပြန်များကို အတည်မယူပါနှင့်၊ အမှားများစွာ ပါလေ့ရှိသောကြောင့်ဖြစ်သည်။ သေချာစိစစ်၍ ကြိုးစားပြုပြင်ပြီးမှ ဘာသာပြန်ရေးသားရန် ဖြစ်သည်။ ဘာသာပြန်ပြီးပါကဤဆောင်းပါး၏ ဆွေးနွေးချက်စာမျက်နှာတွင်


{{Translated page|en|Algebraic geometry}}ဟူ၍ ရေးထည့်ပါ။ ထို့အပြင် ဤ {{Translation incomplete}} တမ်းပလိတ်ကို ဤစာမျက်နှာမှ ဖျက်ပစ်ရန် မမေ့ပါနှင့်။
ဤ တိုလီယာတီ မျက်နှာပြင် (Togliatti surface
) မှာ ဒီဂရီ အဆင့် ငါး ရှိသည့် အက္ခရာသင်္ချာ မျက်နှာပြင် (algebraic surface
) တစ်မျိုး ဖြစ်သည်။ ပုံတွင်ပြထားသည်မှာ ၎င်းမျက်နှာပြင်၏ ကိန်းစစ်လမ်းကြောင်း (real locus
) တစ်စိတ်တစ်ဒေသ ဖြစ်သည်။
အက္ခရာသင်္ချာနည်းကျ ဂျီဩမေတြီ (algebraic geometry) သည် သင်္ချာပညာ၏ ဘာသာရပ်ခွဲတစ်ခုဖြစ်ပြီး ပိုလီနိုမီရယ် ညီမျှခြင်း (polynomial equation) များ၏ ကိန်းရင်းများကို လေ့လာသည့် ဘာသာရပ်အဖြစ် ရှေးယခင်က သတ်မှတ်ခဲ့သည်။ သို့သော် မျက်မှောက်ခေတ် အက္ခရာသင်္ချာ ဂျီဩမေတြီ ဘာသာရပ်မှာမူ ခေတ်သစ် အက္ခရာသင်္ချာ (abstract algebra)၊ အထူးသဖြင့် ပတ်လည်ညီ အက္ခရာသင်္ချာ (commutative algebra)၊ နည်းလမ်းများအပေါ်တွင် ပိုမိုမှီတည်ပြီး၊ ဂျီဩမေတြီ (geometry) အသုံးအနှုန်းများကို အသုံးပြု၍ ဂျီဩမေတြီ ပြဿနာများကို လေ့လာဖြေရှင်းခြင်း ဖြစ်သည်။",3.0,2.0,4.0,2.0,1.0,"The text provides a basic definition of algebraic geometry suitable for introductory learning. It contains significant boilerplate/meta-text regarding Wikipedia translation instructions, which lowers the cleanliness score. The reasoning is descriptive rather than analytical. It is written in natural Burmese but relies heavily on technical English loanwords, which is standard for academic topics in the language."
<urn:uuid:a38f4f37-6b2e-4058-a856-64c2623b6fbb>,"လူများ၏အာရုံစူးစိုက်မှုတစ်ခုအစဉ်အမြဲရှိခဲ့ဖူးသည်၊ prefabricated tank တစ်ခုလုံးသည်အဓိကအား module မ်ား၊ round box module များ၊ ခေါင်မိုး module နှင့် installation ဆက်စပ်ပစ္စည်းများနှင့်အဓိကအားဖြင့်အဓိကအားဖြင့်အမျိုးမျိုးသော modules များအကြား bolt fastening ဖြင့်ဖွဲ့စည်းထားသည်။ prefabricated cabin လေဒဏ်ခံနိုင်မှုနှင့်ခံနိုင်ရည်စွမ်းရည်ကိုဆန်းစစ်ရန်လိုအပ်သည်။ modules အကြားအကောင်းဆုံးနံပါတ်သည် bolt သို့ရောက်ရန်လိုသည်။ bolts ကိုဆက်သွယ်ခြင်းဖြင့် module တစ်ခုစီကိုပိုမိုတည်ငြိမ်စေသည်။
1, အင်အားသုံးခွဲခြမ်းစိတ်ဖြာ
လေအေးပေးစက် ၁၂ လုံးဖြစ်သည့်အချိန်တွင်ကြိုတင်ထုတ်လုပ်ထားသည့်အခန်းသည်ယင်း၏အမြင့်ဆုံးစွမ်းအားရှိသည်။ ထို့ကြောင့်အခြေအနေနှစ်ခုအတွက်ဆန်းစစ်ရန်လိုအပ်သည်။
ပုံမှန်အခြေအနေတွင်ကြိုတင်ထုတ်လုပ်ထားသည့်ကားကိုထရပ်ကားများဖြင့်သယ်ဆောင်သည်။ ဖွဲ့စည်းပုံစိတ်ဖိစီးမှုဆန်းစစ်ချက်အရကားလှည့်သောအခါ precast tank ၏အကြီးမားဆုံးသောဖိစီးမှု၊ စည်းမျဉ်းအရကားသည်အရှိန်မြှင့်လျှင်ကားကီလိုမီတာ ၃၀ ထက်မပိုနိုင်ပါ။ , ဒါကြောင့်တွက်ချက်ခြင်းဖြင့်ဆွဲနိုင်သည်။ precast tank သည်ထောင့်များ၏ပုံသဏ္won'tာန်ကိုပုံပျက်လာအောင်ပြုလုပ်နိုင်သည်၊ သင်ဘေးဘက်အကွက် ၄၈ ခုခန့်ကိုအသုံးပြုရမည်။
တင်းကျပ်သောအကျိုးသက်ရောက်မှုအောင်မြင်ရန်အဆုံးဘောင်ပတ်လည် 12 သော့ခလောက်။
သယ်ယူပို့ဆောင်ရေးလုပ်စဉ်အင်အားအပြင်အသင့်ပြင်ဆင်ထားသောအခန်းသည်အင်အား ၁၂ လေနှင့်ထိတွေ့မှုများစွာရှိသင့်သည်။ အများဆုံးလေတိုက်နှုန်းမှာ ၃၄ ကီလိုမီတာ / တစ်နာရီသို့ရောက်ရှိနိုင်သည်၊ လေကိုအခြေခံအားဖြင့်တစ်ဖက်တွင်စုစည်းထားသော်လည်းလေသည် ဦး တည်ချက်မဟုတ်ပါ။ အမြဲတမ်းအတူတူပင်, ဒါကြောင့်အသီးအသီးအမြင့်ဆုံးစံချိန်စံညွှန်းနှင့်အညီဆွဲထားသင့်ပါတယ်။
တွက်ချက်မှုအပြီးတွင်တစ်ဖက်စီတွင်အနည်းဆုံးသော့ခလောက် ၄၈ ဖြစ်သင့်ပြီး M12 သော့ခလောက်များအသုံးပြုခြင်းကိုပိုမိုကောင်းမွန်အောင်ပြုလုပ်နိုင်သည်။
2. လေခုခံခြင်း simulation
prefabricated module ကိုတိကျသော data တွေကိုရရှိရန်လည်ပတ်သောအခါတွင်လေကိုဆန့်ကျင်။ တွက်ချက်ရန်လိုအပ်သည်။
ကြိုတင်ထုတ်လုပ်ထားသည့်အခန်း၏လေစွမ်းအားနှင့်ဖိအားကိုခံနိုင်ရည်စွမ်းရည်ကိုအဓိကအားဖြင့်ကြိုတင်ထုတ်လုပ်ထားသည့်လေယာဉ်၏လေစွမ်းအားကိုလေ့လာသည်။ Prefabricated cabin ၏လေစွမ်းအားကိုပုံဖော်ခြင်းအားဖြင့် prefabricated cabin ၏ပုံသဏ္formationာန်ကိုရရှိသည်။ ထို့ကြောင့် prefabricated cabin ၏အများဆုံးဖိစီးမှုသည်သံမဏိကိုယ်ထည်တစ်ခုလုံး၏အထွက်နှုန်းထက်လျော့နည်းနိုင်သည်။
တွက်ချက်မှုအရလေ ၀ င်လေအဆင့် 12 ရောက်သောအခါအခန်း၏အများဆုံးစိတ်ဖိစီးမှုသည် ၁၉၈.၈၇MPa သို့ရောက်ရှိနိုင်သည်။ စိတ်ဖိစီးမှုကိုစုစည်းထားသည်၊ ထို့ကြောင့်လေ၏စုစုပေါင်းဖိစီးမှု ၈၀MPa အောက်တွင်ရှိလျှင်ပုံပျက်သောပမာဏသည်နည်းသည်။
3. နိဂုံးခွဲခြမ်းစိတ်ဖြာ
Prefabricated tank connection တပ်ဆင်မှု၏အမျိုးမျိုးသော module များမှတဆင့် modules များအကြားတည်ရှိနေသော bolt ကိုသုံးပြီး compressive စွမ်းရည်သည်တပ်ဆင်ထားသော bolts များကိုထိရောက်စွာတိုးမြှင့်နိုင်သည်။ bearing capacity ကိုတိုးတက်စေရန်သော့ချက်ဖြစ်သည်။ power prefabricated tank ဆောက်လုပ်ရေးလုပ်ငန်းထိန်းချုပ်မှုသည်အလွန်အရေးကြီးသည်။ အထက်ဖော်ပြပါတွက်ချက်မှုကိုအသုံးပြုရန်လိုအပ်သော bolt အရွယ်နှင့်အကွာအဝေးကိုနိဂုံးချုပ်နိုင်သည်။
တိကျစွာတပ်ဆင်မှုလုပ်ဆောင်နိုင်တယ်။
အထက်ပါလေအားခံနိုင်ရည်နှင့်ကြိုတင်ထုတ်လုပ်ထားသည့်အခန်း၏ ၀ န်ဆောင်မှုစွမ်းရည်ကိုအထက်ပါခွဲခြမ်းစိတ်ဖြာမှုအရ prefabricated cabin သည်သယ်ယူပို့ဆောင်ခြင်းနှင့်သယ်ယူပို့ဆောင်ရေးဖြစ်စဉ်များအပြင်လေအင်အားအလွန်အကျွံနှင့်သက်ဆိုင်သောဆုံးရှုံးမှုများကိုအလွန်ပုံပျက်စေလိမ့်မည်မဟုတ်ပါ။ လျှော့ချလိမ့်မည်
post အချိန်: Aprပြီ -19-2021",2.0,3.0,4.0,2.0,1.0,"The text provides technical engineering analysis regarding prefabricated structures. It contains logical steps for stress and wind resistance calculations. However, the Burmese phrasing is awkward, likely due to poor machine translation, which obscures clarity. It lacks cultural context and contains repetitive, slightly broken sentence structures, though the technical content remains discernible."
<urn:uuid:1dcd7aad-b020-464a-b483-032c915d2be3>,"နှစ်ချက်ဘူတာလေဆာဂဟေဆော်ခြင်းစက်
ကုန်ပစ္စည်းအသေးစိတ်
ကုန်ပစ္စည်း Tags:
အသစ်က Flameproof စာရွက်၏စွမ်းအင်ကိုဘက်ထရီလှန် chip ကို, ဝင်ရိုးစွန်း, ပျော့ပျောင်းသော connection ကို welding များအတွက်သင့်လျော်သော။ ဂဟေဆော်ပြီးမြောက်ရန် desktop ပေါ်မှာအလုပ်လုပ်စားပွဲပေါ်မှာလျှော duplex ချမှတ်သည်နို့တိုက်ကျွေးရေး switch ကိုပေါ်ညှပ်ဖို့အတုတင်ဘက်ထရီအဖုံး။
အင်္ဂါရပ်များ:
ထုတ်လုပ်မှုစွမ်းဆောင်ရည်တိုးတက်လာဖို့ synchronous နို့တိုက်ကျွေးခြင်းနှင့်ဂဟေအကြားစားပွဲလျှော·နှစ်ဦးအနေအထား,
·တစ်ခုချင်းစီဘူတာရုံအဆင်ပြေပြေနဲ့ပြောင်းလွယ်ပြင်လွယ် function ကိုအတူအမှန်တကယ်ထုတ်လုပ်မှုလိုအပ်ချက်တွေနဲ့အညီမီးညှပ်အများအပြားအစုံတပ်ဆင်နိုင်သည်
·အဆိုပါမီးညှပ်ထုတ်ကုန်ပေါ်မှအတုနို့တိုက်ကျွေးခြင်းနှင့်လေဆာပုံပျက်သောတားဆီးနှင့်ကုန်ပစ္စည်းများ၏အရည်အသွေးတိုးတက်စေရန်လေဟာနယ်စုတ်ယူခြင်းကိရိယာနှင့်အတူတပ်ဆင်ထားနိုင်ပါတယ်
·အဆိုပါစုံလင်သောပေါင်းစပ် high definition ၏ coaxial ရူပါရုံကို CCD စနစ်နှင့် linear အလင်းအရင်းအမြစ်အာရုံစိုက်စနစ်ဂဟေလိုင်း programming ကိုပိုမိုလွယ်ကူနှင့်ပိုပြီးအဆင်ပြေစေသည်
ကွဲပြားခြားနားသောလိုအပ်ချက်များကို၏လိုအပ်ချက်များကိုဖြည့်ဖြည့်ဆည်းဖို့· Optional ထုံးစံလုပ်ကရိယာ,
ထုတ်ကုန်အရည်အသွေးတိုးတက်စေရန်· Optional CCD ဒင်္ positioning ကို module စနစ်က
ထုတ်လုပ်မှုစွမ်းဆောင်ရည်တိုးတက်ကောင်းမွန်ရေးတို့အတွက်ပေါင်းစုံဘူတာရုံဂဟေ mode နဲ့အထက်နဲ့အောက်ပစ္စည်းများအတွက်အလိုအလျောက်စက်ရုပ်အသိဉာဏ်ဘူတာရုံမှ· Optional အဆင့်မြှင့်,
|စစ်ဆင်ရေး mode ကို||စားပွဲပေါ်မှာလျှောနှစျခုအနေအထား|
|လေဆာပါဝါ||1000w / 2000w / 4000w / 6000w 可选配 Optional|
|လေဆာလှိုင်းအလျား||1070nm|
|
|
operating ဖိုင်ဘာ core ကိုအချင်း
|50 အွမ်, 100 အွမ်, 200 အွမ်可选配 Optional|
|(BPP) အနိမ့်ရောင်ခြည်အရည်အသွေးကို||1.1 မီလီမီတာ * mrad (50 အွမ်)|
|
|
worktable ၏လေဖြတ်
|X / Y / Z ကိုဝင်ရိုး, 500mm / 150mm / 150mm;
|
Y1 / Y1axis, 300mm / 300mm;
(စိတ်ကြိုက်နိုငျသညျ)
|
|
တစ်ဦးချင်းစီရိုးတံ၏ထပ်ခါတစ်လဲလဲ positioning ကိုတိကျမှန်ကန်မှု
|± 0.02mm|
|တည်နေရာရည်မှန်း||
|
အနီရောင်အလင်းနှင့် coaxial ရူပါရုံကို CCD စနစ်က
|လေဟာနယ်ထိစိမ့်||ချိန်ညှိဖိအား|
|
|
ယေဘုယျအားရှုထောင့်
|1140mmx1240mmx1830mm|
|စက်အသားတင်အလေးချိန်||650kg အကြောင်း|",1.0,1.0,4.0,2.0,1.0,"The document is a technical product specification sheet for industrial laser welding equipment. It contains specialized terminology and technical data, requiring professional knowledge to comprehend. The text suffers from poor machine-translation quality, resulting in awkward phrasing and broken formatting, though the core technical information remains discernible."
<urn:uuid:8a1b242c-c2e4-4595-b779-b8aa11d97cf1>,"သာမိုပလတ်စတစ် အီလက်စတိုမာ SIS HEXAS EL-9220
ထုတ်ကုန်အသေးစိတ်
ထုတ်ကုန် Tags
ထုတ်ကုန်မိတ်ဆက်
သာမိုပလတ်စတစ် ရာဘာအမှုန့်များ ပျားရည် အရောင်ခြယ်ထားသည်။သာမိုပလတ်စတစ်ရာဘာများသည် သာမိုပလပ်စတစ်နှင့် အီလက်စတိုမာဂုဏ်သတ္တိများပါရှိသည့် ပစ္စည်းများပါ၀င်သော ပိုလီမာများ (သို့) ရူပဗေဒဆိုင်ရာ ရောစပ်ထားသော ပိုလီမာအမျိုးအစားတစ်ခုဖြစ်သည်။အီလက်စတိုမာအများစုသည် သာမိုဆက်ဆက်များဖြစ်သော်လည်း၊ ဥပမာအားဖြင့်၊ ဆေးထိုးပုံသွင်းခြင်းဖြင့် ထုတ်လုပ်မှုတွင် အသုံးပြုရလွယ်ကူသော သာမိုပလတ်စတစ်များနှင့် ဆန့်ကျင်ဘက်ဖြစ်သည်။Thermoplastic elastomers များသည် ရော်ဘာပစ္စည်းများနှင့် ပလတ်စတစ်ပစ္စည်းများနှစ်ခုလုံး၏ အားသာချက်များကိုပြသသည်။သာမိုပလပ်စတစ် အီလက်စတိုမာများ အသုံးပြုခြင်း၏ အကျိုးကျေးဇူးမှာ အလယ်အလတ် ရှည်လျားမှုကို ဆန့်ထုတ်နိုင်စွမ်းရှိပြီး ၎င်း၏ မူရင်းပုံသဏ္ဍာန်သို့ ပြန်သွားနိုင်သည့် စွမ်းရည်မှာ အခြားပစ္စည်းများထက် ပိုမိုရှည်လျားပြီး ပိုမိုကောင်းမွန်သော ရုပ်ပိုင်းဆိုင်ရာ အကွာအဝေးကို ဖန်တီးပေးခြင်း ဖြစ်သည်။သာမိုဆက်တ် အီလက်စတိုမာများနှင့် သာမိုပလပ်စတစ် အီလက်စတိုမာများကြား အဓိက ကွာခြားချက်မှာ ၎င်းတို့၏ တည်ဆောက်ပုံများတွင် ချိတ်ဆက်ထားသော ချည်နှောင်မှု အမျိုးအစားဖြစ်သည်။တကယ်တော့၊ crosslinking သည် မြင့်မားသော elastic ဂုဏ်သတ္တိများကို ပေးစွမ်းနိုင်သော အရေးကြီးသော structural factor တစ်ခုဖြစ်သည်။
လျှောက်လွှာ
ဖိအားအထိခိုက်မခံသောကော်များ၊ ဆီးပိတ်များ၊ လမ်းအမှတ်အသားဆေးများ၊ Bitumen ပြုပြင်မွမ်းမံမှု၊ ရေစိုခံအမြှေးပါးကော်၊ တစ်ကိုယ်ရေသန့်ရှင်းမှုကော်။
သတ်မှတ်ချက်များ
|စမ်းသပ်ပစ္စည်းများ||ယူနစ်||အရောင်း Specification ပါဝင်ပါသည်။|
|Polystyrene ပါဝင်မှု||wt%||၂၃ မှ ၂၇|
|Di-block အကြောင်းအရာ||Di-block အကြောင်းအရာ||၂၃ မှ ၂၇|
|အရည်ပျော်နှုန်း||g/10 မိနစ်||8.5 မှ 13.5 ထိ|
|ဆန့်နိုင်အား||Mpa||≥5.0|
|Break at Elongation||%||≥750|
|ဖြေရှင်းချက် Vicosity||mPa.s||≤1200|
|မတည်ငြိမ်သောကိစ္စ||Wt%||≤0.7|
|ပြာ||Wt%||≤0.7|
ရိုးရိုးတန်ဖိုး
|စမ်းသပ်ပစ္စည်းများ||ယူနစ်||အရောင်း Specification ပါဝင်ပါသည်။|
|Polystyrene ပါဝင်မှု||wt%||24|
|Di-block အကြောင်းအရာ||Di-block အကြောင်းအရာ||၂၆.၈၂|
|အရည်ပျော်နှုန်း||g/10 မိနစ်||10|
|ဆန့်နိုင်အား||Mpa||10|
|Break at Elongation||%||၁၀၀၀|
|ဖြေရှင်းချက် Vicosity||mPa.s||၄၆၅|
|မတည်ငြိမ်သောကိစ္စ||Wt%||၀.၅|
|ပြာ||Wt%||၀.၂|
|Mn(SIS)||-||၈၄၀၀၀|
|Mn (SI)||-||၃၈၀၀၀|
စည်းမျဉ်း/ အမျိုးအစားများ
CAS နံပါတ် 25038-32-8
Package နှင့် Supply
သိုလှောင်မှု
အမှတ်တံဆိပ်ထောက်ခံချက်
တံဆိပ်
EL9126၊ EL9270၊ EL9270D၊ EL9470၊ EL9220၊ EL9220D၊ EL9370",2.0,1.0,4.0,3.0,1.0,"The document is a technical product specification sheet for industrial polymers. It provides basic definitions and technical data tables. While it lacks deep reasoning or broad educational value, it is professionally written for a technical audience. It is clean, though it contains some boilerplate product tags and formatting typical of a commercial catalog."
<urn:uuid:7137b66e-7049-48a5-9c29-f9636e44b767>,"16 အလွှာ ENIG Fit Hole PCB ကိုနှိပ်ပါ။
ထုတ်ကုန်အသေးစိတ်
Via-In-Pad PCB အကြောင်း
Via-In-Pad PCB များသည် ယေဘူယျအားဖြင့် မျက်မမြင်အပေါက်များဖြစ်ပြီး၊ အတွင်းအလွှာ သို့မဟုတ် HDI PCB ၏နောက်ထပ်အပြင်ဘက်အလွှာကို အပြင်အလွှာနှင့် ချိတ်ဆက်ရန်အတွက် အဓိကအားဖြင့် အီလက်ထရွန်နစ်ထုတ်ကုန်များ၏ လျှပ်စစ်စွမ်းဆောင်ရည်နှင့် ယုံကြည်စိတ်ချရမှုကို မြှင့်တင်ရန်အတွက် အချက်ပြကို အတိုချုံးရန်၊ သွယ်တန်းထားသောဝါယာကြိုး၊ သွယ်တန်းထားသော inductive reactance နှင့် capacitive reactance အပြင် အတွင်းနှင့် ပြင်ပ လျှပ်စစ်သံလိုက်ဝင်ရောက်စွက်ဖက်မှုကို လျှော့ချပါ။
ဆောင်ရန်အသုံးပြုသည်။PCB လုပ်ငန်းတွင် ပလပ်ပေါက်များ၏ အဓိကပြဿနာမှာ ပလပ်ပေါက်များမှ ဆီယိုစိမ့်ခြင်းဖြစ်ပြီး၊ စက်မှုလုပ်ငန်းတွင် အမြဲရှိနေသော ရောဂါတစ်ခုဟု ဆိုနိုင်ပါသည်။၎င်းသည် PCB ၏ထုတ်လုပ်မှုအရည်အသွေး၊ ပေးပို့ချိန်နှင့် ထိရောက်မှုကို ပြင်းထန်စွာထိခိုက်စေပါသည်။လက်ရှိတွင်၊ အဆင့်မြင့်သိပ်သည်းသော PCB အများစုတွင် ဤပုံစံဒီဇိုင်းမျိုးရှိသည်။ထို့ကြောင့် PCB လုပ်ငန်းသည် ပလပ်ပေါက်များမှ ဆီယိုစိမ့်မှုပြဿနာကို အရေးပေါ်ဖြေရှင်းရန် လိုအပ်ပါသည်။
Pad Plug Hole မှတဆင့် ဆီထုတ်လွှတ်ခြင်း၏ အဓိကအကြောင်းရင်းများ
ပလပ်ပေါက်နှင့် pad အကြားအကွာအဝေး- ပလပ်ပေါက်အပေါက်မှလွဲ၍ အမှန်တကယ် PCB ဆန့်ကျင်ရေးဂဟေထုတ်လုပ်ခြင်းလုပ်ငန်းစဉ်တွင် လွတ်မြောက်ရန် လွယ်ကူသည်။အခြားပလပ်ပေါက်နှင့် ပြတင်းပေါက်အကွာအဝေးသည် 0.1 မီလီမီတာ 4mil ထက်နည်းသည်) နှင့် ပလပ်ပေါက်နှင့် ဂဟေဆော်သည့် ပြတင်းပေါက် tangential၊ လမ်းဆုံပန်းကန်သည် ဆီယိုစိမ့်မှုကို ကုသပြီးနောက်တွင် တည်ရှိရန် လွယ်ကူပါသည်။
PCB အထူနှင့် အလင်းဝင်ပေါက်- ပန်းကန်ပြားအထူနှင့် အလင်းဝင်ပေါက်သည် ဆီထုတ်လွှတ်မှု ဒီဂရီနှင့် အချိုးအစားနှင့် အပြုသဘော ဆက်စပ်နေပါသည်။
Parallelic film design- Via-In-Pad PCB သို့မဟုတ် အပေါက်ငယ်သည် pad ကိုဖြတ်သောအခါ၊ parallelic film သည် ယေဘုယျအားဖြင့် ပြတင်းပေါက်အနေအထားရှိ အလင်းပို့လွှတ်မှုအမှတ်ကို ဒီဇိုင်းထုတ်လိမ့်မည် (အပေါက်အတွင်းမှင်ကို ထင်ရှားစေရန်) ""မင်ကိုရှောင်ရန်၊ တီထွင်နေစဉ်အတွင်း pad အတွင်းသို့ စိမ့်ဝင်သွားသော်လည်း light transmittance design သည် exposure ၏အကျိုးသက်ရောက်မှုကိုရရှိရန် သေးငယ်လွန်းပြီး light transmittance point သည် offset ကိုအလွယ်တကူဖြစ်စေရန်အတွက် ကြီးမားလွန်းပါသည်။PAD တွင် အစိမ်းရောင်ဆီများ ထုတ်လုပ်သည်။
ကုသခြင်းအခြေအနေများ- ရုပ်ရှင်သို့ Via-In-Pad PCB ၏ အလင်းဝင်ပေါက်အမှတ်၏ ဒီဇိုင်းသည် အပေါက်ထက် သေးငယ်သင့်သောကြောင့်၊ အပေါက်အတွင်းရှိ မင်၏အစိတ်အပိုင်းသည် အလင်းနှင့်မထိတွေ့သောအခါ အလင်းနှင့်မထိတွေ့သည့်အခါ ရောင်ပြန်ဟပ်သည့်အမှတ်ထက် ပိုကြီးပါသည်။မှင်ကို ဤနေရာတွင် ကုသရန်အတွက် မှင်ကို ကုသရန်အတွက် ယေဘုယျအားဖြင့် reverse exposure သို့မဟုတ် UV တစ်ကြိမ် လိုအပ်ပြီးနောက် မှင်သည် ဓါတ်မတည့်သော ကုသခြင်းမဟုတ်ပေ။သန့်စင်ပြီးနောက် အပေါက်အတွင်းရှိ မှင်များ၏ အပူရှိန်ချဲ့ထွင်ခြင်းကို ကာကွယ်ရန် အပေါက်၏ မျက်နှာပြင်ပေါ်တွင် ကာထားသော ဖလင်အလွှာကို ဖွဲ့စည်းထားသည်။ချက်ပြုတ်ပြီးနောက်၊ နိမ့်သောအပူချိန်အပိုင်း၏အချိန်ပိုကြာလေနှင့်နိမ့်သောအပူချိန်အပိုင်း၏အပူချိန်နိမ့်လေ၊ ဆီထုတ်လွှတ်မှုအချိုးအစားနှင့်ဒီဂရီသေးငယ်လေ;
ပလပ်ထိုးမှင်- မှင်ဖော်မြူလာထုတ်လုပ်သူ အမျိုးမျိုးသော မှင်ဖော်မြူလာ၏ မတူညီသော အရည်အသွေးအကျိုးသက်ရောက်မှုမှာလည်း အချို့သော ခြားနားချက်တစ်ခုရှိသည်။",2.0,3.0,4.0,3.0,1.0,"The text provides technical information about PCB manufacturing, specifically Via-In-Pad processes. It is informative for professionals or students in electronics engineering. The language is natural Burmese, though the content is highly specialized and technical. It suffers from some formatting issues and repetitive phrasing typical of machine-translated technical documentation."
<urn:uuid:243f036a-40f3-4e5e-ab42-372e33edd885>,"ပြည်ဝင်ခွင့်ပိတ်ခံရတဲ့ မစ္စလီနဲ့ ဘီဘီစီ မေးမြန်းခန်း
မြန်မာနိုင်ငံရဲ့ လူ့အခွင့်အရေး အခြေအနေတွေကို လေ့လာပြီး အစီရင်ခံစာ တင်သွင်းဖို့ ကုလသမဂ္ဂ ကနေ အထူးကိုယ်စားလှယ် အဖြစ် ခန့်အပ်ထားတဲ့ ၊ မစ္စ ယန်ဟီးလီးကို မြန်မာ အစိုးရက ပြည်ဝင်ခွင့် ပိတ်လိုက်ပါတယ်။
မစ္စယန်ဟီးလီးဟာ တာဝန် ဝတ္တရားတွေကို ဆောင်ရွက်ရာမှာ ဘက်လိုက်မှု ကင်းပြီး၊ ဓမ္မဓိဌာန် ကျနရမယ် ဆိုတဲ့ အခြေခံမူကနေ သွေဖီ နေတဲ့ အတွက် ကြောင့်လို့ မြန်မာ အစိုးရဘက်က အကြောင်းပြ ပါတယ်။
ရိုဟင်ဂျာတွေ အပေါ် မြန်မာ အာဏာပိုင်တွေ ပြုမူပုံတွေနဲ့ ပတ်သက်ပြီး သူတင်သွင်းတဲ့ အစီရင်ခံစာတွေထဲ အကြီးအကျယ် ဝေဖန်ခဲ့တဲ့ မစ္စယန်ဟီးလီးကို သူ့ရဲ့ လူ့အခွင့်အရေးဆိုင်ရာ အထူးကိုယ်စားလှယ် အဖြစ် ကျန်ရှိနေတဲ့ သက်တမ်းမှာ ဆက်လက် ပူးပေါင်းဆောင်ရွက်တာတွေ မလုပ်တော့ဖို့ မြန်မာ အာဏာပိုင်တွေ ဆုံးဖြတ် လိုက်တာ ဖြစ်ပါတယ်။
လာမယ့် ဇန်နဝါရီလထဲမှာပဲ မြန်မာပြည်ကို နောက်တစ်ကြိမ်လာဖို့ စီစဉ်ထားတဲ့ မစ္စယန်ဟီးလီး အနေနဲ့ အခုလို မြန်မာအစိုးရက ပြည်ဝင်ခွင့် မပေးတော့တဲ့ အပေါ် ဘယ်လို သဘောထား အမြင်တွေ ရှိနေပါသလဲ။ ဘီဘီစီက မစ္စယန်ဟီးလီးကို ဆက်သွယ် မေးမြန်း ထားပါတယ်။
ဘီဘီစီ။ ။ အခု မြန်မာအစိုးရက မစ်ယန်ဟီးလီကို မြန်မာနိုင်ငံကို လာရောက်ခွင့် ပိတ်ပင်လိုက်တာနဲ့ ပတ်သက်ပြီး မြန်မာဘက်က ဘာများပြောကြားခဲ့ပါလဲ။
မစ္စယန်ဟီးလီး။ ။ အစိုးရက ကျမရဲ့ လုပ်ပိုင်ခွင့်တွေ အပေါ် ပူးပေါင်း ဆောင်ရွက်မှု တွေ ဆက်မလုပ်ဖို့ ဆုံးဖြတ် လိုက်ပါတယ်။ သူတို့ဟာ ကျမ နေရာမှာ နောက်တာ၀န်ယူမယ့် သူနဲ့တော့ ပူးပေါင်း ဆောင်ရွက်မှုတွေ လုပ်ပါလိမ့်မယ်။
မြန်မာ အာဏာပိုင်တွေဟာ ကျမရဲ့ ဇူလိုင်လ ခရီးစဉ် အပြီး အစီရင်ခံစာ အပေါ် မကျေမနပ်ဖြစ်ခဲ့တာပါ။ ဒါကလည်း သိပ်ပြီးတော့ အံ့သြစရာတော့ မဟုတ်ပါဘူး။
ကျမခရီးစဉ်အပြီး ပါလီမန် အစည်း အဝေးမှာ သူတို့ က တရားမျှတမှု မရှိဘူး။ ဘက်လိုက်မှု ရှိတယ်ဆိုပြီး ဆုံးဖြတ်ကာ ကျမကို ရှုတ်ချခဲ့တာပါ။ ပြီးခဲ့တဲ့ သီတင်းပတ် နှစ်ပတ်ကပဲ မြန်မာနိုင်ငံရဲ့ ကုလသမဂ္ဂ ဆိုင်ရာ ကိုယ်စားလှယ်က မြန်မာနိုင်ငံဟာ ကုလသမဂ္ဂ နဲ့ ပူးပေါင်း ဆောင်ရွက်မှုတွေ ဆက်လုပ်နေကြောင်း ပြောခဲ့ပါသေးတယ်။
ဘီဘီစီ။ ။ အခုလို မစ္စယန်ဟီလီကို ပိတ်ပင် လိုက်တဲ့ ဒီဆုံးဖြတ်ချက်ကို မြန်မာဘက်က ဘယ်သူက တာဝန်ယူ ချမှတ်တယ်လို့ ထင်လဲဗျ။
မစ္စယန်ဟီးလီး။ ။ ကျမ အနေနဲ့ကတော့ မြန်မာအစိုးရပေါ့။ အစိုးရ ခေါင်းဆောင်ပိုင်းပေါ့။ မြန်မာ နိုင်ငံမှာ က အစိုးရ ၂ မျိုး ရှိနေတယ်လို့ မြင်ရတယ်။ စစ်တပ်ရယ် အရပ်သား အစိုးရရယ်။ စစ်တပ်က အဓိက အားဖြင့် လုံခြုံရေး အပိုင်းတွေမှာ အာဏာယူထား တုန်းပါ။
ရခိုင်ဒေသဆိုရင် စစ်တပ်က လုံခြုံရေး အထူးမြှင့်ထားတဲ့ နေရာပေါ့။ နောက်ပြီး စစ်တပ်က ကျမနဲ့ ပူးပေါင်း ဆောင်ရွက်မှုတွေ မလုပ်ချင်ကြဘူး။ ဒါပေမယ့် ရခိုင်ဒေသ တခုတည်း မြန်မာ နိုင်ငံမှာ အခြေအနေ မတည်မငြိမ ဖြစ်နေတာ ဟုတ်ပါဘူး။ နိုင်ငံမြောက်ပိုင်းက ကချင်ဒေသနဲ့ ရှမ်းမြောင်ပိုင်းမှာလည်း တိုက်ပွဲတွေ တိုးလာနေပြီး၊ နိုင်ငံတွင်း ထွက်ပြေား တိမ်းရှောင်နေသူတွေ များလာနေတယ်။
ဘီဘီစီ။ ။ ဒေါ်အောင်ဆန်းစုကြည်အနေနဲ့ အခု ဆုံးဖြတ်ချက် အပေါ် ပြန်ပီး စဉ်းစားဆောင်ရွက်တာမျိုး လုပ်စေချင်သလား။ ခင်ဗျာအနေနဲ့ မြန်မာနိုင်ငံကို ပြန်သွားပြီး လုပ်ငန်းတွေ ဆောင်ရွက်လို့ ရအောင်ပေါ့။
မစ္စယန်ဟီးလီး။ ။ ဟုတ်ကဲ့။ အဲလို လုပ်ပေးဖို့ ရိုးသားစွာ မျှော်လင့် ပါတယ်။ ကျမ ခရီးစဉ်အတွက် အစိုးရ အနေနဲ့ ပြန်စဉ်းစားပေးဖို့ကိုပါ။ မြန်မာ နိုင်ငံဟာ စစ်အစိုးရ အုပ်ချုပ်မှု အောက်မှာ နှစ်ပေါင်းများစွာ ဖိနှိပ်မှုတွေနဲ့ နေခဲ့ရပြီး အခုမှ ရောင်ခြည်သန်းတဲ့ အချိန်၊ လွတ်လပ်ခွင့်တွေရှိတဲ့ ဒီမိုကရေစီ နိုင်ငံဖြစ်ဖို့ မြန်မာ ပြည်သူတွေရော နိုင်ငံတကာ ကပါမျှော်လင့်ချက် အများကြီး ရှိလာနေတဲ့ အချိန်ပါ။
အခု ဆုံးဖြတ်ချက်က လူ့အခွင့် အရေး စောင့်ကြည့်တာတွေကို ပိတ်ချ ပစ်လိုက် တာပဲ။ ကုလသမဂ္ဂ လူခွင့် အရေး ကောင်စီ ကနေ ဖွဲ့ပေးထားတဲ့ အချက် အလက် ရှာဖွေရေးအဖွဲ့ ကိုလည်း ခုအချိန် အထိ လက်မခံသေးသလို၊ ကုလသမဂ္ဂရဲ့ ဆုံးဖြတ်ချက်ကို မြန်မာ အစိုးရက အပြင်း အထန်ကို ကန့်ကွက် ဆန့်ကျင် ခဲ့တာပါ။ အခုဆုံးဖြတ်ချက်ကိုတော့ ကျမအနေနဲ့ အရမ်းကို စိတ်ပျက်ပြီး၊ အရမ်းလည်း စိတ်မကောင်း ဖြစ်မိပါတယ်။",3.0,3.0,3.0,5.0,4.0,"The text is a well-structured, professional interview transcript regarding international relations and human rights in Myanmar. It provides clear, coherent information suitable for educational purposes. The reasoning is logical, reflecting a balanced journalistic approach. It uses natural, authentic Burmese phrasing and terminology, accurately capturing the political context of the time."
<urn:uuid:42729087-c18c-489d-bbd0-d9e5c7badbdf>,"ဝါတွင်းကာလဟာ ကျွန်ုပ်တို့ နှလုံးသားနဲ့ လုပ်ဆောင်မှုတွေမှာ အမျိုးမျိုးသော ရုပ်ဝါဒကိုးကွယ်မှုများမှ ဖယ်ရှားပစ်ဘို့ ပုပ်ဖရန်စစ်မြွက်ကြား
၀ါတွင်းကာလ တတိယ အပတ်တနင်္ဂနွေနေ့ မှာ ပုပ်ရဟန်းမင်းကြီးဖရန်စစ် အရှင်သူမြတ်က အခုလိုမြွက်ကြားခဲ့ပါတယ်။ ဒီနေ့ ကျမ်းစာရဲ့ ထောက်ရှုချက်အရ ကုန်သွယ်ဖောက်ကား သူတွေနဲ့  ငွေကြေးအလဲအလှယ်လုပ်နေသူတွေကို သခင်ယေဇူးက ဗိမာန်တော်ထဲကနေ နှင်ထုတ်တဲ့ အကြောင်း မှာ ပုဂ္ဂိုလ်ရေးရာ အကျိုး အမြတ်အတွက် မျှော်ကိုးနေထိုင်ကြဘို့ မဟုတ်ပဲ ချစ်ခြင်းမေတ္တာဖြစ်တဲ့ ဘုရားရှင်ရဲ့ ဘုန်းတန်ခိုးအတွက် ရှင်သန်နေထိုင်ကြဘို့  သတင်းကောင်းပါဝင်ပါတယ်လို့ စိန်ပီတာရင်ပြင်တော်မှာ ကမ္ဘာတလွှားက ဘုရားဖူးခရီးသည်များကို ပြောကြားလိုက်ပါတယ်။ သခင်ယေဇူးရဲ့ လုပ်ရပ်ဟာ မိမိတို့ ရဲ့ ကိုယ်ကျိုးစီးပွား ကို ခြောက်တွန်းခံရတယ်လို့ ခံစားရတဲ့ ဘာသာရေး ဆိုင်ရာ အာဏာရှိသူတွေရဲ့ ဒေါသကို နှိုးဆွလိုက်ပြီး ဒီလုပ်ရပ်အတွက် ဘယ်လို အမှတ်လက္ခဏာပြနိုင်သလဲလို့  ဂျူးတွေက သခင်ယေဇူးကို မေးခွန်းထုတ်ခဲ့တာကို တွေ့ ရပါလိမ့်မယ်။ ဒီဗိမာန်တော်ကို ဖျက်ဆီးလိုက်ပါ။ ၃ ရက်အတွင်း မှာပြန်လည် တည်ဆောက်မယ် ဆိုတဲ့ သခင်ယေဇူးရဲ့ စကားဟာ သူ့ ခန္ဓာတော် ကို ရည်ညွှန်းပြီး မေတ္တာတရားရဲ့ ကြည်ညိုသဒ္ဒါ ၀တ်ပြုမှု အသက်ပေးတဲ့ အသစ်သော ကိုးကွယ်ဆည်းကပ်မှုနဲ့  သူကိုယ်တိုင်က ဗိမာန်တော်ဖြစ်ပါတယ်။ ဒီကနေ့ မှာ ကျွန်ုပ်တို့ ဟာ ဘုရားရှင်ကိန်းအောင်း တဲ့ ၀ိညာဉ် အန္တရာယ်ချောက်ကမ်းပါးထဲ မကျရောက်ဘို့ ရှောင်ရှားတဲ့အခါ၊ ဈေးသည် အရပ်လို အကျိုးစီးပွားရှိဘို့ သာ ရှာကြံမျှော်ကိုး နေကြသူတွေ အဖြစ်နဲ့ မဟုတ်ပဲ၊ ရက်ရောမှုနဲ့ ဖေးမကူညီမှုတို့ က ကူညီပါလိမ့်မယ်။ ဒီသွန်သင်ချက်ဟာ ဘာသာ သာသနာအတွင်းက လူများသာမဟုတ်ပဲ ပုဂ္ဂိုလ်တစ်ဦးချင်းစီနဲ့  အရပ်ဖက် အဖွဲ့ အစည်း တွေ အားလုံးအတွက် လည်း အမြဲ သင့်တင့်လျောက်ပတ်ပါတယ်။ အမှန်တကယ်ပဲ ကရုဏာရေးလုပ်ငန်းကို ဗန်းပြပြီး မိမိတို့ ရဲ့ ကိုယ်ပိုင် အကျိုးအမြတ် ရလဒ်အတွက် လိုအပ်သလို စီမံလှုပ်ရှားနေကြတာဟာ လုပ်ရိုးလုပ်စဉ် တစ်ခုညဖြစ်လို့ နေပါပြီ။ ဒါဟာ အန္တရာယ်တွင်းထဲ သက်ဆင်း နေတာပါပဲ။ အထူးသဖြင့် ဘုရားကိုယ်တိုင်က သူ့ ကို အရိုအသေ ပေးဝတ်ပြု ကိုးကွယ်ဘို့ သူ့ ရဲ့ ရွှေပုံသဏ္ဍာန် နဲ့ ထပ်တူ ဖန်ဆင်းခံထားရတဲ့ သူတွေဟာ ခေါင်းပုံဖြတ် ခံနေရတာ ဖြစ်ပါတယ်။ ဒီဝါတွင်းကာလမှာ ကျွန်ုပ်တို့ ရဲ့ ဘ၀ အရှင်သခင် အဖြစ် အသိအမှတ်ပြုနိုင်ဘို့  ရုပ်ဝါဒ ကိုးကွယ်မှုတွေကို ကျွန်ုပ်တို့ နှလုံးသားနဲ့ လုပ်ဆောင်မှုများမှ ဖယ်ရှားပစ်နိုင်ဘို့ ကျွန်ုပ်တို့ ကူညီမစပါလို့ ဆုတောင်းရင်း အရှင်သူမြတ် ပုပ်ဖရန်စစ်က ၄င်းရဲ့ သြ၀ါဒကို အဆုံးသတ်ခဲ့တာဖြစ်ပါကြောင်း ဗာတီကန် သတင်းအရ သိရှိရပါတယ်။
RVA-Myanmar/ Vatican News
Sr.Perpetua Nyein Nyein Loo, SJA (Cyprus)",3.0,3.0,3.0,4.0,4.0,"The text provides a clear, coherent summary of a religious sermon by Pope Francis, suitable for educational reflection. It uses logical progression to explain the theological message. The language is natural and culturally appropriate for the Burmese Catholic community, though it contains some minor formatting artifacts typical of news wire translations."
<urn:uuid:b85ba8bf-0761-4a63-88f1-226ba5966aec>,"အယ်လ် (အက္ခရာ)
|အခြေခံ လက်တင်အက္ခရာ|
|Aa||Bb||Cc||Dd|
|Ee||Ff||Gg||Hh|
|Ii||Jj||Kk||Ll||Mm||Nn|
|Oo||Pp||Rr||Ss||Tt|
|Uu||Vv||Ww||Xx||Yy||Zz|
L သည် လက်တင်ဘာသာ၊ အင်္ဂလိပ်အက္ခရာစဉ်တွင် ၁၂လုံးမြောက် အက္ခရာဖြစ်၍ (/ˈɛl/; named el, rarely ell)ဟု အသံထွက်ပါသည်။
သမိုင်း[ပြင်ဆင်ရန်]
အောက်ပါ ဇယားသည် ဤသင်္ကေတ ဆင်းသက်လာပုံဖြစ်သည်။
|အီဂျစ်အရုပ်စာသင်္ကေတ
||Proto-Semitic


lamd
|Phoenician


lamedhh
|ဩပ်ရုစကမ်


L
|ဂရိ


lambda


အသံထွက်ကိစ္စ[ပြင်ဆင်ရန်]
L တွင် အကြောင်းအချို့ရှိပြီး ၎င်းတို့မှာ သရအက္ခရာပြီးမှ သို့မဟုတ် သရအက္ခရာ မတိုင်ခင် ၎င်းတို့ ဖြစ်ပွားမှု ပေါ်မူတည်သည်။ သင့်တင့်ဘေးတိုက်သွားရင်းဗျည်း(ထိုအသံကို အိုင်ပီအေ က အသုံးပြုပြီး [l]အက္ခရာအသေးကို ကိုယ်စားပြုဖော်ပြသည်။) သည် lip(နှုတ်ခမ်း)၊ နှင့် please(ကျေးဇူးပြုပါ)ကဲ့သို့သော စကားလုံးများတွင် သရက္ခရာတစ်ခုမတိုင်ခင် ဖြစ်ပွားပြီး အာခေါင်ပျော့ သင့်တင့်ဘေးတိုက်သွားရင်းဗျည်းသည် bell နှင့် milk ကဲ့သို့သောစကားလုံးများတွင် မူကား သရအက္ခရာပြီးမှ ဖြစ်ပေါ်သည်။ ထို့ပြင် ဂျပန်လူမျိုးများနှင့် အချို့သော တောင်ပိုင်းသား ဒေသိယစကားပြောသော တရုတ်လူမျိုးများအတွက် L သည် ကြီးမားသော ဘာသာစကား အရေအသွေးကွဲပြားမှု သို့မဟုတ် ကင်းမဲ့မှု တို့ကြောင့် L သည် ခက်ခဲ့သော အသံထွက်မှုကို ပြုလုပ်သည့်အကြောင်းအရင်းတစ်ခုလည်းဖြစ်သော်လည်း အာခေါင်ပျော့ဒုတိယသံ ပြုလုပ်ခြင်းသည် L အသုံးပြုသော ဥရောပ ဘာသာစကားများတွင် မဖြစ်ပွားချေ။
အင်္ဂလိပ်ဘာသာရှိ မည်သည့် ရုန်းပွင်သံ၊ ပွတ်တိုက်ဗျည်းသံ၊ နှင့် ၎င်းတို့နှစ်ခုပေါင်းထားသော ရုန်းပွင့်ပွတ်တိုက်ဗျည်း မတိုင်မီတွင် L ဖြစ်ပွားနိုင်သည်။ အင်္ဂလိပ်ဘာသာတွင် သာမန်တစ်သံတည်းထွက်အောင် တွဲထားသော အက္ခရာတစ်ခုတွင် LL ပါဝင်သည်။ ထိုအက္ခရာသည် L ၏အသံတန်ဖိုး ပါဝင်သည်ကိုတွေ့ရသည်။ သို့သော် ထို Lသည် အသံမဲ့ သင့်တင် ဘေးတိုက်သွားရင်ဗျည်းသံအဖြစ် ဝေးလ်ချ်ဘာသာတွင် ခွဲခြားထားပြီး အစအနေအထား နေရာတွင် ပြသနိုင်သည်ကို တွေ့ရသည်။
သင့်တင့်ဘေးတိုက်အာခေါင်းရင်းသံ သို့မဟုတ် ပလတယ်ကို ဘာသာစကား အတော်များများတွင် ဖြစ်ပေါ်သည် တွေ့ရပြီး အီတာလျံဘာသာတွင် GL၊ ပြင်သစ်ဘာသာနှင့် ကာတလန်ဘာသာတွင် LL အဖြစ်လည်းကောင်း၊ ပေါ်တူဂီနိုင်ငံတွင် LH အဖြစ်လည်းကောင်း၊ Ļ အဖြစ် လတ်ဗီယန်နိုင်ငံကလည်းကောင်း ကိုယ်စားပြု ဖော်ပြကြလေသည်။ အင်္ဂလိပ်ဘာသာတွင်၊ walk သို့မဟုတ် could ကဲ့သို့သော စကားစုများ(၎င်း၏မျက်မှောက်ကာလတွင် အခြားစာလုံးများ၏အသံများ ကိုလည်း ပြုပြင်မွမ်းမံသည်။ ဥပမာ-wakသည် back ကဲ့သို့ အသံထွက်ပိုမိုနီးစပ်စွာ အသံထွက်သည်။)တွင် L သံ ပျောက်နေတတ်သည် သို့မဟုတ် မထွက်ချေ။
အသုံးပြုမှုများ[ပြင်ဆင်ရန်]
ကွန်ပျူတာတွင် L သည် (1)နှင့် တစ်ခါတရံ မှားယွင်းတတ်ပါသည်။ ၎င်း၏ ကွန်ပျူတာ ကုဒ်အမှတ်မှာ U+2113 ဖြစ်သည်။ တစ်ခါတရံတွင် L အား လက်ရေးဖြင့် ℓ အဖြစ် ရေးသား၍ သင်္ချာဘာသာရပ်တွင် အသုံးပြုသည်ကို တွေ့ရသည်။ ASCII ကုဒ်အတွက် အက္ခရာအကြီးအား ၇၆ အဖြစ်ထား၍ အက္ခရာအငယ်အား ၁၀၈ အဖြစ်ထားရှိသည်။
|NATO phonetic||မောရ်စ်၏ သင်္ကေတ|
|Lima|
|အချက်ပြအလံ||Flag semaphore||မျက်မမြင် သင်္ကေတ|",3.0,2.0,3.0,2.0,1.0,"The document provides educational information about the letter 'L', including history and phonetics. It is structured like a Wikipedia entry, containing some boilerplate and formatting artifacts. The reasoning is basic, explaining phonetic variations. It is written in Burmese but relies heavily on translating technical linguistic concepts, making it less culturally nuanced."
<urn:uuid:c5c3b45b-f179-4d04-93e3-dcc297355513>,"စက်တင်ဘာလ ၁၁ ရက်နေ့ က လစ်ဗျားနိုင်ငံရှိ အမေရိကန် ကောင်စစ်ဝန်ရုံး တိုက်ခိုက်ခံရမှုကို သမ္မတအိုဘားမားအစိုးရ ရဲ့ ကနဦးဖော်ပြချက်နဲ့ ပါတ်သက်ပြီး စီအိုင်အေ အကြီးအကဲဟောင်း David Petraeus ကို အောက်လွှတ်တော် နဲ့ ဆီးနိတ်လွှတ်တော်ကော်မတီ တို့က စစ်ဆေးခဲ့ကြပါတယ်။
ဒီဘန်ဂါဇီ (Benghazi) တိုက်ခိုက်မှုမှာ အကြမ်းဖက်သမားတွေ ပါဝင်တယ်ဆိုတာ သူအစကတည်းက ယူဆခဲ့ကြောင်း Petraeus က ထွက်ဆိုခဲ့တယ်လို့ ထောက်လှမ်းရေးကော်မတီဝင် အမတ်တွေက ဆိုပါတယ်။ ဒါပေမယ့် Petraeus အနေနဲ့ အဲ့ဒီအဖြစ်အပျက်ကို ပထမဦးဆုံး ဘယ်လို ဖော်ပြခဲ့သလဲ ဆိုတာကို မေးမြန်းခဲ့တယ်လို့ နိုင်ငံတော်လုံခြုံရေး ကော်မတီဥက္ကဌ Peter King ကဆိုပါတယ်။
တိုက်ခိုက်ခံရပြီးမကြာခင် ဒါဟာအကြမ်းဖက်သမားတွေရဲ့ လက်ချက်ဖြစ်ကြောင်း Petraeus က ပြောတယ် ဆိုတာ သူမမှတ်မိဘူးလို့လည်း မစ္စတာ King ကဆိုပါတယ်။ သမ္မတအိုဘားမားအစိုးရ အနေနဲ့ နိုဝင်ဘာ ၆ရက် ရွေးကောက်ပွဲမတိုင်ခင် ကသိကအောက် မဖြစ်စေချင်လို့ အဖြစ်မှန်ကို ဖုန်းကွယ်ထားခဲ့သလားဆိုပြီးတော့ မေးခွန်းထုတ်နေကြတာ ဖြစ်ပါတယ်။
ဒီဘန်ဂါဇီ (Benghazi) တိုက်ခိုက်မှုမှာ အကြမ်းဖက်သမားတွေ ပါဝင်တယ်ဆိုတာ သူအစကတည်းက ယူဆခဲ့ကြောင်း Petraeus က ထွက်ဆိုခဲ့တယ်လို့ ထောက်လှမ်းရေးကော်မတီဝင် အမတ်တွေက ဆိုပါတယ်။ ဒါပေမယ့် Petraeus အနေနဲ့ အဲ့ဒီအဖြစ်အပျက်ကို ပထမဦးဆုံး ဘယ်လို ဖော်ပြခဲ့သလဲ ဆိုတာကို မေးမြန်းခဲ့တယ်လို့ နိုင်ငံတော်လုံခြုံရေး ကော်မတီဥက္ကဌ Peter King ကဆိုပါတယ်။
တိုက်ခိုက်ခံရပြီးမကြာခင် ဒါဟာအကြမ်းဖက်သမားတွေရဲ့ လက်ချက်ဖြစ်ကြောင်း Petraeus က ပြောတယ် ဆိုတာ သူမမှတ်မိဘူးလို့လည်း မစ္စတာ King ကဆိုပါတယ်။ သမ္မတအိုဘားမားအစိုးရ အနေနဲ့ နိုဝင်ဘာ ၆ရက် ရွေးကောက်ပွဲမတိုင်ခင် ကသိကအောက် မဖြစ်စေချင်လို့ အဖြစ်မှန်ကို ဖုန်းကွယ်ထားခဲ့သလားဆိုပြီးတော့ မေးခွန်းထုတ်နေကြတာ ဖြစ်ပါတယ်။",2.0,2.0,3.0,2.0,3.0,"The text provides a factual summary of a political event, suitable for general knowledge. It contains repetitive paragraphs, which lowers the cleanliness score. The language is natural Burmese, reflecting standard journalistic reporting, though the content is a translation of international news rather than a local cultural artifact."
<urn:uuid:24dd12c4-f34f-4422-93d6-cb49d086dc1b>,"တမ်းပလိတ်:နိုင်ငံ စာရင်းအင်း ကွန်ဂိုဒီမိုကရက်တစ်သမ္မတနိုင်ငံ
Template:နိုင်ငံ စာရင်းအင်း ကွန်ဂိုဒီမိုကရက်တစ်သမ္မတနိုင်ငံ is an internal data container not intended to be transcluded directly. It is used indirectly by templates such as
flag,
flagicon, and others.
Standard parameters
|ပါရာမီတာ အမည်||Value||အဓိပ္ပါယ်|
|
||အဓိက ဆောင်းပါးအမည် (ကွန်ဂိုဒီမိုကရက်တစ်သမ္မတနိုင်ငံ)|
|
||
||(optional) အကယ်၍
|
|
||
||ပုံအမည် (File:Flag of the Democratic Republic of the Congo.svg၊ ညာဖက်တွင် ပြထားသည်။)|
အလံအမျိုးအစားကွဲများ
ပြန်ညွှန်းအမည်ပွားများဤတမ်းပလိတ်ကို အမည်ပွား alias မှတဆင့်လည်း အသုံးပြုနိုင်သည်။:
|Alias name|
|ကွန်ဂိုဒီမိုကရက်တစ်သမ္မတ||ကွန်ဂိုဒီမိုကရက်တစ်သမ္မတ|
|ကွန်ဂိုဒီမိုကရက်တစ်သမ္မတ||ကွန်ဂိုဒီမိုကရက်တစ်သမ္မတ|
|ကွန်ဂိုဒီမိုကရက်တစ်သမ္မတ||ကွန်ဂိုဒီမိုကရက်တစ်သမ္မတ|
|ကွန်ဂိုဒီမိုကရက်တစ်သမ္မတ||ကွန်ဂိုဒီမိုကရက်တစ်သမ္မတ|
ပြန်ညွှန်းစာရင်း အပြည့်အစုံအတွက် ဘယ်ကလင့်ခ်ထားလဲ ကို ကြည့်ပါ။
အသုံးပြုပုံ နမူနာ
{{flag|ကွန်ဂိုဒီမိုကရက်တစ်သမ္မတနိုင်ငံ}}→ ကွန်ဂိုဒီမိုကရက်တစ်သမ္မတ
{{flagicon|ကွန်ဂိုဒီမိုကရက်တစ်သမ္မတနိုင်ငံ}}→
{{flagcountry|ကွန်ဂိုဒီမိုကရက်တစ်သမ္မတနိုင်ငံ}}→ ကွန်ဂိုဒီမိုကရက်တစ်သမ္မတ
အလံကွဲများ အသုံးပြုခြင်း
{{flag|ကွန်ဂိုဒီမိုကရက်တစ်သမ္မတနိုင်ငံ|1960}}→ ကွန်ဂိုဒီမိုကရက်တစ်သမ္မတ
{{flagicon|ကွန်ဂိုဒီမိုကရက်တစ်သမ္မတနိုင်ငံ|1960}}→
ပြန်ညွှန်း အမည်ပွား အသုံးပြုခြင်း
{{flagicon|COD}}→
{{flagcountry|COD}}→ ကွန်ဂိုဒီမိုကရက်တစ်သမ္မတ
{{flag|COD}}→ ကွန်ဂိုဒီမိုကရက်တစ်သမ္မတ
ဆက်စပ် တမ်းပလိတ်များ
အောက်ပါ ဆက်စပ်
country_data တမ်းပလိတ်များကို ကြည့်ပါ။:
- Template:နိုင်ငံ စာရင်းအင်း Zaireတမ်းပလိတ်:နိုင်ငံ စာရင်းအင်း Zaire
- Template:နိုင်ငံ စာရင်းအင်း Belgian Congoတမ်းပလိတ်:နိုင်ငံ စာရင်းအင်း Belgian Congo
- Template:နိုင်ငံ စာရင်းအင်း Congo Free Stateတမ်းပလိတ်:နိုင်ငံ စာရင်းအင်း Congo Free State
တမ်းပလိတ် အချက်အလက်များ
နိုင်ငံ စာရင်းအင်း ကွန်ဂိုဒီမိုကရက်တစ်သမ္မတနိုင်ငံ
ဤတမ်းပလိတ်သည် တိုက်ရိုက်အသုံးပြုရန် မဟုတ်ပါ။ အလံတမ်းပလိတ်များဖြစ်သော Template:Flag, Template:Flagicon စသည်တို့မှ ဆွဲယူအသုံးပြုရန် ဖြစ်သည်။
|ပါရာမီတာ||ဖော်ပြချက်||အမျိုးအစား||အခြေအနေ|
|No parameters specified|
|ဤသည်မှာ Template:နိုင်ငံ စာရင်းအင်း ကွန်ဂိုဒီမိုကရက်တစ်သမ္မတနိုင်ငံ ၏ တမ်းပလိတ် အသုံးပြုနည်း လက်စွဲစာတမ်း ဖြစ်သည်။ ယင်းကို Template:Country showdata မှ အလိုအလျောက် တွက်ထုတ်ပေးထားခြင်း ဖြစ်သည်။|
ဤတမ်းပလိတ်ကို ပြင်ဆင်မှု ပြုလုပ်ပြီးတိုင်း ကျေးဇူးပြု၍ ။
ကဏ္ဍများကို တမ်းပလိတ်၏ /doc စာမျက်နှာခွဲတွင် ထည့်သွင်းပါ။",1.0,1.0,3.0,1.0,1.0,"The document is a technical template documentation page from Wikipedia. It provides instructions for editors on how to use data templates for flags. It lacks educational narrative, complex reasoning, or deep cultural nuance, and contains significant boilerplate and structural noise typical of machine-generated wiki documentation."
<urn:uuid:52b057ec-459c-4c38-83eb-2e3c868a9f9e>,"မော်တော်ယာဉ်ဥပဒေပါ ပြဌာန်းချက်များအားပြန်လည်ပြင်ဆင်သွားရန် MAMDA (Myanmar Automobile Manufacturers And Distributors Association) အဖွဲ့မှတင်ပြထား
ထိုသို့ မော်တော်ယာဉ် ဥပဒေပါ ပြဌာန်းချက်များကို ပြင်ဆင်ရာတွင် အခန်း ၆ မှာပါဝင်သည့် မော်တော်ယာဉ်တင်သွင်းထုတ်လုပ်ဖြန့်ဖြူးရောင်းချခြင်းအချက်များ အခန်း ၁၃ တွင် ပါဝင်သည့် လက်ယာကပ်မောင်းစနစ်နှင့် ကိုက်ညီသည့် ဘယ်မောင်းယာဉ်များတွင်သွင်းရန် အချက်ကို အချိန်ကာလ တစ်ခုသတ်မှတ်ပေးရန်တင်ပြတောင်းဆိုထားကြောင်းသိရသည်။
မော်တော်ယာဉ်ဥပဒေကို ၂၀၁၅ ခုနှစ် စက်တင်ဘာလကတည်းက ပြည်ထောင်စုလွှတ်တော်မှ တရားဝင်အတည်ပြုထုတ်ပြန်ခဲ့ပြီး နောက်ထပ် နည်းဥပဒေထွက်ရှိရန်မှာလည်းကြားမြင့်နေပြီဖြစ်ရာ ယခုအခါမော်တော်ယာဉ်ဥပဒေကိုပြင်ဆင်နိုင်ရန်အတွက် ဆွေးနွေးလျှက်ရှိကြောင်းသိရသည်။
Latest News
သွင်းကုန်လိုင်စင်ဖော်ပြချက်၊သွင်းကုန်ကြေငြာလွှာတွင်ဖော်ပြထားသည့်အမျိူးအစား နှင့် မျက်မြင်စစ်ဆေးခြင်း ကွဲလွဲတာကို Type လွဲ...Read more »
ထရပ်နှင့် လိုက်ထရပ်ကားများ လက်ကျန်အင်ဂျင်များကို စက်မှူဇုန် အဖြစ်ထုတ်လုပ်မည်ဖြစ်ရာ ရန်ကုန်လိုင်စင်ဖြင့်...Read more »
Brand name ကွဲလွဲသည့် Original Equipment manufacture (OEM) စနစ်ဖြင့် တင်သွင်းသောကားများကို မတ်လ ၁၁ ရက်နေ့မှစ၍ သိမ်းဆည်း...Read more »
၂၀၁၄ မော်ဒယ်ဖြင့်တင်သွင်းထားသည့်ကားများကို စလစ်မကပ်ဘဲ ကနဦးမှတ်ပုံတင်ပြုလုပ်ပေးရန် တင်ပြတောင်းဆိုထားရှိတယ်လို့...Read more »",2.0,1.0,3.0,2.0,4.0,"The text provides factual information about automotive regulations in Myanmar, relevant to industry stakeholders. It lacks deep reasoning or educational structure. It contains some boilerplate 'Read more' links and fragmented news snippets, but the core content is written in natural, professional Burmese, reflecting local regulatory and industry context."
<urn:uuid:ee597e78-ee16-4e0e-9cc5-d6eb3ff3e5d2>,"ဝ ပြည် သွေးစည်း ညီညွတ်ရေး တပ်မတော်က (UWSA) ကို စစ်လက်နက် ပစ္စည်းများ ရောင်းချ ပေးခဲ့သည်ဆိုသော စွပ်စွဲချက်များ မဟုတ်မမှန်ကြောင်း မြန်မာနိုင်ငံအခြေစိုက် တရုတ်သံရုံးက ငြင်းဆိုသည်။
တနင်္ဂနွေနေ့က ထုတ်ပြန်သော ကြေညာချက်တွင် တရုတ်တို့အနေဖြင့် မြန်မာစစ်တပ်ကိုသာမက ကချင်၊ ရှမ်းနှင့် ဝ တပ်ဖွဲ့များသို့လည်း လက်နက်ရောင်းချနေသည်ဟူသော စွပ်စွဲပြောဆိုချက်များသည် “အခြေအမြစ်မရှိ” ဟု ရေးသားထားသည်။
ယင်းထုတ်ပြန်ကြေညာချက်သည် ယမန်နှစ် နှစ်လည်ပိုင်းက တရုတ်လုပ် PTL02 ဘီးတပ်တင့်ကားများ UWSA က ရရှိခဲ့ကြောင်း ဒီဇင်ဘာလအတွင်း ထုတ်ဝေခဲ့သော စစ်ဘက်ရေးရာ မဂ္ဂဇင်း “ဂျိန်းစ် ထောက်လှမ်းရေး အစီရင်ခံစာ” Jane’s Intelligence Review ၏ သတင်းရေးသားချက်ကို ရည်ညွှန်းခြင်းဖြစ်သည်။ ဂျိန်းစ်၏ သတင်းပေးပို့ချက်တွင် ယင်းလက်နက်ပစ္စည်းများကို တရားဝင် မဟုတ်သော တဆင့်ခံ ဈေးကွက်မှ ရောင်းဝယ်ခဲ့ခြင်းဟု ဆိုသည်။
တရုတ်သံရုံး၏ ထုတ်ပြန်ကြေညာချက်တွင်မူ “တရုတ် အစိုးရအနေဖြင့် မြန်မာနိုင်ငံ၏ နယ်မြေပိုင်ဆိုင်မှုနှင့် အချုပ်အခြာ အာဏာကို လေးစားအသိအမှတ်ပြုသည့် ရှင်းလင်းပြီး တသမတ်တည်းဖြစ်သော မူဝါဒကို လက်ကိုင်ထား” ပါကြောင်းနှင့် ဂျိန်းစ်၏ သတင်းသည် “မြန်မာလူထုနှင့် ကျယ်ပြန့်သော ပရိဿတ်များအတွက် မှားယွင်းစွာ နားလည်လက်ခံခြင်းနှင့် ရှုတ်ထွေးခြင်းတို့ကို ဖြစ်စေနိုင်သည်” ဟု တုန့်ပြန်ရေးသားထားသည်။
ယခု အငြင်းပွားမှုမှာ တရုတ်-မြန်မာ နယ်စပ်တွင် ကချင်လွတ်လပ်ရေးတပ် (KIA) နှင့် မြန်မာတပ်များ အပြန်အလှန် တိုက်ခိုက်မှုများ ဖြစ်ပွားချိန်နှင့်လည်း တိုက်ဆိုင်နေပြီး နှစ်ဘက်စလုံးကလည်း တရုတ်လုပ် စစ်လက်နက်ပစ္စည်းများ တစိတ်တပိုင်း သုံးစွဲနေသည်။
UWSA နှင့် နီးစပ်သူများကလည်း အကယ်၍ KIA ဌာနချုပ် ကျပြီးလျှင် မြန်မာစစ်တပ်အနေဖြင့် “ဝ” တပ်များထံ မြှားဦးလှည့်လာမည်ကို စိုးရိမ်ကြောင်း ပြောကြသည်။
ပြီးခဲ့သည့်အပတ် သောင်္ကြာနေ့တွင် ပြုလုပ်သော ပုံမှန်သတင်းစာ ရှင်းလင်းပွဲတွင် တရုတ်နိုင်ငံခြားရေးဝန်ကြီးဌာန ပြောရေးဆိုခွင့်ရှိသူက တရုတ်က KIA ကို လက်နက် မထောက်ပံ့ကြောင်း ပြောဆိုသည်။
“တရုတ်ဘက်က ကြားဝင်ညှိနှိုင်းပေးတာ၊ စကားဝိုင်းတွေကို ကမကထ လုပ်ပေးတာတွေနဲ့ မြန်မာပြည် မြောက်ပိုင်းက ပဋိပက္ခကို အပြုသဘော ပါဝင်ဆောင်ရွက်ပါတယ်” ဟု မစ္စတာ ဟုံလီက ပြောဆိုခဲ့သည်။
ဇန်နဝါရီ ၁၈ ရက်ကလည်း တရုတ်အထူးသံ ဖူယင်းနှင့် တရုတ်စစ်တပ် ကိုယ်စားလှယ် တဖွဲ့ သမ္မတ ဦးသိန်းစိန်နှင့် ရန်ကုန်တွင် တွေ့ဆုံပြီး ကချင်ပဋိပက္ခအကြောင်း ပြောဆိုကြသော်လည်း အဖြေရှာမရခဲ့ကြပေ။",2.0,2.0,3.0,5.0,4.0,"The text is a journalistic report on geopolitical tensions and arms allegations. It provides factual context about regional conflicts and diplomatic stances. It is well-structured, uses natural Burmese, and requires a basic understanding of current affairs, making it informative but not strictly educational or highly complex."
<urn:uuid:6397a567-b1a7-44f4-942c-90ad8fd2bf19>,"မြန်မာနိုင်ငံ ရဲတပ်ဖွဲ့
မြန်မာနိုင်ငံ ရဲတပ်ဖွဲ့ ရဲချုပ် မှာ ဇော်ဝင်း ဖြစ်သည်။ဒုတိယရဲချုပ်မှာ ရဲမှူးချုပ်ဇော်ဝင်း ဖြစ်ပြီး လက်အောက်ခံတပ်ဖွဲ့နှင့် အကြီးအကဲများမှာ- ရဲဦးစီးအရာရှိချုပ် ရဲမှူးချုပ် ခင်မောင်စီ၊ ရဲရေးချုပ် ရဲမှူးချုပ် စိုးဝင်းမြင့်၊ ရဲထောက်ချုပ် ရဲမှူးချုပ်ဝင်းစိုး၊ ရဲတပ်ရင်းများကွပ်ကဲရေးမှူး ရဲမှူးချုပ်သန်းဟန် သတင်းတပ်ဖွဲ့ တပ်ဖွဲ့မှူး ရဲမှူးချုပ် မြင့်သိန်း ၊စည်ပင်သာယာရေးတပ်ဖွဲ့ တပ်ဖွဲ့မှူး ရဲမှူးချုပ်ဝင်းကြည်၊ မှုခင်းတပ်ဖွဲ့ တပ်ဖွဲ့မှူး ရဲမှူးချုပ် ခင်မောင်၊ရဲဗဟိုလေ့ကျင့်ရေးကျောင်း ကျောင်းအုပ်ကြီးရဲမှူးချုပ်သိန်းတင့်ဖြစ်သည်။ ပြည်နယ်နှင့် တိုင်ဒေသကြီးရဲတပ်ဖွဲ့မှူး များမှာ - ရဲမှူးကြီးအောင်နိုင်သူ(ရန်ကုန်)၊ ရဲမှူးကြီးအောင်ထွဋ်(မန္တလေး)၊ ရဲမှူးကြီးဘကြည်(မကွေး)၊ ရဲမှူးကြီးသိန်းကြည်(ပဲခူး)၊ ရဲမှူးကြီးမျိုးဆွေဝင်း(ပဲခူး အနောက်)၊ ရဲမှူးကြီးညွန့်ဝင်း(တနသာၤရီ)၊ ရဲမှူးကြီးမောင်မောင်လွင်(ကချင်)၊ ရဲမှူးကြီး မောင်မောင်(ကယား)၊ ရဲမှူးကြီးဆယ်မောင်(ကရင်)၊ ရဲမှူးကြီးမြင့်တိုး(ချင်း)၊ ရဲမှူးကြီးတင်မောင်(မွန်)၊ ရဲမှူးကြီး အောင်ဒိုင်း(ရခိုင်)၊ ရဲမှူးကြီးဝင်းနိုင်(ရှမ်း တောင်ပိုင်း)၊ ရဲမှူးကြီးစန်းလွင်(ရှမ်း မြောက်ပိုင်း)၊ ရဲမှူးကြီးဝင်းကြည်(ရှမ်း အရှေ့ပိုင်း)တို့ ဖြစ်သည်။
မြန်မာနိုင်ငံရဲတပ်ဖွဲ့နောက်ခံသမိုင်းကြောင်း[ပြင်ဆင်ရန်]
ဗြိတိသျှတို့သည် ၁၈၈၇ အောက်တိုဘာလ ၂၈ တွင် ကျေးရွာအက်ဥပဒေကို ပြဌာန်းခဲ့ပြီး ကျေးရွာပုလိပ်အဖွဲ့ကို စတင်ဖွဲ့စည်းခဲ့သည်။ ၁၈၈၉တွင် ရန်ကုန်ပုလိပ်အက်ဥပဒေကိုပြဌာန်းပြီး ရန်ကုန်ပုလိပ်အဖွဲ့(Rangoon city Police) ကိုခွဲထုတ်ဖွဲ့စည်းခဲ့ရာ ပုလိပ်အဖွဲ့ ၊ မြို့ပြပုလိပ်အဖွဲ့၊ ရန်ကုန်မြို့တော်ပုလိပ်အဖွဲ့၊တို့ ပေါ်ပေါက်လာသည်။ ၁၉၃၇တွင် Home rule(ကိုယ်ပိုင်အုပ်ချုပ်ရေး)ကာလတွင် ပုလိပ်အဖွဲ့ကို ပြန်လည်ဖွဲ့စည်းခဲ့ပြီး ပုလိပ်မင်းကြီးတစ်ဦးမှအုပ်ချုပ်သော သာမန်ပုလိပ်နှင့် စစ်ဘက်အရာရှိကြီးတစ်ဦးမှ အုပ်ချုပ်သော စစ်ပုလိပ်ဆိုပြီး ၂မျိုး ခွဲထုတ်ခဲ့ပါသည်။ မြန်မာနိုင်ငံ လွတ်လပ်ရေးရပြီးနောက်ပိုင်း လက်နက်ကိုင်ပုလိပ်တပ်ဖွဲ့များအား ပြည်ထောင်စုစစ်ရဲတပ်(Union Military Police - UMP) အဖြစ်ပေါင်းစည်းဖွဲ့ခဲ့ပါသည်။တပ်ရင်းပေါင်း ၂၁ရင်းရှိပြီး နယ်ခြားစောင့်နှင့် ပြည်တွင်းလုံခြုံရေးတပ် ဟုဖွဲ့စည်းခဲ့သည်။ ၁၉၅၄တွင် အပြည်ပြည်ဆိုင်ရာရဲတပ်ဖွဲ့(အင်တာပိုလ်)သို့ ဝင်ရောက်ခဲ့သည်။ ၁၉၆၀ ဧပြီလ ၁၇က်နေ့တွင် ပြည်ထောင်စုစစ်ရဲကို ပြည်စောင့်ရဲ(Union Constabulary)ဟု ပြင်ဆင်ခဲ့သည်။ ၁၉၆၄အောက်တိုဘာ ၁ တွင် ပြည်သူ့ရဲတပ်ဖွဲ့(People's Police Force) အမည်ဖြင့် အောက်ပါအတိုင်းပြန်လည်ဖွဲ့စည်းခဲ့သည်။
- ပြည်သူ့ရဲတပ်ဖွဲ့ဌာနချုပ်
- ပြည်နယ်/တိုင်း ပြည်သူ့ရဲတပ်ဖွဲ့များ
- ခရိုင်ရဲတပ်ဖွဲ့များ
- ပြည်သူ့ရဲတပ်ဖွဲ့စခန်းများနှင့် ကင်းစခန်းများ
- အထူးသတင်းထောက်လှမ်းရေးတပ်ဖွဲ့ခွဲ(သတင်းတပ်ဖွဲ့)
- မှုခင်းစုံစမ်းရေးတပ်ဖွဲ့ခွဲ(မှုခင်းတပ်ဖွဲ့)
- မီးရထား ရဲတပ်ဖွဲ့(ရထားတပ်ဖွဲ့)
- အထူးတပ်ဖွဲ့များ တို့ဖြစ်ပါသည်။
၁၉၉၅ စက်တင်ဘာ၁၃ ရက်နေ့တွင် နိုင်ငံတော်ငြိမ်ဝပ်ပိပြားမှုတည်ဆောက်ရေးအဖွဲ့မှ အမိန့်အမှတ် ၁/၉၅ ကိုထုတ်ပြန်ကာ မြန်မာနိုင်ငံရဲတပ်ဖွဲ့ (Myanmar Police Force) ဟု အမည်ပြောင်းလဲခဲ့ပြီး နှစ်စဉ် အောက်တိုဘာလ ၁ရက်နေ့ကို မြန်မာနိုင်ငံရဲတပ်ဖွဲ့နေ့ဟု သတ်မှတ်ခဲ့သည်။ ယခုအခါ မြန်နိုင်ငံရဲတပ်ဖွဲ့၏ ရဲချုပ်မှာ ပြည်ထဲရေးဝန်ကြီးဌာန ဒုတိယဝန်ကြီး ရဲချုပ် ကျော်ကျော်ထွန်း ဖြစ်ပါသည်။
လက်ရှိဖွဲ့စည်းထားသော အဖွဲ့အစည်းများ[ပြင်ဆင်ရန်]
၎င်း၏ လက်အောက်ရှိ ရဲတပ်ရင်း များမှာ-
- ရဲတပ်ရင်း (၁)
- ရဲတပ်ရင်း (၂)
- ရဲတပ်ရင်း (၃)
- ရဲတပ်ရင်း (၄)
- ရဲတပ်ရင်း (၅)
- ရဲတပ်ရင်း (၆)
- ရဲတပ်ရင်း (၇)
- ရဲတပ်ရင်း (၈)
ထို့အပြင်အခြားလက်အောက်ခံအဖွဲ့များမှာ-
- အရံရဲတပ်ဖွဲ့တို့ဖြစ်သည်။
ရဲတပ်ဖွဲ့၏ အင်တာနက် စာမျက်နှာမှာ http://www.myanmarpoliceforce.org/ ဖြစ်ပြီး ဖေ့စ်ဘုတ် လူမှုကွန်ရက်မှာ http://www.facebook.com/pages/%E1%80%9B%E1%80%B2%E1%80%87%E1%80%AC%E1%80%94%E1%80%8A%E1%80%B9/463287083724096?ref=ts&fref=ts ဖြစ်သည်။",3.0,1.0,3.0,3.0,4.0,"The text provides factual historical and organizational information about the Myanmar Police Force. It is informative but lacks deep analysis or complex reasoning. It is written in natural Burmese with appropriate terminology, though it contains some boilerplate wiki-style formatting and outdated information, which slightly impacts its cleanliness score."
<urn:uuid:a915a46e-94d5-400e-a2f3-c17675b7423e>,"CFN2525C အပူချိန်နိမ့်ဆန်စက်
output: 7000 ~ 8000 ကီလိုဂရမ် / h ပါဝါ: 55 + 3 kw;
လေပမာဏ – ၃၆၀၀ မှ ၄၂၀၀ m3 / h၊ လေဒဏ်ခံနိုင်မှု – 1500 ~ 2000 Pa;
အရွယ်အစား: 2106 × 1000 × 2108 မီလီမီတာ;
မူပိုင်ခွင့်ရှိသောနည်းပညာနှစ်ခုဖြင့်ဒီဇိုင်းလုပ်ပြီးထုတ်လုပ်ထားသည့်မော်တာ၊ ခြေထောက်ငယ်၊ ကြီးမားသောထုတ်လုပ်မှု၊ လှပသောအသွင်အပြင်၊ ခိုင်ခံ့သောလေမှုန်ရေမွှားနှင့်တံခါးပိတ်တံခါးပိတ်လေလေနည်းပညာတို့ဖြင့်ထုတ်လုပ်ထားသောစက်ဖြူကြိတ်ခွဲခန်းကိုထိုးဖောက်သောလေထုပမာဏသည်သမားရိုးကျဆန်စက်များထက် ၂.၅ ဆကျော်ပိုများသည်။ ဆန်အပူချိန်မြင့်တက်မှုကိုနှိမ်နင်းရန်မြေပြင်၊ တက်ကြွသောဆန်ဆန်ကိုရရှိရန် ၀ င်ပေါက်နှင့်ထွက်ပေါက်လေစုတ်ယူခြင်းစက်များ၊ စက်တွင်ဆန်အပူချိန်နိမ့်ခြင်း၊ ဖွဲနုပါဝင်မှုနည်းခြင်းနှင့်အပိုင်းအစများတိုးခြင်း၊ ကောင်းမွန်သောစီးဆင်းမှုကိုညှိနှိုင်းခြင်း၊ အဖြူရောင်ကြိတ်စက်၏ထူးခြားသောအလှည့်ဒီဇိုင်း၊ ဆန်ဆန်နှင့်အဆင်ပြေလွယ်ကူသောအစားထိုးခြင်း၊ ထူးခြားသောနှစ်ဆ roller ဘေးချင်းယှဉ်။ ဒီဇိုင်း၊ တစ်ပြိုင်နက်တည်းကျွေးမွေးခြင်း၊
—- ၂၀၀၅ ခုနှစ်အမျိုးသားစိုက်ပျိုးရေးသိပ္ပံနှင့်နည်းပညာအောင်မြင်မှုတိုးချဲ့စီမံကိန်း
CFN1818C အပူချိန်နိမ့်ဆန်စက်
output: 5000 ~ 6000 ကီလိုဂရမ် / h ပါဝါ: 37 + 3, 45 + 3kw;
လေပမာဏ – ၂၈၀၀ ~ ၃၅၀၀ m3 / h; လေဒဏ်ခံနိုင်မှု – 1500 ~ 2000 Pa;
အရွယ်အစား: 2000 × 1000 × 2068 မီလီမီတာ;
ဒီဇိုင်းနှင့်ထုတ်လုပ်ထားသောမူပိုင်ခွင့်နည်းပညာနှစ်ခုဖြင့်တည်ဆောက်ထားသောမော်တာ၊ ခြေထောက်သေးငယ်ခြင်း၊ လှပသောအသွင်အပြင်၊ ခိုင်မာသည့်လေမှုန်ရေမွှားနှင့်တံခါးပိတ်တံခါးပိတ်လေလေနည်းပညာတို့ဖြင့်ဖြူကြိတ်ခွဲခန်းကိုထိုးဖောက်သောလေထုပမာဏသည်ဆန်ဆန်ကိုထိရောက်စွာနှိမ်နင်းနိုင်သည်။ အပူချိန်မြင့်တက်လာသည်
တက်ကြွသောအေးမြသည့်ဆန်ကိုရရှိရန် ၀ င်ပေါက်နှင့်ထွက်ပေါက်လေစုတ်ထုတ်ကိရိယာများတပ်ဆင်ထားပြီးဆန်ထွက်အပူချိန်တွင်အပူချိန်နိမ့်ကျခြင်း၊ ဖွဲနုပါဝင်မှုနည်းပါးခြင်းနှင့်အပိုင်းအစများတိုးခြင်းတို့ကိုကောင်းမွန်စွာစီးဆင်းမှုညှိနှိုင်းမှုကိုရရှိရန်သံလိုက် separator ပါသော dual feed ဂိတ်များကိုအသုံးပြုနိုင်သည်။ အဖြူရောင်ကြိတ်စက်၏ထူးခြားသောအလှည့်ကျဒီဇိုင်းသည်ဆန်ဆန်ကိုလွယ်ကူစွာနှင့်အစားထိုးနိုင်သည်။
တစ်ပြိုင်နက်တည်းကျွေးမွေးခြင်းနှင့်ကြီးမားသောထွက်ရှိမှုတို့နှင့်အတူထူးခြားသောနှစ်ဆ roller ဘေးချင်းယှဉ်ဒီဇိုင်းသည် CFN1818B အပူချိန်နိမ့်ဆန်လှန်စက်၏အဆင့်မြင့်ထုတ်ကုန်ဖြစ်သည်။
ပစ္စည်းကိရိယာအင်္ဂါရပ်များ:
၁။ ပစ္စည်းကိရိယာများ၏လေအေးပေးစက်စနစ်ကိုအဆင့်မြှင့်တင်ထားသဖြင့်အဖြူရောင်ခန်း၏လေထုအသံပမာဏကိုညီမျှစွာဖြန့်ဖြူးနိုင်ပြီးဖွဲနုများကိုပိုမိုကောင်းမွန်အောင်လုပ်သည်။
၂။ ဆန်အပူချိန်နိမ့်စေရန်အတွက်အေးမြသောဆန်ခါကိုအဆင့်မြှင့်တင်ထားသည်။
၃။ ပစ္စည်းပစ္စယများ၏အသွင်အပြင်ကိုတိုးတက်စေရန်နောက်ဆုံးပေါ်ဆေးမှုတ်ဆေးနည်းပညာနှင့်အဆင့်မြင့်ဆေးသုတ်ဆေးကိုသုံးပါ။
—- ၂၀၀၅ ခုနှစ်အမျိုးသားစိုက်ပျိုးရေးသိပ္ပံနှင့်နည်းပညာအောင်မြင်မှုတိုးချဲ့စီမံကိန်း
NCY International Company limited
Aye Yeik Thar Road, Between 38 & 39 Street
Monywa Industrial Zone,
Monywa Township
Sagaing Region, Myanmar
Contact
firstname.lastname@example.org
+95 9976204987
+95 9978983372
+95 9962724373",2.0,1.0,3.0,3.0,2.0,"The document is a technical product catalog for industrial rice milling machinery. It provides specifications and features, which are informative but lack pedagogical structure. The language is natural Burmese, though the text suffers from some awkward phrasing typical of machine-translated technical manuals. It is clean, professional, and contains specific local contact information."
<urn:uuid:4342a6c1-c05b-48b1-86bb-eaf49c8ed7e7>,"Updated: Oct 12, 2019
မြန်မာမော်တော်မှ ဗောက်ဆောကားလေးတွေရဲ့ ကြင်နာတတ်သောပိုင်ရှင်တို့ရေ ..
၂၀၁၉ တစ်နှစ်လုံးစာ အတွက် Maintenance လုပ်ပြီဆိုရင် ..
----------- အင်ဂျင်ပိုင်းမှာဆိုရရင် ----------
-ကားအဆွဲကျနေပြီမို့လား ..
-မီးခိုးလေးတွေ နဲနဲလိုက်မနေဘူးလား ..
-အဲကွန်းဖွင့်လိုက်ရင် RPM မငြိမ်တော့ပြီလား ..
-ဒတ်ရှ်ဘုတ်မှာရော ဂွမီးလေးလင်းနေလား ..
-ဆီစားနှုန်းက သိသာစွာပိုနေပြီလား ..
-တာဘို In- Out မှာ ဆီစလေးတွေရော တွေ့ပြီလား ..
-စက်နိုးစမှာ အိပ်ဇောက မီးခိုးလိုက်ပြီး အခြားချိန်မထွက်ဘူးဖြစ်နေပြီလား ..
-လီဗာက နင်းသလောက်မတက်ပဲ အထနှေးနေပြီလား ..
-အိပ်ဇောပိတ်နေလို့ ညှော်နံလိုလိုရတတ်ပြီလား ..
-အရင်က နံပတ် ၂ နဲ့ ၃ ဂီယာကို ကလပ်အလွှတ်လေးမှာ..
ကျောကပ်အောင်ထွက်ခဲ့တဲ့ အရသာကိုပြန်တမ်းတ နေလောက်ပါပြီလေ..
ဒါဆိုရင် EGR Valve ချိုးကပ်နေပြီ ..
Trottle Body ချိုးကပ်နေပြီ ..
ကျောက်ဇကာပိတ်နေလောက်ပြီ ..
Injector Firing Sequence လွဲနေလောက်ပြီ ..
Injection Rate တွေ စစ်သင့်ပြီ ..
ဒီတော့ ..
သူငယ်တန်းအဆင့် ဆေးမီးတိုနဲ့ရှင်းမလား ..
အလွယ်ကူဆုံးကတော့ EGR Valve နဲ့ DPF ဖြုတ်ဆေးလိုက်ပါ ..
ခနတော့ကောင်းသွားပါလိမ့်မယ် .. ထပ်ဖြစ်ပါလိမ့်မယ် ..
ထပ်ဖြစ်တော့ ထပ်ဆေးမလား ..
ခန ခနပိတ်တိုင်းဆေးတော့ အိပ်ဇောထဲက DPF က မကြွေပဲခံနိုင်မလား ..
EGR Valve ဆိုတာ ခန ခနဖြုတ်ဆေးလို့ မပျက်ပဲခံနိုင်မလား ..
အိပ်ဇောခနခနဖြုတ်တော့ အိပ်ဇောဆင်ဆာကရော ဒီဒဏ်ခံနိုင်မလား ..
Manifold Pressure Sensor ကရော ..
MAF Sensor ကရော ..
Turbo Boost Solenoid Valve ကရော ..
Turbo In-Out Balancing Sequence ကရော ..
ဒါတွေကို ထည့်သွင်းစဉ်းစားရပါမယ် ..
နောက်တနည်းက Professional အဆင့်အနေနဲ့
ဖြစ်ရတဲ့ အကြောင်းရင်း Root Cause ကိုရှာပြီးရှင်းမလား ..
ဘာကြောင့် ခနခနဖြစ်ရသလဲ ..
(၁) Exhaust Sensor က Dual Function ဖြစ်နေတာကအကြောင်းရင်းတစ်ခု ..
(၂) E-G-R Regen cycle မဖြစ်တာကအကြောင်းရင်းတစ်ခု ..
(၃) Exhaust Back Pressure နဲ့ Exhaust Temperature Sensor ..
Coolant Temp-Engine Temp-Exhaust Temp ..
အချိုးဆမျှဖို့က အကြောင်းရင်းတစ်ခု ..
(၄) Firing Sequence အတွက် Pusher / Rocker တွေက အကြောင်းရင်းတစ်ခု ..
ဒီ အကြာင်းအရာ ၄ခု ကို ECU File ထဲမှာ ရှာပြီး ..
စံသတ်မှတ်ထားတဲ့ နှုန်းဖြစ်တဲ့ Parameter Value ကို အလိုက်သင့်ပြောင်းပေးလိုက်ရင် ..
မြန်မာမော်တော်ရဲ့ ဗောက်ဆောတစ်မျိုးတည်းပြင်ဆင်ခဲ့တဲ့ ၅နှစ်တာအတွေ့အကြုံအရတော့ ..
ဘယ်တော့ မှ EGR / DPF မပိတ်တော့ပါ …
အဆွဲရုန်း ဘယ်တော့မှ မထိခိုက်တော့ပါ ...
Speed and Power are at your Toe ...
ဒီတော့ .. နီးစပ်ရာ ပြုပြင်ရေးဆိုင်တွေမှာ မိမိတို့နှစ်သက်သလို နည်းနဲ့ဖြေရှင်းနိုင်ကြဖို့ပါလို့ …
ဒါမှမဟုတ် တော်ရုံကိစ္စဖြစ်လာခဲ့ရင် ဘယ်မှာပဲပြင်ပြင် အကြံတောင်းခံစရာအကြောင်းရှိခဲ့ရင်တော့ …
ကိုရစ်ကီကျော် - 09-78 555 9119
ကိုမင်းနိုင် - 09-79 555 9119
ကိုကျော်ကျော် - 09-77 555 9119
ရင်နဲ့ရင်းတဲ့
မြန်မာမော်တော်
Vauxhall Service Centre
(၅၈လမ်း ၊ မင်္ဂလာ-ရတနာကြား၊ စက်မှု့၊ မန္တလေးရွှေမြို့တော်)",2.0,3.0,3.0,3.0,4.0,"The text provides practical automotive maintenance advice for Vauxhall owners in Myanmar. It moves from simple troubleshooting to technical explanations of ECU parameters. While it contains promotional contact information, the technical content is coherent and reflects local automotive service culture and terminology accurately."
<urn:uuid:c3e06821-32c5-4a86-a20f-fb8f825f5cf0>,"ရည်မှန်းချက်
သန့်ရှင်း၍ သဘာဝပတ်ဝန်းကျင်ကို မထိခိုက်စေဘဲ နိုင်ငံ တကာနှင့်ရင်ဘောင်တန်း၍ ရေရှည်ရပ်တည်နိုင်မည့် မြန်မာ့ မော်တော်ယာဉ်လုပ်ငန်း ပေါ်ထွန်းတိုးတက်လာစေရေး အတွက် အထောက်အပံ့ပေးနိုင်သော ဦးဆောင် သုတေသနအဖွဲ့အစည်း တစ်ခုအဖြစ် ရပ်တည်နိုင်ရန်။
Vision
To be the leading research organization for the development of Myanmar Automotive Industry which can stand on equal terms with international standard without damaging the clean and green environment.
ရည်ရွယ်ချက်များ
မော်တော်ယာဉ်နည်းပညာသုတေသနဌာန၏ လုပ်ငန်းတာဝန် များကို အကောင်အထည်ဖော်နိုင်ရန်အတွက် ချမှတ်ထားသော မူဝါဒ များမှာ အောက်ပါအတိုင်းဖြစ်ပါသည်။
(က) မြန်မာ့မော်တော်ယာဉ်ဆိုင်ရာ စက်မှုကဏ္ဍအား နည်းပညာ
အထောက်အကူပြုနိုင်သည့် မော်တော်ယာဉ်နည်းပညာ သုတေသန ဌာန တစ်ခုအဖြစ် ရပ်တည်နိုင်စေရန်။
(ခ) သုတေသနများ ပြုလုပ်ခြင်းဖြင့် မော်တော်ယာဉ်ဆိုင်ရာ နည်းပညာများ တိုးတက်မြင့်မားလာစေရန်။
(ဂ) နိုင်ငံတကာမှ ဝင်ရောက်လာမည့် မော်တော်ယာဉ်ဆိုင်ရာ ရင်းနှီးမြှုပ်နှံမှုများတွင် လိုအပ်သည့် လူ့စွမ်းအားအရင်းအမြစ်များ မွေးထုတ်နိုင်ရေးအတွက် အထောက်အကူ ပြုနိုင်စေရန်။
Mission
To carry out the tasks of the automotive technology research institute, the missions are set out as follows;
(a) To stand as an automotive technology research center which can support technology in Myanmar automobile industry
(b) To develop automobile technology by researching
(c) To support the required human resource development for the future automobile investments",2.0,1.0,3.0,5.0,2.0,"The document outlines the vision and mission of a research institute. It is professionally structured and clean, providing clear institutional goals. While it lacks deep reasoning or complex educational content, it is written in natural, formal Burmese, reflecting the administrative language used in Myanmar's professional and governmental sectors."
<urn:uuid:0e2a1b1c-2909-49a8-921c-0a0bf9a55a3e>,"21-Feb-2018
ဗီလိန်ဟု နှုတ်ကျိုးနေကြသည့် လူဆိုး သို့မဟုတ် လူကြမ်းကို အင်္ဂလိပ်ဘာသာဖြင့် Villain ဟုခေါ်သည်။ အင်္ဂလိပ်- မြန်မာ အဘိဓာန်တွင် “လူဆိုး၊ လူသွမ်း၊ ကြေးစား ရာဇဝတ်ကောင်၊ ပြဇာတ်၊ ဝတ္ထု၊ ရုပ်ရှင်များတွင် အဓိက လူကြမ်းသရုပ်ဆောင်၊ ယုတ်မာသောသူ”ဟု အနက်ဖွင့်ဆိုထားသည်။
ဗီလိန်တို့မည်သည် မည်သည့်အခါမျှ စိတ်ကောင်း၊ နှလုံးကောင်း ရှိသူများမဟုတ်ဘဲ တစ်ပါးသူ အကျိုးစီးပွား ပျက်စီးရာ ပျက်စီးကြောင်း အမြဲ ကြံစည်အားထုတ်ကာ လက်တွေ့လည်း လုပ်ဆောင်နေတတ်သူများဟု အများ နားလည်ထားကြသည်။
မည်သည့်နယ်ပယ်၊ မည်သည့် လူ့အဖွဲ့အစည်းတွင်မဆို ဗီလိန်များ ရှိနေတတ်ပြီး ထိုဗီလိန်များကြောင့်ပင် သက်ဆိုင်ရာ နယ်ပယ်၊ လူ့အဖွဲ့အစည်း အသီးသီး တိုးတက်ဖွံ့ဖြိုးသင့်သလောက် မဖွံ့ဖြိုးဘဲ ပြဿနာများဖြင့် နပန်းလုံးနေတတ်သည်။
ဗီလိန်များသည် ဖွံ့ဖြိုးပြီးသော နိုင်ငံများရော၊ မဖွံ့ဖြိုးသေးသော နိုင်ငံများတွင်ပါ ရှိတတ်သော်လည်း များသောအားဖြင့် ဖွံ့ဖြိုးမှုနောက်ကျနေသော နိုင်ငံများတွင် အတွေ့ရများတတ်သည်။
အထူးသဖြင့် ပုံစံအမျိုးမျိုးဖြင့် အာဏာရှင်စနစ် ကျင့်သုံးသော နိုင်ငံများတွင် ဗီလိန်များက ပုံစံအမျိုးမျိုးဖြင့် ရှိနေတတ်သည်။ နိုင်ငံရေး၊ စီးပွားရေး၊ လူမှုရေး လောက အသီးသီးတွင် အာဏာရလိုမှု၊ ကြွယ်ဝချမ်းသာရေး လောဘတို့ မောင်းနှင်မှုကြောင့် စာရိတ္တ၊ ကျင့်ဝတ်နှင့် အသိပညာရေချိန်များ နိမ့်ကျကာ ဗီလိန်များ မွေးဖွားလာတတ်သည်။
အခြေခံအားဖြင့် နိုင်ငံတစ်ခု၏ ဓနဥစ္စာ ခွဲဝေမှု အချိုးမညီမျှမှု သို့မဟုတ် လူတိုင်း ကိုယ်စွမ်းဉာဏ်စွမ်းရှိသရွေ့ တိုးတက်ကြီးပွားခွင့်ကို ဖန်တီးပေးမည့် မူဝါဒနှင့် ဥပဒေစည်းမျဉ်းများ အားနည်းချည့်နဲ့မှုတို့က ဗီလိန်များ မွေးဖွားလာစေရန် အဓိကပံ့ပိုးပေးသည်။
မူမမှန်သောနည်းလမ်း သို့မဟုတ် မမျှတသော နည်းလမ်းဖြင့် လုပ်ပိုင်ခွင့် ရရှိထားသူ၊ စီးပွားလမ်းဖြောင့် ချမ်းသာကြွယ်ဝထားသူများသည် ပုံစံတကျ၊ စည်းကမ်းတကျ မှန်ကန်သော နည်းလမ်းများဖြင့် အများနှင့် တန်းတူရည်တူ ပြိုင်ဆိုင်ရပါက လက်ရှိ လုပ်ပိုင်ခွင့်နှင့် လက်ရှိစည်းစိမ်မျိုး ရရှိရန် လမ်းမမြင်ပေ။
ထို့ကြောင့် မိမိတို့၏ လက်ရှိအခြေအနေ မယိမ်းယိုင်သွားစေရေးအတွက် မူမမှန်သော၊ မမျှတသော နည်းလမ်းအမျိုးမျိုးဖြင့်ပင် ၎င်းတို့၏ လုပ်ပိုင်ခွင့်နှင့် စည်းစိမ်ကို ကာကွယ်လာကြသည့်အခါ ဗီလိန်များအဖြစ် ရောက်ရှိသွားတော့သည်။
ထို့ကြောင့် အာဏာရှင်စနစ်၊ အခွင့်အရေး သာတူညီမျှမရှိခြင်း၊ ဆင်းရဲတွင်းနက်ခြင်း၊ အကျင့်ပျက်ခြစားခြင်း၊ တရားဥပဒေ မစိုးမိုးခြင်းတို့သည် လူ့အဖွဲ့အစည်း တစ်ရပ်အတွင်း ဗီလိန်များကိုသာ တိုးပွားလာစေသော အဓိက အကြောင်းအရင်းများဖြစ်ကြသည်။
လူ့အဖွဲ့အစည်းတိုင်းတွင် ကိုးကွယ်ယုံကြည်မှုဆိုင်ရာ ဘာသာရေး ခေါင်းဆောင်များ၏ အခန်းကဏ္ဍက များစွာ အရေးကြီးသည်။ သက်ဆိုင်ရာ ဘာသာအသီးသီး၏ အမွန်အမြတ်တရား သို့မဟုတ် တော်တည့် မှန်ကန်သည့် အဆုံးအမများကို လူအများအား ပြန်လည် ဆုံးမသွန်သင်ပေးရမည့် တာဝန်ကို ထမ်းဆောင်နေကြခြင်းကြောင့် အရေးကြီးခြင်းဖြစ်သည်။
ထိုတာဝန်ယူထားသည့် နယ်ပယ်မှ ပုဂ္ဂိုလ်အချို့ ကိုယ်တိုင် အစစ်အမှန် အဆုံးအမများနှင့် သွေဖည်ဆန့်ကျင်သော အပြုအမူ၊ အပြောအဆိုများ အတင့်ရဲရဲ ဖြစ်ပေါ်လာခြင်း၊ ယင်းအခြေအနေကိုလည်း လျစ်လျူရှုထားခြင်း၊ အာဏာနိုင်ငံရေးနှင့် ဆက်စပ်နေဖွယ်ရှိကြောင်း သံသယဖြင့် ဝေဖန်မှုများ မြင့်တက်လာခြင်းတို့သည် ဗီလိန်များကို အားပေး၊ အားမြှောက်ပြုသကဲ့သို့ ဖြစ်နေသည်။
ပွင့်လင်းမျှတသော လူ့အဖွဲ့အစည်းသို့ သွားရာလမ်းတွင် ဗီလိန်များက သက်ဆိုင်ရာ နယ်ပယ်အသီးသီး၌ မထိရဲ၊ မတို့ရဲ ရှိနေပါလျှင် ဗီလိန် အားပေး လူ့အဖွဲ့အစည်းအဖြစ် ယဉ်ကျေးသော လူ့ဘောင်၊ လူ့အသိုင်းအဝိုင်းက ဖယ်ကြဉ်၊ ရှောင်ရှားခြင်းကိုခံရပြီး ဗီလိန်မဟုတ်သော မြေစာပင်များသာ ဒုက္ခပင်လယ် ဝေရမည်ဖြစ်ကြောင်း သိစေအပ်ပေသည်။
အယ်ဒီတာ (၂၀-၂-၂၀၁၈)
-
18-Jul-2019
-
18-Jul-2019
-
18-Jul-2019
-
18-Jul-2019
-
18-Jul-2019
-
18-Jul-2019
-
10-Jul-2019
-
09-Jul-2019
-
13-Jul-2019
-
04-Jul-2019
-
06-Jul-2019
-
01-Jul-2019",3.0,3.0,3.0,2.0,4.0,"The text provides a coherent sociological analysis of 'villains' in society, linking systemic issues like corruption and inequality to their emergence. It is well-written in natural Burmese. However, the document is marred by significant boilerplate noise (repeated dates and hyphens) at the end, which detracts from its overall cleanliness."
<urn:uuid:ab0adf4e-ee82-4359-b054-9d99d0bae99c>,"မြေယာပိုင်ဆိုင်မှု ရှင်းလင်းပြတ် သားမှုမရှိသေးသဖြင့် စစ်ကိုင်းတိုင်းဒေသ ကြီး ကန့်ဘလူခရိုင်၊ ကျွန်းလှမြို့သစ်တည် နှစ် ၂၀ပြည့်နှင့် ဗုဒ္ဓတက္ကသိုလ် ပန္နက်တင် အခမ်းအနားအား ဆိုင်းငံ့ထားရန် စစ် ကိုင်းတိုင်းဒေသကြီးအစိုးရအဖွဲ့က ညွှန် ကြားထားကြောင်း သိရသည်။
အဆိုပါ ဆိုင်းငံ့ထားရန် ညွှန်ကြား ချက်မှာ ရွှေည၀ါဆရာတော်နှင့် ပတ် သက်နေသည်ဟု သတင်းများထွက်ပေါ် နေသဖြင့် ဒီဇင်ဘာ ၄ ရက်တွင် မှော်ဘီ မြို့နယ်ရှိ ရွှေည၀ါကျောင်းတိုက်၌ အငြင်း ပွားမှုဖြစ်ပွားနေသော အခမ်းအနားဖြစ် မြောက်ရေးအဖွဲ့နှင့်တောင်သူလယ်သမား များအား ရွှေည၀ါဆရာတော်ကြီးမှ ဖိတ် ခေါ်ရှင်းလင်းခဲ့ရာ ibec ဆရာတော် ဥူးသောဘိတ ဦးဆောင်သည့် အခမ်း အနားဖြစ်မြောက်ရေးအဖွဲ့နှင့် တောင်သူ များဘက်မှ အနောက်ကျောင်းတိုက် ဆရာတော်ဥူးပညာဝံသ ဦးဆောင်သော တောင်သူများ တက်ရောက်ခဲ့ကြသည်။
ယခုလို မျက်နှာစုံညီခေါ်ယူရှင်းပြ ရခြင်းမှာ ibec ဆရာတော်၏ တွေ့ဆုံ လိုကြောင်း တစ်ဆင့်ခံလျှောက်ထားခြင်း ကြောင့်လည်းဖြစ်ကြောင်း၊ အခမ်းအနား ဆိုင်းငံ့ရခြင်းဖြစ်ရပ်မှာ မိမိနှင့် လုံးဝသက် ဆိုင်ခြင်းမရှိကြောင်း၊ စစ်ကိုင်းမြို့သို့ ရောက်ရှိစဉ်က ၀န်ကြီးချုပ်အား သံဃာ နှင့် လူပုဂ်္ဂိုလ်တို့နှစ်ဖက်ပါဝင်နေသည့် ကိစ်္စဖြစ်သဖြင့် သတိထားကိုင်တွယ်ရန် မိန့်ကြားခဲ့ကြောင်း ရွှေည၀ါဆရာတော် က မိန့်ကြားသည်။
ibec ဆရာတော်က လျော်ကြေး၊ နစ်နာကြေးများပေးရန် မေးမြန်းရာ တောင်သူများက ငွေလည်းမလိုချင်၊ မြေ အစားလည်း မလိုချင်၊ နိုင်ငံတော်မှ ဥပဒေနှင့်အညီ ချမှတ်မည့်အမိန့်ကိုသာ လက်ခံမည်ဟုတင်ပြပြီး သက်ဆိုင်ရာ အား မှန်မှန်ကန်ကန် မြန်မြန်ဆန်ဆန် စစ်ဆေးပေးရန် ပြောကြားပေးမည်ဟု ရွှေည၀ါဆရာတော်က မိန့်ကြားခဲ့သည်။
ibec ဆရာတော်က ၂၀၁၃ ခုနှစ် တွင် ယင်းမြေနေရာနှင့်ပတ်သက်ပြီး သက်ဆိုင်ရာ တာဝန်ရှိသူများအား မေး မြန်းရာ မြေလွတ်မြေလပ်ဖြစ်သဖြင့် ကွင်း အမှတ် ၄၈၇ ရှိ ၂၅.၂၇ ဧကကို လုပ် ထုံးလုပ်နည်းနှင့်အညီ လျှောက်ထားခဲ့ပြီး ၅-၁-၂၀၁၆ ရက်စွဲဖြင့် နှစ်၃၀လုပ်ပိုင်ခွင့် ရရှိခဲ့ကြောင်း ibec ဆရာတော်၏ မိန့် ကြားချက်အရသိရသည်။ တောင်သူများ အနေဖြင့် ၁၉၉၈ ခုနှစ်ကတည်းက ယင်း မြေယာများကို ဥပဒေနှင့်အညီ ရယူထား ပြီး ယခုအခါ မြေစာရင်းပုံစံ ၁၀၅ ရေးဆွဲ ပေးထားသည့် တောင်သူဦးလှသော်ပိုင် ၂.၃၅ ဧကထဲမှ ၁.၅၀ ဧကအပါအ၀င် ၁၈ ဧကခန့် ibec ဆရာတော်၏ မြေ လွတ်မြေလပ်အဖြစ် ရယူသွားသည့်မြေ ထဲပါဝင်သွားကြောင်း၊ တောင်သူများကို ယင်းနေရာများသို့ဝင်ရောက်ပါက ဥပဒေ ကြောင်းအရ အရေးယူရန် စီမံထားသည် ဟု ကြားသိရကြောင်း တောင်သူများ၏ ပြောကြားချက်အရ သိရသည်။
ယင်းရှင်းလင်းပွဲအပြီးတွင် ဗုဒ်္ဓ တက်္ကသိုလ် ပန္နက်တင်ပွဲအား ခွင့်ပြုမိန့် ပြန်လည်ရရှိရန် အစိုးရအဖွဲ့ထံ မေတ်္တာ ရပ်ခံပေးမည်ဟု ရွှေည၀ါဆရာတော်က ပြောကြားခဲ့သည်ဆိုသော မှတ်တမ်းများ ထွက်ပေါ်ခဲ့သဖြင့် ပွဲတော်ကျင်းပတာကို လည်း ပိတ်ဖို့ပြောကြားခြင်း မရှိသလို ပြန်လည်ကျင်းပဖို့လည်း ပြောခြင်းမရှိ ကြောင်း၊ ၎င်းနာမည်ကိုသက်သက်အသုံး ချခြင်းသာ ဖြစ်ကြောင်း ရွှေည၀ါဆရာ တော်က မိန့်ကြားသည်။
ဇော်မြင့်",2.0,3.0,3.0,4.0,5.0,"The text is a news report about a land dispute involving religious figures and farmers in Myanmar. It provides factual reporting on a conflict, which is informative but not strictly educational. It demonstrates logical reporting of conflicting claims. The language is natural, authentic Burmese, reflecting local social and religious contexts."
<urn:uuid:c80f48fb-30f1-4bbf-88b1-b9def0a2d3a3>,"မိန်း ကလေး တယောက် ကနေ အကျိုးတခုခုကို မျှော် ကိုးပြီး မမှန်ဘဲနဲ့ အပျိုစစ်ပါတယ်လို့ ပြောလိုက် တာကို Virginity fraud အပျိုရည်- လိမ် တယ်၊ Virginity lie အပျိုရည်-မုသား နဲ့ Chastity fraud အဗြဟ္မစရိယ-အ ကျင့် လို့လဲ ခေါ် တယ်။
Paternity fraud မိဖ မစစ်ဘူးဆိုတာလိုဘဲ ဒီ အယူအ ဆဟာလဲ ငြင်းခုန်စရာ တခုပါဘဲ။ အပျို စစ်-မစစ်ရဲ့ Definition အဓိပ္ပါယ်ဖွင့်မှု နဲ့ Importance အရေးပါမှု ဆိုတာကို လူ့အသိုင်း အဝိုင်းမှာ တသဘော ထဲ မရှိပါ။ Sexual double standard ကျား-မ နှစ်ခွအမြင် ရှိတာနဲ့ မရှိတာမှာ ကွာကြ တယ်။
Female virginity အပျိုစစ်မှုကို
1. Hymen အပျိုမြှေး ရှိတာ-မရှိတာနဲ့ တိုင်းမလား။
2. Philosophical criteria ဒဿနိက-သတ်မှတ်ချက်ကော ထားမလား။
လူမှုအသိုင်းအဝိုင်းတွေက မတူကြပါ။ Rape victim အဓမ္မပြုကျင့်ခံရသူမျိုးကို အကဲဖြတ်တာတော့ တူကြတာ များပါတယ်။ မိန်းကလေး တယောက် Boyfriend ယောက်ျားလေးအဖေါ် ထားပြီဆိုကတည်းက (လိင်ဆက်ဆံမှု မရှိအုံးတော့) တန်ဘိုး သတ်မှတ်မှုမှာ အမှတ် လျော့ခံရပြီ။ Lesbian sexual activity မိန်းကလေးချင်းချင်း လိင်ကိစ္စထိ ရောက်ကြအုံးတော့ စောစောက မိန်းကလေးလောက် အမှတ် မလျှော့တတ်ဘူး။
ရှေးခေတ်လို့ ပြောရမယ်၊ ခုခေတ်လဲ ရှိတော့ ရှိသေးတာပါ၊ မင်္ဂလာဦးညမှာ အိပ်ယာခင်း၊ အဝတ်အစားမယ် ကညာမြှေးစုတ်လို့ ထွက်တဲ့ သွေးစွန်းတာ လက်တွေ့ မြင်ရမှသာ သတို့သမီးဟာ အပျိုစစ်ခဲ့ပါတယ် ဆိုတာရဲ့ Proof သက်သေခံ ဖြစ်တယ်။ ဒီအချက်ကို Marriage contract မင်္ဂလာဆောင် (ကန်ထရိုက်) စာချုပ်ကတည်းက တည့်ထားတတ်တယ်။ ဘယ်ရမလဲ လူဆိုတာ ကြံရည်-ဖန်ရည် ရှိတယ် မဟုတ်လား။ ခေတ်လူတွေမှ တော်ကြတယ် မထင်ပါနဲ့။ Techniques to simulate the bleeding သွေးအတု လုပ်နည်းတို့ Physical sensation of rupture စုတ်ပြဲသွားလို့ နာကျင်မှု အယောင်ဆောင်တို့ ဆိုတာတွေလဲ ရှေးကတည်းက ရှိနေခဲ့ပါတယ်။
Methods of detection ဘယ်လို စမ်းသပ်မလဲ -
1. Hymen restoration surgery အပျိုမြှေးကို ခွဲစိတ်ကုသပြီး ပြန်လုပ်ပေးထားသလား။ Vagina's general state of elasticity ပုံမှန်ရှိအပ်တဲ့ (ဗဂျိုင်းနား) ရဲ့ ကြုံ့နိုင်-ဆန့်နိုင်စွမ်း ရှိသလား-မရှိဘူးလား ဆိုတာတွေ စစ်တာကို လူမျိုးစု အတော်များများမှာ ဆရာဝန်တွေက လုပ်ရတာတော့ မဟုတ်ပါ။ အများလက်ခံတဲ့ အမျိုးလဲတော်တဲ့ အမျိုးသမီးကြီး တဦးဦးကနေ လုပ်ရပါတယ်။ နောက်ပိုင်းမှာတော့ ဆရာဝန်တွေကို သုံးလာတာလဲ ရှိပါတယ်။ ဆေးလက်မှတ် ထုတ်ပေးဘို့ လိုတတ်လို့ပါ။
2. ဆရာဝန်နဲ့ မလုံလောက်ရင် ""စုံထောက်"" အားကိုးကြတာလဲ ရှိတယ်။ Private detective တွေက မိန်းကလေးရဲ့ သမီးရည်းစားထား သမိုင်း ပြန်လှန်မယ်။ သွားဘူး-လာဘူးတဲ့ ဆေးရုံ-ဆေးခန်းတွေ လိုက်စုံစမ်းမယ်။ မပေါ်ပေါ်အောင် ဖေါ်မယ်။
အနောက်နိုင်ငံတွေမှာ Hymen replacement surgery အပျိုမြှေးပြန်လုပ်ပေးတာကို ဝေဖန်လာကြတယ်။ Medically unnecessary ဆေးပညာအရ မလိုအပ်ဘူးတဲ့။ လူတွေ အဲလို လိုက်လုပ်ကြတဲ့ Social practices အလေ့အထက မကောင်းဘူးလို့ ပြောတယ်။ သိတဲ့အတိုင်း ဒီနည်းကြောင့် အပျိုမဟုတ်သူတွေက အပျိုတု လုပ်လာပါတယ်။
ပြဿနာ များတာက မွတ်ဆလင်တွေမှာ ဖြစ်မယ်။ ၂ဝဝ၆ တုံးက ပြင်သစ်နိုင်ငံ Lille မှာနေတဲ့ သတို့သားက သူ့ သတို့သမီးကို အပျိုမစစ်လို့ မယူတော့ဘူး ငြင်းခဲ့တယ်။ မိန်းကလေးကလဲ စစ်ပါတယ်ပြောပေမဲ့ အယူခံ မတက်တော့ ယောက်ျားလုပ်သူက အနိုင်ရလိုက်တယ်။
၂ဝဝ၉ ရောက်တော့ မီဒီယာ အာရုံစိုက်မှုများတဲ့ကြားကနေ တရားရေးဝန်ကြီး Rachida Dati က အစိုးရကို အယူခံဘို့ အမိန့်ချလိုက်တယ်။ အယူခံတရားရုံးက အရင်အမိန့်ကို ပြောင်းပြန်လုပ်လိုက်တယ်။ လက်ထပ်တာမှာ အပျို စစ်-မစစ်ဟာ Essential condition မရှိမဖြစ် လိုအပ်ချက် မဟုတ်လို့ ချမှတ်ထာ ဖြစ်တယ်။
မိန်းကလေးက မုသားဆိုအုံးတော့ အိမ်ထောင်သည်ဘဝအတွက် အပျိုရည်ပျက်လဲ ကိစ္စမရှိဘူးတဲ့။ သူ့အတိတ်ဟာ အတိတ်ဘဲတဲ့။
Dr. တင့်ဆွေ
Myanmar Daily News မှ ဗဟုသုတ အဖြစ်တင်ပြပေးသော ဆောင်းပါးအား Myanmar Forward မှ ပြန်လည် မျှဝေခြင်းဖြစ်ပါတယ်။",3.0,3.0,3.0,3.0,4.0,"The text provides an informative, sociological overview of virginity fraud and cultural practices surrounding it. It uses a mix of Burmese and English terminology, which is common in local intellectual discourse. While it lacks academic rigor, it is coherent and provides a balanced, objective perspective on a sensitive social topic."
<urn:uuid:3f617447-dd51-4141-abe6-4359bcba59f7>,"ဒုက္ခသည်ပြန်လက်ခံရေး မြန်မာအစိုးရ ဦးစားပေးအဆင့်ဆောင်ရွက်နေ
မောင်တောဒေသ အကြမ်းဖက်တိုက်ခိုက်ခံရမှုအတွင်း ဘင်္ဂလားဒေ့ရှ်နိုင်ငံဘက်သို့ ထွက်ပြေးတိမ်းရှောင်နေ သည့် ဒုက္ခသည်များပြန်လည်စိစစ်လက်ခံရေးကို ဦးစားပေးအဆင့် အချက်တခုအနေဖြင့် ဆောင်ရွက်နေ ကြောင်း လူမှုဝန်ထမ်း ကယ်ဆယ်ရေးနှင့် ပြန်လည်နေရာချထားရေး ပြည်ထောင်စုဝန်ကြီး ဒေါက်တာဝင်းမြတ်အေးက ပြောသည်။
လက်ရှိတွင် ဘင်္ဂလားဒေ့ရှ်ဘက်သို့ ထွက်ပြေးနေသည့် ဒုက္ခသည်ဦးရေ လေးသိန်းကျော်ရှိနေကြောင်း ကုလသမဂ္ဂအဖွဲ့မှ ခန့်မှန်းပြောဆိုမှုများ ရှိသော်လည်း ၁၉၉၃ ခုနှစ် နှစ်နိုင်ငံသဘောတူညီချက်များနှင့် ကိုက်ညီသူများကိုသာ ပြန်လည်လက်ခံမည် ဖြစ်ကြောင်း ၎င်းကပြောသည်။
ဒေါက်တာဝင်းမြတ်အေးက “အရေးကြီးတာက ဒီမှာနေတဲ့အထောက်အထားရှိရမယ်၊ အထောက်အထား လည်းရှိမယ် ဒီဘက်ကစာရင်းတွေနဲ့လည်းကိုက်ညီရင် လက်ခံမယ်၊ ဒီနေ့ပဲ သမ္မတရုံးမှာဆွေးနွေးတယ်၊ ၂ ပတ်အတွင်း လုပ်ငန်းစဉ်စဖို့လုပ်မယ်” ဟု ဧရာဝတီသို့ပြောသည်။
ဒုက္ခသည်များပြန်လည် လက်ခံရေးကိစ္စတွင် ဘင်္ဂလားဒေ့ရှ်နိုင်ငံနှင့် တွေ့ဆုံဆွေးနွေးမည်ဖြစ်ပြီး လက်ဗွေယူ ခြင်း၊ မျက်လုံး Scan ဖတ်ခြင်းစသည့် လိုအပ်သည့် နည်းပညာများဖြင့်ပါ စိစစ်ရေးလုပ်ငန်းဆောင်ရွက်ရန် ရှိ ကြောင်း သိရသည်။
နိုင်ငံတော် အတိုင်ပင်ခံပုဂ္ဂိုလ် ဒေါ်အောင်ဆန်းစုကြည်က ဒုက္ခသည်လက်ခံရေးကို မြန်မာ-ဘင်္ဂလားဒေ့ရှ် နှစ်နိုင်ငံအကြား ၁၉၉၃ ခုနှစ်က သဘောတူညီထားသည့် စာချုပ်ပါအချက်အလက်များအတိုင်း လိုက်နာ ဆောင်ရွက်မည်ဖြစ်ကြောင်း၊ လုံခြုံရေးနှင့် လူသားချင်းစာနာထောက်ပံ့ရေး ကိစ္စများအတွက်လည်း အ ပြည့်အဝ အာမခံချက်ပေးမည် ဖြစ်ကြောင်း စက်တင်ဘာ ၁၉ ရက်နေ့ မိန့်ခွန်းတွင် ထည့်သွင်း ပြောကြားထားသည်။
လူမှုဝန်ထမ်း ကယ်ဆယ်ရေးနှင့် ပြန်လည်နေရာချထားရေး ပြည်ထောင်စုဝန်ကြီး ဒေါက်တာဝင်းမြတ်အေး သည် ကိုဖီအာနန်ကော်မရှင်၏ အကြံပြုချက်များ အကောင်အထည်ဖော်ရေးကော်မတီ ဥက္ကဋ္ဌ အဖြစ် လည်းဆောင်ရွက်နေသူဖြစ်ပြီး ဒေသတွင်းတည်ငြိမ်အေးချမ်းမှု ပိုမိုကောင်းမွန်စေမည့် အကြံပြုချက်များကို ဦးစားပေးလုပ်ဆောင်မည်ဖြစ်ကြောင်း ပြောသည်။
၁၉၉၃ ခုနှစ် သဘောတူညီချက်အရ လုပ်ငန်းစဉ်တွင် မြန်မာနိုင်ငံတွင် နေထိုင်သူဖြစ်ရမည်၊ ကိုယ့်သဘော ဆန္ဒဖြင့် ပြန်လာချင်သူဖြစ်ရမည်၊ ဘင်္ဂလားဒေ့ရှ်ဘက်တွင် မွေးဖွားသူဖြစ်ပါက အဖေ၊ အမေမှာ မြန်မာနိုင်ငံ တွင် နေဖူးသူဖြစ်ရမည် စသည့်အချက်များ ပါဝင်ကြောင်း သိရသည်။
အဆိုပါသဘောတူညီချက်သည် ကုလသမဂ္ဂ ဒုက္ခသည်များဆိုင်ရာ မဟာမင်းကြီးရုံး(UNHCR)မှ ကြားခံ အနေဖြင့်ပါဝင်ပြီး ၁၉၉၂ ခုနှစ် ဧပြီ ၂၈ ရက်နေ့တွင် မြန်မာနှင့် ဘင်္ဂလားဒေ့ရှ်နိုင်ငံ အစိုးရတို့အကြား MoU လက်မှတ်ရေးထိုးခဲ့ခြင်းဖြစ်ကြောင်း သိရသည်။
စက်တင်ဘာ ၂၀ ရက်ကကျင်းပသည့် ကုလသမဂ္ဂအထွေထွေညီလာခံတွင်လည်း ဒုတိယသမ္မတ ၂ ဦးဟင်နရီ ဗန်ထီးယူက ဒုက္ခသည်များလက်ခံရေးကို ၁၉၉၃ ခုနှစ်သဘောတူညီချက်ကို အခြေခံကာ လုပ်ငန်းစဉ်များ ရေးဆွဲလုပ်ဆောင်မည်ဖြစ်ကြောင်း နိုင်ငံတကာသို့ အသိပေးပြောကြားခဲ့သည်။
ဒုက္ခသည်များ ပြန်လက်ခံရေး ၁၉၉၃ ခုနှစ် နှစ်နိုင်ငံသဘောတူညီချက်အပြည့်အစုံမှာ အောက်ပါအတိုင်း ဖြစ်သည်။
“ပူးပေါင်းဆောင်ရွက်လိုသောစိတ်ဓာတ်ဖြင့် ပြည်ထောင်စု မြန်မာနိုင်ငံအစိုးရသည် ဘင်္ဂလားဒေ့ရှ်နိုင်ငံသို့ ၎င်းတို့ဝင်ရောက်လာသောနေရာတွင် ဘင်္ဂလားဒေ့ရှ်နိုင်ငံ အစိုးရက ထုတ်ပေးထားသော ဒုက္ခသည်မှတ်ပုံ တင်ကဒ်ဖြင့် ၎င်းတို့ရောက်ရှိနေကြောင်း မှတ်တမ်းတင်ထားသော ဘင်္ဂလားဒေ့ရှ်နိုင်ငံတွင် ခိုလှုံနေသော သူများအားလုံးကို စိစစ်ပြီးနောက် ပြန်လည်လက်ခံရန် သဘောတူသည်။ ထိုဒုက္ခသည်မှတ်ပုံတင်ကဒ်သည် ၎င်းတို့မြန်မာနိုင်ငံတွင်နေထိုင်ရာ နေရာနှင့်ပတ်သက်သော ရနိုင်သမျှ အထောက်အထားများကိုလည်း အခြားအထောက်အထားများနှင့် တကွ ဖော်ပြထားရမည်။
ဘင်္ဂလားဒေ့ရှ်အစိုးရက ပေးပို့သော စာရင်းကို စိစစ်မှုကို အခြေခံပြီး ပြည်ထောင်စု မြန်မာနိုင်ငံအစိုးရသည် အခြားအထောက်အထားများနှင့်တကွ မြန်မာ နိုင်ငံသားမှတ်ပုံတင်ကဒ်၊ အမျိုးသားမှတ်ပုံတင်ကဒ်ရှိသော သူများအားလုံး၊ သက်ဆိုင်ရာမြန်မာအာဏာပိုင်များက ထုတ်ပေးသော အခြားမည်သည့် စာရွက်စာတမ်း မဆိုတင်ပြနိုင်သူ အားလုံးနှင့် မြန်မာနိုင်ငံတွင် နေထိုင်ကြောင်း အထောက်အထားပြနိုင်သောသူများအားလုံး ကို အသုတ်လိုက် ပြန်လည်ခေါ်ယူရန် သဘောတူသည်။
မြန်မာနိုင်ငံတွင်နေထိုင်ကြောင်း စစ်မှန်သော အထောက်အထားပြနိုင်ပါက လူ အရေအတွက် ကန့် သတ်ခြင်းပြုလုပ်မည် မဟုတ်ကြောင်း ပြည်ထောင်စုမြန်မာနိုင်ငံအစိုးရက သဘောတူသည်။ ဘင်္ဂလားဒေ့ရှ် နိုင်ငံက ပေးပို့သောစာရင်းများသည် မြန်မာအာဏာပိုင်များစိစစ်အတည်ပြုသောသူများနှင့် အနီးစပ်ဆုံး တူညီမည်ဖြစ်ကြောင်းလည်း အာမခံချက်ပေးသည်”",3.0,2.0,3.0,5.0,5.0,"The text is a well-structured, journalistic report on a significant historical and political event in Myanmar. It provides clear, factual information regarding government policy and international agreements. It is written in natural, professional Burmese, reflecting local political context and terminology accurately, making it a high-quality, clean, and authentic document."
<urn:uuid:99e4d875-e5a7-46cc-bd0e-ee7bf4246052>,"|ဆေးအမည်||Patadin (ပါတာဒင်န်)|
|ပါဝင်ပစ္စည်း||ဆေးရည် (1 ml) တွင် Olopatadine Hydrochloride USP Eq to Olopatadine … 1 mg.|
|ဆေးအမျိုးအစား||မျက်စဉ်းဆေး။|
|အသုံးပြုနိုင်သောရောဂါများ||မျက်သားယားခြင်း၊ နီရဲခြင်း၊ မျက်ရည်ပူကျခြင်း၊ မျက်ခွံ၊ မျက်စိ ရောင်ရမ်းခြင်း။|
|ဆေး၏ပုံသဏ္႑ာန်||မျက်စဉ်းဆေးရည်။|
|ဆေးအချိန်အဆ||တစ်ခါခတ် (၁)စက်၊ တစ်နေ့ (၂)ကြိမ် (သို့) ဆရာဝန်ညွှန်ကြားချက်အတိုင် လိုက်နာသောက်သုံးပါ။|
|ဘေးထွက်ဆိုးကျိုးများ||ခေါင်းကိုက်ခြင်း၊ မျက်သားခြောက်ခြင်း။|
|ဆရာ၀န်ညွှန်ကြားချက်||လို။|
|ကြိုတင်သတိပြုရန်အချက်များ||ဆေးပါဝင်ပစ္စည်းနှင့် ဓာတ်မတည့်သူများ မသုံးစွဲသင့်ပါ။|
|ထုတ်လုပ်သည့် Company||Popular Pharmaceuticals Ltd. (ဘင်္ဂလားဒေ့ရှ်)|
|တင်သွင်းသည့် Company||Model Pharma Co., Ltd.|",2.0,1.0,3.0,5.0,3.0,"The document is a structured, clean, and accurate medical product label for eye drops. It provides basic health information suitable for general public awareness. While it lacks complex reasoning or deep educational narrative, it uses natural Burmese medical terminology and follows standard local pharmaceutical formatting, making it highly authentic and functional for its intended purpose."
<urn:uuid:b63d6ea9-a0f3-4b4c-8f45-52756f98cbdd>,"ဆန်ဂျိုးစ် ၊ ဇူလိုင် ၁၁ ရက် (ဆင်ဟွာ)
ကုလသမဂ္ဂ အထွေထွေ အတွင်းရေးမှူးချုပ်အဖြစ် အမည်စာရင်း တင်သွင်းရန် လျာထားခြင်းခံရသူ ကော့စတာရီကာ နိုင်ငံသား အမျိုးသမီး Christiana Figueres သည် ၎င်း၏ ရာထူးရရှိရေး မဲဆွယ် ခရီးစဉ်အဖြစ် ဇူလိုင်လ ၁၈ ရက်တွင် တရုတ်နိုင်ငံသို့လာရောက်မည် ဖြစ်ကြောင်းသိရသည်။
လက်ရှိ ကုလသမဂ္ဂ အထွေထွေအတွင်းရေးမှူးချုပ် ဘန်ကီမွန်း၏ ရာထူး သက်တမ်းမှာ ယခုနှစ်ကုန်တွင် အဆုံးသတ်ရန် ရှိနေသဖြင့် ၎င်းနေရာအား ဆက်ခံခွင့်ရရှိရန် Figueres က ကြိုးပမ်းလျက် ရှိသည်။ Figueres ၏ တရုတ်နိုင်ငံ ခရီးစဉ်တွင် ကော့စတာရီကာ နိုင်ငံ နိုင်ငံခြားရေးဝန်ကြီး Manuel Gonzalez လည်း အတူတကွ လိုက်ပါလာမည် ဖြစ်ကြောင်း La Nacion နေ့စဉ်သတင်းစာက ဇူလိုင်လ ၁ဝ ရက်တွင် ရေးသားဖော်ပြသည်။
ထို့ပြင် ဇူလိုင်လ ၂၁ ရက်တွင် ကုလသမဂ္ဂ လုံခြုံရေးကောင်စီ၌ အမည်စာရင်း တင်သွင်းမှု မပြုလုပ်မီ ၎င်းတို့ နှစ်ဦးသည် ရုရှားနှင့် ပြင်သစ်နိုင်ငံများသို့လည်း သွားရောက် လည်ပတ်ရန် စီစဉ်ထားကြောင်း သိရသည်။ အဆိုပါ သုံးနိုင်ငံသည် အမေရိကန် ပြည်ထောင်စုနှင့် ဗြိတိန်နိုင်ငံတို့ နှင့်အတူ ကုလသမဂ္ဂ လုံခြုံရေးကောင်စီ အမြဲတမ်းအဖွဲ့ဝင်နိုင်ငံများ အဖြစ်ရပ်တည်နေပြီး အထွေထွေ ညီလာခံသို့တင်သွင်းရန်ရှိသည့် အတွင်းရေးမှူးချုပ် အမည်စာရင်းကို ရွေးချယ်ခြင်းနှင့် ထောက်ခံခြင်းများ ပြုလုပ်ခွင့်ရထားသော နိုင်ငံများ ဖြစ်ကြသည်။
Figueres သည် ကုလသမဂ္ဂ ရာသီဥတု ပြောင်းလဲခြင်းဆိုင်ရာ သဘောတူညီမှု မူဘောင်အဖွဲ့တွင် အမှုဆောင် အတွင်းရေးမှူး အဖြစ် တာဝန်ထမ်းဆောင်နေသူ တစ်ဦးဖြစ်သည်။ ၎င်းသည် ၂ဝ၁၅ ခုနှစ် ဒီဇင်ဘာလတွင် ပြင်သစ်နိုင်ငံ ပါရီမြို့၌ ကမ္ဘာ့နိုင်ငံပေါင်း ၁၉၅ နိုင်ငံမှ လက်မှတ်ရေးထိုးခဲ့သည့် ရာသီဥတုပြောင်းလဲခြင်း ဆိုင်ရာ ပါရီသဘောတူညီမှု အကောင်အထည်ဖော် နိုင်ရန်ကြိုးပမ်းခဲ့သူ တစ်ဦးအဖြစ် ဂုဏ်ပြုခံထားရသူ ဖြစ်သည်။
Figueres သည် ကုလသမဂ္ဂ အထွေထွေ အတွင်းရေးမှူးချုပ် ရာထူးအတွက် လက်တင်အမေရိက နိုင်ငံများ အလှည့်တွင် အာဂျင်တီးနားနိုင်ငံ နိုင်ငံခြားရေးဝန်ကြီး Susana Malcorra နှင့်အပြိုင် ဖြစ်နေသည်။ ယင်းသို့မြင့်မားသော ရာထူးအတွက် အမျိုးသမီး ကိုယ်စားလှယ်လောင်း နှစ်ဦး သို့မဟုတ် သုံးဦး အထိ ဝင်ရောက်ယှဉ်ပြိုင်ကြမည်ကို ဂုဏ်ယူကြောင်း ကော့စတာရီကာ နိုင်ငံခြားရေး ဝန်ကြီး Gonzalez က ပြောကြားသည်။ (Xinhua)",3.0,2.0,3.0,5.0,2.0,"The text is a standard, well-structured news report about UN leadership candidates. It provides factual information suitable for educational purposes regarding international relations. It is clean, professionally written, and uses natural Burmese, though it lacks deep cultural nuance as it is a translation of a Xinhua news wire."
<urn:uuid:43d9a820-fa50-49ab-b478-1975054c1ee8>,"စစ်ကိုင်း ခံတပ်
စစ်ကိုင်း ခံတပ် ခေါ် အစေခံ ခံတပ်သည် စစ်ကိုင်းတိုင်းဒေသကြီး၊ စစ်ကိုင်းမြို့ ၏ အနောက်တောင်ဘက် ဧရာဝတီမြစ်၏ အနောက်ဘက်ကမ်းအနီး အစေခံ အရပ်တွင်တည်ရှိပါသည်။ စစ်ကိုင်းခံတပ်ကို မင်းတုန်းမင်းလက်ထက် ခရစ် သက္ကရာဇ် ၁၈၇၉ ခုနှစ်တွင် အီတလီရေကြောင်း စစ်ဘက်ဌာနမှ ကွန်မိုတိုပဲရီ နှင့် မိုလီနာရီ တို့က ကြီးကြပ်၍ မြန်မာအင်ဂျင်နီယာများနှင့် ပူးပေါင်းတည်ဆောက်ခဲ့သည်။ ကင်းဝန်မင်းကြီး၏ တိုက်တွန်းစီမံချက်ဖြင့် ပြည်ပရန်သာမက ပြည်တွင်းရန်ကိုပါ ကာကွယ်ရန်အတွက် ဆောက်လုပ်ခဲ့ခြင်းဖြစ်ပါသည်။
ပုံသဏ္ဌာန်[ပြင်ဆင်ရန်]
စစ်ကိုင်းခံတပ်သည် စက်ဝိုင်းခြမ်းသဏ္ဌာန်ဖြင့် မြို့ဘက်သို့လှည့်၍ တည်ဆောက်ထားသည်။ အကျယ်အဝန်းမှာ တောင်နှင့်မြောက် ပေ ၂၄၀၊ အရှေ့နှင့်အနောက် ပေ ၃၂၀ ရှည်လျားပြီး ခံတပ်အတွင်းသို့ ဝင်ရန် မြောက်ဘက်နှင့် အရှေ့ဘက်တွင် ဝင်ပေါက် ၂ ပေါက်ရှိသည်။
ခံတပ်ထုသည် တောင်ဘက်၌ မြေသားရော အုတ်ရိုးထု ၃၀ ပေ ခန့်ထူ၍ ကျန် ၃ ဘက်တွင် အုတ်ရိုးထု ၂ ပေရှိပြီး မြေသားမဖို့ဘဲ အုတ်ရိုးသက်သက် မတ်မတ်ထောင်၍ တည်ဆောက်ထားသည်။ ခံတပ်၏အမြင့်မှာ ၉ ပေခန့်သာမြင့်သည်။ တောင်ဘက်မှလွဲ၍ ကျန်အုတ်ရိုး ၃ ဘက်တွင် အမြောက်၊ သေနတ်ပြောင်းပေါက်များကို အစီအရီဖောက်ထားသည်။ တောင်ဘက်တွင် အလျား ၄၂ ပေ၊ အနံ ၂ ပေ၊ ထု ၃ ပေရှိ အခန်း ၂ ခန်းရှိသည်။ ခံတပ်ပေါ်သို့ တက်ရန် အရှေ့ဘက်၊ အနောက်ဘက်နှင့် တောင်ဘက်တို့တွင် အုတ်လှေကား ၃ ဆင့်ပါရှိသည်။
အင်္ဂလိပ်-မြန်မာ တတိယစစ်ပွဲအတွင်း ဗိုလ်မှူး၊ အတွင်းဝန်မင်း၊ မြို့စားမင်းကြီး၊ မင်းခေါင်မဟာမင်းကျော်သူရှိန်နှင့်အတူ တောင်မာရဘင်မှူထမ်း ၃၄၅ယောက်၊ လင်ဇင်းမှုထမ်း ၃၂၈ယောက်၊ ဘုန်းတော်မြစ်အမှုထမ်း ၇၀ ယောက်၊ ဘုန်းတော်တိုး အမှုထမ်း ၃၁၈ ယောက်၊ ကသည်းမြင်းအမှုထမ်း ၂၅၂ ယောက်၊ ရှမ်းမြင်းအမှုထမ်း ၃၁၂ယောက်၊ ဇင်းမယ်ပါ မြင်းအမှုထမ်း ၂၄၄ ယောက်မြန်မာမြင်းအမှုထမ်း ၂၁၅ယောက်၊ သူကောင်းထမ်း ၂၀၀ ယောက်၊ စုစုပေါင်း ၂၇၂၆ ယောက်တို့နှင့် ကနောင်မင်းသား၏သား ကျွန်းညွန့်မင်းသား ခေါင်းဆောင်သော မြန်မာမျိုးချစ်ပုဂ္ဂိုလ်များတို့သည် သူ့ကျွန်မခံလိုသော စိတ်ဓာတ်ဖြင့် ကြံ့ကြံ့ခံ၍ အင်္ဂလိပ်နယ်ချဲ့တို့ကို တွန်းလှန်တိုက်ခိုက်ခဲ့ကြသည်။ စစ်ကိုင်းခံတပ်ကို ဇယားဝင် အဆောက်အဦးများအဖြစ် သတ်မှတ်၍ ၁၉၅၇ ခုနှစ်မှစ၍ ယခုအချိန်အထိ ရှေးဟောင်းသုတေသန၊ အမျိုးသားပြတိုက်နှင့် စာကြည့်တိုက်ဦးစီးဌာနက ပြုပြင်ထိန်းသိန်းစောင့်ရှောက်လျက် ရှိပါသည်။ [၁]
ကိုးကား[ပြင်ဆင်ရန်]
- စစ်ကိုင်းခံတပ် ကျောက်စာမှ",4.0,2.0,3.0,4.0,5.0,"The text provides historical and architectural information about the Sagaing Fort, suitable for educational purposes. It uses natural Burmese, includes specific historical context and local terminology, and is well-structured, though it contains minor boilerplate elements like '[ပြင်ဆင်ရန်]' (edit links) typical of wiki-style content."
<urn:uuid:356a551c-d9f2-437b-8bff-7c6cb76e332e>,"ဆဲလ်တွေက အောက်စီဂျင် ဘယ်မှာရှိတယ်ဆိုတာ သိအောင်လုပ်ပြီး ရယူအသုံးချပုံကို ရှာဖွေတွေ့ရှိခဲ့တဲ့ အမေရိကန်သိပ္ပံပညာရှင် နှစ် ယောက်နဲ့ ဗြိတိန်သိပ္ပံပညာရှင် တ ယောက်ကို ၂၀၁၉ ခုနှစ်အတွက် ဆေးပညာရပ်ဆိုင်ရာ Nobel ဆုပေးဖို့ ရွေးချယ်လိုက်ပါတယ်။
သိပ္ပံပညာရှင်တွေဖြစ်တဲ့ William Kaelin, Gregg Semenza နဲ့ Peter Ratcliffe တို့ကို ပူးတွဲဆုပေးလိုက်တယ်လို့ ဆေးပညာရပ်ဆိုင်ရာ Nobel ကော်မတီ အတွင်းရေးမှူးချုပ် Thomas Perlmann က Sweden နိုင်ငံ Stockholm မြို့တော်မှာ ဒီကနေ့ ကြေငြာတာဖြစ်ပါတယ်။
ဆဲလ်တွေရဲ့ ဇီဝဖြစ်စဉ်နဲ့ ဇီဝဖြစ်ပျက်မှုတွေမှာ အောက်စီဂျင်ပမာဏက ဘယ်လောက် သက်ရောက်မှုရှိတယ်ဆိုတာ အခြေခံနားလည်အောင် ဒီသိပ္ပံပညာရှင်တွေက လေ့လာခဲ့ကြတယ်လို့ ဆုရွေးချယ်ရေးကော်မတီက ပြောပါတယ်။
သူတို့ရဲ့ လေ့လာမှုတွေကနေ သွေးအားနည်းရောဂါ၊ ကင်ဆာရောဂါနဲ့ တခြားရောဂါတွေကို တိုက်ဖျက်နိုင်မယ့် နည်းလမ်းသစ်တွေရှာဖွေဖို့ အထောက်အကူဖြစ်ခဲ့တယ်လို့ဒီကနေ့ ဆုကြေငြာစဉ်မှာ ပြောကြားသွားပါတယ်။
ဒေါ်လာ ၉ သိန်းကျော်နဲ့ညီမျှတဲ့ ဆုငွေတွေကို သိပ္ပံပညာရှင် ၃ ယောက် ခွဲဝေရကြမှာဖြစ်ပါတယ်။ နှစ်စဉ်ပေးတဲ့ Nobel ဆုတွေမှာ ဆေးပညာရပ်ဆိုင်ရာ Nobel ဆုကို ပထမဆုံးကြေညာတာဖြစ်ပါတယ်။
[Unicode Version]
ဆဲလျတှကေ အောကျစီဂငျြ ဘယျမှာရှိတယျဆိုတာ သိအောငျလုပျပွီး ရယူအသုံးခပြုံကို ရှာဖှတှေရှေိ့ခဲ့တဲ့ အမရေိကနျသိပ်ပံပညာရှငျ နှဈ ယောကျနဲ့ ဗွိတိနျသိပ်ပံပညာရှငျ တ ယောကျကို ၂၀၁၉ ခုနှဈအတှကျ ဆေးပညာရပျဆိုငျရာ Nobel ဆုပေးဖို့ ရှေးခယျြလိုကျပါတယျ။
သိပ်ပံပညာရှငျတှဖွေဈတဲ့ William Kaelin, Gregg Semenza နဲ့ Peter Ratcliffe တို့ကို ပူးတှဲဆုပေးလိုကျတယျလို့ ဆေးပညာရပျဆိုငျရာ Nobel ကျောမတီ အတှငျးရေးမှူးခြုပျ Thomas Perlmann က Sweden နိုငျငံ Stockholm မွို့တျောမှာ ဒီကနေ့ ကွငွောတာဖွဈပါတယျ။
ဆဲလျတှရေဲ့ ဇီဝဖွဈစဉျနဲ့ ဇီဝဖွဈပကျြမှုတှမှော အောကျစီဂငျြပမာဏက ဘယျလောကျ သကျရောကျမှုရှိတယျဆိုတာ အခွခေံနားလညျအောငျ ဒီသိပ်ပံပညာရှငျတှကေ လလေ့ာခဲ့ကွတယျလို့ ဆုရှေးခယျြရေးကျောမတီက ပွောပါတယျ။
သူတို့ရဲ့ လလေ့ာမှုတှကေနေ သှေးအားနညျးရောဂါ၊ ကငျဆာရောဂါနဲ့ တခွားရောဂါတှကေို တိုကျဖကျြနိုငျမယျ့ နညျးလမျးသဈတှရှောဖှဖေို့ အထောကျအကူဖွဈခဲ့တယျလို့ဒီကနေ့ ဆုကွငွောစဉျမှာ ပွောကွားသှားပါတယျ။
ဒျေါလာ ၉ သိနျးကြျောနဲ့ညီမြှတဲ့ ဆုငှတှေကေို သိပ်ပံပညာရှငျ ၃ ယောကျ ခှဲဝရေကွမှာဖွဈပါတယျ။ နှဈစဉျပေးတဲ့ Nobel ဆုတှမှော ဆေးပညာရပျဆိုငျရာ Nobel ဆုကို ပထမဆုံးကွညောတာဖွဈပါတယျ။",4.0,2.0,3.0,5.0,3.0,"The text provides a clear, educational summary of the 2019 Nobel Prize in Medicine, explaining the scientific discovery and its medical implications. It is well-structured, clean, and uses natural Burmese, though it lacks deep analytical reasoning or highly specialized technical depth, making it accessible to a general audience."
<urn:uuid:db8511b3-c0f8-4490-a921-8d15c5a2febd>,"ပြီးခဲ့တဲ့ တနင်္လာနေ့မှာ ရှမ်းပြည် ပြန်လည် တည်ဆောက်ရေးကောင်စီက သူတို့ရဲ့ ၈ကြိမ်မြောက် နှစ်ပတ်လည် အစည်းအဝေးကို ထိုင်းမြန်မာနယ်စပ်မှာ ကျင်းပခဲ့ပါတယ်။ ဒီအစည်းအဝေးက နိုင်ငံရေးပြဿနာတွေကို နိုင်ငံရေးနည်းအရ ဖြေရှင်းသွားဖို့အတွက် မြန်မာစစ်အစိုးရနဲ့ တွေ့ဆုံဆွေးနွေးရေးနဲ့ ရှမ်းပြည်တွင်းက အဖွဲ့အစည်းတွေအကြား စည်းလုံးညီညွတ်မှု တည်ဆောက်ရေးအတွက် ဆက်လက်ကြိုးစားသွားမယ်လို့ ဆုံးဖြတ်ခဲ့ပါတယ်။ ဒီသတင်းအပြည်အစုံကို ထိုင်းအခြေစိုက်သတင်းထောက် ဦးမိုးဇော်က တင်ပြထားပါတယ်။
အက်စ်အက်အေခေါ် ရှမ်းပြည်တပ်မတော်-တောင်ပိုင်းရဲ့ နိုင်ငံရေးဦးဆောင်အဖွဲ့ဖြစ်တဲ့ ရှမ်းပြည် ပြန်လည်တည်ဆောက်ရေး ကောင်စီရဲ့ အစည်းအဝေးကို ဒီလ ၁၀ရက်နေ့ကနေ ၁၄ရက်နေ့အထိ ကျင်းပခဲ့တာဖြစ်ပြီး အရပ်သား ကိုယ်စားလှယ်တွေ အပါအ၀င် စုစုပေါင်း ၁၉၈ ယောက် တက်ရောက်ခဲ့ပါတယ်။ ဒီအစည်းအဝေးက ဆုံးဖြတ်ချက် ၆ချက် ချမှတ်မှတ်ခဲ့ပါတယ်။ အက်စ်အက်စ်အေ တောင်ပိုင်းရဲ့ ပြောရေးဆိုခွင့်ရှိသူ ဗိုလ်မှူး စိုင်းလောင်ဝ်ဆိုင်းက ဒီဆုံးဖြတ်ချက်တွေနဲ့ ပတ်သက်ပြီး အခုလို ပြောပါတယ်။
“ကျနော်တို့ ရှမ်းပြည်တွင်းမှာ ရှိနေတဲ့ အဖွဲ့အစည်းတွေ ငြိမ်းချမ်းရေးယူထားတဲ့ အဖွဲ့အစည်းတွေ အားလုံးရော နောက်ပြီးတော့ အက်စ်ပီးဒီစီကိုရောပေါ့။ ကျနော်တို့ အပြုသဘောဆောင်တဲ့ နိုင်ငံရေး ဆွေးနွေးပွဲတွေ ဖြစ်လာအောင် ကျနော်တို့ ဦးစားပေးပြီးတော့ ဆောင်ရွက်သွားဖို့ ကျနော်တို့ ဆုံးဖြတ်ချက် ချမှတ်ထားပါတယ်။ အဲဒီအပေါ်မှာ မူတည်ပြီးတော့ ကျနော်တို့ အဖက်ဖက်ကနေ လက်ခံနိုင်တဲ့ ဒီ တွေ့ဆုံဆွေးနွေးပွဲတွေ ဖြစ်လာအောင် ကျနော်တို့ ကြိုးစားသွားမယ်လို့ ကျနော်တို့ ဆုံးဖြတ်ချက်ချထားတာပါ။”
အခုကျင်းပတဲ့ အစည်းအဝေးအတွင်းမှာ အက်စ်အက်စ်အေ -တောင်ပိုင်းဟာ တပ်အင်အားကို ခိုင်မာအောင် ဆောင်ရွက်သွားမယ်လို့လည်း ဆုံးဖြတ်ခဲ့ပါတယ်။ ဒီလို ဆုံးဖြတ်ရတဲ့ အခြေအနေကို ဗိုလ်မှူး စိုင်းလောင်ဝ်ဆိုင်းက အခုလို ရှင်းပြပါတယ်။
“တွေ့ဆုံဆွေးနွေးပွဲ ဆိုတာက နိုင်ငံရေးအပေါ် အခြေခံပြီး ကျနော်တို့ ကြိုးစားနေတာပါ။ တဘက်ကလည်း နအဖဘက်ကလည်း ကျနော်တို့ ရှမ်းပြည်တွင်းမှာ ဆိုရင် တမြို့နယ်မှာ တပ်ရင်း သုံး-လေးရင်းလောက် တိုးချဲ့ပြီးတော့ နေနေတာရှိပါတယ်။ ယနေ့ ထက်ထိပါပဲ၊ ကျနော်တို့ နိုင်ငံရေးစကား ပြောလာပြီ ဆိုရင်လည်း ဒီ နအဖဘက်ကနေ ဘယ်ခေတ်မဆို စစ်ရေးနည်းလမ်းနဲ့ပဲ ဖြေရှင်းတာတွေ ရှိပါတယ်။ ဒီတော့ ကျနော်တို့မှာလည်း ကျနော်တို့ကိုယ် ကျနော်တို့ ကာကွယ်ဖို့ အတွက် စစ်အင်အားတွေရှိထားဖို့ လိုတယ်ဆိုတဲ့အကြောင်းကြောင့် ကျနော်တို့ စစ်အင်အားတွေ တိုးချဲ့တာ မဟုတ်တောင်မှ ကျနော်တို့ ကိုယ်ကျနော်တို့ ကာကွယ်ဖို့ စစ်အင်အားတွေ စုဆောင်းတာတော့ ရှိပါတယ်။”
ရှမ်းပြည် ပြန်လည် တည်ဆောက်ရေးကောင်စီရဲ့ ဆုံးဖြတ်ချက် ၆ချက်က နောက် ဆုံးဖြတ်ချက်တခုကတော့ သဘာဝပတ်ဝန်ကျင် ပျက်စီးမှုကို ကာကွယ်ဖို့ နဲ့ ကျွဲနွားတွေ ပြည်ပကို တင်ပို့မှုတွေကို လျော့နည်းစေဖို့ သစ်နဲ့ ကျွဲနွားတွေအပေါ်ကို အခွန်တိုးမြှင့်ကောက်ခံမယ်လို့လည်း ဆုံးဖြတ်ခဲ့ပါတယ်။
ရှမ်းပြည်က နိုင်ငံရေးအဖွဲ့တွေနဲ့ စည်းလုံး ညီညွတ်ရေး တည်ဆောက် သွားမယ်ဆိုတဲ့ အက်စ်အက်စ်အေတောင်ပိုင်းရဲ့ ဆုံးဖြတ်ချက်ကို ပလောင် ပြည်သူ့ လွတ်မြောက်ရေးတပ်ဦးရဲ့ အထွေထွေ အတွင်းရေးမှူး မိုင်အိုက်ဖုန်းက ကြိုဆိုလိုက်ပါတယ်။
“ရှမ်းပြည်မှာ ကျနော်တို့ မတူကွဲပြားတဲ့ လူမျိုးစုတွေ အများကြီး ရှိတဲ့အပြင် မတူကွဲပြားတဲ့ အဖွဲ့တွေလည်း အများကြီးရှိတယ်လို့ ကျနော်တို့ မြင်တယ်၊ အဲဒီအဖွဲ့တွေလည်း ဒီလို လူမျိုးစုတွေ အားလုံး စုစည်းဖို့ ကျနော်တို့မှာ တာဝန်ရှိတယ်၊ အခု အက်စ်အက်စ်အေ တောင်ပိုင်းချမှတ်သလို ကျန်တဲ့အဖွဲ့တွေလည်း ထိုနည်းတူစွာ လုပ်ငန်းတွေလည်း ချမှတ်သင့်တယ်၊ ဒါမှသာ ကျနော်တို့ ရှမ်းပြည်မှာ စည်းလုံးညီညွတ်ရေးကို ခိုင်ခိုင်မာမာ တည်ဆောက်ပြီးတော့ တကယ့်တန်းတူရေးကို တည်ဆောက်ပြီးမှပဲ ကျနော်တို့ မျှော်မှန်းထားတဲ့ တပြည်လုံးရဲ့ ငြိမ်းချမ်းရေးနဲ့ တရားမျှတရေးကို ဦးတည်ပြီးတော့ ဆောင်ရွက်နိုင်မယ်လို့ ကျနော်မြင်တယ်။”
ဆက်လက်ပြီး မိုင်အိုက်ဖုန်းက ဒီလို စည်းလုံးညီညွတ်ရေးတည်ဆောက်ရာမှာ ညီရင်းအကိုစိတ်နဲ့ လက်တွေ့အကောင်အထည်ဖော်ဖို့ လိုအပ်တဲ့အကြောင်း ပြောပါတယ်။
အက်စ်အက်စ်အေ-တောင်ပိုင်းဟာ ၁၉၉၆ခုနှစ်မှာ ခွန်ဆာခေါင်းဆောင်တဲ့ မော်ထိုင်းတပ်မတော် လက်နက်ချချိန်မှာ ခွဲထွက်ပြီး မြန်မာစစ်အစိုးရကို ဆက်လက်တော်လှန်နေတဲ့ အဖွဲ့ဖြစ်ပါတယ်၊ လွန်ခဲ့တဲ့နှစ် မေလအတွင်းက မြန်မာစစ်အစိုးရနဲ့ တွေ့ဆုံဆွေးနွေးဖို့ ကြိုးစားခဲ့ပေမယ့် မအောင်မြင်ခဲ့ပါဘူး၊ ၂၀၀၅ခုနှစ်အတွင်းကလည်း ယူဒဗလူ အက်အေခေါ် အပစ်ရပ် ၀ပြည်သွေးစည်းညီညွတ်ရေးတပ်နဲ့ မြန်မာတပ်ဖွဲ့တွေက အက်စ်အက်စ်အေ-တောင်ပိုင်းရဲ့ ဌာနချုပ်လွိုင်တန်းလျန်းကို အပြင်းအထန် ထိုးစစ်ဆင်ခဲ့ကြပါတယ်။",3.0,3.0,3.0,5.0,5.0,"The text is a well-structured, professional news report about political developments in Shan State. It provides clear, factual reporting on organizational decisions and historical context. It uses natural, authentic Burmese journalistic language and reflects the specific socio-political landscape of the region, making it highly relevant for understanding local current affairs."
<urn:uuid:9306bcf3-741c-4c8f-b20d-c9e106d1098b>,"08 Oct 2015
[:my]မန်မာ့ဦးဆောင်ဆက်သွယ်ရေးအော်ပရေတာ MPT မှ မြန်မာ့အိုင်တီလူငယ်များအတွက်စိတ်လှုပ်ရှားစရာအစီအစဉ်တွင်ပူးပေါင်းကူညီမည်
ရန်ကုန်၊ မြန်မာ။ ၂၀၁၅ ခုနှစ် အောက်တိုဘာလ ၈ ရက် – မြန်မာနိုင်ငံ၏ ဦးဆောင်ဆက်သွယ်ရေးအော်ပရေတာဖြစ်သော မြန်မာ့ဆက်သွယ်ရေးလုပ်ငန်း (MPT) သည် မကြာခင်ပြုလုပ်မည့် မြန်မာဆိုက်ဘာဆီးဂိမ်းပြိုင်ပွဲတွင် Diamond စပွန်ဆာအဖြစ် ဆောင်ရွက်သွားမည်ဖြစ်ကြောင်း ယနေ့ သတင်းထုတ်ပြန်လိုက်သည်။
ပြိုင်ပွဲ၏ ပထမအဆင့်ကို ရန်ကုန်မြို့ MICT Park (Conference Hall) ၌ ၂၀၁၅ ခုနှစ်၊ အောက်တိုဘာ ၉ ရက်နေ့တွင် ကျင်းပသွားမည်ဖြစ်ပြီး ပြိုင်ပွဲတွင် အသင်းဝင် ၃ ယောက်စီပါဝင်သော အသင်း ၁၀ သင်းက ဝင်ရောက်ယှဉ်ပြိုင်ကြမည်ဖြစ်သည်။ ပထမ၊ ဒုတိယ၊ တတိယဆုများကို ဂျပန်ဒိုင်လူကြီးများမှ အကဲဖြတ်ပေးမည်ဖြစ်ပြီး အနိုင်ရရှိသော အသင်းက ၂၀၁၅ ခုနှစ်၊ နိုဝင်ဘာလ ၁၀ ရက်နှင့် ၁၁ ရက်တွင် အင်ဒိုနီးရှားနိုင်ငံ၌ ကျင်းပပြုလုပ်မည့် Japan-ASEAN Cyber SEA Games သို့ တဆင့်တက်လှမ်းကာ သွားရောက်ယှဉ်ပြိုင်ရမည်ဖြစ်သည်။
“ဒီပွဲက မြန်မာနိုင်ငံမှာ ပထမဆုံးကျင်းပတဲ့ ဆိုက်ဘာဆီးဂိမ်းပွဲဖြစ်ပါတယ်။ ဒီပွဲမှာ sponsor ပေးရတဲ့ ရည်ရွယ်ချက်ကတော့ MPT အနေနဲ့ လူငယ်တွေရဲ့ နည်းပညာဗဟုသုတတွေ ပိုမိုတိုးတက်လာဖို့နဲ့ ဆိုက်ဘာလုံခြုံရေးနဲ့ ပတ်သက်တဲ့ စွမ်းရည်တွေပိုမိုလုံလောက်ဖွံ့ဖြိုးလာဖို့ ကြိုးပမ်းတဲ့နေရာမှာ ကူညီပံ့ပိုးချင်တာကြောင့်ဖြစ်ပါတယ်။ မြန်မာလူမျိုးတွေ နည်းပညာနဲ့ အိုင်တီပိုင်းဆိုင်ရာ ဗဟုသုတတွေ ပိုမိုတိုးတက်လာအောင် ထောက်ပံ့ကူညီခြင်းအားဖြင့် ကျွန်တော်တို့ရဲ့ သဘောထားကို ဒီပွဲမှာပြသလိုက်တာပါပဲ” ဟု MPT-KSGM Joint Operations ၏ Chief Commercial Officer ဖြစ်သူ Mr.Koichi Kawase ကပြောသည်။
ယခုကျင်းပမည့် ဆိုက်ဘာဆီးဂိမ်းပွဲကို Forensics, Reverse Engineering, CND (Computer Network Defense Hardening), and Pentest အသုံးပြုသူများအတွက် ရည်ရွယ်ကျင်းပခြင်းဖြစ်သည်။ ပါဝင်ယှဉ်ပြိုင်လိုသူများသည် အသက် ၃၀ နှစ်အောက်ဖြစ်ရမည်ဖြစ်ပြီး အခြေခံ IT/system engineering တတ်ကျွမ်းနားလည်သူဖြစ်ရမည်။ လက်ရှိ National CERT အသင်း အဖွဲ့ဝင်/ ဝန်ထမ်း သို့မဟုတ် လက်ရှိတွင် ဆိုက်ဘာလုံခြုံရေးဥပဒေအတွက် အစိုးရဝန်ထမ်းအဖြစ် တာဝန်ထမ်းဆောင်နေသူများအနေဖြင့် အဆိုပါပြိုင်ပွဲတွင် ၀င်ရောက်ယှဉ်ပြိုင်ခွင့်ရရှိမည်မဟုတ်ပါ။
ဆုကြေးငွေများအနေဖြင့် ပထမဆု ၅ သိန်းကျပ်၊ ဒုတိယဆု ၃ သိန်းကျပ်နှင့် တတိယဆု ၂ သိန်းကျပ်တို့ကို အသီးသီးချီးမြှင့်သွားမည်ဖြစ်သည်။ နောက်ဆုံးအဆင့်ပြိုင်ပွဲတွင် ရွေးချယ်ခံရသော အသင်းသည် ဂျပန်-အာဆီယံ ပူးပေါင်းအဖွဲ့၏ ရံပုံငွေဖြင့် ဂျပန်သို့ ဖိတ်ခေါ်ခြင်း ခံရမည်ဖြစ်သည်။
ဤဆိုက်ဘာဆီးဂိမ်းပြိုင်ပွဲသို့ ပါဝင်ယှဉ်ပြိုင်လိုသူများအနေဖြင့် လျှောက်လွှာများကို www.mcfmyanmar.org/images/pdf/cyber-sea-game-entry-form.pdf တွင်ရယူ၍ဖြစ်စေ ဝက်ဘ်ဆိုက်တွင် လျှောက်ထား၍ဖြစ်စေ ပါဝင်နိုင်သည်။ အသေးစိတ်သိရှိလိုသည်များကိုwww.mcfmyanmar.org/images/pdf/cyber-sea-game-rules-and-details.pdf တွင်လည်း ၀င်ရောက်ကြည့်ရှုနိုင်သည်။[:]",2.0,1.0,3.0,4.0,3.0,"The document is a press release about a cybersecurity competition. It provides factual information about an event, which has some educational relevance for IT students, but it is promotional in nature. It is written in natural, professional Burmese, though it contains some boilerplate and external links, making it a clean and authentic source."
<urn:uuid:031bcc96-e335-40a8-b865-4f967830a86f>,"- မောင်တောဒေသ စုံစမ်းစစ်ဆေးရေး ကော်မရှင် အစည်းအဝေး (၂/၂၀၁၇) ကျင်းပ
- မစ္စရန်ဟီလီနှင့် အဖွဲ့ မြန်မာနိုင်ငံ သတင်းမီဒီယာ ကောင်စီမှ တာဝန် ရှိသူများနှင့် တွေ့ဆုံ ဆွေးနွေး
- နိုင်ငံခြားရေးဝန်ကြီးဌာန၊ ဒုတိယဝန်ကြီး ဦးကျော်တင်မှ ဩစတြေးလျနိုင်ငံ လွှတ်တော် ကိုယ်စားလှယ် Senator Mr. Dean Smith ဦးဆောင်သော အဖွဲ့အား လက်ခံတွေ့ဆုံ
- ကိုယ်ဝန်ဆောင် မိခင်များနှင့် အသက် (၂)နှစ်အောက် ကလေးများ ငွေကြေး ထောက်ပံ့ရေး အစီအစဉ် စတင် ဆောင်ရွက်မည်
- (၁၇) ကြိမ်မြောက် မြန်မာ့တိုင်းရင်းဆေး သမားတော်များ ညီလာခံ အကြို ညှိနှိုင်း ဆွေးနွေးပွဲ ကျင်းပ
Draft Law
နိုင်ငံခြားသားများဆိုင်ရာ ဥပဒေကြမ်း
ပြည်ထောင်စုရွေးကောက်ပွဲကော်မရှင်ဥပဒေကို ဒုတိယအကြိမ် ပြင်ဆင့်သည့် ဥပဒေကြမ်း
စာရင်းအင်းဥပဒေ (မူကြမ်း)
ဥပဒေဆိုင်ရာ အထောက်အကူပေးရေးဥပဒေကို ပြင်ဆင်သည့်ဥပဒေ
ပြည်တွင်းရေကြောင်းပို့ဆောင်ရေးအဖွဲ့ ဥပဒေကို ရုပ်သိမ်းသည့် ဥပဒေ (မူကြမ်း)
မြန်မာနိုင်ငံ ရင်းနှီးမြှုပ်နှံမှု ဥပဒေ (မူကြမ်း)
နိုင်ငံသားများ၏ ပုဂ္ဂိုလ်ဆိုင်ရာ လွတ်လပ်မှုနှင့် လုံခြုံမှုကို ကာကွယ်ရေးဥပဒေ
ဥပဒေဘာသာပြန်ကော်မရှင်ဥပဒေကို ပြင်ဆင်သည့် ဥပဒေ
ဝင်ငွေခွန်ဥပဒေကို ပြင်ဆင်သည့် ဥပဒေပြန်ဋ္ဌာန်း",2.0,0.0,3.0,3.0,4.0,"The document is a list of government news headlines and legislative drafts. It provides factual information about administrative activities in Myanmar, requiring basic civic knowledge. It is clean and formatted as a list, using natural Burmese administrative terminology, though it lacks deep reasoning or educational narrative structure."
<urn:uuid:b57d47c6-fc5c-4627-a3a9-68ee543a3f39>,လူ့ရပိုင်ခွင့်များသည် အာမခံခြင်း၊ လေးစားခြင်း၊ အားပေးခြင်းနှင့်ကျင့်သုံးခြင်းတို့ကို ဆောင်ရွက်ပါမှ အသက်ဝင်တည်တံ့ရိုး ဖြစ်ပေသည်။ ထို့ကြောင့် ထိုသို့ဆောင်ရွက်နိုင်ရန် သက်ဆိုင်ရာမဏ္ဍိုင်၊ အင်စတီကျူးရှင်းနှင့် အစုအဖွဲ့များက သက်ဆိုင်ရာ ဆောင်ရွက်စရာများကို ဆောင်ရွက်ကြရပါလိမ့်မည်။ လူ့ရပိုင်ခွင့်များကို အာမခံခြင်းအား နိုင်ငံ၏အစိုးရဖြစ်သော အုပ်ချုပ်ရေးမဏ္ဍိုင်နှင့် တရားစီရင်ရေးမဏ္ဍိုင်များက ဆောင်ရွက်ကြရပြီး ယင်းအား လေးစား ခြင်းနှင့် အားပေးခြင်းတို့ကို ဥပဒေပြုရေး မဏ္ဍိုင်က ပိုမိုထင်ရှားစွာဆောင်ရွက်ကြလေ့ရှိပေ သည်။ ကျင့်သုံးခြင်းတွင်မူ စတုတ္ထနှင့်ပဉ္စမမဏ္ဍိုင်တို့ဖြစ်ကြသော မီဒီယာနှင့်လူထုကပါ ပူးပေါင်း ဆောင်ရွက်နိုင်ကြပါသည်။ သို့မှသာ နိုင်ငံတွင်း လူ့ရပိုင်ခွင့်များ အသက်ဝင်တည်တံ့နိုင်မည် ဖြစ်ပါသည်။ သို့ဆိုရာတွင် သက်ဆိုင်ရာမဏ္ဍိုင်များက သက်ဆိုင်ရာအစိတ်အပိုင်းများကို မည်မျှ အောင်မြင်ရှင်သန်အောင် ဆောင်ရွက်နိုင်ခြင်းရှိ-မရှိကို လေ့လာအကဲဖြတ်မှုသည်လည်း လိုအပ် ချက်တစ်ခု ဖြစ်ပါမည်။ ထိုလိုအပ်ချက်ကို ဖြည့်ဆည်းသည့်အနေဖြင့် အာဏာသုံးရပ်ခွဲဝေ ကျင့်သုံးသည့် ဒီမိုကရေစီနိုင်ငံများတွင် လူ့ရပိုင်ခွင့်ဆိုင်ရာ […]Read More →,3.0,3.0,3.0,3.0,4.0,"The text provides a coherent, educational overview of human rights and governance structures in a democratic context. It uses formal Burmese terminology appropriate for civic education. While it contains a 'Read More' snippet, the core content is well-structured, logically sound, and reflects authentic local political discourse."
<urn:uuid:62727f5a-60a0-49ed-b357-b0f0de22cde0>,"Interview with Cyber Security Talent: Min Ko Ko
1. ညီရဲ့ အကြောင်းလေး ပြောပါဦး။
ကျွန်တော်နာမည်အရင်းက မင်းကိုကိုပါ။ ဒီ Computer နယ်ပယ်ထဲစဝင်တုန်းက cyberoot ဆိုတဲ့ nickname ကြောင့်အများကတော့ KoRoot လို့ခေါ်ကြပါတယ်။ Computer ကျောင်းပြီးပြီး ၂ နှစ်ကျော်မှ Computer နယ်ပယ်ထဲသေချာဝင်ဖြစ်ပါတယ်။ မှတ်မှတ်ရရတော့ အသက် ၂၅ (2012)ကစပြီး web developing စပြီးလေ့လာဖြစ်တယ် အဲလိုကနေပဲ security အပိုင်းဆက်ပြီးလေ့လာဖြစ်ပါတယ်။ 2019 လောက်ကစပြီး web developing ပိုင်းသိပ်မလုပ်တော့ပဲ security အပိုင်းသီးသန့်လေ့လာဖြစ်ပါတယ်။ လက်ရှိကတော့ Creatigon မှာ Cyber Security သင်တန်းတွေသင်နေပါတယ်။ အားတဲ့အချိန်တော့ စာဖတ်လိုက် စမ်းလိုက်ပါပဲ။
2. ဘာကြောင့် Ethical Hacking ကို စိတ်ဝင်စားဖြစ်သွားတာလဲ?
Web security ပဲပေါ့. ဒါက ကျွန်တော်ရဲ့ ပထမဆုံး web development လုပ်ထားတဲ့အတွေ့အကြုံတွေကို ကောင်းကောင်းအသုံးချခွင့်ရတယ်။ web security သိထားတော့ bug bounty တွေပါလိုက်ရှာကြည့်တယ်။ exploit, CVE တွေလည်း ရှာကြည့်ပါသေးတယ်။ အမှန်တိုင်းပြောရင် web ကလေ့လာရတာနည်းနည်းတော့ပိုများသလိုပဲ ဒါပေမယ့် အမြဲလေ့လာနေရင်တော့အဆင်ပြေသွားပါတယ်။ အခုတော့ Pentesting ကိုပိုလုပ်ဖြစ်ပါတယ်။ စိတ်ဝင်စားဖို့လည်းကောင်းပါတယ် လုံးဝမသိတာတွေပိုပြီးသိလာရတယ် အကြိုက်ဆုံးအပိုင်းကတော့ Privilege escalation အပိုင်းပါပဲ။ ဒီအပိုင်းကိုပိုပြီးလေ့လာနေပါတယ်။ Linux အပိုင်းက နည်းနည်းရပေမယ့် အခုအသစ်ထွက်လာတဲ့ Window AD လို့ဟာမျိုးကျ နည်းနည်းစိမ်းနေသေးတယ် အဲဒါကိုလည်းဆက်လုပ်ရဦးမှာပါ။ reversing ပိုင်းတော့နည်းနည်းသိတယ်. စိတ်ဝင်စားသော်လည်း အချိန်မပေးနိုင်သေးတာကြောင့် မလုပ်ဖြစ်သေးပါဘူး။ စိတ်ကူးထားတာက Pentesting, Reversing, Mobile, Forensic ဒီလိုအစဉ်အတိုင်းဆက်လေ့လာသွားပါမယ်။ Crypto ကိုတော့ သိပ်စိတ်မပါလို့ မလုပ်ဖြစ်ပါဘူး။
3. ဂုဏ်ယူရတဲ့ အောင်မြင်မှုရှိရင် ပြောပါဦး။
Computer ကျောင်းဆင်းဖြစ်တဲ့အတွက် B.C.Sc:Hons ရထားပါတယ်. ကျောင်းပြီးလို့ internet စသုံးတော့ Hacking စပြီးလေ့လာဖြစ်ပါတယ်။ ကျွန်တော်စလုပ်ကတည်းက YEHG team ကိုသတိထားမိပါတယ်။ အားကျခဲ့လို့ တစ်နေ့ကျရင် ဒီလိုမျိုးဖြစ်အောင်လုပ်မယ်ဆို စိတ်ကူးရှိခဲ့ဖူးပါတယ်။ Forum တွေမှာရှိတဲ့ Tutorials တွေလိုက်လုပ်ပြီး အချို့ Team တွေနဲ့ Join ဖြစ်ပါတယ်။ နောက်တော့ team ထဲက လူအချို့ပေါင်းပြီး CTF တွေ HTB တွေအတူဖြေခဲ့ကြပါတယ်။ ပထမဆုံး join ဖူးတဲ့ ဖိုရမ်က https://hackforums.net/ ပါပဲ။ အရင်ကတော့ Certificate မယူတော့ဘူးလို့စိတ်ကူးထားပေမယ့် နောက်ပိုင်း သင်တန်းတွေအရမ်းများလာတဲ့အတွက်ကြောင့် ဖြေဖြစ်ခဲ့ပါတယ်။ Certificate အနေနဲ့တော့ OSWE,OSCE,OSCP,OSWP,EWPTX တို့ရထားပါတယ်. Exploit, CVE တစ်ချို့အပြင် တော်တော်များများ Website တွေမှာ Hall of Fame ရခဲ့ဖူးပါတယ်။
4. နောင်အနာဂတ်မှာ မိမိ ကိုယ်မှာ ဘယ်လို စိတ်ကူး အိမ်မှတ်တွေ ရှိလဲ?
ကျန်သေးတဲ့ Certificate အချို့ထပ်ဖြေဖြစ်မှာပါ။ လုပ်ချင်တဲ့အလုပ်တစ်ခုတော့ ရှိပါတယ် Offsec ရဲ့ Vulnerable Machine maker လုပ်ချင်တဲ့အတွက်လိုအပ်တာလေးတွေဆက်လေ့လာရဦးမှာပါ။ သင်တန်းအသစ်တွေထပ်ဖွင့်ပြီး ကလေးလည်းထိန်းရဦးမှာပါ. မိသားစုအတွက်အချိန်ပိုပေးဖြစ်မယ်ထင်တယ် security အပိုင်းကတော့အားတဲ့အချိန်ဖြည်းဖြည်းဆက်လုပ်သွားမှာပါ။
5. Ethical Hacking စိတ်ဝင်စားတဲ့ လူငယ်လေးတွေကို ဘာများ စကားလက်ဆောင်ပါးချင်ပါသလဲ?
ကိုယ်သိချင်တဲ့ နယ်ပယ်တစ်ခုကိုအရင်ပိုပြီး အာရုံစိုက်ကြပါလို့ပြောချင်ပါတယ်။ ဟိုလုပ်လိုက် ဒါလုပ်လိုက်နဲ့ယောင်နေတာမျိုးမဟုတ်ပဲ mobile ဆိုသီးသန့် mobile နဲ့ပတ်သက်ပြီး အခြေခံကနေ အသေးစိတ်နားလည်အောင်သေချာလေ့လာစေချင်ပါတယ်။ security အပိုင်းကအမြဲလုပ်နေဖို့လိုအပ်တာကြောင့် စိတ်မပျက်ဘဲ လုပ်စရာရှိတာ ဆက်လုပ်ပါလို့တိုက်တွန်းလိုပါတယ်။ အချင်းချင်းမေးမြန်း တိုင်ပင်ပြီး ပေါင်းလုပ်ရင်တော့ ပိုပြီးထိရောက်ပါတယ် စိတ်ရင်းမှန်နဲ့ ရိုးသားကြဖို့လည်းပြောချင်ပါတယ်။ သူထက်ပိုတော်တယ်ဆိုတာမျိုးကတော့မရှိပါဘူး ကျွမ်းကျင်ရာလိမ်မာကြတာပါပဲ။ လူတိုင်းကိုလေးစားကြပြီး ဒီထက်ပိုပြီး စည်းလုံးစေချင်ပါတယ်။
6. ညီ့ကို အားကျတဲ့ လူငယ်လေးတွေက ဘယ်လို Follow လုပ်လို့ ရမလဲ?
ကျွန်တော်ကတော့ facebook ကိုပဲပိုသုံးဖြစ်တာကြောင့် https://www.facebook.com/l33twebhacker/ ဒီမှာပဲရှိပါတယ်။
မေးမြန်းပေးတဲ့အတွက် YEHG မှ ကိုအောင်ခန့်ကိုလည်း ကျေးဇူးအများကြီးတင်ပါတယ်။",3.0,2.0,3.0,5.0,4.0,"The document is a well-structured interview providing insights into the cybersecurity field in Myanmar. It offers educational value for aspiring tech professionals, demonstrates logical career progression, and uses natural, authentic Burmese language. It is clean, professional, and reflects the local tech community's culture and terminology accurately."
<urn:uuid:228225bf-b7c3-45aa-b586-85d2b7c95b0c>,"Betamint
""အပူဒဏ်၊ဝမ်းပျက်သွေးပါအူနာဒဏ်နှင့် မှိုဆိပ်ကြောင့် ကာကွယ်နှုန်းကျဒဏ်"" ""အထူးကာကွယ်ဆေး""
ဆေးပါဝင်မှု
Betaine, Vitamin C, Electrolytes (K, Na, Mg, Ca) နှင့် Menthol တို့ပါဝင်သည်။
ဆေးအညွှန်း
(၁) အပူဒဏ်၊ ဝမ်းပျက်သွေးပါအူနာဒဏ်နှင့် မှိုဆိပ်ကြောင့် ကာကွယ်ဆေးအောင်နှုန်း
ကျဆင်းမှုဒဏ် (ဒဏ် ၃မျိုး) တို့ကို ကာကွယ်ပေးနိုင်စွမ်းရှိပါသည်။ (Antistress)
(၂) Broiler များ၌ ရင်အုပ်ကြွက်သား (Breast muscle) ပိုမိုကြီးထွားစေပြီး ကြက်များ
ခရီးဝေးသယ်ဆောင်ရာ၌ ကိုယ်အလေးချိန် လျော့ကျမှု (Weight loss)
နည်းပါးစေပါမည်။ ""ရောင်းသူ၊ ဝယ်သူ"" နှစ်ဖက်လုံးကို အကျိုးပြုနိုင်သည်။
(၃) အထူးသဖြင့် ခန္ဓာကိုယ်ရှိ (functional cells) အားလုံးတို့၏ ကျန်းမာကြံ့ခိုင်မှုနှင့်
တစ်စုံတရာအပျက်အယွင်း ရှိပါက အမြန်ဆုံးပြန်လည်ပြုပြင်ထူထောင်ပေးနိုင်မှု
(Rapid Turn-Over) နှင့် အထူးသဖြင့် သွေးဖြူဥ (WBC) တို့၏ စွမ်းဆောင်ရည်ကို မြှင့်တင်ပေးမှုတို့အရ ကိုယ်ခံစွမ်းအားနှင့် ကာကွယ်ဆေးအောင်နှုန်း တိုးတက်ရေးအပေါ် အထောက်အကူရစေပါသည်။
ဆေးသုံးစွဲနှုန်း
Preventive Dosage = 1 ml/1Lit Water- (3-5) Days
Control Dosage = 2 ml/1 Lit Water- (3-5) Days
ထုတ်ပိုးပုံ - ၁လီတာဘူး
ထုတ်လုပ်သည့်နိုင်ငံ - Spain",2.0,1.0,3.0,4.0,2.0,"The document is a product label for veterinary medicine. It provides basic educational information on animal health and dosage. It is clean and well-structured, though it lacks deep reasoning. The language is natural for a Burmese technical/commercial context, using appropriate terminology for livestock management."
<urn:uuid:298207ff-ae79-48bd-9e13-5363be8fdf73>,"ရခိုင်ရှိ လူနည်းစုတိုင်းရင်းသားများ လူမျိုးသုဉ်း သတ်ဖြတ်မခံရရန် ကာကွယ်ပေးမည်ဟု ကာချုပ် ကတိပေး
2.5K
ရခိုင်ဒေသရှိ လူနည်းစုတိုင်းရင်းသားတွေ လူမျိုးသုဉ်း သတ်ဖြတ်မှု မခံရအောင် အပြည့်အဝ ကာကွယ်ပေးသွားမယ်လို့ တပ်မတော်ကာကွယ်ရေးဦးစီးချုပ် ဗိုလ်ချုပ်မှူးကြီး မင်းအောင်လှိုင်က ကတိပြုပြောကြားလိုက်ပါတယ်။ ပြင်ဦးလွင်မြို့၊ စစ်တက္ကသိုလ် စစ်ရေးပြကွင်းမှာ ဒီကနေ့မနက် ကျင်းပတဲ့ စစ်တက္ကသိုလ် ဗိုလ်လောင်းသင်တန်း အမှတ်စဉ် (၅၉) သင်တန်းဆင်း ဂုဏ်ပြု စစ်ရေးပြအခမ်းအနား မိန့်ခွန်းမှာ ပြောကြားခဲ့တာပါ။ “ARSA အစွန်းရောက် အကြမ်းဖက်သမားတွေကို နိုင်ငံတော်အနေနဲ့ အကြမ်းဖက်သမားများဟု ကြေညာထားပြီးဖြစ်ပေမယ့် နိုင်ငံတကာ အဖွဲ့အစည်းတချို့နဲ့ ပြည်ပသတင်းဌာနအချို့က ဖြစ်စဉ်မှန်တွေကို ဖုံးကွယ်ပြီး မှန်ကန်မှုမရှိတဲ့ သတင်းတွေကို အခြေခံထားတဲ့ သတင်းထုတ်ပြန်ဖော်ပြမှု၊ လှုံ့ဆော်ဝါဒဖြန့်မှုတွေကြောင့် နိုင်ငံတကာက ဖြစ်စဉ်အခြေအနေမှန်အား မသိရှိတာကို တွေ့မြင်ရမှာဖြစ်ကြောင်း၊ နိုင်ငံတော်အစိုးရနဲ့ တပ်မတော်အနေနဲ့ တရားဥပဒေနဲ့အညီ မှန်ကန်စွာ လုပ်ဆောင်နေပေမယ့် နိုင်ငံတကာမှ သိရှိမှုတွေ မှားယွင်းနေကြောင်း၊ တပ်မတော်အနေနဲ့ တိုင်းရင်းသားတွေနဲ့ တစည်းတလုံးတည်း စိတ်ချမ်းမြေ့စွာ နေထိုင်နိုင်ဖို့ ထာဝစဉ် စောင့်ထိန်း ဆောင်ရွက်သွားမယ်၊ ရခိုင်ဒေသရှိ လူနည်းစု တိုင်းရင်းသားတွေ လူမျိုးသုဉ်းသတ်ဖြတ်မှု မခံရအောင် အပြည့်အဝ ကာကွယ်ပေးသွားမယ်” လို့ ပြောပါတယ်။ ပြည်တွင်းငြိမ်းချမ်းရေး ဖော်ဆောင်မှုနဲ့ ပတ်သက်ပြီးလည်း ကာကွယ်ရေးဦးစီးချုပ်က “အန်စီအေဟာ အမည်နာမအားဖြင့်သာ ပစ်ခတ်တိုက်ခိုက်မှုရပ်စဲရေး သဘောတူစာချုပ် ဖြစ်သော်လည်း အနှစ်သာရအားဖြင့် ပိုမိုနက်ရှိုင်းပါကြောင်း၊ စာချုပ်တွင် ပါဝင်သည့် အချက်များသည် တိုင်းရင်းသားပြည်သူလူထု၏ အခွင့်အရေးကို ကန့်သတ်ထားခြင်း၊ ချုပ်ချယ်ထားခြင်း၊ ပိတ်ပင်ထားခြင်း တခုမှ မပါဝင်ဘဲ အခွင့်အရေးများကို တတ်နိုင်သမျှ ပေးထားကြောင်း၊ အန်စီအေ စာချုပ်တွင် ပါဝင်သည့် လုပ်သင့်လုပ်ထိုက်သည့်ကိစ္စများကို မြန်မြန်ဆန်ဆန် အကောင်အထည်ဖော် လုပ်ဆောင်ခြင်းအားဖြင့် ငြိမ်းချမ်းမှု၏ ရလဒ်များ၊ အသီးအပွင့်များကို အမြန်ဆုံးရယူ ခံစားနိုင်မည်ဖြစ်ကြောင်း” ပြောပါတယ်။ ဒါ့အပြင် တပ်မတော်ရဲ့ ငြိမ်းချမ်းရေးမူဝါဒ ၆ ရပ်ဟာ အတိတ်သမိုင်းကြောင်း အခြေအနေတွေနဲ့ လက်ရှိအခြေအနေတွေကို နှိုင်းယှဉ်ပြီး နှစ်ဖက်စလုံး လိုက်နာပူးပေါင်း ဆောင်ရွက်သင့်တဲ့ အခြေခံအချက်တွေကို ဖော်ထုတ်ထားခြင်း ဖြစ်တယ်၊ တပ်မတော်အနေနဲ့ အမျိုးသားရေးတာဝန်ဖြစ်တဲ့ တို့တာဝန် အရေးသုံးပါးကို မည်သည့်အခါမှ ပွန်းပဲ့ခံမှာ မဟုတ်ဘဲ အမြဲဦးထိပ်ပန်ဆင်ပြီး ကာကွယ်စောင့်ရှောက်သွားမယ်လို့လည်း ပြောပါတယ်။ ဓာတ်ပုံ-တပ်မတော်",2.0,2.0,3.0,4.0,5.0,"The text is a news report on a military official's speech. It provides basic political context (educational value) and simple argumentative structures regarding peace processes (reasoning). It requires moderate political knowledge to understand (professionalism). It is clean, well-structured, and uses authentic, natural Burmese political terminology and honorifics, reflecting local socio-political discourse."
<urn:uuid:b6f9485e-7dd0-40a0-8a97-635f5d78f791>,"02-Aug-2018
အွန်လိုင်းသရုပ်ဆောင် အောင်ရဲထွေးသေဆုံးမှုနှင့်ပတ်သက်၍ နိုင်ငံတော်သမ္မတက သက်ဆိုင်ရာတာဝန်ရှိသူများကို ခေါ်ယူသတိပေးပြီးနောက် ပြစ်မှုကျူးလွန်ကြောင်း အစွပ်စွဲခံရသူများထက် ယင်းအမှုကို ကျေအေးရုပ်သိမ်းခွင့်ပြုသူများအပေါ် ပြည်သူလူထုက ပို၍သတိပြုမိစရာ ဖြစ်သွားခဲ့သည်။
ဇူလိုင်လ ၃၁ ရက်နေ့တွင် နိုင်ငံတော်သမ္မတက ပြည်ထောင်စုတရားသူကြီးချုပ်၊ ပြည်ထောင်စုရှေ့နေချုပ်နှင့် အဂတိလိုက်စားမှု တိုက်ဖျက်ရေးကော်မရှင်ဥက္ကဋ္ဌတို့ကို ခေါ်ယူတွေ့ဆုံကာ အဆိုပါအမှု ရုပ်သိမ်းခြင်းနှင့်ပတ်သက်သော နောက်ခံအကြောင်းအရင်းများ၊ အခြားဆက်နွှယ်ပတ်သက်မှုများနှင့်ပတ်သက်၍ တိတိကျကျ စိစစ်ပြီး ဥပဒေနှင့်အညီ မှန်မှန်ကန်ကန်ဆောင်ရွက်ရေး လမ်းညွှန်ပြောဆိုခဲ့ပြီးနောက် ထိုသို့သတိပြုမိလာကြခြင်းဖြစ်သည်။
အခြားတစ်ဖက်တွင်လည်း အွန်လိုင်းလူမှုကွန်ရက်တွင် အစွပ်စွဲခံရသူ သုံးဦးနှင့် ပတ်သက်သော အကြောင်းအရာများ၊ ၎င်းတို့၏ ပတ်သက်ဆက်စပ်မှုများကို ဓာတ်ပုံများနှင့်တကွ တာဝန်သိပြည်သူအချို့က ဖော်ထုတ်ဖွင့်ချထားပြီး အမှုရုပ်သိမ်းမှု၏ အဓိကတာဝန်ရှိသူ ရန်ကုန်တိုင်းဥပဒေချုပ်၊ အရှေ့ပိုင်းခရိုင် တရားသူကြီးတို့ကို သိန်းထောင်ချီ လာဘ်ငွေလက်ခံရယူခဲ့ကြောင်း စွပ်စွဲမှုများလည်း ထွက်ပေါ်လျက်ရှိသည်။
ထိုသို့ ရုပ်သိမ်းကျေအေးခွင့်ပြုသည့်အပေါ် သက်ဆိုင်ရာ ခရိုင်ရဲတပ်ဖွဲ့က သဘောမတူကန့်ကွက်ကြောင်း တရားဝင် ထုတ်ပြန်ချက်ကိုလည်း အွန်လိုင်းလူမှုကွန်ရက်တွင် ပျံ့နှံ့လျက်ရှိသည့်အပြင် တရားခံများဘက်ကလည်း ၎င်းတို့အမှုကို ပြန်လည်ပြင်ဆင်ချက်တင်ပြီး စစ်ဆေးမည်ကို မကျေနပ်သောကြောင့် ၎င်းတို့ မည်သူ့ထံ မည်မျှ လာဘ်ငွေပေးခဲ့ကြောင်း တရားဝင် ဖွင့်ချမည်ဟုလည်း သတင်းများ ထွက်ပေါ်လျက်ရှိသည်။
အထက်ဆိုခဲ့ပါ သတင်းများကြောင့် ပြည်သူလူထုအမြင်တွင် အောင်ရဲထွေး သေဆုံးရခြင်း၊ အစွပ်စွဲခံရသူများ၏ မိဘများကိုယ်တိုင် ရဲစခန်းတွင် လာရောက်အပ်နှံကာ အစွပ်စွဲခံရသူများ ဖမ်းဆီးထိန်းသိမ်းခံရပြီး တရားရင်ဆိုင်နေရခြင်း၊ တရားဥပဒေချုပ်၏အမိန့်ဖြင့် ရာဇဝတ်ကျင့်ထုံး ၄၉၄ အရ ကျေအေးရုပ်သိမ်းခွင့်ပြုလိုက်ခြင်းတို့ထက် ဥပဒေချုပ်နှင့် တရားသူကြီးတို့ အကျင့်ပျက်ခြစားမှု ရှိသလောဆိုသည့် သံသယများ ပိုကြီးထွားလာခဲ့သည်။
ပြည်သူများ သံသယဖြစ်စရာ ကောင်းလောက်အောင်ပင် ရန်ကုန်တိုင်းဒေသကြီးအတွင်း တရားစီရင်ရေးလောကအတွင်း အငြင်းပွားဖွယ်ရာ တရားစီရင်မှု အများအပြားရှိနေကြောင်း ရှေ့နေလောကအတွင်းမှ ဝေဖန်သုံးသပ်မှုများလည်း ရှိသည်။ အောင်ရဲထွေးသေဆုံးမှုကဲ့သို့ အများပြည်သူ စိတ်ဝင်စားနေသော အမှုအခင်းမျိုးဖြစ်၍သာ အွန်လိုင်းလူမှုကွန်ရက်တွင် ပြစ်တင်၊ ဝေဖန်ပြောဆိုမှု ပြင်းထန်ကျယ်ပြန့်နေခြင်းဖြစ်ပြီး အောင်ရဲထွေးအမှုကဲ့သို့ ထင်ပေါ်ကျော်ကြားမှု မရှိသောကြောင့် တစ်ဖက်သတ် နစ်နာခဲ့သော အမှုအခင်းများ မြန်မာနိုင်ငံတစ်ဝန်းတွင် ရာထောင်ချီ ရှိနေခဲ့သည်။
မည်သို့ပင်ဖြစ်စေ လက်ရှိ အောင်ရဲထွေးသေဆုံးမှုနှင့်ပတ်သက်၍ အွန်လိုင်းလူမှုကွန်ရက်ကို အသုံးပြုကာ နိုင်ငံတစ်ဝန်းမှ အမှန်တရားကို မြတ်နိုးသူ တာဝန်သိပြည်သူများက မိမိတို့ တတ်နိုင်သည့်နေရာမှ ဝိုင်းဝန်းကူညီခဲ့ခြင်းကြောင့် နိုင်ငံတော်သမ္မတကိုယ်တိုင် လက်ပိုက်ကြည့်မနေနိုင်တော့ဘဲ တာဝန်ရှိသူများကို သတိပေး၊ လမ်းညွှန်လာခြင်းဖြစ်သည်။
ထို့အပြင် များစွာ စိုးရိမ်ဖွယ်အခြေအနေ ရောက်ရှိနေသော တရားရေးမဏ္ဍိုင်ကို ပို၍သိက္ခာကျ အရှက်ရစေသူ မည်သူကိုမဆို ကျောသား၊ ရင်သား မခွဲခြားဘဲ ပြတ်သားစွာ ကိုင်တွယ် အရေးယူခြင်းဖြင့် ပြည်သူလူထုက ယုံကြည်မှု မရှိသလောက် နီးပါးဖြစ်နေသော တရားစီရင်ရေးလောကကို ပြုပြင်ပြောင်းလဲပါမည့်အကြောင်း တိုက်တွန်းအကြံပြုအပ်ပေသည်။
အယ်ဒီတာ (၂-၈-၂၀၁၈)
-
21-Jul-2019
-
21-Jul-2019
-
21-Jul-2019
-
21-Jul-2019
-
21-Jul-2019
-
21-Jul-2019
-
10-Jul-2019
-
09-Jul-2019
-
13-Jul-2019
-
04-Jul-2019
-
06-Jul-2019
-
01-Jul-2019",2.0,3.0,3.0,2.0,5.0,"The text is a journalistic editorial about a specific legal case in Myanmar. It provides insight into the judicial system and public sentiment. While informative, it contains significant boilerplate/date-stamping noise at the end. It demonstrates strong cultural context and logical analysis of the legal situation, though it is not a primary educational resource."
<urn:uuid:9d6cea50-099b-4d9f-b6a0-421fd4b8c27a>,"12 Jan 2017 182 Views
မြောက်ကိုရီးယား တိုက်ချင်းပစ် ဒုံးကျည်အန္တရာယ်ကို ပထမဆုံးအကြိမ် ထိထိရောက်ရောက် အရေးယူကာကွယ်တုံ့ပြန်မှုအဖြစ် ဟာဝိုင်ယီတွင် အမေရိကန်က ရေဒါစနစ်တစ်ခုကို စတင်ဖြန့်ကျက်လိုက်ကြောင်း သိရသည်။ မြောက်ကိုရီးယား အစိုးရက အမေရိကန် ပိုင်နက်ထိ တိုက်ခိုက်နိုင်သည့် တာဝေးပစ်တိုက်ချင်းပစ် ဒုံးကျည်များ စမ်းသပ်ရန် အသင့်အနေအထားရှိနေပြီဟု ကြေညာခဲ့ပြီးနောက် အမေရိကန်ဘက်က ပင်လယ်ပြင် အခြေစိုက် SB-X ရေဒါကို ဖြန့်ကျက်ခဲ့ခြင်း ဖြစ်သည်။ အမေရိကန် စစ်တပ်က မြောက်ကိုရီးယားအနေဖြင့် တာဝေးပစ်ဒုံးကျည်များ တီထွင်နိုင်ခြင်း မရှိသေးဟု ယုံကြည်နေသည့်တိုင် ယင်းအဆိုနှင့် ပတ်သက်၍ အရေးကြီးသည့် မဟာဗျူဟာကာကွယ်ရေး အစီအစဉ်တစ်ရပ်ကို စတင် အကောင်အထည် ဖော်လာခြင်း ဖြစ်သည်။
SB-X ရေဒါကို ယခင်ကလည်း မြောက်ကိုရီးယား ဒုံးကျည်စမ်းသပ်မှုများနှင့် ပတ်သက်၍ အလေးထား စောင့်ကြည့်ရန် ကာလတိုမျှ မကြာခဏ ဖြန့်ကျက် နေရာချခဲ့ဖူးသည်။ ယခုတစ်ကြိမ်မှာမူ ပင်လယ်ပြင်တွင် ကာလရှည်ကြာ ထားရှိမည်ဟု ယုံကြည်ရပြီး မည်သည့်အချိန်ထိ အခြေစိုက်ထားရှိမည်ကို အမေရိကန် စစ်တပ်က မကြေညာသေးချေ။ ပုံမှန်အားဖြင့် SB-X ရေဒါစနစ်ကို ဟာဝိုင်ယီ မြောက်ပိုင်းကမ်းလွန်တွင် နေရချထားလေ့ ရှိသည်။ ထိုရေဒါသည် မြောက်ကိုရီးယားမှ အမေရိကန်ပိုင် အလာစကာ၊ ဂူအမ်၊ သို့မဟုတ် အမေရိကန် အနောက်ဘက် ကမ်းခြေ ဒေသများသို့ ဦးတည်ပစ်လွှတ်သည့် ဒုံးကျည်များကို ထောက်လှမ်းနိုင်စွမ်း ရှိမည်ဟု သိရသည်။
အစောပိုင်းတွင် အမေရိကန် ကာကွယ်ရေးဝန်ကြီး အက်ရ်ှကာတာက မြောက်ကိုရီးယား ဒုံးကျည်စမ်းသပ်မှု ဖြစ်နိုင်ခြေကို စောင့်ကြည့်နေသော်လည်း အကယ်၍ အမေရိကန်၏ ပိုင်နက်ကို ခြိမ်းခြောက်ထိပါးမှု မရှိပါက ကြားဖြတ် ပစ်ချရန် ရည်ရွယ်မထားဟု ထုတ်ဖော် ပြောဆိုခဲ့သည်။ SB-X ရေဒါကို ဖြန့်ကျက်ထားခြင်းဖြင့် မြောက်ကိုရီးယားက ဒုံးကျည် လက်တွေ့ စမ်းသပ်ချိန်တွင် အဆိုပါ ဒုံးကျည်နှင့် ပတ်သက်သည့် အချက်အလက်များကို အမေရိကန်က ပိုမို ထောက်လှမ်း စုဆောင်းယူနိုင်မည်ဟုလည်း သိရှိရသည်။
Credit : 7daydaily",3.0,3.0,3.0,4.0,3.0,"The text provides a clear, factual report on geopolitical military developments. It is coherent and informative, suitable for secondary education. It explains the strategic reasoning behind the radar deployment. The language is natural Burmese, though it is a news report rather than a deeply nuanced cultural artifact."
<urn:uuid:fc5c77ac-c41b-46e7-b5d7-01d1c4cba7bb>,"NGC 52
|NGC 52|
|
|
NGC 52 and nearby PGC 1563523 (lower right)
|လေ့လာရေး ဒေတာ (2000.0 epoch)|
|ကြယ်စုတန်း||ပီဂါဆု|
|ညာဘက် တိမ်းစောင်းမှု||00° 14′ 40.2″ [၁]|
|နိမ့်ဆင်းမှု||+18° 34′ 48″ [၁]|
|အနီရောင်အရွေ့||0.017986|
|ရေဒီယယ် အရှိန်||5390 km/s|
|ကော့စမစ် အကွာအဝေး လှေကား||243,000,000ly[၂] (73,000,000 Parsecs)[၃]|
|ဂယ်လက်ဆီ ခွဲခြားမှု||Sc [၂]|
|အရွယ်အစား (ly)||150,000[၂]|
|ထောင့်ဖြတ် အချင်း (V)||2.6' × 0.5' [၁]|
|မြင်သာသော အရွယ်အစား (V)||14.6 [၄]|
|အခြား ဂုဏ်သတ္တိများ|
|UGC 140 CGCG 456-042 CGCG 12.0+1817 MCG +03-01-030 2MFGC 00177 2MASX J00144010+1834551 2MASXi J0014401+183455 IRAS 00120+1818 IRAS F00120+1818 AKARI J0014401+183453 LDCE 0011 NED002 PGC 978 UZC J001440.2+183454 NVSS J001440+183455 [၅]|
NGC 52 (PGC 978) သည် Pegasus ကြယ်စုတန်းမှ ခရုပတ်ပုံစံ ဂယ်လက်ဆီဖြစ်ပြီး ဗြိတိသျှ နက္ခတ္တပညာရှင် ဝီလီယံ ဟာရှယ် ဆိုသူမှ ၁၇၈၄ ခုနှစ် စက်တင်ဘာလ ၁၈ ရက်နေ့တွင် ရှာဖွေတွေ့ရှိခဲ့သည်။ ယင်းသည် အချင်းအားဖြင့် အလင်းနှစ် ၁၅၀၀၀၀ ကျယ်ပြောကာ[၂] နဂါးငွေ့တန်း ဂယ်လက်ဆီနှင့် နှိုင်းယှဉ်ရသော် ၁.၅ ဆခန့် ပိုကြီးသည်။
ကိုးကား[ပြင်ဆင်ရန်]
- NGC 52 - DeepSkyPedia :: Astronomy။ 2013-08-14 တွင် ပြန်စစ်ပြီး။
- New General Catalog Objects: NGC 50 - 99။ 2013-08-14 တွင် ပြန်စစ်ပြီး။
- parsecs to lightyears conversion။ 2013-08-14 တွင် ပြန်စစ်ပြီး။
- Category:NGC 52 - Wikimedia Commons။ 2013-08-14 တွင် ပြန်စစ်ပြီး။
- Your NED Search results။ 2013-08-14 တွင် ပြန်စစ်ပြီး။
|ဤ ဂလက်ဆီနှင့် သက်ဆိုင်သည့် ဆောင်းပါးမှာ ဆောင်းပါးတို တစ်ပုဒ်ဖြစ်သည်။ ဖြည့်စွက်ရေးသားခြင်းဖြင့် မြန်မာဝီကီပီးဒီးယားကို ကူညီပါ။|",3.0,1.0,3.0,3.0,2.0,"The document is a structured, encyclopedic entry about a galaxy. It provides factual, educational data suitable for students, though it lacks complex reasoning. It is clean, well-formatted, and uses natural Burmese terminology for astronomical concepts, though it is clearly a translation/adaptation of a standard Wikipedia template."
<urn:uuid:007bf668-0f20-40a5-8aff-5b690532af47>,"ကိုင်ရို ဇန်နဝါရီ ၂၉
ဂတ်စ်ထွက်ကုန်ကို အရှေ့အလယ်ပိုင်းဒေသမှာ သေချာ ထုတ်နိုင်တဲ့အခါ စီးပွားရေးနဲ့ပတ်သက်တဲ့ အလုပ်အကိုင် အခွင့်အလမ်းကောင်းတွေ၊ နိုင်ငံခြားရင်းနှီးမြှုပ်နှံမှုတွေသာမက ငြိမ်းချမ်းရေးကိုပါ သယ်ဆောင်ပေးလာနိုင်မယ်လို့ အီဂျစ်စွမ်းအင်ဝန်ကြီး တာရပ်အယ်မူလာက ပြောပါတယ်။
“ဂတ်စ်ဟာ အရှေ့ပိုင်းအလယ်ပိုင်းဒေသကို ငြိမ်းချမ်းရေးသယ်ဆောင်ပေးလာနိုင်မယ့် တစ်ခုတည်းသော ကိုယ်စားလှယ်ပါပဲ” သူက ပြောဆိုလိုက်တာပါ။
လက်ရှိမှာ အီဂျစ်နိုင်ငံဟာ ဒေသက ထွက်ရှိတဲ့ ဂတ်စ်တွေကို အရှိန်အဟုန်နဲ့ လုပ်ကိုင်နေပြီး စီးပွားရေး လက်တွဲဖော်တွေအနေနဲ့ အစ္စရေး၊ ဆိုင်ပါရပ်စ်၊ ဂရိ၊ ဂျော်ဒန်၊ အီတလီနဲ့ ပါလက်စတိုင်းနိုင်ငံတို့နဲ့ပါ လက်တွဲ လုပ်ကိုင်ဖို့ လုပ်ဆောင်နေတာဖြစ်ပါတယ်။ ပြီးခဲ့တဲ့အပတ်ကကျင်းပခဲ့တဲ့ စီးပွားရေးဆိုင်ရာ သီးသန့်ဆွေးနွေးပွဲ နဲ့ ပတ်သက်လို့ အီဂျစ်နိုင်ငံ စွမ်းအင်ဝန်ကြီးက အရှေ့အလယ်ပိုင်းဒေသမှာ ဂတ်စ်ကို အမှီပြုပြီး ငြိမ်းချမ်းရေးစတင်လုပ်နိုင်ခဲ့ပြီလို့ ဆိုပါတယ်။
“ပါလက်စတိုင်းနဲ့ အစ္စရေးတို့က အုပ်ချုပ်သူတွေကို ဖိတ်ပြီး စားပွဲဝိုင်းမှာ ဆွေးနွေးနိုင်ခဲ့တယ်။ ပြီးတော့ အခြား အိမ်နီးချင်းနိုင်ငံဖြစ်တဲ့ ဂရိ၊ ဆိုင်ပ်ရပ်စ်၊ဂျော်ဒန်နဲ့ အီတလီတို့ကိုပါ အတူတကွဆွေးနွေးစေခဲ့တာမို့ ကျနော်တို့ရဲ့ ခြေလှမ်းသစ်အတွက် အရမ်းဂုဏ်ယူမိပါတယ်”လို့ တာရပ်အယ်မူလာက ပြောပါတယ်။
ဆွေးနွေးပွဲကို တံခါးပိတ်လျှို့ဝှက်ဆွေးနွေးခဲ့ပေမဲ့ အကျိုးဆက်အနေနဲ့ ပါဝင်ဆွေးနွေးတဲ့ နိုင်ငံအသီးသီးရဲ့ ဂတ်စ်ထုတ်လုပ်တဲ့ အရင်းအမြစ်နဲ့ ပူပေါင်းဆောင်ရွက်နိုင်တဲ့ ရင်းနှီးမြှုပ်နှံမှုတွေအထိ ဆွေးနွေးနိုင်ခဲ့တယ်လို့ သူက ပြောပါတယ်။
အီဂျစ်နိုင်ငံဟာ ဂတ်စ်ထုတ်လုပ်မှုနဲ့ ပတ်သတ်လို့ အခြားနိုင်ငံတွေက ကမ်းလှမ်းချက်တွေ ရခဲ့ပေမဲ့ အိမ်နီးချင်းနိုင်ငံတွေဖြစ်တဲ့ ပင်လယ်နီတဝိုက်က နိုင်ငံတွေကို အထူးလိုလားခဲ့တာကြောင့် စတင်ပူးပေါင်းဖို့ ကမ်းလှမ်းခဲ့တာဖြစ်ပါတယ်။
ဂရိနိုင်ငံမှာ အခြေစိုက်ပြီး ဂတ်စ်ထုတ်လုပ်မှာဖြစ်ပေမဲ့ အကျိုးတူပူးပေါင်းတဲ့ နိုင်ငံတွေကလည်း ၎င်းတို့ဒေသမှာရှိတဲ့ ဂတ်စ်တွေကို တင်ပို့ပြီး ပူးပေါင်းထုတ်လုပ်ကြမယ်လို့ သိရပါတယ်။
အီဂျစ်နိုင်ငံမှာ နိုင်ငံခြားရင်းနှီးမြှုပ်နှံမှုဟာ ၂၀၁၇-၁၈ ခုနှစ်မှာ အမေရိကန်ဒေါ်လာ သန်းပေါင်း တစ်သောင်းကျော်ရှိခဲ့ပြီး လာမယ့် ၂၀၁၈-၁၉ခုနှစ်မှာတော့ ယခင်ကထက် သုံးဆမြင့်တက်လာမယ်လို့ အစိုးရအဖွဲ့က တရားဝင် ထုတ်ဖော်ပြောခဲ့ပါတယ်။
CNBC",2.0,2.0,3.0,5.0,3.0,"The text is a standard news report on regional energy cooperation. It provides basic economic and geopolitical information suitable for general readers. The reasoning is straightforward, linking energy production to regional stability. It is written in natural, professional Burmese, reflecting standard journalistic practices in the region."
<urn:uuid:4da6e9c4-6ac4-4685-a5b1-0562be202865>,"Legal Knowledge
ဥပဒေများ
ဥပဒေများကို လေ့လာသိရှိနိုင်ရန်အတွက် ဖော်ပြထားခြင်း
ဖြစ်ပါသည်။
ပြည်တွင်းစီးပွားရေးနှင့် ကူးသန်းရောင်းဝယ်ရေးဆိုင်ရာ အငြင်းပွားမှုများနှင့် နိုင်ငံတကာ စီးပွားရေးနှင့် ကူးသန်းရောင်းဝယ်ရေးဆိုင်ရာ အငြင်းပွားတို့ကို မျှတစွာနှင့်ထိရောက်စွာ ဖြေရှင်းနိုင်ရန်၊ အငြင်းပွားမှုများကို အနုညာတနည်းဖြင့် ဖြေရှင်းဆောင်ရွက်ရာတွင် နိုင်ငံခြားအနုညာတ...read more
Download Link : ရာဇဝတ်ကျင့်ထုံးဥပဒေကို ပြင်ဆင်သည့် ဥပဒေread more
Download Link : ရာဇသတ်ကြီးကို ပြင်ဆင်သည့် ဥပဒေread more
Download Link : သက်သေခံအက်ဥပဒေကိုပြင်ဆင်သည့် ဥပဒေread more",2.0,1.0,3.0,1.0,3.0,"The document provides basic information about legal topics but is heavily fragmented with 'read more' links and download prompts. While it references specific Burmese legal codes, the lack of coherent content and the presence of navigational noise significantly limit its educational and structural quality."
<urn:uuid:68f74ac5-89a3-4c73-bf05-2050645c262a>,"ဒီတပတ် English American-style Idioms ကဏ္ဍမှာ တင်ပြထားတဲ့ အီဒီယံ အသုံးတွေက Kick the can down the road, A kick in the teeth နဲ့ Kick up a fuss တို့ ဖြစ်ကြပါတယ်။
(၁) Kick the can down the road
Kick (ကန်တာ)၊ the can (နို့ဆီခွက်၊ သံဘူးခွံ)၊ down (အောက်ဘက်)၊ the road (လမ်း) တို့ ဖြစ်ပြီး စကားစုတခုလုံးရဲ့  လုံးကောက်အဓိပ္ပါယ်က သံဗူးခွံကို တလမ်းလုံး အဆင့်ဆင့် ကန်ချလိုက်တာ ဖြစ်ပါတယ်။ တနည်းတော့ သံဗူးခွံကို ဝေးသထက် ဝေးအောင် ကန်သွားတာ ဖြစ်ပါတယ်။ အီဒီယံအဓိပ္ပါယ်ကလည်း အလားတူပါပဲ။ စောစောက သံဗူးခွံကို တလမ်းလုံး တနေရာကနေ တနေရာကို တောက်လျှောက်ကန်သွားပြီး၊ ဝေးသထက်ဝေးအောင် လုပ်သလို၊ ကိုယ်လုပ်ပေးပါမယ်လို့ ပြောထားတဲ့ ကတိတွေကို ဟိုအချိန်ိရွှေ့ ဒီချိန်ရွှေ့ လုပ်တာကို ဆိုလိုတာ ဖြစ်ပါတယ်။ လုပ်ပေးဖို့လိုတဲ့ ကိစ္စရပ်တခုခုကို အတိုင်းအတာကာလအတွင်း လုပ်ပေးပါ့မယ်လို့ ကတိပေးထားပေမယ့်လဲ ကတိပေးထားတဲ့အတိုင်း မလုပ်ပေးနိုင်ဘဲ၊ ခဏခဏ ရက်ရွှေ့ ရတဲ့ ဖြစ်ရပ်ကိုရည်ညွှန်းထားတာ ဖြစ်ပါတယ်။ အထူးသဖြင့် ဒီအသုံးကို နိုင်ငံရေးလောကမှာတော့ အသုံးများလာပါတယ်။ နိုင်ငံရေးသမားတွေအနေနဲ့ မဲဆွယ်ရာမှာ ကိုယ့်မဲဆန္ဒရှင်တွေအတွက် ဘာလုပ်ပေးပါ့မယ်၊ ညာလုပ်ပေးပါ့မယ်လို့  ကတိတွေ ပေးခဲ့ပေမယ့် တကယ် လက်တွေ့မှာတော့ ဆင်ခြေတွေ အမျိုးမျိုးပေးပြီး အချိန်ကို ဟိုရွှေ့ ဒီရွှေ့  လုပ်နေတာမျိုး၊ ခဏခဏ ရက်ရွှေ့ နေတာမျိုးကို ရည်ညွှန်းပြောတာ ဖြစ်ပါတယ်။ ဒီအသုံးနှင့်ပတ်သက်တဲ့ ဥပမာကို လေ့လာကြည့်ရအောင်ပါ။
The ruling Party lost most of the seats in elections because the Party kicked the can down the road on its promises to the people.
ရွေးကောက်ပွဲမှာ အာဏာရပါတီက နေရာအများစု ဆုံးရှုံးခဲ့တဲ့ အကြောင်းကတော့ ပါတီက သူတို့ လုပ်ပေးပါမယ်လို့ ပြည်သူတွေကို ပေးထားတဲ့ ကတိတွေကို တကယ်လုပ်ပေးဖို့ ခဏခဏ ရွှေ့ ဆိုင်းခဲ့လို့ဖြစ်တယ်။
(၂) A kick in the teeth
A (တခု၊တကြိမ်)၊ kick ဒီနေရာမှာ noun (နာမ်) အဖြစ် သုံးထားပြီး၊ ကန်တဲ့အပြုအမူကိုဆိုလိုတာ ဖြစ်ပါတယ်။ In (အထဲမှာ)၊ the teeth (သွားတွေ) ဆိုတော့ စကားစုတခုလုံးရဲ့  တိုက်ရိုက်အဓိပ္ပါယ်ကတော့ သွားတွေကို တချက်ကန်လိုက်တာ ဖြစ်ပါတယ်။ လူတဦးရဲ့  ပါးစပ်ထဲမှာရှိတဲ့သွားတွေဟာ အကန်ခံလိုက်ရတယ်ဆိုတာ ဘယ်လောက် နာကျင်စေမလဲ၊ အခံရခက်စေမလဲ၊ ဒေါသထွက်စေမလဲ၊ စော်ကားရာရောက်စေမလဲဆိုတာကို စဉ်းစားကြည့်နိုင်ပါတယ်။ ဒါကြောင့် A kick in the teeth ရဲ့ အီဒီယံအဓိပ္ပါယ်က လူတဦးအတွက် သိပ်အခံရခက်စေတဲ့ အပြုအမူမျိုးကို ဆိုလိုတာ ဖြစ်ပါတယ်။ ဒီအသုံးနှင့်ပတ်သက်တဲ့ ဥပမာကို လေ့လာကြည့်ရအောင်ပါ။
Mary worked very hard but she was denied a promotion. So it was a kick in the teeth for her.
Mary က ရာထူးတက်ရလေအောင် အလုပ်ကို သိပ်ကြိုးစားခဲ့ပေမယ့်လို့လဲ၊ သူရာထူး မတိုးခဲ့ဘူး။ ဒါကြောင့် သူ့အနေနဲ့ သိပ်ကိုအခံရခက်ခဲ့တယ်။
(၃) Kick up a fuss
Kick ကို up (ဝိဘတ်) နဲ့တွဲပြီး kick up က တခုခုဖြစ်အောင်လုပ်တာ၊ ဖန်တီးတာ၊ a (တခု)၊ fuss က အဓိပ္ပါယ်အမျိုးမျိုး ရှိပါတယ်။ ဒီနေရာမှာတော့ ဂျီတိုက်တာ၊ မျက်စိရှုပ်အောင်လုပ်တာ၊ ပျာယာခတ်တာ စသဖြင့် အဓိပ္ပါယ်ဆောင်ပါတယ်။ ဒါကြောင့် စကားစုတခုလုံးရဲ့  တိုက်ရိုက်အဓိပ္ပါယ်ကတော့ ကိစ္စတခုခုနှင့်ပတ်သက်လို့ ဂျီတိုက်တာ၊ ကျမတို့ မြန်မာဘန်းစကားအရတော့ မကျေနပ်လို့၊ ဘဝင်မကျလို့ ပူညံပူညံလုပ်တာမျိုး၊ ရေးကြီးခွင်ကျယ်လုပ်တာနဲ့ တူတယ်လို့ ဆိုရမှာပါ။ ဒီအသုံးနှင့် ပတ်သက်တဲ့ ဥပမာကို လေ့လာကြည့်ရအောင်ပါ။
The customer at the restaurant kicked up a fuss about his food being cold.
စားသောက်ဆိုင်မှာ လာစားတဲ့ အမျိုးသားက သူ့အတွက်လာချပေးတဲ့ အစားအစာက အေးနေတဲ့အတွက်ကြောင့် ပူညံပူညံလုပ်လိုက်တယ်။
ဒီသတင်းပတ် တင်ပြခဲ့တဲ့ Kick ကို အခြေခံတဲ့ idiom အသုံးတွေက Kick the can down the road, A kick in the teeth နဲ့ Kick up a fuss တို့ဖြစ်ကြပါတယ်။",4.0,3.0,2.0,5.0,4.0,"The document is a well-structured educational tutorial explaining English idioms for Burmese speakers. It provides clear definitions, etymological context, and practical examples with translations. The language is natural and pedagogical, effectively bridging English concepts with Burmese cultural expressions like 'ပူညံပူညံ' (grumbling/fussing)."
<urn:uuid:9f556022-74cd-43e3-8949-b0911b56055f>,"ဝီလျံ၊ သ ဆိုင်းလင့်
ဝီလျံ, သ ဆိုင်းလင့် (ခရစ် ၁၅၃၃ ခုနှစ် - ၁၅၈၄)[ပြင်ဆင်ရန်]
ဩရိန်းမင်းသား ဝီလျံ သ ဆိုင်းလင့် (English: William the Silent; Dutch: Willem de Zwijger) သည် ဒပ်ချ်သမ္မတနိုင်ငံ (နယ်သလန်) ကို တည်ထောင်ခဲ့သူဖြစ်သည်။ နိုင်ငံရေးရာကိစ္စ၌ ချင့်ချိန်တိုင်းထွာ၍ ပြောဆိုတတ်သောကြောင့် ဝီလျံ သ ဆိုင်းလင့်ဟု အမည်တွင်သည်။ နက်စိုးမြို့စား၏ သားဖြစ်၍ ၁၅၃၃- ခုနှစ်တွင် ဒီလင်ဗတ် ရဲတိုက် (Dillenburg Castle) ၌ ဖွားမြင်သည်။
ဝီလျံသည် ရောမဧကရာဇ် ပဉ္စမချားဘုရင်၏ နန်းတော်တွင် ကြီး ပြင်းလာခဲ့သူဖြစ်သည့်အပြင် ဘုရင်ကြီး၏ မြှောက်စားခြင်းကိုလည်း ခံရ သည်။ မိဘတို့သည် ပရိုတက်စတင့်ဂိုဏ်းဝင်များဖြစ်ကြသော်လည်း ဘုရင် ကြီး၏ အလိုဆန္ဒအရ သူသည် ရောမကက်သလစ် ဂိုဏ်းသို့ကူးပြောင်း ခဲ့သည်။ ၁၅၄၄ ခုနှစ်တွင် ဩရိန်းမင်းသားဘွဲ့ကို ဆက်ခံရရှိသည်။ ၁၅၅၅- ခုနှစ်တွင် နယ်သာလန်ရှိ စစ်တပ်တို့၏ တပ်မှူးအဖြစ် ခန့်အပ်ခြင်းခံရသည်။ ထိုနှစ်၌ပင် ချားဘုရင်ကြီးသည် နယ်သာလန်နိုင်ငံ အုပ်ချုပ်မှုကို သားတော် ဒုတိယ ဖိလစ်အား လွှဲအပ်ခဲ့သည်။ တစ်ဖန် ၁၅၅၆ ခုနှစ်တွင် ဖိလစ်သည် စပိန်ထီးနန်းကိုလည်း ခမည်းတော်ထံမှ ဆက်ခံရရှိလေသည်။
ထိုအခါက နယ်သာလန်နိုင်ငံသည် စပိန်ဘုရင်၏ လက်အောက်ခံ နိုင်ငံဖြစ်ခဲ့သည်။ ၁၅၅၉ ခုနှစ်တွင် ဖိလစ်ဘုရင်က ဝီလျံကို ဟော်လန်၊ ဇီလန်နှင့် ယူးထရက်တို့ အတွက် ဘုရင်ခံအဖြစ် ခန့်အပ်ခဲ့သည်။ သို့ရာတွင် ဖိလစ်ဘုရင်၏ စစ်ဗိုလ်ချုပ် အာလဗာမြို့စားသည် ဒပ်ချ်အမျိုးသားတို့ကို နှိပ်စက်ညှင်းပန်းသဖြင့် ဝီလျံသည် ဂျာမနီပြည်၊ ဒီလင်ဗတ်မြို့သို့ သွားရောက်၍ စပိန်အစိုးရကို တော်လှန်ရန် စီစဉ်လေသည်။ ပရိုတက်စတင့်ဂိုဏ်းသို့လည်း ကူးပြောင်းခဲ့သည်။ အစအဦးတွင် ဝီလျံခေါင်းဆောင်သော ဒပ်ချ်တော်လှန်ရေးသည် မအောင်မြင်ခဲ့ချေ။ သို့ရာတွင် ဝီလျံသည် ဇွဲသန်သန်ဖြင့် တော်လှန်ရေးကို ဆက်လက်ကြိုးပမ်းခဲ့ရာ ၁၉၈၁ ခုနှစ်၌ နယ်သာလန်မြောက်ပိုင်း ပြည်နယ်ခုနစ်နယ်တို့သည် စပိန်၏ ကြီးစိုးမှုအောက်မှ လွတ်မြောက်၍ ဒပ်ချ်သမ္မတနိုင်ငံအဖြစ် ကြေညာခဲ့သည်။ ထိုသို့အားဖြင့် နယ်သာလန်နိုင်ငံဟူ၍ သီခြားနိုင်ငံ ဖြစ်ပေါ်ခဲ့လေသည်။
ဒုတိယ ဖိလစ်ဘုရင်ကလည်း ဝီလျံကို ဖမ်းဆီးပေးနိုင်သူအား ဆုငွေချီးမြှင့်မည်ဟူ၍ ကြေညာထားသည်။ ဝီလျံသည် ဒက်ဖရိုင်တွင် နေထိုင်စဉ် ၁၅၈၄ ခုနှစ်၊ ဇူလိုင်လ ၁ဝ ရက်နေ့၌ ဗာလသာဇာ ဂျဲရတ် ဆိုသူ လူသတ်သမားတစ်ဦး၏ လုပ်ကြံခြင်းကိုခံရ၍ အနိစ္စရောက်လေသည်။ ဝီလျံသည် နယ်သာလန်နိုင်ငံ လွတ်လပ်ရေးနှင့် စည်းလုံးညီညွတ် ရေးကို အုတ်မြစ်ချပေးခဲ့သူဖြစ်သဖြင့် ဒပ်ချ်သမ္မတနိုင်ငံ၏ ဖခင်ဟု ဥဒါန်း တွင်ရစ်ခဲ့လေသည်။[၁]
ကိုးကား[ပြင်ဆင်ရန်]
- မြန်မာ့စွယ်စုံကျမ်း၊ အတွဲ(၁၂)",4.0,2.0,2.0,4.0,1.0,"The text is a well-structured, informative biographical summary suitable for educational purposes. It provides historical facts about William the Silent. While it lacks complex analytical reasoning, it is clean, coherent, and written in natural Burmese, though it is a translation of Western historical content rather than a reflection of indigenous Burmese cultural nuances."
<urn:uuid:fea1d53e-afb3-4ad7-82da-817aad916a96>,"ရှေးတုံးက တစ်သက်လုံးလယ်ပဲလုပ်လာခဲ့တဲ့ လယ်သမားကြီးတစ်ယောက်ရှိသတဲ့။
တစ်နေ့တော့ လယ်လုပ်ရာမှာခိုင်းနေတဲ့ သူ့မြင်းပျောက်သွားတယ်။ အဲဒါကို သူ့အိမ်နီးနားချင်းတွေကြားတော့ သနားကရုဏာသက်စွာနဲ့ လာမေးကြတယ်။ “ဆိုးလိုက်တဲ့ ကံကွာ။”
လယ်သမားကြီးက ပြန်ပြောတယ်။ “ဖြစ်နိုင်ပါတယ်”
နောက်နေ့မနက်ကျတော့ တခြားမြင်းရိုင်းသုံးကောင်နဲ့အတူ သူ့မြင်း ပြန်ရောက်လာတယ်။
သူ့မိတ်ဆွေတွေက ပြောပြန်တယ်။ “တယ်လဲ ကံကောင်းပါလားဟေ့။”
အဖိုးအိုးက ပြန်ပြောတယ်။ “ဖြစ်နိုင်ပါတယ်”
နောက်နေ့မနက်မှာ လယ်သမားကြီးရဲ့သားဟာ မလေ့ကျင့်ရသေးတဲ့ မြင်းရိုင်းတစ်ကောင်ကို ယူစီးလိုက်တာ မြင်းလဲ ထခုန်လိုက်ရော ပြုတ်ကျပြီး ခြေကျိုးပါလေရော့လား။
ဒီတော့ သူ့မိတ်ဆွေတွေက စိတ်မကောင်းစွာနဲ့ လာပြောကြ ပြန်တယ်။ “ဆိုးလိုက်တဲ့ ကံကွာ။”
လယ်သမားအဖိုးအိုကလည်း ထုံးစံအတိုင်း ပြန်ပြောလိုက်တယ်။ “ဖြစ်နိုင်ပါတယ်”
နောက်တစ်နေ့မနက်ကျတော့ စစ်သားစုဆောင်းရေးဆိုပြီး ရွာထဲကို စစ်ဗိုလ်တွေရောက်လာတယ်။
ခြေကျိုးနေတဲ့ အဖိုးကြီးရဲ့သားကို တွေ့သွားတော့ သူကို စစ်သားအဖြစ် မရွေးတော့ဘူး။
သူ့မိတ်ဆွေတွေလည်း တအံ့တသြနဲ့ လာပြောကြ ပြန်တယ်။ “ကံကောင်းလို့ဟေ့။”
အဖိုးအိုကလည်း ထုံးစံအတိုင်း ပြန်ပြောလိုက်တာပေါ့။ “ဖြစ်နိုင်ပါတယ်” တဲ့။
x x x x x
ပုံပြင်လေးကတော့ ဒါပါပဲကွယ်။
ကဲ - ပုံပြင်က ဘာပေးချင်တာလဲဆိုတာ မောင်ညီမလေးတို့ ပြောကြည့်ပါဦး။ မှန်တဲ့သူကို မြောက်ကိုးရီးယားက ၀က်နားရွက်သုပ် ကျွေးပါမယ်ကွယ်။",4.0,3.0,1.0,5.0,4.0,"This is a classic Taoist parable retold in natural Burmese. It provides moral education suitable for children, uses simple language, and is formatted cleanly. The reasoning involves understanding the cyclical nature of fortune. It captures local storytelling nuances, though the final joke is a playful, non-traditional addition."
<urn:uuid:480449d0-119a-4857-bdea-44590a723d41>,"အဓိပ္ပါယ်ဖွင့်ဆိုချက်
Breech Birth (ဆုံပိုင်းမွေးခြင်း) ကဘာလဲ။
- သင်ကိုယ်ဝန်ဆောင်ထားချိန်မှာ သင့်သားအိမ်ဟာ သန္ဓြေသားလေးပုံစံအမျိုးမျိုးပြောင်းနေဖို့ လုံလုံလောက်လောက်ကျယ်ဝန်းပါတယ်။ ပုံမှန်နဲ့ အန္တရာယ်ကင်းကင်းမွေးနိုင်ဖို့အတွက်ကတော့ ကိုယ်ဝန်ပတ် ၃၆ ပတ်လောက်ကတည်းက သန္ဓြေသားဟာ မွေးလမ်းကြောင်းဆီ ခေါင်းစိုက်နေတဲ့ အနေအထားဖြစ်နေရပါမယ်။
- ဆံပိုင်းဆိုတာကတော့ ခေါင်းစိုက်မနေနဲ့ ကလေးအောက်ပိုင်းဦးတည်နေတဲ့ အခြေအနေဖြစ်တယ်။ နေ့စေ့လစေ့ကိုယ်ဝန်သည်တွေရဲ့ ၃-၅ ရာခိုင်နှုန်းလောက်ဟာ ဆုံပိုင်းမွေးရလေ့ရှိတယ်။ ဆုံပိုင်းကလေးအများစုကို အန္တရာယ်ကင်းကင်းဖြစ်ဖို့က ခွဲမွေးခြင်းသာအကောင်းဆုံးဖြစ်တယ်။
- ဆုံပိုင်းအနေအထားသုံးမျိုးရှိတယ် –
- မွေးလမ်းကြောင်းကို ကလေးတင်ပါးက ဦးတည်ထားပြီး ခြေထောက်နှစ်ချောင်းက အပေါ်ကိုဦးတည်ပြီး ဆန့်လျက်အနေအထားဖြစ်တယ်။ တွေ့ရအများဆုံးပုံစံဖြစ်တယ်။
- အပြည့်အဝဆုံပိုင်းဖြစ်ခြင်း – မွေးလမ်းကြောင်းကို ကလေးတင်ပါးဦးတည်ပြီး ဒူးကွေးလျက် အနေအထားဖြစ်တယ်။
ခြေထောက်တစ်ချောင်း သို့ နှစ်ချောင်းစလုံး တွဲလျက်ကျနေသောအနေအထားဖြစ်တယ်။ မွေးဖွားတဲ့အခါ ခြေထောက်အရင်ထွက်လာတာဖြစ်တယ်။
Breech Birth (ဆုံပိုင်းမွေးခြင်း) က ဘယ်လောက်အဖြစ်များသလဲ
မွေးဖွားမှု ၁၀၀ မှာ ၄ ခါလောက်ကတော့ ဆုံပိုင်းဖြစ်နေတတ်ပါတယ်။",4.0,2.0,3.0,4.0,3.0,"The document provides clear, accurate medical information about breech births suitable for public health education. It is well-structured and uses natural Burmese medical terminology. While it lacks deep analytical reasoning, it effectively explains a specific health topic with appropriate complexity for a general audience."
<urn:uuid:40107af3-5c0c-4359-9da5-22324fb8ddf9>,"မြန်မာနိုင်ငံမှာ အရေးပြားပေါ်မှာ ဖြစ်လေ့ရှိတဲ့ ကြွက်နို့ရောဂါ အဖြစ်များနေတာမို့ စနစ်တကျ ဆေးရုံ ဆေးခန်းတွေမှာ အမြှစ်ပြတ်အောင် ကုသသင့်တယ်လို့ အရေပြားကျန်းမာရေး ပညာရှင်တွေက အကြံပြုတိုက်တွန်းပြောဆိုပါတယ်။
Human Papillomavirus (HPV) ဗိုင်းရပ်စ်ပိုးကြောင့်ဖြစ်တဲ့ ကြွက်နို့ရောဂါက အရေပြားနေရာအားလုံးမှာဖြစ်နိုင်ပေမယ့် လက်နဲ့ခြေထောက်မှာ အများဆုံးဖြစ်ပြီး၊ ခေါင်း၊ ပါးစပ်၊ နှာခေါင်းကြားနဲ့ လိင်အင်္ဂါတဝိုက် စအိုတဝိုက်တွေမှာလည်း ဖြစ်တတ်ပါတယ်။ ကြွက်နို့လက္ခဏာတွေကတော့ အရေပြားပေါ်မှာ ကြမ်းကြမ်းမာမာအဖုလေး ဖြစ်လာပြီး၊ ပင်အပ်ခေါင်း အရွယ်ကနေ တစ်စင်တီမီတာခန့် အထိ ရှိနိုင်ပါတယ်။ လက်မှာဖြစ်လျှင် လက်ဖမိုး၊ လက်ချောင်းနဲ့ လက်သည်းဝန်းကျင်တွေမှာ ဖြစ်တတ်ပါတယ်။ ခြေထောက်မှာတော့ ခြေဖုဝါးမှာဖြစ်လျှင် အသားမာတက်တာနဲ့ မှားတတ်ပေမဲ့ ကြွက်နို့ဖြစ်ပါက လမ်းလျှောက်လို့ ခြေထောက်ဖိလိုက်ရင် နာတတ်ပါတယ်။ ကလေးတွေမှာ မျက်နှာမှာလည်း ပင်အပ်ခေါင်းအရွယ်လေးတွေ ထွက်တတ်ပြီး မပြင်းထန်တဲ့ ကြွက်နို့အပါးစားသာဖြစ်တတ်ပါတယ်။ လိင်အင်္ဂါနဲ့ စအိုတဝိုက်ဖြစ်လျှင်တော့ အဖုသေးသေးလေးတွေ အခြားနေရာတွေထက် အများကြီး ပွားထွက်လာတတ်ပါတယ်။
ကြွက်နို့က လူတိုင်းဖြစ်နိုင်ပေမဲ့ ဒီဗိုင်းရပ်စ်ပိုးက အလွယ်တကူတော့လည်း မကူးစက်ပါဘူး။ ကူးနိုင်တဲ့နည်းတွေကတော့ ကြွက်နို့ရှိထားသူနဲ့ တိုက်ရိုက် အသားချင်း ထိတွေ့မိတာ၊ ကြွက်နို့ရှိထားသူ ထိမိကိုင်မိတဲ့ပစ္စည်းတွေကို တဆင့်ကိုင်တွယ်ထိတွေ့မိတာ (ဥပမာ - လက်ကိုင်ပုဝါ၊ အားကစား အသုံးအဆောင်၊ ရေကူးကန်တစ်ခုထဲသုံးတာ စသည်ဖြင့်)၊ အရေပြားပွန်းပဲတဲ့နေရာကနေ တစ်ဆင့် ပိုးဝင်ကူးစက်တာအပြင်၊ လိင်အင်္ဂါကြွက်နို့အမျိုးအစားကတော့ ကြွက်နို့ရှိထားသူနဲ့ လိင်ဆက်ဆံမှုကြောင့် ကူးစက်တာပါ။ အမျိုးသမီးတွေမှာ ကူးစက်ခံရလျှင် ကြွက်နို့ပိုး မွေးလမ်းကြောင်းနဲ့ လိင်အင်္ဂါထဲရောက်ပြီး တချိန်မှာ နောက်ဆက်တွဲ သားအိမ်ခေါင်းကင်ဆာဖြစ်လာနိုင်ပါတယ်။ ကိုယ်ဝန်ဆောင်မိခင် မွေးလမ်းကြောင်းမှာ ကြွက်နို့ရှိလာလျှင်လည်း ကလေးကို ဆက်ကူးသွားနိုင်ပါတယ်။
တားမြစ်ကာကွယ်ဖို့ကတော့ ဒီကြွက်နို့ ဗိုင်းရပ်စ်ပိုးလေးတွေက သေးလွန်းပြီး မမြင်နိုင်တာကြောင့် ကာကွယ်ရခက်ပါတယ်။ ဒါပေမဲ့ အတတ်နိုင်ဆုံးလုပ်နိုင်တာက အများသုံးနေရာ (ဥပမာ - အားကစားရုံ၊ ရေကူးကန်၊ Gym ဆော့တဲ့နေရာတွေမှာ စသည်ဖြင့်) တကိုယ်ရေသန့်ရှင်းရေး အထူးဂရုစိုက်တာ၊ ကြွက်နို့ရှိထားသူကို သိထား၊ မြင်ထားလျှင် တိုက်ရိုက် အရေပြားချင်း မထိတွေ့အောင်နဲ့ တဆင့်သုံးပစ္စည်းတွေကနေလည်း မကူးမိအောင် ဂရုစိုက်တာ၊ လိင်အင်္ဂါကြွက်နို့မကူးစက်အောင်လည်း အပြင်မှာ လိင်မဆက်ဆံဘဲ ရှောင်ကျဉ်တာတွေ လုပ်ပေးနိုင်ပါတယ်။
ကုသမှုအပိုင်းမှာတော့ တချို့ တွေက ဆေးမကုဘဲ ဒီအတိုင်းထားတာကနေ လအတော်ကြာမှာ သူ့အလိုလို ပြန်ပျောက်သွားတတ်တာလဲရှိပါတယ်။ ကိုယ်ခံအားခုခံမှု စနစ်ပြန်ကောင်းလာပြီး ဒီဗိုင်းရပ်စ်ပိုးကို တိုက်ထုတ်ကာ ရောဂါပျောက်ကင်းသွားနိုင်တာကြောင့်ပါ။ တချို့ တွေအတွက်လည်း ပထမဆုံးစဖြစ်တဲ့ ကြွက်နို့မကြီးကို သတ်ပစ်လိုက်တာနဲ့ တခြားကြွက်နို့တွေလည်း သေသွားတာ ဖြစ်ကောင်းဖြစ်နိုင်ပါတယ်။ ဒီ ကြွက်နို့မကြီးကို သတ်အပြီး ရောဂါခုခံမှုစနစ်ပြောင်းလာကာ ပဋိလှုံဆော်ပစ္စည်းတွေထွက်လာပြီး၊ ကျန်တဲကြွက်နို့တွေကို တိုက်ထုတ်နိုင်လို့ အခုလို ပျောက်သွားတာ ဖြစ်ကောင်းဖြစ်နိုင်ပါတယ်။
ဒါပေမဲ့ ဆေးရုံဆေးခန်းတွေမှာ စနစ်တကျ ကုသမှုခံယူတာကတော့ အကောင်းဆုံးဖြစ်ပါတယ်။ အထူးသဖြင့် လမ်းဘေးတွေမှာ ဒါးနဲ့ခွဲ၊ အက်ဆစ်နဲ့တို့ ကုပေးတာမျိုး မခံယူသင့်ပါဘူး။ ရောဂါ အမြှစ်မပြတ်တာအပြင် မသန့်တာတွေကနေ အခြားရောဂါတွေ ကူးလာနိုင်လို့ပါ။ ဆေးရုံဆေးခန်းတွေမှာတော့ စနစ်တကျကုသနည်းမျိုးစုံရှိရာမှာ လိမ်းဆေးတို့တာ၊ အေးခဲထားတဲ့ နိုက်ထရိုဂျင်ဆေးဖြန်းတာ၊ လျှပ်စစ်နဲ့တို့တာ၊ ကင်ဆာဆေးတမျိုးထိုးတာ၊ လေဆာပစ်တာတွေ ပါပါတယ်။ တချို.ဆရာဝန်တွေအနေနဲ့ အထက်ပါပစ္စည်းတွေ မရှိတာကြောင့် ထုံဆေးပေးခွဲတဲ့နည်းနဲ့ကုပေးတာကလည်း ထိရောက်လေ့မရှိဘဲ ပြန်ဖြစ်တတ်ပါတယ်။
ဒါ့အပြင် ကိုယ့်ဟာကိုယ် အိမ်မှာကုနိုင်တဲ့ လွယ်ကူတဲ့ နည်းတစ်ခုလည်းရှိပါတယ်။ လက်ညှိုး လက်သည်းနားနဲ့ လက်ထိပ်တွေမှာလို ဖြစ်တဲ့ကြွက်နို့တွေအတွက် လျှပ်စစ်ဝါယာကြိုးတွေကိုပတ်တဲ့ ရေစိုခံတိပ်နဲ့ ကြွက်နို့ကို လေလုံအောင်ပိတ်ကပ်ထားပြီး အောက်ဆီဂျင်ဖြတ် သေစေတာပါ။ ဒီ တိပ်ကို (၆) ရက်ခွဲ ကပ်ထားပြီး၊ နောက် (၁၂) နာရီကြာအောင် ပြန်ဖွင့်ပေးထားပါ။ ခုလို (၄) ကြိမ်ကနေ (၆) ကြိမ်လုပ်ပေးခြင်းဖြင့် ကြွက်နို့ ခြောက်ပြီး သေသွားနိုင်ပါတယ်။ တကယ်လို့ ဒီနည်းနဲ့ မသက်သာလျှင်တော့ ဆေးရုံ၊ဆေးခန်းပြ ကုသမှုခံယူသင့်ပါတယ်။
သိသင့်သိထိုက်တဲ့ ဒီအရေးပြားရောဂါအကြောင်း ပိုမိုသိရှိနိုင်ဖို့ ကိုဝင်းမင်း က မြန်မာနိုင်ငံက အရေးပြားအထူးကု ဆရာဝန်ကြီး ဒေါက်တာစိုးဝင်းဦး ကို ဆက်သွယ်မေးမြန်း တင်ပြထားပါတယ်။",4.0,3.0,3.0,5.0,5.0,"The text provides clear, accurate, and structured health information about HPV-related warts, suitable for public education. It explains causes, transmission, prevention, and treatment options. The language is natural, culturally relevant to the Burmese context, and avoids technical jargon while maintaining professional medical advice."
<urn:uuid:6b888036-e0ce-43ce-bdbd-7c771ea3e356>,"ဘက်တီးရီးယား (bacteria) ဆိုသည်မှာ မျက်စိဖြင့်မမြင်နိုင်သော အဏုဇီဝပိုးမွှားများဖြစ်ပြီး အကျိုးပြုဘက်တီးရီးယားနှင့် အကျိုးမပြုဘက်တီးရီးယားဆိုပြီး (၂)မျိုးရှိပါတယ်။ နွားနို့တွင် ဘက်တီးရီးယားပိုးများသည် နို့ညှစ်စဉ်အတွင်း၊ ကိုင်တွယ်လုပ်ဆောင်စဉ်အတွင်း၊ သိုလှောင်စဉ်အတွင်း နှင့် အခြားသော ထုတ်လုပ်မှုလုပ်ငန်းစဉ်အဆင့်များတွင် ဝင်ရောက်နိုင်သည်။
(၁) အကျိုးပြုဘက်တီးရီးယား (Lactic acid bacteria - လက်တစ်အက်ဆစ် ဘက်တီးရီးယား)
- ဒီဘက်တီးရီးယားအုပ်စုသည် နို့ထဲမှာရှိတဲ့ လက်တို့စ် (lactose) ကို လက်တစ်အက်ဆစ် (lactic acid) အဖြစ် အချဉ်ဖောက်ပါတယ်။ အထူးသဖြင့် နို့ထုတ်ကုန်ပစ္စည်းများ (ဥပမာ-ဒိန်ချဉ်) ပြုလုပ်ရာတွင် culture အနေနဲ့အသုံးပြုပါတယ်။
(၂) အကျိုးမပြုဘက်တီးရီးယား
ဥပမာ-
Brucella spp.
Bacillus cereus
Listeria monocytogene
E. coli O157:H7
Salmonella spp.
Yersinia enterocolitica
Campylobacter jejuni စသည်ဖြင့်.....
ထိုဘက်တီးရီးယားများသည် ထုတ်ကုန်များကို ပျက်စီးစေပြီး စားသုံးသူများ၏ ကျန်းမာရေးကို ထိခိုက်စေပါသည်။ ဘက်တီးရီးယားပိုး အများစုသည် နို့ပေါင်း (pasteurization - သတ်မှတ်အပူချိန်ပေး၍ ပိုးသတ်ခြင်း) ပြုလုပ်လိုက်သည့်အခါ သေနိုင်သော်လည်း တစ်ချို့ မသေနိုင်သည့် ပိုးများလည်းရှိသည်။
pasteurization လုပ်ခြင်းကြောင့် ဘက်တီးရီးယားပိုးများ သေသွားသော်လည်း နို့ပေါင်းဖြစ်ပြီးနောက်မှစ၍ နောက်ဆုံးထုတ်ကုန်ဖြစ်သည်အထိ ထုတ်ပိုးကိုင်တွယ်လုပ်ဆောင်သည့် အဆင့်တိုင်း၌ အသုံးအဆောင်ပစ္စည်း၊ လူ၊ ပတ်ဝန်းကျင်၊ သိုလှောင်မှု စနစ်တကျသန့်ရှင်းမှုမရှိလျှင် ပြင်ပမှ ဘက်တီးရီးယားပိုးများ ဝင်ရောက်လာနိုင်သည်။ ဒါကို သတိထားဖို့လည်းလိုပါတယ်။
*** နို့စိမ်းမှာကတည်းက ဘက်တီးရီးယားပိုး ပါဝင်မှုနည်းပြီး အရည်အသွေးကောင်းသည့် နို့သည် ပိုကောင်းမွန်သည့် ထုတ်ကုန်ကိုပေးနိုင်မှာ ဖြစ်ပါတယ်။ (အနံ့အရသာကောင်းမွန်ခြင်း၊ ရေရှည်အထားခံခြင်း စသည်)
*** နွားနို့တွင် လူကို ဘေးဥပါဒ်ဖြစ်စေမည့် ဘက်တီးရီးယားပိုးများပါဝင်မှုကို ထိန်းချုပ်နိုင်ဖို့ နွားမှစ၍ နောက်ဆုံးထုတ်ကုန်အထိ အဆင့်တိုင်းက အရေးကြီးကြောင်း ပြောကြားလိုပါတယ်။
***အဆင့်တိုင်းတွင် သန့်ရှင်းစွာ လုပ်ဆောင်မှု အရေးကြီးပါသည်။",4.0,2.0,3.0,5.0,3.0,"The text provides clear, educational information about bacteria in milk production, suitable for middle-school level. It uses logical categorization and explains the importance of hygiene. The language is natural and professional, reflecting local agricultural/food safety contexts without unnecessary noise or formatting issues."
<urn:uuid:4e2c3e21-a682-47ef-996a-649b3cbc7a10>,"နိုဘယ်ဆု
|နိုဘယ်ဆု|
The Nobel Prize
|ဆုပေးအပ်ခြင်းအကြောင်း||ရူပဗေဒ၊ ဓာတုဗေဒ၊ ရသစာပေ၊ ငြိမ်းချမ်းရေးနှင့် ဇီဝကမ္မဗေဒ (သို့) ဆေးပညာ တို့ဖြင့် လူ့လောကကို ထူးထူးချွန်ချွန် အကျိုးပြုနိုင်ကြသောသူများ အတွက် နိုဘယ်ဆုနှင့် စီးပွားရေးသိပ္ပံ အတွက် နိုဘယ်ဆု|
|ဆုတံဆိပ်ပေးအပ်သူ||ဆွီဒစ်ပညာ့တံခွန်အသင်း|
နိုဘယ်ဆုကော်မတီ (ဆွီဒင်တော်ဝင်သိပ္ပံ အကယ်ဒမီ)
နိုဘယ်ကော်မတီ (ကာရိုလင်စကာ သိပ္ပံ)
နော်ဝေနိုဘယ်ကော်မတီ
|နိုင်ငံ|| ဆွီဒင်,|
နော်ဝေ (ငြိမ်းချမ်းရေး ဆုတစ်မျိုးသာ)
|ပထမဆုံးဆုတံဆိပ်||၁၉၀၁|
၁၉၆၉ (စီးပွားရေးသိပ္ပံ)
|ဝက်ဘ်ဆိုဒ်||nobelprize.org|
နိုဘယ်ဆု (တမ်းပလိတ်:IPA-sv, Swedish definite form, singular: Nobelpriset; Norwegian: Nobelprisen) သည် အပြည်ပြည်ဆိုင်ရာ ဆုတံဆိပ်တစ်ခုဖြစ်ပြီး၊ ဆုအမျိုးအစားပေါင်း များစွာရှိသော်လည်း အဓိကဆုများမှာ ယဉ်ကျေးမှုဆိုင်ရာ (သို့) သိပ္ပံပညာရပ် တိုးတက်ကျယ်ပြန့်မှုများအတွက် အပ်နှင်းလေ့ရှိသည်။ လူမျိုး ဂရုဏာသက်ရောက်စေရန် တီထွင်ခဲ့သူ ဆွီဒင်လူမျိုးဖြစ်သည့် အဲလ်ဖရက် နိုဘယ်၏ သေတမ်းအမှာစာတွင်ရေးသားထားသည့်အတိုင်း ၁၈၉၅ခုနှစ်မှ စတင်ခဲ့ခြင်းဖြစ်သည်။ ရူပဗေဒဆိုင်ရာ နိုဘယ်ဆု၊ ဓာတုဗေဒ၊ ကိုယ်ခန္ဓာတန်ဆာလုပ်ဆောင်မှု ပညာ (သို့) ဆေးပညာ၊ စာပေ နှင့် ငြိမ်းချမ်းရေး ဆုများကို ၁၉၀၁ခုနှစ်မှ စတင်ပေးအပ်ခဲ့သည်။[၁]
အဲလ်ဖရက် နိုဘယ်[ပြင်ဆင်ရန်]
နိုဘယ်ဆုသည် ဆွီဒင် နိုင်ငံသား အဲလ်ဖရက် နိုဘယ်(Alfred Nobel) အား အကြောင်းပြု၍ ပေါ်ပေါက်လာခဲ့သည်။ နိုဘယ်သည် ၁၈၃၃ တွင် ဖွားမြင်၍ ၁၈၉၆ တွင် ကွယ်လွန်သည်။ သူ့အဖသည် သိပ္ပံသုတေသနပညာရှင်ဖြစ်၍ သူ့အမိသည် စာပေဝါသနာပါသူ ဖြစ်သည်။ နိုဘယ်သည် ကျန်းမာရေးကောင်းလှသူ မဟုတ်ချေ။ ငယ်စဉ်အခါကပင် ကျန်းမာရေးချို့တဲ့သူ ဖြစ်သည်။ နာဖျားမကျန်း ဖြစ်သည့်အခါ အမိပြောပြသော ဆွီဒင်ရှေးဟောင်းပုံပြင်တို့ကို နားထောင်၍ သက်သာရာ သက်သာကြောင်းကို ရှာတတ်သည်။ ကြီးပြင်းသောအခါ အဖကဲ့သို့ သိပ္ပံပညာ၌ စိတ်ဝင်စားသည်။ အထူးသဖြင့် ဓာတုဗေဒ၊ ရူပဗေဒ၊ စက်မှုအင်ဂျင်နီယာတို့၌ စိတ်ဝင်စားသည်။ အတွေးအခေါ်၌ ဝါသနာပါသော၊ အာဝဇ္ဇန်း ရွှင်သော၊ ပုံပြောကောင်းသောသူ ဖြစ်သည်ဟုလည်း သိရသည်။ အမေရိကန်ပြည်ထောင်စုသို့ သွား၍ နာမည်ကျော် အင်ဂျင်နီယာ ဆရာကြီးတစ်ဦးထံ၌ စက်မှုအင်ဂျင်နီယာကို ပူးပူးကပ်ကပ် သင်ယူသည်။ ဆွီဒင်နိုင်ငံသို့ ပြန်ရောက်သောအခါ လူသုံးပစ္စည်း အမျိုးမျိုးကို တီထွင်သည်။ သူ အထူးတီထွင်သော အရာသည် ဒိုင်းနမိုက်ခေါ် ယမ်းဘီလူး ဖြစ်သည်။ တီထွင်ခါစတွင် တူးမြောင်းများ တူးဖော်ရေးအတွက်လည်းကောင်း၊ ကျောက်တောင်များ၌ မီးရထားသွား လိုဏ်ခေါင်းဖောက်ရေးအတွက်လည်းကောင်း မြေကြီးနှင့် ကျောက်တောင်တို့ကို ဖောက်ခွဲရန် ယမ်းဘီလူးကို အသုံးများကြသည်။ သူ၏ တီထွင်မှုအမျိုးမျိုးကို အကြောင်းပြုလျက် နိုဘယ်သည် ကမ္ဘာပေါ်၌ အချမ်းသာဆုံး သူဌေးများတွင် တစ်ဦးအပါအဝင် ဖြစ်လာသည်။
နောင်အခါ ယမ်းဘီလူးကို စစ်ခင်းနိုင်ငံများသည် စစ်ပွဲများ၌ အသုံးပြုလာကြသောကြောင့် သူ့ယမ်းဘီလူးသည် လူ့လောက ပျက်စီးရာ ပျက်စီးကြောင်းလည်း ဖြစ်ရသည်ကို တွေ့လာသောအခါ နိုဘယ်သည် ပြင်းစွာ တုန်လှုပ်၍ စိတ်မချမ်းမသာ ဖြစ်ရှာသည်။ ထို့ကြောင့် လူ့လောက ငြိမ်းချမ်း တိုးတက်မှု ရှိလာစေသော ဆန္ဒဖြင့်လည်းကောင်း၊ မေတ္တာစိတ်၊ ကရုဏာစိတ် ပျံ့နှံ့မှု ရှိလာစေသော ဆန္ဒဖြင့် လည်းကောင်း သူ့စည်းစိမ်တစ်ခုလုံးကို လှူဒါန်းခဲ့သည်။
နိုဘယ်သည် သူမကွယ်လွန်မီ ၁နှစ်အလိုဖြစ်သော ၁၈၉၅ ခုတွင် တစ်ကမ္ဘာလုံးက အံ့အားသင့်ရသော သေတမ်းစာကို ရေးခဲ့သည်။ ထိုသေတမ်းစာအရ သိရသည်မှာ ရင်းနှီးမတည်ငွေ အဖွဲ့တစ်ဖွဲ့ကို ဖွဲ့စည်းစေ၍ ထိုအဖွဲ့အစည်းသို့ သူ့စည်းစိမ်တစ်ခုလုံးကို အပ်နှင်းကြောင်း၊ သူ့စည်းစိမ်ကို အရင်းအနှီးပြုလျက် ထိုအရင်းအနှီးမှ နှစ်စဉ်ရသော အကျိုးအမြတ်ငွေများကို ငါးစု အညီအမျှခွဲလျက် (၁) ရူပဗေဒဖြင့်လည်းကောင်း၊ (၂) ဓာတုဗေဒဖြင့်လည်းကောင်း၊ (၃) ဆေးပညာဖြင့်လည်းကောင်း၊ (၄) ရသစာပေဖြင့်လည်းကောင်း၊ (၅) ငြိမ်းချမ်းရေး ဆောင်ရွက်ချက်ဖြင့်လည်းကောင်း လူ့လောကကို ထူးထူးချွန်ချွန် အကျိုးပြုနိုင်ကြသော ပုဂ္ဂိုလ်ငါးဦးကို အဆိုပါ အဖွဲ့အစည်းက နှစ်စဉ်နှစ်တိုင်း ရွေးချယ်၍ ဆုချီးမြှင့်စေလိုကြောင်း သိရပါသည်။ နှစ်စဉ်ရရှိသော အကျိုးအမြတ်ငွေ အင်အားအလိုက် ဆုတစ်ဆုလျှင် ယခုအခါ၌ ဒေါ်လာတစ်သိန်းကျော် တန်နေပြီဟု သိရသည်။
ကိုးကား[ပြင်ဆင်ရန်]
- ""Which country has the best brains?""၊ BBC News၊ 8 October 2010။ 6 December 2011 တွင် ပြန်စစ်ပြီး။",4.0,2.0,2.0,3.0,3.0,"The text provides a clear, educational overview of the Nobel Prize and its history, suitable for students. It contains some formatting artifacts (tables/brackets) typical of Wikipedia-style extracts. The language is natural and culturally appropriate for Burmese readers, though it relies on standard encyclopedic information rather than deep, original cultural insights."
<urn:uuid:49b626e2-c130-49eb-bdf7-b2ef68021760>,"၂၀၀၇ စက်တင်ဘာ ၅ - ပခုက္ကူမြို့တွင် သံဃာတော်များအား အေးချမ်းစွာ လမ်းလျှောက်ကြ၍ မေတ္တာပို့ ဆုတောင်းစဉ် စွမ်းအားရှင်၏ လူမဆန်စွာ ညှင်းပန်း ဖိနှိပ်မှုကြောင့် အုံကြွမှုများ စတင်ဖြစ်ပေါ်။
၂၀၀၇ စက်တင်ဘာ ၆၊ ၇ - ပခုက္ကူ ကြံ့ခိုင်ဖွံ့ဖြိုးရေး အဖွဲ့ဝင်များ၊ စွမ်းအားရှင်များနှင့် သံဃာထု တင်းမာမှုများ ရှိနေ။ ကြံ့ဖွံ့ အဖွဲ့ပိုင် ဈေးဆိုင်များ ဖျက်ဆီးခဲ့ရ။ တစ်နိုင်ငံလုံး၌ သံဃာသမဂ္ဂအဖွဲ့ကို ဖွဲ့စည်း။ ဦးဂမ်္ဘီရ အမည်ဖြင့် ကြေညာချက် ထုတ်ပြန်။
၂၀၀၇ စက်တင်ဘာ ၁၁၊ ၁၂ - ရန်ကုန်မြို့ မြို့နယ် အသီးသီးရှိ ဘုန်းကြီးကျောင်းများသို့ သံဃာတော် သမဂ္ဂ သောတုဇနဘိက်္ခူ အဖွဲ့များက ကြေငြာချက်စဝေ၊ သံဃာအပေါ် မရိုသေ မလေးစား ပြုမူသည့် အစိုးရအား ပတ္တနိကုစ်္ဆန ကံဆောင်ပြီး တစ်နိုင်ငံလုံး အတိုင်းအတာ ဆန္ဒပြရန် စက်တင်ဘာ ၁၈ ရက်နေ့ကို သတ်မှတ်လိုက်ကြောင်း ပါရှိ။
စက်တင်ဘာ ၁၆ - ရွှေတိဂုံ စေတီ တ၀ိုက် သံဃာတော် အနည်းငယ်စုဝေး၊ စေတီတော် ရင်ပြင်တက်သည့် လှေကားအောက်မှ တံခါးများ ပိတ်ထားဆဲပင်ရှိ၊ လက်နက် အပြည့်အစုံ ပါသည့် စစ်ကား ၂ စီး သံဃာတော်များ နောက်မှ လိုက်လံကြိုးပမ်း၊ သိမ်ဖြူ စတော့ကိတ်ကုန်းနား အရောက်တွင် သံဃာတော်များ ငြိမ်းချမ်းစွာ လူစုခွဲခဲ့ကြ။
၂၀၀၇ စက်တင်ဘာ ၁၇ - ကြည့်မြင်တိုင်၊ အလုံဘက်မှ ကြွချီလာသော သံဃာတော် စစ်ကြောင်းနှင့် ဗဟန်းတွင် ရှိနှင့်ပြီးသော သံဃာတော်များ စုပေါင်း၍ ရွှေတိဂုံ ကုန်းတော်ပေါ် တက်ရောက် နိုင်ခဲ့ကြ၊ အောင်မြေတွင် စုဝေးတရားဟောကြ၊ အရှေ့ဘက်မုခ် အတိုင်း ဆင်းကြွပြီး ဦထောင်ဘို အ၀ိုင်းကိုဖြတ်ကာ သမ္မတ ရုပ်ရှင်ရုံ ရှေ့လမ်းမှ ဆူးလေဘုရားပေါ် တက်ကာ တရားဟောပြောခဲ့။
၂၀၀၇ စက်တင်ဘာ ၁၈ - တစ်နိုင်ငံလုံး ပတ္တနိကုစ်္ဆန ကံဆောင် သပိတ်မှောက်ခဲ့ကြ၊ သံဃာ့ တပ်ပေါင်းစု ပေါ်ထွက်လာ၊ မြောက် ဥက္ကလာ၊ တောင်ဥက္ကလာ၊ ရန်ကင်းမှ ကိုယ်တော်များ မိုးကောင်းဘုရား စုရပ်မှာ တွေ့ဆုံ၊ သင်္ဃန်းကျွန်း ကျိုက္ကဆံ ဘုရားဝင်းတွင်းရှိ ကျောက်စာရုံ၌ ပတ်္တနိကုစ္ဆနကံ ဆောင်ခဲ့၊ ကမ္ဘာအေး နိုင်ငံတကာ ဗုဒ္ဓသာသနာပြု တက္ကသိုလ်မှ သံဃာများ အပါအ၀င် ရန်ကုန်မြို့အနှံ့မှ သံဃာများ ကြေးသွန်းဘုရားဝင်း အတွင်း စုဝေး တိုင်ပင်ကာ ရွှေတိဂုံ အောင်မြေနင်းပြီး တောင်ဘက်မုခ်မှ မြို့ထဲသို့ကြွ၊ ဆူးလေဘုရား တံခါးပိတ်ထား၍ မြို့တော်ခန်းမရှေ့ လမ်းပေါ်သာ ၀တ်ပြုဆုတောင်းခဲ့ကြ။
၂၀၀၇ စက်တင်ဘာ ၁၉ - သံဃာတော်များ ကြွချီမှု ပိုအားကောင်းလာပြီး နောက်လိုက် နောက်ပါ ပြည်သူများ တခဲနက် လိုက်လံ အားပေးခဲ့ကြ၊ လမ်းဘေးက တစ်ဖက်တစ်ချက်စီ၌ လူအုပ်ကြီးက ရှိခိုးဦးချ ကန်တော့ခြင်း၊ လက်ခုပ်တီး အားပေးခြင်းများ ပြုလုပ်လာကြ၊ ဂွတ္တလစ်ဖက်မှ ကြွလာသော သံဃာများက တာမွေ တစ်ဖက်ချိုးကာ ယုဇနပလာဇာ ရှေ့မှသည် တောင်ညွန့် တိရိစ္ဆာန် ဥယျာဉ်ဘေး ကျောက်တိုင်လမ်းမှ ဆူးလေ အရောက် ချီတက်ခဲ့ကြ၊ အခြား စစ်ကြောင်း တစ်ခုက လှည်းတန်းဘက်မှ စထွက်ကာ တက္ကသိုလ်ရိပ်သာလမ်း ဒေါ်အောင်ဆန်းစုကြည် အိမ်ရှေ့ဖြတ်ခဲ့၊ ဒေါ်အောင်ဆန်းစုကြည် ထွက်ကာ ဖူးမြော်ကန်တော့ခဲ့။",4.0,3.0,3.0,3.0,5.0,"The document provides a factual, chronological account of the 2007 Saffron Revolution in Myanmar. It is highly educational for history, uses natural Burmese phrasing with specific cultural and religious terminology, and maintains a neutral, report-like tone. It lacks deep analytical reasoning but is a clear, well-structured historical record."
<urn:uuid:11f9fb3f-6c10-4a6d-aae8-12c191c46f9d>,"ဂမ်မာရောင်ခြည်
ဂမ်မာရောင်ခြည်အား ဂရိစာလုံးအသေး ဂမ်မာ (γ or ) ဖြင့် အမှတ်အသားပြုသည်။ ၎င်းသည် ကြိမ်နှုန်းအလွန်မြင့်မားသော လျှပ်စစ်သံလိုက်ရောင်ခြည်ဖြစ်၍ စွမ်းအင်မြင့်မားသော ဖိုတွန်များပါရှိသည်။ ၁၉၀၀ ခုနှစ်တွင် ပြင်သစ် ဓာတုဗေဒနှင့် ရူပဗေဒ ပညာရှင် ပေါလ် ဗီလာဒ် ဆိုသူက ရေဒီယမ်သတ္တုကို လေ့လာရင်း ဂမ်မာရောင်ခြည်ကို ရှာဖွေတွေ့ရှိခဲ့သည်။ ဂမ်မာရောင်ခြည်အား အားနက်စ် ရူသာဖို့ဒ်က အမည်ပေးခဲ့ခြင်းဖြစ်သည်။ ရူသာဖို့ဒ်သည် ယခင်တည်းက အခြား ရေဒီယိုသတ္တိကြွပြိုကွဲခြင်း အမျိုးအစား နှစ်မျိုးဖြစ်သည့် အယ်လ်ဖာပြိုကွဲခြင်းနှင့် ဘီတာပြိုကွဲခြင်း များကို ရှာဖွေတွေ့ရှိခဲ့သည်။
ဂမ်မာရောင်ခြည်သည် အိုင်ယွန်ပြုရောင်ခြည် အမျိုးအစားတစ်ခုဖြစ်၍ သက်ရှိများကို အန္တရာယ်ဖြစ်သော ရောင်ခြည်ဖြစ်သည်။ အက်တမ်နျူကလိယသည် စွမ်းအင်မြင့် အခြေအနမှ စွမ်းအင်နိမ့် အခြေအနသို့ ပျက်ယွင်းသည့်အခါ ဂမ်မာရောင်ခြည်ကို ထုတ်လွှတ်ပြီး ၎င်းဖြစ်စဉ်ကို ဂမ်မာပြိုကွဲခြင်းဟု ခေါ်သည်။
ကိုးကား[ပြင်ဆင်ရန်]
|ဤ ရူပဗေဒနှင့် သက်ဆိုင်သော ဆောင်းပါးမှာ ဆောင်းပါးတို တစ်ပုဒ်ဖြစ်သည်။ ဖြည့်စွက်ရေးသားခြင်းဖြင့် မြန်မာဝီကီပီးဒီးယားကို ကူညီပါ။|",4.0,2.0,3.0,3.0,2.0,"The text provides a clear, accurate, and educational overview of gamma rays suitable for middle-school level. It explains the discovery and physical nature of the radiation. It is clean, though it contains some Wikipedia boilerplate at the end. The language is natural Burmese, though it is a standard encyclopedic translation."
<urn:uuid:0055deb6-7276-49d7-b900-fa7fa63f444f>,"ဘေဘီလုံ
ဘေဘီလုံ သည် ရှေးခေတ်ကမ္ဘာ၏ ဩဇာအရှိဆုံး ဧကရာဇ်အချို့ အုပ်ချုပ်ခဲ့သည့် ရှေးဟောင်းမြို့ဖြစ်သည်။ ၎င်းသည် ဘေဘီလုံ အင်ပါယာ ၏မြို့တော်ဖြစ်ပြီး ၎င်းသည် ကူးသန်းရောင်းဝယ်ရေး၊ အနုပညာနှင့် သင်ယူမှု ဆိုင်ရာ ဗဟိုချက်အဖြစ် သတ်မှတ်ခံထားရပြီး ကမ္ဘာပေါ်တွင် အကြီးဆုံးအစောပိုင်းမြို့ ဖြစ်မည်ဟု ခန့်မှန်းရပြီး လူဦးရေ ၂၀၀,၀၀ အထက်သို့ ပထမဆုံးရောက်ရှိသည့် မြို့လည်းဖြစ်သည်။ [၁]
|ဘေဘီလုံ*|
|UNESCO ကမ္ဘာ့အမွေအနှစ်နေရာများ|
|တည်ရှိသည့် နိုင်ငံ||အီရတ်|
|အမျိုးအစား||ယဉ်ကျေးမှု|
|ရွေးချယ်သည့်စံနှုန်း||iii,vi|
|ကိုးကား||၂၇၈|
|ဒေသ**||အာရပ်နိုင်ငံများ|
|သတ်မှတ်ခြင်း မှတ်တမ်း|
|စတင်သတ်မှတ်ခြင်း||၂၀၁၉ (၄၃ကြိမ်)|
|* ယူနက်စကိုကမ္ဘာ့အမွေခံစာရင်းတွင် ရေးထိုးထားသောအမည်|
** ယူနက်စကိုမှ ခွဲခြားသတ်မှတ်ထားသောဒေသ
လက်ရှိတွင် ၎င်းသည် ရှေးဟောင်းသုတေသနနယ်မြေတစ်ခုဖြစ်ပြီး ရှေးဟောင်းသုတေသန နယ်နိမိတ်အတွင်း လူဦးရေ ထောင်ဂဏန်း နှင့် ကျေးရွာအနည်းငယ်သာရှိသော်လည်း မကြာသေးမီ နှစ်များအတွင်းက ဆောက်လုပ်ရေးလုပ်ငန်းများ အရှိန်အဟုန်ဖြင့် တိုးမြင့်လာပြီး အချို့မှာ အပျက်အစီးများ အပေါ်သို့ ကျူးကျော် ဝင်ရောက်လာခြင်းဖြစ်သည်။ [၂] [၃] [၄] ရှေးဟောင်းသုတေသနနေရာသည် ယနေ့ခေတ် အီရတ်နိုင်ငံ ဘာဘေး အုပ်ချုပ်ရေးဒေသ ဟီလာရှိ ဘဂ္ဂဒက်မြို့ နှင့် ၈၅ ကီလိုမီတာ (၅၃ မိုင်) ခန့်အကွာတွင် တည်ရှိပြီး ၎င်း၏ နယ်နိမိတ်များသည် ဧရိယာ ၁၀၅၄.၃ ဟက်တာခန့်ရှိသော ရှေးဟောင်း အပြင်မြို့ရိုးများ၏ ပတ်ဝန်းကျင်ကို အခြေခံထားသည်။ [၅] ဘေဘီလုံ ကို ယူနက်စကို မှ ကမ္ဘာ့အမွေအနှစ်နေရာ အဖြစ် စာရင်းသွင်းထားပြီး နှစ်စဉ် ထောင်နှင့်ချီသော ဧည့်သည်များ လာရောက် လည်ပတ်ကြပြီး အားလုံးနီးပါးမှာ အီရတ်လူမျိုးများ ဖြစ်သည်။ [၆] [၇]
ကိုးကားပြင်ဆင်
- Tertius Chandler.
- Bringing Babylon back from the dead - CNN Video
- ""In Beleaguered Babylon, Doing Battle Against Time, Water and Modern Civilization""။
- Management Plan of Babylon။
- Babylon World Heritage Nomination Text။
- 'It Was Like Magic': Iraqis Visit Babylon And Other Heritage Sites For 1st Time။
- Ancient city of Babylon heads list of new Unesco world heritage sites။",4.0,2.0,2.0,3.0,2.0,"The text provides a clear, educational overview of Babylon, suitable for middle-schoolers. It includes factual historical and geographical data. While it contains some boilerplate-like table formatting and citation markers, the prose is coherent and informative. It uses natural Burmese, though it is clearly modeled on encyclopedic structures like Wikipedia."
<urn:uuid:3aa7d3f7-05ce-43b6-99f8-36ba153b82de>,"ကိုရိုနာဗိုင်းရပ်စ် ပျောက်ကွယ်သွားမည် မဟုတ်ဟု WHO ပြော
ကိုရိုနာဗိုင်းရပ်စ်သစ်က ပျောက်ကွယ်သွားလိမ့်မည် မဟုတ်ကြောင်းနှင့် ကမာ္ဘပေါ်ရှိ ပြည်သူများက ၎င်းနှင့်အတူ နေထိုင်ရန် သင်ယူရလိမ့်မည်ဖြစ်ကြောင်း ကမ္ဘာ့ကျန်းမာရေးအဖွဲ့ (WHO) က မေလ ၁၃ ရက်နေ့ တွင် သတိပေးလိုက်သည်။
ကမာ္ဘတလွှား ရှိ အချို့နိုင်ငံများ တွင် ကိုရိုနာဗိုင်းရပ် ပြန့်ပွားမှုကို တားဆီးရန် ကြိုးပမ်းသည့် အနေဖြင့် ချမှတ်ထားသော ပိတ်ဆို့ ကန့်သတ်ချက်များကို တဖြည်းဖြည်းချင်း လျှော့ချလာသည့် အချိန်တွင် WHO က ၎င်းသည် လုံးလုံး လျားလျား ဖယ်ရှား၍ ရကောင်းမှ ရလိမ့်မည်ဟု ပြောကြားခဲ့ခြင်း ဖြစ်သည်။
အဆိုပါ ဗိုင်းရပ်စ်သည် ပြီးခဲ့သည့်နှစ်နှောင်းပိုင်းက တရုတ်နိုင်ငံ ဝူဟန်မြို့တွင် ပထမဆုံး တွေ့ရှိခဲ့ပြီး ထိုအချိန်မှစ၍ လူပေါင်း ၄. ၄ သန်းကျော် ကူးစက်ခံခဲ့ရကာ ကမ္ဘာအနှံ့တွင် လူ ၃၀၀၀၀၀ နီးပါးသေဆုံးခဲ့ရသည်။
WHO ၏ အရေးပေါ်ကိစ္စရပ်များဆိုင်ရာ ဒါရိုက်တာ ညွှန်ကြားရေးမှူး Michael Ryan က “ပထမဆုံးအကြိမ်အဖြစ် လူထုထဲ ဝင်လာတဲ့ ဗိုင်းရပ်စ် အသစ်တခု ပါ။ ဒါကြောင့် အဲဒါကို ဘယ်အချိန်မှာ ကျော်လွှားနိုင်မလဲဆိုတာ ကြိုတင်ခန့်မှန်းဖို့ ခက်ခဲပါတယ်” ဟု ပြောကြားခဲ့သည်။
ဂျီနီဗာမြို့တွင် ပြုလုပ်သည့် အွန်လိုင်းသတင်းစာရှင်းလင်းပွဲ တခုတွင် သူက “ဒီဗိုင်းရပ်စ်ပိုးက ကျနော်တို့ အသိုင်းအဝိုင်းမှာ ဖြစ်ပွားတတ်လေ့ရှိတဲ့ နောက်ထပ် ဗိုင်းရပ်စ်တခု ဖြစ်ချင်လည်း ဖြစ်သွားနိုင်ပါတယ်။ အမြဲတမ်း ပျောက်ကွယ်ချင်မှ ပျောက် ကွယ်သွားပါလိမ့်မယ်” ဟု ပြောကြားခဲ့သည်။
“HIV ပိုးက ပျောက်ကွယ်မသွားသေးပါဘူး။ ဒါပေမယ့် ကျနော်တို့က ဒီဗိုင်းရပ်စ် (HIV) နဲ့ အဆင်ပြေဖို့ လုပ်ခဲ့ရပါတယ်။”
ကိုရိုနာဗိုင်းရပ် ပြဿနာ စတင်ကတည်းက လူသားထု၏ တဝက်ကျော်က အချို့သော ပိတ်ဆို့မှု ပုံစံများအောက်တွင် ရောက်ရှိနေခဲ့ကြရသည်။
ကန့်သတ်ထားမှုများကို ဖြေလျှော့ပေးခြင်းက ကူးစက်မှု ဒုတိယလှိုင်းကို မဖြစ်စေနိုင်ဟု အာမခံနိုင်စရာ အကြောင်း မရှိကြောင်း WHO က သတိပေးလိုက်သည်။
“နိုင်ငံတော်တော်များများက ခွဲခြား ကန့်သတ်ပိတ်ဆို့ ထားတဲ့ လုပ်ဆောင်ချက်ကနေ ထွက်လာချင်ကြပါလိမ့်မယ်” ဟု WHO အကြီးအကဲ Tedros Adhanom Ghebreyesus က ပြောသည်။
“ဒါပေမယ့် ဘယ်နိုင်ငံမှာမဆို သတိထားမှုက ဖြစ်နိုင်သမျှ အမြင့်ဆုံးအဆင့်မှာ ထားရှိသင့်တယ် ဆိုတာက ကျနော်တို့ရဲ့ အဆိုပြုချက်အဖြစ် ရှိနေတုန်းပါပဲ။”
ပုံမှန်ပြန်ဖြစ်ရန် သွားရမည့် လမ်းကြောင်းက ရှည်လျားသော လမ်းတခု ဖြစ်သည်ဟု Michael Ryan ပြောကြားခဲ့ပြီး နိုင်ငံများအနေဖြင့် ယခု လမ်းကြောင်းပေါ်တွင် ဆက်လက်ရှိနေကြရလိမ့်မည်ဟု တိုက်တွန်းခဲ့သည်။
“တားမြစ်ကန့်သတ်မှုတွေက လုပ်တာက ကောင်းကောင်း အလုပ်ဖြစ်တယ်။ တားမြစ်ကန့်သတ်မှုတွေကို ပြန်လည် ဖယ်ရှားလိုက်ရင် အလွန်ကောင်းသွားလိမ့်မယ် လို့ တွေးနေကြတာတွေ ရှိပါတယ်။ ၂ မျိုးလုံးက အန္တရာယ်တွေနဲ့ ပြည့်နေပါတယ်” ဟု အိုင်ယာလန်နိုင်ငံသား ကူးစက်ရောဂါတားဆီးရေးဆိုင်ရာ ပညာရှင် တဦးဖြစ်သည့် Michael Ryan က ပြောသည်။
ကူးစက်ရောဂါနှင့် ဆက်နွှယ်နေသော ကျန်းမာရေး ဝန်ထမ်းများ အပေါ် တိုက်ခိုက်မှုများကိုလည်း Michael Ryan က ပြစ်တင် ရှုတ်ချလိုက်သည်။ အဆိုပါ အဖြစ်အပျက်များသည် ဧပြီလ တလတည်း အတွင်းမှာပင် နိုင်ငံ ၁၁ ခု ၌ ၃၅ ခု ကျော် ရှိခဲ့သည် ဟု သူက ဆိုသည်။
တိုက်ခိုက်မှုများသည် အသိပညာနည်းပါးသည့် အသိုင်းအဝိုင်းများ၏ အလွန်အကျွံ တုန့်ပြန်မှုများ ဖြစ်လေ့ရှိပြီး အခြား ကိစ္စများက ပို၍စိတ်လေးစရာ ဖြစ်ခဲ့သည် ဟု သူက ပြောသည်။
“Covid-19 က ကျနော်တို့ထဲက အကောင်းဆုံးတွေကို ပေါ်ထွက်လာစေခဲ့ပါတယ်။ ဒါပေမယ့် အဆိုးရွားဆုံး အချို့ကိုလည်း ထုတ်ဖော်ပြသခဲ့ပါတယ်” ဟု သူက ဆိုသည်။
“ကူညီဖို့ ရိုးရိုးသားသား ကြိုးစားနေကြသူတွေအပေါ် သူတို့ရဲ့ စိတ်ပျက်မှုတွေ ပုံချခွင့် ရှိတယ်လို့ လူတွေက ခံစားနေကြတယ်။ အဲဒါတွေက အဓိပ္ပါယ်မဲ့ အကြမ်းဖက်လုပ်ရပ်တွေ ဖြစ်ပါတယ်။ ဆန့်ကျင်ရမယ့် ခွဲခြားဆက်ဆံမှု ဖြစ်ပါတယ်။”
သို့သော်လည်း ဗိုင်းရပ်စ်ကို တိုက်ခိုက်ရန် နည်းလမ်းတခုကို ရှာဖွေခြင်းက လူသားမျိုးနွယ်အတွက် ကာကွယ်ဆေး တခု ရှာဖွေခြင်းနှင့် ကျယ်ကျယ်ပြန့်ပြန့် အသုံးပြုနိုင်အောင် ပြုလုပ်ခြင်းအားဖြင့် ရှေ့ဆက်သွားရေး အဓိက ခြေလှမ်းကို လှမ်းရန် အခွင့်အလမ်း တခုဖြစ်ကြောင်း Michael Ryan က ပြောသည်။
“ဒါက ကမ္ဘာကြီးအတွက် ကြီးမားတဲ့ အခွင့်အလမ်း တခု ဖြစ်ပါတယ်” ဟု သူက ဆိုသည်။
ကိုးကား။ ။ AFP
You may also like these stories:",4.0,3.0,2.0,4.0,3.0,"The text is a well-structured, informative news report about public health. It provides clear, logical explanations from WHO officials regarding the pandemic. It is written in natural, professional Burmese, suitable for general audiences. It is clean, though it includes a minor 'You may also like' footer."
<urn:uuid:7690aef4-ba52-4d7f-a55f-d7719d3d3a43>,"ကယားတိုင်းရင်းသားလူမျိုးအုပ်စုတွင် ကယား၊ ဇယိမ်း၊ ယင်းဘော်၊ ယင်းတလဲ၊ မနုမနော၊ ပရဲ၊ ဂေခို၊ ဂေဘားနှင့် ပဒေါင်(ခေါ်) ကယန်းလူမျိုးတို့ ပါဝင်သည်။ ကယားပြည် နယ်တွင် ကယားလူမျိုးများသာမက ရှမ်း၊ ပကူးကရင်၊ ပအိုဝ်းနှင့် ဗမာများပါ နေထိုင် ကြသည်။
ဘာသာစကားနှင့်စာပေ
မျိုးနွယ်အလိုက် မိမိပိုင်ဘာသာစကားများ ရှိသော်လည်း အနည်းငယ်မျှသာ ကွဲလွှဲ သည်။ ရှမ်းဘာသာစကားကိုမူ အများအားဖြင့် နားလည်ကြလေသည်။ ကိုယ်ပိုင်စာပေ မရှိပေ။ အချို့လူမျိုးနွယ်တို့တွင် ရောမအက္ခရာဖြင့် တီထွင်ထားသောစာပေ ရှိသော်လည်း အသုံးနည်းသည်။
ဝတ်စားဆင်ယင်မှု
ကယားအမျိုးသားတို့က ဖျင်ကြမ်းဘောင်းဘီတို/ရှည် ခပ်ပွပွအပေါ်အင်္ကျီခပ် ကြမ်းကြမ်းဝတ်သည်။ အမျိုးသမီးတို့က ခေါင်းပေါင်း အနီ၊ သို့မဟုတ် အနက်ကို ပေါင်းကြသည်။ ကိုယ်တွင် ရင်စည်းဖုံးသင်တိုင်းကို ဝတ်ဆင်ပြီး အပေါ်မှ ခြုံထည်ရှည်နှင့် ခါးစည်းကြိုးအနီနှင့် ချည်နှောင်၍ အစကို ရှေ့သို့ချထားလေ့ရှိသည်။
ဂေခို၊ ဂေဘားအမျိုးသားတို့က ဖျင်စဘောင်းဘီတိုနှင့် အင်္ကျီအဖြူ ရင်ခွဲကို ဝတ် ဆင်၍ အမျိုးသမီးတို့ကမူ ဂျပ်ခုတ်ထမီနှင့် ရိုးရိုးအင်္ကျီများကို ဝတ်ဆင်ကြသည်။
ပဒေါင်ခေါ် ကယန်းအမျိုးသားတို့မှာ ဘောင်းဘီပွနှင့် အပေါ်အင်္ကျီကို ဝတ်ဆင်ကြပြီး အမျိုးသမီးများကမူ အတွင်းခံအင်္ကျီလက်စကကို ရင်ညွှန့်အထိ ဟိုက်ခွဲထားသည့် ပေါင်လည်ထိရှည်သော သင်တိုင်းကို ဝတ်ဆင်ကြသည်။ အပေါ်မှ တိုက်ပုံအင်္ကျီအနက်ကို ထပ်၍ ဝတ်ဆင်လေ့ ရှိသည်။
ပရဲအမျိုးသားများက အင်္ကျီလက်တို အဖြူခံပေါ်တွင် အနီစင်းစိပ်စိပ်နှင့် ဘောင်းဘီတိုအနီခံအစင်းကို ဒူးဆစ်သာသာထိ ဝတ်ဆင်သည်။ အမျိုးသမီးတို့ကမူ အင်္ကျီအဖြူခံ အနီစင်း လက်စကအမြိတ်နှင့် ဝတ်၍ အနက်ရောင်ခံ အနီကန့်လန့်စင်း ထမီကို ဒူးဆစ်သာသာထိ ဝတ်ဆင်ကြသည်။
ယင်းဘော်အမျိုးသားတို့က ဘောင်းဘီတိုနှင့် အင်္ကျီလက်စက ဝတ်၍ အမျိုးသမီးတို့က ထမီအနက်တို့ကို ဒူးဆစ်ထိဝတ်ဆင်ပြီး အင်္ကျီမှာ လက်စက လည်ဟိုက်ဖြစ်၏။ အတွင်းတွင် သင်တိုင်းတစ်စကို လည်ပင်းနှင့်ပခုံးသိုင်း၍ ခါးပတ်ကြိုးတစ်ခုနှင့် ရစ်ပတ်ထားသည်။ အပေါ်မှ ခြုံသင်တိုင်းလွှမ်းသည်။
ယင်းတလဲ အမျိုးသားမှာ ဘောင်းဘီအဖြူ အနီစကွပ်သော အင်္ကျီအဖြူကို ဝတ်၍ အမျိုးသမီးက အဖြူရောင်အင်္ကျီ၊ အနီရောင်ကွက်ကျား ထမီတို့ကို ဝတ်ဆင်ကြသည်။ အမျိုးသားများမှာ အများအားဖြင့် ခေါင်းပေါင်း ပေါင်းထားလေ့ရှိပြီး၊ အမျိုးသမီးများကလည်း ငွေပြားပုတီးစေ့၊ ပန်းစည်းကြိုးတို့ကို လည်တွင် ဝတ်ဆင်လေ့ရှိတတ်ကြသည်။
ဇယိမ်းခေါ်ခေါင်းတို အမျိုးသားမှာ ရင်ခွဲအပေါ်အင်္ကျီနှင့် ဘောင်းဘီတို ကျပ်ကို ဝတ်ဆင်၍ အမျိုးသမီးများက ခေါင်းစွပ်ကိုယ်ပွအင်္ကျီနှင့် ဂျပ်ခုတ်ထမီတို့ကို ဝတ်ဆင်ကာ ကျား၊ မ အားလုံး တိရိစ္ဆာန်အစွယ်များ၊ သစ်သားပုတီးများကို လည်ဆွဲ၊ နားဝတ် အဆင်တန်ဆာများ အဖြစ် ဝတ်ဆင်လေ့ရှိသည်။
ကိုးကွယ်ယုံကြည်မှု
ဗုဒ္ဓဘာသာကိုးကွယ်သူ၊ နတ်ကိုးကွယ်သူများနှင့် ခရစ်ယာန်ဘာသာ(ဘုရင်ဂျီ) ဝင် များရှိကြသည်။ ဗုဒ္ဓဘာသာဝင်တို့အိမ်တွင် ဘုရားဆင်းတုရုပ်ပွားတော်များ ထားရှိ ကိုးကွယ် သည်။ နတ်စင်ကို ရွာအပြင်တွင်ထားလေ့ရှိပြီး နတ်ရုပ်မရှိဘဲ နတ်စင်သာရှိကြသည်။ ဘုရင်ဂျီ ခရစ်ယာန်တို့၏ ဘုရားကျောင်းများလည်း ရှိသည်။ မိမိကိုးကွယ်သော ဘာသာတရားကို အထူးလေးစားကြသည်။ မည်သည့်ဘာသာဝင်ဖြစ်စေ စုန်းနတ်၊ ကဝေ၊ မှော်ပညာ စသည် တို့ကို ယုံကြည်ကြသည်။
အုပ်ချုပ်မှုအစဉ်အလာ
အိမ်ထောင်စုတွင် ကြီးစဉ်ငယ်လိုက် ရိုသေလေးစားပြီး ဖခင်ကိုရိုသေ၍ သြဇာခံယူ သည့်နည်းတူ ရပ်ရွာတွင်လည်း အသက်ကြီးသူ၊ ကျေးရွာလူကြီးတို့၏ သြဇာကို နာခံ တတ်ကြသည်။ ရပ်ရွာတွင် လူထုမှ လေးစားသော သက်ကြီးရွယ်အိုများ၏ စီမံခန့်ခွဲ အုပ်ချုပ်မှုကို လိုက်နာလေ့ရှိခဲ့ကြသည်။
ရိုးရာယဉ်ကျေးမှု
စုပေါင်းဆောင်ရွက်တတ်သော အလေ့အထရှိသည်။ ဘာသာရေး၊ လူမှုရေး၊ စီးပွားရေး၊ ရပ်ရွာစည်ပင်ရေးတို့ကို ပူးပေါင်းဝိုင်းဝန်းလုပ်ဆောင်တတ်သည့် အလေ့ရှိသည်။ မည်သည့်ဘာသာဝင်မဆို နတ်စုန်းကဝေများကို ယုံကြည်၍ ဗေဒင် ပယောဂ နတ်ပူဇော် ခြင်းများ ရှိသည်။ လူမှုရေးနှင့်ပတ်သက်၍ ရှင်ပြုခြင်း၊ ထိမ်းမြားခြင်း၊ အိမ်သစ်တက်ခြင်း စသည့် မင်္ဂလာပွဲများရှိ၍ ရပ်ရွာမှ ဝိုင်းဝန်းလုပ်ဆောင်ကြသည်။ ရပ်ရွာ စည်ပင်ရေးအတွက် နတ်ဆိုးများကို တောထုတ်သည့် အလေ့အထရှိသည်။ ဘာသာရေးနှင့်ပတ်သက်သော ပွဲများအဖြစ် တံခွန်တိုင်ပွဲတော်၊ ကောက်ညှင်းထုပ်ပွဲတော်၊ လိပ်ပြာခေါ်ပွဲများကို ကျင်းပ၍ ရွာသူရွာသားများက စုပေါင်း လုပ်ဆောင်လေ့ရှိသည်။ ပရောဂဆရာ နတ်ထိန်းများ၊ ဗိန္ဓောဆရာများမှာ သြဇာရှိသူများ ဖြစ်ကြသည်။
ဆောင်ရန်
ရှောင်ရန်",4.0,2.0,2.0,4.0,5.0,"The text provides a structured, informative overview of Kayah ethnic groups, their customs, and beliefs, suitable for educational purposes. It is written in natural, authentic Burmese with accurate cultural terminology. While it lacks complex logical analysis, it is well-organized, clean, and provides a clear, factual description of traditional practices."
<urn:uuid:4d645e4c-5e45-4bbe-8a54-9d4a7a9c0b65>,"ကြွေပန်းပင်
|Begonia|
|Begonia cultivars|
|သိပ္ပံနည်းကျ အမျိုးအစားခွဲခြင်း|
|Species|


See text
ကြွေပန်းပင်သည် ဗီဂိုနီယေးစီး မျိုးရင်းတွင် ပါဝင်သည်။ အပူပိုင်းဒေသတို့တွင် စတင် ဖြစ်ပွားသော အပင်မျိုးဖြစ်သည်။ မျိုးစိတ်စုစုပေါင်း ၇၅ဝ ရှိသည့်အနက် မျိုးစိတ်ပေါင်း ၁၅ဝ ကို အလှစိုက်ပျိုးလျက် ရှိကြသည်။
ထိုပန်းပင်မျိုးသည် လွယ်ကူစွာ ပေါက်သဖြင့် အကိုင်း အခက်ကို ဖြတ်၍စိုက်နိုင်သည်။ အရွက်သည် ကြီး၍ အသားထူ ပြီးလျှင် ဖယောင်းသားကဲ့သို့ ချောမွှတ်သည်။ အပွင့်သည်လည်း ကြီးလှ၏။ အသီး၌ အတောင်ပါရှိသည်။ အသီးသည် သေးငယ် သော အစေ့ကလေးများရှိသည့် အစေ့အိတ်ဖြစ်သည်။ ကြွေပန်း ပင်မျိုးတွင် နွေရာသီပွင့်သောအမျိုးနှင့် ဆောင်းရာသီပွင့်သော အမျိုးဟူ၍ နှစ်မျိုးကွဲပြားသည်ကို တွေ့ရသည်။ နွေရာသီ ပွင့်သောအမျိုးတွင် အမြစ်သည် သစ်ဥသဖွယ် ဖြစ်၍ ဆောင်း ရာသီပွင့်သောအမျိုးတွင် အမြစ်သည် အမျှင်သဖွယ် ဖြစ်သဖြင့် ခွဲခြား၍ သိနိုင်သည်။
ကိုးကား[ပြင်ဆင်ရန်]
- မြန်မာ့စွယ်စုံကျမ်း၊ အတွဲ(၁)",4.0,1.0,2.0,3.0,3.0,"The text provides clear, educational botanical information about Begonias. It is written in natural Burmese, citing the Myanmar Encyclopedia. While it contains some boilerplate/formatting artifacts from a wiki-style source, the core content is coherent, accurate, and accessible for primary/middle-school education."
<urn:uuid:33cf3443-cfbf-4e0c-9be6-4464f756df75>,"ဂလိုက်ဒါလေယာဉ်
ဂလိုက်ဒါခေါ် လေယာဉ်လျှောသည် စက်မပါဘဲ ပျံသန်းနိုင် သော လေယာဉ်တစ်မျိုးဖြစ်သည်။ ဂလိုက်ဒါကို တောင်ဆင်ခြေ လျှောမှ အရှိန်ဖြင့် လျှောချလိုက်သောအခါ၌ဖြစ်စေ လေယာဉ်ပျံ သို့မဟုတ် မော်တောာ်ကားဖြင့် ဆွဲ၍ ပြေးသောအခါ၌ဖြစ်စေ လေဟုန်စီးကာ လေယာဉ်ပျံကဲ့သို့ ပျံသန်းနိုင်သည်။ ဂလိုက်ဒါ သည် အလွန်ပေါ့သောကြောင့် အထက်သို့ တိုက်ခတ်နေသော လေစီးကြောင်းထဲတွင် အတော်မြင့်မြင့် ပျံတက်နိုင်ပြီးလျှင် ခရီး အတော်ဝေးဝေးသို့လည်း ပျံသန်းသွားနိုင်သည်။ သို့သော် စက်ပါသော လေယာဉ်ပျံတို့လောက်ကား ကြာမြင့်ဝေးလံစွာ မပျံသန်းနိုင်ချေ။
ဂလိုက်ဒါတွင် စက်မပါသည်မှအပ လေယာဉ်ပျံမှာကဲ့သို့ပင် အမြီး၊ တောင်ပံနှင့် ကိုယ်ထည်များပါရှိသည်။ အတောင်နှင့် အမြီးတွင်လည်း လေယာဉ်ပျံမှာကဲ့သို့ပင် ထက်အောက်ဘယ်ညာ သို့ တက်ဆင်းလှည့်ပတ်နိုင်အောင် ပဲ့များအသီးသီး တပ်ဆင် ထားလေသည်။ လူတို့သည် ဂလိုက်ဒါကို လေယာဉ်ပျံမပေါ်မီ အချိန်က အမျိုးမျိုး ကြိုးစားကြံစည်ခဲ့ကြလေသည်။ သို့သော် ခရစ် ၁၈၉၁ ခုနှစ်တွင်မှ ဂလိုက်ဒါကို အောတိုးလီလီယင်သဲ နှင့် ဂစ်စတပ် အမည်ရရှိသော ညီနောင်၂ ဦးတို့က ပထမဆုံး အောင်မြင်စွာ ပျံသန်းနိုင်ခဲ့သည်။ လေယာဉ်ပျံကို ရှေးဦးစွာ ကြံစည်ခဲ့ကြသော ရိုက်ညီနောင်တို့ပင်လျှင် ဂလိုက်ဒါများဖြင့် စမ်းသပ်လေ့လာခဲ့ကြရလေသည်။
ဂလိုက်ဒါတွင် အလွတ်ပျံသန်းနိုင်သော အမျိုးနှင့် လေယာဉ်ပျံကကြိုးဖြင့် ဆွဲဆောင်ရသော အမျိုးဟူ၍ ၂ မျိုး ရှိသည်။ ပထမအမျိုးတွင် တစ်ဖန် အပျော်စီး ဂလိုက်ဒါနှင့် လေယာဉ်ပျံ အမောင်းသင်ဂလိုက်ဒါ ဟူ၍ ၂ စားရှိပြန်သည်။ အခြားတစ်မျိုးမှာ ဝန်တင်ဂလိုက်ဒါမျိုး ဖြစ်၍ သာမန် ဂလိုက်ဒါတို့ထက် ကြီးမားကြသည်။ အချို့မှာ လူ ၃ဝ ခန့် အထိ တင်ဆောင်နိုင်အောင်ပင် ကြီးမားကြသည်။ ဤဝန်တင် ဂလိုက်ဒါမျိုးကို စီးပွားရေးဖက်၌ ကုန်ပစ္စည်းတင်ရန်အသုံးပြု၍ စစ်ပွဲများ၌ စစ်သား၊ စစ်လက်နက်နှင့် စစ်ရိက္ခာများ သယ်ယူ ပို့ဆောင်ရန် အသုံးပြုကြသည်။ ဗိုလ်ချုပ်မှူး ဝင်းဂိတ်သည် ပြီးခဲ့သော ဒုတိယကမ္ဘာစစ်အတွင်းက မြန်မာနိုင်ငံရှိ ဂျပန်တပ် များကို ပြန်လည်ထိုးစစ်ဆင်ခဲ့စဉ်က ဤဂလိုက်ဒါမျိုးကို ထိရောက်စွာ အသုံးပြုခဲ့လေသည်။
အဂ‡လန်၊ ဂျာမနီ၊ အမေရိကန်၊ ရုရှားစသော နိုင်ငံကြီးတို့၌ ဂလိုက်ဒါများ အလွန်ခေတ်စားခဲ့သည်။ အထူးသဖြင့် ဂျာမနီ နိုင်ငံ၌ ပထမကမ္ဘာစစ်ပြီးခေတ်တွင် ထူးထူးခြားခြား ခေတ်စား ခဲ့၍ ဂလိုက်ဒါစီး သူရဲကောင်းများ ပေါ်ပေါက်ခဲ့ကြသည်။ ထို့နာက်တွင် ဂလိုက်ဒါသည် ရုရှားနိုင်ငံ၌လည်း သိသိသာသာ ခေတ်စားလာခဲ့ပေသည်။
ဂလိုက်ဒါနှင့် အဝေးဆုံး ပျံသန်းခဲ့သော ကမ္ဘာစံချိန်မှာ မိုင်ပေါင်း ၄၆၅၅၃၂ ဖြစ်သည်။ ထိုခရီးကို အောက်လဂါက လက်ပီကိုဗာဆိုသူ ရုရှားအမျိုးသမီးလေသူရဲက ၁၉၃၉ ခုနှစ် တွင် ပျံသန်းခဲ့သည်။ အမြင့်ဆုံးပျံသန်းခဲ့သော ကမ္ဘာ့စံချိန်မှာ စတင်ပျံသန်းရာမှ ပေပေါင်း ၂၆၄၁ဝ မြင့်သည်။ ထိုအမြင့်ကို ပါအိပ်ဆဲပါဆန်ဆိုသူ ဆွီဒင်အမျိုးသားတစ်ဦးက ၁၉၄၇ ခုနှစ် တွင် ပျံသန်းခဲ့သည်။ လေထဲ၌ အကြာဆုံးနေခဲ့သော ကမ္ဘာ့ စံချိန်မှာ ၃၆ နာရီ ၃၅ မိနစ်ဖြစ်သည်။ ထိုစံချိန်ကို ကွတ်ရှမစ် ဆိုသူ ဂျာမန်အမျိုးသားတစ်ဦးက တွင်ခဲ့လေသည်။
ကိုးကား[ပြင်ဆင်ရန်]
- မြန်မာ့စွယ်စုံကျမ်း၊ အတွဲ(၃)",4.0,2.0,2.0,4.0,4.0,"The text is an informative, well-structured encyclopedic entry suitable for middle-school education. It explains the mechanics, history, and types of gliders clearly. It uses natural Burmese, includes relevant historical context (WWII in Burma), and is free of significant noise, though it contains a minor 'reference' footer artifact."
<urn:uuid:38026597-84b2-4c3c-ae0c-c60877de3f13>,"နိုင်ငံခြားကိုသွားမယ်ဆို နိုင်ငံကူးလက်မှတ် (ပတ်စ်ပို့)လိုလာပြီလေ။ ပတ်စ်ပို့တွေရဲ့ အပြင်ကာဗာအရောင်က တစ်နိုင်ငံနဲ့တစ်နိုင်ငံ မတူဘူးဆိုတာ သတိထားမိမှာပါနော်။ ကိုယ်ကိုင်ထားတဲ့ပတ်စ်ပို့က ကိုယ့်နိုင်ငံအကြောင်းကို အများကြီး ပြောပြနိုင်ပါတယ်။
ပတ်စ်ပို့တွေရဲ့အရောင်နဲ့ ပတ်သက်ပြီးတော့ နိုင်ငံတကာဆိုင်ရာ လမ်းညွှန်ချက်တွေရယ်လို့တော့ မရှိပါဘူး။ ဒါပေမဲ့ ပတ်စ်ပို့အရောင်တွေက ရည်ရွယ်ချက်မဲ့ ထားချင်သလိုထားထားတာလည်း မဟုတ်ပြန်ဘူး။ နိုင်ငံရဲ့ ယဉ်ကျေးမှု၊ နိုင်ငံရေး သို့မဟုတ် ယုံကြည်ချက်တွေကို ပတ်စ်ပို့အရောင်တွေမှာ ဖော်ပြအသုံးပြုထားတယ်လို့ ဗြိတိန်နိုင်ငံက ပတ်စ်ပို့ပြုလုပ်ပေးတဲ့ကုမ္ပဏီ De La Rue မှ Claire Burrows က Economist မဂ္ဂဇင်းကို ပြောပြခဲ့ပါတယ်။
ဥပမာအားဖြင့် အစ္စလာမ်မစ်နိုင်ငံတွေဟာ သူတို့ရဲ့ဘာသာရေးမှာအရေးပါတဲ့အရောင်ဖြစ်တဲ့ အစိမ်းရောင်ကို ပတ်စ်ပို့ကာဗာမှာ အသုံးပြုကြလေ့ရှိပါတယ်။ ECOWAS (the Economic Community of West African States) အဖွဲ့ဝင်နိုင်ငံတွေကလည်း အစိမ်းရောင်အမျိုးမျိုးကို ပတ်စ်ပို့ကာဗာအဖြစ် ဖုံးအုပ်ကြတာကို တွေ့ရမှာပါ။ ဥရောပသမဂ္ဂ (EU) အဖွဲ့ဝင်နိုင်ငံတွေကတော့ ဝိုင်နီရောင်ကို ပတ်စ်ပို့ကာဗာအဖြစ် အသုံးပြုကြတယ်။ တူရကီလိုမျိုး ဥရောပသမဂ္ဂအဖွဲ့ဝင်ဖြစ်ချင်တဲ့ နိုင်ငံတွေကလည်း ပတ်စ်ပို့ကို ဝိုင်နီရောင် ထားကြပါတယ်။
အမေရိကန်ပြည်ထောင်စုရဲ့ ပတ်စ်ပို့ကာဗာအရောင်ဟာ ၂၀ ရာစုနှစ်အတွင်းမှာ အသားရောင်၊ အစိမ်းရောင်၊ အနီရောင်အမျိုးမျိုး ပြောင်းလဲခဲ့တယ်။ ၁၉၇၆ ခုနှစ်မှာမှ အပြာရောင်ကို သတ်မှတ်လိုက်ပြီး အရောင်ထပ်မပြောင်းတော့တာပါ။ အမေရိကန်အလံရဲ့အရောင်နဲ့ ကိုက်ညီအောင် ပတ်စ်ပို့ကာဗာအရောင်ကိုပါ အပြာရောင်ထားခဲ့တယ်လို့ Economist က ရေးသားဖော်ပြခဲ့ပါတယ်။ ကာရစ်ဘီးယန်းနိုင်ငံတွေနဲ့ တောင်အမေရိကနိုင်ငံတွေ ၊ ဘရာဇီး၊ အာဂျင်တီးနားနဲ့ ဥရုဂွေးနိုင်ငံတို့ကလည်း အပြာရောင်ပတ်စ်ပို့ကို သုံးကြပါတယ်။
နိုင်ငံတစ်နိုင်ငံတည်းမှာကိုပဲ ပတ်စ်ပို့တွေရဲ့ အရောင် ကွဲပြားတာမျိုး ရှိပါသေးတယ်။ မြန်မာနိုင်ငံမှာဆိုရင် နိုင်ငံသားတွေက ပတ်စ်ပို့အနီကို ကိုင်ဆောင်ရပြီး အစိုးရဝန်ထမ်းတွေအနေနဲ့ ပြည်ပကို အစိုးရလုပ်ငန်းဆိုင်ရာအတွက် သွားရောက်နေရသူတွေမှာတော့ အစိမ်းရောင်ပတ်စ်ပို့ကို ပေးထားပါတယ်။ ဆွီဒင်နိုင်ငံမှာတော့ ပတ်စ်ပို့ပျောက်သွားရင် အရေးပေါ်အနေနဲ့ ခရီးသွားစာရွက်စာတမ်းတွေကို အစိုးရက ပန်းရောင်စာရွက်တွေနဲ့ ထုတ်ပေးပါသတဲ့။
Source : Business Insider, Economist",4.0,3.0,2.0,5.0,5.0,"The text provides informative, well-structured content about passport colors and their cultural/political significance. It is written in natural, fluent Burmese with accurate local context regarding Myanmar's passport system. The reasoning is clear, explaining the logic behind color choices across different regions, and the text is clean and professional."
<urn:uuid:a468f526-5ffd-40a3-9b3d-b6f87247f4b7>,"သက်လုံကောင်းဖို့ အဆုတ်အားကောင်းဖို့ လိုပါတယ်။ နောက်တစ်ချက်ကလည်း အဆုတ်ကောင်းမှ စိတ်နဲ့ကိုယ်ကျန်းမာရေး ကောင်းမယ်လို့တောင် ပြောနိုင်ပါတယ်။ အကြောင်းက ရှင်းပါတယ်။
အားကောင်းတဲ့ အသက်ရှုစနစ်တစ်ခုဟာ ကိုယ်လက်လှုပ်ရှားမှုကို ပိုအားပေးပါတယ်။ ကိုယ်တွင်းကြွက်သားနဲ့ ဦးနှောက်တွေဆီ အောက်ဆီဂျင်ပို့လွှတ်မှု ပိုကောင်းစေပါတယ်။ ဒီနည်းနဲ့ အားကစားလုပ်နိုင်စွမ်း ပိုကောင်းပြီး စိတ်လက်ကြည်လင်မှုကို အထောက်အပံ့ပေးလို့ ဖြစ်ပါတယ်။ အသက်ရှုမှုကောင်းဖို့နဲ့ အဆုတ်ရဲ့လုပ်ဆောင်ချက်ကို မြှင့်တင်ဖို့ဆို အခုပြောမယ့် လေ့ကျင့်ခန်းလေးတွေကို နေ့စဉ်လုပ်ပေးသင့်ပါတယ်။
(၁) ယောဂ
Photo: Unsplash
ယောဂကစားနည်းဟာ အဆုတ်ကျန်းမာရေးအတွက် သိပ်ကို အကျိုးများပါတယ်။ ယောဂဟာ အသက်ရှုမှုကို ထိန်းချုပ်ပြီး ကိုယ်ခန္ဓာနဲ့ စိတ်ကို ဟာမိုနီဖြစ်အောင် လှုပ်ရှားတာ ဖြစ်ပါတယ်။ အသက်ပြင်းပြင်းရှုပြီး ဖြေးဖြေချင်း ရှုထုတ်ရတဲ့ ဒီလေ့ကျင့်ခန်းဟာ အသက်ရှုမှုစနစ်အပြင် စိတ်ရဲ့ အရိုးအဆစ်တွေ ကျန်းမာဖို့ပါ အားပေးပါတယ်။
(၂) အေရိုးဗစ်လေ့ကျင့်ခန်း
Photo: Unsplash
အေရိုးဗစ်ဆိုတာ နှလုံးကျန်းမာရေးအတွက် ကောင်းတဲ့ လှုပ်ရှားမှုလို့ လူသိများပါတယ်။ အေရိုးဗစ်ဆိုတာ သိပ်မပြင်းထန်ဘဲ လှုပ်ရှားနိုင်တဲ့ ရွရွပြေး ၊ လမ်းလျှောက် ၊ အပြေး နဲ့ ကခုန်တာမျိုး လှုပ်ရှားမှုတွေကို ခေါ်တာပါ။ အေရိုးဗစ်ကစားတာဟာ နှလုံးနဲ့ အဆုတ် သန်မာစေပြီး သွေးတွင်းအောက်ဆီဂျင်စီးဆင်းမှု ပိုကောင်းစေပါတယ်။ စိတ်လက်ကြည်လင်ပြီး ပေါ့ပါးသွက်လက်တဲ့အကျိုး ပေးပါတယ်။
(၃) ဝမ်းဗိုက်နဲ့ အသက်ရှုနည်း
Photo: Unsplash
ရင်ဝမ်းသားကြွက်သားကို အသုံးပြုပြီး အားစိုက်အသက်ရှုနည်းကလည်း အဆုတ်အိမ်ပိုကျယ်စေပြီး အောက်ဆီဂျင် ပိုရောက်စေပါတယ်။ ဝမ်းဗိုက်နဲ့ အားပြုအသက်ရှုမယ်ဆိုရင် အရင်ဆုံး ကိုယ်အပေါ်ပိုင်းကို Relax လုပ်ပြီး ခပ်လျော့လျော့နဲ့ နေပါ။ လက်တစ်ဖက်ကို ဗိုက်ပေါ်တင်ပြီး နှာခေါင်းကနေ ဗိုက်ကြီး ဖောင်းလာအောင် အသက်ပြင်းပြင်းရှုပါ။ ပြီးမှ ဖြည်းဖြည်းချင်း အသက်ပြန်ရှုထုတ်ပါ။ အသက်ရှုထုတ်ရင်းနဲ့ ဗိုက်က လျော့သွားပါစေ။ ဒါမျိုးကို ငါးကြိမ်လုပ်ပြီး ခဏနား ၊ ပြီးမှ နောက်တစ်ကျော့လုပ်ကြည့်ပါ။
Featured Photo: neuropeakpro",4.0,2.0,2.0,4.0,3.0,"The text provides clear, actionable health advice on improving lung function through exercise. It is well-structured, easy to understand, and uses natural Burmese phrasing. While it lacks deep scientific analysis, it is highly practical for a general audience and maintains a clean, informative tone throughout."
<urn:uuid:5ac154cd-1bce-42a4-98df-831b2028a0d5>,"တိုက်ကွမ်ဒို
တိုက်ကွမ်းဒိုသည် လက်နက်ကိရိယာမပါဘဲ ခြေနှင့် လက်ကိုအသုံးပြုလျက် တစ်ဘက် ရန်သူကို လျှက်တစ်ပြက် တန်ပြန်တိုက်ခိုက်နိုင်သော ကိုရီးယားရိုးရာ ကိုယ်ခံပညာတစ်ရပ် ဖြစ်သည်။
တိုက်ကွမ်းဒိုသည် လွန်ခဲ့သောနှစ်ပေါင်း ၂၀၀၀ ကျော် ခန့်က ကိုရီးယားတို့၏ညီညွတ်သော ဘုရင့် သုံးနိုင်ငံခေတ် (၅ ရာစုဘီစီခန့်)ကပင် စတင်ပေါ်ပေါက်ခဲ့သည်။ ထို့နောက် ဆီလာ မင်းဆက်ခေတ် (၅ရ ဘီစီ-အေဒီ ၉၃၅)တွင် တစ်နိုင်ငံလုံးသို့ ပြန့်ပွား၍ အဆင့်ဆင့် တိုးတက်လာခြင်းဖြစ်သည်။
ကိုဂူယိုနိုင်ငံတော် (၃ရ ဘီစီ-အေဒီ ၆၆၈)၏ မြို့တော် ဖြစ်သောဝမ်ဒိုမြို့ (ယခု မန်ချူးရီးယားတောင်ပိုင်း တောင်ကောင်း ဒေသအနီး)ရှိ ရှေးခေတ် သင်္ချိုင်းဂူနံရံများမှ နံရံဆေးရေးပန်းချီ လက်ရာများတွင် တိုက်ကွမ်ဒိုသမားများ၏ တိုက်ကွက်တို့ကို တွေ့ရှိရသည်။ တစ်ဖန် ဆီလာမင်းဆက်ခေတ်က ပန်းမန် သူရဲ ကောင်းများ ဟုအမည်တွင်သော ဘုရင့်သားတော်များနှင့် မှူးကြီး မတ်ရာ၊ စစ်သေနာပတိတို့၏ ရင်သွေးငယ်များအားဓားရေး၊ လှံ ရေး၊ လေးမြားအတတ်အစရှိသော ပညာရပ်များကိုမသင်ကြားမီ တိုက်ကျွမ်း Taekkyon ခေါ် လက်နက်မဲ့ ကိုယ်ခံပညာရပ်ကို သင်ကြားပေးခဲ့ကြောင်း သမိုင်းအထောက်အထား များလည်း ရှိသည်။ တိုက်ကျွမ်းပညာမှ တိုက်ကွမ်းဒို ကိုယ်ခံပညာသို့ ဆင်းသက်လာသည်ဟု သုတေသီတို့က ကောက်ချက်ချသည်။
ကိုယိုမင်းဆက်ခေတ် (အေဒီ ၉၁၈-၁၃၉၂)က ရေးသား ခဲ့သော ကန်ယီဂျီအမည်ရှိ သိုင်းပညာညွှန့်ပေါင်းကျမ်း၌ ထိုစဉ် ကကတ်ဂျာဂမ်ဒေသ (ယခုကိုရီးယား အမျိုးသားတက္ကသိုလ်ဝင်း အတွင်း) တွင် တိုက်ကွမ်း ဒိုသင်တန်းများ ဖွင့်လှစ်သင်ကြားဖူး ကြောင်းဖြင့် ဖော်ပြထားသည်။ ချိုဆန်မင်းဆက်ခေတ် (၁၃၉၂-၁၉၂၀) က နန်းတွင်း ပိဋိကတ်တိုက်မှူး ယီတောက်မူပြု စုသည့် မူယီတို ဘိုတောင်ဂျီအမည်ရှိ ရုပ်စုံ ကိုယ်ခံပညာစာအုပ် (၁ရ၉၀) တွင် တိုက်ကွမ်းဒို၏သမိုင်းကြောင်းကို အကျယ်တဝင့် ပြုစုထားသည်။
ထို့အပြင် ၁၉၄၈ ခုနှစ်တွင် ကိုရီးယားသမ္မတနိုင်ငံ ထူထောင်ပြီးသောအခါ တိုက်ကွမ်းဒိုသည်ခေတ် မီအားကစား နည်းစနစ်ဖြင့် ဖွံ့ဖြိုးလာသည်။ ၁၉၆၁ ခုနှစ် စက်တင်ဘာလ ၁၆ ရက်နေ့တွင် ဆိုးလ်မြို့တော်၌ ကိုရီးယား တိုက်ကွမ်းဒို အသင်းချုပ်စတင်ဖွဲ့စည်းခဲ့သည်။ ၁၉၆၂ ခုနှစ် ဇွန်လ ၂၅ ရက် နေ့တွင် ကိုရီးယား အပျော်တမ်း အားကစားအဖွဲ့ချုပ်၏ အဖွဲ့ဝင် အဖြစ် တိုက်ကွမ်းဒို အသင်းချုပ်ကို လက်ခံခဲ့သည်။ ထို့နောက် ၁၉၆၂ ခုနှစ်အောက်တိုဘာလအတွင်း၌ ကျင်းပခဲ့သော ၄၃ ကြိမ် မြောက် အမျိုးသားအားကစား ပြိုင်ပွဲတွင် တိုက်ကွမ်ဒိုကို ပထမ ဦးဆုံး အကြိမ်အဖြစ် ထည့်သွင်းကျင်းပခဲ့သည်။ ၁၉ရ၂ ခုနှစ် တွင် ဆိုးလ်မြို့တော်၌ ကတ်ကီဝန်ဟု အမည်ပေးထားသော ခေတ်မီတိုက်ကွမ်းဒို အားကစားရုံကြီးကို ဖွင့်လှစ်နိုင်ခဲ့သည်။
ထိုအားကစားရုံ၌ပင် ၁၉ရ၃ ခုနှစ်မေလက ပထမအကြိမ်မြောက် ကမ္ဘာ့တိုက်ကွမ်းဒို ဗိုလ်လုပွဲကို ကိုရီးယား တိုက်ကွမ်းဒိုအသင်းမှ ကြီးမှူး၍ကျင်းပပေးခဲ့သည်။ အဆိုပါပြိုင်ပွဲသို့ ကမ္ဘာ့နိုင်ငံပေါင်း ၁၉ နိုင်ငံမှ တိုက်ကွမ်းဒို သမား ၂၀၀ ခန့် ဝင်ရောက် ယှဉ်ပြိုင် ခဲ့သည်။ ၁၉ရ၃ ခုနှစ် မေလ ၂၈ ရက်နေ့တွင်ကမ္ဘာ့တိုက်ကွမ်းဒို အဖွဲ့ချုပ်ကို ဖွဲ့စည်းသည်။
၁၉ရ၅ ခုနှစ် အောက်တိုဘာလ ရ ရက်နေ့တွင် တိုက် ကွမ်းဒိုကို ကမ္ဘာ့အားကစားအဖွဲ့ချုပ် (ဂျီအေအိုင် အက်စ်အက်ဖ်) ကအသိအမှတ်ပြုခဲ့သည်။ ၁၉ရ၆ ခုနှစ်ဧပြီလ ၉ ရက်နေ့တွင် အပြည်ပြည်ဆိုင်ရာစစ်တပ် အားကစား ကောင်စီ၏ အမှုဆောင် အဖွဲ့က တိုက်ကွမ်းဒိုကို ၂၃ ခုမြောက် တပ်လက်စွဲ ကိုယ်ခံပညာ အဖြစ် တရားဝင်အသိအမှတ်ပြုခဲ့သည်။ ၁၉၈၀ ပြည့်နှစ်ဇူလိုင်လ ၁ရ ရက်နေ့တွင် မော်စကိုမြို့၌ကျင်းပခဲ့သော ၈၃ ကြိမ်မြောက် အပြည်ပြည်ဆိုင်ရာ အိုလင်းပစ်ကော်မတီ၏ အထွေထွေညီလာခံ တွင် ကမ္ဘာ့အားကစားနည်းစနစ် တစ်ရပ်အဖြစ် အသိအမှတ်ပြု ခဲ့သည်။ ထို့ကြောင့် ၁၉၈၈ ခုနှစ်စက်တင်ဘာလ ၁ရ ရက်နေ့မှ အောက်တိုဘာလ ၂ ရက်နေ့ထိ ကိုရီးယားနိုင်ငံဆိုးလ်မြို့တွင် ကျုင်းပခဲ့သော ၂၄ ကြိမ်မြောက် ကမ္ဘာ့အိုလင်းပစ်ပြိုင်ပွဲတွင် တို်က်ကွမ်းဒိုကို သရုပ်ပြအားကစားနည်းအဖြစ် ထည့်သွင်းကျင်းပ ခဲ့သည်။
ယခုအခါ ကိုရီးယားသမ္မတနိုင်ငံ တစ်ခုတည်းတွင် တိုက်ကွမ်းဒို အသင်းဝင်ပေါင်း ၁၉ သိန်းခန့်ရှိသည်။ ထို့ပြင် နိုင်ငံပေါင်း ၃၆ နိုင်ငံ၌ တိုက်ကွမ်းဒိုနည်းပြဆရာများအဖြစ် ဆောင်ရွက်နေသော ကိုရီးယား အမျိုးသားတိုက်ကွမ်းဒို ပညာရှင် ပေါင်း ၁,၅၀၀ ကျော်ရှိသည်။ ကမ္ဘာ့နိုင်ငံပေါင်း ၁၀၀ ကျော်၌ တိုက်ကွမ်းဒို အသင်းဝင် ပေါင်း သန်း ၁၀၀ နီးပါးမျှရှိနေပြီဖြစ် သည်။
ကိုးကား[ပြင်ဆင်ရန်]
မြန်မာ့စွယ်စုံကျမ်း အတွဲ(၅)",4.0,2.0,3.0,5.0,4.0,"The text provides a well-structured, informative historical overview of Taekwondo, suitable for educational purposes. It is written in natural, formal Burmese with accurate terminology. While it lacks complex analytical reasoning, it is clean, complete, and provides a reliable, encyclopedic account of the sport's development and global expansion."
<urn:uuid:d17126c8-4587-4842-9264-7224313a16c5>,"အမျိုးသမီးတိုင်း သိထားသင့်တဲ့ ဓမ္မတာရက် မမှန်ခြင်းကို ဖြစ်ပေါ်စေတဲ့ အကြောင်းရင်းများ
အမျိုးသမီးတွေ လစဉ်လတိုင်း ကြုံတွေ့ရတဲ့ ဓမ္မတာလာခြင်းဟာ ပုံမှန်အားဖြင့်တော့ ၂၈ ရက်မှာ တကြိမ် ဖြစ်ပေါ်တတ်ပါတယ်။ ပုံမှန်ထက် စောတာနဲ့ နောက်ကျတာမျိုး ဆိုရင်လည်း ၃ ရက်ထက် မပိုတတ်ပါဘူး။ ဒီလိုမှ မဟုတ်ဘဲ လစဉ် ပုံမှန် မလာတာ၊ လကျော်တာ စတာမျိုးတွေ ဖြစ်ပေါ်တတ်ရင်တော့ ဓမ္မတာ မမှန်ခြင်းကို ဖြစ်ပေါ်စေတဲ့ အကြောင်းရင်းတွေ ရှိနေပါတယ်။
(၁) စိတ်ဖိစီးမှုများခြင်း
စိတ်ပိုင်းဆိုင်ရာ ကျန်းမာရေးနဲ့ ခန္ဓာကိုယ်ကျန်းမာရေးဟာ ဆက်စပ်နေတာကြောင့် စိတ်ဖိစီးမှုတွေ များခြင်းဟာ လစဉ် ဓမ္မတာဖြစ်ပေါ်ခြင်းကို ကမောက်ကမ ဖြစ်စေနိုင်ပါတယ်။ စိတ်ဖိစီးမှုများတဲ့အခါ ထွက်တဲ့ ဟော်မုန်းဓာတ်တွေဟာ ဓမ္မတာရက် မမှန်တာမျိုးနဲ့ လကျော်တာမျိုးတွေကို ဖြစ်ပေါ်စေနိုင်ပါတယ်။
(၂) ဆေးဝါးများ သောက်သုံးနေရခြင်း
ရေရှည် စွဲမြဲ သောက်သုံးနေရတဲ့ ဆေးဝါးတွေနဲ့ ရံဖန်ရံခါ သောက်သုံးတဲ့ အကိုက်အခဲ ပျောက်ဆေးတွေဟာလည်း လစဉ် ဓမ္မတာလာခြင်းအပေါ် သက်ရောက်နေတာကြောင့် ရက်မမှန်တာမျိုးတွေ ဖြစ်ပေါ်တတ်ပါတယ်။
(၃) လေ့ကျင့်ခန်း ပြင်းပြင်းထန်ထန် လုပ်ခြင်း
လေ့ကျင့်ခန်း ပုံမှန်ပြုလုပ်ခြင်းဟာ သွေးလှည့်ပတ်မှုကို ကောင်းမွန်စေပြီး ဓမ္မတာ ပုံမှန်လာခြင်းကို အထောက်အကူ ဖြစ်စေပေမယ့် နေ့စဉ် ပြင်းပြင်းထန်ထန် လေ့ကျင့်ခန်းပြုလုပ်ခြင်းကတော့ လစဉ်ဓမ္မတာကို ကမောက်ကမ ဖြစ်စေနိုင်ပါတယ်။
(၄) သိုင်းရွိုက် ကျန်းမာရေး ပြဿနာဖြစ်ခြင်း
၂၀၁၅ ခုနှစ်မှာ ပြုလုပ်ခဲ့တဲ့ လေ့လာချက်အရ သိုင်းရွိုက် ဟော်မုန်းများခြင်းကြောင့်ဖြစ်တဲ့ သိုင်းရွိုက်ကျန်းမာရေး ပြဿနာရှိသူ အမျိးသမီးတွေဟာ လစဉ် ဓမ္မတာမမှန်တာမျိုး ဖြစ်ပေါ်တတ်တယ်လို့ ဆိုပါတယ်။
(၅) ဆေးလိပ်နဲ့ အယ်လ်ကိုဟော သောက်သုံးခြင်း
ဆေးလိပ်နဲ့ အယ်လ်ကိုဟော ပါဝင်တဲ့ အရည်တွေ သောက်သုံးခြင်းဟာ လစဉ် ရာသီ မမှန်တာ၊ သွေးဆင်းနည်းတာနဲ့ လကျော်တာမျိုးကို ဖြစ်ပေါ်စေနိုင်ပါတယ်။
You may also like these stories:",4.0,2.0,2.0,4.0,3.0,"The text provides clear, educational health information about menstrual cycles. It uses simple, accessible language suitable for a general audience. It is well-structured and clean, though it ends with a generic 'You may also like' footer. The content reflects natural Burmese phrasing and common health-related knowledge."
<urn:uuid:45314fc4-551d-4359-b1cb-48fd26c97887>,"ကနေရီငှက်
|ကနေရီငှက်|
သဘာဝထိန်းသိမ်းခြင်း အခြေအနေ
|သိပ္ပံနည်းကျ အမျိုးအစားခွဲခြင်း|
|လောက:|
|မျိုးပေါင်းစု:|
|မျိုးပေါင်း:|
|မျိုးစဉ်:|
|မျိုးရင်း:|
|မျိုးစု:|
|မျိုးစိတ်:|
S. canaria
|ဒွိနာမ|
|Serinus canaria|
(Linnaeus, 1758)
ကနေရီဟု အမည်တွင်သည့်ငှက်ကို စပိန် အပိုင်ဖြစ်သော ကနေရီကျွန်းစုတွင် မူလပထမ တွေ့ရသည်။ ၁၆ ရာစုနှစ်လောက်တွင် ထိုငှက်များကို လှောင်အိမ်ငှက်များ အဖြစ်ဖြင့် ကနေရီကျွန်းမှ အီတလီနိုင်ငံ သို့ စတင်ယူဆောင် လာကြသည်။ ယခုအခါတွင် တစ်ကမ္ဘာလုံးမှာပင် ကနေရီငှက် များကို လှောင်အိမ်သွင်း၍ အလှမွေးကြ၏။ ကနေရီငှက်သည် ဖင့်စာကလေးမျိုးရင်းတွင် ပါဝင်သည်။ အရိုင်းဘဝတွင် သူတို့ ၏ အရောင်မှာ ညိုဝါဝါ သို့မဟုတ် ဝါစိမ်းစိမ်း ဖြစ်သည်။ ကနေရီ ငှက်မကြီးသည် အသိုက် ဆောက်လုပ်၍ ဥများကို ဝပ် ပေးသည်။ ဥများမှာ အပြာရောင်ဖြစ်၍ တစ်မြုံလျှင် ဥလေးငါး လုံး ရှိတတ်သည်။ ငှက်ဖိုကမူ ငှက်ပေါက်စကလေးများကို အစာ ရှာကျွေးသည်။
ကနေရီငှက်သည် သဘာဝအလျောက် သီချင်းအဆိုကောင်း သော ငှက်ဖြစ်သည်။ သီချင်းများကို ကြည်လင် ပြတ်သားစွာ ဆိုတတ်သည်။ အခြားငှက်များ၏ အသံများကိုလည်း အလွယ် တကူ အတုခိုးနိုင်၏။ ချိုလွင်စွာ တေးဆိုတတ်သောကြောင့် ကနေရီငှက်ကို လူသိများသည်။
အချို့ ကနေရီငှက်များကိုမူ သူတို့၏ လှပသော အတောင် များကြောင့် ဂရုတစိုက် မွေးမြူကြသည်။ ထိုသို့ မွေးမြူကြရာ၌ မှန်မှန်ဂရုစိုက်ဖို့လိုသည်။ လှောင်အိမ်ကိုလည်း အမြဲတမ်း သန့်ရှင်းအောင် ပြုလုပ်ထားရသည်။ ကနေရီငှက် များအတွက် အသင့်တော်ဆုံး အစာမှာ မြက်ပင်မျိုးစေ့၊ ပိုက်ဆံ ပင်မျိုးစေ့နှင့် စိမ်းစိုသော အစားအစာများပင် ဖြစ်သည်။ လှောင်အိမ်တွင်းရှိ သောက်ရေနှင့် ချိုးရေများကို မကြာခဏ လဲပေးရ၏။ ကနေရီငှက်များသည် အရိုင်းဘဝတွင် အဆင်အသွေး အမျိုးမျိုးဆောင်၍ လှောင်အိမ်၌ မွေးမြူသောအခါ အနည်းငယ် ပြောင်းလဲသွားတတ်သည်။[၂]
ကိုးကား[ပြင်ဆင်ရန်]
- BirdLife International (2004). Serinus canaria. 2006. IUCN Red List of Threatened Species. International Union for Conservation of Nature 2006. www.iucnredlist.org. Retrieved on 12 May 2006. Database entry includes justification for why this species is of least concern.
- မြန်မာ့စွယ်စုံကျမ်း၊ အတွဲ(၁)",4.0,1.0,2.0,3.0,2.0,"The text provides clear, educational information about the canary bird, suitable for primary/middle school levels. It is well-structured and informative. While it contains some boilerplate from a wiki-style source, the content is coherent and natural. It uses standard Burmese terminology and reflects a reliable, encyclopedic tone."
<urn:uuid:26b8f66b-cb43-409d-b7d0-664836429ffa>,"ပန်းနာရင်ကျပ်ရောဂါနှင့်အဆုတ်ရောဂါတို့အပါအ၀င် ကလေး များ ဆေးလိပ်ငွေ့နှင့်ထိတွေ့ခြင်း၏ အန္တရာယ်များကို လူအများ သိရှိထားကြပြီးဖြစ်သော်လည်း ကလေးငယ်အများအပြားသည် နေ အိမ် (သို့မဟုတ်) အများပြည်သူသွားလာရာနေရာများ (သို့မဟုတ်) ကားများ၊ ဘတ်စ်ကားများစီးနေစဉ်တွင် ဆေးလိပ်ငွေ့များ ရှူရှိုက်မိနေကြဆဲဖြစ်ကြောင်း သုတေသီ ဒေါက်တာဂီသာရက်ဟူဗာက ပြောကြားသည်။
ဆင်းရဲသောအသိုင်းအ၀ိုင်းမှ ကလေးများ ဆေးလိပ်ငွေ့နှင့် ထိတွေ့မှုပိုများကြောင်း ရက်ဟူဗာကပြောသည်။
အမေရိကန်နိုင်ငံတွင် ဆေးလိပ်မသောက်သော ကလေးနှင့် လူငယ် ၂၄ သန်းခန့်သည် ၎င်းတို့၏ မိဘများဆေးလိပ်သောက်သော ကြောင့် ဆေးလိပ်ငွေ့ကို တစ်ဆင့်ရှူရှိုက်မိနေကြကြောင်း သုတေ သီများကပြောသည်။
အမေရိကန်နိုင်ငံတွင် ၂၀၁၂ ၌ အသက် (၃)နှစ်မှ (၁၁)နှစ်အရွယ် ကလေးငယ် ၄၁ ရာခိုင်နှုန်းနှင့် အသက် (၁၂)နှစ်မှ (၁၉) နှစ်အရွယ် ကလေး ၃၄ ရာခိုင်နှုန်း၏ သွေးနမူနာများတွင် နီကိုတင်း ၏ ဘေးထွက်ပစ္စည်းများသော ဓာတုပစ္စည်းတစ်မျိုးဖြစ်သည့် Co-tinine ဓာတ်များ စစ်ဆေးတွေ့ရှိခဲ့ကြောင်း သိရသည်။ သို့သော် များမကြာမီနှစ်များက အမေရိကန်တွင် ဆေးလိပ်သောက်သူများ နှင့် အတူနေသော ကလေးအရေအတွက်၊ လူကြီးဆေးလိပ်သောက် သူအရေအတွက် လျော့ကျသွားကြောင်း သိရသည်။
မိဘများ ဆေးလိပ်သောက်သုံးမှုကြောင့် ကလေးငယ်များ ဆေးလိပ်ငွေ့တစ်ဆင့်ခံရှူရှိုက်မိသော ပြဿနာများကို နားလည်မှု မရှိခြင်းမှာ ၎င်းတို့၏ ပညာအဆင့်အတန်း၊ ကျန်းမာရေးစောင့် ရှောက်မှု ခံယူနိုင်ခွင့်နှင့် အသိုင်းအ၀ိုင်းအတွင်း စံပြနေထိုင်မှုများနှင့် ဆက်စပ်နေကြောင်း သုတေသီများကပြောသည်။
မိဘများ ဆေးလိပ်သောက်ပါက ကလေးများလည်း ဆေး လိပ်သောက်သူများ ဖြစ်လာနိုင်ခြေ ပိုများသည်ဟု သုတေသီများက ပြောသည်။
နှလုံးသွေးကြောကို ထိခိုက်ပျက်စီးစေပြီး နှလုံးလုပ်ဆောင်ချက်ကို ထိခိုက်စေသည့်အပြင် ဆေးလိပ်ငွေ့တစ်ဆင့် ရှူရှိုက်မိခြင်း ကြောင့် အ၀လွန်ခြင်း၊ ကိုလက်စထရောမြင့်မားခြင်း၊ ခန္ဓာကိုယ်က အင်ဆူလင်ကို ကောင်းစွာအသုံးမချနိုင်ခြင်းတို့ အပါအ၀င် နှလုံးသွေးကြောဆိုင်ရာရောဂါများ ဖြစ်ပွားလာနိုင်သည်။
ဖိုးသူတော် (www.phothutaw.com)
Credit : 7Day Daily
#Unicode Version
ကလေးဘဝတှငျ တဈဆငျ့ခံ ဆေးလိပျငှေ့ ရှူရှိုကျမိခွငျးကွောငျ့ ရရှေညျအသကျရှူလမျးကွောငျးဆိုငျရာ ပွဿနာမြားနှငျ့ ကနျြးမာရေးပွဿနာမြား ကွုံတှနေို့ငျပွီး အသကျတိုနိုငျကွောငျး အမရေိကနျနှလုံးရောဂါကုသရေးအဖှဲ့၏ သိပ်ပံပညာဆိုငျရာ ကွညောခကျြ အသဈတဈခုအရ သိရသညျ။
ပနျးနာရငျကပျြရောဂါနှငျ့အဆုတျရောဂါတို့အပါအဝငျ ကလေး မြား ဆေးလိပျငှနှေ့ငျ့ထိတှခွေ့ငျး၏ အန်တရာယျမြားကို လူအမြား သိရှိထားကွပွီးဖွဈသျောလညျး ကလေးငယျအမြားအပွားသညျ နေ အိမျ (သို့မဟုတျ) အမြားပွညျသူသှားလာရာနရောမြား (သို့မဟုတျ) ကားမြား၊ ဘတျဈကားမြားစီးနစေဉျတှငျ ဆေးလိပျငှမြေ့ား ရှူရှိုကျမိနကွေဆဲဖွဈကွောငျး သုတသေီ ဒေါကျတာဂီသာရကျဟူဗာက ပွောကွားသညျ။
ဆငျးရဲသောအသိုငျးအဝိုငျးမှ ကလေးမြား ဆေးလိပျငှနှေ့ငျ့ ထိတှမှေု့ပိုမြားကွောငျး ရကျဟူဗာကပွောသညျ။
အမရေိကနျနိုငျငံတှငျ ဆေးလိပျမသောကျသော ကလေးနှငျ့ လူငယျ ၂၄ သနျးခနျ့သညျ ၎င်းငျးတို့၏ မိဘမြားဆေးလိပျသောကျသော ကွောငျ့ ဆေးလိပျငှကေို့ တဈဆငျ့ရှူရှိုကျမိနကွေကွောငျး သုတေ သီမြားကပွောသညျ။
အမရေိကနျနိုငျငံတှငျ ၂၀၁၂ ၌ အသကျ (၃)နှဈမှ (၁၁)နှဈအရှယျ ကလေးငယျ ၄၁ ရာခိုငျနှုနျးနှငျ့ အသကျ (၁၂)နှဈမှ (၁၉) နှဈအရှယျ ကလေး ၃၄ ရာခိုငျနှုနျး၏ သှေးနမူနာမြားတှငျ နီကိုတငျး ၏ ဘေးထှကျပစ်စညျးမြားသော ဓာတုပစ်စညျးတဈမြိုးဖွဈသညျ့ Co-tinine ဓာတျမြား စဈဆေးတှရှေိ့ခဲ့ကွောငျး သိရသညျ။ သို့သျော မြားမကွာမီနှဈမြားက အမရေိကနျတှငျ ဆေးလိပျသောကျသူမြား နှငျ့ အတူနသေော ကလေးအရအေတှကျ၊ လူကွီးဆေးလိပျသောကျ သူအရအေတှကျ လြော့ကသြှားကွောငျး သိရသညျ။
မိဘမြား ဆေးလိပျသောကျသုံးမှုကွောငျ့ ကလေးငယျမြား ဆေးလိပျငှတေ့ဈဆငျ့ခံရှူရှိုကျမိသော ပွဿနာမြားကို နားလညျမှု မရှိခွငျးမှာ ၎င်းငျးတို့၏ ပညာအဆငျ့အတနျး၊ ကနျြးမာရေးစောငျ့ ရှောကျမှု ခံယူနိုငျခှငျ့နှငျ့ အသိုငျးအဝိုငျးအတှငျး စံပွနထေိုငျမှုမြားနှငျ့ ဆကျစပျနကွေောငျး သုတသေီမြားကပွောသညျ။
မိဘမြား ဆေးလိပျသောကျပါက ကလေးမြားလညျး ဆေး လိပျသောကျသူမြား ဖွဈလာနိုငျခွေ ပိုမြားသညျဟု သုတသေီမြားက ပွောသညျ။
နှလုံးသှေးကွောကို ထိခိုကျပကျြစီးစပွေီး နှလုံးလုပျဆောငျခကျြကို ထိခိုကျစသေညျ့အပွငျ ဆေးလိပျငှတေ့ဈဆငျ့ ရှူရှိုကျမိခွငျး ကွောငျ့ အဝလှနျခွငျး၊ ကိုလကျစထရောမွငျ့မားခွငျး၊ ခန်ဓာကိုယျက အငျဆူလငျကို ကောငျးစှာအသုံးမခနြိုငျခွငျးတို့ အပါအဝငျ နှလုံးသှေးကွောဆိုငျရာရောဂါမြား ဖွဈပှားလာနိုငျသညျ။
ဖိုးသူတျော (www.phothutaw.com)
Credit : 7Day Daily",4.0,3.0,2.0,4.0,3.0,"The text provides clear, educational information about the health risks of secondhand smoke for children. It uses logical causal links between smoking, health outcomes, and socioeconomic factors. It is written in natural Burmese, though it relies on translated scientific reporting. It is clean, well-structured, and suitable for general public health awareness."
<urn:uuid:18ecf5b8-6c46-4e92-9d63-97947f1a347e>,"ပွင့်ဖြူမြို့
|ပွင့်ဖြူမြို့|
|မြန်မာနိုင်ငံရှိ မြို့များ|
ပွင့်ဖြူမြို့နယ် ရှိ စန္ဒကူးနံ့သာကျောင်းတော်ရာဘုရား
|ကိုဩဒိနိတ်:|
|နိုင်ငံအမည်||မြန်မာ|
|တိုင်းဒေသကြီး||မကွေး|
|ခရိုင်||မင်းဘူး|
|လတ္တီကျု||(၂၀)ဒီဂရီ၊ (၂၂)မိနစ်|
|လောင်ဂျီကျု||(၉၄)ဒီဂရီ၊ (၄၀)မိနစ်|
|မြို့နယ်ရုံးစိုက်ရာမြို့||ပွင့်ဖြူမြို့|
|အချိန်ဇုန်||မြန်မာစံတော်ချိန် (UTC+ ၆ နာရီ ၃၀ မိနစ်)|
ပွင့်ဖြူမြို့ သည် မင်းဘူးခရိုင်၊ ပွင့်ဖြူမြို့နယ်၏ ရုံးစိုက်ရာမြို့ ဖြစ်၍ မုန်းမြစ် လက်ျာဘက်ကမ်းပေါ်တွင် တည်ရှိသည်။ မင်းဘူး - ဆိပ်ဖြူ ကားလမ်းပေါ်တွင် တည်ရှိ၍ မင်းဘူးမြို့၏ မြောက်ဘက် (၂၄)မိုင်ဝေးသည်။ မြို့၏ အကျယ်အဝန်းမှာ အရှေ့မှအနောက်သို့ (၄)ဖာလုံ၊ တောင်မှမြောက်သို့ (၃)ဖာလုံခန့်ရှိသည်။ ပွင့်ဖြူမြို့နယ်၏ လူဦးရေမှာ ၁၉၅၆ခုနှစ် ခန့်မှန်းခြေ သန်းကောင်စာရင်းအရ ၉၃၁၃၄ ယောက်ဖြစ်၍ အများအားဖြင့် ဗုဒ္ဓဝါဒီ မြန်မာများသာ ဖြစ်သည်။ မြို့နယ်၏ အဓိကလုပ်ငန်းမှာ လယ်ယာစိုက်ပျိုးရေး ဖြစ်၍ မုန်းမြစ်မှ ဆည်မြောင်းများ သွယ်ဖောက်ရေသွင်း၍ စိုက်ပျိုးကြသည်။ လယ်ဧကပေါင်း (၈,၃၀၀)ကျော်တို့ကို ရေပေးသွင်းလျှက် ရှိသည်။ ဆည်ရေသောက် လယ်မြေများမှ စပါး အများဆုံးထွက်သည်။ ဆည်ရေမရသောမြေများကို ယာအဖြစ် အသုံးပြု၍ နှမ်း၊ ပဲ၊ ပြောင်း၊ ဆေး တို့ကို စိုက်ပျိုးသည်။ ပွင့်ဖြူမြို့ဟု ခေါ်တွင်ရခြင်းမှာ ဤမြို့နေရာ၌ ဖိုခနောက်ဆိုင် တည်ရှိခဲ့သော ကွေ့ရွာ၊ သရက်ကျင်းနှင့် သနပ်ကုန်းစသော ရွာကြီး သုံးရွာ ပေါင်းစပ်ပြီးနောက် မြို့ ဖြစ်လာရာတွင် ယင်းဒေသ၌ရှိသော လက်ပံပင်ကြီးတစ်ပင်သည် အဖြူပွင့်များသာ ဖူးပွင့်သည်ကို စွဲ၍ ခေါ်တွင်ကြောင်း ဆိုကြသည်။ ပွင့်ဖြူမြို့သည် မုန်းမြစ်မှရေကို အလွယ်တကူ ရရှိနိုင်သည့်အတွက် သစ်ပင်၊ ဝါးပင်တို့ဖြင့် စိုပြည်စိမ်းလန်းနေသည်။ မင်းဘူးခရိုင်အတွင်းရှိ အခြားမြို့များနှင့် နှိုင်းယှဉ်လျှင် ပွင့်ဖြူမြို့သည် မြို့ကလေးမျှသာ ဖြစ်သော်လည်း ဆန်စပါးအများဆုံးထွက်၍ လူဦးရေများသော မြို့ ဖြစ်သည်။
ကူးသန်းရောင်ဝယ်ရေးအတွက် မင်းဘူး - ဆိပ်ဖြူ ကားလမ်းကြီးကိုလည်းကောင်း၊ မုန်းမြစ်ကိုလည်းကောင်း အားထားရသည်။ မြို့၏ အရှေ့တောင်ဘက်တွင် ရွှေဘုံသာ၊ သက်တော်ရှည် နှင့် သက်တော်ရ ဟူ၍ တန်ခိုးကြီးဘုရား သုံးဆူ ရှိသည့်အနက် ရွှေဘုံသာဘုရားသည် အထင်ရှားဆုံး ဖြစ်သည်။ မုန်းမြစ်သည် ရွှေဘုံသာဘုရားခြေတော်ရင်းသို့ ဦးတိုက်စီးဆင်းလာပြီးမှ တစ်ဘက်သို့ကွေ့၍ စီးဆင်းသွားသည်။ ပွင့်ဖြူမြို့၏တောင်ဘက်တစ်မိုင်ခန့်အကွာတွင် အလောင်းစည်သူမင်းကြီးတည်ထားခဲ့သော ရွှေပန်းမြိုင်ဘုရား ရှိသည်။ ထိုဘုရားများတွင် ဘုရားပွဲတော်များ နှစ်စဉ်ကျင်းပလေ့ ရှိသည်။ [၁]
ကိုးကား[ပြင်ဆင်ရန်]
- မြန်မာ့စွယ်စုံကျမ်း၊ အတွဲ(၇)၊ စာမျက်နှာ (၁၇၄)။",4.0,2.0,2.0,4.0,5.0,"The text provides factual, encyclopedic information about Pwintbyu town, suitable for educational purposes. It is written in natural, authentic Burmese with local context. While it contains some boilerplate from a wiki-style format, the prose is coherent and informative, requiring basic reading comprehension."
<urn:uuid:98e33f74-350d-4d73-88ed-c930f6a1c305>,"ဒီနေ့မှာတော့ ကမ္ဘာတစ်ဝှမ်းမှာ မကောင်းသောကျော်ကြားခြင်းနဲ့ကျော်ကြားတဲ့ covid 19 ဟာ သူ့ရဲ့မျိုးကွဲဖြစ်တဲ့ B.1.1.529 နဲ့အတူတစ်ဖန်ပြန်လည်နိုးထလာတဲ့အကြောင်းကို ဆွေးနွေးသွားမှာဖြစ်ပါတယ်။ B.1.1.529 ကို တောင်အာဖရိကမှာ ၂၀၂၁ခုနှစ် နိုဝင်ဘာ ၉ရက်နေ့က စတင်တွေ့ရှိခဲ့တာဖြစ်ပြီး နိုဝင်ဘာလ ၂၄ရက်နေ့မှာတော့ World Health Organization (WHO) ကို ပထမဆုံး သတင်းပေးပို့ခဲ့တာပါ။ ဒီတလောအတွင်း တောင်အာဖရိကမှာ covid ကူးစက်ပျံ့နှံ့မှုပြန်လည်တိုးမြင့်လာတာနဲ့အတူ B.1.1.529 ကို စတင်တွေ့ရှိခဲ့ကြတာဖြစ်ပါတယ်။
ယခုတွေ့ရှိရတဲ့မျိုးကွဲမှာတော့ မျိုးရိုးဗီဇပြောင်းလဲမှုအများအပြားကိုတွေ့ရှိခဲ့ရပြီး ထိုပြောင်းလဲမှုတွေက စိုးရိမ်စရာဖြစ်စေခဲ့တာပါ။ ဒီမျိုးကွဲဟာ တခြား covid မျိုးကွဲများနဲ့ယှဉ်ရင် covid ကူးစက်ခံဖူးထားပြီး antibody ထွက်နေတဲ့လူနာတွေမှာ ပြန်လည်ကူးစက်ခံရနိုင်ချေပိုများနေတာကိုတွေ့ရှိရပါတယ်။ တောင်အာဖရိကတခွင်မှာတော့ ယခုမျိုးကွဲကူးစက်ခံရသူအရေအတွက်ဟာ နေ့စဉ်မြင့်တက်နေတာကိုတွေ့ရပြီး ထိုမျိုးကွဲကို ယခု covid ပိုးကူးစက်မှုများကို ဓါတ်ခွဲခန်းများမှာအတည်ပြုတဲ့ PCR စစ်ဆေးမှုနဲ့ စမ်းသပ်စစ်ဆေးကြည့်တဲ့အခါ PCR ဟာ ထိုမျိုးကွဲကို တခြား covid မျိုးကွဲများနည်းတူ ဆက်လက်အတည်ပြုစစ်ဆေးချက်ပြုလုပ်နိုင်တာကိုတွေ့ရှိခဲ့ရပါတယ်။
ဥရောပလိုဖွံဖြိုးပြီးသားနိုင်ငံများထဲမှာ အင်္ဂလန်၊ ဘယ်လ်ဂျီယံ၊ ဂျာမနီ၊ အီတလီစတဲ့နိုင်ငံများမှာ omicron ပိုးကူးစက်ခံရသူတွေ တွေ့ရှိနေပြီဖြစ်ကြောင်းတရားဝင်ကြေညာခဲ့ပြီး အာရှတိုက်မှာတော့ omicron ကို ဟောင်ကောင်မှာ စတင်တွေ့ရှိနေပြီဖြစ်ပါတယ်။ ထိုမျိုးကွဲ B.1.1.529 ကို WHO က Omicron လို့အမည်ပေးခဲ့ပြီး omicron ပေါ်ပေါက်လာခြင်းနဲ့အတူ WHO မှ နိုင်ငံများအား ခရီးသွားလာမှုများကို ပိုမိုတင်းကြပ်တဲ့စည်းကမ်းများချမှတ်ဖို့ အသိပေးထားပါတယ်။
ဒါကတော့လောလောဆယ် omicron အကြောင်းသိရသမျှကို ဆွေးနွေးပေးထားတာပါ။ omicron ဟာ ခုမှစပေါ်ပေါက်လာတဲ့မျိုးကွဲဖြစ်လို့ ထိုမျိုးကွဲအကြောင်းကိုအသေးစိတ်မသိရသေးပေမယ့် WHO ကနေ နိုင်ငံများရဲ့ခရီးသွားလာမှုများမှစည်းကမ်းများကိုတင်းကြပ်ဖို့အသိပေးတာကိုကြည့်ရတာနဲ့တင် omicron ဟာ ပေါ့ဆနေလို့မရတဲ့မျိုးကွဲမှန်း ပေါ်လွင်နေပါတယ်။ ဒါကြောင့် HOPE ကစာဖတ်ပရိတ်သတ်များအနေနဲ့လည်း omicron အပါအဝင် covid မျိုးကွဲများအားလုံးရန်မှ ကာကွယ်နိုင်စေရန်အတွက် –
အပြင်ထွက်လျှင် မိမိမျက်နှာနဲ့သင့်တော်သည့် mask တပ်ရန်
တစ်ခုခုကိုင်ပြီးတိုင်း လက်ကိုဆပ်ပြာနှင့်သေချာဆေးကြောရန်
လက်ဆေးဖို့အဆင်မပြေလျှင် handgel အသုံးပြုပြီးသန့်စင်ရန်
လူစုလူဝေးကိုတတ်နိုင်သမျှရှောင်ရှားပြီး တစ်ဦးနှင့်တစ်ဦးအနည်းဆုံး ၆ပေခွာနေရန်
covid ကာကွယ်ဆေးမထိုးရသေးတဲ့သူများဆိုရင် ကာကွယ်ဆေးထိုးဖြစ်အောင်ထိုးရန်
မိမိအိမ်မှာလေဝင်လေထွက်ကောင်းအောင် နေ့လည်နေ့ခင်းပြတင်းပေါက်များဖွင့်ထားရန်
စတဲ့အချက်များကိုလိုက်နာဖို့ အကြံပြုလိုပါတယ်။ အားလုံးပဲ covid ရောဂါဆိုးကြီးရဲ့အန္တရာယ်မှ ကာကွယ်နိုင်ပြီး ကိုယ်ရောစိတ်ပါကျန်းမာတဲ့ဘ၀များကို ပိုင်ဆိုင်နိုင်ကြပါစေလို့ HOPE မှ ဆုတောင်းပေးလိုက်ပါတယ်။
Ref: https://www.who.int/…/26-11-2021-classification-of…
ကျန်းမာရေးနဲ့ ဆိုင်တဲ့ မေးခွန်းများမေးမြန်းလိုပါက HOPE မှ ဆရာဝန်တွေကို မနက် ၈မှ ည ၈ အတွင်း အခမဲ့ မေးမြန်းဆွေးနွေးနိုင်ပါတယ်ရှင့်..
credit : World Health Organization
𝗛𝗢𝗣𝗘 𝗮𝗽𝗽 ဒေါင်းရန် :(For Android)
🤍 https://bit.ly/3sTy2sJ",4.0,2.0,2.0,4.0,4.0,"The text provides clear, accurate, and actionable health information regarding the Omicron variant, suitable for a general audience. It follows a logical structure, uses natural Burmese phrasing, and includes standard health advice. It contains some promotional boilerplate at the end, but the core content is educational and well-presented."
<urn:uuid:4533fbb7-ad9e-435f-bb70-9afa700c5303>,"ဂလိုက်ဒါ
ဂလိုက်ဒါ (ခိုစီးဂလိုက်ဒါ) စီးခြင်းသည် အားကစားနည်းတစ်မျိုးဖြစ် ၏။ ဥရောပနှင့် အမေရိကန်နိုင်ငံတို့တွင် မူလက ဂလိုက်ဒါကို အပျော်သက်သက် စီးခဲ့ကြသော်လည်း နောက်ပိုင်းတွင်တစ်ဦးနှင့် တစ်ဦးယှဉ် ပြိုင်ကြရာမှ အားကစားနည်းတစ်ရပ်အဖြစ်ပြောင်းလဲ လာခဲ့သည်။
ဂလိုက်ဒါသည် ၁၉ ရာစုနှစ်အတွင်းက စတင် ပေါ်ပေါက်ခဲ့သည်။ ထိုအချိန်က ဝေဟင်တွင် ပျံသန်းနိုင်ရန် လူသားတို့ ကြံစည် ကြိုးပမ်းကြသည့် နည်းလမ်းများတွင် ဂလိုက်ဒါ၏ ရှေ့ပြေးဖြစ်သောလေယာဉ် များပါဝင်ခဲ့၏။ အဆိုပါ လေယာဉ်များသည် အတောင်တစ်ထပ်၊ သို့မဟုတ် အတောင်နှစ်ထပ်ရှိကြ၏။စီးနင်း မည့်သူသည် ယင်းအတောင် အောက်ဘက်ဗဟိုချက်တွင် ခိုစီး၍လိုက်ပါရ၏။ တောင်ထိပ် သို့မဟုတ်အဆောက် အဦးတစ်ခု၏ အပေါ်မှ အောက်ဘက်သို့ ပျံဝဲ၍ ဆင်းရသည်။
၁၉ ရာစုနှစ် အစပိုင်းတွင် ဂျာမနီနိုင်ငံ အုန်းမြို့သား အပ်ချုပ်သမား တစ်ဦးဖြစ်သူ အဲလဘရက်လုဒဝစ်ဘာဘလင်ဂါ သည် ဂလိုက်ဒါ တစ်မျိုးကို တည်ဆောက်ပြီးလေတွင် ပျံဝဲ နိုင်ခဲ့၏။ ၁၈၈၁ ခု မတ်လ ၃၁ ရက်နေ့တွင် ဘာဘလင်ဂါသည် လူထုပရိသတ် ၁၅,ဝဝဝ မျက်မှောက်တွင် ဒန်ညုမြစ်ကို ဖြတ် ကျော်ပျံသန်း ရန်ကြိုးပမ်းခဲ့သော်လည်း အောင်မြင်မှု မရရှိခဲ့ချေ။ ဘာဘလင်ဂါနောက် ဂလိုက်ဒါကို ပိုမိုတိုးတက် ကောင်းမွန်အောင် ကြံဆောင်ခဲ့သူမှာ ဂျာမန်လူမျိုးအော်တိုလီလီ ယန်သဲဖြစ်၏။ လီလီယန်သဲသည် ဖယောင်းစိမ်ထားသောပိတ်စ များ၊ မိုးမခသားများဖြင့် တည်ဆောက်ထားသော ငှက်အတောင် သဏ္ဌာန်ရှိ ဂလိုက်ဒါဖြင့် အကြိမ်ပေါင်း ၂ဝဝဝကျော်ပျံသန်းခဲ့ သည်။ အဝေးဆုံးပျံသန်းနိုင်သည့် အကွာအဝေးမှာ နှစ်ဖာလုံခန့် ဖြစ်သည်။ ဂလိုက်ဒါကို လေထဲတွင်လိုသလို ထိန်းသိမ်းနိုင်ရန် လီလီယန်သဲသည် ခန္ဓာကိုယ်ကို လှုပ်ရှားပေး၏။ယင်းသို့ ခန္ဓာ ကိုယ်ဖြင့် ထိန်းသည့် နည်းစနစ်ကို ခေတ်ပေါ် ဂလိုက်ဒါများ တွင် ဆက်လက်အသုံးပြုလျက်ရှိကြသည်။ ၁၈၉၆ ခု ဩဂုတ် ၉ ရက်နေ့ တွင်စမ်းသပ် ပျံသန်းနေစဉ် လီလီယန်သဲသည်ဂလိုက်ဒါ ကိုထိန်းသိမ်းနိုင်ခြင်း မရှိတော့သည့် အတွက် ဂလိုက်ဒါသည် အရှိန်ဖြင့်ထိုးကျပျက်စီးခဲ့၏။ လီလီယန်သဲသည် ဂလိုက်ဒါပျက် ကျရာမှရသည့် ဒဏ်ရာဖြင့် သေဆုံးခဲ့သည်။
နောက်ပိုင်းတွင် အင်္ဂလန်နိုင်ငံမှ ပါစီပီးလချားနှင့် အမေရိကန်နိုင်ငံမှ အောက်တေ့ဗ်ချနု တို့သည် လီလီယန်သဲ၏ နည်းလမ်းကို အခြေပြုကာ ဂလိုက်ဒါများကို ဆက်လက် တည်ဆောက်ခဲ့သည်။ သို့သော် ထိုအချိန်တွင် စက်တပ်လေ ယာဉ်များ စတင်ပေါ်ပေါက်လာပြီဖြစ်ရာ ဂလိုက်ဒါများ၏ တိုးတက်မှု အရှိန်အဟုန်မှာ တန့်သွားခဲ့ပြီး တဖြည်းဖြည်းမှေးမှိန် သွားခဲ့သည်။
စရိတ်သက်သာစွာဖြင့် လေတွင်ပျံဝဲနိုင်သည့် အတွေ့ အကြုံရရှိရေးအတွက် ဂလိုက်ဒါကိုပြန်လည် ဖော်ထုတ်ရန် ကြိုးပမ်းလာကြရာမှ ဂလိုက်ဒါ၏ အခန်းကဏ္ဍသည် ပြန် လည်ဆန်းသစ် လာခဲ့သည်။ ၁၉၇၂ ခုတွင် အင်္ဂလန် နိုင်ငံ၌ ဂလိုက်ဒါကို စီးနင်းကြသူ အရေအတွက်သည် အနည်းငယ် မျှသာရှိခဲ့ သော်လည်း ၁၉၇၈ ခုနှစ်တွင် ၅ဝဝဝခန့်အထိရှိလာခဲ့ ၏။ အမေရိကန် နိုင်ငံတွင်မူ၂၅ဝဝဝ ခန့်ရှိလာ၏။တစ်ကမ္ဘာလုံး တွက်သော် ဂလိုက်ဒါ စီးနင်းသူပေါင်း ၆ဝဝဝဝ ခန့် ရှိမည် ဟု ခန့်မှန်းကြသည်။
ဂလိုက်ဒါသည် သမားရိုးကျ ဂလိုက်ဒါ (စက်မဲ့ လေယာဉ်)ထက် စရိတ်သက်သာခြင်း၊ တည်ဆောက်ရန် သို့မ ဟုတ် ဝယ်ယူရန် လွယ်ကူခြင်းတို့ကြောင့် ယင်းကို အပျော်စီး သက်သက်အဖြစ် သာမကအားကစား နည်းတစ်မျိုးအဖြစ်လည်း တွင်ကျယ်စွာ အသုံးပြုလာခဲ့ခြင်း ပေဖြစ်သည်။ မျက်မှောက် ခေတ်တွင် အသုံးပြုလျက်ရှိသော လိုက်ဒါအမျိုးအစားများ အနက် တြိဂံပုံစံ အတောင်ရှိ ဂလိုက်ဒါကို အသုံးများကြ၏။ ယင်းကို ရိုဂယ်လိုဟုလည်း ခေါ်ကြ၏။ အာကာသယာဉ်များကို မြေပြင်သို့ ညင်သာစွာ ဆင်းသက်လာစေရန် ဖရန်စစ်ရို ဂယ်လို ဆိုသူတီထွင်သော တြိဂံပုံစံ အတောင်ကိုအခြေပြု တည်ဆောက် ထားသောကြောင့် ရိုဂယ်လိုဟု ခေါ်ဝေါ်ခြင်းဖြစ်၏။ ယင်းရိုဂယ် လို ပျံဝဲသည့်အခါ တိုးဝင်လာသော လေကြောင့် ဖောင်းကြွနေ သော အတောင်သည်ကတော့ ခြမ်းနှစ်ခြမ်းကိုဘေးချင်းယှဉ်ထား သကဲ့သို့ဖြစ်လာသည်။ အတောင်ကို ထိုကဲ့သို့ ဖောင်းကြွလာနိုင် အောင်ပျော့ပြောင်းသော အဝတ်၊ နိုင်လွန်စသည်တို့ဖြင့်ပြုလုပ်လေ့ ရှိ၏။ အချို့ ဂလိုက်ဒါ များတွင်မူ သမားရိုးကျ ဂလိုက်ဒါ ကဲ့သို့ပင် ခိုင်ခံ့တောင့်တင်းသော အတောင်များ တပ်ဆင်ထားကြ သည်။
ဂလိုက်ဒါကို စီးရာတွင် တတောင်ဆစ်ကို ကွေး၍ တန်းနှစ်တန်းကို လက်ဖျားမှ တတောင်ဆစ် အထိ ကပ်ထားပြီး ထောက်ထားသော လက်နှစ်ဘက်ကို အားပြုကာ ခိုစီးကြ၏။ အချို့ကမူ ရှေ့မှတန်းကို လက်နှစ်ဘက်ဖြင့် ဆုပ်ကိုင်ထားပြီး ခန္ဓာကိုယ်ကို ကြိုးဖြင့် တွဲလဲဆွဲကာ ထိုင်လျက်ဖြစ်စေ၊ မှောက် လျက်ဖြစ်စေ စီးကြ၏။ ဂလိုက်ဒါကို ထိန်းသိမ်း ပဲ့ကိုင်ရန် အတွက်မူ ခန္ဓာကိုယ်ကို လိုသည့်ဘက်သို့အရွှေ့အပြောင်းပြုလုပ် ပေးရသည်။
ဂလိုက်ဒါကို လေထဲသို့ရောက်အောင် လွှတ်တင် ရာတွင် နည်းအမျိုးမျိုးကို အသုံးပြုကြ၏။အချို့ကမူ တောင်ဆင် ခြေလျှော တစ်လျှောက်ပြေးဆင်းကြ၏။ အချို့ကမူ ဂလိုက်ဒါကို ကြိုးနှင့်ချည်ပြီး ရှေ့မှဆွဲ ပြေးကြသည်။
ကိုးကား[ပြင်ဆင်ရန်]
- မြန်မာ့စွယ်စုံကျမ်း၊ အတွဲ(၂)",4.0,2.0,2.0,4.0,2.0,"The text provides a clear, informative historical and technical overview of hang gliding suitable for educational purposes. It follows a logical chronological structure. The language is natural and standard Burmese, though it is a translation/adaptation from an encyclopedia entry rather than a piece of original local cultural expression."
<urn:uuid:42e7fa8f-e8f7-4110-9193-4d1d6fb372f4>,"၂၀၀၅ ခုနှစ် ဇွန်လ ၁၂ရက် နေ့တွင် ကျင်းပခဲ့သော Stanford တက္ကသိုလ် ဘွဲ့နှင်းသဘင် အခမ်းအနား တွင် Apple Computer နှင့် Pixar Animation Studio တို့ကို စတင်တည်ထောင်ခဲ့သူ Steve Jobs ပြောကြားခဲ့ သည့် မိန့်ခွန်း
ကမ္ဘာ့ အကောင်းဆုံး တက္ကသိုလ်ကြီးတစ်ခု ရဲ့ ဘွဲ့ရ မောင်မယ်များ ကို တွေ့ဆုံစကားပြော ခွင့် ရတဲ့အတွက်ကြောင့် အင်မတန် ဂုဏ်ယူမိကြောင်း ပြောပါရစေ။ ကျွန်တော်ဟာ တက္ကသိုလ်ဘွဲ့ရ တစ်ယောက်မဟုတ်ပါ။ အမှန်အတိုင်း ပြောရရင် ဘွဲ့နှင်းသဘင် အခမ်း အနား ဆိုတာ ဒီနေ့မှ တက်ဖူးတာပါ။ ဒီ ဘွဲ့နှင်း သဘင် အခမ်းအနား မှာ ကျွန်တော့ဘဝ ဇာတ်လမ်းလေး သုံးပုဒ် ပြောပါရစေ။ မိန့်ခွန်း အရှည်ကြီး မဟုတ် ပါ။ ကြီးကြီးကျယ်ကျယ် အကြောင်းအရာတွေ မဟုတ်ပါ။ ဇာတ်လမ်း သုံးပုဒ် ထဲပါ။
ပထမဆုံးဇာတ်လမ်းကတော့ ဆက်စပ်ပုံဖော်ခြင်း အကြောင်းပါ။",4.0,3.0,2.0,5.0,3.0,"This is a high-quality translation of Steve Jobs' famous Stanford commencement speech. It is educational, coherent, and clean. The language is natural and appropriate for a Burmese audience, reflecting the tone of a formal address while maintaining cultural readability."
<urn:uuid:23013dca-4358-440a-af71-61b374c48700>,"စေဇန်းပီ
ပေါလ် စေဇန်း(ခရစ် ၁၈၃၉-၁၉ဝ၆)[ပြင်ဆင်ရန်]
ပြင်သစ် ပန်းချီဆရာ ပေါလ် စေဇန်း(Paul cezanne)သည် ရှေးရိုးပန်းချီစံနစ်ကို တော်လှန်ခဲ့သူတစ်ယောက် ဖြစ်၏။ ထိုခေတ်အခါက တော်ဝင် ပန်းချီဆရာများ လိုက်နာကျင့်သုံးလျက်ရှိသော အစဉ်အလာများ ကို ဖီလာပြုကာ မိမိစိတ်ကူးဖြင့် ပန်းချီကားများ ရေးဆွဲခဲ့လေ သည်။ ထိုကြောင့် ပါရစ်မြို့တွင် စေဇန်အာပန်းချီတော်လှန်ရေး သမား တစ်ယောက်ဟူ၍ အသိအမှတ်ပြုထားကြလေသည်။ သို့ရာတွင် ပါရစ်မြို့၌သာမက ဥရောပတိုက် တစ်ခုလုံးရှိ များ စွာသော ပန်းချီ ပညာရှင်တို့၏ ရှုတ်ချခြင်းကို ခံခဲ့ရဘူးသည်။ ဤခေတ်၌ကား စေဇန်းသည် ခေတ်ပန်းချီပညာရပ်၏ အခြေခံ ကို စတင်ပြုစုခဲ့သူဟု အသိအမှတ်ပြုခြင်းကို ခံရသည်။
စေဇန်းသည် ပြင်သစ်နိုင်ငံ အရှေ့တောင်ပိုင်း ပရောဗန်း နယ်ရှိ အက်မြို့တွင် ၁၈၃၉ ခုနှစ် ဇန္နဝါရီလ ၁၉ ရက်နေ့၌ ဖွားမြင်လေသည်။ ဖခင်ဖြစ်သူမှာ ဘဏ်လုပ်ငန်းရှင်တစ်ဦး ဖြစ်သော်လည်း စေဇန်းသည် ပန်းချီပညာကို ဝါသနာပါသူ ဖြစ်ရာ အသက် ၂၄ နှစ်အရွယ်မှစ၍ ပါရစ်မြို့တွင် ပန်းချီ ပညာကို လေ့လာဆည်းပူးခဲ့လေသည်။
စေဇန်းသည် ပန်းချီဆရာ၏အမြင်သက်သက်ကိုသာ ရေးဆွဲ ခြင်းဖြင့် ထိုပန်းချီကား၏ နက်နဲသော အဓိပ္ပါယ်ကို ပေါ်လွင် စေနိုင်မည်မဟုတ်ဟု ယုံကြည်သည်။ ထိုယုံကြည်ချက်အတိုင်း သူရေးဆွဲသောပုံတွင် ဆေးရောင်အမျိုးမျိုးကို နက်နဲသော အဓိပ္ပါယ်ဖော်ရာ၌ အသုံးပြုသည်။ စေဇန်းရေခြယ်သော ပန်းချီ ကားများသည် ရိုးရိုးနှင့် နက်နဲသည်။
သို့သော် စေဇန်းသည် မိမိ၏စိတ်ကူးကို ပန်းချီကားချပ်ပေါ် တွင် ထိရောက်အောင် တင်မပြနိုင်ဟု စိတ်ပျက်စွာဖြင့် သူ၏ ပန်းချီကားများကို သူတစ်ပါးတို့အား ပေးပစ်၏။ သူ့သားကို လည်း ထိုပန်းချီကားများကို ဖြတ်တောက်ကစားစေ၏။ ထိုစဉ် အခါက စေဇန်းရေးဆွဲသော ပန်းချီကားတို့၏ နက်နဲသော အဓိပ္ပါယ်ကို လူများ သဘောပေါက် နားမလည်ကြချေ။ သို့ဖြစ်၍ ထိုပန်းချီကားများမှာ တန်ဖိုးမရှိ ဖြစ်ခဲ့ရလေသည်။ စေဇန်း စွန့်ပစ်လိုက်သော ပန်းချီကားများသည် ယခုခေတ်တွင် လွန်စွာ တန်ဖိုးကြီးမာသော ပန်းချီကားများ ဖြစ်လာသည်။
စေဇန်း ရေးဆွဲသော ပန်းချီကားများ၏ နက်နဲခြင်းကို ထို ပန်းချီဆရာကွယ်လွန်ပြီးနောက်မှ လူများ သဘောပေါက် နား လည်ကြသည်။ ထိုကြောင့် စေဇန်းသည် အသက်ရှင်နေစဉ် ပန်းချီကျော်တစ်ဦးအဖြစ်ဖြင့် မကျော်ကြားခဲ့ချေ။ ၁၉ဝ၆ ခုနှစ် အောက်တိုဘာလ ၂၃ ရက်နေ့တွင် ပေါလ်စေဇန်း အနိစ္စရောက် လေသည်။ [၁]
ကိုးကား[ပြင်ဆင်ရန်]
- မြန်မာ့စွယ်စုံကျမ်း အတွဲ(၃)",4.0,2.0,2.0,4.0,3.0,"The text is a well-structured biographical entry from the Myanmar Encyclopedia. It provides clear educational value regarding art history. It uses natural Burmese phrasing and appropriate honorifics, though it contains minor boilerplate elements like '[ပြင်ဆင်ရန်]' typical of wiki-style entries. The reasoning is straightforward, focusing on historical impact rather than complex analysis."
<urn:uuid:60f73370-122f-4c0e-bf3b-f3a7dd774a75>,"ငရုတ်ပွသီးဟာ အမျှင်ဓာတ်၊ Antioxidants ၊ ဗီတာမင် စီ တို့ ပါဝင်တဲ့ အသီးတစ်မျိုး ဖြစ်ပါတယ်။ ဒါပေမယ့် သူ့မှာ အရောင်အမျိုးမျိုး ရှိပြီး အရောင်တိုင်းမှာတော့ ဒီလို ဗီတာမင်ဓာတ်တွေ ညီတူညီမျှ မပါဝင်ပါဘူး။ ငရုတ်သီးချည်း တူတာတောင် အနီရောင်ငရုတ်ပွသီးဟာ အစိမ်းရောင်ထက် ဈေးကြီးတာ တွေ့ဖူးကြလား ဒါမှမဟုတ် အစိမ်းရောင် ငရုတ်ပွသီးဟာ ဗိုက်နာတတ်တာကို သတိထားမိပါရဲ့လား၊ ဒါတွေ ဘာလို့ ဖြစ်ရလဲဆိုတဲ့ မေးခွန်းရဲ့ အဖြေကို ပြောပြပါမယ်။
ငရုတ်ပွတွေမှာ အနီ၊ အ၀ါ၊ လိမ္မော်နဲ့ အစိမ်းရောင်ဆိုပြီး အရောင်တွေ ရှိပါတယ်။ သူတို့ကြားက ခြားနားချက်က ဘာပါလိမ့်။
ငရုတ်ပွ အစိမ်းရောင်ဟာ အနီ၊ လိမ္မော်နဲ့ အ၀ါတို့ရဲက အနုသီးပဲ ဖြစ်ပါတယ်။ နည်းနည်းပဲ မှည့်သေးတယ် ဒါပေမယ့် စားလို့ရပြီပေါ့။ မြန်မာလို ဆိုရင်တော့ ရင့်ပြီ ဒါပေမယ့် မမှည့်သေးတဲ့ အခြေအနေပါ။ သူဟာ အနည်းငယ် အခါးအရသာ ရှိတဲ့ အတွက် အစာကြေတဲ့ ပြဿနာကို ဖြစ်စေတာပါ။
အစိမ်းရောင်ဟာ ဘာလို့ ပိုဈေးချိုတာလဲ ?
အစိမ်းရောင်ဟာ ဘာလို့ တခြား အရောင်တွေထက် ပိုဈေးချိုလည်း ဆိုတာတော့ မြန်မြန်ခူးပြီး ရောင်းနိုင်တဲ့ အတွက်ပါ။ တခြားအရောင်တွေကတော့ ခူးဖို့ အချိန်ပေး စောင့်ရတဲ့ အတွက် ဈေးပိုကြီးတာပါ။
ဘယ် ငရုတ်ပွသီးဟာ အာဟာရအဖြစ်ဆုံးပါလဲ ?
ငရုတ်ပွသီး အားလုံးမှာတော့ ဗီတာမင် အေနဲ့ စီ အများကြီး ပါဝင်ပါတယ်။ ဒါပေမယ့် အနီရောင် ငရုတ်ပွကတော့ ကင်ဆာဆဲလ်တွေကို တိုက်ဖျက်တဲ့နိုင်တဲ့ ဗီတာကရိုတန်း အစွမ်းက အစိမ်းရောင်ထက် ၁၁ဆ ပိုပါတယ်။ အ၀ါရောင်ကတော့ ဗီတာမင် စီ ဓာတ်ဟာ အစိမ်းရောင်ထက် ပိုပြီး ဗီတာမင်အေနဲ့ ဗီတာကရိုတိန်းကတော့ အစိမ်းရောင်ထက် နည်းပါတယ်။
Credit: huffpost taste",4.0,3.0,2.0,5.0,4.0,"The text provides clear, educational information about bell peppers, explaining nutritional differences and market pricing based on ripeness. It uses natural Burmese phrasing and logical structure. While it references an external source, the content is well-organized, coherent, and accessible to a general audience, making it highly suitable for educational purposes."
<urn:uuid:3cd54de9-4f55-41d6-8175-673bf29e6ce2>,"အစာအိမ်ထဲက အက်စစ်တွေနဲ့ အစာခြေရည်တွေက အစာမျိုပြွန်ထဲ ပြန်ဆန်တက်လာတဲ့အခါ ရင်ပူခြင်း (heartburn) ဆိုတာ ဖြစ်လာပါတော့တယ်။ နာမည်ကသာ heartburn ဆိုပေမယ့် နှလုံးနဲ့တော့ မသက်ဆိုင်ပါဘူး။ လေချဉ်ပြန်တက်တဲ့အခါ အစာခြေရည်တွေ ပါလာတတ်တာ သတိထားမိမှာပေါ့။
အစာအိမ်ထဲက အက်စစ်တွေနဲ့ အစာခြေရည်တွေက အစာမျိုပြွန်ထဲ ပြန်ဆန်တက်လာတဲ့အခါ ရင်ပူခြင်း (heartburn) ဆိုတာ ဖြစ်လာပါတော့တယ်။ နာမည်ကသာ heartburn ဆိုပေမယ့် နှလုံးနဲ့တော့ မသက်ဆိုင်ပါဘူး။ လေချဉ်ပြန်တက်တဲ့အခါ အစာခြေရည်တွေ ပါလာတတ်တာ သတိထားမိမှာပေါ့။
ရင်တွေ ပူနေတယ် ရေတွေ သောက်တယ်၊ ရေခဲရေတွေ သောက်တယ်၊ အချိုရည် သောက်တယ်၊ သကြားလုံး စားကြည့်တယ်၊ ဆာလို့များလားဆိုပြီး တခုခု ထစားတယ်။ မရဘူး။ ဘယ်ရပါ့မလဲ။ ဒါနဲ့တင် ပျောက်သွားမှာမှ မဟုတ်တာ။
အမှန်တော့ ရင်ပူရတာက အစာအိမ်ထဲက နဂိုရှိနေတဲ့ အက်စစ်တွေကြောင့်ချည်းမှ မဟုတ်တာ။ ကိုယ်စားလိုက်တဲ့ အစားအသောက်တွေကြောင့် ဖြစ်လာရတဲ့ အက်စစ်တွေရဲ့ ပံ့ပိုးမှုလည်း ပါတာ သေချာတာပေါ့။ အဲတော့ ရင်ပူတာကို ဆိုးစေမယ့် အပူအစပ်၊ ဆီကြော်အစားအစာ၊ ကော်ဖီ၊ အရက် စတာတွေကို ရှောင်ရပါမယ်။ ကဲ အခု ရင်ပူဗိုက်ဆာ ဖြစ်တတ်ရင် စားပေးသင့်တဲ့ အစားအစာတွေအကြောင်း ပြောပြမယ်နော်။
ရင်ပူဗိုက်ဆာ ဖြစ်တတ်ရင် စားပေးသင့်တာလေးတွေက
ငှက်ပျောသီးက အစာခြေရည် ပြန်ဆန်တက်တဲ့ ဝေဒနာအတွက် တကယ်ကို ကောင်းတဲ့ အသီးပါ။ ဖရဲသီး၊ သခွားမွှေး တို့လို melon မျိုးဝင် အသီးတွေလည်း စားလို့ ရပါတယ်။
ကွေကာအုတ် သောက်ရင် ရင်ပူတာ သက်သာစေပြီး အမျှင်ဓါတ်ကြောင့် အစာခြေစနစ်ကို ပိုကောင်းစေပါတယ်။
Whole-grain လိုမျိုး၊ အချို၊ အဆီ မပါတဲ့ ဂျုံကြမ်းပေါင်မုန့်တွေကို ရွေးတာ ပိုကောင်းပါတယ်။ သူတို့မှာ သဘာဝ အမျှင်ဓါတ်၊ ဗီတာမင်တွေ နဲ့ တခြား အာဟာရဓါတ်တွေ ပါဝင်ပါတယ်။
ပန်းဂေါ်ဖီစိမ်း၊ ကညွှတ်၊ ပဲစိမ်း၊ တရုတ်နံနံ တို့လို အစိမ်းရောင်ရှိတဲ့ အသီးအရွက်တွေမှာ အက်စစ်ဓါတ် ပါဝင်မှု နည်းပါတယ်။
အဆီမပါတဲ့ အသားတွေကို စားပါ။ ကင်စားတာ၊ ပေါင်းစားတာ၊ ပြုတ်စားတာ ကောင်းပါတယ်။ အရေခွံ၊ အခေါက် မစားပါနဲ့၊ ကြော်မစားပါနဲ့။
ပရိုတင်းဓာတ် ကြွယ်ဝပြီး အက်စစ်ဓါတ် နည်းပါတယ်။ ကြက်ဥ အနှစ်တော့ ရှောင်ပါ။ အဆီဓါတ် ပိုများပြီး လက္ခဏာကို ပိုဆိုးစေနိုင်ပါတယ်။
ရှားစောင်းလက်ပပ်က ဒီဝေဒနာအတွက် ဆေးဓါတ်စာ တစ်ခုပါ။ gas မပါတဲ့ ရှားစောင်းလက်ပပ် ဖျော်ရည်လေး သောက်လိုက်ပေါ့။
အခုပြောပြခဲ့တဲ့ အစားအစာတွေက ရင်ပူတတ်သူတွေ စားပေးလို့ရတဲ့ ရင်ပူတာကိုရော ဗိုက်ဆာတာကိုပါ သက်သာစေနိုင်တဲ့ အစားအစာလေးတွေပါ။
ရင်ပူတာကို သက်သာစေဖို့အတွက် အပေါ်မှာ ပြောပြခဲ့တဲ့ အစားအစာတွေကို အကုန်လုံး စားစရာ မလိုပါဘူး။ ဒီအစားအစာတွေထဲကမှ ကိုယ်နှစ်သက်တာ၊ ကိုယ်နဲ့ အဆင်အပြေဆုံး ဖြစ်မှာကို သေချာလေး ရွေးချယ် စားသုံးလိုက်ပါ။ ဥပမာ – ရင်ပူလာသလို ဗိုက်ဆာလာသလို ဖြစ်လာပြီဆိုရင် ဂျုံကြမ်းပေါင်မုန့်လေး စားပေးတာမျိုး ဖြစ်ဖြစ်ပေါ့။
ရင်ပူတာ ဗိုက်ဆာတာတွေကြောင့် စိတ်ရောကိုယ်ပါ ထိခိုက်တာမျိုး မဖြစ်အောင် ကိုယ်တိုင် ဂရုစိုက် ကာကွယ်လိုက်ပါ။
Hello Health Group သည် ဆေးပညာအကြံဉာဏ်များ၊ ရောဂါရှာဖွေမှုများနှင့် ကုသမှုများ မပြုလုပ်ပေးပါ။",4.0,2.0,2.0,4.0,4.0,"The text provides practical, accurate health advice for managing heartburn, suitable for a general audience. It explains causes and suggests dietary changes clearly. It is well-structured and written in natural, accessible Burmese. It lacks deep scientific analysis or complex reasoning, but serves as a helpful, coherent educational resource for primary health awareness."
<urn:uuid:41db5b6f-6f56-4dc8-a107-8ef5dca18787>,"လက်သည်းပေါ်က အဖြူရောင်အစက်အပျောက် ကနေ ဖော်ပြနေတဲ့ ကျန်းမာရေး ချို့ယွင်းမှု
လက်သည်းပွင့်တယ်လို့ အခေါ်များတဲ့ လက်သည်းပေါ်မှာ အဖြူရောင် အစက်အပျောက်လေးတွေ ပေါ်ခြင်းကို အများစုကတော့ စန်းပွင့်တယ်လို့ ယူဆတတ်ကြပါတယ်။ တကယ်တော့ ဒါဟာ သင့်ရဲ့ စားသောက်နေထိုင်မှု ပုံစံမှာ ခန္ဓာကိုယ်အတွက် လိုအပ်တဲ့ ဓာတ်တခုခု လိုအပ်နေတာကြောင့် ဖြစ်ပါတယ်။ ဒါကြောင့် လက်သည်းပွင့်ခြင်းက ဘယ်လိုမျိုး ကျန်းမာရေးအခြေအနေကို ညွှန်ပြနေတယ်ဆိုတာကို ဗဟုသုတအနေနဲ့ ဖော်ပြပေးလိုက်ရပါတယ်။
(၁) လက်သည်းပွင့်ခြင်းဟာ မျိုးရိုးလိုက်ခြင်းကြောင့်လည်း ဖြစ်တတ်ပါတယ်။ ခန္ဓာကိုယ်မှာ Calcium Deficiency လို့ခေါ်တဲ့ ခန္ဓာကိုယ်တွင်း ထုံးဓာတ်လျော့နည်းတဲ့အခါနဲ့ ဇင့် ဓာတ်ချို့တဲ့ အခါမျိုးမှာလည်း ဖြစ်ပေါ်တတ်ပါတယ်။ ဒါကြောင့် ကယ်လ်ဆီယမ်နဲ့ ဇင့်ဓာတ်ကြွယ်ဝတဲ့ အစားအစာတွေဖြစ်တဲ့ နို့နဲ့ နို့ထွက်ပစ္စည်းအမျိုးမျိုး၊ ငါးအမျိုးမျိုး၊ အစိမ်းရောင်ရှိတဲ့ အသီးအရွက်တွေနဲ့ အခွံမာသီးတွေရဲ့ အစေ့အဆန်တွေကို စားသုံးပေးသင့်ပါတယ်။
(၂) လက်သည်းပွင့်ခြင်းဟာ အမြဲလိုလိုကို ဖြစ်ပေါ်နေတယ်ဆိုရင်တော့ ဒါဟာ အစာအိမ်အားနည်းတာ ဒါမှမဟုတ် သွေးအားနည်းရောဂါ ဖြစ်ပေါ်နေတာကို ဖော်ပြနေတာဖြစ်တာကြောင့် ဆရာဝန်နဲ့ သွားရောက်တိုင်ပင် ဆွေးနွေး သင့်ပါတယ်။
(၃) လက်သည်းပွင့်ခြင်းဟာ တခါတရံမှာတော့ ခန္ဓာကိုယ်က ဗီတာမင်ဓာတ်တွေ ချို့တဲ့တာကြောင့် မဟုတ်ဘဲ လက်သည်းရဲ့ အောက်ဘက်ခြမ်းမှာ ထိခိုက်ဒဏ်ရာ တခုခုရရှိခြင်းကြောင့်လည်း ဖြစ်ပေါ်တတ်ပါတယ်။ ဒီလိုဆိုရင်တော့ စိုးရိမ်စရာမရှိဘဲ သူ့အလိုလို ပျောက်ကင်းသွားမှာပဲ ဖြစ်ပါတယ်။
(၄) ခန္ဓာကိုယ်တွင်း ဓာတ်တခုခု လျော့နည်းတာကြောင့် မဟုတ်ဘဲ လက်သည်းအတွင်းပိုင်းမှာ မှိုစွဲတာမျိုးကြောင့်လည်း လက်သည်းပွင့်ခြင်း ဖြစ်ပေါ်တတ်ပါတယ်။ ဒီလိုမျိုးဖြစ်တာကြောင့် ကျန်းမာရေးပြသနာတွေ မဖြစ်ပေါ်နိုင်ပေမယ့် မှိုစွဲ နေ တာကြောင့် လက်ကို သေချာစွာသန့်စင်ပေးဖို့ အရေးကြီးပါတယ်။
Ref. https://steptohealth.com",4.0,2.0,2.0,5.0,4.0,"The text provides clear, educational health information regarding nail health. It uses simple, logical explanations for various causes (deficiencies, injury, fungus). The language is natural Burmese, incorporating local cultural beliefs (the 'luck' superstition) and appropriate terminology, making it highly accessible and culturally relevant for a general audience."
<urn:uuid:985b693a-44aa-403d-aae3-00d0b020c3eb>,"ဒီနေ့တော့ မုန့်ပဲသရည်စာ လုပ်လိုက်အုံးမယ်ဆိုပြီး စဉ်းစားနေရင်းက ကန်စွန်းဥတွေ ၀ယ်ထားတာ သတိရတာနဲ့ ကန်စွန်းဥဒိုးနတ်လေး လုပ်ဖြစ်သွားပါတယ်။
ဟင်းချက် မုန့်လုပ်နေရရင် ပျော်နေတတ်တဲ့ မာမာတယောက် ကန်ဇွန်းဥဒိုးနတ် ကဗျာတပုဒ် စပ်မိသွားလေတော့ စားကောင်းလွန်းတဲ့အတွက် ပြင်တင်ပုံလေး မျှဝေလိုက်ပါတယ်။
ပါဝင်ပစ္စည်းများ
- ကန်စွန်းဥ - အခွံခွာပြီးသား 200g
- White flour - 80g
- ရေ - ထမင်းစားဇွန်း ၆ဇွန်း
- ဆား - လက်ဖက်ရည်ဇွန်း လေးပုံတပုံ
- သကြား - 200g
- ဆီ - လက်ဖက်ရည်အကြမ်းပန်းကန် ၄လုံး
ပြင်ဆင်ပုံ
- ကန်စွန်းဥကို အခွံခွာပြီး ရေဆေးကာ ပုံပါအတိုင်း လှီးပေးပါ
- သကြား ဆား ဆီ ဂျုံမှုန့် တို့ကို ပြင်ထားပါ
- ဇောက်နက်သော အိုးအသေးတလုံးမှာ ရေကို ပွက်ပွက်ဆူအောင် တည်လိုက်ပါ
- ရေဆူတာနဲ့ လှီးထားသော ကန်စွန်းဥကို ထည့်ပြီးပြုပ်ပေးပါ
- ကန်စွန်းဥအပေါ် မူတည်ပြီး ပြုပ်ချိန် ၁၀မိနစ်မှ ၁၅မိနစ်အတွင်း ရှိနိူင်ပါတယ်
- ပြုပ်နေစဉ် ကန်စွန်းဥကို ခရင်းနှင့်ထိုးကြည့်ပါ
- ပျော့လာပြီဆိုရင်တော့ ရေသွန်ပြီး ပန်းကန်တခုထဲ ပြောင်းထည့်ပါ
- ကန်စွန်းဥကို ခရင်းဖင်ဖက်နှင့် ဖိဖိပြီး ချေပေးပါ
- ချေနေရင်း ကန်စွန်းဥများ အေးလာပြီး အသားများ ကျေလာတာနဲ့ ဆားနှင့် ဂျုံမှုန့်တ၀က်ကို ထည့်ပြီး ခရင်းနှင့် မွှေပါ
- အားလုံး သမသွားတာနဲ့ ကျန်နေသော ဂျုံမှုန့်ကို ထည့်မွှေပါ
- ဂျုံမှုန့်နှင့် ကန်စွန်းဥမုန့်သားရတာနဲ့ ထိုမုန့်သားကို စေးပိုင်လာအောင် လက်နဲ့ ၅မိနစ်လောက် နယ်ပေးပါ
- နယ်နေစဉ် မုန့်သားပျော့နေပါက ဂျုံမှုန့် နည်းနည်းထပ်ထည့်ပြီး မုန့်သားကိုင်လို့ရအောင် နယ်ပေးပါ
မုန့်သားကြော်ရန် ပြင်ဆင်ပုံ
- မျက်နှာပြင်ညီသော စားပွဲ သို့မဟုတ် သစ်သားပြားတခုပေါ်မှာ ဂျုံမှုန့် အနည်းငယ်ကို ဖြန့်ခင်းထားပါ
- မုန့်လုပ်ပြီး တင်ရန် ပန်းကန် သို့မဟုတ် သစ်သားပြား တခုကိုလဲ ဂျုံမှုန့်အနည်းငယ် ဖြူးထားပါ
- မုန့်ကြော်ပြီး တင်ရန် paper towel ကို ၃ထပ်ခေါက်ပြီး ပြင်ထားပါ
- မုန့်သားကို ထမင်းစားဇွန်း တဇွန်းသာသာယူပြီး လက်ဝါးထဲမှာထည့်ပြီး အရင်ဆုံး ဖိပေးပါ
- ပြီးမှ မုန့်သားအချောင်း ရှည်ရှည်လေးရအောင် လက်ဝါးနှစ်ဖက်ကြားမှာ ပွတ်ပေးပါ
- မုန့်သားရှည်ရှည်လေး ရတာနဲ့ ဂျုံမှုန့်ဖြူးထားသော သစ်သားပြားပေါ်တင်ကာ ၄ချက်လောက် လှိမ့်ပေးပါ
- ဂျုံမှုန့်ဖြူးထားသော အပေါ်မှာဘဲ ထိပ်နှစ်ဖက်ကို တေ့ပြီး ဖိ၍ဆက်ပေးပါ
- အ၀ိုင်းလေးရပြီဆိုတာနဲ့ နောက်ထပ်သစ်သားပြား တခုပေါ်ပြောင်းပြီး တင်ပေးထားပါ
- မုန့်သားကုန်တဲ့ထိ လက်ကိုဂျုံမှုန့်သုပ်လိုက် မုန့်ပုံစံဝင်အောင် မုန့်သားကုန်တဲ့ထိ လုပ်ပေးပါ
- ဆီကို ဒယ်အိုးတလုံးထဲထည့်ပြီး အပူပေးပါ
- ဆီပူလာတာနဲ့ မီးကိုအလယ်လောက်ထိလျှော့ပြီးမှ မုန့်သားများကို တခုခြင်းထည့်ကြော်ပါ
- တဖက်အရောင်ပြောင်းလာလျှင် နောက်တဖက်ကို လှန်ပေးပါ
- မုန့်သားများ အထဲထိကျက်စေရန် မကြာမကြာ လှန်ပေးပြီး မုန့်သားအားလုံး ရွှေအိုရောင် ပြောင်းလာပြီဆိုရင် ဆယ်ပြီး ဆီစစ်စက္ကူပေါ်တင်ပြီး စစ်ပေးထားပါ
သကြားရည်ကျိုရန်
- ဒယ်အိုးတလုံးထဲမှာ သကြားနှင့်ရေကိုထည့်ပြီး အပူပေးပါ
- သကြားများ အရည်ပျော်လာပါက အောက်ကိုမကပ်စေရန် အဆက်မပြတ်မွှေပေးပါ
- မွှေနေရင်း သကြားရည် ပျစ်လာပါက မီးကိုအလယ်လောက်သို့ လျှော့ပေးကာ ယောင်းမနှင့်သကြားရည်ကို ကလော်ပြီး အပေါ်ကိုမြှောက်ကာ အစက်ချကြည့်ပါ
- သကြားရည်များ ဖြေးလေးစွာ ကျလာပြီဆိုတာနဲ့ ကြော်ထားသော ဒိုးနတ်များကို ထည့်မွှေလိုက်ပါ
- မွှေနေစဉ် ဒိုးနတ်မှာ သကြားများခဲပြီး ကပ်လာပြီဆိုတာနဲ့ မီးပိတ်ပြီး ပန်းကန်ထဲပြောင်းထည့်ပါ
- ချိုပြီးစိမ့်မွှေးနေတဲ့ ကန်စွန်းဥဒိုးနတ်မွှေးမွှေးလေးကို စားသုံးနိူင်ပါပြီ။",4.0,2.0,1.0,5.0,5.0,"The document is a clear, step-by-step recipe for a traditional Burmese snack. It is highly educational for home economics, follows logical procedural steps, and uses natural, authentic Burmese culinary language and cultural context. It is clean, well-structured, and free of irrelevant noise."
<urn:uuid:527558bc-8e93-4a20-886c-04987f130ad8>,"ဆပင်စာ အက်ဒမန်
အယ်လစ်ဇဗက် ခေတ်တွင် ထင်ရှားကျော်ကြားခဲ့သော ကဗျာစာဆိုများအနက် အက်ဒမန် ဆပင်စာသည် တစ်ဦးအပါ အဝင် ဖြစ်သည်။ ၁၅၅၂ ခုနှစ်တွင် လန်ဒန်မြို့၌ ဖွားမြင်ခဲ့ သည်။ 'မားချင့်တေလာကျောင်း'မှ တစ်ဆင့် ကိန်းဘရစ်ချ် တက္ကသိုလ်ကျောင်းသို့ ကူးပြောင်း၍ ပညာသင်ယူခဲ့၏။ ၁၅၇၉ ခုနှစ် ကျောင်းမှထွက်စတွင် ဆပင်စာသည် 'သရှက်ပတ် ကယ် လင်ဒါ' ခေါ်ကဗျာကို သူ၏မိတ်ဆွေ ဆာ ဖိလစ် ဆစ်ဒနီအား ရည်ညွှန်းလျက် ရေးသားခဲ့၏။
ဆာဖိလစ်၏ ဦးရီးတော် လက်စတာမြို့စား၏ အကူအညီဖြင့် ၁၅၈ဝ ပြည့်နှစ်တွင် အိုင်ယာလန် ပြည်ဘုရင်ခံ၏ အတွင်းဝန် အဖြစ် ခန့်အပ်ခြင်းခံခဲ့ရသည်။ အိုင်ယာလန်ပြည်တွင် ပုန်ကန် ထကြွမှုများ ပေါ်ပေါက်လာသောအခါ၊ 'အိုင်ယာလန်ပြည်၏ လက်ရှိအခြေအနေနှင့် ကျွနုပ်၏အမြင်' ခေါ်စာစောင်မှာ အယ်လစ်ဇဗက် ခေတ်အိုင်ယာလန်ပြည်ကို ဖိနှိပ်သောဝါဒအား အကျိုးပြုသော စာစောင်ဖြစ်လေရာ၊ ဆပင်စာသည် ကော့ခရိုင် တွင် မြေဧက ၃ဝဝဝ နှင့် ကီလကိုမန် ရဲတိုက်ကို ဆုလပ် အဖြစ်ဖြင့် ချီးမြှင့်ခြင်းခံ ရလေသည်။
ဆပင်စာအား ကျော်စောထင်ရှားလာစေသော ကဗျာမှာ အခန်း ၁၂ ခန်းဖြင့် ဖွဲ့ဆိုသီကုံးသော 'ဖယ်ရီကွင်း'ဟူသော လင်္ကာကြီး ဖြစ်ပေသည်။ ထိုလင်္ကာ၏ ဖွဲ့ပုံဖွဲ့နည်းတို့မှာ ကဏ္ဏသုခ ဖြစ်စေသောကြောင့်၊ အင်္ဂလိပ်ကဗျာ စာဆိုအပေါင်း က ဆပ်ငစာကို ကဗျာစာဆိုတို့၏ ကဝိဟု အသိအမှတ်ပြုကြ သည်။ ထိုလင်္ကာကြီးကို ဆပင်စာသည် အိုင်ယာလန်ပြည်၌ နေထိုင်စဉ် ရေးသားစီကုံး၍၊ ဆာဝေါ်လတာရော်လီ၏ အကူ အညီဖြင့် အယ်လစ်ဇဗက်ဘုရင်မ၏ ရှေ့မှောက်သို့ဝင်ရောင်၍ ယင်းလင်္ကာကြီးကို ဆက်သခွင့်ရခဲ့သည်။ ခရစ် ၁၅၉ဝ ပြည့် နှစ်တွင် လန်ဒန်မြို့၌ ရိုက်နှိပ်ထုတ်ဝေခဲ့သည်။
ဆပင်စာသည် ၁၅၉၄ ခုနှစ်တွင် အယ်လစ်ဇဗက် ဗွိုင်းနှင့် လက်ထပ်ထိမ်းများ၍၊ ကီလကိုမန်ရဲတိုက်၌ ဆက်လက် နေထိုင် ခဲ့သည်။ သို့သော် အိုင်ယာလန်ပြည်နှင့် စပ်လျဉ်းသော သူ၏ ပြင်းထန်သည့် ဖိနှိပ်ရေးအယူအဆတို့ကြောင့် အိုင်ရစ်သူပုန်များ ထကြွလာသောအခါ၊ ဆပင်စာသည် သူ၏ဇနီးနှင့်အတူ လက် လွတ်ထွက်ပြေးရသည်။ နေထိုင်ရာ ရဲတိုက်မှာလည် သူပုန်တို့ မီးတင်ရှို့ဖျက်ဆီးခြင်းကို ခံရသည်။ သူပုန်ရန်မှ ထွက်ပြေး တိမ်းရှောင်၍၊ လန်ဒန်မြို့သို့ ပြန်ရောက်ပြီး တစ်လမျှအကြာ တွင်၊ ၁၅၉၉ ခုနှစ် ဇန္နဝါရီလ ၁၃ ရက်နေ့၌ ဆပင်စာ ကွယ်လွန်အနိစ္စရောက်လေသည်။ သူ၏ရုပ်ကလာပ်ကို ဝက်စမင်စတာ အက်ဗေးတွင် သင်္ဂြီုဟ်မြှုပ်နှံထားသည်။[၁]
ကိုးကား[ပြင်ဆင်ရန်]
- မြန်မာ့စွယ်စုံကျမ်း၊ အတွဲ(၄)",4.0,2.0,3.0,4.0,3.0,"The text is a biographical summary of Edmund Spenser, suitable for educational purposes. It provides historical facts and context in a coherent, structured manner. It is written in natural Burmese, reflecting the style of an encyclopedia entry, though it lacks complex analytical reasoning or deep cultural nuance beyond standard biographical reporting."
<urn:uuid:ef04684b-e7fd-4498-a1c5-4bd694635b98>,"ကျောက်ဖရုံသီးမှာ ဗီတာမင် B1,B3, C ပါဝင်ပြီး သတ္တုဓါတ်တွေဖြစ်တဲ့ ကယ်လ်ဆီယမ်၊ ဆိုဒီယမ်၊ ဇင့်စ်၊ သံဓါတ်၊ ဖော့စ်ဖောရပ်စ်၊ မဂ္ဂနစ်၊ ကြေးနီ၊ မဂ္ဂနီဆီယမ်၊ ဆယ်လီနီယမ်နဲ့ ပိုတက်ဆီယမ်ဓါတ်တွေပါဝင်ပါတယ်။ ပိုတက်ဆီယမ်ဓါတ်ပါဝင်မှုမြင့်မားလို့ သွေးဖိအားကို ထိန်းထားပေးနိုင်ပါတယ်။ ရေဓါတ် ၉၆% ပါဝင်တဲ့အသီးဖြစ်ပါတယ်။
ကိုယ်ခံအားစနစ်ကောင်းမွန်စေခြင်း
ဗီတာမင် C ပါဝင်လို့ ကိုယ်ခံအားစနစ်ကိုမြင့်တင်ပေးနိုင်ပြီး အအေးမိဖျားနာခြင်းတွေ ဗိုင်းရပ်စ်ပိုး အလွယ်တကူကူးစက်ခြင်းကနေ ကာကွယ်ပေးနိုင်ပါတယ်။
လေဖြတ်နိုင်ချေကို လျှော့ချပေးခြင်း
ဗီတာမင် C ပမာဏများများစားသုံးတဲ့သူတွေဟာ လေဖြတ်နိုင်ချေကို ၄၂% ထိလျှော့ချပေးပါတယ်။ ကျောက်ဖရုံသီးမှာ ဗီတာမင် C ၁၉.၁၁% ပါဝင်ပြီး လေဖြတ်နိုင်ချေကိုလျှော့ချပေးနိုင်ပါတယ်။
ခေါင်းကိုက်ခြင်းကို သက်သာစေခြင်း
ဗီတာမင် B2 ပါဝင်လို့ ခေါင်းကိုက်ဝေဒနာကို သက်သာပျောက်ကင်းစေပါတယ်။ ခေါင်းတခြမ်းတည်းမကြာခဏကိုက်တာဟာ ဗီတာမင် B2 စားသုံးမှုနည်းပါးလို့ဖြစ်ပြီး ကျောက်ဖရုံသီးမှာ ဗီတာမင် B2 ပါဝင်လို့ ခေါင်းကိုက်ဝေဒနာဖြစ်ပွားခြင်းကနေကာကွယ်ပေးပါတယ်။
မျက်လုံးကျန်းမာရေး
ဗီတာမင် B2 ဟာ မျက်လုံးကို ကျန်းမာအားကောင်းစေပါတယ်။ မျက်လုံးေ၀၀ါးတာ အမြင်အာရုံေ၀၀ါးခြင်းကို ကာကွယ်ပေးနိုင်ပါတယ်။
စွမ်းအင်ပြည့်ဝစေခြင်း
အာရုံကြော ဦးနှောက် အစာချေစနစ် ဟော်မုန်း လုပ်ဆောင်မှုတွေအတွက် လိုအပ်တဲ့ ဗီတာမင် B ပါဝင်ပါတယ်။ ဒါ့ကြောင့်လည်း စွမ်းအင်ပြည့်ဝစေပါတယ်။
အစာချေစနစ်
အစာချေစနစ်ကိုကောင်းမွန်စေတဲ့ အမျှင်ဓါတ်တွေကြွယ်ဝစွာပါဝင်ပါတယ်။ အစာချေလမ်းကြောင်းကို သန့်စင်ပေးနိုင်လို့ အူမကြီးကင်ဆာ ဖြစ်ပွားမှုကနေ ကာကွယ်ပေးနိုင်ပါတယ်။
နှလုံးကျန်းမာရေး
အမျှင်ဓါတ်တွေဟာ ကိုလက်စထရောနဲ့ အဆီစုပ်ယူမှုကို လျှော့ကျစေလို့ ခန္တာကိုယ်အတွင်းက ကိုလက်စထရောတွေကိုလည်း သန့်စင်ပေးနိုင်ပါတယ်။ ဒါ့ကြောင့်လည်း နှလုံးကို ကျန်းမာစေပါတယ်။",4.0,2.0,2.0,5.0,3.0,"The text provides clear, structured health benefits of wax gourd, suitable for general education. It uses basic causal reasoning to link nutrients to health outcomes. The language is natural Burmese, using appropriate terminology for health and nutrition, and is free of noise or formatting issues, making it a clean and informative resource."
<urn:uuid:d2668075-467d-4aab-95db-7d52f0a4b75f>,"ဟက်ဇ်
|Hertz|
|အတိုင်းအတာစနစ်||SI derived unit|
|ယူနစ်၏||ကြိမ်နှုန်း|
|သင်္ကေတ||Hz|
|အမည်ပေး||ဟိန်းနရစ်ချ် ဟတ်ဇ်|
|In SI base units||s−1|
ဟက်ဇ် (သင်္ကေတ - Hz) သည် ကြိမ်နှုန်း (frequency) ၏ ယူနစ် ဖြစ်သည်။ ၎င်းယူနစ်သည် SI ယူနစ် ဖြစ်သည်။ ဟိန်းနရစ်ချ် ဟတ်ဇ် (Heinrich Rudolf Hertz) ၏ အမည်မှ ဤယူနစ် ဖြစ်ပေါ်လာခြင်း ဖြစ်သည်။ Heinrich Rudolf Hertz သည် လျပ်စစ်သံလိုက်လှိုင်းများ၏ ဖြစ်တည်မှုကို တွေ့ရှိခဲ့သည့် ပထမဆုံးပုဂ္ဂိုလ် ဖြစ်သည်။ Hetz ကို kilohertz (103Hz, kHz), megahertz (106Hz, MHz), gigahertz (109Hz, GHz), terahertz (1012Hz,THz), petahertz (1015Hz, PHz), and exahertz (1018Hz, EHz) စသည်ဖြင့် အမျိုးမျိုး ဖော်ပြသုံးစွဲလေ့ ရှိသည်။
အချို့သော ယူနစ်များသည် sine waves နှင့် ဂီတဆိုင်ရာ tones များကို ဖော်ပြရန် အသုံးပြုသည်။ အထူးသဖြင့် ရေဒီယိုနှင့် အသံဆိုင်ရာတို့တွင် ဖော်ပြသုံးစွဲလေ့ရှိသည်။ ထို့ပြင် ကွန်ပျူတာနှင့် အခြားသော လျှပ်စစ်ပစ္စည်းများ၏ အလုပ်လုပ်ဆောင်နိုင်စွမ်းကို ဖော်ပြရန်အတွက်လည်း အသုံးပြုသည်။
ကွန်ပျူတာ[ပြင်ဆင်ရန်]
ကွန်ပျူတာများတွင် CPU ၏ Clock rate ကို ဖော်ပြရာတွင် hertz ဖြင့် ဖော်ပြသည်။",4.0,1.0,2.0,4.0,1.0,"The document provides clear, educational definitions of the Hertz unit and its applications. It is well-structured and clean, though it lacks complex reasoning or deep cultural nuance. It functions as a standard encyclopedic entry, making it accessible to a general audience while maintaining factual accuracy."
<urn:uuid:10b02ef9-878a-489c-bc2f-1f0e56d487cb>,"ဘိက္ခုနီ
ဘိက္ခုနီဟူသော အမည်သည် ပါဠိအမည်ဖြစ်၏။ မြန်မာပြန်ဆိုလျှင် ရဟန်းမိန်းမဟု အဓိပ္ပာယ်ရ၏။
ထိုရဟန်းမိန်းမ ကား မြတ်စွာဘုရား လက်ထက် တော်ကပင် ရှိခဲ့၏။ မိထွေးတော် ဂေါတမီသည် သာကီဝင် မင်းသမီး ငါးရာနှင့်တကွ ရှေးဦးစွာ ရဟန်းပြု၏။ နောက် အဆင့်ဆင့် ပွားများလာ၍ သာသနာ တော်တွင် ရဟန်းမိန်းမ သာသနာ ရဟန်းမိန်းမသံဃာဟု သီးခြားဖြစ်လာသည်။ ထိုစဉ်အခါက မဇ္ဈိမဒေသတွင် ရဟန်းမိန်းမတို့သည် အလွန်များကုန်၏။
သာသနာနှစ် ၂၃၅ ခုသို့ရောက်သောအခါ အရှင်မဟာမောဂ္ဂလိ ပုတ္တတိဿ မထေရ်သည် တတိယ သင်္ဂါယနာတင်ကြီး ကိုးတိုင်းကိုးဌာနသို့သာသနာပြု စေလွှတ်တော်မူရာ အရှင်မဟိန္ဒမထေရ်သည် သီဟိုဠ်ကျွန်းသို့ သာသနာပြု ကြွတော်မူ၏။ ထိုအခါ အနုဋ္ဌာဒေဝီသည် သတို့သမီးငါးရာ၊ နန်းတွင်းသူ ငါးရာအားဖြင့် နောက်ပါ မိန်းမတစ်ထောင်နှင့်တကွ ရဟန်းပြုသဖြင့် သီဟိုဠ်ကျွန်း၌ ရဟန်းမိန်းမ သာသနာပြန့်ပွားထွန်းကားခဲ့သည်။
အရှင်ယောနက ဓမ္မရက္ခိတ မထေရ်သည် မြန်မာနိုင်ငံ အထက်ပိုင်း အပရန္တတိုင်း ( သုနာပရန္တတိုင်း ) သို့သာသနာ ပြု ကြွလာတော်မူ၏။ ထိုအခါ အမျိုးသမီး ခြောက်သောင်းတို့ သည် ရဟန်းပြုသဖြင့် အပရန္တတိုင်း၌ ရဟန်းမိန်းမ သာသနာ ပြန့်ပွားထွန်းကားခဲ့သည်။
အရှင် သောဏမထေရ်နှင့် အရှင်ဥတ္တရ မထေရ်တို့ သည် မြန်မာနိုင်ငံ အောက်ပိုင်း သုဝဏ္ဏဘူမိတိုင်း သထုံပြည် သို့သာသနာပြု ကြွလာတော်မူကြ၏။ ထိုအခါ အမျိုးသမီး တစ်ထောင့်ငါးရာ တို့သည် ရဟန်းပြုကြသဖြင့် ရဟန်းမိန်းမ သာသနာ ပြန့်ပွားထွန်းကားခဲ့သည်။ ( အခြားဌာနတို့၌ ရဟန်း မိန်းမ သာသနာ ပြန့်ပွားထွန်း ကားခြင်း မရှိ၊ ရဟန်း ယောကျာ်း သာသနာသာ ပြန့်ပွားထွန်းကားခဲ့သည်။ )
ဤသို့မြန်မာနိုင်ငံ အထက်ပိုင်း၊ အောက်ပိုင်းတို့၌ သာသနာနှစ် ၂၃၅ ခုလောက်က ပြန့်ပွားထွန်းကား ခဲ့သော် လည်း သာသနာနှစ် ၁၆ဝ၁ ခုတွင် ပုဂံပြည် နော်ရထာ မင်းစောသည် သထုံပြည်သို့ချီတက်၍ ပိဋထကတ် တော်တို့ကို ပင့်သောအခါ၌ ဓာတ်တော်မွေတော် ပိဋထကတ်တော်အစုံ သုံးဆယ်နှင့် ပိဋထကတ်ကျမ်းဂန် တတ်မြောက်သော အရိယာ သံဃာတော် တစ်ထောင်တို့ကို ပင့်ဆောင်သည်ဟုမဟာရာဇဝင် ကြီးနှင့် သာသနာလင်္ကာရ၌ အဆို ရှိသဖြင့် ထိုစဉ်အခါက ရဟန်းမိန်းမ မပါလာသည့်ပြင် ပုဂံပြည်၌ ရဟန်းယောကျာ်း များပင် အဆက်ပြတ်၍ မရှိ တော့ကြောင်း ထင်ရှားသည်။
ထိုအတွက် မဇ္ဈိမဒေသ၌ ရဟန်းမိန်းမ သာသနာသည် နှစ်ပေါင်းမည်မျှလောက် တည်ရှိ၏ဟု ခန့်မှန်း နိုင်သော်လည်း မြန်မာနိုင်ငံ၌ကား နှစ်ပေါင်း တစ်ထောင် သို့မဟုတ် တစ်ထောင်ကျော်မျှလောက်သာ တည်ရှိ လိမ့်မည်ဟု ခန့်မှန်း နိုင်သည်။ ပိဋကတ်ကျမ်းဂန် တတ်မြောက်သော ဆရာတော် ကြီးတို့ကလည်း ရဟန်းမိန်းမ သာသနာကား နှစ်ပေါင်း တစ်ထောင်လောက်သာ တည်ရှိ၏ဟု အမိန့်ရှိသည်ကို ကြားရ ဘူး၏။[၁]
ဂရုဓံရှစ်ပါး[ပြင်ဆင်ရန်]
မြတ်စွာဘုရားသည် ရဟန်းမများအတွက် ပညတ်ထားသည့် ဂရုဓံရှစ်ပါး ဖြစ်သည် —
(၁) ရဟန်းမသည် ဝါတစ်ရာပင်ရသည်ဖြစ်စေ ယနေ့မှဖြစ်သော ရဟန်းသစ်ကို ရှိခိုးရမည်။ ခရီးဦး ကြိုဆိုရမည်။ လက်အုပ်ချီရမည်။ အရိုအသေပေးရမည်။
(၂) ယူဇနာဝက်အတွင်း၌ ရဟန်းတစ်ပါးမှ မရှိသော ကျောင်းတွင် ဝါမဆိုရ။
(၃) ရဟန်းသံဃာထံသို့ လပြည့်လကွယ်နေ့တိုင်း ဥပုသ်အမေး သွားရမည်။ ဩဝါဒခံယူရန် သွားရမည်။
(၄) ဝါကျွတ်ပြီးသော ရဟန်းမသည် ရဟန်းနှင့် ရဟန်းမ သံဃာနှစ်ရပ်လုံး၌ ကိုယ်တိုင်သိမြင်သော၊ တစ်ဆင့်ကြားသော၊ ယုံမှားသင်္ကာရှိသော အပြစ်အာပတ်များကို ထုတ်ဖော်ပြောဆိုရန် ပန်ကြားရမည်။
(၅) ဂရုက အာပတ်ကြီးများသင့်သော ရဟန်းမသည် သံဃာနှစ်ရပ်လုံး၌ ပက္ခမာနတ် ကျင့်ရမည်။
(၆) ဝိကာလ ဘောဇနတိုင်အောင် သိက္ခာပုဒ်ခြောက်ခုကို နှစ်နှစ်တိုင်တိုင် ကျင့်ခဲ့ပြီးသော သိက္ခာမာန်ကို သံဃာနှစ်ရပ်၌ ရဟန်းခံနိင်ရန် ကြိုးစားအားထုတ်ရမည်။
(၇) မည်သို့သော အကြောင်းရှိသည်ဖြစ်စေ ရဟန်းမသည် ရဟန်းကို မဆဲရေးရ၊ ရေရွတ်တိုင်းထွာခြင်း မပြုရ။
(၈) ရဟန်းမတို့က ရဟန်းတို့အပေါ် ပြောဆိုခွင့် မရှိပေ။ ရဟန်းမများအပေါ်တွင်ကား ရဟန်းတို့က ပြောခွင့်ရှိသည်။[၂]
ကိုးကား[ပြင်ဆင်ရန်]
- မြန်မာ့စွယ်စုံကျမ်း၊ အတွဲ(၈)
- ဝဏ္ဏသီရိ. ညီတော်အာနန္ဒာ၏ တစ်သက်တာမှတ်တမ်း, ပထမတွဲ။",4.0,3.0,3.0,4.0,5.0,"The text provides a clear, historical, and religious overview of the Bhikkhuni order in Myanmar. It is well-structured, uses formal Burmese, and cites reliable sources like the Myanmar Encyclopedia. It is highly educational and culturally authentic, though it functions more as an informative summary than a complex analytical piece."
<urn:uuid:fe75d3a2-d1df-4432-abe0-498ad0c57598>,"အားလုံးပဲမင်္ဂလာပါ။ ဒီနေတော့ အပြင်မှာခဏခဏထွက်စားခြင်းရဲ့ အမှန်တကယ်ကုန်ကျစရိတ် ဆိုတာတွေးနိုင်အောင်ပြောပြပါမယ်။ အခုခေတ်မှာ အပြင်မှာသွားစားလို့ရတဲ့စားသောက်ဆိုင်တွေ ပေါများလာပါတယ်။ မနက်နေ့လည်ညနေစာတွေကို အားလုံးဝယ်စားသွားနိုင်ပါတယ်။ အပြင်မှာ ဝယ်စားရခြင်းဟာ အိမ်မှာ ချက်ပြုတ်ရတာထက် လွယ်ကူလျှင်မြန်တယ်။ အလုပ်များနေချိန်/မအားချိန်မှာ ထမင်းဟင်းအိမ်မှာချက်ပြီး ပန်းကန်ဆေးရှင်းလင်းဖို့ထက် ပိုလက်တွေ့ကျတယ်လို့ထင်စရာပါဘဲ။
တစ်ပတ်မှာ ၁၀ ကြိမ်ထွက်စားတယ်။ တစ်ယောက်ထဲဝယ်စားတယ်။ အပေါင်းအသင်းတွေခေါ်လို့သွားတယ်။ သူငယ်ချင်းနဲ့တွေ့ဆုံအောင်ထွက်စားတယ် စသည်ဖြင့်အမြဲတမ်း အပြင်ကပဲဖြစ်နေဖို့ ရှိကြပါတယ်။ တစ်ခါစားရင် အနည်းဆုံး ၃၀၀၀ ကနေ ၅၀၀၀ ကျပ်။ ဒါတောင်အရက်တွေဆေးလိပ်တွေအတွက် ထည့်မတွက်ထားဘူး။ တစ်နှစ်ဆိုရင် အတွင်း ၁ သိန်းခွဲကနေ ၃ သိန်းနည်းပါသုံးနေပြီ။ အဲဒါကကိုယ့်တစ်လစာရဲ့ လစာ တဝက်စာအထိ ရှိနေနိုင်တယ်ဆိုတာသတိထားမိလား။
စားသောက်ဆိုင်ဆိုတာကလည်း စီးပွားရေးလုပ်ငန်းဖြစ်တဲ့အတွက် ကုန်ကျစရိတ်အမှတ်အသားတက် ပိုယူထားတာတွေရှိပါတယ်။ အစားအစာတစ်ပွဲဆိုရင် တကယ်ကုန်ကျတာက ၁၀၀၀ ကျပ် ဝယ်စားသူကပေးလိုက်ရတာက ၃၀၀၀ ကျပ် ရှိနိုင်ပါတယ်။ အိမ်မှာချက်စားတာနဲ့တော့ အရသာမတူနိုင်ပေမယ့် ၃ ဆ လောက်အထိပိုပေးရဖို့ ဖြစ်နိုင်တယ်။ ပြီးတော့ဝန်ဆောင်ခနဲ့ ထပ်တိုးအခွန်ခတွေလဲပေးရပါအုံးမယ်။
ပမာဏအများကြီးမဟုက်သော်လည်း သင်က သင်တန်းတက်ချင်နေတာတွေ၊ ငွေစုပြီး ကိုယ်ပိုင်အလုပ်အသေးစားစတင် တည်ထောင်ချင်နေတာတွေ၊ အလုပ်အပြောင်းအလဲရှာချင်ပေမယ့် အလုပ်ရပ်ရင်ငွေမရှိတဲ့အတွက်အချိန်မပေးနိုင်တတွေ၊ မိသားစုကို နှစ်စဉ်ထောက်ပံ့ပေးချင်တာတွေ၊ အရေးပေါ်ကိစ္စတွေအတွက် ငွေဖယ်ထားချင်တာတွေမှာ အပြင်မှာကုန်ကျမယ့်ငွေတွေကို စုဆောင်းလို့ရပါတယ်။ ဒါကြောင့် အမြဲတန်းအပြင်မှာ ထွက်မစားပဲ တခြားနည်းလမ်းရှာဖွေကြည့်လိုက်ပါ။ တစ်ပတ် ၁၀ ခါသွားဖြစ်နေရင် ၃-၄ ခါပဲသွားကြည့်ပါ။ အရောင်းလျှော့ ဈေးမြှင့်တင်ရေးပုံစံမျိုးတွေပြုလုပ်နေတဲ့ဆိုင်တွေကို ရှာပြီးထွက်စားပါ။ ကိုယ့်လက်ထဲမှာလစာရပြီးရင် ချက်ချင်းမကုန်ပဲ ပိုကျန်နေတာတွေ့ပါလိမ့်မယ်။ တစ်ချိန်ချိန်မှာ ဒီလိုစုထားနိုင်တဲ့ငွေဟာ သင့်အနာဂတ်အတွက် ပြန်အသုံးဝင်မှာပါ။
လူငယ်တွေအများစုပြောကြတယ်။ ဘာရှေ့ဆက်လုပ်ရမလဲလမ်းပျောက်နေတယ်။ အလုပ်မှာလဲမပျော်ဘူး။ ထွက်လိုက်ရင်လဲစုထားတဲ့ငွေမရှိ မိသားစုကိုလဲပေးဆပ်ဖို့ရှိတဲ့အတွက် ဘဝမှာတစ်နေတယ်လို့ခံစားရတယ်။ ဒီလိုအသုံးစရိတ်လျှော့နိုင်မယ်ဆိုရင် ဒါတွေဟာသင့်အတွက်လမ်းတစ်ခုခုဖွင့်ပေးနိုင်တဲ့အတွက် (ဥပမာအားဖြင့် တခြားအသက်မွေးဝမ်းကြောင်းသင်တန်းခတွေ အိမ်ဆိုင်လေးဖွင့်တာ online shopping စလုပ်တာ ၊ဖုန်းကဒ်အရောင်းအဝယ်လုပ်တာ စသည်ဖြင့် အသေးစားလုပ်ငန်းလေးတွေအတွက် အရင်းအနှီးလေးတွေ ဖြစ်နိုင်လာနိုင်ပါတယ်။ အပြင်မှာထွက်စားရင် ပိုက်ဆံကုန်ကျရုံတင်မကပါဘူး တခြားအကျိုးဆက်အနေနဲ့ကုန်ကျနိုင်တဲ့ ကုန်ကျစရိတ်တွေရှိနေတယ်ဆိုတာ သိကြဖို့ ပြောပြတာဖြစ်ပါတယ်။
ကျပ် ၃၀၀၀ တန် bubble tea ကိုနေ့တိုင်းဝယ်သောက်ရင် တစ်နှစ်ကြာတဲ့အခါ ၁၀ သိန်းမကသုံးဖြစ်နေပြီဆိုတာ စိတ်ထဲမှာမှတ်ထားဖို့ပြောရင်းနဲ့အဆုံးသတ်ပါရစေ။ မလိုအပ်တဲ့ နေရာတွေမှာ ငွေကြေးကို မကုန်ကျစေခြင်းအားဖြင့် အပိုငွေတွေကို စုဆောင်းထားနိုင်ကြပါစေ။ စာဖတ်သူ အားလုံး အသုံးစရိတ်ကုန်ကျမှုတွေကို အစဥ်အမြဲ သတိထားနိုင်ကြပါစေ။
Source: Mother Finance",4.0,3.0,2.0,5.0,4.0,"The text provides practical financial advice relevant to daily life in Myanmar. It uses logical arguments to connect spending habits with long-term financial goals. The language is natural, culturally appropriate, and well-structured, making it accessible to a general audience while offering actionable insights for personal finance management."
<urn:uuid:960cf517-7c67-4e40-aad8-be8dfaa8d9f0>,"တိုင်းဂရစ်မြစ်
တိုင်းဂရစ်မြစ်သည် မိုင်ပေါင်း ၁၁၅၀ မျှရှည်လျားသည်။ မိုဆူမြို့မှ အောက်သို့ ၂၁ ရာသီပတ်လုံး သဘေင်္ာများ ဆန် တက်သွားလာနိုင်၏။ အာရှတိုက်အနောက်ပိုင်းရှိ ကူးဒစ္စ တန်တောင်တန်းများမှာ မြစ်ဖျားခံ၍ စီးဆင်းခဲ့ရာ မြစ်ညာတွင် အရှေ့ဘက်မှစီးဝင်သော မြစ်လက်တက်များ၏ ရေလုံးအားကြီး သဖြင့် ရေစီးသန်၏။
ထိုနောက် ကော်နာမြို့တွင် ယူဖရေးတီး မြစ်နှင့် ပေါင်းဆုံကာ ရှက်တတယ်အာရပ်အမည်ဖြင့် ပါရှင်း ပင်လယ်ကွေ့ထဲသို့ စီးဝင်လေသည်။ ရှေးခေတ်က ဗက်ဗီလုံးနှင့် အဆီးရီးယန်း အင်ပိုင်ယာနိုင်ငံကြီးများတွင် ထင်ရှား ခဲ့သော မြစ်ဖြစ်၍ ရှေးဟောင်းမြို့ကြီးများမှာ ဤမြစ်ပေါ်၌ တည်ရှိခဲ့၏။
ယခုခေတ် မြို့ကြီးများဖြစ်သော ဗာဆရာ၊ ဗဂ္ဂဒက်နှင့် မိုဆူစသော မြို့ကြီးများသည်လည်း ဤမြစ်ကမ်းပေါ်တွင် တည် ရှိလေသည်။ ပထမ ကမ္ဘာစစ်ကြီးအတွင်းတွင် ဂျာမန်တို့က တိုင်းဂရစ်မြစ်နှင့် ယူဖရေးတီး မြစ်နှစ်သွယ်ကြားရှိ မြေဩဇာ ကောင်းသောနယ်ကို သိမ်းပိုက်ရန်ကြိုးစားသဖြင့် ဗြိတိသျှတို့က ဝင်ရောက်သိမ်း ပိုက်ခဲ့၇လေသည်။ ရှေးခေတ်မှစ၍ ယနေ့တိုင် အောင်ပင် ဤမြစ်မှရေကို တူးမြောင်းများဖြင့် သွယ်ယူ၍ ကောက်ပဲသီးနှံများကို စိုက်ပျိုးကြလေသည်။
ကိုးကား[ပြင်ဆင်ရန်]
မြန်မာ့စွယ်စုံကျမ်း အတွဲ ၅။",4.0,2.0,3.0,4.0,3.0,"The text provides a clear, educational overview of the Tigris River, suitable for middle-school geography. It uses natural Burmese, references the Myanmar Encyclopedia, and maintains a formal, informative tone. It lacks complex multi-step reasoning but is well-structured and free of significant noise, despite the minor 'edit' boilerplate at the end."
<urn:uuid:7b28b79f-c6fc-48f5-8aa1-dba838fa93db>,"ပိုက်ဆံဟာ ကျွန်တော်တို့နေ့စဉ်ဘဝအတွက် မရှိမဖြစ်အရာပါ။ အမြဲတမ်းသုံးစွဲနေရတဲ့ ဒီပိုက်ဆံကို မှန်မှန်ကန်ကန် အသုံးချတတ်ဖို့ လိုအပ်ပါတယ်။ ဒီလိုမှ မဟုတ်ရင်တော့ ပေါ်သမျှအသစ် အ သစ်သော အရာတွေကို ဝယ်ယူရင်း သင်ဟာ ငွေကြေးဆိုင်ရာ သောက တွေများလာရမှာ ဧကန်ပါပဲ။
ဒီတော့ ကျွန်တော်တို့ရဲ့ ပိုက်ဆံတွေကို ဘယ်နေရာမှာ သုံးသင့်ပြီး ဘယ်နေရာမှာ မသုံးသင့်ဘူးလဲ။ပိုက်ဆံကို အရမ်းမသုံးသင့်တဲ့နေရာ(၅)မျိုးကတော့ –
၁။ အီလက်ထရောနစ် ပစ္စည်းများ –
ယနေ့အခါ အီလက်ထရောနစ်ပစ္စည်းတွေဟာ ကျွန်တော်တို့ဘဝတွေအတွက် မရှိမဖြစ်အရာတွေပဲ ဖြစ်ပါတယ်။ ဒါပေမယ့် ဒီပစ္စည်းတွေကို လိုအပ်တာထက် ပိုပြီး မဝယ်ယူသင့်ပါဘူး။
နေ့တိုင်းနေ့တိုင်း အသစ်အသစ်တွေ ထွက်ရှိလာတာကြောင့်ပဲဖြစ်ပါတယ်။ ဒီတော့ အသစ်တွေထွက်တိုင်း မဝယ်ယူပဲ သင့်တော်တဲ့ပစ္စည်းတွေကို ဝယ်ယူရင်း အချိန်တစ်ခုထိသုံးသင့်ပါတယ်။
၂။ အိမ်အလှဆင် ပစ္စည်းများ –
လူတိုင်းကတော့ကိုယ်အိမ်လေးကိုလှချင်ကြတာပါပဲ။ ဒါပေမယ့်အခြားသူတွေရဲ့အပြင်အဆင်တွေကိုတွေ့တိုင်း၊ စာအုပ်တွေထဲမှာမြင်ရတိုင်း လိုက်လံပြောင်းလဲဖို့တော့ မကြိုးစားသင့်ပါဘူး။ တော်ရုံပဲ အသုံးပြုသင့်ပါတယ်။
၃။ Fancy လက်ဝတ်ရတနာများ –
လက် ပတ်နာရီနဲ့အခြား Fancy လက်ဝတ်ရတနာတွေဟာ လည်းနေ့စဉ်ဘဝအတွက် လိုအပ်ပါတယ်။ ဒါပေမယ့် ဒီအရာတွေကိုလည်း ချင့်ချိန်ပြီးမှ ဝယ်ယူသင့်ပါတယ်။
၄။ အသစ်အသစ်သော fashion ပစ္စည်းများ –
အရာအရာတိုင်းအသစ်အသစ်တွေထွက်နေသလိုဒီ fashion အသုံး အဆောင်တွေဟာလည်းပိုလို့တောင်ထွက်ရှိနေပါသေးတယ်။သဘောကျတိုင်း၊အသစ်ထွက်တိုင်း အလွန်အမင်း ဝယ်ယူဖို့ မသင့်ပါဘူး။
၅။ ကားများ –
ကားတွေဟာလည်းအလွန်အမင်းဝယ်ယူသင့်တဲ့အရာထဲမှာမပါပါဘူး။ဒီနေ့ဝယ်လိုက်တဲ့ကားဟာမနက်ဖြန်မှာမော်ဒယ်အောက်သွားပါပြီ။ ကိုယ်ဝယ်စဉ်ကဈေးကြီးကြီးပေးဝယ်ခဲ့တဲ့ဒီအရာတွေဟာမစီးချင်လို့ပြန်ရောင်းတဲ့အခါမှာအလွန်အမင်းဈေးကျသွားတာ အားလုံးသိတဲ့အတိုင်းပါပဲ။ ဒါကြောင့် ဒီအရာတွေအတွက်လည်း ငွေအရမ်းကြီး မသုံးသင့်ပါဘူး။
ပိုက်ဆံသုံးသင့်တဲ့အရာ(၅)မျိုးကတော့ –
၁။ ပညာရေး –
ကျွန်တော်တို့ဘဝတွေ တစ်ဆင့်ကနေ တစ်ဆင့်တိုးတက်ဖို့ အတွက် ကိုယ်နဲ့သက်ဆိုင်တဲ့ပညာ အသီးသီးကို ကျွန်တော်တို့လိုအပ်ကြပါတယ်။ တစ်ချို့သင်တန်းတွေဟာ ဈေးကြီးတယ်လို့ ထင်ရပေမယ့် ကိုယ့်အတွက်လိုအပ်တယ်ဆိုရင်တက်သင့်ပါတယ်။ ဒီနေရာမှာတော့ ပိုက်ဆံကိုချွေတာနေဖို့မလိုအပ်ပါဘူး။
၂။ ခရီးသွားခြင်း –
ခရီးတစ်ခုသွားရင် ပိုက်ဆံတော်တော်ကုန်တတ်ပါတယ်။ ဒါပေမယ့် ဒီလိုခရီးထွက်ခြင်းက စိတ်ကိုအပန်းပြေစေတဲ့အပြင် ကုန်သွားတဲ့ပိုက်ဆံထက်ပိုပြီး တန်ဖိုးရှိတဲ့ လွတ်လပ်လန်းဆန်းခြင်းနဲ့ ဒေသန္တရ ဗဟုသုတတွေ၊အတွေးအခေါ်သစ်တွေကိုပါ ရရှိစေနိုင်တဲ့အတွက်ဒီနေရာမှာလည်း ပိုက်ဆံကိုသုံးဖို့လိုအပ်ပါတယ်။
၃။ ဂီတ –
ဂီတဆိုင်ရာတူရိယာ တစ်ခုခုတီးဖို့ သင်ကြားဖို့ပဲဖြစ် ဖြစ်၊သီချင်းခွေနဲ့အခြားဂီတဆိုင်ရာ ပစ္စည်းတွေ ဝယ်တဲ့နေရာမှာတော့ ပိုက်ဆံကိုသုံးသင့်ပါတယ်။ ကျွန်တော်တို့တတွေ အမြဲတမ်းအလုပ်ချည်းပဲ လုပ်နေလို့ မဖြစ်နိုင်ပါဘူး။
တစ်ခါတစ်ရံမှာတော့ စိတ်အပန်းပြေစေဖို့အတွက် ဂီတဟာ မရှိမဖြစ်လိုအပ်တဲ့အတွက်ကြောင့် ဒီနေရာမှာလည်း သင့်ပိုက်ဆံကို သုံးလိုက်ပါ။
၄။ စာအုပ်များ –
စာအုပ်တွေဟာ ရတနာတွေထက် ပိုပြီးတန်ဖိုးရှိပါတယ်။ဒီစာအုပ်တွေထဲကနေ ကျွန်တော်တို့အတွက် အဖိုးမဖြတ်နိုင်တဲ့ သုတ ရသ တွေကိုရရှိနိုင်တဲ့အတွက်ကြောင့်ပါ။ ဒါ့ကြောင့် တန်ဖိုးရှိတဲ့ စာအုပ်တွေဝယ်ဖို့အတွက်သင့်ရဲ့ငွေကိုသုံးလိုက်ပါ။၅။ ကျန်းမာရေး – ကျန်းမာရေးဟာ ကျွန်တော်တို့ဘဝအတွက် အရေးကြီးဆုံးအရာပဲဖြစ်ပါတယ်။ အဲ့ဒီတော့ ကျန်းမာရေးနဲ့ပါတ်သတ်တဲ့ သင်တန်းတစ်ခုခုတက်တာပဲဖြစ် ဖြစ်၊ဆေးဝါးနဲ့အခြားကျန်းမာစေမယ့် အစားအစာတွေစားတာပဲဖြစ်ဖြစ် ဝယ်ယူတဲ့နေရာမှာလည်း ပိုက်ဆံကိုအသုံးချသင့်ပါတယ်။",4.0,2.0,1.0,5.0,4.0,"The text provides practical, coherent advice on personal finance management suitable for a general audience. It uses natural Burmese phrasing and logical categorization. While the reasoning is straightforward rather than complex, it is well-structured, clean, and culturally relevant, offering sound life advice without requiring specialized technical expertise."
<urn:uuid:8dd9bad9-7b20-473b-9cc1-8dfe64a5ab82>,"ရော့ကီး တောင်တန်း
ရော့ကီးတောင်တန်းများသည် အမေရိကန်ပြည်ထောင်စု နှင့် ကနေဒါနိုင်ငံ တွင် ရှိသော တောင်တန်းများ ဖြစ်သည်။ ရော့ကီး တောင်တန်းများသည် အလာစကာ အနောက်မြောက်ဖက်မှ နယူးမက္ကဆီကို အထိ ဖြန့်ကျက် တည်ရှိပြီး မိုင်ပေါင်း ၃၀၀၀ကျော် (၄၈၀၀ ကီလိုမီတာကျော်) ရှည်လျားသည်။ ရော့ကီးသည် ပြတ်ရွေ့များ အချင်းချင်း တိုက်ခိုက်ခြင်းကြောင့် ဖြစ်ပေါ်လာသော တွန့်ခေါက်တောင်တန်းများ ဖြစ်သည်။ ရော့ကီးတောင်တန်းများသည် အနည်ကျကျောက် များဖြင့် ဖွဲ့စည်းထားသည်။ ရော့ကီးတောင်တန်းများတွင် အမြင့်ဆုံး တောင်ထိပ်မှာ အဲလ်ဘတ်တောင်ထိပ်ဖြစ်ပြီး ပင်လယ် ရေမျက်နှာပြင်ထက် ၁၄,၄၄၀ ပေ(၄၀၄၁ မီတာ) မြင့်ကာ အမေရိကန် နိုင်ငံ ကော်လိုရာဒို ပြည်နယ် တွင် တည်ရှိသည်။
ရော့ကီးတောင်တန်း[ပြင်ဆင်ရန်]
မြောက်အမေရိကတိုက် အနောက်ပိုင်းတွင် တောင်ကြီး တောင်ငယ် အသွယ်သွယ် နှင့် ဆီးနှင်းမပြတ် ဖုံးနေသော တောင်ထွတ်များပါဝင်သည့် တောင်တန်းရှည်ကို ရော့ကီး တောင်တန်းဟု ခေါ်သည်။ ရော့ကီးတောင်တန်းသည် တောင် ဘက်တွင် မက္ကဆီကိုနယ်စပ်မှ မြောက်ဘက်တွင် အလာစကာ ပြည်နယ်အထိ မိုင်ပေါင်း ၂၂ဝဝ ခန့် ရှည်လျား၍ အချို့နေရာ များ၌ မိုင် ၁ဝဝ ကျော် ကျယ်ပြန့်သည်။ ရော့ကီးတောင်တန်း နှင့် တောင်အမေရိကတိုက်ရှိ အန်းဒီးတောင်တန်းတို့သည် တောင်ဘက် ဟွန်းအငူမှ မြောက်ဘက် အာတိတ်စက်ဝိုင်းအထိ ရှည်လျားသောတောင်စဉ် တောင်းတန်း၌ အပါအဝင် ဖြစ်သည်။ ရော့ကီးတောင်တန်း တစ်လျှောက်တွင် အလွန်သာယာ သော ရှုခင်းများရှိသဖြင့် အမေရိကန်ပြည်ထောင်စုရှိ အမျိုးသား ဥယျာဉ်ခြံကြီး များစွာတို့ကို ထိုဒေသ၌ တွေ့ရသည်။ ယဲလိုး စတုန်း နေရှင်နယ်ပတ် နှင့် ကော်လိုရားဒိုးပြည်နယ်ရှိ ရော့ကီး မောင်းတိန်းနေရှင်နယ်ပတ်တို့မှာ ထင်ရှား၏။ ကိုလမ္ပီးယားမြစ်၊ မိဇူးရီ မြစ်၊ အာကင်ဆောမြစ်၊ ကော်လိုရားဒိုးမြစ်နှင့် ရီးအိုဂရန် ဒီမြစ်တို့သည် ရော့ကီးတောင်တန်းတွင် မြစ်ဖျားခံကြသည်။
ရော့ကီးတောင်တန်း တောင်ဘက်ပိုင်းတွင် မီးငြိမ်းတောင် များ ရှိသည်။ မြောက်ပိုင်းတွင် ရေခဲမြစ် များစွာ ရှိလေသည်။ ကော်လိုရားဒိုးပြည်နယ်တွင် တောင်နှင့်မြောက် ပြိုင်တန်းလျက် ရှိသော တောင်တန်းများစွာ ရှိသည်။ ထိုတောင်တန်းများ အကြား၌ မြက်ထူသော ချိုင့်ဝှမ်းများ ရှိ၏။ ပေပေါင်း ၁၂ဝဝဝ ခန့်မြင့်သော တောင်စောင်းတွင် တောင်ဆိတ်နှင့် သိုးများကို တွေ့ရသည်။ ရွှေ၊ ငွေ၊ ကြေးနီနှင့် ကျောက်မီး သွေး စသော တွင်းထွက်သတ္တုများကို တူးဖော်ရရှိသည်။ မက္ကဆီကိုနိုင်ငံတွင် ရော့ကီးတောင်တန်းသည် မက္ကဆီကို ပင်လယ်ကွေ့ ကမ်းစပ်မှ မတ်စောက်စွာ ထိုးထွက်ပြီးလျှင် မြောက်ဘက်သို့ နိမ့်ဆင်းသွားသည်။ ၁၈၆၉၆ ပေရှိသော အိုရိဇာဗာတောင်ထိပ်သည် ထိုအပိုင်းတွင် အမြင့်ဆုံးတောင်ထိပ် ဖြစ်၏။
အမေရိကန်ပြည်ထောင်စုတွင် ဝိုင်အိုးမင်းပြည်နယ်ရှိ ကုန်း ပင်မြင့်သည် ရော့ကီးတောင်တန်းကို တောင်နှင့်မြောက် ပိုင်း ခြားထား၏။ တောင်ပိုင်းတွင်ရှိသော ရော့ကီးတောင်စဉ်စုမှာ အမေရိကန်ပြည်ထောင်စု၌ အမြင့်ဆုံးနှင့် အကျယ်ပြန့်ဆုံး ဖြစ်သည်။ ကော်လိုရားဒိုးပြည်နယ်တွင် ပေ ၁၄ဝဝဝ ကျော် မြင့်သော တောင်ထိပ်များ ရှိသည်။ ထိုတောင်ထိပ်များအနက် ၁၄၄၃၁ ပေမြင့်သော အဲလဗတ်တောင်ထိပ်သည် ရော့ကီး တောင်တန်းတွင် ကနေဒါနိုင်ငံရှိ လိုဂန်တောင်ထိပ်မှ လွဲလျှင် အမြင့်ဆုံးတောင်ထိပ် ဖြစ်သည်။ အနောက် ဘက်စွန်းကျသော တက်ဆက်ပြည်နယ်၌မူ ပေ ၈ဝဝဝ ထက်မြင့်သော တောင် ထိပ်ဟူ၍ အနည်းငယ်မျှသာ ရှိသည်။ ကုန်းပြင်မြင့်၏ မြောက် ပိုင်းတွင် ရော့ကီးတောင်တန်းသည် အနောက်မြောက်ဘက်သို့ သွယ်တန်း လျက်ရှိပြီးလျှင် တောင်ပိုင်းအောက် အနည်းငယ် နိမ့်လေသည်။
ကနေဒါနိုင်ငံဘက်တွင် မြင့်မားသော တောင်ထိပ်များ ပေါ၍ ဆီးနှင်းထူသည်။ ရေခဲမြစ်များစွာရှိသည်။ ပေ ၁၉၈၅ဝ ရှိသော လိုဂန်တောင်ထိပ်သည် ရော့ကီးတောင်တန်းတွင် အမြင့် ဆုံး တောင်ထိပ်ဖြစ်သည်။ ကနေဒါနိုင်ငံ မြောက်ဘက်တွင် တောင်တန်းများ နိမ့်ဆင်းသွားရာ အလာစကာပြည်နယ် လွန်လျှင် ဆီးနှင်းမပြတ် ဖုံးနေသော တောင်ကုန်းများကိုသာ တွေ့ရလေသည်။[၁]
ကိုးကား[ပြင်ဆင်ရန်]
- မြန်မာ့စွယ်စုံကျမ်း၊ အတွဲ(၁၁)",4.0,2.0,2.0,3.0,2.0,"The text is an informative, encyclopedic entry about the Rocky Mountains. It provides clear geographical and geological facts suitable for middle-school education. It contains some boilerplate (wiki-style headers and references) but is otherwise coherent and well-structured. The language is natural Burmese, though it is a translation of general geographical knowledge rather than a culturally specific artifact."
<urn:uuid:1a1e80b8-ba12-4ca6-8d1e-84534b6f0803>,"အရှေ့အလယ်ပိုင်းဒေသ
|Middle East|
|နိုင်ငံများ||၁၈နိုင်ငံမှ ၃၈နိုင်ငံ အထိ (အဓိပ္ပာယ်ဖွင့်ဆိုမှု အပေါ်မူတည်သည်)|
|ဘာသာစကားများ||အရှေ့အလယ်ပိုင်း: အာရပ်၊ အာမေးရစ်၊ အဇာဘိုင်ဂျန်၊ ပြင်သစ်၊ ဂရိ၊ ဂျူး၊ ကာ့ဒ်၊ ပါရှန်း၊ တူရကီ |
အရှေ့အလယ်ပိုင်းဒေသကြီး : အာရပ်၊ အာမေးနီးယန်း၊ အဇာဘိုင်ဂျန်၊ ဘာလိုချီ၊ ဒါရီ၊ ပြင်သစ်၊ ဂရိ၊ ဂျော်ဂျီယာ၊ ဂျူး၊ ကာ့ဒ်၊ ပက်ရှတို၊ ပါရှန်း၊ ဆိုမာလီ၊ တာမာဇိုက်၊ တိုက်ဂရီညာ၊ တူရကီ၊ အူရဒူ
|စံတော်ချိန်ဇုန်များ||UTC +၃:၃၀ (အီရန်) မှ UTC +၂:၀၀ (အီဂျစ်)|
|မြို့ကြီးများ||အစဉ်လိုက်: ကိုင်ရိုမြို့, တီဟီရန်မြို့, ဘဂ္ဂဒက်မြို့, ရီယာ့ဒ်မြို့, ဂျက်ဒါမြို့|
အရှေ့အလယ်ပိုင်းဒေသတွင် အနောက်အာရှနှင့် အာဖရိကမြောက်ဘက်ပိုင်းဒေသတို့ ပါဝင်သည်။ မကြာခဏ ဆိုသလိုပင် အရှေ့ဖျားဒေသ ၏ ဆန့်ကျင်ဘက် အရှေ့နားဒေသ (Near East) ဟု သုံးနှုန်းလေ့ ရှိကြသည်။
အရှေ့အလယ်ပိုင်းဒေသ၏ သမိုင်းကြောင်းမှာ ရှေးခေတ်ကာလများက စတင်ခဲ့ပြီး သမိုင်းကြောင်းတလျှောက်လုံးတွင် အရှေ့အလယ်ပိုင်းဒေသသည် ကမ္ဘာ့အရေးအခင်းများ၏ ဗဟိုဌာန တစ်ခု အဖြစ် ပါဝင်ခဲ့သည်။ သို့သော်လည်း ရှေးခေတ် သမိုင်းကြောင်းကို ဆွေးနွေးသည့် အခါတွင် အရှေ့နားဒေသ ဟူသည့် အသုံးအနှုန်းကို ပိုမိုသုံးစွဲလေ့ ရှိကြသည်။ အရှေ့အလယ်ပိုင်းဒေသသည် အဓိက ဘာသာတရားများ ဖြစ်ကြသော ဂျူးဘာသာ ၊ ခရစ်ယာန်ဘာသာ နှင့်အစ္စလာမ်ဘာသာတို့ ပေါ်ပေါက်ခဲ့ရာ ဒေသဖြစ်သည်။ ယေဘူယျအားဖြင့် အရှေ့အလယ်ပိုင်း ဒေသတွင် မိုးနည်းရေရှားပြီး ပူပြင်းသည့် ရာသီဥတုမျိုး ရှိတတ်ပြီး အချို့သော ဒေသများတွင် မြစ်ကြီးများက စိုက်ပျိုးရေးဖြစ်ထွန်းရန် အတွက် အထောက်အကူပေးလေ့ ရှိကြသည်။ ပါရှန်ပင်လယ်ကွေ့ အနီးတဝိုက်တွင် ရှိသော ဒေသများတွင် ရေနံစိမ်းအများအပြား ရှိတတ်သည်။ ယခုခေတ်ကာလတွင် အရှေ့အလယ်ပိုင်း ဒေသသည် မဟာဗျူဟာ အားဖြင့် လည်းကောင်း၊ စီးပွားရေးအားဖြင့် လည်းကောင်း၊ နိုင်ငံရေးအားဖြင့် လည်းကောင်း၊ ဘာသာရေးအားဖြင့် လည်းကောင်း အရေးပါသော ဒေသအဖြစ် တည်ရှိနေသည်။ အရှေ့အလယ်ပိုင်း ဒေသ၏ စီးပွားရေး ဖွံ့ဖြိုးမှုနှုန်းမှာ ၂၀၁၀ ခုနှစ်တွင် ၄.၁ ရာခိုင်နှုန်းဖြစ်ပြီ: ၂၀၁၁ တွင် ၅.၁ ရာခိုင်နှုန်း ဖြစ်သည်။",4.0,2.0,2.0,3.0,2.0,"The text provides a structured, informative overview of the Middle East suitable for educational purposes. It includes basic geographical, historical, and economic facts. While it contains some formatting artifacts (tables/pipes), the content is coherent and written in natural Burmese, though it lacks deep analytical reasoning or highly specialized technical depth."
<urn:uuid:ac84b719-29b1-4e85-9abd-b9afbdd9e961>,"ဓာတ်စက်ကို ဘယ်သူတီထွင်တာလဲ။
ရှေးဦးစွာ တီထွင်ခဲ့တဲ့ ဓာတ်စက်ဆိုတာက ဓာတ်ပြားချပ်နဲ့ ဖွင့်ရတာ မဟုတ်ဘူး။ အပြားမဟုတ်ဘဲ ဆလင်ဒါ (ထုလုံးချွန်) ပုံစံ အချပ်ပြားနဲ့ ဖွင့်ရတာ ဖြစ်ပါတယ်။ အမေရိကန်လူမျိုးဖြစ်တဲ့ သောမတ်စ်အက်ဒီဆင်က ၁၈၇၇ ခုနှစ်မှာ တီထွင်ခဲ့ပါတယ်။ နူးညံ့ပျော့ပြောင်းတဲ့ ဒန်သတ္ထုကို ဆလင်ဒါပုံစံလုပ်ထားတဲ့ အပြားကို အသုံးပြုခဲ့ပါတယ်။ အသံကို တုန်ခါစေတဲ့ သတ္တုအပြားပေါ်ကို အပ်နဲ့ ထိဆက်စေတဲ့အခါမှာ ဒန်သတ္တုပြားထဲမှာ သိုမှီးထားပါတယ်။ ဒီကိရိယာက အသံသိပ်မပီပြင်ဘူး။
သူက ဒန်သတ္တုအစား ဖယောင်းပြားကို ဆလင်ဒါပုံ ပြုလုပ်ပြီး အစားထိုး ပြုပြင် တိုးတက်စေခဲ့ပါတယ်။ ၁၈၈၇ ခုနှစ်မှာ ဓာတ်ပြားလေးတွေနဲ့ ဓာတ်စက်ကို အီမလီဘာလင်နာ ဆိုသူ ဂျာမန်လူမျိုးတစ်ဦးက တီထွင်ခဲ့ပါတယ်။ တွင်တွင်ကျယ်ကျယ် အသုံးပြုခဲ့တဲ့ ဓာတ်ပြားတွေကို ၁၈၉၈ ခုနှစ်မှာ စတင်ထုတ်လုပ်ခဲ့ပါတယ်။
ကောက်ရိတ်စက်ကို ဘယ်သူတီထွင်ခဲ့သလဲ။
ကောက်ရိတ်စက်တွေနဲ့ ခြွေလှေ့စက်တွေဟာ ကောက်ရိတ်စက် အမျိုးအစား နှစ်မျိုးဖြစ်ပါတယ်။ ရိတ်စက်တွေက ကောက်နှံကို ဆွဲရိတ်တယ်။ ခြွေလှေ့စက်တွေက စပါးစေ့တွေကို ခြွေယူတယ်။ ဒီလုပ်ငန်းနှစ်မျိုးဟာ တံစဉ်နဲ့ ကောက်ဆွဲကို တစ်ပြိုင်တည်း အသုံးပြု ရိတ်သိမ်းခြင်းပုံစံပဲ ဖြစ်ပါတယ်။ ၁၇၈၆ ခုနှစ်တုန်းက အင်္ဂလန်နိုင်ငံမှာ အင်ဒရူးမိုက်ခလေးက ခြွေလှေ့စက်ကို ပထမဆုံး အသုံးပြုခဲ့တာ ဖြစ်ပါတယ်။ ခြွေလှေ့စက်ထဲမှာရှိတဲ့ အမျှင်ဆွဲစည်ပိုင်းနဲ့ ကောက်နှံက စပါးစေ့တွေကို ပွတ်ယူလိုက်တာ ဖြစ်ပါတယ်။
၁၈၂၆ ခုနှစ်ရောက်တော့ အင်္ဂလန်နိုင်ငံမှာ ပက်စတစ်စ်ဘဲလ်က ကောက်ရိတ်စက်ကို တီထွင်ခဲ့ပြန်တယ်။ ကောက်ရိတ်စက်မှာ ဓားသွားတွေ တပ်ထားတယ်။ ကောက်ပင်တွေကို အတန်းလိုက် ညှပ်လို့ရအောင် တွန်းဖိပြီး ကတ်ကြေးနဲ့ ကိုက်ဖြတ်သလို ဖြတ်ယူခြင်းဖြစ်ပါတယ်။ ဒီစက်က အလုပ်တော့ သိပ်မဖြစ်လှဘူး။ အောင်မြင်စွာ ရိတ်သိမ်းနိုင်တဲ့ ကောက်ရိတ်စက်ကို အမေရိကန်ပြည်ထောင်စုမှာ တီထွင်ခဲ့ပါတယ်။ ၁၈၃၅ ခုနှစ်မှာ အမေရိကန် နိုင်ငံသား Hiram Moore ဆိုသူက တီထွင်ခဲ့ပါတယ်။
အင်ဆူလင်ကို ဘယ်သူရှာဖွေတွေ့ရှိခဲ့တာလဲ။
အက်ဖ်ဂျီဘန်းတင်းနဲ့ စီအေ့ချ်ဘက်စ်ထ် က ၁၉၂၁ ခုနှစ်မှာ အင်ဆူလင်ကို ရှာဖွေတွေ့ရှိခဲ့ပါတယ်။ အင်ဆူလင်ဆိုတာ ဆီးချိုဝေဒနာရှင်များအတွက် အသက်ကယ်ဆေး ဖြစ်ပါတယ်။ ပန်ကရိယဂလင်း ချို့ယွင်းမှုကြောင့် ဆီးချိုဖြစ်ရတယ်။ သွေးထဲမှာ ပါဝင်နေတဲ့ သကြားဓာတ်ကို မျှတကောင်းမွန်အောင် ထိန်းနိုင်ဖို့အတွက် ပန်ကရိယဆိုတဲ့ ခန္ဓာကိုယ်တွင်း သကြားဓာတ်ဖြစ်ပေါ်မှုကို ထိန်းချုပ်ပေးမယ့် အင်ဆူလင်ကို ထုတ်ပေးပါတယ်။
အင်ဆူလင်ကို ပန်ကရိယက လုံလောက်မျှတအောင် ထုတ်မပေးနိုင်ဘူးဆိုရင် သြဂဲနစ် ဖြစ်စဉ်တစ်လျှောက်မှာ အသုံးမကျတဲ့ သကြားဓာတ်တွေ ထွက်ပေါ်နေတော့တယ်။ အဲဒီတော့ သကြားဓာတ်လွန်ကဲလာပြီး ဆီးချိုရောဂါ ဖြစ်လာပါတယ်။ သွေးထဲမှာ သကြားဓာတ်ပါဝင်နှုန်းကို ထိန်းချုပ်မပေးနိုင်ဘူးဆိုရင် ဒီရောဂါဟာ အန္တရာယ်ကြီးပါတယ်။
ခင်မောင်ဇော်၊ တီထွင်မှုများ စာအုပ်မှ",4.0,2.0,2.0,5.0,3.0,"The text provides clear, factual historical and scientific information suitable for middle-school education. It explains inventions and medical concepts with basic causal reasoning. The language is natural, standard Burmese, and the formatting is clean and professional, clearly sourced from a book."
<urn:uuid:be2336c9-e856-41bf-adb9-570f2bd4faeb>,"ရေခဲသေတ္တာထဲ ထည့်ပြီးရင် မစားသုံးသင့်ကြောင်း လူသိပ်မသိသေးတဲ့ အစားအစာများ
အခုခေတ် အိမ်တိုင်းလိုလိုမှာ ရေခဲသေတ္တာရှိကြပြီး အစားအစာတွေကိုလည်း တစ်ပတ်စာလောက် သိမ်းစည်းကာစားသောက်တတ်ကြပါတယ်။
ဒီလိုလုပ်တာက နေ့တိုင်းဈေးသွားနေရတဲ့ အခက်အခဲကိုလျော့ကျစေပြီး အလုပ်ရှုပ်သက်သာစေပေမယ့် ကျန်းမာရေးထိခိုက်စေတဲ့အကြောင်းအရင်းတွေလည်းရှိနေပါတယ်။
ရေခဲသေတ္တာထဲထည့်ထားတာနဲ့ ပါဝင်တဲ့ အာဟာရဓာတ်ပါလျော့ကျပြီး အဆိပ်အတောက်ဖြစ်စေတဲ့ အစားအစာတွေလည်း ရှိနေလို့ပါ ။
ရေခဲသေတ္တာထဲထည့်မသိမ်းထားသင့်တဲ့ အစားအစာ(၆)မျိုးကတော့…
(၁) အာလူး
ရေခဲသေတ္တာထဲထည့်သိမ်းမထားသင့်တဲ့ အစားအစာတွေရဲ့ ထိပ်ဆုံးမှာ အာလူးပါဝင်ပါတယ်။ အာလူးမှာပါဝင်တဲ့ ကဆီဓာတ်က ရေခဲသေတ္တာထဲရောက်တဲ့အခါ သကြားအဖြစ်ကိုပြောင်းသွားပါတယ်။
ဒါ့ကြောင့် အာဟာရမဖြစ်ပဲ ဘေးဥပါဒ်ပဲဖြစ်စေလို့ မထည့်ထားသင့်ပါဘူးနော်။
(၂) ဖရဲသီး
ဖရဲသီးကို အေးခဲထားတ့အခါ သူ့မှာပါဝင်တဲ့ အာဟာရဓာတ် ၊ ရေဓာတ် အကုန်လုံးခမ်းခြောက်သွားပါတယ် ။
ဒါ့ကြောင့်ဖရဲသီးအေးအေးလေးစားချင်သူတွေအတွက် ပါဝင်တဲ့ အာဟာရဓာတ်ဆုံးရှုံးမှုလျော့အောင် ပလတ်စတစ်အကြည်လေးဖြစ်ဖြစ် ဘူးလေးထဲထည့်ပြီးတော့ပဲဖြစ်ဖြစ် တစ်ခုခုနဲ့အုပ်ပြီးတော့မှ ထည့်ထားသင့်ပါတယ်။
(၃) ကြက်သွန်ဖြူ
ကြက်သွန်ဖြူတွေ ရေခဲသေတ္တာထဲရောက်တဲ့အခါ အစိုပြန်ပြီး မြန်မြန်ပုတ်စေပါတယ် ။ ရေခဲသေတ္တာ အနံ့အသက်အတွက်လည်း မကောင်းပါဘူး ။
ကြက်သွန်ဖြူတွေကိုတော့ နေရောင်လည်း တိုက်ရိုက်မကျပဲ ခြောက်သွေ့တဲ့နေရာမျိုးမှာပဲထားသင့်ပါတယ်။
(၄) ခရမ်းချဉ်သီး
ခရမ်းချဉ်သီးကိုလည်း အရည်ရွမ်းရွမ်းလေးနဲ့ အေးအေးတောင့်တောင့်လေး စားချင်ကြတဲ့အတွက် ရေခဲသေတ္တာထဲထည့်ထားတတ်ကြပါတယ် ။
ဒါပေမယ့် ခရမ်းချဉ်သီးတွေက အပူချိန် ၁၂ ဒီဂရီအောက် ရောက်တဲ့အခါ သူ့မှာပါဝင်တဲ့ အာဟာရဓာတ်တွေအားလုံးဆုံးရှုံးသွားပြီး အရသာပါပြောင်းသွားပါတယ်။
(၅) ဥများ
ဥတွေကို အပူချိန်အရမ်းနည်းတဲ့နေရာမှာထားတဲ့အခါ သူ့မှာပါဝင်တဲ့ အာဟာရနဲ့ သတ္တုဓာတ်တွေအကုန်လျော့နည်းသွားမှာပါ။
ရေခဲသေတ္တာထဲမှာထားတဲ့အခါ ဥတွေမှာ ဘက်တီးရီးယားတွေပါပေါက်ပွားစေပြီး အစာမကျေတာနဲ့ အစာအိမ်ရောဂါတွေပါဖြစ်စေလို့ အပြင်မှာပဲထားသင့်ပါတယ်။
(၆) ကြက်သွန်နီ
ကြက်သွန်နီမှာလည်း ကဆီဓာတ်ပါဝင်တာကြောင့် ရေခဲသေတ္တာထဲမှာမထားသင့်ပါဘူး။ ကြက်သွန်တွေကို ရေခဲသေတ္တာထဲမှာ ကြာကြာထားရင် အထားမခံပဲ မြန်မြန်ပုတ်စေပါတယ် ။
Rain
Unicode
ရခေဲသတ်ေတာထဲ ထညျ့ပွီးရငျ မစားသုံးသငျ့ကွောငျး လူသိပျမသိသေးတဲ့ အစားအစာမြား
အခုခတျေ အိမျတိုငျးလိုလိုမှာ ရခေဲသတ်ေတာရှိကွပွီး အစားအစာတှကေိုလညျး တဈပတျစာလောကျ သိမျးစညျးကာစားသောကျတတျကွပါတယျ။
ဒီလိုလုပျတာက နတေို့ငျးဈေးသှားနရေတဲ့ အခကျအခဲကိုလြော့ကစြပွေီး အလုပျရှုပျသကျသာစပေမေယျ့ ကနျြးမာရေးထိခိုကျစတေဲ့အကွောငျးအရငျးတှလေညျးရှိနပေါတယျ။
ရခေဲသတ်ေတာထဲထညျ့ထားတာနဲ့ ပါဝငျတဲ့ အာဟာရဓာတျပါလြော့ကပြွီး အဆိပျအတောကျဖွဈစတေဲ့ အစားအစာတှလေညျး ရှိနလေို့ပါ ။
ရခေဲသတ်ေတာထဲထညျ့မသိမျးထားသငျ့တဲ့ အစားအစာ(၆)မြိုးကတော့…
(၁) အာလူး
ရခေဲသတ်ေတာထဲထညျ့သိမျးမထားသငျ့တဲ့ အစားအစာတှရေဲ့ ထိပျဆုံးမှာ အာလူးပါဝငျပါတယျ။ အာလူးမှာပါဝငျတဲ့ ကဆီဓာတျက ရခေဲသတ်ေတာထဲရောကျတဲ့အခါ သကွားအဖွဈကိုပွောငျးသှားပါတယျ။
ဒါ့ကွောငျ့ အာဟာရမဖွဈပဲ ဘေးဥပါဒျပဲဖွဈစလေို့ မထညျ့ထားသငျ့ပါဘူးနျော။
(၂) ဖရဲသီး
ဖရဲသီးကို အေးခဲထားတ့အခါ သူ့မှာပါဝငျတဲ့ အာဟာရဓာတျ ၊ ရဓောတျ အကုနျလုံးခမျးခွောကျသှားပါတယျ ။
ဒါ့ကွောငျ့ဖရဲသီးအေးအေးလေးစားခငျြသူတှအေတှကျ ပါဝငျတဲ့ အာဟာရဓာတျဆုံးရှုံးမှုလြော့အောငျ ပလတျစတဈအကွညျလေးဖွဈဖွဈ ဘူးလေးထဲထညျ့ပွီးတော့ပဲဖွဈဖွဈ တဈခုခုနဲ့အုပျပွီးတော့မှ ထညျ့ထားသငျ့ပါတယျ။
(၃) ကွကျသှနျဖွူ
ကွကျသှနျဖွူတှေ ရခေဲသတ်ေတာထဲရောကျတဲ့အခါ အစိုပွနျပွီး မွနျမွနျပုတျစပေါတယျ ။ ရခေဲသတ်ေတာ အနံ့အသကျအတှကျလညျး မကောငျးပါဘူး ။
ကွကျသှနျဖွူတှကေိုတော့ နရေောငျလညျး တိုကျရိုကျမကပြဲ ခွောကျသှတေဲ့နရောမြိုးမှာပဲထားသငျ့ပါတယျ။
(၄) ခရမျးခဉျြသီး
ခရမျးခဉျြသီးကိုလညျး အရညျရှမျးရှမျးလေးနဲ့ အေးအေးတောငျ့တောငျ့လေး စားခငျြကွတဲ့အတှကျ ရခေဲသတ်ေတာထဲထညျ့ထားတတျကွပါတယျ ။
ဒါပမေယျ့ ခရမျးခဉျြသီးတှကေ အပူခြိနျ ၁၂ ဒီဂရီအောကျ ရောကျတဲ့အခါ သူ့မှာပါဝငျတဲ့ အာဟာရဓာတျတှအေားလုံးဆုံးရှုံးသှားပွီး အရသာပါပွောငျးသှားပါတယျ။
(၅) ဥမြား
ဥတှကေို အပူခြိနျအရမျးနညျးတဲ့နရောမှာထားတဲ့အခါ သူ့မှာပါဝငျတဲ့ အာဟာရနဲ့ သတ်တုဓာတျတှအေကုနျလြော့နညျးသှားမှာပါ။
ရခေဲသတ်ေတာထဲမှာထားတဲ့အခါ ဥတှမှော ဘကျတီးရီးယားတှပေါပေါကျပှားစပွေီး အစာမကတြောနဲ့ အစာအိမျရောဂါတှပေါဖွဈစလေို့ အပွငျမှာပဲထားသငျ့ပါတယျ။
(၆) ကွကျသှနျနီ
ကွကျသှနျနီမှာလညျး ကဆီဓာတျပါဝငျတာကွောငျ့ ရခေဲသတ်ေတာထဲမှာမထားသငျ့ပါဘူး။ ကွကျသှနျတှကေို ရခေဲသတ်ေတာထဲမှာ ကွာကွာထားရငျ အထားမခံပဲ မွနျမွနျပုတျစပေါတယျ ။
Rain",4.0,2.0,2.0,5.0,4.0,"The text provides practical, educational advice on food storage suitable for a general audience. It uses clear, natural Burmese and follows a logical list structure. While the scientific explanations are simplified, it is well-formatted, clean, and reflects common household practices in Myanmar."
<urn:uuid:25a5e9ba-2da8-45b9-96ff-57ab247af60d>,"လာမည့် ၂၀၁၅ ရွေးကောက်ပွဲတွင် ဝင်ရောက်ယှဉ်ပြိုင်ရန် ပါတီမှတ်ပုံတင်ထားသည့် ” အမျိုးသမီး များပါတီ ” ကိုခြောက်လကျော်ကြာမှ ယင်းအမည်အစား အမည်ပြောင်းလဲပြင်ဆင်ပြီး ပြန်လည်တင်ပြရန် ပြည်ထောင်စုရွေးကောက်ပွဲကော်မရှင်က အကြောင်းကြားထားသည်ဟု ပါတီဥက္ကဌမိသန်းရှင်ကပြောသည်။
အမျိုးသမီးပါတီဟူသော အသုံးအနှုန်းသည်တနိုင်ငံလုံးရှိအမျိုးသမီးများအတွက် ကိုယ်စားပြု သကဲ့သို့ဖြစ်နေပြီး အများနှင့်သက်ဆိုင်သည့်အမည်ဖြစ်နေပါသဖြင့် အဆိုပါအမျိုးသမီးပါတီအမည် အစား အမည်သစ်ရွေးချယ်၍သော်လည်းကောင်း ” အမျိုးသမီး” ဟူသောစကားရပ်၏ အရှေ့သို့မဟုတ် အနောက်တွင်သင့်လျော်ရာဖြည့်စွက်၍သော်လည်းကောင်း ပြည်ထောင်စု ရွေးကောက်ပွဲကော်မရှင်သို့ အမြန်ပြန်လည်တင်ပြရန် ဧပြီလ ၂၇ ရက်နေ့ကအကြောင်းကြားထားခြင်းဖြစ်သည်။
အမျိုးသမီးပါတီထူထောင်သူတို့က ” အမျိုးသမီးပါတီ” အမည်ကိုပြင်ဆင်ပြောင်းလဲမည် မဟုတ်ကြောင်း ပါတီအမည်ပြင်ဆင်ပြောင်းလဲမည့်ကိစ္စနှင့် ပတ်သက်ပြီး ကော်မရှင်နှင့်တွေ့ဆုံညှိနှိုင်း သွားမည်ဖြစ်ကြောင်း ပါတီဥက္ကဌမိသန်းရှင်ကပြောသည်။
” စစ်ဆေးစရာရှိတာတွေလဲ စစ်ထားပြီးပြီ လူလဲပေးပါဆိုလဲလဲထားပေးပြီးမှ အခုခြောက်လ ကျော်ကြာမှ ပါတီအမည်ပြင်ခိုင်းတာကျွန်မတို့ကတော့ပါတီအမည်ကိုပြောင်းမှာမဟုတ်ဘူး ပြောင်းဖို့လဲ မစဉ်းစားထားဘူး၊ ကျွန်မတို့ကော်မရှင်နဲ့တွေ့မယ်ညှိနှိုင်းကြည့်မယ်၊ ကျွန်မတို့ ဒီအမည်နဲ့ပြည်သူလူထုက လက်ခံထားပြီးပြီ” ဟု ၎င်းကပြောသည်။
ကော်မရှင်မှအမျိုးသမီးပါတီအမည်ဖြင့်ပါတီမှတ်ပုံတင်ချပေးခြင်းမရှိပါကလာမည့် ရွေးကောက်ပွဲတွင် တသီးပုဂ္ဂလကိုယ်စားလှယ်အနေဖြင့် လူထုတောင်းဆိုသည့် ဒေသတို့တွင် ရွေးကောက်ပွဲ ဝင်ရောက်ယှဉ်ပြိုင်သွားမည်ဟုလည်း ပြောသည်။
မိသန်းရှင်က ” ကော်မရှင်ကတော့ ဒီအမည်က တနိုင်ငံလုံးကိုကိုယ်စားပြုတယ်အများနဲ့ သက်ဆိုင်တယ်ဆိုပြီး ပြင်ခိုင်းတယ်၊ ပြောင်းခိုင်းတယ်၊ ဆိုတော့အမျိုးသမီးရေးရာဆိုရင်ရောအများနဲ့မဆိုင်ဘူးလား၊ တနိုင်ငံလုံးကိုကိုယ်စားမပြုဘူးလား၊ ပြီးတော့အခုဆိုအမျိုးသားပါတီဆိုပြီးတော့လဲရှိတယ်၊ အဲဒါကရောဘယ်လိုကိုယ်စားပြုလဲ” ဟု မေးခွန်းထုတ်သည်။
မြန်မာနိုင်ငံ၏ ပထမဆုံးသောအမျိုးသမီးပါတီဖြစ်လာမည့်အမျိုးသမီးပါတီကို မွန်အမျိုးသမီး များ ဦးဆောင်ထူထောင်ထားခြင်းဖြစ်ပြီး ၂၀၁၄ ခုနှစ်၊ အောက်တိုဘာလ ၁၄ ရက်က ကော်မတီဝင် ၁၅ ဦး ပြည်ထောင်စု ရွေးကောက်ပွဲကော်မရှင်ထံ ပါတီထူထောင်ခွင့်လျှောက်ထားခဲ့သည်။
အမျိုးသမီးများ တန်းတူခွင့်ရရှိရေးအတွက် လုပ်ဆောင်သွားရန်ရည်ရွယ်ချက်ဖြင့် အမျိုးသမီးပါတီကို တည်ထောင်ခဲ့ကာ လာမည့် ၂၀၁၅ ရွေးကောက်ပွဲတွင် မွန်ပြည်နယ်ကိုအခြေပြုပြီး အခြားတိုင်းနှင့် ပြည်နယ်များတွင်လည်း ဝင်ရောက်ယှဉ်ဩွားရန်ရှိသည်။",2.0,3.0,2.0,5.0,5.0,"The text is a well-written, coherent news report about a political registration dispute in Myanmar. It provides factual information about election commission regulations and party perspectives. It uses natural Burmese phrasing, specific local political context, and demonstrates logical argumentation regarding the naming dispute, making it culturally authentic and informative for a general audience."
<urn:uuid:6ad75eef-6e9c-4065-927b-9a79174dfb95>,"ဝန်ကြီး ဦးရဲထွဋ် မိန့်ခွန်းပြောစဉ် သတင်းထောက် စိုးရာဇာထွန်းက “မီဒီယာများကို ဖိနှိပ်ခြင်း၊ ဖမ်းဆီးထောင်ချခြင်း အားရပ်တန့်ရေး စာတန်း” ကိုင်ကာ ဆန္ဒထုတ်ဖော်ခဲ့ပါတယ်၊ စိုးရာဇာထွန်းအား IMNA သတင်းထောက် စောဇင်ညီက အခုလိုမေးမြန်းထားပါတယ်။
IMNA – အစ်ကိုဒီနေ့ ဝန်ကြီးဦးရဲထွဋ်မိန့်ခွန်းပြောချိန်မှာ အစ်ကို တစ်ကိုယ်တော် ဆန္ဒပြခဲ့ပါတယ်၊ ဦးရဲထွဋ်ဘက်ကကော ဘယ်လို တုန့်ပြန်တာတွေ့ခဲ့ရလဲ?
စိုးရာဇာထွန်း- ဦးရဲထွဋ်က ပြုံးပြုံးနဲ့ ပြောတယ်၊ ဖမ်းဆီးထောင်ချမှုတွေ အကျဉ်းကျမှု တွေ စတဲ့ ၃ ခု ရေးပြီး ကိုယ်က ဘုတ်ထောင်လိုက်တယ်လေ၊ သူကတော့ ပညာသားပါ ပါတယ်၊ သူက ပညာသားပါပါနဲ ့ဘဲ ကိုယ် ကန်ပိန်းလုပ်တာကို သူလက်ခံပါတယ် ကြိုဆိုပါတယ် အားလုံးကို လက်ခံပေးလိုက်ပါဆိုပြီး လက်ခုတ်တီးတယ်၊ အဲဒါသူရဲ ့ လျှက်တပျက် တုန့်ပြန်မှုပေါ့နော်၊ သူရဲ့ ပညာသားပါတဲ့ လှည့်ကွက် တစ်ခုပါဘဲ။
IMNA -အစ်ကို ကန်ပိန်းလုပ်တာနဲ့ ပတ်သတ်ပြီး ကော IPI ကို အနှောက်အယှက်မဖြစ်အောင် ဘယ်လိုလုပ်ခဲ့လဲ။
စိုးရာဇာထွန်း- ကိုယ်လုပ်တာက ကိုယ်ရဲ့ မီဒီယာပါဝါ လုပ်ပိုင်ခွင့်ပါဘဲ၊ ကိုယ် IPI ညီလာခံ ကို မရမက တက်ခွင့်တောင်းတယ်၊ နောက်ဆုံးတော့ တက်ခွင့် ရသွားတယ်၊ ကိုယ်ထိုင်နေတဲ့ ထိုင်ခုံက ဘဲ သူကို ဘုတ်ထောင်ပြလိုက်တာပါ၊ ကိုယ်တောင်းဆိုချင်တဲ့ ကိစ္စနဲ့ ပတ်သတ်ပြီး ဘုတ်လေးထောင်ပြလိုက်တာပါ၊ ၅ မိနစ်တောင် မကြာပါဘူး၊ ကိုယ်ပြန်ထွက်လာတာပါ၊ ကိုယ်နောက်က လိုက်လာတဲ့ မီဒီယာတွေကိုလဲ ဘာမှ မပြောလိုက်ပါဘူး၊ အပြင်ရောက်မှ ဘဲ ကိုယ်ပြောတာပါ၊ ကိုယ်ကြောင့် အားလုံးကို အနှောက်အယှက်မဖြစ်အောင်ပါ၊ ကိုယ်ရပိုင်ခွင့်နဲ့လည်း ကိုက်ရမယ်လေ။
IMNA -ဟုတ်ကဲ့ပါ အစ်ကို။ အစ်ကိုလုပ်ခဲ့တဲ့ ဒီနေ့ ကန်ပိန်း က နေပြီး တော့ ဘာတွေ များမျှော်လင့်မိလဲ။
စိုးရာဇာထွန်း- သတင်းထောက်တွေ ကို ဖမ်းဆီးထောင်ချတာပာ ဒီမိုကရေစီ နိုင်ငံတစ်နိုင်ငံ ဖြစ်တဲ့ မြန်မာနိုင်ငံအနေနဲ့ ဘယ်လိုမှ အလုပ်မဖြစ်ဖူးဆိုတာ မက်ဆေ့ပေးလိုက်တာ၊ ဒီလိုဆက်ဖြစ်နေရင် ဒီလိုကန်ပိန်းတွေ ထပ်လာဦးမယ်ဆိုတာ ကိုယ်သူ့ ကို ပြလိုက်တာပါ၊ နိုင်ငံတကာ မီဒီယာရှေ့မှာ ပြသင့်တယ်ထင်လို့ ကိုယ်ပြလိုက်တာပါ။
IMNA -အစ်ကို ဒီနေ့ လုပ်ရပ်က ဦးရဲထွဋ်ကို ပုဂ္ဂိုလ်ရေးအရ တိုက်ခိုက်မှု လို့ အချို့က ပြောကြတယ်၊ ဒါနဲ့ပတ်သတ်ပြီး ကော အစ်ကို ဘာပြောချင်လဲ။
စိုးရာဇာထွန်း- ဘာဘဲ ပြောပြောပါ၊ ကိုယ် အစိုးရကို ဆန္ဒပြတာ၊ ဦးရဲထွဋ်ကို ကိုယ်တိုက်တာမဟုတ်ဘူး၊ ဦးရဲထွဋ်ကို ကိုယ်ပြတာမဟုတ်ပါဘူး၊ ဦးရဲထွဋ်အနေနဲ့ လက်ပံတန်းကိစ္စနဲ့ ပတ်သတ်ပြီး သူနည်းစနစ် မမှန်ဘူး၊ သတင်းနဲ့ပတ်သက်ပြီး သတင်းထောက်တွေကို ရိုက်နှက်ခဲ့တာဟာ လုပ်ရပ်မှန်ဘူး၊ ရိုက်ရမဲ့ အနေအထားမဟုတ်ဘူး၊ အဲ့တော့ သူတာဝန်ယူထားတဲ့ အပိုင်းလည်း မရှိဘူး၊ ဒါနဲ့ပတ်သတ်ပြီး ကိုယ်က ဆန္ဒပြတယ်၊ ဦးရဲထွဋ်က အရမ်းတော်ပါတယ်။ ဦးရဲထွဋ်ကို ကိုယ်ပြတာမဟုတ်ပါဘူး။
IMNA -ဦးရဲထွဋ်က အစ်ကို ဆန္ဒပြချိန်မှာဘဲ ပြောခဲ့တယ်။ မြန်မာလူငယ်တွေဟာ Activist ကလာတဲ့လူတွေများတယ်လို့ ပြောခဲ့တယ်။ဒါနဲ့ပတ်သတ်ပြီးကော။
စိုးရာဇာထွန်း- သူပြောခဲ့ပါတယ်။မြန်မာ သတင်းထောက်လူငယ်တွေက Activist နောက်ခံ က လာတာ လို့ပြောတယ်၊ ကိုယ်ရဲ့ နောက်ခံ အကြောင်းကို အများကြီး ရှာလို့ရတယ်၊ ကိုယ်တခြားသော ကန်ပိန်းတွေမှာ လုံးဝ မပါခဲ့ပါဘူး၊ မီဒီယာနဲ့ ပတ်သတ်တဲ့ ကိစ္စတွေမှာဘဲ ကိုယ်တောက်လျှောက် ကန်ပိန်းလုပ်ခဲ့တာပါ၊ သူ့အနေနဲ့ ဒါကို မသိဘဲနဲ့ ပြောခဲ့တာကို sorry ပါဘဲ၊ သူဘာသူ ဒါစည်းမရှိ ကမ်းမရှိထွက်သွားတယ်လို့ ဘဲပြောချင်တယ်။
IMNA -ဒီမိုကရေစီနိုင်ငံမှာ ပြန်ကြားရေးဝန်ကြီးဌာန ဒါမှမဟုတ်ပြန်ကြားရေးဝန်ကြီးကို ဘယ်လိုပုံစံမျိူး ဖြစ်သင့်လဲ၊ ဘယ်လိုပုံစံမျိုးမျှော်လင့်ထားပါသလဲ။
စိုးရာဇာထွန်း- ဒီမိုကရေစီနိုင်ငံမှာ ပြန်ကြားရေးဆိုတာ ရှိခဲ့ရင်တောင်မှ အစိုးရမီဒီယာတွေကို ကိုင်တွယ်ဖို့ အာဏာပေးထားတာပါ၊ ပုဂ္ဂလိက မီဒီယာတွေကို ကိုင်တွယ်ခွင့်ပေးထားတာမဟုတ်ပါဘူး၊ အစ်ကိုတို့ ဆီမှာက ဒါကို န.ဝ.တ ခေတ်ကတည်းက စခဲ့တာပါ၊ ဦးသန်းရွှေလက်ထပ် အပြောင်းအလဲမှာ ဦးကျော်ဆန်းကို ဒါကို အပ်နှင်းခဲ့တာပါ၊ ဒါကအမှန် မရှိသင့်ပါဘူး၊ ဒီမိုကရေစီလို့ သူတို့ ပြောနေတာနဲ့အညီ ပြန်ကြားရေးဝန်ကြီးဌာနကို သူတို့ ဖြုတ်ပေးရပါလိမ့်မယ်၊ အဲဒါမှ ကိုယ်တို့ အခက်အခဲတွေ သတင်းယူရတဲ့ အခက်အခဲတွေ အကုန်လုံး လွှတ်လပ်ခွင့်တွေကို ပိတ်ပင်မှုတွေ အားလုံး မရှိတော့မှာပါ၊ ဒါမှ ပွင့်လင်းလာမယ်လို့ မျှော်လင့်ပါတယ်။
IMNA -ကျေးဇူးတင်ပါတယ် အစ်ကို။",2.0,3.0,2.0,5.0,5.0,"The text is a journalistic interview regarding press freedom in Myanmar. It provides insight into political activism and media relations, offering moderate reasoning. It is clean, well-formatted, and uses authentic Burmese journalistic language, including specific political context and honorifics, making it culturally nuanced and accessible to a general audience."
<urn:uuid:154c5e40-ebc1-469e-97db-9b846554e696>,"ကဗျာဆရာ ပိုင်စိုးဝေ ရဲ့ ကဗျာ ၃ ပုဒ်ကို burmesepoetryfoundation group မှ အမှတ်တရ
တင်ဆက်လိုက်ပါတယ်၊ ခေတ်ပေါ်ကဗျာ ခေတ်ဦးကာလကနေ မနေ့တစ်နေ့ကအထိ တောက်လျှောက်
ကဗျာများ ရေးသားလာခဲ့ အစဉ်အလာရှိတဲ့ ကဗျာဆရာတဦးအဖြစ် မမေ့မလျော့ ဖော်ပြရမယ်လို့
ခံယူပါတယ်။
ရီဟာဇယ်ည
တစ်ရက်ပြီး တစ်ရက်
အသက်ကကြီးကြီးလာတော့
ကျက်ထားတဲ့ မီးနင်းတွေ တဖြည်းဖြည်းမေ့ရ။
ခင်ဗျား အသက်ဘယ်လောက်ရှိပြီလဲ
အမေးခံရတဲ့ အခါ
လူရဲ့ ဇီဝဖြစ်တည်မှုပုံစံကို
သံသယ ဖြစ်မိရဲ့။
များများကြီး တွေးခေါ်မိတော့
နည်းနည်းပဲ ယုံကြည်တော့တယ်။
မယုံကြည်ပါရစေနဲ့
မယုံကြည်ပါရစေနဲ့
မယုံကြည်မှုအတွက် စိတ်ကိုစိတ်နဲ့ စီးချင်းထိုးတဲ့
ကမ်းတက်တိုက်ပွဲ
ငါ့နံဘေးက အတူ ချီတက်သူ နီရှေး
ဒဏ်ရာနဲ့ လဲကျ
ဟိုမှာ ရန်သူရှာနေတဲ့ ပို့စ်မော်ဒန် ဝံပုလွေ တစ်ကောင်
အမှောင်ခေတ်ကြီးထဲက မလွတ်မြောက်သေးတဲ့ မြေခွေးအဖြစ်
ငါ သရုပ်ဆောင်ရ
ချွတ်လိုက်ဝတ်လိုက် ဝင်လိုက်ထွက်လိုက်
ဘုရားသခင်ရဲ့ လက်ညှိုးမကွေးမီ
အားလုံး ဟီးရိုး
အားလုံး ဗီလိန်
တဝက်တပျက် သတ္တိပြောင်မြောက်မှုနဲ့
ဆောင်းရာသီ နန်းတော်ကို သိမ်းပိုက်ခဲ့ကြ
နွေဦးပေါက်ကာလရောက်တော့
ဟာသတစ်ခု လက်ဆောင်ရတယ်။
ပုဇဉ်းရင်ကွဲတွေက ရင်ကွဲအောင် အော်ကြ
နက္ခတ်တာရာတွေက အသွားအလာမမှန်
လမ်းကြောင်းမဖြောင့်
အကောက်သွားခြင်းနဲ့သွားကြ
ခရေပန်းတွေ နင်းခြေခံရ
ညက အိပ်ရေးပျက်ကြဟန်တူရဲ့။
ဒေါ်ခင်စောအေး ပိုင်တဲ့
ဟောဒီမြောက်ပြန်လေမှာ
မမြဲခြင်းတရားကို အမြဲတမ်း လက်ကိုင်ထားတဲ့
ကျွန်တော့်မိတ်ဆွေ ကဗျာဆရာ
ဇာတ်သိမ်းခန်း မရောက်ခင် ဇာတ်သိမ်းသွားပေါ့။ ။
ပိုင်စိုးဝေ
(ရနံ့သစ်၊ ဇွန် ၂၀၀၃)
ဒုက္ခဆက်တင်
လူလည်နဲ့ လူအ
နှစ်မျိုးလုံးတင်ဆက်လို့ရတဲ့ မြို့တော်ကြီးမှာ
တစ်ဝက်အောင်မြင်ပြီး
တစဝက်ကျဆုံးခဲ့ရ။
ဒီမြို့ကြီးဟာ
ငါ မကူးခတ်နိုင်လောက်အောင် မကျယ်ဝန်းပါဘူး။
လမ်းပျောက်နေသလားတဲ့
လမ်း ရှာမတွေ့သေးလို့ပါ။
အကုသိုလ်ဒုစရိုက်တရား
ဒါလောက်များခဲ့သူ မဟုတ်ပါဘူးကွယ်
ဆူးလေဘုရားကို ရှာတွေ့ရမှာပေါ့။
ဒုက္ခတွေကို ဒုက္ခနဲ့မြှောက်ခဲ့ရသူမို့
နောက်ထပ် ဒုက္ခပန်းတစ်ပွင့်
မဖူးပွင့်ပါရစေနဲ့တော့ ညီမလေးရယ်။
ဖြောင့်ချက်တွေကို မပေးမိခင်
လေနှင်ရာလွင့်ခဲ့ရတာကိုပဲ
မင်းတို့မြို့ကလေးကို ကျေးဇူးတင်ရ။
ဘတ်စ်ကားပေါ်မှာ
မတော်တဆလက်ချင်းထိမိသလိုသာ
သဘောထားလိုက်ပါတော့။ ။
ပိုင်စိုးဝေ
(ဗြူတီ၊ ဇူလိုင် ၂၀၀၃)
တိုင်ကပ်နာရီ
ခင်ဗျားက
ကိုယ့်အကြောင်းကိုယ်ပြောဖို့ ချောင်းနေသူလား
ကျွန်တော်က
ကိုယ့်အကြောင်းကိုယ် ပြောဆိုခြင်းမှ
ထွက်ပြေးနေသူပါ။
သတိထား
သတိထား…သတိထား
သစ်ပင်အမြင့်ကြီးပေါ်တက်တဲ့အခါ သတိထား
ကိုယ့်အကြောင်းကိုယ်ပြောတဲ့အခါ သတိထား။
ငှက်တွေဟာ ပျံရင်းသေကြတယ်
လူတွေကတော့
ကိုယ့်အကြောင်းကိုပြောရင်း သေကြတယ်
သိပ္ပံပညာအကြောင်းဟာ
သိပ္ပံပညာ မဟုတ်ပါဘူး
ဂီတအကြောင်းဟာလည်း ဂီတ မဟုတ်ဘူး
ခင်ဗျားပြောတဲ့ ခင်ဗျားအကြောင်းဟာ
ခင်ဗျား ဖြစ်နိုင်ပါတော့မလား။
ပန်းကလေးတွေ
တစ်ပွင့်ပြီး တစ်ပွင့် သူတို့အကြောင်း သူတို့ပြောရင်း
သေဆုံးကြရ၊
ကြယ်ကလေးတွေ
တဖြုတ်ဖြုတ်ကြွေကျနေတာ
သူတို့အကြောင်းသူတို့ ပြောနေကြတာ
အချိန်တွေဘယ်လိုသေဆုံးရတယ်ဆိုတာ
ပြောပြဖို့တော့
တိုင်ကပ်နာရီတစ်လုံးနဲ့ မလုံလောက်နိုင်ဘူးပေါ့။
သတိထား
သစ်ပင်အမြင့်ကြီးတွေပေါ် တက်တဲ့အခါ သတိထား။ ။
ပိုင်စိုးဝေ
(ဇူလိုင်၊ ၂၀၀၃)
ဖော်ပြပါ ကဗျာများကို majestic publishing မှ ၂၀၀၈၊ ဇန်နဝါရီလတွင် ထုတ်ဝေသော
မူးနေတဲ့ ကြယ်တံခွန် ကဗျာစာအုပ်မှ ကူးယူဖော်ပြပါသည်။
ဖော်ပြပါ ကဗျာများကို majestic publishing မှ ၂၀၀၈၊ ဇန်နဝါရီလတွင် ထုတ်ဝေသော
မူးနေတဲ့ ကြယ်တံခွန် ကဗျာစာအုပ်မှ ကူးယူဖော်ပြပါသည်။",2.0,3.0,2.0,3.0,5.0,"The document contains literary poetry by a well-known Burmese poet. While it lacks structured educational exercises, it offers significant cultural and linguistic value. The text is authentic and reflects the Burmese literary tradition. It contains some minor repetition of the source citation at the end, but the core content is clean and well-formatted."
<urn:uuid:df835fd8-2809-4fc7-9579-6bf509f25a72>,"အွန်လိုင်းတွင် ဆောင်းပါးမှာ အဆုံးသတ်သည်ဟု မရှိပါ
အင်တာနက်သည် ဘယ်တော့မှ မရပ်တန့်သည့် မပြတ် စီးဆင်းနေသော မီဒီယာပုံစံတစ်ခု ဖြစ်သည်။ ရုပ်မြင်သံကြားနှင့် ရေဒီယို (မပြတ် စီးဆင်းနေသော မီဒီယာ ပုံစံဖြစ်သည့်) တို့နှင့် မတူဘဲ အင်တာနက်သည် သတင်းများက ၂၄/၇ ရက်လုံး ပြောင်းလဲနေသည့် ကမ္ဘာ့ရွာခေတ်တွင် ပေါ်ထွက်လာသောကြောင့် သတ်သတ်မှတ်မှတ် ထုတ်လွှင့်ချိန်မရှိသည်မှာ အသေချာပင် ဖြစ်သည်။ လက်တွေ့အားဖြင့် သတင်းများကို မနက်ည အချိန်မရွေး ထုတ်လွှင့်နိုင်သည်ဟု ၎င်းက ဆိုလိုပါသည်။ တခြားအချိန်များထက် အချို့သော အချိန်များတွင် အသုံးပြုမှု ပိုများလျှင်ပင် သတင်းအပိုင်းအစကို “ပြန်ချုပ်ဆွဲထားရန်” မလိုအပ်ပါ။
အက္ခရာ ၁၄၀ လုံး Tweet သို့ ရိုးရှင်းသော လင့်ခ်ဖြင့် စတင်ရန်မှာ သတင်းအပိုင်းအစအတွက် ထူးခြားပါသည်။ ထိုသို့သော ဖြစ်ရပ်မှာ နာမည်ကျော်များ၏ ဘဝနေထိုင်မှုများကို အထူးစောင့်ကြည့်သည့် pure-player သတင်းစာမျက်နှာ၏ Twitter တွင် ရေးတင်သော မက်ဆေ့ချ်မှာ မိုက်ကယ်ဂျက်ဆင်၏ သေဆုံးမှုအတွက် ပထမဆုံး ကြေညာချက် ဖြစ်ခဲ့ခြင်းဖြစ်သည်။
“အရေးတကြီး — TMZ.com သည် မိုက်ကယ်ဂျက်ဆင် နှလုံးဖောက်၍ လော့စ်အိန်ဂျလိစ် ဆေးရုံသို့ ခေါ်ဆောင်သွားသည်ဟု ကြေညာပါသည်။”
အဆိုပါ Tweet ၏ ၂၄ နာရီအတွင်း Twitter ဒေတာ စီးဆင်းမှုနှင့် Facebook ဒေတာ စီးဆင်းမှု သုံးဆမြင့်တက်ခဲ့ပြီး အဆိုပါ သတင်းဖြစ်ပြီးနောက် စကားဝိုင်းများ ထွက်ပေါ်လာနိုင်ခြေ ညွှန်ပြချက် ရှိခဲ့ပါသည်။ နောက်တစ်နေ့တွင် ကမ္ဘာ့အကြီးဆုံး နေ့စဉ် သတင်းစာများသည် ၎င်းတို့၏ စာဖတ်သူများအတွက် ပြည့်စုံလုံလောက်သော နာရေးသတင်းကို စီစဉ်ပေးနိုင်ခဲ့သည်။ နှစ်နှစ်ကြာပြီးနောက် ကြယ်ပွင့်အဆိုတော် မသေဆုံးမီ နာရီအတွင်း ၎င်းကို ကုသပေးသည့် ဆရာဝန်အား လော့စ်အိန်ဂျလိစ် တရားရုံးက စစ်ဆေးခဲ့ပြီး စီရင်ချက်ချခဲ့သည်။ ဇာတ်ကြောင်းသည် ဆောင်းပါး ဖန်တီးရေးသားခြင်း သဘောတရားအတွက် ကောင်းမွန်သော သရုပ်ဖော်မှု ဖြစ်ပြီး ၎င်းတွင် အချိန်ကြာမြင့်စွာအထိ အပါအဝင် သတင်း တိုးတက်လာသည်နှင့်အမျှ ပေါင်းထည့်သည့် အကြောင်းအရာ ပါရှိသည်။
စဉ်ဆက်မပြတ် ပြင်ဆင်ချက်များကို ဘယ်လို ထည့်သွင်းရမလဲ။
အွန်လိုင်း သတင်းပညာ၏ အဓိက စိန်ခေါ်မှုတစ်ခုမှာ သတင်းများအတွက် ရာသက်ပန် ပြောင်းလဲမှုများကို မြင်စေနိုင်ပြီး လက်ဆုပ်လက်ကိုင်ပြနိုင်စေရန် ဖြစ်သည်။ သို့ဖြစ်ပါ၍ ၎င်းက ရက်စွဲ (ထုတ်ပြန်သည့် နေ့၊ နှစ်နှင့် အချိန်) နှင့် တိကျသော အမျိုးအစားခွဲမှု (တက်ဂ်) ကို ပံ့ပိုးရန် မရှိမဖြစ်လိုအပ်ပြီး ထိုနည်းလမ်းဖြင့် အင်တာနက် သုံးစွဲသူအား ခွဲခြားရွေးထုတ်နိုင်စေပါသည်။ ၎င်းက သင်၏ စုစည်းသိမ်းဆည်းမှုများအတွက် စစ်မှန်သော တန်ဖိုးကိုလည်း ပေးအပ်ပါသည်။ မိုက်ကယ် ဂျက်ဆင် သေဆုံးမှုက ရှေ့တန်းသို့ ပြန်ရောက်လာသည့်အချိန်တိုင်းတွင် ဤအကြောင်းအရာကို ရှာဖွေရေး အင်ဂျင်များက “အရေးတကြီးဆင့်ခေါ်” ပြီး ဝဘ်သုံးစွဲသူများက ဖတ်ရှု (သို့မဟုတ် ပြန်လည်ဖတ်ရှု) ပါမည်။
အဆိုပါ အခြေအနေတွင် သတင်းစာဆရာများသည် စည်းကမ်းချက်နှစ်ခုကို လိုက်နာရန်မှာ အလွန်အရေးကြီးပါသည်-
- အမှားကို အင်တာနက် သုံးစွဲသူက သတင်းပေးပို့ပြီးနောက် အမှားပြုလုပ်ခဲ့ကြောင်း အသိအမှတ်ပြုခြင်းနှင့်
- ဆောင်းပါး၏ အောက်ခြေတွင် ပြင်ဆင်ချက်များ ခွဲခြားသတ်မှတ်၍ အဆိုပါ အမှားကို မြင်နိုင်အောင်ပြုလုပ်ခြင်း။
ဤအကျင့်သည် သင်၏ စာဖတ်သူများထံမှ လက်ခံရရှိသည့် လေးစားမှုကို တိုးလာစေမည်ဖြစ်ပြီး သင်၏ အပေါင်းအဖော် သတင်းစာဆရာများ၏ နှိမ့်ချခြင်းကို တိုးတက်စေပါမည်။",3.0,3.0,3.0,5.0,2.0,"The text provides a clear, educational overview of digital journalism and the evolution of news reporting. It uses logical examples like the Michael Jackson case to illustrate concepts. The language is natural and professional, though it is a translation of Western media concepts rather than a piece deeply rooted in indigenous Burmese cultural context."
<urn:uuid:c176fa5e-00a9-4018-af5a-a1c30f986964>,"Email This Story :
မြန်မာနိုင်ငံမှာ လူဦးရေတိုးနှုန်း ကျဆင်းနေလို့ “အမျိုးသားလူဦးရေမူဝါဒ” ချမှတ် ဆောင်ရွက်ဖို့ ရေကြည် မဲဆန္ဒနယ်က ဒေါက်တာစံရွှေဝင်းက ပြည်သူ့လွှတ်တော်မှာ ဆွေးနွေး ပြောဆိုခဲ့ပါတယ်။
၁၉၅၅ ခုနှစ်လောက်က လူဦးရေတိုးနှုန်း ၂ ဒသမ ၀၁ လောက် ရှိရာကနေ ၂၀၁၄ ခုနှစ်မှာ ဒသမ ၈၉ ပဲ ရှိတော့တယ်လို့ ဒေါက်တာစံရွှေဝင်းက ဖေဖော်ဝါရီ ၅ ရက် လွှတ်တော်မှာ ပြောခဲ့တာပါ။
“၂၀၁၄ သန်းခေါင်စာရင်း အခြေခံအချက်အလက်များအရ မြန်မာနိုင်ငံရဲ့ လူဦးရေဟာ ၅၂ သန်းဖြစ်ပါတယ်။ သို့သော် အဲဒီအချိန်တုန်းက ကျနော်တို့ လက်ခံထားတဲ့ ၁၉၈၃ ခုနှစ် လူဦးရေကို အခြေခံပြီးတော့ တွက်ချက်ထားတဲ့ ခန့်မှန်းလူဦးရေက ၆၂ သန်း ဖြစ်ပါတယ်။ လူဦးရေ ကွာခြားမှုက ၁၀ သန်း ဖြစ်ပါတယ်။ တပြိုင်နက်တည်းမှာပဲ လူဦးရေတိုးနှုန်းက ဒသမ ၈၉ ဖြစ်ပါတယ်။ ၁၉၅၅ ခုနှစ်လောက်က ၂ ဒသမ ၀၁ လောက် ဖြစ်တာကနေ တဖြည်းဖြည်း ကျဆင်းလာပြီးတော့ ၂၀၁၄ ခုနှစ်မှာ ဒသမ ၈၉ ဖြစ်သွားတဲ့အတွက် လူဦးရေဟာ တဖြည်းဖြည်း တိုးနှုန်းတွေ ကျဆင်းနေတယ်ဆိုတဲ့အချက်ကို တွေ့ရပါတယ်။”
ဒေါက်တာစံရွှေဝင်းရဲ့ “အမျိုးသားလူဦးရေ မူဝါဒ” ချမှတ်ဆောင်ရွက်ဖို့ အစီအစဉ် ရှိ၊ မရှိ ဆိုတဲ့ မေးခွန်းနဲ့ပတ်သက်လို့ အလုပ်သမား၊ လူဝင်မှုကြီးကြပ်ရေးနှင့် ပြည်သူ့အင်အား ဝန်ကြီး ဦးသိန်းဆွေက ဝန်ကြီးဌာနအနေနဲ့ ရေးဆွဲဖို့ အစီအစဉ် ရှိတယ်လို့ ဖြေကြားသွားပါတယ်။
“ဝန်ကြီးဌာနအနေနဲ့ ၂၀၁၄ ခုနှစ်၊ သန်းခေါင်စာရင်း အချက်အလက်များကို အသေးစိတ် လေ့လာဆန်းစစ်ထားတဲ့ သုတေသနစာတမ်းများက တွေ့ရှိချက်များကို မူတည်ပြီး လူဦးရေမူဝါဒ ရေးဆွဲနိုင်ရန် ရည်မှန်းထားတယ်။ ပြည်ထောင်စုသမ္မတ မြန်မာနိုင်ငံတော်ရဲ့ လူဦးရေနှင့် ဖွံ့ဖြိုးတိုးတက်ရေးလုပ်ငန်းများ ဆောင်ရွက်နိုင်ဖို့၊ နိုင်ငံမှာ ရှိတဲ့ လူဦးရေဆိုင်ရာ အဖွဲ့အစည်းများနဲ့ ချိတ်ဆက်ဆောင်ရွက်နိုင်ဖို့နဲ့ ဥပဒေ၊ နည်းဥပဒေနဲ့ မူဝါဒများ ချမှတ်ဆောင်ရွက်နိုင်ဖို့အတွက် လုပ်ငန်းစဉ် ပထမခြေလှမ်းအဖြစ် အမျိုးသားအဆင့် လူဦးရေနှင့် ဖွံ့ဖြိုးတိုးတက်ရေး ကော်မရှင်ကို ဖွဲ့စည်းဖို့ လိုအပ်တယ်။”လို့ ၀န်ကြီးကပြောပါတယ်။
ကော်မရှင်ကို ၂၀၁၁ခုနှစ် နိုဝင်ဘာ ၂၄ရက်ကတည်းက ဖွဲ့စည်းခဲ့ပေမယ့် ၂၀၁၆ မတ်လ ၂၉ ရက်မှာ အစိုးရက ဖျက်သိမ်းခဲ့လို့ ပြန်လည်ဖွဲ့စည်းခွင့်ပြုဖို့ ဝန်ကြီးဌာနအနေနဲ့ ပြည်ထောင်စု အစိုးရ အဖွဲ့သို့ တင်ပြထားတယ်လို့သိရပါတယ်။
ကော်မရှင်ဖွဲ့စည်းခွင့်ရရှိရင် လူဦးရေမူဝါဒ ရေးဆွဲခြင်း လုပ်ငန်းစဉ်တွေကို ကော်မရှင်က ဦးစီးပြီး ဝန်ကြီးဌာနပေါင်းစုံ ပါတဲ့ အဖွဲ့တွေနဲ့ စနစ်တကျ ဆောင်ရွက်သွားမယ်လို့ ပြည်ထောင်စုဝန်ကြီး ဦးသိန်းဆွေက လွှတ်တော်မှာ ပြောသွားပါတယ်။",3.0,3.0,3.0,3.0,4.0,"The text is a factual report on parliamentary discussions regarding national population policy. It provides educational value by explaining demographic trends and government processes. It contains minor boilerplate (e.g., 'Email This Story') but is otherwise coherent and uses natural, formal Burmese appropriate for political reporting."
<urn:uuid:dadc45d1-c53c-415d-b964-04a56fdf92df>,"၂၀၁၃-၁၄ ဘဏ္ဍာရေးနှစ်အတွက် အစိုးရအဖွဲ့ အသုံးစရိတ် လျာထားငွေတွင် နိုင်ငံတော်ဘတ်ဂျက်၏ ၂၁ ရာခိုင်နှုန်းကို စစ်တပ်အသုံးစရိတ်အတွက် တင်ပြတောင်းခံထားရာ ယခင်နှစ် စစ်အသုံးစရိတ်ထက် မြင့်နေကြောင်း သိရသည်။
ပြီးခဲ့သည့် ၂၀၁၂-၁၃ ဘဏ္ဍာာရေးနှစ်တွင် စစ်အသုံးစရိတ်ကို နိုင်ငံတော်ဘတ်ဂျက်၏ ၁၄ ဒသမ ၃၉ ရာခိုင်နှုန်း သုံးစွဲရန် ပြည်ထောင်စုလွှတ်တော်က အတည်ပြုပေးခဲ့သည်။
“ငွေစာရင်း ကော်မတီဝင်တချို့ ပြောတာကတော့ စစ်တပ်အသုံးစရိတ်က ၂၁ ရာခိုင်နှုန်း ၀န်းကျင်အထိ တင်ပြထားတော့ တော်တော်ကြီး များနေတယ်လို့ ပြောကြတယ်။ ခွင့်ပြုပေးရေးကိစ္စကို လွှတ်တော်မှာ ဆွေးနွေးပြီးမှ ဘယ်လောက်ပဲ ခွင့်ပြုမယ်ဆိုတာ ဆုံးဖြတ်ကြမှာပါ” ဟု အမျိုးသားလွှတ်တော် ကိုယ်စားလှယ် ဦးဖုန်းမြင့်အောင်က ဧရာဝတီသို့ ပြောသည်။
၂၀၁၃-၁၄ ခုနှစ် ဘဏ္ဍာရေးနှစ် ဘတ်ဂျက် လျာထားငွေ စာရင်းများကို လွှတ်တော် ကိုယ်စားလှယ်များထံ ယမန်နေ့က ဖြန့်ဝေပေးထားသော်လည်း ကိုယ်စားလှယ်များအနေဖြင့် အသေးစိတ် မလေ့လာရသေးကြောင်း၊ စာရင်းကို ကြိုတင်ရရှိထားသည့် ပြည်သူ့ငွေစာရင်း ပူးပေါင်းကော်မတီက ယခုအခါ စိစစ်သုံးသပ် စစ်ဆေးနေပြီဖြစ်ကြောင်း ကိုယ်စားလှယ်များထံမှ သိရသည်။
ယခုနှစ်တွင် စစ်ရေးအသုံးစရိတ် တိုးတောင်းလာခြင်းသည် လက်ရှိဆင်နွဲနေသော ကချင်ဒေသ စစ်ပွဲများကြောင့် ကုန်ကျမှု များပြားသည့်အတွက်လည်း ဖြစ်နိုင်ကြောင်း၊ စစ်ရေးအသုံးစရိတ်သည် နှစ်စဉ်များနေသည့်တိုင် ယခင်ထက် တိုးမြှင့်ရန် မသင့်တော့ကြောင်း ပြည်သူ့လွှတ်တော် ကိုယ်စားလှယ် ဦးခိုင်မောင်ရီ (ခ) ဦးခင်မောင်ရီက ပြောသည်။
“မြန်မာနိုင်ငံက စစ်ရေးအင်အားကြီး နိုင်ငံတည်ဆောက်ဖို့ မလိုအပ်သေးတော့ စစ်အသုံးစရိတ်တွေ လျော့ချပြီးတော့ ပြည်သူတွေအတွက် အရေးကြီးတဲ့ စီးပွားရေး၊ ကျန်းမာရေး၊ ပညာရေး ကဏ္ဍတွေမှာ ပိုမိုသုံးစွဲသင့်ပါတယ်၊ စစ်အသုံးစရိတ်ဟာ ပြည်သူတွေအတွက် ၀န်ထုပ်ဝန်ပိုး ဖြစ်မနေသင့်ဘူး” ဟု ၎င်းက ဧရာဝတီသို့ ပြောသည်။
စစ်တပ်၏ အသုံးစရိတ်အား လျှော့ချကာ ငြိမ်းချမ်းရေး တည်ဆောက်ရေး တည်ဆောက်ခြင်းကိုသာ အဓိကထား ဆောင်ရွက်သင့်ကြောင်း၊ တနိုင်ငံလုံး တည်ငြိမ်အေးချမ်းသွားပါက တိုက်စစ်စရာ မလိုတော့ဘဲ ပြည်သူတို့၏ လူမှုဘ၀ စီးပွားရေး တိုးတက်မှု လုပ်ငန်းများကို ပိုမိုလုပ်ဆောင်နိုင်မည်ဟုလည်း ဦးခိုင်မောင်ရီက ပြောသည်။
၂၀၁၃-၁၄ ခုနှစ် ဘဏ္ဍာရေးနှစ်အတွက် နိုင်ငံပိုင်စီမံကိန်းများ၊ ရင်းနှီးမြှုပ်နှံမှုများနှင့် ၀န်ကြီးဌာန ၃၄ ခု အတွက် အသုံးစရိတ် လျာထားငွေမှာ ကျပ်သန်းပေါင်း ၄၆၈၉၆၁၉ ဒသမ ၈၆၂ တင်ပြထားကြောင်း၊ ၎င်းအနက် စစ်တပ် တခုတည်းအတွက် လျာထားငွေမှာ ကျပ်သန်းပေါင်း ၁၀၆၇၃၆၅ ဒသမ ၆၀၃ သန်းဖြစ်ကြောင်း The Voice Weekly ဂျာနယ်၏ အင်တာနက် စာမျက်နှာ၌ ဖော်ပြထားသည်။
စစ်တပ်သည် ဦးနေ၀င်းအစိုးရ လက်ထက်မှ နအဖ စစ်အစိုးရ လက်ထက်အထိ နိုင်ငံတော် ဘတ်ဂျက်၏ ထက်ဝက်နီးပါးကို သုံးစွဲခဲ့သော်လည်း တရားထုတ်ပြန်၍ ပြည်သူထံ အသိပေးလေ့မရှိပေ။၂၀၁၀ ရွေးကောက်ပွဲအပြီး လွှတ်တော်များ ပေါ်ပေါက်ပြီးနောက်ပိုင်း တရားဝင် ထုတ်ပြန်လာခြင်း ဖြစ်သည်။
ယခု သီတင်းပတ်တွင် ပြန်လည်ကျင်းပနေသည့် ဆဋ္ဌမအကြိမ် လွှတ်တော်အစည်းများတွင် ဥပဒေကြမ်း ကိစ္စများ၊ ရင်းနှီးမြှုပ်နှံမှုဆိုင်ရာ ကိစ္စများ၊ ခေတ်မမီတော့သည့် ဥပဒေတချို့ ဖျက်သိမ်း ပြင်ဆင်ရေးဆွဲရေးကိစ္စ၊ နိုင်ငံတော် ဖွဲ့စည်းပုံဆိုင်ရာ အခြေခံဥပဒေခုံရုံးကိစ္စများနှင့် ၂၀၁၃-၁၄ ဘဏ္ဍာရေးနှစ် အသုံးစရိတ် ကိစ္စများကို ဆွေးနွေးကြမည်ဟု ကိုယ်စားလှယ်များက ပြောသည်။",3.0,3.0,3.0,5.0,5.0,"The text is a well-structured, journalistic report on Myanmar's national budget and military spending. It provides clear, factual information suitable for secondary education, demonstrates logical analysis of fiscal policy, and uses natural, authentic Burmese language and political terminology appropriate for the context."
<urn:uuid:e22bd2b3-7fa2-47ea-8359-f25cf2ec9f1e>,"Email This Story :
ဧရာဝတီတိုင်း ပုသိမ်မြို့နယ်ထဲက မြေဧက ၃၀၀ မှာ စိုက်ပျိုးထားတဲ့ ကော်ဖီ စိုက်ခင်းတွေအတွက် ကွင်းချောင်းနဲ့ မက္ကလာချောင်းက ရေတွေ အလွန်အကျွံ သုံးစွဲနေလို့ ချောင်းတိမ်ကောလာနေပြီး ဒေသခံတွေ ရေအခက်အခဲတွေ့နေ ပါတယ်။
ဒါကြောင့် ချောင်းရေကို အမှီပြုနေတဲ့ ရွာပေါင်း ၁၂ ရွာက ဒေသခံတွေအတွက် သုံးရေ သောက်ရေ အခက်အခဲအပြင် စိုက်ပျိုးထားတဲ့ အပင်တွေအတွက်ပါ ရေအခက်အခဲ ဖြစ်ပေါ်နေတယ်လို့ မဏ္ဍပ်ကျေးရွာမှာ နေထိုင်သူ ဦးဝင်းရွှေက ပြောပါတယ်။
“ကော်ဖီစိုက်ခင်းက ရေတွေ သုံးစွဲတာကြောင့် ကျနော်တို့ ရေသုံးစွဲရတာ နည်းပါးသွားပြီးတော့ အညစ်အကြေး ရေတွေနဲ့ တော်တော်အခက်အခဲ ကြုံတွေ့နေပါတယ်။ မက္ကလာချောင်းမှာ မောင်းတင်နေတဲ့ စက်အလုံးပေါင်း ၁၂ လုံးလောက် စုပ်တင်နေတော့ ဒီရေတွေ ခန်းခြောက်လာပါတယ်။ လူတွေနဲ့ တိရစ္ဆာန်တွေအတွက် သုံးရေ သောက်ရေ တော်တော်လေး ဒုက္ခရောက်နေပါတယ်။ ပြည်သူတွေက ဒီရေကို အမှီပြုနေရတာပါ။”
ဒီဒေသမှာ ကော်ဖီစိုက်ခင်းတွေကို ၂၀၁၄ ခုနှစ်လောက်က စတင်စိုက်ပျိုးနေတာဖြစ်ပြီး ရေသုံးစွဲမှု များတာကြောင့် အရင်က နွေရာသီကာလမှာ ရေ ခါးလယ်လောက်ရှိနေတဲ့ ချောင်းတွေဟာ အခု ဇန်နဝါရီလမှာပဲ ကုန်း စပေါ်နေပါတယ်။
အနီးအနားက ကျေးရွာတွေကလည်း ရေတွင်း ရေကန် တူးမရတာကြောင့် ဒီချောင်းရေကိုပဲ အဓိကထား သောက်ရေ သုံးရေ အသုံးပြုနေရတဲ့အတွက် အစိုးရက ဒီအခြေအနေကို ထိန်းပေးသင့်တယ်လို့ ဒေသခံတွေက ဆိုပါတယ်။
မဏ္ဍပ်ကျေးရွာနေ ဦးကျော်စိုးက “စက်ပေါင်း မြောက်မြားစွာ အသုံးပြုလို့ ရေတွေ ခန်းခြောက်တယ်။ ဒီနေရာမှာ စက်က ပြန်တင်လိုက်တဲ့ ရေတွေ၊ စက်က ပြန်ကျလာတဲ့ ရွှံ့နှစ်တွေ ပါလာတယ်။ ပိုက်တွေကနေ ဆီတွေကျတယ်။ ဖြတ်သွားဖြတ်လာ လူသွားလူလာ များလာတဲ့အခါကျတော့ ဒီရေတွေမှာ အညစ်အကြေးတွေနဲ့ အနောက်တွေပဲ ကျနော်တို့ သုံးစွဲရတယ်။ ဒီချောင်းကို မှီခိုအားထားပြီးနေရတဲ့သူတွေက ၄ အုပ်စုဆိုတော့ ရွာပေါင်း ၈ ရွာလောက် ရှိပါတယ်။ အနားပါးနီးရွာတွေနဲ့ဆို အားလုံးပေါင်း ၁၂ ရွာလောက် ဒီရေကို အားကိုးနေရတယ်။ အခက်အခဲဖြစ်လို့ ကျနော်တို့ ပထမတကြိမ် တိုင်တယ်။ စက်က ၇ လုံးလောက် စုပ်တယ်။ နောက်တချီကျတော့ စက် ၁၂ လုံးလောက် ဖြစ်သွားတယ်။ ဒီတချီမှာ ထပ်တိုင်ရင် စက် ၁၅ လုံး ဖြစ်မလားလို့ ကျနော်တို့ စိုးရိမ်ပါတယ်” လို့ ပြောပါတယ်။
ဒီကော်ဖီစိုက်ခင်းတွေကို MAGTCoffee ကုမ္ပဏီက စိုက်ပျိုးနေတာဖြစ်ပြီး မြေဧက ၃၀၀ ပေါ်မှာ တဧကကို ကော်ဖီပင် ၄၃၅ ပင်နှုန်းနဲ့ ကော်ဖီပင်ပေါင်း ၁၃၀၅၀၀ စိုက်ပျိုးထားပါတယ်။
ကော်ဖီတပင်ကို တလကို ရေ ၃၀ ဂါလန်နီးပါး ကွင်းချောင်းထဲကနေ ရေပိုက်ချ စုပ်တင်ပြီး လောင်းနေပေမယ့် ဒီလို ရေသုံးစွဲတာကြောင့် ချောင်းတွေ တိမ်ကောလာတာ မဟုတ်ဘဲ နဂိုကတည်းက အခုချိန်ရောက်ရင် တိမ်ကောနေတဲ့ ချောင်းတွေသာ ဖြစ်တယ်လို့ MAGT Coffee ကုမ္ပဏီ တာဝန်ရှိသူတွေက ဆိုပါတယ်။
MAGT ကုမ္ပဏီဟာ အိန္ဒိယနိုင်ငံသား ကော်ဖီစိုက်ပျိုးရေးပညာရှင်တဦးရဲ့ နည်းပညာတွေနဲ့ ပုသိမ်မြို့နယ်ထဲက သစ်တောမြေဧက ၃၀၀၀ ကို လျှောက်ထားပြီး လတ်တလော ဧက ၃၀၀ စတင်စိုက်ပျိုးနေပါတယ်။
သတင်း – မြမင်းဦး(ပုသိမ်)",3.0,3.0,2.0,3.0,4.0,"The text is a journalistic report on a local environmental conflict in Pathein. It provides educational value regarding resource management and local issues. It presents multiple perspectives (residents vs. company), demonstrating basic reasoning. It is written in natural, authentic Burmese, though it contains some boilerplate header text."
<urn:uuid:1b8b19ac-6776-4891-8919-85fe24a6447e>,"ရန်ကုန်တိုင်းအစိုးရ စာရင်းစစ်ချုပ်အစီရင်ခံစာ ထိမ်ချန်ထားဟု ရန်ကုန်စောင့်ကြည့်အဖွဲ့ ထောက်ပြ
888
ရန်ကုန်တိုင်းအစိုးရက ၂၀၁၇-၂၀၁၈ ဘဏ္ဍာနှစ်မှာ ပြည်နယ်နဲ့တိုင်း ၅ ခုစာလောက် ဘဏ္ဍာငွေသုံးစွဲထားပြီး စာရင်းစစ်ချုပ် အစီရင်ခံစာကို ထိမ်ချန်ထားတာ တွေ့ရတယ်လို့ ရန်ကုန်စောင့်ကြည့်အဖွဲ့ တည်ထောင်သူ ဒေါက်တာညိုညိုသင်းက ထောက်ပြလိုက်ပါတယ်။ ရန်ကုန်တိုင်းအစိုးရ ၂၀၁၇-၂၀၁၈ ဘဏ္ဍာနှစ် စာရင်းစစ်ချုပ် အစီရင်ခံစာကို တိုင်းအစိုးရအဖွဲ့ရဲ့ တားမြစ်ချက်ကြောင့် အရင်နှစ်ကလို ရန်ကုန်တိုင်း လွှတ်တော်မှာ တင်ပြခြင်း မရှိသလို လွှတ်တော် ဥက္ကဋ္ဌနဲ့ ပြည်သူ့ငွေစာရင်းကော်မတီကိုသာ ပေးပို့ခဲ့တာပါ။ စာရင်းစစ်ချုပ်အစီရင်ခံစာထဲမှာ YBS အများပိုင်ကုမ္ပဏီတွေမှာ ရင်းနှီးမြှုပ်နှံထားတဲ့ ပြည်သူပိုင်ငွေကြေးတွေ၊ ရန်ကုန်မြို့သစ်စီမံကိန်းအပေါ် ရင်းနှီးမြှုပ်နှံမှုတွေ၊ ရင်းနှီးမြှုပ်နှံထားတဲ့ ငွေတွေကို စီမံခန့်ခွဲရေးစရိတ်တွေမှာ သုံးစွဲထားတာ၊ အစိုးရကို ပေးစရာရှိတဲ့ ဘီလီယံချီတဲ့ အကြွေးတွေနဲ့ ၂၀၁၇-၂၀၁၈ အစိုးရ သုံးထားတဲ့ ဘီလီယံပေါင်း ၄၆၅ ဘီလီယံကျော် သုံးစွဲမှုတွေ ပါဝင်နိုင်ပြီး အဲဒီအပေါ် ထိမ်ချန်ထားတာ တွေ့ရတယ်လို့ ဒေါက်တာညိုညိုသင်းက ထောက်ပြပါတယ်။ “ရန်ကုန်တိုင်းအစိုးရရဲ့ သုံးငွေတွေဟာ ဆောက်လုပ်ရေးလုပ်ငန်းတွေအတွက် သုံးတာ ရှိတယ်။ ၂၀၁၇-၂၀၁၈ မှာဆိုရင် ၄၆၅ ဒသမ ၇ ဘီလီယံသုံးတာ ရှိတယ်။ ၄၆၅ ဒသမ ၇ ဘီလီယံ ဆိုတာ တချို့ ပြည်နယ်နဲ့တိုင်း ၅ ခုစာလောက်ကို သုံးတာ ဖြစ်ပါတယ်။ ရန်ကုန်တိုင်း အစိုးရ ဒီလောက် ပိုက်ဆံအများကြီးကို သုံးထားတယ်။ ဒါပေမဲ့ သူ့ရဲ့လုပ်ငန်းတွေကို အကောင်အထည်ဖော်တဲ့ စာရင်းစစ်ချုပ်ရဲ့ အစီရင်ခံစာကို ထိမ်ချန်ထားရာရောက်တဲ့ အပြအမူတွေကို အထင်အရှား တွေ့နေရတယ်။” စာရင်းစစ်ချုပ်အစီရင်ခံစာကို ပွင့်လင်းမြင်သာစွာ ချမပြတဲ့အပေါ် ရန်ကုန်စောင့်ကြည့်အဖွဲ့အနေနဲ့ ရန်ကုန်တိုင်းလွှတ်တော်မှာ တင်ပြမှုမရှိရင် နိုင်ငံတော်သမ္မတအထိ အစီရင်ခံစာပေးပို့သွားမယ်လို့ ပြောပါတယ်။ ဒါ့အပြင် အဂတိလိုက်စားမှု တိုက်ဖျက်ရေးကော်မရှင်ကလည်း ရန်ကုန်တိုင်းအစိုးရကို ကျော်စောသတင်းနဲ့ စောင့်ကြည့်ပေးဖို့ ရန်ကုန်စောင့်ကြည့်အဖွဲ့က ဇန်နဝါရီ ၆ ရက်နေ့က ကျောက်တံတားမြို့နယ် Myanmar Press Fredom Centre မှာ သတင်းစာရှင်းလင်းပွဲ ပြုလုပ်ပြီး တိုက်တွန်းခဲ့တာပါ။ ရန်ကုန်စောင့်ကြည့်အဖွဲ့ ဒါရိုက်တာ ဒေါ်နီနီခိုင်က “အဂတိလိုက်စားမှု တိုက်ဖျက်ရေးကော်မရှင်အနေနဲ့လည်း စာရင်းစစ်ချုပ် အစီရင်ခံစာမူရင်း ဖော်ပြမထားခြင်းရဲ့ နောက်ကွယ်မှာ လုပ်ပိုင်ခွင့်ရှိသူများရဲ့ တာဝန်ပျက်ကွက်မှုကြောင့် နိုင်ငံတော်ကို နစ်နာစေမှုများကို ဖော်ထုတ်ရန်ဖြစ်စေ၊ လုပ်ပိုင်ခွင့်ကို အလွဲသုံးစားပြု၍ တစုံတဦးတဖွဲ့ကို အကျိုးရှိစေခြင်းတို့ကို ဖော်ထုတ်နိုင်ရန်ဖြစ်စေ၊ အစီရင်ခံစာပါကိစ္စများနှင့် စပ်လျဉ်း၍ ကျော်စောသတင်းအဖြစ် မှတ်ယူနိုင်ရန်ဖြစ်စေ၊ မျက်ခြည်မပြတ် စောင့်ကြည့် ဖော်ထုတ်သင့်ပါကြောင်း တိုက်တွန်းအပ်ပါတယ်”လို့ ပြောပါတယ်။ တရားလွှတ်တော်ရှေ့နေ ဦးကြီးမြင့်က “အခု စာရင်းစစ်ချုပ် အစီရင်ခံစာဆိုတာ ဒေသဆိုင်ရာ ဝန်ကြီးချုပ်ကို အရေးယူဖို့ လိုအပ်သလို ပြင်ဆင်ဖို့အတွက် သူ ပြင်ဆင်စရာရှိလည်း ပြင်၊ အရေးယူစရာရှိလည်း အရေးယူဖို့အတွက် သူ့ကို စာရင်းစစ်ချုပ်က လွှတ်တော်ကနေတဆင့် ဝန်ကြီးချုပ်ကို အစီရင်ခံလိုက်တာ။ ဝန်ကြီးချုပ်က သူကိုယ်တိုင်ကလည်း ပြင်ဆင်စရာရှိတာကို သူကိုယ်တိုင်ကလည်း မပြင်ဘူး၊ အရေးယူစရာရှိတဲ့သူကို အရေးမယူဘူးဆိုရင် အဲဒီဝန်ကြီးချုပ်ကို သမ္မတက အရေးယူရမယ်။” လို့ ပြောပါတယ်။ အစိုးရသစ် တက်လာပြီးနောက်ပိုင်း စာရင်းစစ်ချုပ် အစီရင်ခံစာတွေကို ၂၀၁၅-၂၀၁၆ ခုနှစ်နဲ့ ၂၀၁၆-၂၀၁၇ ခုနှစ်အတွက် လွှတ်တော်ကိုယ်စားလှယ်တိုင်းကို ကြိုတင် ဖြန့်ဝေခဲ့ပါတယ်။ အခုနှစ်မှာတော့ လွှတ်တော်ကိုယ်စားလှယ်တွေဆီ ဖြန့်ဝေတာ မရှိခဲ့ပါဘူး။ စိုးမိုးအောင်",3.0,3.0,3.0,4.0,5.0,"The text is a well-structured news report on local government accountability in Myanmar. It provides educational value regarding political processes and public finance, demonstrates logical reasoning through expert commentary, and uses natural, authentic Burmese language with appropriate local political terminology and context."
<urn:uuid:0f675784-ec9d-4535-b53b-55d84c2cd65e>,"ယုံကြည်မှုတည်ဆောက်ခြင်းကို ထိပါးလာခြင်း : တပ်မတော်မှ အပစ်အခတ် ရပ်စဲရေး ကြေငြာထား သည့် ဒေသများရှိ လူ့အခွင့်အရေးအခြေအနေ
(၂၀၁၉ ခုနှစ် ဇန်နဝါရီလမှ ဧပြီလအထိ)
၂၀၁၉ ခုနှစ် ဇူလိုင်လ ၂၆ ရက်
သတင်းထုတ်ပြန်ချက်
ကချင်နှင့် ရှမ်းပြည်နယ်များတွင် လက်နက်ကိုင် တိုက်ပွဲများပြင်းထန်နေစဉ်မှာပင် ၂၀၁၈ ခုနှစ် ဒီဇင်ဘာလကုန် ပိုင်းတွင် မြန်မာ့ တပ်မတော်က မြန်မာပြည်မြောက်ပိုင်းနှင့် အရှေ့မြောက်ပိုင်းတွင် လေးလတာ တဖက်သတ်အ ပစ်အခတ်ရပ်စဲကြောင်း ကြေငြာခဲ့သည်။ မြန်မာ့တပ်မတော်၏ အပစ်အခတ်ရပ်စဲရေးကြေငြာချက်ကို တိုင်းရင်း သားလက်နက် ကိုင်အဖွဲ့များ (EAOs) က သတိဖြင့် ကြိုဆိုခဲ့ကြပြီး အပြုသဘောဆောင်သည့် ပြုမူဟန်အဖြစ် လည်း ငြိမ်းချမ်းရေးဖြစ်စဉ်နှင့် ပတ်သက်ပြီး စောင့်ကြည့်လေ့လာသူများကလည်း ကြိုဆိုခဲ့ကြသည်။
ယခုလို အပစ်အခတ်ရပ်စဲရေးကမ်းလှမ်းခဲ့သော်လည်း မြန်မာ့တပ်မတော်အနေဖြင့် ကချင်နှင့် ရှမ်းပြည်နယ်တို့ တွင် စစ်တပ်စခန်းသစ်များ တိုးချဲ့နေခဲ့သလို တိုင်းရင်းသားလက်နက်ကိုင်အဖွဲ့များ (EAOs) နှင့် တိုက်ပွဲများ ဆက်လက်ဖြစ်ပွားခဲ့သည်။ တပ်မတော်မှ EAOs တပ်စခန်းများအား စိတ်ထင်တိုင်း ပစ်ခတ်ခြင်း၊ လက်နက်ကြီး ဖြင့်ပစ်ခတ် တိုက်ခိုက်ခြင်းနှင့် လေကြောင်းမှဗုံးကြဲတိုက်ခိုက်ခြင်းတို့ကြောင့် အပစ်အခတ်ရပ်စဲရေး ပထမလေး လကာလနှင့် ထပ်မံတိုးချဲ့သည့် ကာလများအတွင်း အရပ်သား သေဆုံး၊ ဒဏ်ရာရမှု၊ ထွက်ပြေးတိမ်းရှောင်ရမှု များနှင့် မြန်မာစစ်တပ်၏ စစ်အင်အားတိုးချဲ့မှုကို ပိုမိုခံကြရသည်။
အဆိုပါကာလအတွင်း တရားလက်လွတ်သတ်ဖြတ်ခြင်း၊ အတင်းအဓမ္မဖမ်းဆီးခြင်း၊ ညှဉ်းပန်းနှိပ်စက်ခြင်း၊ လိင်ပိ်ုင်းဆိုင်ရာ အကြမ်းဖက်ခြင်း၊ မြေမြှုပ်မိုင်းကြောင့် ထိခိုက်မှုနှင့် တပ်မတော်မှ အရပ်သားများနေထိုင်ရာ သို့ လေကြောင်းမှ ဗုံးကြဲခြင်း၊ လက်နက်ကြီးဖြင့် ပစ်ခတ်ခြင်းတို့အပါအဝင် အရပ်သားများအပေါ် လူ့အခွင့် အရေးချိုး ဖောက်မှုများ ကျူးလွန်ကြသလို တိုင်းရင်းသားလက်နက်ကိုင်အဖွဲ့များမှ ကျူးလွန်မှုများကို လည်း ND-Burma အဖွဲ့ဝင်များမှ မှတ်တမ်းတင်ထာသည်။
ရှမ်းနှင့်ကချင်ပြည်နယ်များတွင် မြန်မာ့တပ်မတော်၏ ဆက်လက်ထိုးစစ်ဆင်နေမှုများနှင့် ရခိုင်နှင့်ချင်းပြည်နယ် များတွင် ပြင်းထန်သောတိုက်ပွဲများဖြစ်နေလင့်ကစား ၎င်းတို့၏ စတုတ္ထအဖွဲ့ဝင်ဖြစ်သော ရခိုင့်တပ်မတော် (AA) အားပါဝင်စေရန် မြောက်ပိုင်းမဟာမိတ်အဖွဲ့က တိုက်တွန်းနေသော်လည်း ၎င်းတို့ကို အပစ်ခတ်ရပ်စဲရေးမှ ဖယ် ချန်ထားခြင်းသည် အပစ်ခတ်ရပ်စဲရေး အကောင်အထည်ဖေါ်ခြင်းကို ရုပ်ပျက်စေပြီး မသေချာမရေရာဖြစ်နေ သည့် မြန်မာ့ငြိမ်းချမ်းရေးဖြစ်စဉ်ကို ပြန်လည်အားဖြည့်အသက်ဝင်စေမည့် မည်သည့် အဓိပ္ပါယ်ရှိသော တွေ့ဆုံဆွေးနွေးမှုကို မဆို ထိခိုက်စေပါသည်။
မြန်မာ့တပ်မတော်အနေဖြင့် မြောက်ပိုင်းဒေသတွင် အပစ်အခတ်ရပ်စဲရေးကြေငြာခြင်းမျိုးနှင့် ငြိမ်းချမ်းရေးနှင့် သက်ဆိုင်သည့် တခြားဆောင်ရွက်ချက်များကဲ့သို့ ငြိမ်းချမ်းရေးအား ရိုးသားမှုမရှိပဲ ကမ်းလှမ်းလုပ်ဆောင်ပါက ငြိမ်းချမ်းရေးနှင့် စစ်ပွဲများရပ်တန့်စေရန်အတွက် စစ်မှန်သည့်တိုးတက်မှုများကို ရရှိမည်မဟုတ် ပေ။ မြန်မာ့တပ်မတော် အနေဖြင့် ပြောထားသည့်အတိုင်း လက်တွေ့လုပ်ဆောင်ပါမှ ယုံကြည်မှုတည်ဆောက် နိုင်မည်ဖြစ်ပြီး ပဋိပက္ခဒေသများရှိ လူ့အသိုင်းအဝိုင်းတွင် လူ့အခွင့်အရေး ချိုးဖောက်မှုများထပ်မံမဖြစ်ပွာစေရေး အတွက် အာမခံမှုများ တိုးချဲ့ဆောင်ရွက်ရမည်ဖြစ်သည်။ မြန်မာ့တပ်မတော်ဖက်မှ ရိုးသားသော ကြိုး ပမ်း အား ထုတ်မှုမပါဝင်ဘဲနှင့် ငြိမ်းချမ်းရေးဖြစ်စဉ်အတွင်း မည်သည့်ယုံကြည်မှု၊ မည်သည့်ခိုင်မာသောတိုးတက်မှုမှ ရှိ လာလိမ့်မည်မဟုတ်ချေ။
ဆက်သွယ်ရန်:
ကိုတိန်ဦး
စည်းရုံးလှုံ့ဆော်ရေးအဖွဲ့
ဖုန်း- +၆၆ (ဝ) ၈၁၅၉၅၆၁၃၈
လိုည်းချီးစငါး
ဖုန်း + ၉၅ (ဝ) ၉၇၉၁၅၃၀၄၅၁
ND-Burma အကြောင်း
ND-Burma ၏ ကွန်ရက်အဖွဲ့ဝင် ၁၂ ဖွဲ့သည် တိုင်းရင်းသားများ၊ အမျိုးသမီးများနှင့် လိင်စိတ်ကွဲပြားသူ များအား ကိုယ်စားပြုကာ လုပ်ဆောင်နေသော အဖွဲ့များ ဖြစ်ကြပါသည်။ နစ်နာခဲ့သူများ၏ တရားမျှတ မှု ရရှိရေးအတွက် လူ့အခွင့်အရေးချိုးဖောက်မှုများကို ၂၀ဝ၄ ခုနှစ်မှစပြီး မှတ်တမ်းတင်နေသည့် ကွန် ရက်အဖွဲ့အစည်းဖြစ်ပါသည်။
အဖွဲ့ဝင်အဖွဲ့အစည်းများ
၁။ နိုင်ငံရေးအကျဉ်းသားများ ကူညီစောင့်ရှောက်ရေးအသင်း (AAPP-B)
၂။ မွန်ပြည်လူ့အခွင့်အရေးဖောင်ဒေးရှင်း (Hurform)
၃။ ကချင်အမျိုးသမီးအစည်းအရုံး (ထိုင်းနိုင်ငံ) (KWAT)
၄။ တအာင်းအမျိုးသမီးအဖွဲ့အစည်း (TWO)
၅။ တအာင်းကျောင်းသားနှင့် လူငယ်အဖွဲ့အစည်း (TSYO)
၆။ ထားဝယ်အမျိုးသမီးသမဂ္ဂ (TWU)
ဆက်စပ်အဖွဲ့အစည်းများ
၁။ ရခိုင်ပြည်လုံးဆိုင်ရာ ကျောင်းသားနှင့် လူငယ်များအစည်းအရုံး (AASYC)
၂။ ချင်းလူ့အခွင့်အရေးအဖွဲ့ (CHRO)
၃။ ပအို့လူငယ်အဖွဲ့ (PYO)
၄။ လူ့အခွင့်အရေး ကာကွယ် မြှင့်တင်သူများအဖွဲ့ (HRDP)
၅။ နိုင်ငံရေးအကျဉ်းသားဟောင်းများကွန်ရက် (ပဲခူးအရှေ့ခြမ်း)
၆။ ရှေ့ပြေးအသံအဖွဲ့ (PV)
ဒေါင်းလုပ်ရယူရန်",3.0,3.0,3.0,5.0,5.0,"The document is a formal human-rights report from a local organization. It provides coherent, structured analysis of political and conflict-related events in Myanmar. It is written in natural, professional Burmese, reflecting authentic local context, terminology, and organizational structures, making it highly relevant for understanding the regional socio-political landscape."
<urn:uuid:195b25df-cea4-473c-8829-53eb8fa3d2df>,"စွန့်၍ စွန်လွှတ်ခြင်း
စွန်ကလေး၊ ခပ်သေးသေးပါ။ ကြွားကြွားရွားရွား အဆင်တန်ဆာတွေ တပ်ဆင်မထားသော၊ ဆေးရောင်စုံ ခြယ်သ မထားသော၊ မည်သည့် အဆောင်အယောင်မျိုးမှ မပါသော စွန်ရိုးရိုးလေး ဖြစ်ပါသည်။ စွန်ကလေးကို နာမည်တစ်ခုခု ပေးနိုင်သည်။ ဥပမာ ကိုကို ဆိုပါတော့။
.
ကိုကိုသည် လူဆိုးကလေး ဖြစ်နိုင်သည်။ မိုးပေါ်ကို ရုန်းပျံဖို့ အမြဲကြိုးစားနေသော စွန်ကလေးသည် တော်လှန်ပုန်ကန်လိုစိတ် တမျိုးမျိုး ကိန်းအောင်းနေသူလေးပဲ ဖြစ်ရမည်။ ကိုကိုသည် မိဘတွေ မသိအောင် ပိုက်ဆံကို တိတ်တိတ်ယူကာ ဂစ်တာတစ်လက်ကို ၀ယ်လာသော ဆံပင်ရှည်ရှည်နှင့် လမ်းသရဲကလေး ဖြစ်နိုင်သည်။ ကိုကိုသည် ဉာဏ်ကောင်းသလောက် ကျောင်းစာကို မကြိုးစားချင်သော အပေအတေကလေး ဖြစ်နိုင်သည်။ ကိုကိုသည် လိုအပ်လာသောအခါ အများရှေ့ထွက်ပြီး မားမားမတ်မတ် စကားပြောရဲသူ မဟုတ်မခံ ခေါင်းဆောင်ကလေး ဖြစ်နိုင်သည်။ ကိုကိုသည် မုန်တိုင်းကိုအာခံရင်း လေနှင့်အတူလွင့်ပြီး မိခင်မြေကြီးမှ ဝေးရာကို ပျံတက်ကာ ဘယ်တော့မှ အိမ်ပြန်မလာတော့သော စွန်ကလေး ဖြစ်နိုင်ပါသည်။
စွန်ကလေးနှင့် ကိုယ့်ကြားမှာ ကြိုးမျှင်လေးတစ်ချောင်း ရှိသည်။ မှန်စာတိုက်မထားသော၊ သူတပါးနှင့် စီးချင်းထိုးဖို့ မရည်ရွယ်သော၊ မည်သူ့ကိုမှ ပြတ်တောက်နာကျင်အောင် မကြိုးစားသော သာမန် စွန်ကြိုးလေးတစ်မျှင် ဖြစ်ပါသည်။ ကိုယ်ဘယ်လိုမှ မရောက်နိုင်သော ကောင်းကင်ကြီးကို စွန်ကလေးက ကိုယ်စား သွားပေးသောအခါ ကိုယ်နှင့် ကောင်းကင်ကြားမှာ ကြိုးလေးတစ်မျှင်စာသာ ခြားပါတော့သည်။ ထိုအခါ ကိုယ်က စွန်ကလေးကို ကျေးဇူးတင်ရသည်။ ငှက်ကလေးများ၊ တိမ်တိုက်များ၊ သက်တံရောင်စုံများကို ကိုယ်က စွန်ကလေးမှတဆင့် လူကြုံစကား တီးတိုးပါးလိုက်နိုင်သေးသည်။ စွန်ကလေးပေါ်မှာ ကိုယ့်ဒိုင်ယာရီ တစ်အုပ်ကိုလည်း ခပ်နှိပ်ထားလို့ ရပါသည်။
စွန်ကလေး အမြင့်ပျံနေလေလေ စွန်လွှတ်သူမှာ ပျော်ရွှင်ရလေလေ ဖြစ်သည်။ မနာလိုခြင်း ကင်းမဲ့သော၊ ယှဉ်ပြိုင်မှုများမှ ကင်းဝေးသော ၀မ်းသာမှုမျိုးကို အခြား မည်သည့်နေရာမှာများ ရနိုင်ဦးမည် ထင်ပါသလဲ။ ကိုယ်နှင့် ဝေးသထက် ဝေးရာကို ရောက်သွားလျှင် ပိုကျေနပ်ရသော ပိုင်ဆိုင်လိုစိတ်ကင်းမှုမျိုးကို အခြား မည်သည့်နေရာမှာများ တွေ့နိုင်ဦးမည် ထင်ပါသလဲ။ စွန်လွှတ်သူ လက်ထဲမှ ကြိုးမျှင်ကလေးသည် စွန်ကလေး သွားလိုရာကို ရောက်အောင် ကူညီပေးရုံသာ ဖြစ်သည်။ ကမ္ဘာလောကကြီး တစ်ခုလုံးမှာ ဘယ်တော့မှ ချည်နှောင်ဖို့ မရည်ရွယ်သော ကြိုးတစ်ချောင်းကို ပြပါဆိုလျှင် ဤကြိုးမျှင်ကလေး တစ်ချောင်းသာ ရှိပါမည်။ တကယ်လို့များ ကံကြမ္မာဆိုး တစ်ခုခုကြောင့် ကြိုးမျှင်ကလေး ပြတ်တောက်သွားခဲ့သည် ဆိုပါစို့။ အတွယ်အတာကင်းသော စွန်ကလေးသည် ဟိုးအဝေး လကမ္ဘာ ရောက်သည်အထိ စကြ၀ဠာတခွင် နှံ့သည်အထိ မရပ်မနား ပျံသန်းနေဦးမည်ဟု ကိုယ်ကတော့ ယုံကြည်နေပါသည်။
နေ၀င်မိုးချုပ်လာသောအခါ ကောင်းကင်သည် အပြာရင့်လာရာမှ နောက်ဆုံး မဲမဲမှောင်သွားပါသည်။ မီးရောင်စုံ တပ်ဆင်ထားသော စွန်ကလေးတချို့မှာ လေထဲတွင် တဖျတ်ဖျတ် လင်းလက်နေပါသည်။ ရိုးရိုးသာမန် စွန်ကလေး တစ်စင်းကိုတော့ ကောင်းကင်နက်နက်မှာ ဘာမှ မမြင်ရတော့ပါ။ စွန်ကလေး တည်ရှိနေမှုကို ည၏လှည့်စားမှုကြောင့် မမြင်ရတော့သော်လည်း စိုးစဉ်းမျှ ပူပန်စရာမလိုပါ။ လက်ထဲက ကြိုးမျှင်ကလေးက စွန်ကလေး ရှိနေသည်ကို ညွှန်ပြနေဦးမည်။ စွန်ကလေး ပျံတက်နေသည်ကို ခံစားသိရှိ နေစေဦးမည်။ ညရောက်ပြီ ဆိုလျှင်တော့ စွန်လွှတ်သူမှာ ခဏ အိပ်စက်ရဦးမှာပေါ့။ မနက်လင်းလျှင်တော့ တိမ်ပြာပြာ ကောင်းကင်မှာ ၀ဲနေမည့် စွန်ကလေးကို မြင်တွေ့ရဦးမည်။ Good night ကိုကို။
ပန်ဒိုရာ
၂၁.၀၆.၂၀၁၁
စင် - စင်တစ်ခုပေါ်ရောက်ရင် အဲဒီစင်ကို အကြောင်းပြုလို့ ပြောချင်တာပြောလို့ရတယ်လို့ အချို့လူတွေက ထင်တတ်ကြတယ်။ စင်တစ်ခုပေါ်ကို တက်နိုင်ဖို့ဆိုတာ စင်ပေါ်တက်သူတစ်ဦးတည်းရ...
12 hours ago",2.0,3.0,2.0,3.0,4.0,"The text is a reflective, literary essay using the metaphor of a kite to discuss freedom and detachment. It is well-written and culturally authentic, though it lacks structured educational content. It contains some minor noise at the end (a truncated snippet of another post), which slightly impacts the cleanliness score."
<urn:uuid:23741503-1714-43f1-ad06-5ed0960570e3>,"ကာစီနို လောင်းကစား ဥပဒေ လွှတ်တော် အတည်ပြု
နိုင်ငံခြားသားများသာ ဝင်ရောက် ကစားခွင့် ရှိမည့် ကာစီနိုများ တရားဝင် ဖွင့်လှစ်ခွင့် ပါဝင်သည့် လောင်းကစား ဥပဒေ အား ယနေ့ ကျင်းပသည့် ပြည်ထောင်စု လွှတ်တော် အစည်းအဝေး၌ အတည်ပြုလိုက်သည်။
ယင်း ဥပဒေ အရ ၁၉၈၆ ခုနှစ်က ပြဋ္ဌာန်းခဲ့သည့် လောင်းကစား ဥပဒေအား ပယ်ဖျက်ရမည် ဖြစ်ပြီး ကာစီနို လောင်းကစား ရုံ များကို ပြည်ထောင်စု အစိုးရ အဖွဲ့၏ သဘောတူ ခွင့်ပြုချက်ဖြင့်သာ ဖွင့်လှစ်ရမည် ဖြစ်ကြောင်း ဆိုသည်။
ပြည်ထောင်စု လွှတ်တော် ဥပဒေကြမ်း ပူးပေါင်း ကော်မတီ အတွင်းရေးမှူး ဒေါက်တာ မြတ်ဉာဏစိုးက“ကျနော်တို့ မြန်မာ နိုင်ငံသားတွေကို လုံးဝ (လုံးဝ) ဝင်ကစားခွင့် မပြုပါဘူး။ လက်ရှိမှာ ဖွင့်ထားတဲ့ ကာစီနိုတွေလည်း တရားဝင် မှတ်ပုံတင်ပြီး အခွန်ထမ်းဆောင်ဖို့ ဥပဒေ အရ သွားရမှာပါ”ဟု ဧရာဝတီသို့ ပြောသည်။
ထို့ပြင် ဥပဒေ၌ လောင်းကစားဝိုင်းများအား သတင်းပေးသူကို နိုင်ငံတော် ဘဏ္ဍာ အဖြစ် သိမ်ဆည်းရမိသည့် အထဲမှ ၁၀ ရာခိုင်နှုန်းကို ဆုငွေ ချီးမြှင့်ခြင်းနှင့် ဖမ်းဆီးသူများအား ၂၀ ရာခိုင်နှုန်း ချီးမြှင့်မည့် ပြဋ္ဌာန်းချက်များလည်း ထည့်သွင်း ပြဋ္ဌာန်း ထားကြောင်း သိရသည်။
ဥပဒေ အတည်ပြု အသက်ဝင်ရေး အတွက် နိုင်ငံတော် သမ္မတက အတည်ပြု လက်မှတ် ရေးထိုးရန် အဆင့်ကျန်နေသေး ပြီး ကာစီနိုနှင့် ပတ်သက်သည့် အသေးစိတ် စည်းမျဉ်းစည်းကမ်းများ ထုတ်ပြန်ခွင့် ကိုလည်း ပြည်ထောင်စု အစိုးရ အဖွဲ့၏ သဘောတူညီချက် အရ ဆောင်ရွက်ခွင့် ပြုထားသည်ဟု ဆိုသည်။
မင်္ဂလာဒုံမြို့နယ် ပြည်သူ့ လွှတ်တော် ကိုယ်စားလှယ် ဦးအောင်လှိုင်ဝင်းက“နိုင်ငံတော် အတွက် အခွန်အကောက်တွေ ပိုရ လာမယ့် အချက် ဖြစ်လို့ မြန်မြန် လုပ်စေချင်တယ်။ သြင်္ကန် မတိုင်မီ ဥပဒေတရပ် အဖြစ် အသက်ဝင်ဖို့ မျှော်လင့်တယ်”ဟု ပြောသည်။
၁၉၈၆ ခုနှစ် လောင်းကစား ဥပဒေ အရ ကာစီနိုများသည် တရားမဝင်သော်လည်း ကော့သောင်းမြို့နယ်နှင့် မြဝတီမြို့နယ် များ အတွင်း ကာစီနိုများ ဖွင့်လှစ် လုပ်ကိုင်နေသည်မှာ ၁၀ စုနှစ် တခုကျော်ပြီ ဖြစ်ကြောင်း သိရသည်။
ကော့သောင်း မြို့နယ် သူဌေးကျွန်း၊ ရတနာကျွန်းပေါ်ရှိ ဟိုတယ်များနှင့် ပတ်သက်ပြီး တရားဝင် ခွင့်ပြုပေးထားခြင်း မရှိ ကြောင်းနှင့် အခွန် စည်းကြပ် ကောက်ခံခြင်းလည်း မရှိကြောင်း တနင်္သာရီတိုင်း ဒေသကြီး အစိုးရ အဖွဲ့မှ ၂၀၁၈ ခုနှစ် ဇန်နဝါရီ ၃၁ ရက်က ကျင်းပသည့် တိုင်းလွှတ်တော် အစည်းအဝေးတွင် ပြောထားသည်။
တနင်္သာရီ မြို့နယ် အမှတ်၂ တိုင်းဒေသကြီး လွှတ်တော်ကိုယ်စားလှယ် ဦးရဲမြင့်ဆွေက“အရင်က တရားမဝင်ရင် ပိတ်သိမ်း ဖို့ လွှတ်တော်မှာ တင်ပြတာ တနှစ်ကျော်ပြီး အခုထိ ဖွင့်နေဆဲပါပဲ။ တရားမဝင်လည်း ထိန်းချုပ်လို့ မရမယ့် အတူတူ အခုလို တရားဝင် စည်းကမ်း လုပ်တာ ပိုကောင်းတယ်။ နိုင်ငံတော်လည်း အခွန်ဝင်ငွေ ပိုရမယ်။ ဒါပေမယ့် ရလာတဲ့ အခွန်ဝင်ငွေ ကိုတော့ ဘယ်နေရာတွေမှာ ပြန်သုံးမလဲ တရားဝင် ချပြဖို့ လိုပါတယ်”ဟု ပြောသည်။
မြဝတီမြို့နယ် ပြည်နယ် လွှတ်တော် ကိုယ်စားလှယ်များ၏ ပြောကြားချက်အရ ထိုင်း-မြန်မာ နယ်စပ် မြဝတီမြို့နယ်တွင် ကာစီနို ၈ ခုခန့် ရှိကြောင်း သိရသော်လည်း မည်ကဲ့သို့ ခွင့်ပြုထားပြီး နိုင်ငံတော် အစိုးရက အခွန် ရမရကို ရှင်းလင်းစွာ မသိ ရပေ။
ကရင် နယ်ခြား စောင့်တပ်(BGF)နှင့် တရုတ် လုပ်ငန်းရှင်များ ပါဝင်သည့် Myanmar Yatai International Group တို့ အကောင်အထည် ဖော်နေသည့် ရွှေကုက္ကို အဆင့်မြင့် အိမ်ရာ စီမံကိန်းတွင် ကာစီနိုများ ပါဝင်လာနိုင်ကြောင်း ASIA Time က ဖော်ထုတ် ရေးသားခဲ့သော်လည်း ယင်းစီမံကိန်အား လတ်တလောတွင် အိမ်ရာသာ ခွင့်ပြုထားသည်ဟု မြန်မာနိုင်ငံ ရင်းနှီးမြှုပ်နှံမှု ကော်မရှင်ဘက်က ဆိုထားသည်။
ပြင်ဦးလွင်မြို့အနီး အကောင်အထည်ဖော်ရန် စီစဉ်နေသည့် ရတနာပုံ ဆိုက်ဘာစီးတီး စီမံကိန်းတွင်လည်း ကာစီနို ထည့်သွင်း တည်ဆောက်ခွင့်ပြုရန် ပြည်ထောင်စု အစိုးရ အဖွဲ့ထံ တင်ပြမှုများ ရှိထားကြောင်း မန္တလေးတိုင်း ဒေသကြီး မြို့ပြနှင့် အိမ်ရာ ဖွံ့ဖြိုးရေး ဦးစီးဌာန တာဝန်ရှိသူ တဦးက ဧရာဝတီသို့ ပြောကြားထားသည်။
ကာစီနိုများ ခွင့်ပြုရေး ပထမဆုံး အဆိုတင် မေးမြန်းခဲ့သည့် ဦးအောင်လှိုင်ဝင်းက ကာစီနို လုပ်ငန်းသည် ခရီးသွား လုပ်ငန်း ဖွံ့ဖြိုးရေးနှင့် နိုင်ငံတော် အခွန်ဘဏ္ဍာ ရရှိရေး တို့ကို များစွာ အထောက်အကူ ပြုမည့် လုပ်ငန်း ဖြစ်သည့် အတွက် ဥပဒေ အမြန်ဆုံး အသက်ဝင်ကာ လုပ်ငန်း မြန်ဆန်စေရေး သက်ဆိုင်ရာ ဝန်ကြီးဌာနများက ဆောင်ရွက်ပေးရန်ကိုလည်း တိုက် တွန်းထားသည်။
မကာအိုနှင့် စင်္ကာပူ နိုင်ငံတို့တွင် ကာစီနို လုပ်ငန်းမှ နှစ်စဉ် အခွန် ဒေါ်လာသန်းထောင်ချီ ရနေသည့် အချက်ကိုလည်း ထောက်ပြပြောဆိုခဲ့ပြီး အိမ်နီးချင်း နိုင်ငံများ ဖြစ်သည့် လာအိုနှင့် ဗီယက်နမ်နိုင်ငံတို့သည်လည်း ကာစီနိုလုပ်ငန်းများအား တရားဝင် ဖွင့်လှစ်ခွင့်ပြု၍ ဝင်ငွေရှာဖွေ လျက်ရှိကြောင်း ဦးအောင်လှိုင်ဝင်းက ပြောသည်။",2.0,3.0,3.0,5.0,5.0,"The text is a well-written news report on legislative developments in Myanmar. It provides factual information about legal changes, includes quotes from officials, and discusses economic implications. It is highly authentic, clean, and demonstrates moderate reasoning by presenting multiple perspectives on the legalization of casinos."
<urn:uuid:31cbf855-48d0-4a85-aebe-2a21cbf967e0>,"ဖွဲ့တည်ရာ မဂ္ဂဇင်း အတွဲ (၁)၊ အမှတ် (၃) အတွက် ရေးဖြစ်တဲ့ အယ်ဒီတာ့ အာဘော်ပါ။ မဂ္ဂဇင်း မဖတ်ဖြစ်သူတွေ ဖတ်မိစေချင်တာနဲ့ ဘလော့ဂ်ပေါ်တင်လိုက်ပါတယ်။
Editorial
နာဂစ်ဆိုင်ကလုန်းသည် နဂိုကတည်းက မပြေလည်လှသော ပြည်သူတွေအတွက် နူရာဝဲစွဲ လဲရာသူခိုးထောင်းဖြစ်ခဲ့သည်။ မဖြစ်ခင်ရော ဖြစ်ပြီးနောက်ပါ အဘက်ဘက်မှ လိုအပ်ချက်များကြောင့် အတော်အသင့် နာလန်ထူသင့်ပါလျက် မထူနိုင်ဖြစ်နေသည်ကို တွေ့ရဆဲ ဖြစ်ပါသည်။ ဤသို့သော အခြေအနေတွင် ဖွဲ့တည်ရာ မဂ္ဂဇင်းအနေဖြင့် အနာဂတ်မျိုးဆက်ဖြစ်လာမည့် လေဘေးဒဏ်ခံကလေးငယ်များကို ပို၍ အလေးပေး စောင့်ကြည့်၊ နှိုးဆော် တိုက်တွန်းရေးသား လျက်ရှိပါသည်။ မိဘမဲ့ဖြစ်သွားသော၊ နားလည်လက်ခံထားရာ ကမ္ဘာပျက်သုန်းသွားသော၊ ပညာရေးဆိုင်ရာ အာမခံချက် ကင်းမဲ့သလိုဖြစ်သွားသော ကလေးများအတွက် အထူးအာရုံစိုက်ကြရန် လိုအပ်နေပါသည်။ ကျောင်းများ ပြန်ဖွင့်သည် ဆိုသည့်တိုင် ကျန်မုန်တိုင်းဒဏ်လွတ် ဒေသမှ ကျောင်းများတွင် စာသင်သလို အမှတ်မဲ့ လမ်းရိုးအတိုင်း မသင်သင့်ပါ။ ကလေးများ စိတ္တ၊ ကာယ ပြန်လည်ထူထောင်ရေးတွင် ဤကဲ့သို့သော အချက်ကလေးများမှ အစ ထည့်သွင်းစဉ်းစားရန်လိုပါသည်။ လတ်တလောတွင် ခိုကိုးရာမဲ့ကုန်သော၊ အစ်ကိုကြီး အဖအရာ အမကြီး အမိအရာဆိုသော်လည်း အရွယ်မရောက်သေးပါပဲလျက် မိဘမဲ့ကျန်ရစ်သော မောင်ငယ် ညီငယ် ညီမငယ်များ၏တာဝန်ကို ချက်ချင်း ပုခုံးပြောင်းတာဝန်ယူလိုက်ရပြီး ၀န်နှင့်အား မမျှဖြစ်ကျန်ခဲ့သော၊ ပရိယေသန၀မ်းစာရေးအတွက် အလုပ်မလုပ်နိုင်တော့သည့် အိုမင်းမစွမ်း အဖိုးအဖွားများနှင့် ကျန်ရစ်ခဲ့သော ကလေးငယ်များအတွက် အရေးတကြီး ဆောင်ရွက်ပေးရန် လိုအပ်နေပါပြီ။ ထိုအခြေအနေဖြင့်ကျန်ရစ်သော ကလေးငယ်များမှာ မေလကုန်အထိ ဒုက္ခသည် စခန်းမျိုးတွင် အနာဂတ်မရေမရာဖြင့် ကျန်ရစ်နေသေးသည်ကို ၀မ်းနည်းဖွယ်တွေ့နေရပါသေးသည်။ တစ်ဦးချင်းစီအားဖြင့် မွေးစားကြရန်ဆိုသည်မှာ လက်တွေ့ ထလုပ်ရန် အလွန်ခက်နေပါသေးသည်။ ဖွဲ့တည်ရာမဂ္ဂဇင်းအနေဖြင့် အကြံပြုလိုသည်မှာ တာဝန်ရှိ အစိုးရမှဖြစ်စေ၊ အဖွဲ့အစည်းများမှဖြစ်စေ၊ နှစ်ဘက်စလုံးမှ ပူးတွဲ၍ ဖြစ်စေ နာဂစ်မိဘမဲ့ကလေးများဂေဟာ (Nargis Orphans Center) ကဲ့သို့သော သီးသန့် ရေရှည်ပြုစုပျိုးထောင်ရေး ဂေဟာမျိုး ဖွင့်စေချင်ပါသည်။ ထိုဂေဟာများတွင် အသက်ရှင်ကျန်ရစ်သော မိဘမဲ့ကလေးများကို အသက်အရွယ်၊ ကျား မ၊ ရောက်ရှိဆဲ ပညာရေးအလိုက် တဆင့်ချင်း ပြန်လည်ပျိုးထောင်သွားသင့်ပါသည်။ ဤသို့ထူထောင်ရန်မှာ တစ်ဦးတစ်ယောက်အားဖြင့် မလွယ်ကူမှန်း သိသာပါသည်။ ယခုအခြေအနေအတိုင်း ဆက်ဖြစ်နေပါက ကလေးသူငယ်များအပေါ် အခွင့်အရေးချိုးဖောက်မှု၊ အမြတ်ထုတ်မှု၊ လူကုန်ကူးမှုများ တစတစ တိုးပွားလာပါလိမ့်မည်။ ယခုကဲ့သို့ လူအသေအပျောက်များဖြင့် ရှုပ်ထွေးနေသောကာလတွင် ဤပြဿနာများကို အာဏာရှိ အစိုးရပင်လျှင် ဖြေရှင်းနိုင်ဖို့ မမြင်ပါ။ မြန်မာပြည်တွင် ဤကဲ့သို့ ထူထောင်ဆောင်ရွက်နိုင်ရန် စေတနာအား၊ သဒ္ဓါအားတို့ အသင့်ရှိသည်ဟု ဖွဲ့တည်ရာမဂ္ဂဇင်းက ယုံကြည်ပါသည်။ ထို့ကြောင့် လက်လှမ်းမီရာမှတဆင့် အကောင်အထည်ပေါ်လာအောင် တိုက်တွန်းနိုင်ကြပါစေကြောင်း နှိုးဆော် အကြံပြုအပ်ပါသည်။
အယ်ဒီတာ
ဖွဲ့တည်ရာမဂ္ဂဇင်း
၁၁ ဇွန်၊ ၂၀၀၈",2.0,3.0,2.0,5.0,5.0,"The text is a well-written editorial from 2008 regarding the aftermath of Cyclone Nargis. It provides social commentary and proposes structural solutions for orphan care. It is culturally authentic, coherent, and clean, though its primary value is as a historical/social document rather than a structured educational resource."
<urn:uuid:1fd9158c-ed2a-4c36-b2f8-41bf633c974a>,"ကန္တာရဝတီတိုင်း(မ်)
လွိုင်ကော်မြို့အတွင်း ဖြတ်သန်းစီးဆင်းနေတဲ့ ဘီလူးချောင်းပြန်လည်ထိန်းသိမ်းရေးလုပ်ငန်းအတွက် ဌာနတစ်ခုပေါ်ပေါက်ရေးအတွက် ကော်မတီဖွဲ့စည်းပြီး လာမယ့် ဒီဇင်ဘာလ ၂၃ရက်နေ့မှာကျင်းပမယ့် ကယားပြည်နယ်လွှတ်တော်အစည်းအဝေးမှာ အဆိုအနေနဲ့ တင်ပြဖို့ စီစဉ်ထားတယ်လို့ သိရပါတယ်။
ဘီလူးချောင်းရေကို သုံးစွဲနေတဲ့ ဌာနဆိုင်ရာအသီးသီးရှိနေပေမယ့် ပြည်နယ်မှာ ပြန်လည်ထိန်းသိမ်းရေးဌာနမရှိတဲ့အတွက် ဘီလူးချောင်းနဲ့ပတ်သက်တဲ့ ထိန်းသိမ်းစောင့်ရှောက်ရေး လုပ်ငန်းစဉ်ဆွေးနွေးပွဲကို ဒီဇင်ဘာလ ၁၄ရက်နေ့က ကယားပြည်နယ်လွှတ်တော် ရေးရာကော်မတီခန်းမမှာ အစိုးရဌာနဆိုင်ရာ၊ အရပ်ဖက်အဖွဲ့အစည်း၊ တိုင်းရင်းသားလူမျိုးများ၏အခွင့်အရေးနှင့် သဘာဝပတ်ဝန်းကျင်ထိန်းသိမ်းကာကွယ်စောင့်ရှောက်ကော်မတီမှ တာဝန်ရှိသူတွေ တွေ့ဆုံဆွေးနွေးခဲ့ကြတယ်လို့ သိရပါတယ်။
တိုင်းရင်းသားလူမျိုးများ၏အခွင့်အရေးနှင့် သဘာဝပတ်ဝန်းကျင်ထိန်းသိမ်းကာကွယ်စောင့်ရှောက်ရေးကော်မတီ အဖွဲ့ဝင်တစ်ဦးဖြစ်တဲ့ ဦးတေဇာဝင်းထွန်းက “ဒါကြီးကို ရေရှည်တည်တံ့အောင် ထိန်းသိမ်းဖို့အတွက် တာဝန်ရှိပါတယ် အဲဒီအတွက်ကြောင့်မို့ အစည်းအဝေးလုပ်တယ်။ ဘာတွေ တွေ့ခဲ့ရလဲဆိုရင် ဘီလူးချောင်းကြီးကို သုံးစွဲနေတဲ့ ဌာနဆိုင်ရာတွေရှိတယ်။ ရေအရင်းအမြစ်တို့ ဆည်မြောင်းတို့ ရေကိုစုပ်တယ် စုပ်ပြီးတော့ လယ်တွေပေါ့ စိုက်ပျိုးမြေကိုသုံးတယ်။ လျှပ်စစ်ဆိုရင်လည်း ဒီရေနဲ့ပဲ လျှပ်စစ်စွမ်းအင်တွေကို ထုတ်တယ်ပေါ့။ စည်ပင်ဆိုရင်လည်း ဒီရေကိုယူတယ်ပေါ့ စည်ပင်ဖြန့်ချီသုံးစွဲတယ်။ ဒီချောင်းကိုသာ သုံးသွားတယ် ပြန်ထိန်းသိမ်းမယ့်ဌာနဆိုတာ ကျတော်တို့ပြည်နယ်မှာမရှိသေးဘူး။ အဓိက ရေအရင်းအမြစ်နဲ့ မြစ်ချောင်းများအင်းအိုင်စောင့်ရှောက်ရေး ဝန်ကြီးဌာနဆိုတာရှိပါတယ် နေပြည်တော်မှာပဲရှိတယ်။ ကျတော်တို့ပြည်နယ်မှာ ဝန်ကြီးဌာနတစ်ခုအနေနဲ့ ထားရှိပြီးတော့ ဒီမြစ်ကို ဒီချောင်းကို ထိန်းသိမ်းမယ်ဆို ပိုပြီးတော့ အဆင်ပြေတယ်။ အဓိက အနေနဲ့တွေ့ရတယ်” လို့ ဆိုပါတယ်။
မြစ်ချောင်းအင်းအိုင်ထိန်းသိမ်းရေးဦးစီးဌာနရှိသော်လည်း ပြည်နယ်မှာ ဖွဲ့စည်းထားတဲ့ဌာနမရှိတဲ့အတွက် ဘီလူးချောင်းထိန်းသိမ်းရေးအတွက် အစိုးရဌာနဆိုင်ရာ၊ အရပ်ဖက်အဖွဲ့အစည်း၊ ပရဟိတအဖွဲ့၊ လုပ်ငန်းရှင် တွေပူးပေါင်းပြီးတော့ အားလုံးပါဝင်နိုင်တဲ့ ကော်မတီတစ်ခုကိုဖွဲ့စည်းပြီး အမြန်ဆုံးအကောင်အထည်ဖော်သွားမယ်လို့ ဆိုပါတယ်။
“ဒီနေ့ဆွေးနွေးဖြစ်တဲ့အထဲမှာတော့ဘီလူးချောင်းအမှတ်(၃)ကနေ CSR ဆိုတဲ့ ငွေကြေးပေါ့ အမြတ်ပေါ့ အမြတ်ရဲ့ ၂%ကို ပြန်ပြီး လှူဒါန်းတာရှိတယ်။ ၁% ကို ပြည်ထောင်စုကိုသွင်းပြီးတော့ ကျန်တဲ့ ၁%ကိုတော့ ပြည်နယ်အစိုးရရယ် ဘီလူးချောင်းအမှတ်(၃)ပေါ့ ကုမ္ပဏီကနေပြီးတော့ ဖွံ့ဖြိုးရေးလုပ်ငန်းတွေလုပ်နေတဲ့အကြောင်း ကြားသိရတယ်။ ဒီထဲကနေပြီး ရာခိုင်နှုန်းတစ်ခုကိုလည်း ဒီကော်မတီထဲကို ထည့်မယ် ထည့်ပြီးတော့ ဘီလူူးချောင်းထိန်းသိမ်းရေးအတွက်ကို အကောင်အထည်ဖော်သွားဖို့ ဒါလေးကို ဆောင်ရွက်မယ်” လို့ ဦးတေဇာဝင်းက ဆက်ပြောပါတယ်။
လောပိတရေအားလျှပ်စစ်ထုတ်လုပ်တဲ့ စက်ရုံတာဝန်ရှိသူတွေက ပြည်ထောင်စု၏လမ်းညွှန်ချက်အတိုင်း လျှပ်စစ်ပေးဝေရေးအတွက် ရေစုဆောင်းခြင်း၊ လာမယ့်နွေရာသီမှာ ရေအလုံအလောက်ရရှိအောင် စုဆောင်းထားခြင်းကို ဆောင်ရွက်ပေးနေတယ်လို့ ဆွေးနွေးပွဲမှာ ထည့်သွင်းပြောဆိုခဲ့တယ်လို့သိရပါတယ်။
“စက်ယန္တရားတွေမရှိဘူး ကျွမ်းကျင်တဲ့ရေလုပ်သားတွေမရှိဘူး လှေတွေမရှိဘူး မရှိတဲ့ခါကျတော့ ဘီလူးချောင်းသန့်ရှင်းရေးက ငါတို့ချည်းပဲလုပ်နေပေမယ့် တကယ်တမ်းတော့ ပြည်သူတွေနဲ့လည်းဆိုင်တယ်။ ဘာလို့ဆို ဘီလူးချောင်းတောက်လျှောက်စီးဆင်းတဲ့ရွာတွေမှာ လွိုင်ကော်မြို့တစ်မြို့ထဲပဲအမှိုက်ရှိတာမှမဟုတ်တာ တောက်လျှောက် ရွာတွေကနေစီးလာတဲ့အမှိုက်တွေလည်း နောက်ဆုံး လောပီတမှာလာခံတာပဲလေ။ အဲ့တော့ အားလုံးမှာတာဝန်ရှိတယ်။ ဒါပေမယ့် ငါတို့က ပူးပေါင်းဆောင်ရွက်ပေးမယ်” လို့ လွိုင်ကော်မြို့နယ်စည်ပင်သာယာရေးအဖွဲ့ အမှုဆောင်အရာရှိဒုတိယညွှန်ကြားရေးမှူးဦးသန်းထွန်းက ပြောပါ
တယ်။
ပြီးခဲ့တဲ့ ဒီဇင်ဘာလ ၁၀ရက်နေ့မှာ လွှတ်တော်ကော်မတီတာဝန်ရှိသူတွေက ဘီလူးချောင်းတစ်လျှောက် ရေအခြေအနေ၊ လိုအပ်ချက်တွေကို ကွင်းဆင်းလေ့လာချက်အရ မြို့ဧရိယာအတွင်းမှာ အမှိုက်ပေါများနေပြီး ရေစီးဆင်းမှုမရှိတာကို တွေ့ရှိရတယ်လို့ ဆိုပါတယ်။
ပြည်နယ်အတွင်းရှိ ပရဟိတအသင်း အစုအဖွဲ့တွေကလည်း အပတ်စဉ် စနေ၊ တနင်္ဂနွေနေ့တွေမှာ လွိုင်ကော်မြို့အနီး ဘီလူးချောင်းစီးဆင်းရာတစ်လျှောက် ဘီလူးချောင်းသန့်ရှင်းသာယာလှပဖို့အတွက် ချောင်းအတွင်း အမှိုက်သရိုက်တွေ ရှင်းလင်းရေးလုပ်ငန်းတွေကို ဆောင်ရွက်နေကြတယ်လို့သိရပါတယ်။",3.0,3.0,3.0,5.0,5.0,"The document is a well-structured news report about local environmental governance in Kayah State. It provides clear, coherent information on administrative challenges and community efforts. It uses natural, authentic Burmese phrasing and local context, making it highly relevant for understanding regional socio-political and environmental issues."
<urn:uuid:a9cfb058-8109-4633-abc9-80696d1666db>,"Macကို ချစ်မြတ်နိုးသူအားလုံး စိတ်၀င်စားနေကြသည့် နောက်ဆုံးပေါ် Mac Book Pro with Retina Displayဟာ ပြည်တွင်းသို့ ရောက်ရှိလာပြီဟု နည်းပညာရပ်ကွက်မှ ဆိုပါသည်။ ထို MacBookဟာ Steve Jobs မရှိတော့သည့် နောက်ပိုင်း Apple၏ CEO အသစ် Tim Cookမှ ဦးစီးပြီး ကမ်ဘာသို့ ထုတ်ဖော်ပြသခဲ့သည့် ပထမဆုံး မျိုးဆက်လည်း ဖြစ်သည့်အတွက်ကြောင့် အားလုံးမှ စိတ်၀င်တစား စောင့်ကြည့်ခဲ့ရသည့် ပစ္စည်း (Gadget)အသစ်လည်း ဖြစ်ပါသည်။ Tim Cook၏ ပြောဆိုချက်အရ MacBook အသစ်လေးအား Futureအတွက် ရည်ရွယ်ထားပြီး မလိုအပ်တော့သည့် အရာအားလုံးကို ဖယ်ထုတ်ကာ ပါးလွှာမှုကို အဓိကထား တီထွင်ထုတ်လုပ်ခဲ့သည်ဟု ဆိုပါသည်။
အမေရိကန်နိုင်ငံလို တိုးတက်နေသည့် နို်င်ငံအများစု၌ အင်တာနက် ကော်နက်ရှင်၏ မြန်နှုန်းထားမှာ အနည်းဆုံး 5Mbps မှ 100Mbps အထိရှိရာ ယနေ့ခေတ်ကြီး၏ စီးပွားရေး လုပ်ငန်းအသွယ်သွယ်၌ email, facebook, website အစရှိသည့် အင်တာနက်ပေါ်မှ လက်နက်မျိုးစုံဖြင့် တစ်နေ့တာ လုပ်ငန်းဆောင်တာများကို ပြီးမြောက် အောင်မြင်နေကြတာပါ။ ထို့ကြောင့် ၎င်း၏ Future Proofဆိုသော စကားအရ Super Driveလို့ခေါ်တဲ့ CD/DVD ထည့်သွင်းအသုံးပြုလို့ရသည့် Drive မပါလာခြင်းဖြစ်မည်ဟုလည်း သုံးသပ်မိပါသည်။
အင်တာနက် ကော်နက်ရှင်ကြီးကို မြန်နှုန်းမြှင့်တင်ရန် ကြိုးစားဆဲဖြစ်သည့် မြန်မာနိုင်ငံအတွက်မှုကား ဤသို့ တမဟုန်ချင်း ပြောင်းလဲသည်ကို ကြုံဆိုကာ အလိုက်သင့် ပါသွားသင့်သော်လည်း လတ်တလော အချိန်တွင်တော့ အင်တာနက်မြန်နှုန်း မရရှိသူများအတွက် မ၀ယ်သင့်သေးသော MacBook အသစ် တစ်ခု ဖြစ်ပေလိမ့်မည်။ သို့ပေမယ့်လည်း Appမှ USBဖြင့် ချိတ်ဆက်လို့ရသည့် External Super Driveကို နေရာတကာ သယ်ဆောင်နိုင်သူများအဖို့တော့ Retina Display တစ်ခုနှင့်ပင် ၀ယ်ယူရ တန်ပြီ ဖြစ်ပါသည်။
မည်သို့ပင်ဆိုစေကာမှု Appleမှ (Innovation) နည်းပညာနှင့်ပတ်သက်၍ တီထွင်မှုအများစုကို ဦးဆောင်လေ့ရှိခဲ့သည့် ကုမ္ပဏီတစ်ခုလည်း ဖြစ်သည့်အားလျော်စွာ Thunderbolt, Firewire, Mouse, Slot Drive အစရှိသည်တို့သည် Appleမှ နည်းပညာလောကကို မည်သူမှ မလုပ်ရဲသေးခင် ပမ်ဘာသို့ မိတ်ဆက်ပေးခဲ့ သည်များ ဖြစ်သည်။ ထို့ကြောင့် ၄င်းနည်းပညာရဲ့ အောင်မြင်မှု၊ လူသုံးများလာမှုများကို အကဲခတ်သုံးသပ်ရင်း CD/DVD မရှိတော့မည့် အနာဂတ်သို့ Appleမှ နည်းပညာလောကကို နောက််ထပ်တစ်ဖန် ဦးဆောင်ခေါ်ယူသွားပြန်သည်ဟု တင်ပြလိုက်ရသည်။",2.0,3.0,2.0,5.0,4.0,"The text provides a coherent analysis of Apple's design philosophy and its implications for the Burmese market. It uses natural Burmese phrasing, including local context regarding internet infrastructure, and maintains a professional, analytical tone throughout. It is well-structured, free of noise, and demonstrates logical reasoning regarding technological trends."
<urn:uuid:9a95ad04-d871-48f7-b947-00ddb173be12>,"ရန်ကုန်မြို့ကြီးရဲ့ လမ်းမတွေပေါ်မှာ ကားအစင်းရေ သိပ်များလာတာနဲ့ အမျှ လမ်းကြောပိတ်ဆို့မှု အခြေနေကလည်း တနေ့တခြား ဆိုးဝါးလာပါတယ်။ကားဟောင်းတွေ တင်သွင်းခွင့် ပေးလိုက်တဲ့ နောက်ပိုင်း လမ်းကြောပိတ်ဆို့မှု အခြေနေပိုဆိုးလာတဲ့အတွက် တိုယိုတာ မော်တော်ကား ကုမ္ပဏီက လမ်းအန္တရာယ် ပညာပေးမှုတွေနဲ့ ချက်ချင်းပဲ စတင်အကူညီပေးတော့မှာ ဖြစ်ပါတယ်။
ဂျပန်က ကားကုမ္ပဏီကြီးဖြစ်တဲ့ တိုယိုတာဟာ မြန်မာ့ကြက်ခြေနီအဖွဲ့၊ လမ်းလုံခြုံစိတ်ချရမှုဆိုင်ရာ နိုင်ငံတကာ မိတ်ဆွေများအဖွဲ့ တို့နဲ့ အတူပူးတွဲပြီး ၂၀၁၈ ပထမနှစ်ဝက်မှာ ရန်ကုန်က ကျောင်းတွေမှာ စမ်းသပ်စီမံကိန်းကို စတင်တော့မှာ ဖြစ်ပါတယ်။ ကျောင်းတွေတဝိုက်က ယာဉ်အသွားအလာတွေကို လေ့လာမှု လုပ်မှာ ဖြစ်ပြီး ကားတွေမောင်းတဲ့ နှုန်းထားနဲ့ ကျောင်းသားငယ်တွေ ဘယ်လိုပုံစံနဲ့ လမ်းဖြတ်ကူးတယ် ဆိုတာ အပါအဝင် လေ့လာတဲ့ စီမံကိန်းကို စတင်မှာ ဖြစ်ပါတယ်။ ဒီစီမံကိန်းကနေ ယာဉ်သွားလာမှု လမ်းကြောဆိုင်ရာ အချက်အလက် တွေကို ရယူမှာ ဖြစ်ပါတယ်။
ဒီအဖွဲ့က မူလတန်း ကျောင်းသူကျောင်းသားတွေနဲ့ ဆရာဆရာမတွေအတွက် ပညာပေးစာစောင်တွေကို ထုတ်ဝေမှာ ဖြစ်သလို ရေရှည် အတွက် လမ်းလုံခြုံရေးဆိုင်ရာ အသိရှိစေဖို့ မိဘ အုပ်ထိမ်းသူတွေကိုပါ လက်တွေ့ သင်တန်းတွေ ပေးမှာ ဖြစ်ပါတယ်။
ရဲ မှတ်တမ်းဝင်တဲ့ ကားမတော်တဆဖြစ်မှုကြောင့် သေဆုံးရသူဟာ ၂၀၁၆ မှာ ၄၉၀၀ လောက်အထိ ရှိနေတယ်လို့ ပြည်တွင်းသတင်း တွေမှာ ဖေါ်ပြပေမယ့် ရဲ မှတ်တမ်းမဝင်ပဲ သေဆုံးရသူအများအပြား ရှိနေတာ ဖြစ်ပြီး၊ ၂၀၁၃ ခုနှစ်တနှစ်ထဲမှာကို ၈၈၀၀ ကနေ ၁၃၀၀၀ လောက်အထိ ရှိမယ်လို့ ကုလသမဂ္ဂရဲ့ WHO ကမ္ဘာ့ကျန်းမာရေး အဖွဲ့ကြီးက ခန့်မှန်းထားတာပါ။
မြန်မာနိုင်ငံမှာ ၂၀၁၁ ခုနှစ်ကစပြီး စီးပွါးရေး ပြုပြင်ပြောင်းလဲမှုတွေ လုပ်လာတာနဲ့ အတူ ကားဟောင်းတင်သွင်းမှု ကန့်သတ်ချက်တွေ လျှော့ချပေး ခဲ့တာကြောင့် ရန်ကုန်မှာ ကားစင်းရေက တိုးလာခဲ့တာဖြစ်ပါတယ်။ ဒီအနေထားမှာ ကားဟောင်း တင်သွင်းမှု အပါအဝင် မြန်မာ့ကားဈေးကွက်မှာ ရင်းနှီးမြုပ်နှံမှုတွေ ပိုလုပ်ဖို့ တိုယိုတာ ကုမ္ပဏီက စဉ်းစားလာတာပါ။
မြန်မာနိုင်ငံမှာ လမ်းဖြတ်ကူးသူတွေကို ဦးစားပေးရမယ် ဆိုတဲ့ အသိ လူထုမှာ မရှိသလို၊ မီးပွိင့်တွေကောင်းကောင်း မရှိတာ၊ လမ်းတွေမှာ လမ်းစည်းကမ်း ဆိုင်းဘုတ်တွေ သေသေချာချာ မတပ်ဆင်ထားတာတွေ ကြောင့် ကားစင်းရေ ရုတ်တရက် တိုးမြင့်လာပြီး ကားမောင်းသူ အများစုကလည်း အန္တရာယ်ကြီးတဲ့ လမ်းကြောင်း ပြောင်းတာတွေ လုပ်လေ့ရှိတာကြောင့် မတော်တဆ ဖြစ်မှုတွေ တိုးလာတာပါ။",3.0,3.0,2.0,5.0,5.0,"The text provides a coherent, informative report on road safety initiatives in Yangon. It uses natural, authentic Burmese phrasing and addresses local socio-economic context (car imports, traffic issues). It includes logical analysis of accident statistics and causal factors, making it suitable for educational awareness, though it lacks the depth of a formal academic or technical paper."
<urn:uuid:2087ce30-e1a9-42d9-938f-a5ad376e1675>,"သာသနာက (၃) ထောင်ထက်မပိုဘူး၊ သာသနာ နောက်ဆုံး
➖➖➖➖➖
➖သာသနာနောက်ဆုံး။ တို့ဥပဇ္ဇယ်မိန့်သွားတာ၊ (၃၀၀၀) ထက်မပိုဘူး သာသနာက။
➖ဘာဖြစ်လို့တုန်း၊ တဖြည်းဖြည်းနဲ့ အာရုံရဲ့ အတိုက်ကြမ်းမှု၊ ကိလေသာရဲ့ အတိုက်ကြမ်းမှု၊ ဟုတ်ကလား။
ပြီးတော့ တက်တဲ့အချိန်မှာ တို့အာရှတိုက်က ဦးဆောင်တယ်။
➖ဆုတ်တဲ့အချိန်မှာ တခြားတို်က်က ဦးဆောင်တာ။ ဆုတ်ခေတ်က တဏှာဦးစီးတာကိုး။
➖တက်ခေတ်က သဒ္ဓါဦးစီးရမှာကိုး။ တို့အာရှတိုက်ဆိုတာ စာလို ""အရိယ""
➖""အရိယ"" ကို ဘိုလိုရေးတော့ ""အေးရှ"" ဒါနဲ့ အခုလို အာရှဖြစ်လာတာ။ အဲဒါ ပါဠိစကား။
➖""အရိယာ"" ကို ဘိုလိုရေးတော့ ""အာရှ""ဖြစ်နေတာ အရိယတိုက်ဗျ။
➖အဲ့တော့ အတက်မှာ တို့က ဦးဆောင်ရတာ။ အကျမှာ သူတို့ဘက်က။
➖အဲ့တော့ သူတို့ဦးဆောင်တာ တော်တော်ကို ပီပြင်နေပြီဗျ။ အကုန်လုံး သူတို့နောက် လိုက်နေရတာလေ။
➖ကွဲမယ် အဲ့ခါကျ။ ဆန့်ကျင်ဘက် ၊သူတို့က တဏှာ မာန ဒိဌိ ဦးဆောင်တယ်
➖ဒါနဲ့ ချဲ့ရတာ မဟုတ်ဘူးလား။ သူတို့က တဏှာ မာန ဒိဌိ နဲ့ ချဲ့ရတာ။
➖တို့က သဒ္ဓါ ပညာ သမ္မာဒိဌိ နဲ့သွားရမှာ။ မတူဘူး ဆန့်ကျင်ဘက်။
➖အဲ့တော့ ဟိုဘက်က အားကောင်းရင် ဒီဘက်က အားလျှော့ပေးရမှာ။ (၃) ထောင်ထက် မပိုဘူး။
➖အဲ့တော့ အခုပဲ (၂၅၀၀) ကျော်နေပြီပဲ။ (၄၀၀) ကျော်လောက်ပဲ ကျန်တော့တာ။
➖အဲ့ဒီ (၄၀၀) ကျော်က နောက်တစ်ခါ လူလာဖြစ်ရင် ဒီသာသနာနဲ့ ကြုံပါဦးမလား?။ (၄၀၀) ကျော်ပဲ ကျန်တော့တာ။
➖ကျုပ်တို့က အထက်တက်မလား?၊ အောက်ဆင်းမလား? သိမှ မသိပဲ။ အထက်တက်လဲ တမျော်တခေါ်။
➖တို့ စတုမဟာရာဇ် နတ်မင်းရဲ့ သက်တမ်းက အနှစ် (၅၀၀) ၊တို့ လူသက်နဲ့ဆို အနှစ် (၉) သန်း။
သူတို့ (၅၀၀) က တို့လူသက်နဲ့ဆို အနှစ်(၉) သန်း ညီမျှတယ်။
➖အခု ရုပ်ကစိုးနတ်တွေက စတုမဟာရာဇ်နတ်တွေပေါ့။ အနှစ်(၉) သန်းဗျ။ မှီမလား ဒီ(၄၀၀) ကျော်ကို။
မမှီပါဘုရား။
➖နောက်တခါ လူလာဖြစ်ရင် မမှီနိုင်ဘူး။
ငရဲသက်တမ်းလဲ တွက်ကြည့်ပေါ့ဗျာ။
➖ဟုတ်တယ်နော်။ အဲ နောက်ဆုံး။
➖ဒီအတိုင်းကြီးမနေနဲ့။ ဒါနောက်ဆုံး။
➖နောက်နှစ် ဒီ့ထက် တိုးလာမယ် မထင်နဲ့။ ဆုတ်သထက် ဆုတ်မှာ။
➖တို့အရွယ်တွေကကော နောက်ဆို ဒီ့ထက် အရွယ် ကောင်းမှာတဲ့လား?
မကောင်းပါဘုရား။
ဆုတ်မှာ ခင်ဗျားတို့ တနှစ်ထက် တနှစ်။
➖အခုက အချိန်ကောင်းလေး၊ ယူထားတော့။ စာလိုပြောရရင်တော့ သောတပန်အဆင့်က ခေါင်းပါးတဲ့ အကျင့် ကျင့်ဖို့မလိုဘူး။
➖၅ ပါးနဲ့ရပါတယ် ။ ဖြစ်ပျက်ရှု့ပြီး ထိသိ မြင်ရမှာ မဟုတ်လား။
➖ထိသိမြင်ရင် ငါစွဲဒိဌိ ရှိဦးမလား။ သူက ဒိဌိတစ်လုံး ပြုတ်တာလေ။
➖အဲ့တော့ သတိနဲ့ ရှု့နေလို့ဖြစ်ပျက်ိမြင်နေတဲ့ ပုဂ္ဂိုလ်၊ ထိသိမြင်နေတဲ့ ပုဂ္ဂိုလ် ဘယ်လိုလုပ် ငါစွဲဝင်နိုင်မှာလဲ။
ငါတွေး မတွေးမိတာ ကြာရှည်လေလေ၊ အစွဲပြုတ်လေပဲ။
➖ငါစွဲ ပါးရာကနဲ၊ နဲရာက စဲသွားမှာပေါ့။ ခေါင်းပါးတဲ့ အကျင့် ကျင့်ဖို့မလိုဘူး။
➖ရွာထဲနေရင်လည်း ရနိုင်ပါတယ်။ ရိပ်သာသွားပြီး ၁၀ ရက်၊ ၁၅ ရက်၊ တစ်လ၊ နှစ်လ ဒီလိုပြောတာ မဟုတ်ဘူး
➖လုပ်စမ်း အချိန်မရှိဘူး။ ဝမ်းစာနဲ့ အသက်မွေးဝမ်းကြောင်းကတော့ ဓာတ်ကောင်နဲ့ ဓာတ်ဥာဉ်က လုပ်လိမ့်မယ်။
➖သူတို့အလုပ် ခင်ဗျားတို့တောင် ဝင်မရှုပ်နဲ့။ တို့က ကိုယ့်အလုပ် ကိုယ်လုပ်ရင် မရနိုင်ဘူလား?
➖သူတို့ ဓာတ်ရုပ်၊ ဓာတ်ကောင်ကတော့ ဓာတ်ရုပ်၊ ဓာတ်ဥာဉ်က ဦးဆောင်ပြီး လုပ်လိမ့်မယ်။
ကိုယ်တောင် လိုက်လုပ်နေဖို့တောင် မလိုပါဘူး။ ကိုယ်က ကိုယ့်အလုပ် ကိုယ်လုပ်ရင် မရနိုင်ဘူလား။
ရနိုင်ပါတယ် ဘုရား။
➖တခါတည်း ၂လုပ် လုပ်ထား။ သာသနာနောက်ပိုင်း။
➖ခုဏက စကားကျန်ရစ်သေးတယ်၊ ခုဏက ငါသေရတော့မယ် ဒါနံပါတ် ၁စည်း။
➖ငါ့မိသားစုနဲ့ ခွဲရတော့မယ် နံပါတ် ၂ စည်းနော်။
➖နံပါတ် ၃ စည်းက ဝေဒနာပြင်းထန်လာရင် ကျော်ဖို့ရာ ဒီစိတ်စည်းလုံးမှု အားမကောင်းရင် ကျော်နိုင်ပါ့မလား?
မကျော်နိုင်ပါဘုရား။
ဝေဒနာ ဖြစ်ပျက်မမြင်နိုင်ပဲနဲ့ မကျော်နိုင်ဘူး။
➖ဝေဒနာကျော်ဖို့ အရေးကြီးဆုံး။ ကျော်နိုင်ပါ့မလား?
➖ကျော်နိုင်အောင် လုပ်နော်။ နံပါတ် ၃ စည်း အခက်ဆုံး။
➖အဲ့ဒီ အချိန်မှာ သတိလွတ်မယ်။ သတိလွတ်ရင် ပင်ကိုယ်စိတ်လွတ်တော့မှာ။
➖ပင်ကိုယ်စိတ်လွတ်ရင် အစွဲစွဲရာ ပါရမှာ။ ပင်ကိုယ်စိတ် မလွတ်သေးရင်တော့ ကိုင်လိုချင်သလိုရတာပေါ့။
➖ပင်ကိုယ်စိတ် လွတ်ရင် သွားပြီ။ အဲ့ဒီ သေခါနီးရဲ့စည်းကျော်ဖို့က စိတ်စည်းလုံးမှု ကိုယ့်ဘက်က စိတ်အားကောင်းထားမှ ကိုယ့်ဘက်က ဥာဏ်အရှိန်အဟုန်ကောင်းမှ ကျော်နိုင်မှာနော်
➖အဲ့လောက်ထိ လုပ်ထားရမှာဗျ။ လူ့ဘဝရောက်တုန်းလေး ၊သာသနာနဲ့ ကြုံတုန်းလေး တို့လက်ဆောင်ပေးလိုက်တာဗျာ။
【 #မဟာဗောဓိမြိုင်ဆရာတော်ဘုရားကြီး 】
ဟောကြားသော ""တကယ်ကြောက်ရင် အဟုတ်လုပ်"" တရားတော်မှ ကောက်နုတ်ချက် . . .
Views: 37
Comment",3.0,3.0,2.0,3.0,5.0,"The text is a transcript of a Buddhist sermon. It provides religious instruction and moral guidance, which is educational within a cultural context. It uses logical steps to explain Buddhist concepts like impermanence and mindfulness. It is highly authentic to Burmese Buddhist discourse, using specific terminology and cultural framing, though it contains some minor formatting noise."
<urn:uuid:7b8dc7f8-52fb-4182-b14b-80a575e11787>,"အီရတ်တပ်ဖွဲ့တွေနဲ့မဟာမိတ် ပြည်သူ့စစ်တွေဟာ အမေရိကန်၊ ရုရှားနဲ့ အီရန်အပါအ၀င် နိုင်ငံပေါင်း ၁၆ နိုင်ငံထက်မနည်းက အီရတ်စစ်တပ်ကိုပေးထားတဲ့ လက်နက်ခဲယမ်းတွေသုံးပြီး စစ်ရာဇ၀တ်မှုတွေကို ကျူးလွန်နေတယ်လို့ နိုင်ငံတကာလွတ်ငြိမ်းချမ်း သာခွင့်အဖွဲ့ AI က ဒီကနေ့ထုတ်တဲ့ အစီရင်ခံစာတခုထဲမှာ ဖော်ပြထားပါတယ်။
ရှီးယားမူစလင်တွေ အများဆုံးပါတဲ့ ပြည်သူ့စစ်တွေကို တစုတစည်းထဲအားဖြင့် Hashid Shaabi လို့ သိကြကြောင်း AI ကပြောပါ တယ်။ အီရတ်စစ်ဘက်ရဲ့ လက်နက်ခဲယမ်းတွေကိုသုံးပြီး တရားလက်လွတ် သတ်ဖြတ်တာနဲ့ နှိပ်စက်ညှဉ်းပန်းတာလို့ စစ် ရာဇ၀တ်မှုတွေကို ဒီ ပြည်သူ့စစ်တွေက ကျူးလွန်နေတယ်လို့ AI က ပြောပါတယ်။
အီရတ်ကိုလွှဲပေးလိုက်တဲ့ လက်နက်ခဲယမ်းတွေဟာ လူ့အခွင့်အရေးချိုးဖောက်မှုတွေကို ကျူးလွန်တဲ့ နောက်ခံသမိုင်းကြောင်း ရှိ ထားဖူးတဲ့ ပြည်သူ့စစ်အုပ်စုတွေလက်ထဲ ရောက်သွားမယ့် တကယ့်အန္တရာယ် ရှိနေတယ်ဆိုတာကို အမေရိကန်၊ ဥရောပနိုင်ငံ တွေ၊ ရုရှားနဲ့ အီရန်အပါအ၀င် လက်နက်ခဲယမ်း ထောက်ပံ့နေတဲ့ နိုင်ငံတွေအနေနဲ့ လက်ခံရပါမယ်လို့ AI သုတေသီ Patrick Wilcken က ထုတ်ပြန်ချက်တခုမှာ ပြောထားပါတယ်။
အီရတ်ကို လက်နက်ရောင်းချင်တဲ့ နိုင်ငံတွေအနေနဲ့ ပြည်သူ့စစ်တွေက လူ့အခွင့်အရေးချိုးဖောက်ဖို့ အဲဒီလက်နက်တွေကို အသုံး မပြုရေး သေချာစေဖို့ တင်းကျပ်တဲ့ ကန့်သတ်ချက်တွေကို အရင်ဆုံးချမှတ်သင့်ပါတယ်လို့ Wilcken ကပြောပါတယ်။
ဒီကိစ္စနဲ့ပတ်သက်ပြီး Hahid Shaabi ပြည်သူ့စစ်အဖွဲ့ ပြောခွင့်ရသူဘက်က လောလောဆယ် ဘာမှတ်ချက်မှ မပေးသေးပါဘူး။",3.0,3.0,3.0,5.0,2.0,"The text is a clear, well-structured news report about international human rights findings. It provides educational value regarding global politics and human rights, uses logical reporting structures, and is written in natural, professional Burmese. It is clean, complete, and free of boilerplate, though it focuses on international events rather than specific Burmese cultural nuances."
<urn:uuid:a10f532b-b821-4947-914c-50653afea300>,"ဇူလှိုင် ၉၊ ၂၀၁၁။ နိုင်ငံတွေ အထူးသဖြင့် ဒီမိုကရေစီနိုင်ငံတွေမှာ အသစ်တက်လာတဲ့ အစိုးရတရပ် ဘယ်လောက် ရုပ်လုံးပေါ်လာပြီလဲဆိုတာကို ရက် ၁၀၀ တိုင်းတာပြီး သုံးသပ် စစ်ကြောလေ့ရှိပါတယ်။ အရင် ရွေးကောက်ပွဲစည်းရုံးရေးကာလအတွင်း လူထုကို ပေးခဲ့တဲ့ ဂတိကဝတ်တွေ၊ အစိုးရဖွဲ့စည်းစမှာ ပြောခဲ့တဲ့ စကားတွေအပေါ် ဘယ်လောက် အကောင်အထည်ဖော်နိုင်ပြီလဲ၊ ပြောသလို အပြောင်းအလဲအတွက် လမ်းစတွေ မြင်ရပြီလား တွက်ချက် သုံးသပ်ကြပါတယ်။
၂၀၁၀ ရွေးကောက်ပွဲရလဒ်ကနေ အရွေးခံခဲ့ရတဲ့ အနိုင်ရကြံခိုင်ရေးပါတီရဲ့ အစိုးရအဖွဲ့ဟာ ဇူလှိုင် ၈ ရက်နေ့မှာ ရက် ၁၀၀ တင်းတင်း ပြည့်ပါတယ်။ သမတသစ် ဦးသိန်းစိန်းဟာလည်း ကျိန်းသစ္စာဆိုမိန့်ခွန်းထဲမှာ အမျိုးသားပြန်လည်သင့်မြတ်ရေး၊ ဒီမိုကရေစီအပြောင်းအလဲ၊ လူ့အခွင့်အရေး၊ သန့်ရှင်းသောအစိုးရ၊ ကောင်းမွန်တဲ့အုပ်ချုပ်ရေး စသဖြင့် လူထုမျှော်လင့်ချက်အတော်များများကို ထည့်သွင်း ပြောဆို ဂတိပြုသွားပါတယ်။
ဒါကြောင့် အခု ရက် ၁၀၀ ပြည့်ကာလ အစိုးရသစ်ရဲ့ ဆောင်ရွက်ချက်တွေဟာ အားလုံးမျှော်လင့်တဲ့အပြောင်းအလဲအတွက် လမ်းစ တခုခုမြင်ရပြီလား၊ အရပ်သားအစိုးရတရပ်အဖြစ် ပီပီပြင်ပြင် ရုပ်လုံးပေါ်လာခဲ့ပြီလား သုံးသပ်ဆွေးနွေးမှာဖြစ်ပါတယ်။ မြန်မာနိုင်ငံ ရန်ကုန်မြို့က NGO အစိုးရမဟုတ်တဲ့အဖွဲ့အစည်းများ ဦးဆောင်လှုပ်ရှားသူတဦးဖြစ်သူ ဒေါက်တာခင်ဇော်ဝင်းနဲ့၊ BMA မြန်မာ့သတင်းသမဂ္ဂ ဥက္ကဌ ဦးမောင်မောင်မြင့်တို့ အဓိက ပါဝင်ဆွေးနွေးထားပါတယ်။",3.0,3.0,3.0,5.0,5.0,"The text provides a coherent analysis of political accountability in Myanmar, suitable for secondary education. It uses logical, multi-step reasoning to evaluate government performance. The language is natural, authentic Burmese, reflecting local political context and terminology without machine-translation artifacts. It is well-structured, professional, and free of noise."
<urn:uuid:c055127a-f3b7-4b99-9887-bd31095b6838>,"မြန်မာအင်ဂျင်နီယာတွေဟာ တကယ်တော့ လူညံ့တွေ မဟုတ်ကြပါဘူး..
“စနစ်ပျက်သွားတဲ့မြေ”
ရုံးပင်တံတားအကြောင်းရေးမိတော့ တဆက်စပ်တည်းတွေးမိတဲ့ မြစ်ကူးတံတားအတွေ့အကြုံလေး ပြောပြချင်လာပါတယ်။ ဦးသိန်းစိန်ခေတ်လောက်ကဖြစ်သည်။ ကျွန်တော်တို့ရွာနားမှာ ဧရာဝတီမြစ်ကူးတံတားစီမံကိန်းကြီးတစ်ခုလုပ်နေဆဲအချိန်၊ ကျွန်တော်က စင်ကာပူက ခဏရွာအလည်ပြန်လို့ တံတားစီမံကိန်းကို ရောက်ဖူးအောင်သွားလည်ခဲ့ပါတယ်။ အဲဒီမှာ ကျောင်းနေဖက်ငယ်သူငယ်ချင်းက တံတားစီမံကိန်းမှာလုပ်နေတာနဲ့ ပြန်ဆုံလို့ သူကအကျယ်တဝင့် စိတ်ရှည်လက်ရှည်ရှင်းပြရှာပါတယ်။
မြစ်ကမ်းပါးတနေရာကနေကြည့်ကြရင်း၊ ဟေ့ကောင်ရ ဟိုတံတားတိုင်က ဘယ်ရွာက လယ်သူမဒေါ်ဘယ်သူလုပ်တာ၊ ဟောဟိုကတိုင်က ဘယ်ရွာက ဦးဘယ်သူလုပ်တာ၊ မင်းနှယ်ကွာ နိုင်ငံခြားနေမနေစမ်းပါနဲ့ ပြန်သာလာခဲ့စမ်းပါ။ ဒီမှာ လုပ်စရာဂွင်တွေ အများကြီးရှိတယ်၊ မင်း အင်ဂျင်နီယာ တွက်တတ်တာပဲ၊ ဘာမလုပ်ရဲစရာရှိသလဲကွ။ ဒီဘိုးပိုင်တတိုင်လောင်းရင် ဌာနဆီက သိန်း ၂၀၀ နဲ့တင်ဒါဆွဲရင်၊ တကယ်ကုန်တာက ၁၅၀ အေးဆေးပဲဟ။ သူက အာပေါင်အာရင်းသန်သန်နဲ့ ပြောလေ၊ ကျွန်တော်က စိတ်ထဲကြောက်လာလေလေပါပဲ။
သူက ဆက်ရှင်းပါတယ် တကယ်ဆိုတံတားပိုင်တလုံး ဥပမာ.. သိန်း ၅၀၀ လောက်ဘတ်ဂျက်ချပေးတာ၊ ရုံးချုပ်ကစဖြတ်၊ SE, EE, AE, SAE, JE စသဖြင့် အဆင့်ဆင့် ခွဲဝေခြမ်းလိုက်ကြတာ တကယ့်မြေပြင်မှာ လုပ်မယ့်ကန်ထရိုက်ဆီလည်းရောက်ကရော သိန်း ၂၀၀ ပဲ ကျန်တော့တယ်၊ ကန်ထရိုက်ကလည်း သူ့တွက်ကျန်အောင် ၁၅၀ နဲ့ ရအောင်လုပ်တယ်။ ခိုင်မခိုင် ကောင်းမကောင်း စဉ်းစားကြည့်ကြပေါ့။
ဒီတရုတ်သံပေါင်နည်းပညာနဲ့ ဝေစားမျှစားအောက်ခံအုတ်မြစ်နဲ့ ဧရာဝတီမြစ်ကြီးကို ဖြတ်ကူးကြရမှာ၊ နောက်ပိုင်းအခေါက်တွေ ပြန်ရောက်လို့ အဲတံတားပေါ်ကားဖြတ်မောင်းရင် သူငယ်ချင်းပြောတာတွေ နားထဲက ပြန်ကြားယောင်နေမိပြီး ကျောချမ်းတာကဖြင့်အမှန်ပါပဲ။ အော်… ကျွန်တော့်သူငယ်ချင်းက မြို့ပြအင်ဂျင်နီယာမဟုတ်ပါဘူး၊ ငယ်ငယ်က အမှတ်မမှားရင် မိသားစုစားဝတ်နေရေးအတွက် ၄ တန်းလောက်နဲ့ ကျောင်းထွက်ခဲ့ရသူပါ။ အလုပ်ဆက်စပ်လိုက်လုပ်ရင်း ဆောက်လုပ်ရေးတံတားစီမံကိန်းတွေမှာ ချိတ်မိပြီး ကြိုးစားသူ ဖင်ပေါ့သူမို့ နေ့စားဝန်ထမ်းဖြစ်နေတာပဲ ဖြစ်ပါတယ်။
မြန်မာအင်ဂျင်နီယာတွေဟာ တကယ်တော့ လူညံ့တွေ မဟုတ်ကြပါဘူး၊ အမှားကြာ အမှန်ဖြစ်လို့ လုပ်ပိုင်ခွင့်အာဏာကို ရပိုင်ခွင့်ဂွင်တွေပဲလို့ ကျင့်ဝတ်ပျက်ပြားကုန်ကြတာပဲ ဖြစ်ကြမှာပါ။ မိုးခါးရေသောက်ရင်း ကြာလာတော့ လူတစုဟာ လခစားဘဝနဲ့တင် ဘီလီယံနာတွေဖြစ်လာပြီး၊ တိုင်းပြည်ဟာ မြောင်းထဲထိုးဆင်းခဲ့ကြရတာပါ။
ဒီကြားထဲ ၃ သိန်းထိ လာဘ်စားလို့ရတယ်လို့ မူဝါဒချမှတ်လေတော့ ဇီးသီးဗန်းမှောက်ကုန်ကြပါတော့တယ်။ အခု ပြည်သူ့အစိုးရခေတ်မှာတော့ အစိုးရစီမံကိန်းတွေအားလုံးကို ပွင့်လင်းမြင်သာစွာဖြင့် တင်ဒါခေါ်၊ တိတိကျကျစစ်ဆေးနေကြလို့ ဒီဖက်ခေတ် လမ်းတံတားတွေဟာဖြင့် စစ်အစိုးရခေတ်ထက် အဆမတန်ပိုမိုကောင်းမွန်လာကြတာကို မျက်မြင်ဒိဌတွေ့နေကြရပါပြီ။
ရွေးကောက်ခံ အစိုးရတာဝန်ရှိသူတွေအနေနဲ့ ယောက်မမြင်းစီးမထွက်ကြဖို့ အခွန်ထမ်းပြည်သူတွေက အထူးတလည်မျှော်လင့်မိပါကြောင်း။
Zin Min Nyein",2.0,3.0,2.0,5.0,5.0,"The text provides a personal, anecdotal critique of corruption in infrastructure projects in Myanmar. It offers insight into social and political issues, demonstrating logical connections between corruption and structural integrity. It is written in natural, idiomatic Burmese, reflecting local cultural and political contexts, and is formatted cleanly as a coherent narrative essay."
<urn:uuid:7eff88cf-2e61-4a2c-a99a-3236694f7b75>,"အမျိုးသား ဒီမိုကရေစီ အဖွဲ့ချုပ် (NLD) အနေဖြင့် ပါတီမှတ်ပုံ မတင်ရန် ဆုံးဖြတ်ခဲ့ ခြင်းသည် မှားယွင်းမှု ဖြစ်နိုင်ဖွယ် ရှိကြောင်း သုံးသပ် ပြောဆိုမှုများ ရှိနေသည်။
NLD ပါတီသည် ဒီမိုကရေစီ စံချိန်ကို ထိန်းသိမ်းရန် တခုတည်းသော ရွေးချယ်စရာမှာ ပါတီကို မှတ်ပုံမတင်ခြင်း ဖြစ်သော်လည်း ၎င်း နည်းလမ်းသည် မှားယွင်းနိုင်ကြောင်း၊ မြန်မာ့နိုင်ငံရေးတွင် အခန်းကဏ္ဍတခုအနေဖြင့် ပါဝင်သင့်သည်ဟုပြီးခဲ့သည့် ဗုဒ္ဓဟူးနေ့က ထုတ်ဝေသည့် The Economist အင်တာနက်သတင်းစာမျက်နှာတွင် ရေးသား ထားသည်။
[ပါတီ မှတ်ပုံတင်ရေး မတင်ရေး အစည်းအဝေး ပြုလုပ်သည့် မတ်လ ၂၉ ရက်နေ့က NLD ရုံးချုပ် အပြင်ဘက်တွင် ဒေါ်အောင်ဆန်းစုကြည် နှင့် နိုင်ငံရေး အကျဉ်းသားများ လွှတ်ပေးရန် ကြွေးကြော် ဆန္ဒပြနေသော အဖွဲ့ဝင်များ (ဓာတ်ပုံ - AP)]
ပါတီ မှတ်ပုံတင်ရေး မတင်ရေး အစည်းအဝေး ပြုလုပ်သည့် မတ်လ ၂၉ ရက်နေ့က NLD ရုံးချုပ် အပြင်ဘက်တွင် ဒေါ်အောင်ဆန်းစုကြည် နှင့် နိုင်ငံရေး အကျဉ်းသားများ လွှတ်ပေးရန် ကြွေးကြော် ဆန္ဒပြနေသော အဖွဲ့ဝင်များ (ဓာတ်ပုံ - AP)
NLD ပါတီ ခေါင်းဆောင် တဦးဖြစ်သူ ဦးဝင်းတင်ကမူ ပါတီအတွင်း ဥက္ကဌ ဦးအောင်ရွှေက မှတ်ပုံတင်ရန် ညွှန်ကြားထားပြီး ရွေးကောက်ပွဲကို ၀င်လိုသူ များလည်း ရှိကြောင်း၊ သို့သော် ပါတီမှတ်ပုံ မတင်ရေး ဆုံးဖြတ်ချက်သည် ပြည်သူလူထုနှင့် ပါတီဝင်များ၏ ဒီမိုကရေစီအရ ဆုံးဖြတ်ချက်သာ ဖြစ်ကြောင်း ပြောသည်။
“မှတ်ပုံမတင်ဘူး ဆိုတဲ့ ဆုံးဖြတ်ချက်ဟာ ဖြစ်တည်မှု တရား၊ အရှိ တရားကို ဆုံးဖြတ်တာပဲ”ဟု ၎င်းက ဆိုသည်။
ဖွဲ့စည်းပုံအခြေခံဥပဒေ လက်ခံရေးအပါအ၀င် ရွေးကောက်ပွဲဝင်ရေး နှင့် ပတ်သက်၍ ပါတီဝင်တချို့၏ ရပ်တည်မှုကို လက်ခံ ကြောင်း၊ သို့သော် အများဆုံးဖြတ်ထားသည့်အတိုင်း ပါတီ၏ ပုံရိပ်နှင့် အမည်သုံးခွင့် မရှိကြောင်း ဦးဝင်းတင်ကပြောသည်။
မြန်မာပြည်၏ နိုင်ငံရေးပြဿနာများသည် ချက်ချင်းလက်ငင်း ဖြေရှင်းရန် လွယ်ကူသည့် ပြဿနာများမဟုတ်ကြောင်း၊ လက်တွေ့ ဆန်စွာ စဉ်းစားမည်ဆိုလျှင် ရွေးကောက်ပွဲကို လက်ခံ၍ တဖြည်းဖြည်းခြင်းသာ ဒီမိုကရေစီကို ပြောင်းယူရမည်ဖြစ်ကြောင်းချင်းမိုင် အခြေစိုက် မြန်မာ့အရေးလေ့လာသူ ဦးအောင်နိုင်ဦးက ပြောသည်။
“ဦးသုဝေတို့ဆိုရင် လက်တွေ့ဆန်ဆန် စဉ်းစားပြီးတော့၊ ၀င်သင့်တယ်ဆုံးဖြတ်တယ်၊ ၀င်မယ်ဆိုရင်လည်း လိုက်လျောမှုတွေ တချို့ လုပ်ရမယ် ဆိုတာကို လက်ခံတယ်”ဟု ၎င်းဆိုသည်။
NLD ၏ ဆုံးဖြတ်ချက်သည် လှေခွက်ချည်းကျန် အလံမလှဲ စိတ်ဓာတ်ဖြစ်သော်လည်း ပြည်သူလူထု၏ အကျိုးစီးပွားကို ပစ်ပယ် ရာရောက်နေကြောင်း၊ စစ်အစိုးရကဲ့သို့ ပြည်သူကို လျစ်လျူရှုလုပ်ကိုင်နေသည်ဟု ထင်ကြောင်း ဦးအောင်နိုင်ဦးကဆိုသည်။
NLD ဗဟိုအလုပ်အမှုဆောာင်တဦးဖြစ်သူ ဦးဟံသာမြင့်က ပါတီအနေဖြင့် ရှေ့လုပ်ငန်းစဉ်များနှင့် ပတ်သက်၍ ယခုလော လော ဆယ်တွင် အတိအကျမပြောနိုင်ကြောင်း၊ မကြာမီ အစည်းအဝေးတခုပြုလုပ်၍ ရှေ့လုပ်ငန်းစဉ်များ ချမှတ်မည်ဖြစ်ကြောင်း ပြောဆိုသည်။
ပြီးခဲ့သည့် တနလာင်္နေ့က NLD ခေါင်းဆောင်များနှင့် နိုင်ငံတ၀န်းရှိ ဗဟိုဦးစီး အဖွဲ့ဝင် ၁၁၃ ဦးတို့ ကျင်းပသည့် ဆွေးနွေးပွဲတွင် ပါတီ ပြန်လည်မှတ်ပုံတင်ခြင်း မပြုရန်နှင့် ရွေးကောက်ပွဲ မ၀င်ရန် ဆုံးဖြတ်ခဲ့ကြသည်။
http://irrawaddy.org/bur/index.php/news/1-news/2928-nld-- မှကူးယူဖော်ပြသည်။",2.0,3.0,3.0,3.0,4.0,"The text provides a historical account of NLD political decisions, offering moderate educational value regarding Burmese political history. It includes multiple perspectives (U Win Tin, U Aung Naing Oo), demonstrating basic to intermediate reasoning. It is written in natural, journalistic Burmese, reflecting authentic local political discourse, though it contains some repetitive boilerplate/caption text."
<urn:uuid:23493797-6dc3-4a66-8aa8-19c2bb50c4e3>,"SweetDecemberလို့ခေါ်ကြတဲ့ချိုသောဒီဇင်ဘာလကိုရောက်ရှိလို့လာပါပြီ။မနှစ်ကဒီလိုအချိန်မှာငါးထောင်တန်FoodBoxတွေခေတ်စားခဲ့တယ်။ကျပ်ငါးထောင်ဆိုတဲ့ပမာဏဟာလူတိုင်းအတွက်ဘာမှမဟုတ်ခဲ့ဘူး။ဒီနှစ်တော့ဒီအချိန်မှာငါးရာတန်ထမင်းပွဲတွေခေတ်စားလာတယ်။
လူတွေကတော်တော်များများအလုပ်လက်မဲ့ဖြစ်သွားကြပြီ။ဝင်ငွေမရှိတော့ဘူး။ကမ္ဘာဘဏ်ကတော့၂၀၂၂မှာမြန်မာပြည်သူတဝက်လောက်ဟာဆင်းရဲမွဲတေမှုမျဉ်းအောက်မှာအသက်ရှင်ရလိမ့်မယ်လို့ခန့်မှန်းထားတယ်။လက်တွေ့မြေပြင်မှာလဲအဲ့ဒီအတိုင်းဖြစ်နေပြီ။စားစရာမရှိတော့တာနဲ့အမျှခိုးဆိုးလုယက်မှုတွေပေါလာလိမ့်မယ်။ခုတောင်တချို့နေရာတွေမှာတွေ့နေရပြီ။တရားဥပဒေစိုးမိုးမှုလဲမရှိတော့ဘူးလေ။စစ်ကောင်စီဟာအခုအချိန်မှာရာဇဝတ်မှုတွေကိုစိတ်မဝင်စားတော့ဘူး။သူတို့အာဏာတည်မြဲဖို့ကိုပဲအာရုံစိုက်နေရတယ်။ပြည်သူတွေရဲ့ဘဝဟာစားဖို့လဲပူရ၊ရာဇဝတ်မှုတွေကိုလဲကြောက်ရနဲ့အပူလုံးကြွနေပြီ။
ကရင်နီပြည်နယ်လွိုင်ကော်မြို့ကကုလသမဂ္ဂဝန်ထမ်းတွေနဲ့အန်ဂျီအိုဝန်ထမ်းတွေရှမ်းပြည်နယ်ဘက်ကိုထွက်ခွာခွင့်ရသွားတယ်။ဒါပေမယ့်မြို့ထဲမှာအရပ်သားအများအပြားပိတ်မိနေဆဲပဲ။လွိုင်ကော်တက္ကသိုလ်ထဲမှာစစ်တပ်ရဲ့လူသားဒိုင်းအဖြစ်အသုံးချခံထားရတဲ့ဝန်ထမ်းတွေနဲ့ကျောင်းသားတွေကိုတော့တော်လှန်ရေးအဖွဲ့တွေကယ်ထုတ်လိုက်နိုင်တယ်။ဒါကိုစစ်ကောင်စီကထိုဝန်ထမ်းတွေကိုတော်လှန်ရေးအဖွဲ့တွေကမတရားဖမ်းဆီးသွားပါတယ်ဆိုပြီးအသံလွှင့်သေးတယ်။သူတို့ဘာတွေပြောနေပါစေအမှန်တရားကိုလူတိုင်းသိနေတာပဲ။အခုဆိုစစ်ကောင်စီတပ်တွေနှစ်ရှည်လများတပ်စွဲအထိုင်ချထားတဲ့လွိုင်ကော်တက္ကသိုလ်ကိုကရင်နီတပ်ပေါင်းစုအဖွဲ့တွေထိန်းချုပ်ထားနိုင်ပြီးလွိုင်ကော်မြို့ပတ်ပတ်လည်ကိုလဲဝိုင်းထားနိုင်ပြီ။မြို့လယ်ကနေရာကွက်ကွက်လေးကိုသားစစ်သူပုန်တွေထိန်းချုပ်ထားနိုင်တော့တယ်။ ရခိုင်ပြည်နယ်မှာလဲအေအေကဆက်တိုက်ဆိုသလိုထိုးစစ်ဆင်နေတယ်။တချို့ရဲ့စခန်းတွေဆိုရင်သေနတ်သံကြားတာနဲ့လက်နက်ချကုန်တော့တာပဲ။ဒါ့ကြောင့်စစ်ကောင်စီဟာစခန်းအသေးတွေကသူတို့လူတွေကိုစွန့်ခွာခိုင်းပြီးစခန်းအကြီးတွေမှာပူးပေါင်းခိုင်းထားတာကြောင့်အေအေဟာစစ်မတိုက်လိုက်ရပဲရခိုင်ပြည်နယ်ကစခန်း၄၀လောက်ကိုရရှိလိုက်တယ်။ဒါပေမယ့်စစ်ကောင်စီဟာရခိုင်ပြည်နယ်မှာတိုက်ပွဲတွေပြန်စတဲ့နေ့ကစပြီးကုန်လမ်းကြောင်းတွေကိုပိတ်ဆို့ထားလိုက်ပါပြီ။ပြည်မကဝင်တဲ့လမ်းကြောင်းတွေအကုန်ပိတ်ဆို့ထားတဲ့အပြင်ပြည်နယ်ထဲမှာတမြို့နဲ့တမြို့ကိုတောင်ကူးလူးသွားလာလို့မရတော့ပါဘူး။ဒါကြောင့်ရခိုင်ပြည်နယ်ထဲမှာကုန် ဈေးနှုန်းတွေမြင့်တက်လာပြီးပြည်သူတွေဒုက္ခရောက်နေကြပြီ။ဒီအခြေအနေကိုအေအေကဘယ်လိုဖြေရှင်းမလဲဆိုတာစိတ်ဝင်စားစရာပဲ။",2.0,3.0,2.0,4.0,5.0,"The text provides a contemporary socio-political analysis of Myanmar. It demonstrates logical connections between economic hardship and crime, and military conflict and humanitarian crises. It uses authentic Burmese terminology and reflects deep local knowledge of the current situation, though it is journalistic/commentary rather than formal educational material."
<urn:uuid:7dd72a5b-6980-45b8-a934-6337f70f046f>,"ဘုရားသခင်၏ နေ့စဉ် နှုတ်ကပတ်တော်များ | “ဘုရားသခင်၏ အလုပ်နှင့် လူသား၏အလုပ်” | ကောက်နုတ်ချက် ၁၇၃
သန့်ရှင်းသောဝိညာဉ်တော်၏ အလုပ်သည် လူအမျိုးအစား များစွာနှင့် မတူညီသော အခြေအနေများစွာမှတစ်ဆင့် ပြီးမြောက်ကာ ပြည့်စုံလေသည်။ လူ့ဇာတိခံ ဘုရားသခင်၏ အမှုသည် ခေတ်တစ်ခုလုံး၏ အမှုကို ကိုယ်စားပြုနိုင်ပြီး ခေတ်တစ်ခုလုံးထဲက လူတို့၏ဝင်ရောက်မှုကို ကိုယ်စားပြုနိုင်သော်လည်း၊ လူတို့၏ ဝင်ရောက်မှု အသေးစိတ်နှင့် ပတ်သက်သော အမှုကို လူ့ဇာတိခံ ဘုရားသခင်အားဖြင့် မဟုတ်ဘဲ၊ သန့်ရှင်းသော ဝိညာဉ်တော်၏ အသုံးပြုခြင်းခံရသော လူတို့အားဖြင့် လုပ်ဆောင်ဖို့ လိုအပ်ဆဲ ဖြစ်သည်။ ထို့ကြောင့်၊ ဘုရားသခင်၏အမှု သို့မဟုတ် ဘုရားသခင်ကိုယ်တိုင်၏ သာသနာသည် လူက ဘုရားသခင်ကိုယ်စား မလုပ်ဆောင်နိုင်သည့် ဘုရားသခင်၏ လူ့ဇာတိခံ ခန္ဓာ၏ အမှု ဖြစ်သည်။ သန့်ရှင်းသော ဝိညာဉ်တော်၏ အလုပ်သည် မတူညီသည့် လူအမျိုးအစားများစွာမှတစ်ဆင့် ပြည့်စုံလေသည်။ ယင်းကို မည်သည့် လူတစ်ဦးတစ်ယောက်တည်းကမျှ လုံးဝ မရရှိနိုင်သကဲ့သို့၊ လူတစ်ဦး တစ်ယောက်တည်းကလည်း လုံးလုံးလျားလျား မဖော်ပြနိုင်ပေ။ အသင်းတော်ကို ဦးဆောင်သော သူများသည်လည်း သန့်ရှင်းသော ဝိညာဉ်တော်၏ အလုပ်ကို လုံးလုံးလျားလျား ကိုယ်စားမပြုနိုင်ပေ။ ၎င်းတို့သည် ဦးဆောင်သည့် အလုပ်အချို့ကိုသာ လုပ်ဆောင်နိုင်သည်။ ဤအကြောင်းကြောင့်၊ သန့်ရှင်းသောဝိညာဉ်တော်၏ အလုပ်ကို သုံးပိုင်းခွဲခြားနိုင်၏- ဘုရားသခင် ကိုယ်တိုင်၏အလုပ်၊ အသုံးပြုခြင်းခံရသော လူတို့၏အလုပ်နှင့် သန့်ရှင်းသော ဝိညာဉ်တော်၏ ရေစီးကြောင်းအတွင်း၌ ရှိသော သူအားလုံးနှင့် ပတ်သက်သည့် အလုပ်ဟူ၍ ဖြစ်သည်။ ဘုရားသခင်ကိုယ်တိုင်၏ အလုပ်သည် ခေတ်တစ်ခုလုံးကို ဦးဆောင်ရန်ဖြစ်သည်။ အသုံးပြုခြင်းခံရသော သူတို့၏ အလုပ်သည်၊ စေလွှတ် ခံရခြင်းဖြင့် သို့မဟုတ် ဘုရားသခင်က သူကိုယ်တိုင်၏ အလုပ် လုပ်ဆောင်ပြီးနောက် ပေးသည့် စေခိုင်းချက်တာဝန်များကို ရရှိခြင်းဖြင့်၊ ဘုရားသခင်၏ နောက်လိုက် အားလုံးကို ဦးဆောင်ရန်ဖြစ်ပြီး၊ ဤသူတို့သည် ဘုရားသခင်၏အမှုနှင့် ပူးပေါင်းဆောင်ရွက်ကြသူများ ဖြစ်သည်။ ရေစီးကြောင်းထဲတွင် ရှိသော သူတို့အပေါ် သန့်ရှင်းသော ဝိညာဉ်တော်အားဖြင့် လုပ်ဆောင်သော အလုပ်သည် သူကိုယ်တိုင်၏ အလုပ်အားလုံးကို ထိန်းသိမ်းရန် ဖြစ်ပြီး၊ ယင်းမှာ သူ၏ စီမံခန့်ခွဲမှု တစ်ခုလုံးနှင့် သက်သေခံချက်ကို ထိန်းသိမ်းရန် ဖြစ်သော်လည်း၊ တစ်ချိန်တည်းတွင် စုံလင်စေခြင်းခံရနိုင်သူများကို စုံလင်စေခြင်း ဖြစ်ပေသည်။ ဤသုံးပိုင်းသည် အတူတကွ၊ သန့်ရှင်းသောဝိညာဉ်တော်၏ အလုပ် အစုံအလင်ဖြစ်သော်လည်း၊ ဘုရားသခင် ကိုယ်တိုင်၏ အမှုမရှိဘဲနှင့်၊ စီမံခန့်ခွဲမှု အလုပ်သည် အလုံးစုံ တန့်သွားပေမည်။ ဘုရားသခင် ကိုယ်တိုင်၏ အမှုတွင် လူသားမျိုးနွယ် အားလုံး၏အလုပ် ပါဝင်ပြီး ယင်းသည် ခေတ်တစ်ခုလုံး၏ အလုပ်ကိုလည်း ကိုယ်စားပြု၏၊ ဆိုလိုသည်မှာ ဘုရားသခင်ကိုယ်တိုင်၏ အလုပ်သည် သန့်ရှင်းသော ဝိညာဉ်တော် အလုပ်၏ အင်အားနှင့် လားရာတိုင်းကို ကိုယ်စားပြုပြီး၊ တမန်တော်များ၏ အလုပ်မှာမူ ဘုရားသခင်ကိုယ်တိုင်၏ အလုပ်နောက်တွင် ဖြစ်လာပြီး ယင်းမှ လိုက်လုပ်ခြင်းဖြစ်ကာ ခေတ်ကို မဦးဆောင်သကဲ့သို့၊ ခေတ်တစ်ခေတ်လုံးထဲက သန့်ရှင်းသော ဝိညာဉ်တော်၏ လုပ်ဆောင်ချက် လားရာကိုလည်း ကိုယ်စားမပြုပေ။ ၎င်းတို့သည် စီမံခန့်ခွဲမှုအလုပ်နှင့် လုံးဝ သက်ဆိုင်ခြင်းမရှိသည့် လူလုပ်ဆောင်သင့်သည့် အလုပ်ကို လုပ်ကြခြင်းသာ ဖြစ်သည်။ ဘုရားသခင် ကိုယ်တိုင် လုပ်ဆောင်သည့် အမှုသည် စီမံခန့်ခွဲမှုအလုပ်အတွင်းရှိ စီမံကိန်းတစ်ခု ဖြစ်သည်။ လူသား၏ အလုပ်မှာ အသုံးပြုခြင်းခံရသော လူတို့ ဖြည့်ဆည်းသည့် တာဝန်သာဖြစ်ပြီး စီမံခန့်ခွဲမှုအလုပ်နှင့် ဆက်နွှယ်မှု မရှိပေ။ ၎င်းတို့နှစ်ခုလုံးသည် သန့်ရှင်းသောဝိညာဉ်တော်၏ အလုပ်ဖြစ်သော်လည်း၊ အလုပ်၏ ပင်ကိုလက္ခဏာများနှင့် ကိုယ်စားပြုမှုများထဲက ကွဲပြားမှုများကြောင့်၊ ဘုရားသခင် ကိုယ်တိုင်၏ အလုပ်နှင့် လူသား၏ အလုပ်ကြားတွင် ရှင်းလင်းပြီး ပဓာနကျသော ကွဲပြားမှုများရှိလေသည်။ ထို့အပြင် မတူညီသော ပင်ကိုလက္ခဏာများရှိသည့် အပြုခံအရာများအပေါ် သန့်ရှင်းသော ဝိညာဉ်တော် အလုပ်၏ အတိုင်းအတာ ကွဲပြားလေသည်။ ဤအရာများသည် သန့်ရှင်းသော ဝိညာဉ်တော် အလုပ်၏ အခြေခံသဘောတရားများနှင့် နယ်ပယ် ဖြစ်သည်။
နှုတ်ကပတ်တော်သည် လူ့ဇာတိ၌ ပေါ်လာ၏ မှ",2.0,3.0,3.0,5.0,3.0,"The text provides a theological analysis of religious roles and divine work. It is coherent and structured, requiring moderate intellectual effort to follow. It is clean, free of noise, and written in natural, formal Burmese, though it reflects a specific religious sect's terminology rather than general cultural knowledge."
<urn:uuid:f881bfdc-9cc0-4007-b93d-489da55f05ae>,"အရှေ့တောင် အာရှဒေသမှာရှိတဲ့ စစ်ဘက်ပညာရပ်ဆိုင်ရာ အစီအစဉ်တွေနဲ့ သင်တန်းတွေအတွက် အမေရိကန် ပြည်ထောင်စုက အကူအညီတွေ အများကြီး တိုးမြှင့်ပေးသွားမယ့်အကြောင်း အမေရိကန်အစိုးရက ကြေညာလိုက်ပါတယ်။
ကွာလာလမ်ပူမြို့မှာရှိတဲ့ မလေးရှား ကာကွယ်ရေးနဲ့ လုံခြုံရေးဌာနမှာ ပြောကြားခဲ့တဲ့ မိန့်ခွန်းအတွင်း အမေရိကန် ကာကွယ်ရေးဝန်ကြီး ချက် ဟေဂယ်လ် (Chuck Hagel) က အခုလို ကြေညာလိုက်တာပါ။ ပန်တဂွန် ဘတ်ဂျက်စာရင်းအရ ဒီအစီအစဉ်တွေအတွက် အမေရိကန်ဒေါ်လာ သန်း ၉၀ သတ်မှတ်ထားပြီး၊ ဒါဟာ လွန်ခဲ့တဲ့ ၄ နှစ်နဲ့ နှိုင်းယှဉ်ရင် အဆပေါင်း ၅၀ ပိုများလာတာ ဖြစ်တယ်လို့ ဆိုပါတယ်။
အမေရိကန် အစိုးရအနေနဲ့ အာရှ-ပစိဖိတ်ဒေသကို ပိုပြီးတော့ အာရုံထားရေး မဟာဗျူဟာ ပြောင်းလဲလာခဲ့ပြီးတဲ့နောက် အခု ဆုံးဖြတ်ချက် ထွက်ပေါ်လာခဲ့တာပါ။ အရှေ့တောင် အာရှဒေသရဲ့ ပိုပြီးတော့ ထင်ပေါ်လာမှုနဲ့ အရေးပါမှုတွေကို ထင်ဟပ်နိုင်စေဖို့၊ အာရှ-ပစိဖိတ်ဒေသနဲ့ လုံခြုံရေး၊ စီးပွားရေးနဲ့ သံတမန်ရေးဆိုင်ရာ ထိတွေ့ဆက်ဆံမှုတွေကို ပြန်လည် ထိန်းညှိသွားနိုင်အောင် အမေရိကန်အစိုးရက နည်းလမ်း ရှာဖွေ ကြိုးစားနေတာ ဖြစ်တယ်လို့လည်း ၀န်ကြီး ဟေဂယ်လ် က ပြောသွားပါတယ်။
ခုလို အမေရိကန်အစိုးရက ဒေသတွင်း စိတ်ဝင်စားမှုတွေ တိုးလာနေတဲ့အပေါ်မှာ ဒါဟာ တရုတ်နဲ့ အိမ်နီးချင်း နိုင်ငံတွေကြား ကန့်သတ်ဖို့ ကြိုးစားတာဖြစ်တယ် လို့ဆိုပြီး တရုတ်နိုင်ငံက စိုးရိမ်ကြောင်း ထုတ်ဖော်ပြောဆိုထားပါတယ်။
တရုတ်နိုင်ငံဟာ တောင်တရုတ် ပင်လယ်ပြင်အတွင်းက ရေပိုင်နက်တချို့နဲ့ ပတ်သက်လို့ ဗီယက်နမ်၊ ဖိလစ်ပိုင် စတဲ့ အာရှနိုင်ငံတွေ အတော်များများနဲ့
ဖြေရှင်းလို့ မရသေးတဲ့ ပဋိပက္ခတွေ ရှိနေတာ ဖြစ်ပါတယ်။
ကွာလာလမ်ပူမြို့မှာရှိတဲ့ မလေးရှား ကာကွယ်ရေးနဲ့ လုံခြုံရေးဌာနမှာ ပြောကြားခဲ့တဲ့ မိန့်ခွန်းအတွင်း အမေရိကန် ကာကွယ်ရေးဝန်ကြီး ချက် ဟေဂယ်လ် (Chuck Hagel) က အခုလို ကြေညာလိုက်တာပါ။ ပန်တဂွန် ဘတ်ဂျက်စာရင်းအရ ဒီအစီအစဉ်တွေအတွက် အမေရိကန်ဒေါ်လာ သန်း ၉၀ သတ်မှတ်ထားပြီး၊ ဒါဟာ လွန်ခဲ့တဲ့ ၄ နှစ်နဲ့ နှိုင်းယှဉ်ရင် အဆပေါင်း ၅၀ ပိုများလာတာ ဖြစ်တယ်လို့ ဆိုပါတယ်။
အမေရိကန် အစိုးရအနေနဲ့ အာရှ-ပစိဖိတ်ဒေသကို ပိုပြီးတော့ အာရုံထားရေး မဟာဗျူဟာ ပြောင်းလဲလာခဲ့ပြီးတဲ့နောက် အခု ဆုံးဖြတ်ချက် ထွက်ပေါ်လာခဲ့တာပါ။ အရှေ့တောင် အာရှဒေသရဲ့ ပိုပြီးတော့ ထင်ပေါ်လာမှုနဲ့ အရေးပါမှုတွေကို ထင်ဟပ်နိုင်စေဖို့၊ အာရှ-ပစိဖိတ်ဒေသနဲ့ လုံခြုံရေး၊ စီးပွားရေးနဲ့ သံတမန်ရေးဆိုင်ရာ ထိတွေ့ဆက်ဆံမှုတွေကို ပြန်လည် ထိန်းညှိသွားနိုင်အောင် အမေရိကန်အစိုးရက နည်းလမ်း ရှာဖွေ ကြိုးစားနေတာ ဖြစ်တယ်လို့လည်း ၀န်ကြီး ဟေဂယ်လ် က ပြောသွားပါတယ်။
ခုလို အမေရိကန်အစိုးရက ဒေသတွင်း စိတ်ဝင်စားမှုတွေ တိုးလာနေတဲ့အပေါ်မှာ ဒါဟာ တရုတ်နဲ့ အိမ်နီးချင်း နိုင်ငံတွေကြား ကန့်သတ်ဖို့ ကြိုးစားတာဖြစ်တယ် လို့ဆိုပြီး တရုတ်နိုင်ငံက စိုးရိမ်ကြောင်း ထုတ်ဖော်ပြောဆိုထားပါတယ်။
တရုတ်နိုင်ငံဟာ တောင်တရုတ် ပင်လယ်ပြင်အတွင်းက ရေပိုင်နက်တချို့နဲ့ ပတ်သက်လို့ ဗီယက်နမ်၊ ဖိလစ်ပိုင် စတဲ့ အာရှနိုင်ငံတွေ အတော်များများနဲ့
ဖြေရှင်းလို့ မရသေးတဲ့ ပဋိပက္ခတွေ ရှိနေတာ ဖြစ်ပါတယ်။",3.0,3.0,3.0,2.0,3.0,"The text provides a clear, informative overview of US-Asia geopolitical relations suitable for secondary education. It demonstrates logical reasoning regarding strategic shifts and regional tensions. However, the document contains significant repetition of entire paragraphs, which lowers the cleanliness score. The language is natural and accurately reflects regional political discourse."
<urn:uuid:73b9799a-9f12-40a3-ba4c-ebf813a2f5a3>,"တိုင်းရင်းသားအခွင့်အရေး ကာကွယ်စောင့်ရှောက်သည့် ဥပဒေ ဆွေးနွေးမည်
2.6K
မြန်မာနိုင်ငံမှာ တိုင်းရင်းသားလူမျိုးများရဲ့ အခွင့်အရေးတွေကို ကာကွယ် စောင့်ရှောက်တဲ့ ဥပဒေမူကြမ်းကို အမျိုးသားဒီမိုကရေစီအဖွဲ့ချုပ်ဥက္ကဋ္ဌ ဒေါ်အောင်ဆန်းစုကြည်က လွှတ်တော်မှာ ဆွေးနွေးပေးဖို့ရှိနေပါတယ်။ တိုင်းရင်းသားလူမျိုးများရဲ့ အခွင့်အရေးတွေကို ကာကွယ်စောင့်ရှောက်တဲ့ ဥပဒေမူကြမ်းကို ပြည်ထောင်စုကြံ့ခိုင်ရေးနဲ့ ဖွံ့ဖြိုးရေးပါတီက ကွတ်ခိုင်မြို့နယ် ပြည်သူ့လွှတ်တော်ကိုယ်စားလှယ် ဦးတီခွန်မြတ်က လွှတ်တော်တွင်း အဆို တင်သွင်းခဲ့ပါတယ်။ ဒီအဆိုတင်သွင်းချက်နဲ့ ပတ်သက်ပြီး အမျိုးသားဒီမိုကရေစီအဖွဲ့ချုပ် ဥက္ကဋ္ဌ ဒေါ်အောင်ဆန်းစုကြည်ကို ဆွေးနွေးပေးဖို့ တောင်းဆိုရာမှာ ဒေါ်အောင်ဆန်းစုကြည်က လက်ခံခဲ့ပါတယ်။ ဒေါ်အောင်ဆန်းစုကြည်က ဒီကိစ္စ ၁၉၉၀ အနိုင်ရ တိုင်းရင်းသားပါတီရဲ့ သဘောထားကို သိလိုတဲ့အတွက် ဒီအဆိုတင်သွင်းချက်နဲ့ ပတ်သက်ပြီး လွှတ်တော်ပြင်ပက တိုင်းရင်းသားပါတီတွေကို မနေ့က ရန်ကုန်မှာ တွေ့ဆုံ ဆွေးနွေးခဲ့ပါတယ်။ ဒီတွေ့ဆုံမှုကနေ တိုင်းရင်းသားလူမျိုးများရဲ့ အခွင့်အရေးဆိုင်ရာ ပြဿနာဟာ အခြေခံဥပဒေဆိုင်ရာ ပုံစံမကျမှုကြောင့် ဖြစ်တဲ့အကြောင်းနဲ့ ၂၀၀၈ ဖွဲ့စည်းပုံ အခြေခံဥပေဒကို ပြင်ဆင်နိ်ုင်မှာသာ ပြဿနာဖြေရှင်းရာ ရောက်မယ်လို့ ဆုံးဖြတ်ခဲ့တယ်လို့ ရှမ်းတိုင်းရင်းသားများဒီမိုကရေစီအဖွဲ့ချုပ် ပြောခွင့်ရသူ ဦးစိုင်းလိတ်က ပြောပါတယ်။ “ဆွေးနွေးဖြစ်တာကတော့ အဲဒီအဆိုနဲ့ ပတ်သက်ပြီး ဒေါ်အောင်ဆန်းစုကြည် အနေနဲ့ ဝင်ရောက်ဆွေးနွေးမယ်ဆိုရင် သူက ကျနော်တို့ရဲ့ သဘောထားကို သိချင်တယ်လေ။ ကျနော်တို့အားလုံရဲ့ သဘောတူညီအရ ဆုံးဖြတ်လိုက်တာကတော့ တိုင်းရင်းသားလူမျိုးတွေရဲ့ အခွင့်အရေးဆိုင်ရာ အရင်းအမြစ်ဟာ ဖွဲ့စည်းပုံအခြေခံဥပဒေ ပုံစံမကျမှုပေါ်မှာ မူတည်တယ်။ ဒါကြောင့်မို့ ၂၀၀၈ အခြေခံဥပေဒကို ပြုပြင်လိုက်ခြင်းကသာလျှင် ပြဿနာအရပ်ရပ်ကို ဖြေရှင်းရာ ရောက်မယ်လို့ အားလုံးသဘောတူ ဆုံးဖြတ်လိုက်ကြတာလေ။ အဲဒီ ဆုံးဖြတ်ချက်ကို ဒေါ်အောင်ဆန်းစုကြည်ကို ပေးပို့လိုက်ပါပြီ။” ဒီတွေ့ဆုံပွဲမှာ ၁၉၉၀ ရွေးကောက်ပွဲဝင် တိုင်းရင်းသားလူမျိုးစုပါတီ ၁၂ ခုနဲ့ ဖွဲ့စည်းထားတဲ့ စည်းလုံးညီညွတ်သော တိုင်းရင်းသားလူမျိုးများ မဟာမိတ်အဖွဲ့ (ယူအန်အေ) ဝင်တွေဖြစ်တဲ့ ရှမ်းတိုင်းရင်းသားများ ဒီမိုကရေစီအဖွဲ့ချုပ်၊ ရခိုင် ဒီမိုကရေစီအဖွဲ့ချုပ်၊ မွန်ဒီမိုကရေစီအဖွဲ့ချုပ်၊ ဇိုမီးဒီမိုကရေစီအဖွဲ့ချုပ်၊ ကရင်အမျိုးသား ဒီမိုကရေစီကွန်ဂရက်၊ ကချင်ပြည်နယ် အမျိုးသား ဒီမိုကရေစီကွန်ဂရက်နဲ့ ချင်းတိုးတက်ရေးပါတီက တာဝန်ရှိသူတွေ တွေ့ဆုံ ဆွေးနွေးခဲ့ကြပါတယ်။ တိုင်းရင်းသားလူမျိုးများရဲ့ အခွင့်အရေးတွေကို ကာကွယ်စောင့်ရှောက်တဲ့ ဥပဒေမူကြမ်းနဲ့ ပတ်သက်တဲ့ ဆွေးနွေးချက်ကိုတော့ ၁၇ ရက်နဲ့ ၁၈ ရက်တွေမှာ လွှတ်တော်တွေင်း ဆွေးနွေးဖို့ ရှိတယ်လို့ ပြောပါတယ်။ တိုင်းရင်းသားလူမျိုးများရဲ့အခွင့်အရေးနဲ့ ပတ်သက်တဲ့ အကြောင်းအရာကို ဆွေးနွေးရာမှာ တိုင်းရင်းသားအားလုံးရဲ့ဆန္ဒကို ကိုယ်စားပြုဖို့ လိုအပ်တယ်လို့လည်း ဦးစိုင်းလိတ်က သုံးသပ်ပါတယ်။ “လွှတ်တော်ထဲမှာက ကြံ့ခိုင်ရေးပါတီက အင်အားကြီးဆုံး ဖြစ်နေတယ်လေ။ ဒါကြောင့်မို့လို့ ကြံ့ခိုင်ရေးပါတီရဲ့ ဆုံးဖြတ်ချက်ကသာလျှင် အတိဖြစ်သွားမယ်လို့ ပြန်ပြီး သုံးသပ်လို့ရပါတယ်။ ဒါပေမယ့် ဘယ်လိုပဲ အဖြေထွက်လာလာ တိုင်းရင်းသားအားလုံးရဲ့ ဆန္ဒကို ကိုယ်စားမပြုနိုင်ရင်တော့ ရေရှည်မှာ အလုပ်ဖြစ်မှာ မဟုတ်ဘူးလို့ ကျနော်သုံးသပ်ပါတယ်။”",3.0,3.0,3.0,4.0,5.0,"The text provides a clear, coherent report on political developments regarding ethnic rights legislation in Myanmar. It includes logical analysis of the relationship between constitutional reform and ethnic rights. The language is natural and contextually accurate for the Burmese political landscape, though it contains minor boilerplate (view count) at the start."
<urn:uuid:fc061542-c12f-45e3-9adf-87d4d3878eb7>,"မေးခွန်း
မိန်းမက သူမ၏ခင်ပွန်းကို နာခံရမလား။
အဖြေ
နာခံခြင်းသည် အိမ်ထောင်ပြုခြင်းနှင့်ပတ်သက်၍ အလွန်အရေးကြီးသော အရာတစ်ခု ဖြစ်သည်။ လောကသို့အပြစ်တရားမဝင်မှီအချိန်ကတည်းက အုပ်ချုပ်ရေးဆိုင်ရာ နည်းဥပဒေသ ရှိခဲ့ပြီး ဖြစ်သည် (၁တိ ၂း၁၃)။ အာဒံကို ရှေးဦးစွာ ဖန်ဆင်းခဲ့ပြီးနောက် အာဒံအတွက် ""ကူညီဖေးမသူ"" အ ဖြစ်ဧဝကို ဖန်ဆင်းခဲ့သည် (ကမ္ဘာ ၂း၁၈-၂၀)။ ထိုအချိန်တွင် အပြစ်တရားမရှိသေးသောကြောင့် ဘုရားသခင်၏အခွင့်အာဏာကလွှွဲပြီး လူသားများအတွက် လိုက်နာရမည့်အခွင့်အာဏာမရှိပါ။ အာဒံနှင့် ဧဝတို့သည် ဘုရားသခင်၏စကားတော်ကို ချိုးဖောက်ခဲ့ပြီးနောက် ဤလောကသို့ အပြစ် တရားဝင်ရောက်လာပြီး အာဏာ လိုအပ်လာခဲ့သည်။ ထိုကြောင့် ဘုရားသခင်က လူသားများလိုက် နာရမည့် ဥပဒေကို ထူထောင်ပေးခဲ့သည်။ ကျွနု်ပ်တို့လိုအပ်သော အကွယ်အာကိုလည်း ထိုဥပဒေက ပြင်ဆင်ပေးထားသည်။ ပထမအနေဖြင့်၊ ကျွနု်ပ်တို့သည် ဘုရားသခင်ကို ဆက်ကပ်ရန်လိုအပ်သည်။ ဆက်ကပ်ခြင်းရှိမှသာလျှင် ဘုရားသခင်ကို နာခံနိုင်ရမည်် ဖြစ်သည် (ယာကုပ် ၁း၂၁၊ ၄းရ)။ ၁ကော ၁၁း၂-၃ ထဲတွင် ခရစ်တော်သည် ဘုရားသခင်ကို နာခံသည့်နည်းတူ ယောကျင်္ားသည်လည်း ခရစ် တော်ကို နာခံရမည်။ ထိုနောက် မိန်းမသည်လည်း သူ၏စံနမူနာကိုလိုက်လျှောက်ပြီး သူမ၏ ခင်ပွန်း ကို နာခံရမည်။
ဆက်ကပ်ခြင်းသည် ချစ်ခြင်းနှင့်ပြည့်ဝသော ခေါင်းဆောင်မှုကို အလိုအလျောက်တုံ့ပြန်မှုပြုခြင်း ဖြစ်သည်။ ခရစ်တော်သည် အသင်းတော်ကိုချစ်သည့်နည်းတူ (ဧဖက် ၅း၂၅-၃၃)၊ ယောကျင်္ားသည် လည်း မိန်းမကို ချစ်သောအခါ မိန်းမက သူ၏ခင်ပွန်းကို အလိုအလျောက်နာခံခြင်းရှိရမည်။ ""ဆက် ကပ်ခြင်း"" စကားလုံးကို ဂရိဘာသာစကားအားဖြင့် hupotasso မှ ဘာသာပြန်ဆိုထားခြင်းဖြစ်ပြီး၊ ဆက်တိုက်ဖြစ်ပျက်နေသော ကြိယာသဏ္ဍာန်ဖြစ်သည်။ အဓိပ္ပါယ်မှာ ဘုရားသခင်ကိုဖြစ်စေ၊ အစိုးရ အာဏာရှင်များကိုဖြစ်စေ နာခံခြင်း ဖြစ်သည်။ သို့မဟုတ် ယောကျင်္ားသည် တစ်ကြိမ်တစ်ခါတည်း လုပ်ဆောင်ရမည့်အရာမဟုတ်ပါ။ ဆက်လက်လုပ်ဆောင်ရမည့်အရာ ဖြစ်သည်။ ကိုယ်ကျင့်တရား တည်ဆောက်မှု ဖြစ်လာပါသည်။ ဧဖက် ၅ ထဲတွင် ဖော်ပြထားသော ဆက်ကပ်ခြင်းသည် ကိုယ်ကျိုး အတွက်သာရှာဖွေခြင်း၊ လူတစ်ယောက်အားလွှမ်းမိုးလိုသောသဘောဖြင့် ယုံကြည်သူတစ်ယောက် သည် တဘက်သတ်ဆန်သောဆက်ကပ်ခြင်းမျိုးမဟုတ်ပါ။ သမ္မာကျမ်းစာဖော်ပြထားသော ဆက် ကပ်ခြင်းသည် ၀ိညာဉ်တော်နှင့်ပြည့်ဝသော ယုံကြည်သူနှစ်ဦးသည် တစ်ယောက်ပေါ်တစ်ယောက် ဖြစ်စေ၊ ဘုရားသခင်အပေါ်ဖြစ်စေ အချင်းချင်း အပြန်အလှန်ဆက်ကပ်ခြင်းကို ရည်ညွှန်းလိုခြင်း ပင်ဖြစ်သည်။ ဆက်ကပ်အပ်နှံခြင်းသည် အပြန်အလှန်ပြိုင်နေသောလမ်းဖြစ်သည်။ ဆက်ကပ်ခြင်း သည် ဂုဏ်ပြုခြင်းနှင့်ပြည့်စုံခြင်းဖြစ်သည်။ ခရစ်တော်သည် အသင်းတော်ချက်သည့်နည်းတူ မိန်းမ သည်ချစ်ခြင်းခံရသောအခါ ဆက်ကပ်ခြင်းသည် ခက်ခဲသောအရာမဟုတ်တော့ပါ။ ဧဖက် ၅း၂၄ ထဲတွင် ""အသင်းတော်သည် ခရစ်တော်အုပ်စိုးတော်မူခြင်းကို ဝန်ခံသကဲ့သို့၊ မိန်းမတို့လည်း ကိုယ် ခင်ပွန်း၏အုပ်စိုးခြင်းကို အရာရာ၌ ဝန်ခံရကြမည်""ဟု ပြောထားသည်။ မိန်းမသည် ကို်ယ်ခင်ပွန်း၏ မှန်ကန်၊ တရားမျှတသောအုပ်စိုးခြင်းကို အရာရာ၌ ဝန်ခံမည်ဟု ဤကျမ်းပိုဒ်က ပြောထားသည်။ ထို ကြောင့် မိန်းမသည် အုပ်စိုးခြင်း၏အမည်နာမအားဖြင့် ဥပဒေ (သို့) ဘုရားသခင်ကို နာခံခြင်းရရှိပေ မည်။
Matthew Henry က ""မိန်းမကို အာဒံ၏ဘေးမှ ဖန်ဆင်းထားသည်။ သူ့ကို အုပ်စိုးရန် သူ၏ဦးခေါင်း မှ ဖန်ဆင်းထားခြင်းမဟုတ်ပါ။ သူမအားအနိုင်အထက်ပြုခြင်းကို ခံရန် ခြေထောက်မှ ဖန်ဆင်းထားခြင်း လည်းမဟုတ်ပါ။ သို့သော် သူနှင့်အတူ တန်းတူရှိရန်၊ သူ၏လက်မောင်းဖြင့် ကာကွယ်ခြင်းခံရန်၊ သူမ သည် အာဒံ၏နှလုံးသားဖြင့် အချစ်ခံရန် သူ့ဘေးနားမှ ဖန်ဆင်းထားသည်""ဟု ဖော်ပြထားသည်။ ခရစ် တော်၏နာမတော်ကို ထောက်ရှုခြင်းအားဖြင့် ယုံကြည်သူများသည် အချင်းချင်းဆက်ကပ်မှုရှိရမည် (ဧဖက် ၅း၂၁)။ ဧဖက် ၅း၁၉-၃၃ ထဲတွင် ဖော်ပြထားသော အရာရာ၌စကားလုံးသည် သန့်ရှင်းသော ၀ိညာဉ်တော်နှင့်ပြည့်ဝခြင်း၏ အသီးအပွင့် ဖြစ်သည်။ သန့်ရှင်းသောဝိညာဉ်တော်ဖြင့်ပြည့်ဝသော ယုံ ကြည်သူများသည် ချီးမွမ်းတတ်ရမည် (၅း၁၉)။ ကျေးဇူးသိ၍ (၅း၂၀) ဆက်ကပ်မှုရှိရမည် (၅း၂၁)။ ရှင်ပေါလုကိုယ်၌က သန့်ရှင်းသောဝိညာဉ်တော်နှင့်ပြည့်ဝသောဘဝဖြင့် အသက်ရှင်သည်။ထိုသို့အ သက်ရှင်ကြောင်းကို အခန်းငယ် ၂၂-၂၃ ထဲတွင် လင်၊မယားစကားလုံးကို အသုံးပြုထားသည်။ မိန်းမ သည် သူမ၏ခင်ပွန်းအုပ်စိုးခြင်းကို ဝန်ခံရမည်။ ထိုသို့ဆိုရာတွင် မိန်းမများသည် အဆင့်အတန်းနှိမ့်ကျ ၍မဟုတ်ပါ။ သို့သော် အုပ်စိုးမှုကို ဝန်ခံခြင်းသည် အိမ်ထောင်ပြုခြင်းနှင့်ပတ်သက်သော ဆက်သွယ်မှု ပြုနိုင်ရန် ဘုရားသခင်စီမံဆောင်ရွက်ပေးသောအရာ ဖြစ်သည်။ ဆက်ကပ်ခြင်းဟုဆိုရာတွင် မိန်းမသည် သူမ၏ခင်ပွန်းအတွက် ကော်ဇောကဲ့သို့ဖြစ်သည်ကို မဆိုလိုပါ။ သို့သော် သန့်ရှင်းသောဝိညာဉ်တော်၏အကူအညီအားဖြင့် မိန်းမသည် သူမ၏ခင်ပွန်းကို နာခံရမည်။ ယောကျင်္ား သည်လည်း သူ၏မိန်းမကို ချစ်မည်။
English
မိန်းမက သူမ၏ခင်ပွန်းကို နာခံရမလား။",2.0,3.0,3.0,4.0,3.0,"The text provides a theological perspective on marriage roles. It uses logical structure to explain religious concepts, making it moderately complex. It is clean and well-formatted, though it contains some minor typos. It reflects the specific cultural and religious context of Burmese Christian communities, using appropriate terminology and scriptural references."
<urn:uuid:cef35fc3-0695-4014-916d-6609cf6a7721>,">
ဧရာဝတီ မေ ၉၊ ၂၀၀၈
နောက်ထပ် မုန်တိုင်းတခု မြန်မာပြည်ကို ဦးတည်လာနိုင်သည်ဟု ကမ္ဘာ့ကုလသမဂ္ဂက ယနေ့ သတိပေး ကြေညာလိုက်ကြောင်း AFP သတင်းတွင် ရေးသားဖော်ပြထားသည်။
၎င်းမုန်တိုင်းမှာ ကြောက်မက်ဖွယ်ရာ နာဂစ် ဆိုင်ကလုံး မုန်တိုင်းနောက်မှ ဖြည်းညင်းစွာ ရွေ့လျားလာသော နာက်ဆက်တွဲ မုန်တိုင်း ဖြစ်ပြီး အခြေအနေ အမျိုးမျိုးဖြစ်သွားနိုင်သည်ဟု ဆိုထားသည်။
နာဂစ်မုန်တိုင်း ဒဏ်ကြောင့် အနည်းဆုံး လူဦးရေ ၁.၅ သန်းခန့် အိုးမဲ့အိမ်မဲ့ ဖြစ်ခဲ့ရပြီး လူ ၁ သိန်းကျော် သေဆုံးခဲ့ရသဖြင့် မုန်တိုင်းဆိုသည့် အသံကပင် မြန်မာပြည်သူလူထုအတွက် အလွန် ထိတ်လန့် ကြောက်ရွံ့ ဖွယ်ရာ ဖြစ်နေရကြောင်း ကုလသမဂ္ဂ၏ ပြောရေးဆိုခွင့်ရှိသူ ရစ်ချတ် ဟိုဆေးကပြောသည်။
“ကျနော်တို့ မိုးလေဝသ ပညာရှင်တွေရဲ့ အဆိုအရတော့ လာမယ့် ၇ ရက်အတွင်း မြန်မာပြည်မှာ မိုးသည်းထန်စွာ ရွာသွန်းမယ်လို့ သိရပါတယ်” ဟု ဟိုဆေးက AFP သို့ ပြောကြားလိုက်သည်။
“လူတွေမှာ အမိုးအကာမရှိတဲ့အချိန် နောက်ထပ်မိုးသည်းထန်မယ့် ကိစ္စက တော်တော် ကြီးမယ့် ပြဿနာ ဖြစ်လာနိုင်တယ်” ဟု ၎င်းကဆက်ပြောသည်။
“ရေကြောင့် ကူးစက်ရောဂါတွေ ပျံ့နှံ့နိုင်တာနဲ့ အမိုးမရှိတာနဲ့ မုန်တိုင်းထပ်လာဦးမှာနဲ့….။ နောက်တခါ မုန်တိုင်းထပ်လာလို့ မြစ်ဝကျွန်းပေါ် ဒေသကိုဝင်ခဲ့ရင်…ပြဿနာကတော့ အကြီးကြီးပဲ” ဟု၎င်းကပြောသည်။
နှစ်ပေါင်းများစွာ အထီးကျန်စွာ နေခဲ့သော မြန်မာစစ်အစိုးရအနေနှင့် နိုင်ငံတကာ အကူအညီများကို အစောပိုင်းကာလက လက်ခံမည်ဟု ဆိုခဲ့သော်လည်း သဘာဝဘေးဒဏ် ကယ်ဆယ်ရေးကျွမ်းကျင် ပညာရှင်များ အပါအဝင် ကယ်ဆယ်ရေး လုပ်သားများကို လက်ခံရန် အဆင်သင့်မဖြစ်သေးပေ။
“အခုထွက်ပေါ်လာတဲ့ သတင်းနဲ့ ပတ်သက်လို့ မြန်မြန် ကြိုတင်ဆောင်ရွက်မှုတွေ မလုပ်ဘူး ဆိုရင် မကြာခင်လာမယ့် ဆိုင်ကလုံန်းကြောင့် နောက်ထပ် လူတွေအများကြီး သေရဦးမယ်” ဟု ဟိုဆေးက ပြောသည်။
ယခုအချိန်သည် မြန်မာပြည်၌ မုတ်သုန်ရာသီ အစပျိုးချိန်ဖြစ်သောကြောင့် မိုးသက်မုန်တိုင်းများ ကျရောက်ကာ မိုးသည်းထန်စွာ ရွာသွန်းလေ့ရှိသော အချိန်လည်း ဖြစ်သည်။
“မုန်တိုင်းမလာလည်း မိုးရာသီကစပြီ။ အမိုးမရှိတဲ့အိမ်တွေကတော့ တော်တော်လေး ဒုက္ခရောက်ရ ဦးမှာပဲ” ဟု ရန်ကုန်မြို့မှ ဒေသခံတဦးက ပြောသည်။
ခိုင်လုံသော မိုးလေဝသ သတင်းရပ်ကွက်တခု၏ အဆိုအရ မြန်မာပြည်သို့ နာဂစ်မုန်တိုင်း မဝင်ရောက်မီ အစောပိုင်း အိန္ဒိယနှင့် ထိုင်းနိုင်ငံတို့တွင် သတိပေးကြေညာစဉ် ကတည်းက မိုးလေဝသနှင့် ဇလဗေဒ ဌာန ညွှန်ကြားရေးမှူးချုပ် ဦးထွန်းလွင်က ပြင်းထန်သည့် မုန်တိုင်းဖြစ်နိုင်ကြောင်း နေပြည်တော်သို့ အကြောင်း ကြားခဲ့သည်ဟုဆိုသည်။
သို့ရာတွင် နေပြည်တော်မှ တာဝန်ရှိသူများက ပြည်သူလူထု အထိတ်တလန့်ဖြစ်မည် စိုးသောကြောင့် ၎င်းသတင်းကို ကြေညာခြင်းမပြုရန် ပိတ်ပင်ခဲ့သည်ဟု သိရသည်။",3.0,3.0,2.0,5.0,5.0,"The text is a well-structured news report about the aftermath of Cyclone Nargis in Myanmar. It provides historical and meteorological context, includes expert quotes, and maintains a professional tone. It is highly authentic to the Burmese context, using appropriate terminology and reflecting the specific socio-political situation of that time."
<urn:uuid:ec84e405-2594-4bb2-9555-0338488c0683>,"တိုင်းရင်းသားပါတီအား အပြစ်ရှာပယ်ထုတ်ရန်ရှိဟု ဦးသိန်းစိန်ပြော
October 22, 2010 Leave a comment
နအဖ ၀န်ကြီးချုပ် ပြည်ခိုင်ဖြိုးပါတီဥက္ကဌ ဦးသိန်းစိန် ရဟတ်ယာဉ်ဖြင့် သျှမ်းပြည်မြောက်ပိုင်းသို့ လည်ပတ်စဉ် တိုင်းရင်း သားပါတီအချို့အား အပြစ်ရှာဖယ်ထုတ်ရန် အစီအစဉ်ရှိကြောင်း တီးတိုးပြောကြားခဲ့သည်ဟု စုံစမ်းသိရှိရပါသည်။
“အောက်တိုဘာ ၁၇ ရဟတ်ယာဉ်နဲ့ လားရှိူးကိုရောက်တယ်၊ ၁၉ ရက်နေ့အထိ မူဆယ်-နမ့်ခမ်းဘက် ခရီး ထွက်တယ်၊ လားရှိူးရောက်တုန်းက ကြံ့ဖွတ်အမတ်လောင်းတွေနဲ့ တွေ့တယ်” – ဟု အမည်မဖေါ်လိုသည့် လားရှိူးသား USDP ပါတီဝင် တဦးက ပြောပါသည်။
လားရှိူးခရိုင်ရှိ USDP အမတ်လောင်းများအား ၁၇ ရက်နေ့တွေ့ဆုံစဉ် – သျှမ်းပြည်မြောက်ပိုင်း အတွင်း ကျားဖြူပါတီအား အနိုင်ယူရန်မလွယ်ကူကြောင်း၊ ကျားဖြူအားသာသည့် လားရှိုးမြို့အတွင်း၌ပင် ပြည်ခိုင်ဖြိုး အနိုင်ရရန် ၅၀ ရာခိုင်နှုန်းကျော် နိုင်ဖွယ်မရှိကြောင်း သျှမ်းလူမျိုးအများဆုံးနေထိုင်သည့် အချို့မြို့နယ်များတွင် အနိုင်ရရန်ပို၍ပင် ခက်ခဲကြောင်း တင်ပြရာ – ၀န်ကြီးချုပ်ဦးသိန်းစိန်က –
“ခင်ဗျားတို့စိတ်မပူနဲ့ သူတို့တွေကို တရားမ၀င်လက်နက်ကိုင်အဖွဲ့အစည်းတွေနဲ့ ပတ်သက်ဆက်နွယ်နေတယ်လို့ ပြော လိုက်ရုံဘဲ” – ဟု ပြောဆိုခဲ့ကြောင်း နီးစပ်တဲ့ပုဂ္ဂိုလ်တဦးကပြောပါသည်။
လွယ်တိုင်းလျဲန်းအခြေစိုက် သျှမ်းပြည်တပ်မတော် တောင်ပိုင်းတပ်ဖွဲ့မှာမူ စစ်အစိုးရ ဦးစီးကျင်းပမည့် ရွေး ကောက်ပွဲ လုံးဝ လက်မခံကြောင်း၊ ပါဝင်ယှဉ်ပြိုင်မည့် နိုင်ငံရေးပါတီအားလည်း လက်မခံကြောင်း၊ ကြံ့ဖွံ့ ပါတီအတွင်းပါဝင်သည့် သျှမ်း အမျိုးသားများအားလည်း လုံးဝ လက်မခံကြောင်း၊ ၁၉၉၀ ရွေးကောက်ပွဲရ လာဒ်ကိုသာလက်ခံကြောင်း မေ ၂၆ ရက် ကတည်းက အတိအလင်း ထုတ်ပြန်ကြေငြာခဲ့ ပြီးဖြစ်ပါသည်။
သျှမ်းပြည်မြောက်ပိုင်းနေ ရပ်မိရပ်ဖတဦးက – နအဖ၏အကြံသည် သိုးငယ်ကို ၀ံပုလွေက ပြဿနာရှာသည့် အီစွပ်ပုံပြင် တပုဒ်အလား ကျင့်ကြံနေကြောင်း ပြော၏။
(မြစ်ညာတွင်ရေသောက်နေသော ၀ံပုလွေက မြစ်ကြေ၌ ရေသောက်နေသော သိုးငယ်အား “မင်း ရေနှောက်အောင်လုပ်လို့ ငါရေမသောက်နိုင်ဘူး”
သိုးငယ်က “အောက်ပိုင်းမှာ ကျနော်သောက်နေတာပါ”
သို့သော်အပြစ်ရှာလိုသော ၀ံပုလွေက “မနှစ်က မင်းငါ့ကို ဆဲဆိုတယ်”
သိုးငယ်က “ကျနော် ဒီနှစ်မှ မွေးတာပါ”
၀ံပုလွေက “မင်းမဟုတ်ရင် မင်းအဖေဘဲ။ ဒီတော့မင်းမှာအပြစ်ရှိတယ်” ဆိုပြီးနာက်ဆုံး သိုးငယ်ကို ကိုက်စား လိုက်တယ်)
http://www.litscape.com/author/Aesop/The_Wolf_And_The_Lamb.html တွင်ဖတ်ရှုနိုင်ပါသည်၊",2.0,3.0,2.0,3.0,4.0,"The text provides a historical account of political maneuvering in 2010 Myanmar. It uses an Aesop fable to explain political strategy, offering moderate reasoning and cultural relevance. It is clean but contains some boilerplate/links. It requires basic political knowledge to understand, making it accessible but not highly technical."
<urn:uuid:ed15eee6-fa15-4f8d-8554-b8f71a2f2dfc>,"အီရန်နိုင်ငံအနေနဲ့ နျုကလီးယားလက်နက် ပိုင်ဆိုင်လို့ မဖြစ်စေရဘူးဆိုတဲ့ အချက်ကို အမေရိကန်နဲ့ အစ္စရေးလ်နိုင်ငံတို့ကြား သဘောတူညီမှုရှိထားပြီး ဖြစ်တယ်လို့ အစ္စရေးလ်ဝန်ကြီးချုပ် Benjamin Netanyahu ကပြောပါတယ်။ ဒါပေမဲ့ ရည်ရွယ်ချက် အောင်မြင်အောင် ဘယ်လိုလုပ်ဆောင်ကြမလဲ ဆိုတဲ့နေရာမှာ သဘောထား ကွဲလွဲမှုတွေ ရှိနေကြတယ်လို့လည်း သူကပြောဆိုလိုက်ပါတယ်။
အစ္စရေးလ်ဝန်ကြီးချုပ်အနေနဲ့ အမေရိကန် ကွန်ဂရက်လွှတ်တော်မှာ မိန့်ခွန်းပြောဆိုဖို့ စီစဉ်ထားတဲ့ ရက်မတိုင်ခင် တရက်အလို တနင်္လာနေ့မှာ အခုလို ပြောကြားလိုက်တာလည်း ဖြစ်ပါတယ်။ အစ္စရေးလ်ဝန်ကြီးချုပ်အနေနဲ့ ကွန်ဂရက်လွှတ်တော်မှာ မိန့်ခွန်းပြောဖို့ကိစ္စဟာ ထုံးတမ်းစဉ်လာအရ အမေရိကန် သမ္မတအိမ်ဖြူတော်နဲ့ ညှိနှိုင်းတိုင်ပင်ခြင်းမရှိဘဲ ပြုလုပ်တာဖြစ်တဲ့အတွက် အငြင်းပွားစရာ အကြောင်းအရာ ဖြစ်နေသလို Mr. Netanyahu နဲ့ သမ္မတ အိုဘားမားတို့ကြား ဆက်ဆံရေး တင်းတင်းမာမာ ဖြစ်နေတယ် ဆိုတာကိုလည်း မီးမောင်းထိုး ပြသနေသလို ဖြစ်နေပါတယ်။
သဘောထားမတူညီမှု ဖြစ်နေရတဲ့ အကြောင်းကတော့ အမေရိကန်နဲ့ အစ္စရေးလ်တို့ရဲ့ ရှုမြင်တဲ့ ပုံစံ ကွဲလွဲနေလို့ ဖြစ်တယ်လို့ Mr. Netanyahu က ပြောပါတယ်။ အမေရိကန်အစိုးရက လုံခြုံရေးကို အလေးထား စဉ်းစားတာဖြစ်ပြီး၊ အစ္စရေးလ် အနေနဲ့ကတော့ ဆက်လက် ရှင်သန်ရေးကို စိုးရိမ်စိတ်နဲ့ စဉ်းစားတာဖြစ်တယ်လို့ ပြောဆိုပါတယ်။ ဒီအချက်ကို သမ္မတ အိုဘားမားကလည်း သဘောတူကြောင်း Reuters သတင်းဌာနနဲ့ အိမ်ဖြူတော်မှာ ပြုလုပ်တဲ့ တွေ့ဆုံခန်းမှာ ပြောကြားခဲ့ပါတယ်။
တနင်္လာနေ့ စောစောပိုင်းတုန်းကတော့ အမေရိကန်အနေနဲ့ လက်ခံမယ် နိုင်ငံတကာ သဘောတူညီမှု မှန်သမျှဟာ အစ္စရေးလ်နိုင်ငံ လုံခြုံစိတ်ချရမှုကို ဖြစ်စေရမယ်လို့ အမေရိကန် နိုင်ငံခြားရေးဝန်ကြီး John Kerry က ပြောပါတယ်။ တနင်္လာနေ့ ၀ါရှင်တန်ဒီစီမြို့တော်မှာ အစ္စရေးလ်အရေး ဆောင်ရွက်နေတဲ့ အဖွဲ့အစည်းတခုမှာ မိန့်ခွန်းပြောကြားစဉ် Mr. Netanyahu က အမေရိကန် အစိုးရအနေနဲ့ အစ္စရေးလ်နိုင်ငံအပေါ် ထောက်ခံပေးမှုကို သူ့အနေနဲ့ လှိုက်လှိုက်လှဲလှဲ တန်ဖိုးထားပါကြောင်း ပြောကြားသွားပါတယ်။",3.0,3.0,3.0,5.0,2.0,"The text is a well-structured news report on international relations. It provides clear, coherent information suitable for educational purposes regarding current events. The reasoning is logical, explaining the differing perspectives of the US and Israel. It is written in natural, professional Burmese, though it is a translation of international news rather than a culturally specific artifact."
<urn:uuid:1ac8cb7d-d0b9-4dde-be8b-71324322fd1f>,"ကချင်– စစ်ကိုင်းအစပ်မှာရှိတဲ့ ထီးချိုင့်မြို့ကို ကချင်လွတ်လပ်ရေးတပ်မတော် KIA၊ ပြည်သူ့ကာကွယ်ရေး ပူးပေါင်းတပ်တွေက မြို့သိမ်းတိုက်ပွဲဆင်နွှဲနေတာ ခုဆိုရင်တစ်လနီးပါးရှိလာပြီး စစ်တပ်ဘက်ကလည်း ထီးချိုင့်မြို့ လက်မလွတ်ရေး မီးကုန်ယမ်းကုန် ခုခံနေတာလည်းဖြစ်ပါတယ်။
နိုဝင်ဘာလ ၆ ရက်နေ့ ကောလင်းမြို့ကိုတိုက်ခိုက်သိမ်းယူလိုက်တဲ့ KIA,PDF တွေက နောက်ထပ် ထီးချိုင့်မြို့ကို ထပ်ပြီးသိမ်းယူဖို့ နိုဝင်ဘာလ ၁၀ ရက်နေ့ကနေ မြို့သိမ်းတိုက်ပွဲဆင်နွှဲနေပြီး နိုဝင်ဘာလ ၁၅ ရက်နေ့မှာတော့ ကာကွယ်ရေးတပ်တွေဘက်က ခနတာအပစ်ရပ်ခဲ့ပါတယ်။
ဒါပေမယ့် နိုဝင်ဘာလနောက်ဆုံး အပတ်ကနေကစပြီး KIA,PDF ဘက်က ပြန်ပြီးထိုးစစ်ဆင်တိုက်ခိုက်နေတဲ့အတွက် နှစ်ဖက်ထိတွေ့တိုက်ပွဲ ပိုပြီးပြင်းထန်လာသလို စစ်တပ်ဘက်ကလေကြောင်းအဓိကအသုံးပြုပြီးတိုက်ခိုက်နေတယ်လို့လည်း KIA,PDF နီးစပ်တဲ့ဒေသခံတစ်ဦးက ပြောပါတယ်။
“ထီးချိုင့်လက်ရှိအခြေနေကတော့ တိုက်ပွဲက ဖြစ်လိုက်ပြန်နားလိုက် လေယာဥ်လာလိုက် ပြန်ခွာလိုက်ပေါ့။ သူတို့က တစ်ရက်ကိုလေယာဥ် ၂ စီးလောက်လာပြီးတော့ ပစ်တယ် မနေ့ကတော့ ဒေသခံကာကွယ်ရေးတပ်ဘက်က တစ်ယောက်ကျတယ်။ ထီးချိုင့်မြို့ထဲမှာတော့ စစ်ကောင်စီဘက်က မြသိန်းတန်တောင်ပေါ်မှာအထိုင်ချထားတဲ့ စခန်းတစ်ခုသာ ကျန်ရှိတော့တာဖြစ်ပြီး အဲ့ဒီစခန်းမကျရေးအတွက် စစ်တပ်ဘက်က ခုခံနေတာ ထီးချိုင့်မြို့တစ်ခု လုံးလည်း ပျက်ဆီးနေပြီ”လို့ ပြောပါတယ်။
တစ်လနီးပါးကြာမြင့်လာတဲ့ မြို့သိမ်းတိုက်ပွဲမှာ KIA,PDF ဘက်က ထီးချိုင့်မြို့တစ်ခုလုံးသိမ်းယူနိုင်ဖို့ မြို့တွင်းစခန်းတစ်ခုသာကျန်ရှိတော့တဲ့အတွက် မြို့သိမ်းတိုက်ပွဲအောင်မြင်ဖို့ လက်တစ်ကမ်းအလိုမှာရှိနေတာ လည်းဖြစ်ပါတယ်။
လက်ရှိချိန် နှစ်ဖက်ထိတွေ့တိုက်ပွဲ နေ့တိုင်းဆိုသလိုဖြစ်ပွားနေပြီး စစ်တပ်ဘက်ကလေကြောင်းနဲ့ပစ်ခတ်တိုက်ခိုက် နေတဲ့အတွက် ဒီဇင်ဘာလ ၅ ရက်နေ့ မနေ့ကတိုက်ပွဲမှာတော့ ကာကွယ်ရေးတပ်ဘက်က တစ်ယောက်ကျဆုံးခဲ့တယ်လို့ သိရပါတယ်။
ခုခံစစ်အနေနဲ့သာရှိနေတော့တဲ့ စစ်ကောင်စီတပ်တွေဟာ တိုက်ပွဲအတွင်းတစ်ရက်ကို လေကြောင်း ၂ ကြိမ်ထက်မနည်းအသုံးပြုပြီး ပစ်ခတ်နေတာကိုကြည့်ခြင်းအားဖြင့် စစ်တပ်ဘက်က မြေပြင်ခံစစ်မှာ အခြေနေအရမ်းဆိုးရွားနေတဲ့အကြောင်း သက်သေပြနေတာဖြစ်တယ်လို့ ဆိုပါတယ်။
ဒါကြောင့် တိုက်ပွဲဒီထက်မက ရက်ရှည်လာမယ်ဆိုရင် စစ်တပ်ဘက်က မြေပြင်မှာ အချိန်ကြာကြာတောင့်ခံနိုင်မှာမဟုတ်ဘူးလို့ ကာကွယ်ရေးတပ်ဖွဲ့တွေဘက်က ပြောပါတယ်။
“သူတို့ကတော့ မြေပြင်မှာ သူတို့မနိုင်လို့လေကြောင်းပဲပစ်ကူပေးနေရတယ်။ မြေပြင်အနေအထားမှာ သူတို့ ဘယ်လိုမှတောင့်မခံနိုင်ဘူး လေကြောင်းတစ်ခါသုံးဖို့ဆိုရင် ပိုက်ဆံအများကြီးသုံးရတယ်။ အဲ့တာကြောင့် လေကြောင်းမဖြစ်မနေသုံးနေတာကိုကြည့်တာနဲ့ သူတို့မြေပြင်မှာအချိန်ကြာကြာတော့ တောင့်ခံနိုင်မှာမဟုတ်တော့ဘူး”လို့ ထီးချိုင့်ဒေသကာကွယ်ရေးတပ်ဖွဲ့ဘက်က တာဝန်ရှိသူ တစ်ယောက်ကပြောပါတယ်။
လက်ရှိထီးချိုင့်မြို့ဟာ စစ်တပ်ရဲ့လေကြောင်းပစ်ခတ်တိုက်ခိုက်မှုကြောင့် မြို့တစ်ခုလုံး ဖွတ်ဖွတ်ကြေနေပြီဖြစ်တယ်လို့ ကာကွယ်ရေးတပ်ဖွဲ့ဘက်ကဆိုပါတယ်။
ထီးချိုင့်မြို့ဟာ ကချင်– စစ်ကိုင်းအဆက်မှာရှိပြီး ဆက်သွယ်ရေးလမ်းပိုင်းအတွက်အရေးကြီးတဲ့မြို့ဖြစ်သလို စစ်ရေးအရအလွန်အရေးပါတဲ့ ဒေသဖြစ်တဲ့အတွက် ထီးချိုင့်မြို့ကို လက်မလွှတ်ရရေးအတွက်စစ်တပ်ဘက်ကရတဲ့ နည်းနဲ့တောင့်ခံနေတာဖြစ်တယ်လို့ ကာကွယ်ရေးတပ်တွေဘက်က သုံးသပ်ပါတယ်။
By – အမိုး",2.0,3.0,2.0,5.0,5.0,"The text provides a factual, journalistic account of a specific conflict in Myanmar. It demonstrates basic reasoning by analyzing military tactics and strategic importance. It is written in natural, authentic Burmese, reflecting local political and social contexts. It is clean, well-structured, and free of boilerplate, though its content is news-focused rather than academic."
<urn:uuid:8e6d8c5a-06a4-4e63-8a03-41f6726b0623>,"နိုင်လင်းထွန်း
မွန်ပြည်နယ် ဘီးလင်းမြို့နယ် ကေလာသ သဘာဝထိန်းသိမ်းရေး နယ်မြေအစပ်တွင်သာ ကျောက်ထုတ်လုပ်မှုကို ခွင့်ပြုပေးထားခြင်းဖြစ်ကြောင်း သယံဇာတနှင့် သဘာဝပတ်ဝန်းကျင်ထိန်းသိမ်းရေး ဝန်ကြီးဋ္ဌာန ဝန်ကြီးရုံး (ပတ်ဝန်းကျင်/သစ်တော) ညွှန်ကြားရေးမှူး ဦးကျော်ဇော ကပြောသည် ။
“ကျောက်ထုတ်လုပ်ရေး လုပ်ငန်းချထားပေးတာက သဘာဝပတ်ဝန်းကျင်ထိန်းသိမ်းရေးနယ်မြေထဲမှာတော့ ကျတယ် ။ ဒါပေမယ့်နယ်မြေအစပ် အဖျားပိုင်းမှာကျတယ် ။ လွန်ခဲ့တဲ့နှစ်ပေါင်းများစွာကတည်းက ဒီနေရာက ကျောက်ထုတ်လုပ်တဲ့နေရာ ဖြစ်နေတယ် ။ အရင်က ကျောက်မိုင်းအဟောင်းလည်းရှိနေတော့ လုပ်ဖို့ရာနေရာ ချပေးလိုက်တာဖြစ်တယ် ။ သူတို့ တောင်းသလောက် မဟုတ်ပဲနဲ့ စီစစ်ပြီးချထားပေးတာဖြစ်ပါတယ်” ဟု ညွှန်ကြားရေးမှူးက ပြောသည် ။
ထိုသို့ ကေလာသ သဘာဝထိန်းသိမ်းရေး နယ်မြေအတွင်း ကျောက်ထုတ်လုပ်ရေးလုပ်ငန်း ခွင့်ပြုပေးထားမှုနှင့် ပတ်သတ်၍ မွန်ပြည်နယ် အစိုးရအဖွဲ့အနေဖြင့် သိရှိခြင်း မရှိကြောင်း သိရသည် ။
“ပထမဆုံး ပြည်နယ်အဆင့် ညွှန်မှူးက ဒီကျောက်မိုင်း နဲ့ ပတ်သက်ပြီး သဘောမတူဘူးဆိုတာ စာထွက်လာပြီးသား၊ ထွက်လာရတာကလည်း ပြည်ထောင်စုက ညွှန်ချုပ်ရဲ့ စာအရ ဖြစ်တယ် ။ ဘာလို့သဘောမတူလဲဆိုတော့ ဒီဟာက သဘာဝပတ်ဝန်းကျင်ဘေးမဲ့တောဖြစ်တယ် ။ လုပ်ကွက်ချပေးရင် သဘာဝပတ်ဝန်းကျင် ပျက်စီးတယ် ဆိုတဲ့အချက်တွေကြောင့်ဖြစ်တယ်လို့ စက်တင်ဘာလ (၁) ရက်နေ့က စာထွက်တယ် ။ ဒါနဲ့ စက်တင်ဘာလ (၂၉) ရက် နေ့မှာကျတော့ ကျောက်မိုင်းနဲ့ပတ်သတ်ပြီး မှတ်ချက်ပေးဖို့ မရှိပါဘူးဆိုပြီး စာထပ်ထွက်လာတယ် ။ စက်တင်ဘာလ (၁) ရက်နေ့က ထွက်တဲ့စာရဲ့ သဘောထားနဲ့ စက်တင်ဘာလ (၂၉) ရက်နေ့ က ထွက်တဲ့စာရဲ သဘောထားက ပြောင်းပြန်ဖြစ်နေတယ် ။ အဲ့ဒီထွက်တဲ့ စာနှစ်စောင်လုံးဟာ ခရိုင်ကနေ ပြည်ထောင်စုကို ထွက်သွားတဲ့ စာဖြစ်တယ် ။ အဲ့ဒီမှာ ပြည်နယ်ရဲ့ အခန်းကဏ္ဍမပါဘူး ဖြစ်နေတယ် ။ ပြည်နယ်အစိုးရရဲ့ အခန်းပျောက်နေတယ် “ ဟု ဘီးလင်းမြို့နယ် ပြည်သူ့လွှတ်တော်ကိုယ်စားလှယ် ဦးတင်ကိုကိုဦး က ပြောသည် ။
ထို့အပြင် ကေလာသ သဘာဝထိန်းသိမ်းရေး နယ်မြေအတွင်း ကျောက်ထုတ်လုပ်ရေးလုပ်ငန်းချထားပေးမှု နှင့် ပတ်သက်၍ ပြည်သူ့လွှတ်တော်ကိုယ်စားလှယ်အနေဖြင့် လွှတ်တော်တွင် အဆို (သို့မဟုတ်) မေးခွန်းမေးသွားမည်ဖြစ်ကြောင်း သိရသည် ။
“ကျွန်တော် သစ်တောဦးစီးဋ္ဌာနကနေ ကေလာသတောင် နဲ့ ပတ်သတ်တဲ့ အချက်အလက်တွေ တောင်းပြီးပြီဖြစ်တယ်။ ဘယ်နေရာတွေကို ကုမ္မဏီ လုပ်ပိုင်ခွင့်ပေးထားတယ် ။ ဘယ်နေရာတွေကိုတော့ အကျဉ်းဦးစီးကိုပေးတယ်၊ ဘယ်နေရာတွေကိုတော့ သစ်တောမြေကနေ ရွာအဖြစ်ပေးထားတယ်ဆိုတဲ့ အချက်တွေဖြစ်တယ် ။ အကျဉ်းဦးစီးအပါအဝင် ကျောက်ထုတ်နေတဲ့နေရာတွေ က သစ်တောရဲ့ လုပ်ပိုင်ခွင့်ထဲ ပါမပါ မေးတော့မယ် ။ မပါရင်တော့ ရပ်ပေါ့ ။ ကျွန်တော့်သဘောထားကတော့ ကေလာသတောင်က ဘေးမဲ့တောဖြစ်တယ် ။ ဒါကို ဒီလို ကျောက်ထုတ်လုပ်ရေးတွေချပေးနေရင်တော့ သဘာဝပတ်ဝန်းကျင်ထိန်းသိမ်းရေး လုပ်တယ်ဆိုတာ ဘာကိုပြောတာလဲ ဖြစ်နေမယ်” ဟု ဘီးလင်းမြို့နယ် ပြည်သူ့လွှတ်တော်ကိုယ်စားလှယ်က ဆက်ပြောသည် ။
ကေလာသ သဘာဝထိန်းသိမ်းရေး နယ်မြေအတွင်း ကျောက်ထုတ်လုပ်ရေးလုပ်ငန်း လုပ်ကိုင်ရန် Rock Well Mining Co. Ltd အား တစ်နှစ်တိတိ ချထားပေးခဲ့ပြီး ဧရိယာ ၄၅ ဧက ပေါ်တွင် ကျောက်ကျင်းပေါင်း (၁၀ဝ၀ဝ) ထုတ်လုပ်သွားမည်ဖြစ်ကာ ဇွန်လ (၁) ရက်နေ့က မွန်ပြည်နယ် သစ်တောဦးစီးဌာန ညွှန်ကြားရေးမှူး ဦးမင်းသိန်းမြင့် နှင့် Rock Well Mining Co. Ltd မှ ဦးသန့်ဇင်ထွန်း တို့ သဘောတူလက်မှတ် ရေးထိုးခဲ့ကြောင်း သိရသည် ။",2.0,3.0,3.0,5.0,4.0,"The document is a news report regarding environmental policy and land use in Myanmar. It provides factual reporting on a conflict between government departments and local representatives. It is well-structured, uses natural Burmese, and requires a basic understanding of administrative and environmental issues, making it suitable for general informational or educational purposes."
<urn:uuid:b7dd0768-0fb6-47a3-a899-81186fd3342b>,"• နိုင်ငံရေးပါတီကြီး ၂ ခုဖြစ်တဲ့ ကွန်ဂရက်နဲ့ ဘီဂျေပီပါတီတွေကို နှိုင်းယှဉ်ပြောပါမယ်။
• Congress မှာ Motilal Vora မိုတီလာလ် ဗိုရာ နဲ့ Bharatiya Janata Party မှာ Ramdas Agarwal ရမ်းဒတ်စ် အဂါဝေါလ် တို့ဟာ ဆိုင်ရာပါတီရဲ့ ငွေကြေးကိစ္စမှာ နာမည်ကြီးကြပါတယ်။
• အိန္ဒိယရဲ့ ထိပ်တန်းကော်ပိုရိတ်ကြီးတွေက ၉ဝ% ဟာ နိုင်ငံရေးပါတီတွေနဲ့ ဆက်စပ်နေကြတယ်။ ထုတ်လဲ မပြောကြပါ။
• ၂ဝ၁၄ မတ်လ (၂၄) ရက်ကရေးတဲ့ သတင်းဆောင်းပါးထဲမှာ ဗိုရာ ကနေ ထိပ်ဆုံးက စက်မှုလုပ်ငန်းကြီးတွေ ၂၅ ခုကနေ လာမဲ့ရွေးကောက်ပွဲအတွက် ရံပုံငွေတောင်းတယ်လို့ ရေးထားပါတယ်။
• ဘယ်လောက်ရကြသလဲ ခန့်မှန်းကြသူတွေမှာ အတော်ခက်ပါသတဲ့။ များတော့ အများကြီးလို့သာ ပြောနိုင်တယ်။ ဒါဟာ နိုင်ငံရေးပါတီတွေရဲ့ လျို့ဝှက်ချက်တခုပါ။
• ဒီလိုနိုင်ငံရေးရံပုံငွေတွေကို စည်းမျဉ်းထားဘို့အတွက် စက်မှုအသင်းတွေနဲ့ စီးပွါးရေးအဖွဲ့အစည်းတွေက ပွင့်လင်းမြင်သာမှုရှိဘို့ တောင်းဆိုတာလဲရှိပါတယ်။
• Confederation of Indian Industry ကနေ နိုင်ငံရေးပါတီတွေအတွက် ရံပုံငွေကို အဖွဲ့ဝင်ပေါင်း ၄၈ဝဝ ဆီကနေ ချက်လက်မှတ်နဲ့သာ ကောက်ခံယူပါတယ်။ ဒါဟာ ပွင့်လင်းပါဘဲလို့ ထုချေပါတယ်။
• BJP ဘဏ္ဍာရေးမှူး အဂါဝေါလ် က သူ့ပါတီရသမျှ ရံပုံငွေကို ခြူးတပြားမကျန် စာရင်းစစ်ဆေးမှု လုပ်ပါသတဲ့။
• အိန္ဒိယယရဲ့ အကြီးဆုံးစက်မှုလုပ်ငန်းကြီးဖြစ်တဲ့ Tata group တာတာအုပ်စုကနေ သူ့ရဲ့ Electoral Trust ရွေးကောက်ပွဲ ဂေါပကအဖွဲ့ကို ၁၉၉၉ မှာထူထောင်ထားပါတယ်။ အဲဒီ ၁၉၉၉ မှာ စုစုပေါင်း ရူးပီး ၁ဝ သန်း ဖြစ်ပါတယ်။ ဒီနှစ် ၂ဝ၁၄ မှာ ဒိထက်အတော်များမယ်လို့လဲ ဆိုပါတယ်။
• Tata companies ကုမ္ပဏီတွေကနေ ဂေါပကအဖွဲ့မှာ ရံပုံငွေထည့်ဝင်ကြရပါတယ်။ အကြီးတန်း တရားရုံးချုပ်ရှေ့နေ Dinesh Vyas ဒင်းနစ်ရှ် ဗီယပ်စ် ကနေ ဂေါပကကို ဦးဆောင်ပါတယ်။
• Tatas ကနေရှင်းလင်းတာက ဒီလိုဂေါပကထားတာဟာ ပွင့်လင်းမှုရှိပြီး ခွဲခြားမှုလဲ ကင်းစေမယ်၊ ကျန်နေစရာလဲမရှိဘူးလို့ ဆိုပါတယ်။
• အစိုးရအနေနဲ့ ပွင့်လင်းမြင်သာမှုရှိအောင် အဆိုပြုချက် ၃ ခုတင်ပါသေးတယ်။
1. ဥပဒေတခုပြုမယ်။ ရွေးကောက်ပွဲအတွက်နဲ့ ကြားကာလတွေမှာ ပါတီရံပုံငွေတွေကို ခွဲဝေမှုနဲ့ သုံးစွဲမှုအတွက်ဖြစ်မယ်။
2. ပုံမှန်အကောင့်တွေ ထားမယ်။ ပါတီတိုင်းမှာ စာရင်းစစ်ပြီး အကောင့်တွေကို စစ်ဆေးဘို့ရှိနေရမယ်။
3. အစိုးရကနေ ရံပုံငွေထောက်ပံ့ပေးမယ်။
၂ဝဝ၁ ဇန္နဝါရီလမှာ ဥပဒေရေးရာဝန်ကြီးဌာနကနေ အကြောင်းကြားချက်တခု ထုတ်ပါတယ်။ ရွေးကောက်ပွဲ ပြုပြင်ရေး အတွက်ဖြစ်ပါတယ်။ နိုင်ငံရေးအရထည့်ဝင်ငွေတွေကို စည်းမျဉ်းထားဘို့ဖြစ်တယ်။ အစိုးရကိုတောင်းဆိုထားတာက အကောင့်တွေကို စစ်ဆေးပါ။ လူသိရှင်ကြား ထုတ်ပြန်ပါ။ မမှန်ကန်လုပ်တဲ့နိုင်ငံရေးပါတီတွေကို ပယ်ဖျက်ပါ။ တသီးပုဂ္ဂလ ဖြစ်ဖြစ် ကော်ပိုရိတ်တွေဖြစ်ဖြစ် နိုင်ငံရေးရံပုံငွေထည့်နိုင်တယ်။ အများဆုံး သတ်မှတ်ချက်ထားမယ်။ အမြတ်အစွန်းရဲ့ ၅% ထက်မများစေရ။ အဲဒိအတွက် အခွန်လျှောပေါ့ပေးမယ်။ ကော်ပိုရိတ်တွေကိုလဲ ဂေါပကတွေ ထူထောင်ဘို့ အစိုးရကနေ အားပေးဘို့လဲ အကြံပြုတယ်။ ဒီအဆိုပြုချက်ဟာ အစိုးရရုံးထဲက ထွက်မလာပါ။
လွန်ခဲတဲ့နှစ်အနည်းငယ်တုံးက စီးပွါးရေးပညာရှင် Pai Panandikar ပိုင် ပန်နန်ဒီကာ နဲ့ Ramashray Roy ရမ်မက်ရ်ှရေ ရွိုင်း တို့ကနေ အဆိုပြုချက် ထွက်ခဲ့ပါသေးတယ်။
1. အစိုးရကနေထောက်ပံ့ရန်။
2. အစိုးရကနေ တနိုင်ငံလုံးမှာ တမဲ ရူးပီး ၁ဝ နှုန်းနဲ့ ရွေးကောက်ပွဲရံပုံငွေ ထူထောင်ရန်။
3. အထူးရံပုံငွေအေဂျင်စီတရပ်ကနေ ဒါမှမဟုတ် ရွေးကောက်ပွဲကော်မရှင်ကနေ ရံပုံငွေ ကိုင်ရန်။
4. ရွေးကောက်ပွဲမှာ အမတ်လောင်ရတဲ့ မဲအရေအတွက်နဲ့အညီ ငွေထုတ်ပေးရန်။ မဲဆန္ဒနယ်မြေတခုမှာ အများဆုံး ရူးပီး ၁ဝ သိန်း။
5. ငွေကို အမတ်ကိုသာပေးမှာဖြစ်ပြီး သူ့ပါတီကိုမပေးရန်။
6. အရင်ကလုပ်ဆောင်နိုင်မှုကိုကြည့်ပြီး ၅ဝ% ကြိုတင်ထုတ်ပေးရန်။
7. တဦးချင်းရဲ့ အသေစိတ် အကောင့်ကို ရွေးကောက်ပွဲကော်မရှင်ကနေ စစ်ဆေးရန်။
ဒါကိုလဲဘဲ ဆွေးနွေးငြင်းခုန်မှုတွေ မရှိသလောက်ပါ။ ရလဒ်ကတော့ အလှူရှင်နဲ့အလှူခံကြား လှို့ဝှက်ထားရေးသာ ဖြစ်ပါတယ်။
အခု ၂ဝ၁၄ မှာ အပြတ်နိုင်လိုက်တဲ့ ဘီဂျေပီပါတီဟာ ငွေမဲတွေကိုသုံးတယ်လို့ ၂၁-၂-၂ဝ၁၄ နေ့က ပီတီအိုင် သတင်း တခုက ဆိုထားပါတယ်။ ဒီစွပ်စွဲချက်ကို ကျောက်မီးသွေးဝန်ကြီးဌာနဝန်ကြီး Sriprakash Jaiswal ရှရီ ပရာက်ရှ် ဂျေစ်ဝေါလ် ကနေ ဘီဂျေပီပါတီဟာ ကုဋ္ဋေ ၄ဝဝဝ ကိုငွေမဲကနေ ရတယ်လို့ ပြောခဲ့တာပါ။
ဒါတွေကတော့ အိန္ဒိယမှာလုပ်နေကြတာတွေပါ။ သိထားဘို့သာဖြစ်ပြီး အတုမခိုးသင့်ဘူးလို့ မြင်ပါတယ်။ မြန်မာပြည်မှာ ‘ဒီဘိတ်’ စသင့်နေပါပြီ။ ရွေးကောက်ပွဲကော်မရှင်ဆီကနေ အသံစထွက်လာပါပြီ။ ခက်တာက သူတို့ပါးစပ်က ထွက်တာမှန်သမျှ လူထုက မယုံကြပါ။
ဒေါက်တာတင့်ဆွေ
၁၉-၅-၂ဝ၁၄
ည ၁၁ နာရီ၊ ၃၇ မိနစ်။
Friday, May 23, 2014
Political fund in India အိန္ဒိယမှာ နိုင်ငံရေးပါတီတွေ ရံပုံငွေ ဘယ်ကနေရနေသလဲ
• နိုင်ငံရေးပါတီကြီး ၂ ခုဖြစ်တဲ့ ကွန်ဂရက်နဲ့ ဘီဂျေပီပါတီတွေကို နှိုင်းယှဉ်ပြောပါမယ်။",3.0,3.0,3.0,3.0,4.0,"The text provides a structured overview of political campaign financing in India, offering educational value on political systems. It uses logical comparisons and proposals, requiring moderate expertise to follow. It is mostly clean, though it contains some repetitive boilerplate/headers. It uses natural, idiomatic Burmese, reflecting a local perspective on political discourse."
<urn:uuid:8e772b3f-5441-4402-bfd9-2e9afd1a3871>,"အကြွေးပြဿနာတွေကို ရင်ဆိုင်နေရတဲ့ ဥရောပနိုင်ငံတွေက ခေါင်းဆောင်တွေအနေနဲ့ တရုတ်နိုင်ငံ အကူအညီတွေအပေါ်မှာပဲ အားကိုးမနေဖို့ တရုတ်ခေါင်းဆောင်တွေက သတိပေးလိုက်တယ်။
ဥရောပတိုက်မှာ ကြုံနေရတဲ့ ပြဿနာတွေကို ဖြေရှင်းရမယ့် အဓိကတာဝန်ဟာ ဥရောပမှာသာရှိတယ် ဆိုတဲ့အကြောင်း တရုတ်သမ္မတ ဟူဂျင်တောင်က ပြင်သစ်သမ္မတ နစ်ကိုလတ် ဆာကိုဇီကို မနေ့တုန်းကပဲ ပြောခဲ့တယ်လို့ သတင်းတွေက ဖော်ပြနေကြတာပါ။ တချိန်တည်းမှာပဲ ဥရောပတိုက်ရဲ့ တည်ငြိမ်မှုဟာ ကမ္ဘာ့စီးပွားရေးအတွက် အရေးကြီးတဲ့အကြောင်း တရုတ်သမ္မတက အသိအမှတ်ပြု ပြောခဲ့တယ်လို့ တရုတ် အစိုးရပိုင် ဆင်ဟွာ သတင်းက ပြောပါတယ်။
ဥရောပတိုက်သားတွေ အနေနဲ့ သူတို့ကိုယ်ပိုင် ပြဿနာတွေကို ဖြေရှင်းနိုင်တဲ့ ဉာဏ်အမြော်အမြင်နဲ့ အစွမ်းအစရှိတယ်လို့ ယုံကြည်ကြောင်းလည်း ပြောခဲ့တာပါ။
ပြင်သစ်နိုင်ငံမှာ ဒီတပတ်ထဲ ကျင်းပမယ့် စက်မှုဖွံ့ဖြိုးတဲ့နိုင်ငံပေါင်း ၂၀ (G-20) အစည်းအဝေးပွဲ မတိုင်မီ ပြင်သစ်နဲ့ တရုတ်သမ္မတ ၂ ဦးတို့ တွေ့ဆုံဆွေးနွေးခဲ့ရာမှာ အခုလို ပြောဆိုခဲ့တာ ဖြစ်ပါတယ်။ ဂရိနဲ့တခြား ဥရောပက အကြွေးတွေ ပြန်မဆပ်နိုင်တော့မယ့် အဖြစ်နဲ့ ရင်ဆိုင်နေရတဲ့ တိုင်းပြည်တွေကို အကူအညီပေးဖို့ ဥရောပနိုင်ငံတွေက ဘဏ္ဍာရေးအစီအစဉ်သစ်တရပ် ချမှတ်ရာမှာ ကမ္ဘာပေါ်မှာ နိုင်ငံခြား အရန်ငွေကြေး အများဆုံး စုဆောင်းထားတဲ့ နိုင်ငံတနိုင်ငံအဖြစ် တရုတ်နိုင်ငံက ရင်းနှီးမြုပ်နှံသွားဖို့ ဥရောပ ခေါင်းဆောင်တွေက မျှော်လင့်နေကြတာ ဖြစ်ပါတယ်။",3.0,3.0,3.0,5.0,3.0,"The text is a clear, well-structured news report on international relations and economics. It provides educational value regarding global politics, uses logical reporting of diplomatic statements, and is written in natural, professional Burmese. It is free of noise and maintains a consistent, informative tone suitable for a general audience."
<urn:uuid:018da1f7-a9dd-44e3-8645-808ed0e42118>,"စစ်တပ် ကို ဝေဖန်ထောက်ပြတဲ့ သံချပ်တွေကြောင့် တပ်မတော်အရာရှိတွေက တရားလိုလုပ်ပြီး နိုင်ငံတော် အကြည်ညိုပျက်စေမှုပုဒ်မ - ၅၀၅ (က)နဲ့ တရားစွဲလို့ ပြီးခဲ့တဲ့လက အလုပ်ကြမ်းနဲ့ ထောင်တနှစ်စီ ချခံထားတဲ့ ဒေါင်းတို့မျိုးဆက်သံချပ်အဖွဲ့ ဦးဆောင်လူငယ် ၅ ယောက်နဲ့ နောက်ထပ် မိန်းကလေး တယောက်၊ စုစုပေါင်းခြောက်ယောက်ကို ဒီနေ့မှာတခါ အဲဒီပုဒ်မနဲ့ပဲ အလုပ်ကြမ်းနဲ့ ထောင်တနှစ်စီ ထပ်ချလိုက်ပါတယ်။
ကိုပိုင်ရဲသူ၊ ကိုဇေယျာလွင်၊ ကိုပိုင်ဖြိုးမင်း (ခ) ဒီရေ၊ ကိုဇော်လင်းထွဋ် (ခ) ဖိုးသား ၊ မကေခိုင်ထွန်း ကို အောက်တိုဘာလ ၃၀ ရက်နေ့က ရန်ကုန်တိုင်း မရမ်းကုန်းမြို့နယ်တရားရုံးက ထောင်ဒဏ်ချမှတ်ခဲ့ပြီး၊ ဒီနေ့မှာတော့ မဆုရတနာမြင့်ဆိုတဲ့ ကျောင်းသူပါ အမှုထဲမှာပါလာပြီး စုစုပေါင်း ခြောက်ယောက်ကို ဗိုလ်တထောင်မြို့နယ်တရားရုံးက ထောင်ဒဏ်စီရင်လိုက်တာပါ။
ဒါကြောင့် ပထမထောင်ချခံထားရတဲ့ လူငယ် ၅ ယောက်က ထောင် ၂ နှစ်စီဖြစ်သွားပြီး၊ ဒီနေ့မှာထပ်တိုးလာတဲ့မိန်းကလေးက ထောင် ၁ နှစ် ဖြစ်သွားပါပြီ။ နောက်ထပ်လဲ ၆၆ (ဃ) နဲ့ရော ၅၀၅ (က) နဲ့ပါ တရားစွဲခံထားရတဲ့အမှု (၆) မှုရှိသေးတယ်လို့ တရားစွဲထောင်ချခံနေရတဲ့ လူငယ်တွေထဲက ကိုပိုင်ရဲသူက ဒီနေ့ တရားရုံးအချုပ်ရောက်နေချိန်က RFA ကို ပြောပါတယ်။
မဆလ တပါတီအာဏာရှင်ခေတ်ကဆိုရင် သံချပ်မှာ အစိုးရနဲ့အာဏာပိုင်တွေကို ဝေဖန်တာပါရင် ဆင်ဆာဖြတ်တာ၊ ဆက်ပြီး သံချပ်ထိုးခွင့်မပြုတာ၊ ဒါမှမဟုတ် သင်္ကြန်တွင်း ခဏဖမ်းချုပ်ထားလိုက်တာမျိုးသာ ရှိခဲ့ပါတယ်။ အခုတော့ သံချပ်နဲ့ဝေဖန်တာကို အမှုပေါင်းများစွာစွဲပြီး တမှုချင်းအလိုက် သီးခြား ထောင်ဒဏ်တွေချမှတ်နေတာတွေ့ရပါတယ်။ လုပ်ရပ်တခုတည်းအတွက်ကို နေရာအမျိုးမျိုးကနေ ပုဒ်မအမျိုးမျိုးနဲ့ အလီလီထောင်ချတဲ့လုပ်ရပ် မဖြစ်သင့်ဘူးလို့ ကိုပိုင်ရဲသူက ပြောပါတယ်။
"" ပြစ်မှုတခုကို ပြစ်ဒဏ်နှစ်ခု ပေးခွင့်မရှိဘူး။ ဒါပေမယ့် ကျနော့်ကို ပုဒ်မ ၅၀၅ (က)နဲ့ ပြစ်ဒဏ်တခုချပြီးသွားပြီ။ အဲဒီဟာကို ၆၆ (ဃ) နဲ့ ထပ်ပြီး ထပ်စွဲထားတယ်။ ဒါက တရားဥပဒေအရ မဖြစ်သင့်ဘူး။ ဒါ လက်ရှိစစ်တပ်ရဲ့ နိုင်ငံရေးအရ ဥပဒေကို အသုံးချပြီး ကျနော်တို့ကို ဖိနှိပ်နေတဲ့ဟာတွေ လက်ရှိ ကြုံနေရတယ်""
ဒါကြောင့် အာဏာရှိအဖွဲ့အစည်းတွေကို သံချပ်ထိုးပြီးဝေဖန်ထောက်ပြလို့ နှစ်ရှည် ထောင်ချခံရတာဟာ ဒီဖြစ်ရပ်က ပထမဆုံးလိုဖြစ်နေပါပြီ။
“သံချပ်အဖွဲ့တွေဟာ မဖြစ်နိုင်တဲ့တရားစွဲတာမျိုးတွေ ခံနေရတယ်။ ဒီလုပ်ရပ်ဟာ လွတ်လပ်စွာ ထုတ်ဖော် ပြောဆိုခွင့်ကို သဲကြီးမဲကြီး တိုက်ခိုက်နေတဲ့လက္ခဏာဖြစ်တယ်။ စစ်တပ်ဟာ အခုလိုပါရမီရှိတဲ့ လူငယ်တွေကို စံပြအနေနဲ့အရေးယူပြနေတယ်"" လို့ Amnesty International အပြည်ပြည်ဆိုင်ရာ လွတ်ငြိမ်းချမ်းသာခွင့်အဖွဲ့ရဲ့ အရှေ့တောင်အာရှဆိုင်ရာ ညွှန်ကြားရေးမှူး နီကိုလပ်စ်ဘက်ကလင်းက ဒီနေ့ပြောလိုက်ပါတယ်။
အခုလို စစ်တပ်က တရားစွဲနေတဲ့အချိန်မှာ၊ တဘက်မှာ လွှတ်တော်ထဲ နေရာအများဆုံးရထားတဲ့ NLD ပါတီအနေနဲ့ အဲဒီလို တရားစွဲဖို့ အသုံးပြုခွင့်ရနေတဲ့ ဖိနှိပ်တဲ့ဥပဒေတွေကို မဖျက်သိမ်းနိုင်သေးဘူးလို့ AI အဖွဲ့က ထောက်ပြလိုက်သလို၊ လွှတ်တော်အနေနဲ့ လွတ်လပ်စွာ ထုတ်ဖော်ပြောဆိုခွင့်ဘက်က ရပ်တည်ဖို့ အချိန်ရောက်ပြီလို့ ပြောလိုက်ပါတယ်။
ဒါနဲ့ပတ်သက်လို့ လွှတ်တော်ကိုယ်စားလှယ်လဲဖြစ် ဝါရင့်ရှေ့နေတဦးလဲဖြစ်တဲ့ ဦးအောင်သိန်းကတော့ အခုအမိန့်တွေကို အယူခံရုံးတွေမှာ ပြင်ဆင်ခွင့်ရှိသေးတာကြောင့် အပြီးသတ်ဖြစ်တယ်လို့ မှတ်ယူလို့ မရနိုင်သေးဘူးလို့ ဆိုပါတယ်။
အဲဒီအပြင် AI အဖွဲ့ကပြောတဲ့ ဥပဒေတွေပြင်ဖို့ ဖျက်ဖို့ဆိုတဲ့ကိစ္စနဲ့ ပတ်သက်လို့လည်း ဦးအောင်သိန်းက .....
“ဖျက်သင့်ဖျက်ထိုက်တဲ့ ဥပဒေတွေဆိုလည်း ကျနော်တို့ဖျက်လိုက်တာရှိပါတယ်။ နည်းတာမှမဟုတ်ပဲနဲ့။ ဒါပေမယ့် ကျနော်တို့ပြောတာက သဘောသဘာဝမတူတဲ့ ကိစ္စရပ်တွေရှိတဲ့အခါကျတော့ ဥပဒေတခုက ပြဌာန်းဖို့ခက်ပေမယ့် ပယ်ဖျက်ဖို့လွယ်တယ်ပေါ့နော်။ အဲတော့ တစုံတဦးကို ထောင်ချလိုက်ရုံနဲ့ ဥပဒေတခုလုံးကို ဖျက်ပစ်ရမယ်ဆိုပြီး သတ်မှတ်ရရင်တော့ ကျနော်တို့က တရားဥပဒစိုးမိုးရေးလမ်းကြောင်းပေါ် သွားနိုင်ဖို့က အခက်အခဲတွေတွေ့မှာပဲ” လို့ တုံ့ပြန်ပါတယ်။
ဘယ်လိုပဲဖြစ်ဖြစ် Freedom of Expression ဆိုတဲ့ လွတ်လပ်စွာထုတ်ဖော်ပြောဆိုခွင့်ကို နိုင်ငံသားတိုင်း ရပိုင်ခွင့်ရှိတယ်လို့ အခြေခံဥပဒေမှာ ထည့်ထားပေမယ့် တည်ဆဲဥပဒေတချို့က အဲဒီရပိုင်ခွင့်ကို ပြန်ဖျက်သလို ဖြစ်နေတာတွေရှိနေတယ်လို့ ဥပဒေပညာရှင်တွေ ထောက်ပြနေတာလဲရှိပါတယ်။
အာဏာရှင်စနစ်ကနေ ဒီမိုကရေစီစနစ်ကို ကူးပြောင်းနေတဲ့မြန်မာပြည်မှာ အခုလို အငြင်းပွားစရာ ဥပဒေတွေ ဘယ်တော့ဖျက်သိမ်းနိုင်မလဲဆိုတာ ဘယ်သူမှ တိတိကျကျမပြောနိုင်သေးတဲ့အကြောင်း တင်ပြလိုက်ရပါတယ်။",3.0,3.0,3.0,5.0,5.0,"The text provides a clear, journalistic account of legal and political issues in Myanmar, including human rights perspectives and legal commentary. It is well-structured, uses natural Burmese, and accurately reflects the local socio-political context, making it highly authentic and informative for readers interested in contemporary Burmese affairs."
<urn:uuid:be69129e-5587-4e0b-995d-b15f50d283d0>,"အမေရိကန်အောက်လွှတ်တော် ခေါင်းဆောင်တွေ ဖြစ်တဲ့ နယူးရောက်ပြည်နယ် ဒီမိုကရက်တစ်ပါတီအမတ် Joe Crowley နဲ့ Ohio ပြည်နယ် ရီပါတ်ဘလစ်ကင် အမတ် Steve Chabot တို့က တနင်္ဂနွေနေ့ ကျင်းပမယ့် မြန်မာ့ရွေးကောက်ပွဲ အတွက် အထူးစိုးရိမ်ကြောင်း ပြောကြားလိုက်သလို ဒီရွေးကောက်ပွဲရလာဒ်ကို အမေရိကန် နိုင်ငံခြားရေးဌာနက သုံးသပ် အကဲဖြတ်ရာမှာ သတိကြီးကြီး ထားဖို့ပါ နိုင်ငံခြားရေးဝန်ကြီး John Kerry ကို တိုက်တွန်းလိုက်ပါတယ်။
အခုကျင်းပမယ့် ရွေးကောက်ပွဲကို ဒီမိုကရေစီစိတ်ဓါတ်နဲ့ အကောင်းဆုံး ဖြစ်အောင် ပါဝင်လုပ်ဆောင်နေသူ အားလုံးကို ကျေးဇူးတင်ပေ မယ့် မြန်မာနိုင်ငံကို နှစ်ပေါင်း ကြာရှည်စွာ အနီးကပ် စောင့်ကြည့်နေသူတွေ အနေနဲ့ဒီရွေးကောက်ပွဲ ရဲ့ ကျောရိုးပြဿနာတွေကို ကြည့်ရင် ဒါဟာ လွတ်လပ်ပြီး တရားမျှတတဲ့ ရွေးကောက်ပွဲ မဟုတ်မှန်း သိနိုင်တယ်လို့ ဆိုပါတယ်။
အပြောင်းအလဲ ဖြစ်လာနိုင်တယ်လို့ ယုံကြည်နေသူတွေအတွက် မြန်မာနိုင်ငံရဲ့ အခြေခံပြောင်းလဲမှုတွေ တံ့နေတာ ဒါမှမဟုတ် နောက်ပြန်ဆွဲ နေတာ မျိုးတွေကို မကြာသေးခင်ကပဲ တွေ့နေရတာမို့ ဒီမိုကရေစီရေး ပြောင်းလဲမှုအတွက် ရလဒ်ဟာ သိပ်ရှင်းလင်းမှာ မဟုတ်ဘူးလုိ့ လည်း ထောက်ပြပါတယ်။
ဒါ့အပြင် မြန်မာနိုင်ငံကို လာမယ့် ရက်တွေ လတွေမှာလည်း အနီးကပ် စောင့်ကြည့်နေမှာ ဖြစ်ပြီး မြန်မာနဲ့ အမေရိကန် ၂ နိုင်ငံကြား အနာဂါတ် ဆက်ဆံရေးဟာ ဒီမိုကရေစီနဲ့ လူ့အခွင့်ရေးဆိုင်ရာ လေးစားမှုတွေနဲ့ တကယ့်ပြောင်းလဲလာတဲ့ အပေါ်မှာပဲ အခြေခံထားသင့်တယ်လို့လည်း မစ္စတာ Crowley နဲ့ မစ္စတာ Chabot တို့က ပြောပါတယ်။
မြန်မာနိုင်ငံရဲ့ လက်ရှိ ဖွဲ့စည်းပုံး အခြေခံ ဥပဒေဟာ စစ်အစိုးရ လက်အောက်မှာ ရေးဆွဲထားပြီး ဒါကို အငြင်းပွါးဖွယ် မဲပေးမှုတွေနဲ့ အတည်ပြုထားတာမို့ လွှတ်တော်မှာ စစ်တပ်က ၂၅ ရာခိုင်နှုန်း ထက်မနည်း နေရာယူတာအပါအဝင် စစ်တပ်ကို အဓိက အာဏာပေး ထားတယ်လို့အမေရိကန် ပါတီကြီး ၂ ရက် အထက် လွှတ်တော်ခေါင်းဆောင်တွေရဲ့ ဝန်ကြီးကယ်ရီ ကို ပေးပို့တဲ့စာထဲမှာ ဖေါ်ပြထားတာပါ။ ဒါ့အပြင် ဒီဖွဲ့စည်းပုံ အခြေခံဥပဒေဟာ အတိုက်အခံခေါင်းဆောင် ဒေါ်အောင်ဆန်းစုကြည်ကို သမ္မတဖြစ်ခွင့်မရှိအောင် အထူးပြု ရေးဆွဲထားတယ်လို့လည်း ဖေါ်ပြထားပါတယ်။
အစိုးရက မျိုးစောင့်ဥပဒေတွေ ထုတ်ပြန်ပြီး မူစလင်လူနည်းစုတွေကို အမုန်းပွါးစေဖို့ လုပ်ဆောင်တာ၊ ငြိမ်းချမ်းစွာ ဆန္ဒပြသူတွေကို ဖမ်းဆီးအရေးယူတာတွေ အပါအဝင် မြန်မာနိုင်ငံရဲ့ လူ့အခွင့်ရေးဆိုင်ရာ အတွက်လည်း အထူး စိတ်ပူကြောင်း ပြောပါတယ်။ ဝန်ကြီးကယ်ရီကို စာရေးသား ပေးပို့သူတွေ ထဲမှာ အောက်လွှတ်တော် နိုင်ငံခြားရေးရာကော်မတီက Eliot L. Engel အာရှနဲ့ပစိဖိတ်ဆိုင်ရာ ကော်မတီခွဲက Matt Salmon ၊Joseph Pitts နဲ့ James P. McGovern တို့လည်း ပါဝင်ပါတယ်။",3.0,3.0,3.0,5.0,4.0,"The text provides a clear, coherent summary of US political perspectives on Myanmar's elections and constitutional issues. It is well-structured, uses natural Burmese, and maintains a professional tone suitable for news or educational analysis. It requires basic political knowledge to fully grasp the context, making it a solid informational resource."
<urn:uuid:b8dc983c-2b5d-4008-a9c2-cdb18adec2aa>,"ဘင်္ဂလားဒေ့ရ်ှနိုင်ငံ၌ ရောက်ရှိ နေထိုင်ကြသည့် ရခိုင်နှင့် ရခိုင် မျိုးနွယ်စု တိုင်းရင်းသားများအနေဖြင့် မြန်မာနိုင်ငံတွင် ပြန်လည် အခြေချ နေထိုင်လိုပါက ရခိုင်ပြည်နယ်၊ မောင်တောမြို့တွင် နေရာချပေးမည်ဖြစ်ကာ နေအိမ်နှင့် လယ်ယာမြေများ အခမဲ့ ထောက်ပံ့ပေးမည်ဟု သတင်းရရှိသည်။
“ရခိုင်နဲ့ ရခိုင်မျိုးနွယ်စုတွေအပြင် ကိုယ့်တိုင်းရင်းသားတွေဆိုရင် ဘယ်တိုင်းရင်းသား ဖြစ်ဖြစ် လက်ခံပေးမှာပါ။ မိသားစု တခုအတွက် နေအိမ်နဲ့ခြံဝင်းတခု၊ စားဝတ်နေရေးအတွက် လယ် ၂ ဧကလည်း ပေးမယ်” ဟု ရခိုင်ပြည်နယ် အစိုးရအဖွဲ့၏ ပြန်ကြားရေး တာဝန်ခံ ဦးဝင်းမြိုင်က ဧရာဝတီသို့ ပြောသည်။
ထိုသို့ ဆောင်ရွက်ရခြင်းမှာ မောင်တောဒေသ၌ မြန်မာနိုင်ငံသား တိုင်းရင်းသား လူမျိုးဦးရေ အဆမတန် နည်းပါးနေခြင်းကြောင့် ဖြစ်ကြောင်း၊ အလားတူ ဘင်္ဂလားဒေ့ရ်ှရောက် တိုင်းရင်းသား လူမျိုးများမှာလည်း လုံခြုံရေး စိုးရိမ်ရမှုနှင့် စီးပွားရေး အခက်အခဲများ ရှိနေခြင်းတို့ကြောင့် ဖြစ်ကြောင်း၊ တချို့မှာ မိမိနိုင်ငံ၊ မိမိတို့ ဒေသသို့ ပြန်လည် အခြေချ နေထိုင်လို၍ ယခုကဲ့သို့ စီစဉ်ရခြင်း ဖြစ်ကြောင်း ဦးဝင်းမြိုင်က ရှင်းပြသည်။
ဘင်္ဂလားဒေ့ရ်ှရောက် ရခိုင်တိုင်းရင်းသားများနှင့် ရခိုင်မျိုးနွယ်စုများ၊ တခြား တိုင်းရင်းသားများက ရခိုင်ဒေသသို့ သွားရောက်၍ အခြေချ နေထိုင်လိုသော်လည်း လက်ရှိအနေအထားအရ လုံခြုံရေး စိုးရိမ်ကြောင်း၊ ထို့အတူ မိသားစု၏ ရေရှည် စားဝတ်နေရေးကိုလည်း စိတ်ပူပန်ကြောင်း ဘင်္ဂလားဒေ့ရ်ှမှ ရခိုင်အမျိုးသားတဦးက ပြောသည်။
“အဓိက စိုးရိမ်တာ လုံခြုံရေးပါ။ အရင်ကလည်း အစိုးရက အဲဒီလိုပြောတော့ ပြောင်းသွားတဲ့ မိသားစုတွေ ရှိတယ်။ ဒါပေမယ့် လုံခြုံမှု မရှိတော့ ဒီဘက် ပြန်ရောက်လာကြတယ်။ အလုပ်အကိုင်လည်း ရှားပါးတော့ ရေရှည်မနေနိုင်တဲ့ အတွက် ပြန်လာတယ်။ အစိုးရက လယ်လုပ်ဖို့ နွား ၂ ကောင်ပေးမယ် ပြောပြီး ၁ ကောင်ပဲပေးတော့ အဆင်မပြေကြဘူးပေါ့” ဟု ၎င်းက ဆိုသည်။
သို့သော်လည်း လက်ရှိတွင် ဘင်္ဂလားဒေ့ရ်ှရောက် ရခိုင်တိုင်းရင်းသားများနှင့် ရခိုင်မျိုးနွယ်စုများမှာ ဘင်္ဂလားဒေ့ရ်ှမှ အစွန်းရောက် မွတ်စလင်များ၏ ခြိမ်းခြောက်ခံရမှု၊ မွတ်စလင် လူဦးရေက အဆမတန် များပြားနေမှုများကြောင့် ရခိုင်နှင့် တိုင်းရင်းသား မျိုးနွယ်စုများမှာ ရခိုင်ပြည်နယ်သို့ ထောင်သောင်းချီ၍ ကူးပြောင်းလာနိုင်ခြေရှိကြောင်း၊ ဘင်္ဂလားဒေ့ရ်ှဘက်တွင် ရခိုင်နှင့် ရခိုင်မျိုးနွယ်စုများ ဖြစ်သည့် မာရမာကြီး၊ မြို၊ သက်၊ ခမီ၊ ဒိုင်းနက် စသည့်တိုင်းရင်းသား ဦးရေ သိန်းချီ၍ နေထိုင်ကြောင်း သိရသည်။
မောင်တောဒေသ၌ မွတ်စလင်ဦးရေ ၆ သိန်းကျော်ရှိပြီး ရခိုင်နှင့် တခြား တိုင်းရင်းသားဦးရေမှာမူ ၂ သောင်းခန့်သာရှိ၍ ရန်ကုန်တိုင်းရှိ မြို့နယ်များမှ အိမ်ခြေယာခြေမဲ့များ၊ ရာဇဝတ်မှုဖြင့် ထောင်မှ ထွက်လာသူများကို နိုင်ငံတော် အစိုးရက မောင်တောဒေသို့ ပြောင်းရွှေ့၍ နယ်စပ်ဒေသ တိုင်းရင်းသား လူမျိုးများရွာ (နတလ) စံပြကျေးရွာများ တည်ဆောက်ပေးထားကြောင်း သိရသည်။
“မောင်တောမှာ ဘင်္ဂါလီတွေတွေရဲ့ ရန်ကို ကြောက်ရသလို ရန်ကုန်ဘက်က နေရာချပေးထားတဲ့ သူတွေကလည်းပဲ အများစုက လူဆိုး၊ လူမိုက်တွေများတော့ သူတို့ကိုလည်း စိုးရိမ်တယ်။ အဲဒီကိစ္စတွေအတွက် အစိုးရက လုံခြုံရေးကို သေချာ တာဝန်ယူပေးတာ မရှိဘူး” ဟု ပြီးခဲ့သည့်နှစ် အနည်းငယ်က မောင်တောသို့ ပြောင်းရွှေ့ အခြေချနေထိုင်သူတဦးက ပြောသည်။
ဘင်္ဂလားဒေ့ရ်ှဘက်မှ မကြာသေးခင်က ပြောင်းရွှေ့လာသည့် မိသားစု ၄၀ ကျော်ကို ခရေမြိုင် ကျေးရွာနှင့် လောင်းတုံ ကျေးရွာတို့တွင် နေရာချပေးထားကြောင်း၊ ၎င်းတို့အတွက် အိုးခွက်၊ ပန်းကန်များ၊ စားစရာ တချို့ကို အာဏာပိုင်များက ထောက်ပံ့ပေးထားကြောင်း သိရသည်။
မောင်တောဒေသသို့ ပြောင်းရွှေ့လိုသည့် ဘင်္ဂလားဒေ့ရ်ှရောက် တိုင်းရင်းသား မိသားစုများသည် မောင်တော နယ်စပ် တာဝန်ရှိသူများကို ဆက်သွယ်နိုင်ကြောင်း၊ နယ်စပ်ဒေသ စခန်းများတွင် အလွယ်တကူ ဆောင်ရွက်ပေးနိုင်ရန် နိုင်ငံတော် အစိုးရက ဆောင်ရွက်ပေးထားကြောင်း၊ ၎င်းတို့၏ လုံခြုံရေးကိုလည်း တာဝန်ယူ ဆောင်ရွက်ပေးမည်ဖြစ်ကြောင်း ဦးဝင်းမြိုင်က ပြောသည်။
မောင်တောမြို့နယ် အပါအ၀င် ရခိုင်ဒေသ၌ ၂၀၁၂ ခုနှစ်အတွင်း ဖြစ်ပွားခဲ့သော ပဋိပက္ခများနှင့် ဘင်္ဂလားဒေ့ရှ် နိုင်ငံ၊ ပန်ဝါ အရပ်၌ ဗုဒ္ဓဘာသာဝင်များအား အကြမ်းဖက်မှုကြောင့် ဘင်္ဂလားဒေ့ရ်ှရောက် ရခိုင်နှင့် ရခိုင်မျိုးနွယ်စု တိုင်းရင်းသားများမှာ ဘင်္ဂလားဒေ့ရှ် အစိုးရ၏ အတိုက်အခံပါတီဖြစ်သော ဘင်္ဂလားဒေ့ရှ် အမျိုးသားပါတီ (BNP) အာဏာ ရလာပါက နှိပ်ကွပ်ခံရမည်ကို စိုးရိမ်နေကြကြောင်း သိရသည်။",2.0,3.0,3.0,5.0,5.0,"The text is a journalistic report on the repatriation of ethnic groups to Maungdaw. It provides factual reporting, quotes, and analysis of socio-political challenges. It is written in natural, formal Burmese, reflecting specific regional and ethnic contexts, and is free of boilerplate or formatting issues."
<urn:uuid:d8795f13-140d-4f26-82f8-fc7469cbd97f>,"ရန်ကုန်မြို့တော်စည်ပင်သာယာရွေးကောက်ပွဲ အမြန်ဆုးံကျင်းပနိုင်ဖို့ ကော်မတီဝင်ကိုယ်စားလှယ်လောင်းတွေကို ဆန္ဒမဲပေးရွေးချယ်ရာမှာ ဆန္ဒမဲပေးပိုင်ခွင့်ရှိသူ လူဦးရေအပေါ်မူတည်ပြီး သတ်မှတ်ဖို့အတွက် ပြင်ဆင်တဲ့ ဥပဒေကြမ်းကို ရန်ကုန်တိုင်းဒေသကြီးလွှတ်တော်က အတည်ပြုခဲ့ပါတယ်။ ရန်ကုန်မြို့တော်စည်ပင်သာယာရေးဥပဒေမှာ ပုဒ်မ(၁၃)မှာပါရှိတဲ့ ကော်မတီဝင်ကိုယ်စားလှယ်လောင်းတွေ ဆန္ဒမဲပေးရွေးချယ်ရာမှာ မဲဆန္ဒနယ်မြေ(၆)ခုသတ်မှတ်ရွေးချယ်ရမှာဖြစ်တယ်လို့ ပြဌာန်းထားခဲ့ပြီး အခုပြင်ဆင်တဲ့ဥပဒေကြမ်းမှာတော့ မဲဆန္ဒနယ်မြေနေရာမှာ ဆန္ဒမဲပေးပိုင်ခွင့်ရှိသူလူဦးရေအပေါ်မူတည်ပြီးသတ်မှတ်ဖို့ ပြင်ဆင်ခဲ့တာဖြစ်ပါတယ်။
ဒါ့ပြင် ပုဒ်မ(၃၂၄)ရဲ့ နောက်မှာ ပုဒ်မ(၃၂၄)-(က)ကိုလည်း ဖြစ်စွက်ခဲ့ပါတယ်။ ပုဒ်မ(၃၂၄)-(က)အဖြစ် ရန်ကုန်မြို့တော် စည်ပင်သာယာရေးဥပဒေအရထုတ်ပြန်တဲ့ ကော်မတီအဆင့်ဆင့် ရွေးကောက်တင်မြှောက်ခြင်းဆိုင်ရာနည်းဥပဒေတွေပါ ပြစ်မှုတစ်ရပ်ရပ်ကို ဖောက်ဖျက်ကျူးလွန်ကြောင်း ပြစ်မှုထင်ရှားစီရင်ခြင်းခံရရင် ထိုသူကို တစ်နှစ်ထက်မပိုတဲ့ ထောင်ဒဏ်ဖြစ်စေ၊ကျပ်(၁)သိန်းထက်မပိုတဲ့ ဒဏ်ငွေဖြစ်စေ၊ ဒဏ်(၂)ရပ်လုးံဖြစ်စေ ချမှတ်ရမယ်လို့ ဖြည့်စွက်ခဲ့တာဖြစ်ပါတယ်။
ရန်ကုန်မြို့တော် စည်ပင်သာယာရေးဥပဒေကို ပြင်ဆင်သည့်ဥပဒေကြမ်းကို အောက်တိုဘာ(၅)ရက်က ပြုလုပ်တဲ့တိုင်းဒေသကြီးလွှတ်တော်အစည်းအဝေးမှာ တိုင်းဒေသကြီးလွှတ်တော်ကိုယ်စားလှယ် ဦးနေဘုန်းလတ်က တင်သွင်းခဲ့တာဖြစ်ပြီး အောက်တိုဘာ(၈)ရက်မှာ ဥပဒေကြမ်းကော်မတီက ပြင်ဆင်တဲ့ဥပဒေကြမ်းနဲ့ပတ်သက်လို့ လေ့လာစိစစ်တွေ့ရှိချက်နဲ့ သဘောထားမှတ်ချက်ပေးခဲ့တာဖြစ်ပါတယ်။ အောက်တိုဘာ(၉)ရက်မှာတော့ ရန်ကုန်တိုင်းဒေသကြီးလွှတ်တော်မှာ သဘောထားမှတ်ချက်များယူကာ လွှတ်တော်က ပြင်ဆင်ထားတဲ့အတိုင်း အတည်ပြုခဲ့ပါတယ်။
ဒီဥပဒေကြမ်းကို စည်ပင်ရွေးကောက်ပွဲတွေ အမြန်ဆုံးအောင်မြင်စွာကျင်းပနိုင်ရေး ရည်ရွယ်တင်သွင်းခဲ့တာလည်း ဖြစ်ပါတယ်။ မဲဆန္ဒနယ်မြေသတ်မှတ်ရတာဟာ အချိန်ယူလုပ်ဆောင်ရမှာဖြစ်နေတဲ့အတွက် ရွေးကောက်ပွဲပြုလုပ်ဖို့ အခက်အခဲဖြစ်နိုင်တဲ့အခြေအနေရှိလို့ ပြန်လည်ပြင်ဆင်ခဲ့တာ ဖြစ်ပါတယ်။",3.0,3.0,3.0,5.0,5.0,"The text provides a clear, factual report on legislative amendments to the Yangon City Development Committee law. It is written in natural, formal Burmese, accurately reflecting local political and legal processes. It is well-structured, coherent, and free of noise, making it suitable for educational purposes regarding civic processes."
<urn:uuid:941c9a55-4f6c-4960-89b3-f079944c67ab>,"iPhone ရောင်းချင်ရင် Charger ထည့်ရောင်းဖို့ ဘရာဇီးအစိုးရက ညွှန်ကြားလိုက်ပါတယ်။
ဘရာဇီးနိုင်ငံမှာ ရောင်းချမယ့် iPhone တွေမှာ Power Adapter အားသွင်းခေါင်းမပါရင် ရောင်းချခွင့်ပိတ်ပင်သွားမယ်လို့ ဘရာဇီးတရားရုံးနဲ့ အများပြည်သူလုံခြုံရေးဝန်ကြီးဌာနက အင်္ဂါနေ့က ထုတ်ပြန်ချက်မှာ ပြောထားပါတယ်။ ဘရာဇီးအစိုးရဟာ Apple ကိုလည်း Charger မပါတဲ့ iPhone ရောင်းချမှုနဲ့ ဘရာဇီး ရီးရယ်ငွေ ၁၂.၂၇၅ သန်း (ပေါင် ၂.၀၄ သန်း) ဒဏ်ရိုက်ထားပါတယ်။ ဘရာဇီးစားသုံးသူရေးရာ အေဂျင်စီ Senacon ကလည်း iPhone သစ်တွေမှာ Charger မထည့်ဖို့ ဆုံးဖြတ်တဲ့ Apple ရဲ့ ဆုံးဖြတ်ချက်ဟာ စားသုံးသူတွေကို မပြည့်စုံတဲ့ ထုတ်ကုန်ရောင်းချပြီး ခွဲခြားမှုလုပ်တယ်လို့လည်း ပြောထားပါတယ်။
Apple အနေနဲ့ ဘရာဇီးအစိုးရရဲ့ ပိတ်ပင်မှုကို အယူခံဝင်သွားဖို့ ရှိပါတယ်။ ကုမ္ပဏီအနေနဲ့ ဘရာဇီးအစိုးရရဲ့ စိုးရိမ်မှုတွေကို ဖြေရှင်းဖို့ ပူးပေါင်းသွားမယ်လို့ ပြောကြောင်း Reuters သတင်းက ဖော်ပြပါတယ် အရင်က ဘရာဇီးမှာဖြစ်ခဲ့တဲ့ အမှုတွေမှာ Apple က တရားခွင်နိုင်ထားခဲ့တာတွေ ရှိပါတယ်။ ""ဖောက်သည်တွေအနေနဲ့ သူတို့ထုတ်ကုန်တွေနဲ့ ချိတ်ဆက်ဖို့ ၊ အားသွင်းဖို့အတွက် ရွေးစရာအမျိုးမျိုး ရှိမှန်းသိကြမယ်လို့ ယုံကြည်ပါတယ်"" လို့ Apple က ပြောပါတယ်။
အခုလို USB Power Adapter မပါတဲ့ iPhone ရောင်းချမှု ပိတ်တာ ၊ ဒဏ်ရိုက်တာတွေက စက်တင်ဘာ ၇ ရက် iPhone 14 နဲ့ Apple Watch နာရီသစ်တွေ ကြေညာမယ့်ရက်မတိုင်ခင် တစ်ရက်အလိုက ညွှန်ကြားလိုက်တာ ဖြစ်ပါတယ်။ ဘရာဇီးစားသုံးသူ ကာကွယ်ရေးအေဂျင်စီဟာ ပြီးခဲ့တဲ့နှစ်ကလည်း Apple ကို ပေါင် ၂ သန်း ဒဏ်ရိုက်ခဲ့ပါတယ်။ အဲ့ဒီအချိန်က ဒဏ်ရိုက်လိုက်တဲ့ အကြောင်းရင်းက iPhone 12 စီးရီးမော်ဒယ်တွေမှာ Charger မပါဘဲ ရောင်းချတာကြောင့် စားသုံးသူဥပဒေကို ချိုးဖောက်တယ်ဆိုပြီး ဒဏ်ရိုက်ခဲ့တာ ဖြစ်ပါတယ်။
Apple ဟာ ၂၀၂၀ ထွက် iPhone 12 စီးရီးက စပြီး iPhone ဗူးတွေထဲမှာ နားကြပ်နဲ့ Power Adapters တွေ ထည့်သွင်းမှု ရပ်ဆိုင်းခဲ့တာပါ။ ကာဗွန်ထုတ်လုပ်မှုလျှော့ချနိုင်ရေးဆိုတဲ့ အကြောင်းပြချက်နဲ့ iPhone သစ်တွေအပါအဝင် Apple Watch ဗူးသစ်တွေမှာပါ Power Adapters တွေ ဖယ်ရှားခဲ့ပါတယ်။ Apple ရဲ့ သဘာဝပတ်ဝန်းကျင် ၊ မူဝါဒရေးရာနဲ့ လူမှုဆိုင်ရာ ဒုဥက္ကဌဖြစ်သူ လီဆာ ဂျက်ခ်ဆင်က ကမ္ဘာပေါ်မှာ တရားဝင် Apple Power Adapters ပေါင်း ၂ ဘီလျံကျော် ရောက်ရှိနေပြီလို့ ဆိုပါတယ်။
ဒါပေမယ့်လည်း Senacon အဖွဲ့ကတော့ သဘာဝပတ်ဝန်းကျင်တည်တံ့ရေးအတွက် iPhone ဗူးတွေမှာ USB Power Adapters တွေ ဖယ်ရှားလိုက်ရုံနဲ့ မလုံလောက်ဘူးလို့ ပြောပါတယ်။ Charger တွေ ဖယ်ရှားလိုက်လို့လည်း သဘာဝပတ်ဝန်းကျင်အတွက် အကျိုးများတယ်ဆိုတဲ့ သက်သေမရှိသေးဘူးလို့လည်း Senacon အဖွဲ့က ဆိုပါတယ်။ ကုမ္ပဏီအနေနဲ့ သဘာဝပတ်ဝန်းကျင်ပေါ် သက်ရောက်မှု လျှော့ချချင်ရင် USB-C cables နဲ့ Charger တွေ ပြောင်းသုံးပြီး လျှပ်စစ်အမှိုက် e-Waste လျှော့ချတဲ့ နည်းလမ်းကို စဉ်းစားသင့်တယ်လို့လည်း အဖွဲ့က အကြံပြုပါတယ်။
ဥရောပသမဂ္ဂ EU ဟာ ဒီနှစ်ထဲမှာ လျှပ်စစ်ထုတ်ကုန်တွေအတွက် ဘုံ USB-C အားသွင်းကြိုးစနစ် သုံးစွဲရေးစီမံကိန်းကို အတည်ပြုလိုက်ပါတယ်။ နောက်နှစ်ကစပြီး ဥရောပမှာ ရောင်းသမျှ စမတ်ဖုန်းတွေဟာ USB-C Port ကို သုံးရတော့မှာ ဖြစ်ပါတယ်။",3.0,3.0,2.0,5.0,3.0,"The text provides a clear, factual report on a consumer rights issue involving Apple in Brazil. It is well-structured, coherent, and uses natural Burmese. It explains the conflict between corporate environmental policy and consumer protection laws, offering a balanced overview suitable for general educational purposes."
<urn:uuid:851d6348-62e2-4b4a-b1ce-cff013447649>,"နည်းဗျူဟာ
၂၀၁၅လည်းတဖြည်းဖြည်းနီးကပ်လာသည်နှင့်အမျှ အသွင်ပြောင်းအာဏာရှင်တို့၏ ယုတ်မာသော လုပ်ရပ်များကလည်း တဖြည်းဖြည်းအကွက်စိတ်လာသည်ကို သေသေချာချာလေ့လာကြည့်လျှင်တွေ့ရမည်ဖြစ်သည်။ ဘာသာရေးအဓိကရုဏ်း များဖန်တီးပြီး တဖွဲ့နှင့်တဖွဲ့သတ်ဖြတ်နေကြသည်ကို ဘေးမှ ဒူးနှံ့ထိုင်ကြည့်ပြီး နောက်ဆုံးတွင်မှ သူတို့ကပဲ လူတွေအား လုံးအတွက်ဝင်ကယ်တင်ယောင်လုပ်သလိုလို အရှက်မဲ့ကြွားဝါမှုတွေကိုတွေ့ရမည်ဖြစ်သည်။ ရွေးကောက်ပွဲမဲအနိုင်ရစေ ဘို့မတရားလုပ်နိုင်ရန်အတွက် ကဒ်အဖြူများကို အတင်းထုတ်ပေးပြီး သူတို့ကို မဲ့ပေးဘို့လုပ်ခဲ့တာမျိုးကို မေ့ထားပြီး အ တိုက်အခံတွေအာဏာရလာလျှင်ဖြင့် မြန်မာနိုင်ငံကြီး ဘာသာပြောင်းသွားတော့မယောင်ယောင် လေသံလဲလွှင့်လာပြန် သည်။ သာသနာကိုဘယ်လောက်မြတ်နိုးသည့်အစိုးရလဲဆိုတာကို သံဃာ့အရေးအခင်းတွင် သံဃာတော်များကို ရက် စက်စွာအကြမ်းဖက်ခဲ့ခြင်း၊ လက်ပန်းတောင်အရေးကိစ္စတွင် သာသနာ့အထိမ်းအမှတ်တခုကို မပျက်စီးစေရေးအတွက် ထိမ်းသိမ်းစောင့်ရှောက်ရန်အတွက်ကြိုးပမ်းနေကြသော သံဃာတော်များအပါအဝင်အေးချမ်းစွာဆန္ဒပြနေသူများကို မီးလောင်ဗုံးများဖြင့်မညှာမတာတိုက်ခိုက်ခြင်းတို့ဖြင့်လဲ သာသနာကိုအလေးထားကြောင်းပြခဲ့သည်။ ထိုသို့လုပ်ခဲ့ကြသူ များဖြစ်နေသည်ကိုသိလျှက်နှင့် သူတို့၏လက်ပါးစေအရိုးအရင်းကိုက်သာသနာအရေခြုံတို့က ထိုသူများခိုင်းစေသည့် အတိုင်း ဘာသာရေးမုန်းတီးရန်နှင့် လူမျိုးရေးအဓိကရုဏ်းများ ဖန်တီးပြီး သူတို့အရှင်သခင်များ၏ မစင်အနံ့အတွက် အမြှီး နန့်ကာနေကြသည်။ ထိုသာသနာ့အရေခြုံပြီး အမျိုးဘာသာသာသနာစောင့်ထိမ်းရေးအတွက်ဆိုကာ မစင်အတွက် အမြှီး နန့်နေသူများက သာသနာအတွက်၊ အမျိုးဘာသာအတွက် အဘယ်မျှ အလေးထားကြသည်ကို သတိထားကြည့်ရှုရန်လို ပေသည်။ လူထုခံစားနေရသောဝေဒနာများ၊ မတရားမှုများအတွက် ရပ်တည်ထောက်ပြဝေဖန်နေသူများကိုတော့ ဟော ပြောပွဲပိတ်ရသည်နှင့်အနှောင့်အယှက်အဖုံဖုံပေးရသည်နှင့်လုပ်လေ့ရှိသော မသမာကောင်မင်းသားခေါင်းဆောင်းဘီလူး သဘက်များက သာသနာ့အရေခြုံပြီး မြတ်စွာဘုရား၏တရားတော်များကို ခြေနှင့်နင်းခြေဖျက်ကာ သတ်ဖြတ်မုန်းတီးရေး ဟောပြောနေသည့်သူများကိုတော့ ကြိုက်သလိုဟောပြောခွင့်များပြုရုံမက အကူအညီများလည်း ထိုက်ထိုက်တန်တန် ပေး တတ်ကြသေးသည်။ သူတပါးအသက်မသတ်ပဲမေတ္တာတရားရှေ့ရှုရန်ဟောကြားတော်မူသည့် မြတ်စွာဘုရားသခင်၏ အ ဆိုအမိန့်များကို မထီမဲ့မြင်ပြုပြီး ဓါးကိုင် ရက်ရက်စက်စက်ခုတ်ဖြတ်သတ်နေသူအယောင်ဆောင်များက ပြည်သူ့အတွက် အကာအကွယ်ပေးရမည်ဖြစ်သော်လည်း ဘာမှညွှန်ကြားချက်မရ၍ဘာမှမလုပ်ပဲ ငုတ်တုတ်ထိုင်ကြည့်ကြသည့် ရဲများရှေ့ တွင် လူ့သားအချင်းချင်း ခုတ်ထစ်သတ်ဖြတ်အရှင်လတ်လတ်မီးရှို့လုပ်နေသည်ကို ဖမ်းဆီးခြင်း၊ ဟန့်တားခြင်းမလုပ်ခဲ့ ခြင်းတို့ကပင် ထိုသာသနာအရေခြုံများနှင့် ယခုအစိုးရအကြားအဘယ်မျှ ပူးပေါင်းလုပ်ဆောင်နေကြသည်ကို ထင်ရှား စေ ခဲ့သည်။
အမျိုးဘာသာ၊ သာသနာစောင့်ရှောက်ထိမ်းသိမ်းရေးဆိုသူ သူတပါးမစင်ဖြင့်အသက်ရှင်ကြသူတို့က သာမညဆရာတော် ကဲ့သို့ဆရာတော်ကြီးများ၏ရုပ်ကလာဘ်ကိုပင် ဇော်ဂျီဖိုဝင်သားဆိုပြီး မီးကင်စားဘို့အတွက် ဗုံးခွဲလုယူသွားသူတို့၏ အ စေအခိုင်းခံပြီး ထိုသူများပြောရာလိုက်လုပ်နေခြင်းမှာ သာသနာကို အလွန်ထိခိုက်စေသည်။ သာသနာ့သားတော် ရဟန်း ရှင်လူများကို မီးလောင်တိုက်တွင်း၊ ပစ်ခတ်သတ်ဖြတ်မှုလုပ်သည့် ဒီအစိုးရဆိုသူမသမာကောင်များအတွက် အလုပ်လုပ် ပေးနေခြင်းကပင်လျှင် သာသနာဖျက်ဆီးရေးကို ထိုသူများမည်မျှ စီမံချက်ပြည့်ပြည့်ဝဝနှင့် လုပ်ဆောင်နေသည်မှာ ထင်ရှား လှပါသည်။ ထိုသို့သာသနာ့အရေခြုံ၊ အမုန်းစိတ်ဓါတ်ရိုက်သွင်းပြီး၊ သာသနာကိုစော်ကားဖျက်ဆီးနေသည့် အမျိုးဘာသာ သာသနာထိမ်းသိမ်းရေးဆိုသော အရေခြုံများကို ဆွမ်းကပ်လှူမှုရပ်ဆိုင်းခြင်း၊ ထိုသူများကို ကျဉ်ဖယ်ခြင်းတို့မလုပ်ကြပဲ နှုတ်ဆိတ်နေကြလျှင် မိမိတို့အားလုံး တစိတ်တဥာဏ်တည်းဟု သတ်မှတ်ခံရလာစရာ၇ှိပါသည်။ ထိုသို့သာသနာ့ အရေခြုံ ပြီးသာသနာတော်ကို ဖျက်ဆီးရန်လုပ်နေကြသူများကို ဖယ်ရှားပြီး အနှစ်သာရရှိသော သာသနာ ထိမ်းသိမ်း စောင့်ရှောက်ရေးကို လုပ်ကြမှသာလျှင် သာသနာတည်ငြိမ်အဓွန့်ရှည်မည်ဖြစ်ပါသည်။ (အညတြ)",1.0,3.0,3.0,3.0,4.0,"The text is a political opinion piece regarding Burmese religious and political tensions. It uses complex, argumentative reasoning to link government actions with religious groups. While it lacks academic neutrality, it is written in natural, culturally specific Burmese, reflecting local political discourse and terminology. It is coherent but contains strong bias, limiting its educational utility."
<urn:uuid:f00746a1-2675-4ae0-b985-b2c76a2883b1>,"စက်တင်ဘာ ၊ ၄ ၊ ၂၀၂၁
ရွှေဘုန်းမြတ်စံ (VOM)
မကွေးတိုင်း ၊ မင်းဘူးခရိုင် ၊ ပွင့်ဖြူမြို့နယ်နဲ့ စေတုတ္တရာမြို့နယ်ဘက်တွေမှာ လတ်တလောတွေ့နေရတယ်ဆိုတဲ့ ကျားခြေရာတွေနဲ့ ပတ်သက်ပြီး အင်တာနက် လူမှုကွန်ရက် စာမျက်နှာပေါ်မှာ ပြန့်နှံ့လာတဲ့အတွက် ဒေသခံ တောင်သူတွေ အထိတ်တလန့် မဖြစ်စေဖို့ သားငှက်ထိန်းသိမ်းရေးနှင့် သုတေသန အဖွဲ့ရဲ့ လေ့လာစမ်းစစ်ချက်တွေ ပြုလုပ်ခဲ့တယ်လို့ မကွေးတိုင်း တကစ တာဝန်ရှိသူတွေရဲ့ ပြောပြချက်အရ သိရပါတယ်။
အဲ့ဒီ လေ့လာစမ်းစစ်ချက်မှာ အဖြေ ၂ မျိုးရရှိတယ်လို့ သိရပါတယ်။
” ပွင့်ဖြူနယ်မှာတွေ့ရတဲ့ ခြေရာကို စမ်းစစ်ချက်အရ ကျားဆိုတာ အတည်ပြုလို့ရတယ် ၊ စေတုတ္တရာနယ်ဘက်က ခြေရာကတော့ ကျားမျိုးနွယ်ဝင် ခြေရာ မဟုတ်ဘူးဆိုတာ ပြောလို့ရတယ် ၊ အခြားတိစ္ဆာန် ခြေရာပါ ” လို့ သားငှက်ထိန်းသိမ်းရေး သုတေသန ပညာရှင် တစ်ဦးက သူ့ရဲ့ လေ့လာစမ်းချက် အဖြေကို ပြောပါတယ်။
အဲ့ဒီ သားငှက်ထိန်းသိမ်းရေးနဲ့ သုတေသန ပညာရှင် ဆက်ပြီးပြောတာက
” ကျားဆိုတာ ကြောင်ရိုင်းမျိုးရင်း အုပ်စုမှာ ပါဝင်တယ် ၊မြန်မာနိုင်ငံမှာ ကြောင်ရိုင်းမျိုးရင်းအုပ်စု ၈ မျိုးရှိတယ် ၊ အဲ့ဒါတွေက ကျား ၊ ကျားသစ် ၊ အင်းကျား ၊ ကြောင်မင်း( ကျားမင်း) ၊ ကြောင်တံငါ ၊ ကြောင်သလင်း ၊ သစ်ကြောင်နဲ့ တောကြောင်ဆိုပြီးဖြစ်တယ် ၊ ကြောင်ရိုင်းတွေမှာက ကြောင်တံငါကလွဲပြီး အခြား ကြောင်ရိုင်းတွေက ခြေရာထင်ကျန် တတ်တဲ့အလေ့မရှိဘူး ၊ သူ့ ခြေရာက ထူးတယ် ခြေသည်း ၄ ချောင်အရာပဲ ထင်ကျန်တယ် ၊အရွယ်ရောက်တဲ့ ကျားခြေရာက ဖနောင့်အကျယ် နေရာက အနည်းဆုံး ၈ စင်တီမီတာ အကျယ်အဝန်းရှိတယ် ၊ခြေရာကိုကြည့်ပြီး လိင်ပါခွဲခြားလို့ရနိုင်တယ် ၊ ကျားအထီးရဲ့ ခြေရာက လုံးဝိုင်းတုတ်ခိုင်ပြီး ၊ ကျားအမရဲ့ခြေရာက သွယ်လျတယ် ၊ မိခင်နဲ့ သားမခွဲသေးတဲ့ ကျားပေါက်လေးတွေရဲ့ ခြေရာကတော့ အများဆုံးလွဲမှား တတ်တာက ကျားသစ်ခြေရာနဲ့ဖြစ်တယ် ”
ဒါ့အပြင် မြန်မာနိုင်ငံမှာ ကမ္ဘာ့အသိအမှတ်ပြု့ကျားတွေကျက်စားနိုင်တဲ့နေရာနဲ့ ကျားတွေရှိနိုင်တဲ့ နေရာက ၂ ခုရှိတယ် ၊ အဲ့ဒါက Tiger Conservation Landscape (TCL) 37 နဲ့ 19 ဆိုပြီးဖြစ်တယ်လို့ သိရပါတယ် ။
အဲ့ဒီ TCL ၂ မျိုးကတော့ TCL 37 နယ်နိမိတ်တွေက ကချင် ၊ စစ်ကိုင်း ၊ ချင်း ၊ ရခိုင် သစ်တောဆက်စပ်နေရာတွေဖြစ်ပြီး TCL 19 ကတော့ ကယား- ကရင်- မွန်- တနင်္သာရီ ဆက်စပ်တောနယ်မြေ တွေဖြစ်ပါတယ် ။
အဲ့ဒါကြောင့် ပွင့်ဖြူနယ်ဘက်မှာ တွေ့ရှိရတဲ့ ခြေရာဟာ TCL 37 က ကျားခြေရာဖြစ်တယ်လို့ သိရပြီး၊ စေတုတ္တရာနယ်ဘက်က တွေ့ရတဲ့ ခြေရာကိုတော့ တောခွေးအ တွေရဲ့ ခြေရာဖြစ်မယ်လို့ ယူဆထားကြောင်း သိရပါတယ် ။
ပြီးခဲ့တဲ့ သြဂုတ် နောက်ဆုံးအပတ်က ပွင့်ဖြူမြို့နယ် ကျောင်းကုန်းရွာက အသက် ၅၅ နှစ်အရွယ် နွားကျောင်းသား ဦးစန်းဝင်းဆိုသူဟာ ကျားကုတ်ခံရတဲ့အတွက် ပွင့်ဖြူဆေးရုံမှာ လက်ရှိ ဆေးကုသနေဆဲဖြစ်တယ်လို့ သိရပါတယ်။
#voiceofmyanmar #VOM #ကျားခြေရာ #ပွင့်ဖြူ #စေတုတ္တရာ
Photoး သစ်တောရေးရာနဲ့ သဘာဝ ပတ်ဝန်းကျင်းထိန်းသိမ်းရေးဌာန ၊ ကျားသုတေသန ဌာန",3.0,3.0,2.0,5.0,5.0,"The text provides educational information about wildlife identification and conservation landscapes in Myanmar. It uses logical steps to differentiate animal tracks and explains regional context. It is written in natural, professional Burmese journalistic style, free of noise, and reflects local geographical and social realities accurately."
<urn:uuid:42baabff-0915-4763-986a-c1a4f8e6150a>,"မြန်မာနိုင်ငံနဲ့ပတ်သက်လို့ အမေရိကန်ပြည်ထောင်စုအနေနဲ့ ရှေ့ဆက် ဘယ်လို တုံ့ပြန်ခြေလှမ်း လှမ်းသွားမလဲ ဆိုတာတွေကို မြန်မာ့အိမ်နီးချင်း မိတ်ဆွေနိုင်ငံတွေကို ရှင်းပြဖို့အတွက် အထူးကိုယ်စားလှယ် ဒဲရက်မစ်ချဲလ်ဟာ တရုတ်၊ ဂျပန်နဲ့ တောင်ကိုရီးယားနိုင်ငံတွေကို သွားရောက်တာဖြစ်ပါတယ်လို့ အမေရိကန် နိုင်ငံခြားရေးဌာနက ပြောပါတယ်။ ဒါဟာ မြန်မာ့ဒီမိုကရေစီရေးအတွက် အမေရိကန်ပြည်ထောင်စုအနေနဲ့ ချဉ်းကပ်ဆောင်ရွက်ရာမှာ မြန်မာ့အိမ်နီးချင်းတွေနဲ့ပါ ပူးတွဲဆောင်ရွက်လိုကြောင်း ဖော်ပြတဲ့ ခရီးစဉ်တစ်ခုလို့ ယူဆရမှာပါ။ ကိုသားညွှန့်ဦးက အစီရင်ခံထားပါတယ်။
အမေရိကန်ပြည်ထာင်စုအနေနဲ့ မြန်မာ့အရေး ဆောင်ရွက်တဲ့နေရာတွေမှာ ဒေသတွင်းက မိတ်ဆွေ နိုင်ငံတွေနဲ့ပါ ညှိနှိုင်းဆောင်ရွက်သွားမယ်လို့ အရင်ပြောထားတဲ့အတိုင်း ရှေ့ဆက် အမေရိကန်ပြည်ထောင်စု အနေနဲ့ မြန်မာ့အရေးကို ဘယ်လို ကိုင်တွယ်တုံ့ပြန်သွားမလဲ ဆိုတာ အခု မစ္စတာဒဲရက်မစ်ချဲလ် ခရီးစဉ်ကနေ ညှိနှိုင်းအသိပေးလိုတဲ့သဘော ဖြစ်ပါတယ်။ အမေရိကန်ပြည်ထောင်စုရဲ့ မြန်မာနိုင်ငံဆိုင်ရာ မူဝါဒ ညှိနှိုင်းရေးမှူး ဒဲရက်မစ်ချဲလ်ဟာ ဒီခရီးစဉ်အတွင်းကနေ တရုတ်၊ ဂျပန်၊ တောင်ကိုရီးယားအစိုးရတွေနဲ့ တွေ့ဆုံညှိနှိုင်းပြီး မြန်မာ့နိုင်ငံအရေးကို ဘယ်လို ပူးပေါင်း ဆောင်ရွက်မလဲ ဦးဆောင်လုပ်သွားနိုင်မယ့် အခွင့်အလမ်းရရှိမှာ ဖြစ်တယ်လို့ နိုင်ငံခြားရေးဌာန ပြောခွင့်ရသူ ဗစ်တိုးရီးယားနျူလန် (Vitoria Nuland) က ပြောသွားပါတယ်။
“ဘာတွေ ဆောင်ရွက်သွားမလဲဆိုတာ ကြိုဆွေးနွေးပြီးသားတော့ရှိပါတယ်။ ဒါပေမဲ့ မသွားခင် ဆုံးဖြတ်တာ မရှိခဲ့ပါဘူး။ မြန်မာပြည်ရောက်တော့မှ အမေရိကန်ပြည်ထောင်စုအနေနဲ့ ဘာတွေ အကောင်အထည်ဖော် တုံ့ပြန်မလဲဆိုတာကို ဆုံးဖြတ်ခဲ့ပါတယ်။ ဒါကြောင့် အခု အထူးကိုယ်စားလှယ် ဒဲရက်မစ်ချဲလ်ဟာ ဒေသတွင်းမှာရှိတဲ့ မိတ်ဆွေနိုင်ငံတွေနဲ့ သွားရောက်တွေ့ဆုံပြီး အမေရိကန်ဘက်က ဒီခြေလှမ်းတွေကို ဘာကြောင့်လုပ်တယ်၊ ဒီအတွက်လဲ ဘယ်လို မျှော်လင့်ထားတယ် ဆိုတာတွေကို ရှင်းပြရင်း မြန်မာ့အရေး ညှိနှိုင်းဆွေးနွေးသွားဖို့ ဖြစ်ပါတယ်။”
အမေရိကန်ပြည်ထောင်စု အနေနဲ့ ဆုံးဖြတ်ပြီးသား မြန်မာ့အရေး ခြေလှမ်းတွေ ဘာလဲဆိုတာ မပြောပေမဲ့လို့ နိုင်ငံခြားရေးဝန်ကြီး ကလင်တန် မြန်မာပြည်မှာ ပြောသွားခဲ့စဉ် အကူအညီ အထောက်အပံ့အချို့ ပေးမယ်ဆိုတဲ့ ကိစ္စတွေအပေါ်မှာလည်း မစ္စတာဒဲရက်မစ်ချဲလ်အနေနဲ့ ထည့်သွင်း ဆွေးနွေး ရှင်းပြဖွယ် ရှိပါတယ်။
မြန်မာ့အိမ်နီးချင်း အင်အားကြီး တရုတ်နဲ့ဆက်ဆံရေးပိုင်းမှာတော့ မြန်မာကိစ္စနဲ့ပတ်သက်ပြီး ဆက်ဆံရေး ထိပ်တိုက်တွေ့စရာ မရှိဘူးလို့ အမေရိကန်ပြည်ထောင်စုက ယူဆပါတယ်။ အမေရိကန်အနေနဲ့ တရုတ်-မြန်မာဆက်ဆံရေး ကောင်းမွန်တာကို မြင်တွေ့လိုသလိုပဲ အမေရိကန်ပြည်ထောင်စုရဲ့ သဘောထားအမြင် မူဝါဒတွေကိုလည်း တရုတ်ကို ပွင့်ပွင့်လင်းလင်း အသိပေး ဆောင်ရွက်သွားမယ်လို့ အမေရိကန် နိုင်ငံခြားရေးပြောခွင့်ရသူက ပြောပါတယ်။
အဓိကအချက်ကတော့ အမေရိကန်ပြည်ထောင်စုအနေနဲ့ မြန်မာနိုင်ငံ အနာဂတ်နိုင်ငံရေးကို ပိုပြီး အလေးပေးပြီး တိုးတက်လာတဲ့ အခြေအနေ တစ်ခုချင်းအတွက် ခြေလှမ်းတစ်လှမ်းချင်း တုံ့ပြန်သွားမယ်ဆိုတဲ့ သဘောထား ရှိတယ်လို့ နိုင်ငံခြားရေးပြောခွင့်ရသူ ဗစ်တိုးရီးယားနျူလန်က ပြောပါတယ်။
“မြန်မာပြည်ရဲ့ ဒီမိုကရေစီအနာဂတ်ကို ရှုမြင်လိုပါတယ်။ လွတ်လပ်ပြီး မှန်ကန်တဲ့ ရွေးကောက်ပွဲတွေမှာ မြန်မာပြည်သူတွေ ပါဝင်ပတ်သက်ခွင့်ရတာကို မြင်လိုပါတယ်။ ဒီရွေးကောက်ပွဲမှာ ဒေါ်အောင်ဆန်းစုကြည် လည်း ပါဝင်လိုရင် ပါဝင်ခွင့်ရတာကို မြင်လိုပါတယ်။ နိုင်ငံရေးအကျဉ်းသားတွေနဲ့ ပတ်သက်လို့ကတော့ နိုင်ငံခြားရေးဝန်ကြီးကလင်တန် ပြောခဲ့သလိုပါပဲ။ တစ်ယောက်ဆိုတစ်ယောက် လွှတ်တာဟာ အရေးကြီးပါတယ်။ ဒုက္ခသည်တွေ နေရပ်ကို ပြန်လာနိုင်ဖို့အတွက်လည်း မြန်မာနိုင်ငံတွင်း အမျိုးသား ပြန်လည်သင့်မြတ်ရေးအတွက် ဆောင်ရွက်ဖို့ လိုအပ်တယ်ဆိုတာကိုလည်း အမေရိကန်ပြည်ထောင်စုက ရှင်းရှင်းလင်းလင်း ပြောထားပါတယ်။”
မစ္စတာဒဲရက်မစ်ချဲလ်ဟာ ပြီးခဲ့တဲ့ နိုင်ငံခြားရေးဝန်ကြီးကလင်တန်ရဲ့ မြန်မာပြည်ခရီးစဉ်အတွင်းမှာ အနီးကပ်ပါသွားခဲ့သူ ဖြစ်ပါတယ်။ ဒါကြောင့်လဲ နိုင်ငံခြားရေးဝန်ကြီးကလင်တန် ခရီးစဉ်ကိစ္စကိုလည်း မြန်မာအိမ်နီးချင်းမိတ်ဆွေ နိုင်ငံတွေကို ရှင်းပြလိမ့်မယ်လို့ မျှော်လင့်ရပါတယ်။ အမေရိကန်သမ္မတ ဘရက်အိုဘားမားဟာ အင်ဒိုနီးရှား ဘာလီကျွန်း အာဆီယံအစည်းအဝေး လာရောက်စဉ်မှာ သူ့အနေနဲ့ နိုင်ငံခြားရေးဝန်ကြီးကလင်တန်ကို မြန်မာပြည်ကို စေလွှတ်မယ်ဆိုတဲ့အကြောင်းနဲ့ ဘာကြောင့် အခုလို သွားရောက်မယ် ဆိုတာကိုတော့ သမ္မတအိုဘားမားကိုယ်တိုင် အဲဒီမှာ တရားဝင်ရှင်းလင်းခဲ့ဖူးပါတယ်။",3.0,3.0,3.0,5.0,4.0,"The text is a well-structured news report about US-Myanmar diplomatic relations. It provides clear, coherent information suitable for educational purposes regarding international relations. It uses standard Burmese journalistic language and accurately reflects the political context of the time, though it is a straightforward report rather than an analytical essay."
<urn:uuid:6460c301-e920-41f2-b26b-89d84915bc68>,"ခြိမ်းခြောက်မှုများကြောင့် ‘အမိုးမရှိတဲ့ကောင်းကင်’ မှတ်တမ်းရုပ်ရှင် မပြဖြစ်တော့
လူ့အခွင့်အရေး၊ လူ့ ဂုဏ်သိက္ခာ နိုင်ငံတကာရုပ်ရှင်ပွဲတော်တွင် ပြသမည့် ‘အမိုးမရှိတဲ့ ကောင်းကင်’ (Open the Sky)မှတ်တမ်းရုပ်ရှင်နှင့် ပတ်သက်၍ အွန်လိုင်းမှ ခြိမ်းခြောက်မှုများကြောင့် ရုပ်ရှင်ပွဲတော်တွင် ပြသတော့မည်မဟုတ်ကြောင်း ဒါရိုက်တာမင်းထင်ကိုကိုကြီးက ပြောကြားသည်။
‘‘ရုပ်ရှင်ပွဲတော်လုပ်တာက ပဋိပက္ခတွေ ဖန်တီးဖို့အတွက် လုပ်နေတာမဟုတ်ဘူး။ ဒါပေမဲ့ ပဋိပက္ခတွေ၊ လူတွေကြားထဲမှာ အမုန်းပွားစရာကိစ္စတွေဖြစ်လာမယ်ဆိုရင်တော့ ကိုယ်တိုင်လည်း အဖြစ်မခံနိုင်ဘူး။ အဲဒီလိုဖြစ်ဖို့ ရည်ရွယ်ချက်လည်းမရှိဘူးဆို တော့ ဒီရုပ်ရှင်ပြသဖို့ကိစ္စကို ရုပ်သိမ်းခဲ့တာပါ’’ဟု ၎င်းက ပြောသည်။
ထို ‘အမိုးမရှိတဲ့ကောင်းကင်’ မှတ်တမ်းရုပ်ရှင်မှာ မိတ္ထီလာ လူမျိုးရေး၊ ဘာသာရေး အဓိကရုဏ်းတွင် အိမ်ဖျက်ဆီးခံရသော မွတ်စလင်အဒေါ်ဖြစ်သူထံ တူမက သွားရောက်ခဲ့ပုံနှင့် ပဋိပက္ခအပေါ် အဒေါ်၏အမြင်နှင့် ပဋိပက္ခအတွင်း ၎င်းကိုအကူအညီပေးခဲ့သော ဗုဒ္ဓဘာသာဝင် မိတ်ဆွေတစ်ဦးနှင့် ၎င်းတို့ နှစ်ဦးကြား ထားရှိသော ခင်မင်မှုမေတ္တာတရားကို ရိုက်ကူးတင်ပြထားသည့် မှတ်တမ်းရုပ်ရှင်ဖြစ်ကြောင်း ရုပ်ရှင်ပွဲတော် ဇာတ်လမ်းအညွှန်းတွင် ဖော်ပြထားသည်။
ယင်းမှတ်တမ်းရုပ်ရှင်ဇာတ်ကားသည် ဆင်ဆာခွင့်ပြုချက်ရရှိထားပြီးသော ဇာတ်ကားတစ်ခု ဖြစ်သော်လည်း အွန်လိုင်းမှတစ်ဆင့် ခြိမ်းခြောက်မှုများ ပြုလုပ်ခံခဲ့ရသောကြောင့် ဇွန် ၁၅ ရက်ညက ရုပ်ရှင်ပွဲတော်ဖြစ်မြောက်ရေးအဖွဲ့များနှင့် တိုင်ပင်ကာ ပြသခြင်းမပြုတော့ရန် ဆုံးဖြတ်ခဲ့သည်ဟု ဒါရိုက်တာ မင်းထင်ကိုကိုကြီးက ပြောသည်။
‘‘အမိုးမရှိတဲ့ကောင်းကင်’’ ဇာက်ကားက မိနစ်နှစ်ဆယ်လောက်ရှိတဲ့ မှတ်တမ်းရုပ်ရှင်လေးပါ။ လူငယ်လေးတွေ ရိုက်ထားတာပါ။ ဘာသာမတူတဲ့ အိမ်နီးနားချင်းနှစ်ယောက် တစ်ယောက်အပေါ်တစ်ယောက်ကူညီပုံ၊ စောင့်ရှောက်ပုံ၊ ချစ်ခင်ပုံတွေနဲ့ ချစ်ခြင်းမေတ္တာတွေကို ခံစားရမယ့် ရုပ်ရှင်လေးပါ။ အမုန်းတရားတွေကိုပွားစေမယ့် ရုပ်ရှင်တော့မဟုတ်ပါဘူး’’ဟု ၎င်းက ပြောသည်။
လူမှုကွန်ရက်ဖေ့စ်ဘွတ်ခ်တွင်မူ ယင်းဇာတ်ကားသည် မိတ္ထီလာအရေးအခင်းတွင် မွတ်စလင်များကို ဗုဒ္ဓဘာသာဝင်များက အနိုင်ကျင့်နေသည်ဟု တစ်ဖက်သတ်ဝါဒဖြန့်သောဇာတ်ကားဖြစ်သောကြောင့် ဝိုင်းဝန်းကန့်ကွက်ကြရန် ရေးသားဖြန့်ဝေလျက်ရှိသည်။",2.0,2.0,2.0,5.0,5.0,"The text is a well-written, clean news report about a documentary film controversy in Myanmar. It provides factual reporting on social tensions and censorship, requiring basic comprehension. It is culturally authentic, using natural Burmese phrasing and reflecting local socio-political contexts regarding religious conflict and public discourse."
<urn:uuid:c05c24c0-875b-49e1-949f-c0d720678452>,"လူတဈယောကျ ကံကောငျးခငျြလာပွီဆိုရငျ ဒီလိုတှဖွေဈလာမယျ…
လူတဈယောကျသညျ ကံကောငျးခငျြလာပွီဆိုလြှငျ စိတျတညျငွိမျလာခွငျး၊ စိတျရှုပျထှေးမှုကငျးကာ စိတျမြားကွညျလငျ လနျးဆနျးလာခွငျးစသော လက်ခဏာမြား ဖွဈပျေါလာလေ့ ရှိပါသညျ …။၎င်းငျးစိတျကို ယဘေုယအြားဖွငျ့ ကောငျးစိတျဟု သတျမှတျနိုငျပါသညျ …
ထိုစိတျမြိုး ဝငျလာလြှငျ ‘ငါတော့ ကံကောငျးတော့မယျ၊ ဒီစိတျဟာ ကောငျး ကံပွုလုပျဖွဈဖို့ အကွောငျးခံ စိတျပပေဲ’ ဟု သဘောထားကာ ထိုစိတျကို ပြောကျပကျြ မသှားရအောငျ ထိနျးထားပွီး ကောငျးမှုတဈခုခုကို ပွုလုပျဖွဈအောငျသာ ကွိုးစား လုပျဆောငျယူရမညျဖွဈသညျ။
ထို့အပွငျ အမြားဆုံး ပွုလုပျဖွဈလေ့ ရှိသညျ့ လကေ့ငျြ့နစေရာ အထူး မလိုသော သမားရိုးကြ မကောငျးကံဘကျသို့ ပွနျပွောငျး နောကျကွောငျးပွနျ မလှညျ့မိစရေနျလညျး အထူးသတိထားရနျ လိုအပျပါသညျ။
လှူခငျြတနျးခငျြစိတျ ပျေါလာလြှငျ ‘ငါ ကံကောငျးလာပွီ၊ ဒီကံလေး အထမွောကျအောငျ ငါ လှူပေးဦးမှ’၊ သီလဆောကျတညျခငျြစိတျ ပျေါလာလြှငျ ‘ငါ ကံကောငျး လာပွီ၊ သီလလေး ဆောကျတညျပွီး နဦေးမှ’ ဘုရားရှိခိုးခငျြစိတျ ပျေါလာလြှငျ ‘ငါ ကံကောငျးလာပွီ၊ ဘုရားရှိခိုးပွီးတော့ ပူဇျောလိုကျဦးမှ’၊ ဘာဝနာကမ်မဋ်ဌာနျး ပှါးမြားခငျြစိတျ၊ တရားအားထုတျခငျြစိတျ ပျေါလာလြှငျ‘ငါ ကံကောငျးလာပွီ၊ ပှါးမြားဖွဈအောငျ ပှါးမြားလိုကျဦးမှ၊ အားထုတျဖွဈအောငျ အားထုတျလိုကျဦးမှ’ စသညျဖွငျ့ ကောငျးကံမြား အထမွောကျ အောငျမွငျစရေနျ ကွိုးစား လုပျဆောငျရမညျ ဖွဈသညျ။
ကောငျးစိတျမြား ပျေါလာပွီး ကောငျးကံမြားကိုပွုလုပျ အားထုတျဖွဈ လြှငျ အခှငျ့အရေးကောငျး၊ အခွအေနကေောငျးမြား ရလာပွီဟု မှတျယူရ မညျဖွဈပွီး ၎င်းငျးအခှငျ့ကောငျး၊ အခွအေနကေောငျးမြားကို လကျမလှတျစရေနျ လှနျစှာ အရေးကွီးပါသညျ …။
ဓမ်မမိတျဆှေ သူတျောစငျအပေါငျး ကနျြးမာရှငျလနျး ငွိမျးအေးနိုငျကွ ပါစေ။
Zawgyi
လူတစ်ယောက် ကံကောင်းချင်လာပြီဆိုရင် ဒီလိုတွေဖြစ်လာမယ်…
လူတစ်ယောက်သည် ကံကောင်းချင်လာပြီဆိုလျှင် စိတ်တည်ငြိမ်လာခြင်း၊ စိတ်ရှုပ်ထွေးမှုကင်းကာ စိတ်များကြည်လင် လန်းဆန်းလာခြင်းစသော လက္ခဏာများ ဖြစ်ပေါ်လာလေ့ ရှိပါသည် …။
၎င်းစိတ်ကို ယေဘုယျအားဖြင့် ကောင်းစိတ်ဟု သတ်မှတ်နိုင်ပါသည် …
ထိုစိတ်မျိုး ဝင်လာလျှင် ‘ငါတော့ ကံကောင်းတော့မယ်၊ ဒီစိတ်ဟာ ကောင်း ကံပြုလုပ်ဖြစ်ဖို့ အကြောင်းခံ စိတ်ပေပဲ’ ဟု သဘောထားကာ ထိုစိတ်ကို ပျောက်ပျက် မသွားရအောင် ထိန်းထားပြီး ကောင်းမှုတစ်ခုခုကို ပြုလုပ်ဖြစ်အောင်သာ ကြိုးစား လုပ်ဆောင်ယူရမည် ဖြစ်သည် …။
ထို့အပြင် အများဆုံး ပြုလုပ်ဖြစ်လေ့ ရှိသည့် လေ့ကျင့်နေစရာ အထူး မလိုသော သမားရိုးကျ မကောင်းကံဘက်သို့ ပြန်ပြောင်း နောက်ကြောင်းပြန် မလှည့်မိစေရန်လည်း အထူးသတိထားရန် လိုအပ်ပါသည်။
လှူချင်တန်းချင်စိတ် ပေါ်လာလျှင် ‘ငါ ကံကောင်းလာပြီ၊ ဒီကံလေး အထမြောက်အောင် ငါ လှူပေးဦးမှ’၊ သီလဆောက်တည်ချင်စိတ် ပေါ်လာလျှင် ‘ငါ ကံကောင်း လာပြီ၊ သီလလေး ဆောက်တည်ပြီး နေဦးမှ’၊ဘုရားရှိခိုးချင်စိတ် ပေါ်လာလျှင် ‘ငါ ကံကောင်းလာပြီ၊ ဘုရားရှိခိုးပြီးတော့ ပူဇော်လိုက်ဦးမှ’၊ ဘာဝနာကမ္မဋ္ဌာန်း ပွါးများချင်စိတ်၊ တရားအားထုတ်ချင်စိတ် ပေါ်လာလျှင်‘ငါ ကံကောင်းလာပြီ၊ ပွါးများဖြစ်အောင် ပွါးများလိုက်ဦးမှ၊ အားထုတ်ဖြစ်အောင် အားထုတ်လိုက်ဦးမှ’ စသည်ဖြင့် ကောင်းကံများ အထမြောက် အောင်မြင်စေရန် ကြိုးစား လုပ်ဆောင်ရမည် ဖြစ်သည်။
ကောင်းစိတ်များ ပေါ်လာပြီး ကောင်းကံများကိုပြုလုပ် အားထုတ်ဖြစ် လျှင် အခွင့်အရေးကောင်း၊ အခြေအနေကောင်းများ ရလာပြီဟု မှတ်ယူရ မည်ဖြစ်ပြီး ၎င်းအခွင့်ကောင်း၊ အခြေအနေကောင်းများကို လက်မလွတ်စေရန် လွန်စွာ အရေးကြီးပါသည် …။
ဓမ္မမိတ်ဆွေ သူတော်စင်အပေါင်း ကျန်းမာရွှင်လန်း ငြိမ်းအေးနိုင်ကြ ပါစေ။",2.0,2.0,2.0,4.0,5.0,"The text provides moral and religious guidance rooted in Burmese Buddhist traditions. It uses natural, idiomatic Burmese and includes both Unicode and Zawgyi scripts. While it lacks complex academic reasoning, it offers a coherent, culturally specific perspective on personal conduct and mindfulness, making it highly authentic for the target community."
<urn:uuid:3f57e9bf-d702-46d2-bbf1-28b5ef687dfc>,"Email This Story :
ပဲခူးတိုင်းဒေသကြီး ရွှေကျင်မြို့နယ် ထောင်လောင်ကျေးရွာအုပ်စု ကျွန်းတဲစု အ.မ.က ကျောင်း ပျက်စီးနေသလို နေရာကျဉ်းမြောင်းမှုကြောင့် ကလေးငယ်တွေ စာသင်ကြားရာမှာ အခက်အခဲဖြစ်နေတယ်လို့ ဒေသခံတွေက ပြောပါတယ်။
အင်းပလွဲကျေးရွာ အ.မ.က ကျောင်းကို သွားရောက်စာသင်ကြားရာမှာ ခရီးဝေးပြီး လမ်းပန်းဆက်သွယ်ရေး ခက်ခဲတာကြောင့် ၂၀၁၄ ခုနှစ်ကစပြီး ထောင်လောင်ကျေးရွာရဲ့ အမက (ခွဲ) ကျောင်းအဖြစ် ကိုယ်ထူကိုယ်ထ ဆောက်လုပ်ခဲ့တာဖြစ်ပြီး ၂၀၁၈-၂၀၁၉ ပညာသင်နှစ်မှာ ကျွန်းတဲစုအ.မ.က ကျောင်းအဖြစ် တိုးမြှင့်ခံခဲ့ရတာပါ။
ကျွန်းတဲစု အမကကျောင်းဟာ ပေ ၃၀ × ၂၀ သွပ်မိုးထရံကာ ကျောင်းဆောင်ဖြစ်ပြီး ပညာရေးဌာနက ချထားပေးတဲ့ ဆရာ ၃ ဦးနဲ့ ကျောင်းသူကျောင်းသား ၄၀ နီးပါကို နေရာကျဉ်းမြောင်းတာကြောင့် အခန်းမခွဲနိုင်ဘဲ စုပေါင်းပြီး စာသင်ကြားနေရတာပါ။
ခုအချိန်မှာ စာသင်ကျောင်းဆောင်ဟာ ကျောင်းထရံတွေ ကွာကျလာတာကြောင့် ပလတ်စတစ်မိုးကာတွေနဲ့ ကာရံထားရသလို အောက်ခြေတိုင်တွေ ပျက်စီးလာတာကြောင့် ကျောင်းဆောင်ပြိုကျပြီး ဆရာမတွေနဲ့ ကလေးတွေ အန္တရာယ်ဖြစ်မှာကို ဒေသခံတွေ စိုးရိမ်နေကြတာလည်း ဖြစ်ပါတယ်။
“ကျောင်းဆောင်ကသေးနေတော့ အခန်းကမရှိဘူး။ KG ကနေ စတုတ္ထတန်းထိကို အကုန်စုပြီး စာသင်နေရတော့ ဆူညံသံတွေနဲ့ မထိရောက်ဘူးဖြစ်နေတယ်။ ကျောင်းသစ်သားတိုင်တွေ အကုန်နီးပါးက အောက်ခြေပျက်ခါနီးဆိုတော့ လေဟဲ့မိုးဟဲ့ဆိုတာနဲ့ ကျောင်းဆောင်ပြိုကျမှာကို ကြောက်ပြီး စာသင်ချိန်တွေ ရပ်နားထားရတယ်။ ဆရာမတွေနဲ့ ကလေးတွေအန္တရာယ်ဖြစ်မှာ စိုးရိမ်ရလို့ မိုးအရမ်းရွာတာနဲ့ စာသင်တာရပ်ပြီး အိမ်ပြန်ခေါ်ကြတယ်” လို့ ကျောင်းကော်မတီဥက္ကဋ္ဌ ဦးမောင်ရွှေက ပြောပါတယ်။
ကျွန်းတဲ့စုကျေးရွာဟာ အိမ်ခြေ ၈၀ ကျော်လောက်သာရှိပြီး ရေကြီးကွင်းတွေ များတာကြောင့် နွေစပါးနဲ့ ဆောင်းသီးနှံကို အဓိကထားလုပ်ကိုင်နေကြပြီး စီးပွားရေးအဆင်မပြေမှုတွေကြောင့် ကျောင်းဆောင်ကို ပြန်လည်ပြုပြင်နိုင်ဖို့ အခက်အခဲကြုံနေပြီး တိုင်းဒေသကြီးအစိုးရအနေနဲ့ ကျောင်းဆောင်သစ် ချထားပေးဖို့ ဒေသခံတွေက လိုလားနေကြပါတယ်။
သတင်း၊ ဓာတ်ပုံ – နေလင်းထိုက်",1.0,2.0,2.0,4.0,5.0,"The text is a news report about a local school's infrastructure issues. It provides factual reporting on community challenges. It is written in natural, authentic Burmese, reflecting local social and geographical contexts. It contains minor boilerplate (Email This Story) but is otherwise clean and coherent."
<urn:uuid:33fa7db3-5f1f-4d72-941a-790d20492eea>,"အခုဆိုရငျ သီတငျးကြှတျရာသီအခါသမယကို ရောကျရှိလာပါပွီနျော။ မွနျမာတို့ရဲ့ ဓလထေုံ့းစံအတိုငျး အသကျအရှယျကွီးရငျ့တဲ့သူတှကေို အသကျငယျသူတှကေ သီတငျးကြှတျအခါသမယမှာ သှားရောကျကနျတော့ကွတဲ့ အလအေ့ထလေးကတော့ တခွားသော နိုငျငံရပျခွားတှမှော မတှရေ့တဲ့ ယဉျကြေးမှုအလအေ့ထလေးပါပဲနျော။လူငယျတှကေ လူကွီးမိဘတှကေို ကနျတော့ကွတဲ့အထဲမှာ ပွညျသူခဈြအနုပညာရှငျ ဇရေဲထကျလညျးအပါအဝငျပါပဲနျော။
ဇရေဲထကျကတော့ အနုပညာအလုပျတှကေိုအားကွိုးမာနျတပျဆောငျရှကျလရှေိ့တဲ့ မငျးသားတဈဦးဖွဈတဲ့အပွငျ လူကွီးမိဘတှကေိုလညျး ရိုသကေိုငျရိုငျးတတျတဲ့မငျးသားတဈဦးပဲ ဖွဈပါတယျ။တဈနှဈပတျလုံးစုဆောငျးခဲ့တဲ့ အနုပညာကွေးတှအေကုနျလုံးကို အဘှားအတှကျ သီတငျးကြှတျကနျတော့ ခဲ့တယျလို့သိရပါတယျ။ကနျတော့ခဲ့တဲ့ ငှပေမာဏကတော့ အံ့သွလောကျတဲ့ ငှပေမာဏ ဖွဈတာကွောငျ့ ပရိသတျတှလေညျး အံ့အားသငျ့ခဲ့တာ ဖွဈပါတယျ။
” သီတငျးကြှတျအခါမှာ တဈနှဈပတျလညျလုံးစုဆောငျးသမြှငှလေေးနဲ့ အဘှားအားကနျတော့ ….အဘှားကနျြးမာပါစေ…အစာလေးတော့ရှောငျပေါ့ ” ဆိုကာ ကနျတော့ခဲ့တဲ့ ငှပေုံကွီးနဲ့ အတူ အမှတျတရပုံရိပျလေးတှကေို သူ့ရဲ့လူမှုကှနျရကျစာမကျြနှာမှာ ဝမြှေခဲ့တာပဲ ဖွဈပါတယျ။CeleGabar ပရိသတျကွီးလညျး ဇရေဲထကျရဲ့ သီတငျးကြှတျကုသိုလျလေးကို သာဓုချေါခဲ့ပါဦးနျော။
Source : Zay Ye Htet
Shwe Poe – CeleGabar
ဇျောဂြီဗားရှငျး
” အံ့သြလောက်စရာ ငွေအပုံလိုက်ကြီးနဲ့ အဘွားကို သီတင်းကျွတ်ကန်တော့ခဲ့တဲ့ ဇေရဲထက် ”
အခုဆိုရင် သီတင်းကျွတ်ရာသီအခါသမယကို ရောက်ရှိလာပါပြီနော်။ မြန်မာတို့ရဲ့ ဓလေ့ထုံးစံအတိုင်း အသက်အရွယ်ကြီးရင့်တဲ့သူတွေကို အသက်ငယ်သူတွေက သီတင်းကျွတ်အခါသမယမှာ သွားရောက်ကန်တော့ကြတဲ့ အလေ့အထလေးကတော့ တခြားသော နိုင်ငံရပ်ခြားတွေမှာ မတွေ့ရတဲ့ ယဉ်ကျေးမှုအလေ့အထလေးပါပဲနော်။လူငယ်တွေက လူကြီးမိဘတွေကို ကန်တော့ကြတဲ့အထဲမှာ ပြည်သူချစ်အနုပညာရှင် ဇေရဲထက်လည်းအပါအဝင်ပါပဲနော်။
ဇေရဲထက်ကတော့ အနုပညာအလုပ်တွေကိုအားကြိ်ုးမာန်တပ်ဆောင်ရွက်လေ့ရှိတဲ့ မင်းသားတစ်ဦးဖြစ်တဲ့အပြင် လူကြီးမိဘတွေကိုလည်း ရိုသေကိုင်ရိုင်းတတ်တဲ့မင်းသားတစ်ဦးပဲ ဖြစ်ပါတယ်။တစ်နှစ်ပတ်လုံးစုဆောင်းခဲ့တဲ့ အနုပညာကြေးတွေအကုန်လုံးကို အဘွားအတွက် သီတင်းကျွတ်ကန်တော့ ခဲ့တယ်လို့သိရပါတယ်။ကန်တော့ခဲ့တဲ့ ငွေပမာဏကတော့ အံ့သြလောက်တဲ့ ငွေပမာဏ ဖြစ်တာကြောင့် ပရိသတ်တွေလည်း အံ့ အားသင့်ခဲ့တာ ဖြစ်ပါတယ်။
” သီတင်းကျွတ်အခါမှာ တစ်နှစ်ပတ်လည်လုံးစုဆောင်းသမျှငွေလေးနဲ့ အဘွားအားကန်တော့ ….အဘွားကျန်းမာပါစေ…အစာလေးတော့ရှောင်ပေါ့ ” ဆိုကာ ကန်တော့ခဲ့တဲ့ ငွေပုံကြီးနဲ့ အတူ အမှတ်တရပုံရိပ်လေးတွေကို သူ့ရဲ့လူမှုကွန်ရက်စာမျက်နှာမှာ ဝေမျှခဲ့တာပဲ ဖြစ်ပါတယ်။CeleGabar ပရိသတ်ကြီးလည်း ဇေရဲထက်ရဲ့ သီတင်းကျွတ်ကုသိုလ်လေးကို သာဓုခေါ်ခဲ့ပါဦးနော်။
Source : Zay Ye Htet
Shwe Poe – CeleGabar
ဇော်ဂျီဗားရှင်း",1.0,1.0,1.0,3.0,5.0,"The text is a celebrity news snippet about Burmese cultural traditions (Thadingyut). It lacks educational or complex reasoning content, requiring minimal expertise to read. It is clean but contains redundant content due to the inclusion of both Unicode and Zawgyi versions of the same article."
<urn:uuid:a9f8e71c-890f-4f6f-9741-5fcf050b7185>,"ဂျင်းသုပ်ဆိုတာ မြန်မာလူမျိုး အတော်များများ နှစ်သက်ကြတဲ့ အစားအစာပါ။ ပုံမှန်အားဖြင့်တော့ အများစုက နှစ်ပြန်ကြော်များများ ၊ ပဲမှုန့်များများ ဆီများများ နဲ့ သုပ်ကြပါတယ်။ ကျမကတော့ ဆီများတာ မကြိုက်သူမို့ ပဲမှုန့်ကို လျှော့ထည့်ပြီး ဆီအနည်းငယ်ပဲ သုံးထားပါတယ်။ Juicy ဖြစ်စေတဲ့ ခရမ်းချဉ်သီး နဲ့ ရှောက်သီး ကိုလည်း များများသုံး ထားပါတယ်။ နှစ်ပြန်ကြော်တွေဟာ ပြည့်ဝဆီတွေများပြီး အစာကြေခဲတာမို့ ကျမကတော့ အနည်းငယ်ပဲ ထည့်ပါ နယ်နော်။
လိုအပ်သောပစ္စည်းများ
- အချဉ်စိမ်ထားတဲ့ ဂျင်းအမျှင်များ – တစ်ခါသုပ်စာ
- ခရမ်းချဉ်သီး – ၁ လုံး
- ကြက်သွန်နီ – ၁ ခြမ်း
- ငရုတ်သီးစိမ်း – ၃ တောင့်
- ပဲကြမ်းကြော် – အနည်းငယ်
- နှမ်း လက်ဖက်ရည်ဇွန်း – ၁ ဇွန်း
- ကြက်သွန်ဖြူကြော် – လက်ဖက်စည်ဇွန်း ၂ ဇွန်း
- ရှောက်ရည် – လက်ဖက်ရည်ဇွန်း ၂ ဇွန်း
- ပဲဆီ – လက်ဖက်ရည်ဇွန်း ၂ ဇွန်း
- ယိုးဒယားငံပြာရည် – လက်ဖက်ရည်ဇွန်း ၂ ဇွန်း
- သကြား – လက်ဖက်ရည်ဇွန်း ၁ ဝက်
ပြုလုပ်နည်း
- ခရမ်းချဉ်သီးကို ခပ်ပါးပါး လှီးထားပါ။ ကြက်သွန်နီကို ခပ်ပါးပါး လှီးထားပါ။ ငရုတ်သီးစိမ်းကို နုတ်နုတ်စင်း ထားပါ။
- ပန်းကန်လုံးထဲမှာ ဖော်ပြထားတဲ့ တန်ဆာ ပလာများ အားလုံးကို အရသာများ ထည့်ပြီး ရောနယ်ပါ။ ဂျင်းသုပ်ကို ရေနွေးကြမ်း ပူပူ ထမင်းပူပူ တို့ဖြင့် တွဲဖက် စားသုံးပါက အင်မတန် လိုက်ဖက်ပါတယ်။
- အရသာ ထူးကဲစေမယ့် သကြား အနည်းငယ် ထည့်သုပ် ကြည့်ဖို့လည်း မမေ့ပါနဲ့။
- ပဲမှုန့် မထည့်ဘဲ သုပ်စား လို့လည်း ကောင်းပါတယ်။
Credit: Warr Tee",2.0,1.0,1.0,5.0,5.0,"The text is a clear, authentic recipe for a traditional Burmese dish. It provides basic instructions and ingredients, reflecting local culinary habits and preferences. While it lacks complex reasoning or high-level academic content, it is well-structured, clean, and culturally accurate, making it a useful piece of practical, everyday knowledge."
<urn:uuid:a33812ad-6ea8-4f6a-92f1-96986a2c69fa>,"ဒီတပတ်ထုတ် The Irrawaddy ဂျာနယ်မှာ ပါဝင်တဲ့ သတင်း၊ ဆောင်းပါး၊ သုံးသပ်ချက်၊ အင်တာဗျူးတွေရဲ့ ခေါင်းစဉ်တွေနဲ့ လင့်တချို့ကို ဖော်ပြပေးလိုက်ပါတယ်။
၀န်ကြီးချုပ် ဦးမြင့်ဆွေ၊ မြန်မာ့စေတနာ မြို့သစ်ကုမ္ပဏီနဲ့ မရှင်းလင်းသော ရန်ကုန်မြို့သစ် စီမံကိန်း
စာပေအနုပညာရှင်များနိုင်ငံရေးမှာပါဝင်ဖို့ ဒေါ်အောင်ဆန်းစုကြည် တိုက်တွန်း (မေစစ်ပိုင်)
ရန်ကုန်မြို့သစ် စီမံကိန်း တရားဝင် သတင်းမထွက်မီ မြေယာများ ကြိုတင်ဝယ်ယူမှုများရှိ (သစ်နေမိုး)
မူးယစ်မှောင်ခို သင်္ဘောတစင်း မြန်မာ့ရေတပ်ဖမ်းမိ (ကျော်ခ)
မြန်မာတို့၏ Grand Royal Special Reserve မှ ဂုဏ်ယူဖွယ်ကောင်းသော Best Asian Blended Whisky Award 2014 အား ဆွတ်ခူးရရှိ
လူသန်ကြီးများတွင် အဖြေမရှိပါ (ညီစောလွင်)
ယူ-၁၉ စိတ်ဓာတ်ဖြင့် ဘောလုံးလောကသစ် ထူထောင်ကြစို့ - ခင်မောင်ထွေး(ပျဉ်းမနား)
“Talent နဲ့ တိုင်းပြည်ချစ်စိတ်ရှိလို့ နိုင်လာတာ”
ပွင့်လင်းမြင်သာမှု လုံးဝမရှိတဲ့ ရန်ကုန်မြို့သစ် စီမံကိန်း (စည်သူအောင်မြင့်)
လက်နက်ကိုင်ဒေသထဲက အန္တရာယ်များသော မြေယာအငြင်းပွားမှု (စနေလင်း)
“၀” ဒေသ တရုတ်စာ၊ တရုတ်စကား လွှမ်းမိုးမှု လျှော့ချနိုင်မလား (ကျော်ခ)
ဗိုလ်ချုပ်အောင်ဆန်း လုပ်ကြံခံရမှု၏ နောက်ကွယ်မှ ပဟေဠိကွင်းဆက်များ (နိဂုံး) နေမင်း
အစိုးရသစ် စီးပွားရေးပြုပြင်ပြောင်းလဲမှု ခရီးမတွင် (သစ်နေမိုး)
ရန်ကုန်မြို့သစ် စီမံကိန်း ပွင့်လင်းမြင်သာမှု မရှိဟု ဝေဖန်ခံရ (မေခ)
ဘဏ်များတွင် သံသယဖြစ်ဖွယ် ငွေအပ်၊ ငွေလွှဲပြောင်းမှုများ စတင်စုံစမ်းနေ (သစ်နေမိုး)
တာဝါတိုင် တည်ဆောက်ရေးတွင် ကလေးလုပ်သား အသုံးပြုမှု တယ်လီနော် ထုတ်ဖော်
ဓာတုပစ္စည်း ပါဝင်သော တရုတ်လုပ် အစားအသောက်များ အရေးယူမှု အားနည်းနေ (မေစစ်ပိုင်)
မြစ်ကြီးနားက ချည်ထည်
တပ်ပိုင်းဆိုင်ရာဘက်က ညှိရတာ အခက်ခဲဆုံးပါပဲ
ပြည်သူ့မျက်နှာကိုသာ ကြည့်ပါ
ပညာသင်ဆုလား၊ ခြေချုပ်မိစေတာလား (နန္ဒာဘုန်းမြင့်)
ကလေးလုပ်သားတွေကို စာသင်ခန်း ပြန်ပို့ပါ (ထက်အောင်ကျော်)
စုတ်ချက်ကြမ်းကြမ်း ---- ဇော်လူဝင်း @ ဇော်လူမင်း (နိုင်စွမ်း)
ကြီးမားခိုင်မာတဲ့ မေတ္တာနဲ့ ပုခက်လွှဲခဲ့သူ (မြတ်စုမွန်)
ပြည်တော်ပြန်ပြီး ကျောင်းဖွင့်မည့် DJ တဦးနှင့် တွေ့ဆုံခြင်း
၂၀၁၄ အမြင်သစ်နဲ့ Hercules ရုပ်ရှင်ဇာတ်ကား (သုရီလင်း)
ကလေးများနဲ့ ကလေးကဗျာ (ခေတ်ဘုန်းသစ်)
မီး မမှန်ပေမယ့် ဓာတ်လိုက်တတ်တယ် သတိထား (ဒေါက်တာသက်ဦး)
မငြိမ်းမချမ်း မစိမ်မလန်း (ကိုလေးမြတ်)
ပွဲဝင်တော့မယ့် မန္တလေး (ဆူးငှက်)
ဆဲလ်ဖုန်းတွေနဲ့ ဗိုင်းရပ်စ် (ဖိုးနိုင်ဝင်း- မာစတာပိစ်)
စိတ်ပျက်ရတဲ့ ထူးအိမ်သင် ဂီတပွဲ (သို့မဟုတ်) ပြန်ဆို ယဉ်ကျေးမှု စနစ်တကျ ထွန်းကားသင့်ပြီ (ငြိမ်းချမ်းအေး)
စတိုင် ပိုထွက်အောင် ပံ့ပိုးပေးမယ့် Fashion Accessories (သီဟတိုး)
.",2.0,1.0,2.0,3.0,5.0,"The document is a list of article headlines from The Irrawaddy journal. It provides a snapshot of Burmese socio-political and cultural topics, offering some educational value regarding current events. It lacks deep reasoning or complex analysis as it is merely a list of titles. It is culturally authentic, reflecting local issues, names, and media styles."
<urn:uuid:8c0562f2-05e1-4b10-b73e-2760c2ed13a0>,"ကန္တာရဝတီတိုင်း (မ်)
စစ်ရေးပြင်းထန်နေတဲ့ ကရင်နီပြည်နဲ့ ရှမ်းပြည်နယ်တောင်ပိုင်းဒေသတွေမှာ မတ်လတစ်လ တိုက်ပွဲအတွင်း စစ်သုံ့ပန်း (၁၃) ဦး ဖမ်းဆီးရမိတယ်လို့ ကရင်နီအမျိုးသားများကာကွယ်ရေးတပ် (KNDF) က ဧပြီလ (၃) ရက်နေ့မှာ ထုတ်ပြန်ထားပါတယ်။
မတ်လဆန်း ရှမ်းပြည်နယ်တောင်ပိုင်းက ထိတွေ့တိုက်ပွဲ နဲ့ မတ်လ (၉) ရက်နေ့ကစ စစ်ကောင်စီစစ်ကြောင်းထိုးမှုကြောင့် ဒီးမော့ဆိုမြို့နယ် အရှေ့ဖက်ခြမ်းက တိုက်ပွဲအတွင်း ဖမ်းမိတာဖြစ်ပြီး စုစုပေါင်း (၁၃) ဦးတို့ ဖြစ်ကြတယ်လို့ ဆိုပါတယ်။
ဖမ်းဆီးရမိတဲ့ စစ်သုံ့ပန်းတွေကို နိုင်ငံတကာ ဥပဒေ၊ စစ်သုံ့ပန်း ဥပဒေအတိုင်း လူ့ဂုဏ်သိက္ခာနဲ့အညီ ထိန်းသိမ်းထားပြီး စစ်သုံ့ပန်းစံချိန်စံနှုန်းနဲ့အညီ လုပ်ကိုင်ဆောင်ရွက်နေတယ်လို့ ကရင်နီအမျိုးသားများကာကွယ်ရေးတပ် (KNDF) မှ အတွင်းရေးမှူး- ၃ ခူးရီးဒူ က အခုလိုပြောပါတယ်။
“ကျတော်တို့ KNDF မှာက Military act (စစ်ဖက်ဆိုင်ရာ အရေးယူဆောင်ရွက်မှု ဥပဒေ) ရှိတယ်။ Military act ထဲမှာ ကျတော်တို့ စစ်သုံ့ပန်းရဲ့ အခန်းကဏ္ဍကို ထည့်သွင်းပြီးတော့ ရေးသားထားတာရှိတယ်။ ကျနော်တို့က ၂ ခုပေါ့လေနော် တခုက ကျနော်တို့ရဲ့ KNDF Military act မူဝါဒနဲ့ ရေးဆွဲထားတဲ့ ဥပဒေနဲ့ အညီတခုရယ် နောက်ထပ်တခုကတော့ နိုင်ငံတကာမှာ ချမှတ်ထားတဲ့ စစ်သုံ့ပန်းဆိုင်ရာ ဥပဒေ ဒီနှစ်ခုနဲ့ ကျနော်တို့တွေက လက်ရှိဖမ်းဆီးရမိတဲ့ စစ်သုံ့ပန်းတွေကို အဲဒီစံချိန်စံနှုန်းနဲ့အညီ ကျတော်တို့တွေက လုပ်ကိုင်ဆောင်ရွက်နေတယ်ပေါ့”လို့ သူကပြောပါတယ်။
စစ်သုံ့ပန်း (၁၃)ဦး ထဲမှာ အရာရှိတချို့ပါဝင်ပြီး အများဆုံးက စစ်ကောင်စီရဲ့ ဆက်သွယ်ရေး တပ်သားတွေလို့ဆိုပါတယ်။ ဒါ့အပြင် တိုက်ပွဲအတွင်း စစ်ကောင်စီတပ် ခလရ (၁၂) မှ ဆက်သွယ်ရေး ဒုတပ်ကြပ်တစ်ဦး MA-3သေနတ် တစ်လက်နဲ့အတူ KNDF ထံ ဘက်ပြောင်းခိုလှုံခဲ့တယ်လို့ KNDF ကထုတ်ပြန်ထားပါတယ်။
ပြီးခဲ့တဲ့ မတ်လ ၁၁ ရက်နေ့မှာ ဖယ်ခုံမြို့ နယ် ကုရင်ကျေးရွာအုပ်စုတောင်ကြားမှ စစ်ကြောင်းထိုးလာတဲ့ စစ်ကောင်စီ ခမရ ၄၂၉ နဲ့ ဖယ်ခုံ PDF တပ်ရင်း ၂အပါအဝင် ပူးပေါင်းတပ်တို့ ထိတွေ့တိုက်ပွဲဖြစ်ပွားခဲ့ပြီး မတ်လ ၁၂ ရက်နေ့ နယ်မြေရှင်းလင်းရေးဆောင်ရွက်ရာမှာ အရာရှိအပါအဝင် စစ်ကောင်စီတပ်သား ၁၉ ဦး သေဆုံးခဲ့ပြီး စစ်သုံ့ပန်း (၆) ဦး ဖမ်းဆီးရမိတယ်လို့ ဖယ်ခုံ PDF ထုတ်ပြန်ထားတာရှိပါတယ်။",2.0,2.0,2.0,5.0,5.0,"The text is a well-written, authentic news report about the conflict in Karenni State. It provides factual reporting on military events and policies regarding prisoners of war. It is clean, uses natural Burmese, and reflects the specific local political and social context of the ongoing conflict."
<urn:uuid:3d302aa0-bc31-45bc-881b-daf75a17246b>,"ငါလွမ်းနေတယ် တောင်သမန်ရေ …
မင်းသတင်းတွေကို အဝေးကနေနားစွင့်လို့…
တို့ဝေးခဲ့တာ အနှစ် နှစ်ဆယ်တောင်ရှိပါပေါ့လား…
ငါချစ်တဲ့တောင်သမန်ဟာ..
ဟိုး.. အရင်ကအတိုင်းပဲရှိပါစေ…။
အင်းရေတိုးချိန်အခါက
တောင်သမန်ရေသင်ဖျူးမှာ
ငှက်သမ္ဗန်နဲ့ ကူးခဲ့ရတာကို လွမ်းနေတယ်။
နှင်းငွေ့မှုံမှုံနဲ့ မြူခိုးတွေဝေနေတဲ့
တောင်သမန်ရဲ့ အေးမြမြဆောင်းမနက်ခင်းတွေထဲ
ဟိုး.. အရင်အခါတွေတုန်းကလို
အကြော် ပူပူနွေးနွေးကိုဝါးရင်း
ရေနွေးပူပူလေးနဲ့ မြည်းလိုက်ချင်သေးတယ်…။
တောင်သမန်ရေ…
ငါသတိရနေတုန်းပဲ..
တံလျှပ်တွေကြားမှာ
အင်းထဲက ယာခင်းစိမ်းစိမ်းတွေက
ယိမ်းနွဲ့နေသလိုလို…။
တောင်သမန်ရေ…
အမှတ်ရနေအုံးမလား…
ငါ့အပေါင်းဖေါ်သဟာတွေနဲ့
မင်းဆီကို ငါ အလည်လာခဲ့တဲ့တစ်ခေါက်
အညာနွေပူပူအောက်က အင်းခြောက်ခြောက်ထဲ
ဖုံထူထူ လှည်းလမ်းကြောင်းတစ်လျှောက်မှာ
နွားခြေရာကောက်တမ်းကစားခဲ့ဖူးသေးတယ်။
တောင်သမန်ရေ…
မင်းထမ်းပိုးထားတဲ့ တံတားကြီးပေါ်ကနေ
ငါ အကြိမ်ကြိမ် ဖြတ်သန်းခဲ့ဖူးတဲ့အချိန်တွေကို လွမ်းတယ်။
တောင်သမန်ရေ…
တံတားအောက်က တိုင်လုံးတွေကြားမှာ…
မယ်ဇယ်ပင်တန်းရဲ့ အရိပ်တွေအောက်မှာ…
စိတ်လွတ်လပ်ပေါ့ပါးစွာနဲ့
ဟိုးတစ်ချိန်တုန်းကလို ငါလမ်းလျှောက်ချင်သေးတယ်။
တောင်သမန်ရေ ငါလွမ်းနေလို့…
အခွင့်အရေးရလို့များ ငါပြန်လာခဲ့ရင်
ဟိုး.. အရင်ကလိုပုံစံမျိုးနဲ့
တောင်သမန်ရေ... ငါ့ကိုကြိုပါအုံးလား…။
@ @ @ *** @ @ @ *** @ @ @
အမြဲတမ်း ငြိမ်းချမ်းကြပါစေ။",1.0,0.0,1.0,4.0,5.0,"This is a nostalgic poem about Taungthaman Lake. It lacks educational or reasoning content, as it is purely expressive literature. It is highly authentic, using natural Burmese phrasing and specific cultural references like the U Bein Bridge and local seasonal activities, making it a strong example of cultural expression."
<urn:uuid:8e1ec9f9-d768-488f-9393-1dd9b455dddb>,"ဇေယျာဖြိုးနေအိမ်တွင် သိမ်းဆည်းခံရသည့် ငွေ သိန်း ၅၀ ရှာဖွေပုံစံတွင် မတွေ့ရဟု ရှေ့နေထွက်ဆို
တရားလွှတ်တော် ရှေ့နေ ဦးကိုနီ အသတ်ခံရမှုတွင် ပါဝင်ပတ်သက်နေသဖြင့် ဖမ်းဆီးခံထားရသူ ဇေယျာဖြိုး၏ နေအိမ်ကို အခင်းဖြစ်ပွားပြီးနောက် ရဲတပ်ဖွဲ့က ရှာဖွေရာတွင် ပိုင်ဆိုင်မှုအထောက်အထားများအပါအဝင် ငွေသား ၁ သောင်းကျပ်ထုပ် ၅ ထုပ် (ခန့်မှန်းခြေ သိန်း ၅၀ ကျပ်) ဝန်းကျင် ထည့်သွင်းသိမ်းဆည်းခဲ့သော်လည်း ရှာဖွေပုံစံတွင် ရေးသွင်းမထားသည့်အပေါ် ဇေယျာဖြိုး၏ ရှေ့နေ ဒေါ်ပပဝင်းက ယနေ့ရုံးချိန်းတွင် ပြောဆိုခဲ့ကြောင်း သိရသည်။
“အမှုနဲ့ မသက်ဆိုင်တာတွေ သိမ်းသွားတယ်။ ပိုင်ဆိုင်မှု အထောက်အထားတွေ၊ ကလေးဓာတ်ပုံတွေ၊ ကလေးကျောင်းမှတ်တမ်းတွေပါသွားတယ်။ ဟုတ်တယ် ငွေသားအုပ်တွေလည်း ပါသွားတယ်။ အဓိကပြောချင်တာက ရှာဖွေပုံစံသည် နည်းလမ်းမကျဘူး။ အပြည့်အစုံဖော်ပြထားခြင်းမရှိဘူးဆိုတာကို ပြောချင်တာ” ဟု ဇေယျာဖြိုး၏ ရှေ့နေ ဒေါ်ပပဝင်းက ပြောသည်။
ယနေ့ရုံးထုတ်သို့ တာမွေမြို့နယ်မှ နယ်ထိန်းရဲ ဦးဇော်ဇော်ထွန်း ဆိုသူလည်း သက်သေအဖြစ် လာရောက်ထွက်ဆိုခဲ့ရာ ယင်း စွပ်စွဲချက်အပေါ် ယတိပြတ် တုန့်ပြန်မှု မရှိကြောင်း၊ တာဝန်အရလုပ်ဆောင်ခြင်းသာဖြစ်ကြောင်း၊ စွပ်စွဲချက်အပေါ် “မသိဘူး” ဟုသာ ပြောဆိုကြောင်း သိရသည်။
“ဇေယျာဖြိုးရှေ့နေ က သူတို့အိမ်မှာဝင်စစ်တော့ ဇေယျာဖြိုးရဲ့ ဇနီး ဒေါ်သီတာလွင်ရဲ့ ဗီရိုထဲက ၁ သောင်းတန်အုပ် ၅ ထုပ် ကို ယူသွားတယ်။ အိမ်ရဲ့ စာချုပ်စာတမ်းတွေလည်း ယူသွားတယ် ပြောတယ်။ ဒါပေမယ့် အဲဒါတွေက ရှာဖွေပုံစံထဲမှာ မပါဘူးလို့ ပြောတယ်ဆိုတော့ ဘယ်လိုရှာကြသလဲတော့ မသိဘူး။ အဲဒီစွပ်စွဲချက်တွေပေါ့။ အခုလို စွပ်စွဲတော့ ရဲတပ်ဖွဲ့ရဲ့ ကိုယ့်ကျင့်သိက္ခာလည်း ထိခိုက်တာပေါ့” ဟု ယနေ့ရုံးချိန်းတွင် တက်ရောက်ခဲ့သည့် ဦးကိုနီရှေ့နေ ဦးခင်မောင်ဌေးက ဧရာဝတီသို့ ပြောသည်။
ရှေ့နေ ဦးခင်မောင်ဌေးက “ဦးကိုနီ ဆုံးတာက ဇန်နဝါရီ ၁၉ ရက်နေ့မှ ဖြစ်တယ်။ အဲဒါကို ရဲတပ်ဖွဲ့က ဇေယျာဖြိုးအိမ်ကို ဝင်ရှာတာ ဇန်နဝါရီ ၄ ရက်ဆိုပြီး လုပ်လာတယ်ဆိုတော့ တော်တော်တော့ ဂွတီးဂွကျနိုင်တယ်။ အလုပ်ကို သေချာမလုပ်ဘူး လို့ ပြောလို့ရတယ်။ အခုစွပ်စွဲချက်တွေလည်း ဒါတွေယူသွားတယ်။ ဒါပေမယ့် ရှာဖွေပုံစံတွေထဲ အဲဒီပစ္စည်းတွေ မပါဘူး။ လာရောက်ထွက်ဆိုတဲ့ တာမွေက နယ်ထိန်းကလည်း ယတိပြတ်တုန့်ပြန်ပြောသွားတာမရှိဘူး” ဟု ရှင်းပြသည်။
ပြီးခဲ့သည့် အောက်တိုဘာ ၁၄ ရက်နေ့ ရုံးချိန်းကလည်း ရဲတပ်ဖွဲ့က ဖမ်းဆီးထားသူ ဇေယျာဖြိုးသည် ပြည်ထဲရေးဝန်ကြီးဌာန နှင့် စီးပွားရေးဆိုင်ရာ ချိတ်ဆက်လုပ်ကိုင်မှုများ ရှိခဲ့ဖူးကြောင်း၊ လုပ်ငန်းစာချုပ်၊ အရောင်းအဝယ်စာချုပ်များ ချုပ်ဆိုခဲ့ဖူးကြောင်း ဇေယျာဖြိုး၏ ရှေ့နေ ဒေါ်ပပဝင်းက ပြောဆိုခဲ့သည်။
ရဲတပ်ဖွဲ့သည် ဗဟန်းမြို့နယ်ရှိ ဇေယျာဖြိုး၏ ကုမ္ပဏီရုံးခန်းသို့ ဝင်ရောက်ရှာဖွေခဲ့စဉ်က သေနတ်အိတ် ၂ အိတ်၊ စကားပြောစက် ၂ လုံးနှင့် အဓိက စာရွက်စာတမ်းများ ရရှိခဲ့သည်ဟု ပြောဆိုခဲ့သော်လည်း အဆိုပါ ပစ္စည်းများသည် ဇေယျာဖြိုးနှင့် ပတ်သက်မှုမရှိကြောင်း ရှေ့နေဖြစ်သူ က ငြင်းဆိုခဲ့သည်။
တရားလွှတ်တော် ရှေ့နေ ဦးကိုနီ အသတ်ခံရမှုနှင့် ပတ်သက်၍ ရန်ကုန်တိုင်း မြောက်ပိုင်းခရိုင် တရားရုံးတွင် စစ်ဆေးခဲ့သည့် ရုံးချိန်း ၂၉ ကြိမ်ခန့်ရှိပြီဖြစ်ပြီး သက်သေ ၈၀ ကျော် ရှိသည့် အနက် ၅၀ ဦး စစ်ဆေးပြီးဖြစ်သော်လည်း အမှုတွင် ပါဝင်ပတ်သက်နေသည့် အောင်ဝင်းခိုင် ကို ရဲတပ်ဖွဲ့က ယနေ့အထိ ဖမ်းဆီးရမိခြင်း မရှိသေးကြောင်း သိရသည်။
သို့ဖြစ်ရာ တရားခံပြေး ကို ရဲတပ်ဖွဲက လုံးဝ ဖမ်းဆီးရမိခြင်း မရှိခဲ့ပါက ဥပဒေပါ ပြဌာန်းချက်များအရ လုပ်ဆောင်ရမည့် အဆင့်များ ဆက်လက်ရှိနေသေးကြောင်း ဦးကိုနီ၏ ရှေ့နေ ဦးခင်မောင်ဌေးက ရှင်းပြသည်။",2.0,2.0,2.0,5.0,5.0,"The text is a journalistic report on a high-profile legal case in Myanmar. It provides factual reporting on court proceedings, including witness testimonies and legal arguments. It is written in natural, professional Burmese, reflecting local legal and social contexts, though it lacks deep analytical reasoning or complex educational content."
<urn:uuid:01851350-454a-4598-9868-c5ade9273c98>,"ဇွန် ၃၊ ၂၀၁၆
M-Media
သီဟ
ပင်လုံစာချုပ်ချုပ်ဆို မှုကို ကိုယ်တိုင်မျက်မြင် ကြုံတွေ့ ခဲ့သူ၊ စာချုပ်ချုပ်ဆိုရန် ဗိုလ်ချုပ် အောင်ဆန်းကို ကားမောင်းပို့ပေး ခဲ့သူ၊ ဗိုလ်ချုပ်၏ သူငယ်ချင်းတစ်ဦးဖြစ်သူ တောင်ကြီးမြို့တော်ဝန်ဟောင်း တောင်စွန္နီ ဂျာမေ့ဗလီ နာယကကြီးဖြစ်သူ ဦးခန်း(ခ)ဦးဖေရွတ်စ်ခါန်း ဒီကနေ့ ဇွန် ၃ ရက်နေ့ မနက် ၄:၃၀ တွင် ကွယ်လွန်သွားပြီ ဖြစ်ကြောင်း သိရပါတယ်။
ဦးခန်းသည် ဗိုလ်ချုပ်အောင် ဆန်း ပင်လုံစာချုပ် လက်မှတ်ထိုး ရန် တောင်ကြီးမှ ပင်လုံသို့အသွား ကိုယ်တိုင် ကားမောင်းကာ လိုက် လံပို့ဆောင်ပေးခဲ့သူတစ်ဦးဖြစ်ပြီး ပင်လုံစာချုပ်ချုပ်ဆိုမှုကို ကိုယ်တိုင် မျက်မြင်ကြုံခဲ့သူတစ်ဦး ဖြစ်ပါတယ်။
ဗိုလ်ချုပ်နဲ့ တစ်နှစ်တည်း ၁၉၁၅ ခုနှစ်မှာမွေးတဲ့ ဦးခန်းကို တောင်ကြီးမြို့ ယခုမြို့မရပ်ကွက်၊ ယခင်လယ်ကျင်းရပ်ကွက် တွင် မွေးဖွား ခဲ့သည့် ဦးခန်းသည် တောင်ကြီး ABM ကျောင်းတွင် ဆယ်တန်းအထိ ပညာသင်ကြားခဲ့ပါတယ်။
လွတ်လပ်ရေးရပြီး လေးနှစ်အကြာ ၁၉၅၂ ခုနှစ်မှာ ဦးခန်းဟာ ရှမ်းပြည်နယ်မြို့တော်ဖြစ်တဲ့ တောင်ကြီးမြို့ရဲ့ ပထမဆုံးမြို့တော်ဝန် အဖြစ် ရွေးကောက်တင်မြှောက်ခြင်း ခံခဲ့ရပါတယ်။ နောက်လေးနှစ်အကြာမှာလည်း မြို့တော်ဝန် ဒုတိယ သက်တမ်းအတွက် ရွေးကောက် တင်မြှောက်ခြင်းခံရပြီး တောင်ကြီးမြို့ စည်ပင်သာယာရေးကော်မတီရဲ့ ဥက္ကဌအဖြစ်လည်း ခန့်အပ်ခြင်းခံရပါတယ်။
၁၉၆၂ ခုနှစ် တော်လှန်ရေးအစိုးရ တက်လာချိန်တွင် ဦးခန်းအား ရှမ်းစော်ဘွားများနှင့် အတူ ဖက်ဒရယ်အရေး ဆောင်ရွက်သည် ဟု ဆိုကာ ဖမ်းဆီးခံခဲ့ရပါတယ်။
ဦးခန်းဟာ တရားစွဲဆိုခြင်းမခံရဘဲ ထောင်ထဲမှာ ၆ နှစ်ကြာနေခဲ့ရပြီးနောက် ပြန်လွတ်လာခဲ့ပါတယ်။
ထောင်မှလွတ်ပြီးသော်လည်း ဦးခန်းသည် ဇာတိတောင်ကြီးသို့ ချက်ချင်းပြန်ခွင့်မရသေးဘဲ ရန်ကုန်တွင် ခြောက်နှစ်ခန့် ခြေချုပ်နှင့်နေ ခဲ့ရပါတယ်။
ထောင်ကထွက်လာပြီး ဦးခန်းက နိုင်ငံရေးနဲ့လုံးဝ ကင်းရှင်းအောင် နေခဲ့ပေမယ့်လို့ ၁၉၈၈ ခုနှစ်နိုင်ငံတစ်ဝန်း ဒီမိုကရေစီ တောင်းဆိုတဲ့ လူထုအုံကြွမှု ဖြစ်ပွားစဉ်မှာ ရက်အတန်ကြာ ထိန်းသိမ်းခံခဲ့ရတယ်လို့ ဆိုပါတယ်။
သားသမီးလေးဦးရှိပြီး မြေး ၁၁ ဦး၊ မြစ် ၇ ဦးတို့ ကျန်ရစ်ကြောင်းသိရှိရပါတယ်။
အစ္စလာမ်ဘာသာဝင်တစ်ဦးဖြစ်တဲ့ ကွယ်လွန်သူ ဦးခန်းကို ယနေ့ နေ့လည်ပိုင်းတွင် တောင်ကြီးမြို့တို်င်းရင်းသားပေါင်းစုံ စွန္နီမွတ်စလင်မ် သုဿန်သို့ ပို့ဆောင် မြှုပ်နှံ သင်္ဂြိုဟ်မည်ဖြစ်ကြောင်းသိရှိရပါတယ်။
Bio ref and photo Credit- ဧရာဝတီ၊ 7Days
.
ဆက်စပ်သတင်းများ ဖတ်ရန်
——————————
ဦးခန်း သို့မဟုတ် တောင်ကြီးမှ ပင်လုံဆီ ဗိုလ်ချုပ်နှင့်အတူ
http://www.m-mediagroup.com/news/40930
.
ဗိုလ်ချုပ်အောင်ဆန်း သူငယ်ချင်းတစ်ဦးဖြစ်သည့် တောင်ကြီးသားဦးခန်း အသက်၁၀၀ ပြည့်ပြီ
http://www.m-mediagroup.com/news/39128
.
သက်ရှိ ပင်လုံမှတ်တမ်း
http://www.m-mediagroup.com/news/32147",3.0,1.0,2.0,3.0,5.0,"The text is a biographical news report about a historical figure in Myanmar. It provides educational value regarding 20th-century Burmese history and the Panglong Agreement. It is written in natural, authentic Burmese, reflecting local cultural and religious contexts, though it functions primarily as a factual obituary rather than an analytical piece."
<urn:uuid:0e391104-1230-4471-ac43-250eed63797e>,"ရခိုင်သမိုင်းကျောက်စာ သင်တန်းဖွင့်ပွဲ အခမ်းအနားတစ်ခုကို ရခိုင်ပြည်နယ် စစ်တွေမြို့တွင် ဇွန်လ ၂၉ ရက်နေ့ ကျင်းပ ပြုလုပ်ခဲ့သည်။
၎င်းအခမ်းအနားအား အဆိုပါနေ့ နေ့လည် (၁၂) နာရီ အချိန်တွင် ဂြစ်ဘက်ကျောင်းရှိ ဓမ္မာရုံတွင် ကျင်းပခဲ့ရာ သာကီမဏ္ဍိုင် စာပီဝိုင်း အဖွဲ့ ဝင်များဖြစ်သည့် ဦးမောင်သိန်းထွန်း ၊ ဦးသိန်းလွင် ၊ ဦးအောင်လှသိန်းနှင့် ဦးကျော်ဇံမောင်တို့ အပါအ၀င် ရခိုင်သမိုင်းကို စိတ်ဝင်စားသူ လူပေါင်း(၄၀) နီးပါး တက်ရောက်ခဲ့သည်။
သင်တန်းဖွင့်ပွဲတွင် သာကီမဏ္ဍိုင် သဘာပတိ နာယက ဦးမောင်သိန်းထွန်းက အဖွင့်မှာစကား ယခုကဲ့သို့ ပြောကြားသည်။
“ ကျွန်တော်တို့ ရဲ့ အခုအစီအစဉ်ဟာ သာကီမဏ္ဍိုင်စာပီဝိုင်း ခြေလှမ်းဟာ တတိယ အကြိမ်မြောက် ခြေလှမ်းဖြစ်ပါတယ်။ ပထမဦးဆုံး အကြိမ်နဲ့ ဒုတိယအကြိမ် ကျနော်တိ်ု့ ရှေးဟောင်း သမိုင်းဝင်ဘုရားများနဲ့ ပတ်သက်ပြီး ဆောင်ရွက်ခဲ့တာ ဖြစ်ပါတယ်။ အခု တစ်ကြိမ်မှာတော့ ရခိုင်သမိုင်း သုတေသီ ဆရာဦးအောင်လှသိန်းနဲ့ ဆရာ ဦးကျော်ဇံမောင်တို့  ဦးစီးပြီး ရခိုင်သမိုင်း နဲ့ ရခိုင်ကျောက်စာသင်တန်းကို ရခိုင်လူငယ်လေးတွေကို သမိုင်း လက်ဆင့်ကမ်း အနေနဲ့ ဆောင်ရွက်နေတာ ဖြစ်ပါတယ်” ဟု ဆိုသည်။
၎င်းပြင် ဦးမောင်သိန်းထွန်းက ကိုယ့်သမိုင်းကို မသိရင် စကားမပြောတတ်သော လူနှင့် တူသည်ဟု ဆိုသည်။
“ လူရယ်လို့ ဖြစ်လာရင် ကိုယ့်သမိုင်းကို ကိုယ်သိရမယ်။ ကိုသမိုင်းကို ကိုယ်မသိရင် စကားမပြောတတ်တဲ့ ‘အ’ နေတဲ့ သူနဲ့ တူတယ်။ ဒီအတွက်ကြောင့် ရခိုင် သမိုင်း ပညာရှင်တွေပြောသလို့ ရခိုင်သမိုင်းကို ရခိုင်သူ ရခိုင်သားတိုင်း သိဖို့  လို့ အပ်ပါတယ်။ ကျောက်စာပညာနဲ့ ရခိုင်မျိုးရဲ့သမိုင်းကိုလည်း သိထားဖို့ လို့ အပ်ပါတယ်” ဟု ဆိုသည်။
ယင်းပြင် ဦးမောင်သိန်းထွန်းက “ လက်တွဲပြီးတော့ အကြံကောင်း ဥာဏ်ကောင်းများ ပေးကြပါ၊ လူဆိုတာ အားနည်းချက်အားသာချက်ဆိုတာရှိကြပါတယ်၊ လိုအပ်ချက်တွေက ရှိစမြဲပါ၊ မပြည့်စုံတာကို ပြည့်စုံအောင်ဖြည့်စွက်ပေးကြပါလို့ ပြောကြားချင်ပါတယ် “ ဟု ပြောကြားခဲ့သည်။
အဆိုပါ ရခိုင်သမိုင်း ကျောက်စာ သင်တန်းကို တစ်ပတ်တွင် လေးရက်စီ သင်ကြားပေးသွားမည့် ဖြစ်ကြောင်း သင်တန်းသူ တစ်ဦးမှ နိရဉ္စရာသို့  ပြော ကြားခဲ့သည်။
(သတင်းအရင်းအမြစ်- နိရဉ္စရာသတင်းဌာန)",3.0,2.0,2.0,5.0,5.0,"The document is a well-structured news report about a local history workshop in Rakhine State. It provides educational value regarding cultural preservation, uses natural Burmese phrasing with local context, and is free of noise or formatting issues. It requires basic general knowledge to comprehend and contains simple, direct reasoning regarding the importance of history."
<urn:uuid:b072567b-2496-45ad-b546-9af4124f15d0>,"ဝက်သားလုံးကြော်က အိသက်အကြိုက် ၊ သားတွေ သမီးတွေ လဲကြိုက်တဲ့အစာ၊ သမီးလေးက အသားကျွေးလို့ မရတတ်ဘူး၊ ဒါပေမဲ့ ဒါလေးဆိုရင် ဘောလုံးကြော်ဆိုပြီးစားတယ်။ ခဏ ခဏစားဖြစ်တယ်။
ဘိတ်ချဉ်က အိသက်အမေရဲ့အကြိုက်ဆုံးအချဉ်၊ ကိုယ်တိုင်လဲအရမ်းကြိုက်တယ်။ အချဉ်လုပ်နည်းလေးအရင် ရေးလိုက်မယ်နော်။ လွယ်လွယ်လေးပါနော်။
-တရုတ်ငံပြာရည်(soy sauce)စားပွဲတင်ဇွန်း ၇ ဇွန်း
-သကြား စားပွဲတင်ဇွန်းတဝက်
– ငရုတ်သီးစိမ်းစိတ်
-ကြက်သွန်ဖြူစိတ် ၊
-နံနံပင်ဓါးနုတ်ပေါက် ၊
– ကြက်သားမှုန့် စားပွဲတင်ဇွန်းတဝက်
-သံပရာရည်နဲနဲ စားပွဲတင်ဇွန်းတဝက်
– နှမ်းဆီ၂စက်
အဲဒါတွေအားလုံးရောလိုက်ရင်ရပါပြီ။
ဝက်သားလုံးကြော်နည်း
ဝက်သားလုံးကြော်နည်း
-ဝက်သား ၅၀၀ ဂရမ်
-ကော်မှုန့်စားပွဲတင်ဇွန်း ၂ဇွန်း
– ဂျင်းpaste စားပွဲတင်ဇွန်း ၁ဇွန်း
-ကြက်သားမှုန့်စားပွဲတင်ဇွန်း ၁ဇွန်း
-ကြက်ဥ ၁ လုံး
အဆာပလာတွေအားလုံးကို ရောလုံးထားပါ။
ကော်မှုန့် နဲ့ ကြက်ဥ ထဲ့ရတာက စားတဲ့အခါ အသားအရမ်းကျစ် မနေပဲ အပြင် ကျွတ်ပြီး အထဲမှာ အိနေအောင်လို့ပါနော်၊
ပြီးရင် ဝက်သားလုံးလေးတွေဆီပူထဲ ကြော်ပြီး နီလာပြီဆိုရင် ပူပူလေးကို ဘိတ်ချဉ်လေးနဲ့တို့စားလို့ရပါပြီ။",2.0,1.0,1.0,4.0,5.0,"The text is a casual, authentic Burmese recipe blog post. It provides practical culinary instructions (educational) with simple logical steps (reasoning). It is highly accessible (professionalism) and written in natural, colloquial Burmese with local cultural context regarding family meals and dipping sauces, though it lacks formal structure."
<urn:uuid:187a7b30-f725-4bb8-a862-b653782ba0d5>,"Zawgyi
အနုပညာရှင်တွေနဲ့ ကရင်လက်နက်ကိုင်အဖွဲ့အစည်းဖြစ်တဲ့ KNU တို့က ပူးပေါင်းသွားပြီဆိုတဲ့အပေါ် ဖြေရှင်းလာတဲ့ မင်းမော်ကွန်း
နိုင်ငံကျော် အနုပညာရှင်တွေ ဖြစ်ကြတဲ့ လူမင်း၊ မင်းမော်ကွန်း၊ ဇင်ဝိုင်း၊ ကိုပေါက်၊ ပြေတီဦး၊ အိန္ဒြာကျော်ဇင် စတဲ့ အနုပညာရှင်တွေ ကတော့ ထိန်းသိမ်းခံ ထားရတဲ့ သမ္မတကြီး ဦးဝင်းမြင့်နဲ့ နိုင်ငံတော် အတိုင်ပင်ခံပုဂ္ဂိုလ် ဒေါ်အောင်ဆန်းစုကြည်တို့ကို
အမြန်ဆုံး ပြန်လွှတ်ပေးဖို့နဲ့ ဒီမိုကရေစီရရှိဖို့ ပြည်သူလူထုနဲ့ ပါဝင်တောင်းဆို နေကြတာပဲ ဖြစ်ပါတယ်။ ဒီကနေ့မှာတော့ အနုပညာရှင်တွေနဲ့ ကရင် လက်နက်ကိုင်အဖွဲ့အစည်းဖြစ်တဲ့ KNU တို့က ပူးပေါင်းသွားပြီဆိုပြီး ကောလဟာလတွေ ထွက်ရှိေ နတာဖြစ်ပြီး
ထိုအကြောင်းအရာနဲ့ ပက်သတ်ပြီး မင်းမော်ကွန်းက အခုလိုပဲ ပြောလာပါတယ်။ “ဒါလုံးဝ မဟုတ်ပါဘူး။ ကျွန်တော်တို့မနေ့က၁၂နာရီ ရုပ်ရှင်အစည်းအရုံးရှေ့မှာ ဗိုလ်ချုပ်ကို အလေးပြုနေတဲ့အချိန် သူတို့အတင်း လာဝင်ရောတာပါ။ အစစ်အတုလည်း မသိပါဘူး။
စစ်ကြောင်းထွက်ရင် လိုက်မယ်ဆိုလို့တောင် ထပ်မထွက်ပဲလူစုခွဲပြန်လာတာပါ။ သူတို့ပြောတာတော့ ဖမ်းဆီးခံရသူတွေကို လိုက်ထုတ်ပေးနေတဲ့အဖွဲ့လို့ပြောပါတယ်။ ပူးပေါင်းတယ် ဆိုတာ လုံးဝမဟုတ်ပါ။ မနေ့ကမှတွေ့ဖူးတာပါ။ လုံးဝ မဟုတ်ပါဘူးနော်။ ဒါသက်သက် သပ်လျှိသွေးခွဲတာပါ။
ရှယ်ပေးကြပါ။ (ဒါခုမှသိရလို့ထပ်ဖြည့်ရေးလိုက်တာပါသူတို့က အတုဆိုတာ သေချာပါတယ် တဲ့ခင်မျာ KNU လည်း မဟုတ်ပါဘူးတဲ့ခင်မျာ သတိထားပါ။ မျိုးစုံယုတ်မာနေကြပါတယ်)”ဆိုပြီး သူ့ရဲ့ ဖေ့စ်ဘုတ်စာမျက်နှာမှာ ရှင်းလင်းလာပါတယ်။
မင်းမော်ကွန်း နဲ့တကွ အနုပညာရှင်တွေ ကတော့ အခုလို ဒီမိုကရေစီရရှိရေး အတွက် ငြိမ်းချမ်းစွာ ဆန္ဒဖော်ထုတ်နေစဉ်မှာ အမျိုးမျိုးသော သွေးထိုး လှုံ့ဆော်မှုတွေနဲ့ ကြုံဆုံနေရတာပဲ ဖြစ်ပါတယ်။
ပရိသတ်ကြီး ကလည်း သတင်းတိုင်းကို ချင့်ချိန်ပြီးမှ ယုံကြည်ကြဖို့ ပြောပါရစေနော်။ ဖတ်ရှုပေးကြတဲ့ ပရိသတ်ကြီး အားလုံး သာယာပျော်ရွှင်တဲ့ နေ့လေး တစ်နေ့ကို ပိုင်ဆိုင်နိုင်ကြပါစေလို့ ဆုတောင်းပေး လိုက္ပါတယ်နော်။
Source: Kyaw Kyaw Htay Lwin’s fb
Credit– Cele Connections
Unicode
အနုပညာရှငျတှနေဲ့ ကရငျလကျနကျကိုငျအဖှဲ့အစညျးဖွဈတဲ့ KNU တို့က ပူးပေါငျးသှားပွီဆိုတဲ့အပျေါ ဖွရှေငျးလာတဲ့ မငျးမျောကှနျး
နိုငျငံကြျော အနုပညာရှငျတှေ ဖွဈကွတဲ့ လူမငျး၊ မငျးမျောကှနျး၊ ဇငျဝိုငျး၊ ကိုပေါကျ၊ ပွတေီဦး၊ အိန်ဒွာကြျောဇငျ စတဲ့ အနုပညာရှငျတှေ ကတော့ ထိနျးသိမျးခံ ထားရတဲ့ သမ်မတကွီး ဦးဝငျးမွငျ့နဲ့ နိုငျငံတျော အတိုငျပငျခံပုဂ်ဂိုလျ ဒျေါအောငျဆနျးစုကွညျတို့ကို အမွနျဆုံး ပွနျလှတျပေးဖို့နဲ့
ဒီမိုကရစေီရရှိဖို့ ပွညျသူလူထုနဲ့ ပါဝငျတောငျးဆို နကွေတာပဲ ဖွဈပါတယျ။ ဒီကနမှေ့ာတော့ အနုပညာရှငျတှနေဲ့ ကရငျ လကျနကျကိုငျအဖှဲ့အစညျးဖွဈတဲ့ KNU တို့က ပူးပေါငျးသှားပွီဆိုပွီး ကောလဟာလတှေ ထှကျရှိေ နတာဖွဈပွီး ထိုအကွောငျးအရာနဲ့ ပကျသတျပွီး မငျးမျောကှနျးက အခုလိုပဲ ပွောလာပါတယျ။
“ဒါလုံးဝ မဟုတျပါဘူး။ ကြှနျတျောတို့မနကေ့၁၂နာရီ ရုပျရှငျအစညျးအရုံးရှမှေ့ာ ဗိုလျခြုပျကို အလေးပွုနတေဲ့အခြိနျ သူတို့အတငျး လာဝငျရောတာပါ။ အစဈအတုလညျး မသိပါဘူး။ စဈကွောငျးထှကျရငျ လိုကျမယျဆိုလို့တောငျ ထပျမထှကျပဲလူစုခှဲပွနျလာတာပါ။ သူတို့ပွောတာတော့
ဖမျးဆီးခံရသူတှကေို လိုကျထုတျပေးနတေဲ့အဖှဲ့လို့ပွောပါတယျ။ ပူးပေါငျးတယျ ဆိုတာ လုံးဝမဟုတျပါ။ မနကေ့မှတှဖေူ့းတာပါ။ လုံးဝ မဟုတျပါဘူးနျော။ ဒါသကျသကျ သပျလြှိသှေးခှဲတာပါ။ ရှယျပေးကွပါ။ (ဒါခုမှသိရလို့ထပျဖွညျ့ရေးလိုကျတာပါသူတို့က အတုဆိုတာ သခြောပါတယျ တဲ့ခငျမြာ KNU လညျး မဟုတျပါဘူးတဲ့ခငျမြာ သတိထားပါ။
မြိုးစုံယုတျမာနကွေပါတယျ)”ဆိုပွီး သူ့ရဲ့ ဖစျေ့ဘုတျစာမကျြနှာမှာ ရှငျးလငျးလာပါတယျ။ မငျးမျောကှနျး နဲ့တကှ အနုပညာရှငျတှေ ကတော့ အခုလို ဒီမိုကရစေီရရှိရေး အတှကျ ငွိမျးခမျြးစှာ ဆန်ဒဖျောထုတျနစေဉျမှာ အမြိုးမြိုးသော သှေးထိုး
လှုံ့ဆျောမှုတှနေဲ့ ကွုံဆုံနရေတာပဲ ဖွဈပါတယျ။ ပရိသတျကွီး ကလညျး သတငျးတိုငျးကို ခငျြ့ခြိနျပွီးမှ ယုံကွညျကွဖို့ ပွောပါရစနေျော။ ဖတျရှုပေးကွတဲ့ ပရိသတျကွီး အားလုံး သာယာပြျောရှငျတဲ့ နလေ့ေး တဈနကေို့ ပိုငျဆိုငျနိုငျကွပါစလေို့ ဆုတောငျးပေး လိုက်ပါတယျနျော။
Source: Kyaw Kyaw Htay Lwin’s fb
Credit– Cele Connections",1.0,2.0,2.0,3.0,5.0,"The text is a news report about a celebrity clarifying rumors. It provides basic information about current events but lacks deep educational or analytical value. It is written in natural, authentic Burmese, reflecting local political context and social media discourse. The inclusion of both Zawgyi and Unicode versions is a common, albeit redundant, formatting practice in Burmese digital media."
<urn:uuid:41b4ed6e-8cb0-45fd-934a-fc81bc3f8a75>,"အနာအဆာပါတိုငျး တနျဖိုးမဲ့တယျဆိုရငျ( ဖတျကွညျ့ပါ အရမျးကောငျးတယျ )
အနာအဆာပါတိုငျး တနျဖိုးမဲ့တယျဆိုရငျဆနျထဲ ကွှကျခြေးပါလာရငျဆနျအကုနျလုံးကိုသှနျပဈမယျ့အစား ကွှကျခြေးကို
ဖယျစားသငျ့တယျအနာပါတဲ့ငှကျပြောသီးတဈလုံးကဆာလောငျငတျမှတျနသေူအဖို့ကတော့အနာဖယျပီးစားတတျရငျ အာဟာရဖွဈမယျ။
ထို့အတူပါပဲ လူ့လောကမှာလူလူခငျြးပေါငျးသငျးဆကျဆံရေးမှာအားနညျးခကျြရှိသူအခငျြးခငျြး အပွဈအနာအဆာတှကေိုအပွနျအလှနျဖေးမတညျ့မတျရငျးအနာအဆာကိုဖယျပီးပေါငျးသငျးတတျသှားရငျအမွငျကယျြပီး ရငျ့ကကျြတဲ့ လူတှဖွေဈလာမှာပါ။
အမွငျမတူပမေယျ့ နှလုံးသားတူရငျသှေးမတျောသားမစပျသူစိမျးတှတေောငျလငျနှငျ့မယားဆိုတာဖွဈလာကွသေးတာပါပဲ။
လောကမှာ တူညီတဲ့အရာတှပေဲတဈသားတညျးဖွဈအောငျပေါငျးစညျးလို့ရနတော မဟုတျပါဘူးဆနျ့ကငျြဘကျ မတူညီတဲ့ အရာတှကေိုခှဲမရအောငျပေါငျးစညျး ၊လိငျမတူတိုငျး ၊ခံယူခကျြမတူတိုငျးရနျသူဖွဈမသှားပါဘူးအဓိက လိုအပျနတောကအတ်တနညျးပီး ကိုယျခငျြးစာစိတျရှိရငျကမ်ဘာကွီးက ရှာကွီးပါပဲ။
Credit
zawgyi
အနာအဆာပါတိုင်း တန်ဖိုးမဲ့တယ်ဆိုရင်( ဖတ်ကြည့်ပါ အရမ်းကောင်းတယ် )
အနာအဆာပါတိုင်း တန်ဖိုးမဲ့တယ်ဆိုရင်ဆန်ထဲ ကြွက်ချေးပါလာရင်ဆန်အကုန်လုံးကိုသွန်ပစ်မယ့်အစား ကြွက်ချေးကို
ဖယ်စားသင့်တယ်အနာပါတဲ့ငှက်ပျောသီးတစ်လုံးကဆာလောင်ငတ်မွတ်နေသူအဖို့ကတော့အနာဖယ်ပီးစားတတ်ရင် အာဟာရဖြစ်မယ်။
ထို့အတူပါပဲ လူ့လောကမှာလူလူချင်းပေါင်းသင်းဆက်ဆံရေးမှာအားနည်းချက်ရှိသူအချင်းချင်း အပြစ်အနာအဆာတွေကိုအပြန်အလှန်ဖေးမတည့်မတ်ရင်းအနာအဆာကိုဖယ်ပီးပေါင်းသင်းတတ်သွားရင်အမြင်ကျယ်ပီး ရင့်ကျက်တဲ့ လူတွေဖြစ်လာမှာပါ။
အမြင်မတူပေမယ့် နှလုံးသားတူရင်သွေးမတော်သားမစပ်သူစိမ်းတွေတောင်လင်နှင့်မယားဆိုတာဖြစ်လာကြသေးတာပါပဲ။
လောကမှာ တူညီတဲ့အရာတွေပဲတစ်သားတည်းဖြစ်အောင်ပေါင်းစည်းလို့ရနေတာ မဟုတ်ပါဘူးဆန့်ကျင်ဘက် မတူညီတဲ့ အရာတွေကိုခွဲမရအောင်ပေါင်းစည်းထားတာတွေအများကြီးရှိနေပါတယ်။
အမြင်မတူတိုင်း ၊ ခံစားချက်မတူတိုင်း ၊လိင်မတူတိုင်း ၊ခံယူချက်မတူတိုင်းရန်သူဖြစ်မသွားပါဘူးအဓိက လိုအပ်နေတာကအတ္တနည်းပီး ကိုယ်ချင်းစာစိတ်ရှိရင်ကမ္ဘာကြီးက ရွာကြီးပါပဲ။
Credi",3.0,2.0,1.0,2.0,5.0,"The text offers moral and social guidance suitable for general education. It uses simple analogies to explain complex human relationships. While the content is repetitive due to the inclusion of both Zawgyi and Unicode versions, the language is natural, culturally authentic, and reflects Burmese social values regarding empathy and tolerance."
<urn:uuid:61605d38-fbf1-4618-a3c2-1a298eb5b718>,"ကံကြမ္မာပစ်ချလိုက်ပုံက
ရမ်းကားသလောက် ရက်စက်ခဲ့ပေမယ့်
မင်းကို ယုယထွေးပိုက်ဖို့
မင်းကို ထွန်းညှိလင်းလက်ဖို့
ဟောဒီ့မှာ
အလင်းပျိုးတဲ့လက်တွေ စောင့်နေတယ် ။
ကလေးရေ
ဘယ်ကြယ်စင်ကိုမဆို
မင်းဆွတ်ယူခွင့်ရှိတယ်ကွယ့်
ဘ၀တောကြီးမျက်မည်းမှာ
လောကဓံဆိုတာ
အကြမ်းခံတောစီးဖိနပ်တစ်ရံပါကွာ.....
မင်းရဲ့ သတ္တိက
မင်းအတွက် ဆောင်ဓါး
မင်းရဲ့ ခွန်အားက
မင်းအတွက်လေးညှို့တစ်စုံပေ့ါ
ခုတ်ထွင်လိုက် ရှုင်းလင်းလိုက်
လိုအပ်ရင် ရင်ဆိုင်ရဦးမယ့်
အန္တရယ်အသွယ်သွယ်အတွက်
မင်း....အဆင်သင့်ပြင်ထားလိုက်..
ကလေးရေ..
အားမာန်အပြည့် လျှောက်လှမ်းရဦးမယ့်
မိုင်ထောင်ချီ ခရီးရှည်ကြီးအစ
ပထမမြောက် မင်းရဲ့ခြေလှမ်းဟာ
""သုခရိပ်မြုံ "" က တာထွက်လာပြီလေ..
မင်း..ရဲရင့်ပါ
မင်း..ယုံကြည်ပါ
မင်း..ဇွဲသန်ပါ
မင်းဟာ..အရာရာပါ.. ကလေးရဲ့..
လှမ်းမျှော်ကြည့်လိုက်စမ်း
ဟောဟို့..ကောင်းကင်ထက်ဆီက
လင်းလက်ရွှန်းပနေသမျှ
ဘယ်ကြယ်စင်ကိုမဆို..
မင်း လည်း ဆွတ်ယူခွင့်ရှိတယ်လေ..။
အိန္ဒြာ
အိတ်ခ်ျအိုင်ဗွီ အေအိုင်ဒီအက်စ် ကူးစက်ခံ ကလေးသူငယ်များအတွက်
၂၀ ရက် ဒီဇင်ဘာလ ၂၀၀၉ အင်ယားကန်စောင်း စိမ်းလန်းစိုပြေဥယျာဉ်မှာ
DOI ( Dream Of Inferior Poretry Club) မှ ကဗျာဆရာလူငယ်တွေစုစည်းပြီး..
အလင်းပျိုးမယ့်လက်ဆိုတဲ့ စာနာမှု ကဗျာရွှတ်ပွဲလေးတစ်ခု စီစဉ်ကျင်းပခဲ့ကြပါတယ်။
စုစုပေါင်း ကဗျာ(၁၃)ပုဒ် ရွတ်ဆိုကြပြီး ကဗျာချစ်သူများပါ ပါဝင်နိုင်တဲ့
ပါဖောင့်မန့်အတ် ကဗျာကိုလည်း စုစည်းရေးစပ်ခဲ့ကြတယ်…
HIV .. သရုပ်ဖော်.. ပြကွက် တစ်ခုကို ပါဝင်ပြသခဲ့တယ်လို့သိရပါတယ်။
ရရှိတဲ့ အလှူငွေတွေကို သုခရိပ်မြုံ HIV ကူးစက်ခံမိဘမဲ့ကလေးများဂေဟာကို လှူဒါန်းကြမယ်လို့
သာဓုခေါ်ကြည်နူးဝမ်းမြောက် မုဒိတာပွားဖွယ်ရာကြားသိရပါတယ်။
အဲဒီ့ကဗျာရွတ်ပွဲမှာ မင်းယွန်းသစ်က ဒီကဗျာလေးကို ရွတ်ဆိုခဲ့ပါတယ်။
၂၀ ရက် ဒီဇင်ဘာလ ၂၀၀၉ အင်ယားကန်စောင်း စိမ်းလန်းစိုပြေဥယျာဉ်မှာ
DOI ( Dream Of Inferior Poretry Club) မှ ကဗျာဆရာလူငယ်တွေစုစည်းပြီး..
အလင်းပျိုးမယ့်လက်ဆိုတဲ့ စာနာမှု ကဗျာရွှတ်ပွဲလေးတစ်ခု စီစဉ်ကျင်းပခဲ့ကြပါတယ်။
စုစုပေါင်း ကဗျာ(၁၃)ပုဒ် ရွတ်ဆိုကြပြီး ကဗျာချစ်သူများပါ ပါဝင်နိုင်တဲ့
ပါဖောင့်မန့်အတ် ကဗျာကိုလည်း စုစည်းရေးစပ်ခဲ့ကြတယ်…
HIV .. သရုပ်ဖော်.. ပြကွက် တစ်ခုကို ပါဝင်ပြသခဲ့တယ်လို့သိရပါတယ်။
ရရှိတဲ့ အလှူငွေတွေကို သုခရိပ်မြုံ HIV ကူးစက်ခံမိဘမဲ့ကလေးများဂေဟာကို လှူဒါန်းကြမယ်လို့
သာဓုခေါ်ကြည်နူးဝမ်းမြောက် မုဒိတာပွားဖွယ်ရာကြားသိရပါတယ်။
အဲဒီ့ကဗျာရွတ်ပွဲမှာ မင်းယွန်းသစ်က ဒီကဗျာလေးကို ရွတ်ဆိုခဲ့ပါတယ်။",2.0,1.0,1.0,2.0,5.0,"The text is a poem followed by a report on a charity event for HIV-affected children. It is culturally authentic and emotionally resonant in Burmese. However, it contains significant repetition of the report section, which lowers the cleanliness score. It offers inspiration rather than structured educational or complex reasoning content."
<urn:uuid:5dfa902a-7b72-4029-8bc9-5fc42009f2d4>,"စစ်တပ်နဲ့ အပြိုင် လယ်ထွန်တဲ့ လယ်သမားတချို့ အဖမ်းခံခဲ့ရ
ရခိုင်ပြည်နယ် ကျောက်တော် မြို့နယ်မှာ စစ်တပ်က သိမ်းထားတဲ့ လယ်တွေပေါ်မှာ စစ်တပ်ကရော ရွာသားတွေကပါ အပြိုင် တက် လယ်ထွန်ကြရာကနေ ပြဿနာ တင်းမာလာတဲ့ အတွက် ရခိုင်ပြည်နယ်က ဝန်ကြီးတွေ လာရောက် ဖြေရှင်းခဲ့ရပါတယ်။
ကျောက်တော်မြို့နယ် အုတ်တောင်ပြင်နဲ့ ပြိန်းချောင်း ရွာ လယ်သမားတွေဆီက စစ်တပ်က သိမ်းထားတဲ့ လယ်ဧက ၁၃၂ ဧကကို စစ်တပ် ကရော လယ်သမားတွေ ကပါ အပြိုင် လယ်တက်ထွန်ကြတဲ့ အတွက် ပြဿနာ တင်းမာ လာတာကြောင့် ရခိုင်ပြည်နယ်က လျှပ်စစ် ဝန်ကြီး ဦးသာလူချေနဲ့ နောက်ဝန်ကြီး တစ်ဦးအပါအဝင် ခရိုင် မြို့နယ် အဆင့် အရာရှိတွေ ကိုယ်တိုင် သွားရောက်ပြီး ပြဿနာကို ဒီကနေ့မှာ ဖြေရှင်းခဲ့ရတယ်လို့ သိရပါတယ်။
အခု လယ်တက်ထွန်တဲ့ လယ်သမား ၂၈ ဦးထဲက ၁၈ ဦးကိုတော့ ခမရ ၅၃၉ တပ်ရင်းက ရဲစခန်းမှာ အမူဖွင့် တရားစွဲလိုက်ပြီ ဖြစ်တယ်လို့ ကြားသိ ရကြောင်း လယ်သမားတွေက ပြောပါတယ်။
ဒါပေမယ့်လည်း သူတို့မှာ တစ်ခြား လုပ်ကိုင် စားသောက်စရာ အသက်မွေး ဝမ်းကျောင်း အလုပ် မရှိတဲ့ အတွက် အရေးယူခံရမှာကို ကြောက်ပေမယ့် လယ်တွေကို ဆက်လက် ထွန်သွားမယ်လို့ ပြောပါတယ်။
လယ်သမားတွေဟာ တနင်္လာနေ့ မနက်ထိ လယ်တွေပေါ်မှာ စစ်သားတွေနဲ့ အပြိုင် ထွန်ယက်ခဲ့ကြတယ်လို့ ပြောပါတယ်။
ဒီကနေ့ ပြဿနာကို သွားရောက် စစ်ဆေးရာမှာ ပါဝင်ခဲ့တဲ့ လျှပ်စစ် ဝန်ကြီး ဦးသာလူချေကတော့ လယ်မြေတွေကို လယ်သမားတွေ ပိုင်ဆိုင်ခဲ့တာ မှန်ပေမယ့် အခုအခါ စစ်တပ်လက်ထဲ တရားဝင် ရောက်ရှိသွားပြီ ဖြစ်တဲ့ အတွက် လယ်မြေ တွေ ပြန်ရရေးကို ဥပဒေအတွင်းကသာ ဆက်လက် ကြိုးစားသင့်တယ်လို့ ပြောပါတယ်။
ဒီလယ်မြေတွေဟာ ၂၀၁၀ ခုနှစ် အတွင်း အောက်တိုဘာလက ပြည်ထဲရေး ဝန်ကြီးဟောင်း ဦးမောင်ဦး အမိန့်နဲ့ သိမ်းယူသွားတဲ့ လယ်မြေတွေ ဖြစ်တယ်လို့ သိရပါတယ်။
ခုလို စစ်တပ်က သိမ်းထားတဲ့ လယ်မြေတွေပေါ်မှာ လယ်တက်ထွန်တဲ့ အတွက် မင်းပြားမြို့နယ် ပုလဲပေါက် ကျေးရွာနဲ့ ရသေ့တောင်မြို့နယ် နေပူခံ၊ ကောင်းရီချောင်း ကျေးရွာတွေက လယ်သမားတွေ အများအပြားလည်း တရားစွဲခံထားကြရပြီး အမှု ရင်ဆိုင်နေကြရတယ်လို့ သိရပါတယ်။",2.0,2.0,2.0,5.0,5.0,"The text is a well-written, objective news report about land disputes in Rakhine State. It provides clear factual reporting on a socio-political issue, uses natural Burmese phrasing, and maintains a professional tone. It lacks complex reasoning or deep academic analysis, serving primarily as a journalistic account of local events."
<urn:uuid:9170acd8-bb4b-4ff7-8c81-7f41c3b982d6>,"အလှူတော်မင်္ဂလာ ဖိတ်ကြားလွာ
ဓမ္မအလင်းအသင်းသားများ(DMLFC)၏ မိဘများကို အမှူးထား၍ အန်ဆန်းမြို့ သန္တိကရဝိဟာရ၌ ကျောင်းဝေယျာဝစ္စအတွက် လစဉ်လှူဒါန်းခဲ့ကြ၊ လှူဒါန်းနေကြဆဲဖြစ်သော ကုသိုလ်အစုစုကို ရေစက်ချ အမျပေးဝေပွဲအခမ်းအနားကို ပြုလုပ်လိုပါသဖြင့် သံဃာတော်အရှင်သူမြတ်များအား အရုဏ်ဆွမ်း နေ့ဆွမ်းဆက်ကပ်ပြီး ထပ်မံကုသိုလ်ယူမည်ဖြစ်ပါသည်။
သို့ပါ၍ သူငယ်ချင်းများအားလုံး လာရောက်၍ ဓမ္မအလင်းအသင်းသားများ၏ ကုသိုလ်အဖို့ကို သာဓုခေါ်ဆို အမျယူရင်း အရသာရှိသောအာဟာရများကို လာရောက်သုံးဆောင်ကြပါရန် ခင်မင်လေးစားစွာဖြင့် ဖိတ်ကြားအပ်ပါသည်။
ခင်မင်လေးစားမှုဖြင့်
ဓမ္မအလင်းအသင်းသားများ
(DMLFC)
အစီအစဉ်
နေ့ရက် - ( ၁၇, ၈, ၂၀၁၄ ) တနင်္ဂနွေနေ့
တရားနာယူချိန် - မနက် (၁၀း၀၀) နာရီ
နေရာ - သန္တိကရဝိဟာရ၊ အန်ဆန်းမြို့
ဧည့်ခံမှု - အရသာရှိသော ဒံပေါက်",1.0,1.0,1.0,5.0,5.0,"The document is a formal invitation to a Buddhist merit-sharing ceremony. It is culturally authentic, using appropriate honorifics and terminology. While it lacks educational or complex reasoning content, it is clean, well-structured, and reflects genuine Burmese social and religious practices."
<urn:uuid:aeeb4f6d-21ac-423e-8c83-7b74680ef9b2>,"ရေဦးမြို့နယ်အတွင်းက မိုင်တဲလ်တာဝါတိုင်နှစ်ခု ဖျက်ဆီးခံရ
စစ်ကိုင်းတိုင်းဒေသကြီး၊ ရေဦးမြိုနယ်အတွင်းက မိုင်တဲလ်တာဝါတိုင်နှစ်ခု စက်တင်ဘာ ၉ ရက်နေ့ည ၉ နာရီလောက်က တပြိုင်တည်း ဖျက်ဆီးခံခဲ့ရတယ်လို့ ဒေသခံတွေက ပြောပါတယ်။
ရေဦးမြို့နယ် အင်တောအုပ်စု ဆပ်သေကျေးရွာ နဲ့ ဝသဲအုပ်စု မီးမောင်းကုန်းကျေးရွာရှိ မိုင်တဲလ်တာဝါတိုင် နှစ်ခု ဖျက်ဆီးခံရတာလို့ ဆိုပါတယ်။
ဒေသခံတဦးက “ဘယ်အဖွဲ့အစည်းကမှန်းလည်းမသိဘူး။ ဒေသခံတွေကတော့ မဟုတ်ဘူးဆိုတာကတော့ သေချာတယ်။ သူတိုစကားပြောသံတွေကြားရတယ်။ ကိုယ်ရွာသားတွေဆိုရင် ရုပ်မမြင်ရတောင် အသံကြားရတာနဲ့ ဒီအသံ ဘယ်သူဖြစ်နိုင်တယ်ဆိုတာ မှန်းလို့ရတယ်လေ။ အခုဟာကတော့ သိလည်းမသိဘူး။ သွားလည်းမကြည့်ရဲဘူး။ ဒီလိုအဖျက်ဆီးခံရလို့ စစ်ကောင်စီတပ်တွေလာပြီး ကျနော်တို့ဒေသခံတွေ ဖမ်းဆီးနှိပ်ဆက်ခံရမှာတော့ ကြောက်တာပေါ့ဗျာ။ ဒီစစ်ကောင်စီတပ်တွေက ယုံရတာမဟုတ်ဘူး” လို့ ဒေသခံတစ်ဦးကပြောပါတယ်။",1.0,1.0,2.0,5.0,5.0,"The text is a straightforward news report about local events in Myanmar. It uses natural, authentic Burmese phrasing and local context regarding the political situation. It is clean, well-formatted, and provides basic information, though it lacks deep educational or complex reasoning components."
<urn:uuid:df6826e2-15d0-4f29-b6db-0c01f4dc1b2b>,"#Zawgyi
ရန်ကုန်မြို့မှာ ပထမဆုံးအကြိမ်အဖြစ် မီးပုံးပျံအလုံး ၅၀၀ တစ်ပြိုင်တည်းလွှတ်တင်ခဲ့တဲ့ အခမ်းနားဆုံးနဲ့ အစည်ကားဆုံး တန်ဆောင်တိုင်မီးထွန်းပွဲကြီးကို Fortune TV မှစီစဉ်ကျင်းပ။
Fortune TV ကစီစဉ်ကျင်းပတဲ့ အကြီးကျယ်ဆုံးနဲ့ အခမ်းနားဆုံးဖြစ်တဲ့ တန်ဆောင်တိုင်မီးထွန်းပွဲတော်ကြီးကို ၈.၁၁.၂၀၁၉ မှ ၁၂.၁၁.၂၀၁၉အထိ ရန်ကုန်မြို့ပြည်လမ်း အင်းလျားကန်ဘောင်မှာ ၅ ညတိုင်တိုင် စည်ကားသိုက်မြိုက်စွာကျင်းပပြီးစီးခဲ့ပြီဖြစ်ပါတယ်။ တန်ဆောင်မုန်းလပြည့်ညမှာ ပြုလုပ်ခဲ့တဲ့ မီးပုံးပျံ အလုံး ၅၀၀ တစ်ပြိုင်နက်လွှတ်တင်ပွဲမှာ ပရိသတ်များကိုယ်တိုင် Fortune TV နဲ့အတူပါဝင်ဆင်နွှဲရတာဖြစ်လို့ ပရိသတ်များအထူးကျေနပ်အားရပျော်ရွှင်ခဲ့ကြပါတယ်..။
တန်ဆောင်မုန်းလပြည့်ညကောင်းကင်ယံကို တစ်ပြိုင်တည်းလွင့်တက်သွားတဲ့ မီးပုံးပျံအလုံး ၅၀၀ ဟာ..မြင်ရသူအပေါင်းဘဝင်နှလုံးကိုကြည်နူးစေပြီး Fortune TV နဲ့တကွ တောင်းဆုပြုသူများအတွက် နမိတ်ကောင်းဖြစ်ခဲ့ရပါတယ်..။ ဒါ့အပြင်နိုင်ငံကျော်အဆိုတော်များရဲ့ သီဆိုတီးခတ်မှုများ၊ Fortune TV ရဲ့ Game အစီအစဉ်များကိုလည်း ပရိသတ်များအထုးစိတ်ဝင်စားပြီး ဝင်ရောက်ကစားသူများ များပြားခဲ့ပါတယ်။
ပွဲကြီးကို Exclusive Sponsor အဖြစ် ASIA အချိုရည်မှလည်း ပါဝင်ကူညီအားဖြည့်ပေးခဲ့ပါတယ်..။ ယခုလို မီးပုံးပျံအလုံး ၅၀၀ ကို တစ်ပြိုင်နက်တည်းလွှတ်တင်ခြင်းဟာ ရန်ကုန်မြို့မှာ ပထမဆုံးဖြစ်တဲ့အတွက် ပရိသတ်များအနေနဲ့ နှစ်သက်ကြလို့ video ဖြင့်မှတ်တမ်းတင်သူများ များပြားခဲ့ပြီး လူမှုကွန်ယက်များမှာလည်း share ကြသူများများပြားခဲ့ပါတယ်..။
#Unicode
ရနျကုနျမွို့မှာ ပထမဆုံးအကွိမျအဖွဈျ မီးပုံးပြံအလုံး ၅၀၀ တဈပွိုငျတညျးလှတျတငျခဲ့တဲ့ အခမျးနားဆုံးနဲ့ အစညျကားဆုံး တနျဆောငျတိုငျမီးထှနျးပှဲကွီးကို Fortune TV မှစီစဉျကငျြးပ။
Fortune TV ကစီစဉျကငျြးပတဲ့ အကွီးကယျြဆုံးနဲ့ အခမျးနားဆုံးဖွဈတဲ့ တနျဆောငျတိုငျမီးထှနျးပှဲတျောကွီးကို ၈.၁၁.၂၀၁၉ မှ ၁၂.၁၁.၂၀၁၉အထိ ရနျကုနျမွို့ပွညျလမျး အငျးလြားကနျဘောငျမှာ ၅ ညတိုငျတိုငျ စညျကားသိုကျမွိုကျစှာကငျြးပပွီးစီးခဲ့ပွီဖွဈပါတယျ။ တနျဆောငျမုနျးလပွညျ့ညမှာ ပွုလုပျခဲ့တဲ့ မီးပုံးပြံ အလုံး ၅၀၀ တဈပွိုငျနကျလှတျတငျပှဲမှာ ပရိသတျမြားကိုယျတိုငျ Fortune TV နဲ့အတူပါဝငျဆငျနှဲရတာဖွဈလို့ ပရိသတျမြားအထူးကနြေပျအားရပြျောရှငျခဲ့ကွပါတယျ..။
တနျဆောငျမုနျးလပွညျ့ညကောငျးကငျယံကို တဈပွိုငျတညျးလှငျ့တကျသှားတဲ့ မီးပုံးပြံအလုံး ၅၀၀ ဟာ..မွငျရသူအပေါငျးဘဝငျနှလုံးကိုကွညျနူးစပွေီး Fortune TV နဲ့တကှ တောငျးဆုပွုသူမြားအတှကျ နမိတျကောငျးဖွဈခဲ့ရပါတယျ..။ ဒါ့အပွငျနိုငျငံကြျောအဆိုတျောမြားရဲ့ သီဆိုတီးခတျမှုမြား၊ Fortune TV ရဲ့ Game အစီအစဉျမြားကိုလညျး ပရိသတျမြားအထုးစိတျဝငျစားပွီး ဝငျရောကျကစားသူမြား မြားပွားခဲ့ပါတယျ။
ပှဲကွီးကို Exclusive Sponsor အဖွဈ ASIA အခြိုရညျမှလညျး ပါဝငျကူညီအားဖွညျ့ပေးခဲ့ပါတယျ..။ ယခုလို မီးပုံးပြံအလုံး ၅၀၀ ကို တဈပွိုငျနကျတညျးလှတျတငျခွငျးဟာ ရနျကုနျမွို့မှာ ပထမဆုံးဖွဈတဲ့အတှကျ ပရိသတျမြားအနနေဲ့ နှဈသကျကွလို့ video ဖွငျ့မှတျတမျးတငျသူမြား မြားပွားခဲ့ပွီး လူမှုကှနျယကျမြားမှာလညျး share ကွသူမြားမြားပွားခဲ့ပါတယျ..။",1.0,1.0,2.0,5.0,5.0,"The text is a promotional news report about a cultural event in Yangon. It provides basic information about a festival but lacks educational depth or complex reasoning. It is written in natural, authentic Burmese, reflecting local cultural practices and events, and is presented in both Zawgyi and Unicode formats without significant noise."
<urn:uuid:8c2575e7-4d66-4696-9a86-a697deb319f5>,"လင်မယားနှစ်ယောက် တရုတ်ပြည်နယ် က မြန်မာပြည်ကိုလမ်းလျှောက်ပြီးဝင်လာခဲ့တာ။တို့မြို.မှာအခြေချခဲ့ပြီး
တို့အဖေကို တို့မြို.မှာပဲမွေးခဲ.တာ။တို့ အမ်းမ(အဘွား)က ဗမာလိုနည်းနည်းပဲ တတ်တယ်။သူကBuddhism ၊
ဘာသာတရားကိုအရမ်း ယုံကြည်တယ်။ဘုရားစာအားလုံးကို နှုတ်တိုက်ပါဠိလို အကုန်ရတယ်။ဒါပေမယ်.ဘာသာ
အစွဲကြီးတယ်။သားသမီးတွေအကုန်လုံးကို တရုတ်လူမျိုးနဲ့ပဲအိမ်ထောင်ပြုစေချင်တယ်။တို့အဖေက တို့အမေ
(မြန်မာမ)ကိုယူတော့လုံးဝမခေါ်ဘူး။အဲဒါကြောင့် တို့က မြန်မာအမေ အသိုင်းဝိုင်းမှာ ကြီးပြင်းလာပြီးတော့ကာ
တရုတ်စကား၊တရုတ် ထုံးတမ်းစဉ်လာနဲ့မရင်းနှီးဘူး။တို.အဖေက တရုတ်လို ရေးတတ် ပြောတတ်တယ်။တို့အဖေ
ရဲ့အမအကြီးဆုံးက တို.အဖေကိုချစ်တော့ တို့တွေကို လာလာကြည့်တယ်၊တို့အဖေကိုပြန်ခေါ်ဖို့ လဲ အဘွားကိုနား
ချတယ်။နောက်ဆုံးတော့ တို့မောင်နှစ်မတွေ တရုတ် နှစ်ကူးမိသားစုကန်တော့ပွဲ လုပ်ရင် အဒေါ်လာလာခေါ်လို့
အဘွားအိမ်ကိုရောက်ဖြစ်တယ်။နှစ်ကူးကန်တော့ပွဲ မှာ မိသားစုအကုန် စုံပြီး အဘွားအိမ်မှာလုပ်တာ။မနက်ပိုင်း
ကန်တော့ဖို့ဝက်သားကို ၂၅ကျပ်သားခန့်ကိုပြုတ်၊ကြက်ကိုအထဲက ကလီစာ အပြင်ထုတ်သန့်စင်ပြီးဗိုက်ထဲ ပြန်
ထည့် အကောင်လိုက်ပြုတ်တယ်။ဘဲကိုလည်းကြက်အတိုင်းပြုတ်၊ငါးတစ်ကောင်ကြော်တယ်၊ထမင်းဖြူတစ်ပွဲ၊
ခေါက်ဆွဲပြုတ်တစ်ပွဲ၊တီကွေ.၊မုန့်မျိုးစုံ၊အရက်၊ရေနွေးကြမ်း၊ငရုတ်ဆီ၊တူ၊ဓား၊အမွှေးတိုင် နှင့်ဖယောင်းတိုင်ထွန်း
ဖို့ပြင်ဆင်ထားရတယ်။လူမျိုးကွဲ ကိုလိုက်ပြီး ကန့်တော့ပုံကွဲပြားတယ်။
မွန်းလွဲလို့ အားလုံး ကန်တော့ဖို့လူစုံပြီဆိုရင် တို့ကောကော က အိမ်အဝထွက်ပြီး ကွယ်လွန်သွား တဲ့ဘိုး၊ဘေး၊
ဘီ၊ဘင်တွေ ကို ဖိတ်ခေါ်တယ်။ခဏကြာတော့ သူတို.ရောက်မရောက် သိရအောင် အကြွေစေ့ တစ်စေ့ကို
ပေတံပေါ် တင်ပြီး ခေါင်း၊ပန်းလှန်တယ်။(ဥပမာ-ခေါင်း ၃ကြိမ်ကျပါစေလို့ပြောပြီး ကျခဲ့ရင် ရောက်ပြီပေါ့။)
ခေါင်း၊ပန်းလှန် ပြီးလို့ ရောက်ပြီ ဆိုရင် ကလေး၊လူကြီးအကုန် အမွှေး တိုင် နဲ့ ကန်တော့တယ်။ပြီးတော့
ရွှေစက္ကူ၊ငွေစက္ကူ တွေကို မီးရှို.ပြီး ကန်တော့ခြင်းကိုအဆုံးသတ်တယ်။ကန်တော့နေစဉ် ဟင်းပန်းကန်တွေ
ကိုလာနားတဲ့ ယင်ကောင်၊ပိုးကောင်တွေ ကို မမောင်းထုတ်ရဘူး။ဘိုး၊ဘေးတွေက ဖန်ဆင်းပြီးလာစားတယ်
လို့ တို့ အဒေါ်တွေကအယူရှိတယ်။
ကန်တော့ပြီးတာနဲ့ မိသားစု စားဖို.သောက်ဖို့ ဟင်းတွေချက်တယ်။ ၀က်သားနဲ့ကြံမဆိုင်၊ကြက်သားလုံးကြော်၊
ချိုချဉ်ကြော်၊ပုဇွန်ကြော်၊ဟင်းချို နဲ့၊လမ်းထဲဝေ ဖို့ ခေါက်ဆွဲကြော် ကြော်တယ်။တို့အကြိုက်ဆုံး က ဟင်းချိုပဲ။
ဒံအိုးကြီးထဲ ကို ကြက်ပြုတ်ရည် ကို ပွက်ပွက်ဆူအောင်တည်၊ပြီးတော့ မှိုခြောက်တွေ ထည့်၊အရွက်တွေထည့်
တို့ကလေးတွေက ဂျူံ နယ်ထားတာ ကို ကိုယ်ကြိုက် တဲ့ အရုပ်ကလေး တွေလုပ် ပြီး ဟင်းချိုအိုးထဲထည့်တယ်။
ထမင်းစားတော့ ဟင်းချို ထဲ က ကိုယ်အရုပ် ကလေး တွေ ကို ရွေးရွေးပြီး ခပ်စားရတာပျော်စရာအရမ်းကောင်း
တယ်။ပြီးရင် အံပေါင်း အနီရောင် အိတ်ကလေးတွေနဲ့ ရတယ်။အိမ်ကိုအပြန်လမ်းမှာ အံပေါင်း အိတ်ကလေးတွေ
ကို အပြေးအလွှားဖောက် ကြည့်ပြီး မောင်နှမတွေ သူဘယ်လောက်ရတယ်၊ငါဘယ်လောက်ရတယ် နဲ့ ပြိုင်
ကြတယ်။အိမ်အပြန်ခြေလှမ်းတွေက ခပ်သွက်သွက်။
တို့လေးတန်း ရောက်တော့ တို့ အဘွားလည်းဆုံး ပြီး၊တို့အဒေါ် တွေလည်း ရန်ကုန် ပြောင်းသွားတော့ တို့ပျော်
ခဲ့တဲ့ အရုပ် ဟင်းချို လဲ မစားရတော.ဘူး။နောက်ပိုင်း တို့အိမ်မှာ ဆက်ပြီး တို့မိသားစု အနေနဲ့ ကန်တော့တယ်။
ဒါပေမယ်. လူနဲ တော. ခြောက်ကပ်ကပ်။အရုပ် ဟင်းချို လဲ မပါတော.ဘူး။အံပေါင်း လဲ အများကြီးမရတော.ဘူး။
အခုဆို ရင် တို့၇ယ်၊ညီမလေးရယ် ဒီရောက် နေ တော့ ပိုပြီးတော.တောင် ခြောက်သွေ့နေဦးမယ်။
ယောက်ျားရတော့ သူတို့ဘက် ကကန်တော့ တယ်။စားတဲ့ အချိန် သွားတီးတယ်။သူတို့ အိမ်က ဟင်းကို ၇ မျိုး၊
၈ မျိုးလောက် ချက်တယ်။ဟော့ပေါ့ အိုးလည်းတည်တယ်။ဒီ စင်္ကာပူရောက်လာတော့ ကိုယ့်ဘာ့သာအကျဉ်းချုံး
ကန်တော့တယ်။၂၀၀၇ ဒီမှာလုပ်တယ်။၂၀၀၈ မြန်မာပြည် ပြန်တယ်။၂၀၀၉ ကိုဒီမှာ ကန်တော့ဖြစ်လိမ့်မယ်။
ဒါပေမယ့် ငယ်ငယ်တုန်းကလိုပျော်ဖို့ မကောင်းတော့တာအမှန်ပဲ။အရင်တုန်း က ကိုယ်က အံပေါင်းယူသူ၊
အခု ကိုယ်က အံပေါင်းပေးသူ။သြော်..........ငါဟာ အနှစ် ၃၀ ဆိုတဲ့ အချိန် ယန္တယား တစ်ခုကိုဖြတ်ကျော်လာ
ပြီးပါပကား။
(စာကြွင်းးးးးး မနေ့ကအထိ ကိုယ့်ကိုကိုယ် ကလေး(ငယ်သေးသည်) ဟု ထင်နေသေးသည်။ဒီစာရေးမိတော့
မှးးးးးးးးးးးးးးးးးဟူး ၃၀ နားကပ်နေပြီ ဟု သတိရသည်။)
၂၀၀၇ ဒီမှကန်တော့တုန်းက စားနေလက်စကို
အမှတ်တရရိုက်ထားတာ။",2.0,2.0,1.0,3.0,5.0,"The text is a personal memoir describing Chinese-Burmese cultural traditions and family history. It provides cultural insight into ancestral worship and New Year customs in Myanmar. While it lacks formal educational structure or complex reasoning, it is written in natural, authentic Burmese, capturing the lived experience of a specific community."
<urn:uuid:acc1b5d8-0a5d-4027-b1a5-580a1a5e5baf>,"စစ်ကိုင်းတိုင်းဒေသကြီး ယင်းမာပင်မြို့နယ် ကုန်းရွာကို စစ်ကောင်စီတပ်က နှစ်ရက်ဆက်တိုက် မီးရှို့နေသည့်အတွက် အနီးပတ်ဝန်းကျင်ရှိ ကျေးရွာ ၁၁ ရွာမှ ဒေသခံတစ်သောင်းကျော် ဘေးလွှတ်ရာသို့ ထွက်ပြေးတိမ်းရှောင်နေရကြောင်း ကာကွယ်ရေးတပ်ဖွဲ့ဝင်များထံမှ သိရသည်။
မတ်လ ၁ ရက်ည ၇ နာရီခန့်မှစတင်ကာ စစ်အင်အား ၁၀၀ ကျော်ရှိသည့် စစ်ကောင်စီတပ်ဖွဲ့သည် ကုန်းရွာအတွင်းရောက်လာပြီးနောက် ယနေ့နံနက်ပိုင်း ၉ နာရီဝန်းကျင်ထိ ဝင်ရောက် မီးရှို့နေသည်ဟု ကာကွယ်ရေးတပ်ဖွဲ့ဝင်တစ်ဦးက ဆိုသည်။
“မနေ့ကည ၇ နာရီလောက်ကတည်းက ကုန်းရွာကို မီးစရှို့တာပါ။ မီးတောက်ကတော်တော်များတယ်ဗျ။ အိမ်ခြေတော့ အတိအကျမသိရသေးဘူး။ စစ်ကြောင်းက မငြိမ်သေးဘူး။ ဝင်လိုက်ထွက်လိုက် ခွဲလိုက်ပေါင်းလိုက်နဲ့ဆိုတော့ အတည်ပြုလို့ မရသေးတာပါ“ ဟု ကာကွယ်ရေးတပ်ဖွဲ့ဝင်တစ်ဦးက ဆိုသည်။
ကုန်းရွာသည် အိမ်ခြေ ၆၀၀ ခန့်ရှိပြီး ယင်းမာပင်မြို့နယ်အနောက်ဘက်တွင် တည်ရှိသည်။
အဆိုပါစစ်ကြောင်းသည် ပုလဲမြို့နယ်ဘက်မှ ရောက်လာသည့်စစ်ကြောင်းဖြစ်ပြီး လက်ရှိချိန်ထိ အနီးပတ်ဝန်းကျင်ရှိ မြင်သာကုန်း၊ ကျွန်းတော၊ ဝါးရုံ၊ တင်ဆုံ၊ ရင်ပေါင်တိုင်၊ ဆင်စွယ်၊ ဇီးဖြူကုန်း၊ ဇီးတောတောင်ရွာ၊ မြောက်ရွာ၊ရေအောက်၊ ရုံးလေပင် စသည့် ကျေးရွာ ဒေသခံတစ်သောင်းကျော် ထွက်ပြေးတိမ်းရှောင်နေရသည်ဟု ဒေသခံများထံမှ သိရသည်။
“ကုန်းရွာရောအပါအဝင် ရွာ ၁၁ ရွာလောက်က ပြည်သူတွေစစ်ဘေးနှင့် မီးဘေးရှောင်နေရပါတယ်။ ၁သောင်းကျော် လောက်ရှိမယ်“ ဟု ဒေသခံတစ်ဦးက ဆိုသည်။
ထို့အပြင် လက်ရှိချိန်ထိလည်း အဆိုပါ ကုန်းရွာအနီး ကာကွယ်ရေးတပ်တွေနှင့် စစ်ကောင်စီတပ်စစ်ကြောင်းဟာ တိုက်ပွဲပြင်းထန်နေပြီး စစ်ကောင်စီဘက်က ဝေဟင်ကပါ ပစ်ကူနေရသည်ဟု ယင်းမာပင်မြို့နယ် သတင်းမှန်ပြန်ကြားရေးက ထုတ်ပြန်ထားသည်။",1.0,1.0,2.0,5.0,5.0,"The text is a factual news report about a specific conflict in Myanmar. It is written in natural, authentic Burmese with correct local terminology and context. It lacks complex reasoning or educational depth, serving primarily as a journalistic account of current events."
<urn:uuid:44247e63-3514-4376-ba9c-aa4017b9e24f>,"ဒေါသကိလေသာကို
အကြွင်းမဲ့ ပယ်သတ်နိုင်လို့
ကိုယ့်ရဲ့နှလုံးသားဟာ
ဒေါသကင်းတဲ့ နှလုံးသား
ဖြစ်သွားပြီဆိုရင်တော့
၀မ်းနည်းစရာနဲ့ပဲကြုံကြုံ၊
၀မ်းသာစရာနဲ့ပဲကြုံကြုံ
ငိုချင်စိတ် မရှိတော့ပါဘူး။
မငိုတတ်တဲ့ နှလုံးသားပိုင်ရှင်ဟာ
ဘာအကြောင်းကြောင့်မှ
မျက်ရည်မကျတော့ပါဘူး။
၀ိပဿနာအလုပ်ကို
အချိန်ဆက်နိုင်သမျှဆက်အောင်
အမြဲမပြတ်
ကြိုးပမ်းအားထုတ်သွားမယ်ဆိုရင်
ပုထုဇဉ်ဘ၀နဲ့
ရှိနေသေးတယ်ပဲထားဦး၊
၀ိပဿနာရဲ့ တန်ခိုးကြောင့်
စိတ်ဓာတ်ရင့်ကျက်နေတဲ့အတွက်
၀မ်းသာစရာနဲ့ပဲကြုံကြုံ၊
၀မ်းနည်းစရာနဲ့ပဲကြုံကြုံ၊
အလွယ်တကူနဲ့
မျက်ရည်မကျတော့ပါဘူး။
အကောင်းအဆိုး လောကဓံအားလုံးကို
အပြုံးမပျက် ခံနိုင်ရည်ရှိသွားပါတယ်။
Friday, March 6, 2009
ဒေါသကိလေသာကို",2.0,2.0,2.0,4.0,5.0,"The text is a reflective piece on Buddhist mindfulness (Vipassana) and emotional regulation. It uses authentic Burmese cultural and religious terminology. While it lacks complex academic reasoning, it provides a coherent, culturally grounded perspective on spiritual practice. The formatting is clean, though it includes a date stamp at the end."
<urn:uuid:0b1dad69-dee4-4cff-ae9e-df524c7081de>,"ဘုရားကျောင်းဝင်းအတွင်း စစ်သားများ ရိုက်နှက်မှု ဥပဒေအရ တိုင်ကြားမည်
သတင်းနှင့် မီဒီယာ ကွန်ရက်။
အောက်တိုဘာလ ၂၀ ရက်၊ ၂၀၁၇ ခုနှစ်။
ကချင်ပြည်နယ်၊ ဖားကန့်မြို့နယ်၊ လုံးခင်းကျေးရွာအုပ်စုရှိ ကချင်နှစ်ခြင်းခရစ်ယာန် ဘုရားကျောင်းဝင်း အတွင်းရှိ ဒေသခံလေးဦးအား မြန်မာ့တပ်မတော်မှ ဖမ်းဆီးခေါ်ဆောင် ရိုက်နှက်မှုနှင့် ပတ်သက်၍ တရားဥပဒေအတိုင်း ဆက်လက်လုပ်ဆောင်သွားမည်ဟု ဒေသခံများက ပြောသည်။
လုံးခင်းကျေးရွာအုပ်စု ကုဋေ ကချင်နှစ်ခြင်းခရစ်ယာန်ဘုရားကျောင်းမှ လူငယ်တာဝန်ခံ ဦးမရန်တူးလွမ် က “ဒီအတိုင်းတော့ ငြိမ်နေမှာမဟုတ်ဘူး။ တရားစွဲသင့်ရင်လည်းစွဲမယ်။ အသင်းတော်နဲ့ ဆိုင်တဲ့ကိစ္စ ဆိုတော့ အသင်းတော် အဆင့်ဆင့်ပေါ့၊ ဇုံနယ်အလိုက် KBC ဌာနချုပ်ရော၊ နောက်ဆုံးတော့ ကာချုပ် ကြီးမင်းအောင်လှိုင်အထိပေါ့ အဆင့်ဆင့် စာတင်သွားမယ်ဗျ။ လောလောဆယ်တော့ ကျနော်တို့ဒီ လွှတ်တော်အမတ်တွေနဲ့ရော လူကြီးပိုင်းတွေနဲ့ရော တွေ့ ဖို့ရှိတယ်။ အခုတော့ ကုဋေရွာအုပ်ချုပ်ရေး မှူးနဲ့လည်း တွေ့ ပြီးပြီ။ ကျန်တဲ့ ဌာနဆိုင်ရာတွေနဲ့လည်း တွေ့ဖို့ရှိတယ်” ပြောသည်။
အောက်တိုဘာလ ၁၈ ရက်နေ့ ည ဆယ်နာရီခန့်အချိန်တွင် ဘုရားကျောင်းဝင်းအတွင်း ထမင်းဟင်း ချက်နေသည့် ဒေသခံအမျိုးသားလေးဦးကို မြန်မာ့တပ်မတော်မှ ဖမ်းဆီးခေါ်ဆောင်သွားကာ ရိုက်နှက်ခဲ့ခြင်းဖြစ်သည်။
ဘုရားကျောင်းဝင်းအတွင်း အသင်းတော်မှ အသင်းသူ/သားများ၊ လူငယ်များမှာ အိမ်သစ်တက် ဆုတောင်းပွဲအတွက် ထမင်းဟင်းများ ချက်ပြုတ်နေစဉ်၊ အသင်းတော်စောင့်မှ ဘုရားကျောင်း ခြံဝင်းတံခါးများ လိုက်လံပိတ်ရာ အနီးအနားတွင် စောင့်နေသည့် စစ်သားများအား ဓါတ်မီးဖြင့် သွားထိုးမိရာမှ စစ်သားများမှ လိုက်လံဖမ်းဆီး ရိုက်နှက်ခြင်းဖြစ်သည်ဟု မျက်မြင်သက်သေ ဦးမရန်တူးလွမ် က ပြောသည်။
“ကျနော်တို့က သူငယ်ချင်းတယောက်ရဲ့ အိမ်သစ်တက်ပွဲအတွက် အသင်းသူ/သားတွေက ဘုရား ကျောင်းမှာ ချက်ပြုတ်ရေးလုပ်နေတာပေါ့။ အဲ့ချိန်မှာ ဘုရားကျောင်းဒေါ်လဝမ် (အစောင့်)ကကိုးနာရီ ဆယ်နာရီ ပတ်ဝန်းကျင်မှာ လိုက်ကြည့်တာပေါ့။ တံခါးတွေပိတ်တာပေါ့၊ အဲ့ဒါကို သူကလည်း မသိ တော့ ဓါတ်မီးသွားထွန်းလိုက်တာ အဲ့မှာ ဘာလို့ထွန်းတာလဲ၊ ရပ်စမ်း၊ မရပ်ဘူးဆိုရင် အဲ့ကောင်ကို ပစ်သတ်လိုက်တဲ့။ ကျနော်နဲ့ ဘုရားကျောင်း ဒလဝမ် (အစောင့်)က လန့်သွားတာပေါ့။ တခါတည်း ထွက်ပြေးသွားတာနဲ့ သေနတ်နဲ့ ပစ်လိုက်တာပဲ။ ထိတော့မထိဘူး။ ဘုရားကျောင်းဝင်းထဲမှာ သေနတ် တခေါက်ပစ်တယ်” ဟု ပြောသည်။
တပ်မ ၁၀၁ မှ စစ်သား အယောက် ၂၀ ကျော်ခန့်သည် ဘုရားကျောင်းအနီးတွင် လူတစ်ဦးအား ဖမ်းဆီးရန် ရောက်နေခြင်းဖြစ်သည်ဟု သိရသည်။
စစ်သား ခုနှစ်ဦးခန့်က ဘုရားကျောင်းဝင်းထဲ ဝင်လာပြီး “ထွက်ပြေးတဲ့လူကို လိုက်ဖမ်းတာ၊ မတွေ့ တော့ ထမင်းဟင်း ချက်ပြုတ်နေတဲ့လူတွေကို ရိုက်တယ်၊ နှက်တယ်၊ ထိုးတယ်၊ ပြီးတော့ အားလုံးကို မှောက်ခုံထားတယ်၊ အော်တယ်၊ ဆဲတယ်၊ သတ်ပစ်မယ်၊ သေနတ်နဲ့ ချိန်ထားပြီးတော့ အားလုံးကို သတ်ပစ်မယ်၊ ပြီးတော့ ယောကျ်ား လေးယောက်ကို နှစ်နာရီ နီးပါးလောက် ဖမ်းသွားတယ်။ ပြီးတော့ ပြန်လွှတ်ပေးတယ်။ နှစ်ယောက်ကတော့ ဒဏ်ရာပြင်းထန်တယ်။ ဘာမှ အပြစ်မှမရှိဘူး။ ဘာအမှုမှ လည်း မလုပ်ဘူး။ အဲ့ဒါ တခြားကိစ္စနဲ့လာတဲ့ဟာကို ကျနော်တို့ကို အပြစ်ရှာတာပေါ့။ စစ်သား ခုနှစ် ယောက်လောက်က ဘုရားကျောင်းထဲဝင်လာတယ်၊ အပြင်မှတော့ နှစ်ဆယ်လောက်ရှိမယ်ထင် တယ်။ သူတို့စစ်သား အင်္ကျီမှာတော့ ၁၀၁ လို့ရေးထားတယ်”ဟု ဦးမရန်တူးလွမ် က ပြောသည်။
အဆိုပါစစ်သားများမှာ ဒေသခံ ကချင်အမျိုးသား လေးဦးအား ဖမ်းဆီးရိုက်နှက်ခြင်းအပြင် ဘုရား ကျောင်းဝင်းအတွင်းရှိနေသူများအား သေနတ်ဖြင့် ပစ်ခတ်ခြင်း၊ ခြိမ်းခြောက်ခြင်း၊ ရိုက်နှက်ခြင်း၊ ဆဲဆိုခြင်းများ ပြုလုပ်ခဲ့သည်ဟု သိရသည်။
ဖားကန့် မြို့ နယ် အမှတ်(၂) ပြည်နယ်လွှတ်တော်ကိုယ်စားလှယ် ဦးဒါရှီလဆိုင်းက “ကျနော်တို့ကို လာ ပြောရင်တော့ ဥပဒေအတိုင်းတော့ လုပ်ပေးရမှာပေါ့။ ဖြစ်စဉ်တွေကို သေချာစိစစ်ပြီးတော့လေ။ အခုထိ တော့ သူတို့ဘက်က ဘာမှတော့ မပြောသေးဘူး။ ဒီဒေသက ရတနာနယ်မြေဆိုတော့လေ ဥပဒေပိုင်း ဆိုင်ရာက အားနည်းတဲ့ လုပ်ပိုင်ခွင့်ရှိနေတဲ့ လူတွေကလည်း လုပ်ပိုင်ခွင့်ကို အဓိကသုံးနေကြတာလေ။ ပြည်သူဆိုတာ သူပုန်လည်းမဟုတ်ဘူးလေ။ ဓါးမြလည်းမဟုတ်ဘူးလေ။ အနေအထားတွေ့ရတယ်။ တပ်မတော်သားတွေကလည်း နယ်မြေ စိုးမိုးရေးနဲ့ လုံခြုံရေးကဏ္ဍအရ သူတို့ကလုပ်နေရတယ်ဆိုတာ မျိုး အမြဲပြောနေတာပေါ့နော်။ အဲ့အပေါ်မှာ အားနည်းချက်တွေကြောင့် ပဲဖြစ်နေတယ်လို့ပဲ ပြောရမှာပေါ့” ဟု ပြောသည်။
ဖမ်းဆီးရိုက်နှက်ခံခဲ့ရသည့် ဒေသခံ ကချင်အမျိုးသား လေးဦးမှာ ဦးအင်ဘွေတူးလွန်၊ ဦးမရစ်ဂွန်းမိုင်၊ ဦးလဂွေလရိန်နှင့် ဦးဂျန်မော်ဂမ်မော်တို့ ဖြစ်ကြသည်။",2.0,2.0,2.0,5.0,5.0,"The document is a well-structured news report about a specific incident in Kachin State. It provides factual reporting, quotes from witnesses and officials, and uses natural, authentic Burmese language. It lacks complex reasoning or high-level academic content, but is highly coherent and culturally accurate for the target audience."
<urn:uuid:311ef3ce-5f74-4c17-88d4-4ebf6829a303>,"အားလုံးပဲ မင်္ဂလာပါ။ ဒီတစ်ခါမှာ ဝေမျှပေးချင်တဲ့ဟင်းလျာလေးကတော့ စပ်စပ်လေးနဲ့ အရသာရှိရှိ စားသုံးနိုင်မယ့် ဝက်သား မျှစ်ချဉ်အစပ်ဟင်းပဲဖြစ်ပါတယ်။
ပါဝင်ပစ္စည်းများ
- ဝက်သား ၂၅၉ ဂရမ် (အနေတော်အတုံး တုံးထားပါ)
- ကြက်သွန်နီ ၁ ဥ (ပါးပါးလှီးထားပါ)
- ပါးပါးလှီးထားသော ဂျင်း ပန်းကန်လုံးတစ်ဝက်စာ
- ငရုတ်သီးအခြောက် အနီတောင့် ၇ တောင့် (အချောင်းလိုက် ပါးပါးလှီးပါ)
- မျှစ်ချဉ် စားပွဲတင်ဇွန်း ၄ ဇွန်းစာ
- ငရုတ်သီးမှုန့် စားပွဲတင်ဇွန်း တစ်ဝက်
- ကြက်သွန်ဖြူ ၇ မြွှာ (ထောင်းထားပါ)
- ဟင်းသီးဟင်းရွက်ဆီ စားပွဲတင်ဇွန်း ၁ ဇွန်း
- ဆား အနည်းငယ်
ပြုလုပ်နည်း အဆင့်ဆင့်
၁။ ဒယ်အိုးကို အပူပေးပြီး ဟင်းသီးဟင်းရွက်ဆီ ထည့်ပါ။ ဆီပူလာပါက ကြက်သွန်နီ၊ ဂျင်းတို့ထည့်ပြီး အနံ့မွှေးလာသည်အထိ ဆီသတ်ပါ။ ထို့နောက် ပါးပါးလှီးထားသော ငရုတ်သီးများနှင့် မျှစ်တို့ထည့်ကာ သမအောင် ရောမွှေပေးလိုက်ပါ။
၂။ နောက်တစ်ဆင့်အနေနဲ့ ဝက်သားနှင့် ဆားတို့ထည့်ကာ သမအောင် မွှေပါ။ ထို့နောက် အဖုံးအုပ်ထားပြီး ဝက်ဆီများ ထွက်လာသည်အထိ တည်ထားလိုက်ပါ။
၃။ ထို့နောက် ငရုတ်သီးမှုန့်နှင့် ကြက်သွန်ဖြူတို့ထည့်ကာ သမအောင် ရောမွှေလိုက်ပါ။
၄။ မီးအပူချိန်ကိုလျော့ပြီးနောက် ဝက်သားများ နူးအိသွားသည်အထိ တည်ပေးလိုက်ပါ။ ဝက်သားကို မကြာခဏ မွှေပေးဖို့လည်း လိုအပ်ပါတယ်။
ဝက်သား ကျက်သွားပြီဆိုရင်တော့ မီးဖိုပေါ်က ချလိုက်လို့ရပါပြီ။
ဒါဆိုရင်တော့ အရသာရှိတဲ့ ဝက်သား မျှစ်ချဉ်ဟင်းလျာတစ်ခွက် ရရှိသွားပါပြီ။
Source: Pancuisine.blogspot.com",2.0,1.0,1.0,5.0,5.0,"The document is a clear, well-structured recipe for a traditional Burmese dish. It provides practical instructions suitable for home cooking. It uses natural, authentic Burmese phrasing and culinary terminology, reflecting local cooking habits and cultural preferences, while being free of noise or formatting issues."
<urn:uuid:1f9ff5a1-e3c7-4938-83a9-1849456d9029>,"“ NLD နှင့် ကြံ့ခိုင်ရေးပါတီများအပါအ၀င် နိုင်ငံရေးနှင့် လူမှုရေးအဖွဲ့များပထမဆုံးအကြိမ်သန်လျင်တွင် ၀ါဆိုသင်္ကန်း စုပေါင်းကပ်လှူ”
ပြည်ထောင်စုကြံ့ခိုင်ရေးနှင့် ဖွံဖြိုးရေးပါတီ၊ NLD နှင့် အခြားနိုင်ငံရေး လူမှုရေးအဖွဲ့အစည်းများစုပေါင်းပါဝင်သည့် ပထမ
ဆုံးအကြိမ် ၀ါဆိုသင်္ကန်းကပ်လှူပွဲကို သန်လျင်မြို့၌၀ါဆိုလပြည့်နေ့ဖြစ်သော သြဂုတ်လ ၂ ရက်နေ့ နေ့လည်တွင် ပြုလုပ်ခဲ့သည်။
အဆိုပါအလှူပွဲသို့ သန်လျင်မြို့ နတ်စင်တစ်ရာကျောင်းတိုက်ဆရာတော် ဘန္ဒန္တပညာတေဇက နိုင်ငံရေးပါတီများနှင့် အဖွဲ့အစည်းများအား ဖိတ်ကြား၍ပြုလုပ်ခြင်းဖြစ်ပြီး ၄င်းပါတီနှစ်ခုအပြင် နိုင်ငံရေးအကျဉ်းသားဟောင်းများအဖွဲ့၊ ပြည်တွင်းမီဒီယာများနှင့် ဒကာ၊ဒါယိကာမများလည်းတက်ရောက်လှူဒါန်းခဲ့ကြသည်။
“ပါတီအနေနဲ့ကတော့ နှစ်စဉ်အဖွဲ့ချုပ်ရုံးမှာ လုပ်ပါတယ်။ အခုလိုစုပေါင်းလှူဒါန်းတာကတော့ ပထမဆုံးပါပဲ”ဟု သန်လျင်မြို့ NLDပါတီမှ ဦးစိုးဟန်က ပြောသည်။
အလှူပွဲတွင် မြို့နယ်သံဃနာယကအဖွဲ့မှသံဃာတော်အပါး ၃၀ နှင့် ဗဟိုဝန်ဆောင်သံဃာတော် ၁၈ ပါးတို့အားဝါဆိုသင်္ကန်းကပ်လှူကြပြီး ဒေါ်အောင်ဆန်းစုကြည်ကိုယ်စား သူမ၏ ဆရာဝန်ဖြစ်သူ ဒေါက်တာတင်မျိုးဝင်းတက်ရောက်လှူဒါန်းခဲ့သည်။
၄င်းအပြင် ပြည်ခိုင်ဖြိုးပါတီမှ ဦးဥာဏ်ထွန်း၊ ပြည်တွင်းမီဒီယာအဖွဲ့မှ ဦးဇေယျာမြတ်ခိုင်တို့မှလည်း ၀ါဆိုသင်္ကန်းနှင့် လှူဖွယ်ဝတ္ထုများဆက်ကပ်လှူဒါန်းခဲ့ကြသည်။
ပြည်ထောင်စုကြံ့ခိုင်ရေးနှင့် ဖွံဖြိုးရေးပါတီ၊ NLD နှင့် အခြားနိုင်ငံရေး လူမှုရေးအဖွဲ့အစည်းများစုပေါင်းပါဝင်သည့် ပထမ
ဆုံးအကြိမ် ၀ါဆိုသင်္ကန်းကပ်လှူပွဲကို သန်လျင်မြို့၌၀ါဆိုလပြည့်နေ့ဖြစ်သော သြဂုတ်လ ၂ ရက်နေ့ နေ့လည်တွင် ပြုလုပ်ခဲ့သည်။
အဆိုပါအလှူပွဲသို့ သန်လျင်မြို့ နတ်စင်တစ်ရာကျောင်းတိုက်ဆရာတော် ဘန္ဒန္တပညာတေဇက နိုင်ငံရေးပါတီများနှင့် အဖွဲ့အစည်းများအား ဖိတ်ကြား၍ပြုလုပ်ခြင်းဖြစ်ပြီး ၄င်းပါတီနှစ်ခုအပြင် နိုင်ငံရေးအကျဉ်းသားဟောင်းများအဖွဲ့၊ ပြည်တွင်းမီဒီယာများနှင့် ဒကာ၊ဒါယိကာမများလည်းတက်ရောက်လှူဒါန်းခဲ့ကြသည်။
“ပါတီအနေနဲ့ကတော့ နှစ်စဉ်အဖွဲ့ချုပ်ရုံးမှာ လုပ်ပါတယ်။ အခုလိုစုပေါင်းလှူဒါန်းတာကတော့ ပထမဆုံးပါပဲ”ဟု သန်လျင်မြို့ NLDပါတီမှ ဦးစိုးဟန်က ပြောသည်။
အလှူပွဲတွင် မြို့နယ်သံဃနာယကအဖွဲ့မှသံဃာတော်အပါး ၃၀ နှင့် ဗဟိုဝန်ဆောင်သံဃာတော် ၁၈ ပါးတို့အားဝါဆိုသင်္ကန်းကပ်လှူကြပြီး ဒေါ်အောင်ဆန်းစုကြည်ကိုယ်စား သူမ၏ ဆရာဝန်ဖြစ်သူ ဒေါက်တာတင်မျိုးဝင်းတက်ရောက်လှူဒါန်းခဲ့သည်။
၄င်းအပြင် ပြည်ခိုင်ဖြိုးပါတီမှ ဦးဥာဏ်ထွန်း၊ ပြည်တွင်းမီဒီယာအဖွဲ့မှ ဦးဇေယျာမြတ်ခိုင်တို့မှလည်း ၀ါဆိုသင်္ကန်းနှင့် လှူဖွယ်ဝတ္ထုများဆက်ကပ်လှူဒါန်းခဲ့ကြသည်။",1.0,1.0,2.0,2.0,5.0,"The text is a news report about a religious event in Myanmar. It provides factual information about local political and religious activities. It is culturally authentic, using specific Burmese honorifics and religious terminology. However, it contains significant repetition of paragraphs, which lowers the cleanliness score."
<urn:uuid:f45c8d77-2491-44bb-aea5-c3163ac2d1f0>,"မြန်မာနိုင်ငံသဘင်အစည်းအရုံးမှ သဘင်ပညာရပ်ပိုင်းဆိုင်ရာ အခမဲ့သင်တန်းကို ပထမဦးဆုံးအကြိမ်ကမ္ဘေဇရိပ်သာ ချင်းချောင်းနန်းတော်မှာ ဖွင့်လှစ်လိုက်ပါတယ်။မြန်မာနိုင်ငံသဘင်အစည်းအရုံး(ဗဟို) အနေနဲ့ သဘင်ပညာရပ်များ ထိန်းသိမ်းမြှင့်တင်ပြန့်ပွားရေးအတွက် ဆောင်ရွက်သွားဖို့ရှိနေ ပြီး ပညာရပ်ဆိုင်ရာ ထိန်းသိမ်းမြှင့်တင် ပြန့်ပွားရေးကော်မတီအသီးသီးကိုလည်း ဖွဲ့စည်းထားပြီး ဖြစ်ပါတယ်။ အခုဆိုရင် သဘင်ပညာရပ်ပိုင်းဆိုင်ရာ အခမဲ့သင်တန်း အပတ်စဉ်(၁/၂၀၁၈)ကို ပထမဦးဆုံးအကြိမ် ဖွင့်လှစ်နိုင်ခဲ့သလို နောက်ပိုင်းတွေမှာလည်း သင်တန်းကျောင်းနဲ့ ပုဂ္ဂလိကသဘင်တက္ကသိုလ်ထိ ဖွင့်လှစ်နိုင်အောင် ဆောင်ရွက်မှာ ဖြစ်တယ်လို့ မြန်မာနိုင်ငံသဘင်အစည်းအရုံး(ဗဟို) ဥက္ကဋ္ဌ ဦးဖိုးချစ်က ပြောပါတယ်။
သဘင်ပညာရပ်ပိုင်းဆိုင်ရာ အခမဲ့သင်တန်း အပတ်စဉ်(၁/၂၀၁၈)ဟာ ပုဂ္ဂလိကသဘင်တက္ကသိုလ်ဖွင့်လှစ်နိုင်ဖို့အတွက် ပထမဦးဆုံးခြေလှမ်း ဖြစ်ပါတယ်။ သင်တန်းကိုတော့ ကျောင်းသားကျောင်းသူ (၆၀)နီးပါးတက်ရောက်နေပြီး ရန်ကုန်တိုင်းဒေသကြီးနဲ့အခြားသော ပြည်နယ်နဲ့ တိုင်းဒေသကြီးတွေက တက်ရောက်သူတွေများတယ်လို့ သိရပါတယ်။သဘင်ပညာရပ်ပိုင်းဆိုင်ရာ အခမဲ့သင်တန်း ကို အမျိုးသားယဉ်ကျေးမှုနှင့် အနုပညာတက္ကသိုလ်(ရန်ကုန်)နဲ့ အမျိုးသားယဉ်ကျေးမှုနှင့် အနုပညာတက္ကသိုလ် (မန္တလေး) တို့မှာ အငြိမ်းစား ဆရာ၊ ဆရာမများနဲ့ သဘင်ပညာသည် ပညာရှင်ကြီးတွေက သဘင်ပညာရပ်တွေဖြစ်တဲ့ ဇာတ်သဘင်၊ ဆိုင်း၊ အငြိမ့်၊ ရုပ်သေး၊ ရာမယဏ၊ မျက်လှည့် နဲ့ အခြေခံအကပညာရပ်တွေကို သင်ကြားပေးသွားမှာ ဖြစ်ပါတယ်။
သဘင်ပညာရပ်ပိုင်းဆိုင်ရာ အခမဲ့သင်တန်းကိုတော့ ဇွန်၊ ဇူလိုင်နှစ်လသင်ကြားမှာ ဖြစ်ပြီး အပတ်စဉ် စနေနဲ့ တနင်္ဂနွေနေ့တွေမှာ သင်ကြားပေးသွားမှာ ဖြစ်ပါတယ်။ သင်တန်းသင်ကြားမှု ပြီးစီးချိန်မှာလည်း သင်တန်းဆင်း လက်မှတ်တွေ ပေးအပ်သွားမှာ ဖြစ်တယ်လို့ သိရပါတယ်။",3.0,1.0,2.0,5.0,5.0,"The text reports on a vocational training initiative for traditional Burmese performing arts. It is well-structured, clean, and uses authentic terminology related to Burmese culture and arts. It provides factual information about the training program, though it lacks complex reasoning or deep academic analysis, serving primarily as a news report."
<urn:uuid:81f42cf8-ec7f-4a85-afa5-81a8923708d2>,"မြန်မာ – ဂျပန်နှစ်နိုင်ငံ ချစ် ကြည်ရေးကို ရည်ရွယ်ပြီး MNTV ရုပ်သံလိုင်းနဲ့ IIBတို့ပူးပေါင်း ရိုက် ကူးမယ့် My Country My Home ‘ဇာတိမြေ’ ရုပ်ရှင်ဇာတ်ကား စာနယ် ဇင်းမိတ်ဆက်ပွဲ အခမ်းအနားကို သြဂုတ်လ ၇ ရက်နေ့ နေ့လယ် ၁ နာရီက နိုဗိုတယ်ဟိုတယ်မှာ ကျင်းပ ပြုလုပ်ခဲ့ပါတယ်။ ဒီဇာတ်ကားကို တော့ ဒါရိုက်တာ ကြည်ဖြူသျှင်က ၈၈ အရေးတော်ပုံကို ဇာတ်အိမ် အခြေခံရိုက်ကူးသွားမှာဖြစ်ပြီး အဓိကသရုပ်ဆောင်များအဖြစ် ရန်အောင်၊ အောင်ရဲလင်း၊ ဝတ်မှုံ ရွှေရည်တို့နဲ့အတူ မြန်မာနိုင်ငံ ဖွား ဂျပန် J-Pop အဆိုတော် မိုရီဆာ ကီဝင်းတို့ ပါဝင်သရုပ်ဆောင်ကြမှာ ဖြစ်ပါတယ်။
‘ဇာတိမြေ’ဇာတ်ကားရဲ့ ၇ဝ ရာခိုင်နှုန်းကိုတော့ ဂျပန်နိုင်ငံမှာ ရိုက်ကူးမှာဖြစ်ပြီး ကျန် ၃ဝ ရာခိုင် နှုန်းကိုတော့ မြန်မာနိုင်ငံမှာ ရိုက်ကူး သွားမယ်လို့ သိရပါတယ်။ ဒီဇာတ် ကားရဲ့ ရည်ရွယ်ချက်ကတော့ မြန်မာနိုင်ငံသားအနေနဲ့ ဘယ်နိုင်ငံ မှာပဲ ရှိပါစေ၊ ကိုယ့်တိုင်းပြည်၊ ကိုယ့် လူမျိုး၊ ကိုယ့်ဇာတိမြေကို ချစ်ရမယ် ဆိုတဲ့ အသိတရားများ နိုးကြားလာ စေဖို့ ရည်ရွယ်တာဖြစ်ပါတယ်။ ဒါရိုက်တာ ကြည်ဖြူသျှင်ကလည်း ဇာတ်ကားအကြောင်းပြောပြရာမှာ……..
“အစ်မတို့ ဒီဇာတ်ကားမရိုက် ကူးခင်မှာ ဂျပန်နိုင်ငံမှာရော၊ မြန်မာ နိုင်ငံမှာပါ meeting တွေ ခဏခဏ လုပ်ဖြစ်တယ်။ အခုတော့ ဇာတ်ညွှန်း အချောသတ် အခြေအနေရောက်နေ ပါပြီ။ ကိုရန်အောင်ရဲ့ ကာရိုက်တာက ရှစ်၎လုံးအရေးတော်ပုံမှာ ပါဝင်တဲ့ ကျောင်းသားခေါင်းဆောင် တစ် ယောက်ပေါ့။ သူက ဂျပန်နိုင်ငံမှာ နိုင်ငံရေးခိုလှုံခွင့်နဲ့ ရောက်သွားတယ်။ ၈ လေးလုံးနောက်ပိုင်းမှာလည်း နိုင်ငံရေးလှုပ်ရှားမှုတွေကို လုပ်နေ သေးတယ်ဆိုတာ ပါးပါးလေးပြတာ ပါ။ ပါးပါးလေးဆိုပေမယ့် အကုန်ပါ ဝင်တယ်။ ဒီဇာတ်ကားကြည့်ခြင်းအား ဖြင့် ပုံရိပ်တွေ၊ ခံစားချက်တွေ ပါဝင် နေပါတယ်။ ဂျပန်နိုင်ငံမှာ သွားရိုက် ကူးရတာကိုက တာဝန်ကြီးတယ်။ ငွေကုန်ကြေးကျလည်းများတယ်။ နောက်ပြီး ဒီဇာတ်ကားဟာ နိုင်ငံ ရေးနွှယ်တဲ့ဇာတ်ကားဖြစ်တဲ့အတွက် နိုင်ငံရေးသမားတွေရော၊ ဂျပန်အစိုး ရဘက်၊ မြန်မာပရိသတ်အားလုံးကြည့် ကြမှာဖြစ်တဲ့အတွက် Pressure လည်းများသလို၊ ဂုဏ်လည်း ယူရပါ တယ်”လို့ ပြောပြပါတယ်။
‘ဇာတိမြေ’ဇာတ်ကားကိုတော့ ဂျပန်နိုင်ငံက မြန်မာအများစုနေထိုင် တဲ့ ရပ်ကွက်မှာ အခြေတည်ရိုက်ကူး မှာဖြစ်ပြီး တခြားသောဂျပန်နိုင်ငံက ထူးခြားတဲ့နေရာတွေနဲ့ မြန်မာနိုင်ငံ က ရှမ်းပြည်နယ်ရှိ အင်းလေးဒေသ တွေမှာ အဓိကရိုက်ကူးသွားမယ်လို့ သိရပါတယ်။ ဂျပန်နိုင်ငံမှာ သွား ရောက်ရိုက်ကူးမှုတွေကို သြဂုတ်လ မှာပဲ စတင်မှာဖြစ်ပြီး စက်တင်ဘာ လမှာတော့ မြန်မာနိုင်ငံမှာ ရိုက်ကူး သွားမှာ ဖြစ်ပါတယ်။
မြတ်မိုးပွင့်
ဓာတ်ပုံ – အောင်ဇော်မင်း",2.0,1.0,2.0,4.0,5.0,"The text is a journalistic report about a film production. It provides cultural context regarding Myanmar-Japan relations and historical references (8888 uprising). It is clean, well-structured, and uses natural, authentic Burmese phrasing, though it lacks deep educational or complex reasoning content, serving primarily as a news update."
<urn:uuid:9c3b506e-1474-4710-8efd-89a01f3fad45>,"Myanmar Now သတင်းထောက်ချုပ် ကိုဆွေဝင်း ကို အမှုဖွင့်ထားတာတွေနဲ့ ပတ်သက်ပြီး သာသာနာရေးဝန်ကြီး ဌာနက စာနဲ့ အကြောင်းပြန်ကြားခဲ့တာဟာ တရားစီရင်ရေးကို ဝင်ရောက်စွက်ဖက်တာ မဟုတ်ဘဲ ပုဂ္ဂိုလ်ရေး ဆိုင်ရာ ပြန်ကြားချက်သာဖြစ်ကြောင်း သာသနာရေးနဲ့ ယဉ်ကျေးမှုဝန်ကြီးဌာနက မနေ့က ထုတ်ပြန်လိုက်ပါတယ်။
ကိုဆွေဝင်း ကို မဘသအဖွဲ့ဝင်တွေက တရားစွဲဆိုထားတဲ့အပေါ် သာသနာရေးဝန်ကြီးဌာနရဲ့ စာအကြောင်း RFA က မေးမြန်းရာမှာ သာသနာရေးနဲ့ ယဉ်ကျေးမှုဝန်ကြီးဌာန ပြောရေးဆိုခွင့်ရှိသူ ဦးအောင်ဆန်းဝင်း က အခုလိုပြောပါတယ်။
""အဲဒါတော့ ကျနော်တို့ မသိဘူးခင်ဗျ၊ ကျွန်တော်တို့က ဦးဆွေဝင်း ကိုပဲ သဘောထားမှတ်ချက်ပေးတာပါ၊ ကွန်တော်တို့ကတော့ အဲဒီမှာ ထုတ်ပြန်ထားတဲ့အတိုင်းပါပဲ""
မန္တလေး မဟာအောင်မြေမြို့နယ် ရဲစခန်းနဲ့ ရန်ကုန် ကျောက်တံတားမြို့နယ် ရဲစခန်းတွေမှာ ပုဒ်မ ၆၆-ဃ ဆက်သွယ်ရေးပုဒ်မ၊ ပုဒ်မ ၂၉၅-က သာသနာညှိုးနွမ်းစေမှု ပုဒ်မတွေနဲ့ ကိုဆွေဝင်းကို မဘသအဖွဲ့ဝင်တွေက တရားစွဲဆိုထားတာဖြစ်ပါတယ်။ ကိုဆွေဝင်းက သာသနာရေးဦးစီးဌာနရဲ့ သဘောထားမှတ်ချက် တောင်းခံ လာတဲ့အတွက် အကြောင်းပြန်ကြားခဲ့တာလို့ ပြောပါတယ်။
အဲဒီစာဟာ ပြီးခဲ့တဲ့ရက်ပိုင်းက လူမှုကွန်ရက်ပေါ်မှာ ပျံ့နှံ့သွားတာ ဖြစ်ပါတယ်။
အဲဒီစာမှာ ကိုဆွေဝင်းရဲ့ ပြောကြားချက်တွေဟာ သတင်းသမားတစ်ဦးအနေနဲ့ တဆင့်ဝေဖန်ဖော်ပြခြင်းသာဖြစ် တာကြောင့် ဦးဝီရသူကို အသရေဖျက်ရာ မရောက်ကြောင်း သုံးသပ်ထားပါတယ်။ ကိုဆွေဝင်းရဲ့ ဦးဝီရသူနဲ့ ပတ်သက်ပြီး ဝေဖန်ချက်တွေဟာ သာသနာတော်နဲ့ ပတ်သက်လို့ မည်သည့် ငြိစွန်းချက်မှ မပါရှိတာကြောင့် ပုဒ်မ ၂၉၅-က ကိုလည်း ကျူးလွန်ရာမရောက်ဘူးလို့ ရေးသားထားပါတယ်။
အဲဒီအကြောင်းပြန်ကြားစာကိုလည်း ရုံးဌာနတွေ၊ အဖွဲ့အစည်းတွေကို အကြောင်းကြားတာမျိုးတွေမရှိဘဲ ကိုဆွေဝင်းဆီကိုသာ ပေးပို့ခဲ့တာ ဖြစ်တယ်လို့လည်း ရေးသားထားပါတယ်။",2.0,2.0,2.0,5.0,5.0,"The text is a well-written, professional news report about a specific legal and religious controversy in Myanmar. It uses natural, authentic Burmese phrasing and terminology (e.g., Ma Ba Tha, Section 66-d). It provides factual reporting on a complex social issue, making it useful for understanding contemporary Burmese political and religious discourse."
<urn:uuid:c3d1eb3c-1762-4a7f-97de-9e015f2b63c0>,"“သပိတ်စုံ သူပုန်ထ” ရန်ကုန်မှာဆန္ဒပြ
""သပိတ်စုံသူပုန်ထ"" ဆိုတဲ့ခေါင်းစဉ်နဲ့ စစ်အာဏာရှင်ဆန့်ကျင်ရေးဆန္ဒပြလှုပ်ရှားမှုတခုကို ဇွန်လ ၁၄ ရက် ဒီမနက်ပိုင်း ၈ နာရီလောက်က ရန်ကုန်၊ တာမွေမြို့နယ်၊ကျောက်မြောင်း သီတာလမ်းနဲ့ ဗညားဒလလမ်းမကြီးပေါ်မှာ ပြုလုပ်ခဲ့ပါတယ်။
ထင်ရှားတဲ့ ကျူးဘားတော်လှန်ရေးခေါင်းဆောင် ချေဂွေဗားရားရဲ့မွေးနေ့မှာ အခုလို ဆန္ဒပြခဲ့ကြတာဖြစ်ပြီး ရန်ကုန်မြို့က လူငယ်တွေ၊ မြို့နယ်သပိတ်အဖွဲ့တွေ၊ ကျောင်းသားသမဂ္ဂမတွေ၊ အထွေထွေသပိတ်ကော်မတီ GSC တို့ပူးပေါင်းပြီး ပြုလုပ်ခဲ့ကြတာပါ။
ဆန္ဒပြလူစုခွဲပြီး မကြာခင်မှာ စစ်တပ်တွေရောက်ရှိလာပြီး အခုအချိန်အထိလည်း သီတာလမ်း တစ်ဘက်ခြမ်း ဗညားဒလလမ်းမကြီးပေါ်မှာ စစ်ကားတစ်စီးနဲ့ စစ်သားတွေ စောင့်ကြည့်နေပါတယ်။
ရန်ကုန်၊ မန္တလေး၊ မုံရွာ၊ တနင်္သာရီတိုင်း နေရာ ၄ ခုမှာ ဇွန်လ ၁၄ ရက်နေ့က တပြိုင်နက်တည်း သပိတ်စုံသူပုန်ထ တပ်ဦး သပိတ်စစ်ကြောင်းကိုပြုလုပ်ခဲ့တာဖြစ်ပါတယ်။",1.0,1.0,2.0,5.0,5.0,"The text is a factual news report about political protests in Myanmar. It is clean, well-formatted, and uses authentic Burmese terminology and local context. While it lacks deep educational or complex reasoning content, it is a clear, professional, and culturally accurate piece of journalism."
<urn:uuid:46641b29-efdd-442f-9381-38dca2232619>,"KIO ဥက္ကဋ္ဌဟောင်း ဦးမလိဇွပ်ဇော်မိုင် ကွယ်လွန်
ကချင် လွတ်လပ်ရေး အဖွဲ့၊ ကချင် လွတ်လပ်ရေး တပ်မတော် (KIA/KIO) အဖွဲ့၏ ဥက္ကဋ္ဌဟောင်း ဦးမလိဇွပ်ဇော်မိုင် ၈၁ နှစ် သည် ရန်ကုန်မြို့ အာရှတော်ဝင် ဆေးရုံ၌ အောက်တိုဘာလ ၂၇ နံနက်ပိုင်း ၅ နာရီခွဲ ခန့်တွင် ကွယ်လွန်သွားသည်ဟု သတင်း ရရှိသည်။
ဦးမလိဇွပ်ဇော်မိုင်ကို အင်ခွန်ဇော်မိုင်ဟုလည်း ခေါ်ဆိုကြပြီး ၎င်းသည် ၁၉၅၇ ခုနှစ်က ကချင် လက်နက်ကိုင် တော်လှန်ရေး စတင်ရန် လားရှိုးမြို့၌ ကချင် ကျောင်းသား လူငယ် ၇ ဦးဖြင့် ဖွဲ့စည်းခဲ့သည့် ခုနစ်စင်ကြယ် အဖွဲ့ (7 Stars) တွင် ပါဝင်ခဲ့သူ ဟုလည်း လူသိများသည်။
7 Stars အဖွဲ့ဝင်များက ၁၉၆၀ ပြည့်နှစ် အောက်တိုဘာလတွင် KIO ကို စတင် တည်ထောင်လိုက်ပြီး ၁၉၆၁ ခုနှစ် ဖေဖော်ဝါရီလ ၅ ရက်နေ့တွင် KIA ကို တည်ထောင်ခဲ့သည်။
ဦးမလိဇွပ်ဖော်မိုင်သည် ၁၉၉၄ ခုနှစ် သြဂုတ်လမှ ၂၀၀၁ ခုနှစ်အထိ KIO ဥက္ကဋ္ဌ နှင့် KIA စစ်ဦးစီးချုပ် ဗိုလ်ချုပ် မလိဇွပ်ဇော်မိုင် အဖြစ် တာဝန် ထမ်းဆောင်ခဲ့ပြီး ၁၉၉၄ ခုနှစ်က စစ်အစိုးရနှင့် KIA ကြား ရေးထိုးခဲ့သည့် အပစ်ရပ် စာချုပ် တွင်လည်း ပါဝင် လက်မှတ်ထိုးခဲ့သူ ဖြစ်သည်။
၂၀၀၀ ပြည့်နှစ်တွင် တပ်တွင်းအင်အားဖြင့် အာဏာသိမ်းကာ ရာထူးမှ ဖြုတ်ချ ခံလိုက်ရပြီးနောက် အရပ်သားအဖြစ် ပြောင်းလဲနေထိုင်ခဲ့ခြင်း ဖြစ်သည်။
ပြန်ကြားရေး ဝန်ကြီးဟောင်း ဦးရဲထွဋ် ကတော့ ဦးမလိဇွပ်ဇော်မိုင်သည် စာဖတ်နာသည့် စစ်ဗိုလ်ချုပ် တဦးဖြစ်ကြောင်း ဦးမလိဇွပ်ဇော်မိုင် တဲထဲသို့ ၎င်းကိုယ်တိုင် ရောက်ရှိခဲ့စဉ်က များပြားသည့် စာအုပ်များကို တွေ့ရှိခဲ့ရသကဲ့သို့ အတူ စကား ပြောစဉ်တွင်လည်း မှတ်သားစရာ များစွာတွေ့ရှိခဲ့ရကြောင်း ၎င်း၏ လူမှု ကွန်ရက် Facebook စာမျက်နှာထက်တွင် အောက်မေ့ သတိရစာ ရေးသားထားသည်ကို တွေ့ရသည်။
ဦးရဲထွဋ် က “ငြိမ်းချမ်းရေး ဆွေးနွေးပွဲ ကာလတုန်းက ဆုံခဲ့တဲ့ သူ့ပုံရိပ်တွေ၊ သူ့စကားတွေ၊ စာအုပ်ပုံတွေ ကြားမှာထိုင်ပြီး ကျနော်တို့ကိုု ဧည့်ခံခဲ့တဲ့ အမှတ်တရ အဖြစ်တွေကိုတော့ တိုက်ဆိုင်မှုရှိတိုုင်း သတိရနေမိတယ်။ သူပြောခဲ့တဲ့ စကား တခွန်းကိုု အကြောင်းပြုပြီး စာတပုဒ်တောင် ရေးဖြစ်ခဲ့တယ်။ အခုတော့ သူကွယ်လွန်သွားခဲ့ပြီ။ သူမရှိတော့ဘူးဆိုမှ သူ့ကိုု တခေါက် တခါလောက် သွားပြီး တွေ့သင့်ခဲ့တယ်ဆိုုပြီး နောင်တရမိတယ်” ဟု ဆိုသည်။
၎င်းတာဝန် ထမ်းဆောင်စဉ်ကာလ အုပ်ချုပ်ရေး ကိုင်တွယ်ရာတွင် ကြမ်းသည်ဟု မှတ်ချက်ချသူများလည်း ရှိသလို ၎င်းသည် စိတ်သဘောထား ကောင်းမွန်သည့် ခေါင်းဆောင်တဦး ဖြစ်ကြောင်း မှတ်ချက်ပြုသူများလည်း ရှိသည်။
ကချင်ပြည်နယ် ဒီမိုကရေစီ ပါတီ (KSDP) ဥက္ကဋ္ဌ ဒေါက်တာ တူးဂျာက ဦးမလိဇွပ်ဇော်မိုင်သည် KIO ကို စတင်တည် ထောင်ပြီး ကချင်တော်လှန်ရေး လမ်းစဉ်များကို လမ်းညွှန်ခဲ့သူ တဦးဖြစ်သည့်အပြင် ထင်ပေါ် ကျော်ကြားသည့် ခေါင်းဆောင် တဦးလည်း ဖြစ်သည်ဟု မှတ်ချက်ပြုသည်။
ရန်ကုန်အခြေစိုက် တိုင်းရင်းသား နိုင်ငံရေးလေ့လာသူ ဦးမောင်မောင်စိုး၏ ၂၀၁၆ ခုနှစ်ထုတ် တိုင်းရင်းသား လက်နက်ကိုင် များအကြောင်း တစေ့စောင်း စာအုပ်ပါ KIA အခန်းကဏ္ဍတွင် ဦးမလိဇွပ်ဇော်မိုင်သည် အုပ်ချုပ်ရေး အကိုင်အတွယ် ကြမ်း ခြင်း၊ အစိုးရနှင့် အပစ်ရပ်စာချုပ် ချုပ်ဆိုထားစဉ် အတွင်း စီးပွားရေး လုပ်ဆောင်ခြင်း၊ မြစ်ဆုံ ဒေသအတွင်း ရွှေတူးဖော်ခြင်း များကြောင့် ၎င်းအပေါ် မကျေနပ်မှုများလည်း ရှိနေကြပြီးသည့်နောက် ၂၀၀၀ ပြည့်နှစ်တွင် ရာထူးမှ ဖြုတ်ချပြီး အာဏာ သိမ်း ခံလိုက်ရခြင်း ဖြစ်သည်ဟု ရေးသားထားသည်။
ထိုရာထူး ဖြုတ်ချရေးကို ဦးဆောင်ခဲ့သူမှာ လက်ရှိ KIO ဥက္ကဋ္ဌ တာဝန်ယူထားသည့် ဗိုလ်ချုပ်ကြီး အင်ဘန်လ ဖြစ်သည်ဟု အများက သတ်မှတ်ထားကြောင်းလည်း ရေးသားထားသည်။
ဦးမလိဇွပ်ဇော်မိုင် ကွယ်လွန်ခြင်း သတင်းကြောင့် ကချင်လူမှု အသိုင်းအဝိုင်းများကြား ဝမ်းနည်းကြောင်း ထုတ်ဖော် ပြောဆိုလာသူများ ရှိသလို အများစုကလည်း ဦးမလိဇွပ်ဇော်မိုင်သည် ခေါင်းဆောင်ကောင်း တဦးဖြစ်ကြောင်း၊ ကွယ်လွန် သွားသည့် သတင်းကြောင့် ဝမ်းနည်းရကြောင်း လူမှုကွန်ရက်ပေါ်တွင် ရေးသားကြသည်ကို တွေ့ရသည်။
KIA စစ်ဦးစီးချုပ်ဟောင်း ဦးမလိဇွပ်ဇော်မိုင်၏ ဈာပနအခမ်းအနားကို နိုဝင်ဘာလ ၁ ရက်၌ မြစ်ကြီးနားမြို့ စီတာပူ ရပ်ကွက်၊ နေအိမ်အနီးရှိ စီတာပူ ကချင်နှစ်ခြင်း ခရစ်ယာန် အသင်းတော်တွင် ဝတ်ပြုဆုတောင်းပွဲ ပြုလုပ်ကာ ဂျော်ဘွမ် ခရစ်ယာန် သုသာန်တွင် ဂူသွင်းသဂြိုဟ်သွားမည်ဟု သိသည်။",3.0,2.0,2.0,5.0,5.0,"The text is a well-written, objective news report about a significant historical figure in Burmese ethnic politics. It provides biographical and historical context suitable for educational purposes, maintains a neutral tone, and uses natural, authentic Burmese language with appropriate cultural and political terminology."
<urn:uuid:2d40fb2d-ca0a-4eec-a021-446eb403fa78>,"နိုင်ငံတွင်း တရားဥပဒေ စိုးမိုးရေးဟာ အရေးကြီးဆုံး ဖြစ်တယ်လို့ ပဲခူးတိုင်း ဖြူးမြို့နယ်မှာ တနင်္လာနေ့က ပြုလုပ်တဲ့ NLD မြို့နယ်ရုံးသစ် ဖွင့်ပွဲကို တက်ရောက်လာတဲ့ NLD ပါတီ နာယက ဦးတင်ဦးက ပြောပါတယ်။ ဒါတင်မက အလုပ်သမား လယ်သမားသမဂ္ဂတွေ လွတ်လွတ်လပ်လပ် ဖွဲ့စည်းဆောင်ရွက် နိုင်ခွင့် အတွက်လည်း သူက တိုက်တွန်း ပြောကြားသွားခဲ့ပါတယ်။ အကြောင်းစုံကို မသိင်္ဂီထိုက်က တင်ပြထားပါတယ်။
NLD ပါတီက လာမယ့် ကြားဖြတ် ရွေးကောက်ပွဲမှာ အနိုင်ရပြီး လွှတ်တော်ထဲကို ရောက်ရင် ဒီမိုကရေစီ အကျင့်အကြံနဲ့ မကိုက်ညီတဲ့ ဖွဲ့စည်းပုံ အခြေခံဥပဒေထဲက အချက်အလက်တွေကို ပြင်မယ်ဆိုပြီး NLD ပါတီရဲ့ နာယက ဦးတင်ဦးက တနင်္လာနေ့မှာ ပြောပါတယ်။ ပဲခူးတိုင်း ဖြူးမြို့နယ်မှာ NLD ရုံးသစ်ဖွင့်ပွဲမှာ လာရောက်ကြတဲ့ ထောင်နဲ့ချီတဲ့ ဒေသခံလူထုကို ပြောဆိုခဲ့တာ ဖြစ်တယ်လို့ ဖြူးမြို့နယ် NLD ပါတီရဲ့ စည်းရုံးရေး တာဝန်ခံ ဦးသက်စိန် က အခုလို ပြောပါတယ်။
“ဒီ တိုင်းပြည်တစ်ပြည်မှာ ဥပဒေ စိုးမိုးရေးဟာ အရေးကြီးဆုံး ဆိုတဲ့အကြောင်းနဲ့ ခေတ်အဆက်ဆက် ဖြစ်လာတဲ့ တချို့ ဥပဒေတွေက ပြည်သူလူထုအတွက် ဖိနှိပ်တဲ့ ဥပဒေတွေ ဖြစ်နေတယ်၊ ဒါကြောင့်မိုလို့ ပြည်သူတွေ အေးအေးချမ်းချမ်း နေဖို့အတွက်ဆိုရင် မလိုလားအပ်တဲ့ ဥပဒေတွေကို ပြင်ရမယ်လို့ဆိုပြီး တရားဥပဒေ စိုးမိုးရေးကို ပထမ ထည့်ပြောပါတယ်ခင်ဗျ။ တိုင်းရင်းသား လက်နက်ကိုင် အဖွဲ့အစည်းတွေ အနေနဲ့ ငြိမ်းချမ်းရေး အပြီးအပိုင် ရရှိရေးအတွက်ကို ပင်လုံစိတ်ဓါတ်နဲ့ ဆောင်ရွက်ရမယ် ဆိုပြီးတော့ ပြည်သူလူထုများကလည်း ၀ိုင်းဝန်းကူညီကြဖို့ ပြောပါတယ်။ NLD အနေနဲ့ လွှတ်တော်ထဲရောက်ရင် အခြေခံဥပဒေကို ပြင်ရမယ်လို့ ပြောပါတယ်။ ဘာကြောင့်လဲဆိုတော့ ဒီ လက်ရှိ အခြေခံဥပဒေဟာ ဒီမိုကရေစီကျင့်စဉ် အတွက်ကို တချို့ဟာတွေက မကိုက်ညီတဲ့အတွက်ကြောင့် ဒီဟာတွေကို လွှတ်တော်ထဲ ရောက်လို့ရှိရင် ပြင်ရမယ် ပြောပါတယ်ခင်ဗျ။ နိုင်ငံတကာနဲ့ စီးပွားရေး စာချုပ် ချုပ်တဲ့အခါမှာ ပြည်သူတွေရဲ့ အကျိုးစီးပွားကို အရင်ကြည့်ရမယ် ဆိုပြီးတော့လည်း ပြောသွားပါတယ်။ တောင်သူလယ်သမား အစည်းအရုံးတို့၊ အလုပ်သမား သမဂ္ဂ တို့ ဖြစ်လာမှ ဒါတွေဟာ တောင်သူလယ်သမားတွေ အလုပ်သမားတွေ အတွက်ကို အကာအကွယ် ပေးနိုင်မယ်၊ အခုကတော့ ဖွဲ့စည်းပုံတော့ သူတို့ ခွင့်ပြုထားတယ်။ တကယ်တမ်းကျတော့ ဖွဲ့လို့မရသေးဘူးဆိုတော့ ဘာနဲ့တူလဲဆိုရင်တဲ့၊ အမြောက်ပေးထားပြီးတော့ ကျည်ဆံမပေးတာနဲ့ တူပါတယ်တဲ့။”
ဖြူးမြို့နယ်တွင်းမှာ ပြည်ထောင်စု ကြံ့ခိုင်ရေးနဲ့ ဖွံ့ဖြိုးရေးပါတီ တစ်ခုတည်း ရှိနေရာကနေ အခု NLD ရုံးကို ပြန်ပြီး ဆိုင်းဘုတ်တင် ဖွင့်လှစ်နိုင်တာ ဖြစ်တယ်လို့လည်း ဒေသခံတွေက ပြောပါတယ်။ ရုံးခွဲဖွင့်လှစ်ပြီးရင် ပါတီဝင်သစ် စုဆောင်းတာ၊ ရွေးကောက်ပွဲ အောင်နိုင်ရေးတို့ကို တစိုက်မတ်မတ် လုပ်ဆောင်သွားမယ် လို့လည်း NLD တာဝန်ခံတွေက ပြောပါတယ်။ လတ်တလော ဖြူးမြို့နယ်အတွင်းမှာ NLD ပါတီဝင် လေးထောင်နီးပါး ရှိတယ်လို့လည်း ဦးသက်စိန်က ပြောပါတယ်။
“အရင်တုန်းက ကျနော်တို့ ဆိုင်းဘုတ်တင်လို့ မရဘူးလေ။ ဆိုင်းဘုတ်တင်လို့ မရသလို ရုံးအနေနဲ့ သီးခြား မရှိဘူးပေါ့။ အခုကတော့ ကျနော်တို့ ရုံးကို သီးခြား ဖွင့်လိုက်တာပါခင်ဗျ။”
NLD ပါတီက တရားဝင် နိုင်ငံရေးပါတီအဖြစ် မှတ်ပုံတင်ပြီးနောက်ပိုင်းကစလို့ နိုင်ငံတ၀ှမ်းမှာ ပါတီရုံးခွဲတွေကို ပြန်ပြီး ဖွင့်လှစ်နေတာ ဖြစ်ပါတယ်။ ပါတီဝင်သစ် စုဆောင်းမှုတွေကိုလည်း ပြန်ပြီး လုပ်ဆောင်နေတာပါ။ လာမယ့် ကြားဖြတ် ရွေးကောက်ပွဲမှာ လစ်လပ်နေရာ ၄၈ နေရာ ၀င်ရောက် ယှဉ်ပြိုင် အနိုင်ရရေး အတွက်လည်း ပါတီခေါင်းဆောင် ဒေါ်အောင်ဆန်းစုကြည်ဟာ နိုင်ငံတ၀ှမ်း ခရီးလှည့်လည်ပြီး မဲဆွယ်စည်းရုံးမှုတွေ လုပ်ဆောင်နေပါတယ်။",2.0,2.0,2.0,5.0,5.0,"The text is a journalistic report on political activities in Myanmar. It provides basic information about political platforms and legal issues, suitable for general awareness. It is clean, well-structured, and uses natural, authentic Burmese language, reflecting local political context and terminology accurately."
<urn:uuid:2cb03e07-553f-4af7-bd2e-382631cf7286>,"၂၀၁၇ ခုနှစ်ထဲမှာ မြန်မာပရိသတ်တွေကြားမှာ ရေပန်းစားခဲ့သူတစ်ဦးကတော့ မိုရီဆာကီဝင်းပါ။ မိုရီဆာကီဝင်းက ဂျပန်နိုင်ငံက အမျိုးသားပေါ့ပ်ဂီတအဖွဲ့တစ်ဖွဲ့ဖြစ်တဲ့ Prizma X အဖွဲ့ရဲ့ အဖွဲ့ဝင်တစ်ဦးအဖြစ် ဂျပန်နိုင်ငံအနုပညာလောကမှာ အောင်မြင်မှုတစ်ခုကိုရယူထားနိုင်သူ တစ်ဦးဖြစ်ပါတယ်။ မိုရီဆာကီဝင်းကို မြန်မာပရိသတ်တွေကြားမှာ သိလာစေခဲ့တာကတော့ My Country My Home (ဇာတိမြေ) လို့ အမည်ပေးထားတဲ့ ဂျပန်နိုင်ငံနဲ့ မြန်မာနိုင်ငံက အနုပညာရှင်၊ အတတ်ပညာရှင်တွေ ပူးပေါင်းရိုက်ကူးမယ့် ဇာတ်ကားမှာ အဓိကဇာတ်ဆောင်တစ်ဦးအဖြစ် ပါဝင်မယ်ဆိုတဲ့ စာနယ်ဇင်း မိတ်ဆက်ပွဲကနေတစ်ဆင့် သိလာစေခဲ့တာဖြစ်ပါတယ်။ အဲဒီ ဇာတ်ကား မိတ်ဆက်ပွဲမတိုင်ခင်မှာ ဂျပန်-မြန်မာ ချစ်ကြည်ရေးဖျော်ဖြေပွဲမှာလည်း Prizma X အဖွဲ့နဲ့အတူ မိုရီဆာကီဝင်းက မြန်မာနိုင်ငံမှာ ပထမဆုံးဖျော်ဖြေမှုတွေ လုပ်ခဲ့တယ်လို့ သိရပါတယ်။
My Country My Home (ဇာတိမြေ) ဇာတ်ကားက ဂျပန် နိုင်ငံရောက် မြန်မာနိုင်ငံသားတစ်ဦးရဲ့ မိသားစုဘ၀နဲ့ ဖြတ်သန်းမှုတွေကို သူ့ရဲ့မျိုးဆက်အထိ ရိုက်ကူးထားတာဖြစ်ပြီး အဲဒီဇာတ်ကားမှာ မိုရီဆာကီဝင်းကလည်း ဂျပန်နိုင်ငံရောက် မြန်မာနိုင်ငံသား လူငယ်တစ်ဦးအဖြစ် ပါဝင်သရုပ်ဆောင်ထားတယ်လို့ သိရပါတယ်။
မြန်မာပရိသတ်တွေက အ၀င်းလို့ ချစ်စနိုးခေါ်ကြတဲ့ မိုရီဆာကီဝင်း ၁၀ နှစ်သားလောက်မှာ မိဘတွေရှိတဲ့ ဂျပန်ကိုထွက်ခွာသွားခဲ့ပါ။ ဂျပန်နိုင်ငံမှာ ပညာသင်ကြားနေရင်း ၁၄ နှစ်သားလောက်မှာ အနုပညာအလုပ်တွေ စပြီးလုပ်ဖြစ်ခဲ့တယ်လို့ သိရပါတယ်။ Stardust Promotion မှာအရွေးခံရပြီး Prizma X အဖွဲ့မှာ ပါဝင်ခွင့်ရခဲ့တယ်လို့ သိရပါတယ်။ J Pop လို့ခေါ်တဲ့ Prizma X အဖွဲ့မှာ မိုရီဆာကီဝင်းက သူကိုယ်တိုင်ရေးထားတဲ့ သီချင်းလေးတွေလည်း ဆိုဖြစ်ပြီး Prizma X အဖွဲ့ထဲကိုရောက်တာ ခြောက်နှစ်ကျော် အနုပညာသက်တမ်းအတွင်း ၂၀၁၇ ခုနှစ် သြဂုတ် ၃၁ ရက်မှာ တော့ Prizma X အဖွဲ့ရဲ့ ရှစ်ချပ်မြောက်အယ်လ်ဘမ်ကို ဖြန့်ချိခဲ့ပါတယ်။
မိုရီဆာကီဝင်းအနေနဲ့ ဂျပန်နိုင်ငံမှာ ဂီတအနုပညာအပြင် သရုပ်ဆောင် တစ်ဦးအနေနဲ့လည်း ဇာတ်ကားသုံးကားလောက် ရိုက်ကူးဖြစ်ခဲ့ပြီး ဇာတ်ကား အများစုက ကျောင်းသားဇာတ်လမ်းတွေဖြစ်ပြီး ဇာတ်ကားတစ်ကားမှာသာ ခေါင်းဆောင်မင်းသားအဖြစ် ပါဝင်ထားတယ်လို့ သိရပါတယ်။
My Country My Home (ဇာတိမြေ) ဇာတ်ကားကစတင်ပြီး မြန်မာအနုပညာရှင်တွေနဲ့ ဇာတ်ကားတွေ တွဲဖက်ရိုက်ကူးခဲ့သလို ဘ၀တစ်စိတ်တစ်ပိုင်းကို ပုံဖော်ထားတဲ့ My Dream My Life ရုပ်သံဇာတ်လမ်းတွဲကိုလည်း MNTV ရုပ်သံလိုင်း၌ ထုတ်လွှင့်ပြသဖို့ စီစဉ်ထားပါတယ်။ မိုရီဆာကီဝင်းအနေနဲ့ နီနီခင်ဇော်၏ Good Kisser Music Video မှာလည်း ပါဝင်ထားပြီး အဲဒီ Music Video ကလည်း ပရိသတ်တွေကြားမှာ ရေပန်းစားလျက်ရှိပါတယ်။",1.0,1.0,2.0,5.0,5.0,"The text is a well-written, informative biographical article about a Burmese-Japanese artist. It is clean, uses natural Burmese phrasing, and provides cultural context relevant to the local entertainment industry. It lacks complex reasoning or high-level educational content, serving primarily as a celebrity profile."
<urn:uuid:26de7a60-e78f-4f1f-a96c-789a9d6abac1>,"(Zawgyi/Unicode)
မြန်မာနိုင်ငံတောင်ပိုင်းဒေသမှာ ပြီးခဲ့တဲ့ရက်ပိုင်းက မိုးကြီးရွာတဲ့အတွက် ရာနဲ့ချီတဲ့လူတွေ အိုးအိမ်မဲ့ဖြစ်နေကြရသလို ကိုဗစ်ကပ်ရောဂါ ထိန်းချုပ်ရေး လုပ်ငန်းတွေလည်း နှေးကွေးကုန်တယ်လို့ ဒေသခံတွေက ရိုက်တာသတင်းဌာနကို ဒီကနေ့ပြောပါတယ်။
ကိုဗစ်လူနာတွေကို ရေတက်နေတဲ့နေရာတွေကနေ ခြောက်သွေ့တဲ့နေရာတွေဆီ ကျန်းမာရေးလုပ်သားတွေ ရွှေ့ပြောင်းပေးခဲ့ကြရပါတယ်။
""အိမ်ခြေ ရာနဲ့ချီပြီး ရေမြုပ်နေပြီးတော့ ခေါင်မိုးလေးတွေပဲ မြင်ရပါတယ်"" လို့ ကရင်ပြည်နယ်၊ လှိုင်းဘွဲမြို့နယ်က လူမှုဝန်ထမ်း လုပ်သားတဦးဖြစ်သူ ဦးပြည့်စုံက ရိုက်တာသတင်းဌာနကို တယ်လီဖုန်းကတဆင့် ပြောပါတယ်။ တနင်္လာနေ့အစောပိုင်းကတည်းက ရေတက်လာနေတယ်လို့လည်း သူကပြောပါတယ်။
""မြို့မှာ ကိုဗစ်က ပျံ့နေပါတယ်။ အနံ့ပျောက်တဲ့လူတွေ၊ ဖျားနေတဲ့လူတွေ အများကြီးပါပဲ။ ဒါက ကိုဗစ်လား၊ ရာသီတုတ်ကွေးလားဆိုတာ သေချာမသိရပါဘူး။ ဒါပေမယ့် အခုတော့ လူတွေ အိမ်ထဲမှာလည်း နေလို့မရ၊ ဂေဟာတွေမှာလည်း နေလို့မရဆိုတော့ ရောဂါပိုးပျံ့တာ ပိုဆိုးလာနိုင်ပါတယ်"" လို့ ဦးပြည့်စုံက ပြောပါတယ်။
မြဝတီမြို့မှာလည်း ရေကြီးနေတဲ့ကြားထဲကပဲ ကုတင်ပေါ်မှာ အောက်ဆီဂျင်ပိုက်တန်းလန်းနဲ့ လူနာတွေကို ပရဟိတလုပ်သားတွေနဲ့ ကျန်းမာရေးဝန်ထမ်းတွေက ရွှေ့ပြောင်းပေးနေကြတာကို KIC သတင်းဌာနက ဖေ့စ်ဘုတ်ပေါ်မှာတင်ထားတဲ့ ဓာတ်ပုံတွေမှာ တွေ့ရပါတယ်။
ထိုင်း-မြန်မာနယ်စပ်က လူနေဒေသ ၅၀၀ လောက် ရေဘေးဒဏ်သင့်ပြီး လူရာပေါင်းများစွာ အိုးအိမ်မဲ့ဖြစ်နေတယ်လို့ KIC ကပြောပါတယ်။
မော်လမြိုင်မြို့မှာလည်း လူ ၅၀၀ ထက်မနည်း ရေဘေးဒဏ်သင့်နေတယ်လို့ ပရဟိတအဖွဲ့တခုရဲ့ အကြီးအကဲဖြစ်သူ ဦးဘိုဘိုဝင်းကပြောပါတယ်။
""ဒီနှစ်ရေကြီးတဲ့ဒဏ်က ၂၀၁၉ ခုနှစ်ကလောက် မဆိုးပါဘူး၊ ဒါပေမယ့် အခုဟာက ကပ်ရောဂါနဲ့ တည့်တည့်တိုးနေချိန်ဖြစ်နေပါတယ်"" လို့ ဦးဘိုဘိုဝင်းကပြောပါတယ်။
..................................................................................................
မွနျမာတောငျပိုငျးမိုးကွီးရလြှေံလို့ ကပျရောဂါထိနျးခြုပျရေးနှေးကှေး
(Unicode)
မွနျမာနိုငျငံတောငျပိုငျးဒသေမှာ ပွီးခဲ့တဲ့ရကျပိုငျးက မိုးကွီးရှာတဲ့အတှကျ ရာနဲ့ခြီတဲ့လူတှေ အိုးအိမျမဲ့ဖွဈနကွေရသလို ကိုဗဈကပျရောဂါ ထိနျးခြုပျရေး လုပျငနျးတှလေညျး နှေးကှေးကုနျတယျလို့ ဒသေခံတှကေ ရိုကျတာသတငျးဌာနကို ဒီကနပွေ့ောပါတယျ။
ကိုဗဈလူနာတှကေို ရတေကျနတေဲ့နရောတှကေနေ ခွောကျသှတေဲ့နရောတှဆေီ ကနျြးမာရေးလုပျသားတှေ ရှပွေ့ောငျးပေးခဲ့ကွရပါတယျ။
""အိမျခွေ ရာနဲ့ခြီပွီး ရမွေုပျနပွေီးတော့ ခေါငျမိုးလေးတှပေဲ မွငျရပါတယျ"" လို့ ကရငျပွညျနယျ၊ လှိုငျးဘှဲမွို့နယျက လူမှုဝနျထမျး လုပျသားတဦးဖွဈသူ ဦးပွညျ့စုံက ရိုကျတာသတငျးဌာနကို တယျလီဖုနျးကတဆငျ့ ပွောပါတယျ။ တနင်ျလာနအေ့စောပိုငျးကတညျးက ရတေကျလာနတေယျလို့လညျး သူကပွောပါတယျ။
""မွို့မှာ ကိုဗဈက ပြံ့နပေါတယျ။ အနံ့ပြောကျတဲ့လူတှေ၊ ဖြားနတေဲ့လူတှေ အမြားကွီးပါပဲ။ ဒါက ကိုဗဈလား၊ ရာသီတုတျကှေးလားဆိုတာ သခြောမသိရပါဘူး။ ဒါပမေယျ့ အခုတော့ လူတှေ အိမျထဲမှာလညျး နလေို့မရ၊ ဂဟောတှမှောလညျး နလေို့မရဆိုတော့ ရောဂါပိုးပြံ့တာ ပိုဆိုးလာနိုငျပါတယျ"" လို့ ဦးပွညျ့စုံက ပွောပါတယျ။
မွဝတီမွို့မှာလညျး ရကွေီးနတေဲ့ကွားထဲကပဲ ကုတငျပျေါမှာ အောကျဆီဂငျြပိုကျတနျးလနျးနဲ့ လူနာတှကေို ပရဟိတလုပျသားတှနေဲ့ ကနျြးမာရေးဝနျထမျးတှကေ ရှပွေ့ောငျးပေးနကွေတာကို KIC သတငျးဌာနက ဖစျေ့ဘုတျပျေါမှာတငျထားတဲ့ ဓာတျပုံတှမှော တှရေ့ပါတယျ။
ထိုငျး-မွနျမာနယျစပျက လူနဒေသေ ၅၀၀ လောကျ ရဘေေးဒဏျသငျ့ပွီး လူရာပေါငျးမြားစှာ အိုးအိမျမဲ့ဖွဈနတေယျလို့ KIC ကပွောပါတယျ။
မျောလမွိုငျမွို့မှာလညျး လူ ၅၀၀ ထကျမနညျး ရဘေေးဒဏျသငျ့နတေယျလို့ ပရဟိတအဖှဲ့တခုရဲ့ အကွီးအကဲဖွဈသူ ဦးဘိုဘိုဝငျးကပွောပါတယျ။
""ဒီနှဈရကွေီးတဲ့ဒဏျက ၂၀၁၉ ခုနှဈကလောကျ မဆိုးပါဘူး၊ ဒါပမေယျ့ အခုဟာက ကပျရောဂါနဲ့ တညျ့တညျ့တိုးနခြေိနျဖွဈနပေါတယျ"" လို့ ဦးဘိုဘိုဝငျးကပွောပါတယျ။",2.0,2.0,2.0,4.0,5.0,"The text is a factual news report about flooding and COVID-19 in Myanmar. It provides basic situational awareness (educational value) and simple causal links between the disaster and health risks (reasoning). It is written in natural, authentic Burmese, including local context and terminology, though it contains some redundant boilerplate due to the dual-script presentation."
<urn:uuid:391a2653-ffb6-419d-9c71-2f4f71132610>,"အံ့ဘုန်းမြတ် ၁၆ ဇူလိုင် ၂၀၁၀ (ဒီဗွီဘီ)
လာမယ့် တနင်္လာနေ့မှာ ကျရောက်မယ့် ၆၃ ကြိမ်မြောက် အာဇာနည်နေ့အခမ်းအနားကို အမျိုးသားဒီမိုကရေစီ အဖွဲ့ချုပ်ရုံး ချုပ်မှာ မပြုလုပ်နိုင်ဘဲ ဒု-ဥက္ကဋ္ဌ ဦးတင်ဦးရဲ့ နေအိမ်မှာ ကျင်းပမယ်လို့ သိရပါတယ်။ ဇူလိုင်လ ၁၉ ရက်နေ့မှာ ကျရောက်တဲ့ ၆၃ ကြိမ်မြောက် အာဇာနည်နေ့ အခမ်းအနားကို နှစ်စဉ် ကျင်းပပြုလုပ်နေကျဖြစ်တဲ့ ရန်ကုန်တိုင်း ဗဟန်းမြို့နယ်၊ ရွှေဂုံတိုင် အုတ်လမ်းရှိ အမျိုးသားဒီမိုကရေစီအဖွဲ့ချုပ်ရုံးမှာ မပြုလုပ်နိုင်တော့တာပါ။ အဖွဲ့ချုပ် ဒု-ဥက္ကဋ္ဌ ဦးတင်ဦးနေအိမ်မှာပဲ အာဇာနည်နေ့ ဟောပြောပွဲနဲ့အတူ ကျင်းပပြုလုပ်မှာ ဖြစ်တယ်လို့ အဖွဲ့ချုပ် ပြောရေးဆိုခွင့်ရှိသူ ဦးဉာဏ်ဝင်းက ပြောပါတယ်။
“အဖွဲ့ချုပ်ရုံးမှာ ဘာမှ အခမ်းအနား ကျင်းပဖို့ မရှိပါဘူး။ အာဇာနည်နေ့ အထိမ်းအမှတ်အနေနဲ့ လူငယ်တွေကို အာဇာနည်ကြီး တွေနဲ့ ထိတွေ့ဖူးတဲ့ လူကြီးများ၊ အန်အယ်လ်ဒီချည်းပဲ မဟုတ်ပါဘူး။ အပြင်ကလည်းပဲ ပါတယ်။ သူတို့ကို တွေ့ဆုံပြီးတော့ သူတို့ အတွေ့အကြုံလေးတွေ ဖလှယ်ပေးမယ်။ ပြောပြပေးမယ်၊ အဲဒီ အစီအစဉ်ကိုတော့ အန်ကယ်လ် ဦးတင်ဦးအိမ်မှာ ကျင်းပမှာပါ။”
အခုနှစ် အာဇာနည်နေ့ အခမ်းအနားကို အရင်နှစ်တွေကအတိုင်း အမျိုးသားဒီမိုကရေစီအဖွဲ့ချုပ်ရုံးချုပ်မှာ မကျင်းပနိုင်တာနဲ့ ပတ်သက်လို့လည်း ဦးဉာဏ်ဝင်းက
“အဓိကအချက်က အန်အယ်လ်ဒီရဲ့ ရပ်တည်မှုဟာ ကျနော်တို့ ဥပဒေရ ကြိုးစားဆောင်ရွက်နေတယ်။ Legal Process နဲ့ သွားနေတယ်။ အဲဒါ မပြီးပြတ်သေးတဲ့အတွက် မကျင်းပတာ ဖြစ်ပါတယ်။ အန်အယ်လ်ဒီ အနေနဲ့ကတော့ မိမိရဲ့ အခြေအနေအရ အခုနပြောတဲ့ Legal Process မပြီးလို့ မကျင်းပရဘူး။ ပြည်သူလူထုတွေကတော့ ဒီဟာနဲ့ ပတ်သက်ပြီး တော့ သူတို့ အသီးသီးခံစားချက် ရှိပါလိမ့်မယ်။ အဓိက အဲဒါပါပဲ။ ကျနော်တို့ အဖွဲ့ချုပ်အနေနဲ့ကတော့ Legal Process မပြီးပြတ်သေးတဲ့အတွက် မကျင်းပတာ ဖြစ်ပါတယ်။”
အလားတူ အမြို့မြို့အနယ်နယ်မှာရှိတဲ့ အဖွဲ့ချုပ်ဝင်တွေကလည်း ၆၃ ကြိမ်မြောက် အာဇာနည်နေ့ အခမ်းအနားကျင်းပဖို့ ပြင်ဆင်နေကြပါတယ်။ အဲဒီထဲက မိထ္ထီလာအဖွဲ့ချုပ်ဝင် ဒေါ်မြင့်မြင့်အေးက အာဇာနည်နေ့အခမ်းအနား ကျင်းပပြုလုပ်မယ့် အစီအစဉ်တွေကို အခုလိုပြောပါတယ်။
“မိထ္ထီလာကတော့ လုပ်နေကျအတိုင်းပဲ အဖွဲ့ချုပ်ရုံးမှာ အာဇာနည်နေ့ အခမ်းအနားကို ကျင်းပမယ်။ ဘုန်းကြီး ဆွမ်းကပ်မယ်။ အာဇာနည်ဆွမ်း တရားနာမယ်။ နောက်ပြီး ဘုန်းကြီး ဆွမ်းကပ်ပြီးတော့ ဧည့်ပရိသတ်တွေလည်း ကျွေးမယ်။ အာဇာ နည်နေ့ အခမ်အနားကို ပြုလုပ်မယ်။ မိထ္ထီလာ၊ သာစည်၊ ၀မ်းတွင်း၊ မလိုင် မြို့နယ်တွေက သေချာပေါက် လာမယ်ပေါ့လေ။”
နအဖက ကျင်းပမယ့် အာဇာနည်နေ့ အခမ်းအနားကိုတော့ ရွေးကောက်ပွဲဝင်ဖို့ပြင်နေတဲ့ နိုင်ငံရေးပါတီတွေကို တက်ရောက် အလေးပြုခွင့်နဲ့ လွမ်းသူ့ပန်းခွေချ ခွင့်ပြုထားပါတယ်။ ဒါပေမယ့် လွတ်လပ်ရေးဖခင် အာဇာနည်ခေါင်းဆောင်ကြီး ဗိုလ်ချုပ်အောင်ဆန်းရဲ့ သမီးဖြစ်သူ မြန်မာ့ဒီမိုကရေစီခေါင်းဆောင် ဒေါ်အောင်ဆန်းစုကြည်ကိုတော့ တက်ရောက်ဖို့ ဖိတ်ကြားခြင်း မရှိသေးပါဘူး။ ဒါနဲ့ပတ်သက်ပြီး မကြာသေးခင်ကမှ ဒေါ်အောင်ဆန်းစုကြည်နဲ့ တွေ့ဆုံခွင့်ရခဲ့တဲ့ အဖွဲ့ချုပ် ပြောရေးဆိုခွင့်ရှိသူလည်းဖြစ် ဒေါ်အောင်ဆန်းစုကြည်ရဲ့ ရှေ့နေလည်းဖြစ်သူ ဦးဉာဏ်ဝင်းက အခုလို ပြောပါတယ်။
“ကျနော် နောက်ဆုံးတွေ့ခဲ့တဲ့ အချိန်မှာတော့ အဲဒီလို ဖိတ်ကြားခြင်း ရှိ မရှိ ဆိုတာကို ဒေါ်အောင်ဆန်းစုကြည် တခွန်းမှ မပြောခဲ့ပါဘူး။ အဲဒီတော့ ရှိ မရှိကို ကျ နော့်အနေနဲ့ ပြောရင်တော့ မသိဘူး။ ဒါပေမယ့်လို့ အဲဒီလို အချုပ်အနှောင်ကာလမှာ အချုပ်အနှောင်ဘ၀နဲ့ အလေးပြုရတာမျိုးကို ဒေါ်အောင်ဆန်းစုကြည် မလိုလားဘူး ဆိုတာကိုတော့ ကျနော်သိပါတယ်။”
မြန်မာ့ဒီမိုကရေစီခေါင်းဆောင် ဒေါ်အောင်ဆန်စုကြည်ဟာ ၁၉၈၉ ခုနှစ် အာဇာနည်နေ့ အခမ်းအနားမှာ ပြည်သူတွေနဲ့အတူ ချီတက်အလေးပြုဖို့ စီစဉ်ခဲ့ပြီး န၀တစစ်အစိုးရက ပစ်ခတ်နှိမ်နင်းမယ်လို့ ခြိမ်းခြောက်တာကြောင့် လူထုအထိနာမှာကို စိုးရိမ်ပြီး အစီအစဉ်ကို ဖျက်ခဲ့ပါတယ်။ အဲဒီနောက်ပိုင်းမှာပဲ ဒေါ်အောင်ဆန်းစုကြည်ကို ပထမဆုံးအနေနဲ့ နေအိမ် အကျယ်ချုပ် စတင် ထိန်းသိမ်းခဲ့ပါတယ်။",3.0,2.0,2.0,4.0,5.0,"The text is a journalistic report on historical and political events in Burma. It provides educational value regarding political history and figures, uses standard journalistic reasoning, requires general knowledge of the Burmese political context, is clean and well-structured, and exhibits high cultural authenticity in its reporting of local events and figures."
<urn:uuid:94cb7120-edc2-4888-a1db-2baee8a735dd>,"October 17, 2008
ယုံတော်မူတမ်းချင်း
ကျနော့်ရဲ့ ပထမဆုံးများထဲမှာ
ကိုယ့်ကိုကိုယ် ကဗျာရေးလို့ရလောက်ပြီလို့ ယူဆမိအောင် ကျေနပ်ခဲ့ရတဲ့ ကဗျာတပုဒ်အကြောင်း ရေးခဲ့မိတယ်။ ခင်မင်လေးစားရတဲ့ ဘလော့ဂါတချို့က ဒီကဗျာကို ဖတ်ချင်တယ်လို့ဆိုတယ်။ ဒီကဗျာက ကျနော့်ချစ်သူ `မဒေ၀ီ´ အတွက် ရေးခဲ့တဲ့ ကဗျာပါပဲ။ `ယုံတော်မူတမ်းချင်း´ လို့ ခေါင်းစဉ်တပ်ထားတဲ့ ကဗျာပါ။
ကျနော့်ချစ်သူဟာ ကျနော်နဲ့လက်တွဲပြီးကတည်းက အခုအချိန်အထိ ဘ၀ကို အပြင်းအထန် ရုန်းကန်ကျင်လည်ခဲ့ရလို့ သူ့ကို ဂုဏ်ပြုတဲ့အနေနဲ့ ကျနော် ဒီကဗျာကို ရေးခဲ့တာပါ။ ကွယ်လွန်သူ ရောင်းရင်း ကဗျာဆရာ `ကေတု-ဘုန်းမော်´ က၊ `မဒေ၀ီအကြောင်း ... တစေ့တစေါင်းကြည့်ရုံနဲ့ ... ငါ့မှာ ...မောပမ်းရ ... ကျောချမ်းရ´ လို့ ကဗျာဖွဲ့ယူရလောက်အောင် အင်မတန် သူရဲကောင်းဆန်လှတဲ့ ချစ်သူပါ။ ကျနော်က ဘ၀ကို ကဗျာနဲ့ရေးပြီး ဖော်ပြဖို့ကြိုးစားနေတဲ့တချိန်ထဲမှာ ကျနော့်ချစ်သူက ကဗျာကို ဘ၀နဲ့ရေးနေခဲ့တာ။
ဒီကဗျာကို ၁၉၉၃-ခုနှစ် ကတည်းက ရေးခဲ့တာဆိုတော့ တချို့ကတော့ အသွင်ကောအနှစ်ပါ ဟောင်းသွားပြီလို့ ယူဆကောင်းယူဆနိုင်ပါလိမ့်မယ်။ ဒါပေမယ့် ... ကျနော့်မှာ ရင်ခုန်လို့ကောင်းတုန်းပဲ။
ဖတ်ကြည့်ပါ။
ယုံတော်မူတမ်းချင်း
ဒေ၀ီရေ
ရွှေပြည်တော်ကို မျှော်ရ
အနာဂတ်ကို မော်ရ
ဒိုရာသန်းအေး လှေကလေးကို
အတွေးထဲမှာလှော်ရ
တစ ... တစ။
`ဘ၀ဆိုတာ
လှပစွာ ဆင်းရဲခြင်း´တဲ့လား။
မင်းဟာ
လောကဓံကို ရန်သူလိုရင်ဆိုင်
ငါ့ရှေ့မှာကျတော့
ဒေ၀ီတပါးလို မင်းထိုင်ခဲ့။
`မျဉ်းဖြောင့်မှာ
အရောင်ရှိတယ်´ ဆိုတဲ့ စကား
မင်းနဲ့တွေ့မှ
ငါ ပိုပြီးခံစားလို့ ရခဲ့။
`အင်ဒါဆင်း´ ရဲ့ ရေသူမ
ကျမပါမောင်။
ကျမ
`ကဏ္ဍက လိုပေါ့
မီးလို လေလိုကျင့် ငါ့မြင်း
မင်းသခင်ကိုသယ်
ဒါမှ ကမ္ဘာကိုကယ်တင်မယ့်
ဒီကြီးမြတ်တဲ့အမှုမှာ
မင်းဝေစုပါမယ်´
ကဏ္ဍက ဇာတ်မဟာ
အနော်မာ တဖက်ကမ်းမှာဆုံးတော့
မင်းပြုံးရင်း ငိုတတ်ခဲ့ပြီနော် ...။
`ဒေ၀ီရယ်
ဘယ်လိုအကျိုးရှိမယ် မသိရတဲ့
ကြေကွဲဖွယ် နိမ့်ကျကျလမ်း
လိုက်ချင်လိုက်မယ်´ ဆိုတဲ့
ငါ့ရဲ့ ကဗျာရွတ်သံ
မင်း ဘယ်လိုခံနိုင်ရည်ရှိခဲ့ပါလိမ့်။
`ကျမနဲ့မောင်
ခလေးတွေအတွက်
ဖိနပ်တရံလို့ ယူဆရအောင်´ ဆိုတဲ့
မင်းရဲ့ မျက်ရည်ပျက်လုံး
ငါ့တသက်လုံး
ခံစားလို့ မဆုံးဘူး။
ဒေ၀ီရေ
ရွှေပြည်တော်ကို မျှော်ရ
အနာဂတ်ကို မော်ရ
ဒိုရာသန်းအေး လှေကလေးကို
အတွေးထဲမှာ လှော်ရ
မင်းခြေဖ၀ါးက
သွေးစက်စက်ကျရသမျှ
မင်းမျက်ရည် ကျရသမျှ
.............................
..............................
ယုံတော်မူစမ်းတော့ မောင့်ဒေ၀ီ။ ။
ငြိမ်းဝေ",1.0,1.0,1.0,4.0,5.0,"The document is a personal blog post containing a poem. It has low educational or reasoning value as it is subjective and creative. It is clean, well-formatted, and written in highly authentic, natural Burmese, reflecting local literary styles and cultural expressions of love and struggle."
<urn:uuid:5d12554e-9431-4ebf-9793-b6bbf062e7e8>,"ကြယ်နီတပွင့် (ခ) ကဗျာဆရာမ မစိမ်းပင်
ကြွေလွင့်သွားခြင်းအပေါ် ၀မ်းနည်းမှုမှတ်တမ်း
မြန်မာစာပေလောက ကဗျာလောကတွင် အောင်မြင်ထင်ရှားပြီး လှပထက်မြက်သည့်အတွေး၊ ဖန်တီးမှုများ
ဖြင့် ကဗျာများရေးဖွဲ့တတ်သူ၊ စစ်အာဏာရှင်ဆန့်ကျင်ရေး၊ ဒီမိုကရေစီရေးတို့အတွက် စာပေအနုပညာ ကဗျာ လက်နက်ကို ယုံယုံကြည်ကြည် ခိုင်ခိုင်မာမာကိုင်စွဲ၍ တိုက်ပွဲဝင်ခဲ့သူ၊ ထိုသို့တိုက်ပွဲဝင်မှုများအတွက် ၁၉၉၀ ခုနှစ်များက အာဏာရှင်တို့၏ နရသိန်စံအိမ်အကျဉ်းထောင်တွင် နှစ်ရှည် ထောင်ဒဏ်ကျခံခဲ့ရကာ အပြင်း အထန်ညှဉ်းပန်းနှိပ်စက်ခံခရမှုများကြောင့် ရုပ်ပိုင်း စိတ်ပိုင်ဆိုင်ရာ ထိခိုက်ခံစားမှုများရရှိခဲ့သူ ကဗျာဆရာမ -မစိမ်းပင်သည် မေလ ၂၂ ရက် ၂၀၁၆ က မန္တလေးမြို့တွင် ကျဆုံးသွားကြောင်းသိရသည့်အတွက် ကျန်ရစ် သူမိသားစုများ စာပေလောက ကဗျာလောကသားများနှင့်အတူ ၀မ်းနည်းပူဆွေးနှမြောမိပါကြောင်း။
သစ်ခက်သံလွင်
(ဆရာမ မစိမ်းပင်၏ကဗျာတပုဒ်ကို မူရင်းသတ်ပုံအတိုင်း ဖော်ပြပါသည်။)
|မူရင်းပိုင်ရှင်ကို Credit ပေးပါသည်။|
“သံတိုင်ကြားမှ သုံးရာသီ”
………………….
………………….
-သံတိုင်အကွယ်၊ တိုက်ခန်းငယ်မှာ
လေ ဘယ်အရပ်က တိုက်နေသလဲ။
လေ ဘယ်အရပ်က တိုက်နေသလဲ။
-လျပ်ပြက်ထစ်ချုန်း၊
၀ုန်းဝုန်းဒိုင်းဒိုင်း၊ အသံလှိုင်းများ
နားကကြားရဲ့၊ မိုးပွားမိုးပေါက်
ရေသရောက်က၊ ဟောက်သံငေါက်သံ
အမိန့်သံကို၊ လွှမ်းမျိုလေသော်
အော် …မိုးရာသီပေဘဲ။
၀ုန်းဝုန်းဒိုင်းဒိုင်း၊ အသံလှိုင်းများ
နားကကြားရဲ့၊ မိုးပွားမိုးပေါက်
ရေသရောက်က၊ ဟောက်သံငေါက်သံ
အမိန့်သံကို၊ လွှမ်းမျိုလေသော်
အော် …မိုးရာသီပေဘဲ။
-တောင်လေဘယ်မှာ မြောက်လေဘယ်က
မှန်းဆမသိ၊ အမိရင်ခွင်
တိုးဝင်နွေးလို၊ မီးဖိုလေး တ
နေခြည်လေး တ၊ မရနိုင်ဘူး
ချမ်းပုံထူးမှ၊ ဒူးနှစ်လုံးဖက်
ရက်စက်လှသော ဆောင်းပေကိုး။
လက်ခုံပေါ်မှာ
လျောလာသက်တဲ့ ရေစက်များ။
မှန်းဆမသိ၊ အမိရင်ခွင်
တိုးဝင်နွေးလို၊ မီးဖိုလေး တ
နေခြည်လေး တ၊ မရနိုင်ဘူး
ချမ်းပုံထူးမှ၊ ဒူးနှစ်လုံးဖက်
ရက်စက်လှသော ဆောင်းပေကိုး။
လက်ခုံပေါ်မှာ
လျောလာသက်တဲ့ ရေစက်များ။
နှလုံးသားက
ခံစားစိမ့်ထွက်၊ မျက်ရည်စက်လား?
လျပ်စီးမလက်၊ မိုးရေစက်လား ?
ခံစားစိမ့်ထွက်၊ မျက်ရည်စက်လား?
လျပ်စီးမလက်၊ မိုးရေစက်လား ?
ရေအစက်များ
စိုရွှဲသွားမှ၊ လေမ၀သော
ခယောင်းတောမှာ၊ စောကြောပီပြင်
“ ပူချင်ပူစမ်း၊ ဒင်းအစွမ်းဖြင့်
ချွေးမခဏ်းချေ
နွေရာသီလျင် လေးလထဲ ” ။ ။
စိုရွှဲသွားမှ၊ လေမ၀သော
ခယောင်းတောမှာ၊ စောကြောပီပြင်
“ ပူချင်ပူစမ်း၊ ဒင်းအစွမ်းဖြင့်
ချွေးမခဏ်းချေ
နွေရာသီလျင် လေးလထဲ ” ။ ။
----
မစိမ်းပင်
မစိမ်းပင်",3.0,2.0,2.0,3.0,5.0,"The document provides a biographical tribute to a Burmese poet, including her original work. It is culturally authentic and educational regarding Burmese literary history and political context. It contains some repetitive formatting (repeated stanzas) but is otherwise coherent and human-written."
<urn:uuid:7bd6f07e-518b-4120-886e-165d09ecf330>,"ကရင်နီပြည်နယ်က မယ်စဲ့မြို့နယ်တစ်နေရာမှာ ဒေသခံတွေ စပါး ထောင်းနေကြတာဖြစ်ပါတယ်။
ဆန်စက်တွေမှာဆိုရင် လျှပ်စစ်မီးမလာတဲ့အတွက် ဆန်ကြိတ်လို့မရသလို၊ ဓာတ်ဆီနဲ့ကြိတ်တဲ့ ဆန်စက်တွေမှာဆိုရင်လည်း အခငွေပေးပြီး ကြိတ်ရတာဖြစ်ပါတယ်။
ဓာတ်ဆီဖိုး မတတ်နိုင်တဲ့အတွက် ဒေသခံတွေက ဆန်စက်အစား အခုလို စပါးထောင်းဆုန်တွေနဲ့ ကိုယ်တိုင် ထောင်းနေကြတာဖြစ်ပါတယ်။ ဓါတ်ဆီဆိုရင် တစ်လီတာသုံးထောင် စျေးရှိပြီး၊ ပြီးခဲ့တဲ့ တစ်ပတ်အထိလည်း ဓါတ်ဆီစျေး ပုံးဝါ တစ်ပုံးကို ခြောက်သောင်းထိမြှင့်တက်ခဲ့ပါတယ်။
ဆန်ကိုလည်း သယ်ယူဖို့ အခက်အခဲရှိနေတာကြောင့် ဆန်စျေးနှုန်းတွေ မြှင့်တက်နေပါသေးတယ်။",2.0,2.0,2.0,5.0,5.0,"The text provides a clear, authentic account of local economic challenges in Karenni State. It demonstrates basic reasoning by linking fuel prices to the shift toward traditional rice-pounding methods. The language is natural, culturally specific, and free of boilerplate, reflecting genuine local lived experience and socio-economic conditions."
<urn:uuid:9c0e170f-8de9-40a4-8870-5c7aca761d07>,"အစီအစဉ် :
သင်္ဃန်းကျွန်းမြို့နယ်သည် ရန်ကုန်မြို့၏ အရှေ့ဘက်ပိုင်းတွင်ရှိပြီး ၁၁.၅ ကီလိုမီတာကျယ်ဝန်းသည် ။ မြို့နယ်၏ မြောက်ဘက်တွင် တောင်ဥက္ကလာပမြို့နယ် ၊ အနောက်ဘက်တွင် ရန်ကင်းမြို့နယ်နှင့်တာမွေမြို့နယ် ၊ တောင်ဘက်တွင် တာမွေမြို့နယ်တို့ဖြင့် ဝန်းရံလျက်ရှိသည် ။ သင်္ဃန်းကျွန်းမြို့နယ်သည် ရပ်ကွက်ပေါင်း ၃၈ ခုဖြင့်ဖွဲ့စည်းထားပြီး မူလတန်းကျောင်း ၄၀ ကျောင်း ၊ အလယ်တန်းကျောင်း ၄ ကျောင်းနှင့် အထက်တန်းကျောင်း ၅ ကျောင်းတို့တည်ရှိသည် ။ သင်္ဃန်းကျွန်းပညာရေးကောလိပ် ၊ ရန်ကုန်သွားဖက်ဆိုင်ရာဆေးတက္ကသိုလ် နှင့် စံပြဈေး အစရှိသည့် အထင်ကရအမှတ်အသားသည် သင်္ဃန်းကျွန်းမြို့နယ်တွင် အရေးပါသော အဆောက်အဦးများဖြစ်သည် ။ ထို့ပြင် မြန်မာနိုင်ငံ၏ အမျိုးသားအားကစားကွင်း သုဝဏ္ဏဘောလုံးကွင်းကြီးရှိသော မြို့နယ်လည်းဖြစ်သည် ။သင်္ဃန်းကျွန်းမြို့နယ်၏ အခြားထင်ရှားသောနေရာများမှာ ကျိုက္ကဆံဘုရားလမ်းပေါ်ရှိ ကျိုက္ကဆံဘုရား ၊ ကျောက်စာတိုက်လမ်းရှိ သံယုတ်ဘုန်းကြီးကျောင်း နှင့် သီရိမာလာလမ်းပေါ်ရှိ စိန့်ဂျိူးဇက် ခရစ်ယာန်ဘုရားရှိခိုးကျောင်းတို့သည် ရန်ကုန်မြို့၏ ရှေးဟောင်းအမွေအနှစ်များအဖြစ် ယနေ့တိုင် တည်ရှိလျက်ရှိသည် ။ အချုပ်အားဖြင့်ဆိုသော် သင်္ဃန်းကျွန်းမြို့နယ်သည် ရန်ကုန်မြို့၏ အားကစားနယ်မြေကို ပိုင်ဆိုင်ထားသည့်မြို့နယ်ဖြစ်သလို တိုက်ခန်း ၊ ကွန်ဒို နှင့် လုံးချင်းအိမ်များလည်း အများအပြားရှိသော မြို့နယ်တစ်ခုဖြစ်သည် ။
တည်နေရာဒေသဖြင့် ရှာဖွေရန်
|လမ်းမတော်|
|လသာ|
|ကျောက်တံတား|
|ပန်းပဲတန်း|
|ပုဇွန်တောင်|
|အလုံ|
|ကြည့်မြင်တိုင်|
|စမ်းချောင်း|
|ဗဟန်း|
|ဗိုလ်တထောင်|
|မင်္ဂလာတောင်ညွန့်|
|တာမွေ|
|ရန်ကင်း|
|ဒဂုံ|
|ဒဂုံမြို့ သစ် အရှေ့ ပိုင်း|
|ဒဂုံမြို့ သစ် မြောက်ပိုင်း|
|ဒဂုံမြို့ သစ် တောင်ပိုင်း|
|ဒဂုံမြို့ သစ် ဆိပ်ကမ်း|
|ကမာရွတ်|
|အင်းစိန်|
|လှိုင်|
|လှိုင်သာယာ|
|မရမ်းကုန်း|
|မင်္ဂလာဒုံ|
|မြောက်ဥက္ကလာပ|
|တောင်ဥက္ကလာပ|
|သာကေတ|
|သံလျင်|
|ဒလ|
|ဒေါပုံ|
|မှော်ဘီ|
|လှည်းကူး|
|ထန်းတပင်|
|ကော့မှူး|
|ခရမ်း|
|ကွမ်းခြံကုန်း|
|ရွှေပြည်သာ|
|တိုက်ကြီး|
|သုံးခွ|
|တွံ့ တေး|
|ကျောက်တန်း|
|ဆိပ်ကြီးခနောင်တို|
|ပုလဲမြို့ သစ်|",3.0,1.0,2.0,4.0,5.0,"The text provides factual, encyclopedic information about a specific township in Yangon, suitable for educational reference. It is written in natural, authentic Burmese with correct local terminology. While it lacks complex reasoning, it is well-structured and clean, though it includes a list of other townships at the end which acts as navigation boilerplate."
<urn:uuid:465a7a1f-1b62-4b4a-9401-4b0da8d78a34>,"လစ်လပ် ၁၃ နေရာအတွက် ကိုယ်စားလှယ်လောင်း ၆၉ ဦးပြိုင်မည်
လာမည့် နိုဝင်ဘာ ၃ ရက်နေ့ ကျင်းပမည့် ကြားဖြတ်ရွေးကောက်ပွဲတွင် လစ်လပ်မဲဆန္ဒနယ် ၁၃ နေရာအတွက် ကိုယ်စားလှယ်လောင်း ၅၉ ဦးဝင်ရောက်ယှဉ်ပြိုင်မည်ဖြစ်ကြောင်း ပြည်ထောင်စုရွေးကောက်ပွဲကော်မရှင်က ထုတ်ပြန်ကြေညာသည်။
ကိုယ်စားလှယ်လောင်းများအနက် အမျိုးသားဒီမိုကရေစီအဖွဲ့ချုပ်(NLD) ပါတီမှ ၁၃ ဦး၊ ပြည်ထောင်စုကြံ့ခိုင်ရေးနှင့် ဖွံ့ဖြိုးရေးပါတီ (USDP) က ၁၀ ဦးတို့ဖြင့် အများဆုံးပါဝင် ယှဉ်ပြိုင်ကြမည်ဖြစ်သည်။
တသီးပုဂ္ဂလ ကိုယ်စားလှယ်လောင်းများ အနေဖြင့်လည်း ၆ ဦးရှိသည့်အနက် နိုင်ငံတော်ပုန်ကန်မှုဖြင့် တရားစွဲဆိုခံနေရသည့် ပြည်သူ့လွှတ်တော် ကိုယ်စားလှယ် ဒေါက်တာအေးမောင်၏ သားဖြစ်သူ ဦးတင်မောင်ဝင်းလည်း အပါအဝင်ဖြစ်သည်။
ပြည်ထောင်စု ရွေးကောက်ပွဲကော်မရှင် အဖွဲ့ဝင် ဦးမြင့်နိုင်က“ ကိုယ်စားလှယ်လောင်းတင်တဲ့သူတွေအကုန် အတည်ဖြစ်ပါတယ်၊ စိစစ်ပြီးတယောက်မှ ပယ်ချခံရတာမရှိပါဘူး” ဟုပြောသည်။
ပြည်သူ့လွှတ်တော် လစ်လပ်နေရာများဖြစ်သည့် ကန်ပက်လက်မြို့နယ်တွင် ၄ ဦး၊ လဲချာမြို့နယ်တွင် ၃ ဦး၊ တာမွေမြို့နယ်တွင် ၈ ဦးနှင့်မြင်းခြံမြို့နယ်တွင် ၄ ဦးယှဉ်ပြိုင်မည်ဖြစ်ပြီး အမျိုးသားလွှတ်တော် လစ်လပ်တနေရာဖြစ်သည့် ကချင်ပြည်နယ်၊ အမှတ် ၂ မဲဆန္ဒနယ် (မြစ်ကြီးနား) တွင်ကိုယ်စားလှယ်လောင်း ၆ ဦးယှဉ်ပြိုင်မည်ဖြစ်သည်။
တိုင်းဒေသကြီးနှင့် ပြည်နယ်လွှတ်တော်များမှ လစ်လပ်နေသည့်အုတ်တွင်းမြိုနယ် မဲဆန္ဒနယ် အမှတ် ၁တွင် ၈ ဦး၊ သပိတ်ကျင်း မြို့နယ် မဲဆန္ဒနယ် အမှတ် ၁ တွင် ၇ ဦး ၊ မတူပီမြို့နယ် မဲဆန္ဒနယ် အမှတ် ၁ တွင် ၂ ဦး၊ တမူးမြို့နယ် မဲဆန္ဒနယ် အမှတ် ၂ တွင် ၄ ဦး ၊ ရသေ့တောင်မြို့နယ် မဲဆန္ဒနယ် အမှတ် ၂ တွင် ၄ ဦး၊ မင်းဘူးမြို့နယ်မဲဆန္ဒနယ် အမှတ် ၂တွင် ၅ ဦး၊ ဆိပ်ကမ်း မြို့နယ် မဲဆန္ဒနယ် အမှတ် ၂ တွင် ၉ ဦးတို့ ယှဉ်ပြိုင်မည်ဖြစ်သည်။
မန္တလေးတိုင်းဒေသကြီးလွှတ်တော်တွင် လစ်လပ်လျှက်ရှိသည့် ရှမ်းတိုင်းရင်းသားရေးရာ ဝန်ကြီးတနေရာအတွက်မူ ကိုယ်စားလှယ်လောင်း ၅ ဦးကယှဉ်ပြိုင်မည်ဖြစ်သည်။
ကိုယ်စားလှယ်လောင်းများအနေဖြင့် မဲဆွယ်စည်းရုံးရေး လုပ်ငန်းများအား စက်တင်ဘာ ပထမပတ်မှ စတင်၍ လုပ်ဆောင်နိုင်မည်ဖြစ်ကြောင်းလည်းသိရသည်။
လစ်လပ် ၁၃ နေရာအတွက် မဲဆန္ဒရှင် စာရင်းများအား ၂၀၁၅ ခုနှစ် အထွေထွေရွေးကောက်ပွဲမှ စာရင်းများအပေါ် အခြေခံကာ ထုတ်ပြန်ထားပြီး အတိုးအလျော့ အနည်းငယ်ရှိမည်ဖြစ်ကြောင်းကော်မရှင်ထံက သိရသည်။
ဆက္စပ္ဖတ္ရႈရန္ – NLD ကိုစမ်းသပ်မယ့် ၂၀၁၈ ကြားဖြတ် ရွေးကောက်ပွဲ",2.0,1.0,2.0,5.0,5.0,"The text is a factual news report about a by-election in Myanmar. It provides clear, organized information about candidates and constituencies. It is written in natural, professional Burmese, reflecting local political structures and terminology accurately. It lacks complex reasoning or deep educational analysis, serving primarily as a straightforward informational news piece."
<urn:uuid:deedb11f-31ff-47cd-9146-0e70e36023f8>,"ရွာအ၀င် ကွင်းဟိုစပ်မှာဖြင့်
တစ်ပင်တည်း ထီးထောင်မတ်ပါတဲ့
ဤပညောင် ကိုင်းခက်ပွင့်တွေက
၀ိုင်းယှက်တင့် အားမာန်လှစ်သောကြောင့်
သူငါများ ခိုကာနားစေရာ
အေးချမ်းသာ အရိပ်စစ်
မိတ်ဖြစ်တာ ကြာပေလည်း
နေရောင်ခြည် ကင်းကွာဝေးစေမက
လေမိုးဒဏ် ဘေးကာဆီးသမို့
ပညောင်ခြေ ပင်ကလေးမှာဖြင့်
လေမိုးနေ ကောင်းစွာမရသောကြောင့်
လောင်းရိပ်မိ နွမ်းရိခွေ…..။
သို့ပေမယ့် အပင်ငယ်
အစဉ်ကွယ် မာန်မလျော့ပါဘူး
နွမ်းဖတ်ယိုင် ပင်ငယ်ဖြစ်ပေလည်း
စိတ်ဓါတ်ခိုင် ပင်စည်မတ်သမို့
ထိုးကာထွက် ပညောင်ခက်ကြား
အခေါင်ထက်နားမှာ သီးပွင့်ဝေရှာပေါ့
ကြီးမြင့်ဝေဖြာတဲ့ သူ့ဂုဏ်အင်ကို
ပညောင်အို လောင်းရိပ်မိုးမိသူ
သဏ္ဍာန်တူ မိခင်ဖတို့မှာ
ဖုံးလွှမ်းကာ ပီတိဝေရှာပေါ့
သီရိဂေဟာ အိမ်ဆောင်နန်းမှာ
ပြုံးရွှင်လို့လန်း…..။",2.0,1.0,1.0,5.0,5.0,"This is a well-structured Burmese poem using traditional literary style. It conveys themes of parental sacrifice and resilience. While it lacks complex academic reasoning or technical professionalism, it is culturally authentic, uses natural Burmese phrasing, and is clean, making it suitable for literary appreciation in an educational context."
<urn:uuid:c711feb9-9918-4117-b253-1430cc560425>,"[Zawgyi]
မႏၱေလး ေလဆိပ္မွာ မျပန္ခင္ေလး ဓာတ္ဖမ္းခဲ့တဲ့ ဝတ္မႈန္ေရႊရည္
မႏၱေလးမွာ ျပတဲ့ ဇာတိေျမဇာတ္ကားအတြက္ ပရိသတ္ေတြအတြက္ ေရာက္ရွိေနတဲ့ ကစ္ကစ္ေလးကေတာ့ မႏၱေလး ေလဆိပ္က မျပန္ခင္ေလးမွာ ဓာတ္ပုံလွလွေလးေတြ ရိုက္ကူးခဲ့ပါတယ္။
ကစ္ကစ္ပါဝင္သရုပ္ေဆာင္ထားတဲ့ ဇာတိေျမဇာတ္ကားကို ၾကည့္ျပီးသြားရင္ေရာ ကစ္ကစ္အေပၚအျပဳသေဘာေဆာင္ျပီး ေဝဖန္ေပးၾကပါဦး။
Source : Wutt Hmone Shwe Yi’s Facebook Account , Photo Credit : Amazing Grace
[Unicode]
မန္တလေး လေဆိပ်မှာ မပြန်ခင်လေး ဓာတ်ဖမ်းခဲ့တဲ့ ဝတ်မှုန်ရွှေရည်
မန္တလေးမှာ ပြတဲ့ ဇာတိမြေဇာတ်ကားအတွက် ပရိသတ်တွေအတွက် ရောက်ရှိနေတဲ့ ကစ်ကစ်လေးကတော့ မန္တလေး လေဆိပ်က မပြန်ခင်လေးမှာ ဓာတ်ပုံလှလှလေးတွေ ရိုက်ကူးခဲ့ပါတယ်။
ကစ်ကစ်ပါဝင်သရုပ်ဆောင်ထားတဲ့ ဇာတိမြေဇာတ်ကားကို ကြည့်ပြီးသွားရင်ရော ကစ်ကစ်အပေါ်အပြုသဘောဆောင်ပြီး ဝေဖန်ပေးကြပါဦး။
Source : Wutt Hmone Shwe Yi’s Facebook Account",0.0,0.0,1.0,4.0,3.0,"This is a short celebrity news snippet. It lacks educational or reasoning depth and requires minimal expertise to understand. It is clean, well-formatted, and uses natural Burmese phrasing and cultural context regarding local celebrity culture, though it is essentially promotional content."
<urn:uuid:a44deebc-9735-4f75-a0ba-4c3775111b63>,"Image Source: http://www.shop.com.mm တိုးတက်ပြောင်းလဲလာသောနည်းပညာများနှင့်အတူ မြန်မာနိုင်ငံရဲ့ နည်ပညာကဏ္႑ မှာလဲတစ်ဒေါင့်တစ်နေရာမှ တိုးတက်လာခဲ့ပါတယ်။ ယခုဖော်ပြပေးသွားမှာကတော့ မြန်မာနိုင်ငံမှ အသုံးပြုမှအများဆုံး Online Shopping Websites များ အကြောင်းဘဲဖြစ်ပါတယ်။ ယခင်က ဆိုလျင် လူသုံးကုန်ပစ္စည်းများ၀ယ်ယူလိုလျှင်ဖြင့် Shopping CenterRead more
Image Source: http://trading2day.com မြန်မာနိုင်ငံ မှာသာမက နိုင်ငံတိုင်းဟာ ကုန်သွယ်ခြင်းဆိုသည်ကို မဖြစ်မနေ ဆောင်ရွက်ကြရပါတယ် ။ နိုင်ငံ တစ်နိုင်ငံ ဖွံံ.ဖြိုးတိုးတက်ရေး အတွက် ကုန်သွယ်မုှ ဟာ အလွန်အရေးပါပြီး အခြေခံကျလှပါတယ် ။နိုင်ငံတစ်နိုင်ငံ၏ ၀င်ငွေဟာ ကုန်သွယ်မှုRead more
Image Source: https://ar.pinterest.com Conversational Agent ဆိုတာ လူသားများနှင့် ပြောဆို ဆက်သွယ်ဖို ့အတွက် ရည်ရွယ် တည်ဆောက်ထားတဲ့ အသံ၊ စာသား များ အသုံးပြုပြီး အမိန် ့ပေးခိုင်းစေနိုင်သည့် Computer System တစ်ခုRead more
ယနေ့ခေတ် နည်ပညာများ တိုးတက်ပြောင်းလဲလာတာနဲ့အမျှ Internet ရှိရင် ဘယ်နေရာကမဆို အလုပ်လုပ်လို့ရတဲ့ခေတ်မှာ white-board ပေါ်က tasks တွေကိုဖတ်ရုံ၊ အလုပ်ပြီးစီးမှုအခြေအနေကို update လုပ်ရုံလာက်နဲ့တော့ တကူးတက ရုံးသွားနေဖို့ မလိုအပ်သင့်တော့ပါဘူး။ Project တစ်ခု စပြီဆိုတာနဲ့Read more
Image Source: http://www.president-office.gov.mm ယနေ့ခေတ် နည်ပညားများဖွံ့ဖြိုးတိုးတက်လာသည်နှင့်အမျှ မြန်မာနိုင်ငံံ၏ အစိုးရသစ်လက်ထက်တွေသတင်းအချက်အလက်နှင့် နည်းပညာများကိုပိုမိုအသုံးပြုလာတာကိုတွေ့ရှိရပါတယ်။ယခုအခါ ပြည်သူများတင်မြှောက် ထားသော ပြည့်သူအစိုးရလက်ထက်တွင် မိမိအစိုးရမှ နိုင်ငံတကာနဲ့ရင်ဘောင်တန်းနိင်အောင်မည်သို့ မည်ပုံလုပ်ဆောင်နေသည်များကိုသတင်း၊မီဒီယာများမှတဆင့် အဓိကစောင့်ကြည့်နေကျတာဖြစ်သောကြောင့် ပြည်ထောင်စုသမ္မတမြန်မာနိုင်ငံတော် အစိုးရဝန်ကြီးဌာနများ၏ Internet Web Pages များကိုဖော်ပြပေးလိုက်ပါတယ်။Read more",2.0,1.0,2.0,1.0,3.0,"The document is a collection of truncated snippets or lead-ins from various articles. While it touches on technology, trade, and government, the content is fragmented and lacks depth. It uses natural Burmese phrasing and local context, but the presence of 'Read more' links and image source boilerplate significantly impacts its cleanliness and coherence."
<urn:uuid:345cfca5-6cc5-4f43-acd5-e07077bd627f>,"၁။ ရှိလား… ရည်းစားဟောင်းအပေါင်းနဲ့ ကင်းအောင်နေ၊ အရမ်းလှတဲ့ ကောင်မလေးတွေကို တစ်ချက်တောင်ငဲ့မကြည့်ဘဲ တစ်လောကလုံးမှာ သင့်တစ်ယောက်တည်းကိုပဲ မိန်းမလို့ မှတ်ယူထားတဲ့ချစ်သူမျိုး။
၂။ ရှိလား… သင့်မိသားစုကို သင့်ထက်ပိုပြီးလေးစားတဲ့၊ သင့်မိသားစုစည်းကမ်းတွေကို တသွေမတိမ်း လိုက်နာနိုင်တဲ့ချစ်သူမျိုး။
၃။ ရှိလား… သူ့ရဲ့သူငယ်ချင်းအပေါင်းအသင်းတွေ၊ မိသားစုဝင်တွေကြားမှာ သင့်လက်ကို ပိုင်ပိုင်နိုင်နိုင်ဆုပ်ကိုင်ပြီး “ဒါ ကျွန်တော့် ချစ်သူလေ” လို့ ဝင့်ကြွားစွာ ပြောဆိုတတ်တဲ့ချစ်သူမျိုး။
၄။ ရှိလား… “သူလာလာလာ မလာလာလာ၊ ကိုယ်ကစောင့်ရမှာ” ဆိုတဲ့ ကိုင်ဇာသီချင်းလေးထဲကအတိုင်း ချိန်းထားတဲ့နေရာမှာ သင်မလာမချင်း စိတ်ရှည်သည်းခံစွာ စောင့်နေတတ်တဲ့ချစ်သူမျိုး။ ဤဆောင်းပါးကို ဂန္ထဝင်မဂ္ဂဇင်းမှ ရေးသားတင်ဆက်သည်။
၅။ ရှိလား… အလုပ်မအားတာတောင်မှ သင့်ဆီကို မကြာခဏဖုန်းဆက်ပြီး သူဘယ်သွားသွား၊ ဘာလုပ်လုပ် သတိတရနဲ့ သံတော်ဦးတင်တတ်တဲ့ချစ်သူမျိုး။
၆။ ရှိလား… သူငယ်ချင်းတွေကြားမှာရော၊ မိသားစုတွင်းမှာပါ အချိန်တိုင်း သင့်အကြောင်းကိုပဲပြောနေပြီး၊ အမြဲတမ်းသင့်အကြောင်းတွေးနေတတ်တဲ့ချစ်သူမျိုး။
၇။ ရှိလား… သူ့ဘဝရဲ့ အရေးကြီးဆုံးဖြတ်ချက်တိုင်းအတွက် သင့်ကိုတိုင်ပင်ပြီး သင့်ထင်မြင်ချက်၊ အကြံဉာဏ်တွေကို ထည့်စဉ်းစားပေးတတ်တဲ့ချစ်သူမျိုး။
၈။ ရှိလား… ဖုန်းတွေ၊ facebook တွေ၊ laptop တွေကို အချိန်မရွေးစိတ်တိုင်းကျ ဝင်စစ်ခွင့်ပေးထားပြီး သင့်အပေါ်မှာ ဘာမှ လျှို့ဝှက်မထားတတ်တဲ့ချစ်သူမျိုး။
၉။ ရှိလား… ဆုံးရှုံးရမှာကို ကြောက်ပြီး သဝန်တိုတတ်သလို၊ ချစ်တဲ့စိတ်တစ်ခုတည်းနဲ့ အရာရာကို နားလည်ပေးတတ်တဲ့ချစ်သူမျိုး။
၁ဝ။ ရှိလား… သင်ပင်ပန်းမှာကို သေမလောက်ကြောက်ပြီး သင့်အလုပ်တာဝန်တွေကို တတ်နိုင်သလောက် ကူညီလုပ်ကိုင်ပေးတတ်တဲ့ ချစ်သူမျိုး။
ရှိနေတယ်ဆိုရင် သင်ဟာ လောကမှာ ကံအကောင်းဆုံးမိန်းကလေးတစ်ယောက်ပေါ့။
သင့်မှာ ဒီလိုချစ်သူမျိုးရှိနေတယ်ဆိုရင် သူ့ကို tag တွဲပြီး SHARE လိုက်ပါ။
သင့်ကို အနှိုင်းမဲ့တဲ့ချစ်ခြင်းမေတ္တာတွေနဲ့ နွေးထွေးစေတဲ့ချစ်သူကို mention ခေါ်လိုက်ပါဦးနော်။",1.0,1.0,1.0,4.0,4.0,"The text is a lifestyle/relationship listicle from a magazine. It lacks academic or logical depth, serving primarily as social media engagement content. It is written in natural, colloquial Burmese, reflecting local cultural expectations of romantic relationships and social media interaction patterns, but it offers no significant educational or professional value."
<urn:uuid:4f3c2a59-643d-479b-a140-d17d7edb5314>,"Black lemonade (အမဲရောင် လစ်မနစ်ဖျော်ရည်) ဟာ အမဲရောင်အဆင်းရှိတဲ့ သံပုရာဖျော်ရည်တစ်မျိုးပါပဲ။ ဖျော်ရည်ကို activated charcoal လို့ခေါ်တဲ့ အပူပေးပေါင်းခံပြီး မီးသွေးမှုန့်နဲ့ ပေါင်းစပ်ပြီး ဖျော်ထားတာဖြစ်ပါတယ်။
Activated charcoal မှာ အရက်နာကျခြင်းကို ပျောက်ကင်းစေခြင်း၊ သွားများကိုဖြူဖွေးစေခြင်း၊ အရွယ်တင်စေခြင်း၊ ခန္ဓာကိုယ်ထဲက အဆိပ်အတောက်တွေကို ဖယ်ရှားပေးခြင်း အစရှိတဲ့ ကျန်းမာရေး အကျိုးကျေးဇူးတွေ ပါဝင်ပါတယ်။ ခန္ဓာကိုယ်ထဲက အဆိပ်အတောက်တွေကို activated charcoal က သံလိုက်လို ပူးကပ်စေခြင်းဖြင့် ဖယ်ရှားပေးပြီး အညစ်အကြေးတွေကတဆင့် ခန္ဓာကိုယ် အပြင်ဘက်ကို ထွက်သွားစေပါတယ်။ အစားမှားတာတို့၊ ခန္ဓာကိုယ်ထဲမှာ အဆိပ်အတောက်တွေ များနေတယ်လို့ ခံစားရတာမျိုးတို့ဆိုရင် activated charcoal ကို အဆိပ်ဖြေဆေးအဖြစ် သုံးစွဲပေးနိုင်ပါတယ်။
ပြုလုပ်နည်း
ပါဝင်ပစ္စည်းတွေကတော့ သံပုရာသီးတစ်လုံး၊ activated charcoal ဆေးတောင့် (၂) တောင့်၊ မေပယ်သီး သကာရည်နည်းနည်း၊ ရေနဲ့ ရေခဲတို့ပဲဖြစ်ပါတယ်။ အရင်ဆုံး သံပုရာသီးကို ထက်ခြမ်းခြမ်းပြီး အရည်ညှစ်လိုက်ပါ။ အစေ့တွေကို ဖယ်ရှားပေးဖို့လည်း မမေ့ပါနဲ့ဦး။ ပြီးရင်တော့ သံပုရာရည်ကို ခွက်ကြီးတစ်ခွက်ထဲ ပြောင်းထည့်ပေးလိုက်ပါ။
Activated charcoal ဆေးတောင့် (၂) တောင့်ကိုဖွင့်ပြီး အထဲက အမှုန့်လေးတွေကို သံပုရာရည်ခွက်ထဲ ထည့်လိုက်ပါ။ ပြီးရင်တော့ သမ အောင် မွှေပေးလိုက်ပါ။ ပြီးရင် ရေနဲ့ရေခဲကို ခွက်ပြည့်လုနီးပါးထိ ဖြည့်လိုက်ပါ။ ပြီးရင်တော့ မေပယ်သကာရည် နည်းနည်းထည့်လိုက်ပါ။ အပေါ်ကနေ သံပုရာသီးလေးတစ်စိတ်လောက် တင်ပေးလိုက်ရင် ပြီးပြည့်စုံသွားပါပြီ။
သတိထားရမှာတစ်ချက်က ဒီဖျော်ရည်ကို ခန္ဓာကိုယ်ထဲမှာ ရေဓာတ်ပြည့်ဝနေမှ သောက်သုံးသင့်ပါတယ်။ တချို့ကမေးကြမယ်။ Activated charcoal ချည်းပဲ သောက်လည်းရတာကို ဘာလို့ လစ်မနစ် လုပ်သောက်နေလဲဆိုပြီး။ အာနိသင်ကလည်း တူတူပဲလေ။ ဒါပေမယ့် အမဲရောင်လစ်မနစ်ဆိုတဲ့ နာမည်က ပိုမိုက်ပြီး သောက်ရတာလည်း ပိုကောင်းတယ်လေ။ ဟုတ်တယ်ဟုတ်။
Source: Instructables",2.0,1.0,2.0,5.0,3.0,"The text provides a simple recipe and basic health claims about activated charcoal. It is written in natural, conversational Burmese, reflecting local blogging styles. While it lacks deep scientific reasoning or academic rigor, it is coherent, clean, and culturally authentic in its tone and presentation."
<urn:uuid:44567e84-8a14-4433-ba72-ef0f17362ccf>,"တကယ်ပါ.. ရိုးရိုးလေး စိတ်မပျော်ဖြစ်နေတာပါ။
အဲဒါလေးကို ပဲ..ပြောပြ ရေးပြမလို့.. . ပြတိုက် တခုက..ရိုက်ယူလာတဲ့.. တရုတ်အနုပညာရှင် တယောက်ရဲ့ ရွှံ့ရုပ်လေးပါ ထဲ့မယ်လုပ်နေတုန်း.. အရုပ်လေးကတင်..ရသတွေ ပေါ်လွင်နေတာ..အနုပညာတွေ ပါနေတာကြောင့်.. ဘာစာမှ မထဲ့ဖြစ်လိုက်တာ။
gloomy ဆိုတဲ့ ခံစားချက်ကို လူတိုင်းလို အခါအားလျော်စွာတော့..ဖြစ်တတ်ကြ တာပဲ မဟုတ်လား။
မနေ့ကလေ.. အီးမေးလ် ဖွင့်တော့..အရွယ်တူ သူငယ်ချင်းတယောက်.. ကောက်ကာငင်ကာ.. ဘာလက္ခဏာမှ မပြပဲ.. ရောဂါဆိုးကြီး တခု ခံစားနေရပြီလို့.. မိတ်ဆွေတွေ..သတင်းပေးကြ..မေးမြန်းကြ..အံ့သြကြ ဖြစ်နေကြတာပါ ။ တကိုယ်လုံး ပျံ့နေတဲ့..ရောဂါ ကြီးကြောင့်.. ချောင်းဆိုးရင်တောင် နံရိုးတွေ ကျိုးကုန်တယ်တဲ့။ ကိုယ်တို့ ၂ယောက်လဲ..တယောက်နဲ့ တယောက် ကြည့်ပြီး.. ကဲ- နင်..အန်-အန်နေတာ..အန်ဒိုစကုပ်ပီ ယူကြည့်အုံး..။ ငါလဲ.. ခုရက်ထဲ..ဗိုက်ထဲ တမျိုးကြီး..ဆိုပြီး.. ချက်ချင်းကို မအီမသာ ဖြစ်လာတော့တာပဲ။
ဆိုရိုးစကားတခု ရှိတယ် မဟုတ်လား။ Expect unexpected things -
ခုတော့..Life expectancy တွေ ကျကျ လိုက်လာတဲ့.. ကိုယ့်လူမျိုးတွေ အတွက်ပါ..စိတ်မကောင်းဖြစ်နေ မိတယ်။ ကမ္ဘာကြီးက..ပူနွေးလာတယ်တဲ့.... ကာဗွန် ထုတ်လွှတ်မူတွေ..မြင့်တက်နေတယ်တဲ့.. ဂြိုဟ် တလုံးတောင်ထပ်တွေ့တယ်ဆိုတော့.. ဂြိုဟ်ခွင် အယူအဆ ဓါတ်သဘာဝတွေ ပါ..ပြောင်းလဲ ဦးမှာ။ ဒါတောင် အားမရလို့.. ဈေးထဲက.. ခရမ်းချဉ်သီးတွေ..ဖရဲသီးတွေကို အရောင်လှအောင်..မြန်မြန် မှည့်အောင် ဆေးထိုးကြတယ်တဲ့။ ပန်းတွေကို ကြာကြာမခံအောင်..ဆေးစိမ်ရတယ်တဲ့။ အပင်တွေ မြန်မြန် ကြီးအောင် လုပ်တဲ့..မြေသြဇာ ဆိုတာတွေမှာ.. ပြဒါးတွေပါတယ်တဲ့။ ဆိုင်ရနိုက်တွေ ပါတယ်တဲ့။ အသားပေါ တဲ့ ဈေးပေါတဲ့ ပီစီ ကြက်တွေ ကို ဟိုမုန်းထိုးထားတယ်တဲ့။ ဒီကြားထဲ နို့မှုန့်တွေ မှာ မယ်လနင် ပါတယ်တဲ့။ ရွေးချယ်စရာ နဲပါးတဲ့.. လူအများစု အတွက်တော့.. ရောဂါ တွေကိုပဲ ရွေးချယ် နေရတော့တယ်။
ကြားလိုက်ရ ရင်လည်း..အသဲရောဂါ ဆိုတာတွေ ချည်းပဲ။ အထူးသဖြင့် အနုပညာရှင်တွေ ..။ အသဲဆိုတာ..ခံစားတတ်တဲ့ နှလုံးနဲ့ ဆက်စပ်နေတာဆိုတော့.. စိတ်ခံစားမူ နဲ့များဆိုင်နေသလား။ စိတ်ထောင်းလို့ ကိုယ်ကျေ လေသလား။ အသဲတွေ နှလုံးတွေက..နူးညံလွန်းလို့..ထိရှပျက်စီးလွယ်တာများလား။
ဘာပဲပြောပြောလေ..ဘ၀ဆိုတာကတော့..လောင်စာရှိသရွေ့..ကိုယ်တိုင် ပဲ့ကိုင် မောင်းနှင် နေရ ဦးမယ့်..ရထားကြီးတစီးပဲ မဟုတ်လား။
အဲဒါလေးကို ပဲ..ပြောပြ ရေးပြမလို့.. . ပြတိုက် တခုက..ရိုက်ယူလာတဲ့.. တရုတ်အနုပညာရှင် တယောက်ရဲ့ ရွှံ့ရုပ်လေးပါ ထဲ့မယ်လုပ်နေတုန်း.. အရုပ်လေးကတင်..ရသတွေ ပေါ်လွင်နေတာ..အနုပညာတွေ ပါနေတာကြောင့်.. ဘာစာမှ မထဲ့ဖြစ်လိုက်တာ။
gloomy ဆိုတဲ့ ခံစားချက်ကို လူတိုင်းလို အခါအားလျော်စွာတော့..ဖြစ်တတ်ကြ တာပဲ မဟုတ်လား။
မနေ့ကလေ.. အီးမေးလ် ဖွင့်တော့..အရွယ်တူ သူငယ်ချင်းတယောက်.. ကောက်ကာငင်ကာ.. ဘာလက္ခဏာမှ မပြပဲ.. ရောဂါဆိုးကြီး တခု ခံစားနေရပြီလို့.. မိတ်ဆွေတွေ..သတင်းပေးကြ..မေးမြန်းကြ..အံ့သြကြ ဖြစ်နေကြတာပါ ။ တကိုယ်လုံး ပျံ့နေတဲ့..ရောဂါ ကြီးကြောင့်.. ချောင်းဆိုးရင်တောင် နံရိုးတွေ ကျိုးကုန်တယ်တဲ့။ ကိုယ်တို့ ၂ယောက်လဲ..တယောက်နဲ့ တယောက် ကြည့်ပြီး.. ကဲ- နင်..အန်-အန်နေတာ..အန်ဒိုစကုပ်ပီ ယူကြည့်အုံး..။ ငါလဲ.. ခုရက်ထဲ..ဗိုက်ထဲ တမျိုးကြီး..ဆိုပြီး.. ချက်ချင်းကို မအီမသာ ဖြစ်လာတော့တာပဲ။
ဆိုရိုးစကားတခု ရှိတယ် မဟုတ်လား။ Expect unexpected things -
ခုတော့..Life expectancy တွေ ကျကျ လိုက်လာတဲ့.. ကိုယ့်လူမျိုးတွေ အတွက်ပါ..စိတ်မကောင်းဖြစ်နေ မိတယ်။ ကမ္ဘာကြီးက..ပူနွေးလာတယ်တဲ့.... ကာဗွန် ထုတ်လွှတ်မူတွေ..မြင့်တက်နေတယ်တဲ့.. ဂြိုဟ် တလုံးတောင်ထပ်တွေ့တယ်ဆိုတော့.. ဂြိုဟ်ခွင် အယူအဆ ဓါတ်သဘာဝတွေ ပါ..ပြောင်းလဲ ဦးမှာ။ ဒါတောင် အားမရလို့.. ဈေးထဲက.. ခရမ်းချဉ်သီးတွေ..ဖရဲသီးတွေကို အရောင်လှအောင်..မြန်မြန် မှည့်အောင် ဆေးထိုးကြတယ်တဲ့။ ပန်းတွေကို ကြာကြာမခံအောင်..ဆေးစိမ်ရတယ်တဲ့။ အပင်တွေ မြန်မြန် ကြီးအောင် လုပ်တဲ့..မြေသြဇာ ဆိုတာတွေမှာ.. ပြဒါးတွေပါတယ်တဲ့။ ဆိုင်ရနိုက်တွေ ပါတယ်တဲ့။ အသားပေါ တဲ့ ဈေးပေါတဲ့ ပီစီ ကြက်တွေ ကို ဟိုမုန်းထိုးထားတယ်တဲ့။ ဒီကြားထဲ နို့မှုန့်တွေ မှာ မယ်လနင် ပါတယ်တဲ့။ ရွေးချယ်စရာ နဲပါးတဲ့.. လူအများစု အတွက်တော့.. ရောဂါ တွေကိုပဲ ရွေးချယ် နေရတော့တယ်။
ကြားလိုက်ရ ရင်လည်း..အသဲရောဂါ ဆိုတာတွေ ချည်းပဲ။ အထူးသဖြင့် အနုပညာရှင်တွေ ..။ အသဲဆိုတာ..ခံစားတတ်တဲ့ နှလုံးနဲ့ ဆက်စပ်နေတာဆိုတော့.. စိတ်ခံစားမူ နဲ့များဆိုင်နေသလား။ စိတ်ထောင်းလို့ ကိုယ်ကျေ လေသလား။ အသဲတွေ နှလုံးတွေက..နူးညံလွန်းလို့..ထိရှပျက်စီးလွယ်တာများလား။
ဘာပဲပြောပြောလေ..ဘ၀ဆိုတာကတော့..လောင်စာရှိသရွေ့..ကိုယ်တိုင် ပဲ့ကိုင် မောင်းနှင် နေရ ဦးမယ့်..ရထားကြီးတစီးပဲ မဟုတ်လား။
You received this email because you are subscribed to the real_time feed for http://kthwe.blogspot.com/feeds/posts/default. To change your subscription settings, please log into RSSFWD.",1.0,2.0,2.0,2.0,4.0,"The text is a personal blog post reflecting on life, health, and environmental concerns. It contains repetitive sections and boilerplate RSS footer text. While it touches on health and environmental issues, it lacks structured educational value. It uses natural, conversational Burmese, reflecting local perspectives and social anxieties, but the content is largely anecdotal and informal."
<urn:uuid:02b45ba7-b06a-4ba2-9f97-c999388d0f9f>,"ဒီကနေ့ မတ်လ ၁၃ ရက်နေ့ဟာ စက်မှု တက္ကသိုလ် ကျောင်းသား ကိုဖုန်းမော်နဲ့ ကိုစိုးနိုင်တို့ အဓိကရုဏ်း နှိမ်နင်းရေး ရဲတပ်ဖွဲ့ရဲ့ ပစ်ခတ်မှုကြောင့် သေဆုံးခဲ့ရတဲ့ ၂၈ နှစ်မြောက် နှစ်ပတ်လည်နေ့ ဖြစ်ပါတယ်။ ၁၉၈၈ ခုနှစ်၊ မတ်လ ၁၃ ရက်မှာ ကျဆုံးခဲ့ကြတဲ့ ကိုဖုန်းမော်၊ ကိုစိုးနိုင်၊ ကိုအောင်မွန်၊ ဦးစိန်အေးတို့ အပါအ၀င် ရဟန်းရှင်လူ ပြည်သူတွေ အတွက် ၂၈ နှစ်မြောက် နှစ်ပတ်လည် အခမ်းအနား အဖြစ် ရန်ကုန် စက်မှု တက္ကသိုလ်အနီး အရှေ့ကြို့ကုန် ဗြူးကုန်းတောရ စာသင် တိုက်မှာ ဒီကနေ့ ဆွမ်းကပ်ကြပါတယ်။ ၁၉၈၈ ခုနှစ်၊ မတ်လ အရေးအခင်း မှတ်တမ်းတွေနဲ့ အထောက်အထား ဓာတ်ပုံတွေကိုလည်း ပြသကြပါတယ်
လက်ရှိ အစိုးရအနေနဲ့ ဖမ်းဆီးခံ ကျောင်းသားတွေကို အမြန်ဆုံး ပြန်လွှတ်ပေး ဖို့ကိုလည်း နှစ်ပတ်လည် အခမ်းအနားကျင်းပရေး ကော်မတီက ထုတ်ပြန် တဲ့ ကြေညာချက်မှာ တောင်းဆိုထားပါတယ်။ ဆန္ဒပြ ကျောင်းသား ပြည်သူတွေကို ဖမ်းဆီးနေတာတွေကိုလည်း ရှုတ်ချ ပြောဆိုပါတယ်။
ကိုဖုန်းမော်၊ ကိုစိုးနိုင်တို့ ကျဆုံးခြင်း ၂၈ နှစ်မြောက် နှစ်ပတ်လည်နေ့ အထိမ်းအမှတ်အဖြစ် နိုင်ငံရေး အကျဉ်း သားဟောင်းများ အဖွဲ့ကလည်း သ၀ဏ်လွှာ ပေးပို့ခဲ့ပါတယ်။ ၁၉၈၈ ခုနှစ် မတ်လ ၁၃ ရက် ကိုဖုန်းမော် ကျဆုံး ပြီးနောက်ပိုင်း သယ်ဆောင်ခဲ့ကြတဲ့ ၈၈၈၈ ဒီမိုကရေစီရေး လှုပ်ရှားမှု၊ ဒီမိုကရေစီရေး၊ ငြိမ်းချမ်းရေးနဲ့ ပြည်သူ့ အာဏာ တည်မြဲရေးအတွက် စွန့်လွှတ် အနစ်နာခံခဲ့ကြသူတွေအားလုံးကို ဦးညွတ်ပါကြောင်း နိုင်ငံရေး အကျဉ်း သားဟောင်းများအဖွဲ့ရဲ့ သ၀ဏ်လွှာမှာ ဖော်ပြထားပါတယ်။
၁၉၈၈ ခုနှစ်၊ မတ်လ ၁၃ ရက်နေ့ညက စက်မှုတက္ကသိုလ် ကျောင်းသားတွေနဲ့ အရပ်သားတချို့ကြား ပဋိပက္ခကို အစိုးရ လုံထိန်းရဲတပ်ဖွဲ့က အင်အားသုံးနှိမ်နင်း တာမှာ စက်မှုတက္ကသိုလ် ကျောင်းသားတချို့ သေဆုံးခဲ့ရတာပါ။ မတ်လ ၁၃ ရက်နေ့ ပဋိပက္ခအပေါ် အစိုးရဘက်က စုံစမ်းစစ်ဆေးပေးဖို့နဲ့ သေဆုံးခဲ့ရ တဲ့ ကျောင်းသားတွေရဲ့ ဈာပဏ ကျင်းပနိုင်ရေး အတွက် ကျောင်းသားတွေက ၁၉၈၈ ခုနှစ် မတ်လ ၁၆ ရက်နေ့မှာ တောင်းဆိုကြတာမှာလည်း အာဏာပိုင်တွေဘက်က အင်အားသုံး နှိမ်နင်းတာကြောင့် သွေးထွက်သံယို ဖြစ်ခဲ့ရပါတယ်။
ဒီကနေ့ မတ်လ ၁၃ ရက်နေ့ကို မြန်မာနိုင်ငံ လူ့အခွင့်အရေးနေ့အဖြစ်လည်း ဒီမိုကရေစီရေး လှုပ်ရှားသူတွေက သတ်မှတ်ထားကြတာ ဖြစ်ပါတယ်။",3.0,2.0,2.0,5.0,5.0,"The text provides a factual, historical account of the 1988 March 13th incident in Burma, which is significant for educational purposes. It is written in natural, authentic Burmese, reflecting local political and social context. The structure is clean, coherent, and free of noise, though it lacks complex analytical reasoning or highly specialized technical content."
<urn:uuid:5c8d98ad-738f-4bbf-bab8-aaa254b5787d>,"လန်ဒန်၊ ဇွန် ၁
လန်ဒန်မြို့ရှိ ဝင်ဘလေဖျော်ဖြေရေးခန်းမတွင် ပွဲဦးထွက်ဖျော်ဖြေကာ ဂီတလောကထဲ စတင် ရောက်ရှိလာသော ဘရိုင်ယန်အဒမ်သည် အဆိုပါခန်းမမှာပင် တစ်ကျော့ပြန်ဖျော်ဖြေခွင့်ရခဲ့ ကြောင်း ဇွန် ၁ ရက် contactmusic သတင်းကဆိုသည်။ ” (Everything I Do)I Do It For You ”သီချင်းဖြင့် ကျော် ကြားခဲ့သော ဘရိုင်ယန်အဒမ်၏ ဖျော်ဖြေပွဲမှာ ရုံပြည့်ရုံလျှံခဲ့ပြီး ပရိသတ် ၁၂ဝဝဝ ခန့်တက်ရောက်ခဲ့ကြသည်။ ဘရိုင်ယန်အဒမ်သည် Ultimate Tour နယ်လှည့်ဖျော်ဖြေ ပွဲ၏ ခရီးစဉ်တစ်ခုအဖြစ် ဝင်ဘလေခန်းမတွင် ဖျော် ဖြေခဲ့ခြင်းဖြစ်သည်။
”ကျွန်တော်တို့ ပထမဆုံးဖျော်ဖြေခဲ့တဲ့ နေရာ တွေထဲမှာ ဝင်ဘလေလည်းပါတယ်။ အဲဒီတုန်းကဆို ထိုင်ခုံတွေတောင်မရှိဘူး”ဟု ဘရိုင်ယန်အဒမ် ကပြောသည်။ ဘရိုင်ယန်အဒမ်သည် ၁၉၈၅ ခုနှစ် တွင် ” Golden Eye ”အဆိုတော် တီနာတန်းနား၏ ဧည့်အဆိုတော်အဖြစ် ဝင်ဘလေတွင် ဖျော်ဖြေခွင့် ရခဲ့ခြင်းဖြစ်သည်။
”အဲဒီတုန်းကတော့ ပရိသတ်တွေက ‘ဟာ ဒီ ကောင် ဘာကောင်လဲ’ဆိုပြီး တွေးခဲ့ကြမှာပဲ” ဟု ဘရိုင်ယန်အဒမ်ကပြောသည်။ ယခုသီတင်းပတ် ဖျော်ဖြေပွဲတွင်မူ ဘရိုင်ယန်အဒမ်ကို ပရိသတ်များက ကောင်းစွာ သိရှိထားပြီးဖြစ်သည်။ ကနေဒါနိုင်ငံသား ရော့ခ်အကျော်အမော် ဘရိုင်ယန်အဒမ်သည် ” Heaven ”၊ ” Run To Yon ”၊ ” Summer of 69 ”စသည့် သီချင်းများနှင့် ပရိသတ်ကို ဖျော်ဖြေခဲ့သည်။ ” When Your Gone ” သီချင်း ဖြင့် ကျော်ကြားခဲ့သော ဘရိုင်ယန်အဒမ်သည် ရိုးသားနှိမ့်ချသူအဖြစ် နာမည်ကောင်းထွက်သည်။ ယခင်နှစ်အောက်တိုဘာက ဆဋ္ဌမမြောက်သီချင်းခွေ ” Ultimate ”ကိုဖြန့်ချိခဲ့သည်။
Ref: contactmusic
#democracytoday",1.0,1.0,2.0,4.0,3.0,"The text is a standard entertainment news report about Bryan Adams. It provides basic biographical and career information, making it accessible to a general audience. It is written in natural, journalistic Burmese, though it lacks deep analytical or educational depth. The formatting is clean, though it includes a source reference and a hashtag."
<urn:uuid:02339c9a-64ba-4a06-9e36-4e100e1191c2>,"မြောက်ကိုရီးယားခေါင်းဆောင် Kim Jong-un နဲ့ အမေရိကန်သမ္မတ Donald Trump တို့တွေ့ ဆုံတဲ့ Trump – Kim Summit ကို ဗီယက်နမ်နိုင်ငံမှာ ကျင်းပနေပါတယ်။ လူတိုင်းမသိကြတာက Kim Jong-un ဘေးမှာ ထပ်ကြပ်မကွာလိုက်လာတဲ့ ညာလက်ရုံး Kim Yo-jong ပါ။
Kim Jong-un ကို လူသိများပေမယ့် သူ့ရဲ့ ညာလက်ရုံးဖြစ်တဲ့ ညီမငယ် Kim Yo-jong ကတော့ လူသိနည်းပါတယ်။ သူမဟာ ကိုရီးယားနှစ်နိုင်ငံ တွေ့ ဆုံခဲ့တဲ့ Inter-Korean Summit တုန်းကလည်း ပါဝင်ဖူးသူပါ။
Kim Yo-jong ရဲ့အသက်ကို အတိအကျမသိရပေမယ့် ၂၉နှစ်နဲ့ ၃၁နှစ်ကြားမှာပဲ ရှိသေးတယ်လို့ သိရပါတယ်။ တချို့တွေက သူမဟာ ၁၉၈၈ခုနှစ် စက်တင်ဘာလ (၂၆) ရက်နေ့မှာ မွေးဖွားခဲ့ပြီး အခုချိန်မှာ အသက် (၃၁) ရှိပြီလို့ ဆိုကြပါသေးတယ်။ မြောက်ကိုရီးယားအာဏာရှင်ဟောင်း Kim Jong-il နဲ့ ဂျပန်အကမယ် Ko Yong Hui တို့က မွေးဖွားလာတဲ့ သားသမီး (၃) ယောက်အထဲက အငယ်ဆုံးသမီးဖြစ်ပါတယ်။ သူမရဲ့အစ်ကိုနှစ်ယောက်က Kim Jong-chul နဲ့ လက်ရှိခေါင်းဆောင် Kim Jong-un တို့ပါ။
သွားလေသူ Kim Jong-il ကဆိုရင် သမီးထွေးကို အချစ်ပိုခဲ့ပြီး ‘မင်းသမီးလေး . . အရမ်းလှတာပဲ” လို့တောင် တဖွဖွပြောတတ်သူပါ။ Kim Yo-jong ဟာ ငယ်စဉ်ဘဝတုန်းက ဆွစ်ဇာလန်နိုင်ငံမှာရှိတဲ့ English Language International School မှာ တက်ခဲ့ပါသေးတယ်။ (အဲဒီကျောင်းမှာ အစ်ကိုတော် Kim Jong-un လည်း တက်ဖူးပါတယ်။)
သူမဟာ ခြောက်တန်းအောင်တော့ ၂ဝဝဝခုနှစ်မှာ မြောက်ကိုရီးယားနိုင်ငံကို ပြန်လာခဲ့ပါတယ်။ အထက်တန်းပညာကို ဘယ်ကျောင်းမှာ သင်ယူခဲ့သလဲဆိုတာ တိတိကျကျမသိရပေမယ့် စစ်ပညာကိုတော့ Kim Il Sung Military University မှာ သင်ယူခဲ့တာပါ။ ဖခင်ကြီး Kim Jong-il ဆိုရင် သမီးငယ်လေးက နိုင်ငံရေးကို စိတ်ဝင်စားတဲ့အတွက် သူ မရှိတော့ရင် နိုင်ငံကို ဦးဆောင်နိုင်လိမ့်မယ်လို့တောင် ပြောခဲ့ဖူးပါတယ်။
အာဏာရှင် Kim Jong-un က စကားကို ဟောင်ဖွာဟောင်ဖွာပြောတတ်ပေမယ့် ညီမဖြစ်တဲ့ Kim Yo-jong ကတော့ သိုသိုသိပ်သိပ်နေထိုင်တတ်ပြီး သူမကို ဖခင်ရဲ့နာရေးမှသာ မြင်တွေ့ကြရတာဖြစ်ပါတယ်။
၂ဝ၁၈ခုနှစ်တုန်းက တောင်ကိုရီးယားနိုင်ငံမှာ ကျင်းပခဲ့တဲ့ ‘2018 Winter Olympics’ ဖွင့်ပွဲအတွက် Kim Yo-jong ဟာ မြောက်ကိုရီးယားနိုင်ငံကိုယ်စားပြု တက်ရောက်မှသာ သူမရဲ့ ပုံရိပ်တွေ ပျံ့ နှံ့ခဲ့တာဖြစ်ပါတယ်။
တကယ်တမ်းတော့ သူမဟာ မြောက်ကိုရီးယားနိုင်ငံရဲ့ ပါဝါအရှိဆုံးအမျိုးသမီးလို့တောင် ဆိုရမှာပါ။ အခုချိန်အထိ အစ်ကိုဘေးမှာ ရပ်တည်ရင်း လိုလေးသေးမရှိအောင် ကူညီပေးနေတဲ့ ညီမငယ် Kim Yo-jong ပဲဖြစ်ပါတယ်ခင်ဗျာ။
Photo Credit – Business Insider
ကျော်စိုးအောင် (အခရာ)",2.0,1.0,2.0,5.0,2.0,"The text provides biographical information about Kim Yo-jong in a journalistic style. It is informative but lacks deep analysis or complex reasoning. It is written in natural, accessible Burmese, suitable for a general audience. The formatting is clean, and it avoids excessive boilerplate, though it functions more as a news feature than an educational resource."
<urn:uuid:3a310a7a-445a-44af-99bd-d8bb6cb4520a>,"နော်ဝေးနိုင်ငံ အရှေ့ပိုင်းဆိုင်ရာ မစ်ရှင်အဖွဲ့က ချင်းအမျိုးသား တဦးဖြစ်တဲ့ ဗစ်တာဗျက်လျန်င်ကို လူ့အခွင့်အရေး တက်ကြွစွာ ပါဝင်လှုပ်ရှားတဲ့ သူတယောက်အနေနဲ့ လာမယ့် နိုဝင်ဘာ ၉ ရက်နေ့မှာ အော်စလိုမြို့ Freedom of Expression Foundation မှာ စိန့်စတီဗင်ဆုကို ချီးမြှင့်ပေးမယ်လို့ ဆိုပါတယ်။ သူ့အနေနဲ့ အခုလို ဆုချီးမြှင့်ခြင်း ခံရတာဟာ ချင်းအမျိုးသားတွေ သာမက လူ့အခွင့်အရေး လှုပ်ရှားသူတွေ အတွက်ပါ ဂုဏ်ယူစရာ ဖြစ်တယ်လို့လည်း ပြောပါတယ်။ ဗစ်တာဗျက်လျန်င် အနေနဲ့ ဆက်လက်ပြီးတော့ လူ့အခွင့်အရေး ပညာပေး လုပ်ငန်းမှာရော ဘာသာရေး ဖိနှိပ်မှုတွေ တားဆီးဖို့အတွက်ပါ ဆက်လက် တိုက်ပွဲဝင်သွားမယ်လို့လည်း ပြောပါတယ်။ အပြည့်အစုံကို ဗွီအိုအေ ထိုင်းအခြေစိုက် သတင်းထောက် နိုင်ကွန်းအိန်က တင်ပြပေးထားပါတယ်။
လူ့အခွင့်အရေး လုပ်ငန်းတွေမှာ တက်တက်ကြွကြွ ပါဝင်လုပ်ဆောင်ခဲ့တဲ့ ချင်းအမျိုးသား ဗစ်တာဗျက်လျန်င်ကို အရှေ့ပိုင်းဆိုင်ရာ နော်ဝေး မစ်ရှင်အဖွဲ့က စိန့်စတီဗင်ဆု ချီးမြှင့်ပေးမယ်လို့ ပြည်ပအခြေစိုက် Chinland Guardian သတင်းဌာနကနေ အောက်တိုဘာ ၈ ရက်နေ့မှာ သတင်းထုတ်ပြန်ထားပါတယ်။ ဗစ်တာဗျက်လျန်င်ဟာ ENC ခေါ် တိုင်းရင်းသား လူမျိုးများကောင်စီ အဖွဲ့မှာ အဖွဲ့ဝင်တဦး ဖြစ်သလို ချင်းဖိုရမ်အဖွဲ့မှာလည်း လူ့အခွင့်အရေးတွေအတွက် လုပ်ဆောင်နေတဲ့ သူတဦး ဖြစ်ပါတယ်။ ဗစ်တာဗျက်လျန်င် အနေနဲ့ စိန့်စတီဗင်ဆု ချီးမြှင့်ခြင်း ခံရတဲ့အပေါ် ENC အဖွဲ့ရဲ့ အတွင်းရေးမှူး ဒေးဗစ်ထောကို ဆက်သွယ်မေးမြန်းရာမှာ အခုလို ပြောပါတယ်။
“နော်ဝေးအခြေစိုက်က နေပြီးတော့ လူ့အခွင့်အရေးနဲ့ ပတ်သက်တဲ့ဆုကို ပေးမှာဖြစ်ပါတယ်။ အဓိကကတော့ ချင်းလူ့အခွင့်အရေးတွေ ဆုံးရှုံးနစ်နာတဲ့ ကိစ္စကို သူက တက်တက်ကြွကြွပဲ နိုင်ငံတကာမှာ လိုက်ပြောဆိုတယ်။ အဓိကကတော့ Chin Humanrights Organization ကပေါ့။ ဒါပေမဲ့ သူက ချင်းကိစ္စတင် မကပါဘူး၊ တခြားတိုင်းရင်းသား ကိစ္စတွေပါ သူအကုန်လုံးပြောတဲ့ ချင်းအမျိုးသားတယောက် ဖြစ်ပါတယ်။”
ဗစ်တာဗျက်လျန်င်ကို လာမယ့် နိုဝင်ဘာလ ၉ ရက်နေ့ နော်ဝေနိုင်ငံ အော်စလိုမြို့မှာ ဆုချီးမြှင့်ပေးမှာဖြစ်ပြီး အဲဒီဆုကို ဗစ်တာဗျက်လျန်င် အနေနဲ့ လူ့အခွင့်အရေး လှုပ်ရှားမှု သက်တမ်းတလျှောက်မှာ ပထမဦးဆုံး ရတဲ့ဆုလို့လည်း ပြောပါတယ်။ တိုင်းရင်းသားတယောက် အနေနဲ့ အခုလို လူ့အခွင့်အရေးဆု ချီးမြှင့်ခံရတာဟာ ဝမ်းသာဂုဏ်ယူစရာတခု ဖြစ်တယ်လို့ ENC အတွင်းရေးမှူး ဒေးဗစ်ထောက ပြောပါတယ်။
“ကျနော်တို့ အနေနဲ့ကတော့ ဒီ ENC ရဲ့ တိုင်းရင်းသား အဖွဲ့ဝင် တယောက်လည်းဖြစ်တယ်၊ ဒီလို ဆုရရှိတာ ကျနော်တို့အနေနဲ့ အများကြီး ဂုဏ်ယူ ဝမ်းသာပါတယ်။ ဒီဆုဟာ အမှန်တော့ သူတွင်မကပါဘူး၊ သူ့ ချင်းအမျိုးသား တခုလုံးကိုရော နောက်ပြီးတော့ ENC ကိုပါ အများကြီး ရောင်ပြန်ဟပ်စေပါတယ်။”
စိန့်စတီဗင်ဆု ချီးမြှင့်ခြင်း ခံရတဲ့အပေါ် ဖြစ်ပွားခဲ့တဲ့ ခံစားချက်လေးတွေကို ကနေဒါနိုင်ငံ အခြေစိုက် ဗစ်တာဗျက်လျန်င်ကို ဆက်သွယ် မေးမြန်းခဲ့ရာမှာ အခုလို ပြောပါတယ်။
“ကျနော် ဝမ်းသာပီတိ ဖြစ်မိတယ်။ ဘာကြောင့်လဲဆိုတော့ အခုလို နိုင်ငံတကာ အဖွဲ့အစည်းတခု အနေနဲ့ ကျနော်တို့ရဲ့ လှုပ်ရှားမှု၊ ကျနော်တို့ရဲ့ အနစ်နာခံမှု၊ ပေးဆပ်မှုတွေကို အသိအမှတ်ပြုခြင်း ခံရတာဟာ အင်မတန်မှ အားတက်မိတယ်။ ကျနော် ခံစားမိတာကတော့ အမှန်တော့ ကျနော်တယောက်တည်း မဟုတ်ဘဲနဲ့ ကျနော့် လုပ်ဖော်ကိုင်ဘက်တွေရယ် နောက်ပြီး ဒီမိုကရေစီ လိုလားတဲ့၊ တိုက်ပွဲဝင်နေတဲ့ ရဲဘော်ရဲဘက်အားလုံးကို အသိအမှတ် ပြုတာလည်း ဖြစ်တယ်လို့ ခံစားမိတယ်ဗျ။ လူ့အခွင့်အရေး ပညာပေး လုပ်ငန်းတွေပဲဖြစ်ဖြစ်၊ ကျနော်တို့ ချင်း လူ့အခွင့်အရေးအဖွဲ့ အနေနဲ့ လာမယ့်အချိန်မှာလည်း ကျနော်တို့ ဘာသာရေးနဲ့ ပတ်သက်ပြီးတော့ လွတ်လပ်မှုတွေကိုလည်း Focus လုပ်ပြီးတော့ ဆက်လက် လှုပ်ရှားဖို့ရှိတယ်။
“ဘာဖြစ်လို့လဲဆိုတော့ ကျနော်တို့ တိုင်းပြည်မှာ ဘာသာရေး အနေနဲ့ လူနည်းစု ဘာသာရေး အဖွဲ့ဝင်တွေကို နည်းနည်း အစိုးရ အဖွဲ့အစည်း အနေနဲ့ ခွဲခြားဆက်ဆံတာတို့၊ ဖိနှိပ်တာတို့ ကျနော်တို့ တွေ့ရတယ်။ သက်သေ အထောက်အထားတွေလည်း အများကြီးရှိတယ်။ ဒီကိစ္စနဲ့ ပတ်သက်ပြီးတော့ စာအုပ်တွေ ဘာတွေ ထုတ်ဖို့ရှိတယ်။”
ဗစ်တာဗျက်လျန်င်ဟာ ချင်းပြည်နယ် ဟားခါးမြို့ ဇာတိဖြစ်ပြီး ရန်ကုန်တက္ကသိုလ်က ရုက္ခဗေဒ ဘာသာရပ်နဲ့ နောက်ဆုံးနှစ်မှာ ကျောင်းတက်နေစဉ်အတွင်း ၁၉၈၈ ခုနှစ် အရေးအခင်းကာလမှာ တော်လှန်ရေးနယ်မြေထဲ ရောက်ရှိလာပြီးတော့ ချင်းအမျိုးသားတပ်ဦးမှာ တာဝန်ထမ်းဆောင်ခဲ့ပါတယ်။ ဒါ့အပြင် ချင်းဖိုရမ်အဖွဲ့ကို စတင်တည်ထောင်သူတဦး ဖြစ်သလို ချင်းလူ့အခွင့်အရေး အဖွဲ့မှာလည်း တက်ကြွစွာ ပါဝင်လှုပ်ရှားနေသူတဦး ဖြစ်ပါတယ်။
အခုဆိုရင် ကနေဒါနိုင်ငံမှာ အခြေချနေထိုင်ပြီး လူ့အခွင့်အရေးဆိုင်ရာ လှုပ်ရှားမှုတွေမှာရော၊ ဘာသာရေး နှိပ်ကွပ်မှု၊ လူသားတွေရဲ့ ယုံကြည်ချက်တွေကို ချုပ်ချယ်မှုတွေ ပပျောက်အောင် အကာအကွယ်ပေး စောင့်ရှောက်မှု လုပ်ငန်းတွေမှာ တက်တက်ကြွကြွ ပါဝင်လုပ်ဆောင်နေဆဲလို့ တိုင်းရင်းသား လူမျိုးများကောင်စီ အတွင်းရေးမှူး ဒေးဗစ်ထောက ပြောပါတယ်။",3.0,2.0,2.0,5.0,4.0,"The text is a well-structured news report about a human rights activist. It provides educational value regarding current events and civil rights, uses standard journalistic reasoning, and is written in natural, professional Burmese. It is clean, complete, and reflects the specific cultural context of the Chin community and Burmese political history."
<urn:uuid:0c2de4ca-4f59-4688-aa35-2fb72ca58f8c>,"လပေးအစီအစဉ်တွင်ပါဝင်သည်။
လီကွမ်ယုရဲ့ အုပ်ချုပ်ရေးဆိုင်ရာအဆိုအမိန့်များ
အနှစ်ချုပ်
လီကွမ်ယု၏ အဆိုအမိန့်များသည် စင်ကာပူကို ထူထောင်သူဖခင်ဟု
အများက သတ်မှတ်ခြင်းခံရသူတစ်ဦးကို မိတ်ဆက်ပေးထားခြင်း
ဖြစ်သည်။ သူနှင့် သူ့အဖွဲ့တို့ကို ထိန်းကျောင်းပေးထားသော လက်စွဲ
အခြေခံမူများကို မိတ်ဆက်ပေးခြင်းလည်း ဖြစ်သည်။ သူတို့သည်
ဗြိတိသျှ အင်ပါယာ လက်အောက်မှ လွတ်မြောက်အောင် ပဲ့ကိုင်ပေး
ခဲ့ကြသည်။ ထို့နောက် မလေးရှားနှင့် ပေါင်းစည်းခဲ့ကြသည်။ ထို့နောက်
မလေးရှားမှခွဲထွက်ပြီး သြဂုတ်လ ၉ ရက်၊ ၁၀၆၅ ခုနှစ်တွင် လွတ်
လပ်ရေးရယူလိုက်သောအခါ မတည်ငြိမ်သည့်ရေပြင်ကို ဖြတ်သန်းခဲ့
ကြရပြန်သည်။ ထိုဖြစ်စဉ်တစ်လျှောက် ထိုအခြေခံမူများက ပဲ့ကိုင်
ပေးခဲ့ကြသည်။
- စာအုပ်များ
- သမိုင်းနှင့် ပထဝီ
- မြန်မာ
ဒေတာပိတ်ထားပြီး စာဖတ်ရန်အတွက် ကျေးဇူးပြု၍ app ကိုဒေါင်းလုဒ်ဆွဲပါ။",2.0,1.0,2.0,2.0,2.0,"The text provides a brief historical summary of Lee Kuan Yew and Singapore's independence, which has educational value. However, it is incomplete, contains navigation-like list items, and ends with a promotional prompt to download an app, which detracts from its overall quality and cleanliness."
<urn:uuid:cc885040-b09c-46cf-b167-fd9ce0689471>,"|
|
Refer and Win Promotion
ချစ်ခင်လေးစားအပ်ပါသော Customer များရှင့်
ပြုလုပ်ရမည့်အစီအစဉ်-
၁။ မိမိတို့ မိတ်ဆွေသူငယ်ချင်းများကို YTP ၏ FTTx Service ကို Refer ပြုလုပ်ပေးပါ။
မှတ်ချက်။ ။ Refer ပြုလုပ်ပေးသော မိတ်ဆွေသူငယ်ချင်းများမှ YTP ၏ FTTx Service ကိုလျှောက်ထား အသုံးပြုမှသာ Discount အခွင့်အရေးကို ခံစားခွင့် ရရှိနိုင်မည်ဖြစ်ပါသည်။
YTP သို့ အမြန်ဆက်သွယ်နိုင်ရန် အတွက် အောက်ပါလင့် များမှ ၀င်ရောက်နိုင်ပါသည်။
အသေးစိတ် သိလိုသည်များကို မေးမြန်းလိုပါက အောက်ပါဖုန်းနံပါတ်များသို့ ခေါ်ဆိုနိုင်ပါသည်။
လေးစားချစ်ခင်စွာဖြင့်
|
|
အထူးလျှော့ဈေး သက်တမ်းတိုးမြှင့်ခြင်း
ချစ်ခင်လေးစားအပ်ပါသော Customer များနှင့် YTP ၏ ၀န်ဆောင်မှုကို အသုံးပြုလိုသူများအတွက် ရတနာပုံတယ်လီပို့ ၏ Fiber အင်တာနက် လိုင်း အိမ်အရောက် ၀န်ဆောင်မှု (FTTx) သင်္ကြန်အထူးလျှော့ဈေး အစီအစဉ်အား သုံးစွဲသူ မိဘပြည်သူများ၏ တောင်းဆိုမှုများအရ အထူးလျှော့ဈေး ကာလကို ဆက်လက်တိုးချဲ့၍ လက်ခံဆောင်ရွက်ပေးသွားမည် ဖြစ်ပါကြောင်း သတင်းကောင်း ပါးအပ်ပါသည်။
အထူးလျှော့ဈေးအနေဖြင့် -
YTP သို့အမြန်ဆက်သွယ်နိုင်ရန် အတွက် အောက်ပါလင့် များမှ ၀င်ရောက်နိုင်ပါသည်။
အသေးစိတ် သိလိုသည်များကို မေးမြန်းလိုပါက အောက်ပါဖုန်းနံပါတ်များသို့ ခေါ်ဆိုနိုင်ပါသည်။
လေးစားချစ်ခင်စွာဖြင့်
|
|
FTTx SPECIAL PROMOTION
ချစ်ခင်လေးစားအပ်ပါသော Customer များနှင့် YTP ၏ ၀န်ဆောင်မှုကို အသုံးပြုလိုသူများအား YTP မှ သတင်းကောင်းပေးပို့ အပ်ပါသည်။ ရတနာပုံတယ်လီပို့၏ Fiber ၀န်ဆောင်မှု (FTTx Service) ကို ၂၀၁၇ ခုနှစ် မတ်လ (၂၃)ရက်မှ- ဧပြီလ (၁၀)ရက်အတွင်း လျှောက်ထားပါက သင်္ကြန်အထူးလျော့ဈေးအနေဖြင့် ရန်ကုန်မြို့တွင် One time installation fees ကို ၁၂၀,၀၀၀ ကျပ်နှင့် နှစ်စဉ်ကြေး အခမဲ့ ခံစားခွင့်ရရှိမည်ဖြစ်ပါသည်။
အသေးစိတ် သိလိုသည်များကို မေးမြန်းလိုပါက အောက်ပါဖုန်းနံပါတ်များသို့ ခေါ်ဆိုနိုင်ပါသည်။
လေးစားချစ်ခင်စွာဖြင့်
|
|
ရတနာပုံတယ်လီပို့၏ ၀န်ဆောင်မှုများနှင့် ပတ်သက်၍ ဆက်သွယ်နိုင်မည့် ရုံးခွဲများ
ရတနာပုံတယ်လီပို့ ၏ ၀န်ဆောင်မှုကို သုံးစွဲလျက်ရှိသော Customer များအား ကျေးဇူးတုံ့ပြန်သော အားဖြင့် ပိုမို မြန်ဆန်သည့် အင်တာနက် ၀န်ဆောင်မှုများကို သက်သာသောနှုန်းထားဖြင့် ပြောင်းလဲဝန်ဆောင်မှု ပေးသွားမည် ဖြစ်ပါကြောင်း သတင်းကောင်းပါးအပ်ပါသည်။
အသေးစိတ် သိရှိလိုပါက -
ကျေးဇူးတင်စွာဖြင့်
|
|
2600 MHz လှိုင်းနှုန်းစဉ် လေလံရလဒ် သတင်းထုတ်ပြန်ကြေညာခြင်း
ပို့ဆောင်ရေးနှင့် ဆက်သွယ်ရေး ၀န်ကြီးဌာန ၊ ဆက်သွယ်ရေး ညွှန်ကြားမှု ဦးစီးဌာန သည် 2600 MHz လှိုင်းနှုန်းစဉ်လေလံအား နေပြည်တော်ရှိ The Hotel Royal ACE တွင် ၂၀၁၆ ခုနှစ် ၊ အောက်တိုဘာလ (၁၇) ရက်နေ့ ၊ နံနက် (၉:၀၀) နာရီတွင် စတင်ပြုလုပ်ခဲ့ရာ သတ်မှတ်ချက်နှင့် ကိုက်ညီသော ကုမ္ပဏီ (၉) ခုမှ ပါဝင်ယှဉ်ပြိုင်ခဲ့ကြပါသည်။ ပထမနေ့ အစီအစဉ်အား (၁၉:၁၅) နာရီတွင် ခေတ္တရက်နားခဲ့ပြီး Round (၁၁) ခုဆောင်ရွက်နိုင်ခဲ့ပါသည်။ လေလံအား ၂၀၁၆ ခုနှစ် ၊အောက်တိုဘာလ (၁၈) ရက်နေ့ နှင့် (၁၉) ရက်နေ့များတွင် အဆိုပါ ဟိုတယ်၌ ဆက်လက် ဆောင်ရွက်ခဲ့ရာ အောက်တိုဘာ (၁၉)ရက်နေ့ (၁၅:၀၀) နာရီတွင် Round (၃၂) ခုဖြင့် လေလံအား အောင်မြင်စွာ ဆောင်ရွက်ပြီးစီးခဲ့ပါသည်။
2600 MHz လှိုင်းနှုန်းစဉ်လေလံအား Simultaneous Multiple-Rounds Ascending Auction (SMRA) စနစ်ဖြင့် ဆောင်ရွက်ခဲ့ခြင်းဖြစ်ပြီး ၊ အဆိုပါ လေလံတွင် Lot အလိုက် အောင်မြင်သည့် ကုမ္ပဏီများ စာရင်းမှာ အထက်ပါ စာရင်းအတိုင်း ဖြစ်ပါသည်။
ဖော်ပြပါ လေလံအောင်မြင်သူများအား သက်တမ်း (၁၅) နှစ်ရှိသည့် လှိုင်းနှုန်းစဉ် အသုံးပြုခွင့် ခွင့်ပြုပေးနိုင်ရေး ဆက်လက်ဆောင်ရွက်သွားမည် ဖြစ်ပါသည်။
ဆက်သွယ်ရေးညွှန်ကြားမှုဦးစီးဌာန",1.0,1.0,2.0,2.0,3.0,"The document is a collection of corporate announcements and press releases from a telecommunications company. It lacks educational depth or complex reasoning. It is written in natural, professional Burmese, reflecting local business communication styles, but contains significant boilerplate, repetitive structures, and formatting artifacts typical of web-scraped promotional content."
<urn:uuid:895cd4b1-0025-4039-9d2e-e95b355c1692>,"ဘိုင်ယန်မြူးနစ်အသင်းဘက်ကနေ စိတ်ဝင်စားခံနေရမှုအပေါ်မှာ သူ့အနေနဲ့ ဘယ်လိုမှ မှတ်ချက်မပေးလိုကြောင်း ထုတ်ဖော်ပြောဆိုခဲ့ပြီး ဘွန်ဒက်လီဂါထက် ပရီးမီးယားလိဂ်ဆီကိုသာ ခြေချချင်နေတဲ့ ရက်ဘူးလိုက်ပ်ဇစ်အသင်းရဲ့ ဂျာမန်တိုက်စစ်ကစားသမားလေး တီမိုဝါနာကို လီဗာပူးလ်အသင်းဘက်ကနေ ပစ်မှတ်ထားနေတယ်လို့ သတင်းထွက်ပေါ်နေပေမယ့် ဂျာမနီကနေ ထွက်ပေါ်လာတဲ့ သတင်းတွေအရတော့ မန်ချက်စတာယူနိုက်တက်အသင်းနဲ့ ချယ်လ်ဆီးအသင်းတို့သာ ဝါနာရဲ့အေးဂျင့်နဲ့ ချိတ်ဆက်မှုတွေကို ပြုလုပ်ထားကြပြီး နောက်လအတွင်းလောက်မှာပဲ ကမ်းလှမ်းမှုတွေ စတင်ပြုလုပ်ဖွယ်ရှိနေပါတယ်။
Photo Credit : Transfermarket
အသက်(၂၄)နှစ်အရွှယ်ရှိ ဂျာမန်လက်ရွေးစင် တိုက်စစ်မှူးလေး တီမိုဝါနာဟာ ပြီးခဲ့တဲ့ နှစ်အနည်းငယ်အတွင်းလောက်ကပဲ သူရဲ့အတောက်ပဆုံးခြေစွမ်းတွေကို ပြသလာခဲ့ရင်းနဲ့ ကလပ်အသင်းကြီးတွေရဲ့ ပစ်မှတ်အဖြစ် သတ်မှတ်ခံလာရတာဖြစ်ပါတယ်။ လက်ရှိမှာ ဝါနာကို လီဗာပူးလ် ချယ်လ်ဆီး ဘိုင်ယန်မြူးနစ် မန်ချက်စတာယူနိုက်တက်အသင်းတို့အပြင် အသင်းကြီးပေါင်းများစွာတို့ကနေ အပြိုင်စိတ်ဝင်စားနေကြပေမယ့် ဝါနာကို ခေါ်ယူဖို့ ချိတ်ဆက်လာတဲ့အသင်းတွေထဲကမှ ဝါနာကိုယ်တိုင်က ယာဂင်ကလော့နည်းပြနေတဲ့ လီဗာပူးလ်အသင်းဆီကိုပဲ ရွေးချယ်ချင်နေပါတယ်။
Photo Credit : DW
လတ်တလော ထွက်ပေါ်နေတဲ့ သတင်းတွေထဲမှာ ဝါနာဟာ လီဗာပူးလ်ကိုပဲ ရောက်ရှိဖို့ အခြေအနေအရမ်းများနေတယ်လို့ သုံးသပ်ဖော်ပြမှုတွေ ထွက်ပေါ်နေပေမယ့်လည်း ဂျာမန်ကနေ ထွက်ပေါ်နေတဲ့ သတင်းတစ်ရပ်မှာတော့ ဝါနာကို ခေါ်ယူနိုင်ဖို့ လာရောက်ချိတ်ဆက်နေတဲ့ အသင်းတွေထဲမှာ ချယ်လ်ဆီးနဲ့ မန်ချက်စတာယူနိုက်တက်အသင်းတို့သာ ဝါနာရဲ့အေးဂျင့်နဲ့ ဆက်သွယ်နေတယ်လို့ သိရပါတယ်။ ဝါနာနဲ့ လိုက်ပ်ဇစ်အသင်းတို့ကြား ချုပ်ဆိုထားတဲ့ စာချုပ်ပါ အချက်အလက်တွေအရ လာမယ့်ဇွန်လ(၁)ရက်နေ့ကနေ (၁၅)ရက်နေ့အထိ ပေါင်(၅၂)သန်းတန် ဝါနာရဲ့စာချုပ်လျော်ကြေးက စတင်သက်ရောက်တော့မှာဖြစ်တာကြောင့် အဲ့ဒီကာလအတွင်းမှာပဲ ဝါနာကို အသင်းပေါင်းများစွာက ကမ်းလှမ်းမှုတွေကို ပြုလုပ်လာနိုင်သလို လိုက်ပ်ဇစ်ကတော့ အဲ့ဒီ(၂)ပတ်တာ ကာလမှာ ဝါနာကို ဆက်လက်ထိန်းသိမ်းထားပြီး စာချုပ်လျော်ကြေးကို (၂)ဆလောက် ထပ်မံတိုးမြှင့်ဖွယ်ရှိနေပါတယ်။",1.0,1.0,2.0,4.0,3.0,"The text is a sports news report about football transfers. It provides factual updates on player interest and contract clauses. It is written in natural, journalistic Burmese, though it lacks deep educational or complex reasoning value. It is clean, professional for a sports article, and uses appropriate local sports terminology."
<urn:uuid:723ea59d-ee55-4dcc-9c75-86aa2292d806>,"အင်ဂျင်နီယာဌာန၏သမိုင်းအကျဉ်း
ပြည်တွင်း ရေကြောင်း ပို့ဆောင်ရေး၊ အင်ဂျင်နီယာ ဌာနသည် ခရ သက္ကရာဇ် ၁၈၆၅ ခုနှစ်၊ “ဧရာဝတီ ဖလိုတီလာ ကုမ္ပဏီ” စတင် ပေါ်ပေါက် ချိန်မှစ၍ အင်ဂျင်နီယာဌာနအား စတင် ဖွဲ့စည်းခဲ့ကြောင်း သိရှိရပါသည်။ ယင်းအချိန် ထက်စော၍ ၁၈၅၂ ခုနှစ်ဆန်းတွင် အင်္ဂလိပ် အစိုးရသည် ဒလ သင်္ဘောကျင်းအား စတင် ဖွင့်လှစ်ခဲ့ပြီး နိုင်ငံခြားသား အင်ဂျင်နီယာများနှင့် မြန်မာ အမျိုးသားများ တွဲဖက်၍ အိန္ဒိယနိုင်ငံနှင့် အနောက်နိုင်ငံများမှ ကနဦး တည်ဆောက် ခဲ့သော ရေယာဉ် အစိတ်အပိုင်းများကို ဒလ သင်္ဘောကျင်းတွင် အပြီးသတ် ရွဲတပ်ဆင်ပြီး၊ မြန်မာနိုင်ငံ ဧရာဝတီ မြစ်ကြောင်း တလျှောက်တွင် ရေနွေးငွေ့စက် ဘွိုင်လာများကို တပ်ဆင်လျှက် ပဲ့ရဟတ်နှင့် ဘေးရဟတ် သစ်သား ယက်မပြားများ အသုံးပြုပြီး၊ မြန်မာနိုင်ငံ ရေကြောင်းများတွင် ပြေးဆွဲခဲ့ကြောင်း သိရှိရပါသည်။ ၁၈၆၈ ခုနှစ်တွင် “Colonel Phayre” အမည်ရှိ ရေယာဉ်ဖြင့် မန္တလေး/ဗန်းမော် ခရီးစဉ်ကို စတင် ပြေးဆွဲခဲ့ပြီး ၁၈၆၉ ခုနှစ်တွင် အလျား ၂၄၅ ပေရှိ Mandalay သင်္ဘောဖြင့် ရန်ကုန်-မန္တလေး ခရီးစဉ်ကို အင်္ဂလိပ် အစိုးရမှ စတင် ပြေးဆွဲချိန် ကစပြီး အင်ဂျင်နီယာ ဌာနသည် ပေါ်ပေါက်ခဲ့ကြောင်း သိရှိရပါသည်။ အင်ဂျင်နီယာဌာန လက်အောက်တွင် အောက်ပါ ဌာနခွဲများ ရှိပါသည်။
|
|
စဉ်
|
|
သင်္ဘောကျင်းအမည်
|
|
လွန်းလမ်း အရေအတွက်
|
|
တစ်ကြိမ် တင်နိုင်သည့်
ရေယာဉ်စီးရေ
|
|
အများဆုံး
ကျင်းတင်နိုင်သည့်
တန်ချိန်
|
|
၁။
|ဒလသင်္ဘောကျင်း||
|
၁၄
|
|
၃၄ စီး
|
|
၁၄၀၀ တန်
|
|
၂။
|ဒဂုံဆိပ်ကမ်းသင်္ဘောကျင်း||
|
၁၄
|
|
၃၁ စီး
|
|
၅၀၀ တန်
|
|
၃။
|မန္တလေးသင်္ဘောကျင်း||
|
၁
|
|
၅ စီး
|
|
၃၀၀ တန်
|
|
၄။
|သံလွင်သင်္ဘောကျင်း||
|
၂
|
|
၂ စီး
|
|
၃၀၀ တန်
|
|
၅။
|စစ်တွေသင်္ဘောကျင်း||
|
၁
|
|
၅ စီး
|
|
၂၅၀ တန်
|
|
၆။
|ချင်းတွင်းသင်္ဘောကျင်း||
|
၁
|
|
၃ စီး
|
|
၂၅၀ တန်
|ပေါင်း||
|
၃၃
|
|
၈၀ စီး",3.0,1.0,3.0,3.0,4.0,"The text provides a historical overview of the Inland Water Transport engineering department in Myanmar. It is informative and educational, though it lacks deep analytical reasoning. The content is professional, written in natural Burmese, and includes specific local historical and geographical context, though the table formatting is slightly fragmented."
<urn:uuid:be14ba21-6d55-48c1-84c4-61badff59d84>,"သင်သည်အီလက်ထရောနစ်ပစ္စည်းကိရိယာများတွင်ပြaနာတစ်ခုနှင့်ကြုံတွေ့ရသောအခါများသောအားဖြင့်၎င်းပြtroublနာကိုဖြေရှင်းရန်ထုတ်လုပ်သူကအကြံပြုသည်။ Android စမတ်ဖုန်းများနှင့်ပတ်သက်လျှင်၊ ထရပ်ကားအပလီကေးရှင်းများကိုဒေါင်းလုတ်လုပ်သည့်တခါတရံတတိယပါတီရင်းမြစ်များမှပင်လျှင်အမှားတစ်ခုကိုဖြေရှင်းရန်အကောင်းဆုံးနည်းလမ်းမှာလုံခြုံစိတ်ချရသောစနစ်သို့သွားခြင်းဖြစ်သည်။
Safe mode သည်သင်၏ Android စမတ်ဖုန်းကိုစက်ရုံပုံစံ setting သို့ boot လုပ်သည်။ ဆိုလိုသည်မှာသင်၏စမတ်ဖုန်းပေါ်ရှိအက်ပလီကေးရှင်းများကိုသာပုံမှန်မြင်ရလိမ့်မည်။ သင်ဒေါင်းလုပ်လုပ်ထားသောတတိယပါတီအက်ပ်များကိုဤ mode တွင်မြင်ရလိမ့်မည်မဟုတ်ပါ။ သင်၏စမတ်ဖုန်းစွမ်းဆောင်ရည်သည် Safe mode တွင်သိသိသာသာတိုးတက်လာသည်ကိုသင်တွေ့ရှိပါကသင် download လုပ်ထားသော third-party apps များသည်စိုးရိမ်စရာအကြောင်းရင်းအမှန်ဖြစ်ကြောင်းသင်စိတ်ချနိုင်သည်။ သို့ဖြစ်လျှင်သင်သည်စမတ်ဖုန်းကိုပုံမှန်အနေအထားဖြင့်စတင်ဖွင့်ပြီး၊ ဤတတိယပါတီအက်ပ်များကိုဖယ်ထုတ်နိုင်သည်။
ဒီသင်ခန်းစာမှာ Android မှာ Safe mode ကိုဘယ်လို boot တက်ရမယ်ဆိုတာပြမယ်။
အဆင့် 1။ သင်၏ Android စမတ်ဖုန်းပေါ်ရှိ Power ခလုတ်ကိုကြာမြင့်စွာနှိပ်ပါ။ ယခုတွင်သင်သည် Shut Down menu ကိုတွေ့လိမ့်မည်။
အဆင့် 2။ ဤမီနူးတွင်၊အပြီးပိတ်လိုက်သည်'or'ပိတ်ပါ'' option ကို။
အဆင့် 3။ ယခုတွင်သင်သည် 'သို့သွားရန်သတိပေးခံရလိမ့်မည်။safe Mode ကို'' ။
အဆင့် 4။ သတိပေးချက်ကိုလက်ခံပြီးသင်၏ Android စမတ်ဖုန်းသည် Safe mode သို့ ၀ င်ရောက်လိမ့်မည်။
သင်၏ Android စမတ်ဖုန်းတွင်သင်၏ပြeshနာဖြေရှင်းမှုလှုပ်ရှားမှုကိုယခုစတင်နိုင်သည်။ ပြီးပြီဆိုလျှင်သင်၏ကိရိယာကိုပိတ်ပြီးဖွင့်လိုက်ရုံသာဖြစ်သည်။ အခုဆိုရင်သင်၏ Android စမတ်ဖုန်းသည်ပြmodeနာရှိသည့်အက်ပ်များကိုသင်ဖယ်ထုတ်နိုင်သည့် Normal mode သို့စတင်လိမ့်မည်။",4.0,2.0,2.0,4.0,1.0,"The text provides a clear, step-by-step technical tutorial on using Android Safe Mode. It is educational and coherent. However, the language shows signs of machine translation (e.g., awkward phrasing like 'ထရပ်ကားအပလီကေးရှင်း'), which limits its cultural authenticity and natural flow, despite being technically accurate."
<urn:uuid:aac4ad0d-0a27-4d94-b616-5588e504efea>,"Radio Veritas Asia Buick St., Fairview Park, Queszon City, Metro Manila. 1106 Philippines | + 632 9390011-15 | +6329390011-15
ပါကစ္စတန် နိုင်ငံတွင် နှစ်ပေါင်း ၆၅ နှစ်တာ ဘာသာပေါင်းစုံမှ ကလေးသူငယ်များကို ပညာသင်ကြားပေးခဲ့သော ကက်သလစ်သီလရှင် တစ်ပါးအား ဆုချီးမြှင့်ခြင်း
ပါကစ္စတန် နိုင်ငံတွင် နှစ်ပေါင်း ၆၅ နှစ်တာ ဘာသာပေါင်းစုံမှ ကလေးသူငယ်များကို ပညာသင်ကြားပေးခဲ့သော ကက်သလစ်သီလရှင် တစ်ပါးအား ဆုချီးမြှင့်ခြင်း
ဇူလိုင်လ ၂၅၊ ၂၀၁၉
UK နိုင်ငံ လန်ဒန်မြို့ တွစ်ကင်ဟမ် ရှိ့ စိန့်မေရီ ကက်သလစ် တက္ကသိုလ်မှ ပါကစ္စတန် နိုင်ငံတွင် နှစ်ပေါင်း ၆၅ နှစ်တာ မွတ်စလင်၊ ခရစ်ယာန်၊ ပါစီ နှင့် ဟိန္ဒု ဘာသာဝင် ကလေးသူငယ်များကို ပညာသင်ကြားပေးခဲ့သော ကက်သလစ်သီလရှင် အိုင်းရစ်ရှ နိုင်ငံသူ စစ္စတာ ဘာချမင်စ် (Berchmans) အား Westminster ဂိုဏ်းချုပ်ဆရာတော် ရဟန်းမင်းအမတ်ကာဒီနယ် ဗင်းဆင်း နီကိုးစ် မှ ရဟန်းမင်းကြီး ဘက်နဒက် ၁၆ ကိုဂုဏ်ပြုထားသောတံဆိပ်ပါ ဆုတံဆိပ်ကို ထူးခြားပြောင်မြောက်သော သာသနာပြုအဖြစ် ဂုဏ်ပြုသောအားဖြင့် ပြီးခဲ့သော ရက်သတ္တပတ်က ပေးအပ်ချီးမြှင့်ခဲ့ပါသည်။
စစ္စတာ အားဆုချီးမြှင့်ခြင်း အခမ်းအနားတွင် ရဟန်းမင်းအမတ်ကာဒီနယ် ဗင်းဆင်း နီကိုးစ် မှ သူမ၏ တပါးသူအပေါ်မှာ လက်ခံနိုင်မူ့စွမ်းအား၊ လေးစားမူ့ရှိခြင်းတို့သည် အနာဂတ် ဆရာဆရာမများ နှင့်ကျောင်းသူကျောင်းသားများအတွက် စံနမူနာကောင်းများဖြစ်ကြောင်း မျိုးဆက်သစ်များကို ဆက်လက်အလင်းပေးနေမည်ဖြစ်ကြောင်းပြေားကြားခဲ့ပါသည်။
အိုင်ယာလန်နိုင်ငံ သမ္မတ Michael Higgins မှလည်း သူမ၏ ပေးဆပ်အနစ်နာခံမူ့အပေါ် ဂုဏ်ပြုပေးခဲ့ပါသည်။ ပါကစ္စတန် နိုင်ငံ မှ UK နိုင်ငံ သံအမတ်ဖြစ်သူ Muhammad Nafees Zakaria မှလည်း စစ္စတာအား လူသားတို့အတွက် လမ်းပြမီးအိမ်အဖြစ်ဂုဏ်ပြုခဲ့ပါသည်။ စစ္စတာသည် ပါကစ္စတန် နိုင်ငံမှ ပေးအပ်သော အမြင့်ဆုံး ဆု -Sitara-i-Quaid-i- Azam- ဆုကိုလည်း ရရှိထားသူဖြစ်ပါသည်။
စစ္စတာ ဂျွန် ဘာချမင်စ် ကွန်ဝေး (John Berchmans Conway) ကို ၁၉၃၀ ခုနှစ်က အိုင်ယာလန် နိုင်ငံ County Clare တွင်မွေးဖွားခဲ့ပြီး၊ ၁၉၅၁ ခုနှစ်တွင် Willesden ရှိ ယေဇူး နှင့် မယ်တော် မာရီယား အသင်းဂိုဏ်သို့ ဝင်ရောက်ခဲ့ပါသည်။ ယခုအချိန်တွင် စစ္စတာ သည် အသက် ၈၉ နှစ်ရှိပြီဖြစ်ပြီး သူမ သင်ကြားပေးခဲ့သော ကျောင်းသူကျောင်းသာများထည်းတွင် ပါကစ္စတန်နိုင်ငံ ဝန်ကြီးချုပ်ဟောင်း Benazir Bhutto နှင့် နိုလ်ဘယ်ဆုရှင် Nergis Mavalvala တို့ပါဝင်ကြောင်း ဖော်ပြထားပါသည်။
By Kyi Maung
Photo credit to Vatican News",3.0,2.0,2.0,3.0,2.0,"The text is a news report about a nun receiving an award for her educational service. It provides factual information about her life and contributions. It is written in standard Burmese, though it contains some boilerplate header information and repetitive headlines. It lacks deep analytical reasoning but is coherent and informative."
<urn:uuid:f2b5fd88-e0e5-470b-a4e5-a9f8801a1859>,"ကျဆင်းနေသော ရခိုင်ပြည်နယ်၏ လယ်ယာဖွံ့ဖြိုးရေးအတွက် ယခုနှစ်စိုက်ပျိုးရာသီ၌ သိပ္ပံနည်းကျ နည်းစနစ်များဖြင့် ဧက (၄)သိန်းကျော် စိုက်ပျိုးမည်ဟု သိရသည်။
ရခိုင်ပြည်နယ်(၁၇)မြို့နယ်တွင် သိပ္ပံနည်းကျ GAP စနစ်ဖြင့် ဧက ၄သိန်း၎သောင်း စိုက်ပျိုးသွားမည်ဟု ရခိုင်ပြည်နယ် လယ်ယာစိုက်ပျိုးရေးဦးစီးဌာနပြည်နယ်မှူး ဦးခင်မောင်ဝင်းက ပြောသည်။
ရခိုင်ပြည်နယ်အတွင်း လယ်ယာစိုက်ပျိုးရေးလုပ်ငန်းကို မိရိုးဖလာအတိုင်း စိုက်ပျိုးလာခဲ့ကြရာ သီးနှံထွက်ရှိမှု နည်းလာသည့်အတွက် လွန်ခဲ့သည့်နှစ်ကစပြီး သိပ္ပံနည်းကျဖြင့် စမ်းသပ်စိုက်ပျိူးလာခြင်းဖြစ်သည်ဟု ပြည်နယ်မှူး ဦးခင်မောင်ဝင်းဆိုသည်။
“GAPစနစ်ဆိုတာ အစတုန်း ပိုပြီးတော့ အကောင်အထည်ပေါ်အောင် ဆက်လုပ်လာတယ်၊ GAPစနစ်ကို တွန်းအားပေးပြီးတော့ ပညာပေးပြီးတော့ တိုးချဲ့ ဆောင်ရွက်လာတယ်၊ ၂၀၁၃ ခုမှာ ရခိုင်ပြည်နယ်မှာလည်း ဧက လေးသိန်း လောက်ကိုလုပ်မယ်ဆိုပြီး ဆောင်ရွက်နေတယ်’’ ဟု ဦးခင်မောင်ဝင်းက ရှင်းပြသည်။
ထို့အပြင် မျိုးစပါးအတွက် ပုလဲသွယ်နှင့် ဆန်းသွယ်စသည့် စပ်မျိုးစပါးများကိုလည်း ရခိုင်ပြည်နယ်အတွင်း၌ စမ်းသပ် စိုက်ပျိုးမှုများလည်း ရှိနေသည်။
ရခိုင်ပြည်နယ်သည် လယ်ယာစိုက်ပျိုးရေးကို အခြေခံသော ပြည်နယ်တစ်ခုဖြစ်သော်လည်း လွန်ခဲ့သည့်ဆယ်စုနှစ်ထက် လယ်ယာထွက်ကုန်မှာ ကျဆင်းလာသည့်ဟု ဒေသခံလယ်သမားများထံမှသိရသည်။
“ စပါးအထွက်နှုန်းက ဒေသ အလိုက်ပါ၊ ကျနော်တို့ဘက်တွေမှာတော့ စပါးထွက်နှုန်း ကျလာတာများတယ်၊ ဥပမာ ဆိုပါစို့ ဒီနှစ် စပါးဧက ဘယ်လောက် ထွက်မယ်ဆိုတာ ပြောရခက်တယ်၊ မျိုးအထွက်နှုန်း ကျတာပါ’’ဟု မင်းပြားမြို့နယ်မှ ဒေသခံလယ်သမားတစ်ဦးက ပြောသည်။
ရခိုင်ပြည်နယ်ရှိလယ်သမားတို့မှာ သိပ္ပံနည်းကျ နားမလည်သည့် အတွက် ကြဲ၍ စိုက်ပျိုးသည့်စနစ်ကိုသာ အသုံးပြုမှုများ ကြောင်းကိုလည်း သိရသည်။
“ကျွန်တော်တို့ဘက်မှာ ဘယ်က သိပ္ပံနည်းကျရှိမလဲ ဒီအတိုင်းဘဲ စပါးကြဲလိုက်တာ၊ အလေ အလွင့် တွေကလည်း ရှိတာပေါ့၊ ထွန်စက်တော့ မရှိဘူး ခိုင်းကျွဲနဲ့ဘဲ အသုံးပြုနေရတယ်၊ စက်ထွန်စက်ဆိုတော့ ပိုကောင်းမှာပေါ့”ဟု အဆိုပါ လယ်သမားက ဆက်ပြောသည်။
ရခိုင်ပြည်နယ်အတွင်းရှိ စိုက်ပျိုးရေးကဏ္ဍအတွက် လက်မှုလယ်ယာမှ စက်မှုလယ်ယာသို့ ကူးပြောင်းမှ ရခိုင်ပြည်နယ်၏ လယ်ယာကဏ္ဍမှာ ပိုအောင်မြင်မည်ဟု လယ်သမား အများစုဆိုသည်။
သိပ္ပံနည်းကျစိုက်ပျိုးရေးစနစ်ကို အားပေးသော်လည်း လက်တွေ့ခက်ခဲနေသည့် လယ်သမားတို့၏ အခက်အခဲများကို ဖြေရှင် ပေးရန်လိုအပ်သည်ဟု ကျောက်တော်မြို့နယ်မှ လယ်သမားတို့က ဆိုသည်။
“အဓိကတော့ ထွန်စက်ပြဿနာဘဲ၊ ကျွန်တော်တို့မှာ ခိုင်းနွားတွေ ကျွဲတွေက ရှားပါးလားတယ်၊ ပြီးတော့ စားကျက်မြေတွေ ရှားလာတယ်၊ လယ်ယာလုပ်သားတွေ ရှားလာတယ်ဆိုတော့ သိပ္ပံနည်းကျ စိုက်တာက ပိုကောင်းပါတယ်၊ အားပေးပါတယ်၊ တစ်ခုပြောချင်တာက လက်မှုလယ်ယာကို စက်မှုလယ်ယာသို့ပြောင်းမယ်ဆိုရင် လယ်သမားတွေအတွက် ထွန်စက် တို့တော့ လိုအပ်ပါတယ်’’ဟု ကျောက်တော်မြို့မှ လယ်သမားတစ်ဦးက ပြောဆိုသည်။
ပြည်နယ်တစ်ခုလုံး၏ စိုက်ပျိုးနိုင်သည့် မြေဧရိယာရာနှုန်း၏ (၁၃.၈၃)ဧကသာရှိပြီး တစ်နှစ်လျှင် တစ်ကြိမ်သာ စိုက်ပျိုးနိုင်သည့် ဒေသတစ်ခုလည်းဖြစ်သည်။",3.0,2.0,2.0,5.0,5.0,"The text provides a clear, informative report on agricultural development in Rakhine State, suitable for general education. It includes basic reasoning regarding the transition from traditional to scientific farming. It is clean, well-structured, and uses authentic Burmese terminology and local context, reflecting the specific challenges faced by farmers in that region."
<urn:uuid:b72602c2-be3f-46f5-893b-74da9f8e678d>,"အတူနေတဲ့အသံဖိုင်ကို ဝေဠုကျော်နဲ့အတူနားထောင်မှ အဆင်ပြေမှာပါဆိုတဲ့ သင်းသင်း
ကာမလိမ်လည်မှုဖြင့်တရားစွဲဆိုခံထားရတဲ့သရုပ်ဆောင်ဝေဠုကျော်နဲ့တရားလို သင်းသင်းတို့ ရုံးချိန်းမှာတော့သင်းသင်းဟာ အတူဆက်ဆံချိန်မှာ သက်သေခံအဖြစ်သွင်းခဲ့တဲ့အသံဖိုင်ကို ရုံးတော်သို့ တင်ပြခဲ့ပါတယ်။အသံဖိုင်ကြောင့် အဆိုပါအမှုအပေါ် လူစိတ်ဝင်စားမှုပိုမိုမြင့်တက်ခဲ့တာပဲဖြစ်ပါတယ်။
သင်းသင်းဟာ ဝေဠုကျော်နဲ့ ၇ လ ၈ လကျော်ကြာ လင်မယားလိုပေါင်းသင်းခဲ့တာကြောင့် ဝေဠုကျော်အကြောင်းကို သူမလောက်သိနိုင်တဲ့လူမရှိပါဖူးလို့လဲ သင်းသင်းက မီဒီယာတစ်ခုနဲ့အင်တာဗျူးမှာပြောခဲ့ဖူးတာလဲဖြစ်ပါတယ်။မနေ့က ရုံးချိန်းမှာတော့ တရားလိုရဲ့ရှေ့နေ့ပ အသံဖိုင်နားထောင်မယ်လို့တောင်းဆိုခဲ့ပါတေယေ်” လို့မီဒီယာတစ်ခုနဲ့ အင်တာဗျူးမှာ ပြောပြလာတာဖြစ်ပါတယ်။
“ဝေဠုကျော်ရဲ့ရှေ့နေက သူအာမခံပြီးတော့ အသံဖိုင်ကို နားထောင်မယ် လို့တောင်းဆိုခဲ့ပေမဲ့ ကန့်ကွက်ခဲ့ပါတယ်။ ဘာဖြစ်လို့လဲဆိုတော့ ဒီအသံဖိုင်ကို တရားခံနဲ့တရားလိုနှစ်ယောက်အတူနားထောင်မှပဲအဆင်ပြေမှာပါ။ တချို့ ပြဿ နာတွေဖြစ်လာနိုင်တဲ့အတွက် ကန့်ကွက်တာပါ”လို့ မနေ့ရုံးချိန်းမှာ ပြောလိုက်ခဲ့ပါတယ်။သင်းသင်းရဲ့ ဗီဒီယိုဖိုင်လေးကိုဖော်ပြပေးလိုက်ပါတယ်နော်…
ဗီဒီယိုကြည့်ရန်
unicode version
အတူနတေဲ့အသံဖိုငျကို ဝဠေုကြျောနဲ့အတူနားထောငျမှ အဆငျပွမှောပါဆိုတဲ့ သငျးသငျး
ကာမလိမျလညျမှုဖွငျ့တရားစှဲဆိုခံထားရတဲ့သရုပျဆောငျဝဠေုကြျောနဲ့တရားလို သငျးသငျးတို့ ရုံးခြိနျးမှာတော့သငျးသငျးဟာ အတူဆကျဆံခြိနျမှာ သကျသခေံအဖွဈသှငျးခဲ့တဲ့အသံဖိုငျကို ရုံးတျောသို့ တငျပွခဲ့ပါတယျ။အသံဖိုငျကွောငျ့ အဆိုပါအမှုအပျေါ လူစိတျဝငျစားမှုပိုမိုမွငျ့တကျခဲ့တာပဲဖွဈပါတယျ။
သငျးသငျးဟာ ဝဠေုကြျောနဲ့ ၇ လ ၈ လကြျောကွာ လငျမယားလိုပေါငျးသငျးခဲ့တာကွောငျ့ ဝဠေုကြျောအကွောငျးကို သူမလောကျသိနိုငျတဲ့လူမရှိပါဖူးလို့လဲ သငျးသငျးက မီဒီယာတဈခုနဲ့အငျတာဗြူးမှာပွောခဲ့ဖူးတာလဲဖွဈပါတယျ။မနကေ့ ရုံးခြိနျးမှာတော့ တရားလိုရဲ့ရှနေ့ပေ့ အသံဖိုငျနားထောငျမယျလို့တောငျးဆိုခဲ့ပါတယျေေ” လို့မီဒီယာတဈခုနဲ့ အငျတာဗြူးမှာ ပွောပွလာတာဖွဈပါတယျ။
“ဝဠေုကြျောရဲ့ရှနေ့ကေ သူအာမခံပွီးတော့ အသံဖိုငျကို နားထောငျမယျ လို့တောငျးဆိုခဲ့ပမေဲ့ ကနျ့ကှကျခဲ့ပါတယျ။ ဘာဖွဈလို့လဲဆိုတော့ ဒီအသံဖိုငျကို တရားခံနဲ့တရားလိုနှဈယောကျအတူနားထောငျမှပဲအဆငျပွမှောပါ။ တခြို့ ပွဿ နာတှဖွေဈလာနိုငျတဲ့အတှကျ ကနျ့ကှကျတာပါ”လို့ မနရေုံ့းခြိနျးမှာ ပွောလိုကျခဲ့ပါတယျ။သငျးသငျးရဲ့ ဗီဒီယိုဖိုငျလေးကိုဖျောပွပေးလိုကျပါတယျနျော…",1.0,1.0,1.0,2.0,3.0,"The text is a celebrity gossip/news snippet about a legal case. It lacks educational or complex reasoning value. It is written in natural Burmese, reflecting local celebrity culture and legal reporting, but contains redundant content (Zawgyi and Unicode versions) and a 'clickbait' style call-to-action for a video link."
<urn:uuid:efca2244-cb35-47cc-86dd-a92c7637be00>,"တစ်ခါတလေမှာ မျှော်လင့် မထားတဲ့အရာတွေ ဖြစ်လာတဲ့အခါမှာ အလွန်ပဲ ၀မ်းနည်းကြေကွဲရပါတယ်..
လူတွေရဲ့အထင်သေးခြင်း၊ လှောင်ပြောင်ခြင်း၊ သရော်ခြင်းကို ခံစားရတဲ့ အခါမှာ တကယ်ပဲ ဆောက်တည်မရ ခံစားရတတ်ပါတယ်..
လူတွေက ဘာကြောင့်များ ကိုယ့်ထမင်းကိုယ်စားပြီး သူများကိုပြောချင်နေရတာလဲ..
ဒါ သဘာဝပဲလား..လူတွေနဲ့ အဝေးဆုံးနေရာကို ထွက်ပြေးသွားချင်မိတယ်..
ဘာကြောင့်များ အဲဒီလောက် စိတ်ဓာတ်ကျနေရတာလဲ….ဆောက်တည်ရာမရ ဖြစ်နေရတာလဲ..
အားနည်းနေသူကို ထုထောင်းချင်ကြတာ လူတွေရဲ့ အကျင့်ပဲလား….
အဲဒီလူတွေကတွေကကော အားလုံးပြည့်စုံနေကြလား..
ဘာကြောင့်များ…ဘာကြောင့်များ……….ဘာကြောင့်များ….
ဘာအတွက်ကြောင့်များ…..
စိတ်ညစ်စရာများကိုဖြေဖျောက် ခံစားရင်…
လမင်းငယ်",1.0,1.0,1.0,4.0,3.0,"The text is a personal, emotional reflection on social judgment and depression. It lacks structured educational or logical content. It is written in natural, authentic Burmese, reflecting common sentiments and linguistic patterns, but it is essentially a short, informal piece of creative writing rather than a formal document."
<urn:uuid:f11a1702-fa5e-44dc-ba5c-b271cc914479>,"အမေရိကန်ပြည်ထောင်စု၊ ဂျပန်၊ အိန္ဒိယနဲ့ သြစတြေးလျက ခေါင်းဆောင်တွေဟာ စက်တင်ဘာ ၂၄ ရက်နေ့မှာ ထိပ်သီးအစည်းအဝေးခေါ်ယူပြီး ကိုဗစ်ကာကွယ်ဆေး၊ အခြေခံအဆောက်အအုံနဲ့ နည်းပညာကိစ္စတွေမှာ ပူးပေါင်းဆောင်ရွက်ကြဖို့ ကတိပြုလိုက်ကြပါတယ်။
သြစတြေးလျဝန်ကြီးချုပ် စကော့မောရစ်ဆင်က ကုန်သွယ်ရေးတံခါးဖွင့်ထားမယ့် အင်ဒို ပစိတ်ဖိတ်ဒေသ ဖြစ်ပေါ်ရေး အရေးကြီးတဲ့အကြောင်း အလေးပေးပြောခဲ့ပြီး အိန္ဒိယ ဝန်ကြီးချုပ် နရိန်ဒရာမိုဒီက ဒေသတွင်း ငြိမ်းချမ်းရေးအတွက် အလေးပေးပြောကြားခဲ့ပါတယ်။
မောရစ်ဆင်က ဒေသတွင်းမှာ တရုတ်ရဲ့ သြဇာကြီးထွားလာတာနဲ့ ပတ်သက်လာလို့ ဆွေးနွေးရာမှာတော့ အကြပ်ကိုင်မှုတွေမရှိဖို့ လိုတယ်လို့ ပြောသွားပါတယ်။
Quad လို့ အတိုကောက်ခေါ်တဲ့ ဒီအဖွဲ့ဟာ အာရှဒေသမှာ ကိုဗစ်ကာကွယ်ဆေး အလုံးပေါင်း ဘီလီယံနဲ့ချီ ထောက်ပံ့ဖို့ အစီအစဉ်ကိုလည်း ကြေညာဖို့ ရှိပါတယ်။
တရုတ်အစိုးရတော့ Quad အဖွဲ့ကြောင့် ဒေသတွင်းမှာ လက်နက်အင်အား ပြိုင်ဆိုင်မှုတွေ ပြင်းထန်လာလိမ့်မယ်လို့ သတိပေးနေပါတယ်။
အမျိုးသားညီညွတ်ရေးအစိုးရက တိုင်းပြည်ရဲ့ ကြားကာလ အစီအမံ အကောင်အထည်ဖော် ဆောင်ရွက်နေတာကို အပြည့်အဝထောက်ခံပြီး ပူးပေါင်းဆောင်ရွက်သွားမယ်လို့ ကရင်နီပြည်နယ်အတိုင်ပင်ခံကောင်စီ (KSCC) က ဧပြီ ၁၈ ရက်နေ့မှာ ထုတ်ပြန်ပါတယ်။
ကရင်နီအမျိုးသားများရဲ့ နိုင်ငံရေးရည်မှန်းချက်ဖြစ်တဲ့ အမျိုးသားတန်းတူရေး၊ တရားမျှတရေး၊ ဒီမိုကရေစီရေးနဲ့ ကိုယ်ပိုင်ပြဌာန်းခွင့် အပြည့်အဝရှိတဲ့ ဖက်ဒရယ်ပြည်ထောင်စုကို အခြားတိုင်းရင်းသားတွေနဲ့ ယှဉ်တွဲနေထိုင်သွားဖို့ ရည်ရွယ်တာကြောင့် ကြားကာလမှ စတင်ပြီး ကရင်နီပြည်အတိုင်ပင်ခံကောင်စီ (KSCC)ကို ကရင်နီပြည်မှာရှိတဲ့ ရွေးကောက်ခံ အမတ်တွေ၊ တိုင်းရင်းသားတော်လှန်ရေးအဖွဲ့အစည်းတွေ၊ နိုင်ငံရေးပါတီတွေ အပါအဝင် ဘက်အသီးသီးက အင်အားစုတွေနဲ့ ဧပြီ ၉ ရက်နေ့က ဖွဲ့စည်းခဲ့တာလည်း ဖြစ်ပါတယ်။
KSCC အနေနဲ့ ကရင်နီပြည်ရဲ့ နိုင်ငံရေးအခန်းကဏ္ဍကို ဦးဆောင်မှာဖြစ်ပြီး ကြားကာလ ကရင်နီပြည် အမျိုးသားညီညွတ်ရေးအစိုးရ ဖွဲ့စည်းတာတွေ၊ အုပ်ချုပ်ရေး၊ ဥပဒေပြုရေး၊ တရားစီရင်ရေး တွေကို လမ်းညွှန်ဆောင်ရွက်သွားမယ်လို့ဆိုပါတယ်။
ဒါ့ပြင် အနာဂတ် ဖက်ဒရယ်ပြည်ထောင်စုတည်ဆောက်ရေးအတွက် ကြိုးပမ်းဆောင်ရွက်သွားမယ်လို့ KSCC က ထုတ်ပြန်ထားပါတယ်။",2.0,1.0,2.0,5.0,4.0,"The text provides factual reporting on international relations and local political developments in Myanmar. It is written in natural, professional Burmese, reflecting accurate local political terminology and context. While it lacks deep analytical reasoning or complex educational structure, it is clean, coherent, and provides clear, factual information suitable for general news consumption."
<urn:uuid:a1a2b66f-5a12-450c-9a00-c45fd8681683>,"We use cookies on our website to give you the most relevant experience by remembering your preferences and repeat visits. By clicking “Accept”, you consent to the use of ALL the cookies. However you may visit Cookie Settings to provide a controlled consent.
ဝက်ဘ်ဆိုက်၏လုပ်ဆောင်မှုအတွက်အထူးမလိုအပ်သည့်၊ ခွဲခြမ်းစိတ်ဖြာမှု၊ ကြော်ငြာ၊ အခြား embedded ပါဝင်သည့်အကြောင်းအရာများမှတစ်ဆင့်အသုံးပြုသူ၏ကိုယ်ရေးကိုယ်တာအချက်အလက်များကိုစုဆောင်းရန်အထူးအသုံးပြုသော cookies များကိုမလိုအပ်သော cookies များဟုခေါ်သည်။ သင်၏ဝက်ဘ်ဆိုက်ပေါ်တွင်ဤ cookies များကိုမသုံးမီအသုံးပြုသူ၏ခွင့်ပြုချက်ကိုရယူရန်မဖြစ်မနေလိုအပ်သည်။",1.0,1.0,2.0,2.0,1.0,"The document is a standard cookie consent notice. It provides basic information about web privacy and cookies, which is educational in a functional sense. The language is natural Burmese, though the content is boilerplate and lacks depth, reasoning, or significant cultural nuance beyond standard legal translation."
<urn:uuid:409372f6-f40b-4642-ba95-a8144af69ce3>,"ကန်စွန်းရွက်သုတ်
ကျမ တို့အိမ်မှာ ကိုထက်က အသီးအရွက်များများစားတဲ့ အလေ့ရှိသူ ဖြစ်ပါတယ်။ ကျမကတော့ အသားများများစားတတ်သူပေါ့။ ဒီနည်းလေးကတော့ ကျမရဲ့ အမ အရင်းလို ခင်မင်ရတဲ့ မမငြိမ်းက သူ သတ်သတ်လွတ်စားနေချိန်မှာ ဘာတွေစားဖြစ်သလဲပြောရင် ပြောပြသွားတဲ့နည်းလေးပါ။ ကိုထက်က တော့ အလွန်ကြိုက်ပါတယ်။ စားလို့လဲ ကောင်းတာကို။
ပါဝင်ပစ္စည်းများ
-ကန်စွန်းရွက် ၁စည်း
-မကျည်းသီးနှစ် ၁ဇွန်း
-ကြက်သွန်ဖြူဆီချက် ၃ဇွန်း (စားပွဲတင်)
-ငရုတ်သီးအစိမ်းတောင့် ၁တောင့်
-ငရုတ်သီးခြမ်းကွဲ (ငရုတ်ဆီချက်ရန်)
-မြေပဲဆံလှော်ထောင်း၁ဇွန်း (စားပွဲတင်)
-သံပုရာရည် ၁ခြမ်းစာ
-ပဲငံပြာရည် ၂ဇွန်း(စားပွဲတင်)
-ဆား အနည်းငယ်
ငရုတ်ဆီချက် အရင်ဆုံးချက်ပါမယ်။ ငရုတ်သီးခြမ်း ၅ဇွန်း လိုပါမယ်။ ဒယ်ပေါ်မှာ ဆီ များများကို အပူပေးပါ။ ပူလာရင် ငရုတ်သီးထဲ့ ခနမွှေပါ။ ပဲငံပြာရည် ၃ဇွန်း သကြား ၁ဇွန်း ပါရောမွှေပြီး ဆီချက်ထားပါ။ ဒီငရုတ်ဆီကို သတ်သတ်လွတ် အသုတ်တွေမှာ ထဲ့ သုတ်နိုင်ပါတယ်။
ကန်စွန်းရွက်ကို ရေဆေးကာ အရွယ်တော်လေးများလှီးဖြတ်ဆေးကြောထားပါ။
ငရုတ်သီးစိမ်းကို ပါးပါးညှပ်ပါ။ ရေကို ပွက်ပွက်ဆူအောင် တည်ပါ။ မကျည်းသီးနှစ် ထဲ့ပါ။ ရေဆူရင် အရွက်များထဲ့ပြီး တမိနစ်အကြာ ဆယ်ပြီး ရေအေးအေးဖြင့်စိမ်ပေးပါ။ ( ဟင်းသီးဟင်းရွက်များပြုတ်ရင် ဆား(သို့) ဗီနိကာ(သို့) မကျည်းရည် ထဲ့ပြုတ်ပါ။ ပြီးရင် ရေအေးအေး (ရေခဲရေဆိုပိုကောင်းပါတယ်) ထဲမှာစိမ်ရင် စိမ်းပြီး ကျွတ်နေပါတယ် )
သုတ်လို့ရပါပြီ ။ ကန်စွန်းရွက်ပြုတ်ရယ်၊ ဆီချက်ရယ်၊ ငရုတ်သီးစိမ်းရယ်၊ ပဲငံပြာရည်ရယ်၊ ဆား လိုသလောက်ချိန်ထဲပြီး ရော မွှပေးပါ။ သံပရာရည်ညှစ်ပါ။ အရသာ အပေါ့အငန်မြည်းပြီး မြေပဲလှော်ထောင်းရယ်၊ ငရုတ်သီးကြော် ၁ဇွန်း (စားပွဲတင်)အပေါ်က ဖြူးပါ။ စားခါနီးမှ မွှေကာ ချဉ်ချဉ်စပ်စပ် ကန်စွန်းရွက်ပြုတ်သုတ်လေး ကို ထမင်းပူပူဖြင့်သုံးဆောင်ပါ။
Advertisements",2.0,1.0,1.0,4.0,5.0,"The document is a clear, authentic Burmese recipe. It provides practical instructions for cooking, which has basic educational value for life skills. It is written in natural, colloquial Burmese with local culinary context. It is clean, though it includes a generic 'Advertisements' footer."
<urn:uuid:e2c2ef99-9496-4fe3-bfba-c77ad42dc2d3>,"ကမ္ဘာတစ်ဝန်းမှ မြို့ကြီးတွေမှာ ၂၀၁၆ ခုနှစ် နှစ်သစ်ကို ကြိုဆိုကြဖို့ ပြင်ဆင်နေကြပြီ ဖြစ်ပါတယ်။ စံတော်ချိန် ကွာဟမှုကြောင့် အချို့နိုင်ငံမှ မြို့ကြီးတွေကတော့ ၂၀၁၆ နှစ်သစ်ကို စောစီးစွာ ကြိုဆိုခဲ့ကြပြီ ဖြစ်ပါတယ်။
သြစတြေးလျနိုင်ငံမှာ ၂၀၁၆ ခုနှစ် နှစ်သစ်ကို ရောက်ရှိခဲ့ပြီ ဖြစ်ပါတယ်။ စံတော်ချိန် ကွာဟမှုကြောင့် သြစတြေးလျက ၂၀၁၆ ခုနှစ် အခြား နိုင်ငံတွေထက် စောစီးစွာ ရောက်ရှိခဲ့ပါတယ်။
ဆစ်ဒနီမြို့မှာ ၂၀၁၆ နှစ်သစ်ကို ကြိုဆိုတဲ့ အထိမ်းအမှတ် မီးရှူးမီးပန်များ ပစ်လွှတ်ခဲ့တဲ့ မြင်ကွင်းအချို့ကို တင်ဆက်ထားပါတယ်။ သြစတြေးလျထက် စောပြီး ၂၀၁၆ နှစ်သစ်ကို ကြိုဆိုခဲ့တာကတော့ နယူးဇီလန်နိုင်ငံ အုတ်ကလန်းမြို့ ဖြစ်ပါတယ်။",2.0,1.0,1.0,5.0,2.0,"The text provides basic information about New Year celebrations across time zones. It is written in natural Burmese, though the content is simple and lacks deep analysis. It is clean, well-formatted, and uses appropriate local phrasing, though it remains a generic news snippet rather than a culturally rich artifact."
<urn:uuid:6b07089a-dbd6-4365-b325-4c022ef9d2ff>,"ချင်းပြည်နယ်တောင်ပိုင်း မင်းတပ်မြို့မှ မတူပီမြို့သို့ ထွက်ခွါသည့် တင့်ကား ၂ စီးပါ စစ်ကောင်စီယာဉ်တန်းနှင့် CDF-Mindat တပ်ဖွဲ့တို့ မတ်လ ၂၆ ရက်နေ့ကစ၍ နှစ်ဖက်ထိတွေ့မှု စတင်ဖြစ်ပွားနေပြီး စစ်ကောင်စီဘက်က အကျအဆုံးရှိ ခဲ့သည်ဟု သိရသည်။
စစ်ကောင်စီတပ်နှင့် CDF-Mindat တပ်ဖွဲ့တို့သည် မင်းတပ်မြို့နယ် မင်းတပ်-မတူပီလမ်း မိုင်တိုင်အမှတ် ၁၆ တွင် မတ်လ ၂၆ ရက်နေ့က တိုက်ပွဲ ဖြစ်ပွားခဲ့ပြီး စစ်ကောင်စီဘက်က ၅ ဦးခန့်သေဆုံးခဲ့သည်ဟု CDF-Mindat ကထုတ်ပြန်သည်။
ယခုလက်ရှိတွင် မင်းတပ်-မတူပီလမ်းကြောင်းတစ်လျှောက်ရှိ ဖုန်းလိုင်းများကို စစ်ကောင်စီတပ်ဖွဲ့က ဖြတ်တောက်ထားပြီး တိ်ုက်ပွဲဖြစ်ပွားမှုအသေးစိတ်ကိုမူမသိရသေးကြောင်း CDF- Mindat မှ ပြောရေး ဆိုခွင့်ရှိသူ တစ်ဦးက ပြောသည်။
“ အနောက်ဖက်တကျောကို ဖုန်းလိုင်းတွေဆက်သွယ်မှုအကုန်ဖျက်ခံထားရတယ်။ ရှေ့တန်းဝင်နေတဲ့ရဲဘော် တွေနဲ့တောင် ဆက်သွယ်လို့မရဘူး။ လုံးဝအဆက်အသွယ်က ဖြတ်ပစ်လိုက်တာ။ တိုက်ပွဲက သူတို့က တောက်လျှောက်ပဲ လက်နက်ကြီး တွေနဲ့ပစ် ဖြည်းဖြည်းချင်းနဲ့ ရွေ့လာတဲ့ သဘောရှိတယ်” ဟု CDF- Mindat မှ ပြောရေး ဆိုခွင့်ရှိသူ တစ်ဦးက ပြောသည်။
မကွေးတိုင်း၊ ကျောက်ထုဘက်မှ မင်းတပ်မြို့သို့ရောက်ရှိလာသည့် တင့်ကားနှစ်စီးနှင့် ကားအစီး ၈၀ ကျော်ပါသော စစ်ကောင်စီယာဉ်တန်းသည် မင်းတပ်မြို့မှ မတူပီမြို့သို့ မတ်လ ၂၅ ရက်နေ့က ဆက်လက်ထွက်ခွါကာ CDF-Mindat တပ်ဖွဲ့နှင့် တိုက်ပွဲဖြစ်ပွားနေခြင်းဖြစ်သည်။
စစ်ကောင်စီယာဉ်တန်းသည် မတ်လ ၂၇ ရက်နေ့က မင်းတပ်မြို့နယ် မင်းတပ်-မတူပီလမ်း မိုင်တိုင်အမှတ် ၂၃- ၂၄ တွင် ညအိပ်ကာ ယနေ့နံနက်ပိုင်းတွင် ဆက်လက်ထွက်ခွါလာပြီး နှစ်ဖက်ထိတွေ့မှုများတောက်လျှောက်ဖြစ်လာနိုင်သည်ဟု သိရသည်။
မင်းတပ်မြို့နှင့် မတူပီမြို့သည် ၁၀၂ မိုင် ခန့်ကွာဝေးပြီး စစ်ကောင်စီယာဉ်တန်းသည် ယနေ့ညတွင် မင်းတပ်မြို့နယ်အတွင်း မိုင်တိုင် ၃၀၊ ၃၁ တွင် ညအိပ်ကြမည်ဟု ခန့်မှန်းရပြီး မတူပီမြို့သို့ ဝင်ရောက်ရန် အနည်းဆုံး ရက်သတ္တပတ်နှင့် ဆယ်ရက်ခ န့် ကြာမြင့်နိုင်ကြောင်း CDF- Mindat ပြောရေးဆိုခွင့်ရှိသူကပြောသည်။",1.0,2.0,2.0,5.0,4.0,"The text is a factual news report about a conflict in Chin State. It provides basic information about local events and geography. It is written in natural, professional Burmese, using correct local terminology and place names, reflecting the current socio-political context of the region accurately."
<urn:uuid:e0b7ac1b-f848-4247-8dc5-aa7ade69cb92>,"AggaHarry`s Uploads
003 ၀မ်းပန်းတသာဖြစ်နေပါပြီ တရားတော် 2016 သင်္ကြန်တွင်းတရားစခန်း ၊ မှော်ဘီမြို့ အောက်ဝါးနက်ချောင်းကျေးရွာ ဓမ္မဒူတဇေတ၀န်တောရ ဆေကိန္ဒာရာမကျောင်းတိုက်အတွင်း၌ ဟောကြားပါသည်။ Download ပြုလုပ်ရ လွယ်ကူပါစေခြင်းငှာ file size ကို 14Mb ၀န်းကျင်ခန့်ထိ ချုံ့ထားပါသည်။
AggaHarry
01:00:36
119
1 Downloads
0 Comments
004 ပညာရှိဖြစ်နေပါပြီ တရားတော် 2016 သင်္ကြန်တွင်းတရားစခန်း ၊ မှော်ဘီမြို့ အောက်ဝါးနက်ချောင်းကျေးရွာ ဓမ္မဒူတဇေတ၀န်တောရ ဆေကိန္ဒာရာမကျောင်းတိုက်အတွင်း၌ ဟောကြားပါသည်။ Download ပြုလုပ်ရ လွယ်ကူပါစေခြင်းငှာ file size ကို 14Mb ၀န်းကျင်ခန့်ထိ ချုံ့ထားပါသည်။
AggaHarry
00:59:07
83
1 Downloads
0 Comments
005 လူကောင်းတစ်ယောက်ဖြစ်နေပါပြီ တရားတော် 2016 သင်္ကြန်တွင်းတရားစခန်း ၊ မှော်ဘီမြို့ အောက်ဝါးနက်ချောင်းကျေးရွာ ဓမ္မဒူတဇေတ၀န်တောရ ဆေကိန္ဒာရာမကျောင်းတိုက်အတွင်း၌ ဟောကြားပါသည်။ Download ပြုလုပ်ရ လွယ်ကူပါစေခြင်းငှာ file size ကို 14Mb ၀န်းကျင်ခန့်ထိ ချုံ့ထားပါသည်။
AggaHarry
00:58:41
62
1 Downloads
0 Comments
006 လူချမ်းသာဖြစ်နေပါပြီ တရားတော် 2016 သင်္ကြန်တွင်းတရားစခန်း ၊ မှော်ဘီမြို့ အောက်ဝါးနက်ချောင်းကျေးရွာ ဓမ္မဒူတဇေတ၀န်တောရ ဆေကိန္ဒာရာမကျောင်းတိုက်အတွင်း၌ ဟောကြားပါသည်။ Download ပြုလုပ်ရ လွယ်ကူပါစေခြင်းငှာ file size ကို 14Mb ၀န်းကျင်ခန့်ထိ ချုံ့ထားပါသည်။
AggaHarry
00:56:58
78
4 Downloads
0 Comments
002 ကုသိုလ်ဖြစ်နေပါပြီ တရားတော် 2016 သင်္ကြန်တွင်းတရားစခန်း ၊ မှော်ဘီမြို့ အောက်ဝါးနက်ချောင်းကျေးရွာ ဓမ္မဒူတဇေတ၀န်တောရ ဆေကိန္ဒာရာမကျောင်းတိုက်အတွင်း၌ ဟောကြားပါသည်။ Download ပြုလုပ်ရ လွယ်ကူပါစေခြင်းငှာ file size ကို 14Mb ၀န်းကျင်ခန့်ထိ ချုံ့ထားပါသည်။
AggaHarry
00:58:26
74
3 Downloads
0 Comments
001 အချိုးကျနေပါပြီ တရားတော် 2016 သင်္ကြန်တွင်းတရားစခန်း ၊ မှော်ဘီမြို့ အောက်ဝါးနက်ချောင်းကျေးရွာ ဓမ္မဒူတဇေတ၀န်တောရ ဆေကိန္ဒာရာမကျောင်းတိုက်အတွင်း၌ ဟောကြားပါသည်။
Download ပြုလုပ်ရ လွယ်ကူပါစေခြင်းငှာ file size ကို 14Mb ၀န်းကျင်ခန့်ထိ ချုံ့ထားပါသည်။
AggaHarry
00:57:30
372
4 Downloads
0 Comments
AggaHarry`s Audio Playlist
AggaHarry
profile viewed 162 times
Who to Follow",2.0,0.0,1.0,1.0,3.0,"The document is a repetitive list of audio file metadata from a website. While it references Buddhist sermons, which have educational value, the content is highly repetitive, lacks depth, and is cluttered with UI elements like download counts and profile info, making it poor for structured learning or reasoning."
<urn:uuid:53d8bebf-bb43-4c95-b6ed-0dbb0b35a48d>,"ကျနော် မြန်မာပြည်ရောက်ခိုက် ပထမပိုင်းရက်တွေမှာ ရွှေတိဂုံဘုရားတက်ဖို့ စဉ်းစားတယ်၊ ဒါပေမယ့် တခြားဦးစားပေးရမယ့် ကိစ္စတွေ ရှိတာရယ်၊ ပြန်ခါနီးမှ အေးအေးလူလူ တက်မယ်လို့ စိတ်ကူးတာရယ်ကြောင့် ချက်ချင်းမသွားဖြစ်ဘူး၊ ဒါနဲ့ ပုဂံကပြန်လာမှ ဘုရားသွားဖြစ် တယ်၊ အဲဒီမှာ ဘုရားကို ရွှေသင်္ကန်းပြန်ကပ်ဖို့ ပစ္စယံက ရွှေပြားတွေကို ခွာထားတာနဲ့ သွားတိုးတယ်၊ ရောက်,ရောက်ချင်းမှာ ချက်ချင်း မသွားဖြစ်လိုက်တာကို နဲနဲနောင်တရတယ်၊ ဘုရားကို ရွှေသင်္ကန်းအပြည့်နဲ့ မဖူးခဲ့လိုက်ရဘူး၊ ဒါပေမယ့် တဖက်ကကြည့်တော့လည်း တိုက်တိုက်ဆိုင်ဆိုင် ဘုရားကို သစ်ခေါက်ရောင်သင်္ကန်းနဲ့ ဖူးရတယ်လို့ တွေးလို့ရပါတယ်၊ ဘုရားရဲ့ အထက်ဖက်မှာ ကျန်နေသေးတဲ့ ရွှေရောင်နဲ့ အောက်ဖက် ပစ္စယံက သစ်ခေါက်သင်္ကန်းရောင်ရယ်က အတော်လေး contrast ဖြစ်ပြီး ကြည့်ရတာ တမျိုး သပ္ပါယ်ပါတယ်၊
ဒီက မထွက်ခွာခင် ကတည်းက ရွှေတိဂုံမှာ ဘယ်လိုတွေ ဓါတ်ပုံရိုက်ရင် ကောင်းမလဲလို့ ကြိုပြီး စဉ်းစားကြည့်တယ်၊ ရိုက်ချင်တဲ့ နေရာတွေ၊ ရိုက်လို့ကောင်းမယ် ထင်တဲ့ ရှုထောင့်တွေ အများကြီးပဲ ခေါင်းထဲပေါ်လာတယ်၊ ဒါပေမယ့် တကယ်တမ်း ရင်ပြင်ပေါ်လည်း ရောက်သွားရော အဲဒီအိုက်ဒီယာတွေ အားလုံးမေ့သွားတော့တယ်၊ ရင်ပြင်ပေါ်မှာ အမြင်၊ အကြား၊ အထိအတွေ့ အာရုံအားလုံးက ငြိမ်းချမ်း၊ တိတ်ဆိတ် မှုတွေနဲ့...၊ အနောက်ကမ္ဘာက ဖိစီးမှုတွေကို တဒင်္ဂမေ့သွားစေခဲ့တယ်၊ ရွှေတိဂုံမှာ အချိန်နာရီတွေဟာ ရပ်တန့်သွားခဲ့တယ်၊ ကျနော်ဟာ ကိုယ့်ကိုကိုယ် time and space အပြင်ဖက်မှာ ခဏလေး တွေ့လိုက်ရသလိုပါပဲ၊
တော်တော်လေး မိုးချုပ်မှ ပြန်ဆင်းလာခဲ့တယ်၊ မြန်မာပြည်သွားမယ် လုပ်တော့ tripod သယ်သွားရင်ကောင်းမလား လို့အကြာကြီး စဉ်းစားဖြစ်ပါတယ်၊ ပုဂံ sunset၊ ရွှေတိဂုံ ညရှုခင်း၊ ဒါတွေကို တွေးမိတော့ tripod ကို မဖြစ်မနေ သယ်မယ်လို့ တွေးထားတယ်၊ ဒါပေမယ့် တကယ်တမ်းမှာ မလွယ်ပါဘူး၊ ကျနော့် tripod က ကြီးလဲကြီးတဲ့အပြင် အတော်လည်း လေးတယ်၊ တော်ရုံနေရာမှာ အခြေခိုင် အောင်ဆိုပြီး ခပ်ကြီးကြီးဝယ်ထားမိတာ အခုမှ ဒုက္ခတွေ့တာပဲ၊ သေတ္တာထဲမှာ ကန့်လန့်ဖြတ် ထည့်တာတောင် အတိဝင်ရုံပဲ ရှိတယ်၊ ဒီကြားထဲ သေတ္တာက tripod မထည့်ရသေးတာတောင် ၂၆ ကီလိုကျော်နေပြီ၊ ဒီလိုနဲ့ သူ့ကို ထားခဲ့လိုက်ရတော့တယ်၊
အခု ရွှေတိဂုံမှာ tripod ကို အရမ်းသတိရနေခဲ့တယ်၊ ဒါပေမယ့်လည်း ဘာမှ မတတ်နိုင်ပါဘူး၊ ဒီလိုနဲ့ အခုပုံတွေကို handheld လက်တန်း ကြိုးစားပြီး ရိုက်ပါတယ်၊ အထူးသဖြင့် နေဝင်ချိန် အလင်းအားနည်း သွားတဲ့အချိန်မှာပေါ့...။ ။
ရွှေတိဂုံ (၁)
ရွှေတိဂုံ (၂)
ရွှေတိဂုံ (၃)
ရွှေတိဂုံ (၄)
ရွှေတိဂုံ (၅)
ရွှေတိဂုံ (၆)
ရွှေတိဂုံ (၇)
ရွှေတိဂုံ (၈)
ရွှေတိဂုံ (၉)
ရွှေတိဂုံ (၁၀)
ရွှေတိဂုံ (၁၁)
ရွှေတိဂုံ (၁၂)
ရွှေတိဂုံ (၁၃)
ညီလင်းသစ်
၁၄ ဒီဇင်ဘာ၊ ၂၀၀၉",1.0,1.0,1.0,3.0,5.0,"The text is a personal travel blog post about visiting the Shwedagon Pagoda. It lacks formal educational or complex reasoning content. It is written in natural, authentic Burmese, capturing local cultural experiences and personal reflections. The formatting is clean, though it ends with a list of image placeholders."
<urn:uuid:43ebaff2-8447-4e3f-a5c0-8c0a6c6cd396>,"ရင်ခုန်သလိုလို စိတ်လှုပ်ရှား
ဘာကြောင့်မှန်းမသိ
တစ်လတစ်ကြိမ် လတိုင်းမှာ
တစ်လလုံးလုံး အလုပ်လုပ်ခဲ့တာဆိုတော့
တစ်လလုံးလုံး စောင့်ခဲ့ရတာဆိုတော့
တစ်လလုံးလုံး မထုတ်ဘဲနေခဲ့ရတာဆိုတော့
ရလိုက်မယ့် လခအလုံးအခဲကို
ရင်ခုန်နေလွန်းတယ်လေ
နောက်တော့လည်း အလီလီစိတ်ပိုင်းပစ်လိုက်လို့
လစာခေါင်းကွဲပါရော့လား
ပိုက်ဆံများ ဘယ်များရောက်သွားပါလိမ့်လို့တွေးရင်း
နောက်တစ်လကုန်အောင်
နောက်တစ်ကြိမ်ရင်ခုန်အောင်
တစ်လလုံးလုံးထပ်စောင့်ရပေဦးမှာပေါ့
အလုပ်လုပ်တုန်းကာလများမှာ
လစာထုတ်ရက်များဟာ
ချစ်သူ့ကောင်မလေး အနမ်းပေးတဲ့ရက်တွေလိုပါပဲ။
စက်တင်ဘာ၊ ၂၀၀၈။",1.0,1.0,1.0,5.0,5.0,"This is a creative poem about the relatable experience of receiving a monthly salary. It uses natural, colloquial Burmese phrasing and captures the cultural sentiment of working life. While it lacks academic educational value or complex reasoning, it is clean, well-formatted, and highly authentic in its cultural expression."
<urn:uuid:f1d790d3-a6e5-4db5-a02f-243a78f71434>,"Youtube subscriber အများဆုံး ရရှိထားတဲ့ အဆိုတော်အဖွဲ့
Black Pink အဖွဲ့က အခုချိန်မှာ youtube subscriber အများဆုံး ရရှိထားတဲ့ အဆိုတော်အဖွဲ့ ဖြစ်နေပါပြီ။
BlackPink အဖွဲ့ရဲ့ Youtube channel က BTS EXO တို့ကို ကျော်တက်ပြီးတော့
ကိုရီးယားမှာ Subscriber အများဆုံး ရရှိတဲ့ အဖွဲ့ဖြစ်လာခဲ့ပြီး သုံးလအကြာမှာတော့
နောက်ထပ် ခြေလှမ်းသစ်တစ်ခုကို လျှောက်လှမ်းခဲ့ပါပြီ။
စက်တင်ဘာ ၉ရက်နေ့ မနက်မှာပဲ BlackPink ရဲ့ official Youtube Channel က
29,897,163 subscribers ထိရှိလာခဲ့တဲ့ ပထမဆုံး အဆိုတော်အဖွဲ့ ဖြစ်လာခဲ့ပါပြီ။
One Direction က BlackPink အဖွဲ့မတိုင်ခင်မှာ 29,886,939 နဲ့အများဆုံးဖြစ်ခဲ့တာပါ။
Congratulation ပါ BlackPink ေရ
Credit – soompi",1.0,1.0,1.0,4.0,2.0,"The text provides simple entertainment news about K-pop groups. It is clean and readable, written in natural Burmese, but lacks significant educational or reasoning depth. It uses appropriate local phrasing and honorifics, reflecting common interest in K-pop within the Burmese community."
<urn:uuid:553681a2-77d8-4e16-bf23-8ab790826181>,"မန်ချက်စတာယူနိုက်တက်အသင်းဟာ ရှက်တာဒိုးနတ်အသင်းရဲ့ ကွင်းလယ်လူ ဖရက်ဒ်ကို လာမယ့်အပတ်မှာ ဆေးစစ်ဆေးမှုတွေ ပြုလုပ် နိုင်လိမ့်မယ်လို့ ယုံကြည်နေကြောင်း Daily Mail က ဖော်ပြသွားခဲ့ပါတယ်။ အသက် (၂၅)နှစ် အရွယ် ဘရာဇီးလ်ကွင်းလယ် ကစားသမား အတွက် မန်ယူအသင်းက ပေါင်၅၂သန်းအထိ သုံးစွဲရဖွယ် ရှိတယ်လို့လည်း သိရပါတယ်။
ဖရက်ဒ်အတွက် မန်ယူဟာ ပြောင်းရွှေ့ကြေး ပေါင်၄၃သန်းသာ ကုန်ကျမှာဖြစ်ပေမယ့် အခြားသော ခံစားခွင့်များကို ထပ်ပေါင်းလိုက်ပါက ဖရက်ဒ်ရဲ့ တန်ဖိုးဟာ ပေါင်၅၂သန်းကျော်ထိ ရှိလာခဲ့တာ ဖြစ်ပါတယ်။ ဖရက်ဒ်ကို မန်ချက်စတာယူနိုက်တက်ရဲ့ မြို့ခံပြိုင်ဘက် မန်စီးတီးကလည်း စိတ်ဝင်စားနေတာဖြစ်ပြီး မန်ယူအသင်းက လက်ဦးမှုရယူဖို့ အပြင်းအထန်ကြိုးစားခဲ့တယ်လို့လည်း သိရပါတယ်။
လတ်တလောမှာတော့ ဖရက်ဒ်ဟာ အင်္ဂလန်ကို ဘရာဇီးလ်လက်ရွေးစင်အသင်းနဲ့ ရောက်ရှိနေတာဖြစ်ပြီး ခရိုအေးရှားနဲ့ ကစားရမယ့် ခြေစမ်းပွဲအတွက် လေ့ကျင်နေတာ ဖြစ်ပါတယ်။ မော်ရင်ဟို ကိုယ်တိုင်ကလည်း ဖရက်ဒ်ကို ကမ္ဘာ့ဖလားပြိုင်ပွဲမတိုင်ခင်မှာ အပြီးသတ်ခေါ်ယူ လိုနေတာ ဖြစ်တာကြောင့် လာမယ့်အပတ်အတွင်းမှာ ဆေးစစ်ဆေးမှုတွေ ပြုလုပ်ဖို မျှော်လင့်ခဲ့တာ ဖြစ်ပါတယ်။
မော်ရင်ဟိုဟာ အသင်းကို ဘရာဇီးလ်ကစားသမားတွေ ခေါ်ယူဖို့ ဆန္ဒရှိကြောင်း ဧပြီလအတွင်းက ပြောကြားခဲ့ဖူးပါတယ်။ ""ဘရာဇီးလ် ကစားသမားတစ်ယောက်မှ မပါဝင်တဲ့အသင်းဟာ အသင်းတစ်သင်းမဟုတ်ဘူးလို့ ကျွန်တော်ထင်ပါတယ်၊ လာမယ့်ဘောလုံးရာသီမှာ ကျွန်တော့် အသင်းမှာ ဘရာဇီးလ်ကစားသမားတွေကို ရှိစေချင်ပါတယ်"" လို့ မော်ရင်ဟိုက ပြောကြားခဲ့ဖူးတာ ဖြစ်ပါတယ်။
ဖရက်ဒ်အနေနဲ့ မန်ယူအသင်းနဲ့ ဆေးစစ်ဆေးမှု ခံယူခဲ့ပြီး ဆေးစစ်မှုအောင်မြင်ခဲ့မယ်ဆိုရင်တော့ ဒါဟာ မန်ချက်စတာယူနိုက်တက်အသင်းရဲ့ နွေရာသီမှာ ပထမဆုံးခေါ်ယူတဲ့ ကစားသမားဖြစ်လာမှာ ဖြစ်ပါတယ်။ အခြားသော သတင်းများအရတော့ မန်ယူအသင်းဟာ စပါးနောက်ခံလူ အယ်ဒါဝီရယ်ကိုလည်း ချိတ်ဆက်မှုတွေ ပြုလုပ်နေပြီး ခေါ်ယူနိုင်ဖို့ နီးစပ်နေပြီလို့ သိရပါတယ်။",1.0,1.0,2.0,5.0,3.0,"The text is a standard sports news report about a football transfer. It provides factual information about player recruitment and quotes a manager. It is written in natural, fluent Burmese, typical of sports journalism, but lacks educational depth or complex reasoning. It is clean, well-structured, and free of noise."
<urn:uuid:f501c720-e6d9-4e88-ad58-b3f564cf603b>,"ကွန်ပျူတာကနေပါ SMS ပို့နိုင်ပြီဖြစ်တဲ့ Android Messages
Google ဟာ Stock Android စနစ်သုံးဖုန်းတွေမှာ တခါတည်း ပါဝင်ပြီးသားဖြစ်တဲ့ Android Messages ကို အသုံးပြုသူ ပိုများပြားလာစေဖို့အတွက် Desktop Browser Support ပါ ထည့်သွင်းပေးလိုက်ပြီ ဖြစ်ပါတယ်။ ယနေ့ ဇွန်လ ၁၉ ရက် နေ့က စပြီး ဖုန်းမှာ Android Messages Application အသုံးပြုသူတွေအနေနဲ့ SMS Messages တွေကို မိမိ PC Browser ကနေလည်း ဖတ်နိုင်၊ Reply ပြန်နိုင်ပြီ ဖြစ်ပါတယ်။
Google ဟာ Rich Comminication Services (RCS) ကို Android စနစ်မှာ ထည့်သွင်းပြီးဖြစ်တာကြောင့် ယခု Messages for Web ကနေ စာသား၊ ဓာတ်ပုံ၊ Web Link တွေနဲ့ Sticker စတဲ့ format အကုန်လုံးကို ပို့နိုင်မှာပါ။ လောလောဆယ်မှာ RCS စနစ်ကို Mobile Carrier ကုမ္ပဏီ တော်တော်များများကလည်း Support လုပ်ပေး ထားတာကြောင့် နိုင်ငံအများအပြားမှာ အဆင်ပြေပြေ အသုံးပြုနိုင်မှာဖြစ်ပါတယ်။
ကွန်ပျူတာကနေ Messages for Web ကို အသုံးပြုချင်တယ် ဆိုရင်တော့ အရင်ဆုံး သင့်ဖုန်းမှာ Android Messages App နောက်ဆုံးဗားရှင်း ရှိရပါမယ်။ မရှိသေးဘူး ဆိုရင်လည်း Play Store ကနေ Download/Update ပြုလုပ်နိုင်ပါတယ်။ ပြီးရင်တော့ Mobile App ထဲကနေ Message for Web ကို ဖွင့်ပေးရပါမယ်။
ပြီးရင်တော့ ယခု Link ကို သွားပြီး ဖုန်းနဲ့ QR Code ကို Scan ဖတ်ပေးလိုက်ပါ။
https://messages.android.com/
ဒါဆိုရင်တော့ သင့်ဖုန်းနဲ့ ကွန်ပျူတာနဲ့ Sync လုပ်ပေးသွားမှာဖြစ်ပြီး၊ ကွန်ပျူတာ Browser ကနေလည်း SMS တွေ ပို့နိုင်ပြီ ဖြစ်ပါတယ်။ ကွန်ပျူတာနဲ့ ဖုန်းနဲ့ကြား Sync လုပ်တာက မိုဘိုင်းဒေတာနဲ့ အသုံးပြုမှာဖြစ်တာကြောင့် Data ဖိုး ကုန်မှာ ဖြစ်ပြီး၊ ကွန်ပျူတာကနေ Messages ပို့တာက SMS အနေနဲ့ ထွက်သွားမှာဖြစ်တာကြောင့် SMS ဖိုးလည်း ကုန်ပါလိမ့်မယ်။
ဒါပေမယ့် ကွန်ပျူတာအဓိက သုံးဖြစ်နေတဲ့ အချိန်မျိုးမှာ ဖုန်းထဲ ဝင်လာတဲ့ SMS တွေကို ချက်ချင်း Reply ပြန်နိုင်တဲ့ Feature က စိတ်ကျေနပ်စရာပါ။ အဓိကလူသုံးများတဲ့ Chrome, Firefox, Safari, Microsoft Edge စတဲ့ Browser တွေ ကနေ အသုံးပြုနိုင်ပြီး Internet Explorer ကနေတော့ အသုံးပြုနိုင်မှာ မဟုတ်ပါဘူး။
Web Browser ကနေပါ မက်ဆေ့ပို့နိုင်တဲ့ Feature အပြင် ‘Android Message’ mobile app update မှာ နောက်ထပ် အမိုက်စား Feature သစ် ၄ ခု ပါဝင်လာပါသေးတယ်။ အဲဒီထဲကမှ အသုံးဝင်ဆုံး ၁ ခုကတော့ ဖုန်းထဲကို one-time password အနေနဲ့ ဝင်လာတဲ့ ကုဒ်တွေကို အရင်လို အလွတ်ကျက်နေစရာ မလိုတော့ဘဲ ချက်ချင်း Copy ကူးနိုင်တဲ့ Feature ပါ။
နောက်ထပ်တခုကတော့ တဖက်က ပို့လိုက်တဲ့စကားကို App က အလိုလိုသိပြီး လိုက်ဖက်မယ့် Reply မျိုး ဖော်ပြပေး ထားမယ့် Smart Reply လုပ်ဆောင်ချက်ဖြစ်ပါတယ်။ Gmail က Smart Reply ပုံစံမျိုးပါပဲ။ လောလောဆယ်တော့ English ဘာသာစကား ၁ မျိုးပဲ ရပါလိမ့်ဦးမယ်။ နောက်တခုကတော့ SMS အနေနဲ့ ဝင်လာတဲ့ Link တွေကို Preview ပြသပေးထားမှာ ဖြစ်တာကြောင့် ကိုယ် Click နှိပ်သင့်၊ မနှိပ်သင့် ပိုမို စဉ်းစားလာနိုင်မှာပါ။
နောက်ဆုံး Feature သစ်တခုကတော့ Compose ဘားဘေးက Plus ခလုတ်လေးနှိပ်ပြီး GIF တွေကို ရှာနိုင်တဲ့ Feature ဖြစ်ပါတယ်။ အထက်ပါ Feature လေးခုထဲမှာ One-time Password တွေကို Copy ကူးနိုင်တဲ့ လုပ်ဆောင်ချက်က လွဲရင် ကျန်တဲ့ ၃ ခုလုံးက Apple ရဲ့ iMessages App ထဲမှာ ပါဝင်ပြီးသား Feature တွေဖြစ်ပါတယ်။
Ref: Engadget, The Verge, Google",3.0,2.0,2.0,5.0,3.0,"The text is a clear, well-structured tutorial on using Android Messages for Web. It provides practical instructions and explains new features. It is written in natural, accessible Burmese, suitable for general tech-literate readers. It lacks deep analytical reasoning or high-level academic complexity, but serves its purpose as an informative tech article well."
<urn:uuid:c6b8959c-5ebc-4822-aa07-993e086ce7ce>,"ကင်ရှာဆာမြို့
ကင်ရှာဆာမြို့သည် ကွန်ဂိုဒီမိုကရက်တစ်သမ္မတနိုင်ငံ၏ မြို့တော်နှင့် အကြီးဆုံးမြို့ ဖြစ်ပြီး ကွန်ဂိုမြစ်ကမ်းပေါ်တွင် တည်ရှိသည်။
ယခင်က ငါးဖမ်းရွာကလေး တစ်ရွာသာ ဖြစ်ခဲ့သော်လည်း ယခုအခါတွင် ကင်ရှာဆာမြို့သည် မြို့ပြဧရိယာ တစ်ခု အဖြစ် တည်ရှိပြီး နေထိုင်သူပေါင်း ၁၀သန်းခန့် ရှိသည်။ အိမ်နီးချင်းနိုင်ငံဖြစ်သော ကွန်ဂိုသမ္မတနိုင်ငံ၏ မြို့တော် ဘရာဇာဗီးမြို့နှင့် မျက်နှာချင်းဆိုင် တည်ရှိပြီး ကျယ်ဝန်းသော ကွန်ဂိုမြစ်ကို ဖြတ်၍ လှမ်းမြင်ရသော အနေအထားတွင် ရှိသည်။ မြို့တော်၏ အုပ်ချုပ်ရေး ဒေသမှာ အလွန်ကျယ်ဝန်းလှသဖြင့် မြို့တော်မြေနေရာ၏ ၆၀ ရာခိုင်နှုန်းကျော်မှာ ကျေးလက် အနေအထားဖြင့် တည်ရှိသည်။ မြို့ပြဒေသမှာ ခရိုင်၏ အနောက်ဖက် အစွန်ဆုံး အစိတ်အပိုင်း သေးသေးကလေး တွင်သာ ရှိသည်။",3.0,1.0,2.0,5.0,1.0,"The text provides factual, educational information about Kinshasa suitable for a general audience. It is clean, well-formatted, and written in natural Burmese. However, it lacks complex reasoning or deep cultural insights, serving primarily as a straightforward encyclopedic summary."
<urn:uuid:b57bb403-c49b-431b-ab69-6328afda06b2>,"|Weight||N/A|
Back to products
Classic Design Earring (White Gold)
299,000 Ks
၀တ်ဆင်လိုက်တိုင်း classicဆန်တဲ့ ခံစားမှုကိုပေးစွမ်းနိုင်မယ့် jewelleryလေးပါ။ခေတ်မှီတဲ့ဒီဇိုင်းလေးကို ရိုးရှင်းတဲ့အလှနဲ့ပေါင်းစပ်ပုံဖော်ထားတဲ့ နားကပ်လေးပါ။
(Details)
Brand – Shwe San Eain
Item Name – Classic Design Earring
Gold Quality –18K Gold
Gold Colour -White Gold
Length- 1cm
“ပြန်သွင်း/ပြန်လဲ”
18K Au750 အမှတ်အသားပါရွှေထည်များ ပျက်စီးသည်ဖြစ်စေ ၊ မပျက်စီးသည်ဖြစ်စေ
• ပြန်သွင်းလျှင် (20%)
• တန်ဖိုးမြင့်နှင့်ပြန်လဲလျှင် (15%)လျှော့၍ပြန်ဝယ်ပေးပါသည်။
SKU: N/A Category: Earrings နားကပ် Tag: 18K AU750
Additional information
Reviews (0)
Reviews
There are no reviews yet.",0.0,0.0,1.0,2.0,3.0,"This is a product description for jewelry. It lacks educational or reasoning value. It is simple to comprehend, requiring no specialized expertise. The cleanliness is limited by boilerplate, navigation elements, and metadata. It reflects authentic Burmese commercial language and local gold-trading terminology, such as the specific buy-back policies common in the local market."
<urn:uuid:8fc8815d-c76a-4425-8f0b-f02a7664634e>,"တစ်နှစ်စာအသင်းဝင်ကြေး (အမေရိကန်ဒေါ်လာ ၁၆၉) သာ
အပြည်ပြည်ဆိုင်ရာအလင်းပြခြင်း အစည်းအရုံး International Association of Coaching (IAC)သို့ ပေးလှူခြင်း သို့မဟုတ် လက်ဆောင်များအတွက် ပရဟိတအလှူများကဲ့သို့ အခွန်ငွေများကောက်ခံမှု မရှိပေ။ သို့ရာတွင် ပုံမှန်စီးပွားရေးအသုံးစရိတ်များအနေဖြင့် အခွန်ငွေဖြတ်တောက်ခံရနိုင်ပေသည်။
မှတ်ချက်။ ။ အသင်းဝင်ကြေးပေးသွင်းငွေများသည် IAC ၏တရားဥပဒေအရ ပြန်အမ်း၍ မရပေ။
Masteries Practitioner (MP) “package” ကမ်းလှမ်းချက်
- IAC သို့ပါဝင်ချင်ပါသလား၊ ကျွမ်းကျင်ပိုင်နိုင်သူဖြစ်လာစေရန် စီမံထားသောအရာများကို အထူးလျော့ ဈေးနှုန်း(အမေရိကန်ဒေါ်လာ ၃၁၉)ဖြင့် ခံစားရရှိမည်ဖြစ်ပါသည်.
- ကျွမ်းကျင်ပိုင်နိုင်သူဖြစ်လာစေရန် စီမံထားသောအရာများတွင် နှစ်စဉ်အဖွဲ့ဝင်ကြေး (အမေရိကန် ဒေါ်လာ ၁၆၉)၊ on-line ဆန်းစစ်ဖြေဆိုမှုတစ်ကြိမ်အတွက်(အမေရိကန်ဒေါ်လာ ၉၇)၊ ကျွမ်းကျင် ပိုင်နိုင်သူဖြစ်လာစေသော တိုးတက်မှုအစီအစဉ်များအတွက် (MPDF - အမေရိကန်ဒေါ်လာ ၁၅၀) ပါဝင်သည်။ ထိုအရာများမှ (အမေရိကန်ဒေါ်လာ ၉၇) ကို သက်သာအောင်ပြင်ဆင်ထားသည်။.
- MPကမ်းလှမ်းချက်ကိုဝယ်ယူပြီးပါက မျှော်မှန်းထားသောအရာများကို တစ်နှစ်တာအတွင်းပြီးစီးအောင် လုပ်ဆောင်ရမည်ဖြစ်သည်။ တစ်နှစ်ထက်ကျော်လွန်ပါက နှစ်စဉ်အဖွဲ့ဝင်ကြေးကို ထိုကာလအတွင်း သတ်မှတ်ထားသောဈေးနှုန်းအတိုင်း ပြန်လည်သက်တမ်းတိုးခြင်း လုပ်ဆောင်ရမည်ဖြစ်သည်။",1.0,1.0,3.0,4.0,1.0,"The text is a promotional document for a professional coaching association membership. It provides basic information about fees and packages. While it is coherent and clean, it lacks educational depth or complex reasoning. The language is functional but clearly a translation of international business terminology, lacking deep cultural nuance."
<urn:uuid:6d3f2a56-73ea-4aec-bdb3-b4c702ac1ee8>,"Skip to main content
Home
News
Health
Education
Technology
Environment
Tourism
Crime
Update News
Business
Life
Entertainment
Opinion
Politics
Regional
Sports
World News
Cartoon
Videos
Special Reports
Election 2015
Party
News
Infographics
၂၀၁၇ လည်ပြန်
၂၀၁၆ လည်ပြန်
Y-8 လေယာဉ်ပျက်ကျမှုဖြစ်စဉ်
CEO conferences
You are here
Home
»
Author
»
လင်းသက်နိုင်
လင်းသက်နိုင်
မကွေးတိုင်း ပြည်သူ့ဝန်ဆောင်မှုလုပ်ငန်း ၂၉ ခုကို e-Government စနစ်အကောင်အထည်ဖော်မည်
လုပ်ငန်းများပိုမိုမြန် ဆန်စေရန် မကွေးတိုင်းဒေသကြီး အတွင်းရှိအများပြည်သူနှင့် တိုက် ရိုက်ထိတွေ့ ဆက်ဆံနေရသော ဌာနဆိုင်ရာလုပ်ငန်း ၂၉ ခုကိုလာ မည့်၂နှစ်အတ...
နောက်ယောက်ျားနှင့် လိုက်ပြေးသည့်ဇနီးကို ခင်ပွန်းက တစ်လင်တစ်မယားဥပဒေဖြင့် အမှုဖွင့်
Friday 2018-04-27
အောင်လံမြို့နေ အမျိုးသားက ၎င်း၏ဇနီးအိမ်ထောင်ရှိသည့် တစ်လမ်းတည်း နေသူနှင့် လိုက်ပြေးသွားသည် ဆိုကာ ဧပြီ ၂၄ ရက်က ရဲစခန်း တွင် အမှုဖွင့်ခဲ့သည်။ အောင်လံမြို့...
မကွေးတိုင်းအစိုးရအဖွဲ့ဝန်ကြီးနှစ်ဦး တိုင်းလွှတ်တော်တွင် ကတိသစ္စာပြု
Thursday 2018-04-26
မကွေးတိုင်းအစိုးရ အဖွဲ့မှ ၀န်ကြီးအသစ်နှစ်ဦးသည် ဧပြီ ၂၄ ရက်က ကျင်းပသည့် မကွေးတိုင်း လွှတ်တော်အရေး ပေါ် အစည်းအဝေးတွင် ကတိ သစ္စာပြုခဲ့သည်။ မကွေးတိုင်းဒေသြ...
မကွေးတိုင်းတွင် ၂ နှစ်အတွင်း စည်ပင်အခွန်ကျပ်သန်းနှစ်သောင်းခန့်ရ
ဒီချုပ်ပါတီအာဏာ ရရှိလာပြီးနောက်ပိုင်း ၂ နှစ်အ တွင်း မကွေးတိုင်းဒေသကြီးမြို့ နယ်များမှ စည်ပင်သာယာရေး ဆိုင်ရာအခွန်စုစုပေါင်းကျပ်သန်း နှစ်သောင်းခန့်ရရှ...
အောင်လံပြည်သူ့ဆေးရုံကြီးတွင် ဆေးဝါးအခက်အခဲဖြစ်ပေါ်၍ အလှူရှင် လှူဒါန်းမှုဖြင့် ဖြေရှင်းနေ
Wednesday 2018-04-25
မကွေးတိုင်း အောင် လံမြို့ ပြည်သူ့ဆေးရုံကြီး၌ တက် ရောက်ကုသမှုများပြားနေ၍ အလှူရှင်များ လှူဒါန်းမှုဖြင့် ဆေးဝါးလို အပ်ချက် ဖြေရှင်းပေးနေကြောင်း ဆေးရုံ...
လုပ်သားရှားပါးလာ၍ သရက်ခရိုင်ရှိ တစ်နိုင်တစ်ပိုင် စီးပွားရေးလုပ်ငန်းအများစု အခက်အခဲဖြစ်
Tuesday 2018-04-24
ဒေသတွင်းအလုပ် သမားရှားပါးမှုကြောင့် တစ်နိုင် တစ်ပိုင် စီးပွားရေးလုပ်ငန်းအ များစုရပ်တည်ရန် အခက်အခဲ ဖြစ်နေကြောင်း သရက်ခရိုင်ရှိ လုပ်ငန်းရှင်များကြေ...
မကွေးမြို့ရှိ ယာဉ်ထိန်းရဲတပ်ကြပ်ကြီးတစ်ဦးကို ဒေသခံများက စလွယ်နှင့် ငွေသားဆုချီးမြှင့်
မကွေးမြို့တွင် တာဝန်ထမ်းဆောင်နေသော ယာဉ်ထိန်း ရဲတပ်ဖွဲ့မှ တပ်ကြပ်ကြီးတစ်ဦး သည် တာဝန်ကျေပွန်ပြီး ဆက် ဆံရေးကောင်းမွန်သည်ဆိုကာ ဒေသခံများကိုယ်စား မကွေးပရ...
အသုံးပြုသူ နည်းပါးလာသဖြင့် သရက်ခရိုင်ကျေးရွာများတွင် ၀ါးသက်ငယ်ထုတ်လုပ်သူ လျော့ကျလာ
သက်ငယ်အသုံးပြု သူ နည်းပါးလာခြင်း၊ ထုတ်လုပ် သည့် ၀ါးများ ရှားပါးလာခြင်း ကြောင့် သရက်ခရိုင်အတွင်းရှိ ကျေးရွာများတွင် ၀ါးသက်ငယ် ထုတ်လုပ်သူတစ်နှစ်ထက် တစ်...
မကွေးတိုင်းအတွင်း လေပြင်းတိုက်ခတ်၍ အိမ်လေးလုံးပြိုကျကာ ၆၀ ကျော် အမိုးလန်ပျက်စီး
မကွေးတိုင်း မြို့နယ် လေးခုတွင် ဧပြီ ၁၉ ရက် ညနေက လေပြင်းတိုက်ခတ်မှုကြောင့် နေ အိမ်လေးလုံး ပြိုကျပြီး ၆၀ ကျော် အမိုးလန် ပျက်စီးခဲ့ကြောင်း...
လွတ်ငြိမ်းချမ်းသာခွင့်ဖြင့် သရက်ထောင်မှ အကျဉ်းသား ၄၄ ဦးလွတ်မြောက်ရာတွင် နိုင်ငံရေးအကျဉ်းသားတစ်ဦးပါဝင်
မကွေးတိုင်း သရက် အကျဉ်းထောင်၌ ထောင်ဒဏ် ကျခံနေရသော အကျဉ်းသားများ အနက် နိုင်ငံတော်သမ္မတသစ် ဦးဝင်းမြင့်၏ နှစ်သစ်ကူးလွတ် ငြိမ်းချမ်းသာခွင့်အမိန့်ဖြင့် ဧြ...
Pages
« first
‹ previous
1
2
3
4
5
6
7
8
9
…
next ›
last »
More in Videos Section
မနက်ခင်းသတင်းစာ
ဒီကနေ့ရဲ့နောက်ဆုံးရနိုင်ငံတကာသတင်းတွေဒီမှာကြည့်ပါ
FDA ဝန်ထမ်းအမျိုးသမီးကို မုဒိမ်းကျင့်လုယက်သတ်ဖြတ်သူတက္ကစီသမားကိုသေဒဏ်ချ
7DayTV ဖေ့စ်ဘွတ်ခ်တစ်ခွင်
မနက်ခင်းသတင်းစာ
ငွေဈေး၊ ရွှေဈေး၊ စက်သုံးဆီဈေး
Top News
မလေးမူးယစ်အမှု ထိပ်တန်းသံသယတရားခံဟာ လူကုန်ကူးဂိုဏ်းခေါင်းဆောင်လို့လည်း စွပ်စွဲခံနေရ
မြန်မာ့ကျောက်စိမ်းတူးဖော်ရေး လုပ်ငန်းခွင်နှင့်ဆက်စပ်သော မတော်မတရားပြုမှုများတွင် နိုင်ငံတကာယန္တရားကုမ္ပဏီကြီးများ ဆက်စပ်နေဟု စစ်တမ်းတစ်ရပ် စွပ်စွဲဖော်ပြ
ပြည်သူအားလုံး နှလုံးစိတ်ဝမ်းအေးချမ်းပါစေဟု ဒေါ်အောင်ဆန်းစုကြည်ဆုတောင်း
မွန်ပြည်နယ်တွင် ရေကြီးမှုကြောင့် ကျပ်သိန်း ခြောက်ထောင်ကျော် ဆုံးရှုံး၊ လူခုနစ်ထောင်ကျော် ရေဘေးသင့်
မော်လမြိုင်အပါအဝင် မွန်ပြည်နယ်ရှိ ခုနစ်မြို့နယ် ရေကြီး
ရှစ်လေးလုံးပြည်သူ့ ပါတီ၏ အမည်၊ အလံနှင့် အမှတ်တံဆိပ်တို့ကို ပြန်လည်ပြင်ဆင်ရန် ရွေးကောက်ပွဲကော်မရှင် ညွှန်ကြား",2.0,1.0,2.0,2.0,4.0,"The document is a collection of news snippets from a Burmese news portal. It provides basic information about local events, which has some educational value for current affairs. It lacks deep reasoning or complex analysis. The content is clean enough to read but contains significant website boilerplate. It is culturally authentic, reflecting local Burmese news reporting styles."
<urn:uuid:ea3c096f-681d-4fe8-83d9-4377ec4107ee>,"ရန်ကုန် ဖေဖော်ဝါရီ ၁၁-၂၀၁၉
သင်းသဒ္ဒါ (VOM)
ခေတ်နဲ့သစ်ရဲ့ မေမေဖြစ်တဲ့ အဆိုတော် ချစ်သုဝေကတော့ ရှစ်နှစ်ကြာမှ ကတိလို့ အမည်ပေးထားတစ်ကိုယ်တော်ခွေ ထုတ်လိုက်ပါတယ်။
”၈ နှစ် ကြာမှ ခွေထွက်တော့ ထရီဇာ ရင်ခုန်တယ် အသစ်တစ်ယောက်လို့ ပြန်ခံစားမိတာပေါ့။ ပရိသတ်တွေလည်း ကိုယ့်သီချင်းတွေ မေ့နေမလားပေါ့”လို့ဆိုပါတယ်။
သူမကတော့ ဒုတိယမြောက် တစ်ကိုယ်တော် “ကတိ” (Promise) တေးအယ် လ်ဘမ်မှာ သီချင်း ၁၀ ပုဒ်ပါဝင်ပြီးတော့ ဝေလ ၊ စံပီး၊ ဇ၀ါ၊ နေ၀ါ နဲ့ လင်းလင်း တို့က ရေးသားဖော်ကျူးပေးထားတယ်လို့သိရပါတယ်။ ဒီခွေမှာ ကိုယ်ပိုင်သံစဉ်သီချင်းသစ်တွေပါဝင်ပြီးတော့ ဖေဖော်ဝါရီ ၁၄ ရက်တွင် Bo Bo Music Productionကနေ ဖြန့်ချိမှာပါ။
” ထရီဇာရဲ့ ဇာတ်ကားကြိုက်ကူးမှုတွေကလည်း အဲအချိန်က ရှိနေတယ်။ ကားရိုက်ရင်က ထရီဇာ က ကိုယ် ၀န်ရှိသွားတယ်။ ကိုယ်ဝန်နဲ့လည်း သီချင်းလေးတွေလည်း ဆိုထားတာပါတယ်။ သမီးလေးတစ်ဖက်နဲ့ အတတ် နိုင်ဆုံးဆိုဖြစ်တယ်။ ဘာကြောင့်ကြာခဲ့လဲဆိုတော့ Studio ၀င်ရင် အင်အားပြည့်နဲ့ စိတ်ကိုတက်ကြွအောင် နေပြီး ဆိုတာမျိုးကို။ ခုခွေမှာတော့ ဦးနှောက်ထဲမှာပဲ သီချင်းတွေကို လေ့ကျင့်ရတယ်။ ရေးချိုးခန်း၊ အိမ်သာထဲမှာမှ ဘယ်လိုနေရာ ဘယ်လိုဆိုမယ်ဆိုတာ ကျင့်ဖြစ်တယ်။ ဟာမိုနီပိုင်းမှာလည်း ကြိုးစားပင်ပန်းလုပ်ရတယ်။ က လေး နှစ်ယောက်ဆိုတော့ ညတွေမှာလည်း အိပ်ရေးမ၀ဘူး။နို့လည်း တိုက်နေရတော့။ သမီးလေးတွေကို လက် လွှတ်လို့ ရသွားတယ်။ကိုယ်တိုင် ကျေနပ်အားရမှ ခွေထုတ်ဖြစ်တာကြောင့် ကြာသွားတာပါ”လို့ဆိုပါတယ်။
ဓာတ်ပုံ – သင်းသဒ္ဒါ",1.0,1.0,1.0,4.0,4.0,"The text is a standard entertainment news report about a Burmese singer releasing an album. It is written in natural, colloquial Burmese with appropriate cultural context regarding local celebrities and industry practices. It lacks significant educational or complex reasoning content, serving primarily as a brief informational piece."
<urn:uuid:1bcad3aa-e98f-4a53-81cd-67fc0115b7ea>,"|စဉ်||အမည်||မဲဆန္ဒနယ်||လွှတ်တော်||ပါတီ||မှတ်ချက်|
|၁။||ဒေါက်တာအောင်ကျော်ဌေး||လွိုင်ကော်မြို့နယ် မဲဆန္ဒနယ်အမှတ်(၁)||ပြည်နယ်လွှတ်တော်||အမျိုးသားဒီမိုကရေစီအဖွဲ့ချုပ်|
|၂။||
|
ဦးတင်မြင့်
|လွိုင်ကော်မြို့နယ် မဲဆန္ဒနယ်အမှတ်(၂)||ပြည်နယ်လွှတ်တော်||အမျိုးသားဒီမိုကရေစီအဖွဲ့ချုပ်|
|၃။||
|
ဦးသိန်းအောင်(ခ)စဲရယ်
|ဒီးမော့ဆိုမြို့နယ်၊ မဲဆန္ဒနယ်အမှတ်(၁)||ပြည်နယ်လွှတ်တော်||အမျိုးသားဒီမိုကရေစီအဖွဲ့ချုပ်|
|၄။||ဦးဘော့စ်ကို||ဒီးမော့ဆိုမြို့နယ်၊ မဲဆန္ဒနယ်အမှတ်(၂)||ပြည်နယ်လွှတ်တော်||အမျိုးသားဒီမိုကရေစီအဖွဲ့ချုပ်|
|၅။||
|
ဦးသဲရယ်
|ဖရူဆိုမြို့နယ်၊ မဲဆန္ဒနယ်အမှတ်(၁)||ပြည်နယ်လွှတ်တော်||တိုင်းရင်းသားလူမျိုး ပေါင်းစုံဒီမိုကရေစီ|
|၆။||ဦးခင်မောင်ထွန်း(နော်အီး)||ဖရူဆိုမြို့နယ်၊ မဲဆန္ဒနယ်အမှတ်(၂)||ပြည်နယ်လွှတ်တော်||အမျိုးသားဒီမိုကရေစီအဖွဲ့ချုပ်|
|၇။||ဦးတီရယ်||ရှားတောမြို့နယ်၊ မဲဆန္ဒနယ်အမှတ်(၁)||ပြည်နယ်လွှတ်တော်||အမျိုးသားဒီမိုကရေစီအဖွဲ့ချုပ်|
|၈။||ဦးလှထွေး||ရှားတောမြို့နယ်၊ မဲဆန္ဒနယ်အမှတ်(၂)||ပြည်နယ်လွှတ်တော်||အမျိုးသားဒီမိုကရေစီအဖွဲ့ချုပ်|
|၉။||ဦးအေးရွှေ||ဘောလခဲမြို့နယ်၊ မဲဆန္ဒနယ်အမှတ်(၁)||ပြည်နယ်လွှတ်တော်||
|
ပြည်ထောင်စုကြံ့ခိုင်ရေးနှင့်ဖွံ့ဖြိုးရေးပါတီ
|၁၀။||ဦးစိုးရယ်||ဘောလခဲမြို့နယ်၊ မဲဆန္ဒနယ်အမှတ်(၂)||ပြည်နယ်လွှတ်တော်||
|
ပြည်ထောင်စုကြံ့ခိုင်ရေးနှင့်ဖွံ့ဖြိုးရေးပါတီ
|၁၁။||ဦးဝင်းမြင့်||ဖားဆောင်းမြို့နယ်၊ မဲဆန္ဒနယ်အမှတ်(၁)||ပြည်နယ်လွှတ်တော်||
|
ပြည်ထောင်စုကြံ့ခိုင်ရေးနှင့်ဖွံ့ဖြိုးရေးပါတီ
|၁၂။||ဦးရန်နိုင်ဆွေ||ဖားဆောင်းမြို့နယ်၊ မဲဆန္ဒနယ်အမှတ်(၂)||ပြည်နယ်လွှတ်တော်||အမျိုးသားဒီမိုကရေစီအဖွဲ့ချုပ်|
|၁၃။||ဦးအောင်နိုင်ဦး||မယ်စဲ့မြို့နယ်၊ မဲဆန္ဒနယ်အမှတ်(၁)||ပြည်နယ်လွှတ်တော်||အမျိုးသားဒီမိုကရေစီအဖွဲ့ချုပ်|
|၁၄။||ဦးအယ်လ်ဖောင်းရှို||မယ်စဲ့မြို့နယ်၊ မဲဆန္ဒနယ်အမှတ်(၂)||ပြည်နယ်လွှတ်တော်||အမျိုးသားဒီမိုကရေစီအဖွဲ့ချုပ်|
|၁၅။||ဦးလှမျိုးဆွေ||ဗမာတိုင်းရင်းသား||ပြည်နယ်လွှတ်တော်||
|
ပြည်ထောင်စုကြံ့ခိုင်ရေးနှင့်ဖွံ့ဖြိုးရေးပါတီ
|၁၆။||ဗိုလ်မှူးကြီး မြင့်ဝေ||တပ်မတော်သားကိုယ်စားလှယ်||ပြည်နယ်လွှတ်တော်|
|၁၇။||ဗိုလ်မှူးနေထွန်း||တပ်မတော်သားကိုယ်စားလှယ်||ပြည်နယ်လွှတ်တော်|
|၁၈။||ဗိုလ်မှူးအောင်ခိုင်စိုး||တပ်မတော်သားကိုယ်စားလှယ်||ပြည်နယ်လွှတ်တော်|
|၁၉။||ဗိုလ်ကြီးမျိုးမြင့်||တပ်မတော်သားကိုယ်စားလှယ်||ပြည်နယ်လွှတ်တော်|
|၂၀။||ဗိုလ်ကြီးရွှေတိုး||တပ်မတော်သားကိုယ်စားလှယ်||ပြည်နယ်လွှတ်တော်|",1.0,0.0,2.0,2.0,3.0,"The document is a structured list of parliamentary representatives. It provides factual data about local political figures and constituencies, which is useful for reference but lacks narrative or analytical depth. The formatting is inconsistent with broken line breaks, though the content is authentic and uses appropriate local political terminology."
<urn:uuid:87a05a92-ff27-472b-b52c-facf742b96fa>,"ရန်ကုန်၊ ဇန်နဝါရီ ၂၈ ရက် (ဆင်ဟွာ)
မြန်မာနိုင်ငံ၌ အိုမီခရွန်ဗီဇပြောင်းပိုး (SARS-CoV-2 Variant Omicron ) ကို လူ ၇၂ ဦးတွင် ယနေ့ (ဇန်နဝါရီ ၂၈ ရက်) ထပ်မံတွေ့ရှိကြောင်း ကျန်းမာရေးဝန်ကြီးဌာနက ထုတ်ပြန်သော သတင်းအရ သိရသည်။
အဆိုပါ အိုမီခရွန်ဗီဇပြောင်းပိုးတွေ့ရှိသူ ၇၂ ဦးသည် စစ်ကိုင်းတိုင်းဒေသကြီး တမူးမြို့မှ ၄၈ ဦးနှင့် ကလေးမြို့မှ ၂၀ ဦးတို့ဖြစ်ပြီး ယင်းဒေသများမှ ရောက်ရှိလာသူများမှတစ်ဆင့် ထပ်မံကူးစက်ခံရသူ ၃ ဦးနှင့် ကိုဗစ်-၁၉ ရောဂါ သံသယရှိေသာလူနာများမှ ရောဂါအတည်ပြုလူနာ ၁ ဦးတို့ဖြစ်ကြောင်း သိရသည်။
ယနေ့ထိ အိုမီခရွန်ဗီဇပြောင်းပိုးတွေ့ရှိသူ စုစုပေါင်း ၂၈၃ ဦးရှိကြောင်း သိရသည်။
ယင်းရောဂါပိုးတွေ့ရှိသူများအားလုံးကို သီးသန့်ထားရှိလျက် ကုသစောင့်ရှောက်မှုဆောင်ရွက်ထားရှိပြီး ကျန်းမာရေးအခြေအနေကောင်းမွန်လျက်ရှိကြောင်း သိရသည်။ (Xinhua)",2.0,1.0,2.0,5.0,3.0,"The text is a standard, clean news report from Xinhua regarding COVID-19 statistics in Myanmar. It provides factual, straightforward information suitable for general awareness. It uses natural Burmese journalistic phrasing and local geographical references, though it lacks deep reasoning or complex educational content."
<urn:uuid:d9eaea77-ee7b-4ec2-b607-60acfb9f2a86>,"၈ နှစ်အကြာမှာ တတိယ တကိုယ်တော်ခွေ ထွက်လာတဲ့ အဆိုတော် ဂျီလတ်
အဆိုတော် ဂျီလတ်ရဲ့ တတိယမြောက် တကိုယ်တော်အခွေဖြစ်တဲ့ “ဒီဇင်ဘာ ရေဒီယို” ကို ဒုတိယအခွေပြီး ၈ နှစ်အကြာမှာ ထုတ်နိုင်ခဲ့တယ်လို့ သိရပါတယ်။
“ကျနော် ထွက်မယ်လို့ ပြောထားတာ တော်တော်ကြာနေပြီ။ အခု ထွက်ဖြစ်ပြီပေါ့။ အချိန်ကာလက ‘အစွန်း ၂ ဖက်’ Audio နဲ့ဆိုရင် ဒီအခွေက ၈ နှစ်လောက် ကြာသွားတယ်။ ကြားထဲမှာတော့ အစွန်း ၂ ဖက် VCD ထွက်တယ်။ ဒီကြားထဲတော့ အတွဲခွေလေးတွေတော့ ထွက်တော့ ထွက်ဖြစ်ပါတယ်။ တကိုယ်တော်အခွေအနေနဲ့ကတော့ ကြာသွားတာပေါ့။ ကြာသွားတာကလည်း ကျနော်တို့မိသားစု ကျန်းမာရေး ကိစ္စလေးတွေလည်းပါတယ်။ ကျနော် ကိုယ်တိုင်ကလည်း အထနှေးတာလည်း ပါပါတယ်” လို့ ဂျီလတ်က ပြောပါတယ်။
တကိုယ်တော်အခွေ တခွေထွက်နိုင်ဖို့အတွက် နှစ်ကာလအချိန်တွေ ကြာခဲ့တာနဲ့အမျှ သီချင်းဖန်တီးတဲ့ အကြိုက်ပုံစံများလည်း ပြောင်းလဲလာတယ်လို့ ဆိုပါတယ်။
“တခွေတခွေ ထွက်ဖို့ နှစ်ကာလကလည်းကြာတယ်။ အဲ့အချိန်မှာ ကျနော်တို့ အကြိုက်တွေလည်းပြောင်းလာတယ်။ အသက်အရွယ်တွေလည်း ပြောင်းလာတဲ့အခါကျတော့ အဲ့အပေါ်မှာ မူတည်ပြီးတော့ သီချင်းတွေ ပြောင်းပြောင်းသွားတာပေါ့။ သီချင်းတွေရဲ့ ပုံသဏ္ဍာန်တွေရော အတွေးအခေါ်တွေရော ပြောင်းတာပဲပေါ့။ အရွယ်တွေ ကွာသွားပြီ၊ အချိန်တွေ ကွာသွားတော့ တမင်ပြောင်းတာကြီးတော့မဟုတ်ဘူး
ဆက်လက်ပြီး ဂျီလတ်က “သီချင်းတွေရဲ့ အပြောင်းအလဲကတော့ ကျနော်တို့ အသက်အရွယ်အပြောင်းအလဲပါပဲ။ ဒီအချိန်မှာ ကျနော်က ကောင်မလေးကို တယ်လီဖုန်းဆက်လို့ မရလို့ တညလုံးအိပ်လို့ မရဘူးဆိုတဲ့ စာသားမျိုးကို ဆိုစရာ အကြောင်းလည်း မရှိတော့ဘူး။ ဒီလိုတော့ ကွာသွားမှာပေါ့။ ဒီထဲမှာ နားထောင်ကြည့်ရင် ဒါမျိုးကို တွေ့ရမှာပါ” လို့ ပြောပါတယ်။
ယခု “ဒီဇင်ဘာ ရေဒီယို” အခွေမှာတော့ သီချင်း ၁၂ ပုဒ် ပါဝင်ပြီး အချစ်သီချင်း ၅ ပုဒ်နဲ့ အချစ်သီချင်း မဟုတ်တဲ့ သီချင်း ၇ ပုဒ် ပါဝင်တယ်လို့ သိရပါတယ်။
“ဒီအခွေက တည်ရင်းတည်ရင်းနဲ့ အချစ်သီချင်းတွေ မပါသလို ဖြစ်လာတာ။ ၁၀ ပုဒ်လောက်မှာ အချစ်သီချင်းက မပါတော့ ပြန်ထည့်ရတာပေါ့။ တချို့ဟာလေးတွေ ရှေ့တိုးနောက်ဆုတ် လုပ်ကြရတာပေါ့။ ၅ ပုဒ်ပဲ ပါတယ်။ ကျန်တဲ့ ၇ ပုဒ်က အချစ်သီချင်း မဟုတ်တဲ့ အကြောင်းအရာလေးကို ချဉ်းကပ်ထားတာပေါ့”လို့ ဂျီလတ်က ပြောပါတယ်။
ဒီအခွေကိုတော့ ဒီဇင်ဘာလ ၁၈ ရက်နေ့မှာ စတင်ကာ ရောင်းချနေပြီဖြစ်ပြီး သီချင်းများကိုတော့ NC 13 Band က တီးခတ်ပေးထားပြီး တေးရေးဆရာများအနေနဲ့ အောင်ကိုမြင့်၊ ဗီနိုထွန်း၊ ကမ္ဘာ၊ မာရှယ်၊ အောင်လ၊ လင်းနစ်၊ ချစ်မင်းတို့က ရေးသားပေးထားတယ်လို့ သိရပါတယ်။
“ဒီဇင်ဘာ ရေဒီယို”ဆိုတဲ့ နာမည် ဖြစ်တည်လာတာနဲ့ ပတ်သက်ပြီးတော့လည်း ဂျီလတ်က “ဒီဇင်ဘာ ရေဒီယိုဆိုတဲ့ အကြောင်းတရားကို စကတည်းက ကျနော့် အစ်ကိုအကြီးက ကျနော်က ဒီဇင်ဘာလမှာ မွေးလို့ ဒီဇင်ဘာ ရေဒီယိုဆိုပြီး စပေးခဲ့တာ အဓိကတော့ အဲ့လို ချိတ်ဆက်မှုလေးတွေ ရှိတယ်။ ထွက်ချင်တာကတော့ မွေးနေ့မှာထွက်ချင်တာ မထွက်လိုက်နိုင်ဘူး” လို့ ပြောပါတယ်။
အဆိုတော် ဂျီလတ်ကတော့ လာမယ့် New Year မှာလည်း The Radio Bar မှာ Show ပွဲတပွဲ ပြုလုပ်သွားမှာဖြစ်တယ်လို့ သိရပါတယ်။
You may also like these stories:",1.0,1.0,1.0,4.0,4.0,"The text is a standard entertainment news article about a Burmese singer. It provides basic information about a music release but lacks educational depth or complex reasoning. It is written in natural, idiomatic Burmese, reflecting local celebrity culture and industry practices, though it contains some boilerplate 'You may also like' text at the end."
<urn:uuid:d2d7909e-663c-4beb-aa89-5024c1090035>,"မေလ ၂၇၊ ၂၀၀၉။ ကလေးတွေမှာ မွေးရာပါ ချို့ယွင်းမှုတွေ မဖြစ်စေဖို့ ကိုယ်ဝန်ဆောင်မိခင်တွေ ဖောလစ်အက်ဆစ်သုံးစွဲကြပါလို့ ဆရာဝန်တွေ လမ်းညွှန်လေ့ရှိပါတယ်။ တချိန်တည်းမှာပဲ လိုအပ်တာထက် ဖောလစ်အက်ဆစ် အသုံးပြုမိရင် ဘယ်လို ဆိုးကျိုးတွေ ရင်ဆိုင်ရနိုင်ပါသလဲ၊ စိုးရိမ်သူတွေလည်း ရှိနေပါတယ်။
ဖောလစ်အက်ဆစ်ကို ဘာလို့ သုံးစွဲသင့်သလဲ၊ သုံးစွဲသင့်တဲ့ ပမာဏအတိုင်းအတာဘယ်လောက်လဲ၊ လိုအပ်တာထက် ပိုသုံးစွဲမိရင် ဘယ်လို ဆိုးကျိုးအာနိသင်တွေ ရင်ဆိုင်ရမလဲ။ ကနေဒါနိုင်ငံ အယ်ဘာတာတက္ကသိုလ်က ဒေါက်တာခင်စောဝင်းကို ဒီအပတ်ကျန်းမာရေးအစီအစဉ်မှာ ဆက်သွယ်မေးမြန်းထားပါတယ်။",3.0,2.0,2.0,5.0,4.0,"The text provides clear, educational health information regarding folic acid usage during pregnancy. It uses natural Burmese phrasing, including appropriate honorifics and professional context. It is well-structured, free of noise, and presents a coherent introduction to a health topic, though it functions as an introductory segment rather than a comprehensive analysis."
<urn:uuid:04a90d02-1240-4fb6-9dd3-561f4075bb85>,"COVID – 19 ရောဂါကုသရေးဌာန (အောင်မြင့်မိုရ်အိမ်ရာ) သို့ ပစ္စည်းများ လှုဒါန်းခဲ့ခြင်း
မြန်မာနိုင်ငံအထည်ချူပ်လုပ်ငန်းရှင်များအသင်း(MGMA)မှ ကုတင် အလုံး ၃၀၀ (တန်ဖိုးငွေကျပ် ၉,၈၄၀,၀၀၀ ဖိုး)၊ Korea Garment Association in Myanmar (KOGAM)မှ Electric Cooker အလုံး ၈၀၀ (တန်ဖိုးငွေကျပ် ၂၀,၀၀၀,၀၀၀ ဖိုး) နှင့် Hong Kong Myanmar Manufacturers Association in Myanmar မှ ဆရာဝန်များ အသုံးပြုနိုင်ရန် စာရေးကိရိယာများ (တန်ဖိုးငွေကျပ် ၁,၃၉၁,၀၀၀ ဖိုး) အစရှိသည်တို့ကို အထည်ချုပ်လုပ်ငန်းရှင်များအသင်း (၃) သင်း(MGMA,KOGAM,HKMMA) တို့ ပူးပေါင်း၍COVID – 19 ရောဂါကုသရေးဌာန၊ ဒဂုံမြို့သစ်တောင်ပိုင်း (အောင်မြင့်မိုရ်အိမ်ရာ) သို့ ၂၀၂၀ ပြည့်နှစ် အောက်တိုဘာလ (၃) ရက်နေ့တွင် လှုဒါန်းခဲ့ပြီး ဆေးရုံအုပ်ကြီးမှ ဂုဏ်ပြုမှတ်တမ်းလွှာပြန်လည်ပေးအပ်ခဲ့ပါသည်။ အသင်းကြီး၏ CSR activities များကိုလည်း ဆက်လက်အကျိုးပြုလုပ်ဆောင်သွားမည် ဖြစ်ပါသည်။",1.0,1.0,2.0,5.0,4.0,"The text is a factual report on a corporate social responsibility donation. It is clean, well-formatted, and uses natural Burmese phrasing and local organizational context. While it lacks deep educational or reasoning complexity, it is a clear, professional, and culturally authentic account of a specific event."
<urn:uuid:62720720-a4b8-4ec3-9a76-d4cd5cdca29d>,"အာဖဂန်က ဆေးရုံတခု ဗုံးခွဲတိုက်ခိုက်ခံရ
အာဖဂန်နစ္စတန်အရှေ့တောင်ပိုင်း လောဂါ ပြည်နယ်က ဆေးရုံတခု ဗုံးခွဲ တိုက်ခိုက်ခံ ရ တဲ့တွက် ဆေးရုံပြိုကျ ပျက်ဆီးပြီး၊ လူနာ တွေ ဆရာဝန်တွေနဲ့ သူနာပြုတွေ အပါ အဝင် လူအတော်များများ သေဆုံးသွား ပါတယ်။
သေဆုံးသူအရေအတွက်နဲ့ ပတ်သက်ပြီး ရှင်းရှင်းလင်းလင်း မသိရသေးပေမယ့် ခန့်မှန်းခြေအရေတော့ လူ ၂၀ ကနေ ၆၀ လောက် သေဆုံးသွားတယ်လို့ သတင်းတွေက ဆိုပါတယ်။ လူပေါင်း ၁၀၀ ကျော်လည်း ဒဏ်ရာရရှိသွားကြပါတယ်။
အာဖဂန်စစ်သားတွေဟာ အပျက်အဆီးတွေ အောက်မှာ အသက်ရှင်ကျန်ရစ်သူတွေ ရှိလို ရှိငြား ရှာဖွေနေကြပါတယ်။
တာလီဘန်တွေကတော့ အခုလို အရပ်သားတွေကို ပစ်မှတ်ထားပြီး တိုက်ခိုက်တာမျိုး သူတို့ မလုပ်ဘူးလို့ ငြင်းဆိုပါတယ်။
အာဖဂန် ထောက်လှမ်းရေး အရာရှိတွေ အပြောအရ၊ တိုက်ခိုက်မှုဟာ ဆေးရုံကို ပစ်မှတ် ထားတာ မဟုတ်နိုင်ကြောင်း၊ ဒါပေမယ့် ရဲက လိုက်တဲ့အချိန်မှာ အသေခံ ဗုံးခွဲသမား ဟာ သူ့ကားကို ဖေါက်ခွဲလိုက်တာလို့ ဆိုပါတယ်။",2.0,2.0,2.0,5.0,3.0,"The text is a straightforward news report about a bombing in Afghanistan. It provides basic factual information suitable for general awareness. The language is natural Burmese, reflecting standard journalistic reporting styles. It lacks complex reasoning or deep academic value, but is clean, well-formatted, and free of boilerplate or intrusive advertisements."
<urn:uuid:cdbe96c8-6c43-44e8-aa6e-eba8b1fb383c>,"ပြီးခဲ့သည့်နွေရာသီကပညာရေးတွင် Austin Partners သည် Austin ISD P-TECH တိုးချဲ့မှုကိုထောက်ပံ့ရန် Texas Greater Foundation မှ $450,000 ကိုလက်ခံရရှိခဲ့သည်။ ကျွန်ုပ်တို့သည်ဤစာသင်ချိန်တွင်၎င်းတို့နှင့်ကျွန်ုပ်တို့၏အလုပ်ကိုဆက်လက်လုပ်ကိုင်နေစဉ်တွင် Akins အစောပိုင်းကောလိပ်အထက်တန်းကျောင်းတွင်ကျွန်ုပ်တို့၏စီမံကိန်းသုတေသနကိုအာရုံစူးစိုက်သည်။ ပြီးခဲ့သည့်ဆောင်း ဦး ရာသီ၌သင်လွဲချော်ခဲ့ပါကကျွန်ုပ်တို့၏ကန ဦး ကြေငြာချက်ကိုပြန်လည်မျှဝေလိုသည်။ Austin ISD ကျောင်းသားများကိုရေရှည်အောင်မြင်မှုအတွက်ပြင်ဆင်ပေးမည့်စိတ်လှုပ်ရှားဖွယ်ကောင်းသောဤစီမံကိန်းအကြောင်းသင်နှင့်ပိုမိုမျှဝေလိုပါသည်။
တစ် ဦး ထံမှ $450,000 ထောက်ပံ့ငွေ သာ။ ကွီးမွတျတက္ကဆက်ဖောင်ဒေးရှင်း (GTF) သည် Austin Partners မှပညာရေး (APIE) ၏အားထုတ်မှုများကို Career Launch / P-TECH အစပျိုးမှုနှင့်တိုးချဲ့ရန်စံပြဖန်တီးရန်အားထုတ်လိမ့်မည် Austin ISD လာမည့်သုံးနှစ်အတွင်း။ အလုပ်အကိုင်ရှာဖွေရေး Launch / P-TECH အစီအစဉ်များသည်အထက်တန်းကျောင်းသားများအားဘွဲ့ရပြီးနောက်အသက်မွေး ၀ မ်းကျောင်းအလုပ်အကိုင်များရရှိရန်လိုအပ်သောဗဟုသုတ၊ ကျွမ်းကျင်မှုနှင့်အထောက်အထားများဖြင့်ပြင်ဆင်ထားသည်။ Career Launch / P-TECH အစီအစဉ်များတွင်ရင်းနှီးမြှုပ်နှံခြင်းဖြင့်ကျောင်းသားများသည်သူတို့၏ရပ်ကွက်ရှိအလုပ်များအတွက်ယှဉ်ပြိုင်နိုင်စွမ်းရှိရန်သေချာစေသည်။
တက္ကဆက်ကျောင်းသားအောင်မြင်မှုအတွက်ဆောက်လုပ်ရေးလမ်းကြောင်းများမှတဆင့် APIE သည်သုတေသနပြုခြင်းနှင့်လိုအပ်ချက်များကိုဖြည့်ဆည်းရန်၊ အရင်းအမြစ်ကွာဟချက်များကိုဖော်ထုတ်ခြင်းနှင့်အလယ်တန်းကျောင်းအဆင့် မှစတင်၍ ပညာရေးအထောက်အပံ့များအားပိုမိုခိုင်မာစေရန်စိတ်ကြိုက်မဟာဗျူဟာများဖန်တီးရန်စီစဉ်သည်။ ၎င်းသည်အထက်တန်းကျောင်းတွင်ကောလိပ်အဆင့်သင်ကြားမှုကိုအောင်မြင်စွာတက်ရောက်နိုင်ပြီး၊ သက်မွေး ၀ မ်းကျောင်းဘွဲ့နှင့် / သို့မဟုတ်စက်မှုလုပ်ငန်းဆိုင်ရာအထူးအချက်အလက်များပါဝင်သော Career Launch / P-TECH အစီအစဉ်မှထွက်ပေါ်လာမည့်ကျောင်းသားများအတွက်ပိုက်လိုင်းတစ်ခုတည်ဆောက်ရန်ကူညီလိမ့်မည်။
COVID-19 ကြောင့်လာမည့်စာသင်နှစ်နှင့် ပတ်သက်၍ မသေချာမရေရာမှုများရှိနေသော်လည်းယခုနှစ်plannedဂုတ်လတွင်စီစဉ်ထားသည့်အတိုင်းအစီအစဉ်သည်ရှေ့ဆက်သွားမည်ဖြစ်သည်။ APIE သည်ကျောင်းခရိုင်၊ စီမံကိန်းစီးပွားရေးလုပ်ဖော်ကိုင်ဖက်များနှင့်နီးကပ်စွာအတူတကွအလုပ်လုပ်သည်။
APIE သည်သူတို့၏စီမံကိန်းသုတေသနတွင်အာရုံစူးစိုက်လိမ့်မည် Akins အစောပိုင်းကောလိပ် High School တွင် (ECHS) ကယခုနှစ်ကျရင်အလုပ်အကိုင်ရှာဖွေရေး Launch / P-TECH အစီအစဉ်သစ်နှစ်ခုကိုစတင်တော့မှာပါ။ Realtors ၏ Austin ဘုတ်အဖွဲ့ Austin ISD နှင့်ဒေသန္တရတက္ကသိုလ် ၃ ခုနှင့် ပူးပေါင်း၍ သင်ကြားရေးအစီအစဉ်တစ်ခုလည်းဖြစ်သည်။ APIE သည် Akins ECHS နှင့်ခိုင်မာသည့်မိတ်ဖက်တစ်ခုရှိပြီးလွန်ခဲ့သောဆယ်နှစ်တွင်သူတို့၏ကောလိပ်အဆင်သင့်အစီအစဉ်ကိုကမ်းလှမ်းခဲ့သည်။
Akie အစောပိုင်းကောလိပ်အထက်တန်းကျောင်းမှကျောင်းအုပ်ကြီး Tina Salazar က“ APIE ရဲ့ကောလိပ်အဆင်သင့်ဖြစ်မှုအစီအစဉ်မှာကျောင်းသားတွေဟာတစ်နှစ်ပြီးတစ်နှစ်ရလဒ်ကောင်းတွေရခဲ့ကြတာပါ။ ကျွန်ုပ်တို့၏ Career Launch / P-TECH အစီအစဉ်၏နောက်အဆင့်သည် Akins ၌ယခုဆောင်း ဦး ရာသီ၌စတင်သည်နှင့် APIE ၏အကူအညီသည်ယခင်ကထက် ပို၍ အရေးကြီးပြီးကျွန်ုပ်တို့၏ပူးပေါင်းမှုကိုအဆင့်သစ်သို့တက်ခွင့်ပေးလိမ့်မည်။
ဤစီမံချက်သည် APIE ၏သိသာထင်ရှားသည့်စနစ်တကျအတားအဆီးများကိုရင်ဆိုင်သောကျောင်းသားများကိုကူညီရန်ကတိကဝတ်ကိုထင်ဟပ်သည်။ Akins ECHS တွင် Austin ISD တွင်ဒုတိယအကြီးဆုံးအထက်တန်းကျောင်းရှိကျောင်းသား ၂၇၀၀ ကျော်ရှိသည်။ ကျောင်းသား ၇၇.၇ ရာခိုင်နှုန်းသည်ဟစ်စပန်းနစ်ဖြစ်ပြီး ၅.၇ ရာခိုင်နှုန်းမှာလူမည်းများဖြစ်သည်။ ထို့အပြင် ၆၁.၂ ရာခိုင်နှုန်းသည်စီးပွားရေးအရအခွင့်အလမ်းနည်းပါးပြီး ၁၉ ရာခိုင်နှုန်းမှာအင်္ဂလိပ်ဘာသာသင်ကြားသူများဖြစ်ပြီး ၁၂.၈ ရာခိုင်နှုန်းသည်အထူးပညာရေးတွင်ပါ ၀ င်ကြသည်။
""တက္ကဆက်ပြည်နယ်အလယ်ပိုင်းမှာရှိတဲ့အလုပ်အကိုင်သုံးပုံနှစ်ပုံဟာဒုတိယအဆင့်အသိအမှတ်ပြုလက်မှတ်တွေလိုအပ်တယ်။ ဒါပေမဲ့လူကြီးလူငယ် ၄၂ ရာခိုင်နှုန်းကသာဒီလိုအပ်ချက်တွေကိုဖြည့်ဆည်းပေးတယ်၊ နှင့်ပညာရေးဆိုင်ရာ Austin Partners ၏အမှုဆောင်ဒါရိုက်တာကပြောကြားသည်။ “ Career Launch / P-TECH အစီအစဉ်များတွင်ပါ ၀ င်ခြင်းအားဖြင့်ကျောင်းသားများအနေဖြင့်အထက်တန်းကျောင်းနှင့်ကောလိပ်အကြွေးများကိုအလုပ်အကိုင်အခြေပြုသင်ကြားရေးအတွေ့အကြုံများနှင့်တွဲဖက်ပြီး၊ အသေးစိတ်ပရိုဂရမ်ပုံစံ၏ဖွံ့ဖြိုးတိုးတက်မှုသည်ကျွန်ုပ်တို့၏အလုပ်သည် Austin ISD တစ်လျှောက်သာမကတက္ကဆက်ပြည်နယ်တစ်လျှောက်ရှိကျောင်းသားများအားပါ ၀ င်နိုင်သည့်အလားအလာရှိသည်ဟုဆိုလိုသည်။ ကျွန်ုပ်တို့၏အလုပ်နှင့်ကျွန်ုပ်တို့၏ကျောင်းသားများအားရေရှည်ကတိကဝတ်ပြုမှုကိုထောက်ပံ့ပေးသည့်အတွက်သာ။ ကြီးမြတ်တက္ကဆက်ဖောင်ဒေးရှင်းအားကျွန်ုပ်တို့ကျေးဇူးတင်ပါသည်။",3.0,2.0,3.0,3.0,1.0,"The text provides informative content about an educational initiative, but the Burmese phrasing is clearly machine-translated, resulting in awkward syntax and unnatural honorifics. It lacks local cultural context as it describes a specific US-based school district program, making it feel like a translated press release rather than authentic Burmese content."
<urn:uuid:aa10236b-3b97-4d0f-be11-91c72e676f5a>,"အဘယ်သူမျှမ Hub ပိုက်, လျောက်ပတ်, နားချင်းဆက်မှီ
ကုန်ပစ္စည်းအသေးစိတ်
အမြဲမေးလေ့ရှိသောမေးခွန်းများ
ကုန်ပစ္စည်းအမှတ်အသားများ
M&E သည်နှစ်ပေါင်း ၃၀ ကျော်အတွင်းပိုက်များနှင့်တပ်ဆင်ခြင်းများ၊ အဘယ်သူမျှမ Hub ပိုက်များနှင့် fittings ASTM A888 အမေရိကန်စံနှုန်းများ, CSAB70 ကနေဒါစံနှင့် EN877 ဥရောပစံနှုန်းများအဖြစ်လုပ်နေကြသည်။ MMCST အမှတ်အသားအတွက် IAMPO (UPC အမှတ်အသားဖြင့်) နှင့် CSA တွင်“ HB” အမှတ်အသားအတွက် hub pipe နှင့် fittings များကိုကျွန်ုပ်တို့မှတ်ပုံတင်ထားခြင်းမရှိပါ။
ပိုက်များနှင့်တပ်ဆင်မှုများဖြင့်ကျွန်ုပ်တို့သည် ၁-၁ / ၂” မှ ၁၀” အထိအရွယ်အစားအမျိုးမျိုးရှိသောသံမဏိအဆက်များကိုထောက်ပံ့ပေးသည်။ သံမဏိ (သို့မဟုတ်ပုံသွင်းသောသံ) ပိုက် / ပြွန်ညှပ်များနှင့်သံကြိုးများ၊ စသည်
၁။ ၁-၁ / ၂ မှ ၁၅ အထိရှိသောအရွယ်အစားရှိသောပိုက်များမရှိပါ။
၂။ မည်သည့်အချက်အချာကျသောပစ္စည်းကိရိယာမဆို
ကွေး (ကွေးတို, ကွေးရှည်) / Wye / နှစ်ထပ် Wye / Tee / Reducer / ပေါင်းစပ် / နှစ်ထပ်ပေါင်းစပ် / သန့်ရှင်းရေးလက်ဝါးကပ်တိုင် / သန့်ရှင်း CrossTapped / Adpater / မျက်စိကန်းသော plug ကို / သံခန္ဓာကိုယ်သန့်ရှင်းရေးပုတ် / P-trap / နက်ရှိုင်းသောတံဆိပျကို P-trap / P ပလတ်စတစ်နှင့်အပေါက် / ပိတ်အပေါက်နှင့်ပါ ၀ င်သောလမ်းကွောင်း / နှစ်လမ်းသန့်ရှင်းရေး / ဗီရိုကွေး / ခေါက်အနားကွပ်ထည် / ခုံတန်းလျားအနားကွပ်များ (စက်ပိုင်းဆိုင်ရာ) / DVT / နောက်ခံအဆို့ရှင် / SVT / လျှော့ချခြင်း / P-trap / စမ်းသပ်မှုပြားနှင့်ကြမ်းပြင်အနားကွပ် - ကြေးဝါအဖုံးနှင့်အတူလိုင်း, etc ... ..
၃။ ပိုက်နှင့်ရေနုတ်မြောင်းထုတ်ကုန်များမှာ -
ကြမ်းပြင်ယိုစီးမှု / အိန်ဂျယ်ကြမ်းပြင်ယိုစီးမှု / ခေါင်မိုးယိုစီးမှု / ကြေးဝါ VERTICAL WALL PIT ရေနုတ်မြောင်း / ကြေးဝါသန့်ရှင်းရေး / Satin ကြေးဝါချန်နယ်ဆန်ခါ / ကြေးဝါနှင့်နီကယ်ကြေးဝါ STRAINER, ASSY
နောက်ကျောရေအဆို့ရှင် / သယ်ဆောင် / မျက်နှာပန်းကန် / အမိုးခုံး / ရထား / Hydrant / တုတ်ကျင်းယိုစီးခြင်း / တိုးချဲ့ပူးတွဲ / ဝက်ဝံဒယ်အိုး / ကြားဖြတ် / ခန္ဓာကိုယ် / ကော်လာ / ဆန်ခါ / အဖုံး / လက်စွပ် /, ဝက်အူ, မူလီ, အဝတ်လျှော်, အခွံမာသီး, ပလပ်စတစ်နို့သီးခေါငျး, ပုံးပုံးနှင့်အတူ , စည်းဝေးပွဲကို။
သံမဏိ၊ သံမဏိ၊ သံမဏိ၊ သံမဏိ၊ ကြေးဝါ၊ နီကယ်ကြေး၊ အလူမီနီယမ်၊ ABS ပလတ်စတစ်၊ EPDM / Neoprene ရော်ဘာ gasket ဖြင့်ပြုလုပ်ထားသောပစ္စည်း။
Casting လုပ်ငန်းစဉ် အစိမ်းရောင်သဲပုံခြင်း, ဗဓေလသစ်သဲသွန်း, shell ကိုမှိုသတ္တုများပုံသွန်း, ပုံနှိပ်ခြင်း, တူးဖော်ခြင်း, Centrifugal သတ္တုများပုံသွန်း, အလျားလိုက်လိုင်းပုံသွန်း, ပုံသွန်းလိုင်းညှစ်, အမြဲတမ်းပုံသွန်း, ရင်းနှီးမြှုပ်နှံမှု Casting (ရေ - ဖန်, silica-sol)
4) စုံတွဲ: ငါတို့ထောက်ပံ့
- ဂဟေဆော်ထားသည့် (သို့မဟုတ်မပါဘဲ) ဂဟေဆော်ထားသောအိမ်ဒီဇိုင်း၊ ဖောက်ထားခြင်းမရှိသောအမျိုးအစား၊ interlock housing ဒီဇိုင်းနှင့်အတူမဖောက်ထားသည့်အမျိုးအစား၊
–British type hose clamp ပြွန် (သို့မဟုတ်ဂဟေဆော်သော) အိုးအိမ်၊
–Italy အမျိုးအစားရေပိုက်ညှပ်, လျင်မြန်စွာလွှတ်ပေးရန်ညှပ်,
perforated and interlock design hose clamp - အမေရိကန်အမျိုးအစား။ လက်ကိုင်ဖြင့်ဖောက်ထားသည့်ညှပ်; T-bolt clamp, spring clamp ပါသော T-bolt, unitary ညှပ်, ရာဘာနှင့် P-clip ။
သင်သည်မည်သည့်အထူးလိုအပ်ချက်များအတွက်ကျွန်တော်တို့ကိုဆက်သွယ်နိုင်ပါသည်။ တဖန်သင်တို့အရည်အချင်းပြည့်ထုတ်ကုန်များနှင့်အတူထောက်ပံ့ပါလိမ့်မည်။",1.0,1.0,3.0,2.0,1.0,"The document is a product catalog for industrial piping and plumbing components. It lacks educational depth or complex reasoning. It requires technical knowledge of plumbing hardware to understand, making it moderately professional. The text contains significant machine-translation artifacts and boilerplate formatting, though it is readable. It lacks authentic cultural nuance, appearing as a generic commercial translation."
<urn:uuid:22dc55aa-2afe-4f26-9c29-d20829529bf4>,"ပိုငျရှငျကိုယျတိုငျတိုကျခနျးအမွနျရောငျးမညျ
340 Ks
-
အမျိုးအစား:
-
ပိုင်ရှင်ကိုယ်တိုင် တိုက်ခန်းအမြန်ရောင်းမည်
လှိုင်မြို့နယ် ပါရမီစိန်ဂေဟာအနီး ဦးအေးလမ်းသွယ်မှာ တည်ရှိပြီး ၁၂ပေခွဲ ၄၇ပေရှိ ၃လွှာတိုက်ခန်းလေးဖြစ်ပါတယ်၊ အခန်းကို ကိုရီးယားပါကေး နှင့် ကြွေပးတို့ခင်းပေးထားပြီး လှပစွာပြင်ဆင်ပေးထားတဲ့ပါတယ်၊ ပြူတင်းပေါက်တိုင်းကို သံပန်းများ တပ်ဆင်ပေးထားတဲ့အပြင် ပိုမိုကျက်သရေရှိစေရန် ကတီပါခန်းဆီးလိုက်ကာများ ဆင်မြန်းပေးထားပါတယ်၊
အသစ်စက်စက် ဆိုဖာစက်တီတစုံ နှင့် ရှိုးကေ့ဘီဒိုတလုံး ကို လက်ဆောင်အဖြစ်ထည်ပးထားပါတယ်။ အလှဆင်မီးများ၊ နံရံကပ်မီးများဖြင့် ပြည့်စုံစွာပြင်ဆင်ထားပြီး ဗိုလ်ထိုင်အိမ်သာဖြစ်ပါတယ်။
၃၄၀ သိန်းနှင့် ပိုင်ရှင်ကိုယ်တိုင် ညှိနှိုင်းပြီး ရောင်းချပေးနေပါပြီ။
၀၉၇၉၉၅၇၆၂၀၁
ဘဏ်နှင့်ချိတ်ဆက်ဝယ်ယူခြင်းသီးခံပါ။",0.0,0.0,1.0,2.0,3.0,"This is a real estate advertisement. It lacks educational or reasoning value. It is simple to comprehend (professionalism 1). It contains some boilerplate and formatting issues (cleanliness 2). It uses natural Burmese phrasing and local real estate terminology, reflecting authentic local market practices (cultural nuances 3)."
<urn:uuid:96ddaaa8-b6b3-48f7-b2d1-1d51c6d06477>,"လွန်ခဲ့တဲ့ နှစ်ပေါင်း ၃၀၀ လောက်က သေဆုံးခဲ့သူအမျိုးသမီးငယ် (အပြစ်ကင်းသည့် သူတောင်စင်ကလေးဟုခေါ်ကြ) အလောင်းကို ဖယောင်းသွင်းပြီး ဆေးရည်စိမ်ကာ မှန်ခန်းအတွင်း ထည့်ထားခဲ့တာဖြစ်ပါတယ်။ အဲဒီပြတိုက်အတွင်းကို ခရီးသွားတွေ လာရောက်လေ့လာလေ့ရှိပါတယ်။ ခရီးသွားတစ်ဦးက သူတောင်စင် အမျိုးသမီးငယ်ရုပ်အလောင်း ထည့်ထားတဲ့ မှန်အခေါင်းကို ဓာတ်ပုံရိုက်လိုက်တဲ့ အချိန်မှာ မျက်လုံးပွင့်လာတာလို့ ဆိုပါတယ်။
ဒီဗီဒီယိုဖိုင်ကို Yourtube မှာတင်ပြီးနောက် ဝင်ရောက်ကြည့်ရှုကြတဲ့ အကြိမ်ရေ တစ်သန်းနီးပါးရှိနေပြီဖြစ်ပါတယ်။ နှစ် ၃၀၀ လောက်ရှိပြီဖြစ်ပေမယ့် အမျိုးသမီးငယ်ရဲ့ မျက်နှာဟာ မပုပ်သိုး၊ မဆွေးမြေ့ပဲရှိခဲ့တယ်လို့ သိရပါတယ်။ အချို့ကတော့ ဒီဖြစ်ရပ်ကို မယုံကြည်ကြဘူးလို့ လူမှုကွန်ယက်ကမှာ ဝေဖန်လျှက်ရှိပါတယ်။
ဖိုးသူတော် (www.phothutaw.com)
Credit : Duwun
#Unicode Version
မက်ကဆီကိုနိုငျငံက Cathedral of Guadalajara ပွတိုကျမှာ ထားရှိတဲ့ သူတျောစငျရုပျအလောငျးဟာ နှဈပေါငျး ၃၀၀ အကွာမှ ရုတျတရကျ မကျြလုံးပှငျ့လာခဲ့တယျလို့ သိရပါတယျ။
လှနျခဲ့တဲ့ နှဈပေါငျး ၃၀၀ လောကျက သဆေုံးခဲ့သူအမြိုးသမီးငယျ (အပွဈကငျးသညျ့ သူတောငျစငျကလေးဟုချေါကွ) အလောငျးကို ဖယောငျးသှငျးပွီး ဆေးရညျစိမျကာ မှနျခနျးအတှငျး ထညျ့ထားခဲ့တာဖွဈပါတယျ။ အဲဒီပွတိုကျအတှငျးကို ခရီးသှားတှေ လာရောကျလလေ့ာလရှေိ့ပါတယျ။ ခရီးသှားတဈဦးက သူတောငျစငျ အမြိုးသမီးငယျရုပျအလောငျး ထညျ့ထားတဲ့ မှနျအခေါငျးကို ဓာတျပုံရိုကျလိုကျတဲ့ အခြိနျမှာ မကျြလုံးပှငျ့လာတာလို့ ဆိုပါတယျ။
ဒီဗီဒီယိုဖိုငျကို Yourtube မှာတငျပွီးနောကျ ဝငျရောကျကွညျ့ရှုကွတဲ့ အကွိမျရေ တဈသနျးနီးပါးရှိနပွေီဖွဈပါတယျ။ နှဈ ၃၀၀ လောကျရှိပွီဖွဈပမေယျ့ အမြိုးသမီးငယျရဲ့ မကျြနှာဟာ မပုပျသိုး၊ မဆှေးမွပေဲ့ရှိခဲ့တယျလို့ သိရပါတယျ။ အခြို့ကတော့ ဒီဖွဈရပျကို မယုံကွညျကွဘူးလို့ လူမှုကှနျယကျကမှာ ဝဖေနျလြှကျရှိပါတယျ။
ဖိုးသူတျော (www.phothutaw.com)
Credit : Duwun",1.0,1.0,1.0,4.0,3.0,"The text is a short, sensationalist news snippet about a viral video. It lacks educational depth or complex reasoning. It is written in natural, accessible Burmese, including both Zawgyi and Unicode versions, which is common in local digital media. It is clean and readable, though it functions as a brief entertainment report rather than a formal article."
<urn:uuid:261d31c0-a9eb-42a6-a84f-acddd864c508>,"|ဓာတ်ပုံများ- သီဟတိုး/The Irrawaddy|
Hip Hop ဂီတကိုနှစ်သက်ပြီး Hip Hop ဂီတသမားတွေရဲ့ Fashion အတိုင်း လိုက်ဝတ်ကြတဲ့ ခေတ်ရေစီးကြောင်းထဲက လူငယ်တွေအတွက် အထာကျတဲ့ Hip Hop Fashion တွေ ဝတ်စားဆင်ယင်တဲ့အခါ Bling-bling လို့ခေါ်တဲ့ အရောင်ပြိုးပြိုးပြက်ပြက် ဆွဲကြိုးကြီးတွေက မပါမဖြစ်ပါပဲ။
ဒီလို Bling-bling တွေကို လည်ပင်းမှာဆွဲပြီး ဝတ်ဆင်တဲ့အခါ ကိုယ်ဝတ်ထားတဲ့ အဝတ်အစား ဖက်ရှင်က ပိုထင်းပြီး ပိုအထာကျတယ်လို့ Hip Hop ဖက်ရှင်ကို နှစ်သက်စွာ ဝတ်ဆင်ကြတဲ့ လူငယ်တွေက ဆိုပါတယ်။ ဒီလို Bling-bling တွေကို လူငယ်တွေမှာ ယောကျာ်းလေးတွေသာမက မိန်းကလေးတွေပါ ဝတ်ဆင်ကြပါတယ်။
Bling- bling ဆိုတာကတော့ Hip Hop Culture မှာ လူသိများတဲ့ ဗန်းစကားတခုဖြစ်ပါတယ်။ အဓိပ္ပါယ်ကတော့ တောက်ပြောင်လွန်းပြီး ထင်ပေါ်အောင် အသေးစိတ်၊ အနုစိတ် သေချာ တန်ဆာဆင်ထားတဲ့ (သယ်ယူလို့ရသလို၊ ဝတ်ဆင်လို့လည်းရတဲ့) ပြိုးပြိုးပြက်ပြက် Accessories ပစ္စည်းတွေကို ခေါ်ဝေါ်တာလို့ သိရပါတယ်။
အခုနောက်ပိုင်း ဒီနေ့ခေတ်ရေစီးကြောင်းထဲက လူငယ်တွေက Hip Hop Fashion, Hip Hop Accessories တွေကို Hip Hop Show ပွဲတွေမှာ သာမက အပြင်မှာလည်း သဘောကျ နှစ်ခြိုက်စွာနဲ့ တွင်တွင်ကျယ်ကျယ် ဝတ်စားလာနေကြပါပြီ။ မကြာသေးမီက ကျင်းပပြီးစီးသွားတဲ့ ၂၀၁၅ မဟာအတာသင်္ကြန်ပွဲတော်မှာဆိုရင်လည်း အထာကျတဲ့ Hip Hop Fashion တွေကို Bling-bling တွေနဲ့ တွဲဖက်ဝတ်ဆင်ကြတာကို ရန်ကုန်မြို့က လူငယ်တွေများတဲ့ ရေကစားမဏ္ဍပ်တွေမှာ တွေ့မြင်ရပါတယ်။
Bling-bling တွေကို အခုနောက်ပိုင်းမှာဆိုရင် ရွှေဆွဲကြိုး အကြီးကြီးတွေ၊ ရွှေဟန်းချိန်းတွေ စသဖြင့် ရွှေကို အဓိကထားပြီး ဝတ်ဆင်ကြပါတယ်။ ပြီးတော့ ဒီလို Bling-bling တွေမှာ မြန်မာနိုင်ငံပုံနဲ့ ကိုယ်ပိုင်ဒီဇိုင်း၊ ကိုယ်ပိုင် Brand တခု ထွင်ပြီး ထုတ်ထားတဲ့ Accessories မျိုးတွေကို ပိုပြီး သဘောကျ နှစ်ခြိုက်စွာ ဝတ်ဆင်လာကြတာကို တွေ့ရပါတယ်။
နာမည်ကြီး မြန်မာဟစ်ဟော့အဆိုတော်တွေကိုယ်တိုင် ဖွင့်ထားတဲ့ ဟစ်ဟော့ဖက်ရှင် သီးသန့်ဆိုင်တွေမှာလည်း ကိုယ်ပိုင်ဒီဇိုင်း၊ ကိုယ်ပိုင် Brand၊ ကိုယ်ပိုင် Logo တွေနဲ့ပါ အင်္ကျီ၊ ဦးထုပ်၊ Bling Bling စတာတွေကို ထုတ်လာကြတော့ ဟစ်ဟော့ဂီတကို ကြိုက်တဲ့ လူငယ်ပရိသတ်တွေအတွက် ကိုယ့်နိုင်ငံက ကိုယ်ပိုင်ဒီဇိုင်းတွေကို နှစ်နှစ်သက်သက် ဝတ်ဆင်လာကြတာကို တွေ့ရပါတယ်။
ကိုယ်ပိုင် Brand နဲ့ Hip Hop Fashion ဦးထုပ်၊ တီရှပ်၊ Accessories စတာတွေကို ထုတ်လုပ်ရောင်းချနေတဲ့ “OMG” Hip Hop Fashion ဆိုင်မှာ မြန်မာကို တခြားနိုင်ငံက Hip Hop သမားတွေ သိအောင် မြန်မာနိုင်ငံမြေပုံဒီဇိုင်းနဲ့ Bling-bling တွေ၊ ဦးထုပ်၊ အင်္ကျီ စတာတွေကို ထုတ်လုပ်ရောင်းချတယ်လို့ သိရပါတယ်။
မြန်မာကို ကမ္ဘာက “The Golden Land”… ရွှေနိုင်ငံလို့ လူသိများတာကြောင့် မြန်မာနိုင်ငံ မြေပုံ ပုံကို ရွှေရောင်ထွင်းပြီး ထုတ်လုပ်ထားကာ ရွှေကို စိန်တွေနဲ့ အသေးစိတ် တန်ဆာဆင်ထားတာ တွေ့ရပါတယ်။ အဲဒီ ရွှေဆွဲကြိုး Bling-bling တွေနဲ့ ဟန်းချိန်းတွေက Fancy Accessories ပစ္စည်းတွေပါ။
ဈေးနှုန်းတွေအနေနဲ့က Bling-bling ဆွဲကြိုး အကြီးတွေဆို ငွေကျပ် ၂ သောင်း ၂ထောင်၊ အလတ်က ၂ သောင်းကျပ်၊ အသေးက ၁သောင်းခွဲကျပ်နဲ့ မြန်မာနိုင်ငံပုံ ဆွဲကြိုးက ၁ သောင်းကျပ် အစားစား ရိ်ှပါတယ်။ ရွှေဟန်းချိန်း လက်ကောက်တွေကတော့ တကွင်းကို ၉ ထောင်ကျပ်ဖြစ်ပြီး၊ နားကပ်တွေက ၃ ထောင်ကျပ်ကနေ ကျပ် ၅ ထောင်ရှိတယ်လို့ သိရပါတယ်။
ဒီတပတ်မှာတော့ ဧရာဝတီ ခေတ်ရေစီး စာဖတ်ပရိတ်သတ်တွေထဲက Hip Hop Culture, Hip Hop Fashion ဝတ်စားဆင်ယင်မှုကို နှစ်သက်တဲ့ လူငယ်တွေအတွက် လတ်တလော ခေတ်ရေစီးကြောင်းထဲမှာ ရေပန်းစားနေတဲ့ OMG Fashion က ကိုယ်တိုင် ထုတ်ထားတဲ့ ရွှေမြန်မာ Logoနဲ့ အထာကျတဲ့ ပြိုးပြိုးပြက်ပြက် ရွှေရောင် Bling-bling Accessories တွေ အကြောင်း ရိုက်ကူးရေးသား ဖော်ပြပေးလိုက်ပါတယ်။
ပုံမှာပြထားတဲ့ Hip Hop Fashion Accessories, Bling-bling တွေရဲ့ ဈေးနှုန်းနဲ့ အချက်အလက်တွေကို အမှတ် (၁၄၄)၊ ဗိုလ်ချုပ်အောင်ဆန်းလမ်း၊ ၄၇ လမ်းထိပ်၊ ပုဇွန်တောင်မြို့နယ်၊ ရန်ကုန်မြို့မှာရှိတဲ့ “OMG Hip Hop Fashion World (Retail & Wholesale)” မှာ သွားရောက် ရိုက်ကူးထားတာ ဖြစ်ပါတယ်။
သီဟတိုး",1.0,1.0,1.0,4.0,4.0,"The text is a lifestyle/fashion report about Hip Hop culture in Myanmar. It provides cultural context regarding local fashion trends and branding but lacks significant educational or complex reasoning content. It is written in natural, idiomatic Burmese and is clean, though it functions primarily as a promotional or feature article rather than an academic or educational resource."
<urn:uuid:f696f08a-0bee-40cc-9120-47d45f713226>,"Asus Nexus 7 2012 3G ကို TWRP Recovery ထည့်သွင်းနည်း
Asus Nexus 7 2012 3G ကို TWRP Recovery ထည့်သွင်းနည်းကို
ပြန်လည်မျှဝေပေးလိုက်ပါတယ်၊ ဒီဖုန်းကို TWRP ထည့်သွင်းမယ်ဆိုရင်တော့
ADB & Fastboot Command ဖြင့် Fastboot Mode ကနေ Flash ပေးယူရမှာပါ
လိုအပ်ချက်များ
=========
ဖေါ်ပြ Twrp recovery ထည့်သွင်းနည်းသည် Asus Nexus 7 2012 3G ဖုန်းအတွက်
သီးသန့်ဖြစ်ပါတယ်၊ တစ်ခြား Device တွင် ထည့်သွင်းခြင်းမျိုးလုံးဝမပြုလုပ်ပါနဲ့။
ကွန်ပျူတာတွင် လိုအပ်မယ့် ADB USB Driver ကိုသေချာအောင်ပြုလုပ်ထားပါ။
ကြိုတင်ပြင်ဆင်ရမယ့်အချက်များ
===================
ဖုန်းမှာ USB Debugging Mode ကို Enable ပြုလုပ်ထားရမှာပါ
အဲဒီအတွက် Menu > Settings > About Device ဆိုပြီးတစ်ချက်ချင်း
နှိပ်သွားလိုက်ပါပြီး Build Number ကို ခုနှစ်ချက်လောက် ထောက်လိုက်ပါ
ပေါ်လာတဲ့ Developer Option မှ USB Debugging Mode ကို Enable ပြုလုပ်ပါ။
How to Install TWRP Recovery
=====================
၁။ ကွန်ပျူတာတွင်လိုအပ်မယ့် ADB & Fastboot Driver ကိုသေချာအောင်လုပ်ပါ
၂။ ဖုန်းမှာ USB Debugging Mode ကို Enable ပြုလုပ်ထားပါ
လိုအပ်တာများကိုဒေါင်းလော့ရပြီ zip ဖြည်လိုက်ပြီး Desktop မှာထားပါ
recovery file ကို Fastboot Folder ထဲမှာထားလိုက်ပါ။
Fastboot Folder ကိုဖွင့်လိုက်ပြီး Shift key and right-click တစ်ချက်ထောက်ပြီး
“open a new command window here” ဆိုတာကိုနှိပ်လိုက်ပါ။
adb reboot bootloader
အောက်ပါစာကြောင်းကို ထပ်ရိုက်ထည့်ပြီး Enter ကိုခေါက်ပါ။
fastboot flash recovery twrp.img
Flash ပြုလုပ်နေတုန်းခနစောင့်နေလိုက်ပါ ထည့်သွင်းပြီး သွားတဲ့အခါ
အောက်ပါစာကြောင်းကိုရိုက်ထည့်ပြီး ဖုန်းကို Reboot ချပေးလိုက်ပါ။
fastboot reboot
ပြန်တက်လာတဲ့အခါ သင့်ဖုန်းမှာ TWRP Recovery ထည့်သွင်းပြီးပါပြီ။
Twrp recovery mode တွင်တကယ်လို့ မိမိဖုန်းရဲ့ Rom ကို Backup ပြုလုပ်ပြီး
တစ်ခြား Custom Rom များကို ထည့်သွင်းအသုံးပြုနိုင်ပြီပဲဖြစ်ပါတယ်။
ခလုပ်အနာသက်သာစေမယ့် Quick Boot app ကိုအသုံးပြုကြည့်စေချင်ပါတယ်
အောက်ကလင့်မှာအသုံးပြုနည်းကိုပါ လေ့လာကြည့်လိုက်ပါ
အဆင်ပြေပါစေ
ဇူးနစ်(နည်းပညာ)
Asus Nexus 7 2012 3G ကို TWRP Recovery ထည့်သွင်းနည်း Reviewed by ဇူးနစ် on 9:16 PM Rating:",2.0,2.0,3.0,4.0,3.0,"The document is a technical tutorial for installing custom recovery on a specific device. It provides clear, step-by-step instructions (educational/reasoning). It uses natural Burmese technical terminology and community-specific blogging style (cultural nuances). It is clean and well-structured, though it is a niche technical guide rather than general educational material."
<urn:uuid:1303a3a9-36b7-4b43-87bb-e061943c4b49>,"Sinsche သည်ရေကိုခွဲခြမ်းစိတ်ဖြာခြင်းနှင့်စောင့်ကြည့်ခြင်းအတွက်ဒီဇိုင်းထုတ်ထားသောနောက်ဆုံးပေါ်နည်းပညာများကိုထုတ်လုပ်သူနှင့်ကမ္ဘာလုံးဆိုင်ရာပေးသွင်းသူဖြစ်သည်။ ၂၀၀၇ ခုနှစ် Shenzhen PR China တွင်ဖွဲ့စည်းခဲ့ပြီးဆန်းသစ်သောအထူးကျွမ်းကျင်သူများသည်ကျွန်ုပ်တို့၏နည်းလမ်းများနှင့်တူရိယာအသစ်များတီထွင်ခြင်းနှင့်ပံ့ပိုးခြင်းတို့အတွက်ပတ်ဝန်းကျင်၌အပြင်းထန်ဆုံးသောအခြေအနေများမှခေတ်မီဓာတ်ခွဲခန်းသို့မြန်မြန်ဆန်ဆန်၊ တိကျ။ ထိရောက်သောရလဒ်များပေးနိုင်ရန်ရည်စူးထားပါသည်။
Sinsche ၏တူရိယာများနှင့်ဓာတုဗေဒဌာနများသည်ကျယ်ပြန့်သောရေကိုခွဲခြမ်းစိတ်ဖြာရာတွင်ပိုမိုလွယ်ကူ၊ ပိုမြန်၊ ပိုစိမ်းလန်းပြီးပိုသတင်းအချက်အလက်များဖြစ်စေရန် ၁၄ နှစ်ကျော်လက်ရာကိုတီထွင်ခဲ့သည်။",1.0,1.0,3.0,4.0,1.0,"The text is a corporate profile for a water analysis technology company. It provides basic information about the company's history and mission. While it is clean and professionally written, it lacks deep educational or reasoning content and reads like a standard, somewhat generic corporate translation."
<urn:uuid:37d735d0-ad92-480d-8103-64a295e92e70>,"Aloe vera cleanser
ရှားစောင်းလက်ပတ်ဖြင့် ထည့်သွင်း ပြုလုပ်ထားတဲ့ မျက်နှာသစ် ဖြစ်သော ကြောင့် ၀ကျခွံ ကို အဓိကပျောက်ကင်းစေပါတယ်နော် ။
- နေ့စဉ် ပုံမှန် အသုံးပြု ပေးခြင်းဖြင့် ၀ကျခွံ သစ်များထက်ပြီး ဖြစ်မလာအောင်လဲ ကာကွယ်ပေးပါတယ်။
- တစ်ခြားမျက်နှာသစ်ဆေး နဲ့ မတူ ဘဲ သဘာ၀နည်း အတိုင်း ကုစားပေးတာ ဖြစ်လို့ အသားအရည်ကိုလည်း ပျက်စီးခြင်းမှ ကာကွယ်ပေးပါတယ် ။
- Collagen ပါ၀င်သောကြောင့် မျက်နှာပေါ် ရှိအမာရွက် တင်းတိတ် ၀ကျခွံ မ်ားကို ပျောက်ကင်း စေ ပါတယ် ။
- မျက်နှာပြင်ကို ချောမွတ်စေပြီး အနက်ရှိုင်းဆုံးထိမျက်နှာ
ပေါ်ရှိအဆီ ဖုန်မှုန့် များကိုသန့်စင်ပေးပါတယ်ရှင် ။
Code: HT36904
tracker id: 0 (on) #36904",1.0,1.0,1.0,3.0,2.0,"The text is a promotional advertisement for a skincare product. It provides basic information about product benefits but lacks academic depth or complex reasoning. It is written in natural, informal Burmese typical of local social media marketing, though it contains some boilerplate tracking codes at the end."
<urn:uuid:c758888a-165c-4c85-8c1d-4bf5d230b82c>,"အခုနှစ်နှောင်းပိုင်းမှာ ကြိုးဝိုင်းထဲ ဝင်ရောက်လာမယ့် ဖိလစ်ပိုင်လက်ဝှေ့ကျော် ပက်ကွီအိုဟာ ဝယ်တာဝိတ်တန်းရဲ့ အငြင်းပွားစရာမရှိ ချန်ပီယံအဖြစ် အဖြေထုတ်နိုင်ဖို့ IBF၊ WBC ချန်ပီယံခါးပတ်တွေ သိမ်းပိုက်ထားတဲ့ အမေရိကန်လက်ဝှေ့သမား အာရိုစပန့်ဂျူနီယာနဲ့ ထိုးသတ်ချင်သလို မီခေးဂါစီယာနဲ့လည်း ထိုးသတ်ဖို့ ဆန္ဒရှိနေပါတယ်။ အသက် ၄၁ နှစ်အရွယ်ရှိတဲ့ ပက်ကွီအိုဟာ ၂၀၁၉ ခုနှစ် ဇူလိုင်လနောက်ပိုင်း ပထမဆုံး ပြန်လည်ထိုးသတ်မယ့်ပွဲစဉ်အတွက် လာမယ့်လကနေ စတင်လေ့ကျင့်သွားမှာဖြစ်ပါတယ်။
ပြီးခဲ့တဲ့နှစ် ဇူလိုင်လက လက်စ်ဗီးဂတ်စ်မြို့မှာ ကိ(သ်)သာမန်းကို အနိုင်ယူပြီး WBA စူပါခါးပတ် သိမ်းပိုက်ခဲ့တဲ့ ပက်ကွီအိုဟာ တစ်နှစ်လောက် ပွဲဝေးပြီးမှ ပြန်ထိုးရဖို့ ရှိနေပါတယ်။ လာမယ့်ပွဲစဉ်အတွက် သူ့ရဲ့ပြိုင်ဘက်ဖြစ်လာနိုင်သူတွေကို မေးမြန်းရာမှာ ပက်ကွီအိုက “အာရိုစပန့်ဂျူနီယာနဲ့ မီခေးဂါစီယာ ဖြစ်ဖို့ များတယ်။ လာမယ့်ဇူလိုင်လမှာ ကြိုးဝိုင်းထဲ ပြန်ဝင်လာဖို့ စီစဉ်ထားပါတယ်။ ဇူလိုင်လ ဒုတိယပတ်၊ တတိယပတ်လောက် ဖြစ်မယ်။ ဧပြီ၊ မေ၊ ဇွန်လတွေထဲမှာ လေ့ကျင့်ခန်း စလုပ်မယ်။ အချိန်လုံလောက်ပါတယ်။ ပြိုင်ဘက်တွေကတော့ အများကြီးပါ။ တာရန့်ခရောဖို့ဒ်လည်း ရှိတယ်။ ကနေဒါနဲ့ မက္ကဆီကိုလက်ဝှေ့သမားတွေထဲမှာလည်း ကျွန်တော့်ကို ထိုးချင်တဲ့သူတွေ ရှိပါတယ်’’လို့ ဖြေဆိုခဲ့ပါတယ်။
Nz (ရိုးရာလေး)",1.0,1.0,2.0,5.0,3.0,"The text is a straightforward sports news report about Manny Pacquiao's upcoming boxing plans. It is written in natural, journalistic Burmese with correct terminology. While it lacks deep educational or complex reasoning value, it is clean, well-formatted, and reflects the typical style of local sports reporting."
<urn:uuid:9299244e-2fd8-40fc-ad08-3fffe6e8637b>,"ဥရောပနှင့်တတိယကမ္ဘာစစ် 1953_1968
အားဖြင့် 1953 အမျိုးသားရေးဝါဒ၏တပ်ဖွဲ့များက, အာရှတိုက်တွင်အကြီးအဥရောပအင်ပါယာ၏ပျောက်ဆုံးမှု speeded ခဲ့သော, ထိုဖွံ့ဖြိုးမှုကမ္ဘာ၏အခြားဒေသများမှဖြန့်ခဲ့ကြ. အဲဂုတ္တုပြည်၌အဆိုပါတော်လှန်ရေးအာရပ်လူအမျိုးမျိုးတစ်လျှောက်လုံးအမျိုးသားရေးဝါဒ၏တစ်ဦးထက်ပိုစစ်သွေးကြွနှင့်ပိုပြီးတော်လှန်ရေးပုံစံကို၏လှုံ့ဆော်မှုဖြစ်စေတဲ့ဖို့နိဒါနျးခဲ့. အာဖရိကလွန်းခုနှစ်တွင်, မြောက်ပိုင်းနှင့်ဆာဟာရ၏တောင်ပိုင်းနှစ်ခုလုံး, အမျိုးသားရေးခေါင်းဆောင်များကသူတို့ရဲ့နိုင်ငံတွေမှာနိုင်ငံရေးလွတ်လပ်ရေးတည်ထောင်ရန်နှင့်ဥရောပလူနည်းစုများ၏အခွင့်ထူးကိုအဆုံးသတ်ဖို့ဆုံးဖွတျခဲ့ကြသူအထွန်းသစ်စခဲ့သည်. ထိုအလွတ်လပ်ရေးယခင်ကိုလိုနီနှင့်ဥရောပအင်အားကြီးအကြားအငြင်းပွားမှုများအဘို့များစွာသောခိုင်ခိုင်လုံလုံနေဆဲရှိကြ၏အောင်မြင်ခဲ့ပင်ရှိရာ, အဆုံးစွန်သောအဘို့မကြာခဏဟောင်းကိုလိုနီဒေသများရှိတစ်ဦးအဓိကစီးပွားရေးလောင်းကြေးရှိသည်ဖို့ဆက်လက်.
ဥရောပ
အဆိုပါအနောက်ပိုင်းဥရောပပြည်ထောင်စုအကြားဆက်ဆံရေးနှင့်အာဖရိကနှင့်အာရှတိုက်ရဲ့အသစ်အတိုင်းတိုင်းအပြည်ပြည်ရုရှားနှင့်ကွန်မြူနစ်အင်အားကြီးအတွက်သူတို့ရဲ့နိုင်ငံရေးသြဇာလွှမ်းမိုးမှုတိုးမြှင့်အတွက်ဒီကအရမ်းအချိန်မှာစိတ်ဝင်စားခဲ့ကြဆိုတဲ့အချက်ကိုအားဖြင့်ရှုပ်ထွေးခဲ့သည်, နှင့်ဤနိုင်ငံများနှင့်၎င်းတို့၏စီးပွားရေးအဆက်အသွယ်, အထူးသဖြင့်အလယ်တန်းအရှေ့အတွက်. အသစ်အတိုင်းတိုင်းအပြည်ပြည်ယေဘုယျအားဖြင့်အပေါ်သစ်ကိုကွန်မြူနစ်အဘို့မိမိတို့ကိုလိုနီသခင်ဖလှယ်ဖို့စိုးရိမ်မဟုတ်ကြပေမယ့်အစားအရှေ့နဲ့အနောက်အကြားတတိယကမ္ဘာကဖန်တီးငှါရှာကြံ. သို့သျောလညျး, သူတို့ကမ္ဘာကနိုင်ငံရေးပြိုင်ဖက်များအသေအချာသို့ဆွဲငင်ခဲ့ကြ, အနောက်ဘက်အင်အားကြီးနှင့်ရုရှားနှစ်ဦးစလုံးမဟာမိတ်ဖွဲ့သူတို့ရဲ့စနစ်တွေကိုတည်ဆောက်ခြင်းငှါရှာကြံအဖြစ်.
အဆိုပါဘဂ္ဂဒက် Pact: အနောက်ဘက်အင်အားကြီးသည်ကိုအာရှနှင့်အရှေ့အလယ်ပိုင်းမှာကွန်မြူနစ်ဝါဒပါဝင်တဲ့တယောက်နည်းလမ်းလိုလားသူ-Western အစိုးရနှင့်အတူစစ်ရေးမဟာမိတ်ဖွဲ့၏ဖန်ဆင်းခြင်းခဲ့သည်. တွင် 1952 ဂရိနိုင်ငံနဲ့တူရကီနေတိုးနှင့်တူရကီဆိုဗီယက်နယ်စပ်အပေါ်အမေရိကန်အကြာတွင်စတင်တည်ထောင်ဒုံးပျံအခြေစိုက်စခန်းများသို့ရေးဆွဲခဲ့. အဲဒီဒေသမှာသူတို့ Palmerston နှင့် Disraeli ၏လက်ထက် မှစ. ဤမျှကာလပတ်လုံးဗြိတိန်နိုင်ငံများကကျင်းပခဲ့သောအကာအကွယ်ဆန့်ကျင်ကွန်မြူနစ်အခန်းကဏ္ဍချမှတ်လာခဲ့ကြသည်. တခြားနေရာအရှေ့အလယ်ပိုင်းဗြိတိန်မှာအများဆုံးပါဝင်ပတ်သက်အနောက်တိုင်းအာဏာကိုကျန်ရစ်. ဗြိတိန်နိုင်ငံကစစ်ရေးအကြံပေးအီရတ်နှင့်ဂျော်ဒန်ထဲမှာန, နှင့် 1955 အီရတ်တူရကီနဲ့မဟာမိတ်ဖွဲ့စည်းရန်အားပေးအားမြှောက်ခဲ့သည်. ဒီမဟာမိတ်ပါကစ္စတန်ထည့်သွင်းရန်ကျယ်စေခဲ့, ပါရှားနှင့်ဗြိတိန်. ဒါဟာရှင်းရှင်းလင်းလင်း anticommunist ကြီးနှင့်ပြင်းထန်စွာဧရိယာ၌ neutralist ပြည်နယ်များအားဖြင့်မကြိုက်. အိန္ဒိယဥပမာအားဖြင့်ကပါကစ္စတန်နှင့်အတူသူမ၏အငြင်းပွားမှုများအတွက်သူမ၏ဆန့်ကျင်လှည့်စေခြင်းငှါ၌လည်းကြောက်မက်ဘွယ်သောခဲ့သည်, ဗြိတိသျှကရှင်းရှင်းလင်းလင်းသူတို့အခြားဓနသဟာယနိုင်ငံ၏ဆန့်ကျင်မဟာမိတ်များအလိုမရှိကြောင်းလုပ်ပေမဲ့. အမေရိကန်ပြည်ထောင်စုကအားပေးအားမြှောက်ယင်းပဋိညာဉ်၏အဖွဲ့ဝင်တစ်ဦးမဟုတ်ခဲ့ပေမယ့်, နှင့်ဘဂ္ဂဒက်စာချုပ်ဗြိတိန်နှင့်ပါကစ္စတန်ကတဆင့်ဗြိတိန်နဲ့တူရကီကတဆင့်နေတိုးတပ်ဖွဲ့နှင့်အရှေ့တောင်အာရှစာချုပ်အဖွဲ့အစည်းကနှစ်ဦးစလုံးနှင့်ဆက်စပ်ခဲ့သည်. SEATO အမေရိကန်ပြည်ထောင်စုတက်လုပ်အခြားဆန့်ကျင်ကွန်မြူနစ်စစ်ရေးစာချုပ်ခဲ့သည်, ဗြိတိန်, ပြင်သစ်, သြစတြေးလျ, နယူးဇီလန်, ဖိလစ်ပိုင်, ထိုင်းနိုင်ငံနှင့်ပါကစ္စတန်, နှင့်စက်တင်ဘာလများတွင်ဖွဲ့စည်းခဲ့သည်, 1954,လတ္တီတွဒ်အောက်ကတောင်ပိုင်းအနောက်ပစိဖိတ်ဧရိယာထဲမှာ t ကိုဏတန်ပြန်ကျူးကျော်.",3.0,2.0,3.0,2.0,1.0,"The text provides historical information about the Cold War and decolonization, suitable for educational contexts. However, the Burmese translation is poor, containing significant grammatical errors, awkward phrasing, and literal translations that make it difficult to read. It lacks natural flow and cultural authenticity, appearing to be a low-quality machine translation."
<urn:uuid:1248da0d-4758-4485-a1ac-e23cde5df2b3>,"နေအိမ်
ထုတ်ကုန်များ
Actuators
ဟိုက်ဒရောလစ်ဆလင်ဒါ
Mini-Cylinder
သေးငယ်တဲ့ဆလင်ဒါ
အပ်ဆလင်ဒါ
စံဆလင်ဒါ
သေးငယ်တဲ့ထွင်းဖေါက်အရွယ်အစားဆလင်ဒါ
အလယ်အလတ် Bore အရွယ်အစားဆလင်ဒါ
ကြီးမားသောထွင်းဖေါက်အရွယ်အစားဆလင်ဒါ
Compact ဆလင်ဒါ
အခြားဆလင်ဒါ
တိုက်ရိုက် mounting ဆလင်ဒါ
ညှပ်ဆလင်ဒါ
အလင်းဆလင်ဒါ
ဆလင်ဒါလမ်းညွှန်
ဆလင်ဒါပိတ်ပါ
Air Chuck ဆလင်ဒါ
Rotary ညှပ်ဆလင်ဒါ
ရော့ခ်နှင့်ပင်ရင်းဆလင်ဒါ
Rotary Table Rock နှင့် Pinion ဆလင်ဒါ
အဆို့ဆလင်ဒါ
သံလိုက်နားချင်းဆက်မှီ Rodless ဆလင်ဒါ
Air-Hydra Converter
Booster ဆလင်ဒါ
ဆလိုက်ဆလင်ဒါ
အန္တရာယ်ကင်းရှင်းရေး Self- သော့ခတ်ဆလင်ဒါ
လီဗာညှပ်ဆလင်ဒါ
ဆလင်ဒါဆက်စပ်ပစ္စည်း
သံလိုက်ခလုတ်
ရေပေါ်လမ်းဆုံ
အဘိတ်ယူနစ်
အဓိကလမ်းလေကြောင်းအရင်းအမြစ်ကုသမှု
ရေခဲသေတ္တာလေထုအပူချိန်
လေနောက်မှာအအေးခံပါတယ်
ပိုက်လိုင်း filter
အဓိကလမ်း filter
ရေနံအခိုးအငွေ့ခွဲစက်
မိုက်ခရိုအခိုးအငွေ့ separator
အလွန်သေးငယ်သောရေနံအခိုးအငွေ့ခွဲစက်
Deodorizing filter ကို
အစိုဓာတ်ခွဲစက်
Pre-filter နှင့်အတူ Micro-mist separator
bracket
Port Clean Air စနစ်
FRL ပေါင်းစပ်
Air Filter
Regulator
ချောဆီ
Regulator ကို Regulator
အော်တိုယိုစီးမှု
စံ
ထိန်းချုပ်မှုအစိတ်အပိုင်းများ
2 Way Valve
တိုက်ရိုက်လည်ပတ် 2 Way ကို Sol ။ အဆို့ရှင်
ရှေ့ပြေးစမ်းသပ်မောင်းနှင်မှုသည် 2 Way Water Sol ။ အဆို့ရှင်
Pilot သည် 2 Way Steam Sol ကိုအသုံးပြုခဲ့သည်။ အဆို့ရှင်
3 Way Valve
တိုက်ရိုက် Operated 3 Way ကို Sol ။ အဆို့ရှင်
Pilot သည် 3 Way Sol ဖြစ်သည်။ အဆို့ရှင်
5 Way Valve
ရှေ့ပြေးစမ်းသပ်မောင်းနှင်မှုသည် 5 Way Sol ဖြစ်သည်။ အဆို့ရှင်
တိုက်ရိုက်လည်ပတ် 5 Way ကို Sol ။ အဆို့ရှင်
ထူးထူးခြားခြား
3 Way ထူးထူးခြားခြား
5 Way ထူးထူးခြားခြား
Namur အဆို့ရှင်
ရှေ့ပြေးစမ်းသပ်မောင်းနှင်မှုသည် 5 Way Sol ဖြစ်သည်။ Namur အဆို့ရှင်
လေထုလည်ပတ် Valve
3 Way ကိုလေထုလည်ပတ် Valve
5 Way လေကြောင်းလိုင်းလည်ပတ် Valve
စက်မှုအဆို့ရှင်
3 Way စက်မှု Valve
5 Way စက်မှု Valve
နယူးစက်မှုအဆို့ရှင်
လေလည်ပတ်သော Angle Valve
ဆက်စပ်ပစ္စည်းများ
ဖုန်စုပ်စက်
ဖုန်စုပ်စက်
လေဟာနယ် Chuck
ဖိအား Switch-YSNS
Shock Absorber
အိပ်ဇောသန့်စင်
လျောက်ပတ်
2 Way အမျိုးအစား
3 Way အမျိုးအစား
Bulkhead အမျိုးအစား
Universal အမျိုးအစား
4/5 Way အမျိုးအစား
Socket အမျိုးအစား
မြန်နှုန်း Controller
ရပ်တန့်ခြင်းရပ်ပါ
Check Valve
မြန်နှုန်းမြင့်တော်လှန်ရေး
Rotary လျောက်ပတ်
Trachea
Polyureethane ပြွန်
Polyureethane ပိုက်ချည်ပိုက်
ဖုန်မှုန့်သေနတ်များမှုတ်
လက်ရှိကန့်သတ်
အမြန်ထွက်ပေါက်အဆို့ရှင်
Rotary ပူးတွဲ
ပလတ်စတစ်အမျိုးအစား
Sintered သတ္တု
မြန်နှုန်းမြင့် rotary ပူးတွဲ
Cable Veyor
သံမဏိကြိုးများ
ပလပ်စတစ် towline
မြန်နှုန်းမြင့်ပူးတွဲ
သတင်း
မကြာခဏမေးလေ့ရှိသောမေးခွန်းများ
ကိုယ်တို့အကြောင်း
စက်ရုံခရီးစဉ်
ကြှနျုပျတို့ကိုဆကျသှယျရနျ
အင်္ဂလိပ်
နေအိမ်
ထုတ်ကုန်များ
အဘိတ်ယူနစ်
Port Clean Air စနစ်
အော်တိုယိုစီးမှု
အော်တိုယိုစီးမှု
အင်္ဂလိပ်
ပြင်သစ်
ဂျာမန်
ပေါ်တူဂီ
စပိန်ဘာသာစကား
ရုရှား
ဂျပန်
ကိုရီးယား
အာရဗီ
အိုင်းရစ်ရှ်
ဂရိ
တူရကီ
အီတလီ
ဒိန်းမတ်
ရိုမေးနီးယား
အင်ဒိုနီးရှား
ချက်
အာဖရိကန်
ဆွီဒင်
ပိုလန်
Basque
ကက်တလန်
အက်စပရန်တို
ဟိန္ဒီ
လာအို
အယ်လ်ဘေးနီးယန်း
အမ်ဟာရစ်
အာမေနီယန်
အျောဇောဘိုငျဂြောနီ
ဘီလာရုစကား
ဘင်္ဂလီ
ဘော့စျနီးယား
ဘူဂေးရီးယား
Cebuano
Chichewa
Corsican
ခရိုအေရှန်
ဒတ်ချ်
အက်စ်တိုးနီးယားဘာသာစကား
ဖိလစ်ပိုင်
ဖင်နစ်ရှ်
Frisian
ဂါလာစီယံ
ဂျြောဂြီယနျ
ဂူဂျာရသီ
ဟာအီတီ
ဟာစာ
ဟာဝယေံ
ဟီဘရူး
မုံ
ဟနျဂရေီ
အိုက်စလန်
အစ်ဂဘို
ဂျာဗားနီးယား
ကန်နာဒါ
ကာဇတ်စတန်
ခမာ
ကဒ်
ခရူဂ
လက်တင်
လက်ဘီအံ
လစ်သူယေးနီးယား
လူဇမ်ဘူ ..
Macedonian
အာလာဂါစီ
မလေး
မလေးရာလမ်
Maltese
Maori
မာရသီ
မွန်ဂို
ဗမာ
နီပေါ
နော်ဝေ
ပါရှ်တို
ပါရှန်း
ပနျခြာပီ
ဆားဗီးယား
စိုတို
ဆငျဟာလ
စလိုဗက်
စလိုဗေးနီးယန်း
ဆိုမာလီ
Samoan
Scots Gaelic
Shona
စင်ဒီ
ဆူဒန်
ဆွာဟီလီ
တာဂျစ်ကစ္စတန်
တမီး
တီလီဂု
ထိုင်း
ယူကရိန်း
အူဒူ
Uzbek
ဗီယက်နမ်လူမျိုး
ဝလေ
ဇို
Yiddish
ရိုရုဘာ
ဇူလူ",0.0,0.0,3.0,1.0,1.0,"The document is a machine-translated website navigation menu and product catalog for industrial pneumatic components. It lacks educational content, reasoning, or original cultural insights. It is essentially a list of technical terms, which requires some industry-specific knowledge to navigate, but it is cluttered with boilerplate, navigation links, and a long list of language options."
<urn:uuid:a1db1143-6397-4939-9167-21e4eabfc6ee>,"မိုးယွန်းကြီးအင်းကို ၁၉ ၈၈ ခုနှစ်မှာ ဒေသခံရေပျော်ငှက်တွေနဲ့ ဆောင်းခို ငှက်တွေအတွက် ဘေးမဲ့ တော အဖြစ်သတ်မှတ်ခဲ့တယ်။ မိုးယွန်းကြီးအင်းက သဘာဝအင်းမဟုတ်ပါဘူး။ ၁၉ ၀၄ ခုနှစ်မှာ တည်ဆောက်ခဲ့တဲ့လူလုပ်အင်းဖြစ်ပါတယ်။စတုရန်းမိုင်လေးဆယ်လောက်ကျယ်တယ်။ မူလ ရည်ရွယ်ချက်ကတော့ ပဲခူး-စစ်တောင်း တူးမြောင်း အတိုင်းရေယာဉ်တွေ၊သစ်ဆွဲဖောင်တွေ သွားနိုင် ဖို့ လိုအပ်တဲ့ရေကို ပေးနိုင်ဖို့ ဖြစ်ပါတယ်။ အခုတော့ ပတ်ဝန်းကျင်က လယ်ကွင်းတွေကို ရေချိုဖြန့်ဝေပေးနေပါတယ်။
မိုးယွန်းကြီးအင်းကို နှစ်စဉ်ဆောင်းခိုငှက် နှစ်သောင်းလောက်လာတယ်လို့ ဆိုတယ်။ ဒေသခံ ရေပျော်ငှက်တွေ လည်းရှိတယ်။ မိုးယွန်းကြီးအင်းကို ကျွန်တော် လာရတဲ့အကြောင်းအရင်းထဲမှာ ရေပျော် ငှက် တွေကို ဓာတ်ပုံရိုက်ဖို့ ရည်ရွယ်ချက်လည်းပါတယ်။
ဒါပေမယ့် ကျွန်တော်ဓာတ်ပုံရိုက်ဖူးတဲ့ ငှက်ဆိုတာက တိရိစ္ဆာန်ရုံထဲက ငှက်တွေ။ အခုလို သဘာဝပတ်ဝန်း ကျင်မှာ လွတ်လွတ်လပ်လပ်နေတဲ့ငှက်တွေကို ဓာတ်ပုံရိုက်တဲ့ အတွေ့အကြုံ မရှိဘူး။ ငှက်အုပ်တွေ ကလည်း သိတဲ့အတိုင်းပဲ။ တစ်ကောင် နှစ်ကောင် လန့်ပျံရင် ဘာမသိ ၊ ညာမသိ အားလုံးလိုက်ပျံတာဆိုတော့ ငှက်ကြည့်တဲ့အတွေ့အကြုံ ၊ ဓာတ်ပုံရိုက်တဲ့ အတွေ့ အကြုံမရှိရင် အတော်အခက် အခဲဖြစ်တယ်။
ဒါ့အပြင် ငှက်အမျိုးအစားတွေကို မသိသေးတော့ ရိုက်လာတဲ့ဓာတ်ပုံတွေကို မိုးယွန်းကြီးအင်းဟိုတယ်က ငှက်ကြည့်အတွေ့အကြုံရှိတဲ့ ဝန်ထမ်း ကိုဇော်မျိုးေ၀ နဲ့ ကိုထွန်းထွန်းနိုင် ကို ပြပြီး နာမည်တွေမေးရတယ်။ သူတို့ကို မေးခွင့်မရ တဲ့ငှက်တွေကျတော့ အင်တာနက် မှာလိုက်ရှာကြည့်ရတယ်။ ဒီခရီးစဉ်ကတော့ ငှက်တွေနဲ့ ပတ်သက်ပြီး သင်တန်းဆင်း တဲ့ ခရီးစဉ်ဖြစ်တဲ့အတွက် ကျွန်တော်တင်ထားတဲ့ ပုံတွေမှာ ငှက်အမျိုး အစား၊အမည်တွေမှားနေရင်၊ လိုအပ်ချက်တွေရှိနေရင် လည်း သိသူများ ကပြင်ပေး စေချင် ပါတယ်။
အင်းထဲမှာ စတွေ့တာတော့ စစ္စလီတွေ၊ဘဲတွေပါ။ အကောင်ရေလေးငါးထောင်လောက်ရှိမယ်။ ဒါ ပေမယ့် အကပ်မခံဘူး အဝေးကပဲလှမ်းရိုက်ခဲ့ရတယ်။ ဆောင်းခိုငှက်တွေရောက်ရှိမှုကို မှတ်တမ်း တင်နေတဲ့ သစ်တောဦးစီးဌာနက လှေတစ်စီးလည်းတွေ့တယ်။
ထပျံနေတဲ့ ဘဲအုပ်ထဲမှာ သေသေချာချာကြည့်ရင် အမြီးပိုင်း အဖြူနဲ့ ကောင်တွေက ဆောင်းခို ဖို့ရောက်နေတဲ့ စစ္စလီ Fulvous Whistling Duck ဖြစ်ပြီး ဒေသခံ စစ္စလီငှက်တွေနဲ့ရောနေတယ်။ အဲဒီအထဲမှာ ဒုံးငှက် garganey duck တွေလည်းပါတယ်။ ငှက်ကြည့်ကျွမ်းကျင်တဲ့သူတွေက တော့ ပျံတဲ့ပုံစံကို ကြည့်ပြီးခွဲခြားနိုင်တယ်လို့ဆိုပါတယ်။",3.0,2.0,2.0,5.0,4.0,"The text provides educational information about Moeyungyi Wetland, its history, and bird species. It uses natural Burmese, reflects local travel experiences, and is well-structured. Reasoning is basic, focusing on personal observation and identification challenges. It is accessible to a general audience, requiring no specialized technical background."
<urn:uuid:892106f0-5cac-4097-82f5-86663cd98fc0>,"၂ဝ၁၇ ခုနှစ် ရောက်ရှိ လာခဲ့ပြီ ဖြစ်တဲ့ အတွက် အခုနှစ် အတွင်းမှာ ဘယ်လို ဖက်ရှင် ပုံစံ ဒီဇိုင်းဆန်းတွေ ခေတ်စား လာမလဲ ဆိုတာ အားလုံးက စိတ်ဝင် စားစွာဖြင့် စောင့် ကြည့် နေကြပြီ ဖြစ်ပါ တယ်။ ဒါကြောင့် လည်း ဒီနှစ်မှာ ဘယ်လို ဖက်ရှင် ဒီဇိုင်းတွေ ဝတ်ဆင် သွားမလဲ၊ ဘယ်လို ဖက်ရှင် ဒီဇိုင်းတွေ ခေတ်စား မလဲဆိုတာမျိုးကို သိရ စေ ဖို့အနုပညာရှင်တွေကို မေးမြန်း တင်ဆက်လိုက်ရ ပါ တယ်။
ခိုင်သဇင်ငုဝါ
၂ဝ၁၇ ခုနှစ်မှာတော့ ဂျင်းဘောင်းဘီ အတိုလေးတွေကို အပြဲ ပုံစံလေးတွေနဲ့ Crop Top ပုံစံ ခါးလွတ်လေးတွေ ခေတ်စားမယ်လို့ ညီမ ထင်ပါတယ်။ အခုလည်း ကောင်မလေး တော်တော်များများ ဒီလိုမျိုး ဝတ်လာကြတယ်။ ပြီးတော့ Crop Top လေးတွေနဲ့ တွဲဝတ်လို့ ရတဲ့ ကြိုး အယှက်လေးတွေနဲ့ Bra လေးတွေကိုလည်း တွေ့ရတယ်။ ဂျင်းဘောင်းဘီကိုတော့ Skinny ပုံစံလေးတွေ ပိုဝတ်ကြတယ်။ ဂျင်း အပွလေး တွေကိုတော့ သိပ်မတွေ့ဘူး။ ညီမ ကိုယ်တိုင်လည်း ထသွားထလာ ဆိုရင် ဘောင်းဘီရှည်၊ ဘောင်းဘီ တိုလေးတွေ ဒါမှမဟုတ် စကတ်တို လေးတွေကို T- Shirt လေးတွေ၊ Crop Top ပုံစံလေးတွေ အဝတ် များပါတယ်။ ညီမဆိုရင် Model ပိုင်းဝင်ခါမှ ဖက်ရှင် ပိုင်းကို သေသေချာချာ လေ့လာဖြစ်တာပါ။ Model မလုပ်ခင်နဲ့ လုပ်ပြီးချိန်မှာ ညီမကိုယ် ညီမ တော်တော်ပြောင်းလဲလာတာ ကို သိလာ ပါတယ်။ ခေတ်ရေစီး ကြောင်းအတိုင်း ဖက်ရှင်ကို ပြောင်းလဲ ဝတ်ဆင်လာ ကြပါတယ်။ တချို့မိန်းက လေးတွေက ကျတော့ ဘောင်း ဘီတို မဝတ် ရဲကြဘူး။ ဒါပေမဲ့ ဝတ်ကြည့် လိုက်ရင် ပြောင်းလဲ သွားနိုင်ပါတယ်။ ဥပမာ- မျက်မှန် အထူကြီး တပ်တဲ့ သူကမျက် ကပ်မှန် ပြောင်း တပ်လို့ ပြောင်းလဲသွား တာ မျိုးလေးပါ။
မေဖြူဖြူ
အခု ညီမ သဘောကျနေတဲ့ ဖက်ရှင်က ပေါ့ပေါ့ပါး ပါးဖက်ရှင်ပါ။ အသက် ၂ဝကျော် ပုံစံ ဖက်ရှင်ကို ပြောင်း လိုက်တယ်။ နည်းနည်း ရင့်ကျက်တဲ့ ပုံစံဘက်ကို ရွေးပြီး တော့ ဝတ်ဖြစ်လာတယ်။ ကိုယ်က လည်း အနုပညာရှင် တစ်ယောက် ဆိုတော့ ဖက်ရှင်ပိုင်း ကိုတော့ ဂရုစိုက် ဖြစ်တယ်။ လူတစ် ယောက်က ကိုယ် နဲ့ လိုက်ဖက်အောင် ကိုယ်လုပ်တဲ့ အလုပ် နဲ့ လိုက်ဖက်အောင် ဖက်ရှင် ပိုင်းက တအား လိုအပ် တယ်။ လူတစ် ယောက်က စကားပြော တော့ မယ်ဆိုရင် ကိုယ်ဝတ် ထားတဲ့ အဝတ်အစားက ပထမဆုံး အရေး ကြီးတယ် လို့ ထင် တယ်။ ဖက်ရှင်က လူ တစ်ယောက်ရဲ့ စိတ်ဓာတ် နဲ့လည်း ဆိုင် တယ်။ မေဖြူ အပေါ် မှာတော့ ဖက်ရှင်က တအား လွှမ်းမိုး မှုရှိတယ်။ မေဖြူ ကိုယ်တိုင်ကလည်း ဖက်ရှင်ကို တအား ဂရုစိုက်တယ်။
အိန်ဂျယ်လမုန်
အိန်ဂျယ်ရဲ့ Fashion အမြင်ကတော့ လူတစ်ယောက်ကို ကြည့် လိုက်တာနဲ့ သူ့အပြင် အဆင်က တခြားသူနဲ့ မတူဘဲ ထင်းခနဲ ဖြစ် သွား စေတာ မျိုးပါ။ ကြည့်လိုက် တာနဲ့ စမတ်ကျနေပြီး အရိုးရှင်းဆုံး နဲ့ ဆန်းနေတာလေးတွေကို အိန်ဂျယ် ကြိုက်ပါတယ်။ အိန်ဂျယ် ကိုယ် တိုင် လည်း Sexy ပုံစံမျိုးကို မကြိုက်ပါဘူး။ ကိုယ့်ကိုကြည့်ပြီး လူတွေ အေးချမ်းသွား တဲ့ပုံစံမျိုး၊ မိန်းမဆန် ပြီး လှတဲ့ပုံစံမျိုး၊ လူငယ် ပုံစံမျိုးလေး တွေကို အိန်ဂျယ် ကြိုက်ပါတယ်။ အရင်ကတော့ အိန်ဂျယ် Fashion ဆိုတာကို ကောင်းကောင်း နားမလည်ခဲ့ပါဘူး။ တကယ် တမ်းက Celebrity ပဲဖြစ်ဖြစ်၊ သာမန်လူပဲ ဖြစ်ဖြစ် အားလုံးမှာ Fashion ဆိုတာ လိုအပ်ပါတယ်။ အိန်ဂျယ်ခံယူ တာက Fashion ဆိုတာ Brand တွေ ဝတ်ထားမှ၊ Accessories တွေ ဝတ်ဆင်ထားမှ မဟုတ်ပါဘူး။ ကိုယ့်ခန္ဓာကိုယ် နဲ့ လိုက်ဖက်တာက ကိုယ့်ရဲ့ Fashion ပါပဲ။ ၂ဝ၁၇ ခုနှစ်မှာ ဂျင်း တွေ ပြန်ခေတ်စားလာမယ်လို့ ထင်ပါတယ်။ ဂျင်းမှာက အကားပုံစံ၊ Bell ပုံစံတွေ၊ အင်္ကျီ ပွပွကြီးတွေ ပြန် ဝတ်လာကြမယ်။ ဂျင်း အင်္ကျီတွေ မှာလည်း ပုံနှိပ်ရိုက်ထားတဲ့ ပုံစံမျိုးတွေ ပြန်ခေတ်စား လာမယ်လို့ ထင်ပါတယ်။ နိုင်ငံတကာမှာ ဘယ်လို ပုံစံ မျိုးခေတ်စားနေတယ်။ မိတ်ကပ် အပြင်အဆင်တွေ အဝတ်အစားတွေ ဘယ်လို ဝတ်ဆင်ကြလဲ ဆိုတာ ကြည့်ပြီး ကိုယ်နဲ့ လိုက်ဖက် မယ့် ပုံစံမျိုးတွေ ပိုမို ဝတ်စားလာရင် Fashion ကျတဲ့လူ တွေ ပိုများလာမယ်လို့ အိန်ဂျယ် ထင်ပါတယ်။
ခင်သဇင်
ဒီ ၂ဝ၁၇ ခုနှစ်မှာ ဇင် ဘောင်းဘီအပွ၊ အပေါ်က Crop Top ပုံစံ တအားကြီး မိန်းမ မဆန်တဲ့ ပုံစံလေးတွေ ဝတ်ချင်နေတယ်။ ဇင်က ဒီနှစ် အရောင်မှာ ဆိုရင် သပြေသီး မှည့်ရောင်၊ ခရမ်းပုပ် ရောင်တို့ကို သဘော ကျနေတယ်။ ဖက်ရှင်ကို စိတ်ဝင်စားတဲ့သူက သူ့ စိတ်ထဲ မှာ တစ်သမတ်တည်း မရှိဘူး။ အမြဲ ပြောင်းလဲနေတာ။ ဇင် အခုဆို ရင် ဆံပင် အရောင်ပြောင်းမယ်။ အခု ၂ဝ၁၇ ခုနှစ်မှာ သူများမဆိုးတဲ့ အရောင်ဆိုးဖို့ စဉ်းစားထားတယ်။ ဖက်ရှင်ကျကျ ဝတ်တတ်မယ် ဆိုရင် သူများထက် ထင်ပေါ်မယ်။ သာမန် လူတစ်ယောက် အနေနဲ့က ဖက်ရှင် ကျမနေလို့လည်း ဘာမှမဖြစ်သွား ဘူး။ အနုပညာရှင်အတွက်က ဖက်ရှင်က ရှိကိုရှိသင့်တယ်။ ဇင့်အနေနဲ့ ဒီ၂ဝ၁၇ ခုနှစ်မှာ ဖက်ရှင် ပုံစံ ရှင်းမယ် ဆိုရင်လည်း လုံးဝ အရှင်း။ ယောက်ျားလေးစတိုင် ဝတ် ချင်တယ်။ ရှုပ်ပြီ ဆိုရင်လည်း အရောင် ဖိနပ်၊ အင်္ကျီ၊ နှုတ်ခမ်း နီ အရောင်တွေနဲ့ မတူတဲ့ Crazy ဆန်ဆန် အရောင်မျိုး ဝတ်ချင်တယ်။ ရှင်းရင်လည်း လုံးဝရှင်း တဲ့ ဖက်ရှင် ပုံစံ၊ ရှုပ်ရင်လည်း လုံးဝရှုပ်တဲ့ ဖက်ရှင်ပုံစံမျိုး ဝတ်ချင်တယ်။",1.0,1.0,1.0,4.0,4.0,"The text is a lifestyle/entertainment interview piece about fashion trends. It lacks academic or structured educational content. Reasoning is limited to personal opinions on style. It is written in natural, colloquial Burmese, reflecting local celebrity culture and language usage, but contains no significant technical or complex information."
<urn:uuid:93aab455-8717-4529-a58f-1d6f3b0b320e>,"PC အသုံးပြုနေစဉ် Updates လုပ်တာတွေ အလိုအလျောက် ပိတ်ပေးမယ့် Windows 10
Windows 10 မှာ အသုံးပြုတွေ အများဆုံး စောဒက တက်ကြတဲ့ အချက်တခုကတော့ Updates တွေကို Download လုပ်ပြီးသွားရင် ကွန်ပျူတာသုံးနေတဲ့အချိန်မှာတောင် မပြောမဆို Restart ချပစ်တဲ့ အကျင့်တခု ဖြစ်ပါတယ်။
Microsoft ဘက်က ဒီအခက်အခဲကို ဖြေရှင်းပေးနိုင်ဖို့အတွက် Snooze Installation လိုမျိုး Feature အသစ်တွေ၊ Restart မလုပ်ခင် Notification တွေ ထည့်ပေးခဲ့ပေမယ့် ထင်သလောက် အဆင်မပြေခဲ့ဘူးလို့ ဆိုရမှာပါ။ Windows Settings ထဲအထိ သေချာ လိုက်မကြည့်ဖြစ်တဲ့ အသုံးပြုသူတွေဆို ပိုဒုက္ခ ရောက်ရပါတယ်။
ဒါပေမယ့် အခုတော့ Microsoft ဟာ ဒီလို ပြဿနာတွေကို အပြီးသတ် ဖြေရှင်းဖို့အတွက် ပိုမိုအဆင့်မြင်တဲ့ အလိုအလျောက် စနစ် အသစ်တခုကို လုပ်ဆောင်ပြီးပြီလို့ သိရပါတယ်။
“ခင်ဗျားတို့ မကျေနပ်ချက်တွေကို ကျနော်တို့ ကြားပါတယ်။ ဒီဒုက္ခတွေ ပပျောက်စေဖို့အတွက် ကျနော်တို့ရဲ့ Updates သွင်းတဲ့ Reboot Logic ကို ပြင်ဆင်လိုက်ပါပြီ။ ပိုပြီးအဆင်ပြေ၊ ထိရောက်တဲ့ စနစ်အသစ်တခုပါ” လို့ Microsoft’s Windows Insider အကြီးအကဲ Dona Sarkar က Blog ကနေတဆင့် ပြောကြားခဲ့ပါတယ်။
Microsoft က အသုံးပြုမယ့် ယခု Update Installation စနစ်အသစ်ဟာ Machine Learning နည်းပညာကို အသုံးချကာ Updates တွေ Download လုပ်ပြီးသွားရင် ကွန်ပျူတာကို ဘယ်အချိန်မှာ Restart ချဖို့ အသင့်တော်ဆုံးဖြစ်မလဲ ဆိုတာကို အလိုအလျောက် ခန့်မှန်းသွားမှာ ဖြစ်ပါတယ်။ ဒါ့အပြင် Restart မချပစ်ခင်မှာ User အနေနဲ့ ကွန်ပျူတာကို အခု သုံးနေလား၊ မသုံးနေဘူးလားဆိုတာကိုပါ အလိုအလျောက်စစ်ဆေးပေးသွားမှာဖြစ်ပါတယ်။
သုံးနေရင် လုံးဝ Restart ချပစ်တော့မှာ မဟုတ်ပါဘူး။ ဒီထက် ပိုကောင်းသွားတဲ့ အချက်တခုက အသုံးပြုသူအနေနဲ့ ကွန်ပျူတာရှေ့က ထပြီး ခဏလေး ကော်ဖီသွားဖျော်နေလို့ ကွန်ပျူတာက inactive ဖြစ်သွားရင်တောင် ယခုစနစ်က ခဏလေး ထသွားတာလား၊ ပြန်လာသုံးဦးမှာလား ဆိုတာကိုပါ ခန့်မှန်းပေးနိုင်မှာ ဖြစ်တယ်လို့ သိရပါတယ်။
Microsoft ဟာ ယခုစနစ်အသစ်ကို ကုမ္ပဏီအတွင်းမှာ စမ်းသပ်လျက်ရှိပြီး၊ စိတ်ကျေနပ်စရာ ရလဒ်တွေ ရရှိခဲ့တယ်လို့ ဆိုထားပါတယ်။ ယခု Feature အသစ်ကို Windows Insiders ပရိုဂရမ် ဝင်ထားသူတွေအနေနဲ့ လွန်ခဲ့တဲ့ ၃ ရက်၊ ဇူလိုင် ၂၅ ရက်နေ့ကမှ ထွက်ရှိထားတဲ့ နောက်ဆုံး Windows Update “ 19H1 builds” မှာ စတင်စမ်းသပ်အသုံးပြုနိုင်ပါပြီ။
တကယ် ထိရောက်မှုရှိမရှိ ဆိုတာကိုလည်း Users တွေဘက်က အကြောင်းပြန်ကြားပေးဖို့ Microsoft က တောင်းဆို ထားပါတယ်။ ယခုစနစ်ဟာ Cloud အခြေပြုစနစ်ဖြစ်တာကြောင့် Microsoft ဘက်က ဒီစနစ်ကို ပိုကောင်းအောင် Update လုပ်မယ်ဆိုရင် အချိန်အနည်းငယ်အတွင်း အားလုံးဆီမှာ Update လုပ်ပေးနိုင်ပါတယ်။
ဆက်စပ် သတင်းလင့်ခ်များ – Windows 10 ရဲ့ Fresh Start ကို အသုံးပြုပြီး လွယ်ကူစွာ Windows အသစ် ပြန်တင်ကြမယ်
Ref: The Verge, Microsoft",3.0,2.0,2.0,5.0,4.0,"The text provides a clear, informative explanation of a technical feature in Windows 10. It is well-structured, uses natural Burmese, and explains the logic behind the update system. It is accessible to general users, making it useful for educational purposes regarding software literacy, while maintaining a professional and clean format."
<urn:uuid:829ed07a-5a7c-4a3a-ad46-c079a0628b52>,"ZEKKEI Japan
ကမ္ဘာမှမသိသေးသော ဂျပန်နိုင်ငံ၏ ဒေသများအား ခရီးသွားဒေသများဖြစ်စေရန်
search
ပျော်ရွှင်စိတ်လှုပ်ရှားဖွယ်၊တိမ်ပင်လယ်၊နေထွက်ချိန် အစရှိသည်
တိုကျိူ,ကျိူတို,ဖူဂျီရာမ အစရှိသည်
ရှာမည်
၄လပိုင်း၊၇လပိုင်း အစရှိသည်
လက်ရှိတည်နေရာအနီးတ၀ိုက်မှရှာမည်။
ဂျပန်တွင်ရှိနေစဉ်သာအသုံးပြုပါ။လက်ရှိဒေသရှာဖွေမှုသည် နေရာသတင်းအချက်အလက် ဝန်ဆောင်မှုကို Onလုပ်ထားပါက သုံးနိုင်ပါသည်။
အားလုံးကြည့်မည်
စုဇုရာတနဒ
ကိုးလပိုင်း
(ဂျပန်၏စင်ပန်းခန်း၁၀၀ ) တွင်ပါဝင်သော သမိုင်းကြောင်းရှိသော တနဒထဲမှ တစ်ခု။ စုဇူရာမြစ်တစ်လျှောက်ရှိ တောင်တန်းများ၊ ဧရိယာ၇ စတုရန်းမီတာရှိသော နေရာတွင် ပျမ်းမျှ ၃၀၀ ခန့် ရှိသော တနဒများသည် ပွင့်လန်းနေပါသည်။ ပျမ်းမျှ နှစ် ၄၀၀ ခန့် မတိုင်မီတွင် ပြုလုပ်ထားသည်ဟု ဆိုကြပြီး တောင်ကျောက်များကို စုပုံထားရာမှဖြစ်ပေါ်လာသော ကျောက်ဆောင်များက တနဒကို ထိန်းသိမ်းထားပါသည်။ ဆောင်းဦးတွင် ပျမ်းမျှ ငါးသိန်းခန့် ရှိသော အပင်များက ပန်းပွင့်ကြပြီး ( တနဒ နအုခိသည် ဟိဂန်းဘနမဲဂုရိ နှင့် ဘဆရာပွဲတော်) ဟုဆိုသော ပွဲတော်များလည်း လူကြိုက်များပါသည်။
Fukuoka ken Ukiha-shi Ukiha-chō Shinkawa 3227
တည်နေရာပြမြေပုံ
စုဇုရာတနဒသည် လာရောက်လည်ပတ်မှု အခမဲ့ စုဇုရာတောင်ပန်းများသည် တည်းခိုရုံဆိုပါက ၃၀၀၀ ယန်း တစ်ညအိပ် ထမင်း ၂ထပ်ဆိုပါက ၆၃၀၀ ယန်း
၉း ၀၀ မှ ၁၇း ၀၀
-
http://www.city.ukiha.fukuoka.jp/imgki...
ငါးလပိုင်း, ခြောက်လပိုင်း, ခုနှစ်လပိုင်း, ရှစ်လပိုင်း, ကိုးလပိုင်း, ဆယ်လပိုင်း
ပန်းပွဲတော်တွင် လူကြိုက်များမှုအထူးရှိသော တနဒ
Ukiha ဘူတာမှ ကားဖြင့် ပျမ်းမျှ ၂၀ မိနစ်
Ōita ကားလမ်း Haki IC မှပျမ်းမျှ ၄၀ မိနစ်
ပိုကြီးသောမြေပုံကိုကြည့်မည်
အနီးအနားမြေပုံကိုကြည့်မည်။
1
2
3
4
5
6
7
8
9
10
11
12
13
14
15
16
17
18
19
20",2.0,1.0,2.0,2.0,1.0,"The text is a travel website snippet for a Japanese tourist destination. It provides basic geographical and cultural information about a specific site, but contains significant UI noise, navigation elements, and fragmented text. It is written in Burmese but functions as a functional translation of a Japanese travel interface."
<urn:uuid:c6be730a-b344-4c24-b18d-3f80b87fe5f4>,"မလတ်တောင်ပြိုကျမှု သေဆုံးသူ ၃၀ ၏ ရုပ်အလောင်းများရှာဖွေတွေ့ရှိ
မွန်ပြည်နယ်၊ ပေါင်မြို့နယ်၊ မုတ္တမ သဲဖြူကုန်းကျေးရွာအုပ်စုရှိ မလက်တောင်ပြိုကျမှုမှ သေဆုံးသူ ရုပ်အလောင်း ၃၀ အထိ ရှာဖွေတွေ့ရှိကြောင်း မြန်မာနိုင်ငံ မီးသတ် တပ်ဖွဲ့က သတင်း ထုတ်ပြန်ထားသည်။
တောင်ပြိုကျခဲ့သော ဧရိယာအတွင်း လူဦးရေ တရာကျော်နေထိုင်မည်ဟု ခန့်မှန်းထားပြီး ပျောက်ဆုံး နေသူများစာရင်းကို လက်တလော အတည်ပြု ပြောဆို၍ မရနိုင်သေးကြောင်း မွန်ပြည်နယ် အစိုးရအဖွဲ့ လူဝင်မှုကြီးကြပ်ရေးနှင့် လူ့စွမ်းအား အရင်းအမြစ် ဝန်ကြီးဌာနဝန်ကြီး ဦးထွန်းမင်းအောင်က ရှင်းပြသည်။
သဲဖြူကုန်းကျေးရွာ တောင်ပြိုသည့် ဧရိယာဘေးနေထိုင်သူ ဦးတင်ရွှေ က “တချို့အိမ်တွေက ၁၀ ယောက်ကျော်တဲ့ အိမ်တွေလည်းရှိတယ်၊ ဟိုဘက်က ဦးကရင်တို့အိမ်ဆို မိသားစုလိုက် မရသေးဘူး၊ ကျန်တဲ့ဟာတွေက မတွေ့ကြသေးဘူး”ဟု ဆိုသည်။
မြန်မာနိုင်ငံ မီးသတ်တပ်ဖွဲ့၏ ထုတ်ပြန်ချက်အရ အဆိုပါ အရေအတွက်မှာ ယနေ့ မွန်းတည့် ၁၂ နာရီအထိ ရှာဖွေတွေ့ရှိမှုဖြစ်သည်။ မွန်ပြည်နယ်အစိုးရ၏ သတင်းထုတ်ပြန်ချက်အရ အသက်ရှင်လျှက် ကယ်ဆယ်နိုင်ခဲ့သူ ၄၁ ဦးရှိသည်ဟု သိရသည်။
တောင်ပြိုသည့်နေရာသည် မော်လမြိုင် – ရန်ကုန်လမ်းမကြီး မိုင်တိုင်အမှတ် ၁၈၄/၅ နှင့် ၁၈၄/၆ အကြား တွင်ရှိပြီး သြဂုတ် ၉ ရက်နေ့ နံနက်ပိုင်းက ပြိုကျခဲ့ခြင်းဖြစ်သည်။
တောင်ပြိုကျမှုကြောင့် ပြန်လည်ရရှိခဲ့သော သေဆုံးအလောင်းများမှာ ကျား ၁၀ ဦးနှင့် မ ၈ ဦးဖြစ်ပြီး လမ်းမကြီးပေါ်တွင် ပိတ်ဆို့လျက်ရှိသည့် တောင်မြေများအား မြေတူးစက် (Backhoe/ Dozer) ၁၀ စီးဖြင့် ဖယ်ရှားရှင်းလင်းနေကြောင်းလည်း ယင်းအစိုးရအဖွဲ့က သတင်းထုတ်ပြန်ခဲ့သည်။
သဲဖြူကုန်းကျေးရွာအုပ်စု အုပ်ချုပ်ရေးမှူး ဦးဝင်းဇော်ကလည်း မလတ်တောင် ပြိုကျသည့် ဧရိယာအတွင်း ခန့်မှန်း အိမ်ခြေ ၁၆ လုံးဝန်းကျင် ရှိနိုင်ပြီး လူဦးရေ ၉၆ ဦးဝန်းကျင်နေထိုင်ကြောင်းနှင့် မလတ်တောင် ပြိုကျစဉ် လူဦးရေ မည်မျှပါရှိသွားသည်ကိုတော့ လက်တလော မသိရှိနိုင်သေးကြောင်း ပြောသည်။
ပြိုကျခဲ့သည့် မလတ်တောင်ခြေရင်းတွင် ဥတ္တရာရာမ ဘုန်းကြီးကျောင်းလည်း တည်ရှိနေပြီး တောင်ပြိုမှု ဖြစ်စဉ်ကြောင့် သံဃာတော်တပါး ပါရှိသွားသည်ဟု လူမှုကယ်ဆယ်ရေးအဖွဲ့များထံမှ သိရသည်။
သြဂုတ် ၈ ရက်နေ့ညပိုင်းတွင် ရေကြီးရေလျှံဖြစ်ပွားခြင်းကြောင့် မြေနိမ့်ပိုင်းနေသူအချို့မှာ ရေဘေးရှောင်ရန် ဆွေမျိုးများနေအိမ်သို့ လာရောက်ရှားနေထိုင်ရာမှ တောင်ပြိုမှုဖြစ်စဉ်ထဲ ပါသွားသည့် မိသားစုများလည်း ရှိသည်ဟု သဲဖြူကုန်း ဒေသခံများက ပြောဆိုနေကြသည်။
သဲဖြူကုန်းကျေးရွာရှိ ရန်ကုန်–မော်လမြိုင် အဝေးပြေးလမ်းမကြီး ကားလမ်းကျော်မှု ဖြစ်နေခြင်းကြောင့် အဝေးပြေးလမ်းပေါ်တွင် ခရီးသွားကားများနှင့် ကုန်တင်တွဲကားများမှာ ရေကျချိန်စောင့်ဆိုင်း ရပ်နားထားစဉ် တောင်ပြိုကျမှုကြောင့် ယင်းကားများပါ တောင်မြေဖုန်းပိသွားခဲ့ရကြောင်း တောင်ပြိုမှုကြောင့် ထိခိုက်ဒဏ်ရာရရှိခဲ့သော ရန်ကုန်–မော်လမြိုင် ကုန်တင်ကားမှ လွတ်မြောက်လာသူ ယာဉ်နောက်လိုက် ကိုအောင်သီဟဦးက ပြောပြသည်။
အဆိုပါကျေးရွာမှာ အစ္စလာမ်အများစု နေထိုင်ကြပြီး အစ်နေ့အတွက် ဝယ်ယူထားသည့် နွားများလည်း ပါရှိသွားကြောင်း ဒေသခံများက ပြောပြသည်။
ယင်းတောင်ခြေနေထိုင်သူများနှင့် ယင်းတောင်ခြေမှ စီးပွားရေးလုပ်ငန်းလုပ်ငန်းရှင် အချို့မှာ တောင်ခြေရင်းကို ဖြတ်ထုတ်၍ တညီတည်းဖြစ်ရန် အောက်ခြေမြေညှိထားကြသဖြင့် မိုးရေများချိန်တွင် တောင်အပေါ်ပိုင်းက ပြတ်ကျခြင်းလည်း ဖြစ်နိုင်သည်ဟု သဲဖြူကုန်းဒေသခံ ကိုညီညီဝင်းက သုံးသပ် ပြောဆိုသည်။
You may also like these stories:",2.0,2.0,2.0,4.0,5.0,"The text is a factual news report about a landslide in Mon State. It provides clear, coherent information about the event, including local context, quotes, and causes. It is well-written in natural Burmese, though it contains a minor 'You may also like' footer, which slightly impacts the cleanliness score."
<urn:uuid:4bd5d1b9-baf0-4f12-866d-bde78c406cd2>,"မိုးမခအထောက်တော် အမှတ် ၀၀၈
“လူတွေ အများကြီးကို သတ်ခဲ့မိတဲ့အတွက် ကျုပ်ဟာ စစ်ရာဇ၀တ်ကောင်ပါ” ဟု AAP သတင်းဌာနသို့ ပြောကြားသည့် မြန်မာပြည်ဖွားတချို့၏စကား မှန်ကန်ပါက သြစတြေးလျတွင် မြန်မာစစ်တပ် အနည်းဆုံး တပ်စိတ် တစိတ် ရောက်ရှိနေသည်ဟု ဆိုနိုင်သည်။
သြစတေးလျရောက် မြန်မာပြည်သား ၃ ဦးက ၎င်းတို့သည် မြန်မာစစ်တပ်မှ ဖြစ်ကြောင်း၊ ထောက်လှမ်းရေးတာဝန်ထမ်းစဉ် ဆန္ဒပြသူများ၊ နိုင်ငံရေးသမားများအား သုတ်သင်ရှင်းလင်းခဲ့ကြောင်း မကြာသေးမီက ရှေ့ဆင့်နောက်ဆင့် ပြောကြားကြသည်ဟု သြစတြေးလျ၏ AAP သတင်းဌာနက ရေးသားထားသည်။
AAP သတင်းဌာနက ပထမဆုံး စင်တင်ပေးလိုက်သူမှာ ထူးထူးဟန် ဆိုသူ ဖြစ်သည်။ သူက သူ့ကိုယ်သူ ထောက်လှမ်းရေးဗိုလ်ဖြစ်သည်ဟု ဆိုသည်။
များမကြာမီ ထောက်လှမ်းရေးဘ၀ လူသတ်ခဲ့၏ဟု ဆိုလာသူ ၂ ဦး ပေါ်လာသည်။
“ကျနော့်ကို မောင် လို့ ခေါ်ပါ” ဟု တဦးက ဆိုပြီး နောက်တဦးက “ကျနော်နာမည် စိုးအောင်ပါ၊ ဗစ်တိုးရီးယားမှာ နေပါတယ်” ဟု ဆိုသည်။
ထောက်လှမ်းရေးဗိုလ် ထူးထူးဟန်ဆိုသူ၏ တပည့်များဖြစ်သည်ဟု ပြောကြောင်း AAP သတင်းဌာနက ဖွဲ့နွဲ့ ရေးသားဖော်ပြထားသည်။
သြစတေးလျမှ လာသော သတင်းများအရ ၎င်းတို့၏ အတည်ပေါက် ပြောဆိုချက်များကို သြစတေးလျရောက် မြန်မာပြည်သားများက အထူး စိတ်ဝင်စားနေကြကြောင်း၊ သို့သော်လည်း ယုံကြည်သူ နည်းပါးကြောင်း သိရသည်။
သို့သော်လည်း သြစတေးလျ သတင်းဌာနများက ၀ိုင်းဝန်း ရေးသား ဖော်ပြနေကြသည်။
http://www.couriermail.com.au သတင်းစာမျက်နှာရှိ ၎င်းတို့အကြောင်း ဖော်ပြချက်နှင့် ပတ်သက်ပြီး သြစတေးလျစာဖတ်သူများက အလန့်တကြား မှတ်ချက်များ ပေးထားကြသည်။
သူတို့ကို ချက်ချင်း ပြန်ပို့၊ ဘာကြောင့် သြစတြေးလျမှာ ဒီလိုလူတွေ ရှိနေရတာလဲ၊ သူတို့ပြောတာ မှန်တယ်ဆိုတာ အတည်ပြုနိုင်ရင် ဘာမှ ပြောမနေနဲ့ ဒီနေ့ပဲ နှင်ထုတ်လိုက် စသည့် မှတ်ချက်များကို တွေ့ရသည်။
သြစတြေးလျအာဏာပိုင်တို့က ၎င်းတို့ကို ခေါ်ယူ မေးမြန်းခြင်း မရှိသေးဟု ဆိုသည်။",1.0,1.0,2.0,4.0,4.0,"The text is a news report about Burmese individuals in Australia claiming to be former military intelligence. It provides basic information on a current event but lacks deep educational or analytical value. It is written in natural, idiomatic Burmese, reflecting local political discourse, and is relatively clean despite the inclusion of a URL."
<urn:uuid:7d423996-f8c4-4147-a32b-9cab793fa607>,"မကြာမီ ထိမ်းမြားလက်ထပ်ကြတော့မည့် ဗြိတိန်တော်ဝင်မင်းသား ဝီလျံနှင့် ကြင်ရာတော်လောင်း ကိတ်မစ်ဒယ်တန်တို့သည် စိန့်အင်ဒရူး တက္ကသိုလ်သို့ ပြန်လည်သွားရောက် လည်ပတ်မည်ဟု သိရသည်။ ဖိုင်ဖီတောင်းရှိ တက္ကသိုလ်တွင် ချစ်သူဘဝ စခဲ့သော စုံတွဲသည် တက္ကသိုလ် နှစ် ၆၀၀ ပြည့် အထိမ်းအမှတ် အခမ်းအနားသို့ သွားရောက်လည်ပတ်ရန် စီစဉ် နေသည်။
စိန့်အင်ဒရူး တက္ကသိုလ်မှ တာဝန်ရှိသူများကလည်း ၎င်းတို့၏ ဂုဏ်ထူးဆောင် ဧည့်သည်များကို အထူးလက်ဖွဲ့တစ်ခု ပေးအပ်ရန် စဉ်းစားနေကြသည်။ ဧပြီလ ၂၉ ရက်နေ့တွင် လက်ထပ်မည့် ကိတ်နှင့် ဝီလျံတို့သည် ၂၀၀၅ ခုနှစ်က စိန့်အင်ဒရူးတွင် ကျောင်းသူ ကျောင်းသားများအဖြစ် စတင်တွေ့ဆုံခဲ့ကြသည်။ မင်းသားဝီလျံသည် ပထဝီဝင် ဘာသာရပ်ဖြင့် ဘွဲ့ရခဲ့ ပြီး ကိတ်ကမူ အနုပညာ သမိုင်းဘာသာဖြင့် ဘွဲ့ရခဲ့သည်။ ယင်းတို့နှစ်ဦးသည် စကော့တလန်၏ သက်တမ်းအရင့်ဆုံး တက္ကသိုလ်မှ ထွက်ခွာခဲ့သော်လည်း သံယောဇဉ်မပြတ်ဘဲ တက္ကသိုလ်၏ ကျောင်းသားသစ် ထောက်ပံ့ရေးနှင့် ဘွဲ့သင်တန်းအသစ်များ ဖန်တီးရေး ရံပုံငွေအတွက် ပေါင်စတာလင် ၁၃ သန်းမျှ ပိုမိုရရှိအောင် အတူကြိုးစားပေးခဲ့သည်။
တက္ကသိုလ် ဝန်ထမ်းနှင့် ကျောင်းသူကျောင်းသား ရာပေါင်းများစွာတို့သည် ၎င်းတို့ချစ်ခင်လေးစားသည့် တော်ဝင်မင်းသားတို့ စုံတွဲကို ဝမ်းပန်းတသာ နှုတ်ဆက်ရန် ပြင်ဆင်နေကြောင်း သိရသည်။",2.0,1.0,2.0,5.0,2.0,"The text is a well-written, clean news snippet about a historical event. It provides basic information about the royal couple's background and university connection. While it lacks deep reasoning or complex educational content, it is written in natural, fluent Burmese, reflecting standard journalistic style appropriate for the target audience."
<urn:uuid:db2fab95-12d0-4fa1-a321-83dab179ebb1>,"ဘင်္ဂလားဒေ့ရ်ှနိုင်ငံမှာ ဘာသာရေးအစွန်းရောက်တချို့က အစိုးရကို ဖြုတ်ချဖို့ ကြိုးပမ်းတာကို ကယ်တင်နိုင်ခဲ့တယ်လို့ စစ်ဘက်အရာရှိကြီးတွေက ပြောကြားလိုက်ပါတယ်။
ဝန်ကြီးချုပ် ရှိတ် ဟာစီနာ Sheikh Hasina ကို ဖြုတ်ချဖို့ အတွက် ကြံစည်မှုအကြောင်း အသေးစိတ်ကို ဗိုလ်မှူးချုပ် မိုဟာမက် မာဆွတ် ရာဇတ် Muhammad Masud Razzaq က သတင်းထောက်တွေကို ရှင်းပြခဲ့ပါတယ်။
ပြည်ပမှာ စီစဉ်ရေးဆွဲခဲ့တဲ့ ဒီအာဏာသိမ်းရေး အစီအစဉ်နဲ့ပတ်သက်ပြီး အငြိမ်းစား စစ်အရာရှိကြီး ၂ ဦးကို ဖမ်းဆီးထားမိပြီး တတိယလူဖြစ်တဲ့ ဗိုလ်မှူး ဇီရာဟတ် Ziaul Haq ကတော့ လွတ်နေဆဲ ဖြစ်တယ်လို့ ရာဇတ်က ပြောပါတယ်။
စစ်တပ်ရဲ့ လက်ရှိနဲ့ အငြိမ်းစား အရာရှိ စုစုပေါင်း ၁၆ ဦး ပါဝင်တယ်လို့လည်းဆိုပါတယ်။ အာဏာသိမ်းဖို့ ကြံစည်သူတွေဟာ ဘင်္ဂလားဒေ့ရ်ှနိုင်ငံမှာ အစ္စလာမ် ရှာရီယာ ဥပဒေကို ပြဌာန်းကျင့်သုံးဖို့ ရည်ရွယ်ကြတယ်လို့လည်း ပြောပါတယ်။
ဝန်ကြီးချုပ် ရှိတ်ဟာစီနာဟာ ၂ဝဝ၉ ခုနှစ် သူအာဏာရကတည်းက အယူသည်းသူတွေကို နှိပ်ကွပ်လာခဲ့တာ ဖြစ်ပါတယ်။",2.0,1.0,2.0,5.0,3.0,"The text is a straightforward news report about a political event in Bangladesh. It provides factual information suitable for general awareness but lacks deep educational or analytical depth. It is written in natural, standard Burmese, reflecting professional journalistic reporting, and is free of noise or formatting issues."
<urn:uuid:0841963e-70e3-4064-b885-fefd9e83d69c>,"အင်း မနေ့က ထွက်တဲ့ Bagan Keyboard လေးကို တင်ပေးဖို့ မေ့သွားလို့ ပြန်တင်ပေးလိုက်ပါတယ်။
[ Jun 25 2016] ရက်နေ့က ထွက်ခဲ့တာပါ...
ဒီဗားရှင်းမှာ ထူးဆန်းတာက သတင်းတွေပါဖတ် လို့ရလာတယ် ။
ဒါ့အပြင် Zawgi ရော Unicode ရောကို နှစ်မျိုးစလုံးကို ကြိုက်တာ ပြောင်းသုံးနိုင်အောင် Setting ထဲထိ သွားစရာမလိုဘဲ keyboard လက်ကွက်မှာတင် ပြုပြင်လို့ရလာတယ်။
စာလုံးကို ရိုက်လိုက်ရင် လှိုင်းထသလို အရိပ်ကလေးတွေ ပါလာတယ်ဗျ...။
အရမ်းလန်းတယ်ဗျာ။နောက်မကျလေအောင် မြန်မြန် ယူထားကြနော်။
Screenshots
⇓⇓⇓⇓⇓⇓⇓⇓⇓⇓⇓⇓⇓⇓⇓⇓⇓⇓⇓⇓
⇓⇓ Download From Here ⇓⇓
⇓⇓ Download From Here ⇓⇓
ကျနော်တင်သမျှ Post တွေကို Facebook မှ တိုက်ရိုက်ဖတ်ရှုလို့ပါက >>",1.0,1.0,1.0,2.0,4.0,"The text is a casual blog post about a software update. It lacks educational or complex reasoning depth. It is written in natural, colloquial Burmese, reflecting local digital culture and the specific context of the Zawgyi/Unicode transition, but contains boilerplate download links and promotional formatting."
<urn:uuid:171cd8da-f699-47fe-9656-fd3632398ae3>,"ရီးယဲလ်ကို (၈)မှတ်ဖြတ်ထားတဲ့ ဘာစီလိုနာကို နိုင်ခဲ့တာလေလို့ ပညာသားပါပါပြောခဲ့တဲ့ တန်ဟက်ဂ် (ကြားထဲကတစ်သင်းပါခံစားသွားရပြီပေါ့)
တန်ဟက် ဘာစီလိုနာဆိုတာ ရီရဲလ်မက်ဒရစ်ကို (8)မှတ်ဖြတ်ပြီး လာလီဂါအမှတ်ပေးဇယားမှာ ဦးဆောင်ထားတဲ့ အသင်း ပါ။ဒီတစ်ပတ် ရီရဲလ်မက်ဒရစ်အသင်းစွမ်းဆောင်ချက် ကို (လီဗာပူးနဲ့နိုင်ပွဲ) ကျွန်တော်တို့မြင်ထားပါပြီး။ ဒါကြောင့်မို့ ဒီနိုင်ပွဲက ကြီးမားတဲ့နိုင်ပွဲပါ။
ဒီနိုင်ပွဲက ယူနိုက်တက်အတွက် အကြီးမားဆုံးနိုင်ပွဲလို့ပြောရမယ့်အပေါ်လား? ကျွန်တော်ကတော့ ဟုတ်တယ်လို့ပဲ ထင်မြင်မိပါတယ်။ ပကျော့ပွဲစဥ်တုန်းက နှစ်သင်းစလုံးက အနိုင်ရယူ ဖို့ အထနှေးခဲ့ကြတယ်လို့ ကျွန်တော်မြင်မိပါတယ်။ ပကျော့တုန်းက အခွင့်အရေးကောင်းတွေသိပ်မရတာလည်း ပါပါမယ်။
ဒါနဲ့ အကယ်လို့ အနိုင်ဦးဆောင်ဖို့ ဖြစ်သင့်တဲ့အသင်းဆို ကျွန်တော်တို့အသင်းသာဖြစ်သင့်ပါ တယ်။ ဒီနိုင်ပွဲရဲ့အရေးပါမှုအတွက် ကျွန်တော်က အန်တို နီ နဲ့ ဂါနာချိုတို့ကိုထည့်သွင်းခဲ့ပါတယ်။ သူတို့မှာ မြန်နှုန်း၊ လိမ်ခေါက်ကျော်ဖြတ်မှု၊ ပြေးလွှားလှုပ်ရှားမှုနဲ့အတူ ယုံကြည်မှုတွေ အပြည့်ရှိပါတယ်။ သူတို့နှစ်ဦးစလုံးကလည်း ဘယ်ပြိုင်ဘက်ကိုမှ ကြောက်ကြတာ မဟုတ်ဘူး။
ကျွန်တော်တို့အသင်းမှာပုဂ္ဂိုလ်ရေးအရာမှာရင်းနှီးမှု အရမ်းရှိကြတဲ့ ဗာရန် နဲ့ မာတီနက်ဇ်တို့လို ကစားသမား မျိုးကို ပိုင်ဆိုင်ထားပါတယ်။ အန်တိုနီ နဲ့ ဂါနာချိုဆိုရင် ဘယ်ပြိုင်ဘက်ကိုမှကြောက်ကြတာမဟုတ်သလိုဒါနဲ့ ကျွန်တော်တို့မှာ ဖာနန်ဒက်၊ ကက်စီမဲရိုတို့လို ကစား သမားတွေကိုလည်း ပိုင်ဆိုင်ထားပါတယ်။
သူတို့လို ကစားသမားမျိုးတွေက ခက်ခဲတဲ့အချိန်တွေမှာတောင် အရှုံးပေးတက်ကြတဲ့ ကစားသမားတွေမဟုတ်ပါဘူး။ (16)သင်းအဆင့် မဲခွဲရင်ဘယ်အသင်းနဲ့တွေ့တွေ့ ဒါက ကျွန်တော့်အတွက် အရေးမကြီးပါဘူး။ အရေးကြီးတာက နယူကာဆယ်နဲ့ပွဲအတွက်ဖြစ်တယ်။ ကျွန်တော်တို့က ပြိုင်ဘက်အားလုံးကို အနိုင်ကစားရပါမယ်။
ပြိုင်ဘက် တိုင်းကိုလည်း ကျွန်တော်တို့က လေးစားသွားပါမယ်။ဒါပေမယ့် ကျွန်တော်တို့က ဘယ်ပြိုင်ဘက်ကိုမဆို အနိုင် ကစားနိုင်ကြောင်းပြသနိုင်ဖို့ နောက်ကွယ်မှာ အလုပ်တွေ ကို ပြင်းပြင်းထန်ထန်ကြိုးစားသွားရမယ်။ အန်တိုနီ အသင်းအတွက် ကူညီပေးနိုင်တာကို ကျွန်တော်သိပါတယ်။ သူက ရဲရင့်တဲ့ ကစားသမားပါ။ ဘာကိုမှသူက ကြောက်နေမှာ မဟုတ်ဘူး။ ဒုတိယပိုင်းမှာ သူအသင်း အတွက် ယူဆောင်ပေးနိုင်တဲ့ skill တွေနဲ့အတူ ဂိုးပါသွင်း ယူနိုင်ခဲ့တယ်။ ဒီအသင်းအတွက် သူ့အနေနဲ့ အများကြီး စွမ်းဆောင်ပေးမှာပါ။
ကျွန်တော်က ပွဲစဥ်ပြင်းထန်တာကိုပဲ ကြိုက်ပါတယ်။ ငြိမ်သက်တဲ့ပွဲတွေဆို မကြိုက်ဘူး။ ဖျော်ဖြေမှုအပြည့်ပေးတဲ့ ပွဲတွေဆို ကျွန်တော်ကြိုက်ပါတယ်။ကျွန်တော်က ဘောလုံးပွဲတွေဆို မပျင်းရိစေချင်ပါဘူး။ ကျွန်တော်က ဘောလုံးပွဲဆို လူတွေအတွက်ဖျော်ဖြေတာမျိုးကိုပဲလို လားတယ်။ ဖရတ်လား? သူလုပ်ရမယ့်ကိစ္စက ဒီဂျောင် ကို တားဆီးဖို့ပါ။ ဒါက အလုပ်ဖြစ်ခဲ့တယ်။
သူဟာ ဒီဂျောင်ကို ခြင်တစ်ကောင်လိုပဲ တားဆီးအနှောက်အယှက် ပေးနိုင်ခဲ့တယ်။ သူ့ရဲ့အလုပ်မှာ တာဝန်ကျေခဲ့ပါတယ်။ ပွဲရဲ့ပထမပိုင်းကို ကျွန်တော်အာရုံစိုက်ခဲ့ပါတယ်။ ကျွန်တော်တို့က ထင်သလိုတော့ အဲ့အချိန်မှာ မကစားနိုင်ခဲ့ပါဘူး။ ပထမပိုင်းမှာ ကက်စီမဲရိုကို ကျွန်တော်တို့က လုံလုံလောက်လောက်မသုံးနိုင်ခဲ့ပါဘူး။ ဝမ်ဘစ်ဆာကာဆို ရင်လည်း ညာတောင်ပံနေရာမှာနေရာလွတ်တွေများစွာ ရရှိခဲ့ပေမယ့် ကောင်းကောင်းအသုံးချနိုင်ခြင်းမရှိခဲ့ပါဘူး။ ရီရဲလ်မက်ဒရစ်အသင်းကို အမှတ်ပေးဇယားမှာ(8)မှတ် ဖြတ်ထားတဲ့ ဘာစီလိုနာကို အနိုင်ရလို့ အရမ်းကိုပျော်မိ ပါတယ်။ “လို့ပွဲပြီးပြောကြားခဲ့ပါတယ်။",1.0,2.0,2.0,4.0,3.0,"The text is a sports commentary/interview summary about a football match. It provides basic analysis of team tactics and player performance. It is written in natural, colloquial Burmese suitable for sports fans, though it lacks formal educational or high-level professional depth. The formatting is clean and coherent."
<urn:uuid:2114c622-ea84-41bd-b19a-e8fc7e0e8592>,"ထိုင်းယာဉ်တိုက်မှု မြန်မာ ၁၃ ဦးသေဆုံး
သတင်းနှင့် မီဒီယာ ကွန်ရက်။
နိုဝင်ဘာလ ၂၅ ရက်၊ ၂၀၁၇ ခုနှစ်။
ထိုင်းနိုင်ငံအတွင်းဖြစ်ပွားသော ယာဉ်တိုက်မှုအတွင်းတွင် မြန်မာအလုပ်သမား ၁၃ ဦး သေဆုံးခဲ့သည်။
မြန်မာရွှေ့ ပြောင်းအလုပ်သမား ၁၃ ဦးနှင့် ထိုင်းနိုင်ငံသား ကားမောင်းသမားတစ်ဦး လိုက်ပါလာသည့် ကားသည် ဆယ်ဘီးကားတစ်စီးအား ဝင်တိုက်ရာ မီးလောင်ခဲ့သည့်အတွက် လိုက်ပါလာသူ ၁၄ ဦးလုံး သေဆုံးခဲ့ခြင်း ဖြစ်သည်။
ထိုင်းနိုင်ငံ မဲဆောက်မြို့ မှ ဘန်ကောက်မြို့ သို့ ထွက်လာသည့် ကားသည် နိုဝင်ဘာလ ၂၄ ရက် ယမန် နေ့ နံနက် ၂ နာရီခွဲ အချိန်က ဆင်းဘူရီမြို့နယ် ပန်မန်းရပ်ကွက်ရှိ အာရှဟိုင်းဝေး လမ်းမကြီးပေါ်တွင် ဆယ်ဘီးကားတစ်စီးအား ဝင်ရောက်တိုက်မိရာမှ ကားမီးလောင်မှု ဖြစ်ပွားခဲ့ခြင်းဖြစ်သည်။
ဆင်းဘူရီ ရဲစခန်းမှ ထိုင်းရဲအရာရှိတစ်ဦးက “မြို့ထဲမှာ ဖြစ် တာမဟုတ်ဘူး။ အာရှလမ်းမ ပေါ်မှာဖြစ် တာ။ ဆယ်ဘီးကား နောက်ကို ဝင်တိုက်ခဲ့တာ။ ဖြစ်ပွားခဲ့အချိန်က မနက် ၂ နာရီခွဲက။ အားလုံးသေသွားတာ ကားမောင်းသူပါပါတယ်” ဟု ပြောသည်။
သေဆုံးသွားသည့် သူများအား မည်သူမည်ဝါ သိရှိနိုင်ရန် DNA စစ်ဆေးမှုများ ပြုလုပ်ရန် စီစဉ်နေပြီး နောက်ပိုင်းတွင် ၎င်းတို့၏ ဆွေမျိုးများကို အကြောင်းကြားသွားမည်ဟု ထိုင်းရဲအရာရှိက ပြောသည်။
ယင်းအလုပ်သမားများသည် ထိုင်း-မြန်မာ နယ်စပ်ရှိ မဲဆောက်မြို့ တွင် စီအိုင် ခေါ် စီစစ်ရေးကဒ်ပြား သွားရောက်လုပ်ကိုင်ကြပြီး ၎င်းတို့ အလုပ်လုပ်ရာ ဘန်ကောက်မြို့အနီးရှိ နုံထဘူရီခရိုင် ဘန်ဘိုထောင်းမြို့ သို့ အပြန်တွင် ယခုကဲ့သို့ ဖြစ်ပွားခဲ့ခြင်းဖြစ်သည်။
“ဒီအလုပ်သမားတွေက ပတ်စပို့သွားပြီးတော့လုပ်တယ်။ CI သွားပြီးတော့လုပ်တယ်။ လုပ်ပြီးတော့ ပြန်လာတဲ့အခါမှာ ကားတိုက်ခံသေရတယ်။ သူတို့ သေတဲ့ကားကတော့ ဗင်ကားလို့ခေါ်မယ်” ဟု အ လုပ်သမားအရေး ကူညီဆောင်ရွက်ပေးနေသည့် ထိုင်းနိုင်ငံရောက် မြန်မာနိုင်ငံသားများအဖွဲ့ MAT ဒါရိုက်တာ ဦးကျော်သောင်းက ပြောသည်။
ယခုဖြစ်ပွားခဲ့သည့် ယာဉ်မတော်တဆဖြစ်မှုတွင် မြန်မာရွှေ့ပြောင်း အလုပ်သမားများအတွက် လျော်ကြေးငွေ ပြန်လည်ရရှိရန် မြန်မာသံရုံးမှ တာဝန်ရှိသူများက စီစဉ်ဆောင်ရွက်နေသည်ဟု သိရသည်။",2.0,1.0,2.0,5.0,4.0,"The text is a factual news report about a tragic accident involving Burmese migrant workers in Thailand. It is written in natural, professional Burmese, providing clear details about the event, the victims, and the subsequent administrative procedures. It lacks complex reasoning or deep educational content, serving primarily as a journalistic record."
<urn:uuid:7cff3c3b-d387-4bda-a941-a1afb97782b4>,"မော်ဒယ်မလေးJ Naw ပုံလေးတွေဟာ ကြည့်ရှုသူတွေ များပြားခဲ့တာဖြစ်ပြီး ပုရိသတွေ အများဆုံး ဝန်းရံခြင်းခံနေရတာလည်း ဖြစ်ပါ တယ်။ပုံလေးတွေတိုင်းက ဆွဲဆောင်မှုရှိရှိနဲ့ ကြွေရုပ်လေး လို လှရက်လွန်းနေ တာလ ည်းဖြစ်ပါတယ်။သူမရဲ့ အမိုက်စား ခန္ဓာကိုယ်အလှ ကတော့ မြင်သူတိုင်း ငေးလောက်အောင်ကို ညို့ယူ ဖမ်းစားနေတာအမှန်ပဲဖြစ်ပါတယ်။ ချစ်ပရိသတ်ကြီးတွက် J Naw ရဲ့ ဖက်ရှင်အလန်း စား ပုံလေးကို မျှဝေပေးလိုက်ပါတယ်။
ချစ်ပရိတ်သတ်ကြီးရေ ဖြူဝင်းတဲ့ အသားအရည် နဲ့ အမိုက်စား ခန္ဓာကိုယ်လေးကို ပိုင်ဆိုင်ထားတဲ့ model J Naw ကိုသိကြမယ် ထင်ပါတယ်။ တိုင်းရင်းသူ ပီပီ သူမရဲ့ ရိုးသားပွင့်လင်း တဲ့ အပြုအမူ အပြော အဆို ဆက်ဆံမှုတွေကြောင့်လည်း ပရိသတ်တွေက တစ်ခဲနက် အားပေးနေ ကြတာဖြစ်ပါတယ်။
သူမဟာ မိန်းကလေးတိုင်း အားကျရလောက်အောင် အနေအထိုင်၊ ဖက်ရှင်ကျပြီး အမြဲတမ်း စမတ်ကျသူ တစ် ယောက်ဖြစ်ပါတယ်။ သူမရဲ့ အမိုက်စားပုံရိပ်နဲ့ ဗီဒီယိုလေးတွေကို လူမှုကွန်ယက်ဖေ့ဘွတ် ပေါ်တွင် အများဆုံးတင်လေ့ရှိ တာလည်းတွေ့ ရပါတယ်။သူမရဲ့ ဆွဲဆောင်မှုရှိရှိ အလှတရားတွေ နဲ့ ညို့ယူဖမ်းစားထားပြီး မိမိုက်လွန်းတဲ့ ပုံလေးတွေကိုဖော်ပြထားပါတယ်။
Source : J Naw Facebook Account
shwethit
unicode
မျောဒယျမလေးJ Naw ပုံလေးတှဟော ကွညျ့ရှုသူတှေ မြားပွားခဲ့တာဖွဈပွီး ပုရိသတှေ အမြားဆုံး ဝနျးရံခွငျးခံနရေတာလညျး ဖွဈပါ တယျ။ပုံလေးတှတေိုငျးက ဆှဲဆောငျမှုရှိရှိနဲ့ ကွှရေုပျလေး လို လှရကျလှနျးနေ တာလ ညျးဖွဈပါတယျ။သူမရဲ့ အမိုကျစား ခန်ဓာကိုယျအလှ ကတော့ မွငျသူတိုငျး ငေးလောကျအောငျကို ညို့ယူ ဖမျးစားနတောအမှနျပဲဖွဈပါတယျ။ ခဈြပရိသတျကွီးတှကျ J Naw ရဲ့ ဖကျရှငျအလနျး စား ပုံလေးကို မြှဝပေေးလိုကျပါတယျ။
ခဈြပရိတျသတျကွီးရေ ဖွူဝငျးတဲ့ အသားအရညျ နဲ့ အမိုကျစား ခန်ဓာကိုယျလေးကို ပိုငျဆိုငျထားတဲ့ model J Naw ကိုသိကွမယျ ထငျပါတယျ။ တိုငျးရငျးသူ ပီပီ သူမရဲ့ ရိုးသားပှငျ့လငျး တဲ့ အပွုအမူ အပွော အဆို ဆကျဆံမှုတှကွေောငျ့လညျး ပရိသတျတှကေ တဈခဲနကျ အားပေးနေ ကွတာဖွဈပါတယျ။
သူမဟာ မိနျးကလေးတိုငျး အားကရြလောကျအောငျ အနအေထိုငျ၊ ဖကျရှငျကပြွီး အမွဲတမျး စမတျကသြူ တဈ ယောကျဖွဈပါတယျ။ သူမရဲ့ အမိုကျစားပုံရိပျနဲ့ ဗီဒီယိုလေးတှကေို လူမှုကှနျယကျဖဘှေ့တျ ပျေါတှငျ အမြားဆုံးတငျလရှေိ့ တာလညျးတှေ့ ရပါတယျ။သူမရဲ့ ဆှဲဆောငျမှုရှိရှိ အလှတရားတှေ နဲ့ ညို့ယူဖမျးစားထားပွီး မိမိုကျလှနျးတဲ့ ပုံလေးတှကေိုဖျောပွထားပါတယျ။
Source : J Naw Facebook Account
shwethit",0.0,0.0,1.0,2.0,3.0,"The text is a celebrity gossip/entertainment piece about a model. It lacks educational or logical reasoning content. It is simple to comprehend (professionalism 1). It contains redundant text (the same content repeated twice) and boilerplate source tags, but the Burmese language usage is natural and reflects local celebrity culture."
<urn:uuid:e0ec10b7-4e6d-4d5d-b0c1-41bf8c5566e7>,"မြေပဲထောပတ်နဲ့ ဂျယ်လီ၊ ငါးနဲ့ အာလူး ချောင်းကြော်၊ ကြောင်နဲ့ ကြွက်ကာတွန်း၊ စတဲ့ အတွဲ
အဖက်မျိုးတွေမှာ အသား ကင်နဲ့ ဘီယာအေးအေးလေးလောက် ကောင်းတဲ့ အတွဲအဖက်
မျိုးကို ဘယ်အရာမှ မမီပါဘူး။
ဩစတြေးလျလေသံနဲ့ စကားပြောတတ်တဲ့ Conan the Barbarian ဆို တဲ့စစ်သည်တစ်ဦး
ပြောခဲ့ဖူးတာကတော့ ""ကိုယ့်ရဲ့ရန်သူကို နှိမ်နှင်းပစ်နိုင်ပြီး သူတို့တွေ ထွက်ပြေးသွားတာကို
မြင်ရ တာ၊ သူတို့မိန်းမတွေရဲ့ဝမ်းနည်းပူဆွေး မှုကိုကြားရတာဟာ ဘ၀မှာ အကောင်းဆုံး
အချိန်ပါ""တဲ့။
ဒါကတော့ သူ ရန်ကုန်က အကင်ဆိုင်မှာ ကြက်သား၊ ဆိတ်သား၊ ၀က်ကလီစာ၊ အာလူးနဲ့
ပဲပြားစတဲ့ အကင်တွေကို ၀ါးလိုက်၊ အေးမြနေတဲ့ တိုက်ဂါးဘီယာ တစ်ကျိုက်မော့လိုက်
စည်းစိမ်မျိုးကို မခံစားဖူးလို့ ဒီလိုပြောခဲ့တာပါ။
ဒါတွေတင် မကသေးပါဘူး။ ငါးကင်၊ ဂဏန်းသံပုရာပေါင်း၊ မာလာဟင်း စတာတွေကလည်း
ဘီယာနဲ့ လိုက်ဖက်တဲ့ အမယ်တွေပါ။
အကင်ဆိုင်ဟာ သူငယ်ချင်းအုပ်စု လိုက်စုပြီး သွားစားလို့ကောင်းတဲ့နေရာ တစ်ခုပဲ ဖြစ်ပါ
တယ်။ လူတိုင်းအကြိုက် နဲ့ ကိုက်ညီမယ့်အစားအစာမျိုးစုံ မှာစား လို့ရတယ်။ ထပ်မှာချင်
သေးတယ်ဆိုရင် လည်း အလွယ်တကူမှာလို့ရတယ်။
ပြီးတော့ အကင်ဆိုင်က အစားအစာတွေ အားလုံး ဘီယာနဲ့မလိုက်တာမရှိဘူး။ ဒါကြောင့်
လူများလေ ပိုပျော်စရာ ကောင်းလေပေါ့။ 'ကောင်းကောင်း'စားတော်ဆက်ဟာ ဓမ္မစေတီ
လမ်းရဲ့ အချက်အချာကျတဲ့ နေရာမှာရှိတဲ့အတွက် သူ့ဆိုင်သွားစားရ တာ အဆင်ပြေ
ပါတယ်။ ဒါပေမယ့် လိုင်းကားတွေ အနားက ကပ်မောင်း သွားတာမျိုး၊ စိတ်မထင်ရင်မထင်
သလို ကားဟွန်းတွေ အကျယ်ကြီး တီးကြတာ မျိုးတွေ လုပ်တတ်ကြတဲ့ ကားဒရိုင်ဘာ
တွေရဲ့ ဒဏ်ကိုတော့ ခံရမှာပါ။
စားသောက်ဝိုင်းတွေ ခင်းထားတဲ့နေရာမှာ မီးချောင်းမှိန်မှိန်လေးတွေ ထွန်းထား ပေးထားတဲ့
အတွက် ပတ်ဝန်းကျင်ကိုတော့ အထောက်အပံ့မဖြစ်ပါဘူး။ ဒါပေမယ့် ပိုင်ရှင်မဲ့ကြောင်လေး
တွေကို အရိုးအရင်းတွေ ချကျွေးပြီး ကောင်းမှုလုပ်နိုင်ပါတယ်။
နောက်ထပ် ထူးခြားမှုတစ်ခုကတော့ ဆီးသွားခွက်တွေ ရနံ့ကင်းသန့်ရှင်းစေဖို့ ရေခဲတုံးကြီး
တွေ ချထားပေးတာပါ။ Conan တစ်ယောက်ဘ၀မှာ အကောင်း ဆုံးဆိုတာတွေကို လက်လွတ်
ဆုံးရှုံးခဲ့ တာ သေချာပါတယ်။
ဤအကြောင်းအရာနှင့် ပက်သက်၍ ထင်မြင်ချက်ပေးလိုပါက ...
[email protected] သို့ပေးပို့နိုင်ပါသည်။",1.0,1.0,1.0,4.0,4.0,"The text is a casual, subjective review of a BBQ restaurant in Yangon. It lacks educational or complex reasoning value, serving primarily as lifestyle content. It is written in natural, colloquial Burmese with local cultural references, though it contains some boilerplate contact information at the end."
<urn:uuid:de29d433-cf8f-4724-8ad6-69a51a690969>,"ဘောလုံးလောကမှာတော့ အရပ်ရှည်တာကောင်းလှပါတယ်။ တိုက်စစ်မှူးတွေကအရပ်ရှည်ပြီဆိုရင် ခေါင်းတိုက်ဘောတွေဟာ အလိုလို ကောင်းသွားတတ်ပါတယ်။ တိုက်စစ်မှူးတွေအတွက်ရော ဂိုးသမားတွေအတွက်ရော အရပ်ရှည်ဖို့ လိုအပ်ပါတယ်။ အရပ်သာမန်ထက်ပိုရှည်ပြီး ကလန့်ကလားကြီးဖြစ်နေရင်ရော ဘောလုံးကန်ရတာအဆင်ပြေပါ့မလား။ အထက်ပါမေးခွန်းဟာ စိတ်ဝင်စားဖို့ကောင်းလှပါတယ်။ အရပ်ရှည်ရှည်နဲ့ ခြေစွမ်းပြကစားနေတဲ့ လောရှည်ဘောလုံးသမားသုံးယောက်ကိုလည်း ဖော်ပြပေးလိုက်ရပါတယ်။
3. Vanja Ivesa (အရပ်အမြင့် ၆ ပေ ၉)
Source: sillyseason.com
သူဟာ ဂိုးသမားတစ်ယောက်ပဲဖြစ်ပါတယ်။ သူကိုတော့ ဂိုးစောင့်တဲ့ ဘီလူးကြီးဆိုပြီးအများက ချစ်စနိုးနဲ့ခေါ်ကြပါတယ်။ သူဟာ တူရကီကလပ်အသင်းပေါင်းများစွာမှာ ကစားခဲ့ပါတယ်။ ယခုအချိန်မှာတော့ အသက် (၃၉) နှစ်ရှိနေပြီဖြစ်ပါတယ်။ စိတ်မကောင်းစရာတစ်ခုတော့ရှိပါတယ်။ သူဟာ တူရကီလက်ရွေးစင်အသင်းအတွက် ဘယ်တုန်းကမှ ရွေးချယ်ခြင်းမခံခဲ့ရပါဘူး။
2. Paul Millar (အရပ်အမြင့် ၆ ပေ ၉)
Source: sillyseason.com
သူဟာ စကော့်တလန်နိုင်ငံသားတစ်ယောက်ဖြစ်ပြီး ယခုလက်ရှိမှာတော့ Elgin City အသင်းမှာ ကစားနေပါတယ်။ သူကိုတော့ ၂၀၁၁ ခုနှစ်က ပရော်ဖယ်ရှင်နယ်စာချုပ်ချုပ်ဆိုခဲ့တာဖြစ်ပါတယ်။ သူဟာ ယခုအချိန်မှာ ဒူးဒဏ်ရာရရှိနေတဲ့အတွက် ဘောလုံးကစားခြင်းမှ ခေတ္တအနားယူထားရပါတယ်။
1. Kristof van Hout (အရပ်အမြင့် ၆ ပေ ၁၀)
Source: sillyseason.com
သူဟာတော့ အရပ်အမြင့်ဆုံး ဘောလုံးသမားတစ်ယောက်ဖြစ်ပါတယ်။ သူဟာ ဂိုးသမားကောင်းတစ်ယောက်ဖြစ်ပြီး လက်စွမ်းလည်းကောင်းမွန်လှပါတယ်။ ယခုလက်ရှိမှာတော့ K.V.C. Westerlo အသင်းမှာ ကစားနေတာဖြစ်ပါတယ်။",2.0,1.0,1.0,3.0,3.0,"The text provides simple, engaging information about tall football players. It is accessible to a general audience, written in natural Burmese, and follows a clear list structure. However, it lacks deep analysis or complex reasoning, and includes some boilerplate source citations."
<urn:uuid:e16d3960-f62b-43d0-8f43-ba7d8413cbcb>,"|
decembergirl
|
နားလည်စအရွယ်
လိင်(ကျား/မ) :
ရေးသားချက်ပေါင်း : 36
ရမှတ်ပေါင်းမှာ : 89
ရေးသားချက် သဘောကျခံရမှု : 1
ဖိုရမ် ပြိုင်ပွဲများမှ ဆုရရှိမှုများ :
မှတ်ပုံတင်သည့်နေ့ : 2009-05-03
အသက် : 25
တည်နေရာ : magway
အလုပ်အကိုင်/၀ါသနာ : ကျောင်းသူ ဓါတ်ပုံရိုက် listen the song
|
|
|Subject: စွမ်းအားရှင် 21st June 2009, 6:54 pm
||
|
|
|
|
ရင်ခုန်စေခဲ့ မျက်ဝန်းညှို့သူ
|
နင့်အကြည့်က
ငါ့ဝိညာဉ်ကိုတောင် ခဏတာ
လွင့်ထွက်သွားစေခဲ့တယ်
နင့်စကားသံလေးက
ငါ့ကိုငါတောင်
ဆွံ့အ, သွားစေခဲ့တယ်
နင့်အပြုအမှုတွေက
ငါ့လို မနူးညံ့တဲ့သူကိုတောင်
သိမ်မွေ့စေခဲ့တယ်
နင့်ရဲ့ နူးညံ့လတဲ့ လက်ဖျားလေးတွေရဲ့
အတွေ့အထိက
ငါ့ရင်ခုန်သံကို လှိုင်းထန်စေခဲ့တယ်
နင့်ကြောင့်လည်း
အချစ်ကို ငါနားလည်ခဲ့ပြီ
ငါချစ်သွားတာ နင်ပဲလေ..........",0.0,0.0,1.0,2.0,3.0,"The document is a forum profile followed by a short, amateur romantic poem. It lacks educational or reasoning value. While it contains some boilerplate forum metadata, the poem itself is written in natural, colloquial Burmese, reflecting local romantic expression, though it is not a high-quality or professional text."
<urn:uuid:69493048-0bdf-43e4-81ce-9a3428959c5f>,"အုပ်စုဖွဲ့၍ ဘုရားမှပြန်လာသူများအား ဓားဖြင့် လိုက်ခုတ်၊ ဆိုင်ကယ်ဖျက်ဆီးပြုလုပ်သူ များအား ဖမ်းဆီးအရေးယူ
ဘားအံ - စက်တင်ဘာ ၂၇
ကရင်ပြည်နယ်၏ အထင်ကရနေရာဖြစ်သော ဘားအံမြို့နယ်၊ ကော့ကသောင်ဂူဘုရားမုဒ်ဝတွင် စက်တင်ဘာလ(၂၆)ရက်နေ့၊ ညနေ(၅)နာရီ၊ မိနစ်(၃၀) အချိန်ခန့်က အရက်မူးနေသည့် (၇)ဦးပါဝင်သော အဖွဲ့ဖြင့် ဘုရားမှ ပြန်လာသည့် ဆိုင်ကယ်များအား တားဆီးကာ ဓားဖြင့် လိုက်ခုတ်ခြင်း၊ ထွက်ပြေးသူများ၏ ဆိုင်ကယ်များအား ဖျက်ဆီးခြင်းတို့ပြုလုပ်နေ၍ လုံခြုံရေးအဖွဲ့နှင့် ပတ်ဝန်းကျင်မှ ဝိုင်းဝန်းဖမ်းဆီးရာ ဘားအံမြို့နယ်၊နောင်ထလုံးကျေးရွာတွင် နေထိုင်သည့် မြင့်ဦး၊၂၂နှစ်အား ဖမ်းဆီးရမိခဲ့သည်။
ယင်းအဖွဲ့မှ ဓားဖြင့်ခုတ် ဆိုင်ကယ်စီးဦးထုပ်တို့ဖြင့် ရိုက်ခဲ့သည့်အတွက် ဘားအံမြို့နယ်၊ အိန္ဒဲကျေးရွာအုပ်စု၊ကော့ဝုန်းကျေးရွာနေ အောင်ထွန်းမျိုး၊ ၂၁နှစ်တွင် ခါးယာဘက်ခြမ်း၌ ပြတ်ရှ ဒဏ်ရာ(၁)ချက်၊ ယာလက်ဖဝါးပြတ်ရှ ဒဏ်ရာ(၁)ချက်၊ ဦးခေါင်းပေါက်ပြဲဒဏ် ရာ(၁)ချက်တို့ရရှိခဲ့ပြီး ၎င်းမှပင် တရားလိုပြုလုပ်ကာ အိန္ဒုနယ်မြေရဲစခန်း၌ (ပ)၇၁/၂၀၁၆၊ရာဇသတ်ကြီးပုဒ်မ ၃၂၆/၁၁၄တို့ဖြင့်အမှုရေးဖွင့်ထားပြီး နယ်ထိန်းခေါင်းဆောင်ဒုရဲအုပ်လင်းထွန်းမှစစ်ဆေးခဲ့ကြောင်း သိရသည်။
စစ်ဆေးပေါ်ပေါက်ချက်အရ ပြစ်မှုကျူးလွန်ရာတွင် ပါဝင်သူများမှာ ဘားအံမြို့နယ်အတွင်း နေထိုင်ကြသည့် လှိုင်ဝါးကျေးရွာနေအဂျိုင်း၊၂၃နှစ်၊ ကော့ဝါးဆူးကျေးရွာ နေအောင်ဇော်ဦး၊ ၁၈နှစ်၊ ဖာလင်ကျေးရွာနေ နေမင်းထွန်း(ခ)ချာပေါင်၊ ၁၈နှစ်၊ လှိုင်ကားကျေးရွာနေ အောင်မြင့်ဦး(ခ)အခိန်၊၁၆နှစ်၊ ကော့ပရံကျေးရွာနေ ကျော်အဲခလိန်း၊ ၁၈နှစ်နှင့်ကော့ဒိုင်းကျေးရွာနေဇော်ဝမ်း(ခ)မီးသီး၊ ၁၉နှစ်တို့ဖြစ်ကြောင်း စစ်ဆေးသိရှိရ၍ အိန္ဒုနယ်မြေရဲစခန်းမှ နယ်ထိန်းတပ်ဖွဲ့ဝင်များ၏ ကြိုးစားဖော်ထုတ်မှုကြောင့် စက်တင်ဘာလ(၂၇)ရက်နေ့နံနက်(၁)နာရီအချိန်တွင် လှိုင်ဝါးကျေးရွာအတွင်းမှ ပြစ်မှုကျူးလွန်ရာတွင် ပါဝင်သူ(၆)ဦးအား သက်သေခံ ပစ္စည်းများနှင့်အတူ ဖမ်းဆီးရမိခဲ့၍ အိန္ဒုနယ်မြေရဲစခန်းမှ ဥပဒေနှင့်အညီ ဆောင်ရွက်လျက်ရှိကြောင်း သိရသည်။
မင်းသူ(ဘားအံ)
ဘားအံသတင်း
သစ်ထူးလွင်မှ သတင်းများကို မလွှတ်တမ်းဖတ်နိုင်ရန်အတွက် အောက်က (F)follow ဆိုတာလေးကို click လုပ်လိုက်ပါ။ အမှန်ခြစ်(✔)လေးဖြစ်သွားရင် ရပါပြီ။ သတိ - follow အရှေ့မှာ အမှန်ခြစ်(✔)လေး ရှိနေပြီဆိုရင်တော့ follow လုပ်ပြီးသားမို့ပါ။ ထပ်လုပ်စရာမလိုပါဘူး၊
Labels: မှုခင်း
မှတ်ချက်ရေးသားလိုတဲ့ စာဖတ်ပရိတ်များ တောင်းဆိုချက်အရ ဖွင့်ပေးလိုက်ပါပြီ။ မှတ်ချက်များ ရေးသားနိုင်ပါပြီ။
အချိန်နဲ့ တပြေးညီ သတင်းများ ဖတ်ရှုနိုင်ဖို့  facebook ""like"" ကို နှိပ်ပါ။ firstname.lastname@example.org ကို လည်း သတင်းများ ဆက်သွယ်ပေးပို့ နိုင်ပါသည်။
နောက်ဆုံးရ သတင်းများကို အောက်ပါ Tweets မှာ ဖော်ပြထားပါတယ်။ Tweets ရဲ့ ဘေးဘောင်တန်းကို ဆွဲချပြီ မိမိတို့ စိတ်ဝင်စားတဲ့ သတင်းခေါင်းစဉ် အောက်က Link ကို နှိပ်ပြီ အပြည့်အစုံဖတ်ရှုနိုင်ပါတယ်။ Tweets by @thithtoolwin",1.0,1.0,2.0,2.0,4.0,"The document is a standard local crime report. It provides factual information about a specific incident in Hpa-An, Myanmar. While it lacks deep educational or reasoning value, it is written in natural, authentic Burmese, reflecting local administrative and social contexts. It contains some boilerplate and promotional text at the end, which slightly impacts cleanliness."
<urn:uuid:af38a3ed-a398-4160-b5bb-fca71e7815dd>,"ဟိုဆေးမော်ရင်ဟို
“ပြီးခဲ့တဲ့ သုံးလေးနှစ်အတွင်း ကလပ်အသင်းတွေ သုံးစွဲတဲ့ ငွေပမာဏကို ပြန်ကြည့်ပါ။ ခင်ဗျားတို့ အံ့ဩသွားမယ်လို့ ထင်တယ်။ ဂဏန်းပေါင်းစက် တစ်လုံး ယူလိုက်စမ်းပါ။ ဒါက တွက်ရချက်ရ အလွယ်ဆုံး ဖြစ်လိမ့်မယ်။ ကိုယ်က ကိစ္စတစ်ခုကို ရိုးရိုးသားသား ချဉ်းကပ်မယ်ဆိုရင် မန်နေဂျာ တစ်ယောက်အတွက် ဖြစ်ဖြစ်၊ သတင်းသမား တစ်ယောက်အတွက် ဖြစ်ဖြစ် ပိုလွယ်ကူမှာပါ။ အာဆင်နယ်ဟာ အရမ်းထူးချွန်တဲ့ ဂိုးသမား တစ်ယောက်ကို ဝယ်လိုက်ပြီ။ ဒါက သူတို့အတွက် အလားအလာ ပိုကောင်းလာစေမှာပါ။ အသင်းမှာ မီဆွတ်အိုဇေးလ်၊ အလက်ဆစ်ဆန်းချက်ဇ်၊ ကာလွန်ချမ်ဘာစ်နဲ့ မက်သရူး ဒီဘူချီတို့ကိုပါ ခေါ်ယူထားတဲ့အခါ သူတို့ သုံးထားတဲ့ ငွေပမာဏကို တွက်ကြည့်ရင် အံ့ဩစရာ ဖြစ်နေတာ တွေ့လာရလိမ့်မယ်”",1.0,2.0,2.0,5.0,3.0,"The text is a coherent, natural-sounding commentary on football club spending. It uses conversational Burmese, reflecting authentic sports journalism style. While it lacks deep academic or complex reasoning, it provides a clear, logical argument regarding financial management in sports, making it accessible and culturally relevant to local football fans."
<urn:uuid:8bbc7fba-3684-49ec-81ac-0f3d2779b0bd>,"မြန်မာနိုင်ငံကို ၂၀၁၄ ခုနှစ်မှာ အာစီယံအလှည့်ကျ ဥက္ကဋ္ဌ တာဝန်ယူဖို့ အဆင်သင့်ဖြစ်မဖြစ် အကဲခတ် လေ့လာဖို့အတွက် လက်ရှိ အာစီယံအလှည်ကျ ဥက္ကဋ္ဌ အင်ဒိုနီးရှားနိုင်ငံခြားရေးဝန်ကြီး Marty Netalegawa နဲ့ အဖွဲ့ဟာ မနက်ဖြန် မြန်မာနိုင်ငံကို ၃ ရက်ကြာခရီး ရောက်ရှိမှာဖြစ်ပါတယ်။
၀န်ကြီး Marty က မြန်မာနိုင်ငံကို အာစီယံဥက္ကဋ္ဌ တာဝန်ပေးရေးအပေါ် ဒေါ်အောင်ဆန်းစုကြည်နဲ့ မြန်မာ့ လူထုအခြေပြု အဖွဲ့အစည်းတွေရဲ့သဘောထားကို နားထောင်လိုပါတယ်လို့ ပြီင်္းခဲ့တဲ့လက ပြောဆိုထားတာနဲ့ အညီ ဒီခရီးစဉ်အတွင်း လူထုအခြေပြု အဖွဲ့အစည်းတွေနဲ့တွေ့ဖို့ အစီအစဉ်ရှိကြောင်း အင်ဒိုနီးရှား နိုင်ငံခြားရေး ၀န်ကြီးဌာနက အတည်ပြုပေမဲ့ ဒေါ်အောင်ဆန်းစုကြည်နဲ့ တွေ့ဖို့ အစီအစဉ်ကိုတော့ ညှိနှိုင်းနေဆဲမို့ အတည်ပြုချက် မပေးသေးပါဘူး။ ဒီသတင်းအစုံအလင်ကိုတော့ ဘန်ကောက်ကနေ ဗွီအိုအေ ၀ိုင်းတော်သူ ဒေါ်ခင်စိုးဝင်းက တင်ပြပေးထားပါတယ်။
အင်ဒိုနီးရှား၊ နိုင်ငံခြားရေးဝန်ကြီး မာတီ နာတာလီဂါဝါရဲ့ မြန်မာနိုင်ငံ အကဲဖြတ် လေ့လာရေးခရီးစဉ်နဲ့အတူ လိုက်ပါသွားမယ့် ပြောခွင့်ရပုဂ္ဂိုလ် မိုက်ကယ်တီနေ (Michael Tene) က ဒီခရီးစဉ်အတွင်းမှာ နေပြည်တော် က မြန်မာအစိုးရပိုင်း တာဝန်ရှိသူတွေနဲ့ရော၊ လူထုအခြေပြု အဖွဲ့အစည်းတွေနဲ့ပါ တွေ့ဆုံဆွေးနွေးဖို့ စီစဉ် ထားတယ်လို့ ဗီအိုအေကို အခုလို အတည်ပြုပါတယ်။
အစိုးရတာဝန်ရှိသူတွေနဲ့ တွေ့ဆုံမှာဖြစ်ပါတယ်။ နောက်ပြီးတော့ မြန်မာ သမ္မတကိုလည်း နှုတ်ဆက်မှာပါ။ မြန်မာ နိုင်ငံခြားရေးဝန်ကြီးအပြင် မြန်မာအစိုးရအဖွဲ့ဝင် ဝန်ကြီးတွေနဲ့လည်း တွေ့ဆုံဖို့ရှိတယ်။ အာစီယံအရေး တာဝန်ယူထားတဲ့ ပုဂ္ဂိုလ်တွေနဲ့လည်း တွေ့ဆုံဖို့ရှိတယ်လို့ ပြောပြသွားတာပါ။
အင်ဒိုနီးရှားနိုင်ငံခြားရေးဝန်ကြီးက ပြီးခဲ့တဲ့စက်တင်ဘာလတုန်းက နယူးယောက်မြို့မှာ ကုလသမဂ္ဂ အထွေထွေညီလာခံ တက်ရောက်တဲ့ခရီးစဉ်အတွင်း မြန်မာ့အရေးကို ပြောဆိုကြရာမှာ မြန်မာနိုင်ငံ အာစီယံ အလှည့်ကျဥက္ကဋ္ဌ တာဝန်ပေးရေးကိစ္စနဲ့ပတ်သက်ပြီးတော့ မြန်မာ့ဒီမိုကရေစီရေးခေါင်းဆောင် ဒေါ်အောင်ဆန်းစုကြည်နဲ့ လူထုအခြေပြုအဖွဲ့အစည်းတွေရဲ့ သဘောထားကို သူနားထောင်လိုပါတယ်လို့ ပြောဆိုသွားတာပါ။
ဒါကြောင့် ဒီခရီးစဉ်အတွင်းမှာ ဝန်ကြီး မာတီ နာတာလီဂါဝါအနေနဲ့ ဘယ်လိုလူထုအခြေပြုအဖွဲ့အစည်းတွေနဲ့
တွေ့ဆုံမယ်လို့ ထုတ်ဖော်မပြောဆိုပေမယ့် ရန်ကုန်မှာရှိတဲ့ လူထု အခြေပြုအဖွဲ့အစည်းတွေနဲ့ တွေ့ဆုံဖို့ ရှိတယ်လို့ မိုက်ကယ် တီနေက အတည်ပြုပါတယ်။ ဒေါ်အောင်ဆန်းစုကြည်နဲ့ တွေ့ဖို့ အစီအစဉ်ကိုတော့ မိုက်ကယ်လ်တီနေက အခုလိုပြောပါတယ်။
တွေ့ဆိုဖို့စီစဉ်ထားပါတယ်။ ဒါပေမယ့် အစီအစဉ်အသေးစိတ်က ညှိနှိုင်းနေဆဲဖြစ်တာကြောင့် သူ့အနေနဲ့ အတည်ပြုချက်မပေးနိုင်သေးဘူးလို့ ပြောဆိုသွားတာပါ။ ဒါပေမယ့် သူကဆက်လက်ပြီးတော့ ဒီ ခရီးစဉ် အတွင်းမှာ ဒေါ်အောင်ဆန်းစုကြည်နဲ့ တွေ့ဖို့ ဖြစ်နိုင်တယ်ဆိုတာကို အဲဒီခါကျရင် လက်တွေ့ သိရမှာပါလို့သာ သံတမန်ထုံးစံအရ မိုက်ကယ်တီနေက ဖြေဆိုသွားပါတယ်။
NLD နဲ့နီးစပ်တဲ့ သတင်းရပ်ကွက်ကတော့ အင်ဒိုနီးရှားဝန်ကြီး မာတီ နာတာလီဂါဝါနဲ့ ဒေါ်အောင်ဆန်းစုကြည် တို့ တွေ့ဖို့ရှိတာကို သိရတယ်လို့ ဗွီအိုအေကိုပြောပြပါတယ်။ အာဆီယံအလှည့်ကျဥက္ကဋ္ဌ အင်ဒိုနီးရှားနိုင်ငံရဲ့ နိုင်ငံခြားရေးဝန်ကြီး မာတီ နာတာလီဂါဝါနဲ့အဖွဲ့ဟာ အောက်တိုဘာလ ၂၈ ရက်နေ့၊ သောကြာနေ့မှာ ရန်ကုန်မြို့ကို ရောက်ရှိပြီးတော့ နေပြည်တော်ကို စနေနေ့မှာသွားရောက်ဖို့ စီစဉ်ထားပါတယ်။
နေပြည်တော်ကနေ ရန်ကုန်ကိုပြန်လာပြီးတော့ အောက်တိုဘာလ ၃၀ ရက်နေ့၊ တနင်္ဂနွေနေ့မှာ ပြန်လည် ထွက်ခွာဖို့ ရှိတယ်လို့ အင်ဒိုနီးရှား နိုင်ငံခြားရေးဝန်ကြီးဌာနက ဗီအိုအေကို အတည်ပြုပြောဆိုထားပါတယ်။",2.0,2.0,2.0,5.0,4.0,"The text is a standard news report about diplomatic visits. It provides factual information about international relations and ASEAN, which is educational, but lacks deep analysis or complex reasoning. It is written in natural, professional Burmese, reflecting local political context and journalistic standards."
<urn:uuid:264f66a8-8a40-4c24-87c5-b9b64fb62e89>,"ဒီရေ သတင်းများ
RSS Feed
|
Twitter Follow
မူလစာမျက်နှာ
သတင်း
သတင်းများ သီးသန့်
မျှဝေခြင်း
အထူးကဏ္ဍ
ဆောင်းပါး
ကြေငြာချက်
သောင်းပြောင်းထွေလာ
အက်ဆေး
အင်တာဗျူး
Software
Internat
Market
Stock
ကဗျာ
Dvd
Games
Software
Office
အမှတ်တရများ
၀မ်းနည်းမှတ်တမ်း
ကာတွန်း
အသံဖိုင်
တော်လှန်ရေး လက်စွဲ
အထူးကဏ္ဍ
ခေတ်ပြိုင် မှ နောက်ဆုံးရ သတင်း
သတင်း ခေတ်ပြိုင်
|
Posted by
ဒီရေ
at
2:21 PM
Labels:
သတင်း
0 comments:
Post a Comment
သင်ကြိုက်တာရေးပါ။
Newer Post
Older Post
Home
Subscribe to:
Post Comments (Atom)
Follow by Email
ဒေါ်အောင်ဆန်းစုကြည်
ကမ္ဘာမကြေဘူး သီချင်းလေးပါ
အကြီးကြည့်ရန် နှိပ်ပါ။
Myanmar Fonts Download
Zawgyi-One Font
ကဒီမှာ
(
Clip Here
)
Key Board Layout Sotfware
ကဒီမှာ
(
Clip Here
)
ဧည့်သည်တော် မှတ်တမ်း
ကီးဘုတ်ပုံကိုနှိပ်၍ မောက်ဖြင့်ရေးပါ
မိတ်ဆွေ ဘလော့ဂ်များ
မိတ်ဆွေ ဘလော့ဂ်များ
DID
မဇ္ဈိမ
ကိုဧဏီ
ဥတ္တရ
ပျူနိုင်ငံ
စိုင်းဝဏ္ဏ
ဒေါင်းတမန်
ဒို့အာဇာနည်
ဒေါင်းမင်း
လမင်းခင်
ခင်မင်းဇော်
BWRPC
HRM
လမ်းပြကြယ်
ငွန်ငယ်မိုး
Co2zenith
ကိုနစ်နေးမန်း
ကိုမိုးသီးဇွန်
လွင်ပြင်ထဲက ၀ဏ္ဏ
ကိုအိုးဝေအောင်
ဆုံဆည်းရာ
မကြီးသဒ္ဓါ
လင်းလက်ကြယ်စင်
ကောင်းကင်ကို
အန်ဒါမန်ဟီးရိုး
ဒေါက်တာလွဏ်းဆွေ
ယောဟန်အောင်
အမိမြန်မာပြည်အတွက်
ကောလဟာလများ
မင်းမော်စိုး
မြေသြဇာအဖွဲ့
Generation Wave
ဒီဇိုင်း ကိုမျိုး
သတင်းဋ္ဌာနများ
သတင်းဋ္ဌာနများ
ခေတ်ပြိုင်
ဧရာဝတီ
ဟစ်တိုင်
မိုးမခ
ဘီဘီစီ
နိရဉ္စရာ
နေ့သစ်
ရိုးမ၃
မဇ္ဈိမ
ဗီအိုအေ
ဒီဗွီဘီ
မိုးသောက်ကြယ်
ယနေ့မြန်မာ
လူထုအသံ
ဟစ်တိုင်
သျှမ်းသံတော်ဆင့်
သံလွင်အိမ်မက်
အာအက်ဖ်အေ
မွန်သတင်း
သတင်းနှင့်မီဒီယာကွန်ယက်
ရွှေမန္တလေး
ဧည့်သည်တော် နိုင်ငံများ
counter
alternative-media
Labels
ကဗျာ
ကာတွန်း
ဓါတ်ပုံ
ဓါတ်ပုံ
ဗီဒီယို
ဗွီဒီယို
မျှဝေခြင်း
သတင်း
သတင်းတို
အင်တာဗျူး
အထူးသတင်း
အသံဖိုင်
ဆောင်းပါး
ကြော်ငြာ
ကြေငြာချက်
Blog Archive
Blog Archive
June (6)
July (6)
September (3)
July (5)
June (1)
May (4)
April (10)
March (21)
February (4)
January (2)
December (8)
November (76)
October (36)
September (26)
August (76)
July (35)
June (28)
May (44)
April (84)
March (52)
February (108)
January (134)
December (134)
November (137)
October (190)
September (270)
August (254)
July (208)
June (154)
May (236)
April (52)
January (234)
December (242)
November (227)
October (252)
September (157)
August (263)
July (322)
June (302)
May (430)
April (12)
Home
Sample Page
About
About
About
About
memberlist
Full wide
Copyright © 2010
ဒီရေ သတင်းများ
Powered By
Blogger
Design:
Web2feel
Blogger Template
by
Blogger Theme
|
Blogger Templates",0.0,0.0,1.0,1.0,2.0,"The document is a collection of website navigation menus, sidebar widgets, blog archive links, and boilerplate text from a 2010-era Blogger site. It contains no substantive articles, educational content, or logical reasoning. It is essentially a template structure with no meaningful body text, though it uses authentic Burmese language and local media references."
<urn:uuid:d4759e88-4a55-43c0-9bb3-be9595b0c082>,"မနက်အစောကြီး မိုးရွာသွန်းမှုကြောင့် လမ်းပေါ်ရော အိမ်ထဲ့အထိပါ ရေဝင်နေပါသည် မမကြီး နှစ်လင်ကွာ အထန်မမ ခင်သိမ့်သိမ့် ကတော့ အိမ်ထဲ့မှာ အသက်၆၀နားနီး အမေအိုဖြင့် အိပ်ကောင်းနေတုန်းဖြစ်သည် အမေကြီးက မျက်လုံးခွဲထားသဖြင့် ဘာမှရေရေရာရာမမြင်ရပေ မမသိမ့်က အိမ်မှာ စက်ချုပ်ဆရာမတစ်ယောက်လဲဖြစ် တာမို့ သူအိမ်မှာ အလုပ်ကူလုပ်ပေးတဲ့ အိမ်အကူရွာသူလေး မိထွန်းကလဲ အလွန်ချစ်လှသည် အဲ့နေ့က မိုးတအား အုံနေတာမို့ မနက် ၈နာရီလောက်ထိ လူသူသွားလာမှုနည်းပါးပေသည် မမရဲ့ ဖောက်သည် ကိုနိုင်လင်း တစ်ယောက်ကတော့ မမကို လာလာပိုးနေသူဖြစ်သည်
မမသိမ့်ကို အလွန်စွဲလမ်းသူဖြစ်သည် မမသိမ့်က ဆက်စ်စီ သည် ကိုယ်လုံးလှသည် ရုပ်မှာ လုလုအောင်လို စွဲဆောင်မှု အားကောင်းသည် သို့သော် နှစ်လင်ကွာ ဆိုသည့်အတွက် ယောကျာ်း တစ်ချို့က အခွင့်အရေးသာလိုချင်ကျသည် တကယ်လက်ထက်ယူနိုင်သည့် ပုံစံတော့မဟုတ်ပေ ကိုနိုင်လင်းကဆော့ မတူပေ မမသိမ့်ကို ချစ်လဲချစ်သည် ဘုလဲဘုချင်သည် အခွင့်အရေးရရင်ရသလို မမသိမ့်ကို ပြစ်မှာချင်သည်
မမသိမ့်၏ နှစ်လင်ကွာ ဇာတ်လမ်းကား ဒီလိုဗျာ မမသိမ့်က မြော့ရှိသည် စဖုတ်ကြီးဖောင်းပြီး အရည်ရွှမ်းသည် တော်ယုံလူ ကြာကြာမခံနိုင် တစ်ခဏနဲ့ပြီးသည် ထို့ကြောင့် ရှေ့နှစ်ယောက် ယောကျာ်းက မခံနိုင်ဘဲ ညတိုင်းဘုပါများပြီး သွေးအားနည်းကာ ကျန်းမာရေး ထိခိုက်လာသောကြောင့် ကွာရှင်းကျခြင်းဖြစ်သည် မမသိမ့်က အလုပ်ကြမ်းလုပ်နိုင်သူလဲ ဖြစ်သောကြောင့် ဆက်စ် ကိစ္စမှာ ဦးဆောင်မှု လုပ်နိုင်သလို အပြုအစုလဲ ပိုင်သည် မမသိမ့်အကြောင်းကို ရှေ့လင်နှစ်ယောက်စီက သိထားသူ ကိုနိုင်လင်းက မမသိမ့်ကို အပိုင်ကြံလိုခြင်းဖြစ်သည် ကိုနိုင်လင်းမှာ ဆေးကောင်းရှိသည် မင်းတုန်းမင်း၏ လက်စွဲတော် အကိုင်းတစ်ရာ တောင်ပေါ်က အနှစ်တစ်ထောင် ဆေးပင်ကြီးအမြစ်ရှိနေခြင်းဖြစ်သည်
အဖိုးဖြစ်သူကလဲ နန်းတွင်းသမားတော် ဆိုသည့်အတိုင်းသားစဉ် မြေးအဆက်ကို လက်ဆင့်ကမ်းထားခဲ့ခြင်းဖြစ်သည် ဆေးမြစ်အစွမ်းကတော့ မောင်းမတစ်ထောင်တောင်မကဘူးဗျို အဲ့လိုဆေးစွမ်းကြောင့် မိမိကိုယ်ကို ယုံကြည်မှုက ၁၀၀မှာ ၁၀၀ရှိနေခြင်းဖြစ်သည် ထို့နေ့မနက် ၇နာရီလောက် မမသိမ့်ကို ဖုန်းဆက်ပြီး ချုပ်ထားသော ကော်လံအကျီ င်္ ကိုလာယူမည် ဖြစ်ကြောင်းပြောထားလိုက်သည် `မသိမ့်ရေ ဒီမနက်၇နာရီ ခွဲလာယူမယ်နော်´ `အင်းပါဟာ နင်ကလဲ ဒီလောက်မိုးကောင်းနေတာ ငါကောင်းကောင်း အိပ်ပါရစေဟာ´ ကိုနိုင်လင်း အိမ်ရှေ့ရောက်သောအခါ ဆိုင်ကယ် ဟွန်းသံပေးပြီး အချက်ပြလိုက်သည်
` တီ တီ ´ ညအိပ် ဝတ်စုံဖြင့် တံခါးလာဖွင့်ပြီး စက်ချုပ်ခန်းထဲ့ခေါ်သွားလိုက်သည် ထို့စဉ် ကြီးမားသော မိုးဟိန်းသံကြောင့် မမသိမ့်တစ်ယောက် ကိုနိုင်လင်း ရင်ခွင်ထဲ့သို့ ခေါင်းချ ဖက်ထားမိလိုက်သည် ဒုတ်တစ်ထောင်ထောင်ဖြစ်နေသော ငယ်ပါက မမသိမ့် ဗိုက်ကိုထိုးထားသောကြောင့် မမသိမ့်တစ်ယောက်ရှက်သွေးဖြာသွားသည် မမသိမ့်ကို ကိုနိုင်လင်း ဖက်ထားပြီး `မမ ကျွန်တော်မမကိုချစ်တယ်ဗျာ ´ဆိုပြီး ကွမ်းစားထားသော လျှာကြမ်းဖြင့် မမသိမ့် နမ်းနေပါတော့သည် တနှာထူသော မမသိမ့်က အသာတကြည် ငြိမ်ခံနေလိုက်သည် ထို့စဉ် မိုးများ အားကောင်းစွာ ရွာသွန်းမှုကြောင့် မိထွန်းနှင့် အမေအိုသည်လဲ သိုးနေအောင် အိပ်စက်နေပါတော့သည် မမသိမ့်တစ်ယောက် စက်ချုပ်ခုံပေါ် ပေါင်တကားကားနှင့် ကိုနိုင်လင်းကလဲ တင်းရင်းနေသောနို့များကို ညအိပ်ဝတ် ဆက်စ်စီ ဆန်ဆန် အကျီ င်္ပေါ်ကနေ ဝက်မြှီး ကဲ့သို့ နှိုက်မြည်းနေပါတော့သည်
`အင့် အင်း အိုး အမောင့် ဖြေးဖြေးလုပ်ပါ အိပ်နေတဲ့သူတွေ ထလာပါဦးမယ် ´ `မထစေရပါဘူး ဒီလောက် မိုးကောင်းနေတာ ´ ဆိုပြီး ပုထိုးချွတ် ထမီလှန်ရင်း အားရပါးရ ငြောင့်လေတော့သည် မမသိမ့်ရဲ့ မြော့ အစွမ်းကြောင့် ကိုနိုင်လင်းအားရယုံမက စက်ချုပ်ခုံပါ ခြေတံ မကျိုးယုံတမယ် ယိုးနေပါတော့သည် ထို့နေ့မနက် မိုးကို ကိုနိုင်လင်း သတိတရရဖြစ်မနေတော့ပေ ယခုချိန်မှာတော့ ကိုနိုင်လင်းက ညနေတိုင်းလိုလို ပန်းခြံထဲ့ ခေါ် ဘုနေခံနေရသောကြောင့် မမသိမ့်တစ်ယောက် ပျော်ရွှင်လျက်ရှိပေ့သည် မိထွန်းတစ်ယောက် ထို့နေ့အကြောင်းအရာကို သိထားသော်လဲ မိမိမှာ သွေးသားတည်ဆောက်ထားသောကြောင့် အသာတကြည် ခိုးကြည့်ကာ ကာမ၏အရသာကို စမ်းကြည့်ချင်နေပါတော့သည်…..",0.0,1.0,1.0,3.0,3.0,"The document is a piece of erotic fiction. It lacks educational value and complex reasoning. While it is written in natural Burmese, the content is purely adult-oriented, which limits its professionalism and educational utility. It is formatted as a narrative, but the subject matter is inappropriate for general corpora."
<urn:uuid:2091ff41-50e2-4b5a-919c-3555e6da7c82>,"နောက်လာမယ့် iOS 10 မှာ ယူနီကုဒ် တခါထဲ ပါလာတော့မယ်ဆိုတော့ အဲဒါကို မသုံးခင် လောလောဆယ် ယူနီကုဒ်ပြောင်းသုံးချင်ရင် လုပ်ရမယ့် အဆင့်လေးတွေကို ပြောပြချင်ပါတယ်။ တခြားသူတွေရေးထားပြီးသားလဲ ရှိချင်ရှိမှာပါ။ ပြန်ကူးပြီး မတင်ချင်လို့ ကိုယ့်ဘာသာပဲ ရေးလိုက်ပါတယ်။
ပထမဆုံး myFont, ttkeyboard app တွေကို အင်သတောလုပ်ထားဖို့လိုပါတယ်။
အင်စတောလုပ်ပြီးရင် myapp ကို ဖွင့်လိုက်ပါ။ အောက်ကလိုမျိုးမြင်ရပါလိမ့်မယ်။
ခုမြင်ရတဲ့ Tharlon, MyanmarCensus, Myanmar3 က myapp မှာ ပါတဲ့ ယူနီကုဒ် ဖောင့်ပါ။ တစ်ကယ်လို့ ယူနီကုဒ် 100% , ဇော်ဂျီ 80% မြင်ရတဲ့ဖောင့်ကို လိုချင်ရင် အောက်နားလေးကို နည်းနည်းဆွဲချလိုက်ပါ။ Hybrid Fonts အောက်မှာရှိတဲ့ zawdecode 1.1, NanKhone Web pro ထဲက တစ်ခုခုကို သုံးနိုင်ပါတယ်။
ကြိုက်တဲ့ တစ်ခုကို ဖိနှိပ်လိုက်ပါ။ အော်ကလိုမျိုး မြင်ရပါလိမ့်မယ်။
install ကို နှိပ်လိုက်ပါ။ passcode တောင်းပါလိမ့်မယ်။ passcode ထည့်ပေးလိုက်ပြီးရင် အောက်ကလိုမြင်ရပါလိမ့်မယ်။
အပေါ်နားက install ကို နှိပ်ပါ။ ပြီးရင် နောက်ထပ်အောက်နားမှာပေါ်လာတဲ့ install ကို ထပ်နှိပ်လိုက်ပါ။ခုဆိုရင် သင်ရွေးချယ်ခဲ့တဲ့ ယူနီကုဒ်ဖောင့် profile သွင်းပြီးသွားပါဘီ။ အောက်ကလိုမြင်ရပါလိမ့်မယ်။
အပေါ်မှာ ရွေးလိုက်တုန်းက tharlon ဖြစ်ပြီးအခုပုံက pyidaungsu ဖြစ်နေလို့ ဇဝေဇဝါမဖြစ်ပါနဲ့။ ကျွန်တော်က ပြည်ထောင်စုဖောင့်ကို သွင်းထားပြီး အခုပို့တင်ဖို့အတွက် သာလွန်ကို ရွေးထားလို့ပါ။ တကယ်လို့ အရင်က ဇော်ဂျီ profile သွင်းထားမယ်ဆိုရင် အဲဒါကို ဖျက်ပေးဖို့လိုပါတယ်။ သွင်းထားလဲ ဇော်ဂျီကို မြင်ရတော့မှာ မဟုတ်ပါဘူး။ ဖောင့်ပရိုဖိုင်သွင်းပြီးရင် ကီးဘုတ်သွင်းဖို့ပဲ ကျန်ပါတော့တယ်။ ကီးဘုတ်အတွက်ကတော့ ttkeyboard အင်စတောလုပ်ထားဖို့လိုပါတယ်။ အင်စတောလုပ်ပြီးရင် setting >> General >> keyboard >> keyboard ကို သွားလိုက်ပါ။ အောက်ကအတိုင်းမြင်ရပါလိမ့်မယ်။
Add new keyboard ကို နှိပ်လိုက်ပါ။
ပြီးရင် ttkeyboard ကို သွားပါ။
myansan ကီးဘုတ်ကို on လိုက်ပါ။
ဒါတွေလုပ်ပြီးရင် ပီးပါဘီ။ ခုဆိုရင် iOS ဖုန်းမှာ ယူနီကုဒ်လဲ ထည့်ပြီးဘီ ရိုက်ဖို့ ကီးဘုတ်လဲ ထည့်ပြီးသွားပါဘီ။ စရိုက်ရိုက်ချင်းမှာတော့ စာလုံးအဆင့်တွေရိုက်တဲ့အခါ နည်းနည်းလေး အခက်အခဲရှိနိုင်ပါတယ်။ အခက်အခဲရှိရင် Myanmar Unicode Area facebook group မှာ မေးနိုင်ပါတယ်။ အောက်မှာလဲ မေးနိုင်ပါတယ်။ စာပြန်ချိန်တော့ နောက်ကျနိုင်ပါတယ်။
အချိန်ပေးပြီး ဖတ်တဲ့အတွက် ကျေးဇူးတင်ပါတယ်။",2.0,1.0,2.0,4.0,4.0,"The text is a practical, step-by-step tutorial for installing Unicode fonts on iOS. It is written in natural, conversational Burmese, reflecting the local tech community's context. While it lacks deep reasoning or high-level academic value, it is clear, functional, and well-structured for its intended purpose."
<urn:uuid:944220cf-70a0-456a-90e4-79080546c758>,"ဝူဟန်တွင် လူ ၁၇ ဦးသေဆုံးခဲ့ရသည့် ဗိုင်းရပ်၊ မြွေများမှတဆင့် ကူးစက်ခြင်း ဖြစ်နိုင်ဟုဆို
တရုတ်နိုင်ငံ ဝူဟန်တွင် လူ ၁၇ ဦး အသက်သေဆုံးစေပြီး ဖြစ်သော ဝူဟန်ကိုရိုနာ ဗိုင်းရပ်သစ်တမျိုးသည် မြွေများမှလူများသို့ ကူးစက်လာခြင်းဖြစ်နိုင်ကြောင်း မျိုးဗီဇသရုပ်ခွဲလေ့လာမှု တခုအရ သိရသည်။
ထိုမြွေများသည်လည်း လင်းနို့များမှ တဆင့် ကူးစက်ခံရခြင်းဖြစ်နေသည်။ ထိုရောဂါ စတင်ဖြစ်ပွားသော ဈေးတွင် လင်းနို့နှင့် မြွေ နှစ်မျိုးစလုံးကို ရောင်းချခဲ့ကြောင်း သိရသည်။
ဇန်နဝါရီလ ၂၂ ရက်နေ့အထိ ရောဂါဖြစ်ပွားမှု ၅၅၅ ခု အတည်ပြုနိုင်ခဲ့ပြီး ထိုရောဂါကြောင့် အပူချိန်တက်ခြင်း၊ အသက်ရှူကြပ်ခြင်းနှင့် နမိုးနီးယား ဝေဒနာတို့ဖြစ်နိုင်သည်။ ထိုဗိုင်းရပ်ကို ထိန်းချုပ်ရန်အတွက် ဝူဟန်ကို သီးခြားပိတ်ဆို့ထားပြီး အများပြည်သူ သယ်ယူပို့ဆောင်ရေး စနစ်များကို ခေတ္တဆိုင်းငံ့ထားသည်ဟု သတင်းများက ဆိုသည်။
ဝူဟန်တွင် ရောဂါဖြစ်ပွားမှု ၄၄၄ ခုရှိပြီး ကွမ်တုံတွင် ၂၆ ခု၊ ဘေဂျင်းတွင် ၄ ခုနှင့် ရှန်ဟိုင်းတွင် ၉ ခု တွေ့ရသည်။ နိုင်ငံတကာတွင်မူ ထိုင်း၊ ဂျပန်၊ တောင်ကိုရီးယားနှင့် အမေရိကန် ပြည်ထောင်စုတွင် ဖြစ်ပွားကြောင်း သိရသည်။ နောက်ထပ်လူ ရာပေါင်းများစွာသို့ ကူးစက်မည်ဟုမျှော်လင့်ရပြီး ရောဂါရှာဖွေရေး လုပ်ငန်းများကို ဆောင်ရွက်နေသည်။
ရောဂါစတင်ဖြစ်ပွားသော နေရာမှာ ရောဂါစတင်ဖြစ်ပွားသူ အများအပြား သွားရောက်ခဲ့သည့် ဝူဟန်မှ ဈေးတခုဖြစ်သည်ဟု ယူဆရသည်။ ထို ဈေးသည် ရှဉ့်ကြီးများ၊ ငှက်များ၊ ယုန်များ၊ လင်းနို့များနှင့် မြွေများအပါအဝင် သားရိုင်းအရှင်များ၊ မွေးမြူထားသော တိရစ္ဆာန်များကို ရောင်းသောဈေးဖြစ်သည်ဟု ကျော်ကြားသည်။
ထိုးမျိုးစိတ်များအနက် တခုခုမှ ဗိုင်းရပ်လာခြင်းဟုတ်မဟုတ် သိရန်အတွက် တရုတ်နိုင်ငံ ပီကင်းတက္ကသိုလ်မှ ဝေကြည်နှင့် လုပ်ဖော်ကိုင်ဘက်များသည် ထိုဗိုင်းရပ်သစ်၏ နမူနာ ၅ ခုမှ မျိုးဗီဇများကို အခြားမျိုးစိတ်များမှ လာသော အလားတူ ဗိုင်းရပ် ၂၁၇ မျိုးနှင့် နှိုင်းယှဉ်ကြည့်သည်။
ထိုဗိုင်းရပ်သစ်သည် လင်းနို့များတွင်တွေ့ရသည့် ဗိုင်းရပ်နှင့် အလားတူပြီး မျိုးဗီဇအရ ဆိုပါက မြွေများတွင် တွေ့ရသည့် ဗိုင်းရပ်နှင့်တူနေသည်။
“ကျနော်တို့လုပ်တဲ့ သရုပ်ခွဲလေ့လာမှုတွေအရ အဖြစ်နိုင်ဆုံး တောရိုင်း သတ္တဝါတွေထဲမှာ မြွေတွေ အများဆုံးပါနေတယ်” ဟု ထိုသုတေသနအဖွဲ့က ရေးသားထားသည်။
“အခု ခန့်မှန်းချက်အသစ်နဲ့ ပတ်သက်ပြီး ကျနော်တို့စိတ်လှုပ်ရှားမိတယ်” ဟု ပင်ဆယ်ဗေးနီးယားရှိ ပစ်စဘတ်တက္ကသိုလ်မှ ထိုလေ့လာမှုကို သုံးသပ်သူ ဟိုင်တောင်ကော်က ပြောသည်။
သူက “နောက်ထပ်စမ်းသပ်တဲ့ အထောက်အထားတွေလိုတယ်။ ဒါပေမယ့် အခု စမ်းသမ်မှုက ကျနော်တို့ကို သဲလွန်စတော့ ပေးနေပြီ” ဟုလည်း ပြောသည်။
ထိုဗိုင်းရပ်သစ်သည် လင်းနို့များနှင့် မြွေများမှ ဗိုင်းရပ်များ ပေါင်းစည်းထားသည့် ဗိုင်းရပ်မျိုးဖြစ်နေသည်။ ဈေးများတွင်ကဲ့သို့ တိရစ္ဆာန် မျိုးစိတ်နှစ်မျိုးကို အနီးကပ်ထားလျှင် ထိုသို့ ဗိုင်းရပ်ပေါင်းစပ်ခြင်း ဖြစ်နိုင်သည်ဟု ဆီယက်တဲလ်ရှိ ဝါရှင်တန်တက္ကသိုလ်မှ ပီတာရာဘင်နိုဝစ်က ပြောသည်။
ထိုဗိုင်းရပ်သည် လေမှတဆင့် လူသားများထံ ကူးစက်လာကြောင်းလည်း သူက ပြောသည်။
“အခုလောလောဆယ်က ခန့်မှန်းတဲ့အဆင့်ပဲ ရှိသေးတယ်။ ဒါပေမယ့် ဗိုင်းရပ်က မြွေတွေက ထွက်တဲ့ အရည်တွေ၊ မစင်တွေမှာပါလာရင် လေမှာပျံ့ပြီး ရှူမိနိုင်တယ်” ဟုလည်း သူက ပြောသည်။
ဇန်နဝါရီလ ၂၂ ရက်နေ့တွင် ကမ္ဘာ့ကျန်းမာရေးအဖွဲ့သည် SARS နှင့် MERS ဗိုင်းရပ်မိသားစုဝင်ဖြစ်သော ယခုဗိုင်းရပ်သစ်ကို လေ့လာသုံးသပ်ရန် အရေးပေါ်ကော်မတီ အစည်းအဝေးခေါ်ခဲ့သည်။
အစည်းအဝေးအပြီးတွင် ညွန်ကြားရေးမှူးချုပ် တက်ရို အက်ဟန်နွန် ဂီဗရေယက်စပ်က အများပြည်သူ ကျန်းမာရေး အရေးပေါ်အခြေအနေ မကြေညာမီ ထိုဗိုင်းရပ်၏ ပျံ့နှံ့မှုနှင့် ပတ်သက်သည့် သတင်းအချက်အလက် လိုနေသေးကြောင်းပြောသည်။
“အခြေအနေက ဆင့်ကဲတိုးတက် ရှုပ်ထွေးနေတယ်။ နိုင်ငံတကာ ပူပန်မှု အတွက် ပြည်သူ့ကျန်းမာရေး အရေးပေါ် အခြေအနေကြေညာမလား၊ မကြေညာဘူးလားဆိုတာကို ကျနော်က အရမ်း အလေးအနက် ထားတယ်။ အထောက်အထား အားလုံးကို ကြည့်ပြီးမှ သင့်တော်တဲ့ ဆုံးဖြတ်ချက်ချဖို့ ကျနော်ပြင်ဆင်ထားတဲ့ ကိစ္စဖြစ်တယ်” ဟု သူက ပြောသည်။
အရေးပေါ်ကော်မတီသည် မနက်ဖြန်တွင် တွေ့ဆုံမည်ဖြစ်ပြီး ထိုအခါ ပိုမိုပြောဆိုစရာများ ရှိလာမည်ဟု သူက ဆိုသည်။
ကိုးကား – Journal of Medical Virology, DOI: 10.1002/jmv.25682
You may also like these stories:",4.0,3.0,3.0,4.0,4.0,"The text provides a clear, informative report on the origins of the Wuhan coronavirus, suitable for educational purposes. It explains scientific hypotheses and reasoning steps regarding viral transmission. The language is natural and professional, reflecting standard Burmese journalistic style, though it contains some minor boilerplate at the end."
<urn:uuid:7add4826-ace2-4cc2-ac76-5ab2373e1db6>,"ဇန်န၀ါရီလ (၂၆) ၂၀၁၃ by ရွှေဟင်္သာသတင်းဌာန
နေ့လည် တနာရီခန့်မှ စပြီး ဟော်ဝစ်ဇာ လက်နက်ကြီး အမြောက်ကျည်ဆံများ ထောင်နှင့်ချီ အပစ်ခတ် ခံနေရသည့် ခါယာတောင်သည် ညနေ (၃) နာရီခွဲ အပစ်ရပ်သည့် အချိန်ထိ ပန်းပန်လျှက်ရှိသည်ဟု KIA ရှေ့တန်း တပ်မှူးတဦး က ရွှေဟင်္သာ သတင်းဌာနသို့ ပြောကြား ခဲ့ပါသည်။
“ ပစ်လိုက်တဲ့ လက်နက်ကြီးတွေကဗျာ မြေဆူမတတ်ကို ခံနေရပါတယ်။ ပစ်လိုက်တဲ့ ကျည်တွေ ထောင်နဲ့ချီပြီး ရှိမယ်။ မြေတုန်သလောက်ကို ဖြစ်သွားတယ်။ စက္ကန့်မလပ်အောင်ပါဘဲ။ ဒါပေမဲ့ ဘာမှမဖြစ်ပါဘူး။ လက်နက်ကြီးလည်း ရပ် ရော မြေပြင်တပ်ကလဲ တခါထဲ ထိုးတက်လာတော့တာပါဘဲ။ တောင်ခြေကနေ ပတ်ပြီး တရစ်ချင်းကို တက်လာတယ်။ အပြန်အလှန် ပစ်လိုက်တာဗျာ တက်သလောက်သေတယ်။ အဲဒါနဲ့ ညနေ (၃) နာရီခွဲမှာ တခါထဲ နှစ်ဖက်စလုံးက အပစ် ရပ်သွားကြတယ်။” ဟု ဆိုပါသည်။
မြေပြင်တွင် တပ်မ (၈၈)၊ တပ်မ (၆၆) နှင့် အထူး တပ်များက စစ်ဆင်နေခြင်း ဖြစ်ပါသည်။ ခါယာတောင်ကြောသည် KIA လက်ထဲရှိ၌ ရှိနေဆဲဟု ခါယာတောင်ကြောရှိ KIA ရှေ့တန်း တပ်မှူးက ဆိုပါသည်။
အစိုးရ လက်နက်ကြီးများသည် ဗန်းမော်-မြစ်ကြီးနား ကားလမ်းရှိ အင်းတပ်တောင်နှင့် လုံလောရှိ ပွိုင့် (၇၇၁) မှ ၁၀၅ မမ၊ ၈၁ မမ၊ ၁၂၀မမများဖြင့် ခန့်မှန်းခြေ အမြောက်ကျည် (၁၅၀၀)ခန့် ပစ်ခတ် လိမ့်မည်ဟု KIA က ခန့်မှန်း နေပါသည်။ နေ့ လည်ပိုင်း (၂) နာရီခန့်တွင် စစ်ရဟတ်ယာဉ် တစင်းသည် ပွိုင့် (၇၇၁) သို့ ကျည်ဆံများ စစ်ကူပို့ပြီး လူနာများ သယ်ထုတ်ခဲ့ သည်ဟု ဆိုပါသည်။
အစိုးရ တပ်များသည် ခါယာတောင်သို့ ချင်းကပ်သည့် ကုန်းဂမူ မှန်သမျှသို့ တဖြည်းဖြည်းချင်း ချီတက်ခဲ့ပါသည်။ KIA တပ်များလည်း ပစ်သမျှ လက်နက်ကြီး ဒါဏ်များကို ကတုတ်ကျင်း ထည့်ဝင်ပြီး တောင့်ခံသလို တက်လာသမျှသော မြေပြင် တပ်များကိုလည်း ချေမှုန်း နိုင်ခဲ့ပါသည်။
အစိုးရ အမြောက်ကျည်များသည် ၄င်းတို့ တပ်များပေါ်သို့လည်း ကျရောက်ခဲ့ကြောင်း၊ အထူးသဖြင့် ပွိုင့် (၇၇၁)မှစခန်း လက်နက်ကြီးများ ဖြစ်သည်ဟု ဆိုပါသည်။ ဤသို့ကြောင့် လုံလော့စခန်းဖက်မှ တက်လာသော မြေပြင်တပ်များသည် စောစီးစွာ အပစ်ရပ် ခဲ့ရကြောင်း ဆိုပါသည်။
မဒီးယန်နှင့် ၀ိုင်းမော်ပို့စ်ဖက်မှ တက်လာသော အစိုးရ တပ်များမှာမူ KIA တပ်များ၏ လက်တကမ်း၌ ၀ပ်နေဆဲဖြစ် ကြောင်း ၄င်းတို့သည်လည်း အထိနာခဲ့ရသဖြင့် (၃)နာရီခွဲ အချိန်၌ အပစ်ရပ် သွားခဲ့ကြောင်း ဆိုပါသည်။
ခါယာတောင်သည် အစိုးရ၏ ဟော်ဝစ်ဇာ အမြောက်ကျည်ဆံ အောက်၌ တပတ်ခန့် ခါးသည်းစွာ ခံနေရသော်လည်း ပန်းပန် လျက်ဟု ဆိုရပေမည်။ အစိုးရတပ်များသည် အမြာက်ဖြင့် ပစ်ချေသည့်စနစ်ကို ကျင့်သုံးနေဆဲဖြစ်သည်။ KIA သည် အစိုးရ၏ အမြောက်ဒဏ်ကို ခံနိုင်ရန် KNU ၏ 1994 စစ်ဆင်ရေး အတွေ့အကြုံများကို သင်ခန်းစာယူပြီး မွမ်းမံပြင်ဆင် ထားသည်ဟု ဆိုပါသည်။ အစိုးရသည် ခါယာတောင်ကျောကို သိမ်းပိုက်ရန် ဦးတည်နေသ်ာလည်း သိမ်းပိုက်နိုင်ခြင်း မရှိသေးဘဲ အကျအဆုံးများစွာနှင့် ရင်ဆိုင်နေရကြောင်း KIA ဖက်မှ ဆိုပါသည်။",1.0,2.0,2.0,3.0,4.0,"The text is a news report on a specific military conflict in Myanmar. It provides factual reporting on events, locations, and military units. It lacks broader educational or complex analytical depth, but it is written in natural, authentic Burmese, reflecting local journalistic style and specific regional context regarding the KIA and government forces."
<urn:uuid:67d52598-7e0c-4cf8-a876-27b2e1aec9c6>,"အချေအတင်ဖြစ်စရာ ၀ီကီလိခ်စ် (WikiLeaks) ၀က်ဘ်ဆိုဒ် ထူထောင်သူ ဂျူလီယန် အာဆန်းရှ် (Julian Assange) ကို လိင်ပိုင်းဆိုင်ရာ ရာဇ၀တ်မှု ကျူးလွန်တယ်ဆိုတဲ့ စွပ်စွဲချက်တွေနဲ့ ဆွီဒင်နိုင်ငံကို ပြန်ပို့နိုင်ကြောင်း ဗြိတိသျှ တရားရုံးက ဆုံးဖြတ်လိုက်ပါတယ်။
ပြီးခဲ့တဲ့နှစ် သြဂုတ်လထဲမှာ အမျိုးသမီး ၂ ဦးက သူတို့အပေါ် လိင်ပိုင်းဆိုင်ရာ မဖွယ်မရာ ကျူးလွန်တယ်ဆိုတဲ့ စွပ်စွဲချက်နဲ့ ပတ်သက်လို့ ဆွီဒင် အာဏာပိုင်တွေက သူ့အပေါ် အရေးယူထားတာမျိုး မရှိပေမဲ့ စစ်ဆေးမေးမြန်းလိုကြောင်း ပြောဆိုထားတာပါ။
အာဆန်းရ်ှကတော့ သူ မမှန်မကန်လုပ်တာ မရှိဘူးလို့ ငြင်းဆန်ထားတာ ဖြစ်ပါတယ်။ သူ့ရဲ့ ရှေ့နေတွေကတော့ ဒီကနေ့ ဗြိတိသျှ တရားရုံးရဲ့ စီရင်ချက်ကို အယူခံဝင်မယ်လို့ ပြောပါတယ်။ သူတို့အမှုသည် အနေနဲ့ ဆွီဒင်နိုင်ငံမှာ တရားမျှမျှတတ စစ်ဆေးခံရမှာ မဟုတ်ဘူးလို့ ပြောဆိုထားကြတာပါ။
၀ီကီလိခ်စ် ထူထောင်သူ အာဆန်းရ်ှဟာဆိုရင် အမေရိကန် သံတမန် လျှို့ဝှက်ကြေးနန်းစာတွေကို ဖွင့်ချခဲ့တဲ့ အတွက်လည်း အမေရိကန် ပြည်ထောင်စုက သူ့အပေါ် အာရုံစိုက်ခံနေရတာ ဖြစ်ပါတယ်။",2.0,2.0,2.0,5.0,3.0,"The text is a clear, factual news report about Julian Assange. It provides basic information suitable for general awareness but lacks deep educational or complex reasoning components. It is written in natural, standard Burmese, free of formatting errors or noise, and accurately reflects journalistic reporting styles common in the Burmese media landscape."
<urn:uuid:97628acc-d5b3-4f3d-8c11-57c260ab07f1>,"ခက်ခဲတဲ့ အခြေအနေတွေမှာ ကိုယ့်ရဲ့ Physical ပိုင်းနဲ့ Metal ပိုင်းကို တိုးတက်အောင် ဂရုစိုက်နိုင်မယ့် နည်းလမ်းများကျွန်တော်တို့ လူ (Human Being) တွေမှာ အလွယ်တကူဖန်တီးယူလို့ရတဲ့အရာတွေရှိသလို ဘယ်လိုကြိုးစားအားထုတ်ပါစေ ဖန်တီးယူမရတဲ့အရာတွေလည်းအများကြီးရှိပါတယ်။
ဒီနေ့မှာ Sharing လုပ်ပေးချင်တဲ့ အကြောင်းအရာလေးကတော့ မဖြစ်နိုင်ဘူးလို့ ယူဆရပေမယ့် တကယ့်လက်တွေ့ဘဝမှာ အသုံးတည့်မယ့်အရာလေးပါ။ ဒါကအခြားတော့မဟုတ်ပါဘူး။ ကျွန်တော်တို့ အလေ့အကျင့်သစ်တစ်ခုကို ၂၁ ရက် (ရက်သတ္တပတ် ၃ ပတ်) အတွင်းဖန်တီးယူမှာပါ။
ဥပမာ - သင်ဟာအိပ်ယာဝင်သွားတိုက်လေ့မရှိတဲ့ သူဆိုပါစို့...
ယနေ့ညကစလို့ နောက် ၂၁ ရက်တိတိအထိ Alarm ပးပြီး မပျက်မကွက်တိုက်ကြည့်လိုက်ပါ။ ၃ပတ်ပြည့်ပြီးနောက်ပိုင်းကို ညဘက်သွားမတိုက်ရရင် သင်အိပ်မပျော်တော့ပါဘူး။
ကျွန်တော်တို့ မနက်အိပ်ယာထတိုင်း သွားတိုက်၊ မျက်နှာသစ်၊ ရေချိုး စတဲ့အလေ့အကျင့်တွေဟာ ငယ်စဉ်ထဲက လေ့ကျင့်ယူထားတဲ့ အရာတွေဖြစ်ပါတယ်။ ဒါကြောင့် အလေ့အကျင့်တစ်ရပ်အဖြစ် ခန္ဓာကိုယ်ကအသိမှတ်ပြုလိုက်ပြီဆိုတာနဲ့ ရပ်တန့်လိုက်ဖို့အလွန်ခဲယဉ်းသွားပါတယ်။
ဒီသဘောတရားအတိုင်းပါပဲ။ လူတစ်ယောက်ဟာ အမူအကျင့်တစ်ခုကို အချိန်၊ နေရာ Timeline တစ်ခုထဲမှာပဲ ပုံမှန်လုပ်ပေးလိုက်ရုံနဲ့ အမူအကျင့်ကနေ အလေ့အကျင့်တစ်ခုကို ပြောင်းလဲယူနိုင်ပါတယ်။ ယေဘုယျအားဖြင့် ၂၁ ရက်ဆိုတာ အလေ့အကျင့်တစ်ခု ဖြစ်စေဖို့လုံလောက်တဲ့အချိန်ပမာဏတစ်ခုဖြစ်ပါတယ်။ ဒါကိုလည်း အထောက်အထားနဲ့တကွ ဖော်ပြထားတဲ့ သုတေသီစာတန်းတွေ အများကြီးရှိပါတယ်။
ဒါ့အပြင် တစ်နေ့တာရဲ့ ကိုယ့်အတွက်လုံးဝအကျိုးမရှိဘူးလို့ သတ်မှတ်နိုင်တဲ့အချိန်တွေကို ကိုယ်စိတ်ကူးထားတဲ့ အသစ်အသစ်သော အရာလေးတွေလုပ်ပြီး အစားထိုးလိုက်တာ အကောင်းဆုံးဖြစ်မှာပါ။ Toxic ဖြစ်စေမယ့် အလေ့အကျင့်တွေကို Health ဖြစ်စေမယ့် New Hobbies တွေနဲ့ အစားထိုးခြင်းက အထိရောက်ဆုံးပါပဲ။
အထူးသဖြင့် အခုလိုမျိုး Challenging အရမ်းဖြစ်နေတဲ့ Situation တစ်ခုမှာ ကောင်းတဲ့ Bobbies အသစ်တွေ ဖန်တီးရယူခြင်းဟာ အကောင်းဆုံး Self Upgrade ပါပဲ။ ဒါကြောင့် ဒီနေ့ကစလို့ Good Hobbies တွေ ဖန်တီးယူရင်းနဲ့ ကိုယ့်ရဲ့ Motivationကိုဆွဲတင်ကြရအောင်ဗျာ။",3.0,2.0,2.0,5.0,4.0,"The text provides practical advice on habit formation using the 21-day rule. It is coherent, easy to follow, and uses natural Burmese phrasing with appropriate English loanwords common in modern professional/self-help contexts. It lacks deep academic rigor but serves as a useful, accessible guide for personal development."
<urn:uuid:c79eb662-85b7-493f-9370-f92d2af7cded>,"ရီယိုဒီဂျနေရိုး၊ စက်တင်ဘာ ၁၇ ရက် (ဆင်ဟွာ)
ဘရာဇီးနိုင်ငံ အမေဇုံသစ်တောဒေသတွင် လေယာဉ်တစ်စင်း ပျက်ကျမှုတွင် လူ ၁၀ ဦး ဒဏ်ရာရရှိခဲ့ကြောင်း ဒေသခံ အာဏာပိုင်များက စက်တင်ဘာလ ၁၆ ရက်တွင် ပြောကြားခဲ့သည်။
ဘိုဂိုတာ၊ သြဂုတ် ၃၀ ရက်(ဆင်ဟွာ)
ကိုလံဘီယာနိုင်ငံ၏ ယခင်လက်နက်ကိုင်သူပုန်အဖွဲ့ဟောင်းဖြစ်သောကိုလံဘီယာတော်လှန်ရေးလက် နက်ကိုင်တပ်ဖွဲ့ (FARC) ၏ ဆွေးနွေးညှိနှိုင်းမှုအဖွဲ့ခေါင်းဆောင်ဟောင်း အီဗန်မာကွက်ဇ် (Ivan Marquez) က၎င်းအနေဖြင့် အခြားသော FARC သူပုန်အဖွဲ့၏ ခေါင်းဆောင်ဟောင်းများနှင့်အတူ ပြန် လည်၍ လက်နက်ကိုင်တိုက်ခိုက်မှု ပြုလုပ်ရလိမ့်မည်ဟု သြဂုတ် ၂၉ ရက်က ကြေညာလိုက်ကြောင်း သတင်းများအရသိရသည်။",1.0,1.0,2.0,3.0,1.0,"The document consists of two short, factual news snippets translated from international wire services. It provides basic information but lacks depth, analysis, or significant cultural context. The formatting is clean, but the content is essentially a collection of brief reports rather than a cohesive educational or analytical text."
<urn:uuid:568631d1-47ad-4b62-95c3-0b1ceeae422d>,"ဗညားဟန်ရဲ့  သမုဒယ ၀ါဆိုးမိုး အခွေ။ (၂၀၀၄) ခုနှစ်။
ဘာလိုလိုနဲ့  သူတို့ ရဲ့ အနုပညာသက်တမ်းတောင် ဆယ်စုနှစ် ၂ စုနီးပါးရှိလာခဲ့ပြီပဲ။
တိတ်ကာဘာကို ပေးပို့ လာသူ - Chit Thu Maung (facebook)
ဖိုင်အမျိုးအစားနှင့် ပမာဏသတိပြုရန် (MP3/128 KBPS/47.1 MB)
ဖိုင်အမျိုးအစားနှင့် ပမာဏသတိပြုရန် (MP3/128 KBPS/47.1 MB)
နားဆင်ဖို့ နဲ့ သိမ်းထားနိုင်ဖို့ ......
PCould Link >>>>>>> Click Here
Mediafire Link >>>>>> Click Here
Other Link >>>>>>>> Click Here
PCould Link >>>>>>> Click Here
Mediafire Link >>>>>> Click Here
Other Link >>>>>>>> Click Here",0.0,0.0,1.0,1.0,1.0,"The document is a collection of download links for a music album. It lacks educational content, reasoning, or professional depth. While it uses natural Burmese, it is essentially a file-sharing snippet with significant boilerplate and repetitive noise, offering no cultural insight beyond the existence of the artist."
<urn:uuid:5de634ce-72cd-475d-beb0-d8185e16eb11>,"အမုန်းနှောင်ကြိုး ရင်ဝယ်ရစ်ပတ်
သံယောဇဉ်လေးဟာ
ပူလောင်ခြင်း အမြုတေအစစ်
မာနလား ဒေါသလား...။
အချစ်နှောင်ကြိုး ရင်ဝယ်ရစ်ပတ်
သံယောဇဉ်လေးဟာ
အေးမြယှက်နွယ် ချစ်ကြိုးသွယ်လျက်
ပျော်၇ွှင်ခြင်း အမြုတေအစစ်
မေတ္တာလား လောဘလား...။
မာန ဒေါသရဲ့သူငယ်ချင်း
မေတ္တာ လောဘရဲ့မိတ်ဆွေ
မွေးဖွားခြင်းရဲ့နိယာမတရား
အမုန်းအချစ်ကြားကလူ
ချမ်းမြေ့မှုရဲ့အသက်
ငြိမ်းချမ်းခြင်းရဲ့မိခင်
သာယာခြင်းရဲ့ဖခင်
လိုချင်တာက
မေတ္တာစစ်စစ်ပါကွယ်...။
အရှင်ဥာဏဗောဓိ
သံယောဇဉ်လေးဟာ
ပူလောင်ခြင်း အမြုတေအစစ်
မာနလား ဒေါသလား...။
အချစ်နှောင်ကြိုး ရင်ဝယ်ရစ်ပတ်
သံယောဇဉ်လေးဟာ
အေးမြယှက်နွယ် ချစ်ကြိုးသွယ်လျက်
ပျော်၇ွှင်ခြင်း အမြုတေအစစ်
မေတ္တာလား လောဘလား...။
မာန ဒေါသရဲ့သူငယ်ချင်း
မေတ္တာ လောဘရဲ့မိတ်ဆွေ
မွေးဖွားခြင်းရဲ့နိယာမတရား
အမုန်းအချစ်ကြားကလူ
ချမ်းမြေ့မှုရဲ့အသက်
ငြိမ်းချမ်းခြင်းရဲ့မိခင်
သာယာခြင်းရဲ့ဖခင်
လိုချင်တာက
မေတ္တာစစ်စစ်ပါကွယ်...။
အရှင်ဥာဏဗောဓိ",2.0,2.0,2.0,3.0,4.0,"This is a philosophical poem by a Buddhist monk reflecting on human emotions like love, hate, and attachment. It offers basic moral/spiritual education and simple reasoning about human nature. It is culturally authentic to Burmese Buddhist traditions, though the repetition of the text reduces its cleanliness score."
<urn:uuid:373e21cd-ed87-41fe-872c-de9875ad4af2>,"ရှမ်းပြည်နယ် ကလော အောင်ပန်းမြို့ရှိ 50 x 80 အကျယ် 2 BN ပါ အိမ်နှင့်ခြံ အမြန်ရောင်းမည်။
- တိုင်း/ပြည်နယ်: ရှမ်းပြည်နယ်
- မြို့/မြို့နယ်: ကလော
- ရောင်း/ငှား: ရောင်း
- အိမ်ခြံမြေအမျိုးအစား: လုံးချင်းအိမ်များ
- Property ID: 53944
- လမ်းအမည်: အောင်မြလမ်းနှင့် ပန်းသဇင်လမ်းထောင့်
- Common Bedroom: 2
- Tenure ပိုင်ဆိုင်မှု: ပုံစံ၁၀၅/၁၀၆
- Bathroom: 1
- မြေကွက်အကျယ်: 50 x 80
- Property size: 4000 ft²
- မျက်နှာစာအကျယ်: 50 ft
- Phone: 09-894099077/ 09-894099022/ 01-667758
- ရောင်းဈေး: 17000 သိန်း (ညှိနှိုင်း)
Details
အပေါ်ဈေးအနီး
- ID: 53944
- Online တင်ခဲ့သည့်နေ့ ဇန်နဝါရီ 10, 2021
- နောက်ဆုံးပြင်ဆင်ခဲ့သည့်နေ့ ဇန်နဝါရီ 11, 2021
- ကြည့်ရှုပြီး 20",0.0,0.0,1.0,3.0,2.0,"This is a real estate advertisement. It lacks educational or reasoning content. It is simple to comprehend, requiring no specialized knowledge. It is formatted as a structured listing with some boilerplate, but is readable. It uses local Burmese real estate terminology and location-specific context, reflecting authentic local usage."
<urn:uuid:2e824d64-753a-4111-83db-373afd0157fe>,"နေ့စဉ်ရက်ဆက် ထမင်းတောင်မစားနိုင်ဘဲ သားကိုစိတ်ပူနေတဲ့ ဖခင်ဖြစ်သူကြောင့် စိတ်မကောင်းဖြစ်နေတဲ့ တိုင်ရွန်
ပရိသတ်တွေချစ်ခင်အားပေးရတဲ့မင်းသားချောပိုင်တံခွန်ကတော့အနုပညာနယ်ပယ်မှာအောင်မြင်နေတဲ့သူတစ်ယောက်ဖြစ်သလိုလတ်တလောဖြစ်ပေါ်နေတဲ့အခြေအနေတွေမှာပြည်သူတွေဘက်ကတတ်တတ်ကြွကြွရပ်တည်ပေးနေတဲ့သူတစ်ယောက်လည်းဖြစ်ပါတယ်။
ဒါအပြင်မင်းသားချောတိုင်ရွှန်ကတော့ ပရဟိတအလုပ်တွေကိုလုပ်ကိုင်နေပြီး လိုအပ်နေတဲ့သူတွေကိုလှူဒါန်းပေးနေတာလည်းဖြစ်ပါတယ်။လတ်တလောအခြေအနေအရပ်ရပ်ကြောင့်တ်ိမ်းရှောင်နေရပေမယ့်လည်းသူ့ရဲ့လူမှုကွန်ယက်စာမျက်နှာမှတစ်ဆင့် Speak Out လုပ်ပေးနေသူလည်းဖြစ်ပါတယ်။
ဒါ့အပြင်မနေ့ကဖြစ်ပွားခဲ့တဲ့ပဲခူးမြို့ကဖြစ်စဉ်တွင်သူ့ဘက်မှဘာမှမလုပ်ပေးနိုင်ခဲ့တဲ့အတွက်ဝမ်းနည်းကြောင်းကိုလည်းရေးသားထားတာကိုမြင်တွေ့ကြရမှာပါ။မကြာသေးခင်နာရီပိုင်းလောက်ကလည်းတိုင်ရွန်ရဲ့FacebookStoryတွင်နေ့စဉ်ရက်ဆက်ထမင်းတောင်မစားနိုင်ဘဲသားကိုစိတ်ပူနေတဲ့ဖခင်ဖြစ်သူကြောင့်စိတ်မကောင်းဖြစ်နေတဲ့အကြောင်းကိုရေးသားထားတာပဲဖြစ်ပါတယ်။
ထမင်းလည်းမစားတစ်နေ့တစ်နေ့Facebookပေါ်ကသတင်းတွေဖတ်ပြီးသားဖြစ်သူကိုစိတ်ပူနေတယ်တဲ့။ပါးပါးရေသားလည်းသတိရပါတယ်စိတ်မပူပါနဲ့ဒီအခြေအနေကြီးအမှန်တရားအတိုင်းအေးချမ်းသွားရင်အရင်လိုအေးအေးဆေးဆေးပြန်နေနိုင်မှာပါသားလည်းသတိရနေပါတယ်ကျန်းမာရေးဂရုစိုက်ပါဆိုပြီးရေးသားထားတာပဲဖြစ်ပြီးပရိသတ်တွေအတွက်ဒီသတင်းကိုတစ်ဆင့်ပြန်လည်ကူးယူတင်ဆက်ပေးလိုက်ရပါတယ်နော်။ခွဲခွာနေရတဲ့မိသားစုတွေလည်းအမြန်ဆုံးပြန်လည်ပေါင်းစည်းနိုင်ပါစေလို့လည်းဆုတောင်းပေးလိုက်ရပါတယ်။
Credit",1.0,1.0,1.0,3.0,4.0,"The text is a celebrity news snippet about a Burmese actor. It lacks educational or complex reasoning depth. It is written in natural, colloquial Burmese, reflecting local social sentiments and honorifics, but functions primarily as entertainment gossip rather than professional or academic content."
<urn:uuid:17078582-3c3f-4e03-b101-80ba1ebf7e4a>,"မန္တလေးမြို့၊ပြည်ကြီးတံခွန်မြို့နယ်၊၁၂၆လမ်း၊၅၆လမ်းနဲ့ ၅၇လမ်းကြားမှာ နိုဝင်ဘာ၂၃ရက် ည၇နာရီခန့်က အမျိုး သမီးတစ်ဦးစီးနင်းလာတဲ့ စကူဖီအနက်ရောင်ဆိုင်ကယ်ကိုအမျိုးသား၅ဦးက တားပြီး အမျိုးသမီးကို ဓါးနဲ့ထောက်ကာဆိုင်ကယ်ကိုလုယက်သွားတယ်လို့ ဆိုင်ကယ်အလုခံခဲ့ရတဲ့ အမျိုးသမီးရဲ့ မိသားစုအသိုင်း အဝိုင်းက သိရပါတယ်။
“ခုခေတ်ကာလမှာ မန္တလေးက တန်ဖိုးကြီးဆိုင်ကယ်တွေ စီးတဲ့သူတွေ အနေနဲ့ လူပြတ်တဲ့နေရာတွေတို့ ညမိုးချုပ်လာရင်တို့ဆိုရင် ဆိုင်ကယ်ကို တစ်ယောက်ထဲစီးရင် အန္တရာယ်အ ရမ်းများပါတယ်။ဆိုင်ကယ်လုတဲ့ဓါးပြတွေက အုပ်စုဖွဲ့လုတတ်ပါတယ်။ဒါကြောင့် ဘယ်လိုအကြောင်းတွေပဲရှိရှိ ကိုယ့်အသက်အန္တရာယ်နဲ့ဆိုဆိုင်ကယ်အတွက် လမ်းပေါ်ဆိုင်ကယ်စီးရင် သတိလေးထားပြီး စီးကြဖို့ အထူးလိုအပ်ပါတယ်”လို့ မန္တလေးမြို့ခံတစ်ဦးက ပြောပါတယ်။
လုယက်ခံခဲ့ရတဲ့ဆိုင်ကယ်အမျိုးအစားမှာ Honda Scoopy110ဖြစ်ပြီး ဆိုင်ကယ်အရောင်မှာအနက်ရောင်ဖြစ်ကာ ဆိုင်ကယ်နံပါတ်မှာ 70W/78487ဖြစ်တယ်လို့ သိရပါတယ်။
လုယက်ခံခဲရတဲ့ဆိုင်ကယ်ကိုတွေ့ရှိ့ပါက 𝟎𝟗-𝟕𝟓𝟎 𝟐𝟒𝟎 𝟒𝟏𝟔နဲ့ 𝟎𝟗-𝟗𝟖𝟒 𝟕𝟎𝟎 𝟎𝟒𝟒တို့ကို ဆက်သွယ်အကြောင်း ကြားနိုင်ပါတယ်။",1.0,1.0,1.0,5.0,4.0,"The text is a local news report about a robbery in Mandalay. It provides basic safety advice (educational value) and simple logical warnings (reasoning). It is written in natural, authentic Burmese with local context, and is clean, well-formatted, and free of boilerplate or machine-translation artifacts."
<urn:uuid:0f9d0ec4-c4f5-43d9-9749-1bc5ae139a9b>,"တရားစွဲခံ သရုပ်ဆောင်များ၏ ကြော်ငြာဆိုင်းဘုတ်များကို စစ်ကောင်စီက ဖြုတ်ခိုင်းနေ
(ယူနီကုဒ် ဖြင့် ဖတ်မရသူများ အောက်တွင် ဇော်ဂျီဖောင့်ဖြင့်ဖတ်ရန်)
ပုဒ်မ ၅၀၅(က)နဲ့ အမှုဖွင့် တရားစွဲခံထားရတဲ့ သရုပ် ဆောင်တွေရဲ့ ကြော်ငြာဆိုင်းဘုတ်မှန်သမျှကို စစ်ကောင်စီခန့် မန္တလေးစည်ပင်သာယာ တာဝန်ရှိသူရဲ့အမိန့်နဲ့ နှစ်ရက်အတွင်း အပြီးဖြုတ်ခိုင်းနေတယ်လို့ စည်ပင်ဝန်ထမ်းတွေထံက သိရပါတယ်။…
မန္တလေးမြို့မှာ ဇွန်လ ၁၅ ရက်နေ့က စပြီး စည်ပင်သာယာဝန်ထမ်းနဲ့ စည်ပင်ရဲတွေက ကြော်ငြာ ဆိုင်း ဘုတ်တွေကို လိုက်လံဖြု တ် သိမ်းနေကြတာဖြစ်ပါတယ်။ကြော်ငြာ ဆိုင်းဘုတ်တွေကို စည်ပင်သာယာထံ လုပ်ငန်းရှင်တွေက အခွန်ငွေပေးပြီး ထောင်ရတာ…
ဖြစ်တဲ့အတွက် တချို့လုပ်ငန်းရှင်တွေကတော့ “အခွန်ဆောင်ထားရတာတွေပြန်ပေးမှာလား”လို့ မေးခွန်း ထုတ်နေကြပါတယ်။လူအသွားအလာများတဲ့ အဓိက လမ်းမကြီးတွေမှာ စိုက်ထူထားတဲ့ ဆိုင်းဘုတ်တွေအတွက် အခွန်ပိုမိုပေးဆောင်ထားရတယ်လို့လည်း…
သိရပါတယ်။လမ်းဘေးဆိုင်တွေမှာလည်း အဆိုပါ သရုပ်ဆောင်တွေ ပါဝင်တဲ့ ဗီနိုင်းဆိုင်းဘုတ်တွေနဲ့ ကြော်ငြာထားတာ မှန်သမျှ ဖြုတ်ကြဖို့ စည်ပင်ကဝန် ထမ်းတွေ လိုက်ပြောနေကြတယ်လို့ သိရပါတယ်။စစ်ကောင်စီတပ်တွေ အဓိက ဖြ တ် သန်းသွားလာရာ…
အဓိကနေရာတွေဖြစ်တဲ့ မန္တလေးမြို့ ၇၈ လမ်း တစ် လျှောက်၊ ၈၄ လမ်း တလျှောက်၊ ၇၃ လမ်းနဲ့ လမ်း ၃၀ စတဲ့ လမ်းတွေကို အရင်ဆုံး လိုက်လံဖြုတ်ခိုင်းခဲ့တယ်လို့ သိရပါတယ်။အလားတူ ရန်ကုန်မြို့မှာလည်း အ များပြည်သူ ဖြတ်သန်းသွားလာရာ…
အဓိကလမ်းမကြီးတွေပေါ်က တရားစွဲခံ သရုပ်ဆောင်တွေရဲ့ ကြော်ငြာ ဆိုင်းဘုတ်ကြီးတွေလည်း မရှိသ လောက်နည်းပါးသွားပါတယ်။ဒါ့အပြင် နိုင်ငံတော် အတိုင်ပင်ခံ ပုဂ္ဂိုလ်ဒေါ်အောင်ဆန်းစုကြည်ရဲ့ ရုပ်ပုံပါဆိုင်းဘုတ်တွေလည်း ဖြုတ်သိမ်းခံထားရသလို…
သမ္မတ ဦးဝင်းမြင့်နေထိုင်ရာ တာမွေမြို့နယ်ရှိ ခြင်းလုံးရုံမှာ ချိတ်ဆွဲထားတဲ့ ခြင်းလုံးခတ်နေတဲ့ဓာတ်ပုံတွေကိုပါ စစ်အုပ်စုက လိုက်လံ ဖြုတ်သိမ်းထားပါတယ်။…
ဇော်ဂျီဖောင့်ဖြင့် ဖတ်ရန်
တရားစွဲခံ သရုပ်ဆောင်များ၏ ကြော်ငြာဆိုင်းဘုတ်များကို စစ်ကောင်စီက ဖြုတ်ခိုင်းနေ
ပုဒ်မ ၅၀၅(က)နဲ့ အမှုဖွင့် တရားစွဲခံထားရတဲ့ သရုပ် ဆောင်တွေရဲ့ ကြော်ငြာဆိုင်းဘုတ်မှန်သမျှကို စစ်ကောင်စီခန့် မန္တလေးစည်ပင်သာယာ တာဝန်ရှိသူရဲ့အမိန့်နဲ့ နှစ်ရက်အတွင်း အပြီးဖြုတ်ခိုင်းနေတယ်လို့ စည်ပင်ဝန်ထမ်းတွေထံက သိရပါတယ်။…
မန္တလေးမြို့မှာ ဇွန်လ ၁၅ ရက်နေ့က စပြီး စည်ပင်သာယာဝန်ထမ်းနဲ့ စည်ပင်ရဲတွေက ကြော်ငြာ ဆိုင်း ဘုတ်တွေကို လိုက်လံဖြု တ် သိမ်းနေကြတာဖြစ်ပါတယ်။ကြော်ငြာ ဆိုင်းဘုတ်တွေကို စည်ပင်သာယာထံ လုပ်ငန်းရှင်တွေက အခွန်ငွေပေးပြီး ထောင်ရတာ…
ဖြစ်တဲ့အတွက် တချို့လုပ်ငန်းရှင်တွေကတော့ “အခွန်ဆောင်ထားရတာတွေပြန်ပေးမှာလား”လို့ မေးခွန်း ထုတ်နေကြပါတယ်။လူအသွားအလာများတဲ့ အဓိက လမ်းမကြီးတွေမှာ စိုက်ထူထားတဲ့ ဆိုင်းဘုတ်တွေအတွက် အခွန်ပိုမိုပေးဆောင်ထားရတယ်လို့လည်း…
သိရပါတယ်။လမ်းဘေးဆိုင်တွေမှာလည်း အဆိုပါ သရုပ်ဆောင်တွေ ပါဝင်တဲ့ ဗီနိုင်းဆိုင်းဘုတ်တွေနဲ့ ကြော်ငြာထားတာ မှန်သမျှ ဖြုတ်ကြဖို့ စည်ပင်ကဝန် ထမ်းတွေ လိုက်ပြောနေကြတယ်လို့ သိရပါတယ်။စစ်ကောင်စီတပ်တွေ အဓိက ဖြ တ် သန်းသွားလာရာ…
အဓိကနေရာတွေဖြစ်တဲ့ မန္တလေးမြို့ ၇၈ လမ်း တစ် လျှောက်၊ ၈၄ လမ်း တလျှောက်၊ ၇၃ လမ်းနဲ့ လမ်း ၃၀ စတဲ့ လမ်းတွေကို အရင်ဆုံး လိုက်လံဖြုတ်ခိုင်းခဲ့တယ်လို့ သိရပါတယ်။အလားတူ ရန်ကုန်မြို့မှာလည်း အ များပြည်သူ ဖြတ်သန်းသွားလာရာ…
အဓိကလမ်းမကြီးတွေပေါ်က တရားစွဲခံ သရုပ်ဆောင်တွေရဲ့ ကြော်ငြာ ဆိုင်းဘုတ်ကြီးတွေလည်း မရှိသ လောက်နည်းပါးသွားပါတယ်။ဒါ့အပြင် နိုင်ငံတော် အတိုင်ပင်ခံ ပုဂ္ဂိုလ်ဒေါ်အောင်ဆန်းစုကြည်ရဲ့ ရုပ်ပုံပါဆိုင်းဘုတ်တွေလည်း ဖြုတ်သိမ်းခံထားရသလို…
သမ္မတ ဦးဝင်းမြင့်နေထိုင်ရာ တာမွေမြို့နယ်ရှိ ခြင်းလုံးရုံမှာ ချိတ်ဆွဲထားတဲ့ ခြင်းလုံးခတ်နေတဲ့ဓာတ်ပုံတွေကိုပါ စစ်အုပ်စုက လိုက်လံ ဖြုတ်သိမ်းထားပါတယ်။
Crd",2.0,2.0,2.0,2.0,5.0,"The text is a news report about political events in Myanmar. It provides factual reporting on current affairs, which is informative but not strictly educational. It contains redundant content due to the inclusion of both Unicode and Zawgyi versions, and ends with a credit tag, impacting cleanliness."
<urn:uuid:7bbbf8e2-995e-4234-939c-55c1ca75c321>,"ကျမ ရောက်သွားတဲ့နေ့။
ဒီနေ့လေးပေါ့ သူ့ဘဝတစ်ခုလုံးထဲ
ကျမရောက်သွားတဲ့နေ့။
ဒီနေ့လေးပေါ့ ကျမ ဘဝတစ်ခုလုံးထဲ
သူရောက်လာတဲ့နေ့။
ဒီနေ့လေးပေါ့
ကျမတို့နှစ်ယောက်စိတ်တူကိုယ်တူနဲ့
ဘဝတစ်ခုတည်ထောင်နဲ့နေ့။
ဒီနေ့လေးပေါ့ မိဘမောင်နှမတွေမစုံပေမဲ့
ကျမတို့နှစ်ဦး သစ္စာရှိရှိနဲ့
အပြန်အလှန်ချစ်ခြင်းမေတ္တာနဲ့
လက်မှတ်ထိုးခဲ့တဲ့နေ့။
ဒီနေ့လေးဘဲပေါ့ ကျမ မောင်နှမတွေက
ကျမကို မိသားစုစာရင်းထဲက
ထုတ်ပယ်တဲ့နေ့။
ဒီနေ့လေးပေါ့ သိပ်ရိုးရှင်းတဲ့ ဟိုတယ်မဟုတ်ဘဲ ခန်းမလေးတစ်ခုမှာ မိဘမောင်နှမ မစုံဘဲ ကျမတို့ရဲ့ အမှတ်တရနေ့လေးကို ကျင်းပတဲ့နေ့. ......
သူ့ဘက်က မိတ်ဆွေသူငယ်ချင်းတွေကလည်း ကျမလို မိန်းမကို မယူဖို့ အတန်တန်တားမြစ်ပြီး ဖျက်စီးခဲ့ကြပေမဲ့ သူနဲ့ကျမ ဖူးစာအကြောင်းပါလို့ ညားခဲ့ကြရတယ်။
ကျမဘက်က မိသားစု မောင်နှမ ဆွေမျိုးတွေကလည်း သူနဲ့အကြောင်းမပါစေဖို့ အမျိုးမျိုးနာချခဲ့ပေမဲ့ ကျမတို့တို့ ဖူးစာက ညားဖို့အကြောင်းပါလာတော့ ညားခဲ့ကြတယ်။
လူတိုင်းရဲ့ အကဲ့ရဲ့ခံနဲ့ဘဝကို ကျမတို့ ၂ယောက် တွန်းလန်ပြီး တူလက်တွဲလာခဲ့တာ ဒီနေ့..... ဒီနေ့.....
31-5-2013
ဒီနေ့ ... ကျမတို့ရဲ့ အိမ်ထောင်သက် ချစ်သက်တန်း (၅)နှစ်တင်းတင်း ပြည့်ခဲ့ပါပြီ။ ဒီ (၅)နှစ်အတွင်းမှာ သူ့ရဲ့ ဂရုဏာမေတ္တာ နွေးထွေးမှု့ အကြင်နာတွေကြား ကျမပျော်ရွှင်ခဲ့ရတယ်။ ကျမအပေါ် ကလေးတစ်ယောက်လို ချစ်ပြီး မိဘတစ်ယောက်လို စောင့်ရှောက်ခဲ့သလို ညီမတစ်ယောက် အလိုလိုက်တဲ့ အိမ်ဦးနတ်ကြီးရေ ဒီနေ့ ကျမတို့မင်္ဂလာသက် (၅)နှစ်ပြည့်လေးမှာ ကျမ ရှင့်ကို ကျေးဇူးတင်စကားနဲ့အတူ ချစ်တယ်လို့ တိုးတိုးပြောလိုက်ပါရစေ.......
ဒီနေ့လေးမှာ .... ပြုခဲ့သော အာရုံဆွမ်းအလှူလေးပါ။ ယခင်ပြုခဲ့သော ကုသိုလ်အစုစုနှင့်တစ်ကွ ယခုပြုရသော ကုသိုလ်အစုစုအတွက် အားလုံးကို အမျှပေးဝေပါတယ်။ ကြားကြားသမျှ အားလုံး အမျှ... အမျှ...အမျှ...ယူတော်ယူကြပါကုန်သော်.....သာဓု....သာဓု....သာဓု......
ဒီနေ့လေးမှာ .... ပြုခဲ့သော အာရုံဆွမ်းအလှူလေးပါ။ ယခင်ပြုခဲ့သော ကုသိုလ်အစုစုနှင့်တစ်ကွ ယခုပြုရသော ကုသိုလ်အစုစုအတွက် အားလုံးကို အမျှပေးဝေပါတယ်။ ကြားကြားသမျှ အားလုံး အမျှ... အမျှ...အမျှ...ယူတော်ယူကြပါကုန်သော်.....သာဓု....သာဓု....သာဓု......
ဒီအောက်က ပုံတော်လေးတွေကိုတော့ ကျမ ဖဘမှာကြော်ငြာထားတာပါ။ ဘလော့ကနေ လာလည်ပြီး ပူဇော်ချင်သူများရှိရင်လည်း ကော်မန့်ဖြစ်စေ ချက်ဘောက်မှာဖြစ်စေ ပြောပေးခဲ့ပါနော်။
စာဖတ်သူများကို အစဉ်လေးစား ချစ်ခင်လျှက်
အလွမ်းမြို့လေး
31-5-2013",1.0,1.0,1.0,3.0,5.0,"This is a personal blog post about a wedding anniversary. It lacks educational or complex reasoning content. It is written in natural, authentic Burmese, reflecting local social customs regarding marriage, family disapproval, and Buddhist merit-making practices. The text is coherent and human-written, though it includes some repetitive boilerplate regarding religious offerings."
<urn:uuid:d2a2be87-f1be-499d-bbcc-7d42aa4beaa0>,"#POINTYouthPlatform #POINT
သင်ဝိတ်ချတဲ့အခါ ရေက များများသောက်သင့်တဲ့ ကယ်လိုရီဓါတ်အနည်းဆုံး အစားအစာတစ်ခု ဖြစ်ပါတယ်။ သင့်ရဲ့ခန္ဒာကိုယ်အရွယ်အစားပေါ် မူတည်ပြီး သင်နေ့စဉ် သောက်သုံးသင့်တဲ့ ရေပမာဏာလည်း မတူညီပါဘူး။
(၁) ကာယလေ့ကျင့်ခန်းလုပ်ရာမှာ ရေဓာတ်ပြည့်ဝမှ ဝိတ်ကျမှာဖြစ်ပါတယ်။
အကယ်၍ သင်ဟာရေဓာတ်ပြည့်ဝနေရင် ကာယလေ့ကျင့်ခန်းနှင့် ဝိတ်ကျစေဖို့ အထောက်အကူ ဖြစ်ပါတယ်။ သင်ရဲ့ခန္ဒကိုယ် အလေးချိန် ၂ရာခိုင်နှုန်း မကျသေးသ၍ ရေဆာမှာမဟုတ်ပါဘူးလို့ “The American Journal of Clinical Nutrition” ရဲ့ လေ့လာတွေ့ရှိချက်အရ သိရပါတယ်။
(၂) ရေများများသောက်ခြင်းက အစာခြေဖျက်မှုစနစ်အားပိုကောင်းစေပါတယ်။
သင်ရေသောက်တိုင်း၊ အစာစားတိုင်းမှာ သင်ရဲ့ခန္ဓကိုယ်က ကယ်လိုရီတွေ လောင်ကျွမ်းစေပါတယ်။ The Journal of Endocrinology & Metabolism ဂျာနယ်ရဲ့လေ့လာချက်အရ ရေ၁၆အောင်စ သောက်သုံးခြင်းက အစာခြေဖျက်မှုစနစ် ၃၀ရာခိုင်နှုန်းကို လျော့ကျစေနိုင်ပါတယ်။ တစ်နေ့ရေ၁.၅လီတာ သောက်သုံးခြင်းဖြင့် ကယ်လိုရီ၂၀ဝလောင်ကျွမ်းစေတယ်လို့ သိရပါတယ်။
(၃) ရေသောက်ခြင်းကပိုဗိုက်ဆာစေပါတယ်။
ရေရဲ့အစွမး်သတ္တိက ဗိုက်ပြည့်စေဖို့ထက် ပိုပြီးဗိုက်ဆာစေပါတယ်။ အစာမရှိခြင်း၊ ဂလုပ်လုပ်မြည်ခြင်း၊ အားမရှိခြင်း၊ ရွှင်မြူးခြင်း၊ တတာတွေက ဗိုက်ဆာတယ်လို့ ခံစားရစေပါတယ်။ “University of Oxford” လေ့လာချက်အရ ကယ်လိုရီအနည်းငယ်ပါတဲ့ အစားမစားခင် မိနစ်၃၀အလို ရေ၁၆အောင်စသောက်ခြင်းဖြင့် ၂.၆ပေါင်ပိုပြီး ဝိတ်ကျစေပါတယ်။
(၄) တခြားအချိုရည်များသောက်သုံးခြင်းမှကင်းဝေးစေပါတယ်။
ဖျော်ရည်ယမကာနှိုင်းယှဉ်လိုက်ရင်တော့ ရေကပိုကောင်းပါတယ်။ BMC Public Health အဖွဲ့ရဲ့ လေ့လာချက်အရ ဖျော်ရည်ယမကာထဲမှာ ၃.၄အောင်စ ရေထည့်ခြင်းဖြင့် ကယ်လိုရီဝ.၇အောင်စလျော့ချ စေ နိုင်တယ်လို့သိရပါတယ်။
Writer & Translator : Shwe Yi
*** Unicode ***
#POINTYouthPlatform #POINT
သင်ဝိတ်ချတဲ့အခါ ရေက များများသောက်သင့်တဲ့ ကယ်လိုရီဓါတ်အနည်းဆုံး အစားအစာတစ်ခု ဖြစ်ပါတယ်။ သင့်ရဲ့ခန္ဒာကိုယ်အရွယ်အစားပေါ် မူတည်ပြီး သင်နေ့စဉ် သောက်သုံးသင့်တဲ့ ရေပမာဏာလည်း မတူညီပါဘူး။
(၁) ကာယလေ့ကျင့်ခန်းလုပ်ရာမှာ ရေဓာတ်ပြည့်ဝမှ ဝိတ်ကျမှာဖြစ်ပါတယ်။
အကယ်၍ သင်ဟာရေဓာတ်ပြည့်ဝနေရင် ကာယလေ့ကျင့်ခန်းနှင့် ဝိတ်ကျစေဖို့ အထောက်အကူ ဖြစ်ပါတယ်။ သင်ရဲ့ခန္ဒကိုယ် အလေးချိန် ၂ရာခိုင်နှုန်း မကျသေးသ၍ ရေဆာမှာမဟုတ်ပါဘူးလို့ “The American Journal of Clinical Nutrition” ရဲ့ လေ့လာတွေ့ရှိချက်အရ သိရပါတယ်။
(၂) ရေများများသောက်ခြင်းက အစာခြေဖျက်မှုစနစ်အားပိုကောင်းစေပါတယ်။
သင်ရေသောက်တိုင်း၊ အစာစားတိုင်းမှာ သင်ရဲ့ခန္ဓကိုယ်က ကယ်လိုရီတွေ လောင်ကျွမ်းစေပါတယ်။ The Journal of Endocrinology & Metabolism ဂျာနယ်ရဲ့လေ့လာချက်အရ ရေ၁၆အောင်စ သောက်သုံးခြင်းက အစာခြေဖျက်မှုစနစ် ၃ဝရာခိုင်နှုန်းကို လျော့ကျစေနိုင်ပါတယ်။ တစ်နေ့ရေ၁.၅လီတာ သောက်သုံးခြင်းဖြင့် ကယ်လိုရီ၂ဝဝလောင်ကျွမ်းစေတယ်လို့ သိရပါတယ်။
(၃) ရေသောက်ခြင်းကပိုဗိုက်ဆာစေပါတယ်။
ရေရဲ့အစွမ်းသတ္တိက ဗိုက်ပြည့်စေဖို့ထက် ပိုပြီးဗိုက်ဆာစေပါတယ်။ အစာမရှိခြင်း၊ ဂလုပ်လုပ်မြည်ခြင်း၊ အားမရှိခြင်း၊ ရှွင်မြူးခြင်း၊ တတာတွေက ဗိုက်ဆာတယ်လို့ ခံစားရစေပါတယ်။ “University of Oxford” လေ့လာချက်အရ ကယ်လိုရီအနည်းငယ်ပါတဲ့ အစားမစားခင် မိနစ်၃ဝအလို ရေ၁၆အောင်စသောက်ခြင်းဖြင့် ၂.၆ပေါင်ပိုပြီး ဝိတ်ကျစေပါတယ်။
(၄) တခြားအချိုရည်များသောက်သုံးခြင်းမှကင်းဝေးစေပါတယ်။
ဖျော်ရည်ယမကာနှိုင်းယှဉ်လိုက်ရင်တော့ ရေကပိုကောင်းပါတယ်။ BMC Public Health အဖွဲ့ရဲ့ လေ့လာချက်အရ ဖျော်ရည်ယမကာထဲမှာ ၃.၄အောင်စ ရေထည့်ခြင်းဖြင့် ကယ်လိုရီဝ.ရအောင်စလျော့ချ စေ နိုင်တယ်လို့သိရပါတယ်။
Writer & Translator : Shwe Yi",3.0,2.0,2.0,4.0,3.0,"The text provides health-related information suitable for a general audience. It uses citations to support claims, though some translations of scientific concepts are slightly awkward or inaccurate. It is well-structured, clean, and uses natural Burmese phrasing, though it contains minor typographical errors in the Burmese script."
<urn:uuid:17f6be0f-bd60-4a99-a72c-e7f734d9ef58>,"21-Sep-2016
ကချင် 2200 views
ကချင် 2200 views
ကချင်ပြည်နယ် မိုးညှင်းမြို့နယ် မမုံကိုင်အုပ်စု မိုင်းနောင်ကျေးရွာမှ သစ်ခွဲစက်အတွင်း စက်တင်ဘာလ ၁၉ ရက်နေ့ နံနက် ၈ နာရီအချိန် က ဝင်ရောက်ဖမ်းဆီးရာ တရားခံမှ ပြန်လည် သေနတ်လုယူခဲ့သဖြင့် ဒုရဲမှူးတစ်ဦး ဒဏ်ရာရရှိခဲ့ကြောင်း ကချင်ပြည်နယ် ရဲတပ်ဖွဲ့မှူးရုံးထံမှ သိရသည်။
မိုးညှင်းမြို့နယ် မူးယစ်ဆေးဝါး နှိမ်နင်းရေး ရဲတပ်ဖွဲ့မှ ဒုရဲမှူး အောင်နိုင်ဦး ဦးဆောင်သည့် အင်အား ၁၀ ဦးပါ အဖွဲ့သည် အင်းတော်ကြီးမြို့နယ် လုံးတုံကျေးရွာအုပ်စု မိုင်းနောင်ကျေးရွာမှ အနောက်ဘက် နှစ်မိုင်ခန့်အကွာ သစ်ခွဲစက်ဝင်းအတွင်း တဲခြောက်လုံး၌ သတင်းအရ မူးယစ်ဆေးဝါး သွားရောက်ဖမ်းဆီးရာမှ လူတစ်အုပ်က တုတ်၊ ဓားလက်နက်များနှင့် ခုခံပြီး တရားခံကိုပါ ပြန်လည်လုယူသွားခဲ့ကြောင်း သိရသည်။
အဆိုပါ သစ်ခွဲစက်အတွင်း တဲခြောက်လုံးကို ၀င်ရောက် စစ်ဆေးရာ တဲအနီးမှ အောင်ကျော်ဝင်းကို ခေါ်ယူစစ်ဆေးနေစဉ် အမည်မသိ လူနှစ်ဦး ထွက်ပြေးသွားပြီး နာရီဝက်အကြာတွင် အမည်မသိ လူတစ်စုရောက်လာ၍ ဖမ်းဆီးရေး တပ်ဖွဲ့ဝင်များကို တုတ်၊ ဓားများဖြင့် ၀ိုင်းဝန်း ရန်ပြုသဖြင့် ဒုရဲမှူးတစ်ဦး ဒဏ်ရာရကာ ၎င်းကိုင်ဆောင်ထားသည့် ပွိုင့် ၃၂ ခြောက်လုံးပြူးတစ်လက်နှင့် ကျည် ၁၈ တောင့်တို့ကို လုယူ ထွက်ပြေးသွားကြောင်း ပြည်နယ် ရဲတပ်ဖွဲ့မှူးရုံးထံမှ သိရသည်။
""တရားခံက ရဲဆီက သေနတ်လုပြီး ထွက်ပြေးသွားတယ်။ သေနတ်ပါတဲ့အတွက် တွေ့ရှိလို့ရှိရင် သက်ဆိုင်ရာကို အကြောင်းကြားပေးဖို့ ပြည်သူတွေကို တိုက်တွန်းလိုပါတယ်"" ဟု ပြည်နယ် ရဲတပ်ဖွဲ့မှူးရုံးမှ ရဲမှူးကြီး အဆင့်ရှိသူတစ်ဦးက ဆိုသည်။
အဆိုပါ အောင်ကျော်ဝင်း ကိုင်ဆောင်ထားသည့် ကျောပိုးအိတ်မှ ဘိန်းဖြူ ၁၁၇ ဒသမ ၄၀၀၁ ဂရမ်ခန့်နှင့် စိတ်ကြွ ဆေးပြား ၂၉၈၅ ပြား၊ သံကိုယ်ထည် စနစ်တံမပါ PUZG တပ်မတော်ထုတ် BA.109 လက်ပစ်ဗုံးနှစ်လုံး၊ ဓားမြှောင်ငယ် တစ်လက်တို့ကို သိမ်းဆည်းရမိခဲ့ကြောင်း၊ ယင်းဒေသသို့ ပြည်နယ် ရဲတပ်ဖွဲ့မှူး ရဲမှူးကြီးထွန်းဦး ဦးဆောင်ကွပ်ကဲမှုဖြင့် ထွက်ပြေးသွားသည့် တရားခံများကို ဖမ်းဆီးခဲ့ရာ စက်တင်ဘာလ ၁၉ ရက်နေ့နှင့် ၂၀ ရက်နေ့တို့တွင် နှစ်ဦးကို ဖမ်းမိနိုင်ခဲ့ကြောင်း အဆိုပါရုံးထံမှ သိရသည်။
အဆိုပါ အမှုကို ပ(၄၅)/၂၀၁၆၊ လက်နက် ဥပဒေ ပုဒ်မ ၂ (၁) (က) ဖြင့် လည်းကောင်း၊ ပ ၄၆/၂၀၁၆၊ ရာဇသတ်ကြီး ပုဒ်မ ၃၃၃/၁၁၄၊ မယ( ပ)၃၆၊ မူး/စိတ် ၁၅/ ၁၉ (က) /၂၀(က)/၂၂ (ခ) ၂၁ တို့ဖြင့်လည်းကောင်း အမှုဖွင့် အရေးယူလျက်ရှိသည်။
-
27-Jul-2017
-
27-Jul-2017
-
27-Jul-2017
-
27-Jul-2017
-
27-Jul-2017
-
27-Jul-2017
-
03-Jul-2017
-
25-Jul-2017
-
26-Jul-2017
-
26-Jul-2017
-
23-Jul-2017
-
25-Jul-2017",1.0,1.0,2.0,2.0,3.0,"The text is a news report about a police operation in Kachin State. It provides factual reporting but lacks educational depth or complex reasoning. It is written in natural Burmese, reflecting local administrative and legal terminology, though the document is heavily cluttered with repetitive date stamps and boilerplate noise at the end."
<urn:uuid:0e922e5c-1e8f-435f-9406-b055b09dd9d3>,"ဒုဗိုလ်ချုပ်ကြီး ကန်အမည်ပျက် စာရင်းဝင်
ကုလ သမဂ္ဂ ဆုံးဖြတ်ချက်ကို ဖောက်ဖျက်ပြီး မြောက်ကိုရီးယားနဲ့ လက်နက် အရောင်းအဝယ် လုပ်နေတယ် ဆိုပြီး မြန်မာ အဆင့်မြင့် စစ် အရာရှိကြီး တဦးကို အမေရိကန် အစိုးရ က အမည်ပျက် စာရင်း ထည့်သွင်း လိုက်ပါတယ်။
ဒုတိယ ဗိုလ်ချုပ်ကြီး သိန်းဌေးဟာ မြောက်ကိုရီးယား က စစ်ပစ္စည်းတွေ ဆက်ပြီး ဝယ်ယူနေတဲ့ အတွက် မြောက်ကိုရီးယားရဲ့ အဏုမြူနဲ့ ဒုံးလက်နက် စီမံကိန်း တွေ အတွက် ဝင်ငွေရဖို့ ကူညီရာ ကျတယ်လို့ အမေရိကန် ဘဏ္ဍာရေး ဌာနက ထုတ်ပြန် ပါတယ် ။
မြောက်ကိုရီးယားနဲ့ စစ်ရေး ဆက်ဆံမှုတွေ ဖြတ်တောက်ရေးမှာ တိုးတက်မှုတွေ ရှိလာတဲ့ အတွက် မြန်မာ အစိုးရ ကိုတော့ ပစ်မှတ် မထားဘူးလို့ ကြေညာချက်မှာ ပါရှိပါတယ်။
ပါဝင်တဲ့ စစ်ပစ္စည်း အမျိုးအမည်တွေ ကိုတော့ အမေရိကန် ဘက်က မထုတ်ပြန် ပါဘူး။",2.0,2.0,2.0,5.0,4.0,"The text is a clear, concise news report about international sanctions. It provides factual information suitable for general education. The language is natural, professional Burmese, free of formatting errors or boilerplate, and accurately reflects the political context and terminology used in Burmese media reporting on international affairs."
<urn:uuid:24ae7816-c9ab-40bb-8b1f-283e2529405d>,"ရုရှားနိုင်ငံရှိ ယခုနှစ်ဘောလုံးပြိုင်ပွဲကြီး၏ လက်မှတ်ကို အနိုင်ရယူရန် အခွင့်အရေးနောက်တစ်ခု!
ဘောလုံးပြိုင်ပွဲကြီးကတော့ ကျွန်တော်တို့ ဖောက်သည်များအကြား အထူးရေပန်းစားနေပါပြီ။
ဒါကြောင့် သင်တို့ကို အချိန်ပိုပေးဖို့ ဆုံးဖြတ်လိုက်ကြပါပြီ! အတော်ဆုံးကုန်သည် ၅၅ဦးအတွက် နောက်ထပ်လက်မှတ် ၅၅စောင်!
ပထမပွဲစဉ်မှာ ပါဝင်ခဲ့ကြသူများလဲ ထပ်ပါဝင်နိုင်ပါတယ်။ အမြင့်ဆုံးရောင်းဝယ်ပြီး ရုရှားသွားမည့်လေယာဉ်ပေါ်မှာ သင့်ကိုယ်သင်ရှာဖွေပါ! ပျော်ရွှင်ဖွယ်အခွင့်ထူးများ၊ ဝမ်းသာတဲ့မျက်နှာများ၊ ကွင်းထဲက ကျော်ကြားတဲ့ ကစားသမားများ... ဒါတွေအားလုံး သင့်ထံမှာဖြစ်လာနိုင်ပါပြီ!
သင့်အောင်မြင်မှုကို အရှိန်မြှင့်နိုင်အောင် တချိန်တည်းမှာပဲ ပြိုင်ပွဲအားလုံးမှာ ပါဝင်ဆင်နွှဲလိုက်ပါ။ သင်အဲ့ဒီကိုရောက်နိုင်ပါပြီ!",0.0,0.0,1.0,2.0,2.0,"The text is a promotional advertisement for a football-related contest. It lacks educational or reasoning value. It is written in natural, informal Burmese, reflecting local marketing styles, but contains no substantive content beyond a sales pitch."
<urn:uuid:374e84ff-7967-4d7f-b5d4-79328d37d2f0>,"It is with sadness that today ADRA Myanmar says farewell to our Country Director Claudio, his wife and former M&E Coordinator Brenda and their 2 children.
A farewell lunch was held at Summit Parkview Hotel for ADRA Myanmar Yangon staff, and special guests from the Church and Board to commemorate this occasion. Many of our staff have not seen each in other in months due to COVID-19 so it was also the first time we have gathered together as a team to bid farewell with safety measures in place.
Under Claudio’s leadership, ADRA Myanmar has experienced great change such as acquiring new projects like the $20+ million European Union funded CASE2Learn project, refining ADRA Myanmar’s core sectors, expanding our financing and programs, building a stronger relationship with the local Adventist Church, advocating for Indigenous education and continuing to strengthen our partnerships with local organizations and governments.
Claudio has served as Country Director of ADRA Myanmar for the last 4+ years. Brenda was previously employed as M&E Coordinator of ADRA Myanmar, but recently joined ADRA International last year in November 2019 and has been travelling between the US and Myanmar until the family were able to join her. Now both Claudio and his family will be moving to the US permanently.
On behalf of the ADRA Myanmar family, we want to thank Claudio and Brenda for their many years of service and wish good luck and God’s blessings as you take on this next chapter.
ယနေ့ ADRA Myanmar သည် Country Director ဖြစ်သူ Claudio၊ သူ၏ဇနီးဖြစ်သူ M&E Coordinator ဟောင်း Brenda နှင့် ၄င်းတို့၏သားသမီးနှစ်ဦီးကို ဝမ်းနည်းစွာဖြင့် နှုတ်ဆက်လိုက်ရပါသည်။
ရန်ကုန်မြို့ရှိ Summit Parkview ဟိုတယ်တွင် ADRA Myanmar ရန်ကုန်ရုံးဝန်ထမ်းများနှင့် နှုတ်ဆက်နေ့လည်စာစားပွဲကို ပြုလုပ်ခဲ့ပြီး အသင်းတော်နှင့် ဘုတ်အဖွဲ့မှအထူးဧည့်သည်တော်များက တက်ရောက်ဂုဏ်ပြုခဲ့ကြသည်။ ကိုရိုနာဗိုင်းရပ်စ်ရောဂါဖြစ်ပွားနေမှုကြောင့် ကျွန်ုတို့ဝန်ထမ်းများသည် မတွေ့မမြင်ကြသောကြောင့် နှုတ်ဆက်ရန်အတွက် ပထမဆုံးအကြိမ်အဖြစ် အတူတကွစုဝေးခဲ့ကြသည်။
Claudio ၏ ဦးဆောင်မှုအောက်တွင် ADRA Myanmar သည် ကြီးမားသောပြောင်းလဲမှုများကို ကြုံတွေ့ခဲ့ရသည်။ ဥပမာအနေဖြင့်ဆိုရပါက ဒေါ်လာသန်း ၂၀ ကျော်ရှိသော ဥရောပသမဂ္ဂက ရန်ပုံငွေထောက်ပံ့သည့် CASE2Learn စီမံကိန်းကဲ့သို့သောစီမံကိန်းအသစ်များနှင့် ADRA Myanmar ၏ အဓိကအခန်းကဏ္ဍများကို ပြုပြင်ပြောင်းခဲခြင်း၊ ငွေကြေးနှင့်အစီအစဥ်များကို တိုးချဲ့ခြင်း၊ ဌာနေတိုင်းရင်းသားများ၏ ပညာရေးနှင့် ဒေသတွင်းအဖွဲ့အစည်းများ၊ အစိုးရတာဝန်ရှိသူများနှင့် ပူးပေါင်းဆောင်ရွက်ကာ ကျွန်ုပ်တို့ဆက်လက်အားဖြည့်နိုင်ခဲ့သည်။
Claudio သည် ADRA Myanmar ၏ Country Director အဖြစ် လေးနှစ်ကျော်ကြာ တာဝန်ထမ်းဆောင်ခဲ့သည်။ ၎င်း၏ဇနီးဖြစ်သူ Brenda သည်လည်း ယခင်က ADRA Myanmar ၏ M&E ညှိနှိုင်းရေးမှူးအဖြစ်လုပ်ကိုင်ခဲ့သော်လည်း မကြာသေးမီ၂၀၁၉ ခုနှစ်၊ နိုဝင်ဘာလအတွင်းက ADRA International ၌ ဝင်ရောက်ခဲ့ပြီး မိသားစုအတူတကွနေထိုင်နိုင်သည့်အချိန်အထိ အမေရိကန်နှင့် မြန်မာနိုင်ငံအကြား ကူးလူးသွားလာခဲ့ရသည်။ ယခုအခါ Claudio နှင့် သူ၏ဇနီးဖြစ်သူ Brenda တို့ နှစ်ဦးစလုံးသည် အမေရိကန်ပြည်ထောင်စုသို့ အခြေချပြောင်းရွှေ့ နေထိုင်သွားမည်ဖြစ်သည်။
Claudon နှင့် Brenda တို့၏ နှစ်ပေါင်းများစွာ တာဝန်ထမ်းဆောင်ပေးခဲ့သည့်အတွက် ADRA မြန်မာမိသားစုကိုယ်စား ကျွန်ုပ်တို့သည် အထူးပင်ကျေးဇူးတင်ရှိပြီး ရှေ့ဆက်၍လည်း ကံကောင်းပါစေရန်နှင့် ဘုရားသခင်ကောင်းကြီးပေးပါစေရန် ကျွန်ုပ်တို့က ဆုမွန်ကောင်းတောင်းပေးလိုက်ရပါသည်။
Written By: Emma McCrow, Communications Officer
Photo: © 2020 ADRA Myanmar | Emma McCrow & Pyae Phyo Lin",1.0,1.0,2.0,5.0,3.0,"The text is a corporate farewell announcement. It provides minimal educational or reasoning value. It is clean, well-formatted, and uses natural Burmese, though it is a direct translation of the English text provided above it, limiting its cultural depth."
<urn:uuid:17c1e1a3-1d68-44ad-8293-f062bfd50a49>,"Kainnayie Kainnayar (Twilly)
ကိန္နရာများဟာ နူးညံ့တဲ့အမူအရာရှိခြင်း၊ ပန်းဝတ်ဆံကို စားသုံးခြင်း၊ အဆင်းအင်္ဂါနဲ့ ပြည့်စုံခြင်း၊ ဘုရားပွင့်တော်မူတဲ့နေ့မှာ ဝမ်းမြောက်ဝမ်းသာ မြူးထူးခြင်း စသည့် မင်္ဂလာများရှိတယ်လို့ အစဉ်အလာအရ မြန်မာလူမျိုးတို့က ယုံကြည်ကြပါတယ်။ ဒါကြောင့်ပဲ မြန်မာဘုရင်မင်းများက ရာဇပလ္လင်မှာ ကိန္နရာကနေတဲ့ဟန် ထုလုပ်လေ့ရှိကြပါတယ်။ မြန်မာတိုင်းရင်းသားလူမျိုးတစ်မျိုးဖြစ်တဲ့ ကယားလူမျိုးများကတော့ သူတို့ဟာ ကိန္နရာ၊ ကိန္နရီများက ဆင်းသက်လာတယ်လို့ ယုံကြည်ကြပါတယ်။ မြန်မာနိုင်ငံကယားပြည် ငွေတောင်ပေါ်မှာ ကိန္နရာ၊ ကိန္နရီတွေ နေထိုင်ခဲ့ကြတယ်လို့ လူသိများပါတယ်။ ဒီလို ကောင်းခြင်းတွေနဲ့ ပြည့်စုံတဲ့ ကိန္နရာ၊ ကိန္နရီမောင်နှံကို မြန်မာ့ရိုးရာကနုတ်ပန်းနဲ့ တွဲစပ်ဖန်တီးထားတဲ့ ဒီဇိုင်းကတော့ မြန်မာ့ယဉ်ကျေးမှုကိုရော၊ ကိန္နရီမောင်နှံကိုပါ ချစ်မြတ်နိုးပြီး နိမိတ်ကောင်းကို ယုံကြည်တဲ့ ပရိသတ်တွေအကြိုက်တွေ့မှာ သေချာပါတယ်။",3.0,1.0,2.0,5.0,5.0,"The text provides educational information about Burmese mythology and cultural symbols like the Kinnara. It is well-written, clean, and authentic, reflecting deep cultural knowledge. While it lacks complex logical analysis, it serves as a good introductory text for cultural studies at a primary or middle-school level."
<urn:uuid:bc6b9da8-08e5-4d4a-a286-05a07c17c39e>,"အပြည်ပြည်ဆိုင်ရာ ဘဏ်အကောင့် နံပါတ်(အီဘန်) (IBAN) သည် နိုင်ငံတကာမှ အသိအမှတ်ပြုစံနှုန်းသက်မှတ်ထားသည့် ဘဏ်အကောင့်နံပါတ်ဖြစ်ပြီး၊ တစ်နိုင်ငံမှ တစ်နိုင်ငံသို့ ငွေလွှဲပြောင်းရာတွင် အလွဲအမှားမရှိစေရန် စတင်အသုံးပြုကြခြင်းဖြစ်သည်။ ပထမတွင် ဥရောပ ဘဏ်စံနှုန်းများ ကော်မတီ (ECBS)မှ စတင်အသုံးပြုခဲ့သော်လည်း ယခုအခါတွင်မူ နိုင်ငံတာစံနှုန်းအဖြစ် အိုက်အက်စ်အို ၁၃၆၁၆.၁၉၉၇ ဖြင့် အသိအမှတ်ပြုလိုက်ပြီဖြစ်သည်။အိုက်အက်စ်အို ၁၃၆၁၆.၂၀၀၇ စံနှုန်းသည် ဆွစ်ဖ်နံပါတ်များကို ဖော်ပြသည့် စံနှုန်းဖြစ်သည်။
|ဤ ဆောင်းပါးမှာ ဆောင်းပါးတိုတစ်ပုဒ် ဖြစ်သည်။ ဖြည့်စွက်ရေးသားခြင်းဖြင့် မြန်မာဝီကီပီးဒီးယားကို ကူညီပါ။|",3.0,1.0,3.0,3.0,1.0,"The text provides a clear, factual definition of IBAN and its international standardization. It is educational and professional, requiring basic financial literacy. It contains a Wikipedia-style boilerplate notice at the end, which limits the cleanliness score. The language is natural, but the content is a standard encyclopedic translation rather than a culturally specific artifact."
<urn:uuid:4dbb3993-cbe3-48a7-a6ab-6e16f65a0840>,"မြောက်အရပ်က
ထောင့်တစ်ညခရီးသွားတွေ ဝင်လာတယ်
အနောက်အရပ်က
နောက်ကျခရီးသွားတွေ ဝင်လာတယ်
အရှေ့အရပ်က
အလေ့ကျခရီးသွားတွေ ဝင်လာတယ်
တောင်အရပ်က
အတောင်ခပ်ခရီးသွားတွေ ဝင်လာတယ်
အပေါ်အရပ်က
အဖော်ငတ်ခရီးသွားတွေ ဝင်လာတယ်
အောက်အရပ်က
အပေါက်ကြပ်ခရီးသွားတွေ ဝင်လာတယ်
ဆယ်မျက်နှာသောဘဝအရပ်က
တကယ်ဖြစ်လာသော ဓမ္မ အဓမ္မတွေ ဝင်လာတယ်
ဤခရီး လှမ်းသလား
ခြေလှမ်းများ ပွက်ပွက်ဆူဆဲပါ
ဤခရီး နီးသလား
ဖဝါးများ မီးသက်သက်ပူဆဲပါ
သေချာတဲ့ အချိန်ဗဟိုပင်မ
နေရာနဲ့အိမ်ခိုဝင်ကြပြီ
ရွာဗဟိုရင်ပြင်စခန်းဆီ
ဇရာအိုပြင်ဆင်နန်းတည်
တွေ့လား
ဗဟိုဆွဲအားဟာ
ပြိုကွဲမသွားဘူး
ဗဟိုအချင်းဟာ
အိုမင်းမသွားဘူး
ဗဟိုမဏ္ဍိုင်ဟာ
ပိုသန်ခိုင်မာလာတယ်
အကျိုးအကြောင်းအားလုံးရဲ့ဆုံရပ်ဗဟိုရင်ပြင်
အရိုးခေါင်းအားလုံးနဲ့ခုန်ကခိုဝင်စဉ်
သီချင်းတိုင်း ဆိုသီကတဲ့ ရုပ်သဏ္ဍာန်ကို
သချီုင်းကြိုဂီတနဲ့မြှုပ်နှံကာ
ရုပ်နာမ်ဟာ သုသာန်မှာ ဈာပနယိမ်းနဲ့ ထာဝရငြိမ်းပြီ။ ။
သုအိုင်စံ
၁၆.၀၇.၂၀၁၂
Monday, July 16, 2012
မြောက်အရပ်က",1.0,2.0,2.0,4.0,4.0,"This is a piece of contemporary Burmese poetry. It uses metaphorical language to explore existential themes of life, death, and impermanence. While it lacks structured educational content or complex logical analysis, it demonstrates authentic cultural expression and poetic structure, reflecting a high level of linguistic nuance and local literary style."
<urn:uuid:72ee0660-bbb7-4638-9c01-a6ed8f335cf7>,"ရန်ကုန်၊ ဇွန် ၂၄
ရန်ကုန်တိုင်းဒေသကြီး မြောက်ပိုင်းခရိုင် မှော်ဘီမြို့နယ် နှင့် တိုက်ကြီးမြို့နယ်တို့တွင် လွန်ခဲ့သော တစ်ပတ်မှစ၍ ဝက်များသည် ပုံမှန် မဟုတ်သော သေဆုံးမှု များပြားလာကြောင်း ဒေသခံများက The Voice သို့ ပြောကြားသည်။
ဇွန်လ တတိယပတ်တွင် ရပ်ကွက်ထဲ၌ ဝက်များသည် ကိုယ်ပူခြင်း၊ ဆီးချုပ်၊ ဝမ်းချုပ် ဖြစ်ခြင်းများ ရှိခဲ့ပြီး တိ၊မွေး၊ကု ဆရာဝန်နှင့် ခေါ်ယူ ကုသသော်လည်း သုံးရက်အတွင်း ဝက်ငါး ကောင်ခန့် သေဆုံးခဲ့ကြောင်း မှော်ဘီမြို့နယ် (၄) ရပ်ကွက် ၁၅၀၀ ကွက်သစ် နေထိုင်သည့် ဝက်မွေးမြူသူ ဦးထွန်းထွန်းက ပြောကြားသည်။
“ဝက်တွေသေတာ ကြားနေရတယ်။ ဘာကြောင့်သေလဲ ဆိုတာ လူတွေမသိကြပေမယ့် ပေါ်ရောင်းနေကြတဲ့ လူတွေ ရှိတယ်။ ရွာထဲမှာဆို နေမကောင်းလို့ သေသွားတဲ့ ဝက်တွေကို တစ်ပိဿာကျပ် ၂၀၀၀ ဈေးနဲ့ ရောင်းတော့ အရင် ၆၀၀၀ နဲ့ စာရင် သက်သာတယ်ဆိုပြီး ဝယ်စား နေကြတာပေါ့” ဟု မြောင်းတကာ ကျေးရွာအုပ်စု ရေကျော်ကျေးရွာမှ ဝက်မွေးသူ တစ်ဦးက ဆိုသည်။
ခြံထဲတွင် ဝက်နှစ်ကောင် ကိုယ်ပူပြီး ဆီးချုပ်၊ ဝမ်းချုပ် ဖြစ်ကာ သေဆုံးသွားသဖြင့် ကျန်နေသော ဝက်သုံးကောင်ကို ထုတ်ရောင်း လိုသော်လည်း ဝက်ဈေးများ ကျနေ၍ မရောင်းဖြစ်ကြောင်း တိုက်ကြီးမြို့နေ ဦးတင်ဝင်းက ပြောကြားသည်။
ရောဂါ ကူးစက်ခံရပြီး သေဆုံးသည့် ဝက်သားကို လူက စားမိပါက ဝမ်းရောဂါနှင့် ဆက်နွှယ်သော ရောဂါများ ဖြစ်နိုင်ပြီး ဝက်များ ပုံမှန်မဟုတ်သော သေဆုံးမှုများ ရှိခဲ့လျှင် ဝက်ပိုင်ရှင်များ အနေဖြင့် နီးစပ်ရာ ဓာတ်ခွဲခန်းနှင့် ဌာနများသို့ သတင်းပေးပို့ရန် လိုကြောင်း ရန်ကုန်တိုင်း မွေးမြူရေးနှင့် ကုသရေး ဦးစီးဌာန တာဝန်ရှိသူတစ်ဦးက The Voice သို့ ပြောကြားသည်။
“ဝက်တွေသေတဲ့ သတင်းတွေ ကြားနေရပေမယ့် ဘာရောဂါလဲ ဆိုတာတော့ မသိသေးဘူး” ဟု ၎င်းကဆိုသည်။
လက်ရှိတွင် မြန်မာနိုင်ငံ တိုင်းဒေသကြီး အချို့တွင် ပုံမှန်မဟုတ်ဘဲ ဝက်သေဆုံးမှုများ တွေ့ရှိရပြီး အသေသား မရောင်းရ ဥပဒေကို ထုတ်ပြန်ထားသော်လည်း လိုက်နာခြင်း မရှိကြောင်း ၎င်း၏ ပြောကြားချက် အရ သိရသည်။
ဝက်များတွင် ဝက်နားရွက်ပြာရောဂါ ဖြစ်ပွားပါက ကနဦးတွင် နေမကောင်း ဖြစ်ခြင်း၊ သားလျှောခြင်း၊ အစာမစားခြင်းနှင့် ဝမ်းချုပ်ခြင်း၊ အရေပြား နီရဲလာခြင်း၊ ဝမ်းလျှောခြင်းများ ဖြစ်လေ့ရှိပြီး ၂၀၁၁ ခုနှစ် ဝက်နားရွက်ပြာရောဂါ ဖြစ်ပွားခဲ့ချိန်က တစ်နိုင်ငံလုံးတွင် ဝက်ကောင်ရေ တစ်သိန်းကျော် သေဆုံးခဲ့ ကြောင်း ရန်ကုန်တိုင်း ဒေသကြီး မွေးမြူရေးနှင့် ကုသရေး ဦးစီးဌာန စာရင်းအရ သိရသည်။
အိန္ဒိယနိုင်ငံတွင် ဝက်နားရွက်ပြာရောဂါ တွေ့ရှိရသဖြင့် မြန်မာ-အိန္ဒိယ နယ်စပ်ရှိ ဂိတ်များမှ တင်သွင်းလာမည့် ဝက်များကို ပိတ်ပင်သွားမည် ဖြစ်ကြောင်း အိန္ဒိယ တိရစ္ဆာန် မွေးမြူရေးနှင့် ကုသရေး ဦးစီးဌာနက ပြောကြားသည်။
The Voice Weekly",3.0,2.0,2.0,5.0,5.0,"The document is a well-written news report about a livestock health crisis in Myanmar. It provides educational value regarding public health and animal husbandry, uses clear journalistic reasoning, requires moderate expertise to understand, is perfectly clean, and reflects authentic Burmese local context, terminology, and social issues regarding food safety."
<urn:uuid:d10310a9-faa8-4a1a-9f1c-186c6affa741>,"သင်၏အင်္ဂလိပ်စာအသံထွက် တိုးတက်စေပြီး အသံထွက်သင်္ကေတများကို မည်သို့ဖတ်သည်ကို လေ့လာလိုက်ပါ။
အသံထွက်သင်္ကေတများအား မည်သို့ဖတ်ရမည်ကို သိခြင်းသည် အင်္ဂလိပ်စာလုံး များတိကျစွာအသံထွက်နိုင်ရန်နှင့် သင်၏စကားပြောနှင့်နားလည်နိုင်စွမ်းရည်များပါ တိုးတက်စေရန် ကူညီပေးမည် ဖြစ်သည်။ ဤ app နှင့်အတူ အင်္ဂလိပ်အသုံးများကို လျှင်မြန်စွာနှင့်လွယ်ကူစွာလေ့လာလိုက်ပါ။ သင် အဘိဓာန် စာအုပ်တွင်တွေ့ရသော စကားလုံးများကို အသံထွက်ကြည့်ရာတွင် ရည်ညွှန်းကိုးကားစရာအဖြစ်လည်း အသုံးပြုနိုင်သည်။
ဤ APP ပရိုဂရမ်၏ ထူးခြားသောဝိသေသနများမှာ
- အင်္ဂလိပ်အသံများအားလုံးပါဝင်သော သုံးရန်လွယ်ကူသည့် ခလုတ်များ။
- စကားလုံးတစ်လုံးချင်းစီကို အသံသွင်းထားသဖြင့် အားလုံးကို သင် နားထောင်၍ ရပါသည်။
- နမူနာ စကားလုံးများကြောင့် လက်တွေ့သုံးစွဲသော အခြေအနေများမှ အသံများကိုလေ့လာနိုင်ပါသည်။
ရိုးစင်း၍ ရှင်းလင်းသော အင်္ဂလိပ်စာလေ့လာသူများအတွက် အမှန်တကယ်ကို အသုံးဝင်ပါသည်။ ဆရာတစ်ယောက်အနေ နှင့်လည်း စာသင်ခန်းထဲတွင် အများကြီးအသုံးပြုမည်ဖြစ်သည်။ ကျေးဇူးပါပဲ။”",3.0,1.0,1.0,4.0,2.0,"The text is a promotional description for an English pronunciation app. It provides basic educational utility for language learners and teachers. It is clean, well-structured, and uses natural Burmese, though it lacks deep reasoning or high-level professional complexity. It is a functional, straightforward piece of instructional marketing material."
<urn:uuid:4d7be943-1242-4970-8b32-f97f2d9f261a>,"နိုင်ငံတကာက ကျန်းမာရေး အသိပညာရှင်များရဲ့ လေ့လာတွေ့ရှိချက်တွေအရ Covid-19 ဟာ မျိုးရိုးဗီဇတွေဘယ်လောက်ပဲ ပြောင်းပြောင်း သူ့ရဲ့ အကြီးမားဆုံး အန္တရာယ်ကတော့ နှလုံးတွင်းကသွေးတွေကို ပျစ်သွားစေနိုင်တယ်ဆိုတာပါပဲ။
Covid-19 ကို ကူးစက်ခံရတဲ့ လူတွေဟာ နှလုံး နဲ့ အဆုတ်လမ်းကြောင်းကို တိုက်ခိုက်ခြင်းများစွာခံရပြီး သွေးကြောတွေမှာ သွေးများပျစ်ကာ နောက်ဆုံး အောက်စီဂျင်လုံး၀ ပြတ်သွားတဲ့အထိခံစားကြရတာဖြစ်ပါတယ်။
အခုနောက်ပိုင်းမှာ လူတွေက သွေးပျစ်မှာ သွေးခဲမှာကို ကြောက်လန့်နေကြပြီး သွေးကျဲဆေးတွေကို ဆရာ၀န် ရဲ့ လမ်းညွှန်ချက်မပါပဲ သောက်သုံးနေကြတာ ကို လည်းအများကြီးတွေ့ရပါတယ်။
တကယ်တော့ Aspilet အစရှိတဲ့သွေးကျဲ ဆေး အများစုဟာ တတ်ကျွမ်းနားလည်တဲ့ဆရာ၀န်ကြီးတွေကိုယ်တိုင်ညွှန်ကြားမှ သောက်သင့်တဲ့ ဆေးတွေမလို့ ကိုယ့်အတွေးနဲ့ကိုယ်လို သလိုသောက်နေမယ်ဆိုရင် တော ့ကြာလာတဲ့အခါမှာ အန္တရာယ်ရှိလာနိုင်ပါတယ်…
ဒါကြောင့် သွေးပျစ်ခြင်း (သို့) သွေးခဲခြင်းကို အိမ်မှာတင်ဆေးဖိုးမကုန်ပဲ အန္တရာယ်ကင်းကင်းနဲ့ ကုသလို့ရတဲ့ အလွယ်ဆုံးနဲ့ အရိုးရှင်းဆုံးနည်းလမ်း (၂) ခုကို ဒီနေ့မှာ ဖော်ပြပေးလိုက်ပါမယ်နော်…
(၁) ကြက်သွန်ဖြူနေ့စဉ်စားပါ
ကြက်သွန်ဖြူဟာ ပျစ်နေတဲ့သွေးတွေကို အကောင်းဆုံး အရည်ဖျော်ပေးနိုင်တဲ့ ဆေးကောင်းတစ်လက်ပါ။ ကြက်သွန်ဖြူမှာ ကိုယ်ခံအားကို မြှင့်တင်ပေးနိုင်တဲ့ အာနိသင်တွေအပြင် သွေးထဲက အဆီတွေနဲ့ ခဲနေတဲ့သွေးကြောတွေကို ဖြေလျော့ပေးနိုင်တာမလို့ ကြက်သွန်ဖြူကို နေ့စဉ်မှန်မှန်စားပေးဖို့လိုပါမယ်။
(၂) တစ်နေ့ ခြေလှမ်းပေါင်း(၆၀၀၀) လျှောက်ပါ
အရင်ကလမ်းသိပ်မလျှောက်ဘူးဆိုရင်တောင် အခုလို Covid ကာလမှာ တစ်နေ့ကို ခြေလှမ်းရေ (၆၀၀၀) လောက်လျှောက်ပေးဖို့လိုပါမယ်။ သွေးခဲတာက ခြေထောက်ကနေ အစပျိုးလာတတ်တာမလို့ ခြေထောက်၊ခြေသလုံးလေ့ကျင့်ခန်းများကို နေ့စဉ်လုပ်ပေးသင့်တဲ့အပြင် လမ်းများများလျှောက်ပေးဖို့အထူးလိုအပ်ပါတယ်။
ကဲ… ဆေးဖိုးလည်းမကုန် အန္တရာယ်လည်းကင်းပြီး နှလုံးသွေးခဲခြင်းကို ကာကွယ်ချင်တဲ့ Myanmarload ပရိတ်သတ်ကြီးလည်း ဒီနည်းလေးတွေကို အသုံးချပြီးနေ့စဉ်ဘ၀ကို ကျန်းမာပျော်ရွှင်စွာဖြတ်သန်းနိုင်ကြပါစေနော်…
""Myanmarload's content is copyrighted and only allowed to appear on Myanmarload website. Please respect our copyrights""
Myanmarload မှရေးသားသောသတင်းများသည် Myanmarload၏ မူပိုင်သတင်းများဖြစ်ပြီး Myanmarload Website ထဲတွင်သာ ဖတ်ရှုနိုင်ပါသည်။ ကျွန်ုပ်တို့၏ မူပိုင်ခွင့်ကိုလေးစားသောအားဖြင့် တစ်ဆင့်ကူးယူဖော်ပြခြင်းမပြုရန် မေတ္တာရပ်ခံအပ်ပါသည်။",2.0,1.0,2.0,4.0,4.0,"The text provides basic health advice regarding COVID-19 and blood clotting. It is written in natural, accessible Burmese, reflecting local media style. While it offers simple tips, it lacks deep scientific reasoning and includes a disclaimer about medical advice. It is clean, though it contains boilerplate copyright notices at the end."
<urn:uuid:777eb4a2-e921-4db7-a319-97c3b8eeb1e1>,"မြေပုံတွင် ငါးဖမ်းသမားတစ်ဦး ဘင်္ဂါလီကုလားများ တိုက်ခိုက်ခြင်းခံရ
+++++++++++++++++++++++++
မြေပုံ၊စက်တင်ဘာ(၂၅)
မြေပုံမြို့၊မြောက်ပိုင်းရပ်ကွက်နေ ကိုမောင်လှဝင်း(ဘ)ဦးကျော်သားလှ၊အသက်(၂၁)နှစ်သည်(၂၄-၉-၂၀၁၃)နေ့
ည(၁း၃၀)နာရီခန့်တွင်စက်လှေနောက်လိုက်ဖြစ်သူ မောင်မောင်မြင့်အသက်(၁၅)နှစ်နှင့်အတူ မြေပုံမြို့နယ် ကြက်ရေကြီးကျေးရွာနှင့်
အတွင်း ငါးခူချောင်းကျေးရွာအကြား မဟိုင်းပေါက်အနီး မြစ်ချေင်းထဲတွင် ပိုက်ဖြင့် ငါးဖမ်းနေစဉ်
ဘင်္ဂါလီကုလား(၁၀)ယောက်ခန့်ပါသော မော်တော်ဘုတ်တစ်စီး ရောက်ရှိလာကာ မောင်လှဝင်း
နှင့် မောင်မောင်မြင့်တို့အား လေးကွတွင်ခဲသီးတပ်ကာပစ်ခြင်း၊ မော်တော်ဘုတ်ပေါ်မှ ဒုတ်ရှည်ဖြင့် ရိုက်နှက်
ခြင်းခံရကာ ဒါဏ်ရာပြင်းထန်စွာ ရရှိသဖြင့် (၂၅-၉-၂၀၁၃)နေ့တွင် မြေပုံဆေးရုံ၌ အတွင်းလူနာအဖြစ်ဖြင့် ဆေး
၀ါးကုသခံယူလျှက်ရှိပါသည်။
ဘင်္ဂါလီကုလားများ၏ တိုက်ခိုက်ခြင်းကြောင်းစက်လှေတိမ်းမှောက်သွားပြီးနောက် မောင်လှဝင်းတို့ သေပြီအထင်နှင့် ဘင်္ဂါလီများမှ
ငါးဖမ်းပိုက်များကို ယူဆောင်ကာ ထွက်သွားခဲ့ကြကြောင်း၊ မောင်လှဝင်းတိုနှစ်ဦးမှာ ကမ်းစပ်သို့ရောက်အောင်ကူးခက် ခဲ့ကြ ကြောင်း၊
တိမ်းမှောက်သွားသော စက်လှေမှာ
ဒီရေအတတ်နှင့် ၄င်းတို့ရှိရာသို့ မျောပါလာခဲ့ရာ ပြန်လည်ကြိုး စားဆယ်ယူခဲ့ကြကြောင်း၊ နံနက်မိုးလင်းချိန်(၆)နာရီခန်တွင်
အ၀က်ပုဆိုးကိုရွက်လွှင့်ကာ ကျန်ရှိနေသော ပျဉ်တိုစဖြင့် လှော်ခက်လျှက် မြေပုံ
မြို့သို့ ကြိုးစားကာလာ ခဲ့ကြကြောင်း၊ တိုက်ခိုက်ခဲ့ကြသော ဘင်္ဂါလီကုလားများ၏ မော်တော်ဘုတ်မှာ ပေါက်တောဘက်သို့
ခုတ်မောင်းသွားခဲ့ကြောင်း သိရှိရပါသည်။ (အဆိုပါ တိုက်ခိုက်ခြင်းအား မြေပုံရဲစခန်းတွင် အမူဖွင့်တိုင်ကြားထားကြောင်းသိရပါသည် ။ ရဲစခန်း ဖုန်း – ၀၉၄၉၆၆၂၂၇၇)
Aungmingalar Inder ဖေ့ဘုတ် စာမျက်နှာ မှ",1.0,1.0,2.0,3.0,4.0,"The text is a local news report detailing a violent incident. It lacks educational or complex reasoning value. It is written in natural, localized Burmese, reflecting specific regional reporting styles and terminology, though it contains some formatting artifacts and boilerplate typical of social media news clippings."
<urn:uuid:67331d19-e439-47cd-875d-e478070f360b>,"ရေဘေးသင့်ပြည်သူတွေအတွက် သွားရောက်လှူဒါန်းခဲ့တာ ဖြစ်ပါတယ်။
သြဂုတ်လ(၁၅)ရက်နေ့က သရုပ်ဆောင် စိုးပြည့်သဇင်က ပုသိမ်မြို့မှာ ရှိတဲ့ ရေဘေးသင့်ပြည်သူများဆီ သွားရောက်လှူဒါန်းခဲ့တယ်လို့ သိရပါတယ်။
ရေတွေလွှမ်းနေတဲ့ မြင်ကွင်းကို မြင်ရတာစိတ်မကောင်းပေမဲ့ အနုပညာရှင်တွေရောက်လာတော့ ဝမ်းပန်းတသာကြိုဆိုကြတဲ့ သူတို့ရဲ့ အပြုံးလေးတွေကို မြင်ရတော့ အရမ်းကို ပီတိဖြစ်မိပါတယ်လို့ စိုးပြည့်သဇင်ရဲ့ ဖေ့စ်ဘွတ်မှာ ရေးထားပါတယ်။
စိုးပြည့်သဇင်ကတော့ ပရိသတ်တွေကို အားပေးနှစ်သိမ့်ရင်း သီချင်းတွေလည်း ဆိုပြခဲ့သလို အလှူအတန်းတွေလည်း လုပ်ခဲ့ပါတယ်။ ပရိသတ်တွေစိတ်ညစ်နေချိန်မှာ အပြုံးလေး တစ်ပွင့်ဖြစ်အောင် ဖန်တီးပေးခွင့်ရလို့လည်း ဝမ်းသာပီတိ ဖြစ်မိပါတယ်လို့ သူမက ဆိုပါတယ်။
Photo : စိုးပြည့်သဇင် ဖေ့စ်ဘွတ်",1.0,1.0,1.0,4.0,4.0,"The text is a short news snippet about a celebrity's charitable act. It is written in natural, authentic Burmese with appropriate cultural context regarding social norms and celebrity engagement. It lacks deep educational or reasoning content, serving primarily as a brief report on a local event."
<urn:uuid:619ffc1d-3c06-46a0-801e-7d5c6e9694ff>,"မောင်တောမှာ ကင်တာနာကို ဆန္ဒပြ
This article has been converted from Zawgyi One to Unicode
ရခိုင်ပြည်နယ် မောင်တောမြို့သို့ ယနေ့နေ့လယ်က ရောက်ရှိလာသော ကုလသမဂ္ဂ၏ မြန်မာနိုင်ငံဆိုင်ရာ လူ့ အခွင့် အရေး အထူးစုံစမ်းစစ်ဆေးရေးမှူး မစ္စတာ သောမတ်စ် အိုဟေး ကင်တာနာကို ဒေသခံ ရခိုင် တိုင်းရင်းသား ၂၀၀ ခန့် က ငြိမ်းချမ်းစွာ ဆန္ဒဖော်ထုတ်ပြသခဲ့ကြောင်း သတင်းရရှိသည်။
“နိုင်ငံတော် သမ္မတကြီး၏ ဆုံးဖြတ်ချက်ကို လေးစားပါ”၊ “မြန်မာနိုင်ငံ၏ အချုပ်အချာ အာဏာကို လေးစားပါ”၊ “တိုင်း ရင်းသားတို့၏ လူ့အခွင့်အရေးကို လေးစားပါ”၊ “မျှမျှတတ ဆက် ဆံပါ” ဟူသော တောင်းဆိုချက် ဆိုင်းဘုတ်များ ကိုင်ဆောင်ထားသူများက ကင်တာနာ၏ ယဉ်တန်း ဘေးဝဲယာမှ ငြိမ်းချမ်းစွာ ဆန္ဒဖော်ထုတ်ကြခြင်း ဖြစ်သည်။
“မစ္စတာ ကင်တာနာ ဒီကို ၁ နာရီလောက်မှာ ရောက်တော့ ရခိုင်နဲ့ တိုင်းရင်းသား ၂၀၀ လောက် ရှိမယ်ခင်ဗျ။ ဆိုင်းဘုတ်တွေ ကိုင်ထားကြတယ်။ အလံတွေ ကိုင်ထားကြတယ်။ အပြင်က ရပ်ကြည့်နေတဲ့ သူတွေနဲ့ ဆို ရင်တော့ လေးငါးရာလောက်ရှိမယ်ခင်ဗျ”ဟု ဒေသခံ မျက်မြင်သက်သေ တဦးဖြစ်သည့် ကိုကျော်အေးမောင်က ဧရာဝတီကို ပြောသည်။
မစ္စတာ ကင်တာနာနှင့် အဖွဲ့သည် မောင်းတောမြို့သို့ ရဟတ်ယာဉ် ၂ စီးဖြင့် ယနေ့ နေ့လယ် ၁ နာရီခန့်က ရောက်လာကြောင်း၊ မစ္စတာ ကင်တာနာ၏ ယာဉ်တန်းအား သဇင် တည်းခိုခန်းရှေ့လမ်းဘေး ဝဲယာတွင် ဆန္ဒဖော်ထုတ်ကြခြင်းဖြစ်ကြောင်း သိရသည်။ မစ္စတာ ကင်တာနာက ယာဉ်တန်းပေါ်မှ အဆိုပါ ငြိမ်းချမ်းစွာ ဆန္ဒဖော်ထုတ်သူများကို ဓာတ်ပုံနှင့် ဗွီဒီယို မှတ်တမ်းတင်မှုများ ပြုလုပ်ကြောင်း၊ ယာဉ်တန်း ခရိုင် အုပ်ချုပ်ရေးမှူး ရုံးရှိရာသို့ ဆက်လက် ထွက်ခွာသွားပြီးနောက် ဆန္ဒဖော်ထုတ်သူများ အေးအေး ဆေးဆေး လူစု ခွဲသွားကြကြောင်း သိရသည်။
မစ္စတာ ကင်တာနာနှင့် အဖွဲ့သည် မောင်းတောရှိ ဒုက္ခသည်စခန်းများသို့ သွားရောက်လေ့လာခြင်း၊ သက်ဆိုင်ရာ အုပ်ချုပ်ရေးနှင့် လုံခြုံရေး တာဝန်ရှိသူများနှင့်လည်း အခြေအနေကို မေးမြန်းစုံစမ်းမှုများ လုပ်ဆောင်ခဲ့သည်။
မောင်တော ဒေသတွင် ယခုအခါ လုံခြုံရေး တင်ကျပ်စွာ ချထားပြီး ဆန္ဒဖော်ထုတ်သူများဘက်ကလည်း မလိုလားအပ်သော ပြဿနာများ မပေါ်ပေါက်ရေး ထိန်းထိန်းသိမ်းသိမ်း ရှိခဲ့ကြောင်း၊ သို့သော် မောင်းတော မြို့ပေါ် ရပ်ကွက်များတွင် UN (ကုလသမဂ္ဂ) အလိုမရှိ ဟူသော အကျီများ ဝတ်ဆင်ထားသူ တချို့ကို မြင်တွေ့ရကြောင်း ကိုကျော်အေးမောင်က ဆိုသည်။
မောင်းတော ဒေသတခွင် ငြိမ်ဝပ်ပိပြားရေးရှိနေပြီဖြစ်သော်လည်း ဒုက္ခသည်စခန်းများနှင့် ဒေသခံများမှာ အပြန်အလှန် မယုံကြည်မှုများ၊ စိုးရိမ်မှုများ ကြီးစိုးနေဆဲဖြစ်ပြီး အပြင်ထွက်ကာ အလုပ်မလုပ်နိုင်ကြသေးကြောင်း၊ ရိက္ခာအတွက် ဆန်ကို အဓိက လိုအပ်လျှက် ရှိကြောင်း ကူညီကယ်ဆယ်ရေးသမားများက ဆိုသည်။
ကမ္ဘာ့ စားနပ်ရိက္ခာအဖွဲ့ အပါအဝင် ကူညီကယ်ဆယ်ရေး အသင်းအဖွဲ့များက လာရောက်လှူဒါန်းမှုများ ရှိကြောင်း သိရသည်။",2.0,2.0,2.0,4.0,4.0,"The text is a journalistic report on a specific political event in Maungdaw. It provides factual reporting (who, what, where) with basic reasoning regarding the local situation. It is written in natural, professional Burmese, though it contains a minor boilerplate header about Unicode conversion. It is accessible to a general audience."
<urn:uuid:1d9f523f-a6b1-49e4-af05-c4cacbf45586>,"ခမီလူမျိုး
ခမီ (ခေါ် ) မရိုလူမျိုးသည် မြန်မာနိုင်ငံအစိုးရမှ တရားဝင် အသိအမှတ်ပြုထားသည့် တိုင်းရင်းသား (၁၃၅)မျိုးထဲတွင် ပါဝင်လေသည်။ တိုင်းရင်းသားလူမျိုးကြီး (၈)မျိုးအနက်၊ ချင်းတိုင်းရင်းသားထဲမှ လူမျိုးစု တစ်စုဖြစ်သည်။ ပုပုရွရွ လှုပ်ရှားသွားလာနေသော လူမျိုး[၁] ခမီလူမျိုးတို့တွင် ခမီတိုင်းရင်းသားစာပေ ရှိသည်။ ခမီလူမျိုးများသည် ချင်းပြည်နယ်တောင်ပိုင်း ပလက်ဝ ဒေသတွင် နေထိုင်သည်၊ ရခိုင်ပြည်နယ်ရှိ မြိုလူမျိုးများက မရိုဟု ခေါ်ဝေါ်ကြသည်။ မိမိ ကိုယ်ကား ခူမီး ဟုခေါ်သည်။
|ဤ ဆောင်းပါးမှာ ဆောင်းပါးတို တစ်ပုဒ်ဖြစ်သည်။ ဖြည့်စွက်ရေးသားခြင်းဖြင့် မြန်မာဝီကီပီးဒီးယားကို ကူညီပါ။|
ကိုးကား[ပြင်ဆင်ရန်]
- မောင်ပုဆိုးကြမ်း ရေး တိုင်းရင်းသားလူမျိုးများ အဘိဓာန်",2.0,1.0,2.0,3.0,4.0,"The text provides basic educational information about the Khumi ethnic group in Myanmar. It is written in natural Burmese, reflecting local knowledge and terminology. However, it is a short, stub-like article containing boilerplate wiki-formatting and references, which limits its depth and overall cleanliness."
<urn:uuid:91166bc9-c2f6-46c3-8373-e0fe9cd76db9>,"Email This Story :
ဇန်နဝါရီ ၂၉ ရက်နေ့က ယှဉ်ပြိုင်သွားတဲ့ သြစတြေးလျအိုးပန်း အမျိုးသားတဦးချင်း ဗိုလ်လုပွဲစဉ်မှာ ရော်ဂျာ ဖက်ဒရာက ရာဖေး နာဒယ်ကို ၅ ပွဲအပြည့် ရိုက်အပြီး အနိုင်ရသွားပါတယ်။
ကမ္ဘာ့နံပါတ်တစ်ဟောင်း ဖက်ဒရာအတွက်တော့ ၁၈ ခုမြောက် ဂရန်းစလန်း ဆုဖလားကို ရယူနိုင်တာ ဖြစ်ပါတယ်။
ဖက်ဒရာနဲ့ နာဒယ်တို့ ဂရန်းစလန်း ဗိုလ်လုပွဲမှာ ၉ ကြိမ် ဆုံဖူးရာ နာဒယ်က ၆ ကြိမ် အနိုင်ရပြီး ဖက်ဒရာက ၃ ကြိမ် အနိုင်ရထားပါတယ်။
အသက် ၃၅ နှစ်အရွယ် ဖက်ဒရာဟာ ဒီပြိုင်ပွဲမှာ နာဒယ်ကို ခက်ခက်ခဲခဲ ယှဉ်ပြိုင်ခဲ့ရပါတယ်။
ဖက်ဒရာဟာ အပြန်အလှန် ရိုက်ချက်တွေမှာ နာဒယ်ကို မယှဉ်နိုင်ပေမယ့်လည်း စပေးဘောတွေကနေ အသာစီးယူနိုင်ခဲ့ပါတယ်။
ရော်ဂျာ ဖက်ဒရာအတွက်တော့ ၅ နှစ်အတွင်းမှာ ပထမဆုံး ပြန်ရတဲ့ ဂရန်းစလန်း ဆုဖလားလည်း ဖြစ်ပါတယ်။
ပွဲအပြီးမှာ ဖက်ဒရာက သူ့အနေနဲ့ နောက်ထပ် ဂရန်းစလန်း ဆုဖလားတွေ ရယူနိုင်သေးတယ်လို့ ပြောဆိုသွားပါတယ်။",1.0,1.0,2.0,4.0,3.0,"The text is a straightforward sports news report about a tennis match. It provides factual information about the event and players. It is written in natural, journalistic Burmese, though it lacks deep educational or complex reasoning content. The formatting is clean, though it includes a minor 'Email This Story' header."
<urn:uuid:be198748-173b-45b7-866d-e2d288158f7d>,"CarsDB Auto Show Mandalay 2019
မင်္ဂလာပါခင်ဗျာ…
Mandalay Convention Centre တွင် စတင်ကျင်းပနေပြီဖြစ်သည့် CarsDB Auto Show Mandalay 2019 တွင် ပထမနေ့မှာပင် တခဲနက် လာရောက်ဝယ်ယူအားပေးကြသော မန္တလေးရှိ Mitsubishi ချစ်သူများအား အထူးပင်ကျေးဇူးတင်ရှိအပ်ပါသည်။ Mitsubishi Brand New ကားများကို လျှော့စျေးများ ဖြင့် ရောင်းချပေးသွာမည့်အပြင် ပွဲရက်အတွင်း အထူးအနေဖြင့် Pajero Sport (၁)စီးကို USD 10000 အထိ လျှော့ချပြီးေ ရာင်းချပေးသွားမည်ဖြစ်ပါသည်။ ကိုယ်တိုင်ထိတွေ့ခံစား စမ်းသပ်မောင်းနှင်ဖို့အတွက် Test Drive အဖြစ် Brand New ကားသစ်များကို အခမဲ့ စမ်းသပ်မောင်းနှင်နိုင်မှာဖြစ်ပြီး ပွဲရက် (၂)ရက်သာ ကျန်ရှိပါတော့သဖြင့် အခွင့်အရေးများ လက်မလွှတ်စေရန် မန္တလေးရှိ Mitsubishi ပရိသတ်များအား သတင်းကောင်းပါးအပ်ပါသည်။
CarsDB Auto Show Mandalay 2019
Mandalay Convention Center
2019 March 30 – 2019 April 1",1.0,1.0,1.0,4.0,3.0,"The text is a promotional announcement for an auto show. It provides basic information about an event, uses natural Burmese phrasing and honorifics, and is free of significant formatting errors or noise, though it lacks deep educational or reasoning content."
<urn:uuid:a31542fd-1669-4fc8-a5a4-0d74477d5fcf>,"“အားယူ၍ရဲရင့်ခြင်းရှိလော့” ယောရှုမှတ်စာ ၁း၁-၈
နိဒါန်း
က။ မောရှေ အနိစ္စရောက်ခြင်း
၁) မောဘပြန်၌ မောရှေသေသည် တရားဟော ၃၄း၅-က
၂) ထာဝရဘုရား၏ စကားတော်အတိုင်း တရားဟော ၃၄း၅-ခ
၃) ဘုရားသည် သူအားသဂြိုၤသည် တရားဟော ၃၄း ၆-က
၄) မည်သူကမှ သူ၏သဂျိုၤင်းမသိ တရားဟော ၃၄း၆-ခ
ခ။ တရားဝင်မည်တမ်းခြင်း
က္ကုသရေလအမျိုးတို့သည် ရက်ပေါင်း ၃၀
ငိုကြွေးမည်တမ်းကြသည် တရားဟော ၃၄း၈-က
ယောရှု၏ အမှုတော် အစပြုခြင်း
က။ ယောရှုလက်တင်မင်္ဂလာခံခြင်း
၁) အရေးကြီးသည်
၂) အစပြုခြင်း
၃) ဤမျှလောက်သာဖြစ်ရင် အလုံလောက်
ခ။ ယောရှုအကြောင်း ဖော်ပြခြင်း
၁) “ပညာသဘောနှင့် ပြည့်စုံ” တရားဟော ၃၄း၉-က
၂) “မောရှေ၏ လက်တင်မင်္ဂလာကို
ခံရသဖြင့်” တရားဟော ၃၄း၉-ခ
ဆက်စပ်မှုကို တည်ဆောက်ခြင်း
က။ ထာဝရဘုရား၏ ကျွန်တော်မောရှေ အနစ္စရောက်ပြီးမှ
၁) မောရှေကို ဖေါ်ပြခြင်းသည်မမျှော်လင့်သောအရာမဟုတ်
၂) သူသည် အမှန်ပင် “ထာဝရဘုရား၏ ကျွန်တော်” ဖြစ်သည် ယောရှု ၁း၁
၃) မောရှေအကြောင်းဖော်ပြခြင်းသည် ယောရှုက ဘယ်သောအခါမှ တွန့်တိုခြင်းမပြု
ခ။ အတိတ်၌ ဆက်စပ်ခြင်းကို အောက်မေ့သည်
၁) ယောရှုသည် “မောရှေလက်ထောက်” ဟုဖော်ပြသည် ယောရှု ၁း၁-က
၂) ဤအရာသည် ယောရှုအတွက် ဘာဆိုလိုသနည်း၊
က) ဝါကြွားစရာ
ခ) အခွင့်အရေး
ဂ) ပျော်ရွှင်ခြင်း
ဂ။ အသစ်သော ဆက်စပ်ခြင်း တည်ဆောက်ရမည်
၁) ထားဝရဘုရားသည် ဤဆက်စပ်ခြင်းကို အစပြုသည်
“မောရှေလက်ထောက်၊ နုန်၏သား ယောရှုအား
ထာဝရဘုရားက…မိန့်တော်မူ၏။” ယောရှု ၁း၁-ခ
၂) ယခုအချိန်အထိ ဘုရားသခင်သည် မောရှေအား စကားပြော
၃) မောရှေသည် ယောရှုအား သွန်သင်ပေးမည်
၄) ယခု၌ ဘုရားသခင်သည် ယောရှုအား တိုက်ရိုက်စကားပြောသည်
လုပ်ငန်းနယ်ပယ်အသစ် ဖော်ပြသည်
က။ ကတိတော်ပြည်သို့ ဝင်ခြင်း
၁) ယော်ဒန်မြစ်
“ယော်ဒန်မြစ်တဖက်သို့ကူးကြလော့” ယောရှု ၁း၂-က
၂) က္ကုသရေလလူတို့
“သင်နှင့်သင်၌ပါသော ဤလူအပေါင်းတို့” ယောရှု ၁း၂-ခ
၃) ကတိတော်ပြည်
“ဤက္ကုသရေလအမျိုးသားတို့အား ငါပေးသောပြည်
ကိုဝင်စားကြလော။” ယောရှု ၁း၂-ဂ
ခ။ ထာဝရဘုရားထံမှ အားပေးခြင်း
၁) အနိုင်ယူလို့မရသောသူ
“သင့်အသက်တည်သည် ကာလပတ်လုံး
သင့်ရှေ့မှာ အဘယ်သူမျှမခံမရပ်နိုင်ရာ။” ယောရှု ၁း၅-က
၂) ဘုရားသခင်၏ အတူပါရှိခြင်း
“မောရှေနှင့်အတူ ငါရှိသကဲ့သို့ သင်နှင့်အတူ
ငါရှိလိမ့်မည်။” ယောရှု ၁း၅-ခ၊ ၉-
၃) ဘုရားသခင်၏ ကတိတော်
“ငါသည်သင့်ကို မစွန့်၊ သင့်ကိုပစ်၍မထား” ယောရှု ၁း၅-ဂ
ယောရှု၏ အပိုင်း။ ။ သင့်တော်သောတုံ့ပြန်ခြင်း
က။ အားယူ၍ ရဲရင့်ခြင်းရှိလော့
၁) ဤစကားတော်သည် သုံးကြိမ်းပြန်ပြောသည် ယောရှု ၁း၆၊ ၇၊ ၉
၂) ပြန်ပြောခြင်းသည် ‘လေးနက်စေခြင်း’ ကိုညွှန်ပြသည်
ခ။ အားယူခြင်း နှင့် ရဲရင့်ခြင်း လက်တွေ့အသုံးပြုခြင်း – ၁
၁) က္ကုသရေလလူတို့သည် ပြည်တော်ကို ခွဲဝေခြင်း၌
၂) “သင်သည်ဤလူတို့အားဝေ၍ အမွေပေးရမည်” ယောရှု ၁း၆-ခ
ဂ။ အားယူခြင်းနှင့် ရဲရင့်ခြင်း လက်တွေ့အသုံးပြုခြင်း – ၂
၁) ပညတ်တရားတော် လိုက်ရှောက်ခြင်း၌
၂) “ငါ၏ကျွန်မောရှေ မှာထားသော တရားအတိုင်း
ကျင့်မည်ဟုစောင့်ရှောက်ခြင်းငှါ…” ယောရှု ၁း၇-ခ
၃) “လကျ်ာဘက်၊ လက်ဝဲဘက် သို့မလွှဲနှင့်” ယောရှု ၁း၇-ဂ
၄) “ကြံစည်လေသမျှတို့၌ အောင်မည်အကြောင်း” ယောရှု ၁း၇-ဂ
ဃ။ အားယူခြင်း နှင့် ရဲရင့်ခြင်း ကိုလက်တွေ့အသုံးပြုခြင်း – ၃
၁) “အကြောက်နှင့်” ယောရှု ၁း၉-ခ
၂) “စိတ်မပျက်နှင့်” ယောရှု ၁း၉-ဂ
ဘဝအသက်တာ နှင့် အမှုတော်၌ အောင်မြင်ခြင်း
က။ ဘုရားသခင် နှုတ်ကပတ်တော်၏ အခန်းကဏ္ဍ
၁) “ထိုပညတ္တိကျမ်း” ယောရှု ၁း၈-က
၂) “မဖတ်အရွတ်ဘဲမနေ” ယောရှု ၁း၈-ခ
ခ။ ဆင်ခြင်အောက်မေ့ခြင်းကို လေ့ကျင့်ခြင်း
၁) “နေ့ညဉ့်မပြတ်ကြည့်ရှု ဖတ်ရွတ်ရမည်” ယောရှု ၁း၈-ဂ
၂) “ရေးထားသမျှ အတိုင်း ကျင့်မည်ဟုစောင့်
ရှောက်ခြင်းအလိုငှါ” ယောရှု ၁း၈-ဃ
ဂ။ အောင်မြင်ခြင်း ကတိတော်
၁) “သို့ုပြို့လျှင် သင်သည် အကြံထမြောက်၍” ယောရှု ၁း၈-င
၂) “အောင်မြင်လိမ့်မည်” ယောရှု ၁း၈-စ
နိဂုံး
က။ အားအင်ရှိရှိ နှင့်အစပြုရန်
၁) ချီးမြောက်ခြင်း
က) ဘုရားသခင်ထံမှ
ခ) မောရှေထံမှ
ဂ) လူထုပရိသတ်ထံမှ
၂) အားပေးခြင်းရရှိရန် အကြောင်းရင်းအမြဲရှိနေသည်
ခ။ လိမ်မာစွာ ဆက်လက်ဆောင်ရွက်ခြင်း
၁) ဘုရားသခင်ထံမှ သွန်သွင်ခြင်း
၂) အောင်မြင်ဖို့ ခွန်အားပေးခြင်း
ဂ။ လက်တွေ့အသုံးပြုဖို့ စိန်ခေါ်ခြင်း
၁) ခွန်အားတွေ့ရှိခြင်း
၂) အစွမ်းသတ္တိ တွေ့ရှိခြင်း
ဃ။ ယုံကြည်စိတ်ချမှုရှိခြင်း
၁) ထာဝရဘုရားသခင်၌
၂) ကိုယ်တော်၏ နှုတ်ကပတ်တော်၌",3.0,2.0,2.0,4.0,3.0,"The document is a structured sermon outline or Bible study guide. It provides clear, educational content for religious instruction. The reasoning is basic, following a standard expository format. It is clean and well-formatted, using natural Burmese language appropriate for a Christian community context, though it lacks deep analytical complexity."
<urn:uuid:0fe60256-b510-48a5-b2b9-59ab7413188e>,"ကွီးပှားခမျြးသာစမေယျ့ ဓာတျတဈမြိုး နဲ့မှေးဖှားလာတတျတဲ့ ကိုးဂဏနျးသမားမြား
ဘီလီယံနာသူဌေးတှမှေေးထုပျပေးတဲ့ ကိုးဂဏနျးသမားမြားမညျသညျ့နှဈ မညျသညျ့လမှာမဆို အဂျလိပျလို9 ရကျ 18 ရကျ 27 ရကျနမှေ့ာမှေးဖှားသူတှဟော 9 ဂဏနျးသမားမြားဖွဈကွပါတယျ9 ဂဏနျးသမားတှဟော
သူမြားပေးတဲ့ငှတေဈဆယျထကျ ကိုယျတိုငျရှာဖှထေားတဲ့ငှတေဈကပျြ ကိုပိုမကျတယျဘယျကိစ်စတှမှောမဆို ကှယျရာမှာတဈမြိုးရှတေ့ဈမြိုးမလုပျတတျဘူး အဲဒါကွောငျ့ဘဝမှာရနျသူတှမြေားနတေတျတယျ
တှဲလို့ရရငျတှဲ တှဲလို့မရရငျကှဲ အဲလိုပွတျပွတျသားသားရှိတာ 9 ဂဏနျးသမားတှပေဲသူတို့ဟာမကွာခဏလောကကွီးကို စိတျကုနျနတေတျတယျဒါပမေယျ့စိတျတာကုနျနတော 9 ဂဏနျးသမားတှထေဲက
ဘုနျးကွီးဝတျသှားတဲ့သူ သီလရှငျဝတျသှားတဲ့သူအငျမတနျနညျးတယျ 9 ဂဏနျးသမားတှကေဘဝမှာရနျသူအတိုကျအခံ ဘယျလောကျမြားမြားနောကျဆုံးမှာအောငျမွငျတတျတယျသူတို့ကမသိကွလို့
၉ဂဏနျးသမားတှဟောကွီးပှားခမျြးသာစမေယျ့ ဓာတျတဈမြိုး မှေးရာပါ အနနေဲ့ပါလာတတျကွတယျ9 ဂဏနျးသမားတှမှောဖွဈတတျတဲ့ရောဂါတှကေကွောကျစရာကောငျးတယျ မဖွဈရငျလညျးအရှငျးပဲဖွဈပွီဆို
ကူစကျတတျတဲ့ရောဂါတှဖွေဈတတျတယျအပူလောငျတာလညျးမကွာခဏဖွဈတတျတယျသူတို့အတှကျအကောငျးဆုံးဆေး အကောငျးဆုံးဓါတျ စာကတော့ကွကျသှနျဖွူနဲ့ ကွကျသှနျနီ ပဲပုံမှနျးစားသုံးသငျ့တယ
ကံကောငျးစမေယျ့အဆောငျရတနာကတော့သံမဏိပဲ သံမဏိကို လကျစှပျတို့ လကျကောကျတို့ပွုလုပျပွီး ဆောငျထားသငျ့တယျအကြိုးပေးတဲ့အရောငျ ကံကောငျးစမေယျ့အရောငျတှကေတော့ ကွကျသှေးရောငျနဲ့
အနီရောငျရဲရဲတှပေဲအရေးကွီးတဲ့လုပျ ငနျးတှလေုပျတော့မယျဆိုရငျ9 ရကျ 18 ရကျ 27 ရကျတှမှောပဲ လုပျပါအဲဒီနတှေမှော အငျဂါနေ့ နဲ့ ကွုံကွိုကျခဲ့ရငျတော့သခြောပေါကျ အောငျမွငျပါလိမျ့မယျမိတျဆှတေို့ရဲ့
ကံဇာတာမှာဘယျအလုပျအကိုငျနဲ့ကွီးပှားမယျဘယျအသကျ အရှယျမှာ ကောငျး စားမယျဘယျလိုလူမြိုးနဲ့ အိမျထောငျကရြငျ သငျ့တျောကွီးပှားမယျ ထီပေါကျကံရှိမရှိ အိမျထောငျရေးအခဈြရေး ငှကွေေးစသညျ့
ကံဇာတာတှကေို သိလိုပါကနာမညျ မှေးသက်ကရာဇျအပွညျ့အစုံကို မကျစငျဂြာမှာ ပေးပို့ပွီးမိတျဆှတေို့ရဲ့ ကောငျးကြိုးအဖွာဖွာကိုလိုလားသောမငျးမွတျသုခ မရမျးတလငျးယတွာအောငျမွေ 09889741914/09450708355
ကြီးပွားချမ်းသာစေမယ့် ဓာတ်တစ်မျိုး နဲ့မွေးဖွားလာတတ်တဲ့ ကိုးဂဏန်းသမားများ
ဘီလီယံနာသူဌေးတွေမွေးထုပ်ပေးတဲ့ ကိုးဂဏန်းသမားများမည်သည့်နှစ် မည်သည့်လမှာမဆို အဂ်လိပ်လို9 ရက် 18 ရက် 27 ရက်နေ့မှာမွေးဖွားသူတွေဟာ 9 ဂဏန်းသမားများဖြစ်ကြပါတယ်9 ဂဏန်းသမားတွေဟာ
သူများပေးတဲ့ငွေတစ်ဆယ်ထက် ကိုယ်တိုင်ရှာဖွေထားတဲ့ငွေတစ်ကျပ် ကိုပိုမက်တယ်ဘယ်ကိစ္စတွေမှာမဆို ကွယ်ရာမှာတစ်မျိုးရှေ့တစ်မျိုးမလုပ်တတ်ဘူး အဲဒါကြောင့်ဘဝမှာရန်သူတွေများနေတတ်တယ်
တွဲလို့ရရင်တွဲ တွဲလို့မရရင်ကွဲ အဲလိုပြတ်ပြတ်သားသားရှိတာ 9 ဂဏန်းသမားတွေပဲသူတို့ဟာမကြာခဏလောကကြီးကို စိတ်ကုန်နေတတ်တယ်ဒါပေမယ့်စိတ်တာကုန်နေတာ 9 ဂဏန်းသမားတွေထဲက
ဘုန်းကြီးဝတ်သွားတဲ့သူ သီလရှင်ဝတ်သွားတဲ့သူအင်မတန်နည်းတယ် 9 ဂဏန်းသမားတွေကဘဝမှာရန်သူအတိုက်အခံ ဘယ်လောက်များများနောက်ဆုံးမှာအောင်မြင်တတ်တယ်သူတို့ကမသိကြလို့
၉ဂဏန်းသမားတွေဟာကြီးပွားချမ်းသာစေမယ့် ဓာတ်တစ်မျိုး မွေးရာပါ အနေနဲ့ပါလာတတ်ကြတယ်9 ဂဏန်းသမားတွေမှာဖြစ်တတ်တဲ့ရောဂါတွေကကြောက်စရာကောင်းတယ် မဖြစ်ရင်လည်းအရှင်းပဲဖြစ်ပြီဆို
ကူစက်တတ်တဲ့ရောဂါတွေဖြစ်တတ်တယ်အပူလောင်တာလည်းမကြာခဏဖြစ်တတ်တယ်သူတို့အတွက်အကောင်းဆုံးဆေး အကောင်းဆုံးဓါတ် စာကတော့ကြက်သွန်ဖြူနဲ့ ကြက်သွန်နီ ပဲပုံမှန်းစားသုံးသင့်တယ
ကံကောင်းစေမယ့်အဆောင်ရတနာကတော့သံမဏိပဲ သံမဏိကို လက်စွပ်တို့ လက်ကောက်တို့ပြုလုပ်ပြီး ဆောင်ထားသင့်တယ်အကျိုးပေးတဲ့အရောင် ကံကောင်းစေမယ့်အရောင်တွေကတော့ ကြက်သွေးရောင်နဲ့
အနီရောင်ရဲရဲတွေပဲအရေးကြီးတဲ့လုပ် ငန်းတွေလုပ်တော့မယ်ဆိုရင်9 ရက် 18 ရက် 27 ရက်တွေမှာပဲ လုပ်ပါအဲဒီနေတွေမှာ အင်ဂါနေ့ နဲ့ ကြုံကြိုက်ခဲ့ရင်တော့သေချာပေါက် အောင်မြင်ပါလိမ့်မယ်မိတ်ဆွေတို့ရဲ့
ကံဇာတာမှာဘယ်အလုပ်အကိုင်နဲ့ကြီးပွားမယ်ဘယ်အသက် အရွယ်မှာ ကောင်း စားမယ်ဘယ်လိုလူမျိုးနဲ့ အိမ်ထောင်ကျရင် သင့်တော်ကြီးပွားမယ် ထီပေါက်ကံရှိမရှိ အိမ်ထောင်ရေးအချစ်ရေး ငွေကြေးစသည့်
ကံဇာတာတွေကို သိလိုပါကနာမည် မွေးသက္ကရာဇ်အပြည့်အစုံကို မက်စင်ဂျာမှာ ပေးပို့ပြီးမိတ်ဆွေတို့ရဲ့ ကောင်းကျိုးအဖြာဖြာကိုလိုလားသောမင်းမြတ်သုခ မရမ်းတလင်းယတြာအောင်မြေ 09889741914/09450708355",0.0,1.0,1.0,1.0,3.0,"The text is promotional material for astrology services, lacking educational or logical value. It contains significant boilerplate, repetitive content, and encoding issues (duplicate text in different fonts/encodings). It reflects local Burmese cultural beliefs in numerology and fortune-telling, but is essentially an advertisement."
<urn:uuid:9951f5d4-b4bc-4918-90e3-ee499052e645>,"ရွှေခေတ်ပရိသတ်တွေထဲမှာစတော်ဘယ်ရီသီးကို အထူးကြိုက်နှစ်သက်တဲ့သူတွေရှိမလားမသိဘူးနော်။ တစ်ကယ်လို့စတော်ဘယ်ရီသီးကိုကြိုက်နှစ်သက်တဲ့သူတွေရှိခဲ့မယ်ဆိုရင် အခုဖော်ပြပေးမယ့်နိုင်ငံတွေကိုအလည်အပတ်သွားရောက်စေခချင်ပါတယ်။ ဘာကြောင့်လဲဆိုတော့ ဒီနိုင်ငံတွေမှာက စတော်ဘယ်ရီသီးတွေကိုအများအပြားစိုက်ပျိုးထုတ်လုပ်နေပြီး တစ်ကမ္ဘာလုံးကိုလည်း အမြောက်အမြားတင်ပို့နေတဲ့နိုင်ငံတွေဖြစ်လို့ပါပဲ။ shwekhitonlinetv.com
၁၀။ မော်ရိုကို – (၁၆၇,၈၂၇) မက်ထရစ်တန်
အာဖရိကတိုက်က မော်ရိုကိုနိုင်ငံကတော့ တစ်ကမ္ဘာလုံးကို စတော်ဘယ်ရီသီးအများဆုံးတင်ပို့နေတဲ့ နိုင်ငံစာရင်းမှာ အဆင့် (၁၀) နေရာမှာရှိပါတယ်။ မော်ရိုကိုနိုင်ငံအနေနဲ့ ကမ္ဘာတစ်ဝန်းကို စတော်ဘယ်ရီသီး (၁၆၇,၈၂၇) မက်ထရစ်တန်နှစ်စဉ်တင်ပို့လျှက်ရှိပါတယ်။ shwekhitonlinetv.com
၉။ ပိုလန် – (၁၈၅,၄၀၀) မက်ထရစ်တန်
ဥရောပတိုက်ကပိုလန်နိုင်ငံကလည်း အရည်အသွေးကောင်းလွန်းတဲ့ စတော်ဘယ်ရီသီးတွေကို ကမ္ဘာတစ်လွှားဖြန့်ဖြူးလျှက်ရှိတဲ့နိုင်ငံပါ။ သူတို့အနေနဲ့နဲ့ နှစ်စဉ် စတော်ဘယ်ရီသီး မက်ထရစ်တန် (၁၈၅,၄၀၀) လောက်ကို ကမ္ဘာအနှံ့ဖြန့်ဖြူးနေပါတယ်။ shwekhitonlinetv.com
၈။ တောင်ကိုရီးယား – (၁၉၂,၉၇၁) မက်ထရစ်တန်
အေးမြတဲ့ရာသီဥတုကိုပိုင်ဆိုင်ထားတဲ့ အာရှတိုက်က တောင်ကိုရီးယားနိုင်ငံကတော့ ဒီစာရင်းရဲ့အဆင့် (၈) နေရာမှာရှိပါတယ်။ သူတို့အနေနဲ့ နှစ်စဉ်စိုက်ပျိုးပြီး တင်ပို့နေတဲ့စတော်ဘယ်ရီသီးပမာဏက မက်ထရစ်တန်ပေါင်း (၁၉၂,၉၇၁) တန်ရှိပါတယ်။ shwekhitonlinetv.com
၇။ ရုရှား – (၂၀၈,၈၀၀) မက်ထရစ်တန်
ကမ္ဘာပေါ်မှာပထဝီအနေအထားအရ အကျယ်ပြန့်ဆုံးလို့ဆိုရမယ့်ရုရှားနိုင်ငံကတော့ ဒီစာရင်းရဲ့အဆင့် (၇) နေရာမှာပါဝင်လို့နေပါတယ်။ ရုရှားနိုင်ငံရဲ့ နှစ်စဉ်စတော်ဘယ်ရီသီးစိုက်ပျိုးတင်ပို့မှုနှုန်းကတော့ မက်ထရစ်တန် (၂၀၈,၈၀၀) ဖြစ်ပါတယ်။ shwekhitonlinetv.com
၆။ စပိန် – (၃၅၁,၉၆၀) မက်ထရစ်တန်
စပိန်နိုင်ငံကတော့ အရည်အသွေးကောင်းတဲ့ စပျစ်သီးတွေနဲ့ စတော်ဘယ်ရီသီးတွေထွက်ရှိတဲ့ ဥရောပနိုင်ငံတစ်နိုင်ငံဖြစ်ပါတယ်။ စပိန်နိုင်ငံအနေနဲ့ အရည်အသွေးကောင်းတဲ့တန်ဖိုးမြင့်စတော်ဘယ်ရီသီး မက်ထရစ်တန် (၃၅၁,၉၆၀) လောက်ကို နှစ်စဉ်ကမ္ဘာနဲ့တစ်ဝန်းတင်ပို့လျှက်ရှိပါတယ်။ shwekhitonlinetv.com
၅။ အီဂျစ် – (၄၆၀,၂၄၅) မက်ထရစ်တန်
သဲကန္တာရပေါ်မှာတည်ရှိပေမယ့် အီဂျစ်နိုင်ငံဟာစိုက်ပျိုးရေးကောင်းမွန်စွာဖြစ်ထွန်းတဲ့နိုင်ငံတစ်နိုင်ငံပါ။ စတော်ဘယ်ရီသီးထုတ်လုပ်တင်ပို့မှုမှာတော့ အီဂျစ်နိုင်ငံဟာ အဆင့် (၅) နေရာမှာရှိနေပြီး တစ်ကမ္ဘာလုံကို နှစ်စဉ်မက်ထရစ်တန် (၄၆၀,၂၄၅) တန် တင်ပို့နေတာပါ။ shwekhitonlinetv.com
၄။ တူရကီ – (၄၈၆,၇၀၅) မက်ထရစ်တန်
တူရကီနိုင်ငံကတော့ စတော်ဘယ်ရီသီးကို ခေတ်မီဆန်းပြားတဲ့စိုက်ပျိုးမနည်းစနစ်တွေနဲ့ စိုက်ပျိုးထုတ်လုပ်နေတဲ့ နိုင်ငံတစ်နိုင်ငံဖြစ်ပါတယ်။ သူတို့အနေနဲ့ တစ်ကမ္ဘာလုံးကိုစတော်ဘယ်ရီသီး အမြောက်အမြားတင်ပို့လျှက်ရှိပြီးတော့ လက်ရှိအချိန်မှာတစ်နှစ်ကို (၄၈၆,၇၀၅) မက်ထရစ်တန်တင်ပို့ပြီး ဒီစာရင်းရဲ့ အဆင့် (၄) နေရာကိုယူထားပါတယ်။ shwekhitonlinetv.com
၃။ မက္ကဆီကို – (၈၆၁,၃၃၇) မက်ထရစ်တန်
မြောက်အမေရိကတိုက်က မက္ကဆီကိုနိုင်ငံကတော့ အဆင့် (၄) နေရာမှာရှိတဲ့ တူရကီနိုင်ငံရဲ့ စတော်ဘယ်ရီသီးတင်ပို့မှုထက် နှစ်ဆနီးပါးလောက်ထုတ်လုပ်တင်ပို့နိုင်တဲ့ နိုင်ငံဖြစ်ပါတယ်။ မက္ကဆီကိုနိုင်ငံအနေနဲ့ တစ်နှစ်ကို စတော်ဘယ်ရီသီး မက်ထရစ်တန် (၈၆၁,၃၃၇) လောက် ကမ္ဘာ့နိုင်ငံတွေကို တင်ပို့နေတာဖြစ်ပါတယ်။ shwekhitonlinetv.com
၂။ အမေရိကန် – (၁,၀၂၁,၄၉၀) မက်ထရစ်တန်
မြောက်အမေရိကတိုက်ကပဲ နောက်ထပ်အင်အားကြီးနိုင်ငံတစ်နိုင်ငံဖြစ်တဲ့ အမေရိကန်နိုင်ငံကလည်း အမျိုးအစားစုံလင်လှတဲ့ စတော်ဘယ်ရီသီးတွေကိုကမ္ဘာတစ်လွှားဖြန့်ဖြူးတင်ပို့နေတဲ့နိုင်ငံတစ်နိုင်ငံဖြစ်ပါတယ်။ အမေရိကန်နိုင်ငံရဲ့ စတော်ဘယ်ရီသီးတင်ပို့မှုနှုန်းကတော့ တစ်နှစ်ကို (၁,၀၂၁,၄၉၀) မက်ထရစ်တန်ဖြစ်ပါတယ်။ shwekhitonlinetv.com
၁။ တရုတ် – (၃,၂၂၁,၅၅၇) မက်ထရစ်တန်
ကမ္ဘာ့လူဦးရေအများဆုံးနိုင်ငံတစ်နိုင်ငံဖြစ်သလို ကဏ္ဍပေါင်းစုံးမှာလည်းထိပ်သီးနိုင်ငံတစ်နိုင်ငံအဖြစ်ရပ်တည်နေတဲ့ အင်အားကြီးတရုတ်နိုင်ငံကတော့ ဒီစာရင်းရဲ့ထိပ်ဆုံးမှာရှိနေပါတယ်။ တရုတ်နိုင်ငံအနေနဲ့ နှစ်စဉ်စတော်ဘယ်ရီသီး မက်ထရစ်တန် (၃,၂၂၁,၅၅၇) လောက်ကို တစ်ကမ္ဘာလုံးကိုတင်ပို့နေတာဖြစ်ပါတယ်။ shwekhitonlinetv.com
Shwe Khit Online TV မှရေးသားတင်ဆက်ပါသည်။ယခုဆောင်းပါးကိုတခြားပေ့ချ်များတွင်ကျေးဇူးပြု၍ကူးယူဖော်ပြခြင်းမပြုရန်မေတ္တာရပ်ခံအပ်ပါသည်။",3.0,1.0,2.0,2.0,3.0,"The text provides factual, educational information about global strawberry production. It is written in natural, accessible Burmese. However, it is repetitive in structure and contains significant boilerplate (website URLs) after every paragraph, which detracts from the cleanliness score. The reasoning is limited to simple list-based presentation without deep analysis."
<urn:uuid:5ba82257-6cb2-42a4-9007-1420e5404044>,"သီချင်းများ
မြန်မာသီချင်းများ
English သီချင်းများ
Korea သီချင်းများ
Hip Hop သီချင်းများ
R&B သီချင်းများ
Pop သီချင်းများ
Rock သီချင်းများ
Electro သီချင်းများ
သီချင်းခွေများ
မြန်မာသီချင်းခွေများ
English သီချင်းခွေများ
Korea သီချင်းခွေများ
Hip Hop သီချင်းခွေများ
R&B သီချင်းခွေများ
Rock သီချင်းခွေများ
Pop သီချင်းခွေများ
သီချင်းများ Download ရယူနည်း
ကြော်ငြာထည့်သွင်းလိုသူများအတွက်
သီချင်းများ
မြန်မာသီချင်းများ
English သီချင်းများ
Korea သီချင်းများ
Hip Hop သီချင်းများ
R&B သီချင်းများ
Pop သီချင်းများ
Rock သီချင်းများ
Electro သီချင်းများ
သီချင်းခွေများ
မြန်မာသီချင်းခွေများ
English သီချင်းခွေများ
Korea သီချင်းခွေများ
Hip Hop သီချင်းခွေများ
R&B သီချင်းခွေများ
Rock သီချင်းခွေများ
Pop သီချင်းခွေများ
သီချင်းများ Download ရယူနည်း
ကြော်ငြာထည့်သွင်းလိုသူများအတွက်
Purchase Confirmation
Thank you for your purchase!
Sorry, trouble retrieving payment receipt.
Google+ Badge
2015@Myanmar Music Art.
Skip to toolbar
About WordPress
WordPress.org
Documentation
Support Forums
Feedback
Log in
Search",0.0,0.0,1.0,1.0,1.0,"The document is a collection of navigation menus, boilerplate text, and repetitive category links from a website. It lacks coherent content, educational value, or logical reasoning. While it uses Burmese, it is essentially a template or site map rather than meaningful text."
<urn:uuid:69fc727e-3fa5-4143-8be7-03fc62196464>,"09-Sep-2018
တောင်ငူ၊ စက်တင်ဘာ ၈
ဆွာချောင်းတမံ ရေထိန်းတံခါး ကျိုးပေါက်ပျက်စီးခဲ့ရာတွင် အကြီးမားဆုံးပျက်စီးထိခိုက်မှုကို ကြုံခဲ့ရသော ကျွန်းတောစုကျေးရွာတွင် နေထိုင်သူများသည် ဆွာဆည်ထပ်မံကျိုးပေါက်မည်ကို စိုးရိမ်၍ အမြန်လမ်းဘေးရှိ မြေလွတ်များအနီးသို့ ရွှေ့ပြောင်းပေးစေလိုကြောင်း ယင်းဒေသခံများက ပြောကြားသည်။
ယင်းဆည်ကျိုးပေါက်မှုကြောင့် အခြားရွာများ အိမ်ခြေပျက်စီးဆုံးရှုံးမှုများရှိသည်ဟု ဆိုသော်လည်း ရေတာရှည်မြို့နယ် ဆွာမြို့အနောက်ဘက် သိုင်းဝကျေးရွာအုပ်စုတွင် ပါဝင်သည့် ကျွန်းတောစုရွာမှ အများဆုံးအဖြစ် အိမ်ခြေ ၅၀ နီးပါး လုံးဝပျက်စီးဆုံးရှုံးခဲ့ရသည့်အတွက် ဆက်လက်မနေရဲတော့ခြင်းဖြစ်ကြောင်း ယင်းဒေသခံများက ဆိုသည်။
“အခင်းဖြစ်နေ့က မနက် ၅ နာရီ ကျော်လောက်မှာ ရေတက်လာတယ်။ ရေမြင်နေတုန်းမှာပဲ ရွာသူ၊ ရွာသားတွေနဲ့ ဘုန်းကြီးတို့ တောင်ကုန်းတွေပေါ် အမြန်ရွှေ့လိုက်ရတယ်။ ရေကျတော့ အိမ် ၄၆ လုံး လုံးဝ ပျက်စီးဆုံးရှုံးသွားတယ်ဆိုတော့ မနေရဲကြတော့ဘူး”ဟု ကျွန်းတောစု ရွာဦးကျောင်း ဆရာတော် ဦးကောဝိဒက မိန့်ကြားသည်။
ကျွန်းတောရွာသည် ဆွာဆည် အောက်ဘက်တွင် တည်ရှိပြီး လူနေအိမ် ၂၃၀ ခန့်တွင် လူဦးရေ ၉၈၀ ခန့် နေထိုင်ကြကာ လုံးဝပျက်စီးသွားသည့် အိမ်ခြေ ၄၆ လုံးရှိသည့်အပြင် ကျန်လူနေအိမ်များမှာလည်း အိမ်ထောင်ပရိဘောဂ ပစ္စည်းများသာမက ယိုင်ရွဲ့ပျက်စီးမှုများပြားသော်လည်း အစိုးရတာဝန်ရှိသူများ၏ အကူအညီကို ယခုအချိန်အထိ မရရှိသေးကြောင်း အဆိုပါကျေးရွာတွင် နေထိုင်သူများက ဆိုသည်။
“ကျွန်တော် ဒီရွာမှာ ငယ်မွေးခြံပေါက်ပါ။ အခုလိုဖြစ်သွားတော့ ဆက်နေရမှာ ကြောက်သွားတယ်။ အုပ်ချုပ်ရေးအဖွဲ့တွေ ချပေးတဲ့နေရာ နေရမှာဖြစ်ပေမယ့် ရေဘေးမရှိတဲ့ နေရာနေချင်တယ်”ဟု ကျွန်းတောစုကျေးရွာနေ အသက် ၆၂ နှစ်အရွယ် ဦးအောင်မင်းက ဆိုသည်။
ဆည်ရေကျိုးပေါက်ရာမှ ရေနစ်မြုပ်ပျက်စီးခဲ့သည့် ကျေးရွာအချို့ရွှေ့ပြောင်းလိုသည့် အနေအထားကို စီစဉ်ပေးရမည် ဖြစ်သော်လည်း အဆင့်ဆင့်လုပ်ဆောင်သွားရမည်ဖြစ်ကြောင်း ရေတာရှည်မြို့နယ် တိုင်းဒေသကြီး လွှတ်တော်ကိုယ်စားလှယ် ဒေါက်တာကျော်ကျော်က ရှင်းပြသည်။
အမြန်လမ်းမကြီးအနောက် သုံးမိုင်ခွဲခန့်အကွာ ဆွာမြို့သိုင်းဝကျေးရွာအုပ်စုဝင် ကျွန်းတောစု၊ တမံဆည်နှင့် လှည်းလမ်းကူးကျေးရွာများ အနီးကပ်ဆုံးရှိနေခဲ့သော်လည်း ဆည်ရေကြောင့် ထိခိုက်ပျက်စီးမှုမှာ ကျွန်းတောစုကျေးရွာသည် အဆိုးရွားဆုံးဖြစ်ကြောင်း ရေဘေးကယ်ဆယ်ရေး ရောက်ရှိခဲ့ကြသူများထံမှ သိရသည်။
ပဲခူးတိုင်း ရေတာရှည်မြို့နယ် ဆွာမြို့၏ အနောက်ဘက် သိုင်းချောင်းကျေးရွာအနီး ဆွာချောင်းတမံကျိုးပေါက် ပျက်စီး (ရေထိန်းတံခါး) ခဲ့သည့်အတွက် လူဦးရေ သုံးသိန်းကျော် ရေဘေးသင့်ခဲ့ပြီး ပျက်စီးခဲ့သည့် လူနေအိမ် ၁၈၅ လုံးအတွက် တစ်အိမ်ထောင်လျှင် ကျပ်သုံးသိန်း (ပြိုလဲ) နှင့် ထိခိုက်သည့်အိမ်ကို ကျပ်ရှစ်သောင်း ထောက်ပံ့ပေးခဲ့ကြောင်း ယင်းတိုင်းအစိုးရအဖွဲ့ထံမှ သိရသည်။
R-15
-
17-Jul-2019
-
17-Jul-2019
-
17-Jul-2019
-
17-Jul-2019
-
17-Jul-2019
-
17-Jul-2019
-
10-Jul-2019
-
09-Jul-2019
-
13-Jul-2019
-
04-Jul-2019
-
06-Jul-2019
-
01-Jul-2019",2.0,2.0,2.0,2.0,5.0,"The text is a journalistic report on a dam failure in Myanmar. It provides factual, localized information about disaster impact and community displacement. While it lacks deep analytical reasoning or high-level academic content, it is written in natural, authentic Burmese. The score for cleanliness is reduced due to the significant amount of repetitive, irrelevant date-stamped boilerplate at the end."
<urn:uuid:32201467-c8d1-4951-87a7-8bbff1f942c7>,ဂရိတ်ဟော်ခမ်း အများနှင့်သက်ဆိုင်သော ကုမ္ပဏီလီမိတက်၏ သတ္တမအကြိမ်မြောက် နှစ်ပတ်လည်အထွေထွေအစည်းအဝေးအား အွန်လိုင်းမှတစ်ဆင့် ကျင်းပပြုလုပ်မည်ဖြစ်ကြောင်း အသိပေးကြေညာခြင်းနှင့် ဖိတ်ကြားခြင်း ဂရိတ်ဟော်ခမ်း အများနှင့်သက်ဆိုင်သောကုမ္ပဏီလီမိတက်၏ သတ္တမအကြိမ်မြောက်နှစ်ပတ်လည်အထွေထွေအစည်းအဝေးကို ကျင်းပရန်အတွက် ယခုအချိန်တွင် ဖြစ်ပေါ်နေသာ COVID 19 ကပ်ရောဂါသည် မြန်မာနိုင်ငံအပါအဝင် ကမ္ဘာတစ်ဝှမ်းလုံးတွင်ဖြစ်ပွားလျက်ရှိရာ COVID 19 ကပ်ရောဂါ ကာကွယ်တားဆီးထိန်းချုပ်နိုင်ရန်အတွက် ကျန်းမာရေးနှင့် အားကစားဝန်ကြီးဌာန၏ ထုတ်ပြန်ကြေညာချက်၊ လမ်းညွှန်ချက်များ၊ ဒေသဆိုင်ရာ စည်းမျဉ်းစည်းကမ်းများနှင့်အညီ မိမိတို့၏နှစ်ပတ်လည်အထွေထွေအစည်းအဝေးကို (၂၀-၁၂-၂၀၂၀) ရက်နေ့၊ တနင်္ဂနွေနေ့တွင် Zoom Meeting (Online) ဖြင့် ကျင်းပပြုလုပ်မည်ပါကြောင်း ရပ်နီးရပ်ဝေးမှအစုရှယ်ယာရှင်များ ကြိုတင်သိရှိထားနိုင်ပါရန်နှင့် အစည်းအဝေးသို့ တက်ရောက်ချီးမြှင့်ပေးနိုင်ပါရန် လေးစားစွာဖြင့် အသိပေးဖိတ်ကြားအပ်ပါသည်။ ကျင်းပမည့်နေရက် - ၂၀-၁၂-၂၀၂၀ (တနင်္ဂနွေနေ့) ကျင်းပမည့်အချိန် [...],1.0,1.0,3.0,4.0,3.0,"The document is a formal corporate announcement regarding an AGM. It provides basic information about corporate governance and public health compliance. It is written in natural, professional Burmese, reflecting local administrative language and context, though it lacks deep educational or reasoning complexity."
<urn:uuid:3d088e1d-c7d5-4ee8-922b-f5e635182a44>,"2:43 pm
ပုသိမ်၊ဇန်န၀ါရီ၁၀
ဦးမန်းဂျော်နီနှုတ်ထွက်သွားတာကြောင့် လစ်လပ်နေတဲ့ ဧရာဝတီတိုင်းဝန်ကြီးချုပ်နေရာကိစ္စ အတွက် လာမယ့် တနင်္လာနေ့(ဇန်န၀ါရီ ၁၅ရက်နေ့)ကျရင် ဧရာဝတီတိုင်းဒေသကြီးလွှတ်တော်မှာ အရေးပေါ်အစည်းအဝေးကျင်းပသွားမယ်လို့ တိုင်းဒေသကြီးလွှတ်တော်ဥက္ကဌ ဦးအောင်ကျော်ခိုင်က ပေါ်ပြူလာနယူးစ်ကို ယနေ့နေ့လည်မှာ ပြောပါတယ်။
” အခုလာမယ့်တနင်္လာနေ့ကို အရေးပေါ် အစည်းအဝေးခေါ်ထားပါတယ်။ တစ်ခြားကိစ္စတော့ဆွေးနွေးဖို့တော့ မရှိပါဘူး။ ၀န်ကြီးချုပ်နဲ့ ၀န်ကြီး ကိစ္စ ပြည်ထောင်စုရဲ့အစီအစဉ်နဲ့ ဆက်အလုပ်လုပ်ရမှာတွေရှိတာလေ။ အဲ့ဒီအတွက်ခေါ်ရတာပါ” လုိ့ တိုင်းဒေသကြီးလွှတ်တော်ဥက္ကဌ ဦးအောင်ကျော် ခိုင်က ရှင်းပြပါတယ်။
လက်ရှိမှာဆိုရင် ဧရာဝတီတိုင်းအထဲက ၀န်ကြီးချုပ် ဦးမန်းဂျော်နီ နဲ့ စိုက်ပျိုးရေးမွေးမြူရေးနဲ့သဘာဝပတ်ဝန်းကျင်ထိန်းသိမ်းရေးဝန်ကြီး ဦးဘဟိန်း တို့ဟာ နှုတ်ထွက်သွားကြပြီဖြစ်ပါတယ်။
သူတို့ရဲ့ သဘောဆန္ဒအလျောက်နှုတ်ထွက်ခြင်းကို ခွင့်ပြုတယ်လို့ဇန်န၀ါရီ ၉ရက်နေ့မှာ ပြည်ထောင်စုအစိုးရက တရားဝင်ထုတ်ပြန်ထားပါတယ်။
ဧရာဝတီတိုင်းဝန်ကြီးချုပ်အသစ်ဟာ တိုင်းအစိုးရအဖွဲ့ထဲကလူမှုရေးဝန်ကြီး ဒေါက်တာလှမြတ်သွေး ဖြစ်လိမ့်မယ်ဆိုတဲ့ ခန့်မှန်းသတင်းတွေ ထွက်ပေါ်နေတာတွေ ရှိနေပေမယ့် ဒီသတင်းကို အတည်ပြုလို့မရသေးပါဘူး။
YL",1.0,1.0,2.0,4.0,4.0,"This is a standard news report about regional political developments in Ayeyarwady. It provides factual information about government procedures and resignations. It is written in natural, professional Burmese, though it lacks deep analytical reasoning or complex educational content. It is clean, well-structured, and reflects local political context accurately."
<urn:uuid:0bb30d55-7ec4-4e97-98e5-e532eb6542bf>,"ခငျြးပွညျနယျ၊ ပလကျဝမွို့နယျ ဆမီးမွို့မှာ အကွမျးဖကျ စဈတပျထောကျခံပှဲပွုလုပျဖို့ မွို့ပျေါကြေးရှာပါမကနျြ စဈဘေးရှောငျပွညျသူတှပေါ စညျးရုံးနတေယျလို့ဆမီးမွို့ဒသေခံတှထေံမှသတငျးရရှိပါတယျ။
ဒသေခံတဈယောကျက “ကွံ့ခိုငျရေးပါတီဥက်ကဌက သူ့အိမျမှာခဏလေးလာပါဆိုလို့လိုကျသှားတာ။ စဈယူနီဖောငျးဝတျ ၂ ယောကျနဲ့ တဈယောကျက အရပျဝတျနဲ့ရောကျလာတယျ။ ဗြူဟာမှူးလို့ပွောကွတယျ။ သူက ဒီမှာ တပျထောကျခံပှဲလေးလုပျခငျြတယျ။ စညျးရုံးပေးပါအုံးတဲ့။ ကနြျောတို့ကလညျး ရှေးကောကျပှဲအလှနျမှာ ဘာမှမပတျသကျတော့ဘူးလို့ပွနျဖွတေယျ။ ဒါပမေယျ့ သူက ပါဝငျပေးရမယျနျောလို့ပွောတယျ။ ကြေးရှာကပွညျသူတှေ ဆမီးက စဈဘေးရှောငျပွညျသူတှကေိုလညျး ချေါမယျလို့ကွားတယျ။ ဒါပမေယျ့ ဘယျနေ့ လုပျမလဲဆိုတာတော့ မသိရဘူး။ ပွညျသူတှကေလညျး ဘယျလိုလုပျရမလဲ စိတျပူနကွေတယျ” လို့ပွောပါတယျ။
အကွမျးဖကျ စဈတပျထောကျခံပှဲပွုလုပျဖို့ ဆမီးမွို့ အုပျခြုပျရေးမှူး၊ ရဲမှူးထှနျးကိုကိုလတျ၊ တပျမ ၁၁ က တပျမမှူးစိုးမငျးတို့နဲ့ ပွညျသူတှကေို ဖိအားပေးနကွေတယျလို့သိရတယျ။
လကျရှိ ဆမီးမွို့တှငျ စဈဘေးရှောငျ အိမျခွေ ၄၀၀ ကနေ ၅၀၀ ကွားရှိပါတယျ။
Zawgyi
ချင်းပြည်နယ် ဆမီးမြို့တွင် အကြမ်းဖက် စစ်တပ်ထောက်ခံပွဲပြုလုပ်ဖို့ စစ်ဘေးရှောင်တွေပါစည်းရုံး
ချင်းပြည်နယ်၊ ပလက်ဝမြို့နယ် ဆမီးမြို့မှာ အကြမ်းဖက် စစ်တပ်ထောက်ခံပွဲပြုလုပ်ဖို့ မြို့ပေါ်ကျေးရွာပါမကျန် စစ်ဘေးရှောင်ပြည်သူတွေပါ စည်းရုံးနေတယ်လို့ဆမီးမြို့ဒေသခံတွေထံမှသတင်းရရှိပါတယ်။
ဒေသခံတစ်ယောက်က “ကြံ့ခိုင်ရေးပါတီဥက္ကဌက သူ့အိမ်မှာခဏလေးလာပါဆိုလို့လိုက်သွားတာ။ စစ်ယူနီဖောင်းဝတ် ၂ ယောက်နဲ့ တစ်ယောက်က အရပ်ဝတ်နဲ့ရောက်လာတယ်။ ဗျူဟာမှူးလို့ပြောကြတယ်။ သူက ဒီမှာ တပ်ထောက်ခံပွဲလေးလုပ်ချင်တယ်။ စည်းရုံးပေးပါအုံးတဲ့။ ကျနော်တို့ကလည်း ရွေးကောက်ပွဲအလွန်မှာ ဘာမှမပတ်သက်တော့ဘူးလို့ပြန်ဖြေတယ်။ ဒါပေမယ့် သူက ပါဝင်ပေးရမယ်နော်လို့ပြောတယ်။ ကျေးရွာကပြည်သူတွေ ဆမီးက စစ်ဘေးရှောင်ပြည်သူတွေကိုလည်း ခေါ်မယ်လို့ကြားတယ်။ ဒါပေမယ့် ဘယ်နေ့ လုပ်မလဲဆိုတာတော့ မသိရဘူး။ ပြည်သူတွေကလည်း ဘယ်လိုလုပ်ရမလဲ စိတ်ပူနေကြတယ်” လို့ပြောပါတယ်။
အကြမ်းဖက် စစ်တပ်ထောက်ခံပွဲပြုလုပ်ဖို့ ဆမီးမြို့ အုပ်ချုပ်ရေးမှူး၊ ရဲမှူးထွန်းကိုကိုလတ်၊ တပ်မ ၁၁ က တပ်မမှူးစိုးမင်းတို့နဲ့ ပြည်သူတွေကို ဖိအားပေးနေကြတယ်လို့သိရတယ်။
လက်ရှိ ဆမီးမြို့တွင် စစ်ဘေးရှောင် အိမ်ခြေ ၄၀၀ ကနေ ၅၀၀ ကြားရှိပါတယ်။",1.0,1.0,2.0,2.0,5.0,"The text is a news report about local political pressure in Chin State. It provides factual reporting on current events, which is informative but not educational in a curriculum sense. It contains redundant content due to the inclusion of both Unicode and Zawgyi versions, which lowers the cleanliness score, but the language is highly authentic and culturally specific."
<urn:uuid:074eeb5f-bb90-4b66-805a-b3665e854110>,"& nbspPort-ကျော် FS2004 (အဘယ်သူမျှမ DXT12) + 3D ရဲ့ Virtual cockpit
အ FS2004 သဟဇာတဗားရှင်း ဤနေရာကိုကလစ်နှိပ်ပါ
ဒါကြောင့် Download လုပ်! ဒီဗူး၏ဖွဲ့စည်းတည်ဆောက်ပုံနှင့်အတူထည့်သွင်းသည် Gendarmerie, ပြင်သစ်အကောက်ခွန်, Heliswiss နှင့်အခြားသော။
လေယာဉ်ခရီးစဉ် Simulator X ကို & P350D များအတွက် Aerospatiale AS 3BA ရှဉ့်၏ဝိသေသလက္ခဏာများ:
အဆိုပါ Eurocopter AS350 Squirrel ဇန်နဝါရီလ 1992 အတွက် Aerospatiale နှင့် Eurocopter အားဖြင့်ဖွံ့ဖြိုးပြီးတစ်ဦး multipurpose အလင်းရဟတ်ယာဉ်ဖြစ်ပါတယ်။ ဒီကိရိယာကို Single-နှင့်အင်ဂျင်နှစ်လုံးတပ်ဗားရှင်းအတွက်တီထွင်ခဲ့ပြီးမှ၏ဂုဏ်ထူးရှိပါတယ်, နာမတျောအ AStar (တစ်ခုတည်းအင်ဂျင်) သို့မဟုတ် TwinStar (အမွှာအင်ဂျင်) အရအမေရိကန်ပြည်ထောင်စုရှိစျေးကွက်များနှင့်ဆန့်ကျင် torque အမျိုးအစားနှင့်အတူတစ် version ကိုဘွားမြင်လေ၏ဖြစ်ပါတယ် ""သေးငယ်တဲ့ပြတင်းပေါက်"" များနှင့် Eurocopter EC130 အမည်ပြောင်း။ နာမတျောအ Helibras HB.350 Esquilo အောက်မှာဘရာဇီးအတွက်လိုင်စင်အောက်မှာထုတ်လုပ်ခြင်း, EC130 လည်း Changhe လေယာဉ် Industries, ကော်ပိုရေးရှင်းနှင့်အတူပူးပေါင်း, တရုတ် Changhe Z-11 ၏ဖန်တီးမှုကိုထောကျပံ့ဖို့တာဝန်ထမ်းဆောင်ခဲ့သူဖြစ်ပါတယ်။
ဒါကြောင့် Download လုပ်! ဒီဗူး၏ဖွဲ့စည်းတည်ဆောက်ပုံနှင့်အတူထည့်သွင်းသည် Gendarmerie, ပြင်သစ်အကောက်ခွန်, Heliswiss နှင့်အခြားသော။
လေယာဉ်ခရီးစဉ် Simulator X ကို & P350D များအတွက် Aerospatiale AS 3BA ရှဉ့်၏ဝိသေသလက္ခဏာများ:
|Gmax နှင့်အတူဖန်တီးအသေးစိတ်မော်ဒယ်
|
အစွန်းနှင့် photorealistic အထွာဇယား
တကယ့်လေယာဉ်ခရီးစဉ်၏ဓာတ်ခွဲခန်းတှငျမှတျတမျးတငျထားသညျ့အသံ
နှိပ်လို့ရတဲ့အထွာနဲ့ switches နှင့်အတူအသေးစိတ် 3D လေယာဉ်မှူးအခန်း
3D ကာတွန်း switches များ
တံခါးရွက်၏ Animation ရဲ့
3D လေယာဉ်မှူးအခန်းအတွက် dynamic animations တွေကို
|ယာဉ်မောင်း၏ Animation ရဲ့
|
စစ်မှန်သောလေယာဉ်မှူးလေယာဉ်မော်ဒယ်အားဖြင့်စမ်းသပ်ပြီးအတည်ပြု
အပြီးအစီးစစ်ဆေးရမည့်စာရင်း
Windows ပေါ်မှာမိုဃ်းရွာစေ၏အကျိုးသက်ရောက်မှု
animated Wiper
ကို virtual လေယာဉ်မှူးအခန်းအတွက်ရှေ့ဆက်သို့မဟုတ်နောက်ကျောဒရိုင်ဘာ၏ထိုင်ခုံရွှေ့ဖို့ဖြစ်နိုင်ခြေ
လေယာဉ်ခရီးစဉ် Simulator X ကို P3D နှင့်အတူလိုက်ဖက်တဲ့နှင့် လေယာဉ်ခရီးစဉ် Simulator 2004
အဆိုပါ Eurocopter AS350 Squirrel ဇန်နဝါရီလ 1992 အတွက် Aerospatiale နှင့် Eurocopter အားဖြင့်ဖွံ့ဖြိုးပြီးတစ်ဦး multipurpose အလင်းရဟတ်ယာဉ်ဖြစ်ပါတယ်။ ဒီကိရိယာကို Single-နှင့်အင်ဂျင်နှစ်လုံးတပ်ဗားရှင်းအတွက်တီထွင်ခဲ့ပြီးမှ၏ဂုဏ်ထူးရှိပါတယ်, နာမတျောအ AStar (တစ်ခုတည်းအင်ဂျင်) သို့မဟုတ် TwinStar (အမွှာအင်ဂျင်) အရအမေရိကန်ပြည်ထောင်စုရှိစျေးကွက်များနှင့်ဆန့်ကျင် torque အမျိုးအစားနှင့်အတူတစ် version ကိုဘွားမြင်လေ၏ဖြစ်ပါတယ် ""သေးငယ်တဲ့ပြတင်းပေါက်"" များနှင့် Eurocopter EC130 အမည်ပြောင်း။ နာမတျောအ Helibras HB.350 Esquilo အောက်မှာဘရာဇီးအတွက်လိုင်စင်အောက်မှာထုတ်လုပ်ခြင်း, EC130 လည်း Changhe လေယာဉ် Industries, ကော်ပိုရေးရှင်းနှင့်အတူပူးပေါင်း, တရုတ် Changhe Z-11 ၏ဖန်တီးမှုကိုထောကျပံ့ဖို့တာဝန်ထမ်းဆောင်ခဲ့သူဖြစ်ပါတယ်။",2.0,1.0,3.0,2.0,1.0,"The text is a machine-translated product description for a flight simulator add-on. It provides some historical and technical facts about the Eurocopter AS350, but the translation is awkward and repetitive. It contains significant boilerplate and promotional text, and the formatting is inconsistent, reflecting a poor-quality web scrape."
<urn:uuid:7c60138e-42da-47df-8140-f6fa46bfd107>,"အထက်တန်းကျောင်းပြီးသွားတဲ့ အထိမ်းအမှတ် ၊ ဘွဲ့ရတဲ့ အထိမ်းအမှတ်စတဲ့ နေ့ထူးနေ့မြတ်တွေမှာ အောင်မြင်မှုကို အသိအမှတ်ပြုတဲ့အနေနဲ့ ကိုယ်ကိုယ်တိုင်အတွက် ဂုဏ်ပြုပါတီ လုပ်ပေးကြတာ များပါတယ်။ ဒါပေမဲ့ အိမ်ရာမဲ့တွေအတွက် ပါတီလုပ်ပေးတဲ့ ထူးထူးခြားခြား မိန်းကလေးကတော့ တက္ကဆက်ပြည်နယ်မှာ ရှိပါတယ်။ လိန်နာ ကာရက်စ်ကို (Leanner Carrasco) ဆိုသူ မိန်းကလေးက တက္ကဆက်ပြည်နယ်က အိမ်ရာမဲ့ အမျိုးသမီးနဲ့ ကလေးတွေအတွက် ပီဇာ (၉၅) ခု မှာပြီး ပါတီပွဲကျင်းပပေးဖို့ သူငယ်ချင်းတွေနဲ့ အတူတူ စီစဉ်ခဲ့တာပါ။ အရင်တုန်းက မိသားစုနဲ့ အတူတူ ဖွံ့ဖြိုးရေးဂေဟာတွေ သွားပြီး လှူဒါန်းမှုလုပ်ဖူးပေမဲ့ ဒီတစ်ကြိမ်မှာတော့ သူငယ်ချင်းတွေနဲ့ အတူတူ ကိုယ်တိုင် အကောင်အထည်ဖော်ရတာ ဖြစ်ပါတယ်။
ပွဲမစခင် တစ်လအလိုကတည်းက သူငယ်ချင်းတစ်စု သွားပွတ်တံ ၊ သွားတိုက်ဆေး ၊ လက်သုတ်ပုဝါနဲ့ ချွေးနံ့ပျောက်ဆေးတွေ ဝယ်ယူထားပြီး အဲဒါတွေကို အိတ် (၄၀၀) နဲ့ ခွဲထုပ်ပြီး အိမ်ရာမဲ့တွေကို ဝေငှပေးခဲ့ပါတယ်။ ပါတီပွဲနေ့မှာတော့ ပီဇာပဲ ဝယ်စရာလိုပြီး လူပေါင်း (၂၀၀) ကို ကျွေးမွေးနိုင်ခဲ့လို့ ထူးခြားတဲ့နေ့လေးတစ်နေ့ ဖြစ်ခဲ့တယ်လို့ ကာရက်စ်ကိုက ဆိုပါတယ်။
လူအများအပေါ်စေတနာထားတဲ့ ကာရက်စ်ကို ကတော့ ဒီနှစ်ဆောင်းဦးမှာ Briar Cliff တက္ကသိုလ်ကို တက်ရောက်မှာဖြစ်ပြီး သူနာပြုဘာသာရပ်ယူသွားမယ်လို့ သိရပါတယ်။
Ref: CNN “Instead of a graduation bash, this high school senior threw a pizza party for the homeless”
Alice May (ရိုးရာလေး)",2.0,1.0,1.0,5.0,1.0,"The text is a simple, well-written news summary about a charitable act. It lacks complex reasoning or deep educational content, serving primarily as a human-interest story. It is clean and uses natural Burmese, though it is a translation of a foreign news piece, limiting its cultural depth."
<urn:uuid:7649638e-f484-4ce0-bad0-459664071977>,"၁။ န.အ.ဖ စစ်အစိုးရမှ ကရင်ပြည်နယ် မာနယ်ပလောဒေသအား မိုးကြိုးစစ်ဆင်ရေးအမည်ဖြင့်၎င်း၊ ဝေါလေဒေသအား သန်လျှက်စစ်ဆင်ရေးအမည်ဖြင့်၎င်း ထိုးစစ်ဆင်နေခြင်းဖြစ်သည်ဟု နေပြည်တော် စ.ရ.န ရုံးတွင်းသတင်းအရ သိရှိထားသည်။
၂။ ၂၀၁၀ ဧပြီလက X2O သင်္ကြန်မဏ္ဍပ်ဗုံးခွဲမှုဖြင့် မတရားထောင်ချခံထားရသော စာရေးဆရာလင်းယုန် မောင်မောင်၏မြေး ကိုဇေယျအား စစ်ခွေးတိုက်တွင် ညှဉ်းပမ်းနှိပ်စက်မှုအား ထောင်အာဏာပိုင်တို့က ရပ်တန့်ပေးခြင်းမရှိသည့်အတွက် အင်းစိန်ထောင် ၄တိုက်မှ နေလင်းအောင် BAJF၊ သန့်ဇင်ထွန်း BAJF၊ ၅တိုက်မှ ဇော်မင်းထွန်း NLDနှင့် ၆တိုက်မှ အောင်ကို GW၊ အောင်မိုးလွင် NLD တို့ဦးဆောင်၍ ယနေ့မနက် ပိုင်းမှစတင်ကာ အစာငတ်ခံဆန္ဒပြနေကြကြောင်း သိရှိရသည်။
၃။ မြ၀တီမြို့ DKBA ကလို့ထူးဗြူဟာမှူး ဗိုလ်နှုတ်ခမ်းမွှေး၏ ညာလက်ရုံးဖြစ်သည့် ၂၀၀၉ ခုနှစ်တွင် ၅(ည) ၁၉(က)(ဂ) တို့ဖြင့် ၁၃နှစ် ထောင်ချခံရသည့် ကျော်နိုင် (ခ) ကျော်ကျော်နိုင်အား ဘူးသီးတောင်ထောင်တွင် ထောင်အာဏာပိုင်တို့က မတရားနှိပ်စက်နေသည့်အပြင် အစာအိမ်ရောဂါနှင့် အဟာရချို့တဲ့သည့်ရောဂါများ အပြင်းအထန်ခံစားနေရသည်ဟု သိရှိရသည်။
၄။ အင်းစိန်သီးသန့်ထောင် အဆောင် (၁) တွင် ၂၀၀၇ စက်တင်ဘာ ရွှေဝါရောင်တော်လှန်ရေးတွင် ဦးဆောင်ပါဝင်ခဲ့ပြီး ထောင်ဒဏ် ၁၄ နှစ် ကျခံရသည့် ဦးခေမာစာရ (ခ) ချမ်းသာ၏ ကျန်းမာရေးအခြေ အနေမှာ အမှန်တကယ်ဆိုးရွားလျှက်ရှိကြောင်း သိရှိထားသည်။
၅။ ယနေ့နံနက်တွင် ကရင်ပြည်နယ် ကြာအင်းဆိပ်ကြီးအတွင်းရှိ ရွာငယ်တစ်ခုအား န.အ.ဖ နှင့် နယ်ခြား စောင့် တပ်ဖွဲ့ BGF မှ စတင်မီးရှို့မည်ဟု ကြားသိထားသည်။",1.0,1.0,3.0,3.0,4.0,"The text provides historical and political reporting on Myanmar's conflict and prison conditions. It is written in natural, native Burmese with specific local political context and terminology. It lacks deep analytical reasoning or structured educational content, functioning primarily as a news-style report or bulletin."
<urn:uuid:31ee4c1c-b249-4c24-8e11-0bc44cb15612>,"သြဂုတ် ၊ ၂၇ ၊ ၂၀၂၂
SP( VOM)
စစ်ကိုင်းတိုင်း ၊ မုံရွာမြို့ပေါ်က လူနေရပ်ကွက်တွေထဲက အပေါင်ဆိုင်တွေဟာ ဒီလ ၂၀ ရက်နောက်ပိုင်းကစလို့ ပေါင်နှံပစ္စည်းတွေပေါ် မူတည်ပြီး အတိုးနူန်း မြင့်တက်လာတယ်လို့ ကုန်စိမ်းစျေးသည်တွေဆီက သိရပါတယ်။
” စျေးသည်နဲ့ ငွေတိုးဆိုတာ မကင်းကြဘူးလေ ၊ ပြီးခဲ့တဲ့နှစ် ၂၀၂၁ ကစလို့ ငွေအလွတ်ချေးပေးတာ မရှိတော့ဘူး ၊ ပစ္စည်းပါမှ ငွေချေးပေးတာတွေဖြစ်လာတယ် ၊ အရပ်ထဲက အပေါင်ဆိုင်တွေက အတိုးနူန်းမြင့်လို့ အမိန့်ရဆိုင်တွေကို သွားပေါင်တယ် ၊ သူတို့လည်း အတိုးနူန်းစျေးတွေ တက်လာတယ် ၊ အဲ့ဒါကြောင့် ငွေလိုတဲ့သူတွေက ပစ္စည်းကို ပေါင်နှံတာထက် အပြတ်ရောင်းကြတာများလာတယ် “လို့ မုံရွာ ကန်သာယာစျေးက ကုန်စိမ်းစျေးသည်တယောက်က ပြောပါတယ်။
မုံရွာမြို့ ၊ သာစည်လမ်း ၊သာစည်စျေးက ပန်းသည်တယောက်က ” အရင်က ရွှေထည်ပစ္စည်း ပေါင်နှံတယ်ဆိုရင် အတိုးနူန်းက ၂ ကျပ် ၊ ၂ကျပ်ခွဲဆိုတာ အလွန်ဆုံးပဲ အခုမရတော့ဘူး ၊ ၃ ကျပ်အောက်ခံရှိတယ် ၊ တချို့ဆိုရင် ၃ ကျပ်ခွဲ ၄ ကျပ်အထိယူတာတွေရှိတယ် ၊ ရွှေချိန်များပြီး ငွေအမောင့်များရင်တော့ ၂ ကျပ်ခွဲလောက် ယူတဲ့သူတွေ အနည်းစုလောက်ပဲရှိတာ “လို့ ပြောပါတယ်။
မုံရွာမြို့၊ နန္ဒဝန် ၊ ထန်းတော ၊ စက်မှုဇုန် ၊ မြဝတီ စတဲ့ ရပ်ကွက်တွေမှာ အပေါင်ခံ ငွေချေးလုပ်ငန်း ၊ လုပ်ကိုင်နေသူ တယောက်က ” စက်ပစ္စည်းဖြစ်တဲ့ ကားတို့ ၊ ဆိုင်ကယ်တို့ ပစ္စည်းပါတယ်ဆိုရင် အတိုးနူန်းက ၅ ကျပ်နဲ့ ၁၀ အကြားမှာရှိတယ် ၊ ယူတဲ့ ငွေပေါ် မူတည်တယ် ၊ လျှပ်စစ်ပစ္စည်းကြတော့ အမျိုးအစား ၂ မျိုးခွဲထားတယ် ၊ လူသုံးကုန်ပစ္စည်းဖြစ်တဲ့ ဖုန်း ၊ ဒယ်နီ ၊ ထမင်းပေါင်းအိုး ၊ အဝတ်လျော်စက် ၊ ကေခဲသေတ္တာ ၊ တီဗီတို့ဆိုရင် အတိုးနူန်းက ၁၄ ကျပ် ၊ ၁၅ ကျပ်ဝန်းကျင်ရှိတယ် ၊ လုပ်ငန်းသုံး လျှပ်စစ်ပစ္စည်းဆိုရင် ဥပမာ ဂဟေပုံး ၊ သံဖြတ်စက် ၊ လက်ကိုင်ကျောက်စက်တို့ စတာတွေကြတော့ အတိုးနူန်းက ၁၀ ဝန်းကျင်ပေါက်တယ် ၊ အိမ်ဝန်းခြံမြေကြတော့ ၆ လထိပဲထားမယ်ဆိုရင် ၅ ကျပ်နဲ့ ၁၀ ကြားယူတယ် ၊ ၁ နှစ်စာချုပ်နဲ့ပေါင်တယ်ဆိုရင် ၃ ကျပ်နဲ့ ၅ ကျပ်ကြားဖြစ်တယ် ၊ ငွေကြေးရှားပါးလာပြီး ငွေလည်ပတ်မှု တုန့်ဆိုင်နေတာကြောင့် အတိုးနူန်းကို မျှယူရတာ “လို့ ပြောပါတယ်။
သုံးဘီး အငှားယာဥ်မောင်းတဦးကလည်း” အတိုးနူန်းတွေက အရင်ကထက် ၂ ဆနီးပါး မြင့်တက်လာတယ် ၊ လောင်းကစားသမားတွေအတွက် အဲ့ဒီ အတိုးနူန်းဟာ အရေးမကြီးပေမယ့် ၊ ကျန်းမာရေးကိစ္စနဲ့ စျေးရင်းလုပ်ရတဲ့သူတွေအတွက်တော့ အထိနာစေတယ် ၊ ဘဏ်ငွေထုတ်ရတာ ခက်ခဲတယ်ဆိုတဲ့ အကြောင်းပြချက်နဲ့ အတိုးနူန်း စျေးမြင့်တက်ယူတာဟာ လက်လုပ်လက်စားတွေရဲ့ဘဝကို ဖိနှိပ်ရာ ရောက်စေတယ် ၊ အဲ့ဒါကြောင့် သက်ဆိုင်ရာက အတိုးနူန်း သက်သာစွာနဲ့ ငွေချေးလုပ်ငန်းတွေ လုပ်ပေးစေချင်တယ် “လို့ ပြောပါတယ်။
မုံရွာမြို့ပေါ်မှာ မြို့ပြလူနေရပ်ကွက် ၃၁ ရပ်ကွက်တည်ရှိပြီး ၊ ရပ်ကွက်တိုင်းမှာ အပေါင်ဆိုင်တွေနဲ့ အဟောင်းပစ္စည်း ဝယ်ရောင်းဆိုင်တွေရှိနေပြီး အဲ့ဒီဆိုင်တွေဟာ အတိုးနူန်းမြင့်တက်လာပေမယ့် ဒီကနေ့အထိ အလုပ်ဖြစ်နေဆဲ ရှိတယ်လို့ သိရတာဖြစ်ပါတယ်။
#voiceofmyanmar #VOM #စစ်ကိုင်း",2.0,2.0,2.0,5.0,5.0,"The text is a well-written, authentic news report from Monywa, Myanmar. It provides a clear, coherent account of local economic struggles and interest rate hikes. It uses natural Burmese phrasing, local terminology, and reflects the lived reality of the community, making it highly authentic and culturally relevant."
<urn:uuid:23774a60-cd25-4086-abe1-2cb8bd8b4dd1>,"ကောင်းကင်ကို မော့မကြည့်ဖြစ်တာ ကြာခဲ့ပြီ။
ဒီနေ့တော့ ဟိုးးအဝေးက မိုးကောင်းကင်ကြီးထက် ကိုယ် မော့ကြည့်နေမိတယ်...။
မုန်တိုင်းစဲလ ရက်ကာလများရဲ့ထုံးစံ တိမ်စိုင်တိမ်လိပ်တွေက ဟို သည် ရွေ့လို့......။
တိမ်တွေကို ငေးစိုက်ကြည့်ရင်း တိမ်စိုင်တွေရဲ့ သဏ္ဍာန်ဟာ ကိုယ့် အတွက် အရိပ်အယောင်တွေ ထင်ဟပ်လာတယ်။
ဘယ်သူပြောသလဲ...ကိုယ် ချစ်တဲ့သူတွေဟာ ကိုယ့် အနားမှာ မရှိဘူးလို့....။ ဟိုးး မှာ ကိုကို က ကြည်ကြည်လင်လင်ပြုံးရယ်နေတယ်။ အလင်းတွေက တဖျပ်ဖျပ်....လေတိုးသံ ခပ်သဲ့သဲ့နဲ့အတူ `ညီမလေး´ ခေါ်သံကို ကြားလိုက်ရတယ်...။
ဘယ်သူပြောသလဲ.......ကိုကို ဟာ ကိုယ် နဲ့ အဝေးကြီးလို့...တစ်မြေတည်း တစ်မြို့နယ်ထဲမှာ သူ ရှိနေတယ်။ အရင်လို ရန်ကုန်မြေကို ကိုယ် ရောက်နေတာ သူ မသိမဟုတ်ဘူး။ အခု သူ သိနေပြီ။ ညီမလေး ရေ........ တဲ့....။ ချိုသာမြဲ ကိုကို့ အသံက ဟိုးးး လွန်ခဲ့တဲ့ နှစ်ပေါင်း နှစ်ဆယ်ကျော်ကလို ချစ်ခင်မှုတွေ လွှမ်းခြုံနေမြဲ..။
အိမ်နောက်ဘက်မှာ တသွင်သွင်စီးနေတဲ့ စမ်းချောင်းလေးတွေ ရှိတယ်။ ကိုယ် တို့ မောင်နှစ်မတွေ ခူးဆွတ်စားခဲ့တဲ့ မာလကာပင်တွေ တစ်ခြံလုံးမွှေးပျံ့နေအောင်ရှိတယ်။ ကိုကို က ဂစ်တာတီးတဲ့အခါ ညီမလေးက သီချင်းလေး မပီကလာဆို....ဟင့်အင်း လှေစီးချင်သေးတယ် ကိုကို ရဲ့..`
ငါး အရိုး ထွင်ပေးမယ် ညီမလေး´ .....`ကိုကို အိမ်ပြန်နောက်ကျတယ် မေမေ ဆူနေပြီ´....... `သမီး ပထမ ရတယ် ကိုကို´ .........`ဟို ကောင်မလေးကို သမီး မခေါ်ဘူး ကိုကိုရဲ့´......... `ညီမလေး စွန်လွှတ်မလား´.......... `စွန်လေးတွေ အောက်ပြုတ်ကျလာရင် ဘယ်လို လုပ်မလဲဟင်´.........
တိမ်တွေဟာ လေတစ်ချက်လူးအလွန့် ကိုကို့ ကို ဆွဲခေါ်ချေမွသွားတယ်။ ငေးကြည့်နေဆဲ ကိုကို့ အပြုံးက လေ ရဲ့ အဝှေ့မှာ မဲ့သလို ပျက်ပြယ်.......။
အရိပ်တွေ လူးလွန့်လာပြန်တယ်။ ဟင့်အင်း ...သူတို့ကို ကိုယ် မလိုချင်ဘူး...။
`မ´
သွားပါ ....လေတွေရယ်...ဒီ ပုံရိပ်တွေကို ခေါ်ဆောင်သွားပါ။ လေပြင်းတစ်ချက်နဲ့ ခပ်ကြမ်းကြမ်းဖြိုဖျက်ပေးလှည့်ပါ..။
လေကြမ်းဟာ ကိုယ့် အလိုကို လိုက်သလိုမျိုး ဝေ့ခနဲ တစ်ချက် တိမ်စိုင်တွေ ပြိုပျက်သွားပြန်တယ်။
သံစဉ်လေးတစ်ခုကို တိုးဖျဖျ ကြားလိုက်ရတယ်...။
ရင်းနှီးကျွမ်းဝင်တဲ့ သံစဉ်ဟာ ကိုယ့် ရင်ကို နွေးထွေးလွှမ်းခြုံ...ကိုယ် ညင်ညင်သာသာလေးပြုံးမိပါတယ်...။
တိမ်စိုင်ဟာ မပီပြင်ဘူး..၀ိုးတ၀ါးနိုင်လှရဲ့....ဒါပေမယ့် ကိုယ် အေးချမ်းကြည်လင်စွာငေးစိုက်ကြည့်မိတယ်။
ကိုယ် ချစ်တဲ့ တိမ်ဖြူဟာ ဂီတသံစဉ်တစ်ခုကို အေးချမ်းစွာ ရွတ်ဆိုလို့....။
ကမ္ဘာလောက....လူ့ပတ်ဝန်းကျင်ကို မြင်တဲ့ ကိုယ့် အမြင်တွေဟာ တစစ အေးချမ်းငြိမ်သက်လာတယ်...။ တိမ်ဖြူလေးဟာ သူ့ အလုပ် သူ လုပ်နေတာပါပဲ...။ ဒါပေမယ့် တစ်ချက် တစ်ချက် တော့ ကိုယ့်ဘက် စောင်းငဲ့ကြည့်လို့...။
ကိုယ် တစ်စုံတစ်ခုပြန်ပြောမိသလား..ပြန်မပြောမိဘူးလား...။ သေချာစွာ မသဲကွဲဘူး..။
သေချာလွန်းနေမှာက ကိုယ် အေးချမ်းစွာတ်ိတ်ဆိတ်နေပေးနေခဲ့မှာကိုပဲ...။
လေပြေဟာ ခပ်သဲ့သဲ့ တိုက်ခတ်ပြန်တယ်...။
တိမ်စိုင်တွေ ဟို သည် ဖြည်းညင်းစွာ ရွေ့လျားလို့.....။
ဖျတ်ခနဲ ပိတ်လိုက်မိတဲ့ မျက်လွှာအစုံမှာ မျက်ရည်တစ်စက်လွင့်စင်သွားတယ်...။
2.10.2013
PM:8:38",1.0,1.0,1.0,5.0,5.0,"This is a creative, reflective literary piece. It lacks educational or complex reasoning content, as it is a personal narrative. It is written in natural, authentic Burmese, capturing emotional nuances and cultural expressions of nostalgia and memory, making it highly authentic but not technical or academic."
<urn:uuid:442845fe-c432-495b-84ea-af9dd0cb223c>,"Google+Facebook
ကျွန်တော်တို့ အခုနောက်ပိုင်းမှာ
Google+
ကိုတော်တော်လေး အသုံးပြုလာကြတာကို
တွေ့ရပါတယ်။ အဲလို
Google+
ကို အသုံးပြုကြတဲ့ ကျွန်တော်ရဲ့ အစ်ကို ၊ အစ်မတွေကို
Google+
မှာ
Facebook
ကိုပါအတူ တွဲသုံးချင်သူတွေအတွက်
Add-on
လေးတစ်ခုကို ညွှန်ပြပါရစေ။ သုံးရ
တာ တော်တော်လေး အဆင်ပြေလို့ပါ။ သိပြီးသားသူတွေကတော့ ဒီပို့စ်လေးကို ကျော်ဖတ်သွား
လိုက်ပါ။ မသိသေးသူတွေအတွက်ကိုပဲ ရည်ရွယ်ပါတယ်.....။
ပထမဆုံး
ဒီနေရာ
လေးကိုသွားပြီး
Install
လုပ်လိုက်ပါ။ အောက်မှာ ပုံနဲ့ပြထားပါတယ်။
ပုံအကြီး ကြည့်ချင်ရင် ပုံကို ကလစ်လိုက်ပါ....။ အားလုံးပျော်ရွင်ကြပါစေ.....ဗျာ။
Posted by
လုလင် မောင်
Email This
BlogThis!
Share to Twitter
Share to Facebook
Share to Pinterest
No comments:
Post a Comment
Newer Post
Older Post
Home
Subscribe to:
Post Comments (Atom)
အဆင်ပြေလို့ Comment မပေးချင်နေပါ..Link သေနေတာတွေ့ရင်တော့ Comment ပေးခဲ့ပါဗျာ...",1.0,0.0,1.0,1.0,2.0,"The text is a short, informal blog post about a browser add-on. It lacks educational depth, complex reasoning, or high-level professionalism. It contains significant boilerplate and navigation noise typical of old blog platforms. The language is natural and uses common Burmese informal address, reflecting local blogging culture."
<urn:uuid:1555e66d-bd0f-4695-8d70-aa3b830d397a>,"သတင်းဆောင်းပါးများ about အရှေ့အာရှ
ဗီဒီယို မှတ်တမ်းတင် စီမံကိန်းတစ်ခုသည် မလေးရှားရှိ မြန်မာ တိမ်းရှောင်ပြည်သူ အသိုင်းအဝန်း၏ ဒုက္ခအခက်အခဲများကို မီးမောင်းထိုးပြထားပါသည်။
ဧရာဝတီ၏ ဆန်းစစ်ဝေဖန်ရေးသားမှုများကြောင့် ယခင်အခါက မြန်မာ စစ်အစိုးရမှ ပိတ်ပင်ခဲ့ပြီး မည်သူမဆို မဂ္ဂဇင်းအား လက်ဝယ်ရှိပါက ဖမ်းဆီးထောင်ချ ခံရနိုင်သည်။
ဆန္ဒပြခြင်းကို ပိတ်ထားလား။ ထိုင်းက အာဏာသိမ်းတာကို ဆန္ဒပြသူတွေအတွက်တော့ ပြဿနာမရှိလှဘူး။ သူတို့တွေက Hunger Games သင်္ကေတကို အတုယူခဲ့ပြီး တချို့တွေက အများပြည်သူပိုင်နေရာတွေမှာ ""စာဖတ်ပြီး"" ဆန္ဒပြခဲ့ကြတယ်လေ.
Balik Cina is a new website which compiles some of the hilarious and notorious quotes made by Malaysian politicians.
မလေးရှားအလံကို ပြောင်းဖို့ အချိန်ရောက်ပြီလား။ နိုင်ငံရဲ့ လွတ်လပ်ရေးနေ့ကို ကျင်းပနေတဲ့အချိန်မှာ အလံပုံစံအသစ်ကို အဆိုပြုပါတယ်ဆိုပြီး အတိုက်အခံပါတီကို စွပ်စွဲထားပါတယ်။",2.0,1.0,2.0,2.0,3.0,"The text is a collection of short, disjointed snippets about East Asian political news. It lacks depth, coherence, and a unified educational focus. While it uses natural Burmese and references regional political contexts, it functions more as a summary of headlines than a structured article, resulting in low scores for reasoning and educational value."
<urn:uuid:ebf6837d-e1d3-46e2-a512-ba6fc482dbbb>,"အိမ်မွေးတိရစ္ဆာန်စောင့်ရှောက်မှုစက်ရုပ် ဒီဇိုင်းရေးဆွဲသူ၏ရည်ရွယ်ချက်မှာခွေးမွေးမြူသူတစ် ဦး ၏အိမ်ထောင်စုများတွင်ပြproblemsနာများကိုဖြေရှင်းရန်ဖြစ်သည်။ ခွေးတစ်ကောင်တိရိစ္ဆာန်များ၏စိုးရိမ်ပူပန်မှုနှင့်ဇီဝကမ္မပြproblemsနာများသည်ကြာရှည်စွာစောင့်ရှောက်သူများမရှိခြင်းမှအမြစ်တွယ်နေသည်။ ၎င်းတို့၏လူနေမှုနေရာငယ်များကြောင့်အိမ်စောင့်များသည်အိမ်မွေးတိရစ္ဆာန်များနှင့်ပတ် ၀ န်းကျင်ကိုမျှဝြေခင်းကြောင့်သန့်ရှင်းရေးပြproblemsနာများဖြစ်ပေါ်စေသည်။ နာကျင်မှုဝေဒနာများမှလှုံ့ဆော်ပေးသောဒီဇိုင်နာသည်ဂရုစိုက်သည့်စက်ရုပ်တစ်လုံးကိုတီထွင်ခဲ့သည်။ ၁။ အိမ်မွေးတိရိစ္ဆာန်များအားကစားနည်းများနှင့်ကစားခြင်းနှင့်အပြန်အလှန်ဆက်သွယ်ခြင်း၊ အနားယူပါ
စီမံကိန်းအမည် : Puro, ဒီဇိုင်နာနာမည် : TAEUK HAM, သုံးစွဲသူ၏အမည် : TAEUK HAM.
ဒီအံ့သြဖွယ်ဒီဇိုင်းသည်ဖက်ရှင်၊ အ ၀ တ်အထည်နှင့်အထည်ဒီဇိုင်းပြိုင်ဆိုင်မှုများတွင်ငွေဒီဇိုင်းဆုကိုရရှိခဲ့သည်။ အသစ်၊ ဆန်းသစ်တီထွင်မှု၊ မူရင်းနှင့်ဖန်တီးမှုဆိုင်ရာဖက်ရှင်၊ အ ၀ တ်အထည်နှင့်အထည်ဒီဇိုင်းဆိုင်ရာအလုပ်များကိုရှာဖွေတွေ့ရှိရန်အတွက်ငွေချေးဆုရှင်ဒီဇိုင်နာများဒီဇိုင်းအစုစုကိုသင်သေချာစွာတွေ့မြင်သင့်သည်။",2.0,1.0,2.0,3.0,1.0,"The text describes a design concept for a pet-care robot. It provides basic information about the problem and solution, but the writing is somewhat disjointed and includes promotional boilerplate about design awards. It lacks deep reasoning or high-level expertise, and while the Burmese is readable, it feels like a translation of a product description."
<urn:uuid:72dc54cc-2311-436f-9857-3d6c7e04d523>,"ရခိုင်ပြည်နယ် သံတွဲမြို့မှာ လူအသေအပျောက်တွေ ရှိခဲ့တဲ့ အထိ ဖြစ်ပွားခဲ့တဲ့ သွေးထွက်သံယို ပဋိပက္ခတွေနဲ့ ပတ်သက်လို့ နိုင်ငံတကာ အသိုင်းအ၀ိုင်းက စိုးရိမ်တဲ့အကြောင်း ကြေညာချက်တွေ ထုတ်ပြန်ခဲ့ကြပါတယ်။ လူသေဆုံးမှုတွေ၊ အများအပြား ထိခိုက်ဒဏ်ရာတွေရမှုတွေနဲ့ မူဆလင်ဗလီတွေ၊ အိမ်တွေ မီးရှို့ဖျက်ဆီးခံခဲ့ရပြီးနောက် ရာနဲ့ချီအိုးမဲ့အိမ်မဲ့ ဖြစ်ခဲ့ရတဲ့ သတင်းတွေနဲ့ ပတ်သက်လို့ အလွန်အမင်း စိုးရိမ်မိတဲ့အကြောင်း ရန်ကုန်မှာရှိတဲ့ အမေရိကန် သံရုံးကလည်း ဗုဒ္ဓဟူးနေ့မှာပဲ ကြေညာချက် ထုတ်ပြန်ခဲ့တာပါ။
အမေရိကန် ပြည်ထောင်စု အနေနဲ့ သွေးထွက်သံယို အကြမ်းဖက်မှုတွေကို ဆန့်ကျင်ရှုတ်ချကြောင်းလည်း ဖော်ပြထားပါတယ်။ တိုက်ခိုက်မှုတွေ ဖြစ်ပွားနေ
တဲ့ အခြေအနေတွေကို အမေရိကန် သံရုံးက ဆက်လက် စောင့်ကြည့်
သွားမှာ ဖြစ်သလို၊ ဒေသခံတွေရဲ့ အသက်အိုးအိမ်တွေကို အကာအကွယ်ပေးနိုင်ဖို့ အာဏာပိုင်တွေအနေနဲ့ ထိထိရောက်ရောက်၊ မြန်မြန်ဆန်ဆန် ဆောင်ရွက်ဖို့လည်း တိုက်တွန်းခဲ့တာပါ။
အထူးသဖြင့် မူဆလင်တွေအပေါ် ပစ်မှတ်ထား တိုက်ခိုက်မှုတွေကို ဆန့်ကျင်ကြဖို့နဲ့ မတူကွဲပြားတဲ့ လူမှုအသိုင်းအ၀ိုင်းကြား ငြိမ်းချမ်းစွာ အတူယှဉ်တွဲ နေထိုင်နိုင်အောင် ကြိုးစားကြဖို့လည်း တောင်းဆိုခဲ့ပါတယ်။ သံတွဲမြို့မှာ ဖြစ်ပွားခဲ့တဲ့ ဆူပူအကြမ်းဖက်မှုတွေနဲ့ ပတ်သက်လို့ အင်္ဂါနေ့မှာတုန်းကလည်း ကုလသမဂ္ဂ အတွင်းရေးမှူးချုပ် ဘန်ကီမွန်း က အလွန်အမင်း စိုးရိမ်တဲ့အကြောင်း ပြောဆိုခဲ့တာပါ။
မြန်မာအစိုးရ အနေနဲ့ ဘေးအန္တာရာယ် ကြုံရနိုင်သူတွေကို အကာအကွယ်ပေးဖို့၊ အကြမ်းဖက်မှုတွေ ပျံ့နှံ့တာတွေကို အဆုံးသတ်အောင်လုပ်ဖို့ ပြဿနာရဲ့ အခြေခံဇစ်မြစ်ကို ရှာဖွေဖြေရှင်းဖို့နဲ့ အပြစ်ရှိသူတွေကို တရားဥပဒေအရ အရေးယူဖို့လည်း တိုက်တွန်းသွားပါတယ်။
မြန်မာနိုင်ငံမှာ မကြာသေးခင်နှစ်တွေအတွင်း ပေါ်ပေါက်လာတဲ့ အပြောင်းအလဲတွေအပေါ် အားရကျေနပ်မှု ရှိပေမဲ့လည်း မတူကွဲပြားတဲ့ လူမှုအသိုင်းအ၀ိုင်းကြားမှာ ပဋိပက္ခတွေ ဖြစ်ပွားနေတာဟာ အသွင်ကူးပြောင်းရေး အတွက် စိမ်ခေါ်မှုဖြစ်မယ် လို့လည်း မြန်မာနိုင်ငံခြားရေး ၀န်ကြီး ဦးဝဏ္ဏမောင်လွင် နဲ့ နယူးယောက်မြို့မှာ အင်္ဂါနေ့က တွေ့ဆုံချိန်မှာ ကုလသမဂ္ဂ အတွင်းရေးမှူးချုပ်က သတိပေးသွားခဲ့ပါတယ်။
အမေရိကန် ပြည်ထောင်စု အနေနဲ့ သွေးထွက်သံယို အကြမ်းဖက်မှုတွေကို ဆန့်ကျင်ရှုတ်ချကြောင်းလည်း ဖော်ပြထားပါတယ်။ တိုက်ခိုက်မှုတွေ ဖြစ်ပွားနေ
တဲ့ အခြေအနေတွေကို အမေရိကန် သံရုံးက ဆက်လက် စောင့်ကြည့်
သွားမှာ ဖြစ်သလို၊ ဒေသခံတွေရဲ့ အသက်အိုးအိမ်တွေကို အကာအကွယ်ပေးနိုင်ဖို့ အာဏာပိုင်တွေအနေနဲ့ ထိထိရောက်ရောက်၊ မြန်မြန်ဆန်ဆန် ဆောင်ရွက်ဖို့လည်း တိုက်တွန်းခဲ့တာပါ။
အထူးသဖြင့် မူဆလင်တွေအပေါ် ပစ်မှတ်ထား တိုက်ခိုက်မှုတွေကို ဆန့်ကျင်ကြဖို့နဲ့ မတူကွဲပြားတဲ့ လူမှုအသိုင်းအ၀ိုင်းကြား ငြိမ်းချမ်းစွာ အတူယှဉ်တွဲ နေထိုင်နိုင်အောင် ကြိုးစားကြဖို့လည်း တောင်းဆိုခဲ့ပါတယ်။ သံတွဲမြို့မှာ ဖြစ်ပွားခဲ့တဲ့ ဆူပူအကြမ်းဖက်မှုတွေနဲ့ ပတ်သက်လို့ အင်္ဂါနေ့မှာတုန်းကလည်း ကုလသမဂ္ဂ အတွင်းရေးမှူးချုပ် ဘန်ကီမွန်း က အလွန်အမင်း စိုးရိမ်တဲ့အကြောင်း ပြောဆိုခဲ့တာပါ။
မြန်မာအစိုးရ အနေနဲ့ ဘေးအန္တာရာယ် ကြုံရနိုင်သူတွေကို အကာအကွယ်ပေးဖို့၊ အကြမ်းဖက်မှုတွေ ပျံ့နှံ့တာတွေကို အဆုံးသတ်အောင်လုပ်ဖို့ ပြဿနာရဲ့ အခြေခံဇစ်မြစ်ကို ရှာဖွေဖြေရှင်းဖို့နဲ့ အပြစ်ရှိသူတွေကို တရားဥပဒေအရ အရေးယူဖို့လည်း တိုက်တွန်းသွားပါတယ်။
မြန်မာနိုင်ငံမှာ မကြာသေးခင်နှစ်တွေအတွင်း ပေါ်ပေါက်လာတဲ့ အပြောင်းအလဲတွေအပေါ် အားရကျေနပ်မှု ရှိပေမဲ့လည်း မတူကွဲပြားတဲ့ လူမှုအသိုင်းအ၀ိုင်းကြားမှာ ပဋိပက္ခတွေ ဖြစ်ပွားနေတာဟာ အသွင်ကူးပြောင်းရေး အတွက် စိမ်ခေါ်မှုဖြစ်မယ် လို့လည်း မြန်မာနိုင်ငံခြားရေး ၀န်ကြီး ဦးဝဏ္ဏမောင်လွင် နဲ့ နယူးယောက်မြို့မှာ အင်္ဂါနေ့က တွေ့ဆုံချိန်မှာ ကုလသမဂ္ဂ အတွင်းရေးမှူးချုပ်က သတိပေးသွားခဲ့ပါတယ်။",2.0,2.0,3.0,1.0,4.0,"The text provides factual reporting on political and social conflicts in Myanmar, which is educational but lacks depth. It contains significant repetition of paragraphs, which lowers the cleanliness score. The language is natural and reflects local political context and terminology, though the repetitive structure suggests a technical error in data extraction."
<urn:uuid:371a98cf-c7ad-4944-94d7-326553901a62>,"ကချင်တွေက ဂျပန် နိုင်လို့ အောင်ပွဲခံ မနောပွဲ (Padang Manau Poi)ကို မတ်လ ၂၄-၂၆၊ ၁၉၄၅ မှာ ဗန်မော် အထက် စိန်လုံမှာ လုပ်တယ်။ ဂျပန် နိုင်တယ် ဆိုတာ ကချင်ပြည်က မောင်းထုတ် တာကိုပဲ ပြောတာ မဟုတ်၊ ထိုင်းထိ လိုက်တိုက်ပြီး အောင်ပွဲခံတာကို ပြောတာပါ။
ကချင်တွေ တိုက်တဲ့ ဂျပန်တွေ ထိုင်းအထိ ပြေးသွားပြီးနောက်မှ ဗမာတွေက ဖက်ဆစ်ဂျပန် တော်လှန်ရေး ဆိုပြီး မတ်လ ၂၇၊ ၁၉၄၅ မှာ စတယ်။
နောက်ပိုင်း အဲဒီ ဖဆပလ ကပဲ ကချင်တွေကို လိမ်ကောက်သွားတယ်။
ဂျပန်စစ် တောက်လျှောက် ၁၉၄၃-၁၉၄၅ သုံးနှစ်တာကာလ လုံး ကချင်က ဂျပန်ကို တိုက်နေတဲ့အချိန် ဒေါက်တာ ဘမော် အစိုးရ ဆိုပြီး အောက် ဗမာပြည်မှာ ဂျပန်အစိုးရနဲ့ ပေါင်းပြီး တိုင်းရင်းသား ဂျပန် တော်လှန်ရေး သမားများကို နှိပ်ကွပ် နေခဲ့တယ်။
နောက်ပိုင်း ဂျပန် ရှုံးခါနီးမှ ဖက်ဆစ်ဂျပန်တော်လှန်ရေး ဆိုပြီး နာမည် ၀င်ယူတယ်။ မြန်မာ့ သမိုင်းမှာ အဲဒါပဲ သင်တယ်။
ကချင်နဲ့ ဗမာ လက်နက်ကိုင် အဖွဲ့တွေ ထိပ်တိုက် တွေ့နေခဲ့တာ ဂျပန်စစ်က စလာတာပါ။
နောက်ပိုင်း ကချင်လက်နက်ကိုင် တွေက ပြည်ထောင်စု အစိုးရထဲမှာ နေတဲ့ အချိန်တော့ ဗမာပြည်ကွန်မြူနစ် ဆိုတဲ့ ဗမာအုပ်စုနဲ့ ပြန်တိုက်ခဲ့ရတယ်။ ကွန်မြူနစ်ကျတော့ ကချင်တွေက တော်လှန်ရေး သမား ပြန်ဖြစ်သွားပြီ။
Copy from - kachinduwa",2.0,2.0,2.0,3.0,4.0,"The text provides a historical perspective on Kachin-Burmese relations during WWII. It offers a specific, non-mainstream narrative, showing basic reasoning regarding historical causality. It is written in natural, informal Burmese, though it contains some formatting artifacts and lacks the depth of a formal academic source."
<urn:uuid:01fae7c4-7f76-4507-ae5f-e981f76c5b39>,"လက်ရှိကျင်းပနေတဲ့ ပြည်ထောင်စုငြိမ်းချမ်းရေးညီလာခံ ၂၁ ရာစု ပင်လုံဒုတိယအကြိမ် အစည်းအဝေးကို တစ်ရက်ထပ်တိုးကျင်းပမယ်လို့ ပြည်ထောင်စုငြိမ်းချမ်းရေးဆွေးနွေးမှု ပူးတွဲကော်မတီ UPDJC အတွင်းရေးမှူး အဖွဲ့ဝင် ဦးလှမောင်ရွှေက ပြောပါတယ်။
ပင်လုံညီလာခံကို နေပြည်တော်မှာ မေလ ၂၄ ရက်ကနေ ၂၈ ရက်အထိ ၅ ရက်တာကျင်းပမယ်လို့ မူလက စီစဉ်ထားတာလည်းဖြစ်ပေမယ့် ညှိနှိုင်းစရာအချက်တစ်ချက် ရှိနေသေးလို့ တစ်ရက်ထပ်တိုးတာလို့ ဦးလှမောင်ရွှေက ပြောပါတယ်။
အဲဒီညှိနှိုင်းစရာအချက်က ဘယ်အချက်ဖြစ်တယ်၊ ဘယ်ကဏ္ဍဖြစ်တယ်ဆိုတဲ့ အချက်ကိုတော့ ပြောကြားဖို့ ဦးလှမောင်ရွှေက ငြင်းဆန်ပါတယ်။
ကျင်းပဆဲ ပင်လုံညီလာခံမှာ နိုင်ငံရေး၊ စီးပွားရေး၊ လူမှုရေး၊ မြေယာနဲ့ သဘာဝပတ်ဝန်းကျင်၊ လုံခြုံရေးကဏ္ဍ ငါးရပ်ကို အစုအဖွဲ့အလိုက် ဆွေးနွေးနေကြတာဖြစ်ပါတယ်။",2.0,1.0,2.0,5.0,5.0,"The text is a factual news report about the 21st Century Panglong Conference. It is written in natural, authentic Burmese with correct terminology and honorifics. It provides basic information about current events, though it lacks deep reasoning or complex educational content, and is clean of boilerplate or ads."
<urn:uuid:0363eb56-8012-4070-be24-9b0786e3f312>,"ရီးရဲလ်မက်ဒရစ်အသင်းရဲ့ အသင်းခေါင်းဆောင် ဝါရင့်နောက်ခံကစားသမားကြီး ဆာဂျီယိုရာမို့စ်ကတော့ လက်ရှိအချိန် ဘောလုံးလောကမှာ အထွန်းတောက်ကစားသမားတွေဖြစ်တဲ့ ဒေါ့မွန်တိုက်စစ်မှူး အာလင်းဟာလန်းနဲ့ ပီအက်စ်ဂျီတိုက်စစ်မှူး ကီလီယန်အမ်ဘာပေတို့နှစ်ယောက်ထဲကမှ သူရဲ့ရီးရဲလ်အသင်းအတွက်ဆိုရင် ဟာလန်းလို ကစားသမားကို ပိုလိုအပ်သလို လက်ရှိအခြေအနေအရဆိုရင်လည်း ဘာပေထက် ဟာလန်းကို ခေါ်ယူဖို့က ပိုလွယ်ကူနိုင်တယ်လို့ သုံးသပ်ပြောဆိုသွားခဲ့ပါတယ်။
Photo Credit : Goal
ဟာလန်းနဲ့ဘာပေတို့နှစ်ယောက်လုံးဟာ သူတို့ရဲ့ သက်ဆိုင်ရာကလပ်အသင်းတွေမှာ အထူးခြေစွမ်းပြသနေတဲ့ အထူးချွန်ဆုံး လူငယ်တိုက်စစ်ကစားသမားတွေဖြစ်သလို ဥရောပရဲ့အင်အားကြီးကလပ်အသင်းဖြစ်တဲ့ ရီးရဲလ်မက်ဒရစ်အသင်းရဲ့ ပစ်မှတ်ထားခြင်းခံနေရတဲ့ ကစားသမားတွေလည်းဖြစ်ပါတယ်။ လက်ရှိ ရီးရဲလ်အသင်းရဲ့ တိုက်စစ်ကစားသမား ကာရန်ဘန်ဇီမာက အသက်အရွှယ်အရ အကျဘက်ကို တဖြည်းဖြည်း ရောက်ရှိနေပြီဖြစ်တာကြောင့် ဒီကစားသမားကြီးရဲ့နေရာမှာ ပြန်လည်အစားထိုးဖို့အတွက် ဟာလန်းနဲ့ ဘာပေတို့ကို ပစ်မှတ်ထားနေရတာဖြစ်သလို လာမယ့်နွေစျေးကွက်မှာပဲ ကမ်းလှမ်းမှုတွေ စတင်လုပ်ဆောင်ဖွယ် ရှိနေပါတယ်။
Photo Credit : AS English
ဒီတိုက်စစ်မှူးနှစ်ယောက်နဲ့ပတ်သက်ပြီး ရီးရဲလ်အသင်းခေါင်းဆောင် ရာမို့စ်က “ကျွန်တော်သာ နည်းပြတစ်ယောက် ဖြစ်နေမယ်ဆိုရင် ဟာလန်းနဲ့ ဘာပေ ဘယ်သူဦးစားပေးခေါ်မလဲဆိုတော့ ကျွန်တော် ဒီနှစ်ယောက်လုံးရဲ့ ကစားပုံကို သဘောကျတာ။ ဒါပေမယ့် ကစားသမားခေါ်ယူတယ်ဆိုတာက နည်းပြတစ်ယောက်တည်းနဲ့ မပြီးဘူးလေ။ ဒါပေမယ့် လက်ရှိအခြေအနေတွေ အနေအထားတွေအရဆိုရင်တော့ ဟာလန်းကို ခေါ်ယူဖို့က ပိုပြီးလွယ်ကူနိုင်လိမ့်မယ်လို့ ကျွန်တော်ထင်မိပါတယ်။ ဘာပေကိုကြတော့ ရော်နယ်ဒို မက်ဆီတို့နေရာမှာ အစားဝင်လာနိုင်မယ့်သူလို့ မြင်နေကြတော့ သူ့ကို ခေါ်ယူဖို့ဆိုရင် အခြေအနေတွေက ပိုခက်ခဲရှုပ်ထွေးနိုင်ပါတယ်။ ရီးရဲလ်အတွက် ဟာလန်းလို အထောင်တိုက်စစ်မှူးတစ်ယောက်ကို ခေါ်ယူဖြစ်ခဲ့မယ်ဆိုရင် ဒီအပြောင်းအရွှေ့က ဘယ်တော့မှ ဆိုးရွှားတဲ့ကိစ္စ ဖြစ်လာမှာမဟုတ်ပါဘူး။ ဟာလန်းမှာက လျင်မြန်မှု ဂိုးဆာလောင်မှု မြင့်မားတဲ့အရပ်အမောင်းတွေ ရှိတယ်။ ဘာပေမှာလည်း ရှိပါတယ်။ ဒါပေမယ့် လတ်တလော အနေအထားတွေအရတော့ ဟာလန်းကို ခေါ်ယူဖို့ကပဲ ပိုဖြစ်နိုင်ခြေများပါတယ်” လို့ သုံးသပ်ပြောဆိုလိုက်ပါတယ်။
The post ဘာပေထက် ဟာလန်းကို ခေါ်ယူခြင်းက ပိုမိုလွယ်ကူနိုင်တယ်လို့ သုံးသပ်ပြောဆိုလိုက်တဲ့ ရာမို့စ် appeared first on MySport Myanmar.",1.0,2.0,2.0,4.0,3.0,"The text is a sports news article discussing football transfer analysis. It provides basic reasoning regarding player suitability and market feasibility. It is written in natural, fluent Burmese, typical of local sports journalism, though it contains some boilerplate text from the website."
<urn:uuid:3ce0860e-99fe-4281-aec7-65c5fc4a1882>,"ပြည်သူ့လွှတ်တော် ဒုတိယဥက္ကဋ္ဌ ဦးထွန်းထွန်းဟိန် မြန်မာနိုင်ငံဆိုင်ရာ တရုတ်ပြည်သူ့ သမ္မတနိုင်ငံ သံအမတ်ကြီး H.E.Mr. Hong Liang အား လက်ခံတွေ့ဆုံ
ပြည်သူ့လွှတ်တော် ဒုတိယ ဥက္ကဋ္ဌ ဦးထွန်းထွန်းဟိန်သည် မြန်မာနိုင်ငံဆိုင်ရာ တရုတ်ပြည်သူ့ သမ္မတနိုင်ငံ သံအမတ်ကြီး H.E.Mr. Hong Liang အား ယနေ့ မွန်းလွဲ ၂ နာရီခွဲတွင် နေပြည်တော်ရှိ လွှတ်တော် အဆောက်အအုံ၊ ပြည်သူ့လွှတ်တော် ဒုတိယဥက္ကဋ္ဌ ရုံးခန်း၌ လက်ခံတွေ့ဆုံသည်။
ထိုသို့တွေ့ဆုံစဉ် တရုတ်-မြန်မာ နှစ်နိုင်ငံ အစိုးရအချင်းချင်း၊ ပြည်သူအချင်းချင်း၊ လွှတ်တော်များ အချင်းချင်း ချစ်ကြည်ရင်းနှီးမှု တိုးမြှင့်ရေးနှင့် စီးပွားရေးပူးပေါင်း ဆောင်ရွက်မှုဆိုင်ရာ ကိစ္စရပ်များနှင့် စပ်လျဉ်း၍ ရင်းနှီးပွင့်လင်းစွာ အမြင်ချင်းဖလှယ် ဆွေးနွေးကြသည်။
အဆိုပါတွေ့ဆုံပွဲသို့ ပြည်သူ့လွှတ်တော် ဒုတိယဥက္ကဋ္ဌနှင့်အတူ ပြည်သူ့လွှတ်တော်၊ နိုင်ငံတကာ ဆက်ဆံရေး ကော်မတီ ဥက္ကဋ္ဌ ဦးဇော်သိန်း၊ အတွင်းရေးမှူး ဦးဘိုဘိုဦးနှင့် ပြည်သူ့လွှတ်တော်ရုံးမှ တာဝန်ရှိသူများ တက်ရောက်ခဲ့ကြသည်။
၂၀၁၈ ခုနှစ်၊ သြဂုတ်လ ၂၈ ရက်",1.0,1.0,2.0,5.0,4.0,"The text is a standard, clean, and professional news report regarding a diplomatic meeting. It provides factual information about government activities, using appropriate Burmese political terminology and honorifics. While it lacks deep reasoning or complex educational content, it is a well-structured, authentic example of formal Burmese journalistic writing."
<urn:uuid:8501fffa-d101-417a-a5bc-80c97898da91>,"တခါတုန်းက မျက်မမြင် ကောင်မလေးတစ်ယောက်ရှိတယ် ။ သူ့စိတ်ထဲမှာ အရာအားလုံးကို အထင်သေးမှုတွေ မလိုမုန်း တီးမှုတွေ စက်ဆုပ်မှုတွေနဲ့ ပြည့်နေလေ့ရှိတယ် ။ သူမမှာ သူငယ်ချင်း များများစားစားမရှိဘူး ။ သူ့ကို တခြား သူတွေမချစ်နိုင်တဲ့အချစ်မျိုးနဲ့ နက်ရှိုင်းစွာချစ်တဲ့ ကောင်လေးတစ်ယောက် ပဲ ရှိတယ် ။ မျက်မ မြင်ကောင် မလေးက ကောင်လေးကို အမြဲပြောလေ့ရှိတဲ့စကားတစ်ခွန်းရှိတယ် ။
“ ငါ့မျက်လုံးတွေ ပြန်မြင်ရတဲ့တစ်နေ့ နင့်ကိုလက်ထပ်မယ် ” တဲ့ ။ ဒီလိုနဲ့ တစ်ရက်မှာ သူ့အတွက် မျက်လုံး တစ်စုံလှူမယ့် လူတစ်ယောက်ပေါ်လာခဲ့တယ် ။ နောက်ဆုံးမှာ သူမမျက်လုံးတွေပြန်မြင်ပြီး သူ့ကောင်လေး ကို လည်း မြင်ခွင့်ရခဲ့တယ် ။ အဲဒီအချိန်မှာ သူမ အလွန်အံ့အားသင့်သွားခဲ့တယ် ။ ဘာကြောင့်လည်းဆိုတော့ သူမ ကောင်လေးကလည်း သူမလိုပဲ မျက်မမြင်တစ်ယောက်ဖြစ်နေလို့ပါပဲ ။
ကောင်လေးကမေးတယ် ။ “ နင်အခု ငါ့ကိုမြင်ရပြီမဟုတ်လား ငါတို့လက်ထပ်ကြမလားဟင် ”
ဒီတော့ကောင်မလေးကပြန်ပြောတယ် ။ “ အို.. ဘယ်လိုဖြစ်နိုင်မှာပလဲ ငါတို့ဘယ်တော့မှ ပျော်ရမှာမဟုတ်ဘူး အခု ငါ့မျက် လုံးတွေပြန်မြင်နေရပြီလေ ဒါပေမယ့် နင်ကတော့ အခုထိ ကန်းနေတုန်းပဲ ဒါကြောင့် စိတ် မကောင်း ပါဘူး ငါတို့ မဖြစ်နိုင်ဘူး ” တဲ့ ။
ကောင်လေးရဲ့ မျက်ဝန်းထဲမှာ မျက်ရည်တစ်ပေါက် စီးကျလာတယ် ။ ပြီးတော့ ကောင်လေး က ကောင် မလေးကိုပြုံးပြပြီး “ ငါနားလည်ပါတယ် ငါက နင့်ကိုပျော် ရွှင်စေချင်ခဲ့ယုံသက်သက်ပါ ကျေးဇူးပြုပြီး နင့်ကိုယ် နင် ဂရု စိုက်ပါ ပြီးတော့ငါ့မျက်လုံးတွေကိုလည်းဂရုစိုက်ပေးပါ ”
ပြီးတော့ကောင်လေး က ကောင်မလေးရှေ့ကနေ လှည့်ထွက်သွားခဲ့တယ် ။
###############################################
တကယ်တော့အချစ်ဆိုတာ အမြင်သဏ္ဍာန်ပေါ်မူတည်ပြီးပြောင်းလဲတတ်တာမျိုးမဟုတ်ပါဘူး ။ မြင်နေ ရ သည် ဖြစ်စေ မမြင်ရသည်ဖြစ်စေ ရင်ခုန်သံချင်းနားလည်နေဖို့သာလိုတာပါ ။ ကောင်မလေးဟာ ရဲ့အချစ်ဟာ အမြင် သဏ္ဍာန်ပေါ်မူတည်ပြီးပြောင်းလဲသွားခဲ့တယ် ။ လောကကြီးမှာ အချစ်ဆိုတာဟာလည်း အဲဒီလို အသွင် သဏ္ဍာန် နဲ့ အခြေအနေ ၊ အချိန်အခါပေါ်မူတည်ပြီးပြောင်းလဲတတ်ပါသလား လို့ ကောင်လေး စိတ်ထဲ တွေးနေ မိမှာပါပဲ ။
သက်တန့်ချို (Feb-3-2012)
စာဖတ်ပရိတ်သတ်သူငယ်ချင်းများကို အစဉ်လေးစားသောအားဖြင့်.......................
“ ငါ့မျက်လုံးတွေ ပြန်မြင်ရတဲ့တစ်နေ့ နင့်ကိုလက်ထပ်မယ် ” တဲ့ ။ ဒီလိုနဲ့ တစ်ရက်မှာ သူ့အတွက် မျက်လုံး တစ်စုံလှူမယ့် လူတစ်ယောက်ပေါ်လာခဲ့တယ် ။ နောက်ဆုံးမှာ သူမမျက်လုံးတွေပြန်မြင်ပြီး သူ့ကောင်လေး ကို လည်း မြင်ခွင့်ရခဲ့တယ် ။ အဲဒီအချိန်မှာ သူမ အလွန်အံ့အားသင့်သွားခဲ့တယ် ။ ဘာကြောင့်လည်းဆိုတော့ သူမ ကောင်လေးကလည်း သူမလိုပဲ မျက်မမြင်တစ်ယောက်ဖြစ်နေလို့ပါပဲ ။
ကောင်လေးကမေးတယ် ။ “ နင်အခု ငါ့ကိုမြင်ရပြီမဟုတ်လား ငါတို့လက်ထပ်ကြမလားဟင် ”
ဒီတော့ကောင်မလေးကပြန်ပြောတယ် ။ “ အို.. ဘယ်လိုဖြစ်နိုင်မှာပလဲ ငါတို့ဘယ်တော့မှ ပျော်ရမှာမဟုတ်ဘူး အခု ငါ့မျက် လုံးတွေပြန်မြင်နေရပြီလေ ဒါပေမယ့် နင်ကတော့ အခုထိ ကန်းနေတုန်းပဲ ဒါကြောင့် စိတ် မကောင်း ပါဘူး ငါတို့ မဖြစ်နိုင်ဘူး ” တဲ့ ။
ကောင်လေးရဲ့ မျက်ဝန်းထဲမှာ မျက်ရည်တစ်ပေါက် စီးကျလာတယ် ။ ပြီးတော့ ကောင်လေး က ကောင် မလေးကိုပြုံးပြပြီး “ ငါနားလည်ပါတယ် ငါက နင့်ကိုပျော် ရွှင်စေချင်ခဲ့ယုံသက်သက်ပါ ကျေးဇူးပြုပြီး နင့်ကိုယ် နင် ဂရု စိုက်ပါ ပြီးတော့ငါ့မျက်လုံးတွေကိုလည်းဂရုစိုက်ပေးပါ ”
ပြီးတော့ကောင်လေး က ကောင်မလေးရှေ့ကနေ လှည့်ထွက်သွားခဲ့တယ် ။
###############################################
တကယ်တော့အချစ်ဆိုတာ အမြင်သဏ္ဍာန်ပေါ်မူတည်ပြီးပြောင်းလဲတတ်တာမျိုးမဟုတ်ပါဘူး ။ မြင်နေ ရ သည် ဖြစ်စေ မမြင်ရသည်ဖြစ်စေ ရင်ခုန်သံချင်းနားလည်နေဖို့သာလိုတာပါ ။ ကောင်မလေးဟာ ရဲ့အချစ်ဟာ အမြင် သဏ္ဍာန်ပေါ်မူတည်ပြီးပြောင်းလဲသွားခဲ့တယ် ။ လောကကြီးမှာ အချစ်ဆိုတာဟာလည်း အဲဒီလို အသွင် သဏ္ဍာန် နဲ့ အခြေအနေ ၊ အချိန်အခါပေါ်မူတည်ပြီးပြောင်းလဲတတ်ပါသလား လို့ ကောင်လေး စိတ်ထဲ တွေးနေ မိမှာပါပဲ ။
သက်တန့်ချို (Feb-3-2012)
စာဖတ်ပရိတ်သတ်သူငယ်ချင်းများကို အစဉ်လေးစားသောအားဖြင့်.......................",2.0,2.0,1.0,1.0,3.0,"The text is a moralistic short story suitable for general reading. It contains basic reasoning regarding human relationships. It is written in natural Burmese, though it suffers from significant repetition of the entire text, which lowers the cleanliness score. It requires no specialized expertise to comprehend."
<urn:uuid:2403dd1a-b524-4a08-891e-6c16e614efb6>,"ရွှေအောင်
DVB - 20 June 2014
ဒီကိစ္စနဲ့ပတ်သက်ပြီး သမ္မတပြောခွင့်ရ ဦးရဲထွဋ်က အရေးယူထားတာ မှန်ကန်ကြောင်း ပြောပါတယ်။
“သူ့ကို လောလောဆယ် ငွေကြေးဆိုင်ရာ အမှုတခုနဲ့ ဖွင့်ထားတယ်လို့ သိပါတယ်။ အဲဒါတွေက ဦးဆန်းဆင့်ကို တာဝန်မှ ရပ်စဲရတဲ့အကြောင်းအရင်း အများကြီးထဲက တခုပေါ့။ ကျန်တာ အသေးစိတ်ကတော့ ပြည်ထဲရေး ၀န်ကြီးဌာနက စုံစမ်းစစ်ဆေး မှုတွေ လုပ်နေတုန်းပါပဲ။ ပုဒ်မတော့ ကျနော်မသိဘူး၊ မနေ့က စပြီးတော့ အမှုတခုနဲ့ ပတ်သက်လို့ လုပ်ထုံးလုပ်နည်းအရ တရားရုံးမှာ လုပ်တယ်လို့ သိပါတယ်။ ဒါပေမယ့် ဆက်ပြီး စုံစမ်း စစ်ဆေးနေတာတွေလည်း ရှိပါတယ်။”
ရန်ကုန်က တရားရုံးချုပ်ရှေနေ ဦးကိုနီက ဦးဆန်းဆင့်ကို လတ်တလော စွဲဆိုထားတဲ့ ပုဒ်မဟာ ပြစ်ဒဏ်ပြင်းတယ်လို့ ရှင်းပြပါတယ်။
“ဥပဒေအတိုင်း ပြောရရင် ၄၀၉ ဆိုတာ ယုံကြည်အပ်နှံရေးကို ဖောက်ဖျက်တာပေါ့။ ပြည်သူ့ဝန်ထမ်းက ကျူးလွန်ရင် ၄၀၉ ပေါ့ဗျာ။ ရိုးရိုးအရပ်သားတွေ ကျူးလွန်ရင် ၄၀၆ ပေါ့၊ အိမ်စေ အိမ်ဖော် အစေခံနဲ့ ပုဂ္ဂလိ ရုံးဝန်ထမ်းဆိုရင် ၄၀၈ ပေါ့။ ဒါတွေ အားလုံးက ယုံကြည် အပ်နှံရေးကို ဖောက်ဖျက်တဲ့အတွက်ပေါ့။ ဒါက အစိုးရ ငွေကြေးကို အလွဲသုံးစားလုပ်တယ်ဆိုတဲ့ အချက်နဲ့ စွဲတာပေါ့။ ပုဒ်မ ၄၀၉ ပြစ်ဒဏ်က ထောင်ဒဏ် ၁၀ နှစ်အထိ ချမှတ်လို့ရတယ်။”
၀ါရင့်သတင်းစာဆရာကြီး ဦးဖိုးသောကြာကတော့ ဗန်းစကားနဲ့ ပြောရင် ထိုးကျွေးလိုက်တာလို့ သုံးသပ် ပြောပါတယ်။
“သူတို့ တိုင်ချက်အတိုင်းပြောတာနော်။ အစိုးရ မော်တော်ယာဉ်များနဲ့ အစိုးရ ဆီများကို အလွဲသုံးစား ပြုတယ်ဆိုရင် တယောက်မှ မလွတ်ဘူး။ သူတို့စွဲချက်ထဲက အတိုင်းဆိုရင် ရုံးက ပေးထားတဲ့ ကားကို မိန်းမကို ဈေးသွားတဲ့အခါ အဲဒီကားနဲ့သွားရင် အဲဒါ အလွဲသုံးစားမှုပေါ့။ ဒါကြီးက သိသာလွန်းအားကြီးတယ်။ တိုင်ပင်ကိုက်ပြီးတော့ လုပ်တယ်လို့ ထင်မှတ်ဖွယ်ရာ ရှိတာပေါ့။ ဗန်းစကားနဲ့ ပြောရင် ထိုးကျွေးလိုက်တာပေါ့။”
သီပေါမြို့နယ်ပြည်သူ့လွှတ်တော်ကိုယ်စားလှယ် ဦးရဲထွန်းကတော့ အစိုးရက ပြုပြင်ပြောင်းလဲရေးသမားတွေကို နှစ်နှစ်ကာကာ မရှိဘူးလို့ ကောက်ချက်ဆွဲ ပြောပါတယ်။
“ဦးလွန်းမောင်ကို ဖြုတ်လိုက်တဲ့ ကိစ္စတို့၊ အခု ဦးဆန်းဆင့် ကလည်း ဧရာဝတီတိုင်းမှာ ဧရာဝတီတိုင်းဝန်ကြီးချုပ်ကို ဧရာဝတီတိုင်းလွှတ်တော် အနေနဲ့ Check and balance လုပ်မယ် ဆိုတဲ့ ကိစ္စတွေနဲ့ ပတ်သက်ပြီးတော့ ဒီလူတွေက တကယ့်ပြုပြင်ပြောင်းလဲရေးကို လုပ်ချင်တဲ့ လူတွေလို့ ပြည်သူလူထုအမြင်မှာတော့ ခံစားရတာပေါ့။ အဲဒီတော့ သမ္မတက ဒီလူတွေကို ဆော်တဲ့အခါကျတော့ နောက် ဖြုတ်လိုက်တဲ့ အမှုကိစ္စတွေကလည်း တခြားကိစ္စနဲ့ ယှဉ်လိုက်လို့ ရှိရင် သိပ်ကြီးတာ မဟုတ်ဘူးလို့ ယူဆကြတဲ့ နိုင်ငံရေးအသိုင်းအ၀ိုင်းမှာ၊ မီဒီယာ အသိုင်းအ၀ိုင်းမှာတော့ ဦးသိန်းစိန်ရဲ့ အစိုးရအဖွဲ့ဟာ ပြုပြင်ပြောင်းလဲရေး လိုလားတဲ့သူတွေကို သိပ်နှစ်နှစ်ကာကာ မရှိဘူးဆိုတဲ့ ကောက်ချက်မျိုးပေါ်လာတာပေါ့လေ။”
ညီနောင်တိုင်းရင်းသားပါတီများ ဖက်ဒရေးရှင်းရဲ့ ပြောရေးဆိုခွင့်ရှိသူ ဦးစောသန်းမြင့်က တော့ အစိုးရရဲ့ အခု လုပ်ရပ်ကို ကြိုဆိုလိုက်ပါတယ်။
“အလားတူပဲ အခြား ဌာနဆိုင်ရာ ၀န်ကြီး၊ ဒုဝန်ကြီးများကိုလည်း သေသေချာချာ စစ်ဆေးဖို့ သင့်နေပြီ။ တကယ်တမ်း ပြည်သူတွေဆီက ကောက်ခံရရှိထားတဲ့ အခွန်ငွေနဲ့လုပ်တဲ့ ဘတ်ဂျက်ကို အမှန်တကယ် သုံးသင့် မသုံးသင့် ကို လွှတ်တော်မှာပဲ ပြောမယ့်အစား တကယ်တမ်း စစ်ဆေးတဲ့အဖွဲ့တွေက အမှန်တကယ် စိစစ်ပြီးတော့ အမှန်တကယ် လုပ်ဆောင်နေတဲ့ ပုဂ္ဂိုလ်တွေကိုတော့ ချီးကျူးဂုဏ်ပြုထိုက်တယ်။ ဒီလိုပဲ အလွဲသုံးစား လုပ်တဲ့ ပုဂ္ဂိုလ်တွေကတော့ သူ့ရဲ့ ပြစ်ဒဏ်အလိုက် တရားဥပဒေအတိုင်း လုပ်သင့်တယ်လို့ ထင်တယ်။ ကျနော်တို့ကတော့ လှိုက်လှိုက်လှဲလှဲ ကြိုဆိုပါတယ်။ ဒီဖြစ်စဉ်မျိုးဖြစ်တဲ့ မည်သူ့ကို မဆို ဘယ်လောက်ပဲ ရာထူး ကြီးသည်ဖြစ်စေ၊ ငယ်သည်ဖြစ်စေ ဥပဒေအတိုင်း လုပ်သင့်တယ်လို့ ကျနော်တို့ ယူဆတယ်။ ဒီအပေါ်မှာလည်း လက်ရှိအစိုးရကို ကြိုဆိုပါတယ်။”
ဦးဆန်းဆင့်ကို တာဝန်က ရပ်စဲပြီး အခုလို အရေးယူလိုက်တာဟာ ဦးသိန်းစိန်အစိုးရပြောနေတဲ့ သန့်ရှင်းတဲ့အစိုးရဖြစ်ဖို့ ခြေလှမ်းလားလို့ ၁၉၉၀ ပုလဲမြို့နယ် အမတ်ဟောင်း ဒေါက်တာ တင့်ဆွေကို မေးမြန်းရာမှာ ပြောရမှာ အတော်ခက်တယ်လို့ ဆိုပါတယ်။
“အခုအစိုးနဲ့ စစ်အစိုးရလက်ထက်မှာ အဲဒီလို တာဝန်ရှိတဲ့သူတွေကို အရေးယူမှုလုပ်တဲ့ အပေါ်မှာ မှတ်ချက်ပေးရတာ တော်တော်လေးခက်တယ်။ ဘာကြောင့်လဲဆိုတော့ ပုံမှန်ကြည့်ရင်တော့ ဒါ အပြစ်ရှိတဲ့သူကို အရေးယူတာကတော့ ကောင်းတယ်၊ သင့်တယ်၊ ဒါကို ကြိုဆိုရတပေါ့။ သို့သော်လည်း တခါတလေမှာ အပြစ်ရှိတယ်လို့ ပြောတဲ့သူက တကယ်မရှိဘူးဆိုတာ ဥပမာ နိုင်ငံရေးအကျဉ်းသားတွေလိုမျိုးပေါ့။ နောက်တခါ အစိုးရပိုင်းက ကြည့်ရင် အရေးယူခံရတဲ့သူက အရေးယူခံရလောက်အောင် ဆိုးတာရှိသလို၊ အဲထက် ဆိုးတဲ့သူတွေကို အရေးမယူတာတွေလည်း ရှိတော့ ကောင်းမွန်တဲ့အစိုးရ၊ သန့်ရှင်းတဲ့အစိုးရဖြစ်အောင် လုပ်ဖို့ ပြောတာနဲ့တော့ တိုက်ရိုက်ဆိုင်မလား၊ မဆိုင်ဘူးလား ပြောရမှာ တော်တော်ခက်တယ်လို့ ပြောရမယ်။”
ဦးသိန်းစိန်အစိုးရလက်ထက်မှာ ပြည်ထောင်စုဝန်ကြီးတဦးကို တာဝန်က ရပ်စဲပြီး အမှုဖွင့် စစ်ဆေး အရေးယူတာ ဒါ ပထမဆုံး ဖြစ်ပါတယ်။",3.0,3.0,3.0,5.0,5.0,"The text is a journalistic report on a political event in Myanmar. It provides educational value regarding legal and political processes, demonstrates moderate reasoning through multiple expert perspectives, requires a basic understanding of political context, is clean and well-formatted, and uses authentic, natural Burmese language and cultural references."
<urn:uuid:8b6935b2-6bc2-442c-ab3f-c34d572c6d04>,"မြန်မာသံတော်ဆင့် အပတ်စဉ်ထုတ်ဂျာနယ်ရဲ့ ငွေကြေး လည်ပတ်မှုကို အထူးသတင်းတပ်ဖွဲ့က ဒီနေ့ ခေါ်ယူ စစ်ဆေးခဲ့ပါတယ်။
မြန်မာသံတော်ဆင့် အယ်ဒီတာချုပ်က မရမ်းကုန်းမြို့ နယ် အောင်သပြေ ရဲရိပ်သာ အထူးသတင်းတပ်ဖွဲ့ဆီမှာ သွားရောက်စစ်ဆေးခံခဲ့ကြောင်း အယ်ဒီတာချုပ်နဲ့အတူ လိုက်ပါသွားတဲ့ တာဝန်ခံအယ်ဒီတာ ကိုအောင်ကိုကို က ပြောပါတယ်။
""အရင်တုန်းက ဂျာနယ်တွေအကုန်လုံး ခေါ်မေးတဲ့ပုံစံမျိုးပါပဲ၊ ဟိုတုန်းကတော့ ဒုတိယ အယ်ဒီတာချုပ်ရယ် ကျနော်ရယ်ပဲ သွားဖြေတယ်၊ အခုကတော့ သီးသန့်အယ်ဒီတာချုပ်ကို တွေ့ချင်လို့ ဒါနဲ့ဖိတ်လို့ ကျနော်တို့ သွားတာ အယ်ဒီတာချုပ်တစ်ယောက်တည်းကိုပဲ သီးသန့်ခေါ်ပြီးတော့မေးမြန်းတာ ဒါဘယ်နှစ်ရက်မှာ စထုတ်တယ်၊ စောင်ရေဘယ်လောက်ကစတယ်၊ ဘယ်သူ့အထောက်အပံ့နဲ့လဲ ဒါတွေပါပဲ၊ ကျနော်တို့ဆီ ကလည်း ရှင်းပါတယ်၊ ကျနော်တို့ ဘယ်သူ့အထောက်အပံ့မှ ယူပြီးလုပ်တဲ့ ဂျာနယ်မဟုတ်တော့လေ""
ပြီးခဲ့တဲ့ ဇွန်လ ၂၂ရက်နေ့က ပထမအကြိမ်အဖြစ် ကျောက်တံတားမြို့နယ် အထူးသတင်းတပ်ဖွဲ့က ခေါ်ယူ စစ်ဆေးခဲ့ပါတယ်။ အဲဒီတုန်းက မြန်မာသံတော်ဆင့်အပြင် The Voice Weekly၊ ပေါ်ပြူလာ၊ မြန်မာပိုစ့် စတဲ့ ဂျာနယ်တွေကိုပါ အထူးသတင်းတပ်ဖွဲ့က ခေါ်ယူစစ်ဆေးခဲ့တာဖြစ်ပါတယ်။",1.0,1.0,2.0,5.0,5.0,"The text is a straightforward news report about a journal being questioned by authorities. It is clean, well-formatted, and uses natural, authentic Burmese journalistic language, including specific local references and honorifics. It lacks complex reasoning or high-level educational content, serving primarily as a factual report."
<urn:uuid:be68cc4e-a8b3-4023-ae12-b250b85a4a8f>,"အာဖဂန်နစ္စတန်နိုင်ငံ တောင်ပိုင်း အူရူဇန်ခရိုင်က ရဲစခန်းတခုမှာ မနေ့က ပေါက်ကွဲမှုတခု ဖြစ်ပွားခဲ့ပါတယ်။ ဒီပေါက်ကွဲမှုအတွက် ၈ နှစ်အရွယ် မိန်းကလေးတဦးကို သူပုန်တွေက ဖောက်ခွဲရေး ပစ္စည်းတွေပါတဲ့ အိတ်တလုံးပေးပြီး ရဲစခန်းကို သွားပို့ခိုင်းခဲ့တာလို့ အာဖဂန်နစ္စတန် ပြည်ထဲရေး ၀န်ကြီးဌာနက ဒီကနေ့ ပြောပါတယ်။ ပေါက်ကွဲမှုကြောင့် ဖောက်ခွဲရေး ပစ္စည်းအိတ်ကို သယ်လာတဲ့ မိန်းကလေး သေဆုံးခဲ့ပါတယ်။
အာဖဂန်နစ္စတန်နိုင်ငံ အရှေ့ပိုင်းက ဆေးရုံတခုမှာ ကြီးမားတဲ့ ဗုံးဖောက်ခွဲမှုတခု မနေ့က ဖြစ်ပွားခဲ့ပြီး သေဆုံးသူဟာ ၃၈ ဦးအထိ ရှိလာနေပြီလို့ အာဖဂန် အရာရှိတွေက ပြောပါတယ်။
လူ ၅၀ ထက်မနည်း ဒဏ်ရာရခဲ့တယ်လို့ ဒီကနေ့ပဲ အတည်ပြုချက် ပေးပါတယ်။ သေဆုံးခဲ့သူ အများစုက အမျိုးသမီးနဲ့ ကလေးငယ်တွေ ဖြစ်တယ်လို့ ဆိုပါတယ်။
မြို့တော် ကာဘူးလ်နဲ့ ၂၅ မိုင်လောက်ဝေးတဲ့ လိုဂါခရိုင်မှာ အဲဒီပေါက်ကွဲမှု ဖြစ်ခဲ့တာပါ။ ဒီနေရာဟာ ပါကစ္စတန် နယ်စပ်နဲ့လည်း နီးပါတယ်။
ပေါက်ကွဲမှုက အင်အားပြင်းထန်လို့ ဆေးရုံ အဆောက်အဦးလည်း ပျက်စီးခဲ့ရပြီး လူတော်တော်များများ အပျက်အစီးတွေ အောက်မှာ ပိတ်မိနေခဲ့တယ်လို့ ဆိုပါတယ်။
တာလီဘန်တွေကတော့ ဒီတိုက်ခိုက်မှုဟာ သူတို့လုပ်တာ မဟုတ်ဘူးလို့ ပြောပါတယ်။ သူတို့ရဲ့ တိုက်ခိုက်ရေးသမားတွေက ဆေးရုံကို ပစ်မှတ်မထားဘူးလို့ ဆိုပါတယ်။
ဒါပေမဲ့လည်း အခုပေါက်ကွဲမှု ဖြစ်ပွားတဲ့ အရှေ့ပိုင်းခရိုင်က တာလီဘန်တွေ လှုပ်ရှားတဲ့ ဒေသပါ။ ဒီဒေသမှာပဲ နိုင်ငံစုံ မဟာမိတ်တပ်ဖွဲ့တွေနဲ့ အာဖဂန်အစိုးရ တပ်တွေကို တာလီဘန်တွေဘက်က အသေခံ ဗုံးခွဲတိုက်ခိုက်မှုတွေ လုပ်ခဲ့ကြတာပါ။",2.0,2.0,2.0,5.0,1.0,"The text is a standard news report about conflict in Afghanistan. It provides factual reporting (educational/reasoning) but lacks deep analysis. It is written in natural, standard Burmese, though it covers international events rather than local Burmese cultural topics, resulting in a lower cultural nuance score."
<urn:uuid:7cc99156-b07f-499c-b344-d223571eadcc>,"“ သူတို့က လူထု ခေါင်းဆောင်တွေပါ။ အများအကျိုးအတွက် လုပ်နေကြတဲ့သူတွေပါ။ အင်မတန်မှ မြို့ကို ချစ်ကြတဲ့သူတွေပါ။ ဆန္ဒပြပွဲကို စည်းကမ်း စနစ်တကျ ဖြစ်စေဖို့ စီစဉ် ဆောင်ရွက်ခဲ့ကြတဲ့ သူတွေပါ။ ငွေဒဏ်လောက်နဲ့ ကျေအေးသင့်ပါတယ်။ အခုတော့ သူတို့ကို ထောင် (၃) လစီ ချမှတ် လိုက်တော့ ကျွန်တော်တို့ အပါအ၀င် ကျောက်တော် တစ်မြို့လုံးက မကျေမနပ် ဖြစ်သွားပါတယ်” ဟု ကျောက်တော် မြို့နယ် ပြည်နယ် လွှတ်တော် ကိုယ်စားလှယ် ဦးစောငြိမ်းက ပြောသည်။
သူတို့ အမူအား ကျောက်တော်မြို့နယ် တရားရုံးတွင် လေးကြိမ် လေးခါ စစ်ဆေးခဲ့ပြီး အမူအား စစ်ဆေးစဉ် မြို့မိမြို့ဖများက လိုပြ သက်သေ အဖြစ် တက်ရောက်ခဲ့ပြီး သူတို့ ၄ ဦးမှာ ခေါင်းဆောင်များ မဟုတ်ကြဘဲ မြို့မိ မြို့ဖများသာ ခေါင်းဆောင်များ ဖြစ်ကြသည်ဟု ထွက်ဆိုခဲ့သော်လည်း ထွက်ဆိုချက်များကို ပယ်ချကာ တရားရုံးက သူတို့ ၄ ဦးအား ထောင်ဒဏ် (၃) လစီ အပြစ်ပေးခဲ့သည်ဟု ဆိုသည်။
ထောင်ဒဏ် ၃ လစီ ချမှတ်ခံရသူများမှာ လူထု ခေါင်းဆောင် ဒေါ်လှမေ၊ ဒေါ်တင်တင်အေး၊ ဦးမောင်ဝင်းနှင့် ဦးသိန်း လှိုင်တို့ ဖြစ်ကြသည်။ ဆန္ဒဖေါ်ထုတ်သည်မှာ ပြည်သူ လူထု ရပိုင်ခွင့်ဖြစ်ပြီး ဆန္ဒဖေါ်ထုတ်သူများကို ထောင်ချသည်မှာ လုံးဝ မဖြစ်သင့်ကြောင်း ဦးစောငြိမ်းက ဆိုသည်။
“ ဆန္ဒထုတ်ဖေါ်တာဟာ ပြည်သူ လူထုရဲ့ ရပိုင်ခွင့်ပါဘဲ။ ခုလို ဆန္ဒဖေါ်ထုတ်တဲ့ သူတွေကို ထောင်ချတာကတော့ လုံးဝ မသင့်တော်ဘူးလို့ ယူဆပါတယ်။ ကျနော်တို့အနေနဲ့ ရှေ့နေတွေနဲ့ တိုင်ပင်ပြီး အယူခံ ၀င်သွားပါမယ်” ဟု ၎င်းက ပြောသည်။
ယခုနှစ်မတ်လ ၇ ရက်နေ့က ရခိုင်ပြည်နယ် အနှံ့အပြားတွင် အိုးအိမ်မဲ့ ဖြစ်သွားသော ဘင်္ဂလီ လူမျိုးများအား ၁၉၈၂ ခုနှစ် နိုင်ငံသား အက်ဥပဒေအရ စိစစ်ပြီး လုံးချင်းအိမ်ယာများ ဆောက်ပေးရန် ခွင့်ပြုချက်မရဘဲ တောင်းဆို ဆန္ဒပြပွဲများ ပေါ်ပေါက်ခဲ့ရာ ကျောက်တော်မြို့တွင်လည်း လူပေါင်း ၃၀၀၀ ခန့်က ပိုစတာများ၊ ဆိုင်းဘုတ်များကိုယ်စီကိုင်ပြီး လမ်းပေါ်ထွက်ချီတက် ဆန္ဒပြခဲ့ကြသည်။
ထိုအထဲမှ သူတို့ ၄ ဦးအား ခွင့်ပြုချက်မရဘဲ ဆန္ဒပြသည်ဟု ဆိုကာ ကျောက်တော်မြို့မ ရဲစခန်းမှ တရားလိုလုပ်ကာ တရားစွဲဆိုခဲ့ပြီး ကျောက်တော်မြို့နယ် တရားရုံးက စက်တင်္ဘာလ၄ ရက်နေ့က ထောင် (၃) လ စီ ချမှတ်ခဲ့ခြင်း ဖြစ်သည်။
ထောင်ချခံရသူ ၄ ဦးအား ကျောက်တော်မြို့မှ စစ်တွေသို့ ချက်ချင်း ယူဆောင်လာပြီး စစ်တွေထောင်ကို ပို့လိုက်ကြောင်း ရခိုင် အမျိုးသမီး ကွန်ယက်မှ ခေါင်းဆောင်တဦး ဖြစ်သူ ဒေါ်ည်ိုအေး က နိရဉ္စရာသို့ ပြောသည်။
“ မနေ့က ကျောက်တော်မြို့မှာ သူတို့ကို တရားရုံးက စီတန်းလှည့်လည်ခွင့်ဆိုင်ရာ ပုဒ်မ ၁၈ နဲ့ ထောင်ဒဏ် ၃ လ စီ အမိန့်ချပါတယ်။ သူ တို့ကို ကျောက်တော်က ကားနဲ့ခေါ်ယူလာပြီးတော့ စစ်တွေမြို့ကို ည ၈ နာရီမှာ ၀င်ပါတယ်။ အမှတ် ၁ ရဲစခန်း မှာ တည ချုပ်ပြီး တော့ ဒီနေ့ စက်တင်္ဘာ ၅ ရက်နေ့ မနက် စောစောက စစ်တွေထောင်ကို ပို့လိုက်ပါ တယ်” ဟု ဆိုသည်။
စစ်တွေမှ ဒေါ်ညိုအေးနှင့် ဦးကျော်ဇောဦးတို့ကိုလည်း စစ်တွေတွင် ခွင့်ပြုချက်မရဘဲ ဆန္ဒဖေါ်ထုတ်မူဖြင့် တရားစွဲဆိုထားပြီး အမူကို ရင်ဆိုင်နေကြရသည်ဟု သိရသည်။
သူတို့အား စက်တင်္ဘာလ ၅ ရက်နေ့က ရုံးချိန်း ရှိခဲ့သော်လည်း တရားသူကြီး အနားယူထားသဖြင့် နောက်တရားသူကြီးသစ် တစ်ဦးက စက်တင်္ဘာလ ၁၇ ရက်နေ့ကို ရုံးပြန်ချိန်းလိုက် သည်ဟု ဒေါ်ညိုအေးက ပြောသည်။
၎င်းအပြင် တောင်ကုတ်မှ ဦးစိုးဝင်းအမှုကို ကျန်းမာရေးအရ ခွင့်တင်လိုက်ပြီး မဒေးကျွန်း ဆန္ဒပြ ခေါင်းဆောင်များ၏ အမှုကို ယခုလ ၁၂ ရက်နေ့တွင် ဆုံးဖြတ်မည်ဟု သိရှိရသည်။
(သတင်းအရင်းအမြစ်- နိရဉ္စရာသတင်းဌာန)",2.0,2.0,2.0,5.0,5.0,"The text is a journalistic report on a local legal issue in Rakhine State. It provides factual reporting on protests and court proceedings, which is informative but lacks deep educational or complex analytical reasoning. It is written in natural, authentic Burmese, reflecting local political and social contexts accurately."
<urn:uuid:57fe266a-35a9-4737-a9e3-186025392a08>,"မြန်မာနိုင်ငံအတွင်း လူသားချင်းစာနာထောက်ထားမှု အကူအညီပေးရေး လုပ်ငန်းတွေ လုပ်ကိုင်ရာမှာ ကူညီရေး လုပ်ငန်းမှာ ပါဝင်ပတ်သက်သူတွေနဲ့ သက်ဆိုင်ရာ အဏာပိုင်တွေ အကြား စိတ်ချယုံကြည်ရတဲ့ ဆက်ဆံရေးတွေ လိုအပ်တဲ့အကြောင်း မြန်မာနိုင်ငံကို ငါးရက်ကြာ သွားရောက်တဲ့ အပြည်ပြည်ဆိုင်ရာ ကြက်ခြေနီကော်မတီ ဥက္ကဋ္ဌ Peter Maurer က ပြောဆိုပါတယ်။ ငါးရက်ကြာ မြန်မာနိုင်ငံခရီးစဉ်အပြီး ဒီကနေ့ နေပြည်တော်မှာ ပြီးခဲ့တဲ့ နာရီပိုင်းက သတင်းစာရှင်းလင်းပွဲ ကျင်းပပါတယ်။ ကိုသိန်းထိုက်ဦး ကောက်နုတ်တင်ပြထားပါတယ်။
ရခိုင်ပြည်နယ်အတွင်း အခြေအနေဟာ လူသားချင်းစာနာမှု အရေးပေါ်အကူညီတွေပေးရုံနဲ့ မလုံလောက်ဘဲ လူတွေ ရေရှည် ရပ်တည်နိုင်တဲ့ ဝန်းကျင်နဲ့ အနေအထား၊ အကာကွယ်ပေးနိုင်တဲ့ လူမှုအသိုင်းအဝိုင်း လိုအပ် တယ် ဆိုတာကို သတင်းစာရှင်းလင်းပွဲမှာ ICRC ဥက္ကဋ္ဌ Peter Maurer က အဓိက ပြောသွားတာပါ။ ဒီလို အခြေအနေတွေကို ဖန်တီးရာမှာ နိုင်ငံတော်အစိုးရ တာဝန်ရှိသူတွေက ကူညီဖို့ လိုတယ်လို့ဆိုပါတယ်။
""ရှေ့လာမယ့် သီတင်းပတ်တွေ၊ လတွေအတွင်း လူတွေရဲ့ အသက်မွေးဝမ်းကြောင်း အတွက်၊ စီးပွားရေး အခွင့် အလမ်းတွေ ဖန်တီးပြီး ကိုယ့်ခြေထောက်ပေါ် ကိုယ်ရပ်တည် နိုင်အောင် အကူအညီတွေ တိုးပြီး ပေးနိုင်အောင် ကျနော်တို့ ဆောင်ရွက်သွားမှာပါ။ ကျန်းမာရေး စနစ်၊ သောက်ရေစနစ်၊ ဒါတွေကို ဒေသပိုင် အာဏာပိုင်တွေနဲ့ လက်တွဲပြီး အရင်နဲ့မတူအောင် လူမှုအသိုင်းအဝိုင်းတွေကို ပံ့ပိုးသွားဖို့လည်း ကျနော်တို့ စီစဉ်ထားပါ တယ်။ ကျနော်ဒီနေရာမှာ လေးလေးနက်နက်ထောက်ပြချင်တာက အရေးပေါ် အကူအညီ တခုတည်းနဲ့ မလုံလောက် ပါဘူး။ သူတို့ ဆန္ဒနဲ့အညီ ပြန်လာပြီး နေထိုင်သူတွေကို ရေရှည် မှာ ပိုပြီး ကိုယ့်ခြေထောက်ပေါ် ကိုယ်ရပ်နိုင်တဲ့ အခြေအနေတွေကို ဖန်တီးပေးနိုင် ပြီး ပိုမိုကောင်းမွန်တဲ့ အနာဂတ်ကို ရှုမြင်နိုင်မယ့် အနေအထားတွေ ရရှိဖို့ ဖြစ်ပါတယ်။""
ICRC ဥက္ကဋ္ဌဟာ ဒီကနေ့ နေပြည်တော်မှာ မြန်မာအစိုးရသမ္မတ ဦးဝင်းမြင့်၊ နိုင်ငံတော် အတိုင်ပင်ခံပုဂ္ဂိုလ် ဒေါ်အောင်ဆန်းစုကြည်၊ တပ်မတော်ကာကွယ်ရေး ဦးစီးချုပ် ဗိုလ်ချုပ် မှူးကြီးမင်းအောင်လှိုင်တို့နဲ့လည်း သီးခြားစီ တွေ့ဆုံခဲ့ပါတယ်။ တွေ့ဆုံစဉ် ပြောဆိုခဲ့ တာတွေနဲ့ ပတ်သက်လို့လည်း -
""ICRC ရဲ့ လုပ်ငန်းတွေကို အစိုးရ အာဏာပိုင်တွေက ကူညီပံ့ပိုးပေးဖို့ ကိစ္စကို ကျနော် ကျယ်ကျယ်ပြန့်ပြန့် ပြောခဲ့ပါတယ်။ ရဲတပ်ဖွဲ့၊ စစ်တပ်စတဲ့ လက်နက်ကိုင်တပ်ဖွဲ့တွေနဲ့ ထိတွေ့ဆက်ဆံဖို့ လိုအပ်ပြီး အရပ်သား တွေကို ကာကွယ်ပေးရေးကိစ္စတွေမှာ ပူးပေါင်း ဆောင်ရွက်ဖို့နဲ့ ICRC ရဲ့ လုပ်ငန်းတွေကို အလယ်အလတ် ကာလနဲ့ ရေရှည်အတွက် ပြီးပြည့်စုံတဲ့ မျှော်မှန်းချက်တွေ ပြည့်မီအောင် အကောင်အထည် ဖေါ်နိုင်ရေး မှာ ပူးပေါင်းဖို့ လိုအပ်တယ်ဆိုတာပါ။""
မြန်မာနိုင်ငံအတွင်း ICRC ရဲ့လုပ်ငန်းတွေကိုဆောင်ရွက်ရာမှာ မြန်မာနိုင်ငံ ကြက်ခြေနီ အသင်းရဲ့ လက်တွဲဘက် အဖြစ် ပူးပေါင်းဆောင်ရွက်မှုတွေအပေါ် ကျေးဇူးတင်တဲ့ အကြောင်း နဲ့ ကမ္ဘာတဝှမ်းက ကြက်ခြေနီအသင်းတွေရဲ့ ထောက်ခံအားပေးမှုတွေ ရခဲ့ တာကို ကျေးဇူးတင်ကြောင်း သူက ပြောခဲ့ပါတယ်။ ICRC ရဲ့ လုပ်ငန်းဆောင်တာ တွေနဲ့ ပတ်သက်လို့လည်း သူက -
""ICRC ဟာ ဘက်မလိုက်တဲ့ ကြားနေအဖွဲ့အစည်းတခုဖြစ်ပါတယ်။ ဆိုလိုတာက လူသား ချင်း စာနာမှု အကူအညီ တွေ ပေးအပ်တယ်ဆိုတဲ့နေရာမှာ လိုအပ်တဲ့ လူတွေရဲ့လက်ထဲ ကို ရောက်အောင်ပေးပို့တဲ့ အဖွဲ့အစည်း ဖြစ်ပါ တယ်။ နိုင်ငံရေး၊ ဘာသာရေး၊ လူမျိုးစု တိုင်းရင်းသား၊ ဘယ်အဖွဲ့အစည်းနဲ့မှ ပတ်သက်မှု မရှိပါဘူး။ ဒါကို ကျနော်တို့ ဆက်ပြီး ထိန်းသိမ်းရပါလိမ့်မယ်။ ဒီအပေါ်မှာ နိုင်ငံတော်အတိုင်ပင်ခံ ပုဂ္ဂိုလ်၊ သမ္မတနဲ့ ကာကွယ် ရေး ဦးစီးချုပ်တို့ကလည်း အသိအမှတ်ပြုထားတဲ့အတိုင်း ကျနော်တို့ ဆက်ပြီး ပံ့ပိုး ဆောင်ရွက်ရပါလိမ့်မယ်။ ဒီနေ့ ကျနော် တွေ့ဆုံတဲ့အချိန် ခေါင်းဆောင်သုံးဦးစလုံးက ကျနော်တို့ရဲ့ စိုးရိမ်မှုတွေနဲ့ပတ်သက်လို့ ပွင့်ပွင့်လင်းလင်း ပြောဆိုခြ့သလို၊ ပံ့ပိုးဖို့ အဆင်သင့်ဖြစ်တယ်ဆိုတာ ပြသတဲ့တချိန်တည်းမှာ ကျနော်တို့ လုပ်ကိုင်ခဲ့တာတွေ အပေါ် ကျေးဇူးတင် နားလည်လက်ခံတာကိုလည်း ပြောဆိုခဲ့ကြပါတယ်။""
ICRC ဥက္ကဋ္ဌ Peter Maurer ဟာ ဒီကနေ့ ရခိုင်အရပ်ဖက်အဖွဲ့အစည်းတွေနဲ့ တွေ့ဆုံပြီ ဒေသခံတွေရဲ့ သဘောထား အမြင်တွေကို နားထောင်ရင်း အပြန်အလှန် ဆွေးနွေးခဲ့ ပါတယ်။
ICRC ဥက္ကဋ္ဌ Peter Maure ဟာ မြန်မာနိုင်ငံ ခရီးစဉ်အပြီး ဘင်္ဂလားဒေ့ရ်ှနိုင်ငံကို သွားရောက်မှာဖြစ်ပါတယ်။",3.0,3.0,3.0,5.0,4.0,"The text is a well-structured news report about ICRC activities in Myanmar. It provides clear, coherent information suitable for educational awareness of humanitarian work. It demonstrates logical reporting of official statements and meetings. The language is natural, professional Burmese, reflecting local political and social contexts accurately without being overly technical or academic."
<urn:uuid:a7d9b660-ef60-4cff-9dac-5da56c9525ef>,"အင်္ဂလိပ်စာကို အသက်ငယ်ငယ်လေးကတည်းကနေစပြီး တစိုက်မတ်မတ် သင်ယူသွားချင်တယ်ဆိုတဲ့ အသက် (၅) နှစ်နဲ့အထက် ကလေးအတွက် ILBC ကနေ 2023-2024 Technology Based Learning: TBL – EPC (Batch 1) ကို 11th June 2023 ကနေစပြီး ဖွင့်လှစ်ပေးသွားမှာ ဖြစ်ပါတယ်။
ကလေးအတွက်သင့်လျော်တဲ့ အတန်းကနေစပြီး
တက်ရောက်ရမှာဖြစ်တဲ့အပြင် Listening, Speaking,
Reading, Writing စတဲ့ English 4 Skills ကို အသေးစိတ်
သင်ယူရမှာဖြစ်လို့ အခြေခံကောင်းကောင်း ရရှိသွားပါလိမ့်မယ်။
English လိုပြောမယ်ဆိုရင် တစ်ဖက်လူပြောတဲ့စကားကို
လွယ်လွယ်ကူကူ မှန်မှန်ကန်ကန်နားလည်ပြီး
– Listening ကောင်းချင်တဲ့ကလေးတွေ
– Speaking ပြောတဲ့အခါ လေယူလေသိမ်းမှန်မှန်၊ Pronunciation ကောင်းကောင်း၊ Grammar မှန်မှန်နဲ့ ပြောတတ်ချင်တဲ့ ကလေးတွေ
– Reading ပိုင်းမှာလည်း အဖြတ်အတောက်မှန်မှန်၊ အဓိပ္ပာယ်ကို ထိထိမိမိသိအောင် ဖတ်တတ်ချင်တဲ့ကလေးတွေ
– Writing ပိုင်းမှာလည်း သူ့နေရာနဲ့သူ နည်းစနစ်ကျကျ ရေးတတ်ချင်တဲ့ ကလေးတွေအားလုံး ILBC ရဲ့ အင်္ဂလိပ်စာသင်တန်း 2023-2024 ILBC TBL-EPC (Batch 1) မှာ တက်ရောက်ဖို့ ဖိတ်ခေါ်လိုက်ပါတယ်။
Saturday & Sunday ပိတ်ရက် (၂) ရက်မှာ တက်ရောက်နိုင်မှာဖြစ်လို့ ကျောင်းချိန်နဲ့လည်းလွတ်တဲ့အတွက် အဆင်ပြေပြေတက်ရောက်နိုင်ပါတယ်။
ILBC Thuwana Campus မှာ On Campus လာတက်လို့ရသလို၊ Online ကနေတစ်ဆင့် သင်ယူနိုင်ဖို့လည်း စီစဥ်ပေးထားပါတယ်။
သင်တန်းတက်ရောက်နိုင်မယ့်ပုံစံလေးနဲ့ အသေးစိတ်ကို ဖတ်ရှုပေးပါဦးနော်။
~~~~~~~~~~~~~~~~~~~~~~~~~~~~~~~~~
2023-2024 TBL-EPC (Batch 1) အတန်းတွေကို ဘယ်နေ့စဖွင့်မှာလဲ။
11th June 2023 (Sunday) မှာ စတင်ဖွင့်လှစ်မှာဖြစ်ပါတယ်။
အသက် ဘယ်လောက်ကနေစတင်လက်ခံပေးသလဲ။
အသက် (၅) နှစ်အရွယ်ကနေစပြီး မြန်မာတစ်နိုင်ငံလုံးမှာရှိတဲ့ ကျောင်းသူ/ သားတိုင်း တက်ရောက်နိုင်ပါတယ်။
သင်ကြားမှုပုံစံ ဘယ်နှမျိုးရှိလဲ။
လူကိုယ်တိုင်လာရောက်ပြီး On Campus တက်ရောက်နိုင်တဲ့အပြင် “Microsoft Education” ကိုအသုံးပြုပြီး Technology Based Learning နဲ့ Online ကနေတစ်ဆင့် သင်ယူနိုင်ပါတယ်။
Technology Based Learning – TBL နဲ့သင်ကြားတဲ့အခါ ဘာ Device တွေကို အသုံးပြုနိုင်မလဲ။
Mobile (Android or iOS) ၊ Tablet ၊ PC or Laptop ၊ MacBook တစ်ခုခုကို အသုံးပြုနိုင်ပါတယ်။
နည်းပညာပိုင်းဆိုင်ရာ အသေးစိတ်အချက်အလက်တွေကို အောက်ပါ link ထဲမှာ ဝင်ရောက်ကြည့်ရှုနိုင်ပါတယ်။
Placement Test ရှိပါသလား။
ILBC TBL-EPC ကျောင်းသားအဟောင်းတွေအနေနဲ့ Placement Test ဖြေဆိုဖို့မလိုအပ်ပါဘူး။ ကျောင်းသားအသစ်တွေအတွက်တော့ နောက်ဆုံးတက်ရောက်ခဲ့တဲ့ အတန်းစဥ်အပေါ်အခြေခံပြီး အသင့်လျော်ဆုံးဖြစ်မယ့် Level မှာ သင်ယူရပါမယ်။
သင်တန်းချိန်တွေကရော ဘယ်လိုရှိမလဲ။
အပတ်စဥ် စနေနေ့ နှင့် တနင်္ဂနွေနေ့၊ မနက် (၈း၀၀)နာရီ မှ နေ့လယ် (၁၂း၀၀)နာရီအထိ သင်ယူရမှာဖြစ်ပါတယ်။
သင်တန်းကာလ ဘယ်လောက်ကြာမလဲ။
10th June 2023 ကနေစပြီး အောက်တိုဘာလလယ်အထိ ဖြစ်ပါတယ်။
သင်တန်းကြေး ဘယ်လောက်လဲ။
ကျောင်းဝင်ကြေး Registration Fees: 50,000 kyatsကို
တစ်ကြိမ်သာ ပေးသွင်းရမှာဖြစ်ပြီး သင်တန်း Level တစ်ခု အစအဆုံးအတွက် သင်တန်းကြေးကတော့ အောက်ပါအတိုင်းဖြစ်ပါတယ်။
On Campus Learning: 450,000 kyats
Online Learning: 350,000 kyats
သင်တန်းကြေးကို တစ်ကြိမ်ထဲအပြီးအစီးပေးသွင်းပေးရမှာဖြစ်ပါတယ်။
သင်တန်းကြေး ဘယ်လိုပေးသွင်းနိုင်မလဲ။
သင်တန်းကြေးပေးသွင်းပုံပေးသွင်းနည်းကို အောက်ပါ Link ထဲမှာ ဝင်ရောက်ကြည့်ရှုနိုင်ပါတယ်။
2023-2024 ILBC TBL-EPC (Batch 1) သင်တန်းကာလ ပြီးဆုံးတဲ့အခါ ကလေးတစ်ယောက်ချင်းစီအတွက် သင်တန်းပြီးဆုံးခြင်း လက်မှတ် (Certificate)
ချီးမြှင့်ပေးသွားမှာဖြစ်ပါတယ်။ သင်တန်းအောင်မြင်ပြီးတဲ့ ကျောင်းသားတွေကတော့ နောက် Level တစ်ခုကို ဆက်လက်တက်ရောက်နိုင်မှာဖြစ်ပါတယ်။
ဒီတော့ 2023-2024 ILBC TBL-EPC (Batch 1)
အင်္ဂလိပ်စာသင်တန်းကို တက်ရောက်ချင်တဲ့ ကျောင်းသူ/ သား ကလေးငယ်တွေအနေနဲ့
အောက်က Link လေးကနေတစ်ဆင့် ဖောင်ဖြည့်ပြီး သင်တန်းအပ်နှံနိုင်ပါတယ်။
Registration Link: https://bit.ly/23_EPC_B1_NewStds
2023 Summer TBL-EPC အတန်းကို တက်ရောက်ထားတဲ့ ကျောင်းသူ/ သားလေးတွေကတော့ ဒီ Link လေးကနေတစ်ဆင့် ဖောင်ဖြည့်ပေးပါနော်။
Registration Link: https://bit.ly/23_EPC_B1_ExistingStds
(၁) ကြိမ်ပဲ ဖောင်ဖြည့်ပေးရုံပါပဲနော်။
Registration Form တွင်ဖြည့်ထားသော Email ထဲကို Confirmation Mail ဝင်လာတဲ့အခါ စာရင်းပေးသွင်းမှု အောင်မြင်ကြောင်းသိနိုင်ပါတယ်။
အသေးစိတ်ကို ဆက်သွယ်မေးမြန်းချင်ရင်တော့ 09400777780, 09400777790 ကိုဆက်သွယ်မေးမြန်းနိုင်ပါတယ်။
#ILBC #TBL_EPC_Batch1
#2023_2024_academic_year",2.0,1.0,2.0,4.0,4.0,"The document is a promotional advertisement for an English language course. While it provides information about educational services, it lacks academic content or structured learning materials. It is written in natural, professional Burmese, suitable for parents, and is free from significant formatting errors or noise, though it is clearly marketing material."
<urn:uuid:bb1aa6de-3331-4205-b6a7-ac99baf3afce>,"မြန်မာ့ရုပ်ရှင် အကယ်ဒမီပေးပွဲကြီးက တဖြည်းဖြည်း နီးကပ်လာပြီ ဖြစ် ပါတယ်။ ပရိသတ်တွေကလည်း အကယ်ဒမီပေးပွဲ နီးလာတာနဲ့အမျှ အကယ်ဒမီ အကြောင်းတွေကို စိတ်ဝင်စားနေကြတာ တွေ့ရပါတယ်။ ဗန်းကိုင် ပျိုမေတို့ အတွက် မော်ဒယ် မိခင်ကြီး တင်မိုးလွင် နဲ့တွေ့ဆုံခိုက် သူတို့အတွက် စကားလေး တစ်ခွန်းလောက် ပြောပေးပါလားလို့ ပြောတော့..
""အကယ်ဒမီ ဗန်းကိုင်ဆိုတာ မြန်မာနိုင်ငံ တစ်နိုင်ငံမှာပဲရှိတာပါ။ သီးသန့် ရှိတာပါ။ ဒီအခွင့်အရေး ရဖို့ ဆိုတာလည်း မလွယ်ဘူး။ ရွေးချယ် ခဲ့တဲ့ သူတွေကလည်း တကယ် စိစစ်ပြီး တကယ်တော်တဲ့ လူကို ရွေးချယ် ခဲ့ကြ တာပါ။ ရွေးချယ်ခံရတဲ့ သမီးလှပျိုဖြူတွေလည်း ဂုဏ်ရှိတာပေါ့။ ဂုဏ်ယူ ကြပါ။ ဒီအကယ်ဒမီ ဗန်းကိုင်မှာ ရွေးချယ်ခံရတဲ့ လှပျိုဖြူလေးတွေ အားလုံး ကြိုးစားကြပါ""လို့ ပြောပြပါတယ်။ မမိုး အနေနဲ့ကော ဒီလို အရွေးချယ်ခံရတဲ့ လှပျိုဖြူ တစ်ယောက်ဟာ အနုပညာ တက်လမ်းမှာ အကယ်ဒမီ ဗန်းကိုင် ဆိုတဲ့ဂုဏ်က ဘယ်လောက်ထိ သက်ရောက်မှုရှိမယ်လို့ ထင်မိပါသလဲ လို့ မေးကြည့်တော့ ""ရှိတာပေါ့။ သက်ရောက်မှု အများကြီးကို ရှိတယ်။ ဒီဗန်းကိုင် ကနေတစ်ဆင့်
အနုပညာလောကမှာ အောင်မြင် လာတဲ့လူ လည်းရှိတယ်။ တချို့ကျတော့လည်း အကြောင်း အမျိုးမျိုးကြောင့် ဖြစ်မလာ တာလည်း ရှိတယ်။ ဘာပဲပြောပြော ကြိုးစားမှုက အဓိကပါ။ ပြီးတော့ ကိုယ်ကျင့်တရားပေါ့။ ဒီလို ပြည်သူလူထုက စံထားရတဲ့၊ ပြည်သူလူထုက ဝိုင်းပြီး စောင့်ကြည့် မယ့်နေရာမျိုးမှာ လုပ်မယ်ဆိုရင် အဲဒီလို ရည်ရွယ်ချက် အစကတည်းက ရှိတယ် ဆိုရင် မိဘတွေရော၊ မော်ဒယ်မိန်း ကလေးတွေရော မဖွယ်မရာတွေ မလုပ် မိအောင်၊ မပြောမိအောင် သတိ ထားပြီး လုပ်စေချင်ပါတယ်။ ကိုယ်က လူတွေရှေ့မှာ ထွက်ပြီးမှ အဲဒီအရိပ် မည်းက လိုက်လာမယ် ဆိုရင်၊ ကိုယ့် ကိုယ်ကိုယ်ပြန်ပြီး ဆွဲချသလိုဖြစ် သွားမယ်။ တိတ်တိတ်လေးနေရင် ဘာပြဿနာမှ မဖြစ်ဘူး။ ကိုယ်က လူရှေ့မှာ မျက်နှာရပြီး နာမည်လေး ရလာပြီ ဆိုရင် အဲဒီလိုအရိပ်မည်း မဖွယ်မရာတွေက လိုက်လာရင် မကောင်း ဘူး""လို့ပြောပြခဲ့ပါတယ်။
ထူးထူး
popular journal
""အကယ်ဒမီ ဗန်းကိုင်ဆိုတာ မြန်မာနိုင်ငံ တစ်နိုင်ငံမှာပဲရှိတာပါ။ သီးသန့် ရှိတာပါ။ ဒီအခွင့်အရေး ရဖို့ ဆိုတာလည်း မလွယ်ဘူး။ ရွေးချယ် ခဲ့တဲ့ သူတွေကလည်း တကယ် စိစစ်ပြီး တကယ်တော်တဲ့ လူကို ရွေးချယ် ခဲ့ကြ တာပါ။ ရွေးချယ်ခံရတဲ့ သမီးလှပျိုဖြူတွေလည်း ဂုဏ်ရှိတာပေါ့။ ဂုဏ်ယူ ကြပါ။ ဒီအကယ်ဒမီ ဗန်းကိုင်မှာ ရွေးချယ်ခံရတဲ့ လှပျိုဖြူလေးတွေ အားလုံး ကြိုးစားကြပါ""လို့ ပြောပြပါတယ်။ မမိုး အနေနဲ့ကော ဒီလို အရွေးချယ်ခံရတဲ့ လှပျိုဖြူ တစ်ယောက်ဟာ အနုပညာ တက်လမ်းမှာ အကယ်ဒမီ ဗန်းကိုင် ဆိုတဲ့ဂုဏ်က ဘယ်လောက်ထိ သက်ရောက်မှုရှိမယ်လို့ ထင်မိပါသလဲ လို့ မေးကြည့်တော့ ""ရှိတာပေါ့။ သက်ရောက်မှု အများကြီးကို ရှိတယ်။ ဒီဗန်းကိုင် ကနေတစ်ဆင့်
အနုပညာလောကမှာ အောင်မြင် လာတဲ့လူ လည်းရှိတယ်။ တချို့ကျတော့လည်း အကြောင်း အမျိုးမျိုးကြောင့် ဖြစ်မလာ တာလည်း ရှိတယ်။ ဘာပဲပြောပြော ကြိုးစားမှုက အဓိကပါ။ ပြီးတော့ ကိုယ်ကျင့်တရားပေါ့။ ဒီလို ပြည်သူလူထုက စံထားရတဲ့၊ ပြည်သူလူထုက ဝိုင်းပြီး စောင့်ကြည့် မယ့်နေရာမျိုးမှာ လုပ်မယ်ဆိုရင် အဲဒီလို ရည်ရွယ်ချက် အစကတည်းက ရှိတယ် ဆိုရင် မိဘတွေရော၊ မော်ဒယ်မိန်း ကလေးတွေရော မဖွယ်မရာတွေ မလုပ် မိအောင်၊ မပြောမိအောင် သတိ ထားပြီး လုပ်စေချင်ပါတယ်။ ကိုယ်က လူတွေရှေ့မှာ ထွက်ပြီးမှ အဲဒီအရိပ် မည်းက လိုက်လာမယ် ဆိုရင်၊ ကိုယ့် ကိုယ်ကိုယ်ပြန်ပြီး ဆွဲချသလိုဖြစ် သွားမယ်။ တိတ်တိတ်လေးနေရင် ဘာပြဿနာမှ မဖြစ်ဘူး။ ကိုယ်က လူရှေ့မှာ မျက်နှာရပြီး နာမည်လေး ရလာပြီ ဆိုရင် အဲဒီလိုအရိပ်မည်း မဖွယ်မရာတွေက လိုက်လာရင် မကောင်း ဘူး""လို့ပြောပြခဲ့ပါတယ်။
ထူးထူး
popular journal",1.0,2.0,1.0,1.0,4.0,The text is an entertainment interview about Burmese Academy Award models. It lacks academic value and complex reasoning. It is accessible to a general audience. The cleanliness score is low due to significant repetition of the entire interview text. It captures authentic Burmese cultural context regarding celebrity conduct and social expectations.
<urn:uuid:8600c92d-38d5-4703-b224-99e96f770197>,"ရေမခြောက်သေးတဲ့အချိန်မှာ အတွင်းခံ ဝတ်တာဟာ ကျန်းမာရေးကို ပြင်းပြင်းထန်ထန် ထိခိုက်စေပါတယ်။
အမျိုးသမီးတွေ ရေချိုးပြီးခါစ အချိန်မှာပဲ အတွင်းခံတွေ ဝတ်ခြင်းဟာ အလွန်အမင်း မှားယွင်းတဲ့ လုပ်ရပ်ဖြစ်နေပါတယ်။ ရေချိုးပြီးတာနဲ့ အတွင်းခံ တန်းဝတ်ခြင်းဟာ အမျိုးသမီးတွေရဲ့ ကျန်းမာရေးကို ဆိုးဆိုးရွားရွား ထိခိုက်စေတတ်ပါတယ်။
ရေချိုးခန်းထဲက တဘက်ဝတ်ပြီး ထွက်လာတာနဲ့ သိပ်မကြာခင်မှာပဲ အတွင်းခံဝတ်ခြင်းဟာ အမျိုးသမီးအင်္ဂါတစ်ဝိုက်မှာ ဘက်တီးရီးယားတွေ ပိုပြီး ပေါက်ဖွားစေပါတယ်။ စိုစွတ်နေတဲ့အချိန် အတွင်းခံဝတ်လိုက် ခြင်းဟာ တဘက်ထဲမှာပါလာတဲ့ ဘက်တီးရီးယားတွေကို အလုံပိတ်ခန်းထဲ ထည့်လိုက်ခြင်းနဲ့ အတူတူဖြစ်တယ်လို့ မိုင်ယာမီ Femcare ဆေးဝါးစင်တာက ဒါရိုက်တာဖြစ်တဲ့ ဒေါက်တာဂျေဆင်ဂျိမ်းစ်က ပြောပါတယ်။
စိုစွတ်နေသေးတဲ့အချိန်မှာ ဘက်တီးရီးယားတွေက ပိုပြီးရှင်သန်နေထိုင်တတ်ကြပါတယ်။ ဒါကြောင့် ရေမခြောက်သေးတဲ့အချိန်မှာ လုံးဝ အတွင်းခံ မဝတ်သင့်ပါဘူး။ ဘက်တီးရီးယားတွေ ရှိခြင်းဟာ သင့်ကို ကူးစက်ရောဂါ အလွယ်တကူ ဖြစ်စေပါတယ်။
အတွင်းခံထဲမှာ ဘက်တီးရီးယားတွေကို အလုံပိတ်ထားလိုက်သလိုမဖြစ်စေဖို့ သင်ရွေးနိုင်တဲ့ နည်းလမ်း နှစ်ခု ရှိပါတယ်။ တစ်ခုကတော့ အတွင်းခံကို ရေခြောက်သွားလောက်တဲ့အချိန်ဖြစ်တဲ့ နောက်ဆုံးမှ ဝတ်တာပါပဲ။ ဆံပင်ဖြီးတာတုိ့၊ မိတ်ကပ်လိမ်းတာတို့နဲ့ အင်္ကျီဝတ်တာတွေကို အရင်လုပ်လိုက်ပါ။ နောက်တစ်နည်းကတော့ နူးညံ့အိစက်တဲ့ အမျိုးသမီးသုံးလို ပစ္စည်းမျိုး အသုံးပြုတာပါပဲ။
Source : Metro",3.0,2.0,2.0,5.0,3.0,"The text provides practical health advice for women, explaining the risks of wearing underwear while damp. It uses simple, coherent language and follows a logical structure (problem, explanation, expert citation, solutions). It is culturally appropriate and written in natural Burmese, though it remains at a general health-tip level rather than deep scientific analysis."
<urn:uuid:b582da79-1423-47c8-a2a7-0dcc665ecff4>,"အမေရိကန် ပြည်ထောင်စု Tennessee ပြည်နယ် Nashville မြို့ အနီးက Waffle House စားသောက်ဆိုင်မှာ ဒီကနေ့ တနင်္ဂနွေနေ့ အစောပိုင်းအချိန် အစိမ်းရောင် အပေါ်အိကျီ ၤ တထည်ဘဲ ဝတ်ထားတဲ့ ကိုယ်လုံးတီး အမျိုးသား တဦးက သေနတ်နဲ့ ပစ်ခတ်တာကြောင့် သုံးဦး သေဆုံးပြီး တခြားသူ ၄ ဦး ဒဏ်ရာရထားကြောင်း ရဲတပ်ဖွဲ့က ပြောဆိုပါတယ်။
Nashville မြို့ အစွန် Antioch က စားသောက်ဆိုင်ထဲကို သေနတ်သမားက AR -15 လို မောင်းပြန်ရိုင်းဖယ် သေနတ်တလက်နဲ့ ဒေသစံတော်ချိန် မနက် ၃ နာရီ ခွဲ မတိုင်ခင်လေးမှာ ဝင်လာခဲ့တာပါ။ ဒီနောက် စားသောက်ဆိုင်ထဲမှာ စားသောက်နေကြသူတွေကို သေနတ်သမားက ပစ်ခတ်ခဲ့တာလို့ Nashville Metro ရဲအဖွဲ့က တွစ်တာမှာ တင်ထားတဲ့ ကြေညာချက်ထဲမှာ ပြောဆိုထားပါတယ်။
စားသောက်နေသူ တဦးက သေနတ်သမားရဲက သေနတ်ကို လုံးထွေးလုယက်ခဲ့တယ်လို့လည်း ရဲအဖွဲ့ ကြေညာချက်မှာ ဖော်ပြထားပါတယ်။ သေနတ်သမားကတော့ အပေါ်အိင်္ကျီကိုချွတ်ချပြီး ခြေလျင် ထွက်ပြေးသွားတယ်လို့လည်း ရဲက CNN ကို ပြောပါတယ်။ ဒဏ်ရာရထားသူတွေထဲက တဦးကတော့ Vanderbilt University Medical Center မှာ စိုးရိမ်ရတဲ့ အခြေအနေ ရှိနေတယ်လို့လည်း ဒေသခံ မီဒီယာက ပြောဆိုထားပါတယ်။ သေနတ်သမားကိုတော့ ရဲက ရှာဖွေနေပြီး သေနတ်သမားမှာ နောက်ထပ် လက်နက်တွေ ပါသေးလားဆိုတာကလည်း ရှင်းရှင်းလင်းလင်း မရှိသေးပါဘူး။",1.0,1.0,2.0,5.0,3.0,"The text is a straightforward news report about a shooting incident. It provides factual information but lacks deep educational or reasoning complexity. It is written in natural, professional Burmese, reflecting standard journalistic style, and is free of boilerplate or formatting issues, making it a clean and authentic piece of reporting."
<urn:uuid:e5f21f53-71bc-4995-9b9a-0b20b6fbc4ba>,"တပ်မတော်ကာကွယ်ရေးဦးစီးချုပ် ဗိုလ်ချုပ်မှူးကြီးမင်းအောင်လှိုင် က အာဏာသိမ်းမယ်လို့ ပြောဆိုခဲ့တာ မဟုတ်သလို ဒေါသတကြီး ပြောဆိုခဲ့တာလည်း မရှိကြောင်း နိုင်ငံတော်သမ္မတရုံး ပြောရေးဆိုခွင့်ရှိသူ ဦးဇော်ဌေး က ပြောပါတယ်။
နိုင်ငံတော်သမ္မတအိမ်တော်မှာ ပြီးခဲ့တဲ့ ဇွန်လ ၈ ရက်နေ့ကကျင်းပတဲ့ လုံခြုံရေးဆိုင်ရာ အထူးအစည်းအဝေးမှာ တပ်မတော်ကာကွယ်ရေးဦးစီးချုပ် က အာဏာသိမ်းဖို့ ပြောခဲ့ကြောင်း နဲ့ ဒေါသတကြီး ပြောဆိုခဲ့တယ်ဆိုပြီး နိုင်ငံခြား ဆောင်းပါးရှင် Larry Jagan လယ်ရီဂျာဂင်က ဇွန်လ ၂၃ ရက်က Bangkok Post ဘန်ကောက်ပို့စ် သတင်းစာမှာ ရေးသားခဲ့ပါတယ်။
အဲဒီလိုရေးသားခဲ့တဲ့အပေါ် ပြောရေးဆိုခွင့်ရှိသူ ဦးဇော်ဌေးက သတင်းမီဒီယာတွေကို ရှင်းပြတာ ဖြစ်ပါတယ်။ အဲဒီနေ့က အစည်းအဝေးဟာ ချောချောမွေ့မွေ့နဲ့ ပြေပြေလည်လည်ဖြစ်တယ်လို့ ဆိုပါတယ်။
ရခိုင်ပြည်နယ်မြောက်ပိုင်းမှာ ARSA အဖွဲ့ရဲ့တိုက်ခိုက်မှုနောက်ပိုင်း လူ့အခွင့်အရေးချိုးဖောက်မှုတွေကို စုံစမ်းစစ်ဆေးဖို့အတွက် အစိုးရက ဖွဲ့စည်းမယ့် စုံစမ်းရေးကော်မရှင်မှာ နိုင်ငံတကာကပုဂ္ဂိုလ်ကြီးတစ်ဦး ပါဝင်မယ့်ကိစ္စကို တပ်မတော်ဘက်က သဘောထားဘယ်လိုရှိလဲဆိုတာကိုတော့ ဦးဇော်ဌေးက မဖြေကြားခဲ့ပါဘူး။
အဲဒီစုံစမ်းရေးကော်မရှင်ကို ပြည်တွင်းက လူပုဂ္ဂိုလ်တွေနဲ့သာ ဖွဲ့စည်းဖို့ အဆိုကို ဇွန်လ ၆ ရက်က ကြံ့ခိုင်ဖွံ့ဖြိုးရေးပါတီ ကိုယ်စားလှယ်တစ်ဦးက လွှတ်တော်မှာ တင်သွင်းခဲ့ပါတယ်။
အဆိုကို မဆွေးနွေးမီ ဇွန်လ ၈ ရက်နေ့က နိုင်ငံတော်သမ္မတအိမ်တော်မှာ သမ္မတ၊ နိုင်ငံတော်အတိုင်ပင်ခံပုဂ္ဂိုလ်၊ တပ်မတော်ကာကွယ်ရေးဦးစီးချုပ်၊ ဒုတိယသမ္မတတွေ၊ လွှတ်တော်ဥက္ကဌတွေ၊ ၀န်ကြီးအချို့အပါအ၀င် လုံခြုံရေးဆိုင်ရာအထူးအစည်းအဝေး ကျင်းပခဲ့တာပါ။",1.0,2.0,2.0,5.0,4.0,"The text is a factual news report regarding political events in Myanmar. It provides basic information about government statements and parliamentary procedures. It lacks complex reasoning or deep educational value, but is written in natural, authentic Burmese, reflecting local political context and terminology accurately."
<urn:uuid:80cc30f0-aeda-4081-bec6-870844ac55bd>,"✔ စုစုပေါင်း မြေဧက (၃၀)ပေါ်တွင် ဖော်ဆောင်လျှက်ရှိသည်။
✔ ချောင်းသာ နှင့် ငွေဆောင် ကြားတွင် ကိုယ်ပိုင်ကမ်းခြေအသစ် ဖြစ်လာမည်။
✔ ချောင်းသာကမ်းခြေသို့ သွားသည့်လမ်းအတိုင်း တည့်တည့်လာပြီး ဆိတ်ကြီးရွာအနီးရှိ ကိုယ်ပိုင်လမ်းခွဲမှ သွားရသည်။
✔ စိတ်လှုပ်ရှားဖွယ်ရာ ကစားနည်း (Adventure Activities) များစွာ ပြုလုပ်နိုင်မည်။
✔ လူရှုပ်ထွေးသော ချောင်းသာ နှင့် ငွေဆောင် ကမ်းခြေများမှ ရှောင်ရှား၍ ကိုယ်ပိုင် Private ကမ်းခြေအသစ်တွင် အနားယူအပန်းဖြေနိုင်မည်။
1. မြေကွက်များ
3. လုံးချင်းအိမ်များ
Location Map
ဧရာဝတီတိုင်းဒေသကြီး
ပုသိမ်ဧရာဝတီတိုင်းဒေသကြီး ၊ ပုသိမ်ခရိုင် ၊ ကညင်ကွင်းကျေးရွာ၊ ရွှေသောင်ယံမြို့နယ်ခွဲ
ငွေဆောင်ကမ်းခြေ
ချောင်းသာကမ်းခြေ
ဆက်သွယ်မေးမြန်းရန်
ဤ Project နှင့် ပတ်သတ်၍ စိတ်ဝင်စားပါက အောက်ပါဖောင်တွင် ဖြည့်စွက်၍ ဆက်သွယ် မေးမြန်းနိုင်ပါသည်။",0.0,0.0,1.0,2.0,3.0,"The document is a promotional advertisement for a real estate development project. It lacks educational or reasoning content. It is written in natural Burmese, reflecting local geography and real estate marketing styles, but contains fragmented lists and boilerplate contact information, limiting its cleanliness score."
<urn:uuid:34d42bcf-4319-4b17-bae4-0e9f194bf44a>,"နိုင်ငံတစ်နိုင်ငံတွင် အုပ်ချုပ်ရေးပိုင်းမှ တာဝန်ရှိ ခေါင်းဆောင်များသည် တာဝန်ခံမှုရှိခြင်း၊ အများသဘောတူညီမှုကို ဦးစားပေးမှုရှိခြင်း၊ တရားဥပဒေစိုးမိုးမှုရှိခြင်း၊ ပွင့်လင်းမြင်သာမှုရှိခြင်း၊ တုံ့ပြန်မှုကောင်းမွန်ခြင်း၊ တန်းတူညီမျှပြီး အားလုံး ပါဝင်အောင် ဆောင်ရွက်နိုင်ခြင်း စသည့်အရည်အချင်းနှင့် ပြည့်စုံကြသည့် အစိုးရများကို အုပ်ချုပ်မှု ကောင်းမွန်သော အစိုးရများဟု ဆိုကြပါသည်။
များမကြာသေးမီ မတ်လ ၃ ရက်နေ့က ဒုတိယအကြိမ် မွန်ပြည်နယ်လွှတ်တော် အရေးပေါ်အစည်းအဝေးတွင် ကျိုက်ထို မဲဆန္ဒနယ် အမှတ် (၂) မှ ပြည်နယ်လွှတ်တော်ကိုယ်စားလှယ် ဒေါက်တာအေးဇံသည် မွန်ပြည်နယ် ဝန်ကြီးချုပ်အဖြစ် တာဝန်ယူရန် လွှတ်တော်ဥက္ကဋ္ဌရှေ့မှောက်၌ ကတိသစ္စာဆိုခဲ့သည်။
ထိုနောက် ပြည်နယ်ဝန်ကြီးချုပ်သစ် ဒေါက်တာအေးဇံသည် လွှတ်တော်ဥက္ကဋ္ဌရှေ့မှောက်တွင် ကတိသစ္စာဆိုပြီး ညနေပိုင်းတွင် ပြည်နယ်အစိုးရရုံးရှိ ဟင်္သာခန်းမမှာ အရပ်ဘက်လူမှုအဖွဲ့အစည်းများ၊ ဒေသတွင်းရှိ ကဏ္ဍမျိုးစုံမှ စီးပွားရေး လုပ်ငန်းရှင်များ၊ ၎င်းပါတီဝင်အဖွဲ့များ၊ နိုင်ငံရေးတက်ကြွလှုပ်ရှားသူများနှင့် တွေ့ဆုံမှု ပြုလုပ်ခဲ့သည်။
ယင်းကဲ့သို့ပင် ပြည်နယ်ဝန်ကြီးချုပ်အနေဖြင့် ပြည်သူများ၏ တင်ပြချင်သည့် အချက်များ၊ အခက်အခဲများ၊ ဒေသတွင်း ဖြစ်ပျက်နေသည့် အကြောင်းအရာများကို လစဉ်ဖြစ်စေ၊ အလျဉ်းသင့်လျှင် သင့်သလို ယင်းကဲ့သို့ မကြာခဏ နားထောင်ပေးရန် လိုအပ်ပါသည်။
သို့မှသာ လူထု၏ လက်တွေ့ဘဝ အခြေအနေများကို မိမိသိရှိထားသည်ထက် ပိုမိုထဲထဲဝင်ဝင် သိရှိနိုင်ပြီး အုပ်ချုပ်မှု ကောင်းသော အစိုးရတစ်ရပ်အဖြစ်လည်းကောင်း၊ လူထုထောက်ခံအားပေးသော အစိုးရအဖြစ်လည်းကောင်း ပြည်နယ်တာဝန်၊ နိုင်ငံတာဝန်၊ လူထုတာဝန်များကို ပိုမိုထမ်းဆောင်နိုင်မည်ဟု ဟင်္သာမီဒီယာ အယ်ဒီတာအဖွဲ့မှ အကြံပြုလိုက်ရပါသည်။
Written by – အယ်ဒီတာ (၁၀-၃-၂၀၁၇)",3.0,2.0,2.0,5.0,4.0,"The text provides a clear, coherent explanation of good governance principles and applies them to a local political context. It is well-structured, uses natural Burmese, and reflects local political processes and media editorial styles. It is accessible to a general audience while offering a logical argument for government accountability."
<urn:uuid:85ae2df3-a8b1-4f82-bd4c-9b475c142f5c>,"နိုဘဲလ်ငြိမ်းချမ်းရေးဆုရှင် ဒေါ်အောင်ဆန်းစုကြည်ဟာ လွန်ခဲ့တဲ့ ၁၈ လကမှ နေအိမ်အကျယ်ချုပ်က လွတ်မြောက်လာပြီး ဒီကနေ့မှာတော့ သူမနဲ့ အတူ အမျိုးသားဒီမိုကရေစီ အဖွဲ့ချုပ်က တခြား အဖွဲ့ဝင် အများအပြား တို့ဟာ မြန်မာနိုင်ငံ လွှတ်တော်ထဲမှာ သူတို့ရဲ့ နေရာသစ်တွေကို ရယူလိုက်ကြပြီ ဖြစ်ပါတယ်။ ဒါဟာ မြန်မာနိုင်ငံသမိုင်းမှာ ပထမဦးဆုံးအကြိမ်အဖြစ် ဒါ်အောင်ဆန်းစုကြည်နဲ့ သူမရဲ့ ပါတီဝင်တွေ တိုင်းပြည်အုပ်ချုပ်ရာမှာ တခန်းတကဏ္ဍက ပါဝင်လာနိုင်တာ ဖြစ်ပါတယ်။
ကျွန်မ အနေနဲ့ ဒီမိုကရေစီ လိုလားတဲ့ ခေါင်းဆောင်တွေ လွှတ်တော်ကို တက်ရောက်လာတဲ့ အမတ် အသစ်တွေ၊ သိန်းနဲ့ ချီတဲ့ မဲဆန္ဒရှင်တွေကို သူတို့ရဲ့ ရဲစွမ်း သတ္တိနဲ့ လူထုကိုယ်စားလှယ် အစိုးရ ပေါ်ထွန်းရေးအတွက် တာဝန်ယူ ထမ်းဆောင်ခဲ့ကြတဲ့ အတွက် ချီးကြူး ဂုဏ်ပြုလိုက်ပါတယ်။
ဒီအချိန်ဟာ မြန်မာနိုင်ငံ အနာဂါတ်အတွက် အရေးကြီးတဲ့ အခိုက်အတန့်ဖြစ်ပါတယ်။ ပိုမိုတိုးတက်ဖွံ့ဖြိုးတဲ့ လူ့အဖွဲ့အစည်း ဖြစ်ထွန်းလာအောင် အထောက်အပံ့ ဖြစ်စေမယ့် ၂၀၁၅ ခုနှစ် အထွေထွေ ရွေးကောက်ပွဲကို ဦးတည်တဲ့ စစ်မှန်သော ပါတီစုံဒီမိုကရေစီ အသွင်ကူးပြောင်းရေး ကာလလည်း ဖြစ်ပါတယ်။ နိုင်ငံရေး ပါတီအားလုံး အရပ်သားအဖွဲ့အစည်း အားလုံးနဲ့၊ တိုင်းရင်းသားလူ မျိုးစုခေါင်းဆောင်တွေ အနေနဲ့ စိန်ခေါ်မှုတွေကို အတူတကွ ရင်ဆိုင်ဖြေရှင်းပြီး ဒီမိုကရေစီပိုကျသော၊ လွတ်လပ်သော၊ ငြိမ်းချမ်းသော တိုးတက်ဖွံ့ဖြိုးသော အနာဂါတ် ပေါ်ထွန်းရေးအတွက် အခွင့်ရေးသစ်တွေကို ဆုပ်ကိုင် အသုံးပြုကြဖို့ အားပေးနှိုးဆော် လိုက်ပါတယ်။
ဟီလာရီ ကလင်တန်
အမေရိကန်နိုင်ငံခြားရေးဝန်ကြီး
၂၀၁၂ မေလ ၂ရက်",3.0,2.0,2.0,5.0,4.0,"The text is a formal statement by Hillary Clinton regarding Myanmar's political transition. It is clean, well-structured, and uses natural Burmese. It provides historical context suitable for educational purposes, though it lacks deep analytical reasoning or high-level technical complexity. It reflects authentic political discourse relevant to the Burmese context."
<urn:uuid:9693922b-5f9c-49a1-bbf6-cd88929fcd93>,"ပြည်နယ်ဝန်ကြီး ရွှေကူမြို့နယ်အတွင်း ကျေးလက်ဒေသဖွံ့ဖြိုးရေးလုပ်ငန်းများအခြေအနေကို ကွင်းဆင်းစစ်ဆေး
ရွှေကူ စက်တင်ဘာ(၂၁)
ကချင်ပြည်နယ်၊ ဗန်းမော်ခရိုင်၊ ရွှေကူမြို့နယ်အတွင်း ကျေးလက်ဒေသဖွံ့ဖြိုးရေးလုပ်ငန်း များဆောင်ရွက်နေမှုအခြေအနေများကို ပြည်နယ်အစိုးရအဖွဲ့ဝင် စိုက်ပျိုးရေး၊ မွေးမြူရေးနှင့် ဆည်မြောင်းဝန်ကြီး ဦးမြသိန်းသည် မြို့နယ်ဌာနဆိုင်ရာတာဝန်ရှိသူများနှင့်အတူ ကွင်းဆင်းစစ် ဆေးခဲ့ကြသည်။
ပြည်နယ်ဝန်ကြီးနှင့် အဖွဲ့သည် စီသာကျေးရွာအုပ်စု မံနားကျေးရွာစု၌ မြို့နယ်ကျေးလက် ဒေသဖွံ့ဖြိုးတိုးတက်ရေးဦးစီးဌာနမှ လူထုဗဟိုပြုစီမံကိန်း ပထမနှစ်စက်ဝန်းအဖြစ် အရှည်(၅၃၅) ပေ၊ (၁၂)ပေအကျယ် ကွန်ကရစ်လမ်းနှင့် ကွန်ကရစ်တာဘောင်ဖြင့် ပေ(၃၀၀)အရှည်ရှိ ရွာတွင်း လမ်းသဲကျောက်ခင်းခြင်းလုပ်ငန်း ဆောင်ရွက်ပြီးစီးမှု အခြေအနေတို့ကို ကြည့်ရှုစစ်ဆေးခဲ့ပြီး နန့်လှန်ကျေးရွာ ရွာတွင်းလမ်း သဲကျောက်ခင်းခြင်းလုပ်ငန်းနှင့် (၂၀၁၈-၁၉)ဘဏ္ဍာနှစ် ခွင့်ပြုငွေ ကျပ်(၁၂၅)သန်းဖြင့် ဆောင်ရွက်ပြီးစီးသည့် ရွှေကူ-ငါးဘတ်ကြီး ကွန်ကရစ်လမ်းနှင့် ပူခိုင်ကျေး ရွာ မြစိမ်းရောင်စီမံကိန်း(၃)နှစ်ပြည့် အတိုးရငွေဖြင့် ရွာအဝင်တံတားအား ပြုပြင်ဆောက် လုပ် ထားမှုတို့ကို ကြည့်ရှုစစ်ဆေးခဲ့ကြသည်။
ယင်းနောက်ရွှေကူမြို့၊ မြို့တော်ခန်းမ၌မသန်စွမ်းသူများအားထောက်ပံ့ငွေပေးအပ်ပွဲအခမ်း အနားသို့တက်ရောက်ခဲ့ပြီး ပြည်နယ်ဝန်ကြီးနှင့် ပြည်သူ့လွှတ်တော်ကိုယ်စားလှယ် ဦးဇာနည်မင်း တို့က အမှာစကားပြောကြားကာ မြို့နယ်အတွင်းရှိ မသန်စွမ်းသူ(၄၃၀)ဦးတို့အား တစ်ဦးလျင် ငွေကျပ်သုံးသောင်းကျပ်နှုန်းဖြင့် စုစုပေါင်းငွေကျပ် (၁၂၉)သိန်းကို ထောက်ပံ့ပေးအပ်ခဲ့ကြကာ ထိုမှတစ်ဆင့် အမှတ်(၂)ရပ်ကွက်ရှိ ငြိမ်းအေးချမ်းသာလူမှုကူညီရေးအသင်းသို့သွားရောက်ပြီး ငွေကျပ်(၁)သိန်း ကို သွားရောက်ထောက်ပံ့ပေးအပ်ခဲ့သည်။
ကချင်ပြည်နယ်၊ ဗန်းမော်ခရိုင်၊ ရွှေကူမြို့နယ်အတွင်း ကျေးလက်ဒေသဖွံ့ဖြိုးရေးလုပ်ငန်း များဆောင်ရွက်နေမှုအခြေအနေများကို ပြည်နယ်အစိုးရအဖွဲ့ဝင် စိုက်ပျိုးရေး၊ မွေးမြူရေးနှင့် ဆည်မြောင်းဝန်ကြီး ဦးမြသိန်းသည် မြို့နယ်ဌာနဆိုင်ရာတာဝန်ရှိသူများနှင့်အတူ ကွင်းဆင်းစစ် ဆေးခဲ့ကြသည်။
ပြည်နယ်ဝန်ကြီးနှင့် အဖွဲ့သည် စီသာကျေးရွာအုပ်စု မံနားကျေးရွာစု၌ မြို့နယ်ကျေးလက် ဒေသဖွံ့ဖြိုးတိုးတက်ရေးဦးစီးဌာနမှ လူထုဗဟိုပြုစီမံကိန်း ပထမနှစ်စက်ဝန်းအဖြစ် အရှည်(၅၃၅) ပေ၊ (၁၂)ပေအကျယ် ကွန်ကရစ်လမ်းနှင့် ကွန်ကရစ်တာဘောင်ဖြင့် ပေ(၃၀၀)အရှည်ရှိ ရွာတွင်း လမ်းသဲကျောက်ခင်းခြင်းလုပ်ငန်း ဆောင်ရွက်ပြီးစီးမှု အခြေအနေတို့ကို ကြည့်ရှုစစ်ဆေးခဲ့ပြီး နန့်လှန်ကျေးရွာ ရွာတွင်းလမ်း သဲကျောက်ခင်းခြင်းလုပ်ငန်းနှင့် (၂၀၁၈-၁၉)ဘဏ္ဍာနှစ် ခွင့်ပြုငွေ ကျပ်(၁၂၅)သန်းဖြင့် ဆောင်ရွက်ပြီးစီးသည့် ရွှေကူ-ငါးဘတ်ကြီး ကွန်ကရစ်လမ်းနှင့် ပူခိုင်ကျေး ရွာ မြစိမ်းရောင်စီမံကိန်း(၃)နှစ်ပြည့် အတိုးရငွေဖြင့် ရွာအဝင်တံတားအား ပြုပြင်ဆောက် လုပ် ထားမှုတို့ကို ကြည့်ရှုစစ်ဆေးခဲ့ကြသည်။
ယင်းနောက်ရွှေကူမြို့၊ မြို့တော်ခန်းမ၌မသန်စွမ်းသူများအားထောက်ပံ့ငွေပေးအပ်ပွဲအခမ်း အနားသို့တက်ရောက်ခဲ့ပြီး ပြည်နယ်ဝန်ကြီးနှင့် ပြည်သူ့လွှတ်တော်ကိုယ်စားလှယ် ဦးဇာနည်မင်း တို့က အမှာစကားပြောကြားကာ မြို့နယ်အတွင်းရှိ မသန်စွမ်းသူ(၄၃၀)ဦးတို့အား တစ်ဦးလျင် ငွေကျပ်သုံးသောင်းကျပ်နှုန်းဖြင့် စုစုပေါင်းငွေကျပ် (၁၂၉)သိန်းကို ထောက်ပံ့ပေးအပ်ခဲ့ကြကာ ထိုမှတစ်ဆင့် အမှတ်(၂)ရပ်ကွက်ရှိ ငြိမ်းအေးချမ်းသာလူမှုကူညီရေးအသင်းသို့သွားရောက်ပြီး ငွေကျပ်(၁)သိန်း ကို သွားရောက်ထောက်ပံ့ပေးအပ်ခဲ့သည်။",1.0,1.0,2.0,2.0,3.0,"The text is a standard government news report. It provides factual information about local development projects and social welfare, but lacks educational depth or complex reasoning. It is written in natural, formal Burmese, though the document contains significant repetition of the entire body text, which lowers the cleanliness score."
<urn:uuid:d27756eb-ce37-491a-a7a8-f9644ad6f169>,"အသက်က (၂၀)၀န်းကျင်မျှသာ ရှိဦးမည်။ မျက်နှာလေးက ချောမောပြီး ခန္ဓာကိုယ် အချိုးအစားက (၃၂-၂၃-၃၃)။ နောက်ပြီးတော့ အိမ်မှုကိစ္စ အ၀၀ကိုလည်း တာဝန်ယူထားသေးသည်။ ခင်ပွန်းအပေါ်မှာလည်း အပြုစု၊ အယုယကောင်းသည်။ ထိုသို့သော မိန်းကလေးမျိုး ခေတ်သစ် တော်လေး၀၀င်အဖြစ် ဂုဏ်တင် ခိုင်းနှိုင်းပါက လွန်အံ့မထင်ပါ။
သို့သော်လည်း ထိုမိန်းမချောလေး အေကို(Aiko)သည် လူသားစင်စစ် မဟုတ်ခြင်းကတော့ နှမျောစရာ ကောင်းလှပါသည်။ သူမသည် စက်ရုပ်လေး တစ်ရုပ်ဖြစ်သည်။ အသက်(၃၃)နှစ်ရှိ လီတရွန်က သူမအား နှစ်နှစ်ကြာမျှ အချိန်ယူပြီး တီထွင်ခဲ့ခြင်းဖြစ်သည်။
ကနေဒါနိုင်ငံ၊ အွန်တေရီယိုတွင် နေထိုင်သော ကွန်ပျုတာ ပညာရှင်လီသည် အေကိုအား အလုံးစုံ ပြီးပြည့်စုံသော စက်လူရုပ်ဖြစ်လာအောင် ဆက်လက်ကြိုးစား ဆောင်ရွက်သွားဦးမည်ဖြစ်ပြီး ယခုအချိန်ထိ အေကိုအား တီထွင်စရိတ် ပေါင်စတာလင်(၁၄,၀၀၀)ကျော် ကုန်ကျထားပြီးဖြစ်သည်။ လီက သူမအား ဇနီးမယားအဖြစ် ပေါင်းသင်းနိုင်ရန် တီထွင်ထားခြင်း ဖြစ်သည်။ လီသည် အေကိုအား Star Warsရုပ်ရှင်များမှ C3POစက်ရုပ်ကဲ့သို့ ဖြစ်လာစေရန် ရည်ရွယ်ထားသည်ဟု ဆိုသည်။အေကိုနှင့်ပတ်သတ်ပြီး တီထွင်သူလည်းဖြစ်၊ ခင်ပွန်းလင်လည်းဖြစ်သော လီက ""အေကိုသည် သိပ္ပံပညာနှင့် အလှတရားတို့ ပေါင်းစပ်ထားသည့် ရလဒ်အမြုတေတစ်ခုဖြစ်သည်""ဟု မှတ်ချက်ပြု ပြောဆိုခဲ့သည်။
အေကိုသည် မနက်စောစောတိုင်း သတင်းစာ ခေါင်းကြီးပိုင်းများကို ခင်ပွန်းသည်အား ဖတ်ပြလေ့ရှိသည်။ ညနေပိုင်းတွင် ညစာအတူ ထွက်စားသည်။ ထို့အပြင် ဇနီးမောင်နှံနှစ်ဦးတို့သည် မြို့ထဲတွင် ကားတစ်စင်းနှင့် မကြာခဏ လျှောက်လည်တတ်ကြောင်း မျက်မြင်များက ပြောဆိုသည်။ လိင်ပိုင်းဆိုင်ရာ အာရုံခံစားမှုအတွက် အေကိုတွင် အသုံးပြုထားသော Softwareများက အလိုအလျောက် လှုံ့ဆော်တက်ကြွလာစေကြောင်း ရှင်းပြခဲ့သည်။
ယခုအခါ လီသည် အေကိုအား လူနှင့်ပိုတူလာစေရန် ဆက်လက်တီထွင်နိုင်ရေးအတွက် ငွေကြေးထောက်ပံ့မည့် ပုဂ္ဂိုလ်ကို ရှာဖွေနေသည်။ အေကိုမှာ ဆီလီကွန်များဖြင့် ဖွဲ့စည်းထားပြီး လူ့အသားအရေနှင့် ချွတ်ဆွတ်တူအောင် ပြုလုပ်ထားသည်။ ၀ိုင်အနည်းငယ် သောက်နိုင်ပြီး အစားအသောက်ကို ကျွေးလည်းရ၊ မကျွေးလည်းရသည်။ နားချိန်မယူဘဲ (၂၄)နာရီ အလုပ်လုပ်နိုင်ပြီး စကားများခြင်း၊ ငြူစူရန်ဖြစ်ခြင်း လုံးဝမရှိသော အေကိုမှာ စံပြအိမ်ထောင်ရှင်မဟု လီက ချီးကျူးခဲ့သည်။
လီသည် ၎င်း၏တီထွင်မှု နည်းပညာ အဆင့်ဆင့်ကို ဖြန့်ဖြူးပေးရန် ငြင်းဆိုခဲ့ပြီး အလုံးစုံ ပြီးပြည့်စုံပြီဟု ယူဆရမှသာ နည်းပညာပိုင်း ဖွင့်ထုတ်ကြေညာမည်ဟု ပြောကြားသွားသည်။လီက ၎င်း၏ဇနီးအား လာရောက် ကြည့်ရှုကြသည့် လူအများတွင် မိန်းမများက အေကိုနှင့် စကားပြောချင်ကြပြီး ယောက်ျားများကမူ အေကိုအား ကိုင်တွယ်ကြည့်လိုကြောင်း ရယ်မောပြီး ရှင်းပြနေချိန်တွင် စက်ရုပ်ဇနီးလေး အေကိုကမူ ခင်ပွန်းသည် လီ၏နေအိမ်အား သန့်ရှင်းရေးလုပ်ရင်း မအားမလပ်နိုင် ရှိနေဆဲပင်။
အေကိုအား ယခုထက်ပိုသည့် အဆင့်မြှင့်မှုများ ပြုလုပ်ပြီးပါက လူသားအကျိုးပြု အိမ်အကူစက်ရုပ်များ တီထွင်နိုင်မည့် ခေတ်တစ်ခေတ်ကို ချဉ်းနင်းဝင်ရောက်လာနိုင်ဖွယ်ရှိကြောင်း လီကအဆုံးသတ် ပြောဆိုသွားခဲ့သည်။ အေကိုအား ဖန်တီးတီထွင်ခဲ့သည့် လီက ၎င်းအတွက် အဓိကစိန်ခေါ်မှုမှာ အေကို လမ်းလျှောက်နိုင်ဖို့ဖြစ်ကြောင်း ပြောကြားခဲ့သည်။ အိမ်ရှင်မ စက်ရုပ်လေးအေကိုနှင့် ပတ်သက်၍ အသေးစိတ်သိလိုပါက http://www.projectaiko.com တွင်လည်း သွားရောက် လေ့လာနိုင်ကြောင်း သိရသည်။
1/09/2009
အသက်က (၂၀)၀န်းကျင်မျှသာ ရှိဦးမည်။ မျက်နှာလေးက ချောမောပြီး ခန္ဓာကိုယ် အချိုးအစားက (၃၂-၂၃-၃၃)။ နောက်ပြီးတော့ အိမ်မှုကိစ္စ အ၀၀ကိုလည်း တာဝန်ယူထားသေးသည်။ ခင်ပွန်းအပေါ်မှာလည်း အပြုစု၊ အယုယကောင်းသည်။ ထိုသို့သော မိန်းကလေးမျိုး ခေတ်သစ် တော်လေး၀၀င်အဖြစ် ဂုဏ်တင် ခိုင်းနှိုင်းပါက လွန်အံ့မထင်ပါ။",2.0,2.0,2.0,3.0,3.0,"The text is a journalistic feature article about a robotics project. It provides basic information about technology and human-robot interaction. It is written in natural Burmese, though it contains some repetitive boilerplate at the end. The reasoning is descriptive rather than analytical, and the content is accessible to a general audience."
<urn:uuid:25e74438-fdd8-433c-a562-26b672527af7>,"လာလီဂါ အဖွဲ့ချုပ် ဥက္ကဌ ဂျာဗီယာ တီဘက်စ်က မန်ယူအသင်းနဲ့ လီဗာပူးလ်အသင်းပိုင်ရှင်တို့ကို FIFA နဲ့အတူ တိတ်တဆိတ် ဘောလုံးလောကကို ဖျက်ဆီးနေတယ်လို့ စွပ်စွဲပြောဆိုလိုက်ပါတယ်။
မန်ယူအသင်းပိုင်ရှင် အမေရိကန်နိုင်ငံသား ဂျိုးဂလာဇာနဲ့ လီဗာပူးလ်အသင်းပိုင်ရှင် ဂျွန်ဟင်နရီတို့က တန်ကြေး ၄.၆ဘီလျှံရှိတဲ့ ဥရောပ စူပါလိဂ်တစ်ခုကို ရေးဆွဲနေတဲ့အစီအစဥ်မှာ ပါဝင်ပတ်သက်နေတယ်လို့ သိရပါတယ်။
ဒီစီမံကိန်းကို အစကတည်းက FIFA နောက်ခံနဲ့ ပြုလုပ်နေပြီး UEFA ချန်ပီယံလိဂ်နဲ့ အပြိုင်ဖြစ်လာမှာ ဖြစ်ပါတယ်။ ဒါပေမယ့် FIFA က သူကိုယ်တိုင် ဒီအစီစဥ်နဲ့ ခပ်ကင်းကင်း ခွာနေနေပါတယ်။
တကယ်လို့ ဥရောပစူပါလိဂ် တကယ်ဖြစ်မြောက်လာရင် စပိန်ထိပ်သီးအသင်းတွေဖြစ်တဲ့ ရီးယဲလ်မက်ဒရစ်နဲ့ ဘာစီလိုနာတို့က ခွဲထွက်မယ့်အသင်းတွေထဲမှာ ပါဝင်နိုင်ပြီး ဒီပရော်ဂျက်ထဲမှာ ရီးယဲလ်မက်ဒရစ် ဥက္ကဌ ပီရက်ဇ်လည်း ပါဝင်ပတ်သက်နေပါတယ်။
တီဘက်စ်ဟာ အဲ့ဒီစီမံကိန်းမှာ FIFA ဥက္ကဌ အင်ဖန်တီနိုအပါအဝင် ပါဝင်တဲ့သူအားလုံးကို ဒေါသထွက်ပေါက်ကွဲခဲ့ပြီး “ဒါဟာ ဘောလုံးလောကအတွက် ဘေးအန္တရာယ် ဖြစ်မှာပါ။ ဒါဟာ ဥရောပ ဘောလုံး ဂေဟစနစ်နဲ့ ကစားပွဲတွေ မျှခြေဖြစ်မှုကို ပျက်စီးစေမှာပါ။”လို့ The Sun ကို ပြောသွားပါတယ်။
“ဒီ နောက်ကွယ်က စီမံကိန်းအားလုံးကို အစပြုခဲ့တဲ့သူတွေက အင်ဖန်တီနိုနဲ့ ပီရက်ဇ်ပဲဖြစ်ပါတယ်။ ဒါပေမယ့် ဂလာဇာနဲ့ ဟင်နရီတို့လည်း ပါဝင်ပတ်သက်ပြီး တွေ့ဆုံမှုတွေ လုပ်ခဲ့ကြပါတယ်။ အောက်တိုဘာကတည်းက အခုမထွက်ပေါ်လာခင်အထိ သူတို့အားလုံးဟာ ဒါကို လျှို့ဝှက်ထားကြပါတယ်။”
ဆက်လက်ပြီး“ဒီပြိုင်ပွဲထဲ ဥရောပလိဂ်တွေမှာ ဦးဆောင်တဲ့ အသင်း ၁၆ သင်းကနေ ၂၀ အထိ ပါဝင်မှာဖြစ်ပြီး ပရီးမီးယားလိဂ် Big Six (ကြီးခြောက်ကြီး)အသင်းလည်း အပါအဝင်ဖြစ်ပါတယ်။”
“သူတို့ ဒီပြိုင်ပွဲထဲကို ပါဝင်နိုင်တာနဲ့တင် ပေါင် သန်း ၃၀၀ အထက် ရရှိမှာဖြစ်ပြီး အနည်းဆုံး တစ်ရာသီကို ပေါင် သန်း ၁၃၀ လောက်ရရှိမှာဖြစ်ပါတယ်။”
“ဒီစူပါလိဂ် စီမံကိန်းက ချန်ပီယံလိဂ်ကို ပျက်ဆီးစေမှာပါ။ ဒါက သူတို့ဖြစ်စေချင်တဲ့ အရာပဲ။ ချန်ပီယံလိဂ်က ပျောက်ကွယ်သွားမယ်။ ပိုက်ဆံလည်းထွက်လာမယ်။ သူတို့က ဒီဟာတွေအားလုံးကို သူတို့ကြားထဲမှာပဲ ခွဲယူချင်နေကြတာပါ။”လို့ ဆိုသွားပါတယ်။
Ref: dailymail",1.0,2.0,2.0,5.0,1.0,"The text is a news report about European football politics. It provides basic information about the Super League controversy but lacks educational depth. The reasoning is straightforward, reporting accusations and financial motivations. It is written in natural Burmese, though the subject matter is international sports news rather than culturally specific content."
<urn:uuid:1a70f092-a6fb-4a59-ae2b-0d24e442814d>,"ဂျပန်တွေ ရေချိုးတဲ့ ပုံပြင်လို ဖြစ်နေတဲ့ မြန်မာပြည်က (Social Distancing) ခပ်ခွာခွာနေခြင်း..
ဂျပန်ခေတ်က ရွာထိပ်ကရေတွင်းမှာ ဂျပန်တွေက ထုံးစံအတိုင်း ရေချိုးနေကြတာကို ရွာသူရွာသားတွေက မကြည့်ရဲလို့သူကြီးကို သွားတိုင်သတဲ့။
သူကြီးက ဂျပန်စစ်ဗိုလ်ဆီကိုလိုက်သွားပြီး ဒို့မြန်မာတွေက ရေချိုးရင် ဒီလိုပုဆိုးပိုင်းလေးဝတ်ပြီးမှ ချိုးကြကြောင်း ဂျပန်တွေကိုလည်း ဒီလိုဝတ်ပြီးမှ ချိုးစေချင်ကြောင်း ပြောပြီး ပုဆိုးပိုင်းလေးတစ်ထည်ပေးလိုက်သတဲ့။
ဂျပန်စစ်ဗိုလ်ကလည်း သူ့တပ်ကို ရေချိုးရင် ဒီလိုပုဆိုးပိုင်းဝတ်ချိုးရမည်ဖြစ်ကြောင်း မဝတ်ပါက ပြင်းထန်စွာအရေးယူမည်ဖြစ်ကြောင်း သူကြီးရှေ့တင်ဘဲ အမိန့်ထုတ်လိုက် သတဲ့။
နောက်နေ့ ရွာထိပ်ကရေတွင်းမှာ ဂျပန်တွေရေချိုးကြတဲ့အခါ ပုဆိုးပိုင်းလေး ဝတ်ပြီးမှသာ ရေချိုးကြသတဲ့။ (တစ်ခုရှိတာက ရေမချိုးရသေးတဲ့လူတွေရော ရေချိုးပြီးသွားတဲ့သူတွေရော အားလုံးက ကိုယ်လုံးတီးတွေချည်းဖြစ်ပြီး ရေချိုးဖို့အလှည့်ကျတဲ့သူကဘဲ ပုဆိုးပိုင်းကလေးကို ဝတ်ပြီး တစ်လှည့်စီ ချိုးကြပါ သတဲ့ဗျာ)
ခုဖြစ်နေကြတာနဲ့ တထပ်ထည်းဘဲ..",1.0,2.0,1.0,5.0,4.0,"The text is a humorous anecdote reflecting Burmese social commentary. It uses natural, idiomatic Burmese and local cultural references (e.g., village headman, traditional bathing habits). While it lacks formal educational or complex reasoning depth, it is clean, well-structured, and provides an authentic glimpse into local storytelling and social satire."
<urn:uuid:c9c7f2a0-141a-419e-a83c-524122378788>,"လူတစ်ယောက်ဟာ လှလှပပနေဖို့အတွက် ဘယ်တော့မှ နောက်ကျတယ်လို့မရှိပါဘူး။ ပြီးတော့ ကိုယ့်ကိုယ်ကိုရုပ်ဆိုးတယ်လို့ မြင်ပြီး စိတ်ပျက်နေစရာလည်းမလိုပါဘူး။ လူတစ်ယောက် နဂိုကထက်ပိုလှလာဖို့အတွက် ပြောင်းလဲပစ်ချင်စိတ်ရှိဖို့ပဲလိုပါတယ်။ ကိုယ့်ကိုယ်ကို လှအောင်ပြုပြင်ဖို့အတွက် ဘယ်တော့မှလက်မလျှော့လိုက်သင့်ဘူးဆိုတာ အခုပုံလေးတွေက သက်သေပါပဲ။
(၁) ဒီလိုပြောင်းလဲဖို့အတွက် ပြုပြင်ချင်စိတ်ရှိဖို့ပဲလိုတာပါ
(၂) မိတ်ကပ်လိမ်းတတ်တာကလည်း လူတစ်ယောက်ကိုအများကြီးပြောင်းလဲသွားစေတယ်နော်
(၃) ဆံပင်ကေကလည်း လူကိုတော်တော်လေးပြောင်းလဲစေတယ်နော်
(၄) မိတ်ကပ်နဲ့ဆံပင်အပြောင်းအလဲက သင့်ကိုတခြားတစ်ယောက်လိုဖြစ်သွားစေပါတယ်
(၅) တစ်ယောက်တည်းလို့တောင်မထင်ရဘူးနော်
(၆) ကိုယ့်ကိုယ်ကိုလှအောင်နေဖို့ ဘယ်တော့မှနောက်ကျတယ်လို့မရှိဘူးနော်
(၇) လုံးဝမတူအောင် ပြောင်းလဲသွားတာ
(၈) ပြောင်းလဲသွားမှုကို မြင်တယ်နော်
(၉) ဒီလိုဖြစ်ဖို့အတွက် စိတ်အားထက်သန်ဖို့ပဲလိုတယ်
(၁၀) ကိုယ့်ကိုယ်ကိုပြုပြင်ပြောင်းလဲလိုက်ပါ
written by PP",1.0,1.0,1.0,3.0,2.0,"The text is a simple, motivational listicle about personal grooming and appearance. It lacks academic depth or complex reasoning. It is written in natural, conversational Burmese, using common colloquialisms and honorifics, but it is essentially light entertainment content rather than educational or professional material."
<urn:uuid:47c96cfe-9232-4cdb-9a60-9f3ae6fb7161>,"မိမိတို့ရဲ့ ဘလော့မှာ နာရီထည့်နည်းလေးကို သိချင်တဲ့လူရှိလို့ ပြောပြပေးလိုက်ပါတယ်..။ တကယ်တော့ လုပ်နည်းမသိသေးလို့ ခက်နေတာပါ..။ သိသွားရင်ဘာမှ မခက်တော့ပါဘူး..။ အခုဒီနည်းလေးကလည်း နာရီမှ မဟုတ်ပါဘူး.. ဘယ်ဟာကိုပဲဖြစ်ဖြစ်ဒီနည်းနဲ့ ထည့်တာပါပဲ..။ မိမိတို့ရောက်ခဲ့တဲ့ ဘလော့ဆိုဒ်တွေမှာ တွေ့သမျှ လိုချင်တာလေးတွေကို အခုဒီနည်းလေးနဲ့ လုပ်ယူလို့ ရပါတယ်..။ တချို့နေရာတွေက အကောင့်တခုဖွင့်ပေးရတယ်..။ တချို့နေရာတွေက အကောင့်ဖွင့်ဖို့ မလိုဘူး..။ ဒါပဲကွာပါတယ်..။ Cbox မှာတောင်းထားတဲ့ ကိုစောကျော်ဦးနဲ့ အတူ တခြားမသိသေးတဲ့ သူများပါ သုံးတတ်အောင်လို့ ဒီနည်းလေးကို မျှဝေလိုက်ပါတယ်ခင်ဗျာ..အရင်ဆုံး ကျနော့်ဘလော့ ပေါ်က နာရီပုံပေါ်မှာ မောက်စ်မျှားလေးတင်လိုက်ပါ..။ အောက်ကပုံအတိုင်း ClockLink နဲ့ လက်ပုံလေးပေါ်လာရင် နှိပ်ပြီး ဝင်သွားလိုက်ပါ..
အောက်ပုံမှာပြထားတဲ့ ဆိုဒ်ကိုရောက်သွားပါလိမ့်မယ်..
အောက်ကပုံမှာတော့ ကျနော်တခုကိုရွေးလိုက်ပါတယ်..
အောက်တဆင့်မှာတော့ သေချာရွေးပေးဖို့ လိုပါတယ်..
HTML ကုဒ်တွေကို copy ကူးနည်းပါ..
copy ယူလာတဲ့ ကုဒ်တွေကို မိမိတို့ရဲ့ ဘလော့ Design ကနေ Add a Gadget , ကိုဖွင့် HTML/javaScript ထဲမှာ Paste နဲ့ ထည့်ပေးလိုက်ပါ..။ အောက်ပုံမှာ ဆက်ကြည့်လိုက်ပါ..
ဒီအဆင့်ထိရောက်ရင်တော့ မိမိတို့ဖန်တီးလိုက်တဲ့ နာရီလေးကို ကြိုက်တဲ့နေရာမှာ ရွှေ့ထားလို့ ရပါပြီ.. ဆက်ကြည့်လိုက်ပါဗျာ..
ကျနော်ကတော့ ဒီအောက်ကအတိုင်း မောက်စ်နဲ့ ဖိဆွဲပြီး ရွှေ့ထားလိုက်ပါတယ်..
ပြီးရင်တော့ SAVE , View Blog ကိုနှိပ်လိုက်ရင် မိမိတို့ရဲ့ ဘလော့မှာ နာရီလေး ပေါ်လာပါပြီ..
အားလုံးပဲ လုပ်တတ်ကိုင်တတ်၍ ကျေနပ်ပျော်ရွှင်ကြပါစေခင်ဗျာ..",2.0,2.0,2.0,3.0,4.0,"The text is a tutorial on adding a clock widget to a blog. It provides clear, step-by-step instructions suitable for beginners. It is written in natural, conversational Burmese, reflecting the style of local tech-blogging communities, though it lacks deep academic or complex reasoning."
<urn:uuid:d0a2f784-adce-48d9-ae46-b44734bad4c4>,"ကိုလံဘို မတ် ၆
သီရိလင်္ကာနိုင်ငံ ကန်ဒီခရိုင်၌ ဗုဒ္ဓဘာသာဝင်များနှင့် အစ္စလာမ်ဘာသာဝင်များအကြား ပဋိပက္ခဖြစ်ပွားပြီး နောက်တစ်ရက်အကြာတွင် အများစုနှင့်ဆိုင်သော အကြမ်းဖက်မှုကို ထိန်းချုပ်နိုင်ရန်အတွက် အစိုးရက ၁ဝ ရက်ကြာ အရေးပေါ်အခြေအနေကို ကြေညာကြောင်း အစိုးရအဖွဲ့ပြောရေးဆိုခွင့်ရှိသူ ဒါယာဆီရီဂျာယာ ဆယ်ကာရာက မတ် ၆ ရက်တွင်ပြောသည်။ သီရိလင်္ကာနိုင်ငံ၌ လွန်ခဲ့သောနှစ်ပေါင်း များစွာကတည်းက ကိုး ကွယ်သည့် ဘာသာမတူသော အသိုင်းအဝိုင်းနှစ်ခုအကြား တင်းမာမှုများ ဖြစ်ပွားခြင်းဖြစ်သည်။ အစ္စလာမ်ဘာသာဝင်များသည် အခြားဘာသာဝင်များကို ၎င်းတို့၏ဘာသာသို့ အဓမ္မသွတ်သွင်းပြီး ဗုဒ္ဓဘာ သာဝင်များ ၏ ရှေးဟောင်းအမွေအနှစ်များကို ဖျက်ဆီးကြောင်း ဗုဒ္ဓဘာသာဝင်များက စွပ်စွဲထားသည်။
နိုင်ငံအတွင်းဖြစ်ပွားနေသည့် ပဋိပက္ခများကို ကာကွယ်ရန်အတွက် အစိုးရအဖွဲ့ အစည်းအဝေးတွင် အရေး ပေါ်ကြေညာချက် ထုတ်ပြန်ရန် ဆုံးဖြတ်ခြင်းဖြစ်သည်ဟု ဒါယာဆီရီဂျာယာဆယ်ကာရာက Reuters သ တင်းဌာနသို့ ပြောသည်။ ဘာသာရေး အဓိကရုဏ်း ဖြစ်ပွားစေရန် လူမှုကွန်ရက်စာမျက်နှာများတွင် သွေးထိုးလှုံ့ဆော်သူများကိုလည်း ပြင်းပြင်းထန်ထန် အရေးယူမည်ဖြစ်ကြောင်း ၎င်းက ဆက်ပြောသည်။ သီရိ လင်္ကာ အစိုးရသည် ပဋိပက္ခဖြစ်ပွားသည့် ကန်ဒီခရိုင်၌ သတ်မှတ်ချိန်အတွင်း အပြင်မထွက်ရ အမိန့်ထုတ်ပြန်ထားပြီး လက်နက်ကြီးများနှင့် ရဲတပ်ဖွဲ့ဝင်များကို တပ်ဖြန့်ချထားသည်။ အဆိုပါပဋိပက္ခအတွင်း နှစ်ဦးေ သဆုံးကာ နေအိမ်များနှင့် စီးပွားရေး အဆောက်အအုံများစွာ ပျက်စီးကြောင်း သိရသည်။
ကန်ဒီခရိုင်၌ ပဋိပက္ခတွင် ပါဝင်သူများက ညမထွက်ရအမိန့်ကို ဖီဆန်ကာ ဆူပူရမ်းကားမှုများကို ဆက်လက် ပြုလုပ်နေသဖြင့် ရဲတပ်ဖွဲ့က ညမထွက်ရ အမိန့်တားမြစ်ထားသည့်ရက်ကို တိုးမြှင့်ထားသည်။ ကန်ဒီ ခရိုင်၌ တရားဥပဒေစိုးမိုးရေးအတွက် အထူးရဲတပ်ဖွဲ့မှ တပ်ဖွဲ့ဝင်များကိုလည်း တပ်ဖြန့်ချထားကြောင်း ရဲတပ်ဖွဲ့မှ ပြောရေးဆိုခွင့်ရှိသူတစ်ဦးက ပြောသည်။",3.0,2.0,2.0,5.0,3.0,"The text is a factual news report about religious conflict in Sri Lanka. It provides educational value regarding international current events and social issues. The reasoning is straightforward, reporting on causes and government responses. It is written in natural, professional Burmese, suitable for a general audience, and is free of formatting errors or irrelevant noise."
<urn:uuid:d8544f84-1db6-4e9a-b517-b293d8d92a75>,"ပိုင်သက်ကျော် - တောင်တန်းသက်သေ ပန်းသက်သေ အခွေ။ (မအူပင်၊ကျွဲဒုံး ဇာတိ)
Shared By Zaw Lin Htun (facebook) အသံအကောင်းချည်းတော့မဟုတ်ပါ။ နားထောင်ဖြစ်ရုံသာ။
အသံကောင်းကောင်းရရင် ပြန်တင်ပေးပါမည်။ တက်နိုင်သလောက်တော့ မွမ်းမံပေးထားသည်။
ဖိုင်အမျိုးအစားနှင့် ပမာဏသတိပြုရန် (MP3/128 KBPS/54.4 MB)
နားဆင်ဖို့ နဲ့ သိမ်းထားနိုင်ဖို့ .....
PCould Link >>>>>>> Click Here
Mediafire Link >>>>>> Click Here
Other Link >>>>>>>> Click Here
+++++++++++++++++++++++++++++++++++++++++++++++++++++++
တစ်ပုဒ်ချင်းစီ နားဆင်ရယူလိုလျှင်
အဖော်မဲ့အလွမ်း လက္ခဏာရဲ့ သစ္စာ
အငြိုးမာန် မလွမ်းပိုရဲ့ ရာဇ၀င်
တောင်တန်းသက်သေပန်းသက်သေ မောင့်အသည်းကိုခွဲပေးမယ်
ချစ်ဟန်ဆောင်သူဝေ စိမ်းရက်တယ်
တောင်တန်းတစ်နေရာကအလွမ်းဝေဒနာ မင်းပျော်နိုင်ပါစေ
ငှက်ရွှေဇင်ယော် တောင်တန်းသက်သေပန်းသက်သေ",0.0,0.0,1.0,1.0,2.0,"The document is a collection of download links for music files. It lacks educational or reasoning content. It is written in natural Burmese, reflecting local social media sharing habits, but contains significant boilerplate and promotional noise, making it low in cleanliness and professionalism."
<urn:uuid:72a52383-03c0-46c9-9b50-e5be214650c5>,"လော့အိန်ဂျယ်မှာ ကျင်းပပြုလုပ်တော့မယ့် KCON ပွဲအတွက် ပရ်ိတ်သတ်တွေကတော့ စိတ်လှုပ်
ရှားနေပါပြီ။ ကယ်လီဖိုးနီယား ၊ လော့အိန်ဂျယ် မှာ သြဂုတ်လ ၁ဝ – ၁၂ရက်တွင် KCON 2018 ကို ကျင်းပပြုလုပ်သွားမှာဖြစ်ပါတယ်။ ထိုပွဲကို တက်ရောက်မယ့် ကေပေါ့ပ် အနုပညာရှင်များကတော့
Momoland, Dynamic Duo နဲ့ Crush တို့ဖြစ်ပါတယ်။
Momoland ကတော့ ဂျပန်မှာပြုလုပ်တဲ့ KCON 2018 ကို ပထမဆုံးတက်ရောက်ပြီး လော့အိန်ဂျယ်ပွဲကတော့ ဒုတိယအခေါက်ဖြစ်ပါတယ်။
Crush ကတော့ နယူးယော့နဲ့ လော့အိန်ဂျယ်မှာ ၂၀၁၅ခုနှစ်တုန်းက ပြုလုပ်ခဲ့တဲ့ KCON ပွဲကို
တက်ခဲ့ဖူးပါတယ်။
Dynamic Duo က ၂ဝ၁၃နဲ့ ၂ဝ၁၆ ခုနှစ်မှာ ကျင်းပခဲ့တဲ့ KCON ပွဲကို တက်ရောက်ခဲ့ပါတယ်။
KCON ဆိုတာ ကမ္ဘာပေါ်မှာ အခမ်းနားဆုံး K-pop Festival ပွဲကြီးဖြစ်ပါတယ်။ ကမ္ဘာတစ်ဝှမ်းက
နိုင်ငံအများစု လှည့်လည်ကျင်းပလျက်ရှိပါတယ်။ နိုင်ငံတကာ K-pop fan တွေအတွက် CJ E&M and Mnet က ဒီလိုပွဲကျင်းပဖို့ အစပျိုးခဲ့ပြီးနောက် Koreaboo ရဲ့ ဖောင်ဒါက ဆက်လက်ပြီး ၂ဝ၁၂ခုနှစ် KCON ကိုဖန်တီးခဲ့ပါတယ်။ အခုဆို အထင်ကရမြို့ ကြီးတွေဖြစ်တဲ့ Newark, USA; Chiba, Japan; Abu Dhabi, UAE; Mexico City, Mexico; Paris, France; and Sydney, Australia တို့မှာလည်း တိုးချဲ့ကျင်းပသွားမှာဖြစ်ပြီး ပွဲသို့တက်ရောက်တဲ့ နှစ်စဉ် ပရိတ်သတ်ပေါင်း ၁သိန်းကျော်ရှိတယ်လို့ သိရပါတယ်။
(Unicode)
လော့အိနျဂယျြမှာ ကငျြးပပွုလုပျတော့မယျ့ KCON ပှဲအတှကျ ပရျိတျသတျတှကေတော့ စိတျလှုပျ
ရှားနပေါပွီ။ ကယျလီဖိုးနီယား ၊ လော့အိနျဂယျြ မှာ သွဂုတျလ ၁ဝ – ၁၂ရကျတှငျ KCON 2018 ကို ကငျြးပပွုလုပျသှားမှာဖွဈပါတယျ။ ထိုပှဲကို တကျရောကျမယျ့ ကပေေါ့ပျ အနုပညာရှငျမြားကတော့
Momoland, Dynamic Duo နဲ့ Crush တို့ဖွဈပါတယျ။ Momoland ကတော့ ဂပြနျမှာပွုလုပျတဲ့ KCON 2018 ကို ပထမဆုံးတကျရောကျပွီး လော့အိနျဂယျြပှဲကတော့ ဒုတိယအခေါကျဖွဈပါတယျ။
Crush ကတော့ နယူးယော့နဲ့ လော့အိနျဂယျြမှာ ၂၀၁၅ခုနှဈတုနျးက ပွုလုပျခဲ့တဲ့ KCON ပှဲကို
တကျခဲ့ဖူးပါတယျ။ Dynamic Duo က ၂ဝ၁၃နဲ့ ၂ဝ၁၆ ခုနှဈမှာ ကငျြးပခဲ့တဲ့ KCON ပှဲကို တကျရောကျခဲ့ပါတယျ။
KCON ဆိုတာ ကမ်ဘာပျေါမှာ အခမျးနားဆုံး K-pop Festival ပှဲကွီးဖွဈပါတယျ။ ကမ်ဘာတဈဝှမျးက
နိုငျငံအမြားစု လှညျ့လညျကငျြးပလကျြရှိပါတယျ။ နိုငျငံတကာ K-pop fan တှအေတှကျ CJ E&M and Mnet က ဒီလိုပှဲကငျြးပဖို့ အစပြိုးခဲ့ပွီးနောကျ Koreaboo ရဲ့ ဖောငျဒါက ဆကျလကျပွီး ၂ဝ၁၂ခုနှဈ KCON ကိုဖနျတီးခဲ့ပါတယျ။ အခုဆို အထငျကရမွို့ ကွီးတှဖွေဈတဲ့ Newark, USA; Chiba, Japan; Abu Dhabi, UAE; Mexico City, Mexico; Paris, France; and Sydney, Australia တို့မှာလညျး တိုးခြဲ့ကငျြးပသှားမှာဖွဈပွီး ပှဲသို့တကျရောကျတဲ့ နှဈစဉျ ပရိတျသတျပေါငျး ၁သိနျးကြျောရှိတယျလို့ သိရပါတယျ။",1.0,1.0,1.0,5.0,3.0,"The text is a straightforward entertainment news report about a K-pop festival. It provides basic factual information but lacks deep educational or reasoning value. It is written in natural, standard Burmese, including both Zawgyi and Unicode versions, which is common in local digital media, and accurately reflects the interest in K-pop within the Burmese community."
