id,text,educational_value,reasoning,professionalism,cleanliness,cultural_nuances,justification
<urn:uuid:3762e57c-b361-45dc-8361-c915c51226eb>,"24-Aug-2018
တောင်ငူ၊သြဂုတ်၂၄
ပဲခူးတိုင်းဒေသကြီး ရွှေကျင်မြို့နယ် ဒုတိယမြို့နယ်အုပ်ချုပ်ရေးမှူး ဦးစိုးမိုးသူကို သြဂုတ်လ ၂၃ ရက်နေ့တွင် အဂတိလိုက်စားမှုတိုက်ဖျက်ရေးကော်မရှင်က လာရောက်စစ်ဆေးခဲ့ပြီး ရွှေကျင်မြို့မရဲစခန်းတွင် အမှုဖွင့်လှစ်ခဲ့သည်ဟု ယင်းကော်မရှင်ထံမှသိရှိရသည်။
အဆိုပါ ဒုတိယမြို့နယ်အုပ်ချပ်ရေးမှုးသည် ၂၀၁၈ ခုနှစ် ဖေဖော်ဝါရီလ ၁၈ ရက်နေ့က ရွှေကျင်မြို့ခံ ရွှေကျင်လူငယ်အဖွဲ့ကနေပြီး ရှာဖွေတွေ့ရှိခဲ့သည့် တရားမဝင်ဘီယာဖာများ တင်ဆောင်လာသည့် ယာဉ်ကိုဒုတိယမြို့နယ် အုပ်ချုပ်ရေးမှူး ဦးစိုးမိုးသူပါဝင်သည့်အဖွဲ့ဖြင့် ဖမ်ဆီးခဲ့သည့်ကိစ္စတွင် ဦးစိုးမိုးသူသည် ကျပ် (၂၅) သိန်း တောင်းခံရယူခဲ့ကြောင်း ဘီယာဖမ်းဆီးရာတွင် ပါဝင်သည့် ရွှေကျင်လူငယ် အဖွဲ့အတွက် ငွေကျပ် ၁၀ သိန်းကို ထပ်မံတောင်းခံရယူခဲ့သော်လည်း Facebook တွင် ဖော်ပြခံရ၍ ရွှေကျင်လူငယ်အဖွဲ့ဝင်များအတွက် ရယူထားသည့် ငွေကျပ် ၁၀ သိန်းကိုသာ ပြန်လည်ပေးအပ်ခဲ့ကြောင်း စစ်ဆေးပေါ်ပေါက်ချက်များအရ ဦးစိုးမိုးသူကို အရေးယူခဲ့ရသည်ဟု အဂတိလိုက်စားမှုတိုက်ဖျက်ရေးကော်မရှင်က ထုတ်ပြန်သည်။
ကျွန်တော်တို့ အတွက် ဆယ်သိန်းတောင်းထားတယ်ဆိုတာ သိရတော့ အုပ်ချုပ်ရေးမှူးကို သွားတိုင်မှဖမ်းခံထားရသူကို ပြန်ပေးလိုက်တယ်။ သူ့တွက်ငွေကတော့ ပြန်မပေးဘူးပြောလို့ နေပြည်တော်အထိ တက်တိုင်ခဲ့တာပါဟု ရွှေကျင်လူငယ်အဖွဲ့ဝင်လူငယ်တစ်ဦးက ပြောကြားသည်။
အမှုနှင့်ပတ်သက်ပြီး ဦးစိုးမိုးသူကို ရွှေကျင်မြို့မရဲစခန်းတွင် အဂတိလိုက်စားမှုတိုက်ဖျက်ရေးကော်မရှင်က တရားလိုပြုလုပ်ပြီး ၂၀၁၃ ခုနှစ်၊ အဂတိလိုက်စားမှုတိုက်ဖျက်ရေး ဥပဒေ ပုဒ်မ ၅၆ ဖြင့် အမှုဖွင့်လှစ်ပြီး တရားစွဲဆိုရေးအတွက် ဆောင်ရွက်လျက်ရှိသည်ဟု အဆိုပါရဲစခန်းမှစုံစမ်းသိရှိရသည်။
R-15
-
18-Nov-2018
-
18-Nov-2018
-
18-Nov-2018
-
18-Nov-2018
-
18-Nov-2018
-
18-Nov-2018
-
18-Nov-2018
-
12-Nov-2018
-
14-Nov-2018
-
12-Nov-2018
-
05-Nov-2018
-
15-Nov-2018",,,,,,
<urn:uuid:accc1a47-600d-4a41-9a7f-c603f4d4075e>,"စိန်နားပန်
စိန်နားပန်၏ ရုက္ခဗေဒအမည်မှာ Lantana aculeata ဖြစ်ပြီး အရပ်အခေါ် Spanish Flag ဟုခေါ်သည်။ အပွင့်အရောင်ကိုမူနည်ပြီး Red (yellow, wild) Sage ဟုလည်း ခေါ်သည်။ ဂျမေကာနိုင်ငံတွင် အရိုင်းပေါက်ပင်များဖြစ်ပြီး အပူပိုင်းဒေသများဖြစ်သော တောင်အမေရိကနှင့် အမေရိကအလယ်ပိုင်းဇာတိဖြစ်သည်။ ကမ္ဘာပေါ်ရှိ အပူပိုင်းဒေသများတွင် စိန်နားပန်၏ မျိုးစိတ်ကွဲပေါင်းများစွာ ပေါက်ရောက်သည်။ စိန်နားပန် ပန်းပင်သည် နေရောင်အပြည့်အဝ ရရှိခြင်းကို နှစ်သက်ပြီး နေရောင်အောက်တွင် အပွင့်များများ ပွင့်လေ့ရှိသည်။ မြန်မာနိုင်ငံတွင် အလေ့ကျပေါက်ပင်များအဖြစ်တွေ့ရှိရသည်။",,,,,,
<urn:uuid:ac84b719-29b1-4e85-9abd-b9afbdd9e961>,"ဓာတ်စက်ကို ဘယ်သူတီထွင်တာလဲ။
ရှေးဦးစွာ တီထွင်ခဲ့တဲ့ ဓာတ်စက်ဆိုတာက ဓာတ်ပြားချပ်နဲ့ ဖွင့်ရတာ မဟုတ်ဘူး။ အပြားမဟုတ်ဘဲ ဆလင်ဒါ (ထုလုံးချွန်) ပုံစံ အချပ်ပြားနဲ့ ဖွင့်ရတာ ဖြစ်ပါတယ်။ အမေရိကန်လူမျိုးဖြစ်တဲ့ သောမတ်စ်အက်ဒီဆင်က ၁၈၇၇ ခုနှစ်မှာ တီထွင်ခဲ့ပါတယ်။ နူးညံ့ပျော့ပြောင်းတဲ့ ဒန်သတ္ထုကို ဆလင်ဒါပုံစံလုပ်ထားတဲ့ အပြားကို အသုံးပြုခဲ့ပါတယ်။ အသံကို တုန်ခါစေတဲ့ သတ္တုအပြားပေါ်ကို အပ်နဲ့ ထိဆက်စေတဲ့အခါမှာ ဒန်သတ္တုပြားထဲမှာ သိုမှီးထားပါတယ်။ ဒီကိရိယာက အသံသိပ်မပီပြင်ဘူး။
သူက ဒန်သတ္တုအစား ဖယောင်းပြားကို ဆလင်ဒါပုံ ပြုလုပ်ပြီး အစားထိုး ပြုပြင် တိုးတက်စေခဲ့ပါတယ်။ ၁၈၈၇ ခုနှစ်မှာ ဓာတ်ပြားလေးတွေနဲ့ ဓာတ်စက်ကို အီမလီဘာလင်နာ ဆိုသူ ဂျာမန်လူမျိုးတစ်ဦးက တီထွင်ခဲ့ပါတယ်။ တွင်တွင်ကျယ်ကျယ် အသုံးပြုခဲ့တဲ့ ဓာတ်ပြားတွေကို ၁၈၉၈ ခုနှစ်မှာ စတင်ထုတ်လုပ်ခဲ့ပါတယ်။
ကောက်ရိတ်စက်ကို ဘယ်သူတီထွင်ခဲ့သလဲ။
ကောက်ရိတ်စက်တွေနဲ့ ခြွေလှေ့စက်တွေဟာ ကောက်ရိတ်စက် အမျိုးအစား နှစ်မျိုးဖြစ်ပါတယ်။ ရိတ်စက်တွေက ကောက်နှံကို ဆွဲရိတ်တယ်။ ခြွေလှေ့စက်တွေက စပါးစေ့တွေကို ခြွေယူတယ်။ ဒီလုပ်ငန်းနှစ်မျိုးဟာ တံစဉ်နဲ့ ကောက်ဆွဲကို တစ်ပြိုင်တည်း အသုံးပြု ရိတ်သိမ်းခြင်းပုံစံပဲ ဖြစ်ပါတယ်။ ၁၇၈၆ ခုနှစ်တုန်းက အင်္ဂလန်နိုင်ငံမှာ အင်ဒရူးမိုက်ခလေးက ခြွေလှေ့စက်ကို ပထမဆုံး အသုံးပြုခဲ့တာ ဖြစ်ပါတယ်။ ခြွေလှေ့စက်ထဲမှာရှိတဲ့ အမျှင်ဆွဲစည်ပိုင်းနဲ့ ကောက်နှံက စပါးစေ့တွေကို ပွတ်ယူလိုက်တာ ဖြစ်ပါတယ်။
၁၈၂၆ ခုနှစ်ရောက်တော့ အင်္ဂလန်နိုင်ငံမှာ ပက်စတစ်စ်ဘဲလ်က ကောက်ရိတ်စက်ကို တီထွင်ခဲ့ပြန်တယ်။ ကောက်ရိတ်စက်မှာ ဓားသွားတွေ တပ်ထားတယ်။ ကောက်ပင်တွေကို အတန်းလိုက် ညှပ်လို့ရအောင် တွန်းဖိပြီး ကတ်ကြေးနဲ့ ကိုက်ဖြတ်သလို ဖြတ်ယူခြင်းဖြစ်ပါတယ်။ ဒီစက်က အလုပ်တော့ သိပ်မဖြစ်လှဘူး။ အောင်မြင်စွာ ရိတ်သိမ်းနိုင်တဲ့ ကောက်ရိတ်စက်ကို အမေရိကန်ပြည်ထောင်စုမှာ တီထွင်ခဲ့ပါတယ်။ ၁၈၃၅ ခုနှစ်မှာ အမေရိကန် နိုင်ငံသား Hiram Moore ဆိုသူက တီထွင်ခဲ့ပါတယ်။
အင်ဆူလင်ကို ဘယ်သူရှာဖွေတွေ့ရှိခဲ့တာလဲ။
အက်ဖ်ဂျီဘန်းတင်းနဲ့ စီအေ့ချ်ဘက်စ်ထ် က ၁၉၂၁ ခုနှစ်မှာ အင်ဆူလင်ကို ရှာဖွေတွေ့ရှိခဲ့ပါတယ်။ အင်ဆူလင်ဆိုတာ ဆီးချိုဝေဒနာရှင်များအတွက် အသက်ကယ်ဆေး ဖြစ်ပါတယ်။ ပန်ကရိယဂလင်း ချို့ယွင်းမှုကြောင့် ဆီးချိုဖြစ်ရတယ်။ သွေးထဲမှာ ပါဝင်နေတဲ့ သကြားဓာတ်ကို မျှတကောင်းမွန်အောင် ထိန်းနိုင်ဖို့အတွက် ပန်ကရိယဆိုတဲ့ ခန္ဓာကိုယ်တွင်း သကြားဓာတ်ဖြစ်ပေါ်မှုကို ထိန်းချုပ်ပေးမယ့် အင်ဆူလင်ကို ထုတ်ပေးပါတယ်။
အင်ဆူလင်ကို ပန်ကရိယက လုံလောက်မျှတအောင် ထုတ်မပေးနိုင်ဘူးဆိုရင် သြဂဲနစ် ဖြစ်စဉ်တစ်လျှောက်မှာ အသုံးမကျတဲ့ သကြားဓာတ်တွေ ထွက်ပေါ်နေတော့တယ်။ အဲဒီတော့ သကြားဓာတ်လွန်ကဲလာပြီး ဆီးချိုရောဂါ ဖြစ်လာပါတယ်။ သွေးထဲမှာ သကြားဓာတ်ပါဝင်နှုန်းကို ထိန်းချုပ်မပေးနိုင်ဘူးဆိုရင် ဒီရောဂါဟာ အန္တရာယ်ကြီးပါတယ်။
ခင်မောင်ဇော်၊ တီထွင်မှုများ စာအုပ်မှ",,,,,,
<urn:uuid:cbac03ed-88dd-467f-86ee-1ad23435466b>,"ဧပြီမှာ ပြန်လည် အဖွဲ့ဝင်ဖို့ ကျွန်ုပ်တို့ထံ ထပ်မံလာခဲ့ပါ။ ပထမ တစ်ပါတ် အခမဲ့ အစီအစဉ် အတွင်း အဖွဲ့သို့ ထပ်မံ ပြန်လည် ဝင်ရောက် ခြင်းများကို ဆိုင်းငံံ့ ထားခြင်းဖြစ်ပါသည်။ သင် အဆင်ပြေ စေရန်အတွက် လုပ်ဆောင်ခြင်း ဖြစ်ကြောင်း သိရှိနားလည်စေလိုပါသည်။
ဤဝန်ဆောက်မှုထံမှ ဂိမ်း၊ အပ်ပလီကေးရှင်း နှင့် အခြားထုတ်လုပ်မှုများကို ဒေါင်းလုဒ် ပြုလုပ်ရန်အတွက် တစ်ပါတ်ကို ၄၅၀ ကျပ်ဖြင့် D CLUB အဖွဲ့ဝင် ဖြစ်ရန် လိုအပ်ပါတယ်။
တစ်ပါတ်ကို ၃၁၅ ကျပ်ဖြင့် D CLUB အဖွဲ့ သို့ဝင်လိုပါသလား?
သင်သည် ပြင်ပ တတိယပါတီ ပေါ်တယ် (portal) ဝန်ဆောင်မှု တစ်ခုကို ဝင်ရောက် အသုံးပြု နေခြင်း ဖြစ်ပြီး အပါတ်စဉ် ကျသင့်ငွေ ၃၁၅ ကျပ် အပြင် အကယ်၍ သင် ဤပေါ်တယ် ထံမှ ထုတ်လုပ်မှုများ ထဲမှ အပိုဆောင်း ထပ်မံ ဝယ်ယူရန် ရွေးချယ် ပါက ကျသင့်ငွေ ကို သင့် ဖုန်းလက်ကျန် ငွေ ထဲမှ နှုတ်မည် ဖြစ်သည့် အတွက် သင့် မိုဘိုင်းလ်ဖုန်းနံပါတ် ကိုအသုံးပြုရန် ခွင့်ပြုချက် ပေးပါသည်။
ရှေ့ဆက် သွားရန် အတွက် ကျေးဇူးပြုပြီး သင့်ရဲ့ ဝိုင်ဖိုင် (WiFi) ကိုပိတ်ပါ။",,,,,,
<urn:uuid:ebb4beab-88d0-46e0-9fe2-dcb09dc086bd>,"ရှမ်းပြည်နယ် မြောက်ပိုင်း ၊ပန်လုံဗျူဟာကုန်း ကို ညီနောင်မဟာမိတ်သုံးဖွဲ့က တိုက်ခိုက်သိမ်းပိုက်ခဲ့သောတိုက်ပွဲတွင်စစ်ကောင်စီတပ် တပ်မ ၉၉ တပ်မမှူး သေဆုံးခဲ့ကြောင်း စစ်ရေးသတင်းရင်းမြစ်များက အတည်ပြုသည်။
နွေဦးတော်လှန်ရေးတိုက်ပွဲများတွင် စစ်ကောင်စီတပ်မှ သေဆုံးသူများတွင် အရာရှိများစွာပါဝင်နေပြီဖြစ်သော်လည်း တပ်မမှူး သေဆုံးခြင်းမှာ ပထမဆုံးအကြိမ်ဖြစ်သည်။
“ကျွန်တော်တို့ရရှိတဲ့ ရင်းမြစ်တော်တော်များများအရ သေချာတယ်”ဟုစစ်ရေးသတင်းရင်းမြစ်တစ်ဦးကအတည်ပြုသည်။
သေဆုံးခဲ့သော တပ်မမှူးမှာဗိုလ်မှူးကြီး အောင်ကျော်လွင်ဖြစ်ပြီး ပင်လုံဗျူဟာကုန်းတိုက်ပွဲတွင် ဒဏ်ရာအပြင်းအထန်ရပြီး ဆေးကုရန် ရဟတ်ယာဥ်ဖြင့်သယ်ဆောင်စဥ်လမ်း၌ သေဆုံးခြင်းဖြစ်ကြောင်း အခြားသတင်းရင်းမြစ်တစ်ဦးကပြောသည်။ အဆိုပါတိုက်ပွဲတွင် ဌာနချုပ်ခွဲမှူး ဗိုလ်မှူးတစ်ယောက်ပါသေဆုံးခဲ့ကြောင်း၎င်းက ဆက်ပြောသည်။
သို့သော် အဆိုပါသတင်းရင်းမြစ်က ဗိုလ်မှူးကြီးအောင်ကျော်လွင်မှာ တပ်မမှူး မဟုတ်ဘဲ ဗျူဟာမှူး ဖြစ်ကြောင်းပြောသည်။ အခြားသတင်းရင်းမြစ်များကမူ စကခ-၈(စစ်ဆင်ရေးကွပ်ကဲမှုဌာနချုပ်) မှ တပ်မ ၉၉ တပ်မမှူးအဖြစ် ရာထူးတိုးဖြင့်ယခုနှစ် ဩဂုတ်လတွင်မှ ပြောင်းရွှေ့လာသူဖြစ်ပြီး ဗိုလ်မှူးအဖြစ်မှ ဗိုလ်မှူးချုပ်အပွင့်တင်ရန် စောင့်ဆိုင်းနေသူဖြစ်ကြောင်းပြောသည်။
People’s Spring အတည်ပြုမေးမြန်းသော စစ်ရေးသတင်းရင်းမြစ် ၅ ဦးတွင် ၃ ဦးက တပ်မမှူးဖြစ်ကြောင်းအတည်ပြုပြီး တစ်ဦးက ဗျူဟာမှူးဖြစ်ကြောင်းပြောသည်။
ကျန်တစ်ဦးဖြစ်သော MNDAA ပြောရေးဆိုခွင့်ရှိသူ လီကျာဝင်းက ” သတင်းတော့ကြားမိတယ် အတည်ပြုလို့တော့ မရသေးဘူး”ဟု ပြောသည်။
ကိုးကန့်တပ်မတော် (MNDAA) နှင့် ရက္ခိုင့်တပ်တော် (AA) တို့သည် စစ်ကောင်စီ၏ပန်လုံဗျူဟာကုန်း (အဓိကပင်မကုန်း) ကို နိုဝင်ဘာ ၅ ရက်တွင် တိုက်ခိုက်သိမ်းပိုက်နိုင်ခဲ့ခြင်းဖြစ်သည်။
MNDAA နှင့် AA တို့က နိုဝင်ဘာ ၄ ရက်တွင် ပန်လုံဗျူဟာကုန်း ၏ အောက်ဘက်တွင်ရှိသော “ကာကင်း” ဗျူဟာစခန်း (၂) ခုအား နိုဝင်ဘာလ (၄) ရက်နေ့တွင်စတင်တိုက်ခိုက်ခဲ့သည်။
ထိုနောက် တပ်မ (၉၉) လက်အောက်ခံ စစ်ကောင်စီတပ်ဖွဲ့ဝင်များ စခန်းထိုင်ထားသော “ပန်လုံဗျူဟာကုန်း” အား နိုဝင်ဘာလ (၅) ရက်နေ့၊ နံနက် ၅ နာရီမှစ၍ စတင်ထိုးစစ်ဆင်တိုက်ခိုက်ခဲ့ပြီး ညနေ ၅အချိန်ခန့်တွင် အပြီးသတ် ချေမှုန်းသိမ်းပိုက်ခဲ့သည်ဟု စစ်ဆင်ရေး ၁၀၂၇ က နိုဝင်ဘာ ၆ ရက်တွင်ထုတ်ပြန်သည်။
အဆိုပါ “ကာကင်း” ဗျူဟာစခန်း (၂) ခုနှင့် ၎င်း၏ ပင်မ “ပန်လုံ” ဗျူဟာစခန်းတို့အား ရက္ခိုင့်တပ်တော်တပ်ဖွဲ့ဝင်များမှ အဓိကဦးဆောင်ထိုးစစ်ဆင်ခဲ့ကြပြီး စစ်ရေးအရ ခက်ခက်ခဲခဲတိုက်ပွဲဝင်ခဲ့ရသော စခန်းသိမ်းတိုက်ပွဲတစ်ခုလည်း ဖြစ်သည်။ စစ်ကောင်စီတပ်က ရဟတ်ယာဉ်၊ ဂျက်တိုက်လေယာဉ်တို့ဖြင့် အကြိမ်ပေါင်းများစွာ ခုခံကာကွယ်တိုက်ခိုက်နေသည့်ကြားမှ တော်လှန်ရေး တပ်ဖွဲ့ဝင်များ၏ ဗျူဟာမြောက်ထိုးစစ်နှင့်အတူ ပေးဆပ်မှုများစွာဖြင့် “ပန်လုံဗျူဟာကုန်း” အား အပြီးသတ်သိမ်းပိုက်ရယူနိုင်ခဲ့ ခြင်း ဖြစ်သည် ဟု ၁၀၂၇ စစ်ဆင်ရေးက တိုက်ပွဲအကြောင်းဖော်ပြထားသည်။
ဗျူဟာကုန်းသိမ်းတိုက်ပွဲအတွင်း အသက်ပေးဆပ်စွန့်လွှတ်ခဲ့ရသော ရဲဘော်များအား လေးနက်စွာ မှတ်တမ်းတင် ဂုဏ်ပြုအပ် သကဲ့သို့ ၁၀၂၇ စစ်ဆင်ရေးကာလတစ်လျှောက် အသက်၊ ခန္ဓာပေးဆပ်စွန့်လွှတ်ခဲ့ကြရသော အဖွဲ့အစည်းအသီးသီးမှ ရဲဘော် တစ်ယောက်ချင်းစီကိုလည်း မှတ်တမ်းတင်ဂုဏ်ပြုအပ်ပါသည်ဟုလည်း ဆက်လက်ဖော်ပြထားသည်။
စစ်ကောင်စီ၏ တပ်မ ၉၉ သည် ရှမ်းပြည်နယ်မြောက်ပိုင်းတပ်ပွဲတွင် မုံးကိုးတွင် အခြေပြု၍ လက်အောက်ခံ ၁၀ ရင်းအား ကိုးကန့်နယ်မြေများတွင် ခွဲဖြန့်ထားပြီး ညီနောင်မဟာမိတ်တပ်ဖွဲ့များနှင့် တိုက်ခိုက်နေသည်။ ၁၀၂၇ စစ်ဆင်ရေး စတင်ပြီးနောက် တပ်မ ၉၉ မှ အရာရှိများ ၊စစ်သားများ သေဆုံးမှု အလွန်များနေကြောင်းလည်းသိရသည်။",,,,,,
<urn:uuid:ea3c096f-681d-4fe8-83d9-4377ec4107ee>,"ရန်ကုန် ဖေဖော်ဝါရီ ၁၁-၂၀၁၉
သင်းသဒ္ဒါ (VOM)
ခေတ်နဲ့သစ်ရဲ့ မေမေဖြစ်တဲ့ အဆိုတော် ချစ်သုဝေကတော့ ရှစ်နှစ်ကြာမှ ကတိလို့ အမည်ပေးထားတစ်ကိုယ်တော်ခွေ ထုတ်လိုက်ပါတယ်။
”၈ နှစ် ကြာမှ ခွေထွက်တော့ ထရီဇာ ရင်ခုန်တယ် အသစ်တစ်ယောက်လို့ ပြန်ခံစားမိတာပေါ့။ ပရိသတ်တွေလည်း ကိုယ့်သီချင်းတွေ မေ့နေမလားပေါ့”လို့ဆိုပါတယ်။
သူမကတော့ ဒုတိယမြောက် တစ်ကိုယ်တော် “ကတိ” (Promise) တေးအယ် လ်ဘမ်မှာ သီချင်း ၁၀ ပုဒ်ပါဝင်ပြီးတော့ ဝေလ ၊ စံပီး၊ ဇ၀ါ၊ နေ၀ါ နဲ့ လင်းလင်း တို့က ရေးသားဖော်ကျူးပေးထားတယ်လို့သိရပါတယ်။ ဒီခွေမှာ ကိုယ်ပိုင်သံစဉ်သီချင်းသစ်တွေပါဝင်ပြီးတော့ ဖေဖော်ဝါရီ ၁၄ ရက်တွင် Bo Bo Music Productionကနေ ဖြန့်ချိမှာပါ။
” ထရီဇာရဲ့ ဇာတ်ကားကြိုက်ကူးမှုတွေကလည်း အဲအချိန်က ရှိနေတယ်။ ကားရိုက်ရင်က ထရီဇာ က ကိုယ် ၀န်ရှိသွားတယ်။ ကိုယ်ဝန်နဲ့လည်း သီချင်းလေးတွေလည်း ဆိုထားတာပါတယ်။ သမီးလေးတစ်ဖက်နဲ့ အတတ် နိုင်ဆုံးဆိုဖြစ်တယ်။ ဘာကြောင့်ကြာခဲ့လဲဆိုတော့ Studio ၀င်ရင် အင်အားပြည့်နဲ့ စိတ်ကိုတက်ကြွအောင် နေပြီး ဆိုတာမျိုးကို။ ခုခွေမှာတော့ ဦးနှောက်ထဲမှာပဲ သီချင်းတွေကို လေ့ကျင့်ရတယ်။ ရေးချိုးခန်း၊ အိမ်သာထဲမှာမှ ဘယ်လိုနေရာ ဘယ်လိုဆိုမယ်ဆိုတာ ကျင့်ဖြစ်တယ်။ ဟာမိုနီပိုင်းမှာလည်း ကြိုးစားပင်ပန်းလုပ်ရတယ်။ က လေး နှစ်ယောက်ဆိုတော့ ညတွေမှာလည်း အိပ်ရေးမ၀ဘူး။နို့လည်း တိုက်နေရတော့။ သမီးလေးတွေကို လက် လွှတ်လို့ ရသွားတယ်။ကိုယ်တိုင် ကျေနပ်အားရမှ ခွေထုတ်ဖြစ်တာကြောင့် ကြာသွားတာပါ”လို့ဆိုပါတယ်။
ဓာတ်ပုံ – သင်းသဒ္ဒါ",,,,,,
<urn:uuid:53031c4c-7665-4d95-b959-eb872d646cb1>,"07-Nov-2018
တိုကျို နိုဝင်ဘာ ၆
ဂျပန်နိုင်ငံတွင် ကျောင်းနေအရွယ်ကလေးများ၏ သေကြောင်းကြံစည်မှုနှုန်းသည် နှစ်ပေါင်းသုံးဆယ်အတွင်း အမြင့်ဆုံးသို့ ရောက်ရှိလာခဲ့သည်ဟု ဂျပန်ပညာရေးဝန်ကြီးဌာနက ပြောကြားလိုက်ကြောင်း BBC သတင်းတွင် ဖော်ပြထားသည်။
၂၀၁၆-၂၀၁၇ ပညာသင်နှစ်အတွင်း မူလတန်းမှ အထက်တန်းအကြား ကျောင်းနေအရွယ် လူငယ် ၂၅၀ ခန့် ကိုယ့်ကိုကိုယ် သေကြောင်းကြံစည်ခဲ့ကြသည်ဟု မှတ်တမ်းများအရ သိရှိရသည်။
အဆိုပါ အရေအတွက်သည် ယခင်နှစ်ကထက် ငါးဆတိုးလာခြင်းဖြစ်ပြီး ၁၉၈၆ ခုနှစ်နောက်ပိုင်း အမြင့်ဆုံးဖြစ်သည်။
သေကြောင်းကြံစည်သော ကလေးအများစု၏ စိုးရိမ်သောကများထဲတွင် မိသားစုပြဿနာများ ပါဝင်ပြီး ၎င်းတို့၏ အနာဂတ်နှင့် အနိုင်ကျင့်ခံရမှုများအပေါ် စိုးရိမ်မှုရှိခဲ့ကြသည်ဟုဆိုသည်။
သို့ရာတွင် သေကြောင်းကြံစည်သွားသူများအနက်မှ ၁၄၀ ခန့်မှာ မည်သည့်စာမှ ထားမသွားသောကြောင့် သေကြောင်းကြံရသည့်အကြောင်းရင်းကို မသိရဟု ကျောင်းများက ပြောကြားသည်။
ဂျပန်နိုင်ငံတွင် အသက် ၁၈ နှစ်အထိ အထက်တန်းပညာကို သင်ယူရသောကြောင့် ၎င်းတို့အများစုမှာ အထက်ကျောင်းသားအရွယ်များ ဖြစ်သည်ဟု သိရှိရသည်။
ဂျပန်အစိုးရရုံးက ၂၀၁၅ တွင် ထုတ်ပြန်ခဲ့သော အစီရင်ခံစာအရ ၁၉၇၂ မှ ၂၀၁၃ အထိ လေ့လာသုံးသပ်မှုတွင် စက်တင်ဘာလ ၁ ရက်တွင်စတင်သော စာသင်နှစ် ဒုတိယပိုင်းအစတွင် သေကြောင်း ကြံစည်မှု အများဆုံး ဖြစ်ပွားလေ့ရှိသည်ဟု ဖော်ပြထားသည်။
၂၀၁၅ တွင် သေကြောင်းကြံစည်မှု အမြင့်ဆုံးနိုင်ငံများထဲတွင် ဂျပန်နိုင်ငံပါဝင်ခဲ့သော်လည်း ကာကွယ်တားဆီးရေး အစီအစဉ်များကို စတင်ကျင့်သုံးပြီးနောက်ပိုင်း အရေအတွက် ကျဆင်းလာခဲ့သည်ဟု ကမ္ဘာ့ကျန်းမာရေးအဖွဲ့ WHO က ထုတ် ပြန်ထားသည်။
၂၀၁၇ တွင် ဂျပန်နိုင်ငံတစ်လွှား စုစုပေါင်း သေကြောင်းကြံစည်မှုပေါင်း ၂၁,ဝ၀၀ ရှိခဲ့ရာ ၂၀၀၃ ခုနှစ်က အရေ အတွက် ၃၄,၅၀၀ မှ လျော့ကျလာခဲ့ခြင်းဖြစ်သည်ဟု ရဲဌာနက ပြောကြားသည်။
သို့ရာတွင် ကလေးများ၏ သေကြောင်းကြံစည်မှုနှုန်းမှာမူ မြင့်တက်နေဆဲဖြစ်ပြီး ဂျပန်လူငယ်များ၏သေဆုံးမှု အဓိကအကြောင်းရင်းတစ်ခုဖြစ်နေသည်။
“ကျောင်းသားအရွယ် သေကြောင်းကြံစည်မှုနှုန်း မြင့်မားနေတာဟာ အလေးထား ကိုင်တွယ်ဖို့ လိုနေပြီလို့ သတိပေး ခေါင်းလောင်းထိုးလိုက်တာပါပဲ”ဟု ပညာရေးဌာနမှ တာဝန်ရှိသူ နိုရီယာကီကီတာဇာကီက ပြောကြားသည်။
F-04
-
05-Jul-2020
-
05-Jul-2020
-
05-Jul-2020
-
05-Jul-2020
-
05-Jul-2020
-
05-Jul-2020
-
02-Jul-2020
-
03-Jul-2020
-
02-Jul-2020
-
01-Jul-2020
-
05-Jul-2020
-
01-Jul-2020",,,,,,
<urn:uuid:5285df00-3562-4c66-9f9f-0d1af3af5885>,"အင်ဒိုနီးရှား အဓိကရုဏ်း ၆ ဦးသေ၊ ၂၀၀ ဒဏ်ရာရ
အင်ဒိုနီးရှားနိုင်ငံ ဂျာကာတာမြို့တော်တွင် ရွေးကောက်ပွဲအပြီး ဒေါသထွက်နေသည့် လူအုပ်က မော်တော်ယာဉ်များ မီးရှို့ခြင်း၊ မီးကျည် မီးပန်းများ ပစ်ဖောက်ခြင်း၊ မိုလိုတော့ ဓာတ်ဆီပုလင်း များဖြင့် ပစ်ပေါက် မီးရှို့ခြင်းတို့ ပြုလုပ်ရာ ၆ဦးသေဆုံးကာ ၂၀၀ ဒဏ်ရရှိကြောင်း သိရသည်။
လက်ရှိသမ္မတ ဂျိုကို ဝီဒိုဒို အနေဖြင့် ဒုတိယ သမ္မတ သက်တမ်းတာဝန်ထမ်းရန် ထောက်ခံမဲ ၅၅ ဒဿမ ၅ ရာခိုင်နှုန်း ရရှိခဲ့ခြင်းအပေါ် မကျေနပ်၍ ဆန္ဒပြခဲ့ခြင်း ဖြစ်ပြီး၊ ကျောက်ခဲများ ပစ်ပေါက်ခြင်း၊ မီးရှို့ခြင်းကြောင့် လုံခြုံရေးတပ် အင်အား ၅ သောင်းက မျက်ရည်ဗုံးနှင့် မီးသတ်ရေပိုက်များသုံး၍ ဖြိုခွင်းခြင်း ဖြစ်သည်။
သမ္မတ ဂျိုကို ဝီဒိုဒို၏ ပြိုင်ဘက်ဖြစ်သူ ပရာဘို ဝိုစူဘီယန်တိုက ရွေးကောက်ပွဲ ရလာဒ်ကို ငြင်းပယ်ပြီး၊ လိမ်လည်မှုဟု စွပ်စွဲသော်လည်း သက်သေ အထောက်အထားပြ နိုင်ခြင်းမရှိပေ။
ဝီဒိုဒိုက စူဘီယန်တိုကို မဲ ၁၇ သန်း (သို့မဟုတ်) အကြမ်းဖျင်း တနိုင်ငံလုံးလူဦးရေ၏ ၁၅ ရာခိုင်နှုန်း ထောက်ခံမဲဖြင့် အနိုင်ရရှိခဲ့ခြင်းဖြစ်သည်။ စူဘီယန်တိုက အင်ဒိုနီးရှားဖွဲ့စည်းပုံအခြေခံဥပဒေဆိုင်ရာတရားရုံး၏ အဆုံးအဖြတ်ယူရန် စိန်ခေါ်ခဲ့သည်။
လူမှုကွန်ရက်များတွင် တွေ့ရသော ပုံများအရ ညလုံးပေါက်မငြိမ်မသက်ဖြစ်ခဲ့ပြီး အချို့နယ်မြေများတွင် အကြမ်းဖက်မှုများ ပြင်းထန်စွာဖြစ်ပွားခဲ့သည်။
အာဏာပိုင်များက သတိပေးချက်များ တင်းကြပ်စွာထုတ်ပြန်ခဲ့ပြီး ရွေးကောက်ပွဲနှင့်နောက်ဆက်တွဲဆန္ဒပြမှုများကို ပစ်မှတ် ထားလျက် အသေခံဗုံးခွဲမည့်သူ ၃၀ ကိုလည်း ဖမ်းဆီးထားကြောင်း၊ အမျိုးသားရဲတပ်ဖွဲ့ပြောခွင့်ရသူက ဒဲဒီပရာစက်ယို၏ အဆိုအရ လူ ၂၀ ခန့် ဖမ်းဆီးထားကြောင်း သိရသည်။
လတ်တလော သေဆုံးသူ အများစုမှာ လုံခြုံရေး တပ်ဖွဲ့ ဝင်များ ဖြစ်ပြီး လူအုပ်အတွင်းသို့ လက်နက်မဲ့ ဝင်ရောက် ရှင်းလင်း စဉ် သေဆုံးသွားခြင်း ဖြစ်ကြောင်းလည်း သူက ဆိုသည်။
“ကျနော်တို့ စစ်ဆေးနေတုန်းပါ။ ဒါပေမယ့် ကျနော့်အနေနဲ့ ရဲအရာရှိများအနေနဲ့ ကျည်ဆန်အစစ် မသုံးဘူးဆိုတာ ထပ်လောင်း အတည်ပြုပြောကြားလိုပါတယ်” ဟု ပရာစက်ယိုက သတင်းထောက်များကို ရှင်းပြသည်။
အငြိမ်းစား ဗိုလ်ချုပ်ကြီးတဦးနှင့် အငြိမ်းစား အင်ဒိုနီးရှား အထူးတပ်ဖွဲ့ တပ်မှူး တဦးအပါအဝင် စူဘီယန်တိုကို ထောက်ခံ ၃ ဦးကိုလည်း အာဏာပိုင်များက ပုန်ကန်မှုသံသယဖြင့် ဖမ်းဆီးထိန်းသိမ်းထားသည်။
တချိန်တည်းမှာပင် အင်ဒိုနီးရှားလုံခြုံရေးဝန်ကြီးက အစိုးရအနေဖြင့် လှုံ့ဆော်ခြင်း သတင်းအမှားများ ပျံ့နှံ့ခြင်းတို့အတွက် လူမှုကွန်ရက်များကို တစိတ်တပိုင်း ဖြတ်တောက်ပိတ်ဆို့သွားမည်ဖြစ်ကြောင်း ဗုဒ္ဓဟူးနေ့က ကြေညာခဲ့သည်။
You may also like these stories:",,,,,,
<urn:uuid:67d851c7-f5eb-4620-aa46-e5e335f56473>,"သတင်းများ
ကျွနု်ပ်တို့အကြောင်း
Sections
သတင်းများ
ကျွနု်ပ်တို့အကြောင်း
Topics
အနုပညာရှင်များ
ဗဟုသုတအဖြာဖြာ
အားကစားသတင်းများ
ကျန်းမာရေး
နေ့စဉ်သတင်းများ
နိုင်ငံတကာသတင်းများ
အနုပညာရှင်များ
ဗဟုသုတအဖြာဖြာ
အားကစားသတင်းများ
ကျန်းမာရေး
နေ့စဉ်သတင်းများ
နိုင်ငံတကာသတင်းများ
အနုပညာရှင်များ - Page 1448
ဝေဖန်မှုတွေကြောင့် စိတ်မကောင်းဖြစ်နေတဲ့ ညောင်ညောင်
ထိပ်တန်းမင်းသားလုံးဝမပါဘဲ ရွှေမှုံရတီအထူးပါ၀င်တဲ့ ဇာတ်ကားကြီး
စိုးပြည့်သဇင်နဲ့ အတွဲများရတဲ့အကြောင်း ဟိန်းဝေယံပြောပြီ
ဆံပင်ကေအသစ်လေးနဲ့ လှနေတဲ့ သွန်းဆက်
အပြိုင်အဆိုင် နန်းဆန်နေကြတဲ့ မိုး ၊ စိုး ၊ ကစ် ၊ စူ ၊ သု နဲ့ အူဝဲ တို့ ညီအမတွေ
ဖက်ရှင်ပိုင်းဆိုင်ရာမှာ ပရိသတ်တွေစိတ်ဝင်စားရတဲ့ မင်းသမီးတွေ
အနုပညာအလုပ်တွေ ပြန်လုပ်နေပြီဖြစ်တဲ့ အိစိကွေး
SAI Cosmetics ကို သဘောကျနေတဲ့ ပက်ထရစ်ရှာ
ပြည်ပသို့ရောက်ရှိနေတဲ့ အနုပညာရှင်တွေ
ဇေရဲထက်ပါဝင်ထားတဲ့ ""လှရွှေနှင့် သူ၏သူငယ်များ""
""မာမီ့အချစ်ကလေး အိပ်နေတယ်"" ဆိုလိုက်တဲ့ မေမေဆုပန်ထွာရဲ့မိခင်စိတ်
မထင်မှတ်ဘဲဆုံတွေ ့ရင်း မိဘမဲ့ကလေးတွေအတွက် အလှူအတူတူပြုလုပ်ဖြစ်ခဲ့တဲ့ ခို်င်နှင်းဝေနဲ ့ပိုးမီ
“တိုက်ခိုက်တာတွေရပ်ပေးဖို့ တောင်းဆိုလိုက်တဲ့ ဝိုင်းစုခိုင်သိန်း”
လွမ်းမောတမ်းတမိတဲ့ ရဝေအောင်နဲ့ တစ်ချိန်က စူပါမင်းသမီးများ
ကောင်မလေးတွေဝိုင်းနမ်းတာခံလိုက်ရတဲ့ Gfatt
အင်္ဂလိပ်သီချင်းတွေနဲ့ အမွန်းရဲ့ သီချင်ခွေ
မိန်းကလေးအများစုရဲ့ အိပ်မက်ဖြစ်နေမလား..
ဘန်ကောက်မှာ သားဦးလေးအတွက် စျေးဝယ်ထွက်နေတဲ့ သင်ဇာနွယ်ဝင်းတို့စုံတွဲ
ရင်ဖိုလှိုက်မောဖြစ်စေတဲ့ နန်းနန်း (နန်းသီရီမောင်) ပုံများ
စူပါမော်ဒယ်အွန်ဆိုင်းရဲ ့အရမ်းလန်းနေတဲ့ ကမ်းခြေဖက်ရှင်ပုံရိပ်များ
1
...
1444
1445
1446
1447
1448
1449
1450
1451
1452
• • •
1649",,,,,,
<urn:uuid:c6be730a-b344-4c24-b18d-3f80b87fe5f4>,"မလတ်တောင်ပြိုကျမှု သေဆုံးသူ ၃၀ ၏ ရုပ်အလောင်းများရှာဖွေတွေ့ရှိ
မွန်ပြည်နယ်၊ ပေါင်မြို့နယ်၊ မုတ္တမ သဲဖြူကုန်းကျေးရွာအုပ်စုရှိ မလက်တောင်ပြိုကျမှုမှ သေဆုံးသူ ရုပ်အလောင်း ၃၀ အထိ ရှာဖွေတွေ့ရှိကြောင်း မြန်မာနိုင်ငံ မီးသတ် တပ်ဖွဲ့က သတင်း ထုတ်ပြန်ထားသည်။
တောင်ပြိုကျခဲ့သော ဧရိယာအတွင်း လူဦးရေ တရာကျော်နေထိုင်မည်ဟု ခန့်မှန်းထားပြီး ပျောက်ဆုံး နေသူများစာရင်းကို လက်တလော အတည်ပြု ပြောဆို၍ မရနိုင်သေးကြောင်း မွန်ပြည်နယ် အစိုးရအဖွဲ့ လူဝင်မှုကြီးကြပ်ရေးနှင့် လူ့စွမ်းအား အရင်းအမြစ် ဝန်ကြီးဌာနဝန်ကြီး ဦးထွန်းမင်းအောင်က ရှင်းပြသည်။
သဲဖြူကုန်းကျေးရွာ တောင်ပြိုသည့် ဧရိယာဘေးနေထိုင်သူ ဦးတင်ရွှေ က “တချို့အိမ်တွေက ၁၀ ယောက်ကျော်တဲ့ အိမ်တွေလည်းရှိတယ်၊ ဟိုဘက်က ဦးကရင်တို့အိမ်ဆို မိသားစုလိုက် မရသေးဘူး၊ ကျန်တဲ့ဟာတွေက မတွေ့ကြသေးဘူး”ဟု ဆိုသည်။
မြန်မာနိုင်ငံ မီးသတ်တပ်ဖွဲ့၏ ထုတ်ပြန်ချက်အရ အဆိုပါ အရေအတွက်မှာ ယနေ့ မွန်းတည့် ၁၂ နာရီအထိ ရှာဖွေတွေ့ရှိမှုဖြစ်သည်။ မွန်ပြည်နယ်အစိုးရ၏ သတင်းထုတ်ပြန်ချက်အရ အသက်ရှင်လျှက် ကယ်ဆယ်နိုင်ခဲ့သူ ၄၁ ဦးရှိသည်ဟု သိရသည်။
တောင်ပြိုသည့်နေရာသည် မော်လမြိုင် – ရန်ကုန်လမ်းမကြီး မိုင်တိုင်အမှတ် ၁၈၄/၅ နှင့် ၁၈၄/၆ အကြား တွင်ရှိပြီး သြဂုတ် ၉ ရက်နေ့ နံနက်ပိုင်းက ပြိုကျခဲ့ခြင်းဖြစ်သည်။
တောင်ပြိုကျမှုကြောင့် ပြန်လည်ရရှိခဲ့သော သေဆုံးအလောင်းများမှာ ကျား ၁၀ ဦးနှင့် မ ၈ ဦးဖြစ်ပြီး လမ်းမကြီးပေါ်တွင် ပိတ်ဆို့လျက်ရှိသည့် တောင်မြေများအား မြေတူးစက် (Backhoe/ Dozer) ၁၀ စီးဖြင့် ဖယ်ရှားရှင်းလင်းနေကြောင်းလည်း ယင်းအစိုးရအဖွဲ့က သတင်းထုတ်ပြန်ခဲ့သည်။
သဲဖြူကုန်းကျေးရွာအုပ်စု အုပ်ချုပ်ရေးမှူး ဦးဝင်းဇော်ကလည်း မလတ်တောင် ပြိုကျသည့် ဧရိယာအတွင်း ခန့်မှန်း အိမ်ခြေ ၁၆ လုံးဝန်းကျင် ရှိနိုင်ပြီး လူဦးရေ ၉၆ ဦးဝန်းကျင်နေထိုင်ကြောင်းနှင့် မလတ်တောင် ပြိုကျစဉ် လူဦးရေ မည်မျှပါရှိသွားသည်ကိုတော့ လက်တလော မသိရှိနိုင်သေးကြောင်း ပြောသည်။
ပြိုကျခဲ့သည့် မလတ်တောင်ခြေရင်းတွင် ဥတ္တရာရာမ ဘုန်းကြီးကျောင်းလည်း တည်ရှိနေပြီး တောင်ပြိုမှု ဖြစ်စဉ်ကြောင့် သံဃာတော်တပါး ပါရှိသွားသည်ဟု လူမှုကယ်ဆယ်ရေးအဖွဲ့များထံမှ သိရသည်။
သြဂုတ် ၈ ရက်နေ့ညပိုင်းတွင် ရေကြီးရေလျှံဖြစ်ပွားခြင်းကြောင့် မြေနိမ့်ပိုင်းနေသူအချို့မှာ ရေဘေးရှောင်ရန် ဆွေမျိုးများနေအိမ်သို့ လာရောက်ရှားနေထိုင်ရာမှ တောင်ပြိုမှုဖြစ်စဉ်ထဲ ပါသွားသည့် မိသားစုများလည်း ရှိသည်ဟု သဲဖြူကုန်း ဒေသခံများက ပြောဆိုနေကြသည်။
သဲဖြူကုန်းကျေးရွာရှိ ရန်ကုန်–မော်လမြိုင် အဝေးပြေးလမ်းမကြီး ကားလမ်းကျော်မှု ဖြစ်နေခြင်းကြောင့် အဝေးပြေးလမ်းပေါ်တွင် ခရီးသွားကားများနှင့် ကုန်တင်တွဲကားများမှာ ရေကျချိန်စောင့်ဆိုင်း ရပ်နားထားစဉ် တောင်ပြိုကျမှုကြောင့် ယင်းကားများပါ တောင်မြေဖုန်းပိသွားခဲ့ရကြောင်း တောင်ပြိုမှုကြောင့် ထိခိုက်ဒဏ်ရာရရှိခဲ့သော ရန်ကုန်–မော်လမြိုင် ကုန်တင်ကားမှ လွတ်မြောက်လာသူ ယာဉ်နောက်လိုက် ကိုအောင်သီဟဦးက ပြောပြသည်။
အဆိုပါကျေးရွာမှာ အစ္စလာမ်အများစု နေထိုင်ကြပြီး အစ်နေ့အတွက် ဝယ်ယူထားသည့် နွားများလည်း ပါရှိသွားကြောင်း ဒေသခံများက ပြောပြသည်။
ယင်းတောင်ခြေနေထိုင်သူများနှင့် ယင်းတောင်ခြေမှ စီးပွားရေးလုပ်ငန်းလုပ်ငန်းရှင် အချို့မှာ တောင်ခြေရင်းကို ဖြတ်ထုတ်၍ တညီတည်းဖြစ်ရန် အောက်ခြေမြေညှိထားကြသဖြင့် မိုးရေများချိန်တွင် တောင်အပေါ်ပိုင်းက ပြတ်ကျခြင်းလည်း ဖြစ်နိုင်သည်ဟု သဲဖြူကုန်းဒေသခံ ကိုညီညီဝင်းက သုံးသပ် ပြောဆိုသည်။
You may also like these stories:",,,,,,
<urn:uuid:b4ee0d98-91ee-44fa-8b58-785e3c2c295f>,"ထောင်နဲ့ချီတဲ့ ဆီးရီးယားနဲ့ အခြားနိုင်ငံက ရွှေ့ပြောင်းနေထိုင်သူတွေဟာ ဗုဒ္ဓဟူးနေ့က မက်ဆီဒိုးနီးယားနိုင်ငံဘက်က နယ်စပ်ကို ပိတ်ထားလိုက်တဲ့အတွက် ဥရောပမြောက်ပိုင်းကို ဆက်သွားလို့ မရတော့ဘဲ၊ အခုအချိန်မှာ ဂရိနိုင်ငံမှာ သောင်တင်နေကြပါတယ်။
ပြီးခဲ့တဲ့အပတ်က ဆလိုဗေးနီးယား၊ ခရိုအေးရှားနဲ့ ဆာဘီးယားနိုင်ငံတွေက နိုင်ငံနယ်စပ်တွေကို ပိတ်ပြီး၊ နိုင်ငံရေးခိုလှုံခွင့် တောင်းခံသူအချို့ကလွဲရင် ဖြတ်သန်းသွားတဲ့ ရွှေ့ပြောင်းနေထိုင်သူ အားလုံးကို ဝင်ခွင့်ပိတ်ပင်ထားလိုက်ပြီးတဲ့နောက် ၁ ရက်အကြာမှာ မက်ဆီဒိုးနီးယား ရဲတွေက နယ်စပ်ကို ပိတ်ထားလိုက်တာ ဖြစ်ပါတယ်။
အခုလို နယ်စပ်တွေကို ပိတ်ထားလိုက်တာကြောင့် ရွှေ့ပြောင်းနေထိုင်သူ အများပြားဟာ ဥရောပ အနောက်ပိုင်းက ချမ်းသာကြွယ်ဝတဲ့ နိုင်ငံတွေဆီကို သွားရောက်ကြတဲ့ ဘော်လ်ကန် လမ်းကြောင်းလို့ ခေါ်တဲ့ လမ်းကြောင်းဟာ ပိတ်သွားပြီဖြစ်ပါတယ်။
အခုလို ဘော်လ်ကန်နိုင်ငံတွေက နယ်စပ်တွေကို ပိတ်ထားလိုက်ပေမဲ့ ဥရောပသမဂ္ဂနဲ့ အိမ်နီးချင်းနိုင်ငံတွေဟာ ဘော်လ်ကန်နိုင်ငံတွေကို ကျော်လွန်ပြီး၊ အခြား အီးယူနိုင်ငံတွေထဲ ရောက်နှင့်ပြီး ဖြစ်နေတဲ့ ရွှေ့ပြောင်းနေထိုင်သူ အမြောက်အများကို ကိုင်တွယ်နိုင်ဖို့ ဖိအားပေး ခံနေရပါတယ်။ တူရကီနိုင်ငံမှာဆိုရင် ရွှေ့ပြောင်းနေထိုင်သူ ၂.၇ သန်းလောက် ရောက်ရှိနေပြီး၊ ဆက်လက် ခရီးထွက်ခွာဖို့ စောင့်ဆိုင်းနေကြပါတယ်။",,,,,,
<urn:uuid:dc89a8c2-3713-4524-b45e-e3fa0d1eaaa9>,"မောင်တောနယ်စပ် အစွန်အဖျား ဝေးလံခေါင်ပါး ကျေးရွာများတွင် အမျိုးသမီး ဆရာမများအစား အမျိုးသားဆရာများကို အစားထိုး ခန့်အပ်သွားမည်ဖြစ်ကာ ကျောင်းဆရာများကို အခြေခံစစ်ပညာ သင်ပေးသွားမည်ဟု ရခိုင်ပြည်နယ် အစိုးရအဖွဲ့ လူမှုရေးဝန်ကြီး ဒေါက်တာချမ်းသာက ပြောကြားသည်။
ရခိုင်ပြည်နယ် အစိုးရအဖွဲ့ လူမှုရေးဝန်ကြီး ဒေါက်တာချမ်းသာက “ဒီနေရာမှာ ရေရှည်အနေနဲ့ အဲဒီရွာတွေမှာ ကျွန်တော်တို့ အမျိုးသမီး ကျောင်းဆရာမတွေကို ထားရတဲ့ အင်မတန်မှ ကျွန်တော်တို့အတွက် တာဝန်ကြီးမားတယ်။ သူတို့အတွက်လည်း မိဘတွေ အတွက်လည်း သားသမီးချင်း ကိုယ်ချင်းစာတဲ့ အနေနဲ့ သူတို့နေရာမှာ အစားထိုးဖို့အတွက် ကျွန်တော်တို့မှာ အစီအမံတွေ ဆောင်ရွက်ထားတာ ရှိပါတယ်။ အထူးသဖြင့် ကျွန်တော်တို့ ဒေသမှာ နိုင်ငံခြားကို သွားအလုပ်လုပ်ပြီး ပြန်လာတဲ့ ကျွန်တော်တို့ရဲ့ ဘွဲ့ရ လူငယ်တွေ ရှိပါတယ်။ သို့သော်လည်းပဲ သူတို့ အသက်သည် ၃၀ ကျော်သွားတဲ့အတွက်ကြောင့် ပညာရေးဌာနမှာ လုပ်ချင်တောင်မှ သူတို့ လုပ်ခွင့် မရပါဘူး။ အဲဒီတော့ ပညာရေး ပြည်ထောင်စုဝန်ကြီးဆီ တင်ပြပြီး ထားပါတယ်။ အခုလည်း ၀န်ကြီးချုပ် နေပြည်တော်သွားလို့ရှိရင် ထပ်ပြီးတပ်ပြဖို့ ဖြစ်ပါတယ်။ ၃၅ နှစ်အောက် ဘွဲ့ရပြီးလူတွေကို ကျွန်တော်တို့ အခု စုစည်းနေပါတယ်။ အဲဒီ ကျောင်းဆရာတွေကို နယ်စပ်ဒေသမှာရှိတဲ့ ဆရာမတွေ နေရာမှာ အစားထိုးဖို့ ဖြစ်ပါတယ်။ လိုအပ်ရင် အဲဒီ ကျောင်းဆရာတွေကို ကျွန်တော်တို့ အခြေခံ စစ်ပညာကအစ သင်ပေးဖို့အထိ ကျွန်တေ်ာတို့ ရည်မှန်းထားပါတယ်။ ဒါကြောင့် ဒီမှာပါတဲ့ ဘွဲ့ရပညာတတ် ၃၅ နှစ်အောက် ယောက်ျားတွေဟာ ကျွန်တော်တို့ ကျောင်းဆရာ လုပ်ချင်တယ်။ တိုင်းပြည်ကို ကာကွယ်ချင်တယ် ဆိုရင် အဲဒီအစီအမံထဲမှာ ပါဝင်ဆောင်ရွက်ဖို့ ကျွန်တော့်အနေနဲ့ ဖိတ်ခေါ်အပ်ပါတယ်” ဟု ပြောကြားသည်။
မောင်တော အကြမ်းဖက်မှု ဖြစ်စဉ် ဖြစ်ပွားပြီးနောက် လုံခြုံရေး အခြေအနေအရ မောင်တာမြို့နယ် အစွန်အဖျားတွင် တာဝန်ကျနေသော ဆရာဆရာမများကို ရဟတ်ယာဉ်များဖြင့် ကယ်ထုတ်ခဲ့ရသည်များ ရှိခဲ့ကြောင်းနှင့် လက်ရှိတွင် ကျောင်းပြန်ဖွင့်ပြီ ဆိုသော်လည်း မြို့ပေါ်ကျောင်းများသာ ဖွင့်နိုင်သေးကြောင်းနှင့် ဒုတိယအဆင့် အနေဖြင့် စိတ်ချရသည့် ခြေကုပ်စခန်းများဖြစ်သော ကြိမ်ချောင်း ကျေးရွာကဲ့သို့သော ကျေးရွာများတွင် ကျောင်းများပြန်လည်ဖွင့်မည်ဖြစ်ကာ တတိယအသုတ် ကျောင်းများကို နယ်မြေအေးချမ်းသာယာပြီး နေရပ်စွန့်ခွာသည့် ကျောင်းသူကျောင်းသားများ ပြန်လည်ရောက်ရှိသည့် ကျေးရွာများတွင် ဆရာ၊ ဆရာမတွေကို စေလွှတ်ဖွင့်လှစ်မည်ဖြစ်ကြောင်း ဒေါက်တာချမ်းသာက ဆိုသည်။
မောင်တောမြို့နယ် အတွင်းရှိ ၁၈၃ ကျောင်းအနက် ပထမအဆင့် ၂၄ ကျောင်း၊ ဒုတိယအဆင့် ၈၂ ကျောင်းနှင့် လုံခြုံရေး အခြေအနေပေါ် မူတည်ပြီး ပြန်လည်ဖွင့်လှစ်ရန် ၂၈ ကျောင်း ဖြစ်ကြောင်း သိရသည်။
မောင်တောမြို့နယ်အတွင် ဝေးလံခေါင်ပါးသည့် ဒေသများတွင် တာဝန်ထမ်းဆောင်နေသည့် ဆရာ၊ ဆရာမ ၂၈၈ ဦးရှိကြောင်းနှင့် အောက်တိုဘာ ၉ ရက် အကြမ်းဖက်မှု ဖြစ်စဉ်ပြီး နောက်ပိုင်း တိုက်ပွဲကြောင့် ပိတ်မိနေသော မောင်တောမြောက်ပိုင်းမှ ဆရာ၊ ဆရာမ ၁၀၀ ကျော်ကို ရဟတ်ယာဉ်များဖြင့် သယ်ယူ ကယ်ထုတ်ကာ နေရပ်သို့ ပြန်ပို့ခဲ့ရကြောင်း သိရသည်။ မောင်တောမြို့နယ်တွင် တာဝန်ကျ ဆရာဆရာများ အားလုံးကို အောက်တိုဘာ ၃၀ ရက် မောင်တောသို့ အရောက်ပြန်လာရန် ညွှန်ကြားထားကြောင်း မောင်တောမြို့နယ် ပညာရေးမှူးရုံးမှ သိရသည်။
Writer:
သားရွှေဦး (ကစ္ဆပ)
31-10-2016 Dailyeleven သတင်းစာမှ",,,,,,
<urn:uuid:aa1a7e7f-e012-4e52-8ed2-235ed5f2d51c>,"ကချင်ပြည်နယ်၊ မိုးညှင်းမြို့၊ မိုးဒါးစုရပ်ကွက်တွင် ယမန်နေ့ စက်တင်ဘာ ၂၂ ရက်နေ့ည ရှစ်နာရီခန့်တွင် လူငယ်တစ်ဦးနှင့် သူ၏မိသားစုဝင်များကို စစ်ကောင်စီတပ်ဖွဲ့က ဝင်ရောက်ဖမ်းဆီးခေါ်ဆောင်သွားကြောင်း သိရသည်။
အသက် ၂၃ နှစ်အရွယ် မောင်စောကြည်ခန့်ဖြိုးကို လာရောက်ဖမ်းဆီးပြီး မိခင်နှင့် အစ်မဖြစ်သူကိုလည်း ခေါ်သွားသည်ဟု အမည်မဖော်လိုသည့် ဒေသခံတစ်ဦးက The 74 Media ကိုပြောသည်။
“ည ၈ နာရီလောက်က အိမ်စီးကားသုံးစီး၊ အရပ်ဝတ်နဲ့လာတာ။ အိမ်နောက်မှာ နှစ်စီးဝိုင်းထားတယ်။ စောကြည်ခန့်ဖြိုးကိုရှာတာ။ သူရော သူ့အိမ်က အမေနဲ့ အစ်မရော ပါသွားတယ်။ ပြီးတော့ သူ့ကိုဖမ်းပြီး ဓားစာခံပုံစံခေါ်ပြီးမေးနေတာ။ သေနတ်ထောက်ပြီးမေးတာတဲ့။ နေရာတွေလိုက်ပြခိုင်း အိမ်တွေ လိုက်ပြခိုင်းတယ် ဝင်ရှာတယ်။ လူငယ်တွေ ပါသွားတယ်။ အတိအကျတော့ မသိရဘူး ” ဟုသူကပြောသည်။
စောကြည်ခန့်ဖြိုးကို မည်သည့်နေရာတွင် ဖမ်းဆီးထားသည်ကို မသိရသေးဘဲ ယနေ့နံနက်တွင် မိခင်ဖြစ်သူ ပြန်လွှတ်လာပြီး အစ်မဖြစ်သူမှာ လွတ်မြောက်လာခြင်းမရှိသေးကြောင်း သူကဆက်ပြောသည်။
ဖမ်းဆီးခံရသည့် စောကြည်ခန့်ဖြိုးကို မည်သည့်အကြောင်းအရင်းကြောင့် ဖမ်းဆီးထားသည်ကို မသိရဘဲ စစ်ကောင်စီတပ်ဖွဲ့ဝင်များက လိုက်လံရှာဖွေသဖြင့် တိမ်းရှောင်နေသည့်ကြားမှ နေအိမ်သို့ပြန်လာချိန်တွင် ဖမ်းဆီးခံလိုက်ရခြင်းဖြစ်ကြောင်း သိရသည်။
မိုးညှင်းမြို့နယ်တွင် စစ်ကောင်စီတပ်ဖွဲ့ဝင်များက စစ်အာဏာရှင်စနစ်ဆန့်ကျင်ရေး လှုပ်ရှားမှုများတွင် ပါဝင်သည့်လူငယ်များကို လိုက်လံဖမ်းဆီး၍ အရေးယူမှုများဆောင်ရွက်လျက်ရှိသည်။",,,,,,
<urn:uuid:fd70f2d5-6bf9-4252-8204-543220a01dfd>,"Little Room Wooden Easel | နှစ်ဘက်ခြမ်းကလေးများမတ်တတ်ရပ်ခြင်း | ၃ နှစ်နှင့်အထက်
ကုန်ပစ္စည်းအသေးစိတ်
ကျွန်ုပ်တို့၏စက်ရုံ
ကမ္ဘာလုံးဆိုင်ရာကုန်ထုတ်လုပ်မှု
ကုန်ပစ္စည်းဖွံ့ဖြိုးရေး
အောင်လက်မှတ်
ကုန်ပစ္စည်းတံဆိပ်များ
နှစ် ဦး နှစ်ဖက်ဖန်တီးမှု
ဤကလေးများအတွက်ခုံနှစ်ထပ်ပါ ၀ င်သောဒီဇိုင်းသည်ကလေးများအားရေခဲသေတ္တာသံလိုက်များချိတ်ရန် (သို့) ရုပ်ပုံဆွဲရန်တစ်ဖက်၌သံလိုက်ဝှိုက်ဘုတ်ပြားပါ ၀ င်သည်။
သင်ပုန်းကြီး (သို့) ကျောက်သင်ပုန်းသည်ပုံဆွဲခြင်း၊ အရောင်ခြယ်ရန်သင့်တော်သောအတန်းပိုင်တစ် ဦး ဖြစ်လာရန်အတန်းဖော်တစ်ယောက်အတွက်သင်ယူမှုကိရိယာတစ်ခုဖြစ်လာနိုင်သည်။
ကလေး၏ခုံသည်သင်၏ကလေးအားအဆုံးမဲ့ပုံများကိုရေးဆွဲရန်ခွင့်ပြုသောစက္ကူလိပ်နှင့်ပါလာသည်။
ပြက္ခဒိန်စတင်ခြင်း
ရာသီဥတု၊ ရက်သတ္တပတ်နှင့်ရွှေ့လျားနိုင်သောနာရီတို့သည်ပြက္ခဒိန်နှင့်အချိန်အကြောင်းပထမ ဦး ဆုံးစတင်ပေးနိုင်သည်။
ဒီဇိုင်းနှင့်သင့်လျော်သောပစ္စည်းများ
ခုံတန်းရှည်ကိုရေကိုအခြေခံသောသုတ်ဆေးဖြင့်ပြုလုပ်ထားပြီးအဆိပ်အတောက်ကင်းသောအချောထည်များနှင့်အရည်အသွေးအမြင့်ဆုံးစံနှုန်းများနှင့်အညီပြုလုပ်ထားသည်။
အကောင်းဆုံးအနုပညာအတွေ့အကြုံအတွက်သင့်ကလေး၏ပန်းချီကားချပ်များနှင့်ပန်းချီကားချပ်များကိုကောင်းမွန်ပြီးပြားချပ်ချပ်ဖြစ်စေရန်အထူးဝက်အူညှပ်များပါ ၀ င်သည်။
ကလေး၏အနုပညာလက်ရာများတွင်အရောင်တင်တံဆိပ်ခတ်နိုင်သောဆေးသုတ်အိုးများနှင့်အနုပညာလက်စွဲများထားရှိရန်အောက်ခြေရှိဗန်းကြီးတစ်ခုပါလာသည်။
စုစည်းရလွယ်ကူပြီးသိုလှောင်ရန်လုံလောက်သောကျစ်လစ်သိပ်သည်းသည်။
သင့်ကလေး၏ကျွမ်းကျင်မှုကိုမြှင့်တင်ပါ
ဤပန်းချီပြပွဲများအတွက်ကလေးများအတွက်ပုံဆွဲခြင်း၊ ပန်းချီဆွဲခြင်းနှင့်အခြားအရာများမှတစ်ဆင့်သူတို့၏တီထွင်ဖန်တီးမှုများကိုဖော်ပြခွင့်ပြုသည်။ ၎င်းသည်မတ်တပ်ရပ်။ တီထွင်ဖန်တီးကစားချိန်အတွက်အကောင်းဆုံးဖြစ်သည်။
အသက်သုံးနှစ်နှင့်အထက်ကလေးများအတွက်သင့်တော်သည်။
|ထုတ်ကုန်အမည်||နှစ်ဘက်ခြမ်းကလေးများမတ်တပ်ရပ်ခုံ|
|အမျိုးအစား||ကစားစရာများသင်ယူပါ|
|သင်ထောက်ကူပစ္စည်းများ
||သစ်သား၊ MDF၊ အထပ်သား၊ ပလပ်စတစ်၊ စက္ကူ|
|ခေတ်အုပ်စု||3Y+|
|ကုန်ပစ္စည်းမိတ်ဆက်ပွဲများ||၆၂ x ၄၀ x ၁၁၆ စင်တီမီတာ|
|အထုပ်
||ပိတ်ထားသောသေတ္တာ|
|အထုပ်အရွယ်အစား||၈၀ x ၁၂ x ၇၀ စင်တီမီတာ|
|စိတ်ကြိုက်ပြုပြင်နိုင်သည်||ဟုတ်တယ်|
|MOQ||အစုံ ၁၀၀၀
|
နှစ် ဦး နှစ်ဖက်ဖန်တီးမှု
ဤကလေးများအတွက်ခုံနှစ်ထပ်ပါ ၀ င်သောဒီဇိုင်းသည်ကလေးများအားရေခဲသေတ္တာသံလိုက်များချိတ်ရန် (သို့) ရုပ်ပုံဆွဲရန်တစ်ဖက်၌သံလိုက်ဝှိုက်ဘုတ်ပြားပါ ၀ င်သည်။
သင်ပုန်းကြီး (သို့) ကျောက်သင်ပုန်းသည်ပုံဆွဲခြင်း၊ အရောင်ခြယ်ရန်သင့်တော်သောအတန်းပိုင်တစ် ဦး ဖြစ်လာရန်အတန်းဖော်တစ်ယောက်အတွက်သင်ယူမှုကိရိယာတစ်ခုဖြစ်လာနိုင်သည်။
ကလေး၏ခုံသည်သင်၏ကလေးအားအဆုံးမဲ့ပုံများကိုရေးဆွဲရန်ခွင့်ပြုသောစက္ကူလိပ်နှင့်ပါလာသည်။
ပြက္ခဒိန်စတင်ခြင်း
ရာသီဥတု၊ ရက်သတ္တပတ်နှင့်ရွှေ့လျားနိုင်သောနာရီတို့သည်ပြက္ခဒိန်နှင့်အချိန်အကြောင်းပထမ ဦး ဆုံးစတင်ပေးနိုင်သည်။
ဒီဇိုင်းနှင့်သင့်လျော်သောပစ္စည်းများ
ခုံတန်းရှည်ကိုရေကိုအခြေခံသောသုတ်ဆေးဖြင့်ပြုလုပ်ထားပြီးအဆိပ်အတောက်ကင်းသောအချောထည်များနှင့်အရည်အသွေးအမြင့်ဆုံးစံနှုန်းများနှင့်အညီပြုလုပ်ထားသည်။
အကောင်းဆုံးအနုပညာအတွေ့အကြုံအတွက်သင့်ကလေး၏ပန်းချီကားချပ်များနှင့်ပန်းချီကားချပ်များကိုကောင်းမွန်ပြီးပြားချပ်ချပ်ဖြစ်စေရန်အထူးဝက်အူညှပ်များပါ ၀ င်သည်။
ကလေး၏အနုပညာလက်ရာများတွင်အရောင်တင်တံဆိပ်ခတ်နိုင်သောဆေးသုတ်အိုးများနှင့်အနုပညာလက်စွဲများထားရှိရန်အောက်ခြေရှိဗန်းကြီးတစ်ခုပါလာသည်။
စုစည်းရလွယ်ကူပြီးသိုလှောင်ရန်လုံလောက်သောကျစ်လစ်သိပ်သည်းသည်။
သင့်ကလေး၏ကျွမ်းကျင်မှုကိုမြှင့်တင်ပါ
ဤပန်းချီပြပွဲများအတွက်ကလေးများအတွက်ပုံဆွဲခြင်း၊ ပန်းချီဆွဲခြင်းနှင့်အခြားအရာများမှတစ်ဆင့်သူတို့၏တီထွင်ဖန်တီးမှုများကိုဖော်ပြခွင့်ပြုသည်။ ၎င်းသည်မတ်တပ်ရပ်။ တီထွင်ဖန်တီးကစားချိန်အတွက်အကောင်းဆုံးဖြစ်သည်။
အသက်သုံးနှစ်နှင့်အထက်ကလေးများအတွက်သင့်တော်သည်။
|ထုတ်ကုန်အမည်||နှစ်ဘက်ခြမ်းကလေးများမတ်တပ်ရပ်ခုံ|
|အမျိုးအစား||ကစားစရာများသင်ယူပါ|
|သင်ထောက်ကူပစ္စည်းများ
||သစ်သား၊ MDF၊ အထပ်သား၊ ပလပ်စတစ်၊ စက္ကူ|
|ခေတ်အုပ်စု||3Y+|
|ကုန်ပစ္စည်းမိတ်ဆက်ပွဲများ||၆၂ x ၄၀ x ၁၁၆ စင်တီမီတာ|
|အထုပ်
||ပိတ်ထားသောသေတ္တာ|
|အထုပ်အရွယ်အစား||၈၀ x ၁၂ x ၇၀ စင်တီမီတာ|
|စိတ်ကြိုက်ပြုပြင်နိုင်သည်||ဟုတ်တယ်|
|MOQ||အစုံ ၁၀၀၀
|",,,,,,
<urn:uuid:cb435112-0150-4947-ac5e-66f51421d57b>,"ယနေ့ မတ်လ ၂၃ ရက်နေ့ သတင်းတွေအရ မလေးရှားနိုင်ငံမှာ ထပ်တိုးကူးစက်ခံရသူ ၂၁၂ ဦးအထိရှိလာကာ နိုင်ငံအတွင်း စုစုပေါင်းကူးစက်ခံရသူမှာ ၁၅၁၈ဦးအထိရှိလာခဲ့ပါပြီ။
သေဆုံးသူကတော့ ယခုအချိန်အထိ ၁၄ ဦးပါ။ ယခုကူးစက်မှုတွေထဲက ၁၂၃ဦးဟာ မြို့တော်ကွာလာလမ်ပူမှာ ပြုလုပ်ခဲ့တဲ့ ဘာသာရေးပွဲနဲ့ ဆက်နွယ်နေတယ်လို့ လည်း ထုတ်ပြန်ပါတယ်။ ထို့ကြောင့် ၎င်းဘာသာရေးပွဲမှ တဆင့်ကူးစက်ခံရသူဟာ နိုင်ငံတဝှမ်း ၉၇၀ ဦးအထိရှိလာပြီဖြစ်ပါတယ်။ နောက်ဆုံးသေဆုံးခဲ့တဲ့ ၎င်းဘာသာရေးပွဲတက်ရောက်ခဲ့သူကတော့ အသက် ၇၀ နှစ်အရွယ် မလေးရှားနိုင်ငံသားပဲဖြစ်ပါတယ်။
၁၃ဦးမြောက်သေဆုံးသူ အသက် ၄၉နှစ်အရွယ် အမျိုးသားကတော့ ဘာသာရေးပွဲကို တက်ရောက်ခဲ့ခြင်းမရှိပေမယ့် တစ်ဆင့်ပြန်လည်ကူးစက်ခံရပြီးသေဆုံးခဲ့တာဖြစ်ပါတယ်။ ဒါ့အပြင် ၁၄ဦးမြောက်သေဆုံးသူ အသက် ၅၁ နှစ်အရွယ် မလေးရှားအမျိုးသမီးကြီးကလည်း တဆင့်ပြန်လည်ကူးစက်ခံရပြီး အသက်ဆုံး ရှုံးခဲ့တာပါ။
မလေးရှားနိုင်ငံရဲ့ အရေးပေါ်စောင့်ကြည့်လူနာဟာ ၅၇ ဦးအထိရှိပြီး ထိုအထဲက ၂၇ ရောက်ဟာ အသက်ရှူဖေးကူး ကိရိယာမရှိရင် အသက်ဆက်ဖို့မလွယ်တဲ့သူတွေဖြစ်ပါတယ်။ ယခုအချိန်အထိတော့ သေဆုံးသူတွေဟာ အရင်က ရောဂါအခံရှိသူတွေများတာ ကို တွေ့ရပါတယ်။
ဒါ့အပြင် ၁၁ ယောက်မြောက်သေဆုံးသူ အသက် ၇၀နှစ်အရွယ် အမျိုးသားကတော့ အင်ဒိုနီးရှားနိုင်ငံကိုသွားရောက်ခဲ့ဖူးပြီး သူဟာ ရောဂါအခြေအနေပြပြီး တစ်ပတ်အကြာ မတ်လ ၁၈ ရက်နေ့မှာမှ ဆေးရုံကိုရောက်ရှိလာတာဖြစ်ပါတယ်။ ထို့ကြောင့် ဆေးရုံမရောက်မှီအတောအတွင်း သူနဲ့ အနီးကပ်နေထိုင်ခဲ့သူ တွေကိုပါ အနီးကပ်စောင့်ကြည့်ဖို့လိုအပ်နေပါတယ်။
ယခုလို အိမ်နီးချင်းနိုင်ငံတွေရဲ့ သတင်းတွေကို လေ့လာခြင်းဖြင့် ရောဂါကူးစက်နိုင်မှုအခြေအနေတွေကို လေ့လာနိုင်ရုံသာမက ရောဂါကူးစက်ခြင်းမှ မိမိကိုယ်မိမိ တက်နိုင်သမျှကာကွယ်နိုင်မှာ ဖြစ်ပါတယ်။ ယခုဆိုရင် မြန်မာနိုင်ငံနဲ့ လာအိုနိုင်ငံသာ လျှင် ကူးစက်မှုကို မခံရတော့တာဖြစ်ပါတယ်။ ကျွန်တော်တို့ပြည်သူတွေ ကျန်းမာရေးအသိဖြင့် မိမိနှင့်တကွ မိမိပတ်ဝန်းကျင်ကို ကာကွယ်နိုင်ကြပါစေ။
Writer- ZWP ( The Lifestyle Myanmar )
Source – CNA",,,,,,
<urn:uuid:cd11ba26-3086-41ec-a692-0a147355a694>,"ဘီထီအက်(စ်)သင်းအုပ်ပေးစာ ၂၀၂၁၊ ဇွန်လှိုင်လ (၂၆) ရက်
ကျမ်းချက်။ ။ ဆာလံ ၂၅
ချစ်သောညီအစ်ကိုတို့၊
ဆင်ခြင်နှလုံးသွင်းခြင်း
ထာဝရဘုရားသည် ကောင်းသောသဘော၊ ဖြောင့်မတ်သောသဘောနှင့် ပြည့်စုံတော်မူသည်ဖြစ်၍၊ အပြစ်ရှိသောသူတို့ကို လမ်းပြတော်မူ၏။
နှိမ့်ချလျက်ရှိသော သူတို့ကို တရားလမ်း၌ သွေးဆောင်တော်မူ၏။ နှိမ့်ချလျက်ရှိသောသူတို့အား ခရီးတော်တို့ကို သွန်သင်တော်မူ၏။
(ဆာလံ ၂၅:၈-၉)
လေ့လာတွေ့ရှိချက်နှင့် အနက်ဖွင့်ခြင်း
၁။ ဘုရားသခင်နှင့်စပ်လျဉ်းသော အမှန်တရားအချို့
က။ ဘုရားသခင်သည် ကောင်းသောသဘော ရှိသည်။
ခ။ ဘုရားသခင်သည် ဖြောင့်မတ်သောသဘော ရှိသည်။
၂။ ဤအမှန်တရားများကို
က။ သေချာနားလည်ကြရမည်။
ခ။ လက်ခံယုံကြည်ကြရမည်။
ဂ။ အလွန်တရာမှ မြတ်နိူးကြရမည်။
၃။ အကျွန်ုပ်တို့၏ ဆရာသမားဖြစ်သော ဘုရားသခင်
က။ ဘုရားသခင်သည် ကောင်းသောသဘောရှိသောကြောင့် သွန်သင်တော်မူသည်။
ခ။ ဘုရားသခင်သည် ဖြောင့်မတ်သောသဘောရှိသောကြောင့် သွန်သင်တော်မူသည်။
၄။ ဘုရားသခင်သည် အဘယ်သို့သောသူကို သွန်သင်တော်မူမည်နည်း။
က။ အပြစ်ရှိသောသူ
(၁) အပြစ်များနှင့်စပ်လျဉ်း၍ နောင်တရ ရမည်ဟု သွန်သင်ခြင်းခံရလိမ့်မည်။
(၂) ဘုရားသခင်သည် နောင်တရလျှက်ရှိသော အပြစ်သားကို သွန်သင်လိမ့်မည်။
ခ။ နှိမ့်ချသော ပုဂ္ဂိုလ်
(၁) ဆုံးမသွန်သင်ခြင်းကို ခံယူလိုသည်အထိ အမှန်နိုမ့်ချလိမ့်မည်။
(၂) ဆုံးမပြုပြင်ခြင်း ခံယူနိုင်သည်အထိ အမှန်နှိမ့်ချလိမ့်မည်။
(၃) မိမိ၏အပြစ်ဒုစရိုက်လမ်းစဉ်ကို စွန့်လွတ်လိုသည့်အထိ နှိမ့်ချလိမ့်မည်။
၅။ ဘုရားသခင်သည် မည်သည့်အရာကို သွန်သင်ပေးသနည်း။
က။ ဘုရားသခင်သည် မှန်သော တရားမျှတမှုကို အကျွနု်ပ်တို့အား သွန်သင်လိမ့်မည်။
ခ။ ဘုရားသခင်သည် သူ၏လမ်းစဉ်ကို အကျွနု်ပ်တို့အား သွန်သင်လိမ့်မည်။
(၁) ကောင်းမြတ်မှု၊ ကောင်းမြတ်ခြင်း၊
(၂) ဖြောင့်မတ်ခြင်း၊ ဖြောင့်မတ်မှု၊
၆။ ဘုရားသခင်သည် အဘာ်သို့ သွန်သင်သနည်း။
က။ဘုရားသခင်သည် အကျွန်ုပ်တို့အား လမ်းပြ၍ သွန်သင်သည်။
ခ။ ဘုရားသခင်သည် ကြင်နာစွာ၊ သိမ်မွေ့စွာ လမ်းပြသွန်သင်သည်။
အသက်တာနှင့်အမှုတော်မြတ်၌ လက်တွေ့ဖော်ဆောင်ခြင်း
၁။ ဘုရားသခင်ကို မိမိတို့၏ဆရာသမားအဖြစ် ပေါင်းသင်းဆက်ဆံခြင်း
က။ အကျွန်ုပ်တို့သည် စစ်မှန်သောနှိမ့်ချခြင်းကို ကျင့်စောင်ကြရမည်။
ခ။ အပြစ်ဒုစရိုက်များကို စွန့်လွတ်၍ ပြောင်းလဲကြရမည်။
ဂ။ ယုံကြည်ခြင်းသင်ခန်းစာများကို ကောင်းမွန်စွာ သင်ယူကြရမည်။
၂။ သင်ခန်းစာများသည် ဘဝအသက်တာ၌ လက်တွေ့ဖော်ဆောင်ကြရမည်။
က။ ကျွန်ုပ်တို့သည် ကောင်းသောသသဘောရှိကြရမည်။
ခ။ ကျွန်ုပ်တို့သည် ဖြောင့်မတ်သောသဘော ရှိကြရမည်။
ဂ။ ဘုရားသခင်ကအကျွန်ုပ်တို့အား သွန်သင်သော သင်ခန်းစာများအတိုင်းအသက်ရှင်ကြရမည်။
ဆုတောင်းလျက်
ပါစတာချားလ်(စ်)တန်",,,,,,
<urn:uuid:aaf16741-b402-4ef6-a3c8-47b190a3e686>,"ကချင်ပြည်နယ်၊ ချီဖွေမြို့တွင် ယနေ့မှစတင်ပြီး အခြေခံပညာကျောင်းများ၌ ကျောင်းအပ်စတင်လက်ခံမည်ဖြစ်ကြောင်းသိရသည်။
22
ချီဖွေမြို့ရှိ အခြေခံပညာကျောင်းများ၌ ကျောင်းအပ်နှံရေးအတွက် စစ်ကောင်စီမှ စီစဥ်နေကြောင်းအမည်မဖော်လိုသူ ဒေသခံတစ်ဦးက ပြောသည်။
“ပညာရေးဌာနက ၂၂ရက်နေ ကျောင်းအပ်ရမယ်ပေါ့။ အခု မြို့နယ်စီမံကနေ စီစဉ်နေတာတော့ရှိတယ်။ ကျောင်းဖွင့်ဖို့ အတွက် ပညာရေးကလည်း ဆရာမတွေ အကုန်လုံးကို ပြန်ခေါ်မှာ ပညာရေးမှူး ပြောတာ” ဟု ၎င်းကပြောသည်။
ချီဖွေမြို့နေ မိဘများတွင် ၎င်းတို့၏သားသမီးများကိုကျောင်းအပ်နှံမည့်မိဘများထက် ကျောင်းမအပ်နှံမည့်မိဘများ ပိုများကြောင်းသူကဆိုသည်။
ကျောင်းသားမိဘတစ်ဦးက စစ်ကောင်စီလက်အောက်ခံပညာရေးတွင် ၎င်း၏ သားသမီးကို ကျောင်းထားမည်မဟုတ်ကြောင်း The 74 Media ကိုပြောသည်။
“ကျွန်မတို့က စစ်ကောင်စီရဲ့ လက်ထက်မှာ ကျောင်းမထားချင်ဘူးပေါ့ အရင်ဒီမိုကရေစီအစိုးရလက်ထက်တော့ ထားချင်တယ်။ ပြီးတော့ ကျွန်မတို့ကို ကျောင်းမအပ်ရင် ဖမ်းမယ်လို့ ပြောနေတာ ” ဟုပြောသည်။
ထို့အပြင် ချီဖွေမြို့တွင် ကျောင်းအပ်လက်ခံရန်အတွက် တာဝန်ကျ ဆရာ၊ဆရာမ အချို့ ရောက်ရှိနေပြီဖြစ်ကြောင်းလည်း ပြောသည်။
“မြို့နယ်ရဲ့ တစ်ချို့ဆရာမ တွေလည်း ရောက်နေပြီ။ မရောက်သေးတဲ့ ဆရာမတွေကိုလည်း ပြန်ခေါ်မှာတဲ့။ ဆရာ၊ ဆရာမ မလောက်ရင်လည်း လောက်အောင် သင်မှာတဲ့” ဟု သူကဆက်ပြောသည်။
ချီဖွေမြို့နယ်တွင် အခြေခံပညာကျောင်းပေါင်း ၇၀ ကျော်ရှိပြီး CDM တွင်ပါဝင်နေသာ ဆရာ၊ ဆရာမပေါင်း ၁၈၀ ကျော်ရှိသည်။
ပုံ- ၂၀၂၀ခုနစ် ဧပြီလအတွင်းက ရိုက်ကူးထားခြင်းဖြစ်သည်။
သင့်ထင်မြင်ချက်ရေးပေးပါ",,,,,,
<urn:uuid:e01925dd-0cd8-4f44-8c5f-1665cc450131>,"ပါဝင်ပစ္စည်းများ
- ရုံးပတေသီး - ၅ တောင့်
- ပဲတောင့်ရှည် - ၁ စည်း
- ခရမ်းသီးအရှည် - ၁ လုံး
- ငြုပ်သီးစိမ်း - ၁၀ တောင့်
- ငါးပိ - အနည်းငယ်
- ရွှေပုစွန်ခြောက် - ဇွန်းဝက်ခန့်
ပြုလုပ်နည်း
- ငြုပ်သီးစိမ်းကို အညှာခြွေပြီး ရေအနည်းငယ်လေးဖြင့် နူးအိအောင် ပြုတ်ထားပါ ။
- ရုံးပတေသီး ၊ ပဲတောင့်ရှည် နှင့် ခရမ်းသီးတောင့်ရှည်တို့ကို ရေဆေးပြီးမှ တစ်လက်မ အရွယ်ခန့် လှီးဖြတ်ပါ ။
- ပြုတ်ထားသော ငြုပ်သီး နူးအိလျှင် ညှက်အောင် ထောင်းပါ ။
- အိုးတစ်လုံးထဲသို့ လှီးဖြတ်ထားသော အသီးများ ၊ ငြုပ်သီးထောင်း ၊ ရွှေပုစွန်ခြောက် ၊ ငါးပိ နှင့် ဟင်းခတ်မှုန့် အနည်းငယ် တို့ကိုထည့်ပါ ။
- အဖုံးအုပ်ပြီး မီးရှိန်အေးအေးမှာ အပူပေးပါ ။ အငွေ့ကြောင့် အသီးများ အစိမ်းရောင် ပြောင်းလာလျှင် အဖုံးဖွင့်ပြီး ညှင်သာစွာ မွှေပေးပါ ။
- အရသာ ခပ်ရှိန်းရှိန်းလေး နှစ်သက်လျှင် ထောင်းထားသော ငြုပ်ကောင်းစေ့ အနည်းငယ်ထည့် မွှေပေးပါ ။
- မိမိနှစ်သက်တဲ့ အရသာရလျှင် ပန်းကန်ထဲပြောင်းထည့်ပြီး သုံးဆောင်နိူင်ပါပြီ ။",,,,,,
<urn:uuid:ec70832d-de2c-4fb0-868e-497933610fb0>,"စစ်တွေတွင် ကိုဗစ်ဖြင့် ကျေးလက် လမ်းဦးစီးဌာန ညွန်မှူး ၁ ဦး သေဆုံး
ရခိုင်ပြည်နယ်၊ စစ်တွေမြို့ ပြည်သူ့ဆေးရုံကြီးတွင် ကိုရိုနာဗိုင်းရပ်ကူးစက် ခံရမှုဖြင့် တက်ရောက်ကုသမှုခံယူနေသူ ပြည်နယ် ကျေးလက်လမ်းဖွံ့ဖြိုးရေးဦးစီးဌာမှ အသက် ၄၈ နှစ်အရွယ် ညွန်ကြားရေးမှူး ၁ ဦးမှာ အောက်တိုဘာလ ၇ ရက်နေ့ နံနက် ၉ နာရီ ခန့်တွင် သေဆုံးသွားခဲ့ကြောင်း သတင်းရရှိသည်။
အဆိုပါသေဆုံးသူမှာ အသက်ရှုကျပ်သဖြင့် အရေးပေါ်အခန်းတွင် အောက်ဆီဂျင်ပေး၍ ကုသမှုခံယူရင်း ယနေ့ မနက်ပိုင်းတွင် သေဆုံးသွားခြင်း ဖြစ်ကြောင်း စစ်တွေ ဆေးရုံအုပ်ကြီး ဒေါက်တာ ဇော်လွင်က ပြောသည်။
ဒေါက်တာဇော်လွင်က “ဒီနေ့ တယောက်သေဆုံးသွားတယ်ဆိုတာ ဟုတ်ပါတယ်။ မနက် ၉ နာရီလောက်မှာ ဆုံးသွားတာ” ဟု ဧရာဝတီသို့ ပြောသည်။
ရခိုင်ပြည်နယ်အတွင်း ကိုဗစ်ရောဂါကူးစက်ခံမှု တနေ့ထက်၊ တနေ့ ပိုများလာပြီး စစ်တွေမြို့နယ်အတွင်း သေဆုံးသူ ၅ ဦး ၊ ကျောက်တော်မြို့နယ်အတွင်း သေဆုံးသူ ၁ ဦး ၊ ပေါက်တောမြို့နယ်အတွင်း သေဆုံးသူ ၁ ဦး စုစုပေါင်း ၇ ဦး ရှိလာနေပြီး ဖြစ်ကြောင်းလည်း သိရသည်။
လက်ရှိအချိန်တွင် စစ်တွေပြည်သူဆေးရုံကြီးတွင် ကိုဗစ်ပိုးတွေရှိသူ လူပေါင်း ၉၀၀ တက်ရောက်ကုသမှုခံယူခဲ့ရာ ရောဂါပျောက်ကင်းသည့်အတွက် ဆေးရုံဆင်းခွင့် ရရှိသူ ၈၅၀ ကျော် ရှိခဲ့ရာ ကျန်လူပေါင်း ၉၀ ကျော်မှာ ကုသမှုခံယူနေရဆဲ ဖြစ်ကြောင်းလည်း စစ်တွေဆေးရုံမှ တာဝန်ရှိသူများထံမှ သိရသည်။
ရခိုင်ပြည်နယ်တခုလုံးတွင် ကိုဗစ်ရောဂါကူးစက်ခံရသူ စုစုပေါင်း ၁၇၀၀ ကျော်ရှိပြီး ၎င်းထဲမှ ရောဂါပျောက်ကင်း၍ ဆေရုံဆင်းခွင့် ရရှိသူ ၁၄၀၀ ကျော်ရှိရာ လက်ရှိ ကုသမှုခံ ယူနေရသူ ၃၉၀ ကျော်ရှိကြောင်းလည်း ပြည်နယ်ပြည်သူ့ ကျန်း မာရေး ဦးစီးဌာမှ သိရသည်။
ကိုရိုနာဗိုင်းရပ်ပိုးကူးစက်ခံသူများထဲတွင် ကျန်းမာရေးဝန်ထမ်းများ၊ ရဲတပ်ဖွဲ့ဝင်များ၊ အထွေထွေအုပ်ချုပ်ရေးစီးဌာမှ ဝန်ထမ်းများ၊ ဘဏ်ဝန်ထမ်းများ၊ နိုင်ငံတကာ အန်ဂျီအို ဝန်ထမ်းများပါ ပါဝင်ပြီး အများဆုံး ရောဂါ ကူးစက်ခံရသည့် မြို့နယ်များတွင် စစ်တွေမြို့ နယ်နှင့် ကျောက်ဖြူ မြို့နယ်တို့ ဖြစ်သည်။
ရခိုင်ပြည်နယ်အစိုးရအဖွဲ့ ပြောရေးဆိုခွင့်ရှိသူ စည်ပင်ဝန်ကြီး ဦးဝင်းမြင့်ကတော့ ပြည်သူများအနေဖြင့် မလိုအပ်ပဲ အပြင်မထွက်အောင် စည်းကမ်းများ ထုတ်ပြန်ပြီး Mask မတတ်သည့် ပြည်သူများနှင့် စည်ကမ်းမလိုက်နာသည့် ပြည်သူများ အပေါ် အသိပညာပေးခြင်း၊ ဒဏ်ရိုက်ခြင်း၊ ဝန်ခံဂတိများ ထိုးကာ ပြန်လွတ်ပေးခြင်းများ ပြုလုပ်နိုင်ခဲ့သည့် အတွက် ကိုဗစ်ရောဂါ ကူးစက်မှု ထိန်းချုပ်နိုင်သည့် အခြေအနေ ရှိနေပြီ ဖြစ်ကြောင်း ပြောဆိုထားသည်။
သို့သော်လည်း ကိုဗစ်ရောဂါကူးစက်မှုများ ဆက်လက်ရှိနေသေးသည့်အတွက် လုံးဝ စိတ်ချရသည့် အခြေအနေ မရှိသေးဘဲ လက်ဆက်စောင့်ကြည့်ရမည့် အခြေအန ရှိနေ သေးကြောင်း ရခိုင်တိုင်းရင်းသားမျိုးနွယ်စုများ အစည်းအရုံးမှ အတွင်းရေးမှူး ဦးဇော်ဇော်ထွန်းက ပြောသည်။
ဦးဇော်ဇော်ထွန်းက “ကိုဗစ်ကို ထိန်းချုပ်နိုင်တယ်ဆိုတာတော့ အမှန်မှာ မဟုတ်ဘူး။ ကူးစက်မှုတွေက ရှိနေသေးတော့ စိုးရိမ်ရတဲ့ အခြေအနေ ရှိသေးတယ်” ဟု ဧရာဝတီသို့ပြောသည်။
ရခိုင်ပြည်နယ်အတွင်း ကိုဗစ်ရောဂါ ကူးစက်မှု တနေ့တခြား များပြားလာသည့် အခြေ အနေကြောင့် အစိုးရမှ ပြည်နယ်တခုလုံးအား Stay at Home နေထိုင်ရန် သတ်မှတ် ထားပြီး ပိုးတွေ့လူနာ နေထိုင်ရာ ရပ်ကွက်ရှိ လမ်းတချိုကို လော့ ဒေါင်းချထားကာ စစ် တွေမြို့ ကိုလည်း သြဂုတ်လ ၂၁ ရက်နေ့မှ စတင်ကာ ညနေ ၉ နာရမှ နံနက် ၄ နာ ရီအထိ ညမထွက်ရ အမိန့် ၁၄၄ ထုတ် ထုတ်ပြန်ကြေငြာ ထားသည်။
You may also like these stories:",,,,,,
<urn:uuid:8dcdc804-df80-4025-9b11-36e0ab905c8a>,"VERSE 1
ကိုယ်တော်ရှင်အား တမ်းတ အချိန်အခါတိုင်း
ဝိညာဉ်ရဲ့အထဲမှ ငတ်မွတ်ကာ အမြဲ ဟစ်အော်နေ
ကိုယ်တော်ရှင်ရှေ့မှောက်သာ အနေချင်ဆုံး
အခြားအရာရာခပ်သိမ်းထက် နှိုင်းတုရန်မရှိသောနေရာ
ထိုအရပ် ကိုယ်တော်ရဲ့ရှေ့တော် အမြဲတမ်း ရှိနေချင်
ဝိညာဉ်မှာ အစဉ်အမြဲ ညည်းတွားနေ
CHORUS
အို အလှပဆုံး ကိုယ်တော်ရဲ့ရှေ့တော်သာ
အမြဲတမ်း တမ်းတနေ ဝိညာဉ်ထဲမှ
ပြီးပြည့်စုံခြင်း အစုံလင်ဆုံး သခင့်ရင်ခွင်
နှလုံးသားထဲ အမြဲတမ်း အော်မြည်တောင့်တ
ကိုယ်တော်ဘုရားရဲ့ ရှေ့မှောက်မျက်နှာတော်အလင်း ထွန်းလင်းသောနေရာ
အခြားအရာရာခပ်သမ်းထက် လိုချင်မျှော်လင့်၍
ကျွန်ုပ်အား ဆွဲခေါ်ပါ အဖဘုရား (အထံတော်သို့)
VERSE 2
ကိုယ်တော်ရှင်တစ်ပါးတည်းသာ အလိုအပ်ဆုံး
ကောင်းကြီး ရွေ ငွေ အထောင်အသင်းထက် အဖိုးထိုက်သူ ကျွနု်ပ်၏ ဘုရင်
ကိုယ်တော်ရှင်တစ်ပါးတည်းသာ အရာခပ်သိမ်း
သခင့်ရင်ခွင်တော်ထဲမှာ ချစ်မေတတာ ကျွန်ုပ်အတွက် အစဉ်အမြဲ
ထာဝရ ကိုယ်တော်ရဲ့အနားမှာ အမြဲတမ်းရှိနေချင်
ဝိညာဉ်မှာ အစဉ် တမ်းတလို့နေ",,,,,,
<urn:uuid:c2faf571-73a6-4613-860e-545f815611fc>,"လောကကြီးထဲမှာကိုယ့်အတွက်အကောင်းဆုံးလူကိုပြပါဆိုရင် အမေ ကိုပြလိုက်ပါ
လောကကြီးမှာ ကိုယ့်အပေါ်အရမ်းကောင်းပြီးအရမ်းကိုယုံရပါတယ်ဆိုတဲ့သူတွေဟာ အချိန်တွေ၊အခြေအနေတွေပြောင်းလဲသွားတဲ့အခါ ကိုယ့်အပေါ်ပြောင်းလဲလာပြီး ယုံလို့မရတဲ့သူတွေဖြစ်သွားတတ်ပါတယ်။
ဒါပေမယ့် ကိုယ့်အပေါ်ဘယ်သူတွေဘယ်လောက်ပဲ ပြောင်းလဲသွားပေမယ့် ဘယ်တော့မှပြောင်းလဲမသွားမယ့် သူတစ်ယောက်ရှိပါတယ်။ အဲ့ဒါကတော့ အမေပါပဲ။ အမေဆိုတာ …..
ကိုယ့်ကိုတံဆိပ်မကပ်တဲ့သူ
ကိုယ်ဟာ ဘယ်လိုလူမျိုးလဲ၊ လူကောင်းလား၊ လူဆိုးလား၊ စိတ်ဓာတ်ပျော့ညံ့သူလား၊ အရှုံးသမားလား စသဖြင့် ကိုယ့်ကိုတံဆိပ်တွေကပ်ပြီး မကြည့်တတ်သူဖြစ်ပါတယ်။ ကိုယ်ဘယ်လိုလူမျိုးဖြစ်ဖြစ် ကိုယ့်အပေါ် မပြောင်းလဲတဲ့တစ်ယောက်တည်းသောသူဟာ အမေပါ။
ကိုယ့်ကိုအကောင်းဆုံးနှစ်သိမ့်ပေးတတ်သူ
ကိုယ့်စိတ်အဆင်မပြေမှုတွေဖြစ်လာတဲ့အခါ၊ အားငယ်ဝမ်းနည်းပြီး ပြိုလဲနေတဲ့အခါ၊ တစ်ယောက်ယောက်ဆီက အားပေးမှုတွေရဖို့လိုအပ်လာတဲ့အခါတွေမှာ ကိုယ့်စိတ်အဆင်ပြေဖို့အတွက် အကောင်းဆုံးနှစ်သိမ့်ပေးတတ်သူဟာ အမေပါ။
ကိုယ်နဲ့ပတ်သက်လာရင် သူရဲ့ကိုယ်ကျိုးကိုမကြည့်တဲ့သူ
ဘယ်သူတွေဘယ်လောက်ပဲ ကိုယ့်အပေါ်ကောင်းပါစေ၊ သူတို့ကိုယ်ကျိုးကိုမကြည့်ဘဲ ကိုယ့်အတွက်ပဲကြည့်ပေးတတ်တဲ့သူဆိုတာ အမေကလွဲရင်ဘယ်သူမှမရှိပါဘူး။ သူ့အတွက်အကျိုးအမြတ်ကိုမစဉ်းစားဘဲ ကိုယ့်အတွက်ပဲကြည့်ပေးတဲ့ အကောင်းဆုံးလူသားတစ်ယောက်ဖြစ်ပါတယ်။
ကိုယ်ပျော်ရွှင်ဖို့ အမြဲမျှော်လင့်နေတဲ့သူ
သူငယ်ချင်း၊မိတ်ဆွေတွေဆိုတာက ကိုယ်ကျရှုံးနေချိန်မှာ သနားတတ်ပေမယ့် ကိုယ်အောင်မြင်တဲ့အချိန်မှာ မုဒိတာပွားနိုင်တဲ့သူရှားပါတယ်။ ကိုယ်အောင်မြင်ဖို့၊ ပျော်ရွှင်ဖို့အမြဲမျှော်လင့်နေတတ်တာဟာ အမေကလွဲရင် တခြားဘယ်သူမှမရှိပါဘူး။
ကိုယ့်အတွက်အမှန်ကိုပြောပေးတတ်သူ
အမှန်တရားက ဘယ်လောက်ပဲခါးသီးနေပါစေ၊ ကိုယ်ကြားဖို့လိုတယ်ဆိုရင် မဖြစ်မနေပြောတတ်သူဖြစ်ပါတယ်။ ကိုယ်ကြားဖို့လိုတဲ့အမှန်တရားကိုဖုံးကွယ်ထားပြီး သကာဖုံးနေတဲ့စကားတွေပဲပြောတတ်တဲ့သူတွေနဲ့တော့ ဘယ်လိုမှနှိုင်းလို့မရတဲ့သူ၊ ကိုယ့်အပေါ်အမြဲတမ်းစစ်မှန်တဲ့သူက အမေပါ။
written by PP
Unicode
လောကကြီးထဲမှာကိုယ့်အတွက်အကောင်းဆုံးလူကိုပြပါဆိုရင် အမေ ကိုပြလိုက်ပါ
လောကကြီးမှာ ကိုယ့်အပေါ်အရမ်းကောင်းပြီးအရမ်းကိုယုံရပါတယ်ဆိုတဲ့သူတွေဟာ အချိန်တွေ၊အခြေအနေတွေပြောင်းလဲသွားတဲ့အခါ ကိုယ့်အပေါ်ပြောင်းလဲလာပြီး ယုံလို့မရတဲ့သူတွေဖြစ်သွားတတ်ပါတယ်။
ဒါပေမယ့် ကိုယ့်အပေါ်ဘယ်သူတွေဘယ်လောက်ပဲ ပြောင်းလဲသွားပေမယ့် ဘယ်တော့မှပြောင်းလဲမသွားမယ့် သူတစ်ယောက်ရှိပါတယ်။ အဲ့ဒါကတော့ အမေပါပဲ။ အမေဆိုတာ …..
ကိုယ့်ကိုတံဆိပ်မကပ်တဲ့သူ
ကိုယ်ဟာ ဘယ်လိုလူမျိုးလဲ၊ လူကောင်းလား၊ လူဆိုးလား၊ စိတ်ဓာတ်ပျော့ညံ့သူလား၊ အရှုံးသမားလား စသဖြင့် ကိုယ့်ကိုတံဆိပ်တွေကပ်ပြီး မကြည့်တတ်သူဖြစ်ပါတယ်။ ကိုယ်ဘယ်လိုလူမျိုးဖြစ်ဖြစ် ကိုယ့်အပေါ် မပြောင်းလဲတဲ့တစ်ယောက်တည်းသောသူဟာ အမေပါ။
ကိုယ့်ကိုအကောင်းဆုံးနှစ်သိမ့်ပေးတတ်သူ
ကိုယ့်စိတ်အဆင်မပြေမှုတွေဖြစ်လာတဲ့အခါ၊ အားငယ်ဝမ်းနည်းပြီး ပြိုလဲနေတဲ့အခါ၊ တစ်ယောက်ယောက်ဆီက အားပေးမှုတွေရဖို့လိုအပ်လာတဲ့အခါတွေမှာ ကိုယ့်စိတ်အဆင်ပြေဖို့အတွက် အကောင်းဆုံးနှစ်သိမ့်ပေးတတ်သူဟာ အမေပါ။
ကိုယ်နဲ့ပတ်သက်လာရင် သူရဲ့ကိုယ်ကျိုးကိုမကြည့်တဲ့သူ
ဘယ်သူတွေဘယ်လောက်ပဲ ကိုယ့်အပေါ်ကောင်းပါစေ၊ သူတို့ကိုယ်ကျိုးကိုမကြည့်ဘဲ ကိုယ့်အတွက်ပဲကြည့်ပေးတတ်တဲ့သူဆိုတာ အမေကလွဲရင်ဘယ်သူမှမရှိပါဘူး။ သူ့အတွက်အကျိုးအမြတ်ကိုမစဉ်းစားဘဲ ကိုယ့်အတွက်ပဲကြည့်ပေးတဲ့ အကောင်းဆုံးလူသားတစ်ယောက်ဖြစ်ပါတယ်။
ကိုယ်ပျော်ရွှင်ဖို့ အမြဲမျှော်လင့်နေတဲ့သူ
သူငယ်ချင်း၊မိတ်ဆွေတွေဆိုတာက ကိုယ်ကျရှုံးနေချိန်မှာ သနားတတ်ပေမယ့် ကိုယ်အောင်မြင်တဲ့အချိန်မှာ မုဒိတာပွားနိုင်တဲ့သူရှားပါတယ်။ ကိုယ်အောင်မြင်ဖို့၊ ပျော်ရွှင်ဖို့အမြဲမျှော်လင့်နေတတ်တာဟာ အမေကလွဲရင် တခြားဘယ်သူမှမရှိပါဘူး။
ကိုယ့်အတွက်အမှန်ကိုပြောပေးတတ်သူ
အမှန်တရားက ဘယ်လောက်ပဲခါးသီးနေပါစေ၊ ကိုယ်ကြားဖို့လိုတယ်ဆိုရင် မဖြစ်မနေပြောတတ်သူဖြစ်ပါတယ်။ ကိုယ်ကြားဖို့လိုတဲ့အမှန်တရားကိုဖုံးကွယ်ထားပြီး သကာဖုံးနေတဲ့စကားတွေပဲပြောတတ်တဲ့သူတွေနဲ့တော့ ဘယ်လိုမှနှိုင်းလို့မရတဲ့သူ၊ ကိုယ့်အပေါ်အမြဲတမ်းစစ်မှန်တဲ့သူက အမေပါ။
written by PP",,,,,,
<urn:uuid:9dfd72d1-f7bd-4556-b8d8-51fe77fb0f37>,"စစ်ကောင်စီက ပစ်ခတ်သော လက်နက်ကြီးကျည်များ ဝမ္မသူး တိုက်နယ်ဆေးရုံအတွင်း ကျရောက်ပေါက်ကွဲ၊ မင်းတပ်နှင့် ထီးလင်းအစပ်အတွင် စစ်ကောင်စီနှင့် CDF၊ YDF ကြား နေ့စဉ်ရက်ဆက်တိုက်ပွဲဖြစ်ပွားနေ
ချင်းပြည်နယ်၊ မင်းတပ်မြို့နယ်၊ ဝမ္မသူးကျေးရွာအတွင်းသို့ ယနေ့ ဒီဇင်ဘာလ ၂၀ ရက်တွင် အကြမ်းဖက်စစ်ကောင်စီတပ်က ပစ်ခတ်သော လက်နက်ကြီးကျည် ၃ လုံး ကျရောက်ပေါက်ကွဲပြီး လက်နက်ကြီးကျည် ၁ လုံးသည် တိုက်နယ်ဆေးရုံဝန်းအတွင်းရှိ အမျိုးသမီး လူနာဆောင်အတွင်း ကျရောက်ပေါက်ကွဲခဲ့ကြောင်း ဒေသသတင်းရင်းမြစ် The Mindat Post တွင် ရေးသားဖော်ပြသည်။
”ဝမ္မသူးကျေးရွာတိုက်နယ် ဆေးရုံပေါ်ကို လက်နက်ကြီး ၃ ချက်လောက်ကျတဲ့အထဲမှာ အမျိုးသမီး လူနာဆောင်ကြားမှာ အဆောက်အဦပေါ် တည့်တည့်တစ်လုံးကျတယ်။ ၂ ကြိမ်က ဆေးရုံဝန်းထဲလို့ ပြောတယ်။ ပျက်စီးမှု အတိုင်းအဆကို ဆက်ပြီး စုံစမ်းနေပါတယ်” လို့ မင်းတပ်မြို့ နယ်ပြည်သူ့အုပ်ချုပ်ရေးအဖွဲ့ဝင်တစ်ဦး က ပြောပါတယ်။
ယမန်နေ့ ဒီဇင်ဘာလ ၂၂ ရက် မွန်းလွဲ ၂ နာရီခွဲခန့်တွင် ဝမ္မသူးကျေးရွာတွင် တပ်စွဲထား သော အကြမ်းဖက်စစ်ကောင်စီတပ်နှင့် CDF မင်းတပ်တပ်ဖွဲ့ကြား ဝမ္မသူးကျေးရွာအုပ်စု၊ ခွီးရိန်ရွာအတွင်း၌ တိုက်ပွဲဖြစ်ပွားခဲ့ပြီး စစ်ကောင်စီတပ်သား ၃ ဦး သေဆုံးကာ ၅ ဦးကျဆုံးခဲ့ကြောင်း မင်းတပ်မြို့ ပြည်သူ့အုပ်ချုပ်ရေးအဖွဲ့မှ သတင်းထုတ်ပြန်ထားသည်။မင်းတပ်မြို့နယ် မြောက်ပိုင်းနှင့် ထီးလင်းမြို့နယ်အနောက်တောင်ဘက်ရှိ ကျေးရွာများတွင် အကြမ်းဖက်စစ်ကောင်စီတပ်နှင့် CDF၊ YDF ပူးပေါင်းတပ်ဖွဲ့ကြား ဒီဇင်ဘာလ ၁၇ ရက်မှ စတင်ကာ နေ့စဉ်ရက်ဆက် တိုက် ပွဲများ ဖြစ်ပွားနေသည်။ khit thit",,,,,,
<urn:uuid:bd39ac8e-3ed1-44ea-9484-75f1f795dc97>,"စစ်ကိုင်းတိုင်းဒေသကြီး၊ ကသာမြို့နယ်၌ PDF အမည်ခံ အကြမ်းဖက်အဖွဲ့က...
အနာဂတ်မျိုးဆက်သစ်ရင်သွေးငယ်များ၏ ပညာရေးနောက်ကျကျန်မှု မဖြစ်စေရေးအတွက်...
အကြမ်းဖက်အုပ်စုအဖြစ်ကြေညာထားသော CRPH၊ NUG နှင့် ယင်းတို့၏ လက်ဝေခံများ၏...
မြို့နယ်အချို့၌ အခြေခံပညာကျောင်းများ ဖွင့်လှစ်သင်ကြားမှုကို မလိုလားသူ...
မြိုင်မြို့နယ်အတွင်း PDF အမည်ခံအကြမ်းဖက်သမားများ၏ ဆင်ခြင်တုံတရားမဲ့စွာ Drone...
မြို့နယ်အချို့၌ PDF အမည်ခံအကြမ်းဖက်သမားများက ပညာသင်ကြားသင်ယူခွင့်နှင့်...
ဆူပူအကြမ်းဖက်သူ လူအုပ်စုများအနေဖြင့် သာသနာရေးဆိုင်ရာ အဆောက်အဦ များအား...
ရန်ကုန်တိုင်းဒေသကြီး၊ ဒဂုံမြို့နယ်နှင့် ကျောက်တန်းမြို့နယ်တို့၌...
မြို့နယ်အချို့၌ PDF အမည်ခံအကြမ်းဖက်သမားများက...
မြို့နယ်အချို့ရှိ PDF အမည်ခံအကြမ်းဖက်သမားများက ပညာသင်ကြားသင်ယူခွင့်...",,,,,,
<urn:uuid:2255b058-0fa6-4130-9a86-2b39094d0f41>,"ဖူးကက်တွင် မြန်မာ တဦး မူးယစ်ဆေးဝါးမှုဖြင့် ဖမ်းဆီးခံရ
This article has been converted from Zawgyi One to Unicode
ထိုင်းနိုင်ငံ တောင်ပိုင်း ဖူးကက်မြို့နယ်တွင် မူးယစ်ဆေးဝါး ရောင်းချနေသည်ဟု ယူဆရသော မြန်မာနိုင်ငံသား တဦးကို ထိုင်း အာဏာပိုင်များက ဖမ်းဆီးလိုက်သည်။
အသက် ၂၅ နှစ်အရွယ် ဇော်ကိုကိုအောင်ထံမှ စိတ်ကြွဆေးပြား၊ ဆေးခြောက်၊ အိုက်စ်(ICE)ဟု ခေါ်သည့် မူးယစ်ဆေးဝါး တို့ကို နယ်မြေခံ ရဲတပ်ဖွဲ့ဝင်များက နေအိမ် တအိမ်တွင် ယမန်နေ့က ဖမ်းမိခဲ့ကြောင်း ထိုင်းသတင်းများတွင် ဖော်ပြထားသည်။
အဆိုပါ နေအိမ်တွင် ဇော်ကိုကိုအောင်နှင့် ထိုင်းနိုင်ငံသား တဦးကို ဖမ်းဆီးရမိပြီး မြန်မာနိုင်ငံသား တင်နိုင်ဦး ဆိုသူမှာ ထွက်ပြေး လွတ်မြောက် သွားကြောင်း သိရသည်။
“အဖမ်းခံထားရတဲ့ ထိုင်းနိုင်ငံသားရဲ့ ထွက်ဆိုချက်အရ ရဲတွေ ဖမ်းမိထားတဲ့ ဆေးခြောက်တွေဟာ အဲဒီအိမ်မှာနေတဲ့ မြန်မာ ၂ ယောက်ဆီကနေ တထုပ်ကို ဘတ် ၂၀၀ နဲ့ ဝယ်တာ ဖြစ်တယ် ဆိုပြီးတော့ ထွက်ဆိုထားတယ်”ဟု ဖူးကက်မြို့နယ်မှ ရဲအရာရှိကြီး တဦး ကပြောကြောင်း ထိုင်းသတင်းများက ဆိုသည်။
ဇော်ကိုကိုအောင်ကလည်း ယခု ဖမ်းဆီးရမိသော မူးယစ်ဆေးဝါးများနှင့် ပတ်သက်၍ ၎င်း၏ ပစ္စည်းများ မဟုတ်ကြောင်း၊ ထွက်ပြေး သွားသည့် တင်နိုင်ဦးထံမှ ရရှိခြင်း ဖြစ်ကြောင်း ငြင်းဆိုထားသည်။
ဖူးကက်မြို့နယ်မှ ရဲအရာရှိကြီးက“ဘာပဲ ဖြစ်ဖြစ် ၂ ယောက် စလုံးကို စုံစမ်းစစ်ဆေးမှုတွေ လုပ်ပြီးရင် ထိုင်းဥပဒေအရ အရေးယူ ဆောင်ရွက်သွားမှာ ဖြစ်ပါတယ်”ဟု ဆက်ပြောသည်။
သက်သေခံ ပစ္စည်းများ အဖြစ် ဆေးခြောက် ၃.၅၀ ဂရမ် ၄၅ ထုပ်၊ အိုက်စ် ဝ.၄၅နှင့် ဝ.၅၀ ဂရမ် စုစုပေါင်း ၃၄ ထုပ်၊ စိတ်ကြွဆေး ပြား (ခေါ်) ရာဘ ၅၈ လုံးတို့ကို သိမ်းဆည်းရမိထားကြောင်း၊ မူးယစ်ဆေးဝါး ရောင်းဝယ်မှုနှင့် အရေးယူသွားမည် ဖြစ်ကြောင်း သိရ သည်။
လတ်တလာတွင် ဖမ်းဆီးခံရသူ ၂ ဦးကို ဖူးကက်မြို့နယ် အတွင်းရှိ ကာလွန် (Karon) ရဲစခန်းတွင် ထိန်းသိမ်းထားကြောင်း ထိုင်း သတင်းများတွင် ပါရှိသည်။
ထိုင်းဥပဒေအရ မူးယစ်းဆေးဝါးရောင်းဝယ် ဖောက်ကားမှုနှင့် ပတ်သက်၍ ပြစ်မှု ထင်ရှားပါက ထောင်ဒဏ် တသက်တကျွန်း အထိ ကျခံရနိုင်ကြောင်း သိရသည်။
၂၀၁၃ ခုနှစ် ဖေဖော်ဝါရီလကလည်း မြန်မာနိုင်ငံသား ၂ ဦးနှင့် ထိုင်းနိုင်ငံသား တဦးတို့ကို ရာဘ စိတ်ကြွဆေးပြား ၂ သိန်းနှင့်အတူ ထိုင်း အာဏာပိုင်များက ထိုင်းနိုင်ငံ မြောက်ပိုင်း လန်ပန်းမြို့တွင် ဖမ်းဆီးရမိခဲ့သည်။
အဆိုပါ မြန်မာနှင့် ထိုင်းနိုင်ငံသားတို့ကို ချင်းမိုင်-ဘန်ကောက် ပြေးဆွဲနေသည့် လိုင်းကားပေါ်တွင် ဖမ်းမိခဲ့ခြင်း ဖြစ်သည်ဟု ဆို သည်။
နိုင်ငံခြားသား ခရီးသွားများ အပန်းဖြေရာ ဒေသအဖြစ် နာမည်ကြီးသည့် ဖူးကက်မြို့နယ်တွင် မြန်မာ ရွှေ့ပြောင်း အလုပ်သမား ၇ သောင်း မှ ၁ သိန်းခန့် အထိရှိကြောင်း သိရသည်။
ဇွန် ၂၆ ရက် အပြည်ပြည်ဆိုင်ရာ မူးယစ်ဆေးဝါး အလွဲသုံးမှုနှင့် တရားမဝင် ရောင်းဝယ်ဖောက်ကားမှု တိုက်ဖျက်ရေးနေ့တွင် ထိုင်း အစိုးရက ဘတ်ငွေ သန်းပေါင်း ၁၀၀၈၀ ခန့် တန်ဖိုးရှိသည့် ဖမ်းဆီးရမိထားသော မူးယစ်ဆေးဝါး ၃.၃ တန်ကို မီးရှို့ဖျက်ဆီးခဲ့ကြောင်း သိရသည်။ ထိုင်း အစိုးရ အနေနှင့် နိုင်ငံအတွင်း မူးယစ်ဆေးဝါး တိုက်ဖျက်ရေး လုပ်ငန်းများကို လုပ်ကိုင်လျက်ရှိသည်။
မြန်မာအစိုးရက မူးယစ်ဆေးဝါးနှင့် စိတ်ကို ပြောင်းလဲစေသော ဆေးဝါးများ အန္တရာယ် တားဆီးကာကွယ်ရေး အဖွဲ့ကို ဖွဲ့စည်း၍ မူးယစ်ဆေးဝါး ပပျောက်ရေး ၁၅ နှစ် စီမံကိန်းကို ၁၉၉၉ ခုနှစ်မှ ၂ဝ၁၄ ခုနှစ်အထိ သတ်မှတ်ထားသော်လည်း ၂၀၁၉ အထိ ပြန် လည် သတ်မှတ်လိုက်သည်။
အပြည်ပြည်ဆိုင်ရာ မူးယစ်ဆေးဝါး တိုက်ဖျက်ရေးနေ့ အထိမ်းအမှတ်အနေနှင့် မြန်မာ အစိုးရကလည်း ရန်ကုန်တိုင်း၊ ပဲခူးတိုင်း၊ ဧရာဝတီတိုင်း၊ တနင်္သာရီတိုင်း၊ မွန်ပြည်နယ်၊ ရခိုင်ပြည်နယ်၊ ကရင်ပြည်နယ် တို့မှ ဖမ်းဆီးရမိသည့် ကျပ်ငွေ သိန်း ၄၄၀၇၀ ကျော် တန်ဖိုးရှိသော မူးယစ်ဆေးဝါး ၁၅ မျိုးတို့ကို မီးရှို့ဖျက်ဆီးခဲ့ကြောင်း သိရသည်။",,,,,,
<urn:uuid:530e989b-5e3c-4b3e-a1a1-90132115ea48>,"ကွန်အယ်လ်ရှိုကာဖာ၏ မြေအောက်သင်္ချိုင်း
ကွန်အယ်လ်ရှိုကာဖာ၏ မြေအောက်သင်္ချိုင်း (The Catacombs of Kom el Shoqafa) သည် အီဂျစ်နိုင်ငံ အလက်ဇန္ဒရီးယားမြို့ တွင် ရှိသော သမိုင်းဝင်ရှေးဟောင်းသုတေသန နေရာတစ်ခုဖြစ်ပြီး အလယ်ခေတ်၏ အံဖွယ် ခုနစ်ခုတွင် အပါအဝင် ဖြစ်သည်။
ထိုသင်္ချိုင်းတွင် အလက်ဇန္ဒရီးယား မြို့သားတို့၏ ဂူများ၊ ရုပ်ထုများ၊ ဖာရိုးနစ် အသုဘ အခမ်းအနားမှ ဟယ်လင်နှင့် အစောပိုင်း အင်ပီရီယယ် ရောမတို့ လွှမ်းမိုးမှုများ ပါဝင်သော သမိုင်းဝင် ပစ္စည်းများ တို့ ဖြစ်ကြသည်။ ကွန်အယ်လ် ရှိုကာဖာ၏ မြေအောက် သင်္ချိုင်းတွင် ရောမ၊ ဂရိ နှင့် အီဂျစ်တို့၏ ယဉ်ကျေးမှုများ ရောယှက်နေသည်ကို တွေ့နိုင်သည်။ အချို့ ရုပ်ထုများမှာ အီဂျစ်ပြည်သား စတိုင်လ် ဖြစ်သော်လည်း ရောမတို့၏ အဝတ်အစားနှင့် ဆံပင်ပုံစံတို့ ရှိကြသည်။",,,,,,
<urn:uuid:34227995-9b4d-4d55-b8d6-6cbbd4b9c8ad>,"|
|
အောင်မင်္ဂလာအဝေးပြေးယာဉ်ရပ်နားစခန်း
(ကချင်ပြည်နယ်)
|၁။||မျိုးဆက်သစ်||
|
ဏ/C ၁၆၊၁၈ ပုဂံလမ်း မော်လမြိုင်လမ်း(ဂိတ်ခွဲ)
|
|
၀၉၄၂၈၂၀၇၀၄၂၊
၀၉၅၀၁၇၁၂၉၊
၀၉၈၆၁၁၈၂၀၁
|
|
၃၈၀၀၀
၄၈၀၀၀ (အထူး)
|မြစ်ကြီးနား||၁၀:၃၀|
|၂။||High Class (High Class Special)||ည/၁၉၊၂၀၊၂၁ ဥဿာ(အထက်)လမ်း||
|
၀၉၄၂၀၂၂၅၇၇၇၊
၀၉၇၉၃၂၁၁၁၇၀၊
၀၉၃၀၁၅၅၂၈၅
|
|
၄၈၀၀၀
၃၈၀၀၀
၃၃၀၀၀
|
|
မြစ်ကြီးနား
ဗန်းမော်
|
|
၁၀:၃၀
၁၁:၃၀
|
|
၁၂:၃၀
|၃။||မိုးကောင်းကင်||
|
က/၉၊၁၀ (ပ)ကွင်း
|ဝ၁၇၀၄၆၈၅၊ ဝ၁၆၃၇၆၄၃၊ ဝ၁၆၃၇၆၄၄၊ ဝ၉၅၁၆၁၈၈၁၊ ဝ၉၃၁၀၉၂၅၄၈၊ ဝ၉၇၃၂၀၈၀၁၈||
|
၃၈၃၀၀
|
|
မြစ်ကြီးနား
|၁၀:၃၀||
|
|၄။||ရွှေမြစ်ဆုံ||ယ/၂၄ (ယ)ကွင်း||၀၉၇၈၁၉၄၄၉၁၁၊ ၀၉၇၈၁၉၄၄၉၂၁၊ ၀၉၂၆၄၈၂၃၇၄||
|
၃၈၀၀၀
|
|
မော်လူး
နန့်စီအောင်
မော်ဟန်
မိုးညှင်း
ဟိုပင်
မိုးကောင်း
မြစ်ကြီးနား
|၁၀:၃၀|
|ယာဉ်လိုင်း - ၄|",,,,,,
<urn:uuid:c1b685ce-8a85-4d0f-8c62-be37ffcc0e39>,"ဧရာဝတီတိုင်း၊ ပုသိမ်မြို့မှာ ဇူလိုင်လ ၂၇ ရက်နေ့က အကျဥ်းထောင်နဲ့ ရဲစခန်းတွေမှာ အမှုရင်ဆိုင်နေရဆဲ အချုပ်တရားခံ ၁၈၇ ဦးကို ပြန်လွှတ်ပေးခဲ့တယ်လို့ သိရပါတယ်။
အာဏာသိမ်းစစ်ကောင်စီက ဖေဖော်ဝါရီလ ၁ ရက်နေ့မတိုင်ခင် ခိုးမှု၊ လုယက်မှု၊ ပြည့်တန်ဆာမှု၊ လက်နက်မှုနဲ့ ဆေးမှုတွေအပါဝင် အခြားအမှုတွေကို အမှုပိတ်ပြန်လွှတ်ပေးမယ်လို့ ကြေညာခဲ့အပြီး ခုလိုပြန်လွှတ်ပေးခဲ့တာလို့ ပုသိမ် မြို့နယ်တရားရုံးက သတင်းထုတ်ပြန်ပါတယ်။
""ပြန်လွှတ်ပေးတာတော့ ဟုတ်တယ် လွှတ်မပေးခင် ၅ ရက်လောက်ကစပြီး အမှုပိတ်သိမ်းဖို့ အတွက် ရှေ့နေ့တွေကို တရားရုံးက ခေါ်တယ် အမှုပိတ်တယ် ပြီးတော့ မနေ့က ပြန်လွှတ်ပေး လိုက်တာ ထင်တယ်''လို့ ပုသိမ်မြို့နယ်တရားရုံးမှာ အမှုလိုက်ပေးနေတဲ့ ရှေ့နေတစ်ဦးက ပြောပါတယ်။
အမှုပိတ်သိမ်းပြီး ပြန်လွှတ်ပေးတဲ့အထဲမှာ ခိုးမှု ၄ မှု၊ သစ်တောဥပဒေနဲ့ ၄ မှု၊ လောင်းကစားမှု ၂၉ မှု၊ အရက်ပုန်းရောင်းမှု ၃ မှု၊ မူးယစ်ဆေးဝါးမှု ၁၀ မှု၊ လက်နက်မှု ၁၃ မှု၊ ပြည့်တန်ဆာမှု ၂ မှု၊ မှောင်ရိပ်ခိုမှု ၂ မှုနဲ့ ခြေချုပ်နဲ့ခံဝန်မှု ၁ မှုတို့ဖြစ်တယ်လို့ သိရပါတယ်။
ပြန်လွှတ်ပေးတဲ့သူတွေကိုတော့ အကျဥ်းထောင်ကပြန်လွှတ်ပေးတာရှိသလို ရဲစခန်း အချုပ်တွေကနေ ပြန်လွှတ်ပေးတာတွေလည်း ရှိတယ်လို့ ရှေ့နေတစ်ဦးကပြောပါတယ်။
အခုလိုပြန်လွှတ်ပေးတဲ့အထဲမှာ နိုင်ငံရေးတက်ကြွလှုပ်ရှားသူတွေပြန် မပါသေးတဲ့အပေါ်မှာ ဝေဖန်မှုတွေလည်း ရှိနေပါတယ်။",,,,,,
<urn:uuid:7bde86cc-1eaf-45c6-a7c6-4f7267f4be29>,"(သူသာလျှင် အတော်ဆုံး သိတတ်ဆုံး ငါ့လို ယောင်္ကျား ကို အထင်ကြီးမှာ မဟုတ် ဘူးလို့ ထင်မြင်သွားနိုင်ပါတယ် )
၂- အထာ ကိုင်လွန်းသော ဆရာမကြီး စတိုင်လ် လေလုံးထွားသော မိန်းကလေး ( မာနကြီး သလို တည်ငြိမ်သလို ပြောဆို ဆက်ဆံရင်လဲ သူတို့ကို အဖက်မလုပ်တဲ့ မိန်းကလေးဟု ထင်မြင်သွားနိုင်တယ်)
၃- အယူသာရှိပီး အပေးမရှိသော မိန်းကလေး
(သူပေးတဲ့ လက်ဆောင်ယူ သူ့ရဲ့ ဂရုစိုက်မှု့ကိုသာ ယူတတ်ပီး သူ့ကို ပြန်လည်ဂရုစိုက်မှု့ မပေးရင် ရန်ဖစ်စကားများကြရင်လဲ မှားမှားမှန်မှန် သူကသာ အမြဲ အလျှော့ပေးနေရင် )
၄- ကလေးဆန် လွန်းပီး လွတ်လပ်ပျော်ရွှင်စွာ နေတတ်သော မိန်းကလေး ( သူတို့ကလွဲရင် သူစိမ်းယောင်္ကျားလေးတွေနဲ့ ကလေးဆန်စွာ နေရင်မနှစ်မြို့ ပါဘူး သူတို့စိတ်ထဲ လူတကာနဲ့ ရောနှောသော ပေါ့ပျက်ပျက် နေတတ်သော အနာဂါတ် အစီအစဉ် မရှိ တည်ငြိမ်မှု့ မရှိသူ ဟု မြင်သွားနိုင်ပါတယ် )
၅- အရာရာ ခွင့်လွှတ် သီးခံနိုင်သော မိန်းကလေး
( သူ့တစ်ယောက်ပဲအချစ်တွေပုံအပ်ပီး သူတို့ဆိုးသမျှ ခွင့်လွှတ်နားလည်ပေးရင် သူတို့ အတွေးထဲမှာမယုံကြည်မှု့ ဥပမာ- သူ့ကို အသုံးချချင်လို့ အသုံးချစရာ သူပဲရှိနေလို့ အရာရာ သီးခံနေတယ် ထင်မြင်နိုင်ပါတယ်)
၆- တနယ်စီဝေးကွာ အနေဝေးနေသော ချစ်သူမျိူး
( တွေ့ချငိတဲ့ အချိန် လွမ်းတဲ့ အချိန်တိုင်း မတွေ့ရ လက်တွေ့ ကြင်နာ ယုယပိုက်ထွေး မှု့ မရရင် လွမ်းတဲ့ဒါဏ်မခံနိုင်လို့ နောက်တစ်ယောက် အသစ်တွေ့တဲ့အခါ စိတ်ရဲ့ သာယာ မှု့ ကြောင့် ကိုယ့်ကို ထားခဲ့နိုင်ပါတယ် )
Credit:မောင် (နှလုံးသားတစုံ၏ဖြောင့်ချက်)
ဤစာဖတ်သူများအားလုံးချစ်သောသူနှင့်ရိုးမြေကျပေါင်းဖက်နိုင်ပါစေလို့ရွှေချစ်သူမှဆုတောင်းမေတ္တာ
ပို့သပေးပါတယ်။
မျှဝေပေးခြင်းဟာလည်းမေတ္တာတစ်မျိုးပဲမို့ မျှဝေပေးပါနော်...
Unicode Version
၁- ကိုယျ့ကိုကိုယျ အထငျကွီးလှနျးသော မိနျးကလေး
(သူသာလြှငျ အတျောဆုံး သိတတျဆုံး ငါ့လို ယောကငြ်္ား ကို အထငျကွီးမှာ မဟုတျ ဘူးလို့ ထငျမွငျသှားနိုငျပါတယျ )
၂- အထာ ကိုငျလှနျးသော ဆရာမကွီး စတိုငျလျ လလေုံးထှားသော မိနျးကလေး ( မာနကွီး သလို တညျငွိမျသလို ပွောဆို ဆကျဆံရငျလဲ သူတို့ကို အဖကျမလုပျတဲ့ မိနျးကလေးဟု ထငျမွငျသှားနိုငျတယျ)
၃- အယူသာရှိပီး အပေးမရှိသော မိနျးကလေး
(သူပေးတဲ့ လကျဆောငျယူ သူ့ရဲ့ ဂရုစိုကျမှု့ကိုသာ ယူတတျပီး သူ့ကို ပွနျလညျဂရုစိုကျမှု့ မပေးရငျ ရနျဖဈစကားမြားကွရငျလဲ မှားမှားမှနျမှနျ သူကသာ အမွဲ အလြှော့ပေးနရေငျ )
၄- ကလေးဆနျ လှနျးပီး လှတျလပျပြျောရှငျစှာ နတေတျသော မိနျးကလေး ( သူတို့ကလှဲရငျ သူစိမျးယောကငြ်္ားလေးတှနေဲ့ ကလေးဆနျစှာ နရေငျမနှဈမွို့ ပါဘူး သူတို့စိတျထဲ လူတကာနဲ့ ရောနှောသော ပေါ့ပကျြပကျြ နတေတျသော အနာဂါတျ အစီအစဉျ မရှိ တညျငွိမျမှု့ မရှိသူ ဟု မွငျသှားနိုငျပါတယျ )
၅- အရာရာ ခှငျ့လှတျ သီးခံနိုငျသော မိနျးကလေး
( သူ့တဈယောကျပဲအခဈြတှပေုံအပျပီး သူတို့ဆိုးသမြှ ခှငျ့လှတျနားလညျပေးရငျ သူတို့ အတှေးထဲမှာမယုံကွညျမှု့ ဥပမာ- သူ့ကို အသုံးခခြငျြလို့ အသုံးခစြရာ သူပဲရှိနလေို့ အရာရာ သီးခံနတေယျ ထငျမွငျနိုငျပါတယျ)
၆- တနယျစီဝေးကှာ အနဝေေးနသေော ခဈြသူမြိူး
( တှခေ့ငြိတဲ့ အခြိနျ လှမျးတဲ့ အခြိနျတိုငျး မတှရေ့ လကျတှေ့ ကွငျနာ ယုယပိုကျထှေး မှု့ မရရငျ လှမျးတဲ့ဒါဏျမခံနိုငျလို့ နောကျတဈယောကျ အသဈတှတေဲ့အခါ စိတျရဲ့ သာယာ မှု့ ကွောငျ့ ကိုယျ့ကို ထားခဲ့နိုငျပါတယျ )
Credit:မောငျ (နှလုံးသားတစုံ၏ဖွောငျ့ခကျြ)
ဤစာဖတျသူမြားအားလုံးခဈြသောသူနှငျ့ရိုးမွကေပြေါငျးဖကျနိုငျပါစလေို့ရှခေဈြသူမှဆုတောငျးမတ်ေတာ
ပို့သပေးပါတယျ။
မြှဝပေေးခွငျးဟာလညျးမတ်ေတာတဈမြိုးပဲမို့ မြှဝပေေးပါနျော...",,,,,,
<urn:uuid:24955358-8a60-4573-9e78-f2c91ea82d30>,"နည်းလမ်း ၁
သကြား လက်ဖက်ရည်ဇွန်း ၁ ဇွန်း
နနွင်းမှုန့် လက်ဖက်ရည်ဇွန်းတစ်ဝက်
သံပုရာရည် လက်ဖက်ရည်ဇွန်း ၁ ဇွန်း
ပြုလုပ်နည်း
ပါဝင်ပစ္စည်းအားလုံးကိုရောလိုက်ပါ။ ပြီးရင် ချိုင်းကြား ၊ ဒူးခေါင်း၊ တဒေါင်ဆစ်နဲ့ တခြားညိုမဲနေတဲ့ နေရာတွေမှာလိမ်းလို့ရပါတယ်။ ၅ မိနစ်လောက် ပွတ်လိမ်းပေးပါ။ ဆဲလ်သေတွေကိုဖယ်ရှားပေးပြီး ညိုမည်းတာကိုသက်သာစေမယ့်အပြင် ချွေးပေါက်ပွင့်စေမှာဖြစ်ပါတယ်။ ပြီးရင် ရေအေးနဲ့ ဆေးချပါ။
တစ်ပတ်ကို ၃ ကြိမ် တစ်လလောက်လုပ်ပေးပါ။
နည်းလမ်း ၂
သကြား လက်ဖက်ရည်ဇွန်း ၂ ဇွန်း
မှုန်ဖုတ်ဆိုဒါ လက်ဖက်ရည်ဇွန်း ၁ ဇွန်း
လိမ္မော်ရည် ၄ စက် ၅ စက်
သံပုရာသီး တစ်ခြမ်း
နွားနို့ လက်ဖက်ရည်ဇွန်း တစ်ဝက်
Glycerin အရည် လက်ဖက်ရည်ဇွန်း တစ်ဝက်
အုန်းဆီ လက်ဖက်ရည်ဇွန်း ၁ ဇွန်း
ပြုလုပ်နည်း
ပါဝင်ပစ္စည်းအားလုံးကိုရောထည့်ပြီး ကြိတ်လိုက်ပါ။ ပြီးရင် ချိုင်းကြားနဲ့ တခြားညိုမည်းနေတဲ့ နေရာမှာလိမ်းပေးပါ။ မိနစ် ၂၀ လောက်ထားပြီး အခြောက်ခံပါ။ ရေအေးနဲ့ ဆေးချပါ။
တစ်ပတ် ၃ ကြိမ်လုပ်ပေးပါ။ ၁ လတိတိလုပ်ပါ။
နည်းလမ်း ၃
ပြုလုပ်နည်း
အလူးကိုအခွံနွှာလိုက်ပါ။ ပြီးရင် ခြစ်တဲ့ဟာနဲ့ ခြစ်ချပေးပါ။ အဲဒီနောက် ပိတ်စအသန့်တစ်ခုကိုယူပြီး အရည်ညှစ်ထုတ်ပေးပါ။ အဲဒီအရည်ကို ချိုင်းအောက်မှာ လိမ်းပေးပြီး မိနစ် ၂၀ လောက်ထားပါ။ ပြီးရင် ရေနွေးနဲ့ ဆေးချပါ။
တစ်ပတ်ကို ၃ ကြိမ်။ တစ်လတိတိ လုပ်ပေးပါ။
နည်းလမ်း ၄
မှုန့်ဖုတ်ဆိုဒါ စားပွဲတင်ဇွန်း ၁ ဇွန်း
ရေ လက်ဖက်ရည်ဇွန်း ၁ ဇွန်း
ပြုလုပ်နည်း
ပါဝင်ပစ္စည်းနှစ်ခုကို သေချာရောလိုက်ပါ။ ပြီးရင် ချိုင်းကြားမှလြိမ်းပေးပြီး ၅ မိနစ်လောက်ထားပါ။ ပြီးရင်ရေနွေးနဲ့ဆေးချပါ။ တစ်ပတ်ကို ၂ ကြိမ် ၁ လတိတိလုပ်ပေးပါ။
Credit:Mystle
ဤစာဖတ်သူများအားလုံးပျော်ရွင်ချမ်းမြေ့ကြပါစေလို့ရွှေချစ်သူမှဆုတောင်းမေတ္တာပို့သပေးပါတယ်။
မျှဝေပေးခြင်းဟာလည်းမေတ္တာတစ်မျိုးပဲမို့ မျှဝေပေးပါနော်...
#Unicode Version#
နှရောသီရောကျပွီဆိုရငျ ပူအိုကျလှနျးလို့ အရပွေားတှယေားယံပွီး အိကြီ င်္လကျရှညျတှဆေို သိပျဝတျလို့အဆငျမပွပေါဘူး။ ဒါ့ကွောငျ့ အိကြီ င်္ လကျပွတျလှလှလေးတှေ ဝတျနိုငျဖို့ဆိုရငျ ခြိုငျးကွားအသားအရလေေး ဖွူဝငျးနဖေို့လိုတာပေါ့နျော။
နညျးလမျး ၁
သကွား လကျဖကျရညျဇှနျး ၁ ဇှနျး
နနှငျးမှုနျ့ လကျဖကျရညျဇှနျးတဈဝကျ
သံပုရာရညျ လကျဖကျရညျဇှနျး ၁ ဇှနျး
ပွုလုပျနညျး
ပါဝငျပစ်စညျးအားလုံးကိုရောလိုကျပါ။ ပွီးရငျ ခြိုငျးကွား ၊ ဒူးခေါငျး၊ တဒေါငျဆဈနဲ့ တခွားညိုမဲနတေဲ့ နရောတှမှောလိမျးလို့ရပါတယျ။ ၅ မိနဈလောကျ ပှတျလိမျးပေးပါ။ ဆဲလျသတှေကေိုဖယျရှားပေးပွီး ညိုမညျးတာကိုသကျသာစမေယျ့အပွငျ ခြှေးပေါကျပှငျ့စမှောဖွဈပါတယျ။ ပွီးရငျ ရအေေးနဲ့ ဆေးခပြါ။
တဈပတျကို ၃ ကွိမျ တဈလလောကျလုပျပေးပါ။
နညျးလမျး ၂
သကွား လကျဖကျရညျဇှနျး ၂ ဇှနျး
မှုနျဖုတျဆိုဒါ လကျဖကျရညျဇှနျး ၁ ဇှနျး
လိမ်မျောရညျ ၄ စကျ ၅ စကျ
သံပုရာသီး တဈခွမျး
နှားနို့ လကျဖကျရညျဇှနျး တဈဝကျ
Glycerin အရညျ လကျဖကျရညျဇှနျး တဈဝကျ
အုနျးဆီ လကျဖကျရညျဇှနျး ၁ ဇှနျး
ပွုလုပျနညျး
ပါဝငျပစ်စညျးအားလုံးကိုရောထညျ့ပွီး ကွိတျလိုကျပါ။ ပွီးရငျ ခြိုငျးကွားနဲ့ တခွားညိုမညျးနတေဲ့ နရောမှာလိမျးပေးပါ။ မိနဈ ၂၀ လောကျထားပွီး အခွောကျခံပါ။ ရအေေးနဲ့ ဆေးခပြါ။
တဈပတျ ၃ ကွိမျလုပျပေးပါ။ ၁ လတိတိလုပျပါ။
နညျးလမျး ၃
ပွုလုပျနညျး
အလူးကိုအခှံနှာလိုကျပါ။ ပွီးရငျ ခွဈတဲ့ဟာနဲ့ ခွဈခပြေးပါ။ အဲဒီနောကျ ပိတျစအသနျ့တဈခုကိုယူပွီး အရညျညှဈထုတျပေးပါ။ အဲဒီအရညျကို ခြိုငျးအောကျမှာ လိမျးပေးပွီး မိနဈ ၂၀ လောကျထားပါ။ ပွီးရငျ ရနှေေးနဲ့ ဆေးခပြါ။
တဈပတျကို ၃ ကွိမျ။ တဈလတိတိ လုပျပေးပါ။
နညျးလမျး ၄
မှုနျ့ဖုတျဆိုဒါ စားပှဲတငျဇှနျး ၁ ဇှနျး
ရေ လကျဖကျရညျဇှနျး ၁ ဇှနျး
ပွုလုပျနညျး
ပါဝငျပစ်စညျးနှဈခုကို သခြောရောလိုကျပါ။ ပွီးရငျ ခြိုငျးကွားမှလွိမျးပေးပွီး ၅ မိနဈလောကျထားပါ။ ပွီးရငျရနှေေးနဲ့ဆေးခပြါ။ တဈပတျကို ၂ ကွိမျ ၁ လတိတိလုပျပေးပါ။
Credit:Mystle
ဤစာဖတျသူမြားအားလုံးပြျောရှငျခမျြးမွကွေ့ပါစလေို့ရှခေဈြသူမှဆုတောငျးမတ်ေတာပို့သပေးပါတယျ။
မြှဝပေေးခွငျးဟာလညျးမတ်ေတာတဈမြိုးပဲမို့ မြှဝပေေးပါနျော...",,,,,,
<urn:uuid:1eb0052b-f7d3-42fa-8ddc-8a6b3ce3bf67>,"အေးချမ်းပါစေ မြန်မာပြည်
ကျော်သူ (နာရေးကူညီမှုအသင်း - ရန်ကုန်)
မတ်လ ၄၊ ၂၀၁၃
လူမျိုးရေးပဋိပက္ခကြောင့် ဘေးဒုက္ခခံစားနေရသော ရခိုင်တိုင်းရင်းသား ညီအစ်ကိုမောင်နှမများ ထံသို့ ကူညီထောက်ပံ့ရေးခရီးစဉ်အား နာရေးကူညီမှုအသင်း(ရန်ကုန်)သည် စတုတ္ထအကြိမ်မြောက်အဖြစ် ၁၄.၂.၂ဝ၁၃ ရက်နေ့တွင် နာရေးကူညီမှုအသင်း(ရန်ကုန်)၏ အလုပ်အမှုဆောင်များဖြစ်ကြသော ဦးသိန်း ဦး၊ ဦးသိန်းထွန်းနှင့် ဦးကျော်ဝင်းတို့သည် ရန်ကုန်မြို့မှ စစ်တွေမြို့သို့ ရောက်ရှိခဲ့ကြသည်။
ထို့နောက်စစ်တွေမြို့ပေါ်ရှိ ကယ်ဆယ်ရေးစခန်း (၅) ခုနှင့် (ABC) မိဘမဲ့ကလေးများစောင့်ရှောက် ရေးဂေဟာများသို့ လိုအပ်သည်များကို ပံ့ပိုးနိုင်ရန် သွားရောက်လေ့လာကြကာ တာဝန်ရှိသူများနှင့် တွေ့ဆုံ ဆွေးနွေးခဲ့ကြသည်။ ၁၅.၂.၂ဝ၁၃ ရက်နေ့တွင် မြောက်ဦးမြို့နယ်နှင့် မောင်းတောမြို့နယ်များသို့ သွား ရောက် ကူညီမှုပေးနိုင်ရန် ၄င်းဒေသရှိ ကယ်ဆယ်ရေးစခန်းများအတွက် လိုအပ်သော ပဲ၊ ငါးခြောက်နှင့် ရေစုတ်စက်၊ လက်တွန်းထွန်စက် စသည့်ပစ္စည်းများကို ဝယ်ယူစုဆောင်းခဲ့ကြပြီး ၁၆.၂.၂ဝ၁၃ ရက်နေ့တွင် မြောက်ဦးမြို့သို့ သင်္ဘောဖြင့်သွားရောက်ကြကာ မြောက်ဦး နာရေးကူညီမှုအသင်း၏ တာဝန်ရှိသူများနှင့် တွေ့ဆုံကြကာ (ယာယီ)ကယ်ဆယ်ရေးစခန်းရှိ တိုင်းရင်းသား ညီအစ်ကိုမောင်နှမများအတွက် ဆန် (၁၆) အိတ်၊ ပဲ (၃ဝ) ပိဿာ၊ ငါးခြောက် (၃ဝ) ပိဿာတို့ကို လှူဒါန်း ထောက်ပံ့ပေးခဲ့ကြသည်။
၁၇.၂.၂ဝ၁၃ ရက်နေ့တွင် မင်းပြားမြို့သို့ ဆက်လက်သွားရောက်ကာ မင်းပြားမြို့နယ် နာရေးကူညီ မှုအသင်းမှ အဖွဲ့ဝင်များနှင့်တွေ့ဆုံခဲ့ပြီး ၄င်းတို့၏ မီးသင်္ဂြိုလ်စက်အား လေ့လာကြည့်ရှုကာ အသင်းအဖွဲ့ အချင်းချင်း အကြံဉာဏ်များကို ဖလှယ်ဆွေးနွေးခဲ့ကြသည်။ ၁၈.၂.၂ဝ၁၃ ရက်နေ့တွင် မင်းပြားမြို့မှ စစ် တွေမြို့သို့ ပြန်လည်ရောက်ရှိကာ မောင်းတောနှင့် ဘူးသီးတောင်မြို့နယ်များသို့ သွားရောက် လှူဒါန်းရန် အတွက် လိုအပ်သောပစ္စည်းများကို လှည့်လည်ဝယ်ယူခဲ့ကြပြီး ၁၉.၂.၂ဝ၁၃ ရက်နေ့တွင် မောင်းတော ခရိုင်တွင် လိုအပ်သည့်ပစ္စည်းများကို သယ်ဆောင်ကာ စစ်တွေမြို့မှ ဘူးသီးတောင်မြို့သို့ သင်္ဘောဖြင့် (၄) နာရီခန့်ကြာ သွားရောက်ကာ ဘူးသီးတောင်မှတဆင့် မောင်းတောမြို့သို့ မော်တော်ကားဖြင့် တဆင့်သွား ရောက်ခဲ့ကြသည်။ မောင်းတောမြို့တွင် “မောင်းတောခရိုင် အမျိုးသားကာကွယ်စောင့်ရှောက်ရေး ဖောင် ဒေးရှင်း”နှင့် တွေ့ဆုံခဲ့ကြပြီး မောင်းတောဒေသရှိ ကယ်ဆယ်ရေးစခန်း (၁၃) ခုထံသို့ သွားရောက်၍ အား ပေးခဲ့ကြသည်။ ထို့နောက် ၂၁.၂.၂ဝ၁၃ နှင့် ၂၂.၂.၂ဝ၁၃ ရက်နေ့များတွင် စစ်တွေမြို့နှင့် ရန်ကုန်မြို့များမှ ရောက်ရှိလာသော ငါးခြောက်၊ ဆန်၊ ပဲ၊ ရေစုတ်စက်၊ ထော်လာဂျီ၊ လက်တွန်းထွန်စက် စသည့်ပစ္စည်းများ အား ကယ်ဆယ်ရေးစခန်း (၁၃) ခုသို့ ဖြန့်ဝေလှူဒါန်းခဲ့ကြပြီး ၂၃.၁၂.၂ဝ၁၃ ရက်နေ့တွင် မောင်းတောမှ စစ်တွေမြို့သို့ ပြန်လည်ရောက်ရှိခဲ့ကြကာ စစ်တွေမြို့နယ်၏ ကယ်ဆယ်ရေးစခန်း (၅) ခုရှိ အိမ်ထောင်စု ပေါင်း (၆၉ဝ) အတွက် ပဲ၊ ငါးခြောက်၊ ငွေသား စသည့်ပစ္စည်းများကို လှူဒါန်းခဲ့ကြပြီး ၂၄.၂.၂ဝ၁၃ ရက်နေ့ တွင် ရန်ကုန်မြို့သို့ ပြန်လည်ရောက်ရှိခဲ့ကြသည်။
နာရေးကူညီမှုအသင်း(ရန်ကုန်)သည် အများပြည်သူတို့၏ လှူဒါန်းငွေများဖြင့် ယခုကဲ့သို့ နယ်မြေ မအေးချမ်းမှုနှင့် လူမျိုးရေးပဋိပက္ခတို့အကြားတွင် ဘဝနောင်ရေးအတွက် ရတက်မအေး ဖြစ်နေရရှာသော ရခိုင်တိုင်းရင်းသား ညီအစ်ကိုမောင်နှမများ၏ ဒုက္ခကိုမျှဝေခံစား ဖေးမပေးခဲ့သည်မှာ (၄) ကြိမ်ရှိခဲ့ပြီ ဖြစ် သည်။ ယခုအကြိမ်တွင် ရခိုင်ပြည်နယ်ရှိ ကယ်ဆယ်ရေးစခန်းများသို့ လှူဒါန်းမှုတွင် ဆန်အိတ် (၅ဝဝ)၊ ပဲ၊ ငါးခြောက်၊ ရေစုတ်စက်များ၊ ထော်လာဂျီယာဉ်၊ လက်တွန်းထွန်စက် စသည့်ပစ္စည်းများနှင့် ငွေသားများ စုစုပေါင်းတန်ဖိုး သိန်း (၂၅ဝ) ကျပ်ခန့် လှူဒါန်းနိုင်ခဲ့ပြီးဖြစ်သည်။ ထိုကဲ့သို့ လှူဒါန်းနိုင်ခြင်းမှာ အလှူရှင် များ၏ ထက်သန်သော သဒ္ဒါတရား နာရေးကူညီမှုအသင်း(ရန်ကုန်)မှ အသင်းသား/သူများ၏ အများ ပြည်သူတို့အပေါ်တွင် စာနာစိတ်ထားနှင့် ဗြဟ္မစိုရ်နှလုံးသားတို့ကြောင့် ထိုကဲ့သို့ အကြိမ်ကြိမ် လှူဒါန်းနိုင် ခဲ့ကြခြင်းပင် ဖြစ်သည်။ ထို့ကြောင့် လူမျိုးရေးပဋိပက္ခကြောင့် ဒုက္ခခံစားနေရသော ရခိုင်ပြည်သူ ပြည်သား အပေါင်းအနေဖြင့် စားဝတ်နေရေး ကျန်းမာရေး၊ ပညာရေးအတွက် မရှိမဖြစ် လိုအပ်နေကြသေးသည် ဖြစ်ရာ မြန်မာနိုင်ငံသားများအနေဖြင့် ဝိုင်းဝန်းစောင့်ရှောက် ကူညီမှုပေးနိုင်ရန် လိုအပ်လျှက်ရှိနေပါသည်။ နာရေးကူညီမှုအသင်း(ရန်ကုန်) အနေဖြင့်လည်း တက်နိုင်သ၍ အလှူရှင်များနှင့် လက်တွဲကာ ကူညီပေး နေဦးမည် ဖြစ်ပါသည်။
မြန်မာနိုင်ငံသားများအားလုံး အေးချမ်းသာယာရှိပါစေ။",,,,,,
<urn:uuid:07a6d132-c177-45cf-bdb3-c391834fc9bc>,"အသည်းရောင် အသားဝါရောဂါ (အီး) ပိုးကြောင့် ဖြစ်ပွားသော ရောဂါဖြစ်ပါသည်။ ရောဂါပိုးဝင်ရောက်ပြီး (၂)ပတ်မှ (၆)ပတ်အတွင်း များသောအားဖြင့် အလိုအလျောက် သက်သာသွားလေ့ရှိသော်လည်း အချို့တွင် ရုတ်တရက်အသည်းပျက်စီးပြီး သေဆုံးနိုင်သည်အထိ ဖြစ်ပွားတတ်ပါသည်။
ရောဂါလက္ခဏာများ
- ဖျားခြင်း
- အစားအသောက်ပျက်ခြင်း
- အသားဝါခြင်း၊ မျက်လုံးဝါခြင်း၊ ဆီးအရောင်ရင့်ခြင်း
- ပျို့အန်ခြင်း
- ဗိုက်အောင့်ခြင်း၊ ယားခြင်း၊ အနီစက်များထွက်ခြင်း
- အဆစ်အမြစ်ကိုက်ခဲခြင်း
- အသည်းကြီး၍ ဝမ်းဗိုက် နာကျင်ခြင်း
တစ်ခါတစ်ရံတွင် အသည်းရောင်အသားဝါရောဂါ (အီး) သည် ပြင်းထန်စွာခံစားရတတ်ပြီး ရုတ်တရက် အသည်းပျက်စီးခြင်း အခြေအနေအထိ ရောက်ရှိကာ အသက်ဆုံးရှုံးနိုင်ပါသည်။ ကိုယ်ဝန်ဆောင်မိခင်များတွင် ကိုယ်ဝန်ဒုတိယနှင့် တတိယ (၃)လပတ်များ၌ ရောဂါပိုး ကူးစက်ခံရပါက အသည်းပျက်စီးခြင်းပိုမိုဖြစ်ပွားနိုင်ပြီး ကိုယ်ဝန်ဆောင်မိခင်နှင့် သန္ဓေသား သေဆုံးသည်အထိ ဖြစ်နိုင်ပါသည်။
ကူးစက်နိုင်သည့် နည်းလမ်းများ
- အသည်းရောင်အသားဝါရောဂါ (အီး) ပိုးသည် အများအားဖြင့် မသန့်ရှင်းသော ရေ၊ အညစ်အကြေး၊ မစင်စသည်တို့မှတဆင့် အစာအိမ် နှင့်အူလမ်းကြောင်းအတွင်းသို့ ရောက်ရှိကူးစက်ခြင်း
- သေချာစွာကျက်အောင် ချက်ပြုတ်မထားသော အသား၊ အသားစိမ်း(သို့မဟုတ်) ရောဂါပိုးကူးစက်ခံထားရသော တိရစ္ဆာန်တို့၏ အသားများအား စားသုံးမိခြင်း ၊
- ရောဂါပိုး ပါဝင်နေသော သွေး(သို့) သွေးနှင့် ဆက်စပ်ပစ္စည်းများသွင်းမိခြင်း
- ရောဂါရှိသော ကိုယ်ဝန်ဆောင်မိခင်မှ သန္ဓေသားသို့ ကူးစက်ခြင်း
တိုက်ပွဲများဖြစ်ပွားပြီး လုံခြုံမှုမရှိသော ဒုက္ခသည်စခန်းများ၊ ကယ်ဆယ်ရေးစခန်းများ၊ သန့်ရှင်းသော သောက်သုံးရေမရရှိသော ဒေသများတွင် ကပ်ရောဂါအသွင်(သို့မဟုတ်) အစုလိုက်အပြုံလိုက် ဖြစ်ပွားတတ်သည်။
ကာကွယ်နိုင်မည့် နည်းလမ်းများ
- တစ်ကိုယ်ရေသန့်ရှင်းရေး ဂရုစိုက်ပါ။ အစားအစာ မကိုင်တွယ်မီ၊ မချက်ပြုတ်မီ၊ အစာမစားမီနှင့် အိမ်သာအသုံးပြုပြီးတိုင်း လက်ကို ဆပ်ပြာဖြင့် စင်ကြယ်စွာ ဆေးကြောပါ။
- အစားအစာများအား သေချာစွာ ကျက်အောင်ချက်ပြုတ်၍ ပူပူနွေးနွေးစားသုံးပါ။ အသား၊ ငါးနှင့် ပင်လယ်စာများအား မချက်ပြုတ်ဘဲ အစိမ်းစားသုံးခြင်းမှ ရှောင်ကြဉ်ပါ။
- လက်သုပ်စာများ၊ ယင်နားစာများ စားသုံးခြင်းမှ ရှောင်ကြဉ်ပါ။ အစားအစာများအား ယင်မနားအောင် ဖုံးအုပ်ထားပါ။
- အသီးအရွက်နှင့် အသားငါးများအား သန့်ရှင်းသောရေဖြင့် စင်ကြယ်စွာဆေးကြောပြီးမှ ချက်ပြုတ်စားသုံးပါ။ သစ်သီးဝလံများအား အခွံနွှာပြီးမှ စားသုံးပါ။
- ရေကို ကျိုချက်သောက်သုံးပါ။
- ယင်လုံအိမ်သာ ဆောက်လုပ်သုံးစွဲပါ။
- ရောဂါဖြစ်ပွားသူလူနာများအနေဖြင့် အရေပြားနှင့် မျက်သားဝါပြီးနောက် (၁၀) ရက်ကြာသည်အထိ မိမိနေအိမ်တွင်သာ နေထိုင်ပါ။ အစားအသောက်ရောင်းချသူများတွင် ရောဂါဖြစ်ပွားပါက အရေပြားနှင့် မျက်သားဝါပြီးနောက် (၁၀)ရက်ကြာသည်အထိ အစားအသောက် ကိုင်တွယ်ရောင်းချခြင်းအား ရပ်နားထားပါ။
- အကိုက်အခဲပျောက်ဆေးများ မလိုအပ်ဘဲ သောက်သုံးခြင်းမှ ရှောင်ကြဉ်ပါ။
- အရက်အလွန်အကျွံသောက်သုံးခြင်းမှ ရှောင်ကြဉ်ပါ။
- ဖျားခြင်း၊ အန်ခြင်း၊ ဗိုက်အောင့်ခြင်း၊ အစားအသောက်ပျက်ခြင်း၊ ကိုယ်လက်မအီမသာဖြစ်ခြင်း၊ အရေပြားနှင့် မျက်သားဝါခြင်း စသည့် ရောဂါလက္ခဏာများ ဖြစ်ပေါ်လာပါက နီးစပ်ရာကျန်းမာရေးဌာနသို့ အမြန်ဆုံးသွားရောက်ပြသပါ။ အဆိုပါရောဂါလက္ခဏာဖြစ်ပွားသူ သံသယလူနာများအား တွေ့ရှိပါက နီးစပ်ရာကျန်းမာရေးဌာနသို့ ချက်ချင်းသတင်းပို့ပါ။
အသည်းရောင်အသားဝါရောဂါ (အီး) အတွက် ကာကွယ်ဆေးမရှိသေးပါ။",,,,,,
<urn:uuid:4bfdf880-d730-4fae-a04a-1954dac3c192>,"dark matter ကို တွေ့ခါနီးပြီ
စကြာဝဠာရဲ့ ပဟေဠိ အဆန်ဆုံး အရာတခု ဖြစ်တဲ့ dark matter ခေါ် ဒြပ်ဝတ္ထု အမည်း ကို စုံစမ်း ရာမှာ အပြီးသတ် အဖြေပေါ် ခါနီးပြီလို့ သိပ္ပံ ပညာရှင် တွေက ဆိုပါတယ်။
အမေရိကန် သတ္ထုတွင်း တခု အောက်ခြေမှာ ဒြပ်မှုန် ရှာဖွေရေး ကိရိယာနဲ့ ပထမဆုံး တိုင်းတာမှုမှာ ဘာ ဒြပ်ဝတ္ထုမည်း ကိုမှ မတွေ့ပေမယ့် အားတက်စရာ ကောင်းကြောင်း သူတို့က ဆိုပါတယ်။
နောက်နှစ်မှာ ဒီကိရိယာနဲ့ ထပ်မံရှာဖွေ မယ် ဆိုရင် အရင်ကထက် ပိုပြီး နက်နက်ရှိုင်းရှိုင်း သိလာနိုင်စရာ ရှိတယ်လို့ ယုံကြည် နေကြပါတယ်။
နက္ခတ် ကြယ်တာရာများ ရွေ့လျားမှုမှာ ဒီအရာဝတ္ထု ရဲ့ တည်ရှိမှုက အရေးပါနေပါတယ်။
စကြာဝဠာရဲ့ ၄ ပုံ ၁ ပုံ ကို ဒီဒြပ်ထုနဲ့ ဖုံးလွှမ်း နေတယ်လို့ ယူဆကြပါတယ်။",,,,,,
<urn:uuid:fc061542-c12f-45e3-9adf-87d4d3878eb7>,"မေးခွန်း
မိန်းမက သူမ၏ခင်ပွန်းကို နာခံရမလား။
အဖြေ
နာခံခြင်းသည် အိမ်ထောင်ပြုခြင်းနှင့်ပတ်သက်၍ အလွန်အရေးကြီးသော အရာတစ်ခု ဖြစ်သည်။ လောကသို့အပြစ်တရားမဝင်မှီအချိန်ကတည်းက အုပ်ချုပ်ရေးဆိုင်ရာ နည်းဥပဒေသ ရှိခဲ့ပြီး ဖြစ်သည် (၁တိ ၂း၁၃)။ အာဒံကို ရှေးဦးစွာ ဖန်ဆင်းခဲ့ပြီးနောက် အာဒံအတွက် ""ကူညီဖေးမသူ"" အ ဖြစ်ဧဝကို ဖန်ဆင်းခဲ့သည် (ကမ္ဘာ ၂း၁၈-၂၀)။ ထိုအချိန်တွင် အပြစ်တရားမရှိသေးသောကြောင့် ဘုရားသခင်၏အခွင့်အာဏာကလွှွဲပြီး လူသားများအတွက် လိုက်နာရမည့်အခွင့်အာဏာမရှိပါ။ အာဒံနှင့် ဧဝတို့သည် ဘုရားသခင်၏စကားတော်ကို ချိုးဖောက်ခဲ့ပြီးနောက် ဤလောကသို့ အပြစ် တရားဝင်ရောက်လာပြီး အာဏာ လိုအပ်လာခဲ့သည်။ ထိုကြောင့် ဘုရားသခင်က လူသားများလိုက် နာရမည့် ဥပဒေကို ထူထောင်ပေးခဲ့သည်။ ကျွနု်ပ်တို့လိုအပ်သော အကွယ်အာကိုလည်း ထိုဥပဒေက ပြင်ဆင်ပေးထားသည်။ ပထမအနေဖြင့်၊ ကျွနု်ပ်တို့သည် ဘုရားသခင်ကို ဆက်ကပ်ရန်လိုအပ်သည်။ ဆက်ကပ်ခြင်းရှိမှသာလျှင် ဘုရားသခင်ကို နာခံနိုင်ရမည်် ဖြစ်သည် (ယာကုပ် ၁း၂၁၊ ၄းရ)။ ၁ကော ၁၁း၂-၃ ထဲတွင် ခရစ်တော်သည် ဘုရားသခင်ကို နာခံသည့်နည်းတူ ယောကျင်္ားသည်လည်း ခရစ် တော်ကို နာခံရမည်။ ထိုနောက် မိန်းမသည်လည်း သူ၏စံနမူနာကိုလိုက်လျှောက်ပြီး သူမ၏ ခင်ပွန်း ကို နာခံရမည်။
ဆက်ကပ်ခြင်းသည် ချစ်ခြင်းနှင့်ပြည့်ဝသော ခေါင်းဆောင်မှုကို အလိုအလျောက်တုံ့ပြန်မှုပြုခြင်း ဖြစ်သည်။ ခရစ်တော်သည် အသင်းတော်ကိုချစ်သည့်နည်းတူ (ဧဖက် ၅း၂၅-၃၃)၊ ယောကျင်္ားသည် လည်း မိန်းမကို ချစ်သောအခါ မိန်းမက သူ၏ခင်ပွန်းကို အလိုအလျောက်နာခံခြင်းရှိရမည်။ ""ဆက် ကပ်ခြင်း"" စကားလုံးကို ဂရိဘာသာစကားအားဖြင့် hupotasso မှ ဘာသာပြန်ဆိုထားခြင်းဖြစ်ပြီး၊ ဆက်တိုက်ဖြစ်ပျက်နေသော ကြိယာသဏ္ဍာန်ဖြစ်သည်။ အဓိပ္ပါယ်မှာ ဘုရားသခင်ကိုဖြစ်စေ၊ အစိုးရ အာဏာရှင်များကိုဖြစ်စေ နာခံခြင်း ဖြစ်သည်။ သို့မဟုတ် ယောကျင်္ားသည် တစ်ကြိမ်တစ်ခါတည်း လုပ်ဆောင်ရမည့်အရာမဟုတ်ပါ။ ဆက်လက်လုပ်ဆောင်ရမည့်အရာ ဖြစ်သည်။ ကိုယ်ကျင့်တရား တည်ဆောက်မှု ဖြစ်လာပါသည်။ ဧဖက် ၅ ထဲတွင် ဖော်ပြထားသော ဆက်ကပ်ခြင်းသည် ကိုယ်ကျိုး အတွက်သာရှာဖွေခြင်း၊ လူတစ်ယောက်အားလွှမ်းမိုးလိုသောသဘောဖြင့် ယုံကြည်သူတစ်ယောက် သည် တဘက်သတ်ဆန်သောဆက်ကပ်ခြင်းမျိုးမဟုတ်ပါ။ သမ္မာကျမ်းစာဖော်ပြထားသော ဆက် ကပ်ခြင်းသည် ၀ိညာဉ်တော်နှင့်ပြည့်ဝသော ယုံကြည်သူနှစ်ဦးသည် တစ်ယောက်ပေါ်တစ်ယောက် ဖြစ်စေ၊ ဘုရားသခင်အပေါ်ဖြစ်စေ အချင်းချင်း အပြန်အလှန်ဆက်ကပ်ခြင်းကို ရည်ညွှန်းလိုခြင်း ပင်ဖြစ်သည်။ ဆက်ကပ်အပ်နှံခြင်းသည် အပြန်အလှန်ပြိုင်နေသောလမ်းဖြစ်သည်။ ဆက်ကပ်ခြင်း သည် ဂုဏ်ပြုခြင်းနှင့်ပြည့်စုံခြင်းဖြစ်သည်။ ခရစ်တော်သည် အသင်းတော်ချက်သည့်နည်းတူ မိန်းမ သည်ချစ်ခြင်းခံရသောအခါ ဆက်ကပ်ခြင်းသည် ခက်ခဲသောအရာမဟုတ်တော့ပါ။ ဧဖက် ၅း၂၄ ထဲတွင် ""အသင်းတော်သည် ခရစ်တော်အုပ်စိုးတော်မူခြင်းကို ဝန်ခံသကဲ့သို့၊ မိန်းမတို့လည်း ကိုယ် ခင်ပွန်း၏အုပ်စိုးခြင်းကို အရာရာ၌ ဝန်ခံရကြမည်""ဟု ပြောထားသည်။ မိန်းမသည် ကို်ယ်ခင်ပွန်း၏ မှန်ကန်၊ တရားမျှတသောအုပ်စိုးခြင်းကို အရာရာ၌ ဝန်ခံမည်ဟု ဤကျမ်းပိုဒ်က ပြောထားသည်။ ထို ကြောင့် မိန်းမသည် အုပ်စိုးခြင်း၏အမည်နာမအားဖြင့် ဥပဒေ (သို့) ဘုရားသခင်ကို နာခံခြင်းရရှိပေ မည်။
Matthew Henry က ""မိန်းမကို အာဒံ၏ဘေးမှ ဖန်ဆင်းထားသည်။ သူ့ကို အုပ်စိုးရန် သူ၏ဦးခေါင်း မှ ဖန်ဆင်းထားခြင်းမဟုတ်ပါ။ သူမအားအနိုင်အထက်ပြုခြင်းကို ခံရန် ခြေထောက်မှ ဖန်ဆင်းထားခြင်း လည်းမဟုတ်ပါ။ သို့သော် သူနှင့်အတူ တန်းတူရှိရန်၊ သူ၏လက်မောင်းဖြင့် ကာကွယ်ခြင်းခံရန်၊ သူမ သည် အာဒံ၏နှလုံးသားဖြင့် အချစ်ခံရန် သူ့ဘေးနားမှ ဖန်ဆင်းထားသည်""ဟု ဖော်ပြထားသည်။ ခရစ် တော်၏နာမတော်ကို ထောက်ရှုခြင်းအားဖြင့် ယုံကြည်သူများသည် အချင်းချင်းဆက်ကပ်မှုရှိရမည် (ဧဖက် ၅း၂၁)။ ဧဖက် ၅း၁၉-၃၃ ထဲတွင် ဖော်ပြထားသော အရာရာ၌စကားလုံးသည် သန့်ရှင်းသော ၀ိညာဉ်တော်နှင့်ပြည့်ဝခြင်း၏ အသီးအပွင့် ဖြစ်သည်။ သန့်ရှင်းသောဝိညာဉ်တော်ဖြင့်ပြည့်ဝသော ယုံ ကြည်သူများသည် ချီးမွမ်းတတ်ရမည် (၅း၁၉)။ ကျေးဇူးသိ၍ (၅း၂၀) ဆက်ကပ်မှုရှိရမည် (၅း၂၁)။ ရှင်ပေါလုကိုယ်၌က သန့်ရှင်းသောဝိညာဉ်တော်နှင့်ပြည့်ဝသောဘဝဖြင့် အသက်ရှင်သည်။ထိုသို့အ သက်ရှင်ကြောင်းကို အခန်းငယ် ၂၂-၂၃ ထဲတွင် လင်၊မယားစကားလုံးကို အသုံးပြုထားသည်။ မိန်းမ သည် သူမ၏ခင်ပွန်းအုပ်စိုးခြင်းကို ဝန်ခံရမည်။ ထိုသို့ဆိုရာတွင် မိန်းမများသည် အဆင့်အတန်းနှိမ့်ကျ ၍မဟုတ်ပါ။ သို့သော် အုပ်စိုးမှုကို ဝန်ခံခြင်းသည် အိမ်ထောင်ပြုခြင်းနှင့်ပတ်သက်သော ဆက်သွယ်မှု ပြုနိုင်ရန် ဘုရားသခင်စီမံဆောင်ရွက်ပေးသောအရာ ဖြစ်သည်။ ဆက်ကပ်ခြင်းဟုဆိုရာတွင် မိန်းမသည် သူမ၏ခင်ပွန်းအတွက် ကော်ဇောကဲ့သို့ဖြစ်သည်ကို မဆိုလိုပါ။ သို့သော် သန့်ရှင်းသောဝိညာဉ်တော်၏အကူအညီအားဖြင့် မိန်းမသည် သူမ၏ခင်ပွန်းကို နာခံရမည်။ ယောကျင်္ား သည်လည်း သူ၏မိန်းမကို ချစ်မည်။
English
မိန်းမက သူမ၏ခင်ပွန်းကို နာခံရမလား။",,,,,,
<urn:uuid:9604fd2e-02d1-41a8-bc48-0bf3bb0d86d0>,"Flicker ဓာတ်ပုံဝက်ဘ်ဆိုက်တွင် လူကြည့်အများဆုံး ဖြစ်ခဲ့သော ဤဓာတ်ပုံသည် သမိုင်းဝင်သွားခဲ့ပြီ ဖြစ်သည်။ စစ်ဆင်ရေးကို တိုက်ရိုက် ကြည့်ရှုနေကြသော အမေရိကန်သမ္မတနှင့် တာဝန်ရှိသူများ၏ ဓာတ်ပုံသည် လူမျိုးရေးအခန်းကဏ္ဍ၊ အမျိုး သမီးများ၏ အခန်းကဏ္ဍနှင့် အမေရိကန်သမ္မတ ဆိုသော ပြယုဂ်တို့နှင့် ပတ်သက်သော နိုင်ငံ၏ သဘောထား ၂၁ ရာစုတွင် မည်သို့ ရှိနေပြီကို ဖော်ပြသည်ဟု သမိုင်းပညာရှင်များနှင့် နိုင်ငံရေးသိပ္ပံပညာရှင်များက သုံးသပ်သည်။
လူမည်းတစ်ယောက်က ကာကွယ်စောင့်ရှောက်သူ အကြီးအမှူး ဖြစ်လာခြင်း
အမေရိကန်သမိုင်းတွင် တစ်ခေတ်တစ်ခါက လူမည်းတို့သည် ဒေါသကြီးသော ပြဿနာတို့ကို ဖန်တီးသော အကြမ်းဖက်မှုတို့ကို ဖြစ်စေသော သူများအဖြစ် သရုပ်ဖော် ခံခဲ့ရသည်။ ယခု Situation Room အတွင်းမှပုံတွင်မူ လူမည်းတစ်ဦးသည် နိုင်ငံကို ကာကွယ်စောင့်ရှောက်သူ အကြီးအမှူးအဖြစ် ရှိနေသည်ဟု ခံစားမိစေပြီး လူဖြူအမေရိကန်တို့၏ လူမည်းတို့အပေါ် ထားရှိသည့် သဘောထားကိုပါ အကောင်းဘက်သို့ ပိုရောက်လာစေခဲ့သည်ဟု သုံးသပ်ကြသည်။
အာဏာ၏ဗဟိုချက်မှ အမျိုးသမီး
အမြင့်ဆုံးအာဏာ ရှိကြသော စစ်ဘက်နှင့် အရပ်ဘက်ခေါင်းဆောင် အမျိုးသားများ အလယ်တွင် ထီးထီးကြီး ရှိနေသော ဟီလာရီသည် အနောက်ကမ္ဘာတွင် အမျိုးသမီးတို့၏ အခန်းကဏ္ဍကို ဖော်ပြနေသည်။ ယင်းပုံကို နော်မန်ဒီ ကမ်းတပ်တိုက်ပွဲ အောင်ပွဲပုံ (သို့မဟုတ်) အီဝိုဂျီးမား ကမ်းတက်တိုက်ပွဲ အောင်ပွဲပုံတို့နှင့် နှိုင်းယှဉ်နိုင်သည်။ အမေရိက၏ စစ်ဘက် အောင်ပွဲပုံများတွင် အမျိုးသမီးတို့၏ပုံ မပါရှိခဲ့။ သမ္မတ ဂျွန်အက်ဖ်ကနေဒီ၏ ကျူးဘား ဒုံးပျံအရေးအခင်းကာလ ဓာတ်ပုံတွင်လည်း အိမ်ဖြူတော်တွင် ယူနီဖောင်းဝတ်များနှင့် မေးရိုးကားကား အမျိုးသားများ ၀န်းရံနေပုံကိုသာ တွေ့ခဲ့ရသည်။
ယခုပုံတွင် မူဟီလာရီနှင့်အတူ အကြမ်းဖက်မှု တိုက်ဖျက်ရေးညွှန်မှူး အော်ဒရေတိုမာဆင်ကိုပါ မြင်တွေ့ရပြီး အမျိုးသမီးနှစ်ဦးသည် အရေးပါသော အခန်းကဏ္ဍမှ ပါဝင်လာပြီ ဆိုခြင်းကို ဖော်ပြနိုင်ခဲ့သည်။
သမ္မတ၏ ဂုဏ်မာန်ကြီးဟန်
အမေရိကန်သမ္မတ အစဉ်အဆက်သည် ကိုယ့်ပုံစံနှင့်ကိုယ် မိမိတို့၏ ဂုဏ်မာန်ကြီးဟန်ကို ဖန်တီးလေ့ရှိသည်။ သီအိုဒိုရုစဗဲ့လ်က အမဲလိုက်ထွက်သည့်ဟန်ကို ယူသည်။ရော်နယ်ရေဂင်က ကောင်းဘွိုင်ဦးထုပ်နှင့် စတိုင်ရှိသလို ဂျော့ဒဗလျူဘုရ်ှက လည်း လေယာဉ်တင် သင်္ဘောပေါ် သွားသောအခါ လေယာဉ်မှူးဝတ်စုံနှင့် ဖြစ်သည်။ သမ္မတတို့၏ ဂုဏ်မာန်သည် လူပုံအလယ်တွင် ထင်ရှားစေလေ့ ရှိသည်။ ဖရန်ကလင်ရုစဗဲ့လ်တွင် ပိုလီယိုရှိသလို ကနေဒီသည်လည်း နှစ်နာရီထက် ပိုမရပ်နိုင်။ သို့ပေမဲ့ သမ္မတတို့သည် ဂုဏ်မာန်ပျောက်နေသောပုံကို ထုတ်ပြန်ပေးလေ့ မရှိခဲ့ကြ။ ယခုပုံတွင်မူ အိုဘားမားကို မသိသူသည် သမ္မတဟုပင် ထင်စရာ မရှိ။ အမြင့်ဆုံးခုံတွင် ထိုင်မနေသလို၊ ဗဟိုချက်တွင် ရှိမနေ။ မိမိကိုယ်ကိုယ် ယုံကြည်မှုနှင့် ခေါင်းဆောင်မှု အတွက် မည်သည့်နေရာတွင် ရပ်နေ၊ ထိုင်နေသည်က အရေးမကြီးတော့သည် ဆိုခြင်းကိုလည်း ဖော်ပြနေသည်။",,,,,,
<urn:uuid:3b5501a7-fe8f-4d0e-9edf-258311805b0f>,"စာမျက်နှာ ရာဇဝင်
၁ အောက်တိုဘာ ၂၀၁၇
၁၆ စက်တင်ဘာ ၂၀၁၆
၇ စက်တင်ဘာ ၂၀၁၆
၄ စက်တင်ဘာ ၂၀၁၆
၃ နိုဝင်ဘာ ၂၀၁၅
၂၁ ဩဂုတ် ၂၀၁၅
၁၂ ဇွန် ၂၀၁၅
၁၀ မတ် ၂၀၁၃
၈ မတ် ၂၀၁၃
Bot: Migrating 159 interwiki links, now provided by Wikidata on d:q4022 (translate me)အရေးမကြီး
-၂၅၂၃
၁၃ ဇန်နဝါရီ ၂၀၁၃
၂၅ ဒီဇင်ဘာ ၂၀၁၂
၂၄ ဒီဇင်ဘာ ၂၀၁၂
၂၂ နိုဝင်ဘာ ၂၀၁၂
၁၀ နိုဝင်ဘာ ၂၀၁၂
၁၁ အောက်တိုဘာ ၂၀၁၂
၄ စက်တင်ဘာ ၂၀၁၂
၂၉ မေ ၂၀၁၂
၂၇ မေ ၂၀၁၂
၂၅ ဧပြီ ၂၀၁၂
၁၀ ဧပြီ ၂၀၁၂
၈ ဧပြီ ၂၀၁၂
၆ ဧပြီ ၂၀၁၂
၂၈ မတ် ၂၀၁၂
၂၇ မတ် ၂၀၁၂
၂၃ မတ် ၂၀၁၂
၁၄ ဖေဖော်ဝါရီ ၂၀၁၂
၂၃ ဒီဇင်ဘာ ၂၀၁၁
၂ ဒီဇင်ဘာ ၂၀၁၁
၆ နိုဝင်ဘာ ၂၀၁၁
၂၄ အောက်တိုဘာ ၂၀၁၁
၂၂ အောက်တိုဘာ ၂၀၁၁
r2.6.4) (ရိုဘော့က တည်းဖြတ်နေသည် - iu:ᑰᒃအရေးမကြီး
-၅
r2.6.4) (ရိုဘော့က ပေါင်းထည့်နေသည် - pa:ਦਰਿਆအရေးမကြီး
+၂၀
၁၄ အောက်တိုဘာ ၂၀၁၁
၂ အောက်တိုဘာ ၂၀၁၁
၁ အောက်တိုဘာ ၂၀၁၁
၂၀ စက်တင်ဘာ ၂၀၁၁
၅ စက်တင်ဘာ ၂၀၁၁
Bot: Automated text replacement (-ဥာ +ဉာ, -ဥ် +ဉ်, -ုွ +ွု, -ံွ +ွံ, -ှွ +ွှ, -ံု +ုံ, -စျ +ဈ, -သြ +ဩ, -ဪ +ဪ, -၀ိ +ဝိ, -၀ီ +ဝီ, -၀ု +ဝု, -၀ူ +ဝူ, -၀ေအရေးမကြီး
-၃",,,,,,
<urn:uuid:72d2cb8c-c195-43dc-9152-c2d486e22014>,"|ဆေးအမည်||Ocusol (အော့ကူဆောလ်)|
|ပါဝင်ပစ္စည်း||ဆေးရည် (1 ml) တွင် Prednisolone Acetate BP … 10 mg.|
|ဆေးအမျိုးအစား||ရောင်ရမ်းကျ မျက်စဉ်းဆေး။|
|အသုံးပြုနိုင်သောရောဂါများ||မျက်မြှေးပါး၊ မျက်စိ ရောင်ရမ်းခြင်း။|
|ဆေး၏ပုံသဏ္႑ာန်||မျက်စဉ်းဆေးရည်။|
|ဆေးအချိန်အဆ||တစ်ခါခတ် (၁)စက်၊ တစ်နေ့ (၂-၄)ကြိမ် (သို့) ရောဂါအခြေအနေအလိုက် ဆရာဝန်ညွှန်ကြားချက်အတိုင်း လိုက်နာသောက်သုံးပါ။|
|ဘေးထွက်ဆိုးကျိုးများ||IOP မြင့်တက်ခြင်း၊ မျက်စိအာရုံကြောထိခိုက်ခြင်း။|
|ဆရာ၀န်ညွှန်ကြားချက်||လို။|
|ကြိုတင်သတိပြုရန်အချက်များ||ဆေးပါဝင်ပစ္စည်းနှင့် ဓာတ်မတည့်သူများ၊ ရေယုန်ပိုးကြောင့် မျက်စိရောင်ရမ်းခြင်း၊ မှိုပိုးစွဲကပ်ခြင်းကြောင့် ဖြစ်သော မျက်စိဝေဒနာများတွင် မသုံးစွဲသင့်ပါ။|
|ထုတ်လုပ်သည့် Company||Popular Pharmaceuticals Ltd. (ဘင်္ဂလားဒေ့ရှ်)|
|တင်သွင်းသည့် Company||Model Pharma Co., Ltd.|",,,,,,
<urn:uuid:e2240d61-a16b-4170-90e3-d63db66debf0>,"အင်ဂျင်
မော်ဒယ်
ISUZU GH-6HK1X
အမျိုးအစား
ရေဖြင့်အအေးခံစနစ်၊ 4- ဆိုင်ကယ်ဒီဇယ်၊ 6 - ဆလင်ဒါအတန်းလိုက်၊ အီလက်ထရွန်နစ်ထိန်းချုပ်မှု၊ ဖိအားမြင့်မားသောကွန်မွန်းရေဆီပို့စနစ်၊ လေဖြင့်အအေးခံသည့် အင်တာကူလာ၊ တာဘို။ဆလင်ဒါ အရေအတွက်/ အလုပ်စွမ်းအားပမာဏ
ဆလင်ဒါ အရေအတွက်
၆ / ၇.၇၉ လီတာ
အပူစွန့်ထုတ်မှု အဆင့်
အဆင့် 3 / Eu အဆင့် ၃
ဆလင်ဒါအချင်း/ပစ္စတင်ရွေ့လျားနိုင့်သည့်အလျား
၁၁၅ x ၁၂၅ မီလီမီတာ
flywheel မြင်းကောင်ရေအဆင့်သတ်မှတ်ချက်
SAE J 1349, ISO 9249
၁ မိနစ် တွင် အင်ဂျင်အပတ်ရေ ၂၀၀၀ ၊ ၂၀၂ ကီလိုဝပ် / မြင်းကောင်ရေ ၂၇၀
ISO 14396
၁ မိနစ် တွင် အင်ဂျင်အပတ်ရေ ၂၀၀၀ ၊ ၂၁၂ ကီလိုဝပ် / မြင်းကောင်ရေ ၂၈၄
အမြင့်ဆုံး အင်ဂျင်ရုန်းအား
SAE J 1349, ISO 9249
၁ မိနစ် အင်ဂျင်အပတ်ရေ ၁၅၀၀ မှာ ၉၈၉ နယူတန်မီတာ
ISO 14396
၁ မိနစ် အင်ဂျင်အပတ်ရေ ၁၅၀၀ မှာ ၁၀,၂၀ နယူတန်မီတာ
ဟိုက်ဒရောလစ်စနစ်
အဓိကပန့်များ
ထိန်းညှိစနစ်နှင့်အတူ အရွှေ့ ၂ မျိုးပြောင်းနိုင်သော axial ပစ္စတင်ပန့်
အများဆုံး ဆီစီးဆင်းမှု
၁ မိနစ် အင်ဂျင်အပတ်ရေ ၁၈၀၀ ၌ ၂ x ၂၄၃ လီတာ / မိနစ်
အလုပ်လုပ်နေသောလည်ပတ်မှု ဆီဖိအား
ဘွန်း၊အမ်း၊ခွက်
၃၄.၃ မီဂါပါစကယ် - ၃၇.၃ မီဂါပါစကယ် အလိုအလျောက်ပါဝါမြှင့်တင်မှု
ကိုယ်ထည်လှည့်ခြင်း(ဆွင်း)
၃၀.၄ မီဂါပါစကယ်
လမ်းလျှောက်ခြင်း
၃၄.၃ မီဂါပါစကယ်
ပိုင်းလော့ပန့်
၂၇ လီတာ/မိနစ်
အလုပ်လုပ်နေသောလည်ပတ်မှု ဆီဖိအား
၃.၉ မီဂါပါစကယ်
ဘွန်း ဆလင်ဒါများ
အချင်း
၁၄၀ မီလီမီတာ
အလျား
၁၃၆၉ မီလီမီတာ
အမ်းဆလင်ဒါ
အချင်း
၁၅၀ မီလီမီတာ
အလျား
၁၅၆၉ မီလီမီတာ
ဘကက် (ခွက်) ဆလင်ဒါ
အချင်း
၁၃၅ မီလီမီတာ
အလျား
၁၀၇၈ မီလီမီတာ",,,,,,
<urn:uuid:6b1bee13-1ae3-476b-927e-28436b0f55cb>,"၂၀၂၀ MAMA မတိုင်မီက MAMA တွင် သီဆိုခဲ့သော တရုတ်အဆိုတော်များ၏ stageကို ပြန်ကြည့်သည်။
MAMA သည် ကိုရီးယားသာမက အာရှတွင် အကျော်ကြားဆုံးသော ဂီတဆုပေးပွဲ အခမ်းအနားတစ်ခုဖြစ်သည်။
နှစ်စဉ် အာရှပေါ့ပ်ဂီတ၏ အဓိကဆောင်ပုဒ်အနေနှင့် နှစ်စဉ်ကျင်းပသောပွဲတော်များအတွက် ဖိတ်ကြားသည်ကို အားလုံးစိတ်ဝင်စားကြပြီး နာမည်ကြီးများကို ပြန်လည် ဖိတ်ကြားခဲ့သည်။
၂၀၁၄ခုနှစ်တွင် တရုတ်အဆိုတော် guest မှာ Eason Chan ဖြစ်ပြီး Jin Hyuk-shin ဖြစ်သည်။
guest အဖြစ်ထင်ရှားကျော်ကြားသော ဆိုရခက်သော Bugwa သီချင်းကိုသီဆိုခဲ့ပြီး ပရိသတ်များ အားရကျေနပ်မိသည်။
Jin Hyeok-shin ၏ liveဆိုနိုင်စွမ်းသည် ပရိသတ်အားလုံးကို စွဲမှတ်စေသည်။
Jin Hyeok-sin ၏ ကြီးမားသောလွှမ်းမိုးမှုကို ပြသခဲ့သည်။
နောက်ပိုင်းတွင် ၂၀၁၆ ခုနှစ်တွင် Jolin Tsai၊ Eui-rim Chae ကို Korea MAMA သို့ ဖိတ်ကြားခဲ့သည်။
ပွဲမှာ Chae Eui-rim နှင့်အတူ ပြသခဲ့သော နိုင်ငံတကာ back dancerကို ပိုစိတ်ဝင်စားကြသည်။ ဒေါ်လာ ၁.၄ သန်းတန် dancer အဖွဲ့နှင့်အတူ အာရှ၏ dancing queen ဖြစ်ပြီး သူ၏စွမ်းရည်နှင့် ကိုက်ညီသော ဆွဲဆောင်မှုနှင့်အပြည့်အ၀ရှိသော အကကို ပြသခဲ့သည်။
အကောင်းဆုံး Best Asian Artist Mandarinဆုရရှိသော သူမက “ကျွန်မကို ဤစင်ပေါ်ရောက်အောင် လုပ်ပေးတဲ့ ပရိသတ်ကိုရော တင်ဆက်သူအားလုံးကိုရော ကျွန်မကို အားပေးထောက်ခံသူတွေ အားလုံးကိုကျေးဇူးတင်ကြောင်း ပြောချင်ပါတယ်။ MAMAက ဒီလောက်ကောင်းတဲ့ဆုပေးတဲ့အတွက် ကျွန်မအရမ်းကျေးဇူးတင်တယ်။
၂၀၁၇ ခုနှစ် MAMA တွင် ဖိတ်ကြားခဲ့သည့် Mak Moon-wi သည် ရုပ်ရှင် 'A Chinese Odyssey Part One: Pandora's Box'၏ သီချင်းဖြစ်သော 'Love of my life'ကို သီဆိုခဲ့သည်။ Mak Moon-wi သည် အရောင်အသွေး စုံလင်သော ၀တ်စုံကို ၀တ်ဆင်ပြီး Guzhengကို တီးပြခဲံသည်။
Mak Moon-wi သည် Best Asian Artist Mandarin ဆုကိုဆွတ်ခူးခဲ့ပြီး၊ 'ကျေးဇူးတင်ပါတယ်။ ချီးမြှင့်တာကိုဂုဏ်ယူပါတယ်။ ပရိသတ်အားလုံးကို ကျေးဇူးတင်ကြောင်းပြောချင်ပါတယ်။ အမြဲတမ်း အားပေးထောက်ပံ့ပေးခဲ့တဲ့အတွက်ကျေးဇူးတင်ပါတယ်။'
၂၀၁၈ ခုနှစ်တွင် JJ Lim Jun-geol သည် 'Message in a Bottle' နှင့် 'Twilight' ကိုသီဆိုခဲ့သည်။ Joon-Gol Lim သည် ပရိသတ်ကို တရုတ်တွင် သူ၏သီဆိုခြင်းစွမ်းရည်နှင့် သက်သေပြခဲ့ပြီး တရုတ်ဂီတ၏လှပမှုကို ကမ္ဘာသို့ဖြန့်ဝေခဲ့သည်။
Best Asian Artist Mandarin ဆုကိုဆွတ်ခူးခဲ့သူ JJ Im Joon-geol က “ကမ္ဘာတစ်လွှားရှိ ပရိသတ်များကျေးဇူးတင်ပါတယ်။ တရုတ်လူမျိုးဂီတကို ပိုမိုနှစ်သက်ပြီး နိုင်ငံတကာမှ သိလာဖို့ မျှော်လင့်ပါတယ်။”
ထို့အပြင်တရုတ်အဆိုတော်များသည် MAMA စင်မြင့်ပေါ်သို့ တက်ရောက်ခဲ့သည်။
2010 MAMA 'သည် တရုတ်အဆိုတော် Jang Geul ပါဝင်ခဲ့ပြီး MAMA စင်မှတဆင့် “This is Love” သီချင်းကို ဖျော်ဖြေခဲ့သည်။
၂၀၁၁ ခုနှစ်တွင် တရုတ်အဆိုတော် Jang Liang-ying နှင့် စန္ဒယားပညာရှင် Lang Lang တို့သည်လည်း စင်မြင့်ပေါ် ဖျော်ဖြေပြီး အားပေးခဲ့သည်။
၂၀၁၂ ခုနှစ်တွင် Best Asian Artist Wang Li-Hong နှင့် Best Asian Artist Li Yu-chun တို့ တက်ရောက်ခဲ့သည်။
'2013 MAMA' တွင် သရုပ်ဆောင်နှင့်အဆိုတော် Kwak Boo-sung သည် အလွန်ကောင်းမွန်သော ဖျော်ဖြေမှုကို ပြသခဲ့သည်။
နှစ်စဉ်နှစ်တိုင်းကြိုးပမ်းမှုအသစ်များနှင့် ဆက်လက်တိုးတက်နေသည့် MAMA သည် ယခုနှစ်တွင် အဓိက conceptသည် 'NEW-TOPIA' ဖြစ်သည်။
BTS, Seventeen, Twice, NCT, GOT7, Mamamoo, Monsta X, Tomorrow by Together နှင့် တို့ပါ၀င်သည်။ ဒရမ်မာရိုက်ကူးရန် ပြင်ဆင်နေသော Song Joong-gi က hostအဖြစ် ပါဝင်မည်ဖြစ်သောကြောင့် ပရိသတ်များ မျှော်လင့်စောင့်စားနေကြသည်။",,,,,,
<urn:uuid:57f63533-4fd0-4b69-82bb-5c82cc78ea74>,"ကော်ရှူတဲ့ လူငယ်တွေ များပြားလာပြီး စိုးရိမ်စရာကောင်းတဲ့ အခြေအနေကို ရောက်နေပြီလို့ အရပ်ဖက်လူ့အဖွဲ့အစည်း ငြိမ်းချမ်းရေးဖိုရမ်က ပြောဆိုလိုက်ပါတယ်။ ဒီသတင်းကို MCN သတင်းထောက် အာကာထက်က ပေးပို့ထားပါတယ်။
ကော်ရှူတဲ့လူငယ်တွေအတွက် အစိုးရနဲ့ အရပ်ဖက်အဖွဲ့အစည်းတွေ ပူးပေါင်းပြီး အဖြေတစ်ခု ရှာဖွေဖော်ထုတ် ဖို့ လိုနေတယ်လို့ အရပ်ဖက်လူ့အဖွဲ့အစည်း ငြိမ်းချမ်းရေးဖိုရမ်ရဲ့ မန္တလေးတိုင်းဒေသကြီး ကိုယ်စားလှယ်က ပြောပါတယ်။
ရန်ကုန်မြို့ Orchid Hotel မှာပြုလုပ်ခဲ့တဲ့ ၂၃ ကြိမ်မြောက် အရပ်ဖက်လူ့အဖွဲ့အစည်း ငြိမ်းချမ်းရေးဖိုရမ်နဲ့ ပတ်သက်တဲ့ သတင်းစာရှင်းလင်းပွဲအခမ်းအနားမှာ အခုလိုပြောခဲ့တာပါ။
Soudbite – ကိုဘိုဘိုမျိုး(မန္တလေးတိုင်းဒေသကြီးကိုယ်စားလှယ်)အရပ်ဖက်လူ့အဖွဲ့အစည်းငြိမ်းချမ်းရေးဖိုရမ်
ဒါ့အပြင် ကော်ရှူရာမှာ အသုံးပြုတဲ့ကော်တွေဟာ အိမ်ဆောက်ပစ္စည်းဖြစ်တတာကြောင့် စစ်ဆေးအရေးယူဖို့ ခက်ခဲတဲ့ အခြေအနေမှာရှိနေတဲ့အတွက် ကော်ရှူတဲ့လူငယ်တွေ ပိုပြီးများလာတာဖြစ်တယ်လို့ ပြောပါတယ်။
Soudbite – ကိုဘိုဘိုမျိုး(မန္တလေးတိုင်းဒေသကြီးကိုယ်စားလှယ်)အရပ်ဖက်လူ့အဖွဲ့အစည်းငြိမ်းချမ်းရေးဖိုရမ်
အရပဖြကလြူ့အဖှဲ့အစညြးတှကကေ ကောရြှူလူငယတြှနေဲ့ လမြးပွောကြလေးငယတြှကေို တှေ့ဆုံပညာပေးတာတှေ ပှုလုပကြှပမယေ့ြ ကောရြှူထားတဲ့အတှကြ ပညာပေးပှောဆိုတာတှကေို နားလညနြိုငစြှမြး အားနညြးနတောကို တှေ့ရတယလြို့ အရပဖြကလြူ့အဖှဲ့အစညြးတှကကေ ပှောဆိုခဲ့ပါတယခြငဗြွာ။
ကောျရှူတဲ့ လူငယျတှမြေားလာပွီး စိုးရိမျစရာအခွအေနေ ရောကျနေ
ကော်ရှူတဲ့ လူငယ်တွေ များပြားလာပြီး စိုးရိမ်စရာကောင်းတဲ့ အခြေအနေကို ရောက်နေပြီလို့ အရပ်ဖက်လူ့အဖွဲ့အစည်း ငြိမ်းချမ်းရေးဖိုရမ်က ပြောဆိုလိုက်ပါတယ်။ ဒီသတင်းကို MCN သတင်းထောက် အာကာထက်က ပေးပို့ထားပါတယ်။
ကော်ရှူတဲ့လူငယ်တွေအတွက် အစိုးရနဲ့ အရပ်ဖက်အဖွဲ့အစည်းတွေ ပူးပေါင်းပြီး အဖြေတစ်ခု ရှာဖွေဖော်ထုတ် ဖို့ လိုနေတယ်လို့ အရပ်ဖက်လူ့အဖွဲ့အစည်း ငြိမ်းချမ်းရေးဖိုရမ်ရဲ့ မန္တလေးတိုင်းဒေသကြီး ကိုယ်စားလှယ်က ပြောပါတယ်။
ရန်ကုန်မြို့ Orchid Hotel မှာပြုလုပ်ခဲ့တဲ့ ၂၃ ကြိမ်မြောက် အရပ်ဖက်လူ့အဖွဲ့အစည်း ငြိမ်းချမ်းရေးဖိုရမ်နဲ့ ပတ်သက်တဲ့ သတင်းစာရှင်းလင်းပွဲအခမ်းအနားမှာ အခုလိုပြောခဲ့တာပါ။
Soudbite – ကိုဘိုဘိုမျိုး(မန္တလေးတိုင်းဒေသကြီးကိုယ်စားလှယ်)အရပ်ဖက်လူ့အဖွဲ့အစည်းငြိမ်းချမ်းရေးဖိုရမ်
ဒါ့အပြင် ကော်ရှူရာမှာ အသုံးပြုတဲ့ကော်တွေဟာ အိမ်ဆောက်ပစ္စည်းဖြစ်တတာကြောင့် စစ်ဆေးအရေးယူဖို့ ခက်ခဲတဲ့ အခြေအနေမှာရှိနေတဲ့အတွက် ကော်ရှူတဲ့လူငယ်တွေ ပိုပြီးများလာတာဖြစ်တယ်လို့ ပြောပါတယ်။
Soudbite – ကိုဘိုဘိုမျိုး(မန္တလေးတိုင်းဒေသကြီးကိုယ်စားလှယ်)အရပ်ဖက်လူ့အဖွဲ့အစည်းငြိမ်းချမ်းရေးဖိုရမ်
အရပ်ဖက်လူ့အဖွဲ့အစည်းတွေကက ကော်ရှူလူငယ်တွေနဲ့ လမ်းပျော်ကလေးငယ်တွေကို တွေ့ဆုံပညာပေးတာတွေ ပြုလုပ်ကြပေမယ့် ကော်ရှူထားတဲ့အတွက် ပညာပေးပြောဆိုတာတွေကို နားလည်နိုင်စွမ်း အားနည်းနေတာကို တွေ့ရတယ်လို့ အရပ်ဖက်လူ့အဖွဲ့အစည်းတွေကက ပြောဆိုခဲ့ပါတယ်ခင်ဗျာ။",,,,,,
<urn:uuid:a9665bec-8204-4f2f-a1f8-3f896c3b464b>,"Tagged: ဖခင်အား သတ်ဖြတ်ခဲ့သည့် ညီအစ်မ ၂ ဦး
DVB TV News – ရုပ်သံ သတင်း
DVB – Today Special Show
-
သတင်းဓာတ်ပုံ
- gallery
- gallery
- gallery
- gallery
- gallery
-
Most Popular
- 01 ကိုဗစ်ထောက်ပံ့ငွေအလွဲသုံးစားလုပ်သည့် မြောင်းမြ ကံဘဲ့လေးကျေးရွာအုပ်ချုပ်ရေးမှူးကို ဖမ်းဆီး
- 02 စစ်တွေမြို့ ကုလားတန်မြစ်ကမ်းဘေးတွင် လူငယ်များစုပေါင်းအမှိုက်ကောက် (ဓာတ်ပုံ)
- 03 ဖခင်အား သတ်ဖြတ်ခဲ့သည့် ညီအစ်မ ၂ ဦးကို မော်စကို တရားရုံးတွင် တံခါးပိတ်ကြားနာ
- 04 ချောက်မြို့နယ် ဆားလယ်ကျေးရွာက ပုဂံခေတ်စေတီများနှင့် နံရံဆေးရေး ပန်းချီများ (ဓာတ်ပုံ)
- 05 ကွင်းကောက်တွင် ယာဉ်တိုက်မှုနှစ်ခုဖြစ်၊ တပ်မတော်သား ၂ ဦးအပါအဝင် ၃ ဦး သေဆုံး
- 01 မက္ကာရှိ မွတ်ဆလင်ဘာသာရေးအဆောက်အအုံကို ဟာ့ဂျ်ဘုရားဖူးဝတ်ပြုပွဲအတွက် ပြင်ဆင်
- 02 အိန္ဒိယပြန် ကိုဗစ်-၁၉ ရောဂါကူးစက်ခံ လူနာသစ် ၁ ဦး ထပ်မံတွေ့ရှိ
- 03 ကမ္ဘာ့တန်ဖိုးအရှိဆုံးဘောလုံးအသင်းစာရင်းတွင် လီဗာပူးက အဆင့် ၄ နေရာ ရပ်တည်
- 04 ဇူလိုင် ၃၀ ရက်နေ့ ငွေလဲနှုန်းနှင့် ရွှေဈေး
- 05 ပီရူးတွင် ကိုဗစ်-၁၉ ကူးစက်သူ ၄ သိန်းကျော်ထိရှိလာ",,,,,,
<urn:uuid:7da5cafd-9e7b-48e5-bc36-59127b0eab04>,"အာဏာဆုပ်ကိုင်လို မှု အတွက် အုပ်စိုးသူ ရှင်ဘုရင်များကြား အချင်းချင်း ပဋိပက္ခများ ဖြစ်ပွားလျက်ရှိရာ ဖခင် အရင်းနှင့် အကို အရင်းအား လုပ်ကြံ သတ်ဖြတ်လျက် ပုဂံထီးနန်းအား သိမ်းပိုက်ခဲ့ သည့် နရသူအားလည်း ၎င်း အား မုန်းတီးသူများက လုပ်ကြံ၍ ကွယ်လွန်ပြီး နောက် နရသူ၏ သားနှစ်ယောက်ဖြစ်သည့် နရသိခ် နှင့် ညီဖြစ် သူ နရပတိစည်သူ တို့ ကြား စိတ်ဝမ်းကွဲကြပြန်သည်။
မြန်မာရာဇ၀င်များတွင် ရေးသားထားချက် အရ ညီတော်နရပတိ စည်သူ၏ မိဖုရား ဝေဠုဝတီ အား နောင်တော် နရသိခ် မှ တပ်မက် ၍ အကောက်ကြံကာ သိမ်းပိုက်လိုမှုကြောင့် ညီတော်က မခံမရပ် နိုင်ဖြစ်ပြီး နောင်တော် အား လုပ်ကြံကာ ပုဂံထီးနန်းအား သိမ်းပိုက် သည်ဟုရေးသားဖေါ်ပြထားသည်။
နရပတိစည်သူသည် နောင်တော်အား လုပ်ကြံ၍ နန်းတက်သည် နှင့် ၎င်း မယုံကြည် သည့် နောင်တော် ၏ မင်း မှုထမ်း ကျေးကျွန် များကို ရက်ရက် စက်စက် သုတ်သင် ကွပ်မျက်သည်။ ယင်းကွပ် မျက်သည့်အထဲတွင် အပြစ်မဲ့ပြီး ရဲရင့် တည်ကြည် သည့် ပညာ ရှိ အမတ်ကြီး အနန္တသူရိယ လည်း ပါဝင်၍ ၎င်း မယုံကြည် သူ များ အား ထပ်မံ ကွပ်မျက်ရာတွင် ယင်း၏ သစ္စာတော်ခံ အမှ ထမ်းငယ် ကျွန်ရင်း အောင်စွာကိုပါ ကွပ်မျက်လေသည်။ နရပတိစည်သူ သည် အာဏာ တည်တန့် ခိုင်မြဲရေးနှင့် နိုင်ငံတော်ငြိမ်ဝပ်ပိပြားရေး ကို ကြမ်းကြမ်း တမ်းတမ်း ဆောင်ရွက်ခဲ့သည်မှာ ထင်ရှားလေသည်။
နရပတိစည်သူမင်း လက်ထက် သုဝဏ္ဏဘုမ္မိတိုင်းမှ တဆင့်ပုဂံ သို့ ရောက်ရှိလာသည့် ကဉ္စပူရိ သာသနာကို သီ ဟိုရ်သာသနာ က လွှမ်းမိုးစ ပြုသည်ဟု ထေရ၀ါဒ သာသနာဆိုင်ရာ သုတေသီ တို့ က ယူဆကြသည်။ နရပတိ စည်သူ၏ ကောင်းမှုတော်များ ထဲတွင် ပုဂံမှ ဂေါ်တော်ပုလ္လင် နှင့် စူဠာမဏိ စေတီတော်သည် ထင်ရှား လေ သည်။ အနန္ဒသူရိယ အမတ်ကြီး၏ မျက်ဖြေလင်္ကာ နှင့် ဓမ္မ၀ိလာသ ဓမ္မသတ် ကို အထောက်အထားပြု ၍၎င်း။ နရ ပတိစည်သူမင်း လက်ထက်တွင် ကျောက်စာများတွင် မြန်မာစာ နှင့် ရေးထိုးသည်ကို တစထက်တ စ တွေ့ လာရ ၍ ၎င်း။ မွန်နှင့် ပါဠိဘာသာများလွှမ်းမိုးမှု အောက်မှ မြန်မာစာပေသည် လွတ် မြောက်စပြုလာ သည် ဟု သမိုင်းသုတေသီများက ယူဆကြ လေသည်။
မြန်မာရာဇ၀င်များတွင် ရေးသားထားချက် အရ ညီတော်နရပတိ စည်သူ၏ မိဖုရား ဝေဠုဝတီ အား နောင်တော် နရသိခ် မှ တပ်မက် ၍ အကောက်ကြံကာ သိမ်းပိုက်လိုမှုကြောင့် ညီတော်က မခံမရပ် နိုင်ဖြစ်ပြီး နောင်တော် အား လုပ်ကြံကာ ပုဂံထီးနန်းအား သိမ်းပိုက် သည်ဟုရေးသားဖေါ်ပြထားသည်။
နရပတိစည်သူသည် နောင်တော်အား လုပ်ကြံ၍ နန်းတက်သည် နှင့် ၎င်း မယုံကြည် သည့် နောင်တော် ၏ မင်း မှုထမ်း ကျေးကျွန် များကို ရက်ရက် စက်စက် သုတ်သင် ကွပ်မျက်သည်။ ယင်းကွပ် မျက်သည့်အထဲတွင် အပြစ်မဲ့ပြီး ရဲရင့် တည်ကြည် သည့် ပညာ ရှိ အမတ်ကြီး အနန္တသူရိယ လည်း ပါဝင်၍ ၎င်း မယုံကြည် သူ များ အား ထပ်မံ ကွပ်မျက်ရာတွင် ယင်း၏ သစ္စာတော်ခံ အမှ ထမ်းငယ် ကျွန်ရင်း အောင်စွာကိုပါ ကွပ်မျက်လေသည်။ နရပတိစည်သူ သည် အာဏာ တည်တန့် ခိုင်မြဲရေးနှင့် နိုင်ငံတော်ငြိမ်ဝပ်ပိပြားရေး ကို ကြမ်းကြမ်း တမ်းတမ်း ဆောင်ရွက်ခဲ့သည်မှာ ထင်ရှားလေသည်။
နရပတိစည်သူမင်း လက်ထက် သုဝဏ္ဏဘုမ္မိတိုင်းမှ တဆင့်ပုဂံ သို့ ရောက်ရှိလာသည့် ကဉ္စပူရိ သာသနာကို သီ ဟိုရ်သာသနာ က လွှမ်းမိုးစ ပြုသည်ဟု ထေရ၀ါဒ သာသနာဆိုင်ရာ သုတေသီ တို့ က ယူဆကြသည်။ နရပတိ စည်သူ၏ ကောင်းမှုတော်များ ထဲတွင် ပုဂံမှ ဂေါ်တော်ပုလ္လင် နှင့် စူဠာမဏိ စေတီတော်သည် ထင်ရှား လေ သည်။ အနန္ဒသူရိယ အမတ်ကြီး၏ မျက်ဖြေလင်္ကာ နှင့် ဓမ္မ၀ိလာသ ဓမ္မသတ် ကို အထောက်အထားပြု ၍၎င်း။ နရ ပတိစည်သူမင်း လက်ထက်တွင် ကျောက်စာများတွင် မြန်မာစာ နှင့် ရေးထိုးသည်ကို တစထက်တ စ တွေ့ လာရ ၍ ၎င်း။ မွန်နှင့် ပါဠိဘာသာများလွှမ်းမိုးမှု အောက်မှ မြန်မာစာပေသည် လွတ် မြောက်စပြုလာ သည် ဟု သမိုင်းသုတေသီများက ယူဆကြ လေသည်။",,,,,,
<urn:uuid:2a75f94c-d933-4165-9c8a-9b29da09d8cd>,"လွတ်လပ်သောနိုင်ငံများ၏ ဓနသဟာယအဖွဲ့
လွတ်လပ်သောနိုင်ငံများ၏ ဓနသဟာယအဖွဲ့ သည် နိုင်ငံတကာ အဖွဲ့အစည်း သို့ မဟာမိတ်များ ဖြစ်ကြသည်။
၁၉၉၁ ဒီဇင်ဘာ ၈ ရက် တွင် ရုရှား၊ ဘီလာရုစ်၊ ယူကရိန်း တို့မှ ခေါင်းဆောင်များ က ဘီလာရုစ် နိုင်ငံ Belovezhskaya Pushcha နေရာတွင် တွေ့ဆုံခဲ့ကြသည်။ ထို့နောက် လွတ်လပ်သောနိုင်ငံများ၏ ဓနသဟာယအဖွဲ့ ဖွဲ့စည်းရန် ဆွေးနွေးခဲ့ကြပြီး သဘောတူညီမှုတစ်ရပ် ရရှိခဲ့သည်။ ၎င်းအဖွဲ့သို့ ဆိုဗီယက်ယူနီယံဟောင်း မှ နိုင်ငံများ ပါဝင်နိုင်ရန် ဖိတ်ခေါ်ထားသည်။ ထို့ပြင် ရည်မှန်းချက်တူညီသော အခြားနိုင်ငံများလည်း ပူးပေါင်း နိုင်ကြောင်း ဖေါ်ပြထားသည်။
ဆိုဗီယက်ယူနီယံဟောင်း ၁၅ နိုင်ငံပါဝင်ပြီး အာမေးနီယား၊ အဇာဘိုင်ဂျန်၊ ဘီလာရုစ်၊ ကာဇက်စတန်၊ ကာဂျစ်စတန်၊ မော်ဒိုဗာ၊ ရုရှား၊ တာဂျစ်ကစ္စတန်၊ တာ့ခ်မင်နစ္စတန်၊ ယူကရိန်း၊ ဥဇဘက်ကစ္စတန်၊ ဂျော်ဂျီယာ၊ အက်စ်တိုးနီးယား၊ လတ်ဗီယာ၊ လစ်သူယေးနီးယား တို့ဖြစ်သည်။ ၆ စက်တင်ဘာ ၁၉၉၁ တွင် ဆိုဗီယက် ယူနီယံ သည် အက်စတိုးနီးယား၊ လက်ဗေးရီးယား၊ လစ်သူရေးနီးယား တို့၏ လွတ်လပ်ရေး ကို အသိအမှတ် ပြုခဲ့သည်။ ကျန် ၁၂ နိုင်ငံ အနက် ဂျော်ဂျီယာ နိုင်ငံမှ အပ နိုင်ငံများအားလုံး လွတ်လပ်သောနိုင်ငံများ၏ ဓနသဟာယအဖွဲ့ သို့ဝင်ရောက်ခဲ့သည်။
ထိုနိုင်ငံ့ခေါင်းဆောင်များ သည် ၂၁ ဒီဇင်ဘာ ၁၉၉၁ တွင် ကာဇက်စတန် တွင် တွေ့ဆုံကြကာ အဖွဲ့၏မူလ သဘောတူညီမှု ကို လက်ခံခဲ့ကြသည်။ ၁၉၉၃ တွင် ဂျော်ဂျီယာ နိုင်ငံသည်လည်း အဖွဲ့သို့ ဝင်ရောက်လာသည်။ သို့သော် ၂၆ ဩဂုတ် ၂၀၀၆ တွင် တခ်မနီစတန်နိုင်ငံ သည် အဖွဲ့မှ ရာသက်ပန် အဖွဲ့ဝင် အနေအထားမှ နုတ်ထွက်၍ တွဲဖက်အဖွဲ့ဝင် အဖြစ်သာ နေတော့သည်။၁၅ ဩဂုတ် ၂၀၀၈ တွင် ဂျော်ဂျီယာနိုင်ငံ သည် အဖွဲ့မှ ပြန်လည် နုတ်ထွက်၍ နောက်တစ်နှစ်အကြာ ၁၇ ဩဂုတ် ၂၀၀၉ တွင် တရားဝင်အနေဖြင့် ထွက်ခွင့်ရသည်။
အများက ရုရှားသည် လွတ်လပ်သောနိုင်ငံများ၏ ဓနသဟာယအဖွဲ့ ကို ဖွဲ့ပေးခြင်းအားဖြင့် ယခင်ဆိုဗီယက် နိုင်ငံဟောင်းများအပေါ် လွှမ်းမိုးနိုင်ရန် ကြိုးစားနေသည် ဟု မြင်ကြသည်။ သို့သော် ၎င်းအဖွဲ့သည် ဥရောပသမဂ္ဂ ကဲ့သို့ ခပ်ဆင်ဆင် ပင်ဖြစ်သည်။ အဖွဲ့ဝင်နိုင်ငံများသည် စီးပွားရေး၊ ကာကွယ်ရေး၊ နိုင်ငံခြားရေးမူဝါဒများ နှင့် အခြားကိစ္စရပ်များစွာတို့တွင် သဘောတူညီချက်များ ရရှိထားသည်။
ရုံးချုပ် ကို ဘီလာရုစ် နိုင်ငံ မင့်ခ် တွင် ထားရှိပြီး အမှုဆောင် ညွန်ကြားရေးမှူးက ဦးဆောင်သည်။",,,,,,
<urn:uuid:bea35e30-5824-4dc5-b4cf-acc858e662c4>,"ကိုဖြိုးဝေအောင် လွတ်ပြီ
This article has been converted from Zawgyi One to Unicode
ရန်ကုန်မြို့ X2O သင်္ကြန် မဏ္ဍပ် ဗုံးဖောက်ခွဲမှုနှင့် သေဒဏ်ချမှတ် ခံထားရသူ ကိုဖြိုးဝေအောင်ကို ယနေ့ နေ့လယ် ၁၂ နာရီခန့်တွင် ပြန်လည် လွှတ်ပေးလိုက်ပြီဖြစ်ကြောင်း မိသားစုဝင်များက ပြောသည်။ ၂၀၁၀ သင်္ကြန်ကာလ ဗုံးပေါက်ကွဲမှုကြောင့် ဖမ်းဆီးခံခဲ့ရပြီး မေလ ၂၀၁၂ တွင် ပြစ်ဒဏ်ချမှတ်ခံခဲ့ရသော ကိုဖြိုးဝေအောင်သည် ကင်ဆာ ရောဂါကြောင့် အောက်ပိုင်းသေသွား၍ အင်းစိန် ဆေးရုံတွင် ဆေးကုသ ခံနေရသူဖြစ်သည်။ မြန်မာနိုင်ငံဆိုင်ရာ ကုလသမဂ္ဂ လူ့အခွင့်အရေး ကိုယ်စားလှယ် မစ္စတာ အိုဟေး ကင်တာနာ က ဇူလိုင် ၃၀ ရက်နေ့တွင် ၎င်းအား အင်းစိန်ဆေးရုံ ၌ သွားရောက်တွေ့ဆုံခဲ့သည်။",,,,,,
<urn:uuid:0c300a54-9290-4eb5-9eb8-e048885022ea>,"ကစားစရာဆိုင်များ (24)
ကရိန်းအငှား (1)
ကာရာအိုကေ (13)
ကားဘော်ဒီရုံများ (6)
ကားလေအေးပေးစက် (4)
ကားအပိုပစ္စည်းဆိုင် (27)
ကော်ဖီဆိုင် (16)
ကုန်စုံဆိုင်များ (355)
ကျူရှင် (ဘာသာစုံ) (15)
ကျောက်ခွဲစက်များ (2)
ကြိုးအမျိုးမျိုး (2)
ကြွေပြားများ (3)
ဂဏန်းတွက်စက် (3)
ဂီတသင်တန်းများ (1)
ဂိမ်းဆိုင်များ (4)
ဂျာနယ်များ (1)
ငါးပိ၊ ငံပြာရည် (9)
ငါးလုပ်ငန်း (5)
စတိုးဆိုင်များ (169)
စာကြည့်တိုက်များ (1)
စာတိုက်များ (6)
စာရေးကိရိယာဆိုင် (28)
စာအုပ်အငှားဆိုင်များ (10)
စားတော်ဆက်များ (95)
စားသောက်ကုန်များ (12)
စားသောက်ဆိုင်များ (168)
စားသုံးဆီအမျိုးမျိုး (11)
စက္ကူစက်များ (3)
စက်ဘီးပြုပြင်ရေး (3)
ဆီစက်များ (5)
ဆေးဝါးပစ္စည်းများ (3)
ဆံသဆိုင် (35)
ဆိုက်ဘာကဖေး (5)
ဆန်စက်များ (15)
ဆန်ရောင်းဝယ်ရေး (71)
ဆပ်ပြာ (3)
ဆပ်ပြာခရင်၊အဆီ (2)
တရားရုံးများ (2)
တီးဝိုင်းများ (1)
တံခါးအမျိုးမျိုး (1)
တည်းခိုခန်းများ (42)
တွင်ခုံများ (21)
ဒံပေါက် (1)
ဒိန်ချဉ် (1)
ဓာတ်ပုံဆရာများ (1)
ဓာတ်ပုံဆိုင် (23)
ဓာတ်မြေသြဇာ (12)
နာရီပြုပြင်ရေး (1)
နာရီအရောင်းဆိုင်များ (20)
နို့ဆီ (2)
ပရဆေးဆိုင်များ (2)
ပရိဘောဂလုပ်ငန်း (16)
ပါကေး (3)
ပါတိတ်အထည်များ (1)
ပီနံအိတ် (1)
ပဲအမျိုးမျိုး (3)
ပိုးထည်အမျိုးမျိုး (14)
ပင်မင်းဆိုင်များ (1)
ပန်းပုထုလုပ်ငန်း (1)
ပြတိုက် (1)
ပွဲရုံများ (ဆန်) (15)
ပွဲရုံများ (အထွေထွေ) (22)
ဖိနပ်ဆိုင် (53)
ဖက်ရှင်ဆိုင်များ (175)
ဖန်စီစတိုးဆိုင်များ (15)
ဖုန်းငွေဖြည့်ကဒ် (4)
ဘိလပ်မြေ (5)
ဘို့၊ နပ်များ (2)
ဘိုးဘွားရိပ်သာ (1)
ဘက်ထရီပြုပြင်ရေး (1)
ဘဏ်များ (ပုဂ္ဂလိက) (20)
ဘဏ်များ (အစိုးရ) (2)
မဆလာစက် (3)
မီနီမားကတ် (4)
မီးခံသေတ္တာ (1)
မီးသတ်စခန်းများ (3)
မိုတယ်များ (1)
မိုးပျံပူဖောင်း (1)
မိတ္တူကူးဆိုင်များ (54)
မျက်နှာသုတ်ပုဝါ (1)
မျက်မှန်ဆိုင်များ (14)
ရာဘာပစ္စည်းများ (3)
ရေကူးကန်များ (1)
ရေခဲစက်များ (1)
ရေခဲမုန့် (15)
ရေတိုင်ကီ (2)
ရေနံချေး (1)
ရေသန့်စက် (1)
ရဲစခန်းများ (6)
ရုပ်ရှင်ရုံများ (1)
လက်ဖက်ခြောက် (16)
လက်ဖက်ရည်ဆိုင်များ (91)
သတို့သမီးဝတ်စုံ (2)
သနပ်ခါး (1)
သမဝါယမရုံးများ (1)
သစ်ကုန်သည်များ (3)
သစ်ခွခြံများ (2)
အစိုးရရုံးများ (39)
အထည်ဆိုင်များ (113)
အပေါင်ဆိုင်များ (3)
အလှကုန် (75)
အလှပြင်ဆိုင်များ (83)
အသင်းအဖွဲ့များ (6)
အအေးဆိုင်များ (44)
ဥပဒေရုံးများ (2)
ဦးထုပ်ဆိုင်များ (6)
အပ်ချုပ်ဆိုင်များ (44)
အွန်လိုင်းစတိုး (1)",,,,,,
<urn:uuid:c51334f0-4391-4a3e-9e8d-6498292e0e11>,"မိုဟာမက်အလီ ဂျင်းနား
မိုဟာမက်အလီ ဂျင်းနား (ခရစ် ၁၈၇၆-၁၉၄၈) သည် ပါကစ္စတန်နိုင်ငံ၏ဖခင်ကြီးဟူ၍ ထင်ရှားသည့် ပုဂ္ဂိုလ်ကြီးကား မိုဟာမက် အလီဂျင်းနားပင် ဖြစ်သည်။ သူသည် အိန္ဒိယပြည်ကြီးမှ ပါကစ္စတန်နိုင်ငံဟူ၍ သီးခြားပေါ်လာရေးအတွက် နှစ်ပေါင်းများစွာ ကြိုးပမ်းခဲ့သောကြောင့် ထိုကဲ့သို့ နာမည်တွင်ခြင်း ဖြစ်သည်။ ဂျင်းနားသည် အိန္ဒိယပြည်ရှိ မွတ်စလင်တို့၏ ချစ်ကြည်လေးစားမှုကို ခံရသော ခေါင်းဆောင်ဖြစ်သည်။ ထို့ကြောင့် ၁၉၄၇ ခုနှစ်၊ ဩဂုတ်လ ၁၅ ရက်နေ့တွင် ပါကစ္စတန်နိုင်ငံဟူ၍ လွတ်လပ်ရေးကို ကြေညာသောအခါ ဂျင်းနားသည် ထိုနိုင်ငံ၏ ပထမဆုံးဘုရင်ခံချုပ် ဖြစ်လာခဲ့လေသည်။
ဂျင်းနားသည် ကရာချိမြို့မှ ကြွယ်ဝသော ကုန်သည်ကြီးတစ်ဦး၏သားဖြစ်၍ အသက် ၁၆ နှစ်အရွယ်တွင် အင်္ဂလန်ပြည် လန်ဒန်မြို့သို့သွားရောက်ကာ ၄ နှစ်မျှ ဝတ်လုံပညာ သင်ကြားခဲ့လေသည်။ အိန္ဒိယပြည်သို့ ပြန်ရောက်၍ များမကြာမီ ဘုံဘိုင်မြို့တွင် ထိပ်တန်းဝတ်လုံတော်ရတစ်ဦးအဖြစ် နာမည်ရလာပြီးလျှင် နိုင်ငံရေးတွင် ပါဝင်ဆောင်ရွက်ခဲ့လေသည်။ အသက် ၃ဝ အရွယ်တွင် အိန္ဒိယအမျိုးသားကွန်ဂရက် ဥက္ကဋ္ဌကြီး၏ အတွင်း ရေးမှူးအဖြစ် ထမ်းဆောင်ခဲ့သည်။
၇ နှစ်ခန့်ကြာသောအခါ ဂျင်းနားသည် အိန္ဒိယကွန်ဂရက်အသင်းသားအဖြစ်နှင့်ပင် မွတ်စလင်အသင်းကြီးနှင့်လည်း ဆက်သွယ်ခဲ့သည်။ ထိုအချိန်တွင် မသင့်မမြတ်ဖြစ်နေကြသော မွတ်စလင်အသင်းကြီးနှင့် ဟိန္ဒူအမျိုးသားများ ပါဝင်သော အိန္ဒိယ အမျိုးသား ကွန်ဂရက်တို့၏နိုင်ငံရေးတွင် ချစ်ကြည်စွာ တွဲဖက်ဆောင်ရွက်မှုကို ကြိုးစားခဲ့သည်။ သို့သော် မွတ်စလင်လူနည်းစုကို ထိရောက်သော ဥပဒေများဖြင့် ကာကွယ်သမှုပြုပေးသမျှ မအောင်မြင်နိုင်ဟု ယူဆကာ မွတ်စလင်များ၏ အခွင့်အရေးပြည့်စုံစွာ ရရှိအောင် ပြုလုပ်ရန်ရည်သန်၍ ၁၉၁၆ ခုနှစ်တွင် မွတ်စလင်အသင်းကြီး၏ ဥက္ကဋ္ဌအဖြစ်ကို ခံယူခဲ့လေသည်။
ထိုအချိန်မှစ၍ အိန္ဒိယပြည်၏ နိုင်ငံရေးကိစ္စများတွင် မဟတ္တမဂန္ဓီနှင့် ဂျင်းနားတို့သည် ရှေ့ဆောင်ခဲ့လေသည်။ အိန္ဒိယပြည်သည် လွတ်လပ်ရေးရရှိရန် အခွင့်ကောင်း အမျိုးမျိုးကို အရယူခဲ့သော်လည်း ရင်ကြားမစေ့နိုင်သော ဟိန္ဒူနှင့် မွတ်စလင်စိတ်ဝမ်းကွဲပြားမှုကြီးကြောင့် မည်သည့်အလုပ်ကိုမျှ အဆင်ပြေအောင် မလုပ်နိုင်ဖြစ်ခဲ့ရသည်။
ခရစ် ၁၉၂၈ ခုနှစ်သို့ ရောက်သောအခါ ဗြိတိသျှအစိုးရတို့က စိတ်ဝမ်းကွဲပြားမှုကို ဖြေရှင်းပေးမည့် ကော်မရှင်အဖွဲ့တစ်ခုကို စေလွှတ်ခဲ့ရာတွင် ဂျင်းနားသည် မွတ်စလင်များဘက်မှ အချက်ပေါင်း ၁၄ ချက်ကို တင်ပြခဲ့လေသည်။ နောက်ထပ်၍ လန်ဒန်မြို့တွင် ကျင်းပခဲ့သော အစည်းအဝေးများ၌ ဂျင်းနားပင်လျှင် မွတ်စလင်များဘက်မှ အရေးဆိုခဲ့လေသည်။ အင်္ဂလိပ် အောက်လွှတ်တော်တွင် ၁၉၃၅ ခုနှစ်၊ အိန္ဒိယပြည် အုပ်ချုပ်ရေး အက်ဥပဒေကို တင်သွင်းဆွေးနွေးခဲ့စဉ်ကလည်း ဂျင်းနားသည် တက်ရောက်နားထောင်ခဲ့၏။
ထို့နောက် ဂျင်းနားသည် မွတ်စလင်အသင်းကြီးအား မွတ်စလင်လူထု တစ်ရပ်လုံးက အားပေးထောက်ခံလာရေးအတွက် အိန္ဒိယတစ်ပြည်လုံးကိုလှည့်၍ တရားဟောသည်။ သူသည် မွတ်စလင်အသင်းကြီး အင်အားတောင့်တင်းမှသာ အိန္ဒိယ အမျိုးသားကွန်ဂရက်နှင့် အင်္ဂလိပ်အစိုးရတို့က အုပ်ချုပ်ရေး အသစ်တွင် မွတ်စလင်တို့အား ပူးပေါင်းဆောင်ရွက်ခွင့်ပေးမည်ဟု ယုံကြည်ခဲ့၏။ ဂျင်းနားသည် ကိုယ်ပိုင်အုပ်ချုပ်ခွင့်ရသော ပြည်နယ်များတွင် မွတ်စလင်တို့သည် ရာထူးရာခံများ ရနိုင်မည် မဟုတ်သည့်ပြင် နိုင်ငံရေး ဖိနှိပ်ညှဉ်းပန်းမှုများကိုလည်း ခံရလိမ့်မည်ဟုလည်း စိုးရိမ်ခဲ့လေသည်။ ထို့ကြောင့် ဂျင်းနားသည် အိန္ဒိယပြည်အတွင်း မွတ်စလင်လူမျိုးတို့အတွက် သီးခြားနိုင်ငံတစ်ခုထူထောင်ပေးရန် အရေးဆိုခဲဲ့လေသည်။ ယင်းရည်ရွယ် ချက် အောင်မြင်ရန် ကြိုးစားသည့် ကာလအတွင်း သူ့အား 'ခေါင်းဆောင်ကြီး'ဟူသော ဘွဲ့နှင့် ပိုမိုလူသိများလာခဲ့သည်။ ထို့နောက်၌ကား အိန္ဒိယအမျိုးသား ကွန်ဂရက်နှင့် မွတ်စလင်အသင်းကြီးတို့သည် ၁ဝ နှစ်ကြာမျှ ထပ်မံ၍ ပဋိပက္ခ ဖြစ်နေခဲ့ကြလေ၏။ ၁၉၄၄ ခုနှစ်အတွင်း ဂန္ဓီနှင့် ဂျင်းနားတို့ တွေ့ဆုံဆွေးနွေးခဲ့သေးရာ အရာရောက်သော ဖြေရှင်းမှု မရခဲ့ပေ။
၁၉၄၇ ခုနှစ်တွင်မှ ဗြိတိသျှ အစိုးရက ပါလီမန်တွင် အိန္ဒိယပြည်အား လွတ်လပ်ရေးပေးသောအက်ဥပဒေကို သဘောတူညီခဲ့၍ အိန္ဒိယနိုင်ငံနှင့် ပါကစ္စတန်နိုင်ငံဟူသော ဒိုမီနီယန်နိုင်ငံများ ထူထောင်ခွင့်ပေးခဲ့ရာ ခေါင်းဆောင်ကြီး ဂျင်းနားကိုပင် ပါကစ္စတန်ဒိုမီနီယန်နိုင်ငံ၏ ပထမဆုံးဘုရင်ခံချုပ် အဖြစ် တင်မြှောက်ကြသည်။ ဂျင်းနားသည် ဤရာထူးတွင် ၁ နှစ်မျှ ဆောင်ရွက်ခဲ့ပြီးနောက် ၁၉၄၈ ခုနှစ်၊ စက်တင်ဘာလ ၁၁ ရက်နေ့၌ ကရာချိမြို့တွင် ကွယ်လွန်လေသည်။[၁]
ကိုးကား[ပြင်ဆင်ရန်]
- မြန်မာ့စွယ်စုံကျမ်း၊ အတွဲ(၃)",,,,,,
<urn:uuid:1e1cf9ce-790a-4b52-9d85-bb35ae458d27>,"အသက်မပြည့်သေးသည့် အိမ်အကူ မိန်းကလေးကို ဝါယာကြိုးဖြင့် ရိုက်နှက်သူအား အမှုဖွင့်
ရန်ကုန်တိုင်းဒေသကြီး၊ ကျောက်တံတားမြို့နယ် ၃၆ လမ်းရှိနေအိမ် တအိမ်တွင် အိမ်အကူလုပ်ကိုင်နေသည့် အသက် ၁၇ နှစ်အရွယ် မချိုပြုံးအားဝါယာကြိုးဖြင့် ရိုက်နှက်ခံရသည့်ကိစ္စနှင့် ပတ်သက်၍ အိမ်ရှင်ကို အရေးယူနိုင်ရေး ကျောက်တံတားရဲစခန်းတွင် အမှုဖွင့်လျက် ရှိကြောင်း မိသားစုဝင်များထံမှ သိရသည်။
မည်သည့် ပုဒ်မများဖြင့် အမှုဖွင့်အရေးယူထားသည်ကို မိသားစုဝင်များကိုယ်တိုင် မသိရှိသေးပေ။
ယင်းအမှုနှင့် မေးမြန်းရန် ကျောက်တံတားရဲစခန်းရှေ့တွင် နေ့လယ် ၁၂ နာရီခန့်ကတည်းက စောင့်ဆိုင်းနေခဲ့ကြသည့် သတင်းမီဒီယာများ၏ မေးမြန်းမှုကိုလည်း ညနေ ၆ နာရီအထိ ပြန်လည်ဖြေကြားပေးခြင်း မရှိဘဲ အမှုနှင့်ပတ်သက်၍ စစ်ဆေးမေးမြန်းမှုများ လုပ်ဆောင်လျက် ရှိကြောင်း သာပြောဆိုသည်။
မချိုပြုံး၏ အစ်ကိုအကြီးဆုံးဖြစ်သူ ကိုချစ်ကိုက “ညှိနှိုင်းမယ်ဆိုလက်သင့်မခံဘူး။ အမှုပဲဖွင့်မှာ။ ပိုက်ဆံရှိတဲ့အတွက် ပိုက်ဆံနဲ့ လိုက်လုပ်နေမှာပဲ။ ပိုက်ဆံပေးပြီးလုပ်လို့ရမယ်ဆိုရင်တော့ လူတိုင်းကိုအိမ်ဖော်အဖြစ်ခေါ်ပြီးလူတိုင်းကိုလုပ်နေမှာ။ အဲတော့ မှတ်လောက်အောင် ကျနော်ကအမှု ဖွင့်မှာ” ဟု ပြောသည်။
ဆက်လက်၍ ၎င်းက ညီမဖြစ်သူမချိုပြုံးသည် ထမင်းဟင်းမချက်တတ်၍၊ တံမြက်စည်းမလှဲတတ်၍ ဆိုလျှင်လည်း အ ဆက်သွယ် လုပ်ပေးသည့် ပွဲစားမှတဆင့် မိဘများထံဖုန်းဆက်၍ အကြောင်းကြားနိုင်ကြောင်း၊ ယခုကဲ့သို့ နှိပ်စက်မှုပြု သည်ကို ၎င်းအနေဖြင့် လက်သင့်မခံနိုင်ကြောင်းပြောဆိုသည်။
မချိုပြုံး၏ အစ်ကိုဖြစ်သူ ကိုသီဟ က “ဝါယာကြိုးကို မုန့်ကြိုးလိမ်ပုံစံမျိုးလိမ်ပြီး နှစ်ပင်ပူးနဲ့ ရိုက်တာ။ သူ့ကိုရိုက်လို့ သူ့မိန်းမကဆွဲရင် သူ့ကိုထပ်ရိုက်တယ်။ ကလေးကို ရိုက်ပြီဆိုရင်လည်း ငါကထောင်ထွက် တိုင်ချင်တဲ့နေရာတိုင် အဲလိုကြိမ်းကြိမ်းပြီးရိုက်တာတဲ့။ ကလေးကိုယ်တိုင် ပြောပြတာ”ဟု ဧရာဝတီကို ပြောပြသည်။
ဒလမြို့ဇာတိ ဖြစ်သူ မချိုပြုံးသည် ရန်ကုန်ရှိအဆိုပါအိမ်ရှင်ထံ အိမ်အကူအဖြစ် အလုပ်လာလုပ်နေသည်မှာ ၁ လခန့်သာ ရှိသေးကြောင်း၊ တလလျှင် လစာငွေ ၃၅၀၀၀ ကျပ်နှုန်းဖြင့် ၁ လစာပိုယူ၍ ငွေ ၇၀၀၀၀ ကျပ်ဖြင့် ပို့ဆောင်ထားခြင်း ဖြစ်ကြောင်း မချိုပြုံး၏ အဒေါ်ဖြစ်သူ ဒေါ်စန်းစန်းဝင်းက ပြောသည်။
တံမြက်စည်းမလှဲတတ်ခြင်း၊ အချက်အပြုတ် မတတ်ခြင်းများကြောင့် ဝါယာကြိုးနှစ်ပင်ပူးကာ ကျောကုန်း၊ ခြေသလုံး၊ ပေါင် များကို ရိုက်နှက်ခဲ့ခြင်းဖြစ်ကြောင်း ကာယကံရှင် မချိုပြုံးက Myanmar Now သတင်းဌာနကိုပြောဆိုထားသည်။
ယနေ့ မနက်ပိုင်းက ဆိပ်ကမ်းသာ လမ်းအပေါ်ဘလောက်ရှိ ပျံကျဈေးသို့ ဈေးဝယ်ထွက်လာသည့် မချိုပြုံးကို ဒလမြို့တွင် အိမ်နီးနားချင်း ဖြစ်ခဲ့သူ ဈေးသည်တဦးက မှတ်မိသိရှိပြီး ခြေသလုံးရှိ အညိုအမည်း ဒဏ်ရာများကို မြင်တွေ့ခဲ့ရာမှ စတင်မေး မြန်းရင်း ဖြစ်စဉ် ပေါ်ပေါက် ခဲ့ရကြောင်း၊ အနီးဝန်းကျင် ပြည်သူများက ကျောက်တံတားရဲစခန်းသို့ လှမ်းဆက်သွယ်ရာမှ မိန်းကလေးကို လာရောက်ခေါ်ယူခဲ့ပြီး ဆေးစစ်ချက်ယူရန် ရန်ကုန်ပြည်သူ့ဆေးရုံကြီးသို့ ပို့ဆောင်ခဲ့ကြောင်း Myanmar Now တွင် ဖော်ပြထားသည်။
အိမ်ရှင်ဖြစ်သူ ဦးကျော်စိုးလင်းသည် ယမန်နေ့ညက မက္ကာသို့ ဘုရားဖူးထွက်သွားသည့် အတွက် ယခုဖြစ်စဉ်နှင့် ပတ်သက်၍ ပြေလည်အောင် တာဝန်ယူ ဖြေရှင်းပေးသွားမည်ဖြစ်ကြောင်း ဦးကျော်စိုးလင်း၏ သူငယ်ချင်းဖြစ်သူကို ကျော်လင်းဦးက ပြောသည်။
ကျော်လင်းဦးက “ပြေလည်အောင် ဖြေရှင်းပေးမယ်ဆိုတာ ဥပဒေကြောင်းအရ တပိုင်း။ ဖြေရှင်းပေးလို့ ဥပဒေအရ အရေးမယူပါနဲ့လို့ ပြောတာမဟုတ်ဘူး။ နစ်နာသွားတယ်ဆိုရင် နစ်နာသွားတဲ့ အပိုင်းကို ကျနော် ဖြေရှင်းပေးမယ်။ ဥပဒေပိုင်းကတော့ ရဲအပိုင်းပေါ့” ဟု ရှင်းပြသည်။
ယင်းအမှုနှင့် ပတ်သက်၍ ကျောက်တံတား ရဲစခန်းက အကြောင်းကြားသဖြင့် နေ့လယ် ၃ နာရီခွဲခန့်က သွားရောက်ခဲ့ကြောင်း၊ ဦးကျော်စိုးလင်း ကို ပြန်လည်ခေါ်ပေးရန် စခန်းတာဝန်ရှိသူများက ပြောဆိုခဲ့၍ အဆက်သွယ်ရရန် ကြိုးစားနေသော်လည်း လက်ရှိအချိန်ထိ ဆက်သွယ်၍ မရသေးကြောင်း၊ သို့သော် Viber မှတဆင့် အဖြစ်အပျက် အလုံးစုံကို ပို့ပေးထားကြောင်းကို ကျော်လင်းဦး က ရှင်းပြသည်။
“သူကလူကြီး လူကောင်းပါ။ ဒေါသကြီးတယ်ဆိုပေမယ့် ဆူတာ ဟောက်တာပဲရှိတာပါ။ ဆီးချိုသမားဆိုတော့ အခုနောက်ပိုင်း စိတ်တို တာရှိတယ်။ ဒါပေမယ့် အဲဒီလိုသူများကို လုပ်တာတော့ တခါဖူးမှ မရှိပါဘူး။ ရပ်ကွက်ထဲမှာလည်းမေးလို့ရပါ တယ်။ အဲဒီနေ့ကလည်း ကလေးမလေးက အခန်းတခန်းထဲမှာ တံမြက်စည်းလှဲတာ တနာရီလောက် ကြာတယ်တဲ့။ ကိုကျော်စိုးလင်း ကဟဲ့ နင်အခုထိ မပြီးသေး ဘူးလား ဆိုပြီးစိတ်ဆိုးပြီးတော့ ဖုန်းအားသွင်းကြိုးနှစ်ခုကိုယူပြီးလိမ်ပြီးကလေးမလေးခြေထောက်ကို ရိုက်လိုက်တာ။ လွန်ခဲ့တဲ့ ၄ ရက်လောက်က ဖြစ်တာ” ဟု ဦးကျော်လင်းဦးက ဆိုသည်။",,,,,,
<urn:uuid:e2fb3d03-49ff-4581-b21a-a3834deb1f4d>,"စဉ့်ကိုင်မြို့သည် မြန်မာနိုင်ငံ၊ မန္တလေးတိုင်းဒေသကြီး၊ ကျောက်ဆည်ခရိုင် စဉ့်ကိုင်မြို့နယ်၏ ရုံးစိုက်ရာမြို့ဖြစ်သည်။ မြို့နယ် အကျယ်အဝန်းမှာ ၈၂၅ စတုရန်းမိုင်ဖြစ်သည်။ ကျောက်ဆည်မြို့၏ မြောက်ဘက် ၁ဝ မိုင်မျှဝေး၍ မီးရထား
လမ်းမြို့ တစ်မြို့ဖြစ်သည်။ မြို့နယ်အတွင်း အခြားထင်ရှားသော မြို့ကလေးတစ်မြို့မှာ ပလိပ်မြို့ဖြစ်၍၊ ပလိပ်မှ မြင်းခြံသို့ မီးရထားလမ်းခွဲတစ်ခု ဖောက်လုပ်ခဲ့ရာမှ ထင်ရှား၍ စည်ကားလာခဲ့သည်။ ပလိပ်မြို့သည် မြစ်ငယ်မြစ်ကို ရန်ကုန်မန္တလေး မီးရထားလမ်း ဖြတ်ကျော်သည့် တံတားအနီး၌ရှိသည်။
စဉ့်ကိုင်မြို့၏ လူဦးရေမှာ ၁၉၅၃ ခုနှစ် သန်းခေါင်စာရင်း အရ ၁၇၂၁ ယောက်မျှရှိလေသည်။[၁]
- ↑ မြန်မာ့စွယ်စုံကျမ်း အတွဲ(၄)",,,,,,
<urn:uuid:4feb23e9-ae18-450c-a551-8db8006664e2>,"ကင်အီဆွန်း
ကင်အီဆွန်း (ခရစ် ၁၉၁၂ ဖွား)[ပြင်ဆင်ရန်]
ကင်အီဆွန်း ((15 April 1912 – 8 July 1994) သည် မြောက်ကိုရီးယားစတင်တည်ထောင်သူခေါင်းဆောင်အဖြစ်ဖြင့် လူသိများသည်။ အပြည်ပြည်ဆိုင်ရာကွန်မြူနစ်နှင့် အလုပ်သမား လူတန်းစားလှုပ်ရှားမှုများ၏ ထင်ရှားသောခေါင်းဆောင် တစ်ဦးလည်းဖြစ်သည်။
ဆွန်းသည် ၁၉၁၂ ခုနှစ်ဧပြီလ ၁၅ ရက်နေ့တွင် ပျန်ယန်မြို့ မန်ယုန်ဒယ် ကျေးရွာ၌ လူဆင်းရဲ မိဘနှစ်ပါးမှ ဖွားမြင်ခဲ့၍ အဘ၏ အမည်မှာ မစ္စတာကင်ဟျုံဂျစ် ဖြစ်သည်။ အမိမှာ မစ်ကန်ဗန်ဆွတ် ဖြစ်သည်။ ဘိုးစဉ်ဘောင်ဆက်ကပင် နိုင်ငံလွတ်လပ်ရေး၊ ပြည်သူတို့၏ လွတ်လပ်ရေးအတွက် နိုင်ငံခြား ကျူးကျော်ရေးသမားများကို ဆန့်ကျင်လျက် တိုက်ပွဲ ဝင်ခဲ့ကြသည်။ ဆွန်းသည် ဂျပန်ဆန့်ကျင်ရေး ပုန်ကန်ထကြွမှုကြောင့် ဖခင်အား ဂျပန်နယ်ချဲ့ပုလိပ်တို့က ရက်စက် ကြမ်းကြုတ်စွာ ဖမ်းဆီးမှုကို မြင်တွေ့ရ၍ ဖခင်ဖြစ်သူ၏ နိုင်ငံရေးဩဇာ ခံရသူပီပီ ဆန့်ဂျစ် အတွေးအခေါ်များနှင့် တော်လှန်ရေး လူတန်းစား အသိစိတ်ဓာတ်များ ကိန်းအောင်းခဲ့လေသည်။
ကင်အီဆွန်းသည် သွားလေရာရာသို့ စာအုပ်များကို သယ်ဆောင်လျက် ကိုရီးယားမျိုးချစ် ဗိုလ်ချုပ်ကြီးများ အကြောင်း၊ ကမ္ဘာ့ ခေါင်းဆောင်ကြီးများ အကြောင်းတို့ကို လိုလိုချင်ချင် ဖတ်ရှုတတ်သည်။ ကင်အီဆွန်းသည် ကျောင်းသားဘဝကပင် သတင်းစာများကို မှန်မှန်ဖတ်သည်။ ဆွန်းသည် ၁၄ နှစ်သားအရွယ်တွင် ဖခင် တော်လှန်ရေး တိုက်ပွဲ ဆင်နွှဲရာ တရုတ်ပြည်အရှေ့မြောက်ပိုင်းသို့ သွား၍ ဂျပန်ဆန့်ကျင်ရေး မိန့်ခွန်းများ ပေးလျက် လူကြီးလူငယ် မရွေးကို ဆွဲဆောင်နိုင်သည်။ ၁၉၂၆ ခုနှစ် ဇွန်လ ၅ ရက်နေ့တွင် ဖခင် ကွယ်လွန်သွားသောအခါ ဆွန်းသည် စိတ်ဓာတ် အကြီးအကျယ် လှုပ်ရှားကာ တော်လှန်ရေး တိုက်ပွဲ၌ မိမိကိုယ်ကို စွန့်လှူရန် သန္နိဋ္ဌာန် ချလိုက်ပြီး လွတ်လပ်ရေး တပ်မတော်အတွက် ကေဒါများ လေ့ကျင့် မွေးထုတ်ရန် အမျိုးသားဝါဒီများက တည်ထောင်ထားခဲ့သော ဝှာဆွန်ယူဆွတ် ကျောင်းသို့ ဝင်ရောက်ခဲ့သည်။
ကင်အီဆွန်းသည် ဆိုရှယ်လစ်ဝါဒဆိုင်ရာ စာအုပ် များကို လျှို့ဝှက်စွာ ဖတ်ရှု၍ မတ်ဝါဒ၊ လီနင်ဝါဒ၏ လမ်းစဉ်သာလျှင် မိမိနိုင်ငံနှင့် ပြည်သူများကို အစစ်အမှန် ကယ်တင်နိုင်မည့် လမ်းစဉ် ဖြစ်သည်ဟု ယုံကြည်လာသည်။ သို့ဖြင့် ထိုနှစ် မိုးရာသီ၌ နယ်ချဲ့ဝါဒ တိုက်ဖျက်ရေး သမဂ္ဂ အမည်ရှိ တရားမဝင်သော တော်လှန်ရေး အဖွဲ့အစည်း တစ်ရပ်ကို တည်ထောင်လိုက်သည်။ ထို့နောက် တော်လှန်သော လူငယ် ကျောင်းသား လှုပ်ရှားမှု၏ ခေါင်းဆောင်အဖြစ် ထင်ပေါ်လာသည်။
ဝှာဆွန်ယူဆွတ်ကျောင်းမှ ထွက်၍ ကလေးသူငယ်များအား ပညာပေးရန် စယ်နာလ် (နေ့သစ်) သတင်းစာကို ပုံနှိပ်ထုတ် ဝေသည်။ ထိုမှ တော်လှန်ရေး အောင်ပွဲသို့ ရှေးရှုမည့် လုပ်ငန်း များကို ဆက်တိုက်လုပ်နေရင်း ၁၉၂၉ ခုနှစ်တွင် အဖမ်းခံ ရသည်။ သို့သော် ထောင်တွင်း၌လည်း မိမိ လမ်းညွှန် ဖွယ်ရာများကို ဆက်လက် လုပ်မြဲလုပ်ကာ ထောင်မှ ထွက်လာ ချိန်၌ မတ်လီနင်ဝါဒီနှင့် ကိုရီးယား တော်လှန်ရေး၏ ခေါင်းဆောင် ဖြစ်လာတော့သည်။
ရဲဘော်များနှင့် လူထု၏ အတိုင်းမသိသော ယုံကြည် လေးစားမှုကို ခံယူရရှိခဲ့သည့် ကင်အီဆွန်းကို ယခင်ကရဲဘော် ကင်ဆွန်ဂျူဟု ခေါ်ရာမှ လွတ်မြောက်သော အရုဏ်ဦးဆီသို့ ဦးဆောင်သော မိုးသောက်ကြယ် ဖြစ်စေဟန်၊ ရဲဘော်ဟန်ဗြိုလ် ဟု ခေါ်ကြကာ ရဲဘော်အီဆွန်း ရရှိခြင်း ဟု ပြောင်းလဲခေါ်ပြီး ရဲဘော်အီဆွန်းဟု တွင်လာသည်။ ကင်အီဆွန်းသည် ကိုရီးယားတော်လှန်ရေးကို ကိုရီးယား ကွန်မြူနစ်များနှင့် ပြည်သူများ၏ ကိုယ်ပိုင် အားထုတ်မှုဖြင့် ဆောင်ရွက်ရမည်ဟူသော ဂျူချေ အတွေးအခေါ်ကို လည်းကောင်း မိမိကိုယ်ကိုမိမိအားကိုးသော တော်လှန်ရေးစိတ် အမြဲ တင်းကြပ်စွာ တည်ရေးကို၄င်း အားပေးအားမြှောက် လုပ်ရင်း သဘောတရားနှင့် အတွေ့အကြုံများကို ပေါင်းစပ်၍ ပညာပေး စည်းရုံးမှု ကိုယ်တိုင်ကိုယ်ကျ ပါဝင်မှု စသည်တို့ဖြင့် ၁၉၄၈ ခုနှစ်တွင် ဂျပန်နယ်ချဲ့စိုးမိုးမှုမှ အောင်ပွဲ ဆင်ခဲ့သည်။ ဤသို့ စွမ်းဆောင်နိုင်မှုကြောင့် မေလ ၁ ရက်နေ့ တွင် ကိုရီးယားပြည်သူ့ ဒီမိုကရက်တစ် သမ္မတနိုင်ငံ (မြောက်ကိုရီးယား)ကို ထူထောင်သည်။
တောင်မြောက် ကိုရီးယားစစ်ပွဲသည် ၁၉၅ဝ ပြည့်နှစ် တွင် ပေါ်ပေါက်လာပြန်ရာ ကင်အီဆွန်း၏ ဦးဆောင်မှု များကို တွေ့ကြရပြန်သည်။ ၁၉၅၃ ခုနှစ် ဇူလိုင်လတွင် ကိုရီးယားစစ်ပွဲ ပြီးဆုံးသွားသောအခါ ကင်အီဆွန်းမှာလည်း နိုင်ငံ၏ မာရှယ်ဘွဲ့တံဆိပ်ဖြင့်၄င်း၊ သူရဲကောင်း ဘွဲ့တံဆိပ်ဖြင့် ၄င်း ချီးမြှင့်ခြင်း ခံရတော့သည်။
ဆွန်းသည် စာအုပ်နှင့် လမ်းညွှန်စာတမ်း အများအပြား ရေးသားခဲ့သည်။",,,,,,
<urn:uuid:71e62c37-37e7-43d8-a258-8ee98b15ee4d>,"အရှေ့မုခ်လှည့် လှိုင်နှစ်ဆင့်နဲ့ ကြောင်လိမ်လှေကားရှိတဲ့ ဘုရားဖြစ်တယ်။
နံရံဆေးရေးပန်းချီနဲ့ ပန်းတမော့လက်ရာတွေကြောင့် နာမည်ကြီးတယ်။ ဒီဘုရားရဲ့ အတွင်းနံရံတွေမှာ ၅၅၀ ဇာတ်တော်တွေထဲက ရွေးနှုတ် ရေးချယ်ထားတဲ့ နံရံဆေးရေးပန်းချီတွေကြောင့် စိတ်ဝင်းစားကြတယ်။ ဇာတ်တော် အပြည့်အစုံကိုတော့ မြောက်ဖက်က ခန်းမတဝက်နဲ့ တောင်ဖက်က အာရုံခံခန်းမနံရံမှာ ရေးဆွဲထားတယ်။ အဲဒီပန်းချီကားတွေရဲ့အောက်ကနေ ပါဠိနဲ့ ရှေးမန်ကျည်းစေ့မြန်မာစာတွေကို သုံးပြီး ဖော်ပြထားတယ်။ အဲဒီလက်ရာ အတော်များများကို ၁၈၉၉ ခုနှစ်က ဂျာမန်လူပေါ့ လူသွမ်း လူရမ်းကားတယောက်က လွှနဲ့ ဖြတ်တောက်ခိုးယူသွားလို့ အတော်ပျက်စီးပြီး ကျန်ခဲ့ပါတယ်။
ခရစ်နှစ် ၁၃ ရာစုအတွင်း တည်ဆောက်ခဲ့တာပါ၊ အပေါ်ထပ်က မဟာဗောဓိဘုရားလို ကွမ်းထောင်ပေါက် ပြဿဒ်တင်ပြီး တည်ခဲ့တာ ဖြစ်ပါတယ်၊ ၁၅ ရာစုတွင်းမှာ ပြင်ဆင်တာတွေ လုပ်ခဲ့ကြောင်း သိရပါတယ်။",,,,,,
<urn:uuid:97fbe0f8-afba-4144-85a6-6c1c24eceb36>,"ကုန်းသတ္တဝါရေးဆွဲနည်း
|
|
Click to enlarge
|
|
တူဒေးစာအုပ်တိုက်အနေဖြင့် ရောင်စုံဆေးခြယ်နှင့် ရေးဆွဲနည်း စာအုပ်များကို အစဉ်တစိုက် ထုတ်ဝေလျက်ရှိပါသည်။ ယခုလည်း ကလေးငယ်များအတွက် ရည်ရွယ်ပြီး ကုန်းနေ၊ ရေနေသတ္တ၀ါများနှင့် ပတ်သက်သော ရေးဆွဲနည်းစာအုပ်နှစ်အုပ်ကို ထပ်မံထုတ်ဝေလိုက်ပါသည်။ ထိုစာအုပ်နှစ်အုပ်တွင် ကလေးငယ်များ သိရှိမြင်တွေ့ဖူးသည့် တိရစ္ဆာန်ရေးဆွဲနည်းများအပြင် မမြင်ဖူး၊ မသိဖူးသည့် တိရစ္ဆာန်ရုပ်ပုံကလေးများ ရေးဆွဲနည်းကိုပါ အမြောက်အမြား ဖော်ပြထားပါသည်။ တစ်နည်းအားဖြင့် ဂေါရီလာမျောက်ဝံကြီး၊ ကုလားအုတ်၊ ကြံ့သူတော်၊ သင်းခွေချပ်၊ ရေနတ်သမီး (ခ) ငါးခြင်္သေ့၊ ငါး လိပ်ပြာ၊ သရဖူဆောင်းကြယ်ငါး၊ ငါးသလောက်ယောက်ဖ အစရှိသည့် သတ္တ၀ါကလေးများ၏ရုပ်ပုံကို မည်သို့မည်ပုံ ရေးဆွဲရမည့်အကြောင်း တစ်ဆင့်ချင်းလမ်းညွှန်ဖော်ပြထားသည့် ကလေးတို့၏ အဖော်မွန်စာအုပ်တစ်အုပ် ဖြစ်ပါသည်။
Write Review
Your Name:
Your Review: Note: HTML is not translated!
Rating: Bad Good
Your Review: Note: HTML is not translated!
Rating: Bad Good",,,,,,
<urn:uuid:bddb9df6-1128-4dbb-b302-eefefebca270>,"ဝိုင်းမော်မြို့နယ်
အညွှန်းသို့ ခုန်ကူးရန် ရှာဖွေရန် ခုန်ကူးမည်
|ဝိုင်းမော်မြို့နယ်|
|မြို့နယ်|
|ကိုဩဒိနိတ်: ကိုဩဒိနိတ်:|
|နိုင်ငံ||မြန်မာ|
|ပြည်နယ်||ကချင်ပြည်နယ်|
|ခရိုင်||မြစ်ကြီးနားခရိုင်|
|မြို့နယ်ရုံးစိုက်ရာမြို့||ဝိုင်းမော်မြို့|
|လူဦးရေ (၂၀၁၄)||၁၀၆,၃၆၆[၁]|
|အချိန်ဇုန်||မြန်မာစံတော်ချိန် (UTC+6:30)|
ဝိုင်းမော်မြို့နယ် သည် မြန်မာနိုင်ငံ၊ ကချင်ပြည်နယ်၊ မြစ်ကြီးနားခရိုင်ရှိ မြို့နယ်တစ်ခု ဖြစ်သည်။ မြို့နယ်ရုံးစိုက်ရာမြို့မှာ ဝိုင်းမော်မြို့ ဖြစ်သည်။ ၂၇-၇-၁၉၇၂ မှာ မြို့အဖြစ်သတ်မှတ်သည်။ ၂၈-၂-၁၉၇၃ နေ့မှာ မြို့နယ်အဖြစ်သတ်မှတ်သည်။
ကိုးကား[ပြင်ဆင်ရန်]
- (မေ ၂၀၁၅) သန်းခေါင်စာရင်း အစီရင်ခံစာ, ၂၀၁၄ ခုနှစ် လူဦးရေနှင့် အိမ်ထောင်စု သန်းခေါင်စာရင်း အစီရင်ခံစာ အတွဲ-၂. နေပြည်တော်: လူဝင်မှုကြီးကြပ်ရေးနှင့် ပြည်သူ့အင်အား ဝန်ကြီးဌာန, ၄၉။
|ဤ ကချင်ပြည်နယ် ပထဝီဝင်တည်နေရာ ဆောင်းပါးမှာ ဆောင်းပါးတို တစ်ပုဒ်ဖြစ်သည်။ ဖြည့်စွက်ရေးသားခြင်းဖြင့် မြန်မာဝီကီပီးဒီးယားကို ကူညီပါ။|",,,,,,
<urn:uuid:315cb34e-d0aa-4b7f-8a2f-f79e984f9ed0>,"part of pack
ဂျင်ဂျစ်ခန်
အနှစ်ချုပ်
အကွဲကွဲဖြစ်နေသည့် လူမျိုးစုတွေကိုစုစည်းပြီး သူမတူသည့်ခေါင်းဆောင်မှုဖြင့် ကမ္ဘာ့အကြီးမားဆုံး စစ်အင်ပါယာကြီးကို
တည်ထောင်ခဲ့ပေသည်။တိုက်ခဲ့သမျှတိုက်ပွဲတိုင်းတွင် တစ်ပွဲဲမှရှံးနိမ့်ခြင်းမရှိခဲ့ပေ။သူတည်ထောင်ခဲ့သော အင်ပါယာမှာ
ကမ္ဘာ့ကုန်းမြေ၏ 16.11ရာခိုင်နှုန်းခန့်ကျယ်ဝန်းခဲ့ပေသည်။ထိုသူမှာ ကမ္ဘာ့နယ်မြေတစ်ဆက်တည်း အကြီးမားဆုံး
အင်ပါယာကိုတည်ထောင်ခဲ့သူ စစ်ဘုရင်ကြီး ဂျင်ဂျစ်ခန်ဖြစ်ပေသည်။
- စာအုပ်
- အထ္တုပ္ပတိ နှင့် ကိုယ်တိုင်ရေးအတ္ထုပ္ပတ္တိ
- မြန်မာ
ဒေတာပိတ်ထားပြီး စာဖတ်ရန်အတွက် ကျေးဇူးပြု၍ app ကိုဒေါင်းလုဒ်ဆွဲပါ။",,,,,,
<urn:uuid:e59c0d94-5d84-4b33-afbd-591cb09326ac>,"လာအိုနိုင်ငံမှာ မိုးကြီးပြီး ဆည်ကျိုးခဲ့တာကြောင့် လူ ၁၉ ဦးထက်မနည်းသေဆုံးခဲ့ရပါတယ်။ အဲဒီ မှာ ရေအားလျှပ်စစ်ထုတ်ဖို့ ဆည်တည်ဆောက်ရေးမှာ ပါဝင်ဆောင်ရွက်နေတဲ့ တောင်ကိုးရီးယား ဆောက်လုပ်ရေး ကုမ္ပဏီကလည်း ပျက်စီးသွားတဲ့ နေရာကို ပြန်လည် ပြုပြင်ဖို့ကြိုးစားပေမယ့် မအောင်မြင်ခဲ့တဲ့ အကြောင်းပြောပါတယ်။
အာဏာပိုင်တွေကို အသိပေးခဲ့လို့ အဲဒီအက်တက်ပို ပြည်နယ်ထဲက ရေဆင်းလာနိုင်တဲ့ ဒေသတွေမှာ လူတွေကို ဘေးလွတ်ရာကို ရွှေ့ပေးနိုင်ခဲ့ကြောင်းပြောပါတယ်။ ဒါပေမယ့် တော်တော်များများ အတွက် ဘေးလွတ်ရာကို ရှောင်ဖို့ အချိန်က သိပ်နည်း သွားခဲ့တယ်လို့ဆိုပါတယ်။ ကိုထက်အောင်က ပြောပြမှာပါ။",,,,,,
<urn:uuid:465a7a1f-1b62-4b4a-9401-4b0da8d78a34>,"လစ်လပ် ၁၃ နေရာအတွက် ကိုယ်စားလှယ်လောင်း ၆၉ ဦးပြိုင်မည်
လာမည့် နိုဝင်ဘာ ၃ ရက်နေ့ ကျင်းပမည့် ကြားဖြတ်ရွေးကောက်ပွဲတွင် လစ်လပ်မဲဆန္ဒနယ် ၁၃ နေရာအတွက် ကိုယ်စားလှယ်လောင်း ၅၉ ဦးဝင်ရောက်ယှဉ်ပြိုင်မည်ဖြစ်ကြောင်း ပြည်ထောင်စုရွေးကောက်ပွဲကော်မရှင်က ထုတ်ပြန်ကြေညာသည်။
ကိုယ်စားလှယ်လောင်းများအနက် အမျိုးသားဒီမိုကရေစီအဖွဲ့ချုပ်(NLD) ပါတီမှ ၁၃ ဦး၊ ပြည်ထောင်စုကြံ့ခိုင်ရေးနှင့် ဖွံ့ဖြိုးရေးပါတီ (USDP) က ၁၀ ဦးတို့ဖြင့် အများဆုံးပါဝင် ယှဉ်ပြိုင်ကြမည်ဖြစ်သည်။
တသီးပုဂ္ဂလ ကိုယ်စားလှယ်လောင်းများ အနေဖြင့်လည်း ၆ ဦးရှိသည့်အနက် နိုင်ငံတော်ပုန်ကန်မှုဖြင့် တရားစွဲဆိုခံနေရသည့် ပြည်သူ့လွှတ်တော် ကိုယ်စားလှယ် ဒေါက်တာအေးမောင်၏ သားဖြစ်သူ ဦးတင်မောင်ဝင်းလည်း အပါအဝင်ဖြစ်သည်။
ပြည်ထောင်စု ရွေးကောက်ပွဲကော်မရှင် အဖွဲ့ဝင် ဦးမြင့်နိုင်က“ ကိုယ်စားလှယ်လောင်းတင်တဲ့သူတွေအကုန် အတည်ဖြစ်ပါတယ်၊ စိစစ်ပြီးတယောက်မှ ပယ်ချခံရတာမရှိပါဘူး” ဟုပြောသည်။
ပြည်သူ့လွှတ်တော် လစ်လပ်နေရာများဖြစ်သည့် ကန်ပက်လက်မြို့နယ်တွင် ၄ ဦး၊ လဲချာမြို့နယ်တွင် ၃ ဦး၊ တာမွေမြို့နယ်တွင် ၈ ဦးနှင့်မြင်းခြံမြို့နယ်တွင် ၄ ဦးယှဉ်ပြိုင်မည်ဖြစ်ပြီး အမျိုးသားလွှတ်တော် လစ်လပ်တနေရာဖြစ်သည့် ကချင်ပြည်နယ်၊ အမှတ် ၂ မဲဆန္ဒနယ် (မြစ်ကြီးနား) တွင်ကိုယ်စားလှယ်လောင်း ၆ ဦးယှဉ်ပြိုင်မည်ဖြစ်သည်။
တိုင်းဒေသကြီးနှင့် ပြည်နယ်လွှတ်တော်များမှ လစ်လပ်နေသည့်အုတ်တွင်းမြိုနယ် မဲဆန္ဒနယ် အမှတ် ၁တွင် ၈ ဦး၊ သပိတ်ကျင်း မြို့နယ် မဲဆန္ဒနယ် အမှတ် ၁ တွင် ၇ ဦး ၊ မတူပီမြို့နယ် မဲဆန္ဒနယ် အမှတ် ၁ တွင် ၂ ဦး၊ တမူးမြို့နယ် မဲဆန္ဒနယ် အမှတ် ၂ တွင် ၄ ဦး ၊ ရသေ့တောင်မြို့နယ် မဲဆန္ဒနယ် အမှတ် ၂ တွင် ၄ ဦး၊ မင်းဘူးမြို့နယ်မဲဆန္ဒနယ် အမှတ် ၂တွင် ၅ ဦး၊ ဆိပ်ကမ်း မြို့နယ် မဲဆန္ဒနယ် အမှတ် ၂ တွင် ၉ ဦးတို့ ယှဉ်ပြိုင်မည်ဖြစ်သည်။
မန္တလေးတိုင်းဒေသကြီးလွှတ်တော်တွင် လစ်လပ်လျှက်ရှိသည့် ရှမ်းတိုင်းရင်းသားရေးရာ ဝန်ကြီးတနေရာအတွက်မူ ကိုယ်စားလှယ်လောင်း ၅ ဦးကယှဉ်ပြိုင်မည်ဖြစ်သည်။
ကိုယ်စားလှယ်လောင်းများအနေဖြင့် မဲဆွယ်စည်းရုံးရေး လုပ်ငန်းများအား စက်တင်ဘာ ပထမပတ်မှ စတင်၍ လုပ်ဆောင်နိုင်မည်ဖြစ်ကြောင်းလည်းသိရသည်။
လစ်လပ် ၁၃ နေရာအတွက် မဲဆန္ဒရှင် စာရင်းများအား ၂၀၁၅ ခုနှစ် အထွေထွေရွေးကောက်ပွဲမှ စာရင်းများအပေါ် အခြေခံကာ ထုတ်ပြန်ထားပြီး အတိုးအလျော့ အနည်းငယ်ရှိမည်ဖြစ်ကြောင်းကော်မရှင်ထံက သိရသည်။
ဆက္စပ္ဖတ္ရႈရန္ – NLD ကိုစမ်းသပ်မယ့် ၂၀၁၈ ကြားဖြတ် ရွေးကောက်ပွဲ",,,,,,
<urn:uuid:f7c4413d-6884-457c-9695-152e7f889c6f>,"ပရိသတ်အချစ်တော် မေလသံစဉ်လေးကတော့ မြန်မာသံတေးသီချင်းလေးတွေ သီဆိုရင်း ပရိသတ်ရင်ထဲရောက်လာခဲ့တဲ့ အနုပညာရှင်တစ်ယောက်ဖြစ်ပြီး ဆိုကရေးတီး ပြိုင်ပွဲတွေမှာလည်း ဆုတွေအများကြီး ဆွတ်ခူးခဲ့တဲ့ ပါရမီရှင်လေး ပဲဖြစ်ပါတယ် ။ ငယ်ငယ် ရွယ်ရွယ်နဲ့ အနုပညာမှာ ထူးချွန်ပြီး အားပေးတဲ့ ပရိသတ်အခိုင်အမာလည်း ရရှိထားတဲ့ သူဆိုလည်းမမှားပါဘူးနော် ။
မကြာမကြာဆိုသလို သူမသီဆိုထားတဲ့ Cover Song လေးတွေကို ပရိသတ်တွေကိုမျှဝေပေးလေ့ရှိပြီး ပရိသတ်တွေကတော့ သူမရဲ့ Cover song လေးတွေကို အရမ်းကိုအားပေးခဲ့ကြတာပါ ။ လတ်တလောမှာတော့ သူမရဲ့ သီချင်းတွေကိုစောင့်မျှော်အားပေးနေကြတဲ့ ပရိသတ်တွေအတွက် သတင်းကောင်းလေးတစ်ခု ပါးလိုက်ပါပြီနော် ။ ရှေ့လထဲမှာ Music Video လေးတွေနဲ့အတူ သူမရဲ့ မေလသံစဉ် ပြန်လည်ဆန်းသစ် နှောင်းတစ်ခေတ် ဆိုတဲ့ သီချင်း Album လေးကို နားဆင်လို့ရတော့မှာဖြစ်ကြောင်း လူမှုကွန်ရက်စာမျက်နှာထက်ကနေ အသိပေးလာခဲ့တာပဲဖြစ်ပါတယ် ။
ဒီသီချင်းအယ်လ်ဘမ်ထဲမှာ ဖြိုးပြည့်စုံ ၊ ဇွဲပြည့် ၊ အုပ်စိုးခန့် နဲ့ နေမင်းအိမ်တို့က ပါဝင်သီဆိုထားကြတယ်လို့သိရပါတယ် ။ သူမရဲ့ ပရိသတ်တွေကတော့ အရမ်းကိုနားထောင်ချင်နေပြီဖြစ်ကြောင်းနဲ့ ထွက်မယ့်နေ့ကိုမျှော်နေမယ်ဆိုတဲ့ အားပေးဝန်းရံတဲ့ မှတ်ချက်လေးတွေရေးသားထားကြတာတွေ့ရပါတယ် ။
Source : May La Than Zin
Emily (Cele Gabar)",,,,,,
<urn:uuid:360c71d1-a612-45e2-8340-ddd8ec6be84a>,"ရှမ်းပြည်နယ်မှာ တိုက်ပွဲတွေဖြစ်
SSA တောင်ပိုင်းလို့ ခေါ်တဲ့ ရှမ်းပြည် ပြန်လည် ထူထောင်ရေး ကောင်စီ RCSS/SSA နဲ့ အစိုးရ စစ်တပ်တို့ ကြားမှာ အခု မေလ ဆန်းပိုင်းက တိုက်ပွဲ တချို့ ဖြစ်ခဲ့ပါတယ်။
အစိုးရနဲ့ RCSS/SSA ကြားမှာ အပစ်ရပ်ရေး သဘော တူညီချက်တွေ ရပြီးမှ အခုလို တိုက်ပွဲတွေ ဖြစ်လာ တာဟာ နှစ်ဘက် သဘော တူညီ ခဲ့ကြတဲ့ အတိုင်း အစိုးရ စစ်တပ် ဘက်က လိုက်နာခြင်း မရှိလို့ ဖြစ်ရတာ လို့ RCSS/SSA ရဲ့ ပြောခွင့်ရ ပုဂ္ဂိုလ် ဗိုလ်မှူး စိုင်းလောင်စိုင်းက ပြောပါတယ်။
သွားလာ လှုပ်ရှားမှု တွေကို နှစ်ဘက် ကြိုတင် ညှိနှိုင်းပြီးမှ လုပ်ကြဖို့ သဘောတူ ထားခဲ့ ပေမဲ့ မေလ ၁ ရက်နေ့က RCSS/ SSA တပ်တွေ ရှိရာ မိုးနဲ မြို့နယ် အတွင်းက တောထဲကို ကြိုတင် အကြောင်း မကြားဘဲ အစိုးရ စစ်ကြောင်း ဝင်လာတဲ့ အတွက် ရင်ဆိုင် တိုက်ပွဲတွေ ဖြစ်ခဲ့ တယ်လို့ RCSS/SSA ရဲ့ ပြောခွင့်ရ ပုဂ္ဂိုလ် ဗိုလ်မှူး စိုင်းလောင်စိုင်းက ပြောပါတယ်။
တခါ ရှမ်းပြည် မြောက်ပိုင်း မူဆယ် နမ့်ခမ်း ဘက်မှာ ပျောက်သွားတဲ့ စစ် ထောက်လှမ်းရေး လေးယောက်ကို ရှမ်းပြည် တပ်မတော် တောင်ပိုင်း ဘက်က ဖမ်းဆီး ထားတယ်လို့ စွပ်စွဲပြီး မေလ ၅ ရက်နေ့ က နမ့်ခမ်း မြို့နယ် အတွင်းက တုံခါး ကျေးရွာ တပ် စခန်းကို ဖယ်ရှား ခိုင်းခဲ့ ပြီးတဲ့နောက် စီးနင်း ရှာဖွေပြီး မီးရှို့ ဖျက်ဆီး ခဲ့တယ်လို့ လည်း ဗိုလ်မှူး စိုင်းလောင်စိုင်းက ဘီဘီစီကို ပြောပါတယ်။
ဒါကြောင့် ရှမ်းပြည်နယ် အတွင်းမှာ စစ်ရေး တင်းမာမှုတွေ ရှိနေတယ်လို့ လည်း သူက ဆိုပါတယ်။
အပစ်ရပ် သဘော တူညီမှု ရခဲ့ပြီး တဲ့ တစ်နှစ်ကြာ ကာလ အတွင်း နှစ်ဘက် တိုက်ပွဲပေါင်း အကြိမ် ၅၀ လောက် ဖြစ်ခဲ့တယ်လို့ ဗိုလ်မှူး စိုင်းလောင်စိုင်းက ပြောပါတယ်။
လက်ရှိ အနေ အထား အရ ငြိမ်းချမ်းရေး ပန်းတိုင်ကို ရောက်ဖို့ရာ အခက် အခဲတွေ ရှိနေတယ်လို့ RCSS/ SSA ပြောခွင့်ရ ပုဂ္ဂိုလ်က ပြော ပါတယ်။",,,,,,
<urn:uuid:d47701e3-a782-44c1-9715-1545adfda408>,"တရုတ် ထိုးဖောက်မှု
စီးပွားရေးစစ်ရေး အင်အားကြီးနိုင်ငံ ဖြစ်လာတဲ့ တရုတ်နိုင်ငံဟာ တစ်ချိန်တည်းမှာပဲ သူ့ရဲ့ နိုင်ငံနယ်နိမိတ်ကို ကျော်လွန်ပြီး လက်တံတွေ တိုးချဲ့လာပါတယ်။ တရုတ်ရဲ့သြဇာလွှမ်းမိုးမှုဟာ အိမ်နီးချင်းနိုင်ငံတွေရဲ့ အစိုးရတွေ မူဝါဒ ပုံဖော်ရာမှာရော၊ အဲဒီနိုင်ငံတွေက သာမန်ပြည်သူတွေရဲ့ လူနေမှုဘဝတွေအထိပါ ထိုးဖောက် ရောက်ရှိလာနေပါတယ်။ ဖွံ့ဖြိုးတိုးတက်ပြီး အချင်းချင်း ပိုမိုချိတ်ဆက်နိုင်မယ့် အာရှဒေသ ဖော်ဆောင်သွားမယ်ဆိုတဲ့ တရုတ်ရဲ့ ကမ်းလှမ်းချက်နဲ့အတူ တရုတ်သြဇာ လွှမ်းမိုးလာမယ့် ဘေးအန္တရာယ်ကိုပါ တပါတည်း ခေါ်လာတာပါ။ အာရှဒေသပြောင်းလဲဖို့ တရုတ်နိုင်ငံက ဘယ်လိုလုပ်ဆောင်နေသလဲ ဆိုတာနဲ့ ပတ်သက်ပြီး လွတ်လပ်တဲ့အာရှအသံ RFA ရဲ့ နောက်ဆုံးရ သတင်းပေးပို့ချက်တွေကို စုစည်းတင်ပြထားပါတယ်။",,,,,,
<urn:uuid:3c4fc40e-7b6f-4137-87c2-955c05791689>,"23-Jul-2018
ဘားအံ ၊ ဇူလိုင် ၂၃
ကရင်ပြည်နယ်တွင် မိုးဆက်တိုက် ရွာသွန်းမှုကြောင့် ဘားအံ၊ လှိုင်းဘွဲ့၊ ကော့ကရိတ်၊ မြဝတီမြို့ အပါအဝင် မြို့အနှံ့ ၌ ဇူလိုင်လ ၂၃ရက်တွင် ရေကြီးနစ်မြုပ်နေပြီး လူ ၇၀၀၀ ကျော် ရေဘေးစခန်းများ၌ ခိုလှုံနေထိုင်လျက်ရှိကြောင်း ကရင်ပြည်နယ် ကယ်ဆယ်ရေးနှင့် ပြန်လည် နေရာချထားရေး ဦးစီးဌာနထံမှ သိရသည်။
ဘားအံမြို့တွင် ဇူလိုင်လ ၂၂ ရက် ညပိုင်းမှစ၍ သံလွင်မြစ်ရေ မြင့်တက်လာပြီး ရပ်ကွက် ၃ ခုတွင် ရေဝင်နစ်မြုပ်ခဲ့ရာ ဇူလိုင်လ ၂၃ ရက်က လူဦးရေ ၄၄၀၀ ကျော်ကို ကယ်ဆယ်ရေးစခန်း ၈ ခုတွင် ပြောင်းရွှေ့နေရာချထားရကြောင်း ကရင်ပြည်နယ် ကယ်ဆယ်ရေးနှင့် ပြန်လည် နေရာချထားရေးဦးစီးဌာန ညွှန်ကြားရေးမှူး ဦးလင်းထွဋ်က ပြောကြားသည်။
“မနေ့ညနေက ခြေမျက်စိလောက်ပဲရှိတယ်၊ အခု လူတစ်ရပ်နီးနီးရှိပြီး ဆက်ပြီးလည်း ရေတက်လာဖို့ရှိနိုင်လို့ ရေဘေးစခန်းကို ပြောင်းလာတယ်၊ မနေရဲတော့ဘူး ညကြီးမင်းကြီးကျမှ
အခြေအနေက ရေထပ်တိုးလာရင် ပြောင်းရရွှေ့ရ အဆင်မပြေဘူး”ဟု ဘားအံမြို့နယ် အမှတ် (၂) ရပ်ကွက်၊ သီတာလမ်းနေ ဦးဘိုလန်းက ပြောကြားသည်။
အလားတူ လှိုင်းဘွဲမြို့နယ်ရှိ ရပ်ကွက် ၃ ခုမှ ရေဘေးသင့်သူ ၁၂၂၅ ဦးကို ကယ်ဆယ်ရေးစခန်း ၁၂ ခုတွင်လည်းကောင်း၊ ကော့ကရိတ်မြို့နယ် ရပ်ကွက် ၁ ခုမှ ရေဘေးသင့်သူ ၁၂၄ ဦးကို ရေဘေးကယ်ဆယ်ရေးစခန်း ၁ ခုတွင်လည်းကောင်း၊ မြဝတီမြို့ ရပ်ကွက် ၃ ခုမှ ရေဘေးသင့်သူ ၁၂၀၀ ကျော်ကို ကယ်ဆယ်ရေးစခန်း ၅ ခုတွင်လည်းကောင်း နေရာချထားပေးထားကြောင်း ၎င်းထံမှ သိရသည်။
မြဝတီမြို့တွင် ဇူလိုင်လ ၂၁ ရက်မှစ၍ သောင်ရင်းမြစ်ရေ မြင့်တက်လာ၍ စိုးရိမ်ရေအမှတ် ကျော်လွန်လာကာ အနိမ့်ပိုင်းရပ်ကွက်များတွင် ရေများဝင်ရောက်သဖြင့် ဒေသခံများကို ရေကင်းလွတ်ရာသို့ ရွှေ့ပြောင်းပေးထားပြီး လတ်တလောတွင် ရေကျဆင်းမှုရှိနေသည်ဟု မြဝတီ မြို့နယ်အုပ်ချုပ်ရေးမှူး ဦးဖြိုးကိုကိုဇော်က ပြောကြားသည်။
“အရင်ဆုံး လှိုင်းဘွဲနဲ့ မြဝတီမှ ရေစကြီးပြီး ရေဘေးစခန်းတွေ ဖွင့်ရတာ၊ ဒီနေ့ မနက်ကစလို့ ဘားအံမှာ ရေဘေးစခန်းတွေဖွင့်ပြီး ရေးဘေးဒုက္ခသည်တွေကို လက်ခံတာ အခုဆိုရင် စခန်း (၈) ခုရှိသွားပြီ၊ ဆက်ပြီး ရေကြီးလာနိုင်တဲ့ အခြေအနေတွေအတွက် အဆင်သင့်ဖြစ်အောင် ဆောင်ရွက်နေပါတယ်”ဟု ကရင်ပြည်နယ် ကယ်ဆယ်ရေးနှင့် ပြန်လည် နေရာချထားရေး ဦးစီးဌာန ညွှန်ကြားရေးမှူး ဦးလင်းထွဋ်က ပြောသည်။
ကယ်ဆယ်ရေးစခန်းသို့ ရောက်ရှိလာသူများကို ဆန်ရိက္ခာအတွက် ကျပ် ၂၁၀၀ ကျပ်နှင့် နေအိမ်ပျက်စီးမှုများကို အမျိုးအစားအလိုက် ထောက်ပံ့ရန် လုပ်ဆောင်နေကြောင်း ၎င်းထံမှ သိရသည်။
R-17
-
15-Sep-2019
-
15-Sep-2019
-
15-Sep-2019
-
15-Sep-2019
-
15-Sep-2019
-
15-Sep-2019
-
12-Sep-2019
-
04-Sep-2019
-
08-Sep-2019
-
09-Sep-2019
-
03-Sep-2019
-
10-Sep-2019",,,,,,
<urn:uuid:1ce468c4-3e73-463a-92d7-dab1b4de7d16>,"၁၉/၀၆/၂၀၂၁ (စနေ နေ့) မအလ နှင့် စကစ စစ်အာဏာသိမ်းတာကို ရှုတ်ချကြောင်းနှ င့်မြန်မာကို လက်နက်တင် သွင်းမှု ပိတ်ပင်ကြရန်ထောက် ခံကြောင်းဆုံးဖြတ်ချက် ကို ၁၈/၀၆ မနေ့က ကမ္ဘာ့ကုလသမဂ္ဂ အထွေထွေ ညီလာခံ ကထောက်ခံမဲ […]
မြန်မာလက်ရွေးစင်ဘောလုံးသမားများရဲ့ မျက်နှာဟာမသာမယာနဲ့ လေဆိပ်ထဲကို တစ်လှမ်းချင်းဝင်လာကြပါတယ် ပြန်ရတော့မယ်လေ မတည်ငြိမ် မအေးချမ်းသေးတဲ့ အမိနိုင်ငံမြန်မာပြည်။ ဖြစ်နိုင်ရင် မပြန်ချင်ကြဘူးကွယ် ပြန်ချင်ကြတဲ့သူရှိလှ ၁၀ ယောက်လောက်ပါပဲ။ ဒါပေမဲ့လည်းကျန်ရှိခဲ့တဲ့မိသားစုတွေကို ပူပန်ရတော့ အားမာန်မွေးလို့ ပြန်ရတော့မယ်။ လေဆိပ်အထဲမှာ စောင့်ကြိုနေတာကတော့ ပြည်တွင်းပြည်ပ […]
မြန်မာလက်ရွေးစင်ဘောလုံးသမားများရဲ့ မျက်နှာဟာမသာမယာနဲ့ လေဆိပ်ထဲကို တစ်လှမ်းချင်းဝင်လာကြပါတယ် ပြန်ရတော့မယ်လေ မတည်ငြိမ် မအေးချမ်းသေးတဲ့ အမိနိုင်ငံမြန်မာပြည်။ ဖြစ်နိုင်ရင် မပြန်ချင်ကြဘူးကွယ် ပြန်ချင်ကြတဲ့သူရှိလှ ၁၀ ယောက်လောက်ပါပဲ။ ဒါပေမဲ့လည်းကျန်ရှိခဲ့တဲ့မိသားစုတွေကို ပူပန်ရတော့ အားမာန်မွေးလို့ ပြန်ရတော့မယ်။ လေဆိပ်အထဲမှာ စောင့်ကြိုနေတာကတော့ ပြည်တွင်းပြည်ပ […]",,,,,,
<urn:uuid:02322a6b-ddeb-4af7-9900-e3bc008ea342>,"ငါတို့ရဲ့လေးစားမှုကိုရဖို့အတွက်မင်းကိုကြိုဆိုပါတယ်။ ; ""> > >>> >> Shrere Varudi Papermill စက်ရုံ span> span> ကိုထုတ်လုပ်ဖို့အဆင်သင့်ဖြစ်နေပြီ။ ကျွန်ုပ်တို့သည်ကွဲပြားခြားနားသောအရည်အသွေးများနှင့်အရွယ်အစားများ၌ နိမ့်ကျသော GRSM KRAFRAFT SIFRE strong> ထုတ်လုပ်ရန်နှင့်စျေးကွက်စီးပွားရေးကို 0 ယ်လိုသောဖောက်သည်များလိုလိုသည်။ p>
Layman ရဲ့စည်းကမ်းချက်များတွင် GSM ကိုမက်ထရစ်တစ်ခုအဖြစ်ဖော်ပြထားသည်။ ကျွန်ုပ်တို့တွင် နိမ့်ကျသော GSM KRAFT ၏စက္ကူဘုတ်အဖွဲ့ strong> လည်းရှိသည်။ ကျွန်ုပ်တို့၏နိမ့်ဂျီအက်စ်အမ် Kraft စက္ကူသည် 50 မှ 100 ဂျီအက်စ်အေများအထိရှိသည်။ ယခုသင်ရွေးချယ်မှုနှင့်လိုအပ်ချက်ပေါ် မူတည်. သင်မည်သည့်အထုပ်ကိုသင်ကြိုက်နှစ်သက်သည့်နေရာတွင်သင်ရွေးချယ်နိုင်သည်။ p>
အငယ်ဆုံးဂျီအက်စ်အမ်ရေတွက်ခြင်းဖြင့်သင်ကပိုပါးသောစာရွက်စာတမ်းများကိုရရှိမည်ဖြစ်သည်။ ထို့နောက်ကျွန်ုပ်တို့၏ အနိမ့် gsm kraft စက္ကူစာရွက်စက္ကူစာရွက်များ strong> သည် BF တန်ဖိုးနှင့်ပါ 0 င်သည်။ ၎င်းသည်စက္ကူ၏အင်အားနှင့်အရည်အသွေးနှင့်ကိုက်ညီသည်။ ကျွန်ုပ်တို့ကိုကျန်တဲ့နေရာမှခွဲခြားသတ်မှတ်ထားတဲ့အရာတစ်ခုကတော့ငါတို့ဟာကမ္ဘာ့အဆင့်မီထုတ်ကုန်တွေကိုဖန်တီးဖို့ GSM နဲ့ BF အကြားလက်ကျန်ငွေကိုစုံလင်တယ်။ p>
အကောင်းဆုံးအပိုင်းမှာကျွန်ုပ်တို့၏အခြားပြိုင်ဘက်များနှင့်မတူဘဲကျွန်ုပ်တို့သည်ပတ်ဝန်းကျင်ကိုစဉ်းစားနေခြင်းဖြစ်သည်။ ဒါကြောင့်ကျွန်တော်တို့ဟာ 100% ပြန်လည်အသုံးပြုနိုင်အောင်ကြိုးစားပြီး Low GSM KRAFT STURAFT စက္ကူလိပ် strong> ထွက်ရှိ strong> p>
Multiple Industries တွင်ကျွန်ုပ်တို့၏မြင့်မားသော BF kairaft စာတမ်းများအသုံးပြုခြင်းကိုသင်တွေ့နိုင်သည်။ Electronics သို့ Electronics သို့ပညာရေးကဏ္ sector တွင်ရှိမရှိ, လက်လီကဏ္ to မှအစားအစာများကိုကျွန်ုပ်တို့အကိုင်းအခက်များစွာကိုဖုံးလွှမ်းထားသည်။ p>
GSM: strong> h3>
Think> Thin Papers အကြောင်းပိုမို strong> h3>
Layman ရဲ့စည်းကမ်းချက်များတွင် GSM ကိုမက်ထရစ်တစ်ခုအဖြစ်ဖော်ပြထားသည်။ ကျွန်ုပ်တို့တွင် နိမ့်ကျသော GSM KRAFT ၏စက္ကူဘုတ်အဖွဲ့ strong> လည်းရှိသည်။ ကျွန်ုပ်တို့၏နိမ့်ဂျီအက်စ်အမ် Kraft စက္ကူသည် 50 မှ 100 ဂျီအက်စ်အေများအထိရှိသည်။ ယခုသင်ရွေးချယ်မှုနှင့်လိုအပ်ချက်ပေါ် မူတည်. သင်မည်သည့်အထုပ်ကိုသင်ကြိုက်နှစ်သက်သည့်နေရာတွင်သင်ရွေးချယ်နိုင်သည်။ p>
အငယ်ဆုံးဂျီအက်စ်အမ်ရေတွက်ခြင်းဖြင့်သင်ကပိုပါးသောစာရွက်စာတမ်းများကိုရရှိမည်ဖြစ်သည်။ ထို့နောက်ကျွန်ုပ်တို့၏ အနိမ့် gsm kraft စက္ကူစာရွက်စက္ကူစာရွက်များ strong> သည် BF တန်ဖိုးနှင့်ပါ 0 င်သည်။ ၎င်းသည်စက္ကူ၏အင်အားနှင့်အရည်အသွေးနှင့်ကိုက်ညီသည်။ ကျွန်ုပ်တို့ကိုကျန်တဲ့နေရာမှခွဲခြားသတ်မှတ်ထားတဲ့အရာတစ်ခုကတော့ငါတို့ဟာကမ္ဘာ့အဆင့်မီထုတ်ကုန်တွေကိုဖန်တီးဖို့ GSM နဲ့ BF အကြားလက်ကျန်ငွေကိုစုံလင်တယ်။ p>
အကောင်းဆုံးအပိုင်းမှာကျွန်ုပ်တို့၏အခြားပြိုင်ဘက်များနှင့်မတူဘဲကျွန်ုပ်တို့သည်ပတ်ဝန်းကျင်ကိုစဉ်းစားနေခြင်းဖြစ်သည်။ ဒါကြောင့်ကျွန်တော်တို့ဟာ 100% ပြန်လည်အသုံးပြုနိုင်အောင်ကြိုးစားပြီး Low GSM KRAFT STURAFT စက္ကူလိပ် strong> ထွက်ရှိ strong> p>
Multiple Industries တွင်ကျွန်ုပ်တို့၏မြင့်မားသော BF kairaft စာတမ်းများအသုံးပြုခြင်းကိုသင်တွေ့နိုင်သည်။ Electronics သို့ Electronics သို့ပညာရေးကဏ္ sector တွင်ရှိမရှိ, လက်လီကဏ္ to မှအစားအစာများကိုကျွန်ုပ်တို့အကိုင်းအခက်များစွာကိုဖုံးလွှမ်းထားသည်။ p>
အငယ်ဆုံးဂျီအက်စ်အမ်ရေတွက်ခြင်းဖြင့်သင်ကပိုပါးသောစာရွက်စာတမ်းများကိုရရှိမည်ဖြစ်သည်။ ထို့နောက်ကျွန်ုပ်တို့၏ အနိမ့် gsm kraft စက္ကူစာရွက်စက္ကူစာရွက်များ strong> သည် BF တန်ဖိုးနှင့်ပါ 0 င်သည်။ ၎င်းသည်စက္ကူ၏အင်အားနှင့်အရည်အသွေးနှင့်ကိုက်ညီသည်။ ကျွန်ုပ်တို့ကိုကျန်တဲ့နေရာမှခွဲခြားသတ်မှတ်ထားတဲ့အရာတစ်ခုကတော့ငါတို့ဟာကမ္ဘာ့အဆင့်မီထုတ်ကုန်တွေကိုဖန်တီးဖို့ GSM နဲ့ BF အကြားလက်ကျန်ငွေကိုစုံလင်တယ်။ p>
အကောင်းဆုံးအပိုင်းမှာကျွန်ုပ်တို့၏အခြားပြိုင်ဘက်များနှင့်မတူဘဲကျွန်ုပ်တို့သည်ပတ်ဝန်းကျင်ကိုစဉ်းစားနေခြင်းဖြစ်သည်။ ဒါကြောင့်ကျွန်တော်တို့ဟာ 100% ပြန်လည်အသုံးပြုနိုင်အောင်ကြိုးစားပြီး Low GSM KRAFT STURAFT စက္ကူလိပ် strong> ထွက်ရှိ strong> p>
Multiple Industries တွင်ကျွန်ုပ်တို့၏မြင့်မားသော BF kairaft စာတမ်းများအသုံးပြုခြင်းကိုသင်တွေ့နိုင်သည်။ Electronics သို့ Electronics သို့ပညာရေးကဏ္ sector တွင်ရှိမရှိ, လက်လီကဏ္ to မှအစားအစာများကိုကျွန်ုပ်တို့အကိုင်းအခက်များစွာကိုဖုံးလွှမ်းထားသည်။ p>
သေချာအောင်လုပ်ပါ ကျွန်တော်တို့ကိုအီးမေးလ်ပို့ပါ သင်၏မေးမြန်းချက်များနှင့်ကျွန်ုပ်တို့သည်သင်၏ပြ issues နာများကိုဖြေရှင်းရန်အဆင်သင့်ဖြစ်နေသေးသည်.",,,,,,
<urn:uuid:35f37a54-99f7-41df-bed1-3681062e9364>,"စျေးကွက်ရှာဖွေရေးအေဂျင်စီပိုင်ရှင်တစ်ဒါဇင်ကိုသူတို့ဘာတွေလုပ်သလဲ၊ သူတို့ကြီးထွားနေလား၊ မပေး၊ သူတို့ပေးတဲ့ ၀ န်ဆောင်မှုတွေကနေသူတို့ဘယ်လိုအကျိုးရတယ်ဆိုတာကိုမေးရင်တော့မင်းကတစ်ယောက်နှင့်တစ်ယောက်အဖြေတစ်ဒါဇင်စီရလိမ့်မယ်ဆိုတာသေချာပါတယ်။ ကျွန်ုပ်တို့၏ဖောက်သည်များအတွက်ကျွန်ုပ်တို့လုပ်ဆောင်သည်ကိုကျွန်ုပ်တို့အားလုံးသဘောကျသည်မှာသံသယဖြစ်စရာမလိုပါ။ သို့သော်ကျွန်ုပ်တို့အားလုံးသည်ကောင်းမွန်သောလမ်းကိုရှာ။ ထိုလမ်းကို ဦး တည်သည်။
အဆိုပါ 2018 RSW / အမေရိကန်စျေးကွက်ရှာဖွေရေးအေဂျင်စီနှစ်သစ်ကူးအလားအလာ Infographic ကျွန်ုပ်တို့၏နောက်ဆုံးစစ်တမ်းကို အခြေခံ၍ စက်မှုလုပ်ငန်းကဏ္ two နှစ်ခုကို ဦး တည်ထားသည်။ ပထမအချက်မှာစျေးကွက်သမားများနှင့်အေဂျင်စီများသည်အဓိကရိပ်မိသည့်စိန်ခေါ်မှု၊ အသုံးစရိတ်တိုးမြှင့်ခြင်းနှင့်ရင်းနှီးမြှုပ်နှံမှုမျှော်လင့်ချက်များနှင့်စပ်လျဉ်း။ အံ့သြစရာကောင်းလောက်အောင်နီးကပ်စွာချိတ်ဆက်ထားပုံကိုပြသည်။ သင်၏အေဂျင်စီသည်သတိပြုရန်လိုအပ်သည့်အဓိကလမ်းကြောင်းအချို့။
ဘာကြောင့်အေဂျင်စီတစ်ခုငှားမှာလဲ။
အေဂျင်စီများသည်ကုမ္ပဏီများနှင့်လိုက်လျောညီထွေမဖြစ်နိုင်သည့်အတိုင်းအတာ၏အားသာချက်များရှိသည်။ အေဂျင်စီတစ်ခုအနေဖြင့်ကျွန်ုပ်သည်ရုံး ၀ န်ထမ်းနိုင်ငံရေး၊ ၀ န်ထမ်းများဖျားနာခြင်း၊ ၀ န်ထမ်းလည်ပတ်မှုသို့မဟုတ်ကုမ္ပဏီများအားနှေးကွေးစေသောအခြားကိစ္စရပ်များနှင့် ပတ်သက်၍ အလွန်အမင်းစိုးရိမ်စရာမလိုပါ။ ဒါကကုမ္ပဏီတွေအတွက်တူးဖော်မယ့်အရာမဟုတ်ပါဘူး။ ပြည်တွင်းအသင်းများနှင့်အရင်းအမြစ်များ၏အားသာချက်များလည်းရှိသည်။
ကုမ္ပဏီတစ်ခုနှင့်ကျွန်ုပ်တို့ရှေ့သို့ချီတက်သောအခါကျွန်ုပ်တို့သည်ရှေ့တွင်အလုပ်များစွာပြုလုပ်ပြီးကျွန်ုပ်တို့၏တန်ဖိုးကိုအချိန်နှင့်အမျှအရှိန်မြှင့်သည်။ ကုမ္ပဏီများအနေဖြင့်၎င်းတို့သည်အခါအားလျော်စွာလိုအပ်သောကျွမ်းကျင်မှုများရှိသည်ကိုတန်ဖိုးထားကြသည်။ ဒါဟာအလွန်ကောင်းတဲ့မိတ်ဖက်ပါ။
ယေဘူယျအားဖြင့် ၀ န်ထမ်းတစ် ဦး မှနှစ် ဦး အတွက်ကုန်ကျစရိတ်အတွက်သင်သည်အဖွဲ့တစ်ခုတွင်အဖွဲ့တစ်ခုလုံးကိုပုံမှန်အားဖြင့်ရနိုင်သည်။ အချိန်ပြည့်မဟုတ်ပါ၊ သို့သော်ဖန်တီးမှုအမျိုးမျိုး၏အချိန်အနည်းငယ်ကိုသာရရှိခြင်းသည်သင်၏စီးပွားရေးလုပ်ငန်းများ၏စွမ်းဆောင်ရည်အပေါ်အကြီးအကျယ်သက်ရောက်နိုင်သည်။
ဒါကြောင့် RSW / US ကနေဒီအချက်အလက်တွေဟာအံ့သြစရာတော့မဟုတ်ပါဘူး။ ကျွန်ုပ်တို့သည်စျေးကွက်သမားများနှင့်နေ့စဉ်လက်ချင်းတွဲအလုပ်လုပ်ကြပြီးသူတို့၏စျေးကွက်ရှာဖွေရေးရင်းနှီးမြှုပ်နှံမှုအပေါ်ကြီးမားသောအကျိုးအမြတ်ရရှိစေရန်သူတို့နှင့်အတူအဆင်သင့်ရှိနေသည်။ ၀ န်ဆောင်မှုခံယူသူများစွာအကြားထိုကုန်ကျစရိတ်များကိုဖြန့်ဝေနိုင်သောကြောင့်ကျွန်ုပ်တို့သည်နည်းပညာတွင်အကြီးအကျယ်ရင်းနှီးမြှုပ်နှံသည်။ ကျွန်ုပ်တို့၏ဖောက်သည်များနှင့်နှိုင်းယှဉ်လျှင်ကျွန်ုပ်တို့လုပ်ကိုင်ရန်အကောင်းဆုံးကိရိယာများနှင့်ပလက်ဖောင်းများမကြာခဏရှိသည် - ထို့ကြောင့်၎င်းတို့ကိုကျွန်ုပ်တို့တိုးချဲ့နိုင်သည်။",,,,,,
<urn:uuid:b8dec55a-9eda-41b7-b71e-7ca034fc4c60>,"မိုးရာသီမှာ ခရီးသွားမယ်ဆိုရင် ဟိုတယ်တွေ၊ လေကြောင်းလိုင်းတွေကို အထူးလျှော့ဈေးတွေနဲ့ ရနိုင်ပါတယ်။ စရိတ်သက်သာတဲ့ ပြည်ပလေကြောင်းလိုင်းတွေထဲမှာမှ အဆင်ပြေဆုံး လေကြောင်းလိုင်းတွေကို ရွေးချယ်ဖော်ပြလိုက်တယ်နော်။ ကမ္ဘာ့လေကြောင်းလိုင်းတွေကို သုံးသပ်အမှတ်ပေးလေ့ရှိတဲ့ Skytrax ဟာ နိုင်ငံပေါင်း ၁၀၅ နိုင်ငံမှလေကြောင်းလိုင်းတွေကို ခရီးသည်ပေါင်း ၁၉.၈၇ သန်းရဲ့ မဲပေးမှုလိုက် အမျိုးအစား ခွဲခြားသတ်မှတ်ကာ နှစ်စဉ်ထုတ်ပြန်လေ့ရှိပါတယ်။ ၂၀၁၇ ခုနှစ်အတွက် စရိတ်နည်းလေကြောင်းလိုင်းတွေထဲက အကောင်းဆုံးလေကြောင်းလိုင်းတွေကိုလည်း ထုတ်ပြန်လိုက်ခဲ့ပါတယ်။
နယူးဒေလီအခြေစိုက် လေကြောင်းလိုင်းဖြစ်ပြီး အာရှရဲ့ စရိတ်နည်းလေကြောင်းလိုင်းတွေထဲမှာ အကောင်းဆုံးဖြစ်ပါတယ်။ Airbus A320 ဂျက်လေယာဉ်ပေါင်း ၁၀၀ ကျော် အပါအဝင် Airbus ဂျက်လေယာဉ်ပေါင်း ၄၀၀ ကျော်နဲ့ ပျံသန်းနေပါတယ်။ စီးနင်းဖူးသူတွေကတော့ IndiGo လေကြောင်းလိုင်းရဲ့ cabin service ကို သဘောကျတယ်လို့ ဆိုကြတယ်။ အာရှအလယ်ပိုင်းနဲ့ အိန္ဒိယရဲ့ စရိတ်နည်းလေကြောင်းလိုင်းတွေထဲမှာ အကောင်းဆုံးအဖြစ် ၈ နှစ်ဆက် မဲပေးခံရတဲ့လေကြောင်းလိုင်းပါ။
Boeing 737 ဂျက်လေယာဉ်ပေါင်း ၇၀၀ ကျော်နဲ့ ပျံသန်းနေတဲ့ Southwest ဟာ ကမ္ဘာ့အကြီးဆုံးလေကြောင်းလိုင်းတွေထဲမှာ တစ်ခုအပါအဝင်ဖြစ်ပါတယ်။ သက်တမ်းကလည်း ဆယ်စုနှစ် ၄ ခု ကျော်လွန်လာပါပြီ။
ဘရာဇီးနိုင်ငံ ဆာပေါလိုအခြေစိုက် လေကြောင်းလိုင်းဖြစ်ပါတယ်။ Airbus ၊ ATR နဲ့ Embraer လေယာဉ်တွေနဲ့ ဘရာဇီးမှာ အဓိကပြေးဆွဲပျံသန်းပါတယ်။ အမေရိကနဲ့ ဥရောပကိုလည်း ခရီးစဉ်တွေရှိပါတယ်။ တောင်အမေရိကရဲ့ အကောင်းဆုံး စရိတ်နည်းလေကြောင်းလိုင်းအဖြစ်လည်း သတ်မှတ်ခံထားရပါတယ်။
မလေးရှားလေကြောင်းလိုင်း AirAsia X ဟာ Airbus A330-300 ဂျက်လေယာဉ်ကြီးတွေနဲ့ အာရှတစ်ခွင်မှာ ပျံသန်းပြေးဆွဲနေပါတယ်။ Cabin တွေကို premium ရော economy အနေနဲ့ပါ စီးနင်းနိုင်ပါတယ်။ Skytrax ကတေ့ AirAsia X ရဲ့ Premium Cabin ကို စရိတ်နည်းလေကြောင်းလိုင်းတွေထဲက အကောင်းဆုံး Premium Cabin အဖြစ် သတ်မှတ်ပေးထားပါတယ်။
သြစတြေးလျနိုင်ငံ မဲလ်ဘုန်းမြို့အခြေစိုက် Jetstar လေကြောင်းလိုင်းဟာ နိုင်ငံပိုင်လေကြောင်းလိုင်း Qantas ကနေ စရိတ်နည်းလေကြောင်းလိုင်းအဖြစ် ထပ်မံခွဲထုတ်ထားတယ်လို့ သိရပါတယ်။ Airbus A320 နဲ့ Boeing 787 Dreamliners လေယာဉ်တွေကို အသုံးပြုကာ ပျံသန်းပြေးဆွဲပါတယ်။ Cabin service ရဲ့ ကွာလတီကို ခရီးသည်တွေက သဘောကျကြပါတယ်။ သြစတြေးလျနဲ့ ပစိဖိတ်ဒေသရဲ့ အကောာင်းဆုံး စရိတ်နည်းလေကြောင်းလိုင်းအဖြစ် ၆ နှစ်ဆက် သတ်မှတ်ခံထားရပါတယ်။
မြောက်အမေရိကရဲ့ အကောင်းဆုံး စရိတ်နည်းလေကြောင်းလိုင်းအဖြစ် သတ်မှတ်မခံရတော့သည့်တိုင်အောင် ဝန်ဆောင်မှုတွေကတော့ ခရီးသည်တွေရဲ့ နှစ်သက်မှုကို ရရှိနေဆဲပါ။ ၂၀၁၆ ခုနှစ်အတွင်းမှာပဲ Virgin America လေကြောင်းလိုင်းဟာ Alaska လေကြောင်းလိုင်းကို ဒေါ်လာ ၂.၆ ဘီလီယံနဲ့ ရောင်းချခံခဲ့ရပါတယ်။ ၂၀၁၉ ခုနှစ်လောက်ဆိုရင်တော့ Virgin America နာမည်က ပျောက်ကွယ်သွားလောက်ပါပြီ။
ကမ္ဘာပေါ်က စရိတ်သက်သာလေကြောင်းလိုင်းတွေထဲမှာ EasyJet က ထိပ်ဆုံးပိုင်းကနေ ဦးဆောင်နေပါတယ်။ Airbus ဂျက်လေယာဉ်ပေါင်း ၂၃၀ ကျော်နဲ့ ဥရောပတစ်ခွင်ကိုဖြတ်သန်းကာ ခရီးစဉ်ပေါင်း ၈၀၀ ကျော် ပျံသန်းနေပါတယ်။ စရိတ်နည်းပြီး ဝန်ဆောင်မှုကောင်းတယ်လို့ ခရီးသည်တွေက ပြောပါတယ်။
နယူးယော့ခ်အခြေစိုက် JetBlue လေကြောင်းလိုင်းဟာ အမေရိကရဲ့ စရိတ်နည်းလေကြောင်းလိုင်းတွေထဲမှာ အဆင့်မြင့်မြင့်နဲ့ ဝန်ဆောင်မှုကောင်းကောင်းပေးတဲ့ လေကြောင်းလိုင်းအဖြစ် ချီးကျူးခံထားရတာပါ။ JetBlue ရဲ့ ပင်ကိုယ်လက္ခဏာလို့ ပြောရမှာတွေကတော့ lighting ၊ ဖော်ရွေတဲ့ဝန်ဆောင်မှု၊ ဂြိုဟ်တုတီဗီကို အခမဲ့ကြည့်နိုင်ခွင့်၊ သွားရေစာမုန့်တွေပါပဲ။
ဥရောပရဲ့ အကောင်းဆုံး စရိတ်သက်သာလေကြောင်းလိုင်းအဖြစ် ငါးနှစ်ဆက်တိုက် သတ်မှတ်ခံထားရပါတယ်။
AirAsia လေကြောင်းလိုင်းဟာ ကမ္ဘာ့အကောင်းဆုံး စရိတ်သက်သာလေကြောင်းလိုင်းအဖြစ် ကိုးကြိမ်မြောက် ရွေးချယ်ခံလိုက်ရပြန်ပါပြီ။ ခရီးသည်တွေအပေါ် ဝန်ဆောင်မှုကောင်းပြီး ဝန်ထမ်းတွေရဲ့ ပျူငှာမှုက အဓိကကောင်းတဲ့အချက်တွေဖြစ်တယ်လို့ Skytrax က ချီးမွမ်းထားပါတယ်။
Source : Businesss Insider",,,,,,
<urn:uuid:1a1e80b8-ba12-4ca6-8d1e-84534b6f0803>,"အရှေ့အလယ်ပိုင်းဒေသ
|Middle East|
|နိုင်ငံများ||၁၈နိုင်ငံမှ ၃၈နိုင်ငံ အထိ (အဓိပ္ပာယ်ဖွင့်ဆိုမှု အပေါ်မူတည်သည်)|
|ဘာသာစကားများ||အရှေ့အလယ်ပိုင်း: အာရပ်၊ အာမေးရစ်၊ အဇာဘိုင်ဂျန်၊ ပြင်သစ်၊ ဂရိ၊ ဂျူး၊ ကာ့ဒ်၊ ပါရှန်း၊ တူရကီ |
အရှေ့အလယ်ပိုင်းဒေသကြီး : အာရပ်၊ အာမေးနီးယန်း၊ အဇာဘိုင်ဂျန်၊ ဘာလိုချီ၊ ဒါရီ၊ ပြင်သစ်၊ ဂရိ၊ ဂျော်ဂျီယာ၊ ဂျူး၊ ကာ့ဒ်၊ ပက်ရှတို၊ ပါရှန်း၊ ဆိုမာလီ၊ တာမာဇိုက်၊ တိုက်ဂရီညာ၊ တူရကီ၊ အူရဒူ
|စံတော်ချိန်ဇုန်များ||UTC +၃:၃၀ (အီရန်) မှ UTC +၂:၀၀ (အီဂျစ်)|
|မြို့ကြီးများ||အစဉ်လိုက်: ကိုင်ရိုမြို့, တီဟီရန်မြို့, ဘဂ္ဂဒက်မြို့, ရီယာ့ဒ်မြို့, ဂျက်ဒါမြို့|
အရှေ့အလယ်ပိုင်းဒေသတွင် အနောက်အာရှနှင့် အာဖရိကမြောက်ဘက်ပိုင်းဒေသတို့ ပါဝင်သည်။ မကြာခဏ ဆိုသလိုပင် အရှေ့ဖျားဒေသ ၏ ဆန့်ကျင်ဘက် အရှေ့နားဒေသ (Near East) ဟု သုံးနှုန်းလေ့ ရှိကြသည်။
အရှေ့အလယ်ပိုင်းဒေသ၏ သမိုင်းကြောင်းမှာ ရှေးခေတ်ကာလများက စတင်ခဲ့ပြီး သမိုင်းကြောင်းတလျှောက်လုံးတွင် အရှေ့အလယ်ပိုင်းဒေသသည် ကမ္ဘာ့အရေးအခင်းများ၏ ဗဟိုဌာန တစ်ခု အဖြစ် ပါဝင်ခဲ့သည်။ သို့သော်လည်း ရှေးခေတ် သမိုင်းကြောင်းကို ဆွေးနွေးသည့် အခါတွင် အရှေ့နားဒေသ ဟူသည့် အသုံးအနှုန်းကို ပိုမိုသုံးစွဲလေ့ ရှိကြသည်။ အရှေ့အလယ်ပိုင်းဒေသသည် အဓိက ဘာသာတရားများ ဖြစ်ကြသော ဂျူးဘာသာ ၊ ခရစ်ယာန်ဘာသာ နှင့်အစ္စလာမ်ဘာသာတို့ ပေါ်ပေါက်ခဲ့ရာ ဒေသဖြစ်သည်။ ယေဘူယျအားဖြင့် အရှေ့အလယ်ပိုင်း ဒေသတွင် မိုးနည်းရေရှားပြီး ပူပြင်းသည့် ရာသီဥတုမျိုး ရှိတတ်ပြီး အချို့သော ဒေသများတွင် မြစ်ကြီးများက စိုက်ပျိုးရေးဖြစ်ထွန်းရန် အတွက် အထောက်အကူပေးလေ့ ရှိကြသည်။ ပါရှန်ပင်လယ်ကွေ့ အနီးတဝိုက်တွင် ရှိသော ဒေသများတွင် ရေနံစိမ်းအများအပြား ရှိတတ်သည်။ ယခုခေတ်ကာလတွင် အရှေ့အလယ်ပိုင်း ဒေသသည် မဟာဗျူဟာ အားဖြင့် လည်းကောင်း၊ စီးပွားရေးအားဖြင့် လည်းကောင်း၊ နိုင်ငံရေးအားဖြင့် လည်းကောင်း၊ ဘာသာရေးအားဖြင့် လည်းကောင်း အရေးပါသော ဒေသအဖြစ် တည်ရှိနေသည်။ အရှေ့အလယ်ပိုင်း ဒေသ၏ စီးပွားရေး ဖွံ့ဖြိုးမှုနှုန်းမှာ ၂၀၁၀ ခုနှစ်တွင် ၄.၁ ရာခိုင်နှုန်းဖြစ်ပြီ: ၂၀၁၁ တွင် ၅.၁ ရာခိုင်နှုန်း ဖြစ်သည်။",,,,,,
<urn:uuid:13832226-452d-454f-baee-ad074fe91a70>,"ပုဂံဘုရားများကို နောက်ခံပြုပြီး သေနတ်ကိုင်ထားတဲ့ ရဲတပ်ဖွဲ့ဝင်အများအပြား လမ်းလျှောက်နေတဲ့ဓာတ်ပုံနဲ့ ညအမှောင်မှာ ဘုရားတစ်ဆူကို ဓာတ်မီးထိုးနေတဲ့ပုံတွေနှင့်အတူ ပုဂံဘုရားတွေက ပစ္စည်းတွေ ဖြုတ်နေဟန် လက်ရှိအဖြစ်အပျက်သဖွယ်ရေးသားထားတဲ့ ဖေ့စ်ဘွတ်ပို့စ်ကို လူရာဂဏန်း ပြန်လည်မျှဝေ လျှက်ရှိပါတယ်။
သို့ပေမဲ့ ဒီဓာတ်ပုံတွေဟာ ၂၀၂၀ ခုနှစ်ထဲမှာ ဧရာဝတီသတင်းဌာနက ဖော်ပြခဲ့တဲ့ ဓာတ်ပုံတွေဖြစ်ပါတယ်။
“ပုဂံဘုရာကိုပုလိပ်ခွေးတွေ့ချီးတတ်လာပြီးဘုရာပစွည်းတွေ့ကုန်ပြီးမအလတွေ့”လို့ေရးသားပြီး “နော် မြသီတာ ဝင်း”အမည်နဲ့ ဖေ့စ်ဘွတ်အသုံးပြုသူကမျှဝေထားရာမှာ ပြန်လည်မျှဝေထားရာမှာ ပြန်လည်မျှဝေသူ ၉၀၀ ကျော်ရှိပါတယ်။
အချက်အလက်စိစစ်ချက်
ဓာတ်ပုံကို Bing မှာပုံရှာနည်းအသုံးပြုရှာဖွေရာမှာ ၂၀၂၀ ခုနှစ်၊ ဇူလိုင်ကတည်းက အင်တာနက်မှာပျံ့နှံ့လျက်ရှိတာ တွေ့ရပါတယ်။
၂၀၂၀ ခုနှစ် ဇူလိုင် ၉ ရက်က ဧရာဝတီသတင်းဌာနရဲ့ အင်္ဂလိပ်ပိုင်းက “ပြီးခဲ့တဲ့လက မြန်မာနိုင်ငံရဲ့ ကမ္ဘာ့အမွေ အနှစ်စာရင်းဝင်တစ်ခုဖြစ်တဲ့ ပုဂံမှာ ံဘုရား သုံး ဒါဇင်နီးပါးမှာ ဌာပနာတွေဖောက်ထွင်းခံရပြီးနောက် လုံခြုံရေးတပ်ဖွဲ့ဝင်တွေဟာ ရှေ့ဟောင်းပုဂံဘုရားတွေအနီးမှာ ပတ္တရောင်လှည့်လည်နေကြခဲ့တယ်”လို့ ရေးသားထားတဲ့ ဓာတ်ပုံပို့စ်တစ်ခုမှာ ဒီပုံတွေကို အောက်ပါအတိုင်းတွေ့ရပါတယ်။
ပုဂံမှာ ဘုရားတွေ ဌာပနာဖောက်ထွင်းခံရတဲ့အကြောင်း မြန်မာတိုင်းမ်သတင်းဌာနက ထိုအချိန်က ရေးသားခဲ့တဲ့ သတင်းကို ဒီနေရာမှာလေ့လာနိုင်ပါတယ်။
သုံးသပ်ချက်
အထက်ပါအချက်အလက်တွေအရ ဓာတ်ပုံတွေဟာ လက်ရှိအဖြစ်အပျက်တစ်ခုမဟုတ်ဘဲ ဖြစ်စဉ်ဟာ ၂၀၂၀ခုနှစ်က ဇူလိုင်လအတွင်း ပုဂံရှေးဟောင်းဘုရားများမှာ ပတ္တရောင်လှည့်စဉ်ကဖြစ်ပါတယ်။
Title:ဒီပုံတွေက ၂၀၂၀ ခုနှစ်က ပုဂံမှာ ရဲအဖွဲ့ ကင်းလှည့်ပုံဖြစ်တယ်Fact Check By: Zun Zee
Result: Missing Context",,,,,,
<urn:uuid:a6719b02-7129-492d-8f90-65a661267066>,"Semalt, SaaS သည်သင်၏စီးပွားရေးလုပ်ငန်းတွင် SEO ကျွမ်းကျင်မှုလိုအပ်သောအကြောင်းပြချက်များကိုအဘယ်ကြောင့်ဖော်ပြသည်
SaaS စတင်တည်ထောင်သူမည်သူမဆိုအဖွဲ့၏အသစ်ဖွဲ့စည်းထားသောကုမ္ပဏီစျေးကွက်ပုံစံကိုနားလည်ပြီးကန ဦး အရောင်းနှင့်အလားအလာရှိသောအရောင်းအ ၀ ယ်များကိုပြုလုပ်သင့်သည်။ ဤအခြေအနေတွင် Semalt ၏ ဖောက်သည်အောင်မြင်သူမန်နေဂျာ Alexander Peresunko ကသင်စီးပွားရေးလုပ်ငန်းကိုနောက်အဆင့်သို့တက်လိုလျှင်အဖွဲ့တွင် SEO ကျွမ်းကျင်သူတစ် ဦး လိုအပ်ကြောင်းအကြောင်းပြချက်ရှစ်ခုရှိသည်ဟုဖော်ပြသည်။
ပထမ ဦး စွာစီးပွားရေးလောကရှိလူတိုင်းသည်စျေးကွက်သမားများဖြစ်သည်။ SaaS ကုမ္ပဏီအများစုသည်အကျိုးတူလုပ်ငန်းတစ်ခုစတင်သောအခါအကြောင်းအရာစျေးကွက်ရှာဖွေရေးနည်းစနစ်များကိုအသုံးပြုကြသည်။ အမှန်မှာ၊ ၎င်းသည်ကောင်းမွန်သောအယူအဆဖြစ်သည်၊ အကြောင်းမှာ၎င်းသည်ကုန်ပစ္စည်းတစ်ခုကိုကြော်ငြာရုံသာမကအမျိုးမျိုးသောအကြောင်းအရာများကိုပါလေ့ကျင့်သင်ကြားပေးသောကြောင့်ဖြစ်သည်။ သို့သော် SaaS ဖွင့်ပွဲများတွင်ထူးခြားသည့်အကြောင်းအရာတစ်ခုကိုဖန်တီးရန်မလွယ်ကူပါ။ အကယ်၍ ကောင်းမွန်စွာအကောင်အထည်ဖော်ပါက SEO သည်ဤကိစ္စနှင့် ပတ်သက်၍ အသုံး ၀ င်နိုင်သည်။
ဒုတိယအချက်မှာထောင်နှင့်ချီသော SaaS ချဲ့ထွင်မှုများရှိသည်။ သုတေသနအရ SaaS ဆော့ဖ်ဝဲသည်စျေးကွက်ရှာဖွေရေးလုပ်ငန်းတွင်တိုးပွားလာသောဝန်ဆောင်မှုတစ်ခုဖြစ်သည်။ Statista ၏အဆိုအရတည်ငြိမ်သောတိုးတက်မှုနှုန်းကိုမျှော်လင့်ထားပြီး ၂၀၁၈ ခုနှစ်တွင်ကမ္ဘာတစ်ဝှမ်း SaaS မှ ၀ င်ငွေသည်ဒေါ်လာ ၃၈ ဘီလီယံအထိမြင့်တက်သွားမည်ဖြစ်သည်။ ဤအချက်ကထုတ်ကုန်များစွာသည် SaaS စတင်စီးပွားရေးလုပ်ငန်းများကိုအော်ဂဲနစ်ရှာဖွေရန်ဖြစ်သည်ဟုဆိုလိုသည်။
တတိယအချက်မှာ SEO သည်အဆင့်မြင့်သောအယူအဆဖြစ်သည်။ အခြားဒစ်ဂျစ်တယ်စီးပွားရေးလုပ်ငန်းများကဲ့သို့ SEO လုပ်ငန်းနယ်ပယ်သည်လွန်ခဲ့သောနှစ်အနည်းငယ်အတွင်းအပြောင်းအလဲများစွာဖြစ်ပေါ်ခဲ့သည်။ ဤတိုးတက်မှုကိုနည်းပညာဆိုင်ရာလမ်းညွှန်မှုလမ်းညွှန်များနှင့်တွေ့မြင်နိုင်ပြီး SEO ကိုအခြေခံသောအကြောင်းအရာလှုပ်ရှားမှုများသို့ပြန်လည်ရောက်ရှိနိုင်သည်။ ထို့ကြောင့်ကောင်းမွန်စွာဖွဲ့စည်းထားသော SEO မဟာဗျူဟာကိုအကောင်အထည်ဖော်ရန်အတွက်သင်ပစ်မှတ်ထားသောပရိသတ်ကိုပစ်မှတ်ထားသောအကြောင်းအရာအပြင်ပြင်ပဆက်သွယ်ရေးများကိုထည့်သွင်းစဉ်းစားသင့်သည်။
နောက်အကြောင်းရင်းတစ်ခုမှာ SEO နှင့်စီးပွားရေးရာတည်နေရာ။ ဖောက်သည်များကသူတို့ယုံကြည်သည်ဟုငြင်းခုံကြသည်။ ထို့ကြောင့် SaaS အလုပ်နေရာချထားမှုနှင့်ကိုယ်ပိုင်လက္ခဏာသည်အလွန်အရေးကြီးသည်။ ဥပမာအားဖြင့်သုံးစွဲသူများသည် Intercom မှသုံးစွဲသူဆက်သွယ်ရေးကိရိယာအသစ်နှင့်ရိုးရှင်းသောဆက်သွယ်ရေးနည်းစနစ်ကြောင့်ကြိုက်သည်။ ထို့ကြောင့်အော်ဂဲနစ်ရှာဖွေမှုရလဒ်များကိုတွေ့ရှိရန်သင်၏တန်ဖိုးများကိုနေရာချခြင်းနှင့်သင်၏စီးပွားရေးမှဖောက်သည်များရရှိနိုင်ရန်မြှင့်တင်ခြင်းကိုအာရုံစိုက်သင့်သည်။
SEO ကျွမ်းကျင်မှုသည်သင်၏အဖွဲ့အတွက်အရေးကြီးသောအခန်းကဏ္ play မှပါ ၀ င်သောကြောင့် SaaS ထုတ်ကုန်များကိုဖန်တီးရန်နည်းပညာကျွမ်းကျင်မှုလိုအပ်သည်။ ထို့ကြောင့်စီးပွားရေးလုပ်ငန်းများကိုပိုမိုမြင့်မားစွာနေရာချနိုင်ပြီး၊ အခြားပြိုင်ဆိုင်မှုရှိသော SEO လှုပ်ရှားမှုများကိုစဉ်းစားသောအခါ၊ ပြိုင်ဘက်များကိုထည့်သွင်းစဉ်းစားခြင်း၊ အော်ဂဲနစ်ရှာဖွေမှုအဆင့်ကိုလျှော့ချလိုက်သောအခါပြိုင်ဘက်များ၏ရှေ့မှောက်၌ထားခြင်း၊ ဥပမာအားဖြင့်ကုန်ပစ္စည်းများကိုမျှဝေသုံးစွဲခြင်းအားဖြင့်ဖြစ်သည်။ ဤသည်ရှိပြီးသားဖောက်သည်အခြေစိုက်စခန်း၏အားသာချက်ကိုယူ၏အကျိုးသက်ရောက်မှုရှိပါတယ်။
SEO ကျွမ်းကျင်မှုသည်အတွေးအခေါ်ခေါင်းဆောင်ဖြစ်လာသည်။ SaaS startup သည်စျေးကွက်ထဲမဟုတ်သောထုတ်ကုန်တစ်ခုပေါ်တွင်အလုပ်လုပ်သည်။ ကိုယ့်ကိုယ်ကိုအချို့သောကိစ္စရပ်များတွင်အတွေးအမြင်ခေါင်းဆောင်အဖြစ်တင်ပြခြင်းသည်လူများသည်သင်၏ကျွမ်းကျင်မှုလိုအပ်သောကြောင့်ထုတ်ကုန်များပိုမိုတီထွင်ရန်အခွင့်အရေးဖြစ်သည်။ အော်ဂဲနစ်ရှာဖွေမှုရလဒ်များတွင်အဓိကခေါင်းဆောင်တစ် ဦး အဖြစ်အသိအမှတ်ပြုခံရရန်အရေးကြီးသည်။
SEO ကျွမ်းကျင်မှုရှိခြင်းဖြင့်စီးပွားရေးလုပ်ငန်းပိုင်ရှင်သည် SEO နှင့်မှတ်ပုံတင်ကြေးကိုလျှော့ချနိုင်သည်။ ဖောက်သည်များနှင့်ဆိုက်ကိုပိုမိုနားလည်ရန်အတွက် SaaS သည်ထရပ်ကားများနှင့် ပတ်သက်၍ အရေးကြီးသောသတ်မှတ်ချက်များကိုချမှတ်သည်။ session ကြာချိန်နှင့်ထူးခြားသော visitors ည့်သည်များအပြင်, စံကူးပြောင်းအရေးပါသောစွမ်းဆောင်ရည်ကို parameter သည်။
နောက်ဆုံးတွင်ပိုင်ရှင်တစ် ဦး စီသည်သူ၏ SaaS စီးပွားရေးကိုကြီးထွားစေလိုသည်။ ဤအခြေအနေတွင် SEO သည်ပုံမှန်အကောင်အထည်ဖော်မှုဖြစ်သင့်သည်။ ရေရှည်မဟာဗျူဟာသည်သင့်အားရေရှည်တည်တံ့ခိုင်မြဲသောဂရုပြုမှုတိုးတက်မှုကိုအထောက်အကူပြုနိုင်သည်။ ဤအကြောင်းကြောင့်သင်သည် SaaS ကစားခြင်းတွင်ပါ ၀ င်သည့်အမျိုးမျိုးသောလုပ်ဆောင်မှုများကိုဖြည့်ဆည်းပေးသည့် SEO နည်းစနစ်အသစ်များဖြင့်သင့်ကိုမွမ်းမံသည်။",,,,,,
<urn:uuid:33cf3443-cfbf-4e0c-9be6-4464f756df75>,"ဂလိုက်ဒါလေယာဉ်
ဂလိုက်ဒါခေါ် လေယာဉ်လျှောသည် စက်မပါဘဲ ပျံသန်းနိုင် သော လေယာဉ်တစ်မျိုးဖြစ်သည်။ ဂလိုက်ဒါကို တောင်ဆင်ခြေ လျှောမှ အရှိန်ဖြင့် လျှောချလိုက်သောအခါ၌ဖြစ်စေ လေယာဉ်ပျံ သို့မဟုတ် မော်တောာ်ကားဖြင့် ဆွဲ၍ ပြေးသောအခါ၌ဖြစ်စေ လေဟုန်စီးကာ လေယာဉ်ပျံကဲ့သို့ ပျံသန်းနိုင်သည်။ ဂလိုက်ဒါ သည် အလွန်ပေါ့သောကြောင့် အထက်သို့ တိုက်ခတ်နေသော လေစီးကြောင်းထဲတွင် အတော်မြင့်မြင့် ပျံတက်နိုင်ပြီးလျှင် ခရီး အတော်ဝေးဝေးသို့လည်း ပျံသန်းသွားနိုင်သည်။ သို့သော် စက်ပါသော လေယာဉ်ပျံတို့လောက်ကား ကြာမြင့်ဝေးလံစွာ မပျံသန်းနိုင်ချေ။
ဂလိုက်ဒါတွင် စက်မပါသည်မှအပ လေယာဉ်ပျံမှာကဲ့သို့ပင် အမြီး၊ တောင်ပံနှင့် ကိုယ်ထည်များပါရှိသည်။ အတောင်နှင့် အမြီးတွင်လည်း လေယာဉ်ပျံမှာကဲ့သို့ပင် ထက်အောက်ဘယ်ညာ သို့ တက်ဆင်းလှည့်ပတ်နိုင်အောင် ပဲ့များအသီးသီး တပ်ဆင် ထားလေသည်။ လူတို့သည် ဂလိုက်ဒါကို လေယာဉ်ပျံမပေါ်မီ အချိန်က အမျိုးမျိုး ကြိုးစားကြံစည်ခဲ့ကြလေသည်။ သို့သော် ခရစ် ၁၈၉၁ ခုနှစ်တွင်မှ ဂလိုက်ဒါကို အောတိုးလီလီယင်သဲ နှင့် ဂစ်စတပ် အမည်ရရှိသော ညီနောင်၂ ဦးတို့က ပထမဆုံး အောင်မြင်စွာ ပျံသန်းနိုင်ခဲ့သည်။ လေယာဉ်ပျံကို ရှေးဦးစွာ ကြံစည်ခဲ့ကြသော ရိုက်ညီနောင်တို့ပင်လျှင် ဂလိုက်ဒါများဖြင့် စမ်းသပ်လေ့လာခဲ့ကြရလေသည်။
ဂလိုက်ဒါတွင် အလွတ်ပျံသန်းနိုင်သော အမျိုးနှင့် လေယာဉ်ပျံကကြိုးဖြင့် ဆွဲဆောင်ရသော အမျိုးဟူ၍ ၂ မျိုး ရှိသည်။ ပထမအမျိုးတွင် တစ်ဖန် အပျော်စီး ဂလိုက်ဒါနှင့် လေယာဉ်ပျံ အမောင်းသင်ဂလိုက်ဒါ ဟူ၍ ၂ စားရှိပြန်သည်။ အခြားတစ်မျိုးမှာ ဝန်တင်ဂလိုက်ဒါမျိုး ဖြစ်၍ သာမန် ဂလိုက်ဒါတို့ထက် ကြီးမားကြသည်။ အချို့မှာ လူ ၃ဝ ခန့် အထိ တင်ဆောင်နိုင်အောင်ပင် ကြီးမားကြသည်။ ဤဝန်တင် ဂလိုက်ဒါမျိုးကို စီးပွားရေးဖက်၌ ကုန်ပစ္စည်းတင်ရန်အသုံးပြု၍ စစ်ပွဲများ၌ စစ်သား၊ စစ်လက်နက်နှင့် စစ်ရိက္ခာများ သယ်ယူ ပို့ဆောင်ရန် အသုံးပြုကြသည်။ ဗိုလ်ချုပ်မှူး ဝင်းဂိတ်သည် ပြီးခဲ့သော ဒုတိယကမ္ဘာစစ်အတွင်းက မြန်မာနိုင်ငံရှိ ဂျပန်တပ် များကို ပြန်လည်ထိုးစစ်ဆင်ခဲ့စဉ်က ဤဂလိုက်ဒါမျိုးကို ထိရောက်စွာ အသုံးပြုခဲ့လေသည်။
အဂ‡လန်၊ ဂျာမနီ၊ အမေရိကန်၊ ရုရှားစသော နိုင်ငံကြီးတို့၌ ဂလိုက်ဒါများ အလွန်ခေတ်စားခဲ့သည်။ အထူးသဖြင့် ဂျာမနီ နိုင်ငံ၌ ပထမကမ္ဘာစစ်ပြီးခေတ်တွင် ထူးထူးခြားခြား ခေတ်စား ခဲ့၍ ဂလိုက်ဒါစီး သူရဲကောင်းများ ပေါ်ပေါက်ခဲ့ကြသည်။ ထို့နာက်တွင် ဂလိုက်ဒါသည် ရုရှားနိုင်ငံ၌လည်း သိသိသာသာ ခေတ်စားလာခဲ့ပေသည်။
ဂလိုက်ဒါနှင့် အဝေးဆုံး ပျံသန်းခဲ့သော ကမ္ဘာစံချိန်မှာ မိုင်ပေါင်း ၄၆၅၅၃၂ ဖြစ်သည်။ ထိုခရီးကို အောက်လဂါက လက်ပီကိုဗာဆိုသူ ရုရှားအမျိုးသမီးလေသူရဲက ၁၉၃၉ ခုနှစ် တွင် ပျံသန်းခဲ့သည်။ အမြင့်ဆုံးပျံသန်းခဲ့သော ကမ္ဘာ့စံချိန်မှာ စတင်ပျံသန်းရာမှ ပေပေါင်း ၂၆၄၁ဝ မြင့်သည်။ ထိုအမြင့်ကို ပါအိပ်ဆဲပါဆန်ဆိုသူ ဆွီဒင်အမျိုးသားတစ်ဦးက ၁၉၄၇ ခုနှစ် တွင် ပျံသန်းခဲ့သည်။ လေထဲ၌ အကြာဆုံးနေခဲ့သော ကမ္ဘာ့ စံချိန်မှာ ၃၆ နာရီ ၃၅ မိနစ်ဖြစ်သည်။ ထိုစံချိန်ကို ကွတ်ရှမစ် ဆိုသူ ဂျာမန်အမျိုးသားတစ်ဦးက တွင်ခဲ့လေသည်။
ကိုးကား[ပြင်ဆင်ရန်]
- မြန်မာ့စွယ်စုံကျမ်း၊ အတွဲ(၃)",,,,,,
<urn:uuid:e05a7e10-bc99-4203-8eb0-71cd1dcedbad>,"||ဤဆောင်းပါးကို အင်္ဂလိပ် ဝီကီပီးဒီးယား ရှိ Algebraic geometry အား တစ်စိတ်တစ်ပိုင်းဖြစ်စေ၊ အလုံးစုံဖြစ်စေ မှီငြမ်း၍ မြန်မာဘာသာသို့ ပြန်ဆိုရန် လိုအပ်နေသေးသည်။


|မြန်မာဘာသာသို့ ပြန်ဆိုခြင်းနှင့် စပ်လျဉ်း၍


|လက်ရှိစာမျက်နှာကို ဂူဂယ်ဘာသာပြန် (Google Translate) သုံး၍ မြန်မာဘာသာသို့ ပြန်ဆိုကြည့်နိုင်သည်။ Algebraic geometry ကိုလည်း ဂူဂယ်ဘာသာပြန် ကြည့်နိုင်သည်။သို့သော် ၎င်းဘာသာပြန်များကို အတည်မယူပါနှင့်၊ အမှားများစွာ ပါလေ့ရှိသောကြောင့်ဖြစ်သည်။ သေချာစိစစ်၍ ကြိုးစားပြုပြင်ပြီးမှ ဘာသာပြန်ရေးသားရန် ဖြစ်သည်။ ဘာသာပြန်ပြီးပါကဤဆောင်းပါး၏ ဆွေးနွေးချက်စာမျက်နှာတွင်


{{Translated page|en|Algebraic geometry}}ဟူ၍ ရေးထည့်ပါ။ ထို့အပြင် ဤ {{Translation incomplete}} တမ်းပလိတ်ကို ဤစာမျက်နှာမှ ဖျက်ပစ်ရန် မမေ့ပါနှင့်။
ဤ တိုလီယာတီ မျက်နှာပြင် (Togliatti surface
) မှာ ဒီဂရီ အဆင့် ငါး ရှိသည့် အက္ခရာသင်္ချာ မျက်နှာပြင် (algebraic surface
) တစ်မျိုး ဖြစ်သည်။ ပုံတွင်ပြထားသည်မှာ ၎င်းမျက်နှာပြင်၏ ကိန်းစစ်လမ်းကြောင်း (real locus
) တစ်စိတ်တစ်ဒေသ ဖြစ်သည်။
အက္ခရာသင်္ချာနည်းကျ ဂျီဩမေတြီ (algebraic geometry) သည် သင်္ချာပညာ၏ ဘာသာရပ်ခွဲတစ်ခုဖြစ်ပြီး ပိုလီနိုမီရယ် ညီမျှခြင်း (polynomial equation) များ၏ ကိန်းရင်းများကို လေ့လာသည့် ဘာသာရပ်အဖြစ် ရှေးယခင်က သတ်မှတ်ခဲ့သည်။ သို့သော် မျက်မှောက်ခေတ် အက္ခရာသင်္ချာ ဂျီဩမေတြီ ဘာသာရပ်မှာမူ ခေတ်သစ် အက္ခရာသင်္ချာ (abstract algebra)၊ အထူးသဖြင့် ပတ်လည်ညီ အက္ခရာသင်္ချာ (commutative algebra)၊ နည်းလမ်းများအပေါ်တွင် ပိုမိုမှီတည်ပြီး၊ ဂျီဩမေတြီ (geometry) အသုံးအနှုန်းများကို အသုံးပြု၍ ဂျီဩမေတြီ ပြဿနာများကို လေ့လာဖြေရှင်းခြင်း ဖြစ်သည်။",,,,,,
<urn:uuid:3444c3a5-b82f-4b49-991e-0aaa6acec782>,"ဤဝက်ဆိုဒ်တွင် အောက်ပါကိန်းဂဏန်းဖိုင်များအား အသုံးပြုထားပါသည်။ ကိန်းဂဏန်းဖိုင်များ တစ်စုချင်းစီအတွက် မူလပြုစုထုတ်ဝေသူ၏ မူရင်းဖိုင်များကို လည်း ထည့်သွင်းထားပါသည်။ ရှေ့နောက်ညီညွတ်စေရန်၊ အသုံးပြုနိုင်မည့် ပုံစံမှန်ဖြစ်စေရန် ပြန်လည်စီစစ်မှုလိုအပ်သော ဖိုင်များအတွက် စီစစ်ထားပြီးဖိုင်များအပြင် မူရင်းဖိုင်များမှ စီစစ်ပြီးဖိုင်များ ထုတ်ယူနိုင်ရန် အသုံးပြုနိုင်သော automated script များကိုလည်း ထည့်သွင်းထားပါသည်။ ရှင်းလင်းပေးသော scripts များကို OpenRefine ပရောဂျက်များ၊ သို့မဟုတ် Python Jupyter Notebooks များအဖြစ် ရယူနိုင်ပါသည်။
၂၀၁၃-၁၄ EITI အစီရင်ခံစာအကျဉ်းချုပ်
ဤတွင် ၂၀၁၃-၁၄ခုနှစ် ဘဏ္ဍာနှစ်အတွက် ကျောက်စိမ်းနှင့်ကျောက်မျက်တူးဖော်လျက်ရှိသော ကုမ္မဏီများ၏ ဝင်ငွေ ဆိုင်ရာအချက်အလက်များအား ငွေပေးသွင်းမှု အမျိုးအစားအလိုက်၊ ကုမ္ပဏီနာမည်အလိုက် ထည့်သွင်းဖော်ပြထားပါသည်။
- မူရင်း ကိန်းဂဏန်းဖိုင်များ
- .xlsx
၂၀၁၃-၁၄ခုနှစ် EITI အစီရင်ခံစာ - ကျောက်စိမ်းနှင့် ကျောက်မျက်တူးဖော်ရေးလိုင်စင်များ
ဤဖိုင်သည် ၂၀၁၃-၁၄ ဘဏ္ဍာရေးနှစ်မှ စာရင်းများအရ ကုမ္ပဏီများသို့ချပေးထားပြီး သက်တမ်းမကုန်ဆုံးသေးသော ကျောက်စိမ်းနှင့် ကျောက်မျက် တူးဖော်ရေးလိုင်စင်များစာရင်း ဖြစ်ပါသည်။
- မူရင်း ကိန်းဂဏန်းဖိုင်များ
- .xlsx
- ရှင်းလင်းပြီး ကိန်းဂဏန်းဖိုင်များ
- .csv
- အချက်အလက်များရှင်းလင်းဖို့ရန်အတွက် OpenRefine Script
- .tar.gz
၂၀၁၄-၁၅ခုနှစ် EITI အစီရင်ခံစာအကျဉ်းချုပ်
ဤတွင် ၂၀၁၄-၁၅ ဘဏ္ဍာနှစ်အတွက် ကျောက်စိမ်းနှင့်ကျောက်မျက်တူးဖော်လျက်ရှိသော ကုမ္ပဏီများ၏ ဝင်ငွေ ဆိုင်ရာအချက်အလက်များအား ငွေပေးသွင်းမှု အမျိုးအစားအလိုက်နှင့် ကုမ္ပဏီနာမည်အလိုက် ထည့်သွင်းဖော်ပြထားပါသည်။
- မူရင်း ကိန်းဂဏန်းဖိုင်များ
- .xlsx
၂၀၁၄-၁၅ခုနှစ် EITI အစီရင်ခံစာ - ကျောက်စိမ်းနှင့် ကျောက်မျက်တူးဖော်ရေးလိုင်စင်များ
ဤဖိုင်သည် ၂၀၁၄-၁၅ ဘဏ္ဍာရေးနှစ်မှ စာရင်းများအရ ကုမ္ပဏီများသို့ ချပေးထားပြီး သက်တမ်းမကုန်ဆုံးသေးသော ကျောက်စိမ်းနှင့် ကျောက်မျက် တူးဖော်ရေးလိုင်စင်များစာရင်း ဖြစ်ပါသည်။
- မူရင်း ကိန်းဂဏန်းဖိုင်များ
- .xlsx
- ရှင်းလင်းပြီး ကိန်းဂဏန်းဖိုင်များ
- .csv
- ကိန်းဂဏန်းဖိုင်များ ရှင်းလင်းနိုင်ရန်
- .tar.gz
၂၀၁၄-၁၅ခုနှစ် EITI အစီရင်ခံစာ - ကျောက်စိမ်းနှင့်ကျောက်မျက်ဆိုင်ရာ အချက်အလက်များညီညွတ်အောင် ညှိနှိုင်းမှု စာမျက်နှာများ
ဤသည် ၂၀၁၄-၁၅ ဘဏ္ဍာနှစ်တွင် ကျောက်စိမ်းနှင့်ကျောက်မျက်တူးဖော်လျက်ရှိသော ကုမ္ပဏီများ၏ ညီညွတ်အောင် ညှိနှိုင်းထားသည့် ဝင်ငွေအချက်အလက်စာရင်းဖြစ်ပါသည်။
- မူရင်း ကိန်းဂဏန်းဖိုင်များ
- .xlsx
- ရှင်းလင်းပြီး ကိန်းဂဏန်းဖိုင်များ
- .csv
- ကိန်းဂဏန်းဖိုင်များ ရှင်းလင်းနိုင်ရန် Python Jupyter Notebook
- .ipynb
၂၀၁၅-၁၆ခုနှစ် EITI အစီရင်ခံစာအကျဉ်းချုပ်
ဤတွင် ၂၀၁၅-၁၆ ဘဏ္ဍာနှစ်အတွက် ကျောက်စိမ်းနှင့်ကျောက်မျက်တူးဖော်လျက်ရှိသော ကုမ္ပဏီများ၏ ဝင်ငွေ ဆိုင်ရာအချက်အလက်များအား ငွေပေးသွင်းမှု အမျိုးအစားအလိုက်၊ ကုမ္ပဏီနာမည်အလိုက် ထည့်သွင်းဖော်ပြထားပါသည်။
- မူရင်း ကိန်းဂဏန်းဖိုင်များ
- .xlsx
၂၀၁၅-၁၆ခုနှစ် EITI အစီရင်ခံစာ - ကျောက်စိမ်းနှင့်ကျောက်မျက်တူးဖော်ရေးလိုင်စင်များ
ဤဖိုင်သည် ၂၀၁၅-၁၆ ဘဏ္ဍာရေးနှစ်မှ စာရင်းများအရ ကုမ္ပဏီများသို့ချထားပေးပြီး သက်တမ်းမကုန်ဆုံးသေးသော ကျောက်စိမ်းနှင့် ကျောက်မျက်တူးဖော်ရေးလိုင်စင်များစာရင်း ဖြစ်ပါသည်။
- မူရင်း ကိန်းဂဏန်းဖိုင်များ
- .xlsx
- ရှင်းလင်းပြီး ကိန်းဂဏန်းဖိုင်များ
- .csv
- ကိန်းဂဏန်းဖိုင်များ ရှင်းလင်းနိုင်ရန် OpenRefine Script
- .tar.gz
၂၀၁၅-၁၆ခုနှစ် EITI အစီရင်ခံစာ - ကျောက်စိမ်းနှင့်ကျောက်မျက်ဆိုင်ရာ အချက်အလက်များညီညွတ်အောင် ညှိနှိုင်းမှု စာမျက်နှာများ
ဤသည် ၂၀၁၅-၁၆ ဘဏ္ဍာနှစ်တွင် ကျောက်စိမ်းနှင့် ကျောက်မျက်တူးဖော်သော ကုမ္ပဏီများ၏ ညီညွတ်အောင် ညှိနှိုင်းထားသည့် ဝင်ငွေအချက်အလက်စာရင်းဖြစ်ပါသည်။
- မူရင်း ကိန်းဂဏန်းဖိုင်များ
- .xlsx
- ရှင်းလင်းပြီး ကိန်းဂဏန်းဖိုင်များ
- .csv
- ကိန်းဂဏန်းဖိုင်များ ရှင်းလင်းနိုင်ရန် Python Jupyter Notebook
- .ipynb",,,,,,
<urn:uuid:e4b8b051-73bf-4fd7-8c5b-ba600efbba52>,"ဒီကနေ့ မနက် ၅ နာရီ ၄၅ မိနစ်မှာ ညင်းထွေးရွာ အနီး စစ်ကောင်စီယာဉ်တန်း ၁၄ စီးကို ပြည်သူ့ကာကွယ်ရေးတပ်ဖွဲ့က မိုင်းဆွဲ တိုက်ခိုက်ခဲ့ရာ ထိခိုက် သေဆုံးမှုတွေ ရှိခဲ့ပြီးနောက် စစ်ကားတွေ မောင်းပြေးရာမှာ အမျိုးသမီးငယ် တစ်ဦးကို ကားနဲ့ တိုက်ပြီး ကြိတ်သွားတာလို့ သိရပါတယ်။
မိုင်းဆွဲပြီးတဲ့ အချိန်မှာ စကစ ကားတွေ မောင်းပြေးသွားပါတယ်။ လမ်းမှာ ဆိုင်ကယ်နဲ့ သွားနေတဲ့ မိန်းကလေး တစ်ဦးကို စစ်ကားနဲ့ တိုက်သတ် တက်ကြိတ်သွားလို့ ပွဲချင်းပြီး သေဆုံးသွားပြီလို့ သိရပါတယ်
လို့ ဒေသခံ တစ်ဦးက ပြောပါတယ်။
အဲဒီနောက် မောင်မယ်ရှောင်ရွာနဲ့ ဇဟာရွာကြားမှာ ဒီကနေ့ မနက် ၆ နာရီ ဝန်းကျင်မှာ အဲဒီ စစ်ယာဉ်တန်းကို ၂ ကြိမ် ထပ်မံ မိုင်းဆွဲ တိုက်ခိုက်ခဲ့ရာ စစ်ကောင်စီဘက်မှ ထိခိုက် သေဆုံးမှု များနိုင်တယ်လို့ သိရပါတယ်။
စစ်တပ်က ကားနဲ့ကြိတ်ခဲ့လို့ သေဆုံးသူမှာ အသက် ၂၀ ဝန်းကျင်သာ ရှိသေးပြီး ဘယ်သူ ဆိုတာ မသိရသေးဘဲ အလောင်းကို ပရဟိတအသင်းမှ လာရောက် သယ်ဆောင်သွားတယ်လို့ သိရပါတယ်။
လက်ရှိ အဲဒီ လမ်းမပေါ်မှာ စစ်သားတွေ ခြေရှုပ်နေပြီး လလမ်းသွားလာတွေကို အတင်းအကျပ် စစ်ဆေးမှုတွေ ပြုလုပ်နေတယ် လို့လည်း သိရပါတယ်။",,,,,,
<urn:uuid:735482eb-369f-4a3e-9781-e8e4cbd10599>,"တရုတ်နိုင်ငံမှာ ဂျက်ကီချန်းနဲ့ တွေ့ဆုံခဲ့တဲ့ ဘောလိဝုဒ်မင်းသား Hrithik Roshan
မြန်မာနိုင်ငံမှာ လက်ပွားမင်းသားလို့ လူသိများတဲ့ ဘောလိဝုဒ်မင်းသား Hrithik Roshan ဟာ မကြာခင် ရုံတင်တော့မယ့် “Kaabil” ရုပ်ရှင်အတွက် တရုတ်နိုင်ငံကို သွားရောက်ခဲ့တဲ့ ခရီးစဉ်မှာ မင်းသား ဂျက်ကီချန်းနဲ့ တွေ့ဆုံခဲ့တယ်လို့ သိရပါတယ်။
မင်းသား Roshan ဟာ သူနဲ့ ဂျက်ကီချန်းအတူ ရိုက်ထားတဲ့ ဓာတ်ပုံ တပုံကို မျှဝေခဲ့ပါတယ်။ ပြီးတော့ သူက “ဂျက်ကီချန်းနဲ့ တွေ့ဆုံခဲ့တာဟာ လက်ဖျား ခါရလောက်အောင် အဆင့်တွေ အများကြီး တက်သွားသလိုပါပဲ။ ထူးခြားတဲ့ အတွေ့အကြုံ ဖြစ်ပါတယ်။ လေးစားအားကျမိပါတယ်” လို့ ရေးသားခဲ့ပါတယ်။
အဲဒီ ဓာတ်ပုံ နှစ်ပုံမှာတော့ သူတို့ နှစ်ယောက်လုံးဟာ ပြုံးရွှင်နေတဲ့ မျက်နှာထားနဲ့ မြင်တွေ့ခဲ့ရပါတယ်။ မင်းသား Roshan ကတော့ သူ့ရဲ့ရုပ်ရှင်အတွက် တရုတ်နိုင်ငံကို ရောက်နေစဉ် ဆိုရှယ်မီဒီယာပေါ်မှာ သူ့ရဲ့ ခရီးစဉ်အတွက် မှတ်တမ်းတင်မှုတွေကို ပြုလုပ်ခဲ့ပါတယ်။ ရုပ်ရှင်မှာ သူနဲ့အတူ ပူးတွဲ ပါဝင်ထားတဲ့ မင်းသမီး Yami Gautam ကလည်း ဇွန်လ ၅ ရက်နေ့ ရုပ်ရှင် မဖြန့်ချိခင်မှာ တရုတ်နိုင်ငံမှာ မင်းသားနဲ့အတူ ပါဝင်လာဦးမှာပါ။
“Kaabil” ရုပ်ရှင်ကို ဒါရိုက်တာ Sanjay Gupta က ရိုက်ကူးပေးထားပြီး မင်းသား Roshan ရဲ့ ဖခင် Rakesh Roshan က ထုတ်လုပ်ပေးထားတာ ဖြစ်ပါတယ်။
အဲဒီ ရုပ်ရှင်ဟာ အိန္ဒိယမှာ ၂၀၁၇ ခုနှစ်မှာ မင်းသား ရှရွတ်ခန် ပါဝင်တဲ့ “Raees” ရုပ်ရှင်နဲ့အပြိုင် ရုံတင်ပြသခဲ့တာ ဖြစ်ပါတယ်။ အဲဒီ အချိန်တုန်းက ရုံဝင်ငွေစာရင်းမှာ Raees ရုပ်ရှင်က တော်တော်လေး ဝင်ငွေကောင်းခဲ့ပေမယ့် Kaabil ကတော့ အခြေအနေမလှ ဖြစ်ခဲ့ရပါတယ်။ Raees ရုပ်ရှင်ဟာ အဲ့ဒီနှစ်ရဲ့ ဆဋ္ဌမမြောက် ဝင်ငွေအများဆုံး ရုပ်ရှင်ဖြစ်ခဲ့ပြီးတော့ Kaabil ရုပ်ရှင်ကတော့ အိန္ဒိယမှာ ဝင်ငွေ ရူပီကုဋေ ၁၀၀ ရရှိခဲ့ပါတယ်။
မင်းသား Roshan အတွက် ဇာတ်ကားအသစ် အနေနဲ့ကတော့ လာမယ့် ဇူလိုင်လမှာ “Super 30” ဆိုတဲ့ ရုပ်ရှင် ထွက်ရှိလာဖို့ ရှိပါတယ်။ အဲဒီ ရုပ်ရှင်ကတော့ အိန္ဒိယနည်းပညာ အင်စတီကျု ဝင်ခွင့်စာမေးပွဲအတွက် ငွေကြေး မတောင့်တင်းတဲ့ ကျောင်းသား ၃၀ ကို လေ့ကျင့်ပေးခဲ့ရတဲ့ သင်္ချာပညာရှင် Anand Kumar ရဲ့ အကြောင်းကို ဇာတ်အိမ်တည်ထားတာ ဖြစ်ပါတယ်။
Ref: ndtv",,,,,,
<urn:uuid:a7b92de9-f119-4644-bbb6-06ead5b28be4>,"ကော့သောင်းမြို့နယ်အတွင်း ဇွန်လ ၁၄ ရက်နေ့က လင်မယားစကားများရန်ဖြစ်ကာ ဓားဖြင့်ခုတ်သတ်ခဲ့ကြောင်း တနင်္သာရီတိုင်းဒေသကြီးရဲတပ်ဖွဲ့မှူးရုံးထံမှ သိရသည်။
သေဆုံးသူလင်မယားသည် သစ်တောစိုက်ခင်း နေ့စားအလုပ်သမားများဖြစ်သည်ဟု ရဲမှတ်တမ်းတွင် ဖော်ပြထားသည်။
လင်မယားစကားများရန်ဖြစ်ပြီး သစ်တောစိုက်ခင်းနေ့စားအလုပ်သမား အမျိုးသားသည် ဇနီးဖြစ်သူအား ဓားဖြင့်ခုတ်သတ်ကာ မိမိကိုယ်ကို ဓားထိုးသတ်သေခဲ့ကြောင်း ရဲမှတ်တမ်းတွင်ဖော် ပြထားသည်။
ဖြစ်စဉ်နှင့်ပတ်သက်၍ ဓားဖြင့်ခုတ်ခဲ့သူ အမျိုးသားဖြစ်သူအား ရာဇသတ်ကြီးပုဒ်မ ၃၀၂ (လူသတ်မှု)ဖြင့် မှုဖွင့်စစ်ဆေးလျက်ရှိကြောင်း တိုင်းရဲတပ်ဖွဲ့မှူးရုံးထံမှ သိရသည်။",,,,,,
<urn:uuid:240acbfc-c2a2-40bb-9d25-10182fb99874>,"ရော်နယ်ဒိုကြီး၊ ရော်နယ်ဒင်ဟိုတို့ အပါအဝင် ဗင်နီရှပ်လို လက်ရှိကစားနေတဲ့သူ၊ နာမည်ကျော်ကစားသမားဟောင်းတွေ ဝင်ကစားပေးခဲ့တဲ့ ရံပုံငွေပွဲမှာ Khaby Lame ရဲ့ လုပ်ရပ်က လူပြောများနေပါပြီ။ ဖလော်ရီဒါမှာ ကျင်းပခဲ့တဲ့ ဒီ ရန်ပုံငွေမှာ သူကလည်း ကစားသမားတဦးအဖြစ်နဲ့ ပါဝင်ကစားခဲ့တာပါ။
ပွဲ့ကစားနေချိန်မဟုတ်ဘဲ ကွင်းအတွင်းမှာ အားလုံးရှိနေတဲ့အချိန် ပရိသတ်တဦးက ကွင်းထဲဝင်လာပြီး သူ့ရဲ့ ဂျာစီပေါ်မှာ လက်မှတ်ထိုးပေးဖို့ ရော်နယ်ဒင်ဟိုကို တောင်းဆိုခဲ့ပါတယ်။ ဒါပေမယ့် သူ့ကို လုံခြုံရေးတွေက ဝိုင်းဖမ်းခဲ့ပြီး ကွင်းပြင်ပြန်ပို့ဖို့ လုပ်ခဲ့ကြပါတယ်။
သူ့ကို ခေါ်သွားချိန်မှာပဲ သူက ဂျာစီကို ဒင်ဟိုရှိရာဆီ ပစ်ပေးပြီး နောက်ဆုံးအကြိမ် ကြိုးစားခဲ့ပေမယ့် သူ ထင်သလိုမဖြစ်လာလို့ စိတ်ပျက်သွားခဲ့ပါတယ်။
ဒါပေမယ့် Khaby Lame က အဆိုပါဂျာစီကို ကောက်ယူခဲ့ပြီး ရော်နယ်ဒင်ဟိုကို လက်မှတ်ထိုးခိုင်းပြီးနောက် ပရိသတ်နောက် ပြေးလိုက်ကာ ပေးခဲ့ပါတယ်။ ပရိသတ်လည်း ဒီတော့မှ ပျော်ရွှင်သွားခဲ့တာပါ။ သူ့ရဲ့ လုပ်ရပ်ကို ပရိသတ်တွေ အားပေးခဲ့ကြပြီး လူမှုကွန်ရက်ပေါ်မှာလည်း တော်တော်လေးရေပန်းစားတဲ့ အဖြစ်အပျက်ဖြစ်လာခဲ့ပါတယ်။
ဒီပွဲမှာ Khaby Lame တယောက် ဘောလုံးကိုထိန်းဖို့ကြိုးစားရင်းနဲ့ နောက်ပြန်လဲကျသွားပုံကလည်း ပရိသတ်တွေ သဘောကျခဲ့တဲ့ မြင်ကွင်းတခု ဖြစ်ခဲ့ပါသေးတယ်။ TikTok ဆယ်လီတဦးဖြစ်တာမို့ သူက ဘောလုံးကောင်းကောင်းမကန်တတ်ဘဲ ကို့ရိုးကားယားဟန်ပန်ကြောင့် ပရိသတ်တွေ ရယ်မောနေခဲ့ရပြီး ပျော်ရွှင်စရာ အခိုက်အတန့်တော့ ဖြစ်ခဲ့ပါတယ်။",,,,,,
<urn:uuid:aa70d375-7948-4ade-842b-033598152d82>,"ဗြိတိန်တွင် လေထု ညစ်ညမ်းမှုကြောင့် နှစ်စဉ်နှစ်တိုင်း လူပေါင်း (၅)သောင်းမျှ အချိန်မတိုင်မီ သေဆုံး နေရကြောင်း သိရှိရသည်။
ပညာရှင်များက မီးရှို့ခြင်း ကဲ့သို့ အချင်းအရာ များမှ ထွက်ပေါ်လာသည့် လေထု အတွင်း နေရာယူ ထားသော သေးငယ်သည့် အစက် အမှုန်လေး များသည် လေထု ညစ်ညမ်းမှုကို ဖြစ်စေပြီး လူ့ သက်တမ်းကို ပျမ်းမျှအားဖြင့် (၉)နှစ် လျော့နည်း စေကြောင်း ပြောကြားခဲ့သည်။
ထို့နောက်တွင် (၆)လကြာ လေ့လာမှုများ ပြုလုပ်ခဲ့ပြီး ဗြိတိန်ရှိ လူပေါင်း (၅)သောင်းခန့်မှာ လေထု ညစ်ညမ်းမှုကြောင့် နှစ်စဉ် အချိန်မတိုင်မီ သေဆုံးနေကြောင်း ရလဒ် ပေါ်ထွက်လာခဲ့ရသည်။ အထူးသဖြင့် လန်ဒန် မြို့လယ်နှင့် အခြားသော မြို့ကြီးများ၏ လေထုညစ်ညမ်းမှု ထူပြောရာ ဒေသများ အနီးတွင် ယင်းဆိုးကျိုး သက်ရောက်မှုက ပိုမို သိသာနေကြောင်း ပညာရှင်များက ဆိုသည်။
ဩဇာကြီးမားသည့် ကျန်းမာရေးဆိုင်ရာ ကော်မတီတခုဖြစ်သည့် Department for Environments Food and Rural Affair မှ သုတေသီများက ဗြိတိန်နှင့် အခြားသော ဥရောပ ယူနီယံ အဖွဲ့ဝင်နိုင်ငံ အချို့အတွင်း လေထုထဲတွင် နိုက်ထရိုဂျင် အောက်ဆိုက် ဓာတ်ပေါင်းများ ပါ၀င်မှု အချိုးအစား မြင့်သည်ထက် မြင့်လာနေခြင်းအား သတိပေး ပြောဆိုခဲ့ သည်။
လန်ဒန်လေထု သန့်ရှင်းရေး အဖွဲ့မှ ဒါရိုက်တာ ဆိုင်မွန်ဘာကက်က ယခု လေ့လာမှု ရလဒ်သည် ဗြိတိန်အတွက် အရှက်ရစရာ ဖြစ်စေကြောင်း၊ တာဝန်ရှိ သူများအနေနှင့် လေထု သန့်ရှင်းရေး အတွက် အလျင်အမြန် အရေးတယူ ဆောင်ရွက်သင့်ပြီ ဖြစ်ကြောင်း ပြောကြားခဲ့သည်။ မြို့တော်ဝန် ဘောရစ်ဂျွန်ဆင် ကလည်း လန်ဒန်မြို့ လေထု ထဲတွင် PM10 ခေါ် လေထု ညစ်ညမ်းမှုကို ဖြစ်စေသည့် အမှုန်အမွှားများ ပါ၀င်မှု ပိုမိုများပြား လာသလို မြို့တော်၏လေထု အရည်အသွေးကို ပိုမို တိုးတက်အောင် ဆောင်ရွက်သင့်ပြီ ဖြစ်ကြောင်း ဝန်ခံပြောဆို သွားသည်။",,,,,,
<urn:uuid:8e1ec9f9-d768-488f-9393-1dd9b455dddb>,"ဇေယျာဖြိုးနေအိမ်တွင် သိမ်းဆည်းခံရသည့် ငွေ သိန်း ၅၀ ရှာဖွေပုံစံတွင် မတွေ့ရဟု ရှေ့နေထွက်ဆို
တရားလွှတ်တော် ရှေ့နေ ဦးကိုနီ အသတ်ခံရမှုတွင် ပါဝင်ပတ်သက်နေသဖြင့် ဖမ်းဆီးခံထားရသူ ဇေယျာဖြိုး၏ နေအိမ်ကို အခင်းဖြစ်ပွားပြီးနောက် ရဲတပ်ဖွဲ့က ရှာဖွေရာတွင် ပိုင်ဆိုင်မှုအထောက်အထားများအပါအဝင် ငွေသား ၁ သောင်းကျပ်ထုပ် ၅ ထုပ် (ခန့်မှန်းခြေ သိန်း ၅၀ ကျပ်) ဝန်းကျင် ထည့်သွင်းသိမ်းဆည်းခဲ့သော်လည်း ရှာဖွေပုံစံတွင် ရေးသွင်းမထားသည့်အပေါ် ဇေယျာဖြိုး၏ ရှေ့နေ ဒေါ်ပပဝင်းက ယနေ့ရုံးချိန်းတွင် ပြောဆိုခဲ့ကြောင်း သိရသည်။
“အမှုနဲ့ မသက်ဆိုင်တာတွေ သိမ်းသွားတယ်။ ပိုင်ဆိုင်မှု အထောက်အထားတွေ၊ ကလေးဓာတ်ပုံတွေ၊ ကလေးကျောင်းမှတ်တမ်းတွေပါသွားတယ်။ ဟုတ်တယ် ငွေသားအုပ်တွေလည်း ပါသွားတယ်။ အဓိကပြောချင်တာက ရှာဖွေပုံစံသည် နည်းလမ်းမကျဘူး။ အပြည့်အစုံဖော်ပြထားခြင်းမရှိဘူးဆိုတာကို ပြောချင်တာ” ဟု ဇေယျာဖြိုး၏ ရှေ့နေ ဒေါ်ပပဝင်းက ပြောသည်။
ယနေ့ရုံးထုတ်သို့ တာမွေမြို့နယ်မှ နယ်ထိန်းရဲ ဦးဇော်ဇော်ထွန်း ဆိုသူလည်း သက်သေအဖြစ် လာရောက်ထွက်ဆိုခဲ့ရာ ယင်း စွပ်စွဲချက်အပေါ် ယတိပြတ် တုန့်ပြန်မှု မရှိကြောင်း၊ တာဝန်အရလုပ်ဆောင်ခြင်းသာဖြစ်ကြောင်း၊ စွပ်စွဲချက်အပေါ် “မသိဘူး” ဟုသာ ပြောဆိုကြောင်း သိရသည်။
“ဇေယျာဖြိုးရှေ့နေ က သူတို့အိမ်မှာဝင်စစ်တော့ ဇေယျာဖြိုးရဲ့ ဇနီး ဒေါ်သီတာလွင်ရဲ့ ဗီရိုထဲက ၁ သောင်းတန်အုပ် ၅ ထုပ် ကို ယူသွားတယ်။ အိမ်ရဲ့ စာချုပ်စာတမ်းတွေလည်း ယူသွားတယ် ပြောတယ်။ ဒါပေမယ့် အဲဒါတွေက ရှာဖွေပုံစံထဲမှာ မပါဘူးလို့ ပြောတယ်ဆိုတော့ ဘယ်လိုရှာကြသလဲတော့ မသိဘူး။ အဲဒီစွပ်စွဲချက်တွေပေါ့။ အခုလို စွပ်စွဲတော့ ရဲတပ်ဖွဲ့ရဲ့ ကိုယ့်ကျင့်သိက္ခာလည်း ထိခိုက်တာပေါ့” ဟု ယနေ့ရုံးချိန်းတွင် တက်ရောက်ခဲ့သည့် ဦးကိုနီရှေ့နေ ဦးခင်မောင်ဌေးက ဧရာဝတီသို့ ပြောသည်။
ရှေ့နေ ဦးခင်မောင်ဌေးက “ဦးကိုနီ ဆုံးတာက ဇန်နဝါရီ ၁၉ ရက်နေ့မှ ဖြစ်တယ်။ အဲဒါကို ရဲတပ်ဖွဲ့က ဇေယျာဖြိုးအိမ်ကို ဝင်ရှာတာ ဇန်နဝါရီ ၄ ရက်ဆိုပြီး လုပ်လာတယ်ဆိုတော့ တော်တော်တော့ ဂွတီးဂွကျနိုင်တယ်။ အလုပ်ကို သေချာမလုပ်ဘူး လို့ ပြောလို့ရတယ်။ အခုစွပ်စွဲချက်တွေလည်း ဒါတွေယူသွားတယ်။ ဒါပေမယ့် ရှာဖွေပုံစံတွေထဲ အဲဒီပစ္စည်းတွေ မပါဘူး။ လာရောက်ထွက်ဆိုတဲ့ တာမွေက နယ်ထိန်းကလည်း ယတိပြတ်တုန့်ပြန်ပြောသွားတာမရှိဘူး” ဟု ရှင်းပြသည်။
ပြီးခဲ့သည့် အောက်တိုဘာ ၁၄ ရက်နေ့ ရုံးချိန်းကလည်း ရဲတပ်ဖွဲ့က ဖမ်းဆီးထားသူ ဇေယျာဖြိုးသည် ပြည်ထဲရေးဝန်ကြီးဌာန နှင့် စီးပွားရေးဆိုင်ရာ ချိတ်ဆက်လုပ်ကိုင်မှုများ ရှိခဲ့ဖူးကြောင်း၊ လုပ်ငန်းစာချုပ်၊ အရောင်းအဝယ်စာချုပ်များ ချုပ်ဆိုခဲ့ဖူးကြောင်း ဇေယျာဖြိုး၏ ရှေ့နေ ဒေါ်ပပဝင်းက ပြောဆိုခဲ့သည်။
ရဲတပ်ဖွဲ့သည် ဗဟန်းမြို့နယ်ရှိ ဇေယျာဖြိုး၏ ကုမ္ပဏီရုံးခန်းသို့ ဝင်ရောက်ရှာဖွေခဲ့စဉ်က သေနတ်အိတ် ၂ အိတ်၊ စကားပြောစက် ၂ လုံးနှင့် အဓိက စာရွက်စာတမ်းများ ရရှိခဲ့သည်ဟု ပြောဆိုခဲ့သော်လည်း အဆိုပါ ပစ္စည်းများသည် ဇေယျာဖြိုးနှင့် ပတ်သက်မှုမရှိကြောင်း ရှေ့နေဖြစ်သူ က ငြင်းဆိုခဲ့သည်။
တရားလွှတ်တော် ရှေ့နေ ဦးကိုနီ အသတ်ခံရမှုနှင့် ပတ်သက်၍ ရန်ကုန်တိုင်း မြောက်ပိုင်းခရိုင် တရားရုံးတွင် စစ်ဆေးခဲ့သည့် ရုံးချိန်း ၂၉ ကြိမ်ခန့်ရှိပြီဖြစ်ပြီး သက်သေ ၈၀ ကျော် ရှိသည့် အနက် ၅၀ ဦး စစ်ဆေးပြီးဖြစ်သော်လည်း အမှုတွင် ပါဝင်ပတ်သက်နေသည့် အောင်ဝင်းခိုင် ကို ရဲတပ်ဖွဲ့က ယနေ့အထိ ဖမ်းဆီးရမိခြင်း မရှိသေးကြောင်း သိရသည်။
သို့ဖြစ်ရာ တရားခံပြေး ကို ရဲတပ်ဖွဲက လုံးဝ ဖမ်းဆီးရမိခြင်း မရှိခဲ့ပါက ဥပဒေပါ ပြဌာန်းချက်များအရ လုပ်ဆောင်ရမည့် အဆင့်များ ဆက်လက်ရှိနေသေးကြောင်း ဦးကိုနီ၏ ရှေ့နေ ဦးခင်မောင်ဌေးက ရှင်းပြသည်။",,,,,,
<urn:uuid:dd781734-9a66-48be-b6a4-569ade8e4282>,"#Zawgyi
By နှင်းနှင်း – ချင်းပြည်နယ်၊ ထန်တလန်မြို့တွင် Porcine Circovirus Type-2 (PCV-2) ဟုခေါ်သော ၀က်အားနည်းရောဂါကြောင့် ၀က် ရာနှင့်ချီ သေဆုံးမှုဖြစ်ပွားနေသည်ဟု သိရသည်။
ထန်တလန်မြို့နယ် မွေးမြူရေးနှင့် ကုသရေးဦးစီးဌာန၏ စာရင်းအရ အဆိုပါ ၀က်အားနည်းရောဂါကြောင့် ထန်တလန်မြို့ပေါ်တွင် မွေးမြူထားကြသည့် ၀က်များသည် ဧပြီလကစ၍ စတင်သေဆုံးပြီး ယနေ့ချိန်ထိ ၀က် (၁၈၇) ကောင် သေဆုံးသွားပြီဖြစ်ကြောင်းသိရသည်။
ထန်တလန်မြို့မှ ကျန်းမာရေးမကောင်းသော အိမ်မွေးဝက်များ၏ နမူနာကို မန္တလေးမြို့ရှိ ဓာတ်ခွဲခန်းသို့ ပေးပို့စစ်ဆေးခဲ့ရာတွင် Porcine Circovirus Type-2 (PCV-2) ဟုခေါ်သော ၀က်အားနည်းရောဂါဖြစ်ကြောင်း တွေ့ရှိရပြီ ၀က်များ သည် အစာမစားခြင်း၊ အသည်းရောင်အသားဝါဖြစ်ခြင်း၊ အပြာကွက်ထခြင်း၊ ရောဂါပြင်းထန်ပြီး အခြားရောဂါဝင် ရောက်မှုကြောင့် သေဆုံးကြခြင်းဖြစ်သည်ဟု သိရသည်။
ထန်တလန်မြို့အမှတ် (၁) ရပ်ကွက် အုပ်ချူပ်ရေးမှူး ဦး Van Thlir က “ဝက်တွေကအစာကိုမစားချင်တာ ဝက်တွေအားနည်းပြီးသေတာ၊ ၃ လလောက်ရှိပြီ၊ ဒီမနက်မှာလဲ ၅ ကောင်လောက်သေတာ ကျွန်တော်တို့ရပ်ကွက်မှာ’’ ဟု ပြောသည်။
ယခုကဲ့သို့ ၀က်ရာနှင့်ချီသေဆုံးမှုဖြစ်ပွားသည့်အတွက် ထန်တလန်မြို့တွင် ၀က်သယ်ယူခွင့်နှင့် သားသတ်ခုံများတွင် ၀က်သားရောင်းချခြင်းမပြုရန်နှင့် ၀က်သားမစားကြရန် ပိတ်ပင်ထားသည်ဟုသိရသည်။
Porcine Circovirus Type-2 (PCV-2) ဟုခေါ်သော ၀က်အားနည်းရောဂါသည် လူသို့ကူစက်နိုင်ခြင်းမရှိဘဲ ၀က်အချင်းချင်းသာကူးစက်နိုင်သည်ဟုသိရသည်။
#Unicode
By နှငျးနှငျး – ခငျြးပွညျနယျ၊ ထနျတလနျမွို့တှငျ Porcine Circovirus Type-2 (PCV-2) ဟုချေါသော ဝကျအားနညျးရောဂါကွောငျ့ ဝကျ ရာနှငျ့ခြီ သဆေုံးမှုဖွဈပှားနသေညျဟု သိရသညျ။
ထနျတလနျမွို့နယျ မှေးမွူရေးနှငျ့ ကုသရေးဦးစီးဌာန၏ စာရငျးအရ အဆိုပါ ဝကျအားနညျးရောဂါကွောငျ့ ထနျတလနျမွို့ပျေါတှငျ မှေးမွူထားကွသညျ့ ဝကျမြားသညျ ဧပွီလကစ၍ စတငျသဆေုံးပွီး ယနခြေိ့နျထိ ဝကျ (၁၈၇) ကောငျ သဆေုံးသှားပွီဖွဈကွောငျးသိရသညျ။
ထနျတလနျမွို့မှ ကနျြးမာရေးမကောငျးသော အိမျမှေးဝကျမြား၏ နမူနာကို မန်တလေးမွို့ရှိ ဓာတျခှဲခနျးသို့ ပေးပို့စဈဆေးခဲ့ရာတှငျ Porcine Circovirus Type-2 (PCV-2) ဟုချေါသော ဝကျအားနညျးရောဂါဖွဈကွောငျး တှရှေိ့ရပွီ ဝကျမြား သညျ အစာမစားခွငျး၊ အသညျးရောငျအသားဝါဖွဈခွငျး၊ အပွာကှကျထခွငျး၊ ရောဂါပွငျးထနျပွီး အခွားရောဂါဝငျ ရောကျမှုကွောငျ့ သဆေုံးကွခွငျးဖွဈသညျဟု သိရသညျ။
ထနျတလနျမွို့အမှတျ (၁) ရပျကှကျ အုပျခြူပျရေးမှူး ဦး Van Thlir က “ဝကျတှကေအစာကိုမစားခငျြတာ ဝကျတှအေားနညျးပွီးသတော၊ ၃ လလောကျရှိပွီ၊ ဒီမနကျမှာလဲ ၅ ကောငျလောကျသတော ကြှနျတျောတို့ရပျကှကျမှာ’’ ဟု ပွောသညျ။
ယခုကဲ့သို့ ဝကျရာနှငျ့ခြီသဆေုံးမှုဖွဈပှားသညျ့အတှကျ ထနျတလနျမွို့တှငျ ဝကျသယျယူခှငျ့နှငျ့ သားသတျခုံမြားတှငျ ဝကျသားရောငျးခခြွငျးမပွုရနျနှငျ့ ဝကျသားမစားကွရနျ ပိတျပငျထားသညျဟုသိရသညျ။
Porcine Circovirus Type-2 (PCV-2) ဟုချေါသော ဝကျအားနညျးရောဂါသညျ လူသို့ကူစကျနိုငျခွငျးမရှိဘဲ ဝကျအခငျြးခငျြးသာကူးစကျနိုငျသညျဟုသိရသညျ။",,,,,,
<urn:uuid:91afa1da-1160-47b3-bd3d-6e2426f7b58c>,"ချစ်သူသက်တမ်း ၇ နှစ်ကျော်ကြာ နားလည်မှုတွေနဲ့ ရှေ့ဆက်နေတဲ့ ကျော်ထွဋ်ဆွေနဲ့ နန်းသူဇာ
အမြဲတမ်း ၂ယောက်တတွဲတွဲ တွေ့ရပြီး အရမ်းချစ်ကြတဲ့ ချစ်သူစုံတွဲတတွဲဖြစ်တဲ့ Hip Hop အဆိုတော် ကျော်ထွဋ်ဆွေနဲ့ မော်ဒယ် နန်းသူဇာတို့စုံတွဲကတော့ ချစ်သူသက်တမ်း ၇နှစ်ကျော်ကြာ နားလည်မှုတွေနဲ့ ရှေ့ဆက်နေတယ်လို့ ပြောပါတယ်။
“နှစ်ယောက်စလုံးက အခုဘဝမှာ ပျော်တယ်။ အိမ်ထောင်သည် ဖြစ်ဖို့အတွက် နှစ်ယောက်လုံး Ready ဖြစ်လာမှပဲ ပြုဖြစ်မယ်။ အခုတော့အေးဆေးပါပဲ။ ဒီတိုင်းပဲနေပါဦးမယ်။ နားလည်မှုကတော့ ယူရတာပေါ့။ ချစ်တော့လည်း နောက်ဆက်တွဲ နားလည်မှုတွေ သံယောဇဉ်တွေနဲ့ပေါ့” လို့ နန်းသူဇာက ပြောပါတယ်။
စိတ်ဆိုးရင်လည်း ၂ ရက် ၃ ရက် ထက်ပိုပြီး စိတ်ဆိုးတာမရှိဘဲ ကျော်ထွဋ်ဆွေက အမြဲချော့လေ့ ရှိတယ်လို့ ဆိုပါတယ်။
“စိတ်ဆိုးရင် ပစ်ထားလိုက်တာပေါ့နော်။ အဲဒီလိုဆိုသူက ဖုန်းတွေဆက်တယ်။ အပြင်သွားဖို့ အကြောင်းတွေ ရှာပြီး လာခေါ်တယ်။ ၂ ရက်၊ ၃ရက်လောက် အလွန်ဆုံးပဲ။ ရန်ဖြစ်တဲ့ အကြောင်းအရာက သိပ်ကြီးကြီးမားမားတော့ မရှိဘူး” လို့ နန်းသူဇာက ပြောပါတယ်။
၂ယောက်ပေါင်းပြီး အနုပညာအလုပ် လုပ်ဖို့ရှိပြီး သီချင်းအတွက် အသံသွင်းနေတာ အချောသတ်ပြီးတာနဲ့ ပြောပြမယ်လို့သိရပါတယ်။
“၂ယောက်ပေါင်းတော့ အနုပညာအလုပ်လုပ်ဖို့ ရှိပါတယ်။ အိုင်ဒီယာတွေလည်း ရှိပါတယ်။ သီချင်းကို ကြိုးစားပြီးတော့ လုပ်နေပါတယ်။ အချောပြီးသွားရင် ပြောပြပါမယ်” လို့ နန်းသူဇာက ပြောပါတယ်။ လက်ရှိအချိန်မှာတော့ နှစ်ဦးသား ပေါင်းဖက်ဖို့အတွက် ပိုက်ဆံစုနေပြီး အသက်လည်း ငယ်သေးတာကြောင့် အိမ်ထောင်မပြုဖြစ်သေးဘူးလို့ ဆိုပါတယ်။
နန်းသူဇာကတော့ အနုပညာလှုပ်ရှားမှုတွေ သိပ်မရှိဘဲ ကျော်ထွဋ်ဆွေကတော့ မကြာသေးခင်က အွန်လိုင်းကနေ သီချင်းအသစ်တွေ ဖန်တီးပေးထားတယ်လို့ ပြောပါတယ်။",,,,,,
<urn:uuid:7fc22050-ebaa-4799-a657-11f3226ec4fb>,"ကယား(ကရင်နီ)ပြည်နယ်၊ ဘောလခဲမြို့နယ်၊ နန်းဖဲကျေးရွာအနီး မယ်စလောင်းတောင်ကုန်းပေါ်မှာ အခိုင်အမာတပ်စွဲထားတဲ့ စစ်ကောင်စီတပ်စခန်းကို ကရင်နီပူးပေါင်းတပ်ဖွဲ့တွေက ဇန်နဝါရီ ၂၀ ရက် မနက်က တိုက်ခိုက်သိမ်းပိုက်လိုက်ပါတယ်။
ကရင်နီကွန်မန်ဒို၊ KA၊ KNDF B(15)၊ KNDF B(16)၊ KNDF B (09)၊ Loikaw PDF၊ DMO PDF တို့ပူးပေါင်းကာ တိုက်ခိုက်သိမ်းပိုက်နိုင်ခဲ့တာဖြစ်ပြီး စစ်ကောင်စီတပ်သား ၅ ဦး သေဆုံးကာ လက်နက်ခဲယမ်းတွေ သိမ်းဆည်းရမိတယ်လို့ KNDF က ဇန်နဝါရီ ၂၁ ရက် ဒီကနေ့ သတင်းထုတ်ပြန်ပါတယ်။
မယ်စလောင်းတောင်စခန်းကုန်းကို ချေမှုန်းသိမ်းပိုက်နိုင်ခဲ့ရာမှာ သေဆုံးနေတဲ့ စစ်ကောင်စီတပ်သား ၅ ဦးရဲ့ ရုပ်အလောင်းတွေနဲ့ အတူ ၆၀ မမ စိန်ပြောင်း ၂ လက် ၊ RPG ၁ လက် ၊ MA-1 ၁ လက် ၊MA -2 ၁ လက် ၊ MA-3 ၁ လက် ၊ MA-4- 79 တွဲ ၁ လက် ၊ 9mm ၁ လက် ၊ ငါကြင်းမြီး ၁ လက် ၊ စနိုက်ဘာ ၁ လက် ၊ မိုင်းတွေ ၊ ခဲယမ်းကျည်ဆန်တွေအပြင် တခြားအသုံး အဆောင်တွေ သိမ်းဆည်းရရှိခဲ့တယ်လို့ ဖော်ပြထားပါတယ်။
မယ်စလောင်းတောင်စခန်းကုန်းကို သိမ်းပိုက်နေ တဖက်မှာလည်း KA ၊ KNDF B (21) ၊ KNDF B (10) ၊ ဘောလခဲ PDF တို့ပူးပေါင်းကာ ဘောလခဲမြို့မှာရှိတဲ့ စစ်ကောင်စီတပ်ရဲ့ ခြေကုပ်စခန်းတချို့ကို ဝင်ရောက်တိုက်ခိုက်ခဲ့ပြီး ကရင်နီတပ်ဖွဲ့တွေ တစ်စုံတစ်ရာထိခိုက်မှုမရှိဘဲ ဆုပ်ခွာနိုင်တယ်လို့ ဆိုပါတယ်။
မယ်စလောင်းတောင်စခန်းသိမ်းတိုက်ပွဲအတွင်း စစ်ကောင်စီတပ်က တိုက်လေယာဉ် တစီးနဲ့ ၃ ကြိမ် တိုင်တိုင်လာရောက်ပစ်ကူပေးခဲ့သလို ဘောလခဲမြို့ အခြေစိုက်စစ်တပ်ကလည်း လက်နက်ကြီးတွေ အဆမတန် အသုံးပြုကာ ပစ်ကူပေးခဲ့တာကြောင့် ကရင်နီတပ်မတော် (KA) က ရဲဘော် တဦး ကျဆုံးခဲ့ရတယ်လို့ ထုတ်ပြန်ချက်မှာ ဖော်ပြပါတယ်။
ကယား (ကရင်နီ) ပြည်နယ်၊ ဘောလခဲခရိုင်ရှိ ထူးချောင်းစစ်ကောင်စီတပ်စခန်းမှ တပ်သားတယောက် စနိုက်ပါနဲ့ ပစ်ခတ်ခံရပြီး သေဆုံးကာ နှစ်ယောက် အပြင်းအထန် ဒဏ်ရာရရှိတယ်လို့ ကရင်နီတော်လှန်ရေးတပ်စု (KRU) က ထုတ်ပြန်ပါတယ်။
နိုဝင်ဘာ ၂၇ ရက်က ကရင်နီတော်လှန်ရေးတပ်ပေါင်းစု (KRU) နဲ့ ဘောလခဲ ပြည်သူ့ကာကွယ်ရေးတပ် (BPDF) တပ်ရင်း-၁၁၀၅ တို့က စနိုက်ပါမစ်ရှင် ဖော်ဆောင်ပြီး ထူးချောင်းစစ်ကောင်စီစခန်းကို စနိုက်ပါနဲ့ သွားရောက်ပစ်ခတ်ခဲ့တာလို့ဆိုပါတယ်။
ဒါ့အပြင် နိုဝင်ဘာ ၁၈ ရက်ကလည်း ဒီးမော့ဆိုမြို့ ကုန်းသာကျေးရွာအတွင်း ဖြတ်သန်းသွားတဲ့ လက်နက်ခဲယမ်းတွေနဲ့ စားနပ်ရိက္ခာတွေ တင်ဆောင်လာတဲ့ စစ်ကောင်စီ ယာဉ် ၃ စီးကို ကရင်နီတော်လှန်ရေးတပ်ပေါင်းစု (KRU) က မိုင်းဆွဲတိုက်ခိုက်ခဲ့လို့ စစ်ကောင်စီတပ်သား ၃ ဦး သေဆုံးပြီး ကားတစီး ပျက်စီးသွားတယ်လို့ KRU တာဝန်ရှိသူဆီက သိရပါတယ်။
ကရင်နီတော်လှန်ရေးတပ်ပေါင်းစု (KRU) ဟာ ကရင်နီပြည်နယ်အတွင်းရှိ ကွဲပြားနေတဲ့ K.D.F၊ JPDF၊ GZ 21၊ KOIKAW MEDIC UNIT DMO စတဲ့ တော်လှန်ရေးအင်အားစုတွေကို စုစည်းထားတာဖြစ်ပြီး ရှမ်းပြည် (တောင်ပိုင်း) ဒေသခံ တော်လှန်ရေးတပ်ပေါင်းစု (S.S.L.R.U) နဲ့လည်း ပြီးခဲ့တဲ့ရက်ပိုင်းက ပူးပေါင်း မဟာမိတ် ဖွဲ့စည်းခဲ့ပါတယ်။",,,,,,
<urn:uuid:bc854581-d54b-46fc-b58d-14f5214f1b63>,"အန်ဇို ဖရာရီ
|ထုတ်လုပ်သည့်ခုနှစ်||၂၀၀၂–၂၀၀၄
|
400 produced
|ယခင်မော်ဒယ်လ်||ဖရာရီ F50|
|နောက်မော်ဒယ်လ်||ဖရာရီ F70|
|ကလပ်စ်||စပေါ့တ်ကား၊ ပြိုင်ကား၊ စူပါကား|
|ဘော်ဒီစတိုင်လ်||၂ယောက်စီး ဘာလီနက်တာ|
|ပုံသဏ္ဌန်||အနောက်အလယ်ပိုင်း အင်ဂျင် နောက်ယက်|
|အင်ဂျင်||6.0 L V12|
|ဂီယာ||၆ချက် ဆီမီးအော်တို|
|ဘီးအခြေ||၂၆၅၀ မီလီမီတာ|
|အရှည်||၄၇၀၂ မီလီမီတာ|
|အကျယ်||၂၀၃၅ မီလီမီတာ|
|အမြင့်||၁၁၄၇ မီလီမီတာ|
|အလေးချိန်||၁၃၆၅ ကီလိုဂရမ်|
|ဒီဇိုင်းနာ||Pininfarina|
အန်ဇို ဖရာရီသည် ဆလင်ဒါ ၁၂ လုံးနှင့် အင်ဂျင်အလယ်ပိုင်း တပ်ဆပ်ထားသော ဘာလီနက်တာ အမျိုးအစား ကားဖြစ်ပြီး ကုမ္ပဏီကို တည်ထောင်သူ အန်ဇို ဖရာရီ၏ အမည်ကိုယူ၍ နာမည်ပေးခဲ့ခြင်း ဖြစ်သည်။ ၂၀၀၂ ခုနှစ်တွင် တည်ဆောက်ခဲ့ပြီး ဖော်မြူလာဝမ်း နည်းပညာများကို အသုံးပြုထားသည်။
အန်ဇို ဖရာရီသည် တစ်နာရီလျှင် မိုင် ၆၀ (၉၇ ကီလိုမီတာ) နှုန်း အရှိန်မြှင့်ရန် ၃.၁၄ စက္ကန့်မျှ ကြာပြီး တစ်နာရီလျှင် မိုင် ၁၀၀ (၁၆၀ ကီလိုမီတာ) နှုန်းသို့ ၆.၆ စက္ကန့်အတွင်း ရောက်ရှိနိုင်သည်။",,,,,,
<urn:uuid:6a0b66b5-f9fd-4180-9dbd-51e1a00a345f>,"ထွေလာဆန်းပြား လိင်ဆောင်းပါး ဒချိချိန်မှာ ချိဖတို့ လုပ်လေ့ရှိတဲ့ အမှား (၅) ခု
လူ့လောက ဓမ္မတာအရ ဖိုနဲ့မ ပေါင်းစည်းကြတယ်ဆိုတာ ကြည့်တတ် မြင်တတ်မယ်ဆိုရင် အနုပညာတစ်ရပ်ပါပဲ။
ဒီလို အနုပညာဆန်ဆန်နဲ့ လှလှပပ ချစ်နိုင်ဖို့ဆိုရင် ယောကျာ်းရော မိန်းမပါ အမှားကင်းကင်းနဲ့ ချစ်တတ်ဖို့က အရေးကြီးပါတယ်။ ဒီတော့ အမှားကင်းကင်းနဲ့ ချစ်နိုင်ကြစေဖို့ ဒီတခေါက်မှာတော့ နှစ်ဦးသား ချစ်ရည်လူးချိန်မှာ ချိဖတို့လုပ်လေ့ရှိတဲ့ အမှား (၅) ခုကို ပြောပြပေးပါ့မယ်။
(၁) အိပ်ရာထဲမှာပဲ စရမယ် လို့ ပုံသေတွေးထားတာ
ပြောရမယ်ဆိုရင် ယောကျာ်းအများစုက ချစ်သူနဲ့တူနှစ်ကိုယ်ချစ်ဖို့ကိစ္စကို အိပ်ရာထဲရောက်မှပဲ စတတ်ကြတာများပါတယ်။ ရှင်းရှင်းလင်းလင်းပြောရမယ်ဆိုရင် နေ့တစ်နေ့ရဲ့အစမှာ တစ်ဦးနဲ့ တစ်ဦး အနမ်းပေးတာ၊ ပွေ့ဖက်တာ၊ မထိတထိ ကျီစယ်တာလေးတွေကို လုပ်ပေးဖို့ပြောချင်တာပါ။ ချိဖတို့အနေနဲ့ ဒီလို လုပ်ပေးခြင်းအားဖြင့် တစ်ဖက်သား အမျိုးသမီးက ကိုယ့်အပေါ် ယုံကြည်မှုတိုးစေမယ်၊ အတူနေတဲ့အချိန်မှာလဲ စိတ်တင်းကျပ်နေတာမျိုးမဖြစ်ဘဲ သက်သောင့်သက်သာ ခံစားရစေမယ့်အပြင် လိင်ဆက်ဆံတဲ့အခါမှာ ပိုစိတ်ကြွပြီး အထွတ်အထိပ်ရောက်စေဖို့ အထောက်အကူပြုပါတယ်။
(၂) ကနဦးနှိုးဆွမှုတွေကို အချိန်ပေးပြီး လုပ်ဖို့ စိတ်ကူးမရှိတာ
မင်းအနေနဲ့ ချစ်သူနဲ့ အတူနေချိန်တိုင်း Foreplay လို့ခေါ်တဲ့ ကနဦးနှိုးဆွမှုတွေကို အချိန်ပေးပြီး လုပ်ဖို့ မလိုဘူးလို့ တွေးနေမယ်ဆိုရင်တော့ ဒါက အမှားတစ်ခုလို့လဲ ပြောလို့ရပါတယ်။ ချိဖအနေနဲ့ ဒချိချိန်မှာ Foreplay မလုပ်ဘဲ အဓိကနေရာကိုပဲ တန်းသွားတာမျိုးက မိန်းကလေးတွေဘက်ကကြည့်ရင် အဆင်မပြေနိုင်သလို လိင်ဆက်ဆံတဲ့နေရာမှာလဲ ချောချောမွေ့မွေ့နဲ့ ကိစ္စပြီးဖို့ အထောက်အကူမဖြစ်ပါဘူး။ ဒီတော့ တစ်ဦးနဲ့ တစ်ဦး ချစ်စကားပြောတာ၊ ကိုယ်ခန္ဓာချင်းထိတွေ့တာ နဲ့ အနမ်းချင်းဖလှယ်တာတွေလိုမျိုး ကနဦးနှိုးဆွမှုကို လုပ်ပြီးမှ အဓိကအပိုင်းကို သွားနိုင်ရင် အကောင်းဆုံးပါပဲ။
(၃) စွမ်းဆောင်မှုက အဓိကအရာလို့ အချိန်ပြည့် ထင်နေတာ
ယောကျာ်းအများစုက ချစ်သူနဲ့ ကိုယ်နဲ့ နှစ်ကိုယ်ကြားမှာ ရှိတဲ့ လိင်ပိုင်းဆိုင်ရာ ဆက်နွယ်မှုက အိပ်ရာပေါ်မှာ ကြာကြာဆွဲနိုင်မှ ခိုင်မြဲမယ်လို့ ထင်တတ်ကြပါတယ်။ တကယ်လို့ ကိုယ့်မှာ သုက်ကြာကြာထိန်းမထားနိုင်တဲ့ ပြဿနာရှိနေမယ်ဆိုရင်တောင် ဒီလို ကိုယ်မစွမ်းနိုင်တဲ့ အရာကိုပဲ စိတ်ထဲမှာ စွဲပြီး စိတ်ဓာတ်ကျနေမယ်ဆိုရင်တော့ အဆင်မပြေပါဘူး။ အဲ့တော့ သူနဲ့ ကိုယ်နဲ့ ချစ်တော့မယ့်အချိန်မှာ ဒီကိစ္စကို ခဏမေ့ထားပြီး ကိုယ့်ချစ်သူကိုပဲ အာရုံစိုက်တာ၊ ပါးစပ်နဲ့ လိင်ဆက်ဆံတာ အစရှိတဲ့ အရာတွေကို အစားထိုးလုပ်ပေးနိုင်ပါတယ်။
(၄) ဆန္ဒပြည့်ဝဖို့ ထိုးသွင်းဆက်ဆံတာတစ်ခုပဲ လိုအပ်တယ်လို့ တွေးထားတာ
အမျိုးသားတွေအတွက် လိင်ဆန္ဒပြည့်ဝဖို့ဆိုရင် ထိုးသွင်းဆက်ဆံလိုက်တာနဲ့ ရတယ်ဆိုပေမယ့် အမျိုးသမီးတွေကတော့ မတူပါဘူး။ အမျိုးသမီးတွေရဲ့ နဂိုကိုယ်ခန္ဓာဖွဲ့စည်းပုံအရ လိင်စိတ်အတက်အကျက မမြန်တဲ့အတွက် ဆန္ဒပြည့်ဝဖို့ဆိုတဲ့နေရာမှာ ထိုးသွင်းဆက်ဆံတာ တစ်ခုတည်းနဲ့ မလုံလောက်ပါဘူး။ ဒီတော့ ကိုယ့်ချစ်သူလေးကိုပါ ခံစားမှုကောင်းစေဖို့ ထိုးသွင်းမဆက်ဆံခင်မှာ ပါးစပ်နဲ့ လိင်ဆက်ဆံတာ၊ လက်နဲ့ ထိုးသွင်းဆက်ဆံတာမျိုးတွေလို ကနဦးနှိုးဆွမှုတွေကို လုပ်ပေးနိုင်ပါတယ်။
(၅) ကွန်ဒုံးတစ်ခုတည်းနဲ့ နှစ်ကြိမ် ဆက်ဆံတာ
ဒါကတော့ ကွန်ဒုံးသုံးပြီး အတူနေလေ့ရှိတဲ့ ချိဖတွေအနေနဲ့ တစ်ညတည်းမှာ နှစ်ချီဆွဲတဲ့အခါမှာ ကွန်ဒုံးတစ်ခုတည်းနဲ့ နှစ်ကြိမ် သုံးကြိမ် ဆက်ဆံတာဟာ အမှားတစ်ခုပါ။ ကွန်ဒုံးအားလုံးက တစ်ခါသုံးအဖြစ်ပဲ ထုတ်လုပ်ထားတဲ့အတွက် တစ်ကြိမ်သုံးပြီးတာနဲ့ လွှင့်ပစ်ပြီး နောက်တစ်ကြိမ်ဆို နောက်တစ်ခု သုံးရမှာဖြစ်ပါတယ်။
ကွန်ဒုံးတွေနဲ့ ပက်သက်လို့ ကိုယ့် အကြိုက် အရည်အသွေးကောင်းတဲ့ ကွန်ဒုံးတွေကို ရွေးချယ်ချင်ရင်တော့ ချိဖတို့အတွက် Kiss နဲ့ Mojo ကွန်ဒုံးတွေရှိပါတယ်။ ကိုယ်ကြိုက်တဲ့ အနံ့အရသာတွေနဲ့ ပါးလွှာတဲ့ ကွန်ဒုံးအမျိုးအစားတွေကို Kiss မှာ ရွေးချယ်လို့ရသလို့ လက်တွဲဖော်ရဲ့ စိတ်ဆန္ဒတွေကို ခံစားမှုကောင်းကောင်းနဲ့ ပေးစွမ်းနိုင်ဖို့ ဆိုရင်တော့ Mojo ကွန်ဒုံးတွေကို ရွေးချယ်လို့ရပါတယ်။ အောက်က လင့်ခ်မှာ ကိုယ်ကြိုက်နှစ်သက်ရာ ကွန်ဒုံးကို ရွေးချယ်လို့ရနိုင်ပါတယ်ခင်ဗျာ…
ကွန်ဒုံးများ ရွေးချယ်ရန်လင့်ခ် >> https://www.thiloyarmay.org/brands/condoms/",,,,,,
<urn:uuid:08240aa6-6504-45d6-9206-af01d6bd080a>,"ဒီဇင်ဘာ ၁၁ ။ ။ အိန္ဒိယနိုင်ငံ အရှေ့ပိုင်း၌ ခရီးသည်တင်ရထားတစ်စင်း တိုက်ပြီး ဒီဇင်ဘာ ၁၁ ရက်တွင် ဆင်နှစ်ကောင် သေဆုံးခဲ့ရမှု ဖြစ်ပွားခဲ့သည်။
ဝိုင်းအုံကြည့်ရှုနေကြသည့် လူများက အဆိုပါ ဆင်သေနှစ်ကောင်ကို ပန်းများ ဖုံးလွှမ်းပေးပြီး မီးသင်္ဂြိုဟ်ခဲ့ကြသည်။
ကုန်လွန်ခဲ့သည့် ငါးနှစ်အတွင်း နီပေါနယ်စပ်တစ်လျှောက်အနီးက ယခု ဖြစ်ပွားသော ရထားလမ်းပိုင်းတွင် ရထားတိုက်၍ ဆင်ကောင်ရေ ၂၆ ကောင် သေဆုံးကာ နှစ်ဆယ်ကျော်ထက်မနည်း ထိခိုက်အနာတရဖြစ်ကြောင်း သဘာဝတောရိုင်းတိရစ္ဆာန်ရေးရာ တာဝန်ရှိသူများက ပြောသည်။
ယခု သေဆုံးသည့် နှစ်ကောင်တွင် တစ်ကောင်မှာ ကိုယ်ဝန်ကြီးနှင့်ဖြစ်ပြီး နံနက် လေးနာရီခွဲခန့်က ရထားလမ်းကို ဖြတ်စဉ် တိုက်မိကြကာ သေဆုံးခြင်းဖြစ်သည်ဟု မြောက်ပိုင်းဒေသရထားလမ်းဌာန ပြောခွင့်ရသူ ဆတ်ဟန်နန်ချန်ဒါက ပြောခဲ့သည်။
“အဲဒီ နေရာမှာ မြူသိပ်သည်းပြီး မြင်ကွင်း ကောင်းကောင်း မမြင်ရတာကြောင့် ခုလို တိုက်မိတာ ဖြစ်နိုင်ပါတယ်။”ဟု ၎င်းက ဖြည်စွက်ပြောသည်။
သစ်တောဝန်ထမ်းများနှင့် တောရိုင်းတိရစ္ဆာန်ရေးရာ တာဝန်ရှိသူများက ယခုကဲ့သို့သော မတော်တဆ ဖြစ်ရပ်များကြောင့် ညကြီးပိုင်း ရထားများ မပြေးဆွဲရန် တာဝန်ရှိသူများအား ထပ်တလဲလဲ တိုက်တွန်းလျက် ရှိနေသည်။
Mizzima Key Campaign မှာ ပါဝင်ဖို့ ဖိတ်ခေါ်လိုက်ပါတယ်။ Visit Our website: http://building.mizzimafoundation.org/",,,,,,
<urn:uuid:d2a2be87-f1be-499d-bbcc-7d42aa4beaa0>,"#POINTYouthPlatform #POINT
သင်ဝိတ်ချတဲ့အခါ ရေက များများသောက်သင့်တဲ့ ကယ်လိုရီဓါတ်အနည်းဆုံး အစားအစာတစ်ခု ဖြစ်ပါတယ်။ သင့်ရဲ့ခန္ဒာကိုယ်အရွယ်အစားပေါ် မူတည်ပြီး သင်နေ့စဉ် သောက်သုံးသင့်တဲ့ ရေပမာဏာလည်း မတူညီပါဘူး။
(၁) ကာယလေ့ကျင့်ခန်းလုပ်ရာမှာ ရေဓာတ်ပြည့်ဝမှ ဝိတ်ကျမှာဖြစ်ပါတယ်။
အကယ်၍ သင်ဟာရေဓာတ်ပြည့်ဝနေရင် ကာယလေ့ကျင့်ခန်းနှင့် ဝိတ်ကျစေဖို့ အထောက်အကူ ဖြစ်ပါတယ်။ သင်ရဲ့ခန္ဒကိုယ် အလေးချိန် ၂ရာခိုင်နှုန်း မကျသေးသ၍ ရေဆာမှာမဟုတ်ပါဘူးလို့ “The American Journal of Clinical Nutrition” ရဲ့ လေ့လာတွေ့ရှိချက်အရ သိရပါတယ်။
(၂) ရေများများသောက်ခြင်းက အစာခြေဖျက်မှုစနစ်အားပိုကောင်းစေပါတယ်။
သင်ရေသောက်တိုင်း၊ အစာစားတိုင်းမှာ သင်ရဲ့ခန္ဓကိုယ်က ကယ်လိုရီတွေ လောင်ကျွမ်းစေပါတယ်။ The Journal of Endocrinology & Metabolism ဂျာနယ်ရဲ့လေ့လာချက်အရ ရေ၁၆အောင်စ သောက်သုံးခြင်းက အစာခြေဖျက်မှုစနစ် ၃၀ရာခိုင်နှုန်းကို လျော့ကျစေနိုင်ပါတယ်။ တစ်နေ့ရေ၁.၅လီတာ သောက်သုံးခြင်းဖြင့် ကယ်လိုရီ၂၀ဝလောင်ကျွမ်းစေတယ်လို့ သိရပါတယ်။
(၃) ရေသောက်ခြင်းကပိုဗိုက်ဆာစေပါတယ်။
ရေရဲ့အစွမး်သတ္တိက ဗိုက်ပြည့်စေဖို့ထက် ပိုပြီးဗိုက်ဆာစေပါတယ်။ အစာမရှိခြင်း၊ ဂလုပ်လုပ်မြည်ခြင်း၊ အားမရှိခြင်း၊ ရွှင်မြူးခြင်း၊ တတာတွေက ဗိုက်ဆာတယ်လို့ ခံစားရစေပါတယ်။ “University of Oxford” လေ့လာချက်အရ ကယ်လိုရီအနည်းငယ်ပါတဲ့ အစားမစားခင် မိနစ်၃၀အလို ရေ၁၆အောင်စသောက်ခြင်းဖြင့် ၂.၆ပေါင်ပိုပြီး ဝိတ်ကျစေပါတယ်။
(၄) တခြားအချိုရည်များသောက်သုံးခြင်းမှကင်းဝေးစေပါတယ်။
ဖျော်ရည်ယမကာနှိုင်းယှဉ်လိုက်ရင်တော့ ရေကပိုကောင်းပါတယ်။ BMC Public Health အဖွဲ့ရဲ့ လေ့လာချက်အရ ဖျော်ရည်ယမကာထဲမှာ ၃.၄အောင်စ ရေထည့်ခြင်းဖြင့် ကယ်လိုရီဝ.၇အောင်စလျော့ချ စေ နိုင်တယ်လို့သိရပါတယ်။
Writer & Translator : Shwe Yi
*** Unicode ***
#POINTYouthPlatform #POINT
သင်ဝိတ်ချတဲ့အခါ ရေက များများသောက်သင့်တဲ့ ကယ်လိုရီဓါတ်အနည်းဆုံး အစားအစာတစ်ခု ဖြစ်ပါတယ်။ သင့်ရဲ့ခန္ဒာကိုယ်အရွယ်အစားပေါ် မူတည်ပြီး သင်နေ့စဉ် သောက်သုံးသင့်တဲ့ ရေပမာဏာလည်း မတူညီပါဘူး။
(၁) ကာယလေ့ကျင့်ခန်းလုပ်ရာမှာ ရေဓာတ်ပြည့်ဝမှ ဝိတ်ကျမှာဖြစ်ပါတယ်။
အကယ်၍ သင်ဟာရေဓာတ်ပြည့်ဝနေရင် ကာယလေ့ကျင့်ခန်းနှင့် ဝိတ်ကျစေဖို့ အထောက်အကူ ဖြစ်ပါတယ်။ သင်ရဲ့ခန္ဒကိုယ် အလေးချိန် ၂ရာခိုင်နှုန်း မကျသေးသ၍ ရေဆာမှာမဟုတ်ပါဘူးလို့ “The American Journal of Clinical Nutrition” ရဲ့ လေ့လာတွေ့ရှိချက်အရ သိရပါတယ်။
(၂) ရေများများသောက်ခြင်းက အစာခြေဖျက်မှုစနစ်အားပိုကောင်းစေပါတယ်။
သင်ရေသောက်တိုင်း၊ အစာစားတိုင်းမှာ သင်ရဲ့ခန္ဓကိုယ်က ကယ်လိုရီတွေ လောင်ကျွမ်းစေပါတယ်။ The Journal of Endocrinology & Metabolism ဂျာနယ်ရဲ့လေ့လာချက်အရ ရေ၁၆အောင်စ သောက်သုံးခြင်းက အစာခြေဖျက်မှုစနစ် ၃ဝရာခိုင်နှုန်းကို လျော့ကျစေနိုင်ပါတယ်။ တစ်နေ့ရေ၁.၅လီတာ သောက်သုံးခြင်းဖြင့် ကယ်လိုရီ၂ဝဝလောင်ကျွမ်းစေတယ်လို့ သိရပါတယ်။
(၃) ရေသောက်ခြင်းကပိုဗိုက်ဆာစေပါတယ်။
ရေရဲ့အစွမ်းသတ္တိက ဗိုက်ပြည့်စေဖို့ထက် ပိုပြီးဗိုက်ဆာစေပါတယ်။ အစာမရှိခြင်း၊ ဂလုပ်လုပ်မြည်ခြင်း၊ အားမရှိခြင်း၊ ရှွင်မြူးခြင်း၊ တတာတွေက ဗိုက်ဆာတယ်လို့ ခံစားရစေပါတယ်။ “University of Oxford” လေ့လာချက်အရ ကယ်လိုရီအနည်းငယ်ပါတဲ့ အစားမစားခင် မိနစ်၃ဝအလို ရေ၁၆အောင်စသောက်ခြင်းဖြင့် ၂.၆ပေါင်ပိုပြီး ဝိတ်ကျစေပါတယ်။
(၄) တခြားအချိုရည်များသောက်သုံးခြင်းမှကင်းဝေးစေပါတယ်။
ဖျော်ရည်ယမကာနှိုင်းယှဉ်လိုက်ရင်တော့ ရေကပိုကောင်းပါတယ်။ BMC Public Health အဖွဲ့ရဲ့ လေ့လာချက်အရ ဖျော်ရည်ယမကာထဲမှာ ၃.၄အောင်စ ရေထည့်ခြင်းဖြင့် ကယ်လိုရီဝ.ရအောင်စလျော့ချ စေ နိုင်တယ်လို့သိရပါတယ်။
Writer & Translator : Shwe Yi",,,,,,
<urn:uuid:cbf361a0-4d74-472a-b78d-5cd6d8d2a935>,"ဒေါ်အောင်ဆန်းစုကြည်ကို ဆဲဆိုခဲ့သူ၊ နွေဦးတော်လှန် ရေးကို လှောင်ပြောင်ခဲ့သော ခလရ ၁ မှ ဗိုလ်ကြီးနေမျိုးသူနှင့် တပ်ကြပ်ကြီး ဌေးဝင်း ရေချိုးရန် သွားစဉ် လက်နက်ကြီး တည့်တည့်ကျ၍ ထိမှန်သေဆုံး
ရန်ကုန်၊ ဒီဇင်ဘာ ၃၁
ဒေါ်အောင်ဆန်းစုကြည်ကို ဆဲဆိုခဲ့သူ၊ နွေဦးတော်လှန် ရေး ကို လှောင်ပြောခဲ့သော ခလရ ၁ မှ ဗိုလ်ကြီးနေမျိုးသူနှင့် တပ်ကြပ်ကြီး ဌေးဝင်းတို့သည် ကရင်နီပြည်နယ်တွင် ရေချိုးရန် သွားစဉ် လက်နက်ကြီးထိမှန်သေဆုံးကြောင်း ရင်းနှီးသော မိတ်ဆွေများနှင့်ဒေသသတင်းရင်းမြစ်ထံမှ သိရှိရသည်။
နိုဝင်ဘာလ ၂၆ ရက်နေ့ ပဲခူးတိုင်း၊ မင်းလှမြို့နယ် စိန်ကန့်လန့်ရွာအခြေစိုက် ခလရ ၁ တပ်မှ ဗိုလ်ကြီး နေမျိုးသူနှင့် ၎င်း၏တပည့်ဖြစ်သူ တပ်ကြပ်ကြီး ဌေးဝင်းတို့သည် ကရင်နီပြည်နယ်(ကယား) လောပိတစခန်းတွင် တာဝန်ကျစဉ် ရေချိုးသွားရန် ကတုတ် ကျင်း ထဲမှ အထွက် PDFတပ်များက ပစ်ခတ်သည့် ၄၀ မမ လက်နက်ကြီးကျည်သည် ၎င်းတို့နှစ်ဦးပေါ်ကျရောက်ပေါက်ကွဲ၍ သေဆုံးသွားခြင်းဖြစ်ကြောင်း သိရှိရသည်။
စစ်တက္ကသိုလ် အပတ်စဉ် ၅၃ ကျောင်းဆင်းဗိုလ်ကြီး နေမျိုးသူသည် ဒေါ်အောင်ဆန်းစုကြည်ကို လူမှုကွန်ရက် တွင် မကြာခဏဆိုသလို ဆဲဆိုနေသူဖြစ်ပြီး နွေဦးတော်လှန်ရေးကို အမြဲတစေ လှောင်ပြောင်သူ ဖြစ်ကြောင်း ၊ ဗိုလ်ကြီးနေမျိုးသူ သေဆုံးချိန်တွင် အသက် ၈ နှစ်အရွယ် သမီးဖြစ်သူနှင့် ဇနီးသည် ကျန်ခဲ့ရစ်ခဲ့ကြောင်း သိရှိရသည်။
ဗိုလ်ကြီး နေမျိုးသူသည် ၂၀၂၁ ခုနှစ် အောက်တို ဘာလ ၂၇ ရက်နေ့ မင်း လှတွင် တာဝန်ကျခဲ့စဉ်က သက်ပိုင်မိုဘိုင်းဖုန်းဆိုင်ပိုင်ရှင်ကိုသက်ပိုင်ကို အနိုင်ကျင့် ဦးခေါင်းကို သေနတ်ဒင်ဖြင့် ရိုက်ခွဲ ဖမ်းဆီးခဲ့ကြောင်း သိရှိရသည်။
ဓာတ်ပုံ- လက်နက်ကြီးထိမှန်သေဆုံးသွားသော ဗိုလ်ကြီးနေမျိုးသူ။
ဒေါ်အောင်ဆန်းစုကြည်ကို ဆဲဆိုခဲ့သူ၊ နွေဦးတော်လှန် ရေးကို လှောင်ပြောင်ခဲ့သော ခလရ ၁ မှ ဗိုလ်ကြီးနေမျိုးသူနှင့် တပ်ကြပ်ကြီး ဌေးဝင်း ရေချိုးရန် သွားစဉ် လက်နက်ကြီး တည့်တည့်ကျ၍ ထိမှန်သေဆုံး
ရန်ကုန်၊ ဒီဇင်ဘာ ၃၁
ဒေါ်အောင်ဆန်းစုကြည်ကို ဆဲဆိုခဲ့သူ၊ နွေဦးတော်လှန် ရေး ကို လှောင်ပြောခဲ့သော ခလရ ၁ မှ ဗိုလ်ကြီးနေမျိုးသူနှင့် တပ်ကြပ်ကြီး ဌေးဝင်းတို့သည် ကရင်နီပြည်နယ်တွင် ရေချိုးရန် သွားစဉ် လက်နက်ကြီးထိမှန်သေဆုံးကြောင်း ရင်းနှီးသော မိတ်ဆွေများနှင့်ဒေသသတင်းရင်းမြစ်ထံမှ သိရှိရသည်။
နိုဝင်ဘာလ ၂၆ ရက်နေ့ ပဲခူးတိုင်း၊ မင်းလှမြို့နယ် စိန်ကန့်လန့်ရွာအခြေစိုက် ခလရ ၁ တပ်မှ ဗိုလ်ကြီး နေမျိုးသူနှင့် ၎င်း၏တပည့်ဖြစ်သူ တပ်ကြပ်ကြီး ဌေးဝင်းတို့သည် ကရင်နီပြည်နယ်(ကယား) လောပိတစခန်းတွင် တာဝန်ကျစဉ် ရေချိုးသွားရန် ကတုတ် ကျင်း ထဲမှ အထွက် PDFတပ်များက ပစ်ခတ်သည့် ၄၀ မမ လက်နက်ကြီးကျည်သည် ၎င်းတို့နှစ်ဦးပေါ်ကျရောက်ပေါက်ကွဲ၍ သေဆုံးသွားခြင်းဖြစ်ကြောင်း သိရှိရသည်။
စစ်တက္ကသိုလ် အပတ်စဉ် ၅၃ ကျောင်းဆင်းဗိုလ်ကြီး နေမျိုးသူသည် ဒေါ်အောင်ဆန်းစုကြည်ကို လူမှုကွန်ရက် တွင် မကြာခဏဆိုသလို ဆဲဆိုနေသူဖြစ်ပြီး နွေဦးတော်လှန်ရေးကို အမြဲတစေ လှောင်ပြောင်သူ ဖြစ်ကြောင်း ၊ ဗိုလ်ကြီးနေမျိုးသူ သေဆုံးချိန်တွင် အသက် ၈ နှစ်အရွယ် သမီးဖြစ်သူနှင့် ဇနီးသည် ကျန်ခဲ့ရစ်ခဲ့ကြောင်း သိရှိရသည်။
ဗိုလ်ကြီး နေမျိုးသူသည် ၂၀၂၁ ခုနှစ် အောက်တို ဘာလ ၂၇ ရက်နေ့ မင်း လှတွင် တာဝန်ကျခဲ့စဉ်က သက်ပိုင်မိုဘိုင်းဖုန်းဆိုင်ပိုင်ရှင်ကိုသက်ပိုင်ကို အနိုင်ကျင့် ဦးခေါင်းကို သေနတ်ဒင်ဖြင့် ရိုက်ခွဲ ဖမ်းဆီးခဲ့ကြောင်း သိရှိရသည်။
ဓာတ်ပုံ- လက်နက်ကြီးထိမှန်သေဆုံးသွားသော ဗိုလ်ကြီးနေမျိုးသူ။
crd",,,,,,
<urn:uuid:766adffd-21d6-4352-91a0-b260a319b35a>,"မီးရထားအဆင့် Crossing များပြားကား 2 ဒဏ်ရာရရှိခဲ့သည်: Zonguldak Çaycuma၏ခရိုင်အတွင်းရှိဖြစ်ပွားခဲ့သည်သောမတော်တဆထိခိုက်မှုအတွက်လူနှစ်ဦးဒဏ်ရာရရှိခဲ့သည်။
အဆိုပါမတော်တဆမှုနံနက်အချိန်၌ 07.10 အတွက်ဖြစ်ပွားခဲ့သည်။ ရွာ ZZ 67 982 ပန်းကန်ကားတစ်စီး၏ဗဟိုကိုသှားတဲ့သူÇaycumaခရိုင်Gökçetabaklar, ကုန်တင်မီးရထားအဆင့်ကိုကူးဖြတ်သန်းရာမှရပ်ကွက်သဘောင်္သားဆော။ မော်တော်ကားဒရိုင်ဘာလင်းယုန်နေ့ (46) နှင့်Çaycumaမြူနီစီပယ်မီးသတ်တပ်ဖွဲ့ဝင်များနှင့် 20 ဒဏ်ရာရလုပ်သားများအားဖြင့်လာမယ့်လင်းယုန် (112) တည်ရှိသည်သူ့သား Yasin ယာဉ်ထဲကနေဖယ်ရှားခံခဲ့ရသည်။
လင်းယုန်နေ့, Zonguldak Ataturk ပြည်နယ်, Yasin အဆိုပါလင်းယုန်Çaycumaပြည်နယ်ဆေးရုံသို့ခေါ်ဆောင်သွားခဲ့သည်။ ကြေညာချက်ရဲစခန်းမှာဖြန့်ချိလိုက်ပြီးနောက်စက်လုပ်သမား Muharram တောင်းဆိုမှုကို။ ရဲတပ်ဖွဲ့မတော်တဆမှုနှင့် ပတ်သက်. စုံစမ်းစစ်ဆေးစတင်ဆောင်ရွက်ခဲ့သည်။",,,,,,
<urn:uuid:d7d242f0-7cff-4ef8-9a0a-9744d27124dd>,"Cookie Asia - အာရှတွင်းအစီအစဉ်များကို အဓိကတင်ဆက်သွားမည့် ပထမဆုံးကိုယ်ပိုင်ရုပ်သံလိုင်းကို Cookie TV မှ စတင်မိတ်ဆက်
ဇွန် ၁၂ ရက် ၊ ၂၀၁၉
ရန်ကုန်၊ မြန်မာ
မိုဘိုင်း(လ်) တီဗီအပ်ပလီကေးရှင်းဖြစ်သော Cookie TV သည် အာရှတစ်ခွင်မှ စိတ်ဝင်စားစရာ အစီအစဉ်များကို အဓိကတင်ဆက်သွားမည့် ပထမဆုံး ကိုယ်ပိုင်ရုပ်သံလိုင်းကို စတင်မိတ်ဆက်လိုက်သည်။ Cookie Asia ဟုအမည်ပေးထားသည့် ရုပ်သံလိုင်းကို ၂၄ နာရီပြသသွားမည်ဖြစ်ပြီး ဇွန်လ ၁၇ ရက်နေ့တွင် စတင်ထုတ်လွှင့်သွားမည်။
မြန်မာ ၊ကိုရီးယား၊ တရုတ်၊ ထိုင်းစသည့် အာရှဒေသတွင်းမှ ရုပ်ရှင်ဇာတ်ကားများနှင့် နောက်ဆုံးထွက် TV Show များ စသဖြင့် အမျိုးအစားစုံလင်သော အစီအစဉ်များစွာကို တင်ဆက်သွားရန် ရည်ရွယ်ချက်ဖြင့် Cookie Asia ကို ထုတ်လွှင့်ခြင်းဖြစ်သည်။
Cookie TV ၏ CEO ဖြစ်သူ မသူဇာမိုးက “Cookie TV သည် အကောင်းတကာ့အကောင်းဆုံး အစီအစဉ်များနှင့် ကြည့်ရှုမှုအတွေ့အကြုံများကို ထုတ်လွှင့်ပေးရင်း မြန်မာပရိသတ်များ၏ များပြားလာသော လိုအပ်ချက်များနှင့် ကိုက်ညီစေရန် အမြဲကြိုးစားလျက်ရှိသည်။ အာရှတွင်းမှအစီအစဉ်များသည် ကြည့်ရှုသူများနှင့် အကျွမ်းတဝင်ရှိပြီးဖြစ်သလို Cookie TV တွင် လူကြိုက်အများဆုံး အစီအစဉ်လည်းဖြစ်သည်။ ကြည့်ရှုသူများ၏များပြားလာသော လိုအပ်ချက်များကို ဖြည့်ဆည်းပေးနိုင်မည့် ကိုယ်ပိုင်ဖန်တီးမှုအစီအစဉ်များကို တင်ဆက်ရန် စီစဉ်နေပြီး မကြာမီကာလအတွင်း Cookie TV တစ်နေရာတည်းတွင်သာ သီးသန့်ကြည့်ရှုနိုင်တော့မည်ဖြစ်သည်။” ဟုပြောကြားခဲ့သည်။
ဇွန်လတွင်စတင်ထုတ်လွှင့်မည့် Cookie Asia တွင် SECRET OF THE THREE KINGDOMS နှင့် CRUEL ROMANCE စသည့် တရုတ် drama ဇာတ်လမ်းတွဲများကို ပြသမိတ်ဆက်သွားမည်ဖြစ်သည်။
SECRET OF THE THREE KINGDOMS သည် ရှေးဟောင်းနောက်ခံ drama ဇာတ်လမ်းတွဲဖြစ်သည်။ ဘုရင်သုံးပါးအုပ်ချုပ်သည့် ကာလအတွင်းက လျှို့ဝှက်ချက်များနှင့် အားပြိုင်မှုများကို အသားပေးရိုက်ကူးထားသည့်ဇာတ်လမ်းဖြစ်သည်။
CRUEL ROMANCE သည် ၂၀၁၅ ခုနှစ်တွင် တရုတ်နိုင်ငံတွင်ထွက်ရှိကတည်းက အောင်မြင်မှုများစွာ သိမ်းပိုက်နိုင်ခဲ့ပြီး ၂၀၁၅ နှစ်ဝက်အတွက် ဒုတိယ လူကြိုက်အများဆုံး တီဗီဇာတ်လမ်းတွဲဖြစ်ကာ အွန်လိုင်းတွင်ကြည့်ရှုသူ သန်း၅ဝအထိရှိခဲ့သည်။
LEVEL UP ဟုအမည်ရသည့် ကိုရီးယားဇာတ်လမ်းတွဲအသစ်သည် Cookie TV ၏ ပထမဆုံး ကိုယ်ပိုင်ဖန်တီးမှုဇာတ်လမ်းတွဲဖြစ်ပြီး SINGLE LIFE reality show မှ နာမည်ကြီး ကိုရီးယားသရုပ်ဆောင်များဖြစ်သည့် Han Bo Reum နှင့် Sung Hoon တို့ပါဝင်သည်။ LEVEL UP ဇာတ်လမ်းတွဲအသစ်ကို ဇူလိုင်၁၀ရက်နေ့တွင် ကိုရီးယားနိုင်ငံတွင် ထုတ်လွှင့်သွားဖြစ်ပြီး Cookie TV အသုံးပြုသူများအနေဖြင့် ကိုရီးယားနှင့်တစ်ချိန်တည်း ကြည့်ရှုနိုင်မည်။
ကိုရီးယားဇာတ်လမ်းတွဲများနှင့် reality show များ ၊ မြန်မာ၊ ထိုင်းနှင့် အင်ဒိုနီးရှားတို့မှ ရုပ်ရှင်ဇာတ်ကားများကိုလည်း Cookie Asia တွင် ယခုနှစ်အတွင်း ထပ်တိုးပြသသွားမည်ဖြစ်သည်။
Cookie TV အကြောင်း
Cookie TV သည် Live TV နှင့် ရုပ်ရှင်ကားများကို နေရာမရွေး အချိန်မရွေး ကြည့်ရှုနိုင်မည့် mobile TV ဖြစ်သည်။ Cookie TV ဧ။် လစဉ်ကြည့်ရှုခကောက်ခံသည့် Live TV plan များတွင် ပြည်တွင်းရုပ်သံလိုင်းများနှင့် ကမ္ဘာတစ်ဝန်းနာမည်ကြီး နိုင်ငံတကာရုပ်သံလိုင်းများသာမက ထုတ်လွှင့်ပြီးသား အစီအစဉ်များကိုအချိန်မရွေးပြန်လည်ကြည့်ရှုနိုင်မည့် catch-up service ပါဝင်သည့်အတွက် အသုံးပြုသူများအား ပိုမိုအဆင်ပြေစေပါသည်။ Cookie TV ဖြင့် ရုပ်ရှင်များကို အလွယ်တကူကြည့်ရှုနိုင်မည့်အပြင် ဟောလိဝုဒ်မှ နောက်ဆုံးထွက် အသစ်စက်စက်ရုပ်ရှင်များနှင့် ကိုရီးယား TV show များ၊ ရုပ်ရှင်များကိုပါ တစ်ကားချင်းပေးပြီး သို့မဟုတ် classic ရုပ်ရှင်များအတွက်လည်း album အလိုက် လစဉ်ကြေးဖြင့်ကြည့်နိုင်သည့်အစီအစဉ်ပါရှိသည်။ မကြာခင်ကာလအတွင်း ပိုမိုစုံလင်ကောင်းမွန်သော အစီအစဉ်များကို ထပ်တိုးပြသသွားမည့်အပြင် TV show များ၊ မြန်မာ၊ ထိုင်း၊ တရုတ် နှင့် အိန္ဒိယ စသည့် မတူညီသောဒေသအသီးသီးမှ ရုပ်ရှင်များပါ ပါဝင်မည်ဖြစ်ပါသည်။ Cookie TV အကြောင်း ထပ်မံသိရှိလိုပါက official website ဖြစ်သည့် https://www.cookie-tv.com/ သို့မဟုတ် facebook page https://www.facebook.com/cookietvmyanmar/ သွားရောက်လေ့လာနိုင်ပါသည်။",,,,,,
<urn:uuid:caa754f7-1766-4202-a730-1bd32f2bee3d>,"မြန်မာနိုင်ငံကနေ အမေရိကန်ပြည်ထောင်စု Kansas ပြည်နယ် Kansas City ကို ပြီးခဲ့တဲ့နှစ်က ဒုက္ခသည်တွေအဖြစ် ရောက်ရှိလာကြတဲ့ ချင်းမိသားစုအနက် အသက် (၁၇)နှစ်အရွယ် Om Kee Hata ဟာ ပြီးခဲ့တဲ့ သောကြာနေ့က မတော်တဆ ရေနစ်သေဆုံးခဲ့ပါတယ်။ မိခင်နဲ့အတူ ရောက်ရှိလာတဲ့ သားသမီး ငါးဦးထဲက အကြီးဆုံးဖြစ်တဲ့ Om Kee Hata ဟာ အားကစားထူးချွန်တဲ့အတွက် ကျောင်းမှာလည်း ဘောလုံးအသင်းရဲ့ ကပ္ပတိန်ဖြစ်ပါတယ်။
မိသားစုအတွက်လည်း တဖက်တလမ်းကနေပြီး ရှာဖွေကူညီပေးနေတဲ့သူဖြစ်တဲ့အတွက်ကြောင့် အခုလို ရုတ်တရက်သေဆုံးမှုအတွက် မြို့ခံတွေက ၀မ်းနည်းမဆုံးဖြစ်နေကြပါတယ်။
အကြောင်းစုံကို ဒေါ်လှလှသန်းက တင်ပြမှာပါ။
အသက် (၁၇)နှစ်အရွယ် ချင်းလူငယ် Om Kee Hata ဟာ အသက် (၁)နှစ်ကနေ (၁၅)နှစ်အထိရှိတဲ့ ညီငယ်၊ ညီမငယ် လေးဦးနဲ့အတူ မိခင်နဲ့ အမေရိကန်ပြည်ထောင်စု Kansas ပြည်နယ် Kansas City မှာ ပြီးခဲ့တဲ့နှစ်က ဒုက္ခသည်စခန်းကနေ လာရောက်အခြေချခဲ့တာဖြစ်ပါတယ်။ သူဟာ Miami ခရိုင်ရှိ Hillsdale ရေကန်မှာ ပြီးခဲ့တဲ့သတင်းပတ် ဇူလိုင်လ (၇)ရက် သောကြာနေ့က ရေနစ်သေဆုံးခဲ့တာဖြစ်ပါတယ်။ အလောင်းကို ပြန်ရှာဖွေတွေ့ရှိခဲ့ရာမှာ ရဲက စစ်ဆေးခဲ့ပြီးနောက် Om Kee Hata ဟာ မတော်တဆ ရေနစ်သေဆုံးခဲ့တာဖြစ်တယ်လို့ ရဲကဆုံးဖြတ်ခဲ့ပါတယ်။
ခုလို ဒုက္ခသည်ဘ၀ကနေ အခက်အခဲတွေ လွတ်မြောက်ကျော်လွန်ပြီး အမေရိကန်မှာ လာရောက်အခြေချနေထိုင်ခဲ့တဲ့ Om Kee Hata ရေနစ်သေဆုံးမှုအတွက် Kansas City ရှိ ရုပ်သံလွှင့်သတင်းဌာနနဲ့ သတင်းတွေမှာ အကျယ်တ၀န့်ဖေါ်ပြခဲ့ကြပြီး သူနဲ့ သိကျွမ်းသူတွေကလည်း ၀မ်းနည်းမဆုံး ဖြစ်ကြတဲ့အကြောင်း ထုတ်ဖေါ်ပြောကြားခဲ့ကြပါတယ်။
Om Kee Hata ဟာ မိခင်ဖြစ်သူကို မိသားစုရဲ့ဝင်ငွေ တဖက်တလမ်းကရှာဖွေပေးနေသူ ဖြစ်တဲ့အတိုင်း နွေရာသီ အားလပ်ရက်တွေမှာ အလုပ်လုပ်ရာမှာ ဒီနှစ်မှာတော့ အရှေ့မြောက် Kansas City ကုန်သည်ကြီးများအသင်းမှာ အလုပ်ဝင်ခဲ့ပါတယ်။ ကုန်သည်ကြီးများအသင်းရဲ့ ဘုတ်အဖွဲ့ဥက္ကဌ Bobbi Baker Hughes က အခုလို Hata ကွယ်လွန်မှုအတွက် ၀မ်းနည်းကြောင်း သတင်းမီဒီယာကို ပြောခဲ့ပါတယ်။
“ လူငယ်ချစ်ကြည်ရေးသံတမန်တွေအဖြစ် ဒီနှစ်အတွက် ကျမတို့က (၆)ဦးကို ငှားရမ်းခဲ့ပါတယ်။ သူတို့က ပန်းပင်တွေ စိုက်ကြတယ်။ ရေလောင်းကြတယ်။ ပေါင်းမြက်တွေ နုတ်ကြတယ်။ ကျမတို့ရဲ့ လမ်းတွေကို သာယာလှပအောင် လုပ်ပေးခဲ့ကြတယ်။ Hata က အခုလိုနွေရာသီမှာ သူအလုပ်လုပ်ပြီး သူ့မိသားစုကို ထောက်ပံ့ခဲ့တာပါ။ သူ့အဖေက မြန်မာနိုင်ငံမှာပဲ ကျန်ရစ်ခဲ့တဲ့အတွက် သူက မိသားစုရဲ့ဝင်ငွေကို တဖက်တလှမ်းက ရှာဖွေပေးနေသူဖြစ်ပါတယ်။ ကျမတို့ မြို့အတွက်တော့ အရည်အချင်းရှိတဲ့ အနာဂတ်လူငယ်တဦး ဆုံးရှုံးခဲ့တယ်လို့ ကျမခံစားရပါတယ်။”
ဖခင်ဖြစ်သူကတော့ မိခင်ကိုနှိပ်စက်တဲ့အတွက် မိခင်ဖြစ်သူက ဒုက္ခသည်စခန်းကနေအမေရိကန်ပြည်ထောင်စုကို လာရောက်အခြေချဖို့ ဆုံးဖြတ်ခဲ့တာဖြစ်တယ်လို့ Kansas City သတင်းတွေမှာ ဖေါ်ပြထားပါတယ်။ သူကတော့ သူ့ဖခင်ကို ခွင့်လွှတ်ပြီး အမေရိကန်ပြည်ထောင်စုကို တနေ့ လာရောက်အခြေချကာ မိသားစုတွေပြန်လည်စုံဆည်းနိုင်ကြလိမ့်မယ်လို့ မျှော်လင့်တဲ့အကြောင်း သူ့မြို့ရဲ့ဘောလုံးအသင်း ဥက္ကဌ Mariya Goodbrake ကိုပြောခဲ့တယ်လို့ အသင်းဥက္ကဌက သတင်းမီဒီယာတွေကိုပြောပါတယ်။ Goodbrake က Hata တို့လို ဒုက္ခသည် ကလေးတွေနဲ့ တွဲ အလုပ်လုပ်ခါ Global FC လို့ ခေါ်တဲ့ဘောလုံးအသင်းကို ထူထောင်ပြီး ဒုက္ခသည်ကလေးတွေကို ကူညီဆောင်ရွက်ပေးနေသူဖြစ်ပါတယ်။ Hata ဟာ ယဉ်ကျေးလိမ္မာပြီး စာကြိုးစာတဲ့သူဖြစ်တဲ့အပြင် ခေါင်းဆောင် အရည်အချင်းပြည့်ဝသူဖြစ်တယ်လို့ သူကရှုမြင်တာဖြစ်တယ်လို့ ပြောပါတယ်။ Kansas City ရှိ East High School ကျောင်းမှာ တက်နေသူ Hata ဟာ မနက်တိုင်း စောစောလာပြီး အင်္ဂလိပ်စကားပြော လေ့ကျင့်ခဲ့ပြီး စိတ်ဓါတ်ခိုင်မာတဲ့သူဖြစ်တာ တွေ့ရတယ်လို့ သူရဲ့ အင်္ဂလိပ်စာ ဆရာ Doug Bartel ကသတင်းမီဒီယာကို ပြောခဲ့ပါတယ်။ ခရစ်ယာန်ဘာသာဝင် ချင်းတိုင်းရင်းသား Hata ဟာ ဘောလုံးအားကစားမှာ ထူးချွန်တဲ့အတွက်ကြောင့်လည်း သူဟာ ကျောင်းရဲ့ ဘောလုံးအသင်း ကပ္ပတိန်ဖြစ်လာခဲ့ပါတယ်။
ဘောလုံးနည်းပြ John Parker က Hata ဟာ နှလုံးရည်လက်ရုံးရည်ရှိတဲ့ လူငယ်တဦးဖြစ်တဲ့အပြင် သူ့လို ကြိုးစားတဲ့လူငယ်မျိုး ရနိုင်ဖို့က ခက်ခဲတယ်လို့ သတင်းမီဒီယာကို ပြောခဲ့ပါတယ်။ ဒါအပြင် Hata ဟာ ဘောလုံးထူးချွန်တဲ့ အတွက်ကြောင့်လည်း ကောလိပ်မှာ အားကစားပညာတော်သင်ဆု တွေရရှိနိုင်မယ့် အရည်အချင်း ရှိသူဖြစ်တယ်လို့လည်း နည်းပြက သုံးသပ်ပါတယ်။
Hata ရဲ့ ဈာပနအခမ်းအနားကိုတော့ ဒီစနေ ဇူလိုင်လ (၁၄)ရက်နေ့မှာ ကျင်းပဖို့ရှိပြီး ကျန်ရစ်သူမိခင်နဲ့ ညီငယ် ညီမငယ်တို့အတွက် Hata ကိုအမှတ်တရရည်စူးပြီး ဒေါ်လာ ၂၀,၀၀၀ လှူဒါန်းဖို့ မြို့ခံတွေက ကြိုးပမ်းလျက်ရှိရာမှာ GoFundMe ဆိုတဲ့ webpage မှာ သွားရောက်လှူဒါန်းနိုင်တယ်လို့လည်း သတင်းမီဒီယာတွေမှာ ဖေါ်ပြထားပါတယ်။",,,,,,
<urn:uuid:6a78b5d6-013f-42aa-a431-dc0a5092231c>,"မိတ်ကပ် – Make Up
အလှအပဆိုင်ရာ – Beauty Trends
24th June, 2022
Concealer ခုမှစသုံးမယ့် ပျိုမေတိုင်း သိထားသင့်တဲ့ အချက်လေးတချို့
မျက်လုံး – Eyes
20th June, 2022
အဆိုတော် Selena Gomez ပြောပြတဲ့ အရုပ်မလေးလို မျက်ဝန်းတစ်စုံရအောင် Mascara ခြယ်နည်း
မျက်လုံး – Eyes
18th June, 2022
မျက်မှန်တပ်ရတဲ့ကောင်မလေးတွေအတွက် မျက်ဝန်းလေးထင်းပြီး လှနေအောင် Eye Makeup လိမ်းခြယ်နည်း
မျက်လုံး – Eyes
16th June, 2022
Waterproof ဖြစ်တာတွေကိုပါ အလွယ်တကူသန့်စင်ပေးနိုင်မယ့် အကောင်းဆုံး Eye Makeup Remover 5 မျိုး
မိတ်ကပ် – Make Up
15th June, 2022
Dinner ပွဲနဲ့လိုက်ဖက်ပြီး ရှင်းရှင်းလေးနဲ့လှနေစေမယ့် Sunset Makeup Look ပြင်နည်း
မိတ်ကပ် – Make Up
14th June, 2022
ကောင်လေးနဲ့ ဒိတ်တဲ့နေ့မှာ ထူးထူးခြားခြားလေး လှနေစေမယ့် မိတ်ကပ်ပြင်ဆင်မှုပုံစံများ",,,,,,
<urn:uuid:df835fd8-2809-4fc7-9579-6bf509f25a72>,"အွန်လိုင်းတွင် ဆောင်းပါးမှာ အဆုံးသတ်သည်ဟု မရှိပါ
အင်တာနက်သည် ဘယ်တော့မှ မရပ်တန့်သည့် မပြတ် စီးဆင်းနေသော မီဒီယာပုံစံတစ်ခု ဖြစ်သည်။ ရုပ်မြင်သံကြားနှင့် ရေဒီယို (မပြတ် စီးဆင်းနေသော မီဒီယာ ပုံစံဖြစ်သည့်) တို့နှင့် မတူဘဲ အင်တာနက်သည် သတင်းများက ၂၄/၇ ရက်လုံး ပြောင်းလဲနေသည့် ကမ္ဘာ့ရွာခေတ်တွင် ပေါ်ထွက်လာသောကြောင့် သတ်သတ်မှတ်မှတ် ထုတ်လွှင့်ချိန်မရှိသည်မှာ အသေချာပင် ဖြစ်သည်။ လက်တွေ့အားဖြင့် သတင်းများကို မနက်ည အချိန်မရွေး ထုတ်လွှင့်နိုင်သည်ဟု ၎င်းက ဆိုလိုပါသည်။ တခြားအချိန်များထက် အချို့သော အချိန်များတွင် အသုံးပြုမှု ပိုများလျှင်ပင် သတင်းအပိုင်းအစကို “ပြန်ချုပ်ဆွဲထားရန်” မလိုအပ်ပါ။
အက္ခရာ ၁၄၀ လုံး Tweet သို့ ရိုးရှင်းသော လင့်ခ်ဖြင့် စတင်ရန်မှာ သတင်းအပိုင်းအစအတွက် ထူးခြားပါသည်။ ထိုသို့သော ဖြစ်ရပ်မှာ နာမည်ကျော်များ၏ ဘဝနေထိုင်မှုများကို အထူးစောင့်ကြည့်သည့် pure-player သတင်းစာမျက်နှာ၏ Twitter တွင် ရေးတင်သော မက်ဆေ့ချ်မှာ မိုက်ကယ်ဂျက်ဆင်၏ သေဆုံးမှုအတွက် ပထမဆုံး ကြေညာချက် ဖြစ်ခဲ့ခြင်းဖြစ်သည်။
“အရေးတကြီး — TMZ.com သည် မိုက်ကယ်ဂျက်ဆင် နှလုံးဖောက်၍ လော့စ်အိန်ဂျလိစ် ဆေးရုံသို့ ခေါ်ဆောင်သွားသည်ဟု ကြေညာပါသည်။”
အဆိုပါ Tweet ၏ ၂၄ နာရီအတွင်း Twitter ဒေတာ စီးဆင်းမှုနှင့် Facebook ဒေတာ စီးဆင်းမှု သုံးဆမြင့်တက်ခဲ့ပြီး အဆိုပါ သတင်းဖြစ်ပြီးနောက် စကားဝိုင်းများ ထွက်ပေါ်လာနိုင်ခြေ ညွှန်ပြချက် ရှိခဲ့ပါသည်။ နောက်တစ်နေ့တွင် ကမ္ဘာ့အကြီးဆုံး နေ့စဉ် သတင်းစာများသည် ၎င်းတို့၏ စာဖတ်သူများအတွက် ပြည့်စုံလုံလောက်သော နာရေးသတင်းကို စီစဉ်ပေးနိုင်ခဲ့သည်။ နှစ်နှစ်ကြာပြီးနောက် ကြယ်ပွင့်အဆိုတော် မသေဆုံးမီ နာရီအတွင်း ၎င်းကို ကုသပေးသည့် ဆရာဝန်အား လော့စ်အိန်ဂျလိစ် တရားရုံးက စစ်ဆေးခဲ့ပြီး စီရင်ချက်ချခဲ့သည်။ ဇာတ်ကြောင်းသည် ဆောင်းပါး ဖန်တီးရေးသားခြင်း သဘောတရားအတွက် ကောင်းမွန်သော သရုပ်ဖော်မှု ဖြစ်ပြီး ၎င်းတွင် အချိန်ကြာမြင့်စွာအထိ အပါအဝင် သတင်း တိုးတက်လာသည်နှင့်အမျှ ပေါင်းထည့်သည့် အကြောင်းအရာ ပါရှိသည်။
စဉ်ဆက်မပြတ် ပြင်ဆင်ချက်များကို ဘယ်လို ထည့်သွင်းရမလဲ။
အွန်လိုင်း သတင်းပညာ၏ အဓိက စိန်ခေါ်မှုတစ်ခုမှာ သတင်းများအတွက် ရာသက်ပန် ပြောင်းလဲမှုများကို မြင်စေနိုင်ပြီး လက်ဆုပ်လက်ကိုင်ပြနိုင်စေရန် ဖြစ်သည်။ သို့ဖြစ်ပါ၍ ၎င်းက ရက်စွဲ (ထုတ်ပြန်သည့် နေ့၊ နှစ်နှင့် အချိန်) နှင့် တိကျသော အမျိုးအစားခွဲမှု (တက်ဂ်) ကို ပံ့ပိုးရန် မရှိမဖြစ်လိုအပ်ပြီး ထိုနည်းလမ်းဖြင့် အင်တာနက် သုံးစွဲသူအား ခွဲခြားရွေးထုတ်နိုင်စေပါသည်။ ၎င်းက သင်၏ စုစည်းသိမ်းဆည်းမှုများအတွက် စစ်မှန်သော တန်ဖိုးကိုလည်း ပေးအပ်ပါသည်။ မိုက်ကယ် ဂျက်ဆင် သေဆုံးမှုက ရှေ့တန်းသို့ ပြန်ရောက်လာသည့်အချိန်တိုင်းတွင် ဤအကြောင်းအရာကို ရှာဖွေရေး အင်ဂျင်များက “အရေးတကြီးဆင့်ခေါ်” ပြီး ဝဘ်သုံးစွဲသူများက ဖတ်ရှု (သို့မဟုတ် ပြန်လည်ဖတ်ရှု) ပါမည်။
အဆိုပါ အခြေအနေတွင် သတင်းစာဆရာများသည် စည်းကမ်းချက်နှစ်ခုကို လိုက်နာရန်မှာ အလွန်အရေးကြီးပါသည်-
- အမှားကို အင်တာနက် သုံးစွဲသူက သတင်းပေးပို့ပြီးနောက် အမှားပြုလုပ်ခဲ့ကြောင်း အသိအမှတ်ပြုခြင်းနှင့်
- ဆောင်းပါး၏ အောက်ခြေတွင် ပြင်ဆင်ချက်များ ခွဲခြားသတ်မှတ်၍ အဆိုပါ အမှားကို မြင်နိုင်အောင်ပြုလုပ်ခြင်း။
ဤအကျင့်သည် သင်၏ စာဖတ်သူများထံမှ လက်ခံရရှိသည့် လေးစားမှုကို တိုးလာစေမည်ဖြစ်ပြီး သင်၏ အပေါင်းအဖော် သတင်းစာဆရာများ၏ နှိမ့်ချခြင်းကို တိုးတက်စေပါမည်။",,,,,,
<urn:uuid:d98cba6e-6dc2-40d1-8ae1-694f1997f6f6>,"အစားအသောက်တွင် ပါဝင်သော အပူအစပ်နှင့် အညှီအဟောက်များသည် နောက်ဆုံး စအိုဝတွင်သွား စုနေတတ် ပါသည်။ ထိုအညစ်အကြေးများ နှင့် အူခေါင်းထိပ် ထိတွေ့ပြီး အူရောင် ခေါင်းရောင်လာပါတော့သည်။ ထိုအူရောင်ခေါင်းမှာ လိပ်ကောင် ၏ သဏ္ဍာန်နှင့်တူကာ အညစ်အကြေး စွန့်ချိန်တွင် စအိုဝတွင်ပြူးထွက် လာပါတော့ သည်။ ထိုကြောင့် လိပ်ခေါင်းဟု ခေါ်ကြခြင်းဖြစ်သည်။
ဆေးနည်း
သောက်ဆေးနှင့် လိမ်းဆေး (ထည့်ဆေး) လိပ်ခေါင်းရောဂါကို နိုင်နိုင်နင်းနင်း ကုပေးနိုင်သော ဘိုးတော်သိန်းဆိုသည့် ဆေးနည်းမှာ-
(၁ ) မုရိုးရွက်ခြောက်မှုန့် (၁၀) သား
(၂) ဇာတိပ္ဗိုလ်သီးမှုန့် (၁၀) သား
(၃) ကျောက်ချဉ် (၂) ကျပ်သား
(၄) ညောင်ခေါက်မှုန့် (၁၀) သား
ထို (၄) ပါးအား ရောစပ်ပြီး သောက်ဆေးအဖြစ် နေ့စဉ် လက်ဖက် စားဇွန်း (၁) ဇွန်း နံနက်ည စားပေးရပါသည်။
ထိုပြင် ထည့်ဆေး အနေဖြင့် တင်ပြပါဆေးကို အိပ်ရာဝင်ချိန်တွင် သံပုရာရည်ဖြင့် သွေး၍ ဂွမ်းစတွင်ဆေးတို့ပြီး စအိုဝတွင် ညှပ်ပေးရပါသည်။
တင်ပြပါ သောက်ဆေး၊ ထည့်ဆေးကို သုံးခြင်းဖြင့် လိပ်ခေါင်းရောဂါမှာ အလိုလိုပိန်ချပ်ပြီး သွေးလည်းမကျ၊ အနာလည်းကျက်၊ ဖြတ်တောက် စရာမလိုပါဘဲ လိပ်ခေါင်းရောဂါ ပျောက်ကင်းစေပါသည်။ အစားအသောက် ဆင်ခြင်ရန်တော့ လိုအပ်ပါမည်။
တင်ပြပါဆေးနည်းမှာ လိပ်ခေါင်းသက်တမ်း မည်မျှပင် ရင့်ရင့်ပျောက်ကင်း စေသည်ဟု ဆိုပါသည်။ ထိုပြင် မုရိုး(ငဖြူကြီး)ပင်သည် လမ်းဘေးတွင် ပေါပေါသီသီ ပေါက်ရောက်နေတတ်၍ ရှာဖွေရန်အခက်အခဲမရှိပါ။
ဇာတိပ္ဖိုလ်နှင့် ကျောက်ချဉ်မှာ လည်း ပရဆေးဆိုင်တွင် အချိန်မရွေးဝယ် ယူနိုင်ပါသည်။ လိပ်ခေါင်းရောဂါရှင်များ ယုံယုံကြည်ကြည် လက်တွေ့လုပ်ဆောင်ခြင်းဖြင့် အမြန်ဆုံး ပျောက်ကင်းနိုင်ပါစေ။
Credit: ရဲမျိုးသူ (ဗောဓိမြိုင်)
ဤစာဖတ်သူများအားလုံးကျန်းမာချမ်းသာကြပါစေလို့ရွှေချစ်သူမှဆုတောင်းမေတ္တာပို့သပေးပါတယ်။
မျှဝေပေးခြင်းဟာလည်းမေတ္တာတစ်မျိုးပဲမို့ မျှဝေပေးပါနော်...
#Unicode Version#
လိပျခေါငျးရောဂါရှငျမြား (၁၀၀) တှငျ (၈၀) သညျ အတှငျးလိပျခေါငျး သမားမြားဖွဈကွပါသညျ။ လူကွီး၊ လူငယျ၊ ကြားမ/မ မရှေးလညျးဖွဈ တတျပါသညျ။
အစားအသောကျတှငျ ပါဝငျသော အပူအစပျနှငျ့ အညှီအဟောကျမြားသညျ နောကျဆုံး စအိုဝတှငျသှား စုနတေတျ ပါသညျ။ ထိုအညဈအကွေးမြား နှငျ့ အူခေါငျးထိပျ ထိတှပွေီ့း အူရောငျ ခေါငျးရောငျလာပါတော့သညျ။ ထိုအူရောငျခေါငျးမှာ လိပျကောငျ ၏ သဏ်ဍာနျနှငျ့တူကာ အညဈအကွေး စှနျ့ခြိနျတှငျ စအိုဝတှငျပွူးထှကျ လာပါတော့ သညျ။ ထိုကွောငျ့ လိပျခေါငျးဟု ချေါကွခွငျးဖွဈသညျ။
ဆေးနညျး
သောကျဆေးနှငျ့ လိမျးဆေး (ထညျ့ဆေး) လိပျခေါငျးရောဂါကို နိုငျနိုငျနငျးနငျး ကုပေးနိုငျသော ဘိုးတျောသိနျးဆိုသညျ့ ဆေးနညျးမှာ-
(၁ ) မုရိုးရှကျခွောကျမှုနျ့ (၁၀) သား
(၂) ဇာတိပ်ဗိုလျသီးမှုနျ့ (၁၀) သား
(၃) ကြောကျခဉျြ (၂) ကပျြသား
(၄) ညောငျခေါကျမှုနျ့ (၁၀) သား
ထို (၄) ပါးအား ရောစပျပွီး သောကျဆေးအဖွဈ နစေ့ဉျ လကျဖကျ စားဇှနျး (၁) ဇှနျး နံနကျည စားပေးရပါသညျ။
ထိုပွငျ ထညျ့ဆေး အနဖွေငျ့ တငျပွပါဆေးကို အိပျရာဝငျခြိနျတှငျ သံပုရာရညျဖွငျ့ သှေး၍ ဂှမျးစတှငျဆေးတို့ပွီး စအိုဝတှငျ ညှပျပေးရပါသညျ။
တငျပွပါ သောကျဆေး၊ ထညျ့ဆေးကို သုံးခွငျးဖွငျ့ လိပျခေါငျးရောဂါမှာ အလိုလိုပိနျခပျြပွီး သှေးလညျးမကြ၊ အနာလညျးကကျြ၊ ဖွတျတောကျ စရာမလိုပါဘဲ လိပျခေါငျးရောဂါ ပြောကျကငျးစပေါသညျ။ အစားအသောကျ ဆငျခွငျရနျတော့ လိုအပျပါမညျ။
တငျပွပါဆေးနညျးမှာ လိပျခေါငျးသကျတမျး မညျမြှပငျ ရငျ့ရငျ့ပြောကျကငျး စသေညျဟု ဆိုပါသညျ။ ထိုပွငျ မုရိုး(ငဖွူကွီး)ပငျသညျ လမျးဘေးတှငျ ပေါပေါသီသီ ပေါကျရောကျနတေတျ၍ ရှာဖှရေနျအခကျအခဲမရှိပါ။
ဇာတိပ်ဖိုလျနှငျ့ ကြောကျခဉျြမှာ လညျး ပရဆေးဆိုငျတှငျ အခြိနျမရှေးဝယျ ယူနိုငျပါသညျ။ လိပျခေါငျးရောဂါရှငျမြား ယုံယုံကွညျကွညျ လကျတှလေု့ပျဆောငျခွငျးဖွငျ့ အမွနျဆုံး ပြောကျကငျးနိုငျပါစေ။
Credit: ရဲမြိုးသူ (ဗောဓိမွိုငျ)
ဤစာဖတျသူမြားအားလုံးကနျြးမာခမျြးသာကွပါစလေို့ရှခေဈြသူမှဆုတောငျးမတ်ေတာပို့သပေးပါတယျ။
မြှဝပေေးခွငျးဟာလညျးမတ်ေတာတဈမြိုးပဲမို့ မြှဝပေေးပါနျော...",,,,,,
<urn:uuid:503cf27b-8341-4912-a2ab-707bb10cbf56>,"လမ်းလျှောက်တတ်ကာစ
မူကြိုကလေးများတွင် ပေါင်းသင်းဆက်ဆံရေး ဖွံ့ဖြိုးမှု
အသက် ၃နှစ်မှ ၅နှစ်တွင် သင်၏ကလေးသည် တစ်ကိုယ်ကောင်းဆန်မှု နည်းလာပြီး ပို၍ ဖော်ရွေသော ...ထပ်မံဖတ်ရှုမည်
Most Popular
မူကြိုကလေးများတွင် ပေါင်းသင်းဆက်ဆံရေး ဖွံ့ဖြိုးမှု
အသက် ၃နှစ်မှ ၅နှစ်တွင် သင်၏ကလေးသည် တစ်ကိုယ်ကောင်းဆန်မှု နည်းလာပြီး ပို၍ ဖော်ရွေသော ...ထပ်မံဖတ်ရှုမည်
မူကြိုကလေးများတွင် ပေါင်းသင်းဆက်ဆံရေး ဖွံ့ဖြိုးမှု
အသက် ၃နှစ်မှ ၅နှစ်တွင် သင်၏ကလေးသည် တစ်ကိုယ်ကောင်းဆန်မှု နည်းလာပြီး ပို၍ ဖော်ရွေသော ...ထပ်မံဖတ်ရှုမည်
ကလေးဖွံ့ဖြိုးကြီးထွားတာကို အထောက်အကူပြုနိုင်တဲ့ ပျော်ရွှင်စရာလှုပ်ရှားမှုများ
ကလေးဖွံ့ဖြိုးကြီးထွားတာကို အထောက်အကူပြုနိုင်တဲ့ ပျော်ရွှင်စရာလှုပ်ရှားမှုများ နေ့စဉ်လုပ်ဆောင်နေတဲ့ ...ထပ်မံဖတ်ရှုမည်
ခေတ္တစောင့်ပါ",,,,,,
<urn:uuid:a38f4f37-6b2e-4058-a856-64c2623b6fbb>,"လူများ၏အာရုံစူးစိုက်မှုတစ်ခုအစဉ်အမြဲရှိခဲ့ဖူးသည်၊ prefabricated tank တစ်ခုလုံးသည်အဓိကအား module မ်ား၊ round box module များ၊ ခေါင်မိုး module နှင့် installation ဆက်စပ်ပစ္စည်းများနှင့်အဓိကအားဖြင့်အဓိကအားဖြင့်အမျိုးမျိုးသော modules များအကြား bolt fastening ဖြင့်ဖွဲ့စည်းထားသည်။ prefabricated cabin လေဒဏ်ခံနိုင်မှုနှင့်ခံနိုင်ရည်စွမ်းရည်ကိုဆန်းစစ်ရန်လိုအပ်သည်။ modules အကြားအကောင်းဆုံးနံပါတ်သည် bolt သို့ရောက်ရန်လိုသည်။ bolts ကိုဆက်သွယ်ခြင်းဖြင့် module တစ်ခုစီကိုပိုမိုတည်ငြိမ်စေသည်။
1, အင်အားသုံးခွဲခြမ်းစိတ်ဖြာ
လေအေးပေးစက် ၁၂ လုံးဖြစ်သည့်အချိန်တွင်ကြိုတင်ထုတ်လုပ်ထားသည့်အခန်းသည်ယင်း၏အမြင့်ဆုံးစွမ်းအားရှိသည်။ ထို့ကြောင့်အခြေအနေနှစ်ခုအတွက်ဆန်းစစ်ရန်လိုအပ်သည်။
ပုံမှန်အခြေအနေတွင်ကြိုတင်ထုတ်လုပ်ထားသည့်ကားကိုထရပ်ကားများဖြင့်သယ်ဆောင်သည်။ ဖွဲ့စည်းပုံစိတ်ဖိစီးမှုဆန်းစစ်ချက်အရကားလှည့်သောအခါ precast tank ၏အကြီးမားဆုံးသောဖိစီးမှု၊ စည်းမျဉ်းအရကားသည်အရှိန်မြှင့်လျှင်ကားကီလိုမီတာ ၃၀ ထက်မပိုနိုင်ပါ။ , ဒါကြောင့်တွက်ချက်ခြင်းဖြင့်ဆွဲနိုင်သည်။ precast tank သည်ထောင့်များ၏ပုံသဏ္won'tာန်ကိုပုံပျက်လာအောင်ပြုလုပ်နိုင်သည်၊ သင်ဘေးဘက်အကွက် ၄၈ ခုခန့်ကိုအသုံးပြုရမည်။
တင်းကျပ်သောအကျိုးသက်ရောက်မှုအောင်မြင်ရန်အဆုံးဘောင်ပတ်လည် 12 သော့ခလောက်။
သယ်ယူပို့ဆောင်ရေးလုပ်စဉ်အင်အားအပြင်အသင့်ပြင်ဆင်ထားသောအခန်းသည်အင်အား ၁၂ လေနှင့်ထိတွေ့မှုများစွာရှိသင့်သည်။ အများဆုံးလေတိုက်နှုန်းမှာ ၃၄ ကီလိုမီတာ / တစ်နာရီသို့ရောက်ရှိနိုင်သည်၊ လေကိုအခြေခံအားဖြင့်တစ်ဖက်တွင်စုစည်းထားသော်လည်းလေသည် ဦး တည်ချက်မဟုတ်ပါ။ အမြဲတမ်းအတူတူပင်, ဒါကြောင့်အသီးအသီးအမြင့်ဆုံးစံချိန်စံညွှန်းနှင့်အညီဆွဲထားသင့်ပါတယ်။
တွက်ချက်မှုအပြီးတွင်တစ်ဖက်စီတွင်အနည်းဆုံးသော့ခလောက် ၄၈ ဖြစ်သင့်ပြီး M12 သော့ခလောက်များအသုံးပြုခြင်းကိုပိုမိုကောင်းမွန်အောင်ပြုလုပ်နိုင်သည်။
2. လေခုခံခြင်း simulation
prefabricated module ကိုတိကျသော data တွေကိုရရှိရန်လည်ပတ်သောအခါတွင်လေကိုဆန့်ကျင်။ တွက်ချက်ရန်လိုအပ်သည်။
ကြိုတင်ထုတ်လုပ်ထားသည့်အခန်း၏လေစွမ်းအားနှင့်ဖိအားကိုခံနိုင်ရည်စွမ်းရည်ကိုအဓိကအားဖြင့်ကြိုတင်ထုတ်လုပ်ထားသည့်လေယာဉ်၏လေစွမ်းအားကိုလေ့လာသည်။ Prefabricated cabin ၏လေစွမ်းအားကိုပုံဖော်ခြင်းအားဖြင့် prefabricated cabin ၏ပုံသဏ္formationာန်ကိုရရှိသည်။ ထို့ကြောင့် prefabricated cabin ၏အများဆုံးဖိစီးမှုသည်သံမဏိကိုယ်ထည်တစ်ခုလုံး၏အထွက်နှုန်းထက်လျော့နည်းနိုင်သည်။
တွက်ချက်မှုအရလေ ၀ င်လေအဆင့် 12 ရောက်သောအခါအခန်း၏အများဆုံးစိတ်ဖိစီးမှုသည် ၁၉၈.၈၇MPa သို့ရောက်ရှိနိုင်သည်။ စိတ်ဖိစီးမှုကိုစုစည်းထားသည်၊ ထို့ကြောင့်လေ၏စုစုပေါင်းဖိစီးမှု ၈၀MPa အောက်တွင်ရှိလျှင်ပုံပျက်သောပမာဏသည်နည်းသည်။
3. နိဂုံးခွဲခြမ်းစိတ်ဖြာ
Prefabricated tank connection တပ်ဆင်မှု၏အမျိုးမျိုးသော module များမှတဆင့် modules များအကြားတည်ရှိနေသော bolt ကိုသုံးပြီး compressive စွမ်းရည်သည်တပ်ဆင်ထားသော bolts များကိုထိရောက်စွာတိုးမြှင့်နိုင်သည်။ bearing capacity ကိုတိုးတက်စေရန်သော့ချက်ဖြစ်သည်။ power prefabricated tank ဆောက်လုပ်ရေးလုပ်ငန်းထိန်းချုပ်မှုသည်အလွန်အရေးကြီးသည်။ အထက်ဖော်ပြပါတွက်ချက်မှုကိုအသုံးပြုရန်လိုအပ်သော bolt အရွယ်နှင့်အကွာအဝေးကိုနိဂုံးချုပ်နိုင်သည်။
တိကျစွာတပ်ဆင်မှုလုပ်ဆောင်နိုင်တယ်။
အထက်ပါလေအားခံနိုင်ရည်နှင့်ကြိုတင်ထုတ်လုပ်ထားသည့်အခန်း၏ ၀ န်ဆောင်မှုစွမ်းရည်ကိုအထက်ပါခွဲခြမ်းစိတ်ဖြာမှုအရ prefabricated cabin သည်သယ်ယူပို့ဆောင်ခြင်းနှင့်သယ်ယူပို့ဆောင်ရေးဖြစ်စဉ်များအပြင်လေအင်အားအလွန်အကျွံနှင့်သက်ဆိုင်သောဆုံးရှုံးမှုများကိုအလွန်ပုံပျက်စေလိမ့်မည်မဟုတ်ပါ။ လျှော့ချလိမ့်မည်
post အချိန်: Aprပြီ -19-2021",,,,,,
<urn:uuid:c758888a-165c-4c85-8c1d-4bf5d230b82c>,"အခုနှစ်နှောင်းပိုင်းမှာ ကြိုးဝိုင်းထဲ ဝင်ရောက်လာမယ့် ဖိလစ်ပိုင်လက်ဝှေ့ကျော် ပက်ကွီအိုဟာ ဝယ်တာဝိတ်တန်းရဲ့ အငြင်းပွားစရာမရှိ ချန်ပီယံအဖြစ် အဖြေထုတ်နိုင်ဖို့ IBF၊ WBC ချန်ပီယံခါးပတ်တွေ သိမ်းပိုက်ထားတဲ့ အမေရိကန်လက်ဝှေ့သမား အာရိုစပန့်ဂျူနီယာနဲ့ ထိုးသတ်ချင်သလို မီခေးဂါစီယာနဲ့လည်း ထိုးသတ်ဖို့ ဆန္ဒရှိနေပါတယ်။ အသက် ၄၁ နှစ်အရွယ်ရှိတဲ့ ပက်ကွီအိုဟာ ၂၀၁၉ ခုနှစ် ဇူလိုင်လနောက်ပိုင်း ပထမဆုံး ပြန်လည်ထိုးသတ်မယ့်ပွဲစဉ်အတွက် လာမယ့်လကနေ စတင်လေ့ကျင့်သွားမှာဖြစ်ပါတယ်။
ပြီးခဲ့တဲ့နှစ် ဇူလိုင်လက လက်စ်ဗီးဂတ်စ်မြို့မှာ ကိ(သ်)သာမန်းကို အနိုင်ယူပြီး WBA စူပါခါးပတ် သိမ်းပိုက်ခဲ့တဲ့ ပက်ကွီအိုဟာ တစ်နှစ်လောက် ပွဲဝေးပြီးမှ ပြန်ထိုးရဖို့ ရှိနေပါတယ်။ လာမယ့်ပွဲစဉ်အတွက် သူ့ရဲ့ပြိုင်ဘက်ဖြစ်လာနိုင်သူတွေကို မေးမြန်းရာမှာ ပက်ကွီအိုက “အာရိုစပန့်ဂျူနီယာနဲ့ မီခေးဂါစီယာ ဖြစ်ဖို့ များတယ်။ လာမယ့်ဇူလိုင်လမှာ ကြိုးဝိုင်းထဲ ပြန်ဝင်လာဖို့ စီစဉ်ထားပါတယ်။ ဇူလိုင်လ ဒုတိယပတ်၊ တတိယပတ်လောက် ဖြစ်မယ်။ ဧပြီ၊ မေ၊ ဇွန်လတွေထဲမှာ လေ့ကျင့်ခန်း စလုပ်မယ်။ အချိန်လုံလောက်ပါတယ်။ ပြိုင်ဘက်တွေကတော့ အများကြီးပါ။ တာရန့်ခရောဖို့ဒ်လည်း ရှိတယ်။ ကနေဒါနဲ့ မက္ကဆီကိုလက်ဝှေ့သမားတွေထဲမှာလည်း ကျွန်တော့်ကို ထိုးချင်တဲ့သူတွေ ရှိပါတယ်’’လို့ ဖြေဆိုခဲ့ပါတယ်။
Nz (ရိုးရာလေး)",,,,,,
<urn:uuid:bcdd702e-0467-48f0-b036-cfbe2b2592b2>,"သုံးရလွယ်ကူစေသည့် Link များ
ပင်မအကြောင်းအရာသို့ကျော်ကြည့်ရန်
ပင်မအညွန်းစာမျက်နှာသို့ကျော်ကြည့်ရန်
ရှာဖွေရန်နေရာသို့ကျော်ရန်
မူလစာမျက်နှာ
မြန်မာ
ကမ္ဘာ့သတင်းများ
နိုင်ငံတကာ
အမေရိကန်
တရုတ်
အစ္စရေး-ပါလက်စတိုင်း
ဗွီဒီယို
သတင်းလွတ်လပ်ခွင့်
ရပ်ဝန်းတခု လမ်းတခု အလွန်
အင်္ဂလိပ်စာလေ့လာမယ်
အမေရိကန်သုံးအီဒီယံ
မကြေးမုံရဲ့ အင်္ဂလိပ်စာ
ရုပ်ရှင်ထဲက အင်္ဂလိပ်စာ
တမိနစ်တာ အင်္ဂလိပ်စာ
အပတ်စဉ်ကဏ္ဍများ
ရေဒီယို
တီဗွီ
ရေဒီယိုနှင့်ရုပ်သံ အချက်အလက်များ
ရေဒီယို/တီဗွီအစီအစဉ်
Learning English
ဗွီအိုအေ လူမှုကွန်ယက်များ
ဘာသာစကားများ
ရှာဖွေရလာဒ်
တိုက်ရိုက်
တိုက်ရိုက်
ရှာဖွေရလာဒ်
နောက်သို့
ရှေ့သို့
နောက်ဆုံးရသတင်း
နိုင်ငံတကာ
တရုတ်ဆိုင်ရာ အမေရိကန်သံအမတ်ကြီး နှုတ်ထွက်မည်
၂၁ နိုဝင်ဘာ၊ ၂၀၁၃
Embed
တရုတ်ဆိုင်ရာ အမေရိကန်သံအမတ်ကြီး နှုတ်ထွက်မည်
Embed
The code has been copied to your clipboard.
The URL has been copied to your clipboard
No media source currently available
0:00
0:00:53
0:00
တိုက်ရိုက် လင့်ခ်
| MP3
သီးခြားခွဲထုတ်၍ နားဆင်နိုင်ပါသည်။
တရုတ်ဆိုင်ရာ အမေရိကန်သံအမတ်ကြီး နှုတ်ထွက်မည်
ဆက်စပ်သတင်းများ ...
နိုင်ငံတကာ
တရုတ်နိုင်ငံဆိုင်ရာ အမေရိကန်သံအမတ်ကြီး ၂၀၁၄အစောပိုင်းမှာ နှုတ်ထွက်မည်
ရုပ်သံအစီအစဉ်များ
ရေဒီယိုအစီအစဉ်များ
Back to top
XS
SM
MD
LG",,,,,,
<urn:uuid:f52dce1a-329d-482f-b54d-41ce40a7a443>,"ထိုင်းနိုင်ငံတွင်းမှာ တရားမ၀င် နေထိုင်သူတွေကို လိုက်လံဖမ်းဆီးမှုတွေ တိုးလုပ်လာချိန်မှာပဲ ထိုင်းမြန်မာနယ်စပ် ရနောင်းခရိုင်နဲ့ ကမ်ချနဘူရီခရိုင်တွေမှာ လူကုန်ကူးသူတွေ ခေါ်လာတဲ့ မြန်မာနိုင်ငံသား ၅၈ယောက်ကို ထိုင်းအာဏာပိုင်တွေက နိုဝင်ဘာလ ၁၂ရက်နေ့ က ဖမ်းဆီးမိခဲ့ပါတယ်။ အပြည့်အစုံကို ထိုင်းအခြေစိုက် VOA သတင်းထောက် မအေးအေးမာက သတင်းပေးပို့ထားပါတယ်။
မြန်မာနိုင်ငံ ကော့သောင်းမြို့ ကနေ စက်လှေနှစ်စင်းနဲ့  ခိုးဝင်လာကြတဲ့ မြန်မာနိုင်ငံသား ၃၈ ဦးကို ထိုင်းနိုင်ငံ ရနောင်းမြို့ က အထွက် စွတ်စန်ရန်ခရိုင်အတွင်းမှာ ထိုင်းအမှတ် ၂၅ စစ်တပ် ရဲ့ စစ်ဆေးရေးဂိတ်ကနေ ဖမ်းဆီးခဲ့တာပါ။ သူတို့ကို ထိုင်းနိုင်ငံသား လူကုန်ကူး သမားတွေက ရနောင်းမြိုမှာ အသင့်စောင့်နေပြီး ပစ်ကပ်ကားသုံးစီးနဲ့ ထိုင်းနိုင်ငံအတွင်းကို သယ်ဆောင်မောင်းနှင်လာချိန်မှာ ဖမ်းမိခဲ့တာဖြစ်ပါတယ်။
ဒီဖြစ်ရပ်နဲ့ပတ်သက်လို့ ရနောင်းခရိုင် ဒုတိယအုပ်ချုပ်ရေးမှူး နိုင်ပွန်ထစ်ပွန်စီကတော့အခုလိုပြောသွားပါတယ်
"" အခုလို နယ်စပ်တလျောက်မှာ စစ်ဆေးရေးဂိတ်တွေ များများချပြီး စစ်ဆေးနေရတာကတော့ အစိုးရက ချမှတ်ထားတဲ့ မူဝါဒအတိုင်းလုပ်တာဖြစ်ပါတယ်။ ရနောင်းခရိုင်ဟာ မြန်မာနယ်စပ်နဲ့ ထိစပ်နေတဲ့အတွက် တဖက်နိုင်ငံကနေ ၀င်လာနေတဲ့ တရားမ၀င်ကုန်ပစ္စည်းတွေ မူးယစ်ဆေးဝါးတွေနဲ့ လူကုန်ကူးနေတဲ့ မူခင်းတွေကို ပိုမိုဖော်ထုတ်နိုင်ဖို့ ဖြစ်ပါတယ်""
လူမှောင်ခိုသမားတွေက ကားသုံးစီးနဲ့ စစ်တပ်စစ်ဆေးရေးဂိတ် ကိုဖြတ်မောင်းဖို့ ကြိုစားခဲ့တာကြောင့် စစ်တပ်ကားတွေနဲ့  နောက်ကနေအမှီလိုက်မောင်း ဖမ်းဆီးခဲ့ရာမှာ ၊ ပထမကားတစီးဖြစ်တဲ့ ကရာဘီမြိုနယ် လိုင်စဉ်နံပါတ် နဲ့ကားက ကားဘီးပေါက်ပြီး လမ်းဘေးထိုးရပ်သွားခဲ့ပါတယ်။ ဒီနောက်မှာတော့ ကားမောင်းသူတွေက ထွက်ပြေးသွားခဲ့ကြပါတယ်။ ကားမောင်းသူတွေဟာ ထိုင်းနိုင်ငံသားတွေဖြစ်တယ်လို့ ကားသုံးစီး ထဲမှာ လိုက်ပါလာသူ မြန်မာနိုင်ငံသား( ၃၈ )ဦး က ထွက်ဆိုခဲ့ကြပါတယ်။
အာဏာပိုင်တွေကတော့ ဒီလူတွေထဲက လူကုန်ကူးသမားတွေပါ မပါ ဆက်စစ်ဆေးနေပြီး ထွက်ပြေးသွားတဲ့ ထိုင်းနိုင်ငံသားကားမောင်းသမားတွေကို လည်း သူတို့ ရဲ့ ကားလိုင်စင်နံပတ်တွေကို ကြည့်ပြီး လူမှောင်ခိုသမားတွေထွက်ပြေးလို့ မလွတ်နိုင်ကြောင်းနဲ့ ဆက်လက်ဖမ်းဆီးမယ်လို့ ပြောပါတယ်။
နိုဝင်ဘာလ ၁၂ ရက်နေ့ မှာပဲ ထိုင်းမြန်မာနယ်စပ် ကန်ချနဘူရီခရိုင် အတွင်းမှာ တရားမ၀င် မြန်မာနိုင်ငံသား ၂၀ လူမှောင်ခိုတင်ကားကိုလည်း နယ်ခြားစောင့် တပ်ရင်းစစ်ဆေးဂိတ်မှာ ဖမ်းမိသွားခဲ့ပါတယ်။ ထိုင်းနိုင်ငံသား လူမှောင်ခိုးသမားတဦးကိုလည်းဖမ်းဆီးခဲ့ပါတယ်။
အခုအချိန်မှာ ထိုင်းနိုင်ငံတွင်းမှာ တရားမ၀င်နိုင်ငံခြားသားအလုပ်သမားတွေကို ဆက်တိုက်ဖမ်းဆီးနေတဲ့ကြားက လူကုန်ကူးနေတဲ့သူတွေဟာ မြန်မာနိုင်ငံသားတွေကို နယ်စပ်လမ်းကြောင်းမျိုးစုံသုံးပြီး ခေါ်ဆောင်လာတယ်လို့လည်း ထိုင်းအာဏာပိုင်တွေကဆိုပါတယ်။မြန်မာနိုင်ငံသားတွေဟာ ထိုင်းကိုကျော်ပြီး မလေးရှားကိုသွားကြဖို့ အတွက် လူပွဲစားတွေကို ဘတ်ငွေ ၂၀၀၀၀ အထိပေးပြီး သွားနေကြတာပါ။
၂၀၁၈ခုနှစ် အတွက်ထုတ်ပြန်ခဲ့တဲ့ အမေရိကန်နိုင်ငံခြားရေးဌာနရဲ့ လူကုန်ကူးမူနဲ့ ပတ်သက်တဲ့ အစီရင်ခံစာမှာတော့ မြန်မာနိုင်ငံကို စောင့်ကြည့်အဆင့် tire 2 ကလျော့ချလိုက်ပြီး အဆိုးဝါးဆုံး TIRE 3 အဆင့်ကိုသတ်မှတ်လိုက်တာပါ။ အခုလို Tier 3 ကို အဆင့်လျှော့ချ သတ်မှတ်လိုက်ရတာဟာ လူကုန်ကူးမှု ပပျောက်ရေးဆိုင်ရာ အနိမ့်ဆုံး သတ်မှတ်ချက်တွေကို အပြည့်အဝပြည့်မီအောင် မြန်မာအစိုးရက လုပ်ဆောင်နိုင်ခြင်းမရှိသလို အဲဒီလိုပြည့်မီဖို့အတွက် သိသာတဲ့ လုပ်ဆောင်မှုတွေ မရှိ တာကြောင့်ဖြစ်တယ်လို့ အစီရင်ခံစာထဲမှာ ဖော်ပြထားပါတယ်။ မြန်မာလူမျိုးတွေ နဲဆက်စပ်ပြီး လူကုန်ကူးမူအများဆုံးဖြစ်နေတဲ့ ထိုင်းနိုင်ငံကတော့ tire 2 စောင့်ကြည့်အဆင့်ထဲမှာပဲ ထည့်သွင်းထားဆဲဖြစ်ပါတယ်။",,,,,,
<urn:uuid:6197ac3d-5077-4349-8f24-9f0bd3553d43>,"ဘော့ဒလီယန် စာကြည့်တိုက်
အောက်စဖို့ဒ်ကောလိပ်များ၏ တံဆိပ်များ တပ်ဆင်ထားသော ဘော့ဒလီယန်စာကြည့်တိုက် အဝင်တံခါး
|နိုင်ငံ||ယူနိုက်တက်ကင်းဒမ်း|
|အမျိုးအစား||Academic library|
|တည်ထောင်||၁၆၀၂|
|တည်နေရာ||ဘရော့လမ်း၊ အောက်စဖို့မြို့|
|စုဆောင်းထားမှု|
|စုဆောင်းထားသော ပစ္စည်းများ||စာအုပ်များ၊ ဂျာနယ်များ၊ သတင်းစာများ၊ မဂ္ဂဇင်းများ၊ sound and music recordings, မြေပုံများ၊ prints, drawings နှင့် လက်ရေးစာမူများ|
|အရွယ်အစား||၁၁ သန်း+[၁]|
|Legal deposit||Included in the Legal Deposit Libraries Act 2003|
|အသုံးပြုခြင်း|
|Access requirements||Old Schools Quadrangle, Divinity School, Exhibition Room and Bodleian Library Gift Shop open to the public|
|မန်ဘာများ||Students and fellows of University of Oxford|
|အခြားအချက်အလက်များ|
|ဒါရိုက်တာ||Richard Ovenden|
|ဝက်ဘ်ဆိုဒ်||bodleian.ox.ac.uk/bodley|
ဘော့ဒလီယန် စာကြည့်တိုက် (Bodleian Library) သည် အောက်စ်ဖိုဒ် တက္ကသိုလ်၏ ပင်မ သုတေသီ စာကြည့်တိုက်ဖြစ်ပြီး၊ ဥရောပတိုက်ရှိ အသက်ကြီးဆုံး စာကြည့်တိုက်များတွင် တစ်ခုအပါအဝင်ဖြစ်သည်။ ဗြိတိသျှရှိ အကြီးဆုံးစာကြည့်တိုက်ဖြစ်သည့် ဗြိတိသျှ စာကြည့်တိုက်ပြီးလျင် ဒုတိယအကြီးဆုံးဖြစ်သည်။ အောက်စ်ဖိုဒ် တက္ကသိုလ် တွင်တက်ရောက်နေသူများမှ ဘော့ဒလေ ဟု ခေါ်ဆိုလေ့ရှိပြီး၊ ယူနိုင်တက်ကင်းဒမ်းနိုင်ငံရှိ စာပေထုတ်ဝေမှုများ စုဆောင်းရာ စာကြည့်တိုက် ၆ ခုမှ တစ်ခုဖြစ်သည်။ [၂][၃] အိုင်ယာလန်ဥပဒေအရ အိုင်ယာလန်နိုင်ငံတွင် ထုတ်ဝေသည့် စာပေတိုင်းကို၊ စာကြည့်တိုက်တွင် စုဆောင်းနိုင်ရန် တောင်းဆိုခွင့်ရှိသည်။[၄]",,,,,,
<urn:uuid:0eeeff0b-e7d1-4026-a6da-f9b4e51f6c86>,"22 Mar 2023 4:01 pm တွင်ကြော်ငြာတင်ခဲ့သည်250 ကြိမ် ကြည့်ရှု့ပြီးကြော်ငြာနံပါတ် S-11192463
ပုဇွန်တောင် | ရန်ကုန်တိုင်းဒေသကြီး
တိုက်ခန်း၊ ၄ လွှာ
ရေချိုးခန်း 1 ခန်း
ဈေးနှုန်း 1,000 သိန်း (ကျပ်)
ပုဇွန်တောင်မြို့နယ် ၊ 52 လမ်း ၊
16'x60'၊Hall၊ရေ၊မီး၊
စျေးနီး၊ကျောင်းနီး၊ကားဂိတ်အနီး၊သွားလာရေး လွယ်ကူအဆင်ပြေပါသည်။
အချက်အလက်များ
- ဆောက်လုပ်ပြီး
- တစ်စိတ်တစ်ပိုင်း ပြင်ဆင်ပြီး
iMyanmarHouse.com (အိုင်မြန်မာဟောက်စ်ဒေါ့ကွန်း) တွင် တွေ့သောကြော်ငြာဟု ပြောပါရန်
နှိုင်းယှဥ်ရန် အနှစ်သက်ဆုံး Report လုပ်ရန်
Report လုပ်ပြီးပါပြီ။ ကျေးဇူးတင်ပါတယ်။",,,,,,
<urn:uuid:48432f7c-46dc-49ea-8b4d-98e5504922bd>,"နိုင်ငံရေးနှင့် ကိုယ်ကျင့်တရားကို သီးခြားစီခွဲလျက်ထားရန် ဆန္ဒရှိသူတို့သည် ယင်းနှစ်ရပ်စလုံးကို မည်သည့်အခါမျှ နားလည်လာမည်မဟုတ်ဟု ပြင်သစ်တွေးခေါ်ရှင် ရူးဆိုးက ဆိုသည်။ နိုင်ငံရေးကျင့်သုံးမှုသည် ရိုးသားမှုနှင့်ပတ်သက်သော အရေးပါသည့်အရာများနှင့် ညီညွတ်ရမည်ဖြစ်သည်။ သို့သော် နိုင်ငံရေးသမားတစ်ဦး၌ မည်သည့်အရာများသည် ရိုးသား၍ မည်သည့်အရာများသည် မရိုးသားသနည်းဟူ၍လည်းကောင်း၊ နိုင်ငံရေး သမားတစ်ဦးအနေဖြင့် လုံးဝရိုးသားမှု ရှိနိုင်ပါမည်လားဟူ၍လည်းကောင်း မေးခွန်းများ ပေါ်ထွက်လာသည်။ ယင်းမေးခွန်းများသည် ဒီမိုကရေစီ၏ အချက်အချာ ဖြစ်လာသည်။
နိုင်ငံရေးဆိုင်ရာ မရိုးသားမှုသည် အသွင်အမျိုးမျိုးဖြင့် ပေါ်ထွက်လာနိုင်သည်။ တစ်မျိုးမှာ မရိုးသားသူတစ်ဦးအဖြစ် စတင်ပေါ်ထွက်လာသည့် ပုံစံမျိုးဖြစ်သည်။ မည်ကဲ့သို့သော ပုဂ္ဂိုလ်မျိုးသည် မည်သည့်အခြေအနေရပ်တွင်မဆို မရိုးသားသော ခေါင်းဆောင်၊ မရိုးသားသော သဘောတရားရေးရာဆရာနှင့် မရိုးသားသော သံတမန်များဖြစ်ကြသည်။ အခြားတစ်မျိုးမှာ အလေးအနက်မရှိသူမျိုးဖြစ်သည်။ ထုံထိုင်းကာ အပျော်တမ်းဆန်သူမျိုး ဖြစ်သည်။ ယင်းကဲ့သို့သောပုဂ္ဂိုလ်မျိုး၏ လုပ်ရပ်များသည်လည်း ၎င်းက ချဉ်းကပ်ရန် ရည်ရွယ်သော အကျိုးစီးပွားများကို ထိခိုက်စေသည်။
အခြားတစ်ဖက်တွင်လည်း နိုင်ငံရေးဆိုင်ရာ လောင်းကစားသမားများဟု ခေါ်ဆိုနိုင်သူများ ရှိသည်။ ၎င်းတို့သည် မိမိတို့၏ ကျွမ်းကျင်မှုကို မကောင်းသောနေရာ၌ အသုံးပြုကြသူများဖြစ်သည်။ ၎င်းတို့သည် ကျွမ်းကျင်သူများဖြစ်သော်လည်း ရက်စက်တတ်ပြီး လူသားဆန်သောစိတ် မရှိဘဲ မိမိအား ဝေဖန်တုံ့ပြန်မှုများကို ရှောင်ရှားတတ်ကြသည်။ ယင်းကဲ့သို့သော ပုဂ္ဂိုလ်များကို ပြဿနာရှာသူများဟု ခေါ်ဆိုနိုင်ပြီး မည်ကဲ့သို့သော အန္တရာယ်ရှိသည်ဖြစ်စေ၊ အခြားသူများအား မည်မျှထိခိုက်နိုင်သည်ဖြစ်စေ ၎င်းကိုယ်တိုင်၏ ဘ၀တိုးတက်ရေး ရည်မှန်းချက်များနောက်သို့သာ လိုက်တတ်ကြသည်။
အခြားအစွန်းရောက်သောပုဂ္ဂိုလ် အမျိုးအစားတစ်ရပ်ရှိသေးသည်။ ယင်းမှာ တုံးအသော၊ စိတ်ကူးယဉ်ဆန်လွန်းသော၊ သူရဲကောင်းဆန်သည့် စတန့်များ လုပ်ပြသောသူများဖြစ်ပြီး ၎င်းတို့သည်လည်း မရိုးသားသူများပင်ဖြစ်သည်။ ၎င်းတို့သည် မိမိတို့အား သူတော် စင်ဟုလည်းကောင်း၊ သူရဲကောင်းဟုလည်းကောင်း မှတ်ယူအောင် နေတတ်ကြသည်။ သို့သော် သမိုင်းသည် စိတ်ကူးယဉ်စရာကိစ္စ မဟုတ်သောကြောင့် နိုင်ငံရေးသမား၏ အတ္ထုပ္ပတ္တိသည် သူတော်စင်တစ်ဦးနှင့် တူမည်မဟုတ်ပါ။ နိုင်ငံရေးသမားသည် သူတော်စင်မဟုတ်ဘဲ နိုင်ငံရေးသမားသာ ဖြစ်သောကြောင့် လုပ်သင့်လုပ်ထိုက်သည့် အရာများကို လုပ်ရမည့်သူသာဖြစ်သည်။ အတိုချုပ်အားဖြင့် ရိုးသားသော နိုင်ငံရေးသမားတစ်ဦးသည် မူဝါဒသဘောတရားများအပေါ် တည်ဆောက်ထားသည့် လက်တွေ့ဆန်မှုနောက်သို့သာ လိုက်ပြီး အမြဲတမ်း အပြုသဘောဆောင်သည့် သဘောထားရှိသော်လည်း မနှစ်မြို့ဖွယ်အရာများကို ထုတ်ပြောရဲသည့် သတ္တိရှိသည်။
အမှန်တကယ် အုပ်ချုပ်စေခြင်းသည် နိုင်ငံရေးဆိုင်ရာ ရိုးသားမှုအတွက် အကောင်းဆုံးသော စမ်းသပ်ချက်ဖြစ်တတ်သည်။ ဒီမိုကရေစီနိုင်ငံများတွင် နိုင်ငံရေးသမားများသည် အတိုက်အခံများအနေဖြင့် အာဏာရှိစဉ် ထိရောက်အောင် ဆောင်ရွက်နိုင်စွမ်းမရှိကြောင်း သက်သေပြရန်အတွက် အခြားသူများကို ဝေဖန်ရန် လိုအပ်သည်။ သို့မှသာ မဲဆန္ဒရှင်များအနေဖြင့် မရိုးသားသူများကို မဲဆန္ဒပေးရာ၌ အပြစ်ပေးနိုင်မည် ဖြစ်သည်။ ရိုးသားသော နိုင်ငံရေးသမားတစ်ဦးအတွက် အခက်ခဲဆုံးစမ်းသပ်ချက်တစ်ရပ်သည် လူကြိုက်မများသော်လည်း မှန်ကန်သော အဆိုတစ်ရပ်ကို ခုခံကာကွယ်ရမည့်အချိန်၌ ဖြစ်ပေါ်လာသည်။ ယင်းစမ်းသပ်ချက်ကို မည်သည့်နိုင်ငံရေးသမားမျှ မကြုံလိုပါ။ အထူးသဖြင့် ရွေးကောက်ပွဲများ နီးချိန်၌ဖြစ်သည်။ သို့သော် မရိုးသားသည့် နိုင်ငံရေးသမားသာလျှင် နိုင်ငံရေးကို လူကြိုက်များမှုနှင့် ချိန်ညှိတတ်ကြသည်။
မည်သို့ပင်ဆိုစေကာမူ နိုင်ငံတစ်နိုင်ငံ ဖွံ့ဖြိုးတိုးတက်မှုသည် ယင်းနိုင်ငံရှိ နိုင်ငံရေး သမားအများစု နိုင်ငံရေးအရ မည်မျှရိုးသားသနည်းဟူသည်နှင့် တိုက်ရိုက်အချိုးကျနေ မည်ဖြစ်ပါကြောင်း The Daily Eleven သတင်းစာက ရေးသားအပ်ပါသည်။
(စက်တင်ဘာလ ၈ ရက်နေ့ထုတ် The Daily Eleven သတင်းစာ အယ်ဒီတာ အာဘေ်ာ)",,,,,,
<urn:uuid:c58bf6bf-4d3a-4768-9ddc-b48327ca96a9>,"ဖီဖာ ခြစားမှု၊ ငွေလွှဲမှု ၅၃ ခုကို ဆွစ် စုံစမ်းနေ
၂၀၁၈ နဲ့ ၂၀၂၂ ကမ္ဘာ့ဖလား အိမ်ရှင် ရွေးချယ်မှုတွေမှာ ဖီဖာ ကမ္ဘာ့ ဘောလုံး အဖွဲ့ချုပ် အတွင်း ခြစားမှုတွေ ရှိခဲ့တယ် ဆိုတဲ့ ကိစ္စကို ဆွစ်ဇာလန်က စုံစမ်းနေရာမှာ အခုအခါ အဲဒီ ခြစားမှုတွေနဲ့ ပတ်သက် နိုင်တယ်လို့ ယူဆရတဲ့ တရားမဝင် ငွေလွှဲပြောင်းမှု ၅၃ ခုကို ဆွစ်ဇာလန် အစိုးရ ရှေ့နေတွေက စုံစမ်း စစ်ဆေးနေပြီ ဖြစ်ပါတယ်။
အဲဒီ တရားမဝင် ငွေလွှဲပြောင်းမှုတွေ အကြောင်းကို ဆွစ်ဇာလန် ဘဏ်တွေက သတင်း ပေးပို့ခဲ့တာ ဖြစ်တယ်လို့ ဆွစ် ရှေ့နေချုပ် Michael Lauber က ပြောပါတယ်။
ဖီဖာ အဖွဲ့ချုပ် အပေါ် စုံစမ်း စစ်ဆေးမှုဟာ ပမာဏ ကြီးမား ကျယ်ပြန့်ပြီး ရှုပ်ထွေးတဲ့ အတွက် လပေါင်းများစွာ၊ ဒါမှမဟုတ် နှစ်ပေါင်း များစွာ ကြာနိုင်တယ် လို့လည်း မစ္စတာ မီခေးလ် လောင်ဘာက က ပြောပါတယ်။
ဖီဖာ အဖွဲ့ချုပ် အတွင်း ခြစားမှုတွေကို ဆွစ်ဇာလန်က အမေရိကန်နဲ့ အပြိုင် စုံစမ်း စစ်ဆေးနေတာ ဖြစ်ပါတယ်။
၂၀၁၈ နဲ့ ၂၀၂၂ ကမ္ဘာ့ဖလား အိမ်ရှင် နိုင်ငံတွေ အဖြစ် ရုရှားနဲ့ ကာတာ နိုင်ငံတို့ကို ဖီဖာက ရွေးချယ်ခဲ့ပြီး ဖြစ်ပါတယ်။ ဒါပေမယ့် အိမ်ရှင် ရွေးချယ်မှုတွေမှာ လာဘ်ပေး လာဘ်ယူမှုတွေကို ရှိခဲ့ကြောင်း အထောက်အထား ခိုင်လုံခဲ့ရင်တော့ အဲဒီ နိုင်ငံတွေကို အိမ်ရှင် အဖြစ်ကနေ ပယ်ဖျက်ရနိုင်ဖွယ် ရှိတယ်လို့ ဖီဖာ ထိပ်တန်း အရာရှိ တစ်ဦးက ပြောဖူးပါတယ်။
ရုရှားနဲ့ ကာတာ နိုင်ငံ တို့ကတော့ တစုံတရာ အမှားလုပ်ခဲ့ခြင်း မရှိကြောင်း ငြင်းဆို ထားကြပါတယ်။",,,,,,
<urn:uuid:d8a7f6e1-dcc9-4868-ad3f-63e9ab7a8507>,"စက်တင်ဘာ ၊ ၁၉ -၂၀၂၁
ရွှေဘုန်းမြတ်စံ (VOM)
စစ်ကိုင်းတိုင်း၊ မုံရွာမြို့ ၊ အောင်မင်္ဂလာရပ်ကွက် ၊ ဗိုလ်ချုပ်လမ်းနဲ့ အရင်မြို့ပတ်လမ်းဟောင်း လမ်းဆုံ နေရာမှာရှိတဲ့ မြန်မာ့စီးပွားရေးဘဏ်ရုံးတာဝန်ကျ ရဲ ၁ ဦးဟာ ဒီကနေ့ မနက်အစောပိုင်းက လက်နက်ခဲယမ်းတွေနဲ့အတူ ပျောက်ဆုံးနေတယ်လို့ ဘဏ်အသိုင်းအဝိုင်းကနေ သိရပါတယ်။
” ပျောက်နေတဲ့ ရဲက လုံခြုံရေးရဲတပ်ဖွဲ့ အမှတ် ၂၈ က ဘဏ်တာဝန်ကျနေတဲ့သူဖြစ်တယ် ၊ မနက်လင်းမှ သိရတာ ဘယ်အချိန်ကစပြီး ပျောက်နေတယ်ဆိုတာ မသိရသေးဘူး ၊ မုံရွာမှာက ည ၈ ၊ မနက် ၄ မထွက်ရ အမိန့်ရှိတယ်ဆိုတော့ ဒီမနက် ၄ နာရီ နောက်ပိုင်း ပျောက်တာဖြစ်မယ် ” လို့ ဘဏ်နဲ့ နီးစပ်သူတစ်ယောက်က ပြောပါတယ်။
ဘဏ်တာဝန်ကျ ရဲတွေနဲ့ နီးစပ်သူ တစ်ယောက်က ” ဒီမနက် လက်နက်တွေနဲ့ ပျောက်သွားနေတဲ့ ရဲဝန်ထမ်းက ချင်းတိုင်းရင်းသားဖြစ်တယ်လို့ ကြားရတယ် ၊ မနေ့က ချင်းပြည်နယ် တောင်ပိုင်း ထန်တလန်မြို့က နေအိမ်တချို့ မီးလောင်နေတာကို အင်တာနက် လူမှုကွန်ရက်ပေါ်မှာ live လွှင့်နေတာတွေရှိတယ် ၊ အဲ့ဒါတွေကိုများ မြင်တွေ့ပြီး စိတ်ပြောင်းသွားတာလည်းဖြစ်နိုင်တယ် “လို့ ပြောပါတယ်။
ပြီးခဲ့တဲ့ ဖေဖော်ဝါရီလတုန်းကလည်း အဲ့ဒီဘဏ်မှာ တာဝန်ကျနေတဲ့ ရဲတစ်ယောက်ဟာ တာဝန်ကျနေရာကနေ ပျောက်ဆုံးသွားပြီး ထန်းတောရပ်ကွက်ရုံးကနေ ပြန်တွေ့ခဲ့ရတဲ့ ဖြစ်စဥ်လည်း ဖြစ်ခဲ့ပါသေးတယ်။
ဒါ့အပြင် မုံရွာ မြန်မာ့စီးပွားရေးဘဏ်အနီးက စျေးအရောင်းဆိုင် လုပ်ငန်းရှင်တစ်ယောက်ကလည်း ” ဘဏ်မှာ အစောင့်တာဝန်ကျတဲ့ ရဲတစ်ယောက် သေနတ်နဲ့ ၂ လက်နဲ့ ပျောက်နေလို့ ရှာဖွေစစ်ဆေးရေးတွေနဲ့ အခြေအနေတွေ ရှုပ်ထွေးနေတယ် ၊ မြို့နေရာ အနှံလည်း စစ်ဆေးနေတာတွေ ဖြစ်နေတယ် ” လို့ ပြောပါတယ်။
အဲ့ဒီ လက်နက်ခဲယမ်းတွေနဲ့ ဘဏ်တာဝန်ကျ ရဲတစ်ယောက် ပျောက်နေတဲ့ကိစ္စနဲ့ ပတ်သက်လို့ စစ်ကိုင်းတိုင်းရဲတပ်ဖွဲ့မှူးရုံးကို VOM က ဆက်သွယ်ခဲ့ပေမယ့် အခုချိန်အထိတော့ ဆက်သွယ်လို့ မရသေးပါဘူး။
ဒါ့အပြင် စစ်ကိုင်းတိုင်း၊ ခန္တီးမြို့နယ်၊ နန်စီပွန်ဒေသမှာ တာဝန်ကျနေတဲ့ ကင်းတာဝန်ကျ ရဲ ၁ ယောက်ဟာလည်း အလားတူ လက်နက်ခဲယမ်းတွေနဲ့ ပျောက်ဆုံးနေတဲ့အတွက် နန်စီပွန်နယ်မြေရဲစခန်းမှာ အမှုဖွင့်ရှာဖွေနေရတာလည်း ရှိပါတယ်။
ပြီးခဲ့တဲ့ ရက်ပိုင်းကလည်း ယင်းမာပင်မြို့မရဲစခန်းက ဂါတ်စာရေးတာဝန်ကျ ရဲတစ်ယောက်ဟာ ဖမ်းဆီးထိန်းသိမ်းထားတဲ့ ရွှေချောင်း ၂ ပိသာကျော်နဲ့ ပိုက်ဆံ သိန်း ၅ ရာနီးပါးအပြင် G3 သေနတ် ၁ လက်နဲ့ ကျည်ဆံတွေပါယူဆောင်သွားပြီး ပျောက်ဆုံးနေတာလည်း ရှိခဲ့ပါသေးတယ်။
ဒါ့အပြင် အခုလ ၁၇ ရက်မနက်က မုံရွာမှာ တာဝန်ကျနေတဲ့ ရဲတွေကို ထောက်ပံ့ပစ္စည်းတွေပေးအပ်ဖို့ ပြည်ထဲရေးဝန်ကြီး ဗိုလ်ချုပ်ကြီး စိုးထွဋ်နဲ့ အဖွဲ့ ရောက်ရှိလာခဲ့ပြီး ၂ ရက်အတွင်းမှာပဲ အခုလို ရဲဝန်ထမ်း ၁ ယောက် လက်နက်ခဲယမ်းတွေနဲ့အတူ ပျောက်ဆုံးနေတာဖြစ်တယ်လို့လည်း သိရပါတယ်။
ပုံစာ – မုံရွာ မြန်မာ့စီးပွားရေးဘဏ်တာဝန်ကျ ရဲများ
# voiceofmyanmar #VOM #မုံရွာ #ဘဏ်တာဝန်ကျရဲ #လက်နက်တွေနဲ့ပျောက်ဆုံး",,,,,,
<urn:uuid:05cb8f4c-28eb-4a35-9b24-1f670efbd7c8>,"အကြမ်းဖက်စစ်တပ်၏ နှိပ်စက်သည့်ဒဏ်များကြောင့် အောက်တိုဘာလ၁ရက်နေ့တွင် ကျဆုံးခဲ့ရသော နေပြည်တော်သပိတ်ခေါင်းဆောင် ကိုရန်ပိုင်၏နာရေးကို အောက်တိုဘာလ၂ရက်နေ့ နံနက်ပိုင်းတွင် နေပြည်တော်ရှိ ကွေ့ကြီးသုဿန်တွင် ပြုလုပ်ခဲ့သည်။
ကိုရန်ပိုင်သည် မေလ၂ရက်နေ့တွင်စစ်တပ်၏ ဖမ်းဆီးခြင်းခံခဲ့ရပြီး စစ်ကြောရေးတွင် နှိပ်စက်သည့်ဒဏ်များကြောင့် ကလီစာများပျက်စီးသွားခြင်းနှင့် ဆိုးရွားလာသည့် ကျန်းမာရေးအခြေအနေများကြောင့် နေပြည်တော် တပ်မတော်ကုတင်၁၀၀၀ဆေးရုံတွင် ဆေးကုသမှုခံယူနေရင်း အောက်တိုဘာလ၁ရက်နေ့ နံနက်ပိုင်းတွင် သေဆုံးခဲ့ခြင်းဖြစ်သည်။
“ သားရဲ့နာရေးကို ကွေ့ကြီးသုဿန်များပြုလုပ်ခဲ့ပါတယ်။ အခုတော့အားလုံးပြီးသွားပါပြီ ” ဟု ကိုရန်ပိုင်၏မိခင်ဖြစ်သူကပြောသည်။
ကိုရန်ပိုင်၏နာရေးကို မိသားစုဝင်များနှင့် မိတ်ဆွေအနည်းငယ်ဖြင့် ပြုလုပ်ပြီး နေပြည်တော် ကုတင်၁၀၀၀ဆေးရုံမှ သုဿန်အထိ လုံခြုံရေးတပ်ဖွဲ့ဝင်များနှင့် အကျဉ်းဦးစီးဌာနမှ ဝန်ထမ်းများ လိုက်ပါခဲ့သည်ဟုသိရသည်။
ကိုရန်ပိုင်သည် အကျဉ်းထောင်အတွင်း ရောဂါဝေဒနာကို ဆိုးရွားစွာ ခံစားခဲ့ရပြီးသည့်အခါတွင်မှ ဆေးရုံတက်ရောက်ခွင့်ရရှိခဲ့ပြီးရက်အနည်းငယ်အကြာတွင် ယခုကဲ့သို့ သေဆုံးခဲ့ရခြင်းဖြစ်သည်။
“မသေခင်မှာ ကျမသူ့ကို သုံးရက်လောက်သွားပြုစုရသေးတယ်။ စကားမပြောနိုင်ဘူး။ နံရိုးတွေအက်နေတယ်။ အတွင်းကလီစာတွေ ပျက်စီးနေပြီ။ အတော်ကိုနှိပ်စက်ထားတာပါ။ သေတော့ ဆေးစာမှာရောဂါကြောင့်ဆုံးတယ်ပဲ ရေးထားတာပေါ့” ဟု ကိုရန်နိုင်၏မိခင်ကပြောသည်။
အကြမ်းဖက်စစ်တပ်သည် နိုင်ငံရေးတက်ကြွလှုပ်ရှားသူများကို ဖမ်းဆီးပြီး စစ်ကြောရေးစခန်းများသို့ ပို့ဆောင်ကာ သေဆုံးသည်အထိ နှိပ်စက်လျက်ရှိသည်။ နိုင်ငံရေးအကျဉ်းသားများ ကူညီစောင့်ရှောက်ရေးအသင်း(AAPP) ၏ စက်တင်ဘာလ၁ရက်နေ့အထိ ထုတ်ပြန်ထားသော စာရင်းများအရ စစ်တပ်သည်အပြစ်မဲ့ပြည်သူ ၁၁၀၀ကျော်ကို သတ်ဖြတ်ထားပြီး ၈၄၀၀ကျော်ကို ဖမ်းဆီးထားသည်။",,,,,,
<urn:uuid:cebe318b-2f20-439e-af71-28dd2e5ed083>,"By ဝင်းနန္ဒာ/Myanmar Now
2/04/2019
ရန်ကုန်တိုင်း စစ်ဌာနချုပ်မှ အရာရှိတစ်ဦးက ဆက်သွယ်ရေး ဥပဒေ ပုဒ်မ ၆၆ (ဃ) ဖြင့် ရုပ်ရှင်ဒါရိုက်တာ မင်းထင်ကိုကိုကြီးအား အမှုဖွင့်ထားသည်မှာ ၎င်း Facebook ပေါ်တွင် ရေးသားခဲ့သည့် ရေးသားချက် ၁၀ ခုကြောင့် ဖြစ်ကြောင်း ယနေ့ သိရှိရသည်။
၎င်း၏Facebook “Ko Ko Gyi” တွင် ဖေဖော်ဝါရီ ၁၅ ရက်နေ့မှ မတ်လ ၂၂ ရက်နေ့အတွင်း ရေးသားခဲ့သည့် ရေးသားမှုများသည် တပ်မတော်ကို ဂုဏ်သိက္ခာ ကျဆင်းစေသည်ဟု ဆိုကာ အင်းစိန်မြို့နယ်ရဲစခန်းတွင် အမှုဖွင့်ခံထားရခြင်း ဖြစ်ကြောင်း ရဲတပ်ဖွဲ့က ၎င်းကို ပြောဆိုခဲ့သည်ဟု သိရှိရသည်။
ထိုရက်များအတွင်း ၎င်း၏ရေးသားချက်များတွင် တပ်မတော်က လွှတ်တော်တွင် ၂၅ ရာခိုင်နှုန်း ဝင်ရောက် နေရာယူထားမှု၊ လွှတ်တော်တွင် တပ်ကိုယ်စားလှယ်များက ဖွဲ့စည်းပုံ အခြေခံဥပဒေ ပြင်ဆင်ရေး ဆောင်ရွက်ချက်များကို ကန့်ကွက်မှုများ အကြောင်း ဝေဖန်ထားသည်ကို တွေ့ရသည်။
ယနေ့ နေလယ် ၁၂ နာရီက ရဲစခန်းတွင် သွားရောက် စစ်ဆေးခံခဲ့ကြောင်း၊ ရဲစခန်းက ၎င်းကို အာမခံဖြင့် ပြန်လွှတ်လိုက်ကြောင်း မင်းထင်ကိုကိုကြီးက ပြောသည်။
၎င်းအား မတ်လ ၂၉ ရက်နေ့တွင် အမှုဖွင့်ခဲ့သူမှာ ရန်ကုန်တိုင်းစစ်ဌာနချုပ်မှ ဒုတိယဗိုလ်မှူးကြီး လင်းထွန်းဖြစ်သည်။ အမျိုးသားဒီမိုကရေစီအဖွဲ့ချုပ်မှ ကိုမျိုးရန်နောင်သိန်း၊ The Voice ဂျာနယ်မှ တာဝန်ရှိသူတို့ကိုလည်း လွန်ခဲ့သည်နှစ်များက တပ်မတော်ကို အသရေညိုးနွမ်းအောင်ပြုသည် ဟူသော အလားတူ စွဲချက်ဖြင့် တရားစွဲခဲ့သူမှာလည်း ဒုတိယဗိုလ်မှူးကြီး လင်းထွန်းဖြစ်သည်။
မင်းထင်ကိုကိုကြီးက တရားဥပဒေ လမ်းကြောင်းအတိုင်း ရင်ဆိုင်ဖြေရှင်းသွားမည်ဟု ရဲစခန်းမှ ပြန်အထွက်တွင် သတင်းထောက်များကို ပြောကြားခဲ့သည်။
“မြန်မာနိုင်ငံသူ မြန်မာနိုင်ငံသားတွေ နိုင်ငံရေးအရ မှန်ကန်တဲ့အသိလေးတွေ ရစေချင်တဲ့စိတ် ကိုယ့်မှာရှိတယ်။ ဘယ်အဖွဲ့အစည်း ဘယ်ပုဂ္ဂိုလ်တစ်ဦး တစ်ယောက်ကို လည်းကောင်း ပုတ်ခတ်စော်ကားလိုခြင်း ကိုယ့်မှာ မရှိဘူး” ဟု ၎င်းက ပြောသည်။
ဒါရိုက်တာမင်းထင်ကိုကိုကြီးသည် လူ့အခွင့်အရေးဆိုင်ရာ မှတ်တမ်းရုပ်ရှင်များ ရိုက်ကူးထုတ်လုပ်ခဲ့သည့် လူ့ဂုဏ်သိက္ခာရုပ်ရှင်သိပ္ပံကို တည်ထောင်သူလည်း ဖြစ်ပြီး ၂၀၀၈ ဖွဲ့စည်းပုံအခြေခံဥပဒေအရ စစ်တပ်က မြန်မာ့နိုင်ငံရေးတွင် ဝင်ရောက်နေရာယူထားမှုနှင့် ပတ်သက်ပြီး ၎င်း၏ Facebook စာမျက်နှာပေါ်တွင် ပြင်းပြင်းထန်ထန် ကန့်ကွက် ရေးသားနေသူဖြစ်သည်။
သူရင်ဆိုင်ရမည့် ဆက်သွယ်ရေး ဥပဒေပုဒ်မ ၆၆ (ဃ) သည် ပြစ်မှုထင်ရှားပါက အမြင့်ဆုံးထောင်ဒဏ် ၂ နှစ်အထိ ချမှတ်နိုင်သည့် ပုဒ်မ ဖြစ်သည်။
၂၀၁၉ ခုနှစ် ဖေဖော်ဝါရီ ၄ ရက်နေ့ အထိ ဆက်သွယ်ရေး ဥပဒေ ပုဒ်မ ၆၆ (ဃ) ဖြင့် တရားစွဲဆိုမှုများမှာ ၁၇၉ မှု ရှိပြီ ဖြစ်ကြောင်း အသံ(လွတ်လပ်စွာထုတ်ဖော်ပြောဆိုလှုပ်ရှားမှုအဖွဲ့) က ထုတ်ပြန်ထားသည်။
==
ပုံစာ – ၂၀၁၉ ဧပြီ ၂ ရက်နေ့က ရန်ကုန်၊ အင်းစိန်မြို့နယ် ရဲစခန်းသို့ ရောက်လာသော ဒါရိုက်တာမင်းထင်ကိုကိုကြီး
(ဓာတ်ပုံ – ဝင်းနန္ဒာ/Myanmar Now)",,,,,,
<urn:uuid:6066df81-511d-43e3-be8a-837b01c6c819>,"ပါကစ္စတန်နိုင်ငံတောင်ပိုင်းက ကရာချိဆိပ်ကမ်းမြို့ လူနေရပ်ကွက်တခုကို အာဏာပိုင်တွေ က ဝင်ရောက် စီးနင်းအပြီး မျိုးတုံးမယ့်အန္တရာယ်ကို ရင်ဆိုင်နေရတဲ့ မှောင်ခိုကုန်ကူးခံထားရတဲ့ သိမ်းငှက် ၇၄ ကောင်ကို သိမ်းဆည်းခဲ့ပါတယ်။
ဒီငှက်တွေကို အာဖဂန်နစ္စတန်ကနေ မှောင်ခိုသွင်းလာတာဖြစ်ပြီး အာရပ်နိုင်ငံတွေဆီ ပို့ဖို့ စီစဉ်ထားခဲ့တာလို့ အကောက်ခွန်ဌာန အရာရှိ မိုဟာမဒ် ဆာကစ်ဖ်ှက သတင်းစာရှင်းလင်းပွဲမှာ ပြောပါတယ်။
ပါကစ္စတန်အကောက်ခွန်ဌာန မှောင်ခိုတိုက်ဖျက်ရေးအဖွဲ့ဟာ အောက်တိုဘာ ၁၄ နဲ့ ၁၅ရက် ညတွေမှာ လုပ်တဲ့ ရှာဖွေစီးနင်းမှုဆိုင်ရာ စစ်ဆင်ရေး ၂ ရပ်ကို အောင်အောင်မြင်မြင် ဆောင်ရွက် နိုင်ခဲ့ပြီး ငှက်တွေ အများအပြား ပြန်ရခဲ့တယ်လို့ ဆိုပါတယ်။
သိမ်းငှက် ၇၄ ကောင်ရဲ့ ခန့်မှန်း ကာလတန်ဖိုးဟာ အမေရိကန်ဒေါ်လာ ၁ ဒသမ ၂ သန်းတန်တယ်လို့လည်း သူက ဆက်ပြောခဲ့ပါတယ်။
ဒီသိမ်းငှက်တွေကို မျိုးတုံးတော့မယ့် မျိုးစိတ်များ တရားမဝင် ကုန်ကူးမှု တိုက်ဖျက်ရေး နိုင်ငံတကာ သဘောတူညီချက်အောက်မှာ စာရင်းဝင်တဲ့ မျိုးစိတ်လို့လည်း အကောက်ခွန်ဌာနက ထုတ်ပြန်တဲ့ကြေညာချက်က ဆိုပါတယ်။
ဒီအမှုနဲ့ ပတ်သက်ပြီး တရားဥပဒေအရ စီရင်မှုပြီးစီးရင် ဒီငှက်တွေကို သဘာဝ စားကျက်မြေမှာ ပြန်လွှတ်ပေးဖို့ အကောက်ခွန် အရာရှိတွေက စီစဉ်ထားပါတယ်။
1 year Ago",,,,,,
<urn:uuid:e5f2b2da-441e-411e-a286-00a583356dc8>,"ဆိုးလ်၊ မေ ၁၀ ။ ။ “ဒါဟာ မြောက်ကိုရီးယားက ဟနွိုင်းအစည်းအဝေး သဘောတူညီမှု မရဘဲ အရေးမလှ ဖြစ်ခဲ့တာအပေါ် တော်တော်လေး မခံချိမခံသာ ဖြစ်နေပုံကို ပြသနေတာပဲ။”လို့ တောင်ကိုရီးယား သမ္မတ မွန်ဂျေအင်းက ရာထူးလက်ခံပြီး နှစ်နှစ်အတွင်း ပထမဆုံး ရုပ်သံအင်တာဗျူးမှာ ပြောပါတယ်။
မြောက်ကိုရီးယားနိုင်ငံဟာ ဒီကနေ့ မေ ၁၀ ရက်မှာ တာတိုပစ် ဒုံးကျည်နှစ်စင်း စမ်းသပ်ပစ်လွှတ်လိုက်ပုံရတယ်လို့ တောင်ကိုရီးယား စစ်ဦးစီးချုပ်ရုံးက ထုတ်ပြန်ခဲ့ပြီးနောက်မှာ မွန်ဂျေအင်းက မှတ်ချက်ပြု ပြောလာတာပါ။
ဗီယက်နမ်နိုင်ငံ ဟနွိုင်းမြို့က အမေရိကန် သမ္မတ ဒေါ်နယ်ထရမ့်နဲ့ မြောက်ကိုရီးယားခေါင်းဆောင် ကင်ဂျုံးအွန်တို့ကြား ဒုတိယကြိမ် ထိပ်သီးအစည်းအဝေးက သဘောတူညီချက် မရဘဲ အရေးမလှဖြစ်ခဲ့တာကို ရည်ညွန်းပြီး မြောက်ကိုရီးယားဖက်က တော်တော်လေး မကျေမချမ်း ဖြစ်နေပုံကြောင့် ခုလို ဒုံးကျည်စမ်းသပ်ပစ်လွှတ်တာလို့ သမ္မတ မွန်ဂျေအင်းက မှတ်ချက်ပြု ပြောဆိုတာပဲ ဖြစ်ပါတယ်။
မြောက်ကိုရီးယားနိုင်ငံအနေနဲ့ ခု တာတိုပစ် ဒုံးကျည်နှစ်စင်း ပစ်လွှတ်တယ်ဆိုရင် ဒါဟာ သီတင်းတစ်ပတ်အတွင်းမှာ ဒုတိယအကြိမ် ပစ်လွှတ်တာပဲ ဖြစ်ပါတယ်။ ၂၀၁၇ နိုဝင်ဘာလအတွင်းက တိုက်ချင်းပစ်ဒုံးကျည် စမ်းသပ်မှုနောက်ပိုင်းမှာ မြောက်ကိုရီးယားနိုင်ငံဟာ ပြီးခဲ့တဲ့ မေ ၄ ရက်နေ့က တာတိုပစ် ဒုံးကျည်တစ်စင်း ပစ်လွှတ်ခဲ့ပါသေးတယ်။
ခုတစ်ကြိမ် စမ်းသပ်ပစ်လွှတ်လာတာနဲ့ ပတ်သက်ပြီး အမေရိကန်သမ္မတ ထရမ့်ကလည်း မြောက်ကိုရီးယားရဲ့ ဒုံးကျည်စမ်းသပ်မှုကြောင့် ဘယ်သူမှ ပျော်မှ မဟုတ်ဘူးလို့ ပြောဆိုပါတယ်။
မြောက်ကိုရီးယားနိုင်ငံပိုင် KCNA သတင်းဌာနက ခု ပစ်လွှတ်မှုကို စစ်ရေးလေ့ကျင့် ပစ်လွှတ်မှု လုပ်ဆောင်တာဖြစ်ပြီး ခေါင်းဆောင် ကင်ဂျုံးအွန်ကိုယ်တိုင် ကြီးကြပ်ကွပ်ကဲခဲ့တယ်လို့ ဖော်ပြပါတယ်။
KCNA သတင်းဌာနကတော့ ပစ်လွှတ်မှုကို ထုတ်ပြန်ကြေညာပေမယ့်လည်း စမ်းသပ်ပစ်လွွှတ်တဲ့ လက်နက်အမျိုးအစားကို ဖော်ပြခဲ့တာ မရှိပါဘူး။ တာဝေးပစ်လက်နက်တစ်မျိုးလို့ပဲ ဖော်ပြပြီး ဒုံးလက်နက် ဒါမှမဟုတ် ဒုံးထိပ်ဖူး စတဲ့ ဒုံးကျည်စကားရပ်ကို ရှောင်ကွင်းပြီး ထုတ်ပြန်ကြေညာခဲ့တာ ဖြစ်ပါတယ်။",,,,,,
<urn:uuid:ec9ba90a-d813-4e69-8d73-8d9829fcda6e>,"StayHome ကို အိမ်မှာနေရင်း မြှီးရှည်ပူပူလေး အလွယ်တကူ ချက်စားကြမယ်
အခုလို ကာလမျိုးမှာ အပြင်ထွက်ပြီး ရောဂါပိုးတွေ အကူးခံမယ့်အစား အိမ်မှာပဲနေရင်း ချစ်ရတဲ့ မိသားစုဝင်တွေနဲ့အတူ ကိုယ်ကြိုက်နှစ်သက်တဲ့ စားစရာတွေကို တပျော်တပါး ချက်စားကြရအောင်လေ။
ဒီတစ်ပတ်မှာတော့ အစားတလိုင်းလေးတွေအတွက် ရှမ်းရိုးရာ အစားအစာတစ်ခု ဖြစ်တဲ့ မြှီးရှည်ကို အိမ်မှာ အလွယ်တကူ ချက်စားလို့ရမယ့် နည်းလမ်းလေးကို ပြောပြပေးမှာ ဖြစ်ပါတယ်။
ချက်နည်းကို မပြောခင် မြှီးရှည်ဖြစ်ပေါ်လာပုံကိုလည်း ဗဟုသုတအနေနဲ့ မျှဝေပေးချင်ပါတယ်။
မြှီးရှည်ဆိုတဲ့ အသုံးအနှုန်းက တရုတ်စကား မီရှန့်ကနေ စတင်ဆင်းသက်လာပြီး “မီ” ရဲ့အဓိပ္ပါယ် “ဆန်” နဲ့ “ရှန့်” ရဲ့အဓိပ္ပါယ် ”နန်းလုံး” နှစ်ခုပေါင်းလိုက်တဲ့အခါ “ဆန်နဲ့ ပြုလုပ်ထားတဲ့ နန်းလုံး” လို့ ခေါ်တွင်ရာက စတင်ခဲ့ပါတယ်။ ကာလရွေ့လျားလာမှ နှောင်းလူတို့က မီရှန့်ကနေ မြှီးရှည်ဆိုပြီး ဆက်လက်ခေါ်တွင်ခဲ့တာ ဖြစ်ပါတယ်။
မြန်မာပြည်မှာတော့ မြီးရှည်ကို ရှမ်းပြည်နယ်ဖက်ကနေ စတင်ခဲ့တယ်လို့ သိရပြီး၊ မန္တလေးမြို့မှာဆိုရင် ၁၉၈၀ ဝန်းကျင်လောက်က ရောက်ခဲ့တယ်လို့ မှတ်သားခဲ့ရဖူးပါတယ်။ ""မန္တလေးမြီးရှည်ရဲ့အစ ဦးချစ်မြို့က” လို့ ပြောစမှတ်ရှိပြီး မန္တလေးမြီးရှည်ကို ဦချစ်မြို့ဆိုသူက စတင်မိတ်ဆက်ခဲ့တာ ဖြစ်တယ်လို့ ရှေ့မှီနောက်မှီ လူကြီးမိဘများဆီက ကြားသိဖူးပါတယ်။
ကိုယ်စားမယ့် အစားအစာရဲ့ သမိုင်းကြောင်း အကျဥ်းကိုလည်း သိပြီဆိုတော့ အိမ်မှာလုပ်စားဖို့ စပြီး ပြင်ဆင်လိုက်ရအောင်။ မြှီးရှည်ချက်ပြုတ်ရာမှာ ပါဝင်ပစ္စည်းအနေနဲ့ (၁၁) မျိုး ရှိပါမယ်။
၁။ မြီးရှည် မုန့်ဖတ် - ၂ထုပ်
၂။ ဝက်အဆီ နဲ့ အသား - ၂၅ကျပ်သား (ဝက်သားမစားရင် ကြက်သား ၂၅ကျပ်သား ဝယ်နော်)
၃။ ပဲပင်ပေါက် - အနည်းငယ်
၄။ မုန့်ညှင်းချဉ် - စားပွဲတင်ဇွန်း ၃ဇွန်း
၅။ ပဲငပိ အစပ် - စားပွဲတင်ဇွန်း ၃ဇွန်း
၆။ ငရုတ်သီး အကြမ်းမှုန့် - စားပွဲတင်ဇွန်း ၃ဇွန်း
၇။ ပဲပြာရည် အကြည် - စားပွဲတင်ဇွန်း ၃ဇွန်း
၈။ နံနံပင် - အနည်းငယ်
၉။ ကြက်သွန်မြိတ် - အနည်းငယ်
၁၀။ ကြက်သွန်ဖြူ - ၅မွှာ
၁၁။ အသားလုံး - စားလိုသလောက်
ကော်ရည်အနှစ် ပြုလုပ်ဖို့ ပါဝင်ပစ္စည်းတွေကတော့ ...
- ကော်မှုန့် - စားပွဲတင်ဇွန်း ၃ဇွန်း
- ဆန်မှုန့် - စားပွဲတင်ဇွန်း ၃ဇွန်း
- ရေ - ၁၀၀ မီလီလီတာ
ပါဝင်ပစ္စည်းတွေ စုံပြီဆိုရင် မြီးရှည်ကို စတင်ပြုလုပ်ပါပြီ။
ပထမဦးဆုံး ဝက်သားကို ပြုတ်ဖို့ ဒယ်အိုးထဲ ရေထည့်ပြီး ဆူအောင်တည်ထားပါ။ ကြက်သွန်ဖြူ ၅မွှာကို မညက်တညက် ထောင်းထားပြီး၊ ဆား (လက်ဖက်ရည်ဇွန်း ၁ဇွန်း)နဲ့ ဝက်သား အဆီအသားကို နယ်လိုက်ပါ။ ပြီးရင်တော့ ရေဆူနေတဲ့ အိုးထဲကို နယ်ထားတဲ့ ဝက်သားတွေ နူးအိသွားတဲ့အထိ နာရီဝက်ခန့် တည်ထားပါ။
ဝက်သား နူးပြီဆိုရင် အဆီနဲ့ အသားကို သက်သက်စီ ပိုင်းဖြတ်ပြီး ပါးပါးလှီးပေးပါ။ ဒယ်အိုးတစ်ခုထဲ ရေများများနဲ့ မြီးရှည် ခေါက်ဆွဲဖတ်တွေကို (၂)မိနစ်၊ (၃) မိနစ်ခန့် ပြုတ်ပြီး ဇကာနဲ့ ပြန်ဆယ်ထားပါ။ အသားလုံးတွေကို (၁၀)မိနစ်လောက် ပြုတ်ထားပြီး အနေတော် အတုံးလေးတွေ လှီးထားပါ။ ပဲပင်ပေါက်တွေကိုလည်း ရေနွေးဖျောထားပေးပါ။
ပြီးရင် ဒယ်အိုးထဲ ဆီထည့်ပြီး ငရုတ်သီး အကြမ်းမှုန့်ကို (၁)မိနစ်ခန့် ဆီသပ်ကာ ပြန်ဆယ်ထားပါ။ ကြက်သွန်ဖြူများကိုလည်း ဆီအနည်းငယ် သပ်ပြီး ပြန်ဆယ်ထားလိုက်ပါ။ နံနံပင်နဲ့ ကြက်သွန်မြိတ်ကို ပါးပါးလှီးထားပါ။ အားလုံး ပြီးသွားရင် မြှီးရှည်ရဲ့ အသက် ကော်အနှစ်ကို ပြုလုပ်ပါမယ်။
ကော်အနှစ် ပြုလုပ်ဖို့ ဒယ်အိုးထဲမှာ ကော်နဲ့ဆန်မှုန့် ရောမွှေထားတာကို လောင်းထည့်ပြီး မီးနည်းနည်းနဲ့ အဆက်မပြတ် ရောမွှေပေးပါ။ ကော်ရည် ပျစ်ခါနီးရင် မီးပိတ်လိုက်ပါ။
ပါဝင်ပစ္စည်းတွေရော ကော်ရည်ပါ ရပြီဆိုရင်တော့ မြီးရှည် တစ်ပွဲစာ ပြင်ပါမယ်။
ပန်းကန်ထဲကို မြှီးရှည်မုန့်ဖတ်၊ ပဲပင်ပေါက်၊ ပဲငပိ (စားပွဲတင်ဇွန်း ၁ဇွန်း)၊ ပဲငံပြာရည် (စားပွဲတင်ဇွန်း ၁ဇွန်း)၊ ငရုတ်သီးကြော်၊ ဝက်အဆီနဲ့ အသား၊ မုန့်ညှင်းချဉ်၊ ကော်နှစ် (စားပွဲတင်ဇွန်း ၁ဇွန်း)၊ ဝက်ပြုတ်ရည် (စားပွဲတင်ဇွန်း ၃ဇွန်း)၊ မုန့်ညှင်းချဉ်၊ နံနံပင်၊ ကြက်သွန်မြိတ်နဲ့ အသားလုံးတွေ ထည့်ပေးပါ။
အားလုံးပြင်ဆင်ပြီးသွားရင်တော့ အရသာရှိတဲ့ မြှီးရှည်တစ်ပွဲကို အားရပါးရ သုံးဆောင်နိုင်ပါပြီ။
ကိုးကား - Wutyeefoodhouse",,,,,,
<urn:uuid:48c0db24-2aa3-4213-9ae9-172fa46f8135>,"” ကိုယ့်အပေါ်သိပ်ချစ်တဲ့သူကိုလမ်းမခွဲပါနဲ့ “
ကိုယ့်အပေါ် အရမ်း အရူးအမူးအဖြစ် မျိုးတွေနဲ့ သိပ်ချစ် ခဲ့တဲ့ သူကို နာကျင်စရာတွေ အဆတ်ဆတ်ပေးပြီး ဘာလို့ လမ်းခွဲ လိုက်ရ တာလဲ
ကိုယ့်အပေါ် ဘာမဆို ကိုယ်စိတ်ကြိုက် ကိုယ့်အလို ကျကိုယ့် သဘောတိုင်း အမြဲ လိုလို လိုက်နာပြီး နားထောင်ပေး တတ်တဲ့ သူကို ဘာလို့ စွန့်လွှတ် လိုက် ရတာလဲ
ကိုယ့်စကား အသေးမွှလေးက အစသေချာ ဂရုစိုက်ပြီး တန်ဖိုးထား အလေးနက် ထားပြီးအလိုက် သိတတ်တဲ့ သူကို ဘာလို့ကျော့ခိုင်း သွားရ တာလဲ
ကိုယ်ဝမ်းနည်းရင် အနားက နှစ်သိမ့်ပေး ကိုယ်စိတ်ညစ် ရင်ဘေးကနေပြီး ခွန်အား ရှိမဲ့ စကားတွေ အမြဲပြောပေး တတ်တဲ့သူကို ဘာလို့နောက်ဆုတ် လိုက်ရ တာလဲ
နင်မှနင် ဆိုပြီး တစ်သက်စာ ဘဝလက်တွဲဖော် အတွက် တစ်ကယ်ရည်ရွယ်ပြီး မျော်လင်းခဲ့တဲ့ သူကို သူ့အနားမှ ဘာလို့ တိတ်တဆိတ်ရှောင်ခွါ ဖို့ ကြိုးစား လိုက်ရ တာလဲ ။
ကိုယ့်အပေါ် တစ်ကယ်ကောင်းတဲ့ သူတစ်ယောက်ကို အရာရာ မျက်ကွယ်ပြု ပြီးသူ့ရဲ့ဘေးမှ ထွက်ခွါ သွားဖို့ မပြင်ဆင်ပါနဲ့ ။
သင့်အပေါ်မှာ သူ့ထက် ရုပ်ရည်ချောမော လှပ သူရှာ လို့တွေ့ချင်တွေ့လိမ့် မယ် ။
သူ့ထက် အရာရာ ဂရုစိုက်ပြီး အမြဲနားလည် ခွင့်လွတ်ပေး တတ်တဲ့သူ ကိုတော့ ခုခေတ်ကြီး ထဲမှာ ရဖိုးသင် မမျော် လင့် ပါ နဲ့ ။
ချစ် တဲ့ သူ တိုင်း အ ဆင် ပြေ ပါ စေ
Credit
Unicode
” ကိုယျ့အပျေါသိပျခဈြတဲ့သူကိုလမျးမခှဲပါနဲ့ “
ကိုယျ့အပျေါ အရမျး အရူးအမူးအဖွဈ မြိုးတှနေဲ့သိပျခဈြ ခဲ့တဲ့ သူကို နာကငျြစရာတှေ အဆတျဆတျပေးပွီး ဘာလို့လမျးခှဲ လိုကျရ တာလဲ
ကိုယျ့အပျေါ ဘာမဆို ကိုယျစိတျကွိုကျ ကိုယျ့အလို ကကြိုယျ့ သဘောတိုငျး အမွဲ လိုလို လိုကျနာပွီး နားထောငျပေး တတျတဲ့ သူကို ဘာလို့စှနျ့လှတျ လိုကျ ရ တာ လဲ
ကိုယျ့စကား အသေးမှ လေး က အ စ သေ ခြာ ဂ ရု စိုကျ ပွီး တနျ ဖိုး ထား အ လေး နကျ ထားပွီးအလိုကျ သိတတျတဲ့ သူကို ဘာ လို့ ကြော့ ခိုငျး သှား ရ တာ လဲ
ကိုယျ ဝမျး နညျး ရငျ အ နား က နှဈ သိမျ့ ပေး ကိုယျ စိတျ ညဈ ရငျ ဘေး က နပွေီး ခှနျ အား ရှိ မဲ့ စကားတှေ အမွဲပွောပေး တတျတဲ့ သူကို ဘာလို့ နောကျ ဆုတျ လိုကျ ရ တာ လဲ
နငျမှနငျ ဆိုပွီး တဈ သ ကျစာ ဘဝလကျတှဲဖျော အတှကျ တဈကယျရညျရှယျပွီး မြျောလငျးခဲ့တဲ့ သူကို သူ့အနားမှ ဘာလို့ တိတျတဆိတျရှောငျခှါ ဖို့ ကွိုးစား လိုကျရ တာလဲ ။
ကိုယျ့အပျေါ တဈကယျကောငျးတဲ့ သူတဈယောကျကို အရာရာ မကျြကှယျပွု ပွီးသူ့ရဲ့ဘေးမှ ထှကျခှါ သှားဖို့ မပွငျဆငျပါနဲ့ ။
သငျ့အပျေါမှာ သူ့ထကျ ရုပျရညျခြောမော လှပ သူရှာ လို့တှခေ့ငျြတှလေိ့မျ့ မယျ ။
သူ့ထကျ အရာရာ ဂရုစိုကျပွီး အမွဲနားလညျ ခှငျ့လှတျပေး တတျတဲ့သူ ကိုတော့ ခုခတျေကွီး ထဲမှာ ရဖိုးသငျ မမြျော လငျ့ ပါ နဲ့။
ခဈြ တဲ့ သူ တိုငျး အ ဆငျ ပွေ ပါ စေ",,,,,,
<urn:uuid:0426951b-46e3-4f1b-b9e5-719a7a31efe1>,"(ရွှေဟင်္သာသတင်းဌာန)
အစိုးရ နည်းပညာ အထောက် အကူပြုအဖွဲ့ (MPC) အဖွဲ့သည် ညီညွတ်သော တိုင်းရင်းသား လူမျိုးများ ဖက်ဒရယ် ကောင်စီ (UNFC) အပါဝင် ထိုင်းနိုင်ငံ အခြေစိုက် လူမှု အဖွဲ့အစည်းများနှင့် လာမညိ့ နိုဝင်ဘာ (၂၂) ရက်နေ့တွင် တွေ့ဆုံ ဆွေးနွေးရန် ကမ်းလှမ်းထားသည်ဟု UNFC အတွင်းရေးမှူး (၂)ဖြစ်သူ ခွန်ဥက္ကာက ဆိုပါသည်။
“ဒီဆွေးနွေးပွဲ ကတော့ ကရင်ပြည်နယ် မှာပြုလုပ်မဲ့ ညီလာခံနဲ့တော့ တိုက်ရိုက် သက်ဆိုင်မှာ မဟုတ်ပါဘူး ဒါပေမဲ့ နိုင်ငံရေး အရ တွေ့ဆုံ ဆွေးနွေးတဲ့ အခါမှာတော့ ပါတီတွေက အကျုံးဝင် လာမှာပါ။ ပါတီတွေက တနိုင်ငံလုံး ဆိုင်ရာ အပစ်အခတ် ရပ်စဲရေးက သူတို့နဲ့ တိုက်ရိုက် မသက်ဆိုင်ပေမယ့် အမြင်ချင်းတော့ ဖလှယ်လို့ ရပါတယ်။ နိုင်ငံရေး ပါတီအ နေနဲ့ အကျုံးဝင်တဲ့ ကဏ္ဍကတော့ ဒုတိယ အဆင့်မှာ ဖြစ်ပါတယ်။” ဟုဆိုပါသည်။
အစိုးရ (MPC) အဖွဲ့သည် ပြည်တွင်း တိုင်းရင်းသား နိုင်ငံရေး ပါတီများနှင့် အတူ လာမည့် နိုဝင်ဘာ (၂၂)ရက်နေ့မှ (၂၄) ရက်နေ့အတွင်း ထိုင်းနိုင်ငံ မြောက်ပိုင်းရှိ အဖွဲ့အစည်း များနှင့် တွေ့ဆုံကြရန် ကမ်းလှမ်း ထားသည်ဟု ဆိုပါသည်။ UNFC အပြင် အမျိုးသမီး အဖွဲ့ချုပ် (မြန်မာနိုင်ငံ) WLB၊ရှမ်းပြည် ပြန်လည် ထူထောင်ရေး ကောင်စီ (RCSS) ပါဝင်သည့် WGEC အဖွဲ့နှင့် လည်း တွေ့ဆုံကြ မည်ဖြစ်ပါသည်။
UNFC အဖွဲ့ကမူ ဤအစီစဉ်သည် MPC အစီစဉ် ဖြစ်သည့်အတွက် မည့်သည့် ပါတီများက မည်သို့ ဆွေးနွေး ကြမည်ကို အသေးစိပ် အကြောင်းပြန်ပေး ရန် တောင်းဆိုထား သော်လည်း နိုဝင်ဘာ (၁၅) ရက်နေ့ အထိ ပြန်စာ မရသေးဟု ဆိုပါသည်။ UNFC သည် ပြည်တွင်း တိုင်းရင်းသား နိုင်ငံရေး ပါတီများမှ ခေါင်းဆောင် များနှင့် အမြင်ဖလှယ် ခွင့်ရသည့် အတွက် ကြိုဆိုကြောင်း ဆိုပါသည်။
MPC အဖွဲ့မှ ဦးညိုအုန်း မြင့်ကမူ ၄င်းတို့လည်း ပြည်တွင်း နိုင်ငံရေး ပါတီအင် အားစုများနှင့် တိုင်းရင်းသား လက်နက် ကိုင်များအကြား ဆွေးနွေးမည့် အစီစဉ်များကို မညှိနှိုင်းရသေး သဖြင့် အကြောင်းပြန်ကြား နိုင်ခြင်းမရှိသေးဟု ဆိုပါ သည်။ သို့သော် လက်ရှိဖြစ် ပေါ်နေသည့် မြန်မာနိုင်ငံ ပြုပြင် ပြောင်းလဲရေး ၌ အနာဂတ် မြန်မာနိုင်ငံကို မည်သို့ပြုပြင် ပြောင်းလဲသွား ကြမလဲ ဆိုသည့် အမြင် သဘောထားများ ဖလှယ်ကြခြင်းသာ ဖြစ်ဖွယ်ရှိ သည်ဟု ဆိုပါသည်။
“ဘယ်လိုဘဲ ဖြစ်ဖြစ် ဆွေးနွေးပွဲမှာ (၃) ချက်ပဲ သတ်မှတ်ထား ပါတယ်။ (၁) တပြည်လုံး အတိုင်းတာ အပစ်အခတ် ရပ်စဲရေးရယ်။ (၂) နိုင်ငံရေး မူဘောင်ကိစ္စနဲ့ (၃) နိုင်ငံရေး ဆွေးနွေးပွဲကို ဘယ်လိုတက် လှမ်းမလဲ ဆိုတဲ့အချက်တွေ အပေါ်မှာဘဲ အခြေခံပြီး ဆွေးနွေး သွားမှာပါ။” ဟု ဦးညိုအုန်းမြင့် ကဆိုပါသည်။
ထို့အပြင် ပြည်တွင်း တိုင်းရင်းသား ပါတီ (၉)ဖွဲ့ထက် မနဲလာရောက် ဆွေးနွေးနိုင်ကြောင်း၊ MPC မှဦးညိုအုန်းမြင့်၊ ဦးဘိုဘိုကျော်ငြိမ်း နှင့် MPC မှအကြီးတန်း အရာရှိတစ်ဦး လည်း တက်ရောက် မည်ဖြစ်သည်။
UNFC အဖွဲ့ကမူ နိုဝင်ဘာ (၂၂) ရက်နေ့ မနက် (၉) နာရီမှ (၁၂) နာရီအထိ MPC မှ ခေါ် လာသော တိုင်းရင်းသား ပါတီများမှ ခေါင်းဆောင် များနှင့် တွေ့ဆုံ ဆွေးနွေး ကြမည် ဖြစ် ပါသည်။ ဤဆွေးနွေးပွဲ အတွက် UNFC သည် ၄င်းတို့ ခေါင်းဆောင်များ အားလာမည့် နိုဝင်ဘာ (၂၀) ရက်နေ့တွင် အစည်းအဝေး ကျင်းပရန် ရှိသည်ဟု ဆိုပါသည်။
UNFC သည် ပြည်တွင်းရှိ တိုင်းရင်းသား ခေါင်းဆောင်းညီ အကိုများနှင့် တွေ့ဆုံပြီး ပွင့်ပွင့်လင်းလင်း ညှိနှိုင်း ခွင့်ရရှိခြင်းက ကောင်းသော လက္ခဏာ ဖြစ်ခြင်းကြောင့် ဤအစီစဉ်ကို ကြိုဆိုလက်ခံခြင်း ဖြစ်သည်ဟု ဆိုပါသည်။
MPC ကမူ ဤအစီစဉ် သည် နိုင်ငံ ပြုပြင်ပြောင်းလဲ ရာတွင် သမ္မတ၏ အားလုံး ပါဝင်နိုင်ရေး အခြေခံပေါ်တွင် မူတည်ပြီး တိုင်းရင်းသား နိုင်ငံရေးပါတီ များနှင့် လက်နက်ကိုင် အင်အားစု တွေကြား ပွင့်ပွင့်လင်းလင်းဖြင့် အနာဂတ် မြန်မာနိုင်ငံ အတွက် မည်သို့ ပူးပေါင်း ဆောင်ရွက်ကြရန် ဆွေးနွေးစေလို သည့်အတွက် စီစဉ်ပေးခြင်း ဖြစ်သည်ဟု ဦးညိုအုန်းမြင့်က ဆိုပါသည်။
အစိုးရ MPC အဖွဲ့သည် လာမည့် ဒီဇင်ဘာလတွင် တိုင်းရင်းသား လက်နက်ကိုင် အဖွဲ့များနှင့် တနိုင်ငံလုံး အပစ်အခတ် ရပ်စဲရေး လက်မှတ် ထိုးရေး ကိစ္စ တွေ့ဆုံ ဆွေးနွေးရန် အစီစဉ် ရှိနေသည့်အတွက် ထိုဆွေးနွေးပွဲ မတိုင်မှီ ဤအစီစဉ်ကို ဆောင်ရွက်ခြင်း ဖြစ်ပါသည်။ ဤ အစီစဉ်အပေါ် အပြုသဘော မြင်သော တချို့တိုင်း ရင်းသား နိုင်ငံရေးသမား များက အစိုးရသည် မတူသည့် အခြေခံအမြင် အပေါ်တွင် ပေါင်းစည်း ပေးရန် ဖြစ်သည်ဟု ဆိုကြပါသည်။
သို့သော် အစိုးရ၏ လုပ်ရပ်ကို သတိထားနေ သူများကမူ အစိုးရသည် အတွေးအခေါ် အမြင်မတူညီ ကြသည့် တိုင်းရင်းသား ခေါင်းဆောင်များ အချင်းချင်း တွေ့ဆုံဆွေးနွေး စေပြီး မူလ လက်နက်ကိုင် အဖွဲ့များ၏ လိုင်ဇာ သဘောတူချက် များ လမ်းကြောင်း ပြောင်းသွားစေရန် ရည်ရွယ် ဖန်တီးနေ ခြင်းသာ ဖြစ်သည်ဟု UNFC အဖွဲ့ဝင် တချို့ကဆိုပါသည်။",,,,,,
<urn:uuid:7ec127a3-8269-4492-943f-9b2750b642eb>,"မင်္ဂလာပါ။ ရွှေဉာဏ်ရှင် ပေ့ချ်မှ ကြိုဆိုလိုက်ပါတယ်။ ဟာသမရှိရင် ကမ္ဘာလောကကြီးက ရိုးရှင်းပြီး ပျင်းရိငြီးငွေစရာကောင်းလွန်းလှ ပါတယ်။ နောက်ပြောင်သူတွေ၊ လှည့်စားသူတွေဆိုတာလည်း တစ်ခါတလေတော့ သူတို့ရှိမှသာ ပတ်ဝန်းကျင်က ရယ်သံတွေ ဆူညံပြည့်နှက်နေတာ ဖြစ်ပါတယ်။ ဒီတော့ သင်ကိုယ်တိုင်ရော နောက်ပြောင်ရတာ ကြိုက်နှစ်သက်တတ်သူလား၊ အခုဖော်ပြ ပေးမှာကလည်း ဘယ်လိုလူတွေ ပါဝင်မလဲဆိုတာ အခုပဲ ဖတ်ရှုလိုက်ကြရအောင်နော်။ (ယခု အကြောင်းအရာသည် ရွှေဉာဏ်ရှင် ပေ့ချ်မှ ရေးသား တင်ဆက်ထားခြင်း ဖြစ်ပါသည်)
Shwe Nyan Shin နဲ့ ပတ်သက်တဲ့ ဆိုက်တွေက ကော်ပီယူရေးနေကြသူများ … IA လောကသားအချင်းချင်း နားလည်မှုထားတဲ့ အနေနဲ့ Ethic တော့ ထားပေးကြပါလို့ တောင်းဆိုချင်ပါတယ်။ ကိုယ်တိုင်ရေးတာကသာ ရေရှည်အတွက် ကောင်းမွန်တဲ့အရာ ဖြစ်တာကြောင့် သူတပါးအားထုတ်ပြီးသားတွေကို ကော်ပီလိုက်ကူးနေကြမယ်ဆိုရင်တော့ မိမိကိုယ်တိုင်ရော တပါးသူတွေပါ ရေရှည်ရပ်တည်နိုင်ဖို့ လွယ်မှာ မဟုတ်တာကို သတိချပ်စေချင်ပါတယ်။ အားလုံးကို ကျေးဇူးတင်ပါတယ်။
(၁)
အေးနှမလင်နေ မောင်ဖင်ကျိန်းဆိုတာ ဒါမျိုးလား၊ တစ်နေ့တစ်နေ့ တီဗီအစီအစဉ်ထဲက ပုံစံတွေ အစ်ကိုရှေ့မှာ လိုက်လုပ်ပြီး ကြည်နူးနေကြတဲ့ ယောက်ဖနဲ့ ကျွန်တော့်ညီမ
(၂)
ဒါအချိန်အတော်ကြာကြီး စဉ်းစားပြီးမှ ရွေးချယ်ထားတဲ့ အနှစ်ချုပ်စာအုပ်ထဲမှာ သုံးတဲ့ ကုတ်
(၃)
မဆိုးပါဘူး။ မနက်သုံးနာရီမှာ ထပြီး မျက်နှာကျက်ကို သန့်ရှင်းရေးလုပ်နေတဲ့ အိမ်နီးချင်းတစ်ယောက်ရှိတာ အပေါ်ထပ်မှာ နေတဲ့လူအတွက် တကယ့်ကို မဆိုးလှပါဘူး။
(၄)
ကဲ ဒီနှစ်ချုပ်စာအုပ်မှာဆိုရင်လည်း ဒီထက်ကောင်းတဲ့ ကုတ် မရှိတော့ပါဘူး။ ဒါ အကောင်းဆုံးပဲ ဖြစ်ပါတယ်။
(၅)
ဓာတ်ပုံရိုက်ပေးဖို့ တောင်းဆိုလို့ လှလှလေးရိုက်ပေးလိုက်တာ..ဘယ်လိုလဲ ဓာတ်ပုံဆရာလိုရင် ကျွန်တော့် ခေါ်ပါဦး။
(၆)
“ဒါကို ငါ့တက္ကသိုလ်ဝင်းထဲမှာ တွေ့ခဲ့တာ။”
(၇)
မိသားစုထဲမှာ ဟာသဉာဏ်အလွန်ကောင်းလွန်းတဲ့ လူတွေရှိတာ ဝမ်းသာပြီး ဂုဏ်ယူနေရပါတယ်။
(၈)
ဆရာရဲ့ပုံတူကို ဂဏန်းပေါင်းစက်မှာ ရေးဆွဲပြီးသကာလ
(၉)
မီးဖိုချောင်အလှဆင်ဖို့ ဘာတွေဝယ်လာခဲ့တာလဲ မိန်းမရယ်
(၁၀)
ဘွဲ့နှင်းသဘင်ဖိတ်စာအတွက်ပါဆို အမေက ပုံမှားပို့လိုက်သောအခါ
(၁၁)
ပန်းချီဆရာကတော့ စားပြီ
(၁၂)
ဗိုက်ဆာလာရင် ဘယ်နေရာဖြစ်ဖြစ် ဘယ်လိုအနေအထားဖြစ်ဖြစ် စားမှာပဲကွာ
(၁၃)
ဒါငါ့ရဲ့ ဝါသနာ၊ ငါ့ရဲ့အဆိုတင်သွင်းမှု၊ မသိဘူး ငါအောင်မြင်တယ်
(၁၄)
ငါ့ဆောက်လုပ်ရေးရုံးခန်းမှာ ဒါဘယ်သူလာနောက်သွားတာလဲ..အခုလာရှင်း
(၁၅)
နှင်းမုန်တိုင်းမတိုက်ခင် အမီလေး ခရီးထွက်လာခဲ့တယ်။ နောက်တဲ့ ကောင်တွေနဲ့ လာမိလို့ ငါ့ကားဘယ်ချိန်စီးရမလဲ
Shwe Nyan Shin နဲ့ ပတ်သက်တဲ့ ဆိုက်တွေက ကော်ပီယူရေးနေကြသူများ … IA လောကသားအချင်းချင်း နားလည်မှုထားတဲ့ အနေနဲ့ Ethic တော့ ထားပေးကြပါလို့ တောင်းဆိုချင်ပါတယ်။ ကိုယ်တိုင်ရေးတာကသာ ရေရှည်အတွက် ကောင်းမွန်တဲ့အရာ ဖြစ်တာကြောင့် သူတပါးအားထုတ်ပြီးသားတွေကို ကော်ပီလိုက်ကူးနေကြမယ်ဆိုရင်တော့ မိမိကိုယ်တိုင်ရော တပါးသူတွေပါ ရေရှည်ရပ်တည်နိုင်ဖို့ လွယ်မှာ မဟုတ်တာကို သတိချပ်စေချင်ပါတယ်။ အားလုံးကို ကျေးဇူးတင်ပါတယ်။
(၁၆)
ငါ့ရဲ့ သီးစစ် စာတမ်းကို ပုဝါပေါ်မှာရိုက်ထားလိမ့်မယ်လို့ ဘယ်သူကထင်မတုန်း
(၁၇)
နက်ကတိုင်သူဌေး..သူဌေးတွေတောင် သူ့လောက်မစုံဘူး။
(၁၈)
“သေတ္တာထဲမှာ အံဝင်ခွင်ကျဖြစ်မဖြစ် စစ်ကြည့်ဖို့ ငါဆုံးဖြတ်လိုက်တယ်။”
(၁၉)
ငါ့ကောင်လေးက သူ့ခရက်ဒစ်ကတ်ကိုယူပြီး ကြိုက်တာသုံးလိုက်ဆိုလို့ ငါသုံးလိုက်တာ
(၂၀)
ရုံးမှာ လုပ်ဖော်ကိုင်ဖက်တွေ ပျင်းနေကြမှာဆိုးလို့ ရုံးခန်းထဲမှာ အမြှုပ်တွေလုပ်ပေးလိုက်တယ်။ အေး ..နင်အလုပ်ထွက်ရတော့မှာ သေချာနေပြီ
(၂၁)
“ငါ့ရဲ့ အလုပ်ဦးထုပ်”၊ နင်လည်း အလုပ်ထွက်လိုက်တော့ ….
(၂၂)
ကျွန်တော့်ကောင်မလေးက ဒီလိုတွေ လုပ်ထားပါတယ်…မုန့်တွေအားလုံးက ကျွန်တော့်ကို လိုက်ကြည့်နေပါတယ်။
(၂၃)
အမိုက်စား…အထူးကမ်းလှမ်းချက်တစ်ခု
(၂၄)
ငါ့ကြောင်က အမြဲပဲအိမ်သာနဲ့ စန္ဒယားမှားပြီး စန္ဒယားခလုတ်တွေပေါ်မှာ အီးပါတယ်။ ဒါကြောင့် ပန်ကန်ဆေးစက်ထဲကို ခလုတ်တွေ အားလုံးထည့်ထားရတယ်။
(၂၅)
ငါ့နှလုံးသားထဲမှာ အရာအားလုံးအတွက် နေရာတစ်ခုစီအကန့်လိုက်ခွဲပြီးသား ဆိုပြီး ရည်းစားပို့ပေးတဲ့ ချစ်သူများနေ့ ကတ်တစ်ခု။
(၂၆)
အစ်ကိုက အလုပ်လုပ်နေရလို့ Thanks Giving ပါတီအတွက် ပြင်ပေးထားပါလို့ မှာတော့ ကျွန်တော်တို့ မောင်နှမတွေ စုံလင်အောင် ပြင်ဆင်ပေးထားလိုက်ပါတယ်။
(၂၇)
ရေခဲမုန့်ကို ဘယ်သူမှမကြိုက်ပါဘူးပေါ့လေ…..တကယ်တမ်းမှာတော့
(၂၈)
“အိမ်မှာ ဘယ်သူမှမရှိတုန်း ငါ့ညီလေးက ဒီလိုလုပ်ခဲ့တယ်”
(၂၉)
“သမီးတို့ရဲ့ ညီမလေး ဘယ်မှာလဲ”
(၃၀)
အစ်မက လည်ပင်းရှည်လို့ သူ့နာမည်ပြောင်က သစ်ကုလားအုတ်ပါ။ ဒါသူ့အတွက် မွေးနေ့လက်ဆောင်ပါ။
Written By Elni
Ref;Brightside",,,,,,
<urn:uuid:07f1499e-757f-4eea-827d-1d2b36e1ddd5>,"ရော်နယ်ဒိုရဲ့ နေအိမ်က ၇ထပ်ရှိပြီး ဖောက်ထွင်းသူမှာ ကားဂိုဒေါင်ဖက်ခြမ်းကနေ ဝင်ရောက်လာခဲ့တာလို့ စီစီတီဗွီ မှတ်တမ်းတွေအရသိရပြီး ဖမ်းဆီးရမိခြင်းတော့ မရှိသေးဘူးလို့ သိရပါတယ်။
မန်ဒီရာမှာရှိတဲ့ ရော်နယ်ဒိုရဲ့ ၇ထပ်တိုက်အတွင်း သူခိုး ဝင်ခိုးခဲ့တယ်လို့ သိရပြီး ရဲတပ်ဖွဲ့က စုံစမ်း လျက်ရှိနေပါတယ်။
ရော်နယ်ဒိုအနေနဲ့ နိုင်ငံလက်ရွေးစင်အသင်းနဲ့အတူ တာဝန်ကျနေစဥ် အိမ်ဝန်းရဲ့ ကားဂိုဒေါင်ဖက်ခြမ်းကနေ သူခိုး ကဝင်ရောက်လာခဲ့တာလို့ စစ်ဆေးသိရပါတယ်။
ဒီလို အိမ်ကို သူခိုးကပ်ခံရတာကိုတော့ ရော်နယ်ဒိုရဲ့ မိသားစုဝင်တစ်ဦးက ပြောပြလာတာဖြစ်ပြီး ရော်နယ်ဒို က တော့ ဗုဒ္ဓဟူးနေ့ညမှာ စပိန်နဲ့ ဘောလုံးပွဲရှိလို့ ပေါ်တူဂီအသင်းနဲ့ ပူးပေါင်းနေတယ်လို့ သိရပါတယ်။
သူခိုးကပ်ခဲ့ပေမယ့်လည်း ရော်နယ်ဒိုရဲ့ ၇ထပ်မျှ မြင့်တဲ့ အိမ်ထဲကနေ တန်ဖိုးကြီးကြီးမားမား ပစ္စည်းတွေ ခိုးယူသွား ခဲ့ခြင်း မရှိပဲ ရော်နယ်ဒို လက်မှတ်ပါဝင်တဲ့ ပေါင် ၁၈၀တန် ဂျူဗင်တပ် ဂျာစီအပါအဝင် အခြား သေးငယ်တဲ့ ပစ္စည်း အချို့သာ ခိုးယူသွားတယ်လို့လည်း သိရပါတယ်။
လက်ရှိမှာတော့ အိမ်ဝန်းအတွင်းထားရှိထားတဲ့ စီစီတီဗွီ မှတ်တမ်းတွေအရ သူခိုးရဲ့ ရုပ်ပုံကို မှတ်တမ်းရရှိထားပြီ ဖြစ်ပြီး ဖမ်းဆီးရမိနိုင်ရေး လုပ်ဆောင်နေပြီလို့လည်း သိရပါတယ်။
သူခိုးဝင်ခိုးစဥ် နေအိမ်အတွင်း မည်သူမည်ဝါရှိနေခဲ့သေးလဲဆိုတာလည်း တိတိကျကျ မသိရသေးသလို အဆိုပါ အချိန်မှာလည်း ရော်နယ်ဒိုရဲ့ အတူနေချစ်သူ ဂျော်ဂျီယာလည်း ပါရိဖက်ရှင်ရက်သတ္တပတ်ကြောင့် အပြင်ရောက် နေတယ်လို့ သိရပါတယ်။
ယခုနှစ် အစောပိုင်းတုန်းက ကိုဗစ် သံသယကြောင့် ရော်နယ်ဒိုနဲ့ သူ့ရဲ့ အတူနေချစ်သူအပါအဝင် ကလေးငယ် တွေဟာ နေအိမ်ရဲ့ အမြင့် ဆုံး ၂လွှာမှာ သီးသန့် နေထိုင်ခဲ့ရပါသေးတယ်။",,,,,,
<urn:uuid:6e577e95-cf9b-484e-8b67-9cedde987465>,"Sina နည်းပညာတ႐ုတ္ လွ်ပ္စစ္ ကား ထုတ္လုပ္ေရး ကုမၸဏီ BYD မွ ထုတ္လုပ္ ေသာ Blade Battery ကို ဂ်ာမနီ ႏိုင္ငံ ဘာ လင္ ၿမိဳ႕ရွိ Tesla စက္႐ုံ သို႔ ေပးပို႔ ခဲ့ၿပီး BYD ဘက္ထရီ အသစ္ကို Tesla မွ ပထမဆံုး အသံုးျပဳ သည့္ စက္႐ုံ ျဖစ္ေၾကာင္း ၾသဂုတ္ ၁၀ ရက္က သတင္းတစ္ရပ္တြင္ ေဖာ္ျပထားသည္။ BYD Blade Battery တပ်ဆင် ထားသော Tesla မော်တော်ယာဉ် များ သည်တစ် လအတွင်း အော့ ဖ် လိုင်း သွား လိမ့်မည်ဟုမျှော်လင့်ရသည်။
တရုတ် မီဒီယာ များ သည်အခြား သတင်းရင်းမြစ် များ မှလည်း မျှော်လင့်ထားသည့် ရှန်ဟိုင်း Gigafactory သည် BYD ဘက်ထရီ များကို ယာယီ အသုံးပြုရန် အစီအစဉ် မရှိကြောင်း ကိုလည်း သိရှိ ခဲ့ရသည်။
လက်ရှိတွင် Tesla ၏ ဘာ လင် စက်ရုံသည် Model Y ကိုအဓိက ထုတ်လုပ်သည်။ ဆိုလိုသည်မှာ BYD ၏ blade ဘက်ထရီ များကို ထို ယာဉ် များ တွင်ပထမ ဦး ဆုံး တပ်ဆင် မည် ဖြစ်သော်လည်း အားလုံး မဟုတ်ပါ။ တက် စ လာ သည် ဘာ လင် တွင် ဘက်ထရီ ၄၆ ၈၀ ပါသည့် Model Y ကိုလည်း စမ်းသပ်ခဲ့သည်။
နှစ်ဖက် အကြား ပူးပေါင်းဆောင်ရွက် မှုသည် ရှည်လျားသော သမိုင်းကြောင်း ရှိသည်၂၀၂၁ ခုနှစ်သြဂုတ်လ မှစတင် ခဲ့သည်ထိုအချိန်က မီဒီယာ သတင်းများအရ BYD သည် ၂၀ ၂၂ ခုနှစ် ဒုတိယ သုံးလပတ်တွင် တက် စ လာ သို့ blade battery များ ထောက်ပံ့ ပေးမည် ဖြစ်ကြောင်းနှင့် ၎င်းသည် setting အသစ်များ ကိုစတင် စမ်းသပ် နေ ပြီဖြစ်သည်။ သို့သော် ထို သတင်းကို မည်သည့် ပါတီမှ အတည်ပြု ခြင်းမရှိခဲ့ပါ။
BYD မတိုင်မီက Tesla ၏ ဘက်ထရီ ပေးသွင်း သူများသည် တောင်ကိုရီးယား မှ LG ၊ ဂျပန် မှ Panasonic နှင့်တရုတ် မှ CATL တို့ပါဝင်သည်။ တရုတ်နှင့် အာရှပစိဖိတ် စျေးကွက် များရှိ တက် စ လာ ၏စွမ်းအင် ဘက်ထရီ များကို အဓိကအားဖြင့် CATL မှ ထောက်ပံ့ ပြီး LG မှ အနည်းငယ် ထောက်ပံ့သည်။ ၂၀၂၁ ခုနှစ် April ပြီ လတွင် BYD က၎င်း၏ စင်ကြယ်သော EV မော်ဒယ် များသည် blade batteries များ ကိုအစားထိုး ခဲ့သည်ဟု ကြေငြာခဲ့သည်။ ထို့ကြောင့် BYD ၏ blade batteries များကို ကိုယ်ပိုင်အုပ်ချုပ်ခွင့်ရ မော်ဒယ် များ တွင်အဓိက အသုံးပြုခဲ့သည်။ China FAW, Changan Automobile, Toyota, Zhongtong Bus နှင့်အခြား ကား ကုမ္ပဏီ များသို့ Blade Battery အနည်းငယ် ကိုသာ ထောက်ပံ့သည်။
မကြာသေးမီ အချိန်အထိ BYD ၏ ကိုယ်ပိုင် ရောင်းအား သည် ၂၀ ၂၂ ခုနှစ် ပထမနှစ်ဝက် တွင် တက် စ လာ ထက်သာလွန် ခဲ့သည်။ BYD ၏ဘဏ္ report ာရေး အစီရင်ခံစာအရ ယခုနှစ် ပထမ ခြောက် လတွင် စွမ်းအင် ယာဉ် အသစ် ၆၄ ၁၄၀၀ ကို ရောင်းချ ခဲ့ပြီး တစ်နှစ်လျှင် ၃ ၁၄. ၉% တိုးတက်ခဲ့ပြီး Tesla ၏ ကမ္ဘာလုံးဆိုင်ရာ ရောင်းအား ၅၆ ၄၀၀၀ ထက်ကျော်လွန် ခဲ့သည်။ ကား ရောင်းအား များပြားလာ ခြင်းကြောင့် BYD သည် တစ်ချိန်က ပါဝါ ဘက်ထရီ လုပ်ငန်းတွင် Panasonic ကဲ့သို့သော ဘက်ထရီ ထုတ်လုပ်သူများ ထက်သာလွန် ခဲ့ပြီး lithium ferrous phosphate ဈေးကွက်တွင် LG စွမ်းအင် ဖြေရှင်း မှုနှင့် CATL ကိုအောင်မြင်စွာ ကျော်ဖြတ် နိုင်ခဲ့သည်။
ကုမ္ပဏီ၏ အချက်အလက်များအရ ၂၀ ၂၂ ခုနှစ်တွင် BYD ဘက်ထရီ ၏စုစုပေါင်း တပ်ဆင် နိုင်စွမ်း သည် ၃၄. ၀ ၄၂ GWh ခန့်ရှိပြီး ပြီးခဲ့သည့်နှစ် အလားတူကာလ ကထက် ၁၆၇. ၉၀% တိုးတက်ခဲ့သည်။ ၂၀၂၁ ခုနှစ် ပထမနှစ်ဝက် တွင် BYD သည် ဘက်ထရီ စွမ်းရည် ၈. ၄ ၂၂ GWh ဖြင့် စျေးကွက် ဝေစု ၁၅. ၇% ဖြင့် ဒုတိယ နေရာတွင်ရှိသည်။",,,,,,
<urn:uuid:8faae9cd-84c9-454d-8dc9-3a6f471d0159>,"လစ်လပ် သွားသည့် ဒုတိယ သမ္မတ နေရာအတွက် ရန်ကုန်တိုင်း ၀န်ကြီးချုပ်အား အစားထိုး ခန့်အပ်မည့် ကိစ္စကို ဒုတိယ သမ္မတ ရွေးချယ်ရေး အဖွဲ့က လက်မခံကြောင်း ရွေးချယ်ရေး အဖွဲ့နှင့် နီးစပ်သူ လွှတ်တော် အမတ်တဦးက ရွှေဟင်္သာ သတင်းဌာနကို ပြောပါသည်။
လက်မခံသည့် အကြောင်းပြချက်ထဲ၌ ဦးမြင့်ဆွေ၏သမက် သြစတြေးလျားနိုင်ငံသားဖြစ်နေခြင်း၊ ၂၀၁၀ခုနှစ် လှုပ်ရှားမှုကို အမိန့်ပေးထား ခြင်းမရှိဘဲ ပြတ်ပြတ်သားသား ကိုင်တွယ်ခဲ့ခြင်း၊ (ဤကိစ္စ နေပြည်တော်မှ ၄င်းအား ခေါ်ယူ စစ်ဆေး ခဲ့ဖူးပါသည်)။ ထို့အပြင် သီတဂူ ဆရာတော် အရှင်ဥာဏိသရ ကျောင်းအား ရဲအင်အားဖြင့် ၀ိုင်းခြင်း၊ ဆရာတော် ကိုလည်း မလိုအပ်ဘဲ တယ်လီဖုန်းဖြင့် ခြိမ်းခြောက်ခဲ့ခြင်း၊ အချက်များလည်း ပါဝင်သည်ဟု ဆိုပါသည်။
လက်မခံသည့် ဒုတိယသမ္မတ၏ ရွေးချယ်ရေးအဖွဲ့တွင် ပြည်ထောင်စု လွှတ်တော်နာယက အပါအ၀င် အဖွဲ့ဝင် ၇ ဦးပါဝင်ပြီး ပြီးခဲ့သည့် ကြာသပတေးနေ့ (ဇူလိုင် ၁၂)ရက်နေ့က ဖွဲ့စည်းခဲ့ပါသည်။ ရွေးချယ်ရေးအဖွဲ့ကို အမျိုးသား လွှတ်တော် နှင့် ပြည်သူ့ လွှတ်တော် လွှတ်တော် ဥက္ကဌ များ၊ ဒု ဥက္ကဌ ၂ ဦး၊ ပြည်ထောင်စု ကြံ့ ခိုင်ရေးနှင့် ဖွံ့ဖြိုးရေး ပါတီ အမျိုးသား လွှတ် တော်မှ မန္တလေးတိုင်းဒေသကြီးမှ အမတ် ဦးဇော်မြင့်ဖေ၊ ပြည်သူ့ လွှတ်တော် အမတ် ဦးဌေးဦးနှင့် တပ်မတော်သား ကိုယ် စားလှယ် ကိုယ်စားပြု ၁ ဦး တို့ ပါဝင်ပါသည်။
ယင်းအဖွဲ့က ဒုတိယသမ္မတ အရည်အချင်းနှင့် ညီညွတ်မှု ရှိမရှိကို ဖွဲ့စည်းပုံ အခြေခံ ဥပဒေပါ အချက်များနှင့် ကနဦး စစ်ဆေးမှု ပြုလုပ်မည် ဖြစ်သည်။ အရည်အချင်းနှင့် ညီညွတ်ပါက ယခုအပတ် ပြည်ထောင်စု လွှတ်တော်တွင် အတည်ပြုနိုင်ဖွယ် ရှိကြောင်း လွှတ်တော် ကိုယ်စားလှယ် တဦးက ပြောပါသည်။
ဦးမြင့်ဆွေသည် ဗိုလ်ချုပ်မှူးကြီး သန်းရွှေ၏ လူယုံတော် တစ်ဦးဟု အကယ်၍ ဦးမြင့်ဆွေကို ဒုတိယ သမ္မတ ရွေးချယ်ရေး အဖွဲ့က လက်မခံ ခဲ့ပါက ဗိုလ်ချုပ်မှူးကြီး၏ အခန်းကဏ္ဍလည်း မှေးမှိန်လာသည့် လက္ခဏာဟု ဝေဖန် သူများက သုံးသပ် နေပါသည်
လက်မခံသည့် အကြောင်းပြချက်ထဲ၌ ဦးမြင့်ဆွေ၏သမက် သြစတြေးလျားနိုင်ငံသားဖြစ်နေခြင်း၊ ၂၀၁၀ခုနှစ် လှုပ်ရှားမှုကို အမိန့်ပေးထား ခြင်းမရှိဘဲ ပြတ်ပြတ်သားသား ကိုင်တွယ်ခဲ့ခြင်း၊ (ဤကိစ္စ နေပြည်တော်မှ ၄င်းအား ခေါ်ယူ စစ်ဆေး ခဲ့ဖူးပါသည်)။ ထို့အပြင် သီတဂူ ဆရာတော် အရှင်ဥာဏိသရ ကျောင်းအား ရဲအင်အားဖြင့် ၀ိုင်းခြင်း၊ ဆရာတော် ကိုလည်း မလိုအပ်ဘဲ တယ်လီဖုန်းဖြင့် ခြိမ်းခြောက်ခဲ့ခြင်း၊ အချက်များလည်း ပါဝင်သည်ဟု ဆိုပါသည်။
လက်မခံသည့် ဒုတိယသမ္မတ၏ ရွေးချယ်ရေးအဖွဲ့တွင် ပြည်ထောင်စု လွှတ်တော်နာယက အပါအ၀င် အဖွဲ့ဝင် ၇ ဦးပါဝင်ပြီး ပြီးခဲ့သည့် ကြာသပတေးနေ့ (ဇူလိုင် ၁၂)ရက်နေ့က ဖွဲ့စည်းခဲ့ပါသည်။ ရွေးချယ်ရေးအဖွဲ့ကို အမျိုးသား လွှတ်တော် နှင့် ပြည်သူ့ လွှတ်တော် လွှတ်တော် ဥက္ကဌ များ၊ ဒု ဥက္ကဌ ၂ ဦး၊ ပြည်ထောင်စု ကြံ့ ခိုင်ရေးနှင့် ဖွံ့ဖြိုးရေး ပါတီ အမျိုးသား လွှတ် တော်မှ မန္တလေးတိုင်းဒေသကြီးမှ အမတ် ဦးဇော်မြင့်ဖေ၊ ပြည်သူ့ လွှတ်တော် အမတ် ဦးဌေးဦးနှင့် တပ်မတော်သား ကိုယ် စားလှယ် ကိုယ်စားပြု ၁ ဦး တို့ ပါဝင်ပါသည်။
ယင်းအဖွဲ့က ဒုတိယသမ္မတ အရည်အချင်းနှင့် ညီညွတ်မှု ရှိမရှိကို ဖွဲ့စည်းပုံ အခြေခံ ဥပဒေပါ အချက်များနှင့် ကနဦး စစ်ဆေးမှု ပြုလုပ်မည် ဖြစ်သည်။ အရည်အချင်းနှင့် ညီညွတ်ပါက ယခုအပတ် ပြည်ထောင်စု လွှတ်တော်တွင် အတည်ပြုနိုင်ဖွယ် ရှိကြောင်း လွှတ်တော် ကိုယ်စားလှယ် တဦးက ပြောပါသည်။
ဦးမြင့်ဆွေသည် ဗိုလ်ချုပ်မှူးကြီး သန်းရွှေ၏ လူယုံတော် တစ်ဦးဟု အကယ်၍ ဦးမြင့်ဆွေကို ဒုတိယ သမ္မတ ရွေးချယ်ရေး အဖွဲ့က လက်မခံ ခဲ့ပါက ဗိုလ်ချုပ်မှူးကြီး၏ အခန်းကဏ္ဍလည်း မှေးမှိန်လာသည့် လက္ခဏာဟု ဝေဖန် သူများက သုံးသပ် နေပါသည်",,,,,,
<urn:uuid:4ea2723d-2bdc-4f11-b77a-8ff6e5b3b080>,"အချင်းချင်းရင်းနှီးကြသူတွေဆိုရင် တခါတလေ ရုပ်ဆိုးဆိုးပုံတွေကိုသုံးပြီး စနောက်တတ်ကြပါတယ်နော်။ ဒီလိုစနောက်တာမျိုးက ချိုင်းနားမှာဆိုရင်လည်း တွင်ကျယ်လှပါတယ်။ သူတို့ကတော့ အချင်းချင်းတင်မကဘဲ ချစ်ရတဲ့အနုပညာရှင်တွေကိုပါ စနောက်ဖို့ အမိအရသိမ်းထားတဲ့ ပုံတွေလည်း ရှိပါတယ်။ ဒီတခါမှာတော့ မင်းသားချော (၄) ယောက်ကို စဖို့ ပရိသတ်တွေအသုံးဆုံး meme ပုံ (၄) ပုံကို ဖော်ပြပေးပါမယ်။
LiXian
အပြုံးချိုချိုနဲ့ ခန့်ချောကြီးဖြစ်တဲ့ Li Xian ကတော့ ပြည်တွင်းပြည်ပ ပရိသတ်တွေအများကြီးပါပဲ။ ဒါပေမဲ့လည်း Mask တပ်ပြီး စကင်ကဲနေတဲ့ LiXian ရဲ့ပုံကတော့ နေရာအနှံ့မှာ ပြန့်နေပါတော့တယ်။
Xiao Zhan
ထိပ်တန်းမင်းသား Xiao Zhan ကတော့ မိန်းကလေးတွေရဲ့ အိပ်မက်ထဲက ချစ်သူကောင်လေးပါပဲ။ လက်ရှိအချိန်ထိ ကျန့်ကောကို စချင်လာတဲ့အခါတိုင်း “The Untamed” ထဲက အာပြဲစိန်နေတဲ့ပုံကို သုံးကြတုန်းပါပဲ။
Wang Yibo
ခပ်ချေချေကောင်ချေလေး Wang Yibo ကတော့ တခါကပြောဖူးပါတယ်။ သူ ပုံတင်တဲ့အခါတိုင်း ပရိသတ်တွေက meme ပုံတွေနဲ့ စလွန်းတယ်ဆိုတဲ့အကြောင်းပါ။ တကယ်လည်း အောက်က ဆံပင်နီနီနဲ့ မီးမှုတ်နေတဲ့ ပုံကတော့ ပရိသတ်တွေရဲ့ လက်သုံးတော် meme ပါပဲ။
Deng Lun
အမြဲတမ်း ရင့်ကျက်တည်ငြိမ်ပြီး ခန့်ညားတဲ့အသွင်ဆောင်တဲ့ Deng Lun ကလည်း ပရိသတ်တွေ လက်ထဲက ပြေးမလွတ်ပါဘူး။ အစွယ်ဖွေးဖွေးနဲ့ မြေခွေးမိစ္ဆာ Deng Lun ရဲ့ ပုံက တကယ့်ကို ဟာသမြောက်စွာ သုံးနေကြစမြဲပါ။
Source: Sohu
Photos: Sohu
Translated by Ivy",,,,,,
<urn:uuid:d67201fc-cc25-4502-8fe9-11d935ca3bd9>,"Typing skill ဟာယနေ့ခေတ်အလုပ်အကိုင်တော်တော်များများအတွက်မ ရှိမဖြစ်လိုအပ်တဲ့အရည်အချင်းပါ။ အချိန်နဲ့တပြေးညီအလုပ်ကိုကြိုးစားနေကျတဲ့အချိန်မှာ Typing Skill မြန်ဆန်ကျွမ်းကျင်ဖို့လဲ အရေးကြီး ပါတယ်။စီးပွားရေးနယ်ပယ်အတွက် အလုပ်အကိုင်အများစုမှာ တိကျမြန်ဆန်ပြီး ကျွမ်းကျင်တဲ့ Typing Skill ရှိဖို့လိုပါတယ်။ဒါကြောင့် သင့်ရဲ့ Typing Skill ပိုမိုမြန်ဆန်လာစေရန်အတွက် အကြံပေးချက်အချို့ ကိုဖော်ပြပေးလိုပါတယ်။
ပထမဆုံး နည်းလမ်းကတော့ လေ့ကျင့်ခြင်းဖြစ်ပါတယ်။လေ့ကျင့်ခြင်းနည်းလမ်းကတော့ သံသယဖြစ်စရာ မလိုအောင် အဆင်ပြေစေတဲ့အကောင်းဆုံးနည်းလမ်းပါပဲ။တကယ်လို့သင်ဟာ Social Media တွေကို Computer နဲ့နေ့စဉ်ထိတွေ့ပြီးသုံးနေတဲ့သူဆိုရင်တော့ သင့်ရဲ့ Typing Skill ဟာမြန်ဆန်ပြီး သားဖြစ်မှာ ပါ။တကယ်လို့ သင့်ရဲ့ Skill ဟာနှေးနေတယ် မတိမကျဖြစ်နေလို့ Speed ပိုမိုတိုးတက်ချင်တယ်ဆိုရင်တော့ လေ့ကျင့်လိုရတဲ့ Website တွေကိုဖော်ပြပေးချင်ပါတယ်။ 10FastFingers.com နဲ့ TypeRacer.com တို့မှာ Typing Skill မြန်ဆန်ဖို့လေ့ကျင့်လို့ရပါတယ်။
နောက်တချက်ကတော့ Typing ရိုက်နေတဲ့အချိန်မှာ ကိုယ်နေဟန်ထားမှန်ကန်ဖို့လဲအရေးကြီးပါတယ်။ မှန်ကန်တဲ့ကိုယ်နေဟန်ထားနဲ့ Typing ရိုက်တဲ့အခါမှာ သက်တောင့်သက်သာပိုဖြစ်စေပြီး အလုပ်အပေါ် ပိုမိုအာရုံစိုက်နိုင်စေပါတယ်။လုပ်ငန်းခွင်မှာ ထိုင်သင့်တဲ့အနေအထားကို အောက်ပါပုံကနေ တစ်ဆင့်လေ့ လာနိုင်ပါတယ်။
အရေးကြီးတဲ့အချက်ကတော့ Keyboard ကိုကြည့်ပြီး Typing ရိုက်ခြင်းကိုရှောင်ရှားပါ။Typing Skill ကျွမ်းကျင်တဲ့သူတစ်ယောက်ဖြစ်ဖို့တဲ့ Keyboard အပေါ်အာရုံစိုက်ပြီး စာရိုက်ခြင်းကိုရှောင်ကျဉ်ရပါမယ်။ သင်ဟာခုမှ Typing ရိုက်ဖို့သင်ယူနေသူတစ်ယောက်ဆိုရင်တော့ Keyboard ကိုမကြည့်ပဲ စာရိုက်နိုင်ဖို့ခက်ခဲနိုင်ပါတယ်။ဒါပေမဲ့ စိတ်မပျက်ပါနဲ့ ။အကြိမ်ကြိမ်လေ့ကျင့်ပြီး လက်ချောင်းနေရာတွေကို ထားရမဲ့နေရာမှာ မှန်ကန်စွာထားမယ်ဆို Keyboard ကိုမကြည့်ပဲမြန်ဆန်တိကျစွာ ရိုက်နိုင်မှာပါ။
သင့်ရဲ့ Computer ထဲမှာလဲ Typing Skill လေ့ကျင့်ဖို့ Tools တွေထားရှိပြီးမကြာခဏလေ့ ကျင့်ပါ။ ကိုယ်ရရှိတဲ့ Achievement ဒါမှမဟုတ် Speed ကိုမှတ်ထားပြီး ကိုယ့်ရဲ့ Skills ကိုတိုးတက်လာလား သုံးသပ်နိုင်ပါတယ်။
Ref – toyoltd",,,,,,
<urn:uuid:695ec792-3ff4-445c-89d3-327f6822a0f6>,"ဒါဟာ တရားဥပဒေစိုးမိုးရေးကို ပြင်းပြင်းထန်ထန် တိုက်ခိုက်လိုက်တာပဲလို့ ဟီလာရင် ကလင်တန်က တုံ့ပြန်ပြောဆို
နိုင်ငံခြားရေးဝန်ကြီးဟောင်းနဲ့ ၂ဝ၁၆ အမေရိကန်သမ္မတလောင်း ကလင်တန်က ဒေါ်နယ်ထရမ့်ကို ထပ်မယှဉ်ပြိုင်တော့ဘူးဆို
ထရမ့်ကို ဝေဖန်သူတွေကို ဆန့်ကျင်တဲ့ စာတိုက်ဗုံး လှုပ်ရှားမှုကြောင့် ၅၆ နှစ်အရွယ် အမျိုးသား တယောက်ကို ဖမ်းဆီး
သမ္မတ ထရမ့်ကတော့ အမေရိကန် မီဒီယာတွေကို ဝေဖန်လိုက်ပြီး နိုင်ငံရေး နယ်ပယ်မှာ ပိုပြီးတော့ ယဉ်ကျေး ပျူငှာကြဖို့ တောင်းဆို
ဂျိမ်းစ် ကိုမီ ဟာ အမိန့်နာခံမှု မရှိခဲ့သလို ဆုံးဖြတ်ချက် မှားယွင်းမှုတွေ ရှိခဲ့တဲ့အကြောင်း တွေ့ရှိခဲ့ပါတယ်။
အမေရိကန် ပြည်ထောင်စုမှာ သမ္မတရွေးကောက်ပွဲအတွက် လပေါင်းများစွာ အပြိုင်အဆိုင် မဲဆွယ် စည်းရုံးခဲ့ကြတာတွေရဲ့ နောက်ဆုံးရက်ကို ရောက်လာပါပြီ။",,,,,,
<urn:uuid:d7cc8863-2c80-4882-bdca-90ea84916242>,"တာခ်ီလိတ္ၿမိဳ႕နယ္သဘင္ပညာရွင္မ်ားအစည္းအရံုးအျဖစ္ ဖြဲ႔စည္းရာမွာ ဥကၠဌ အျဖစ္ ဦးခင္ေမာင္ျမင့္၊ ဒုဥကၠဌ(၁)အျဖစ္ ဦးရဲထြန္းသိန္း၊ ဒုဥကၠဌ (၂)အျဖစ္ ဦးေမာင္ေမာင္ေဌး နဲ႔ ့ အတြင္းေရးမွဴးအျဖစ္ ဦးမင္းမင္းထြန္း အပါအ၀င္ အလုပ္အမႈေဆာင္အဖြဲ႔၀င္ (၁၅)ဦးနဲ႔ ဖြ႔ဲစည္းလိုက္ၾကတာ ျဖစ္ပါတယ္။
တာခ်ီလိတ္မွာ အစည္းအရံုးဖြဲ႔စည္းဖို႔အတြက္ ေရာက္ရွိလာတဲ့ ျမန္မာႏိုင္ငံသဘင္ပညာရွင္မ်ားအစည္းအရံုး(ဗဟုိ)မွ ဒုတိယဥကၠဌ(၁)ျဖစ္သူ ဦးေန၀င္းက ရိုးရာအေမြအႏွစ္တစ္ခုျဖစ္တဲ့ သဘင္ပညာကို ထိန္းသိမ္းေစာင့္ေရွာက္ရန္ လိုအပ္လာၿပီျဖစ္တဲ့အတြက္ တာခ်ီလိတ္ၿမိဳ႕နယ္သဘင္ပညာရွင္မ်ား အစည္းအရံုးကို တရား၀င္ဖြဲ႔စည္းေပးလုိက္ျခင္းျဖစ္တယ္လို႔ေျပာပါတယ္။
အဲ့ဒီအျပင္ တာခ်ီလိတ္ၿမိဳ႕ဟာ နယ္စပ္ေဒသျဖစ္တဲ့အတြက္ေၾကာင့္ သဘင္အစည္းအရံုးအဖြဲ႔တစ္ခု ရွိသင့္တဲ့အတြက္ လာေရာက္ဖြဲ႔စည္းေပးတာျဖစ္တယ္လို႔ ဆိုပါတယ္။
တာခ်ီလိတ္ၿမိဳ႕နယ္သဘင္ပညာရွင္မ်ားအစည္းအရံုး ဥကၠဌ အျဖစ္ ေရြးခ်ယ္ခံရသူ ဦးခင္ေမာင္ျမင့္ က တာခ်ီလိတ္ၿမိဳ႕နယ္သဘင္ပညာရွင္မ်ားအစည္းအရံုးအေနနဲ႔ တာခ်ီလိတ္ၿမိဳ႕မွာ ဇာတ္ရံုေဆာက္လုပ္ႏိုင္ရန္ ႀကိဳးစားသြားမွာ ျဖစ္ၿပီး သဘင္နဲ႔ပတ္သက္တဲ့ ဖြဲ႔ေတြကို ဖြဲ႔စည္းသြားမဲ့အျပင္ တာခ်ီလိတ္မွာေနထိုင္ၾကတဲ့ တိုင္းရင္းသားမ်ားရဲ႕ ရိုးရာယဥ္ေက်းမႈအကမ်ားကို ဖလွယ္မႈေတြ ျပဳလုပ္သြားမယ္လို႔ ေျပာပါတယ္။
ရွမ္းျပည္နယ္အတြင္းမွာ သဘင္ပညာရွင္မ်ားအစည္းအရံုးကို ဖြဲ႔စည္းထားမႈအျဖစ္ ေတာင္ႀကီးၿမိဳ႕ နဲ႔ တာခ်ီလိတ္ၿမိဳ႕ အပါအ၀င္ (၂)ဖြဲ႔သာရွိေသးေၾကာင္း သိရပါတယ္။
❂ unicode ❂⊱~~~~~~~~
မြန်မာနိုင်ငံသဘင်ပညာရှင်များအစည်းအရုံး(ဗဟို)က လာရောက်ပြီး တာချီလိတ်မြို့နယ်အတွင်းရှိ သဘင်ပညာရှင်များအား စုစည်းကာ တာချီလိတ်မြို့နယ် သဘင်ပညာရှင်များ အစည်းအရုံးအဖြစ် ၂၀၁၆ခုနှစ် နိုဝင်ဘာလ(၂၉)ရက်နေ့ နံနက်(၉)နာရီအချိန်က အတည်ပြု ဖွဲ့စည်းပေးလိုက်ပါတယ်။
တာချီလိတ်မြို့နယ်သဘင်ပညာရှင်များအစည်းအရုံးအဖြစ် ဖွဲ့စည်းရာမှာ ဥက္ကဌ အဖြစ် ဦးခင်မောင်မြင့်၊ ဒုဥက္ကဌ(၁)အဖြစ် ဦးရဲထွန်းသိန်း၊ ဒုဥက္ကဌ (၂)အဖြစ် ဦးမောင်မောင်ဌေး နဲ့ အတွင်းရေးမှူးအဖြစ် ဦးမင်းမင်းထွန်း အပါအဝင် အလုပ်အမှုဆောင်အဖွဲ့ဝင် (၁၅)ဦးနဲ့ ဖွဲ့စည်းလိုက်ကြတာ ဖြစ်ပါတယ်။
တာချီလိတ်မှာ အစည်းအရုံးဖွဲ့စည်းဖို့အတွက် ရောက်ရှိလာတဲ့ မြန်မာနိုင်ငံသဘင်ပညာရှင်များအစည်းအရုံး(ဗဟို)မှ ဒုတိယဥက္ကဌ(၁)ဖြစ်သူ ဦးနေဝင်းက ရိုးရာအမွေအနှစ်တစ်ခုဖြစ်တဲ့ သဘင်ပညာကို ထိန်းသိမ်းစောင့်ရှောက်ရန် လိုအပ်လာပြီဖြစ်တဲ့အတွက် တာချီလိတ်မြို့နယ်သဘင်ပညာရှင်များ အစည်းအရုံးကို တရားဝင်ဖွဲ့စည်းပေးလိုက်ခြင်းဖြစ်တယ်လို့ပြောပါတယ်။
အဲ့ဒီအပြင် တာချီလိတ်မြို့ဟာ နယ်စပ်ဒေသဖြစ်တဲ့အတွက်ကြောင့် သဘင်အစည်းအရုံးအဖွဲ့တစ်ခု ရှိသင့်တဲ့အတွက် လာရောက်ဖွဲ့စည်းပေးတာဖြစ်တယ်လို့ ဆိုပါတယ်။
တာချီလိတ်မြို့နယ်သဘင်ပညာရှင်များအစည်းအရုံး ဥက္ကဌ အဖြစ် ရွေးချယ်ခံရသူ ဦးခင်မောင်မြင့် က တာချီလိတ်မြို့နယ်သဘင်ပညာရှင်များအစည်းအရုံးအနေနဲ့ တာချီလိတ်မြို့မှာ ဇာတ်ရုံဆောက်လုပ်နိုင်ရန် ကြိုးစားသွားမှာ ဖြစ်ပြီး သဘင်နဲ့ပတ်သက်တဲ့ ဖွဲ့တွေကို ဖွဲ့စည်းသွားမဲ့အပြင် တာချီလိတ်မှာနေထိုင်ကြတဲ့ တိုင်းရင်းသားများရဲ့ ရိုးရာယဉ်ကျေးမှုအကများကို ဖလှယ်မှုတွေ ပြုလုပ်သွားမယ်လို့ ပြောပါတယ်။
ရှမ်းပြည်နယ်အတွင်းမှာ သဘင်ပညာရှင်များအစည်းအရုံးကို ဖွဲ့စည်းထားမှုအဖြစ် တောင်ကြီးမြို့ နဲ့ တာချီလိတ်မြို့ အပါအဝင် (၂)ဖွဲ့သာရှိသေးကြောင်း သိရပါတယ်။
တာချီလိတ်မြို့နယ်သဘင်ပညာရှင်များအစည်းအရုံးအဖြစ် ဖွဲ့စည်းရာမှာ ဥက္ကဌ အဖြစ် ဦးခင်မောင်မြင့်၊ ဒုဥက္ကဌ(၁)အဖြစ် ဦးရဲထွန်းသိန်း၊ ဒုဥက္ကဌ (၂)အဖြစ် ဦးမောင်မောင်ဌေး နဲ့ အတွင်းရေးမှူးအဖြစ် ဦးမင်းမင်းထွန်း အပါအဝင် အလုပ်အမှုဆောင်အဖွဲ့ဝင် (၁၅)ဦးနဲ့ ဖွဲ့စည်းလိုက်ကြတာ ဖြစ်ပါတယ်။
တာချီလိတ်မှာ အစည်းအရုံးဖွဲ့စည်းဖို့အတွက် ရောက်ရှိလာတဲ့ မြန်မာနိုင်ငံသဘင်ပညာရှင်များအစည်းအရုံး(ဗဟို)မှ ဒုတိယဥက္ကဌ(၁)ဖြစ်သူ ဦးနေဝင်းက ရိုးရာအမွေအနှစ်တစ်ခုဖြစ်တဲ့ သဘင်ပညာကို ထိန်းသိမ်းစောင့်ရှောက်ရန် လိုအပ်လာပြီဖြစ်တဲ့အတွက် တာချီလိတ်မြို့နယ်သဘင်ပညာရှင်များ အစည်းအရုံးကို တရားဝင်ဖွဲ့စည်းပေးလိုက်ခြင်းဖြစ်တယ်လို့ပြောပါတယ်။
အဲ့ဒီအပြင် တာချီလိတ်မြို့ဟာ နယ်စပ်ဒေသဖြစ်တဲ့အတွက်ကြောင့် သဘင်အစည်းအရုံးအဖွဲ့တစ်ခု ရှိသင့်တဲ့အတွက် လာရောက်ဖွဲ့စည်းပေးတာဖြစ်တယ်လို့ ဆိုပါတယ်။
တာချီလိတ်မြို့နယ်သဘင်ပညာရှင်များအစည်းအရုံး ဥက္ကဌ အဖြစ် ရွေးချယ်ခံရသူ ဦးခင်မောင်မြင့် က တာချီလိတ်မြို့နယ်သဘင်ပညာရှင်များအစည်းအရုံးအနေနဲ့ တာချီလိတ်မြို့မှာ ဇာတ်ရုံဆောက်လုပ်နိုင်ရန် ကြိုးစားသွားမှာ ဖြစ်ပြီး သဘင်နဲ့ပတ်သက်တဲ့ ဖွဲ့တွေကို ဖွဲ့စည်းသွားမဲ့အပြင် တာချီလိတ်မှာနေထိုင်ကြတဲ့ တိုင်းရင်းသားများရဲ့ ရိုးရာယဉ်ကျေးမှုအကများကို ဖလှယ်မှုတွေ ပြုလုပ်သွားမယ်လို့ ပြောပါတယ်။
ရှမ်းပြည်နယ်အတွင်းမှာ သဘင်ပညာရှင်များအစည်းအရုံးကို ဖွဲ့စည်းထားမှုအဖြစ် တောင်ကြီးမြို့ နဲ့ တာချီလိတ်မြို့ အပါအဝင် (၂)ဖွဲ့သာရှိသေးကြောင်း သိရပါတယ်။",,,,,,
<urn:uuid:d1d250fc-b9d7-40aa-828e-6655dd3deeec>,"အသုံးပြုသူ၏ ဆောင်ရွက်ချက်များ
အညွှန်းသို့ ခုန်ကူးရန် ရှာဖွေရန် ခုန်ကူးမည်
Mayor mt အတွက်
- ၀၆:၁၆၊ ၆ ဇွန် ၂၀၂၀ +၃ အရေးမကြီး ပြောင်းလဲထားသော လမ်းနာမည်များ (ရန်ကုန်မြို့) လက်ရှိ
- ၀၆:၁၃၊ ၆ ဇွန် ၂၀၂၀ -၁၂၇ ပြောင်းလဲထားသော လမ်းနာမည်များ (ရန်ကုန်မြို့)
- ၁၄:၂၄၊ ၅ ဇွန် ၂၀၂၀ ၀ အရေးမကြီး ဘသော် (ခ) မောင်သော်က၊ ဗိုလ်မှူး လက်ရှိ
- ၁၄:၂၄၊ ၅ ဇွန် ၂၀၂၀ -၃၄ ဘသော် (ခ) မောင်သော်က၊ ဗိုလ်မှူး →ဆရာ မောင်သော်က ရေးသား ထုတ်ဝေခဲ့သည့် ထင်ရှားသော စာအုပ်များမှာ
- ၀၇:၅၉၊ ၄ ဇွန် ၂၀၂၀ +၃၃၁၉ စားတော်ဝန်ဦးခဲ လက်ရှိ
- ၀၄:၀၁၊ ၄ ဇွန် ၂၀၂၀ +၂၉ စားဖိုမှူး လက်ရှိ
- ၀၄:၀၀၊ ၄ ဇွန် ၂၀၂၀ +၃၉ စားတော်ဝန် လက်ရှိ
- ၀၃:၅၉၊ ၄ ဇွန် ၂၀၂၀ +၂၀၅ စားတော်ဝန် →စားတော်ဝန်ဦးခဲ
- ၀၃:၅၇၊ ၄ ဇွန် ၂၀၂၀ +၅ စားတော်ဝန် →စစ်မြပြေင်ရောက် စားတော်ဝန်
- ၀၃:၅၀၊ ၄ ဇွန် ၂၀၂၀ +၆၀ သိန်း၊ ဆရာ၊ မှော်ဘီ လက်ရှိ
- ၀၃:၄၉၊ ၄ ဇွန် ၂၀၂၀ +၆၅ သိန်း၊ ဆရာ (မော်ပီ) လက်ရှိ
- ၁၁:၂၂၊ ၂ ဇွန် ၂၀၂၀ -၉ အရေးမကြီး ခါးတောင်းကျိုက် →ပြင်ပလင့်ခ်များ လက်ရှိ
- ၁၁:၁၇၊ ၂ ဇွန် ၂၀၂၀ +၁ တမ်းပလိတ်:ပင်းယခေတ် လက်ရှိ
- ၁၁:၁၃၊ ၂ ဇွန် ၂၀၂၀ +၅၂၀ သိန်ခဲမင်း လက်ရှိ
- ၁၁:၁၃၊ ၂ ဇွန် ၂၀၂၀ -၁ အရေးမကြီး မြင်းကျွေးမင်း လက်ရှိ
- ၁၁:၁၂၊ ၂ ဇွန် ၂၀၂၀ +၅၂၀ မြင်းကျွေးမင်း
- ၁၁:၁၁၊ ၂ ဇွန် ၂၀၂၀ +၅၁၈ စောခွေးမင်း လက်ရှိ
- ၁၁:၁၀၊ ၂ ဇွန် ၂၀၂၀ +၅၁၉ ပိတ်တောင်းမင်း လက်ရှိ
- ၁၁:၁၀၊ ၂ ဇွန် ၂၀၂၀ +၅၂၁ ပိတ်သုံမင်း လက်ရှိ
- ၁၁:၁၀၊ ၂ ဇွန် ၂၀၂၀ +၅၁၈ ရွှေအုန်းသီးမင်း လက်ရှိ
- ၁၁:၀၉၊ ၂ ဇွန် ၂၀၂၀ +၅၁၉ သေဉ်လည်ပိုက် လက်ရှိ
- ၁၁:၀၇၊ ၂ ဇွန် ၂၀၂၀ +၄ အရေးမကြီး သာရမွန်ဖျားမင်း →သာရမွန်ဖျားမင်း(၄၉၄-၅၁၆) လက်ရှိ
- ၁၁:၀၄၊ ၂ ဇွန် ၂၀၂၀ +၄၇ အရေးမကြီး ထွန်းညို၊ ဦး၊ တွင်းသင်းတိုက်ဝန် မဟာစည်သူ လက်ရှိ
- ၁၀:၅၃၊ ၂ ဇွန် ၂၀၂၀ +၃၂ အရေးမကြီး အလင်းနှစ် လက်ရှိ
- ၁၀:၅၁၊ ၂ ဇွန် ၂၀၂၀ -၄၇ အရေးမကြီး ရေအားသုံး လျှပ်စစ်စက်များ လက်ရှိ
- ၁၀:၄၂၊ ၂ ဇွန် ၂၀၂၀ ၀ အနာမျိုး(၉၆)ပါး လက်ရှိ
- ၁၀:၁၀၊ ၂ ဇွန် ၂၀၂၀ -၁၁၂ ရေနံချောင်းမင်းကြီး လက်ရှိ
- ၁၀:၀၅၊ ၂ ဇွန် ၂၀၂၀ +၁၈၉ အရေးမကြီး မောင်မောင်တုတ်၊ ရနောင် →မျိုးရိုး လက်ရှိ
- ၀၉:၅၈၊ ၂ ဇွန် ၂၀၂၀ +၅၄ အရေးမကြီး ချိန်၊ ဦး (လှေသင်းအတွင်းဝန်) လက်ရှိ
- ၀၉:၄၇၊ ၂ ဇွန် ၂၀၂၀ +၂၅ အရေးမကြီး ရွှေအိုး၊ ဦး (ဖန်ချက်ဝန်) →ဒုတိယပြည်တော်ပြန် လက်ရှိ
- ၀၉:၃၉၊ ၂ ဇွန် ၂၀၂၀ +၄၇ တိုင်တားမင်းကြီး →ကိုးကား လက်ရှိ
- ၀၉:၃၅၊ ၂ ဇွန် ၂၀၂၀ -၈၁၇ ချိန်၊ ဦး (လှေသင်းအတွင်းဝန်)
- ၀၉:၂၁၊ ၂ ဇွန် ၂၀၂၀ +၄ မောင်မောင်တုတ်၊ ရနောင် →မျိုးရိုး
- ၀၉:၁၅၊ ၂ ဇွန် ၂၀၂၀ +၄၈ ရွှေအိုး၊ ဦး (ဖန်ချက်ဝန်) →ရည်ညွှန်းကိုးကား
- ၀၉:၁၁၊ ၂ ဇွန် ၂၀၂၀ +၁၃၃ တမ်းပလိတ်:ကုန်းဘောင်ခေတ်
- ၀၉:၀၇၊ ၂ ဇွန် ၂၀၂၀ +၄၇ ရွှေတုတ်၊ ဦး(ယင်းတောဝန်ကြီး) လက်ရှိ
- ၀၈:၅၈၊ ၂ ဇွန် ၂၀၂၀ +၁၂ အသုံးပြုသူ:KO AYE HLAING →ပြောလို့မကုန် ရခိုင် စကားပုံ လက်ရှိ
- ၀၈:၅၈၊ ၂ ဇွန် ၂၀၂၀ -၃ အသုံးပြုသူ:KO AYE HLAING
- ၀၈:၅၇၊ ၂ ဇွန် ၂၀၂၀ +၁၄၇၉၄ အသစ် ရခိုင် စကားပုံများ ""၁)ဇရပ်မသွီး(မီး..."" အစချီသော စာလုံးတို့နှင့် စာမျက်နှာကို ဖန်တီးလိုက်သည်
- ၀၈:၅၆၊ ၂ ဇွန် ၂၀၂၀ +၇၅ သန်းနွဲ့ (ဟာသသရုပ်ဆောင်) လက်ရှိ
- ၀၈:၄၉၊ ၂ ဇွန် ၂၀၂၀ +၅၄ မြွေမြွေချင်း ခြေမြင် လက်ရှိ
- ၀၈:၄၇၊ ၂ ဇွန် ၂၀၂၀ +၇၂ စကားပုံ →တိုင်းရင်းသား စကားပုံများ လက်ရှိ
- ၀၈:၄၄၊ ၂ ဇွန် ၂၀၂၀ +၉၉၇ အရေးမကြီး စကားပုံ →တိုင်းရင်းသား စကားပုံများ
- ၀၈:၃၂၊ ၂ ဇွန် ၂၀၂၀ ၀ အရေးမကြီး ဆင်ဖြူတော် →ဆင်ဖြူတော်နှင့် ပတ်သက်သောစကားပုံများ လက်ရှိ
- ၀၈:၂၈၊ ၂ ဇွန် ၂၀၂၀ +၅၀ အရေးမကြီး စကားပုံ →ဥပမာ
- ၀၈:၂၀၊ ၂ ဇွန် ၂၀၂၀ -၉၉ ကျွန်း ကိုင်းမှီ၊ ကိုင်း ကျွန်းမှီ လက်ရှိ
- ၀၈:၁၉၊ ၂ ဇွန် ၂၀၂၀ +၁၅ စကားပုံ
- ၀၈:၁၉၊ ၂ ဇွန် ၂၀၂၀ +၃၂ အရေးမကြီး အမျိုးသား လက်ရှိ
- ၀၈:၁၀၊ ၂ ဇွန် ၂၀၂၀ -၆၃ အရေးမကြီး ဆင်ဖြူတော်
- ၀၈:၀၉၊ ၂ ဇွန် ၂၀၂၀ +၈၅ အရေးမကြီး ဆင်ဖြူတော် →စကားပုံ",,,,,,
<urn:uuid:af4e48ec-d3d1-42c6-9eca-d8eee1cc6c12>,"မွန်ပြည်နယ် ကျိုက်မရောမြို့နယ်က အငြင်းပွားဖွယ်ရာဖြစ်နေတဲ့ တစ်နှစ်ကို ဘိလပ်မြေ မက်ထရစ် တန်ချိန် မက်ထရစ် ၀ ဒသမ ၅ တန် ထုတ်လုပ်နိုင်မယ့် ဘိလပ်မြေ စက်ရုံကို လျှပ်စစ်ဓါတ်အားသုံးစွဲမှုနဲ့ပက်သက်လို့ မြန်မာ လျှပ်စစ်နဲ့ စွမ်းအင် ဝန်ကြီးဌာနက ခွင့်ပြုပေးထားတာ မရှိဘူးလို့ သိရပါတယ်။
အဲဒီဘိလပ်မြေ စက်ရုံကို မော်လမြိုင် ဘိလပ်မြေကုမ္မဏီ (MCL) ၊ ထိုင်းနိုင်ငံက Siam ဘိလပ်မြေ ကုမ္ပဏီနဲ့ ပစီဖိတ် ဘိလပ်မြေ ကုမ္ပဏီတို့က ပူးပေါင်း လုပ်ကိုင်မှာဖြစ်ပြီး အမေရိကန်ဒေါ်လာ ၄၀၀ သန်းတန်ကြေးရှိပါတယ်။
အဲဒီ စက်ရုံအတွက် လျှပ်စစ်ဓါတ်အားကို ၄၉ မဂ္ဂါဝပ် ထုတ်လုပ်နိုင်မယ့် ကျောက်မီးသွေးသုံး လျှပ်စစ်ဓါတ်အားစက်ရုံကနေ သုံးစွဲရမှာဖြစ်ပါတယ်။
ဒါပေမယ့် မွန်ပြည်နယ် လွတ်တော် ဘဏ္ဍရေး ၊ စီမံကိန်း နဲ့  စီးပွားရေး ဆိုင်ရာ ကော်မတီ က သြဂုတ် ၇ ရက်နေ့က ဘိလပ်မြေ စက်ရုံရဲ့ လျှပ်စစ်ဓါတ်အားသုံးစွဲမှုနဲ့ ပတ်သက်ပြီး လျှပ်စစ် နဲ့ စွမ်းအင်ဝန်ကြီးဌာနကို စာရေးမေးမြန်းမှုတွေလုပ်ခဲ့ရာ ပြည်ထောင်စုဝန်ကြီးက ဘိလပ်မြေစက်ရုံကို လျှပ်စစ်ဓါတ်အားပေး စက်ရုံတည်ဆောက်ပြီး သုံးစွဲဖို့ ခွင်ပြုထားတာမရှိဘူးလို့ ပြောခဲ့ပါတယ်။",,,,,,
<urn:uuid:5d7027d0-e426-4f24-b963-76a506f7721c>,"ရန်ကုန်က YBS မရောက်တဲ့နေရာတွေမှာ လျှပ်စစ်ဆိုင်ကယ်စီးနင်းခွင့်ပြုဖို့အတွက်ဆွေးနွေးနေတယ်လို့ YRTA ကနေ သိရပါတယ်။
Photo - Aye Min Soe
“ ဆွေးနွေးနေတုန်းပါပဲ။ကျွန်တော်တို့မြို့စွန်တွေမှာ စီးနင်းခိုင်းဖို့ပေါ့ ။အခုတော့ခွင့်မပြုသေးပါဘူးဆွေးနွေးနေတုန်းပါပဲ။” လို့ YRTA က အတွင်းရေးမှုး ဒေါက်တာမောင်အောင်က ပြောပါတယ်။
လျှပ်စစ်မော်တော်ဆိုင်ကယ်တွေကို YBS တွေလုံလောက်စွာပြေးဆွဲနိုင်ခြင်းမရှိတဲ့ မြို့နယ်တွေမှာ စီးနင်းခွင့်ပေးဖို့ စီစဉ်နေတာဖြစ်ပြီးတော့ လက်ရှိမှာတော့ စီးနင်းခွင့်မပြုသေးဘူးလို့ ပြောပါတယ်။
လျှပ်စစ်မော်တော်ဆိုင်ကယ်တွေကိုတော့ လက်ရှိမှာ မြို့နယ်တွေက ရပ်ကွက်အချို့မှာစီးနင်းနေပေမယ့်လည်း တရားဝင်ခွင့်ပြုထားတာမျိုးမရှိသေးဘူးလို့ သိရပါတယ်။
လှိုင်သာယာ၊ရွှေပြည်သာ၊မင်္ဂလာဒုံ၊တိုက်ကြီးနဲ့ မြောက်ဥက္ကလာပမြို့က နေရာအချို့မှာ YBS ဘတ်စ်ကား ပြေးဆွဲဖို့လိုအပ်ချက်ရှိနေတာကြောင့် မော်တော်ဆိုင်ကယ်စီးနင်းခွင့်ထုတ်ပေးဖို့ လိုအပ်နေတယ်လို့ သိရပါတယ်။ လက်ရှိမှာ စည်ပင်သာယာ ပြင်ပ ၁၂ မြို့နယ်နဲ့ ဆိပ်ကြီးခနောင်တို နဲ့ ဒလတို့မှာ ဆိုင်ကယ်စီးနင်းခွင့်ပြုထားပါတယ်။",,,,,,
<urn:uuid:57f2b0fc-73ae-4128-a86a-c23aae4b4ae5>,"Skip to content
Kantarawaddy Times
Karenni (Kayah) News, ကရင်နီ (ကယား) သတင်းများ
သတင်း
Local News
အပစ်ခတ်ရပ်စဲရေးနှင့် ငြိမ်းချမ်းရေးဖြစ်စဉ်
Ceasefire & Peace Processes
အသက်မွေးဝမ်းကျောင်းဆိုင်ရာ
ဆောင်းပါး
Features
အင်တာဗျူး
Interviews
မာလ်တီမီဒီယာ
Multimedia
ကရင်နီဘာသာ ရုပ်သံအစီအစဉ်
Ethnic TV Language Program
ကရင်နီဘာသာ ရေဒီယို
Karenni FM / Radio
ဂျာနယ်
အတွေးအမြင်
opinions
ကာတွန်း
ကဗျာ
အယ်ဒီတာ့ထံ ပေးစာ
Letter to Editors
အယ်ဒီတာ့အာဘော်
Editorials
ရွေးကောက်ပွဲ
သတင်း
ဆောင်းပါး
အင်တာဗျူး
နိုင်ငံရေးပါတီများ
တစ်သီးပုဂ္ဂလ
မဲဆန္ဒနယ်များ
English Version
Search for:
Home
ကန္တာရဝတီတိုင်း(မ်)
မာလ်တီမီဒီယာ
ကျောင်းသူ၊ ကျောင်းသားတွေအနေနဲ့ ဘော်ဒါဆောင်မှာ နေခွင့်မရတဲ့အတွက် ကျောင်းသွားတက်ဖို့ အခက်အခဲကြုံ
Screen Shot 2020-07-30 at 12.47.55 PM
Comments
comments",,,,,,
<urn:uuid:1c51576a-e351-44a8-9c54-d6d7121daa71>,"ရှမ်းမြောက် ၁၀၅ မိုင် ဂိတ်ကို ပလောင်လက်နက်ကိုင်များ ဝင်တိုက်
ရှမ်းပြည်နယ် မြောက်ပိုင်း ၁၀၅ မိုင် ကုန်သွယ်ရေးဇုန်တွင် ယနေ့ မနက် ၆ နာရီ ခန့် ပလောင်(တအာင်း) အမျိုးသား လွတ်မြောက်ရေး တပ်မတော်(TNLA) က ဝင်ရောက် တိုက်ခိုက်ကာ ဒေသခံ တဦး သေနတ်ထိ သေဆုံးသွားကြောင်း စုံစမ်းသိရသည်။
သေဆုံးသူသည် ၁၀၅ မိုင် တွင် ဖွင့်လှစ်ထားသည် အရှေ့မြောက် တံခါး ကုမ္ပဏီမှ အမျိုးသမီး တဦးဖြစ်ပြီး သေနတ်ထိမှန်သေဆုံးကာ ဒေသခံ ၁၅ ဦးခန့် ဒဏ်ရာ ရရှိပြီး မူဆယ်ပြည်သူ့ဆေးရုံတွင် ဆေးကုသ ခံယူနေသည် ဟု ကုမ္ပဏီမှ တာဝန်ခံ ကိုမျိုးလှိုင်က ဧရာဝတီသို့ပြောသည်။
“ ကျနော်တို့ ကုမ္ပဏီက မန်နေဂျာရဲ့ မိန်းမ ကတော့ သေနတ်မှန်သေသွားတယ်။ ပြီးတော့ ကျနော်တို့ ဆီလာတဲ့ ကုန်သည် ၂ ဦးလည်း ကျည်ထိတယ်။ အခု မူဆယ်ဆေးရုံမှာ ဒဏ်ရာရသူ ၁၅ ယောက်လောက်တော့ ရှိမယ်။ အခြေအနေကတော့ မတည်ငြိမ်သေးဘူး” ဟု ကိုမျိုးလှိုင်က ဆိုသည်။
ကျည်ထိမှန်သူများတွင် အကောက်ခွန် ဦးစီးအရာရှိ ၃ ဦးလည်း ပါဝင်ပြီး၊ တိုက်ပွဲကြောင့် ၁၀၅ မိုင် ကုန်သွယ်ရေးဇုန်ကို ခေတ္တပိတ်ထားရကာ တချို့ ဒေသခံများ မူဆယ်မြို့ပေါ်သို့ ထွက်ပြေး တိမ်းရှောင်နေရကြောင်းလည်း သိရသည်။
“ဒီနေ့ မနက် ၆ နာရီ မှာ ကျနော်တို့ ၁၀၅ မိုင် စခန်းတွေ ဝင်ပစ်ပါတယ်။ ရဲ ၅ ယောက်တော့ ဒဏ်ရာရပါတယ်။ ကျနော်တို့ ပြန်လွှတ်လိုက်ပါပြီ။ တပ်စခန်းတွေ အခုထိ ပစ်နေတုန်းပါပဲ။ အခုထိ ပစ်နေတုန်းပါပဲ” ဟု TNLA အတွင်းရေးမှူး တာဘုန်းကျော်က ဧရာဝတီသို့ ပြောသည်။
တိုက်ခိုက်ရခြင်း၏ ရည်ရွယ်ချက်ကို တာဘုန်းကျော်က “ အများပြည်သူသိအောင်၊ တရုတ်နယ်စပ်မှာလည်းဖြစ်တော့ နိုင်ငံတကာလည်း သိရှိအောင်၊ တိုက်ပွဲတွေက တောထဲမှာပဲ မပြီးဘူး အားလုံးသိအောင် ဒီလို တိုက်ပွဲတွေ ဖော်ဆောင်တာဖြစ်ပါတယ်” ဟု ပြောသည်။
ထို တိုက်ပွဲ နှင့်ပတ်သက်၍ မူဆယ်မြို့ ရဲစခန်းကို ဆက်သွယ်မေးမြန်းသည့် အခါ တိုက်ပွဲ အခြေအနေကို သေချာမသိရှိကြောင်း ဧရာဝတီကို ပြောသည်။
မူဆယ်မြို့ မှ ဦးစိုင်းအိုက် ကမူ “ ဒီမနက် လက်နက်ကြီး အသံတော်တော်ပြင်းတယ်။ ကျည်ထိမှန်ပြီး အမျိုးသမီးတဦးကတော့ သေသွားပြီ။ ထိခိုက်ဒဏ်ရာရတဲ့သူတွေကတော့ တော်တော်များတယ်။ ကယ်ဆယ်ရေးတွေ လုပ်နေပါတယ်။ ဒီနေ့တော့ မန္တလေးကို ကားတွေ မဆင်းတော့ဘူူး” ဟု ဧရာဝတီသို့ပြောသည်။
ထိုနည်းတူ ရှမ်းပြည်နယ် မြောက်ပိုင်း မုံးကိုးမြို့နယ်နှင့် ကြူကုတ်(ပန်ဆိုင်း) တို့တွင်လည်း ယနေ့ မနက်ပိုင်းတွင် တိုက်ပွဲများဖြစ်ပွားခဲ့ကြောင်း သိရသည်။ ယင်းတိုက်ပွဲများတွင် ကေအိုင်အေ၊ ကိုးကန့်နှင့် ရခိုင်လက်နက်ကိုင်တပ်ဖွဲ့များ ပါဝင်ကြောင်း ကနဦး သတင်းများအရ သိရှိရသော်လည်း သီးခြားအတည်ပြုချက် ရယူနိုင်ခြင်း မရှိသေးပါ။
၁၀၅ မိုင်ကုန်သွယ်ရေးဇုန်သည် တရုတ်နယ်စပ် ကုန်သွယ်ရေးတွင် အဓိက နေရာတခုဖြစ်ပြီး ထို ကုန်သွယ်ရေးဇုန်တွင် ကုမ္ပဏီများစွာ တည်ရှိကာ ဌာန ဆိုင်ရာ လုပ်ငန်းများလည်း အခြေချ စစ်ဆေးနေသည့် နေရာ တခုဖြစ်သည်။ တရက်လျှင် ကားအစီးရေ သောင်းချီ ဝင်ထွက် သွားလာနေသည့် နေရာ တခုလည်း ဖြစ်သည်။",,,,,,
<urn:uuid:a89d3b9f-5a27-4e9e-96bd-5f29e610481b>,"အဆီပြန်ပြီး ဝက်ခြံထွက်တတ်တဲ့ အသားအရေအတွက် သဘာဝအတိုင်း အိမ်မှာ ပေါင်းတင်လို့ရမယ့် နည်းလမ်းလေးတွေကို ပြောပြပေးပါ့မယ်။
ပူစီနံ
ဝက်ခြံပျောက်ကင်းဖို့ အကောင်းဆုံး မျက်နှာပေါင်းတင်နည်းကတော့ ပူစီနံအရွက်ပါပဲ။ ပူစီနံရွက်ဟာ အဆီပြန်တာကိုလည်း အထူးသက်သာစေတာမို့ ဝက်ခြံကင်းစင်ဖို့ ပူစီနံရွက်ကို အသုံးပြုနိုင်ပါတယ်။
ပါဝင်ပစ္စည်း
၁။ ပူစီနံအရွက်
၂။ ပျားရည်
ပြုလုပ်နည်း
- ပူစီနံရွက်တွေကို ကြိတ်လိုက်ပါ။
- အဲဒီနောက် ပျားရည်ကို ရောထည့်ပါ။
- မျက်နှာပေါ်လိမ်းပေးပြီး ခြောက်တဲ့ထိထားပါ။
- ရေအေးနဲ့ မျက်နှာသစ်ပါ။
သခွားသီး
သခွားသီးဟာ ဝက်ခြံကြောင့် ရောင်ရမ်းတာတွေကို သက်သာစေပါတယ်။
ပါဝင်ပစ္စည်း
၁။ သခွားသီး
၂။ Curd (ဒိန်) (ထည့်ချင်ထည့်လို့ရပါတယ်)
နည်းလမ်း
သခွားသီးကို ခြစ်ချပြီး အဖတ်နဲ့ အရည်ကို ခွဲကာ ရေခဲသေတ္တာထဲထည့်ထားပါ။
သခွားသီးဖတ်ကို ယူပြီး မျက်နှာပေါ်က အဖုရှိတဲ့နေရာမှာ လိမ်းပေးပါ။
သခွားသီးဖတ်ကို လိမ်းထားပေးပြီးလို့ နွေးလာပြီဆိုရင် နောက်ထပ် အေးနေတဲ့ သခွားသီးအရည်ထဲမှာ နစ်ပေးပါ။
သခွားသီးဖတ်ကို Curd (ဒိန်) နှစ်ဇွန်းထည့်ချင်လည်း ထည့်လို့ရပါတယ်။
သခွားသီးအဖတ်တွေနဲ့ Curd (ဒိန်) ကိုရောပြီး မျက်နှာပေါ် လိမ်းပေးပါ။
၂၅ မိနစ်ကနေ မိနစ် ၃၀ ကြားထားပြီး မျက်နှာသစ်ပါ။
Credit: rewardme",,,,,,
<urn:uuid:9c6e4878-57a7-4630-af38-c5786e241969>,"နောက်ဆုံးရ သတင်း
မန္တလေး ဧရာဝတီမြစ်အတွင်း မင်းကွန်း - မန္တလေးကူးတို့ရေယာဉ်တစ်စီး မီးလောင်မှုဖြစ်ပွားကာ လူ ၄ ဦး ထိခိုက်ဒဏ်ရာရရှိ
နိုင်ငံတော်၏ အတိုင်ပင်ခံပုဂ္ဂိုလ် ဒေါ်အောင်ဆန်းစုကြည် တရုတ်ပြည်သူ့သမ္မတနိုင်ငံ သမ္မတ မစ္စတာ ရှီကျင့်ဖျင် အား နေ့လယ်စာဖြင့် တည်ခင်းဧည့်ခံ
နိုင်ငံတော်၏အတိုင်ပင်ခံပုဂ္ဂိုလ် ဒေါ်အောင်ဆန်းစုကြည် တရုတ်ပြည်သူ့သမ္မတနိုင်ငံ သမ္မတ မစ္စတာ ရှီကျင့်ဖျင်နှင့်တွေ့ဆုံ၊ နှစ်နိုင်ငံဆွေးနွေးပွဲကျင်းပ၊ နားလည်မှုစာချွန်လွှာများလဲလှယ်
အလုပ်ခွင်ဖိအားတွေကြောင့် စိတ်ညစ်နေသူများဖတ်ရန်
ပန်းချီဆရာမောင်လေးထွန်း၏ (၉)ကြိမ်မြောက် တစ်ကိုယ်တော်ပန်းချီပြပွဲ မန္တလေးတွင်ကျင်းပ
English
မြန်မာ
Search
Main Menu
မူလစာမျက်နှာ
သတင်းများ
ပြည်တွင်းသတင်း
နောက်ဆုံးရ သတင်းများ
ပညာရေးနှင့်နည်းပညာ
အလှအပနှင့် ကျန်းမာရေး
ယဉ်ကျေးမှုနှင့် ခရီးသွား
အားကစား သတင်းများ
စားသောက် ဖွယ်ရာ
ဖျော်ဖြေရေး
အလုပ်အကိုင် အခွင့်အလမ်း
မှုခင်း သတင်းများ
မိုးလေဝသ သတင်းများ
အထွေထွေ
နိုင်ငံတကာသတင်း
နောက်ဆုံးရ သတင်းများ
အာဆီယံ သတင်း
နိုင်ငံရေး သတင်းများ
စီးပွားရေး သတင်းများ
ပညာရေးနှင့်နည်းပညာ
အလှအပနှင့် ကျန်းမာရေး
စားသောက် ဖွယ်ရာ
ဖျော်ဖြေရေး
အားကစား သတင်းများ
မှုခင်း သတင်းများ
အထွေထွေ
နိုင်ငံရေး
ဥပဒေများ
လွှတ်တော် သတင်းများ
ငြိမ်းချမ်းရေး
စီးပွားရေး
⬤ Live
Video on Demand
ရုပ်သံသတင်း
အနုပညာရပ်ဝန်း
စကားဝိုင်း
အတွေးအမြင်
အယ်ဒီတာ့ အာဘော်
သတင်းဆောင်းပါးများ
တွေ့ဆုံ မေးမြန်းခန်း
ကာတွန်း
အယ်ဒီတာထံ ပေးစာ
တိုင်းရင်းသား ရေးရာ
မိန့်ခွန်းများ
သတင်းစာများ
Breadcrumb
Home
/
ပြည်သူ့လွှတ်တော်၊ တိုင်းရင်းသားရေးရာနှင့် ပြည်တွင်းငြိမ်းချမ်းရေးဖော်ဆောင်မှုကော်မတီဥက္ကဋ္ဌ ဦးခွန်မောင်သောင်း - ဖက်ဒရယ်နိုင်ငံဖိုရမ်များမှ Project Manager ဦးထွန်းမင်းဦးအား လက်ခံတွေ့ဆုံ
Dec 11
Submitted by
mrtv
on Dec 11
Regional
ပြည်တွင်းသတင်း
News Category
ပြည်တွင်း",,,,,,
<urn:uuid:cb38d22e-5683-496f-82a0-55508c4b11a9>,"နောက်ဆုံးရ သတင်း
COVID-19 ရောဂါစောင့်ကြပ်ကြည့်ရှုမှုနှင့်ပတ်သက်၍ သတင်းထုတ်ပြန်ခြင်း
COVID-19 ရောဂါစောင့်ကြပ်ကြည့်ရှုမှုနှင့်ပတ်သက်၍ သတင်းထုတ်ပြန်ခြင်း
“တိုင်ကြားပေးပို့လာသော မူးယစ်ဆေးဝါးသတင်းများနှင့်စပ်လျဉ်း၍ ထပ်မံဖော်ထုတ်ရရှိမှုများ ထုတ်ပြန်ခြင်း”
COVID-19 ဓာတ်ခွဲအတည်ပြုလူနာအား ဆေးရုံဆင်းခွင့်ပြုရန် သတ်မှတ်ချက်များ
အင်အားရစ်(ခ်)တာ စကေး (၃.၈)အဆင့်ရှိ မြေငလျင်တစ်ခု လှုပ်ရှား
English
မြန်မာ
Search
Main Menu
မူလစာမျက်နှာ
သတင်းများ
ပြည်တွင်းသတင်း
နောက်ဆုံးရ သတင်းများ
COVID-19
ပညာရေးနှင့်နည်းပညာ
အလှအပနှင့် ကျန်းမာရေး
ယဉ်ကျေးမှုနှင့် ခရီးသွား
အားကစား သတင်းများ
စားသောက် ဖွယ်ရာ
ဖျော်ဖြေရေး
အလုပ်အကိုင် အခွင့်အလမ်း
မှုခင်း သတင်းများ
မိုးလေဝသ သတင်းများ
အထွေထွေ
နိုင်ငံတကာသတင်း
နောက်ဆုံးရ သတင်းများ
အာဆီယံ သတင်း
နိုင်ငံရေး သတင်းများ
စီးပွားရေး သတင်းများ
ပညာရေးနှင့်နည်းပညာ
အလှအပနှင့် ကျန်းမာရေး
စားသောက် ဖွယ်ရာ
ဖျော်ဖြေရေး
အားကစား သတင်းများ
မှုခင်း သတင်းများ
အထွေထွေ
နိုင်ငံရေး
ဥပဒေများ
လွှတ်တော် သတင်းများ
ငြိမ်းချမ်းရေး
စီးပွားရေး
⬤ Live
Video on Demand
ရုပ်သံသတင်း
အနုပညာရပ်ဝန်း
စကားဝိုင်း
အတွေးအမြင်
အယ်ဒီတာ့ အာဘော်
သတင်းဆောင်းပါးများ
တွေ့ဆုံ မေးမြန်းခန်း
ကာတွန်း
အယ်ဒီတာထံ ပေးစာ
တိုင်းရင်းသား ရေးရာ
မိန့်ခွန်းများ
သတင်းစာများ
Breadcrumb
Home
/
အားကစား
အာဆင်နယ်တိုက်စစ်မှူး လာကာဇက်၏ သွင်းဂိုးကို ခွင့်မပြုခဲ့သည့်ဒိုင်၏ ဆုံးဖြတ်ချက်ကို အာတီတာ ဒေါသထွက်၊ ဗာဒီမှာ အာဆင်နယ်ဘက်ကို ဒုတိယဂိုးသွင်းအများဆုံး ကစားသမားဖြစ်လာ
Oct 26,2020
ချယ်လ်ဆီးကို အိမ်ကွင်းတွင် သရေသာ ကစားနိုင်ခဲ့ပြီးနောက် ၄၈ နှစ်အတွင်း မန်ယူအသင်းအတွက် အဆိုးဆုံး အိမ်ကွင်းရလဒ်ဖြစ်ခဲ့
Oct 25
မနေ့ညက ယှဉ်ပြိုင်ခဲ့တဲ့ မန်ယူနဲ့ ချယ်လ်ဆီးတို့ ပွဲစဉ်မှာ မန်ယူအသင်းဟာ အိမ်ကွင်း အိုးထရက်ဖို့ဒ်ကွင်းမှာ ချယ်လ်ဆီးကို ဂိုးမရှိသရေသာ ကစားနိုင်ခဲ့ပြီးနောက် ယခုနှစ်ဘောလုံးရာသီဟာ မန်ယူအတွက် ၄၈ နှစ်အတွင်း အဆိုးဆုံး အိမ်ကွင်း ရလဒ်ဖြစ်လာခဲ့ပါတယ်။
VAR က ဘာစီလိုနာကို ရှုံးနိမ့်အောင် လုပ်ဆောင်နေသည်ဟု ဘာစီလိုနာနည်းပြ ကိုးမန်း ညီးတွား
Oct 25
ရီးယဲလ်က ဘာစီလိုနာကို ဘာကာရဲ့ အိမ်ကွင်း နူးကမ့်မှာ သုံးဂိုး-တစ်ဂိုးနဲ့ အနိုင်ရခဲ့တဲ့ ပွဲစဉ်မှာ ဘာစီလိုနာ အသင်းအနေနဲ့ ဗီဒီယို လက်ထောက်ဒိုင် အကူစနစ် (VAR)ကြောင့် နစ်နာမှုတွေ ဖြစ်ခဲ့တယ်လို့ ဘာကာ နည်းပြ ကိုးမန်းက ညီးတွားခဲ့ပါတယ်။
ဘာစီလိုနာကို ရင်ဆိုင်မည့် ရီးယဲလ်မက်ဒရစ်အသင်းတွင် ရာမို့စ်နှင့် ဘန်ဇီးမားတို့ ပါဝင်လာ
Oct 24
ယနေ့ ညပိုင်းမှာ ယှဉ်ပြိုင်မယ့် ဘာစီလိုနာနဲ့ ရီးယဲလ်မက်ဒရစ်တို့ရဲ့ ပွဲစဉ်မှာ ရီးယဲလ်အသင်းက ဟာဇက်၊ အိုဒီဂတ်တို့ပါဝင်လာခြင်းမရှိပေမယ့် အစောပိုင်းက ကြံ့ခိုင်မှု မပြည့်ဝတဲ့ ပြဿနာကြောင့်
အတီတာမှာ အိုဇေးလ်၏ သစ္စာရှိမှုကို မလေးစားခဲ့သလို အာဆင်နယ်ပရိသတ်ကို လိမ်ညာခဲ့သူဖြစ်ကြောင်း အိုဇေးလ်၏ အေးဂျင့်ဖြစ်သူ စွပ်စွဲ
Oct 24
အာဆင်နယ်နည်းပြ အတီတာက အသင်းရဲ့ စူပါစတား အိုဇေးလ်ကို ယူရိုပါလိဂ်နဲ့ ပရီးမီးယားလိဂ်ပြိုင်ပွဲနှစ်ရပ်စလုံး လူစာရင်းမှာ ချန်လှပ်ခဲ့တာနဲ့ ပတ်သက်ပြီး အိုဇေးလ်ရဲ့ အေးဂျင့်ဖြစ်သူက အတီတာဟာ ကစားသမားကို မျှတစွာ ဆက်ဆံခဲ့ခြင်းမရှိသလို အိုဇေးလ်ရဲ့
မြန်မာ MMA ကစားသမား အောင်လအန်ဆန် ချန်ပီယံကာကွယ်ပွဲထိုးရန် စင်ကာပူသို့ ရောက်ရှိ
Oct 23
မြန်မာ MMA ကစားသမား အောင်လအန်ဆန်သည် ONE မစ်ဒယ်ဝိတ်တန်း ကမ္ဘာ့ချန်ပီယံကာကွယ်ပွဲ ထိုးသတ်ရန် အောက်တိုဘာ ၂၃ ရက်က စင်ကာပူနိုင်ငံသို့
မြန်မာအသင်းယှဉ်ပြိုင်မည့် အာရှဖလား ယူ-၂၀ နှင့် ယူ-၁၇ အမျိုးသမီးခြေစစ်ပွဲတွင် ၃၄ သင်းစီ ယှဉ်ပြိုင်မည်
Oct 23
မြန်မာလူငယ် အမျိုးသမီးဘောလုံးအသင်းများ ဝင်ရောက်ယှဉ်ပြိုင်မည့် ၂၀၂၂ အာရှဖလား ယူ-၂၀ နှင့် ယူ-၁၇ အမျိုးသမီးခြေစစ်ပွဲတွင် အသင်းပေါင်း ၃၄ သင်းစီ
Pagination
လက်ရှိစာမျက်နှာ
1
Page
2
Page
3
Page
4
Page
5
Page
6
Page
7
Page
8
Page
9
…
Next page
››
Last page
Last »
""",,,,,,
<urn:uuid:702477f8-ae8f-4264-a0dd-9796e1de8799>,"ဆင်တွေအကြောင်း ဗဟုသုတလည်းရ စိတ်အပန်းလည်းပြေစေမယ့် ဝင်္ဂဘောဆင်စခန်း
ဒီတပတ်အားလပ်ရက်မှာ ဘယ်ကိုသွားလည်ရင်ကောင်းမလဲစဉ်းစားနေတဲ့သူတွေ မြို့ပြင်ထွက်ပြီး ရန်ကုန်မြို့နဲ့ မနီးမဝေးမှာ သွားရောက်လည်ပတ်လေ့လာနိုင်မယ့် ဝင်္ဂဘောဆင်စခန်းအကြောင်းကို ဖော်ပြပေးချင်ပါတယ်။
ဒီ ဆင်စခန်းက ရန်ကုန် – မန္တလေး အမြန်လမ်းမကြီး ၃၉ မိုင်နားမှာ တည်ရှိပါတယ်။
ဝင်္ဂဘောဆင်စခန်းကို ၂၀၁၆ ခုနှစ် နိုဝင်ဘာလက စတင်ပြီး ဆင်စခန်းအဖြစ် ဖွင့်လှစ်ထားတယ်လို့ သိရပါတယ်။ ဆင်အကောင်ရေလည်း သိပ်မရှိသေးဘဲ ဆင်အထီး ၆ ကောင်နဲ့ ဆင်အမ ၅ ကောင် စုစုပေါင်း ၁၁ ကောင်သာ ရှိသေးတယ်လို့ သိရပါတယ်။ မိသားစုနဲ့သွားရောက်လည်ပတ်ရင်ပဲဖြစ်ဖြစ် မိတ်ဆွေအပေါင်းအသင်းတွေနဲ့ဲ သွားရောက်ရင်ပဲဖြစ်ဖြစ် လူများများနဲ့ သွားမယ်ဆိုရင် ပျော်ဖို့ကောင်းမယ့်နေရာတခုလို့ ထင်ပါတယ်။
ဆင်စခန်းရဲ့ အကျယ်အဝန်းက ဧက ၈၀ ကျော် ရှိတယ်လို့ သိရပါတယ်။
ဒီ ဆင်စခန်းကို ရန်ကုန်-မန္တလေး အမြန်လမ်း ၃၉ မိုင်ရှိ ဘောနက်ကြီးစခန်းကနေ ဘယ်ဘက်ချိုးပြီး ၂ မိနစ်လောက် ဆက်မောင်းလိုက်ရင် ရောက်ပါတယ်။ ဝင်ကြေးကတော့ မြန်မာနိုင်ငံသား ကျပ် ၁၀၀၀ နဲ့ နိုင်ငံခြားသား ကျပ်၂၀၀၀၀ သတ်မှတ်ထားပါတယ်။ အထဲမှာ စားသောက်ဆိုင်ရယ်လို့ လောလောဆယ် မရှိသေးဘဲ တရက်ကြို ဖုန်းဆက်ပြီး မှာမယ်ဆိုရင်တော့ ထမင်းနဲ့ဟင်းချက်ပေးထားတယ်လို့ ဆင်စခန်းက တာဝန်ရှိသူတဦးက ဆိုပါတယ်။
ဆင်စခန်းအဝင်ပေါက်နားမှာ ဝင်္ဂဘောဆင်စခန်းကိုရောက်တာ ၃ ရက်ပဲရှိသေးတဲ့ ဆင်မလေး ယုယုဌေးကိုတွေ့ရပြီး မိခင်သေဆုံးသွားတဲ့အတွက် နေပြည်တော်ဆင်စခန်းကနေ ဝင်္ဂဘောဆင်စခန်းကို ရောက်ရှိလာတယ်လို့ သိရပါတယ်။ နို့မပြတ်သေးတဲ့ ဆင်မလေးကို နို့မှုန့်ဗူးဖျော်တိုက်ရပြီး ဆင်မလေးအတွက် နို့မှုန့်ဖိုးအလှူငွေလည်းထည့်လို့ရပါတယ်။
ဒါ့အပြင် ဆင်စခန်းအတွင်း နေ့လည်ဘက်တွေမှာ လူတွေနဲ့ယဉ်ပါးနေပြီဖြစ်တဲ့ ဆင်တွေကိုအစာကျွေးလို့ရပါတယ်။ ကြံနဲ့ငှက်ပျောသီးပါတဲ့ ခြင်းတခြင်းကို ၂၀၀၀ ကျပ်နဲ့ ဆင်စခန်းက ရောင်းချပေးပြီး ဆင်များကို အစာကျွေးနိုင်ပါတယ်။ အစာကျွေးတဲ့အခါမှာလည်း ဆင်တွေကို အနီးကပ် ကိုယ်တိုင်ကျွေးနိုင်တဲ့အတွက် စိတ်လှုပ်ရှားဖို့ကောင်းသလို ပျော်ဖို့လည်းကောင်းပါတယ်။ ဆင်တကောင်ချင်းစီရဲ့ ဆင်ဦးစီးတွေက ဆင်တွေဘေးမှာ အမြဲရှိနေကြပါတယ်။ ဒါ့အပြင် ဆင်စခန်းက သစ်တောဝန်ထမ်းတွေကလည်း ဆင်စခန်းကို လိုက်လံပြသပေးပြီး ဆင်တွေအကြောင်းကို ဗဟုသုတအနေနဲ့ လိုက်လံရှင်းပြပေးတာ တွေ့ရပါတယ်။
မနက်စောစောရောက်တယ်ဆိုရင်တော့ ဆင်စခန်းအတွင်းမှာ ဆင်စီးရင်းလိုက်လံလေ့လာနိုင်ပါတယ်။ ဆင်စီးရင်တော့ လူတယောက်ကို မြန်မာကျပ်ငွေ ၅၀၀၀ ကျပ်သတ်မှတ်ထားပြီး ဆင်စခန်းအတွင်း နာရီဝက်နီးပါးကြာ ပို့ဆောင် ပေးပါတယ်။ ဆင်စခန်းက ဆင်တွေဟာ အရင် သစ်ထုတ်လုပ်ရေးမှာအသုံးပြုခဲ့တဲ့ ဆင်များဖြစ်ကြပြီး ဆင်တကောင်ချင်းစီရဲ့ အနောက်ဘက်မှာ ကိုယ်ပိုင်နံပါတ်တွေကို သူတို့ရဲ့ အသားပေါ်မှာ ရိုက်နှိပ်ထားတာကို တွေ့ရပါတယ်။ မနက်ပိုင်းမှာတော့ ဆင်ပြပွဲကို ကြည့်ရှုနိုင်ပြီး ဆင်စီးခြင်းတွေကိုလည်း ပြုလုပ်နိုင်တယ်လို့ သိရပါတယ်။
ဆင်စခန်းက ဆင်တကောင်ချင်းစီရဲ့ကုန်ကျစရိတ်အနေနဲ့ တနှစ်ကို ၂၈ သိန်း နီးပါးရှိတယ်လို့လည်း သိရပါတယ်။
ညနေ ၃ နာရီခွဲအချိန်မှာတော့ ဆင်တွေရေချိုးဆင်းကြပါတယ်။ ဆင်ရေချိုးတာကို လိုက်ပါလေ့လာနိုင်ပြီး ကိုယ်တိုင်လည်း ဆင်တွေကို ရေချိုးပေးနိုင်ပါတယ်။ ဆင်ရေချိုးတဲ့အချိန်တွေကို တနေ့ကို ၂ ကြိမ် သတ်မှတ်ထားပြီး မနက်စောစော ၁ ကြိမ်နဲ့ ညနေဘက် ၁ ကြိမ် သတ်မှတ်ထားပါတယ်။ ဆင်ရေချိုးဖို့ သွားရောက်ရတဲ့လမ်းမှာ တောလမ်းဖြစ်ပြီး ဆင်စခန်းကနေ ၁၀ မိနစ်ခန့် လမ်းလျှောက်သွားရပါတယ်။ တောလမ်းဖြစ်တာမို့ ဘေးပတ်ဝန်းကျင် မှာ သစ်ပင် ချုံပုတ်နဲ့ ပန်းပင်တွေကြားကနေ ဖြတ်သန်းသွားရတာကြောင့် တကယ့်တောတွင်းမှာ သွားနေရသလို ခံစားရစေကာ စိတ်ကိုတမျိုးကြည်နူးမိစေပါတယ်။
စမ်းချောင်းသာသာ စီးဆင်းနေတဲ့နေရာမှာ ဆင်တွေကို ရေးချိုးပေးတာဖြစ်ပြီး မှတ်တမ်းဓာတ်ပုံရိုက်ခြင်း၊ ကိုယ်တိုင်ဆင်တွေကို ရေချိုးပေးခြင်းများ ပြုလုပ်ပေးနိုင်ပါတယ်။
ရေချိုးပြီးတဲ့ ဆင်တွေကို ခဏလွှတ်ထားပေးပြီး ညနေစောင်းမှ ပြန်သိမ်းကြတယ်လို့ ဆင်ဦးစီးတွေက ဆိုပါတယ်။ တကယ်လို့ လူများနေတဲ့အချိန်ဆိုရင်တော့ ဆင်တွေကို စားကျက်ဆင်းဖို့ လွှတ်မပေးတော့ဘဲ ဆင်စခန်းကိုပဲ ပြန်လည်ခေါ်ဆောင်သွားကြပါတယ်။
ဆင်ဆိုတာကို တိရိစ္ဆာန်ရုံမှာသာ အနီးကပ်မြင်တွေ့ဖူး အစာကျွေးဖူးကြသူတွေအနေနဲ့ အခုလို ဝင်္ဂဘော ဆင်စခန်းမှာ ဆင်တွေကို အနီးကပ်ကြည့်ရှုထိကိုင်ခွင့်ရတာ၊ ဆင်တွေရဲ့လှုပ်ရှားပုံတွေ သူတို့ရဲ့ နေထိုင်စားသောက်ပုံတွေကို ဗဟုသုတအနေနဲ့ လေ့လာခွင့်ရတာတွေဟာ စိတ်ဝင်စားသူတွေအဖို့ ရင်ခုန် စိတ်လှုပ်ရှားဖို့ ကောင်းနေမှာတော့ အမှန်ပါပဲ။ ကုန်ကျစရိတ်လည်း သိပ်မများဘဲ သွားရောက်လေ့လာချင်သူများအတွက် ရန်ကုန်မြို့နဲ့ ၃၉ မိုင် အကွာမှာရှိလို့ နေ့ချင်းပြန်သွားရောက်နိုင်တဲ့ ဝင်္ဂဘော ဆင်စခန်းကို စိတ်ဝင်စားကြလိမ့်မယ်ထင်ပါတယ်။",,,,,,
<urn:uuid:5e26f3b5-8477-4dc6-af95-1707cf37b053>,"ကိုဗစ်-၁၉ ကာကွယ် ထိန်းချုပ် ကုသရေးနှင့် စပ်လျဉ်း၍ တိုင်းရင်းသား လက်နက်ကိုင် အဖွဲ့အစည်းများနှင့် ညှိနှိုင်း ပူးပေါင်းရေး ကော်မတီသည် မေလ ၁၄ ရက် နံနက် ၁၀နာရီက ရန်ကုန်မြို့ ရွှေလီလမ်းရှိ အမျိုးသား ပြန်လည်သင့်မြတ်ရေး နှင့် ငြိမ်းချမ်းရေးဗဟိုဌာန (NRPC) တွင် ပအိုဝ်း အမျိုးသား လွတ်မြောက်ရေး အဖွဲ့ချုပ် (PNLO) နှင့် Online Video Conferencing စနစ်ဖြင့် ချိတ်ဆက်၍ ကိုဗစ်-၁၉ ဆိုင်ရာ လုပ်ငန်းညှိနှိုင်း အစည်းအဝေးကို ကျင်းပခဲ့ပါတယ်။
ဆွေးနွေးပွဲသို့ ကိုဗစ်-၁၉ ကာကွယ် ထိန်းချုပ် ကုသရေးနှင့် စပ်လျဉ်း၍ တိုင်းရင်းသားလက်နက်ကိုင် အဖွဲ့အစည်းများနှင့် ညှိနှိုင်းပူးပေါင်းရေး ကော်မတီဥက္ကဋ္ဌ ဒေါက်တာ တင်မျိုးဝင်း၊ ဒုတိယဥက္ကဋ္ဌ ဒုတိယ ဗိုလ်ချုပ်ကြီး (ငြိမ်း) ခင်ဇော်ဦးနှင့် ကော်မတီဝင်များ၊ ပအိုဝ်းအမျိုးသား လွတ်မြောက်ရေး အဖွဲ့ချုပ် (PNLO) မှ ဒုတိယဥက္ကဋ္ဌ ခွန်မြင့်ထွန်း ဦးဆောင်သည့် ကိုယ်စားလှယ်များ တက်ရောက် ဆွေးနွေးကြပါတယ်။
အစည်းအဝေးတွင် ကိုဗစ်-၁၉ ကာကွယ် ထိန်းချုပ် ကုသရေးနှင့် စပ်လျဉ်း၍ တိုင်းရင်းသား လက်နက်ကိုင် အဖွဲ့အစည်းများနှင့် ညှိနှိုင်းပူးပေါင်းရေး ကော်မတီ ဥက္ကဋ္ဌ ဒေါက်တာ တင်မျိုးဝင်းက အဖွင့် အမှာစကား ပြောကြား ပြီး NCA-S EAO (၁၀) ဖွဲ့နှင့် ဆွေးနွေးခဲ့သည့် သဘောတူညီချက် (၇) ချက်ကို အခြေခံ၍ PNLO နှင့် ဆွေးနွေးခဲ့ကြကြောင်း သိရှိရပါတယ်။
“ဆွေးနွေးတဲ့ အချက်ကတော့ ကိုဗစ်-၁၉ ကာကွယ် ထိန်းချုပ်ရေးကို ကျွန်တော်တို့ ဒေသအလိုက် ပူးပေါင်း ဆောင်ရွက်ဖို့ ဖြစ်ပါတယ်။ အဓိကက နည်းပညာပိုင်း ဆိုင်ရာ အထောက်အပံ့တွေကို အပြန်အလှန် ညှိနှိုင်းပြီး ပူးပေါင်း ဆောင်ရွက်သွားမယ်။ အချို့သော အချက်တွေက Quarantine စင်တာလို ထားရှိရေး ကိစ္စတွေ၊ ကျွန်တော်တို့ ဒေသထဲမှာရှိတဲ့ ကိုဗစ်-၁၉ သံသယရှိသူ တွေကို ရှာဖွေ ဖော်ထုတ်ရာမှာ ပူးပေါင်း ဆောင်ရွက်သွားကြဖို့ပါ” ဟု ပအိုဝ်းအမျိုးသား လွတ်မြောက်ရေး အဖွဲ့ချုပ် (PNLO) ဒုတိယ ဥက္ကဋ္ဌ ခွန်မြင့်ထွန်းက ပြောကြားပါတယ်။
အစည်းအဝေးနှင့် ပတ်သက်၍ ငြိမ်းချမ်းရေးကော်မရှင် အကြံပေး အဖွဲ့ဝင် ဦးလှမောင်ရွှေက “PNLO ဒေသရဲ့ အနေအထားအရ ကိုဗစ်-၁၉ ကာကွယ် တားဆီးရေး အတွက် စစ်ဆေးတဲ့ စခန်း သီးခြားထားတာ မရှိဘူး။ ဇုန် (၃) ဇုန် ခွဲပြီး အတတ်နိုင်ဆုံး ဆောင်ရွက်နေတယ်။ နောက်တစ်ခု ယူနီဖောင်းဝတ် လက်နက်ကိုင်ပြီး ဆောင်ရွက်နေတာ မရှိဘူးလို့ ကျွန်တော်တို့ သိရပါတယ်။ PNLO အနေနဲ့ ရှမ်းပြည်နယ် ကျန်းမာရေးဦးစီးဌာန၊ ပြည်နယ်ဦးစီးဌာန နဲ့လည်း သွားရောက် တွေ့ဆုံပြီး အတူတူ ပူးပေါင်း ဆောင်ရွက်နေတယ်လို့လည်း သူတို့ဆီက သိရပါတယ်။ သူတို့ရဲ့ ပူးပေါင်း ပြင်ဆင်မှုက အားရစရာ ကောင်းပါတယ်” ဟု ဆွေးနွေးပွဲနှင့် ပတ်သက်ပြီးပြောကြားခဲ့ပါတယ်။
“ကိုဗစ်-၁၉ နဲ့ပတ်သက်ရင် အစိုးရ အနေနဲ့ အခုလို တိုင်းရင်းသားလက်နက်ကိုင် အဖွဲ့အစည်း တွေနဲ့ ညှိနှိုင်း ပူးပေါင်း ဆောင်ရွက်ဖို့ ကော်မတီ ဖွဲ့ပေးတာ ကျွန်တော်တို့ အနေနဲ့ ကျေးဇူးတင်ပါတယ်။ ဒီလို ပူးပေါင်း ဆောင်ရွက်မှုတွေက နေပြီးတော့မှ ကျွန်တော်တို့ရဲ့ ငြိမ်းချမ်းရေး ဖြစ်စဉ်မှာ ပိုပြီး အထောက်အကူတွေ ရလာအောင်၊ နှစ်ဖက် နားလည်မှုတွေ၊ ယုံကြည်မှုတွေ ရလာအောင် ကျွန်တော်တို့ အားလုံးက ကြိုးစားရမှာ ဖြစ်ပါတယ်” လို. PNLO ဒုတိယဥက္ကဋ္ဌ ခွန်မြင့်ထွန်းက ပြောကြားပါတယ်။
ဆွေးနွေးပွဲတွင် တိုင်းရင်းသားများ၏ အခြေခံ စားဝတ်နေရေး အခြေအနေနှင့် ကိုဗစ်-၁၉ အလွန်ကာလ ပြန်လည် ထူထောင်ရေး အစီအစဉ်များနှင့် ပတ်သက်၍လည်း ဆွေးနွေးခဲ့ကြကြောင်း သိရှိရပါတယ်။
ကိုဗစ်-၁၉ ကာကွယ် ထိန်းချုပ် ကုသရေးနှင့် စပ်လျဉ်း၍ တိုင်းရင်းသား လက်နက်ကိုင် အဖွဲ့အစည်းများနှင့် ညှိနှိုင်းဆောင်ရွက်နေရာ ပြီးခဲ့တဲ့ သီတင်းပတ်အတွင်းကလည်း KIO ဗဟိုကော်မတီနဲ. ကချင်ပြည်နယ်အစိုးရ ကိုယ်စားလှယ်အဖွဲ.တို. တွေ.ဆုံခဲ့ပါတယ်။",,,,,,
<urn:uuid:d9907a6f-717b-4416-b65e-47fc2779b598>,"ကဏ္ဍ:အချိန်
|ဝီကီမီဒီယာ ကွန်မွန်းစ်တွင် Time နှင့် ပတ်သက်သော မီဒီယာ ရှိသည်။|
ကဏ္ဍခွဲများ
ဤကဏ္ဍတွင် စုစုပေါင်း ၁၃ ခု အနက်မှ အောက်ပါ ကဏ္ဍခွဲ ၁၃ ခု ရှိသည်။
က
- ကြိမ်နှုန်း (၁ နှာ)
- ကြောင်းကျိုးဆက်နွယ်မှု (၁ နှာ)
စ
- အချိန်အလိုက် စာရင်းများ (၁ ဍ, ၂ နှာ)
ဖ
- ဖြစ်ရပ်များ (၉ ဍ)
သ
- သက္ကရာဇ်စဉ် (၅ ဍ)
အ
- အချိန် ခရီးသွားခြင်း (၁ ဍ)
- အချိန် စီမံခန့်ခွဲမှု (၁ နှာ)
- အချိန် အတိုင်းအတာများ (၁ ဍ, ၁ နှာ)
- အချိန်တိုင်းတာရေး စနစ်များ (၁ နှာ)
- အချိန်၏ ယူနစ်များ (၇ ဍ, ၈ နှာ)
- အနာဂါတ် (၁ ဍ, ၁ နှာ)
- အလုပ်ချိန် (၁ နှာ)
- အလှည့်ကျ သဘာဝဖြစ်စဉ်များ (၁ ဍ, ၁ နှာ)
ကဏ္ဍ ""အချိန်"" မှ စာမျက်နှာများ
စုစုပေါင်း ၁၃ အနက်မှ အောက်ပါ စာမျက်နှာ ၁၃ ခုသည် ဤကဏ္ဍတွင် ရှိသည်။",,,,,,
<urn:uuid:4828cc80-abba-48bf-943d-175fb4c824d4>,"“ကျွန်မနေရာကို ယူဖို့ ကျွန်မ ခေါင်းဆောင်တစ်ယောက်မလိုချင်ဘူး၊ ခေါင်းဆောင်တွေ မြောက်မြားစွာလိုချင်တယ်”
ကျွန်မနောက်မှာ ကျွန်မနေရာ ကျွန်မအရိုက်အရာကိုခံမဲ့ ခေါင်းဆောင်တစ်ယောက် သတ်မှတ်ပေးပါ၊ ရှာပေးပါလို့ ထောင်ပြတဲ့ ပိုစတာတွေမြင်တယ်။ ကျွန်မပြောချင်တယ်။ ကျွန်မနေရာကိုယူဖို့ ကျွန်မ ခေါင်းဆောင်တစ်ယောက်မလိုချင်ဘူး။ ခေါင်းဆောင်တွေ မြောက်မြားစွာလိုချင်တယ်။
ကျွန်မတို့ ခေါင်းဆောင်တစ်ယောက်ယောက်ကိုပဲ မမျှော်နဲ့။ လူတိုင်းလူတိုင်းဟာ ခေါင်းဆောင်ဖြစ်နိုင်တဲ့ အရည်အချင်းတွေကို မွေးမြူကြပါ။ လူတိုင်းလူတိုင်းဟာ ငါတို့လည်း တစ်နေ့တစ်ခါမှာ ကောင်းတဲ့ ခေါင်း ဆောင်တွေဖြစ်နိုင်တယ်ဆို့တဲ့ စိတ်ဓာတ်တွေမွေးကြပါ။
ဒါမှ ကျွန်မတို့ ဒီမိုကရေစီရမှာ။ လူတစ်ဦးတစ်ယောက်ကို သိပ်ပြီးအားကိုးတာဟာ ဒီမိုကရေစီအတွတ် မကောင်းဘူး။
ပြည်သူတွေက ကျွန်မကိုအားကိုးတာ ကျွန်မ ဒီအားကိုးတဲ့ဟာကို မခံနိုင်လို့မဟုတ်ဘူး။ ကျွန်မ တာဝန်ခံရဲတယ်။ တာဝန်ယူရဲတယ်။ ဒါပေမဲ့ ပြည်သူတွေအနေနဲ့ ဘယ် တော့မှ လူတစ်ယောက်တည်းကို ပုံအောပြီး အားမကိုးပါနဲ့။
ဒါဟာ ဒီမိုကရေစီအတွက် မကောင်းပါဘူး။ ကျွန်မကိုလည်း ပုံအောပြီး အားမကိုးပါနဲ့။ ကျွန်မအတတ်နိုင်ဆုံး ကြိုးစားမှာပဲ။
အတတ်နိုင်ဆုံးကြိုးစားတာထက် ကျွန်မ ပိုပြီးမလုပ်နိုင်ဘူး။ ဒါပေမဲ့ ဒီမိုကရေစီပေါ်မှာ စေတနာရှိလို့ ပြည်သူအပေါ်မှာစေတနာရှိလို့ ကျွန်မ သတိပေးပါရစေ။
ဘယ်တော့မှ ပုဂ္ဂိုလ်တစ်ဦးတည်းပေါ်မှာ ပုံပြီးတော့ အားမကိုးပါနဲ့။ ယုံကြည်တာ ယုံကြည်တာပဲ။ ဒါပေမဲ့ အားမကိုးပါနဲ့။ ကိုယ့်ကိုယ်ကို အားကိုးပါ။
ကျွန်မတို့ ပြည်သူတွေဟာ ကိုယ့်ကိုယ်ကို အားကိုးတဲ့ ပြည်သူတွေ ဖြစ်ပါစေ။
ဒေါ်အောင်ဆန်းစုကြည်၊ နတ်မောက်မြို့
၈ ရက် ဒီဇင်ဘာလ ၂၀၁၂၊ အမျိုးသားနေ့အောင်ပွဲမိန့်ခွန်းမှ",,,,,,
<urn:uuid:24ed0d58-90aa-4531-846b-64f38674a936>,"မြန်မာနိုင်ငံ အနယ်နယ်အရပ်ရပ်ရှိ ကျောင်းနေအရွယ်ကလေးများသည် ရောဂါဘေး၊ စစ်ဘေး၊ သဘာ၀ဘေး၊ စီးပွားပျက်ဘေး အမျိုးမျိုးသော အကြောင်းများကြောင့် ပုံမှန်ကျောင်းများတွင် တက်ရောက်ရန်အခက်ခဲရှိကြသည်။ ယခုအခါတွင် ဆရာ၊ဆရာမများနှင့် ကလေးများအတွက် ပုံမှန်ကျောင်းများတွင် စုဝေးသင်ကြား၊သင်ယူရန် မသင့်သောအခြေနေများစွာကြုံတွေ့ကြရသည်။ သို့ရာတွင် ကလေးများ ပညာဆက်လက်သင်ကြားနိုင်ရန်နှင့် စိတ်လုံခြုံမှုရှိစေရန်လည်း အလွန်အရေးကြီးသည်။
မြန်မာနိုင်ငံ အနယ်နယ်အရပ်ရပ်ရှိ ကျောင်းနေအရွယ်ကလေးများသည် ရောဂါဘေး၊ စစ်ဘေး၊ သဘာ၀ဘေး၊ စီးပွားပျက်ဘေး အမျိုးမျိုးသော အကြောင်းများကြောင့် ပုံမှန်ကျောင်းများတွင် တက်ရောက်ရန်အခက်ခဲရှိကြသည်။ ယခုအခါတွင် ဆရာ၊ဆရာမများနှင့် ကလေးများအတွက် ပုံမှန်ကျောင်းများတွင် စုဝေးသင်ကြား၊သင်ယူရန် မသင့်သောအခြေနေများစွာကြုံတွေ့ကြရသည်။ သို့ရာတွင် ကလေးများ ပညာဆက်လက်သင်ကြားနိုင်ရန်နှင့် စိတ်လုံခြုံမှုရှိစေရန်လည်း အလွန်အရေးကြီးသည်။
မြန်မာနိုင်ငံ အနယ်နယ်အရပ်ရပ်ရှိ ကျောင်းနေအရွယ်ကလေးများသည် ရောဂါဘေး၊ စစ်ဘေး၊ သဘာ၀ဘေး၊ စီးပွားပျက်ဘေး အမျိုးမျိုးသော အကြောင်းများကြောင့် ပုံမှန်ကျောင်းများတွင် တက်ရောက်ရန်အခက်ခဲရှိကြသည်။ ယခုအခါတွင် ဆရာ၊ဆရာမများနှင့် ကလေးများအတွက် ပုံမှန်ကျောင်းများတွင် စုဝေးသင်ကြား၊သင်ယူရန် မသင့်သောအခြေနေများစွာကြုံတွေ့ကြရသည်။ သို့ရာတွင် ကလေးများ ပညာဆက်လက်သင်ကြားနိုင်ရန်နှင့် စိတ်လုံခြုံမှုရှိစေရန်လည်း အလွန်အရေးကြီးသည်။",,,,,,
<urn:uuid:1da3402e-b4d8-441e-94ec-4b060ed4bc12>,"မန်ယူကို ချယ်လ်ဆီး နိုင်ခဲ့ပြီး၊ ဇယားထိပ်မှာ ၈မှတ်ဖြတ်ဦးဆောင်နိုင်ခဲ့တဲ့ မန်ချက်စတာစီးတီးနဲ့ ပရီးမီးယားလိဂ် ပွဲတွေအကြောင်း သုံးသပ်ချက်အပြင် ဥရောပတလွှားက လိဂ်ပွဲတွေရဲ့ နောက်ဆုံး အခြေအနေတွေကို နားဆင်ရမှာ ဖြစ်ပါတယ်။
စတမ်းဖို့ဒ်ဘရစ်ချ်မှာ မိုရော့တာရဲ့ ဂိုးနဲ့ ချယ်လ်ဆီး နိုင်ခဲ့
- 5 နိုဝင်ဘာ 2017
- ဒီစာမျက်နှာ Facebook
- ဒီစာမျက်နှာ Messenger
- ဒီစာမျက်နှာ Twitter
- ဒီစာမျက်နှာ အီးမေးလ်
- ဒီစာမျက်နှာ Facebook
- ဒီစာမျက်နှာ WhatsApp
- ဒီစာမျက်နှာ Messenger
- ဒီစာမျက်နှာ Twitter
-
ဝေမျှပါ
ဒီစာမျက်နှာဤပြင်ပလင့်များသည် စာမျက်နှာအသစ်တစ်ခုဖြင့် ပွင့်ပါမည်။
-
အီးမေးလ်ဒီစာမျက်နှာ အီးမေးလ်
-
-
-
Messengerဒီစာမျက်နှာ Messenger
-
Messengerဒီစာမျက်နှာ Messenger
-
ဒီလင့်ကို ကူးယူပါဝေမျှခြင်းအကြောင်း
ဤပြင်ပလင့်များသည် စာမျက်နှာအသစ်တစ်ခုဖြင့် ပွင့်ပါမည်။
-",,,,,,
<urn:uuid:ddf1234a-df5d-45b8-a09b-fe4d2803052d>,"တိုင်းရင်းသား အဖွဲ့တွေနဲ့ ဒေါ်စု တွေ့ဖို့ NCUB တိုက်တွန်း
တိုင်းရင်းသား တွေနဲ့ ဒီမို ကရေစီ အင်အားစုတွေ ပါဝင် ဖွဲ့စည်း ထားတဲ့ NCUB ပြည်ထောင်စု မြန်မာ နိုင်ငံ အမျိုးသား ကောင်စီက တစ်နိုင်ငံလုံး အပစ် အခတ် ရပ်စဲဖို့ တောင်းဆို လိုက်ပြီး တိုင်းရင်းသား အဖွဲ့ အစည်း တွေနဲ့ တွေ့ဖို့ ဒေါ်အောင်ဆန်း စုကြည်ကို ဖိတ်ခေါ်တဲ့ အကြောင်း ထုတ်ပြန် ပြောဆို လိုက် ပါတယ်။
နိုင်ငံတည်ငြိမ် တိုးတက်ဖို့ရာ တစ်နိုင်ငံလုံး အတိုင်း အတာနဲ့ အပစ် အခတ်ရပ်စဲဖို့ လိုအပ်ပြီး အဲဒီလို ဖြစ်လာရေးမှာ ဒေါ်အောင်ဆန်း စုကြည် ပါဝင်မှုက အရေးပါတဲ့ အတွက် အဲဒီလို တောင်းဆို ရတာ ဖြစ်တယ်လို့ NCUB အထွေထွေ အတွင်း ရေးမှူး ဦးမောင်မောင်က ပြော ပါတယ်။
သမ္မတ ဦးသိန်းစိန် အစိုးရ အနေနဲ့ ပြုပြင် ပြောင်းလဲရေးကို တကယ် လိုလားတယ်ဆိုရင် ဒေါ်အောင်ဆန်း စုကြည်နဲ့ တိုင်းရင်းသား အဖွဲ့ အစည်း တွေကို တွေ့ဆုံခွင့် ပေးသင့်တယ် လို့လည်း သူက ပြောပါတယ်။
တိုင်းရင်းသား လက်နက်ကိုင် အဖွဲ့တွေနဲ့ မြန်မာ အစိုးရ စစ်တပ်ကြားမှာ လက်ရှိတိုက်ပွဲတွေ ဖြစ်နေတဲ့ အခြေ အနေ၊ ဖြစ်ပြီး ကာစ အခြေ အနေတွေ ရှိနေတာကြောင့် သူတို့ နှစ်ဦး ချင်းသာ ဆွေးနွေးမယ် ဆိုရင် ဖြစ်သင့် သလောက် ပျော့ပျောင်း နိုင်တဲ့ အနေ အထား မရှိတဲ့ အတွက် အခက် အခဲတွေ ရှိနိုင်တယ်လို့ ဦးမောင်မောင်က သုံးသပ် ပါတယ်။
ဒါကြောင့် ဒေါ်အောင်ဆန်း စုကြည်နဲ့ အန်အယ်လ်ဒီ တို့က တိုင်းရင်းသား အဖွဲ့ အစည်း တွေနဲ့ တရားဝင် ဖြစ်စေ၊ အလွတ် သဘော ဖြစ်စေ တွေ့ဆုံမယ် ဆိုရင် အစိုးရနဲ့ တိုင်းရင်းသား တွေကြား အလျှော့ အတင်း လုပ်နိုင်ကြမှာ ဖြစ်တယ် လို့လည်း သူက ယူဆ ပါတယ်။
အစိုးရနဲ့ တိုင်းရင်းသား အဖွဲ့တွေ ကြားမှာ ကြားဝင် စေ့စပ် ပေးဖို့ ဒေါ်အောင်ဆန်း စုကြည် ကိုယ်တိုင်က ထုတ်ဖော် ကမ်းလှမ်း ထားတဲ့ အပြင် သူဟာ အားလုံးက လက်ခံ နိုင်သူ ဖြစ်လို့ အသင့်လျော်ဆုံး သူဟာ ဒေါ်အောင်ဆန်း စုကြည်နဲ့ အန်အယ်လ်ဒီသာ ဖြစ်တယ်လို့ ဦးမောင်မောင်က ပြောပါတယ်။",,,,,,
<urn:uuid:6e8b246d-4017-46d7-8963-5ebc7f873535>,"Total Gawdai: 6
ဆြာဝန်းထွန်းရှိန် ၏ ငယ်အမည် ဓါတ်ခဲ နှင့် ဆြာ ဂုဏ်ပုဒ် ဝိသေသကို ပေါင်းစည်းထားသော အမည်ဖြစ်သည်။ ဆြာဒက် တစ်ဦးတည်း ကို ခေါ်ဆိုရန် မူပိုင် ဖြစ်သည်။
ဆြာဒက် ဘာတွေ မွှေလာပြန်ပြီလဲမသိဘူး။
ဟုတ်ကဲ့ကို အတိုကောက် ဟု ဆိုပြီး အသုံးပြုကြသည်။ Messenger နှင့် Viber ကဲ့သို့သော Chatting Platform များတွင် လူငယ် နှင့် အချို့သော လူလတ်ပိုင်း များ အသုံးပြုမှုများသည်။
မနက်ဖြန် တွေကြမယ်နော်။ ဟု ကိုကို။ တွေ့တဲ့အခါ လိမ္မာနော် ချစ်ချစ်။ ဟုဟု ကိုကို aycd။
လက်ဖက်ရည်ဆိုင်များတွင် ဆေးလိပ် ၄ လိပ် ကို ဆေးလိပ်တစ်ပွဲဟု သုံးလေ့ရှိသည်။ အဖြူရောင် ဆေးလိပ် ၄ လိပ်ပါ ဆေးလိပ် ၁ ပွဲကို လေးဖြူ ၁ ပွဲ ဟု သုံးလေ့ရှိသည်။ တက္ကသိုလ်များ နှင့် နီးသော နေရာများတွင် ကျောင်းကန်တင်းများတွင် တက္ကသိုလ် ကျောင်းသားများ သုံးလေ့ရှိသည့် ဘာသာ
အစ်ကိုရေ လေးဖြူတစ်ပွဲ ဒီဝိုင်းကို ချပေးပါ။",,,,,,
<urn:uuid:fb117d5a-ab32-4ae8-98bc-bc0863963174>,"ကလေးတစ်ယောက် ပုံဆွဲထားတဲ့ ဓါတ်ပုံက လူမှုကွန်ယက်ပေါ်မှာ ပျံ့နှံ့ခဲ့ပြီး ဒီကိုပုံဆွဲတဲ့ ကလေးအတွက် အွန်လိုင်းသုံးသူတွေ အားလုံးက စိတ်ပူခဲ့ကြရပါတယ်။ ဒီပုံကို ကလေးရဲ့ အတန်းပိုင်ဆရာမက အွန်လိုင်းပေါ်မှာ တင်ခဲ့ပြီး ဘယ်လိုသဘောရလဲလို့ မေးမြန်းခဲ့တာဖြစ်ပါတယ်။
ဆွဲထားတဲ့ပုံအရ လူလေးဦး လည်ပင်းကနေကြိုးချည်ပြီး တန်းလန်းကြိုးဆွဲချနေတဲ့ ပုံသဏ္ဍန်လို့ ပြောနိုင်ပါတယ်။ ပုံဆွဲတဲ့ ကလေးမှာ သူအပါအဝင် မိသားစု လေးယောက်ရှိတာကြောင့် ဆရာမ ဒီပုံကို မြင်မြင်ခြင်းမှာ ထိတ်လန့်သွားခဲ့ပါတယ်။ ကလေးဟာ စိတ်ဖိစီးပြီး စိတ်ကျရောဂါခံစားနေရပြီလားလို့ စိုးရိမ်ပူပန်သွားခဲ့ပါတယ်။
နောက်ဆုံးမှာတော့ ဆရာမက ကလေးငယ်ကိုခေါ်ကာ ဒီပုံဘာကြောင့်ဆွဲရတာလဲဆိုတာကို မေးမြန်ကြည့်တဲ့အခါမှာတော့ ငိုအားထက် ရယ်အားသန်ခဲ့ရပါတယ်။
ကလေးငယ်က သူတို့မိသားစုဟာ ပြီးခဲ့တဲ့အပတ်က အပမ်းဖြေခရီးထွက်ရင်း ရေငုတ်တဲ့အစီစဉ်လေးပါ ဆော့ကစားခဲ့ကြပါတယ်။
သူ့ရဲ့ရှင်းပြချက်အရ ကြိုးနဲ့တူတဲ့ အရာဟာ အသက်ရှုဖို့ ထောင်ထားတဲ့ ပိုက်လုံးလေးတွေဖြစ်ပြီး သေချာကြည့်မယ်ဆိုရင် ရေပိုက်ထိပ်မှာ ပူစီဖောင်းလေးတွေ ပလုံစီနေတာကို တွေ့ရနိုင်ပါတယ်။ ကဲ.. တစ်ခါလောက်ပြန်ကြည့်ကြည့်ပါဦး။
ဒီပုံဟာ အွန်လိုင်းပေါ် ပျံ့နှံ့ခဲ့ပြီးနောက် အမျိုးသားတစ်ဦးက သူ့ရဲ့ ၇ နှစ်အရွယ် သားလေးကို ပြကြည့်ပြီး ဒီပုံက ဘာဆွဲထားတာလဲလို့ မေးကြည့်တဲ့အခါ လူတွေ ပါးစပ်မှာ အသက်ရှုပိုက်တပ်ပြီး ရေငုတ်နေတဲ့ ပုံဆွဲထားတာလို့ ပြန်ဖြေခဲ့ပါတယ်။
နောက်တစ်ဦးက သူ့ရဲ့ ၅ နှစ်သားလေးကို မေးကြည့်တဲ့အခါ လူတွေ ပင်လယ်ထဲမှာ ရေကူးနေတာလို့ပြန်ဖြေခဲ့ပါတယ်။
ကလေးတွေရဲ့ အဖြေတွေဟာ နီးနီးစပ်စပ်မှန်ကန်နေတာတွေ့ရပြီး ဒီပုံကို သူတို့အချင်းချင်း နားလည်သဘောပေါက်ကြပေမယ့် လူကြီးတွေအတွက်တော့ အတော်လေး စိုးရိမ်ထိန်လန့်ပြီး ဗျာများသွားခဲ့ကြရပါတယ်။
ဒါကြောင့်မို့ ကိုယ့်အိမ်က ကလေးငယ်တွေ အရုပ်ပုံလေးတွေ ဆွဲတဲ့အခါ တစ်ခုခုထူးဆန်းတာတွေ့ရင် ကိုယ့်စိတ်ကူးနဲ့ကိုယ် ကောက်ချက်ချကာ မဆူပူမိစေပဲ သူဆွဲထားတဲ့ ပုံရဲ့အဓိပ္ပါယ်ကို ပြန်ရှင်းပြခိုင်းပြီး ကလေးတွေရဲ့ အမြင်ကို နားလည်အောင် ကြိုးစားသင့်ပါတယ်။
——-
ကလေးတဈယောကျ ပုံဆှဲထားတဲ့ ဓါတျပုံက လူမှုကှနျယကျပျေါမှာ ပြံ့နှံ့ခဲ့ပွီး ဒီကိုပုံဆှဲတဲ့ ကလေးအတှကျ အှနျလိုငျးသုံးသူတှေ အားလုံးက စိတျပူခဲ့ကွရပါတယျ။ ဒီပုံကို ကလေးရဲ့ အတနျးပိုငျဆရာမက အှနျလိုငျးပျေါမှာ တငျခဲ့ပွီး ဘယျလိုသဘောရလဲလို့ မေးမွနျးခဲ့တာဖွဈပါတယျ။
ဆှဲထားတဲ့ပုံအရ လူလေးဦး လညျပငျးကနကွေိုးခညျြပွီး တနျးလနျးကွိုးဆှဲခနြတေဲ့ ပုံသဏ်ဍနျလို့ ပွောနိုငျပါတယျ။ ပုံဆှဲတဲ့ ကလေးမှာ သူအပါအဝငျ မိသားစု လေးယောကျရှိတာကွောငျ့ ဆရာမ ဒီပုံကို မွငျမွငျခွငျးမှာ ထိတျလနျ့သှားခဲ့ပါတယျ။ ကလေးဟာ စိတျဖိစီးပွီး စိတျကရြောဂါခံစားနရေပွီလားလို့ စိုးရိမျပူပနျသှားခဲ့ပါတယျ။
နောကျဆုံးမှာတော့ ဆရာမက ကလေးငယျကိုချေါကာ ဒီပုံဘာကွောငျ့ဆှဲရတာလဲဆိုတာကို မေးမွနျကွညျ့တဲ့အခါမှာတော့ ငိုအားထကျ ရယျအားသနျခဲ့ရပါတယျ။
ကလေးငယျက သူတို့မိသားစုဟာ ပွီးခဲ့တဲ့အပတျက အပမျးဖွခေရီးထှကျရငျး ရငေုတျတဲ့အစီစဉျလေးပါ ဆော့ကစားခဲ့ကွပါတယျ။
သူ့ရဲ့ရှငျးပွခကျြအရ ကွိုးနဲ့တူတဲ့ အရာဟာ အသကျရှုဖို့ ထောငျထားတဲ့ ပိုကျလုံးလေးတှဖွေဈပွီး သခြောကွညျ့မယျဆိုရငျ ရပေိုကျထိပျမှာ ပူစီဖောငျးလေးတှေ ပလုံစီနတောကို တှရေ့နိုငျပါတယျ။ ကဲ.. တဈခါလောကျပွနျကွညျ့ကွညျ့ပါဦး။
ဒီပုံဟာ အှနျလိုငျးပျေါ ပြံ့နှံ့ခဲ့ပွီးနောကျ အမြိုးသားတဈဦးက သူ့ရဲ့ ၇ နှဈအရှယျ သားလေးကို ပွကွညျ့ပွီး ဒီပုံက ဘာဆှဲထားတာလဲလို့ မေးကွညျ့တဲ့အခါ လူတှေ ပါးစပျမှာ အသကျရှုပိုကျတပျပွီး ရငေုတျနတေဲ့ ပုံဆှဲထားတာလို့ ပွနျဖွခေဲ့ပါတယျ။
နောကျတဈဦးက သူ့ရဲ့ ၅ နှဈသားလေးကို မေးကွညျ့တဲ့အခါ လူတှေ ပငျလယျထဲမှာ ရကေူးနတောလို့ပွနျဖွခေဲ့ပါတယျ။
ကလေးတှရေဲ့ အဖွတှေဟော နီးနီးစပျစပျမှနျကနျနတောတှရေ့ပွီး ဒီပုံကို သူတို့အခငျြးခငျြး နားလညျသဘောပေါကျကွပမေယျ့ လူကွီးတှအေတှကျတော့ အတျောလေး စိုးရိမျထိနျလနျ့ပွီး ဗြာမြားသှားခဲ့ကွရပါတယျ။
ဒါကွောငျ့မို့ ကိုယျ့အိမျက ကလေးငယျတှေ အရုပျပုံလေးတှေ ဆှဲတဲ့အခါ တဈခုခုထူးဆနျးတာတှရေ့ငျ ကိုယျ့စိတျကူးနဲ့ကိုယျ ကောကျခကျြခကြာ မဆူပူမိစပေဲ သူဆှဲထားတဲ့ ပုံရဲ့အဓိပ်ပါယျကို ပွနျရှငျးပွခိုငျးပွီး ကလေးတှရေဲ့ အမွငျကို နားလညျအောငျ ကွိုးစားသငျ့ပါတယျ။",,,,,,
<urn:uuid:5b06337c-6925-4f08-a3e7-dd9ccef7f62d>,"Email This Story :
ပြီးခဲ့တဲ့ စက်တင်ဘာ ၂၅ ရက်နေ့က ကလေးတက္ကသိုလ် ပထမနှစ်ကျောင်းသူ မအေးချမ်းမွန် ပျောက်ဆုံးခဲ့မှုနဲ့ပတ်သက်ပြီး ဖခင်ဖြစ်သူက အမျိုးသားတဦးကို လူသတ်အလောင်းဖျောက်မှုနဲ့ ကလေးမြို့ မြို့မရဲစခန်းမှာ အောက်တိုဘာ ၅ ရက်နေ့က အမှုဖွင့်လိုက်ပါတယ်။
“အလောင်းကတော့ မတွေ့ဘူး။ သက်သေခံပစ္စည်းတွေ့ရှိမှု အားနည်းတယ်။ ဒါပေမဲ့ ကောင်မလေးရဲ့ အသိသူငယ်ချင်း သက်သေထွက်ဆိုမှု တရားခံလို့ ယူဆရသူရဲ့ ထွက်ဆိုမှုတွေကြောင့် ဒီအမှုကို လက်ခံ အမှုဖွင့်ပေးလိုက်တယ်” လို့ ကလေးမြို့မရဲစခန်းမှူး ဒုရဲမှူးဦးဇော်ထွန်းက ပြောပါတယ်။
သေဆုံးသူ မိန်းကလေးနဲ့ပတ်သက်ပြီး ဖခင်ဖြစ်သူ ဦးမောင်မောင်က ပျောက်ဆုံးပြီးနောက် နေ့ စက်တင်ဘာလ ၂၆ ရက်နေ့မှာ ပျောက်ဆုံးကြောင်း ကလေးမြို့မရဲစခန်းမှာ တိုင်ကြားခဲ့ပါတယ်။
“အဓိကကတော့ ရုပ်အလောင်းကို သက်သေမထားတော့ဘူး။ မန္တလေးနန်းတွင်း တပ်ထိန်းမှာ တရားခံလို့ ယူဆရသူ ထွက်ဆိုချက်အရ လက်ခံထားတယ်။ ညနေ ၅ နာရီလောက်မှာ လည်ပင်းညှစ်တယ်။ ညနေ ၇ နာရီခွဲလောက်မှာ အလောင်းကို မြစ်သာမြစ်ထဲ မျှောတယ် ဆိုတဲ့ ထွက်ဆိုချက်အရ ဆက်လက်စစ်ဆေးသွားမှာ ဖြစ်ပါတယ်။ တပ်ထိန်းရဲ့ ထွက်ဆိုချက်ကိုတော့ တရားဝင် မရဘူး”လို့ ကလေးမြို့မရဲစခန်း ရဲတပ်ဖွဲ့မှူးက ပြောပါတယ်။
လက်ရှိမှာတော့ သက်သေနဲ့ ထွက်ဆိုချက်အရ တရားခံလို့ ယူဆရတဲ့ တမူးနယ်က ကိုဈာန်မင်းထက်ကို ရာဇသတ်ကြီးဥပဒေပုဒ်မ ၃၀၂(၂၀၁) နဲ့ အမှုဖွင့် စစ်ဆေးသွားမှာ ဖြစ်ပါတယ်။
လက်ရှိမှာတော့ ပျောက်ဆုံးနေတဲ့ မအေးချမ်းမွန်ကို ရှာဖွေဆဲ ဖြစ်တယ်လို့ သိရပါတယ်။
မင်းရဲစစ်နိုင်",,,,,,
<urn:uuid:5d71e041-3159-48b1-99de-3a8223e067dc>,"လူတစ်ယောက်မှာ ဖက်ရှင်ကအရေးကြီးတဲ့အခန်းကဏ္ဍတစ်ခုဖြစ်ပါတယ်။ အများပြည်သူရဲ့မြင်ကွင်းရှေ့မှာနေရတဲ့ သရုပ်ဆောင်၊ မော်ဒယ်၊ အဆိုတော်တွေအတွက်ဆိုရင်ပိုလို့တောင်မှ အရေးပါပါတယ်။ ဒါကြောင့်ဒီတစ်ခေါက်မှာတော့ ရွှေပွဲလာတွေအားလုံးရဲ့ အာရုံကိုဖမ်းစားသိမ်းပိုက်နိုင်ခဲ့တဲ့ ဆယ်လီအချို့ရဲ့ ဖိနပ်ဖက်ရှင်လေးတွေကို ဖော်ပြပေးလိုက်ရပါတယ်။ shwekhitonlinetv.com
၁။ Elle Fanning
၂၀၁၂ ခုနှစ်က Twilight Saga : Braeking Down Part-2 ရုပ်ရှင်အထူးပြပွဲကိုတက်ရောက်လာတဲ့ (၁၄) နှစ်သမီးလေး Elle Fanning ရဲ့ ဖိနပ်ကတော့မြင်တဲ့သူတိုင်းကို နှစ်ခါမကပြန်ကြည့်နိုင်အောင်ဆွဲဆောင်နိုင်ခဲ့ပါတယ်။ shwekhitonlinetv.com
၂။ Fergie
Black Eyed Peas အဖွဲ့ဝင်ဟောင်းတစ်ဦးဖြစ်တဲ့ အဆိုတော် Fergie ကလည်း ထူးထူးခြားခြား အစိမ်းရောင်မီးတောက် ကနုတ်တွေပါတဲ့ ဒေါက်ဖိနပ်ကိုစီးပြီး ၂၀၁၂ နှစ်တုန်းကပွဲတက်ခဲ့တာကြောင့် သူမရဲ့ဖက်ရှင်ကိုလူပြောများခဲ့ကြပါသေးတယ်။ shwekhitonlinetv.com
၃။ Lady Gaga
အဆိုတော် Lady Gaga ကတော့ Fashion Queen တစ်ဦးလို့ဆိုရလောက်အောင်ကို အများနဲ့မတူတဲ့ဖက်ရှင် အဆန်းတွေကိုဝတ်ဆင်တက်တဲ့သူဖြစ်ပါတယ်။ နယူးယော့ခ်မြို့ရဲ့ ဖက်ရှင်ရက်သတ္တပတ်တစ်ခုမှာလဲ သူမရဲ့ (၁၂) လက်မမြင့်တဲ့ဖိနပ်နဲ့ ပွဲလာသူတွေရဲ့အာရုံကိုဖမ်းစားသိမ်းပိုက်ခဲ့ပါသေးတယ်။ shwekhitonlinetv.com
၄။ Kendall Jenner
နာမည်ကျော်မော်ဒယ်တစ်ဦးဖြစ်တဲ့ Kendall Jenner ဟာလည်းဆန်းသစ်ပြီး စမတ်ကျလှတဲ့ဖက်ရှင်တွေကို ဝတ်ဆင်လေ့ရှိသူတစ်ဦးဖြစ်ပါတယ်။ Tiffany & Co Event မှာတုန်းက သူမဝတ်ဆင်လာတဲ့ ကြိုးသိုင်းဒေါက်ဖိနပ်လေးကတော့ မြင်သူတိုင်းအတွက် အသစ်အဆန်းဖြစ်ခဲ့ပြီး ရေပန်းစားခဲ့ပါတယ်။ shwekhitonlinetv.com
၅။ Katy Perry
ဗြိတိန်အဆိုတော် Katy Perry ဟာလည်း ၂၀၁၂ ခုနှစ် ဂရမ်မီဆုပေးပွဲမှာတုန်းက Piano ပုံစံ ဒီဇိုင်းဖော်ထားတဲ့ ဒေါက်ဖိနပ်ကိုဝတ်ဆင်ခဲ့တာကြောင့် မီဒီယာတွေရဲ့ အာရုံစိုက်ခြင်းကိုခံခဲ့ရပါတယ်။ shwekhitonlinetv.com
၆။ Sarah Jessica Parker
Sarah Jessica Parker ကတော့ ဒေါက်ဖိနပ်တွေကို အမျိုးမျိုးဒီဇိုင်းထွင်ပြီးစီးလေ့ရှိတဲ့သူတစ်ယောက်ဖြစ်ပါတယ်။ သူမရဲ့ ဖက်ရှင်တွေကိုတုပပြီး SJP Collections ဆိုပြီး ဖိနပ်ဒီဇိုင်းတွေတောင်ရှိပါတယ်။ အခုပုံမှာမြင်ရတာကတော့ Sex and the City ဇာတ်ကားအထူးပွဲကိုတက်ရောက်ခဲ့တုန်းက သူမစီးခဲ့တဲ့ဖိနပ်ပဲဖြစ်ပါတယ်။ shwekhitonlinetv.com
၇။ Nicole Kidman
၂၀၁၃ ခုနှစ်တုန်းကတော့ အော်စကာဆုရမင်းသမီး Nicole Kidman တစ်ယောက်ဟာ CMY Music Award ကိုသူမရဲ့ ခင်ပွန်းဖြစ်တဲ့ Keith Urban နဲ့အတူတက်ရောက်ခဲ့ပါတယ်။ ဒီပွဲကိုတက်ရောက်ချိန်မှာတော့ သူမအနေနဲ့ Dior ရဲ့ ရိုးရှင်းတဲ့ ဒေါက်ဖိနပ်လေးကိုရွေးချယ်ဝတ်ဆင်ခဲ့ပါတယ်။ shwekhitonlinetv.com
၈။ Chloë Sevigny
အမေရိကန်ရုပ်ရှင်သရုပ်ဆောင်နဲ့ ဒါရိုက်တာဖြစ်သလို ဖက်ရှင်ဒီဇိုင်နာတစ်ဦးလည်းဖြစ်တဲ့ Chloë Sevigny ကတော့ ၂၀၁၆ တုန်းက လော့အိန်ဂျလိစ်မှာပြုလုပ်တဲ့ ပါတီပွဲတစ်ခုကို Gucci ရဲ့ အပြာနုရောင် ဖိနပ်လေးစီးပြီး ပရိသတ်ရဲ့ အာရုံကိုဖမ်းစားခဲ့ပါတယ်။ shwekhitonlinetv.com
၉။ Victoria Beckham
ကမ္ဘာကျော်ဘောလုံးသမား ဒေးဗစ်ဘက်ခမ်း (David Beckham) ရဲ့ဇနီးဖြစ်တဲ့ ဗစ်တိုးရီးယားဘက်ခမ်း (Victoria Beckham) ကတော့အပြင်တစ်ခါထွက်တိုင်း မတူညီတဲ့ဖက်ရှင်တွေကို ချပြဝတ်ဆင်လေ့ရှိသူဖြစ်ပါတယ်။ အခုတစ်ခေါက်မှာလည်း ဒေါက်မပါတဲ့ ဒူးခေါင်းဖုံးသားရေလည်ရှည်ဖိနပ်ကို ထူးထူးခြားခြားဝတ်ဆင်ပြခဲ့ပြန်ပါတယ်။ shwekhitonlinetv.com
၁၀။ Blake Lively
သူမကတော့ လှပကျော့ရှင်းတဲ့ခန္ဓာကိုယ်နဲ့ လိုက်ဖက်တဲ့ဝတ်စုံတွေကို အမြဲရွေးချယ်ဝတ်ဆင်တက်တဲ့သူမို့လို့ မိန်းကလေးအများစုဟာ သူမရဲ့ပွဲတက်ဝတ်စုံတွေကို စောင့်ကြည့်တက်ကြပါတယ်။ အခုတစ်ခေါက်မှာတော့ ဒီဇိုင်းခပ်ဆန်းဆန်း အဝါရောင်သားရေဒေါက်ဖိနပ်လေးကို သူမရဲ့ Fan တွေကိုပြသခဲ့ပြန်ပါတယ်။ shwekhitonlinetv.com
Shwe Khit Online TV မှရေးသားတင်ဆက်ပါသည်။ယခုဆောင်းပါးကိုတခြားပေ့ချ်များတွင်ကျေးဇူးပြု၍ကူးယူဖော်ပြခြင်းမပြုရန်မေတ္တာရပ်ခံအပ်ပါသည်။",,,,,,
<urn:uuid:53a00dec-ffd3-423f-b78f-7d718e0b320d>,"၅ မိနစ်အတွင်း သွားဂျိုး (ချိုး) တွေကို ဖယ်ရှားနိုင်ဖို့ သဘာဝနည်းလမ်း ၂ သွယ်
သွားမှာ ဂျိုးတွေကပ်ရတာဟာ သွားနဲ့ ခံတွင်း သန့်ရှင်းမှုပြုလုပ်ပေးတာ အားနည်းလို့ပါ။
ဒါပေမဲ့ မျိုးရိုးဗီဇကြောင့်လည်း ဖြစ်နိုင်ပါတယ်။
သွားဆရာဝန်တွေဆီက ဈေးကြီးတဲ့ ကုသနည်းတွေနဲ့မဟုတ်ဘဲ သဘာဝနည်းလမ်းနဲ့ အရင်ဖြေရှင်းကြည့်ရအောင်ပါ
နည်းလမ်း ၁
ပါဝင်ပစ္စည်း
မှုန့်ဖုတ်ဆိုဒါ လက်ဖက်ရည်ဇွန်း ၂ ဇွန်း
စပါကလင်ရေ လက်ဖက်ရည်ဇွန်း ၂ ဇွန်း
ရေ လက်ဖက်ရည်ဇွန်း ၁ ဇွန်း
သွားတိုက်ဆေး လက်ဖက်ရည်ဇွန်း ၁ ဇွန်း
ပြုလုပ်နည်း
ခွက်တစ်လုံးထဲမှာ ပါဝင်ပစ္စည်းအားလုံးကိုရောပြီး မွှေလိုက်ပါ။
ပြီးရင် သွားတိုက်ဆေးပေါ်မှာတင်ပြီး ၄ မိနစ်လောက် နေ့စဉ်သွားတိုက်ပေးပါ။ တစ်ပတ်ကို တစ်ခါလုပ်ပေးပါ။
နည်းလမ်း ၂
သံပုရာသီး (သို့) သံပုယိုသီး
သံပုရာသီး နဲ့ သံပုယိုသီးမှာ ပါဝင်တဲ့ အက်ဆစ်ဓါတ်တွေကိုအသုံးပြုပြီး ဖြေရှင်းရမှာပါ။
သံပုရာသီး (သို့) သံပုယိုသီးကို အရည်ညှစ်လိုက်ပါ။
ခွက်တစ်ဝက်လောက်ရပြီဆိုရင် ရေခွက်တစ်ဝက်နဲ့ရောပါ။
တစ်နေ့ကို ၅ မိနစ်လောက် ပလုတ်ကျင်းပါ။ ပျောက်သွားတဲ့ထိ နေ့တိုင်းလုပ်ပေးပါ။
MyHealth Myanmar
Unicode >>>
၅ မိနဈအတှငျး သှားဂြိုး (ခြိုး) တှကေို ဖယျရှားနိုငျဖို့ သဘာဝနညျးလမျး ၂ သှယျ
သှားမှာ ဂြိုးတှကေပျရတာဟာ သှားနဲ့ ခံတှငျး သနျ့ရှငျးမှုပွုလုပျပေးတာ အားနညျးလို့ပါ။
ဒါပမေဲ့ မြိုးရိုးဗီဇကွောငျ့လညျး ဖွဈနိုငျပါတယျ။
သှားဆရာဝနျတှဆေီက စြေးကွီးတဲ့ ကုသနညျးတှနေဲ့မဟုတျဘဲ သဘာဝနညျးလမျးနဲ့ အရငျဖွရှေငျးကွညျ့ရအောငျပါ
နညျးလမျး ၁
ပါဝငျပစ်စညျး
မှုနျ့ဖုတျဆိုဒါ လကျဖကျရညျဇှနျး ၂ ဇှနျး
စပါကလငျရေ လကျဖကျရညျဇှနျး ၂ ဇှနျး
ရေ လကျဖကျရညျဇှနျး ၁ ဇှနျး
သှားတိုကျဆေး လကျဖကျရညျဇှနျး ၁ ဇှနျး
ပွုလုပျနညျး
ခှကျတဈလုံးထဲမှာ ပါဝငျပစ်စညျးအားလုံးကိုရောပွီး မှလေိုကျပါ။
ပွီးရငျ သှားတိုကျဆေးပျေါမှာတငျပွီး ၄ မိနဈလောကျ နစေ့ဉျသှားတိုကျပေးပါ။ တဈပတျကို တဈခါလုပျပေးပါ။
နညျးလမျး ၂
သံပုရာသီး (သို့) သံပုယိုသီး
သံပုရာသီး နဲ့ သံပုယိုသီးမှာ ပါဝငျတဲ့ အကျဆဈဓါတျတှကေိုအသုံးပွုပွီး ဖွရှေငျးရမှာပါ။
သံပုရာသီး (သို့) သံပုယိုသီးကို အရညျညှဈလိုကျပါ။
ခှကျတဈဝကျလောကျရပွီဆိုရငျ ရခှေကျတဈဝကျနဲ့ရောပါ။
တဈနကေို့ ၅ မိနဈလောကျ ပလုတျကငျြးပါ။ ပြောကျသှားတဲ့ထိ နတေို့ငျးလုပျပေးပါ။
MyHealth Myanmar",,,,,,
<urn:uuid:2d2595eb-e1c7-453b-b0a5-f46652208e00>,"MYSTERY ZILLION တွင် English သို့မဟုတ် Unicode ဖြင့်သာ အသုံးပြုခွင့်ရှိသည်။ ဇော်ဂျီ ၊ ဧရာ စသည်တို့ကို အသုံးပြုခွင့် မရှိ။ Unicode fonts များမှာ Mon3
,Yunghkio
, Myanamr3
စသည်များ အသုံးပြုနိုင်သည်။ Unicode Guide ကို ဒီမှာ
Download ချပါ။ Zawgyi to Unicode Converter
Don't share ebook or software if nobody request. You can find free book websites on here
. We are welcome for discussion or asking question instead.
linksys router configuraion ဘယ်လိုချလဲသိခြင်လိုပါ
Mz မှအကိုတိုအမတိုရေ ကျွန်တော်ဆိုင်မှာ bagan adsl နဲ wimax နှစ်လိုင်ရှိတယ် အေတာကို linksys router နဲ connection နှစ်ခုကိုပေါင်းပြီ server ထိုင်ခြင်းလို linksys ကိုဘယ်လို configuration လုပ်လဲဆိုတာပြောပြပေပါလာခင်ဗျာ။:((",,,,,,
<urn:uuid:4b5e99e6-ae69-4af8-8991-3cb8739cc550>,"စမ်းချောင်းမြို့နယ်မှာ ပစ်သတ်ခံရတဲ့ ဒေါက်တာဇင်လင်းရဲ့ ဇနီးကို ဖမ်းဆီးစစ်ဆေးနေတယ်လို့ အကြမ်းဖက် စစ်ကောင်စီရဲ့ ပြန်ကြားရေးဒုဝန်ကြီး ဗိုလ်ချုပ်ဇော်မင်းထွန်းက ပြောပါတယ်။
ဒီနေ့ နေပြည်တော်မှာ လုပ်တဲ့ သတင်းစာရှင်းလင်းပွဲမှာ ပြောတာဖြစ်ပြီး ဒေါက်တာ ဇင်လင်းနဲ့ သူနာပြုဆရာမ ဒေါ်ခင်ခင်ကြွယ်အပါအဝင် ၄ ယောက်ကို ပစ်သတ်ခဲ့တယ်လို့ ပြောပါတယ်။
“မှန်ပါတယ်။ သူ့ကို ဖမ်းထားတာ။ သူနဲ့ ဒေါက်တာဇင်လင်းနဲ့ မပေါင်းသင်းတော့တာ ကြာနေပေမဲ့ လုံခြုံရေးလိုအပ်ချက်အရ စစ်ဆေးနေတာပါ။ သူက ပြစ်မှု ကြီးကြီးမားမား ကျူးလွန်ထားတာ မရှိပါဘူး။ သူ့ကို စစ်ဆေးပြီးရင်တော့ ဥပဒေအတိုင်း ဆက်လုပ်သွားမှာပါ” လို့ ပြောပါတယ်။
အကြမ်းဖက်ကောင်စီရဲ့ ဝန်ကြီးဟာ ဒေါက်တာဇင်လင်းနဲ့ သူနာပြုဆရာမတို့ အတူနေတယ်လို့ လည်း ပုတ်ခတ်ပြောဆိုပါတယ်။
စစ်သားတွေက ဝင်စီးချိန် သူနာပြုဆရာမက ပစ္စတိုသေနတ်နဲ့ လှေကားပေါ်က ဆင်းလာပြီး ပစ်ခတ်တယ်လို့ သူက စွပ်စွဲပေမဲ့ သူတို့ထုတ်ပြန်ပြတဲ့ ဓာတ်ပုံတွေထဲမှာတော့ ၄ ယောက်လုံးဟာ လမ်းမပေါ်မှာ သေဆုံးနေတာကို တွေ့ရပါတယ်။
သူတို့ကို အကြမ်းဖက်စစ်ကောင်စီက စမ်းချောင်းမြို့နယ် မြေနီကုန်းတံတားနား တိုက်ခန်းတခုကနေ စက်တင်ဘာ ၂၅ ရက် မနက်ပိုင်းက ဆွဲချပစ်သတ်ခဲ့တာလို့ ဒေသခံတွေက ပြောဆိုထားသလို ဗွီဒီယိုမှတ်တမ်းတခုလည်း ပျံ့နှံ့နေပါတယ်။
အကြမ်းဖက် စစ်ကောင်စီဟာ ဖမ်းဆီးရမိထားတဲ့ လူငယ်တွေထဲက တချို့ကို ဖောက်ခွဲ ပစ်ခတ်တာတွေမှာ ပါဝင်တယ်လို့ ပြောဆိုထားတဲ့ ဗွီဒီယိုကိုလည်း သတင်းစာရှင်းလင်းပွဲမှာ ပြသခဲ့ပါတယ်။",,,,,,
<urn:uuid:6be034e7-7cda-49c5-946e-2d4c796e9af2>,"မန္တလေးတိုင်း ပြင်ဦးလွင်ခရိုင် စဥ့်ကူ မြို့နယ် ညောင်ဝန်းကျေးရွာမှာ ဒေသခံ ရွာသားတွေနဲ့ ရဲတပ်ဖွဲ့ဝင်တွေ ကြားမှာ ရုန်းရင်းဆန်ခတ်ဖြစ်ခဲ့ပြီး သေနတ် ပစ်ဖောက်မှုတွေရှိခဲ့ပါတယ်။ ဒီပစ်ခတ်မှုထဲမှာ အနည်းဆုံး ဒေသခံတစ်ဦး ဒဏ်ရာရသွားတယ်လို့ ဒေသခံတွေကပြောပါတယ်။ အပြည့်အစုံကို ဆက်သွယ်မေးမြန်းထားတဲ့ မအေးအေးမာ ကတင်ပြပေးထားပါတယ်။
မန္တလေးတိုင်း၊ စဥ့်ကူမြို့နယ် ၊ညောင်ဝန်းကျေးရွာက ရွာသားတွေဟာ လွန်ခဲ့တဲ့ နှစ် ၄၀ကျော်က စစ်တပ်ပိုင်မြေ အဖြစ် သ်ိမ်းယူထားတဲ့မြေတွေကို ပြီးခဲ့တဲ့ ဇွန်လက ပြန်လည် ထွန်ယက်ကြတာကြောင့် ရွာသား ၁၅ဦး ဟာ တရားစွဲဆိုခံ ထားရတာပါ ။ ဒီရွာသားတွေကို သြဂုတ် လ ၁၄ရက်နေ့ မနက်ပိုင်း မှာ ညောင်ဝန်းကျေးရွာထဲမှာ အာဏာပိုင်တွေက ဝင်ရောက် ဖမ်းဆီးဖို့ ကြိုးစားကြတာကြောင့် ရဲတွေနဲ့ ရွာသားတွေကြား တင်းမာမူတွေဖြစ်ပြီး ရုန်းရင်းဆန်ခတ်မူတွေ ဖြစ်ပွားခဲ့ပါတယ်။
ရဲတွေက တောင်သူတွေကို ဖမ်းဆီးဖို့ ကြိုးစားရင်း သေနတ် တွေနဲ့ ပစ်ခတ်မူတွေ ကြောင့် တောင်သူတဦး ထိမှန်သွားခဲ့ကြောင်း ရဲတွေ ဖမ်းဆီးခေါ်ဆောင်တာကို ခံရတဲ့ ရွာသား ဦးမြင့်ကြည် ပြောပြပါတယ်။
"" ရဲဝင်လာတဲ့ပုံစံက နှစ်ရာကျော်လောက် ဝင်လာပါတယ်။ လူစုခွဲပြီးဝင်လာတာ တဌာနစီ၊ တဌာနစီ၊ သေနတ်ထောင်ဖောက်ပြီး ဝင်ဖမ်းတာပါခင်ဗျ။ ကျနော်တို့ အရင် တပ်ရင်းဖွဲ့ထားတဲ့သူတွေပေါ့ဗျာ။ လာဖမ်းတော့ ကျနော်တစ်ယောက်တည်းပဲ မိသွားတယ်။ တရွာလုံး အုံကြွသွားတာပါပဲခင်ဗျာ။ တရွာလုံး အုံကြွပြီး သူတို့ကို ဝိုင်းထားလိုက်တာပါခင်ဗျ။ ကျနော့်ကိုဖမ်းသွားတာ။ ဆေးရုံကြီးမှာပါ ခင်ဗျာ။ သေနတ်နဲ့မှန်တဲ့ အမျိုးသမီးက ဒေါ်စန်းကြင်နု။ ကျန်တာတွေက အရိုက်ခံရတာ လေး၊ ငါးခြောက်ယောက်က။""
သူပြန်လည် လွတ်မြောက်လာတာကတော့ ရွာထဲမှာ ရဲ အင်အား ၃၀ကျော် ကျန်နေပြီး ရွာသားတွေဘက် ကလည်း ရဲတွေကို ပြန်လည် ပိတ်ဆို့ ထားတာကြောင့် လို့လည်း ဦးမြင့်ကြည်ကဆိုပါတယ်။
"" လာဖမ်းသွားတာက ရဲစခန်းထဲကို ခေါ်သွားပါတယ်ခင်ဗျာ။ ခေါ်သွားပြီးတော့ သူတို့ ၃၉ယောက်ကို ရွာက ပိတ်မိထားတဲ့ ရဲ ၃၉ယောက်ကို လွှတ်ပေးမယ် ။ ဒီဦးမြင့်ကြည်ကို လွှတ်ပေးရင် အဲ့လိုတောင်းဆိုတာနဲ့ ကျနော့်ကို လွှတ်ပေးပါတယ်ခင်ဗျာ။ လာပို့တာပါခင်ဗျာ။ ရဲတွေက ဘုန်းကြီးကျောင်းထဲ ပိတ်မိတာ။ ကျနော်တို့ကျေးရွာက သေနတ်နဲ့ မှန်တဲ့ ပြစ်ချက်ရယ်၊ ကျနော်တို့ရွာက တိုင်တဲ့သူတွေရယ်။ ဘုန်းကြီးတွေက စစ်ဆေးမေးနေတယ် ခင်ဗျာ။ ကျေးရွာ အုပ်ချုပ်ရေးမှူး အုပ်ချုပ်ရေးက ထွက်ပြေးလို့ ဘုန်းကြီး တွေက ဝင်ပြီး လူထုကို ထိန်းပြီးတော့ သူတို့ကို စစ်ပေးနေပါတယ်ခင်ဗျာ။ မေးမြန်းနေတာပေါ့။ လမ်းစပြပြီးတော့ ထွက်ပြေးသွားတာပေါ့။ ၁၅ယောက်ကို လာဖမ်းတာ လမ်းစလေးတင် လိုက်ပြခိုင်းပြီး သူက ထွက်ပြေးတာ။ ""
ညောင်ဝန်းရွာက တောင်သူတွေပိုင်ဆိုင်တဲ့ လယ်မြေတွေကို လွန်ခဲ့တဲ့ နှစ် ၄၀ကျော်ကနေ မန္တလေးထောက်ပို့တပ် ၁၂၁ က သိမ်းယူခဲ့ပြီး ဂရိတ်ဝေါလ် ကုမ္ပဏီကို အဌားပြန်ချခဲ့ကြောင်း လွတ်တော်ကို ၂၀၁၂ ခုနှစ်ကတည်းက တင်ပြတောင်းဆိုမူတွေ လုပ်ခဲ့ပေမဲ့ ထူးခြားမူတွေ မရှိခဲ့ဘူးလို့လည်း တောင်သူဦးမြင့်ကြည်က ဆိုပါတယ်။
""မန္တလေး ထောက်ပို့နဲ့ ပို့ဆောင်ရေးတပ် ၁၂၁က သိမ်းတာပါခင်ဗျ။ သိမ်းထားတာ ၄၂နှစ်ရှိပါပြီခင်ဗျ။ ကျနော်တို့ ၂၀၁၂ကတည်းက တောင်းဆိုလာတာခင်ဗျ။ လွှတ်တော်ထဲ အထိ ရောက်ပါတယ်ခင်ဗျ။ လွှတ်တော်ကလည်း ဘာမှ မလှုပ်ရှားပါဘူးခင်ဗျာ။ ဌာနပေါင်းဆိုင်ရာ အကုန်လုံး လွှတ်ပါတယ်ခင်ဗျ။ လုပ်ထားတာက ၁၂၁ လို့ဆိုပေမဲ့ ဂရိတ်ဝေါလ်ဦးတင်မောင်ကို ၁၂၁က ချပေးတယ်ခင်ဗျ။""
ပြည်ထောင်စုလွတ်တော် မြေယာ စုံစမ်းစစ်ဆေးရေးကော်မရှင် အတွင်းရေးမှူး ဦးသိန်းထွန်းကတော့ မြေယာအမူအခင်းတွေနဲပတ်သက်လို့ တိုင်စာပေါင်း ၆၀၀၀ကျော်ထဲက ၄၀၀ကျော်က သာုအစိုးရဘက်က ဖြေရှင်းပေးခဲ့တာေံကြာင့် မိုးမကျမီ လယ်သမားတွေ ထွန်ယက်စိုက်ပျိုးနိုင်အောင် အမြန်ဆုံးဖြေရှင်းေးပးဖို့ လွတ်တော်မှာ တင်ပြထားတယ်လို့ VOA က ဆက်သွယ်မေးမြန်း စဉ်မှာ ပြောပြခဲ့ပါ တယ်။ မြန်မာစစ်တပ်ကတော့ သူတို့သိမ်းထားတဲ့ လယ်မြေတချို့ကို ပြန်လည် စွန့်လွတ်မှာဖြစ်ကြောင်းပြောဆိုခဲ့ပြိး တချို့မြေတွေကိုတော့ ပြန်လည် ပေးအပ်မှာ မဟုတ်ကြောင်းကို လည်းပြောဆိုထားတာပါ။
ညောင်ဝန်းရွာရဲ့နောက်ဆုံးအခြေအနေအရ ကတော့ ရဲအင်အား ၃၀ကျော်ကို ရွာက သံဃာတော်တွေက တောင်သူတွေဘက်က နစ်နာမူတွေ အတွက် ခေါ်ယူ ညှိနှိုင်းခဲ့ပြီးနောက် ပြန်လည် လွှတ်ပေးခဲ့သလို ရွာပတ်လည်တလျောက် တပ်စွဲထားတဲ့ ရဲကင်းများ လည်းပြန်လည် ဆုတ်ခွါသွားပြီ ဖြစ်ပါတယ်။",,,,,,
<urn:uuid:c5ae7422-bd5a-44d7-b8cb-2b6b232d3e79>,"အေဂျက်ကြယ်ပွင့် ဒီလစ်ဟာ ကလေးဘဝ ဘောလုံးကစားခဲ့တဲ့အချိန်တုန်းက ရော်နယ်ဒိုလို ကစားသမားမျိုးဖြစ်ချင်ခဲ့ပြီး ရော်နယ်ဒိုရဲ့ ရှပ်တောင် ရှိခဲ့တယ်လို့ talkSPORT ရဲ့ဖော်ပြချက်အရ သိရပါတယ်။
အသက် ၁၉ နှစ်အရွယ်ရှိပြီဖြစ်တဲ့ ဒီလစ်ဟာ ယခုနွေရာသီမှာ အေဂျက်အသင်းကနေ ထွက်ခွာဖို့ သတင်းတွေထွက်ပေါ်နေသူဖြစ်ပြီး ဂျူဗင်တပ်အသင်းကို ပြောင်းရွှေ့ဖို့ နီးစပ်နေပြီလို့ သတင်းတွေက ဖော်ပြခဲ့ကြပါတယ်။
နယ်သာလန်လက်ရွေးစင်ကြယ်ပွင့် ဒီလစ်ကို ဥရောပထိပ်သီးအသင်းကြီးတွေက ခေါ်ယူဖို့ ကြိုးပမ်းနေကြပြီး ဘာစီလိုနာ၊ ပီအက်စ်ဂျီ၊ မန်ချက်စတာယူနိုက်တက်တို့ကလည်း ဒီလစ်ကို စိတ်ဝင်စားနေတဲ့အသင်းတွေထဲမှာ ပါဝင်နေတာဖြစ်ပါတယ်။
ဒါပေမယ့် အေဂျက်အသင်းခေါင်းဆောင် ဒီလစ်က ၎င်းရဲ့ဘောလုံးသူရဲကောင်း ခရစ်စတီယာနိုရော်နယ်ဒိုနဲ့ တွဲဖက်ကစားဖို့အတွက် ဂျူဗင်တပ်အသင်းကို ပြောင်းရွှေ့ဖွယ်ရှိနေတာဖြစ်ပါတယ်။
ဒတ်ချ်မဂ္ဂဇင်း VI နဲ့ မေလက တွေ့ဆုံခဲ့ချိန်အတွင်း ဒီလစ်က ၎င်းရဲ့အနာဂတ်နဲ့ပတ်သက်ပြီး အခုလို ပြောကြားခဲ့ပါတယ်။
“အားလုံးက လျင်လျင်မြန်မြန်ပဲ ဖြစ်သွားခဲ့တာပါ။ ကျွန်တော် တခါတလေကျရင် ပြန်စဉ်းစားမိတယ်။ တစ်ရာသီလုံး အသင်းနဲ့ ပြိုင်ပွဲအတွင်း ကစားသမားတစ်ယောက်အနေနဲ့ ခင်ဗျားမှာ ပြန်လည်ကြည့်ရှုဖို့ အချိန်တကယ်မရှိပါဘူး”
“ဒါပေမယ့် တစ်ခါတရံမှာ အချိန်ရှိပါတယ်။ ကျွန်တော် ပြန်စဉ်းစားကြည့်လိုက်တဲ့အခါမှာ အဲဒါက သာမန်မဟုတ်ပါဘူး။ မကြာသေးမီတုန်းက ကျွန်တော့်ရဲ့ငယ်ပေါင်းသူငယ်ချင်းတွေနဲ့ ညစာစားခဲ့တဲ့အချိန်တုန်းကလိုပေါ့”
“နိဂုံးချုပ်ရမယ်ဆိုရင် ငယ်ငယ်တုန်းက ပန်းခြံထဲမှာ ဘောလုံးကစားခဲ့တဲ့အချိန်မှာ ကျွန်တော် အမြဲတမ်း ခရစ်စတီယာနိုုရော်နယ်ဒိုဖြစ်ချင်ခဲ့ပါတယ်။ အထူးသဖြင့် သူ မန်ချက်စတာယူနိုက်တက်အသင်းမှာ ကစားနေခဲ့တဲ့အချိန်တုန်းကပေါ့”
“ကျွန်တော့်ရဲ့ပထမဆုံးဘောလုံးဝတ်စုံက အဲဒီအချိန်တုန်းက သူနဲ့သက်ဆိုင်တဲ့ဝတ်စုံပါ။ သူငယ်ချင်းတွေနဲ့ ညစာစားခဲ့တာကတော့ ဂျူဗင်တပ်နဲ့ တွေ့ပြီးတဲ့နောက်မှာပါ။ တူညီတဲ့ရော်နယ်ဒိုတစ်ဦးတည်းနဲ့ ကျွန်တော် ရင်ဆိုင်ကစားခဲ့ရပါတယ်”လို့ ပြောကြားခဲ့ပါတယ်။",,,,,,
<urn:uuid:6d8b8937-ffd2-427f-854c-f95c72fb5339>,"ခုတုံး
ရယ်လိုက်ကြစို့ - ၂၅
ရယ်လိုက်ကြစို့ - ၂၄
ရယ်လိုက်ကြစို့ - ၂၃
ရယ်လိုက်ကြစို့ - ၂၂
ရယ်လိုက်ကြစို့ - ၂၁
ရယ်လိုက်ကြစို့ - ၂၀
ရယ်လိုက်ကြစို့ - ၁၉
ရယ်လိုက်ကြစို့ - ၁၈
ရယ်လိုက်ကြစို့ - ၁၇
ရယ်လိုက်ကြစို့ - ၁၆
ရယ်လိုက်ကြစို့ - ၁၅
ရယ်လိုက်ကြစို့ - ၁၄
ရယ်လိုက်ကြစို့ - ၁၃
ရယ်လိုက်ကြစို့ - ၁၂
ရယ်လိုက်ကြစို့ - ၁၁
ရယ်လိုက်ကြစို့ - ၁၀
Unicode သုံးကြရာဝယ်
ရယ်လိုက်ကြစို့ - ၉
ရယ်လိုက်ကြစို့ - ၈
ရယ်လိုက်ကြစို့ - ၇
ရယ်လိုက်ကြစို့ - ၆
ရယ်လိုက်ကြစို့ - ၅
ရယ်လိုက်ကြစို့ - ၄
ဆေး ထိုးတာ
ဝန်ဆောင်မှု
ကျားကြောက်လို့ ရှင်ကြီးကိုး
ခံလိုက်ရပြီလေ
ရယ်ကြစို့ - ၃
အခြေအတင်
ကွီး
ဆင်ကြီးမှုံယိုနေပြီ
တစ်ထောက်တစ်နေရာ
ရယ်ကြစို့ - ၂
ရယ်ကြစို့ - ၁",,,,,,
<urn:uuid:624224d1-f07f-43b6-9803-92927c5fde77>,"မြင်းခုန်တိုင်မင်းသား
မြင်းခုန်တိုင်မင်းသားကို ခမည်းတော် သီရိပဝရ ဇယာ နန္တယသပဏ္ဍိ တြိဘဝနာဒိတျာဓိပတိ မဟာဓမ္မရာဇာ ဓိရာဇာ တံဆိပ်နာမံ ခံတော်မူသော ပဉ္စမသင်္ဂါယနာတင် ဘဝရှင်မင်းတရားကြီး မင်းတုန်းမင်း နှင့် မယ်တော် တောင်ရွှေရေး မိဖုရားကြီး ရတနာဒေဝီမှ ဖွားမြင်ပြီး မြင်ကွန်းမင်းသား၏ ညီတော်ဖြစ်သည်။ ငယ်မည်မှာ ဖိုးထင် ဖြစ်သည်။ [၁]
ဆိုးသွမ်းမှု ပြင်ဆင်ရန်
- ညီတော် မြင်းခုန်တိုင်မင်းသားကလည်း သက်တော် ၁၆နှစ်၊ ၁၇နှစ်တိုင်အောင် တောင်ဥယျာဉ်တော်အတွင်းရှိ ရေကန်တွင် ငှက်ပျောတုံးကို ဖောင်ဖွဲ့၍ တက်စီးပြီး ရှေ့ကကြိုးတတ်လျက် လူနှစ်ယောက်က ဆွဲရလေသည်။ နေ့စဉ် ပြုလုပ်ရသောကြောင့် မှူးမတ်ကြီးများမှစ၍ အရာရှိများက ကွယ်ရာတွင် မြင်းခုန်တိုင်ဟု မခေါ်ဘဲ လူတေလေးဟု ခေါ်လေသည်။ [၂]
ကိုးကား ပြင်ဆင်ရန်
- သမိုင်းပါမောက္ခ ဒေါက်တာကျော်ဝင်း ရေး ညောင်ရမ်းမင်းသား၏ နောက်ဆုံးနေ့များနှင့် အခြားစာတမ်းများ၊ စာ-၁၅၅
- ဒဂုန်ခင်ခင်လေး၏ မြင်ကွန်းညီအစ်ကိုနှင့် ပတိမ်းမင်းသားပုံကန်မှု (အဋ္ဌာရသ မဂ္ဂဇင်း၊ အမှတ်တစ်)",,,,,,
<urn:uuid:5c2b036a-171b-4faf-9c73-f05a58342b72>,"ခင်ဦးမြို့
|ခင်ဦးမြို့|
|ကိုဩဒိနိတ်:|
|နိုင်ငံ||မြန်မာ|
|တိုင်းဒေသကြီး||စစ်ကိုင်း|
|ခရိုင်||ရွှေဘို|
|မြို့နယ်||ခင်ဦးမြို့နယ်|
|လူဦးရေ|
|• ကိုးကွယ်မှု||ထေရဝါဒ ဗုဒ္ဓဘာသာ|
|အချိန်ဇုန်||MST (UTC6:30)|
ခင်ဦးမြို့ သည် စစ်ကိုင်းတိုင်းဒေသကြီး၊ ရွှေဘိုခရိုင်၊ ခင်ဦးမြို့နယ်၏ မြို့နယ်ရုံးစိုက်ရာမြို့ဖြစ်သည်။ ရွှေဘိုမြို့၏မြောက်ဘက် ၁၄ မိုင်အကွာ စစ်ကိုင်းမြစ်ကြီးနား ရထားလမ်းပေါ်ရှိ ဘူတာရုံမြို့တစ်မြို့ ဖြစ်သည်။
မြန်မာနိုင်ငံအထက်ပိုင်းကို ဗြိတိသျှတို့ သိမ်းပိုက်ပြီး နောက် ၁၈၉၁ ခုနှစ်တဝိုက်တွင် ခြောက်ရွာ ကံသာရွာ၊ ညောင်ဇင်ဟူသော တိုက်နယ် ၃ တိုက်ကို တစ်ပေါင်းတည်း ပြု၍၊ ခြောက်ရွာမြို့နယ်ဟု သတ်မှတ်သည်။ ထိုမြို့နယ်၏ ရုံးစိုက်ရာဒေသမှာ ခင်ဦးမြို့ ဖြစ်သည်။ ယခုအခါမှမူ ခင်ဦးမြို့နယ်ဟု တွင်သည်။
ခင်ဦးမြို့သည် မူးမြစ်တစ်ဖက်ကမ်းရှိ ရေဦးမြို့မှ ၁၂ မိုင် ကွာဝေး၍ ထိုမြို့နှင့် ကတ္တရာခင်းကားလမ်း ပေါက်သည်။ ရွှေဘိုမြို့သို့လည်း မူးမြောင်းပေါင်ပေါ်ရှိ လမ်းမှ မော်တော် ကားများဖြင့် သွားလာနိုင်သည်။ ခင်ဦးမြို့တွင် မြို့ပိုင်ရုံး၊ ရဲဌာန၊ ကြေးနန်းနှင့် စာပို့တိုက်၊ ဈေးနှင့် စာသင်ကျောင်းများ ရှိသည်။ လူနေ အိမ်ခြေ ၅ဝဝ ကျော်ခန့် ရှိသည်။ ခင်ဦးမြို့ ပတ်ဝန်းကျင်ရှိ နယ်မြေတွင် ဆန်စပါး အကြီးအကျယ် စိုက်ပျိုးလုပ်ကိုင်၍၊ မြို့ပေါ်တွင် ဆန်စက်များ ရှိသည်။
အလောင်းဘုရားထံ သစ္စာမခံဘဲ ခြားနားသော ငချစ်ညိုစားခဲ့သည့် ရွာကြီးဖြစ်၍ မြန်မာနိုင်ငံသမိုင်းတွင် ထင်ရှားသော်လည်း၊ ကုန်းတွင်းကျခြင်း၊ ပူပြင်းခြောက်သွေ့၍ နွေအခါ ရေရှားခြင်းတို့ကြောင့် မစည်ကားလှချေ။ [၁]
ဝေဘူဆရာတော်ဘုရား၏မွေးရပ်ဇာတိဖြစ်သော အင်ကြင်းပင်ရွာ၏တောင်ဘက် ၂မိုင်ခန့်တွင်တည်ရှိသည်။ ခင်ဦးမြို့တွင်ဆန်စက်အကြီးစား(၇)လုံးခန့်ရှိပြီး ငါးပုံစက် ဟုခေါ်သောအသေးစားစက်များမှာအများအပြားရှိသည်။
ကိုးကား[ပြင်ဆင်ရန်]
- မြန်မာ့စွယ်စုံကျမ်း၊ အတွဲ(၂)",,,,,,
<urn:uuid:8dd9bad9-7b20-473b-9cc1-8dfe64a5ab82>,"ရော့ကီး တောင်တန်း
ရော့ကီးတောင်တန်းများသည် အမေရိကန်ပြည်ထောင်စု နှင့် ကနေဒါနိုင်ငံ တွင် ရှိသော တောင်တန်းများ ဖြစ်သည်။ ရော့ကီး တောင်တန်းများသည် အလာစကာ အနောက်မြောက်ဖက်မှ နယူးမက္ကဆီကို အထိ ဖြန့်ကျက် တည်ရှိပြီး မိုင်ပေါင်း ၃၀၀၀ကျော် (၄၈၀၀ ကီလိုမီတာကျော်) ရှည်လျားသည်။ ရော့ကီးသည် ပြတ်ရွေ့များ အချင်းချင်း တိုက်ခိုက်ခြင်းကြောင့် ဖြစ်ပေါ်လာသော တွန့်ခေါက်တောင်တန်းများ ဖြစ်သည်။ ရော့ကီးတောင်တန်းများသည် အနည်ကျကျောက် များဖြင့် ဖွဲ့စည်းထားသည်။ ရော့ကီးတောင်တန်းများတွင် အမြင့်ဆုံး တောင်ထိပ်မှာ အဲလ်ဘတ်တောင်ထိပ်ဖြစ်ပြီး ပင်လယ် ရေမျက်နှာပြင်ထက် ၁၄,၄၄၀ ပေ(၄၀၄၁ မီတာ) မြင့်ကာ အမေရိကန် နိုင်ငံ ကော်လိုရာဒို ပြည်နယ် တွင် တည်ရှိသည်။
ရော့ကီးတောင်တန်း[ပြင်ဆင်ရန်]
မြောက်အမေရိကတိုက် အနောက်ပိုင်းတွင် တောင်ကြီး တောင်ငယ် အသွယ်သွယ် နှင့် ဆီးနှင်းမပြတ် ဖုံးနေသော တောင်ထွတ်များပါဝင်သည့် တောင်တန်းရှည်ကို ရော့ကီး တောင်တန်းဟု ခေါ်သည်။ ရော့ကီးတောင်တန်းသည် တောင် ဘက်တွင် မက္ကဆီကိုနယ်စပ်မှ မြောက်ဘက်တွင် အလာစကာ ပြည်နယ်အထိ မိုင်ပေါင်း ၂၂ဝဝ ခန့် ရှည်လျား၍ အချို့နေရာ များ၌ မိုင် ၁ဝဝ ကျော် ကျယ်ပြန့်သည်။ ရော့ကီးတောင်တန်း နှင့် တောင်အမေရိကတိုက်ရှိ အန်းဒီးတောင်တန်းတို့သည် တောင်ဘက် ဟွန်းအငူမှ မြောက်ဘက် အာတိတ်စက်ဝိုင်းအထိ ရှည်လျားသောတောင်စဉ် တောင်းတန်း၌ အပါအဝင် ဖြစ်သည်။ ရော့ကီးတောင်တန်း တစ်လျှောက်တွင် အလွန်သာယာ သော ရှုခင်းများရှိသဖြင့် အမေရိကန်ပြည်ထောင်စုရှိ အမျိုးသား ဥယျာဉ်ခြံကြီး များစွာတို့ကို ထိုဒေသ၌ တွေ့ရသည်။ ယဲလိုး စတုန်း နေရှင်နယ်ပတ် နှင့် ကော်လိုရားဒိုးပြည်နယ်ရှိ ရော့ကီး မောင်းတိန်းနေရှင်နယ်ပတ်တို့မှာ ထင်ရှား၏။ ကိုလမ္ပီးယားမြစ်၊ မိဇူးရီ မြစ်၊ အာကင်ဆောမြစ်၊ ကော်လိုရားဒိုးမြစ်နှင့် ရီးအိုဂရန် ဒီမြစ်တို့သည် ရော့ကီးတောင်တန်းတွင် မြစ်ဖျားခံကြသည်။
ရော့ကီးတောင်တန်း တောင်ဘက်ပိုင်းတွင် မီးငြိမ်းတောင် များ ရှိသည်။ မြောက်ပိုင်းတွင် ရေခဲမြစ် များစွာ ရှိလေသည်။ ကော်လိုရားဒိုးပြည်နယ်တွင် တောင်နှင့်မြောက် ပြိုင်တန်းလျက် ရှိသော တောင်တန်းများစွာ ရှိသည်။ ထိုတောင်တန်းများ အကြား၌ မြက်ထူသော ချိုင့်ဝှမ်းများ ရှိ၏။ ပေပေါင်း ၁၂ဝဝဝ ခန့်မြင့်သော တောင်စောင်းတွင် တောင်ဆိတ်နှင့် သိုးများကို တွေ့ရသည်။ ရွှေ၊ ငွေ၊ ကြေးနီနှင့် ကျောက်မီး သွေး စသော တွင်းထွက်သတ္တုများကို တူးဖော်ရရှိသည်။ မက္ကဆီကိုနိုင်ငံတွင် ရော့ကီးတောင်တန်းသည် မက္ကဆီကို ပင်လယ်ကွေ့ ကမ်းစပ်မှ မတ်စောက်စွာ ထိုးထွက်ပြီးလျှင် မြောက်ဘက်သို့ နိမ့်ဆင်းသွားသည်။ ၁၈၆၉၆ ပေရှိသော အိုရိဇာဗာတောင်ထိပ်သည် ထိုအပိုင်းတွင် အမြင့်ဆုံးတောင်ထိပ် ဖြစ်၏။
အမေရိကန်ပြည်ထောင်စုတွင် ဝိုင်အိုးမင်းပြည်နယ်ရှိ ကုန်း ပင်မြင့်သည် ရော့ကီးတောင်တန်းကို တောင်နှင့်မြောက် ပိုင်း ခြားထား၏။ တောင်ပိုင်းတွင်ရှိသော ရော့ကီးတောင်စဉ်စုမှာ အမေရိကန်ပြည်ထောင်စု၌ အမြင့်ဆုံးနှင့် အကျယ်ပြန့်ဆုံး ဖြစ်သည်။ ကော်လိုရားဒိုးပြည်နယ်တွင် ပေ ၁၄ဝဝဝ ကျော် မြင့်သော တောင်ထိပ်များ ရှိသည်။ ထိုတောင်ထိပ်များအနက် ၁၄၄၃၁ ပေမြင့်သော အဲလဗတ်တောင်ထိပ်သည် ရော့ကီး တောင်တန်းတွင် ကနေဒါနိုင်ငံရှိ လိုဂန်တောင်ထိပ်မှ လွဲလျှင် အမြင့်ဆုံးတောင်ထိပ် ဖြစ်သည်။ အနောက် ဘက်စွန်းကျသော တက်ဆက်ပြည်နယ်၌မူ ပေ ၈ဝဝဝ ထက်မြင့်သော တောင် ထိပ်ဟူ၍ အနည်းငယ်မျှသာ ရှိသည်။ ကုန်းပြင်မြင့်၏ မြောက် ပိုင်းတွင် ရော့ကီးတောင်တန်းသည် အနောက်မြောက်ဘက်သို့ သွယ်တန်း လျက်ရှိပြီးလျှင် တောင်ပိုင်းအောက် အနည်းငယ် နိမ့်လေသည်။
ကနေဒါနိုင်ငံဘက်တွင် မြင့်မားသော တောင်ထိပ်များ ပေါ၍ ဆီးနှင်းထူသည်။ ရေခဲမြစ်များစွာရှိသည်။ ပေ ၁၉၈၅ဝ ရှိသော လိုဂန်တောင်ထိပ်သည် ရော့ကီးတောင်တန်းတွင် အမြင့် ဆုံး တောင်ထိပ်ဖြစ်သည်။ ကနေဒါနိုင်ငံ မြောက်ဘက်တွင် တောင်တန်းများ နိမ့်ဆင်းသွားရာ အလာစကာပြည်နယ် လွန်လျှင် ဆီးနှင်းမပြတ် ဖုံးနေသော တောင်ကုန်းများကိုသာ တွေ့ရလေသည်။[၁]
ကိုးကား[ပြင်ဆင်ရန်]
- မြန်မာ့စွယ်စုံကျမ်း၊ အတွဲ(၁၁)",,,,,,
<urn:uuid:756f0af6-2eb2-4b18-8592-58fe6b06298d>,"- အစီအစဉ် နှင့် ပရိုမိုးရှင်းများ
- Prepaid သုံးစွဲမှု
- Broadband အင်တာနက်
- နိုင်ငံတကာသုံး ဝန်ဆောင်မှု
- တယ်လီနောစတား
- ဖျော်ဖြေရေး
- ဟန်းဆက်များ
- Support
တယ်လီနောနဲ့အတူ သင့်ရဲ့ အနာဂတ်အလုပ်အကိုင်ကို ပုံဖော်လိုက်ပါ။ ပင်ကိုယ်စွမ်းရည်ရှိပြီး ကြိုစားချင်စိတ် ရှိသူများအား တယ်လီနောမှ အမြဲရှာဖွေနေပါတယ်။ပိုမိုသိရှိရန်
တယ်လီနောနှင့်ပတ်သက်ပြီး သိလိုသမျှကို မြန်မြန်ဆန်ဆန်သိရှိနိုင်ရန် တယ်လီနောရဲ့ တရားဝင် Facebook ပေ့ချ်မှတစ်ဆင့် မေးမြန်းနိုင်ပါတယ်။ခေါ်ဆိုရန်
သင်နဲ့အနီးဆုံး တယ်လီနော အရောင်းဆိုင်ကို ရှာဖွေနိုင်ပါတယ်။",,,,,,
<urn:uuid:e0df49d2-1e33-4898-ac35-f294109a05c0>,"စတားဂျင်ငါး
|Sturgeon|
Temporal range: Upper Cretaceous–Recent [၁]
|Atlantic sturgeon|
(Acipenser oxyrinchus oxyrinchus)
|သိပ္ပံနည်းကျ အမျိုးအစားခွဲခြင်း|
|လောက:|
|မျိုးပေါင်းစု:|
|မျိုးပေါင်း:|
|မျိုးစဉ်:|
|မျိုးရင်း:|
Acipenseridae
Bonaparte, 1831
|Subfamilies|
စတားဂျင်ငါး၏ ပုံပန်းမှာ ငဖောင်ရိုးနှင့် အလွန်တူသော် လည်း ငဖောင်ရိုးထက် များစွာ ဗလကောင်း၍ ကိုယ်အလေး ချိန်လည်း ပို၍စီးသည်။ ကိုယ်အခွံမှ အကြေးတို့သည် စုပေါင်း လျက် အလယ်ဗဟိုတွင် တုံးတိတိကြီးဖြစ်သည်။ ရှည်လျားချွန် ထက်သော နှာသီးရိုးရှိ၍ ပါးစပ်မှာ အလွန်သေးငယ်သည်။ ပါးစပ်အတွင်းဖက်၌ သွားများ မပါရှိချေ။ ရေထဲက အပင်များ နှင့် သတ္တဝါကလေးများကို စားသောက်သည်။ ရေကူးသည့် အခါ အလွန်လေးလံသဖြင့် ရေကူးသည်နှင့် မတူပဲ ရေထဲတွင် ဖြည်းည|င်းစွာ ဝပ်တွားသွားနေသည်နှင့် တူသည်။ ရေအောက် သဲပြင်ကို နှာခေါင်းဖျားရှိ ဦးမှင်ကြီး ၄ ခုဖြင့် မွှေနှောက်၍ အစာရှာလေ့ရှိသည်။ အစာကိုတွေ့လျှင် ပါးစပ်ကို ကတော့ သဖွယ် ပြုလုပ်ပြီးသော် စုတ်ယူမျိုသွင်းတတ်သည်။ စတားဂျင် ငါးမျိုးမှန်လျှင် ပင်လယ်ထဲတွင်သာ အနေများသည်။ သို့သော် လည်း အချို့ စတားဂျင်ငါး များမှာမူ ၅ ပေမှ ၇ ပေအထိ ရှည်လျားသည်။ ဤငါးမျိုးကို မြောက်အမေရိကတိုက် ဂရိတ် လိတ်ဒေသ၌ တစ်နှစ်ပတ်လုံး တွေ့ရသည်။ စတားဂျင် ငါးမျိုး အားလုံးတို့၏ နေရင်းဇာတိမှာ ပင်လယ်သမုဒ္ဒရာ ဖြစ်သည်။ ပင်လယ်ကမ်းခြေ တစ်လျှောက် သို့မဟုတ် ပင်လယ်အော် ပင်လယ်ကွေ့ စသည်တို့တွင်သာ အများအားဖြင့် နေလေ့ရှိ သည်။ သို့သော်လည်း နှစ်စဉ်နှစ်တိုင်းပင် နွေဦးကာလ ကျရောက်သောအခါ စတားဂျင်ငါးတို့သည် ပင်လယ်ရေကို စွန့်ခွာပြီးသော ချောင်း၊ မြောင်း၊ အင်း၊ အိုင် စသော ရေချို ရှိရာ အရပ်ဒေသများသို့ သွားရောက်၍ လအနည်းငယ်မျှ နေတတ်ကြသည်။
စတားဂျင်ငါးမျိုး မြောက်မြားစွာ ရှိသည်။ အမျိုးများ သလောက် အရွယ်အစားလည်း လွန်စွာပင် ခြားနားသည်။ ပင်လယ်နက်နှင့် ကက်စပျန်ပင်လယ် အနီးအနားတွင် တွေ့ရ သော စတားဂျင်ငါးမှာ ၂၄ ပေမျှ ရှည်လျား၍ အလေးချိန် ပေါင် ၂,ဝဝဝ မျှ စီးသည်။ ကြီးမားသော စတားဂျင်ငါးများကို တွေ့ရသည့်နည်းတူ သေးငယ်သော စတားဂျင်ငါးများကိုလည်း တွေ့ရ၏။ စတားဂျင်ငါးကလေးမျိုးသည် အလျား ၃ ပေခန့်မျှ သာ ရှိသည်။ ယခုအချိန်ထိ ကျွန်ုပ်တို့ သိရှိရသလောက် စတားဂျင်ငါးမျိုးသည် အလျားပေ ၃ ပေခန့်မျှသာ ရှိသည်။ ယခုအထိ ကျွန်ုပ်တို့သိရှိရသလောက် စတားဂျင်ငါးမျိုးထဲတွင် ရုရှစတားဂျင် ငါးကလေးမျိုးသည် အကြီးမားဆုံးဖြစ်သည်။ ရုရှစတားဂျင်ငါးမှာ ပေါင်ချိန် ၃,ဝဝဝ အထိပင် စီးသည်။ စတားဂျင်ငါးသည် ပင်လယ်အတွင်းမှ မြစ်၊ ချောင်း သဲကမ်းပါးပေါ်သို့ လာရောက်၍ ဥအုလေ့ရှိသည်။ စတားဂျင် ငါးမသည် တစ်ရာသီအတွင်း ဥပေါင်း ၃,ဝဝဝ,ဝဝဝ မျှအထိ အုသည်။ သို့သော်လည်း မြစ်ထဲရှိ အခြားငါးသတ္တဝါများက စားပစ် လိုက်၍ ဥအများအပြား ပျက်စီးကြရကုန်သည်။
ထိုကြောင့် အုသလောက် အဖတ်မတင်ဘဲရှိသည်။ ပေါက်ပွား လာသည့် အခါတွင်လည်း ငါးကလေးများကို ငါးကြီးများက စားပစ်လိုက်ကြပြန်ရာ ငါးကလေးဦးရေမှာ အတော်ပင် နည်း သွားသည်။ စတားဂျင်ငါးသည် ရေချိုအရပ်တွင်နေရန် နှစ်သက် သည့်အလျောက် တစ်သက်လုံး မြစ်ထဲ၌ပင် နေတတ်ကြ သည်။ သို့သော် စတားဂျင်ငါး များစွာတို့သည် ဆောင်းဥတု မတိုင်မီ ဇာတိဖြစ်သော ပင်လယ်သမုဒ္ဒရာအတွင်းသို့ မရောက် ရောက်အောင် ပြန်သွားတတ်ကြသည်။
ငါးအပေါင်းတို့သည် စတားဂျင်ငါးသည် အလွန်အဖိုးထိုက် တန်သည်။ အဘယ်ကြောင့်ဆိုသော် စတားဂျင်ငါးဥများကို ကောင်းစွာ ဆေးကြောပြီးနောက် ဆားစိပ်၍ ငါးဥဆားနယ် ပြုလုပ်နိုင်သောကြောင့် ဖြစ်သည်။ ထိုမျှသာမက ဂျယ်လတင် ကိုလည်း စတားဂျင်ငါး၏ လေအိတ်မှ ထုတ်ယူနိုင်သေးသည်။ စတားဂျင်ငါးမှ အိုက်စင်ဂလပ်(ငါးစည်းဖောင်းကော်တစ်မျိုး) ကိုလည်း ရသည်။ စတားဂျင်ငါးငါး၏လေအိတ်မှ ရှည်လျား၍ ငွေရောင်ထနေသည်။ ထိုလေအိတ်များကြောင့်ပင် စတားဂျင်ငါး တို့သည် လွယ်ကူစွာဖြင့် ရေပေါ်သို့ပေါ်လာနိုင်၊ ရေအောက်သို့ မြုပ်သွားနိုင်ကြသည်။ စတားဂျင် ငါးဥဆားနယ်မှာ အရသာ ကောင်းလှသဖြင့် တစ်ခါစားဘူးလျှင် စတားဂျင်ငါးကို အမှတ်ရ လျက် ရှိတတ်သည်။ [၂]
ကိုးကား[ပြင်ဆင်ရန်]
- တမ်းပလိတ်:FishBase family
- မြန်မာ့စွယ်စုံကျမ်း၊ အတွဲ(၃)",,,,,,
<urn:uuid:080a907f-7347-4682-bafc-d18ac83a4742>,"ခတ္တာနန်း – ပြည်တောင်စုအစိုးရ ငြိမ်းချမ်းရေး ဖော်ဆောင်ရေးလုပ်ငန်းကော်မတီ (UPWC) ၏ နည်းပညာ အထောက်အကူပြု အဖွဲ့ (Techical Team) နှင့် ညီညွတ်သော တိုင်းရင်းသားလူမျိုးများ ဖက်ဒရယ်ကောင်စီ (UNFC) ၏ နည်းပညာ အထောက်အကူပြု အဖွဲ့တို့ ယခုလ ၁၃ ရက်နေ့တွင် နိုင်ငံရေးဆိုင်ရာ ညှိနှိုင်းဆွေးနွေးနိုင်ရေးအတွက် အကြိုတွေ့ဆုံဆွေးနွေးရန်ရှိကြောင်း UNFC အထွေထွေအတွင်းရေးမှူး နိုင်ဟံသာက ပြောသည်။နိုင်ဟံသာက “ အဓိက ဒီမှာဆွေးနွေးဖြစ်မှာကတော့ ငြိမ်းချမ်းရေး တည်ဆောက်တဲ့နေရာမှာရော နိုင်ငံရေးဆွေးနွေးတဲ့အခါမှာပါ ငြိမ်းချမ်းရေးဆွေးနွေမှုလမ်းပြမြေပုံကို နှစ်ဖက်နားလည်သဘောတူကြဖို့ အတွက်ကို ဆွေးနွေးသွားမှာပါ၊ အရေးကြီးတာက အမြင်မတူကြဘူးဆိုရင် ရေရှည်သွားဖို့ ဘယ်လိုမှ မဖြစ်နိုင်ဘူး” ဟူ ပြောသည်။
နိုင်ငံရေးဆိုင်ရာ နှစ်ဖက်ညှိနှိုင်းဆွေးနွေးပွဲအတွင်း ပြည်တွင်းပြည်ပမှ စောင့်ကြည့်လေ့လာသူများ၊ ကြားဝင်ပုဂ္ဂိုလ်များနှင့်၊ ဆွေးနွေးပွဲလုပ်မည့် အစီအစဉ်များကို ယခုအကြိုဆွေးနွေးပွဲတွင် ထည့်သွင်းညှိနှိုင်းသွားမည်ဖြစ်ကြောင်း နိုင်ဟံသာက ဆက်ပြောသည်။
ယင်းအကြိုဆွေးနွေးပွဲတွင် ပြည်ထောင်စုအစိုးရ၏ ငြိမ်းချမ်းရေးဆိုင်ရာမူ (၈)ချက် နှင့် UNFC ၏ ငြိမ်းချမ်းရေးဆိုင်ရာ နိုင်ငံရေးလုပ်ငန်းစဉ် ( ၆ ) ချက် တို့ကိုလည်း ဆွေးနွေးသွားမည်ဖြစ်ကြောင်း သိရသည်။
နိုင်ဟံသာက “ ကျနော်တို့အနေနဲ့ လက်နက်စွန့်ပြီး ရွေးကောက်ပွဲ ဝင်ဖို့ဆိုတာ လုံးဝမဖြစ်နိုင်ဘူး၊ အစိုးရက တိုင်းရင်းသားလက်နက်ကိုင်တွေကို လက်နက်စွန့်ပြီး သာမန်ပြည်သူလူထုတွေလို နေစေချင်တယ်၊ ကျနော်တို့က သူတို့ချမှတ်တဲ့စည်းမျဉ်းဥပဒေတွေကို လက်မခံနိုင်တဲ့အတွက် အခုလို တော်လှန်နေရတာပါ၊ ဒါကြောင့် နှစ်ဖက်နားလည်မှုရဖို့အတွက် နည်းလမ်းရှာသွားကြမှာပါ” ဟု ပြောသည်။
ပြည်ထောင်စုအစိုးရ၏ ငြိမ်းချမ်းရေးဆိုင်ရာမူဘောင်များထဲမှ ပါတီထူထောင်၍ ရွေးကောက်ပွဲဝင်ရန်ကိစ္စနှင့် ပတ်သက်၍ မိမိတို့ UNFC အနေနှင့် လက်မခံနိုင်ကြောင်း၊ လွှတ်တော်ပြင်ပ၌သာ ပြဿနာကို ဖြေရှင်းလိုကြောင်း၊ ပါတီထူထောင်၍ ရွေးကောက်ပွဲဝင်ရန်အတွက်လည်း လုပ်ဆောင်မည်မဟုတ်ကြောင်း နိုင်ဟံသာက ဆက်ပြောသည်။
မြန်မာစာနယ်ဇင်သမဂ္ဂ ဒု-ဥက္ကဌ ဦးဇင်လင်းက “ ပြည်ထောင်စုအစိုးရရဲ့ ငြိမ်းချမ်းရေးဆိုင်ရာမူ နဲ့ UNFC ရဲ့ ငြိမ်းချမ်းရေးဖော်ဆောင်မှုလမ်းပြမြေပုံက အချက်တွေဟာ အရမ်းကို ကွာဟချက်တွေများနေတယ်၊ ဒါကို ညှိဖို့ ဆိုတာ အချိန်အတော်လေးကို ယူရပါမယ်” ဟု ပြောသည်။
ပြည်ထောင်စုအစိုးရ၏မူဘောင်များအနက် လက်နက်စွန့်လွှတ်၍ ပါတီထူထောင်ရေးကိစ္စ၊ ရွေးကောက်ပွဲဝင်ရေးကိစ္စ၊ ဖွဲ့စည်းပုံကိုလွှတ်တော်အတွင်းပြင်ဆင်ရေးကိစ္စများ ပါဝင်ပြီး၊ UNFC ၏ လမ်းပြမြေပုံတွင် တိုင်းရင်းသားအားလုံးပါဝင်၍ လူမှုအခြေပြု CBO အဖွဲ့များ၊ အမျိုးသမီးအဖွဲ့များနှင့် လူငယ်အဖွဲ့များအားလုံး ပါဝင်သည့် ညီလာခံတရပ်လုပ်ဆောင်ရန်နှင့်၊ လွှတ်တော်ပြင်ပတွင်သာ အခြေခံဥပဒေဖွဲ့စည်းပုံ ပြန်လည်ပြင်ဆင်ရေးများပါဝင်ကြောင်းဖြစ်သည့်အတွက် ယင်းလမ်းပြမြေပုံ ၂ ခုအတွက် သဘောတူညီမှုရရှိရန် ခက်ခဲကြောင်း ဦဇင်လင်းက သုံးသပ်သည်။
ယခုအကြိုတွေ့ဆုံမှုတွင် UNFC ၏ နည်းပညာအထောက်အကူပြူအဖွဲ့ကို ဗဒိုမန်းမန်းမှ ဦးဆောင်မည် ဖြစ်ကြောင်း၊ ပြည်ထောင်စုအစိုးရငြိမ်းချမ်းရေး ဖော်ဆောင်ရေး လုပ်ငန်းကော်မတီ UPWC ၏ နည်းပညာအထောက်အကူအပြုအဖွဲ့အား ဦးလှမောင်ရွှေမှ ဦးဆောင်ပြီး အဖွဲ့တစ်ဖွဲ့တွင် ခြောက်ဦးခန့် ပါဝင်မည်ဖြစ်ပြီး ယခုလ ၁၃ ရက်နေ့တွင် ထိုင်းနိုင်ငံတစ်နေရာ၌ တွေ့ဆုံကြမည် ဖြစ်ကြောင်း သိရသည်။",,,,,,
<urn:uuid:c874b689-ea5b-4399-9095-a4903ff25906>,"သွယ်လျတဲ့ အမိုက်စား ခန္ဓာကိုယ်လေးကို ပိုင်ဆိုင်ထားတဲ့ ဆက်ဆီ သဇင်ဦးကိုသိကြမယ် ထင်ပါတယ်။ဆွဲမက်ဖွယ်ရင်သပ်ရှုမောစရာ အမိုက်စားပုံရိပ်လေးတွေနဲ့ ပုရိသတွေရဲ့ရင်ကို ဆွဲဆောင်ညို့ယူထားတဲ့ အလန်းစား မော်ဒယ် သရုပ်ဆောင်လေးဖြစ်ပါတယ်။သွယ်လျ ပြေပြစ်တဲ့ ခန္ဓာကိုယ်နဲ့အတူ လှပကြည်လင်တဲ့ အသားအရေကိုပါ ပိုင်ဆိုင် ထားပြီး ဆက်ဆီကျတဲ့ သူမရဲ့ အမိုက်စားပုံတွေနဲ့ ညို့အားပြင်းပြင်း ဆွဲဆောင်နိုင်သူလေ းလည်းဖြစ်ပါတယ်။
သူမရဲ့ အမိုက်စားပုံရိပ် နဲ့ ဆက်ဆီ ကျကျ ဗီဒီယိုလေးတွေ ကို လူမှုကွန်ယက်ဖေ့ဘွတ်ပေါ်တွင် အများဆုံးတင်လေ့ရှိတာလည်းတွေ့ရပါတယ်။ လတ်တလောမှာတော့ သူမ ရဲ့ အမိုက်စားအလှတရားတွေနဲ့ ညို့ယူဖမ်းစားထားတဲ့ အလန်းစား ပုံလေးကို ဖော်ပြထားတာတွေ့ရပါတယ်။ ပုံလေးဟာ ကြည့်ရှုသူတွေများပြားခဲ့တာဖြစ်ပြီး ပုရိသတွေအများဆုံး ဝန်းရံခြင်း ခံနေရတာလည်းဖြစ်ပါတယ်။
ပုံလေးထဲမှာ သဇင်ဦးတစ်ယောက် ဆွဲဆောင်မှုမှုရှိရှိ နဲ့ လှရက်လွန်းနေ တာလည်း ဖြစ်ပါတယ်။သူမရဲ့ အမိုက်စား ခန္ဓာကိုယ်အလှကတော့ မြင်သူတိုင်း ငေးလောက်အောင်ကို ညို့ယူဖမ်းစားနေတာအမှန်ပဲဖြစ်ပါတယ်။ချစ်ပရိသတ်ကြီးလည်း သဇင်ဦး ရဲ့ အမိုက်စား ပုံလေးကို ကြည့်ရှုနိုင်စေရန် ဖော်ပြပေးလိုက်ပါတယ်။
Source & Photo Credit : Ei Sabal Phyu & Thazin Oo Facebook Account",,,,,,
<urn:uuid:d76bc9b6-40c6-4a48-9532-83f595dd75ec>,"kopauk mandalay ကိုပေါက် မန္တလေး has not received any gifts yet
“လှည့်ကွက် ဟုတ်၏ ………မဟုတ်၏”
မဆလ ခေတ်အစက နေပြီး
ရှစ်လေးလုံးမတိုင်ခင်ကျနော်တို့ကျောင်းသားဘ၀ ကစ လို့
လူလတ်ပိုင်းအရွယ် အထိ
ကြိုက်သည်ဖြစ်စေ မကြိုက်သည်ဖြစ်စေ
ပါး စပ် ပိတ် နုတ်ပိတ်နေခဲ့ကြ ရ ပါ တယ်။
ကျနော်တို့ဘာကိုမှ
ပြန်ပြောခွင့် မရှိ။
ဝေဖန်ပိုင်ခွင့်မရှိ။
မေးမြန်းခွင့်မရှိ။
ရွေးချယ်ပိုင်ခွင့်မရှိ။
ငြင်းပယ်ပိုင်ခွင့် မရှိ။
မရှိဆို ဘာမှ…Continue
“ကန်တော့ ရသော အကျိုး အားေ ကြာင့်”
ဒီနှစ် သ င်္ကြန် တွင်း က တော့ ဦး အောင် မောင်း အ ဖို့ ပျင်း စ ရာေ ကာင်း လှ ပေ သည်။
ဦးအောင် မောင်း ဆီ ကို ခါ တိုင်း လို လာ သော ဧည့် သည် မရှိ။
တပည့် တပန်း များ က လဲ မလာ ကြ။
ဧည့် သည် မ လာ တော့ ဧည့် ခံ စ ရာ မ လို။
အချိန် တွေ ပို နေသည်ပေါ့။
တပည့် တပန်း များ လဲ မ လာ ကြတော့ ဟို အ ကြောင်း ဒီ အကြောင်း ပြော
စ ရာ မလို။
လက် ဖက် ရည် ဆိုင် ဖြစ် ဖြစ် ဘီယာ ဆိုင်ဖြစ် ဖြစ် သွား ဘို့ မလို။
ဒီ တော့ အချိန် တွေ ပို နေ သည်…
“မ မှီ စ ကောင်း ……………မှီ စကောင်း ”
တ ရုပ် နှစ် သစ် ကူး ရက် က ကျ နော် တို့ အ လုပ် လဲ ပိတ် ပါ တယ်။
ဒီ တော့ မ ရောက် တာ ကြာ တဲ့ ပြင် ဦး လွင် ကို ဆိုင် ကယ် နဲ့  တက် ဖြစ် ပါ တယ်။
မ ဟာ အံ့ ထူး ကံ သာ ဘု ရား ကြီး ကို အ ရင် ၀င် ဖူး ပြီး တော့ မြို့ ထဲ က မိတ် ဆွေ အိမ် ကို ၀င် ပြီး မာကြောင်း သာ ကြောင်း လေး ပြော ပြီး ပြန်ခဲ့ ပါ တယ်။
အဲ ဒီ က အ ပြန် မှာ တော့ ကန် တော် ကြီး အမျိုး သား ဥ…Continue
Like us on Facebook",,,,,,
<urn:uuid:507faa50-99f2-4ee8-96e5-e107b04ba8b0>,"ဘလော့ဂါဆိုတော့လည်းရေးလိုက်အုံးမှ ဘလော့ဒေးအကြောင်း ။ အမှန်ကတော့ ဘလော့ဒေးအကြောင်းရေးတိုင်း ကိုယ့်မှာ ဆဲခံရတာများတယ် ဘာကြောင့်ဆို ကိုယ်က အမှတ်သညာကြီးလေတော့ ဘလော့နဲ့ပက်သက်ပြီးတော်တော်များများကိုအမှတ်ရနေတတ်တယ် ဘယ်သူကတော့ ကိုယ့်ကော့မန့်ကို ပထမဆုံးဖျက်တဲ့သူ ဘယ်သူကတော့ဖြင့် ဘယ်လိုဆိုတာကိုပေါ့ ဒီမနက် ကိုရန်အောင် က ရေးပါ ဆိုလို့ထပ်ရေးပါတယ် ။
ဘလော့ကို ၂၀၀၇ နိုဝင်ဘာလောက်မှာရေးတယ် ကိုယ်သိပ်ခိုက်ခဲ့တဲ့ ဘလော့တွေက ကိုစေးထူးနဲ့ မနိုင်းနိုင်း ခုတော့သူတို့တွေ မရေးကြတော့ဘူးရယ် သူတို့ရေးတဲ့ ဘလော့ကစာတွေ ပြန်လွမ်းတယ် ။ စရေးကတည်းကနေ ခုထိ ခင်ခင်မင်မင်နဲ့ အဆက်သွယ်မပြတ်ပဲရှိနေကြသေးတာက ကျနော်သိပ်ချစ်တဲ့ ကိုတင့် (တင့်ထူးရွှေ ) ၊ နဲ့ မလေးအိမ့်ချမ်းမြေ့ ( ခဏခဏသူ့ကိုစိတ်ဆိုး ဂျစ်ကျတတ်တယ် အဲ့လိုလုပ်လည်း သူက မသိလေတော့ ကိုယ်ပဲပြန်ပြေရတာပဲ ) ။ ဘလော့ဒေးအကြောင်းရေးတိုင်း ကိုယ့်ကို အမှတ်ရရှိတဲ့သူ မရှိဖူးထင်ရပေမယ့် ကိုအောင် (ပျူ) ကတော့ ကိုယ့်ကိုမှတ်မှတ်ရရ ထည့်ရေးပေးတဲ့ အ တွက်လည်းကျေးဇူးတင်တယ် ။ခုနောက်တစ်ခေါက်ပြန်ရေးပြီးမှ ခင်မင်လာတာက ကိုညီလင်း ၊ ကိုဏီလင်းညို နဲ့ ကိုကမာ သူတို့စာတွေကောင်းတယ် သူတို့ကိုလည်းခင်တယ်။
မပန်ဒိုရာ၊ ကိုရန်အောင်တို့ အချက်လက်စုံစုံနဲ့ ဘလော့ဒေးအကြောင်းရေးထားတာတွေဖတ်ပြီး ရေးခါစ အချိန်တုန်းကလို သွေးတွေတောင်ပြန်ဆူလို့ အပျော်တွေပြန်ကူးစက်သွားတယ် ။ ဘလော့တွေ ဘာလို့ ငြိမ်သွားကြပါလိမ့် ဖေ့ဘွတ်ကြောင့်များလား သိပ်တော့မဆိုင်ဘူး ရယ် ဘလော့ဟာ ကိုယ့်အတွက်တော့ သိပ်လှတဲ့ တန်ဖိုးရှိ အိမ်က ဇနီးတစ်ယောက်ပါ ဖေ့ဘွတ်ကတော့ကိုယ့်အတွက် သိပ်ပြုစားနေတဲ့ ဆယ်ကျော်သက်မလေးပေါ့ သူ့ရဲ့ မတည်မြဲခြင်းတွေ ကို သိထားတာမို့ အချိန်တန်ရင်တော့ ကိုယ်အချစ်ဟောင်းဆီပြန်မယ် ။ အိမ်ကဇနီးက သူ့ကိုပစ်ထားလို့ မောင်ပစ်ထားရက်လေခြင်းရယ်လို့လည်းသူက ကိုယ့်ကိုမဆူပူဘူး ပြိးတော့ ကိုယ်ထားထားခဲ့တုန်းက အတိုင်းပဲသူက မိတ်ကပ်လည်းမလိမ်ဘူး ဆံပင်လည်းမကောက်ဘူး ဖေ့ဘွတ်ဆိုတဲ့ ဆယ်ကျော်သက်မလေးတော့ ခဏခဏကို အပြင်ခံနေရတော့တာ သိပ်မကြိုက် ဒါါပေမယ့်လည်းသူက စွဲမက်စေတော့လည်း ဒီကောင်က တ၀ဲလည်လည်ပါပဲ ။
အရင်ကဆို ကိုယ်တိုင်တောင် တစ်လကို ပို့စ်၂၀ လောက်ရေးဖြင့်ရာကနေ ခုတစ်လကို ၂ ပုဒ်တောင် အနိုင့်နိုင်ဆိုတော့ ဘာကြောင့်ဆိုတာ မသိဘူးရယ် အမှန်ကတော့ မအားဘူးဆိုတာလည်း ဆင်ခြေပါပဲ ။ အရင်က ၀ယ်ခဲ့တဲ့ ငါးခြောက်ကြော် ခွေးချီသွားတဲ့အကြောင်းတောင် ဘလော့မှာပို့စ်ရေးသေးတယ် ။ ခုတော့ စာရေးဖို့ တော်တော်ကြီးကို အရှိန်ယူရတော့တာ ဘာပဲဖြစ်ဖြစ် ဘလော့ကို အရင်လိုစည်စည်ကားကားလေးပြန်ဖြစ်စေချင်တာကတော့အမှန်ပဲ ကိုယ်စာမရေးတော့တုန်းက စာရေးဖို့ တိုက်တွန်းကြတဲ့သူငယ်ချင်းတွေကိုလည်း သူတို့ကိုယ်တိုင်ပါ ဘလော့မှာ စာပြန်ရေးစေချင်မိတယ် ။
ဘလော့သက်တမ်းအရှည်ကြီးးရှိပေမယ့် ဖြစ်ဖြစ်မြောက်မြောက် ဘာမှမဖြစ်လာသေးတဲ့ ဘလော့ဂါကို ပြပါဆိုရင် ကိုယ်ကိုယ်တိုင်ပဲ ပြရမယ်ထင်တယ် ။ စာလုံးပေါင်းတွေလည်းမှားတုန်း ပေါက်ကရ အလွဲတွေလည်းရေးတုန်း ။ စာပေလောကကြီးထဲ ခြေကော လက်ကော ပစ်ဝင်လိုက်ကြတဲ့ေ၇းဖော်ရေးဖက်တွေကို ကြည့်ပြီး သာဓု မခေါ်ပေးနိုင်ပဲ သူတို့တွေ ကိုယ်နဲ့ တစ်ဖြည်းဖြည်းဝေးပြီး အုပ်စုကလေးလို ဖြစ်သွားကြတာကိုလည်း ကိုယ့်မှာ ၀မ်းနည်းမဆုံးဖြစ်လို့ ကိုယ်ကတော့ တစ်ယောက်တည်းရယ် ။ ဒါပေမယ့် ၀မ်းသာကျေနပ်စရာလေးတစ်ခုက တစ်ခါတလေကိုယ်သတိမထားမိပေမယ့် ကိုယ့်စာတွေကို ဖတ်နေကျတ်ိတ်တဆိတ်မိတ်ဆွေတစ်ချို့က ကိုယ်ရေးတဲ့ စာတော်တော်များများကိုမှတ်မိပြီး အားပေးစကား ဆိုလာတဲ့ အခါ တကယ့်ကိုပဲ ကျေနပ်ပီတိဖြစ်မိလို့ ကျေးဇူးတင်မိတယ်။
ဘလော့ဂါတွေဆက်ရှိနေအုံးမှာပါ ဘလော့ဂါတွေ ဘယ်လိုပင်ငြိမ်ငြိမ် တစ်နေ့တော့ ဘလော့တွေ ပြန်လည်ရှင်သန်လာအုံးမှာပါ ကိုယ်ကတော့ ဘလော့ဂါဆိုတဲ့ နာမ်စားလေးတစ်ခုကို မြတ်နိုးတန်ဖိုးထားတုန်း သူ့ကြောင့် ဘ၀ရဲ့ အမှတ်တရ မိတ်ဆွေတွေရလိုက်သလို သူ့ကြောင့် အပြင်မှာ တွေ့ချင်မှတွေ့နိုင်မယ့် သင်ခန်းစာတစ်ချို့ကိုလည်း ရလိုက်တယ် ဘာပဲဖြစ်ဖြစ် ဘလော့ဂါဖြစ်ခွင့်ရတာကို ဂုဏ်ယူလျှက် မိတ်ဟောင်း မိတ်ဆွေများကို ခင်မင်စွာဖြင့် ဘလော့ရပ်ဝန်းလေး သာသာယာယာပြန်ဖြစ်ကြဖို့ စာတွေပြန်ရေးကြပါစို့လို့ တိုက်တွန်းရင်း ……
HappyBlogDay
We are Blogger
Fighting အားရိုး အားရိုးးးးး :)",,,,,,
<urn:uuid:15137019-b2bc-463b-8b0b-2b90f9d530d1>,"ဒါကာမြို့
ဒါကာမြို့သည် ဘင်္ဂလားဒေ့ရှ်နိုင်ငံ၏ မြို့တော် ဖြစ်ပြီး ဒါကာပြည်နယ်၏ မြို့တော်လည်း ဖြစ်သည်။ ဒါကာ သည် မက်ဂါမြို့တော် အဆင့်ရှိသော မြို့တော်တစ်ခုဖြစ်ပြီး အာရှတောင်ပိုင်း၏ အရေးပါသော မြို့တစ်မြို့လည်း ဖြစ်သည်။ ဒါကာမြို့တော်နှင့် ၎င်း၏ မက်ထရိုပိုလစ်တန် ဒေသတို့သည် ဘူရိဂန်ဂါမြစ်ကမ်းပေါ်တွင် တည်ရှိသည်။ ၂၀၁၁ ခုနှစ်တွင် လူဦးရေ ၁၆ သန်းမျှ ရှိပြီး ဘင်္ဂလားဒေ့ရှ်နိုင်ငံ၏ အကြီးဆုံးမြို့အဖြစ် တည်ရှိသည်။ ကမ္ဘာပေါ်ရှိမြို့ကြီးများတွင် နဝမမြောက် အကြီးဆုံးဖြစ်ပြီး လူဦးရေ အသိပ်သည်းဆုံးမြို့များတွင် အဆင့် ၂၈ ရှိသည်။ ဒါကာမြို့ကို ဗလီများ၏မြို့တော် ဟုလည်း ခေါ်ဝေါ်လေ့ ရှိကြသည်။ မြို့တော်၏ လမ်းများပေါ်တွင် ဆိုက်ကားစီးရေ ၄ သိန်းမျှ နေ့စဉ်သွားလာနေသဖြင့် ကမ္ဘာ့ဆိုက်ကားမြို့တော် ဟုလည်း ခေါ်ကြသည်။",,,,,,
<urn:uuid:b765c7a6-7bb3-4a9c-b508-6eb83f13761a>,"ဆေးလိပ်နံ့ နံခြင်းကို ပျောက်စေနိုင်မယ့် နည်းလမ်းကောင်းများ
အမျိုးသားဖြစ်သူ ဆေးလိပ်သောက်တာကြောင့် တအိမ်လုံးမှာ ရှိတဲ့ ပစ္စည်းတွေ ဆေးလိပ်နံ့ နံနေတာမျိုးက စိတ်ညစ်စရာကောင်းပါတယ်။ ကားပေါ်မှာလည်း ဆေးလိပ်အနံ့တွေချည်း ဖြစ်နေတာတွေကို ပျောက်အောင် လုပ်လို့ ရမယ့် နည်းလမ်းတွေ ရှိပါတယ်။ အခုဖော်ပြပေးမယ့် နည်းလမ်းတွေက ဆေးလိပ် အနံ့တင်မကဘဲ ထမင်း၊ ဟင်း ချက်တဲ့အခါ နံနေတဲ့ ဟင်းနံ့တွေကိုပါ ပျောက်စေမှာ သေချာပါတယ်။
(၁) ပန်းသီး
ပန်းသီးဟာ အနံ့စုပ်တဲ့ နေရာမှာ ဆရာတဆူလို့ ဆိုနိုင်ပါတယ်။ ပန်းသီးကို အစိတ်လေးတွေ ဖြစ်အောင် လှီးပြီး နံတယ်လို့ ယူဆရတဲ့ နေရာတွေမှာ ထားလိုက်ပါ။ နောက်တနေ့ မနက်မှာ အနံ့တွေ ပျောက်ကင်းနေတာကို တွေ့ရပါလိမ့်မယ်။
(၂) ရှာလကာရည်
ရှာလကာရည်ကလည်း ဆေးလိပ်နံ့ကို ပျောက်ကင်းစေပါတယ်။ ရှာလကာရည်ကို ရေအနည်းငယ်ရောပြီး အိုးထဲမှာ ဆူပွက်တဲ့ အထိထားပါ။ ထွက်လာတဲ့ အငွေ့တွေဟာ အနံ့ဆိုးတွေကို ပျောက်ကင်းစေပါလိမ့်မယ်။ နောက်တနည်းကတော့ ရှာလကာရည်ကို ရေနွေးနဲ့ရောပြီး ကြမ်းပြင်နဲ့ နံနေတဲ့ နေရာတွေကို လိုက်သုတ်ရုံပါပဲ။ တကယ်လို့ သင့်ရဲ့ အင်္ကျီတွေက ဆေးလိပ်နံ့ နံနေမယ်ဆိုရင်တော့ အဝတ်လျှော်တဲ့ အခါ ရှာလကာရည် အနည်းငယ်ကို ထည့်ပြီး လျှော်လိုက်ပါ။
(၃) မုန့်ဖုတ်ဆိုဒါ
မုန့်ဖုတ်ဆိုဒါကိုတော့ ဆိုဖာတွေနဲ့ ကားထဲက နံနေတဲ့ အနံ့တွေကို ပျောက်ကင်းအောင် ပြုလုပ်နိုင်ပါတယ်။ မုန့်ဖုတ်ဆိုဒါ တွေကို နံနေတဲ့ နေရာတွေမှာ ဖြန်းပြီး ၁၂နာရီကနေ ၂၄ နာရီအထိ ထားပါ။ ကလေးတွေနဲ့ အိမ်မွေးတိရစ္ဆာန်တွေကို သတိထားကြည့်ရှုဖို့တော့ လိုအပ်ပါတယ်။
(၄) ကော်ဖီ
ကော်ဖီဟာလည်း အနံ့ဆိုးတွေကို ပျောက်ကင်းစေနိုင်ပါတယ်။ တကယ်လို့ သင်ဟာ နေ့တိုင်း ကော်ဖီဖျော်သောက်နေကျ ဆိုရင်တော့ သင့်မီးဖိုချောင်ထဲက ဟင်းနံ့တွေကို ရှင်းပြီး ဖြစ်နေမှာပါ။ နှပ်ကော်ဖီ သောက်ပြီး ကျန်တဲ့ အဖက်တွေကို ပန်းကန် တခုထဲထည့်ထားပြီး ဆေးလိပ်နံ့ နံတဲ့ နေရာတွေမှာ ထားပေးခြင်းဖြင့်လည်း ဆေးလိပ်နံ့နံတာကို ပျောက်ကင်းစေပါလိမ့်မယ်။
Ref. tipsandtrick
You May Also Like These Stories:",,,,,,
<urn:uuid:81701669-fcde-4e7f-8ed4-b693c4ca2af0>,"တရုတ်၌ ဖျော်ဖြေရေးနှင့် စီးပွားရေးဆိုင်ရာ ဝန်ဆောင်မှုပေးသည့် ရုပ်ပြစက်ရုပ် (virtual person) များ အသုံးပြုမှု တွင် ကျယ်လာခဲ့သည်။ ရုပ်ပြစက်ရုပ်များကို animation, အသံ, machine learning စသည့်နည်းပညာများဖြင့် ပေါင်းစပ်ဖန်တီးထားပြီး ရုပ်သံထုတ်လွှင့်မှုနှင့် Livestream တို့တွင် အသုံးပြုကြကာ၊ ဘဏ္ဍာရေးဝန်ဆောင်မှု ကုမ္ပဏီများ၊ ပြည်တွင်းခရီးသွားဘုတ်အဖွဲ့နှင့် တရုတ်နိုင်ငံပိုင်မီဒီယာများကပါ ဝယ်ယူအသုံးပြုလျက်ရှိသည်။
Virtual person ဝယ်လိုအား နှစ်စဉ်မြင့်တက်လာသကဲ့သို့ ၊ ကုန်ကျစရိတ်မှာလည်း ယခင်နှစ်ထပ် ၈၀% အထိသက်သာလာခဲ့သည်။ နှစ်ဖက်မြင်အရုပ်အတွက် တစ်နှစ်လျှင် ယွမ် ၁ သိန်းနှင့် နှစ်ဖက်မြင်အတွက် ယွမ် ၂ သောင်းသာကျသင့်မည်ဖြစ်သည်။ ၂၀၂၅ ခုနှစ်တွင် ရုပ်ပြစက်ရုပ်အသုံးပြုမှု ၅၀%အထိ တိုးတက်မည်ဟု စက်ရုပ်မျိုးစုံ ဖန်တီးထုတ်လုပ်နေသည့် Baidu နည်းပညာကုမ္ပဏီက ခန့်မှန်းထားသည်။
တရုတ်ပြည်တွင်း အနုပညာရှင်များသည် အခွန်ရှောင်တိမ်းမှု၊ လိင်ကိစ္စနှင့် အခြားပုဂ္ဂိုလ်ရေးဆိုင်ရာ ပြဿနာများစွာတို့ကြောင့် တရုတ် Brands များက လူသားထက် စက်ရုပ်များအား အစားထိုးရန်ပိုမိုလိုလားလာကြသည်ဟုဆိုသည်။
တရုတ်တွင် နည်းပညာကုမ္ပဏီများ၏ စက်ရုပ်တီထွင်မှုများမှာ တစ်နှစ်ထပ်တစ်နှစ် အပြိုင်အဆိုင်တိုးတက်လျက်ရှိသည်။ ၂၀၁၂ ခုနှစ်ကမိတ်ဆက်ခဲ့သော Luo Tianyi ဇာတ်ကောင်သည် fans ၃ သန်းနီးပါးရှိပြီး ယမန်နှစ် ဘေဂျင်းဆောင်းရာသီအိုလံပစ်ဖွင့်ပွဲတွင် ဖျော်ဖြေပေးခဲ့သေးသည်။
ကူးယူဖော်ပြခြင်းခွင့်မပြုပါ။
Ref: TechCrunch, Blockster, CNBC
Photo: Getty Images",,,,,,
<urn:uuid:4d0710d9-8294-4989-9840-02040a582f41>,"နေအိမ်မှာ ဆက်လက်ဖမ်းဆီးခံထားရတဲ့ မြန်မာ့ဒီမိုကရေစီခေါင်းဆောင် ဒေါ်အောင်ဆန်းစုကြည်ကို သူ့ရဲ့ အမျိုးသားဒီမိုကရေစီ အဖွဲ့ချုပ် (NLD) ပါတီရဲ့ သက်ကြီးပိုင်း ခေါင်းဆောင်တချို့နဲ့ တွေ့ဆုံခွင့် ရခဲ့တဲ့အပေါ် အမေရိကန် ပြည်ထောင်စုက အပြုသဘော ရှုမြင်ခဲ့ပေမဲ့ ဒီထက်ကျယ်ပြန့်တဲ့ တွေ့ဆုံမှုတွေ ဖြစ်ဖို့အတွက်လည်း မြန်မာစစ်အစိုးရကို တိုက်တွန်းလိုက်ပါတယ်။ အကြောင်းစုံကို ကိုအောင်လွင်ဦးက တင်ပြပေးထားပါတယ်။
NLD ပါတီရဲ့ သက်ကြီးပိုင်း ခေါင်းဆောင်တွေ ဖြစ်ကြတဲ့ ဥက္ကဋ္ဌ ဦးအောင်ရွှေ၊ ပါတီ အတွင်းရေးမှူး ဦးလွင်နဲ့ ဗဟိုအလုပ်အမှုဆောင် အဖွဲ့ဝင် ဦးလွန်းတင်တို့နဲ့ ဒေါ်အောင်ဆန်းစုကြည် မနေ့တုန်းကပဲ တွေ့ဆုံခွင့် ရခဲ့တဲ့အတွက် အမေရိကန် ပြည်ထောင်စုက ကြိုဆိုတဲ့အကြောင်း နိုင်ငံခြားရေး ၀န်ကြီးဌာန ပြောခွင့်ရသူ အီယန် ကယ်လီ (Ian Kelley) က သတင်းစာရှင်းလင်းပွဲအတွင်း ပြောဆိုလိုက်တာပါ။
“ဒေါ်အောင်ဆန်းစုကြည်ကို သူ့ရဲ့ပါတီက ဗဟိုကော်မတီဝင် လူကြီး ၃ ဦးထံ သွားရောက် ဂါရ၀ပြုဖို့ အာဏာပိုင်တွေက ခွင့်ပေးလိုက်တဲ့အတွက် ကျနော်တို့ ကြိုဆိုပါတယ်။ ဒါဟာ အမျိုးသားဒီမိုကရေစီ အဖွဲ့ချုပ် (NLD) ပါတီရဲ့ ဗဟိုကော်မတီ တခုလုံးနဲ့ ဒေါ်အောင်ဆန်းစုကြည်တို့ တွေ့ဆုံနိုင်ဖို့ ခြေလှမ်းတလှမ်း ဖြစ်လိမ့်မယ်လို့လည်း မျှော်လင့်ပါတယ်။”
အသက်အရွယ် ကြီးရင့်ပြီး ကျန်းမာရေးမကောင်း ဖြစ်နေကြတဲ့ ပါတီလူကြီးပိုင်းနဲ့ တွေ့ဆုံလိုကြောင်းနဲ့ ပါတီခေါင်းဆောင်တွေနဲ့ ပုံမှန်ဆွေးနွေးမှုတွေ လုပ်ဆောင်ခွင့်ပေးဖို့ ဒေါ်အောင်ဆန်းစုကြည်က နိုဝင်ဘာလ ၁၁ ရက်နေ့က စစ်အစိုးရခေါင်းဆောင် ဗိုလ်ချုပ်မှူးကြီးသန်းရွှေထံ စာရေးသား တောင်းဆိုခဲ့ပြီးတဲ့နောက် မနေ့တုန်းက တွေ့ဆုံခွင့်ရခဲ့တာ ဖြစ်ပါတယ်။ ဒီလို တွေ့ဆုံမှုတွေအပေါ် အမေရိကန် ပြည်ထောင်စုက ကြိုဆိုလိုက်တယ် ဆိုပေမဲ့လည်း ဒီထက်ပိုပြီး ဆွေးနွေးပြောဆိုမှုတွေ လုပ်ဆောင်တာမျိုး မြင်တွေ့လိုတဲ့ အကြောင်းလည်း ပြောဆိုခဲ့တာပါ။
“ဒေါ်အောင်ဆန်းစုကြည်၊ ဒီမိုကရေစီ အတိုက်အခံ အင်အားစုတွေ၊ တိုင်းရင်းသားခေါင်းဆောင်တွေ၊ တခြား သက်ဆိုင်သူ ပုဂ္ဂိုလ်တွေနဲ့ ထိတွေ့ဆက်ဆံမှုတွေ လုပ်သွားဖို့၊ အပေါင်းလက္ခဏာဆောင်တဲ့ လမ်းကြောင်းပေါ် ဦးတည်စေမယ့် စစ်မှန်တဲ့ ဆွေးနွေးပြောဆိုမှုတွေ လုပ်သွားဖို့အတွက်လည်း မြန်မာစစ်အစိုးရကို ကျနော်တို့ ဆက်ပြီး တိုက်တွန်းပါတယ်။”
အမေရိကန် နိုင်ငံခြားရေးဝန်ကြီးဌာန ပြောခွင့်ရသူ အီယန် ကယ်လီ ပြောသွားတာ ဖြစ်ပါတယ်။
မြန်မာစစ်အစိုးရရဲ့ လူ့အခွင့်အရေး ချိုးဖောက်မှုတွေနဲ့ နိုင်ငံရေး တိုးတက်မှု မရှိတဲ့ အခြေအနေတွေကြောင့် အရေးယူ ဒဏ်ခတ်မှုတွေ ချမှတ်ထားတဲ့ အမေရိကန် ပြည်ထောင်စုက တိုက်ရိုက် ဆက်ဆံမှုတွေပါ လုပ်ဆောင်သွားဖို့ သမ္မတ ဘရက်ခ် အိုဘားမား (Barack Obama) အစိုးရက ဆုံးဖြတ်ခဲ့ပြီးတဲ့နောက် လက်ထောက် နိုင်ငံခြားရေးဝန်ကြီး ကာ့တ် ကမ်းဘဲလ် (Kurt Campbell) ဦးဆောင်ပြီး မြန်မာစစ်အစိုးရ ကိုယ်စားလှယ်တွေနဲ့ တွေ့ဆုံမှုတွေလည်း ရှိခဲ့တာပါ။
ဒါပေမဲ့လည်း ပြီးခဲ့တဲ့ လထဲတုန်းကပဲ မစ္စတာကမ်းဘဲလ်နဲ့ အတူ မြန်မာစစ်အစိုးရ တာဝန်ရှိသူတွေနဲ့ တွေ့ဆုံခဲ့သူ တဦးဖြစ်တဲ့ ဒု-လက်ထောက် နိုင်ငံခြားရေးဝန်ကြီး စကော့ မာဆီယယ် (Scot Marciel) ကတော့ အမေရိကန် ပြည်ထောင်စုက တိုက်ရိုက်ထိတွေ့မှုတွေနဲ့ ဆက်ဆံရေးတွေ ပြောင်းလဲသွားဖို့ ရည်ရွယ်ထားပေမဲ့ အခုအထိတော့ ထင်သလောက် တိုးတက်မှု မတွေ့ရသေးဘူးလို့ ဒီလဆန်းပိုင်းမှာတုန်းကပဲ ပြောဆိုခဲ့တာ ဖြစ်ပါတယ်။",,,,,,
<urn:uuid:a18cc26b-9113-4206-9200-9f9542ddfbd1>,"ပခုက္ကူမြို့နယ် ကမ္မမြို့တွင် ရေနံပိုက်လိုင်းပေါက်မှုဖြစ်ပွား
ပခုက္ကူ သြဂုတ် ၂၈
သြဂုတ်လ ၂၈ ရက်နေ့ နံနက် ၈ နာရီ အချိန်ခန့်တွင် ပခုက္ကူမြို့နယ်ရှိ ကမ္မမြို့ အမှတ် (၂) ရပ်ကွက်နေ ဦးမျိုးဝင်း(ဘ)ဦးထွန်းရွှေ နေထိုင်သော ခြံဝင်းအတွင်း ကျောက်ခွက်-လက်ပံတိုရေနံမြေမှ အရာတော် ရေနံမြေသို့ သွယ်တန်းပို့လွှတ်သော ရေနံပိုက်လိုင်းမှ ရေနံများပေါက်ထွက်ခဲ့သည်။ ဦးမျိုးဝင်းအိမ် တောင်ဘက် နှစ်အိမ်ကျော်ရှိ ဦးလူချင်း (ဘ) ဦးစိုး ၏ နေအိမ်ဝိုင်းအတွင်းမှလည်း အဆိုပါရေနံပိုက်လိုင်းမှ ရေနံများ ပေါက်ထွက်၍ လမ်းပေါ်သို့ထွက်လာသဖြင့် ရေနံပိုက်လိုင်းပေါက်မှုဖြစ်ပွားရာနေရာသို့ မြို့နယ် အုပ်ချုပ်ရေးမှူး ဦးမင်းသက်ခိုင်၊ ကမ္မစခန်းမှူးရဲအုပ် မျိုးသန့်စိန်နှင့် တပ်ဖွဲ့ဝင်များ၊ အရန်မီးသတ်တပ်ဖွဲ့ဝင်များမှ လုံခြုံရေး ဆောင်ရွက်ခဲ့ပြီး သာကြီးတောင် ရေနံမြေနှင့် ကျောက်ခွက် ရေနံမြေမှ တာဝန်ရှိသူများထံသို့ ချက်ချင်း သတင်းပေးပို့ခဲ့ကြောင်း သိရသည်။
နံနက် ၈ နာရီ ၂၅ မိနစ် အချိန်ခန့်တွင် ကျင်းတူးပြီး ထိမ်းသိမ်းခဲ့ရာ ၈ နာရီ ၃၀ အချိန်ခန့်တွင် သာကြီးတောင် ရေနံမှ အင်ဂျင်နီယာမှူး ဦးဝင်းဦးပါ ၁၃ ဦးမှ အဆိုပါရေနံပိုက်လိုင်းအား ဖာထေးဆောင်ရွက်ခဲ့ရာ နံနက် ၁၀ နာရီအချိန်ခန့်တွင် ဆောင်ရွက်ပြီးစီးခဲ့ပြီဖြစ်ကြောင်း၊ လူနှင့် တိရိစ္ဆာန် ထိခိုက်မှုမရှိပါကြောင်း သတင်းရရှိသည်။
ပခုက္ကူ (ပြန်/ဆက်)
MOI Webportal Myanmar
https://www.facebook.com/MOIWebportalMyanmar/",,,,,,
<urn:uuid:78b65fdf-55f7-4de5-a455-8c0bc3387edf>,"မင်းသမီးမီရှဲလ်ယိုး Women in Motion ဆုရ
၂၀၂၃ အော်စကာ အနုပညာထူးချွန်ဆု ရထားတဲ့ မလေးရှားမင်းသမီး မီရှဲလ်ယိုး ရုပ်ရှင်နယ်ပယ်က အမျိုးသမီးတွေကို ဂုဏ်ပြုချီးမြှင့်တဲ့ Motion min Women ဆု ရရှိ၊ ကိုရီးယားမင်းသမီး Roh Yoon-seo အခမ်းအနား တက်ရောက်၊ ထင်ပေါ်ကျော်ကြားသူတွေနဲ့ အနုပညာလောက သတင်းတွေကို သက်တံရောင် သတင်းလွှာမှာ မအေးသန္တာကျော် တင်ဆက်ထားပါတယ်။
ဗွီဒီယို ကြည့်ရှုရန်
-
-
၃၀ မေ၊ ၂၀၂၃
အောင်မြင်မှုကို ဇာတ်စုံခင်းတဲ့ တေလာဆွိဖ်ပြတိုက်
-
၁၆ မေ၊ ၂၀၂၃
ကန်း ရုပ်ရှင်ပွဲတော် “သက်တံရောင်သတင်းလွှာ”
-
၀၉ မေ၊ ၂၀၂၃
အမေရိကန်ရောက် တရုတ်တယောက် “သက်တံရောင်သတင်းလွှာ”
-
၂၅ ဧပြီ၊ ၂၀၂၃
မာဗယ်ရုပ်ရှင်ကားသစ် မိတ်ဆက် “သက်တံရောင်သတင်းလွှာ”
-
၁၈ ဧပြီ၊ ၂၀၂၃
နယူးယောက် BTS အမှတ်တရပစ္စည်းဆိုင် “သက်တံရောင်သတင်းလွှာ”",,,,,,
<urn:uuid:be5e2633-293e-4304-90e5-6f47c6562e01>,"ကုမ္ပဏီအကြောင်း
|
|
ကုမ္ပဏီအမည်:
|Hebei သတ္တုနှင့်အင်ဂျင်နီယာထုတ်ကုန်ကုမ္ပဏီလီမိတက်|
|
|
လုပ်ငန်းအမျိုးအစား:
|ထုတ်လုပ်သူနှင့်ကုန်သွယ်ရေး|
|
|
ထုတ်ကုန် / ၀ န်ဆောင်မှုများ -
|မော်တော်ယာဉ်အစိတ်အပိုင်းများ (သံ၊ သံမဏိ၊ သံမဏိ၊ အလူမီနီယံ၊ ကြေးဝါ…ပစ္စည်း)၊ ပိုက်အစိတ်အပိုင်းများ၊ အဆင်တန်ဆာအစိတ်အပိုင်းများ၊ ဆောက်လုပ်ရေးအစိတ်အပိုင်းများ၊|
|
|
မှတ်ပုံတင်ထားသောလိပ်စာ -
|အုပ်ချုပ်ရေးရုံးအဆောက်အအုံ၏ ၄ ထပ်၊ # 355 ဆင်ဟွာလမ်း၊ ရှင်ဂျီဇွမ်၊ China.050051|
|
|
အလုပ်သမားအရေအတွက်:
|200 - 300|
|
|
ကုမ္ပဏီဝက်ဘ်ဆိုက် URL:
|www.me-engineering.cn ;|
|
|
တည်ထောင်သည့်နှစ် -
|(၁၉၇၄) ကိုကိုယ်ပိုင်အိမ်မှပုဂ္ဂလိကအထိပုဂ္ဂလိကအဖြစ်သို့ ၂၀၀၅ ခုနှစ်တွင်စတင်တည်ထောင်ခဲ့ပြီး ၂၀၀၅ ခုနှစ်တွင်ပြန်လည်ဖွဲ့စည်းခဲ့သည်။|
|
|
အဓိကစျေးကွက်များ
|မြောက်အမေရိက
|
ဥရောပ
အာရှ
အရှေ့အလယ်ပိုင်း
|
|
နှစ်စဉ်ရောင်းအားစုစုပေါင်း
|အမေရိကန်ဒေါ်လာသန်း ၂၀|
|
|
ပို့ကုန်ရာခိုင်နှုန်း
|၉၁% - ၁၀၀%|
|
|
စက်ရုံအရွယ်အစား:
|10,000-30,000 စတုရန်းမီတာ|
|
|
QA / QC:
|အိမ်|
|
|
R&D ၀ န်ထမ်းအရေအတွက်
|20|
|
|
ကန်ထရိုက်ထုတ်လုပ်မှု:
|OEM ဝန်ဆောင်မှုကိုကမ်းလှမ်းခဲ့သည်|
နှစ်ပေါင်း ၃၀ ကျော်အတွေ့အကြုံများ / အရည်အသွေးမြင့်တင်ခြင်းနှင့်တင်းကျပ်သောနည်းပညာဆိုင်ရာ QA အဖွဲ့များကိုတင်ပို့သောကုန်ပစ္စည်းများသည်ဖောက်သည်များနှင့်အတူတကွဖွံ့ဖြိုးတိုးတက်ပြီးအယူအဆကိုအတူတကွတိုးတက်စေပြီးကျွန်ုပ်တို့သည်နှစ် ဦး နှစ်ဖက်အကျိုးရှိစေမည့်ပူးပေါင်းဆောင်ရွက်မှုကိုရရှိပြီးကမ္ဘာအနှံ့စျေးကွက်တွင်နာမည်ကောင်းရရှိသည်။
ကျနော်တို့တရုတ်, Hebei ပြည်နယ်အတွက်သတ္တုများတင်ပို့၏ရှေ့ဆောင်ဖြစ်ကြသည်။
တွဲဖက်ရင်းနှီးမြှုပ်နှံထားသောရေရှည်ထောက်ပံ့သောမိတ်ဖက်ကုမ္ပဏီ ၂ ခုလုံးသည်ပိုင်ဆိုင်သောသံမဏိစက်ရုံများနှင့် (ပစ္စည်းအမျိုးမျိုးနှင့်သွန်းလောင်းခြင်းလုပ်ငန်းအမျိုးမျိုးတွင်) သတ္တုများပုံသွန်းခြင်းထုတ်လုပ်ခြင်း၊ စက်နှင့်မျက်နှာပြင်အစရှိသည့်အစရှိသည့်ဖောက်သည်များ၏လိုအပ်ချက်များကိုဖြည့်ဆည်းပေးသည်။ ကျွန်ုပ်တို့အနေဖြင့်စက်ရုံများအဆင့်မြှင့်တင်ခြင်းအတွက်နောက်ထပ် RMB သန်း ၂၀ ရင်းနှီးမြှုပ်နှံခဲ့သည်။
ကုန်ပစ္စည်းများကိုယာဉ်အစိတ်အပိုင်းများ (မော်တော်ကား၊ ကား၊ ထရပ်ကား၊ နောက်တွဲယာဉ်စသည်တို့)၊ Pump & Valve (အမျိုးမျိုးသောစုပ်စက်နှင့်အဆို့ရှင်)၊ ဆောက်လုပ်ရေး (ပိုက်နဲ့ရေနုတ်မြောင်းထုတ်ကုန်များ၊ ငြမ်းအစိတ်အပိုင်းများ၊ လမ်းဆောက်လုပ်ရေး၊ ခြံစည်းရိုး၊ တံခါးနှင့်အဆင်တန်ဆာအစိတ်အပိုင်းများ) တွင်ကျယ်ကျယ်ပြန့်ပြန့်အသုံးပြုကြသည်။ စသည်တို့၊ မီးဘေးထိန်းချုပ်ရေးထုတ်ကုန်များ (ညှပ်များ၊ ချိတ်ဆက်မှု၊ ရေမှုန်ရေမွှားများစသည်တို့…)၊ စွန့်ပစ်ပစ္စည်းမီးရှို့ခြင်း (လေအေး - အဆန်ဆန်အရက်ဆိုင်များ၊ ရေ - အအေးခံဆန်ခါဘား၊ , နှင့်အခြားနယ်ပယ်များစွာသည်ဖောက်သည်၏ဆွဲပုံနှင့်လိုအပ်ချက်အရလုပ်သည်
စက်ပစ္စည်းကိရိယာများ
သံ၊ သံမဏိ, အလွိုင်းသံ, ကာဗွန်သံမဏိ, Alloy သံမဏိ, သံမဏိ, ကြေးဝါ, ကြေး, လူမီနီယံ, ……
အစိမ်းရောင်သဲသောင်ခြင်း၊ ဗဓေလသစ်သဲများ၊ Shell မှိုပုံသွန်းလောင်းခြင်း၊ ရင်းနှီးမြှုပ်နှံမှုသွန်းလောင်းခြင်း (ရေခွက်၊ Silica-sol သတ္တုများပုံသွင်းခြင်း၊ အမြှုပ်များသွပ်သွင်းခြင်း)၊ အမြဲတမ်းမှိုများ၊ သွန်းလောင်းခြင်း၊ အလိုအလျောက်သွန်းလောင်းခြင်းစသည်တို့။
မီးခိုးရောင်သံနှင့်သံမဏိသတ္တုများပုံသွန်း: တစ်နှစ်လျှင် ၆၀၀၀ မှ ၁၀၀၀၀ ကြားရှိသည်
သံမဏိသွန်း: တစ်နှစ်လျှင် 3000MT ။
သံမဏိသတ္တုများပုံသွန်း: နှစ်စဉ် 800 MTS
သံထည်မဟုတ်သောသတ္တုများပုံသွန်းခြင်း:
ကြေးနီ၊ ကြေးဝါနှင့်နီကယ်ကြေး - တစ်နှစ် ၄၀၀ MTS
လူမီနီယမ်: 500 MTS / တစ်နှစ်
SPECTROMAXX၊ / Spectrograph 2D Vedio တိုင်းတာခြင်း / ကြမ်းတမ်းသောမီတာ、 Altimeter / မာကြောမှုစစ်ဆေးခြင်း / ဖိအားစစ်ဆေးခြင်း / CMM တပ်ဆင်ထားသည်
ကျွန်ုပ်တို့၏အရည်အသွေးမြင့်ထုတ်ကုန်များနှင့်ကောင်းမွန်သော ၀ န်ဆောင်မှုများသည်ဖောက်သည်များ၏တန်ဖိုးထားမှုကိုပိုမိုဆွဲဆောင်နိုင်လိမ့်မည်ဟုကျွန်ုပ်တို့ယုံကြည်ပါသည်။ ကျွန်ုပ်တို့နှင့်ဆက်သွယ်ခြင်းသည်ကျွန်ုပ်တို့နှင့်အောင်မြင်သောစီးပွားရေးဆက်ဆံရေးတည်ဆောက်ရန်ပထမခြေလှမ်းဖြစ်သည်။ အကယ်၍ သင်သည်ကျွန်ုပ်တို့၏ထုတ်ကုန်များမှတစ်ခုခုကိုစိတ်ဝင်စားပါကနောက်ထပ်သတင်းအချက်အလက်များအတွက်ကျွန်ုပ်တို့အားအခမဲ့ဆက်သွယ်ပါ။",,,,,,
<urn:uuid:a27e581a-b335-4d44-9e96-acf4e8c609b2>,"မွနျမာနိုငျငံရဲတပျဖှဲ့မှ ကြောခိုငျး နှုတျထှကျခွငျး
ကြှနျတျောသညျ ၁၀ တနျးအောငျမွငျပွီး ၂၀၀၄ ခုနှဈမှစ၍ မွနျမာနိုငျငံရဲတပျဖှဲ့သို့ စတငျဝငျရောကျခဲ့ကာ ကရြာနရော/တာဝနျမြား ကပြှေနျစှာ ထမျးဆောငျခဲ့ပါသညျ။
အရာအားလုံးအတှကျ စတေနာထားပွီး တတျနိုငျသလောကျ ဥပဒဘေောငျအတှငျမှ ကူညီခဲ့သညျကို ကြှနျတျောနခေဲ့သညျ့ ရဲတပျဖှဲ့နှငျ့ ပတျဝနျးကငျြ ရပျကှကျ/ကြေးရှာရှိ လူအမြား သိကွပါသညျ။
ကြှနျတျော နိုငျငံရေးနားမလညျဘူး၊ ဒီမိုကရစေီကို ခဈြမွတျနိုးတယျ၊ ရဲတပျဖှဲ့ကို ခဈြမွတျနိုးတယျ ဒုရဲအုပျအဆငျ့ ရဖို့အတှကျ လုပျသကျ ၁၆ နှဈကြျော ဘဝနဲ့ရငျးပွီး ကွိုးစားခဲ့တယျ။
အရမျးတနျဖိုးထားခဲ့တယျ။ ခုခြိနျမှာ ဘာကိုမှ မကျမောမှု မရှိတော့သလို ကြှနျတျော ခဈြမွတျနိုးခဲ့သညျ့ ရဲတပျဖှဲ့ကို ထာဝရ ကြောခိုငျးထှကျခှာ နှုတျထှကျခဲ့ပါပွီ။
မွနျမာနိုငျငံကွီး အေးခမျြးသှားပွီး ဒီမိုကရစေီ ရခဲ့လို့ ကြှနျတျောခဈြမွတျနိုးသူ၊ ကြှနျတေျာ့ကို ခဈြမွတျနိုးသူတှကေ မွနျမာနိုငျငံရဲတပျဖှဲ့မှာ အားဖွညျ့ကူညီ တာဝနျထမျးဆောငျပေးစလေိုက ပြျောရှငျစှာ တာဝနျထမျးဆောငျပေးပါမညျ။
ခုတော့ ဆကျလကျတာဝနျထမျးဆောငျလိုစိတျ လုံးဝ(လုံးဝ) မရှိတော့ပါသဖွငျ့ ရဲတပျဖှဲ့ဝငျ အမှတျအသား၊ အသုံးအဆောငျ၊ သကျဆိုငျသညျ့အရာမြားအားလုံး ထားခဲ၍ ကြောခိုငျး နှုတျထှကျခဲ့ပါပွီ။
အသကျနဲ့ သစ်စာပွုလို့ ပွောပွခငျြတဲ့ စကားတဈခှနျးကတော့ ယခုဖွဈစဉျ ယခုကာလ 1.2.2021 ရကျနမှေ့ စ၍ ယနခြေိ့နျထိ လကျညှိုးကှေးဖို့ နနေသောသာ လကျနဲ့တောငျ မရှယျဖူးခဲ့ဘူး။
တာဝနျထမျးဆောငျခဲ့စဉျက သငျ/မွငျ/ကွား ဆရာမြားနှငျ့ တပျဖှဲ့ဝငျ ညီကို မောငျနှမမြားအားလုံး အန်တရာယျကငျးကွပါစလေို့ ဆုတောငျး နှုတျဆကျခဲ့ရငျး မွနျမာနိုငျငံကွီး အမွနျဆုံးအေးခမျြးပါစေ။
ဇနီးနဲ့ သမီးလေးရေ ဖဖေေ ပွနျလာပွီ။
အပွဈပေးခံ ထောငျကခြံရမယျ ဆိုရငျလညျး ကွိုတငျပွငျဆငျထားပွီးပါပွီ။
တကယျလို့ ထောငျကခြဲ့ပွီး ထောငျကထှကျလာတဲ့ တဈနေ့ မိသားစု စုံစုံလငျလငျ ပြျောပြျောရှငျရှငျ နကွေတာပေါ့။
ခုတော့ အနီးနားမှာတောငျ နခှေငျ့မရသေးလို့ ခဏတာ သညျးခံပေးပါအုံး ခဈြဆုံးကွီး ခဈြမိနျးမဘုတျဆုံမနှငျ့ ဖဖေေ အရမျးခဈြရတဲ့ ခဈြသမီးလေးရေ။
ပွညျသူအားလုံး ကနျြးမာ၊ ခမျြးသာလို့ အန်တရာယျကငျး ဘေးရှငျးကွပွီး လိုအငျဆန်ဒမြား ပွညျ့ဝကွပါစေ။
မှတျခကျြ။ ။ လူငယျဘဝ ၁၈ နှဈပွညျ့ကတညျးက လှတျလပျမှုဆိုတာ ဘာမှနျးမသိခဲ့တဲ့ ကြှနျတျော။ ။
Zawgyi
မြန်မာနိုင်ငံရဲတပ်ဖွဲ့မှ ကျောခိုင်း နှုတ်ထွက်ခြင်း
ကျွန်တော်သည် ၁၀ တန်းအောင်မြင်ပြီး ၂၀၀၄ ခုနှစ်မှစ၍ မြန်မာနိုင်ငံရဲတပ်ဖွဲ့သို့ စတင်ဝင်ရောက်ခဲ့ကာ ကျရာနေရာ/တာဝန်များ ကျေပွန်စွာ ထမ်းဆောင်ခဲ့ပါသည်။
အရာအားလုံးအတွက် စေတနာထားပြီး တတ်နိုင်သလောက် ဥပဒေဘောင်အတွင်မှ ကူညီခဲ့သည်ကို ကျွန်တော်နေခဲ့သည့် ရဲတပ်ဖွဲ့နှင့် ပတ်ဝန်းကျင် ရပ်ကွက်/ကျေးရွာရှိ လူအများ သိကြပါသည်။
ကျွန်တော် နိုင်ငံရေးနားမလည်ဘူး၊ ဒီမိုကရေစီကို ချစ်မြတ်နိုးတယ်၊ ရဲတပ်ဖွဲ့ကို ချစ်မြတ်နိုးတယ် ဒုရဲအုပ်အဆင့် ရဖို့အတွက် လုပ်သက် ၁၆ နှစ်ကျော် ဘဝနဲ့ရင်းပြီး ကြိုးစားခဲ့တယ်။
အရမ်းတန်ဖိုးထားခဲ့တယ်။ ခုချိန်မှာ ဘာကိုမှ မက်မောမှု မရှိတော့သလို ကျွန်တော် ချစ်မြတ်နိုးခဲ့သည့် ရဲတပ်ဖွဲ့ကို ထာဝရ ကျောခိုင်းထွက်ခွာ နှုတ်ထွက်ခဲ့ပါပြီ။
မြန်မာနိုင်ငံကြီး အေးချမ်းသွားပြီး ဒီမိုကရေစီ ရခဲ့လို့ ကျွန်တော်ချစ်မြတ်နိုးသူ၊ ကျွန်တော့်ကို ချစ်မြတ်နိုးသူတွေက မြန်မာနိုင်ငံရဲတပ်ဖွဲ့မှာ အားဖြည့်ကူညီ တာဝန်ထမ်းဆောင်ပေးစေလိုက ပျော်ရွှင်စွာ တာဝန်ထမ်းဆောင်ပေးပါမည်။
ခုတော့ ဆက်လက်တာဝန်ထမ်းဆောင်လိုစိတ် လုံးဝ(လုံးဝ) မရှိတော့ပါသဖြင့် ရဲတပ်ဖွဲ့ဝင် အမှတ်အသား၊ အသုံးအဆောင်၊ သက်ဆိုင်သည့်အရာများအားလုံး ထားခဲ၍ ကျောခိုင်း နှုတ်ထွက်ခဲ့ပါပြီ။
အသက်နဲ့ သစ္စာပြုလို့ ပြောပြချင်တဲ့ စကားတစ်ခွန်းကတော့ ယခုဖြစ်စဉ် ယခုကာလ 1.2.2021 ရက်နေ့မှ စ၍ ယနေ့ချိန်ထိ လက်ညှိုးကွေးဖို့ နေနေသာသာ လက်နဲ့တောင် မရွယ်ဖူးခဲ့ဘူး။
တာဝန်ထမ်းဆောင်ခဲ့စဉ်က သင်/မြင်/ကြား ဆရာများနှင့် တပ်ဖွဲ့ဝင် ညီကို မောင်နှမများအားလုံး အန္တရာယ်ကင်းကြပါစေလို့ ဆုတောင်း နှုတ်ဆက်ခဲ့ရင်း မြန်မာနိုင်ငံကြီး အမြန်ဆုံးအေးချမ်းပါစေ။
ဇနီးနဲ့ သမီးလေးရေ ဖေဖေ ပြန်လာပြီ။
အပြစ်ပေးခံ ထောင်ကျခံရမယ် ဆိုရင်လည်း ကြိုတင်ပြင်ဆင်ထားပြီးပါပြီ။
တကယ်လို့ ထောင်ကျခဲ့ပြီး ထောင်ကထွက်လာတဲ့ တစ်နေ့ မိသားစု စုံစုံလင်လင် ပျော်ပျော်ရွှင်ရွှင် နေကြတာပေါ့။
ခုတော့ အနီးနားမှာတောင် နေခွင့်မရသေးလို့ ခဏတာ သည်းခံပေးပါအုံး ချစ်ဆုံးကြီး ချစ်မိန်းမဘုတ်ဆုံမနှင့် ဖေဖေ အရမ်းချစ်ရတဲ့ ချစ်သမီးလေးရေ။
ပြည်သူအားလုံး ကျန်းမာ၊ ချမ်းသာလို့ အန္တရာယ်ကင်း ဘေးရှင်းကြပြီး လိုအင်ဆန္ဒများ ပြည့်ဝကြပါစေ။
မှတ်ချက်။ ။ လူငယ်ဘဝ ၁၈ နှစ်ပြည့်ကတည်းက လွတ်လပ်မှုဆိုတာ ဘာမှန်းမသိခဲ့တဲ့ ကျွန်တော်။ ။",,,,,,
<urn:uuid:527cd1d1-e807-4573-9a5f-82cefd9250b4>,"အဓိက ပြည်နယ်တွေမှာ သမ္မတ လောင်းတွေ အပြိုင် မဲဆွယ်
အမေရိကန် သမ္မတ ရွေးကောက်ပွဲ ကျင်းပဖို့ ရက်ပိုင်းပဲ ကျန်တော့ တဲ့ အချိန်မှာ သမ္မတလောင်း နှစ်ယောက် က အဓိက ပြည်နယ် တွေမှာ မဲဆွယ် စည်းရုံးမှု တွေကို အပြိုင် အဆိုင် လုပ်နေကြပါတယ်။
ဖလော်ရီဒါ ပြည်နယ် မှာ လုပ်တဲ့ မဲဆွယ် စည်းရုံးပွဲ တွေ အပြီးမှာ သမ္မတ ဖြစ်ဖို့ ရေပန်း စားနေမှု မှာတော့ တစ်ယောက်နဲ့ တစ်ယောက် အပြတ်အသတ် မကွာခြား တဲ့ အနေအထား မျိုးမှာ ရှိနေပါတယ်။
မြောက်ကယ်ရို လိုင်း နား က မဲဆွယ် စည်းရုံးပွဲ မှာတော့ ရီပတ်ဘလီကန် သမ္မတ လောင်း ဒေါ်နယ် ထရမ့် က လာမယ့် ရက် တွေအတွင်း မြောက် ကယ်ရိုလိုင်းနားမှာ အကြီးအကျယ် အောင်ပွဲ ခံမယ်။ ပြီးရင် အိမ်ဖြူတော် ကို ပြန်လည် အနိုင် ရရှိအောင် လုပ်ပြီးတာ နဲ့ တကယ့် အပြောင်းအလဲ တွေကို စတင် သွားမယ်လို့ ပြောကြား ခဲ့ပါတယ်။
ဆက်လက်ပြီး သမ္မတ အိုဘားမား လက်ထက် က စတင် ခဲ့တဲ့ ကျန်းမာရေး စောင့်ရှောက်မှု အစီအစဉ် ကိုလည်း ပြောင်းလဲမှု တွေ လုပ်မယ်လို့ မစ္စတာ ထရမ့် က ပြောကြား ခဲ့ပါတယ်။
နီးဗားဒါး က မဲဆွယ်ပွဲ တစ်ခုမှာ တော့ ခြိမ်းခြောက်မှု အချို့ ကြောင့် မစ္စတာ ထရမ့် ကို လုံခြုံရေးတွေက စင်ပေါ်ကနေ ခေါ်ဆောင် သွားခဲ့ကြပါတယ်။
ဖလော်ရီဒါ နဲ့ နီဗားဒါး ပြည်နယ် တွေမှာ နေထိုင် တဲ့ စပိန် နွယ်ဖွား တွေက ကြိုတင်မဲ တွေ ထည့်ခဲ့ကြပြီး အဲဒီမှာတော့ ဟီလာရီ ကလင်တန် က အရေးသာ နိုင်တယ်လို့ ကျွမ်းကျင်သူတွေက သုံးသပ် နေပါတယ်။
အချို့ ရွေးကောက်ပွဲ စစ်တမ်း တွေမှာတော့ ဟီလာရီ ကလင်တန် က တစ်နိုင်ငံလုံး အတိုင်းအတာ နဲ့ အနည်းငယ် အသာရ နေကြောင်း ဖော်ပြ ထားကြပါတယ်။
ဖလော်ရီဒါ ပြည်နယ်က မဲဆွဲစည်းရုံးပွဲ တစ်ခုမှာတော့ ဟီလာရီ ကလင်တန် က အနာဂတ် အမေရိကန် အတွက် သူ့ကို မဲပေး ကြဖို့ လှုံ့ဆော် ခဲ့ပါတယ်။",,,,,,
<urn:uuid:2eb30fd2-ab7e-4f14-ac54-bbeceba06d0d>,"[email protected]
ခုနှစ်တွင် Sign
အခမဲ့ Join
နေအိမ်
PCB လက်ငင်းကိုးကား
PCB
ဝန်ဆောင်မှုဖြင့်
PCB ဒီဇိုင်းဘုတ်အဖွဲ့
PCB နမူနာ
PCB Mass ထုတ်လုပ်မှု
အမျိုးအစားအလိုက်
မာကျောသောဘုတ်အဖွဲ့
Flex ဘုတ်အဖွဲ့
တင်းကျပ် Flex ဘုတ်အဖွဲ့
ဝိသေသလက္ခဏာများအားဖြင့်
ရှည်လျားသော PCB
ပါးလွှာသော PCB
Big PCB
ထူသော PCB
အထူကြေးနီတိုက်နယ်ဘုတ်အဖွဲ့
သေးငယ်တဲ့ PCB
ပစ္စည်းအားဖြင့်
FR4 PCB
လူမီနီယမ် PCB
ကြေးနီအခြေခံ PCB
CEM-3 PCB
ကြွေ PCB
function ကိုအားဖြင့်
အမြင့်ကြိမ်နှုန်းဘုတ်အဖွဲ့
Impedance ဘုတ်အဖွဲ့
HDI PCB
Gold Finger Board
အမြင့် TG ဘုတ်အဖွဲ့
Pad ထဲမှာမှတဆင့်
ပြား Edge Plating
တစ်ဝက်အပေါက်
ရည်ရွယ်ချက်ဖြင့်
ဘလူးတုသ်ဘုတ်
LED PCB
မော်တော်ယာဉ် PCB
ဆေးဘက်ဆိုင်ရာ PCB
ဆက်သွယ်ရေး PCB ဘုတ်အဖွဲ့
5G PCB ဘုတ်အဖွဲ့
မျက်နှာပြင်အားဖြင့်
တင်ဘုတ်အဖွဲ့ကိုလေပေါ်မှာပ
OSP PCB ဘုတ်အဖွဲ့
နှစ်မြှုပ်ခြင်းရွှေ PCB
နှစ်မြှုပ်ခြင်း Tin ဘုတ်အဖွဲ့
Au Plating ဘုတ်အဖွဲ့
နှစ်မြှုပ်ခြင်းငွေဘုတ်အဖွဲ့
PCBA
ဝန်ဆောင်မှုဖြင့်
အစိတ်အပိုင်းများဝယ်ယူရေး
SMT DIP
SPI
တပ်ဆင်ပြီး AOI
PCBA X-Ray စစ်ဆေးရေး
PCBA ICT
PCBA FCT
အီလက်ထရောနစ်ညီလာခံ
သံမဏိကွက်
အမျိုးအစားအလိုက်
Rapid PCBA သက်သေပြ
သေးငယ်တဲ့သုတ် PCB ညီလာခံ
Big Batch PCB ညီလာခံ
PCBA တစ်နေရာတည်းဝန်ဆောင်မှု
စက်မှုလုပ်ငန်းအားဖြင့်
ဆေးဘက်ဆိုင်ရာ PCB ညီလာခံ
မော်တော်ယာဉ် PCB ညီလာခံ
စက်မှုထိန်းချုပ်မှု PCBA
ဆက်သွယ်ရေး PCB ညီလာခံ
စားသုံးသူ PCB ညီလာခံ
အရာများ၏အင်တာနက်ကို PCBA
ကိစ္စရပ်များ
PCB
ရှည်လျားသော PCB
FR-4 တင်းကျပ်သော PCB
HDI PCB
MCPCB
PCB ညီလာခံ
စားသုံးသူ PCB ညီလာခံ
ဆက်သွယ်ရေး PCB ညီလာခံ
ဆေးဘက်ဆိုင်ရာ PCB ညီလာခံ
မော်တော်ယာဉ် PCB ညီလာခံ
စက်မှု PCB ညီလာခံ
အစိတ်အပိုင်းများ Sourcing
ခံနိုင်ရည်ရှိသည်
Capacitor
inductance
အိုင်စီ
Connector
ပြောင်းပါ
မောရှေ
သတင်း
PCBA- ဘလော့ဂ်
ကိုယ်တို့အကြောင်း
ကြှနျုပျတို့ကိုဆကျသှယျရနျ
လှည်း
နေအိမ်
PCB လက်ငင်းကိုးကား
PCB
ဝန်ဆောင်မှုဖြင့်
PCB ဒီဇိုင်းဘုတ်အဖွဲ့
PCB နမူနာ
PCB Mass ထုတ်လုပ်မှု
အမျိုးအစားအလိုက်
မာကျောသောဘုတ်အဖွဲ့
Flex ဘုတ်အဖွဲ့
တင်းကျပ် Flex ဘုတ်အဖွဲ့
ဝိသေသလက္ခဏာများအားဖြင့်
ရှည်လျားသော PCB
ပါးလွှာသော PCB
Big PCB
ထူသော PCB
အထူကြေးနီတိုက်နယ်ဘုတ်အဖွဲ့
သေးငယ်တဲ့ PCB
ပစ္စည်းအားဖြင့်
FR4 PCB
လူမီနီယမ် PCB
ကြေးနီအခြေခံ PCB
CEM-3 PCB
ကြွေ PCB
function ကိုအားဖြင့်
အမြင့်ကြိမ်နှုန်းဘုတ်အဖွဲ့
Impedance ဘုတ်အဖွဲ့
HDI PCB
Gold Finger Board
အမြင့် TG ဘုတ်အဖွဲ့
Pad ထဲမှာမှတဆင့်
ပြား Edge Plating
တစ်ဝက်အပေါက်
ရည်ရွယ်ချက်ဖြင့်
ဘလူးတုသ်ဘုတ်
LED PCB
မော်တော်ယာဉ် PCB
ဆေးဘက်ဆိုင်ရာ PCB
ဆက်သွယ်ရေး PCB ဘုတ်အဖွဲ့
5G PCB ဘုတ်အဖွဲ့
မျက်နှာပြင်အားဖြင့်
တင်ဘုတ်အဖွဲ့ကိုလေပေါ်မှာပ
OSP PCB ဘုတ်အဖွဲ့
နှစ်မြှုပ်ခြင်းရွှေ PCB
နှစ်မြှုပ်ခြင်း Tin ဘုတ်အဖွဲ့
Au Plating ဘုတ်အဖွဲ့
နှစ်မြှုပ်ခြင်းငွေဘုတ်အဖွဲ့
PCBA
ဝန်ဆောင်မှုဖြင့်
အစိတ်အပိုင်းများဝယ်ယူရေး
SMT DIP
SPI
တပ်ဆင်ပြီး AOI
PCBA X-Ray စစ်ဆေးရေး
PCBA ICT
PCBA FCT
အီလက်ထရောနစ်ညီလာခံ
သံမဏိကွက်
အမျိုးအစားအလိုက်
Rapid PCBA သက်သေပြ
သေးငယ်တဲ့သုတ် PCB ညီလာခံ
Big Batch PCB ညီလာခံ
PCBA တစ်နေရာတည်းဝန်ဆောင်မှု
စက်မှုလုပ်ငန်းအားဖြင့်
ဆေးဘက်ဆိုင်ရာ PCB ညီလာခံ
မော်တော်ယာဉ် PCB ညီလာခံ
စက်မှုထိန်းချုပ်မှု PCBA
ဆက်သွယ်ရေး PCB ညီလာခံ
စားသုံးသူ PCB ညီလာခံ
အရာများ၏အင်တာနက်ကို PCBA
ကိစ္စရပ်များ
PCB
ရှည်လျားသော PCB
FR-4 တင်းကျပ်သော PCB
HDI PCB
MCPCB
PCB ညီလာခံ
စားသုံးသူ PCB ညီလာခံ
ဆက်သွယ်ရေး PCB ညီလာခံ
ဆေးဘက်ဆိုင်ရာ PCB ညီလာခံ
မော်တော်ယာဉ် PCB ညီလာခံ
စက်မှု PCB ညီလာခံ
အစိတ်အပိုင်းများ Sourcing
ခံနိုင်ရည်ရှိသည်
Capacitor
inductance
အိုင်စီ
Connector
ပြောင်းပါ
မောရှေ
သတင်း
PCBA- ဘလော့ဂ်
ကိုယ်တို့အကြောင်း
ကြှနျုပျတို့ကိုဆကျသှယျရနျ
လှည်း
Industry knowledge
လူမီနီယမ် PCB
Blog
မှ 6pcba မှကြိုဆိုသည်
Experienced and fully automated
Feedback
ကြှနျုပျတို့ကိုဆကျသှယျရနျ
Product
PCBA
ဆေးဘက်ဆိုင်ရာ PCB ညီလာခံ
မော်တော်ယာဉ် PCB ညီလာခံ
စက်မှုထိန်းချုပ်မှု PCBA
ဆက်သွယ်ရေး PCB ညီလာခံ
စားသုံးသူ PCB ညီလာခံ
အရာများ၏အင်တာနက်ကို PCBA
PCB
မာကျောသောဘုတ်အဖွဲ့
Flex ဘုတ်အဖွဲ့
တင်းကျပ် Flex ဘုတ်အဖွဲ့
နေအိမ်
> အ
PCB
> အ
HDI PCB
10 အလွှာ HDI PCB
14 အလွှာ HDI PCB
4 အလွှာ HDI PCB
6 အလွှာ HDI PCB
8 အလွှာ HDI PCB
English
Afrikaans
Arabic
Japanese
French
Spanish
German
Italian
Portuguese
Albanian
Amharic
Vietnamese
Ukrainian
Thai
Russian
Burmese
Indonesian
Romanian
Korean
Malay
Dutch",,,,,,
<urn:uuid:42baabff-0915-4763-986a-c1a4f8e6150a>,"မြန်မာနိုင်ငံနဲ့ပတ်သက်လို့ အမေရိကန်ပြည်ထောင်စုအနေနဲ့ ရှေ့ဆက် ဘယ်လို တုံ့ပြန်ခြေလှမ်း လှမ်းသွားမလဲ ဆိုတာတွေကို မြန်မာ့အိမ်နီးချင်း မိတ်ဆွေနိုင်ငံတွေကို ရှင်းပြဖို့အတွက် အထူးကိုယ်စားလှယ် ဒဲရက်မစ်ချဲလ်ဟာ တရုတ်၊ ဂျပန်နဲ့ တောင်ကိုရီးယားနိုင်ငံတွေကို သွားရောက်တာဖြစ်ပါတယ်လို့ အမေရိကန် နိုင်ငံခြားရေးဌာနက ပြောပါတယ်။ ဒါဟာ မြန်မာ့ဒီမိုကရေစီရေးအတွက် အမေရိကန်ပြည်ထောင်စုအနေနဲ့ ချဉ်းကပ်ဆောင်ရွက်ရာမှာ မြန်မာ့အိမ်နီးချင်းတွေနဲ့ပါ ပူးတွဲဆောင်ရွက်လိုကြောင်း ဖော်ပြတဲ့ ခရီးစဉ်တစ်ခုလို့ ယူဆရမှာပါ။ ကိုသားညွှန့်ဦးက အစီရင်ခံထားပါတယ်။
အမေရိကန်ပြည်ထာင်စုအနေနဲ့ မြန်မာ့အရေး ဆောင်ရွက်တဲ့နေရာတွေမှာ ဒေသတွင်းက မိတ်ဆွေ နိုင်ငံတွေနဲ့ပါ ညှိနှိုင်းဆောင်ရွက်သွားမယ်လို့ အရင်ပြောထားတဲ့အတိုင်း ရှေ့ဆက် အမေရိကန်ပြည်ထောင်စု အနေနဲ့ မြန်မာ့အရေးကို ဘယ်လို ကိုင်တွယ်တုံ့ပြန်သွားမလဲ ဆိုတာ အခု မစ္စတာဒဲရက်မစ်ချဲလ် ခရီးစဉ်ကနေ ညှိနှိုင်းအသိပေးလိုတဲ့သဘော ဖြစ်ပါတယ်။ အမေရိကန်ပြည်ထောင်စုရဲ့ မြန်မာနိုင်ငံဆိုင်ရာ မူဝါဒ ညှိနှိုင်းရေးမှူး ဒဲရက်မစ်ချဲလ်ဟာ ဒီခရီးစဉ်အတွင်းကနေ တရုတ်၊ ဂျပန်၊ တောင်ကိုရီးယားအစိုးရတွေနဲ့ တွေ့ဆုံညှိနှိုင်းပြီး မြန်မာ့နိုင်ငံအရေးကို ဘယ်လို ပူးပေါင်း ဆောင်ရွက်မလဲ ဦးဆောင်လုပ်သွားနိုင်မယ့် အခွင့်အလမ်းရရှိမှာ ဖြစ်တယ်လို့ နိုင်ငံခြားရေးဌာန ပြောခွင့်ရသူ ဗစ်တိုးရီးယားနျူလန် (Vitoria Nuland) က ပြောသွားပါတယ်။
“ဘာတွေ ဆောင်ရွက်သွားမလဲဆိုတာ ကြိုဆွေးနွေးပြီးသားတော့ရှိပါတယ်။ ဒါပေမဲ့ မသွားခင် ဆုံးဖြတ်တာ မရှိခဲ့ပါဘူး။ မြန်မာပြည်ရောက်တော့မှ အမေရိကန်ပြည်ထောင်စုအနေနဲ့ ဘာတွေ အကောင်အထည်ဖော် တုံ့ပြန်မလဲဆိုတာကို ဆုံးဖြတ်ခဲ့ပါတယ်။ ဒါကြောင့် အခု အထူးကိုယ်စားလှယ် ဒဲရက်မစ်ချဲလ်ဟာ ဒေသတွင်းမှာရှိတဲ့ မိတ်ဆွေနိုင်ငံတွေနဲ့ သွားရောက်တွေ့ဆုံပြီး အမေရိကန်ဘက်က ဒီခြေလှမ်းတွေကို ဘာကြောင့်လုပ်တယ်၊ ဒီအတွက်လဲ ဘယ်လို မျှော်လင့်ထားတယ် ဆိုတာတွေကို ရှင်းပြရင်း မြန်မာ့အရေး ညှိနှိုင်းဆွေးနွေးသွားဖို့ ဖြစ်ပါတယ်။”
အမေရိကန်ပြည်ထောင်စု အနေနဲ့ ဆုံးဖြတ်ပြီးသား မြန်မာ့အရေး ခြေလှမ်းတွေ ဘာလဲဆိုတာ မပြောပေမဲ့လို့ နိုင်ငံခြားရေးဝန်ကြီး ကလင်တန် မြန်မာပြည်မှာ ပြောသွားခဲ့စဉ် အကူအညီ အထောက်အပံ့အချို့ ပေးမယ်ဆိုတဲ့ ကိစ္စတွေအပေါ်မှာလည်း မစ္စတာဒဲရက်မစ်ချဲလ်အနေနဲ့ ထည့်သွင်း ဆွေးနွေး ရှင်းပြဖွယ် ရှိပါတယ်။
မြန်မာ့အိမ်နီးချင်း အင်အားကြီး တရုတ်နဲ့ဆက်ဆံရေးပိုင်းမှာတော့ မြန်မာကိစ္စနဲ့ပတ်သက်ပြီး ဆက်ဆံရေး ထိပ်တိုက်တွေ့စရာ မရှိဘူးလို့ အမေရိကန်ပြည်ထောင်စုက ယူဆပါတယ်။ အမေရိကန်အနေနဲ့ တရုတ်-မြန်မာဆက်ဆံရေး ကောင်းမွန်တာကို မြင်တွေ့လိုသလိုပဲ အမေရိကန်ပြည်ထောင်စုရဲ့ သဘောထားအမြင် မူဝါဒတွေကိုလည်း တရုတ်ကို ပွင့်ပွင့်လင်းလင်း အသိပေး ဆောင်ရွက်သွားမယ်လို့ အမေရိကန် နိုင်ငံခြားရေးပြောခွင့်ရသူက ပြောပါတယ်။
အဓိကအချက်ကတော့ အမေရိကန်ပြည်ထောင်စုအနေနဲ့ မြန်မာနိုင်ငံ အနာဂတ်နိုင်ငံရေးကို ပိုပြီး အလေးပေးပြီး တိုးတက်လာတဲ့ အခြေအနေ တစ်ခုချင်းအတွက် ခြေလှမ်းတစ်လှမ်းချင်း တုံ့ပြန်သွားမယ်ဆိုတဲ့ သဘောထား ရှိတယ်လို့ နိုင်ငံခြားရေးပြောခွင့်ရသူ ဗစ်တိုးရီးယားနျူလန်က ပြောပါတယ်။
“မြန်မာပြည်ရဲ့ ဒီမိုကရေစီအနာဂတ်ကို ရှုမြင်လိုပါတယ်။ လွတ်လပ်ပြီး မှန်ကန်တဲ့ ရွေးကောက်ပွဲတွေမှာ မြန်မာပြည်သူတွေ ပါဝင်ပတ်သက်ခွင့်ရတာကို မြင်လိုပါတယ်။ ဒီရွေးကောက်ပွဲမှာ ဒေါ်အောင်ဆန်းစုကြည် လည်း ပါဝင်လိုရင် ပါဝင်ခွင့်ရတာကို မြင်လိုပါတယ်။ နိုင်ငံရေးအကျဉ်းသားတွေနဲ့ ပတ်သက်လို့ကတော့ နိုင်ငံခြားရေးဝန်ကြီးကလင်တန် ပြောခဲ့သလိုပါပဲ။ တစ်ယောက်ဆိုတစ်ယောက် လွှတ်တာဟာ အရေးကြီးပါတယ်။ ဒုက္ခသည်တွေ နေရပ်ကို ပြန်လာနိုင်ဖို့အတွက်လည်း မြန်မာနိုင်ငံတွင်း အမျိုးသား ပြန်လည်သင့်မြတ်ရေးအတွက် ဆောင်ရွက်ဖို့ လိုအပ်တယ်ဆိုတာကိုလည်း အမေရိကန်ပြည်ထောင်စုက ရှင်းရှင်းလင်းလင်း ပြောထားပါတယ်။”
မစ္စတာဒဲရက်မစ်ချဲလ်ဟာ ပြီးခဲ့တဲ့ နိုင်ငံခြားရေးဝန်ကြီးကလင်တန်ရဲ့ မြန်မာပြည်ခရီးစဉ်အတွင်းမှာ အနီးကပ်ပါသွားခဲ့သူ ဖြစ်ပါတယ်။ ဒါကြောင့်လဲ နိုင်ငံခြားရေးဝန်ကြီးကလင်တန် ခရီးစဉ်ကိစ္စကိုလည်း မြန်မာအိမ်နီးချင်းမိတ်ဆွေ နိုင်ငံတွေကို ရှင်းပြလိမ့်မယ်လို့ မျှော်လင့်ရပါတယ်။ အမေရိကန်သမ္မတ ဘရက်အိုဘားမားဟာ အင်ဒိုနီးရှား ဘာလီကျွန်း အာဆီယံအစည်းအဝေး လာရောက်စဉ်မှာ သူ့အနေနဲ့ နိုင်ငံခြားရေးဝန်ကြီးကလင်တန်ကို မြန်မာပြည်ကို စေလွှတ်မယ်ဆိုတဲ့အကြောင်းနဲ့ ဘာကြောင့် အခုလို သွားရောက်မယ် ဆိုတာကိုတော့ သမ္မတအိုဘားမားကိုယ်တိုင် အဲဒီမှာ တရားဝင်ရှင်းလင်းခဲ့ဖူးပါတယ်။",,,,,,
<urn:uuid:39fa0a18-ccdc-43e9-9dfe-7c1c617cd6a5>,"နေပြည်တော်၊ သြဂုတ် (၉) ရက်
စစ်ကိုင်းတိုင်းဒေသကြီး၊ မုံရွာမြို့တွင် ဟိုတယ်နှင့်ခရီးသွားလာရေးဝန်ကြီးဌာန၏ လမ်းညွှန်မှု၊ ဟိုတယ်နှင့်ခရီးသွားညွှန်ကြားမှုဉီးစီးဌာန၊ (မုံရွာ)ရုံးခွဲနှင့် ဟိုတယ်လုပ်ငန်းရှင်များအသင်း (စစ်ကိုင်းဇုန်)တို့ ပူးပေါင်း၍ ဟိုတယ်ဆိုင်ရာဝန်ဆောင်မှုသင်တန်း(၄)မျိုးကို (၁၉.၈.၂၀၁၉)ရက်နေ့မှ(၁၄.၉.၂၀၁၉) ရက်နေ့ အထိ(၄)ပတ်ကြာ သင်ကြားပို့ချသွားမည်ဖြစ်ပြီး သင်တန်းတက်ရောက်လိုသူများ အနေဖြင့် သင်တန်းဝင်ခွင့်လျှောက်လွှာသတ်မှတ်ချက်များနှင့် အညီ (၁၇.၈.၂၀၁၉) ရက်နေ့ နောက်ဆုံးထား၍ ချင်းတွင်းမြစ်ဟိုတယ်၊ ကျောက်ကာလမ်း၊ ရန်ကင်း ရပ်ကွက် ၊ မုံရွာမြို့သို့ ပေးပို့လျှောက်ထားရမည်ဖြစ်ပြီး သင်တန်းဝင်ခွင့်အသေးစိတ်အချက်အလက် များအား ဖုန်း ၀၉-၉၆၈၆၁၈၈၈၀ ၊ ၀၉-၆၉၁၂၃၁၄၄၅ သို့ ဆက်သွယ်မေးမြန်းနိုင်ပါသည်။",,,,,,
<urn:uuid:1eb9394a-9f04-4bd8-af10-dee500c22ad4>,"ဓီရာမိုရ်ဆိုတာ ဂီတလောကမှာ မသိသူ မရှိလောက်အောင် ထူးချွန်လှတဲ့ အနုပညာ သမားတစ်ဦးပါ။ သူနဲ့ အကယ်ဒမီ ပေးပွဲမတိုင်ခင် အင်တာဗျူး ဖြစ်တုန်းက “အစ်ကို ဒီနှစ်အကယ်ဒမီ အတွက် အစ်ကို့ နာမည်ကြားနေတယ်။ အကယ်ဒမီ အတွက် ရင်ခုန်မှုရှိလား” လို့မေးဖြစ်ခဲ့ပါတယ်။ သူက “ကျွန်တော် ကတော့ အကယ်ဒမီ တစ်ခါတော့ ရပြီးပြီ။ ကျွန်တော့် အနေ နဲ့ကတော့ အကယ်ဒမီ ထပ်ရ ပါစေတို့ ဘာတို့တော့ ကျွန်တော့် စိတ်ထဲမှာ သိပ်မရှိဘူးဗျ။ အတတ်နိုင်ဆုံး ကိုယ်ကြိုးစားဖို့ပဲ ဆိုတဲ့ အပိုင်းပဲ ရှိတာပေါ့နော်။ အကယ်ဒမီ ကတော့ အဲဒီလောက်ပါပဲ” လို့ ရိုးရိုးသား သားပဲပြောခဲ့ပါ တယ်။ အကယ်ဒမီပေးပွဲ မှာတော့ ၂ဝ၁၆ ခုနှစ်အတွက် အကောင်း ဆုံး တေးဂီတဆုကို ဓီရာမိုရ်က “လူးရတနာသိုက်” ဇာတ်ကားနဲ့ ရရှိသွားခဲ့ပါတယ်။ သူက ၂ဝဝ၉ ခုနှစ် တုန်းကလည်း “ဇော်က ကနေသည်” ဇာတ်ကားနဲ့ ပထမဆုံး ရွှေစင်ရုပ်တုကို ဆွတ်ခူးခဲ့ဖူးသူပါ။
“ပီတိက အဓိကကတော့ ၂ချက်ပေါ့။ တစ်ချက်ကတော့ မိသားစုတွေနဲ့ Community အသိုင်းအဝိုင်းကို ပျော်ရွှင်အောင် လုပ်ပေးနိုင်တဲ့ အတွက် ဝမ်းသာ တယ်။ အထူးသဖြင့်တော့ အကယ်ဒမီ ပေးပွဲမှာပြောသလိုမျိုး မိဘနှစ်ပါး အတွက်၊ သားတွေသမီးတွေ အတွက် ဒီလိုမျိုး ခံစားကြည့်တဲ့အခါ ကျတော့ ခံစားရတာ ကောင်း တယ်လေ။ အဲဒါတစ်ချက်ပေါ့နော်။ နောက်တစ်ချက် ကတော့ ဘဘဗိုလ်ကလေး တင့် အောင်ပေါ့။ သူကအသက် ၉၅ နှစ်ရှိပြီ။ သူကိုယ်တိုင် လက်ဆွဲ နှုတ်ဆက်ပြီးတော့ ဆုကို ပေးသွားတာပေါ့နော်။ အဲဒါကတော့ အရမ်း ကို ပီတိဖြစ်ပါတယ်” သူက ပွဲပြီးတဲ့နောက် အင်တာဗျူး မေးမြန်းတဲ့အခါ ပြန်လည်ဖြေကြားခဲ့ပါ တယ်။
အမျိုးသား ယဉ်ကျေးမှုနှင့် အနုပညာတက္ကသိုလ်၊ ဂီတဌာနရဲ့ ပါမောက္ခ(ဌာနမှူး) တစ်ယောက် ဖြစ်တဲ့ ဓီရာမိုရ်က သူ့ရဲ့ကျောင်းကို ရာနှုန်းပြည့် အချိန်ပေးနေ ရတာ ကများပါတယ်။ ကျန်တဲ့ အချိန်တွေမှသာ သူ့ရဲ့အနုပညာအလုပ် တွေကို လုပ်ကိုင်ဖြစ် နေတာဖြစ် ပါတယ်။
အခုတော့ အကယ်ဒမီ ပေးပွဲကြီးလည်း ပြီးသွားပြီ၊ ချီးမွမ်းသံတွေ၊ ဝေဖန် သံတွေလည်း ထွက်ပေါ်လာခဲ့ ပြီးပြီဆို တော့ အကယ်ဒမီပွဲ အပေါ် ဓီရာမိုရ် ရဲ့အမြင်ကို မေးမြန်းဖြစ်ခဲ့တဲ့အခါ “အကယ် ဒမီပွဲဆိုတာကတော့ အနုပညာ သမားတွေ အတွက် တစ်နိုင်ငံလုံးက ဂုဏ်ပြုတဲ့ပွဲပေါ့နော်။ အဲဒီလိုပွဲတွေကို ခမ်းနားသထက် ခမ်းနား အောင် စီစဉ်တာကောင်းပါ တယ်။ ကျန်တဲ့ အနုပညာပွဲတွေ လည်း ရှိသလို အကယ်ဒမီပွဲ ကတော့ ထိုက်ထိုက် တန်တန် ဂုဏ်ပြုတယ်။ လူသိ ထင်ရှားဖြစ်တယ်ပေါ့နော်။ အဲဒီလို ပွဲတွေ ကိုတော့ သေသေချာချာ၊ ခမ်းခမ်းနားနား နဲ့ နှစ်စဉ်ကျင်းပတာ က ကောင်းတယ် ထင်ပါတယ်” လို့ သူက ပြောပြခဲ့ပါတယ်။
မျိုးမောင်",,,,,,
<urn:uuid:ec8f4109-3c63-4620-a2df-696b07a4ff01>,"ဇန်နဝါရီ ၇-၈ ရက်နေ့များတွင် မြန်မာသို့ ရောက်လာရန် ရှိနေသော ကမ္ဘောဒီယား အာဏာရှင် ဟွန်ဆန်၏ ခရီးစဉ် အထမမြောက်စေရေး အတွက် ဖြစ်သည့် နည်းဖြင့် လုပ်ဆောင်သွားမည်ဟု နိုင်ငံလုံး ဆိုင်ရာ အထွေထွေ သပိတ်ညှိနှိုင်းရေး ကော်မတီ (GSCB) က ကြေညာချက် ထုတ်ပြန်လိုက်ပြီး အဆိုပါ ခရီးစဉ်အတွက်လည်း ဟွန်ဆန် အား ရှုတ်ချလိုက်သည်။
အဆိုပါ အဖွဲ့ကြီးသည် နိုင်ငံတဝှမ်း ရှိ စစ်အာဏာရှင် ဆန့်ကျင်ရေး အဖွဲ့ပေါင်း ၂၆၀ ကျော်ဖြင့် ဖွဲ့စည်းထားခြင်းလည်း ဖြစ်သည်ဟု သိရသည်။
၇၄ နှစ်မြောက် လွတ်လပ်ရေးနေ့အတွက် ယခုထိ ဝမ်းမြောက် ဂုဏ်ယူကြောင်း သဝဏ်လွှာ ပေးပို့သည့် နိုင်ငံ လေးနိုင်ငံထဲတွင် ကမ္ဘောဒီယားလည်း ပါဝင်ခဲ့သည်။
ဟွန်ဆန်သည် မြန်မာ ပြည် ခရီးစဉ် နှင့် ပတ်သက်ပြီး ၎င်းနိုင်ငံ အတွင်း နှင့် ပြည်ပ ၏ ဝေဖန် ရှုတ်ချခြင်းကို ခံနေရသဖြင့် မရှိမဲ့ ရှိမဲ့ ဂုဏ်သိက္ခာ ထပ်မံ ကျဆင်းသွားခဲ့ရသည်သာ အဖတ်တင်ခဲ့သည်။
သို့သော် ၎င်း စိတ်ထဲတွင် မြန်မာ အကျပ်အတည်းကို ဖြေရှင်းနိုင်လိမ့်မည်ဟု အထင်ကြီးနေသည့် စိတ်က လွှမ်းမိုးနေခဲ့၍ ယခုလို ခရီးစဉ်ကို ဇွတ်အတင်း စီစဉ်လာခဲ့ခြင်းပင် ဖြစ်သည်။
ထိုအတွက်လည်း မိမိ ခရီးစဉ်သည် နိုင်ငံတွင်း အကြမ်းဖက်မှုများ မဖြစ်ပေါ်အောင် နှစ်ဖက်စလုံးက ထိန်းချုပ်ပြီး အာဆီယံ မူငါးချက်အား အကောင်အထည် ဖေါ်နိုင်ရန် ကြိုးပမ်းနိုင်ရေး လာရောက်ခြင်း ဖြစ်သည်ဟု ဟွန်ဆန် က လေပြေထိုးလာခဲ့ပြီ ဖြစ်သည်။
ယခင်က အကြမ်းဖက် စစ်ကောင်စီအား အာဆီယံ အဖွဲ့တွင် ပြန်လည် ဝင်ဆံ့နိုင်ရေး အတွက် တရုတ်၏ တိုက်တွန်း မှု ဖြင့် ကြိုးပမ်းရန် ကြံစည်ခဲ့ခြင်းလည်း ဖြစ်သည်။
ကမ္ဘောဒီယား နိုင်ငံခြားရေး ဝန်ကြီး ကမူ မြန်မာပြည် အခြေအနေသည် ဆိုးဝါးလာနေပြီး ပြည်တွင်းစစ်ကြီး မီးဟုန်းဟုန်း တောက်လာရန် လောင်စာများ အရံသင့် ရှိလာနေပြီဟု ထုတ်ဖေါ်ပြောဆိုလာခဲ့သည်။
တိုင်းပြည်အတွက် နဂိုကတည်းကပင် စဉ်းစား လုပ်ဆောင်ဖို့ ခေတ်အဆက်ဆက် သင်ကြား လေ့ကျင့်ခြင်း မခံခဲ့ရသော မြန်မာ စစ်ခေါင်းဆောင်များကမူ ၎င်းတို့ ရင်ဆိုင်နေရသော ပြဿနာကို အချောင် ပြေလည်စေမည့် နည်းကလွဲ၍ တပြားသားမျှ အလျော့ပေးလိုစိတ် မရှိသည်ကိုလည်း အားလုံးက လက်ခံထားကြပြီး ဖြစ်သည်။
ထို့အတွက်လည်း ဟွန်ဆန် ခရီးစဉ်အတွင်း နိုင်ငံတော် အတိုင်ပင်ခံ ဒေါ်အောင်ဆန်းစုကြည်နှင့် တွေ့ဆုံခွင့် ပြုမည် မဟုတ်ဟု ဇော်မင်းထွန်းက အတိအလင်း သတိပေးလာခဲ့သည်။
ကမ္ဘောဒီယား နိုင်ငံခြားရေး ဝန်ကြီးဌာန ပြောခွင့်ရသူကမူ “ဧည်သည်တော်တဦး၏ လုံခြုံရေး ကို အိမ်ရှင်နိုင်ငံက တာဝန်ယူ စောင့်ရှောက်ရစမြဲ ဖြစ်သည်ကို ယုံကြည်မှု ရှိသဖြင့် ခရီးစဉ်ကို အပြောင်းအလဲ လုပ်မည် မဟုတ်ဟု” ဆိုသည်။
ဟွန်ဆန်၏ ခရီးစဉ်သည် မြန်မာပြည်သူများ ၏ အကျိုးသာမက ဒေသတွင်း တည်ငြိမ်ရေးကိုပါ ခြိမ်းခြောက်လာနေသည်ဟု GSCB မှ တာဝန်ရှိသူ တဦး ဖြစ်သည့် ဦးချစ်ဝင်းမောင်က ပြောကြောင်း မြန်မာ နောင်းတွင် ဖေါ်ပြထားသည်။
လက်ရှိတွင် စစ်တပ်သည် ကယားပြည်နယ် အတွင်း ရှိ ဒီမောဆိုး မြို့နယ် ၏ ၈၀ ရာနှုန်းကို လက်လွှတ်လိုက်ရပြီ ဖြစ်ပြီး ၎င်းတို့ ထိန်းချုပ်ထားသည့် ဒေသ ဟူသမျှ တွင်လည်း လူသူဟူ၍ မရှိတော့ပဲ သစ်ပင်များသာ ကျန်တော့သည့် အဖြစ်နှင့် ရင်ဆိုင်နေရပြီ ဖြစ်သည်ဟု သတင်းများက ဆိုသည်။
ယခုအခါ ကယားပြည်နယ် အတွင်းရှိ ကရင်နီ တိုင်းရင်းသား အားလုံးလိုလိုက စစ်ကောင်စီ တပ်များကို တညီတညွတ်တည်း ခုခံတွန်းလှန်နေကြပြီ ဖြစ်သည်။
တနင်္လာနေ့က ဖြစ်ပွားသော မုန်းကိုး ဒေသ အနီး တိုက်ပွဲများ တွင်လည်း စစ်ကောင်စီ တပ်များ အကျအဆုံး များစွာ ဖြင့် ဆုတ်ခွာသွားရပြီး MNDAA မှ လက်နက် အမြောက်အမြားကို သိမ်းဆည်း ရမိသွားခဲ့သည်။
ချင်းပြည်နယ် မတူပီ မြို့နယ် အတွင်း ရှိ စစ်စခန်းတခုအား ချင်း PDF တပ်များက ဝိုင်းရံ ပိတ်ဆို့ထားပြီး စစ်ကောင်စီ တပ်သား ၆၀ ခန့် သည် မင်းအောင်လှိုင် ပေးမည့် သူရဘွဲ့ရရှိရေး အတွက် ဘန်ကာများ အတွင်း ပုန်းအောင်း ခုခံနေဆဲ ဖြစ်သည်ဟု သိရသည်။
ကရင်နီ နှင့် ချင်းပြည်နယ် ဒေသများတွင် ပြီးခဲ့သည့် နှစ်ရက်အတွင်း ဖြစ်ပွားခဲ့သော တိုက်ပွဲများတွင် ဒုတပ်ရင်းမှုး တဦး အပါအဝင် စစ်ကောင်စီတပ်သား ၂၀ ခန့် ကျဆုံးသွားသည်ဟု ဧရာဝတီ သတင်းက ဆိုသည်။
စစ်ကောင်စီ တပ်များ၏ လက်ချက်ဖြင့် လေးကေ့ကော် ဒေသတွင် သတင်းထောက် ကိုစိုင်းဝင်းအောင် ခေါ် အေဆိုင်းကေ သေဆုံးခဲ့ရမှု အတွက် ယူနက်စကို အသင်းကြီး၏ ညွှန်ကြားရေးမှုး ချုပ် အော်ဒရေး အာဇူးလေး မှ ပြစ်တင် ရှုတ်ချလိုက်သည်။
ကိုစိုင်းဝင်းအောင်သည် ဒီဇင်ဘာလ အတွင်း ဒုတိယမြောက် အသတ်ခံခဲ့ရသော သတင်းသမား တဦးလည်း ဖြစ်သည်ဟု ဆိုသည်။
မြန်မာ ပြည်သူများ အကြမ်းဖက် စစ်ကောင်စီ လက်ချက်ဖြင့် ယခုအချိန်အထိ သေဆုံးခဲ့ရသူ စုစုပေါင်း ၁,၄၃၇ ဦး အထိ ရှိလာနေပြီ ဖြစ်၍ အမေရိကန် နှင့် အနောက်နိုင်ငံများ အား ထိုကိစ္စ အပေါ် အရေးယူ ဆောင်ရွက်ရန် ဖိအားများ တိုးတက်များပြားလာနေပြီ ဖြစ်သည်ဟု နယူးဝိခ် မဂ္ဂဇင်းတွင် ရေးသားထားသည်။
တော်လှန်ရေးကြီး မုချ အောင်ရမည်!!!
Hla Soewai",,,,,,
<urn:uuid:e4a25972-690a-4b5a-9d6d-488d139f05dd>,"ရန်ကုန်တွင် အထပ်မြင့် ဆောက်လုပ်ခွင့် ကန့်သတ်ဧရိယာ တိုးချဲ့
This article has been converted from Zawgyi One to Unicode
ရန်ကုန်မြို့တော် စည်ပင် သာယာရေး ကော်မတီက ကန်တော်ကြီးနှင့် တရိစ္ဆာန် ဥယျာဉ် ပတ်ဝန်းကျင်ဒေသများကို အထပ်မြင့် အဆောက်အအုံ ဆောက်လုပ်ခွင့် ကန့်သတ် ဧရိယာထဲသို့ ထည့်သွင်း သတ်မှတ်လိုက်ပြီး စိမ်းလန်းစိုပြေရေး ဧရိယာများ အဖြစ် အင်လျားကန်၊ လှော်ကား ဥယျာဉ် တို့ကို သတ်မှတ်လိုက်ကြောင်း ယနေ့ထုတ် ကြေးမုံ သတင်းစာ၌ ဖော်ပြထားသည်။ ယင်းကန့်သတ် ဧရိယာ အတွင်း အမြင့်ပေ ၆၂ ပေ ထက် မပိုသည့်ထပ်မြင့် အဆောက်အဦးများသာ ဆောက်လုပ်ခွင့် ပြုကြောင်း သိရှိရသည်။",,,,,,
<urn:uuid:f61abf37-157d-4e71-8c6a-f9bd2fac4c01>,"အမှတ်တံဆိပ်: youjian
ထုပ်ပိုး: အမြောက်အများအတွက်ဝန်ကိုထမ်းရွက်
Supply နိုင်ခြင်း: 10000
မော်ဒယ်နံပါတ်။: BOOD-353
မူလအစရာ: Botou မြို့, hebei ပြည်နယ်, တရုတ်
tag ကို: လျှပ်စစ်ကြှေးမှေး၏ Rotary Valve , granular discharge Rotary Valve , Pneumatic Rotary Valve Cement
ကုန်ချ ရိနာစွဲမကြာခဏပါဝါ output ကိုစနစ်ကိုအသုံးပြုသည်, ထိုဖိအားပေးမှု output ကိုစနစ်ကဒါမှမဟုတ်အနုတ်လက္ခဏာဖိအား output ကို system အတွက်, ရိနာစွဲ device ကိုအချိုးကျနှင့်စဉ်ဆက်မပြတ်တိုက်ကျွေးပြွန်မှထောက်ပံ့ပါဝါ output ကိုပိုက်အတွင်းဓာတ်ငွေ့သေချာစေရန်,...",,,,,,
<urn:uuid:cdac5c6c-4514-47cb-a5cb-5f933c353c21>,"၀င်ကြည့်ရင်းကြက်သိန်းမွှေးညှင်းများထသွားစေမဲ့ လပြတ်သင်တန်းသားရဲဘော်တွေ စခတွေကို တွယ်နေပီ(ရုပ်သံ)
မုန့်ဟင်းခါး၃၀ထက်မနည်း❤️
၀င်ကြည့်ရင်းကြက်သိန်းမွှေးညှင်းများထသွားစေမဲ့ လပြတ်သင်တန်းသားရဲဘော်တွေ စခတွေကို တွယ်နေပီ(ရုပ်သံ)
မုန့်ဟင်းခါး၃၀ထက်မနည်း❤️
၀င်ကြည့်ရင်းကြက်သိန်းမွှေးညှင်းများထသွားစေမဲ့ လပြတ်သင်တန်းသားရဲဘော်တွေ စခတွေကို တွယ်နေပီ(ရုပ်သံ)
မုန့်ဟင်းခါး၃၀ထက်မနည်း❤️
မုန့်ဟင်းခါး၃၀ထက်မနည်း❤️
မုန့်ဟင်းခါး၃၀ထက်မနည်း❤️
မုန့်ဟင်းခါး၃၀ထက်မနည်း❤️
မုန့်ဟင်းခါး၃၀ထက်မနည်း❤️
မုန့်ဟင်းခါး၃၀ထက်မနည်း❤️
မုန့်ဟင်းခါး၃၀ထက်မနည်း❤️
မုန့်ဟင်းခါး၃၀ထက်မနည်း❤️
ရုပ်သံကြည်ရန်👇👇👇
ခရက်ဒစ်ဗီဒီယို",,,,,,
<urn:uuid:39baa274-d8fe-4e1b-ab45-77a62c3e0836>,"Skip to main content
English
မြန်မာ
Search form
Search
ကုန်သွယ် / ဦးစီး
ကုန်သွယ်မှုကိန်းဂဏန်းများ
နယ်စပ်သတင်း
ဓာတ်ပုံများ
You are here
Home
»
ဌာနအလိုက်လှုပ်ရှားမှုများ
»
WTO နှင့် အပြည်ပြည်ဆိုင်ရာ ကုန်သွယ်မှုနှင့် ဆက်နွယ်သော အဖွဲ့အစည်းများဌာနခွဲ
နည်းပညာဆောင်ရွက်ချက်များ
E- Payment စနစ်
Online Services ဆောင်ရွက်မှု
ပို့ကုန် သွင်းကုန်လုပ်ငန်းရှင် မှတ်ပုံတင်
အပြည်ပြည်ဆိုင်ရာ ကုန်သွယ်ရေး ဆက်ဆံမှု
နယ်စပ်ဒေသများရှိ ကုန်သွယ်ရေးစခန်းများ
ဆောင်းပါးများ
WTO/ဖွဲ့စည်းပုံ
WTO နှင့် အပြည်ပြည်ဆိုင်ရာ ကုန်သွယ်မှုနှင့် ဆက်နွယ်သော အဖွဲ့အစည်းများဌာနခွဲ",,,,,,
<urn:uuid:708046c5-844b-4499-9241-1e077f60db48>,"Cobra Gold စစ်ရေး လေ့ကျင့်မှုသည်၊ နှစ်စဉ် ကျင်းပလာခဲ့ရာ ယခုနှစ်တွင် (၇)နိုင်ငံ အထိ ဖြစ်လာခဲ့ပါသည်။ ယခု လေ့ကျင့်မှုတွင် အင်အား တသောင်းကျော်ဖြင့် Cobra Gold အမည်ရ Military Exercise ကို ထိုင်းနိုင်ငံတွင် ဖေဖော် ဝါရီ ၁၀ ရက်နေ့က စတင်ပြုလုပ်ခဲ့ပါသည်။ ယင်းစစ်ရေး လေ့ကျင့်မှုတွင် အမေရိကန် ဦးဆောင်ပြီး တောင်ကိုရီးယား၊ ထိုင်း၊ ဂျပန်၊ စင်္ကာပူ၊ အင်ဒိုနီးရှား၊ မလေးရှား စသည့် နိုင်ငံတို့ ပါဝင် လာခဲ့သည်ဟု AFP ကဆိုပါသည်။ ယင်းစစ်ရေးပြ လေ့ကျင့်မှုတွင် အမေရိကန် စစ်သား ၉၀၀၀ နှင့် ထိုင်း၊ စင်္ကာပူ၊ ဂျပန်၊ အင်ဒိုနီးရှား၊ မလေးရှား၊ တောင်ကိုရီးယား တို့မှ စစ်သားပေါင်း ၃၆၀၀ ကျော် ဝင်ခဲ့သည်။ ယင်းစစ်ရေး လေ့ကျင့်မှု၏ ရည်ရွယ်ချက်မှာ တောင်တရုတ် ပင်လယ်ကွေ့ နှင့် အနီးအနား ဒေသများ၌ တရုတ်တို့၏ စစ်သြဇာကြီးမားလာမှုကို ထိမ်းညှိသော အားဖြင့် အမေရိကန် ဦးဆောင်သည့် အင်အားပြသသော လေ့ကျင့်မှု တစ်ခုဖြစ်ကြောင်း သိရပါသည်။
အာရှ ပစိတ်ဖိတ် နှင့် တောင်တရုတ် ပင်လယ်ဒေသ၌ တရုတ်တို့၏ စစ်အင်အား ကြီးမားလာခြင်းအပေါ် အင်အားပြသည့် အနေဖြင့် လေ့ကျင့်ပြုလုပ်သော အမေရိကန်မှ ဦးဆောင်ပြုလုပ်သည့် ပထမဦးဆုံး စစ်ရေးပြ လေ့ကျင့်မှုဖြစ်ပြီး နှစ်စဉ် ကျင်းပသွားမည် ဖြစ်ကြောင်း သိရပါသည်။ ရွှေဟင်္သာ By Ref:AFP
သဘာဝမြေမှကူးယူဖော်ပြပါသည်။
သဘာဝမြေမှကူးယူဖော်ပြပါသည်။",,,,,,
<urn:uuid:d9f6fd31-afde-40bd-9ab3-329ea5a71fab>,"1တဖန် ထာဝရဘုရားသည် မောရှေအား မိန့်တော်မူသည်ကား၊ 2သင်သည် ဣသရေလအမျိုးသားတို့အား ဆင့် ဆိုပြီးမှ၊ ဘိုးဘအဆွေအမျိုးအလိုက် ဣသရေလ ဆယ်နှစ် မျိုး၌ မင်းပြုသောသူအသီးအသီးပေးရသော လှံတံဆယ် နှစ်ချောင်းတို့ကို ယူ၍၊ လူတိုင်းအမည်ကို သူ့လှံတံပေါ်မှာ ရေးထားလော့။ 3လေဝိအမျိုး၏လှံတံပေါ်မှာ အာရုန်အမည်ကို ရေးထားလော့။ ဘိုးဘအဆွေအမျိုးသူကြီးတဦးလျှင် လှံတံတချောင်းစီရှိရမည်။ 4ထိုလှံတံတို့ကို ငါဗျာဒိတ်ပေးရာ အရပ်၊ ပရိသတ် စည်းဝေးရာ တဲတော်အတွင်း၊ သက်သေခံချက်ရှေ့မှာ တင်ထားလော့။ 5ငါရွေးကောက်သောသူ၏ လှံတံသည် အပွင့် ပွင့်လိမ့်မည်။ ထိုသို့ပြုမှ ဣသရေလအမျိုးသားတို့သည် သင်၌ အပြစ်တင်၍ မြည်တမ်းခြင်းကို နောက်တဖန် ငါနားမငြီးရာဟု မိန့်တော်မူသည်အတိုင်း၊ 6မောရှေသည် ဣသရေလအမျိုးသားတို့အား ဆင့်ဆို၍၊ မင်းအပေါင်းတို့သည် ဘိုးဘအဆွေအမျိုး အလိုက်၊ မင်းတဦးလျှင် လှံတံတချောင်းစီ လှံတံဆယ်နှစ် ချောင်းတို့ကို ပေးကြ၏။ အာရုန်၏လှံတံသည် လှံတံများ ၌ ပါသတည်း။ 7မောရှေသည် ထိုလှံတံတို့ကို သက်သေခံချက် တဲတော်အတွင်း၊ ထာဝရဘုရားရှေ့တော်၌ တင်ထား လေ၏။ 8နက်ဖြန်နေ့၌ သက်သေခံချက်တဲတော်အတွင်း သို့ မောရှေဝင်သောအခါ၊ လေဝိအမျိုးနှင့်ဆိုင်သော အာရုန်၏လှံတံသည် အရွက်ထွက်လျက်၊ ငုံလျက်၊ ပွင့် လျက်၊ ဗာတံသီးကို သီးလျက်ရှိ၏။ 9မောရှေသည် လှံတံရှိသမျှတို့ကို ထာဝရဘုရား ထံတော်က ဣသရေလအမျိုးသားတို့ ရှေ့သို့ ထုတ်ဆောင် သဖြင့်၊ သူတို့သည် ကြည့်ရှု၍၊ လူတိုင်း မိမိလှံတံကို ယူပြန် လေ၏။ 10ထာဝရဘုရားကလည်း၊ ပုန်ကန်သောသူတို့ တဘက်၌ သက်သေဖြစ်စေခြင်းငှါ၊ အာရုန်၏ လှံတံကို သက်သေခံချက်ရှေ့၌ ပြန်ထား၍ အမြဲရှိစေလော့။ ထိုသို့ သူတို့သည် သေဘေးနှင့် လွတ်မည်အကြောင်း၊ သူတို့ အပြစ်တင်၍ မြည်တမ်းခြင်းကို ငါနားမငြီးရာဟု၊ 11မောရှေအား မှာထားတော်မူသည်အတိုင်း၊ မောရှေသည် ပြုလေ၏။ 12ဣသရေလအမျိုးသားတို့ကလည်း၊ အကျွန်ုပ်တို့ သည် သေကြေပျက်စီးကြပါ၏။ တယောက်မျှမကြွင်း ပျက်စီးရကြပါ၏။ 13ထာဝရဘုရား၏ တဲတော်ကို ချဉ်းကပ်သော သူ တိုင်း သေပါလိမ့်မည်။ အကျွန်ုပ်တို့ ရှိသမျှသည် သေဘေး သင့်၍ ဆုံးရှုံးခြင်းသို့ ရောက်ရကြပါဦးမည်လောဟု မောရှေအား လျှောက်ဆိုကြ၏။
Numbers 17",,,,,,
<urn:uuid:2ed7c434-5231-415b-bb85-c3df2080f068>,"အိုရှို
အမည်ရင်းမှာ ဘဂဝံရှရီရပ်ဂျနီးရှ် (Bhaghwan Shree Rajnessh) ဖြစ်သည်။ ၁၉၃၁ ခုနှစ်တွင်မွေးဖွားပြီး ၁၉၉၀ ခုနှစ် တွင်ကွယ်လွန်သည်။ အိန္ဒိယနိုင်ငံမှ ဘာသာရေးဆိုင်ရာ အငြင်းပွားဖွယ်ရာ ဟောပြောသွန်သင်ပြသသည့် ဆရာတစ်ဦးအနေဖြင့် လူသိများသည်။ အမေရိကန်၊ ဥရောပနှင့်အာရှနိုင်ငံများတွင် ထောင်ပေါင်းများစွာသောတပည့်သာဝကများရှိခဲ့သည်။ သူ့ဒဿနများသည် အနောက်တိုင်း နှင့်အရှေ့တိုင်းဒဿများကို ရောမွှေပေါင်းစပ်ထားခြင်းဖြစ်သည်။ အထူးသဖြင့် ဈင်ဗုဒ္ဓဝါဒကိုအခြေခံသည်ကများသည်။ သူဟောကြားသည့် တရားဒေသနာများတွင် တရားထိုင်ခြင်း၊ အတ္တကိုပယ်ခွာခြင်း၊ ပုဂ္ဂလိက ဆန္ဒများကိုစွန့်ပယ်ခြင်း၊ ဘဝအဓိပ္ပာယ်ကို စိတ်ကူးနှင့်လက်တွေ့ ပေါင်းစပ်စေခြင်းစသည့် ဦးတည်ချက်များဖြင့် ဟောပြောသွန်သင်ဆုံးမလေ့ရှိသည်။
ဒဿနပညာကို Jabalpur တက္ကသိုလ်တွင် သင်ကြားခဲ့သည်။ ၁၉၅၅ ခုနှစ်တွင် ထိုတက္ကသိုလ်မှ ဘီအေဘွဲ့ကိုရရှိခဲ့သည်။ Saugar တက္ကသိုလ်တွင် M.A ဘွဲ့ကို ၁၉၅၇ ခုနှစ်တွင် ထပ်မံရရှိခဲ့သည်။ သူ့မူလအမည်မှာ ချန်ဒရာမိုဟန်ဂျိန်း (Chandra Mohan Jain) ဖြစ်ပြီး၊ သူ့ကိုနောက်ပိုင်းတွင် ရဂျ်နီးရှ် ဟူ၍ခေါ်ကြသည်။ ဘဂဝံ ဆိုသည်မှာ ဟင်ဒီဘာသာစကားအရ ""နတ်ဘုရား"" ဟူ၍အဓိပ္ပာယ်ရသည်။ အိန္ဒိယ တစ်နိုင်ငံလုံးလှည့်လည်သွားလာပြီး သူ့အတွေးအခေါ်များကို ဟောပြောပို့ချခဲ့ပြီး Pune (Poona) တွင် တရားစခန်းတစ်ခုဖွင့်လှစ်ခဲ့သည်။ ၁၉၇၀ အစောပိုင်းမှစပြီး သူ၏ယုံကြည်မှုဆိုင်ရာသဘောထား၊ စိတ်ဝိညာဉ်ပိုင်းဆိုင်ရာ လွတ်လပ်သည့်အမြင်၊ လက်တွေ့ကျသည့် လိင်မှုဆိုင်ရာ အတွေးတို့ကြောင့် ဥရောပနှင့် အမေရိကနိုင်ငံများ အပါအဝင် ဘာသာဝင်ပေါင်း ၂၀၀၀၀၀ ခန့်အထိတိုးပွားလာသည်။
သူ့ကို အိန္ဒိယနိုင်ငံ Kuchwada တွင်မွေးဖွားခဲ့သည်။ ၁၉၆၆ ခုနှစ်လောက်ကတည်းက တက္ကသိုလ်ကိုစွန့်ခွာကာ နိုင်ငံအနှံ့ လှည့်လည်ပြီး ဘာသာရေးဆိုင်ရာ သူ့အယူအဆများကို လွတ်လပ်စွာ လှည့်လည်ဟောပြောပို့ချခဲ့သည်။ သူမကွယ်လွန်မီကာလအထိ သူ့တရား စခန်းသို့ ပြည်တွင်းပြည်ပမှ စိတ်ပါဝင်စားသူများ ထောင်သောင်းချီပြီး လာရောက်ဖူးမျှော်ရင်း တရားနာခဲ့ကြသည်။
သူ၏ Ashram တရားစခန်းတွင် တရားအားထုတ်နိုင်ခြင်း၊ စိတ်တင်းကျပ်မှုများ ခံစားရမှုများကို ပြေရာပြေကြောင်းရင်ဖွင့်နိုင်ခြင်း၊ စိတ်တည်ငြိမ်ရာ တည်ငြိမ်ကြောင်း ဆောက်တည်ခြင်းများကို ပြုလုပ်နိုင်သည်။ စိတ်ပိုင်းဆိုင်ရာပြုပြင်ပြောင်းလဲမှုများ သွန်သင်ဆုံးမမှုများကို လူကြိုက်များလှသဖြင့် နောက်လိုက်တပည့်သာ၀ကများ အတော်လေးတိုးပွားလာသည်။ အနောက်တိုင်းမှ တပည့်သာဝကများဆိုလျှင် သူတို့၏ အမည်များကို အိန္ဒိယသက္ကတဘာသာဖြင့် အမည်ပြောင်းကြသည်အထိ ဩဇာတိက္ကမကြီးထွားခဲ့သည်။ ထိုသို့အမည်ပြောင်းလိုက်ခြင်းဖြင့် သူတို့၏စိတ်ဓာတ်များ အသစ်တဖန်ပြန်လည်မွေးဖွားလာပြီဟူ၍ ယူဆကြသည်။ ၁၉၇၀ ကာလများအတွင်း သူ့တရားစခန်းတွင် တရားလာ အားထုတ်နေသူအချင်းချင်း အယူအဆများကွဲပြားကာ တိုက်ခိုက်မှုများဖြစ်ပွားခဲ့သည်။ ရပ်ဂျ်နီးရှ်ကလည်း ဤကမ္ဘာလောကကြီးတွင် သူ၏ တပည့်သာဝကများသာလျှင် လွတ်မြောက်ကျော်လွှားနိုင်သည်ဟူ၍မြင်လာသည်။
၁၉၈၁ ခုနှစ်၊ ဇူလိုင်လတွင် အမေရိကန်နိုင်ငံ Oregon နယ် Big Muddy Ranch သို့ ရောက်လာပြီးအခြေချသည်။ ၁၉၈၅ ခုနှစ် တွင် ရပ်ဂျ်နီးရှ်ဘုံရွာကြီးတစ်ခုကို သူ၏တပည့်များနှင့်ထူထောင်ပြီး စုပေါင်းလယ်ယာလုပ်ငန်းများကို စုပေါင်းလုပ်အားဖြင့် အကောင်အထည် ဖော်ရန် ကြိုးစားတည်ဆောက်ခဲ့ သည်။ သူ့စီမံချက်များသည် ငွေကြေးဆိုင်ရာပြဿနာ၊ ဥပဒေနှင့်နိုင်ငံရေးဆိုင်ရာအခက်အခဲ၊ အဆိပ်ခပ်ခြင်း တယ်လီဖုန်းကြားဖြတ်နားထောင်ခြင်းစသည့် စွပ်စွဲချက်များကြောင့် အကောင်အထည်မဖော်နိုင်လောက်အောင်ဖြစ်လာသည်။ ရပ်ဂျ်နီးရှ်သည် အမေရိကန်နိုင်ငံမှ ၁၉၈၅ ခုနှစ် နိုဝင်ဘာလတွင် လူဝင်မှုကြီးကြပ်ရေး ဌာနအားလိမ်လည်သည်ဟူသော စွပ်စွဲချက်ဖြင့် ရှောင်တိမ်းခဲ့ရသည်။ ကမ္ဘာအနှံ့ခြေဆန့်ပြီး မူလအက်ရှ်ရမ် တရားစခန်းသို့ ၁၉၈၇ ခုနှစ်တွင်ပြန်ရောက်လာသည်။ နောင် ၂ နှစ်အကြာတွင် သူ့အမည်ကို အိုရှိုဟူ၍ ပြောင်းလိုက်သည်။ အိုရှိုဆိုသည်မှာ အဓိပ္ပာယ်အမျိုးမျိုးသတ်မှတ်နိုင်သော်လည်း သူက သမုဒ္ဒရာအတွင်း ဘဝတွေအားလုံး သက်ဆင်းကွယ် ပျောက်ခြင်းဆိုသည့် အဓိပ္ပာယ်ကိုယူထားသည်။
အက်ရှ်ရမ်တွင် တပည့်သာဝကပေါင်း ၁၅၀၀၀ အထိတိုးပွားလာသည်။ သူကွယ်လွန်သည့် ၁၉၉၀ နောက်ပိုင်းတွင် သူ့ပည့်များသည် အက်ရှ်ရမ်တွင်ဆက်လက်နေထိုင်ပြီး အိုရှိုနိုင်ငံတကာဘုံအဖွဲ့ကို တည်ထောင်ခဲ့ကြသည်။ ယနေ့တိုင် သူ့ဝါဒ သူ့သဘောတရား၊ သူ့ဒဿနများကိုလေ့လာရန် တရားစခန်းသို့လာရောက်ခြင်း၊ တရားထိုင်ခြင်း၊ တရားမှတ်ခြင်းများပြုလုပ်နေဆဲဖြစ်ကြောင်းသိရသည်။",,,,,,
<urn:uuid:5ac154cd-1bce-42a4-98df-831b2028a0d5>,"တိုက်ကွမ်ဒို
တိုက်ကွမ်းဒိုသည် လက်နက်ကိရိယာမပါဘဲ ခြေနှင့် လက်ကိုအသုံးပြုလျက် တစ်ဘက် ရန်သူကို လျှက်တစ်ပြက် တန်ပြန်တိုက်ခိုက်နိုင်သော ကိုရီးယားရိုးရာ ကိုယ်ခံပညာတစ်ရပ် ဖြစ်သည်။
တိုက်ကွမ်းဒိုသည် လွန်ခဲ့သောနှစ်ပေါင်း ၂၀၀၀ ကျော် ခန့်က ကိုရီးယားတို့၏ညီညွတ်သော ဘုရင့် သုံးနိုင်ငံခေတ် (၅ ရာစုဘီစီခန့်)ကပင် စတင်ပေါ်ပေါက်ခဲ့သည်။ ထို့နောက် ဆီလာ မင်းဆက်ခေတ် (၅ရ ဘီစီ-အေဒီ ၉၃၅)တွင် တစ်နိုင်ငံလုံးသို့ ပြန့်ပွား၍ အဆင့်ဆင့် တိုးတက်လာခြင်းဖြစ်သည်။
ကိုဂူယိုနိုင်ငံတော် (၃ရ ဘီစီ-အေဒီ ၆၆၈)၏ မြို့တော် ဖြစ်သောဝမ်ဒိုမြို့ (ယခု မန်ချူးရီးယားတောင်ပိုင်း တောင်ကောင်း ဒေသအနီး)ရှိ ရှေးခေတ် သင်္ချိုင်းဂူနံရံများမှ နံရံဆေးရေးပန်းချီ လက်ရာများတွင် တိုက်ကွမ်ဒိုသမားများ၏ တိုက်ကွက်တို့ကို တွေ့ရှိရသည်။ တစ်ဖန် ဆီလာမင်းဆက်ခေတ်က ပန်းမန် သူရဲ ကောင်းများ ဟုအမည်တွင်သော ဘုရင့်သားတော်များနှင့် မှူးကြီး မတ်ရာ၊ စစ်သေနာပတိတို့၏ ရင်သွေးငယ်များအားဓားရေး၊ လှံ ရေး၊ လေးမြားအတတ်အစရှိသော ပညာရပ်များကိုမသင်ကြားမီ တိုက်ကျွမ်း Taekkyon ခေါ် လက်နက်မဲ့ ကိုယ်ခံပညာရပ်ကို သင်ကြားပေးခဲ့ကြောင်း သမိုင်းအထောက်အထား များလည်း ရှိသည်။ တိုက်ကျွမ်းပညာမှ တိုက်ကွမ်းဒို ကိုယ်ခံပညာသို့ ဆင်းသက်လာသည်ဟု သုတေသီတို့က ကောက်ချက်ချသည်။
ကိုယိုမင်းဆက်ခေတ် (အေဒီ ၉၁၈-၁၃၉၂)က ရေးသား ခဲ့သော ကန်ယီဂျီအမည်ရှိ သိုင်းပညာညွှန့်ပေါင်းကျမ်း၌ ထိုစဉ် ကကတ်ဂျာဂမ်ဒေသ (ယခုကိုရီးယား အမျိုးသားတက္ကသိုလ်ဝင်း အတွင်း) တွင် တိုက်ကွမ်း ဒိုသင်တန်းများ ဖွင့်လှစ်သင်ကြားဖူး ကြောင်းဖြင့် ဖော်ပြထားသည်။ ချိုဆန်မင်းဆက်ခေတ် (၁၃၉၂-၁၉၂၀) က နန်းတွင်း ပိဋိကတ်တိုက်မှူး ယီတောက်မူပြု စုသည့် မူယီတို ဘိုတောင်ဂျီအမည်ရှိ ရုပ်စုံ ကိုယ်ခံပညာစာအုပ် (၁ရ၉၀) တွင် တိုက်ကွမ်းဒို၏သမိုင်းကြောင်းကို အကျယ်တဝင့် ပြုစုထားသည်။
ထို့အပြင် ၁၉၄၈ ခုနှစ်တွင် ကိုရီးယားသမ္မတနိုင်ငံ ထူထောင်ပြီးသောအခါ တိုက်ကွမ်းဒိုသည်ခေတ် မီအားကစား နည်းစနစ်ဖြင့် ဖွံ့ဖြိုးလာသည်။ ၁၉၆၁ ခုနှစ် စက်တင်ဘာလ ၁၆ ရက်နေ့တွင် ဆိုးလ်မြို့တော်၌ ကိုရီးယား တိုက်ကွမ်းဒို အသင်းချုပ်စတင်ဖွဲ့စည်းခဲ့သည်။ ၁၉၆၂ ခုနှစ် ဇွန်လ ၂၅ ရက် နေ့တွင် ကိုရီးယား အပျော်တမ်း အားကစားအဖွဲ့ချုပ်၏ အဖွဲ့ဝင် အဖြစ် တိုက်ကွမ်းဒို အသင်းချုပ်ကို လက်ခံခဲ့သည်။ ထို့နောက် ၁၉၆၂ ခုနှစ်အောက်တိုဘာလအတွင်း၌ ကျင်းပခဲ့သော ၄၃ ကြိမ် မြောက် အမျိုးသားအားကစား ပြိုင်ပွဲတွင် တိုက်ကွမ်ဒိုကို ပထမ ဦးဆုံး အကြိမ်အဖြစ် ထည့်သွင်းကျင်းပခဲ့သည်။ ၁၉ရ၂ ခုနှစ် တွင် ဆိုးလ်မြို့တော်၌ ကတ်ကီဝန်ဟု အမည်ပေးထားသော ခေတ်မီတိုက်ကွမ်းဒို အားကစားရုံကြီးကို ဖွင့်လှစ်နိုင်ခဲ့သည်။
ထိုအားကစားရုံ၌ပင် ၁၉ရ၃ ခုနှစ်မေလက ပထမအကြိမ်မြောက် ကမ္ဘာ့တိုက်ကွမ်းဒို ဗိုလ်လုပွဲကို ကိုရီးယား တိုက်ကွမ်းဒိုအသင်းမှ ကြီးမှူး၍ကျင်းပပေးခဲ့သည်။ အဆိုပါပြိုင်ပွဲသို့ ကမ္ဘာ့နိုင်ငံပေါင်း ၁၉ နိုင်ငံမှ တိုက်ကွမ်းဒို သမား ၂၀၀ ခန့် ဝင်ရောက် ယှဉ်ပြိုင် ခဲ့သည်။ ၁၉ရ၃ ခုနှစ် မေလ ၂၈ ရက်နေ့တွင်ကမ္ဘာ့တိုက်ကွမ်းဒို အဖွဲ့ချုပ်ကို ဖွဲ့စည်းသည်။
၁၉ရ၅ ခုနှစ် အောက်တိုဘာလ ရ ရက်နေ့တွင် တိုက် ကွမ်းဒိုကို ကမ္ဘာ့အားကစားအဖွဲ့ချုပ် (ဂျီအေအိုင် အက်စ်အက်ဖ်) ကအသိအမှတ်ပြုခဲ့သည်။ ၁၉ရ၆ ခုနှစ်ဧပြီလ ၉ ရက်နေ့တွင် အပြည်ပြည်ဆိုင်ရာစစ်တပ် အားကစား ကောင်စီ၏ အမှုဆောင် အဖွဲ့က တိုက်ကွမ်းဒိုကို ၂၃ ခုမြောက် တပ်လက်စွဲ ကိုယ်ခံပညာ အဖြစ် တရားဝင်အသိအမှတ်ပြုခဲ့သည်။ ၁၉၈၀ ပြည့်နှစ်ဇူလိုင်လ ၁ရ ရက်နေ့တွင် မော်စကိုမြို့၌ကျင်းပခဲ့သော ၈၃ ကြိမ်မြောက် အပြည်ပြည်ဆိုင်ရာ အိုလင်းပစ်ကော်မတီ၏ အထွေထွေညီလာခံ တွင် ကမ္ဘာ့အားကစားနည်းစနစ် တစ်ရပ်အဖြစ် အသိအမှတ်ပြု ခဲ့သည်။ ထို့ကြောင့် ၁၉၈၈ ခုနှစ်စက်တင်ဘာလ ၁ရ ရက်နေ့မှ အောက်တိုဘာလ ၂ ရက်နေ့ထိ ကိုရီးယားနိုင်ငံဆိုးလ်မြို့တွင် ကျုင်းပခဲ့သော ၂၄ ကြိမ်မြောက် ကမ္ဘာ့အိုလင်းပစ်ပြိုင်ပွဲတွင် တို်က်ကွမ်းဒိုကို သရုပ်ပြအားကစားနည်းအဖြစ် ထည့်သွင်းကျင်းပ ခဲ့သည်။
ယခုအခါ ကိုရီးယားသမ္မတနိုင်ငံ တစ်ခုတည်းတွင် တိုက်ကွမ်းဒို အသင်းဝင်ပေါင်း ၁၉ သိန်းခန့်ရှိသည်။ ထို့ပြင် နိုင်ငံပေါင်း ၃၆ နိုင်ငံ၌ တိုက်ကွမ်းဒိုနည်းပြဆရာများအဖြစ် ဆောင်ရွက်နေသော ကိုရီးယား အမျိုးသားတိုက်ကွမ်းဒို ပညာရှင် ပေါင်း ၁,၅၀၀ ကျော်ရှိသည်။ ကမ္ဘာ့နိုင်ငံပေါင်း ၁၀၀ ကျော်၌ တိုက်ကွမ်းဒို အသင်းဝင် ပေါင်း သန်း ၁၀၀ နီးပါးမျှရှိနေပြီဖြစ် သည်။
ကိုးကား[ပြင်ဆင်ရန်]
မြန်မာ့စွယ်စုံကျမ်း အတွဲ(၅)",,,,,,
<urn:uuid:fb2a41e5-610c-473e-88f7-c329ef8eae2a>,"လူကြိုက်ရေစီးကြောင်း
စာမျက်နှာများ
@backstagebastards
ကြှနျုပျတို့ကိုလိုက်နာပါ
ပါသေးတယ် bastards အားဖြင့်© 2019
အားဖြည့်
username သို့မဟုတ် e-mail,
စကားဝှက်ကို
အကောင့်တစ်ခုရှိသည်မဟုတ်လော Register
သင့်အကောင့်ဒေတာ Enter နှင့်ငါတို့သည်သင်တို့၏စကားဝှက်ကို reset ရန်သင့်အား link တစ်ခုပေးပို့ပါလိမ့်မယ်။
လူမှုရဲ့ login သုံးစွဲဖို့သင်ဤဝဘ်ဆိုဒ်အားဖြင့်သင့်အချက်အလက်များ၏သိုလှောင်မှုနဲ့ကိုင်တွယ်နှင့်အတူသဘောတူရန်ရှိသည်။
တခြားလူအပေါင်းတို့ရှေ့မှာဖြောင့်ရဲ့ inbox ထဲသို့အကောင်းဆုံးဗိုင်းရပ်စ်ပုံပြင်များရယူပါ!
အီးမေးလိပ်စာ:
မစိုးရိမ်ပါနဲ့, ကျွန်တော်တို့ကမစပမ်းပြုပါ",,,,,,
<urn:uuid:bcd63296-f0a8-48a8-ac9e-54480a21d079>,"19-Apr-2018
တောင်ငူ၊ ဧပြီ ၁၉
ပဲခူးတိုင်းဒေသကြီး ကညွှတ်ကွင်းမြို့ ကျွန်းကုန်းကျေးရွာအုပ်စု သနပ်ကွင်းကျေးရွာ ဈေးဆိုင်တစ်ဆိုင်တွင် ဧပြီလ ၁၈ ရက် နေ့ ည ၇ နာရီခွဲခန့်က ပရင်တာဖြင့်ထုတ်ထားသည့် ငွေစက္ကူကျပ်တစ်သောင်းတန်များဖြင့် ဈေးဝယ်လာသူ အမျိုးသားသုံးဦးကို ဖမ်းဆီးစစ်ဆေးရာမှ အတုပြုလုပ်သုံးစွဲသူလေးဦးကို ဖမ်းဆီးရရှိခဲ့ကြောင်း ကညွှတ်ကွင်းနယ်မြေ ရဲစခန်းမှူး ရဲအုပ်စန်းဦးက ပြောကြားသည်။
“ငွေစက္ကူကျပ်တစ်သောင်းတန် အရွက်လေးဆယ်နဲ့ အတုလုပ်တဲ့ ပရင်တာတွေ၊ ဆိုလာပြားတွေ၊ ဘက်ထရီအိုးတွေနဲ့အတူ ဖမ်းဆီးရမိခဲ့ပါတယ်”ဟု ၎င်းက ဆိုသည်။
ဧပြီလ ၁၈ ရက်နေ့ည ၇ နာရီခွဲခန့်က ကျွန်းကုန်းကျေးရွာအုပ်စု သနပ်ကွင်းကျေးရွာ ကုန်စုံဆိုင်တစ်ဆိုင်သို့ အမျိုးသားသုံးဦး ငွေစက္ကူကျပ်တစ်သောင်းတန်များဖြင့် ဈေးလာဝယ်သည်ဟု ကင်းလှည့်နေသည့် ကညွှတ်ကွင်းနယ်မြေရဲစခန်းမှ တာဝန်ရှိသူများကို ဖုန်းဆက်အကြောင်းကြားရာမှ သွားရောက်စစ်ဆေးရှာဖွေရာတွင် ကျောက်တံခါးမြို့နယ် အောင်မြင်မြို့ (တောကျွဲအင်း) နေ အမျိုးသားသုံးဦးထံမှ ငွေစက္ကူကျပ်တစ်သောင်းတန်အတု အရွက်လေးဆယ်နှင့် ဆိုင်ကယ်တစ်စီးကို ဖမ်းဆီးရမိခဲ့ကြောင်း၊ ကွင်းဆက်တရားခံကို ဆက်လက်စစ်ဆေးရာမှ အုတ်တွင်းမြို့နယ် ကမ္ဘောဇရပ်နေ နောက်ထပ်အမျိုးသားတစ်ဦးကို နေအိမ်မှ ငွေစက္ကူအတုလုပ်ရာတွင်သုံးစွဲသည့် စက္ကူများ၊ ပရင်တာစက်များ၊ ဘက်ထရီအိုးများနှင့် ဆိုလာပြားများကို ဖမ်းဆီးရမိခဲ့ခြင်းဖြစ်ကြောင်း ကညွှတ်ကွင်းနယ်မြေရဲစခန်းထံမှ စုံစမ်းသိရှိရသည်။
ထို့ကြောင့် ၎င်းတို့ကို ကညွှတ်ကွင်း နယ်မြေရဲစခန်းက (ပ) ၇၆/ ၂၀၁၈ ဗဟိုဘဏ် အက်ဥပဒေ ပုဒ်မ ၁၀၅/ ၁၀၆ ဖြင့် အမှုဖွင့်လှစ်စစ်ဆေးနေကြောင်း ယင်းရဲစခန်းထံမှ သိရသည်။
R-15
-
22-Jan-2019
-
22-Jan-2019
-
22-Jan-2019
-
22-Jan-2019
-
22-Jan-2019
-
22-Jan-2019
-
07-Jan-2019
-
03-Jan-2019
-
19-Jan-2019
-
08-Jan-2019
-
01-Jan-2019
-
19-Jan-2019",,,,,,
<urn:uuid:87595fad-5e6e-4997-be82-7418840b4015>,"တရုတ်နှစ်သစ်ကူး
တရုတ်နှစ်သစ်ကူးသည် တရုတ်လူမျိုးများအဖို့ တစ်နှစ်အတွင်း အရေးပါသည့် ရိုးရာပွဲတော်တစ်ရပ်ဖြစ်သည်။ တရုတ်ပြက္ခဒိန်မှာ နွေဦးရာသီဖြင့် စတင်သောကြောင့် နှစ်ကူးပွဲ၏ တရုတ်ဘာသာမှာ 春節 (ချွန်းဂျယ်) ဖြစ်ပြီး တိုက်ရိုက် ဘာသာပြန်လျင် ‘နွေဦးရာသီပွဲတော်’ ဟု ခေါ်သည်။ နှစ်ကူးပွဲတော်မှာ တရုတ်ပြက္ခဒိန် နှစ်ဆန်း ၁ ရက်နေ့မှ စတင်ပြီး ၁၅ ရက်နေ့ မီးပုံးပွဲတော်ဖြင့် အဆုံးသတ်သည်။ နှစ်ကူးပွဲသည် တရုတ်ရိုးရာ ပွဲတော်များတွင် ကာလအရှည်ကြာဆုံးပွဲတော် ဖြစ်သည်။
တရုတ်နှစ်ကူးပွဲကို တရုတ်၊ ထိုင်ဝမ်၊ ဟောင်ကောင်၊ မကာအိုနှင့် အခြားနိုင်ငံများရှိ တရုတ်အသိုင်းအဝိုင်းတွင် ကျင်းပဆင်နွဲလေ့ရှိသည်။ နှစ်ဆန်း ၁ ရက်နေ့မတိုင်မီ တစ်နှစ်အတွင်း မကောင်းသည့်အရာများ အညစ်အကြေးများကို ဆေးကြောရှင်းလင်းကာ အိမ်တံခါး တစ်ဖက်တစ်ချက်နှင့် အပေါ်တွင် လာဘ်လာဘကောင်းစေသော စာများပါသည့် စက္ကူနီများကပ်ကာ တန်ဆာဆင်ကြသည်။ ထိုစက္ကူများကို ‘ချွန်းလျန်’ (春聯) ဟု ခေါ်သည်။
နှစ်ကူးအကြိုညတွင် စားကောင်းသောက်ဖွယ်များ ချက်ပြုတ်ကာ ဘိုးဘွားများကို ရှိခိုးကန်တော့ပြီး မိသားစု စုံစုံညီညီဖြင့် စားသောက်ကြသည်။ ရပ်ဝေးရောက်နေသော ဆွေမျိုးသားချင်းများလည်း နှစ်ကူးတွင် အိမ်ပြန်လေ့ရှိသည်။ သန်းခေါင်ကျော်သည်နှင့် ဗျောက်အိုးများဖောက်ကာ နှစ်သစ်ကို ကြိုဆိုကြသည်။ နှစ်ဆန်း ၁ ရက်နေ့တွင်မူ မနက်စောစောထကာ ဘုရားကျောင်းသွား ဝတ်ပြုကြသည်။ လူကြီးများက ကလေးသူငယ်များအား နှစ်သစ်အတွင်း ကျန်းမာချမ်းသာစေဖို့ ရည်ညွန်းပြီး ဟုန်ပေါင်း (အန်ပေါင်း) ပေးလေ့ရှိသည်။",,,,,,
<urn:uuid:226bc7e8-fc8d-4517-acd6-3a279a8e5a92>,"ထိုင်းနိုင်ငံ ဘန်ကောက်မြို့ မြန်မာရွှေ့ပြောင်းလုပ်သား အသက် ၂၀ အရွယ် နန်းဒေါဝ်ဟာ ပြီးခဲ့တဲ့ ဇူလိုင်လ ၁ ရက်နေ့က ထွက်ရှိသွားတဲ့ ထိုင်းထီ ပထမဆုပေါက်ဂဏန်း ၇၁၃၅၁၇ တစ်စောင်ပေါက်ခဲ့ပြီး ဆုငွေ ဘတ် ၆ သန်းရရမှာဖြစ်ပေမယ့် ၁ သန်းပဲ ရခဲ့တယ်လို့ Amarin ထိုင်း တီဗွီသတင်းမှာ ဖော်ပြပါတယ်။
သူမနဲ့ လုပ်ဖော်ကိုင်ဘက် ၁၆ ဦးဟာ ပြီးခဲ့တဲ့ ဇွန်လ နောက်ဆုံးပတ်က အလုပ်ရှင်ရဲ့ မွေးနေ့ပွဲကိုသွားခဲ့ကြောင်း၊ အဲဒီနေ့မှာ အလုပ်ရှင်က သူတို့ကို သင်္ဘောသီးထောင်းကျွေးတဲ့အပြင် ထီလက်မှတ် ၁ စောင်စီပါ လက်ဆောင်ပေးခဲ့ပြီး ပေါက်ရင်တစ်ဝက်စီနော်လို့ ပြောခဲ့တယ်လို့ ထီပေါက်သူက သတင်းထောက်ကို ပြောပြပါတယ်။
ဇူလိုင် ၁ ရက်နေ့ ထီပေါက်စဉ်ထွက်တော့ နန်းဒေါဝ်ရတဲ့ လက်မှတ်က ပထမဆုပေါက်လို့ အားလုံးဝမ်းသာနေကြကြောင်း၊ အလုပ်ရှင်သိသွားတဲ့အခါ ကတိအတိုင်းတစ်ဝက်စီပေးရမယ်လို့ ပြောတဲ့အပြင် အခွန်ဆောင်ခ ဘတ် ၆ သိန်း ၊ ကျန်လုပ်ဖော်ကိုင်ဘက် ၁၆ ဦးကို ၁ ဦးလျှင် ၅ သောင်းစီနဲ့ ထီစာချုပ်လု ပ်ပေးသူအတွက် အတွက် ၂ သိန်းပေးရမယ်လို့ ဆိုပါတယ်။
သူမကလည်း သဘောတူခဲ့ကြောင်း၊ အဆိုပါ ကတိကဝတ်အရ သူမရရှိရမယ့်ငွေဟာ ၂ သန်း ၂ သိန်းဖြစ်ပေမယ့် ဇူလိုင်လ ၄ ရက်နေ့မှာ အလုပ်ရှင်က ဘတ် ၁ သန်းသာပေးပြီး ကျန်ငွေတွေကို ဘဏ်ကနေ တလ ၅သောင်း စီလွှဲပေးမယ်လို့ ပြောခဲ့ပါတယ်။
အဲဒီနောက် အလုပ်ရှင်ရဲ့ အပြုအမူသဘောထားပြောင်းလဲလာပြီး သူမနဲ့ အတူနေရည်းစား ကိုလည်း အလုပ်ကိုမတရားခိုင်းစေခဲ့ကြောင်း၊ မခံနိုင်တဲ့အဆုံး နှစ်ယောက်လုံး အလုပ်ထွက်ခဲ့ တယ်လို့ ဆိုပါတယ်။
အလုပ်ထွက်ပြီး ဇူလိုင်လ ၂၉ ရက်နေ့မှာတော့ ထူးထူးခြားခြား သူတို့နေတဲ့တိုက်ခန်းဘက်ကို ရဲတွေရောက်လာပြီး အလုပ်သမားကတ်တွေ စစ်ခဲ့ကြောင်း၊ သူမရည်းစားမှာ အလုပ်သမားကတ် သက်တမ်းကုန်နေလို့ အဖမ်းခံရပြီး ရဲက တစုံတယောက်စီ ဗွီဒီယိုကောလ်ခေါ်ကာ ဒီတယောက်ဟုတ်တယ်နော်လို့ မေးခဲ့တယ်လို့ ဆိုပါတယ်။
သူတို့နေတဲ့တိုက်ခန်းမှာ ယခင်က အစစ်အဆေးမရှိခဲ့ကြောင်း၊ အလုပ်ရှင်နဲ့ ပြဿနာဖြစ်ပြီးမှ ခုလိုအဖမ်းခံရတာဖြစ်လို့ အလုပ်ရှင်ကတိုင်ကြားတယ်လို့ သံသယရှိကြောင်း၊ ရည်းစားမှာ လက်ရှိ မိင်းဘူရီတရားရုံးအချုပ်ခန်းမှာ အဖမ်းခံထားရပြီး အမှုရင်ဆိုင်ဖို့ အလုပ်ရှင်ထံ ကျန်တဲ့ ငွေပေးဖို့ တောင်းခဲ့ပေမယ့် မရဘူးလို့ ဆိုပါတယ်။
ဒီကိစ္စနဲ့ ပတ်သက်ပြီး Amarin သတင်းဌာနက အလုပ်ရှင်ကို သွားမေးရာမှာ အလုပ်သမားထီပေါက်တဲ့ကိစ္စမဟုတ်မှန်ကြောင်း ငြင်းဆိုပြီး အဆိုပါအလုပ်သမား ၂ ယောက်မှာ နေ့စားငှါးရမ်းခြင်းသာဖြစ်တဲ့အတွက် သူတို့ကိစ္စတာဝန်မယူနိုင်ဘူးလို့ ဆိုပါတယ်။ သတင်းထောက်ကိုလည်း နယ်မြေကျူးကျော်မှုနဲ့ အမှုဖွင့်မယ်လို့ ခြိမ်းခြောက်ခဲ့တယ်လို့ ဆိုပါ တယ်။
သတင်းဌာနက သူတို့စားသောက်ခဲ့တဲ့ သင်္ဘောသီးထောင်းဆိုင်ကို သွားမေးရာမှာတော့ ဇွန်လ ၂၆ ရက်နေ့က အလုပ်ရှင်နဲ့ အလုပ်သမားတစ်စု လာစားသောက်ပြီး ထီရောင်းသမား ရောက်လာလို့ အလုပ်ရှင်က သူတို့ကိုတစ်စောင်စီဝယ်ပေးခဲ့ကြောင်း ပြောပါတယ်။
သတင်းဌာနက ထိုင်းရှေ့နေ နိသီထွဏ်းဆိုသူကို မေးမြန်းရာမှာ ရွှေ့ပြောင်းအလုပ်သမားဟာ အထောက်အထားမရှိသော်လည်း ထီပေါက်ပါက ဆုငွေရပိုင်ခွင့်ရှိကြောင်း၊ အထောက် အ ထားမရှိတဲ့အမှုက နောက်ထပ်သပ်သပ်ရင်ဆိုင်ရမှာလို့ ဆိုပါတယ်။ အခုအမှုမှာ အလုပ်သမား ဘက်က မကျေနပ်လို့ တိုင်ချက်ဖွင့်ပါက အလုပ်ရှင်ဟာ လိမ်လည်မှုနဲ့ရော တရားမဝင်အလုပ်သမား ငှါးရမ်းမှုနဲ့ပါ အရေးယူခံရနိုင်တယ်လို့ ပြောသွားပါတယ်။",,,,,,
<urn:uuid:09e82e58-7ace-4ca4-b1cc-8b4267b5ecc3>,"ဆီးရီးယားအစိုးရတပ်များကို ကူညီနေတဲ့ ရုရှားတပ်မတော်မှ စစ်ဘက်အကြံပေး ဒုတိယ ဗိုလ်ချုပ်ကြီး ဗယ်လာရီ အက်စ်ပေါ့ဗ်ဟာ ဒီယာအက်ဇာ စစ်မြေပြင်မှာ မော်တာကျည်ဆန်ထိမှန်၍ သေဆုံးသွားကြောင်း ရုရှားအ
25 The News For 25 September 2017
Yangon 30
-
Top 10
Viewed
-
Top 10
Liked
-
Top 10
Loved
-
Top 10
Wowed
-
Top 10
Sad
629
အပြည်ပြည်ဆိုင်ရာ ငြိမ်းချမ်းရေးနေ့ အထိမ်းအမှတ် အဖြစ် ပျဉ်းမနားမြို့နယ်အတွင်း လူငယ်နှင့် ငြိမ်းချမ်းရေးစကားဝိုင်း၊ ငြိမ်းချမ်းရေး ဂီတဖျော်ဖြေပွဲကို စက်တင်ဘာ၂၄ ရက်နေ့က ပထမဆုံးအကြိမ်
2.3k
ပိတ်မိနေသည့် ခရီးသည် ဦးရေ ၇၀၀ ကျော်ရှိပြီး ကိုယ်ဝန်သည်များ၊ ကလေးငယ်များ၊ သက်ကြီးရွယ်အိုများ ၂၀ ဦးထက် မနည်းပါဝင်ကြောင်း သိရသည်။
2.2k
ကုမ္ပဏီမှာ သလိပ်သုံးခွအင်းချောင်း ကိစ္စနှင့်ပတ်သက်၍ ဒေသခံရေလုပ်သားများနှင့် အငြင်းပွားမှု ဖြစ်ပွားခဲ့သလို ဝါးတရိုး၊ နားဆွဲကုန်း၊ ပေါက်တော၊ သဲကုန်း၊ အသင်းစုစသည့်ကျေးရွာများမှ လယ်သမာ
1.8k
အဆိုပါ ရုပ်သံကနေ ပေးလာတဲ့ ပျော်ရွှင်မှု၊ ဝမ်းနည်းမှု၊ သည်းထိတ်ရင်ဖိုမှုတွေကို အတူတူ ခံစားတတ်လာ တာကြောင့် လူချင်းထက် စိတ်ချင်း ပိုမို နီးစပ် သံယောဇဉ်ဖြစ်လာတာလို့ ဆိုပါတယ်။
2.9k
အခု ကျနော်က ယောင်္ကျားတွေ သဘောမကျတဲ့ အမျိုးသမီးတွေရဲ့အမူအကျင့်တွေကို ပြောပြချင်ပါတယ်။ အမျိုးသမီးတွေအနေနဲ့ သိထားတော့ ပြင်မယ်ဆိုရင် ပြင်ထားလို့ ရတာပေါ့။
2.3k
သြဂုတ်လ အတွင်း UEFAရဲ့ ထုတ်ပြန်ချက်မှာ ဒေါ့မန်က ဥရောပ အကောင်းဆုံး ဘောလုံး အသင်းတွေ စာရင်းမှာ အဆင့် ၈ ထိအောင် ရပ်တည်နေနိုင်တာ တွေ့ရပါတယ်။
1.7k
လပေါင်း ၁၂လ ရှိတဲ့အနက် စက်တင်ဘာလမှာ မွေးဖွားသူတွေဟာ တခြားလတွေမှာ မွေးဖွားသူတွေထက် ဘဝမှာ ပိုပြီး ပျော်ပျော်ရွှင်ရွှင် နေရတယ်၊ အောင်မြင်တဲ့ဘဝကို ရရှိကြတယ်ဆိုတာ သိလာရတာပဲ ဖြစ်ပါတယ်။
2
3
4
5
6
7
8
9
10
အာဘော်
Editorial
အခုက မြန်မာပြည်မှာက ကြိုက်ရင် ဖွဲ့စည်းပုံ ကောင်းတယ်၊ မကောင်းတဲ့အခါကျတော့ ဖွဲ့စည်းပုံကိုလွှဲချ၊ အဲဒါမျိုးတွေ။ ဘာလို့လဲဆိုတော့ အစိုးရဟာ အစိုးရအလုပ်ကို လုပ်ရမှာပဲ။Read Now
ကချင်ပြည်နယ် ဝန်ကြီးချုပ် ဒေါက်တာခက်အောင်နှင့် ဧရာဝတီအကြီးတန်းသတင်းထောက် နန်းလွင်နှင်းပွင့် တွေ့ဆုံစ
အမျိုးသမီးတွေရဲ့ “လူမှုဘဝ လုံခြုံရေး” လို့ ဆိုရာမှာ သူတို့ အတွက် ဂုဏ်သိက္ခာရှိရှိ နေထိုင်ခွင့်၊ လူမှ
အွန်လိုင်း Trading လုပ်ရင် ဖြစ်ပေါ်လာနိုင်တဲ့ မသမာမှုတွေ၊ ဈေးကွက်ကို ကြိုးကိုင်မှုတွေ မဖြစ်နိုင်အောင
စက်တင်ဘာလ ၁၈ ရက်နေ့သည် အမေရိကန်ပြည်ထောင်စုနှင့် မြန်မာနိုင်ငံတို့အကြား သမိုင်းဝင်နှစ်ပတ်လည် အထိမ်းအမ
Staff Writers and Photographers
Copy Editor
Senior Reporter
Editor
ဧရာဝတီ
ဧရာဝတီ
ဧရာဝတီ
ဧရာဝတီ
ဧရာဝတီ
ဧရာဝတီ
ဧရာဝတီ
ဧရာဝတီ
ဧရာဝတီ
ဧရာဝတီ
ဧရာဝတီ
ဧရာဝတီ
ဧရာဝတီ
ဧရာဝတီ
ဧရာဝတီ
ဧရာဝတီ
ဧရာဝတီ
ဧရာဝတီ
ဧရာဝတီ
ဧရာဝတီ
ဧရာဝတီ
ဧရာဝတီ
ဧရာဝတီ
ဧရာဝတီ
ဧရာဝတီ
ဧရာဝတီ
နေပြည်တော်တွင် လူငယ်နှင့် ငြိမ်းချမ်းရေးစကားဝိုင်း ပြုလုပ်
ဖားကန့်မြို့နယ်အတွင်း တပ်မတော်က သွားလာခွင့် ပိတ်ထားသဖြင့် ခရီးသွားသူ ၇၀၀ ကျော် ပိတ်မိနေ
လွှတ်တော်ကိုယ်စားလှယ် ၂ ဦးနှင့် အရာရှိများကို တရားစွဲသည့် ကုမ္ပဏီကို လယ်သမားများ ဆန္ဒပြ
ပျောက်ဆုံးနေဆဲ တပ်မတော် တိုက်လေယာဉ် G - 4
သေမင်းတမန်ရထားလမ်းကို ဗဟိုပြု၍
ဆင်ဆာနှင့် လွတ်လပ်သောရုပ်ရှင်
“ရခိုင်ပြည်နယ်အစိုးရမှာ တိကျတဲ့ မူဝါဒ မရှိသေးဘူး”
မူးယစ်ဆေးဝါးက အင်မတန်မှ ခက်ခဲကြီးမားတဲ့ ပြဿနာကြီး
အမျိုးသမီးဘဝ လုံခြုံရေး ဖော်ဆောင်ပေးပါ
နေပြည်တော် မီးရထားစက်ခေါင်းစက်ရုံ ဒီဇင်ဘာတွင် စတင် လည်ပတ်မည်
Samsung ကို ကျော်ပြီး Huawei က အကြီးဆုံး ဖုန်းထုတ်လုပ် ကုမ္ပဏီ ဖြစ်လာမလား
နိုင်ငံပိုင် စီမံကိန်းများ လွဲမှား ကြန့်ကြာမှုတို့ဖြင့် ရင်ဆိုင်နေရ
အချစ်တွေ ခိုင်မြဲဖို့ နည်းလမ်းတခု
အမျိုးသားတွေ သဘောမကျတဲ့ အမျိုးသမီးတွေရဲ့အမူအကျင့်တွေ
ဥရောပရဲ့ အကောင်းဆုံး ဘောလုံးအသင်း ဖြစ်လာတဲ့ Borussia Dortmund
“ရခိုင်ပြည်နယ်အစိုးရမှာ တိကျတဲ့ မူဝါဒ မရှိသေးဘူး”
မူးယစ်ဆေးဝါးက အင်မတန်မှ ခက်ခဲကြီးမားတဲ့ ပြဿနာကြီး
“စတော့ရင်းနှီးမြှုပ်နှံမှုနဲ့ ပတ်သက်ပြီး ကျနော်တို့နိုင်ငံက ဗဟုသုတနဲ့ ဝေးကွာခဲ့တာ ကြာခဲ့ပါပြီ”
စင်ကာပူအခြေစိုက် “Paradise Dynasty” စားသောက်ဆိုင် ရန်ကုန်မှာ ဖွင့်လှစ်မည်
မြန်မာတို့ရဲ့ ရိုးရာ အစားအစာ တခေတ်ဆန်းလာတော့မည်
မိုးအေးအေးနဲ့ စားလို့ကောင်းတဲ့ “မာလာရှမ်းကော”
ဘီယာအသောက်များရင် ကြုံရမယ့် နောက်ဆက်တွဲဆိုးကျိုးများ
ကိုယ်ဝန်ဆောင်နေစဉ် လေ့ကျင့်ခန်း လုပ်သင့်လား၊ မလုပ်သင့်ဘူးလား
အချိန်တိုင်းလိုလို အပေါ့သွားချင်နေတယ်ဆိုရင်",,,,,,
<urn:uuid:70040156-77e7-4354-afb0-717690bfd7ab>,"စိန်ရတု
ဝီကီပီးဒီးယား မှ
စိန်ရတု (Diamond Jubilee)သည် အနောက်တိုင်းက အနှစ် ၆၀ ပြည့်ကို ညွှန်းသော်လည်း၊ မြန်မာကမူ ၇၅ နှစ်ပြည့်ကို ညွှန်းသည်။
မြန်မာ့စိန်ရတုများ[ပြင်ဆင်ရန်]
- ၁၉၉၅ ခုနှစ် ဒီဇင်ဘာ ၁ ရက်နေ့တွင် ရန်ကုန် တက္ကသိုလ်၏ ၇၅ နှစ်ပြည့် စိန်ရတုသဘင်အား ကျင်းပခဲ့ပြီး အစိုးရမှ ကျပ်သိန်း ၆၃၀ တန် စိန်ရတုခန်းမကို ဆောက်လုပ်ခဲ့သည့်အပြင် အထိမ်းအမှတ် တံဆိပ်ခေါင်း နှစ်မျိုးလည်း ထုတ်ဝေခဲ့သည်။
- ၁၉၉၅ ခုနှစ် တွင် မြို့မကျောင်း၏ ၇၅ နှစ်ပြည့် စိန်ရတု ကို အထက ၂ ဒဂုံ၊ အထက ၃ ဒဂုံ တွင် ကျင်းပခဲ့သည်။
- မော်လမြိုင်ကျွန်းမြို့မ ကျောင်းကြီး(ယခု အထက-၁)ကို မြို့အဆင့်သို့ရောက်ရှိပြီး ၃၄နှစ်အကြာ၁၉၃၃ခုနှစ် တွင်တည်ဆောက်ခဲ့ရာ ယခုအချိန်တွင် စိန်ရတုကာလပင်ကျော်လွန်ခဲ့ပြီဖြစ်သည်။
- ကန်တော်ကြီး အမျိုးသာ ရုက္ခဗေဒ ဥယျာဉ်၏ စိန်ရတု အခမ်းအနားကို ၂၀၀၆ ခုနှစ် ဒီဇင်ဘာ ၁၄ မှ ၂၀၀၇ ခုနှစ် ဇန်နဝါရီ ၁၃ ရက်နေ့အထိ ကျင်းပခဲ့သည်။
- လူထု ဒေါ်အမာသည် ၁၉၉၅ မန္တလေးမြို့ ဗဟို အမျိုးသားကျောင်း ကျောင်သား ဟောင်းများ ဦးစီး ထုတ်ဝေတဲ့ (၇၅) ကြိမ်မြောက် အမျိုးသားနေ့ စိန်ရတု အထိမ်းအမှတ် မဂ္ဂဇင်း တာဝန်ခံ အယ်ဒီတာ အဖြစ် ဆောင်ရွက်ခဲ့သည်။
- ဆရာဦးကိုကို နောက်ဆုံးရေးပေးခဲ့သော သီချင်းသည် ရန်ကုန် တက္ကသိုလ် ဂျပ်ဆင်ဘုရားကျောင်း စိန်ရတုအတွက် ခရစ် ယာန် ဓမ္မတေး ၁ဝ ပုဒ် ဖြစ်သည်။
- မြန်မာအမျိုးသမီးများထဲတွင် ပထမဆုံး B.Sc ဘွဲ့ရရှိသူ ခင်ဦးဇွန်းသည် ၁၉၆၀ ပြည့်နှစ်က ခင်ပွန်းနှင့် အတူ လမ်းမတော် ဦးနောဇရပ်၌ နှစ် ၆၀-ပြည့် စိန်ရတုမင်္ဂလာပွဲ လုပ်ခဲ့သည်။
- ဦးဝင်းတင်သည် ၂၀၀၅ ခုနှစ် မတ်လတွင် ၇၅ နှစ်မြောက် စိန်ရတုမွေးနေ့ပွဲ ပြုလုပ်သည်။
- ဒေါက်တာသန်းဦးသည် မြို့မကျောင်းစိန်ရတု (၁၉၂၀-၁၉၉၅) ကျင်းပရာတွင် ဦးစီးနာယကအဖွဲ့ဝင်အဖြစ် ဆောင်ရွက်သည်။
- စာရေးဆရာ ဒါရိုက်တာ မောင်နေမျိုးသည် ရုပ်ရှင် အဖွဲ့အစည်းတွင် ရုပ်ရှင် အစည်းအရုံး ဇာတ်လမ်း ဇာတ်ညွှန်း အတွင်းရေးမှူးနှင့် ၁၉၉၅ ခုနှစ်တွင် မြန်မာ့ရုပ်ရှင် စိန်ရတုသဘင်ပွဲ၌ တက်ကြွစွာ ပါဝင်ခဲ့ပြီး ရုပ်ရှင်သမိုင်း ပြုစုရေး တာဝန် ယူခဲ့သည်။
ပြည်ပစိန်ရတုများ[ပြင်ဆင်ရန်]
- ဝိတိုရိယဘုရင်မသည် ၁၈၉၇ ခုနှစ်တွင် နန်းသက်အနှစ်ခြောက်ဆယ်မြောက် စိန်ရတု သဘင်ပွဲတော် ကျင်းပသည့်အခါ မင်းပွဲသို့ တက်ရောက်၍ ပြည်သူလူထု၏ ကောင်းချီးဩဘာပေးခြင်းကို ခံယူသည်။",,,,,,
<urn:uuid:f8e68159-8b9a-420b-a4a4-7e90e312ec65>,"ပင်မမီနူးကို ဖွင့်ရန်
ပင်မ
ကျပန်း
အနီးအနား
အကောင့်ဝင်ရန်
အပြင်အဆင်များ
ဝီကီပီးဒီးယား အကြောင်း
သတိပြုစရာများ
ရှာဖွေရန်
ကဏ္ဍ:ယူနိုက်တက်ကင်းဒမ်း၏ ပထဝီဝင်
ဘာသာစကား
စောင့်ကြည့်ရန်
ပြင်ဆင်
ဤ
ကဏ္ဍ
၏ အဓိက ဆောင်းပါးမှာ
ယူနိုက်တက်ကင်းဒမ်း၏ ပထဝီဝင်
ဖြစ်သည်။
Wikimedia Commons
တွင်
Geography of the United Kingdom
နှင့် ပတ်သက်သော မီဒီယာ ရှိသည်။
ကဏ္ဍခွဲများ
ဤကဏ္ဍတွင် စုစုပေါင်း ၄ ခု အနက်မှ အောက်ပါ ကဏ္ဍခွဲ ၄ ခု ရှိသည်။
က
►
ယူနိုက်တက်ကင်းဒမ်းရှိ ကျွန်းများ
(၁ ကဏ္ဍ)
စ
►
စကော့တလန်နိုင်ငံ၏ ပထဝီဝင်
(၁ ကဏ္ဍ)
မ
►
ယူနိုက်တက်ကင်းဒမ်းရှိ မြို့များ
(၃ ကဏ္ဍ, ၁၇ စာမျက်နှာ)
အ
►
အင်္ဂလန်နိုင်ငံ၏ ပထဝီဝင်
(၂ ကဏ္ဍ)
""
https://my.wikipedia.org/w/index.php?title=ကဏ္ဍ:ယူနိုက်တက်ကင်းဒမ်း၏_ပထဝီဝင်&oldid=412863
"" မှ ရယူရန်",,,,,,
<urn:uuid:46a13756-1d3e-4573-a03f-2071ad330d4f>,"Last updated: 5 Apr 2023 | 665 ကြည့်ရှုခြင်း |
တစ်ဆင့်နည်းစနစ်ပုံစံ ပိုက်တံသုံးခြင်းဖြင့် အသည်းရောင်အသားဝါ C ပိုးစစ်ဆေးပုံအားသရုပ်ပြပုံ
အင်ထပ်မီဒီခဲ(လ်)ဆေးခန်းမှ
တစ်ဆင့်နည်းစနစ်ပုံစံ ပိုက်တံဖြင့် သွေးရည်ကြည် (သို့) ပလာစမာကို သုံးရ်ျ အသည်းရောင်အသားဝါ ဗိုင်း
ရပ်(စ်) C ပိုးမျိုးစား ခုခံစွမ်းအားစစ်ဆေးခြင်း
Immunochromatographic assay နည်းပညာသုံးရ်ျစစ်ဆေးခြင်းဖြင့်
အချိန်လျင်မြန်စွာ စစ်ဆေးနိုင်ပြီး ရလဒ်အဖြေကို သာမန်မျက်စိဖြင့် ဖတ်နိုင်ပါသည်။
အသေးစိတ်စုံစမ်းမေးမြန်းလိုပါက
Hot Line 081-637-2626/081-632-7373 ဆက်သွယ်ရန်(မြန်မာစကားပြန်ရှိပါသည်။)
@qns9056c
(အင်ထပ်မီဒယ်ခဲဆေးခန်း)",,,,,,
<urn:uuid:a74dfdbe-9d36-4d53-b4fc-267f9029bf36>,"သရဲတစ္ဆေနေရာတိုင်းပေါ်ထွန်းနေကြတယ်, နှင့်ကမ္ဘာအကူအညီနဲ့ဘို့သင့်ကိုခေါ်ဆိုခြင်းဖြစ်ပါတယ်။ နောက်ဆုံးပေါ်တိုးပွား Reality နှင့် Maps နည်းပညာကိုသုံးပြီးရှာဖွေအစစ်အမှန်လောကရှိတွေဆီကနေသရဲတစ္ဆေ!
■ suite UP & စုစည်းရရှိ
သင့်ရဲ့ပရိုတွန်ရောင်ခြည်များနှင့်ဖမ်းမိပစ်ခတ်နှင့် Ghostbusters ဂိမ်းအပေါငျးတို့သအတိုင်းအတာအနေဖြင့်သရဲတစ္ဆေကိုစုဆောင်းပါ။
ရောင်စဉ်တန်းကြားနေနှင့်ထောင်ချောက်နည်းပညာနောက်ဆုံးပေါ်အမျိုးမျိုးကိုသုံးပါ။
■ EPIC Boss RAID
multiplayer သူဌေးစီးနင်းမှုအတွင်းနေထိုင် Puft Marshmallow က Man နှင့်အခြားအစွမ်းထက်သရဲတစ္ဆေကိုဆင်းယူအနီးအနား Ghostbusters နှင့်အတူရေးအဖွဲ့တက်။
အားလုံးမူရင်းအဖြစ်အပျက်■
သင်အကြိုက်ဆုံးဂန္ဇာတ်ကောင် featuring အနေနဲ့အားလုံးအသစ်က Ghostbusters ဇာတ်လမ်းအတွက်ငုပ်။
သင့်တွင် TEAM Build ■
တစ်တစ္ဆေအဖွဲ့ Build အပေါင်းတို့နှင့်တကွကမ္ဘာတဝှမ်းကတခြား Ghostbusters သူတို့ဆန့်ကျင်သောဝိညာဉ်တော် Dimension အတွက် PVP တိုက်ပွဲများရိုက်ထည့်ပါ။
သင့်ရဲ့သရဲတစ္ဆေအားကောင်းစေရန်လိုအပ်အဖိုးတန်သယံဇာတများကိုရဖို့ရန် Gozer ရဲ့မျှော်စင် infesting ဟာသရဲတစ္ဆေများနှင့်နေ့စဉ်သရဲခြောက်သောရှင်းလင်းဖို့သင့်တစ္ဆေအဖွဲ့သည်လုပ်ငန်းတွေစတင်ဖို့!
■တည်နေရာအခြေပြု DIMENSION တံခါးကို
Check-in ကိုကြီးမားတဲ့မှာသင့်ရဲ့ရပ်ကွက်အတွင်းနှင့်ကမ္ဘာတစ်လျှောက်လုံးဖြန့် Dimensional တံခါးပေါက်မှာ!
သရဲတစ္ဆေဟာသူတို့ရဲ့ဘုံနှင့်ငါတို့အကြားကဤလမ်းဆုံမှာပိုပြီးမကြာခဏကျွန်တော်တို့ရဲ့အတိုင်းအတာရိုက်ထည့်ပါ။
သူတို့ကသင်တို့ကိုလည်းတွေဆီကနေသရဲတစ္ဆေကိုကူညီလိမ့်မည်ဟုကိရိယာများနှင့်ပစ္စည်းများနှင့်အတူသငျသညျပေးပါလိမ့်မယ်။
※ မှတ်စု
- Ghostbusters ကမ္ဘာ့ဖလားကို download လုပ်ပါနှင့် In-app ကိုဝယ်ယူ options များနှင့်အတူကစားရန်အခမဲ့ဖြစ်ပါတယ်။
- တစ်ဦးကဆယ်လူလာသို့မဟုတ် Wi-Fi connection ကိုဂိမ်းကစားရန်လိုအပ်ပါသည်။
တချို့ကဂိမ်းကိုလည်း GPS စနစ်ဆက်သွယ်မှုလိုအပ်သည်။
ဆက်သွယ်မှုအားနည်းနေသို့မဟုတ်ကိုက်ညီမှုရှိပါတယ်လျှင်သင်ကစားပွဲကစားအခက်အခဲများတွေ့ကြုံခံစားစေနိုင်သည်။
[အန်းဒရွိုက် 6.0]: - Ghostbusters ကမ္ဘာ့ဖလားအောက်ပါ devices များနှင့်သဟဇာတဖြစ်ပါတယ်။
- ဖောက်သည်ပံ့ပိုးမှုများအတွက်: https://nextage.helpshift.com/a/ghostbusters-world/
- သီးသန့်လုံခြုံရေးပေါ်လစီ: http://agreement.four33.com/policy/common/en/privacy.html
- Service ၏စည်းမျဉ်းများ: http://agreement.four33.com/policy/common/en/tos.html
- Follow-ကျွန်တော်တို့ကိုအပေါ်:
https://www.facebook.com/GhostbustersWorldOfficial
https://twitter.com/GBW_AR
https://www.instagram.com/ghostbustersworld/
* အထက်က Android 6.0 နှင့်, ကြှနျုပျတို့ခွင့်ပြုချက်များ၏ခွင့်ပြုချက်လိုအပ်သည်။
* access ကိုအာဏာကိုခွင့်ပြုချက်ပြန်ရုပ်သိမ်းဖို့ကိုဘယ်လို
ခွင့်ပြုချက်များ၏ခွင့်ပြုချက်ပြန်ရုပ်သိမ်းဖို့အောက်တွင်ဖော်ပြထားသောအဆင့်များအတိုင်းလိုက်နာပါ။
[အန်းဒရွိုက် 6.0 သို့မဟုတ်မြင့်မားသော] က Settings> Apps ကပ> ခွင့်ပြုချက်များ> ခွင့်ပြုချက်များရုပ်သိမ်းရန်> လျှောက်လွှာကိုရွေးချယ်ပါ
[အောက်ပိုင်းက Android 6.0 ထက်] OS ကိုအပ်ဒိတ်လုပ်ပါသို့မဟုတ်ခွင့်ပြုချက်များ၏ခွင့်ပြုချက်ပြန်ရုပ်သိမ်း App ကို delete
* ခွင့်ပြုချက်များလမ်းညွှန်
- (မသင်မနေရ) တည်နေရာ Access ကို: Ghostbusters ကမ္ဘာ့ဖလားမြေပုံ-based ဂိမ်းကို enable နိုင်ရန်အတွက်သင့်ရဲ့ device ကို၏တည်နေရာမှရယူသုံးရန်လိုအပ်သည်။
- (မသင်မနေရ) Device ကိုဓာတ်ပုံ, မီဒီယာ, & ဖိုင်မှတ်တမ်း Access ကို: Ghostbusters ကမ္ဘာ့ဖလားပြင်ပမှတ်ဉာဏ်ထဲမှာဂိမ်း data ကို install လုပ်ဖို့သင့်ရဲ့ device ရဲ့ဓာတ်ပုံများ, မီဒီယာ, နှင့်ဖိုင်များကိုရယူသုံးရန်လိုအပ်သည်။
- (မသင်မနေရ) ဆက်သွယ်ရန် Access ကို: Ghostbusters ကမ္ဘာ့ဖလားသင့်အကောင့်ကိုအတည်ပြုရန်နိုင်ရန်အတွက်သင့်ရဲ့အဆက်အသွယ်ရယူသုံးရန်လိုအပ်သည်။
- (မသင်မနေရ) ကင်မရာ Access ကို: Ghostbusters ကမ္ဘာ့ဖလားဂိမ်း၏တိုးပွားအဖြစ်မှန် (AR) သောအဘို့ကိုကစားရန်သင့်ရဲ့ device ရဲ့ကင်မရာကိုရယူသုံးစွဲနိုင်ရန်လိုအပ်သည်။
ဘာထူးသလဲ
နောက်ထပ်သတင်းအချက်အလက်များ
Ghostbusters ကမ္ဘာ့ဖလား
com.ftt.gbworld.aos
1.16.2
673.66 ကို MB
FourThirtyThree Inc က",,,,,,
<urn:uuid:5af690c2-b04f-438e-87a9-95defde8eba1>,"စစ်ကိုင်းတိုင်း၊ ရေဦးမြို့မှာ ဇူလိုင် ၂၉ ရက် ဒီညနေ ၃ နာရီကျော်လောက်က လှုပ်ခတ်ခဲ့တဲ့ အင်အားပြင်း မြေငလျင်ကြောင့် မင်္ဂလာရာမပရိယတ္တိစာသင်တိုက်နဲ့ ခရစ်ယာန်သီလရှင်ကျောင်းအကြားရှိ အုတ်တံတိုင်းပြိုကျခဲ့ ပါတယ်။
ပြင်းအား ရစ်ချ်တာစကေး ၆ဒသမ ၃ ရှိတဲ့ အင်အားပြင်းငလျင်ဟာ သပိတ်ကျင်းမြို့အနီးကို ဗဟိုပြု လှုပ်ခတ်ခဲ့တာဖြစ်ပြီး ငလျင်ကြောင့် အုတ်တံတိုင်း ၁၀ ခန်းလောက် ပြိုကျသွားခဲ့လို့ မြို့နယ် မီးသတ်က ကူညီဖယ်ရှားခဲ့ပါတယ်။
ပြီးခဲ့တဲ့ နှစ်ပိုင်းကလည်း ခင်ဦးမြို့နယ်ကို ဗဟိုပြုလှုပ်ခတ်ခဲ့တဲ့င လျင်ကြောင့် စေတီနဲ့ အဆောက်အအုံတချို့ ပြိုကျတာတွေ ဖြစ်ပေါ်ခဲ့ပါတယ်။
အင်အားပြင်ငလျင်ကို မန္တလေး၊ ပြင်ဦးလွင်၊ ရွှေဘို၊ နေပြည်တော်စတဲ့ ဒေသမှာ နေထိုင်သူတွေ သိရှိခံစားခဲ့ရပြီး လူထိခိုက်သေဆုံးတဲ့ သတင်းတွေကတော့ မရရှိပါဘူး။
မန္တလေးတိုင်း၊ သပိတ်ကျင်းမြို့အနီး အင်အား ရစ်(ခ်)တာစကေး ၆ ဒသမ ၃ အဆင့်ရှိ အင်အားပြင်းထန်တဲ့ မြေငလျင်တစ်ခု ဇူလိုင် ၂၉ ရက် ဒီနေ့ ညနေပိုင်းမှာ လှုပ်ခတ်သွားတယ်လို့ မိုးဇလဌာနက ထုတ်ပြန်ပါတယ်။
ဒီနေ့ မြန်မာစံတော်ချိန်ညနေ ၃ နာရီ ၉ မိနစ်ကျော်လောက်က ကန့်ဘလူမြေငလျင်စခန်းမှ အရှေ့တောင်ဘက် (၄၂)မိုင်ခန့်ကွာဝေးတဲ့ မြန်မာနိုင်ငံ ပြည်တွင်း သပိတ်ကျင်းမြို့ရဲ့ အရှေ့တောင်ဘက် (၅)မိုင်ခန့်အကွာ) မြောက်လတ္တီတွဒ် (၂၂.၈၄)ဒီဂရီ၊ အရှေ့လောင်ဂျီတွဒ် (၉၆.၀၅)ဒီဂရီ၊ အနက် (၁၀)ကီလိုမီတာကို ဗဟိုပြု မြေငလျင်တစ်ခု လှုပ်ရှားသွားတာလို့ ဆိုပါတယ်။
ငလျင်လှုပ်ခတ်မှုကို မန္တလေးက ဒေသခံတွေ သိရှိခံစားလိုက်ရပြီး ငလျင်ကြောင့် ထိခိုက် ပျက်စီးသတင်းတွေတော့ လတ်တလောမရရှိသေးပါဘူး။
စစ်ကိုင်းတိုင်း၊ ကောလင်းခရိုင်၊ ပင်လည်ဘူးမြို့အနီးမှာ ဇူလိုင် ၁၀ ရက်ညပိုင်းက ပြင်းအား ရစ်(ခ်)တာစကေး ၃ ဒသမ ၉ အဆင့်ရှိ အင်အားအနည်းငယ်ရှိတဲ့ မြေငလျင်တစ်ခု လှုပ်ခတ်သွားတယ်လို့ မိုးဇလက ထုတ်ပြန်ပါတယ်။
မနေ့ည မြန်မာစံတော်ချိန် ၇ နာရီ၊ ၁၉ မိနစ်၊ ၃၁ စက္ကန့် အချိန်က တမူးမြေငလျင်စခန်းမှ အရှေ့တောင်ဘက် ၅၇ မိုင်ခန့်ကွာဝေးတဲ့ မြန်မာနိုင်ငံ ပြည်တွင်း ပင်လည်ဘူးမြို့ရဲ့ အနောက်တောင်ဘက် ၂၄ မိုင်ခန့်အကွာ အနက် ၁၀ ကီလိုမီတာကို ဗဟိုပြုပြီး မြေငလျင်တစ်ခု လှုပ်ရှားသွားတာလို့ ဆိုပါတယ်။
ဇူလိုင် ၉ ရက် ဒီနေ့မနက်ကလည်း စစ်ကိုင်းတိုင်း၊ ဟုမ္မလင်းမြို့အနီးမှာ အင်အား ရစ်(ခ်)တာစကေး ၄ ဒသမ၃ အဆင့်ရှိ အင်အားအနည်းငယ်ရှိတဲ့ မြေငလျင်တစ်ခု လှုပ်ခတ်သွားပါတယ်။ အဆိုပါ ငလျင်တွေကြောင့် လူတွေနဲ့ အဆောက်အဦတွေ ထိခိုက်ပျက်စီးမှု သတင်းတွေကတော့ မကြားသိရပါဘူး။",,,,,,
<urn:uuid:96b2cd71-8e46-4f4b-850f-c261a91d2da6>,"အနုပညာ မောင်နှမတွေနဲ့ မွေးနေ့ညကို ဖြတ်သန်းခဲ့တဲ့ ပိုပို
အဆိုတော် ပိုပိုရဲ့ အသက်(၂၈)နှစ်ပြည့် မွေးနေ့ကို အနုပညာမောင်နှမတွေနဲ့အတူ Pool Party လေးကျင်းပပြုလုပ်ခဲ့ပါတယ်။ သူမရဲ့ မွေးနေ့ပါတီကို လှည်းကူးမှာရှိတဲ့ Sunny Cove Private Getaway Resort မှာ ကျင်းပခဲ့တာ ဖြစ်ပါတယ်။
မွေးနေ့ပါတီမှာ ချစ်ရတဲ့ အနုပညာရှင်မောင်နှမတွေနဲ့အတူ မွေးနေ့ကိတ်ကို ခွဲခဲ့ပြီး မွေးနေ့ညလေးကို ပျော်ရွှင်စွာ ဖြတ်သန်းခဲ့တာပါ။ မွေးနေ့ပါတီလေးကို စန္ဒီမြင့်လွင်၊ စိုးပြည့်သဇင်၊ ဆူဇီ၊ တိုင်ရွန်၊ အောင်လေး၊ ညီညီမောင်(စမ်းချောင်း) တို့အပြင် အခြားသော အနုပညာ ရှင်မောင်မနှတွေ လာရောက်ခဲ့ကြပါတယ်။
မေလ(၁၆)ရက်နေ့မှာ ကျရောက်ခဲ့တဲ့ ပိုပိုရဲ့ မွေးနေ့မှာ အလှူအတန်းတွေလည်း ပြုလုပ်ခဲ့ပါတယ်။ အဖွားဖြစ်သူရဲ့ ရွာလေးမှာ မွေးနေ့အလှူလေး ပြုလုပ်ခဲ့တာဖြစ်ပါတယ်။ အဲ့ဒီရွာလေးမှာ ရှိတဲ့ သံဃာတော်တွေအတွက် လိုအပ်သည့် သင်္ကန်းပရိက္ခရာ တို့ကို လှူဒါန်းခဲ့ပြီး ဝတ္ထုငွေများနဲ့ အာရုံဆွမ်း၊ နေ့ဆွမ်းတို့ကို ချစ်တဲ့ ပရိသတ်တွေနဲ့အတူ ဆပ်ကပ်လှူဒါန်းခဲ့တယ်လို့ သိရပါတယ်။
ပိုပိုဟာ အလှူအတန်းနဲ့ ပတ်သက်လာရင် လက်မနှေးသူလည်း ဖြစ်ပါတယ်။ နေ့စဉ်သံဃာတော်များအတွက် ဆွမ်းဆပ်ကပ်လှူဒါန်း သလို မကြာခဏဆိုသလိုလည်း အလှူအတန်းတွေပြုလုပ်တက်သူတစ်ဦးလည်း ဖြစ်ပါတယ်။
ဂီတလောကမှာ နေရာတစ်နေရာရရှိလာတဲ့ ပိုပိုဟာ ပထမဆုံးတစ်ကိုယ်တော်တေးစီးရီးဖြစ်တဲ့ ချစ်ဖူးခဲ့သမျှ တစ်ကိုယ်တော် အယ်လ်ဘမ်၊ အလွမ်း သီချင်းကြိုက်တဲ့ ရေဒီယို အယ်လ်ဘမ် တို့ကို ထွက်ရှိခဲ့ပြီးတော့ Master Piece မီနီအယ်လ်ဘမ်လည်း ထွက်ရှိထားသူဖြစ်ပါတယ်။
သူမက ဂီတပိုင်းမှာသာမက ဇာတ်ကားရိုက်ကူးမှုတွေလည်း လုပ်လာသူပါ။ သူမပါဝင်ထားတဲ့ ကြောက်ကြောက်ကြောက် ရုပ်ရှင်ဇာတ်ကားကြီး ဟာ လည်း ပရိသတ်အားပေးမှု ရရှိခဲ့တဲ့ ဇာတ်ကားတစ်ကားဖြစ်ပါတယ်။",,,,,,
<urn:uuid:f0e62331-f4e2-4ec3-9264-c7a51371eb1d>,"“၂၀၂၀ ရဲ့နိုင်ငံရေးအဖြေကိုအကျွန်ုပ်နှင့်ကြည်ဖြူစွာလက်တွဲနိုင်ပါပြီ” ဟု ဖလုံ-စဝေါ် ဒီမိုကရက်တစ်ပါတီ၏ မင်္ဂလာတောင်ညွန့်မြို့နယ်၊ အမှတ်(၂)မဲဆန္ဒနယ်လွှတ်တော်ကိုယ်စားလှယ်လောင်းဖြစ်သူ ဦးထက်သူအောင်မှ ၂၀၂၀ စက်တင်ဘာလ ၅ရက်နေ့၌ သူ၏ ဖေ့စ်ဘွက် စာမျက်နှာတွင်ကြေညာခဲ့သည်။
ဖလုံ-စဝေါ် ဒီမိုကရက်တစ်ပါတီ
(အမုန်းမစွက်၊ ကြမ်းမဖက်၊ သက်သက်အနုနည်း။
အဝိဟိံသာ၊ စိတ်မွေးပါ၊ လိုရာကိစ္စပြီး။)
မင်္ဂလာတောင်ညွန့်မြို့နယ်၊ အမှတ်(၂)မဲဆန္ဒနယ်လွှတ်တော်ကိုယ်စားလှယ်လောင်း
ကိုယ်ရေးအကျဥ်း
- ၁၉၈၇ ခုနှစ်၊ ဖေဖော်ဝါရီ (၂၈) ရက်နေ့မော်လမြိုင်မြို့တွင်ဖွားမြင်သည်။
- ၂၀၀၃ ခုနှစ်၊ အခြေခံပညာအထက်တန်းကျောင်းကို အ.ထ.က(၂) ကမာရွတ်၌ အောင်မြင်ပြီး ဒဂုံတက္ကသိုလ် (International Relationship) (IR) (နိုင်ငံတကာဆက်ဆံရေး) ၂၀၀၆ ခုနှစ်တွင် ပြီးစီးသည်။
နိုင်ငံရေးမျှော်မှန်းချက်
(က) မြန်မာ့နိုင်ငံရေးကို ဒီမိုကရေစီ နိုင်ငံရေးစနစ်ဖြင့် တည်ဆောက်မည်။
(ခ) ဖက်ဒရယ်ပြည်ထောင်စုနိုင်ငံရေးစနစ်တည်ဆောက်မည်။
(ဂ) ပြည်တွင်းငြိမ်းချမ်းရေး တည်ဆောက်မည်။
(ဃ) ကမ္ဘာ့အလယ်၌
(၁) လူအချင်းအချင်းမညှင်းဆဲရေး
(၂) အကြမ်းမဖက်ရေး
(၃) ကျွန်မပြုရေး
(၄) ကိုယ်ချင်းစာရေးအတွက် အားထုတ်ဆောင်ရွက်မည်။
ဖလုံ-စဝေါ် ဒီမိုကရက်တစ်ပါတီ
ဦးထက်သူအောင်
မှတ်ချက် ။ ။ ဦးထက်သူအောင်၏ ဖေ့စ်ဘွက်စာမျက်နှာမှ ကူးယူဖော်ပြသည်။ ဦးထက်သူအောင်၏ ဖေ့စ်ဘွက်စာမျက်နှာအား အောက်ပါလင့်ခ်မှတဆင့် ဝင်ရောက်ကြည့်ရှုနိုင်သည်။",,,,,,
<urn:uuid:4d761241-74e2-424d-9df9-3f2bea89333a>,"မိလယီထော – မွန်စာပေနှင့် ယဉ်ကျေးမှုကော်မတီ (ဗဟို)မှ ကိုယ်စားလှယ်အသစ် ရွေးချယ်ပွဲတစ်ရပ်ကို ပြီးခဲ့သည့် မေလ ၃၀ ရက်နေ့က မွန်ပြည်နယ် မော်လမြိုင်မြို့ မွန်ဓမ္မာရုံ၌ ကျင်းပခဲ့ရာ ပါဝင်ဦးဆောင်သူများ နေရာအပြောင်းအလဲ မရှိကြောင်း သိရသည်။မွန်စာပေနှင့်ယဉ်ကျေးမှုကော်မတီ(ဗဟို) ဥက္ကဌ ဒေါက်တာမင်းကြည်ဝင်းက “အဖွဲ့ဝင်တွေက ဒီနှစ်မှာ ကိုယ်စားလှယ်တွေနေရာအပြောင်းအလဲလုပ်ရအောင်တောင်းဆိုခဲ့ပေမယ့် ရွေးချယ်တဲ့အခါမှာ တခြား လူတွေမရှိတော့ အရင်လူဟောင်းတွေပဲ ပြန်အရွေးခံရတယ်” ဟု ပြောသည်။
ရွေးချယ်ခံရပုဂ္ဂိုလ်များတွင် နာယကမွန်သံဃာတော် ၁၆ ပါး၊ လူပုဂ္ဂိုလ်ပညာရှင် ၁၅ ဦး၊ အလုပ်အမှု ဆောင်အဖွဲ့ ၂၆ ဦးတွင် ဥက္ကဌ ဒေါက်တာမင်းကြည်ဝင်း၊ ဒုဥက္ကဌ(၁) ဒေါက်တာမင်းစိုးလင်း၊ ဒုဥက္ကဌ(၂) နိုင်ခိုစိုက်၊ အထွေထွေအတွင်းရေးမှူး နိုင်ရာဇာ(ခေါ်) မင်းစိုးဝင်းတို့ ပါဝင်ကြသည်။
ကိုယ်စားလှယ်များအဖြစ် ပဲခူး၊ ကျိုက်ထို၊ သထုံ၊ ပေါင်၊ ချောင်းနှစ်ခွ၊ မော်လမြိုင်၊ ဘာအံ၊ ကြာအင်း ဆိပ်ကြီး၊ မုဒုံ၊ သံဖြူဇရပ်နှင့်ရေးမြို့နယ်မှ စာပေယဉ်ကျေးမှု၊ ဇာတ်သဘင်၊ ဂီတ၊ မွန်သတင်းဌာန၊ မွန်လူငယ်အဖွဲ့အစည်း၊ သံဃာတော် ၁၉ ပါးနှင့် အားလုံးတက်ရောက်သူ စုစုပေါင်း ၉၆ ဦးခန့်ရှိသည်ဟု သိရသည်။
ဒေါက်တာမင်းကြည်ဝင်းက “မွန်စာပေနှင့်ယဉ်ကျေးမှုကော်မတီ(ဗဟို) ကတော့ မွန်အမျိုးသား နေ့ကျင်းပရေး၊ မွန်စာပေသင်ကြားရေး၊ ယဉ်ကျေးမှုဖေါ်ထုတ်ရေး၊ တက္ကသိုလ်ရောက် မွန်ကျောင်း သားတွေအတွက်ပညာရေးရံပုံငွေထောက်ပံ့ရေး၊ ဂီတ၊ သဘင်ပညာရှင်တွေမွေးထုတ်နိုင်ရေး၊ မြို့နယ်ကျေးရွာအလိုက် လူငယ်အဖွဲ့တွေ ဖွဲ့စည်းနိုင်ရေး စတဲ့ မွန်အမျိုးသားရေးလုပ်ငန်းတွေမှာ ကဏ္ဍအဖက်ဖက်ကတိုးတက်အောင် အမျိုးသားရေးတာဝန်အနေနဲ့ လုပ်ငန်းဖေါ်ဆောင်သွားဖို့ပါ” ဟု ပြောသည်။
လက်ရှိတွင် မွန်အမျိုးသားကျောင်း ၃၁ ကျောင်း၊ အစိုးရကျောင်း၌ပူးတွဲသင်ကြားသည့်စာသင်ကျောင်း ၈၃ ကျောင်း စုစုပေါင်း စာသင်ကျောင်း ၁၁၄ ကျောင်းရှိ ဆရာ၊ ဆရာမ ၂၆၃ ဦးခန့်နှင့် ကျောင်းသူ ကျောင်းသားတို့၏ ပညာရေးဝန်ဆောင်မှုများကို မွန်စာပေနှင့်ယဉ်ကျေးမှု ကော်မတီ(ဗဟို)က တာဝန် ယူလျှက်ရှိသည်။
၂၀၁၂ ခုနှစ် ဧပြီလတွင် မွန်ပြည်သစ်ပါတီ၊ မွန်အမျိုးသား ပညာရေးကော်မတီက မွန်ပြည်နယ်ရှိ သံဖြူဇရပ်၊ မုဒုံ၊ ကျိုက်မရောမြို့နယ်နှင့် ကရင်ပြည်နယ် ဘားအံ၊ ကော့ကရိတ်မြို့နယ်ရှိ မွန်စာသင်ကျောင်းများကို မွန်စာပေနှင့်ယဉ်ကျေးမှုကော်မတီ(ဗဟို)သို့ လွှဲပြောင်းပေးခဲ့သည်။
ထို့အပြင် မြန်မာအစိုးရက ကျောင်းချိန်ပြင်ပတွင် တိုင်းရင်းသားစာပေကိုသင်ကြားခွင့်ပြုမည်ဟု တရားဝင်ပြောကြားခဲ့သော်လည်း မွန်ပြည်နယ်အတွင်းရှိ အချို့သောအစိုးရ စာသင်ကျောင်းများ၌ မွန်တိုင်းရင်းသားစာပေ သင်ကြားနိုင်မည့်အခြေအနေမတွေ့ရှိသေးပေ။",,,,,,
<urn:uuid:a7f9eb6e-65c4-4612-8dcc-f0b916801941>,"Oct 6, 2020
ငြိမ်းချမ်းရေးအတွက် ယုံကြည်မှုပေါင်းစုံမှ လူငယ်များ ပူးပေါင်းဆောင်ရွက်ခြင်း စီမံကိန်း (IYCAP) ၏ အစီအစဥ်တစ်ခုဖြစ်သော သုံးလပတ် လုပ်ငန်းညှိနှိုင်း အစည်းအဝေး (Quarterly Coordination Meeting) အား ၂၀၂၀ ပြည့်နှစ်၊ စက်တင်ဘာလ (၂၇) ရက်၊ တနင်္ဂနွေနေ့တွင် ပဲခူးတိုင်းဒေသကြီးအတွင်းရှိ IYCAP Alumni/Active Youth များ၏ နေအိမ်မှနေ၍ အွန်လိုင်းမှတစ်ဆင့် နံနက် ၉ နာရီခွမှ နေ့လယ် ၁၂ နာရီခွဲအထိ ကျင်းပပြုလုပ်ခဲ့ပါသည်။ အဆိုပါ အွန်လိုင်းအစည်းအဝေးသို့ IYCAP Alumni/Active Youth များနှင့် မိတ်ဖက်အဖွဲ့အစည်းများမှ အမျိုးသား (၁၆) ဦး၊ အမျိုးသမီး (၁၀) ဦး၊ စုစုပေါင်း (၂၆) ဦးတို့ ပါဝင်တက်ရောက်ခဲ့ကြပါသည်။
အစည်းအဝေးတွင် IYCAP စီမံကိန်းမှ Alumni/Active Youth များပါဝင်၍ ယုံကြည်မှုပေါင်းစုံ ငြိမ်းချမ်းရေးလုပ်ငန်းစဥ်များအား ပဲခူးတိုင်းဒေသကြီးအတွင်း ပြုလုပ်ရန်အတွက် ရည်ရွယ်ချက်များ ဖော်ထုတ်ခြင်း၊ အစီအစဥ်များ ရေးဆွဲခြင်းတို့ကို လုပ်ဆောင်ခဲ့ပါသည်။ အစည်းအဝေးမစတင်မီ IYCAP Alumni/Active Youth လူငယ်များ စွမ်းရည်မြှင့်တင်ခြင်းအတွက် Self-Acceptant ခေါင်းစဥ်အား လေ့လာမှုကို ပြုလုပ်ခဲ့သည်။ လုပ်ငန်းအစီအစဥ်များ ရေးဆွဲရာတွင် ယုံကြည်မှုပေါင်းစုံငြိမ်းချမ်းရေး သတင်းစကား ပြန့်ပွားလာစေရန် လုပ်ဆောင်ခြင်းနှင့် ငြိမ်းချမ်းရေးအသိပညာများအား မြေပြင်တွင် လက်တွေ့အကောင်အထည်ဖော် ဆောင်ရွက်နိုင်ရန် အသေးစိတ်ဆွေးနွေးခဲ့ကြသည်။
COVID-19 ကာလအတွင်း အစီအစဥ်များ ပြောင်းလဲလုပ်ဆောင်ခြင်းနှင့် အသစ်သောအရာများကို တီထွင်ဖန်တီးလုပ်ဆောင်နိုင်ရန် ဆွေးနွေးဖော်ထုတ်ခဲ့ကြပါသည်။ လုပ်ငန်းအစီအစဥ်များ ဆွေးနွေးမှုတွင် ဘာသာတရား သက်ဝင်ယုံကြည်သူများအကြား ဘာသာတရားများ၏ တန်ဖိုးထားမှု၊ ယဉ်ကျေးမှုများ၊ သွန်သင်ဆုံးမချက်များအား လေ့လာရန် ဆွေးနွေးတိုင်ပင်ခဲ့ကြပါသည်။ ဤအစည်းအဝေးကို IYCAP စီမံကိန်း ဝန်ထမ်းများဖြစ်သော ကိုရဲလင်းထွန်း (Area Coordinator)၊ မခွါညိုသင်း (Assistant Area Coordinator) တို့က ဦးဆောင်ကျင်းပခဲ့ပါသည်။",,,,,,
<urn:uuid:a5fa793f-da7a-4f6a-b629-b0663e336b67>,"ဓာတ်ဆီ ဆိုင် တော်ေ တာ်များသည် ဆိုင်သို့ ဓာတ်ဆီ လာဖြည့်သူ များအား ဝန်ဆောင်မှု အနေဖြင့် အအေး ဘူးများကို ပေးဆောင်တ တ်ပါသည်။
ယခုအ ခါမှာတော့ ထိုင်းနိုင်ငံမှ ဓာတ်ဆီဆိုင် တစ် ဆိုင်၏ ဝ န်ဆောင်မှုမှာ ထူးခြားစွာဖြင့် အမျိုးသားများ အနေနှင့် ချက်ချင်း ဆိုသလို ဓာတ်ဆီဆိုင်သို့ အမြန်ဆီ သွားထ ည့်ချင်စိတ် ပေါက်သွားနိုင် သည့် ဝန်ဆောင်မှုမျိုး ပေးထားပါသည်
အကြောင်းမှာ ဝန်ဆောင် မှုအနေဖြင့် ဓာတ် ဆီဆိုင်သို့ လာရောက်၍ ဆီဖြည့်သူများ ကို ဆိုင်ဝန်ထ မ်းအဖြစ် ခန့်အပ် ထားသော ချောမောလှ ပပြီး ချစ်စရာကော င်းသည့်မိန်းကေ လးဆီမှ နူးညံ့သောအ နမ်းတ စ်ပွင့်ကို ရရှိမှာြ ဖစ်ပါသည်
ဒေသခံ အမျိုးသားြ ကီးတစ်ဦးသည် သမီးဖြ စ်သူနှင့်အတူ ထိုဓာတ်ဆီ ဆိုင်သို့ သွားရောက် ဆီဖြည့်ခဲ့ သည်။
ထို့နောက် ဆိုင်ဝန်ထမ်းအေ ချာလေးမှ လက်မှတ်ေ ရးထိုးရန် စာရင်း စာအုပ်အား လှမ်းပေးခဲ့ပြီး ကားပေါ်မှ ပါလာသော သမီးဖြစ်သူမှ ဆိုင်ဝန်ထမ်း အချောလေးအား စကားလှမ်းဆိုခဲ့သည်
ဤသည်မှာ ဓာတ်ဆီအပြည့်ြ ဖည့်ခြ င်းအတွက် ဝန်ေ ဆာင်မှုကို သိချင်၍ ဆိုင်ဝန်ထ မ်းအေ ချာလေးမှ အမျိုးသားကြီးအား ညင်သာသော အနမ်းတစ်ပွင့်ေ ပးခဲ့ပြီးနောက် “အမေမြင်သွား လိမ့်မယ်”ဆိုပြီး ရယ်မောရင်း ဖခင် အားစနော က်နေခဲ့သည်။
ထိုအဖြစ်အ ပျက်ကို လူမှုကွန်ယ က်တွင် မျှဝေခဲ့ပြီးနောက် ကြည့်ရှုသူများမှာ ထိုဆိုင်သို့သွားေ ရာက်လိုကြေ သာ်လည်း စိတ်မကောင်းစွာဖြင့် ဝန်ထမ်းအေ ချာလေးမှာ အလုပ်ကထွက် သွားပြီဖြစ်ကြောင်း သိခဲ့ ရသည်။",,,,,,
<urn:uuid:484a34d2-8404-4bd8-8ddc-5cb9ae38c6f6>,"ရန်ကုန်တိုင်းရှိ လုပ်သားတဦး၏ တနေ့ကုန်ကျစရိတ် ကျပ် ၆၀၀၀ မှ ၉၀၀၀ ကျော်ရှိ ဟုဆို
ရန်ကုန်တိုင်း ဒေသကြီး အတွင်းရှိ လုပ်သားတဦး၏ တနေ့ ကုန်ကျစရိတ်သည် အနည်းဆုံး ကျပ် ၆၀၀၀ မှ ၉၀၀၀ ကျော် အထိ ရှိကြောင်း ရန်ကုန်တိုင်း၏ အနည်းဆုံး အခကြေးငွေ ပြင်ဆင်ရေး ကော်မတီ၏ စစ်တမ်းတခု အရ သိရသည်။
ယင်း စစ်တမ်းကို ပြီးခဲ့သည့် ဇန်နဝါရီလ၂၀ ရက်မှ ဖေဖော်ဝါရီ ၇ ရက် အထိ ရန်ကုန်တိုင်း လှိုင်သာယာ၊ ရွှေပြည်သာ အပါ အဝင် မြို့နယ် ၆ ခုရှိ စက်မှုဇုန် ၆ ခု၌ အလုပ် လုပ်ကိုင်နေသော အလုပ်သမား ၁၀၈၀ ကျော် အနည်းဆုံး အခကြေးငွေ ပြင်ဆင်ရေး ကော်မတီ (ရန်ကုန်) က ကွင်းဆင်း မေးမြန်းထားခြင်း ဖြစ်သည်။
အနည်းဆုံး အခကြေးငွေ ပြင်ဆင်ရေး ကော်မတီ (ရန်ကုန်) ကို ရန်ကုန်တိုင်း အစိုးရမှ တာဝန်ရှိသူများနှင့် အလုပ်ရှင်၊ အလုပ်သမား ကိုယ်စားလှယ်များဖြင့် ဖွဲ့စည်းထားသည်။
ယခု စစ်တမ်း၌ ထွက်ပေါ်လာသော လုပ်သားတဦး၏ တနေ့ ကုန်ကျစရိတ် နှုန်းထားသည် နေ့စဉ် စားသောက်၊ နေထိုင်မှု စရိတ်များ၊ မိသားစုသို့ ထောက်ပံ့စရိတ်(တလ)နှင့် အခြား အခြေခံ ကုန်ကျစရိတ်များ အပေါ်တွင် မူတည်ပြီး တွက်ချက် ထားခြင်း ဖြစ်ကြောင်း အနည်းဆုံး အခကြေးငွေ ပြင်ဆင်ရေး ကော်မတီ (ရန်ကုန်) ၏ အဖွဲ့ဝင် ဦးထွန်းဝေ က ဧရာဝတီသို့ ပြောသည်။
၎င်းက “အခု ကျနော်တို့ ကောက်လိုက်တဲ့ အချက်အလက်အရ တနေ့ ကုန်ကျစရိတ်က ၅ ထောင်ဆိုတာ မရှိသလောက် ရှားသွားပြီ ၇ ထောင်တွေ၊ ၉ ထောင်အထိ သွားနေပြီ ဆိုတော့ သူတို့ အချိန်ပိုဆင်းမှ ဒီစရိတ်က ကာမိနေတဲ့ အနေအထား ဖြစ်နေတယ်” ဟု ဆိုသည်။
အလုပ်သမား တဦး၏ တနေ့ စားစရိတ် (နံနက်စာနှင့် ထမင်း၂ နပ်) သည် ကျပ် ၂၂၀၀ မှ ၂၅၀၀ ကျော်ရှိပြီး နေထိုင်မှု စရိတ်သည် တနေ့လျှင် ကျပ်၂၀၀၀ ကျော်မှ ၃၀၀၀ ဝန်းကျင် အထိ (၁ လငှားရမ်းခ ကျပ် ၆ သောင်းမှ ၇ သောင်း ရှိသည့် အဆောင်) ရှိပြီး ယင်းကုန်ကျစရိတ် နှစ်ခုတည်းပင် အနည်းဆုံး အခကြေးငွေ တနေ့ ကျပ် ၄၈၀၀ ကို ကျော်လွန်နေပြီ ဖြစ် ကြောင်း သိရသည်။
ယင်းကြောင့် အလုပ်သမားများ အနေဖြင့် တနေ့တာ ကုန်ကျစရိတ်သည် လက်ရှိ အနည်းဆုံး အခကြေးငွေနှုန်းထားကို ကျော်လွန်နေ၍ ယင်း ကုန်ကျစရိတ်ကို ကာမိစေရန်အတွက် အချိန်ပိုများ အချိန်ပြည့်ဆင်းခြင်းနှင့် အလုပ်ရှင်များ၏ အပို ဆုကြေး (incentive) ကို ရရှိအောင် လုပ်ဆောင်နေကြရကြောင်း ဦးထွန်းဝေက ပြောဆိုသည်။
ရန်ကုန်တိုင်း အနည်းဆုံး အခကြေးငွေ ပြင်ဆင်ရေး ကော်မတီမှ ကောက်ခံ ရရှိထားသော အချက်အလက်များမှ ရန်ကုန် တိုင်း၏ အနည်းဆုံး အခကြေးငွေနှုန်းထားတရပ် သတ်မှတ်သွားမည် ဖြစ်ပြီး ထိုနှုန်းထားကို ယခုဖေဖော်ဝါရီလ သို့မဟုတ် မတ်လ အတွင်းတွင် သတ်မှတ်နိုင်ရန် ဆောင်ရွက်လျက် ရှိကြောင်း သိရသည်။
လက်ရှိ ကုန်ဈေးနှုန်းကြီးမြင့်နှင့် နေထိုင်မှု စရိတ် မြင့်တက်လာခြင်းကြောင့် ပုံမှန် တရက် လုပ်ခ ကျပ် ၄၈၀၀ ဖြင့် လုံ လောက်မှု မရှိတော့ခြင်းကြောင့် တလကို အချိန်ပို နာရီပေါင်း ၅၀ ခန့် ဆင်းနေရကြောင်း လှိုင်သာယာမြို့နယ်ရှိ SDI အထည်ချုပ် စက်ရုံမှ အလုပ်သမား ကိုအောင်နိုင်ဝင်းက ဧရာဝတီသို့ ပြောသည်။
၎င်းက “တလလုံး အချိန်ပို အပြည့်ဆင်းမှ တလလုံးကို ကျပ်၂ သိန်း ၂ သောင်း ကျော်လောက် ရတာ။ အခု ရတဲ့ဟာက စားဖို့တောင် အနိုင်နိုင် ကျနော်တို့ ဘယ်လိုလုပ် စုမလဲ။ ကျန်းမာရေး ဖြစ်လာရင်တောင် ကုဖို့ မရှိဘူး” ဟု ပြောဆိုသည်။
မြန်မာနိုင်ငံလုံး ဆိုင်ရာ အလုပ်သမားသမဂ္ဂ အဖွဲ့ချုပ် (CTUM) က ရန်ကုန်၊ မန္တလေး၊ ရှမ်း၊ ကချင်နှင့် ကရင်ပြည်နယ် အပါ အဝင် တိုင်းနှင့် ပြည်နယ် ၈ ခုတွင် လူတဦးလျှင် တနေ့တာ လိုအပ်ချက် ဖြစ်သည့် စားဝတ်နေရေး၊ ကျန်းမာရေးနှင့် ပညာ ရေး အပေါ်တွင် အဓိက ထားကာ ၂၀၁၉ ခုနှစ် အတွင်းက ကောက်ယူခဲ့သော စစ်တမ်းတခုအရလည်း အနည်းဆုံး လုပ်ခ လစာ နှုန်းထားသည် ကျပ် ၇၂၀၀ မှ အဆင်ပြေနိုင်မည် ဖြစ်ကြောင်း ပြောဆိုထားသည်။
ယင်းနှုန်းထားသည် အလုပ်ချိန် ၈ နာရီတွင် ၁ နာရီ လုပ်အားခ ၉၀၀ ကျပ်နှုန်းထားဖြင့် တွက်ချက်ထားခြင်း ဖြစ်သည်။ အလုပ်သမားများ လက်ရှိ ရနေသော အနည်းဆုံး ၁ ရက် လုပ်ခလစာ ကျပ် ၄၈၀၀ သည် ၁ နာရီ လုပ်အားခ ၆၀၀ ကျပ် ဖြစ်သည်။",,,,,,
<urn:uuid:2a5aa291-97af-483e-ab1b-62d79723be08>,"တာချီလိတ်မြို့တွင် စိတ်ကြွဆေးပြားများ၊ ထိုင်းဘတ်ငွေများ၊ ဒေါ်လာများနှင့် အတူ ဖမ်းဆီးခံရသူ၊ ဓာတ်ပုံ- မြန်မာနိုင်ငံ ရဲတပ်ဖွဲ့ ၀က်ဆိုက်
မြန်မာနိုင်ငံ ရှမ်းပြည်နယ် တာချီလိတ်မြို့၊ နေအိမ်တအိမ်မှာ စိတ်ကြွဆေးပြား ၅ သိန်းကျော်နဲ့တကွ ထိုင်း ဘတ်ငွေ သိန်း ၆၀၀ ကျော်၊ အမေရိကန် ဒေါ်လာ ၇ ထောင်ကျော်၊ ရွှေချောင်း ၄ ပိဿာကျော်တို့ကို မြန်မာ ရဲတပ်ဖွဲ့က ဖမ်းမိခဲ့ပါတယ်။
စိတ်ကြွဆေးပြားနဲ့ စက်ဆပ်တဲ့ စက်တွေ၊ အသုံး အဆောင်တွေ၊ လက်နက်နဲ့ ကျည်ဆံတွေပါ ဖမ်းဆီး ရမိခဲ့တာကို မြန်မာနိုင်ငံ ရဲတပ်ဖွဲ့ အင်တာနက်စာမျက်နှာမှာ အောက်ပါ အတိုင်း ဖော်ပြထားပါတယ်။",,,,,,
<urn:uuid:a4e1da1e-8e04-4a4d-9ea1-0ceeda465c81>,"ဝါရင့်သက်ကြီး သဘင်ပညာရှင် ရွှေနန်းတင်၏ နောက်ဆုံးခရီးပုံရိပ်များ
မြန်မာ့ဇာတ်သဘင် လောက၏ သက်တော်ရှည် ဇာတ်မင်းသားကြီး ရွှေနန်းတင်၏ ဈာပန အခမ်းအနားကို ယနေ့ (ဇွန် ၈ ရက်) ပုသိမ်ကြီးမြို့နယ် ရေထွက် သုသာန်တွင် ပြုလုပ်ပြီး ဂူသွင်းသဂြိုဟ်ခဲ့သည်။
ဇာတ်မင်းသားကြီး ရွှေနန်းတင်သည် ကွယ်လွန်ချိန်တွင် အသက် ၉၉ နှစ် ရှိပြီဖြစ်ကာ ဇွန် ၆ ရက် မွန်းလွဲပိုင်းက မန္တလေးမြို့ ၊ ပုသိမ်ကြီးမြို့နယ်၊ ရန်ကင်းအောင် ရပ်ကွက်ရှိ နေအိမ်တွင် ကွယ်လွန်ခဲ့ခြင်း ဖြစ်သည်။
” ဖိုးဖိုးကြီး ကွယ်လွန်တာဟာ သဘင်လောက အတွက် အစားထိုးလို့မရတဲ့ ဆုံးရှုံးမှုတခုပါပဲ ။ ရုပ်ရှင် ဘက်မှာဆိုရင် သက်တော်ရှည် ပညာရှင် အနေနဲ့ ဘဘဗိုလ်ကလေး တင့်အောင်၊ ဇာတ်သဘင်မှာဆိုရင် ဖိုးဖိုးကြီး ရွှေနန်းတင်ပေါ့။ အခုတော့ အဲဒီလို ပညာရှင်ကြီးတွေ မရှိတော့ပါဘူး။ ပြီးတော့ ဖိုးဖိုးကြီးက သူ့တသက်တာ လေ့လာဆည်းပူးခဲ့တဲ့ သဘင်ပညာရပ်တွေကို လက်ဆင့်ကမ်းပေးချင်ခဲ့ရှာတာ။ သူ့ပညာအမွေတွေကို လက်ဆင့်ကမ်းခံယူသူ အလွန်နည်းခဲ့တာကတော့ စိတ်မကောင်းစရာပါပဲ” ဟု မြေးအရင်းဖြစ်သူ ကိုရဲနန်းဦးက ပြောသည်။
မင်းသားကြီး ရွှေနန်းတင်ကို ၁၂၈၇ ခုနှစ်၊ ပြာသိုလဆန်း ၁ ရက်တွင် အမျိုးသားစာဆို တေးရေးဆရာ နန်းတော်ရှေ့ဆရာတင်နှင့် ဇာတ်မင်းသမီးကြီး ဒေါ်ပေါ်လင်တင်တို့က ရန်ကုန်မြို့တွင် မွေးဖွားခဲ့သည်။
၁၉၅၀ ပြည့်နှစ်တွင် ရွှေနန်းတင်ဇာတ်အဖွဲ့ကို တည်ထောင်ကာ နိုင်ငံအနှံ့ လှည့်လည်ကပြခဲ့ပြီး ၁၉၆၉ တွင် “ပြည်သူတို့နှင့် ရင်းနှီးကျယ်ပြန့်စွာတွေ့ဆုံမည်” ဆိုသော ဆောင်ပုဒ်နှင့်အညီ မန္တလေးတွင် အခြေစိုက်ကာ ဗလာဇာတ်ကို စတင် ကပြခဲ့ပြီးနောက် သဘင်ရာသီ ၁ နှစ်လျှင် ပွဲချီပေါင်း ၃၀၀အထိ မနားတမ်း ကပြခဲ့ရ သည်ထိ အောင်မြင်ခဲ့သည်။
ကိုယ်တိုင်ရေး ပြဇာတ်များဖြစ်သော “ပွင့်ဖူးကြာလား မှော်စာလား”၊ “ငရဲခန်းလား၊ ဘုံခန်းလား”၊ “မောင်ငယ်လူထွေး” ပြဇာတ်များမှာ လူသိများထင်ရှားသလို နောက်ပိုင်းဇာတ်တော်ကြီးများ အနေဖြင့်လည်း “အဇာတသတ် သရ ဏဂုံတည် ”၊ “မဟာပရိနိဗ္ဗာန”၊ ဇာတ်ထုပ် များမှာလည်း လူသိများ ထင်ရှားသည်။
မင်းသားကြီးရွှေနန်းတင်သည် မြန်မာ့ဇာတ်သဘင်လောကတွင် လျှမ်းလျှမ်းတောက် အောင်မြင်ကျော်ကြားခဲ့သော သက်တော်ရှည် ဝါရင့်ဇာတ်သဘင် ပညာရှင်ကြီးတဦးဖြစ်ပြီး အလင်္ကာကျော်စွာဘွဲ့၊ စည်သူဘွဲ့၊ သဘင့်ပါရဂူဘွဲ့များလည်း ရရှိခဲ့ကာ မြန်မာနိုင်ငံသဘင်ပညာရှင်များအစည်းအရုံး နာယက၊ မြန်မာ့ရုပ်စုံသဘင်ပညာရှင်များအသင်း နာယက၊ ယဉ်ကျေးမှုတက္ကသိုလ် အကြံပေးပုဂ္ဂိုလ်အဖြစ်လည်း ဆောင်ရွက်ခဲ့သည်။
ထို့ပြင် သူ့ဘဝတလျှောက် ဖြတ်သန်းခဲ့ရသည့် ဇာတ်သဘင် လောက အတွေ့ အကြုံများနှင့် တိမ်မြုပ်ပျောက်ကွယ်လုဖြစ်နေသော ဇာတ်စာ၊ ဇာတ်စကားတို့ ဖော်ပြပါရှိသော ‘ သဘင်သည်ဘဝ အတွေ့အကြုံ’ စာအုပ်ကို ၂၀၂၁ တွင် ထုတ်ဝေခဲ့သည်။
ရွှေနန်းတင်သည် မင်းသမီးကြီး ဒေါ်ခင်စန်းတင်နှင့် လက်ထပ်ခဲ့ပြီး နန်းခင်အေး၊ နန်းဝင်း (ဇာတ်မင်းသား) ၊ နန်းခင်မွှေး (ဇာတ်မင်းသမီး)တို့ ထွန်းကားခဲ့ကာ ဒေါ်နန်းခင်အေးသည် ထပ်ဆင့် အကယ်ဒမီငြိမ်းမင်း (မြန်မာစာဆရာ ဦးမျိုးအောင်) ၏ ဇနီးဖြစ်သလို ဦးနန်းဝင်း၊ ဒေါ်နန်းခင်မွှေးတို့သည်လည်း နိုင်ငံကျော် သဘင်ပညာ ရှင်များ ဖြစ်ကြသည်။
crd ; ဓာတ်ပုံ – ဧရာဝတီ",,,,,,
<urn:uuid:1f1bfcb9-3206-47a1-9231-5ddf9d7a4fd9>,"ချောင်းတူးဖော်မှု ဗန်းပြပြီး တရုတ်များ ရွှေဝင်တူး
This article has been converted from Zawgyi One to Unicode
ရှမ်းပြည် တာချီလိတ်ခရိုင် တာလေမြို့ရှိ တိမ်ကောလာသည့် နမ့်လင်းချောင်းအတွင်း သဲတူးဖော်မှုကို ဗန်းပြပြီး တရုတ်လူမျိုးများ တရားမဝင် ရွှေတူးဖော်ကြောင်း ဒေသခံများထံမှ သိရသည်။
မိုင်းလားဒေသ အခြေစိုက် လွိုင်လုံ သတ္တုတူးဖော်ရေး ကုမ္ပဏီက တိမ်ကောလာသည့် နမ့်လင်းချောင်း တူးဖော်ရန် အဆိုပါ တရုတ်လူမျိုးများကို ခေါ်ယူလာခြင်းဖြစ်ပြီး ရက်သတ္တနှစ်ပတ် နေထိုင်ခွင့်ရှိသည့် နိုင်ငံကူး လက်မှတ်ဖြင့် ဝင်ရောက်လာသူများ ဖြစ်ကြောင်း သိရှိရသည်။
တာလေ ဒေသခံတဦးက “သောင်တူးတယ်ဆိုပြီး ချောင်းကြမ်းပြင်က ဆယ်ယူထားတဲ့သဲတွေကို သောင်တူးသင်္ဘောပေါ်မှာ တင်မျှောတိုက်စနစ်နဲ့ ရွှေထုတ်ယူနေတာ တွေ့ရတယ်” ဟု ဆိုသည်။
နမ့်လင်းချောင်းသည် တာလေဒေသကို ဖြတ်ကာ မဲခေါင်မြစ်အတွင်း စီးဝင်သည့် ချောင်းတခုဖြစ်ပြီး ယခုအခါ တိမ်ကောလာသည့် အတွက် လူမှုဝန်ထမ်း ကယ်ဆယ်ရေးနှင့် ပြန်လည် နေရာချထားရေး ဝန်ကြီးဌာန၏ အကူအညီနှင့် တာလေဒေသ အာဏာပိုင်များ၊ မြို့မိမြိုဖများ ပူးပေါင်းကာ လွိုင်လုံ သတ္တုတူးဖော်ရေး ကုမ္ပဏီအား ငွေကျပ် သိန်း ၃၀ ဖြင့် ငှားရမ်း လုပ်ဆောင်စေခြင်း ဖြစ်ကြောင်း၊ လွန်ခဲ့သည့် ၁၀ ရက်ခန့်က လုပ်ငန်းစတင်ခဲ့ဖြင်း ဖြစ်ကြောင်း သိရသည်။
တာလေ ပြည်သူစစ်ခေါင်းဆောင် ဦးခင်မောင်လတ်က “သောင်တူးစက်ကို ကျနော်တို့က မမြင်ဖူးဘူး။ သူတို့ လုပ်ချင်တယ်ဆိုလို့ ငှားလိုက်တာ။ သူတို့က သင်္ဘောပေါ်မှာ ခဲသပ်သပ်၊ သဲသပ်သပ် ပြန်လုပ်ပြီး ကမ်းပေါ်ကို တင်ပေးတာကို ကျေးဇူးတောင် တင်နေသေးတယ်” ဟု ဆိုသည်။
ယင်း တရုတ်လူမျိုးများကို မကြာသေးမီက တာချီလိတ်ခရိုင် လူဝင်မှုကြီးကြပ်ရေး ဌာနမှ တာဝန်ရှိသူများက ဝင်ရောက်စစ်ဆေးမှု ပြုခဲ့ကြောင်း ဦးခင်မောင်လတ်က ဆိုသည်။
ယင်းသို့ စစ်ဆေးမှုများ ပြုလုပ်ပြီးနောက် လုပ်ငန်းရပ်ထားကာ တရုတ်များ ယင်းတူးဖော်မှုမှ ပြန်လည် ထွက်ခွာသွားကြောင်း၊ သောင်တူးဖော်မှုနှင့် တဆက်တည်း တရားမဝင် ရွှေတူးဖော်မှု လုပ်ခဲ့သည်ဟုလည်း ဝန်ခံကြောင်း ဒေသခံများထံမှ သိရှိရသည်။
အဆိုပါ လွိုင်လုံ ကုမ္ပဏီသည် နမ့်လင်းချောင်းတလျှောက် ပေ ၄ ထောင်ကျော် ဆက်လက် တူးဖော်ရန် ကျန်နေသေးသည်ဟု သိရသည်။
ပြီးခဲ့သည့် ၂ နှစ်ခန့်က တာလေဒေသကို ဗဟိုပြုလှုပ်ခတ်ခဲ့သည့် ငလျင်ကြောင့် တာလေ၊ မိုင်းလင်း၊ နားယောင်း၊ ကျကူနီ စသည့် နယ်မြေများတွင် ပျက်စီးဆုံးရှုံးမှု အများအပြား ဖြစ်ပေါ်ခဲ့သည်။
မကြာသေးမီကလည်း မြန်မာနိုင်ငံ ရွှေတူးဖော်ရေး လုပ်ငန်းရှင်းများ အဖွဲ့က မြန်မာနိုင်ငံ၌ ငလျင်များ လှုပ်ခတ်ပြီးသည့်နောက် အဆိုပါ ဒေသများတွင် ရွှေကြောအသစ်များ တွေ့ရှိရကြောင်း ပြောဆိုခဲ့သေးသည်။",,,,,,
<urn:uuid:3fde294d-3b1a-4ee6-b4c2-eca01092d11c>,"စာမျက်နှာ ရာဇဝင်
၆ အောက်တိုဘာ ၂၀၁၇
၂၆ ဧပြီ ၂၀၁၇
၁ မေ ၂၀၁၅
၁ စက်တင်ဘာ ၂၀၁၄
၁၈ ဒီဇင်ဘာ ၂၀၁၃
၆ နိုဝင်ဘာ ၂၀၁၃
၁၆ ဇူလိုင် ၂၀၁၃
၂၀ မေ ၂၀၁၃
၁၉ ဇန်နဝါရီ ၂၀၁၃
၂၉ မေ ၂၀၁၂
၇ ဒီဇင်ဘာ ၂၀၁၁
၇ အောက်တိုဘာ ၂၀၁၁
၂၇ မေ ၂၀၁၁
၂၈ မတ် ၂၀၁၁
၂၄ မတ် ၂၀၁၁
Bot: Automated text replacement (-==English== +==အင်္ဂလိပ်==, -==Noun== +==နာမ်==, -==Verb== +==ကြိယာ==, -==Synonyms== +==ကြောင်းတူသံကွဲ==, -==Antonyms== +==ဆန့်ကျင်ဘအရေးမကြီး
+၅၀
၁၉ မတ် ၂၀၁၁
Bot: Automated text replacement (-==English== +==အင်္ဂလိပ်==, -==Noun== +==နာမ်==, -==Verb== +==ကြိယာ==, -==Synonyms== +==ကြောင်းတူသံကွဲ==, -==Antonyms== +==ဆန့်ကျင်ဘအရေးမကြီး
+၇၉",,,,,,
<urn:uuid:3ac97ab0-492e-4fc3-bddc-6725b6a67d28>,"အခုနှစ်အတွင်း စက်မှုဇုန်တွေက လုပ်ငန်းရပ်နားပြီး ပိတ်သိမ်းသွားတဲ့ စက်ရုံပေါင်း ၁၀ ရုံခန့်ရှိ နေတာ ဖြစ်တယ်လို့ လှိုင်သာယာမြို့နယ် အလုပ်သမားဆက်ဆံရေး ဦးစီးဌာနက ဦးစီးအရာရှိ က ပြောပါတယ်။ ဒီသတင်းကို MCN သတင်းထောက်ဌေးဌေးကပေးပို့ထားပါတယ်။
အခုနှစ်အတွင်းမှာ လုပ်ငန်းရပ်နားပြီး ပိတ်သိမ်းသွားတဲ့စက်ရုံပေါင်း ၁၀ ရုံခန့်ရှိနေပြီးရွှေလင်ပန်းစက် မှုဇုန်တွေ က အများဆုံးဖြစ်ပါတယ်။
လှိုင်သာယာမြို့နယ်၊ရွှေလင်ပန်းစက်မှုဇုန်အတွင်းကစက်ရုံပိတ်သိမ်းမှုတွေထဲမှာနိုင်ငံခြားရင်းနှီးမြှုပ်နှံ မှုနဲ့ လာရောက်ဖွင့်လှစ်တဲ့ စက်ရုံတွေဖြစ်ပြီး ပြည်တွင်းစက်ရုံတစ်ရုံသာရှိတယ်လို့ လှိုင်သာယာမြို့နယ် အလုပ်သမား ဆက်ဆံရေး ဦးစီးဌာနက ဦးစီးအရာရှိ ဦးသိန်းမင်းထွန်း က ပြောပါတယ်။
Soundbite ; ဦးသိန်းမင်းထွန်း (ဦးစီးအရာရှိ)
လှိုင်သာယာမြို့နယ်၊အလုပ်သမားဆက်ဆံရေးဦးစီးဌာန
အခုနှစ်အတွင်း စက်ရုံပိတ်သိမ်းရတဲ့အကြောင်းအရင်းတွေထဲမှာ အလုပ်ရှင်နဲ့အလုပ်သမားကြားယုံ ကြည်မှု နည်းပါးတာတွေကြောင့် ပထမ ၆လတာကာလအတွင်းမှာ အလုပ်ထုတ်တာတွေက အများဆုံးဖြစ်ပွားခဲ့ပြီး လေးလအတွင်းမှာ အလုပ်သမားတွေစုပေါင်းဆန္ဒပြမှု ၂၅ မှုထိရှိခဲ့တယ်လို့ ပြောပါတယ်။
စက်ရုံပိတ်သိမ်းတာတွေနဲ့ပတ်သက်ပြီး လက်ရှိမှာ အလုပ်ရုံနှင့်အလုပ်သမားဥပဒေ စစ်ဆေးရေးဦးစီးဌာနက ကတာဝန်ယူဖြေရှင်းပေးနေတာ ဖြစ်တဲ့အတွက် အလုပ်သမား ဆက်ဆံရေး ဦးစီးဌာန အနေနဲ့စက်ရုံ ပိတ်သိမ်းတဲ့ အပေါ်တောင်းဆိုတဲ့ လုပ်သက်နစ်နာကြေး တွေအတွက်သာ ညှိနှိုင်းဖြေရှင်းပေးနေတာ ဖြစ်တယ်လို့ ပြောပါတယ်။
Soundbite ; ဦးသိန်းမင်းထွန်း (ဦးစီးအရာရှိ)
လှိုင်သာယာမြို့နယ်၊အလုပ်သမားဆက်ဆံရေးဦးစီးဌာန
ရှှလငေပြနြးစကမြှုဇုနမြှာစကရြုံပိတသြိမြးမှု အမွားဆုံးဖှဈရတာဟာ လှိုငသြာယာမှို့နယကြတဈခှား သောစကမြှုဇုနမြှဈေေးနှုနြးတှကေ တဈလကို ကပွသြိနြး ၃၀ဝ ပေးပှီး ငှားရမြးနရခွေိနမြှာရှှလငေပြနြးစကမြှု ဇုနကြမှဈေေးမှာ တဈလကိုကပွသြိနြး ၇၀ ဝနြးကငွသြာပေးရတာကှောငြ့ စကရြုံဖှငြ့လှဈတာအ မွားဆုံးဖှဈတယလြို့ ပှောပါတယရြှငြ။
အခုနှဈအတှငျး လုပျငနျးရပျနားပွီး ပိတျသိမျးသှားတဲ့ စကျရုံပေါငျး ၁၀ ရုံခနျ့ရှိနေ
အခုနှစ်အတွင်း စက်မှုဇုန်တွေက လုပ်ငန်းရပ်နားပြီး ပိတ်သိမ်းသွားတဲ့ စက်ရုံပေါင်း ၁၀ ရုံခန့်ရှိ နေတာ ဖြစ်တယ်လို့ လှိုင်သာယာမြို့နယ် အလုပ်သမားဆက်ဆံရေး ဦးစီးဌာနက ဦးစီးအရာရှိ က ပြောပါတယ်။ ဒီသတင်းကို MCN သတင်းထောက်ဌေးဌေးကပေးပို့ထားပါတယ်။
အခုနှစ်အတွင်းမှာ လုပ်ငန်းရပ်နားပြီး ပိတ်သိမ်းသွားတဲ့စက်ရုံပေါင်း ၁၀ ရုံခန့်ရှိနေပြီးရွှေလင်ပန်းစက် မှုဇုန်တွေ က အများဆုံးဖြစ်ပါတယ်။
လှိုင်သာယာမြို့နယ်၊ရွှေလင်ပန်းစက်မှုဇုန်အတွင်းကစက်ရုံပိတ်သိမ်းမှုတွေထဲမှာနိုင်ငံခြားရင်းနှီးမြှုပ်နှံ မှုနဲ့ လာရောက်ဖွင့်လှစ်တဲ့ စက်ရုံတွေဖြစ်ပြီး ပြည်တွင်းစက်ရုံတစ်ရုံသာရှိတယ်လို့ လှိုင်သာယာမြို့နယ် အလုပ်သမား ဆက်ဆံရေး ဦးစီးဌာနက ဦးစီးအရာရှိ ဦးသိန်းမင်းထွန်း က ပြောပါတယ်။
Soundbite ; ဦးသိန်းမင်းထွန်း (ဦးစီးအရာရှိ)
လှိုင်သာယာမြို့နယ်၊အလုပ်သမားဆက်ဆံရေးဦးစီးဌာန
အခုနှစ်အတွင်း စက်ရုံပိတ်သိမ်းရတဲ့အကြောင်းအရင်းတွေထဲမှာ အလုပ်ရှင်နဲ့အလုပ်သမားကြားယုံ ကြည်မှု နည်းပါးတာတွေကြောင့် ပထမ ၆လတာကာလအတွင်းမှာ အလုပ်ထုတ်တာတွေက အများဆုံးဖြစ်ပွားခဲ့ပြီး လေးလအတွင်းမှာ အလုပ်သမားတွေစုပေါင်းဆန္ဒပြမှု ၂၅ မှုထိရှိခဲ့တယ်လို့ ပြောပါတယ်။
စက်ရုံပိတ်သိမ်းတာတွေနဲ့ပတ်သက်ပြီး လက်ရှိမှာ အလုပ်ရုံနှင့်အလုပ်သမားဥပဒေ စစ်ဆေးရေးဦးစီးဌာနက ကတာဝန်ယူဖြေရှင်းပေးနေတာ ဖြစ်တဲ့အတွက် အလုပ်သမား ဆက်ဆံရေး ဦးစီးဌာန အနေနဲ့စက်ရုံ ပိတ်သိမ်းတဲ့ အပေါ်တောင်းဆိုတဲ့ လုပ်သက်နစ်နာကြေး တွေအတွက်သာ ညှိနှိုင်းဖြေရှင်းပေးနေတာ ဖြစ်တယ်လို့ ပြောပါတယ်။
Soundbite ; ဦးသိန်းမင်းထွန်း (ဦးစီးအရာရှိ)
လှိုင်သာယာမြို့နယ်၊အလုပ်သမားဆက်ဆံရေးဦးစီးဌာန
ရွှေလင်ပန်းစက်မှုဇုန်မှာစက်ရုံပိတ်သိမ်းမှု အများဆုံးဖြစ်ရတာဟာ လှိုင်သာယာမြို့နယ်ကတစ်ခြား သောစက်မှုဇုန်မြေဈေးနှုန်းတွေက တစ်လကို ကျပ်သိန်း ၃၀၀ ပေးပြီး ငှားရမ်းနေရချိန်မှာရွှေလင်ပန်းစက်မှု ဇုန်ကမြေဈေးမှာ တစ်လကိုကျပ်သိန်း ၇၀ ဝန်းကျင်သာပေးရတာကြောင့် စက်ရုံဖွင့်လှစ်တာအ များဆုံးဖြစ်တယ်လို့ ပြောပါတယ်ရှင်။",,,,,,
<urn:uuid:7bd6f07e-518b-4120-886e-165d09ecf330>,"ကရင်နီပြည်နယ်က မယ်စဲ့မြို့နယ်တစ်နေရာမှာ ဒေသခံတွေ စပါး ထောင်းနေကြတာဖြစ်ပါတယ်။
ဆန်စက်တွေမှာဆိုရင် လျှပ်စစ်မီးမလာတဲ့အတွက် ဆန်ကြိတ်လို့မရသလို၊ ဓာတ်ဆီနဲ့ကြိတ်တဲ့ ဆန်စက်တွေမှာဆိုရင်လည်း အခငွေပေးပြီး ကြိတ်ရတာဖြစ်ပါတယ်။
ဓာတ်ဆီဖိုး မတတ်နိုင်တဲ့အတွက် ဒေသခံတွေက ဆန်စက်အစား အခုလို စပါးထောင်းဆုန်တွေနဲ့ ကိုယ်တိုင် ထောင်းနေကြတာဖြစ်ပါတယ်။ ဓါတ်ဆီဆိုရင် တစ်လီတာသုံးထောင် စျေးရှိပြီး၊ ပြီးခဲ့တဲ့ တစ်ပတ်အထိလည်း ဓါတ်ဆီစျေး ပုံးဝါ တစ်ပုံးကို ခြောက်သောင်းထိမြှင့်တက်ခဲ့ပါတယ်။
ဆန်ကိုလည်း သယ်ယူဖို့ အခက်အခဲရှိနေတာကြောင့် ဆန်စျေးနှုန်းတွေ မြှင့်တက်နေပါသေးတယ်။",,,,,,
<urn:uuid:db6fc3af-5e8f-4c59-9f7e-ff8b4a64651a>,"၁၄၇၆ ခုနှစ်တွင် ဓမ္မစေတီမင်းမှ တည်ထားကိုးကွယ်ခဲ့သည်။ ကျိုက်ပွန်ဘုရားကြီးသည် အမြင့်ပေ(၁၀၀) ရှိပြီး ပွင့်တော်မူပြီ:ဖြစ်သော ဘုရားလေးဆူ ကျောခြင်းကပ် ထိုင်တော်မူပုံစံကို တွေ့မြင်ရပါသည်။ ပဲခူးမှ ရန်ကုန်သို့သွားသော ကားလမ်းမ၏ မြောက်ဘက် (၁) မိုင်ခန့်အကွာတွင် တည်ရှိပါသည်။
ဒဏ္ဍာရီအဆိုများအရ မွန်အမျိုးသမီး ညီမ(၄)ယောက်မှ တည်ထားကိုးကွယ်ခဲ့သည်။ ၎င်းညီမ(၄)ဦးတို့မှ တစ်ဦးဦးအိမ်ထောင်ပြုခဲ့သည်ရှိသော် မိမိတည်သည့် ဘုရားပြိုကျပျက်စီး စေမည်ဟု ကတိရှိစေခဲ့သည်။ ၁၉၃၀ ခုနှစ် ငလျင်ဒဏ်ကြောင့် ကဿပဘုရား ပြိုကျပျက်စီ:ခဲ့သည်ကို ပြန်လည်ပြင်ဆင်ပြုပြင်ခဲ့သည်။",,,,,,
<urn:uuid:3f617447-dd51-4141-abe6-4359bcba59f7>,"ဒုက္ခသည်ပြန်လက်ခံရေး မြန်မာအစိုးရ ဦးစားပေးအဆင့်ဆောင်ရွက်နေ
မောင်တောဒေသ အကြမ်းဖက်တိုက်ခိုက်ခံရမှုအတွင်း ဘင်္ဂလားဒေ့ရှ်နိုင်ငံဘက်သို့ ထွက်ပြေးတိမ်းရှောင်နေ သည့် ဒုက္ခသည်များပြန်လည်စိစစ်လက်ခံရေးကို ဦးစားပေးအဆင့် အချက်တခုအနေဖြင့် ဆောင်ရွက်နေ ကြောင်း လူမှုဝန်ထမ်း ကယ်ဆယ်ရေးနှင့် ပြန်လည်နေရာချထားရေး ပြည်ထောင်စုဝန်ကြီး ဒေါက်တာဝင်းမြတ်အေးက ပြောသည်။
လက်ရှိတွင် ဘင်္ဂလားဒေ့ရှ်ဘက်သို့ ထွက်ပြေးနေသည့် ဒုက္ခသည်ဦးရေ လေးသိန်းကျော်ရှိနေကြောင်း ကုလသမဂ္ဂအဖွဲ့မှ ခန့်မှန်းပြောဆိုမှုများ ရှိသော်လည်း ၁၉၉၃ ခုနှစ် နှစ်နိုင်ငံသဘောတူညီချက်များနှင့် ကိုက်ညီသူများကိုသာ ပြန်လည်လက်ခံမည် ဖြစ်ကြောင်း ၎င်းကပြောသည်။
ဒေါက်တာဝင်းမြတ်အေးက “အရေးကြီးတာက ဒီမှာနေတဲ့အထောက်အထားရှိရမယ်၊ အထောက်အထား လည်းရှိမယ် ဒီဘက်ကစာရင်းတွေနဲ့လည်းကိုက်ညီရင် လက်ခံမယ်၊ ဒီနေ့ပဲ သမ္မတရုံးမှာဆွေးနွေးတယ်၊ ၂ ပတ်အတွင်း လုပ်ငန်းစဉ်စဖို့လုပ်မယ်” ဟု ဧရာဝတီသို့ပြောသည်။
ဒုက္ခသည်များပြန်လည် လက်ခံရေးကိစ္စတွင် ဘင်္ဂလားဒေ့ရှ်နိုင်ငံနှင့် တွေ့ဆုံဆွေးနွေးမည်ဖြစ်ပြီး လက်ဗွေယူ ခြင်း၊ မျက်လုံး Scan ဖတ်ခြင်းစသည့် လိုအပ်သည့် နည်းပညာများဖြင့်ပါ စိစစ်ရေးလုပ်ငန်းဆောင်ရွက်ရန် ရှိ ကြောင်း သိရသည်။
နိုင်ငံတော် အတိုင်ပင်ခံပုဂ္ဂိုလ် ဒေါ်အောင်ဆန်းစုကြည်က ဒုက္ခသည်လက်ခံရေးကို မြန်မာ-ဘင်္ဂလားဒေ့ရှ် နှစ်နိုင်ငံအကြား ၁၉၉၃ ခုနှစ်က သဘောတူညီထားသည့် စာချုပ်ပါအချက်အလက်များအတိုင်း လိုက်နာ ဆောင်ရွက်မည်ဖြစ်ကြောင်း၊ လုံခြုံရေးနှင့် လူသားချင်းစာနာထောက်ပံ့ရေး ကိစ္စများအတွက်လည်း အ ပြည့်အဝ အာမခံချက်ပေးမည် ဖြစ်ကြောင်း စက်တင်ဘာ ၁၉ ရက်နေ့ မိန့်ခွန်းတွင် ထည့်သွင်း ပြောကြားထားသည်။
လူမှုဝန်ထမ်း ကယ်ဆယ်ရေးနှင့် ပြန်လည်နေရာချထားရေး ပြည်ထောင်စုဝန်ကြီး ဒေါက်တာဝင်းမြတ်အေး သည် ကိုဖီအာနန်ကော်မရှင်၏ အကြံပြုချက်များ အကောင်အထည်ဖော်ရေးကော်မတီ ဥက္ကဋ္ဌ အဖြစ် လည်းဆောင်ရွက်နေသူဖြစ်ပြီး ဒေသတွင်းတည်ငြိမ်အေးချမ်းမှု ပိုမိုကောင်းမွန်စေမည့် အကြံပြုချက်များကို ဦးစားပေးလုပ်ဆောင်မည်ဖြစ်ကြောင်း ပြောသည်။
၁၉၉၃ ခုနှစ် သဘောတူညီချက်အရ လုပ်ငန်းစဉ်တွင် မြန်မာနိုင်ငံတွင် နေထိုင်သူဖြစ်ရမည်၊ ကိုယ့်သဘော ဆန္ဒဖြင့် ပြန်လာချင်သူဖြစ်ရမည်၊ ဘင်္ဂလားဒေ့ရှ်ဘက်တွင် မွေးဖွားသူဖြစ်ပါက အဖေ၊ အမေမှာ မြန်မာနိုင်ငံ တွင် နေဖူးသူဖြစ်ရမည် စသည့်အချက်များ ပါဝင်ကြောင်း သိရသည်။
အဆိုပါသဘောတူညီချက်သည် ကုလသမဂ္ဂ ဒုက္ခသည်များဆိုင်ရာ မဟာမင်းကြီးရုံး(UNHCR)မှ ကြားခံ အနေဖြင့်ပါဝင်ပြီး ၁၉၉၂ ခုနှစ် ဧပြီ ၂၈ ရက်နေ့တွင် မြန်မာနှင့် ဘင်္ဂလားဒေ့ရှ်နိုင်ငံ အစိုးရတို့အကြား MoU လက်မှတ်ရေးထိုးခဲ့ခြင်းဖြစ်ကြောင်း သိရသည်။
စက်တင်ဘာ ၂၀ ရက်ကကျင်းပသည့် ကုလသမဂ္ဂအထွေထွေညီလာခံတွင်လည်း ဒုတိယသမ္မတ ၂ ဦးဟင်နရီ ဗန်ထီးယူက ဒုက္ခသည်များလက်ခံရေးကို ၁၉၉၃ ခုနှစ်သဘောတူညီချက်ကို အခြေခံကာ လုပ်ငန်းစဉ်များ ရေးဆွဲလုပ်ဆောင်မည်ဖြစ်ကြောင်း နိုင်ငံတကာသို့ အသိပေးပြောကြားခဲ့သည်။
ဒုက္ခသည်များ ပြန်လက်ခံရေး ၁၉၉၃ ခုနှစ် နှစ်နိုင်ငံသဘောတူညီချက်အပြည့်အစုံမှာ အောက်ပါအတိုင်း ဖြစ်သည်။
“ပူးပေါင်းဆောင်ရွက်လိုသောစိတ်ဓာတ်ဖြင့် ပြည်ထောင်စု မြန်မာနိုင်ငံအစိုးရသည် ဘင်္ဂလားဒေ့ရှ်နိုင်ငံသို့ ၎င်းတို့ဝင်ရောက်လာသောနေရာတွင် ဘင်္ဂလားဒေ့ရှ်နိုင်ငံ အစိုးရက ထုတ်ပေးထားသော ဒုက္ခသည်မှတ်ပုံ တင်ကဒ်ဖြင့် ၎င်းတို့ရောက်ရှိနေကြောင်း မှတ်တမ်းတင်ထားသော ဘင်္ဂလားဒေ့ရှ်နိုင်ငံတွင် ခိုလှုံနေသော သူများအားလုံးကို စိစစ်ပြီးနောက် ပြန်လည်လက်ခံရန် သဘောတူသည်။ ထိုဒုက္ခသည်မှတ်ပုံတင်ကဒ်သည် ၎င်းတို့မြန်မာနိုင်ငံတွင်နေထိုင်ရာ နေရာနှင့်ပတ်သက်သော ရနိုင်သမျှ အထောက်အထားများကိုလည်း အခြားအထောက်အထားများနှင့် တကွ ဖော်ပြထားရမည်။
ဘင်္ဂလားဒေ့ရှ်အစိုးရက ပေးပို့သော စာရင်းကို စိစစ်မှုကို အခြေခံပြီး ပြည်ထောင်စု မြန်မာနိုင်ငံအစိုးရသည် အခြားအထောက်အထားများနှင့်တကွ မြန်မာ နိုင်ငံသားမှတ်ပုံတင်ကဒ်၊ အမျိုးသားမှတ်ပုံတင်ကဒ်ရှိသော သူများအားလုံး၊ သက်ဆိုင်ရာမြန်မာအာဏာပိုင်များက ထုတ်ပေးသော အခြားမည်သည့် စာရွက်စာတမ်း မဆိုတင်ပြနိုင်သူ အားလုံးနှင့် မြန်မာနိုင်ငံတွင် နေထိုင်ကြောင်း အထောက်အထားပြနိုင်သောသူများအားလုံး ကို အသုတ်လိုက် ပြန်လည်ခေါ်ယူရန် သဘောတူသည်။
မြန်မာနိုင်ငံတွင်နေထိုင်ကြောင်း စစ်မှန်သော အထောက်အထားပြနိုင်ပါက လူ အရေအတွက် ကန့် သတ်ခြင်းပြုလုပ်မည် မဟုတ်ကြောင်း ပြည်ထောင်စုမြန်မာနိုင်ငံအစိုးရက သဘောတူသည်။ ဘင်္ဂလားဒေ့ရှ် နိုင်ငံက ပေးပို့သောစာရင်းများသည် မြန်မာအာဏာပိုင်များစိစစ်အတည်ပြုသောသူများနှင့် အနီးစပ်ဆုံး တူညီမည်ဖြစ်ကြောင်းလည်း အာမခံချက်ပေးသည်”",,,,,,
<urn:uuid:43ee5ac4-ae2a-4aa5-8021-7bf5c86c9885>,"ကချင်ရိုးရာယဉ်ကျေးမှုနှင့် စာပေအဖွဲ့ချုပ်မှ အဖွဲ့ချုပ်တရားရုံးဆိုင်ရာနဲ့သက်ဆိုင်ပြီး စက်တင်ဘာ ၁၉ ရက်နေ့က စည်းဝေးဆွေးနွေးခဲ့ကြပါတယ်။
ကချင်လူမျိုးတွေထဲမှာ ဖြစ်ပွား ဖြစ်ပျက်နေတဲ့ ဖြစ်ရပ်ကြီးငယ်များကို ကချင်ရိုးရာယဉ်ကျေးမှု တရားရေးရာဖြင့် ပြေလည်အောင် လုပ်ဆောင်နေမှုကို ပိုမိုဖြစ်ထွန်းလာအောင် လုပ်သွားနိုင်ဖို့ ကချင်လူမျိုးတွေထဲက အိမ်ထောင်တစ်ခုပျက်စီးအောင်လုပ်ဆောင်ခဲ့သော ပြဿနာ၊ ဆွေစဉ်မျိုးဆက်ပြဿနာများကို ပြေလည်မှုရရှိအောင် ဖြေရှင်းသွားပေးနိုင်ဖို့ ဆွေးနွေးခဲ့ကြခြင်းဖြစ်ပါတယ်။
“ကချင်လူမျိုးတွေထဲမှာ ဖြစ်ပွားနေတဲ့ ပြဿနာများကို တရားမျှတစွာ အကောင်းမွန်ဆုံး ဖြေရှင်းသွားနိုင်ဖို့ ပြဿနာဖြစ်ပွားသူများကို ရိုးရာယဉ်ကျေးမှုနဲ့အညီ ပြေလည်အောင်ဖြေရှင်းပေးနိုင်ဖို့ ဖြစ်ပါတယ်” လို့ ကချင်ရိုးရာယဉ်ကျေးမှုနှင့် စာပေအဖွဲ့ချုပ် ဥက္ကဌ ဒူဝါထိန်နန်ယော်ဆမ် ကပြောပါတယ်။
နောက်ပိုင်းတွင်လည်း ကချင်ရိုးရာယဉ်ကျေးမှုနှင့် စာပေအဖွဲ့ချုပ်တရားရုံးများကို ဒေသအသီးသီးတွင် ဖွင့်လှစ်ပေးသွားနိုင်ဖို့နဲ့ နေရာဒေသအသီးသီးက ကချင်လူမျိုးတွေ ဖြစ်ပွားနေတဲ့ ပြဿနာများကို ပြေလည်အောင် လုပ်ဆောင်ပေးသွားဖို့ စီစဉ်ဆောင်ရွက်ထားကြောင်း သိရှိရပါတယ်။",,,,,,
<urn:uuid:c969c0ec-89cc-4d8f-b5f3-81b08076e069>,"ညို မြသွေး
27/4/2022
=======
ဘာမှ ပြောင်းလဲမသွားဘူး
သူက အတိတ်တွေကို
လုံးစေ့ ပတ်စေ့ မှတ်မိ ထားသူ
သူတို့ ကလေးတသိုက်
သစ်ကိုင်းခြောက်တွေနဲ့ အိမ်ဆောက် ကစားနေကျ ထင်းရှူးပင် ကြီးရှိရာ တောင်ကုန်းထက်မှာ ခုတော့ ရဲတိုက်ပုံ
ခေတ်မီ ဟိုတယ် ကြီးတခု
ဘာမှ ပြာင်းလဲမသွားဘူး ၊သူပြောချင်နေတာ
ဇီးထုပ်အခွံတွေနဲ့ မုန့်ထုပ် စက္က ူတွေ လွင့်ပျံနေတဲ့ သဲကွင်း မြက်ဖုတ်တွေနေရာမှာ မြက်ကော်ဇောတွေနဲ့
အလှစိုက်ပန်းအိုးတွေ ၊ရောမစတိုင် အလင်းပေး မီးတိုင်တွေ၊
ဘာမှ ပြောင်းလဲမသွားဘူး ၊သူ ့စကားလုံးတွေက လည်ချောင်းထဲ တစ်ဆို ့ ့နေတယ်
ခပ်ဝပ်ဝပ် တီပုံသဏ္ဏာန် ခေါင်းလောင်းသံချို ကျောင်း ကလေးက အထပ်မြင့် ခန်းဆောင် ကြီးတွေနဲ့ ဓါတ်လှေခါးခန်းတွေနဲ့
ဘာမှပြောင်းလဲ မသွားဘူး
သူတို ့ပန်းတွေခူးကစားရင်း စပ်စပ်စုစု လိုက်ဖတ်ခဲ့တဲ့ အုတ်ဂူ ကမ္ဗည်းစာထဲမှာ တခါမှမတွေ ့ခဲ့ဖူးတဲ့
နာမည် သစ်တွေက ရေညှိတွေနဲ ့ဖုံးလို ့
ဘာမှ မပြောင်းလဲသွားဘူး
သူ့ အသံက ရင်ခေါင်းထဲက အ ပြင်ထွက်မလာတော့
သူ ချစ်တဲ့သူတွေ နာမည်နဲ့ အသက်ရေးထားတဲ့
အုတ်ဂူ တွေက တချို ့ပြိုပျက်ပေါက်ထွက်လို ့
ဘာမှ ပြောင်းလဲမသွား ဘူး
သုဿန်ဇရပ် တောင်ဘက် ဘန့်ဘွေးပင်ကြီးအောက်က အုတ်ဂူတခု မှာတော့ တခုခုနဲ ့လက်ဆော့ ခြစ်ဖျက်ထား တဲ့ ကမ္ဗည်းစာ
တခု ရှိနေတယ်
ဘာမှပြောင်းလဲမသွားဘူး
မှုံဝါး ဟောင်းပျက်နေတဲ့ ရေညှိတက် ကမ္ဗည်း စာပေါ်ကနာမည်ကို ခက်ခက်ခဲခဲ ပေါင်းဖတ် လိုက်တော့
သူ့နာမည်နဲ့ အသက်
ဘာမှ ပြောင်းလဲမသွားဘူး
သူ့စိတ်ထဲက ရေရွတ်သံ သူကိုယ်တိုင် ပြ
န် ကြား နေရတယ်
ဝိဉာဉ် တခုဟာ သူထားခဲ့တဲ့ မြို ့ဟောင်း နဲ့ ဘူတာရုံ ကလေး တွေ ဈေးတွေ ၊ချာခ်ျကျောင်းတွေ ၊စေတီတွေ အမှတ်အသားတွေက လွဲလို ့ ဘာတွေများ သိနိုင်အုံးမှာလဲ
ဘာမှ ပြောင်းလဲမသွားဘူး",,,,,,
<urn:uuid:7137b66e-7049-48a5-9c29-f9636e44b767>,"16 အလွှာ ENIG Fit Hole PCB ကိုနှိပ်ပါ။
ထုတ်ကုန်အသေးစိတ်
Via-In-Pad PCB အကြောင်း
Via-In-Pad PCB များသည် ယေဘူယျအားဖြင့် မျက်မမြင်အပေါက်များဖြစ်ပြီး၊ အတွင်းအလွှာ သို့မဟုတ် HDI PCB ၏နောက်ထပ်အပြင်ဘက်အလွှာကို အပြင်အလွှာနှင့် ချိတ်ဆက်ရန်အတွက် အဓိကအားဖြင့် အီလက်ထရွန်နစ်ထုတ်ကုန်များ၏ လျှပ်စစ်စွမ်းဆောင်ရည်နှင့် ယုံကြည်စိတ်ချရမှုကို မြှင့်တင်ရန်အတွက် အချက်ပြကို အတိုချုံးရန်၊ သွယ်တန်းထားသောဝါယာကြိုး၊ သွယ်တန်းထားသော inductive reactance နှင့် capacitive reactance အပြင် အတွင်းနှင့် ပြင်ပ လျှပ်စစ်သံလိုက်ဝင်ရောက်စွက်ဖက်မှုကို လျှော့ချပါ။
ဆောင်ရန်အသုံးပြုသည်။PCB လုပ်ငန်းတွင် ပလပ်ပေါက်များ၏ အဓိကပြဿနာမှာ ပလပ်ပေါက်များမှ ဆီယိုစိမ့်ခြင်းဖြစ်ပြီး၊ စက်မှုလုပ်ငန်းတွင် အမြဲရှိနေသော ရောဂါတစ်ခုဟု ဆိုနိုင်ပါသည်။၎င်းသည် PCB ၏ထုတ်လုပ်မှုအရည်အသွေး၊ ပေးပို့ချိန်နှင့် ထိရောက်မှုကို ပြင်းထန်စွာထိခိုက်စေပါသည်။လက်ရှိတွင်၊ အဆင့်မြင့်သိပ်သည်းသော PCB အများစုတွင် ဤပုံစံဒီဇိုင်းမျိုးရှိသည်။ထို့ကြောင့် PCB လုပ်ငန်းသည် ပလပ်ပေါက်များမှ ဆီယိုစိမ့်မှုပြဿနာကို အရေးပေါ်ဖြေရှင်းရန် လိုအပ်ပါသည်။
Pad Plug Hole မှတဆင့် ဆီထုတ်လွှတ်ခြင်း၏ အဓိကအကြောင်းရင်းများ
ပလပ်ပေါက်နှင့် pad အကြားအကွာအဝေး- ပလပ်ပေါက်အပေါက်မှလွဲ၍ အမှန်တကယ် PCB ဆန့်ကျင်ရေးဂဟေထုတ်လုပ်ခြင်းလုပ်ငန်းစဉ်တွင် လွတ်မြောက်ရန် လွယ်ကူသည်။အခြားပလပ်ပေါက်နှင့် ပြတင်းပေါက်အကွာအဝေးသည် 0.1 မီလီမီတာ 4mil ထက်နည်းသည်) နှင့် ပလပ်ပေါက်နှင့် ဂဟေဆော်သည့် ပြတင်းပေါက် tangential၊ လမ်းဆုံပန်းကန်သည် ဆီယိုစိမ့်မှုကို ကုသပြီးနောက်တွင် တည်ရှိရန် လွယ်ကူပါသည်။
PCB အထူနှင့် အလင်းဝင်ပေါက်- ပန်းကန်ပြားအထူနှင့် အလင်းဝင်ပေါက်သည် ဆီထုတ်လွှတ်မှု ဒီဂရီနှင့် အချိုးအစားနှင့် အပြုသဘော ဆက်စပ်နေပါသည်။
Parallelic film design- Via-In-Pad PCB သို့မဟုတ် အပေါက်ငယ်သည် pad ကိုဖြတ်သောအခါ၊ parallelic film သည် ယေဘုယျအားဖြင့် ပြတင်းပေါက်အနေအထားရှိ အလင်းပို့လွှတ်မှုအမှတ်ကို ဒီဇိုင်းထုတ်လိမ့်မည် (အပေါက်အတွင်းမှင်ကို ထင်ရှားစေရန်) ""မင်ကိုရှောင်ရန်၊ တီထွင်နေစဉ်အတွင်း pad အတွင်းသို့ စိမ့်ဝင်သွားသော်လည်း light transmittance design သည် exposure ၏အကျိုးသက်ရောက်မှုကိုရရှိရန် သေးငယ်လွန်းပြီး light transmittance point သည် offset ကိုအလွယ်တကူဖြစ်စေရန်အတွက် ကြီးမားလွန်းပါသည်။PAD တွင် အစိမ်းရောင်ဆီများ ထုတ်လုပ်သည်။
ကုသခြင်းအခြေအနေများ- ရုပ်ရှင်သို့ Via-In-Pad PCB ၏ အလင်းဝင်ပေါက်အမှတ်၏ ဒီဇိုင်းသည် အပေါက်ထက် သေးငယ်သင့်သောကြောင့်၊ အပေါက်အတွင်းရှိ မင်၏အစိတ်အပိုင်းသည် အလင်းနှင့်မထိတွေ့သောအခါ အလင်းနှင့်မထိတွေ့သည့်အခါ ရောင်ပြန်ဟပ်သည့်အမှတ်ထက် ပိုကြီးပါသည်။မှင်ကို ဤနေရာတွင် ကုသရန်အတွက် မှင်ကို ကုသရန်အတွက် ယေဘုယျအားဖြင့် reverse exposure သို့မဟုတ် UV တစ်ကြိမ် လိုအပ်ပြီးနောက် မှင်သည် ဓါတ်မတည့်သော ကုသခြင်းမဟုတ်ပေ။သန့်စင်ပြီးနောက် အပေါက်အတွင်းရှိ မှင်များ၏ အပူရှိန်ချဲ့ထွင်ခြင်းကို ကာကွယ်ရန် အပေါက်၏ မျက်နှာပြင်ပေါ်တွင် ကာထားသော ဖလင်အလွှာကို ဖွဲ့စည်းထားသည်။ချက်ပြုတ်ပြီးနောက်၊ နိမ့်သောအပူချိန်အပိုင်း၏အချိန်ပိုကြာလေနှင့်နိမ့်သောအပူချိန်အပိုင်း၏အပူချိန်နိမ့်လေ၊ ဆီထုတ်လွှတ်မှုအချိုးအစားနှင့်ဒီဂရီသေးငယ်လေ;
ပလပ်ထိုးမှင်- မှင်ဖော်မြူလာထုတ်လုပ်သူ အမျိုးမျိုးသော မှင်ဖော်မြူလာ၏ မတူညီသော အရည်အသွေးအကျိုးသက်ရောက်မှုမှာလည်း အချို့သော ခြားနားချက်တစ်ခုရှိသည်။",,,,,,
<urn:uuid:372c6b72-f45e-44af-8bd9-4e5c9913d5c3>,"အဇာဘိုင်ဂျန်နိုင်ငံအတွင်း အာမေးနီးယားလူမျိုးအချို့ နေထိုင်ရာ နာဂေါ်နိုကာရာဘတ်ဒေသ၌ စနေနေ့က ကြေညာခဲ့သော အပစ်အခတ်ရပ်စဲရေးမှာ နာရီအနည်းငယ်မျှအကြာ၌ စည်းမျဉ်းချိုးဖောက်သည်ဟု နှစ်နိုင်ငံတို့က အပြန်အလှန်စွပ်စွဲလျှက်ရှိစဉ် အာမေးနီးယားနှင့် အဇာဘိုင်ဂျန် အိမ်နီးချင်းနှစ်နိုင်ငံအကြား စစ်မီးတောက်လောင်မှု၌ လူပေါင်းရာချီ သေဆုံးခဲ့ပြီးဖြစ်သည်ဟု Russia Today က ယနေ့ရေးသားသည်။
နှစ်ဖက်အပြန်အလှန်စွပ်စွဲချက်များမှာ တနင်္ဂနွေနေ့တွင် ထွက်ပေါ်လာခြင်းဖြစ်ပြီး စနေနေ့ ဒေသစံတော်ချိန် ညသန်းခေါင် ( ဂရင်းနစ်စံတော်ချိန် ၂၀း၀၀ နာရီ ) မှ စတင်၍ အပစ်အခတ်ရပ်စဲထားမည်ဖြစ်ကြောင်း နှစ်နိုင်ငံအသီးသီးကြေညာအပြီး နာရီအနည်းငယ်အကြာ၌ဖြစ်သည်ဟု သိရှိရသည်။ ၎င်းတို့သိမ်းယူထားသည့် ဂျဘရာယီလ်မြို့အနီးတစ်ဝှိုက်မှာ တစ်ဖက်နိုင်ငံက အမြောက်ကြီးများဖြင့် ရန်လိုမုန်းတီးစွာ ပစ်ခတ်ခြင်းခံကြောင်း အဇာဘိုင်ဂျန်က သတင်းထုတ်ပြန်သည်။ အာမေးနီးယားက သတင်းထုတ်ပြန်ရာတွင် အဇာဘိုင်ဂျန်တို့သည် ရော့ကက်-အမြောက်ကြီးများဖြင့် ပစ်ခတ်ခြင်း၊ အချက်အချာကျသောနေရာများသို့ ဝင်ရောက်တပ်စွဲခြင်းဖြင့် အပစ်အခတ်ရပ်စဲရေးကို နှစ်ကြိမ်တိုင် ချိုးဖောက်ကြောင်း ဖော်ပြထားသည်။
သမ္မတနိုင်ငံဖြစ်ကြောင်း တစ်ဖက်သပ်ကြေညာခဲ့သည့် နာဂေါ်နိုကာရာဘတ်၏ အာဏာပိုင်များအဖြစ် အများမှတ်ယူထားကြသူများကမူ ရှေ့တန်းမျဉ်းနယ်မြေတစ်လျှောက် စစ်မက်တိုက်ခိုက်ခြင်းများကို ရပ်တန့်ထားစဉ် အချို့ နေရာများ၌ အဇာဘိုင်ဂျန်တပ်များက ကာရာဘတ်၏ ကာကွယ်ရေးအင်အားကို သွေးတိုးစမ်းခဲ့ကြောင်း သတင်းထုတ်ပြန်သည်။ နှစ်ဖက်စလုံး၏ သတင်းထုတ်ပြန်ချက်တွင် ထိခိုက်သေဆုံးမှုများဖြစ်ပွားကြောင်း ပါရှိသည်ဆို၏။
ယခုလစောစောပိုင်းတွင် ရုရှားနိုင်ငံ၏ ကြားဝင်စေ့စပ်မှုဖြင့် လူသားချင်းစာနာမှုဆိုင်ရာ အပစ်အခတ်ရပ်စဲရေးတွင် သေဆုံးသူတို့၏ ရုပ်အလောင်းများနှင့် အကျဉ်းသားချင်း လဲလှယ်ကြရန် ရည်ရွယ်ခဲ့ချက်မှာ နှစ်ဖက်အကြား ပြင်းထန်သော ရန်လိုမုန်းတီးစိတ်ကို ရပ်တန့်နိုင်ခြင်း မရှိချေ။
နိုင်ငံတကာကြက်ခြေနီကော်မတီ၏ အကူအညီဖြင့် စစ်မြေပြင်မှ ဒါဏ်ရာရရှိထားသူများအား ကယ်ထုတ်မည့် အဇာဘိုင်ဂျန်၏အဆိုပြုချက်ကို ပယ်ချလိုက်ကြောင်း အာမေးနီးယားက တနင်္ဂနွေ ( ယနေ့ ) ကြေညာသည်။
နာဂေါ်နိုကာရာဘတ်ဒေသတွင် စက်တင်ဘာလ နောက်ဆုံးရက်သတ္တပတ်များမှ စတင်ကာ အကြမ်းဖက်မှုများ အရှိန်မြင့်တက်လာခဲ့သည်။ လက်ရှိဖြစ်ပွားေသော ပဋိပက္ခမှာ အာမေးနီးယား၏ အကူအညီဖြင့် အဇာဘိုင်အား အံတုတိုက်ခိုက်နေသည့် အာမေးနီးယန်းလူမျိုးအများစုနေထိုင်ရာ နာဂေါ်နိုကာရာဘတ်ဒေသ၌ ၁၉၉၀ -ခုနှစ် နောက်ပိုင်း သွေးထွက်သံယို အများဆုံးစစ်ပွဲဖြစ်လာသည်။
နှစ်ဖက်စလုံးတွင် အရပ်သားများသေဆုံးကြောင်းနှင့် တစ်ဖက်ရန်သူတို့၌ အကြီးအကျယ်ထိခိုက်ပျက်စီးသွားကြောင်း သတင်းများလည်း ပုံမှန်ထုတ်ပြန်ခဲ့ရာ အတည်ပြုရန် ခက်ခဲလျှက်ရှိသည်။ တနင်္ဂနွေနေ့၌ နာဂေါ်နိုကာရာဘတ်က သတင်းထုတ်ပြန်ရာတွင်မူ အကြမ်းဖက်ပဋိပက္ခများစတင်ဖြစ်ပွားခဲ့ချိန်မှစ၍ ရက်သတ္တ ၃-ပတ်အတွင်း ၎င်း၏ တပ်ဖွဲ့ဝင် ၆၇၃-ဦး ကျဆုံးကြောင်း ဖော်ပြသည်။
အဇာဘိုင်ဂျန်အနေဖြင့် ၎င်းနိုင်ငံ၏ ခွဲထွက်ရေးနယ်မြေအစိတ်အပိုင်းကို အာမေးနီးယားတို့က သိမ်းပိုက်ထားခြင်းအဖြစ် သတ်မှတ်လျှက်ပြီး ရှည်လျားသောပဋိပက္ခအား အဆုံးသတ်ရန် လိုလားကြောင်း ပြောဆိုသည်။ အာမေးနီးယားတို့ကမူ နာဂေါ်နိုကာရာဘတ်ဒေသအား လွတ်လပ်သောနိုင်ငံတစ်နိုင်ငံအဖြစ် အသိအမှတ်ခြင်း မရှိခဲ့သော်လည်း စစ်ရေးအရ အကူအညီများထောက်ပံ့လျှက်ရှိသည်။
(( ပူးတွဲပါ ဗွီဒီယိုဖိုင်မှာ JAB TV MM ( Oct-06,2020 ) မှ ကျေးဇူးတင်စွာ ကူးယူဖော်ပြခြင်းဖြစ်ကြောင်း ဝန်ခံပါသည်။ ။သတင်းဘာသာပြန်သူ ))
#နာဂေါ်နိုကာရာဘတ်အပစ်အခတ်ရပ်စဲရေးချိုးဖောက်ကြောင်း_နာရီအနည်းငယ်အကြာ၌_အပြန်အလှန်စွပ်စွဲ
https://www.rt.com/russia/503839-armenia-azerbaijan-ceasefire-violations/
https://www.rt.com/russia/503814-armenia-azerbaijan-declare-ceasefire-karabakh/
https://www.rt.com/russia/503782-azerbaijan-armenia-strikes-accusations/",,,,,,
<urn:uuid:d223c611-192b-4930-84ea-5bb55f294693>,"NCA ထိုးအဖွဲ့များနှင့် သမ္မတ ဖွဲ့စည်းသည့် COVID-19 ပူးပေါင်းသည့် ကော်မတီတို့ အလွတ်တွေ့ဆုံ
သတင်းနှင့် မီဒီယာ ကွန်ရက်။
၂၀၂၀ ခုနှစ် မေလ ၅ ရက်။
NCA လက်မှတ်ရေးထိုးထားသည့် တိုင်းရင်းသား လက်နက်ကိုင် အဖွဲ့များနှင့် အစိုးရ၏ COVID-19 ကာကွယ်ထိန်းချုပ်ကုသရေးနှင့် စပ်လျဉ်းသည့် တိုင်းရင်းသားလက်နက်ကိုင်အဖွဲ့အစည်းများနှင့် ညှိနှိုင်းပူးပေါင်းရေးကော်မတီ ပထမဆုံးအကြိမ် အလွတ်သဘောတွေ့ဆုံဆွေးနွေးခဲ့ကြသည်။
ဆွေးနွေးပွဲကို ရန်ကုန်မြို့ရှိ အမျိုးသား ပြန်လည်သင့်မြတ်ရေးနှင့် ငြိမ်းချမ်းရေး ဗဟိုဌာန NRPC တွင် မေလ ၅ ရက်နေ့ (ယနေ့) တွင် တွေ့ဆုံဆွေးနွေးခဲ့ကြခြင်းဖြစ်သည်။
ဆွေးနွေးပွဲကို တက်ရောက်ခဲ့သည့် မြန်မာနိုင်ငံလုံးဆိုင်ရာ ကျောင်းသားများ ဒီမိုကရက်တစ်တပ်ဦး ABSDF ဒု-ဥက္ကဋ္ဌ ဦးမျိုးဝင်းက တွေ့ဆုံဆွေးနွေးခဲ့ကြသည့် အကြောင်းအရာများနှင့် ပတ်သက်၍ ယခုကဲ့သို့ ပြောသည်။
“အဓိကကတော့ COVID- 19 ဆိုင်ရာ ထိန်းချုပ်ကာကွယ်ရေးပိုင်းရယ်၊ ကုသရေးပိုင်းဆိုင်ရာတွေပေါ့ အဲဒီကိစ္စတွေကိုလည်း ဆောင်ရွက်ကြမယ်။ ပြီးရင်လည်းပဲ နယ်စပ်တစ်ကြော အသီးသီးက ပြန်လာကြမယ့် ဒီရွေ့ပြောင်း အလုပ်သမား ကိစ္စနဲ့ ပတ်သက်ပြီး ဘယ်လိုပူးပေါင်း ဆောင်ရွက်နိုင်မလဲ အဲဒီကိစ္စဆွေးနွေးဖို့အတွက်ကို ပြင်ဆင်တာပဲ။ အခုကတော့ အသေးစိတ်ဆွေးနွေးပွဲ မဟုတ်ဘူးပေါ့နော်။”
ယခုပြုလုပ်သည့် ဆွေးနွေးပွဲသည် အလွတ်သဘော တွေ့ဆုံဆွေးနွေးမှုသာဖြစ်ပြီး တရားဝင်ဆွေးနွေးပွဲများ ပြုလုပ်နိုင်ရန် ပြင်ဆင်သည့် ဆွေးနွေးပွဲ ဟု ပြောသည်။
ထို့ကြောင့် မကြာမီရက်ပိုင်းအတွင်းတွင် တရားဝင်ဆွေးနွေးပွဲများကို ဆက်လက်လုပ်ဆောင်သွားရန် ရှိသည်ဟု ဦးမျိုးဝင်းက ဆက်ပြောသည်။
“အခုညှိနေတာပေါ့နော်။ အခုယာယီသတ်မှတ်ထားတာကတော့ ၈ ရက်လောက်ကျရင်တော့ တွေ့ဖို့ အတွက် တော့ ပြင်ဆင်ထားတာပေါ့။”
ပြီးခဲ့သည့် ဧပြီလ ၂၇ ရက်နေ့က COVID-19 ကာကွယ်ထိန်းချုပ်ကုသရေးနှင့် စပ်လျဉ်း၍ တိုင်းရင်းသား လက်နက်ကိုင် အဖွဲ့အစည်းများနှင့် ညှိနှိုင်းပူးပေါင်း ရေးကော်မတီကို နိုင်ငံတော်သမ္မတ ဦးဝင်းမြင့် လက်မှတ်ရေးထိုးကာ ဖွဲ့စည်းပေးခဲ့ခြင်း ဖြစ်သည်။
အဆိုပါကော်မတီတွင် အမျိုးသား ပြန်လည်သင့်မြတ်ရေးနှင့် ငြိမ်းချမ်းရေးဗဟိုဌာနမှ ဒု-ဥက္ကဋ္ဌ (၂) ဒေါက်တာ တင်မျိုးဝင်း က ဥက္ကဌ၊ ငြိမ်းချမ်း ရေးကော်မရှင် အတွင်းရေးမှူး ဒု-ဗိုလ်ချုပ်ကြီး ခင်ဇော်ဦး (ငြိမ်း)က ဒု-ဥက္ကဋ္ဌ၊ တိုင်းရင်း သားလူမျိုးများရေးရာ ဒု-ဝန်ကြီး ဦးလှမော်ဦးက အတွင်းရေးမှူး၊ ငြိမ်းချမ်း ရေးကော်မရှင် အကြံပေး အ ဖွဲ့ဝင် ဦးမိုးဇော်ဦး က အဖွဲ့ဝင်အဖြစ် ပါဝင်သည်။
တရားဝင်အစည်းအဝေးတွင် ကရင်အမျိုးသား အစည်းအရုံး KNU နှင့် ရှမ်းပြည်ပြန်လည်ထူထောင်ရေးကောင်စီ RCSS/SSA တို့၏ COVID- 19 ရောဂါ ကာကွယ်တားဆီးရေးလုပ်ငန်းတွင် ကြုံတွေ့နေရသည့် တပ်မတော်၏ ဟန့်တား ပိတ်ပင်မှုများကိုလည်း ထည့်သွင်းဆွေးနွေးသွားမည်ဟု NCA-EAOs အဖွဲ့များက ပြောသည်။
“အဲဒါတွေက တရားဝင်ဆွေးနွေးပွဲတွေ ဖြစ်တဲ့အခါကျရင် ဆွေးနွေးရမယ့် အကြောင်းအရာတွေထဲမှာ ပါလာ မှာပေါ့နော်”ဟု ဦးမျိုးဝင်းက ပြောသည်။
တရားဝင်ဆွေးနွေးပွဲများကို COVID- 19 ရောဂါဖြစ်ပွားမှုအပေါ်မူတည်၍ အွန်းလိုင်းဆွေးနွေးပွဲများနှင့် အပြင် တွင် လူချင်း တွေ့၍ ဆွေးနွေးနိုင်မည့် တွေ့ဆုံဆွေးနွေးမှုများကို လုပ်ဆောင်သွားရန်ရှိသည်ဟု ဦးမျိုးဝင်း က ပြောသည်။
ယနေ့ပြုလုပ်သည့် အစည်းအဝေးသို့ အစိုးရဖက်မှ ညှိနှိုင်းပူးပေါင်းရေးကော်မတီ ဒု-ဥက္ကဋ္ဌ ဒု-ဗိုလ်ချုပ်ကြီး ခင်ဇော်ဦး(ငြိမ်း) နှင့်အတူ ကော်မတီဝင်များ၊ ဖိတ်ကြားထားသူများနှင့် ရုံးအဖွဲ့ဝင်များတက်ရောက်ခဲ့ကြပြီး NCA လက်မှတ်ရေးထိုးထားသည့် အဖွဲ့မှ ဦးမျိုးဝင်းနှင့်အတူ အခြားသော တိုင်းရင်းသား ကိုယ်စားလှယ်များ တက် ရောက်ခဲ့ကြသည်ဟု သိရသည်။
ထို့အပြင် NCA လက်မှတ်ရေးထိုးထားခြင်းမရှိသည့် အဖွဲ့များလည်း ယခုဆွေးနွေးပွဲတွင် ပါဝင်လာနိုင်အောင် လက်မှတ်ရေးထိုးထားသည့် အဖွဲ့များနှင့် အစိုးရက ကြိုးပမ်းနေသည်ဟု ဆိုသည်။
NCA လက်မှတ်ရေးထိုးထားကြသည့် တိုင်းသား လက်နက်ကိုင် အဖွဲ့အစည်းများမှာ ကရင်အမျိုးသား အစည်းအ ရုံး KNU ၊ ချင်းအမျိုးသားတပ်ဦး CNF ၊ မြန်မာနိုင်ငံလုံးဆိုင်ရာ ကျောင်းသားများ ဒီမိုကရက်တစ်တပ်ဦး ABSDF ၊ ကရင်ငြိမ်းချမ်းရေးကောင်စီ KNLA/PC ၊ ပအို့ဝ်အမျိုး သား လွတ် မြောက်ရေးအဖွဲ့ချူပ် PNLO၊ ရခိုင်ပြည် လွတ်မြောက်ရေးပါတီ ALP ၊ ရှမ်းပြည်ပြန် လည်ထူထောင်ရေး ကောင်စီ RCSS ၊ ကရင်အမျိုးသား ဒီမိုက ရေစီအကျိုးပြုတပ်မတော် DKBA ၊ မွန်ပြည်သစ်ပါ တီ NMSP နှင့် လားဟူ ဒီမိုကရက်တစ်အစည်းအရုံး LDU အဖွဲ့တို့ဖြစ်သည်။",,,,,,
<urn:uuid:12b5c4d1-cbe4-4a7f-8e61-52f6cf054020>,"Stories that suggest alcohol can make you a better lover are very popular, ဒါပေမယ့်ဘာ ... ဆက်ဖတ်ရန်
သေးငယ်တဲ့လေ့လာမှု၏ရလဒ်များကိုနေ့စဉ်သတင်းစာငါးကိုဆီသုံးလသင်တန်းကြောင်းပြသရန်ပေါ်လာ ... ဆက်ဖတ်ရန်
Research မှကာကွယ်စောင့်ရှောက်ဘို့ကြာရှည်နိုင်သည်ကိုတွေ့ရှိရ 30 အသုံးပြုမှုရပ်တန့်ပြီးနောက်နှစ်ပေါင်း, ခပ်သိမ်းသောငါးခုနှင့်အတူ ... ဆက်ဖတ်ရန်
လူသားများတွင်ထိရောက်သော အကယ်., စံမူးယစ်ကုသမှုဖို့ဟော်မုန်းချို့ယွင်းသောနိုင်ကြောင်းထည့်သွင်း ... ဆက်ဖတ်ရန်
ရုံးတင်စစ်ဆေးတစ်ပါကင်ရဲ့မူးယစ်ပေးထားကျန်းမာတဲ့လူကပိုတစ်ကိုယ်ကောင်းဆန်ဖြစ်လာခဲ့သည်ပြသ, လူပေးသောအနေဖြင့် ... ဆက်ဖတ်ရန်
Alexandra Doyle ကအင်္ဂါဂြိုဟ်မှတစ်လမ်းခရီးစဉ်ကိုတက်လက်မှတ်ရေးထိုးခဲ့သည်. အဘယျသို့သူမ၏စေသည်, နှင့် 99 အခြားသူများ, ဒါကြောင့် ... ဆက်ဖတ်ရန်",,,,,,
<urn:uuid:941c9a55-4f6c-4960-89b3-f079944c67ab>,"iPhone ရောင်းချင်ရင် Charger ထည့်ရောင်းဖို့ ဘရာဇီးအစိုးရက ညွှန်ကြားလိုက်ပါတယ်။
ဘရာဇီးနိုင်ငံမှာ ရောင်းချမယ့် iPhone တွေမှာ Power Adapter အားသွင်းခေါင်းမပါရင် ရောင်းချခွင့်ပိတ်ပင်သွားမယ်လို့ ဘရာဇီးတရားရုံးနဲ့ အများပြည်သူလုံခြုံရေးဝန်ကြီးဌာနက အင်္ဂါနေ့က ထုတ်ပြန်ချက်မှာ ပြောထားပါတယ်။ ဘရာဇီးအစိုးရဟာ Apple ကိုလည်း Charger မပါတဲ့ iPhone ရောင်းချမှုနဲ့ ဘရာဇီး ရီးရယ်ငွေ ၁၂.၂၇၅ သန်း (ပေါင် ၂.၀၄ သန်း) ဒဏ်ရိုက်ထားပါတယ်။ ဘရာဇီးစားသုံးသူရေးရာ အေဂျင်စီ Senacon ကလည်း iPhone သစ်တွေမှာ Charger မထည့်ဖို့ ဆုံးဖြတ်တဲ့ Apple ရဲ့ ဆုံးဖြတ်ချက်ဟာ စားသုံးသူတွေကို မပြည့်စုံတဲ့ ထုတ်ကုန်ရောင်းချပြီး ခွဲခြားမှုလုပ်တယ်လို့လည်း ပြောထားပါတယ်။
Apple အနေနဲ့ ဘရာဇီးအစိုးရရဲ့ ပိတ်ပင်မှုကို အယူခံဝင်သွားဖို့ ရှိပါတယ်။ ကုမ္ပဏီအနေနဲ့ ဘရာဇီးအစိုးရရဲ့ စိုးရိမ်မှုတွေကို ဖြေရှင်းဖို့ ပူးပေါင်းသွားမယ်လို့ ပြောကြောင်း Reuters သတင်းက ဖော်ပြပါတယ် အရင်က ဘရာဇီးမှာဖြစ်ခဲ့တဲ့ အမှုတွေမှာ Apple က တရားခွင်နိုင်ထားခဲ့တာတွေ ရှိပါတယ်။ ""ဖောက်သည်တွေအနေနဲ့ သူတို့ထုတ်ကုန်တွေနဲ့ ချိတ်ဆက်ဖို့ ၊ အားသွင်းဖို့အတွက် ရွေးစရာအမျိုးမျိုး ရှိမှန်းသိကြမယ်လို့ ယုံကြည်ပါတယ်"" လို့ Apple က ပြောပါတယ်။
အခုလို USB Power Adapter မပါတဲ့ iPhone ရောင်းချမှု ပိတ်တာ ၊ ဒဏ်ရိုက်တာတွေက စက်တင်ဘာ ၇ ရက် iPhone 14 နဲ့ Apple Watch နာရီသစ်တွေ ကြေညာမယ့်ရက်မတိုင်ခင် တစ်ရက်အလိုက ညွှန်ကြားလိုက်တာ ဖြစ်ပါတယ်။ ဘရာဇီးစားသုံးသူ ကာကွယ်ရေးအေဂျင်စီဟာ ပြီးခဲ့တဲ့နှစ်ကလည်း Apple ကို ပေါင် ၂ သန်း ဒဏ်ရိုက်ခဲ့ပါတယ်။ အဲ့ဒီအချိန်က ဒဏ်ရိုက်လိုက်တဲ့ အကြောင်းရင်းက iPhone 12 စီးရီးမော်ဒယ်တွေမှာ Charger မပါဘဲ ရောင်းချတာကြောင့် စားသုံးသူဥပဒေကို ချိုးဖောက်တယ်ဆိုပြီး ဒဏ်ရိုက်ခဲ့တာ ဖြစ်ပါတယ်။
Apple ဟာ ၂၀၂၀ ထွက် iPhone 12 စီးရီးက စပြီး iPhone ဗူးတွေထဲမှာ နားကြပ်နဲ့ Power Adapters တွေ ထည့်သွင်းမှု ရပ်ဆိုင်းခဲ့တာပါ။ ကာဗွန်ထုတ်လုပ်မှုလျှော့ချနိုင်ရေးဆိုတဲ့ အကြောင်းပြချက်နဲ့ iPhone သစ်တွေအပါအဝင် Apple Watch ဗူးသစ်တွေမှာပါ Power Adapters တွေ ဖယ်ရှားခဲ့ပါတယ်။ Apple ရဲ့ သဘာဝပတ်ဝန်းကျင် ၊ မူဝါဒရေးရာနဲ့ လူမှုဆိုင်ရာ ဒုဥက္ကဌဖြစ်သူ လီဆာ ဂျက်ခ်ဆင်က ကမ္ဘာပေါ်မှာ တရားဝင် Apple Power Adapters ပေါင်း ၂ ဘီလျံကျော် ရောက်ရှိနေပြီလို့ ဆိုပါတယ်။
ဒါပေမယ့်လည်း Senacon အဖွဲ့ကတော့ သဘာဝပတ်ဝန်းကျင်တည်တံ့ရေးအတွက် iPhone ဗူးတွေမှာ USB Power Adapters တွေ ဖယ်ရှားလိုက်ရုံနဲ့ မလုံလောက်ဘူးလို့ ပြောပါတယ်။ Charger တွေ ဖယ်ရှားလိုက်လို့လည်း သဘာဝပတ်ဝန်းကျင်အတွက် အကျိုးများတယ်ဆိုတဲ့ သက်သေမရှိသေးဘူးလို့လည်း Senacon အဖွဲ့က ဆိုပါတယ်။ ကုမ္ပဏီအနေနဲ့ သဘာဝပတ်ဝန်းကျင်ပေါ် သက်ရောက်မှု လျှော့ချချင်ရင် USB-C cables နဲ့ Charger တွေ ပြောင်းသုံးပြီး လျှပ်စစ်အမှိုက် e-Waste လျှော့ချတဲ့ နည်းလမ်းကို စဉ်းစားသင့်တယ်လို့လည်း အဖွဲ့က အကြံပြုပါတယ်။
ဥရောပသမဂ္ဂ EU ဟာ ဒီနှစ်ထဲမှာ လျှပ်စစ်ထုတ်ကုန်တွေအတွက် ဘုံ USB-C အားသွင်းကြိုးစနစ် သုံးစွဲရေးစီမံကိန်းကို အတည်ပြုလိုက်ပါတယ်။ နောက်နှစ်ကစပြီး ဥရောပမှာ ရောင်းသမျှ စမတ်ဖုန်းတွေဟာ USB-C Port ကို သုံးရတော့မှာ ဖြစ်ပါတယ်။",,,,,,
<urn:uuid:9ed12494-c506-4103-8572-90e6e55953de>,"latt နက်ပိုင်းရော ပိုက်ဆံပိုင်းရော ခက်ခဲနေတယ်ဆိုတဲ့ စစ်ကိုင်း PDF ရဲဘော်လေးတွေ(ရုပ်သံ)
latt နက်ပိုင်းရော ပိုက်ဆံပိုင်းရော ခက်ခဲနေတယ်ဆိုတဲ့ စစ်ကိုင်း PDF ရဲဘော်လေးတွေ(ရုပ်သံ)
latt နက်ပိုင်းရော ပိုက်ဆံပိုင်းရော ခက်ခဲနေတယ်ဆိုတဲ့ စစ်ကိုင်း PDF ရဲဘော်လေးတွေ(ရုပ်သံ)
latt နက်ပိုင်းရော ပိုက်ဆံပိုင်းရော ခက်ခဲနေတယ်ဆိုတဲ့ စစ်ကိုင်း PDF ရဲဘော်လေးတွေ(ရုပ်သံ)
latt နက်ပိုင်းရော ပိုက်ဆံပိုင်းရော ခက်ခဲနေတယ်ဆိုတဲ့ စစ်ကိုင်း PDF ရဲဘော်လေးတွေ(ရုပ်သံ)
latt နက်ပိုင်းရော ပိုက်ဆံပိုင်းရော ခက်ခဲနေတယ်ဆိုတဲ့ စစ်ကိုင်း PDF ရဲဘော်လေးတွေ(ရုပ်သံ)
latt နက်ပိုင်းရော ပိုက်ဆံပိုင်းရော ခက်ခဲနေတယ်ဆိုတဲ့ စစ်ကိုင်း PDF ရဲဘော်လေးတွေ(ရုပ်သံ)
latt နက်ပိုင်းရော ပိုက်ဆံပိုင်းရော ခက်ခဲနေတယ်ဆိုတဲ့ စစ်ကိုင်း PDF ရဲဘော်လေးတွေ(ရုပ်သံ)
latt နက်ပိုင်းရော ပိုက်ဆံပိုင်းရော ခက်ခဲနေတယ်ဆိုတဲ့ စစ်ကိုင်း PDF ရဲဘော်လေးတွေ(ရုပ်သံ)
latt နက်ပိုင်းရော ပိုက်ဆံပိုင်းရော ခက်ခဲနေတယ်ဆိုတဲ့ စစ်ကိုင်း PDF ရဲဘော်လေးတွေ(ရုပ်သံ)
ရုပ်သံကြည်ရန်???
ခရက်ဒစ်ဗီဒီယို",,,,,,
<urn:uuid:f8c68ba7-5bd8-49a7-ada6-4385acbbf7be>,"နိုင်ငံတကာအဖွဲ့များ ရခိုင်ကို ပြန်သွားပြီ
- 11 ဧပြီ 2014
ရခိုင်ပြည်နယ်မှာ ပြီးခဲ့တဲ့ လကုန်က ဖြစ်ခဲ့တဲ့ တိုက်ခိုက်မှုတွေကြောင့် ထွက်ခွာသွားခဲ့ကြရတဲ့ ကုလသမဂ္ဂနဲ့ နိုင်ငံတကာ အန်ဂျီအို အဖွဲ့တွေ ထဲက တချို့ကို စစ်တွေ ကိစ္စ စုံစမ်းရေး ကော်မရှင် ဥက္ကဌ နယ်စပ်ရေးရာ ဒုတိယ ဝန်ကြီး ဗိုလ်ချုပ် မောင်မောင်အုန်းက ဒီကနေ့ ပြန်ခေါ်သွားခဲ့ပါတယ်။
WFP နဲ့ UNHCR အပါအဝင် အရေးကြီးတဲ့ နိုင်ငံတကာ အဖွဲ့အစည်းတွေ ပြန်ရောက်လာပြီး လူမှုအကူအညီပေးရေး လုပ်ငန်းတွေ ပြန်လည် စတင်ဖို့အတွက် ရှေ့ဆက်လက် ဆောင်ရွက်မယ့် အစီအစဉ်တွေကို ဆွေးနွေးလျှက် ရှိပါတယ်။
ပြီးခဲ့တဲ့ ပဋိပက္ခတွေနဲ့ တော်တော်လေး ပက်သက်ခဲ့တဲ့ အဖွဲ့ တချို့ကတော့ ပြန်မပါလာသေးဘူးလို့ သိရပါတယ်။
ဒီအဖွဲ့တွေရဲ့ လုံခြုံရေး၊ ရေရှည် တည်မြဲရေးတို့ အတွက် ဘာတွေ လုပ်ဆောင်ပေးမှာလဲ ဆိုတာကို ဗိုလ်ချုပ် မောင်မောင်အုန်းကို မေးမြန်းကြည့်တဲ့အခါ ရခိုင်ပြည်နယ် ရဲတပ်ဖွဲ့ အနေနဲ့ ပြီးခဲ့တဲ့ ပြသနာကို သင်ခန်းစာ ယူပြီးလုံခြုံရေးကို အပြည့်အဝ လုပ်ဆောင်ထားတယ် လို့ ပြောပြပါတယ်။
လောလောဆယ်တော့ သူတို့ကို စစ်တွေမြို့က ဟိုတယ် တစ်ခုမှာ ထားပါတယ်။ နောက်ပိုင်းမှာတော့ နိုင်ငံတကာ အကူအညီပေးရေး အဖွဲ့အစည်းတွေကို သီးသန့်နေရာ တစ်ခု စီစဉ်ပေးမှာပါ။
ဒါပေမယ့် အမျိုးသား ပြန်လည်သင့်မြတ်ရေးကို အားလုံး ပါဝင်လုပ်ဆောင်နေတဲ့ ကာလ ဖြစ်တဲ့အတွက် ပြီးခဲ့တဲ့ ပဋိပက္ခတွေကို ဘယ်သူတွေ ဘယ်အဖွဲ့အစည်းတွေ က လုပ်ဆောင်ခဲ့လဲ ဆိုတာကိုတော့ သူ့အနေနဲ့ သုံးသပ် မသွားပါဘူး။
ဒါကို မြန်မာနိုင်ငံ ရဲတပ်ဖွဲ့ကသာ ဆက်လက် ဆောင်ရွက်လိမ့်မယ် လို့ သူက ပြောခဲ့တာပါ။
အမုန်းတရားတွေကို ရေးသားဟောပြော ဆွေးနွေးဖြန့်ချီမှုတွေ ရှိနေတယ် ဆိုတာကို မှန်ကန်ကြောင်း ဗိုလ်ချုပ်မောင်မောင်အုန်းက ဝန်ခံခဲ့ပါတယ်။ ဒါပေမယ့် သက်ဆိုင်ရာက ဒါမျိုးတွေကို ဟောပြောဆွေးနွေးတာတွေ မလုပ်ကြဖို့ အတတ်နိုင်ဆုံး စည်းရုံးပြောဆိုနေပါတယ် လို့ သူက ဆက်ရှင်းပြခဲ့ပါတယ်။",,,,,,
<urn:uuid:700e0bbe-b4c5-4eb2-9082-4b25c3697b84>,"buttock 005
Ks25,000.00
မြင်တာနဲ့ အမှန်အကန်ကို ဆွဲဆောင်မှုရှိတဲ့ ပုံစံလေးနှော် မြင်တာနဲ့ ဘုချင်သွွားမယ် အဆင်သင့်စောင့်နေတဲ့ပုံစံအနေအထားလေး ဖြစ်ပါတယ်
နူးညံ့တဲ့ စီလီကွန်ပေါင်းသားးနဲ့ပြုလုပ်ထားပါတယ် ၈လက်မပတ်လည် ရှိပီး အမြင် ့ ၂လက်မခွဲ ရှိပါတယ် နောက်ဘက်မှာတုန်ခါစက် ထည့်လိုရတဲ့ အပေါက်ပါပါတယ် နောက်ဘက်မှာ ရေဆေးရင် ရေထုတ်လို့ရမဲ့ အပေါက်ပါပါတယ်
for video
#09799624930
MM ရှိပစ္စည်းမျးကို အောက်ပါ ဖုန်းဆော့ဝဲ app မှတစ်ဆင့် အလွယ်တူ ဒေါင်းယူကြည့်ရှုပီး order တင်နိုင်ပါပီ
Play store link
https://bit.ly/2GwQIL2
တိုက်ရိုက်ဒေါင်းလော့လင့်
https://ktechgroupapps.blogspot.com/…/mm-online…
website link
www.mmonlineshopping.co
www.myanmar-onlineshopping.com
Youtube channel link
https://www.youtube.com/channel/UCPhPr2lUWGQkcu9Q5pBGqQg
…………………………………………………………
Order မှာယူလို့ပါက
ကျေးဇူးပြု၍
***အမည်
***ဖုန်းနံပါတ်
****နေရပ်လိပ်စာ ***
မှာယူလို့သည်ပစ္စည်းအမျိုးအစားနှင့်အရေအတွက် ကို
09 799624930 (သို့မဟုတ် ) chat box မှာ တဆင့်မှာယူနိုင်ပါသည်။
………………………………………………………………
ရန်ကုန်မြို့တွင်း delivery service ရှိပါသည်ဒီနေမှာ မနက်ဖြန်ပို့ပေးပါသည်။
နယ်မှာ မှာယူသူများကို ကားဂိတ်မှတဆင့် ပို့ပေးပါသည်။wave money / kpay / bank acc များမှတစ်ဆင့်ငွေလွှဲနိုင်ပါတယ် ငွေလွှဲပြီးနောက်တရက် ကားဂိတ်ကနေပို့ပေးပါသည်။တန်ဆာခကို ဝယ်သူဘက်မှ ကျခံပေးရမည်။
2015ကတည်းက စတင်လာတာမို့လို့ ယုံကြည်စိတ်ချစွာ ဝယ်ယူအားပေးနိုင်ပါတယ်
ပထမဆုံး အကြိမ် ငွေကျပ် ငါးသောင်းဖိုးနှင့်အထက် ဝယ်ယူလိုက်တာနဲ့တပြိုင်နက် member card တခါတည်း ထည့်ပေးလိုက်ပါမည် ။
ဒုတိယအကြိမ် member code no ပြပြီး ဝယ်ယူပါက 10 % discount ရရှိပါမည်
Member cardသည် ငွေကျပ်ငါးသောင်းဖိုး စတင်ဝယ်ယူသည် ရက်မှစ၍ တနှစ်တိတိ သက်တမ်းရှိမည်ဖြစ်ပါသည်။",,,,,,
<urn:uuid:01f0c8ef-8e37-449d-a0fb-843f58558d9b>,"ခရစ်တော်၏ရေးစာ ၂ကော ၃း၃
နိဒါန်း
၁။ သန့်ရှင်သောဝိညာဉ်တော်၏အလုပ်
က) အမျိုးမျိုး
ခ) အရေးကြီး
၂။ အထူးအမှုတော်ကဏ္ဍ
က) တန်ခိုးပေးခြင်း
ခ) ဖွင့်ပြခြင်း
ဂ) ခွန်အားပေးခြင်း
အသက်ရှင်သောရေးစာ၏သဘောသဘာဝ
1 ငါတို့သည် တဖန်ကိုယ်ကိုကိုယ် ချီးမွမ်းကြ သလော။ သို့မဟုတ်ချီးမွမ်းသောစာကို သင်တို့ထံသို့ သူတပါးပေးစေခြင်းငှါ၎င်း၊
သင်တို့သည်သူတပါးထံသို့ ပေးစေခြင်းငှါ၎င်း၊ ငါတို့သည်အချို့သောသူကဲ့သို့ အလိုရှိကြသလော။
2 သင်တို့သည် ငါတို့စိတ်နှလုံးပေါ်၌ ရေးထားသောစာ၊ လူအပေါင်းတို့သိ၍ ဘတ်တတ်သောငါတို့ စာပင်ဖြစ်ကြသတည်း။
3 အဘယ်သို့နည်းဟူမူကား၊ သင်တို့သည် မှင်နှင့် ရေးထားသော စာမဟုတ်။ အသက်ရှင်တော်မူသော ဘုရားသခင်၏ ဝိညာဉ်တော်နှင့်ရေး၍၎င်း၊
ကျောက်ပြားပေါ်၌မရေးဘဲ အသားနှင့်ပြည့်စုံသော နှလုံးပြားပေါ်၌ ရေး၍၎င်း၊ ငါတို့ပြုစုသော ခရစ်တော်၏စာ ထင်ရှားစွာဖြစ်ကြ၏။ ၂ ကောရိန်သု 3: 1-3
၁။ သြဝါဒစာ၏သဘောသဘာဝ
က) သြဝါဒစာသည်ပေးစာသက်သက်ဖြစ်သည်။
ခ) တမန်တော်များသည် အသင်းတော်မျာဆီသြဝါဒစာရေးကြသည်။
ဂ) တချို့သြဝါဒစာများသည် တစ်ဦးတစ်ယာက်နှင့်သာဆိုင်သည်။
၂။ သြဝါဒစာထဲ၌ပါဝင်သောအကြောင်းအရာများ
က) ယေရှုခရစ်ကို အာရုံပြုသည်။
ခ) အသင်းတော်များ၏လိုအပ်မှုများကို ဖြေရှင်းပေးသည်။
ဂ) အမှားမျုားကိုပြုပြင်ပေးသည်။
ဃ) ထူးခြားစွာဘုရားအတွက်အသက်ရှင်ရန်စိန်ခေါ်မှုများကို အမြဲတွေရသည်။
၃။ အသက်ရှင်သောပေးစာ၏သဘာ၀ ၁
(သင်တို့သည် ငါတို့စိတ်နှလုံးပေါ်၌ ရေးထားသောစာ)
က) စာရေးသူ၏နှလုံးသားထဲ၌ရေးသောစာ
ခ) ကောရိန္တုယုကြည်သူများသည်တမန်တော်ပေါလု၏နှလုံးသားထဲ၌ရှိသည်။
ဂ) စာရေးခြင်းအလုပ်းသည် စားရေးသူ၏ နှလုံးသားထဲ၌အစပြုသည်။
ဃ) စာရေးသူ၏အသိညာဏ်နှင့် တတ်ကျွမ်းမှုအပေါ်များစွာခြေခံသည်။
၃။ အသက်ရှင်သောရေးစာ၏သဘာ၀ ၂
(လူအပေါင်းတို့သိ၍ ဘတ်တတ်သောငါတို့စာ)
က) ငါတို့နှလုံးသားနှင့် စိတ်ထဲ၌ရေးသောအရာသည် လူများကလွယ်စွာဖတ်လိမ့်မည်။
ခ) ငါတို့နှလုံးသားထဲ၌ရေးသောအချက်များသည် ထင်ရှားလာလိမ့်မည်။
ဂ) ငါတို့အသက်တာ၌ထားရှိသောအလုပ်များသည်လူများက မြင်လာပြီး သဘောကျလိမ့်မည်။
သခင်ယေရှုခရစ်တော်၏ ပေးသောစာ
၁။ သခင်ယေရှု၏ ပေးစာ ကြေား လေ့လားခြင်း
က) လူလက်ဖြင့်အစေခံခြင်း
ခ) သန့်ရှင်သောဝိညာဉ်တော်အားဖြင့်ရေးမှတ်ခြင်း
၈) နှလုံးသားပေါ်မှာရေးမှတ်ခြင်း
၂။ လူနှင့်ဘုရား၏ အလုပ်ရှိရမည်။
က) စာရေးသူလူ၏အလုပ်ရှိသည်။
၁) ဆရာသမား၏အလုပ်
၂) ဝိညာဉ်ရေးခေါင်းဆောင်၏အလုပ်။
ခ) ဝိညာည်တော်၏အလုပ်လည်းရှိသည်။
၁) လူကိုကြာခံအသုံးပြုအလုပ်လုပ်သည်။
၂) ပိုလေးနက်သောအလုပ်ကိုလုပ်သည်။
ပဋိညာဉ်သစ်အမှု
4 ငါတို့သည် ခရစ်တော်အားဖြင့် ဘုရားသခင့် ရှေ့တော်၌ ထိုသို့သော ယုံမှတ်စွဲလမ်းခြင်းရှိ၏။
5 သို့ရာတွင် ငါတို့သည်ကိုယ်တန်ခိုးကိုအမှီပြု၍၊ ကိုယ်အလိုအလျောက်
တစုံတခုကိုကြံစည်ခြင်းငှါ တတ်နိုင်သည်မဟုတ်။ ဘုရားသခင်ကိုအမှီပြု၍သာ တတ်နိုင်သည်နှင့်အညီ၊
6 ပဋိညာဉ်တရားသစ်၏ ဆရာဖြစ်နိုင်သော အစွမ်းသတ္တိကို ဘုရားသခင်သည် ငါတို့အားပေးတော် မူ၏။ ထိုသို့ဆိုသော် ကျမ်းဟောင်းတရားကိုမဆိုလို၊
ဝိညာဉ်တော်တရားကိုဆိုလို၏။ ကျမ်းဟောင်းတရားသည် အသက်ကိုသတ်တတ်၏။ ဝိညာဉ်တော်တရားမူကား ရှင်စေတတ်၏။ ၂ ကောရိန်သု ၃း ၄-၆
၁။ အသက်ရှင်သောစာရေးသားခြင်းအလုပ်
က) ဤအရာသည် အသစ်သော ပဋိညာဉ်အမှုဖြစ်သည်။
ခ) ဤသိုသောအမှုကိုပြုလုပ်ရန်ထိုက်တန်ခြင်း ဘုရားရှင်ထံမှလာသည်။
ဂ) ပဋိညာဉ်သစ်၏အမှုတော်ဆောင်အဖြစ် ထိုက်တန်စေသည်။
၂။ ပို၍လေးနက်စွာတန်ဖိုးထားခြင်း
က) ဤအမှုသည် အပေါ်ရံအမှုမဟုတ်ပါ။
ခ) ဝိညာဉ်ရေးအမှုဖြစ်သည်။
ဂ) သန့်ရှင်းသောဝိညာဉ်တော်နှင့် နီးကပ်စွာဆက်နွယ်နေသောအမှုဖြစ်သည်။
ရှင်ပေါလုရေးသောအသက်ရှင်သောရေးစာ၏ဥပမာ
19 သင်တို့အကြောင်းအရာများကို ငါသိ၍ စိတ်သက်သာခြင်းငှါ၊
တိမောသေကို သင်တို့ရှိရသို့ များ မကြာ စေလွှတ်မည်အကြောင်း၊ သခင်ယေရှုခရစ်၌ ငါမှီဝဲခြင်းရှိ၏။
20 အကြောင်းမူကား၊ ထိုသူသည် သင်တို့အကျိုးကို ကြည့်ရှုချင်သော စေတနာစိတ်ရှိသကဲ့သို့ စိတ်သဘောတူ သော သူတယောက်မျှ ငါတို့၌မရှိ။
21 လူခပ်သိမ်းတို့သည် ယေရှုခရစ်၏အကျိုးကို မရှာ၊ ကိုယ်အကျိုးကိုသာ ရှာကြ၏။
22 သို့သော်လည်း သားသည်အဘနှင့်အတူ ဆောင်ရွက်သကဲ့သို့၊ သူသည်ငါနှင့်အတူ
ဧဝံဂေလိတရားအမှုကို အမှန်ဆောင်ရွက်သည်ဟု သူပြသောသက်သေကို သင်တို့ သိကြ၏။ ဖိလိပ္ပိ ၂း၁၉-၂၂
၁။ စိတ်သဘောတူခြင်း
၂။ ဖြူစင်သောစောင့်ရှောက်ခြင်း
၃။သခင်ယေရှုခရစ်တော်နှင့်ဆိုင်သော အရာမျာကိုသာရှာခြင်း
၄။ အစမ်းသပ်ခံအသက်တာ
၅။ အဖေတူသား
နိဂုံး
၁။ကျွန်ပ်တို့အလယ်၌ ပဋိညာဉ်အသစ်၏နက်နဲသော ဝိညာဉ်ရေးအလုပ်ကို လိုလားရှာဖွေရန်။
၂။ အသက်ရှင်သောရေးစာ ဖြစ်လာရန် ကျွန်ပ်တိုကိုယ်တိုင် အညံ့ခံရန်။
၃။ ဤအလုပ်သည်ကျွန်ပ်တို့အသက်တာ၌ ဖြစ်ပေါ်နိုင်ခြင်းကို လေးနက်စွာတန်ဖိုးထားရန်။",,,,,,
<urn:uuid:bcbe3f47-8138-4a08-b7ad-8d896cf9fc06>,"အီတလီ စီးရီးအေ ချန်ပီယံ အင်တာ မီလန် နည်းပြ ဟိုဆေး မော်ရင်ညို က ပေါ်တို တွင် ၎င်း နှင့် အတွဲ ညီခဲ့ သည့် တပည့်ဟောင်း ဒေကို နှင့် ရီကာဒို ကာဗယ်ဟို တို့ နှစ်ဦးလုံး ကို ချဲလ်ဆီး ထံမှ တပြိုင်တည်း ခေါ်ယူသွားရန် ပြင်ဆင် နေသည်။
ဒေကို သည် ချဲလ်ဆီးတွင် နေရာမရသဖြင့် အသင်းမှထွက်ခွာရန် ဆန္ဒရှိနေပြီး ကာဗယ်ဟိုမှာလည်း မော်ရင်ညိုထံ လာရောက် ပူးပေါင်း လိုကြောင်း ၀န်ခံ ထားသည်။ နှစ်ဦးလုံး ပေါ်တူဂီ လက်ရွေးစင်များ ဖြစ်သည့် ဒေကိုနှင့် ကာဗယ်ဟို တို့သည် အင်တာမီလန် ၏ ယခုနှစ် အတွက် အဓိက ပစ်မှတ်များ ဖြစ်လာ နေကြောင်း အီတလီ သတင်းများ က ဆိုသည်။
အသက် (၃၁) နှစ်ရှိ ကာဗယ်ဟိုသည် ဘရာဇီး နောက်ခံလူ အဲလက်ခြေစွမ်း ပြလာပြီးနောက်ပိုင်း ၎င်း ၏ ပုံမှန်နေရာကို ဆုံးရှုံးခဲ့သဖြင့် စိတ်ပျက်လျက်ရှိပြီး မော်ရင်ညို ၏ ကမ်းလှမ်းမှုကို စောင့်မျှော်နေကြောင်း သိရသည်။ အဆိုပါ ကစားသမား(၂) ဦးလုံးသည် အသက် (၃၀) ကျော်မျှ ရှိနေပြီဖြစ်သော်လည်း အသင်း၏ စွမ်းဆောင်ရည်ကို အကောင်းဆုံး တိုးမြှင့်ပေးနိုင်မည့် စွမ်းအင် ရှိနေကြောင်း မော်ရင်ညိုက ယူဆ လျက်ရှိသည်။
သတင်းများ အရ ချဲလ်ဆီး နည်းပြသစ် ကာလိုအန်ဆလော့တီ ကလည်း အသင်းကို အသွင်သစ် ဖြင့် ဖွဲ့စည်း လိုသောကြောင့် အဆိုပါ ကစားသမား (၂) ဦးကို ရောင်းချ သွားဖွယ် ရှိကြောင်း သိရှိ ရသည်။",,,,,,
<urn:uuid:1780f947-6f46-4af1-a2c6-c8661cc27273>,"ကလေးများအတွက် သင်ထောက်ကူ ဂိမ်းတစ်မျိုးဖြစ်တဲ့ Coloring & Learn ဆိုတဲ့ ဂိမ်းဟာ အရောင်တွေချယ်သ ကစားပေးရမယ့် ဂိမ်းတစ်ခုဖြစ်ပါတယ်။ ရောင်စုံခဲတံနဲ့ brush အမျိုးမျိုးတို့ကိုလည်း ထည့်သွင်းပေးထားပြီး ပုံတွေကိုလည်း ရွေးချယ်နိုင်စေရန် ထည့်သွင်းပေးထားပါတယ်။ အသုံးပြုလိုသူတွေအနေနဲ့ Play Store ကနေအခမဲ့ ရယူနိုင်မှာဖြစ်ပါတယ်။ Android version 4.1 နဲ့အထက်မှာထည့်သွင်း အသုံးပြုနိုင်မယ့် app တစ်ခုဖြစ်ပါတယ်။
Download >>> Click <<<
-သီဟ
»»» အင်တာနက်ဂျာနယ်ကနေ တင်ဆက်ပေးနေတဲ့ သတင်းတွေနဲ့စိတ်၀င်စားဖွယ်ရာ အကြောင်းအရာတွေကို နေ့စဉ် ည(၇) နာရီအချိန်မှာ ဒီဂျစ်တယ်ဗားရှင်း သတင်းစာစောင်လေးအနေနဲ့ ဒီနေရာ ကနေ ရယူဖတ်ရှုနိုင်မယ့် IJ Mini Newspaper «««",,,,,,
<urn:uuid:6c99e8e0-da3f-425d-9947-5ea08036f6ac>,"By Development Media Group (DMG)/ June 30
မောင်တောမြို့တွင် ယနေ့ ဇွန်လ ၃၀ ရက်နေ့တွင် နယ်ခြားစောင့်ရဲတပ်ဖွဲ့ဝင် ၆ ဦးအပါအဝင် ၁၅ ဦးအထိ ကိုဗစ်ရောဂါပိုးတွေ့ရှိရပြီး ယခင်တွေ့ထားသူများထဲမှ နှစ်ဦးမှာ ဆေးရုံက ဆင်းခွင့်ရရှိကြောင်း မောင်တောခရိုင်ပြည်သူ့ဆေးရုံးကြီးက သိရသည်။
မောင်တောခရိုင်ပြည်သူ့ဆေးရုံအုပ်ကြီး ဒေါက်တာနုကေသီစံက ” ဟုတ်တယ်။ မောင်တောကို တာဝန်ကျပြီး အသစ်ရောက်လာကြတဲ့ နယ်ခြားစောင့် ၆ ဦးနဲ့ မနေ့ညက ကညင်းတန်းကျေးရွာက တစ်ဦး ဒီနေ့မှာ ယခင်ပိုးတွေ့သူတွေနဲ့ ထိတွေသူ ၈ ဦး စုစုပေါင်း ၁၅ ဦးမှာ ရောဂါပိုးတွေ့ရှိတယ်။ ဒီနေ့ ဆေးရုံက ဆင်းခွင့်ရတာက ထွေ/အုပ်ဝန်ထမ်း ၂ ဦးဖြစ်ကြတယ်” ဟု ပြောသည်။
မောင်တောမြို့နယ်တွင် ဇွန်လအတွင်း ကိုဗစ်ရောဂါပိုးကူးစက်ခံထားရသူ ၄၃ ဦးအထိ ရှိလာနေပြီး ဆေးရုံမှဆင်းခွင့်ရရှိသူ ၅ ဦးရှိကြောင်း သိရသည်။
လက်ရှိတွင် မောင်တောခရိုင်ပြည်သူ့ဆေးရုံကြီး၌ ဆေးကုသမှုခံယူနေရသူ ၃၂ ဦးအထိရှိရာ နေရာလုံလောက်မှုမရှိတော့သည့်အတွက် သီရိမင်္ဂလာမြို့တော်ခန်းမတွင် positive လူနာ ၆ ဦး စုစုပေါင်း positive လူနာ ၃၈ ဦးအထိ ဆေးကုသမှုခံယူလျှက်ရှိနေကြောင်း သိရသည်။
ယင်းကဲ့သို့ မောင်တောမြို့၌ ကိုဗစ်ရောဂါပိုးတွေ့ရှိသူ များပြားလာနေရာ၍ Mask မတတ်မနေရအမိန့်တစ်ရပ်အား ယနေ့ ဇွန်လ ၃၀ တွင် ထုတ်ပြန်ထားပြီး ဇူလိုင်လ ၁ ရက်နေ့မှ စတင်ကာ
စစ်ဆေးအရေးယူမှုများ ပြုလုပ်သွားမည်ဟု ဒေါက်တာနုကေသီစံက ပြောသည်။",,,,,,
<urn:uuid:50904920-41e9-4e47-ab4b-5adebb88e80f>,"တရုတ်နိုင်ငံ ဝူဟန်မြို့မှစတင်ဖြစ်ပွားခဲ့သော ကိုရိုနာ ဗိုင်းရပ်စ် ကာကွယ်ရန် ကချင်ပြည်နယ် Kambaiti (ကန်ပိုင်တီ) နှင့် Loije (လွယ်ဂျယ်)နယ်စပ်ဂိတ် နှစ်ခုတွင် ရောဂါစစ်ဆေးရေးလုပ်ငန်း ဆောင်ရွက်နေပြီး၊ နယ်စပ်ဂိတ်ပိတ်ရန်လည်း ပြည်ထောင်စုသို့ စာတင်ထားကြောင်း သက်ဆိုင်ရာ ဌာနများဆိုသည်။
ဇန်နဝါရီ (၂၇)ရက်နေ့မှစတင်ကာ တရုတ်-မြန်မာ ချစ်ကြည်ရေး Kambaiti ဥမင်ထွက်ပေါက်ဝ တွင် ဖြတ်သန်းသွားလာသူများကို လူဝင်မှုကြီးကြပ်ရေး ဦးစီးဌာန မဖြတ်သန်းမှီ ကြိုတင်စစ်ဆေးနေကြောင်း ပြည်နယ်ကျန်းမာရေးဌာနမှ သတင်းထုတ်ပြန်ထားသည်။
ထို့အပြင် နယ်စပ်ဂိတ်များကို ပိတ်ရန် ပြည်ထောင်စုသို့ စာတင်ထားကြောင်း ပြည်နယ်လူဝင်မှုကြီးကြပ်ရေးနှင့် လူ့စွမ်းအားအရင်းမြစ်ဝန်ကြီးဌာန ဝန်ကြီး ဦးဇော်ဝင်းပြောသည်။
“ပြည်ထောင်စုအဆင့်က လုပ်ထားတဲ့ ဂိတ်တွေဖြစ်တဲ့အတွက် ကျနောတို့ ကချင်ပြည်နယ်အစိုးရကနေတဆင့် ပြည်ထောင်စုကို တင်ထားတာရှိတယ်။ ဒါပေမယ့် ပြည်ထောင်စုကတော့ အခုချိန်ထိ ပိတ်ပါ မပိတ်ပါနဲ့ဆိုတဲ့ အမိန့်တစ်စုံတစ်ရာ မရှိသေးပါ” ဟုပြောသည်။
ထို့အပြင် ပြည်နယ်တွင်း ဗန်းမော်၊ မြစ်ကြီးနား၊ ပူတာအို လေဆိပ်မှ ဝင်ရောက်လာသော နိုင်ငံခြားသားများကိုလည်း ၎င်းတို့ ဟိုတယ် စာရင်းကောက်ယူကာ စောင့်ကြည့်နေကြောင်း ဆိုသည်။
ရောဂါလက္ခဏာ မပေါ်သေးသော်လည်း ကူးစက်ခံရနိုင်ကြောင်း တရုတ်နိုင်ငံသတင်းများအရ သိရှိရသဖြင့် မြန်မာအစိုးရအနေဖြင့်လည်း နယ်စပ်ဂိတ်များကို စနစ်တကျစိစစ်သင့်ကြောင်း ဝိုင်းမော်ဒေသခံ ဦးဂဲနက်စ် ပြောသည်။
“ကျနော်တို့မှာ နည်းပညာလိုအပ်မှု အရမ်းချို့တဲ့တယ်။ တရုတ်လိုနိုင်ငံက သူ့နိုင်ငံမှာဖြစ်ပွားခဲ့တာကို တော်ရုံတန်ရုံ ကမ္ဘာသိမလုပ်ဘူးဗျာ။ အခုလိုမျိုးကိစ္စရပ်မှာသူတို့တရားဝင်ဆေးရုံဆောက်၊ မြို့ပြင်မထွက်ဖို့ လုပ်လာတယ်။ နောက်တစ်ခုက တရုတ်နိုင်ငံသားတွေ ဒီမှာလာနေတဲ့သူတွေ၊ အလုပ်လုပ်ကိုင်ခွင့်နဲ့ လာရောက်နေထိုင်တဲ့သူတွေကို အုပ်စုခွဲပြီး စိစစ်သင့်တယ်။ ကိုယ့်နိုင်ငံထဲဝင်လာတယ်ဆိုပေမယ့် ကချင်ပြည်နယ် ဝိုင်းမော်လမ်းကြောင်းကဆိုတော့ အရေးပေါ်စခန်းတစ်ခုဆောက်ပြီး စိစစ်တဲ့ကိစ္စကိုတော့ ပြင်းပြင်းထန်ထန်ဆောင်ရွက်သင့်တယ်” ဟု ပြောသည်။
တရုတ်မြန်မာသဘောတူစာချုပ်အရ ကချင်ပြည်နယ်တွင် တရားဝင်နယ်စပ်ဂိတ် ၂ ခုသာရှိသော်လည်း တရားမဝင် လမ်းကြောင်း ၂၀ ကျော်ခန့် ရှိနေသေးကြောင်း လဝက ဝန်ကြီးထံမှ သိရသည်။
မြန်မာနယ်စပ်မြို့များတွင် သံသယလူနာတွေ့ရှိ
Kambaiti ကချင်-တရုတ်နယ်စပ် ယူနန်ပြည်နယ် ထိန်ချုံးမြို့တွင် ကိုရိုနာဗိုင်းရပ်စ် သံသယလူနာ ၂ဦးတွေ့ရှိသည်ဟု သတင်းရရှိကြောင်း လဝက ဝန်ကြီး ဦးဇော်ဝင်း ထပ်မံပြောဆိုသည်။
Tengchong (ထိန်ချုံး)တွင် တရုတ်နိုင်ငံသား အမျိုးသား (၃၁)နှစ်၊ အမျိုးသမီး (၄၈)တို့ကို ကိုရိုနာ ဗိုင်းရပ်စ် သံသယဖြင့် သီးခြားစောင့်ကြည့်နေပြီး၊ ရွှေလီမြို့တွင်လည်း ရောဂါကူးစက်လူနာ တွေ့ရှိထားကြောင်း ဒေသတွင်း သတင်းများတွင် ဖော်ပြထားသည်။
ထို့ကြောင့် ရွှေလီမြို့ပေါ်တွင် လူစုလူဝေးပွဲလမ်းသဘင်အခမ်းအနားများ၊ ပန်းခြံ၊ ဟိုတယ် နှင့် လောင်းကစားဝိုင်းများကို ယာယီပိတ်ထားမည်ရန် ကြေငြာလိုက်သည်။
တရုတ်အပါအဝင် အိမ်နီးချင်းနိုင်ငံများတွင်ရောဂါကူးစက်သူများလာသော်လည်း မြန်မာတွင် မတွေ့ရသေး
ထိုင်း၊ ကိုးရီးယား၊ စင်ကာပူ၊ ဂျပန် အပါအဝင် နိုင်ငံအများအပြားတွင် ရောဂါတွေ့ရှိသူဦးရေ များလာသော်လည်း မြန်မာပြည်တွင် မတွေ့ရသေးကြောင်း သက်ဆိုင်ရာ ကျန်းမာရေးဌာန မှ သိရသည်။
ယနေ့ နောက်ဆုံးသတင်းအရ ကူးစက်သူ ၂၀၀၀ ကျော်ရှိလာပြီး သေဆုံးသူ (၈၀)ခန့်ရှိလာနေပြီဖြစ်ကြောင်း တရုတ်ပြည်တွင်း မီဒီယာများမှ သိရပါသည်။",,,,,,
<urn:uuid:ae717d00-bcd9-456e-8799-025f2d68803d>,"အန်းဒရွိုက်၊ ဒါမှမဟုတ် အက်ပဲလ် ဆော့ဖ်ဝဲ အသုံးပြုထားတဲ့ စမတ် ဖုန်းတွေဟာ ဒီနှစ် ဒုတိယသုံးလပတ်မှာ ကမ္ဘာ့ဈေးကွက်ရဲ့ ၈၅ ရာခိုင် နှုန်းအထိ မကြုံစဖူးရရှိခဲ့ပါတယ်လို့ ဈေးကွက် သုတေသနကုမ္ပဏီ အိုင်ဒီစီက ဩဂုတ် ၈ ရက်နေ့မှာ သတင်းထုတ်ပြန်ခဲ့ပါတယ်။
တက်ဘလက်ပစ္စည်း အ၀ယ်လိုက်တာကြောင့် အမေရိကန် အိမ်သုံး လျှပ်စစ်ပစ္စည်းရောင်းအား ခန့်မှန်းထားတာထက် ပိုမိုမြင့်တက်လာ
အမေရိကန်နိုင်ငံရဲ့ အိမ်သုံးလျှပ်စစ် ပစ္စည်းရောင်းအားဟာ တက်ဘလက် ကွန်ပျူတာရောင်းအားတွေ မြင့်တက်ခဲ့ တာကြောင့် ဒီနှစ်မှာ ပထမဦးဆုံး အကြိမ်အဖြစ် ဒေါ်လာ ဘီလျံ ၂၀၀ ကျော် ရရှိနိုင်မယ်လို့ အိမ်သုံးလျှပ်စစ် ပစ္စည်းလုပ်ငန်းတစ်ခုက ဇူလိုင်လ ၂၄ ရက်နေ့မှာ ပြောကြားခဲ့ပါတယ်။
ဗီယက်နမ်ဆက်သွယ်ရေးကုမ္ပဏီကြီးတစ်ခုက မြန်မာနိုင်ငံ၏ ဆက်သွယ်ရေးကဏ္ဍတွင် ရင်းနှီးမြှုပ်နှံနိုင်ရန် ပြင်ဆင်နေ
ဗီယက်နမ်နိုင်ငံမှ အကြီးဆုံးသော မိုဘိုင်းဖုန်းကုမ္ပဏီတစ်ခုဖြစ်ကာ MobiFone အမည်ဖြင့် တယ်လီကွန်း ၀န်ဆောင်မှုများ ပေးနေ သည့် Vietnam Mobile Telecom Services Company (VMS) သည် မြန်မာနိုင်ငံ တွင် ရင်းနှီးမြှုပ်နှံ နိုင်ရေးအတွက် ပြင်ဆင် ဆောင်ရွက်နေသည်ဟုသိရသည်။
ပညာရေးဈေးကွက်ကို အဓိကထား ရည်ရွယ်ပြီး News Corp ဟာ စာသင်ခန်းတွေအတွက် 'ဒစ်ဂျစ်တယ် နည်းပညာသစ်တစ်မျိုး'နဲ့ ဆန်းသစ် တီထွင်ပေးထားတဲ့ တက်ဘလက် ကွန်ပျူတာ တစ်မျိုးကို AT&T Mobility နဲ့အတူ ပူးပေါင်းထုတ်လုပ်ပေးတော့ မယ်လို့ ဇူလိုင်လ ၂၃ ရက် တနင်္လာနေ့ မှာ သတင်းထုတ်ပြန်ထားပါတယ်။",,,,,,
<urn:uuid:5c09e788-ddaa-4dfa-bc38-35245da89116>,"ဒီတခေါက် ညွှန်းဆိုပေးမယ့် ရုပ်ရှင်ကတော့ ဘဝ အတ္ထုပ္ပတ္တိ၊ ဟာသ၊ ဒရာမာ နာမည်ကျော် ဘောလိဝုဒ် ရုပ်ရှင်ကား “Padman” ရုပ်ရှင် ဖြစ်ပါတယ်။ ဒီဇာတ်ကားက ၂၀၁၈ ခုနှစ်မှာ ထွက်ရှိထားပြီး ဒါရိုက်တာ R.Balki ကိုယ်တိုင် ဇာတ်ညွှန်း ရေးသား ရိုက်ကူးထားတာ ဖြစ်ပါတယ်။
အဓိက သရုပ်ဆောင်တွေကတော့ မင်းသား Akshay Kumar ၊ မင်းသမီး Sonam Kapoor နဲ့ မင်းသမီး Radhika Apte တို့ ဖြစ်ပါတယ်။ တန်ဖိုးနည်း အမျိုးသမီး လစဉ်သုံးပစ္စည်းကို စတင်မိတ်ဆက်ခဲ့တဲ့ အိန္ဒိယနိုင်ငံရဲ့ Tamil Nadu ပြည်နယ်က တက်ကြွလှုပ်ရှားသူ တဦးဖြစ်တဲ့ Arunachalam Muruganantham ရဲ့ ဘဝဇာတ်ကြောင်းကို ဇာတ်အိမ်တည် ရိုက်ကူးထားတာ ဖြစ်ပါတယ်။
ဒီကားလေးရဲ့ ထူးခြားချက်ကတော့ ဒီရုပ်ရှင်ကို အိန္ဒိယရုပ်ရှင်လုပ်ငန်းထဲက နာမည်ကျော် ကြားသူတွေက လူမှုကွန်ရက် မီဒီယာတွေပေါ်မှာ အမျိုးသမီး လစဉ်သုံး ပစ္စည်းတွေကို ကိုင်ဆောင်ထားတဲ့ ဓာတ်ပုံတွေ တင်ပြီး ပရိုမိုးရှင်း ပြုလုပ် ပေးခဲ့ကြတာ ဖြစ်ပါတယ်။
ဒီဇာတ်ကားက အိန္ဒိယပြည်သူတွေအကြား အသိပညာရရှိစေဖို့ ရည်ရွယ်ပြီး ရိုက်ကူးထားတယ်လို့ ဆိုပါတယ်။ ယင်လုံအိမ်သာ သုံးစွဲကြဖို့ အသိပေးနှိုးဆော်ခဲ့တဲ့ ရုပ်ရှင် “Toilet” ရုပ်ရှင်မှာ ပါဝင်ထားတဲ့ မင်းသား Akshay Kumar အတွက် ဒါဟာ ဒုတိယမြောက် ကျန်းမာရေးဆိုင်ရာ အသိပညာပေး ရုပ်ရှင်ဖြစ်ပါတယ်။
ဒီရုပ်ရှင်မှာ ပါဝင်ခဲ့တဲ့ လစဉ်သုံးပစ္စည်း ထုတ်လုပ်တဲ့ စက်ဟာ မူရင်းပုဂ္ဂိုလ် Muruganantham ကိုယ်တိုင် တီထွင်ခဲ့တဲ့ စက်ရဲ့ ပုံတူဖြစ်ပြီး ဒီရုပ်ရှင်ထုတ်လုပ်ရေး တခုလုံးကို သူကိုယ်တိုင် ကြီးကြပ်ခဲ့တယ်လို့လည်း ဆိုပါတယ်။ အိန္ဒိယနိုင်ငံမှာ အောင်မြင်ခဲ့တဲ့ ရုပ်ရှင်ဖြစ်ပေမယ့် အမျိုးသမီးတွေရဲ့ ဓမ္မတာသံသရာ အကြောင်း ရိုက်ကူးထားတဲ့အတွက် ပါကစ္စတန် နိုင်ငံမှာတော့ ပြသခွင့် ပိတ်ပင်ခံထားရပါတယ်။
ဇာတ်လမ်းအကျဉ်းဟာ Laxmikant Chauhan (Akshay Kumar) နဲ့ Gayatri (Radhika Apte) တို့ဟာ အရမ်းချစ်ကြတဲ့ ဇနီးမောင်နှံ နှစ်ဦးဖြစ်ပြီး ခင်ပွန်းဖြစ်သူ Laxmi က သူ့ဇနီးရဲ့ ပျော်ရွှင်မှုနဲ့ စိတ်သက်သောင့်သက်သာ ဖြစ်စေဖို့ ဘာမဆို ပြုလုပ်ပေးတတ်တဲ့သူပါ။
တနေ့တော့ Gayatri ဟာ အမျိုးသမီးတို့ လစဉ်ကြုံတွေ့နေရတဲ့ ရာသီလာချိန်မှာ ၅ ရက်လောက် အိမ်အပြင်မှာ ထွက်နေ လိုက်တာကို ကြုံတွေ့ခဲ့ရပါတယ်။ Laxmi မြင်တွေ့လိုက်ရတာက ဇနီးဟာ ညစ်ပတ်တဲ့ အဝတ်စုတ်ကို ရာသီလာနေချိန်မှာ အသုံးပြုနေတာပါပဲ။
သူတို့ အရပ်ဒေသမှာ သန့်စင်မွန်မြတ်တဲ့ ယောကျာ်းကောင်းတို့ မည်သည် အမျိုးသမီးတို့ရဲ့ ကိစ္စတွေမှာ ဝင်ရောက် မနှောင့်ယှက်သင့်ဘူး ဆိုတဲ့ အယူအဆကြောင့် အဲဒီညစ်ပတ်တဲ့ အဝတ်စုတ်ကို အသုံးမပြုဖို့ အတန်တန် တားခဲ့ပေမယ့် ဇနီးဖြစ်သူက နားမဝင်ခဲ့ပါဘူး။ တနေ့တော့ ဇနီးဖြစ်သူ ရာသီလာချိန်မှာ အနီးနားမှာရှိတဲ့ ဆိုင်ကနေ အမျိုးသမီး လစဉ်သုံး ပစ္စည်းတထုပ်ကို ၅၅ ရူပီးပေးပြီး ဈေးကြီးစွာ ဝယ်ယူခဲ့ရပါတယ်။
တနေ့တော့ ကိုယ်တိုင်ဖန်တီးထားတဲ့ လစဉ်သုံးပစ္စည်းကို ကိုယ်တိုင်စမ်းသပ် အသုံးပြုရာကနေ အများသိကုန်လို့ မိသားစုဝင်တွေ ထပ်အရှက် မရစေဖို့ ရွာကနေ ထွက်ခဲ့ပါတော့တယ်။ ရွာကနေ ထွက်လာခဲ့တဲ့ Laxmi တယောက် သူတီထွင်ချင်နေတဲ့ တန်ဖိုးနည်း လစဉ်သုံးပစ္စည်းကို ထုတ်လုပ်နိုင်ပါ့မလားဆိုတာ Padman ရုပ်ရှင်ကို ကြည့်ရှုဖို့ တိုက်တွန်းချင်ပါတယ်။ IMDB Raing (10/ 8.3) ရရှိထားတာမလို့ ဒီဇာတ်ကားကို ညွှန်းဆိုလိုက်ပါတယ်။",,,,,,
<urn:uuid:c7aedaaf-c30e-420c-ac86-c356ee9fed54>,"သင်ရောက်ရှိလာတဲ့ Liberty မြို့ရဲ့ လမ်းများဟာ ဝရုန်းသုန်းကားနဲ့ ဒုစရိုက်မှုများဟာ ပြည့်နှက်နေမှာဖြစ်ပါတယ်။ သင်အနေနဲ့ ဒီဂိမ်းမှာ ဆောင်ရွက်ရမှာကတော့ မကြာမှီ ဖြစ်ပေါ်မယ့် The Gang War လို့ဆိုရတဲ့ ဂိုဏ်းအဖွဲ့များကြား တိုက်ပွဲများ၊ ရန်ပွဲများ မဖြစ်ပွားခင် မိမိကိုယ်ကို ကြံ့ခိုင်မှုရှိအောင် ထို့ထက်သာမက အတွေ့အကြုံများ ရယူကာ ဒုစရိုက်လောကမှာ နေရာတစ်နေရာ ရအောင် ဆောင်ရွက်ရမှာဘဲ ဖြစ်ပါတယ်။
ဒီဂိမ်းမှာ မိတ်ဆွေအနေနဲ့ ပေးထားတဲ့ Characters ၃ယောက်ကနေ မိမိကြိုက်နှစ်သက်တဲ့ တစ်ယောက်ကို ရွှေးချယ်ပြီး လမ်းသရဲ ပေါက်စ အနေနဲ့ ပေးထားတဲ့ Missions များကို ဆောင်ရွက်ပြီး ပိုက်ဆံရှာခြင်း၊ မိမိအတွက် လိုအပ်တဲ့ လက်နက် ကိရိယာများကို ဝယ်ယူ အသုံးပြုရမှာဘဲ ဖြစ်ပါတယ်။ အကယ်လို့ မိတ်ဆွေအနေနဲ့ Level 4 ကိုရောက်ရှိပြီဆိုရင် ဖုန်း screen ပေါ်မှာ တွေ့ရမယ့် auto ကိုတစ်ချက်နှိပ်လိုက်ခြင်းအားဖြင့် မိတ်ဆွေအနေနဲ့ လုပ်ဆောင်စရာမလိုဘဲ အလိုလိုလုပ်ဆောင်နေမှာ ဖြစ်တဲ့အတွက် ကျွန်တော့်အနေနဲ့ကတော့ ဒီဂိမ်းလေးကို သဘောကျနှစ်သက်နေမိပါတယ်။
Missions ပေါင်း တစ်ရာကျော်နဲ့ ဖွဲ့စည်းထားတဲ့ ဒီဂိမ်းဟာ စိတ်ဝင်စားဖို့ကောင်းတယ်လို့ ဆိုရမှာဖြစ်ပါတယ်။ ဒါ့အပြင် ဂိမ်းရုပ်ထွက်မှု အပိုင်းမှာလည်း ပြောစရာမရှိသလို ဂိမ်းထဲမှာပါဝင်တဲ့ ကားများဟာလည်း လုံးဝ လန်ထွက်နေမယ်ဆိုတာ အာမခံပါတယ်။
Free to Play အနေနဲ့ Google Play Store ပေါ်မှာ ရယူနိုင်ပြီ ဖြစ်လို့ Playon မိတ်ဆွေများအတွက် ဂိမ်းကောင်းလေးတစ်ခုယူဆောင်လာခဲ့ရပါတယ်။",,,,,,
<urn:uuid:662bf68c-0365-43e4-8dc3-5926e321d0cb>,"မြန်မာနိုင်ငံ အမျိုးသား လူ့အခွင့်အရေး ကော်မရှင်မှ ဥက္ကဋ္ဌ ဦးဝင်းမြ၊ ဒုတိယဥက္ကဋ္ဌ ဦးစစ်မြိုင်၊ အဖွဲ့ဝင် ဦးယုလွင်အောင်နှင့် အတွင်းရေးမှူး ဦးဘုန်းကြွယ်တို့ ပါဝင်သော အဖွဲ့သည် ၁၅-၁၁-၂၀၁၇ ရက်နေ့ နံနက် ၁၁ နာရီအချိန်တွင် အမျိုးသားလွှတ်တော်၊ နိုင်ငံသားများ၏ မူလအခွင့်အရေး၊ ဒီမိုကရေစီအရေး နှင့် လူ့အခွင့် အရေးဆိုင်ရာ ကော်မတီ ဥက္ကဋ္ဌ ဒေါက်တာဌေးကြွယ်၊ အတွင်းရေးမှူး ဦးမျိုးထပ် (ခ) ဆလိုင်းမျိုးထိုက် နှင့် အဖွဲ့ဝင် ၁၃ ဦးတို့အား လွှတ်တော်ရေးရာဆောင် I 17 ၌ လည်းကောင်း၊ နေ့လည် ၂ နာရီ အချိန်တွင် ပြည်သူ့လွှတ်တော်၊ နိုင်ငံသားများ၏ မူလအခွင့် အရေးဆိုင်ရာကော်မတီ ဥက္ကဋ္ဌ ဦးစော ၊ အတွင်းရေးမှူး ဦးဝင်းမြင့်အောင်နှင့် အဖွဲ့ဝင် ၁၁ ဦးတို့အား လွှတ်တော်ရေးရာဆောင် I 5 ၌ လည်းကောင်း သွားရောက် တွေ့ဆုံ၍ လူ့အခွင့်အရေးဆိုင်ရာ ဆောင်ရွက်မှု အခြေအနေများကို အပြန်အလှန် ညှိနှိုင်း ဆွေးနွေးခဲ့ကြပါသည်။
၁။ မြန်မာနိုင်ငံအမျိုးသားလူ့အခွင့်အရေးကော်မရှင်သည် အာရှပစိဖိတ်အမျိုးသားလူ့အခွင့် အရေးအဖွဲ့အစည်းများဖိုရမ် (APF) ၏ပံ့ပိုးမှုဖြင့် ၂၀၁၇ ခုနှစ်၊ အောက်တိုဘာလ ၃၀ ရက်နေ့မှ ၃၁ ရက်နေ့အထိနေပြည်တော်ရှိ Hotel Max တွင် သေဒဏ်ကိုတရားဝင်ဆိုင်းငံ့ခြင်းနှင့်စပ်လျဉ်းသည့် အလုပ်ရုံဆွေးနွေးပွဲကျင်းပခဲ့သည်။ အလုပ်ရုံဆွေးနွေးပွဲသို့ ပြည်ထောင်စုဒုတိယရှေ့နေချုပ် ဦးဝင်းမြင့်၊ ပြည်သူ့လွှတ်တော်နှင့် အမျိုးသားလွှတ်တော်တို့မှ လွှတ်တော် ကိုယ်စားလှယ်များ၊ အစိုးရဝန်ကြီးဌာနများမှ အကြီးတန်းအရာရှိများ၊ မြန်မာနိုင်ငံအမျိုးသားလူ့အခွင့်အရေးကော်မရှင် အဖွဲ့ဝင်များနှင့် ကော်မရှင်ရုံးအရာရှိများ၊ အရပ်ဘက် အဖွဲ့အစည်းများနှင့် သတင်းမီဒီယာ ကိုယ်စားလှယ်များစသည်ဖြင့်စုစုပေါင်း (၃၃) ဦးပါဝင်တက်ရောက်ကြသည်။
၂။ အလုပ်ရုံဆွေးနွေးပွဲ၌ မြန်မာနိုင်ငံအမျိုးသားလူ့အခွင့်အရေးကော်မရှင် ဥက္ကဋ္ဌဦးဝင်းမြက အဖွင့် အမှာစကားပြောကြားရာတွင် မြန်မာနိုင်ငံ၌ကြီးလေးသောပြစ်မှုများကို ကျူးလွန်သူများအား သေဒဏ်ချမှတ်မှုများရှိသော်လည်း ၁၉၈၈ ခုနှစ် မှစ၍ အကောင်အထည်ဖေါ်ခြင်းမရှိတော့သဖြင့် လက်တွေ့လုပ်ဆောင်မှုအရသေဒဏ်ဖျက်သိမ်းသည့်သဘောဟုနိုင်ငံတကာကအပြုသဘောယူဆကြပါကြောင်း၊ အလုပ်ရုံဆွေးနွေးပွဲတက်ရောက်သူများအနေဖြင့် မိမိတို့၏လုပ်ကိုင်ဆောင် ရွက်မှုများကို အခြေခံ၍ သေဒဏ်ကိုတရားဝင်ဆိုင်းငံ့ခြင်းနှင့်စပ်လျဉ်း၍ အမြင်သဘောထားများကို လွတ်လပ်စွာ ဆွေးနွေးပြောကြားကြ ပါရန်မေတ္တာရပ်ခံပါကြောင်းပြောကြားသည်။
၃။ ယူနိုက်တက်ကင်းဒမ်းနိုင်ငံ၊ ဘာမင်ဂမ်တက္ကသိုလ် ဥပဒေဌာနပါမောက္ခနှင့် လူ့အခွင့်အရေး ဌာန ညွှန်ကြားရေးမှူးဖြစ်သူ Dr. Jon Yorke က သေဒဏ်ဖျက်သိမ်းခြင်းနှင့် စပ်လျဉ်းသည့် ကုလသမဂ္ဂ၏ ဆောင်ရွက်မှုများနှင့် တစ်ကမ္ဘာလုံးသေဒဏ်ဖျက်သိမ်းရေးကို ရည်ရွယ်သည့် နိုင်ငံတကာလှုပ်ရှား ဆောင်ရွက်မှုများကို လူ့အခွင့်အရေးရှုထောင့်မှ ရှင်းလင်းတင်ပြ ဆွေးနွေးခဲ့သည်။ ထို့နောက် မြန်မာနိုင်ငံအမျိုးသားလူ့အခွင့်အရေးကော်မရှင် အဖွဲ့ဝင် ဦးစိုးဘုန်းမြင့် က သေဒဏ်ချမှတ်ခြင်းဆိုင်ရာဥပဒေပြဋ္ဌာန်းချက်များ၊ မြန်မာနိုင်ငံစီရင်ထုံးများနှင့် အစဉ်အလာများ အပေါ် ခြုံငုံသုံးသပ်တင်ပြခြင်းခေါင်းစဉ်ဖြင့်လည်းကောင်း၊ အဖွဲ့ဝင် ဦးခင်မောင်လေးက သေဒဏ် ပယ်ဖျက်ရေး ဆဋ္ဌမအကြိမ်ကမ္ဘာ့ညီလာခံနှင့် ပတ်သက်သည့် အတွေ့အကြုံအမြင်များကို သုံးသပ် တင်ပြခြင်းခေါင်းစဉ်ဖြင့်လည်းကောင်းရှင်းလင်းတင်ပြ ဆွေးနွေးကြသည်။
၄။ အဆိုပါတင်ပြဆွေးနွေးချက်များအပေါ် အလုပ်ရုံဆွေးနွေးပွဲတွင် ပါဝင်တက်ရောက်ကြသူများ က သေဒဏ်တရားဝင်ဆိုင်းငံ့ခြင်းဖြင့် ပြည်တွင်းဥပဒေများကို အထောက်အကူပြုစေမှုများနှင့် နိုင်ငံတကာမျက်နှာစာတွင် ရရှိနိုင်မည့် အကျိုးကျေးဇူးများကို ဆွေးနွေးအကြံပြုကြသည်။ မြန်မာနိုင်ငံအနေဖြင့် လက်ရှိအချိန်တွင် သေဒဏ်ကိုလက်တွေ့ အကောင်အထည်ဖေါ်ဆောင်ခြင်း မရှိသဖြင့် ပြည်တွင်းပြည်ပအကျိုးကျေးဇူးများရရှိနိုင်စေရန် သေဒဏ်ကိုတရားဝင်ဆိုင်းငံ့ရေး အတွက် အစိုးရအနေဖြင့် စဉ်းစားသင့်ပါကြောင်းအကြံပြုကြသည်။",,,,,,
<urn:uuid:8f230f64-8e5d-4437-be04-913f4c9810f9>,"ဒိဋ္ဌေဒိဋ္ဌမတ္တံ ဟူသော ဗုဒ္ဓသြဝါဒအရ အလေ့အကျင့် ပြုလုပ်လာခဲ့သော ကျွန်ုပ်အမြင်၌ လောကသည် နှစ်မျိုးရှိ၏။ ပထမတစ်မျိုးမှာ “ပညတ်လောက” သို့ မဟုတ် အိပ်မက်လောက (dream world) ဖြစ်၍ ဒုတိယတစ်မျိုးမှာ “ပရမတ်လောက” သို့ မဟုတ် ဒိဋ္ဌလောက (actual world) ဟူ၍ ဖြစ်သည်။ သတ္တဝါဟူသမျှသည် သံသရာလဆန်း တစ်ရက်နေ့ မှစ၍ “အိပ်မက်လောက” ထဲ၌သာလျှင် တစ်လျှောက်လုံး မွေ့ လျော်ပျော်ပိုက်လာခဲ့ကြ၏။ အဘယ်ကြောင့် “အိပ်မက်လောက” ဆိုနိုင်ပါသနည်း။ (ကျွန်ုပ်မှာ စာတတ်ပေတတ်မဟုတ်သောကြောင့် စာတတ်သူများ၏ အမြင်၌ အသုံးအနှုန်း၊ အခေါ်အဝေါ်များမှာ မှန်ကောင်းမှ မှန်ပေ၏။ သို့ ရာတွင် စာမတတ်သော အရပ်သားများ နားလည်အောင် “စိတ်ဝင်စားအောင်” ရေးသားတင်ပြခြင်းဖြစ်၍ ၄င်းတို့ နားလည်ကြလျင် ပြီးရောဟု သဘောပိုက်မိပါတော့သည်။)
အိပ်မက်လောက
ရှင်းဦးအံ့။
နိုင်ငံရေးသမား တစ်ယောက်သည် (၄င်းတို့ လူစု မျှော်မှန်းသော ပန်းတုံးတိုင်သို့ ရောက်၍) ၀န်ကြီးဖြစ်လာသည် ဆိုအံ့။ မျှော်မှန်းသော အရာကို ရခါစ လူများ၏ထုံးစံအတိုင်း “ငါတမူကား ၀န်ကြီးတစ်ယောက် ဖြစ်လာပေပြီ” ဟူသော သတိရမှုသည် မကြာခဏ ဖြစ်ပေါ်လာပေလိမ့်မည်။ အိပ်ရာမှနိုး၍ မျက်နှာသစ်သော အချိန်မှသည် မျက်စိနှစ်လုံး မှိတ်သော အချိန်တိုင်အောင် (လက်ထပ်ပြီးခါစ သတို့ သားနှင့် သတို့ သမီးသဖွယ်) အခြားသော အလုပ်ကိစ္စများ ဆောင်ရွက်ခိုက် အချိန်များမှတပါး၊ အားလပ်သော နာရီပိုင်း၊ မိနစ်ပိုင်းဟူသမျှတွင် မိမိအဖြစ်ကို အကြိမ်ပေါင်းများစွာ အနုလုံ-ပဋိလုံ ပြန်လှန်သတိရ ဆင်ခြင်မိပေလိမ့်မည်။ အိမ်ရှေ့ တွင် ဆိုဖာကြီးပေါ်၌ ပက်လက်လှန်၍ ဆေးလိပ်သောက်ရင်းလည်း “ငါဝန်ကြီးဖြစ်လာပေပြီ။ ငါ့ကို ကူညီသော မည်သူအား မည်သည့်ရာထူးပေး၍ ငါ့ကိုထောက်ခံသော မည်ဝါအား မည်ကဲ့သို့  အကျိူးခံစားခွင့်ရှိအောင် လုပ်ပေးအုံးမှ တော်မည်။ ငါ့ကို ပမာမခန့် ရေးသားသော မည်သည့်အယ်ဒီတာကို တရားစွဲပြီး ထောင်ချမည်ဆိုလျင် ချနိုင်သော အာဏာ ငါ့လက်ထဲသို့  ရောက်လာပေပြီ။ ငါတို့ အဖွဲ့ ပြုတ်အောင် ကြံကြသော မည်သူမည်ဝါတို့ အားလည်း ပုဒ်မ ၅ နှင့် ဖမ်းချုပ်မည်ဆိုက ချုပ်နိုင်ပေပြီ” စသည်ဖြင့် စိတ်ကူးလျက်ရှိစဉ် သတင်းစာရောက်လာ၍ ကောက်ကြည့်လိုက်ရာ မြို့ တစ်မြို့ သို့  မိမိရောက်ခဲ့စဉ်က အရာရှိများနှင့် မြို့ မိမြို့ ဖဆိုသူများက သောင်းသောင်းဖြဖြ ကြိုဆိုကြပြီး အမျိုးသမီးကလေးများက မိမိအား ပန်းစည်းဆက်နေကြသော ဓာတ်ပုံကိုမြင်လိုက်ရ၍ ၀န်ကြီးတစ်ယောက်ဖြစ်ရခြင်းအတွက် တိုး၍ကြည်နူးပြန်သည်။ တဖန်သတင်းစာထဲ၌ မိမိပြောခဲ့သော မိန့် ခွန်းကို တွေ့ ရ၍ ဖတ်ကြည့်ရာ သြဘာလက်ခုပ်တီးကြသော အသံများပင် နားထဲသို့ ဝင်လာ၍ “တယ်တော်တဲ့ ငါပေတကား” ဟု ဆထက်ထမ်းပိုး စိတ်ကြည်နူးခြင်း ဖြစ်မိပြန်သည်။ ထိုအခိုက်တွင် ၀န်ကြီးကတော် ပြေးဝင်လာ၍ “ကောင်းနိုင်ကြသေးရဲ့ လားရှင်၊ တင်တင်မြင့်ကျောင်းအသွားမှာ ကားမှောက်ပြီး ဆေးရုံရောက်နေပြီတဲ့။ တယ်လီဖုန်းလာနေတယ်။” ဟုပြောလိုက်ရာတွင် ပန်းစည်းဆက်သဖြင်းများ ခံယူနေသည့်အသွင်အပြင်နှင့် မိန့် ခွန်းကို ချီးကျူးကြသည့် သြဘာလက်ခုပ်သံများသည် (အိပ်ယာမှ လန့် နိုးသူ၏ အိပ်မက်ကဲ့သို့ ) ၀န်ကြီး၏ မျက်စိထဲ၊ နားထဲမှာ ရုတ်တရတ်ချက်ချင်း ကွယ်ပျောက် သွားကြလေတော့သည်။
နှိုင်းယှဉ်ချက်
ဤနေရာ၌ ဆိုဖာပေါ်တွင် ၀န်ကြီး၏စိတ်ကူးနှင့် လူတစ်ယောက်၏ အိပ်မက်မက်ခြင်းတို့ သည် မည်ကဲ့သို့ ခြားနားခြင်း ရှိပါသနည်း။
၀န်ကြီး၏ စိတ်ကူးမှာ တကယ့်အဖြစ်အပျက်ဖြစ်၍ အိပ်မက်မှာ တကယ်မဟုတ်ဟု ဆိုခဲ့လျင် အိပ်မက်ထဲက အဖြစ်အပျက်မှာလည်း မနိုးသေးမီ အခိုက်အတန့် တွင် အဟုတ်တကယ်ပင် ထင်ရသည် မဟုတ်ပါလော။ အိပ်မက်ထဲတွင်လည်း ၀မ်းသာစရာရှိလျင် ၀မ်းသာရသည်။ ၀မ်းနည်းစရာရှိလျင် ၀မ်းနည်းရသည်။ ကြောက်စရာရှိလျင် တကယ်ကြောက်ရသည်ပင် မဟုတ်ပါလော။ နိုးလာသောအခါ၌ ထိုအခြင်းအရာများ ပျောက်ကွယ်ရသည့်နည်းတူ ၀န်ကြီးမှာလည်း သမီးကားမှောက်သည်ဆိုသော သတင်းကိုကြားရသောအခါတွင် ပန်းစည်းဆက်သော အမျိုးသမီးကလေးများနှင့် သြဘာလက်ခုပ်သံများသည် ချက်ချင်း ကွယ်ပျောက် သွားတော့သည် မဟုတ်ပါလော။ ဤမျှသာမကသေး၊ ပန်းစည်းဆက်သော ရူပါရုံနှင့် သြဘာလက်ခုပ်တီးသော သဒ္ဒါရုံတို့ ကြောင့် ဖြစ်ပေါ်ခဲ့သော ကြည်နူးမှုလည်း ကွယ်ပျောက်သွား၍ သမီးအတွက် ရတက်ပွေရသည့် သောကစိတ် ၀င်ရောက်လာတော့သည် မဟုတ်ပါလော။ တခဏချင်း ကွယ်ပျောက်နိုင်၍ တခဏချင်း ပြောင်းလဲနိုင်သော အခြင်းအရာကို အဟုတ်တကယ်ဟူ၍ မှတ်ယူထိုက်ပါသလော။ အိပ်မက်ထက် ဘယ်လောက်များ ပိုပြီးခိုင်မြဲမှု ရှိပါသေးသနည်း။",,,,,,
<urn:uuid:10a3eeff-d385-447d-956d-15149144e2da>,"စစ်တွေ၊ မေ ၁၆ ။ ။ လွန်ခဲ့သည့် နှစ်ပေါင်းများစွာက နည်းပညာများကိုသာ အသုံးပြုနေရပြီး လက်ရှိအချိန်ထိ နည်းပညာ မမြှင့်တင်နိုင်သေးသည့်အတွက် ရခိုင်ပြည်နယ်မှ ထုတ်လုပ်သည့် ဆားများမှာ အရည်အသွေးနိမ့်ကျနေပြီး စျေးကွက် မဝင်နိုင် ဖြစ်နေသည်။
လက်ရှိထုတ်လုပ်နေသည့် ဆားမှာ ရွံ့ပါဝင်မှုများပြားနေ၍လည်း ကျေးလက်နေပြည်သူ အနည်းငယ်ကသာ အသုံးပြုနေကြပြီး ဒေသခံအများစုက နိုင်ငံခြားမှ ဝင်လာသည့် အရည်အသွေးမီ ဆားများကိုသာ အကြိုက်တွေ့၊ အသုံးပြုနေကြခြင်း ဖြစ်သည်။
သို့ဖြစ်၍ ဆားလုပ်ငန်းလုပ်ကိုင်သူများ၏ အဆိုပါ အခက်အခဲများကို အစိုးရက ပါဝင်ကူညီဖြေရှင်းပေးရန်မှာ တောင်သူများ၏ အဓိကလိုအပ်ချက်တစ်ခုဖြစ်လာသည်။
""ပြည်သူလူထုက အဆင့်မီတဲ့ ဖြူဖွေးတဲ့ဆားတွေကို လိုချင်နေတယ်။ ကျွန်တော်တို့က မည်းတဲ့ဆားကို ထုတ်လုပ်နေတယ်။ ဒါကနေပြီးတော့ ကျွန်တော်တို့ နောက်ဆုံး အတိုင်းအတာတစ်ခုအထိပေါ့ ၅ နှစ်၊ ၁၀ နှစ်အတွင်းမှာ နောက်တမျိုးပြန်ပြောင်းလဲသွားဦး။ ဒီထက် ပြန်အောက်ကို ကျဦးမှာ။ အဲဒီတော့ တခြားနိုင်ငံက ထုတ်တဲ့ပုံစံမျိုး ကျွန်တော်တို့ ထုတ်လို့ရအောင် ပြည်သူလူထုနဲ့ အစိုးရတွေနဲ့ တွေ့ပြီးတော့ ဘယ်လိုလုပ်ရင် ကောင်းမလဲ။ ကျွန်တော်တို့ အမြန်ဆုံးဖြေရှင်းဖို့ လိုအပ်ပါတယ်။""ဟု ဆားလုပ်ငန်းရှင်တစ်ဦးလည်းဖြစ် ၊ ရခိုင်ပြည်နယ်ဆားလုပ်ငန်းရှင်များအသင်း၊ အတွင်းရေးမှူး ဦးသန်းဝင်းက ပြောသည်။
ထိုသို့ဆားကို အရည်အသွေးမီအောင် ပြုလုပ်နိုင်လျှင် ဆားလုပ်ငန်းလုပ်ကိုင်သူ တောင်သူများလည်း အဆင်ပြေလာနိုင်မည် ဖြစ်သည်။
ဆားကြမ်းကို တပိုင်တနိုင်လုပ်ကိုင်ကြသည့် တောင်သူများအနေဖြင့်လည်း အဓိကကုန်ကြမ်းဖြစ်သည့် မြစ်ငံရေ နှင့် မြေနေရာ ရှိကြသော်လည်း အလုပ်သမားငှားရမ်းရန်နှင့် လိုအပ်သည်များကို ဝယ်ရန် ငွေကြေးအခက်ခဲများ ကြုံနေကြရသည်။
ဆားကြမ်းထုတ်၍ ဆားချောအဖြစ်ပြောင်းလဲရန် စက်ရုံသို့ ပို့ဆောင် ရောင်းချရာ တစ်ပိဿာကို ငွေကြေး တစ်ရာခန့်သာ ရကြသည်။ သို့သော် ရင်းနှီးမြှပ်နှံထားသည့် အခကြေးမှာမူ ရရှိသည့်ငွေကြေးထက် ပိုကြီးနေကြောင်း တပိုင်တနိုင်ဆားလုပ်ငန်း လုပ်ကိုင်သူများက ဆိုသည်။
ပုဏ္ဏားကျွန်းမြို့နယ်၊ စပါးထားကျေးရွာမှ တပိုင်တနိုင်ဆားလုပ်ငန်း လုပ်ကိုင်သူ ဦးထွန်းအေးက ၎င်းတို့ကြုံကြရ သည့် အခက်အခဲများနှင့်ပတ်သက်ပြီး ""အဓိက လျပ်စစ်မီးအဆင်ပြေရင်တော့ ကောင်းမယ်။ အကြီးကျယ်ဆုံး အခက်အခဲကတော့ စက်နဲ့မောင်းနေရတဲ့ အချိန်မှာ စက်တလုံးက ဆီ ၃ ဂါလံလောက် စားတယ်။ ဒီတော့ ဆီဖိုးမှာ အများကြီးကုန်တာပေါ့။ ပြီးတော့ ဝန်ထမ်းစရိတ်တွေကလည်း နည်းနည်းများတယ်။"" ဟု ဆိုသည်။
၎င်းကဆက်လက်၍ ""ဆားစျေးက ဟိုတစ်နှစ်ကဆိုရင် တစ်ပိဿာကို တစ်ရာရတယ်။ စစ်တွေကို လာလို့ရှိရင် သယ်ယူခစရိတ် ၂၀၊ ကွင်းလုပ်ခ ၅၀ လောက်ပေါက်တယ်။ အဲဒီကွင်းမှာ ဝန်ထမ်းတွေလုပ်ဖို့အတွက်လည်း ငွေ ၁၀၊ ၂၀ လောက်ပေါက်တယ်။ အကုန်လုံးစရိတ်ဟာ ငွေ ၁၀၀ လောက်ပေါက်တယ်။ တကယ်လို့ ဆားကြမ်းတွေကို ငွေ ၁၀၀ ပဲ ပေးမယ်ဆိုရင် အစ်ကိုတို့အတွက် အမြတ် မကျန်ဘူး။""ဟု ပြောသည်။
၂၀၁၄ ခုနှစ် မတိုင်မီက ရခိုင်ပြည်နယ်နှင့် ဧရာဝတီတိုင်းမှ ထွက်ရှိသည့် ဆားများကို ဘင်္ဂလားဒေ့ရှ်နိုင်ငံကို တင်ပို့နိုင်ခွင့်ရခဲ့သော်လည်း ယင်းနောက်ပိုင်းတွင် အစိုးရက တင်ပို့ခွင့် ကန့်သတ်ထားသည်။
ယခင်က အဆိုပါနိုင်ငံမှ သင်ယူခဲ့သည့် နည်းလမ်းဖြင့် ဆားချောလုပ်ငန်းကို လုပ်ကိုင်ခဲ့ရာ တင်ပို့ခွင့် ပိတ်ပင်ခဲ့သည့်နောက်ပိုင်းမှာ နည်းပညာသင်ယူခွင့်မှာလည်း ဆုံးရှုံးသွား၍ ယခုလို အခက်ခဲနှင့် ရင်ဆိုင်နေရခြင်း ဖြစ်ကြောင်းလည်း ဆားချောထုတ်လုပ်သည့် လုပ်ငန်းရှင်တစ်ချို့က ပြောဆိုကြသည်။",,,,,,
<urn:uuid:e3d5e61c-c4ba-4e80-ab3d-518d0753d391>,"သျှမ်းပြည်အရှေ့ပိုင်း မိုင်းယန်းမြို့နယ် မိုင်းပေါက်မြို့နယ်ခွဲအတွင်းဒေသခံ အာဏာပိုင်များဖြစ်ကြည့် ဝပြည်သွေးစည်းညီညွတ်ရေးတပ်မတော် UWSA တပ်မဟာ ၄၆၈ မှ မြို့သစ်စီမံကိန်း အတွက် သိမ်းပိုက် ထား သည့် လယ်ယာမြေများအတွက် လျော်ကြေးများ ပေးလျော်သည်ဟု သိရသည်။
မိုင်းပေါက်မြို့အခြေစိုက် တပ်မဟာ ၄၆၈ ပေါက်အိုက်ပန်း ကိုယ်စား ဝ တပ်အရာရှိအချို့မှ တာဝန်ယူ ကာ လယ်သမား ၁၀ ဂဏန်းအတွက် တဧကခန့်ရှိမြေတကွက် ( ဒေသ အခေါ် မြေအကျယ် တစ်မူး) အတွက် ယွမ်ငွေ ၆၅၀၀ ပေးလျော်ကြောင်း၊ ပြင်ပ ပေါက်ဈေး မြေအကျယ် တစ်မူး ယွမ်ငွေ ၇ သောင်းမှ ၁ သိန်း အထိ ရှိကြောင်း ဒေသခံ လယ်သမားတဦးက ဤသို့ပြောသည်။
“ကျနော်တို့က အိမ်အသစ်လဲ ထပ်ဆောက်ရတယ်။ ပိုက်ဆံလဲမလောက်ဘူး။ အိမ်အတွက် ယွမ်ငွေ ၃၅၀၀ ဘဲပေးတယ်။ တချို့ မျက်ရည်နဲ့ မျက်ခွက်နဲ့ ဖြစ်နေတယ်။ ပေါက်ဈေး နဲ့ က တအား ကွာတယ် လေ။ လမ်းမနဲ့ နီးရင် ယွမ်တသိန်း အထိ ရတယ်။ နေရာမကောင်းဘဲ နဲနဲ ဂျောင်ကျ ရင်တောင် ၇ သောင်းက ဘယ်သူ့ကို မဆိုရောင်းရတယ်။ ဒါပေမယ့် အရင်က တမူး ၃၅၀၀ ဘဲ ပေးမယ်။ အခု ၆၅၀၀ ပေးတယ် ဆိုတော့ နည်းနည်းမဆိုးဘူးပေါ့။ ပိုက်ဆံမရှိလို့ယူရတာဘဲ” – ဟု ပိုက်ဆံလက်ခံရ ရှိတဲ့ ဦးအားဆန်းက ပြောသည်။
အမည်မဖေါ်လိုသည့် ဝ အရာရှိ တဦးက – ‘အစက ဆုံးဖြတ်ထားတာ ၇ သောင်း။ အခု က ၆၅၀၀ ဘဲ ကျ လာလို့ ဒီကနေ့ ဝေစုခွဲပေးလိုက်တာ။ ပေးမယ်ဆိုတာ ဆုံးဖြတ်ချက်ချတာကြာပြီ။ ပိုက်ဆံယူသုံးဖို့ အမိန့်က ခုမှကျလို့။ အစည်းအဝေးထိုင်ပြီး အမြန်ဆုံးလုပ်ပေးလိုက်တာ။ ကျနော်တို့ဘက်ကလဲ အတတ်နိုင်ဆုံးကူညီပေးပါတယ်။ ဒါက အထက်အမိန့်အရလုပ်တာ” – ဟု သျှမ်းသံတော်ဆင့်သို့ ပြောသည်။
မိုင်းပေါက်မြို့သစ် တည်ဆောက်ရန်အတွက် တပ်မဟာ ၄၆၈ မှ ဂျတော်ခါးရွာ နှင့် အနီးအနားရှိ လယ်ယာမြေ ဧက ၃၀၀၀ ကျော်အား ဂျူလိုင်လ သိမ်းပိုက်ထားခြင်းဖြစ်သည်။
၂၀၁၇ ဂျူလိုင်လက လားဟူလူမျိုးအများစု နေထိုင်သည့် ဂျတော်ခါးရွာ အားလည်း ဝ ပြည်သွေးစည်းညီညွတ်ရေးတပ်မတော် တပ်မဟာ ၄၆၈ တပ်မဟာမှူး ပေါက်အိုက်ပန်းအမိန်ဖြင့် အိမ်သစ်ဆောက်လုပ်နေထိုင်ရန် တမိသားစု ယွမ်ငွေ ၃၅၀၀ ထောက်ပံ့ကြေးပေးကာ ရွာသစ်ချနေထိုင်စေခဲ့သည်။",,,,,,
<urn:uuid:65e5d330-e3d9-4088-942e-da4e43fe5abe>,"အီရတ်က ဖလူဂျာမှာ လူတွေ ရာနဲ့ချီ ထွက်ပြေး
အီရတ် နိုင်ငံ အနောက်ပိုင်းက ဖလူဂျာမြို့မှာ စစ်တပ်က လက်နက်ကြီးတွေနဲ့ ဗုံးကြဲပြီး လေကြောင်းက တိုက်ခိုက်မှုတွေ ပြုလုပ်နေတာကြောင့် ရာနဲ့ချီတဲ့လူတွေ ထွက်ပြေးလာကြပါတယ်။
ဖလူးဂျာမြို့နဲ့ အနောက်ပိုင်း ရာမဒီ အရပ်က နေရာတော်တော်များများ ကို သိမ်းထားတဲ့ ဒေသဆိုင်ရာ လူမျိုးစု တိုက်ခိုက်ရေး သမားတွေနဲ့ အယ်ကိုင်းဒါး စစ်သွေးကြွတွေကို အစိုးရ တပ်ဖွဲ့တွေက တိုက်နေတာ ဖြစ်ပါတယ်။
ဒီ အရေးပါတဲ့ မြို့ကြီးနှစ်ခု ကနေ အယ်ကိုင်းဒါးနဲ့ စပ်ဆက်နေတဲ့ စစ်သွေးကြွတွေကို လုံးဝ ဖယ်ရှားပစ်ဖို့ ရက်အတန်ကြာ အချိန်ယူရမယ်လို့ ဒေသဆိုင်ရာ စစ်တပ် အရာရှိ တယောက်က အစိုးရ မီဒီယာကို ပြောကြားခဲ့ပါတယ်။",,,,,,
<urn:uuid:cdd8f7b1-4f3c-412c-aeeb-33468720cd18>,"Trailer : Against the Ice (2022)
Synopsis : Against the Ice (2022)
Captain Ijna ၏ ဇာတ်လမ်းသည် လျှို့ဝှက်ဆန်းကြယ်သော လေ့လာရေး အဖွဲ့မှ Clans Stone ၏ လျှို့ဝှက်ဂျာနယ်ကို မတော်တဆ ထိမိသွားခြင်း ဖြစ်သည်။ အဲဒီနောက် သူက ဒီဂဏ္ဍာရီကို လိုက်ရှာဖို့ စိတ်ဝင်စားလားလို့ အသင်းအဖွဲ့ဝင်တွေရဲ့ ထင်မြင်ယူဆချက်တွေကို မေးမြန်းခဲ့ပါတယ်။ ရလဒ်ကတော့ စက်ပြင်ဆရာပဲ ရှိတော့တယ်။
လမ်းမှာတွေ့တဲ့ ယွန်တစ်ယောက်သာ သူနဲ့အတူ ခရီးသွားဖို့ စိတ်ဝင်စားတယ်။ Captain Aijna သည် မထွက်ခွာမီတွင် အဖွဲ့၀င်များအား ထွက်ခွာမသွားမီ သြဂုတ်လတွင် ပြန်သွားရန် ညွှန်ကြားခဲ့သည်။ ဤဂျာနယ်၏အဆုံးတွင်၊ Tan Ijna သည် Clans Stone နှင့် အမှန်တကယ်တွေ့ဆုံပြီး ပြန်သွားခဲ့သည်။
သတ်မှတ်ချိန်ထက် ၁ လ စောပြီး ဆွေမျိုးများကို ရှာတွေ့ခဲ့သော်လည်း ကံမကောင်းသည့် အခြေအနေမှာ လူတစ်စုအတွက် အမိုးအကာ ဆောက်ရန် ၎င်း၏ သင်္ဘောကို ခွဲထုတ်ခဲ့ပြီး ၎င်း၏ အဖွဲ့ဝင်များ ပျောက်ဆုံးသွားခဲ့သည်။",,,,,,
<urn:uuid:ecc3bf10-f6e7-4291-876b-7bba5177b276>,"Africa & Middle East
ဆီးရီးယားစစ်စခန်းအား အစ္စရေးက ဒုံးကျည်ဖြင့် တိုက်ခိုက်
ဒမတ်စကပ်စ်၊ ဒီဇင်ဘာ ၅ ရက် (ဆင်ဟွာ)
အီရတ်နိုင်ငံ မြို့တော် ဒမတ်စကပ်စ်မြို့စွန် ရှိ ဆီးရီးယားစစ်အခြေစိုက်စခန်းတစ်ခုအား ဒီဇင်ဘာ ၄ ရက်တွင် အစ္စရေးနိုင်ငံက ဒုံးကျည်ဖြင့် ပစ်မှတ်ထားတိုက်ခိုက်ခဲ့ကြောင်း နိုင်ငံပိုင်သတင်းဋ္ဌာန SANA ကဖော်ပြခဲ့သည်။
ဒမတ်စကပ်စ်မြို့ အနောက်မြောက်ဘက် ၈ကီလိုမီတာ အကွာခန့် Jamraya မြို့ရှိ စစ်အခြေစိုက်စခန်းကို ဦးတည်ပစ်ခတ်ခဲ့သည့် ဒုံးကျည် ၆စင်းအနက် ၃စင်းကို ဆီးရီးယားလေကြောင်းကာကွယ်ရေးတပ်ဖွဲ့က ဖျက်ဆီးနိုင်ခဲ့ကြောင်း သတင်း၌ပါရှိသည်။
တစ်ချိန်တည်းမှာပင် ယင်းစစ်အခြေစိုက်စခန်းအတွင်းရှိ ဟစ်ဇ်ဘိုလာစစ်သွေးကြွများထံ ပို့ဆောင်မည့် ဒုံးကျည်များကို ပစ်ခတ်တိုက်ခိုက်ခဲ့ကြောင်း အစ္စရေးနိုင်ငံက ပြောကြားခဲ့သည်။
ဒမတ်စကပ်စ်မြို့စွန် အနောက်တောင်ပိုင်း ရှိ Kiswehမြို့ရှိ အခြားသော စစ်အခြေစိုက်စခန်းတစ်ခုကို အစ္စရေးနိုင်ငံ က တိုက်ခိုက်ပြီး ၂ရက်အကြာတွင် ယင်းတိုက်ခိုက်မှုဖြစ်ပေါ်လာခြင်းဖြစ်သည်။
ဆီးရီးယားစစ်တပ်က ဒုံးကျည်၂စင်းကို ဖျက်ဆီးနိုင်ခဲ့ပြီး ကျန်ဒုံးကျည်များသည် စစ်စခန်းကို ထိမှန်ခဲ့ကာ ထိခိုက်ပျက်စီးမှုများ ဖြစ်ပေါ်ခဲ့ကြောင်း ပြောကြားခဲ့သည်။
အစ္စရေးတာဝန်ရှိသူများက ၎င်းတို့၏နယ်စပ်အနီးတွင် အီရန်တို့၏ မည်သည့်လွှမ်းမိုးမှုမျိုးကိုမဆို လက်ခံသွားမည်မဟုတ်ကြောင်း ကြိမ်ဖန်များစွာပြောကြားခဲ့သည်။
ဆီးရီးယားအစိုးရကလည်း ဂိုလန်ကုန်းမြင့်အနီးရှိ သူပုန်များအား အစ္စရေးဘက်ကထောက်ပံ့နေခြင်းအပေါ် ထပ်ခါတလဲလဲ ပြစ်တင်ရှုံ့ချခဲ့ကြောင်း သိရသည်။ (Xinhua)",,,,,,
<urn:uuid:c9223e0c-0f75-45ad-bb91-e8f1d0fbfdc5>,"အကျဉ်းချုပ်
0.00698
ရောင်းချမှု
5
ပျံ့နှံ့
0.00703
ဝယ်ယူမှု
-3.0E-5
ပြောင်းလဲလျက် အမှတ်ဖြင့်
-0.43%
ပြောင်းလဲလျက် ရာခိုင်နှုန်းဖြင့်
94.3%
စျေးကွက်သဘောထားများ
0.43%
မတည်ငြိမ်မှု
ကုန်သွယ်မှု ဆက်ရှင်များ
00:00 – 24:00
တနင်္လာ
00:00 – 24:00
အင်္ဂါ
00:00 – 24:00
ဗုဒ္ဓဟူး
00:00 – 24:00
ကြာသပတေး
00:00 – 24:00
သောကြာ
00:00 – 24:00
စနေ
00:00 – 24:00
တနင်္ဂနွေ
ထပ်ဆောင်းအချက်အလက်များ
LiteCoin vs BitCoin
ခေါင်းစဉ်အပြည့်
BTC
ငွေကြေးစျေးနှုန်းထည့်ရန်
1:10
ကုန်ပစ္စည်းများ၏ ဩဇာရှိမှု
0.09 USD
နေရာရှိ စျေးနှုန်း
1 LTC
အဖွဲ့ဆိုဒ် ၁
{ရေတွက်ခြင်း၊ အများ၊ တစ်ခု {# lot} အနည်းငယ်{# lot} အခြား{# lot}
အနည်းဆုံး ပမာဏ
{ရေတွက်ခြင်း၊ အများ၊ တစ်ခု {# lot} အနည်းငယ်{# lot} အခြား{# lot}
အများဆုံး ပမာဏ
{ရေတွက်ခြင်း၊ အများ၊ တစ်ခု {# lot} အနည်းငယ်{# lot} အခြား{# lot}
ပမာဏ အဆင့်
-25%
လဲလှယ်ဝယ်ယူခြင်း
-25%
လဲလှယ်ရောင်းချခြင်း
ဗုဒ္ဓဟူး
သုံးဆဖလှယ်ရေးနေ့",,,,,,
<urn:uuid:fbdbbc29-1b87-4f02-a777-36d297d901e4>,"သိန်းခို
သိန်းခိုမင်း သက္ကရာဇ် ၂၆၃ မှ ၂၇၉-ခုနှစ်[ပြင်ဆင်ရန်]
သိန်းခိုမင်းသည် ပုဂံမင်းဆက် မြင်းခံငခွေး ခေါ် စလေငခွေး၏ သားတော်ဖြစ်သည်။ စလေငခွေး လွန်လေသော် သားတော် သိန်းခိုမင်း ဆက်ခံသည်။ သိန်းခိုမင်း ထီးနန်းစိုးစံချိန် ၁၆-နှစ်ရှိချိန်တွင် တောကစားရာသွားရာတွင် ထမင်းမွတ်၍ သခွားသီးများကို ဆွတ်ခူး စားသောက်လှျင် တောင်သူကြီး တူးရွင်းဖြင့် ရိုက်သတ်၍ ကံတော်ကုန်လေသည်။
သိန်းခိုမင်း ကံကုန်သောအခါ တောင်သူကြီးအား မူးမတ်များက နန်းတင်လေသောအခါ တောင်သူကြီးမင်းဟု တွင်လေသည်။
ကိုးကား[ပြင်ဆင်ရန်]
- မှတ်ချက်။ ။သက္ကရာဇ်များကို ဦးကုလားရေးသော ရာဇဝင်ချုပ်စာအုပ်မှ အမှန်ယူ ရေးသားပါသည်။",,,,,,
<urn:uuid:54aaff43-32ee-4576-9fdf-3ae2bcfa0a0b>,"ရှုခင်းသာကြည့်ဖို့နေရာတွေ ဖော်ကြမယ်
ဘုရားပုထိုးတွေထက်ကနေ နေဝင်ချိန်ကို ကြည့်တာဟာ ခရီးသည်အားလုံးအတွက် အကျော်ကြားဆုံး အလုပ်တွေထဲက တခုဖြစ်ပါတယ်။ ဒါပေမယ့် ဘုရားပုထိုးတွေရဲ့ ရေရှည်တည်တံ့ရေးနဲ့ ခရီးသည်တွေရဲ့ ဘေးကင်းလုံခြုံရေး ရှုထောင့်ကနေ ကြည့်မယ်ဆိုရင် ဘုရားပုထိုးတွေအပေါ်ကို တက်တာကို ကောင်းကောင်းထိန်းချုပ်ဖို့ လိုအပ်ပါတယ်။
အစားထိုး ရှုခင်းသာအနေနဲ့ မြစ်ရှုခင်း ကျေးလက်ရှုခင်း စသဖြင့်တွေကို “ပုဂံကို ရှာကြစို့” မြေပုံကို ပုံဖော်ကြည့်သလို (မြေပုံတွေကို) ခရီးသည်တွေကို ဝေငှပေးမယ်ဆိုရင် အဲဒီလူတွေအနေနဲ့လည်း ပုဂံရဲ့ အခြားတဖက်က အလှတွေကို ပြန်လည် တွေ့ရှိလာကြလိမ့်မယ်လို့ မျှော်လင့်မိပါတယ်။",,,,,,
<urn:uuid:d41a4fbc-dde9-42f4-98c3-dedfa1dd28f8>,"အိုလ်ဇေးအသင်းပြောင်းသွားမယ်ဆိုပါကလည်း လက်ကျန် လအနည်းငယ်အတွက် လစာကို အသင်းဖက်က ထောက်ပံ့ပေးဖို့ ရှိနေတယ်လို့လည်း သိရပါတယ်။
အာဆင်နယ်အသင်းဟာ အသင်းရဲ့ လုပ်ခမြင့်ကစားသမား အိုလ်ဇေးနှင့် လစာပေးချေရေးကိစ္စတွေ အဆင်ပြေနိုင်ဖို့ လုပ်ဆောင်နေပါပြီ။
အိုလ်ဇေးအနေနဲ့ အာဆင်နယ်မှာ တစ်ပတ်လုပ်ခ ပေါင် ၃သိန်းခွဲရရှိနေပေမယ့်လည်း ကိုရိုနာဗိုင်းရပ်စ်ကြောင့် ရပ် နားထားတဲ့ ဘောလုံးပွဲတွေ ပြန်စချိန်မှာတော့ အာဆင်နယ်အတွက် တစ်ပွဲမျှ ကစားပေးထားနိုင်ခြင်း မရှိပါဘူး။
အသင်းနဲ့ ချုပ်ဆိုထားတဲ့ စာချုပ်အရ တစ်နှစ်ကျန်သေးပေမယ့်လည်း ကစားသမားရဲ့ အေးဂျင့်ကတော့ သူ့ ကစားသမားအနေနဲ့ ဒီနွေရာသီမှာ အသင်းပြောင်းဖို့ လုပ်ဆောင်နေပြီလို့ ထုတ်ဖော်ပြောလာတယ်လို့လည်း Daily Mail က ဖော်ပြလာပါတယ်။
ဒါပေမယ့်လည်း Mirror သတင်းဌာနရဲ့ ဖော်ပြချက်မှာတော့ အာဆင်နယ်အသင်းက အိုလ်ဇေးရဲ့ လက်ကျန် လအနည်းငယ်အတွက် လစာကို ပေးချေသွားမှာ ဖြစ်သလို အခြားအသင်းတစ်သင်းကို ကစားသမားအနေနဲ့ ရှာတွေ့ခဲ့မယ်ဆိုလည်း သူ့ရဲ့သူမတူတဲ့ လုပ်ခကို ထောက်ပံ့ကြေးအနေနဲ့ ပေးသွားမယ်လို့ သိရပါသေးတယ်။
အသက် ၃၁နှစ်အရွယ် အိုလ်ဇေးကို ပေးချေထားတဲ့ လုပ်ခက အာဆင်နယ်အသင်းမှာ အများဆုံး လုပ်ခဖြစ်သလို အခြားပေးချေနိုင်တဲ့ အသင်းကလည်း အနညးငယ်မျှသာ ရှိပါတယ်။
ကလပ်အသင်းဖက်ကတော့ သြဂုတ်လ ပထမအပတ်ထဲမှာပဲ ကိုဗစ်ကာလအတွင်းအသင်းရဲ့ ကစားသမားမဟုတ် တဲ့ ဝန်ထမ်း ၅၅ဦးကို အလုပ်မှ ထုတ်ပယ်မယ်လို့ ကြေညာခဲ့ပါတယ်။
အလားတူပဲ ကစားသမားတွေထဲမှာလည်း ဂွမ်ဒိုဇီ၊ဆိုကရာတစ်၊မိတ်လန်နိုင်းစ်၊ကိုလာဆီနက်စ်တို့ကိုပါ ရောင်းချ သွားဖို့ လုပ်ဆောင်ထားပြီးလည်း ဖြစ်ပါတယ်။
အိုလ်ဇေးအနေနဲ့ကတော့ အာဆင်နယ်အသင်းကို ၂၀၁၃ခုနှစ်က ရီးရဲအသင်းထံကနေ ပေါင် ၄၂.၅သန်းနဲ့ ရောက်ရှိ လာခဲ့သူ ဖြစ်ပါတယ်။",,,,,,
<urn:uuid:302b9b30-241e-412c-8928-536f3d9904e9>,"ဥရောပတိုက်က အကြွေးတင်နေတဲ့ ဂရိနိုင်ငံမှာ နိုင်ငံတကာ ဘဏ္ဍာငွေကြေး အထောက်အပံ့တွေ ရလာဖို့ ရည်ရွယ်ပြီး ကျယ်ပြန့်တဲ့ ခြိုးခြံချွေတာရေး အစီအစဉ်သစ်တရပ် လုပ်ဆောင်ဖို့ ပထမအဆင့်ကို ဂရိလွှတ်တော်က အတည်ပြုပေးလိုက်ပါပြီ။
ဆိုရှယ်လစ် ၀န်ကြီးချုပ် ဂျော့ဂ်ျ ပါပန်ဒရီယို (George Papandreou) ရဲ့ အခွန်တွေ တိုးကောက်ဖို့၊ သုံးစွဲငွေ ဖြတ်တောက်ဖို့နဲ့ နိုင်ငံပိုင် လုပ်ငန်းတွေကို ရောင်းချဖို့ ဒေါ်လာ သန်းပေါင်း ၄၀,၀၀၀ တန် အစီအစဉ်တရပ်ကို ဗုဒ္ဓဟူးနေ့က အတည်ပြုပေးခဲ့တာ ဖြစ်ပါတယ်။ မျှော်လင့်ထားတဲ့ မဲအရေအတွက်ထက် ကျော်လွန်ပြီး ထောက်ခံမဲ ၁၅၅ မဲ၊ ကန့်ကွက်မဲ ၁၃၈ မဲနဲ့ စီမံကိန်းကို အတည်ပြုခဲ့တာ ဖြစ်ပါတယ်။
ဒီစီမံကိန်းကို ကန့်ကွက်တဲ့ ထောင်ပေါင်းများစွာသော ဆန္ဒပြသူတွေက ရဲတပ်ဖွဲ့ကို ကျောက်ခဲတွေနဲ့ ပစ်ပေါက်ခဲ့ကြတာနဲ့အမျှ လွှတ်တော်ကိုယ်စားလှယ်တွေက မဲခွဲဆုံးဖြတ်ခဲ့တာ ဖြစ်ပါတယ်။ ဆန္ဒပြသူတွေဟာ အေသင်မြို့လယ်ခေါင်က လွှတ်တော် အဆောက်အဦး အပြင်ဘက်မှာ ၂ ရက်မြောက် ဆက်တိုက် ဆန္ဒပြခဲ့ကြတာ ဖြစ်ပါတယ်။ ရဲတပ်ဖွဲ့က ဆန္ဒပြသူတွေကို မျက်ရည်ယိုဗုံးတွေနဲ့ ပစ်ခတ်ခဲ့ပြီး လွှတ်တော်အပြင်ဘက်က ရင်ပြင်မှာ မီးခိုးငွေ့တွေနဲ့ ဖုံးလွှမ်းခဲ့ပါတယ်။
ဆန္ဒပြလူအုပ်စု တစုဟာ အနီးအနားက ဘဏ္ဍာရေး ၀န်ကြီးဌာန အဆောက်အဦးရဲ့ မြေညီထပ်မှာရှိတဲ့ စာတိုက်ကို မီးတင်ရှို့ခဲ့ကြပါတယ်။ ခြိုးခြံချွေတာရေး အစီအစဉ်ကို ကန့်ကွက်မဲပေးမယ်လို့ ပြောခဲ့ပြီး တကယ်တမ်းကျ ထောက်ခံခဲ့တဲ့ ဆိုရှယ်လစ်အမတ် တယောက်ကို ဆန္ဒပြသူတွေက ရေဘူးတွေနဲ့ ပစ်ပေါက်ပြီး အော်ဟစ် လှောင်ပြောင်ခဲ့ကြပါတယ်။",,,,,,
<urn:uuid:d7473b46-f350-4858-ad81-252858c73541>,"၁၂၃ လူတစ်ယောက်အသက်ရှင်ဖို့ သမ္မာတရားရှိရမည်
၁
ယုံကြည်သူတစ်ယောက်ဟာ
ထိုင်းမှိုင်းတဲ့ အသက်တာကို ရှောင်ကြဉ်ရန် နှုတ်ကပတ်တော်ရှိရမယ်
နှုတ်ကပတ်တော်မှ အလင်းရောင်တောက်
ဘုရားနှုတ်ကပတ်တော်မရှိပဲ ကိုယ်ဘယ်သူမှန်းတောင်မသိ
ကျွန်ုပ်တို့ စိတ်နှလုံး ဘုရားနှင့်နီးကပ်စွာ ထားဖို့
နှုတ်ကပတ်ကို ဖတ်ကာ သမ္မာတရား အကြောင်း မကြာခဏ ဆွေးနွေးရမယ်
ဘုရားရဲ့ ထောက်ခံမှုရဖို့ သမ္မာတရားရှာရမယ်
ဘဝခရီးလမ်း ကျွန်ုပ်ခြေအောက်မှာ အံ့အားလောက်အောင် ကြီးထွားလာတယ်
ကျွန်ုပ်ရဲ့ ပြောင်းလဲတဲ့စိတ်သဘောထားကို ဘုရားလက်ခံပါလိမ့်မယ်
ဆက်ပြီး ကြိုးစားလုပ်ဆောင်ပြီး ရှေ့ဆီသို့ ဆက်ကာတိုးပါမယ်
အောင်မြင်ခြင်းသည် ကျွန်ုပ်ကိုလှမ်းခေါ်နေသည်
၂
ပြဿနာများနှင့် ရင်ဆိုင်ရတဲ့အခါ ကျွန်ုပ်တို့ ဘုရားကိုရှာပြီး ဆုတောင်းသင့်ပါတယ်။
သန့်ရှင်းသောဝိညာဉ်တော်နှင့် အတူရှိတာ ပျော်စရာပါ
ခရစ်တော်၏ ဦးဆောင်ခြင်း၊ နှုတ်ကပတ်တော်၏လမ်းပြခြင်းဖြင့်
သမ္မာတရားကို ရရှိနိုင်ပါသည်။
ခရစ်တော်၌ယုံကြည်ခြင်းခိုင်မြဲ ကာ သမ္မာတရားကို ခိုင်မြဲစွာ ဆွဲကိုင်လို့
နောင်တရမည်မဟုတ်
ဘုရားရဲ့ ထောက်ခံမှုရဖို့ သမ္မာတရားရှာရမယ်
ဘဝခရီးလမ်း ကျွန်ုပ်ခြေအောက်မှာ အံ့အားလောက်အောင် ကြီးထွားလာတယ်
ကျွန်ုပ်ရဲ့ ပြောင်းလဲတဲ့စိတ်သဘောထားကို ဘုရားလက်ခံပါလိမ့်မယ်
ဆက်ပြီး ကြိုးစားလုပ်ဆောင်ပြီး ရှေ့ဆီသို့ ဆက်ကာတိုးပါမယ်
အောင်မြင်ခြင်းသည် ကျွန်ုပ်ကိုလှမ်းခေါ်နေသည်
၃
လေးနက်သော ဘဝဖြစ်ဖို့ သမ္မာတရားရှိရမယ်
သမ္မာတရားမရှိသော ဘဝ ဝေဒနာ ဘဝပါ
ကံတရားအပေါ်ယုံကြည်လို့ ပြဿနာမပြေလည်ပါ
သမ္မာတရားကိုရရှိမှသာ စစ်မှန်သောဘဝကို ပိုင်ဆိုင်မှာ
စစ်မှန်သော ဘဝကိုပိုင်ဆိုင်နိုင်မှာ
ဘုရားရဲ့အလုပ်သည် ဖြောင့်မတ်တယ်ဆိုတာကို သိပါ
လူ့ဉာဏ်နီဉာဏ်နက်သည် ဘုရားကိုမလှည့်ဖြားနိုင်ပါ
ဘုရားရဲ့ ထောက်ခံမှုရဖို့ သမ္မာတရားရှာရမယ်
ဘဝခရီးလမ်း ကျွန်ုပ်ခြေအောက်မှာ အံ့အားလောက်အောင် ကြီးထွားလာတယ်
ကျွန်ုပ်ရဲ့ ပြောင်းလဲတဲ့စိတ်သဘောထားကို ဘုရားလက်ခံပါလိမ့်မယ်
ဆက်ပြီး ကြိုးစားလုပ်ဆောင်ပြီး ရှေ့ဆီသို့ ဆက်ကာတိုးပါမယ်
အောင်မြင်ခြင်းသည် ကျွန်ုပ်ကိုလှမ်းခေါ်နေသည်
အောင်မြင်ခြင်းသည် ကျွန်ုပ်ကိုလှမ်းခေါ်နေသည်",,,,,,
<urn:uuid:f9cdebe6-4dbd-4a5f-9b0e-e84bb3c12bae>,ဂီတ၏အနည်းငယ်နိုင်ငံများအတွက်ဥရောပသမဂ္ဂကကူျပွားရေးလှုပ်ရှားမှုအပေါ်သြဇာလွှမ်းမိုးရန်ဖြစ်နိုင်ခြေကိုလေးလည်း၏။ ဖွံ့ဖြိုးတိုးတက်ရေးအတွက်စီးပွားရေးလုပ်ငန်းဒီနိုင်ငံဖြစ်ပေါ်သောအားဖြင့်မြင့်မားသောပြည်နယ်အကျိုးစီးပွား၊အသစ်အတွက်ဒီရေလှိုင်း။ ထိုအဆိုအလုပ်နေဂျုံးစ် ၂၀၁၇ ခွဲခြမ်းစိတ်ဖြာ၊စီးပွားရေးလုပ်ငန်းအတွက်ပေါ်တူဂီအဆင့် ၂၇ ထဲက ၁၉၀၏စည်းကမ်းချက်များ၌စီးပြားေရးအငြိမ်ဝပ်နှင့်အခြေအနေများ၏စစ်ဆင်ရေး၏။ နှင့်အတူတိုက်ရိုက်အကူအညီအဖတ်၊အတွက်လာမည့်သုံးနှစ်၊သိသာထင်ရှားသောစီးပွားရေးတိုးတက်မှုနှုန်းစီစဉ်ထားရှိသောပုဂ္ဂိုလ်၏အကျိုးစီးပွားနိုင်ငံခြားရင်းနှီးမြှုပ်နှံမှုပြုလုပ်ရန်အတွက်စီးပွားရေးလုပ်ငန်းတူဂီ၊ ဖန်တီးယှဉ်ပြိုင်ဖို့ချက်ချင်းအိမ်နီးချင်းနိုင်ငံများ၊ထိုကဲ့သို့သောအဖြစ်စပိန်နှင့်ပြင်သစ်။ ရေအတွက်ကိုပေါ်မူတည်၏ပိုင်ရှင်တွေ၊အဖြစ်သတ်မှတ်ရည်မှန်းချက်၊ကျွန်တော်တို့ရဲ့ကုမ္ပဏီင္ဟုအောက်ပါစဉ်းစားရန်အများဆုံးအကောင်းဆုံးပုံစံများ၏စီးပွားရေးလုပ်ငန်းအတွက်ပေါ်တူဂီ:ခြန္စည္း၏စီးပွားရေးလှုပ်ရှားမှုများအတွက်တူဂီအသွင်ဖြင့်အောက်ပါအပိုင်ထိုက်သောအခွန်အပေါ်ကိုယ်ပိုင်ဝင်ငွေအပေါ်မှာတွက်ချက်တစ်တိုးတက်သောစကေးဥပဒေရေးရာအဖွဲ့အစည်းများ၊သတ်မှတ်ထားတဲ့နှုန်း။ မရှိမြို့တော်ကိုလာဘ်အခွန်။ အသေးစိတ်အချက်အရည်မှတ်မှတ်ပုံတင်ခြင်းကိုစီးပွားရေးလုပ်ငန်းဂီအတွက်၊ကျေးဇူးပြုပြီးဆက်သွယ်ကျွန်တော်တို့ရဲ့အထူးကုဆရာဝန်ကြီးများ။,,,,,,
<urn:uuid:f3be4439-a08a-4962-89f9-a621344345f9>,"ကချင် လွတ်မြောက်ရေး တပ်မတော် KIA လာရောက်တိုက်ခိုက်မှာစိုးတဲ့အတွက် ကချင်ပြည်နယ်၊ ဖားကန့်မြို့နယ်ထဲက ကုမ္ပဏီမှာ အခြေစိုက်တဲ့ ရဲတွေဟာ ဒီနေ့ဧပြီလ ၃ ရက်၊ မနက်မှာ အလံဖြူထောင်ခဲ့ကြပါတယ်။
ဒါက ကချင်ပြည် ဖားကန့်မြို့နယ်၊ လုံးခင်းအုပ်စု၊ ဆန်းခါ နောက်ဖက်က ရတနာရွှေအိတ် ကုမ္ပဏီ မှာ အခြေစိုက်ထားတဲ့ ရဲအခြေစိုက် စခန်းဖြစ်ပြီး အလံဖြူပြပြီးနောက် ဆုတ်ခွာသွားခဲ့ကြပါတယ်
ကချင်လွှတ်မြောက်ရေး တပ်မတော် KIA ဟာ ပြီးခဲ့တဲ့ ရက်ပိုင်းကလည်း စစ်ကောင်စီ လက်အောက်ခံ ရဲစခန်း၊ စစ်စခန်းတွေကို တောက်လျောက် စစ်ဆင်၊ တိုက်ခိုက်မှုတွေ ပြုလုပ်နေတာလည်း ဖြစ်ပါတယ်။
ဒါ့အပြင် ဒီနေ့မှာပဲ အာဏာရှင် လူတစ်စုရဲ့ စေခိုင်းမှုကြောင့် သား၊ မယား၊ ဆွေမျိုးတွေကို စွန့်ပြီး ရှေ့တန်းရောက်လာရတဲ့သူတွေကို အာဏာရှင်ကိုဆန့်ကျင်ပြီး KIA ကိုပူးပေါင်းနိုင်တယ်လို့ ထုတ်ပြန်ထားပါတယ်။
KIA အနေနဲ့လည်း ရှေ့တန်းမှာ မလွှဲသာလို့ တိုက်ခိုက်ရတာဖြစ်တယ်လို့ ဖော်ပြထားပါတယ်။",,,,,,
<urn:uuid:e1c0f9ea-d22d-408c-9c8b-8501be1664f0>,"မြန်မာနိုင်ငံ အတွက် အမေရိကန် အကူ အညီပေးနေမှု အခြေ အနေတွေ သံအမတ် ရှင်းပြ
မန္တလေး ပါတီ ၉ ခု စုပေါင်းပြီး ငြိမ်းချမ်းရေး အမြန်ဆုံး အကောင်အထည် ဖော်ဖို့ ဆန္ဒပြ
မြန်မာ့ နိုင်ငံရေး လားရာများ အမည်နဲ့ ဆွေးနွေးပွဲ မန္တလေးမြို့မှာ ကျင်းပ
မန္တလေး မြို့မှာ ဖြစ်ခဲ့တဲ့ ပဋိပက္ခ အတွင်း အစ္စလာမ် ဘာသာဝင် ကိုစိုးမင်းကို သတ်ဖြတ် ခဲ့မှုနဲ့ ဖမ်းဆီး ခံထားရသူ လူငယ် ၄ ယောက်ကို အလုပ်ကြမ်းနဲ့ ထောင်ဒဏ် ၁၀ နှစ်စီ ချမှတ်
တယ်လီနော ဖုန်းဆင်းကတ် မန္တလေးက စတင် ရောင်းချ
ပခုက္ကူ မြစ်ခြေ တိုက်နယ်မှာ အစ္စလာမ် ဘာသာဝင် မိသားစု တခုနဲ့ ဒေသခံ တွေကြား ဖြစ်တဲ့ ပဋိပက္ခမှာ ရဲက အရေးယူ မှုတွေ စတင် နေပြီ။
လက်ပံတောင်း ဒေသခံ ရွာသားတွေနဲ့ ဝမ်ပေါင် ကုမ္ပဏီ တို့ရဲ့ မေလ ပဋိပက္ခ နဲ့ ပတ်သက်ပြီး မန္တလေး ဗကသ အဖွဲ့ဝင် မဖြူနှင်းထွေး ကို ဖမ်းဆီး။
၅ ထောင်တန် ငွေစက္ကူ အတုနဲ့ နွားလိုက်ဝယ်သူ ကို ဝမ်းတွင်း မြို့နယ်မှာ ဖမ်းဆီး ရမိ
စဉ့်ကူးမြို့နယ် ညောင်ဝန်းရွာမှာ တောင်သူတွေနဲ့ ရဲတိုက်ခိုက်လို့ ၂ ဘက် ဒဏ်ရာရ
ညမထွက်ရ အမိန့်ကို ချိုးဖောက်လို့ ဖမ်းဆီးခံရတဲ့ လူတထောင်ကျော်ရှိ၊ တချို့ ဒဏ်ငွေဆောင် ရသလို တချို့ ထောင်ဒဏ် ၁ ပတ် ကနေ ၂ပတ်ထိ ကျ
မြန်မာနိုင်ငံ ဆိုင်ရာ ကုလသမဂ္ဂ လူ့အခွင့် အရေးအထူး ကိုယ်စားလှယ် မစ္စစ် ယန်ဟီးလီးဟာ မန္တလေး ပဋိပက္ခမှာ ဖျက်ဆီး ခံခဲ့ ရတဲ့ နေတွေကို ကြည့်ရှုခဲ့။
မန္တလေးပဋိပက္ခ မီးမွှေး ပေးခဲ့တဲ့ တိုင်ကြားမှု ၂ ခုဟာ လီဆယ် တာလို့ ပြည်ထဲရေး ထုတ်ပြန်
မန္တလေး ပဋိပက္ခ အတွင်း ဗလီတခုမှာ ဗလီနဲ့ မဆိုင်တဲ့ တရားဟော ဆရာ တယောက်က လှုံ့ဆော် ဟောပြော ခဲ့လို့ သက်ဆိုင်ရာ တရားဟော ဆရာပဲ ဟောရမယ်လို့ တားမြစ်။
မန္တလေး ပဋိပက္ခတွေမှာ သတင်းထောက်တွေ အပေါ် ခြိမ်းခြောက် နေတာ တွေကို အရေးယူ ပေးဖို့ စာနယ်ဇင်း အဖွဲ့အစည်း တွေက အစိုးရထံ တောင်းဆိုမယ်။
ငြိမ်းချမ်းမှုထိန်းသိမ်းရေးကော်မတီဟာ လေးပြင်လေးရပ်က ဆရာတော်တွေကို ပင့်ဖိတ်ပြီး ဩဝါဒခံယူ
အင်းဝ ဗားကရာ ကျောင်းတော်ကြီး ပြုပြင် ထိန်းသိမ်းဖို့ ဂျပန်ပညာရှင်တွေ လေ့လာ",,,,,,
<urn:uuid:f8742f96-814a-43a8-ad4c-3f060021d774>,"မြန်မာနိုင်ငံ ရုပ်ရှင်အစည်း အရုံးမှာ အတွင်းရေးမှူးအဖြစ် တာ ဝန်ထမ်းဆောင်နေတဲ့ ဒါရိုက်တာ ညီညီထွန်းလွင်က အကယ်ဒမီဆုပေး ပွဲမှာ နှစ်စဉ်ဖြစ်ပေါ်နေကျ အဓိက ဇာတ်ဆောင်နဲ့ ဇာတ်ပို့မကွဲပြားဘဲ အကယ်ဒမီဆုပေးနေကြတဲ့ ပြဿနာ တွေကို အခုနှစ်မှာ အဆင်ပြေအောင် အကယ်ဒမီဘုတ်အဖွဲ့ ဖွဲ့စည်းတဲ့ အချိန်မှာ အဓိကဇာတ်ပို့ဇာတ်ရံ သရုပ်ဆောင်အလွှာကို ထည့်သွင်း သွားဖို့ အစီအစဉ်ရှိလာမယ်လို့ မှတ် ချက်ပြု ပြောပြခဲ့ပါတယ်။
”အဲဒီကိစ္စတွေကို ပြေလည်နိုင် အောင် အခုလာမယ့် နှစ်အတွက် အကယ်ဒမီဘုတ်အဖွဲ့ကို ဖွဲ့စည်း က တည်းက သရုပ်ဆောင် အလွှာကို ဖွဲ့ စည်းတဲ့အခါမှာ အဓိကသရုပ်ဆောင် ပညာရှင် ၅ ဦး။ ပြီးတော့ ဇာတ်ပို့ ဇာတ်ရံ အကဲဖြတ်ကော်မတီက ၅ ဦး ဆိုပြီးတော့ ဖွဲ့စည်းလိုက်မယ်။ ဇာတ် ပို့ဇာတ်ရံတွေကလည်း အကယ်ဒမီ အကဲဖြတ်ထဲမှာ ပါမယ်။ ပြီးခဲ့တဲ့ နှစ်အထိ အကဲဖြတ်ထဲမှာ မပါခဲ့ဘူး။ ဒါကလည်း သူတို့တွေ မပါဝင်ဘူးဆို တာ အပြစ်တင်လို့မရဘူးလေ။ ဇာတ် ပို့ဇာတ်ရံ ပညာရှင်တွေကို လိုက်ရှာ ရတာ ခက်တယ်။ အခုထက်ထိလည်း နားနေတဲ့ ဇာတ်ပို့ဇာတ်ရံပညာရှင် ဆိုတာ ရှားတယ်။ အခုထက်ထိလည်း အဲဒီဇာတ်ပို့ဇာတ်ရံ ၅ ဦးကို ရှာပါ ဆိုရင်လည်း တအားရှာရခက်မယ်။ ပြက္ခဒိန်နှစ်တစ်နှစ်အတွင်းမှာ ဇာတ် ကားမရိုက်တဲ့ သူမှလည်း ဖြစ်ဦးမှ။ အဲဒီလို ဇာတ်ပို့ဇာတ်ရံ ပညာရှင်က လည်း ရှားတယ်။ ဒါပေမဲ့ ဇာတ်ပို့ ဇာတ်ရံ ပညာရှင် ၅ ဦး ပါကိုပါအောင် ဒီနှစ်မှာ စီစဉ်သွားမယ်။ နောက်တစ် ခုမှာ ဒီနှစ် ဆုံးဖြတ်ထားမှုတွေအရ သူတို့ ၅ ဦးကနေပြီး အကယ်ဒမီမှာ ဆန်ခါတင်ဇာတ်ကားတွေ တက်လာ လို့ ဒီမင်းသားမင်းသမီးတွေကိုတော့ ဇာတ်ပို့ဇာတ်ရံနေရာကနေ တင်ထား တယ်ဆိုရင် သူတို့က မကြိုက်လို့ အဲဒီ နေရာအတွက် ဖြုတ်ချမယ်ဆိုရင် ဖြုတ်ချပိုင်ခွင့်ရှိသွားမယ်။ အခု အသစ်လုပ်မယ့် စည်းမျဉ်းစည်းကမ်း တွေအရဆိုရင် သူတို့မကျေနပ်ရင် ဖြုတ်ပစ်နိုင်တယ်။ အဲဒီတော့ လာ မယ့်နှစ် အကယ်ဒမီဆုပေးပွဲဟာ ပြီး ခဲ့တဲ့နှစ်အကယ်ဒမီဆုပေးပွဲထက် ချွတ်ယွင်းချက်တွေ နည်းသွားမယ်လို့ ယုံကြည်ပါတယ်”လို့ ဒါရိုက်တာ ညီညီ ထွန်းလွင်က ပြောပြပေးခဲ့ပါတယ်။
ဒါ့အပြင် မကြာတော့တဲ့ နှစ် အပိုင်း အခြားမှာ မြန်မာ့ရုပ်ရှင် နှစ် တစ်ရာပြည့်ကို ရောက်ရှိလာတော့မှာ ဖြစ်ပြီး နှစ်တစ်ရာပြည့်မရောက်ခင် မှာ သူဖြစ်ချင်တဲ့ ဆန္ဒတချို့ကို ထုတ် ဖော် ပြောပြခဲ့တာကတော့ …
”နေပြည်တော်မှာ အခုချိန် လောက်ကတည်းက ရုပ်ရှင်စတူဒီယို တွေ တည်ဆောက်ဖို့ လိုအပ်နေပါ ပြီ။ ရုပ်ရှင်စတူဒီယို ဖြစ်တဲ့အတွက် Indoor ပါမယ်။ Outdoor ပါမယ်။ တိုက်တာလုံးချင်းတွေကအစ ပျဉ် ထောင်အိမ်တွေပါမယ်၊ ရွာတွေပါ မယ် စသည်ဖြင့်ပေါ့။ အများကြီး တည်ဆောက်ရမှာဖြစ်တယ်။ နေ ပြည်တော်မှာက အဘက်ဘက်က ပြည့်စုံတယ်။ ရှောပင်းမောလ်ကြီးတွေ လည်း ရှိနေတယ်။ လမ်းတွေဆိုရင် လည်း တအားလှတယ်။ ရုပ်ရှင် သမားတွေကတော့ စတူဒီယိုတွေကို ရန်ကုန်မှာပဲ လုပ်ချင်ကြတာများ တယ်။ ဒါပေမဲ့ ဒီမှာက လမ်းကြောင်း ကျပ်တည်းမှုတွေ တအားဖြစ်နေတဲ့ အတွက် အချိန်တွေ အများကြီးပေး နေကြရပါတယ်။ ပြီးတော့ ပြင်ဦး လွင်မှာလည်း နေရာအတော်အများ က ရိုက်ကူးမှုတွေ ထပ်နေပါပြီ။ အဲဒီ တော့ နေပြည်တော်က အသင့်တော် ဆုံးလို့ မြင်မိတယ်။ တကယ်တော့ အိမ်အစစ်တွေ နေရာအစစ်တွေမှာ ရိုက်ကူးနေရတဲ့ ကျွန်တော်တို့တွေ အတွက် အခက်အခဲတွေများစွာ ရှိ နေပါတယ်။ သံတစ်ချက်ရိုက်ဖို့တောင် အတော်မလွယ်တဲ့ ကိစ္စလေ။ အဲဒီ တော့ ရုပ်ရှင်ရာပြည့်မရောက်ခင်မှာ နေပြည်တော်မှာ ရုပ်ရှင်စတူဒီယိုတွေ ပေါ်လာစေချင်တယ်။ ရုပ်ရှင်သင် တန်းကျောင်းတွေကို အစိုးရက ပံ့ပိုး ပေးမယ်လို့တော့ အခုကြားသိတယ်။ အဲဒီလိုဆိုရင်တော့ ရုပ်ရှင်ရာပြည့်က ကောင်းမွန်လာမယ်”လို့ ဒါရိုက်တာ ညီညီထွန်းလွင် က ပြောပြပေးခဲ့ပါ တယ်။
ထက်လူ",,,,,,
<urn:uuid:d2acf490-de9d-4703-b433-2fd9ca2a8164>,"မ/ ဒဂုံ 36 ရပ်ကွက် ရဲကျော်သူလမ်းသွယ်ရှိ 40 x 60 အကျယ် 2 RC နှင့် 1 RC ပါ အိမ်နှင့် ခြံ အမြန်ရောင်းမည်၊၊
- တိုင်း/ပြည်နယ်: Yangon (ရန်ကုန်တိုင်း)
- မြို့/မြို့နယ်: North Dagon (ဒဂုံမြို့သစ်မြောက်ပိုင်း)
- ရောင်း/ငှား: ရောင်း
- အိမ်ခြံမြေအမျိုးအစား: လုံးချင်းအိမ်များ
- Property ID: 35311
- လမ်းအမည်: ရဲကျော်သူလမ်းသွယ်
- Master Bedroom: 1
- Common Bedroom: 2
- Tenure ပိုင်ဆိုင်မှု: Leasehold (ဂရန်)
- Bathroom: 2
- Property size: 2400 ft²
- Phone: 09-894099077 / 09-894099022 / 01-667758
- ရောင်းဈေး: 3200 သိန်း (ညှိနှိုင်း)
Details
ရေ၊ မီးစုံ
အခန်းများကိုကျွန်းဖြင့်ဖွဲ့စည်းထား
40 x 60 မြေပေါ်တွင် 2 RC အိမ်တစ်လုံးနှင့် 1 RC အိမ်တစ်လုံးပါဝင်သည်၊၊
- ID: 35311
- Online တင်ခဲ့သည့်နေ့ စက်တင်ဘာ 5, 2020
- နောက်ဆုံးပြင်ဆင်ခဲ့သည့်နေ့ စက်တင်ဘာ 12, 2020
- ကြည့်ရှုပြီး 34",,,,,,
<urn:uuid:f8c4383d-5d9f-4a57-89cf-dfdfc34f43d4>,"အကောင်းဆုံးချိန်းတွေ့အက္ပ္မ်ားကိုအန္းအာဏာ
ငါ့ႏွလုံးနည်းပညာဆိုင်ရာတိုးတက်မှု၊ချိန်းတွေ့ပြောင်းလဲတော်မမူတွက်နီးပါးတစ်ခုလုံးကိုအရာစု။ သင်လူတွေကိုတွေ့ဆုံရန်ဆိုရင်၊သူတို့ကိုစကားပြော၊နှင့်ဒါနဲ့ပတ်သက်ပြီးချိန်းတွေ့စတင်လာတဲ့အခါလုံလောက်မီးပွားတွေပျံသန်း။ အများအပြားရှိပါတယ်ချိန်းတွေ့လီေကူညီနိုင်ကြောင်းနှင့်အတူဤလုပ်ငန်းစဉ်ကို။ သို့သော်၊အပေါ်အခြေခံပြီးကျွန်တော်တို့ရဲ့သုတေသန၊အက္ပ္ကိုမျိူးအတွက်အထွေထွေလိုအပ်နေဆဲသိသာထင်ရှားသောတိုးတက်မှုများ။ ဒါကြောင့်ကိုယ့်ရှိသည်ပါဘူးအကောင်းဆုံးထုတ်ကုန်များမယ့်ကောင်းသောဖြစ်ကြောင်းနှင့်။ ဤသူအများစုဟာအတွေ့အကြုံများစိတ်ပျက်ခဲ့ကြ၊ဒါပေမယ့်သာအနည်းငယ်ခဲ့ကြသည်ဟုအသုံးဝင်။ အနည်းငယ်ရှိပါတယ်၊ရှိလျှင်၊မည်သည့်လျောက်ပတ်လီေကြဘူးသောသူတို့အဘို့ပိုက်ဆံဖြုန်းချင်ပါဘူး။ သူတို့ကုန်ကျငွေ(သူတို့ထဲကအများစုဟာ)အတော်လေးစျေးကြီးတယ်။ ကိုယ့်ဦးခေါင်း။ ဒီနေရာမှာအကောင်းဆုံးချိန်းတွေ့လီေ။ အားလုံးဒီအပလီေကးအနည်းဆုံးလူများအတွက်သင့်လျော်။ လည်း၊စျေးနှုန်းအဘို့အချိန်းတွေ့ပ်များနှင့်အပြောင်းအကြိမ်ပေါင်းများစွာတစ်နှစ်အတွက်အတိုဆုံးဖြစ်နိုင်သောအချိန်။ ဈေးနှုန်းများများမှာနီးစပ်။",,,,,,
<urn:uuid:43d9a820-fa50-49ab-b478-1975054c1ee8>,"စစ်ကိုင်း ခံတပ်
စစ်ကိုင်း ခံတပ် ခေါ် အစေခံ ခံတပ်သည် စစ်ကိုင်းတိုင်းဒေသကြီး၊ စစ်ကိုင်းမြို့ ၏ အနောက်တောင်ဘက် ဧရာဝတီမြစ်၏ အနောက်ဘက်ကမ်းအနီး အစေခံ အရပ်တွင်တည်ရှိပါသည်။ စစ်ကိုင်းခံတပ်ကို မင်းတုန်းမင်းလက်ထက် ခရစ် သက္ကရာဇ် ၁၈၇၉ ခုနှစ်တွင် အီတလီရေကြောင်း စစ်ဘက်ဌာနမှ ကွန်မိုတိုပဲရီ နှင့် မိုလီနာရီ တို့က ကြီးကြပ်၍ မြန်မာအင်ဂျင်နီယာများနှင့် ပူးပေါင်းတည်ဆောက်ခဲ့သည်။ ကင်းဝန်မင်းကြီး၏ တိုက်တွန်းစီမံချက်ဖြင့် ပြည်ပရန်သာမက ပြည်တွင်းရန်ကိုပါ ကာကွယ်ရန်အတွက် ဆောက်လုပ်ခဲ့ခြင်းဖြစ်ပါသည်။
ပုံသဏ္ဌာန်[ပြင်ဆင်ရန်]
စစ်ကိုင်းခံတပ်သည် စက်ဝိုင်းခြမ်းသဏ္ဌာန်ဖြင့် မြို့ဘက်သို့လှည့်၍ တည်ဆောက်ထားသည်။ အကျယ်အဝန်းမှာ တောင်နှင့်မြောက် ပေ ၂၄၀၊ အရှေ့နှင့်အနောက် ပေ ၃၂၀ ရှည်လျားပြီး ခံတပ်အတွင်းသို့ ဝင်ရန် မြောက်ဘက်နှင့် အရှေ့ဘက်တွင် ဝင်ပေါက် ၂ ပေါက်ရှိသည်။
ခံတပ်ထုသည် တောင်ဘက်၌ မြေသားရော အုတ်ရိုးထု ၃၀ ပေ ခန့်ထူ၍ ကျန် ၃ ဘက်တွင် အုတ်ရိုးထု ၂ ပေရှိပြီး မြေသားမဖို့ဘဲ အုတ်ရိုးသက်သက် မတ်မတ်ထောင်၍ တည်ဆောက်ထားသည်။ ခံတပ်၏အမြင့်မှာ ၉ ပေခန့်သာမြင့်သည်။ တောင်ဘက်မှလွဲ၍ ကျန်အုတ်ရိုး ၃ ဘက်တွင် အမြောက်၊ သေနတ်ပြောင်းပေါက်များကို အစီအရီဖောက်ထားသည်။ တောင်ဘက်တွင် အလျား ၄၂ ပေ၊ အနံ ၂ ပေ၊ ထု ၃ ပေရှိ အခန်း ၂ ခန်းရှိသည်။ ခံတပ်ပေါ်သို့ တက်ရန် အရှေ့ဘက်၊ အနောက်ဘက်နှင့် တောင်ဘက်တို့တွင် အုတ်လှေကား ၃ ဆင့်ပါရှိသည်။
အင်္ဂလိပ်-မြန်မာ တတိယစစ်ပွဲအတွင်း ဗိုလ်မှူး၊ အတွင်းဝန်မင်း၊ မြို့စားမင်းကြီး၊ မင်းခေါင်မဟာမင်းကျော်သူရှိန်နှင့်အတူ တောင်မာရဘင်မှူထမ်း ၃၄၅ယောက်၊ လင်ဇင်းမှုထမ်း ၃၂၈ယောက်၊ ဘုန်းတော်မြစ်အမှုထမ်း ၇၀ ယောက်၊ ဘုန်းတော်တိုး အမှုထမ်း ၃၁၈ ယောက်၊ ကသည်းမြင်းအမှုထမ်း ၂၅၂ ယောက်၊ ရှမ်းမြင်းအမှုထမ်း ၃၁၂ယောက်၊ ဇင်းမယ်ပါ မြင်းအမှုထမ်း ၂၄၄ ယောက်မြန်မာမြင်းအမှုထမ်း ၂၁၅ယောက်၊ သူကောင်းထမ်း ၂၀၀ ယောက်၊ စုစုပေါင်း ၂၇၂၆ ယောက်တို့နှင့် ကနောင်မင်းသား၏သား ကျွန်းညွန့်မင်းသား ခေါင်းဆောင်သော မြန်မာမျိုးချစ်ပုဂ္ဂိုလ်များတို့သည် သူ့ကျွန်မခံလိုသော စိတ်ဓာတ်ဖြင့် ကြံ့ကြံ့ခံ၍ အင်္ဂလိပ်နယ်ချဲ့တို့ကို တွန်းလှန်တိုက်ခိုက်ခဲ့ကြသည်။ စစ်ကိုင်းခံတပ်ကို ဇယားဝင် အဆောက်အဦးများအဖြစ် သတ်မှတ်၍ ၁၉၅၇ ခုနှစ်မှစ၍ ယခုအချိန်အထိ ရှေးဟောင်းသုတေသန၊ အမျိုးသားပြတိုက်နှင့် စာကြည့်တိုက်ဦးစီးဌာနက ပြုပြင်ထိန်းသိန်းစောင့်ရှောက်လျက် ရှိပါသည်။ [၁]
ကိုးကား[ပြင်ဆင်ရန်]
- စစ်ကိုင်းခံတပ် ကျောက်စာမှ",,,,,,
<urn:uuid:e462fb9f-01b8-466f-84fe-9d0953c9701e>,"နည်းပြ ( မိုယက်စ် ) က ကျွန်တော့် ကို သူ့ အစီအစဉ် ထဲ မှာ အမှန်တကယ် ကို ထည့်သွင်း တွက်ချက် ၊ အရေးတယူ ပြုတာမျိုး မရှိခဲ့ဘူး။ အသင်း က လည်း ရလဒ်ဆိုးတွေ နဲ့ ဖြတ်သန်း နေခဲ့ရတယ်။
နည်းပြ ( မိုယက်စ် ) က ကျွန်တော့် ကို သူ့ အစီအစဉ် ထဲ မှာ အမှန်တကယ် ကို ထည့်သွင်း တွက်ချက် ၊ အရေးတယူ ပြုတာမျိုး မရှိခဲ့ဘူး။ အသင်း က လည်း ရလဒ်ဆိုးတွေ နဲ့ ဖြတ်သန်း နေခဲ့ရတယ်။
ဒိုလေးက မန်ယူကို ပြန်လာချင်နေကြောင်း သူ့ရဲ့ ပြောစကား သတင်းတွေ တက်လာပြီး မရှေးမနှောင်းမှာပဲ လာမယ့် ဆောင်းရာသီ အပြောင်းအရွှေ့မှာ မန်ယူအသင်းက ဒိုလေးကို ပြန်ခေါ်မယ် ဆိုတဲ့ သတင်းတွေ ဆက်တိုက် ဆိုသလို တက်လာပါတယ် ….
မန်ချက်စတာယူနိုက်တက် အသင်း ဟာ အေဂျက်စ် အသင်း မှ အသက် ၁၆ နှစ် အရွယ်ရှိ နောက်ခံလူ တီမိုသီ ဖိုဆူ မန်ဆက်ရှ် အား စာချုပ် ချုပ်ဆို ခေါ်ယူနိုင်ခဲ့ပြီ ဖြစ်ပါတယ်။
မန်ယူအသင်းရဲ့ လူဝယ်ယူမှူ့ဟာ ဒီမျှနဲ့ မရပ်တန့်သေးပါဘူး ….. လာမယ့် ဆောင်းရာသီ အပြောင်းအရွှေ့ ဈေးကွက်ဖွင့်ချိန်မှာ အသင်းရဲ့ အားနည်းနေတဲ့ ဗဟိုခံစစ် နေရာကို ဖြည့်တင်းရန်အတွက်
မန်ချက်စတာယူနိုက်တက် လူငယ် ကစားသမား ၀ီလ်ကိန်း အတွက် ကျူ ပီအာ အသင်းထံ မှ ပေါင် ၃.၇၅ သန်း ဖြင့် ကမ်းလှမ်းမှု ကို ယူနိုက်တက် ဟာ လက်ခံခဲ့တယ် လို့ သိရပါတယ်။
ယခုရာသီ အပြောင်းအရွှေ့ ဈေးကွက် ဖွင့်ချိန်မှာ ပရီးမီးယားလိဂ် အသင်းတွေရဲ့ အသုံးစားရိတ်ဟာ ပေါင်(၁)ဘီလီယံ နီးပါး ရှိလာပြီး ဖြစ်ကြောင်း dailymail သတင်းအရ သိရသည်။
” သူ မန်ချက်စတာ ကို ဆေးစစ်ဖို့ ရောက်လာတော့မယ်။ ဒီ့နောက် သူဟာ ကျွန်တော်တို့ ရဲ့ ကစားသမား သစ် တစ်ယောက် ဖြစ်လာပါတော့မယ် “
စပိန်သတင်းစာတွေရဲ့ အဆိုအရ ဒီမာရီယာ ယူနိုက်တက် ကို ရွေးချယ် ဖုို့ ရိုနယ်ဒိုက တိုက်တွန်းခဲ့တယ်လုို့ သိရပါတယ်။ တကယ်လို့  ဒီသတင်းသာ အမှန်ဖြစ်ခဲ့ရင် ရိုနယ်ဒိုအနေနဲ့ ယူနိုက်တက် အသင်းအပေါ် ကျေးဇူး ဆပ်လိုက် တယ်လုို့ ပြောရမှာပါ။
” အသက် ၁၃၊ ၁၄နှစ်လောက်တည်းက ကျွန်တော့်အမေကို ပြောပြဖူးတဲ့ ကျွန်တော့်အိမ်မက်တစ်ခုရှိပါတယ်။ ဒီအိပ်မက်ကဘာလဲဆိုတော့ တစ်နေ့နေ့ကျရင် မန်ချက်စတာယူနိုက်တက်မှာ သွားကစားရဖို့ပါ
Spanish Supercup လုပွဲ အဖြစ် ယနေ့ ည တွင် အသလက်တီကို မက်ဒရစ် အသင်း နှင့် ဒုတိယအကျော့ ကစားရမည့် ရီးရဲလ်မက်ဒရစ် အသင်း လူစာရင်း တွင် ဒီမာရီယာ အား အန်ဆယ်လော့တီ မှ ချန်လှပ်ခဲ့တယ် လို့ သိရပါတယ်။
” အသေးစိတ် ကို ပြောပြသွားမှာ မဟုတ်ပေမယ့် ကျွန်တော် အတည်ပြု ဆိုနိုင်တာ တစ်ခုက ကျွန်တော့်ဆီ မန်ချက်စတာယူနိုက်တက် နဲ့ အင်တာမီလန် အသင်း တွေ ရဲ့ တာဝန်ရှိသူတွေ ထံက ဆက်သွယ်လာမှု ရှိထားပါတယ်။
( ပေါ်တူဂီ သတင်းစာ Record က ရိုဂျို အပြောင်းအရွေ့ တုန်း က မှန်ခဲ့တဲ့ သတင်းစာ တစ်ခုပါ။ ဒီ Source က Reliable ဖြစ်တယ် လို့တော့ ယူဆထားပါတယ် )
” ဒီမာရီယာ က အသင်းက ထွက်ခွာလို့ ရနိုင်မလား ဆိုပြီး မေးမြန်းထားပါတယ်။ အသင်း ရဲ့ စာချုပ်သက်တမ်းတိုးဖို့ ကမ်းလှမ်းမှု ကို လည်း သူ ငြင်းခဲ့ပါတယ်။
မန်ချက်စတာ ယူနိုက်တက် အသင်းသည် အင်တာမီလန် ကစားသမား ဖရက်ဒီဂါရင်ကို ခေါ်ယူရန်အတွက် ဆွေးနွေးမှု့များ ပြုလုပ်နေကြောင်း Daily Star သတင်းအရ သိရသည်။
အီတလီ သတင်းစာ ဂေဇက်တာ တွင် ယနေ့ ဖော်ပြထားမှု အရ ရိုးမား နောက်ခံလူ ဘီနာတီယာ ဧ။် အပြောင်းအရွေ့ နှင့် ပက်သက်ပြီး ရိုးမား Boss ဖြစ်သူ Walter Sabatini ဟာ လာမယ့် နာရီပိုင်း အချိန် အတွင်း မန်ချက်စတာယူနိုက်တက် နှင့် ဆွေးနွေးမှု တွေ ပြုလုပ်သွားဖို့ ရှိနေတယ် လို့ ဆိုပါတယ်။",,,,,,
<urn:uuid:2d235d73-be5f-4747-a400-7e30bd32c7b3>,"Ideal For :
အဂ်လိပ်ဘာသာစကားကို နိုင်ငံတကာသုံး ( International Communication) အဖြစ် ကျွမ်းကျင်တတ်မြောက်လိုသည့် တက္ကသိုလ်ဝင်တန်းအောင်ကျောင်းသားများ၊ ဘွဲ့ကြို၊ ဘွဲ့ရနှင့် ရုံးဝန်ထမ်းများ၊ IELTS/TOFEL ဖြေမည့်သူများနှင့်နိုင်ငံတကာအသိအမှတ်ပြု အဂ်လိပ်ဘာသာသင်ယူလေ့လာရသောသင်တန်း (သို့) ပြည်တွင်းတက္ကသိုလ်မတက်မှီ အခြေခံကောင်းရလိုသူများ အတွက်ရည်ရွယ်ပြီးဖွင့်ထားသော အတန်းဖြစ်ပါသည်။
Course Details :
နိုင်ငံတကာပညာရေးနှင့် ဆက်ဆံရေးတွင် သိသင့်သိထိုက်သောအကြောင်းအရာ ပေါင်းများစွာကို နိုင်ငံတကာအသိအမှတ်ပြု သင်ရိုးစာအုပ်ဖြင့် သင်ကြားသွားပါမည်။ သင်ကြားရာတွင် English 4 Skills အပြင် Grammar, Vocabulary& Life Skillsပါထည့်သွင်းထားပြီး မြန်မာကျောင်းသားများ၏အဓိကလိုအပ်ချက်နှင့် အားနည်းချက်များကိုအဖက်ဖက်မှ ထည့်သွင်းစဉ်းစားပြီးလေ့ကျင့်သင်ကြားပေးသွားပါမည်။",,,,,,
<urn:uuid:56f0e77e-e898-4697-b97e-4ed78eab7368>,"1. PHP Web Developer ကျား/မ (၁) ဦး
– Database အခြေခံ န fှင့် ပတ်သက်၍ နားလည်အသုံးပြုနိုင်ရမည်။
– HTML, Javascript, CSS, PHP များကို နားလည် တတ်ကျွမ်းရမည်။
– မိမိလုပ်ထားသေား Website များကို ပြနိုင်ရမည်။
-Joomla, WordPress စသည့် CMS ကို ပိုင်နိုင်စွာ အသုံးပြုနိုင်ရမည်။
– လုပ်ငန်း အတွေ့အကြုံ အနည်းဆုံး (၁) နှစ်
– ကွန်ပျူတာနဲ့ ပက်သက်သော ဒီပလိုမာ (သို့) ဘွဲ့ တစ်ခုခုရရှိထားပြီးဖြစ်ရမည်။
2. Web Designer ကျား/မ (၁) ဦး
– Phostshop, HTML, CSS များကို နားလည် တတ်ကျွမ်းရမည်။
– မိမိလုပ်ထားသေား Website များကို ပြနိုင်ရမည်။
– လုပ်ငန်း အတွေ့အကြုံ အနည်းဆုံး (၁) နှစ်
– ကွန်ပျူတာနဲ့ ပက်သက်သော ဒီပလိုမာ (သို့) ဘွဲ့ တစ်ခုခုရရှိထားပြီးဖြစ်ရမည်။
3. Graphic Designer ကျား/မ (၁) ဦး
– Page Maker, Adobe Photoshop, Illustrator ကျွမ်းကျင်ပိုင်နိုင်စွာ အသုံးပြုနိုင်ရမည်။
– လုပ်ငန်း အတွေ့အကြုံ အနည်းဆုံး (၁) နှစ်
4. Office Staff ကျား/မ (၁) ဦး
-Microsoft Word, Excel Adobe Page Maker ကျွမ်းကျင်ရမည်။
– သွက်လက် ချက်ချာပြီး အပြေားအဆို ယဉ်ကျေးသူ ဖြစ်ရမည်။
– Marketing အတွေ့အကြုံရှိသူဦးစားပေးမည်။
လျောက်ထားလိုသူများသည် မှတ်ပုံတင် ၊ သန်းခေါင်စာရင်း၊ ပညာအရည်အချင်း၊ ဘွဲ့လက်မှတ် မိတ္တူတို့နှင့်အတူ (၂၈ – ၄ – ၂၀၁၄) နေ့နောက်ဆုံးထား၍ အမှတ် (၂၃၉) ပထမထပ်၊ ငုဝါလမ်း၊ အလုံမြို့နယ်၊ ရန်ကုန်မြို့ သို့လာရောက် လျှောက် ထားနိုင်ပါသည်။",,,,,,
<urn:uuid:85fb1a5e-459c-49b6-9ed2-7ee9e25393e0>,"သင်၏ ဂိမ်းအတွက် ငွေးပေးချေရန် အမြန်ဆုံး အလွယ်ကူဆုံးနည်းလမ်းဖြင့် ဝယ်လိုက်ပါ။
ထုတ်ကုန်များ ⇒
Power Ranking Rush.
Game of Sultansဂိမ်းကိုTop-upလိုက်ပါ။ Sultansဂိမ်းစိန်များကို MPT, Telenor, Ooredoo, Mytel,(သို့) Wave Money နှင့် easyPoints အသုံးပြုပြီး ဝယ်ယူလိုက်ပါ။ Creditsကတ်၊ မှတ်ပုံတင်ခြင်း(သို့) Loginဝင်ရန် မလိုအပ်ဘဲ၊ သင်ငွေချေမှုအောင်မြင်ပြီးပြီးခြင်း စိန်ရရှိမည်ဖြစ်သည်။
အခုပဲGame of SultansကိုDownloadလိုက်ပါ။
1
ID ထည့္သြင္းပါ
4
ဝယ်မည်
Oops!
တစ်ခု (သို့) တစ်ခုထက်ပိုသော အချက်များ မှားသွားသည် (သို့) လွှတ်သွားသည်။",,,,,,
<urn:uuid:c2f56c86-ed6e-48f7-a632-eb7e8bdf3963>,"နှုတ်သီးရှည်ဝက်ဝံ
|Sloth bear|
|သဘာဝထိမ်းသိမ်းခြင်းအခြေအနေ|


Vulnerable
(IUCN Red List Ver.3.1 (2001))[၁]
|သိပ္ပံနည်းကျမျိုးခွဲခြင်း|


|ဒွိနာမ|
|''Ursus ursinus''|
နှုတ်သီးရှည်ဝက်ဝံ (Ursus ursinus =Melursus ursinus) ကို စလော့တ် ဝက်ဝံ (Sloth bear) ဟုလည်း ခေါ်ဆိုလေ့ ရှိကြသည်။ အိန္ဒိယတိုက်တွင် တွေ့ရလေ့ရှိပြီး ညဘက်တွင် ကျင်လည်ကျက်စားကာ အင်းဆက်များကို စားသုံးလေ့ ရှိသည်။ သီရိလင်္ကာတွင် တွေ့ရသော ဝက်ဝံများကို မျိုးစိတ်တစ်ခု အဖြစ် သတ်မှတ်ထားကြသည်။ ဝက်ဝံညို ဝက်ဝံနက်များနှင့် မတူပဲ နှုတ်ခမ်းရှည် ဝက်ဝံများမှာ ပိန်ပိန်ရှည်ရှည် ဖြစ်ပြီး မျက်နှာတဝိုက်တွင် လည်ဆံမွေး ကဲ့သို့သော အမွေးများ ရှိသည်။ တံစဉ်းနှင့်တူသော ရှည်လျားသည့် လက်သည်းများရှိပြီး အင်းဆက်များကို စုပ်ယူစားသုံးနိုင်သည့် ထူးခြားသည့် နှုတ်ခမ်း ပုံသဏ္ဌန်ရှိသည်။ နှုတ်ခမ်းရှည်ဝက်ဝ့များသည် နွေဦးရာသီနှင့် နွေရာသီ အစောပိုင်းတွင် သန္ဓေယူလေ့ ရှိပြီး ဆောင်းရာသီ မစမီ အချိန်တွင် မွေးဖွားလေ့ ရှိကြသည်။ ခြများ၊ ပျားများ၊ သစ်သီးများကို စားသုံးလေ့ ရှိကြသည်။ သူတို့၏ နယ်မြေအတွင်းသို့ ကျူးကျော်ဝင်ရောက်လာသော လူများကို တိုက်ခိုက်လေ့ ရှိကြသည်။ သမိုင်းကြောင်းအားဖြင့် လူတို့သည် သူတို့နေထိုင်ကျက်စားရာ နေရာများကို ပျက်စီးစေပြီး သူတို့၏ ခန္ဓာကိုယ် အစိတ်အပိုင်းများ၊ လက်သည်းများကို ရယူရန်နှင့် စားသုံးရန် အတွက် သတ်ဖြတ်ခဲ့ကြသည်။ ဤဝက်ဝံမျိုးသည် ယဉ်ပါးစေရန် လွယ်ကူသဖြင့် ဖျော်ဖြေရေး အတွက်လည်း အသုံးချလေ့ ရှိကြသည်။
Sloth bear
ကိုးကား [ပြင်ဆင်ရန်]
- Template:IUCN2008Listed as Vulnerable (VU A2cd+4cd, C1 v3.1)",,,,,,
<urn:uuid:e6eb54f2-fc0d-4404-9b63-42279e95b340>,၁အခါလည်၍ ရှင်ဘုရင်တို့သည် စစ်တိုက်ချိန်ရောက်သောအခါ၊ ဒါဝိဒ်သည် ယွာဘနှင့်ကျွန်များ၊ ဣသရေလအမျိုးသားတို့အပေါင်းတို့ကိုစေလွှတ်သဖြင့်၊ သူတို့သည် အမ္မုန်အမျိုးသားတို့ကို တိုက်ဖျက်၍ ရဗ္မာမြို့ကိုဝိုင်း ထားကြ၏။ ဒါဝိဒ်သည်ကိုယ်တိုင်ယေရုရှလင်မြို့၌ နေလေ၏။ ၂နောက်တနေ့ ညဦးယံ၌ ဒါဝိဒ်သည် လျောင်းစက်ရာ မှာထ၍ နန်းတော်မိုးပေါ်မှာ စင်္ကြံသွားစဉ်တွင်၊ အလွန်အဆင်းလှသော မိန်းမတယောက် ရေချိုးသည်ကို မြင်တော်မူ၏။ ၃ထိုမိန်းမကား အဘယ်သူနည်းဟုစေလွှတ်၍ မေးမြန်းလျှင်၊ ဧလျံသမီး၊ ဟိတ္တိလူ ဥရိယ၏ မယားဗာသရှေဘဖြစ်ပါ သည်ဟုလျှောက်လေ၏။ ၄တဖန် လူကိုစေလွှတ်သဖြင့်၊ ထိုမိန်းမကို အထံတော်သို့ခေါ်ခဲ့၍ ရှက်တင်လေ၏။ ထိုမိန်းမ သည်မိမိအညစ်အကြေးနှင့်စင်ကြယ်အောင်ပြု၍ မိမိအိမ်သို့ပြန်ပြီးမှ၊ ၅ပဋိသန္ဓွေရှိသဖြင့် ဒါဝိဒ်ထံသို့လူစေလွှတ်၍၊ ကျွန်မ၌ပဋိသန္ဓွေရှိပါ၏ဟု လျှောက်စေသော်၊ ၆ဒါဝိဒ်သည်ယွာဘဆီသို့လူကိုစေလွှတ်၍ ဟိတ္တိလူဥရိယကို ငါ့ထံသို့စေ လွှတ်ရမည်ဟုမှာလိုက်သည်အတိုင်း၊ ယွာဘသည်စေလွှတ်၍၊ ၇ဥရိယရောက်လာသောအခါဒါဝိဒ်က၊ ယွာဘကျန်း မာ၏လော။ လူများကျန်းမာ၏ လော။ စစ်တိုက်၍အောင်မြင်သလောဟုမေးမြန်းပြီးမှ၊ ၈သင့်အိမ်သို့သွား၍ခြေဆေး လော့ဟုမိန့်တော် မူသည်အတိုင်း၊ ဥရိယသည်နန်းတော်မှထွက်၍သူနောက်မှခဲဘွယ်စားဘွယ်ကိုရှင်ဘုရင်ပေးလိုက်လေ ၏။ ၉သို့ရာတွင် ဥရိယသည် မိမိအိမ်သို့မသွားဘဲ၊ မိမိအရှင်၏ ကျွန်အပေါင်းတို့နှင့်အတူ နန်းတော် တံခါးဝ၌ အိပ်လေ၏။ ၁ဝဥရိယသည်မိမိအိမ်သို့ မသွားကြောင်းကိုနားတော်လျှောက်လျှင်ဒါဝိဒ်က၊ သင်သည်ခရီးသွား ရာမှရောက်လာသည် မဟုတ်လော။ သင့်အိမ်သို့အဘယ်ကြောင့်မသွားဘဲနေသနည်းဟု ဥရိယကိုမေးသော်၊ ၁၁ဥရိယက၊ သေတ္တာတော်နှင့် ဣသရေလအမျိုး၊ ယုဒအမျိုးသားတို့သည်တဲ၌နေကြပါ၏။ သခင်ယွာဘနှင့် သခင်၏ကျွန်များတို့သည်လွင်ပြင်၌တည်း ရကြပါ၏။ ကျွန်တော်သည်ကိုယ်အိမ်သို့သွား၍စားသောက်လျက် မယားနှင့် ပျော်မွေ့လျက်နေသင့်ပါမည်လော။ ကိုယ်တော်အသက်ရှင်တော်မူသည်အတိုင်း၊ ထိုသို့ကျွန်တော် မပြုပါဟု ဒါဝိဒ်အားလျှောက်လေ၏။ ၁၂ဒါဝိဒ်ကလည်း၊ ဤမြို့၌ယနေ့နေဦးလော့။ နက်ဖြန်နေ့ငါလွှတ် လိုက်မည်ဟု မိန့်တော်မူသည်အတိုင်း၊ ဥရိယသည်ထိုနေ့၊ နက်ဖြန်နေ့၊ ယေရုရှလင်မြို့၌နေ၏။ ၁၃ဒါဝိဒ်သည်လည်းဥရိယကိုခေါ်၍ရှေ့တော်၌စားသောက်လျက်ယစ်မူးသည်တိုင်အောင် သောက်ရ၏။ သို့သော်လည်း ညဦးမှာမိမိအိမ်သို့မသွားဘဲ၊ အရှင်၏ကျွန်တို့နှင့်အတူအိပ်ခြင်းငှါထွက်သွားလေ၏။ ၁၄နံနက်မှာ ဒါဝိဒ်သည်မှာစာကိုရေး၍ ဥရိယလက်တွင်ယွာဘသို့ပေးလိုက်၏။ ၁၅မှာစာချက်ဟူမူကား၊ ကျပ်တည်းစွာစစ် တိုက်ရာတပ်ဦး၌ဥရိယကိုခန့်ထားပြီးမှ၊ သူသည်ရန်သူ့လက်သို့ရောက်၍ သေစေခြင်းငှါ တပ်များကိုရုပ်သိမ်းလော့ဟုပါ သတည်း။ ၁၆အမိန့်တော်အတိုင်းယွာဘသည် မြို့ကိုကြည့်ရှုပြီးမှ၊ ခွန်အား ကြီးသော သူရဲရှိရာ အရပ်၌ဥရိယကိုခန့်ထား လေ၏။ ၁၇မြို့သားတို့သည်ထွက်၍ယွာဘနှင့်စစ်ပြိုင်သောအခါ၊ ဒါဝိဒ်၏ ကျွန်အချို့တို့သည်သေကြ၏။ ဟိတ္တိလူဥရိယ သည်လည်းသေ၏။ ၁၈ထိုနောက်ယွာဘသည် စစ်သိတင်းအလုံးစုံကိုဒါဝိဒ်အား ကြားလျှောက်စေခြင်းငှါလူကိုခေါ်၍၊ ၁၉သင်သည်ရှင်ဘုရင်ထံတော်၌ စစ်သိတင်းကို အကုန်အစင်ကြားလျှောက်ပြီးလျှင်၊ ၂ဝရှင်ဘုရင်သည်အမျက်တော်ထွက် ၍၊ သင်တို့သည် စစ်ပြိုင်သောအခါ၊ မြို့အနီးသို့အဘယ်ကြောင့် ချဉ်းကပ်ကြသနည်း။ မြို့ရိုးပေါ်က ပစ်မည်ကိုမသိလော။ ၂၁ယေရု ဗ္ဗေရှက်သားအဘိမလတ်ကိုအဘယ်သူလုပ်ကြံသနည်း။ သေဗက်မြို့မှာမိန်းမတယောက် သည်ကြိတ်ဆုံ ကျောက်တဖဲ့ကိုမြို့ရိုးပေါ်ကပစ်ချ၍အဘိမလက်သေသည်မဟုတ်လော။ မြို့ရိုးအနီးသို့ အဘယ်ကြောင့်ချဉ်းကပ်ကြသ နည်းဟုမိန့်တော်မူလျှင်၊ ကိုယ်တော်၏ ကျွန်ဟိတ္တိလူ၊ ဥရိယသေကြောင်းကို လျှောက်ရမည်ဟုမှာထား၍စေလွှတ်လေ၏။ ၂၂ယွာဘမှာထားသည်အတိုင်း ထိုတမန်သည်သွား၍ ဒါဝိဒ်အားကြားလျှောက်သည်ကား၊ ၂၃ရန်သူတို့သည်အ မှန်စင်စစ်ကျွန်တော်တို့ကိုနိုင်သဖြင့်၊ လွင်ပြင် တိုင်အောင်လိုက်၍ တိုက်ကြပါ၏။ ကျွန်တော်တို့သည်လည်း မြို့တံခါးဝ တိုင်အောင်လှန်၍တိုက်ကြပါ၏။ ၂၄လေးသမားတို့သည်မြို့ရိုးပေါ်က ကိုယ်တော်ကျွန်တို့ကိုပစ်၍ ကိုယ်တော်ကျွန်အချို့ သေကြ၏။ ကိုယ်တော်ကျွန် ဟိတ္တိလူ၊ ဥရိယသည်လည်းသေပါ၏ဟုလျှောက်လျှင်၊ ၂၅ဒါဝိဒ်ကလည်း၊ ဤအမှုကြောင့် စိတ်မပျက်နှင့်၊ စစ်တိုက်ပွဲတွင် တယောက်တလှည့်သေတတ်၏။ အားယူ၍မြို့ကိုကျပ်တည်းစွာ တိုက်လျက်လုပ်ကြံ တိုက်ဖျက်ကြလော့ဟု တမန်အားဖြင့် ယွာဘကိုမှာလိုက်လေ၏။ ၂၆ဥရိယသေကြောင်းကို သူ၏မယားကြားသောအခါ၊ ခင်ပွန်းကြောင့်ငိုကြွေးမြည်တမ်းလျက်နေ၏။ ၂၇ငိုကြွေးမြည်တမ်းချိန်လွန်မှ၊ ဒါဝိဒ်သည် လူကိုစေလွှတ်၍ ထိုမိန်းမကိုနန်း တော်သို့ ခေါ်စေသဖြင့်၊ သူသည်မိဖုရားအဖြစ်သို့ ရောက်၍သားယောက်ျားကိုဘွားမြင်လေ၏။ သို့ရာတွင် ဒါဝိဒ်ပြုသော အမှုသည်ထာဝရဘုရားရှေ့တော်၌ ဆိုးသောအမှုဖြစ်သတည်း။,,,,,,
<urn:uuid:4db9f686-561e-43f4-993f-731047edd505>,"အောက်တိုဘာ ၅ ၊ ဟုမ္မလင်း
ဟုမ္မလင်းမြို့နယ်ရှိ ကျေးရွာတချို့တွင် လုယက်မှုများနှင့် ဓားပြတိုက်ခံရမှုများနှင့် ကြုံတွေ့နေရကြောင်း ဒေသခံများ၏ ပြောဆိုမှုများအရ သိရသည်။
“ ကုန်စျေးနှုန်းတွေတက် လုပ်ငန်းကမပြေကြဆိုတော့ လုယက်မှုတွေတော့ မကြာခဏကြားနေရတယ်။ဟိုနေ့က နမ့်တော့မှာ ရွှေသွားရောင်းမို့တဲ့ အဲ့တာလမ်းမှာဓားပြတိုက်ခံရတာလို့ ကြားရပြန်ပြီ” ဟု ဒေသခံတစ်ဦးက ရှမ်းနီအသံကို ပြောသည်။
လုယက်ခံရမှုများသည် နမ့်တောကျေးရွာသို့ သွားသည့်လမ်း ခုံတန်းကြီး ၊ ကံကျော်ရကျေးရွာသွားသည့် လမ်းများတွင်ဖြစ်ပွားကြောင်းနှင့် တက်ခတ် ၊ပေကုန်း စသည့်ကျေးရွာများတွင် ဖြစ်ပေါ်နေကြောင်း သိရှိရသည်။
“ ခုနောက်ပိုင်းဆို ၂ယောက်တည်းလည်းမလာရဲကြတော့ဘူး။ ဓားပြတိုက်ခံရတာ ၂ ဦး သုံးဦးရှိပြီ ရက်တွေကတော့ မတိမ်းမရိမ်းတွေပဲ” ဟု ဒေသခံတစ်ဦးက ဆိုသည်။
ထိုလုယက်မှုသတင်းများ ၊ ဓားပြတိုက်ခံရမှု သတင်းများနှင့် ပတ်သက်ပြီးအသေးစိတ်ကို ရှမ်းနီအသံက ဆက်လက်စုံစမ်းလျှက်ရှိသည်။
ဟုမ္မလင်းမြို့တွင် ရွှေတူးဖော်မှုကို အဓိကလုပ်ကိုင်နေကြပြီး အညာဒေသမှ ရွေ့ပြောင်းလုပ်သားများစွာလည်း လာရောက်လုပ်ကိုင်ကြသည်။",,,,,,
<urn:uuid:aea36e71-7b08-44bb-a95d-2eb01ba671a3>,"မြန်မာရွှေ့ပြောင်းကလေးငယ်ကို အဓမ္မပြုကျင့်ခဲ့သူအား ထိုင်းရဲတပ်ဖွဲ့ ဖမ်းဆီးစစ်ဆေးနေ
ထိုင်းနိုင်ငံတောင်ပိုင်း၊ ဖင ခရိုင်အတွင်း နေထိုင်သည့် အသက် ၉ နှစ်အရွယ် တတိယတန်းကျောင်းသူ မြန်မာရွှေ့ပြောင်းကလေးငယ် ၁ ဦးကို အဓမ္မပြုကျင့်ခဲ့သည့် တရားခံအား ထိုင်းရဲတပ်ဖွဲ့မှ ဖမ်းဆီး စစ်ဆေးလျှက်ရှိကြောင်း သိရသည်။
ကျူးလွန်သူသည် မြန်မာနိုင်ငံသား ရွှေ့ပြောင်းလုပ်သား ၁ ဦးဖြစ်ပြီး အသက် ၃၃ နှစ်ခန့်ရှိသူ ဖြစ်ပြီး သိရသည်နှင့် တပြိုင်နက် ထိုင်းရဲတပ်ဖွဲ့က ဖမ်းဆီးလိုက်ခြင်း ဖြစ်ကြောင်း သိရသည်။
ထိုင်းနိုင်ငံရှိ မြန်မာရွေ့ပြောင်း အလုပ်သမားအရေး လိုက်ပါ ဆောင်ရွက်ပေးနေသော ပညာရေးနှင့် ဖွံ့ဖြိုး တိုးတက်ရေး ဖောင်ဒေးရှင်း (FED) ၏ အမှုဆောင်ဒါရိုက်တာ ဦးထူးချစ်က“တရားခံကို ထိုင်းရဲက ဖမ်းလည်း ဖမ်းထားပြီးပြီ။ တရားစွဲဖို့လည်း လုပ်ထားတယ်။ ကလေးကတော့ အခုဆေးရုံမှာပါ”ဟု ဧရာဝတီသို့ ပြောသည်။
ထို့ကဲ့သို့သော မြန်မာရွှေ့ပြောင်းအလုပ်သမားများ၏ ကလေးများကို အဓမ္မပြုကျင့်သည့် ကိစ္စရပ်များ ဖြစ်လာ ပါက မည်သည့်အဖွဲ့အစည်းနှင့် လုပ်ကိုင်ပါစေ၊ သက်ဆိုင်ရာ နိုင်ငံအစိုးရတရပ်အနေဖြင့် စနစ်တကျပူးပေါင်း ဆောင်ရွက်ပေးရန်လည်း ဦးထူးချစ်က တိုက်တွန်းသည်။
“တချို့အမှုတွေက မပေါ်တာရှိတယ်။ ဒီဘက်မှာက မြန်မာရွှေ့ပြောင်းမိန်းကလေးတွေ အုပ်စုဖွဲ့ မုဒိမ်း ကျင့်ခံရတဲ့ အထိ ဖြစ်ဖူးတယ်။ အဓိကကတော့ အဲဒီလို ဖြစ်လာရင် ကျနော့်အနေနဲ့ ထိုင်းဘက်မှာက အစိုးရ မဟုတ်တဲ့ အဖွဲ့အစည်းတွေနဲ့ လုပ်တဲ့အခါ လုပ်ရကိုင်ရ ခက်ခဲပါတယ်”ဟု ၎င်းက ပြောပြသည်။
ကလေးငယ်၏ မိဘများက ဘန်ကောက်တွင် သွားရောက် အလုပ်လုပ်နေသည့်အတွက် ထိုကလေးငယ်သည် ထိုင်းနိုင်ငံတောင်ပိုင်း၊ ဖန်ငခရိုင်တွင် အဘွားဖြစ်သူနှင့်နေထိုင်ပြီး ထိုခရိုင်ရှိ ရွှေ့ပြောင်းမြန်မာကလေးများ အလယ်တန်းကျောင်း (ULC) တွင် တတိယတန်း တက်ရောက်နေသူဖြစ်သည်။
ပြီးခဲ့သည့် နိုဝင်ဘာ ၂၈ ရက်နေ့တွင် ကျောင်းလာတက်သည့် အဆိုပါ ကလေး၏ ခန္ဓာကိုယ်တွင် သွေးထွက် နေကို ဆရာမက မြင်ခဲ့ရာမှ မေးမြန်းသည့် အခါ ကလေးငယ်က ကြောက်ရွံ့နေပြီး ဖြေကြားခြင်းမရှိကြောင်း၊ ထို့နောက် ကလေးငယ်၏အဘွားကို သွားရောက် မေးမြန်းရာမှ ဖြစ်စဉ်မှန်ကို သိခဲ့ရကြောင်း သိရသည်။
(FED)မှ အလုပ်သမားရေးနှင့် မှတ်တမ်းတာဝန်ခံ ဦးမင်းဦးက “ကျူးလွန်ခံထားရတာ လပိုင်းလောက်တော့ ရှိပြီ။ အကြိမ် အရေအတွက်ကတော့ မပြောနိုင်သေးဘူး။ အနည်းဆုံးတော့ ၃ ကြိမ်လောက်ရှိတယ်လို့ ခန့်မှန်း ထားတယ်။ ကလေးကို သတ်ပစ်မယ်လို့ ခြိမ်းခြောက်ထားတော့ မပြောရဲဘူး”ဟု ပြောသည်။
လက်ရှိတွင် အဓမ္မပြုကျင့်ခံရသည့် ကလေးငယ်သည် ဆီးလမ်းကြောင်း ပျက်စီးသွားကာ ပိုးဝင်နေပြီး သားအိမ်တွင်လည်း အနာ ဖြစ်နေသည့်အတွက် ဆေးရုံတွင် ကုသမှု ခံယူနေရသည်ဟု သိရသည်။
ထိုင်းနိုင်ငံရှိ မြန်မာရွေ့ပြောင်းအလုပ်သမား အကြားတွင် အလားတူ သက်ငယ်မုဒိမ်းမှု အပါအဝင် မုဒိမ်းမှုများ မကြာခဏ ဖြစ်ပွားလေ့ရှိသော်လည်း ထိုင်းဥပဒေအရ အရေးယူမှုကို ကြောက်ကြသဖြင့် တချို့တရားခံများက ထွက်ပြေးခြင်း၊ တချို့အမှုတွင် သက်သေထွက်ပြေးခြင်းနှင့် တိုင်ကြားရန် ကြောက်ရွံ့ခြင်းများကြောင့် အမှု အခင်းများက ထွက်မလာကြောင်း ဦးမင်းဦးက ရှင်းပြသည်။
ထိုင်းဥပဒေအရ သက်ငယ်မုဒိမ်း ကျူးလွန်သူများကို အာမခံပေးလေ့ မရှိဘဲ ပြစ်ဒဏ်ပေးရာတွင် နိုင်ငံသားနှင့် နိုင်ငံခြားသား ခွဲခြားခြင်း မရှိကြောင်း၊ ကျူးလွန်သူကို ထောင်ဒဏ် ၁၀ နှစ်မှ ၃၀ နှစ်အထိ ချမှတ်ပြီး ကလေးကို သတ်ပစ်ပါက ထောင်ဒဏ် တသက်တကျွန်း ချမှတ်ကြောင်း သိရသည်။
၂၀၁၆ ခုနှစ်က FED မှ လိုက်ပါဆောင်ရွက်ပေးခဲ့သည့် သက်ငယ်မုဒိမ်းမှုတွင် ကျူးလွန်သူ မြန်မာနိုင်ငံသားကို ထောင်ဒဏ် ၁၀ နှစ် ချမှတ်ခဲ့သည်။
You may also like these stories:",,,,,,
<urn:uuid:8f1d7057-722b-406c-9a3b-3b52e050a48d>,"၂၆ စက်တင်ဘာ ၂၀၂၃ အင်္ဂါ
-
-
-
၁၃ ဇွန်၊ ၂၀၂၃
အွန်လိုင်း ကာတွန်းဇာတ်လမ်းတွဲတွေ ရေးနေတဲ့ မဟယ်လာရီဆန်း
-
-
-
၂၄ မတ်၊ ၂၀၂၃
အာဏာရှင်ဆန့်ကျင်ရေး ရှေ့တန်းက အမျိုးသမီးထု စွမ်းအား
-
၂၂ အောက်တိုဘာ၊ ၂၀၂၁
ဖမ်းဆီးခံ သားတွေအတွက် စိုးရိမ်ပူပင်နေရတဲ့ မိခင်များ
-
၀၁ အောက်တိုဘာ၊ ၂၀၂၁
၂၀၂၁ ခုနှစ် အေသင်မြို့တော် ဒီမိုကရေစီဆုရှင် မဝေေ၀နု
-
၂၂ စက်တင်ဘာ၊ ၂၀၂၁
ထိုင်းရောက် မြန်မာအလုပ်သမားတွေရဲ့ ကိုဗစ်ကာလအကျပ်အတည်း
-
၁၇ စက်တင်ဘာ၊ ၂၀၂၁
ကမ္ဘာ့ သြဇာသက်ရောက်မှု အရှိဆုံးပုဂ္ဂိုလ် ၁၀၀ စာရင်းဝင် မအက်စတာဇေနော
-
၀၈ စက်တင်ဘာ၊ ၂၀၂၁
နှစ် ၂၀ အာဖဂန်စစ်ပွဲနဲ့ အာဖဂန်အမျိုးသမီးတွေရဲ့ အနာဂတ်
-
၀၃ စက်တင်ဘာ၊ ၂၀၂၁
ကိုဗစ်ကပ်ဘေးကြားက ထိုင်းရောက် မြန်မာရွှေ့ပြောင်း အမျိုးသမီးအလုပ်သမားများ",,,,,,
<urn:uuid:67d180fb-805a-48dc-8d54-a45c710d5da3>,"ရေဆင်နှာမောင်း
ရေဆင်နှာမောင်း[ပြင်ဆင်ရန်]
ပင်လယ်ရေပြင်ပေါ်၌ ဖြစ်စေ၊ အင်းအိုင်ရေပြင်ပေါ်၌ ဖြစ်စေ လေဆင်နှာမောင်း ဖြစ်ပေါ်သည့်အခါ ရေပြင်ပေါ်မှ တိမ်တိုက်ထိအောင် အထက်သို့ ထိုးတက်နေသော နှာမောင်း သဏ္ဌာန် ရေလုံးကို ရေဆင်နှာမောင်းဟု ခေါ်သည်။ ရေဆင် နှာမောင်းသည် အထက်သို့ ပြင်းထန်စွာတက်သော လေစီး ကြောင်းကြောင့် ဖြစ်လေသည်။ လျင်မြန်စွာ လေပွေမွှေ့၍ တက်ရာ၌ ရေဆင်နှာမောင်းအတွင်းတွင် လေဖိအားနည်းရာ အရပ် ဖြစ်ပေါ်လာသည်။ ရေဆင်နှာမောင်းထဲရှိ ရေသည် ရေငန်မဟုတ်၊ ရေချိုဖြစ်သည့်အချက်ကို ထောက်၍ နှာမောင်း သဏ္ဌာန် ရေလုံးသည် လေထဲရှိ အငွေ့ရည်ဖွဲ့ခြင်း ဖြစ်ကြောင်း သိရသည်။
ရေပြင်ပေါ်၌ သွားလာကြသောလှေ၊ သင်္ဘောတို့သည် လေပွေမွှေ့သောအရှိန်ကြောင့် တိမ်းမှောက်နစ်မြုပ်နိုင်၏။ ရေ ဆင်နှာမောင်းသည် အပူပိုင်းဒေသ ရေပြင်တွင် ဖြစ်ပေါ်လေ့ ရှိသည်။ တစ်ခါတစ်ရံ ရေဆင်နှာမောင်းသည် အမြင့်ပေ ၁၅ဝဝ အထိ တက်၍ ၁ဝ မိနစ်မှ မိနစ် ၃ဝ အထိ အချိန် ကြာမြင့်လေသည်။[၁]
ကိုးကား[ပြင်ဆင်ရန်]
- မြန်မာ့စွယ်စုံကျမ်း၊ အတွဲ(၁၁)",,,,,,
<urn:uuid:7dd72a5b-6980-45b8-a934-6337f70f046f>,"ဘုရားသခင်၏ နေ့စဉ် နှုတ်ကပတ်တော်များ | “ဘုရားသခင်၏ အလုပ်နှင့် လူသား၏အလုပ်” | ကောက်နုတ်ချက် ၁၇၃
သန့်ရှင်းသောဝိညာဉ်တော်၏ အလုပ်သည် လူအမျိုးအစား များစွာနှင့် မတူညီသော အခြေအနေများစွာမှတစ်ဆင့် ပြီးမြောက်ကာ ပြည့်စုံလေသည်။ လူ့ဇာတိခံ ဘုရားသခင်၏ အမှုသည် ခေတ်တစ်ခုလုံး၏ အမှုကို ကိုယ်စားပြုနိုင်ပြီး ခေတ်တစ်ခုလုံးထဲက လူတို့၏ဝင်ရောက်မှုကို ကိုယ်စားပြုနိုင်သော်လည်း၊ လူတို့၏ ဝင်ရောက်မှု အသေးစိတ်နှင့် ပတ်သက်သော အမှုကို လူ့ဇာတိခံ ဘုရားသခင်အားဖြင့် မဟုတ်ဘဲ၊ သန့်ရှင်းသော ဝိညာဉ်တော်၏ အသုံးပြုခြင်းခံရသော လူတို့အားဖြင့် လုပ်ဆောင်ဖို့ လိုအပ်ဆဲ ဖြစ်သည်။ ထို့ကြောင့်၊ ဘုရားသခင်၏အမှု သို့မဟုတ် ဘုရားသခင်ကိုယ်တိုင်၏ သာသနာသည် လူက ဘုရားသခင်ကိုယ်စား မလုပ်ဆောင်နိုင်သည့် ဘုရားသခင်၏ လူ့ဇာတိခံ ခန္ဓာ၏ အမှု ဖြစ်သည်။ သန့်ရှင်းသော ဝိညာဉ်တော်၏ အလုပ်သည် မတူညီသည့် လူအမျိုးအစားများစွာမှတစ်ဆင့် ပြည့်စုံလေသည်။ ယင်းကို မည်သည့် လူတစ်ဦးတစ်ယောက်တည်းကမျှ လုံးဝ မရရှိနိုင်သကဲ့သို့၊ လူတစ်ဦး တစ်ယောက်တည်းကလည်း လုံးလုံးလျားလျား မဖော်ပြနိုင်ပေ။ အသင်းတော်ကို ဦးဆောင်သော သူများသည်လည်း သန့်ရှင်းသော ဝိညာဉ်တော်၏ အလုပ်ကို လုံးလုံးလျားလျား ကိုယ်စားမပြုနိုင်ပေ။ ၎င်းတို့သည် ဦးဆောင်သည့် အလုပ်အချို့ကိုသာ လုပ်ဆောင်နိုင်သည်။ ဤအကြောင်းကြောင့်၊ သန့်ရှင်းသောဝိညာဉ်တော်၏ အလုပ်ကို သုံးပိုင်းခွဲခြားနိုင်၏- ဘုရားသခင် ကိုယ်တိုင်၏အလုပ်၊ အသုံးပြုခြင်းခံရသော လူတို့၏အလုပ်နှင့် သန့်ရှင်းသော ဝိညာဉ်တော်၏ ရေစီးကြောင်းအတွင်း၌ ရှိသော သူအားလုံးနှင့် ပတ်သက်သည့် အလုပ်ဟူ၍ ဖြစ်သည်။ ဘုရားသခင်ကိုယ်တိုင်၏ အလုပ်သည် ခေတ်တစ်ခုလုံးကို ဦးဆောင်ရန်ဖြစ်သည်။ အသုံးပြုခြင်းခံရသော သူတို့၏ အလုပ်သည်၊ စေလွှတ် ခံရခြင်းဖြင့် သို့မဟုတ် ဘုရားသခင်က သူကိုယ်တိုင်၏ အလုပ် လုပ်ဆောင်ပြီးနောက် ပေးသည့် စေခိုင်းချက်တာဝန်များကို ရရှိခြင်းဖြင့်၊ ဘုရားသခင်၏ နောက်လိုက် အားလုံးကို ဦးဆောင်ရန်ဖြစ်ပြီး၊ ဤသူတို့သည် ဘုရားသခင်၏အမှုနှင့် ပူးပေါင်းဆောင်ရွက်ကြသူများ ဖြစ်သည်။ ရေစီးကြောင်းထဲတွင် ရှိသော သူတို့အပေါ် သန့်ရှင်းသော ဝိညာဉ်တော်အားဖြင့် လုပ်ဆောင်သော အလုပ်သည် သူကိုယ်တိုင်၏ အလုပ်အားလုံးကို ထိန်းသိမ်းရန် ဖြစ်ပြီး၊ ယင်းမှာ သူ၏ စီမံခန့်ခွဲမှု တစ်ခုလုံးနှင့် သက်သေခံချက်ကို ထိန်းသိမ်းရန် ဖြစ်သော်လည်း၊ တစ်ချိန်တည်းတွင် စုံလင်စေခြင်းခံရနိုင်သူများကို စုံလင်စေခြင်း ဖြစ်ပေသည်။ ဤသုံးပိုင်းသည် အတူတကွ၊ သန့်ရှင်းသောဝိညာဉ်တော်၏ အလုပ် အစုံအလင်ဖြစ်သော်လည်း၊ ဘုရားသခင် ကိုယ်တိုင်၏ အမှုမရှိဘဲနှင့်၊ စီမံခန့်ခွဲမှု အလုပ်သည် အလုံးစုံ တန့်သွားပေမည်။ ဘုရားသခင် ကိုယ်တိုင်၏ အမှုတွင် လူသားမျိုးနွယ် အားလုံး၏အလုပ် ပါဝင်ပြီး ယင်းသည် ခေတ်တစ်ခုလုံး၏ အလုပ်ကိုလည်း ကိုယ်စားပြု၏၊ ဆိုလိုသည်မှာ ဘုရားသခင်ကိုယ်တိုင်၏ အလုပ်သည် သန့်ရှင်းသော ဝိညာဉ်တော် အလုပ်၏ အင်အားနှင့် လားရာတိုင်းကို ကိုယ်စားပြုပြီး၊ တမန်တော်များ၏ အလုပ်မှာမူ ဘုရားသခင်ကိုယ်တိုင်၏ အလုပ်နောက်တွင် ဖြစ်လာပြီး ယင်းမှ လိုက်လုပ်ခြင်းဖြစ်ကာ ခေတ်ကို မဦးဆောင်သကဲ့သို့၊ ခေတ်တစ်ခေတ်လုံးထဲက သန့်ရှင်းသော ဝိညာဉ်တော်၏ လုပ်ဆောင်ချက် လားရာကိုလည်း ကိုယ်စားမပြုပေ။ ၎င်းတို့သည် စီမံခန့်ခွဲမှုအလုပ်နှင့် လုံးဝ သက်ဆိုင်ခြင်းမရှိသည့် လူလုပ်ဆောင်သင့်သည့် အလုပ်ကို လုပ်ကြခြင်းသာ ဖြစ်သည်။ ဘုရားသခင် ကိုယ်တိုင် လုပ်ဆောင်သည့် အမှုသည် စီမံခန့်ခွဲမှုအလုပ်အတွင်းရှိ စီမံကိန်းတစ်ခု ဖြစ်သည်။ လူသား၏ အလုပ်မှာ အသုံးပြုခြင်းခံရသော လူတို့ ဖြည့်ဆည်းသည့် တာဝန်သာဖြစ်ပြီး စီမံခန့်ခွဲမှုအလုပ်နှင့် ဆက်နွှယ်မှု မရှိပေ။ ၎င်းတို့နှစ်ခုလုံးသည် သန့်ရှင်းသောဝိညာဉ်တော်၏ အလုပ်ဖြစ်သော်လည်း၊ အလုပ်၏ ပင်ကိုလက္ခဏာများနှင့် ကိုယ်စားပြုမှုများထဲက ကွဲပြားမှုများကြောင့်၊ ဘုရားသခင် ကိုယ်တိုင်၏ အလုပ်နှင့် လူသား၏ အလုပ်ကြားတွင် ရှင်းလင်းပြီး ပဓာနကျသော ကွဲပြားမှုများရှိလေသည်။ ထို့အပြင် မတူညီသော ပင်ကိုလက္ခဏာများရှိသည့် အပြုခံအရာများအပေါ် သန့်ရှင်းသော ဝိညာဉ်တော် အလုပ်၏ အတိုင်းအတာ ကွဲပြားလေသည်။ ဤအရာများသည် သန့်ရှင်းသော ဝိညာဉ်တော် အလုပ်၏ အခြေခံသဘောတရားများနှင့် နယ်ပယ် ဖြစ်သည်။
နှုတ်ကပတ်တော်သည် လူ့ဇာတိ၌ ပေါ်လာ၏ မှ",,,,,,
<urn:uuid:cb541edc-34cb-4eec-b7d3-5654d299892d>,"ပြင်သစ် အင်အားကြီးအသင်း ဖြစ်တဲ့ ပီအက်စ်ဂျီအသင်းရဲ့ အမာခံ ပရိသတ်တွေဟာ အသင်းကို ပြောင်းရွှေ့လာမယ်လို့ ရေပန်းစားနေတဲ့ မန်ချက်စတာ ယူနိုက်တက်အသင်းရဲ့ ကွင်းလယ်လူ ပေါ့ဘာကို အသင်းထံ ရောက်မလာဖို့ စုပေါင်း ဆန္ဒပြခဲ့ကြတယ်လို့ သိရပါတယ်။
အသက် ၂၈နှစ် အရွယ် ပြင်သစ် လက်ရွေးစင် ကွင်းလယ်လူ ပေါလ်ပေါ့ဘာဟာ မန်ချက်စတာ ယူနိုက်တက် အသင်းနဲ့ စာချုပ်သက်တမ်း ၁နှစ်သာ ကျန်တော့တဲ့ ကစားသမား တဦး ဖြစ်ပြီး မန်ချက်စတာ ယူနိုက်တက် အသင်းက သူ့ကို စာချုပ်သစ် ချုပ်ဆိုဖို့ ကြိုးစားနေပေမယ့် သူကတော့ အသင်းကနေ ထွက်ခွာချင်နေပါတယ်။
Photo Credit: Standard
လတ်တလော ထွက်ပေါ်နေတဲ့ သတင်းတွေအရ ပေါ့ဘာဟာ မန်ချက်စတာ ယူနိုက်တက်အသင်းရဲ့ ဘုတ်အဖွဲ့တွေကို အသင်းကနေ ထွက်ခွာချင်တဲ့ အကြောင်း တရားဝင် ပြောကြားထားသလို ပီအက်စ်ဂျီ အသင်းကလဲ သူ့ကို ခေါ်ယူဖို့ စိတ်ဝင်စားနေကြောင်း သိရပါတယ်။
ယမန်နေ့မှာတော့ ပီအက်စ်ဂျီအသင်းရဲ့ အမာခံ ပရိသတ်တချို့ဟာ အသင်းရဲ့ အိမ်ကွင်းဖြစ်တဲ့ Parc Des Princesကွင်းရှေ့မှာ ပေါ့ဘာကို အလိုမရှိကြောင်း စာတမ်းကြီး ချိတ်ဆွဲကာ ဆန္ဒပြခဲ့ကြပြီး အဆိုပါ စာတမ်းထဲမှာတော့ ပေါ့ဘာကို အသင်းထံ ပြောင်းမလာဖို့ တိုက်တွန်းတဲ့ စာသားတွေ ပါဝင်ပါတယ်။
Photo Credit: Standard
စာတမ်းထဲမှာ ရေးသားထားတာကတော့ – “ပေါ့ဘာရေ မင်းအမေရဲ့ စကားကို နားထောင်ပါ။ သူမက မင်းကို ဒီအသင်းဆီ မပြောင်းရွှေ့စေချင်ဘူး။ ငါတို့ကလည်း မင်းကို အလိုမရှိဘူးကွ” ဆိုတဲ့ စာသားပဲ ဖြစ်ပါတယ်။ ပေါ့ဘာရဲ့ မိသားစုဝင်တွေဟာ မာဆေးလ်အသင်းရဲ့ အမာခံ ပရိသတ်တွေ ဖြစ်သလို ပေါ့ဘာရဲ့ မိခင်ဖြစ်သူကလဲ တချိန်တုန်းက ပေါ့ဘာဟာ ပီအက်စ်ဂျီအသင်းမှာ ဘယ်တော့မှ ကစားမှာ မဟုတ်ဘူးလို့ ပြောကြားဖူးတာကြောင့် ပီအက်စ်ဂျီအသင်းရဲ့ ပရိသတ်တွေဟာ ပေါ့ဘာကို ဆန္ဒပြနေကြတာပဲ ဖြစ်ပါတယ်။",,,,,,
<urn:uuid:7f6513c5-d967-4e43-8a10-0eb18ea8c986>,"တိုင်းဗားမြစ်
တိုင်းဗားမြစ်သည် အီတလီနိုင်ငံအလယ်ပိုင်းတွင် အရေးပါ အရာရောက်သော မြစ်ကြီးဖြစ်သည်။ တပ်စကန္နီပြည်နယ်ဘက်ရှိ အက်ပနိုင်းတောင်တွင် မြစ်ဖျားခံ၍ မြေထဲပင်လယ်ထဲသို့ စီးဆင်း သည်။ ၂၄၅ မိုင်ခန့်ရှည်လျား၏။ အထက်ပိုင်းတွင် ရေစီးသန် ၍၊ မြစ်ဝမှ မိုင် ၁၀၀ ခန့်အထိသာ သင်္ဘောများ ကူးသန်းသွား လာနိုင်သည်။ ထိုမြစ်ကြောင်းတစ်လျှောက်တွင် မြို့ကြီးအများ ရှိရာ ရောမမြို့ကြီးသည် ထိုမြစ်ဝမှ ၂၁ မိုင်ခန့်အကွာတွင် တည်ရှိသည်။
ရှေးရောမနိုင်ငံသမိုင်းတွင် ထိုမြစ်ကြီးမှာ အလွန်ထင်ရှား၏။ ရှေးရောမလူမျိုးတို့သည် တိုင်းဗားမြစ်ကြီးကို မှီခိုအားထားကြရသဖြင့် ‘အဖ တိုင်းဗားမြစ်ကြီး’ဟုခေါ်ဆိုကြလေသည်။ ရှေး ရောမနိုင်ငံကို ရောမမြို့ကြီးမှာ မြို့တော်ဖြစ်၍ ထိုမြို့တော်ကို ရန်သူတို့ လွယ်ကူစွာဝင်ရောက် တိုက်ခိုက်ခြင်း မပြုနိုင် အောင် တိုင်းဗားမြစ်ကကာဆီးပေးထားလေသည်။ ထိုအကြောင်း နှင့်ဆက်သွယ်၍ ရောမအာဇာနည်တစ်ဦး ပေါ်ထွက်ခဲ့ဘူး၏။
ရောမနိုင်ငံတည်စခေတ်တွင် အီထရပ်စကန်လူမျိုးများကို လားပေါ်စီနားအမည်ရှိ သူတစ်ဦးက ခေါင်းဆောင်၍ ရောမနယ်များကို သိမ်းပိုက်ရန် စစ်ချီလေ၏။ ထိုအခါ ရောမလူမျိုး တို့သည် ရန်သူတို့ကို အစွမ်းကုန် ခုခံကြ၇လေသည်။ သို့သော် ရန်သူအင်အားသည် တဖြည်းဖြည်း ကြီးမားလာလေရာ ရောမ မြို့၏တစ်ဘက်ကမ်း တိုင်းဗားမြစ်ကိုဖြတ်ကူးထားသော တံတား ကို ရန်သူတို့ စီးမိလေသည်။
ထိုအချိန်တွင် ဟိုရေးရှပ်အမည်ရှိသော ရောမလူငယ်တစ်ဦး သည် ရန်သူကို ဆီးကြိုတိုက်ခိုက်ရမည့် တာဝန်ကို ယူလေ သည်။ ထိုနောက် သူနှင့်အလားတူ သတ္တိရှိသော ရဲဘက်နှစ် ဦးနှင့်တကွ တံတားကို ဖြတ်ကျော်လာသော ရန်သူများကို တံတားပေါ်မှ ဆီးကြိုတိုက်ခိုက်ရာ ရန်သူများသည် တံတားကို ကျော်မတက်နိုင်ဘဲ အတုံးအရုံး ကျဆုံးလေ၏။ ထိုအတွင်း နောက်ပိုင်းမှ တံတားကို ဖျက်ချနေကြရာ တံတားကြီးမှာ ပြိုကျ လု နီးပါးရှိ၏။ ဟိုရေးရှပ်ကား ဒဏ်ရာ၇ရှိနေသော်လည်း ရန်သူကို သဲသဲမဲမဲ တိုက်ခိုက်လေ၏။ ထိုအခါ ရောမစစ်သည် တို့က ဟိုရေးရှပ်တို့အား ပြန်ဆုတ်လာရန် အော်ပြောကြသော် လည်း၊ ဟိုရေးရှပသည် တံတားကြီး မြစ်ထဲသို့ ကျိုးကျသွား သည်အထိ တစ်ဘက်ကမ်းတွင် ကျန်ခဲ့လေ၏။
ထိုအခါမှ ဟိုရေးရှပ်သည် တိုင်းဗားမြစ်ကြီးအား တိုင် တည်၍ မြစ်ထဲသို့ ခုန်ချလိုက်လေသည်။ ထိုနောက် ဟိုရေး ရှပ်သည် အရှိန်ပြင်းလှသော ရေစီးထဲမှမြစ်ကမ်းသို့ တက်လာ နိုင်လေရာ ရောမတို့က သောင်းသောင်းဖြဖြ ဆီးကြိုကြလေသည်။
ဤသို့အားဖြင့် ရောမ၏ ရန်သူများသည် ဆုတ်ခွါသွားကြရ သဖြင့် ရောမမြို့တော်ကြီးမှာ ရန်သူတို့ဘေးမှ ကင်းဝေးသွားလေ ၏။ ရောမအုပ်ချုပ်ရေးအဖွဲ့က ဟိုးရေးရှပ်အား ချီးမြှင့်မြှောက် စား၍ ရောမမြို့ကို ကယ်တင်သူအဖြစ် ကျောက်ရုပ်ပင် ထုလုပ် ထားကြလေသည်။ နောင်တွင်လည်း ဟိုးရေးရှပ်၏ စွန့်စားပုံမှာ လူကြိုက်များသော ပုံပြင်တစ်ခု ဖြစ်လာလေသည်။
ကိုးကား[ပြင်ဆင်ရန်]
မြန်မာ့စွယ်စုံကျမ်း အတွဲ ၅။",,,,,,
<urn:uuid:d64a9dc8-1bbc-416b-a74b-d838842a8c66>,"ချုံချင့်၊ စက်တင်ဘာ ၁၈ ရက် (ဆင်ဟွာ)
တရုတ်နိုင်ငံ အနောက်တောင်ပိုင်း ချုံချင့်မြူနီစီပယ်တွင် ၂၀၂၀ ပြည့်နှစ် တရုတ်နိုင်ငံ အွန်လိုင်း စမတ်ကုန်စည်ပြပွဲ (2020 Smart China Expo Online) ကို စက်တင်ဘာ ၁၅ ရက်မှ ၁၇ ရက်အထိ ကျင်းပခဲ့ပြီး ပထမဆုံးအကြိမ် တရုတ်နိုင်ငံနှင့် စင်ကာပူနိုင်ငံတို့ ပူးတွဲကျင်းပသည့်ပြပွဲလည်း ဖြစ်သည်။
၂၀၁၈ ခုနှစ်ကစ၍ နှစ်ကြိမ်တိုင်ကျင်းပပြီးခဲ့သော အဆိုပါ ပြပွဲသည် စမတ် စက်မှုလုပ်ငန်းတွင် ကမ္ဘာလုံးဆိုင်ရာ စမတ်နည်းပညာဖလှယ်မှုများနှင့် နိုင်ငံတကာ ပူးပေါင်းဆောင်ရွက်မှုကို မြှင့်တင်ရန် ပလက်ဖောင်းတစ်ခုအဖြစ် ဖြည့်ဆည်းပေးလျက်ရှိသည်။
စင်ကာပူ ကုမ္ပဏီ ၃၀ ကျော်တို့ကလည်း စင်ကာပူနိုင်ငံမှနေ၍ အဆိုပါပြပွဲသို့ အွန်လိုင်းမှတစ်ဆင့် ပါဝင်ပြသခဲ့ပြီး ဉာဏ်ရည်မြင့် ထုတ်ကုန်များနှင့် နည်းပညာဆိုင်ရာ ဖြေရှင်းမှုများကို ခင်းကျင်းပြသခဲ့သည်။
တရုတ်နိုင်ငံသည် ကြီးမားသော ဈေးကွက်ကြီးတစ်ခုဖြစ်ပြီး ၎င်း၏ ဉာဏ်ရည်မြင့် အသွင်ကူးပြောင်းမှုက တရုတ်နိုင်ငံနှင့် စင်ကာပူနိုင်ငံအကြား ပူးပေါင်းဆောင်ရွက်မှုအသစ်ကို ဖွင့်လှစ်ပေးလျက်ရှိကြောင်း၊ စင်ကာပူကုမ္ပဏီများအနေဖြင့် ကုန်စည်ပြပွဲမှတစ်ဆင့် တရုတ်နိုင်ငံ၏ ဉာဏ်ရည်မြင့် နည်းပညာအခွင့်အလမ်းများတွင် မျှဝေရန် မိတ်ဖက်များ ပိုမိုရှာဖွေနိုင်ရန် မျှော်လင့်ထားကြောင်း Skylab Services Pte. Ltd၏ မန်နေဂျင်းဒါရိုက်တာ Stephen Ho က အွန်လိုင်းတွေ့ဆုံမေးမြန်းမှု၌ ပြောခဲ့သည်။
“COVID-19 က နေ့စဉ်ဆက်သွယ်မှုမှာ ဒီဂျစ်တယ်ဗဟိုပြုဖြစ်လာစေပါတယ်။ တရုတ်နိုင်ငံနဲ့အခြားသော နိုင်ငံတွေလိုပဲ စင်ကာပူနိုင်ငံကလည်း အခက်အခဲကို အခွင့်အလမ်းအဖြစ် ပြောင်းလဲဖို့ စိတ်ဝင်စားလာပါတယ်။ ကျွန်မတို့တွေ အခက်အခဲကို အခွင့်အလမ်းအဖြစ် ပြောင်းလဲကြပါစို့။ ဒါဟာ ကျွန်မတို့ရဲ့ စီးပွားရေးကဏ္ဍတိုင်းမှာ တန်ဖိုးသစ်နဲ့ စီးပွားရေးပုံစံတွေ လမ်းဖွင့်ဖို့ ဒီဂျစ်တယ်နည်းပညာတွေကို အသုံးပြုရေး ရှာဖွေတာဖြစ်ပါတယ်” ဟု စင်ကာပူနိုင်ငံ လူ့စွမ်းအားဝန်ကြီးဌာန ဝန်ကြီး Josephine Teo ပြောခဲ့သည်။
ယခင်ကပြုလုပ်ခဲ့သော ပြပွဲနှစ်ခုတွင် စင်ကာပူနိုင်ငံက ဂုဏ်ထူးဆောင် ဧည့်သည်နိုင်ငံအဖြစ် ပါဝင်ခဲ့ခြင်း ဖြစ်သည်။ ယခုနှစ်ပြပွဲတွင်မူ စင်ကာပူနိုင်ငံက ပြပွဲဖြစ်မြောက်ရေးစီစဉ်သူအဖြစ် တက်ကြွသော အခန်းကဏ္ဍမှ ပါဝင်ခဲ့ပြီး တရုတ်-စင်ကာပူ ပူးပေါင်းဆောင်ရွက်မှုကို ဆက်လက် နက်ရှိုင်းစေခဲ့သည်။
ယခုနှစ်သည် တရုတ်-စင်ကာပူ (ချုံချင့်) မဟာဗျူဟာမြောက် ကွန်ရက်ချိတ်ဆက်မှု သရုပ်ပြ အဆိုပြုချက်၏ ငါးနှစ်မြောက်အခါသမယလည်း ဖြစ်သည်။ ၎င်းအဆိုပြုချက်သည် ငွေကြေး၊ လေကြောင်း၊ ထောက်ပံ့သယ်ပို့နှင့် သယ်ယူပို့ဆောင်ရေး၊ သတင်းအချက်အလက်နှင့် ဆက်သွယ်ရေးနည်းပညာ စသည့်ကဏ္ဍများကို လွှမ်းခြုံထားသည့် အစိုးရချင်းချိတ်ဆက် ပူးပေါင်းဆောင်ရွက်မှုတစ်ခု ဖြစ်သည်။
ယင်း အဆိုပြုချက် မူဘောင်အောက်တွင် တရုတ်နိုင်ငံနှင့် စင်ကာပူနိုင်ငံတို့သည် ခန့်မှန်းခြေ စုစုပေါင်းတန်ဖိုး အမေရိကန်ဒေါ်လာ ၃၂ ဘီလီယံရှိသော အမျိုးမျိုးသောပလက်ဖောင်း ပူးပေါင်းဆောင်ရွက်မှုဆိုင်ရာ သဘောတူစာချုပ် ၆၈ ခုနှင့် ပူးပေါင်းဆောင်ရွက်မှုစီမံကိန်း ၂၂၈ ခုကို လက်မှတ်ရေးထိုးခဲ့ကြောင်း သိရသည်။
စင်ကာပူနိုင်ငံအနေဖြင့် တရုတ်နိုင်ငံနှင့် ပြပွဲကို ပူးတွဲကျင်းပခြင်းဖြင့် နှစ်နိုင်ငံ ကုမ္ပဏီများကို အရှေ့တောင်အာရှနှင့် တရုတ်နိုင်ငံဈေးကွက်များ၌ စီးပွားရေးအခွင့်အလမ်း ရှာဖွေနိုင်စေကာ တီထွင်ဆန်းသစ်မှုဂေဟစနစ် တည်ဆောက်ခြင်းနှင့် ပူးပေါင်းဆောင်ရွက်မှု ခိုင်မာရန် မျှော်လင့်ထားကြောင်း စင်ကာပူနိုင်ငံ ကုန်သွယ်ရေးနှင့် စက်မှုလုပ်ငန်းဝန်ကြီးဌာန ကိုယ်စားလှယ်များက ဗီဒီယိုကွန်ရက်အစည်းအဝေးတစ်ခု၌ ပြောကြားခဲ့သည်။ (Xinhua)",,,,,,
<urn:uuid:22a56ed2-37e1-44a1-870e-ab44d7309c3f>,"၂၀၁၈ ဖီဖာကလပ်ကမ္ဘာ့ဖလားပြိုင်ပွဲ ဗိုလ်လုပွဲမှာတော့ ရီးယဲလ်မက်ဒရစ်အသင်းဟာ အိမ်ရှင် ယူအေအီးကလပ် အယ်လ်အိန်းအသင်းကို ၄-၁ ဂိုးနဲ့ အနိုင်ယူပြီး ချန်ပီယံဆုကို ၄ ကြိမ်မြောက် ဆွတ်ခူးခဲ့ပါတယ်။ (ဓာတ်ပုံ - အီးပီအေ) ဒါ့အပြင် ရီးယဲလ်အသင်းဟာ ပြိုင်ပွဲသမိုင်းတစ်လျှောက် ပထမဆုံးအကြိမ် ကလပ်ကမ္ဘာ့ဖလားချန်ပီယံဆုကို ၃ ကြိမ်ဆက်အဖြစ် မှတ်တမ်းဝင် ဆွတ်ခူးရယူနိုင်ခဲ့သလို စုစုပေါင်း ချန်ပီယံဆု ၄ ကြိမ်နဲ့ မဟာပြိုင်ဘက် ဘာစီလိုနာ ၃ ကြိမ်ကို ကျော်ဖြတ်ကာ ပြိုင်ပွဲရဲ့ အအောင်မြင်ဆုံး အသင်းအဖြစ်လည်း ရပ်တည်နိုင်ခဲ့ပါတယ်။
၂၀၁၈ ဖီဖာကလပ်ကမ္ဘာ့ဖလားပြိုင်ပွဲ ဗိုလ်လုပွဲ ရလဒ်
ရီးယဲလ်မက်ဒရစ် ၄-၁ အယ်လ်အိန်း
မိုဒရစ် ၁၄ မိနစ် ရှီအိုတာနီ ၈၆ မိနစ်
လော်ရန့်တေး ၆၀ မိနစ်
ရာမို့စ် ၇၈ မိနစ်
ယာဟီရာနာဒါ (OG ၉၀ မိနစ်)
၂၀၁၈ ဖီဖာကလပ်ကမ္ဘာ့ဖလားပြိုင်ပွဲရဲ့ ဆုတံဆိပ်များ
ချန်ပီယံ - ရီးယဲလ်မက်ဒရစ်
ဒုတိယ - အယ်လ်အိန်း
တတိယ - ရေးဗားပလိတ်
ရွှေဘောလုံးဆု - ဂါရတ်ဘေးလ်
ငွေဘောလုံးဆု - ခိုင်ရို
ကြေးဘောလုံးဆု - ဆန်းတို့စ် ဘိုရီ
Fair Play Award - ရီးယဲလ်မက်ဒရစ်
ရီးယဲလ်မက်ဒရစ်အသင်းရဲ့ ကလပ်ကမ္ဘာ့ဖလား ဆွတ်ခူးခဲ့တဲ့ နှစ်များ
၂၀၁၄၊ ၂၀၁၆၊ ၂၀၁၇၊ ၂၀၁၈
ကလပ်ကမ္ဘာ့ဖလား တတိယနေရာလုပွဲရလဒ်
ကာရှီးမားအန်တလာစ် ၀-၄ ရေးဗားပလိတ်",,,,,,
<urn:uuid:2114c622-ea84-41bd-b19a-e8fc7e0e8592>,"ထိုင်းယာဉ်တိုက်မှု မြန်မာ ၁၃ ဦးသေဆုံး
သတင်းနှင့် မီဒီယာ ကွန်ရက်။
နိုဝင်ဘာလ ၂၅ ရက်၊ ၂၀၁၇ ခုနှစ်။
ထိုင်းနိုင်ငံအတွင်းဖြစ်ပွားသော ယာဉ်တိုက်မှုအတွင်းတွင် မြန်မာအလုပ်သမား ၁၃ ဦး သေဆုံးခဲ့သည်။
မြန်မာရွှေ့ ပြောင်းအလုပ်သမား ၁၃ ဦးနှင့် ထိုင်းနိုင်ငံသား ကားမောင်းသမားတစ်ဦး လိုက်ပါလာသည့် ကားသည် ဆယ်ဘီးကားတစ်စီးအား ဝင်တိုက်ရာ မီးလောင်ခဲ့သည့်အတွက် လိုက်ပါလာသူ ၁၄ ဦးလုံး သေဆုံးခဲ့ခြင်း ဖြစ်သည်။
ထိုင်းနိုင်ငံ မဲဆောက်မြို့ မှ ဘန်ကောက်မြို့ သို့ ထွက်လာသည့် ကားသည် နိုဝင်ဘာလ ၂၄ ရက် ယမန် နေ့ နံနက် ၂ နာရီခွဲ အချိန်က ဆင်းဘူရီမြို့နယ် ပန်မန်းရပ်ကွက်ရှိ အာရှဟိုင်းဝေး လမ်းမကြီးပေါ်တွင် ဆယ်ဘီးကားတစ်စီးအား ဝင်ရောက်တိုက်မိရာမှ ကားမီးလောင်မှု ဖြစ်ပွားခဲ့ခြင်းဖြစ်သည်။
ဆင်းဘူရီ ရဲစခန်းမှ ထိုင်းရဲအရာရှိတစ်ဦးက “မြို့ထဲမှာ ဖြစ် တာမဟုတ်ဘူး။ အာရှလမ်းမ ပေါ်မှာဖြစ် တာ။ ဆယ်ဘီးကား နောက်ကို ဝင်တိုက်ခဲ့တာ။ ဖြစ်ပွားခဲ့အချိန်က မနက် ၂ နာရီခွဲက။ အားလုံးသေသွားတာ ကားမောင်းသူပါပါတယ်” ဟု ပြောသည်။
သေဆုံးသွားသည့် သူများအား မည်သူမည်ဝါ သိရှိနိုင်ရန် DNA စစ်ဆေးမှုများ ပြုလုပ်ရန် စီစဉ်နေပြီး နောက်ပိုင်းတွင် ၎င်းတို့၏ ဆွေမျိုးများကို အကြောင်းကြားသွားမည်ဟု ထိုင်းရဲအရာရှိက ပြောသည်။
ယင်းအလုပ်သမားများသည် ထိုင်း-မြန်မာ နယ်စပ်ရှိ မဲဆောက်မြို့ တွင် စီအိုင် ခေါ် စီစစ်ရေးကဒ်ပြား သွားရောက်လုပ်ကိုင်ကြပြီး ၎င်းတို့ အလုပ်လုပ်ရာ ဘန်ကောက်မြို့အနီးရှိ နုံထဘူရီခရိုင် ဘန်ဘိုထောင်းမြို့ သို့ အပြန်တွင် ယခုကဲ့သို့ ဖြစ်ပွားခဲ့ခြင်းဖြစ်သည်။
“ဒီအလုပ်သမားတွေက ပတ်စပို့သွားပြီးတော့လုပ်တယ်။ CI သွားပြီးတော့လုပ်တယ်။ လုပ်ပြီးတော့ ပြန်လာတဲ့အခါမှာ ကားတိုက်ခံသေရတယ်။ သူတို့ သေတဲ့ကားကတော့ ဗင်ကားလို့ခေါ်မယ်” ဟု အ လုပ်သမားအရေး ကူညီဆောင်ရွက်ပေးနေသည့် ထိုင်းနိုင်ငံရောက် မြန်မာနိုင်ငံသားများအဖွဲ့ MAT ဒါရိုက်တာ ဦးကျော်သောင်းက ပြောသည်။
ယခုဖြစ်ပွားခဲ့သည့် ယာဉ်မတော်တဆဖြစ်မှုတွင် မြန်မာရွှေ့ပြောင်း အလုပ်သမားများအတွက် လျော်ကြေးငွေ ပြန်လည်ရရှိရန် မြန်မာသံရုံးမှ တာဝန်ရှိသူများက စီစဉ်ဆောင်ရွက်နေသည်ဟု သိရသည်။",,,,,,
<urn:uuid:0f1ed1ad-3180-4b91-bafb-b617626637ed>,"|၁။||ပါတီအမည်||-||
|
တိုင်းလိုင် ( ရှမ်းနီ ) အမျိုးသားများဖွံ့ဖြိုးတိုးတက်ရေးပါတီ
|၂။||ပါတီအမည် (English)||-||Tai-Leng Nationalities Development Party (T.N.D.P)|
|၃။||ပါတီတည်ထောင်ခွင့်လျှောက်ထားသည့်နေ့||-||၂၀.၁.၂၀၁၂|
|၄။||လာရောက်လျှောက်ထားစဉ်ပါတီအင်အား||-||၁၈ ဦး|
|၅။||ပါတီတည်ထောင်ခွင့်ပြုသည့်နေ့||-||၁၆.၂.၂၀၁၂|
|၆။||ပါတီမှတ်ပုံတင်ခွင့်လျှောက်ထားသည့်နေ့||-||၈.၃.၂၀၁၂|
|၇။||ပါတီမှတ်ပုံတင်ခွင့်ပြုသည့်နေ့||-||၁၀.၅.၂၀၁၂|
|၈။||ခွင့်ပြုသည့်ပါတီအမှတ်စဉ်||-||အမှတ်စဉ်( ၅၃ )|
|၉။||ခွင့်ပြုသည့်ပါတီအလံ||-|
|၁၀။||ခွင့်ပြုသည့်ပါတီတံဆိပ်||-|
|၁၁။||ပါတီ ဥက္ကဋ္ဌ နှင့် ဗဟိုအလုပ်အမှုဆောင်စာရင်း||-||ဦးစိုင်းဌေးအောင် ၊ ဦးစိုင်းကျော်ညွန့် ( ထွေ/မှူး )|
|၁၂။||ပါတီနယ်မြေ||-||ပြည်ထောင်စုတစ်ဝန်းလုံး|
|၁၃။||ပါတီရုံးချုပ်တည်နေရာ||-||
|
အမှတ်၊ အ-၁၅/၁၂၄၊ ၆၅(အေ)၊ ၁၁၉ x ၁၂၀ ကြား၊
|၁၄။||ဆက်သွယ်ရန် ဖုန်း နှင့် ဖက်စ်||-||၀၉-၂၅၈၈၈၀၂၉၅၊ ၀၉-၄၄၀၀၀၇၂၈၅|
|၁၅။||ပါတီ၏မူဝါဒလမ်းစဉ်များ||-||Download PDF|",,,,,,
<urn:uuid:e388fc7b-6a89-4744-8cb4-d86ca3708ebb>,"ရုတ်တရက် ဝမ်းအလွန်လျှောလျှင်၊ ကလေးဖြစ်စေ၊လူကြီးဖြစ်စေ ဝမ်းမရပ်မနားသွားပါလျှင်
၀မ်းအလွန်လျှောလျှင်
ကလေးဖြစ်စေ၊လူကြီးဖြစ်စေရုတ်တစ်ရက် ဝမ်းမရပ်မနားသွားပါလျှင် ဘာလုပ်ရမည်မသိဖြစ်တတ်ပါသည်။ အထူးသဖြင့် တောရပ်နေပြည် သူတို့ကြုံတတ်ကြလေသည်။
ထိုသို့ဖြစ်ပါလျှင် ဆူးပွတ်နေသောရေနွေးတစ်ခွက်ထဲသို့ လက်ဖက်ခြောက်လှော်ပြီးသား လက်တစ်ဆုပ်ကိုထည့်ပါ။
ပြီးလျှင်ဆားကော်ဖီဇွန်း(၁)ဇွန်းစာ ၊သကြား ကော်ဖီဇွန်း(၁)ဇွန်းစာနှင့် သံပုရာသီးတစ်ခြမ်းကို အရည်ညှစ်၍ထည့်ပြီး နွေးနွေးလေးသောက်လိုက်ပေးလိုက်ပါ။
၀မ်းလည်းရပ်သွားပါလိမ့်မယ်။အားလည်းမယုတ်လျော့ပါဘူး။ သောက်နိုင်သမျှခဏခဏသာတိုက်ပေးလိုက်ပါ။ အင်ခိုင်ဘွန်တောင်တန်းမှာတောင်ယာလုပ်ကိုင်နေကြသူတိုင်းရင်းသားများရဲ့ ပွဲတွေ့ဆေးနည်းကျော်လည်းဖြစ်ပါတယ်။
၀မ်းလျောခြင်းဖြစ်ရပ်များနှင့်ကြုံတိုင်း နက္ခတ္တရောင်ခြည်မဂ္ဂဇင်းမှ ရရှိသောဤဆေးလေးဖြင့် ကိုယ်တိုင်ရော၊ ပတ်သက်ဆက်နွယ် သူများအား ပြုလုပ်တိုက်ကျွေးပေးရာ ဝမ်းလျောခြင်းအတွက် အလွန်ထိရောက်ပါကြောင်း တင်ပြလိုက်ပါတယ်။
(ဆရာဝန်၊ဆေးရုံ၊ဆေးခန်းပြသကုသရန်ခက်သူတို့အတွက်သာ)လိုသူတို့သုံး စိတ်နှလုံးရွှင်ပြုံးနိုင်ပါစေ..။
ရဲမျိုးသူ(ဗောဓိမြိုင်
Unicode
ရုတ်တရက် ဝမ်းအလွန်လျှောလျှင်၊ ကလေးဖြစ်စေ၊လူကြီးဖြစ်စေ ဝမ်းမရပ်မနားသွားပါလျှင်
၀မ်းအလွန်လျှောလျှင်
ကလေးဖြစ်စေ၊လူကြီးဖြစ်စေရုတ်တစ်ရက် ဝမ်းမရပ်မနားသွားပါလျှင် ဘာလုပ်ရမည်မသိဖြစ်တတ်ပါသည်။ အထူးသဖြင့် တောရပ်နေပြည် သူတို့ကြုံတတ်ကြလေသည်။
ထိုသို့ဖြစ်ပါလျှင် ဆူးပွတ်နေသောရေနွေးတစ်ခွက်ထဲသို့ လက်ဖက်ခြောက်လှော်ပြီးသား လက်တစ်ဆုပ်ကိုထည့်ပါ။
ပြီးလျှင်ဆားကော်ဖီဇွန်း(၁)ဇွန်းစာ ၊သကြား ကော်ဖီဇွန်း(၁)ဇွန်းစာနှင့် သံပုရာသီးတစ်ခြမ်းကို အရည်ညှစ်၍ထည့်ပြီး နွေးနွေးလေးသောက်လိုက်ပေးလိုက်ပါ။
၀မ်းလည်းရပ်သွားပါလိမ့်မယ်။အားလည်းမယုတ်လျော့ပါဘူး။ သောက်နိုင်သမျှခဏခဏသာတိုက်ပေးလိုက်ပါ။ အင်ခိုင်ဘွန်တောင်တန်းမှာတောင်ယာလုပ်ကိုင်နေကြသူတိုင်းရင်းသားများရဲ့ ပွဲတွေ့ဆေးနည်းကျော်လည်းဖြစ်ပါတယ်။
၀မ်းလျောခြင်းဖြစ်ရပ်များနှင့်ကြုံတိုင်း နက္ခတ္တရောင်ခြည်မဂ္ဂဇင်းမှ ရရှိသောဤဆေးလေးဖြင့် ကိုယ်တိုင်ရော၊ ပတ်သက်ဆက်နွယ် သူများအား ပြုလုပ်တိုက်ကျွေးပေးရာ ဝမ်းလျောခြင်းအတွက် အလွန်ထိရောက်ပါကြောင်း တင်ပြလိုက်ပါတယ်။
(ဆရာဝန်၊ဆေးရုံ၊ဆေးခန်းပြသကုသရန်ခက်သူတို့အတွက်သာ)လိုသူတို့သုံး စိတ်နှလုံးရွှင်ပြုံးနိုင်ပါစေ..။
ရဲမျိုးသူ(ဗောဓိမြိုင်",,,,,,
<urn:uuid:07b2ee30-d5de-4c76-942e-f770e7c73d09>,"တောင်ပိုင်း သမုဒ္ဒရာကို မဟာ တောင်ပိုင်း သမုဒ္ဒရာ၊ အန္တာတိက သမုဒ္ဒရာ၊ တောင်ဝင်ရိုးစွန်း သမုဒ္ဒရာ စသည်ဖြင့်လည်း ခေါ်ဆိုလေ့ ရှိကြပြီး ကမ္ဘာ့သမုဒ္ဒရာများ၏ တောင်ဘက် အကျဆုံး ရေထုများ ပါဝင်သည်။ ယေဘုယျအားဖြင့် တောင်လတ္တီကျု ၆၀ ဒီဂရီမှစ၍ သတ်မှတ်လေ့ရှိကြပြီး အန္တာတိကကို စက်ဝိုင်းပုံသဏ္ဌာန် ဝိုင်းပတ်နေသော နေရာကို သတ်မှတ်ခြင်း ဖြစ်သည်။ အဓိက သမုဒ္ဒရာဒေသကြီး ၅ ခု အနက်တွင် စတုတ္ထမြောက် အကြီးဆုံး အဖြစ် မှတ်ယူကြသည်။ ထိုသမုဒ္ဒရာဇုန်သည် အန္တာတိကမှ မြောက်ဘက်သို့ စီးဆင်းလာသော ရေအေးများနှင့် အန္တာတိကမြောက်ပိုင်းရှိ ပိုနွေးသော ရေများ ရောနှောပေါင်းစပ်ရာ နေရာ ဖြစ်သည်။
ပထဝီဝင်အများစုက တောင်ပိုင်းသမုဒ္ဒရာ၏ မြောက်ဘက် နယ်နိမိတ် သို့မဟုတ် တည်ရှိမှုကိုပင် သဘောမတူညီကြပေ။ အများစုက ထိုရေထုကို ပစိဖိတ်သမုဒ္ဒရာ၊ အတ္တလန္တိတ် သမုဒ္ဒရာနှင့် အိန္ဒိယသမုဒ္ဒရာ၏ အစိတ်အပိုင်း အဖြစ်သာ မှတ်ယူကြသည်။ အခြားသူများကမူ အန္တာတိကကို ဝိုင်းပတ်စီးဆင်းနေပြီး ရာသီဥတုအလိုက် ပြောင်းလဲမှု ဖြစ်ပေါ်နေသော ရေထု အဖြစ် တောင်သမုဒ္ဒရာကို အခြားသမုဒ္ဒရာများမှ ခွဲခြား စဉ်းစားကြသည်။ ဩစတြေးလျ အစိုးရကမူ ဩစတြေးလျနိုင်ငံ တောင်ပိုင်းကို တောင်ပိုင်းသမုဒ္ဒရာ အဖြစ် မှတ်ယူလေ့ ရှိကြသည်။
အပြည်ပြည်ဆိုင်ရာ ဟိုင်ဒရိုဂရပ်ဖ်ဖစ် အဖွဲ့ (အိုင်အိတ်ချ်အို) က တောင်လတ္တီကျု ၆၀ ဒီဂရီ၏ တောင်ပိုင်းကို သမုဒ္ဒရာ တစ်ခု အဖြစ် သီးသန့် သတ်မှတ်ထားသော ၎င်း၏ ၂၀၀၀ ခုနှစ် သမုဒ္ဒရာ အဓိပ္ပာယ်ဖွင့်ဆိုချက်ကို အတည်ပြုမှု မရယူရသေးပေ။ ၎င်း၏ နောက်ဆုံး ထုတ်ပြန်ထားသော အဓိပ္ပာယ်ဖွင့်ဆိုချက်မှာ ၁၉၅၃ တွင် ဖြစ်သည်။ သို့သော်လည်း အဓိပ္ပာယ်ဖွင့်ဆိုချက် အသစ်ကို အိုင်အိတ်ချ်အိုနှင့် အခြား အဖွဲ့အစည်းများက အသုံးပြုလျက် ရှိကြသည်။
အန္တာတိကတိုက်ကို ဝန်းရံလျက်ရှိ သော သမုဒ္ဒရာကို အန္တာတိတ်သမုဒ္ဒရာ ဟုခေါ်သည်။ အချို့ပထဝီဝင်ပညာရှင်တို့ကမူ အန္တာတိတ်သည် သမုဒ္ဒရာတစ်စင်း သက်သက်မဟုတ်ဘဲ အတ္တလန္တိတ်၊ ပစိဖိတ်နှင့် အိန္ဒိယသမုဒ္ဒရာ တို့၏ တောင်ဘက်ဆုံးအပိုင်းဖြစ်သည်ဟု ဆိုကြလေသည်။ အန္တာတိတ်သမုဒ္ဒရာသည် အပိုင်းအခြားမရှိသောရေပြင် တစ်ပြင်တည်းဖြစ်၍ကျယ်ဝန်းသည်။ အမျိုးမျိုးဖြစ်သည်။ တောင် အမေရိကတိုက်၏ တောင်ဘက်ဆုံးအစွန်းဖြစ်သော ကိပ်ဟွန်း အငူ၏အလွန်တွင် မိုင် ၆ဝဝ မျှသာကျယ်ဝန်း၍ အာဖရိက တိုက်၏ တောင်ဘက်စွန်းဖြစ်သော ကိပ်အဂါးလတ်အငူ၏ အလွန်တွင်မူ မိုင်ပေါင်း ၂,၄ဝဝ ခန့်ကျယ်လေသည်။ နေရာအမျိုးမျိုးတွင် ရေအတိမ်အနက်လည်း အမျိုးမျိုး ဖြစ်သည်။ ရော့စပင်လယ်အတွင်းရှိ တောင် ဂျော်ဂျီယာကျွန်း၏ ဝန်းကျင်တွင် ပင်လယ်ရေပြင်၏ အောက်မြေပြင်သို့မရောက်မီ ပင် အလံ ၄,ဝဝဝ (၂၄,ဝဝဝပေ) ခန့်နက်သည်ကို တွေ့ရသည်။ ဩစတြေးလီးယားတိုက်၏ တောင်ဘက်၊ အန္တာတိတ်စက် ဝန်းမျဉ်းအနီးတွင် အလံ ၁,၃ဝဝ (၇,၈ဝဝ ပေ)မှ အလံ ၁ယ၉၅ဝ (၁၁,၇ဝဝ ပေ) အထိနက်သည်။ အန္တာတိကတိုက်၏ ကမ်းခြေ ဘက်သို့နီးကပ်လေ ရေပြင်သည် တိမ်လိုက်လာလေ ဖြစ်၍၊ တဖြည်းဖြည်း သောင်များလည်းထွန်းလာသည်။ ထို့ကြောင့် ကမ်းခြေတစ်ဝိုက်အချို့နေရာများတွင် အလံ ၅ဝဝ (ပေ ၃,ဝဝဝ) မှ အချို့နေရာတွင် အလံ ၃ဝဝ (ပေ ၁,၈ဝဝ)၊ အချို့နေရာ တွင်အလံ ၂ဝဝ (ပေ ၁,၂ဝဝ) မျှသာနက်ကြောင်း တွေ့ရလေသည်။
အန္တာတိတ်သမုဒ္ဒရာ၌ အဓိက ပင်လယ်ရေစီးကြောင်း တစ်ခုသာရှိသည်။ ထိုရေစီးကြောင်းသည် တောင်အမေရိကတိုက် သို့ ရောက်ရှိသောအခါ နှစ်သွယ်ဖြာ၍ထွက်သည်။ တစ်သွယ် သည် မြောက်ဘက်သို့ဆက်လက်စီးသွားရာ အန္တာတိကတိုက်၏ အရှေ့ဘက်ကမ်းခြေကို တိုက်စီးသွားသည်။ အခြားတစ်သွယ် ကမူ တောင်အမေရိကတိုက်၏ ကိပ်ဟွန်းအငူစွန်းကို ဖြတ်သန်း ၍ အရှေ့ဘက်သို့ ဆက်လက်စီးသွားလေသည်။ အန္တာတိကတိုက်၏ကမ်းခြေမှ ပဲ့၍ပြတ်ထွက်လာသော ရေခဲတောင်ကြီးများစွာတို့သည် အန္တာတိတ် ရေပြင်ထက်ဝယ် မျောလျက်ရှိကြသည်။ အချို့သော ရေခဲတောင်ကြီးများသည် စတုရန်းမိုင်တစ်ရာကျော်ကျယ်ဝန်း၍ အချို့မှာ ပေတစ်ထောင်မျှ အထူရှိသည်ကို တွေ့ရလေသည်။ ရေပြင်ကျယ်ကြီး၏ မျက်နှာ ပြင် အပူချိန်သည် ဖာရင်ဟို်က် ၂၉ ့၈ ဒီဂရီဖြစ်၍ ရေပြင်၏ အောက်ဘက်တွင်မူ ၃၂ ဒီဂရီမှ ၃၅ ဒီဂရီ အထိရှိလေသည်။ အန္တာတိကတိုက်ကိုဝန်းရံလျက်ရှိ၍ အန္တာတိတ်သမုဒ္ဒရာ ၌ပါဝင်သော ရော့စပင်လယ်၊ ဝက်ဒယ်ပင်လယ်စသော ရေပြင် ကျယ်ကြီးများတွင် ဝေလငါးကြီးအမျိုးမျိုး၊ ပင်လယ်ဖျံကြီး အမျိုးမျိုးတို့ဖြင့် ပြည့်နှက်လျက်ရှိသည်။ ထိုငါးကြီးများ၏အစာ ဖြစ်သော ငါးများ၊ ထိုငါးများ၏ အစာဖြစ်သော ရေပိုးရေမွှား ကလေးများလည်းရှိသည်။ အချို့ဝေလငါးသည် အာတိတ်ဒေသမှ ငါးမျိုးနှင့်တူ၍ အချို့မှာမူ အန္တာတိကဒေသ၌သာ တွေ့ရသော အမျိုးအစားများဖြစ်လေသည်။ ဝေလငါးကြီးများပေါများသဖြင့် ဗြိတိန်နှင့်နော်ဝေး စသောနိုင်ငံများမှ အန္တာတိတ်သမုဒ္ဒရာရေ ပြင်သို့ လာရောက်၍ ဝေလငါးဖမ်းသည့်လုပ်ငန်းကို ကြီးကြီး ကျယ်ကျယ်လုပ်ကိုင်ကြလေသည်။[၁]
ကိုးကား[ပြင်ဆင်ရန်]
- မြန်မာ့စွယ်စုံကျမ်း၊ အတွဲ(၁၅)",,,,,,
<urn:uuid:e33e609a-7a9f-450f-afea-16049fb798f8>,"ကဏ္ဍ:အာရဗီ ဘာသာစကား
အညွှန်းသို့ ခုန်ကူးရန် ရှာဖွေရန် ခုန်ကူးမည်
ကဏ္ဍခွဲများ
ဤကဏ္ဍတွင် စုစုပေါင်း ၄ ခု အနက်မှ အောက်ပါ ကဏ္ဍခွဲ ၄ ခု ရှိသည်။
I
တ
- အာရဗီ တည်ပုဒ်များ (၃ ဍ, ၇ နှာ)
အ
- အာရဗီ အာမေဍိတ်များ (၁ နှာ)
- အာရဗီတမ်းပလိတ်များ (၁ ဍ)
ကဏ္ဍများ:
- ဘာသာစကားများ အားလုံး
- အာရဗီ ဘာသာစကားများ
- အယ်လ်ဂျီးရီးယားနိုင်ငံ၏ ဘာသာစကားများ
- ဘာရိန်းနိုင်ငံ၏ ဘာသာစကားများ
- ချဒ်နိုင်ငံ၏ ဘာသာစကားများ
- ကိုမိုရိုနိုင်ငံ၏ ဘာသာစကားများ
- ဂျီဘူတီနိုင်ငံ၏ ဘာသာစကားများ
- အီဂျစ်နိုင်ငံ၏ ဘာသာစကားများ
- အီရတ်နိုင်ငံ၏ ဘာသာစကားများ
- အစ္စရေးနိုင်ငံ၏ ဘာသာစကားများ
- ကာတာနိုင်ငံ၏ ဘာသာစကားများ
- ဆော်ဒီအာရေဗျနိုင်ငံ၏ ဘာသာစကားများ
- ဆိုမာလီနိုင်ငံ၏ ဘာသာစကားများ
- ဆူဒန်နိုင်ငံ၏ ဘာသာစကားများ
- ဆီးရီးယားနိုင်ငံ၏ ဘာသာစကားများ
- တူနီးရှားနိုင်ငံ၏ ဘာသာစကားများ
- ယီမင်နိုင်ငံ၏ ဘာသာစကားများ
- အီရီထရီးယားနိုင်ငံ၏ ဘာသာစကားများ",,,,,,
<urn:uuid:41fd54db-96fd-44e1-b7f8-d45466a76d64>,"Saturday, April 30, 2011
Russian Victory Day 2011
ကရင်မလင်နန်းတော်
၁၅၂မမ ပြောင်းပါ အလိုလျောက်ချိန်ရွယ်ပစ်ခတ်သည့် စနစ်
Smerch အတွဲလိုက်ပစ်ဒုံးကျည်စနစ်
ကျွန်တော်သဘောကျတဲ့ Iskander-M စနစ်
SS-27 Sickle B မဟာဗျူဟာမြောက် တိုက်ချင်းပစ် ဒုံးကျည်
BUK M1 လေကြောင်းရန်ကာကွယ်ရေးစနစ်
အစ်-၄၀၀ မဟာဗျူဟာမြောက် လေကြောင်းရန်ကာကွယ်ရေးစနစ်
လေကြောင်းရန်ကာကွယ်ရေး 96K6 Pantsir-S1 စနစ်သစ်
သံချပ်ကာ စစ်ယာဉ်
၂၆ရက် လေးလပိုင်း ၂၀၁၁ခုနှစ် ရုရှားတပ်မတော် စစ်ရေးပြပွဲမှ စစ်ယာဉ်အချို့
၁၅၂မမ ပြောင်းပါ အလိုလျောက်ချိန်ရွယ်ပစ်ခတ်သည့် စနစ်
Smerch အတွဲလိုက်ပစ်ဒုံးကျည်စနစ်
ကျွန်တော်သဘောကျတဲ့ Iskander-M စနစ်
SS-27 Sickle B မဟာဗျူဟာမြောက် တိုက်ချင်းပစ် ဒုံးကျည်
BUK M1 လေကြောင်းရန်ကာကွယ်ရေးစနစ်
အစ်-၄၀၀ မဟာဗျူဟာမြောက် လေကြောင်းရန်ကာကွယ်ရေးစနစ်
လေကြောင်းရန်ကာကွယ်ရေး 96K6 Pantsir-S1 စနစ်သစ်
သံချပ်ကာ စစ်ယာဉ်
၂၆ရက် လေးလပိုင်း ၂၀၁၁ခုနှစ် ရုရှားတပ်မတော် စစ်ရေးပြပွဲမှ စစ်ယာဉ်အချို့
Posted by MM at 8:24 PM",,,,,,
<urn:uuid:da9ec4a0-9217-4f7f-bf65-94d226a917ce>,"မြောက်ဥက္ကလာပမှာ ခုခံကာကွယ်ဖို့ ဆန္ဒပြသူတွေ လမ်းပိတ်
နောက်ထပ်ကြည့်ရှုရန် စိတ်ဝင်စားဖွယ် ဗွီဒီယိုများ
-
27 နိုဝင်ဘာ၊ 2021
NUG ငွေတိုက်စာချုပ်တွေ အရောင်းသွက်နှင့် တပတ်အတွင်း ပြည်တွင်းသတင်း
-
22 နိုဝင်ဘာ၊ 2021
၂၀၂၁ DVF ဆုရှင် အမျိုးသမီး သူရဲကောင်းများ
-
20 နိုဝင်ဘာ၊ 2021
နိုင်ငံတကာသံတမန်တွေ မြန်မာကို လာရောက်နှင့် တပတ်အတွင်း ပြည်တွင်းသတင်း
-
16 နိုဝင်ဘာ၊ 2021
Danny Fenster နဲ့ Bill Richarson သတင်းစာရှင်းလင်းပွဲ
-
16 နိုဝင်ဘာ၊ 2021
ဖမ်းဆီးခံ သတင်းသမားအားလုံး လွှတ်ပေးဖို့ အမေရိကန်ထပ်မံတောင်းဆို
-
13 နိုဝင်ဘာ၊ 2021
အရပ်သားလုံခြုံရေး အာမခံဖို့ ကုလတောင်းဆိုနှင့် တပတ်အတွင်း ပြည်တွင်းသတင်း",,,,,,
<urn:uuid:3aa7d3f7-05ce-43b6-99f8-36ba153b82de>,"ကိုရိုနာဗိုင်းရပ်စ် ပျောက်ကွယ်သွားမည် မဟုတ်ဟု WHO ပြော
ကိုရိုနာဗိုင်းရပ်စ်သစ်က ပျောက်ကွယ်သွားလိမ့်မည် မဟုတ်ကြောင်းနှင့် ကမာ္ဘပေါ်ရှိ ပြည်သူများက ၎င်းနှင့်အတူ နေထိုင်ရန် သင်ယူရလိမ့်မည်ဖြစ်ကြောင်း ကမ္ဘာ့ကျန်းမာရေးအဖွဲ့ (WHO) က မေလ ၁၃ ရက်နေ့ တွင် သတိပေးလိုက်သည်။
ကမာ္ဘတလွှား ရှိ အချို့နိုင်ငံများ တွင် ကိုရိုနာဗိုင်းရပ် ပြန့်ပွားမှုကို တားဆီးရန် ကြိုးပမ်းသည့် အနေဖြင့် ချမှတ်ထားသော ပိတ်ဆို့ ကန့်သတ်ချက်များကို တဖြည်းဖြည်းချင်း လျှော့ချလာသည့် အချိန်တွင် WHO က ၎င်းသည် လုံးလုံး လျားလျား ဖယ်ရှား၍ ရကောင်းမှ ရလိမ့်မည်ဟု ပြောကြားခဲ့ခြင်း ဖြစ်သည်။
အဆိုပါ ဗိုင်းရပ်စ်သည် ပြီးခဲ့သည့်နှစ်နှောင်းပိုင်းက တရုတ်နိုင်ငံ ဝူဟန်မြို့တွင် ပထမဆုံး တွေ့ရှိခဲ့ပြီး ထိုအချိန်မှစ၍ လူပေါင်း ၄. ၄ သန်းကျော် ကူးစက်ခံခဲ့ရကာ ကမ္ဘာအနှံ့တွင် လူ ၃၀၀၀၀၀ နီးပါးသေဆုံးခဲ့ရသည်။
WHO ၏ အရေးပေါ်ကိစ္စရပ်များဆိုင်ရာ ဒါရိုက်တာ ညွှန်ကြားရေးမှူး Michael Ryan က “ပထမဆုံးအကြိမ်အဖြစ် လူထုထဲ ဝင်လာတဲ့ ဗိုင်းရပ်စ် အသစ်တခု ပါ။ ဒါကြောင့် အဲဒါကို ဘယ်အချိန်မှာ ကျော်လွှားနိုင်မလဲဆိုတာ ကြိုတင်ခန့်မှန်းဖို့ ခက်ခဲပါတယ်” ဟု ပြောကြားခဲ့သည်။
ဂျီနီဗာမြို့တွင် ပြုလုပ်သည့် အွန်လိုင်းသတင်းစာရှင်းလင်းပွဲ တခုတွင် သူက “ဒီဗိုင်းရပ်စ်ပိုးက ကျနော်တို့ အသိုင်းအဝိုင်းမှာ ဖြစ်ပွားတတ်လေ့ရှိတဲ့ နောက်ထပ် ဗိုင်းရပ်စ်တခု ဖြစ်ချင်လည်း ဖြစ်သွားနိုင်ပါတယ်။ အမြဲတမ်း ပျောက်ကွယ်ချင်မှ ပျောက် ကွယ်သွားပါလိမ့်မယ်” ဟု ပြောကြားခဲ့သည်။
“HIV ပိုးက ပျောက်ကွယ်မသွားသေးပါဘူး။ ဒါပေမယ့် ကျနော်တို့က ဒီဗိုင်းရပ်စ် (HIV) နဲ့ အဆင်ပြေဖို့ လုပ်ခဲ့ရပါတယ်။”
ကိုရိုနာဗိုင်းရပ် ပြဿနာ စတင်ကတည်းက လူသားထု၏ တဝက်ကျော်က အချို့သော ပိတ်ဆို့မှု ပုံစံများအောက်တွင် ရောက်ရှိနေခဲ့ကြရသည်။
ကန့်သတ်ထားမှုများကို ဖြေလျှော့ပေးခြင်းက ကူးစက်မှု ဒုတိယလှိုင်းကို မဖြစ်စေနိုင်ဟု အာမခံနိုင်စရာ အကြောင်း မရှိကြောင်း WHO က သတိပေးလိုက်သည်။
“နိုင်ငံတော်တော်များများက ခွဲခြား ကန့်သတ်ပိတ်ဆို့ ထားတဲ့ လုပ်ဆောင်ချက်ကနေ ထွက်လာချင်ကြပါလိမ့်မယ်” ဟု WHO အကြီးအကဲ Tedros Adhanom Ghebreyesus က ပြောသည်။
“ဒါပေမယ့် ဘယ်နိုင်ငံမှာမဆို သတိထားမှုက ဖြစ်နိုင်သမျှ အမြင့်ဆုံးအဆင့်မှာ ထားရှိသင့်တယ် ဆိုတာက ကျနော်တို့ရဲ့ အဆိုပြုချက်အဖြစ် ရှိနေတုန်းပါပဲ။”
ပုံမှန်ပြန်ဖြစ်ရန် သွားရမည့် လမ်းကြောင်းက ရှည်လျားသော လမ်းတခု ဖြစ်သည်ဟု Michael Ryan ပြောကြားခဲ့ပြီး နိုင်ငံများအနေဖြင့် ယခု လမ်းကြောင်းပေါ်တွင် ဆက်လက်ရှိနေကြရလိမ့်မည်ဟု တိုက်တွန်းခဲ့သည်။
“တားမြစ်ကန့်သတ်မှုတွေက လုပ်တာက ကောင်းကောင်း အလုပ်ဖြစ်တယ်။ တားမြစ်ကန့်သတ်မှုတွေကို ပြန်လည် ဖယ်ရှားလိုက်ရင် အလွန်ကောင်းသွားလိမ့်မယ် လို့ တွေးနေကြတာတွေ ရှိပါတယ်။ ၂ မျိုးလုံးက အန္တရာယ်တွေနဲ့ ပြည့်နေပါတယ်” ဟု အိုင်ယာလန်နိုင်ငံသား ကူးစက်ရောဂါတားဆီးရေးဆိုင်ရာ ပညာရှင် တဦးဖြစ်သည့် Michael Ryan က ပြောသည်။
ကူးစက်ရောဂါနှင့် ဆက်နွှယ်နေသော ကျန်းမာရေး ဝန်ထမ်းများ အပေါ် တိုက်ခိုက်မှုများကိုလည်း Michael Ryan က ပြစ်တင် ရှုတ်ချလိုက်သည်။ အဆိုပါ အဖြစ်အပျက်များသည် ဧပြီလ တလတည်း အတွင်းမှာပင် နိုင်ငံ ၁၁ ခု ၌ ၃၅ ခု ကျော် ရှိခဲ့သည် ဟု သူက ဆိုသည်။
တိုက်ခိုက်မှုများသည် အသိပညာနည်းပါးသည့် အသိုင်းအဝိုင်းများ၏ အလွန်အကျွံ တုန့်ပြန်မှုများ ဖြစ်လေ့ရှိပြီး အခြား ကိစ္စများက ပို၍စိတ်လေးစရာ ဖြစ်ခဲ့သည် ဟု သူက ပြောသည်။
“Covid-19 က ကျနော်တို့ထဲက အကောင်းဆုံးတွေကို ပေါ်ထွက်လာစေခဲ့ပါတယ်။ ဒါပေမယ့် အဆိုးရွားဆုံး အချို့ကိုလည်း ထုတ်ဖော်ပြသခဲ့ပါတယ်” ဟု သူက ဆိုသည်။
“ကူညီဖို့ ရိုးရိုးသားသား ကြိုးစားနေကြသူတွေအပေါ် သူတို့ရဲ့ စိတ်ပျက်မှုတွေ ပုံချခွင့် ရှိတယ်လို့ လူတွေက ခံစားနေကြတယ်။ အဲဒါတွေက အဓိပ္ပါယ်မဲ့ အကြမ်းဖက်လုပ်ရပ်တွေ ဖြစ်ပါတယ်။ ဆန့်ကျင်ရမယ့် ခွဲခြားဆက်ဆံမှု ဖြစ်ပါတယ်။”
သို့သော်လည်း ဗိုင်းရပ်စ်ကို တိုက်ခိုက်ရန် နည်းလမ်းတခုကို ရှာဖွေခြင်းက လူသားမျိုးနွယ်အတွက် ကာကွယ်ဆေး တခု ရှာဖွေခြင်းနှင့် ကျယ်ကျယ်ပြန့်ပြန့် အသုံးပြုနိုင်အောင် ပြုလုပ်ခြင်းအားဖြင့် ရှေ့ဆက်သွားရေး အဓိက ခြေလှမ်းကို လှမ်းရန် အခွင့်အလမ်း တခုဖြစ်ကြောင်း Michael Ryan က ပြောသည်။
“ဒါက ကမ္ဘာကြီးအတွက် ကြီးမားတဲ့ အခွင့်အလမ်း တခု ဖြစ်ပါတယ်” ဟု သူက ဆိုသည်။
ကိုးကား။ ။ AFP
You may also like these stories:",,,,,,
<urn:uuid:2e465841-98bb-4f6f-ab1b-8b64e5cb6e29>,"ဗြိတိန်တော်ဝင်မင်းသား အဓမ္မမှုနဲ့ စွပ်စွဲခံရ
Jeffrey Epstein ရဲ့ လိင်ပိုင်းဆိုင်ရာ အနိုင်ကျင့်စော်ကားမှုတွေ ကြုံခဲ့ဖူးသူ Virginia Giuffre ဆိုသူ အမျိုးသမီးက သူ အသက် ၁၇ နှစ်အရွယ်တုန်းက ဗြိတိန်တော်ဝင်မင်းသား Andrew က အဓမ္မပြုကျင့် ခဲ့ပြီး လိင်ပိုင်းဆိုင်ရာ အကြိမ်ကြိမ်စော်ကားခဲ့တယ်ဆိုပြီး တရားစွဲဆိုလိုက်ပါတယ်။ ကိုဇော်ဝင်းလှိုင် ပြောပြပါလိမ့်မယ်။
ဆက်စပ်သတင်းများ ...
နောက်ထပ်ကြည့်ရှုရန် စိတ်ဝင်စားဖွယ် ဗွီဒီယိုများ
-
၀၁ ဇူလိုင်၊ ၂၀၂၂
ယူကရိန်းကို ဆက်ထောက်ပံ့ရေး သမ္မတ ဘိုင်ဒန် ကတိပေး
-
၂၉ ဇွန်၊ ၂၀၂၂
သီရိလကာင်္ လောင်စာဆီ ပြတ်တောက်
-
၂၉ ဇွန်၊ ၂၀၂၂
သင်္ဘောပေါ်တင်တဲ့ ဂတ်စ်အိုး ပြုတ်ကျပေါက်ကွဲ
-
၂၈ ဇွန်၊ ၂၀၂၂
၁၄ ပေ ကျော် မိချောင်း ကြိုးကွင်းစွပ်ဖမ်း
-
၂၈ ဇွန်၊ ၂၀၂၂
ထိုင်းနိုင်ငံ လိင်အင်္ဂါပြောင်းလဲသူတွေရဲ့ အလှမယ်ပြိုင်ပွဲ
-
၂၈ ဇွန်၊ ၂၀၂၂
ဥရောပ ဓါတ်ငွေ့အကြပ်အတည်းနဲ့ ရုရှား ခြိမ်းခြောက်မှု",,,,,,
<urn:uuid:450f4795-86ff-4a50-b428-f1597949c89d>,"RNA_ဇန်နဝါရီ(၂၂)၊၂၀၂၃ ခုနှစ်။
အာဏာသိမ်း စစ်ကောင်စီက ပြုလုပ်မည့် ရွေးကောက် ပွဲကို လက်မခံကြောင်း မကွေးတိုင်း၊ ရေစကြိုမြို့နယ် ဒေသခံပြည်သူများက ယနေ့နံနက်ပိုင်းတွင် ကျေးရွာ (၅) ရွာအတွင်း လှည့်လည်ကာ ဆန္ဒပြခဲ့ကြသည်။
မြို့ပြနေပြည်သူများအနေဖြင့် စစ်ကောင်စီနှင့် ပူးပေါင်းခြင်း မပြုလုပ်ရန်နှင့် မြို့ပြပျောက်ကြား လှုပ်ရှားမှုများ ဖော်ဆောင်ခြင်းဖြင့် မြို့ပြနိုင်ငံရေးအရှိန်မြှင့်ဖို့ လိုအပ်နေကြောင်း ဆန္ဒပြပွဲတွင်ပါဝင်သည့် ပြည်သူတဦးက ပြောသည်။
” စစ်ကောင်စီပြုလုပ်မည့် အတုအယောင်ရွေးကောက် ပွဲလူထုအားဖြင့် တိုက်ဖျက်ကြ၊ အာဏာရှင်မှန်သမျှ အမြစ်ဖြတ်ချေမှုန်ကြ၊ ဖိရင်ကြွမယ် ထိရင်ချမယ်၊ မီးရှို့စစ်တပ် အမြစ်ဖျက်၊ လူထုတော်လှန်ရေး အရှိန်မြှင့်ကြ၊ ဒီမိုကရေစီ ရရှိရေး ဒို့အရေး ဒို့အရေး” စသည့် ကြွေးကြော်သံများ ကြွေးကြော်ခဲ့ကြသည်။
#RedNewsAgency",,,,,,
<urn:uuid:a8720a0e-6e78-4b58-bc3f-8ecde7e1d442>,"ဆောင်းဦးလှိ်ုင်ရဲ့ အညတရသူရဲကောင်း Mp3 လေးတင်ပေးလိုက်ပါတယ်
တစ်ပုဒ်ချင်းရွေးဒေါင်းယူနိုင်ပါတယ်ဗျာ
ဆောင်းဦးလှိုင် ၊ ခိုင်ဇာသွေး ၊ မီးနို ၊ သီရိစံ ၊ ပိုပို ၊ Orchid
- 01 - တန်ဖိုး - ဆောင်းဦးလှိုင်
- 02 - ရွှေပြည်တော်မျှော်ရင်းဝေး - ဆောင်းဦးလှိုင်
- 03 - တစ်နေ့နေ့ - မီးနို
- 04 - အခါခါကျဆုံး - ဆောင်းဦးလှိုင်
- 05 - သိပ်ကြောင်နေလား - ဆောင်းဦးလှိုင် ၊ Orchid
- 06 - မောင်နဲ့ကျွန်မ - ခိုင်ဇာသွေး
- 07 - အသက်ရှူတိုင်း - ဆောင်းဦးလှိုင်
- 08 - အဖေ့သမီး - မီးနို - သီရိစံ - Orchid
- 09 - လူထဲကလူ - သီရိစံ
- 10 - မငိုနဲ့တော့ - ပိုပို
- 11 - အညတရသူရဲကောင်း - ဆောင်းဦးလှိုင်
------------------------------
အဆင်ပြေပါစေ
++++++++++++
************
****
*",,,,,,
<urn:uuid:e7280c31-647c-4bcc-879e-b6b59cecbbc4>,"ဇလွန်မြို့
ဇလွန်မြို့သည် ဧရာဝတီတိုင်းတွင် ပါဝင်သော မြို့တစ်မြို့ ဖြစ်ပြီးဟင်္သာတခရိုင်၊ ဇလွန်မြို့နယ် ရုံးစိုက်ရာမြို့ဖြစ်သည်။ ခရိုင်၏ အရှေ့တောင်ဘက်ရှိ မြို့နယ်ဖြစ်၍၊ ဧရာဝတီမြစ်၏ အနောက်ဘက်ကမ်းတွင်း တည်ရှိသည်။ ဟင်္သာတမြို့၏ အရှေ့တောင်တူရူ ၁၆ မိုင်ခန့် အကွာတွင်ရှိ၏။ ဇလွန်မြို့စည်ပင်ရေးအတွက် မြူနီစီပယ်အဖွဲ့ကို ၁၈၈၆ ခုနှစ်တွင် စတင်ဖွဲ့စည်းခဲ့၍၊ နောင်သောအခါ၌ ဒေသန္တရအုပ်ချုပ်ရေးတွင် ထည့်သွင်းသည်။
ဇလွန်မြို့သည် ကုန်းဘောင်ခေတ် သာယာဝတီမင်းလက်ထက် ပုသိမ် ( ၃၂ ) မြို့နယ် စာရင်းဝင် မြို့တစ်မြို့ ဖြစ်သည်။ ထိုစဉ်က ကျိုက်တော် သမန္တပူရ ဇရွန်၊ ဇလွန်ဟူ၍ ဖော်ပြပါရှိသည်။ ကိုလိုနီခေတ်ဦးတွင် ဧရာဝတီမြစ် ရေတိုက်စားသဖြင့် မြို့တစ်ဝက်ကျော်ကျော် တွင် မြစ်ထဲ ပါသွားခဲ့သည်။ ထို့ကြောင့် ရေကာတာ အသစ်များ တည်ဆောက်ခဲ့ပြီး မြို့ကို ရေကာတာအတွင်း ရွှေ့ပြောင်းခဲ့သည်။ ဧရာဝတီ မြစ်သည် ဇလွန်မြို့၏ အလယ်မှ ဖြတ်သန်းစီးဆင်းနေသဖြင့် မြို့နယ်မှာ နှစ်ခြမ်း ဖြစ်နေသည်။ မြို့နယ်၏ အနောက်ဘက်ခြမ်းတွင် လယ်လုပ်ငန်းသည် အဓိကလုပ်ငန်း ဖြစ်၏။ အရှေ့ဘက်ခြမ်းတွင်မူ လယ်လုပ်ငန်း၊ ကိုင်းလုပ်ငန်းအြပင် အင်း၊ အိုင်များ တည်ရှိနေသဖြင့် အင်းလုပ်ငန်းကိုလည်း လုပ်ကိုင်ကြသည်။ မြို့နယ်အတွင်း နေထိုင်သူများတွင် မြန်မာ အများဆုံးဖြစ်ပြီး ကရင်တိုင်းရင်းသား များသည်လည်း အများအပြား နေထိုင်ကြသည်။
ဇလွန်မြို့တွင် မာန်အောင်မြင် ခေါ်ဇလွန်ပြည်တော်ပြန်ဘုရားကြီးမှာ အထူးထင်ရှားသည်။ ၁၈၃၈ ခုနှစ်တွင် မြို့သူကြီး ဦးရွှေပွင့်က အများပြည်သူများ ကြည်ညိုကိုးကွယ်နိုင်စေသောငှာ ကြေးဆင်းတုတော်ကြီးတစ်ဆူ ကို သွန်းလုပ်လှူဒါန်းခဲ့သည်။ ထိုကြေးဆင်းတုတော်ကြီး ကို ၁၈၅၂ ခုနှစ်၊ အင်္ဂလိပ် - မြန်မာ ဒုတိယ ကမ္ဘာစစ်ပွဲအပြီးတွင် အင်္ဂလိပ်စစ်တပ်က သင်္ဘောဖြင့် သယ်ဆောင်သွားခဲ့၏။ သို့သော် ၁၈၉၃ ခုနှစ်တွင် ကြေးဆင်းတုတော်ကြီးကို ဇလွန်မြို့သို့ ပြန်လည်ပို့ဆောင်ခဲ့ရသည်။ ထိုအချိန်မှစ၍ ပြည်တော်ပြန်ဘုရားကြီး ဟု ကျော်ကြားခဲ့သည်။ အခြား ထင်ရှားသော ဘုရားမှာ ရွှေရင်ဧစေတီတော်ဖြစ်သည်။
ဇလွန်မြို့သည် သင်္ဘောဆိပ်ကမ်းမြို့ ဖြစ်သဖြင့် ဟင်္သာတမှလာသော သင်္ဘောများနှင့် ရန်ကုန်မှလာသော သင်္ဘောများဆိုက်ကပ်ရာ ဒေသဖြစ်လေသည်။ အရေးကြီးသော ထွက်ကုန်မှာ ဆန်စပါးဖြစ်၏။
မြစ်ရေတိုးခြင်းဒဏ်ကြောင့် ကမ်းပြိုပျက်စီးသဖြင့် ဇလွန်မြို့ကို ကုန်းတွင်းသို့ အကြိမ်ကြိမ်ပြောင်းရွှေ့ခဲ့ရသည်။ မြို့နယ်၏ အကျယ်အဝန်းမှာ စတုရန်းမိုင်ပေါင်း ၂၇၆ မျှရှိ၍၊ မြို့၏ လူဦးရေမှာ ၁၉၅၃ ခုနှစ် သန်းကောင်စာရင်းအရ ၈၉၈ ယောက်ခန့် ဖြစ်လေသည်။[၁]
မြို့နယ်၏ဖွဲ့စည်းပုံ[ပြင်ဆင်ရန်]
ရပ်ကွက် (၅) ခုရှိသည်။ ၎င်းတို့မှာ-
၁) လမ်းမတော်တောင်ရပ်ကွက်
၂) လမ်းမတော်မြောက်ရပ်ကွက်
၃) ကန်းနားရပ်ကွက်
၄) ဆန်တန်းရပ်ကွက်
၅) ညောင်ပင်ဈေးရပ်ကွက်
ကျေးရွာအုပ်စု ( ) ကျေးရွာပေါင်း ( )တို့ဖြစ်ကြသည်။
အထင်ကရနေရာများ[ပြင်ဆင်ရန်]
ဇလွန်မြို့တွင် အထင်ကရနေရာများစွာရှိသည်။ ၎င်းတို့အနက်အောက်ပါနေရာများသည် လည်ပတ်သွားလာရန်အကောင်းဆုံးဖြစ်သည်။
၁) မာရ်အောင်မြင်ပြည်တော်ပြန်မြတ်စွာဘုရားကြီး
၂) ဗုဒ္ဓအံတော်မြတ်
၃) ဦးသီလစေတီတော်
၄) ရွှေငြိမ်းအေးဘုရား
အစားအသောက်[ပြင်ဆင်ရန်]
ထိုဒေသတွင် နာမည်ကြီးသည့် အထင်ကရအစားအသောက်များမှာ-
၁) မဗေဒါပဲကြီးလှော်
၂) ဇင်မင်းဂျင်းသုတ်
၃) ငှက်ပျော်ကြော် တို့ဖြစ်ကြသည်။
ဒေသထွက်ကုန်များမှာ
၁) ဆန်/စပါး
၂) ပဲမျိုးစုံ
၃) ပြောင်းဖူး
၄) ငရုတ်သီး
၅) သင်ဖြူးဖျာ


ကိုးကား[ပြင်ဆင်ရန်]
- မြန်မာ့စွယ်စုံကျမ်း၊ အတွဲ(၄)",,,,,,
<urn:uuid:2ba34774-3ee9-4a14-b335-2dbad2439672>,"နိုင်ငံပြင်ပတွင်ရောက်ရှိနေသူများ ကြိုတင်ဆန္ဒမဲပေးနိုင်ရေးကိစ္စ
၁။ ပြည်ထောင်စုရွေးကောက်ပွဲကော်မရှင်သည် အထွေထွေရွေးကောက်ပွဲကို ၂၀၂၀ ပြည့်နှစ် နိုဝင်ဘာလ ၈ ရက်နေ့တွင် ကျင်းပပြုလုပ်မည်ဖြစ်ကြောင်း ကြေညာချက် ထုတ်ပြန်ခဲ့ပြီးဖြစ်ပါသည်။ နိုင်ငံပြင်ပတွင် ရောက်ရှိနေသူ မဲဆန္ဒရှင်များအနေဖြင့် ကြိုတင် ဆန္ဒမဲလက်မှတ်ဖြင့် ဆန္ဒမဲပေးနိုင်ရန် ပုံစံ (၁၅) များကို အောက်ဖော်ပြပါ အစီအစဥ်များ အတိုင်း ရယူဖြည့်စွက်၍ သက်ဆိုင်ရာ မြန်မာသံရုံးများသို့ ပြန်လည်ပေးပို့ရမည် ဖြစ်ပါသည်-
|
|
(က)
|
|
ပုံစံ (၁၅) များကို စတင်ထုတ်ယူနိုင်မည့်ရက်
|
|
၃-၇-၂၀၂၀
|
|
(ခ)
|
|
Download ရယူနိုင်မည့်နည်းလမ်းများ
|
|
|
|
|
|
ပြည်ထောင်စုရွေးကောက်ပွဲကော်မရှင် https://www.uec.gov.mm/
|
|
|
|
နိုင်ငံခြားရေးဝန်ကြီးဌာန https://www.mofa.gov.mm/
|
|
|
|
မြန်မာသံရုံး၊ လန်ဒန်မြို့ https://www.londonmyanmarembassy.com/
|
|
(ဂ)
|
|
ပုံစံ (၁၅) များကို ပြန်လည်ပေးပို့ရမည့် နေ့ရက်
|
|
၁၆-၇-၂၀၂၀ မှ
၅-၈-၂၀၂၀ အထိ
၃။ သို့ဖြစ်ပါ၍ မြန်မာသံရုံး၊ လန်ဒန်မြို့မှ တာဝန်ယူဆောင်ရွက်နေသည့် ဗြိတိန်နိုင်ငံ၊ အိုင်ယာလန်သမ္မတနိုင်ငံ၊ ဆွီဒင်နိုင်ငံ နှင့် ဒိန်းမတ်နိုင်ငံများမှ ကြိုတင်ဆန္ဒမဲပေးလိုသူ မြန်မာ နိုင်ငံသားများအနေဖြင့် ကြိုတင်ဆန္ဒမဲလက်မှတ်ဖြင့် ဆန္ဒမဲပေးနိုင်ရန် ပုံစံ (၁၅) အား ရယူ၍ ပြည့်စုံစွာ ဖြည့်စွက် ပေးပါရန်နှင့် မြန်မာသံရုံး ၏ အီးမေးလ် [email protected] သို့ သတ်မှတ်ရက်များအတွင်း အချိန်မီ ပြန်လည်ပေးပို့ပေးပါရန် အကြောင်းကြားအပ်ပါ သည်။
|
|
မြန်မာသံရုံး၊လန်ဒန်မြို့
ရက်စွဲ၊ ၂၀၂၀ ပြည့်နှစ်၊ ဇူလိုင်လ ၃ ရက်
ပုံစံ ၁၅ ရယူရန် https://www.mofa.gov.mm/wp-content/uploads/2020/07/3.-From-15.pdf
|
|",,,,,,
<urn:uuid:3085087b-056c-45c3-acb6-1df4354f5f19>,"အပြည်ပြည်ဆိုင်ရာလေဆိပ်သည် နိုင်ငံများကြား ပြေးဆွဲနေသောလေယာဉ်များ ဆင်းသက်ရာ လေယာဉ်ကွင်းဖြစ်သည်။ လူဝင်မှုကြီးကြပ်ရေးနှင့် အခွန်ကောင်တာများ ရှိသည်။ ရှည်လျားသော ပြေးလမ်းကြီးများနှင့် မြင့်မားသော လေဆိပ်သုံးပစ္စည်းများ ရှိတတ်သည်။ အပြည်ပြည်ဆိုင်ရာလေဆိပ်များသည် ပြည်တွင်းခရီးစဉ်များ ပါရှိသည်။
အဆောက်အဦး၊ စီမံခန့်ခွဲမှု များသည် ၂၀ ရာစုအလယ်မှစ၍ ဆန်းပြားလာသည်။ ထိုအချိန်မှစ၍ ထိုလေဆိပ်များသည် လူများကို နိုင်ငံတကာမြို့များသို့ ဆက်သွယ်ပေးသည်။
သမိုင်း[ပြင်ဆင်ရန်]
၁၉၁၉ ဩဂုတ်တွင် လန်ဒန်ရှိ ဟော်စလိုးဟတ်လေဆိပ်သည် နိုင်ငံတကာခရီးစဉ်အတွက် ပထမဆုံးလေဆိပ် ဖြစ်လာသည်။
ဒီဇိုင်း[ပြင်ဆင်ရန်]
ထိုလေဆိပ်များဆောက်လုပ်ပုံသည် နိုင်ငံရေး၊ စီးပွားရေး၊ မြေမျက်နှာသွင်ပြင်အရ မတူညီပေ။ လေဆိပ်များကို နိုင်ငံ၏ ပြယုဂ်တစ်ခုအနေဖြင့်လည်းသုံး၍ ဒီဇိုင်းပိုင်းကို သေချာစွာဆွဲလေ့ရှိသည်။
ထိုလေဆိပ်များသည် အင်မတန်အလုပ်ရှုပ်၍ လေကြောင်းထိန်းသိမ်းရေးတာဝါ ထားကြသည်။
အချို့လေဆိပ်များတွင် အပိုအခြေခံအဆောက်အဦးများ ရှိတတ်သည်။ မီးရထားလမ်းများ၊ မြို့တွင်းနှင့်ဆက်သွယ်သည့် ကားလမ်းများရှိသည်။",,,,,,
<urn:uuid:0f86b567-cec3-4be3-b3af-e1af772ced12>,"09-Dec-2018
ချောက်၊ ဒီဇင်ဘာ ၈
မကွေးတိုင်း ရေနံချောင်းမြို့တွင် အဆိပ်ပြင်း ပျားအမျိုးအစားဖြစ်သည့် လှည်းဘီးပျားအတုပ်ခံရ၍ ဆရာတော်တစ်ပါး ပျံလွန်တော်မူသွားကြောင်း ယင်းဆရာတော်နှင့် နီးစပ်သည့်ဒေသခံများထံမှ သိရသည်။
“တစ်ကိုယ်လုံးပဲ အတုပ်ခံရတာ။ ဆရာတော်နားကို ဘယ်သူမှ မကပ်ရဲကြဘူး။ ကျွန်မက အနွေးထည်ကလည်း အထူကြီး ဝတ်ထားတာ။ ခေါင်းလည်း အဝတ်ခြုံပြီး လက်တစ်ဖက်က အဝတ်နဲ့ရမ်းပြီး ဆရာတော်ကို ဇွတ်ဆွဲခေါ်ထုတ်လာရတယ်”ဟု ဖောင်ကတောကျေးရွာဒေသခံ အမျိုးသမီးတစ်ဦးက ပြောဆိုသည်။
ရွှေကြာငုံရပ်ကွက်ရှိ မဲထီးဘုန်းတော်ကြီးကျောင်းမှ သက်တော် ၇၀ ကျော်ရှိ ဆရာတော်ဦးကေလာသသည် ဖောင်ကတောကျေးရွာမှ ဆွမ်းစားဖိတ်ထားသဖြင့် ဒီဇင်ဘာ ၅ ရက် နံနက် ၈ နာရီခန့်က ဆိုင်ကယ်ဖြင့် ဆွမ်းစားကြွစဉ် ယင်းရွာအနီး ထန်းတောအတွင်းမှ လူတစ်ရပ်ခန့်ရှိ ပျားအုံ(လှည်းဘီးပျား)များ ဝိုင်းဝန်းအတုပ်ခံရ၍ ရေနံချောင်းပြည်သူ့ဆေးရုံတွင် ဆေးကုသမှုခံယူနေစဉ် ပျားတုပ်ခံရသည့်ဒဏ်ရာများဖြင့် ဒီဇင်ဘာလ ၆ ရက် ညပိုင်းတွင် ပျံလွန်တော်မူသွားခဲ့ကြောင်း ၎င်းတို့က ဆိုသည်။
“ကျွန်တော် ဆေးရုံကိုရောက်တော့ ဆရာတော်က အရမ်းတုန်နေတာပဲ။ ရေ အရမ်းဆာနေတယ်ထင်တယ်။ ရေသာ အတင်းသောက်နေတယ်။ ဆရာတော် ခန္ဓာကိုယ်အနှံ့ ပျားတုပ်ဒဏ်ရာတွေချည်းပဲ။ ဖူးရောင်နေတာပဲ။ မျက်ခွံတွေဆို ဖူးရောင်နေတယ်။ ကျွန်တော့်အထင်တော့ မျက်လုံးက သွေးတွေထွက်နေတယ် ထင်မိတယ်”ဟု ဒေသခံ ဦးအောင်ကျော်ဦးက ပြောဆိုသည်။
R-24
-
24-Sep-2020
-
24-Sep-2020
-
24-Sep-2020
-
24-Sep-2020
-
24-Sep-2020
-
23-Sep-2020
-
21-Sep-2020
-
01-Sep-2020
-
01-Sep-2020
-
02-Sep-2020
-
03-Sep-2020
-
16-Sep-2020",,,,,,
<urn:uuid:31ee4c1c-b249-4c24-8e11-0bc44cb15612>,"သြဂုတ် ၊ ၂၇ ၊ ၂၀၂၂
SP( VOM)
စစ်ကိုင်းတိုင်း ၊ မုံရွာမြို့ပေါ်က လူနေရပ်ကွက်တွေထဲက အပေါင်ဆိုင်တွေဟာ ဒီလ ၂၀ ရက်နောက်ပိုင်းကစလို့ ပေါင်နှံပစ္စည်းတွေပေါ် မူတည်ပြီး အတိုးနူန်း မြင့်တက်လာတယ်လို့ ကုန်စိမ်းစျေးသည်တွေဆီက သိရပါတယ်။
” စျေးသည်နဲ့ ငွေတိုးဆိုတာ မကင်းကြဘူးလေ ၊ ပြီးခဲ့တဲ့နှစ် ၂၀၂၁ ကစလို့ ငွေအလွတ်ချေးပေးတာ မရှိတော့ဘူး ၊ ပစ္စည်းပါမှ ငွေချေးပေးတာတွေဖြစ်လာတယ် ၊ အရပ်ထဲက အပေါင်ဆိုင်တွေက အတိုးနူန်းမြင့်လို့ အမိန့်ရဆိုင်တွေကို သွားပေါင်တယ် ၊ သူတို့လည်း အတိုးနူန်းစျေးတွေ တက်လာတယ် ၊ အဲ့ဒါကြောင့် ငွေလိုတဲ့သူတွေက ပစ္စည်းကို ပေါင်နှံတာထက် အပြတ်ရောင်းကြတာများလာတယ် “လို့ မုံရွာ ကန်သာယာစျေးက ကုန်စိမ်းစျေးသည်တယောက်က ပြောပါတယ်။
မုံရွာမြို့ ၊ သာစည်လမ်း ၊သာစည်စျေးက ပန်းသည်တယောက်က ” အရင်က ရွှေထည်ပစ္စည်း ပေါင်နှံတယ်ဆိုရင် အတိုးနူန်းက ၂ ကျပ် ၊ ၂ကျပ်ခွဲဆိုတာ အလွန်ဆုံးပဲ အခုမရတော့ဘူး ၊ ၃ ကျပ်အောက်ခံရှိတယ် ၊ တချို့ဆိုရင် ၃ ကျပ်ခွဲ ၄ ကျပ်အထိယူတာတွေရှိတယ် ၊ ရွှေချိန်များပြီး ငွေအမောင့်များရင်တော့ ၂ ကျပ်ခွဲလောက် ယူတဲ့သူတွေ အနည်းစုလောက်ပဲရှိတာ “လို့ ပြောပါတယ်။
မုံရွာမြို့၊ နန္ဒဝန် ၊ ထန်းတော ၊ စက်မှုဇုန် ၊ မြဝတီ စတဲ့ ရပ်ကွက်တွေမှာ အပေါင်ခံ ငွေချေးလုပ်ငန်း ၊ လုပ်ကိုင်နေသူ တယောက်က ” စက်ပစ္စည်းဖြစ်တဲ့ ကားတို့ ၊ ဆိုင်ကယ်တို့ ပစ္စည်းပါတယ်ဆိုရင် အတိုးနူန်းက ၅ ကျပ်နဲ့ ၁၀ အကြားမှာရှိတယ် ၊ ယူတဲ့ ငွေပေါ် မူတည်တယ် ၊ လျှပ်စစ်ပစ္စည်းကြတော့ အမျိုးအစား ၂ မျိုးခွဲထားတယ် ၊ လူသုံးကုန်ပစ္စည်းဖြစ်တဲ့ ဖုန်း ၊ ဒယ်နီ ၊ ထမင်းပေါင်းအိုး ၊ အဝတ်လျော်စက် ၊ ကေခဲသေတ္တာ ၊ တီဗီတို့ဆိုရင် အတိုးနူန်းက ၁၄ ကျပ် ၊ ၁၅ ကျပ်ဝန်းကျင်ရှိတယ် ၊ လုပ်ငန်းသုံး လျှပ်စစ်ပစ္စည်းဆိုရင် ဥပမာ ဂဟေပုံး ၊ သံဖြတ်စက် ၊ လက်ကိုင်ကျောက်စက်တို့ စတာတွေကြတော့ အတိုးနူန်းက ၁၀ ဝန်းကျင်ပေါက်တယ် ၊ အိမ်ဝန်းခြံမြေကြတော့ ၆ လထိပဲထားမယ်ဆိုရင် ၅ ကျပ်နဲ့ ၁၀ ကြားယူတယ် ၊ ၁ နှစ်စာချုပ်နဲ့ပေါင်တယ်ဆိုရင် ၃ ကျပ်နဲ့ ၅ ကျပ်ကြားဖြစ်တယ် ၊ ငွေကြေးရှားပါးလာပြီး ငွေလည်ပတ်မှု တုန့်ဆိုင်နေတာကြောင့် အတိုးနူန်းကို မျှယူရတာ “လို့ ပြောပါတယ်။
သုံးဘီး အငှားယာဥ်မောင်းတဦးကလည်း” အတိုးနူန်းတွေက အရင်ကထက် ၂ ဆနီးပါး မြင့်တက်လာတယ် ၊ လောင်းကစားသမားတွေအတွက် အဲ့ဒီ အတိုးနူန်းဟာ အရေးမကြီးပေမယ့် ၊ ကျန်းမာရေးကိစ္စနဲ့ စျေးရင်းလုပ်ရတဲ့သူတွေအတွက်တော့ အထိနာစေတယ် ၊ ဘဏ်ငွေထုတ်ရတာ ခက်ခဲတယ်ဆိုတဲ့ အကြောင်းပြချက်နဲ့ အတိုးနူန်း စျေးမြင့်တက်ယူတာဟာ လက်လုပ်လက်စားတွေရဲ့ဘဝကို ဖိနှိပ်ရာ ရောက်စေတယ် ၊ အဲ့ဒါကြောင့် သက်ဆိုင်ရာက အတိုးနူန်း သက်သာစွာနဲ့ ငွေချေးလုပ်ငန်းတွေ လုပ်ပေးစေချင်တယ် “လို့ ပြောပါတယ်။
မုံရွာမြို့ပေါ်မှာ မြို့ပြလူနေရပ်ကွက် ၃၁ ရပ်ကွက်တည်ရှိပြီး ၊ ရပ်ကွက်တိုင်းမှာ အပေါင်ဆိုင်တွေနဲ့ အဟောင်းပစ္စည်း ဝယ်ရောင်းဆိုင်တွေရှိနေပြီး အဲ့ဒီဆိုင်တွေဟာ အတိုးနူန်းမြင့်တက်လာပေမယ့် ဒီကနေ့အထိ အလုပ်ဖြစ်နေဆဲ ရှိတယ်လို့ သိရတာဖြစ်ပါတယ်။
#voiceofmyanmar #VOM #စစ်ကိုင်း",,,,,,
<urn:uuid:6fd52eef-c98e-495e-a319-38f5a8bafa16>,"ပဲခူးတိုင်းဒေသကြီးအစိုးရအဖွဲ့ဝင် ဝန်ကြီးနှစ်ဦး ဇန်နဝါရီ ၁၀ရက် ညနေပိုင်းက ရာထူးကနေ နုတ်ထွက်စာတင်လိုက်တယ်လို့ သိရပါတယ်။
ပဲခူးတိုင်းအစိုးရအဖွဲ့ သယံဇာတ၊ သဘာဝပတ်ဝန်းကျင်ထိန်းသိန်းရေးနှင့် သစ်တောဝန်ကြီး ဦးကျော်မင်းစံနဲ့ စည်ပင်ဝန်ကြီး ဦးမောင်မောင်လွင်တို့ မနေ့ ညနေ ၄ နာရီလောက်က ရာထူးကနေ ဆန္ဒအလျောက် နုတ်ထွက်စာ တင်ထားလိုက်တာလို့ သစ်တောဝန်ကြီး ဦးကျော်မင်းစံက ပြောပါတယ်။
ပြီးခဲ့တဲ့ ဇန်န၀ါရီ ၉ ရက်က ဧရာဝတီတိုင်းဝန်ကြီးချုပ်နဲ့ ၀န်ကြီးတဦးတို့ ရာထူးက နုတ်ထွက်သွားသလို ဇန်န၀ါရီ ၁၀ ရက်ကလည်း မကွေးတိုင်းဒေသကြီးက ၀န်ကြီးနှစ်ဦး ရာထူးက နုတ်ထွက်သွားပါတယ်။
4 years Ago",,,,,,
<urn:uuid:491ca707-6ca4-4a6d-9e85-0d172b0022dd>,"အဲ့ဒီ သတင်းအမှားကို တစ်လှေထဲစီး ဆိုတဲ့ ဖေ့စ်ဘွတ်အကောင့်က စက်တင်ဘာလ ၃၀ ရက်နေ့ ည ၇ နာရီ ၈ မိနစ်မှာ ရေးတင်ထားတာ ဖြစ်ပြီး အဲ့ဒီ သတင်းအမှားထဲမှာ ""OIC မှ ပုဂံကို ယူနက်စကို ပြုပေးပြီး ၂၀၂၂ ""ဓမ္မရံကြီး""ဘုရားကို လူ ၄ ထောင်ဆန့် ဗလီဆောက်ရန် တူရကီနဲ့ သဘောတူထားတာ NLD ငြင်းရဲလား"" လို့ ရေးသားထားပါတယ်။
အဆိုပါ သတင်းအမှားကို ထပ်ဆင့်ဝေမျှသူဟာ ၁၄၀၀ ကျော် ရှိနေပြီး ထပ်ဆင့်ဝေမျှနေကြဆဲ ဖြစ်ပါတယ်။
စက်တင်ဘာလ ၃၀ ရက်နေ့ ည မှာပဲ အဲ့ဒီ ဖေ့စ်ဘွတ်အကောင့်က နောက်ထပ် သတင်းအမှား တစ်ပုဒ် ထပ်တင်ထားပါတယ်။ ပထမ တင်ထားတဲ့ သတင်းအမှားဟာ ဒုတိယ တင်ထားတဲ့ သတင်းအမှားနဲ့ အချိန် ၇ မိနစ်သာ ကွာပါတယ်။ ဒုတိယ သတင်းအမှားထဲမှာတော့ ""ရန်ကုန်မြောက်ဒဂုံ မှာ လူထောင်ချီဆန့်ဗလီဆောက်ရန် တူရကီနဲ့သဘောတူထားတာ NLD ငြင်းရဲလား"" လို့ ရေးသားထားပါတယ်။ အဲ့ဒီ သတင်းအမှားကို ထပ်ဆင့်ဝေမျှသူ ၁၀၀ နီးပါး ရှိနေပါတယ်။
သတင်းဆန်းစစ်ချက်
အထက်ပါရေးသားထားတဲ့ အချက်ထဲမှာ NLD ပါတီက OIC ဆီက ထောက်ပံ့ကြေး ယူထားတယ်လို့ အရင်ဆုံး စွပ်စွဲထားပါတယ်။ NLD ပါတီအပေါ် OIC နဲ့ ပတ်သက်ပြီး စွပ်စွဲမှုတွေ ဟာ ဇွန်လ ခန့်ကတည်း တကျော့ပြန် ပျံ့နှံ့ခဲ့တာ ဖြစ်ပြီး အဆိုပါ ရေးသားမှုတွေအပေါ် NLD ပါတီ ဗဟို ပြန်ကြားရေး ကော်မတီ အဖွဲ့ဝင် ဦးဟံသာမြင့် က NLD ပါတီဟာ OIC အပါအဝင် မည်သည့်နိုင်ငံခြား အထောက်ပံ့မှာ ယူခဲ့ဖူးခြင်း မရှိဘူးလို Boom Myanmar ရဲ့ ဆက်သွယ်မေးမြန်းမှုကို အတည်ပြု ဖြေကြားခဲ့ဖူးသလို၊ ပါတီရဲ့ ဗဟိုပြန်ကြားရေး ကော်မတီ အတွင်းရေးမှူး မုံရွာအောင်ရှင်ကလည်း NLD ပါတီဟာ ကိုယ်စားလှယ်တွေရဲ့ လခ ၂၀ % နှုန်းနဲ့ ပါတီထောက်ခံသူတွေလှူဒါန်းရဲ့ ရံပုံငွေနဲ့ ရပ်တည်နေတာ ဖြစ်တယ်လို့ ပြောပါတယ်။
ယခင် NLD ပါတီက OIC ဆီက ထောက်ပံ့ကြေး ယူခဲ့တယ်လို့ ဖြန့်ဝေထားတဲ့ အကြောင်းအရာတွေကို Boom ရဲ့ အချက်အလက် စစ်ဆေးမှုတွေကို ဒီမှာ ဖတ်နိုင်ပါတယ်။
ဒါ့အပြင် ယူနက်စကို အဖွဲ့ဆိုတာ ကုလသမဂ္ဂ ပညာရေး၊ သိပ္ပံနှင့် ယဉ်ကျေးမှုအဖွဲ့ လို့ အဓိပ္ပါယ်ရပြီး ယူနက်စကိုရဲ့ ယဉ်ကျေးမှု ကော်မတီဝင် ၂၁ နိုင်ငံက ပုဂံကို ကမ္ဘာအမွေအနှစ်အဖြစ် ထည့်သွင်းဖို့ အတည်ပြုခဲ့ခြင်းသာ ဖြစ်ပါတယ်။ ပုဂံ ဟာ မြန်မာနိုင်ငံအတွက် ဒုတိယမြောက် ယူနက်စကို စာရင်းဝင်ခဲ့တာ ဖြစ်ပြီး ၂၀၁၄ တုန်းက ဟန်လင်း၊ ဗိဿနိုး၊ သရေခေတ္တရာ ပျူမြို့ဟောင်း စတဲ့ မြို့(၃) မြို့က ပထမအကြိမ် ယူနက်စကို စာရင်ဝင်ခဲ့တာ ဖြစ်ပါတယ်။
ယူနက်စကို စာရင်းဝင်ခြင်းဟာ ကမ္ဘာ့အမွေအနှစ်လို့ သတ်မှတ်ခံရတဲ့ ရှေးဟောင်း အဆောက်အအုံတွေကို ရေရည်ထိန်းသိမ်းဖို့ ယူနက်စကို ဆီက နည်းပညာအကူအညီတွေ ရရှိမှာ ဖြစ်တဲ့အပြင် ကမ္ဘာအမွေအနှစ်အဖြစ် သတ်မှတ်ခံရခြင်းအတွက် ခရီးသွားလုပ်ငန်းကို ပိုမို အကျိုးပြုစေမှာ ဖြစ်ပါတယ်။ ၎င်း သတင်းအမှား ဖြန့်ထားတဲ့ ဗလီဆောက်ခွင့်ရမယ် ဆိုတာဟာ လုံးဝ မဟုတ်ပါဘူး။အထက်ပါ ရေးသားမှုဟာ ၂၀၁၀၊ ၂၀၁၂ နဲ့ ၂၀၁၅ မတိုင်ခင်က ဘာသာရေးဆူပူမှု ဖြစ်အောင် သွေးထိုး လှုံ့ဆော်လေ့ရှိတဲ့ ရေးသားမှုမျိုးနဲ့ ဖြန့်ဝေတာကို တွေ့ရပါတယ်။
၎င်းရဲ့ ဒုတိယ သတင်းအမှားပိုစ့်မှာ ရေးထားတဲ့ မြောက်ဒဂုံမှာ လူထောင်ချီ ဆန့်တဲ့ ဗလီကြီး ဆောက်ဖို့ NLD နဲ့ သဘောတူ ထားတယ် ဆိုတာဟာလည်း ရွေးကောက်ပွဲ မတိုင်မီ NLD ပါတီအပေါ် လူထုထောက်ခံမှုကျအောင် သွေးထိုး လှုံ့ဆော်မှု သက်သက်သာ ဖြစ်ပါတယ်။
အဆိုပါ သတင်းအမှားဖြန့်ထားတဲ့ ဖေ့စ်ဘွတ်အကောင့်ကို ဝင်ရောက် စစ်ဆေးကြည့်တဲ့အခါမှာလည်း မည်သူမည်ဝါမှန် ဖော်ပြထားခြင်း မရှိတဲ့ အကောင့်ပုန်း တစ်ခု ဖြစ်တာကို တွေ့ရပြီး NLD ပါတီကို သတင်းအမှားဖြန့် တိုက်ခိုက်ပြီး နိုင်ငံရေး အမြတ်ထုတ်နေတာကို တွေ့ရပါတယ်။
Claim Review : လူမှုကွန်ယက်ပေါ်မှာ ရေးသားထားတဲ့ NLD ပါတီက OIC က ထောက်ပံ့ကြေးယူပြီး ပုဂံကို ယူနက်စကို ဝင်ခွင့်ရအောင်ပြုလုပ်ပြီး ဗလီ ဆောက်လုပ်ပေးဖို့ သဘောတူထားတယ်ဆိုတဲ့ အကြောင်းအရာကို Boom Myanmar က အချက်အလက် စစ်ဆေးထားပါတယ်။
Claimed By : facebook
Fact Check : False
Next Story",,,,,,
<urn:uuid:af0c5f58-00a1-40ea-acbe-7779e43acb60>,"ကမ္ဘာပေါ်က အရက်စက် အကြမ်းတမ်းဆုံး စစ်သွေးကြွအဖွဲ့ နှစ်ဖွဲ့ အကြမ်းဖက်မှုတွေ ပူးပေါင်းလုပ်ဆောင်သွားဖွယ်ရာ ရှိနေပါတယ်။ Nigeria Boko Haram ခေါင်းဆောင် Abubakar Shekau က IS ခေါင်းဆောင် Abu Bakr al-Baghdadi ကို ဘယ်လိုအခြေအနေမျိုးမှာပဲဖြစ်ပါစေ သစ္စာခံသွားမယ် ဆိုပြီးတော့ ပြောဆိုထားတဲ့ အသံဖိုင် ထွက်ပေါ်လာတာပါ။
IS အဖွဲ့ကို သစ္စာခံသွားမယ်လို့ ဘိုကိုဟာရမ်အဖွဲ့က ပြောကြားခဲ့တဲ့ အကြောင်း စစ်သွေးကြွတွေကို လေ့လာစောင့်ကြည့်နေတဲ့ SITE အဖွဲ့က ဆိုပါတယ်။ ဒီအကြမ်းဖက်အဖွဲ့တွေဟာ သူတို့ကိုယ်ပိုင် အစ္စလာမ်ဥပဒေတွေ ပြဌာန်းဖို့ ကြိုးစားနေတာဖြစ်ပြီး အရက်စက်ဆုံးနည်းလမ်းတွေကို အသုံးပြုကာ သူတို့ ရည်မှန်းချက် အထမြောက်ဖို့ ဆောင်ရွက်နေတာပါ။
မနေ့က စနေနေ့မှာ ဘိုကိုဟာရမ်အဖွဲ့ရဲ့အမာခံနယ်မြေဖြစ်တဲ့ Maiduguri မြို့ ငါးဈေးတန်းအတွင်းမှာ ဒီအဖွဲ့က လုပ်ဆောင်တာလို့ သံသယရှိတဲ့ဗုံးဖောက်ခွဲမှုအတွင်း လူပေါင်း ၅၀ လောက် သေဆုံး၊ ၁၄၀ လောက် ဒဏ်ရာရခဲ့ပြီး အခုလို ကြေညာချက်ထွက်လာတာပါ။",,,,,,
<urn:uuid:14b34637-7567-49df-ab82-3e7deabad8f3>,"အစိုးရနှင့် တိုင်းရင်းသားလက်နက်ကိုင်အဖွဲ့များကြား NCA လက်မှတ်ရေးထိုးနိုင်မည့်နေ့ရက်ကို မကြာမီညှိနှိုင်းသက်မှတ်မည်ဖြစ်သည့်အတွက် လက်မှတ်ရေးထိုးပြီးပါက ချက်ချင်းလုပ်ဆောင်ရမည့် လုပ်ငန်းစဉ်များနှင့် ပတ်သက်ပြီး မြန်မာငြိမ်းချမ်း ရေးစင်တာ MPC တာဝန်ရှိသူများက စက်တင်ဘာ ၁၁ ရက်တွင် သတင်းမီဒီယာများအား အထက်ပါအတိုင်း ရှင်းလင်းပြောကြားခဲ့ခြင်း ဖြစ်သည်။
“ NCA လက်မှတ်ရေးထိုးပြီးရင် ၁၄ ရက်အတွင်းမှာ အကောင်အထည်ဖော်မှုဆိုင်ရာညှိနှိုင်းရေးအစည်းအဝေး JICM ဆိုတာကို ကျွန်တော်တို့ ခေါ်ယူရမယ်၊ ဒါက အစိုးရကခေါ်မှာမဟုတ်ဘူး လက်နက်ကိုင်အဖွဲ့ ဘက်ကကော အစိုးရဘက်ကကော ပူးပေါင်း ဖွဲ့ထားတဲ့ JICM က ခေါ်မှာ၊ ပြီးရင် အောက်ခြေမှာ ဖြစ်နေတဲ့ ကိစ္စတွေနဲ့ ပတ်သက်ပြီး စုံစမ်းမယ် ဘယ်သူမှားတယ်၊ ဘယ်သူက NCA စာချုပ်ကို ချိုးဖောက်နေလည်းဆိုတာ ကိုပေါ့၊ ပြီးရင် တခြား လုပ်ငန်းတွေကိုလည်း ဆက်လက်အကောင်အထည်ဖော်သွားရမယ်”ဟု MPC အပစ်ရပ် စဲရေး အကောင်အထည်ဖော် ညှိနှိုင်းရေး ဒါရိုက်တာ ဒေါက်တာမင်းဇော်ဦးက ပြောသည်။
NCA လက်မှတ်ရေးထိုးမည့်ရက်ကို နိုင်ငံတော်သမ္မတ ဦးသိန်းစိန်က စက်တင် ဘာ ၂၉ ရက်နေ့တွင် ပြုလုပ်ရန် ကမ်းလှမ်းထားပြီး တိုင်းရင်းသား လက်နက်ကိုင်အဖွဲ့ ခေါင်းဆောင်များဘက်က အောက်တိုဘာ ၁၅ ရက်တွင် လက်မှတ်ရေးထိုးရေးရန် ပြန်လည်တင်ပြထားသည့်အတွက် တိကျသည့်နေ့ရက်ကို ပြန်လည် ညှိနှိုင်းဆွေးနွေးကြမည်ဟု MPC တာဝန်ရှိသူများက ဆိုသည်။
NCA ကို လက်မှတ်ရေးထိုးခဲ့ပြီးဆိုပါက ၂၄ နာရီအတွင်း၌ စစ်ဘက်ဆိုင်ရာကျင့်၀တ်များကို ၂ ဖက် သက်ဆိုင်ရာ တပ်မှူးများသို့အကြောင်းကြားရန်၊ ၅ ရက်အတွင်း NCA တွင် ပါဝင်သည့် အချက်များကို သက်ဆိုင်ရာ ၂ ဖက်တပ်မှူးများ အဆင့်ဆင့်ကိုရှင်းလင်း အသိပေးရန်၊ ၁၄ ရက်အတွင်း အကောင်အထည်ဖော်မှုဆိုင်ရာ ညိှနှုိင်းရေးအစည်းအဝေး JICM ခေါ်ယူပြီး ရက်ပေါင်း ၃၀ အတွင်း ပစ်ခတ် တိုက်ခိုက်မှု ရပ်စဲရေးဆိုင်ရာ ပူးတွဲစောင့်ကြည့်ရေး ကော်မတီ JMC ကို ဖွဲ့စည်းကာ စစ်ဖက်ဆိုင်ရာကို စောင့်ကြည့်သွားရန်၊ အလားတူ ပြည်ထောင်စု ငြိမ်းချမ်းရေးဖော်ဆောင်မှု ပူးတွဲကော်မတီ UPDJC ကို ဖွဲ့စည်းကာ နိုင်ငံရေးဆိုင်ရာများကို ဆွေးနွေးကြမည်ဖြစ်ကြောင်း သိရသည်။
ယင်းနောက် နိုင်ငံရေးဆွေးနွေးမူဘောင်များကို ရက်ပေါင်း ၆၀ အတွင်းရေးဆွဲကြမည်ဖြစ်ကြောင်း၊ ရက်ပေါင်း ၉၀ အတွင်း ပြုလုပ်မည့် နိုင်ငံရေးဆွေးနွေးပွဲများကိုလည်း UPDJC က စောင့်ကြည့်လေ့လာသွားမည်ဖြစ်ကြောင်း တိုင်းရင်းသား လက်နက်ကိုင်အဖွဲ့ခေါင်းဆောင်များနှင့် အစိုးရကြား သဘောတူညီထားသည်ဟု MPC ကပြောသည်။
အလားတူ နေပြည်တော် မြန်မာအပြည်ပြည်ဆိုင်ရာကွန်ဗင်းရှင်းစင်တာ၌ စက်တင်ဘာလ ၉ ရက်နေ့က နိုင်ငံတော်သမ္မတနှင့် တိုင်းရင်းသားလက်နက်ကိုင်တော်လှန်ရေးအဖွဲ့အစည်းများ၏ ထိပ်သီးခေါင်းဆောင် ၉ တွေ့ဆုံဆွေးနွေးခဲ့ရာ NCA လက်မှတ်ရေးထိုးရာတွင် အားလုံးပါဝင်ရေးမူကို အဓိကထားဆွေးနွေးခဲ့သည်ဟု တိုင်းရင်းသားလက်နက်ကိုင်ထိပ်သီးခေါင်းဆောင်များက စက်တင်ဘာ ၁၀ ရက်နေ့စွဲဖြင့် ကြေညာချက်ထုတ်ပြန်ခဲ့သည်။
အနည်းဆုံး တိုင်းရင်းသားလက်နက်ကိုင်အဖွဲ့အစည်းများ၏ အဆင့်မြင့်ညှိနှုိင်းရေးကိုယ်စားလှယ် SD အဖွဲ့ဝင် ၁ရ ဖွဲ့ပါဝင်နိုင်ရေးကို အဆိုပြုတင်ပြထားသည်ဟု အဆိုပါထုတ်ပြန်ချက်တွင် ဖော်ပြထားသည်။
NCA မူချောတွင် အချက် ၃၂ ချက်အား သဘောတူညီမှုရရှိထားသော်လည်း နောက်ဆုံးအချက် ၃၃ သဘောတူစာချုပ်လက်မှတ်ရေးထိုးခြင်း၌ ပါဝင်လက်မှတ်ရေးထိုးမည့် တိုင်းရင်းသားလက်နက်ကိုင်အဖွဲ့ အချို့အား အစိုးရဘက်က ချန်လှပ်ထားသဖြင့် အပြီးသတ်လက်မှတ်ရေးထိုးရန် တစ််ဆို့နေရခြင်း ဖြစ်သည်။",,,,,,
<urn:uuid:1c6eb232-17da-4016-9a68-bfc564d39241>,"ပုလဲ၊ စက်တင်ဘာ ၁ဝ
စစ်ကိုင်းတိုင်းဒေသကြီး ယင်းမာပင်ခရိုင် ပုလဲမြို့တွင် ပုလဲပရဟိတဆရာ တော်ဦးစီးတည်ထောင်သည့် ပုလဲမေတ္တာကုသိုလ်ဖြစ်မျက်စိဆေးရုံ တော်တည်ဆောက်မှုမှာ ယခုအခါ ၇၅ ရာခိုင်နှုန်းပြီးစီးနေပြီဖြစ်ပြီး ၂ဝ၁၈ မေလအတွင်း အပြီးတည် ဆောက်ဖွင့်လှစ်သွားမည်ဖြစ် ကြောင်းသိရသည်။ ပုလဲပရဟိတဆရာတော် ဘဒ္ဒန္တပညာဝံသ(ပုလဲဆရာတော်) မှာ နိုင်ငံတော်မှ ဆက်ကပ်သည့် ဓမ္မကထိက ဗဟုဇနဟိတဓရ စစ်ကိုင်းတိုင်းဒေသကြီး အစိုးရမှ ဆက်ကပ်သည့် လူမှုထူးချွန်(ပထမ) ဆုရရှိခဲ့ပြီး ပရဟိတလုပ်ငန်းများ ဖြစ်သည့် သောက်ရေသန့်နှင့်သုံး ရေ၊ အသက်ကယ်အောက်ဆီဂျင် လေများ အခမဲ့လှူဒါန်းခြင်း အခ မဲ့ဆေးခန်းဖွင့်လှစ်၍ ကျန်းမာရေး စောင့်ရှောက်မှုပြုလုပ်ပေးခြင်းများအပြင် လူမှုကူညီထောက်ပံ့ရေး လုပ်ငန်းများကိုပါ လုပ်ငန်းစဉ်များ ချမှတ်ဆောင်ရွက်လျက်ရှိသည်။",,,,,,
<urn:uuid:6a4b78a3-e733-4b9b-9363-ffa9f50f6541>,"Additional information
2015 Ford Ranger Rap Cab 4x4, 295 သိန်း
ဖုန်း - 09 444466810
Ford Showroom မှ ဝယ်ထားသော Brand New ဘယ်မောင်းကားများဖြစ်သည်
ပုံမှန် Ford Showroom တွင်သာ maintenance လုပ်ထားသောကြောင့်ကားကြံ့ခိုင်မှု့စိတ်ချရသည်
2.2 cc ဘယ်မောင်း Manual gear , Diesel
လှိုင်သာယာ FMI City, Yoma Bank စတို တွင်ကားလာကြည့်ပြီး စိတ်ကြိုက်မောင်းနှင်စစ်ဆေးနိုင်ပါသည်
မှတ်ချက် - အရစ်ကျမရပါ / ပွဲခမပေးပါ / အလဲထပ်မလုပ်ပါ
Companyလိုင်စင်အမည်ပေါက်ပြီးကားများဖြစ်ပြီး
2018 , 9 လပိုင်းကုန်မှလိုင်စင်သက်တမ်းကုန်မည်
လိုင်စင်သက်တမ်းကုန်ဆုံးပါက ဝယ်ယူသူမှ မိမိဘာသာအမည်ပေါက်ပြောင်းရမည်",,,,,,
<urn:uuid:bbf5f08f-5a74-4633-befd-2cf65c60f745>,"တစ်နှစ်တစ်ခါ Google ရဲ့စမတ်ဖုန်းအနေနဲ့ထွက်ရှိလေ့ရှိတဲ့ Nexus စမတ်ဖုန်းစီးရီးကတော့ အောက်တိုဘာ ၄ ရက်နေ့မှာပဲအဆုံးသတ်သွားပါပြီ။ ဘာကြောင့်လဲဆိုတော့ Google ရဲ့ကိုယ်ပိုင်စမတ်ဖုန်းစီးရီးအသစ်အနေနဲ့ Pixel အမည်ဖြင့်စမတ်ဖုန်း ၂ မျိုးကိုစတင်မိတ်ဆက်ပြသလိုက်ခြင်းကြောင့်ဖြစ်ပါတယ်။ ဒီ Pixel စမတ်ဖုန်း ၂ မျိုးကတော့ Pixel နဲ့ Pixel XL တို့ဖြစ်ပါတယ်။
ယခု ၂၀၁၆ ခုနှစ်ထုတ် Pixel စမတ်ဖုန်းများကို HTC နဲ့ပူးပေါင်းထုတ်လုပ်ထားတာပါ။ စမတ်ဖုန်းရဲ့ကျောဘက်ခြမ်းဒီဇိုင်းကိုတော့ Gorilla Glass 4 နဲ့ Metal Body တစ်ဝက်စီရောနှောထားတဲ့ဒီဇိုင်းအသွင်အပြင်နဲ့တွေ့မြင်ရမှာပါ။ HTC ကထုတ်လုပ်ပေးထားသော်လည်း Google ရဲ့ကိုယ်ပိုင်စမတ်ဖုန်းအနေနဲ့ထွက်ရှိလာခြင်းဖြစ်ပြီး Google ရဲ့ Logo တစ်ခုသာပါဝင်တာကိုတွေ့မြင်ရမှာပါ။
Pixel စမတ်ဖုန်းကတော့ Screen size ၅ လက်မရှိပြီး Pixel XL စမတ်ဖုန်းကတော့ Screen size ၅.၅ လက်မအရွယ်စမတ်ဖုန်းဖြစ်ပါတယ်။ ဖုန်း ၂ မျိုးလုံးကို 1080p Resolution Display တပ်ဆင်ထားပါတယ်။ Battery ပမာဏအားဖြင့် Pixel ကို 2770 mAh ၊ Pixel XL ကို 3450 mAh Battery တပ်ဆင်ထားပါတယ်။ Pixel စမတ်ဖုန်းတွေရဲ့ Processor ပိုင်းအနေနဲ့ Qualcomm ရဲ့နောက်ဆုံးထွက် Snapdragon 821 Processor ကိုတပ်ဆင်ထားပါတယ်။ စက်လည်ပတ်မှုစနစ်အနေဲ့ Google ရဲ့နောက်ဆုံးထွက် Android version ဖြစ်တဲ့ Android 7.1 Nougat ကိုအသုံးပြုထားပါတယ်။
Camera ပိုင်းအနေနဲ့ နောက်ဘက်ခြမ်းကင်မရာ 12 MP ( 1.55µm pixels, f/2.0 aperture , Laser Detection Autofocus (LDAF), 4K (30fps) video capture) ၊ ရှေ့ဘက်ခြမ်းကင်မရာ 8 MP (f/2.4 aperture, 1.4 µm pixels, Full HD video capture (30fps)) တို့ကိုတပ်ဆင်ထားပါတယ်။ စမတ်ဖုန်းကင်မရာတွေကိုနှိုင်းယှဉ်စမ်းသပ်တဲ့အဖွဲ့ဖြစ်တဲ့ DXOMARK မှ Google Pixel,Pixel XL စမတ်ဖုန်းတွေရဲ့ဓာတ်ပုံရိုက်ကူးမှုအရည်အသွေးရလဒ်ကိုထုတ်ပြန်ခဲ့ရာ ရမှတ် ၈၉ အထိရှိပါတယ်။ ဒါဟာ DXOMARK ကစမ်းသပ်ခဲ့သမျှစမတ်ဖုန်းအားလုံးထဲမှာအမြင့်ဆုံးရမှတ်လည်းဖြစ်ပါတယ်။ Google Pixel စမတ်ဖုန်းနဲ့ရိုက်ကူးထားတဲ့ဓာတ်ပုံတွေကို ရိုက်ကူးထားတဲ့ဓာတ်ပုံအရည်အသွေးအတိုင်း Online ပေါ်က ကိုယ်ပိုင် account နဲ့ Google Photo Storage ထဲမှာသိမ်းဆည်းနိုင်မှာဖြစ်ပြီး Online Storage ပမာဏအနေနဲ့ Unlimited ပေးထားပါတယ်။
Google Pixel စမတ်ဖုန်းတွေမှာဖြစ်တဲ့ပြဿနာတွေကိုဖြေရှင်းပေးဖို့ 24hr Customer Care Service ကိုပါ Google ကထည့်သွင်းပေးထားပါတယ်။ သူတို့ရဲ့အချိန်မရွေးစကားလှမ်းပြောနိုင်ပြီး သင့်ရဲ့ ဖုန်း Screen မြင်ကွင်းကိုပါ ယင်း Customer Care Service ဆီကိုမျှဝေပြီးအကြံဉာဏ် ၊ အကူအညီတောင်းနိုင်ပါတယ်။
Google Pixel စမတ်ဖုန်းတွေမှာ Google Assistant လို့ခေါ်တဲ့ AI ပါဝင်လာပါပြီ။ Google Assistant ဟာ ယခင် Android version 6 မှာပါခဲ့တဲ့ Google Now ထက်ပိုပြီးအသိဉာဏ်မြင့်မားသလို အပြန်အလှန်စာရိုက်ပြောဆိုနိုင်ပါသေးတယ်။ Google Assistant ကနေတဆင့် ဖုန်းထဲမှာရှိတဲ့လုပ်ငန်းဆောင်တာမှန်သမျှကိုအလွယ်တကူချိတ်ဆက်နိုင်သလို Google နဲ့ချိတ်ဆက်ထားတဲ့အတွက် Google ကနေရှာလို့ရတဲ့အရာမှန်သမျှ ၊ လုပ်ပေးလို့ရတဲ့အရာမှန်သမျှကို Google Assistant ကလုပ်ပေးနိုင်ပါတယ်။
Google Pixel စမတ်ဖုန်းတွေအတွက် ဖုန်း Case အလန်းလေးတွေကိုပါ Google ကထုတ်လုပ်ပေးထားပါပြီ။
Google Pixel စမတ်ဖုန်း ၂ မျိုးလုံးကို RAM 4GB တပ်ဆင်ထားပြီး Storage အနေနဲ့ 32GB နဲ့ 128GB ဟူ၍ ၂ မျိုးထုတ်လုပ်ပေးထားပါတယ်။ စမတ်ဖုန်းအရောင်အနေနဲ့ အဖြူ ၊ အနက် ၊ အပြာ ဟူ၍ အရောင် ၃ မျိုးထုတ်လုပ်ပေးထားပါတယ်။ ဈေးနှုန်းအားဖြင့် Pixel (32 GB Model) ၆၄၉ ဒေါ်လာ ၊ Pixel (128 GB Model) ၇၄၉ ဒေါ်လာ ၊ Pixel XL (32 GB) ၇၆၉ ဒေါ်လာ ၊ Pixel XL (128 GB) ၈၆၉ ဒေါ်လာဖြစ်ပါတယ်။
Myanmar Mobile App မှ ကူးယူဖော်ပြသည်",,,,,,
<urn:uuid:2ced0e49-f23d-47d3-87a2-5d93b02de9e1>,"မြန်မာ့အာမခံလုပ်ငန်း၊ ကလေးခရိုင်ရုံးမှ တာဝန်ခံနှင့်အဖွဲ့သည် အာမခံလုပ်ငန်းအသိပညာ ပြန့်ပွားရေး ဟောပြောပွဲကို (၆-၄-၂၀၁၉) ရက်နေ့ ညနေ (၆:၀၀)နာရီ အချိန် ကလေးမြို့၊ အကျဉ်းဦးစီးဌာနတွင် ကျင်းပရာ ဝန်ထမ်းအင်အား (၅၀)ဦးခန့် တက်ရောက်ခဲ့ပါသည်။
အဆိုပါဟောပြောပွဲတွင် ခရိုင်တာဝန်ခံမှ မြန်မာ့အာမခံလုပ်ငန်းမှ လက်ခံဆောင်ရွက်နေသော အာမခံအမျိုးအစားများဖြစ်သည့် သူတစ်ပါးထိခိုက်မှုအာမခံ၊ မီးနှင့်အင်ဂျင်နီယာအာမခံ၊ ခရီးသွားအာမခံ၊ ဝန်ထမ်းအသက်အာမခံ(ကာလတို)နှင့် ကျန်းမာရေးအာမခံ အမျိုးအစား များကို ဦးစားပေးရှင်းလင်းခဲ့ပါသည်။ ဝန်ထမ်းများမှ မေးမြန်းချက်များကို ခရိုင်တာဝန်ခံမှ ပြန်လည်ရှင်းလင်းခဲ့ပါသည်။",,,,,,
<urn:uuid:bee68d6c-206b-40d3-a7c6-91212bbd0df8>,"ဖျာလိပ်နတ်
ဖျာလိပ်နတ် မအောင်ဖြူသည် မြန်မာ့မိရိုးဖလာကိုးကွယ်ယုံကြည်ကြသည့် နတ်တစ်ပါး ဖြစ်သည်။[၁]
သမိုင်းကြောင်း[ပြင်ဆင်ရန်]
ပေါက္ကံပြည်၌ ကျစွာမင်းစိုးစံနေချိန် သက္ကရာဇ် ၅၉၆ − ၆၁၂ တွင် ဖြစ်၏။ အောက်မြို့သုံးမြို့ကို အပိုင်စားရသည့် သုံးမြို့ရှင်သည် ဟံသာဝတီပြည်မြို့ (အချို့က သာယာဝတီဟု ဆိုကြသည်) တည်ရာတွင် မြို့ရိုးတိုင်ကို ထူရာတွင် မအောင်မြင်ဘဲ ဖြစ်နေ၏။ ထို့နောက်တွင် ပုဏ္ဏားဖြူ၊ ပုဏ္ဏားညိုတို့ကို မေးမြန်းရာတွင် အမည်တွင် အောင်ပါသည့် အမျိုးသမီးတစ်ဦးသည် အချိန်ကျလာပါက ဖျာလိပ်ကို ပွေ့ကာ လာပါလိမ့်မည်ဟု လျှောက်ထားကြသည်။[၁]
ပညာဗလနှင့် မအောင်ဖြူ[ပြင်ဆင်ရန်]
ထိုအချိန်တွင် သုံးမြို့ရှင်ထံ၌ တူတော်စပ်သူ ပညာဗလသည် အမှုထမ်းလျက်ရှိ၏။ တူဖြစ်သူသည် မြို့ဝန်သမီးကို မယူဘဲ သူကြီးသမီး မအောင်ဖြူနှင့် ယူလိုက်လေသည်။ ထိုအခါ သုံးမြို့ရှင်သည် ပညာဗလကို ဒေါသထွက်ကာ ဘုရင်အား ""ပညာဗလသည် တိုင်းပြည်ကို လုပ်ကြံပါမည်"" ဟု ကုန်းချောစကား ဆိုလေသည်။ ထိုအခါ ဘုရင်သည် ပညာဗလကို ဖမ်းဆီးတော်မူခဲ့သည်။ ထိုမျှသာမကဘဲ ပညာဗလ၏ နှမတော်စပ်သူကို ဖမ်းဆီး၍ သိမ်းပိုက်ခဲ့သည်။ သို့သော် ပညာဗလ၏ နှမသည် သုံးမြို့ရှင်၏ လုပ်ရပ်ကို မခံဘဲ အသက်အောင့်ကာ မိမိကိုယ်ကို အဆုံးစီရင်ခဲ့သည်။ သေဆုံးပြီးနောက်တွင် သုံးပန်လှနတ် ဖြစ်သွားခဲ့သည်။
ထို့နောက်တွင် ပညာဗလ အဖမ်းခံရသည်ကို မအောင်ဖြူသိသဖြင့် တွေ့ဆုံရန်အတွက် စားသောက်ချက်ပြုတ်ရန် ဟင်းအိုးဟင်းခွက်၊ ဖျာလိပ်စသည်တို့ကို ပိုက်ကာ လိုက်လာခဲ့သည်။ လမ်းတွင် မင်းမှုထမ်းတို့သည် စောင့်ဆိုင်း၍ ဖမ်းဆီးမေးမြန်းရာ အမည်တွင် ""အောင်"" ပါ၍ ပုဏ္ဏားတို့ ပြောဆိုချက်နှင့် ကိုက်ညီသည့် တနင်္ဂနွေသမီး ဖြစ်၍ မြို့ရိုးတိုင်ထူမည့် တွင်းထဲသို့ ထည့်ကာ စတေးလိုက်ကြသည်။
မစတေးမီ မအောင်ဖြူသည် ဟံသာဝတီနယ်တွင် တိရစ္ဆာန်ဖြစ်က တိရစ္ဆာန်ဆိုး၊ လူဖြစ်က လူဆိုးသာ ဖြစ်ပါစေ၊ ကြီးပွားခြင်း မရှိပါစေနှင့်ဟု ကျိန်ဆဲခဲ့လေသည်။ ထို့ပြင် မအောင်ဖြူသည် မိမိ၏ လင်ယောက်ျားနှင့် ပေါင်းသင်းရပါစေသားဟု ဆုတောင်းခဲ့သေးသည်။
သေဆုံးပြီးနောက် ဘီလူးမဘဝသို့ ရောက်သွားခဲ့သည်။ ထို့နောက်တွင် ဖမ်းဆီးခံထားရသည့် ယောက်ျားဖြစ်သူကို တန်ခိုးဖြင့် ယူဆောင်သွားခဲ့သည်။ ထို့နောက် သူပိုင်ဆိုင်သည့် နယ်တွင် ပေါင်းသင်းနေထိုင်ကြပြီး သားတစ်ဦး ဖွားမြင်ခဲ့သည်။ ထိုသားဖြစ်သူမှာ ""ခြေရာတစ်ထောင် မောင်မဲခေါင်"" ဖြစ်သည်။
ဘီလူးမသည် လင်ဖြစ်သူနှင့် သားကို ထားကာ သစ်သီးရှာသွားခိုက်တွင် သားဖြစ်သူသည် ဖခင်ကို ထမ်း၍ ထွက်ပြေးခဲ့သည်။
ဘီလူးမသည် သိလျှင်သိချင်း လိုက်သေးသည်။ သို့သော်လည်း မိမိပိုင်သည့်နယ်ကို ကျော်လွန်သွားပြီ ဖြစ်ကာ မလိုက်နိုင်တော့ပဲ ထိုနေရာတွင်ပင် အော်ခေါ်ရင်းဖြင့် ရင်ကွဲနာကျကာ သေဆုံးခဲ့သည်။ ဘီလူးမဘဝပြီးနောက် လူ့ဘဝမှ ဖြစ်စဉ်ကို စိတ်စောသဖြင့် မအောင်ဖြူဘဝက ဖျာလိပ်ကို သတိရစွဲလမ်းပြီး ""ဖျာလိပ်နတ် မအောင်ဖြူ"" ဖြစ်ခဲ့သည်။[၁]
ယုံကြည်ကိုးကွယ်ခြင်း[ပြင်ဆင်ရန်]
မအောင်ဖြူနတ်သည် အမျိုးသမီးများကြားတွင် အထူးထင်ရှားသည်။ မအောင်ဖြူသည် လင်နှင့်သားကို စိတ်နာသဖြင့် တင်မြှောက်ပသရာတွင် ယောက်ျားများ ကိုင်တွယ်ခြင်း မပြုရပေ။ အမျိုးသမီးများသည် မိမိရည်မှန်းထားသူနှင့် ပေါင်းရမည့်အကြောင်းကို မအောင်ဖြူနတ်အား မေးလေ့ရှိသည်။
နတ်တင်မြှောက်ရာတွင် ပြုလုပ်ရမည်မှာ ကန်တော့ပွဲတွင် အုန်း၊ ငှက်ပျော ထည့်၍ ပွဲရှေ့တွင် ဖျာလိပ်သစ်တစ်ခုကို ထဘီ၊ အင်္ကျီ၊ ဆံစု၊ ဘီး စသည်တို့ဖြင့် လူကဲ့သို့ ဝတ်ဆင်ပေးရသည်။ ထို့ပြင် ကျောက်ပျဉ်၊ သနပ်ခါးတုံး၊ မှန်တို့ကိုလည်း အဆင်သင့် ထားရသည်။[၁]",,,,,,
<urn:uuid:0986c2c4-ff00-426b-b0d5-e50cf74de210>,"မကျေလည်မှုများရှိ၍ UPDJC အစည်းအဝေး မပြုလုပ်နိုင်ခြင်း ဖြစ်ဟု ဆို
ဒုတိယအကြိမ် ၂၁ ရာစု ပင်လုံ ညီလာခံ – ပြည်ထောင်စု ငြိမ်းချမ်းရေး ညီလာခံတွင် မကျေလည်မှုများ ဖြစ်ပွား ခဲ့ရာမှ ပြည်ထောင်စု ငြိမ်းချမ်းရေး ဆွေးနွေးမှု ပူးတွဲ ကော်မတီ (UPDJC) အစည်းအဝေး ခေါ်ယူနိုင် ခြင်းမရှိခဲ့ဟု ဦးစိုင်းကျော်ညွန့်က ပြောသည်။
၂ လ တကြိမ် ကျင်းပရမည် ဖြစ်သော UPDJC အစည်းအဝေးကို ၂၀၁၇ ခုနှစ် မေ ၁၂ ရက်က ခေါ်ယူ ကျင်းပခဲ့ ပြီးနောက် ယနေ့ အချိန်ထိ ကျင်းပနိုင်ခြင်း မရှိသေးခြင်းသည် ဒုတိယအကြိမ် ၂၁ ရာစု ပင်လုံညီလာခံ ကျင်းပ စဉ်က သဘောထား ကွဲလွဲမှုများ ဖြစ်ပွားခဲ့ခြင်းကြောင့် ဖြစ်ကြောင်း သိရသည်။
UPDJC အတွင်းရေးမှူး အဖွဲ့ဝင် ဦးစိုင်းကျော်ညွန့်က “အဲ့ဒါကတော့ ပြောရရင် ဒီညီလာခံပြီး နောက်ပိုင်းပေါ့ လေ။ ညီလာခံ မှာ ဖြစ်တဲ့ဟာတွေက အဆင်မပြေတာတွေက အများကြီးပေါ့။ ပြောရရင် အဲ့ဒီအပေါ် ပြန်ပြီးတော့ ရှေ့ဆက် ဘယ်လို သွားရ မလဲဆိုတာကို မညှိနှိုင်းနိုင်ကြတာပေါ့။ အဲ့ဒါတွေတော့ ညှိနှိုင်းရမှာပေါ့။ မဟုတ်ရင် ကျနော်တို့ ငြိမ်းချမ်းရေး ဖြစ်စဉ် တွေကလည်း တို့လို့တန်းလန်း ကြီးပေါ့။ နည်းနည်း အကျပ်အတည်း တွေ့နေတဲ့ သဘောရှိတာပေါ့”ဟု ပြောသည်။
ဒုတိယ အကြိမ် ၂၁ ရာစု ပင်လုံ ညီလာခံကို ၂၀၁၇ ခုနှစ် မေ ၂၄ ရက်မှ ၂၉ ရက်အထိ ကျင်းပခဲ့သည်။
ထိုညီ လာခံတွင် လက်မှတ်ထိုးခဲ့သော ပြည်ထောင်စု သဘောတူစာချုပ် အပိုင်း (၁) အပေါ် သဘောထားများ ကွဲလွဲ ခဲ့ကြ သလို NCA လက်မှတ် ထိုးထားသော လက်နက်ကိုင် အဖွဲ့တချို့ အမျိုးသားအဆင့် နိုင်ငံရေး ဆွေးနွေးပွဲ ကျင်းပ နိုင်ခြင်း မရှိဘဲ ညီလာခံ ကျင်းပခြင်း၊ နိုင်ငံရေးဆွေးနွေးပွဲ မူဘောင်ပါ သဘော တူညီချက် များကို ကျော်လွန် လုပ်ဆောင်ခြင်း စသည့် ကိစ္စများအပေါ် သဘောထားများ ကွဲလွဲခဲ့ရာမှ UPDJC အစည်း အဝေး မကျင်းပနိုင်ဘဲ ဖြစ်ခဲ့သည်ဟု ၎င်းက ပြောသည်။
“ဒါကတော့ အားလုံးလည်း သိပါတယ်။ မူဘောင်တွေကို ကျော်လွန်ပြီး လုပ်ခဲ့တာတွေ၊ အမျိုးသားအဆင့် နိုင်ငံ ရေး ဆွေးနွေးပွဲ ကျယ်ကျယ်ပြန့်ပြန့် မလုပ်နိုင်သေးတာတို့၊ တိုင်းရင်းသား အဖွဲ့အစည်းတွေ အားလုံး မပါဝင် သေး ဘဲနဲ့ ပြည်ထောင်စု သဘောတူစာချုပ် ချုပ်လိုက်တော့ ဒါက ပြည်ထောင်စု သဘောတူစာချုပ် ဟုတ် မဟုတ် ပေါ့။ အဲ့ဒါတွေက အစပေါ့ အများကြီးပါ၊ ပြောရရင်တော့ အသေးအမွှားကတော့ ညီလာခံရဲ့ အခင်းအကျင်းက အစ ပြင်ဆင်ထားပုံတွေ၊ စီစဉ်ထားပုံတွေ၊ အသေးစိတ် ပြောရင်တော့ များတာပေါ့”ဟု လည်း ဦးစိုင်းကျော်ညွန့်က ပြောဆိုသည်။
မေလက ကျင်းပခဲ့သော ၂၁ ရာစု ပင်လုံညီလာခံတွင် ပြည်ထောင်စု သဘောတူ စာချုပ် အပိုင်း(၁)ဟု ဆိုကာ အချက် ၃၇ ချက်ကို NCA လက်မှတ် ထိုးထားသော အဖွဲ့များက ကိုယ်စားပြု လက်မှတ် ထိုးခဲ့ကြရာ NCA မထိုး ရသေးသော အဖွဲ့များအပေါ် လွှမ်းခြုံနိုင်သလား ဆိုခြင်းသည် သဲသဲကွဲကွဲ မရှိပေ။
အလားတူ တပ်မတော် ကိုယ်စားလှယ်များဘက်မှ ခွဲထွက်ခွင့်မရှိကြောင်း ထည့်သွင်းပေးရန် ဆွေးနွေးရာတွင် လည်း လက်နက်ကိုင် အဖွဲ့များ ဘက်က သဘောမတူကြောင်း ပြန်လည် ဆွေးနွေးခဲ့ရာ သဘောထားများ ကွဲလွဲ ခဲ့ကြပြီး ဆက်မဆွေးနွေးဘဲ အဆုံးသတ်ခဲ့ကြသည်ဟု ဆိုသည်။
အဆိုပါ သဘောထား ကွဲလွဲမှုများကြောင့် UPDJC အစည်းအဝေးကို ၂ လတကြိမ် ကျင်းပရမည်ဟု ပြဌာန်း ထား သော်လည်း ယနေ့ အထိ ကျင်းပနိုင်ခြင်း မရှိသေးဘဲ ဖြစ်နေကြောင်း သိရသည်။
ပအို့ဝ် အမျိုးသား လွတ်မြောက်ရေး အဖွဲ့(PNLO)မှ ဗိုလ်မှူးကြီး ခွန်ဥက္ကာက “ဒီလအတွင်းမှာ အကုန်လုံး ပူးတွဲ လုပ်သွား မယ်။ UPDJC လည်း ခေါ်သွားမယ်။ ပြီးတော့ JICM ပါ ခေါ်သွားမယ်။ အဲ့ဒါတွေက ဆက်တိုက်လုပ် သွားရမယ့် ဟာတွေ ပါ”ဟု ပြောသည်။
NCA လက်မှတ် ထိုးထားသော လက်နက်ကိုင် ၈ ဖွဲ့နှင့် အစိုးရ၊ တပ်မတော်တို့သည် အောက်တိုဘာ ၂၅ ရက်မှ ၂၇ ရက်အထိ NCA အကောင်အထည် ဖော်မှုအပေါ် ပြန်လည် သုံးသပ်ခြင်း အစည်းအဝေးကို ကျင်းပ သွားမည် ဖြစ်သည်ဟုလည်း ဆိုသည်။
၂၈ ရက်မှ ၂၉ ရက်တွင် အတွင်းရေးမှူး အဖွဲ့ အစည်းအဝေးကို ကျင်းပကာ ၃၀ ရက်မှ ၃၁ ရက် အထိ UPDJC အစည်းအဝေးကို ကျင်းပသွားရန် အစိုးရနှင့် NCA လက်မှတ်ထိုး ၈ ဖွဲ့ကြား စီစဉ်ထားကြောင်း သိရ သည်။
UPDJC အစည်းအဝေး ခေါ်ယူ ကျင်းပသည့်အခါ မူဘောင် အပြီးသတ် ရေးဆွဲနိုင်ရေး အပါအဝင် တတိယ အကြိမ် ၂၁ ရာစုပင်လုံ ညီလာခံ ကျင်းပနိုင်ရေး၊ နိုင်ငံရေးဆွေးနွေးပွဲများ ကျင်းပနိုင်ရေး စသည့် ကိစ္စရပ် များကို ဆွေးနွေးမည် ဖြစ်ကြောင်း ဗိုလ်မှူးကြီး ခွန်ဥက္ကာ က ပြောသည်။
NCA လက်မှတ် ထိုးထားသော တိုင်းရင်းသား လက်နက်ကိုင် ၈ ဖွဲ့မှ ခေါင်းဆောင်များပါဝင်သည့် ငြိမ်းချမ်းရေး လုပ်ငန်းစဉ် ရှေ့ဆောင်အဖွဲ့ (PPST)နှင့် နိုင်ငံတော်၏ အတိုင်ပင်ခံပုဂ္ဂိုလ် ဒေါ်အောင်ဆန်းစုကြည်တို့ ၂၀၁၇ ခုနှစ် အောက်တိုဘာ ၁၆ ရက်က တွေ့ဆုံစဉ် UPDJC အစည်းအဝေး ခေါ်ယူ ကျင်းပရေး၊ NCA အကောင် အထည် ဖော်မှုဆိုင်ရာ ညှိနှိုင်း အစည်း အဝေး (JICM) ခေါ်ယူကျင်းပရေး၊ NCA အကောင်အထည်ဖော် မှုအပေါ် ပြန်လည် သုံးသပ်ရေး သဘောတူညီခဲ့ကြကြောင်း သိရသည်။",,,,,,
<urn:uuid:4e0fb0e2-d0dd-4e36-9e02-56213efc6efd>,"ရိုးမားအသင်းနဲ့ အာဂျင်တီးနားအသင်းတို့ရဲ့ တိုက်စစ်ကစားသမား ပေါ်လိုဒီဘားလားက ၂၀၂၂ကာတာကမ္ဘာ့ဖလားပြိုင်ပွဲကြီးမှာ သူတို့ အာဂျင်တီးနားအသင်းက ကမ္ဘာ့ဖလားချန်ပီယံဆုကို သိမ်းပိုက်ရယူသွားနိုင်ပြီး သူတို့အသင်းကိုပဲ ကမ္ဘာ့ဖလားအတွက် ရေပန်းစားအဆုံးအသင်းလို့ ထင်မှတ်ကြောင်း ဝန်ခံ ပြောကြားလိုက်ပါတယ်။
Photo Credit : Marca
မက်ဆီ စကာလိုနီတို့ရဲ့ အာဂျင်တီးနားအသင်းဟာ ကိုပါအမေရိကချန်ပီယံ CONMEBOL–UEFA Cup of Champions(Finalissima)ချန်ပီယံဆုတွေကို ပိုင်ဆိုင်ထားခဲ့သလို (၃၅)ပွဲဆက် ရှုံးပွဲမရှိအောင်လည်း ကစားထားနိုင်ပြီး ကမ္ဘာ့ဖလားမတိုင်ခင် အဘူဒါဘီမှာ ကစားခဲ့တဲ့ ခြေစမ်းပွဲမှာလည်း ယူအေအီးအသင်းကို (၅)ဂိုးပြတ်နဲ့ အနိုင်ယူထားခဲ့ပါတယ်။ ဒီလို စွမ်းဆောင်ရည်တွေကြောင့် အာဂျင်တီးနားအသင်းကို ၁၉၈၆ခုနှစ်နောက်ပိုင်း ပထမဆုံးအကြိမ်အဖြစ် ကမ္ဘာ့ဖလားချန်ပီယံ ပြန်ဖြစ်လာဖို့ ရေပန်းစားနေရတာဖြစ်ပြီး မက်ဆီရဲ့ နောက်ဆုံးသော ကမ္ဘာ့ဖလားလည်း ဖြစ်လာနိုင်တာကြောင့် မက်ဆီအပါအဝင် အသင်းသားတွေအားလုံးက အခုနှစ် ကမ္ဘာ့ဖလားအတွက် ပိုမိုအားထုတ်လာဖွယ် ရှိနေပါတယ်။
Photo Credit : Marca
သူတို့ အာဂျင်တီးနားအသင်းရဲ့ ၂၀၂၂ကမ္ဘာ့ဖလား အလားအလာတွေနဲ့ ပတ်သတ်ပြီး ဒီဘားလားက “ကမ္ဘာ့ဖလားပြိုင်ပွဲဝင် အသင်းအားလုံးမှာ အခွင့်အရေးတွေ ရှိပါတယ်။ ပြီးခဲ့တဲ့ ကမ္ဘာ့ဖလားတုန်းကလည်း တူညီတဲ့ မေးခွန်းကို လူ(၁၀)ယောက်ဆီ မေးခဲ့မယ်ဆိုရင် ဘယ်သူကမှ ခရိုအေးရှားကို ဖြေမှာမဟုတ်ဘူးလို့ ကျွန်တော် ထင်ပါတယ်။ အံ့အားသင့်စရာတွေ ရှိကောင်းရှိနိုင်သလို တကယ့်ကောင်းတွေ အသင်းတွေလည်း ရှိနေပါတယ်။ အာဂျင်တီးနား ဂျာမနီ ပြင်သစ်တို့မှာ မယုံနိုင်လောက်စရာ ကစားသမားတွေ ရှိနေသလို ဘရာဇီးလ်လည်း ဒီလိုပါပဲ။ ဒါပေမယ့် ကမ္ဘာ့ဖလားမှာ ဘာတွေ ဖြစ်လာနိုင်မလဲဆိုတာ ခင်ဗျား ဘယ်တော့မှ မသိနိုင်ဘူး။ ခန့်မှန်းချက်အားလုံးကို ဖျက်ဆီးပစ်တတ်တဲ့ အံ့အားသင့်စရာတွေက အမြဲ ရှိနေတတ်ပါတယ်” လို့ ပြောဆိုလိုက်ပါတယ်။ အာဂျင်တီးနားလက်ရွေးစင်အသင်းအတွက် (၃၄)ပွဲအထိ ပါဝင်ကစားခဲ့ဖူးတဲ့ ဒီဘားလားဟာ မကြာသေးခင်ကမှ ဒဏ်ရာကနေ ပြန်လည် သက်သာလာခဲ့တာ ဖြစ်ပေမယ့်လည်း အာဂျင်တီးနားရဲ့ 2022 World Cup ကစားသမားစာရင်းမှာ ရွေးချယ်ခံခဲ့ရပြီး သူ့အတွက် ဒုတိယအကြိမ်မြောက် ကမ္ဘာ့ဖလားပြိုင်ပွဲကို ဆင်နွဲသွားရတော့မှာပဲ ဖြစ်ပါတယ်။",,,,,,
<urn:uuid:3b39c48c-3b90-49d3-90de-dd5dd712f9ff>,"TNLA ကို အစိုးရတပ်များ ထိုးစစ်ဆင်၊ အစိုးရတပ်ဘက်က အကျအဆုံးများ
This article has been converted from Zawgyi One to Unicode
ရှမ်းပြည်နယ်မြောက်ပိုင်း ကွတ်ခိုင်မြို့နယ် နမ့်ဖက်ကာ အုပ်စုတွင် ပလောင် (တအာင်း) အမျိုးသား လွတ်မြောက်ရေး တပ်မတော် (TNLA) တပ်ရင်း ၁၂၂ ကို မြန်မာအစိုးရ တပ်နှင့် ပန်းဆေး ပြည်သူ့စစ်တို့ ပူးပေါင်း စစ်ကြောင်းက စက်တင်ဘာလ ၁၁ ရက်နေ့ မွန်းလွဲပိုင်းတွင် ထိုးစစ်ဆင်ခဲ့ရာ အစိုးရ တပ်မတော်ဘက်က အကျအဆုံး များခဲ့ကြောင်း သတင်းရရှိသည်။
တနာရီခွဲခန့် ကြာမြင့်ခဲ့သည့် တိုက်ပွဲကြောင့် မြန်မာ့တပ်မတော် ခလရ ၄၅ တပ်ရင်းနှင့် ပန်းဆေးပြည်သူ့စစ်မှ ဆယ့် ၁၂ ဦး ကျဆုံးပြီး ဒဏ်ရာရရှိသူ များပြားကြောင်း ပလောင် (တအာင်း) အမျိုးသား လွတ်မြောက်ရေး တပ်မတော်မှ ဒုတိယ ဗိုလ်မှူးကြီး တားဘုန်းကျော်က ဧရာဝတီကို ပြောသည်။
“တပ်ရင်း ၁၂၂ ကို အစိုးရတပ်နဲ့ ပြည်သူ့စစ် ပေါင်းပြီး လိုက်နေတာ ၂ ရက် ၃ ရက်ရှိပြီ။ ကျနော်တို့ တနေရာပြီး တနေရာ ရွှေ့ပြီး ဆုတ်လာတာ။ မနေ့ကတော့ အတင်း ထိုးစစ်ဆင်လာလို့ တိုက်ပွဲ ဖြစ်တယ်။ ဒီနေ့တော့ သူတို့ ဒဏ်ရာရထားသူတွေကို သယ်နေတယ်လို့ သတင်းရတယ်။ ဖြစ်တဲ့နေရာက ရွာနဲ့ ဝေးတော့ အရပ်သား ထိခိုက်မှု မရှိခဲ့ပါဘူး” ဟု ၎င်းက ဆိုသည်။
စက်တင်ဘာလ ၈ ရက်နေ့က TNLA တပ်ရင်း ၁၂၂ သည် မူးယစ်ဆေးဝါး ရောင်းဝယ်နေသည့် လော့ခူန် ပြည်သူ့စစ် အဖွဲ့ကို လက်နက်ဖြုတ်သိမ်းခဲ့ပြီးနောက် အစိုးရတပ်မတော်နှင့် ပန်းဆေးပြည်သူ့စစ်မှ လိုက်လံ ထိုးစစ်ဆင်ခဲ့ခြင်း ဖြစ်ကြောင်း သိရသည်။
“ပြည်သူ့စစ်ကို လက်နက် ဖြုတ်တယ်ဆိုတာက သူတို့က မူးယစ်ဆေးဝါး လုပ်နေတယ်၊ အဲဒါကိုလည်း တပ်မတော်က အကာအကွယ် ပေးနေပြန်တယ်။ ပြည်သူ့စစ်အဖွဲ့တွေက တပ်မတော်ရဲ့ အင်္ဂါရပ် တရပ်ဖြစ်တယ်လို့ တိုင်းမှူးက ပြောတယ်။ အဲဒါဆိုရင် သူတို့က မူးယစ်ဆေးဝါး ထုတ်လုပ်၊ ဖြန့်ချိနေတယ်ဆိုရင် တပ်မတော်က လုပ်တာနဲ့ တူတူပဲ” ဟု TNLA ဒုတိယ ဗိုလ်မှူးကြီး တားဖုန်းကျော်က ဆိုသည်။
တပ်မတော်၏ အုပ်ချုပ်မှု အောက်ရှိ ပြည်သူ့စစ်အဖွဲ့များကို ဝင်မတိုက်ရန် ဆိုသည့် အချက်သည် တိုင်းရင်းသား လက်နက်ကိုင် အဖွဲ့များနှင့် ဆွေးနွေးရာတွင် မြန်မာ့ တပ်မတော်က ထားရှိသည့် အချက် ၆ ချက်တွင် တချက် အပါအဝင်ဖြစ်သည်။
“ပလောင်မှာ ရှိတဲ့ ရွာတရွာက ပြည်သူ့စစ်အဖွဲ့ကို TNLA အဖွဲ့က လက်နက်တွေ သိမ်းပြီး ရွာသားသုံးဦးကို ဖမ်းသွားတယ်လို့ သတင်းတွေ တက်လာတယ်။ တပ်မတော်ဘက်ကလည်း သူတို့ သဘောထား ထုတ်ထားတာ ရှိတယ်။ အဲဒီထဲက တချက်ချက် ညိရင်လည်း ပဋိပက္ခက ရှိနိုင်ပါတယ်။ အခုလို အဖြစ်အပျက်မျိုးကျတော့ တဘက်နဲ့ တဘက် စွပ်စွဲမှုတွေက ရှိနိုင်ပါတယ်။ သက်ဆိုင်တဲ့ အဖွဲ့အစည်းဘက်ကလည်း တုံ့ပြန်မှုတွေ ရှိသွားနိုင်တယ်” ဟု မြန်မာ့ ငြိမ်းချမ်းရေးစင်တာမှ ငြိမ်းချမ်းရေး အကျိုးဆောင် ဦးလှမောင်ရွှေက ဧရာဝတီကို ပြောသည်။
တပ်မတော်၏ သဘောထား ၆ ချက်အနက် တချို့အချက်များကို သဘောတူနိုင်သော်လည်း တချို့ အချက်များသည် နိုင်ငံရေး မဆန်ဘဲ၊ တိုင်းရင်းသား အဖွဲ့အစည်းများကို တဘက်သတ်နှိမ့်ချ ဆက်ဆံသည့် သဘောထားများ ဖြစ်နေသည့်အတွက် ငြိမ်းချမ်းရေး လုပ်ငန်းစဉ်ကို အဟန့်အတား ဖြစ်နိုင်ကြောင်း ဒုဗိုလ်မှူးကြီး တားဘုန်းကျော်က ဆိုသည်။
TNLA နှင့် အစိုးရ ပြည်ထောင်စု ငြိမ်းချမ်းရေး ဖော်ဆောင်ရေး လုပ်ငန်းကော်မတီ အဖွဲ့တို့သည် ဇူလိုင် လကုန်ပိုင်းက မူဆယ်မြို့တွင် ပထမအကြိမ် တွေ့ဆုံဆွေးနွေးခဲ့ကြပြီး အပစ်အခတ်ရပ်စဲရေး၊ ဆက်ဆံရေးရုံးများ ဖွင့်လှစ်ရေး၊ လက်နက် မပါဘဲ နယ်မြေဖြတ်သန်းခွင့် စသည့် သဘောတူညီချက်များ ရရှိခဲ့သည်။ ဇူလိုင်တွေ့ဆုံပွဲ အပြီးတွင် တိုက်ပွဲ ၆ ကြိမ် ဖြစ်ပွားခဲ့ကြောင်း သိရသည်။",,,,,,
<urn:uuid:d3f4b2d8-ff04-4c69-b891-4e012279f293>,"ရုရှားနိုင်ငံ၊ မော်စကိုမြို့တွင် မေလ ၂၃ ရက်မှ ၃ဝ ရက်အထိ ကျင်းပပြုလုပ်ခဲ့သည့် World Championship စားပွဲတင်တင်းနစ်ပြိုင်ပွဲတွင် စင်ကာပူအမျိုးသမီးအသင်းက ၈ ကြိမ်ဆက်ချန်ပီယံ တရုတ်အမျိုးသမီးအသင်းကို အံ့အားသင့်ဖွယ် အနိုင်ယူပြီး ရွှေတံဆိပ်ဆွတ်ခူးနိုင်ခဲ့ကြောင်း သိရသည်။ World Championship စားပွဲတင်တင်းနစ်ပြိုင်ပွဲကို ၁၉၂၆ ခုနှစ်၌ လန်ဒန်မြို့တွင် စတင်ကျင်းပခဲ့ခြင်းဖြစ်ပြီး ယခုတစ်ကြိမ်ပြိုင်ပွဲမှာ အကြိမ် ၅ဝ မြောက်ကျင်းပခဲ့သည့် ပြိုင်ပွဲလည်းဖြစ်သည်။သို့ရာတွင် ပြိုင်ပွဲကျင်းပသည့်ပုံစံမှာ ပုံမှန်မဟုတ်ဘဲ နှစ်နှစ်ခြား၊ သုံးနှစ်ခြားကျင်းပခဲ့သည့် နှစ်များရှိသလို ဆက်တိုက်ကျင်းပခဲ့သည့် ခုနှစ်များလည်းရှိသည်။ ပြိုင်ပွဲ၏ အအောင်မြင်ဆုံးအသင်းမှာ တရုတ်အသင်းဖြစ်ပြီး အမျိုးသားပြိုင်ပွဲတွင် ၁၈ ကြိမ်၊ အမျိုးသမီးပြိုင်ပွဲတွင် ၁၈ ကြိမ်၊ စုစုပေါင်း ၃၆ ကြိမ်ဗိုလ်စွဲထားကြောင်း သိရသည်။
ဒုတိယ အအောင်မြင်ဆုံးအသင်းမှာ ဂျပန်အသင်းဖြစ်ပြီး အမျိုးသားပြိုင်ပွဲတွင် ၆ ကြိမ်၊ အမျိုးသမီးပြိုင်ပွဲတွင် ရ ကြိမ် ဗိုလ်စွဲထားသည်။ ယခု နှစ်ပြိုင်ပွဲသို့ တရုတ်၊ စင်ကာပူ၊ ဂျာမနီ၊ ဂျပန်နှင့်ကိုရီးယားတို့ ဝင်ရောက်ယှဉ်ပြိုင်ခဲ့ကြပြီး တရုတ်အမျိုးသား အသင်းသည် ယခုတစ်ကြိမ်အပါအဝင် ၅ ကြိမ်ဆက် ဗိုလ်စွဲနိုင်ခဲ့ခြင်းဖြစ်ကြောင်း သိရသည်။ အမျိုးသား ပြိုင်ပွဲဗိုလ်လုပွဲတွင် တရုတ်နှင့်ဂျာမနီတို့ ဆုံတွေ့ခဲ့ကြပြီး တရုတ်အသင်းက အနိုင်ရရှိခဲ့ခြင်းဖြစ်ကာ ဂျပန်နှင့် ကိုရီးယားတို့က ပူးတွဲတတိယရရှိခဲ့ ကြသည်။
စင်ကာပူအမျိုးသမီးအသင်းသည် ဗိုလ်လုပွဲတွင် ၈ ကြိမ်ဆက်ချန်ပီယံ တရုတ်အသင်းကို အကြိတ်အနယ်ကစားခဲ့ရပြီး ၃-၁ ပွဲဖြင့် အနိုင်ရရှိခဲ့ခြင်းဖြစ်သည်။ စင်ကာပူအသင်းအတွက် အဓိကအရေးပါသည့်နိုင်ပွဲများကို Tainwei နှင့် Yuegu တို့က ရယူပေးခဲ့ခြင်းဖြစ်ပြီး တရုတ်အသင်းအတွက် သိက္ခာဆယ်နိုင်ပွဲကို Guo Yan က ရယူပေးခဲ့ခြင်းဖြစ်သည်။",,,,,,
<urn:uuid:708adef6-206d-4eb3-bb9a-ea113ac1fb3c>,"|1
||အပြုံးပန်းတွေဝေဆာဖို့ ငုံးမွေးမြူရေးဖြင့် မိသားစုဝင်ငွေရှာကြစို့
||Download
|
|2
||မြန်မာ့မွေးမြူရေးသုတေသနအတွက် မော်ကွန်းသစ်ဖွင့်လှစ်ခြင်း
||Download
|
|3
||ရာသီဥတုပြောင်းလဲမှုနှင့် ကိုဗစ်-၁၉ ကာလအလွန် ဆန်းသစ်ရမည့် တိုက်ရိုက်မျိုးစေ့ချ စပါးစိုက်ပျိုးနည်း DSR (Direct-Seeded Rice)
||Download
|
|4
||အိန္ဒိယသမ္မတနိုင်ငံ ဆွာမိနသန် သုတေသနဖောင်ဒေးရှင်းမှ နည်းပညာအထောက်အပံ့ဖြင့် ဆောင်ရွက်ခဲ့သည့် စပါးဇီဝဥယျာဉ်စီမံကိန်းမှ “ကောက်ရိုးကို နွားစာအဖြစ် အသုံးပြုခြင်း သုတေသနများ”
||Download
|
|5
||နေကြာသီးနှံ ပိုးမွှား၊ ရောဂါ သတိပြု၊ ကာကွယ်နှိမ်နင်းပါ
||Download
|
|6
||အပင်အဏုဇီဝသုတေသန
||Download
|
|7
||သီးနှံစိုက်ပျိုးရေးတွင် သဘာဝမြေဩဇာ၊သစ်စိမ်းနှင့် ဇီဝမြေဩဇာများ၏အရေး ပါမှု အခန်းကဏ္ဍ (၃)
||Download
|
|8
||ထရိုင်ခိုဒါးမားမှိုအသုံးပြုခြင်း၏အကျိုးကျေးဇူးများ
||Download
|
|9
||မွေးမြူရေးဆိုင်ရာဆေးတက္ကသိုလ်အကြောင်းသိကောင်းစရာ
||Download
|
|10
||ရေယာဉ်စောင့်ကြည့်ထိန်းချုပ်ရေးဆော့ဖ်၀ဲ(VMS Software)အတွက် နိုင်ငံတကာတင်ဒါခေါ်ယူခြင်း
||Download
|",,,,,,
<urn:uuid:67612a7f-6868-4c44-86ea-440c9293d6b5>,"နောက်ထပ်ကြည့်ရှုရန် စိတ်ဝင်စားဖွယ် ဗွီဒီယိုများ
-
28 နိုဝင်ဘာ၊ 2021
စွန့်ပစ်ခံ မြန်မာရေလုပ်သားတွေ နေရပ်ပြန်ရေး အခက်တွေ့
-
28 နိုဝင်ဘာ၊ 2021
ကိုဗစ်ပိုးသစ်ကြောင့် အာဖရိက ၈ နိုင်ငံ ခရီးမသွားဖို့ အမေရိကန် တိုက်တွန်း
-
28 နိုဝင်ဘာ၊ 2021
ဥရောပနိုင်ငံတချို့မှာ Omicron ကိုဗစ်ပိုးသစ် တွေ့ရှိ
-
28 နိုဝင်ဘာ၊ 2021
မြန်မာ-တရုတ် နယ်စပ်ကုန်သွယ်ရေးဂိတ် ၂ ခု ပြန်လည်ဖွင့်လှစ်
-
28 နိုဝင်ဘာ၊ 2021
နယူးယောက်မှာ မြန်မာအမျိုးသမီး သေဆုံးတဲ့ လုယက်မှု သံသယတရားခံ ဖမ်းဆီးမိ
-
27 နိုဝင်ဘာ၊ 2021
အာဖရိက ၈ နိုင်ငံက ခရီးသွားတွေကို ထိုင်း ပြည်ဝင်ခွင့်ပိတ်ပင်",,,,,,
<urn:uuid:f0a05a75-1fd1-43cb-b7d8-3440ecefef58>,"စစ်ကိုင်းတိုင်း၊ ကလေးမြို့တွင် စက်သုံးဆီဈေးနှုန်းများ အဆမတန် မြင့်တက်လာပြီး အချို့သောဆီဆိုင်များတွင် ဝယ်ယူရန်မရှိတော့ဘဲ ပြတ်လပ်နေပြီဖြစ်သောကြောင့် ပြည်သူများ အခက်အခဲဖြစ်နေကြောင်း ဒေသခံတွေထံမှ သိရသည်။
ယနေ့တွင် ကလေးမြို့ရှိ BOC အစရှိသော ပန့်ဆိုင်ကြီးများအချို့ စက်သုံးဆီများရောင်းပေးရန် မရှိတော့ဘဲ ပိတ်လိုက်ရကြောင်းကို ဆီတည့်ရန်သွားသော ဒေသခံတစ်ဦးထံမှ သိရသည်။
“တာဟန်းကနေ ဆိုင်ကယ်ဆီထည့်ဖို့ သွားတယ်၊ ဘူတာလမ်းခွဲပန့်ဆိုင်က ပိတ်ထားတော့ ဆက်သွားတာပေါ့၊ BOC လဲရောက်ရော အဲမှာလဲ ရောင်းစရာမရှိတော့လို့ ပိတ်လိုက်တာဆိုပြီး ပြောလွှတ်လိုက်တယ်။ ဒါနှင့် ကျွန်တော်လဲ အရင်ဖြည့်ဖူးနေကျ ဆိုင်မှာ သွားဖြည့်တာ ၃၀၀၀ဖိုးပဲရခဲ့တယ်။ ဟာ… ပိုက်ဆံရှိရင်တောင် လိုသလောက်မရနိုင်တဲ့ အဖြစ်ပါလား၊ ရှေ့ဆက်အခက်တွေ့ပြီပဲ” ဟု ပြောသည်။
ကလေးမြို့တွင် ဓာတ်ဆီ Octane 92 တစ်ဂါလံ ၁၆၀၀၀-၁၈၀၀၀ ကြားရှိပြီး Octane 95 တစ်ဂါလံ ၁၈၀၀၀ နှင့်အထက်တွင် ရှိနေကြောင်းသိရပါသည်။
ဒေသခံ အိမ်ရှင်မတစ်ဦးက “ကျွန်မသမီးလေး ရှေ့ရေးအတွက် မူကြိုပို့ထားရတာ၊ နေ့တိုင်းအကြိုအပို့ လုပ် နေရပါတယ်၊ အခုလို စက်သုံးဆီဈေးတွေ ဆက်တိုက် အဆမတန် မြင့်တက်လာရင်တော့ ပုံမှန်ဝင်ငွေမရှိတဲ့ ကျွန်မတို့လို လူက ဟိုငယ်ငယ်တုန်းကလိုမျိုး အချိန်ယူပြီး ခြေလျှင်လျှောက်ဖို့ပဲ တတ်နိုင်တော့မယ်” ဟု ပြောသည်။
ကလေမြို့သည် ဆိုင်ကယ်အသုံးများသည့် မြို့တစ်မြို့ဖြစ်ပြီး ယခုကဲ့သို့ ဓာတ်ဆီဈေးနှုန်းများ မြင့်တက်လာသည့်အပြင် ပြတ်လပ်သည့်အခြေအနေ ရောက်နေသည့်အတွက် ဒေသခံပြည်သူများ အခက်ကြုံနေရသည်ဟု သိရသည်။
ကလေးမြို့မှ ချင်းပြည်နယ်၊ ဟားခါးမြို့သို့ ပြေးဆွဲနေသူ ကားဆရာတစ်ဦး ပြောပြချက်အရ ဆီဈေးတက်သော်လည်း ကားခမှာ ယခင်ဈေးနှုန်းအတိုင်းပဲပြေးဆွဲရန် မလွယ်ကူကြောင်း၊ ရှေ့ဆက် အပြောင်းအလဲတော့ ရှိလာနိုင်ကြောင်း ပြောပါသည်။",,,,,,
<urn:uuid:63a68a03-bf65-471a-adea-4db2d693073d>,"“Special Desk” Promotion
အရင်လက လုပ်ပေးခဲ့တဲ့ “Special Desk” ပရိုမိုးရှင်းလေးကို သဘောကျတဲ့သူများတယ်ဆိုလို့
ဒီလ မှာလည်း ထပ်လုပ်ပေးလိုက်ပါပြီ။
ကြိုးတွေနဲ့ ရှုပ်ရှက်ခက်ပြီး နေရာအရမ်းပေးရတဲ့ Desktop ကို မကြိုက်
Performance ကို အားမရလို့ Laptop လည်းမကြိုက်တဲ့သူတွေအတွက်
စတိုင်ကျ ဒီဇိုင်းမိုက်ပြီး အရည်အသွေးကောင်းတဲ့ Acer Aspire C24 (AIO) ကို ဝယ်တာနဲ့
ပြန်အမ်းငွေ $ 25 ရမှာပါ။
အသေးစိတ်က
- C-24 1650 (i5) 11th Gen (AIO) with SSD အတွက် Cash back $ 25
- C-24 1650 (i5) 11th Gen (AIO) with HDD အတွက် Cash back $ 25
ဖြစ်ပြီး ဇူလိုင် ၅ ရက် ကနေ ၃၁ ရက်နေ့အထိ ရွှေလမင်းနဂါးရဲ့ ပါတနာဆိုင်တွေမှာဝယ်ယူခံစားနိုင်ပါတယ်..
Partner Shop >> sln-myanmar.com/partners/",,,,,,
<urn:uuid:713acab3-e6b4-4ae0-ab69-a964da617f71>,"တရုတ်နယ်စပ် ပို့ကုန်သွင်းကုန် စနစ် အပြောင်းအလဲ ရှိလာပြီး ကြန့်ကြာမှုများရှိ
သတင်းနှင့် မီဒီယာ ကွန်ရက်။
၂၀၂၃ ခုနှစ်၊ ဖေဖော်ဝါရီ ၆ ရက်။
ကျင်စန်းကျော့-ဝမ်တိန်နယ်စပ် တရုတ်ဘက်ခြမ်းတွင် ပို့ကုန်၊ သွင်းကုန် စနစ် မကြာခဏ ပြောင်းလဲမှု ရှိသဖြင့် ယခုရက်ပိုင်းအတွင်း မြန်မာဘက်မှ သစ်သီးတင်ပို့မှု နှောင့်နှေးကြန့်ကြာနေသည်ဟု နယ်စပ်ကုန်သည်များနှင့် ယာဉ်မောင်းများက ပြောသည်။
မြန်မာနှင့် တရုတ်နှစ်နိုင်ငံ ထိစပ်နေသည့် မူဆယ် ၁၀၅ မိုင်ကုန်သွယ်ရေးဇုန် အတွင်းရှိ ကျင်စန်းကျော့-ဝမ်တိန် နယ်စပ် တရုတ်ဘက်ခြမ်းတွင် ပို့ကုန်၊ သွင်းကုန် စနစ် မကြာခဏ ပြောင်းလဲသည့်အတွက် ယခုကဲ့သို့ သစ်သီး တင်ပို့မှု နှောင့်နှေးကြန့်ကြာနေရခြင်း ဖြစ်သည်ဟု ပြောသည်။
နယ်စပ်က သစ်သီးကုန်သည်တစ်ဦးက “တရုတ်ဘက်က စနစ်က အခုတစ်မျိုး၊ တော်ကြာ တစ်မျိုး ဖြစ်နေတာ။ ဘယ်လိုပြောရမှန်းကိုမသိတော့ဘူး။ တော်တော်ကို တိုင်ပတ်နေတယ်” ဟု ပြောသည်။
တရုတ်ဘက်ခြမ်း ဝမ်တိန် အခွန်ဌာနတွင် ပုံမှန်လည်ပတ်နေသည့် နယ်စပ်ကုန်သွယ်ရေးစနစ်ကို အဆင့် ၂ သို့ ပြောင်းလဲကာ အဆင့်ထပ်မြှင့်တင်မှု လုပ်ဆောင်နေသဖြင့် သစ်သီးကားများ တရုတ်ဘက်သို့ ဝင်ရောက်မှု နှေး ကွေးကာ ကြန့်ကြာနေရခြင်း ဖြစ်သည်ဟု အဆိုပါ သစ်သီးကုန်သည်က ဆက်ပြောသည်။
ဖရဲ ကုန်တင်ယာဉ်မောင်း တစ်ဦးက “တရုတ်ဘက်က စနစ် အသစ် ထပ်ပြောင်းလိုက်တဲ့ အခါကျတော့ ကားတွေ က တအားကြာသွားတာ” ဟု ပြောသည်။
အသီးတင်ပို့ကားများ ပုံမှန် တစ်ရက်လျှင် အစီးရေ ၇၀ ဝန်းကျင် တရုတ်ဘက်သို့ တင်ပို့နေရာမှ ယခုရက်ပိုင်း အတွင်း တစ်ရက်လျှင် အသီးတင်ပို့ကား အစီးရေ ၃၀ ဝန်းကျင်ခန့်သာ တင်ပို့နေရခြင်း ဖြစ်သည်ဟု ဆိုသည်။
တရုက်ဘက်သို့ ကား အဝင်နည်းသွားသောကြောင့် ဖေဖော်ဝါရီလ ၄ ရက်နေ့ အထိ ၁၀၅ မိုင်ကုန်သွယ်ရေးဇုန်ရှိ သစ်သီးကွင်းနှင့် တရုတ်နယ်စပ် ကျင်းစန်းကျော့ဘက်တို့တွင် အသီးကားများ ရာနှင့်ချီ စောင့်ဆိုင်းနေသည်ဟု လည်း သစ်သီးကုန်သည်များက ပြောသည်။
ရက်ကြာလာပါက အသီးများ အရည်အသွေး ကျဆင်းလာမည်ကို ကုန်သည်များ စိုးရိမ်ကြရသကဲ့သို့ နှောင့်နှေး ကြန့်ကြာမှုကြောင့် သစ်သီးကုန်တင် ယာဉ်မောင်းများနှင့် တောင်သူများလည်း အခက်အခဲ ဖြစ်ကြရသည်။
ထို့အပြင် ဝမ်တိန်၌ ခါလီတန်ချိန်နှင့် ဝမ်တိန်ဖရဲကွင်းရှိ ကတ္တားမှ ခါလီတန်ချိန်တို့ ကိုက်ညီမှုမရှိပါက ယာဉ် မောင်းများ၏ ကားခထဲမှ ယွမ် ၁၅၀ ဖြတ်ယူသည့်အချက်လည်း ထပ်တိုးလာသည်ဟု သစ်သီးတင် ယာဉ်မောင်း များက ပြောသည်။
ယာဉ်မောင်း တစ်ဦးက “ကတ္တားတလုံးနဲ့ တလုံးတောင် ကွာဟမှုရှိနေတဲ့ဟာကိုဗျာ။ ဘာကြောင့် အဲ့လို အဖြတ် ခံ ရတာလဲ မသိဘူးဗျ။ ကတ္တား ညှိပေးမှရမှာ။ ခါလီအမှန်ပြောလဲ ဝမ်တိန်ကွင်းက ကတ္တားပဲ သုံးမယ်ဆိုရင် ဘယ် လိုမှ မမှန်နိုင်ဘူး။ ကွာကိုကွာတယ်။ ဝမ်တိန် ကတ္တားထဲက ခါလီတန်ချိန်နဲ့ မြန်မာပြည်လမ်းရဲ့ ခါလီတန်ချိန်နဲ့ ဘယ်လိုမှ ကိုက်ညီမှု ရှိမှာမဟုတ်ဘူးဗျ။ အနည်းဆုံးတော့ ၁၅၀ Kg လောက် ကွာဟမှုရှိမှာဘဲဗျ။ ကျနော့် ကား ၂ စီးတော့ ၈၅၀၀၀ ကျပ် အဖြတ်ခံလိုက်ရတယ်” ဟု ပြောသည်။
ယခုကဲ့သို့ တန်ချိန် ကွာဟမှုရှိသဖြင့် ကုန်သည်ပွဲစားများ အနေဖြင့်လည်း ဂျူတီ အခွန်ဖိုး နစ်နာရသည်ဟု ကုန်သည်တစ်ဦးက ပြောသည်။
ယခုနှစ် ဖေဖော်ဝါရီလဆန်းပိုင်းတွင် အရည်အသွေးကောင်းသည့် ဖရဲသီး ၁ ကီလိုဂရမ်ကို ၃.၅ နှင့် ၃.၆ ယွမ် ဝန်းကျင်၊ သခွားသီး ၁ ကီလိုဂရမ် ၅ ယွမ် ဈေးပေါက်ကြောင်းသိရပြီး လာအိုနိုင်ငံမှလည်း တရုတ်နိုင်ငံသို့ ဖရဲ တင်ပို့မှုရှိသောကြောင့် အရည်အသွေး၊ ဈေးကွက် ယှဉ်ပြိုင်မှုများ ရှိနေသဖြင့် ဈေးကွက် ထိန်းနိုင်ရေး တောင်သူ၊ ပွဲစား၊ ကုန်သည်များ အနေဖြင့် အရည်အသွေးမှီ အသီးများကိုသာ တင်ပို့သင့်သည်ဟု နယ်စပ်သစ်သီး ပို့ကုန် လုပ်ငန်းရှင်များ က ပြောသည်။
ပြီးခဲ့သည့် ဇန်နဝါရီလ လကုန်ရက်မှစတင်၍ တရုတ်ဘက်ခြမ်းရှိ အခွန် (ပေါက်ကွမ်း) ရုံးတွင် Boarder Trade Level Two သို့ System Update ဆောင်ရွက်နေခြင်းဖြစ်ပြီး အဆိုပါ ကျင်းစန်းကျော့ – ဝမ်တိန် နှစ်နိုင်ငံ နယ်စပ် ကုန်သွယ်ရေးဂိတ်သည် မြန်မာ – တရုတ် နှစ်နိုင်ငံ နယ်စပ်ကုန်သွယ်မှု အားလုံး၏ ၇၅ ရာခိုင်နှုန်းခန့် ကုန်သွယ် စီးဆင်းရာ နယ်စပ်ဂိတ်ဖြစ်သည်။
Photo: Crd -MK",,,,,,
<urn:uuid:92603c6d-6866-4c60-8e9e-5b5770667e16>,"Money Back System ဆိုသည်မှာ
သင်တန်းကြေး ပေးသွင်းထားပြီး သင်တန်းတက်ရောက်မှု အချိန်နှင့် နေ့ရက် ပြည့်မှီပါက ၁၀၀% ပြန်လည်ပေးအပ်သည့် စနစ်ကို ဆိုလိုပါသည်။
သင်တန်းကို ပျက်ကွက်မှုရှိပါက ၂၀% မှ ၁၀၀% အထိ ဒဏ်ကြေး ဖြတ်တောက်နိုင်ပါသည်။
အဘယ်ကြောင့် MBS ကို သုံးရပါသနည်း
သင်တန်းပြုလုပ်ရာတွင် နေရာအခက်အခဲ ထိရောက်စွာ သင်ကြားနိုင်ရေးနှင့် အခြားသော အခက်အခဲများအတွက် လူဦးရေကို ကန့်သတ်ရပါသည်။
လူဦးရေကန့်သတ်ရာတွင် ဦးရာလူစနစ်ဖြင့် ကန့်သတ်ပါက
အခမဲ့ဖြစ်သဖြင့် စိတ်မဝင်စားပဲ မှတ်ပုံတင်ခြင်းကြောင့်
အမှန်တကယ်တက်ရောက်လိုသူများ နစ်နာနိုင်စေခြင်း
မှတ်ပုံတင်ပြီးမှ မလာရောက်သဖြင့် တက်ရောက်လိုသူများအတွက် နစ်နာနိုင်စေခြင်း
အခမဲ့ဖြစ်သဖြင့် စိတ်မဝင်စားပဲ လာရောက်ပြီး
စကားများနေခြင်း / အင်တာနက် သုံးနေခြင်း
သင်တန်းကို တစ်ပိုင်းတစ်စနှင့် ထွက်ခွာခြင်းတို့ကြောင့်
သင်တန်းသားများနှင့် ဆရာများကို စိတ်အနှောက်အယှက်ဖြစ်စေခြင်း စသည်တို့ကြောင့်
နည်းလမ်းများစွာထဲမှ လွယ်ကူလျှင်မြန်စွာ အသုံးပြုနိုင်သည့် MBS စနစ်ကို အသုံးပြုရခြင်းဖြစ်ပါသည်။
မည်သို့ ငွေပေးသွင်းနိုင်သနည်း
ယခင်က လူကိုယ်တိုင်လာရောက်ပြီး ငွေပေးသွင်းသည့် အခါ အချိန် သွားရလာရခက်ခဲခြင်း စသည့် အခက်အခဲ များစွာရှိသဖြင့် Mobile ဖြင့်ပါ လက်ခံ ဆောင်ရွက်နိုင်ရန် စီစဉ်ထားရှိပါသည်။
Ooredoo အတွက်
လွှဲရမည့် နံပါတ် +959975835995
လွှဲရမည့် USSD *155#
လွှဲရမည့် ပမာဏ 10000
တစ်ခါတည်း ရိုက်နှိပ်ပြီး လွှဲရန်
*155*10000*+959975835995#
http://www.ooredoo.com.mm/mm/Personal/Services/Value%20Added%20Services/Low%20Balance%20Options/Balance%20Transfer?Category=&Item=
Telenor အတွက်
လွှဲရမည့် နံပါတ် 09798922022
လွှဲရမည့် USSD *979#
လွှဲရမည့် ပမာဏ 10000
*979*2*4*+959798922022*10000*1#
https://www.telenor.com.mm/mm/pages/balance-transfer/171
သို့မဟုတ် CB Bank ၏ Mobile Money အသုံးပြုသူများလည်း ၎င်း Application မှ တဆင့် လွှဲပေးနိုင်ပါသည်။
MPT ဖုန်းများအတွက်
လွှဲရမည့် နံပါတ် 09450022022
လွှဲရမည့် USSD *661#
လွှဲရမည့် ပမာဏ 10000
http://www.mykyat.com/how > Send Money to Anyone
အကယ်၍ အပ်နှံရာတွင် ငွေသွင်းရန် အခက်အခဲ ရှိပါက
Core Member များထံ ဆက်သွယ်ပြီး အကူအညီတောင်းခံနိုင်ပါသည်။
Mobile ဖြင့် ငွေသွင်းရန် ခက်ခဲသူများ လှည်းတန်းသို့ လမ်းကြုံသူများ
အမှတ် ၂၆ (ဘီ) ပထမထပ်၊ မဟာဆိုရှယ်လမ်း၊ လှည်းတန်း၊ ကမာရွတ်မြို့နယ်တွင်လည်း လာရောက်ပေးသွင်းနိုင်ပါသည်။
လှည်းတန်း စိန်ဂေဟာ တလမ်းကျော် တာလီရွှေဆိုင်ဘေးလမ်းမှ ဝင်ပြီး ပထမဆုံးလမ်းဆုံတွင် ညာဘက်သို့ချိုးလာပါက ၃ အိမ်ကျော်ခန့်
မှတ်ချက်။ ။ ပေးသွင်းကြောင်း Record လုပ်ထားရန် လိုအပ်ပါသည်။
သင်တန်းကြေး ပြန်လည် ပေးပို့ရာတွင် လက်ငင်းငွေသား သွင်းသူများအား လက်ငင်းငွေသားဖြင့်၎င်း
Mobile မှတစ်ဆင့် ငွေလွှဲသူများကို Mobile မှတဆင့် ပြန်လွှဲခြင်းဖြင့်၎င်း လွှဲပေးသွားမည် ဖြစ်ပါသည်။",,,,,,
<urn:uuid:c3ac5693-a525-4bdf-9011-6fa0b85128de>,"ကိုဗစ် ဒုတိယလှိုင်းကို ထိုင်းနိုင်ငံ ကျော်ဖြတ်နိုင်မလား
ထိုင်းနိုင်ငံ COVID-19 အခြေအနေ စီမံခန့်ခွဲမှုဌာနရဲ့ အစီရင်ခံစာအရ ထိုင်းနိုင်ငံမှာ ပြည်တွင်းကူး စက်မှု မရှိခဲ့တာ ရက်ပေါင်း ၈၀ နီးပါး ကြာမြင့်ခဲ့ပြီလို့ သိရပါတယ်။ ဒါကြောင့်လည်း ထိုင်းပြည်သူတွေ အနေနဲ့ သူတို့ဟာ COVID-19 အန္တရာယ်က ကင်းလွတ်သွားပြီလို့ ယုံကြည် ယူဆလာကြပြီး ကိုဗစ် စည်းကမ်းချက်တွေကို လိုက်နာခြင်း မရှိကြတော့ပါဘူး။
ထိုင်းပြည်သူ အများစုဟာ အပြင်ထွက်တဲ့အခါ Mask တပ်ဆင်ခြင်း မရှိကြတော့သလို လက်ဆေးတာအပါအဝင် ကျန်းမာရေးဝန်ကြီးဌာနက ညွှန်ကြားထားတဲ့ Social distancing စည်းကမ်းတွေကိုလည်း လိုက်နာခြင်း မရှိကြတော့ပါဘူး။
ဒါကြောင့်လည်း ထိုင်းနိုင်ငံ ကူးစက်ရောဂါ သိပ္ပံစင်တာက ကြက်ခြေနီ ညွှန်ကြားရေးမှူးဖြစ်သူ ပါမောက္ခ ဒေါက်တာ Thiravat Hemachudha က ထိုင်းနိုင်ငံတဝှမ်း ရောဂါ ပြန်လည် ကူးစက်နိုင်ခြေက အကြောင်းများစွာ ရှိနေတယ်လို့ ပြောကြားခဲ့ပါတယ်။
သူထောက်ပြခဲ့တဲ့ အချက်တွေထဲမှာ ကျန်းမာရေးဝန်ကြီးဌာနက ထုတ်ပြန်ပေးထားတဲ့ လမ်းညွှန်ချက်တွေကို ပြည်သူတွေ မလိုက်နာကြတော့တဲ့ အချက်က အဓိကအနေနဲ့ ပါဝင်ပါတယ်။
ကမ္ဘာတဝှမ်း COVID-19 စတင် ကူးစက်ခဲ့ပြီးနောက်ပိုင်း ၆ လလောက် အချိန်လေးနဲ့ ထိုင်းနိုင်ငံမှာ COVID-19 ကင်းစင်သွားတယ်ဆိုတာ မဖြစ်နိုင်ဘူးလို့ သူက ပြောပါတယ်။ ပိုးကင်းစင်သွားပြီလို့ ယူဆခဲ့ကြတဲ့ နိုင်ငံအများအပြားမှာလည်း တကျော့ပြန် ကူးစက်မှုတွေ ရှိနေတယ်လို့ ထောက်ပြခဲ့ပါတယ်။ နောက်အကြောင်း တချက်ကတော့ ရောဂါကူးစက်ခံရသူတွေမှာ လက္ခဏာ မပြတဲ့ အချက်ပါ။
“ရောဂါ ကူးစက်ခံထားရတဲ့ လူငယ်တွေအနေနဲ့ ကိုယ်ခံအားစနစ် ကောင်းမွန်နေတဲ့အတွက်ကြောင့် ရောဂါလက္ခဏာ မပြတာမျိုးတွေ ရှိနေပါတယ်။ ဒီလို ရောဂါလက္ခဏာ မပြသူတွေကနေတဆင့် ရောဂါပိုးက ပြန့်ပွားသွားနိုင်ပါတယ်”လို့ သူက ရှင်းပြခဲ့ပါတယ်။
တဆက်တည်းမှာပဲ ဒေါက်တာ Thiravat က အများသုံး ဘတ်စ်ကားလို နေရာမျိုးတွေမှာ Social distancing ကို မလိုက်နာကြတော့တဲ့အတွက် ကူးစက်မှုက ပိုပြီးမြင့်တက်သွားနိုင်စရာ ရှိတယ်လို့ ပြောပါတယ်။
ကလေးငယ်တွေကို စာသင်ခန်းအတွင်း ဝင်ရောက်ခွင့်ပြုလိုက်ခြင်းကလည်း ကြီးမားတဲ့ အန္တရာယ်ကိုဖိတ်ခေါ်လိုက်သလိုပဲလို့ ဒေါက်တာက ရှင်းပြခဲ့သလို ပြည်ပက ပြန်လာသူတွေကိုလည်း တင်းကျပ်တဲ့စစ်ဆေးမှုတွေ ပြုလုပ်ရမယ်လို့ ပြောပါတယ်။
ထိုင်းနိုင်ငံ ရောဂါထိန်းချုပ်ရေးဌာနရဲ့လက်ထောက်ညွှန်ကြားရေးမှူးချုပ် ဒေါက်တာ Tanarak Plipat ကလည်း COVID-19 ဒုတိယလှိုင်းဟာ ကြီးမားမယ်ဆိုတဲ့ အယူအဆကို သဘောတူညီခဲ့ပေမယ့် ဒုတိယလှိုင်းဖြစ်ခဲ့မယ်ဆိုရင်တောင် အကန့်အသတ်နဲ့သာ ဖြစ်ပွားနိုင်စရာ ရှိတယ်လို့ ပြောပါတယ်။
ထိုင်းနိုင်ငံမှာရှိတဲ့ စီးပွားရေးလုပ်ငန်းတော်တော်များများ COVID-19 ကြောင့် ကျဆင်းနေရချိန်မှာ အဆိုပါ ဆရာဝန် ၂ ယောက်ကတော့ ဒုတိယလှိုင်းနဲ့ ပတ်သက်ပြီး သတိပေးစကားတွေ ပြောကြားနေပါတယ်။
ဒေါက်တာ Tanarak က ထိုင်းနိုင်ငံရဲ့ ရည်မှန်းချက်ဟာ ကိုဗစ် ကူးစက်မှု သုည မဟုတ်ဘဲ ပြန့်ပွားမှုကို တတ်နိုင်သမျှ အမြန်ဆုံး ထိန်းချုပ်ဖို့သာဖြစ်တယ်လို့ ပြောပါတယ်။ ပြန့်ပွားမှုကို ထိန်းချုပ်နိုင်ဖို့က လည်း ပြည်သူတွေရဲ့သဘောထားကို ပြောင်းလဲပစ်ဖို့ လိုအပ်ပါတယ်။
COVID-19 ကာကွယ်ဆေးကို ရရှိနိုင်ခဲ့မယ်ဆိုရင်တောင် ဒီရောဂါက ဆက်ပြီး ရှိနေမှာပဲလို့ ဖြည့်စွက်ပြောကြားခဲ့ပါတယ်။ ဒါကြောင့်လည်း ကိုဗစ် ဒုတိယလှိုင်းကို ကျော်ဖြတ်နိုင်ဖို့ ထိုင်းနိုင်ငံတင်သာမက တခြားနိုင်ငံတွေ အတွက်လည်း အရေးကြီးပါတယ်။
ထိုင်းနိုင်ငံ အပါအဝင် တခြားနိုင်ငံတွေအနေနဲ့လည်း ဗီယက်နမ်ကို နမူနာယူသင့်ပါတယ်။ ဗီယက်နမ် နိုင်ငံဟာ ပြည်တွင်း ခရီးသွားလုပ်ငန်းတွေ ပြန်လည် စတင်ပြီးနောက်ပိုင်း တကျော့ပြန် ကူးစက်မှု ပြန် လည် စတင်ခဲ့ပါတယ်။ လပေါင်းအတော်ကြာတဲ့အထိ COVID-19 ကြောင့် လူသေဆုံးမှု မရှိခဲ့တဲ့ ဗီ ယက်နမ်နိုင်ငံဟာ ဒုတိယလှိုင်းမှာတော့ လူသေဆုံးမှု ဖြစ်ပွားခဲ့ပြီး ၂၆ ယောက်အထိ သေဆုံးခဲ့ပါတယ်။
မြန်မာနိုင်ငံကို ကြည့်မယ်ဆိုရင်လည်း ပြည်တွင်း ကူးစက်မှုတွေ ပြန်လည် စတင်နေတာ တွေ့ရပါတယ်။ ဒီကနေ့ မနက်ခင်းပိုင်း ထုတ်ပြန်ချက်အရ စစ်တွေမြို့မှာ ပြည်တွင်း ကူးစက်လူနာအသစ် ၃ ယောက် ထပ်မံ တွေ့ရှိခဲ့ပါတယ်။
Ref: thaipbsworld
You may also like these stories:",,,,,,
<urn:uuid:7315f69e-427c-4159-9217-503b06df6182>,"ရေးမြို့နယ်အတွင်း ရင်ဆိုင်နေရသည့် ပြဿနာများကို ဖြေရှင်းနိုင်ရန်နှင့် ဘက်စုံဖွံ့ဖြိုးတိုးတက်ရန် ရည်ရွယ်ချက်ဖြင့် မြို့နယ်ကိုယ်စားပြု လွှတ်တော်ကိုယ်စားလှယ်များနှင့် မြို့မိမြို့ဖများ၊ အရပ်ဖက်လူမှုအဖွဲ့အစည်းများ၊ ရပ်/ကျေးအုပ်ချုပ်ရေးမှူးများ တွေ့ဆုံဆွေးနွေးပွဲတစ်ရပ်ကို ဧပြီလ ၉ ရက်နေ့က ရေးမြို့ သာသနာ ၂၅၀ဝ စေတီတော် ဓမ္မဗိမာန်တွင် ပြုလုပ်ခဲ့သည်။
နံနက် ၉ နာရီမှ ညနေ ၄ နာရီထိ ပြုလုပ်သည့် ယင်းတွေ့ဆုံပွဲသို့ ပြည်သူ့လွှတ်တော် ကိုယ်စားလှယ် ဒေါက်တာအောင်ထွန်းခိုင်၊ အမျိုးသားလွှတ်တော် ကိုယ်စားလှယ် နိုင်သီဟ၊ ဦးမျိုးဝင်းနှင့် ပြည်နယ်လွှတ်တော် ကိုယ်စားလှယ် ဦးချစ်တင် တို့ တက်ရောက်ဆွေးနွေးကြပြီး၊ ပြည်နယ်လွှတ်တော် ကိုယ်စားလှယ် ဒေါက်တာမင်းစိုးလင်း မှာ အရေးပေါ်ကိစ္စဖြင့် ခရီးလွန်နေသည့်အတွက် တက်ရောက်နိုင်ခြင်း မရှိကြောင်း ပွဲစီစဉ်သူများထံမှ သိရသည်။တွေ့ဆုံဆွေးနွေးပွဲကို ရေးမြို့နယ် လူမှုအကျိုးဆောင်အဖွဲ့ (YSS) မှ စီစဉ်ကျင်းပခြင်း ဖြစ်ပြီး ရေးမြို့နယ်အတွင်းရှိ ဖိတ်ကြားထားသည့် ရပ်ကွက်နှင့် ကျေးရွာအုပ်စု အုပ်ချုပ်ရေးမှူးများ၊ မြို့မိမြို့ဖများနှင့် အရပ်ဖက်လူမှုအဖွဲ့အစည်းများကို ကိုယ်စားပြုသူ စုစုပေါင်း ၇၀ ဝန်းကျင် တက်ရောက်ခဲ့ကြောင်း ဆွေးနွေးပွဲ မှတ်တမ်းအရ သိရသည်။
တွေ့ဆုံဆွေးနွေးညှိနှိုင်းပွဲ အစီအစဉ်အရ လက်ရှိ ရေးမြို့နယ်တွင် ဖြစ်ပျက်ကြုံတွေ့နေရသည့် ပညာရေး၊ လူ့အခွင့်အရေး၊ မူးယစ်ဆေးဝါးပြဿနာနှင့် အုပ်ချုပ်ရေးဆိုင်ရာ ခေါင်းစဉ် ၄ ခုအောက်တွင် ဆွေးနွေးကြကာ၊ မြို့နယ်တွင်း ကိစ္စရပ်များကို အတူတကွ ပူးပေါင်းပါဝင် ဖြေရှင်းရန် အလေ့အကျင့်ကို ပျိုးထောင်နိုင်ခဲ့ပြီး၊ ယုံကြည်မှု တည်ဆောက်နိုင်ခဲ့ကြောင်း အခမ်းအနားမှူးအဖြစ် ဆောင်ရွက်ခဲ့သည့် YSS အတွင်းရေးမှူး ဦးအောင်နိုင်ဝင်း က ပြောသည်။
“ဘယ်လိုပူးပေါင်း ပါဝင်ဖြေရှင်းကြမလဲ ဆိုတဲ့အဆင့်ကို အကောင်အထည် မဖော်နိုင်သေးဘူး။ ဒါပေမဲ့ ကောင်းတဲ့အချက်က ကျွန်တော်တို့ ရေးမြို့နယ် ဒေသစုံက ကိုယ်စားလှယ်တွေ၊ အလွှာပေါင်းစုံက လူတွေ တက်ရောက်ပြီးတော့ ဆွေးနွေးနိုင်ခဲ့တာဟာ ထူးခြားမှုတစ်ခုပါ။ ခေါင်းစဉ်လေးခုနဲ့ ပတ်သက်ပြီးတော့ သူတို့ဒေသမှာ ဖြစ်ပျက်နေတဲ့ ပြဿနာတွေကို အချက်အလက် အတိအကျနဲ့ ရလိုက်တာပေါ့ဗျာ။ ဒီအချက်အလက်တွေကို လွှတ်တော်အသီးသီးက ကိုယ်စားလှယ်တွေကို ပေးလိုက်နိုင်တယ်။ သူတို့ကလည်း ဒီဟာတွေကို ရေးမှတ်သွားပါတယ်” ဟု သူက ပြောသည်။
ဆွေးနွေးပွဲမှ ရရှိသည့် အချက်အလက်မှတ်တမ်းကို အခြေခံပြီး ထုတ်ပြန်ချက်တစ်စောင် ထုတ်ကာ လွှတ်တော်ကိုယ်စားလှယ်များ၊ မြို့နယ်အဆင့် ဌာနဆိုင်ရာရုံးများနှင့် ပြည်နယ်အစိုးရသို့ ပေးပို့သွားနိုင်ရန် ပြင်ဆင်နေဆဲ ဖြစ်သည်ဟုလည်း ဦးအောင်နိုင်ဝင်း က ပြောသည်။
ဆွေးနွေးပွဲကို ယခုကဲ့သို့ လွှတ်တော်အသီးသီး ရပ်နားထားချိန်ဖြစ်သည့် သင်္ကြန်ရုံးပိတ်ရက်အတွင်း အရေးပေါ် ပြုလုပ်လိုက်ရသည့်အတွက် အချိန်မလုံလောက်ခြင်း၊ မြို့နယ်တစ်ခုလုံးကို လွှမ်းခြုံနိုင်ပြီး ဒေသစုံမှ ကိုယ်စားလှယ်များ ပါဝင်နိုင်ရန်အတွက် လူဦးရေ ကန့်သတ်လိုက်ရခြင်း စသည်တို့အတွက် အားနည်းချက်များ ရှိနိုင်မည် ဖြစ်သော်လည်း ယခုပွဲသည် ပထမခြေလှမ်းသာ ဖြစ်ပြီး၊ လွှတ်တော်ရပ်နားချိန်တိုင်းတွင် ယခုထက် ပိုမိုကျယ်ပြန့်သည့် တွေ့ဆုံပွဲမျိုး ဆက်လက်လုပ်ဆောင်သွားနိုင်ရန် ဆုံးဖြတ်ထားကြောင်း သူက ဆက်ပြောသည်။
၂၀၁၅ ရွေးကောက်ပွဲ၏ ရေးမြို့နယ်မှ ရွေးချယ်ခံရသည့် လွှတ်တော်ကိုယ်စားလှယ် ၅ ဦးတွင် အမျိုးသား ဒီမိုကရေစီအဖွဲ့ချုပ်မှ ကိုယ်စားလှယ် ၃ ဦးနှင့် မွန်အမျိုးသားပါတီမှ ကိုယ်စားလှယ် ၂ ဦး ပါဝင်ပြီး၊ ၎င်းတို့သည် မြို့နယ်တွင်း ဘက်ပေါင်းစုံ ဖွံ့ဖြိုးရေးအတွက် ပါတီမခွဲဘဲ လုပ်ဆောင်သွားနိုင်လိမ့်မည်ဟု ယုံကြည်ကြောင်း ကျေးရွာအုပ်စုအချို့မှ ကိုယ်စားလှယ်များက သုံးသပ်ကြသည်။
ရပ်/ကျေးအုပ်ချုပ်ရေးမှူးတစ်ဦး က “ကျွန်တော်တို့ ရေးမြို့နယ်အတွက် ဒီလိုမျိုး မြို့နယ်ကိုယ်စားလှယ်တွေဟာ ပါတီ မခွဲဘဲနဲ့ အတူတကွ ပူးပေါင်းဆောင်ရွက်တယ်ဆိုတဲ့ အလားအလာကို မြင်ရလို့ ကျွန်တော်တို့ အတော်လေး အားတက်မိပါတယ်။ ဒါကလည်း အပေါင်းလက္ခဏာ ဆောင်ပါတယ်” ဟု ပြောသည်။
အမျိုးသားဒီမိုကရေစီအဖွဲ့ချုပ်၏ ရေးမြို့နယ် အမျိုးသားလွှတ်တော်ကိုယ်စားလှယ် ဦးမျိုးဝင်း ကလည်း ရေးမြို့နယ်မှ ရွေးကောက်တင်မြှောက်ခံရသည့် လွှတ်တော်ကိုယ်စားလှယ် ငါးဦး ပါတီမခွဲဘဲ အတူတကွပူးပေါင်းပြီး လက်တွဲလုပ်ဆောင်နိုင်သည်ကို ရေးမြို့နယ်အတွင်းရှိ မွန်လူထုနှင့် အခြားတိုင်းရင်းသားလူထုများအား ပြသနိုင်ရန် ကြိုးစားသွားမည်ဟု ပြီးခဲ့သည့် ၂၀၁၅ ရွေးကောက်ပွဲအပြီးတွင် ပြောကြားခဲ့သည်။",,,,,,
<urn:uuid:815728d7-1a87-45af-86c1-dd5d30a47485>,"ချင်းပြည်နယ်မှာ တိုင်းရင်းသားညီလာခံ ကျင်းပနေသလိုပဲ ဒီလကုန်ပိုင်း မတ်လ ၂၇ ရက်နေ့ကနေ ၂၉ ရက်နေ့အထိ နိုင်ငံတကာ သတင်းမီဒီယာ ညီလာခံတရပ်ကိုလည်း နိုင်ငံတကာ မီဒီယာ အဖွဲ့အစည်းတခုဖြစ်တဲ့ IPI - International Press Institute နဲ့ ပြန်ကြားရေးဝန်ကြီးဌာနတို့ ပူးပေါင်းပြီးတော့ ကျင်းပဖို့ရှိပါတယ်။
ဒါပေမဲ့လည်း မကြာသေးခင်တုန်းက လက်ပံတန်းမှာ ကျောင်းသားဆန္ဒပြမှုကို လုံခြုံရေးတပ်ဖွဲ့တွေက အကြမ်းဖက် နှိမ်နင်းရာမှာ သတင်းသမားတွေပါ ရိုက်နှက် ဖမ်းဆီးခံရတာတွေ ရှိတဲ့အပေါ်မှာ မြန်မာနိုင်ငံ သတင်းသမားကွန်ယက် MJN ကနေ အစိုးရ ပြန်ကြားရေးဝန်ကြီးဌာနရဲ့ လုပ်ဆောင်မှုတွေကို မပူးပေါင်းဘဲနဲ့ သပိတ်မှောက်ဖို့ စည်းရုံးလှုံ့ဆော်မှုတွေ ရှိနေပါတယ်။ အစိုးရပြန်ကြားရေးဝန်ကြီးဌာန ပါဝင်ပတ်သက်နေတာကြောင့် အခုလာမယ့် IPI ညီလာခံကိုလည်း မတက်ရောက်ဘူးဆိုပြီးတော့ လှုံ့ဆော်နေမှုတွေ ရှိနေပါတယ်။
သတင်းမီဒီယာတွေနဲ့ ပတ်သက်လို့ တဆက်တည်း နောက်ထပ် တင်ပြချင်တာကတော့ အစိုးရကနေ လွှတ်တော်မှာ အဆိုပြုထားတဲ့ အများပြည်သူ ၀န်ဆောင်မှု မီဒီယာဥပဒေကြမ်းကို အစိုးရကပဲ ပြန်လည် ရုပ်သိမ်းခဲ့ပါတယ်။ ပြန်လည် ပြင်ဆင်ရေးဆွဲစရာတွေ ရှိနေတာကြောင့် အခုလို ရုပ်သိမ်းရတာ ဖြစ်တယ်လို့ ပြန်ကြားရေးဝန်ကြီး ဦးရဲထွဋ် က ပြောပါတယ်။ ဗွီအိုအေသတင်းထောက် မအေးအေးမာ က ဦးရဲထွဋ်ကို ဆက်သွယ် မေးမြန်းထားပါတယ်။
မအေးအေးမာ။ ။ ပြန်ကြားရေးဝန်ကြီးဌာန အနေနဲ့ပေ့ါနော် ဒီနေ့ ဒီ အများပြည်သူ ၀န်ဆောင်မှု မီဒီယာ ဥပဒေကြမ်းကိုပေါ့နော် ဒီနေ့ လွှတ်တော်မှာ ရုပ်သိမ်းလိုက်တယ်လို့ သိရပါတယ်။ အဲ့ဒါ ဒီလို ရုပ်သိမ်းဖို့အတွက် ဘာကြောင့် ဆုံးဖြတ်ခဲ့တာလဲဆိုတာ အဲ့ဒါလေး သိချင်လို့ပါရှင်။
ဦးရဲထွဋ်။ ။ အချက် ၃ ချက်ပေါ် မူတည်ပြီးတော့မှ ကျနော်တို့ ပြန်လည် ရုပ်သိမ်းပြီးတော့မှ ပြန်လည် သုံးသပ်ပြီး ဆုံးဖြတ်ခဲ့တာပါ။
- ပထမတချက်ကတော့ ဒီဥပဒေကြမ်း တင်ထားပြီး တနှစ်ကျော် ကာလအတွင်းမှာ ရရှိလာတဲ့ ပြည်သူတွေရဲ့ ဝေဖန်အကြံပြုချက်တွေ၊ ဒါတွေကို ပြန်ပြီးတော့ ထည့်သွင်းစဉ်းစားဖို့ လိုတယ်လို့ ကျနော်တို့ မြင်ပါတယ်။
- ဒုတိယတချက်ကတော့ တနှစ်အတွင်းမှာ မီဒီယာတွေရဲ့ ပြုပြင်ပြောင်းလဲလာတဲ့ အခြေအနေတွေအရ ကျနော်တို့ ဒီဥပဒေကို ပြန်လည် သုံးသပ်ဖို့ လိုပြီလို့ ကျနော်တို့ မြင်ပါတယ်။
- တတိယတချက်ကတော့ ဒီရှေ့မှာ တင်ထားပြီးတော့ အမျိုးသားလွှတ်တော်က အတည်ပြုပြီးတော့ ပြည်သူ့လွှတ်တော်ကို ပေးပို့ထားတဲ့ ရုပ်မြင်သံကြားနဲ့ အသံလွှင့်ခြင်းဆိုင်ရာ ဥပဒေ အဲ့ဒီဥပဒေမှာပါတဲ့ အချက်တွေက အတည်ပြုပြီးသွားလို့ရှိရင် အဲ့ဒီဥပဒေနဲ့အညီ လိုက်လျောညီထွေဖြစ်တဲ့ အများပြည်သူဝန်ဆောင်မှု မီဒီယာဖြစ်ဖို့ လိုတဲ့အတွက်ကြောင့်မို့ ကျနော်တို့ ဒီ ၃ ချက်ပေါ် မူတည်ပြီးတော့မှ ပြန်ရုပ်သိမ်းလိုက်တာပါ။
မအေးအေးမာ။ ။ ဟုတ်ကဲ့ အဲ့ဒါနဲ့ ပတ်သက်ပြီးတော့ပေါ့နော် ဒီ စိုးရိမ်မကင်းဖြစ်မှုတွေပေါ့နော် ဝေဖန်မှုတွေအနေနဲ့ လျော့ကျသွားတာတွေလည်း ရှိနိုင်သလို၊ ဒီဥပဒေ အတည်မပြုနိုင်သေးဘူး ဆိုရင်ပေါ့နော် လာမယ့်ရွေးကောက်ပွဲမှာ အစိုးရအနေနဲ့ နိုင်ငံပိုင် မီဒီယာတွေကနေပြီးတော့ လိုအပ်တဲ့ စည်းရုံးလှုံ့ဆော်မှုတွေကို အသုံးပြုနိုင်တယ်ဆိုပြီးတော့ စိုးရိမ်မကင်းတာတွေလည်း ရှိကြပါတယ်။ အဲ့တော့ ဒီပေါ်မှာရော ပြန်ကြားရေးဝန်ကြီးဌာနအနေနဲ့ ဘယ်လိုများ တုံ့ပြန်မလဲရှင့်။
ဦးရဲထွဋ်။ ။ အဲ့ဒီလိုပြောတဲ့သူတွေကတော့ အတော် အတွေးတိမ်တဲ့သူတွေလို့ပဲ ပြောရမှာပဲခင်ဗျ။ ဘာဖြစ်လို့လဲဆိုတော့ ဒီနေ့မှာ ဥပဒေကြမ်းကို ပြည်သူ့လွှတ်တော်က အတည်ပြုရင်တောင်မှ ဥပဒေပြုရေး လုပ်ငန်းစဉ်အရ အမျိုးသားလွှတ်တော်ကို သွားမယ်။ ပြီးရင် ပြည်သူ့လွှတ်တော်ကို ပြန်ပို့မယ်။ ပြီးရင် ပြည်ထောင်စုလွှတ်တော်မှာ စဉ်းစားမယ်ဆိုတဲ့ ဥပဒေပြုရေး လုပ်ငန်းစဉ်ကြီးရဲ့ အချိန်ကာလကို ခင်ဗျားတို့ မှန်းကြည့်လို့ရပါတယ်။ ပြီးလို့ရှိရင် ပြည်ထောင်စုလွှတ်တော်က အတည်ပြုပြီးလို့ရှိရင် ဥပဒေကြမ်းမှာ ပါတဲ့အတိုင်းဆိုရင် ပြင်ဆင်ရေးကာလပေါ့ အဖွဲ့စည်းတွေ ဖွဲ့စည်းတာ၊ နည်းဥပဒေထုတ်တဲ့အတွက် ပြင်ဆင်ရေးကာလ ၆ လ ပေးထားတယ်။ ဒါကြောင့်မို့လို့ ဒီနေ့ အတည်ပြုရင်တောင်မှ ရွေးကောက်ပွဲမတိုင်ခင်မှာ အများပြည်သူ ၀န်ဆောင်မှု မီဒီယာတွေ ပေါ်ပေါက်ဖို့ မရှိပါဘူး။ ဒါကြောင့်မို့လို့ ကျနော်တို့ကဖြင့် ဥပဒေကို ရုပ်သိမ်းတာက ရွေးကောက်ပွဲနဲ့ ဘာမှ ပတ်သက်ခြင်း မရှိဘူးလို့ပဲ ပြောချင်ပါတယ်။
ပြန်ကြားရေးဝန်ကြီး ဦးရဲထွဋ်ကို ဗွီအိုအေသတင်းထောက် မအေးအေးမာ ဆက်သွယ် မေးမြန်းခဲ့တာပါ။",,,,,,
<urn:uuid:75af21a9-5d80-4153-8582-8ad5e8afea3c>,"ဒေါ့မွန်အသင်းရဲ့ ဝါရင့် ကွင်းလယ်လူ တစ်ဦး ဖြစ်တဲ့ အဲလက်စ် ဝစ်ဆယ်ကတော့ သူ့ရဲ့ အသင်းဖော် တစ်ဦးဖြစ်တဲ့ ဂျေဒန်ဆန်ချိုဟာ လက်ရှိ ကမ္ဘာပေါ်မှာ အကောင်းဆုံး တောင်ပံ ကစားသမားတစ်ဦး ဖြစ်တယ်လို့ ချီးကျူး ပြောဆိုသွားခဲ့ပါတယ်။ အသက်၂၀အရွယ် လူငယ် တောင်ပံကစားသမား ဂျေဒန်ဆန်ချိုဟာ လက်ရှိ ဘောလုံးရာသီမှာ ဒေါ့မွန်အသင်းရဲ့ အဓိက ကစားသမားတစ်ဦးအဖြစ် ခြေစွမ်းပြ ကစားနေနိုင်သူ ဖြစ်ပြီး ယမန်နေ့ညမှာ ကစားခဲ့တဲ့ ပတ်ဒါဘွန်းအသင်းနဲ့ ဒေါ့မွန်အသင်းတို့ရဲ့ ပွဲစဉ်မှာ ဒေါ့မွန်အသင်းအတွက် အကောင်းဆုံး ခြေစွမ်းပြ ကစားသွားနိုင်ခဲ့ကာ ဟက်ထရစ် သွင်းယူနိုင်ခဲ့ပါတယ်။
Photo Credit: Fotmob
အဆိုပါ သွင်းဂိုး၃ဂိုးကြောင့် ဆန်ချိုဟာ လက်ရှိ ဘောလုံးရာသီမှာ ဒေါ့မွန်အသင်းနဲ့အတူ ဘွန်ဒက်လီဂါပွဲစဉ် ၂၇ပွဲ ပါဝင် ကစားထားရာမှာ ၁၇ဂိုး သွင်းယူထားပြီး ၁၇ဂိုး ဖန်တီးပေးထားနိုင်သူ ဖြစ်ကာ ဘွန်ဒက်လီဂါပြိုင်ပွဲသမိုင်း မှာ အသက်အငယ်ဆုံးနဲ့ ဘွန်ဒက်လီဂါသွင်းဂိုး ၃၀ဂိုး ပြည့်တဲ့ ကစားသမားအဖြစ် မှတ်တမ်း ဝင်ခဲ့ပါတယ်။ ဒါ့ကြောင့်လည်း လာမယ့် နွေရာသီ အပြောင်းအရွှေ့မှာ ဆန်ချိုကို ခေါ်ယူဖို့ မျက်စိကျနေတဲ့ ဥရောပ ထိပ်သီးအသင်းတွေ အများအပြား ရှိနေပြီး အဆိုပါ အသင်းတွေထဲမှာ မန်ယူအသင်း ၊ ချယ်လ်ဆီးအသင်း ၊ ပီအက်စ်ဂျီအသင်း ၊ လီဗာပူးအသင်းနဲ့ ဘိုင်ယန် မြူးနစ်အသင်း စတဲ့ အသင်းတွေ ပါဝင်လျက် ရှိပါတယ်။
Photo Credit: Fotmob
ဒါ့ကြောင့်လည်း ဝစ်ဆယ်က ဆန်ချိုဟာ သူ့ရဲ့ မျိုးဆက်မှာ အကောင်းဆုံး ကစားသမားတွေထဲက တစ်ဦးဖြစ်ကြောင်းနဲ့ သူကစားနေတဲ့ နေရာမှာလည်း အကောင်းဆုံး ကစားသမားဖြစ်တယ် လို့ ဆိုသွားခဲ့ပါတယ်။ ဆန်ချိုရဲ့ ခြေစွမ်းအပေါ် ဝစ်ဆယ်က ” ဆန်ချိုဟာ သူ့ရဲ့မျိုးဆက်မှာတော့ အကောင်းဆုံး ကစားသမားတစ်ဦးလို့ ထင်မိပါတယ်။ သူ့မှာ တိုးတက်ဖို့အတွက် အချိန်တွေ အများကြီး ကျန်နေသေးသလို လုပ်ဆောင်စရာတွေလည်း အများကြီး ရှိနေပါသေးတယ်။ သူက အရမ်းကို ငယ်သေးတယ်လေ။ ပြီးတော့ လက်ရှိ သူကစားနေတဲ့ တောင်ပံနေရာမှာလည်း သူဟာ ကမ္ဘာ့အကောင်းဆုံး ကစားသမားတွေထဲက တစ်ဦး ဖြစ်တယ်လို့ ကျွန်တော်ထင်ပါတယ် ” ဆိုပြီး မှတ်ချက်ချခဲ့တာပဲ ဖြစ်ပါတယ်။ ကဲ ဆန်ချိုရဲ့ ခြေစွမ်းအပေါ် ဘယ်လိုမြင်ကြလဲဗျ။",,,,,,
<urn:uuid:252a6661-c7de-48a5-b4b7-14851161c38e>,"LFIR သည်ကျောင်းသားများကိုပြင်သစ်ဖြစ်စေမဟုတ်သည်ဖြစ်စေသူငယ်တန်းမှအစဘွဲ့ကြိုသင်တန်းအထိလက်ခံပါသည်။ ကျောင်းသားနေရာလွတ်ပေါ် မူတည်၍ ကျောင်းသားများကို ကျောင်းစာသင်နှစ်တစ်လျှောက်လုံးကြိုဆိုပါသည်။
ကျောင်းဖွင့်ချိန်အတွင်းကျောင်းအထွေထွေအတွင်းရေးမှူးဌာနသို့သွားခြင်းဖြင့်လည်းကျောင်းအပ်ပုံစံကိုသင်ဖြည့်စွက်နိုင်သည်။
ပေးချေရမည့်မတူညီသောငွေပေးချေမှုဆိုင်ရာသတ်မှတ်ချက်များနှင့်မဖြစ်မနေလိုအပ်သောစာရွက်စာတမ်းများကို here. ဤနေရာတွင်ဖော်ပြထားတာကိုကြည့်ပါ။
firstname.lastname@example.org.တွင်စာရင်းသွင်းခြင်းနှင့်စပ်လျဉ်း၍ မည်သည့်မေးခွန်းအတွက်မဆိုအတွင်းရေးမှူးထံသို့စာရေးရန်မတွန့်ဆုတ်ပါနှင့်။",,,,,,
<urn:uuid:bea01f26-0bad-4a7e-85f4-4962fb1cf6ac>,"အိန္ဒိယစစ်တပ်နှင့် တရုတ်စစ်တပ် နှစ်နိုင်ငံနယ်စပ်တွင် ရင်ဆိုင်တွေ့
ဟိမဝန္တာတောင်တန်း အရှေ့ပိုင်းက အိန္ဒိယနဲ့ တရုတ် အငြင်းပွား နယ်စပ်မှာ နှစ်နိုင်ငံ စစ်တပ်တွေ အရင်အပတ်က ရင်ဆိုင်တွေ့ခဲ့ကြတယ်လို့ အိန္ဒိယ စစ်တပ်က ဇန်နဝါရီ ၂၅ ရက်မှာ ပြောပါတယ်။
ဒီဖြစ်ရပ်နဲ့ ပတ်သက်လို့ ပေးစရာ သတင်းအချက်အလက် မရှိသေးပေမယ့် နယ်စပ်ဒေသ ငြိမ်းချမ်းတည်ငြိမ်မှုကို ထိန်းသိမ်းဖို့ အိန္ဒိယဘက်က လက်တွေ့ကျကျ ထိန်းထိန်း သိမ်းသိမ်း လုပ်ဆောင်ဖို့ တရုတ်နိုင်ငံခြားရေးဝန်ကြီးဌာန ပြောခွင့်ရ ကျောက်လိကျင်းက အိန္ဒိယအစိုးရကို အဲဒီနေ့မှာပဲ တိုက်တွန်းလိုက်ပါတယ်။
နျူကလီးယား လက်နက်ပိုင်ရှင် အိမ်နီးချင်း တရုတ်နဲ့ အိန္ဒိယတို့ဟာ ဧပြီလ တုန်းကလည်း ဟိမဝန္တာ အနောက်ပိုင်းမှာ အခြေအနေ တင်းမာခဲ့ပါသေးတယ်။ အဲဒီတည်းက ၂နိုင်ငံ နယ်စပ် မိုင် ၂၃၅၀ တလျှောက်မှာ စစ်အင်အားတွေ တိုးမြှင့်ချထားခဲ့ပါတယ်။",,,,,,
<urn:uuid:75f6b215-b212-4c7e-a4a4-106f7a7346ad>,"ပြည်သူ့စစ်မဟာဗျူဟာ၏ အစိတ်အပိုင်းတစ်ရပ်အနေဖြင့် တပ်မတော်က ဦးဆောင်ဖွဲ့စည်းထားသည့် ဌာနေပြည်သူ့စစ်အဖွဲ့များမှာ အရပ်ဘက် အဖွဲ့အစည်းများသာဖြစ်ပြီး အရပ်ဘက်တရားစီရင်ရေးဖြင့်သာ တရားစီရင်လျက်ရှိသည်ဟု ကာကွယ်ရေးဝန်ကြီးဌာန ဒုတိယဝန်ကြီးက ဗိုလ်ချုပ်မြင့်နွယ်က ဆိုသည်။
မွန်ပြည်နယ်၊ ပေါင်မြို့နယ် ပြည်သူ့လွှတ်တော် ကိုယ်စားလှယ် မိကွန်ချမ်း၏ “ပြည်သူ့စစ်များ၏ လုပ်ဆောင်ချက်များနှင့် ပြည်သူ့စစ်အဖွဲ့အစည်းများကို မည်သည့်ဌာန အဖွဲ့အစည်းက တာဝန်ခံမည်ကို သိလိုခြင်းနှင့်စပ်လျဉ်းသည့် မေးခွန်း” ကို ယနေ့ပြည်သူ့လွှတ်တော်တွင် ဖြေကြားရာ ၎င်းက ယင်းသို့ ထည့်သွင်း ပြောဆိုခြင်းဖြစ်သည်။
တပ်မတော် ကြည်း၊ ရေ၊ လေ တပ်ရင်းတပ်ဖွဲ့များမှ ဖွဲ့စည်း၊ လေ့ကျင့်၊ လက်နက်တပ်ဆင်ပေးထားသော ဌာနေပြည်သူ့စစ်အဖွဲ့များကို တိုင်းစစ်ဌာနချုပ်များက နယ်မြေအလိုက် ကြီးကြပ်ကွပ်ကဲလျက်ရှိကြောင်း၊ ပြည်သူ့စစ် နယ်ခြားတပ်များ ညွှန်ကြားရေးမှူးရုံးက တစ်နိုင်ငံလုံး အတိုင်းအတာဖြင့် ကြီးကြပ်ကွပ်ကဲလျက်ရှိကြောင်း ဗိုလ်ချုပ်မြင့်နွယ်က ပြောသည်။
“ပြည်သူ့စစ်တွေနဲ့ ပတ်သက်လို့ကတော့ ကျွန်တော်တို့ ကာကွယ်ရေးဝန်ကြီးဌာန အနေနဲ့က ကြီးကြပ်ကွပ်ကဲတယ်။ ဖွဲ့စည်းတယ်။ လေ့ကျင့်ပေးတယ်။ နောက်တစ်ခါ ဖြစ်လာတဲ့ ပြဿနာတွေမှာတော့ အရပ်သားဖြစ်တဲ့အတွက်ကြောင့် အရပ်ဘက်၊နယ်ဘက် ဥပဒေတွေနဲ့ပဲ အရေးယူတယ်” ဟု ၎င်းက လွှတ်တော်တွင် ပြောသည်။
ထို့ပြင် ပြည်သူ့စစ်မဟာဗျူဟာ၏ အစိတ်အပိုင်းတစ်ရပ်အရ ပြည်တွင်းသောင်းကျန်းမှုများ ချေမှုန်းရန် ရေတိုရည်မှန်းချက်နှင့် ပြည်သူတစ်ရပ်လုံးက နိုင်ငံတော်ကို ကာကွယ်စောင့်ရှောက်ရန် ဌာနေပြည်သူ့စစ်အဖွဲ့များကို ဖွဲ့စည်းထားခြင်းဖြစ်သည်ဟု ၎င်းက ပြောသည်။
အေးရှားဖောင်ဒေးရှင်းကထုတ်ဝေပြီး ဝါရှင်တန်တက္ကသိုလ်၊ နိုင်ငံရေးသိပ္ပံဌာန ပါရဂူဘွဲ့တန်းကျောင်းသား ဂျွန်ဗျူခန်နန် (John Buchannan) က သုတေသနပြုထားသည့် “မြန်မာနိုင်ငံမှ ပြည်သူ့စစ်အဖွဲ့အစည်းများ” သုတေသနစာတမ်းတွင် မြန်မာနိုင်ငံတွင် ပြည်သူ့စစ် အဖွဲ့ဝင်ပေါင်း ရှစ်သောင်းကျော်ရှိပြီး သုံးသောင်းမှာ လက်နက်တပ်ဆင်ထားသည်ဟု ဖော်ပြထားသည်။
ယင်းအချက်အလက်မှာ ပြည်သူ့စစ်များနှင့် ရှေ့တန်းတပ်ဖွဲ့ဝင်များ ညွှန်ကြားရေးမှူးရုံး ညွှန်ကြားရေးမှူး ဗိုလ်ချုပ်မောင်မောင်အုန်းက ၂၀၁၀ ခုနှစ်တွင် မီဒီယာတစ်ခုကို ဖြေကြားထားခြင်းဖြစ်သည်ဟု ထိုသုတေသနစာတမ်းက ဆိုသည်။
ပြည်သူစစ်များအား အာဏာ၊ လက်နက်နှင့် လုပ်ပိုင်ခွင့်များ ပေးထားပါက အာဏာအလွဲသုံးစားပြုလုပ်မှုများ၊ လူမှုရေးပဋိပက္ခများ ဖြစ်ပွားလာနိုင်သည်ဟု မိကွန်ချမ်းက ထောက်ပြခဲ့သည်။
တစ်နိုင်ငံလုံးအတိုင်းအတာဖြင့် ပြည်သူ့စစ်အဖွဲ့ပေါင်း ခြောက်ထောင်ကျော် ရှိနေပြီး ပေါင်မြို့နယ်တစ်ခုတည်းတွင် ကျေးရွာ ၄၅ ရွာ၌ ပြည်သူ့စစ်အဖွဲ့ဝင် တစ်ထောင်ကျော် ရှိနေကြောင်း၊ ပြည်သူ့စစ်အဖွဲ့ဝင်များ၏ ဥပဒေမဲ့လုပ်ဆောင်ချက်များကို မည်သည့်ဝန်ကြီးဌာန အဖွဲ့အစည်းက တာဝန်ခံမည်ဆိုသည်ကို သိလိုကြောင်း မိကွန်ချမ်းက မေးခွန်းထုတ်သည်။
“ရှမ်းပြည်နယ်တောင်ပိုင်းမှာ မူးယစ်ဆေးဝါးတွေ ဖမ်းမိတာ ပြည်သူ့စစ်အဖွဲ့တွေ လုပ်ကိုင်နေတာဖြစ်တယ်။ နယ်စပ်တွေမှာ သစ်တွေခိုးထုတ်တာတို့ ကျွန်မတို့ ပင်လယ်နဲ့ နီးစပ်တဲ့ ကျေးရွာတွေမှာဆိုရင်လည်း သစ်တွေ မှောင်ခို ခိုးထုတ်နေတာ ပြည်သူ့စစ်တွေပဲဖြစ်ပါတယ်” ဟု ၎င်းက ပြောသည်။
ကရင်ပြည်နယ်နှင့် ရှမ်းပြည်နယ်များတွင် ဌာနေပြည်သူ့စစ်အဖွဲ့ဝင်များ၏ ဥပဒေမဲ့လုပ်ဆောင်ချက်များအပေါ် အရပ်ဘက်တရားရုံးများက အရေးယူခဲ့သည်များရှိကြောင်း ကာကွယ်ရေးဒုဝန်ကြီး ဗိုလ်ချုပ်မြင့်နွယ်က ရှင်းလင်းဖြေကြားခဲ့သည်။",,,,,,
<urn:uuid:53c550b9-3abb-493c-b545-c85e1d41566a>,"လက်လှည့် အပေါက်ဖောက် စူးသွား
- လက်ကိုင် ပါပြီး ဖောက်စက်မလိုပဲ အပေါက် ဖောက်ဖို့၊ ဖောက် ပြီးသား အပေါက်တွေချဲ့ဖို့ သုံးနိုင် ပါ တယ်။ လက်ကိုင် ကန့်လန့်တန်းလေးက နေရာရွှေ့ လို့ ဖြုတ်ထားလို့ ရ ပါတယ်။ အရင်က လက်သမား ဆရာတွေ မရှိမဖြစ် လွန်ကောက်တွေ မှာတပ် သုံး ရင် ရနိုင်ပါမယ်။ သစ်သားရော သတ္တု သံထည် တွေပါ ဖောက်နိုင်ပါတယ်။
SKU: TLTACCN642 အမျိုးအစား အပေါက်ချဲ့
Product Description
- လက်ကိုင် ပါပြီး ဖောက်စက်မလိုပဲ အပေါက် ဖောက်ဖို့၊ ဖောက် ပြီးသား အပေါက်တွေချဲ့ဖို့ သုံးနိုင် ပါ တယ်။ လက်ကိုင် ကန့်လန့်တန်းလေးက နေရာရွှေ့ လို့ ဖြုတ်ထားလို့ ရ ပါတယ်။ အရင်က လက်သမား ဆရာတွေ မရှိမဖြစ် လွန်ကောက်တွေ မှာတပ် သုံး ရင် ရနိုင်ပါမယ်။ သစ်သားရော သတ္တု သံထည် တွေပါ ဖောက်နိုင်ပါတယ်။
- လက်လှည့် အပေါက်ဖောက် စူးသွား
|Weight||0.5 kg|
|Dimensions||1 × 1 × 1 in|",,,,,,
<urn:uuid:c80227b9-b780-4aa8-b8e3-c8f506511e3f>,"|ဖြစ်ခဲ့သည်|
|နာမည်အပြည့်အစုံ||Shreevats Pratyush Goswami|
|အလုပ်အကိုင်||ခရစ်ကတ် (Wicketkeeper batsman)|
|ရုပ်ပိုင်းဆိုင်ရာအချက်အလက်များ & ပိုမို|
|အမြင့် (ခန့်မှန်းခြေအားဖြင့်)||စင်တီမီတာ၌တည်၏ - 168 စင်တီမီတာ |
မီတာအတွက် - 1.68 မီတာ
ပေလက်မ၌တည်၏ - ၅ '၆ '
|အလေးချိန် (ခန့်မှန်းခြေအားဖြင့်)||ကီလိုဂရမ်၌တည်၏ - 60 ကီလိုဂရမ် |
ပေါင်ထဲမှာ - 132 ပေါင်
|ခန္ဓာကိုယ်အတိုင်းအတာများ (ခန့်မှန်းခြေအားဖြင့်)||- ရင်ဘတ်: 38 လက်မ |
- ခါး - ၃၀ လက်မ
- Biceps: ၁၄ လက်မ
|မျက်လုံးအရောင်||အညိုေရာင်ရင့်|
|ဆံပင်အရောင်||အနက်ရောင်|
|ခရစ်ကက်|
|နိုင်ငံတကာပွဲ ဦး ထွက်||မဟုတ်ဘူး|
|ဂျာစီနံပါတ်||နံပါတ် ၁၂၊ ၃၃ (ပြည်တွင်း)|
|ပြည်တွင်း / ပြည်နယ်အဖွဲ့||ဘင်္ဂလားဘုတ်အဖွဲ့ဥက္ကidents္ဌများ XI၊ ကိုလ်ကတ္တား Knight Riders, Rajasthan Royals၊ တော်ဝင်စိန်ခေါ်သူများ Bangalore, Sunrisers Hyderabad|
|ကိုယ်ပိုင်ဘဝ|
|မွေးနေ့||မေလ ၁၈ ရက်|
|အသက် (၂၀၁၇ ခုနှစ်ကဲ့သို့)||၂၈ နှစ်|
|မွေးရပ်မြေ||ကိုလ်ကတ္တား, အနောက်ဘင်္ဂလား, အိန္ဒိယ|
|ရာသီခွင်နိမိတ်လက္ခဏာ / နေရောင်နိမိတ်||က|
|နိုင်ငံသား||အိန္ဒိယ|
|ဇာတိမြို့||ကိုလ်ကတ္တား, အနောက်ဘင်္ဂလား, အိန္ဒိယ|
|ကျောင်း||မသိ|
|ကောလိပ် / တက္ကသိုလ်||ကတ္တားတက္ကသိုလ်, ကတ္တား|
|ပညာရေးဆိုင်ရာအရည်အချင်း||ဘွဲ့ရသည်|
|နည်းပြ / ဆရာ||မသိ|
|ဘာသာတရား||ဟိန္ဒူဘာသာ|
|ဇာတ်||ပုဏ္ဏား|
|အစားအစာအလေ့အထ||သက်သတ်လွတ်မဟုတ်သူ|
|ဝါသနာ||ခရီးသွားခြင်း၊ ဈေးဝယ်ခြင်း|
|မိန်းကလေးများ၊ မိသားစုနှင့်ပိုများများ|
|အိမ်ထောင်ရေးအခြေအနေ||လက်ထပ်ခဲ့သည်|
|ရေးရာ / မိန်းကလေး||Payal Jugroop|
|မိသားစု|
|ဇနီး / အိမ်ထောင်ဖက်||Payal Jugroop |
|ကလေးများ||မဟုတ်ဘူး|
|မိဘများ|| ဖခင် - Pratyush Goswami |
အမေ - အမည်မသိသော
|မောင်နှမများ|| အစ်ကို - မသိသော |
နှမ - အမည်မသိသော
|အကြိုက်ဆုံးအရာ|
|အကြိုက်ဆုံးခရစ်ကက်||Adam Gilchrist (သြစတြေးလျ)|
|ငွေစက္ကူ|
|လစာ (၂၀၁၈ တွင်ကဲ့သို့)||IPL - ₹ ၁ Crore / တစ်နှစ်|
Shreevats Goswami အကြောင်းလူသိနည်းတဲ့အချက်အလက်အနည်းငယ်
- Shreevats Goswami ဆေးလိပ်သောက်လား။ မသိဘူး
- Shreevats Goswami သည်အရက်ကိုသောက်ပါသလား
- Shreevats သည်ဘင်္ဂလီဟိန္ဒူမိသားစုမှဖြစ်သည်။
- သူသည် ၁၁ နှစ်အရွယ်တွင်ခရစ်ကက်ကစားခဲ့သည်။
- ၂၀၀၈ ခုနှစ်တွင်သူသည် Andhra Pradesh ရှိ Visakhapatnam တွင် 'ဒေလီ' ကိုဆန့်ကျင်။ ဘင်္ဂလားအတွက်စာရင်းပြုစုခဲ့သည်။
- သူလည်း '' အိန္ဒိယရဲ့လက်အောက်တွင် 19 ခရစ်ကက်ကမ္ဘာ့ဖလား '' ပြိုင်ပွဲ၏အစိတ်အပိုင်းတစ်ခုဖြစ်ခဲ့သည်။
- '' Royal Challengers Bangalore '' (RCB) သည် '' အိန္ဒိယပရီးမီးယားလိဂ် 'လေလံအတွက်သူ့ကို ၂၀၀၈၊ ၂၀၀၉ နှင့် ၂၀၁၀ တွင်သုံးကြိမ်တိုင်ဝယ်ယူခဲ့သည်။
- 2011 ခုနှစ်တွင် Kolkata နိုက်မြင်းစီးသူရဲ (KKR) '2011 IPL' 'လေလံပွဲအတွက်သူ့ကိုလက်မှတ်ရေးထိုးခဲ့သည်။
- ၎င်းနောက် 'Rajasthan Royals' သည် IPL လေလံပွဲအတွက် ၂၀၁၂၊ ၂၀၁၃ နှင့် ၂၀၁၄ တွင်သုံးကြိမ်ဝယ်ခဲ့သည်။
- သူသည်အိန္ဒိယနိုင်ငံ၏တစ်နေ့တာအပြည်ပြည်ဆိုင်ရာစီးရီးတွင်လည်းပါဝင်ခဲ့သည်
- 2018 ခုနှစ်တွင် '' Sunrisers Hyderabad '(SRH) ရူပီးများအတွက်သူ့ကိုဝယ်ယူခဲ့သည်။ '2018 IPL' 'လေလံ 1 ကုreေ။
- ယနေ့အထိသူ၏အမြင့်ဆုံးရမှတ်မှာ ၂၂၇ ဖြစ်သည်။ သူသည် 2016-17 Ranji Trophy ရာသီတွင်ပြုလုပ်ခဲ့သည်။
- သူသည်ပြိုင်ပွဲ U-23 ကစားသမားအတွက်လည်းဆုရရှိခဲ့သည်။
- သူကတစ် ဦး ဟွတ်ခ်ချစ်မြတ်နိုးတဲ့ဖြစ်ပါတယ်။
- သူလည်းခွေးချစ်သူပါ။
- သူကမှင်တွေကြိုက်တယ်။",,,,,,
<urn:uuid:33c716c7-8036-42e3-81c8-e6239cab31d6>,"အွမ်ဇက်ဘ်ဒေသ
|အွမ်ဇက်ဘ်တောင်ကြား*|
|UNESCO ကမ္ဘာ့အမွေအနှစ်နေရာများ|
|တည်ရှိသည့် နိုင်ငံ||အယ်လ်ဂျီးရီးယား|
|အမျိုးအစား||ယဉ်ကျေးမှု|
|ရွေးချယ်သည့်စံနှုန်း||ii, iii, v|
|ကိုးကား||၁၈၈|
|ဒေသ**||အာဖရိက|
|သတ်မှတ်ခြင်း မှတ်တမ်း|
|စတင်သတ်မှတ်ခြင်း||၁၉၈၂ (ဆဋ္ဌမအကြိမ်)|
|* ယူနက်စကိုကမ္ဘာ့အမွေခံစာရင်းတွင် ရေးထိုးထားသောအမည်|
** ယူနက်စကိုမှ ခွဲခြားသတ်မှတ်ထားသောဒေသ
အွမ်ဇက်ဘ် သို့မဟုတ် အမ်ဇက်ဘ် ဒေသ သည် အယ်လ်ဂျီးရီးယားနိုင်ငံ ဂါဒိုင်းယားပြည်နယ် အတွင်း ဆဟာရ သဲကန္တာရ မြောက်ပိုင်းတွင် တည်ရှိသော သဘာဝဒေသ တစ်ခု ဖြစ်သည်။ အယ်လဂျီးယားမြို့ ၏ တောင်ဘက် ၃၇၀မိုင် (၆၀၀ ကီလိုမီတာ) အကွာတွင် တည်ရှိပြီး စုစုပေါင်း နေထိုင်သူ ၃၆၀,၀၀၀ ဦး ခန့် (၂၀၀၅ ခန့်မှန်းချက်အရ) ရှိသည်။[၁][၂]
ဘူမိဗေဒ[ပြင်ဆင်ရန်]
အွမ်ဇက်ဘ်ဒေသသည် ထုံးကျောက် ကုန်းမြေမြင့် ဖြစ်ပြီး ဝပ်ဒ်အွမ်ဇက်ဘ် တောင်ကြား၏ အလယ်တွင် တည်ရှိသည်။",,,,,,
<urn:uuid:e97b95e6-d99e-4396-bfa0-1a46caf359d8>,"Unicode
ဖကျထုပျ ဆီခကျြ ပွုလုပျနညျး
ဆီခကျြလုပျစာတဲ့အခါ တပှဲစာ အတှကျဘဲ လုပျမှ ကောငျးပါတယျ..။
၀ကျနံရိုးပွုတျရညျ/ အရိုးပွုတျ အခြိုရညျ အဆငျသငျ့ရှိရနပေါတယျ။ ပနျးကနျလုံးတခုထဲမှာကွကျသှနျဖွူ ကွျော ဆီခကျြ ၁ စားပှဲဇှနျး တို့ကို ထညျ့မှပေေးပီး ဖကျထုတျပွုတျနဲ့ ခေါကျဆှဲပျေါ ဆမျးခပြေးလိုကျတာဘဲ..။
ငရုပျကောငျးမှုနျ့ နဲနဲ ဖွူး၊ကွကျသှနျမွိတျနဲ့ ကွကျသှနျဖွူ ကွျောလေး ဖွူးပီး သုံးဆောငျပါ..။ ဖကျထုတျခှံကတော့ Wonton အခှံလေးတှဝေယျတယျ..
ပါဝငျပစ်စညျးမြား
အရိုးပွုတျရညျ ၂ စားပှဲဇှနျး/သကွား ၁/၄ လကျဘကျရညျဇှနျး/ဆား သငျ့ရုံ
ပဲငံပွာရညျ အကြဲ ၁ လကျဘကျရညျဇှနျး/အခြိုမှုနျ့ သငျ့ရုံ
ဖကျထုပျ အဆာအတှကျ ၀ကျသား အဆီ အနညျးငယျပါ ၁၆၀ ဂရမျ ( နုတျနုတျစငျး /ကွိတျထားပါ)ကွကျသှနျဖွူ ၁မှာ (ဒါးပွား ရိုကျပီး နုတျနုတျ စငျးထားပါ)ပဲငံပွာရညျ အကြဲ ၁ လကျဘကျရညျဇှနျး/သကွား ၁ လကျဘကျရညျဇှနျး/ဆား သငျ့ရုံ
ပွောငျးကျောမှုနျ့ ၁ စားပှဲဇှနျး/ငရုပျကောငျး အနညျးငယျ/ကွကျဥ သမအောငျ ခေါကျထားတာ တ၀ကျထညျ့ပါ..ကြူဆိုငျ..(ကုဆိုငျ) ၅ -၆ ပငျခနျ့..ကွမျးကွမျးလေးလှီးထားပါ
ပွုလုပျနညျး/ဇလုံတခုတှငျ ပါဝငျပစ်စညျး အားလုံးကိုသမအောငျရောမှပေေးပီး ရခေဲသတ်ေတာတှငျ အေးနအေောငျ နှပျထားပါ..။ အေးတဲ့အခါ ဖကျထုတျဖကျခှံ အလယျတှငျထညျ့ အနားမြားကို ရစှေတျပီး ဖိပိတျပါ..
ဆူနသေော အရိုးပွုတျရညျတှငျ ၄-၅ မိနဈခနျ့ ပွုတျပါ.. ကကျြသောအခါ အပျေါသို့ တကျလာကွပါတယျ..၁ မိနဈခနျ့ ဆကျပွုတျပါ..။
ကကျြတဲ့အခါ ဆယျပီး အပျေါမှာ ရေးထားပေးတဲ့ ဆော့ဈ ဆမျးပီး၊ ကွကျသှနျမွိတျ၊ အကွှတျကွျော၊ ကွကျသှနျဖွူ ကွျော.၊. ငရုပျကောငျးတို့ဖွူးပီးသုံးဆောငျပါ..။
လေးစားလြှကျ crd
Zaw Gyi
ဖက်ထုပ် ဆီချက် ပြုလုပ်နည်း
ဆီချက်လုပ်စာတဲ့အခါ တပွဲစာ အတွက်ဘဲ လုပ်မှ ကောင်းပါတယ်..။
၀က်နံရိုးပြုတ်ရည်/ အရိုးပြုတ် အချိုရည် အဆင်သင့်ရှိရနေပါတယ်။ ပန်းကန်လုံးတခုထဲမှာကြက်သွန်ဖြူ ကြော် ဆီချက် ၁ စားပွဲဇွန်း တို့ကို ထည့်မွှေပေးပီး ဖက်ထုတ်ပြုတ်နဲ့ ခေါက်ဆွဲပေါ် ဆမ်းချပေးလိုက်တာဘဲ..။
ငရုပ်ကောင်းမှုန့် နဲနဲ ဖြူး၊ကြက်သွန်မြိတ်နဲ့ ကြက်သွန်ဖြူ ကြော်လေး ဖြူးပီး သုံးဆောင်ပါ..။ ဖက်ထုတ်ခွံကတော့ Wonton အခွံလေးတွေဝယ်တယ်..
ပါဝင်ပစ္စည်းများ
အရိုးပြုတ်ရည် ၂ စားပွဲဇွန်း/သကြား ၁/၄ လက်ဘက်ရည်ဇွန်း/ဆား သင့်ရုံ
ပဲငံပြာရည် အကျဲ ၁ လက်ဘက်ရည်ဇွန်း/အချိုမှုန့် သင့်ရုံ
ဖက်ထုပ် အဆာအတွက် ၀က်သား အဆီ အနည်းငယ်ပါ ၁၆၀ ဂရမ် ( နုတ်နုတ်စင်း /ကြိတ်ထားပါ)ကြက်သွန်ဖြူ ၁မွှာ (ဒါးပြား ရိုက်ပီး နုတ်နုတ် စင်းထားပါ)ပဲငံပြာရည် အကျဲ ၁ လက်ဘက်ရည်ဇွန်း/သကြား ၁ လက်ဘက်ရည်ဇွန်း/ဆား သင့်ရုံ
ပြောင်းကော်မှုန့် ၁ စားပွဲဇွန်း/ငရုပ်ကောင်း အနည်းငယ်/ကြက်ဥ သမအောင် ခေါက်ထားတာ တ၀က်ထည့်ပါ..ကျူဆိုင်..(ကုဆိုင်) ၅ -၆ ပင်ခန့်..ကြမ်းကြမ်းလေးလှီးထားပါ
ပြုလုပ်နည်း/ဇလုံတခုတွင် ပါဝင်ပစ္စည်း အားလုံးကိုသမအောင်ရောမွှေပေးပီး ရေခဲသေတ္တာတွင် အေးနေအောင် နှပ်ထားပါ..။ အေးတဲ့အခါ ဖက်ထုတ်ဖက်ခွံ အလယ်တွင်ထည့် အနားများကို ရေစွတ်ပီး ဖိပိတ်ပါ..
ဆူနေသော အရိုးပြုတ်ရည်တွင် ၄-၅ မိနစ်ခန့် ပြုတ်ပါ.. ကျက်သောအခါ အပေါ်သို့ တက်လာကြပါတယ်..၁ မိနစ်ခန့် ဆက်ပြုတ်ပါ..။
ကျက်တဲ့အခါ ဆယ်ပီး အပေါ်မှာ ရေးထားပေးတဲ့ ဆော့စ် ဆမ်းပီး၊ ကြက်သွန်မြိတ်၊ အကြွတ်ကြော်၊ ကြက်သွန်ဖြူ ကြော်.၊. ငရုပ်ကောင်းတို့ဖြူးပီးသုံးဆောင်ပါ..။
လေးစားလျှက် crd",,,,,,
<urn:uuid:72e43a8f-4bf7-43b4-9320-78286cde3793>,"ကမ္ဘာအနံ့ှဈေးကွက်အရှုံးပေါ်မှုများဖြစ်ပွားခဲ့သည့် ၂၀၀၇ ခုနှစ်နောက်ပိုင်း တရုတ်နိုင်ငံ၏ စတော့ဈေးကွက်သည် အဆိုးဆုံးထိုးကျထပ်မံထိုးကျနေသည်။
တရုတ်စီးပွားရေးလေးကန်ခြင်းက အခြားသောစီးပွားရေးများကိုပါ ဆွဲချသွားမည်ဆိုသည့် စိုးရိမ်မှုများဖြင့် ကမ္ဘာ့ဈေးကွက်တွင် သက်ရောက်မှုများဖြစ်ပေါ်နေသည်။
Shanghai Composite စံအမှတ်တွင် သြဂုတ် ၂၅ ရက်က ၆ ရာခိုင်နှုန်းဈေးကျသည်။ သြဂုတ် ၂၄ ရက်က ၈ ဒသမ ၅ ရာခိုင်နှုန်းကျခဲ့ခြင်းဖြစ်ပြီး ဥရောပနှင့် အမေရိကန်တို့တွင်လည်း အကျရိပ်များ မြင်တွေ့ခဲ့ရသည်။
အခြားသောအာရှဈေးကွက်များတွင် သြဂုတ် ၂၅ ရက် စတော့ဈေးအဖွင့်တွင် ဈေးနှုန်းနည်းပါးစွာဖြင့် ဖွင့်လာသော်လည်း ဆုံးရှုံးမှုများမှ ပြန်လည်နာလန်ထူလျက်ရှိသည်။
ကုန်စည်နှင့် စီးပွားရေးဝန်ဆောင်မှုများကို ဒုတိယအများဆုံးတင်သွင်းစားသုံးသူ ကမ္ဘာဒုတိယစီးပွားရေးအကြီးဆုံး တရုတ်၏ ဝယ်လိုအားတွင် အားတည်ထားရသည့် ကုမ္ပဏီနှင့် နိုင်ငံများတွင်လည်း သက်ရောက်မှုများဖြစ်လာမည်ကို ရင်းနှီးမြုပ်နှံသူများက စိုးရိမ်နေသည်။
ယခင်တွေးထင်ထားသည်ထက် စီးပွားရေးပိုမိုဆိုးနိုင်သည်ဟု စိုးရိမ်မှုများကြောင့် နှေးဖင့်နေသည့် စီးပွားရေးကို ပြန်လည်ကုစားနိုင်ရေးအတွက် ဗဟိုဘဏ်က နိုင်ငံ့ငွေကြေး ယွမ်တန်ဖိုးကို လျှော့ချ သတ်မှတ်ခဲ့သည်။
ယွမ်တန်ဖိုးနည်းခြင်းကြောင့် တရုတ်ပို့ကုန်များကို ဈေးချိုစေပြီး ကမ္ဘာ့ကုမ္ပဏီများကို ပိုမိုဆွဲဆောင်နိုင်အတွက် ယခုကဲ့သို့ ယွမ်တန်ဖိုးကို ပြီးခဲ့သည့် သီတင်းပတ်နှစ်ပတ်အကြာက ဗဟိုဘဏ်က လျှော့ချသတ်မှတ်ခဲ့ခြင်းပင်ဖြစ်သည်။
Ref: BBC",,,,,,
<urn:uuid:a9385637-cdab-4ac3-b678-34b376b18bd2>,"တောင်ကိုရီးယားနာမည်ကျော် အိုင်လ်ဒေါနှစ်ဦးဖြစ်တဲ့ V နဲ့ Jennie တို့ တွဲနေကြတယ်ဆိုတဲ့ ဓာတ်ပုံတွေဟာ လူမှုကွန်ရက် စာမျက်နှာပေါ်မှာ တစ်ခုပြီးတစ်ခု ပြန့်နှံ့နေခဲ့ပါတယ်။
ဒီကနေ့ သြဂုတ်လ ၂၉ ရက်နေ့မှာလည်း V နဲ့ Jennie တို့ တွဲနေကြတယ်ဆိုတာကို သက်သေပြနေတဲ့ ဓာတ်လှေကားထဲကနောက်ထပ် ဓာတ်ပုံတစ်ပုံ ပြန့်နှံ့လာခဲ့ပါတယ်။ တင်ပြီးပြီးချင်း အချိန် ခဏလေး အတွင်းမှာပဲ ဓာတ်ပုံတွေဟာ လူမှုကွန်ရက် စာမျက်နှာတွေပေါ်မှာဝေဖန်မှု မြင့်တက်ခဲ့ပါတယ်။
ဓာတ်ပုံတွေကို ဖြန့်ဝေတဲ့ တစ်စုံတစ်ယောက်က နာမည်ကြီး အိုင်လ်ဒေါ နှစ်ယောက်ရဲ့ ဓာတ်ပုံတွေကို ရည်ရွယ်ချက် တစ်ခုခု ကြောင့် အခုလိုမျိုး ဖြန့်ဝေနေတာလို့ သုံးသပ်ထားကြပါတယ်။
ဓာတ်ပုံကို စတင်ဖြန့်ဝေခဲ့တဲ့သူကိုယ်တိုင်က သူ့ဆီမှာ နောက်ထပ် ဓာတ်ပုံ အသစ်တွေ ရှိသေးကြောင်း ၊ ဓာတ်ပုံတွေထဲမှာ V နဲ့ Jennie တို့ နမ်းနေတဲ့ ပုံတွေပါရှိကြောင်း ခြိမ်းခြောက်ထားပါတယ်။ အဆိုပါ ဓာတ်ပုံတွေကို ဖြန့်ဝေတဲ့သူက V နဲ့ Jennie တို့ သူတို့ရဲ့ အချစ်ရေးကို ဝန်ခံလာစေဖို့ ရည်ရွယ်ချက်အပြင် အခြား ငွေညှစ်ချင်တဲ့ ရည်ရွယ်ချက်မျိုးပါ ရှိနေနိုင်တယ်လို့ netizen တွေက သုံးသပ်ထားကြပါတယ်။ နမ်းနေတဲ့ ဓာတ်ပုံထဲမှာ V က Jennie ရဲ့ နှဖူးကို နမ်းနေပြီး Jennie ကလည်း ပြုံးနေတယ်ဆိုတဲ့ အကြောင်းအရာကိုပါ ဖြန့်ဝေသူက ထည့်ပြောထားပါတယ်။
အဆိုပါ ဓာတ်ပုံတွေနဲ့ပတ်သက်ပြီး ပရိသတ်တွေ အများစုက Photoshop တွေ ဖြစ်ကြောင်း ငြင်းဆိုခဲ့ပေမယ့်လည်း background ပုံစံ သက်သေပြစရာ မရှိတာကြောင့် Photoshop မဟုတ်ဘူးဆိုတာ သက်သေပြဖို့လည်း ခက်ခဲနေကြပါတယ်။
ဓာတ်ပုံတွေနဲ့ ပတ်သက်ပြီး နှစ်ဦးနှစ်ဖက် အေဂျင်စီတွေက လည်း နှုတ်ဆိတ်နေကြပါတယ်။
""Myanmarload's content is copyrighted and only allowed to appear on Myanmarload website. Please respect our copyrights""
Myanmarload မှရေးသားသောသတင်းများသည် Myanmarload၏ မူပိုင်သတင်းများဖြစ်ပြီး Myanmarload Website ထဲတွင်သာ ဖတ်ရှုနိုင်ပါသည်။ ကျွန်ုပ်တို့၏ မူပိုင်ခွင့်ကိုလေးစားသောအားဖြင့် တစ်ဆင့်ကူးယူဖော်ပြခြင်းမပြုရန် မေတ္တာရပ်ခံအပ်ပါသည်။",,,,,,
<urn:uuid:9f022425-75b8-4724-9a1c-50d076ba12f0>,"ceMySQL.h Cross-platform C++ programming with wxWidgets
Using MySQL Database with C++ on Various Platforms Including ARM Single Board Computers
အဲဒီ အတွက် ဆက်သွယ် အသုံးပြု မယ့် MySQL server မှာ mytest ဆိုတဲ့ database နဲ့၊ အထဲမှာ mytable ဆိုတဲ့ table ကို Figure 1 မှာ ပြထား တဲ့ အတိုင်း MySQL Workbench နဲ့ ဖန်တီး ထားလိုက် ပါမယ်။
အဲဒီ နမူနာ မှာ အသုံးပြု မယ့် ceMySQL ဆိုတဲ့ class module ကို
ceMySQL.h (https://github.com/yan9a/odroid/blob/master/database-mysql/ceMySQL.h) နဲ့
ceMySQL.cpp (https://github.com/yan9a/odroid/blob/master/database-mysql/ceMySQL.cpp)
တို့မှာ ဖော်ပြ ထား ပါတယ်။
ceMySQL ဆိုတဲ့ MySQL Connector C++ class ကို အောက်က လင့်ခ် မှာ ဖော်ပြ ထားတဲ့ wxWidgets နမူနာ ပရိုဂရမ်
wxmysql.cpp (https://github.com/yan9a/odroid/blob/master/database-mysql/wxmysql.cpp)
မှာ အသုံးပြု ပြီး၊ data record တွေကို select, insert, update, delete လုပ်ပြ ထား ပါတယ်။ ပရိုဂရမ် ကို build လုပ်ပြီး၊ run ဖို့ အတွက် command တွေကို wxmysql-bar.sh (Listing 4) မှာ ဖော်ပြ ထား ပါတယ်။
g++ wxmysql.cpp ceMySQL.cpp -std=c++11 \ `wx-config --cxxflags --libs` \ -I /usr/local/mysql/connector-c++-8.0/include \ -L /usr/local/mysql/connector-c++-8.0/lib64 \ -lmysqlcppconn8 -o wxmysql ./wxmysqlListing 4. MySQL Connector C++ wxWidgets ပရိုဂရမ် wxmysql.cpp ကို build လုပ်၍ run ရန် script ဖိုင် wxmysql-bar.sh ။
ပရိုဂရမ် ရဲ့ GUI နဲ့ ရလဒ် ကို Figure 2 မှာ ပြထား ပါတယ်။",,,,,,
<urn:uuid:b3b4f3c6-5b68-4a0d-8405-d7e275e04f8b>,"ထိုင်း နိုင်ငံမှာ အမျိုး သမီး အလှကုန်တွေ ကို အတုလုပ်ပြီး လူထုကို လိမ်ရောင်းနေတဲ့ မက်ဂျစ်စကင်း”Magic Skin” ကုမ္ပဏီ နဲ့လက်အောက်ခံ အလှပြင် အသုံးအဆောင်အမျိုးမျိုးကို ဆက်တိုက် ဖမ်းဆီးအရေးယူနေရာမှာ ပထမဦးဆုံးအသားဖြူဆေး ထုတ်လုပ်တဲ့နေရာတွေကို ဝင်ရောက် စီးနင်းရာမှာ ဓါတ်မြေသြစာထုတ်တဲ့နေရာမှာသုံးတဲအမှုန့်နဲ့ကော့စတစ်အစွန်းချွတ်ဆေးတွေကိုသုံးပြီးထုတ်လုပ်ထားတာကို ရဲတွေက စစ်ဆေးတွေ့ရှိခဲ့တာပါ ။Slim Skin အဆီကျ ဝိတ်ကျနို့မှုန့် တံဆိပ် အရောင်းကိုယ်စားလှယ်Muddharn Samrit မုဒန် စမစ် အသက်၂၄ နှစ်အရွယ်အမျိုးသမီးကို ဖမ်းဆီးလိုက်ပါတယ် ။
ဝိတ်ကျဆေး ပိန်ဆေး ကတော့ ကော်ဖီမစ် အမှုန့်နဲ့ လိမ်မော်ရည်အမှုန့်နဲ့ပေါင်းပြီး ထုတ်လုပ်ပြီး လိမ်လည်ရောင်းချတာပါ ။ရုပ်ရှင်သရုပ်ဆောင်တွေနဲ့ ကြော်ငြာ ထုတ်ခဲ့လို့ ထိုင်းနိုင်ငံ နဲ့အိမ်နီးချင်းနိုင်ငံတွေမှာရောင်း အားအကောင်းဆုံးMagic Skin Co., Ltd. မက်ဂျစ်စကင်း အလှကုန်တွေက အမျိုးပေါင်း၂ဝဝကျော်ရှိတယ်လို့သိရပါတယ်အမှန်တကယ်မှာ ထုတ်လုပ်တဲ့ စက်ရုံကတော့ မှတ်ပုံတင်ထားတာမရှိကြောင်း နဲ့ သုံးစွဲသူတွေအကြားမှာ ကျန်းမာရေး ထိခိုက်မှုတွေ ဖြစ်နေတာကို တိုင်ကြားခဲ့သူ ပေါင်း ၅၀၀၀ လောက် ရှိခဲ့တယ်လို့ရဲမှူးကြီး Vorachai Songmattha က ဆိုပါတယ် သူကိုယ်တိုင် ဝင်ရောက်စစ်ဆေးဖမ်းဆီးမူလုပ်ခဲ့တာပါ ။
ဘတ်ငွေသန်း ၁၀၀၀ ကျော် နဲ့လည်ပါတ် နေတဲ့ မက်ဂျစ်စကင်း အလှကုန်လုပ်ငန်း ပိုင်ရှင် ဝနဖါ ရဲ့နေအိမ်မှာ ဘတ် ငွေ ၁၉ သန်း ရွှေထည် အမျိုးပေါင်း ၅၃မျိုးနဲ့ အဖိုးတန်ကား တွေပါ သိမ်းဆည်းလိုက်ကြောင်းသိရပါတယ်။ ဘန်ကောက်မြို ပထုံဌာနီက သုံးဧကကျယ်တဲ့ ဝန်းထဲမှာ တည်ဆောက်ထားတဲ့အလှကုန် စက်ရုံဟာ တကယ်တော့ တရားဝင် မှတ်ပုံတင်ထားတာမရှိ ဘဲ တကယ်မှတ်ပုံတင်ထားတာက နကော်စီဌာမရ ပြည်နယ်မှာဖြစ်ပြီး ဘန်ကောက်ကတော့ ကိုယ်ပွားအတုစက်ရုံလုပ်ထားတာလို့သိရပါတယ်။ ထိုင်းကျန်မာရေးဌာနကတော့ Magic Skin အလှကုန်တွေဟာ သုံးစွဲသူတွေအတွက် အန္တရာယ် ရှိတယ်ဆိုတာ တရားဝင်ထုတ်ပြန်ခဲ့ပါတယ်။
အနုပညာရှင် တွေကတော ဒီအလှကုန်တွေကို တကယ်သုံးစွဲ မကြည့်ပဲ တကယ် အသားဖြူကြောင်း အဆီကျကြောင်း ကိုယ်ရေစစ်လှပချောမောပိန်ပါး ဝိတ်ကျစေဖို့ဒီဆေးတွေ အသုံးပြုခဲ့ကြောင်း နဲ့လူထုကို အန္တရယ်ဖြစ်စေတဲ့ အလှကုန်တွေကို ငွေကြေးယူပြိး ကြော်ငြာပေးခဲ့တဲ့အတွက် အနုပညာရှင် ၅ဝကျော်လည်း စစ်ဆေးမူ ခံနေရပါတယ် ။သူတို့ကတော့ ငွေယူပြီး ကြောငြာထုတ်ပေးခဲ့တာဖြစ်ပြီး တကယ်ကျန်းမာရေးဌာန့ ခွင့်ပြုချက်အတုမှန်း မသိခဲ့ကြဘူးလို့ ပြောကြပါတယ်။စက်ရုံအတွင်းမှာ သုံးနေတဲ့ ဓါတုဆေးဝါးတွေဟာ ကျန်းမာရေးဌာနက စစ်ဆေးပြီး ဖြစ်ကြောင်း ပြောဆိုပေမဲတကယ်တမ်းမှာ Food and Drug Administration (FDA) ခွင်ပြုချက်မပါပဲ လုပ်ဆောင်နေတာကိုလည်းတွေ ရှိခဲ့တယ်လို့ထိုင်းအာဏာပိုင်တွေကဆိုပါတယ် ။
သောက်ဆေး တထုတ်ကို မူရင်းစက်ရုံက ၂၉ဘတ်နဲ့ပေးပြီး အရောင်းကိုယ်စားလှယ်တွေက၂၉၉ဘတ်နဲ့ရောင်းချခဲ့ကြတာပါ ။ထိုင်းမြန်မာ နယ်စပ်မဲဆောက် ဈေးမှာတော့ ပိန်ဆေး အဆီကျဆေး မျက်နှာဖြူဆေး လက်ဖြူဆေး သောက်ဆေး လိမ်းဆေးစသဖြင့် ကိုယ်ခန္တာ နေရာပေါင်းစုံအတွက်ဆေး အမျိုးမျိုးကို ရောင်းချနေတာတွေ့ရသလို ့ရွေပြောင်းအလုပ်သမား မိန်းကလေးတွေကြားထဲ မှာလည်း အဲဒီဆေးတွေကိုသုံးစွဲနေတာ တွေ့ရပါတယ် ။အဲဒီ အတွက် ဒီဆေးတွေကိုသုံးတဲ့အခါမှာအသားရေတွေ ထိခိုက်ပျက်ဆီးနေတာတွေလည်းရှိသလို တချို ဆိုရင် မူးဝြေပီးအန်တာ နှလုံးတွေ အခုန်မြန်ပြီး ကတုန်ကရင်ဖြစ်တာ တွေ နဲ့လည်းကြုံနေရတာမို ့နောက်ထပ် ဆိုးဝါးတဲ့ အန္တရယ်လည်း ဖြစ်နိုင်ပါတယ် ။အလှအပကို ကြိုက်တဲ့ မိန်းခလေးတွေအတွက် ဓါတုပစ္စည်းနဲ့လုပ်တဲ့ ဆေးမှန်သမျှဟာ အန္တရယ်ရှိပါတယ် ။ဒီအတွက် ဒီဆေးတွေသုံးစွဲနေတာတွေနဲ ပတ်သက်လို့သတိပြုကြဖို့ မြန်မာအမျိုးသမီးများကို တိုက်တွန်းလိုက်ရပါတယ် ။သွေးလိမ်းတဲ့ မြန်မာသနပ်ခါးတုံးဟာ အန္တရယ် အကင်းဆုံးဖြစ်တာမို့ လိမ်းကြမယ်ဆိုရင် သဘာဝအတိုင်းပဲ မျက်နှာတွေအသားတွေ လှပစေပါတယ် ။
Credit SAW",,,,,,
<urn:uuid:6e20194f-65db-4192-831d-456eb6b8b394>,"ပြည်-မတ် ၁၂-၂၀၂၁
TG(VOM)
ပြည်မြို့က ဆန္ဒပြ ကျောင်းသားပြည်သူလူထုက စစ်တပ်နဲ့ရဲ အကြမ်းဖက်ခံရမှုကို ရှောင်ပြီး ကမ္ဘာအမွေအနှစ်ဒေသစာရင်းဝင် သရေခေတ္တရာမြို့ဟောင်းဇုန်ထဲကိုသွားရောက်ပြီး ဒီကနေ့မတ်လ ၁၂ ရက်နေ့ မနက်အစောပိုင်းမှာ ဆန္ဒပြခဲ့ကြပါတယ်။
ပြည်မြို့က စစ်တပ်နဲ့ရဲက ဆန္ဒပြမယ့်လူထုကို လူစုချိန်မှာပဲ အကြမ်းဖက်ဖြိုခွဲမှုတွေ ဆက်တိုက်ပြုလုပ်နေလာတာမို့ ဆန္ဒပြပွဲကို ပျောက်ကျားစနစ်နဲ့ပြုလုပ်လာကြတာဖြစ်တယ်လို့သိရပါတယ်။
ဆန္ဒပြမှုကို မနက်အစောပိုင်း စျေးတွေထဲ လှည့်လည် ထုတ်ဖော်တာ၊ ဆိုင်ကယ်တွေနဲ့ ာပ်ကွက်တွေထဲ လှည့်လည်ဆန္ဒထုတ်ဖော်တာ၊ ရပ်ကွက်အလိုက်ညသပိတ်လုပ်တာမျိုးတွေ ပြောင်းလုပ်လာကြ တာဖြစ်ပါတယ်။
ရဲတပ်ဖွဲ့ နဲ့စစ်တပ်ကတော့ ဆန္ဒပြသူတွေကိုလူစုလို့မရအောင် မြို့ပေါ်မှာ ကင်းလှည့်တာတွေကို နေ့စဉ်ပြုလုပ်နေပါတယ်။
#voiceofmyanmar #VOM #သရေခေတ္တရာ",,,,,,
<urn:uuid:5aa86d9d-5678-47c3-a2f7-aa6b4fe7a314>,"ဂီတကိုချစ်မြတ်နိုးတဲ့ လူငယ်တော်တော်များများရဲ့ အချစ်တော်ဖြစ်လာသူ အားတီကတော့ ဆန်းသစ်တဲ့အနုပညာဖန်တီးမှုတွေကြောင့် ပရိသတ်အားပေးမှုအခိုင်အမာရရှိလာသူတစ်ယောက်ပါ။ သူ့ရဲ့နောက်ပိုင်းထွက်ရှိလာတဲ့ သီချင်းတွေဟာဆိုရင်လည်း JOOX မှာအမြဲနံပါတ်တစ်ဖြစ်နေအောင် အောင်မြင်နေတဲ့သီချင်းကောင်းတွေဆိုရင်လည်း မမှားပါဘူး။
သီချင်းသံစဉ်နဲ့စာသားတွေကိုသာမက Music Video တွေကိုလည်း အမြဲဆန်းသစ်အောင် ရိုက်လေ့ရှိသူတစ်ယောက်မို့ အားတီရဲ့သီချင်းဖန်တီးမှုတွေက လူငယ်တော်တော်များများ သဘောကျနှစ်သက်နေခဲ့ရတာပါ။ လတ်တလောမှာတော့ သူ့ရဲ့သီချင်းဟောင်းလေးဖြစ်တဲ့ “အိပ်မက်လေး” သီချင်းကို ဗားရှင်းအသစ်နဲ့ပြန်လည်သီဆိုထားပြီး Music Video အတွက် ရိုက်ကူးရေးလုပ်နေတာလည်း ဖြစ်ပါတယ်။ ဒါပေမယ့် သူများမြို့မှာ ရိုက်ကူးရေးလုပ်နေရင်း ခြေထောက်မတော်မဆထိခိုက်ခဲ့ပြီး အရိုးထိသွားကြောင်း သူ့ရဲ့လူမှုကွန်ရက်စာမျက်နှာမှာ မျှဝေလာပါတယ်။
“အလုပ်ကြိုးစား လုပ်နေရင်း ခြေထောက်အရိုးထိသွားတယ် ။ ကိုယ့်မြို့မဟုတ်တဲ့ သူများမြို့မှာ မိသားစုမပါဘဲ ဆေးရုံပြေး ဓါတ်မှန်ရိုက်ရတာ စိတ်အားငယ်စရာပါ … သူများတွေအလုပ်သွားတော့ ကိုယ်တစ်ယောက်တည်း Hotel မှာ ကျန်ခဲ့ရတဲ့ အလုပ်ရှင် ရဲ့ feeling က ဘယ်လိုပြောရမလဲနော် … ဘဝမှာ ပထမဆုံးအကြိမ် ဓါတ်မှန်ရိုက်ဖူးတဲ့ ” အိပ်မက်လေး ” အမှတ်တရ ” ဆိုပြီး မျှဝေခဲ့ပါတယ် ပရိသတ်ကြီးရေ… ရောင်ကိုင်းနေတဲ့ခြေထောက်နဲ့ ပါပါးကတော့ တကယ်ကိုစိတ်အားငယ်နေမှာအမှန်ပဲမို့ ပါပါးရဲ့ပရိသတ်တွေအားပေးစကားလေး ပြောခဲ့ပါဦးနော်။
Source – Ar-T
Rainbow- Cele Gabar",,,,,,
<urn:uuid:2c9d2e33-8817-4b9f-86f8-4a7b019d7e3b>,"Friday, June 28, 2013
မြန်မာနိုင်ငံတွင် ဆက်သွယ်ရေး ၀န်ဆောင်မှုလုပ်ငန်းများ လုပ်ကိုင်ရန် အော်ပရေတာ ခေါ်ယူရာတွင် နော်ဝေနိုင်ငံအခြေစိုက် Telenor နှင့် ကာတာနိုင်ငံအခြေစိုက် QTel(Ooredoo) တို့မှ တင်ဒါအောင်မြင် သွားခဲ့ကြောင်း တယ်လီကွန်းအော်ပရေတာ တင်ဒါအကဲဖြတ်ရေးနှင့် ရွေးချယ်ရေး ကော်မတီမှ သတင်းထုတ်ပြန်လိုက်သည်။
နော်ဝေနိုင်ငံအခြေစိုက် Telenor ကုမ္ပဏီသည် ကမ္ဘာ့အကြီးဆုံး ဆက်သွယ်ရေး ကုမ္ပဏီကြီးများထဲတွင် အပါအ၀င်ဖြစ်ပြီး ကာတာအခြေစိုက် QTel ကုမ္ပဏီကလည်း မြန်မာနိုင်ငံတွင် လုပ်ငန်းလိုင်စင် ရရှိပါက အမေရိကန်ဒေါ်လာ ၁၅ ဘီလျံ ရင်းနှီးမြှုပ်နှံမည်ဟု ပြောကြားထားသော ကုမ္ပဏီဖြစ်ပြီး အဆိုပါ ပမာဏမှာ ၀င်ရောက်ယှဉ်ပြိုင်သည့် အော်ပရေတာ ကုမ္ပဏီများထဲတွင် ငွေကြေးပမာဏ အများဆုံးဖြစ်သည်။
နိုင်ငံတကာ အကြံပေးများနှင့် နည်းပညာအဖွဲ့၏ ပံ့ပိုးမှုဖြင့် လွတ်လပ်သော တင်ဒါရွေးချယ်ရေး ကော်မတီ၏ ထောက်ခံမှုပေါ် အခြေခံ၍ မြန်မာနိုင်ငံ အစိုးရက အဆိုပါ ကုမ္ပဏီနှစ်ခုကို Nationwide Telecommunications Licenses နှင့် Associated Spectrum Licences တို့ကိုပေးအပ်ရန် စီစဉ်နေပြီဖြစ်သည်။ ၎င်းတို့ကုမ္ပဏီနှစ်ခု လိုင်စင်မရရှိမီတွင် တင်ဒါရွေးချယ်မှုအပြီး လိုအပ်ချက်များကို ဦးစွာဖြည့်ဆည်းရမည် ဖြစ်သည်။
အဆိုပါ လိုအပ်ချက်များတွင် လက်ရှိ ကျင်းပနေသည့် လွှတ်တော်တွင် အတည်ပြုဖွယ်ရှိနေသည့် ဆက်သွယ်ရေး ဥပဒေကြမ်းကို လိုက်နာနိုင်မည့်သူကို ပေးအပ်မည့် လိုင်စင်ကို လက်ခံရမည် ဖြစ်သည်။ အဆိုပါ လိုအပ်ချက်ကို မဖြည့်ဆည်းနိုင်သည့် ကုမ္ပဏီနေရာတွင် အစားထိုးရန် France Telecom-Orange ကို အရန်အဖြစ် ရွေးချယ်ထားသည်။
Telenor ကုမ္ပဏီသည် လိုင်စင်ရရှိပါက ချက်ချင်းလုပ်ငန်း စတင်မည်ဖြစ်ပြီး ကိုးလအတွင်း ကွန်ရက်များကို စတင်တည်ထောင် သွားမည်ဖြစ်ကာ ငါးနှစ်အတွင်း တစ်နိုင်ငံလုံး အတိုင်းအတာဖြင့် ဆက်သွယ်ရေး ကွန်ရက်ကို ဖြန့်ကျက်သွားမည်ဟု Telenor ကုမ္ပဏီ၏ ထုတ်ပြန်ချက်အရ သိရသည်။
ထို့ပြင် ၎င်းတို့က မြန်မာ့ဆက်သွယ်ရေးလုပ်ငန်းနှင့် MEC မှ ချထားပေးနေသည့် ၁၅၀၀ တန် ဆင်းမ်ကဒ်မှာ ဈေးကြီးနေသေးသည်ဟု မှတ်ချက်ပြုခဲ့သည်။
''ဆင်းမ်ကဒ်ဆိုတာက တစ်ပြားမှ ပေးရတာမျိုး မဟုတ်ဘူး။ ၀န်ဆောင်မှုတွေ အတွက်ပဲ ပိုက်ဆံပေးရတာပါ'' ဟု Telenor ကုမ္ပဏီ၏ အာရှဒေသဆိုင်ရာ အကြီးအကဲက ဆိုသည်။
ကာတာနိုင်ငံမှ ဆက်သွယ်ရေး ကုမ္ပဏီကြီးဖြစ်သည့် Ooredoo (QTel) ကုမ္ပဏီက မြန်မာနိုင်ငံအနှံ့ ဆက်သွယ်ရေး ၀န်ဆောင်မှု လုပ်ငန်းများ လုပ်ကိုင်ရန် အမေရိကန်ဒေါ်လာ ၁၅ ဘီလျံအထိ သုံးစွဲသွားမည်ဟု ပြောကြားထားသည့် ကုမ္ပဏီဖြစ်သည်။
တင်ဒါအောင်မြင်သည့် ကုမ္ပဏီနှစ်ခု စာရင်းကို မကြေညာမီ ဇွန် ၂၆ ရက်က ပြည်သူ့လွှတ်တော်တွင် ဆက်သွယ်ရေး ဥပဒေ ပြဋ္ဌာန်းပြီးမှ ကုမ္ပဏီများကို ရွေးချယ်တာဝန်ပေးအပ်ခြင်းကို ဆောင်ရွက်ရန် တနိုင်းမဲဆန္ဒနယ် ပြည်သူ့လွှတ်တော် ကိုယ်စားလှယ် ဦးမျိုးဆွေက အရေးကြီး အဆိုကို တင်သွင်းခဲ့ပြီး လွှတ်တော်က ကန့်ကွက်သူမရှိ အတည်ဖြစ်ခဲ့သည်။
ထို့ကြောင့် နိုင်ငံတော်သမ္မတက ၂၇-၆-၂၀၁၃ ရက်စွဲပါ စာအမှတ် ၁၀၇(၂)/ ၈/ သမ္မတရုံးဖြင့် ပြည်ထောင်စုလွှတ်တော် နာယကနှင့် အမျိုးသားလွှတ်တော် ဥက္ကဋ္ဌထံ လိပ်မူပြီး နိုင်ငံတော် အစိုးရအနေဖြင့် ဆက်သွယ်ရေး အော်ပရေတာလိုင်စင် ချထားပေးရေး လုပ်ငန်းစဉ်ကို တည်ဆဲဥပဒေများနှင့်အညီ ပြည်တွင်း၊ ပြည်ပကုမ္ပဏီကြီးများအား ပွင့်လင်းမြင်သာစွာ ဖိတ်ကြား၍ အကောင်အထည်ဖော် ဆောင်ရွက်လျက်ရှိကြောင်း သိရှိနိုင်ရန် နားလည်လက်ခံနိုင်ရန် သ၀ဏ်လွှာ ပေးပို့ခဲ့သည်။
EMG
ဆေးဝါးလိုအပ်သူများအတွက် အခမဲ့ Medicine Box ပဲခူးဆေးရုံကြီး၌ စတင်ထားရှိ - ဆေးဝါးအကူအညီ လိုအပ်နေသူတွေ အခမဲ့ရယူနိုင်မယ့် မြန်မာနိုင်ငံရဲ့ ပထမဆုံး Medicine Box (ဆေးပုံး) တခုကို ပဲခူးမြို့ရှိ [...]
6 hours ago",,,,,,
<urn:uuid:d98bb1c7-b382-4c51-b5b8-b28ae58642ed>,"စစ်ကိုင်းတိုင်း ဝက်လက်မြို့နယ် နဘဲပင်ကျေးရွာတွင် အသက် ၂၃ နှစ်အရွယ် ဒေသခံလူငယ်တစ်ဦး ခေါင်းဖြတ်မီးရှို့ သတ်ဖြတ်ခံရကြောင်း Wetlet သိရသည်။
သတ်ဖြတ်ခံရသူသည် စစ်ကောင်စီတပ်ဖွဲ့များ နဘဲပင်လှကျေးရွာကို စစ်ကြောင်းထိုးလာသဖြင့် ဘေးလွှတ်ရာသို့ ထွက်ပြေးရင်း စစ်ကြောင်းနှင့် တိုးကာ သတ်ဖြတ်ခံခဲ့ရခြင်း ဖြစ်သည်ဟု Wetlet Informational Network မှ တာဝန်ရှိသူတစ်ဦးက ဆိုသည်။
“၃ ရက်နေ့က နဘဲပင်လှကို စစ်ကြောင်းထိုးလာပြီး ပြည်သူအိမ် ၆၀ ကျော်ကို မီးရှို့တယ်။ ဘုန်းကြီးကျောင်းထဲက ကျောင်းဆောင် ၄ လုံး ပါတယ်။ ပြီးတော့ စာသင်ကျောင်းဆောင်တွေကိုလည်း ရှို့တယ်။ ထွက်ပြေးရင်းနှင့် သူတို့နဲ့ပက်ပင်းတိုးတဲ့ အမျိုးသားလူငယ်တစ်ဦးကိုလည်း ခေါင်းဖြတ်မီးရှို့သွားခဲ့တယ် ခေါင်းတစ်ခြားကိုယ် တစ်ခြားပဲ”ဟုပြောသည်။
ထို့အပြင် စစ်ကြောင်းထိုးရင်း ရမ်းသမ်းပစ်ခတ်ခဲ့သော လက်နက်ငယ်များကြောင့် အသက် ၆၀ ခန့်အရွယ် အမျိုးသားတစ်ဦးပေါင်တွင် ကျည်ဆန်ထိမှန်ဒဏ်ရာရရှိခဲ့သေးသည်ဟု သူက ဆက်ပြောသည်။
နဘဲပင်လှကျေးရွာသည် အာဏာသိမ်းပြီးနောက် ပထမဆုံးအကြိမ်စစ်ကြောင်း ထိုးမီးရှို့ခံခဲ့ရခြင်းဖြစ်ကြောင်း သိရသည်။
နလပဲကျေးရွာသို့ဝင်ရောက်လာသောစစ်ကြောင်းသည် ပြီးခဲ့သည့် မေလ ၃၁ ရက်နေ့ ရွှေဘိုမြို့နယ်ကျောက်မြောင်းကျေးရွာနှင့် စစ်ကိုင်းမြို့နယ်ဘက်မှ ထွက်ခွာလာသော ပူးပေါင်းစစ်ကြောင်းဖြစ်ပြီး လက်မောင်းဘက်တံဆိပ်တွင် တပ်မ ၉၉ ဟု ပါရှိသည်ဟု မြေပြင်ကာကွယ်ရေးတပ်ဖွဲ့များထံမှ သိရသည်။
စစ်တပ်က အာဏာသိမ်းပြီးနောက်ပိုင်း မြန်မာနိုင်ငံတစ်ဝှမ်းတွင် ဒေသခံပြည်သူ ၃၆၀၀ ကျော်သတ်ဖြတ်ခံခဲ့ရသည်ဟု နိုင်ငံရေးအကျဥ်းသားကူညီစောင့်ရှောက်ရေးအသင်း (AAPP) က ပြီးခဲ့သည့် ဇွန်လ ၂ရက်နေ့က ထုတ်ပြန်ထားသည်။
စစ်တပ် အာဏာသိမ်းပြီးနောက်ပိုင်း မြန်မာနိုင်ငံတစ်ဝှမ်းတွင် ဒေသခံပြည်သူများ၏ နေအိမ်ပေါင်း ၆သောင်းကျော် မီးရှို့ဖျက်ဆီးခံခဲ့ရပြီး အရပ်သားပြည်သူ ၁ဒဿမ ၅သန်း ဘေးလွှတ်ရာသို့ အိုးအိမ်စွန့်ခွာ ထွက်ပြေးနေရသည်ဟု ကုလသမဂ္ဂ လူသားချင်းစာနာမူဆိုင်ရာ ပေါင်းစပ်ညှိနှိုင်းရေးမူးရုံး UNOCHA က မတ်လထုတ်ပြန်ချက်အရ သိရသည်။",,,,,,
