id,text,educational_value,reasoning,professionalism,cleanliness,cultural_nuances,justification
<urn:uuid:c2bdba39-c4fa-4af5-adfd-35810e0262f3>,"တူရိယာ
တူရိယာ[ပြင်ဆင်ရန်]
တူရိယာဟူသည်မှာ သာယာသောအသံများ ထွက်ပေါ်လာ အောင် တီးအပ်မှုတ်အပ်သော ကရိယာဖြစ်သည်။ တီးခြင်း မှုတ်ခြင်းကိုအခြေပြု၍ တူရိယာကို ပိုင်းခြားကြည့်လျှင် တီးရသော တူရိယာ မှုတ်ရသော တူရိယာဟူ၍ နှစ်မျိုးရနိုင် သည်။ အတီးနှင့်ဆိုင်သော တူရိယာတို့မှာ ဗုံ၊ စောင်းကောက်၊ ပတ္တလားစသည်တို့ဖြစ်သည်။ အမှုတ်နှင့်ဆိုင်သော တူရိယာ တို့မှာ နှဲ၊ ပလွေ စသည်တို့ဖြစ်သည်။
သို့ရာတွင် အနောက်တိုင်းသားတို့အလိုမှာ ခတ်၍အသံမြည် သော တူရိယာ၊ မှုတ်၍အသံမြည်သော တူရိယာ၊ တီး၍အသံ မြည်သောတူရိယာဟူ၍ သုံးမျိုးခွဲခြားထားသည်။ ကြိုးတစ် ချောင်းကို တင်းတင်းဆွဲ၍ လက်ဖြင့်ခတ်လျှင် ကြိုး၏တုန်ခါ မှုကြောင့် အသံမြည်သည်။ ကျူရိုးကို တစ်ဘက်ပိတ်၍ လေကို မှုတ်လျှင်လည်း လေ၏တုန်ခါမှုကြောင့် အသံမြည်သည်။ အိုး တစ်ခု၏ အဝတွင် သားရေကိုကျက်၍ ထိုသားရေကို လက်ဖြင့် တီးလျှင် တင်းနေသောသားရေ၏ တုန်ခါမှုကြောင့် အသံမြည် သည်။ ဤသဘာဝကို စွဲ၍ ကြိုးတပ်တူရိယာ၊ လေမှုတ်တူရိ ယာ၊ တီးခတ်တူရိယာဟု တူရိယာသုံးပါးကို ပြဆိုပေသည်။
အနောက်နိုင်ငံ ကြိုးတပ်တူရိယာတို့တွင် စန္ဒရားသည် ကြိုး တပ်တူရိယာ အကြီးစားဖြစ်သည်။
စန္ဒရားအဖုံး ကိုဖွင့်ကြည့်လျှင် အက်ခြင်း၊ ကွဲခြင်း၊ လိမ်ခြင်းမရှိသော သစ်သားအံ၏ မျက်နှာဝကို ဖြတ်၍ ကြေးနန်းကြိုး များတင်း အောင် တပ်ဆင်ထားသည်ကို တွေ့ရလိမ့်မည်။ စန္ဒရားလက်နှိပ် ခလုတ်ကို နှိပ်လိုက်သောအခါ အဖျားတွင် သားမွေးခံသော ရိုက်တံသည် ထိုကြေးနန်းကြိုးကို လာ၍ရိုက်သည်။ ထိုအခါ တူရိယာသံဖြစ်ပေါ်လာသည်။ ကြိုးတပ် တူရိယာတစ်မျိုး ဖြစ်သော စောင်း၌မူ တပ်ထားသောကြိုးမှာ သားရေကြိုးဖြစ် သည်။ ရှေးခေတ် အီဂျစ်နိုင်ငံ၌ တွေ့ရသော ကြိုးတစ်ချောင်း တပ် စောင်းမှသည် ရှေးခေတ် ဂရိ ရောမနိုင်ငံတို့တွင် တွေ့ရ သော စန္ဒရားကြေးနန်းကြိုးအရေအတွက် အတိုင်းရှိသော သားရေကြိုးတပ်ဆင်သော စောင်းအထိအမျိုးမျိုးရှိကြသည်။
စောင်းအပြင် တယောမှာလည်း ကြိုးတပ်တူရိယာတွင် ပါဝင် သည်။ သို့သော် တယောကို စောင်းတီးသကဲ့သို့ တီးရသည် မဟုတ်။ မြင်းမြီးဖြင့်ပြုလုပ်ထားသော လက်တံဖြင့်တယောကြိုး ကိုထိုးရသည်။ ထို့ကြောင့် စောင်းတီးသည်။တယောထိုးသည်ဟု ခေါ်ဆို၏။ အနောက်နိုင်ငံ တူရိယာတို့တွင်တယောရိုးရိုးအပြင်၊ တယောလတ်၊ တယောကြီး ဗယ်သံတယောဟူ၍ ခွဲခြားထားသည်။
အခြားကြိုး တပ်တူရိယာတို့မှာ ဂီတာ၊ မယ်ဒလင်၊ ဘင်ဂျို၊ ဇစ်သာတို့ဖြစ်ကြသည်။
လေမှုတ်တူရိယာ၌ ပလွေနှင့်နှဲတို့ပါဝင်ကြသည်။ အနောက် နိုင်ငံသုံး အသံအလွန်သေးသော ပလွေကို ပစ်ကိုလို ဟုခေါ်သည်။ ခရာဟူသည်မှာ ပလွေတံရှည်ကို ရစ်ခွေထားသော ပလွေတစ်မျိုးဖြစ် သည်။ ခရာရှည်ကြီးဟုခေါ်သော ပြွေတို့တွင် ပြွေတံတစ်ခုထဲ တွင် အခြားပြွေတံ အပိုတစ်ခုကို ထည့်သွင်းထား၍၊ ပြွေမှုတ် သည့်အခါ လိုရာတူရိယာသံကို ဖြစ်စေခြင်းငှာ ပြွေတံအပိုကို ဆွဲထုတ်ဆွဲသွင်းပြု၍ ပြွေမှုတ်ရသည်။ ပြွေနှင့်နှဲ ခြားနားချက်မှာ အခင်မပါဘဲမှုတ်၍ရသည့် တူရိယာကို ပြွေဟုခေါ်၍၊ အခင်နှင့် မှုတ်ရသော တူရိယာမှာ နှဲဖြစ်သည်။
အနောက် နိုင်ငံနှဲတို့တွင် အိုးဘို၊ ကလဲရီနက်၊ ဆက်ဆိုဖုန်းတို့သည် အများသိသော တူရိယာဖြစ်လေသည်။
တီးခတ်တူရိယာတွင် အဓိကနှစ်မျိုးမှာ အနောက်နိုင်ငံ စံနစ်အရ ဗုံနှင့်ဆည်းလည်းဖြစ်သည်။ ဆည်းလည်းဟူသော အမျိုးအစားတွင် ဇိုင်လိုဖုန်း၊ လင်းကွင်းစသည်တို့ကို ထည့် သွင်းသည်။ တြိဂံခေါ် သုံးထောင့်ကွေး သံချောင်းသည်လည်း ဆည်းလည်းနှင့် သဘောတူသော တီးခတ်တူရိယာဖြစ်သည်။
မြန်မာ့စံနစ်အရမှာမူ တူရိယာကို ကြေး၊ ကြိုး၊ သားရေ၊ လေ၊ လက်ခုပ်ဟူသော ဆိုရိုးစကားအတိုင်း ကြေးဖြင့် လုပ် သောတူရိယာ၊ ကြိုးဖြင့်လုပ်သောတူရိယာ၊ သားရေဖြင့်ကျက်၍ ရသော တူရိယာ၊ လေဖြင့်မှုတ်ရသော တူရိယာ၊ လက်ခုပ်ကဲ့သို့ တီးရသောတူရိယာဟူ၍ ငါးမျိုးပိုင်းခြားထားသည်။ မြန်မာကြေး တူရိယာများတွင် ကြေးဝိုင်း၊ မောင်းဆိုင်း၊ လင်းကွင်း၊ သံလွင် စသည်တို့ပါဝင်သည်။ ကြိုးတူရိယာတို့တွင် စောင်းကောက်မှာ အဓိကဖြစ်သည်။
မိကျောင်း၊ တယောနှင့် ဒုံမင်းတို့သည်လည်း ကြိုး တူရိယာများဖြစ်ကြ၏။သားရေကျက်တူရိယာကား မြန်မာဆိုင်းဝိုင်းတွင် အခရာ ဖြစ်၏။
ဆိုင်းဝိုင်းတွင် ပတ်ဟုခေါ်သော ဗုံ ကလေးများပါဝင်သည်။ပတ်မကြီး၊ ဒိုး၊ စာခွံ့ စသည်တို့အပြင်အိုးစည်နှင့် စသည်တို့သည်လည်း မြန်မာတို့ အလွန်နှစ်သက် သော သားရေကျက်တူရိယာများဖြစ်ကြ၏။
မြန်မာသုံး လေမှုတ်တူရိယာ၌ အရင်းခံဖြစ်သော ပလွေနှင့်နှဲ တို့ ပါဝင်ကြသည်။ ဆိုင်းဝိုင်းအလို့ငှာ နှဲကြီး နှဲကလေးတို့ကို ထားရှိရသည်။
လက်ခုပ်ကား ဝါးဖြင့်လုပ်သော ဝါးလက်ခုပ်ပင်ဖြစ်သည်။ ဆိုင်းဝိုင်းကြီးပါလျှင် ဝါးလက်ခုပ် သုံးလေးလက် ထားပေးရ သည်။ ဝါးလက်ခုပ်သဘောပါဝင်သော ချပ်၊ အုန်းမောင်း စသည်တို့လည်း ရှိသေးသည်။ [၁]
ကိုးကား[ပြင်ဆင်ရန်]
- မြန်မာ့စွယ်စုံကျမ်း အတွဲ (၅)",4.0,3.0,3.0,4.0,5.0,"The text provides a structured, educational overview of musical instruments, comparing Western and Burmese classification systems. It is coherent, informative, and uses authentic Burmese terminology and cultural context. While it contains some minor boilerplate (wiki-style headers), the content is high-quality and suitable for educational purposes."
<urn:uuid:07a6d132-c177-45cf-bdb3-c391834fc9bc>,"အသည်းရောင် အသားဝါရောဂါ (အီး) ပိုးကြောင့် ဖြစ်ပွားသော ရောဂါဖြစ်ပါသည်။ ရောဂါပိုးဝင်ရောက်ပြီး (၂)ပတ်မှ (၆)ပတ်အတွင်း များသောအားဖြင့် အလိုအလျောက် သက်သာသွားလေ့ရှိသော်လည်း အချို့တွင် ရုတ်တရက်အသည်းပျက်စီးပြီး သေဆုံးနိုင်သည်အထိ ဖြစ်ပွားတတ်ပါသည်။
ရောဂါလက္ခဏာများ
- ဖျားခြင်း
- အစားအသောက်ပျက်ခြင်း
- အသားဝါခြင်း၊ မျက်လုံးဝါခြင်း၊ ဆီးအရောင်ရင့်ခြင်း
- ပျို့အန်ခြင်း
- ဗိုက်အောင့်ခြင်း၊ ယားခြင်း၊ အနီစက်များထွက်ခြင်း
- အဆစ်အမြစ်ကိုက်ခဲခြင်း
- အသည်းကြီး၍ ဝမ်းဗိုက် နာကျင်ခြင်း
တစ်ခါတစ်ရံတွင် အသည်းရောင်အသားဝါရောဂါ (အီး) သည် ပြင်းထန်စွာခံစားရတတ်ပြီး ရုတ်တရက် အသည်းပျက်စီးခြင်း အခြေအနေအထိ ရောက်ရှိကာ အသက်ဆုံးရှုံးနိုင်ပါသည်။ ကိုယ်ဝန်ဆောင်မိခင်များတွင် ကိုယ်ဝန်ဒုတိယနှင့် တတိယ (၃)လပတ်များ၌ ရောဂါပိုး ကူးစက်ခံရပါက အသည်းပျက်စီးခြင်းပိုမိုဖြစ်ပွားနိုင်ပြီး ကိုယ်ဝန်ဆောင်မိခင်နှင့် သန္ဓေသား သေဆုံးသည်အထိ ဖြစ်နိုင်ပါသည်။
ကူးစက်နိုင်သည့် နည်းလမ်းများ
- အသည်းရောင်အသားဝါရောဂါ (အီး) ပိုးသည် အများအားဖြင့် မသန့်ရှင်းသော ရေ၊ အညစ်အကြေး၊ မစင်စသည်တို့မှတဆင့် အစာအိမ် နှင့်အူလမ်းကြောင်းအတွင်းသို့ ရောက်ရှိကူးစက်ခြင်း
- သေချာစွာကျက်အောင် ချက်ပြုတ်မထားသော အသား၊ အသားစိမ်း(သို့မဟုတ်) ရောဂါပိုးကူးစက်ခံထားရသော တိရစ္ဆာန်တို့၏ အသားများအား စားသုံးမိခြင်း ၊
- ရောဂါပိုး ပါဝင်နေသော သွေး(သို့) သွေးနှင့် ဆက်စပ်ပစ္စည်းများသွင်းမိခြင်း
- ရောဂါရှိသော ကိုယ်ဝန်ဆောင်မိခင်မှ သန္ဓေသားသို့ ကူးစက်ခြင်း
တိုက်ပွဲများဖြစ်ပွားပြီး လုံခြုံမှုမရှိသော ဒုက္ခသည်စခန်းများ၊ ကယ်ဆယ်ရေးစခန်းများ၊ သန့်ရှင်းသော သောက်သုံးရေမရရှိသော ဒေသများတွင် ကပ်ရောဂါအသွင်(သို့မဟုတ်) အစုလိုက်အပြုံလိုက် ဖြစ်ပွားတတ်သည်။
ကာကွယ်နိုင်မည့် နည်းလမ်းများ
- တစ်ကိုယ်ရေသန့်ရှင်းရေး ဂရုစိုက်ပါ။ အစားအစာ မကိုင်တွယ်မီ၊ မချက်ပြုတ်မီ၊ အစာမစားမီနှင့် အိမ်သာအသုံးပြုပြီးတိုင်း လက်ကို ဆပ်ပြာဖြင့် စင်ကြယ်စွာ ဆေးကြောပါ။
- အစားအစာများအား သေချာစွာ ကျက်အောင်ချက်ပြုတ်၍ ပူပူနွေးနွေးစားသုံးပါ။ အသား၊ ငါးနှင့် ပင်လယ်စာများအား မချက်ပြုတ်ဘဲ အစိမ်းစားသုံးခြင်းမှ ရှောင်ကြဉ်ပါ။
- လက်သုပ်စာများ၊ ယင်နားစာများ စားသုံးခြင်းမှ ရှောင်ကြဉ်ပါ။ အစားအစာများအား ယင်မနားအောင် ဖုံးအုပ်ထားပါ။
- အသီးအရွက်နှင့် အသားငါးများအား သန့်ရှင်းသောရေဖြင့် စင်ကြယ်စွာဆေးကြောပြီးမှ ချက်ပြုတ်စားသုံးပါ။ သစ်သီးဝလံများအား အခွံနွှာပြီးမှ စားသုံးပါ။
- ရေကို ကျိုချက်သောက်သုံးပါ။
- ယင်လုံအိမ်သာ ဆောက်လုပ်သုံးစွဲပါ။
- ရောဂါဖြစ်ပွားသူလူနာများအနေဖြင့် အရေပြားနှင့် မျက်သားဝါပြီးနောက် (၁၀) ရက်ကြာသည်အထိ မိမိနေအိမ်တွင်သာ နေထိုင်ပါ။ အစားအသောက်ရောင်းချသူများတွင် ရောဂါဖြစ်ပွားပါက အရေပြားနှင့် မျက်သားဝါပြီးနောက် (၁၀)ရက်ကြာသည်အထိ အစားအသောက် ကိုင်တွယ်ရောင်းချခြင်းအား ရပ်နားထားပါ။
- အကိုက်အခဲပျောက်ဆေးများ မလိုအပ်ဘဲ သောက်သုံးခြင်းမှ ရှောင်ကြဉ်ပါ။
- အရက်အလွန်အကျွံသောက်သုံးခြင်းမှ ရှောင်ကြဉ်ပါ။
- ဖျားခြင်း၊ အန်ခြင်း၊ ဗိုက်အောင့်ခြင်း၊ အစားအသောက်ပျက်ခြင်း၊ ကိုယ်လက်မအီမသာဖြစ်ခြင်း၊ အရေပြားနှင့် မျက်သားဝါခြင်း စသည့် ရောဂါလက္ခဏာများ ဖြစ်ပေါ်လာပါက နီးစပ်ရာကျန်းမာရေးဌာနသို့ အမြန်ဆုံးသွားရောက်ပြသပါ။ အဆိုပါရောဂါလက္ခဏာဖြစ်ပွားသူ သံသယလူနာများအား တွေ့ရှိပါက နီးစပ်ရာကျန်းမာရေးဌာနသို့ ချက်ချင်းသတင်းပို့ပါ။
အသည်းရောင်အသားဝါရောဂါ (အီး) အတွက် ကာကွယ်ဆေးမရှိသေးပါ။",5.0,3.0,2.0,5.0,5.0,"The document provides clear, accurate, and highly educational health information regarding Hepatitis E. It is written in natural, accessible Burmese, using appropriate terminology and cultural context (e.g., references to refugee camps and local food habits). The structure is logical, professional, and free of noise, making it an excellent resource for public health education."
<urn:uuid:49f61cbe-99da-4b84-b43a-f42ff112094e>,"“သဗ္ဗေသတ္တာ ကမ္မသကာ”
“ကမ္မံ သတ္တေ ၀ိဘဇ္ဇတိ” တဲ့..
ကံ၏အကြောင်းကြောင့်ပဲ ဖြစ်ကြတာလား..ဒီလိုပဲပြောနေကြတာပဲလား.. ကံဖြစ်တိုင်းလည်း သတ္တ၀ါဖြစ်ရတော့မလား.. သေသေချာချာတော့ လေ့လာကြည့်သင့်တယ်..
ကံဖြစ်လို့ သတ္တ၀ါဖြစ်တာလား.. သတ္တ၀ါက ကံကြောင့်ဖြစ်တာလားလို့..
ဒီနှစ်ခုက မတူပါဘူး…
ကံကြောင့်သတ္တ၀ါဖြစ်တယ်ဆိုရင် ကံဖြစ်ရင် သတ္တ၀ါဖြစ်တော့မယ်လို့ အဓိပ္ပါယ်ထွက်မှာပဲ..
ဟုတ်လား.
ကံဖြစ်ရင် သတ္တ၀ါဖြစ်တော့မှာလား..
ကံကလည်း မဖြစ်ပါနဲ့ဆိုလို့လည်းမရဘူးလေ.. ကာယကံ၊ ၀စီကံ၊ မနောကံက တစ်ခုမဟုတ် တစ်ခု ထွက်နေမှာပဲလေ..
ဒါဆိုလည်း.. ဘာကံလုပ်ပြီး ဘာဖြစ်ပါစေ ဆိုပြီးလုပ်လိုက်ပါတော့..
လုပ်လည်း လုပ်နေကြတာပဲမလား..
နည်းနည်းစဉ်းစားစရာလေး လုပ်ပေးလိုက်တာပါ..
နောက်တစ်ခုက..
သတ္တ၀ါတွေက ကံကြောင့် ဖြစ်တာလား ဆိုတာလေးပါ..
သတ္တ၀ါတွေကို ကြည့်ပြီးတော့ ကံကြောင့် ဖြစ်တာလို့ ပြောမယ်ဆိုရင်တော့ ဘာမှ မပြောလိုပါဘူး..
”သဗ္ဗေသတ္တာ ကမ္မသကာ” ကိုး..
နောက်တစ်ခုက. ကမ္မဘ၀ ပစ္စယာ ဇာတိ လာတာကိုး..
ဒါကိုတော့ ဘာမှ ထောက်စရာ မရှိပါဘူး..
ထောက်စရာရှိတာက
ကံဖြစ်တိုင်း သတ္တ၀ါ ဖြစ်မယ်လို့ ရောယူထားတာကိုပါ…
ဒီနှစ်ခုက သေချာမခွဲခြားတတ်ရင် ရောနေလိမ့်မယ်..
ဘာရောတာလဲဆိုတော့ အတိတ်၊ ပစ္စုပ္ပုန် နဲ့ အနာဂါတ်တွေနဲ့ ရောလိုက်တာပါပဲ.
လက်ရှိ သတ္တ၀ါတွေက အတိတ် ကံကြောင့်ဖြစ်တာပေါ့…ဒါကြောင့်ကံဖြစ်ရင် သတ္တ၀ါဖြစ်တာပဲ..
ဒါနဲ့ဆက်ပြီး
အခုလက်ရှိ ကံဖြစ်ရင် အနာဂါတ် သတ္တ၀ါဖြစ်တယ်ဆိုပြီး ကာလတွေ အားလုံးကို အတူတူယူလိုက်ကြတော့တာပါပဲ..
အတိတ်၊ ပစ္စုပ္ပုန် နဲ့ အနာဂါတ်တွေ သေချာ မပိုင်းခြားတတ်ရင် သေချာပေါက် ရောပါတယ်..
အတိတ်ကံကြောင့် ပစ္စုပ္ပုန်ခန္ဓာ၊ ပစ္စုပ္ပုန်ကံကြောင့် အနာဂါတ်ခန္ဓာ
ကဲ..ထားပါတော့.
အတိတ်၊ ပစ္စုပ္ပုန် နဲ့ အနာဂါတ်တွေ ခွဲခြားတတ်ပြီပဲ..
ကံကြောင့် ဖြစ်တာလား ဆိုတာ လာပါတော့မယ်.. သတ္တ၀ါတွေလေ.
ှုဥပါဒါန ပစ္စယာ ဘဝေါ တဲ့.. (ဘဝေါ = ကမ္မဘ၀ = ကံ)
ဥပါဒါန် ဖြစ်ရင် ကံဖြစ်တယ်တဲ့..
ကံဖြစ်ရင်တော့ ဇာတိ ဆိုပြီး သတ္တ၀ါ ဆိုတဲ့ ပညတ်စတာပဲ..
ဥပါဒါန်က ကံကို ဖြစ်စေတယ်.. ကံက သတ္တ၀ါဖြစ်စေတယ်
အဲဒီတော့ သတ္တ၀ါက ကံ က ဖြစ်တာလား.. ဥပါဒန်က ဖြစ်တာလား.. ဆိုတာစဉ်းစားကြည့်..
ကံဖြစ်ရင် သတ္တ၀ါဖြစ်တယ် ဆိုတာ ကို သေချာ ကွဲပြားစေချင်လို့ပါ..
ဘာလို့လဲဆိုတော့ တစ်ချို့က ကံတော့ ဖြစ်ပါတယ်.. ဒါပေမယ့်. သတ္တ၀ါ မဖြစ်တော့ပါဘူး..
ဥပမာ.. ဥပါဒါန် မရှိတော့တဲ့ ပုဂ္ဂိုလ်.. ကံတော့ ဖြစ်တယ်.. အဲဒီကံက သတ္တ၀ါမဖြစ်တော့ဘူး..
အဲဒီတော့ ကံက သတ္တ၀ါဖြစ်တာလား. ဥပါဒါန်က သတ္တ၀ါဖြစ်တာလားဆိုတာ့ ပေါ်လာပြီပဲ..
ဥပါဒါန်ကတော့ သတ္တ၀ါကိုတော့ တိုက်ရိုက်မဖြစ်စေပါဘူး..
ကံကိုပဲဖြစ်စေတာပါ..
ဘာကံလဲဆိုတာ့ ဥပါဒါန်နဲ့လုပ်တဲ့ကံ…ဥပါဒါန်ကင်းပြီးလုပ်တဲ့ ကံဆိုပြီး ကွာသွားတယ်..
ဥပါဒါန်နဲ့ လုပ်တဲ့ ကံ ဆိုရင် ဥပါဒါနပစ္စယာဘဝေါ၊ ဘ၀ပစ္စယာ ဇာတိဆိုပြီး.. အနာဂါတ် သတ္တ၀ါဖြစ်ပါဘယ်..
ဥပါဒါန်ကင်း ပြီးလုပ်တဲ့ ကံဆိုရင် ဥပါဒါန နိရောဓါ ဘ၀နိရောဓေါ၊ ဘ၀ နိရောဓါ ဇာတိနိရောဓေါ ဆိုပြီး အနာဂါတ် သတ္တ၀ါ အဖြစ်မှကင်းပါတယ်…
ဥပါဒါန နိရောဓါ ဘ၀နိရောဓေါ ကိုး..
ဥပါဒါန် မရှိရင် ကံမရှိပါဘူးတဲ့… ဇာတိဖြစ်စေတဲ့ ကံကိုပြောတာ..
ဘ၀နိရောဓါ ဇာတိနိရောဓေါ ဆိုပြီး.. သတ္တ၀ါ ပညတ်ဇာတ်သိမ်းပါတယ်…
သဗ္ဗေသတ္တာ ကမ္မသကာ လုံးမချ စေချင်လို့ ဒါကို ထုတ်လာရတာပါ.
ကံက လုပ်တာဆိုပေမယ့် သူ့ကို ဥပါဒါန်က အုပ်ချုပ်ထားတယ် ဆိုတာ သိအောင်လို့ပါ..
ဒါကြောင့် ကံက တရားခံလား.. ဥပါဒါန်က တရားခံ လားဆိုပြီး.. လက်သည်ရှာကြည့်လိုက်ပါ..
ဥပါဒါန်ရှိနေသ၍ ဥပါဒါန်နဲ့ကံတွေလုပ်ပြီး ဇာတိလာမှာပဲ..
ဥပါဒါန်မရှိတော့ရင် ဥပါဒါန်နဲ့လုပ်တဲ့ ကံတွေလည်းကင်းပြီး.. ဆိုင်ရာဇာတိချုပ်တာပဲ..
ကံသည် သတ္တ၀ါကို ဖြစ်စေ၏ ဆိုတဲ့နေရာမှာ
ဥပါဒါန်ကင်းတဲ့ကံနဲ့
ဥပါဒါန်တွဲနေတဲ့ကံ ပေါ်မူတည်ပြီး သတ္တ၀ါ ဖြစ်တယ် မဖြစ်ဘူး လို့ပြောရတော့မှာပဲ….
အဲဒီတော့
“သဗ္ဗေသတ္တာ ကမ္မသကာ ၊ ကမ္မံ သတ္တေ ၀ိဘဇ္ဇတိ” လို့ လုံးမချခင် ကိုယ်လုပ်တဲ့ကံက ဥပါဒါန်နဲ့လား.. ဥပါဒါန်ကင်းလားဆိုတာ ဆန်းစစ်ကြည့်ပြီးတော့ ဘာဖြစ်ပါစေ ညာဖြစ်ပါစေလုပ်ပေါ့….
…………………………………………………………………………………………………………………………..
“သဗ္ဗေသတ္တာ ကမ္မသကာ ၊ ကမ္မံ သတ္တေ ၀ိဘဇ္ဇတိ”
“ဥပါဒါနပစ္စယာ ဘဝေါ၊ ဘ၀ပစ္စယာ ဇာတိ”
“ဥပါဒါနနိရောဓါ ဘ၀နိရောဓေါ၊ ဘ၀နိရောဓါ ဇာတိနိရောဓေါ” ကို ယှဉ်တွဲပြီး နားလည်သလို ဝေဖန်သုံးသပ်ထားခြင်းဖြစ်ပါတယ်..
ဥပါဒါန်လေးမျိုး..
ကာမုပါဒါန်၊ ဒိဋ္ဌုပါဒါန်၊ သီလဗ္ဗတုပါဒါန်၊ အတ္တဝါဒုပါဒါန်
မှတ်ချက်။ ။ ရေးချင်တာတွေ သိသလို ရေးထားသောကြောင့် အမှား အမှန်ကို ချင့်ချိန် ယုံကြရန်…..
အမှားဖတ်ပြီး အပြစ်ဖြစ်ခြင်းအတွက် တာဝန်မယူ…….",3.0,4.0,3.0,4.0,5.0,"The text provides a philosophical/theological analysis of Buddhist concepts (Karma and Upadana). It uses logical steps to differentiate between types of Karma and their effects. It is written in natural, colloquial Burmese, reflecting deep cultural and religious familiarity with the subject matter. It is well-structured and coherent, though it deals with complex metaphysical topics."
<urn:uuid:9b69a6d2-3b68-4af3-ab0c-38bda439ec2c>,"ပူပြင်းလွန်းတဲ့ မြန်မာနိုင်ငံမှာ ချွေးထွက်များတာကြောင့် ခန္ဓာကိုယ် အနံ့အသက် မဆိုးအောင် ဂရုစိုက် နေထိုင်သင့်တယ်လို့ ကျန်းမာရေး ပညာရှင်တွေက အကြံပြုပြောဆိုကြပါတယ်။ ကလေးဘဝမှာ ခန္ဓာကိုယ်အနံ့အသက်ဟာ မွှေးပျံ့ မွှေးကြိုင်ပြီး လူပျို၊ အပျိုစဝင်လာချိန်ကစပြီး အနံ့အသက် ပြင်းထန်လာရခြင်းမှာ ချွေးထွက်ဂလင်းတွေ (Apocrine Gland) ကြီးထွားလာပြီး၊ ချွေးနဲ့ အရေပြားက ဘက်တီးရီးယားတွေပေါင်းပြီး အချဉ်ဖောက်သွားတာကြောင့် ဖြစ်ပါတယ်။ ချွေးနံ့က တစ်ဦးနဲ့တစ်ဦးမတူကွဲပြားပြီး၊ အမျိုးသားနဲ့ အမျိုးသမီးတွေမှာလည်း ကွဲပြားတတ်ပါတယ်။ အဓိက ချွေးနံ့ပိုပြင်းသူတွေကတော့ အဝလွန်သူတွေ၊ ချွေးပိုထွက်သူတွေ၊ အပူအစပ် (ကြက်သွန်ဖြူအပါအဝင်) စားလွန်းသူတွေ၊ အသားအနီ (အမဲသား၊ ဆိတ်သား) အဓိက စားသူတွေ၊ အရက် ဆေးလိပ် သောက်သူတွေ၊ စိတ်ပိုင်းဆိုင်ရာ ဆေးဝါးတချို့ သောက်သုံးနေရသူတွေနဲ့ ရောဂါတချို့  (ဥပမာ - ဆီးချို၊ သွေးချို၊ ကျောက်ကပ်၊ အသည်းရောဂါ) ရှိသူတွေ ဖြစ်ကြပါတယ်
ချွေးဂလင်းတွေ အထွက်များတာကြောင့် အနံ့အသက် ပြင်းထန်လေ့ရှိတဲ့ အဓိက ကိုယ်ခန္ဓာအစိတ်အပိုင်းကတော့ ဂျိုင်းကြား နေရာဖြစ်ပြီး၊ ပေါင်ကြား၊ စအိုနဲ့ လိင်အင်္ဂါတဝိုက်၊ ရင်သား၊ ချက်၊ နားနောက်ပိုင်း၊ မျက်ခွံတွေမှာလည်း အနံ့ ပြင်းနိုင်ပါတယ်။ ဒါ့အပြင် ခြေအိတ်ဝတ်သူတွေမှာလည်း ခြေထောက်ချွေးနံ့လှောင်ပြီး အနံ့ပြင်းတတ်ပါတယ်။ အတွင်းခံ ကြပ်ကြပ်ဝတ်သူတွေမှာလည်း အလားတူ အနံ့ပြင်းနိုင်ပါတယ်။
ချွေးနံ့ သက်သာအောင် ကာကွယ်နိုင်ဖို့ တကိုယ်ရေသန့်ရှင်းရေးက အရေးကြီးဆုံးဖြစ်ပါတယ်။ အဓိက အနံအဆိုးဆုံးနေရာဖြစ်တဲ့ ဂျိုင်းကြားက အမွှေးတွေကို သန့်ရှင်းရိတ်ပေးသင့်ပါတယ်။ ဂျိုင်းမွှေးတွေကြောင့် ချွေးအငွေ့ပြန်ဖို့ ခက်ပြီး ပိုညစ်ပတ်သွားတာကြောင့်ပါ။ ဒါ့အပြင် ချွေးစုပ်စေတဲ့ Anti-Perspirants လူးဆေး၊ ဘက်တီးရီးယားနည်းစေပြီး အနံ့ထိန်းပေးတဲ့ ဂျိုင်းလူးဆေး Deodorants ကို ဂျိုင်းမှာ လူးပေးနိုင်ပါတယ်။ ဒါပေမဲ့ ဂျိုင်းလူးဆေးတချို့ မှာ ဓာတုဆေးတွေ ပါတတ်တာကြောင့် အများကြီးသုံးမိလျှင် ကင်ဆာရောဂါ (ဥပမာ - ရင်သား၊ ဆီးကြိတ် ကင်ဆာ) ဖြစ်လာတတ်တယ်လို့ တွေ့ရှိချက် တစုံတရာရှိထားတာကြောင့် လျှော့လူးတာ၊ သဘာဝ ဂျိုင်းလူးဆေးကို အဓိက သုံးတာတွေ လုပ်ပေးသင့်ပါတယ်။ ဒါ့အပြင် နေ့စဉ် ရေချိုးပြီး ဘက်တီးရီးယား ပိုးသတ်ဆေးပါတဲ့ ဆပ်ပြာသုံးတာ၊ နေ့စဉ် အဝတ်အစားလဲ၊ သန့်သန့်ပြန့်ပြန့်ဝတ်တာ၊ အနီရောင် အသားတွေဖြစ်တဲ့ အမဲသားနဲ့ ဆိတ်သားလျှော့စားတာ၊ ဒညင်းသီးလို အနံ့ဆိုးတဲ့ အစာတွေ မစားတာ၊ အရက်နဲ့ဆေးလိပ်ရှောင်တာတွေ လုပ်ပေးနိုင်ပါတယ်။
ခြေထောက်က အနံ့ဆိုးထွက်သူတွေအနေနဲ့ ခြေထောက်ကို ပုံမှန်ဆေးတာ၊ ခြေစွတ်သုံးလျှင် နေ့စဉ် ခြေစွတ်လျှော်ဖွတ်လဲတာတွေ လုပ်ပေးနိုင်ပါတယ်။ ဒါ့အပြင် အဝမလွန်အောင် နေထိုင်တာနဲ့၊ အဝလွန်လာလျှင်လည်း ကိုယ်အလေးချိန်ပြန်လျှော့တာ လုပ်ပေးသင့်ပါတယ်။ ချွေးနံ့က ရုတ်တရက် ရက်ပိုင်းအတွင်း ဘေးကလူတွေ မခံမရပ်နိုင်လောက်အောင် အရင်ထက်အများကြီး ဆိုးလာပြီး၊ ချွေးထွက်တာကလည်း အရင်ထက် ပိုများလာကာ ညပိုင်းမှာပါ ပိုထွက်လာလျှင်တော့၊ ဆရာဝန်ပြ ကုသမှု ခံယူသင့်ပါတယ်။ ရောဂါ ဖြစ်လာနိုင်လို့ပါ။
ဒီသိသင့်သိထိုက်တဲ့ ချွေးအနံ့အသက်အကြောင်း ပိုမိုသိရှိနားလည်ဖို့ ကိုဝင်းမင်း က မြန်မာနိုင်ငံဆရာဝန်များအသင်းရဲ့ အထွေထွေရောဂါကု ဆရာဝန်များအဖွဲ့က ဒေါက်တာမြင့်ဦး ကို ဆက်သွယ်မေးမြန်း တင်ပြထားပါတယ်။",4.0,3.0,3.0,5.0,5.0,"The text provides clear, practical health advice on body odor, explaining biological causes and preventative measures. It is well-structured, uses natural Burmese, and includes culturally relevant dietary and lifestyle references. It is highly accessible for a general audience while maintaining a professional, informative tone suitable for health education."
<urn:uuid:2e6afb64-681b-436b-8793-9ff064dee954>,"[By Shwe Yee]
သံကိုသံဖျက် သံချေးတက်သလို စိတ်ကို မှီပြီး စိတ်ကို ဖျက်ဆီးနေတာက စိတ်ရဲ့အပူ အခိုးအငွေ့ဖြစ်တဲ့ကိလေသာပါ။ စိတ်ထဲကိလေသာဝင်လာတာနဲ့ စိတ်ရဲ့ထိန်းချုပ်နိုင်တဲ့ စွမ်းအားတွေ ပျက်ပြယ်သွားတယ်။ ကိလေသာဟာ အေးမြတဲ့စိတ်ကို ပူလောင်စေတယ်။ စင်ကြယ်တဲ့စိတ်ကို ညစ်နွမ်းစေတယ်။ တရား အရှိကို မမြင်ရအောင် ဖုံးအုပ်ထားတယ်။ ကောင်းမှုပြုခွင့်ကို တားမြစ်ပိတ်ပင်ထားတယ်။ စိတ်ကိုနာကျင်အောင် နှိပ်စက်ညှင်းပန်း တယ်။ မလိုချင်တာတွေပေးတယ်။
ရှေ့ကိုသွားသယောင်ယောင် ဟန်ဆောင်ပြီး နောက်ကိုသာ ပြန်ပို့နေတတ်တယ်။
တရားအလုပ် မလုပ်ရင် ကိလေသာဟာ ဘယ်သူ့ကိုမှ မငဲ့ညှာ မထောက်ထားဘူး။
အသက်ကြီးရုံ အချိန်ကုန်ရုံနဲ့ အလိုအလျောက် ရပ်တန့် နောက်ဆုတ် သွားတာမဟုတ်ဘူး။ ဘ၀ကူးအာမခံချက်ကိုတောင် မွှေနှောက်ဖျက်ဆီးပစ်တတ်တယ်။ တရားကင်းကွာရင် အသက်ကြီးတော့ ပိုသောင်းကျန်းတတ်တယ်။ ကြီးလေ ဆိုးလေ ဖြစ်တတ်တယ်။ မောဟ အမှောင်ကို အကာအကွယ်ယူထားတဲ့ ကိလေသာဟာ စိတ်ရဲ့အကျိုးကို လိုလားသယောင် မိတ်ဆွေ ဟန်ဆောင်ပြီး ၀င်လာတတ်တယ်။
စိတ်နှင့်ယှဉ်တွဲမိတာနဲ့ တပြိုင်နက် အတွေးအပြောအလုပ်လွဲအောင် စိတ်ကို အလဲတွန်းချတတ်တယ်။ ကိုယ့်စိတ်ကို ကိုယ်လိုသလို မသုံးနိုင်တော့ဘူး။ ကိလေသာဆိုတာ မျက်စိနဲ့ကြည့်လို့လဲ မမြင်ရဘူး။ လက်နဲကိုင်ကြည့်လို့လဲ မတွေ့ရဘူး။ ခေတ်မီစက်ကိရိယာမျိုးစုံနဲ့ စမ်းကြည့်လို့လဲ မရဘူး။
စိတ်မှာ ကိလေသာဝင်လာရင် ပူလောင်ညစ်နွမ်း ပင်ပန်းရှုပ်ထွေးရတာလဲ အမှန်ပဲ။ ဗုဒ္ဓကျေးဇူးကြောင့် သာ ကိလေသာကို သိရတာပါ။ ကိလေသာ အကျဉ်း ၁၀၊ အကျယ် ၁၅၀၀-ဆိုတာ ဆင်းရဲအပူ တည်ဆောက်ရေးအဖွဲ့ ဖြစ်ပါတယ်။ အဲဒီအဖွဲ့မှာ အ၀ိဇ္ဇာဆိုတဲ့ မောဟက ဥက္ကဋ္ဌ-ပါ။ တဏှာဆိုတဲ့ လောဘက အတွင်းရေးမှူးပါ။ ကျန်တဲ့ကိလေသာတွေက အဖွဲ့ဝင်တွေ ပါ။ ဥက္ကဋ္ဌ အ၀ိဇ္ဇာက အမှန်သဘောကို ဘာမှမသိ။
အတွင်းရေးမှူး တဏှာက အလိုပြီးပြည့်စုံနိုင်တယ်လို့ လုံးဝမရှိ။ ခန္ဓာပစ္စည်းရှာလို့ မပြီးစီး မပြည့်ဝမီမှာပဲ အိုနာသေကြရတယ်။ အဲဒီမသိနဲ့ မပြည့်ဆိုတဲ့ အ၀ိဇ္ဇာတဏှာနဲ့ပဲ သံသရာလည်နေကြရတယ်။ သံသရာဒုက္ခ မပြတ်နိုင်အောင် ချည်နှောင်ဆက်စပ် ပေးနေတဲ့ အခိုင်မာဆုံး သံသရာ ကြိုး နှစ်ချောင်းဖြစ်ပါတယ်။
ကိလေသာကို နိုင်တဲ့လက်နက်က စည်းကမ်းလိုက်နာတဲ့ သီလ၊ အာရုံပေါ် စူးစိုက်တဲ့ သမာဓိ၊ အရှိကို မြင်အောင်ကြည့်နိုင်တဲ့ ပညာ၊ အဲဒီ သိက္ခာသုံးပါးပဲ ရှိတယ်။ လောကမှာ အဖိုးတန် ကျောက်မြက် ရတနာဆိုတာ ကျောက်ခဲ သဲထဲ မြေထဲက ခက်ခက်ခဲခဲ တူးဖော်ပြီး ပြုပြင်ပေးနိုင်မှ အဖိုးတန်အဆင့် ရောက်လာနိုင်သလို လူ့စိတ်ဓာတ်လည်း ကိလေသာဆိုတဲ့ ကျောက်ခဲ သဲထဲ မြေထဲက ခက်ခက်ခဲခဲ ဆွဲထုတ်ပြီး ပြုပြင်ပေးနိုင်မှ စိတ်ကောင်းပေါ်လာပါတယ်။ လူကောင်း ဖြစ်ခွင့် ရနိုင်ပါတယ်။
ကိလေသာဆိုတာ တကယ်ကြောက်ရတဲ့ ကြောက်ခဲ-အစစ်ပါ။ ယပင့်ကျောက် မဟုတ်ဘူး။ ရရစ်ကြောက်ပါ။ လူအချင်းချင်းကြောက်ရတာ ကိလေသာကြောင့်ပါ။ သူ့ကိုတွေးကြောက်နေရတာလဲ ကိလေသာကြောင့်, ကိုယ်က တွေးကြောက်နေရတာလဲ ကိလေသာကြောင့်ပါ။ ကြောက်စရာ ဆင်းရဲအပူ အားလုံး ကိလေသာကြောက်ခဲက မြစ်ဖျားခံတာပါ။
(ယောဆရာတော်၏ -အဘိဓမ္မာ သိစရာ -စာအုပ်မှ ထုတ်နှုတ် ပူဇော်ပါသည်။)
အရှင်ကောဝိဒ (ယော)",4.0,3.0,3.0,5.0,5.0,"The text provides a clear, structured explanation of Buddhist concepts (Kilesa) using metaphors and logical categorization. It is highly educational for a Burmese audience, written in natural, culturally authentic language. It requires a basic understanding of Buddhist terminology but is accessible to a general audience. The formatting is clean and complete."
<urn:uuid:8f230f64-8e5d-4437-be04-913f4c9810f9>,"ဒိဋ္ဌေဒိဋ္ဌမတ္တံ ဟူသော ဗုဒ္ဓသြဝါဒအရ အလေ့အကျင့် ပြုလုပ်လာခဲ့သော ကျွန်ုပ်အမြင်၌ လောကသည် နှစ်မျိုးရှိ၏။ ပထမတစ်မျိုးမှာ “ပညတ်လောက” သို့ မဟုတ် အိပ်မက်လောက (dream world) ဖြစ်၍ ဒုတိယတစ်မျိုးမှာ “ပရမတ်လောက” သို့ မဟုတ် ဒိဋ္ဌလောက (actual world) ဟူ၍ ဖြစ်သည်။ သတ္တဝါဟူသမျှသည် သံသရာလဆန်း တစ်ရက်နေ့ မှစ၍ “အိပ်မက်လောက” ထဲ၌သာလျှင် တစ်လျှောက်လုံး မွေ့ လျော်ပျော်ပိုက်လာခဲ့ကြ၏။ အဘယ်ကြောင့် “အိပ်မက်လောက” ဆိုနိုင်ပါသနည်း။ (ကျွန်ုပ်မှာ စာတတ်ပေတတ်မဟုတ်သောကြောင့် စာတတ်သူများ၏ အမြင်၌ အသုံးအနှုန်း၊ အခေါ်အဝေါ်များမှာ မှန်ကောင်းမှ မှန်ပေ၏။ သို့ ရာတွင် စာမတတ်သော အရပ်သားများ နားလည်အောင် “စိတ်ဝင်စားအောင်” ရေးသားတင်ပြခြင်းဖြစ်၍ ၄င်းတို့ နားလည်ကြလျင် ပြီးရောဟု သဘောပိုက်မိပါတော့သည်။)
အိပ်မက်လောက
ရှင်းဦးအံ့။
နိုင်ငံရေးသမား တစ်ယောက်သည် (၄င်းတို့ လူစု မျှော်မှန်းသော ပန်းတုံးတိုင်သို့ ရောက်၍) ၀န်ကြီးဖြစ်လာသည် ဆိုအံ့။ မျှော်မှန်းသော အရာကို ရခါစ လူများ၏ထုံးစံအတိုင်း “ငါတမူကား ၀န်ကြီးတစ်ယောက် ဖြစ်လာပေပြီ” ဟူသော သတိရမှုသည် မကြာခဏ ဖြစ်ပေါ်လာပေလိမ့်မည်။ အိပ်ရာမှနိုး၍ မျက်နှာသစ်သော အချိန်မှသည် မျက်စိနှစ်လုံး မှိတ်သော အချိန်တိုင်အောင် (လက်ထပ်ပြီးခါစ သတို့ သားနှင့် သတို့ သမီးသဖွယ်) အခြားသော အလုပ်ကိစ္စများ ဆောင်ရွက်ခိုက် အချိန်များမှတပါး၊ အားလပ်သော နာရီပိုင်း၊ မိနစ်ပိုင်းဟူသမျှတွင် မိမိအဖြစ်ကို အကြိမ်ပေါင်းများစွာ အနုလုံ-ပဋိလုံ ပြန်လှန်သတိရ ဆင်ခြင်မိပေလိမ့်မည်။ အိမ်ရှေ့ တွင် ဆိုဖာကြီးပေါ်၌ ပက်လက်လှန်၍ ဆေးလိပ်သောက်ရင်းလည်း “ငါဝန်ကြီးဖြစ်လာပေပြီ။ ငါ့ကို ကူညီသော မည်သူအား မည်သည့်ရာထူးပေး၍ ငါ့ကိုထောက်ခံသော မည်ဝါအား မည်ကဲ့သို့  အကျိူးခံစားခွင့်ရှိအောင် လုပ်ပေးအုံးမှ တော်မည်။ ငါ့ကို ပမာမခန့် ရေးသားသော မည်သည့်အယ်ဒီတာကို တရားစွဲပြီး ထောင်ချမည်ဆိုလျင် ချနိုင်သော အာဏာ ငါ့လက်ထဲသို့  ရောက်လာပေပြီ။ ငါတို့ အဖွဲ့ ပြုတ်အောင် ကြံကြသော မည်သူမည်ဝါတို့ အားလည်း ပုဒ်မ ၅ နှင့် ဖမ်းချုပ်မည်ဆိုက ချုပ်နိုင်ပေပြီ” စသည်ဖြင့် စိတ်ကူးလျက်ရှိစဉ် သတင်းစာရောက်လာ၍ ကောက်ကြည့်လိုက်ရာ မြို့ တစ်မြို့ သို့  မိမိရောက်ခဲ့စဉ်က အရာရှိများနှင့် မြို့ မိမြို့ ဖဆိုသူများက သောင်းသောင်းဖြဖြ ကြိုဆိုကြပြီး အမျိုးသမီးကလေးများက မိမိအား ပန်းစည်းဆက်နေကြသော ဓာတ်ပုံကိုမြင်လိုက်ရ၍ ၀န်ကြီးတစ်ယောက်ဖြစ်ရခြင်းအတွက် တိုး၍ကြည်နူးပြန်သည်။ တဖန်သတင်းစာထဲ၌ မိမိပြောခဲ့သော မိန့် ခွန်းကို တွေ့ ရ၍ ဖတ်ကြည့်ရာ သြဘာလက်ခုပ်တီးကြသော အသံများပင် နားထဲသို့ ဝင်လာ၍ “တယ်တော်တဲ့ ငါပေတကား” ဟု ဆထက်ထမ်းပိုး စိတ်ကြည်နူးခြင်း ဖြစ်မိပြန်သည်။ ထိုအခိုက်တွင် ၀န်ကြီးကတော် ပြေးဝင်လာ၍ “ကောင်းနိုင်ကြသေးရဲ့ လားရှင်၊ တင်တင်မြင့်ကျောင်းအသွားမှာ ကားမှောက်ပြီး ဆေးရုံရောက်နေပြီတဲ့။ တယ်လီဖုန်းလာနေတယ်။” ဟုပြောလိုက်ရာတွင် ပန်းစည်းဆက်သဖြင်းများ ခံယူနေသည့်အသွင်အပြင်နှင့် မိန့် ခွန်းကို ချီးကျူးကြသည့် သြဘာလက်ခုပ်သံများသည် (အိပ်ယာမှ လန့် နိုးသူ၏ အိပ်မက်ကဲ့သို့ ) ၀န်ကြီး၏ မျက်စိထဲ၊ နားထဲမှာ ရုတ်တရတ်ချက်ချင်း ကွယ်ပျောက် သွားကြလေတော့သည်။
နှိုင်းယှဉ်ချက်
ဤနေရာ၌ ဆိုဖာပေါ်တွင် ၀န်ကြီး၏စိတ်ကူးနှင့် လူတစ်ယောက်၏ အိပ်မက်မက်ခြင်းတို့ သည် မည်ကဲ့သို့ ခြားနားခြင်း ရှိပါသနည်း။
၀န်ကြီး၏ စိတ်ကူးမှာ တကယ့်အဖြစ်အပျက်ဖြစ်၍ အိပ်မက်မှာ တကယ်မဟုတ်ဟု ဆိုခဲ့လျင် အိပ်မက်ထဲက အဖြစ်အပျက်မှာလည်း မနိုးသေးမီ အခိုက်အတန့် တွင် အဟုတ်တကယ်ပင် ထင်ရသည် မဟုတ်ပါလော။ အိပ်မက်ထဲတွင်လည်း ၀မ်းသာစရာရှိလျင် ၀မ်းသာရသည်။ ၀မ်းနည်းစရာရှိလျင် ၀မ်းနည်းရသည်။ ကြောက်စရာရှိလျင် တကယ်ကြောက်ရသည်ပင် မဟုတ်ပါလော။ နိုးလာသောအခါ၌ ထိုအခြင်းအရာများ ပျောက်ကွယ်ရသည့်နည်းတူ ၀န်ကြီးမှာလည်း သမီးကားမှောက်သည်ဆိုသော သတင်းကိုကြားရသောအခါတွင် ပန်းစည်းဆက်သော အမျိုးသမီးကလေးများနှင့် သြဘာလက်ခုပ်သံများသည် ချက်ချင်း ကွယ်ပျောက် သွားတော့သည် မဟုတ်ပါလော။ ဤမျှသာမကသေး၊ ပန်းစည်းဆက်သော ရူပါရုံနှင့် သြဘာလက်ခုပ်တီးသော သဒ္ဒါရုံတို့ ကြောင့် ဖြစ်ပေါ်ခဲ့သော ကြည်နူးမှုလည်း ကွယ်ပျောက်သွား၍ သမီးအတွက် ရတက်ပွေရသည့် သောကစိတ် ၀င်ရောက်လာတော့သည် မဟုတ်ပါလော။ တခဏချင်း ကွယ်ပျောက်နိုင်၍ တခဏချင်း ပြောင်းလဲနိုင်သော အခြင်းအရာကို အဟုတ်တကယ်ဟူ၍ မှတ်ယူထိုက်ပါသလော။ အိပ်မက်ထက် ဘယ်လောက်များ ပိုပြီးခိုင်မြဲမှု ရှိပါသေးသနည်း။",3.0,4.0,3.0,5.0,5.0,"The text uses Buddhist philosophical concepts to analyze human psychology and the nature of reality. It employs a clear, narrative-driven reasoning structure to compare political ambition with the transient nature of dreams. The language is natural, culturally authentic, and well-structured, making it a high-quality piece of reflective prose."
<urn:uuid:ae3e53ae-c6cd-4e46-9a7f-c157167c1c05>,"14-Jun-2018 tagged as
အမျိုးသားပညာရေးမူဝါဒကော်မရှင်၏ အခြေခံပညာအထက်တန်း သိပ္ပံဘာသာရပ်များသင်ကြားရာတွင် သိပ္ပံဆိုင်ရာ အခေါ်အဝေါ်များမှတစ်ပါး အခြားရှင်းလင်းချက်များအားလုံးကို မြန်မာဘာသာဖြင့်သင်ကြားသင့်ကြောင်း အကြံပြုချက်အပေါ် ဇွန်လ ၁၂ ရက်နေ့ ပြည်ထောင်စုလွှတ်တော်အစည်းအဝေးတွင် ဝေဖန်၊ ထောက်ခံမှုများဖြင့် ဆူညံသွားခဲ့သည်။
ယင်းအဆိုကို ထောက်ခံသူများက လက်ရှိမြန်မာနိုင်ငံ၏ အထက်တန်းပညာရေးစနစ်သည် သိပ္ပံဘာသာရပ်များကို အင်္ဂလိပ်ဘာသာဖြင့် သင်ကြားနေလင့်ကစား အင်္ဂလိပ်စာ ထူးချွန်လာခြင်းမရှိကြောင်း၊ စကားလုံးများကို အလွတ်ကျက် အာဂုံဆောင် ပြန်ဖြေနေကြသည့်အတွက် သိပ္ပံဘာသာရပ်များကိုလည်း နားလည်တိုးတက်လာခြင်းမရှိကြောင်းတို့ကြောင့် မြန်မာဘာသာဖြင့် ပြောင်းလဲသင်ကြားသင့်ကြောင်း ဆွေးနွေးကြသည်။
အင်္ဂလိပ်ဘာသာဖြင့်ပင် ဆက်လက်သင်ကြားသင့်ကြောင်း ရပ်ခံဆွေးနွေးသူများကမူ ကျောင်းသား၊ ကျောင်းသူများ စာမလိုက်နိုင်ရခြင်းသည် ဆရာ၊ ဆရာမများ၏ ပညာရပ်ဆိုင်ရာ အရည်အချင်း၊ သင်ရိုးမပိုင်နိုင်မှုတို့နှင့်သာ သက်ဆိုင်သည့်အတွက် ယင်းအားနည်းချက်များကို ဖြည့်ဆည်းရန်သာ ကော်မရှင်အနေနှင့် စဉ်းစားသင့်သည်ဟူသော အမြင်ကို တင်ပြကြသည်။
စင်စစ်အားဖြင့် မြန်မာနိုင်ငံ၏ အထက်တန်းပညာရေးအပါအဝင် ပညာရေးနယ်ပယ်တစ်ခုလုံးသည် တက်လာသော အစိုးရအဆက်ဆက်၏ မူဝါဒရေးရာ အစမ်းသပ်ခံဖြစ်နေပြီး အင်္ဂလိပ်လိုမှ မြန်မာလို၊ မြန်မာလိုမှ အင်္ဂလိပ်လို စမ်းသပ်ပြောင်းလဲနေခြင်းကြောင့် ကျောင်းသူ၊ ကျောင်းသားများမှာ အစမ်းသပ်ခံ မြေစာပင်များအဖြစ် အသုံးတော်ခံနေကြရသည်။
မြန်မာဘာသာဖြင့် သင်ကြားပါမူ အထက်တန်းအဆင့်မဆိုထားနှင့် တက္ကသိုလ်အဆင့်တွင်ပင် မြန်မာစာကို ဋ္ဌာန်ကရိုဏ်းကျကျ၊ သဒ္ဒါ၊ အသုံးအနှုန်းမှန်မှန်ပြောတတ်၊ ရေးတတ်သူပင် တဖြည်းဖြည်းနည်းပါးလာသော ယနေ့ခေတ်တွင် မိခင်ဘာသာမဟုတ်သည့် သိပ္ပံဘာသာရပ်များကို ခြေခြေမြစ်မြစ် နားလည်တတ်ကျွမ်းရန် လွယ်ကူပါမည်လောဟု မေးစရာရှိပေသည်။
ကွဲပြားခြားနားသော ဘာသာရပ်များကို သင်ကြားပေးရခြင်း၏ ရည်ရွယ်ချက်နှင့် ရည်မှန်းချက်မှာ ကျောင်းသူ၊ ကျောင်းသားများကို သက်ဆိုင်ရာဘာသာရပ်အသီးသီးကို အခြေခံကျကျ၊ သဘော၊ သဘာဝနှင့်တကွ နားလည်ရေးဟုဆိုနိုင်သည်။ သို့ဆိုလျှင် ထိုဘာသာရပ်များကို သင်ကြားပေးသည့် ဘာသာစကားမှာ ကြားခံမီဒီယံသဘောဟု ပြောရမည်ဖြစ်သည်။ ကြားခံမီဒီယံသည် အင်္ဂလိပ်ဘာသာဖြစ်စေ၊ မြန်မာဘာသာဖြစ်စေ အဓိကဦးတည်ချက်၊ ရည်မှန်းချက်နှင့် ကိုက်ညီရန်သာ ဦးစားပေးရမည်ဖြစ်သည်။
သို့သော် အခြားတစ်ဖက်တွင်လည်း ကမ္ဘာသုံးဘာသာစကားဖြစ်လာသည့် အင်္ဂလိပ်စာကိုလည်း ထူးချွန်ထက်မြက်လာစေရန် သီးခြားမြှင့်တင်ပေးရမည်ဖြစ်သည်။ လက်ရှိ မြန်မာနိုင်ငံ၏ ပညာရေးစနစ်မှာ ကြားခံပစ္စည်း သို့မဟုတ် သာမညကိစ္စအပေါ်တွင်သာ အလေးအနက်ထားနေပြီး ကျွမ်းကျင်တတ်မြောက်ရေး သို့မဟုတ် အဓိကကိစ္စဘက်တွင် များစွာ ပေါ့လျော့အားနည်းနေသည်ကို တွေ့ရသည်။
ထို့အတူ ကျောင်းသူ၊ ကျောင်းသားများကို မည်သည့် ဘာသာစကားဖြင့်ဖြစ်စေ သင်ကြားပေးကြမည့် ဆရာ၊ ဆရာမများ၏ အရည်အချင်းနှင့် ကျွမ်းကျင်မှုမရှိလျှင်လည်း ရည်မှန်းချက်နှင့် ရည်ရွယ်ချက်ပေါက်မြောက် နိုင်မည်မဟုတ်ပေ။ ထို့ကြောင့် လွှတ်တော်တွင် ကန့်ကွက်၊ ထောက်ခံဆွေးနွေးကြသူများ၏ ရှုမြင်ချက်များ လုံးလုံးမှားယွင်း၊ မှန်ကန်သည်ဟု တစ်ထစ်ချမပြောနိုင်ပေ။
သိပ္ပံဘာသာရပ်များ၏ သဘာဝမှာ လက်တွေ့ တီထွင်၊ စမ်းသပ်၊ လုပ်ကိုင်မှုများနှင့် ဆက်စပ်နေသည်။ ထို့ကြောင့် အထက်တန်းအဆင့်အပြင် ပညာရေးလောကအတွင်းရှိ သိပံ္ပဘာသာသင်ကြားပေးသည့် အဆင့်တိုင်းတွင် မည်သို့သော လက်တွေ့လုပ်ကိုင်ဆောင်ရွက်မှုများ၊ သင်ထောက်ကူပစ္စည်းများ အသုံးပြု၍ သီအိုရီနှင့် လက်တွေ့အချိုးညီစေရန် သင်ကြားပေးနေသနည်း၊ သင်ကြားပေးသော ဆရာ၊ ဆရာမများကို မည်သို့ အရည်အချင်းမြှင့်တင်ပေးထားသနည်းဆိုသော အချက်ကိုသာ အဓိကထား စဉ်းစားသင့်ကြောင်း မီးမောင်းထိုး ဖော်ပြလိုရင်းဖြစ်သည်။
အယ်ဒီတာ (၁၄ - ၆ -၂၀၁၈)
-
21-Sep-2018
-
21-Sep-2018
-
21-Sep-2018
-
21-Sep-2018
-
21-Sep-2018
-
21-Sep-2018
-
13-Sep-2018
-
13-Sep-2018
-
20-Sep-2018
-
10-Sep-2018
-
10-Sep-2018
-
06-Sep-2018",3.0,4.0,3.0,2.0,5.0,"The text provides a thoughtful, balanced analysis of a significant Burmese educational policy debate. It demonstrates high-level reasoning and cultural relevance. However, the cleanliness score is penalized due to the significant amount of repetitive, non-content boilerplate (dates) at the end of the document."
<urn:uuid:c2bccd21-5f6c-4389-8aa8-4bdac0d57bc9>,"မြန်မာသဒ္ဒါ
လူတို့နှုတ်မှထွက်သောအသံတို့ကို ဆိုလိုသည့် အဓိပ္ပာယ်ရောက်အောင် စနစ်တကျ ပြောဆို ရေးသားရသည်။ ထိုသို့ ပြောဆိုရေးသားရာ၌ အသုံးပြုရမည့် စည်းစနစ်တို့ကို ဖော်ပြသော ကျမ်းသည် သဒ္ဒါကျမ်း ဖြစ်သည်။
- သဒ္ဒါအဓိပ္ပာယ်ရှိသောအသံကို အစွဲပြု၍ ရေးသားထားသောကြောင့် သဒ္ဒါဟု ခေါ်သည်။
- အသံနားဖြင့် ကြားသမျှကို အသံ ဟုခေါ်သည်။
- သဒ္ဒသဒ္ဒသည် ပါဠိစကားဖြစ်သည်။ အသံဟု အဓိပ္ပာယ်ရသည်။
- နာမ်
သက်ရှိသက်မဲ့၊ ဒြပ်ရှိဒြပ်မဲတို့၏ အမည်ဟူသမျှကို နာမ် ဟုခေါ်သည်။
- နာမ်စား
နာမ်၏အစားသုံးသော ပုဒ်ကို နာမ်စား ဟုခေါ်သည်။
- ကြိယာ
ပြုခြင်းကိုဖြစ်စေ၊ ဖြစ်ခြင်းကိုဖြစ်စေ၊ ရှိခြင်းကိုဖြစ်စေ ပြသောပုဒ်ကို ကြိယာ ဟုခေါ်သည်။
- နာမဝိသေသန
နာမ်ကို အထူးပြုသောပုဒ်ကို နာမဝိသေသန ဟုခေါ်သည်။
- ကြိယာဝိသေသန
ကြိယာကို အထူးပြုသောပုဒ်ကို ကြိယာဝိသေသန ဟုခေါ်သည်။
- ဝိဘတ်
နာမ်၊ နာမ်စားတို့၏နောက်၌တည်၍ ၎င်းတို့သည် ကတ္တားဖြစ်သည်၊ ကံဖြစ်သည် စသည်ကိုလည်းကောင်း၊ ကြိယာ၏နောက်၌တည်၍ ၎င်းကြိယာ၏ကာလနှင့် အမျိုးအစားကိုလည်းကောင်း ဝေဖန်ပိုင်းခြားပြသော စကားလုံးကို ဝိဘတ် ဟုခေါ်သည်။
- သမ္ဗန္ဓ
ပုဒ်အချင်းချင်းကိုဖြစ်စေ၊ ဝါကျအချင်းချင်းကိုဖြစ်စေ၊ အဓိပ္ပာယ်အချင်းချင်းကိုဖြစ်စေ ဆက်စပ်ပေးသော စကားလုံးကို သမ္ဗန္ဓ ဟုခေါ်သည်။
- ပစ္စည်း
နာမ်၊ နာမ်စား၊ နာမဝိသေသန၊ ကြိယာ၊ ကြိယာဝိသေသနတို့၏အဓိပ္ပာယ်ကို ထူးခြားလေးနက်အောင် ကူညီထောက်ပံ့သော စကားလုံးကို ပစ္စည်း ဟုခေါ်သည်။
- အာမေဍိတ်
ထိတ်လန့်ခြင်း၊ ဝမ်းသာခြင်း၊ အံ့သြခြင်းစသည့် တစ်စုံတစ်ခုသောအကြောင်းကြောင့် ပြင်းပြင်းထန်ထန် စိတ်လှုပ်ရှားကာနှုတ်မှ ရုတ်တရက် ထွက်ပေါ်လာသောအသံကို အာမေဍိတ် ဟုခေါ်သည်။
- အက္ခရာ
လူတို့နှုတ်မှ ထွက်သော အသံတို့ကို နားဖြင့်ကြားရသည်။ ထိုအသံတို့ကို ကိုယ်စားပြုထားသည့် အမှတ်သင်္ကေတများကို အက္ခရာ ဟုခေါ်သည်။ က၊ ခ၊ ဂ၊ ဃ၊ င စသော အမှတ်သင်္ကေတများသည် အက္ခရာများဖြစ်ကြသည်။ ထိုအက္ခရာများကို စာရေးသားရာတွင် အသုံးပြုကြရသည်။
- စကားလုံး
အနက်အဓိပ္ဂာယ်ကို ဖော်ပြနိုင်သော စကားအစိတ်အပိုင်း အသီးသီးကို စကားလုံး ဟုခေါ်သည်။
- ပုဒ်
သီးခြားစကားလုံးကိုလည်းကောင်း၊ သီးခြားစကားလုံးနှင့် အကူစကားလုံးတို့ကို တွဲစပ်ထားသော စကားလုံးတို့ကို လည်းကောင်းပုဒ် ဟုခေါ်သည်။
- ပုဒ်စု
ပုဒ်(၂)ပုဒ်၊ (၃)ပုဒ် စသည်တို့၏အကြား၌ ဝိဘတ်၊ ပစ္စည်း၊ သမ္ဗန္ဓတစ်ခုခုကိုထားလျက်ဖြစ်စေ၊ ပုဒ်(၂)ပုဒ်၊ (၃)ပုဒ် စသည်တို့၏ နောက်၌ သမ္ဗန္ဗ(၂)ခု၊ (၃)ခု စသည်တို့ကို ထားလျက်ဖြစ်စေ ဆက်ထားသောပုဒ်ကို ပုဒ်စု ဟုခေါ်သည်။
- ပုဒ်ဖြတ်ပုဒ်ရပ်
မြန်မာစာရေးသားရာ၌ အဓိပ္ပာယ်ရှင်းလင်းစေရန် ပုဒ်ကလေး၊ ပုဒ်မ၊ ဝိုက်ကွင်းစသော သင်္ကေတများကို အသုံးပြု၍ ရေးရသည်။ ထိုသင်္ကေတများကို ပုဒ်ဖြတ်ပုဒ်ရပ်သင်္ကေတများ ဟုခေါ်သည်။
- ဝါကျ
ဆိုလိုသည့်အဓိပ္ပာယ်ရောက်အောင် စနစ်တကျ စီစဉ်ထားသော ပုဒ်အစုအပေါင်းကို ဝါကျ ဟုခေါ်သည်။ ဝါကျတစ်ခုတွင် အနည်းဆုံး ကတ္တားတစ်ခုနှင့် ကြိယာတစ်ခု ပါဝင်သည်။
- ကာလ
ကြိယာ၏ပြုခြင်း၊ ဖြစ်ခြင်း၊ ရှိခြင်းနှင့် စပ်ဆိုင်သော အချိန်ကို ပြသည်။
- လိင်
အထီးအမသဘာဝကို လိင် ဟုခေါ်သည်။
- ကိန်း
အရေအတွက်ကို ကိန်း ဟုခေါ်သည်။
- ဝါစင်္ဂ
ဝါစင်္ဂ သည် ဝါစာနှင့် အင်္ဂ ပေါင်းစပ်ထားသော ပါဠိစကား ဖြစ်သည်။ ဆိုလိုသည့် အဓိပ္ပာယ်ရောက်အောင် ပြောဆိုသောစကား၏ အစိတ်အပိုင်းကို ဝါစင်္ဂဟု ခေါ်သည်။",5.0,2.0,3.0,5.0,5.0,"This document provides a clear, structured, and accurate introduction to Burmese grammar, suitable for primary or middle school education. It defines key linguistic terms with standard definitions. The content is clean, well-formatted, and uses authentic, natural Burmese terminology, reflecting a high level of cultural and linguistic accuracy."
<urn:uuid:fad9822b-bc3b-4eae-a8e5-c778044cfd24>,"မဲခေါင်ခရီးစဉ်အကြောင်းပြောရင် မြန်မာနိုင်ငံနဲ့ ထိုင်းနိုင်ငံကြား နယ်စပ်ဖြတ်ကျော် ပို့ဆောင်ရေး နဲ့ပတ်သက်တဲ့ သဘောတူညီချက် Cross-Border Transport Agreement (CBTA) အကြောင်း ကို ပြောဖို့ လိုလာပါတယ်။
CBTA ဆိုတာက ဗီယက်နမ်၊ ကမ္ဘောဒီးယား ၊ လာအို၊ မြန်မာ၊ထိုင်း တို့ပါဝင်တဲ့ အရှေ့ – အနောက် စီးပွားရေးစင်္ကြန် East–West Economic corridor အတွင်းမှာ နယ်စပ်ဖြတ်ကျော် ပို့ဆောင်ရေး လုပ်ငန်းတွေနဲ့ပတ်သက်ပြီး အဆင်ပြေချောမွေ့အောင်ဆောင်ရွက်နိုင်ဖို့ သဘောတူညီချက် ဖြစ် ပါတယ်။ အရှေ့ – အနောက် စီးပွားရေးစင်္ကြန်ဆိုတာက မျက်စိထဲမြင်အောင်ပြောရရင် ရန်ကုန် ကနေ ဗီယက်နမ်နိုင်ငံ ဒါနန်းဆိပ်ကမ်းအထိ တောက်လေ ျှာက်သွားနိုင်မယ့် ကားလမ်းမကြီးပဲ ဖြစ် ပါတယ်။
အခုအချိန်မှာ ထိုင်း နဲ့ မြန်မာကြားမှာ CBTA က ၂၀၁၉ ခုနှစ် အောက်တိုဘာ ၃၀ ရက်နေ့မှာ အသက်ဝင်တယ်။ ဒီလို အသက်ဝင်လာတဲ့အတွက်ဘာအကျိုးကျေးဇူးတွေရသလဲဆိုတာကို အရှင်း ဆုံးဥပမာပေးရရင် ထိုင်းကုန်ကားတွေက မြဝတီကတဆင့် ရန်ကုန်အထိ ကုန်တွေလာပို့ လို့ရ မယ်။ မြန်မာကုန် ကား တွေက ဘန်ကောက်အထိ ကုန်သွားပို့လို့ရမယ်။ ဒါပေမယ့် လက်တွေ့ မလုပ်နိုင်သေးဘူး။ ဘာ့ကြောင့်လဲဆိုတော့ မြန်မာဘက်က ပို့ကုန်က နည်းနေတဲ့ အတွက် ထိုင်းဘက်က သွားတဲ့ ကား က အပြန်ကုန်မရနိုင်ဘူး။ မြန်မာဘက်က ဘန်ကောက်က ပစ္စည်း သွားသယ်ရင် အသွားမှာ ခါလီ သွားရမယ်။ စီးပွားရေးအရ တွက်ခြေမကိုက်သေးတဲ့အတွက် မသွား ကြတာဖြစ်ပါတယ်။
CBTA ထဲမှာနောက်ထပ်အကျုံးဝင်တာကတော့ ကိုယ်ပိုင်ယာဉ်တွေ ဖြတ်သန်းမောင်းနှင်ခွင့်ဖြစ် ပါတယ်။
ဒီလိုသွားနိုင်တဲ့အတွက် ဘာအကျိုးရှိသလဲဆိုတော့
၁။ ထိုင်းနိုင်ငံအရှေ့ပိုင်း၊ မြောက်ပိုင်း ဒေသ တွေကို မြန်မာနိုင်ငံသားတွေ ကုန်ကျစရိတ်သက် သာ စွာနဲ့သွားလို့ ရမယ်။ ဥပမာ ကျွန်တော်တို့ ခရီးစဉ်မှာပါတဲ့ ၁၃ ရာစုနှစ် ထိုင်းရှေးဟောင်းမြို့တော် ဆူခိုထိုင်း ကို ဘန်ကောက်က တဆင့်သွားရင် ရန်ကုန် – ဘန်ကောက် လေယာဉ်နဲ့သွားရ မယ်။ ဘန်ကောက်ကနေ ဆူခိုထိုင်းကို ပြည်တွင်းလေကြောင်း ဒါမှမဟုတ် ဘတ်စ်ကားနဲ့သွားရမယ်။ လေယာဉ်ခနဲ့တင် ကုန်ကျစရိတ်အတော်များနေပြီ။ ဒါပေမယ့် မဲဆောက်ကနေ ဆူခိုထိုင်း ကို ကိုယ့် ကားနဲ့ကိုယ်သွားရင် ( ကျွန်တော့်အတွေ့အကြုံအရ) ဆီ ဘတ် ငါးရာ ဖိုးပဲ ကုန်တယ်။ အသွား အပြန် ဆိုရင် ဘတ်တစ်ထောင်ပေါ့။
၂။ ဒီလိုပဲ ထိုင်းနိုင်ငံသားတွေလည်း မဲဆောက်ကနေ ကျိုက်ထီးရိုး ၊ ပဲခူး၊ မော်လမြိုင်တို့ကို ကိုယ့် ကားနဲ့ ကိုယ်လာနိုင်တဲ့အတွက် မြန်မာနိုင်ငံကိုလာတဲ့ ခရီးသွားအရေအတွက်တိုးလာမယ်။ မွန် ပြည်နယ်နဲ့ ကရင်ပြည်နယ် စီးပွားရေးဖွံ့ဖြိုးတိုးတက်ဖို့အတွက် အထောက်အကူဖြစ်မယ်။
ဒါပေမယ့် ဒီအခွင့်အရေးတွေကို အသုံးချဖို့အတွက် အခက်အခဲတွေလည်းရှိနေသေးတယ်။ အဲဒါတွေကတော့
၁။ မြန်မာဘက်က မော်တော်ယာဉ်တွေ ထိုင်းနိုင်ငံထဲကို ဝင်ဖို့ဆိုရင် နိုင်ငံတော်သမ္မတရုံးအထိ တင်ပြခွင့်ပြုချက်ယူနေရတယ်။ ထိုင်းဘက်က လာမယ်ဆိုရင်လည်း အဲဒီအတိုင်းပဲ လို့ သိရတယ်။ ထိုင်းနိုင်ငံမှာတော့ ဒီလိုခွင့်ပြုချက်ကို သက်ဆိုင်ရာဌာန ညွှန်ကြားရေးမှူးချုပ်ကပဲ ပေးတာပါ။
၂။ ထိုင်းနဲ့ မြန်မာကြားမှာ ရှိတဲ့ ဗီဇာ ကင်းလွတ်ခွင့်က နိုင်ငံတကာလေဆိပ်တွေက ဝင်တာပဲ အကျုံးဝင်ပါတယ်။ ကုန်းလမ်းက ဝင်မယ် ဆိုရင် မြန်မာနိုင်ငံသားဆိုရင် ရန်ကုန်မှာ ရှိတဲ့ ထိုင်းသံရုံး မှာ၊ ထိုင်းနိုင်ငံသားဆိုရင် ဘန်ကောက် သို့မဟုတ် ချင်းမိုင် မှာရှိတဲ့ မြန်မာသံရုံးမှာယူရတယ်။ တကယ်လို့ ဆိုက်ရောက်ဗီဇာကိုသာခွင့်ပြုနိုင်မယ်ဆိုရင် ထိုင်းခရီးသွားတွေက ပိုဝင်လာနိုင်တယ်။
ဒီဗီဇာကိစ္စနဲ့ပတ်သက်ပြီး ဒေသခံတွေဆီက နှစ်မျိုးကြားခဲ့ရတယ်။ ပထမတစ်ခုကတော့ ထိုင်း ဘက်က ဆိုက်ရောက်ဗီဇာမပေးလို့ မြန်မာဘက်က မပေးတာ လို့ဆိုတယ်။ ဒီနေရာမှာ ထိုင်း ဘက် က မပေးပေမယ့် မြန်မာဘက်က ပေးလိုက်ရင်ကော မြန်မာ့ခရီးသွားလုပ်ငန်းအတွက် ပိုပြီး အကျိုး မရှိဘူးလားလို့တွေးမိတယ်။ ဇီးရိုးဘတ်ဂျက်နဲ့လာတဲ့ တရုတ်တွေကိုတောင် ဆိုက်ရောက် ဗီဇာ တွေပေးနိုင်ရင် မြန်မာနိုင်ငံထဲမှာ ငွေသုံးမယ့် ထိုင်းခရီးသွားတွေကို တန်းတူအခွင့်အရေး မပေးသင့်ဘူးလား။ ဒီလိုသာ ပေးလိုက်ရင် ကျိုက်ထီးရိုးဟာ ထိုင်းခရီးသွားတွေအတွက် အဓိက နေရာဖြစ်လာမှာသေချာတယ်။
နောက်ပုံပြင်တစ်ခုကတော့ ဘန်ကောက်က လာတဲ့ ခရီးသည်လျော့သွားမှာကို စိုးရိမ်တဲ့ လေ ကြောင်းလိုင်းတွေက ကန့်ကွက်လို့ မပေးတာလို့ဆိုတယ်။ ကျွန်တော်ကတော့ အစိုးရအနေနဲ့ လေကြောင်းလိုင်းတွေ ပြောသမ ျှ လိုက်လုပ်ရတဲ့အထိ မညံ့ဘူးလို့ယုံကြည်ပါတယ်။
မြန်မာဘက်က CBTA သဘောတူညီချက်ကို အသုံးပြုပြီး ယာဉ်တန်းနဲ့ ဖြတ် သန်းသွားတာက ကျွန်တော်တို့ မဲခေါင်ခရီးစဉ်ယာဉ်တန်းက ပထမဆုံးဖြစ်ပါတယ်။ နောက်ထပ် မြန်မာခရီးသွားတွေ လည်း ကိုယ့်ကားနဲ့ကိုယ်၊ ကိုယ့်နိုင်ငံအလံကိုထောင်ပြီး ထိုင်းနိုင်ငံလမ်းမတွေပေါ်မှာ ခရီးနှင် ကြ တော့မယ်လို့လည်း ယုံကြည်ပါတယ်။",4.0,3.0,3.0,5.0,5.0,"The text provides a clear, educational explanation of the Cross-Border Transport Agreement (CBTA) in the context of Myanmar-Thailand relations. It uses logical reasoning to analyze economic and logistical challenges, maintains a professional yet accessible tone, is well-formatted, and reflects authentic Burmese perspectives on regional travel and policy."
<urn:uuid:1f70ad94-519c-4da6-8f55-ff2b7501a0c0>,"ဘာမုံ့ စားမလဲ
၂။ မုန့် လို့သာ သင်ခဲ့ရလို့ပါ ဆရာ
၃။ အခုမှ သိတယ် ဆရာ ကျေးဇူးပါ ဆရာ တသက်လုံး အမှား အမှန် ပြင်ရပြီ
၄။ ကျနော်လည်း မုန့် က အမှန်ထင်နေတာ မဟုတ်ဘူးလားဗျ။
၅။ မုန့်ဖက်ထုပ် ဘာဟာက အမှန်လဲ ဆရာ။
၆။ မုံ့ လား မုန့် လား။
၇။ မုံ့ဆိုတာ သတိမထားမိခဲ့ဘူး။ မုန့်မှတ်နေတာဆရာ
မြန်မာစာသတ်ပုံမှာ မုန့်လို့ မရှိခဲ့ပါ။ အစီအစဉ်မှာ မုံ - မုံ့ - မုံး - မုန် - မုန်း -မိုး - မိုရ် - မို့ - မိုး - မိုဃ်း လို့သာရှိတယ်။
ကဝိဓဇသတ်ပုံကျမ်းမှာ မုံ့ = စားသောမုံ့၊ မုံ့မျိုးစုံလို့ရေးတယ်။ ဧကန်သာတမုံ့၊ နေသည်တမုံ့၊ ပြုသည်တမုံ့တွေကတော့ အသုံးနည်းလာတဲ့စာလုံးတွေဖြစ်ပါတယ်။
နောက်ထုတ်သတ်ပုံစာအုပ်တွေမှာ မုန့် လို့သာတွေ့နိုင်ကြပါမယ်။ မြန်မာ့စွယ်စုံကျမ်းမှာ မုံ့ လို့သာသုံးပါတယ်။
မုံ့ဖက်ထုပ်၊ မုံ့ဆန်း၊ မုံ့စိမ်းပေါင်း၊ မုံ့လေပွေ၊ မုံ့ဗိုင်းတောင့်၊ ဘီးမုံ့၊ ပဲမုံ့၊ မုံ့ဖက်လိပ်၊ မုံ့ကြာလိပ်၊ မုံ့ကတော့၊ ငှက်ပျောမုံ့၊ ကောက်လန်းတီမုံ့၊ ထန်းသီးမုံ့၊ ကတတ်မုံ့၊ မုံ့ကတိုးဖွာ၊ မုံ့လုပ်ဆောင်း၊ မုံ့ကြာရိုး၊ ကျိူမုံ့၊ မုံ့ငါးကလေး၊ မုံ့လုံးကြီး၊ မုံ့လုံးရေပေါ်၊ မုံ့ပိန္နဲစေ့၊ အေးမုံ၊ လမုံ့၊ အထက်မီးအောက်မီးမုံ့၊ မုံ့ဆန်း၊ မုံ့ဆန်းမရွေး၊ မုံ့စလင်းထောင်ကြော်၊ မုံ့ဆီကြော်၊ မုံ့ချိုသွင်း၊ ပသျှူးမုံ့၊ ဒေါင်းဖန်ဝါမုံ့၊ ထိုးမုံ့၊ မုံ့ဟင်းခါး၊ မုံ့ကြွပ်၊ မုံ့ဝမ်းသာ။
ခုခေတ်မှာ လျှာရှည်ထားတဲ့ သတ်ပုံတွေ မနည်းလှပါ။
၂၀၁၈ ခုနှစ်ဒီလိုနေ့ ရန်ကုန်နေ သမီးအိမ်မှာ စားရတဲ့ မြန်မာ့စားစရာတွေ မုံ့တွေ။
ခုခေတ်မှာ မုံ့လို့ရေးရင် စားစရာလို့မထင်ကြ။ ရောင်းရမယ်မထင်။ ဝယ်သူအကြိုက်သာ လိုက်ရေးကြပေတော့။ ကျွန်တော်ကတော့ နသတ်ပြီးအောင် မစောင့်နိုင်၊ စားလိုက်တယ်။
ဒေါက်တာတင့်ဆွေ
၁-၅-၂၀၁၈",4.0,3.0,3.0,5.0,5.0,"The text provides a clear, educational explanation of Burmese orthography regarding the word 'မုံ့' (snack/cake). It uses authentic cultural examples of traditional snacks and addresses common linguistic misconceptions. The reasoning is sound, moving from a dialogue to a historical and lexicographical analysis, maintaining a natural, authoritative tone throughout."
<urn:uuid:52ba55d2-549a-4259-943e-4d85a6d10fd6>,"""သမာဓိ နှင့် ၀ိပဿနာ = မဇျွိမပဋိပဒါ လမ်း""
(ကျေးဇူးတော်ရှင်- မိုးကုတ် ဆရာတော် ဘုရားကြီးဟောကြားတော်မူသော တရားတော် - ၄)
တရားနာကြတာ ဒုက္ခခပ်သိမ်းငြိမ်းချင်လိုနာ တာဟု အစချီ၍.......
လက်ရှိဒုက္ခကိုသိမှသာ နောင်ဒုက္ခငြိမ်းရေးဖြစ်နိုင်ကြောင်း၊ လက်ရှိဒုက္ခကို ကြောက်မှ သာနောင်လာလတ္တံ့ ဒုက္ခကိုကြောက်မှာဖြစ်ကြောင်း ရှင်းပြ ဟောကြား တော်မူခဲ့ သည်၊ ဥာဏ်ထက်ချိန် စီးပွားရေး အဆင်ပြေနေလျှင် ဒုက္ခ မရှိဖူး ဟုယူဆတတ်သည်၊ သို့သော် ကိုယ်က ဥာဏ်ကို မရှာ လျှင် ဥာဏ်က တုံး သွားတတ်သည်၊ အိုလာ၊ နာလာမှ သာ သံဝေဂဥာဏ်လေး ဖြစ်တတ်ကြသည်၊ ထိုဥာဏ်သည် ၀ိပဿနာ မဟုတ်ပါဟု ရှင်းလင်းစွား ဟောကြားတော်မူခဲ့ ပါသည်။
မကျန်းမမာဖြစ်တော့မှ မရူနိုင် မရှိုက်နိုင်ဖြစ်တော့မှ သိသောဒုက္ခကို ပါကဋ ဒုက္ခဟု ဟောပြခဲ့၏။(ပါကဋဒုက္ခကို တိရိစ္ဆာန်တောင်သိနိုင်၏ဟု ဥပမာပြခဲ့ တော်မူသည်)။ ထိုကြောင့် ကျန်းမာတုန်း ဒုက္ခကိုမြင်ဖို့ အရေးကြီးကြောင်း ဟောကြားခဲ့ပါသည်။
ထို့နောက် တရားအားထုတ်သော ယောဂီများ သမာဓိရှိဖို့လိုကြောင်း၊ သမာဓိ မရှိပဲ နှင့် ၀ိပဿနာ လုပ်နေရင်ဖြင့် ဖြစ်ပျက်မြင်ဖို့၊ ဒုက္ခသစ္စာသိဖို့ ခက်ခဲကြောင်း၊ သို့သော် သမာဓိ သက်သက်ဖြင့် သစ္စာမဆိုက်နိုင်ကြောင်း ရှင်းလင်းစွာ ဟောကြား တော် မူခဲ့ ပါတယ်။
အိမ်မှာ တရားအားထုတ်တဲ့ ယောဂီများကို အာနာပါနဖြင့် သမာဓိအရင် ထူထောင်ရန် သင်ကြားပေးတော်မူ၍၊ ""သမာဟိတော ယထာဘူတံ ပဇာနာတိ"" ဟု မြတ်ဘုရားဟောကြားခဲ့သလို (တည်ကြည်သော စိတ်ရှိသော ပုဂ္ဂိုလ်သည်သာ အပါကဋ္ဋ ဒုက္ခကိုသိ၏ဟု ရှင်းပြ၍)၊ ကျန်းမာတုန်း သမာဓိရှိ တုန်း ကြည့်လိုက်မှသာ သူများမမြင်နိုင်တာကို ထိုးထွင်၍မြင်နိုင်မှာ ဖြစ်ကြောင်း ကျန်းမာတုန်း တရားကျင့်ကြရန် ကြီးမာလှသော မေတ္တာဖြင့်တိုက်တွန်း ဟောကြား တော်မူခဲ့ပါသည်။
ထို့အပြင် သမာဓိ လမ်းတစ်ခုထဲသွား၍ ၀ိပဿနာ ပညာ ကို အားမထုတ်သူ များကို လမ်းမှားထဲ တစ်ဝဲလည်လည် မနေစေရန် သမာဓိ က နိဗ္ဗာန် မရောက်၊ ပညာ (၀ိပဿနာ) ကသာ နိဗ္ဗာန်ကို ရောက်ပါ တယ်ဟု -- မေတ္တာဖြင့် အစွန်း မရောက်စေရန် ရှင်းလင်း ဟောကြားတော် မူခဲ့ ပါတယ်။
ငါးပါးအာရုံ ကာမဂုဏ်ခံစားတဲ့ အကျင့်ကနိဗ္ဗာန်ရောက်ကြောင်း အကျင့် မဟုတ်ဖူး (မှန်ပါ့ ဘုရား)
ကိုယ်ကိုဆင်းရဲအောင် ညှဉ်းဆဲကျင့်တဲ့ အကျင့်ဟာလဲ (နိဗ္ဗာန်ရောက်ကြောင်း အကျင့်မဟုတ်ပါဘုရား)
အလယ်အလတ် ဆိုတော မဇျွိမပဋိပဒါ ခန္ဓာကပြောတာ ကိုဥာဏ်နဲ့ကြည့်တဲ့ အလုပ်သာလျှင်-
နိဗ္ဗာန်ရောက်ကြောင်း အကျင့် (မှန်ပါ့ဘုရား)၊ ရှင်းပြီလား (ရှင်းပါတယ် ဘုရား)။
စာရေးတဲ့ ဆရာကလွဲချင် လွဲသွားလိမ့်မယ်။ (မှန်ပါ့ဘုရား)
ခန္ဓာကပြောတာကတော့။ (မလွဲပါဘုရား)
၀ိပဿနာ လုပ်မဲ့ပုဂ္ဂိုလ်မှာ ၀ိပဿနာဥာဏ်နဲ့  မဂ်ဥာဏ် ပဲရှိတယ်။ဖြစ်ပျက်ကို မြင်တဲ့ဥာဏ်က ယထာဘူတဥာဏ်၊ ဖြစ်ပျက်မုန်းတဲ့ ဥာဏ်က နိဗ္ဗိန္ဒဥာဏ်၊ ဖြစ်ပျက်မလိုချင်လို ချုပ်သွားတဲ့ ဥာဏ်က မဂ်ဥာဏ်၊ ဟု မေတ္တာဖြင့် ရှင်းလင်းစွာ မဇျွိမပဋိပဒါ ပညာလမ်း ကို ဟောကြား တော်မူခဲ့ပါတယ်။",4.0,3.0,3.0,4.0,5.0,"The text is a high-quality summary of a Buddhist sermon by the Mogok Sayadaw. It provides clear, structured educational content on Vipassana meditation and the Middle Way. It uses authentic Burmese religious terminology and reflects the traditional teacher-student dialogue format, making it culturally authentic and highly relevant to the target community."
<urn:uuid:83b78235-6ee1-41e5-b427-6c9014d7c2f3>,"Tuesday, January 29, 2019
ဘော် နှင့် ဖေါ်
လူအမည်ကိုမေးတာဆိုရင်တော့ ကိုယ့်သဘောအတိုင်း သုံးလေ့ရှိကြတယ်။ လေးနဲ့မြားက မှန်ပေမဲ့ ဒဂုံရွှေမျှားလို့ ရေးတယ်။ အရင်က နာမည်ကြီးပုဂ္ဂိုလ်အတော်များများ ဘ နဲ့ရေးကြတယ်။ မန်းဘခိုင်၊ ဒီးဒုတ်ဦးဘချို၊ ကာတွန်းဦးဘဂျမ်း၊ ပန်းချီဆရာ ဦးဘဇော်၊ ပန်းချီဆရာ ဦးဘဥာဏ်၊ ပန်းချီဆရာ ဦးဘလုံ၊ ရုပ်ရှင်မင်းသား ဘတင့်၊ အာဇာနည် ဦးဘဝင်း၊ ယာအတွင်းဝန် ဦးဘိုးလှိုင် စသည်။ အမျိုးသားပညာဝန်ဦးဖိုးကျားကတော့ ဖ နဲ့ပေါင်းတယ်။
၂။ လုပ်ဖော်လား လုပ်ဘော်လား ဆရာ မရှင်းလို့။
၃။ ဆရာ အကောင်းဆုံးအဘော်ဖြစ်သည်လို့သုံးတာ အမှန်လားဆရာ။ အဖော် အဘော် ဘယ်ဟာအမှန်ပါလဲဆရာ။
၄။ အဖော်ကိုလဲ အဘော်လို့ရေးထားတယ်နော် ဆရာ အဲ့ဒါလေးလဲအချိန်ရရင် ရှင်းပြပေးပါအုံးဆရာ။
၅။ မင်္ဂလာပါဆရာရှင့်။ လုပ်ဖော်ကိုင်ဖက်၊ လုပ်ဘော်ကိုင်ဖက်၊ လုပ်ဖော်ကိုင်ဘက်၊ လုပ်ဘော်ကိုင်ဘက်၊ ဘယ်ဟာ အမှန်ဆိုတာ သိပါရစေရှင့်။
၆။ မင်္ဂလာပါဆရာ။ အပျိုဘော်ဝင်လို့ သုံးထားတာတွေ့တယ်ဆရာ။ တော်တော်များများနေရာတွေမှာ အပျိုဖော်ဝင်ဆိုပြီး သုံးတတ်ကြတယ်။ ဘယ်ဟာက အမှန်လည်းပြောပြပေးပါဆရာ။
ဘော်
ရဲဘော်
လူဘော်မဝင်
ဝသီဘော်ငါးပါး
အပျိုဘော်ဝင်သည်
အယ်ဒီတာအာဘော်
အာဘော်
အာနုဘော်
အပေါင်းအဘော် = အပေါင်းအဖေါ်
ဆေးဘော်ကြောဘက်
ဒွေးဘော်
ဘော်တွင်း
ဘော်ဖြူငွေရွက်
ဘော်လီဘော
ဘော်ဝါ
ဘော်ငွေ
ရွေဘော်တသင်း
ဖေါ်
တဖေါ်နှစ်ဖေါ်
အပေါင်းအဖေါ်
ဆေးဖေါ်သည်
ဆွေမျိုးပေါက်ဖေါ်
ပေါ်အောင်ဖေါ်
ဖေါ်ထုတ်သည်
ဖေါ်ပြသည်
ဖေါ်လံဖါးသည်
ဖေါ်လှစ်ပြသည်
ဖေါ်ကောင်သက်သေ
ဖေါ်ဖေါ်ရွေရွေ
ဖေါ်ပြောသည်
ဖေါ်ရွေသည်
ဖော်ကျူး
ဖော်စပ်
ဖော်ထုတ်
ဖော်ပြသည်
ဖော်ရွေသည်
ဖော်ညွှန်းသည်
ဖေဖေါ်ဝါရီလ
အဲဒီအသုံးက နောက်ပေါ်ဖြစ်တယ်။ အရင်ထုတ်သတ်ပုံကျမ်းတွေမှာမပါ။ နောက်ထုတ်သတ်ပုံစာအုပ်မှာ လုပ်ဖေါ်ကိုင်ဖက်လို့ ရေးတယ်။ အပေါင်းအဖေါ်နဲ့ ဆက်တွေးယူတာဖြစ်ပါမယ်။ ဖက်တွဲ၊ ဖက်လဲတကင်းနဲ့ ရဲဘော်လို့ ရေးတာမို့ ကျွန်တော်ကတော့ လုပ်ဘော်ကိုင်ဖက်လို့လည်း ရေးပါတယ်။ ကျွန်တော် မှားချင်လည်းမှားမယ်။
အပျိုဘော်ဝင်စ မိန်းကလေးတယောက် သူ့အဖေါ်နဲ့ ဈေးဝယ်သွားတယ်။ ကန်တော့ပါ။ ကန်တော့ပါ။ ကွန်ဒွမ်ကို အဖေါ်လို့ ပြောနေကြတယ်။ ဖော်နဲ့ ဖေါ်လည်း အတူတူသာဖြစ်တယ်။
ဒေါက်တာတင့်ဆွေ
ဆရာ ရနံ့ နဲ့ အနံ့ကို ဘယ်လိုသုံးပါလဲ ရှင်းပြပေးပါ။ ရနံ့ထုံသင်းလို့ ကဝိဓဇသတ်ပုံကျမ်းမှာပါတယ်။ အနံ့ကတော့ အ ထည့်လို့ နာမ်စာလုံးဖြစ်လာတဲ့ အနံ...",4.0,3.0,3.0,4.0,5.0,"The document provides valuable linguistic guidance on Burmese spelling and usage, specifically distinguishing between 'ဘော်' and 'ဖော်'. It is educational, coherent, and reflects authentic cultural linguistic debates. It is well-structured as a Q&A format, though it contains some informal conversational elements and minor formatting artifacts typical of web-based Q&A."
<urn:uuid:5b06bc2a-b9b8-4af9-a8b6-9ed4d4c37a29>,"တစ်နှစ်အောက်မှာ တိုက်ကျွေးနိုင်ရာ ဆေးအစာ
သတ္တုဓာတ်၊ သက်စောင့်ဓာတ် တွေပါတဲ့ အားဆေးတွေဟာ ကလေးတိုင်းကို တိုက်ကျွေးစရာမလိုပါဘူး။ အထူးသဖြင့် မွေးပြီး တစ်နှစ်အတွင်း ကလေးတစ်ယောက်အတွက်တော့ အမေကလည်း အာဟာရပြည့်ပြည့်ဝဝစားသုံးမယ်၊ ကလေးကလည်း နို့ကောင်းကောင်းစို့နိုင်တယ်၊ မွေးရာပါ ရောဂါ၊ ကူးစက်ရောဂါမရှိဘဲ ကျန်းမာတဲ့ ကလေးဖြစ်တယ် ဆိုရင်ပေါ့။ အဲဒီအရွယ်လေးတွေက အသက် ၆လအထိဟာ မိခင်နို့တစ်မျိုးတည်းနဲ့လုံလောက်ပြီး ကျန် ၆လက ဖြည့်စွက်စကျွေးတဲ့အရွယ်တွေ ဆိုတော့ အစားအသောက်တွေက သူ့အတွက် သိပ်မလိုအပ်တဲ့အပြင် အချို့အစာတွေက ဘေးတောင်ဖြစ်တတ်တယ်လေ။
သို့ပေမယ့် ဆေးရုံမှာမွေးတဲ့ မွေးကင်းစကလေးတွေကို မွေးကင်းစ သွေးထွက်တဲ့ရောဂါ ကာကွယ်ဖို့ ဗီတာမင် ကေ ကိုတော့ ထိုးပေးနေကြပါပြီ။ ဒါ့အပြင် ဗီတာမင် ဒီကိုပါ အချို့နိုင်ငံကြီးတွေမှာ တိုက်ကျွေးနေသည်ကို တွေ့ရပါပြီ။ အချို့ လမစေ့၊ ပေါင်မပြည့် ကလေးတွေ နဲ့ အချို့ ပြဿနာရှိတဲ့ကလေးတွေမှာ လိုအပ်သလို တိုက်ကျွေးရတာမျိုးလဲ ရှိပါတယ်။
ကဲ ဒါဆို ကလေးတစ်ယောက် ဘာလို သတ္တုဓာတ်တွေ သက်စောင့်ဓာတ်( ဗီတာမင်)တွေ လိုလဲ ကြည့်ကြရအောင်။
ကလေးတစ်ယောက်က ဗီတာမင် အေ၊ ဘီ ဝမ်း၊ ဘီ တူး၊ ဘီ စစ်၊ ဘီ တွဲ၊ ဗီတာမင် စီ၊ ဒီ နှင့် ကယ်လ်ဆီယမ်၊ ဗီတာမင် အီး၊ ဖောလစ်အက်ဆစ်၊ ဗီတာမင် ကေ၊ ဖလိုရွိုက်၊ သံဓာတ်၊ နိုင်ရာဆင်(niacin)၊ ဇင့်၊ အိုမီဂါ ၃ ဖက်တီးအက်ဆစ် စတဲ့ အားဖြည့်ဓာတ်တွေ ကြီးထွားဖွင့်ဖြိုးမှုအတွက် လိုအပ်နေပါတယ်။
အဲဒီဓာတ်တွေ ဘယ်ကရနေသလဲ။
အာဟာရဓာတ်တော်တော်များများဟာ အမေနို့ဆီမှာ အပြည့်အဝပါပြီးဖြစ်တဲ့အတွက် အဓိက အမေကိုသာ ဆိုင်ရာအာဟာရဓာတ်တွေများများ စားစေသင့်ပါတယ်။ ဗီတာမင် ဘီတွေ၊ အေ၊ စီတွေ ပါတဲ့အစားအစာ၊ အားဆေးတွေကို အမေကို အားဖြည့်စားစေတာက ပိုကောင်းပါတယ်။ ကယ်ဆီယမ်၊ သံဓာတ်၊ ဇင့်ဓာတ်တွေဟာ အသက် ၆လအထိ အတွက်တော့ မိခင်နို့နဲ့ လုံလောက်ပေမယ့် ၆လနောက်ပိုင်းမှာတော့ ဖြည့်စွက်စာကနေပါရမှ လုံလောက်တော့တာမို့ ကလေး အသက် ၆လပြည့်တာနဲ့ ဖြည့်စွက်စာကျွေးနိုင်အောင်ကြိုးစားပါ။
ကလေးတွေမှာ နေရောင်ထိတွေ့လေ့မရှိတာကြောင့် ဗီတာမင် ဒီ ချို့တဲ့တာတွေဖြစ်တတ်လို့ ဗီတာမင် ဒီ အားဆေးတိုက်ကျွေးသင့်တယ်လို့ ဖော်ပြထားတာရှိပါတယ်။ တစ်နေ့ကို ဗီတာမင် ဒီ ၄၀၀ IU တိုက်ကျွေးရတတ်ပါတယ်။ သို့သော် မိမိသဘောဖြင့် မတိုက်ဘဲ ဆရာဝန်နှင့် ဆွေးနွေးတိုက်ကျွေးတာ ပိုသင့်လျော်ပါတယ်။
နောက်တစ်ခုကတော့ ဗီတာမင် ကေပါ။ သူကတော့ သွေးခဲစေတတ်အင်အားကောင်းစေပြီး မွေးကင်းစကလေး သွေးထွက်တတ်တဲ့ရောဂါကို ကာကွယ်စေပါတယ်။ ကလေးဟာ မွေးစအချိန်မှာ ကိုယ်တွင်း ဗီတာမင် ကေ နည်းနေတတ်ပါတယ်။ ဒါကြောင့် မွေးမွေးပြီးချင်းမှ ၆နာရီအတွင်း ၀.၅-၁မီလီဂရမ် ထိုးပေးရပါမယ်။ သောက်ဆေးကိုတော့ ပေးလေ့မရှိပါဘူး။ ကလေးတစ်ဦးစီရဲ့ စုပ်ယူမှုအား မတူတာကြောင့် လိုအပ်သလောက် မရမှာစိုးတဲ့အတွက် အသားထိုးဆေးသာ သုံးကြပါတယ်။
ဒါအပြင် အမေက သတ်သတ်လွတ်သာ စားသူဖြစ်မယ်ဆိုရင် ဗီတာမင် ဘီတွဲ၊ သံဓာတ်၊ ကယ်ဆီယမ်၊ ဇင့်၊ အိုမီဂါ ၃ ဖက်တီးအက်ဆစ်တွေ ချို့တဲ့နေနိုင်လို့ သက်ဆိုင်ရာဆရာဝန်နှင့် တိုင်ပင်ပြီး အမေရောကလေးပါ အားဆေးတိုက်ကျွေးသင့်ပါတယ်။
မည်သို့ပင်ဖြစ်စေ ကလေးကို ဗီတာမင် ဒီအားဆေးမှလွဲလို့ အခြားအားဆေးတိုက်ကျွေးခြင်းထက် နို့တိုက်နေတဲ့အမေကို အာဟာရဖြစ်နေအောင် ကျွေးမွေးတိုက်ကျွေးသည်က ကလေးအတွက် အကောင်းဆုံးအားဆေးဖြစ်ကြောင်း ပြောပြပါရစေနော်။
ဒေါက်တာချို(ဆေး ၁)",4.0,3.0,3.0,5.0,5.0,"The text provides accurate, practical health advice for infants and nursing mothers in a clear, educational tone. It explains the necessity of specific vitamins (D, K) and the importance of maternal nutrition. It is well-structured, culturally appropriate for a Burmese audience, and written in natural, professional Burmese language."
<urn:uuid:07b2ee30-d5de-4c76-942e-f770e7c73d09>,"တောင်ပိုင်း သမုဒ္ဒရာကို မဟာ တောင်ပိုင်း သမုဒ္ဒရာ၊ အန္တာတိက သမုဒ္ဒရာ၊ တောင်ဝင်ရိုးစွန်း သမုဒ္ဒရာ စသည်ဖြင့်လည်း ခေါ်ဆိုလေ့ ရှိကြပြီး ကမ္ဘာ့သမုဒ္ဒရာများ၏ တောင်ဘက် အကျဆုံး ရေထုများ ပါဝင်သည်။ ယေဘုယျအားဖြင့် တောင်လတ္တီကျု ၆၀ ဒီဂရီမှစ၍ သတ်မှတ်လေ့ရှိကြပြီး အန္တာတိကကို စက်ဝိုင်းပုံသဏ္ဌာန် ဝိုင်းပတ်နေသော နေရာကို သတ်မှတ်ခြင်း ဖြစ်သည်။ အဓိက သမုဒ္ဒရာဒေသကြီး ၅ ခု အနက်တွင် စတုတ္ထမြောက် အကြီးဆုံး အဖြစ် မှတ်ယူကြသည်။ ထိုသမုဒ္ဒရာဇုန်သည် အန္တာတိကမှ မြောက်ဘက်သို့ စီးဆင်းလာသော ရေအေးများနှင့် အန္တာတိကမြောက်ပိုင်းရှိ ပိုနွေးသော ရေများ ရောနှောပေါင်းစပ်ရာ နေရာ ဖြစ်သည်။
ပထဝီဝင်အများစုက တောင်ပိုင်းသမုဒ္ဒရာ၏ မြောက်ဘက် နယ်နိမိတ် သို့မဟုတ် တည်ရှိမှုကိုပင် သဘောမတူညီကြပေ။ အများစုက ထိုရေထုကို ပစိဖိတ်သမုဒ္ဒရာ၊ အတ္တလန္တိတ် သမုဒ္ဒရာနှင့် အိန္ဒိယသမုဒ္ဒရာ၏ အစိတ်အပိုင်း အဖြစ်သာ မှတ်ယူကြသည်။ အခြားသူများကမူ အန္တာတိကကို ဝိုင်းပတ်စီးဆင်းနေပြီး ရာသီဥတုအလိုက် ပြောင်းလဲမှု ဖြစ်ပေါ်နေသော ရေထု အဖြစ် တောင်သမုဒ္ဒရာကို အခြားသမုဒ္ဒရာများမှ ခွဲခြား စဉ်းစားကြသည်။ ဩစတြေးလျ အစိုးရကမူ ဩစတြေးလျနိုင်ငံ တောင်ပိုင်းကို တောင်ပိုင်းသမုဒ္ဒရာ အဖြစ် မှတ်ယူလေ့ ရှိကြသည်။
အပြည်ပြည်ဆိုင်ရာ ဟိုင်ဒရိုဂရပ်ဖ်ဖစ် အဖွဲ့ (အိုင်အိတ်ချ်အို) က တောင်လတ္တီကျု ၆၀ ဒီဂရီ၏ တောင်ပိုင်းကို သမုဒ္ဒရာ တစ်ခု အဖြစ် သီးသန့် သတ်မှတ်ထားသော ၎င်း၏ ၂၀၀၀ ခုနှစ် သမုဒ္ဒရာ အဓိပ္ပာယ်ဖွင့်ဆိုချက်ကို အတည်ပြုမှု မရယူရသေးပေ။ ၎င်း၏ နောက်ဆုံး ထုတ်ပြန်ထားသော အဓိပ္ပာယ်ဖွင့်ဆိုချက်မှာ ၁၉၅၃ တွင် ဖြစ်သည်။ သို့သော်လည်း အဓိပ္ပာယ်ဖွင့်ဆိုချက် အသစ်ကို အိုင်အိတ်ချ်အိုနှင့် အခြား အဖွဲ့အစည်းများက အသုံးပြုလျက် ရှိကြသည်။
အန္တာတိကတိုက်ကို ဝန်းရံလျက်ရှိ သော သမုဒ္ဒရာကို အန္တာတိတ်သမုဒ္ဒရာ ဟုခေါ်သည်။ အချို့ပထဝီဝင်ပညာရှင်တို့ကမူ အန္တာတိတ်သည် သမုဒ္ဒရာတစ်စင်း သက်သက်မဟုတ်ဘဲ အတ္တလန္တိတ်၊ ပစိဖိတ်နှင့် အိန္ဒိယသမုဒ္ဒရာ တို့၏ တောင်ဘက်ဆုံးအပိုင်းဖြစ်သည်ဟု ဆိုကြလေသည်။ အန္တာတိတ်သမုဒ္ဒရာသည် အပိုင်းအခြားမရှိသောရေပြင် တစ်ပြင်တည်းဖြစ်၍ကျယ်ဝန်းသည်။ အမျိုးမျိုးဖြစ်သည်။ တောင် အမေရိကတိုက်၏ တောင်ဘက်ဆုံးအစွန်းဖြစ်သော ကိပ်ဟွန်း အငူ၏အလွန်တွင် မိုင် ၆ဝဝ မျှသာကျယ်ဝန်း၍ အာဖရိက တိုက်၏ တောင်ဘက်စွန်းဖြစ်သော ကိပ်အဂါးလတ်အငူ၏ အလွန်တွင်မူ မိုင်ပေါင်း ၂,၄ဝဝ ခန့်ကျယ်လေသည်။ နေရာအမျိုးမျိုးတွင် ရေအတိမ်အနက်လည်း အမျိုးမျိုး ဖြစ်သည်။ ရော့စပင်လယ်အတွင်းရှိ တောင် ဂျော်ဂျီယာကျွန်း၏ ဝန်းကျင်တွင် ပင်လယ်ရေပြင်၏ အောက်မြေပြင်သို့မရောက်မီ ပင် အလံ ၄,ဝဝဝ (၂၄,ဝဝဝပေ) ခန့်နက်သည်ကို တွေ့ရသည်။ ဩစတြေးလီးယားတိုက်၏ တောင်ဘက်၊ အန္တာတိတ်စက် ဝန်းမျဉ်းအနီးတွင် အလံ ၁,၃ဝဝ (၇,၈ဝဝ ပေ)မှ အလံ ၁ယ၉၅ဝ (၁၁,၇ဝဝ ပေ) အထိနက်သည်။ အန္တာတိကတိုက်၏ ကမ်းခြေ ဘက်သို့နီးကပ်လေ ရေပြင်သည် တိမ်လိုက်လာလေ ဖြစ်၍၊ တဖြည်းဖြည်း သောင်များလည်းထွန်းလာသည်။ ထို့ကြောင့် ကမ်းခြေတစ်ဝိုက်အချို့နေရာများတွင် အလံ ၅ဝဝ (ပေ ၃,ဝဝဝ) မှ အချို့နေရာတွင် အလံ ၃ဝဝ (ပေ ၁,၈ဝဝ)၊ အချို့နေရာ တွင်အလံ ၂ဝဝ (ပေ ၁,၂ဝဝ) မျှသာနက်ကြောင်း တွေ့ရလေသည်။
အန္တာတိတ်သမုဒ္ဒရာ၌ အဓိက ပင်လယ်ရေစီးကြောင်း တစ်ခုသာရှိသည်။ ထိုရေစီးကြောင်းသည် တောင်အမေရိကတိုက် သို့ ရောက်ရှိသောအခါ နှစ်သွယ်ဖြာ၍ထွက်သည်။ တစ်သွယ် သည် မြောက်ဘက်သို့ဆက်လက်စီးသွားရာ အန္တာတိကတိုက်၏ အရှေ့ဘက်ကမ်းခြေကို တိုက်စီးသွားသည်။ အခြားတစ်သွယ် ကမူ တောင်အမေရိကတိုက်၏ ကိပ်ဟွန်းအငူစွန်းကို ဖြတ်သန်း ၍ အရှေ့ဘက်သို့ ဆက်လက်စီးသွားလေသည်။ အန္တာတိကတိုက်၏ကမ်းခြေမှ ပဲ့၍ပြတ်ထွက်လာသော ရေခဲတောင်ကြီးများစွာတို့သည် အန္တာတိတ် ရေပြင်ထက်ဝယ် မျောလျက်ရှိကြသည်။ အချို့သော ရေခဲတောင်ကြီးများသည် စတုရန်းမိုင်တစ်ရာကျော်ကျယ်ဝန်း၍ အချို့မှာ ပေတစ်ထောင်မျှ အထူရှိသည်ကို တွေ့ရလေသည်။ ရေပြင်ကျယ်ကြီး၏ မျက်နှာ ပြင် အပူချိန်သည် ဖာရင်ဟို်က် ၂၉ ့၈ ဒီဂရီဖြစ်၍ ရေပြင်၏ အောက်ဘက်တွင်မူ ၃၂ ဒီဂရီမှ ၃၅ ဒီဂရီ အထိရှိလေသည်။ အန္တာတိကတိုက်ကိုဝန်းရံလျက်ရှိ၍ အန္တာတိတ်သမုဒ္ဒရာ ၌ပါဝင်သော ရော့စပင်လယ်၊ ဝက်ဒယ်ပင်လယ်စသော ရေပြင် ကျယ်ကြီးများတွင် ဝေလငါးကြီးအမျိုးမျိုး၊ ပင်လယ်ဖျံကြီး အမျိုးမျိုးတို့ဖြင့် ပြည့်နှက်လျက်ရှိသည်။ ထိုငါးကြီးများ၏အစာ ဖြစ်သော ငါးများ၊ ထိုငါးများ၏ အစာဖြစ်သော ရေပိုးရေမွှား ကလေးများလည်းရှိသည်။ အချို့ဝေလငါးသည် အာတိတ်ဒေသမှ ငါးမျိုးနှင့်တူ၍ အချို့မှာမူ အန္တာတိကဒေသ၌သာ တွေ့ရသော အမျိုးအစားများဖြစ်လေသည်။ ဝေလငါးကြီးများပေါများသဖြင့် ဗြိတိန်နှင့်နော်ဝေး စသောနိုင်ငံများမှ အန္တာတိတ်သမုဒ္ဒရာရေ ပြင်သို့ လာရောက်၍ ဝေလငါးဖမ်းသည့်လုပ်ငန်းကို ကြီးကြီး ကျယ်ကျယ်လုပ်ကိုင်ကြလေသည်။[၁]
ကိုးကား[ပြင်ဆင်ရန်]
- မြန်မာ့စွယ်စုံကျမ်း၊ အတွဲ(၁၅)",5.0,3.0,3.0,4.0,4.0,"The text is a high-quality, encyclopedic entry suitable for middle-school education. It provides factual, structured information about the Southern Ocean, including geography, oceanography, and ecology. It is written in natural, formal Burmese, though it contains minor boilerplate from a wiki-style source (references section)."
<urn:uuid:6b7db468-7a18-46fb-bccd-1a938f796e92>,"ယခင်အဆက်.....
အချို့ဘာသာခြားများက ပြောကြသည်။ `ဗုဒ္ဓဘာသာဆိုတာ နတ်ပြည်နဲ့မြှောက်၊ ငရဲနဲ့ခြောက်ပြီး အလှူခံနေတဲ့ဘာသာပါကွာ´ဟူ၍။ အမှန်အားဖြင့် ဗုဒ္ဓမြတ်စွာသည် သတ္တ၀ါတို့၏ စရိုက်အားလျှော်စွာ ဒါနနှင့်စပ်သောတရား၊ သီလနှင့်စပ်သောတရား၊ ပညာ(သမထ၊ ၀ိပဿနာ)နှင့်စပ်သောတရားတို့ကို ဟောကြားခဲ့ခြင်းဖြစ်သည်။ အမြဲတမ်း အလှူခံတရားကိုချည်း ဟောနေသည်မဟုတ်ပါ။ အထက်ပါ ဟောကြားချက်အရလည်း ဗုဒ္ဓမြတ်စွာသည် မည်မျှကြီးကျယ်သောအလှူဖြစ်စေကာမူ အောက်ထစ်ဆုံး ဘာသာရေးလုပ်ငန်းတစ်ခုအနေဖြင့် သတ်မှတ်ဟောကြားတော်မူခဲ့သည်ကို ဗုဒ္ဓဘာသာဝင်တို့ မှတ်သားသင့်ပါသည်။
ပြည်တွင်းက လူငယ်လေးတစ်ယောက်က `ဦးဇင်းဘုရား ပြည်တွင်းက ဘုန်းကြီးတွေက ဒါနတရား၊ သီလတရားတွေချည်းပဲ ဟောနေကြတယ်ဘုရား၊ အဲဒီတော့ လူတွေက အလှူအတန်းလေးလုပ်ပြီး ဗုဒ္ဓဘာသာရဲ့အနှစ်သာရ တရားအားထုတ်ဖို့တော့ မေ့ကုန်ကြပြီဘုရား´ဟု ဆိုပါသည်။ `အမှန်က သမထ၊ ၀ိပဿနာတရားတွေကို ဘုန်းကြီးတွေ မဟောတာ မဟုတ်ဘူး၊ ဟောထားတာမှ အများကြီး ဒကာလေး၊ ဒါပေမယ့် ခက်တာက အဲဒီတရားတွေကို နာရကောင်းမှန်း၊ သမထ၊ ၀ိပဿနာတရားဟောတဲ့ဘုန်းကြီးတွေကိုတော့ ကြည်ညိုရကောင်းမှန်းမသိ ဖြစ်နေကြတာ´ဟု ပြန်ပြောရပါသည်။ ဗုဒ္ဓမြတ်စွာ၏ အထက်ပါ အဆင့်ဆင့်ဟောကြားချက်လေးကို တစေ့စေ့တွေးပြီး ဗုဒ္ဓဘာသာ၏ တကယ့်လမ်းမှန်ကို မြင်အောင်ကြည့်ကြစေလိုပါသည်။
(၇)
ကူဋဒန္တပုဏ္ဏား ဥပါသကာအဖြစ် လျှောက်ထားခြင်း
ကူဋဒန္တပုဏ္ဏားသည် မြတ်စွာဘုရာအား ဤစကားကို လျှောက်၏ - ''အသျှင်ဂေါတမ တရားတော်သည် အလွန်နှစ်သက်ဖွယ် ရှိပါပေ၏၊ အသျှင်ဂေါတမ တရားတော်သည်အလွန်နှစ်သက်ဖွယ် ရှိပါပေ၏၊ အသျှင်ဂေါတမ မှောက်ထားသည်ကို လှန်ဘိသကဲ့သို့လည်းကောင်းဖုံးလွှမ်းထားသည်ကို ဖွင့်လှစ်ဘိသကဲ့သို့လည်းကောင်း၊ မျက်စိလည်သောလူအား လမ်းမှန် ကိုပြောကြားဘိသကဲ့သို့လည်းကောင်း ' မျက်စိအမြင်ရှိသော သူတို့သည် အဆင်းတို့ကို မြင်ကြလိမ့်မည်'ဟု အမိုက်မှောင်၌ ဆီမီးတန်ဆောင်ကို ဆောင်ပြဘိသကဲ့သို့လည်းကောင်း၊ အသျှင်ဂေါတမ ဤအတူသာလျှင် အသျှင်ဂေါတမသည် များစွာသော အကြောင်းဖြင့် တရားတော်ကို ပြတော်မူပါပေ၏၊ (အသျှင်ဂေါတမ) ထိုအကျွန်ုပ်သည် အသျှင်ဂေါတမကို ကိုးကွယ်ရာဟူ၍ ဆည်းကပ်ပါ၏၊ တရားတော်ကိုလည်း ကိုးကွယ်ရာဟူ၍ ဆည်းကပ်ပါ၏၊ သံဃာတော်ကိုလည်း ကိုးကွယ်ရာဟူ၍ဆည်းကပ်ပါ၏၊ အသျှင်ဂေါတမသည် အကျွန်ုပ်ကို ယနေ့မှစ၍ အသက်ထက်ဆုံး ကိုးကွယ်ဆည်းကပ်သော ဥပါသကာဟု မှတ်တော်မူပါ။
အသျှင်ဂေါတမ ထိုအကျွန်ုပ်သည် (ယဇ်ပူဇော်ရန်) အလို့ငှါ ယဇ်တိုင်သို့ ပို့ဆောင်ထားသောနွားလားခုနစ်ရာတို့ကိုလည်းကောင်း၊ နွားထီးငယ် ခုနစ်ရာတို့ကိုလည်းကောင်း၊ နွားမငယ် ခုနစ်ရာတို့ကိုလည်းကောင်း၊ ဆိတ်ခုနစ်ရာတို့ကိုလည်းကောင်း၊ သိုး ခုနစ်ရာတို့ကိုလည်းကောင်း လွှတ်ပါ၏၊ (ထိုသတ္တဝါတို့အား) အသက်ချမ်းသာခွင့်ကို ပေးပါ၏၊ (ထိုသတ္တဝါတို့သည်) စိမ်းစိုသော မြက်တို့ကိုလည်း စားကြပါစေ၊ အေးမြသော ရေတို့ကိုလည်း သောက်ကြပါစေ၊ ထို (သတ္တဝါ)တို့အား အေးမြ သောလေသည်လည်း တိုက်ခတ်ပါစေ''ဟု လျှောက်၏။
သောတာပတ္တိဖိုလ်ကို မျက်မှောက်ပြုခြင်း
မည်းညစ်ခြင်းကင်းသော ဖြူစင်သော အဝတ်သည် ဆိုးရည်ကို ကောင်းစွာ ခံယူသကဲ့သို့ ကူဋဒန္တပုဏ္ဏားအား ထိုနေရာ၌ပင်လျှင် ''ဖြစ်ခြင်းသဘောရှိသော တရားအလုံးစုံသည် ချုပ်ခြင်း သဘောရှိ၏''ဟု ကိလေသာမြူအညစ်အကြေးမှ ကင်းသော တရားမျက်စိ ' သောတာပတ္တိမဂ်ဉာဏ်' သည် ဖြစ်ပေါ်၏။ ထိုအခါ ကူဋဒန္တပုဏ္ဏားသည် တရားကို မြင်ပြီးသည်ဖြစ်၍ မြတ်စွာဘုရားအား ''အသျှင်ဂေါတမသည် ရဟန်းသံဃာနှင့်အတူ နက်ဖြန်အဖို့ အကျွန်ုပ်၏ ဆွမ်းကို့လက်ခံတော်မူပါ''ဟု လျှောက်၏၊ မြတ်စွာဘုရားသည် ဆိတ်ဆိတ်နေခြင်းဖြင့် လက်ခံတော်မူ၏။ ကူဋဒန္တပုဏ္ဏားသည် မြတ်စွာဘုရား၏ လက်ခံတော်မူခြင်းကို သိ၍ နေရာမှထကာမြတ်စွာဘုရားကို ရှိခိုးလျက် အရိုအသေပြုပြီးလျှင် ဖဲခွါသွားလေ၏။
ကူဋဒန္တပုဏ္ဏားသည် ထိုညဥ့်လွန်မြောက်ပြီးနောက် မိမိ၏အလှူ (ယဇ်) ဝင်း၌ မွန်မြတ်သောခဲဖွယ် ဘောဇဉ်ကို စီမံစေပြီးလျှင် ''အသျှင်ဂေါတမ အချိန်တန်ပါပြီ၊ ဆွမ်း ပြင်ပြီးပါပြီ''ဟုမြတ်စွာဘုရား အား အချိန် (တန်ကြောင်း) ကို လျှောက်စေ၏။ မြတ်စွာဘုရားသည် နံနက်အချိန်၌ (သင်္ကန်းကို) ပြင်ဝတ်တော်မူ၍ သပိတ်သင်္ကန်းကိုယူလျက် ကူဋဒန္တပုဏ္ဏား၏ အလှူ (ယဇ်) ဝင်းသို့ ချဉ်းကပ်တော်မူပြီးလျှင် ပြင်ထားသော နေရာ၌ရဟန်းသံဃာနှင့် အတူ ထိုင်နေတော်မူ၏။ ကူဋဒန္တပုဏ္ဏားသည် မြတ်စွာဘုရားအမှူးရှိသော ရဟန်းသံဃာကို မွန်မြတ်သော ခဲဖွယ်ဘောဇဉ်ဖြင့် ရောင့်ရဲသည့်တိုင်အောင် တားမြစ်သည့် တိုင်အောင် မိမိကိုယ်တိုင် လုပ်ကျွေး၏။ မြတ်စွာဘုရား ဆွမ်းစားပြီး၍ သပိတ်မှလက်ကို ဖယ်ပြီးသောအခါ ကူဋဒန္တပုဏ္ဏားသည် နိမ့်သောထိုင်စရာ တစ်ခုကို ယူ၍ တစ်ခုသော နေရာ၌ ထိုင်၏။
တစ်ခုသော နေရာ၌ ထိုင်နေသော ကူဋဒန္တပုဏ္ဏားအား မြတ်စွာဘုရားသည် တရားစကားဖြင့် (အကျိုးစီးပွားကို) သိမြင်စေလျက် (တရားကို) ဆောက်တည်စေကာ (တရားကျင့်သုံးရန်) ထက်သန်စေ၍ရွှင်လန်းစေပြီးလျှင် နေရာမှ ထကာ ဖဲခွါကြွသွားတော်မူလေသတည်း။
ဆက်လက်ဖော်ပြပါမည်.....",4.0,3.0,3.0,4.0,5.0,"The text provides a clear, educational explanation of Buddhist concepts, specifically addressing misconceptions about merit-making versus practice. It uses a narrative from the Kutadanta Sutta to illustrate these points. The language is natural, culturally authentic, and well-structured, though it contains some minor boilerplate markers like 'continued' at the start and end."
<urn:uuid:48432f7c-46dc-49ea-8b4d-98e5504922bd>,"နိုင်ငံရေးနှင့် ကိုယ်ကျင့်တရားကို သီးခြားစီခွဲလျက်ထားရန် ဆန္ဒရှိသူတို့သည် ယင်းနှစ်ရပ်စလုံးကို မည်သည့်အခါမျှ နားလည်လာမည်မဟုတ်ဟု ပြင်သစ်တွေးခေါ်ရှင် ရူးဆိုးက ဆိုသည်။ နိုင်ငံရေးကျင့်သုံးမှုသည် ရိုးသားမှုနှင့်ပတ်သက်သော အရေးပါသည့်အရာများနှင့် ညီညွတ်ရမည်ဖြစ်သည်။ သို့သော် နိုင်ငံရေးသမားတစ်ဦး၌ မည်သည့်အရာများသည် ရိုးသား၍ မည်သည့်အရာများသည် မရိုးသားသနည်းဟူ၍လည်းကောင်း၊ နိုင်ငံရေး သမားတစ်ဦးအနေဖြင့် လုံးဝရိုးသားမှု ရှိနိုင်ပါမည်လားဟူ၍လည်းကောင်း မေးခွန်းများ ပေါ်ထွက်လာသည်။ ယင်းမေးခွန်းများသည် ဒီမိုကရေစီ၏ အချက်အချာ ဖြစ်လာသည်။
နိုင်ငံရေးဆိုင်ရာ မရိုးသားမှုသည် အသွင်အမျိုးမျိုးဖြင့် ပေါ်ထွက်လာနိုင်သည်။ တစ်မျိုးမှာ မရိုးသားသူတစ်ဦးအဖြစ် စတင်ပေါ်ထွက်လာသည့် ပုံစံမျိုးဖြစ်သည်။ မည်ကဲ့သို့သော ပုဂ္ဂိုလ်မျိုးသည် မည်သည့်အခြေအနေရပ်တွင်မဆို မရိုးသားသော ခေါင်းဆောင်၊ မရိုးသားသော သဘောတရားရေးရာဆရာနှင့် မရိုးသားသော သံတမန်များဖြစ်ကြသည်။ အခြားတစ်မျိုးမှာ အလေးအနက်မရှိသူမျိုးဖြစ်သည်။ ထုံထိုင်းကာ အပျော်တမ်းဆန်သူမျိုး ဖြစ်သည်။ ယင်းကဲ့သို့သောပုဂ္ဂိုလ်မျိုး၏ လုပ်ရပ်များသည်လည်း ၎င်းက ချဉ်းကပ်ရန် ရည်ရွယ်သော အကျိုးစီးပွားများကို ထိခိုက်စေသည်။
အခြားတစ်ဖက်တွင်လည်း နိုင်ငံရေးဆိုင်ရာ လောင်းကစားသမားများဟု ခေါ်ဆိုနိုင်သူများ ရှိသည်။ ၎င်းတို့သည် မိမိတို့၏ ကျွမ်းကျင်မှုကို မကောင်းသောနေရာ၌ အသုံးပြုကြသူများဖြစ်သည်။ ၎င်းတို့သည် ကျွမ်းကျင်သူများဖြစ်သော်လည်း ရက်စက်တတ်ပြီး လူသားဆန်သောစိတ် မရှိဘဲ မိမိအား ဝေဖန်တုံ့ပြန်မှုများကို ရှောင်ရှားတတ်ကြသည်။ ယင်းကဲ့သို့သော ပုဂ္ဂိုလ်များကို ပြဿနာရှာသူများဟု ခေါ်ဆိုနိုင်ပြီး မည်ကဲ့သို့သော အန္တရာယ်ရှိသည်ဖြစ်စေ၊ အခြားသူများအား မည်မျှထိခိုက်နိုင်သည်ဖြစ်စေ ၎င်းကိုယ်တိုင်၏ ဘ၀တိုးတက်ရေး ရည်မှန်းချက်များနောက်သို့သာ လိုက်တတ်ကြသည်။
အခြားအစွန်းရောက်သောပုဂ္ဂိုလ် အမျိုးအစားတစ်ရပ်ရှိသေးသည်။ ယင်းမှာ တုံးအသော၊ စိတ်ကူးယဉ်ဆန်လွန်းသော၊ သူရဲကောင်းဆန်သည့် စတန့်များ လုပ်ပြသောသူများဖြစ်ပြီး ၎င်းတို့သည်လည်း မရိုးသားသူများပင်ဖြစ်သည်။ ၎င်းတို့သည် မိမိတို့အား သူတော် စင်ဟုလည်းကောင်း၊ သူရဲကောင်းဟုလည်းကောင်း မှတ်ယူအောင် နေတတ်ကြသည်။ သို့သော် သမိုင်းသည် စိတ်ကူးယဉ်စရာကိစ္စ မဟုတ်သောကြောင့် နိုင်ငံရေးသမား၏ အတ္ထုပ္ပတ္တိသည် သူတော်စင်တစ်ဦးနှင့် တူမည်မဟုတ်ပါ။ နိုင်ငံရေးသမားသည် သူတော်စင်မဟုတ်ဘဲ နိုင်ငံရေးသမားသာ ဖြစ်သောကြောင့် လုပ်သင့်လုပ်ထိုက်သည့် အရာများကို လုပ်ရမည့်သူသာဖြစ်သည်။ အတိုချုပ်အားဖြင့် ရိုးသားသော နိုင်ငံရေးသမားတစ်ဦးသည် မူဝါဒသဘောတရားများအပေါ် တည်ဆောက်ထားသည့် လက်တွေ့ဆန်မှုနောက်သို့သာ လိုက်ပြီး အမြဲတမ်း အပြုသဘောဆောင်သည့် သဘောထားရှိသော်လည်း မနှစ်မြို့ဖွယ်အရာများကို ထုတ်ပြောရဲသည့် သတ္တိရှိသည်။
အမှန်တကယ် အုပ်ချုပ်စေခြင်းသည် နိုင်ငံရေးဆိုင်ရာ ရိုးသားမှုအတွက် အကောင်းဆုံးသော စမ်းသပ်ချက်ဖြစ်တတ်သည်။ ဒီမိုကရေစီနိုင်ငံများတွင် နိုင်ငံရေးသမားများသည် အတိုက်အခံများအနေဖြင့် အာဏာရှိစဉ် ထိရောက်အောင် ဆောင်ရွက်နိုင်စွမ်းမရှိကြောင်း သက်သေပြရန်အတွက် အခြားသူများကို ဝေဖန်ရန် လိုအပ်သည်။ သို့မှသာ မဲဆန္ဒရှင်များအနေဖြင့် မရိုးသားသူများကို မဲဆန္ဒပေးရာ၌ အပြစ်ပေးနိုင်မည် ဖြစ်သည်။ ရိုးသားသော နိုင်ငံရေးသမားတစ်ဦးအတွက် အခက်ခဲဆုံးစမ်းသပ်ချက်တစ်ရပ်သည် လူကြိုက်မများသော်လည်း မှန်ကန်သော အဆိုတစ်ရပ်ကို ခုခံကာကွယ်ရမည့်အချိန်၌ ဖြစ်ပေါ်လာသည်။ ယင်းစမ်းသပ်ချက်ကို မည်သည့်နိုင်ငံရေးသမားမျှ မကြုံလိုပါ။ အထူးသဖြင့် ရွေးကောက်ပွဲများ နီးချိန်၌ဖြစ်သည်။ သို့သော် မရိုးသားသည့် နိုင်ငံရေးသမားသာလျှင် နိုင်ငံရေးကို လူကြိုက်များမှုနှင့် ချိန်ညှိတတ်ကြသည်။
မည်သို့ပင်ဆိုစေကာမူ နိုင်ငံတစ်နိုင်ငံ ဖွံ့ဖြိုးတိုးတက်မှုသည် ယင်းနိုင်ငံရှိ နိုင်ငံရေး သမားအများစု နိုင်ငံရေးအရ မည်မျှရိုးသားသနည်းဟူသည်နှင့် တိုက်ရိုက်အချိုးကျနေ မည်ဖြစ်ပါကြောင်း The Daily Eleven သတင်းစာက ရေးသားအပ်ပါသည်။
(စက်တင်ဘာလ ၈ ရက်နေ့ထုတ် The Daily Eleven သတင်းစာ အယ်ဒီတာ အာဘေ်ာ)",4.0,4.0,3.0,5.0,4.0,"The text is a well-structured editorial discussing political ethics and integrity. It provides clear, logical arguments about the nature of political honesty and the challenges faced by politicians. The language is formal, natural, and culturally appropriate for a Burmese readership, reflecting the style of a serious newspaper editorial."
<urn:uuid:d68a2ce3-0064-4712-b869-2a1ba39414ae>,"ရကိုင့်အမျိုးသားအဖွဲ့ချုပ် – ULA/AA
|စတင်ဖွဲ့စည်းသည့် နေ့စွဲ – ၁၀ ဧပြီ ၂၀ဝ၉ ရုံးချုပ် – KIO ထိန်းချုပ်နယ်မြေ၊ ကချင်ပြည်နယ်


လှုပ်ရှားရာ နယ်မြေ – ကချင်ပြည်နယ်၊ ရှမ်းပြည်နယ် မြောက်ပိုင်း၊ ချင်းပြည်နယ် ပလက်ဝနှင့် ရခိုင်ပြည်နယ်တစ်ဝန်းလုံး
အင်အား – ၃၀ဝ၀ဝ အထက်
စစ်ဦးစီးချုပ် – ဗိုလ်ချုပ်ထွန်းမြတ်နိုင်
ဒု-စစ်ဦးစီးချုပ် – ဒေါက်တာညိုထွန်းအောင်
အတွင်းရေးမှူး – ၁ – ဗိုလ်မှူးကြီး ကျော်ဟန်
၂၀၁၁ ခုနှစ် နောက်ပိုင်း ကချင်လွတ်လပ်ရေးတပ်မတော် (KIA) နှင့်အတူ ပူးပေါင်းကာ တပ်မတော်နှင့် တိုက်ပွဲများ စတင်ဖြစ်ပွားလာခဲ့သည့် ULA/AA သည် KIO/KIA ၊ PSLF/TNLA၊ MNDAA တို့နှင့် မဟာမိတ်ဆက်ဆံရေး ရှိသကဲ့သို့ ဦးသိန်းစိန်အစိုးရလက်ထက် ငြိမ်းချမ်းရေးလုပ်ငန်းစဉ် အတွင်း UNFC အဖွဲ့ဝင်အနေဖြင့် လိုက်ပါဆောင်ရွက်ခဲ့သော်လည်း NCA လက်မှတ်ရေးထိုးချိန်တွင် တော့ ဦးသိန်းစိန်အစိုးရ၏ ဖယ်ကြဉ်ခြင်းကို ခံခဲ့ရပါသည်။ တစ်ဖက်တွင်လည်း ULA/AA နှင့် တပ်မတော်အကြား တိုက်ပွဲဖြစ်ပွားမှုများသည်လည်း ဆက်လက်ဖြစ်ပွားလာခဲ့ပြီး ၂၀၁၉ ၊ ၂၀၂၀ ခုနှစ်များအတွင်း ULA/AAနှင့် တပ်မတော်အကြား တိုက်ပွဲဖြစ်ပွားမှုသည် အပြင်းထန်ဆုံးအခြေအနေအထိ ရောက်ရှိခဲ့ကာ စစ်ဖြစ်ပွားရာနယ်မြေသည်လည်း ကချင်ပြည်နယ်၊ ရှမ်းမြောက်ဒေသနှင့် ရခိုင်ပြည်နယ်တစ်ဝန်းလုံးအပြင် ချင်းပြည်နယ်၊ ပလက်ဝမြို့နယ်အထိပါ ကျယ်ပြန့်ပြင်းထန်ခဲ့ပါ သည်။
UWSA ဦးဆောင်သည့် FPNCC တွင် အဖွဲ့ဝင်အဖြစ်ပါဝင်ကာ အစိုးရ၊ တပ်မတော်တို့နှင့် ထိတွေ့ဆွေးနွေးမှုများ ပြုလုပ်ခဲ့သော်လည်း တိုက်ပွဲများ လျော့ကျသွားခြင်းမရှိဘဲ နှစ်ဖက်အပစ်ရပ်ရေး ကြန့်ကြာနေသကဲ့သို့ တိုက်ပွဲများလည်း ဆက်လက်ဖြစ်ပွားနေခဲ့ပါသည်။ ၂၀၂၀ ပြည့်နှစ် အထွေထွေရွေးကောက်ပွဲ ကျင်းပချိန်အထိပင် လုံခြုံရေးအရ အာမခံချက်မရှိသည့်အတွက် ရခိုင်ပြည်နယ်အတွင်းမှ မဲဆန္ဒနယ်အချို့ကို ရွေးကောက်ပွဲကျင်းပနိုင်ခြင်း မရှိခဲ့သည်ကို တွေ့ရသည်။ သို့နှင့်တိုင် ရွေးကောက်ပွဲအလွန်ကာလတွင်တော့ ULA/AA နှင့် တပ်မတော်အကြား ရုတ်တရက် တိုက်ပွဲများ ရပ်တန့်သွားခဲ့ပြီး ရွေးကောက်ပွဲ မကျင်းပနိုင်ခဲ့သည့် မဲဆန္ဒနယ်များအား ရွေးကောက်ပွဲပြန်လည် ကျင်းပပေးရေးနှင့် ပတ်သက်ပြီး ပြောဆိုမှုများ ရှိလာသည်ကို တွေ့ရပါသည်။ ULA/AA နှင့် တပ်မတော်အကြား နားလည်မှုဖြင့် အပစ်ရပ်ထားသည်ဟုလည်း သိရပါသည်။
စစ်အာဏာသိမ်းကာလအတွင်း စစ်ကောင်စီတပ်နှင့် ULA/AA အကြား တိုက်ပွဲဖြစ်ပွားမှုအချို့ ပြန်လည်မြင်တွေ့ လာရပြီး ရခိုင်ပြည်နယ်အတွင်း နယ်မြေစိုးမိုးအုပ်ချုပ်ရေးအတွက် စစ်ကောင်စီနှင့် ULA/AA အကြား အားပြိုင်မှုများ ရှိနေပါသည်။ ၂၀၂၁ ဒီဇင်ဘာလ ၁၅ ရက်က ရှမ်းပြည်နယ် အရှေ့ ပိုင်း NDAA အုပ်ချုပ်သော မိုင်းလားမြို့တွင် မြောက်ပိုင်းမဟာမိတ်အဖွဲ့ဝင်များနှင့် စစ်ကောင်စီ၏ ကိုယ်စားလှယ်များအကြား ပြုလုပ်သည့် အလွတ်သဘော တွေ့ဆုံပွဲသို့ တက်ရောက်ခဲ့သည်ကို တွေ့ရပြီး အမျိုးသားညီညွတ်ရေးအစိုးရ (NUG) ၏ ပူးပေါင်းဆောင်ရွက်ရေး ဖိတ်ခေါ်ခြင်းကို ခံထားရပါသည်။
အပစ်အခတ်ရပ်စဲရေးနှင့် ငြိမ်းချမ်းရေးဖြစ်စဉ်
တရားဝင်ကိုယ်စားလှယ်အဖွဲ့
ဆက်ဆံရေးရုံးများ
မဟာမိတ်အဖွဲ့များ
ဆက်သွယ်ရန်",3.0,3.0,3.0,4.0,5.0,"The text provides a factual, historical overview of the ULA/AA, suitable for secondary education. It demonstrates logical chronological analysis of political and military events. It is written in natural, professional Burmese, using correct terminology and local context, though it ends with some structural boilerplate/headings."
<urn:uuid:a4e45fcd-e426-4a05-b032-299c22316f2d>,"မြန်မာနိုင်ငံမှာရှိတဲ့ တိုင်းရင်းသား လူမျိုးတွေအတွက် နိုင်ငံသား စိစစ်ရေးကတ်ပြားတွေ ပြုလုပ်တဲ့ နေရာမှာ လူဝင်မှု ကြီးကြပ်ရေး ဌာနတွေကနေ တိုင်းရင်းသားလူမျိုး အဖြစ် မဖော်ပြဘဲ မြန်မာလူမျိုးအဖြစ်သာ ရေးသွင်းခြင်း ခံနေရတယ်လို့ ဆိုပါတယ်။ ဒီပြဿနာဟာ အခုကျင်းပမယ့် ရွေးကောက်ပွဲအတွက် တိုင်းရင်းသား ပါတီတွေ အနေနဲ့ လူမျိုးစု လွှတ်တော်ကိုယ်စားလှယ် နေရာရဖို့ အခက်အခဲတွေနဲ့ တွေ့ကြုံနေရတယ်လို့လည်း တိုင်းရင်းသား နိုင်ငံရေး ခေါင်းဆောင်တွေက ပြောပါတယ်။ အပြည့်အစုံကို ဗွီအိုအေ ထိုင်းအခြေစိုက် သတင်းထောက် နိုင်ကွန်းအိန်က တင်ပြပေးထားပါတယ်။
ရွေးကောက်ပွဲမှာ ဝင်ရောက်ယှဉ်ပြိုင်မယ့် ပါတီတွေဟာ သက်ဆိုင်ရာ ပြည်နယ်နဲ့ တိုင်းတွေမှာ နေထိုင်တဲ့ တိုင်းရင်းသားတွေရဲ့ လူဦးရေ အချိုးအစားအလိုက် လူမျိုးစု လွှတ်တော်ကိုယ်စားလှယ်တွေအဖြစ် ပါဝင် အရွေးခံပိုင်ခွင့် ရှိတယ်လို့ အခြေခံဥပဒေက ပြဋ္ဌာန်းထားပါတယ်။ တချို့ ပြည်နယ်နဲ့ တိုင်းတွေမှာကျတော့ သင့်တင့်လျောက်ပတ်တဲ့ လူဦးရေ အချိုးအစား ရှိနေပေမဲ့ အဲဒီအခွင့်အလမ်းတွေ ပယ်ချခံနေရတယ်လို့လည်း မွန်တိုင်းရင်းသား နိုင်ငံရေးပါတီ ခေါင်းဆောင်တွေက ပြောပါတယ်။
ဒီလိုဖြစ်ရတာဟာ မြန်မာ လူဝင်မှု ကြီးကြပ်ရေး ဦးစီးဌာနတွေက နိုင်ငံသား စိစစ်ရေးကတ်ပြား ပြုလုပ်တဲ့နေရာမှာ တိုင်းရင်းသား လူမျိုးတွေကို မြန်မာလူမျိုးအဖြစ်နဲ့ အမည်စာရင်း ရေးသွင်းနေတာကြောင့် ဖြစ်ပါတယ်။ ကချင်ပြည်နယ်အတွင်း နေထိုင်တဲ့ ရှမ်းနီ တိုင်းရင်းသူလေး မနန်းကြာက သူကိုယ်တိုင် တွေ့ကြုံခဲ့တဲ့ အဖြစ်တွေကို အခုလို ပြောပါတယ်။
“ကျမကတော့ ရှမ်းနီလူမျိုးပါ။ ကျမတို့ ဒီမှတ်ပုံတင်တွေ လုပ်တဲ့အခါ ကျမတို့ကို ဘာလူမျိုးလဲဆိုပြီး မေးတယ်ပေါ့နော်။ ကျမတို့က ရှမ်းနီလူမျိုးပေါ့။ မှတ်ပုံတင်ထဲမှာ အရင်တုန်းကတော့ ရှမ်း၊ ဗမာ ဆိုပြီး ထည့်ခွင့်ပေးခဲ့တယ်။ ဒီ ၈၈ နောက်ပိုင်းမှာတော့ မှတ်ပုံတင်အသစ် ပြန်လုပ်တဲ့ အချိန်မှာ ရှမ်းဆိုပြီး ထည့်စရာ မလိုဘူးပေါ့။ မင်းတို့ဟာ ဗမာစကားပဲ တတ်တဲ့အတွက် ဗမာလူမျိုးပဲ ဆိုပြီးတော့ ကျမတို့ မှတ်ပုံတင်မှာ ဗမာဆိုပြီးပဲ ထည့်ခွင့်ရတာပေါ့လေ။”
ဒါ့အပြင် မသိနားမလည်၊ စာမတတ်တဲ့ ရှမ်းနီ တိုင်းရင်းသားတွေကိုလည်း မြန်မာလူမျိုးအဖြစ် စာရင်းသွင်းနေတာကြောင့် မြန်မာလူမျိုးအဖြစ်သာ စာရင်းဝင်နေတယ်လို့လည်း မနန်းကြာက ပြောပါတယ်။ မွန်ပြည်နယ်နဲ့ ကရင်ပြည်နယ်မှာ နေထိုင်ကြတဲ့ ပအိုဝ့်လူမျိုးတွေဟာလည်း အလားတူ ဒီလိုပြဿနာနဲ့ တွေ့ကြုံနေရတယ်လို့ ပအိုဝ့်လူငယ်တဦးက အခုလို ပြောပါတယ်။
“ပအိုဝ့်လူမျိုးတွေပေါ့နော်။ နိုင်ငံသား စိစစ်ရေးကတ်ပြားလို့ ခေါ်တဲ့ မှတ်ပုံတင်ကို ပြုလုပ်တဲ့ နေရာမှာ မွန်ပြည်နယ်နဲ့ ကရင်ပြည်နယ်မှာ ရှိနေတဲ့ ပအိုဝ့်အများစုဟာ အရင်တုန်းကတော့ ပအိုဝ့်လူမျိုးပဲ ထည့်ကြတယ်။ နောက်ပိုင်းမှာဆိုရင် မွန် ပအိုဝ့်၊ ကရင် ပအိုဝ့်ဆိုမှ လူမျိုးနေရာမှာ သူတို့ ထည့်ကြတာများတယ်။ အခု ဘာထပ်ဖြစ်လာလဲဆိုတော့ မွန် ပအိုဝ့်လည်း မဟုတ်တော့ဘူး၊ ကရင် ပအိုဝ့်လည်း မဟုတ်တော့ဘူး။ မြန်မာလို့ သူတို့ထည့်လိုက်တယ်။ ဒါပေမဲ့ ပအိုဝ့်စကားတွေ ပြောပြီးမှ နောက်ပိုင်းမှာဆိုတော့ ပအိုဝ့်လူမျိုးတွေ မဟုတ်တော့ဘဲနဲ့ မြန်မာလူမျိုး၊ အဲဒီလိုမျိုး ဖြစ်သွားတာပေါ့။ အဝါးမျိုခံရတာပေါ့။”
လာမယ့် ရွေးကောက်ပွဲမှာ ဝင်ရောက်ယှဉ်ပြိုင်မယ့် မွန်ဒေသလုံးဆိုင်ရာ ဒီမိုကရေစီ ပါတီဟာလည်း ရန်ကုန်တိုင်း၊ ပဲခူးတိုင်း၊ တနင်္သာရီတိုင်းတွေမှာ လူမျိုးစုအလိုက် တိုင်းရင်းသားရေးရာ ကိုယ်စားလှယ် ရွေးချယ်ခွင့်တွေ ဆုံးရှုံးနေတယ်လို့ ပါတီဝင်တဦးက ပြောပါတယ်။ သတ်မှတ်ထားတဲ့ လူဦးရေ ရှိပေမဲ့လည်း အစိုးရရဲ့ စာရင်းထဲမှာ မွန်လူမျိုး အရေအတွက် မပြည့်ဘူးဆိုပြီး ပယ်ချလိုက်တယ်လို့လည်း ပြောပါတယ်။ ဒီဖြစ်စဉ်ကို မွန်ဒေသလုံးဆိုင်ရာ ဒီမိုကရေစီ ပါတီရဲ့ ဥက္ကဋ္ဌဖြစ်သူ နိုင်ငွေသိန်းကို ဆက်သွယ်မေးမြန်းခဲ့ရာမှာ အခုလို ပြောပါတယ်။
“လူမျိုးအလိုက်ပေါ့။ တိုင်းရင်းသားရေးရာ ဆိုတာ ရှိသေးတယ်။ တိုင်းရင်းသားတွေက ဥပမာ ကရင်ပြည်နယ် တခုလုံးမှာ မွန်က ၅၇,ဝဝဝ ပြည့်ရင် တယောက် ရွေးချယ်ခွင့်ပေးတယ်ပေါ့။ သို့သော်လည်း ကျနော်တို့ ရန်ကုန်၊ ပဲခူး၊ တနင်္သာရီတိုင်းကို မှန်းထားတယ်။ ဒါပေမဲ့ မရဘူး။ မဲစာရင်း သူလုပ်ပြီးသားပဲ။ မွန်ဘယ်လောက် ရှိတယ်၊ ဗမာဘယ်လောက် ရှိတယ်၊ အဲဒီမှာ ထားဝယ်ဘယ်လောက် ရှိတယ်၊ ကရင်ဘယ်လောက် ရှိတယ်ဆိုတာ သူတို့ စာရင်းပြုစုပြီးသားပဲ။ ပြုစုထားပြီးသား ဖြစ်တဲ့အတွက်ကြောင့်မို့လို့ အစိုးရ အဆုံးအဖြတ်နဲ့ပဲ မပြည့်ဘူးလို့ဘဲ ပြောရမှာပေါ့။”
အလားတူ ဒီပြဿနာတွေဟာ တခြား တိုင်းရင်းသား နိုင်ငံရေးပါတီတွေမှာ ရှိနေတယ်လို့လည်း နိုင်ငွေသိန်းက ပြောပါတယ်။ မြန်မာစစ်အစိုးရ အနေနဲ့ တိုင်းရင်းသားတွေရဲ့ စာပေ ယဉ်ကျေးမှု ဖော်ထုတ်ခွင့်တွေကို ရှေးကထက် ပိတ်ပင်မှုတွေ ပိုမိုလုပ်ဆောင်နေတယ်လို့ မြန်မာ့ တိုင်းရင်းသားအရေး လေ့လာသူတွေက ပြောပါတယ်။ နိုဝင်ဘာလမှာ ကျင်းပမယ့် အထွေထွေ ရွေးကောက်ပွဲဟာလည်း တိုင်းရင်းသားတွေ မျှော်မှန်းသလို လူမျိုးစု အခွင့်အရေးတွေ ရရှိဖို့ မလွယ်ဘူးလို့လည်း ဝေဖန် ပြောဆိုမှုတွေ ကျယ်ကျယ်ပြန့်ပြန့် ရှိနေပါတယ်။",3.0,3.0,3.0,5.0,5.0,"The document is a well-structured journalistic report on ethnic identity and political representation in Myanmar. It provides clear, coherent, and factual information suitable for educational purposes. It uses multi-step reasoning to connect administrative registration practices to political outcomes. The language is natural, authentic Burmese, reflecting local socio-political contexts and specific ethnic group concerns."
<urn:uuid:41c0d684-78cc-40ce-b667-24bb96ddfda0>,"1နွေကာလ၌ မိုဃ်းပွင့်ကဲ့သို့၎င်း၊ စပါးရိတ်ရာကာလ ၌ မိုဃ်းရေကဲ့သို့၎င်း၊ မိုက်သောသူသည် ဂုဏ်အသရေကို မခံသင့်။ 2စာငှက်သည် အရပ်ရပ်လှည့်လည်၍၊ ဇရက်သည် လည်း ပျံသွားသကဲ့သို့၊ ထိုနည်းတူ အကြောင်းမရှိသော ကျိန်ဆဲခြင်းသည် မသင့်မရောက်တတ်။ 3မြင်းဘို့နှင်တံ၊ မြင်းဘို့ဇက်ကြိုး၊ မိုက်သောသူ၏ ကျောဘို့ ကြိမ်လုံးသည် သင့်ပေ၏။ 4မိုက်သောသူ၏ သဘောသို့လိုက်၍၊ သူ၏စကား ကို မချေနှင့်။ ထိုသို့ချေလျှင် သူနှင့်တူလိမ့်မည်။ 5မိုက်သောသူ၏ သဘောသို့လိုက်၍ သူ၏စကား ကို ချေလော့။ သို့မဟုတ်၊ သူသည် ဝါကြွားသောစိတ် ရှိလိမ့် မည်။ 6မိုက်သော သူတွင် မှာ လိုက်သောသူသည် ကိုယ်ခြေကို ဖြတ်၍ အကျိုးနည်းရှိ၏။ 7သုတ္တံစကားကို မိုက်သောသူ ပြောခြင်းသည် ခြေဆွံ့သောသူ၏ ခြေကြွခြင်း ကဲ့သို့ဖြစ်၏။ 8မိုက်သောသူကို ချီးမြှောက်ခြင်းသည် ကျောက်ပုံ ၌ ကျောက်မြတ်ကို ပစ်ထားခြင်းကဲ့သို့ ဖြစ်၏။ 9ဆူးသည် ယစ်မူးသောသူ၏လက်ကို စူးသကဲ့သို့၊ သတ္တံစကားသည် မိုက်သောသူ၏ နှုတ်၌ရှိ၏။ 10ကြီးသောသူသည် ခပ်သိမ်းသောသူတို့ကို တုန်လှုပ်စေတတ်၏။ မိုက်သောသူနှင့် ပြစ်မှားတတ် သော သူတို့ကို စေသုံးတတ်၏။ 11ခွေးသည် မိမိအန်ဖတ်ကို ပြန်၍စားတတ်သကဲ့ သို့၊ မိုက်သောသူသည် မိုက်သောအကျင့်ကို ပြန်၍ ကျင့်တတ်၏။ 12ငါသည် ပညာရှိ၏ဟု ထင်သောသူရှိလျှင်၊ ထိုသူ၌ မြော်လင့်စရာအခွင့်ရှိသည်ထက်၊ မိုက်သောသူ၌ သာ၍ မြော်လင့်စရာအခွင့်ရှိ၏။ 13ပျင်းရိသောသူက၊ အိမ်ပြင်မှာခြင်္သေ့ရှိ၏။ လမ်းတို့၌ ခြင်္သေ့ရှိ၏ဟု ဆိုတတ်၏။ 14တံခါးရွက်သည် စရွေး၌လည်သကဲ့သို့ ပျင်းရိ သောသူသည် အိပ်ရာပေါ်မှာ လည်တတ်၏။ 15ပျင်းရိသောသူသည် မိမိလက်ကို အိုး၌သွင်း သော်လည်း၊ တဖန်နှုတ်၍ မိမိပစပ်သို့ ခွံရလျှင် စိတ်ညစ် တတ်၏။ 16ပျင်းရိသောသူက၊ ငါသည် အကျိုးအကြောင်းကို ပြတတ်သောသူ ခုနစ်ယောက်ထက်သာ၍ ပညာရှိသည် ဟု ကိုယ်ကိုထင်တတ်၏။ 17လမ်း၌ရှောက်သွား၍ မိမိမဆိုင်သောအမှုကို ရောနှောသောသူသည် ခွေးနားရွက်ကို ကိုင်ဆွဲသောသူ နှင့်တူ၏။ 18ငါကျီစားရုံမျှသာ ပြုသည်ဟုဆိုလျက်၊ 19မိမိအိမ်နီးချင်းကို လှည့်စားသောသူသည် မီးစ၊ မြှား၊ သေဘေးကို ပစ်တတ်သော အရူးနှင့်တူ၏။ 20ထင်းမရှိလျှင် မီးသေတတ်သကဲ့သို့ ကုန်းတိုက် သော သူမရှိလျှင် ရန်ငြိမ်းတတ်၏။ 21မီးခဲချင်းပြုသကဲ့သို့၎င်း၊ ထင်းသည် မီးကိုမွေး သကဲ့သို့၎င်း၊ ရန်တွေ့တတ်သောသူသည် ခိုက်ရန်မှုကို ပြုစုတတ်၏။ 22ကုန်းတိုက်သော သူ၏စကားသည် မြိန်သော ခဲဘွယ် စားဘွယ်ကဲ့သို့ဖြစ်၍၊ ဝမ်းအတွင်းသို့ဝင်တတ်၏။ 23ချစ်အားကြီးသောနှုတ်နှင့်၊ ဆိုးညစ်သော စိတ် နှလုံးသည် ချော်မွမ်းမံသော အိုးခြမ်းနှင့်တူ၏။ 24အငြိုးထားသောသူသည် နှုတ်ဖြင့်လျှို့ဝှက်၍၊ ကိုယ်ထဲမှာလှည့်စားသော သဘောကို ဝှက်ထားတတ်၏။ 25ထိုသို့သောသူ၏ စကားသည် ချိုသော်လည်း မယုံနှင့်။ သူ၏စိတ်နှလုံးထဲမှာ စက်ဆုပ်ရွံရှာဘွယ်သော အရာခုနစ်ပါးရှိ၏။ 26အငြိုးထားခြင်းကို လှည့်စားခြင်းအားဖြင့် ဝှက် ထားသောသူ၏ ဒုစရိုက်အပြစ်သည် ပရိသတ်ရှေ့မှာ ထင်ရှားလိမ့်မည်။ 27တွင်းတူးသောသူသည် မိမိတွင်းထဲသို့ ကျလိမ့် မည်။ ကျောက်ကို လှိမ့်သောသူအပေါ်သို့ ထိုကျောက် သည် ပြန်၍လိမ့် လိမ့်မည်။ 28မုသားပြောတတ်သောသူသည် မိမိညှဉ်းဆဲ သောသူတို့ကို မုန်းတတ်၏။ ချော့မော့တတ်သော သူသည်လည်း ဖျက်ဆီးတတ်၏။
Proverbs 26",4.0,3.0,3.0,5.0,4.0,"This is a translation of Proverbs 26. It offers significant moral and philosophical instruction suitable for educational contexts. The reasoning involves metaphorical analysis of human behavior. The language is formal, archaic Burmese, reflecting high cultural and linguistic authenticity, though it is a translation of a foreign text."
<urn:uuid:e16286b1-3f26-407c-a7a7-f943ab0e0b8a>,"နာမည်ကသာ လက်သည်းနီဆိုးဆေးပါ။ သူက ဒီနေ့ခေတ်မှာ အနီရောင်တစ်မျိုးတည်း မဟုတ်တော့ပါဘူး။ သင့်စိတ်ကူးထဲက အရောင်တွေအကုန် လက်သည်းဆိုးဆေးတွေ ရှိလာပါပြီ။ သင် အင်္ကျီ ဘာအရောင်ပဲဝတ်ဝတ် အင်္ကျီအရောင်နဲ့လိုက်ပြီးဆိုးဖို့ လက်သည်းဆိုးဆေးတွေ အရောင်စုံ ရရှိနိုင်ပါပြီ။ ဘီစီ ၃၀ဝ၀ လောက်က တရုတ်ပြည်မှာ လက်သည်းဆိုးဆေးတွေ စတင်အသုံးပြုလာတာ ဖြစ်ပါတယ်။ အီဂျစ်နိုင်ငံမှာဆို အထက်တန်းလွှာတွေကသာ လက်သည်းဆိုးဆေး အရောင်ရင့်တွေ ဆိုးခွင့်ရတာဖြစ်ပြီး သာမန်လူတွေက အရောင်ဖျော့တွေပဲ ဆိုးခွင့်ရခဲ့ကြပါတယ်။ ဒီနေ့ခေတ်မှာတော့ လက်သည်းဆိုးဆေးတွေကို လူတိုင်းအလွယ်တကူ ဝယ်ယူရရှိနိုင်ပါပြီ။
ဈေးနှုန်းအရ ကြည့်မယ်ဆိုရင်လည်း သက်သက်သာသာ ရာဂဏန်းနဲ့ ဝယ်လို့ရတဲ့ လက်သည်းဆိုးဆေးတွေရှိသလို ထောင်ချီ၊ သောင်းချီနေတဲ့ လက်သည်း ဆိုးဆေးတွေလည်း ရှိပါတယ်။ ဈေးကြီးတိုင်းလည်း မကောင်းနိုင်သလို ဈေးသက်သာတိုင်းလည်း မကောင်းကြပါဘူး။ ကောင်းတာ၊ မကောင်းတာဆိုတာ အရောင်ထွက်လှတာ၊ မလှတာကို ပြောချင်တာ မဟုတ်သေးပါဘူး။ ကျန်းမာရေးအတွက် ဆိုးကျိုးပေးနိုင်၊ မပေးနိုင်ကို ပြောတာပါ။
လက်သည်းနီဆိုဆေးလေးက လက်သည်းခွံပေါ်ဆိုးတာပဲ၊ ဘာဖြစ်လို့လဲလို့ မေးကောင်းမေးချင်ပါလိမ့်မယ်။ ဒီတော့ လက်သည်း၊ ခြေသည်းတွေ အကြောင်းကနေစပြီး အတိုချုပ်ပြောပြချင်ပါတယ်။
လက်သည်း၊ ခြေသည်းတွေဆိုတာ
လက်သည်း၊ ခြေသည်းတွေကို ကီရာတင်လို့ ခေါ်တဲ့ ပရိုတင်းတွေနဲ့ ဖွဲ့ စည်းထားတာဖြစ်ပါတယ်။ လက်သည်းခွံကို Nail Plate လို့ခေါ်ပြီး လက်သည်းခွံအောက်က အသားကို Nail Bed လို့ ခေါ်ပါတယ်။ လက်သည်းခွံ စပြီးထွက်တဲ့ နေရာအောက်က အသားစပ်နေရာကို Matrix (မက်ထရစ်) လို့ ခေါ်ပါတယ်။ ဒီနေရာက အာရုံကြော၊ Lymph၊ သွေးကြောတွေနဲ့ ဆက်စပ်နေပါတယ်။ ဒီ မက်ထရစ်ကနေ ဆဲလ်အသစ်ဖြစ်ပေါ်ပြီး လက်သည်းတွေ ရှည်လာစေတာပါ။ လက်သည်း၊ ခြေသည်း အရှည်နှုန်းက လူတစ်ယောက်ရဲ့ အသက်အရွယ်၊ အစာ အာဟာရ၊ မျိုးရိုးဗီဇတွေနဲ့ ဆက်စပ်နေပါတယ်။ များသောအားဖြင့် တစ်လကို သုံးမီလီမီတာ ရှည်ပါတယ်။
လက်သည်းဆိုးဆေးတွေက ဘယ်လိုသက်ရောက်နိုင်လဲ
လက်သည်းခွံ၊ ခြေသည်းခွံတွေက စုပ်ယူနိုင်စွမ်းရှိပါတယ်။ ဒီကတစ်ဆင့် ဓာတုပစ္စည်းတွေက စိမ့်ဝင်သွားပြီး ခန္ဓာကိုယ်ထဲကို ရောက်သွားနိုင်ပါတယ်။ ဒါကြောင့် လက်သည်းအားဖြည့်ခရင်ခ်တွေ၊ လက်သည်း လိုးရှင်းတွေ ရှိလာတာပါ။ လက်သည်းဆိုးဆေးတွေထဲမှာ အန္တရာယ်ဖြစ်စေတဲ့ ဓာတုပစ္စည်းတွေနဲ့ ထုတ်လုပ်တဲ့အခါ လက်သည်းခွံတွေကနေ ဓာတုပစ္စည်းတွေ ခန္ဓာကိုယ်ထဲထိ စိမ့်ဝင်သွားနိုင်ပါတယ်။ လက်သည်းနီဆိုး ဆေးထဲမှာ ထည့်သွင်းထုတ်လုပ်တတ်တဲ့ အန္တရာယ်ပြု ဓာတုပစ္စည်းတွေကတော့ ဒိုင်ဗျူတိုင်းသဲလိတ် (Dibutyl phthalate)၊ တောလူရင်း (Toluene)၊ ဖောမယ်လ်ဒီဟိုက် (Formaldehyde) တွေ ဖြစ်ပါတယ်။ ဒိုင်ဗျူတိုင်းသဲလိတ်က အသည်းနဲ့ ကျောက်ကပ်ကို ထိခိုက် စေနိုင်ပြီး ဖော်မယ်လ်ဒီဟိုက်က ကင်ဆာရောဂါ ဖြစ်စေနိုင်ပါတယ်။ တောလူရင်းက ထိတွေ့တာ ကြာတဲ့အခါ အရေပြား ယားယံတာဖြစ်ပြီး သူ့ကို ရှူမိရင် အာရုံကြောထိတာ၊ ခေါင်းမူး၊ ခေါင်းကိုက်တာ၊ အသက်ရှူလမ်းကြောင်း ယားယံတာတွေ ဖြစ်နိုင်ပါတယ်။
ဘယ်လိုသိနိုင်မလဲ
Toxin-free ဆိုပြီးတော့ တံဆိပ်ကပ်ထားတိုင်း တစ်ကယ် Toxin-free မဖြစ်နိုင်ပါဘူး။ သုတေသီတွေက စမ်းသပ်ခဲ့ရာမှာ အဆိပ်ကင်းတယ်ဆိုပြီး တံဆိပ်ကပ်ထားတဲ့ လက်သည်းဆိုးဆေးတွေထဲမှာ အန္တရာယ်ဖြစ်စေတဲ့ ဓာတုပစ္စည်းတွေပါ ဝင်နေတာကို တွေ့ရှိခဲ့ပြီး အဆိပ်ကင်းတယ်ဆိုပြီး တံဆိပ်မကပ်ထားတဲ့ လက်သည်းနီဆိုးဆေးတွေဟာတော့ အန္တရာယ်ဖြစ်စေတဲ့ ဓာတုပစ္စည်းတွေ မပါဝင်တာကို တွေ့ရှိခဲ့ပါတယ်။ ဒါကြောင့် ပုလင်းခွံမှာ ရေးထားတာတွေက ယုံလို့မရနိုင်ပါဘူး။ ဓာတ်ခွဲခန်းကို ပို့ပြီး စစ်ဆေးမှ သိနိုင်မှာ ဖြစ်ပါတယ်။ ဒါကြောင့် လက်သည်းနီဆိုးလိုက်လို့ သင့်လက်သည်းတွေက အရမ်းခြောက်ပြီး ကျိုးပဲ့တာ၊ အဖတ်တွေကွာတာဖြစ်ရင် လက်သည်းဆိုးဆေးတွေကို မဆိုးဘဲ ၁၀ ရက်လောက် ရပ်နားလိုက်ပါ။ နေ့စဉ်မှာ လက်သည်းကို လိုးရှင်းလိမ်းပေးတာ၊ ရေနွေးထဲမှာ ငါးမိနစ်လောက် စိမ်ပေးတာလုပ်ပါ။
ထူးဒါလီကိုကို (MPharm)",4.0,3.0,3.0,5.0,4.0,"The text provides informative, health-conscious content about nail polish safety and anatomy. It uses clear, logical explanations to connect chemical ingredients to health risks. The language is natural, culturally relevant to Burmese readers, and free of noise or formatting issues, making it a high-quality educational piece for a general audience."
<urn:uuid:76a01197-f2ab-4802-9db1-ac9ec8de685b>,"ဟိုးအရင်ခေတ်တွေတုန်းကတော့ မိမွေးဖမွေးအတိုင်း သဘာဝအလှ ကိုယ်စီနဲ့ပါ။ ယနေ့ခေတ်မှာတော့ ပလက်စတစ်ဆာဂျရီ နည်းပညာတွေ တစ်ဟုန်ထိုး တိုးတက်လာပြီး ခေါင်းအစ ခြေအဆုံး ကိုယ်လိုချင်တဲ့ ပုံစံအတိုင်း ပြုလုပ်လာနိုင်ပါပြီ။
နည်းပညာတွေ တိုးတက်လာတဲ့အပေါ် သူ့ရဲ့ ကောင်းကျိုးဆိုးကျိုးတွေကလည်း ယှဉ်တွဲနေပါတယ်။ ယနေ့ခေတ် ရုပ်ရှင်မင်းသား၊ မင်းသမီးတွေထဲမှာလည်း ဆာဂျရီ မလုပ်ထားတဲ့သူဆိုတာ လက်ချိုးရေလို့ ရပါပြီ။ သာမန်ထက် လွန်ကဲတဲ့ နံရိုးချိုးပြီး ခါးသေးအောင် လုပ်တာ၊ ခန္ဓာကိုယ်နဲ့ မမျှတဲ့ အရွယ်အစားကြီးမားတဲ့ ဆီလီကွန်တွေ ထည့် တာ၊ လူသားတစ်ယောက်ရဲ့ ရုပ်သွင်ပျောက်ပြီး အရုပ်နဲ့ ချွတ်စွတ်တူအောင် ခွဲစိပ်ပြုပြင်တာတွေလည်း ကမ္ဘာအနှံ့မှာ တွေ့လာရပါတယ်။ မွေးရာပါ နှုတ်ခမ်းလေးပဲ့နေလို့ ပြုပြင်တာ၊ နှုတ်ခေါင်းလေး မပါလာလို့ ပြုပြင်တာမျိုး မဟုတ်တော့ဘဲ မိမွေး၊ ဖမွေး အကောင်း ပကတိ ရုပ်သွင်ကို ခွဲစိတ်ပြုပြင်လာတာ ဖြစ်ပါတယ်။
ဆာဂျရီတိုင်းဟာ ချောချော မွေ့မွေ့နဲ့ ပြီးသွားမယ်လို့ ဘယ်သူမှတော့ အာမ မခံနိုင်ပါဘူး။ ဒါကြောင့်လည်း ဆာဂျရီမလုပ်ခင်မှာ ဖြစ်လာနိုင်တဲ့ အကျိုးဆက်တွေကို သိရှိကြောင်း လက်မှတ်ရေးထိုး ရတာဖြစ်ပါတယ်။ ဒါပေမဲ့ နှစ်စဉ် နှစ်တိုင်းမှာ အလှအပရေးရာ ခွဲစိတ်ပြုပြင်တဲ့ ရာခိုင်နှုန်းက များပြားလာပါတယ်။ ဒီတော့ ပလက်စတစ်ဆာဂျရီ လုပ်တော့မယ် ဆုံးဖြစ်ထားရင် သိထားသင့်တဲ့ အချက်တွေကို ဖော်ပြပေးလိုက်ပါတယ်။
ခွဲစိတ်ဆရာဝန် ရွေးချယ်ခြင်း
သင့်ကို ခွဲစိပ်ပြုပြင်ပေးမယ့် ဆရာဝန်က Qualified ဖြစ်ပြီး ပရော်ဖက်ရှင်နယ် ဘုဒ်အဖွဲ့က တရားဝင် အသိအမှတ်ပြုခံထားရမှုမျိုး ရှိသင့်ပါတယ်။ ခွဲစိတ်ဆရာဝန်ရဲ့ အတွေ့အကြုံသက် တမ်းကလည်း အရေးကြီးပါတယ်။ ဘယ်လိုစံနှုန်းနဲ့ ကိုက်ညီရမယ်ဆိုတဲ့ သတ်မှတ်ချက်မျိုးကို စစ်ဆေးတဲ့ နိုင်ငံတကာအဖွဲ့အစည်းတွေက စစ်ဆေးထားတာမျိုး မရှိဘူးဆိုရင် သင်ကိုယ်တိုင် ခွဲစိတ်မယ့် ဆေးရုံ၊ ခွဲစိတ်ဆရာဝန်တွေ လုပ်သက်၊ အတွေ့အကြုံတွေကို အရင်ဆုံး နှံ့နှံ့စပ်စပ် သိအောင် လေ့လာထားသင့်ပါတယ်။
ပလက်စတစ်ဆာဂျရီနှင့် စိတ်ပိုင်းဆိုင်ရာ
သင်ပြုလုပ်မယ့် ဆာဂျရီကနေ ဖြစ်လာနိုင်တဲ့ ကောင်းကျိုး၊ ဆိုးကျိုးတွေကို အရင်လေ့လာပြီး ချိန်ဆပါ။ သုတေသီတွေရဲ့ လေ့လာချက်အရ ဆာဂျရီပြုလုပ်ခဲ့သူတွေဟာ စိတ်ပိုင်းဆိုင်ရာမှာ ထိခိုက်နိုင်တယ်လို့ ဆိုပါတယ်။ ရင်သား ကြီးထွားအောင် ဆာဂျရီ ပြုလုပ်ခဲ့တဲ့ အမျိုးသမီးတွေမှာ ကိုယ့်ကိုယ်ကိုယ် သတ်သေနိုင်ခြေ မြင့်မားတယ်လို့ သုတေသီတစ်ခုက တွေ့ရှိခဲ့ပါတယ်။ ဒါကြောင့် ခွဲစိတ် ဆရာဝန်တွေ အနေနဲ့လည်း လူနာရဲ့ စိတ်အခြေအနေနဲ့ ဖြစ်နိုင်ခြေတွေကို သုံးသပ်နိုင်အောင် အရင်ဆုံး တိုင်ပင် ဆွေးနွေးဖို့ လိုပါတယ်။
ဘာတွေကြိုတင်ပြင်ဆင်သင့်လဲ –
• သင်ပြုလုပ်မယ့် ဆာဂျရီ Process တစ်ခုလုံးမှာ ဆောင်ရွက်ရမယ့် အချက်တွေ အသေးစိတ်သိအောင် အရင် လေ့လာထားပါ။
• ရရှိလာမယ့် ကောင်းကျိုး၊ ဆိုးကျိုးတွေကို ချိန်ဆပါ။
• ဆာဂျရီ တစ်ခါလုပ်ပြီးရင် ရှေ့ဆက်ပြီး Follow Up ဘယ်နှခါပြန်လုပ်ရမလဲ ဆိုတာ သိအောင်လုပ်ထားပါ။ ဒါမှလည်း ကုန်ကျစရိတ်အတွက် သင်ကြိုတင်ပြင်ဆင်လို့ ရမှာပါ။
• အိမ်အရွှေ့အပြောင်း လုပ်နေတဲ့အချိန်၊ ကလေးယူနေတဲ့အချိန်၊ အလုပ်အ ပြောင်းအရွှေ့လုပ်တဲ့အချိန် စတဲ့ စိတ်ဖိစီးစရာကိစ္စတွေ များတဲ့အချိန်မှာ ဆာဂျရီ လုပ်တာကို ရှောင်သင့်ပါတယ်။
• သင့်အိမ်၊ သင့်မွေးရပ်နဲ့ အလွန်ဝေးကွာတဲ့နေရာမှာ ဆာဂျရီ သွားလုပ်မယ်ဆိုရင် Follow Up အတွက် အခေါက်ခေါက် ပြန်သွားရနိုင်တာကို ထည့်စဉ်းစားသင့်ပါတယ်။
• ဆာဂျရီလုပ်ပြီးတဲ့အခါ ပုံမှန်မဟုတ်ဘဲ နာကျင်တာမျိုး၊ အမြင်အာရုံဝေ၀ါးတာမျိုး၊ Stroke ဖြစ်နိုင်တဲ့ ရောဂါလက္ခဏာတွေ ပြလာတာမျိုးတွေဖြစ်ရင် ဆရာဝန်ဆီ ပြန်ပြသင့်ပါတယ်။
♥ ထူးဒါလီကိုကို (MPharm) ♥",4.0,3.0,3.0,5.0,4.0,"The text provides a well-structured, informative guide on plastic surgery, covering risks, psychological aspects, and preparation. It uses natural Burmese phrasing and appropriate terminology. The reasoning is sound, offering logical steps for decision-making. It is accessible to a general audience while maintaining a professional tone, making it highly suitable for educational purposes."
<urn:uuid:0426951b-46e3-4f1b-b9e5-719a7a31efe1>,"(ရွှေဟင်္သာသတင်းဌာန)
အစိုးရ နည်းပညာ အထောက် အကူပြုအဖွဲ့ (MPC) အဖွဲ့သည် ညီညွတ်သော တိုင်းရင်းသား လူမျိုးများ ဖက်ဒရယ် ကောင်စီ (UNFC) အပါဝင် ထိုင်းနိုင်ငံ အခြေစိုက် လူမှု အဖွဲ့အစည်းများနှင့် လာမညိ့ နိုဝင်ဘာ (၂၂) ရက်နေ့တွင် တွေ့ဆုံ ဆွေးနွေးရန် ကမ်းလှမ်းထားသည်ဟု UNFC အတွင်းရေးမှူး (၂)ဖြစ်သူ ခွန်ဥက္ကာက ဆိုပါသည်။
“ဒီဆွေးနွေးပွဲ ကတော့ ကရင်ပြည်နယ် မှာပြုလုပ်မဲ့ ညီလာခံနဲ့တော့ တိုက်ရိုက် သက်ဆိုင်မှာ မဟုတ်ပါဘူး ဒါပေမဲ့ နိုင်ငံရေး အရ တွေ့ဆုံ ဆွေးနွေးတဲ့ အခါမှာတော့ ပါတီတွေက အကျုံးဝင် လာမှာပါ။ ပါတီတွေက တနိုင်ငံလုံး ဆိုင်ရာ အပစ်အခတ် ရပ်စဲရေးက သူတို့နဲ့ တိုက်ရိုက် မသက်ဆိုင်ပေမယ့် အမြင်ချင်းတော့ ဖလှယ်လို့ ရပါတယ်။ နိုင်ငံရေး ပါတီအ နေနဲ့ အကျုံးဝင်တဲ့ ကဏ္ဍကတော့ ဒုတိယ အဆင့်မှာ ဖြစ်ပါတယ်။” ဟုဆိုပါသည်။
အစိုးရ (MPC) အဖွဲ့သည် ပြည်တွင်း တိုင်းရင်းသား နိုင်ငံရေး ပါတီများနှင့် အတူ လာမည့် နိုဝင်ဘာ (၂၂)ရက်နေ့မှ (၂၄) ရက်နေ့အတွင်း ထိုင်းနိုင်ငံ မြောက်ပိုင်းရှိ အဖွဲ့အစည်း များနှင့် တွေ့ဆုံကြရန် ကမ်းလှမ်း ထားသည်ဟု ဆိုပါသည်။ UNFC အပြင် အမျိုးသမီး အဖွဲ့ချုပ် (မြန်မာနိုင်ငံ) WLB၊ရှမ်းပြည် ပြန်လည် ထူထောင်ရေး ကောင်စီ (RCSS) ပါဝင်သည့် WGEC အဖွဲ့နှင့် လည်း တွေ့ဆုံကြ မည်ဖြစ်ပါသည်။
UNFC အဖွဲ့ကမူ ဤအစီစဉ်သည် MPC အစီစဉ် ဖြစ်သည့်အတွက် မည့်သည့် ပါတီများက မည်သို့ ဆွေးနွေး ကြမည်ကို အသေးစိပ် အကြောင်းပြန်ပေး ရန် တောင်းဆိုထား သော်လည်း နိုဝင်ဘာ (၁၅) ရက်နေ့ အထိ ပြန်စာ မရသေးဟု ဆိုပါသည်။ UNFC သည် ပြည်တွင်း တိုင်းရင်းသား နိုင်ငံရေး ပါတီများမှ ခေါင်းဆောင် များနှင့် အမြင်ဖလှယ် ခွင့်ရသည့် အတွက် ကြိုဆိုကြောင်း ဆိုပါသည်။
MPC အဖွဲ့မှ ဦးညိုအုန်း မြင့်ကမူ ၄င်းတို့လည်း ပြည်တွင်း နိုင်ငံရေး ပါတီအင် အားစုများနှင့် တိုင်းရင်းသား လက်နက် ကိုင်များအကြား ဆွေးနွေးမည့် အစီစဉ်များကို မညှိနှိုင်းရသေး သဖြင့် အကြောင်းပြန်ကြား နိုင်ခြင်းမရှိသေးဟု ဆိုပါ သည်။ သို့သော် လက်ရှိဖြစ် ပေါ်နေသည့် မြန်မာနိုင်ငံ ပြုပြင် ပြောင်းလဲရေး ၌ အနာဂတ် မြန်မာနိုင်ငံကို မည်သို့ပြုပြင် ပြောင်းလဲသွား ကြမလဲ ဆိုသည့် အမြင် သဘောထားများ ဖလှယ်ကြခြင်းသာ ဖြစ်ဖွယ်ရှိ သည်ဟု ဆိုပါသည်။
“ဘယ်လိုဘဲ ဖြစ်ဖြစ် ဆွေးနွေးပွဲမှာ (၃) ချက်ပဲ သတ်မှတ်ထား ပါတယ်။ (၁) တပြည်လုံး အတိုင်းတာ အပစ်အခတ် ရပ်စဲရေးရယ်။ (၂) နိုင်ငံရေး မူဘောင်ကိစ္စနဲ့ (၃) နိုင်ငံရေး ဆွေးနွေးပွဲကို ဘယ်လိုတက် လှမ်းမလဲ ဆိုတဲ့အချက်တွေ အပေါ်မှာဘဲ အခြေခံပြီး ဆွေးနွေး သွားမှာပါ။” ဟု ဦးညိုအုန်းမြင့် ကဆိုပါသည်။
ထို့အပြင် ပြည်တွင်း တိုင်းရင်းသား ပါတီ (၉)ဖွဲ့ထက် မနဲလာရောက် ဆွေးနွေးနိုင်ကြောင်း၊ MPC မှဦးညိုအုန်းမြင့်၊ ဦးဘိုဘိုကျော်ငြိမ်း နှင့် MPC မှအကြီးတန်း အရာရှိတစ်ဦး လည်း တက်ရောက် မည်ဖြစ်သည်။
UNFC အဖွဲ့ကမူ နိုဝင်ဘာ (၂၂) ရက်နေ့ မနက် (၉) နာရီမှ (၁၂) နာရီအထိ MPC မှ ခေါ် လာသော တိုင်းရင်းသား ပါတီများမှ ခေါင်းဆောင် များနှင့် တွေ့ဆုံ ဆွေးနွေး ကြမည် ဖြစ် ပါသည်။ ဤဆွေးနွေးပွဲ အတွက် UNFC သည် ၄င်းတို့ ခေါင်းဆောင်များ အားလာမည့် နိုဝင်ဘာ (၂၀) ရက်နေ့တွင် အစည်းအဝေး ကျင်းပရန် ရှိသည်ဟု ဆိုပါသည်။
UNFC သည် ပြည်တွင်းရှိ တိုင်းရင်းသား ခေါင်းဆောင်းညီ အကိုများနှင့် တွေ့ဆုံပြီး ပွင့်ပွင့်လင်းလင်း ညှိနှိုင်း ခွင့်ရရှိခြင်းက ကောင်းသော လက္ခဏာ ဖြစ်ခြင်းကြောင့် ဤအစီစဉ်ကို ကြိုဆိုလက်ခံခြင်း ဖြစ်သည်ဟု ဆိုပါသည်။
MPC ကမူ ဤအစီစဉ် သည် နိုင်ငံ ပြုပြင်ပြောင်းလဲ ရာတွင် သမ္မတ၏ အားလုံး ပါဝင်နိုင်ရေး အခြေခံပေါ်တွင် မူတည်ပြီး တိုင်းရင်းသား နိုင်ငံရေးပါတီ များနှင့် လက်နက်ကိုင် အင်အားစု တွေကြား ပွင့်ပွင့်လင်းလင်းဖြင့် အနာဂတ် မြန်မာနိုင်ငံ အတွက် မည်သို့ ပူးပေါင်း ဆောင်ရွက်ကြရန် ဆွေးနွေးစေလို သည့်အတွက် စီစဉ်ပေးခြင်း ဖြစ်သည်ဟု ဦးညိုအုန်းမြင့်က ဆိုပါသည်။
အစိုးရ MPC အဖွဲ့သည် လာမည့် ဒီဇင်ဘာလတွင် တိုင်းရင်းသား လက်နက်ကိုင် အဖွဲ့များနှင့် တနိုင်ငံလုံး အပစ်အခတ် ရပ်စဲရေး လက်မှတ် ထိုးရေး ကိစ္စ တွေ့ဆုံ ဆွေးနွေးရန် အစီစဉ် ရှိနေသည့်အတွက် ထိုဆွေးနွေးပွဲ မတိုင်မှီ ဤအစီစဉ်ကို ဆောင်ရွက်ခြင်း ဖြစ်ပါသည်။ ဤ အစီစဉ်အပေါ် အပြုသဘော မြင်သော တချို့တိုင်း ရင်းသား နိုင်ငံရေးသမား များက အစိုးရသည် မတူသည့် အခြေခံအမြင် အပေါ်တွင် ပေါင်းစည်း ပေးရန် ဖြစ်သည်ဟု ဆိုကြပါသည်။
သို့သော် အစိုးရ၏ လုပ်ရပ်ကို သတိထားနေ သူများကမူ အစိုးရသည် အတွေးအခေါ် အမြင်မတူညီ ကြသည့် တိုင်းရင်းသား ခေါင်းဆောင်များ အချင်းချင်း တွေ့ဆုံဆွေးနွေး စေပြီး မူလ လက်နက်ကိုင် အဖွဲ့များ၏ လိုင်ဇာ သဘောတူချက် များ လမ်းကြောင်း ပြောင်းသွားစေရန် ရည်ရွယ် ဖန်တီးနေ ခြင်းသာ ဖြစ်သည်ဟု UNFC အဖွဲ့ဝင် တချို့ကဆိုပါသည်။",3.0,3.0,3.0,4.0,5.0,"The text is a journalistic report on Burmese political negotiations. It provides educational value regarding the peace process, demonstrates moderate reasoning in analyzing political motives, requires basic political literacy, is clean and well-structured, and uses highly authentic, natural Burmese political terminology and cultural context."
<urn:uuid:1a49f452-d390-4850-831d-16ae93f41234>,"မည်မျှ ခက်ခဲနေစေ ငြိမ်းချမ်းရေး ရအောင် လုပ်မည်ဟု ဒေါ်အောင်ဆန်းစုကြည် ပြော
တိုင်းပြည်၏ ငြိမ်းချမ်းရေး လုပ်ငန်းစဉ်သည် မည်မျှ ကြာရှည် ခက်ခဲနေပါစေ ကံ၊ ဉာဏ်၊ ဝိရိယအားတို့ဖြင့် ဆက်လက် ဆောင်ရွက်သွားမည် ဆိုပါက လိုချင်သည့် ပန်းတိုင်ကို မုချမသွေ ရောက်ရှိရမည် ဖြစ်ကြောင်း နိုင်ငံတော်၏ အတိုင်ပင်ခံ ပုဂ္ဂိုလ် ဒေါ်အောင်ဆန်းစုကြည်က ပြောသည်။
မတ်လ ၁၃ ရက် ညပိုင်းက နေပြည်တော် MICC – 2 တွင် ကျင်းပပြုလုပ်သည့် ပအိုဝ်း အမျိုးသား ညီလာခံ (အကြို) အဖွင့် မိန့်ခွန်း ပြောဆိုစဉ် ၎င်းက အထက်ပါအတိုင်း ပြောဆိုလိုက်ခြင်း ဖြစ်သည်။
“ငြိမ်းချမ်းရေးလမ်း ဆိုတာ အမြဲတမ်းကြီးတော့ဖြောင့်မှာ မဟုတ်ပါဘူး။ အကြောင်းကြောင်းကြောင့် ငြိမ်းချမ်းရေးတွေ ပျက်ပြားခဲ့ရတယ်။ ဒီပျက်ပြားသွားတဲ့ ငြိမ်းချမ်းရေးကို ပြန်ပြီးတော့ တည်ဆောက်ဖို့ဆိုတာ ကျမတို့အားလုံး ကံ၊ ဉာဏ်၊ ဝိရိယပေါ့။ ကံဆိုတာက လုပ်ခြင်းပါ။ ဝိရိယ ဆိုတာကတော့ ကျမတို့ လုံးဝစိတ်မလျော့ဘဲနဲ့ အောင်မြင်တဲ့အထိ ကျမတို့ ဆက်ပြီးတော့ လုပ်သွားမယ် ဆိုတဲ့ ခိုင်မာတဲ့စိတ်ဓာတ်ပဲ”ဟု ဒေါ်အောင်ဆန်းစုကြည်က ပြောသည်။
ဒေါ်အောင်ဆန်းစုကြည် ဦးဆောင်သည့် အမျိုးသား ဒီမိုကရေစီ အဖွဲ့ ချုပ် (NLD) သည် ၂၀၁၅ ရွေးကောက်ပွဲ အနိုင်ရပြီးနောက် ငြိမ်းချမ်းရေး လုပ်ငန်းစဉ်ကို ၎င်းကိုယ်တိုင် ဦးစားပေး ဆောင်ရွက်ခဲ့သော်လည်း တိုင်းရင်းသား လက်နက်ကိုင် ၂ ဖွဲ့ သာ တနိုင်ငံလုံး ပစ်ခတ်တိုက်ခိုက်မှု ရပ်စဲရေး စာချုပ် (NCA) လက်မှတ် ရေးထိုးနိုင်သည်ကလွဲ၍ သိသာသည့် တိုးတက်မှုများ မရရှိခဲ့ပါ။
ယခင် သမ္မတ ဦးသိန်းစိန် အစိုးရလက်ထက်တွင် တိုင်းရင်းသား လက်နက်ကိုင် ၈ ဖွဲ့ NCA လက်မှတ်ရေးထိုးခဲ့ကြပြီး NLD အစိုးရ လက်ထက် မွန်ပြည်သစ်ပါတီနှင့် လားဟူ ဒီမိုကရက်တစ် အစည်းအရုံးတို့သည် ၂၀၁၈ ခုနှစ် ဖေဖော်ဝါရီလတွင် NCA လက်မှတ် ရေးထိုးခဲ့ကြသည်။
ထို့ပြင် ပြည်ထောင်စု ငြိမ်းချမ်းရေး ညီလာခံ ၂၁ ရာစု ပင်လုံကို ကျင်းပပြီး ဖက်ဒရယ် အခြေခံမူများကို ချမှတ်နိုင်ရေး ဆောင်ရွက်ခဲ့သော်လည်း ၂၀၁၈ ခုနှစ် အောက်တိုဘာလက နေပြည်တော်တွင် ပြုလုပ်ခဲ့သည့် 10 + 10 ဟု ခေါ်ဆိုကြသည် အစိုးရ၊ တပ်မ တော်၊ အပစ်ရပ် အဖွဲ့ များကြား ထိပ်သီး ဆွေးနွေးပွဲအပြီးတွင် ပင်လုံ အစည်းအဝေးများ ယာယီ ရပ်ဆိုင်းထားခဲ့ရသည်။
“စုပေါင်း ထူထောင်ထားတဲ့ တိုင်းပြည်ကြီး ဆိုတာဟာ ညီညွတ်မှုကို အခြေခံတယ်။ ညီညွတ်မှုရဲ့ အခြေခံကတော့ မေတ္တာနဲ့ သစ္စာ ဖြစ်တယ်။ တဦး အပေါ် တဦး မေတ္တာထားနိုင်မှ၊ တဦးပေါ်တဦး သစ္စာစောင့်နိုင်မှသာ ကျမတို့ဟာ ညီညွှတ်နိုင်မှာ ဖြစ်ပါတယ်။ ဒါကြောင့်မို့ ကျမတို့ရဲ့ ပြည်ထောင်စုဆိုတာ သစ္စာတရားနဲ့ မေတ္တာကို အခြေခံပြီးတော့ ထူထောင်ရမယ့် နိုင်ငံကြီး ဆိုတဲ့ အဓိပ္ပာယ် ပေါက်ပါတယ်”ဟု နိုင်ငံတော်၏ အတိုင်ပင်ခံ ပုဂ္ဂိုလ်က ပြောသည်။
မြန်မာပြည်၏ ငြိမ်းချမ်းရေး လုပ်ငန်းစဉ်သည် ပြီးဆုံးပြီဆိုသည့် အချိန် မရှိနိုင်သဖြင့် သမ္မတ ဦးသိန်းစိန် လက်ထက်တွင် NCA စာ ချုပ် ပေါ်ပေါက်အောင် ဆောင်ရွက်ခဲ့နိုင်ကြောင်း၊ NLD လက်ထက်တွင်လည်း ယင်းစာချုပ်အပေါ်တွင် ဆွေးနွေးရင်း ဖက်ဒရယ် အခြေခံမူများ ရရှိအောင် ဆောင်ရွက်သင့်ကြောင်း၊ ယခုလည်း ထိုသို့ ကြိုးပမ်းနေသည်ဟု ယူဆကြောင်း ပအိုဝ်း အမျိုးသား လွတ် မြောက်ရေး အဖွဲ့ ချုပ်မှ ဗိုလ်မှူးကြီး ခွန်ဥက္ကာက ပြောသည်။
“ဒေါ်အောင်ဆန်းစုကြည်က လက်ရှိ အစိုးရဲ့ ခေါင်းဆောင် ဖြစ်တယ်။ ပါတီ အကြီးအကဲလည်း ဖြစ်တယ်။ စွမ်းဆောင်နိုင်တာ၊ မနိုင် တာ အားနည်းချက်တွေတော့ ရှိမှာပေါ့။ လက်ရှိ အနေအထားမှာတော့ ကျနော်တို့ရဲ့ အကောင်းဆုံး မျှော်လင့်ချက်ပဲ။ တိုင်းရင်းသား လူနည်းစု အခွင့်အရေး၊ ဖက်ဒရယ် ပြည်ထောင်စု တည်ဆောက်ရေးအတွက် လောလောဆယ် ရှိနေတဲ့ အနေအထားမှာ အကောင်းဆုံး မျှော်လင့်ချက်ပဲ”ဟု ဦးခွန်ဥက္ကာက ပြောသည်။
အစ၊ အလယ်၊ အဆုံးရှိသည့် ငြိမ်းချမ်းရေး လမ်းကြောင်းတခု ပြီးပြည့်စုံရန်မှာ ယခု အစိုးရ၏ ယခု သက်တမ်းတခုအတွင်း မလွယ်ကူတော့ကြောင်း၊ သို့သော် လမ်းကြောင်းတခု ပေါ်လာရန် ဆက်လက် ကြိုးပမ်းသင့်ပြီး ၂၀၁၉ ၊ ၂၀၂၀ အတွင်း ဖက်ဒရယ် အခြေခံမူများ ရရှိနိုင်ရေး ဆောင်ရွက်ရမည်ဖြစ်ကြောင်း ၎င်းက ဆက်လက် ပြောကြားသည်။
နိုင်ငံတော်၏ အတိုင်ပင်ခံ ပုဂ္ဂိုလ် ဒေါ်အောင်ဆန်းစုကြည်ကမူ ပြည်တွင်း ငြိမ်းချမ်းရေး ရရှိရန် အားလုံးလက်ခံနိုင်သည့် ဖွဲ့ စည်းပုံ အခြေခံ ဥပဒေတရပ် လိုအပ်ကြောင်း ၂၀၁၉ ခုနှစ်၊ ဖေဖော်ဝါရီလအတွင်းက ပြုလုပ်သည့် ရှမ်းပြည်နယ်နေ့ အခမ်းအနားတွင် ထုတ်ဖော်ပြောဆိုခဲ့သည်။
လက်ရှိ အချိန် ပြည်ထောင်စု လွှတ်တော်တွင် ၂၀၀၈ ဖွဲ့ စည်းပုံ အခြေခံ ဥပဒေကို ပြင်ဆင်နိုင်ရေး အာဏာရ NLD ပါတီက ဦးဆောင် ကြိုးပမ်းလျက် ရှိသော်လည်း အတိုက်အခံများ၊ အခက်အခဲများနှင့် ရင်ဆိုင်နေရသည်။
“ဒီမိုကရေစီ ဖယ်ဒရယ် ပြည်ထောင်စုနဲ့အတူ ကျမတို့ရဲ့ နိုင်ငံသားများ အခွင့်အရေးတွေ ပြည့်ပြည့်၀၀ရဖို့ ကြိုးစားသွားရမှာပါ”ဟု မနေ့က ပအိုဝ်း အမျိုးသားနေ့ အခမ်းအနားတွင် ဒေါ်အောင်ဆန်းစုကြည်က ပြောဆိုခဲ့သည်။",3.0,3.0,3.0,5.0,5.0,"The text is a well-structured, authentic news report regarding Myanmar's peace process. It provides historical context, quotes political figures, and uses natural Burmese phrasing. It is suitable for educational purposes as it covers political history and current affairs, requiring a moderate level of political literacy to fully comprehend the nuances of the peace negotiations."
<urn:uuid:7522f053-fd13-43a2-abe1-4e1ef453d2a8>,"အင်အားပြည့်ဝ နှလုံးလှစေကြောင်း သြ၀ါဒကထာ
အရာရာတိုင်းမှာ အားလိုသည်၊ ထိုအားကို ခွန်အား စွမ်းအား အင်အား စသည် ဖြင့် သုံးနှုံးလေ့ရှိသည် ။
သွားလာရာ၌လည်း ခွန်အားလိုသည်၊ လုပ်ဆောင်ရာ၌လည်း ခွန်အားလို သည်၊ နေထိုင်ရာ၌လည်း ခွန်အားလိုသည်၊ မည်သည့် အရာမဆို ခွန်အားလို သည်။ ခွန်အားရှိလျှင် ခွန်အား ပြည့်ဝလျှင် သက်ဆိုင်ရာ ကိစ္စတိုင်းမှာ ပိုမို အောင်မြင်မည်၊ ခရီးရောက်မည် ၊ ပြီးမြောက် မည် ။
မီးများ မီးနိုင် ၊ ရေများ ရေနိုင် စသည် အဆိုများလည်း အင်အားကြီးမှု၏ အနိုင်ရမှုကို ရည်ညွှန်းသည် ။ မီးကို ရေနှင့် ငြိမ်းသတ်ရမည် ဆိုသော်လည်း ရေထက် မီးက အင်အားကြီးမားနေလျှင် ရေခန်းခြောက်သွားအောင် ရေ ပျောက်သွားအောင် မီးက အနိုင်ယူသွားမည် ။
မီးထက် ရေက အင်းအားကြီးမားနေလျှင်လည်း မီးငြိမ်းသွားအောင်၊ မီးသေ သွားအောင်၊ မီးပျောက်သွားအောင် ရေက လွှမ်းမိုး အနိုင်ယူ သွားမည်။ သက်ရှိသက်မဲ့ မည်သည့်အရာမဆို အင်အားကြီးမားသောအရာက သာလွန် သွားမည် ၊ လွှမ်းမိုးသွားမည် ၊ အောင်နိုင်သွားမည် ။
ယင်းအင်အားတို့ ကို အမျိုးအစားခွဲလျှင် -
၁ ။ အားဆေး ၊ စက်ဆီ စသော ရုပ်အင်အား ၊
၂။ ယုံကြည်မှု ၊ ဇွဲ လုံ့ လ စသော နာမ်အင်အား ဟု နှစ်မျိုး ခွဲခြားသတ်မှတ်နိုင် သည် ။
ယခု တင်ပြလိုသည်မှာ နာမ်အင်အားဖြစ်သည် ။
နာမ်အင်အားတို့တွင်လည်း ကောင်းသော နာမ်အင်အားတို့ကိုသာ တင်ပြပါ မည် ။ ယင်းအင်အားများအနက် -
၁။ ပထမဆုံး ယုံကြည်မှု အင်အားလိုပါသည် ။
မိမိ၏ လုပ်ငန်းနှင့် လုပ်ငန်း၏ အကျိုးသက်ရောက်မှုအပေါ်၌ လည်းကောင်း ၊ ဆရာသမား စသည်အပေါ်၌လည်းကောင်း ယုံကြည်မှုအင်အား မပြည့်ဝလျှင် ယင်းပုဂ္ဂိုလ်သည် အားကိုးလောက်သော တပည့် မဖြစ်နိုင်ပါ၊ ယုံကြည်မှု အင် အား ပြည့်ဝမှ အားကိုးလောက်သူ ဖြစ်မည် ။
၂။ တစ်ဖန် ဒုတိယအနေဖြင့် ဇွဲလုံ့လရှိမှု အင်အား လိုပါသည်။
ဇွဲလုံ့လ စွမ်းအားရှိသူသည် မည်သည့်အရာမဆို မဖြစ်မနေ၊ မရောက်မနေ၊ မပေါက်မနေ ကြိုးစာလုပ်ကိုင်သူဖြစ်သဖြင့် အားကိုးလောက်သူဖြစ်မည်မှာ မလွဲပေ ။
၃။ တစ်ဖန် တတိယ အင်အား အဖြစ် သတိအင်အား လိုအပ်ပါသည်။ သတိသည် ပိုသည်မရှိ အမြဲတမ်းလိုနေမည်သာဖြစ်သည်။ လောကီရေး၊ လောကုတ္တရာရေး၊ မည်သည့်အရေးမဆို ကောင်းသော အရေးမှန်သမျှ သတိ မပါလျှင် မပြီးပေ။ ကြိုးစားထားမှုမှန်သမျှ သတိ လွတ်လျှင် ဆုံးရှုံးသွားမည် သာဖြစ်သည်။ သတိအင်အား ပြည့်ဝနေသမျှ အားကိုးလောက်သူ အမှန်ဖြစ် ပေမည် ။
၄။ တစ်ဖန် စတုတ္ထအင်အားအဖြစ် တည်ကြည်မှု သမာဓိအင်အားလိုအပ်ပါ သည်။
မြဲမြံတည်တံ့သော အင်အားပြည့်ဝမှ လောကဓံတရားနှင့် တွေ့ ကြုံသောအခါ ကျောက်စာတိုင်ပမာ တုန်လှုပ် ယိမ်းယိုင်မှုမရှိ ကြံ့ကြံ့ ခံနိုင်မည် ။ အားကိုး လောက်သူဖြစ်မည် ။
၅။ တစ်ဖန် ပဉ္စမအင်အားအဖြစ် ကျွမ်းကျင်မှုအင်အားလိုအပ်သည်။ ကျွမ်းကျင်မှုဟူသည် ပညာကို ဆိုလိုသည်။ ကျွမ်းကျင်မှု ပညာအင်အား အပြည့်အ၀မှ အမှားအမှန်၊ လုပ်သင့် မလုပ်သင့် ခွဲခြမ်းနိုင်မည်။ ဝေဖန်နိုင် မည် ၊သိမြင်နိုင်မည် ၊ ချင့် ချိန်နိုင်မည် ၊ ပညာနှင့် တူသော အရောင်အလင်း မရှိ မြတ်စွာဘုရား မိန့် ကြားခဲ့ သည် ။
၆ / ၇ ။ တစ်ဖန် ဆဋ္ဌ သတ္တမ အင်အားအဖြစ် မကောင်းမှု ပြုလုပ်ရန် ရှက်မှု ၊ ကြောက်မှု ဟိရီ သြတ္တပ္ပ အင်အား လိုအပ်ပါသည် ။
ဟိရီ သြတ္တပ္ပအင်အား ပြည့်ဝနေသမျှ သူတော်ကောင်းဖြစ်နေမည်သာ ဖြစ် သည်။ လူကောင်း သူကောင်းဖြစ်ရန် ဟိရီ သြတ္တပ္ပ အင်အား အလွန်လိုအပ် သည်။ ဟိရီ သြတ္တပ္ပအင်အား ကင်းသူသည် မည်သည့် မကောင်းမှုလုပ်ငန်း မဆို ပြုလုပ်ဝံ့သူဖြစ်သွားမည်။ ဟိရီ သြတ္တပ္ပကင်းသူများသည် လူဆိုး ခေါင်း ဆောင် လူမိုက် ခေါင်းဆောင်များ ဖြစ်သွားတတ်သည်။ ထို့ကြောင့် လူတော် လူကောင်းဖြစ်ရန် ဟိရီ သြတ္တပ္ပ အင်အား လိုအပ်ပါသည် ။
ဆိုအပ်ပြီးခဲ့ သောအင်အား ၇-မျိုးကို ကောင်းမှုလုပ်ငန်း ဗိုလ် ၇-မျိုး အဖြစ် ကျမ်းဂန်များ၌ ဟောကြားလေ့ရှိပါသည် ။ ထို ၇-မျိုးကို ထိုသို့ အကျဉ်း ဆောင်ပုဒ်ဖြင့်  မှတ်သားပါလေ ။
သဒ္ဓါ , ၀ီရိ ၊ သတိ, သမာ ၊ ပညာ တစ်လီ၊ ဟိရီ သြတ္တပ်၊ ခုနစ်ရပ်၊ ကောင်းမြတ် အင်အား၊ လက်ကိုင်ထား။
ယခု စာကို ဖတ်ရှုသူအပေါင်းတို့  ...
သင်တို့သည် အများ အားကိုလောက်သည့် အာဇာနည် ပုဂ္ဂိုလ်ထူးများ ဖြစ်နိုင် အောင် ဗိုလ်များအဖြစ် ကျမ်းဂန်တို့၌လာသော အင်အားများ ပြည့်ဝ နှလုံးလှ အောင် လေ့ကျင့်ကြပါ၊ ဖြည့်တင်းကြပါ၊ လက်ကိုင်ထားကြပါဟု သြ၀ါဒစကား မိန့် ကြားအပ်ပါသတည်း ။
ဆရာတော် ဦးတိလောကာဘိဝံသ
(ရန်ကုန် သမိဒ္ဓေါဒယ သမဂ္ဂဒါယီအသင်းကြီး ၅-နှစ်ပြည့်  အမှတ်တရစာစောင်၊ တန်ဆောင်မုန်းလပြည့် ကျော် ၂-ရက် ၊ ၁၃၆၉-ခု ( ၂၆ ၊ ၁၁ ၊ ၂၀၀၇ ) ၊ တနင်္လာနေ့ )
Views: 110
Comment",4.0,3.0,2.0,3.0,5.0,"The text is a well-structured moral and ethical discourse (Dhamma talk) by a Buddhist monk. It provides clear, logical, and educational guidance on personal development using traditional Buddhist concepts. It is culturally authentic, written in natural Burmese, and free from significant noise, though it contains some minor metadata at the end."
<urn:uuid:e129110e-b498-4a92-b5e9-48d937f58e52>,"မျက်စိမှုန်သူများ မျက်မှန်တပ်လျှင် ပိုမှုန်သည်ဟု ထင်မှတ်ကြသည်။
ထို့ကြောင့် မျက်စိမှုန်လာပြီး ပါဝါ အလွန်အကျွံ တက်မှသာ မျက်စိကို အထူး ဂရုစိုက်ကြသည်ကို တွေ့ရတတ်သည်။ တစ်ဦးနှင့် တစ်ဦး အမြင် အာရုံချင်း မတူညီကြသဖြင့် မျက်စိ ကျန်းမာရေးကို ဂရုစိုက်သင့် ပါသည်။
စက္ခုအာရုံ၌ သာမန် ပုံရိပ်မှာ အဝေးမှ လာနေသည့် အရာဝတ္ထုများ၏ ပုံရိပ်ကို မျက်စိရှိ မှန်ဘီလူးသို့ ဖြတ်၍ အမြင် အာရုံလွှာပေါ်မှာ ကျလေ့ ရှိသည်။ အာရုံလွှာ၏ သဘောက ဓာတ်ပုံ ဖလင်ကော်ပြားနှင့် တစ်ထပ်တည်းပင် ဖြစ်သည်။ ဓာတ်ပုံရိုက်သည့် အခါ ဖလင်ကော်ပြားပေါ်မှ ပုံရိပ်များကဲ့သို့ မြင်လွှာပေါ်တွင် မျက်စိရှေ့၌ ရှိသည့် အရာဝတ္ထု၏ ပုံရိပ် လာထင် တတ်သည်။
ထင်ဟပ်လာသည့် ပုံရိပ်များကို အာရုံကြောမှ ထွက်လာသည့် စက္ခုအာရုံကြော၏ အကူအညီဖြင့် ဦးနှောက်သို့ ပံ့ပိုးပေးသည်။ ဦးနှောက် အနောက်ဘက်ရှိ စက္ခုအာရုံ ခံစားရာ ဗဟိုဌာနမှ အဓိပ္ပာယ် ဖွင့်ဆို ပေးခြင်းဖြင့် မျက်စိတွင် မြင်ရသည့် အရာဝတ္ထုများ၏ ပုံသဏ္ဌာန် အရောင်အဆင်း တို့ကို တိကျစွာ ခွဲခြား နိုင်သည်။
အနီးရှိ အရာဝတ္ထုကို ကြည့်သည့်အခါ စက္ခု မှန်ဘီလူး၏ ပုံသဏ္ဌာန် ပြောင်းလဲပေးခြင်းဖြင့် မျက်စိရှေ့နားရှိ အရာဝတ္ထုများကို ပြတ်သားစွာ မြင်ရသည်။ မျက်စိ ပြောင်းလဲမှု သာမက မျက်စိ အတွင်းဘက် ကိုပါ စောင်းပေး ရသည်။ ပြောင်းလဲ လှုပ်ရှားမှု နှစ်မျိုးလုံး အစဉ် ဒွန်တွဲလျက် ရှိသည်။ မျက်စိမှုန်ခြင်းကြောင့် မအီမသာ ဖြစ်ခြင်း၊ စိတ်အား လျော့ခြင်း၊ စိတ်ဆင်းရဲ ပင်ပန်းခြင်း၊ အိပ်မပျော်ခြင်းတို့ ဖြစ်လာနိုင်သည်။ မျက်စိမှုန်ပြီး မျက်စိ ညောင်းညာကိုက်ခဲလေ့ ရှိသူများသည် တစ်နေ့တာ အလုပ်လုပ်ပြီး ညနေပိုင်းတွင် အဖြစ်များသည်။
အဝေးမှုန်ခြင်းမှာ အနီးရှိ အရာဝတ္ထုများကို ကောင်းစွာ မြင်ရသော်လည်း အဝေးရှိ အရာဝတ္ထုများကို ကြည်လင်ပြတ်သားစွာ မမြင်ရခြင်း ဖြစ်သည်။ မျက်ကြည်လွှာသည် ညီညာသည့် စက်ဝိုင်းလုံး မျက်နှာပြင် မဖြစ်ခြင်း၊ မျက်စိ မှန်ဘီလူး အခုံး မညီညာခြင်း၊ ချို့ယွင်းခြင်းများကြောင့်
အနီးမှုန်ခြင်းသည် အသက် ၁၅ နှစ်မှ ၄ဝ နှစ် အတွင်း စ၍ မှုန်တတ်ပြီး အသက်ကြီးသည့် အခါ မှန်ဘီလူး အနေအထား ပြုပြင် ပေးနိုင်သော စွမ်းရည် လျော့နည်းလာသဖြင့် အနီးမှုန်လေ့ ရှိသည်။ အသက် ၇ဝ နှစ်ခန့် တွင် စက္ခု မှန်ဘီလူး၏ အနေအထားကို ပြုပြင်နိုင်စွမ်း လုံးဝ မရှိသလောက် ဖြစ်လာကာ သက်ကြီး မျက်စိမှုန်ခြင်း ဖြစ်တတ်သည်။
ဒေါက်တာလွင်သန့်-(ဆေး-၂)
https://www.facebook.com/mwdmedia/photos/a.280237205426758.63709.24619",4.0,3.0,3.0,4.0,4.0,"The text provides a clear, educational explanation of how the human eye functions and the causes of common vision problems. It is written in natural, accessible Burmese, suitable for a general audience or students. It is well-structured, though it ends abruptly with a truncated sentence, and includes a professional attribution."
<urn:uuid:8fe44e29-2cb2-4fed-9ae0-ebbf603d8820>,"သောမတ် ဟင်နရီ ဟပ်စလေ
တောမတ် ဟင်နရီ ဟပ်စလေ(ခရစ် ၁၈၂၅-၁၈၉၅)သည် ၁၈၂၅ ခုနှစ် မေလ ၄ ရက်နေ့၌ လန်ဒန်မြို့တွင် ဖွားမြင်သည်။ သူ၏ဖခင်သည် ကျောင်းဆရာ တစ်ယောက် ဖြစ်သော်လည်း ဟပ်စလေသည် ဆရာနှင့် စည်းကမ်းတကျ ပညာမသင်ကြားခဲ့ရချေ။ ပညာရပ်များကို ကိုယ်တိုင် လေ့ကျက် ဆည်းပူးခဲ့ရ၏။ အစပထမ၌ သူသည် အင်ဂျင်နီယာတစ်ယောက်ဖြစ်အောင် စိ်ထက်သန်ခဲ့သော်လည်း အသက် ၁၃ နှစ်လောက်တွင် မမာမကျန်းဖြစ်သဖြင့် လက်လျှော့လိုက်ရလေသေည်။အသက် ၁၇ နှစ်သို့ ရောက်သော် ဆေးပညာများကို သူ့အစ်ကို ဂျိမ်းနှင့် ချားရင်းခရော့စ ဆေးရုံ၌ လေ့လာ၍ ၁၈၄၅ ခုနှစ် အသက် ၂ဝ တွင် ဆေးဒီဂရီဘွဲ့ကို ရရှိလေသည်။ ထိုနှစ်တွင် ဟပ်စလေသည် သိပ္ပံပညာရပ်နှင့် ဆိုင်သော မွေးည|င်းအတွင်းရှိ အမြေ|းလွှာအကြောင်းကို ရေးသား၏။ ၁၈၄၆ ခုနှစ်တွင် ရက်တဲစနိတ်ခေါ် သဘေ‡ာပေါ်၌ ဆရာဝန်အဖြစ်ဖြင့် 0x100သစတြီးယားတိုက်ဘက်သို့ လေးနှစ်ကြာမျှ ခရီးထွက်ခဲ့၏။ ယင်းသို့ ခရီးထွက်နေစဉ် ဒါဝင်ကဲ့သို့ ဗိုင်0x100သလိုဂျီပညာရပ် သုတေသနလုပ်ငန်းများကို စတင်ဆောင်ရွက်ခွင့် ရလေသေည်။
ဟပ်စလေသည် မိမိရှာဖွေ တွေ့ရှိသော အကြောင်းအရာများကို ရေးသား တင်ပြခဲ့၍ တော်ဝင်အသင်း တစ်ဦး အဖြစ် အသိအမှတ်ပြုခြင်း ခံရလေလေသည်။ဟပ်စလေ၏ သုတေသနလုပ်ငန်းများမှာ သိပ္ပံပညာဘက်တွင် အလွန်အဖိုးတန် အသုံးကျ၍ သူ၏ကြိုးစားမှုကို ချီးကျူး သောအနေဖြင့် အသက် ၂၅ နှစ်အရွယ်တွင် ဘုရင့် တံဆိပ်တော် ချီးမြှင့်ခြင်း ခံရလေသည်။ ထိုနောက် ဟပ်စလေသည် ကျောင်းများ၌ ဗိုင်0x100သလိုဂျီပညာရပ်ကို သင်ကြားပို့ချယင်း သုတေသနလုပ်ငန်းကို ဆက်လက် ဆောင်ရွက်မြဲ ဆောင်ရွက်နေ၏။ သိပ္ပံပညာရပ်များကိုလည်း ရေးသားမြဲ ရေးသား ထုတ်ဝေနေ၏။ မျိုးစိတ်ဇာစ်မြစ် အကြောင်းကို တိုင်းပြည်သို့ ၁၈၅၉ ခုနှစ်တွင် တင်ပြ ကျေညာလိုက်၏။
ဒါဝင်က လူတို့သည် မျောက်များမှဆင့်ကဲ ပြောင်းလဲလာသည်ဟုဆို၏။ အယူဝါဒ(ယုံကြည်ချက်)နှင့် ဆန့်ကျင်နေသော ဒါဝင်၏ အဆိုကို လူများကြားသိလာသည့်အခါ၌ တစ်တိုင်း ပြည်လုံး လှုပ်လှုပ်ရွရွ ဖြစ်လာလေသည်။ ဒါဝင်၏ အဆိုကို ထောက်ခံသူများ တဘက်၌ရှိသကဲ့သို့ အဆိုကို ပြင်းပြင်းထန်ထန် ကန့်ကွက်သူ များလည်း ရှိလေသည်။ သာသနာဂိုဏ်းအုပ်ကြီးများသည် ဒါဝင်၏ အဆိုကို ကြားသည့်အခါ အမျက်ထွက်ကြ၏။ သိပ္ပံပညာရှင်များနှင့် ဒဿနိကဗေဒ ပညာရှင်များသည် ဇဝေဇဝါဖြစ်ကုန်၏။ အိမ်သားအချင်းချင်းပင် သဘောကွဲလွဲကြကုန်၏။ တဘက်ကလည်း ဒါဝင်သည် ဘုရားမဲ့ဖြစ်သောကြောင့် ယင်းသို့ ယုတ္တိမတန်သော အချက်ကို ထုတ်ဖော်ရဲသည်ဟု စွပ်စွဲ၏။ ထောက်ခံသည့်ဘက်ကမူ ဒါဝင် သည် ကမ္ဘာလောကတစ်ခုလုံးကို သိကျွမ်းသူဖြစ်သည်ဟု မြေ|ာက်ပြောကြ၏။
ဟပ်စလေသည် ဒါဝင်၏ အဆိုကို ထောက်ခံသူဖြစ်သော်လည်း တိုင်းပြည်သို့ ဟုတ်မှန်သည့် အတိုင်းသာ ရှင်းလင်းဖော်ပြလေသည်။ သိပ္ပံပညာရပ်၏ ဆန်းကြယ်မှုများကို လူပြိန်းများ နားလည်လာအောင် ဟောပြောနိုင်၏။ ဟပ်စလေရေးသားသော စာစောင်များကလည်း လူတို့၏ သိပ္ပံမျက်စိကို ဖွင့်ပေးသည်ဟု ဆိုရပေမည်။ ယင်းကဲ့သို့ လူများ သိပ္ပံပညာရပ်ဘက်တွင် စိတ်ဝင်စားလာကြသဖြင့် ယခုအခါ၌ စာသင်ကျောင်းတိုင်း၌ သိပ္ပံပညာရပ်ကို သင်ကြားပို့ချလျက် ရှိလေပြီ။ ဟပ်စလေသည် မှန်သည်ထင်သည့်အရာကို အမှန်ဟူ၍လည်းကောင်း၊ မှားသည်ထင်သည့်အရာကို အမှား ဟူ၍လည်းကောင်း ပြောရမည်ကို လုံးဝမကြောက်သူဖြစ်၍ မှန်သည့်ဘက်က အတိုက်အခံ ပြောရမည်ဆိုလျှင် အလျှော့ပေးလိုသူ မဟုတ်ချေ။ သစ္စာရှိရှိနှင့် မှန်ကန်စွာ ပြောရသည့်အခါတွင် ဟပ်စလေသည် ရှေ့ဆုံးမှ ထွက်ပြောဝံ့သူ တိုက်ဝံ့သူတစ်ယောက် ဖြစ်၏။ သူ့အလိုအားဖြင့် လူတိုင်းသည် ဟုတ်မှန်သည့်အတိုင်း ဖွင့်ပြောသူကို ကဲ့ရဲ့ရှုတ်ချ ဆဲရေးခြင်း မရှိစေရ။ ဟပ်စလေသည် နိုင်ငံပြု သုခမိန်ဂလက်စတုန်း၊ သာသနာဂိုဏ်းအုပ် ဝီလဗာဖို့ကဲ့သို့သော ပုဂ္ဂိုလ်ကျော်များနှင့် ဒါဝင်၏အဆိုနှင့် စပ်လျဉ်း၍ အတိုက်အခံ ပြောဆိုခဲ့လေသည်။ ဟပ်စလေသည် သိပ္ပံပညာဘက်၌ အရေးပါ အရာရောက်သော ပုဂ္ဂိုလ်တစ်ဦးဖြစ်သည့်အလျောက် ၁၈၈၁ ခုနှစ်မှ ၁၈၈၅ ခုနှစ်အထိ တော်ဝင်အသင်းတွင် ဥက္ကဋ္ဌ ဖြစ်ခဲ့၏။ သူ့အား ဂုဏ်ထူးဘွဲ့ထူး အမျိုးမျိုးဖြင့် ခြီးမြှင့်သော်လည်း လက်မခံပဲ ငြင်းပယ်ခဲ့လေသည်။ ၁၈၉၂ ခုနှစ်၌ ပရီဗီကောင်စီ လူကြီးအဖြစ် ချီးမြေ|ာက် ခြင်းကိုကား လက်ခံခဲ့၍ သုံးနှစ်ကြာသောအခါ အနားယူလိုက်လေသည်။ ထိုသို့ အနားယူချိန်တွင် သူ၏နာမည်မှာ သိပ္ပံပညာဘက်၌ လည်းကောင်း၊ ပညာရေးဘက်၌ လည်းကောင်း၊ အယူဝါဒဆိုင်ရာဘက်၌ လည်းကောင်း၊ လူမှုရေးရာ ပြုပြင်ပြောင်းလဲမှုဘက်၌လည်းကောင်း အထင်အရှား ကျန်ရစ်လေသည်။
သူ၏ ဉာာဏ်ရည်မျိုးကို သားစဉ်မြေးဆက်များထဲမှ အချို့ ဆက်ခံနိုင်ကြ၏။ သူ့သားကြီးဖြစ်သူ လီယိုနတ် ဟပ်စလေ သည် သူ့ဖခင်အကြောင်းအပြင် ထိပ်တန်းကျသော ကဗျာ အချို့ကို ဖွဲ့ဆိုရေးသားခဲ့၏။ သူသည် ကွန်းဟီးမဂ္ဂဇင်း အယ်ဒီတာ ဖြစ်၏။ ဟပ်စလေ၏ မြေးများဖြစ်သော ဂျူလီယန်နှင့် အောဒပ်ဟပ်စလေတို့သည် ပါဏဗေဒပါမောက္ခနှင့် အဂ‡လိပ် ပုံဝတ္ထုရေးဆရာများ အသီးသီး ဖြစ်ကြလေသည်။ တောမတ် ဟင်နရီ ဟပ်စလေသည် ၁၈၉၅ ခု ဇွန်လ ၂၉ ရက်နေ့၌ အီးစဗုန်းမြို့တွင် ကွယ်လွန်လေသည်။[၁]
ကိုးကား[ပြင်ဆင်ရန်]
- မြန်မာ့စွယ်စုံကျမ်း၊ အတွဲ(၁၄)",4.0,3.0,3.0,3.0,4.0,"The text is a biographical summary of Thomas Henry Huxley, suitable for educational use. It explains his contributions to science and the Darwinian debate with moderate reasoning. It is written in natural, formal Burmese, though it contains some minor encoding artifacts (e.g., 0x100) and boilerplate references from the source encyclopedia."
<urn:uuid:5e464dee-ea77-47ce-a864-a2fb2fddaffa>,"ရထားလမ်းစီမံကိန်း TNLA က တရုတ်နှင့်ဆွေးနွေးလို
ရှမ်းပြည်မြောက်ပိုင်းရှိ တအာင်း(ပလောင်) အမျိုးသားလွတ်မြောက်ရေးတပ်မတော် (TNLA) ထိန်းချုပ်နယ်မြေကို ဖြတ်သန်းသွားမည့် မူဆယ်-မန္တလေး ရထားလမ်းစီမံကိန်းအတွက် TNLA အဖွဲ့က တရုတ်အစိုးရနှင့် ဆွေးနွေးလိုကြောင်း ပြောသည်။
“ဒီစီမံကိန်းနဲ့ပတ်သက်ပြီး တရုတ်နိုင်ငံက ကျနော်တို့နဲ့ ဆွေးနွေးစေချင်တာ။ ကျနော်တို့ ထိန်းချုပ်ဒေသမှာ ရှိတဲ့ ဒီစီမံကိန်းအတွက် ညှိနှိုင်းတဲ့အခါ တရုတ်ဖက်က ကျနော်တို့ကို အသိအမှတ်ပြုစေလိုတယ်” ဟု TNLA ဗိုလ်မှူးချုပ် တာဖုန်းကျော်က ဧရာဝတီသို့ ပြောသည်။
တရုတ်နိုင်ငံ၏ ရပ်ဝန်းတခု၊ လမ်းတခု အစီအစဉ် (BRI) အရ မန္တလေးနှင့် တရုတ်နယ်စပ် မူဆယ်တို့ကို ဆက်သွယ်သည့် မြန်နှုန်းမြင့် ရထားလမ်းအတွက် ပဏာမစစ်ဆေးမှုများပြုလုပ်ရန် တရုတ်နှင့် မြန်မာအစိုးရများ လွန်ခဲ့သော အောက်တိုဘာလက နားလည်မှု စာချွန်လွှာ လက်မှတ်ရေးထိုးခဲ့သည်။
ထိုရထားလမ်းသည် ၄၃၁ ကီလိုမီတာ ရှည်လျှားပြီး TNLA ထိန်းချုပ်ဒေသ အပါအဝင် ရှမ်းပြည်နယ်မှ ပဋိပက္ခနယ်မြေများကို ဖြတ်သန်းသွားသည်။ ထို စီမံကိန်းကို ပြည်ထောင်စု အစိုးရနှင့်သာ ဆွေးနွေးပြီး ၎င်းတို့နှင့် မဆွေးနွေးသောကြောင့် စိတ်မသက်မသာ ဖြစ်ရကြောင်း TNLA က ပြောသည်။
“ကျနော်တို့ တအာင်းတိုင်းရင်းသားတွေက ဒီမြေရဲ့မူလပိုင်ရှင်တွေပါ။ ကျနော်တို့ဒေသမှာ စီမံကိန်းအကြီးစားတွေ လာလုပ်ရင် တရုတ်နိုင်ငံက ကျနာ်တို့နဲ့ ဆွေးနွေးဖို့လိုမယ်” ဟု ဗိုလ်မှူးချုပ် တာဖုန်းကျော်ပြောသည်။
တပ်မတော်က ကြေညာထားသည့် မြန်မာနိုင်ငံမြောက်ပိုင်းနှင့် အရှေ့ပိုင်းတွင် လေးလကြာ အပစ်အခတ်ရပ်စဲရေးကို အခွင့်ကောင်းယူပြီး တရုတ်နိုင်ငံသည် ဒီဇင်ဘာလ နှောင်းပိုင်မှ စတင်ကာ ရထားလမ်းအတွက် ကနဦး လေ့လာစမ်းစစ်မှုများပြုလုပ်နေကြောင်းနှင့် ထိုအလုပ်သမားများကို အကာအကွယ်ပေးရန် TNLA ကို ပြောထားကြောင်းလည်း သူပြောသည်။
“ ဒီစီမံကိန်းအတွက်လာတဲ့ အင်ဂျင်နီယာတွေ အလုပ်သမားတွေကို အကာအကွယ်ပေးဖို့ပဲ တရုတ်က ကျနော်တို့ကိုပြောတယ်။ ကျနော်တို့ အမြင်မှာတော့ တရုတ်က ကျနော်တို့ကို အသိအမှတ်မပြုချင်ဘူး” ဟုလည်း သူပြောသည်။
ထိုစီမံကိန်းနှင့် ပတ်သက်သော ပူပန်မှုများကို အာရှရေးရာ တရုတ်အထူးသံတမန် ဆွန်ကော့ရှန်နှင့် ဆွေးနွေးနွေးခဲ့သော်လည်း အထူးသံတမန်က အလေးမထားကြောင်းလည်း သူပြောသည်။
အဆိုပြုရထားလမ်းသည် တပ်မတော်နှင့် တိုင်းရင်းသားလက်နက်ကိုင်များ မကြာခဏ တိုက်ပွဲဖြစ်ပွားသောဒေသဖြစ်ကြောင်းနှင့် တရုတ်နိုင်ငံအနေဖြင့် အငြင်းပွားမှုများဖြေရှင်းပြီးသည်အထိ စီမံကိန်းကို ဆိုင်းငံ့သင့်ကြောင်းလည်း ဗိုလ်မှူးချုပ် တာဖုန်းကျော်ပြောသည်။ ရထားလမ်းအတွက် ဒေသခံများကို အစိုးရက လုံလောက်စွာ လျှော်ကြေး မပေးမည်ကို TNLA က စိုးရိမ်ကြောင်းလည်း သူပြောသည်။
“ ဒီစီမံကိန်းကနေ ကျနော်တို့ဒေသခံပြည်သူတွေ ရသင့်ရထိုက်တဲ့ အကျိုးကျေးဇူးမရမှာ အရမ်းစိုးရိမ်တယ်” ဟုလည်း သူပြောသည်။
လွန်ခဲ့သောနှစ်များအတွင်း ရှမ်းပြည်နယ်မြောက်ပိုင်းတွင် တရုတ်နိုင်ငံက ဓါတ်ငွေ့ပိုက်လိုင်း တည်ဆောက်စဉ်ကကဲ့သို့ ထပ်မံဖြစ်မည်ကို TNLA က စိုးရိမ်နေသည်။ ထိုစဉ်က ဒေသခံများ၏ ဆုံးရှုံးမြေအတွက် ကျောင်းအနည်းငယ် ဆောက်လုပ်ပေးခြင်းသာ ရရှိခဲ့သည်။
“လျှော်ကြေးရတဲ့သူ အရမ်းနည်းတယ်” ဟု ဗိုလ်မှူးချုပ်တာဖုန်းကျော်ပြောသည်။ ဒေသခံများအတွက် တရုတ်နိုင်ငံက မြန်မာအစိုးရသို့ပေးသော လျှော်ကြေးအများစုကို အရာရှိများက ယူထားလိုက်သည်ဟုလည်း သူက စွပ်စွဲသည်။
တရုတ်နိုင်ငံသည် တရုတ်နယ်စပ်ရှိ တိုင်းရင်းသားလက်နက်ကိုင်များ၊ တပ်မတော်နှင့် အစိုးရတို့ကြား ဆွေးနွေးပွဲများစွာကို ကြားဝင်ဆောင်ရွက်ပေးနေသည်။ BRI စီမံကိန်းရှိရာ နယ်စပ်ရှိ တိုင်းရင်းသားလက်နက်ကိုင်များအနေဖြင့် မတိုက်ခိုက်ကြရန်လည်း မကြာခဏ တိုက်တွန်းသည်။
( Lawi Weng ၏ Ta’ang Armed Group Wants Talks With China on Rail Project ကို ဆီလျော်အောင် ဘာသာပြန်သည်။)",3.0,3.0,3.0,5.0,5.0,"The text is a well-written, journalistic report on a specific geopolitical issue in Myanmar. It provides educational value regarding regional infrastructure and ethnic politics, demonstrates logical reporting of grievances, uses professional journalistic language, is perfectly clean, and reflects authentic Burmese political and cultural context."
<urn:uuid:db42b4df-9c54-48e3-8c15-0b0cced7bf1f>,"တန္တရအယူဝါဒ
""'တန္တရအယူဝါဒ'""(Tantrism)သည် အိန္ဒိယနိုင်ငံတွင် ရှေးက ထွန်းကားခဲ့သည့် ယုံကြည်ကိုးကွယ်မှု တစ်မျိုးဖြစ်သည်။ ကန္တရစ်ကျမ်းများကို သက္ကတဘာသာနှင့် ရေးသားထားခဲ့၍ တန်ခိုးဣဋိပါဒ်နှင့် ဆိုင်သော မန္တာန်၊ မန္တရား၊ အင်းအိုင်လက်ဖွဲ့များကို အသုံးပြုခဲ့ကြသည်။ [၁]
မြန်မာနိုင်ငံ[ပြင်ဆင်ရန်]
အနော်ရထာမင်း လက်ထက်မတိုင်မီက ပုဂံတွင် မဟာယာနဗုဒ္ဓဘာသာ ကိုးကွယ်မှု၊ အရည်းကြီးကိုးကွယ်မှု၊ နတ်ကိုးကွယ်မှု တို့အပြင် တန္တရအယူဝါဒသည်လည်း ထင်ရှားသော အယူဝါဒဖြစ်သည်။ မိမိတို့ကို အကျိုးပေးသောအရာ၊ မိမိတို့ ကြောက်ရွံ့ရသောအရာ၊ မိမိတို့ ချစ်ခင်မြတ်နိုးသောအရာ အစရှိသည်တို့ကို ကိုးကွယ်ရာအဖြစ်မှတ်ယူ ကိုးကွယ်ကြခြင်းကို တျံတြစ်အယူဝါဒ ဟုခေါ်သည်။ ဥပမာအားဖြင့် ကျားကို ကြောက်ရွံ့သောသူသည် ကျားရုပ်ကို ထုဆစ်ကိုးကွယ်လေ့ရှိသကဲ့သို့ ဟင်္သာကို ချစ်မြတ်နိုးသောသူသည် ဟင်္သာရုပ်ကို ထုဆစ်ကိုးကွယ်လေ့ရှိကြသည်။ ထို့အပြင်လူတို့သည် ၎င်းတို့အား အစာရေစာပေးသော တောတောင်တို့ကိုလည်း ကိုးကွယ်ရာအဖြစ်မှတ်ယူကိုးကွယ်လေ့ရှိကြသည်။ အနော်ရထာမင်း နန်းတက်သောအခါတွင် ထိုနတ်ရုပ်အားလုံးကို ဘုရင့်အာဏာဖြင့် သိမ်းဆည်း၍ ပုဂံရှိ နတ်လှောင်ကျောင်းအတွင်း၌ ချုပ်လှောင်ထားခဲ့သည်ဟု အဆိုရှိကြသည်။ သို့သော် မြန်မာ့သမိုင်းပညာရှင် ဒေါက်တာသန်းထွန်း က အနော်ရထာသည် မည်သည့်အခါမှ အာဏာအသုံးပြု၍ သာသနာပြုခဲ့သူ မဟုတ်ဟု ဆိုခဲ့ဖူးသဖြင့် ထိုအဆိုမှန်ကန်ကြောင်းကို အတည်ပြုရန် ခဲယဉ်းသည်။
ကိုးကား[ပြင်ဆင်ရန်]
- လှသမိန်။ ဗဟုသုတစွယ်စုံ(၁၉၇၈၊ဧပြီလ)",4.0,3.0,3.0,3.0,4.0,"The text provides a clear, educational overview of Tantrism in the context of Burmese history. It includes historical references and academic perspectives (Dr. Than Tun). While it contains some wiki-style boilerplate (e.g., [ပြင်ဆင်ရန်]), the content is coherent, informative, and reflects authentic local historical discourse."
<urn:uuid:4cfea3ed-7f78-46eb-9bfe-7179db39167c>,"· သူတို့လေးတွေကို အစာကျွေးပြီး/နို့တိုက်ပြီး နာရီဝက်လောက်အထိ မတ်မတ်ထားပါ။
· နို့ဗူးတိုက်တဲ့အခါ cereal လေးတွေထည့်ပြီး ပိုပျစ်အောင် ဖျော်ပါ (ကလေးအထူးကုဆရာဝန်နဲ့ အရင်တိုင်ပင်ဆွေးနွေးပြီး အကြံဉာဏ်တောင်းခံရပါမယ်)။
· အစားအသောက်ကျွေးတဲ့/နို့တိုက်တဲ့ အချိန်နဲ့ပုံစံကို ပြောင်းလဲကြည့်ပါ။
· (ကလေးအထူးကုဆရာဝန်က ခွင့်ပြုရင်) အရည်အပြင် အဖတ်လေးတွေလည်း ကျွေးကြည့်ပါ။
နည်းနည်းပိုကြီးတဲ့ ကလေးတွေအတွက်
· အိပ်ယာခေါင်းရင်းကို မြှင့်ထားပေးပါ။
· အစာစားပြီး နှစ်နာရီလောက်အကြာထိ မတ်မတ်နေပါစေ (မလှဲပါစေနဲ့)။
· ထမင်းသုံးနပ်ကို အပီအပြင်တွယ်မယ့်အစား တနေကုန် နည်းနည်းချင်းစီ စားပါစေ။
· အစာအိမ်အချဉ်ရည်ပြန်ဆန်တက်တာကို ပိုဆိုးစေတဲ့ ဘယ်လိုအစားအသောက်မျိုးကို မဆို မစားမိ၊မသောက်မိပါစေနဲ့။
· ကိုယ်လက်လေ့ကျင့်ခန်းပုံမှန်လုပ်ချင်လာအောင် တိုက်တွန်းအားပေးပါ။
ရောဂါမသက်သာရင် ဒါမှမဟုတ် ပိုဆိုးလာရင် ဆေးဝါးကုသမှု စတင်ခံယူဖို့ လိုလာပါပြီ။Simethicone နဲ့ Calcium carbonate antacid အစရှိတဲ့ ဆေးတွေဟာ ရောဂါလက္ခဏာတွေကို သက်သာစေမှာ ဖြစ်ပါတယ်။ အစာအိမ်က အက်ဆစ်ထွက်ရှိမှုကို လျော့ကျစေနိုင်မယ့် ဆေးတွေကိုလည်း သင့်ဆရာဝန်ကို ပေးကောင်းပေးပါလိမ့်မယ်။
ဒါပေမယ့် ဒီဆေးတွေဟာ မွေးကင်းစကလေးတွေမှာ အကျိုးသက်ရောက်မှုရှိမရှိကို သုတေသနပညာရှင်တွေအနေနဲ့ယတိပြတ်မပြောနိုင်သေးပါဘူး။
ယေဘုယျအားဖြင့် antacids တွေနဲ့ လေနိုင်ဆေးတွေဟာ ဘာပြဿနာဆိုးကျိုးမှ မရှိတတ်ပေမယ့် ဆေးပမာဏများရင်တော့ ဝမ်းလျှောတာ အစရှိတဲ့ ဘေးထွက်ဆိုးကျိုးတွေကို ဖြစ်စေနိုင်ပါတယ်။
ကလေးတွေအနေနဲ့ အထက်ပါဆေးတွေကို ကာလကြာရှည်စွာ ပမာဏခပ်များများ သုံးစွဲမယ်ဆိုရင် အရိုးပါးခြင်း နဲ့ ဗီတာမင် B12 ချို့တဲ့ခြင်း စတဲ့ ပြဿနာတွေကို ရင်ဆိုင်ရစေနိုင်ပါတယ်။
ခွဲစိတ်မှု ပြုလုပ်ဖို့ရော လိုအပ်ပါသလား။
အစာအိမ်အချဉ်ရည်ပြန်ဆန်တက်တဲ့ ဝေဒနာကို ခံစားနေရတဲ့ ကလေးအများစုအတွက်တော့ ခွဲစိတ်မှုခံယူဖို့ မလိုအပ်တာ အမှန်ပါ။ ဒါပေမယ့် ဆေးမျိုးစုံပြီး မသက်သာတဲ့ ကလေးတွေ၊GERD ကြောင့် နမိုးနီးယားကဲ့သို့သော် အသက်ရှုလမ်းကြောင်းဆိုင်ရာ ပြဿနာတွေကို ရင်ဆိုင်လာရတဲ့ ဒါမှမဟုတ် အခြားသော ဆိုးရွားတဲ့ နောက်ဆက်တွဲပြဿနာတွေကို ခံစားလာရတဲ့ ကလေးတွေမှာတော့ ခွဲစိတ်မှုပြုလုပ်နိုင်ပါတယ်။
ဘယ်လိုခွဲစိတ်မှုမျိုးမဆို အနည်းနဲ့ အများတော့ အန္တရာယ်ရှိတာချည်းပဲမို့ ခွဲစိတ်မှုမခံယူခင်မှာ ဆရာဝန်နဲ့ သေချာစွာ တိုင်ပင်ဆွေးနွေးပါ။ ဒါမှသာ ခွဲစိတ်ခြင်းဟာ ကလေးအတွက် မှန်ကန်တဲ့ ကုသမှုနည်းလမ်း ဟုတ်မဟုတ်ကို မိဘတွေအနေနဲ့ သိရှိဆုံးဖြတ်နိုင်မှာ ဖြစ်ပါတယ်။",4.0,3.0,3.0,5.0,4.0,"The text provides practical, medically-oriented advice for parents regarding infant/child acid reflux. It is well-structured, uses natural Burmese, and maintains a professional yet accessible tone. It balances actionable tips with necessary medical caveats, making it highly useful for caregivers, though it lacks the depth of a formal medical textbook."
<urn:uuid:d029a89e-001b-4fe5-929e-dfeab6ea96aa>,"ပစ်ခတ်တိုက်ခိုက်မှု ရပ်စဲရေးဆိုင်ရာ ပူးတွဲစောင်ကြည့်ကော်မီတီ (Joint Monitoring Committee- JMC) ရဲ့ ၃ ရက်ကြာ အစည်းအဝေးကို မြန်မာငြိမ်းချမ်းရေးစင်တာ MPC မှာ မနေ့က နောက်ဆုံးနေ့အဖြစ် ကျင်းပခဲ့ပါတယ်။ ဒီဆွေးနွေးပွဲမှာ အစိုးရတပ်တွေရော တိုင်းရင်းသား လက်နက်ကိုင်တပ်ဖွဲ့တွေကပါ နှစ်ဖက်လိုက်နာရမယ့် စည်းမျဉ်းစည်းကမ်း (Code of Conduct) တွေကို လာမယ့်တလအတွင်း အပြီးသတ် ရေးဆွဲနိုင်မယ်လို့ မျှော်လင့်ကြောင်း MPC အဖွဲ့ကပြောပါတယ်။ JMC စည်းဝေးပွဲမှာ ဘာတွေအဓိက ဆွေးနွေး-သဘောတူနိုင်ခဲ့လဲလို့ VOA ကိုဉာဏ်ဝင်းအောင်က ဆက်သွယ်မေးမြန်းတဲ့အခါMPC အဖွဲ့တာဝန်ရှိသူ ဦးလှမောင်ရွှေက အခုလို စတင်ဖြေကြားပါတယ်။
ဦးလှမောင်ရွှေ။ ။ JMC ဆိုတာ NCA လက်မှတ်ရေးထိုးပြီးရင် တစ်လအတွင်းမှာကို JMC ဆိုတာကို ဖွဲ့စည်းရမယ်။ နောက် နှစ်ဖက်တပ်ဖွဲ့တွေ လိုက်နာရမယ့် Code of Conduct ဆိုတာကို ဆွဲပြီးဖြစ်ရမယ်။ အခု ဆွေးနွေးပွဲမှာ တော်တော်များများ ဆွေးနွေးနိုင်ခဲ့တယ်ဗျ။ ဆွေးနွေးထားတဲ့ အချက်တွေကို လာမယ့် နိုဝင်ဘာလ ၁၆ ရက်နေ့ နေပြည်တော်မှာ နှစ်ဘက်ခေါင်းဆောင်တွေပါတဲ့ joint committee ပေါ့နော်၊ JMC မှာ အတည်ပြုပြီးလို့ရှိရင် ဒီဟာ အသက်ဝင်မယ်။ …..ရှိလာမယ့်အတွက် နှစ်ဘက် စောင့်ကြည့်လေ့လာပြီးတော့ အကဲဖြတ်လို့ရမယ့်ဟာကို စောင့်ရပါမယ်။
ကိုဉာဏ်ဝင်းအောင်။ ။ ပူးတွဲစောင့်ကြည့်ရေးကာလမှာ ကုလသမဂ္ဂအပါအဝင် နိုင်ငံတကာအဖွဲ့အစည်းတွေကကော လာပြီးတော့ပူးတွဲစောင့်ကြည့်ခွင့်ကို ဘယ်လို ပေးထားပါသလဲ။
ဦးလှမောင်ရွှေ။ ။ အဲလိုမျိုး နိုင်ငံတကာအဖွဲ့လိုဟာမျိုးတွေတော့ ကျနော်တို့ပေါ်လစီကတော့ နှစ်ဘက်လုံးမှာ မရှိပါဘူး။ ဒါပေမယ့် လိုအပ်လို့ ရှိရင်တော့ ဖိတ်ကြားပြီးတော့ ဒီဘက်မှာ အကြံဉာဏ် သို့မဟုတ် သင်တန်းပေါ့လေ၊ ဒီလိုဟာမျိုးတွေလုပ်တတ်အောင်တော့ နှစ်ဘက် သဘောတူညီချက်မှာ ပါပါတယ်ဗျ။
ကိုဉာဏ်ဝင်းအောင်။ ။ အခုကာလအတွင်းမှာရော လက်မှတ်ထိုးထားတဲ့ (၈) ဖွဲ့ ထိန်းချုပ်ထားတဲ့ဒေသတွေမှာ အစိုးရတပ်တွေနဲ့ တိုက်ပွဲဖြစ်နေတာမျိုးတွေ ရှိပါသလား။
ဦးလှမောင်ရွှေ။ ။ လက်မှတ်ထိုးတဲ့ အောက်တိုဘာလ (၁၅) ရက်ကနေ ဒီနေ့အထိတော့ ဘာမှ မရှိပါဘူးခင်ဗျ။ ဒါပေမယ့် ပဋိပက္ခဆိုတာ အောက်ခြေမှာရှိတဲ့ အချင်းချင်းပေါ့လေ၊ နားလည်လွဲတာမျိုးကလည်း ဖြစ်နိုင်တာ နိုင်ငံတကာမှာလည်း ရှိတော့ အဲလိုဟာမျိုးက မဖြစ်အောင်ဆိုတဲ့ဟာကို အခု စပြင်ဆင်တာပါပဲ။ Code of conduct ကို အတည်ပြုပြီးလို့ရှိရင်လည်း အခုလက်မှတ်ထိုးထားတဲ့ တိုင်းရင်းသား (၈) ဖွဲ့ရှိတာပေါ့လေ။ ဘာသာစကားအားဖြင့်တေ့ာ (၆) မျိုးဖြစ်မှာပေါ့နော်။ ဒါမျိုးတွေနဲ့လည်း ပုံနှိပ်ရိုက်ဝေပြီးတော့ နှစ်ဘက်တပ်တွေကြားမှာ ဖြန့်မယ်၊ ပြည်သူလူထု ကြားမှာလည်း ဖြန့်ဖို့ဆိုတဲ့အထိ ပါတဲ့အတွက် နောင်ကျင်းပမယ့် နိုင်ငံရေးဆွေးနွေးပွဲတွေက တည်တည်ငြိမ်ငြိမ်နဲ့ ယုံကြည်မှုရှိရှိနဲ့ ပိုဆက်သွားနိုင်မယ် ဆိုတာကိုလည်း ဆွေးနွေးပွဲမှာ နှစ်ဘက်ခေါင်းဆောင်တွေက သဘောတူကြပါတယ်ဗျ။
ကိုဉာဏ်ဝင်းအောင်။ ။ နောက်တစ်ခုက NCA ကို လက်မှတ်မထိုးရသေးဘဲ ကျန်နေတဲ တိုင်းရင်းသားလက်နက်ကိုင်တပ်ဖွဲ့တွေနဲ့ အပစ်အခတ် ရပ်စဲရေး ကိစ္စတွေအတွက် ဘာတွေ ဆက်လက်ညှိနှိုင်းသွားဖို့ရှိပါလဲ။
ဦးလှမောင်ရွှေ။ ။ အခု ကျနော်တို့နားလည်သလောက်တော့ JMC ဆွေးနွေးပွဲပြီးရင် တိုင်းရင်းသားကိုယ်စားလှယ်တွေလည်း သူတို့ရဲ့ စုဖွဲ့တဲ့နေရာတွေကို သူတို့ပြန်ကြမယ်။ နောက် သူတို့နဲ့ အခြားပေါ့လေ (လက်မှတ်) မထိုးနိုင်သေးတဲ့လူတွေလည်း တွေ့ဆုံနိုင်ဖို့ ကျနော်တို့ မျှော်လင့်ထားတယ်ပေါ့။ ကျနော်တို့ Myanmar Peace Center အလုပ်အဖွဲ့တွေလည်း နိုဝင်ဘာ (၄) ရက်ကနေပြီး (၁၁) ရက်အထိကို ချင်းမိုင်ဘက်မှာသွားပြီးတော့ မထိုးနိုင်သေးတဲ့ အဖွဲ့တွေနဲ့ တွေ့ဆုံပြီးတော့ တင်ပြဖို့ကို ကျနော်တို့ ကြိုးစားနေတဲ့အတွက် အဲဒီ နှစ်ဘက်လုံးရဲ့ကြိုးစားမှုတွေဟာ လာမယ့် နိုဝင်ဘာလ ၁၆ ရက်နေ့မှာ ပြန်ဆုံမယ့် JMC မှာကျရင်တော့ ရလဒ်တချို့တွေလည်း ရှိလာနိုင်ပါတယ်။ All Inclusive လို့ပြောတာကို အစိုးရဘက်ကတော့ ငြင်းပယ်တာမဟုတ်ဘူး၊ ဒါပေမယ့် လက်တွေ့ဆန်ဖို့တော့ လိုတာပေါ့။
ကိုဉာဏ်ဝင်းအောင်။ ။ အခုဆိုရင် ရွေးကောက်ပွဲကလည်း နီးလာပြီဆိုတော့ NCA ကိုလက်မှတ်ထိုးပြီးတော့ ရက်ပေါင်း (၉၀) အတွင်းမှာ နိုင်ငံရေးဆွေးနွေးပွဲတွေ စလုပ်မယ်ဆိုတဲ့ NCA စာချုပ်ပါ ကိစ္စရော လက်တွေ့မှာ ဘယ်လောက်ထိ ဖြစ်လာနိုင်ပါသလဲ။
ဦးလှမောင်ရွှေ။ ။ ဒီလက်မှတ်ရေးထိုးပြီး နှစ်ပတ်အတွင်းမှာ ဘယ်လို - ရက် (၃၀) အတွင်းမှာ ဘယ်လိုဆောင်ရွက်ရမယ်၊ ရက် (၆၀) ၊ (၉၀) ဆိုတာဟာ အစိုးရ…..အဆိုပြုခဲ့တာမဟုတ်ဘူးဗျ။ တိုင်းရင်းသားတွေဘက်က သူတို့တင်ခဲ့တဲ့အဆိုဗျ။ သူတို့တင်ခဲ့တဲ့အဆိုကိုလည်း ဒီဘက်ကလည်း လက်ခံပြီးတော့ လက်မှတ်လည်းထိုးပြီးသားဖြစ်တဲ့အတွက် NCA သဘောတူညီချက်အတိုင်းပဲ ဆက်သွားမှာဖြစ်တဲ့အတွက် နိုင်ငံရေးဆွေးနွေးပွဲကလည်း လုပ်ကိုလုပ်ရမယ် ဆိုတာ သဘောတူပြီးသားပါပဲ။ ဒါပေမယ့် ဒီ NCA ဆိုတာ လွယ်လွယ်ကူကူ ရလာတာလည်း မဟုတ်တဲ့အတွက် ဒီကတိကဝတ်ကလည်း ဆက်သွားသင့်တယ်ပေါ့လေ။",3.0,3.0,3.0,4.0,5.0,"The text is a transcript of a news interview regarding the Burmese peace process. It provides factual, educational insight into political mechanisms like the JMC and NCA. The reasoning is clear, following a logical Q&A structure. It is written in natural, authentic Burmese, reflecting local political terminology and context."
<urn:uuid:b2c01a41-0925-4b35-b929-bca45633ba1a>,"Unofficial Burmese translation of the report of the detailed findings of the Independent International Fact-Finding Mission on Myanmar at 39th session of Human Rights Council. (10-28 Sep 2018)
လူ့အခွင့်အရေး ကောင်စီ Human Rights Council ၃၉ ကြိမ်မြောက်အစည်းအဝေး
(စက်တင်ဘာလ ၁၀ ရက်နေ့ မှ ၁၈ ရက်နေ့ အထိ၊ ၂၀၁၈ ခုနှစ်)
အနှစ်ချုပ်
လူ့အခွင့်အရေး ကောင်စီအနေဖြင့် ၎င်း၏ဆုံးဖြတ်ချက် ၃၄/၂၂ အရ လွတ်လပ်သော နိုင်ငံတကာ အချက်အလက်ရှာဖွေရေး မစ်ရှင်ကို ဖွဲ့စည်းတည်ထောင်ခဲ့ပါသည်။ ပေးအပ်ထားသော လုပ်ပိုင်ခွင့်အရ မစ်ရှင်အနေဖြင့် ၂၀၁၁ ခုနှစ်ကတည်းက စတင်ဖြစ်ပွားခဲ့သော ကချင်၊ ရခိုင်နှင့် ရှမ်းပြည်နယ်ရှိ အခြေအနေများကို ဦးတည်အာရုံထားခဲ့ပါသည်။ ၎င်းအနေဖြင့် လွတ်လပ်စွာထုတ်ဖေါ်ခွင့်၊ စုရုံးခွင့်နှင့် ငြိမ်းချမ်းစွာ ဖွဲ့စည်းခွင့်များအပေါ် ချိုးဖောက်မှုများအပြင် အမုန်းစကားများအပေါ် မေးခွန်းများကိုလည်း စုံစမ်းစစ်ဆေးခဲ့ပါသည်။ မစ်ရှင်အနေဖြင့် နိုင်ငံတကာ လူသားချင်းစာနာမှုဆိုင်ရာ ဥပဒေများအပေါ် ပြင်းထန်စွာ ချိုးဖောက်မှုများအပြင် ကချင်၊ ရခိုင်နှင့် ရှမ်းပြည်နယ်များရှိ ကြီးမားသော လူ့အခွင့်အရေးချိုးဖောက်မှုများနှင့် အလွဲသုံးစားပြုမှုများ၏ တသမတ်တည်းဖြစ်နေသော ပုံစံများကို ဖေါ်ထုတ်ခဲ့ပါသည်။ ထိုကိစ္စများကို အဓိကကျုးလွန်သူများမှ မြန်မာ့လုံခြုံရေး တပ်ဖွဲ့များဖြစ်ပြီး ပဓာနာကျသူမှာ စစ်တပ်ဖြစ်ခဲ့ပါသည်။ ၎င်းတို့၏ စစ်ဆင်ရေးများမှာ မူဝါဒများနှင့် နည်းပရိယာယ်များ အပေါ်တွင် အခြေခံထားခဲ့ခြင်းဖြစ်ပြီး အရပ်သားများအား လက်လွတ်စပယ် ပစ်မှတ်ထားခြင်းများ အပါအဝင် နိုင်ငံတကာ ဥပဒေများအပေါ် လေးစားလိုက်နာရန် အစဉ်တစိုက်ပျက်ကွက်ပြီး ဆောင်ရွက်ခဲ့ခြင်းဖြစ်သည်။
အခွင့်အရေး ချိုးဖောက်မှုအများအပြားမှာ နိုင်ငံတကာ ဥပဒေအရ ကြီးမားသော ရာဇဝတ်မှုများအဖြစ်သို့ ရောက်ရှိစေပါသည်။ ပြည်တွင်းအဆင့်၌ ကျယ်ကျယ်ပြန့်ပြန့် ရှိနေသော အပြစ်ပေးခံရမှုမှ ကင်းလွတ်ခွင့်ရသည့် ယဉ်ကျေးမှု ရှိနေသည့်အချိန်တွင် တာဝန်ယူမှု၊ တာဝန်ခံမှုကို ဖြစ်စေနိုင်သော အင်အားသည် နိုင်ငံတကာ အသိုင်းအဝန်းမှ လာရောက်မှဖြစ်တော့မည်။ လူမျိုးတုန်းသတ်ဖြတ်မှု၊ လူသားမျိုးနွယ်အပေါ် ကျုးလွန်သော ရာဇဝတ်မှုနှင့် စစ်ရာဇဝတ်မှုများအပေါ် နိုင်ငံတကာ ရာဇဝတ်မှုတရားရုံးတခုတွင် စစ်ဆေး၊ အရေးယူနိုင်ရေးအတွက် မြန်မာ့တပ်မတော်မှ အဆင့်မြင့်ဗိုလ်ချုပ်များအား အမည်နာမ ဖေါ်ထုတ်ပြသခြင်း အပါအဝင် ဤအစီရင်ခံစာ အဆုံးသတ်၌ တိကျသော အကြံပြုချက်များကိုလည်း ဤတင်ပြမှုက ဖြစ်စေသည်။
ယခုလက်ရှိမှတ်တမ်းတွင် မစ်ရှင်၏ အသေးစိပ်တွေ့ရှိချက်များပါဝင်ပါသည်။ ၎င်း၏ အဓိကကျသော တွေ့ရှိချက်များနှင့် အကြံပြုချက်များကို A/HRC/39/64 မှတ်တမ်းတွင် ရှာဖွေတွေ့ရှိနိုင်ပါသည်။
*******
ဤအစီရင်ခံစာ သည် ၂၀၁၈ ခုနှစ် စက် တင်ဘာလ ၁၇ ရက်နေ့ ကုသမဂ္ဂ လူ့အခွင့်အရေးကောင်စီ ၃၉ ကြိမ်မြောက် အစည်းအဝေးတွင် တင်သွင်းခဲ့သော မြန်မာပြည်ဆိုင်ရာ လွတ်လပ်သော နိုင်ငံတကာ အချက်အလက်ရှာဖွေရေး မစ်ရှင်၏ အသေးစိတ် တွေ့ရှိချက်များအပေါ် အစီရင်ခံစာအား တရားမဝင် ဘာသာပြန်ထားခြင်း ဖြစ်ပါသည်။ ဤတွင် ဘာသာပြန်ဆိုချက်နှင့် အဓိပ္ပယ်ဖွင့်ဆိုချက်များ၊ ဘာသာပြန်အဖွဲ့၏ တာဝန်သာဖြစ်ပါသည်။ မိမိတို့အနေဖြင့် တိုင်းရင်းသားလူမျိုးများနှင့် အဖွဲ့အစည်းများ၏ နာမည်များ၊ ကျေးရွာ မြို့အမည်များကို အတတ်နိုင်ဆုံး၊ အနီးစပ်ဆုံး ဖြစ်အောင် ကြိုးစားခဲ့သော်လည်း လွဲချော်မှုများ ရှိနေပါက မိမိတို့အားနည်းချက်အဖြစ် နားလည်၍ ဖြည့်စွက် ဖတ်ပေးကြပါရန် မေတ္တာရပ်ခံအပ်ပါသည်။ အချို့သော စကားလုံး/အခေါ်အဝေါ်များမှာ မြန်မာစကားလုံး အသစ်တီထွင်ထားသကဲ့သို့ ဖြစ်နေသောကြောင့် နားလည်ရခက်သည်ဆိုလျှင်လည်း မိမိတို့ အားနည်းချက်သာ ဖြစ်ကြောင်း ထပ်ဆင့် ဝန်ခံအပ်ပါသည်။
(ဘာသာပြန်အဖွဲ့)",3.0,3.0,4.0,4.0,4.0,"The text is a formal summary of a UN human rights report. It provides significant educational value regarding international law and Myanmar's political context. The reasoning is structured and logical. It requires a moderate level of political and legal literacy to fully comprehend. The text is clean, well-formatted, and uses natural, formal Burmese appropriate for the subject matter."
<urn:uuid:77646ee9-7618-4d39-97b8-d9cd41255496>,"ဗထူး။ ရိုးမ ၃။ သြဂုတ် ၁၈၊ ၂၀၀၇
ယခုလ (၁၅) ရက်နေ့က လောင်စာဆီဈေးနှုန်းများ အဆမတန်မြှင့်တင်လိုက်သည့်အတွက် ဖြစ်ပေါ်လာမည့် ငွေကြေးဖောင်းပွမှု၊ ကုန်ဈေးနှုန်းကြီးမြင့်မှုနှင့် အထွေထွေအကြပ်အတည်း များကို စစ်အစိုးရအနေဖြင့် အရေးတကြီးဖြေရှင်းပေးရန် ၈၈ မျိုးဆက် ကျောင်းသားများက တောင်းဆိုလိုက်သည်။
လောင်စာဆီဈေးနှုန်းများတိုးမြှင့်လိုက်သည့်အတွက် လတ်တလော ဖြစ်ပေါ်နေသည့် အကြပ်အတည်းနှင့် နောက်ဆက်တွဲ ပြဿနာရပ်များကို ထောက်ပြကာ ၈၈ မျိုးဆက် ကျောင်းသားများက ယနေ့သဘောထားကြေညာချက်တစောင် ထုတ်ပြန်ကာ စစ်အစိုးရကို တောင်းဆိုလိုက်ခြင်းဖြစ်သည်။
မြန်မာနိုင်ငံသားအများစုသည် ဆင်းရဲကြပ်တည်းပြီး ၇၀ ရာခိုင်နှုန်းမှာ တောင်သူလယ်သမား ကျေးလက်နေပြည်သူများဖြစ်ကာ လယ်ယာသုံးစက်ကရိယာ၊ မြစ်ရေတင်စီမံကိန်းနှင့် သီးနှံ ကြိတ်ခွဲ သယ်ယူပို့ဆောင်ခြင်းအတွက် အခြေခံအကျဆုံး လိုအပ်ချက်မှာ လောင်စာဆီဖြစ် သည်ဟု ဆိုသည်။
ယင်းနှင့်အတူ မြို့နေလူအများစုသည် မြို့သစ်ဆင်ခြေဖုံးအရပ်များတွင် နေထိုင်သူများဖြစ်ကာ တက္ကသိုလ်ကျောင်းသားများမှာလည်း မြို့နှင့်အလှမ်းဝေးသည့် တက္ကသိုလ်၊ ကောလိပ်များသို့ နေ့စဉ်သွားရောက် အလုပ်လုပ်ကိုင် ပညာသင်ကြားနေရသည်ဟု ဆိုသည်။
မလောက်မငသော ၀င်ငွေဖြင့် စားဝတ်နေရေး၊ ပညာရေး၊ ကျန်းမာရေးနှင့် အထွေထွေအကြပ် အတည်းများနှင့် ကြုံတွေ့နေရချိန်တွင် လိုအပ်သည့် ပြင်ဆင်မှုများ၊ ကြိုတင်အသိပေးမှုများ မပြုလုပ်ဘဲ စစ်အစိုးရအနေဖြင့် လောင်စာဆီဈေးနှုန်းများကို အဆမတန်တိုးမြှင့်လိုက်ခြင်းသည် “ရေနစ်သူကို ၀ါးကူထိုး” လိုက်ခြင်းဖြစ်သည်ဟု ဆိုသည်။
“ဓါတ်ဆီ၊ ဒီဇယ်ဆီ လောင်စာဆီဆိုတာက တိုင်းပြည်ရဲ့ အခြေခံပဲ။ လောင်စာဆီဈေးကြီးရင် ကုန်ဈေးနှုန်း ဈေးကြီးမယ်။ လယ်ယာကဏ္ဍမှာလည်း စက်မှုပိုင်းတွေနဲ့ သုံးရတဲ့အခါကျတော့ လယ်ယာသုံးပစ္စည်းတွေမှာလည်း ဈေးကြီးလာမယ်။ လယ်ထွက်သီးနှံတွေလည်း ဈေးကြီးလာ မယ်၊ အစစအရာရာ ဈေးကြီးမယ်ပေါ့ဗျာ။ ချုပ်လိုက်လို့ရှိရင် အခြေခံစားကုန်တွေ တက်သွား မှာပေါ့” ဟု ၈၈ မျိုးဆက် ကျောင်းသားခေါင်းဆောင်တဦးဖြစ်သူ ကိုဂျင်မီက ပြောဆိုသည်။
ဓါတ်ဆီနှင့် ဒီဇယ်ဆီမှာ နိုင်ငံခြားမှ မှာယူတင်သွင်းနေရသည့်အတွက် ကမ္ဘာ့ဈေးကွက်တွင် ဈေးတက်နေ၍ ဈေးနှုန်းမြှင့်သည်ဆိုသည်မှာ ဖြစ်နိုင်ချေရှိသော်လည်း (CNG) သဘာဝဓါတ်ငွေ့ အလျှံအပယ်ထွက်နေသည့် တိုင်းပြည်တွင် ဈေးနှုန်းအဆမတန် တိုးမြှင့်လိုက်ခြင်းကို မေးချင် သည်ဟု ဆိုသည်။
အမှန်တကယ်တွင် တိုင်းပြည်တွင်း သဘာဝဓါတ်ငွေ့အား ဈေးပေါပေါဖြင့် ဖြန့်ဖြူးပါက များစွာ အဆင်ပြေစေမည်ဖြစ်ပြီး တရုတ်အပါအ၀င် အိမ်နီးချင်းနိုင်ငံများသို့ သဘာဝဓါတ်ငွေ့များစွာ ထုတ်ရောင်းနေသည့်အတွက် ပြည်တွင်းတွင် ကုန်ဈေးနှုန်းတက်ရခြင်းနှင့် အကြပ်အတည်းများ ကို ဖြစ်စေသည်ဟု ၄င်းက ဆက်လက်ပြောဆိုသည်။
စစ်အစိုးရ၏ လောင်စာဆီများ အဆမတန်တိုးမြှင့်လိုက်သည့်အတွက် ကုန်ဈေးနှုန်းများ ယခုအခါ နေ့စဉ်တိုးမြင့်လာလျှက်ရှိပြီး ပြည်သူအများစုမှာ ခရီးသွားလာမှုစရိတ် များစွာ ကုန်ကျနေမှုနှင့် ရင်ဆိုင်ရသဖြင့် တိုင်းပြည်အတွင်း ပြည်သူများ၏ မကျေမနပ်မှုများ တိုးပွားလာနေသည်ဟု သုံးသပ်သူများက ဆိုသည်။
“ပြည်သူတို့ရဲ့ ခံစားချက်အမှန် အဲ့ဒါကို ကျနော်တို့နားထောင်ရမှာပဲ၊ ပြည်သူလူထုဆိုတာက ရင်ဝယ်သားလို အုပ်ချုပ်ခံရမဲ့သူတွေပေါ့ဗျာ၊ ပြည်သူလူထုဆိုတာ သားကောင်လုပ်ဖို့မဟုတ်ဘူး၊ ပြည်သူက သူတို့ကို သားကောင်လုပ်နေတယ်လို့ သိလာလို့ရှိရင် သူတို့ဆန္ဒအမှန်တွေက ပွင့်အံထွက်လာလိမ့်မယ်။ အဲ့ဒါက ဖန်တည်းယူလို့လည်းမရဘူး၊ ဖြစ်လာလို့ရှိရင်လည်း တားလို့ မရဘူး” ဟု ကိုဂျင်မီက ဆိုသည်။
(ဘလော့ဂါမှတ်ချက် - ဒီသတင်းကို http://www.yoma3.org/news/2007/august/88stm18807.html ကနေ ယူတယ်။)",3.0,3.0,3.0,4.0,5.0,"The text provides a clear, coherent report on the 2007 fuel price crisis in Myanmar, offering socio-economic analysis and political context. It is written in natural, authentic Burmese, reflecting the historical and cultural climate of the time. It is well-structured, though it functions as a news report rather than a formal educational tutorial."
<urn:uuid:81a0f880-dd32-4eff-bd5d-3882fb7ebd3e>,"ယခုအချိန်သည် မုတ်သုံရာသီနှင့် မိုလွန်ရာသီအကူးအပြောင်းဖြစ်သည့်အတွက် တိုင်းနယ်ပြည်နယ်အတော်များများမှာ မိုးကြီး ရေလျှံတာမျိုးများ ကြုံတွေ့နေကြရပါသည်။ ထို့ကြောင့် တချို့ဒေသရှိ စိုက်ပျိုးမြေအတော်များများ ပျက်စီးသွားကြသည်ကို မိတ်ဆွေတို့ အသိပါ။
ဆိုတော့ စိုက်ပျိုးသူဦးကြီးတို့အနေဖြင့် ပျက်စီးသွားသော စိုက်ပျိုးမြေများကို မည်သို့ပြုပြင်ပြီး နောက်ရာသီသီးနှံများကို မည်ကဲ့သို့စိုက်ပျိုးသင့်သည်ဆိုသည့် အကြောင်းအရာများကို ဖော်ပြပေးလိုက်ရပါသည်။
- ဦးကြီးတို့၏စိုက်ခင်းထဲတွင် ရောက်ရှိလာသော အရာများ (ဥပမာ - သစ်သားတုံး) ကြောင့် အပင်ပေါက် မညီခြင်းများကို ဖြစ်ပေါ်စေနိုင်ပါသည်။ ထို့ကြောင့်ရေစီးကြောင်းနှင့် အတူမျောပါလာသော အန္တရာယ်ဖြစ်နိုင်သည့် အရာဝတ္ထုများဖြစ်သည့် သံမှိုပါသော သစ်သားတုံးများ၊ သစ်ကိုင်းများ၊ အမှိုက်များ၊ ပေါင်းပင်များအား လူတို့ကို ထိခိုက်မှုမရှိစေရန် ပထမဦးဆုံး ကောက်ယူဖယ်ရှားပေးပါ။
- ရေလွှမ်းခံရသည့် မြေဆီလွှာသည် ဖွာပြီးခြောက်သွားခြင်း (သို့) စေးသွားခြင်း ဖြစ်ပေါ်နိုင်ပါသည်။ ထိုအချိန်တွင် ထယ်နက်နက်ထိုးခြင်းကို မပြုလုပ်သင့်ပါ။ ဘိုကာရှီမြေသြဇာ (သို့) အော်ဂဲနစ်မြေဆွေး၊ အပင်ထွက် စွန့်ပစ်ဆွေးမြည့်ပစ္စည်း (သို့) နွားချေး၊ ကြက်ချေးများ ထည့်သွင်းပေးပါ။
- ခုတ်ဖုံးစနစ် မဟုတ်ခဲ့သော ရေလွှမ်းမြေတွင် စက်ထွန်ပါကလည်း မြေသား၏ရုပ်ပိုင်းဆိုင်ရာ ပျက်စီးမှု များမည်ဖြစ်သဖြင့် ထယ်နက်ခြင်း၊ ထယ်ရေးအကြိမ်များများထိုးခြင်းကို ဂရုပြုရှောင့်ရှားသင့်ပါသည်။
- မြေဆီလွှာမျက်နှာပြင်ခြောက်သွေ့နေလျှင် နိုက်ထရိုဂျင် (ပုလဲ) နှင့် ပိုတက်စီယမ် ပါဝင်သော ဓာတ်မြေသြဇာများ သဘာဝအနေဖြင့် စက်ဖွဲပြာနှင့် ကြက်ချေးမြေဆွေးများ၊ မြေဆီလွှာကို ပြန်လည်ပြုပြင်ပေးသော ဒိုလိုမိုက်၊ ဂျစ်ပဆမ် မြေသြဇာများစသည်တို့ကို ပြန်လည်ထည့်သွင်းပေးသင့်ပါသည်။
- စပါးခင်းတွင် စပါးအရွက်/အပင်အား ထိခိုက်မှုမရှိပါက ရွက်ဖျန်းမြေသြဇာများ ဖျန်းပေးနိုင်ပါသည်။
- မြေဆီလွှာထဲရှိ အပင်အတွက် အကျိုးပြုသော အဏုဇီဝပိုးများ (Microorganism) များသည် ရေထဲတွင်မျောပါသွားနိုင်ခြင်း၊ သေဆုံးခြင်းများရှိသောကြောင့် ကြက်ချေးမြေသြဇာများ (သို့) အော်ဂဲနစ်ပစ္စည်း (သစ်ဆွေးဓာတ်မြင့်မား) သော သဘာဝမြေသြဇာများကို ထည့်သွင်းပေးသင့်ပါသည်။ ကောင်းစွာဆွေးမြည့်သော ကြက်ချေးနှင့် အီးအမ်ဘိုကာချီသုံးခြင်းတို့သည် တစ်ခြားသော သဘာဝမြေသြဇာများထက် ပိုမိုသင့်တော်ကောင်းမွန်ကြောင်း ရေမြုပ်တတ်သောနိုင်ငံများမှ သုတေသန များတွင် ညွှန်ပြထားကြသည်။
- ထို့အပြင် နောက်တစ်ရာသီစိုက်ပျိုးမည့်သီးနှံဖြစ်သည့် မတ်ပဲ၊ ပဲတီစိမ်းသည် ရေအနည်းငယ်သာ လိုအပ်သော သီးနှံဖြစ်သောကြောင့် စိုက်ခင်းအတွင်း ရေများအလွန်အမင်းကျန်ခဲ့ပါက ရေအနည်းငယ်သာ ချန်၍ ရေထုတ်ပြီး မြေဆီလွှာအစိုဓာတ်အား လျှော့ချပေးထားရန်လိုအပ်ပါသည်။
- ရေအစိုဓာတ်များသောမြေသည် မြေတွင်းအောင်းမှိုရောဂါနှင့် ပျော့ပုပ်ခါးရိများကို အားပေး၍ ပိုမိုကျနိုင်သဖြင့် မျိုးစေ့များကို ကာကွယ်မှိုသတ်ဆေးများဖြင့် လူးနယ်စိုက်ပျိုးသင့်ပါသည်။ လူးနယ်သင့်သော မှိုသတ်ဆေးအေအိုင်များမှာ - Metalaxyl, Pyraclostrobin, Azoxystrobin တို့ဖြစ်သည်။ မှတ်ချက် ပိုးများသည် ရေလွှမ်းသည့်အချိန်တွင် သေဆုံးနိုင်သဖြင့် ပိုးသတ်ဆေးအေအိုင်များကို ဖော်မပြထားပါ။
- ရေလွှမ်းမြေများတွင် ရိုင်ဇိုဘီယမ် ခေါ် ပဲမြစ်ဖု (နိုင်ထရိုဂျင်ဖမ်းသော အကျိုးပြု အဏုဇီဝဘတ်တီးရီးယား) များ အထူးလျော့ပါးနိုင်သဖြင့် ပဲမြစ်ဖု ဇီဝမြေဩဇာများ (Rhizobium inoculant) များကိုလည်းလူးနယ်သင့်သည်။ မြေဆောင်မှိုများကို ကာကွယ်လျှော့ချပေးသော ထရိုင်ခိုဒါးမားမှိုကိုလည်း လူးနယ်စိုက်ပျိုးနိုင်သည်။ အထက်ဖော်ပြပါ မှိုသတ်ဆေးအေအိုင်များဖြင့် ယခု ဖော်ပြသော အကျိုးပြုအဏုဇီဝ ပိုး (၂) မျိုးမှာ တည့်ပါသည်။
အစကောင်းမှ အနှောင်းသေချာစေသည့်အတွက် ပဲများအထွက်တိုးစေရန် အစကတည်းက ကြိုတင်ပြင်ဆင်သင့်ပါကြောင်း။
ဖုန်းမဏ်တိုး (ရေဆင်းရနံ့)
ဆောင်းပါးများ/သတင်းများ ပြန်လည်ကူးယူဖော်ပြလိုပါက ""အစိမ်းရောင်လမ်းမှ ကူးယူဖော်ပြပါသည်"" ကို ထည့်ပေးပါရန် မေတ္တာရပ်ခံအပ်ပါသည်။",4.0,3.0,3.0,4.0,4.0,"The text provides practical, actionable agricultural advice for farmers in flood-prone areas of Myanmar. It uses appropriate terminology, follows a logical structure, and addresses specific soil and crop management techniques. It is highly relevant for its target audience, though it lacks the depth of a formal academic paper."
<urn:uuid:c9fb6f74-5ca2-4cc3-8569-6cde82975187>,"၂၀၁၀ ရွေးကောက်ပွဲမှာ ရွေးချယ်ခံရတဲ့ လွှတ် တော် ကိုယ်စားလှယ်တွေအနေနဲ့ ၂၀၀၈ ဖွဲ့စည်း ပုံ အခြေခံဥပဒေကို မပြင်ချင်ဘူးဆိုရင် ဘာ ကြောင့် မပြင်ချင်သလဲဆိုတာကို ပြည်သူတွေ ထံ ရှင်းရှင်း လင်းလင်း ချပြရမှာဖြစ်ကြောင်း ဒေါ်အောင် ဆန်းစုကြည် က ဒီနေ့ ပြောလို်က်ပါ တယ်။
ဒေါ်အောင်ဆန်းစုကြည်ဟာ ဒီနေ့ ကရင်ပြည်နယ် ဘားအံ မြို့ အောင်သံလွင် ဘောလုံးကွင်း မှာ ထောင် ဂဏန်းရှိမယ့် ပရိတ်သတ်ကို ၂၀၀၈ ဖွဲ့စည်းပုံ ပြင်ဆင်ရေးနဲ့ ပတ်သက်ပြီး ဟောပြောစဉ် အခုလို ထည့်သွင်းပြောခဲ့တာပါ။
“ကျမတို့အတွက် စကားပြောသွားတဲ့ အဲလူ ၃ ယောက်စလုံးဟာ ပြည်သူတွေကနေ ပြီးတော့ ရွေးချယ် တင်မြှောက်ထားတဲ့ ပြည်သူ့ ကိုယ်စားလှယ်တွေ ဖြစ်ပါတယ်၊ ကျမက စိန်ခေါ်ရဲပါတယ်၊ ကျမတို့ဟာ ပြည်သူလူထုရှေ့မှာတက်ပြီးတော့ ဘာကြောင့် ဒီဖွဲ့စည်းပုံအခြေခံ ဥပဒေကို ပြင်သင့်လဲ၊ ဘယ်လို ကိစ္စတွေ ကို ပြင်ချင်သလဲဆိုတာကို ကျမပြောရဲတယ်၊ ၂ဝ၁ဝ ရွေးကောက်ပွဲကနေ ရွေးချယ်တင်မြှောက်ခံရတဲ့ ကိုယ်စားလှယ်အားလုံးဟာ ကျမတို့နည်း တူ ပြည်သူလူထုရှေ့ထွက်ပြီးတော့ မပြင်ချင်လဲ ဘာလို့ မပြင် ချင်ဘူး လဲဆိုတာ ပြောရဲ သလားလို့ ကျမမေးချင်ပါတယ်”
ဒါ့အပြင် မဲဆန္ဒရှင် ပြည်သူတွေအနေနဲ့ မိမိတို့ရွေးချယ်ခဲ့တဲ့ လွှတ်တော် ကိုယ်စားလှယ်တွေကိုလည်း ဖွဲ့စည်းပုံ အခြေခံဥပဒေ မပြင်ချင်ဘူးဆိုရင် ဘာကြောင့် မပြင်ချင်တာလည်းဆိုတာ မေးမြန်းခွင့်ရှိကြောင်း တက်ရောက်လာတဲ့ ကရင်တုိုင်းရင်းသားတွေနဲ့ ဒေသခံတွေကို တိုက်တွန်းပြောဆိုခဲ့ပါတယ်။
ပြည်သူတွေအနေနဲ့ ဖွဲ့စည်းပုံအခြေခံဥပဒေ ပြင်ဆင်ရေးကိစ္စမှာ ပြတ်ပြတ်သားသား ရပ်တည်စေလို ကြောင်းလည်း ဒေါ်အောင်ဆန်းစုကြည်က တုိုက်တွန်းပြောကြားခဲ့ပါတယ်။
လွှတ်တော်ကဖွဲ့စည်းထားတဲ့ အဖွဲ့ဝင် ၁၀၉ ဦးပါဝင်တဲ့ ဖွဲ့စည်းပုံအခြေခံဥပဒေ လေ့လာသုံးသပ်ရေး ကော်မတီက လက်ခံရရှိထားတဲ့ အကြံပြုချက်တွေကို ဒီလကုန်မှာ လွှတ်တော်ထံတင်ပြရမှာ ဖြစ်တယ်လို့ သိရပါတယ်။
ကရင်ပြည်နယ် ဘားအံမြို့ အောင်သံလွင် ဘောလုံးကွင်းမှာ ၂၀၀၈ ဖွဲ့စည်းပုံပြင်ဆင်ရေးနဲ့ ပတ်သက်ပြီး ဒေါ်အောင်ဆန်းစုကြည်ရဲ့ ဟောပြောချက်တွေကို RFA သတင်းထောက် မဇင်မာဝင်း ကောက်နှုတ်တင်ပြ ထားတာ နားဆင်နိုင်ပါတယ်။
RFA",3.0,3.0,3.0,4.0,5.0,"The text is a well-structured news report about a significant political event in Myanmar. It provides clear, coherent information suitable for educational purposes regarding political discourse. It demonstrates logical reasoning in the context of political accountability, uses natural Burmese, and is free from significant noise or formatting issues."
<urn:uuid:3cc93f3b-e24b-48f5-ae5a-8daa23198056>,"မွန်အမျိုးသားအဆင့် နိုင်ငံရေးဆွေးနွေးပွဲ အခက်အခဲများကြောင့် ရက်ရွှေ့ဆိုင်းရန် တင်ပြ
မွန်ပြည်သစ်ပါတီ (NMSP) အနေဖြင့် မွန်ပြည်နယ် အမျိုးသားအဆင့် နိုင်ငံရေးဆွေးနွေးပွဲများပြုလုပ်ရန် ကိစ္စကို အခက်အခဲများ ကြုံတွေ့နေ၍ ရက်ရွှေ့ဆိုင်းလိုကြောင်း ပြည်ထောင်စု ငြိမ်းချမ်းရေးဆွေးနွေးမှု ပူးတွဲကော်မတီ (UPDJC) ထံသို့ မတ်လ ၂၆ ရက် နေ့က အီးမေးမှ တဆင့် အကြောင်းကြားထားကြောင်း သတင်းရရှိသည်။
မွန်ပြည်သစ်ပါတီအနေဖြင့် အမျိုးသားအဆင့် နိုင်ငံရေးဆွေးနွေးပွဲများကို ယခုနှစ် ဧပြီလထဲတွင် လုပ်ဆောင်ရန် မူလက လျာထားသော်လည်း ထိုပွဲများပြုလုပ်ရန် တပ်မတော်မှ လူဦးရေးကန့်သတ်မှုများ ပြုလုပ်နေ၍ ဆွေးနွေးပွဲများ ပြုလုပ်ရန် အခက်အခဲများ ရှိနေသဖြင့် မေလထဲသို့ ရက်ရွှေ့ဆိုင်းလိုကြောင်း တင်ပြထားခြင်းဖြစ်သည်ဟုဆိုသည်။
မွန်ပြည်သစ်ပါတီ ဗဟိုကော်မတီဝင် နိုင်ဝင်းလှ က “လက်ရှိ မကျင်းပဖြစ်တဲ့အတွက် အမျိုးသားအဆင့် နိုင်ငံရေးဆွေးနွေးပွဲကို ရက်ရွှေ့ချင်တဲ့အကြောင်းပေါ့ UPDJC ကို ဒါက တင်ဖြစ်မယ်လေ၊ လက်ရှိ အီးမေးနဲ့ ကြိုပို့ထားတယ်” ဟု ဧရာဝတီသို့ ပြောသည်။
မွန်ပြည်သစ် ပါတီအနေဖြင့် မွန်ပြည်နယ်တွင် အမျိုးသားအဆင့် နိုင်ငံရေးဆွေးနွေးပွဲ ကျင်းပနိုင်ရန် ဒေသခံလူထုများနှင့် ဆွေးနွေးပွဲများ ဆောင်ရွက်ရန် စီစဉ်ခဲ့ကြရာ၌ တပ်မတော်ဘက်မှ ကန့်သတ်မှုများ ရှိခဲ့ကြောင်း မွန်ပြည်နယ်လွှတ်တော် ဒုတိယ ဥက္ကဋ္ဌ ဒေါက်တာ အောင်နိုင်ဦးကလည်း မတ်လ ၂၃ ရက်နေ့က ပြုလုပ်သော ဒုတိယ အကြိမ် မွန်ပြည်နယ် လွှတ်တော်တွင် ဆွေးနွေးသွားခဲ့သည်။
မွန်ပြည်သစ်ပါတီအနေဖြင့် လူထုတွေ့ဆုံပွဲ ပြုလုပ်ရာတွင် တပ်မတော်ဘက်မှ ဖုန်းဖြင့်ဆက်သွယ်၍ လူဦးရေ ၃၀ ထက်မပိုရန် ကန့်သတ်မှုများ ရှိခဲ့သည်ဟု ကြားသိရသဖြင့် မွန်လူထုအကြား ဂယက်ရိုက်ခတ်စေခဲ့ခြင်းအပေါ် ပစ်ခတ်တိုက်ခိုက်မှု ရပ်စဲရေး ဆိုင်ရာ ပူးတွဲစောင့်ကြည့်ရေး ကောမတီ (JMC) အနေဖြင့် ညှိနှိင်းမှုများကို ဆောင်ရွက်ပေးရန် တာဝန်ရှိကြောင်း ဒေါက်တာ အောင်နိုင်ဦး က ပြည်နယ်လွှတ်တော်သို့ တိုက်တွန်းအကြံပြု ဆွေးနွေးခဲ့သည်။
ဒေါက်တာ အောင်နိုင်ဦး က “မွန်ပြည်သစ်ပါတီ အနေနဲ့ ပြည်နယ် အစိုးရအဖွဲ့နဲ့ UPDJC အဖွဲ့များထံသို့ ဆက်သွယ်ပြီး ညှိနှိင်းမှုပြုလုပ်ပေးဖို့ အသိပေးခဲ့ပါသော်လည်း ယနေ့အထိ အကြောင်းမပြန်ခဲ့တဲ့အတွက် လူထုတွေ့ဆုံပွဲကို မဆောင်ရွက်နိုင်ဘဲ ဖြစ်ခဲ့ရပါတယ်။ ဒါဟာ မပြေလည်များစွာကို ဖြစ်ပေါ်စေခဲ့ပါတယ်”ဟု ဆိုသည်။
မွန်ပြည်သစ်ပါတီအနေဖြင့် အမျိုးသားအဆင့် နိုင်ငံရေးဆွေးနွေးပွဲပြုလုပ်ခင် လူထုတွေ့ဆုံပွဲများအား ကျယ်ကျယ်ပြန့်ပြန့် ပြုလုပ်လိုခြင်းမှာ NCA နှင့်ဆိုင်သည့် ကိစ္စရပ်များနှင့် ရှေ့လုပ်ငန်းစဉ်များကို ပြည်သူလူထု ရှင်းပြပေးရန်သာ ဖြစ်ကြောင်း နိုင်ဝင်းလှ က ပြောသည်။
နိုင်ဝင်းလှ က “တချို့နေရာမှာကျတော့ တပ်ဘက်က လူအင်အားများတယ် ဆိုပြီးတော့ ကန့်သတ်ထားတဲ့ သဘောပေါ့လေ။ အဲဒီတော့ လူထုပါဝင်မှု၊ လူထုပူးပေါင်းမှု မရှိနိုင်ဘူးဆိုပြီးတော့ ကျနော်တို့က လူထုပါဝင်လာနိုင်အောင် ညှိနိုင်နေတဲ့ အနေထား ရှိတယ်။ သူတို့ကတော့ ဦးရေ ၃၀ ထက်မကျော်ပါစေနဲ့ ဆိုတဲ့သဘောပေါ့” ဟု ၎င်းက ဆိုသည်။
“ဟိုတုန်းကကျတော့ အကန့်အသတ်တွေ မရှိခဲ့ဘူးလေ။ အခုကျမှပဲ အကန့်အသက်တွေရှိနေတာ့ ကျနော်တို့ လည်း စဉ်းစားရ ခက်နေတယ်။ အစိုးရဘက်ရော၊ တပ်ဘက်ကရော အဆင်ပြေအောင်ဆိုပြီးတော့ ကျနော်တို့ဆန္ဒကို အောင့်အီးမြိုသိပ်ပြီးတော့ မွန်ပြည်သစ်တပ်စခန်း ၅ နေရာမှာလုပ်မယ်” ဟု သူကဆက်ပြောသည်။
နိုင်ငံရေးဆွေးနွေးမှုဆိုင်ရာမူဘောင်ပါ နိုင်ငံရေးဆွေးနွေးပွဲဆိုင်ရာ မှုဝါဒများ၊ အမျိုးသားအဆင့် နိုင်ငံရေး ဆွေးနွေးပွဲဆိုင်ရာ လုပ်ငန်းလမ်းညွှန်များ၊ လုပ်ထုံးလုပ်နည်းများနှင့် အညီ လူမျိုးကိုအခြေခံသည့် အမျိုးသားအဆင့် နိုင်ငံရေးဆွေးနွေးပွဲကို မွန်ပြည်နယ်တွင် ကျင်းပနိုင်ရန်အတွက် ၉ ဦးပါဝင်သည် မွန်ပြည်နယ် အမျိုးသားအဆင့် နိုင်ငံရေးဆွေးနွေးပွဲ ကြီးကြပ်မှု ကော်မတီကို မတ် ၂၃ ရက်တွင် ပြည်ထောင်စု ငြိမ်းချမ်းရေး ဆွေးနွေးမှု ပူးတွဲကော်တီ ဥက္ကဋ္ဌ ဒေါ်အောင်ဆန်းစုကြည် က ဖွဲ့စည်းပေးခဲ့သည်။
ယင်းကော်မတီထဲတွင် မွန်ပြည်နယ် အစိုးရဘက်မှ တိုင်းရင်းသား လူမျိုးရေးရာဝန်ကြီး ဒေါ်စံဝင့်ခိုင်၊ တပ်မတော်ဘက်မှ ဗိုလ်မှူးကြီး တင်ထွဋ်၊ ပြည်သူ့လွှတ်တော် ကိုယ်စားလှယ်ထဲမှ ဒေါက်တာခင်ဆောင်၊ တိုင်းရင်းသားလက်နက်ကိုင် အဖွဲ့အစည်းများထဲမှ နိုင်ဝင်းလှ၊ နိုင်အောင်မငေး၊ ပဒိုစောလှထွန်းနှင့် နိုင်ငံရေးပါတီများထဲမှ ဒေါက်တာ အောင်ထွန်းခိုင်၊ မင်းကျော်ဇေယျာဦး၊ ဦးချမ်းမြင့်တို့ဖြင့် ဖွဲ့စည်းခဲ့ခြင်းဖြစ်သည်။
မွန်ပြည်သစ်ပါတီ (NMSP) သည် ညီညွတ်သောတိုင်းရင်းသားလူမျိုးများ ဖက်ဒရယ်ကောင်စီ (UNFC) တပ်ပေါင်းစု အဖွဲ့ဝင် အဖွဲ့အစည်းတဖွဲ့ ဖြစ်ပြီး ယခုနှစ် ဖေဖော်ဝါရီ ၁၃ ရက်နေ့တွင် လားဟူဒီမိုကရက်တစ် အစည်းအရုံး (LDU) နှင့်အတူ အစိုးရနှင့် တနိုင်ငံလုံး ပစ်ခတ်တိုက်ခိုက်မှု ရပ်စဲရေး သဘောတူစာချုပ် (NCA) ကိုလက်မှတ်ရေးထိုးခဲ့သည်။",3.0,3.0,3.0,5.0,5.0,"The text is a well-structured, professional news report on Burmese political developments. It provides clear, factual reporting on the New Mon State Party's challenges with the peace process, demonstrating good logical flow and high cultural authenticity regarding local political actors and institutions. It is clean, coherent, and suitable for educational reading on current affairs."
<urn:uuid:bc46dac5-62b3-45d6-b1ca-b4385a96da53>,"သူငယ်ချင်းတို့ရေ….
သတင်းတု၊ သတင်းမှားတွေဟာ အမြဲတမ်း အထင်အမြင်လွဲမှားအောင် ပုံဖော်ရေးသားလေ့ရှိပါတယ်။ သတင်းတုဖန်တီးသူတွေဟာ သတင်းတွေကို အချက်အလက် မပြည့်စုံပဲဖော်ပြတာ၊ ဓာတ်ပုံတွေကို လိုသလိုအသုံးပြုပြီး ရေးသားဖြန့်ဝေတာတွေကိုပြုလုပ်လေ့ရှိပါတယ်။
ဒီတခါမှာလည်း AA တပ်စခန်းကို တပ်မတော်က ဝင်ရောက်သိမ်းပိုက်ရာမှာ တူရကီနိုင်ငံက ထောက်ပံ့ထားတဲ့ ဆန်အိတ်တွေ၊ လက်နက်တွေနဲ့ ဘင်္ဂလားဒေ့ရှ်ထုတ် ဗုံးသီးတွေကို သိမ်းဆည်းရမိတယ်ဆိုပြီး သတင်းတုတစ်ခုဟာ တော်တော်လေးပြန့်နှံ့နေတာ တွေ့ရပါတယ်။
ဒီသတင်းအတုဟာ ဇန်နဝါရီလ ၁၄ ရက်နေ့ကစပြီး တချို့ page၊ website တွေမှာ သတင်းအရေးသား ပုံစံအနေနဲ့ ရေးသားပြီး ဖြန့်ဝေသလို group တွေထဲမှာလည်း ပြန်လည်ကိုးကားချက်တွေအနေတဲ့ ပြန်လည်ဖြန့် ဝေနေကြတာ ဖြစ်ပါတယ်။ ဒီသတင်းတုဟာ
(၁) သတင်းပါ ဓာတ်ပုံသည် ၂၀၁၅ ဧပြီ ၂၉ ရက်နေ့မှာ Burma Campaign Japan ဆိုတဲ့ blog ကနေ တပ်မတော်က ထုတ်ပြန်ချက်ကို ပူးတွဲဖော်ပြခဲ့သလို
(၂) ဖော်ပြပါ ဓာတ်ပုံတွေသည် လိုသလို အသုံးပြုပြီး သတင်းတုအနေနဲ့ ဖော်ပြထားခြင်းသာဖြစ်ပါတယ်။
ဒါကြောင့် သူငယ်ချင်းတို့ရေ……
သတင်းတုတွေမှာ ပါဝင်တဲ့ ဓာတ်ပုံတွေကို Google Image မှာ တိုက်ဆိုင်စစ်ဆေးလို့ရသလို၊ Reverse Image Search ဆိုတဲ့ ဖုန်း app မှာလည်း တိုက်ဆိုင်စစ်ဆေးလို့ရတယ်ဆိုတဲ့အကြောင်း ပြောပြခဲ့ဘူးပါတယ်နော်။ သတင်းမှာ ပါဝင်တဲ့ အကြောင်းအရာကို သံသယရှိတယ်ဆိုရင် ဓာတ်ပုံတွေကို စစ်ဆေးကြည့်ရင်လည်း သတင်းတုလား၊ အစစ်လားဆိုတာ ခန့်မှန်းလို့ရနိုင်ပါတယ်။ သူငယ်ချင်းတို့ကိုယ်တိုင် မစစ်ဆေးနိုင်ရင်လည်း တွေးပြီးမှယုံကို ပေးပို့စစ်ဆေးလို့ရပါတယ်။ သတင်းတု/မှန်ကို မသိသေးပဲ အလွယ်တကူ မယုံကြည်ကြဖို့၊ Share မလုပ်ကြဖို့ သတိပေးလိုက်ပါရစေနော်။",4.0,3.0,2.0,5.0,5.0,"The text provides high educational value by teaching media literacy and fact-checking techniques. It uses logical steps to debunk misinformation. The tone is natural, culturally appropriate for Burmese social media discourse, and free of technical noise or boilerplate, reflecting authentic local communication styles regarding news verification."
<urn:uuid:f43036d2-5db2-4ea0-a75c-40d06929e29c>,"ရန်ကုန်၊ သြဂုတ် ၇
အမျိုးသား ပြန်လည်သင့်မြတ်ရေးကို ဖော် ဆောင်နိုင်သည့် စနစ်တစ်ခုဖြစ်လာရန် လက်ရှိ ခေါင်းဆောင်များ အလွန် ဒုတိယမျိုးဆက်ခေါင်း ဆောင်အချင်းချင်းကြား ယခုကတည်းက ကြိုတင်ချိတ်ဆက်ပြင်ဆင်ထားကြရန်လိုဟု ၈၈ မျိုးဆက် ကျောင်းသားခေါင်းဆောင်တစ်ဦးဖြစ်သည့် ဦးကိုကိုကြီးက ပြောသည်။
သြဂုတ် ၇ ရက်နေ့ ၈၈၈၈ အရေးတော်ပုံ နှစ် ၃ဝ ပြည့် အထိမ်းအမှတ် နိုင်ငံရေးဆွေးနွေးပွဲ ဒုတိယ နေ့တွင် ဝင်ရောက်ဆွေးနွေးရာ၌ ၎င်းက ပြောကြားခဲ့ခြင်းဖြစ်သည်။ တပ်မတော်နှင့် နိုင်ငံရေးအင်အားစုများ၊ တိုင်းရင်းသား အဖွဲ့အစည်းများကြား လက်ရှိအချိန်တွင် အဘက်ဘက်မှ ကွာဟ နေကြောင်း ယုံကြည်မှုတည်ဆောက်ရန်၊ အမျိုးသားပြန်လည်သင့်မြတ် ရေးတည်ဆောက်ရန်အတွက် ယင်းအဖွဲ့အသီးသီးမှ နောက်တက်လာမည့် မျိုးဆက်များကြား ယခုကတည်းက ကြိုတင်ချိတ်ဆက်ပြင် ဆင်ထားကြရန် လိုအပ်ကြောင်း ဦးကိုကိုကြီးက ပြောသည်။
''အဲဒါတွေ (ယုံကြည်မှုတည် ဆောက်ရေး၊ အမျိုးသားပြန်လည် ရင်ကြားစေ့ရေး)ကို တည်ဆောက်နိုင်တဲ့ စနစ်တစ်ခုဖြစ်လာအောင် ကျွန်တော်တို့ ပြင်ဆင်ဖို့လိုတယ်။ ပြင်ဆင်တဲ့နေရာမှာ Timeline ဆိုတာကို၊ အချိန်ဆိုတဲ့်ခေအသမ ကို အခြေခံစဉ်းစားစေချင်တယ်။ ကျွန်တော်တို့ ရွေးကောက်ပွဲနဲ့ ပြောရင် ဒီငါးနှစ်သက်တမ်းမှာ ဘယ်လောက် အတိုင်းအတာပြီး အောင်လုပ်မယ်၊ နောက်ငါးနှစ်သက်တမ်းမှာ ဘယ်လောက်ပြီး အောင်လုပ်မယ်။ ကျွန်တော်တို့က အချိန်နဲ့ ဘာကြောင့်ပြောသလဲဆိုတော့ အလွှာတိုင်းမှာ လူပုဂ္ဂိုလ် တွေပြောင်းသွားမယ်။ ဆိုလိုတာက စစ်ဘက်ကလူတွေ ခေါင်းဆောင် တွေ ပြောင်းသွားရင် လူလတ်ပိုင်း ဘယ်သူတွေတက်မယ်။ ကျွန်တော် တို့ဘက်က ဘယ်သူတွေတက်မယ်။ တိုင်းရင်းသားတွေဘက်က ဘယ်သူတွေတက်မလဲ။ အဲဒီအလွှာတိုင်း၊ အလွှာတိုင်းမှာ အခုကတည်းက ကြိုတင်ချိတ်ဆက်ပြင် ထားတာတွေ လုပ်သင့်တယ်လို့ မြင်တယ်''ဟု ၎င်းက ပြောသည်။
ယင်းအပြင် ရင်ကြားစေ့ရေး လမ်းကြောင်းကိုသွားရာတွင် အဖွဲ့အားလုံးအနေဖြင့် မည်သည့်အချက်ကို လိုချင်သည်ဟု ဆွေးနွေးကြခြင်းထက်၊ မည်သည့်အချက်ကို စိုးရိမ် နေသလဲဟူသည့်အပေါ် ပွင့်လင်း စွာပြောကြစေလိုကြောင်း ၎င်းက ဆက်လက်ပြောသည်။ စစ်ဘက်၊ အရပ်ဘက်ဆက်ဆံရေး စဉ်းစားရာတွင် တစ်ဖက်နှင့်တစ်ဖက် ထိုင်ခုံပြောင်းစဉ်း စားစေလိုကြောင်းလည်း ၎င်းက ပြောသည်။ ၂ဝဝ၈ အခြေခံဥပဒေကို လွှတ်တော်တွင်း ပြင်ဆင်မှုအနေ ဖြင့် မဲခွဲဆုံးဖြတ်ခြင်းများ မပြုလုပ်ခင်စစ်ဘက်၊ အရပ်ဘက် ခေါင်းဆောင်များအကြား လွှတ် တော်နောက်ကွယ်တွင် ကနဦး ဆွေးနွေးသင့်ကြောင်း၊ရရှိလာသည့် သဘောတူညီချက်များကို လွှတ်တော်တွင် မဲခွဲဆုံးဖြတ်သင့် ကြောင်း ၎င်းက ဆွေးနွေးပွဲအပြီး မီဒီယာများသို့ ပြောသည်။ ၈၈၈၈ အရေးတော်ပုံ နှစ် ၃ဝ ပြည့်အထိမ်းအမှတ် နိုင်ငံရေး ဆွေးနွေးပွဲကို သြဂုတ် ၆ ရက်နှင့် ၇ ရက်တို့တွင် ဆွေးနွေးခဲ့ကြခြင်း ဖြစ်ပြီးရရှိလာသည့် အချက်အလက်များကို သြဂုတ် ၈ ရက် အခမ်းအနားတွင် ထုတ်ပြန်မည်ဖြစ်ကြောင်း သိရသည်။
HWA
#democracytoday",3.0,3.0,3.0,4.0,5.0,"The text provides a coherent, high-level summary of political discourse regarding national reconciliation in Myanmar. It demonstrates logical reasoning by outlining a strategic approach to inter-generational dialogue and conflict resolution. It is written in natural, professional Burmese, reflecting authentic local political context and terminology."
<urn:uuid:c55eb50e-94b2-4d8a-ace5-9b3b93918628>,"supported my dependents,
and overcome adversities.
I have given an uplifting offering
and performed the five oblations.
I have served the virtuous monks,
the self-controlled celibate ones.
“I have achieved whatever purpose
a wise person, dwelling at home,
might have in desiring wealth;
what I have done brings me no regret.”
“Recollecting this, a mortal
remains firm in the noble Dhamma.
They praise him here in this life,
and after death he rejoices in heaven.” – AN 4.61
Vitiṇṇā āpadāsu me;
Uddhaggā dakkhiṇā dinnā,
Atho pañcabalī katā;
Upaṭṭhitā sīlavanto,
Saññatā brahmacārayo.
“Yadatthaṁ bhogaṁ iccheyya,
paṇḍito gharamāvasaṁ;
So me attho anuppatto,
kataṁ ananutāpiyaṁ.
“Etaṁ anussaraṁ macco,
ariyadhamme ṭhito naro;
Idheva naṁ pasaṁsanti,
pecca sagge pamodatī”ti.
ငါသည် စည်းစိမ်တို့ကို သုံးဆောင်ခဲ့ပြီ၊ (မိဘတို့ကို) လုပ်ကျွေးခဲ့ပြီ၊ (သား မယားတို့ကို) မွေးမြူခဲ့ပြီ၊ ဘေးရန်တို့ကို လွန်မြောက်ခဲ့ပြီ၊ အထက်နတ်ပြည်၌ ဖြစ်စေတတ်သော အလှူကို ပေးလှူခဲ့ပြီ၊ ထို့ပြင် ငါးမျိုးသော ပူဇော်မှုကိုလည်း ပြုခဲ့ပြီ၊ သီလရှိကုန် (ကိုယ် နှုတ် နှလုံးကို) စောင့်သုံးကုန်သော မြတ်သော အကျင့်ကို ကျင့်သုံးသူတို့အား လုပ်ကျွေးခဲ့ပြီ။
အိမ်၌နေသော ပညာရှိသူသည် အကြင် အကျိုးငှါ စည်းစိမ်တို့ကို အလိုရှိရာ၏၊ ထို အကျိုးသည် ငါ့အား အစဉ်ရောက်ပြီ၊ နောင်တစ်ဖန် မပူပန်စေတတ်သော အမှုကို ငါသည် ပြုခဲ့ပြီ။ ထို အခြင်းအရာကို အဖန်ဖန်အောက်မေ့သော လူသတ္တဝါသည် အရိယာတို့၏တရား၌ တည်၏၊ အရိယာတို့၏တရား၌ တည်သော သူကို ဤဘဝ၌ပင်လျှင် ချီးမွမ်းအပ်ကုန်၏၊ တမလွန်ဘဝဝယ် နတ်ပြည်၌ မွေ့လျော်ရလေသတည်း။
Gia nhân được nuôi dưỡng,
Chính nhờ các tài sản,
Do ta tránh tai họa,
Ta cúng dường tối thượng,
Làm năm loại hiến vật,
Hộ trì bậc trì giới,
Bậc tự điều, Phạm hạnh,
Mục đích gì bậc trí,
Trú nhà, cầu tài sản,
Mục đích ấy Ta đạt,
Ðược làm không hối hận.
Người nào nhớ nghĩ vậy,
An trú trên Thánh pháp,
Ðời này được tán thán,
Ðời sau được hoan hỷ,
Trên cảnh giới chư Thiên.”
依存者的養育者，
度脫災禍者，
目標崇高的供養之施與者，
還是五種供祭的作者，
對［自我］抑制之梵行者，
持戒者的供養者。
居家的賢智者，
凡能欲求財富的利益，
我的那個利益已達到，
已被作而無後悔。
不免一死的人憶念這個，
在聖者之法中已住立的人，
就在這裡他們讚賞他，
死後他在天界喜悅。」
Wood Pigeon ©Ashin Sopāka 2017",4.0,2.0,3.0,5.0,5.0,"The text provides a high-quality, multilingual translation of a Buddhist canonical text (AN 4.61). It is educational for those studying religious literature, uses authentic Burmese terminology for Buddhist concepts, and is formatted cleanly with no extraneous noise. The reasoning is reflective rather than analytical, and the professionalism level is moderate, suitable for general readers interested in religious philosophy."
<urn:uuid:f2c39be1-a90d-4c03-985e-b81a84bd8e3b>,"ဧရာဝတီ Friday, 02 September 2011 13:10
.အမေရိကန်ဒေါ်လာကိုအစိုးရအာဏာပိုင်အသိုင်းအ၀န်းနှင့်စီးပွားရေးသမားများကပြန်လည်ယ်ယူစုဆောင်း လာသောကြောင့် ဈေးပြန်တက်လာကြောင်း သတင်းရရှိသည်။
စက်မှု၂၀န်ကြီးဦးစိုးသိန်းအပါအ၀င်အစိုးရ၀န်ကြီးများနှင့်အစိုးရထိပ်တန်းခေါင်းဆောင်အသိုင်းအ၀န်းက အမေရိကန်၁ဒေါ်လာလျှင်ကျပ်၉၀၀နှင့်၁၀၀၀ကြားထားရှိသတ်မှတ်သင့်သည်ဟုမကြာခဏ ပြောဆိုခဲ့ပြီးနောက်အစိုးရအာဏာပိုင်အသိုင်းအ၀န်းကြားဒေါ်လာဝယ်ယူစုဆောင်းမှုထူးထူးခြားခြား ဖြစ်ပေါ် လာကြောင်း၊ထို့အပြင်အစိုးရစစ်ဗိုလ်ချုပ်များ၏ဆွေမျိုးများနှင့်သားသမီးများ၊၎င်းတို့နှင့်နီးစပ်သော စီးပွားရေးသမားများကဈေးကွက်မှဒေါ်လာများကိုဝယ်ယူကြသဖြင့်ဒေါ်လာဈေးပြန်တက်နေခြင်း ဖြစ်ကြောင်း ရန်ကုန်စီးပွားရေး အသိုင်းအ၀န်းက ဆိုသည်။
(ဓာတ်ပုံ - AP)
“တဒေါ်လာ၉၀၀နဲ့၁၀၀၀ကြားသတ်မှတ်လိုက်ရင်အခုအချိန်ဈေးအနိမ့်နဲ့ဒေါ်လာဝယ်ထားတဲ့သူကအမြတ် ရဖို့သေချာတယ်။ အစိုးရကလည်း အဲဒီလို သတ်မှတ်နိုင်တယ်ဆိုတဲ့ အရိပ်အရောင်တွေ မကြာခဏဆိုသလို
ပြောနေတာတွေကြောင့်ဒေါ်လာဝယ်လိုအားပြန်တက်တာ”ဟုရန်ကုန်ဒေါ်လာငွေလဲဒိုင် တဦးက ပြောသည်။
တရုတ်-မြန်မာနယ်စပ် ဒေါ်လာဈေးကွက်တွင်လည်း ဒေါ်လာဝယ်ယူမှု များပြားလျက် ရှိကြောင်း သိရသည်။
ထို့အပြင်စက်မှု၂၀န်ကြီးဌာနကလိုင်စင်မဲ့SuperCustomကားများအားအမေရိကန်ဒေါ်လာ၁၃၀၀၀၊ မော်ဒယ်မြင့်အံစာတုံးပုံစံHi-Aceတစီးလျှင်ဒေါ်လာ၂၀၀၀၀အသီးသီးလိုင်စင်ဝင်ခွင့်ရရန် ဒဏ်ရိုက်မည်ဟုဆိုကာစက်တင်ဘာလဆန်းပိုင်းတွင်ဒဏ်ကြေးအပြီးသွင်းရန်ညွှန်ကြားထားကြောင်း၊ ကားစီးရေ ၈၀၀ နီးပါးအတွက် တပြိုင်နက်တည်း ဒဏ်ရိုက်မည် ဖြစ်ရာကျသင့်သော ဒဏ်ကြေး စုစုပေါင်းမှာ အမေရိကန်ဒေါ်လာ၁၂သန်းကျော်ရှိနေကြောင်း၊၂ပတ်အတွင်းဒေါ်လာ၁၂သန်းဝယ်လိုအားကြောင့်လည်း ဈေးကွက်အတွင်း အမေရိကန်ဒေါ်လာဈေး ပြန်တက်လာခြင်း ဖြစ်နိုင်ကြောင်း စီးပွားရေးအသိုင်းအဝန်းတွင် ပြောဆိုနေကြသည်။
“ဒဏ်ရိုက်ခံရတဲ့ ကားပိုင်ရှင်တွေက ဒေါ်လာ မဖြစ်မနေ ၀ယ်ရမှာ။ မ၀ယ်ရင်လည်း ကားက လိုင်စင်ဝင်မရ ဖြစ်သွားမယ်။အဲဒါကြောင့်လည်းဒေါ်လာဈေးတက်လာတာဖြစ်မယ်”ဟု ပြည်ထောင်စုမြန်မာနိုင်ငံ ကုန်သည်များနှင့် စက်မှုလက်မှု လုပ်ငန်းရှင်များ အသင်းချုပ် (UMFCCI) မှ ဗဟိုအလုပ်အမှုဆောင်တဦးက ဆိုသည်။
အမေရိကန်ဒေါ်လာဈေးနှုန်းသည်သြဂုတ်လကုန်ပိုင်းကတဒေါ်လာ၆၇၆ကျပ်အထိကျဆင်းခဲ့ပြီး စက်တင်ဘာလ ၁ ရက်နေ့တွင်တစ်ဒေါ်လာ ၇၅၀ကျပ်အထိဈေးတက်ကာယနေ့တဒေါ်လာလျှင် ၇၇၀ ကျပ် အထိဈေးမြင့်တက်သွားသည်။ဒေါ်လာဈေးတက်လာသောကြောင့် ပြည်တွင်းရွှေဈေးလည်း တက်လာပြီး အကယ်ဒမီ အခေါက်ရွှေ တကျပ်သားလျှင် ကျပ် ၇ သိန်း ၁ သောင်းကျော် အထိ ဈေးမြင့်ခဲ့သည်။
ရွှေဈေးတက်မှုကြောင့် ရွှေဆိုင်များနှင့် အခေါက်ရွှေဈေးကွက်တွင် ရွှေဝယ်ယူသူ မရှိသလောက် နည်းပါးသွားပြီး ပြန်လည် ရောင်းချသူများသာ များပြားနေသည်ဟု သိရှိရသည်။
“တက်ဈေးမှာရောင်းတဲ့သူတွေချည်းပဲ။၀ယ်သူကမ၀ယ်နိုင်ဘူး။ဈေးမြင့်လွန်းတော့မ၀ယ်နိုင်ကြတာ။ ဒေါ်လာ ဈေးတက်လေ ရွှေဈေးတက်လေ ဖြစ်မှာမို့ ရှေ့လျှောက် ရွှေဈေးက အတက်ချည်းပဲဖြစ်နေမယ်”ဟု မန္တလေး ရွှေသန့်စင်ရေး လုပ်ငန်းပိုင်ရှင် တဦးက ဆိုသည်။
သမ္မတဦးသိန်းစိန်အစိုးရသည်နိုင်ငံခြားငွေလဲနှုန်းပြင်ဆင်သတ်မှတ်ရန်အပြည်ပြည်ဆိုင်ရာ ငွေကြေးရန်ပုံငွေအဖွဲ့(IMF)နှင့်ညှိနှိုင်းဆောင်ရွက်နေသည်ဟုဆိုထားပြီးလာမည့် အောက်တိုဘာလအတွင်း IMF မှ ပညာရှင်များ မြန်မာနိုင်ငံသို့ လာရောက်မည်ဖြစ်ကြောင်း သိရသည်။",3.0,3.0,3.0,4.0,5.0,"The text is a journalistic report on currency fluctuations in Myanmar. It provides educational value regarding economic mechanisms, demonstrates logical reasoning by linking policy and demand to price changes, and requires moderate professional knowledge. It is clean, well-structured, and uses authentic Burmese terminology and local context, reflecting the specific economic climate of 2011."
<urn:uuid:c1531fd9-8ae5-4701-85f8-00e7d895f349>,"ကျော်စွာ (ပုဂံ)
ကျော်စွာ (၂ ဩဂုတ် ၁၂၆၀ – ၁၀ မေ ၁၂၉၉) သည် ပုဂံခေတ် နရသီဟပတေ့မင်း၏ သားလတ်ဖြစ်သည်။ (ခရစ်-၃၀ မေ ၁၂၈၉)တွင် နန်းတက်သည်။ နန်းသက် ၈-နှစ်ဖြစ်သည်။ မင်းသားဘဝက ဒလမြို့စားဖြစ်သဖြင့် ကျောက်စာအချို့တွင် ဒလသူကြီးဟူ၍ တွေ့ရှိရတတ်သည်။ နန်းတက်ဘွဲ့မှာ သီရိတြိဘဝနာဒီတျ ဖြစ်သည်။ နန်းတက်ပြီးနောက် ၁၂၉၇ နှစ်တွင် မွန်ဂိုတို့က ထောက်ခံသဖြင့် ပုဂံမင်းအဖြစ် ဆက်လက်အသိအမှတ်ပြုသည်။
ထီးနန်းဆက်ခံသည့်အခါ ရခိုင်နှင့် မွန်တို့မှ ပုန်ကန်ခြားနားကြသည်။ ခမည်းတော် လက်ထက်ကတည်းက ကျောက်ဆည်နယ်နှင့် လယ်တွင်းနယ်များကို အပိုင်စား ပေးခဲ့သော ပြော့သိင်္ခဗိုလ် သားများဖြစ်သော အသင်္ခယာ၊ ရာဇသင်္ကြန် နှင့်သီဟသူ တို့သည်လည်း ၁၇ ဒီဇင်ဘာ ၁၂၉၇ တွင် ကျော်စွာကို ထီးနန်းမှချ ၁၀ မေ ၁၂၉၉ တွင် ကွပ်မျက်၍ ကံတော်ကုန်သည်။ ပုဂံထီးနန်းကို ကျော်စွာ၏သားတော် စောနစ်က ဆက်လက်အုပ်စိုးသည်။ [၁] ထိုသို့ ဘုရင်အား နန်းချကွက်မျက်သည်ကို သီရိရာဇာ အမည်ရှိ အမတ်တစ်ဦးက ပန်းလောင်မြစ်အနောက်ဘက်ဒေသကို အခြေပြု ဆန့်ကျင်ပုန်ကန်သည်ကိုလည်း မင်းညီနောင်များက နှိမ်နှင်းနိုင်ခဲ့သည်။ [၂]
ကိုးကား ပြင်ဆင်ရန်
- ဦးဖေမောင်တင် ၏ မြန်မာစာပေသမိုင်း
- ပုဂံရာဇဝင်သစ် - တင်နိုင်တိုး",4.0,2.0,3.0,4.0,5.0,"The text provides a concise, factual historical account of King Kyawswa of the Pagan Dynasty. It is educational, well-structured, and uses authentic Burmese historical terminology and context. While it lacks deep analytical reasoning, it is a clean, reliable, and culturally accurate summary suitable for educational purposes."
<urn:uuid:491ca707-6ca4-4a6d-9e85-0d172b0022dd>,"အဲ့ဒီ သတင်းအမှားကို တစ်လှေထဲစီး ဆိုတဲ့ ဖေ့စ်ဘွတ်အကောင့်က စက်တင်ဘာလ ၃၀ ရက်နေ့ ည ၇ နာရီ ၈ မိနစ်မှာ ရေးတင်ထားတာ ဖြစ်ပြီး အဲ့ဒီ သတင်းအမှားထဲမှာ ""OIC မှ ပုဂံကို ယူနက်စကို ပြုပေးပြီး ၂၀၂၂ ""ဓမ္မရံကြီး""ဘုရားကို လူ ၄ ထောင်ဆန့် ဗလီဆောက်ရန် တူရကီနဲ့ သဘောတူထားတာ NLD ငြင်းရဲလား"" လို့ ရေးသားထားပါတယ်။
အဆိုပါ သတင်းအမှားကို ထပ်ဆင့်ဝေမျှသူဟာ ၁၄၀၀ ကျော် ရှိနေပြီး ထပ်ဆင့်ဝေမျှနေကြဆဲ ဖြစ်ပါတယ်။
စက်တင်ဘာလ ၃၀ ရက်နေ့ ည မှာပဲ အဲ့ဒီ ဖေ့စ်ဘွတ်အကောင့်က နောက်ထပ် သတင်းအမှား တစ်ပုဒ် ထပ်တင်ထားပါတယ်။ ပထမ တင်ထားတဲ့ သတင်းအမှားဟာ ဒုတိယ တင်ထားတဲ့ သတင်းအမှားနဲ့ အချိန် ၇ မိနစ်သာ ကွာပါတယ်။ ဒုတိယ သတင်းအမှားထဲမှာတော့ ""ရန်ကုန်မြောက်ဒဂုံ မှာ လူထောင်ချီဆန့်ဗလီဆောက်ရန် တူရကီနဲ့သဘောတူထားတာ NLD ငြင်းရဲလား"" လို့ ရေးသားထားပါတယ်။ အဲ့ဒီ သတင်းအမှားကို ထပ်ဆင့်ဝေမျှသူ ၁၀၀ နီးပါး ရှိနေပါတယ်။
သတင်းဆန်းစစ်ချက်
အထက်ပါရေးသားထားတဲ့ အချက်ထဲမှာ NLD ပါတီက OIC ဆီက ထောက်ပံ့ကြေး ယူထားတယ်လို့ အရင်ဆုံး စွပ်စွဲထားပါတယ်။ NLD ပါတီအပေါ် OIC နဲ့ ပတ်သက်ပြီး စွပ်စွဲမှုတွေ ဟာ ဇွန်လ ခန့်ကတည်း တကျော့ပြန် ပျံ့နှံ့ခဲ့တာ ဖြစ်ပြီး အဆိုပါ ရေးသားမှုတွေအပေါ် NLD ပါတီ ဗဟို ပြန်ကြားရေး ကော်မတီ အဖွဲ့ဝင် ဦးဟံသာမြင့် က NLD ပါတီဟာ OIC အပါအဝင် မည်သည့်နိုင်ငံခြား အထောက်ပံ့မှာ ယူခဲ့ဖူးခြင်း မရှိဘူးလို Boom Myanmar ရဲ့ ဆက်သွယ်မေးမြန်းမှုကို အတည်ပြု ဖြေကြားခဲ့ဖူးသလို၊ ပါတီရဲ့ ဗဟိုပြန်ကြားရေး ကော်မတီ အတွင်းရေးမှူး မုံရွာအောင်ရှင်ကလည်း NLD ပါတီဟာ ကိုယ်စားလှယ်တွေရဲ့ လခ ၂၀ % နှုန်းနဲ့ ပါတီထောက်ခံသူတွေလှူဒါန်းရဲ့ ရံပုံငွေနဲ့ ရပ်တည်နေတာ ဖြစ်တယ်လို့ ပြောပါတယ်။
ယခင် NLD ပါတီက OIC ဆီက ထောက်ပံ့ကြေး ယူခဲ့တယ်လို့ ဖြန့်ဝေထားတဲ့ အကြောင်းအရာတွေကို Boom ရဲ့ အချက်အလက် စစ်ဆေးမှုတွေကို ဒီမှာ ဖတ်နိုင်ပါတယ်။
ဒါ့အပြင် ယူနက်စကို အဖွဲ့ဆိုတာ ကုလသမဂ္ဂ ပညာရေး၊ သိပ္ပံနှင့် ယဉ်ကျေးမှုအဖွဲ့ လို့ အဓိပ္ပါယ်ရပြီး ယူနက်စကိုရဲ့ ယဉ်ကျေးမှု ကော်မတီဝင် ၂၁ နိုင်ငံက ပုဂံကို ကမ္ဘာအမွေအနှစ်အဖြစ် ထည့်သွင်းဖို့ အတည်ပြုခဲ့ခြင်းသာ ဖြစ်ပါတယ်။ ပုဂံ ဟာ မြန်မာနိုင်ငံအတွက် ဒုတိယမြောက် ယူနက်စကို စာရင်းဝင်ခဲ့တာ ဖြစ်ပြီး ၂၀၁၄ တုန်းက ဟန်လင်း၊ ဗိဿနိုး၊ သရေခေတ္တရာ ပျူမြို့ဟောင်း စတဲ့ မြို့(၃) မြို့က ပထမအကြိမ် ယူနက်စကို စာရင်ဝင်ခဲ့တာ ဖြစ်ပါတယ်။
ယူနက်စကို စာရင်းဝင်ခြင်းဟာ ကမ္ဘာ့အမွေအနှစ်လို့ သတ်မှတ်ခံရတဲ့ ရှေးဟောင်း အဆောက်အအုံတွေကို ရေရည်ထိန်းသိမ်းဖို့ ယူနက်စကို ဆီက နည်းပညာအကူအညီတွေ ရရှိမှာ ဖြစ်တဲ့အပြင် ကမ္ဘာအမွေအနှစ်အဖြစ် သတ်မှတ်ခံရခြင်းအတွက် ခရီးသွားလုပ်ငန်းကို ပိုမို အကျိုးပြုစေမှာ ဖြစ်ပါတယ်။ ၎င်း သတင်းအမှား ဖြန့်ထားတဲ့ ဗလီဆောက်ခွင့်ရမယ် ဆိုတာဟာ လုံးဝ မဟုတ်ပါဘူး။အထက်ပါ ရေးသားမှုဟာ ၂၀၁၀၊ ၂၀၁၂ နဲ့ ၂၀၁၅ မတိုင်ခင်က ဘာသာရေးဆူပူမှု ဖြစ်အောင် သွေးထိုး လှုံ့ဆော်လေ့ရှိတဲ့ ရေးသားမှုမျိုးနဲ့ ဖြန့်ဝေတာကို တွေ့ရပါတယ်။
၎င်းရဲ့ ဒုတိယ သတင်းအမှားပိုစ့်မှာ ရေးထားတဲ့ မြောက်ဒဂုံမှာ လူထောင်ချီ ဆန့်တဲ့ ဗလီကြီး ဆောက်ဖို့ NLD နဲ့ သဘောတူ ထားတယ် ဆိုတာဟာလည်း ရွေးကောက်ပွဲ မတိုင်မီ NLD ပါတီအပေါ် လူထုထောက်ခံမှုကျအောင် သွေးထိုး လှုံ့ဆော်မှု သက်သက်သာ ဖြစ်ပါတယ်။
အဆိုပါ သတင်းအမှားဖြန့်ထားတဲ့ ဖေ့စ်ဘွတ်အကောင့်ကို ဝင်ရောက် စစ်ဆေးကြည့်တဲ့အခါမှာလည်း မည်သူမည်ဝါမှန် ဖော်ပြထားခြင်း မရှိတဲ့ အကောင့်ပုန်း တစ်ခု ဖြစ်တာကို တွေ့ရပြီး NLD ပါတီကို သတင်းအမှားဖြန့် တိုက်ခိုက်ပြီး နိုင်ငံရေး အမြတ်ထုတ်နေတာကို တွေ့ရပါတယ်။
Claim Review : လူမှုကွန်ယက်ပေါ်မှာ ရေးသားထားတဲ့ NLD ပါတီက OIC က ထောက်ပံ့ကြေးယူပြီး ပုဂံကို ယူနက်စကို ဝင်ခွင့်ရအောင်ပြုလုပ်ပြီး ဗလီ ဆောက်လုပ်ပေးဖို့ သဘောတူထားတယ်ဆိုတဲ့ အကြောင်းအရာကို Boom Myanmar က အချက်အလက် စစ်ဆေးထားပါတယ်။
Claimed By : facebook
Fact Check : False
Next Story",3.0,4.0,2.0,5.0,5.0,"The document is a well-structured fact-check article. It provides educational value by explaining UNESCO's role and debunking misinformation. It uses logical reasoning to refute claims by citing official statements and historical context. It is written in natural, professional Burmese, reflecting local political and social contexts accurately."
<urn:uuid:0cc6270e-d3bb-401f-ba6a-6ddbc595eecf>,"သက်ကြီးရွယ်အိုတွေမှာ စိုးရိမ်စိတ်လွန်ကဲတဲ့ရောဂါ ဖြစ်လေ့ဖြစ်ထရှိကြပြီး၊ အများစုကိုတော့ ကာကွယ်နိုင်ကာ၊ စောစောသိ စောစောကုသနိုင်ရင် ပြန်ကောင်းနိုင်တယ်လို့ ကျန်းမာရေး ပညာရှင်တွေက သုံးသပ်ပြောဆိုကြပါတယ်။
စိုးရိမ်စိတ်လွန်ရောဂါ ဖြစ်ရခြင်း အကြောင်းရင်းက ငယ်စဉ်ဘဝမှာ မိဘတွေဆုံးရှုံးတာနဲ့ မတရားအကျင့်ခံရတာ၊ မျိုးရိုးလိုက်တာ၊ အသက်ကြီးလာချိန် ထိခိုက်ဒဏ်ရာရတာနဲ့ ရောဂါအမျိးမျိုးဝင်လာတာနဲ့ အဲ့ဒီရောဂါတွေအတွက် ဆေးတွေသောက်ရလို့ ဖြစ်တတ်ပါတယ်။ အသက်ကြီးချိန် ဖြစ်လွယ်လာတဲ့ ခြေလက်အပါအဝင် အရိုးတွေကျိုးပြီး ခွဲစိတ်ရတာမျိုးအပြင်၊ ဝင်လာတတ်တဲ့ ရောဂါတွေဖြစ်တဲ့ နှလုံးရောဂါ၊ ပန်းနာရင်ကြပ်ရောဂါကဲ့သို့ အသက်ရှုလမ်းကြောင်းရောဂါ၊ လည်ပင်းအကြိတ် ဟော်မုန်းအပြောင်းအလဲတွေနဲ့ အာရုံကြောရောဂါတွေကြောင့်လည်း ဖြစ်တတ်ပါတယ်။ ဒါ့အပြင် အခုလိုဖြစ်လာတဲ့ ရောဂါမျိုးစုံအတွက် ဆေးတွေ ရေရှည်သောက်ရတာကနေ ဆေးခဏ ဖြတ်ထားချိန်မှာလည်း သက်ကြီးစိုးရိမ်လွန်ရောဂါ ဖြစ်လာနိုင်ပါတယ်။
ဒီရောဂါ ကာကွယ်ရေးမှာ ငယ်စဉ်ဘဝ စိတ်ဒဏ်ရာတွေနဲ့ မျိုးရိုးလိုက်တာအတွက် ကာကွယ်ရခက်ပေမယ့်၊ အသက်ကြီးလာချိန် ခန္ဓာကိုယ် ထိခိုက်ဒဏ်ရာရတာနဲ့ ရောဂါမျိုးစုံဝင်လာပြီး တွဲဖြစ်လာတာအတွက်တော့ ထိခိုက်ဒဏ်ရာတွေ မရအောင်နဲ့ ရောဂါတွေ ဝင်မလာစေအောင် ကာကွယ်ပေးခြင်းဖြင့် သက်ကြီးစိုးရိမ်စိတ်လွန်ရောဂါကို ကာကွယ်နိုင်ပါတယ်။ အခုလို ကာကွယ်ရာမှာ မိသားစုက ဂရုစိုက်ပေးတာနဲ့ ရောဂါဖြစ်လာရင်လည်း အမြန်ဆုံး ကုသပေးတာတွေက အရေးကြီးပါတယ်။
စိုးရိမ်စိတ်လွန်ရာဂါ ဖြစ်လာခဲ့ရင်လဲ စောစောသိ၊ စောစောကုသနိုင်အောင် စောင့်ကြည့်သင့်တဲ့ လက္ခဏာတွေကတော့ ရောဂါတွေ၊ စီးပွားရေး ပြဿနာတွေ၊ အမှုအခင်းနဲ့ မိသားစု အရေးပြဿနာတွေကို ကြိုတွေးပူနေတာ၊ အိပ်မရတာ၊ အိပ်မရတာကြောင့် ရှိပြီးသားရောဂါတွေ ပိုဆိုးလာပြီး အိပ်မရဘဲ ပိုပြီးစိုးရိမ်လာတာ၊ ရင်တုန်တာ၊ ချွေးပြန်တာ၊ မောတာ စတာတွေ ဖြစ်ပါတယ်။ ဒီရောဂါလက္ခဏာတွေ ပြလာရင် အမြန်ကျွမ်းကျင်တဲ့ စိတ်ကျန်းမာရေး ဆရာဝန်တွေနဲ့ အမြန်ဆုံး ပြသင့်ပါတယ်။
ပြုစုကုသမှုနဲ့ ပတ်သက်ပြီး စိတ်ကုထုံး၊ အပြုအမူကုထုံးများအပြင် ပထမအဆင့်မှာ တရားထိုင်တာမျိုး အသက်ရှုလေ့ကျင့်ခန်း လုပ်ပေးခြင်းဖြင့် စိတ်ကို တည်ငြိမ်အောင် ဖြေလျှော့နိုင်ပြီး အများစု ပြန်ကောင်းလာနိုင်ပါတယ်။ ဒါပေမဲ့ အခုလို တရားထိုင်တာနဲ့ မသက်သာရင်တော့ စိတ်ကျန်းမာရေးဆိုင်ရာ ဆေးတွေ စနစ်တကျ စားသုံးပေးရပါတယ်။ အထူးသဖြင့် အိပ်ဆေးပေးရာမှာ မျှတအောင်၊ မလွန်ကဲအောင် သတိထားပေးသင့်ပါတယ်။ အခုလို ဆေးသောက်တာနဲ့အတူ တရားထိုင်တာပါ တွဲလုပ်ပေးသင့်ပါတယ်။ မိသားစုအနေဖြင့်လည်း အချိန်မှန် ဆရာဝန်ပြန်ပြပေးတာနဲ့ ဆေးတွေစနစ်တကျ တိုက်ပေးတာတွေအပြင်၊ မဖျားအောင်နဲ့ လူနာ စိုးရိမ်စိတ် သက်သာအောင်၊ စိတ်လုံခြုံမှုရနိုင်အောင် စိတ်ရှည်ရှည်ထားပြီး အားပေးဖေးမ ၊ပံ့ပိုးပေးဖို့ အထူးအရေးကြီးပါတယ်။ အခုလို ပြုစုကုသမှုတွေကို စောစောနဲ့ ဘက်စုံလုပ်ပေးနိုင်ရင် လူနာအခြေအနေ အမြန်ဆုံး ပြန်ကောင်းလာနိုင်ပါတယ်။
ဒီရောဂါအကြောင်းဆိုင်ရာ ပိုမိုသိရှိနိုင်ဖို့ ကိုဝင်းမင်း က တပ်မတော်ဆေးတက္ကသိုလ် စိတ်ကျန်းမာရေး၊ ပညာပေးဌာန၊ ပါမောက္ခဌာနမှူး နဲ့ ဦးနှောက်အာရုံကြောနဲ့ စိတ်ပိုင်းဆိုင်ရာရောဂါ အထူးကု ဒေါက်တာဥာဏ်ဝင်းကျော် ကို ဆက်သွယ်မေးမြန်း တင်ပြထားပါတယ်။",4.0,3.0,3.0,5.0,4.0,"The text provides clear, structured health information about anxiety in the elderly, suitable for public education. It explains causes, symptoms, and treatments logically. It is written in natural, professional Burmese, including appropriate cultural references like meditation as a coping mechanism. It is clean, coherent, and well-organized."
<urn:uuid:ee882a23-4e03-4f45-8690-5e6bed3cdbae>,"အလုပ်သမား သမဂ္ဂ ခေါင်းဆောင်များ အလုပ်ထုတ်ခံရမှု သက်ဆိုင်ရာသို့ တင်ပြမည်
This article has been converted from Zawgyi One to Unicode
မြန်မာနိုင်ငံတွင်းရှိ စက်ရုံ အလုပ်ရုံများတွင် အလုပ်သမား သမဂ္ဂများ ဖွဲ့စည်းခွင့်ပေးရေး တောင်းဆိုသည့်
အလုပ်သမား ခေါင်းဆောင်များ အလုပ်မှ ထုတ်ပယ်ခြင်း ခံနေရသည့် ကိစ္စနှင့် ပတ်သက်၍ အလုပ်သမား ဝန်ကြီးဌာန အလုပ်သမားခုံ သမာဓိရုံးနှင့် သက်ဆိုင်ရာဝန်ကြီး ဌာနများသို့ တင်ပြသွားရန်ရှိကြောင်း နိုင်ငံတကာ အလုပ်သမား အဖွဲ့
(ILO) မှ နည်းပညာ ဆိုင်ရာအကြံပေး အရာရှိ ရော့ခ် ဝီလ်စင်က ပြောသည်။
ယင်းသို့ အလုပ်သမား ခေါင်းဆောင်များ အလုပ်မှ ထုတ်ပယ် ခံနေရခြင်းသည် မကြာမီက ထုတ်ပြန်ထားသည့်
အလုပ်သမား အခြေခံဥပဒေ၏ အကျိုးသက်ရောက်မှု အားနည်းနေသောကြောင့် ဖြစ်ကြောင်း၊ ထို့အပြင် လူထု သိရှိမှု နည်းနေပြီး ဥပဒေပါ အချက်အလက်များတွင် အလုပ်သမားများ အပေါ် ကာကွယ် တာဝန်ယူနိုင်သည့် အချက်အလက်များ နည်းပါးနေခြင်းကြောင့် ဖြစ်ကြောင်း၊ အလုပ်သမား ခေါင်းဆောင်များ ထုတ်ပယ် ခံနေရခြင်းကို သက်ဆိုင်ရာ ဌာနများက
စုပေါင်း တားဆီးရန် လိုအပ်ကြောင်း ၎င်းက ယမန်နေ့ ရန်ကုန်တွင် ပထမဆုံးအကြိမ် ကျင်းပသည့် ILO အလုပ်ရုံ ဆွေးနွေးးပွဲတွင် ပြောဆိုလိုက်သည်။
“အလုပ်သမား ခေါင်းဆောင်တွေ အလုပ်ထုတ် ခံနေရတဲ့အပေါ် အလုပ်သမား ဝန်ကြီးဌာနက အလုပ်ရှင်တွေကို သတိပေးတာ၊ သတင်းအချက်အလက် ထုတ်ပြန်တာတွေ လုပ်ပေးသင့်တယ်။ အလုပ်သမား၊ အလုပ်ရှင်နဲ့ သက်ဆိုင်ရာ ဌာနများကလည်း ဥပဒေ ပြဌာန်းချက်တွေကို အတိအကျ လိုက်နာသင့်တယ်” ဟု သူက ဆိုသည်။
အလုပ်သမားအဖွဲ့အစည်းများ၊ အလုပ်ရှင် အဖွဲ့အစည်းများနှင့် ဌာနများမှ ခုံသမာဓိ အဖွဲ့ဝင်များ၊ဥပဒေ ရေးရာ သက်ဆိုင်သူ များကို ILO က တာဝန်ယူကာ အဖွဲ့အစည်း တခုချင်းစီ သော်လည်းကောင်း၊ စုပေါင်း၍သော် လည်းကောင်း ပြီးပြည့်စုံမှု ရှိသည့် အလုပ်သမား၊ အလုပ်ရှင်နှင့် ပတ်သက်သည့် ဥပဒေရေးရာ သင်တန်းများ၊ အလုပ်ရုံ ဆွေးနွေးပွဲများ ပြုလုပ်ပို့ချ သွားရန် ရှိကြောင်း သိရသည်။
ဥပဒေ ပြဌာန်းချက်နှင့် မညီဘဲ အလုပ်သမား ခေါင်းဆောင်များကို အလုပ်မှ ထုတ်ပယ်ခြင်းသည် အလုပ်သမား ဥပဒေနှင့်
အကျုံးမဝင်ကြောင်း၊ ထို့ကြောင့် ဥပဒေ အသက်ဝင်စေရေးအတွက် ဆောင်ရွက်ရန် လိုအပ်ကြောင်း၊ အလုပ်သမား ခုံသမာဓိ အဖွဲ့များအနေဖြင့် လုပ်သားရေးရာ ကိစ္စများ ဆုံးဖြတ်ရာတွင် တရားမျှတမှုမရှိဘဲ ဘက်လိုက်မှုများ ရှိနေမည်ကို အလုပ်သမား များက စိုးရိမ်လျက်ရှိသည်ဟု အလုပ်သမား သမဂ္ဂ ခေါင်းဆောင်တဦးဖြစ်သည့် ဦးဇော်ညွန့်က ပြောသည်။
“ဥပဒေပိုင်း ဆိုင်ရာတွေကို ပြန်ညှိဖို့တော့ လိုအပ်နေပြီ။ အလုပ်ရှင်တွေက အလုပ်သမား ခေါင်းဆောင်တွေကို ပြစ်မှု မကျူးလွန်ဘဲ ဖြုတ်ပစ်တာတွေပါ ရှိလာတယ်” ဟု သူက ဆိုသည်။
ဖြစ်ရပ်တခုအနေဖြင့် စံကောင်း ကမ္ဘာကျော် စက်ရုံတွင် အလုပ်သမား အဖွဲ့အစည်း ဖွဲ့စည်းခဲ့ရာ ခေါင်းဆောင်အဖြစ် ပါဝင်ခဲ့သော လုပ်သား ကိုယ်စားလှယ် ၁၂ ဦးအား ပြစ်မှုကျူးလွန်ခြင်း မရှိဘဲ အလုပ်မှ ထုတ်ခဲ့ကြောင်း သိရသည်။
စက်ရုံ အလုပ်ရုံများတွင် အလုပ်သမား ဆန္ဒပြမှုများ ဆက်လက်ရှိနေမည် ဆိုပါက ပြည်ပ ရင်းနှီးမြှုပ်နှံမှုများ ဝင်ရောက် လာသည့် အခါတွင် အကျိုး သက်ရောက်မှုများ ရှိလာနိုင်ကြောင်း လုပ်ငန်းရှင် အသိုင်းအဝန်းက ဆိုသည်။
လက်ရှိတွင် မြန်မာနိုင်ငံ တဝန်း၌ တရားဝင် မှတ်ပုံတင်ထားသည့် အခြေခံ အလုပ်သမား အဖွဲ့အစည်း စုစုပေါင်း ၁၂၇ ဖွဲ့
ဖွဲ့စည်းထားပြီးဖြစ်ကြောင်း သိရသည်။
ယမန်နေ့က ကျင်းပသည့် ILO ၏ အလုပ်ရုံဆွေးနွေးပွဲသို့ အလုပ်သမားရေးရာ ဝန်ကြီးဌာနမှ ဒုတိယ ညွှန်ကြားရေးမှူး ဦးသက်နိုင်ဦး၊ အလုပ်ရှင် အဖွဲ့အစည်းမှ တာဝန်ရှိသူ အနေဖြင့် ကုန်သည်နှင့် စက်မှုလက်မှု လုပ်ငန်းရှင်များ အသင်းချုပ် (UMFCCI) မှ ဒေါ်ခိုင်ခိုင်နွယ်၊ အလုပ်သမား အဖွဲ့အစည်းများ ဘက်မှ ဦးသန့်ဇင်ဦးနှင့် အလုပ်သမား အင်အား ၃၀၀ ကျော် တက်ရောက် ဆွေးနွေး ခဲ့သည်။",3.0,3.0,3.0,4.0,5.0,"The text provides a clear, journalistic report on labor rights and legal issues in Myanmar. It is coherent and informative, suitable for educational purposes regarding current affairs. It uses natural, professional Burmese, includes specific local entities like UMFCCI, and maintains a high standard of cleanliness despite the brief conversion note at the start."
<urn:uuid:5c590b8f-8795-4ea2-8775-20cf5a9a2262>,"ပြည်နယ်နှင့် တိုင်းဒေသကြီး ဝန်ကြီးချုပ်များကို သက်ဆိုင်ရာ ပြည်နယ်နှင့် တိုင်းလွှတ်တော်အမတ်များက တိုက် ရိုက်ရွေးချယ်နိုင်ရေးအတွက် ဖွဲ့စည်းပုံအခြေခံဥပဒေ ပုဒ်မ ၂၆၁ ပြင်ဆင်ရေးကို ထောက်ခံကြောင်း ရန်ကုန်မြို့ အခြေစိုက် ကရင်ပြည်သူ့ပါတီ-KPP က ဖေဖေါ်ဝါရီ ၂၀ ရက်နေ့တွင် ကေအိုင်စီသို့ ပြောသည်။
အဆိုပါ ကိစ္စနှင့် ပတ်သက်၍ ကရင်ပြည်သူ့ပါတီ ဗဟိုအလုပ်အမှုဆောင်ကော်မတီ၏ ယမန်နေ့(ဖေဖော်ဝါရီ ၁၉ ရက်) ပြုလုပ်သည့် အစည်းအဝေးတွင် တိုင်းရင်းသားစည်းလုံးညီညွတ်ရေး၊ ပြည်နယ်များအာဏာပိုမို ရရှိရေး၊ ငြိမ်းချမ်းရေးကိုအထောက်အကူပြုစေရေးအတွက် ဖွဲ့စည်းပုံအခြေခံ ဥပဒေပုဒ်မ “၂၆၁” ပြင်ဆင်ရေးကို ထောက်ခံကြောင်း ဆုံးဖြတ်ခဲ့ခြင်းဖြစ်သည်ဟု ပါတီ ဒုဥက္ကဌ စောစေးဝါးက ပြောသည်။
၎င်းက “သဘောတူတယ်၊ ထောက်ခံတယ်။ အဲ့ဒီအတိုင်းဖြစ်သွားမှသာ ပြည်နယ်တွေမှာ အာဏာပြန်ရှိမယ်။ ဖက်ဒရယ်ပုံစံ အာဏာ ခွဲဝေပေးသလို ဖြစ်သွားမယ်။ နို့မို့ဆို ဗဟိုကတိုက်ရိုက် ချုပ်ကိုင်သလို ဖြစ်နေတယ်”ဟု ယနေ့(ဖေဖော်ဝါရီ ၂၀ ရက်)တွင် ပြောသည်။
၂၀၀၈ ဖွဲ့စည်းပုံ အခြေခံ ဥပဒေ ပြင်ဆင်ရေးအတွက် အမျိုးသားဒီမိုကရေစီအဖွဲ့ချုပ်- NLDက ပြီးခဲ့သည့် ဇန်နဝါရီ ၂၉ ရက်နေ့တွင် ပြည်ထောင်စုလွှတ်တော်၌ အဆိုတင်သွင်းခဲ့ပြီး ဖေဖေါ်ဝါရီ ၆ ရက်နေ့တွင် အဆိုကို မဲခွဲဆုံးဖြတ် အတည်ပြုခဲ့သည်။ ထို့အပြင် ပြည်ထောင်စုကြံ့ခိုင်ရေးနှင့် ဖွံ့ဖြိုးရေးပါတီက ဖွဲ့စည်းပုံ အခြေခံဥပဒေ ပုဒ်မ ၂၆၁ ကိုပြင်ဆင်ရန် လုပ်ဆောင်သွားမည်ဟု ထုတ်ပြန်ထားသည်။
ယခုလို ပုဒ်မ ၂၆၁ အပြင် အခြားပုဒ်မများ ပြင်ဆင်ရေးနှင့်ပတ်သက်၍ KPP ဒုဥက္ကဌ စောစေးဝါးက “တခြား ပုဒ်မတွေ ပြင်ဆင်ရေးကတော့ တစ်ခုပြီး တစ်ခုလုပ်သွားရမှာပဲ။ အဓိကကတော့ အာဏာခွဲဝေမှု သယံဇာတ ခွဲဝေမှု၊ အခွန်ခွဲဝေမှု စသဖြင့် လုပ်နိုင်တဲ့ဟာတွေ တဖြည်းဖြည်းလုပ်သွားရမှာပဲ။ အရေးကြီးတဲ့ မူဝါဒတွေကျတော့ အချိန်စောင့်ရမယ်။ ယုံကြည် မှုရမှ တပ်ကထောက်ခံမှုရမှ ရမယ်လေ။ တစ်ဆင့်ပြီး တစ်ဆင့်လုပ်သွားရမယ်။ လောလောဆယ်က ဒီလိုဖြစ်နေတာ” ဟု ပြောသည်။
အလားတူ တိုင်းရင်းသားပါတီ ၂၄ ခုဖြင့် ဖွဲ့စည်းထားသည့် ညီနောင်တိုင်းရင်းသားများ ဖက်ဒရေးရှင်း (NBF)က လည်း တိုင်းဒေသကြီးနှင့် ပြည်နယ်အမတ်များက ၎င်းတို့နှင့် သက်ဆိုင်သည့် တိုင်းနှင့် ပြည်နယ်များ၏ ဝန်ကြီးချုပ် ရွေး ချယ်ပိုင်ခွင့်သည် ဒီမိုကရေစီ ဖက်ဒရယ်စနစ်အတွက် အခြေခံအုတ်မြစ်ဖြစ်သည်ဟု ယုံကြည်သလို ထောက်ခံအားပေးရန် ဖေဖေါ်ဝါရီ ၁၉ ရက်နေ့တွင် သဘောထားထုတ်လိုက်သည်။
၂၀၀၈ ဖွဲ့စည်းပုံ အခြေခံဥပဒေပြင်ဆင်ရေးအတွက် ပြည်ထောင်စုလွှတ်တော်တွင် အတည်ပြုခဲ့ပြီးဖြစ်သလို ပြင်ဆင် ရေးပူးပေါင်းကော်မတီ တစ်ရပ်ဖွဲ့စည်းရေးနှင့်ပတ်သက်၍ ဖေဖေါ်ဝါရီ ၈ ရက်နှင့် ၁၅ ရက်နေ့တို့တွင် ညှိနှိုင်းအစည်းအ ဝေးများကို နေပြည်တော်လွှတ်တော်အစည်းအဝေးခန်းမ၌ ကျင်းပခဲ့ကြောင်း သိရသည်။",3.0,3.0,3.0,5.0,5.0,"The text is a well-structured news report on Burmese constitutional reform. It provides clear political context, logical arguments regarding federalism, and uses natural, professional Burmese. It is highly relevant for understanding contemporary Burmese political discourse, though it functions as journalism rather than a formal educational textbook."
<urn:uuid:c3fa47d6-5557-4119-acc6-630a08fcee9e>,"အစိုးရနှင့် လွှတ်တော်ကို ဝေဖန်ခဲ့သဖြင့် တရားစွဲခံရသူပေါင်း ၃၇ ဦးရှိပြီ
2K
အစိုးရနဲ့ လွှတ်တော်ကို ဝေဖန်ခဲ့လို့ နိုင်ငံသားများ၏ ပုဂ္ဂိုလ်ဆိုင်ရာ လွတ်လပ်မှုနဲ့ ပုဂ္ဂိုလ်ဆိုင်ရာ လုံခြုံမှုကို ကာကွယ်ပေးရေး ဥပဒေနဲ့ တရားစွဲဆိုမှု ၁၄ မှုနဲ့ တရားစွဲဆိုခံရသူပေါင်း ၃၇ ဦးအထိ ရှိလာပြီလို့ အသံအဖွဲ့က ထုတ်ပြန်ကြေညာပါတယ်။ လွတ်လပ်စွာ ထုတ်ဖော်ပြောဆိုခွင့် လှုပ်ရှားမှုအဖွဲ့ အသံရဲ့ ဧပြီ ၁၀ ရက် ထုတ်ပြန်ချက်ထဲမှာ အစိုးရနဲ့ လွှတ်တော်ကိုယ်စားလှယ်တွေကို ဝေဖန်လို့ အဲဒီဥပဒေနဲ့ တရားစွဲဆိုခံရမှု ၃ မှု၊ နိုင်ငံတော်အတိုင်ပင်ခံပုဂ္ဂိုလ်ကို ဝေဖန်လို့ တရားစွဲခံရမှု ၂ မှု၊ နိုင်ငံရေးပါတီကို ဝေဖန်လို့ တရားစွဲခံရမှု ၂ မှုတို့ ပါဝင်ပါတယ်။ ဒါ့အပြင် ဗိုလ်ချုပ်အောင်ဆန်းကို ဝေဖန်လို့ဆိုပြီး သာမန်ပြည်သူတဦးကို အမျိုးသားဒီမိုကရေစီအဖွဲ့ချုပ် ပါတီဝင်တဦးက တရားစွဲဆိုထားမှုလည်းရှိပြီး တိုင်းဒေသကြီး လွှတ်တော်တဦးကို တိုင်တန်းစာရေးခဲ့သူ ၁၇ ဦးကို အဲဒီကိုယ်စားလှယ်နဲ့ ကိုယ်စားလှယ်ရဲ့ ဆွေမျိုးတို့က နှစ်ထပ်ကွမ်း တရားစွဲဆိုထားတာလည်း ပါဝင်ပါတယ်။ လက်ရှိ အန်အယ်လ်ဒီဦးဆောင်တဲ့ အရပ်သားအစိုးရလက်ထက် သက်တမ်းဝက်ကာလ အတွင်းမှာ မြန်မာနိုင်ငံရဲ့ လွတ်လပ်စွာပြောဆိုခွင့်ဟာ အရင်ကထက်ပိုပြီး ဆိုးလာတယ်လို့ အသံအဖွဲ့ရဲ့အစီရင်ခံစာမှာ ဖော်ပြပါတယ်။ ဆက်သွယ်ရေးဥပဒေ ပြင်ဆင်ရာမှာ ပုဒ်မ ၆၆ (ဃ) ကို မပယ်ဖျက်ခဲ့တာ၊ ဆက်သွယ်ရေး ဥပဒေနဲ့ တရားစွဲခံရမှု မြင့်တက်လာတာ၊ အစိုးရအပေါ် ဝေဖန်ပြောဆိုတာကို နိုင်ငံသားများ၏ ပုဂ္ဂိုလ်ဆိုင်ရာ လွတ်လပ်မှုနဲ့ ပုဂ္ဂိုလ်ဆိုင်ရာ လုံခြုံမှုကို ကာကွယ်ပေးရေး ဥပဒေနဲ့ တရားစွဲဆို ထောင်ချလာတာ၊ ရန်ကုန်တိုင်းဒေသကြီး ၁၁ မြို့နယ်မှာ ဆန္ဒပြခွင့် ပိတ်ပင်လာတာ၊ စတဲ့အချက်တွေဟာ လွတ်လပ်စွာ ထုတ်ဖော်ပြောဆိုခွင့်အတွက် အနုတ်လက္ခဏာ ဆောင်ခဲ့တယ်လို့လည်း ထောက်ပြထားပါတယ်။ နိုင်ငံသားများ၏ ပုဂ္ဂိုလ်ဆိုင်ရာ လွတ်လပ်မှုနဲ့ ပုဂ္ဂိုလ်ဆိုင်ရာ လုံခြုံမှုကို ကာကွယ်ပေးရေး ဥပဒေကို အခုအစိုးရလက်ထက် ၂၀၁၇ ခုနှစ်မှာ ပြဋ္ဌာန်းခဲ့တာ ဖြစ်ပါတယ်။ ဒီဥပဒေဟာ နိုင်ငံသားတွေရဲ့ ပုဂ္ဂိုလ်ဆိုင်ရာ လွတ်လပ်မှုနဲ့ လုံခြုံမှုကို အကာအကွယ်ပေးဖို့ ရည်ရွယ်ပြဋ္ဌာန်းထားတာ ဖြစ်ပေမယ့် အခုအချိန်မှာတော့ လွတ်လပ်စွာ ထုတ်ဖော်ပြောဆိုခွင့်ကို ကန့်သတ်ဖို့အတွက် အသုံးပြုလာတာကို မြင်တွေ့နေရတယ်လို့လည်း အသံအဖွဲ့က ဆိုပါတယ်။",3.0,3.0,3.0,4.0,5.0,"The text provides a factual report on legal issues regarding freedom of speech in Myanmar. It is coherent and informative, suitable for secondary education. It uses natural, formal Burmese, correctly referencing local laws and political context. It is clean, though it contains a minor '2K' header artifact."
<urn:uuid:b3395fe2-3a82-4631-9c1b-942c9e321f76>,"အလေးထားရမည့် အကြောင်းအချက်များ အမှတ် – (၅၀)
စစ်အာဏာသိမ်းပြီးနောက်ပိုင်း စစ်အာဏာရှင်ဆန့်ကျင်ရေးလှုပ်ရှားမှုကြောင့် စက်တင်ဘာ ၂၂ ရက်အထိ နိုင်ငံတဝန်း ဖမ်းဆီးခံရသူ စုစုပေါင်း ၈,၃၅၁ ဦးရှိခဲ့ပြီး ယခုအချိန်ထိ ဖမ်းဆီးချုပ်နှောင်ခံထားရသူ စုစုပေါင်း ၆,၆၉၈ ဦးရှိပါသည်။ ဖမ်းဆီး ခံထားရသူအများစုက စစ်အာဏာရှင်စနစ် ဆန့်ကျင်ရေး လူထုလှုပ်ရှားမှုမှာ ပါဝင်ခဲ့ကြတဲ့ သာမန်အရပ်သား ပြည်သူတွေနဲ့ ကျောင်းသားတွေဖြစ်ကြပါတယ်။ CDM မှာ ပါဝင်တဲ့ ဝန်ထမ်းတွေနဲ့ CDM ကို ထောက်ခံအားပေးသူတွေ၊ အနုပညာရှင်တွေနဲ့ သတင်းသမားတွေသာမက ဆရာဝန်၊ သူနာပြုနှင့် ဆေးဘက်ဆိုင်ရာ ဝန်ထမ်းတွေကိုလည်း ဖမ်းဆီး ထိန်းသိမ်းထားပါတယ်။ လက်ရှိ အချိန်ထိဖမ်းဆီးချုပ်နှောင်ခံရသူတွေထဲမှာ ဆရာဝန် ၄၈ ဦးပါဝင်နေပြီး ကိုဗစ်ကာလ ဆေးကုသမှု လှည့်လည် ပြုလုပ်ပေးနေတဲ့ ပရဟိတဆရာဝန်တွေကိုပါ စစ်ကောင်စီက ဖမ်းဆီးမှုတွေ လုပ်နေပါတယ်။ ဖမ်းဆီးထားသူတွေအပေါ် တရားစွဲဆိုမှု လုပ်ထားတဲ့ ကိန်းဂဏန်းတွေကိုလေ့လာ ကြည့်ရင် ပုဒ်မ ၅၀၅ (က) ကို အများဆုံး အသုံးပြုနေတာ တွေ့ရပါတယ်။ စက်တင်ဘာ ၇ ရက်နေ့က ဖော်ပြခဲ့သောကိန်းဂဏန်းများ (အလေးထားရမည့်အကြောင်းအချက်များ အမှတ်-၄၆ ကိုရှုပါ) နှင့်နှိုင်းယှဉ်ပါက ဖမ်းဆီးချုပ်နှောင်ခံရသူ ၄၇၅ဦး တိုးလာပါသည်။
➥ အလေးထားရမည့် အကြောင်းအချက်များ အမှတ် (၄၆) ကို အောက်ပါ link မှာ ဖတ်ရှုနိုင်ပါတယ်။
∎ ဘာကြောင့်အလေးထားသင့်သလဲ
ဖေဖော်ဝါရီ ၁ ရက် စစ်အာဏာသိမ်းမှု ဖြစ်ပွားပြီးနောက်ပိုင်း ဥပဒေပုဒ်မအမျိုးမျိုးနဲ့ ဖမ်းဆီးထောင်ချခံနေရတဲ့ ပြည်သူလူထုအရေအတွက်ကို လေ့လာခြင်းအားဖြင့် အာဏာသိမ်း စစ်ကောင်စီရဲ့ ၎င်းတို့ကို ဆန့်ကျင်ကန့်ကွက်သူ များအပေါ် တရားရေးမဏ္ဍိုင်အသုံးချပြီး ဖိနှိပ်မှုတွေအကြောင်း သုတေသနပြုလေ့လာနိုင်မှာ ဖြစ်ပါတယ်။ ဒါ့အပြင် နေ့စဉ်နဲ့အမျှ အင်အားသုံးအကြမ်းဖက်ဖမ်းဆီး ၀ရမ်းထုတ်နေမှု ပမာဏကို လေ့လာခြင်းအားဖြင့် အာဏာသိမ်းစစ်ကောင်စီ ရဲ့ဆန္ဒပြ ပြည်သူတွေကို လူ့အခွင့်အရေး ချိုးဖောက်မှု ကျူးလွန်တာတွေ ရှိ၊မရှိ ဆိုတဲ့ အပေါ် အသွင်ကူး ပြောင်းမှုဆိုင်ရာ တရားမျှတမှု ရှုထောင့် (Transitional Justice) ကနေ သုတေသနပြု ဖော်ထုတ်နိုင်မှာ ဖြစ်တာကြောင့် အလေးထားသင့်တဲ့ ဒေတာ အချက်အလက်တွေပဲ ဖြစ်ပါတယ်။
∎ တွဲဖက်လေ့လာသင့်သည်များ
စစ်အာဏာသိမ်းမှု နောက်ဆက်တွဲအဖြစ် ပေါ်ပေါက်လာတဲ့ ဆန္ဒထုတ်ဖော်မှုတွေကြောင့် ဖမ်းဆီးခံရသူ၊ သေဆုံးခဲ့ရသူအရေအတွက်နဲ့ အခြားသော အကြောင်းအချက်တွေ၊ လုံခြုံရေး တပ်ဖွဲ့ဝင်တွေရဲ့ ကိုင်တွယ် ဖြေရှင်းပုံတွေနဲ့ လူ့အခွင့်အရေး၊ လူ့ဂုဏ်သိက္ခာ ချိုးဖောက်ခံရမှု စတဲ့ ကိစ္စရပ်တွေကို လွတ်လပ်တဲ့ သတင်းမီဒီယာတွေ၊ နိုင်ငံရေး အကျဉ်းသားများ ကူညီစောင့်ရှောက်ရေး အသင်း (AAPP) လို လွတ်လပ်တဲ့ အဖွဲ့အစည်းတွေက စောင့်ကြည့် မှတ်တမ်း ပြုစုလျက်ရှိပြီး သူတို့ရဲ့ ဖော်ပြချက်တွေမှာလည်း အသေးစိတ် လေ့လာနိုင်ပါတယ်။",3.0,3.0,3.0,4.0,5.0,"The text provides a factual, well-structured report on political arrests in Myanmar. It uses specific terminology (CDM, Section 505-A) and demonstrates logical analysis regarding the use of the judiciary for repression. It is written in natural, formal Burmese, reflecting the current socio-political context accurately and professionally."
<urn:uuid:7a336f37-c895-4816-8e9e-cf4eea89083d>,"ကိုယ်ဝန်ဆောင်စဉ် ဇီကာဗိုင်းရပ်စ်ပိုး ကူးစက်ခံရတဲ့ မိခင်တွေကနေ မွေးဖွားလာတဲ့ ကလေးငယ်တွေမှာ မွေးရာပါပြဿနာတွေ ဖြစ်စေတဲ့ ဇီကာ ဗိုင်းရပ်စ်ပိုးကို တိုက်ဖျက်နိုင်မယ့် ကာကွယ်ဆေး ထုတ်လုပ်နိုင်ဖို့ သုတေသနပညာရှင်တွေ ကြိုးပမ်းနေတာ နီးစပ်လာနေပြီ ဖြစ်ပါတယ်။
အမျိုးသားကျန်းမာရေးဌာနက သုတေသနပညာရှင်တွေ စမ်းသပ်လေ့လာနေဆဲ ဇီကာကာကွယ်ဆေးဟာ ခန္ဓာကိုယ်ထဲက ခုခံစွမ်းအားစနစ်နဲ့ တန်ပြန်နိုင်မယ့် မျိုးရိုးဗီဇဆိုင်ရာ DNA နည်းပညာကို အသုံးပြုထားတဲ့ ဆေးအမျိုးအစားသစ်တမျိုးလည်း ဖြစ်ပါတယ်။
ဒါဟာဆိုရင် သမရိုးကျ ကာကွယ်ဆေးတွေ ထုတ်လုပ်မှုပုံစံကနေ ခွဲထွက်လာတဲ့ ချဉ်းကပ်မှုအသစ်လည်း ဖြစ်ပါတယ်။ နှိမ်နင်းချင်တဲ့ရောဂါကို ပစ်မှတ်ထား တုံ့ပြန်နိုင်အောင် ကိုယ်ခံစွမ်းအားကို မြှင့်တင်ပေးနိုင်ဖို့ အားပျော့နေတဲ့ ဒါမှမဟုတ် သေပြီးသား ဗိုင်းရပ်စ်ပိုးတွေကို သုတေသီတွေ အသုံးပြုခဲ့ကြတာပါ။
DNA ကာကွယ်ဆေးမှာတော့ ပိုးမွှားတွေရဲ့ အပြင်ဘက်အခွံကရတဲ့ မျိုးဗီဇကို ပုံတူကူး အသုံးပြုထားပါတယ်။ ဖန်တီးထားတဲ့ DNA ကိုတော့ ဓာတ်ခွဲခန်းမှာ ဆဲလ်တွေထဲကို ထည့်သွင်းပေးပြီး၊ ဗိုင်းရပ်စ်ဆီက ပရိုတိန်းပုံတူကို ထုတ်ယူပါတယ်။ ဒီနောက်မှာတော့ ရလာတဲ့ DNA ဟာ ရောဂါမဖြစ်တတ်တော့ပါဘူး။ ဒီနောက် ကာကွယ်ဆေးကို လူနာမှာ ထိုးပေးတဲ့အခါမှာတော့ ဖန်တီးထားတဲ့ DNA က ရောဂါဖြစ်စေတဲ့ ပိုးမွှားတွေကို နှိမ်နင်းသွားမှာ ဖြစ်ပါတယ်။
ဖိုးသူတော် (www.phothutaw.com)
Credit:ဗွီအိုအေ (မြန်မာပိုင်း)
#Unicode Version
ဖလျောရီဒါရှိ ဇီကာရောဂါဆိုငျရာ ဓါတျခှဲခနျးတခု
ကိုယျဝနျဆောငျစဉျ ဇီကာဗိုငျးရပျဈပိုး ကူးစကျခံရတဲ့ မိခငျတှကေနေ မှေးဖှားလာတဲ့ ကလေးငယျတှမှော မှေးရာပါပွဿနာတှေ ဖွဈစတေဲ့ ဇီကာ ဗိုငျးရပျဈပိုးကို တိုကျဖကျြနိုငျမယျ့ ကာကှယျဆေး ထုတျလုပျနိုငျဖို့ သုတသေနပညာရှငျတှေ ကွိုးပမျးနတော နီးစပျလာနပွေီ ဖွဈပါတယျ။
အမြိုးသားကနျြးမာရေးဌာနက သုတသေနပညာရှငျတှေ စမျးသပျလလေ့ာနဆေဲ ဇီကာကာကှယျဆေးဟာ ခန်ဓာကိုယျထဲက ခုခံစှမျးအားစနဈနဲ့ တနျပွနျနိုငျမယျ့ မြိုးရိုးဗီဇဆိုငျရာ DNA နညျးပညာကို အသုံးပွုထားတဲ့ ဆေးအမြိုးအစားသဈတမြိုးလညျး ဖွဈပါတယျ။
ဒါဟာဆိုရငျ သမရိုးကြ ကာကှယျဆေးတှေ ထုတျလုပျမှုပုံစံကနေ ခှဲထှကျလာတဲ့ ခဉျြးကပျမှုအသဈလညျး ဖွဈပါတယျ။ နှိမျနငျးခငျြတဲ့ရောဂါကို ပဈမှတျထား တုံ့ပွနျနိုငျအောငျ ကိုယျခံစှမျးအားကို မွှငျ့တငျပေးနိုငျဖို့ အားပြော့နတေဲ့ ဒါမှမဟုတျ သပွေီးသား ဗိုငျးရပျဈပိုးတှကေို သုတသေီတှေ အသုံးပွုခဲ့ကွတာပါ။
DNA ကာကှယျဆေးမှာတော့ ပိုးမှားတှရေဲ့ အပွငျဘကျအခှံကရတဲ့ မြိုးဗီဇကို ပုံတူကူး အသုံးပွုထားပါတယျ။ ဖနျတီးထားတဲ့ DNA ကိုတော့ ဓာတျခှဲခနျးမှာ ဆဲလျတှထေဲကို ထညျ့သှငျးပေးပွီး၊ ဗိုငျးရပျဈဆီက ပရိုတိနျးပုံတူကို ထုတျယူပါတယျ။ ဒီနောကျမှာတော့ ရလာတဲ့ DNA ဟာ ရောဂါမဖွဈတတျတော့ပါဘူး။ ဒီနောကျ ကာကှယျဆေးကို လူနာမှာ ထိုးပေးတဲ့အခါမှာတော့ ဖနျတီးထားတဲ့ DNA က ရောဂါဖွဈစတေဲ့ ပိုးမှားတှကေို နှိမျနငျးသှားမှာ ဖွဈပါတယျ။
ဖိုးသူတျော (www.phothutaw.com)
Credit:ဗှီအိုအေ (မွနျမာပိုငျး)",4.0,3.0,3.0,5.0,4.0,"The text provides a clear, educational explanation of DNA vaccine technology in the context of Zika virus research. It is well-structured, uses natural Burmese, and avoids excessive jargon while maintaining scientific accuracy. It is clean, free of ads, and provides a coherent explanation of a complex medical topic suitable for a general audience."
<urn:uuid:815728d7-1a87-45af-86c1-dd5d30a47485>,"ချင်းပြည်နယ်မှာ တိုင်းရင်းသားညီလာခံ ကျင်းပနေသလိုပဲ ဒီလကုန်ပိုင်း မတ်လ ၂၇ ရက်နေ့ကနေ ၂၉ ရက်နေ့အထိ နိုင်ငံတကာ သတင်းမီဒီယာ ညီလာခံတရပ်ကိုလည်း နိုင်ငံတကာ မီဒီယာ အဖွဲ့အစည်းတခုဖြစ်တဲ့ IPI - International Press Institute နဲ့ ပြန်ကြားရေးဝန်ကြီးဌာနတို့ ပူးပေါင်းပြီးတော့ ကျင်းပဖို့ရှိပါတယ်။
ဒါပေမဲ့လည်း မကြာသေးခင်တုန်းက လက်ပံတန်းမှာ ကျောင်းသားဆန္ဒပြမှုကို လုံခြုံရေးတပ်ဖွဲ့တွေက အကြမ်းဖက် နှိမ်နင်းရာမှာ သတင်းသမားတွေပါ ရိုက်နှက် ဖမ်းဆီးခံရတာတွေ ရှိတဲ့အပေါ်မှာ မြန်မာနိုင်ငံ သတင်းသမားကွန်ယက် MJN ကနေ အစိုးရ ပြန်ကြားရေးဝန်ကြီးဌာနရဲ့ လုပ်ဆောင်မှုတွေကို မပူးပေါင်းဘဲနဲ့ သပိတ်မှောက်ဖို့ စည်းရုံးလှုံ့ဆော်မှုတွေ ရှိနေပါတယ်။ အစိုးရပြန်ကြားရေးဝန်ကြီးဌာန ပါဝင်ပတ်သက်နေတာကြောင့် အခုလာမယ့် IPI ညီလာခံကိုလည်း မတက်ရောက်ဘူးဆိုပြီးတော့ လှုံ့ဆော်နေမှုတွေ ရှိနေပါတယ်။
သတင်းမီဒီယာတွေနဲ့ ပတ်သက်လို့ တဆက်တည်း နောက်ထပ် တင်ပြချင်တာကတော့ အစိုးရကနေ လွှတ်တော်မှာ အဆိုပြုထားတဲ့ အများပြည်သူ ၀န်ဆောင်မှု မီဒီယာဥပဒေကြမ်းကို အစိုးရကပဲ ပြန်လည် ရုပ်သိမ်းခဲ့ပါတယ်။ ပြန်လည် ပြင်ဆင်ရေးဆွဲစရာတွေ ရှိနေတာကြောင့် အခုလို ရုပ်သိမ်းရတာ ဖြစ်တယ်လို့ ပြန်ကြားရေးဝန်ကြီး ဦးရဲထွဋ် က ပြောပါတယ်။ ဗွီအိုအေသတင်းထောက် မအေးအေးမာ က ဦးရဲထွဋ်ကို ဆက်သွယ် မေးမြန်းထားပါတယ်။
မအေးအေးမာ။ ။ ပြန်ကြားရေးဝန်ကြီးဌာန အနေနဲ့ပေ့ါနော် ဒီနေ့ ဒီ အများပြည်သူ ၀န်ဆောင်မှု မီဒီယာ ဥပဒေကြမ်းကိုပေါ့နော် ဒီနေ့ လွှတ်တော်မှာ ရုပ်သိမ်းလိုက်တယ်လို့ သိရပါတယ်။ အဲ့ဒါ ဒီလို ရုပ်သိမ်းဖို့အတွက် ဘာကြောင့် ဆုံးဖြတ်ခဲ့တာလဲဆိုတာ အဲ့ဒါလေး သိချင်လို့ပါရှင်။
ဦးရဲထွဋ်။ ။ အချက် ၃ ချက်ပေါ် မူတည်ပြီးတော့မှ ကျနော်တို့ ပြန်လည် ရုပ်သိမ်းပြီးတော့မှ ပြန်လည် သုံးသပ်ပြီး ဆုံးဖြတ်ခဲ့တာပါ။
- ပထမတချက်ကတော့ ဒီဥပဒေကြမ်း တင်ထားပြီး တနှစ်ကျော် ကာလအတွင်းမှာ ရရှိလာတဲ့ ပြည်သူတွေရဲ့ ဝေဖန်အကြံပြုချက်တွေ၊ ဒါတွေကို ပြန်ပြီးတော့ ထည့်သွင်းစဉ်းစားဖို့ လိုတယ်လို့ ကျနော်တို့ မြင်ပါတယ်။
- ဒုတိယတချက်ကတော့ တနှစ်အတွင်းမှာ မီဒီယာတွေရဲ့ ပြုပြင်ပြောင်းလဲလာတဲ့ အခြေအနေတွေအရ ကျနော်တို့ ဒီဥပဒေကို ပြန်လည် သုံးသပ်ဖို့ လိုပြီလို့ ကျနော်တို့ မြင်ပါတယ်။
- တတိယတချက်ကတော့ ဒီရှေ့မှာ တင်ထားပြီးတော့ အမျိုးသားလွှတ်တော်က အတည်ပြုပြီးတော့ ပြည်သူ့လွှတ်တော်ကို ပေးပို့ထားတဲ့ ရုပ်မြင်သံကြားနဲ့ အသံလွှင့်ခြင်းဆိုင်ရာ ဥပဒေ အဲ့ဒီဥပဒေမှာပါတဲ့ အချက်တွေက အတည်ပြုပြီးသွားလို့ရှိရင် အဲ့ဒီဥပဒေနဲ့အညီ လိုက်လျောညီထွေဖြစ်တဲ့ အများပြည်သူဝန်ဆောင်မှု မီဒီယာဖြစ်ဖို့ လိုတဲ့အတွက်ကြောင့်မို့ ကျနော်တို့ ဒီ ၃ ချက်ပေါ် မူတည်ပြီးတော့မှ ပြန်ရုပ်သိမ်းလိုက်တာပါ။
မအေးအေးမာ။ ။ ဟုတ်ကဲ့ အဲ့ဒါနဲ့ ပတ်သက်ပြီးတော့ပေါ့နော် ဒီ စိုးရိမ်မကင်းဖြစ်မှုတွေပေါ့နော် ဝေဖန်မှုတွေအနေနဲ့ လျော့ကျသွားတာတွေလည်း ရှိနိုင်သလို၊ ဒီဥပဒေ အတည်မပြုနိုင်သေးဘူး ဆိုရင်ပေါ့နော် လာမယ့်ရွေးကောက်ပွဲမှာ အစိုးရအနေနဲ့ နိုင်ငံပိုင် မီဒီယာတွေကနေပြီးတော့ လိုအပ်တဲ့ စည်းရုံးလှုံ့ဆော်မှုတွေကို အသုံးပြုနိုင်တယ်ဆိုပြီးတော့ စိုးရိမ်မကင်းတာတွေလည်း ရှိကြပါတယ်။ အဲ့တော့ ဒီပေါ်မှာရော ပြန်ကြားရေးဝန်ကြီးဌာနအနေနဲ့ ဘယ်လိုများ တုံ့ပြန်မလဲရှင့်။
ဦးရဲထွဋ်။ ။ အဲ့ဒီလိုပြောတဲ့သူတွေကတော့ အတော် အတွေးတိမ်တဲ့သူတွေလို့ပဲ ပြောရမှာပဲခင်ဗျ။ ဘာဖြစ်လို့လဲဆိုတော့ ဒီနေ့မှာ ဥပဒေကြမ်းကို ပြည်သူ့လွှတ်တော်က အတည်ပြုရင်တောင်မှ ဥပဒေပြုရေး လုပ်ငန်းစဉ်အရ အမျိုးသားလွှတ်တော်ကို သွားမယ်။ ပြီးရင် ပြည်သူ့လွှတ်တော်ကို ပြန်ပို့မယ်။ ပြီးရင် ပြည်ထောင်စုလွှတ်တော်မှာ စဉ်းစားမယ်ဆိုတဲ့ ဥပဒေပြုရေး လုပ်ငန်းစဉ်ကြီးရဲ့ အချိန်ကာလကို ခင်ဗျားတို့ မှန်းကြည့်လို့ရပါတယ်။ ပြီးလို့ရှိရင် ပြည်ထောင်စုလွှတ်တော်က အတည်ပြုပြီးလို့ရှိရင် ဥပဒေကြမ်းမှာ ပါတဲ့အတိုင်းဆိုရင် ပြင်ဆင်ရေးကာလပေါ့ အဖွဲ့စည်းတွေ ဖွဲ့စည်းတာ၊ နည်းဥပဒေထုတ်တဲ့အတွက် ပြင်ဆင်ရေးကာလ ၆ လ ပေးထားတယ်။ ဒါကြောင့်မို့လို့ ဒီနေ့ အတည်ပြုရင်တောင်မှ ရွေးကောက်ပွဲမတိုင်ခင်မှာ အများပြည်သူ ၀န်ဆောင်မှု မီဒီယာတွေ ပေါ်ပေါက်ဖို့ မရှိပါဘူး။ ဒါကြောင့်မို့လို့ ကျနော်တို့ကဖြင့် ဥပဒေကို ရုပ်သိမ်းတာက ရွေးကောက်ပွဲနဲ့ ဘာမှ ပတ်သက်ခြင်း မရှိဘူးလို့ပဲ ပြောချင်ပါတယ်။
ပြန်ကြားရေးဝန်ကြီး ဦးရဲထွဋ်ကို ဗွီအိုအေသတင်းထောက် မအေးအေးမာ ဆက်သွယ် မေးမြန်းခဲ့တာပါ။",3.0,3.0,3.0,5.0,5.0,"The text is a professional news interview regarding media legislation in Myanmar. It provides clear, logical explanations of government policy and public concerns. It is written in natural, high-quality Burmese, reflecting authentic political discourse and terminology relevant to the local context."
<urn:uuid:e81f82a0-c980-44ed-b774-798b27d384d3>,"KNU လက်အောက် သို့ DKBA ပြန်လည် ပူးပေါင်းရန် အလားအလာရှိနေ
ဟံသာ
စက်တင်ဘာ ၈၊ ၂၀၁၁
နယ်ခြားစောင့်တပ် အဖြစ်အသွင်ပြောင်းရန် အစီအစဉ်ကို လက်မခံဘဲ မြန်မာအစိုးရကို ခုခံ တိုက်ခိုက်နေသည့် တိုးတက်သော ဗုဒ္ဓဘာသာကရင်အမျိုးသားတပ်မတော်-DKBA က ၎င်းတို့ အနေဖြင့် ကရင်အမျိုးသား အစည်းအရုံး-KNU လက်အောက်သို့ အထူးတပ်အနေဖြင့် ပူးပေါင်းသွားရန် အလားအလာ ရှိကြောင်း ပြောကြားလိုက်သည်။
KNU ၏ လက်အောက်တွင် ယခုလက်ရှိ တပ်မဟာများ ရှိနေသဖြင့် DKBA မှ လာရောက်ပူးပေါင်း ဖြစ်ပါက တပ်မဟာအနေဖြင့် မဟုတ်ဘဲ “ကလို့ထူးဘော” အထူးတပ်အနေဖြင့်သာ ပူးပေါင်းသွားမည်ဟု DKBA ကလို့ထူးဘော ဌာနချုပ်၏ ပြန်ကြားရေး ယာယီတာဝန်ခံ တပ်မှူးတဦးကပြောသည်။
“အဲဒီအချိန်ကျရင် DKBA ဆိုတာ ပျောက်ချင်ပျောက်သွားလိမ့်မယ် ”ဟု ၄င်းက ဆက်ပြောသည်။ မည်သည့် အချိန်တွင် ပူးပေါင်းမည် ဆိုသည်ကိုမူ ၎င်းက တိတိကျကျ ပြောဆိုခြင်း မရှိပေ။
ယခင်လ ၁၄ ရက်နေ့တွင် DKBA အဖွဲ့၏ တပ်မှူးညီလာခံ ကျင်းပခဲ့ပြီး တပ်ဖွဲ့စည်းပုံကို စနစ်တကျ ဖြစ်စေရန် ပြန်လည် ဖွဲ့စည်းခဲ့သည်ဟု သိရသည်။ ကလို့ထူးဘော စစ်ဗျူဟာကို ဋ္ဌာနချုပ်အဖြစ် သတ်မှတ်ပြီး ယင်းအောက်တွင် ကလို့ထူးဝါးနှင့် ကလို့ထူးလားဟူ၍ စစ်ဗျူဟာနှစ်ခု ခွဲကာဖွဲ့စည်းခဲ့သည် ဟု အဆိုပါ တာဝန်ခံက ရှင်းပြသည်။
KNU ဒုဥက္ကဋ္ဌ ပဒိုစောဒေးဗစ်သာကပေါက DKBA ပူးပေါင်းမည့် အစီအစဉ် ကို ကြိုဆိုလိုက်သည်။ ၎င်းက “လာပေါင်းမယ်ဆိုရင် အချိန်မရွေး ကြိုဆိုပါတယ်၊ DKBA ဆိုတာ (Army) စစ်တပ်ပါပဲ။ ဒါကြောင့် KNU လက်အောက်မှာ ရှိရင်တော့ စစ်တပ်အနေနဲ့ ပြန်ပြီးနေရင် အကောင်းဆုံးပဲ” ဟုဆိုသည်။
DKBA အနေဖြင့် ၎င်းတို့၏ လှုပ်ရှားမှုများနှင့် ပတ်သက်၍ KNU အဖွဲ့အား တင်ပြထားပြီး ယခုလက်ရှိတွင် စစ်ရေးအရ ပူးပေါင်း လုပ်ဆောင်ရွက်လျက် ရှိသည်ဟု DKBA ကပြောသည်။ ထိုသို့ ပူးပေါင်းမှု၏ ရလဒ် အဖြစ် နယ်မြေလှုပ်ရှားမှု ပိုမိုကျယ်ပြန့်လာခြင်း၊ ရန်သူအား ပိုပြီး ခုခံတိုက်ခိုက်လာနိုင်ခြင်း၊ လူထုထောက်ခံမှု ပိုမိုရရှိလာခြင်း အစရှိသည့် အားသာချက်များ ရရှိသည်ဟုလည်း DKBA အဖွဲ့မှ ပြောဆိုသည်။
နှစ်ပေါင်းခြောက်ဆယ်ကျော် မြန်မာအစိုးရကို လက်နက်ကိုင် ဆန့်ကျင် တိုက်ခိုက်လျက်ရှိသည့် KNU သည် နိုင်ငံရေးအဖွဲ့အစည်း တစ်ခုဖြစ်ပြီး၊ KNU ၏ လက်နက်ကိုင်အဖွဲ့အစည်း မှာ ကရင်လွတ်မြောက်ရေးတပ်မတော်-KNLA ဖြစ်သည်။
DKBA သည် မူရင်းမိခင် အဖွဲ့အစည်း KNU မှ ၁၉၉၄ ခုနှစ်တွင် ခွဲထွက်ပြီး စစ်အစိုးရနှင့် အပစ်ခတ်ရပ်စဲရေး ပြုလုပ်ခဲ့သည်။ ၂၀၁၀ ခုနှစ် သြဂုတ်လတွင် စစ်အစိုးရက DKBA တပ်ဖွဲ့၏ အစိတ်အပိုင်းအချို့ကို နယ်ခြားစောင့် တပ်အဖြစ် အသွင်ပြောင်း ဖွဲ့စည်းစေခဲ့ရာတွင် ထိုအချက်ကို လက်မခံသည့် လက်နက်ကိုင် တပ်ဖွဲ့ဝင်များက ၂၀၁၀ခုနှစ် နိုဝင်ဘာလတွင် အစိုးရအား ပြန်လည် တော်လှန်ခဲ့သည်။
(Photo – DKBA 5th Brigade soldiers in Karen State. http://kcortiz.photoshelter.com )",3.0,3.0,3.0,4.0,5.0,"The text provides a clear, factual report on historical political and military developments in Myanmar. It is well-structured, uses natural Burmese, and accurately reflects local political entities and historical context. It lacks advanced pedagogical features or complex multi-layered analysis, but serves as a reliable, clean, and culturally authentic informational source."
<urn:uuid:bcda930e-6066-4ff1-9c64-1f9f2b96bee7>,"13-Sep-2017
နေပြည်တော်၊ စက်တင်ဘာ ၁၃
လတ်တလောပြည်တွင်းရေး အခြေအနေများဖြစ်သော ရခိုင်ပြည်နယ်အရေး အပါအဝင် နိုင်ငံတော်အခြေခံမူမိန့်ခွန်းဖြစ်သော အမျိုးသား ပြန်လည် သင့်မြတ်ရေးနှင့် ငြိမ်းချမ်းရေး နိုင်ငံတော် အခြေခံမူမိန့်ခွန်းကို နိုင်ငံတော်အတိုင်ပင်ခံပုဂ္ဂိုလ် ဒေါ်အောင်ဆန်းစုကြည်က ပြည်တွင်း သာမက နိုင်ငံတကာမှသိရှိစေရန် အင်္ဂလိပ်ဘာသာဖြင့် ပြောကြားမည်ဖြစ်ကြောင်း သမ္မတရုံးညွန်ကြားရေးမှူးချုပ် ဦးဇော်ဌေးက ပြောကြားသည်။
ယနေ့ (စက်တင်ဘာ ၁၃ ရက်) ညနေပိုင်းက နေပြည်တော်ရှိ နိုင်ငံတော်သမ္မတ အိမ်တော်ဝင်းအတွင်းတွင် ၎င်းက မီဒီယာများကို ဖိတ်ကြား၍ အထက်ပါအတိုင်း ပြောကြားခဲ့ခြင်း ဖြစ်သည်။
နိုင်ငံတော်အတိုင်ပင်ခံအနေဖြင့် အမေရိကန်ပြည်ထောင်စု နယူးယောက်မြို့တွင် ပြုလုပ်မည့် ၇၂ ကြိမ်မြောက် ကုလသမဂ္ဂ အထွေထွေ ညီလာခံကိုတက်ရောက်၍ မိန့်ခွန်းပြောကြားရန် စီစဉ်ခဲ့သော်လည်း ပြည်တွင်းရေး အခြေအနေ ကိစ္စများကြောင့် ယင်းညီလာခံကို ဒုတိယသမ္မတ ဦးဟင်နရီဘန်ထီးယူက သွားရောက်ရန် စီစဉ်လိုက်ရကြောင်း ၎င်းက ရှင်းပြသည်။
ရခိုင်ပြည်နယ်ကို အကြမ်းဖက်သမားများက ဝင်ရောက် တိုက်ခိုက်မှုကြောင့် ဒေသခံတိုင်းရင်းသားများ အပါအဝင် မွတ်ဆလင်နှင့် ဟိန္ဒူဘာသာဝင်တို့ သေဆုံးခဲ့ရခြင်းကြောင့် ထွက်ပြေးနေရသူများကို နေရာ ၇ ခုပြုလုပ်၍စိစစ်ကာ လူသားချင်း စာနာထောက်ထားမှုများ ပြုလုပ်ရန်လိုအပ်နေခြင်း၊ ဆန္ဒပြမှု၊ ဆူပူမှုများ ရှိလာနိုင်သောကြောင့် စိုးရိမ်ရသည့် အခြေအနေကို ထိန်းချုပ်ရန်လိုခြင်း၊ မြို့ကြီးများတွင် အကြမ်းဖက်မည့်သတင်းများကြောင့် အထူးအလေးထား ဆောင်ရွက်ရန်လိုခြင်းနှင့် နိုင်ငံတော်သမ္မတ ဦးထင်ကျော်က ထိုင်းနိုင်ငံ ဘန်ကောက်မြို့တွင် ဆေးကုသမှု ပြုလုပ်နေရခြင်းကြောင့် နိုင်ငံတော် အတိုင်ပင်ခံအနေဖြင့် ကုလသမဂ္ဂအထွေထွေ ညီလာခံသို့ မတက်ရောက်နိုင်ခြင်းတို့ ဖြစ်ကြောင်း ဦးဇော်ဌေးက ထပ်လောင်းပြောသည်။
လက်ရှိအခြေအနေတွင် လူမျိုးရေးနှင့် ဘာသာရေးကို အစွဲပြုပြီး ပြသနာကို ရှာလာနိုင်သည့်အပြင် ဆူပူမှုအနည်းငယ်ဖြစ်ခဲ့သည့် တောင်တွင်းကြီးဖြစ်စဉ်မျိုးသည် စိုးရိမ်ရသည့် အခြေအနေဖြစ်ပြီး ထိန်းချုပ်မှု မပြုနိုင်ပါက နိုင်ငံအတွင်းနေရာ အနှံ့ကူးစက်သွားနိုင်ကြောင်း ၎င်းက သုံးသပ်သည်။
နိုင်ငံတော်အတိုင်ပင်ခံ မိန့်ခွန်းပြောကြားမည့် အခမ်းအနားသို့ ပြည်တွင်း သတင်းထောက်များကို ဖိတ်ကြားမည့်အပြင်၊ ပြည်ပ သတင်းထောက်များ၊ သံရုံးဆိုင်ရာ တာဝန်ရှိသူများ လာရောက်လိုပါက ဗီဇာအလွယ်တကူရရှိရန် အစိုးရက အကူညီပေး ဆောင်ရွက်သွားမည်ဖြစ်ကြောင်း၊ လက်ရှိ အခြေအနေများတွင် ဖိအားပေးသည့် အခြေအနေများ ရှိနေခြင်းကြောင့် ကမ္ဘာ့နိုင်ငံ အသီးသီးရှိ ခေါင်းဆောင်များကို နိုင်ငံတော် အတိုင်ပင်ခံအနေဖြင့် တယ်လီဖုန်းဖြင့်သော်လည်းကောင်း၊ စာဖြင့်သော်လည်းကောင်း စဉ်ဆက်မပြတ် ပြောကြားနေရကြောင်း သမ္မတရုံးညွန်ကြားရေးမှူးချုပ် ဦးဇော်ဌေးက ထပ်လောင်း ပြောသည်။
သတင်းများအရ ရခိုင်ပြည်နယ်ကို အကြမ်းဖက်သမား စုစည်းရာနေရာဟု အကြမ်းဖက်သမားများက သတ်မှတ်ထားခဲ့ပြီး ကြိုတင်ပြင်ဆင်မှုများ လုပ်ထားခဲ့သော်လည်း ကွက်ပြည့်လုံခြုံရေးမရရှိခဲ့ကြောင်း၊ တပ်မတော်အနေဖြင့် မေယုတောင်ကြောပေါ် ရှင်းလင်းရေးလုပ်နေစဉ် မြေပြင် ရဲကင်းများကို ဝင်တိုက်ခဲ့ခြင်းဖြစ်ပြီး ကြိုတင်သတင်းများကြောင့် ရဲကင်းများ ကျဆုံးခြင်းမရှိခဲ့ခြင်း ဖြစ်ကြောင်း ၎င်းက ပြောသည်။
ရခိုင်ပြည်နယ်နှင့် ဘင်္ဂလားဒေ့ရှ် နှစ်နိုင်ငံကြား ခြံစည်းရိုးကာရန် လတ်တလော ၅ ဘီလီယံ ချပေးထားပြီ ဖြစ်ပြီး ၂၀၁၈ ခုနှစ် ဘတ်ဂျက်တွင်လည်း ထည့်သွင်း လျာထားလိုက်ပြီဖြစ်ကြောင်း၊ယင်းခြံစည်းရိုကို အဆင့်သုံးဆင့်ဖြင့် လုပ်ကိုင်သွားမည်ဖြစ်ပြီး ခြံစည်းရိုး ခိုင်မာရေး၊ အဆင့်မြှင့်တင်ရေး လုပ်ဆောင်ရန်နှင့် ကုန်ကျစရိတ်ကိုချပေးရန် နိုင်ငံတော် အတိုင်ပင်ခံပုဂ္ဂိုလ် ဒေါ်အောင်ဆန်းစုကြည်က လမ်းညွန် ပြောကြားထားကြောင်း ဦးဇော်ဌေးက ပြောကြားခဲ့သည်။
S-01
- SOURCES
- The Voice
-
19-Nov-2018
-
19-Nov-2018
-
19-Nov-2018
-
19-Nov-2018
-
19-Nov-2018
-
19-Nov-2018
-
18-Nov-2018
-
12-Nov-2018
-
14-Nov-2018
-
12-Nov-2018
-
18-Nov-2018
-
05-Nov-2018",3.0,3.0,3.0,2.0,5.0,"The text is a journalistic report on political events in Myanmar. It provides factual, coherent information about government policy and regional security, suitable for educational context. It contains some boilerplate/metadata noise at the end, but the core content is well-written, authentic Burmese, and reflects specific local political and social contexts of the time."
<urn:uuid:c3ac5693-a525-4bdf-9011-6fa0b85128de>,"ကိုဗစ် ဒုတိယလှိုင်းကို ထိုင်းနိုင်ငံ ကျော်ဖြတ်နိုင်မလား
ထိုင်းနိုင်ငံ COVID-19 အခြေအနေ စီမံခန့်ခွဲမှုဌာနရဲ့ အစီရင်ခံစာအရ ထိုင်းနိုင်ငံမှာ ပြည်တွင်းကူး စက်မှု မရှိခဲ့တာ ရက်ပေါင်း ၈၀ နီးပါး ကြာမြင့်ခဲ့ပြီလို့ သိရပါတယ်။ ဒါကြောင့်လည်း ထိုင်းပြည်သူတွေ အနေနဲ့ သူတို့ဟာ COVID-19 အန္တရာယ်က ကင်းလွတ်သွားပြီလို့ ယုံကြည် ယူဆလာကြပြီး ကိုဗစ် စည်းကမ်းချက်တွေကို လိုက်နာခြင်း မရှိကြတော့ပါဘူး။
ထိုင်းပြည်သူ အများစုဟာ အပြင်ထွက်တဲ့အခါ Mask တပ်ဆင်ခြင်း မရှိကြတော့သလို လက်ဆေးတာအပါအဝင် ကျန်းမာရေးဝန်ကြီးဌာနက ညွှန်ကြားထားတဲ့ Social distancing စည်းကမ်းတွေကိုလည်း လိုက်နာခြင်း မရှိကြတော့ပါဘူး။
ဒါကြောင့်လည်း ထိုင်းနိုင်ငံ ကူးစက်ရောဂါ သိပ္ပံစင်တာက ကြက်ခြေနီ ညွှန်ကြားရေးမှူးဖြစ်သူ ပါမောက္ခ ဒေါက်တာ Thiravat Hemachudha က ထိုင်းနိုင်ငံတဝှမ်း ရောဂါ ပြန်လည် ကူးစက်နိုင်ခြေက အကြောင်းများစွာ ရှိနေတယ်လို့ ပြောကြားခဲ့ပါတယ်။
သူထောက်ပြခဲ့တဲ့ အချက်တွေထဲမှာ ကျန်းမာရေးဝန်ကြီးဌာနက ထုတ်ပြန်ပေးထားတဲ့ လမ်းညွှန်ချက်တွေကို ပြည်သူတွေ မလိုက်နာကြတော့တဲ့ အချက်က အဓိကအနေနဲ့ ပါဝင်ပါတယ်။
ကမ္ဘာတဝှမ်း COVID-19 စတင် ကူးစက်ခဲ့ပြီးနောက်ပိုင်း ၆ လလောက် အချိန်လေးနဲ့ ထိုင်းနိုင်ငံမှာ COVID-19 ကင်းစင်သွားတယ်ဆိုတာ မဖြစ်နိုင်ဘူးလို့ သူက ပြောပါတယ်။ ပိုးကင်းစင်သွားပြီလို့ ယူဆခဲ့ကြတဲ့ နိုင်ငံအများအပြားမှာလည်း တကျော့ပြန် ကူးစက်မှုတွေ ရှိနေတယ်လို့ ထောက်ပြခဲ့ပါတယ်။ နောက်အကြောင်း တချက်ကတော့ ရောဂါကူးစက်ခံရသူတွေမှာ လက္ခဏာ မပြတဲ့ အချက်ပါ။
“ရောဂါ ကူးစက်ခံထားရတဲ့ လူငယ်တွေအနေနဲ့ ကိုယ်ခံအားစနစ် ကောင်းမွန်နေတဲ့အတွက်ကြောင့် ရောဂါလက္ခဏာ မပြတာမျိုးတွေ ရှိနေပါတယ်။ ဒီလို ရောဂါလက္ခဏာ မပြသူတွေကနေတဆင့် ရောဂါပိုးက ပြန့်ပွားသွားနိုင်ပါတယ်”လို့ သူက ရှင်းပြခဲ့ပါတယ်။
တဆက်တည်းမှာပဲ ဒေါက်တာ Thiravat က အများသုံး ဘတ်စ်ကားလို နေရာမျိုးတွေမှာ Social distancing ကို မလိုက်နာကြတော့တဲ့အတွက် ကူးစက်မှုက ပိုပြီးမြင့်တက်သွားနိုင်စရာ ရှိတယ်လို့ ပြောပါတယ်။
ကလေးငယ်တွေကို စာသင်ခန်းအတွင်း ဝင်ရောက်ခွင့်ပြုလိုက်ခြင်းကလည်း ကြီးမားတဲ့ အန္တရာယ်ကိုဖိတ်ခေါ်လိုက်သလိုပဲလို့ ဒေါက်တာက ရှင်းပြခဲ့သလို ပြည်ပက ပြန်လာသူတွေကိုလည်း တင်းကျပ်တဲ့စစ်ဆေးမှုတွေ ပြုလုပ်ရမယ်လို့ ပြောပါတယ်။
ထိုင်းနိုင်ငံ ရောဂါထိန်းချုပ်ရေးဌာနရဲ့လက်ထောက်ညွှန်ကြားရေးမှူးချုပ် ဒေါက်တာ Tanarak Plipat ကလည်း COVID-19 ဒုတိယလှိုင်းဟာ ကြီးမားမယ်ဆိုတဲ့ အယူအဆကို သဘောတူညီခဲ့ပေမယ့် ဒုတိယလှိုင်းဖြစ်ခဲ့မယ်ဆိုရင်တောင် အကန့်အသတ်နဲ့သာ ဖြစ်ပွားနိုင်စရာ ရှိတယ်လို့ ပြောပါတယ်။
ထိုင်းနိုင်ငံမှာရှိတဲ့ စီးပွားရေးလုပ်ငန်းတော်တော်များများ COVID-19 ကြောင့် ကျဆင်းနေရချိန်မှာ အဆိုပါ ဆရာဝန် ၂ ယောက်ကတော့ ဒုတိယလှိုင်းနဲ့ ပတ်သက်ပြီး သတိပေးစကားတွေ ပြောကြားနေပါတယ်။
ဒေါက်တာ Tanarak က ထိုင်းနိုင်ငံရဲ့ ရည်မှန်းချက်ဟာ ကိုဗစ် ကူးစက်မှု သုည မဟုတ်ဘဲ ပြန့်ပွားမှုကို တတ်နိုင်သမျှ အမြန်ဆုံး ထိန်းချုပ်ဖို့သာဖြစ်တယ်လို့ ပြောပါတယ်။ ပြန့်ပွားမှုကို ထိန်းချုပ်နိုင်ဖို့က လည်း ပြည်သူတွေရဲ့သဘောထားကို ပြောင်းလဲပစ်ဖို့ လိုအပ်ပါတယ်။
COVID-19 ကာကွယ်ဆေးကို ရရှိနိုင်ခဲ့မယ်ဆိုရင်တောင် ဒီရောဂါက ဆက်ပြီး ရှိနေမှာပဲလို့ ဖြည့်စွက်ပြောကြားခဲ့ပါတယ်။ ဒါကြောင့်လည်း ကိုဗစ် ဒုတိယလှိုင်းကို ကျော်ဖြတ်နိုင်ဖို့ ထိုင်းနိုင်ငံတင်သာမက တခြားနိုင်ငံတွေ အတွက်လည်း အရေးကြီးပါတယ်။
ထိုင်းနိုင်ငံ အပါအဝင် တခြားနိုင်ငံတွေအနေနဲ့လည်း ဗီယက်နမ်ကို နမူနာယူသင့်ပါတယ်။ ဗီယက်နမ် နိုင်ငံဟာ ပြည်တွင်း ခရီးသွားလုပ်ငန်းတွေ ပြန်လည် စတင်ပြီးနောက်ပိုင်း တကျော့ပြန် ကူးစက်မှု ပြန် လည် စတင်ခဲ့ပါတယ်။ လပေါင်းအတော်ကြာတဲ့အထိ COVID-19 ကြောင့် လူသေဆုံးမှု မရှိခဲ့တဲ့ ဗီ ယက်နမ်နိုင်ငံဟာ ဒုတိယလှိုင်းမှာတော့ လူသေဆုံးမှု ဖြစ်ပွားခဲ့ပြီး ၂၆ ယောက်အထိ သေဆုံးခဲ့ပါတယ်။
မြန်မာနိုင်ငံကို ကြည့်မယ်ဆိုရင်လည်း ပြည်တွင်း ကူးစက်မှုတွေ ပြန်လည် စတင်နေတာ တွေ့ရပါတယ်။ ဒီကနေ့ မနက်ခင်းပိုင်း ထုတ်ပြန်ချက်အရ စစ်တွေမြို့မှာ ပြည်တွင်း ကူးစက်လူနာအသစ် ၃ ယောက် ထပ်မံ တွေ့ရှိခဲ့ပါတယ်။
Ref: thaipbsworld
You may also like these stories:",4.0,3.0,3.0,4.0,4.0,"The text provides a clear, educational overview of public health risks during the COVID-19 pandemic, using expert opinions to explain epidemiological concepts. It is well-structured, coherent, and written in natural Burmese. While it includes a reference link at the end, the core content is informative, logical, and accessible to a general audience."
<urn:uuid:5b2b9c55-1e58-4344-85ac-b65be9751de0>,"ကိုယ်ဝန်ဆောင်အမျိုးသမီးများသည် ခန္ဓာကိုယ်၏ တောင့်တ မှုအရ အရည်များပိုသောက်လေ့ရှိပြီး သကြားတုများပါဝင်သည့် အချိုရည်များကို သောက်သုံးလေ့ရှိသည်။
ယင်းအချိုရည်များက ကိုယ်အလေးချိန် ပိုများလာစေနိုင်ပြီး မွေးဖွားလာမည့် ကလေး၏ ကိုယ်အလေးချိန်အပေါ်လည်း လွှမ်းမိုး မှုရှိနိုင်သည်။
အချိုရည်အစား ရေသောက်သော အမျိုးသမီးများမှ မွေးဖွား လာသော ကလေးငယ်များသည် ယင်းအန္တရာယ်မရှိဟု သုတေသီ များကပြောသည်။
ကိုယ်ဝန်ဆောင်ချိန် ဆီးချိုရောဂါဖြစ်ပြီး အချိုရည်သောက် သော အမျိုးသမီးများမှ မွေးလာသော ကလေးငယ်များသည် အ သက်(၇)နှစ်အရွယ်တွင် အဝလွန်ဖြစ်နိုင်ခြေ ၆၀ ရာခိုင်နှုန်း ပိုများ သည်။
ကိုယ်အလေးချိန်ပိုများလာခြင်းကြောင့် အစာချေဖျက်မှုဆိုင် ရာ လမ်းကြောင်းထဲရှိ ပိုးမွှားများ အပြောင်းအလဲဖြစ်သွားနိုင်ပြီး အ ချိုရည်သောက်ခြင်းကြောင့် အူများသည် သွေးထဲရှိ သကြားဓာတ် ကို စုပ်ယူနိုင်စွမ်းပိုများလာနိုင်သည်။
ထို့အပြင် အချိုရည်သောက်ခြင်းကြောင့် အစာစားပြီးသော် လည်း ဗိုက်မဝသကဲ့သို့ ခံစားရနိုင်ကြောင်း အခြားလေ့လာမှုများက ဖော်ပြသည်။ ယင်းသို့ ဗိုက်မဝသကဲ့သို့ ခံစားရပြီး နောက်ထပ် အစာစားလိုစိတ်ဖြစ်ပေါ်နိုင်သည်။
Credit: MM
ကျန်းမာရေး
ဤစာဖတ်သူများအားလုံးကျန်းမာချမ်းသာကြပါစေလို့ရွှေချစ်သူမှဆုတောင်းမေတ္တာပို့သပေးပါတယ်။မျှဝေပေးခြင်းဟာလည်းမေတ္တာတစ်မျိုးပဲမို့ မျှဝေပေးပါနော်...
#Unicode Version# ဖြင့်ဖတ်ပါ ။
ကလေးဘဝ အဝလှနျဖွဈခွငျးကွောငျ့ ဘဝနှောငျးပိုငျးတှငျ ဆီခြို၊ နှလုံး၊ လဖွေတျခွငျးနှငျ့ ကငျဆာရောဂါအခြို့ အပါအဝငျ ကနျြးမာရေးပွဿနာမြား ကွုံတှနေို့ငျသညျ့ အန်တရာယျမွငျ့မား သညျ။
ကိုယျဝနျဆောငျအမြိုးသမီးမြားသညျ ခန်ဓာကိုယျ၏ တောငျ့တ မှုအရ အရညျမြားပိုသောကျလရှေိ့ပွီး သကွားတုမြားပါဝငျသညျ့ အခြိုရညျမြားကို သောကျသုံးလရှေိ့သညျ။
ယငျးအခြိုရညျမြားက ကိုယျအလေးခြိနျ ပိုမြားလာစနေိုငျပွီး မှေးဖှားလာမညျ့ ကလေး၏ ကိုယျအလေးခြိနျအပျေါလညျး လှမျးမိုး မှုရှိနိုငျသညျ။
အခြိုရညျအစား ရသေောကျသော အမြိုးသမီးမြားမှ မှေးဖှား လာသော ကလေးငယျမြားသညျ ယငျးအန်တရာယျမရှိဟု သုတသေီ မြားကပွောသညျ။
ကိုယျဝနျဆောငျခြိနျ ဆီးခြိုရောဂါဖွဈပွီး အခြိုရညျသောကျ သော အမြိုးသမီးမြားမှ မှေးလာသော ကလေးငယျမြားသညျ အ သကျ(၇)နှဈအရှယျတှငျ အဝလှနျဖွဈနိုငျခွေ ၆၀ ရာခိုငျနှုနျး ပိုမြား သညျ။
ကိုယျအလေးခြိနျပိုမြားလာခွငျးကွောငျ့ အစာခဖြေကျြမှုဆိုငျ ရာ လမျးကွောငျးထဲရှိ ပိုးမှားမြား အပွောငျးအလဲဖွဈသှားနိုငျပွီး အ ခြိုရညျသောကျခွငျးကွောငျ့ အူမြားသညျ သှေးထဲရှိ သကွားဓာတျ ကို စုပျယူနိုငျစှမျးပိုမြားလာနိုငျသညျ။
ထို့အပွငျ အခြိုရညျသောကျခွငျးကွောငျ့ အစာစားပွီးသျော လညျး ဗိုကျမဝသကဲ့သို့ ခံစားရနိုငျကွောငျး အခွားလလေ့ာမှုမြားက ဖျောပွသညျ။ ယငျးသို့ ဗိုကျမဝသကဲ့သို့ ခံစားရပွီး နောကျထပျ အစာစားလိုစိတျဖွဈပျေါနိုငျသညျ။
Credit: MM
ကနျြးမာရေး
ဤစာဖတျသူမြားအားလုံးကနျြးမာခမျြးသာကွပါစလေို့ရှခေဈြသူမှဆုတောငျးမတ်ေတာပို့သပေးပါတယျ။မြှဝပေေးခွငျးဟာလညျးမတ်ေတာတဈမြိုးပဲမို့ မြှဝပေေးပါနျော...",4.0,3.0,2.0,3.0,5.0,"The text provides clear, evidence-based health advice regarding pregnancy and childhood obesity. It uses natural Burmese phrasing and includes both Zawgyi and Unicode versions, which is common in local digital media. It is informative and coherent, though it lacks the depth of a formal medical study or textbook."
<urn:uuid:6a5cbb41-1b49-4e13-8d7e-58fd11940c75>,"16-Jun-2019
မော်လမြိုင်၊ ဇွန် ၁၆
မွန်ပြည်နယ် ၁၀ မြို့နယ်အတွင်း ယခု ၂၀၁၉ ခုနှစ် ဇန်နဝါရီလမှ ဇွန်လ ပထမအပတ်အထိ သက်ငယ်မုဒိမ်းဖြစ်ပွားမှုမှာ ယခင်၂၀၁၈ ခုနှစ် တစ်နှစ်စာခန့်ရှိနေကြောင်း မွန်ပြည်နယ် လွှတ်တော်အမျိုးသမီးနှင့် ကလေးသူငယ် အခွင့်အရေးဆိုင်ရာ ကော်မတီဥက္ကဋ္ဌ ဒေါ်ခိုင်ခိုင်လဲ့က ပြောကြားသည်။
“တစ်နှစ်စာထက် ခြောက်လ အရေအတွက်က များလာတယ်။ ဖြစ်စဉ်ကို ဖော်ထုတ်လာနိုင်တယ်။ အရင်က တရားမစွဲဘူး၊ ဖုံးဖုံးဖိဖိနဲ့ ပြီးဆုံးသွားတယ်။ အခုနောက်ပိုင်းမှာတော့ အသိပညာပေးမှုတွေ ရှိလာတယ်။ ဒီလိုကိစ္စမျိုးက တရားစီရင်ရေးလမ်းကြောင်းပေါ်တင်သင့်တယ်။ ဒါက ဘာကြောင့်လဲဆိုတော့ ပြစ်မှုပြစ်ဒဏ်တိုးလိုက်တာလည်းပါတယ်”ဟု ၎င်းကပြောဆိုသည်။
ယခင်ကာလတွင် ပြစ်မှုဆိုင်ရာ ဥပဒေပုဒ်မ ၃၇၅ တွင် ပြဋ္ဌာန်းထားသည့် အသက်အပိုင်းအခြားသည် ယခုပြန်လည် ပြင်ဆင်ထားသည့် အသက် ၁၆ နှစ်အောက်ဆိုသည့် အသက်ပိုင်းခြားကွာခြားမှုကြောင့် အမှုအရေအတွက် များလာရခြင်းဖြစ်ကြောင်း၊ ထို့ပြင် မူးယစ်ဆေးဝါးကြောင့် မလိုလားအပ်သည့် အွန်လိုင်းညစ်ညမ်း video များကြောင့် စိတ်ပိုင်းဆိုင်ရာ ချို့တဲ့သည့်လူများလည်းရှိသဖြင့် တိုးလာရခြင်းဖြစ်ကြောင်း ၎င်းကရှင်းပြသည်။
၂၀၁၉ ခုနှစ် ဇန်နဝါရီလမှ ဇွန်လအထိ လူမှုဝန်ထမ်းဦးစီးဌာနသို့ တိုင်ကြားလာသည့် သက်ငယ်မုဒိမ်းမှု ၂၁ မှုရှိပြီး ၂၀၁၈ ခုနှစ် တစ်နှစ်လုံးတွင် ၃၅ မှုသာရှိကြောင်း၊ ၂၀၁၉ ခုနှစ်တွင် သက်ငယ်မုဒိမ်းအပြင် မုဒိမ်းမှု၊ အုပ်ထိန်းသူမဲ့/ မိဘနှင့် ကွဲကွာမှု၊ ရင်ခွင်မဲ့ကလေး၊ ဆိုးသွမ်းကလေး၊ ကာယိနြေ္ဒပျက်စီးစေမှု၊ ရုပ်ပိုင်း/စိတ်ပိုင်းဆိုင်ရာ အကြမ်းဖက်ခံရခြင်းနှင့် အခြားအမှုများ စုစုပေါင်း ၄၆ မှုကို လူမှုဝန်ထမ်းဦးစီးဌာနက ကူညီဖြေရှင်းပေးခဲ့ရကြောင်း လူမှုဝန်ထမ်း ဦးစီးဌာန၏ စာရင်းများအရ သိရသည်။
“အခုဖြစ်နေတဲ့ အမှုတော်တော်များများက၂ နှစ်ကနေ ၁၃ နှစ်ကြား ကလေးတွေက တကယ့်ကို သက်ငယ်မုဒိမ်းခံရတဲ့ ကလေးတွေဖြစ်တယ်။ သူတို့မှာ ဘာအမှားမှမရှိဘဲခံရတယ်။ သက်ငယ်မုဒိမ်းရဲ့ ၈၀ ရာခိုင်နှုန်းသည် ရင်းနှီးကျွမ်းဝင်တဲ့သူတွေနဲ့ ဖြစ်တာများပါတယ်”ဟု ဒေါ်ခိုင်ခိုင်လဲ့က ထပ်လောင်း ပြောဆိုသည်။
မွန်ပြည်နယ်တစ်ခုလုံးတွင် သက်ငယ်မုဒိမ်းမှုမှာ မော်လမြိုင်မြို့နယ်တွင် ၈ မှု၊ မုဒုံမြို့နယ်တွင် ၅ မှု၊ သံဖြူဇရပ်မြို့နယ်၊ ရေးမြို့နယ်၊ သထုံမြို့နယ်တို့တွင် ၂ မှုစီနှင့် ပေါင်နှင့် ကျိုက်ထိုမြို့နယ်တို့တွင် ၁ မှု စီရှိကြောင်း လူမှုဝန်ထမ်းဦးစီးဌာန၏ စာရင်းများအရ သိရသည်။
R-21
-
17-Jul-2019
-
17-Jul-2019
-
17-Jul-2019
-
17-Jul-2019
-
17-Jul-2019
-
17-Jul-2019
-
10-Jul-2019
-
09-Jul-2019
-
13-Jul-2019
-
04-Jul-2019
-
06-Jul-2019
-
01-Jul-2019",3.0,3.0,3.0,2.0,5.0,"The text provides a factual, journalistic report on child abuse statistics in Mon State. It includes expert commentary and causal analysis. While the content is informative and socially relevant, the document ends with significant boilerplate/date-stamping noise, which detracts from its cleanliness. The language is natural, formal Burmese, reflecting local administrative and social contexts."
<urn:uuid:f3706c2d-ca61-4c1c-a354-5cf6e4e93cc4>,"မိဘကျေးဇူး ကျေအောင်ဆပ်နည်း မှာ
၁ . အခြေခံ အဆင့်
၂. အလယ်တန်း အဆင့် နဲ ့
၃. အထက်တန်း အဆင့် ဆိုုပြီး အဆင့် ၃ ဆင့်ရှိပါတယ်။
အခြခံ အဆင့်မှာ ပြော၊ ပြ ူ၊ မွေး ဆိုု ပြီး ၃ ချက်
အလယ်တန်းအဆင့်မှာ ဂုုဏ် ၊ တောင်း ၊ အပ် ဆိုုပြီး ၃ ချက်
အထက်တန်း အဆင့်မှာ ၀ိ ၊ အ ဆိုုပြီး ၂ ချက်
စုုစုုပေါင်း ၁၀ ချက်ရှိပါတယ်
အခြခံ အဆင့် ( ပြော၊ ပြ ူ၊ မွေး )
- ပြော – မိဘတွေ ရဲ ့ပြောစကားကိုု နားထောင်မယ်
- ပြ ုု – ပြ ူစုုစောင့်ရှောက် ကူညီမယ်
- မွေး – ကျွေး မွေးမယ်
ပြော၊ ပြ ူ၊မွေး ဆိုုုတာကတော့ အခြေခံ အဆင့် ကျေးဇူး ဆပ်နည်းပါဘဲ။
ဒီ အဆင့်ကိုု လူမျိုးတိုုင်းလိုုလိုု၊ မည်သည့်ဘာသာတိုုင်းမဆိုု ကြိ ူးစားပြီး ပြ ူလုုပ်လေ့ရှိ တာ တွေ ့နုုိင်ပါတယ်။
(တစ်ချို ့တိရစ္ဆာန်တွေတောင်မှ အခြေခံ အဆင့်နဲ ကျေးဇူးဆပ်တာ တွေ ့ဘူးမှာပါ ..ရှားတော့ရှားပါတယ်)
အလယ်တန်းအဆင့် (ဂုုဏ် ၊ တောင်း ၊ အပ်)
- ဂုုဏ် – မိဘတိုု ့ရဲ့ ဂုုဏ်ကျေးဇူး များကိုု ရည်စူးပြီး ကန်တော့ခြင်း
- တောင်း – မိဘတုုိ ့ကိုုတောင်းပန်၍ ကန်တော့ခြင်း
- အပ် – ဗုုဒ္ဓမြတ်စွာ ရဲ့ ဒေသနာကိုုက် ဆုုံးမသွန်သင်ပေးပါရန် အပ်နှံ၍ ကန်တော့ခြင်း
အလယ်တန်း အဆင့် ကျေးဇူးဆပ်နည်းကတော့ ဗုုဒ္ဓသာသနာဝင်တွေမှာသာတွေ ့နုုိင်ပါတယ်။
ဂုဏ ်တောင်း အပ် ဖြင့် ကန်တော့ခြင်း
၁။ ( ဂုဏ် ) ဖေဖေ မေမေ တို ့၏ သီလ၊ သမာဓိ၊ ပညာဂုဏ် တို ့နှင် ့တကွ သာသနာပြုဂုဏ်များ ကို အာရုံပြုကာ ပထမအကြိမ်မြောက် ဂုဏ်တော် ကိုရှိခိုးကန်တော ့ ပါသည်။ ( ဦးတစ်ကြိမ်ချရပါမယ် )
၂။ (တောင်း ) ဖေဖေ မေမေ တို ့နှင် ့ပုဂ္ဂ ိုလ် သတ္တဝါများ အားလုံးအပေါ်တွင် ဘဝ သံသရာ အဆက်ဆက်မှစ၍ ယခုအချိန် အထိ ၀ဋ်ကြွေးများနှင် ့တကွ ကျူးလွန်ခဲ့သော အပြစ်များရှိခဲ ့ပါလျှင် ခွင့်လွှတ်တော်မူပါရန်၊ ကျေအေးတော်မူပါရန် တောင်းပန်၍ ဒုတိယအကြိမ်မြောက် တောင်းပန် ကန်တော ့ပါသည်။ ( ဦးတစ်ကြိမ်ချရပါမယ် )
၃။ (အပ်) ဖေဖေ မေမေ တို ့မှ သားတိုု ့၊သမီးတိုု ့အား ဘယ်အချိန်မဆို ဘယ်နေရာမဆို မျက်ခြေမပြတ် ထပ်ချပ်မကွာ ဘုရားရှင်၏ ဒေသနာကိုက် ဆုံးမသွန်သင်သင်ပေးပါရန် အပ်နှံ၍ တတိယအကြိမ်မြောက် အပ်နှံကန်တော ့ ပါသည်။ ( ဦးတစ်ကြိမ်ချရပါမယ် )
ဂုုဏ် ဆိုုသည်မှာ ဂုဏ် = ကျေးဇူး = ကောင်းအောင်ပြ ူလုုပ်၊ ပြောဆိုုခဲ ့တာပါ။ အဲဒါကြောင့် ကျွန်တော်တိုု ့တွေဟာ မိဘ၊ ဘိုုးဘွား တွေ ၊ ဆရာ ဆရာမတွေ ကျေးဇူးရှိခဲ့ဘူး သူတွေကိုု အနည်းဆုံုးတော့ သင်္ကြန်တွင်းတိုု ့ သီတင်းကျွတ်တိုု ့မှာ သူတိုု့ ရဲ့ ဂုုဏ်ကျေးဇူး ကြောင့် ပစ္စည်းတွေနဲ့အတူ တောင်းပန် ကန်တော့လေ့ရှိပါတယ်။ ဂုုဏ် ကိုုပြောဆုုိပြီး ကန်တော့ခြင်းနဲ့ အပ်နှံပြီးကန်တော့ခြင်း နှစ်မျိုးလိုုနေတာကိုု အများစုုမှာ တွေ ့တွေ ့နေရပါတယ် . အဲဒါကြောင့် ဒီတစ်ခါ ကန်တော့တဲ ့အခါမှာ နှလုံုးသွင်းဆင်ခြင်ပြီး ပြည့်စုံုစွာ နဲ ့ ကန်တော့ နုုိင်ကြပါစေ … တကယ်ဆုံုးမလာတဲ့အခါ လိုုက်နာဖိုု ့လည်းပြင်ထားဖိုု ့လိုုပါတယ် .. ပါးစပ်ပြောလေးနဲ့ ကန်တော့တာထက် နှလုံုးသွင်းဆင်ခြင်ပြီး တကယ်လိုုက်နာမှ ထိရောက်ပါမယ် ဆိုုတာတော့ လူတိုုင်းသိပါတယ်။
အထက်တန်း အဆင့် (၀ိ ၊ အ)
အထက်တန်းအဆင့် ကျေးဇူးဆပ်နည်းနဲ ့ ကျေးဇူးဆပ်တဲ ့ပုုဂ္ဂိုလ်တွေ ကိုုတော့ ဗုဒ္ဓမြတ်စွာက သာဓုု ၃ ကြိမ် ခေါ် ပါတယ်လို့ ဆရာတွေ ဆုံုးမကြပါတယ်။
- ၀ိ – ၀ိပဿနာ တရားမိမိကိုုယ်တိုုင်လည်းအားထုုတ် ၊ မိဘ တွေကိုုလည်း ၀ိပဿနာတရား အားထုုတ်နုုိင်စေရန် မိမိက အကူအညီပေးခြင်း
- အ – မိမိ ကိုုယ်တိုုင် အရိယာ အဆင့်သိုု ့ရောက်ရှိခြင်း (သိုု ့) မိမိရဲ ့အကုူအညီနဲ့ မိဘများ အရိယာ ဖြစ်ခြင်း။
အနိမ့်ဆုံုး သောတပတ္တိမဂ် ကျပါ အဲဒီဘဝ မိဘကျေးဇူး ကျေနိုင်ပါတယ်။
ဒါကြောင့် မိတ်ဆွေအားလုံုးတိုု ့သည်လည်း မိဘကျေးဇူး ကျေအောင်ဆပ်နိုုင်သူများဖြစ်ပြီး သာသနာပြ ုုနုုိင်တဲ့ သာသနာ့အာဇာနည် ပုဂ္ဂိုလ်ကြီးများဖြစ်အောင် ကြိ ုုးစားနုုိင်ကြပါစေ။
တေဇာ @ JC မှ ပူဇော်ပါသည်။
ညွှန်း။ ။ ဆရာ ဦးမြင့်လွင် (ထေရဝါဒ ဗုုဒ္ဓ သာသနာတော် သန် ့ရှင်း တည်တ့ံ ပြန် ့ပွားရေး အဖွဲ ့) ၏ မိဘ ကျေဇူးဆပ်နည်း",4.0,3.0,2.0,4.0,5.0,"The text provides a structured, educational guide on filial piety within Burmese Buddhist culture. It uses clear categorization and logical steps. While it contains some minor formatting inconsistencies, it is highly authentic, reflecting local religious and social values, and is written in natural, idiomatic Burmese."
<urn:uuid:66996020-ce6e-44c8-9964-8e42003e002b>,"ဝဒေသတွင် တွေ့ဆုံဆွေးနွေးရန် ကေအိုင်အိုနှင့် အစိုးရ သဘောတူ
2.5K
ကချင်လွတ်မြောက်ရေးအဖွဲ့ (ကေအိုင်အို) နဲ့ အစိုးရ ငြိမ်းချမ်းရေးဆွေးနွေးပွဲကို ၀ဒေသမှာ လာရောက်ဆွေးနွေးဖို့ ၀ပြည်သွေးစည်းညီညွတ်ရေးတပ်မတော် (ယူဒဗလျူအက်စ်အေ) က ဖိတ်ခေါ်လိုက်တဲ့အပေါ် အစိုးရနဲ့ ကေအိုင်အိုက သဘောတူလိုက်ပါတယ်။ အစိုးရဘက်က သဘောတူကြောင်း လွန်ခဲ့တဲ့ ၃ ရက်လောက်က တုံ့ပြန်ခဲ့သလို ကေအိုင်အိုဘက်ကလည်း ဒီကနေ့ နေ့ခင်းပိုင်းမှာ အကြောင်းပြန်ခဲ့တယ်လို့ ယူဒဗလျူအက်စ်အေ ၀ပြည်သွေးစည်းညီညွတ်ရေးတပ်မတော်ဘက် ပြောခွင့်ရ ဦးအောင်မြင့်က ပြောပါတယ်။ [caption id=""attachment_35879"" align=""alignright"" width=""300"" caption=""၂၀၁၂ အောက်တိုဘာ ၃၀ ရက်နေ့က ရွှေလီတွင် တွေ့ဆုံဆွေးနွေးခဲ့စဉ်""][/caption] “အစိုးရဘက်က လွန်ခဲ့တဲ့ ၂-၃ ရက်က အကြောင်းပြန်ပါတယ်။ လက်ခံနိုင်ပါတယ်။ ဒီမှာလာ ဆွေးနွေးမယ် ဆိုလာမယ်။ ကေအိုင်အိုဘက်ကတော့ ဒီနေ့ နေ့လယ် ၁၂ နာရီမှာ အကြောင်းပြန်တယ်။ သူတို့လက်ခံပါတယ်၊ ကေအိုင်အိုအနေနဲ့ လာမှာပါ။ ဒါက သဘောထားအရင်ဖော်ပြပြီပေါ့။” နှစ်ဖက်စလုံးက သဘောတူလိုက်ပေမယ့်လည်း ဘယ်နေ့ ဘယ်အချိန် တွေ့မယ်ဆိုတာ မသတ်မှတ်ရသေးဘူးလို့ ဦးအောင်မြင့်က ပြောပါတယ်။ ယူဒဗလျူအက်စ်အေ ၀တပ်ဖွဲ့ဟာ ကေအိုင်အိုနဲ့ အစိုးရတို့ရဲ့ ငြိမ်းချမ်းရေးဆွေးနွေးပွဲကို သူတို့ဌာနချုပ် ပန်ဆန်းမြို့မှာ လာရောက်ကျင်းပဖို့ ပြီးခဲ့တဲ့ ဇန်န၀ါရီ ၂၄ ရက်နေ့က နှစ်ဖက်အဖွဲ့တွေကို ကမ်းလှမ်းထားတာပါ။ အစိုးရငြိမ်းချမ်းရေး ဖော်ဆောင်ရေးကော်မတီ ဒု - ဥက္ကဋ္ဌ ၀န်ကြီး ဦးအောင်မင်းကလည်း ငြိမ်းချမ်းရေးအတွက် ဘယ်နေရာမဆို ဆွေးနွေးနိုင်တယ်လို့ ပြီးခဲ့တဲ့ ဇန်န၀ါရီ ၂၇ ရက်နေ့က ရန်ကုန်မှာ လူမှုအခြေပြုအဖွဲ့အစည်းတွေနဲ့ တွေ့ဆုံစဉ်က ပြောကြားခဲ့တယ်လို့ ငြိမ်းချမ်းရေးအကျိုးတော်ဆောင် ဦးလှမောင်ရွှေက ပြောပါတယ်။ “ဦးအောင်မင်းရှင်းပြတာတွေကို နားလည်သလောက်ကတော့ ဘယ်နေရာမှာပဲဖြစ်ဖြစ်၊ ဘယ်အဖွဲ့အစည်းက ကူညီတာပဲဖြစ်ဖြစ် သူ့အနေနဲ့ ငြိမ်းချမ်းရေးဆွေးနွေးဖို့ ကြိုဆိုပါတယ် ဆိုတာကို မြန်မာငြိမ်းချမ်းရေးစင်တာကလူတွေကို ရှင်းပြထားတယ်။ ဒါကြောင့် အဲလိုပဲ ကျနော်က နားလည်ပါတယ်။” ကေအိုင်အိုနဲ့ ငြိမ်းချမ်းရေးဆွေးနွေးပွဲတွေ ဆက်လက်ဆောင်ရွက်နိုင်ဖို့ အစိုးရဘက်က ဇန်န၀ါရီ ၁၉ ရက်နေ့က စာတစောင်ပေးပို့ ကမ်းလှမ်းခဲ့ပေမယ့် ကေအိုင်အိုဘက်က တိုက်ပွဲတွေ ဖြစ်ပွားနေတဲ့အတွက် မဆွေးနွေးနိုင်ကြောင်း၊ ညီညွတ်သော တိုင်းရင်းသားလူမျိုးများ ဖက်ဒရယ်ကောင်စီ (ယူအန်အက်ဖ်စီ) အနေနဲ့သာ ဆွေးနွေးမယ့်အကြောင်း အကြောင်းပြန်ခဲ့ ပါတယ်။ အစိုးရငြိမ်းချမ်းရေး ဖော်ဆောင်ရေးအဖွဲ့ဟာ လာမယ့် ဖေဖော်ဝါရီ ပထမပတ်ထဲမှာ တိုင်းရင်းသားလက်နက်ကိုင်အဖွဲ့တွေ ပါဝင်တဲ့ ယူအန်အက်ဖ်စီနဲ့ ထိုင်းနိုင်ငံမှာ တွေ့ဆုံဆွေးနွေးဖို့ရှိပြီး ငြိမ်းချမ်းရေးကိစ္စ ဆွေးနွေးရာမှာ ကချင်ကိစ္စတွေလည်း ပါဝင်ဖွယ်ရှိတယ်လို့ ဦးလှမောင်ရွှေက ပြောပါတယ်။ ကချင်ငြိမ်းချမ်းရေး အကျိုးတော်ဆောင်တွေဘက်ကတော့ ကာလရှည်ကြာ တိုက်ပွဲကြောင့် ဒုက္ခရောက်နေတဲ့ ပြည်သူတွေကို ငဲ့ညှာပြီး တိုက်ပွဲတွေ အဆုံးသတ်စေချင်တဲ့အကြောင်း အစိုးရရော ကေအိုင်အေ နှစ်ဘက်လုံးကို တောင်းဆိုထားတယ်လို့ ကချင်ငြိမ်းချမ်းရေးအကျိုးတော်ဆောင် ဦးလမိုင်ဂွန်ဂျာက ပြောပါတယ်။ “အစိုးရနဲ့ ကေအိုင်အို နိုင်ငံရေးနည်းလမ်းအရ မဟုတ်ဘဲ စစ်ရေးအရ ဖြေရှင်းကြပြီး ပြည်သူတွေ ဆင်းရဲဒုက္ခရောက်တာ မြင်ရတော့ ကျနော်တို့အနေနဲ့က နိုင်ငံရေးစားပွဲမှာထိုင်ပြီး နိုင်ငံရေးအရဖြေရှင်းဖို့ နှစ်ဦးနှစ်ဖက်ကို တိုက်တွန်းခဲ့ပါတယ်။ တပ်တွေကို ဆုတ်ပြီးမှ ယုံကြည်မှုတည်ဆောက်ပြီး နိုင်ငံရေးနည်းလမ်းအရ ဖြေရှင်းပြီးမှ ငြိမ်းချမ်းရေးဖြစ်ပေါ်လာမယ် ဆိုတာကိုလည်း အစိုးရကိုလည်း စာနဲ့သော်လည်းကောင်း၊ ကိုယ်တိုင်သွားပြီးတော့ ပြည်ထောင်စုအဆင့် ငြိမ်းချမ်းရေးဖော်ဆောင်ရေးလုပ်ငန်းကော်မတီ ဥက္ကဋ္ဌ ဒေါက်တာစိုင်းမောက်ခမ်းနဲ့လည်းတွေ့ပြီး၊ တင်ပြထားပြီးပါပြီ။ ကေအိုင်အိုကိုလည်း တိုက်တွန်းပါတယ်။ ငြိမ်းချမ်းရေးဖြစ်ဖို့ကိစ္စ အမြန်ဆုံးအကောင်အထည်ဖော်ဖို့ အရေးကြီးတယ်လို့ ကျနော်ပြောပါတယ်။” ကေအိုင်အိုနဲ့ အစိုးရငြိမ်းချမ်းရေး ဖော်ဆောင်ရေးအဖွဲ့ဟာ အလွတ်သဘောအနေနဲ့ရော တရားဝင်အနေနဲ့ပါ စုစုပေါင်း ၈ ကြိမ် တွေ့ဆုံဆွေးနွေးခဲ့ပြီး ဖြစ်ပေမယ့် တိကျတဲ့ သဘောတူညီချက်တွေ မရခဲ့ပါဘူး။ အစိုးရဘက်က အရင်ဆုံး အပစ်အခတ်ရပ်ပြီးမှ နိုင်ငံရေးဆွေးနွေးပွဲ ပြုလုပ်ချင်ပေမယ့် ကေအိုင်အိုဘက်ကတော့ နိုင်ငံရေးပြဿနာကို အရင်ဖြေရှင်းလိုပြီး နိုင်ငံရေးဆွေးနွေးပွဲ အောင်မြင်ရင် ပစ်ခတ်မှုတွေ ရပ်စဲသွားမယ်၊ ဆွေးနွေးပွဲလုပ်ဖို့ အစိုးရတပ်ဘက်က ကေအိုင်အေ ထိန်းချုပ်နယ်မြေကနေ ဆုတ်ခွာပေးဖို့ ပြောခဲ့ပေမယ့်လည်း တိုက်ပွဲတွေ ဆက်လက်ဖြစ်ပွားနေဆဲ ဖြစ်ပါတယ်။",3.0,3.0,3.0,3.0,5.0,"The text is a journalistic report on Burmese peace negotiations. It provides factual, educational insight into the country's political history and conflict resolution processes. It is written in natural, authentic Burmese, reflecting local political terminology and context. It contains some minor boilerplate (caption tags), but the content is coherent and well-structured."
<urn:uuid:a8ddc08e-aeb6-4767-ac91-fb7749442b63>,"မနှစ်က လောင်စာဆီဈေးနှုန်း ကြီးမြင့်လာတဲ့အတွက် လမ်းလျှောက်ပြီး ဆန္ဒပြခဲ့ကြတဲ့ ၈၈ မျိုးဆက် ကျောင်းသားခေါင်းဆောင်တွေကို အာဏာပိုင်တွေက အခု အမျိုးသားညီလာခံကို နှောက်ယှက်မှုနဲ့ ပြောင်းလဲပြီး တရားစွဲဆိုလိုက်တယ်လို့ သိရပါတယ်။ ဒီကိစ္စတွေကို ထိုင်းအခြေစိုက် ဗွီအိုအေ မြန်မာပိုင်းဌာန သတင်းထောက် ဒေါ်အေးအေးမာက စုံစမ်းမေးမြန်းပြီး တင်ပြထားပါတယ်။
၈၈ မျိုးဆက် ကျောင်းသားခေါင်းဆောင် ကိုမင်းကိုနိုင် အပါအဝင် ကျောင်းသား ၁၀ ဦးကို အမိန့် ကြော်ငြာစာ အမှတ် (၅/ ၉၆) ဥပဒေပုဒ်မ (၄) အရ တရားစွဲဆိုဖို့ အတွက် ရမန်ယူလိုက်ပါပြီ။ ဒီဥပဒေပုဒ်မနဲ့ ရမန်ယူလိုက်တာကြောင့် ဒီဥပဒေပုဒ်မတွေထဲမှာ ဘယ်လို အကြောင်းအချက်တွေ ပါဝင်သလဲဆိုပြီး ရန်ကုန်မြို့က ရှေ့နေကြီး ဦးအောင်သိန်းကို မေးမြန်းကြည့်တဲ့အခါမှာတော့ -
“(၅/၉၅) ဆိုတာက နိုင်ငံတော် ငြိမ်ဝပ်ပိပြားမှု တည်ဆောက်ရေးအဖွဲ့ ဥပဒေအမှတ် (၅-၉၆) ကို ပြောတာပေါ့နော်၊ သူ့ရဲ့တာဝန်ကို အရှည်ကောက် ပြောရင်တော့ နိုင်ငံတော်တာဝန်ကို တည်ငြိမ်အေးချမ်းစွာ စနစ်တကျ လွဲပြောင်းပေးရေးနဲ့ အမျိုးသားညီလာခံ လုပ်ငန်းများ အောင်မြင်စွာ ဆောင်ရွက်ရေးတို့ကို နှောက်ယှက်ဆန့်ကျင်ခြင်းမှ ကာကွယ်သည့် ဥပဒေတဲ့။ အဲဒါက၊ အဲဒီ ဥပဒေက ၇ ရက် ၆ လ ၁၉၉၆ မှာ ထုတ်တာ။”
ဒီဥပဒေပုဒ်မနဲ့ အရေးယူမယ် ဆိုရင်တော့ ဘယ်လောက်ထိ ပြစ်ဒဏ်ပေးနိုင်ပါသလဲရှင့်။ -
“သူက တခုခု ဟောပြောတယ်ဆိုရင်၊ အမျိုးသားညီလာခံကို ဆန့်ကျင်တဲ့ သဘောမျိုး သက်ရောက်တယ် ဆိုတဲ့ပုဒ်မပေါ့၊ အဲဒီပုဒ်မ (၄) အရပေါ့၊ အဲဒီပုဒ်မ (၄) အရဆိုရင် သူက ဘယ်လို ပြဌာန်းထားသလဲ ဆိုတော့ ထောင်ဒဏ် အနည်းဆုံး ၅ နှစ်ကနေ အများဆုံး အနှစ် ၂၀ ထိ ချနိုင်တယ်။”
ကျမတို့ သိတာပေါ့နော်၊ ကျောင်းသားခေါင်းဆောင်တွေ ဖမ်းစဉ်တုန်းက လောင်စာဆီတွေ တက်တယ်၊ ကုန်ဈေးနှုန်းတွေ တက်တယ်၊ ဒီအတွက်ကြောင့် ကျောင်းသားတွေက လောင်စာဆီနဲ့ ကုန်ဈေးနှုန်းတွေ ကျဆင်းဖို့အတွက်ပဲ တောင်းဆိုခဲ့တာ မဟုတ်ဘူးလားရှင့်။ -
“ဒီလောင်စာဆီ ဈေးနှုန်းမြင့်တက်မှုအတွက် ကုန်ဈေးနှုန်းကျဆင်းဖို့ သူတို့ လမ်းလျှောက် ချီတက်တယ်။ ဒီကိစ္စတွေပဲ၊ အဲဒီကာလက ဖမ်းတာပဲလေ၊ ဒါပေမယ့် အဲဒါကြီးကို ဘယ်လောက်ထိ၊ ဒီဘက်ထိ ဆက်စပ်လာလဲလို့ မပြောတတ်သေးဘူး၊ လူဆိုးတွေကို ဂတ်လှည့်သလိုပေါ့၊ သူတို့ကျတော့ ပုဒ်မ လှည့်တဲ့သဘောပေါ့နော်။ ပုဒ်မနဲ့လှည့်ပြီး တမျိုး ပုဒ်မ တင်လိုက် ပြန်ရုတ်သိမ်းလိုက်၊ နောက် တမျိုးပုဒ်မ တင်လိုက် ပြန်ရုတ်သိမ်းလိုက်ပေါ့။ အဲဒီလိုသွားနေတာ။”
အခုလို ပုဒ်မတင်ဖို့ပေါ့နော်၊ ဥပဒေကြောင်းအရ လိုသလို လုပ်လို့ ရနိုင်ပါသလားရှင့်။ -
“ဒါကတော့ ရဲဖက်က သူ့ လုပ်ပိုင်ခွင့်ရှိလို့ လုပ်တာပဲလေ၊ ရဲဖက်က ဒီလိုပဲ ဒီပုဒ်မတခုနဲ့ သူ ရမန်ယူလိုက်တယ်၊ ဒီပုဒ်မတခုနဲ့ ပတ်သက်ပြီးသူတို့ စုံစမ်းစစ်ဆေးတာ မလုံလောက်ဘူးဆိုရင် နောက်ပုဒ်မတစ်ခုတင်၊ နောက်ပုဒ်မတခုနဲ့ ပြောင်းတပ်တာပေါ့၊ အဲဒီပုဒ်မနဲ့ သူက ၁၄ ရက် ပြည့်အောင် ထားပြီးတော့ ၁၄ ရက်ပြည့်တဲ့အချိန်မှာ၊ သို့မဟုတ် ၁လ ပြည့်အောင် ချုပ်မယ်ပေါ့၊ ရမန်ကြီး ၂၈ ပတ် တရားရုံး ရမန်ယူမယ်။ နောက်တခါ နောက်ပြန်ဆုတ်လိုက်၊ အဲဒီလိုသွားတာ။”
အခုဆိုရင် ပုဒ်မတွေပြောင်းတယ်၊ ပြောင်းတယ်ဆိုပြီးတော့ မကြာခဏ ကြားနေရတယ်၊ ဒီထဲမှာ ထင်ထင်ရှားရှား ပုဒ်မတွေ ပြောင်းခံရတဲ့သူတွေထဲက ဘယ်သူတွေရှိပါသလဲရှင့်။
“ကိုသန်းစိန်ကို ဗဟန်းအနောက်ပိုင်းခရိုင် တရားရုံးက ပြောတုန်းက ဘာလာပြောလဲ ဆိုတော့ သူ့ကို ညစ်ညမ်းစာပေ ဘာညာတောင် ပါတယ်။ (၂၉၂)၊ နောက် (၁၂၄-ဃ)၊ (၅၀၅-ခ)၊ နောက် (၁၄၃)၊ နောက် (၁၄၅)၊ နောက် (၁၄၇) ဆိုပြီးတော့ ရုန်းရင်းဆန်ခတ်ဖြစ်ဖို့ လူစုခွဲဖို့ အမိန့်ပေးပြီး နောက်ပိုင်းမှာ ရှိတဲ့ပုဒ်မတွေ၊ ဆန့်ကျင်တဲ့ အစုအဝေးမှာ ပါဝင်တာတွေ၊ နောက် အစိုးရနဲ့ လုံခြုံရေးကို ထိခိုက်ပျက်ပြားအောင် သွေးတိုးလှုံ့ဆော်တာတွေ၊ နောက်ပြီးတော့ နိုင်ငံတော်အစိုးရကို အကြည်ညိုပျက်စေတာတွေ၊ ဒီလိုပုဒ်မတွေနဲ့ ယူလာပြီးတော့ နောက်ဆုံး (၅၀၅-ခ) ဆိုပြီး တရားသူကြီးကိုယ်တိုင် ပြောတယ်။ (၅၀၅-ခ) တခုတည်း ဖြစ်သွားပါပြီလို့ ပြောတယ်။ နောက် အခုကျတဲ့အခါ (၁၂၄-ဃ) တခုတည်း ဖြစ်သွားပါပြီ ဆိုတဲ့သဘောမျိုး ဆိုတော့ ဘယ်လို လုပ်မလဲ။ ပုဒ်မတွေက အဲဒီလိုပဲ လျှောက်ပြောင်းနေတဲ့သဘော ရှိတယ်။ အဲဒါ အမှန်ပဲ။”
ကိုသိန်းစိန် ဆိုတာကတော့ အမျိုးသားဒီမိုကရေစီအဖွဲ့ချုပ် အဖွဲ့ဝင် လူငယ်တစ်ဦး ဖြစ်ပါတယ်။ အခု ပုဒ်မ ပြောင်းတာတွေလည်း ရှိသလို မတူတဲ့အချိန်ကာလ၊ မတူတဲ့ နေရာအသီးသီးမှာ ဖမ်းဆီးခံရ သူတွေကိုလည်း တစုတည်းထားပြီး ပုဒ်မ အမျိုးမျိုးတပ်တာတွေလည်း လုပ်နေတာကြောင့် ဥပဒေကြောင်းအရ ပြောမယ်ဆိုရင်တော့ ဒါဟာ သင့်လျော်မှု မရှိဘူးလို့လည်း ရှေ့နေတွေကတော့ ပြောပါတယ်။",3.0,3.0,3.0,5.0,5.0,"The text is a high-quality journalistic interview providing insight into legal proceedings and political history in Myanmar. It is coherent, uses natural Burmese, and offers a clear, albeit specific, educational perspective on legal processes. It is clean, well-structured, and reflects authentic local political and social context."
<urn:uuid:c51334f0-4391-4a3e-9e8d-6498292e0e11>,"မိုဟာမက်အလီ ဂျင်းနား
မိုဟာမက်အလီ ဂျင်းနား (ခရစ် ၁၈၇၆-၁၉၄၈) သည် ပါကစ္စတန်နိုင်ငံ၏ဖခင်ကြီးဟူ၍ ထင်ရှားသည့် ပုဂ္ဂိုလ်ကြီးကား မိုဟာမက် အလီဂျင်းနားပင် ဖြစ်သည်။ သူသည် အိန္ဒိယပြည်ကြီးမှ ပါကစ္စတန်နိုင်ငံဟူ၍ သီးခြားပေါ်လာရေးအတွက် နှစ်ပေါင်းများစွာ ကြိုးပမ်းခဲ့သောကြောင့် ထိုကဲ့သို့ နာမည်တွင်ခြင်း ဖြစ်သည်။ ဂျင်းနားသည် အိန္ဒိယပြည်ရှိ မွတ်စလင်တို့၏ ချစ်ကြည်လေးစားမှုကို ခံရသော ခေါင်းဆောင်ဖြစ်သည်။ ထို့ကြောင့် ၁၉၄၇ ခုနှစ်၊ ဩဂုတ်လ ၁၅ ရက်နေ့တွင် ပါကစ္စတန်နိုင်ငံဟူ၍ လွတ်လပ်ရေးကို ကြေညာသောအခါ ဂျင်းနားသည် ထိုနိုင်ငံ၏ ပထမဆုံးဘုရင်ခံချုပ် ဖြစ်လာခဲ့လေသည်။
ဂျင်းနားသည် ကရာချိမြို့မှ ကြွယ်ဝသော ကုန်သည်ကြီးတစ်ဦး၏သားဖြစ်၍ အသက် ၁၆ နှစ်အရွယ်တွင် အင်္ဂလန်ပြည် လန်ဒန်မြို့သို့သွားရောက်ကာ ၄ နှစ်မျှ ဝတ်လုံပညာ သင်ကြားခဲ့လေသည်။ အိန္ဒိယပြည်သို့ ပြန်ရောက်၍ များမကြာမီ ဘုံဘိုင်မြို့တွင် ထိပ်တန်းဝတ်လုံတော်ရတစ်ဦးအဖြစ် နာမည်ရလာပြီးလျှင် နိုင်ငံရေးတွင် ပါဝင်ဆောင်ရွက်ခဲ့လေသည်။ အသက် ၃ဝ အရွယ်တွင် အိန္ဒိယအမျိုးသားကွန်ဂရက် ဥက္ကဋ္ဌကြီး၏ အတွင်း ရေးမှူးအဖြစ် ထမ်းဆောင်ခဲ့သည်။
၇ နှစ်ခန့်ကြာသောအခါ ဂျင်းနားသည် အိန္ဒိယကွန်ဂရက်အသင်းသားအဖြစ်နှင့်ပင် မွတ်စလင်အသင်းကြီးနှင့်လည်း ဆက်သွယ်ခဲ့သည်။ ထိုအချိန်တွင် မသင့်မမြတ်ဖြစ်နေကြသော မွတ်စလင်အသင်းကြီးနှင့် ဟိန္ဒူအမျိုးသားများ ပါဝင်သော အိန္ဒိယ အမျိုးသား ကွန်ဂရက်တို့၏နိုင်ငံရေးတွင် ချစ်ကြည်စွာ တွဲဖက်ဆောင်ရွက်မှုကို ကြိုးစားခဲ့သည်။ သို့သော် မွတ်စလင်လူနည်းစုကို ထိရောက်သော ဥပဒေများဖြင့် ကာကွယ်သမှုပြုပေးသမျှ မအောင်မြင်နိုင်ဟု ယူဆကာ မွတ်စလင်များ၏ အခွင့်အရေးပြည့်စုံစွာ ရရှိအောင် ပြုလုပ်ရန်ရည်သန်၍ ၁၉၁၆ ခုနှစ်တွင် မွတ်စလင်အသင်းကြီး၏ ဥက္ကဋ္ဌအဖြစ်ကို ခံယူခဲ့လေသည်။
ထိုအချိန်မှစ၍ အိန္ဒိယပြည်၏ နိုင်ငံရေးကိစ္စများတွင် မဟတ္တမဂန္ဓီနှင့် ဂျင်းနားတို့သည် ရှေ့ဆောင်ခဲ့လေသည်။ အိန္ဒိယပြည်သည် လွတ်လပ်ရေးရရှိရန် အခွင့်ကောင်း အမျိုးမျိုးကို အရယူခဲ့သော်လည်း ရင်ကြားမစေ့နိုင်သော ဟိန္ဒူနှင့် မွတ်စလင်စိတ်ဝမ်းကွဲပြားမှုကြီးကြောင့် မည်သည့်အလုပ်ကိုမျှ အဆင်ပြေအောင် မလုပ်နိုင်ဖြစ်ခဲ့ရသည်။
ခရစ် ၁၉၂၈ ခုနှစ်သို့ ရောက်သောအခါ ဗြိတိသျှအစိုးရတို့က စိတ်ဝမ်းကွဲပြားမှုကို ဖြေရှင်းပေးမည့် ကော်မရှင်အဖွဲ့တစ်ခုကို စေလွှတ်ခဲ့ရာတွင် ဂျင်းနားသည် မွတ်စလင်များဘက်မှ အချက်ပေါင်း ၁၄ ချက်ကို တင်ပြခဲ့လေသည်။ နောက်ထပ်၍ လန်ဒန်မြို့တွင် ကျင်းပခဲ့သော အစည်းအဝေးများ၌ ဂျင်းနားပင်လျှင် မွတ်စလင်များဘက်မှ အရေးဆိုခဲ့လေသည်။ အင်္ဂလိပ် အောက်လွှတ်တော်တွင် ၁၉၃၅ ခုနှစ်၊ အိန္ဒိယပြည် အုပ်ချုပ်ရေး အက်ဥပဒေကို တင်သွင်းဆွေးနွေးခဲ့စဉ်ကလည်း ဂျင်းနားသည် တက်ရောက်နားထောင်ခဲ့၏။
ထို့နောက် ဂျင်းနားသည် မွတ်စလင်အသင်းကြီးအား မွတ်စလင်လူထု တစ်ရပ်လုံးက အားပေးထောက်ခံလာရေးအတွက် အိန္ဒိယတစ်ပြည်လုံးကိုလှည့်၍ တရားဟောသည်။ သူသည် မွတ်စလင်အသင်းကြီး အင်အားတောင့်တင်းမှသာ အိန္ဒိယ အမျိုးသားကွန်ဂရက်နှင့် အင်္ဂလိပ်အစိုးရတို့က အုပ်ချုပ်ရေး အသစ်တွင် မွတ်စလင်တို့အား ပူးပေါင်းဆောင်ရွက်ခွင့်ပေးမည်ဟု ယုံကြည်ခဲ့၏။ ဂျင်းနားသည် ကိုယ်ပိုင်အုပ်ချုပ်ခွင့်ရသော ပြည်နယ်များတွင် မွတ်စလင်တို့သည် ရာထူးရာခံများ ရနိုင်မည် မဟုတ်သည့်ပြင် နိုင်ငံရေး ဖိနှိပ်ညှဉ်းပန်းမှုများကိုလည်း ခံရလိမ့်မည်ဟုလည်း စိုးရိမ်ခဲ့လေသည်။ ထို့ကြောင့် ဂျင်းနားသည် အိန္ဒိယပြည်အတွင်း မွတ်စလင်လူမျိုးတို့အတွက် သီးခြားနိုင်ငံတစ်ခုထူထောင်ပေးရန် အရေးဆိုခဲဲ့လေသည်။ ယင်းရည်ရွယ် ချက် အောင်မြင်ရန် ကြိုးစားသည့် ကာလအတွင်း သူ့အား 'ခေါင်းဆောင်ကြီး'ဟူသော ဘွဲ့နှင့် ပိုမိုလူသိများလာခဲ့သည်။ ထို့နောက်၌ကား အိန္ဒိယအမျိုးသား ကွန်ဂရက်နှင့် မွတ်စလင်အသင်းကြီးတို့သည် ၁ဝ နှစ်ကြာမျှ ထပ်မံ၍ ပဋိပက္ခ ဖြစ်နေခဲ့ကြလေ၏။ ၁၉၄၄ ခုနှစ်အတွင်း ဂန္ဓီနှင့် ဂျင်းနားတို့ တွေ့ဆုံဆွေးနွေးခဲ့သေးရာ အရာရောက်သော ဖြေရှင်းမှု မရခဲ့ပေ။
၁၉၄၇ ခုနှစ်တွင်မှ ဗြိတိသျှ အစိုးရက ပါလီမန်တွင် အိန္ဒိယပြည်အား လွတ်လပ်ရေးပေးသောအက်ဥပဒေကို သဘောတူညီခဲ့၍ အိန္ဒိယနိုင်ငံနှင့် ပါကစ္စတန်နိုင်ငံဟူသော ဒိုမီနီယန်နိုင်ငံများ ထူထောင်ခွင့်ပေးခဲ့ရာ ခေါင်းဆောင်ကြီး ဂျင်းနားကိုပင် ပါကစ္စတန်ဒိုမီနီယန်နိုင်ငံ၏ ပထမဆုံးဘုရင်ခံချုပ် အဖြစ် တင်မြှောက်ကြသည်။ ဂျင်းနားသည် ဤရာထူးတွင် ၁ နှစ်မျှ ဆောင်ရွက်ခဲ့ပြီးနောက် ၁၉၄၈ ခုနှစ်၊ စက်တင်ဘာလ ၁၁ ရက်နေ့၌ ကရာချိမြို့တွင် ကွယ်လွန်လေသည်။[၁]
ကိုးကား[ပြင်ဆင်ရန်]
- မြန်မာ့စွယ်စုံကျမ်း၊ အတွဲ(၃)",4.0,3.0,3.0,5.0,4.0,"The text is a well-structured, informative biographical entry from the Myanmar Encyclopedia. It provides clear historical context suitable for educational purposes. It follows a logical chronological narrative of Jinnah's political career. The language is natural, formal Burmese, and the formatting is clean and complete, including a proper citation."
<urn:uuid:16bbf17c-80ce-4de5-bcc1-865a6923ae09>,"အပစ်ရပ် ရေး အတွက် အချိန်တခုတော့ ယူရမယ် လို့ နိုင်ဟံသာ ကဆို
ဒီဇင်ဘာ လလယ် ကျရင် ဖားအံမြို့မှာ အစိုးရနဲ့ တိုင်းရင်းသား လက်နက်ကိုင် တွေကြား ငြိမ်းချမ်းရေး
ဆွေးနွေးပွဲ ကျင်းပဖို့ အစီအစဉ်ရှိပေမယ့် တိုင်းရင်းသား အဖွဲ့တွေ ကြားမှာ နောက်ထပ် ညှိနှိုင်းမှု တွေ
လုပ်ဦးမှာ ဖြစ်တဲ့ အတွက် ဖားအံဆွေးနွေးပွဲကို ရက်ရွှေ့ဆိုင်း ရတော့မှာ ဖြစ်ပါတယ်။
နိုဝင်ဘာလဆန်းတုန်းက ထွက်ပေါ်လာခဲ့တဲ့ တိုင်းရင်းသား လက်နက်ကိုင်အဖွဲ့တွေရဲ့ လိုင်ဇာ သဘော
တူညီချက် နောက်ပိုင်းမှာ အစိုးရနဲ့ တိုင်းရင်းသားအဖွဲ့တွေ မြစ်ကြီးနားမြို့မှာ ပထမဆုံးအကြိမ် စုပေါင်း
တွ့ဆုံဆွေးနွေး နိုင်ခဲ့ပြီး အပစ်ရပ်ရေးနဲ့ ပတ်သက်လို့ နှစ်ဘက်အဆိုပြုချက် တွေကို အပြန်အလှန် တင်
ပြခဲ့ ကြပါတယ်။
အစိုးရရဲ့ အဆိုပြုချက် တွေနဲ့ပတ်သက်ပြီး အရင် တဖွဲ့ချင်း အပစ်ရပ် သဘောတူညီချက် တွေလုပ်ခဲ့တုန်း
က မပါခဲ့တဲ့အချက်တွေကို ထည့်သွင်းလာတဲ့အတွက် တိုင်းရင်းသား တွေဘက်က သဘောမတူ နိုင်ဘူး
လို့ လိုင်ဇာ ညီလာခံ အပြီးမှာ တိုင်းရင်းသားတွေဘက်က ကိုယ်စားပြုညှိနှိုင်းဖို့ ဖွဲ့စည်း လိုက်တဲ့ NCCT
အဖွဲ့ရဲ့ခေါင်းဆောင် နိုင်ဟံသာ ကပြောပါတယ်။
အဲဒီအထဲမှာ လက်နက်ကိုင် လမ်းစဉ်စွန့်လွှတ်ရေး၊ တပ်အင်အား မတိုးချဲ့ရေး၊ အပစ်ရပ်နယ်မြေမှာ လုံခြုံ
ရေး အတွက် ရဲတပ်ဖွဲ့ချထားရေး၊ အခွန်မကောက်ရေး စတာတွေပါဝင်တယ်လို့ သူက ဆိုပါတယ်။
တိုင်းရင်းသားတွေ ဖက်ကလည်း သူတို့ရဲ့တောင်းဆိုချက် တွေ အပါအဝင် အဆိုပြုချက်တွေနဲ့ ပတ်သက်တဲ့
ဘုံ သဘောတူညီချက် မူကြမ်း တရပ်ကို နိုဝင်ဘာ လလယ်တုန်းက ထိုင်းနိုင်ငံ ချင်းမိုင် မြို့မှာ ရေးဆွဲ ခဲ့ပြီး
သက်ဆိုင်ရာ အဖွဲ့အစည်း အသီးသီးမှာ ပြန်လည်တင်ပြ နေကြပါတယ်။
ဆွေးနွေးနေဆဲ ဖြစ်တဲ့အတွက် အဲဒီ တောင်းဆိုချက်တွေထဲမှာ ဘာတွေပါတယ် ဆိုတာ မပြောပြနိုင်သေး
ကြောင်းနိုင်ဟံသာကပြောပါတယ်။
အဲဒီ ဘုံရပ်တည်ချက်ကို သဘောတူနိုင်ဖို့ အတွက် ကရင်အမျိုးသားအစည်းအရုံး အဖွဲ့ (KNU) ထိန်းချုပ်တဲ့
နယ်မြေမှာ နောက်ထပ် ညီလာခံ တရပ် ကျင်းပဖို့လည်း တိုင်းရင်းသား တွေက ပြင်ဆင် နေပါတယ်။
အဲဒီညီလာခံ ကျင်းပမယ့် ရက်ကိုလည်း မသတ်မှတ် ရသေးဘဲ ဒီဇင်ဘာ လလယ် မှာတော့ဖြစ်နိုင်လိမ့်မယ်
လို့ နိုင်ဟံသာက ဆိုပါတယ်။
အဲဒီနောက်ပိုင်းမှာ ခရစ်စမတ် ပွဲတော် ကာလ ကျရောက်လာမှာ ဖြစ်တဲ့အတွက် အစိုးရနဲ့ တွေ့ဆုံမယ့် အ
ချိန်ဟာ ဇန်နဝါရီလ အထိ ရွှေ့ဆိုင်း သွားစရာ အကြောင်းရှိတယ်လို့ နိုင်ဟံသာက ပြောပါတယ်။
ဘီဘီစီမြန်မာသတင်းဋ္ဌာန မှ ကူးယူမျှဝေသည်။",3.0,3.0,3.0,5.0,5.0,"The text is a well-structured, neutral news report on Burmese peace negotiations. It provides clear, factual information about political processes, requiring moderate comprehension. It is written in natural, professional Burmese, accurately reflecting local political terminology and context, and is free from noise or formatting issues."
<urn:uuid:1ae3129b-7222-46f0-88a8-5f86502515a2>,"အနောမဒဿီဘုရား
သောဘိတမြတ်စွာဘုရား ပရိနိဗ္ဗာန် စံဝင်တော်မူပြီးနောက် အန္တရကပ်တခုတွင် မ,သု,ရေ,သော ဟူ၍ ဘုရားလေးဆူပွင့်သော သာရမဏ္ဍကမ္ဘာသည် ကုန်ဆုံးသွား၏။ ထို့နောက် ဘုရားပွင့်ခြင်းမှ ဆိတ်သုဉ်းသော ဘုရားမပွင့်သော သုညကမ္ဘာကပ် အသင်္ချေဖြစ်ပျက် ကုန်လွန်သည်။ ၎င်းနောက် တက်ကပ်ကမ္ဘာ ဆုတ်ကပ်ကမ္ဘာ ဖြစ်ပျက်လာရာ တခုသော ဆုတ်ကပ်ကမ္ဘာတွင် အနောမဒဿီ၊ ပဒုမ၊ နရဒ (အ,ပ,နာ)ဟူ၍ ဘုရားသုံးဆူ ပွင့်ထွန်းတော်မူကြသည်။ ဘုရားသုံးဆူပွင့်သည် ဖြစ်၍ ဝရကမ္ဘာဟု ခေါ်တွင်သည်။
ဖြစ်စဉ်တော်[ပြင်ဆင်ရန်]
အနောမဒဿီဘုရားလောင်းသည် တုသိတာနတ်ပြည်မှ နတ်သက်ကြွေဆင်းပြီးနောက်၊ စန္ဒဝတီနေပြည်တော်၌ ယသဝါမင်းကြီး၏ နန်းတော်ဝယ်၊ ယသောဓရာဒေဝိ မိဖုရားကြီးမှ ဖွားမြင်လာသည်။ မင်းသားကို နာမကရဏကင်ပွန်းတပ်မင်္ဂလာပြုသည့် အခါဝယ်၊ ကောင်းကင်ယံ ရွှေငွေစသော ရတနာ ခုနစ်ပါးမိုး ရွာသွန်းချသည်ကို အကြောင်းပြု၍ အနောမဒဿီမင်းသားဟု မှည့်ခေါ်သည်။ အရွယ်ရောက်လျှင် သီရိမာဒေဝီမိဖုရားနှင့် သိရီ၊ ဥပသိရီ၊ သိရီဝုဍ္ဎနရွှေနန်း သုံးဆောင်၌ ဥပဝါနမင်းသား ဖွားမြင်သည်အထိ နှစ်ပေါင်း တသောင်းကာလပတ်လုံး နန်းစည်းစိမ်ကို စံစားတော်မူသည်။ နိမိတ်ကြီးလေးပါး ထင်သောအခါ သံဝေဂ ကြီးစွာ ရ၍ ရွှေထမ်းစင် (ဝေါယာဉ်) စီးကာ တောထွက်တော်မူသည်။ ဆယ်လပတ်လုံး ဒုက္ကရစရိယာ ကျင့်ပြီးနောက် အဇ္ဇုန ရုက္ခဗောဓိ ခေါ် ထောက်ကြံ့ (ဖောက်ကြံ့) ဗောဓိပင်ရင်း၌ သဗ္ဗညုတဉာဏ်တော်ကို ရတော်မူကာ၊ သမ္မာသမ္ဗုဒ္ဓဘုရားစင်စစ် ဖြစ်တော်မူသည်။ ဘုရားဉာဏ်တော် ၅၈ တောင် မြင့်၍ ရောင်ခြည်တော် ၁၂ ယူဇနာတိုင်အောင် ပျံ့နှံ့သည်။ လူတို့သက်တမ်း အနှစ်ရှစ်သောင်းမှာ ဓမ္မရာမဥယျာဉ်တော်၌ ပရိနိဗ္ဗာန်စံဝင်တော်မူသည်။
ဘုရားရှင်နှင့် ဂေါတမဘုရားလောင်း[ပြင်ဆင်ရန်]
အနောမဒဿီဘုရားလက်ထက်တော်အခါ ဂေါတမဘုရားအလောင်းလျာသည် ဘီလူးစစ်သေနာပတိကြီး ဖြစ်၍ ဘုရားရှင်ကို ဖူးတွေ့ရလျှင် ကြည်ညိုသဒ္ဓါပွားများကာ မိမိဘုံဗိမာန်၌ ဆန်းကြယ်သော မဏ္ဍပ် ဖန်ဆင်းပြီး ဘုရားရှင်ထံ အလှူကြီး ပေးသည် ရှိသော်၊ ဘုရားဖြစ်အံ့ဟူ၍ နိယတဗျာဒိတ်ကို ထပ်လောင်း ခံယူရရှိခဲ့သည်။ ရှင်သာရိပုတ္တရာ၊ ရှင်မောဂ္ဂလာန်မထေရ်လောင်းတို့လည်း ဤဘုရားရှင်ထံမှ အဂ္ဂသာဝကဆုကို ပန်ဆင်ခဲ့ကြသည်။
တပည့်သာဝကများ[ပြင်ဆင်ရန်]
အဂ္ဂသာဝကကြီး ယာ+ဝဲ နှစ်ပါးမှာ အရှင်နိသဘထေရ်၊ အနောမထေရ်
အနီးနေ အလုပ်အကျွေးရဟန်းမှာ အရှင်ဝရုဏထေရ်
အဂ္ဂသာဝိကာမကြီး ယာ+ဝဲနှစ်ပါးမှာ သုန္ဒရီထေရီ၊ သုမနာထေရီ
အဂ္ဂဒါယကာ နှစ်ဦးမှာ နန္ဒိဝဍ္ဎနသူဌေး၊ သိရီဝဍ္ဎသူဌေး
အဂ္ဂဒါယိကာမကြီး နှစ်ဦးမှာ ဥပ္ပလာဥပါသိကာမ၊ ပဒုမာဥပါသိကာမ။ [၁]
ကိုးကား[ပြင်ဆင်ရန်]
- အရှင်ကောဝိဒဓဇ(ပါဠိပါရဂူ၊ ဝိနယပါရဂူ၊ သာ.သီ.ဓ၊ ဂဏဝါစက၊ အဂ္ဂမဟာဂန္ထဝါစကပဏ္ဍိတ) (ပကြိမ်၊ ၂၀၁၂)။ မြတ်ဘုရားရှင် နှစ်ကျိပ်ရှစ်ဆူဝင်။ စိန်ပန်းပြာစာပေ။ p. ၄၃။
|date=ရှိ ရက်စွဲတန်ဖိုး စစ်ဆေးရန် (အကူအညီ)",4.0,2.0,3.0,3.0,5.0,"The text provides structured, accurate biographical information about a Buddha from Buddhist cosmology, suitable for religious education. It uses formal, natural Burmese terminology and follows a clear, encyclopedic structure. It contains minor boilerplate (e.g., [ပြင်ဆင်ရန်] tags) typical of wiki-style content, but the core information is high-quality and culturally authentic."
<urn:uuid:c187be66-bccd-45c5-ba5c-cf3fde8f3e47>,"ဦးကုလား
မဟာရာဇဝင်[ပြင်ဆင်ရန်]
ဦးကုလား၏ အဘသည် စဥ့်ကူးရွာသူဌေး ဒေဝသေဋ္ဌ၊ အမိ မဏိဩဃ ဖြစ်သည်။ ဦးကုလား၏ မွေးသက္ကရာဇ်ကို မသိရပါ။ စဥ့်ကူးရွာဇာတိ ဖြစ်သည်။
အဘသည်သူဌေးမျိုး၊ အမိသည် စော်ဘွား မြို့စားမျိုးဖြစ်၍ သူဌေးသား ဦးကုလားသည် မိမိစည်းစိမ်နှင့် အေးချမ်းသာယာစွာ နေနိုင်သော်လည်း နောင်လာနောက်သားတို့အတွက် အပတ်တကုတ် ကြိုးစားရှာဖွေ စုဆောင်း၍ ရာဇဝင်ကျမ်းကြီးများကို ပြုစုခဲ့သည်။ ပုဂံရာဇဝင်၊ တကောင်းရာဇဝင်၊ သရေခတ္တရာရာဇဝင်၊ အင်းဝရာဇဝင်၊ တောင်ငူရာဇဝင် စသည်ဖြင့် ရှေးဟောင်းရာဇဝင် ကျမ်းငယ်များကို စုပေါင်းညှိနှိုင်းပြီး မဟာရာဇဝင်ကြီး ကိုရေးသားခဲ့သည်။ ကျမ်းငယ်များအပြင် ကျောက်စာ ၊ ဧချင်း ၊ မော်ကွန်း များကိုလည်း အထောက်အထားပြု လေ့လာ၍ ရေးသားခဲ့၏။ ကွဲပြားနေသော ရှေးရာဇဝင်ကျမ်းငယ်များကို တကွဲတပြား တသီးတခြားဆီ မဖြစ်ရလေအောင် စုစည်း၍ စနစ်တကျ ပြုစုပြီး တစ်စောင်တည်း ပြုလုပ်ခဲ့သည်။ ဦးကုလား မဟာရာဇဝင်ဟုလည်း ခေါ်၍ စံပြုလောက်သော ကျမ်းဖြစ်သည်။ ထို့ကြောင့် နောင် ရာဇဝင်ကျမ်းဆရာတို့သည် ဦးကုလား မဟာရာဇဝင်ကို အမှီပြု၍ ရေးသားကြသည်။ ဦးကုလား မဟာရာဇဝင်တွင် မှတ်တမ်းတင်လောက်သည့် အချက်မှာ ပြေပြစ်ကောင်းမွန်သော ဝါကျအသုံးအနှုန်း၊ စကားလုံး အထားအသိုများပင် ဖြစ်သည်။
စကားပြေရိုးရိုး ဖြစ်သည်။ ဘကြီးတော် မင်းတရားလက်ထက် ရေးသားသော မှန်နန်းရာဇဝင် သည်လည်း ဦးကုလား မဟာရာဇဝင်ကို အမှီပြုရသည်။
ခေတ်ပြိုင်[ပြင်ဆင်ရန်]
ကျမ်းကိုး[ပြင်ဆင်ရန်]
- ရှေးဟောင်း မြန်မာစာပေ သမိုင်း",4.0,2.0,3.0,3.0,5.0,"The text provides a clear, educational overview of the historian U Kala and his significant contribution to Burmese historiography. It is written in natural, formal Burmese, reflecting authentic historical context. While it contains some boilerplate wiki-formatting (e.g., [ပြင်ဆင်ရန်]), the core content is coherent, informative, and culturally accurate."
<urn:uuid:978d0aa3-b35e-463e-9072-b85431b6d97e>,"ပြည်ခရိုင် အတွင်း သစ်ပင် ၁၁ သိန်းခန့် စိုက်ပျိုးမည်ဟု ဆို
ပဲခူးတိုင်း အနောက်ခြမ်း ပြည်ခရိုင် အတွင်းရှိ မြို့နယ် ၆ မြို့နယ် အတွင်း လာမည့် မိုးကာလ၌ သစ်ပင်ပေါင်း ၁၁ သိန်း ခန့် စိုက်ပျိုးရန် စီစဉ်ထားကြောင်း ပြည်ခရိုင် သစ်တော ဦးစီး ဌာနက သိရသည်။
ပြည်ခရိုင် အတွင်းရှိ ပြည်၊ သဲကုန်း၊ ပေါက်ခေါင်း၊ ပေါင်းတည်၊ ပန်းတောင်းနှင့် ရွှေတောင်မြို့နယ်များရှိ စီးပွားဖြစ် ကျွန်း စိုက်ခင်း စိုက်ကွက်ပေါင်း ၁၁၀၀၊ ကျေးရွာ ထင်းစိုက်ခင်း စိုက်ကွက် ၄၅၀ နှင့် ဒေသခံ ပြည်သူများ အစုအဖွဲ့ပိုင် သစ်တောမြေ ဧက ၄၉၀၀ ကျော် တို့တွင် ကျွန်း၊ ပျဉ်းကတိုး၊ မိုင်တန်ရှား (Muntingia)၊ ယူကလစ်နှင့် လျှော်ဖြူပင်များ အား စိုက်ပျိုးသွား မည် ဖြစ်ကြောင်း ပြည်ခရိုင် သစ်တော ဦးစီးဌာန လက်ထောက် ညွန်ကြားရေးမှူး ဦးမြင့်သိန်းဦးက ဧရာဝတီကို ပြော သည်။
ဦးမြင့်သိန်းဦးက“ဇွန်လ ၁၉ ရက်မှာ ကျနော်တို့ ခရိုင်အတွင်းမှာ တပြိုင်တည်း နေရာ ၆ နေရာ စိုက်ဖို့ စီစဉ်ထားတယ်။ အားလုံးပေါင်းလိုက်မယ် ဆိုရင်တော့ အပင်ပေါင်း ၁၁ သိန်းလောက် စိုက်ဖို့ ရှိပါတယ်။ စီးပွားရေး စိုက်ခင်းတွေမှာတော့ အဓိက ကျွန်းနဲ့ ပျဉ်းကတိုးက စိုက်မယ်။ ကျေးရွာ ထင်းစိုက်ခင်းတွေမှာတော့ ယူကလစ်၊ မိုင်တန်ရှား၊ စသဖြင့် ဒီလို သစ်မျိုးတွေ စိုက်ပါမယ်။ အစုအဖွဲ့ပိုင် သစ်တောကတော့ ကျွန်းရယ်၊ မိုင်တန်ရှားရယ် ယူကလစ်ရယ် လျှော်ဖြူရယ် ဆိုပြီးတော့ ၄ မျိုး စိုက်ပါမယ်”ဟု ဆိုသည်။
ထို့ပြင် သစ်တော ဦးစီးဌာနနှင့် အစိုးရ မဟုတ်သည့် အဖွဲ့အစည်းများ ပူးပေါင်း၍ နှစ်စဉ် ဝင်ငွေ ရရှိနိုင်မည့် သစ်ပင်၊ သီးနှံပင်များကိုလည်း စိုက်ခင်းများ အတွင်း ထည့်သွင်း စိုက်ပျိုးရန် စီစဉ်ထားကြောင်း ၎င်းက ဆက်ပြောသည်။
အစိမ်းရောင် မျိုးဆက် (Green Generation) သဘာဝ ပတ်ဝန်းကျင် ထိန်းသိမ်း စောင့်ရှောက်ရေး အဖွဲ့ အနေနှင့် လည်း သီးခြားသစ်ပင်များ စိုက်ပျိုးရန် စီစဉ်ထားပြီး သစ်ပင်စိုက်ပျိုးရာတွင် အများပြည်သူ ပူးပေါင်း ပါဝင် ဆောင်ရွက် စေရန်နှင့် အပင်များ ရေရှည် ရှင်သန်နိုင်ရန် ပြည်မြို့ပေါ်ရှိ လူစည်ကားရာ လမ်းများ၊ ဈေးများ၊ ကျောင်းများနှင့် မီးပွိုင့် များတွင် သစ်ပင် စိုက်ပါ စာသားပါ စတစ်ကာများ လိုက်လံ ဝေငှခြင်းကိုလည်း မေလ နှောင်းပိုင်းတွင် ပြုလုပ်ရန် စီစဉ် ထားကြောင်း ယင်းအဖွဲ့ တည်ထောင်သူ ကိုငြိမ်းချမ်းဝေက ပြောသည်။
“သစ်ပင်စိုက်ဖို့ စိတ်ဝင်စားတဲ့လူတွေလည်း ကျနော်တို့ အဖွဲ့ကို လာရောက် ပူးပေါင်း နိုင်အောင်နဲ့ ဒီလို စတစ်ကာ လေးတွေ တွေ့ရင် သစ်ပင်တွေ မရှိလို့ ပူတယ် ဆိုတာ လူတွေ သိအောင် ကျနော်တို့ ဒီလှုပ်ရှားမှုကို လုပ်မှာပါ”ဟု ၎င်းက ပြောပြသည်။
ကိုငြိမ်းချမ်းဝေက ဆက်လက်၍“အစိုးရ အနေနဲ့လည်း ၁၁ သိန်း အထိ တိုးပြီးစိုက်လာတာ ကောင်းတယ်။ ဒါပေမယ့် ပြန်ကြည့်မယ်ဆိုရင် နှစ်တိုင်း စိုက်နေတာပဲ။ စာရင်းထဲမှာပဲ ရှိတယ်၊ တကယ့် မြေပြင်မှာ အဲဒီလောက်ကြီး ရှင်သန်တာ မရှိဘူး။ စိုက်ပျိုးပွဲတွေ လုပ်ပြီးသွားရင် ထားခဲ့တယ်။ နောက်တခုက ရပ်ကျေး အုပ်ချုပ်ရေးမှူးတွေကို တရွာကို စီမံချက် ဘယ်နှစ်ပင် မယူမနေရ ဆိုတဲ့ စနစ်အရ လာတော့ ယူသွားတယ်။ အဲဒီ အပင်တော် တော်များများက အုပ်ချုပ်ရေးမှူး အိမ်မှာပဲ သေသွားတာမျိုးတို့၊ ယူချင်တဲ့လူက ယူသွားတာမျိုးတို့ အဲဒီလိုတွေ ဖြစ်တာ များတယ်”ဟုလည်း ပြောဆို သည်။
ပြည်ခရိုင်၏စုစုပေါင်း မြေဧရိယာ အကျယ်အဝန်းမှာ ဧက ၁၉ သိန်းခန့် အကျယ်အဝန်းရှိကာ ဧက ၆ သိန်းကျော်မှာ သစ်တော ကြိုးဝိုင်းမြေ ဖြစ်ပြီး ကြိုးဝိုင်းပေါင်း ၂၅ ဝိုင်းရှိကာ ကြိုးပြင် ဧရိယာမှာ ၁၆၄၀ ဧက ရှိကြောင်းနှင့် ပြည်ခရိုင် အတွင်း ပန်းတောင်းမြို့နယ်၏ အကျယ်အဝန်းမှာ ၆ သိန်းကျော် (၆၁၉၅၀၉ ဧက) ကျယ်ဝန်းပြီး သစ်တောကြိုးဝိုင်း ဧရိယာ စုစုပေါင်း၏ ၅၀ ရာခိုင်နှုန်းကျော် ရှိကြောင်း သစ်တော ဦးစီဌာနက သိရသည်။
You May Also Like These Stories:",3.0,3.0,3.0,4.0,5.0,"The text is a well-structured news report about local forestry initiatives in Myanmar. It provides factual information, includes multiple perspectives (government and NGO), and discusses the challenges of implementation. It is written in natural, professional Burmese with appropriate local terminology and context."
<urn:uuid:400df0d6-d58f-4da4-88bf-6850d8587a45>,"ူမန်မာိံိုင်ငံကို အ္ဋိံိယိံိုင်ငံက လက်နက်လြဲေူပာင်းရောင်းခဵနေတာအားလုံး ရပ်ဆိုင်းထားေုကာင်း၊ ဒၝဟာ သံဃာတြေဦးဆောင်တဲ့ စက်တင်ဘာဆ္ဋိံူပပြဲတေကြို စစ်အစိုးရက အုကမ်းဖက်္ဘဖိခြြင်းမအြပေၞ ိံိုင်ငံတကာရဲႚဖိအားတိုးပြားတဲ့ ူဖစ်ရပ်တခု ူဖစိံိုင်ေုကာင်း ဒီဇင်ဘာ ၃၀ရက်နေႚထုတ် The Washington Post သတင်းစာမြာ ပၝရြိပၝတယ်။
ူမန်မာစစ်အစိုးရကို လက်နက်ရောင်းခဵတာ ရပ်ဆိုင်းလိုက်တဲ့ ဆုံးူဖတ်ခဵက်ကို အ္ဋိံိယ အစိုးရက တရားဝင် မေုကညာပေမယ့် အမေရိကန်ထိပ်တန်း တာဝန်ရြိသူတေကြို အ္ဋိံိယက အလြတ်သဘောအားူဖင့် အတည်ူပခြဵက်ပေးထားတယ်လိုႚ သံတမန်သတင်းရပ်ကြက်က ေူပာပၝတယ်။
စက်တင်ဘာ သံဃာ့ဆ္ဋိံူပပြဲ မတိုင်ခင်ကတော့ အ္ဋိံိယ-ူမန်မာ စစ်ရေးဆက်ဆံမဟြာ ူမန်ူမန်ဆန်ဆန် တိုးတက်ခဲ့ပုံရပၝတယ်။ ဒီံြစ်ဦးပိုင်းမြာ ိံြစိံိုင်ငံစစ်ရေးဆက်ဆံမြတြေ တိုးူမြင့်လာခဲ့္ဘပီး ူမန်မာိံိုင်ငံအတြင်း အေူခစိုက်္ဘပီး အ္ဋိံိယ အရြေႚေူမာက်ပိုင်းနယ်စပ်မြာ လြပ်ရြားနေတဲ့ လက်နက်ကိုင်အဖြဲႚတေကြို ိံြိမ်နင်းဖိုႚ ူမန်မာစစ်အစိုးရရဲႚ အကူအညီကို အ္ဋိံိယက ရယူဖိုႚဋ္ဌကိြးစားနေပၝတယ်။ ဒၝတင်မက ူမန်မာိံိုင်ငံရဲႚ စီးပြားရေးမြာ တရုတိံိုင်ငံက ုသဇာလြမ်းမိုးမတြိုးလာတာကို တန်ူပန်ဖိုႚလည်း အ္ဋိံိယက ဋ္ဌကိြးပမ်းနေတာပၝ။
အ္ဋိံိယနဲႚ ူမန်မာ စစ်တပ်တြေ စတင်္ဘပီး စစ်ရေးပူးတြဲလေ့ကဵင့်သလို ူမန်မာိံိုင်ငံက တောင်းခံတဲ့ စစ်လက်နက်ပင်္စည်းတေကြို ထောက်ပံ့မယ်လိုႚ အ္ဋိံိယတာဝန်ရြိသူတေကြ အရိပ်အ့မက် အာမခံခဲ့ပၝတယ်။
ိံြစိံိုင်ငံပူးတြဲဆောင်ရြက်ရေး အစီအစဉ်တရပ်အနေနဲႚ ူမန်မာိံိုင်ငံကို စစ်ရဟတ်ယာဉ်တြေ လြဲေူပာင်းပေးအပ်ဖိုႚ အ္ဋိံိယက ဆြေးေိံြးခဲ့ပၝတယ်။ အီးယူ ဥရောပိံိုင်ငံမဵားအဖြဲႚ ိံိုင်ငံတေနြဲႚ အမေရိကန်ူပည်ထောင်စုမြာ တီထြင်ထုတ်လုပ်တဲ့ ပင်္စည်းအစိတ်အပိုင်းတြေ၊ နည်းပညာတေနြဲႚ လက်နက်ခဲယမ်းတေဟြာ ဒီရဟတ်ယာဉ်တေမြြာ တပ်ဆင်ထားတာမိုႚ ကန်ႚကြက်မြတြေ အမဵားအူပား ပေၞပေၝက်ခဲ့ပၝတယ်။ ဒီလို ရဟတ်ယာဉ်တြေ ရောင်းခဵမယ်ဆိုရင် ူမန်မာစစ်အစိုးရပေၞ ဒီံိုင်ငံတေကြနေ အရေးယူ ပိတ်ဆိုႚထားတာကို ဖဵက်လိုဖဵက်ဆီးလုပ်တာပဲလိုႚ ိံိုင်ငံတကာ လြတ်္ဘငိမ်းခဵမ်းသာခြင့်အဖြဲႚက ဇူလိုင်လမြာ ထုတ်ူပန်ခဲ့တဲ့ အစီရင်ခံစာမြာ ပၝရြိပၝတယ်။
ဒီအတောအတြင်း ူမန်မာိံိုင်ငူံခားရေးဝန်ဋ္ဌကီး ဦးဉာဏ်ဝင်းဟာ အ္ဋိံိယိံိုင်ငံကို ဒီဇင်ဘာ ၃၁ရက်ကနေ ဇန်နဝၝရီ ၄ရက်နေႚအထိ သြားရောက်မြာူဖစ်္ဘပီး ဝန်ဋ္ဌကီးခဵြပ် မန်မိုဟန်ဆင်း၊ ူပည်ထဲရေးဝန်ဋ္ဌကီး ပရာနပ် မူကာဂဵီတိုႚနဲႚ တြေႚဆုံဆြေးေိံြးဖိုႚ ရြိပၝတယ်။",3.0,3.0,3.0,5.0,4.0,"The text provides a clear, factual report on international relations and geopolitical dynamics involving Myanmar and India. It is well-structured, coherent, and uses natural Burmese phrasing. It requires a moderate level of political awareness to fully grasp the implications, making it suitable for educational purposes regarding current affairs."
<urn:uuid:f06dd036-7419-4b32-a066-29664795979a>,"ကားမောင်းရင်း စိတ်အာရုံပျံ့လွင့်စေမည့် အမူအကျင့်များမှ ကာကွယ်ရန် နည်းလမ်းများ
၁။ ကားမောင်းခြင်းကိုသာ အာရုံထားပါ။ မိမိ အမြင်အာရုံကို ကားလမ်းပေါ်နှင့် နောက်ကြည့်မှန်များတွင်သာ တစ်စိုက်မတ်မတ် အာရုံစိုက်ပါ။ ကားလမ်းမပေါ်မှ ဘေးတစ်ဖက်တစ်ချက်ရှိ လူများ ဆိုင်ကယ်များ အနှေးယာဉ်များကို အဆက်မပြတ် သတိထား စောင့်ကြည့်ပေးပါ။
၂။ ကားကြမ်းပြင် နှင့် ထိုင်ခုံများပေါ် တွင် နေရာအနှံ လှိမ့်နိုင်သော အရာများမရှိစေရန် သတိထားရှင်းလင်းပေးပါ။
၃။ သင့်ခရီးစဉ်မစခင် သင်သွားချင်သော နေရာ ရောက်လိုသော အခြေအနေ ရာသီဥတု အနေအထား ကားလမ်းကြောင်း အနေအထား အားလုံးကို တွက်ချက်ပြီး နောက်ကြည့်မှန်များ ထိုင်ခုံ အကွာအဝေးများကို ချိန်ဆပြီးမှ သင့်သွားလိုရာ နေရာသို့ စတင်ထွက်ခွာပါ။
၄။ ကားပေါ်ရောက်မှ အပေါ်ထပ် အင်္ကျီဝတ်ခြင်း ကားမောင်းနေရင်း သင့်မျက်နှာနှင့် ဆံပင်စသည်တို့ကို ပြင်ဆင်ချယ်သခြင်းများ မပြုလုပ်ပါနှင့်။
၅။ ကားမောင်းနေရင်း မုန့်စားခြင်း အချိုရည်သောက်ခြင်း စသည်တို့ကို မပြုလုပ်ပါနှင့်။ စားရမည်ဆိုလျှင်လည်း ကားရပ်ပြီးမှ စားပါ။ ရှုပ်ပွပြီး ပေကျံစေမည့် အစားအသောက်များကို လုံးဝရှောင်ကြဉ်ပါ။
၆။ ကားပေါ်တွင် ကလေးများ အိမ်မွေးတိရိစ္ဆာန်များ ခေါ်မည်ဆိုပါက သူတို့အား လုံခြံစိတ်ချမှုရှိအောင် သင်ကားမောင်းနေစဉ် အတွင်း သင့်အား အနှောက်အယှက်မပေးနိုင်အောင် ကားစတင်မထွက်ခွာခင် နေရာချထားပေးပြီးမှ လိုရာခရီးကိုစတင်ပါ။ မဖြစ်မနေကြည့်ရှုဖို့လိုလာလျှင်လည်း လမ်းဘေးသို့ ချရပ်ပြီးမှ အေးဆေးကြည့်ရှုပါ။
၇။ ကားမောင်းနေရင်း အီလက်ထရောနစ်ပစ္စည်းများအား အသုံးပြုခြင်းကို တတ်နိုင်သလောက်ရှောင်ကြဉ်ပါ။ တတ်နိုင်လျှင် ဘလူးတုနှင့် ဖုန်းပြောခြင်း၊ ကားစနစ်ထဲတွင်ပါဝင်သည့် ကြို့မဲ့ အီလက်ထရောနစ် ကရိယာများကိုအသုံးပြုခြင်း စသည်တို့ကို ရှောင်ကြဉ်ပါ။
၈။ အကယ်၍ သင့်ဘေးမှာ အဖော်ပါပါက မည်သည့် ကိစ္စမဆို သင့်ခရီးသွားဖော်ထံမှ အကူအညီရယူပါ။
၉။ ကားလမ်းကြပ်နေချိန်သည် စိတ်အထွေပြားဆုံးနှင့် စိတ်မရှည်နိုင်ဆုံးအချိန်ဖြစ်တာကြောင့် မိမိရောက်လိုသော အချိန်နှင့် တိုက်၍ကွက်တိထွက်ခြင်းထက် ပိုစောပြီး ထွက်ပေးခြင်းအားဖြင့် စိတ်ထွေပြားမှုကို လျော့ချနိုင်ပါတယ်။
၁၀။ သင့်ကားထဲတွင် သင်မနှစ်သက်တဲ့ အမွှေးနံ့များ မွှေးလွန်းသော အနံ့များ သို့မဟုတ် အခြား မကောင်းတဲ့ အနံ့ဆိုးများ ရှိမနေနိုင်အောင် သတိထားပေးပါ။ အထူးသဖြင့် မကြာခဏဆိုသလို လေဝင်လေထွက်ကောင်းအောင် မှန်တံခါးများ ဖွင့်ပေးထားခြင်းများ လုပ်ဆောင်ပေးပါ။
Latest News
Photo Credit ယာဉ်အိုယာဉ်ဟောင်း အစီအစဉ် အရ ကားဟောင်းတစ်စီး အပ်နှံပြီိး ကားသစ်တစ်စီး ပင်လယ်ရေကြောင်းမှ တင်သွင်းခြင်းကို ကညန...Read more »
Photo Credit ရန်ကုန်မြို့တွင်း ပြေးဆွဲနေသည့် YUPT ကုမ္ပဏီ မှ YBS ခရီးသည်တင်ကားများကို Wifi စနစ်တပ်ဆင်အသုံး ပြုမည်ဖြစ်ကြောင်း...Read more »
Photo Credit ရန်ကုန်မြစ်ကြောင်းတစ်လျှောက်ပြေးဆွဲမည့် Water Taxi မကြာခင် ပြေးဆွဲသွားမှာဖြစ်ပြီး ပြေးဆွဲရန် အဆင့်သင့်ဖြစ်နေပြီဟု...Read more »
Photo Credit လာမည့်နှစ်တွင် ကားတင်သွင်းရမည့် မိုဒယ်သတ်မှတ်ချက်ထုတ်ပြန်မှူအရ ၂၀၁၅ မိုဒယ်မှစ၍...Read more »
Photo Credit ခရီးသည်တင်YBS ယာဉ်များအားလုံး cash box ငွေပုံးများ အပြီး တပ်ဆင်ရမည်ဖြစ်ကြောင်း ရန်ကုန်တိုင်းဒေသကြီး...Read more »",4.0,2.0,2.0,3.0,5.0,"The document provides practical, coherent safety advice for drivers, suitable for general education. It uses natural Burmese phrasing and local context (e.g., YBS, YUPT, vehicle import regulations). While the main content is clean, the document ends with unrelated website boilerplate/links, which slightly impacts the cleanliness score."
<urn:uuid:702477f8-ae8f-4264-a0dd-9796e1de8799>,"ဆင်တွေအကြောင်း ဗဟုသုတလည်းရ စိတ်အပန်းလည်းပြေစေမယ့် ဝင်္ဂဘောဆင်စခန်း
ဒီတပတ်အားလပ်ရက်မှာ ဘယ်ကိုသွားလည်ရင်ကောင်းမလဲစဉ်းစားနေတဲ့သူတွေ မြို့ပြင်ထွက်ပြီး ရန်ကုန်မြို့နဲ့ မနီးမဝေးမှာ သွားရောက်လည်ပတ်လေ့လာနိုင်မယ့် ဝင်္ဂဘောဆင်စခန်းအကြောင်းကို ဖော်ပြပေးချင်ပါတယ်။
ဒီ ဆင်စခန်းက ရန်ကုန် – မန္တလေး အမြန်လမ်းမကြီး ၃၉ မိုင်နားမှာ တည်ရှိပါတယ်။
ဝင်္ဂဘောဆင်စခန်းကို ၂၀၁၆ ခုနှစ် နိုဝင်ဘာလက စတင်ပြီး ဆင်စခန်းအဖြစ် ဖွင့်လှစ်ထားတယ်လို့ သိရပါတယ်။ ဆင်အကောင်ရေလည်း သိပ်မရှိသေးဘဲ ဆင်အထီး ၆ ကောင်နဲ့ ဆင်အမ ၅ ကောင် စုစုပေါင်း ၁၁ ကောင်သာ ရှိသေးတယ်လို့ သိရပါတယ်။ မိသားစုနဲ့သွားရောက်လည်ပတ်ရင်ပဲဖြစ်ဖြစ် မိတ်ဆွေအပေါင်းအသင်းတွေနဲ့ဲ သွားရောက်ရင်ပဲဖြစ်ဖြစ် လူများများနဲ့ သွားမယ်ဆိုရင် ပျော်ဖို့ကောင်းမယ့်နေရာတခုလို့ ထင်ပါတယ်။
ဆင်စခန်းရဲ့ အကျယ်အဝန်းက ဧက ၈၀ ကျော် ရှိတယ်လို့ သိရပါတယ်။
ဒီ ဆင်စခန်းကို ရန်ကုန်-မန္တလေး အမြန်လမ်း ၃၉ မိုင်ရှိ ဘောနက်ကြီးစခန်းကနေ ဘယ်ဘက်ချိုးပြီး ၂ မိနစ်လောက် ဆက်မောင်းလိုက်ရင် ရောက်ပါတယ်။ ဝင်ကြေးကတော့ မြန်မာနိုင်ငံသား ကျပ် ၁၀၀၀ နဲ့ နိုင်ငံခြားသား ကျပ်၂၀၀၀၀ သတ်မှတ်ထားပါတယ်။ အထဲမှာ စားသောက်ဆိုင်ရယ်လို့ လောလောဆယ် မရှိသေးဘဲ တရက်ကြို ဖုန်းဆက်ပြီး မှာမယ်ဆိုရင်တော့ ထမင်းနဲ့ဟင်းချက်ပေးထားတယ်လို့ ဆင်စခန်းက တာဝန်ရှိသူတဦးက ဆိုပါတယ်။
ဆင်စခန်းအဝင်ပေါက်နားမှာ ဝင်္ဂဘောဆင်စခန်းကိုရောက်တာ ၃ ရက်ပဲရှိသေးတဲ့ ဆင်မလေး ယုယုဌေးကိုတွေ့ရပြီး မိခင်သေဆုံးသွားတဲ့အတွက် နေပြည်တော်ဆင်စခန်းကနေ ဝင်္ဂဘောဆင်စခန်းကို ရောက်ရှိလာတယ်လို့ သိရပါတယ်။ နို့မပြတ်သေးတဲ့ ဆင်မလေးကို နို့မှုန့်ဗူးဖျော်တိုက်ရပြီး ဆင်မလေးအတွက် နို့မှုန့်ဖိုးအလှူငွေလည်းထည့်လို့ရပါတယ်။
ဒါ့အပြင် ဆင်စခန်းအတွင်း နေ့လည်ဘက်တွေမှာ လူတွေနဲ့ယဉ်ပါးနေပြီဖြစ်တဲ့ ဆင်တွေကိုအစာကျွေးလို့ရပါတယ်။ ကြံနဲ့ငှက်ပျောသီးပါတဲ့ ခြင်းတခြင်းကို ၂၀၀၀ ကျပ်နဲ့ ဆင်စခန်းက ရောင်းချပေးပြီး ဆင်များကို အစာကျွေးနိုင်ပါတယ်။ အစာကျွေးတဲ့အခါမှာလည်း ဆင်တွေကို အနီးကပ် ကိုယ်တိုင်ကျွေးနိုင်တဲ့အတွက် စိတ်လှုပ်ရှားဖို့ကောင်းသလို ပျော်ဖို့လည်းကောင်းပါတယ်။ ဆင်တကောင်ချင်းစီရဲ့ ဆင်ဦးစီးတွေက ဆင်တွေဘေးမှာ အမြဲရှိနေကြပါတယ်။ ဒါ့အပြင် ဆင်စခန်းက သစ်တောဝန်ထမ်းတွေကလည်း ဆင်စခန်းကို လိုက်လံပြသပေးပြီး ဆင်တွေအကြောင်းကို ဗဟုသုတအနေနဲ့ လိုက်လံရှင်းပြပေးတာ တွေ့ရပါတယ်။
မနက်စောစောရောက်တယ်ဆိုရင်တော့ ဆင်စခန်းအတွင်းမှာ ဆင်စီးရင်းလိုက်လံလေ့လာနိုင်ပါတယ်။ ဆင်စီးရင်တော့ လူတယောက်ကို မြန်မာကျပ်ငွေ ၅၀၀၀ ကျပ်သတ်မှတ်ထားပြီး ဆင်စခန်းအတွင်း နာရီဝက်နီးပါးကြာ ပို့ဆောင် ပေးပါတယ်။ ဆင်စခန်းက ဆင်တွေဟာ အရင် သစ်ထုတ်လုပ်ရေးမှာအသုံးပြုခဲ့တဲ့ ဆင်များဖြစ်ကြပြီး ဆင်တကောင်ချင်းစီရဲ့ အနောက်ဘက်မှာ ကိုယ်ပိုင်နံပါတ်တွေကို သူတို့ရဲ့ အသားပေါ်မှာ ရိုက်နှိပ်ထားတာကို တွေ့ရပါတယ်။ မနက်ပိုင်းမှာတော့ ဆင်ပြပွဲကို ကြည့်ရှုနိုင်ပြီး ဆင်စီးခြင်းတွေကိုလည်း ပြုလုပ်နိုင်တယ်လို့ သိရပါတယ်။
ဆင်စခန်းက ဆင်တကောင်ချင်းစီရဲ့ကုန်ကျစရိတ်အနေနဲ့ တနှစ်ကို ၂၈ သိန်း နီးပါးရှိတယ်လို့လည်း သိရပါတယ်။
ညနေ ၃ နာရီခွဲအချိန်မှာတော့ ဆင်တွေရေချိုးဆင်းကြပါတယ်။ ဆင်ရေချိုးတာကို လိုက်ပါလေ့လာနိုင်ပြီး ကိုယ်တိုင်လည်း ဆင်တွေကို ရေချိုးပေးနိုင်ပါတယ်။ ဆင်ရေချိုးတဲ့အချိန်တွေကို တနေ့ကို ၂ ကြိမ် သတ်မှတ်ထားပြီး မနက်စောစော ၁ ကြိမ်နဲ့ ညနေဘက် ၁ ကြိမ် သတ်မှတ်ထားပါတယ်။ ဆင်ရေချိုးဖို့ သွားရောက်ရတဲ့လမ်းမှာ တောလမ်းဖြစ်ပြီး ဆင်စခန်းကနေ ၁၀ မိနစ်ခန့် လမ်းလျှောက်သွားရပါတယ်။ တောလမ်းဖြစ်တာမို့ ဘေးပတ်ဝန်းကျင် မှာ သစ်ပင် ချုံပုတ်နဲ့ ပန်းပင်တွေကြားကနေ ဖြတ်သန်းသွားရတာကြောင့် တကယ့်တောတွင်းမှာ သွားနေရသလို ခံစားရစေကာ စိတ်ကိုတမျိုးကြည်နူးမိစေပါတယ်။
စမ်းချောင်းသာသာ စီးဆင်းနေတဲ့နေရာမှာ ဆင်တွေကို ရေးချိုးပေးတာဖြစ်ပြီး မှတ်တမ်းဓာတ်ပုံရိုက်ခြင်း၊ ကိုယ်တိုင်ဆင်တွေကို ရေချိုးပေးခြင်းများ ပြုလုပ်ပေးနိုင်ပါတယ်။
ရေချိုးပြီးတဲ့ ဆင်တွေကို ခဏလွှတ်ထားပေးပြီး ညနေစောင်းမှ ပြန်သိမ်းကြတယ်လို့ ဆင်ဦးစီးတွေက ဆိုပါတယ်။ တကယ်လို့ လူများနေတဲ့အချိန်ဆိုရင်တော့ ဆင်တွေကို စားကျက်ဆင်းဖို့ လွှတ်မပေးတော့ဘဲ ဆင်စခန်းကိုပဲ ပြန်လည်ခေါ်ဆောင်သွားကြပါတယ်။
ဆင်ဆိုတာကို တိရိစ္ဆာန်ရုံမှာသာ အနီးကပ်မြင်တွေ့ဖူး အစာကျွေးဖူးကြသူတွေအနေနဲ့ အခုလို ဝင်္ဂဘော ဆင်စခန်းမှာ ဆင်တွေကို အနီးကပ်ကြည့်ရှုထိကိုင်ခွင့်ရတာ၊ ဆင်တွေရဲ့လှုပ်ရှားပုံတွေ သူတို့ရဲ့ နေထိုင်စားသောက်ပုံတွေကို ဗဟုသုတအနေနဲ့ လေ့လာခွင့်ရတာတွေဟာ စိတ်ဝင်စားသူတွေအဖို့ ရင်ခုန် စိတ်လှုပ်ရှားဖို့ ကောင်းနေမှာတော့ အမှန်ပါပဲ။ ကုန်ကျစရိတ်လည်း သိပ်မများဘဲ သွားရောက်လေ့လာချင်သူများအတွက် ရန်ကုန်မြို့နဲ့ ၃၉ မိုင် အကွာမှာရှိလို့ နေ့ချင်းပြန်သွားရောက်နိုင်တဲ့ ဝင်္ဂဘော ဆင်စခန်းကို စိတ်ဝင်စားကြလိမ့်မယ်ထင်ပါတယ်။",4.0,2.0,2.0,5.0,5.0,"The text is a well-written, informative travel guide about a local elephant camp. It provides practical details, educational insights into elephant care, and natural Burmese phrasing. It is clean, coherent, and culturally authentic, serving as a useful resource for local tourism and basic animal education."
<urn:uuid:0057b0ca-8e2c-4e51-acc7-5d0a705d9280>,"ဝတ်မှုန်ကူးခြင်းလို့ ဆိုလိုက်ရင် ပျားပိတုန်းလေးများနဲ့ ငှက်ပိတုန်းလေးများကို အရင်ဆုံးမျက်စိထဲမြင်ယောင်လာတတ်ကြပါတယ်။ လန်းဆန်းစွာပွင့်ဖူးနေကြတဲ့ ပန်းမန်လေးတွေ အနားမှာတဝဲလည်လည် ရစ်ဝဲရင်း ပန်းပင်လေးများမျိုးပွားနိုင်ရန် တစ်တပ်တစ်အားအစွမ်းကုန် ကူညီပေးနေကြတဲ့ ပျားပိတုန်းလေးများနဲ့ငှက်ပိတုန်းလေးများဟာ သဘာဝရဲ့အလှဖန်တီးရှင်တွေပါ။
ထို့အတူပဲ ပျားပိတုန်းငှက်ပိတုန်းလေးတွေသာမကပဲ ကျိုင်းကောင် မျိုးစိတ်လေးများဟာလည်း ဝတ်မှုန်ကူးတဲ့အလုပ်ကို လုပ်ဆောင်ပေးကြပါတယ်။ အမှန်တကယ်တော့ ဤကမ္ဘာမြေပေါ်မှာ ပျားပိတုန်းမျိုးစိတ်များမပေါ်ပေါက်ခင်ကတည်းက ကျိုင်းကောင်မျိုးစိတ်များက ဝတ်မှုန်ကူးခြင်းဖြင့် သဘာဝအတွက် တာဝန်ထမ်းဆောင်နေခဲ့ကြပါတယ်။
ယနေ့အခါမှာတော့ ကျိုင်းကောင်များရဲ့ ဝတ်မှုန်ကူးနှုန်းဟာ ရှေးယခင်နှစ်များကလောက် မကျယ်ပျံ့တော့ပေမဲ့ ပျားပိတုန်း၊ ငှက်ပိတုန်းများ ရှားပါးသောနေရာများမှာတော့ ယနေ့တိုင်ဝတ်မှုန်ကူးခြင်းကို ကျေပွန်စွာ လုပ်ဆောင်နေဆဲပါပဲ။
အမှန်တကယ်ပင် ကျိုင်းကောင်လေးများဟာ ကမ္ဘာ့ပေါ်မှာ ပန်းပွင့်တဲ့အပင် မျိုးစိတ်ပေါင်း၂သိန်း၄သောင်းခန့်ကို ဝတ်မှုန်ကူးပေးနိုင်တယ်ဆိုတာ ယုံတမ်းစကားမဟုတ်ပါဘူး။ ကမ္ဘာပေါ်မှာရှိတဲ့ အင်းဆက်အားလုံးရဲ့ ၄၀ရာနှုန်းက ကျိုင်းကောင်များ ဖြစ်ကြပြီး အဲ့ဒီအချက်ကပဲ ၎င်းတို့ဟာသဘာဝတရားကြီးရဲ့ တာဝန်ကျေပွန်သောဝတ်မှုန်ကူးသူများအဖြစ် ထင်ရှားစေပါတယ်။
ဒါပေမဲ့ သဘာဝတရားကြီးမှာလည်း အားနည်းချက်ရှိသည့်အတွက် ကျိုင်းကောင်မျိုးစိတ်များဟာ ပန်းပွင့်အားလုံးကို ဝတ်မှုန်မကူးပေးနိုင်ပါဘူး။ ပျားပိတုန်းများကဲ့သို့ ပန်းပွင့်များအနား တဝဲလည်လည်မနေနိုင်ကြသလို ငှက်ပိတုန်းများကဲ့သို့လည်း နှုတ်သီးချွန်ချွန် တွေမပါကြပါဘူး။ ကျိုုင်းကောင်မျိုးစိတ်များဟာ ခရာသဏ္ဍာန်ရှိတဲ့ပန်းပွင့်များနဲ့ ဝတ်မှုန်များသိသာစွာမပေါ်နေသော ပန်းပွင့်များကိုလည်း ဝတ်မှုန်မကူးပေးနိုင်ပါဘူး။ ကျိုင်းကောင်များဟာ ပျားပိတုန်များ၊ ငှက်ပိတုန်းများနဲ့မတူဘဲ ဝတ်မှုန်ကူးတဲ့အခါမှာ ပွင့်ဖတ်များကိုကိုက်ဖြတ်စားပြီး ပန်းပွင့်ပေါ်မှာဘဲ အညစ်အကြေးစွန့်တတ်ကြတဲ့ ညစ်ပတ်တဲ့ကောင်တွေ ဖြစ်ကြပါတယ်။
ကျိုုင်းကောင်များဝတ်မှုန်ကူးခြင်းကို အပူပိုင်းဒေသ၊ မိုးနည်းသည့်ဒေသများမှာ အတော်အတန်တွေ့ ရတတ်ပြီး သမပိုင်းဇုံရဲ့ အလှပန်းပင်တွေမှာလည်း အနည်းငယ်တွေ့ရတတ်ပါတယ်။ ကျိုင်းကောင်များဝတ်မှုန်ကူးနိုင်တဲ့ ပန်းပွင့်အများစုဟာ ပန်းကန်လုံး ပုံသဏ္ဍာန်များ ရှိကြပြီး ၎င်းတို့နားနိုင်ရန် ပန်းပွင့်ရဲ့မျိုးပွာအင်္ဂါများဟာ ပွင့်အာနေတတ်ကြပါတယ်။
ကဲအခုဆိုရင် ပျားပိတုန်းလေးများ၊ ငှက်ပိတုန်းလေးများသာမကဘဲ ကျိုင်းကောင်မျိုးစိတ်များဟာလည်း ဝတ်မှုန်ကူးပေးနိုင်ကြတာကို မကြားဖူးကြသူများ သိရှိသွားကြပြီထင်ပါတယ်။ ကျိုင်းကောင်မျိုးစိတ်လေးများဟာ တခါတလေမှာ စိုက်ပျိုးသီးနှံများကို ဖျက်ဆီးတတ်ကြပေမဲ့လည်း တခါတရံမှာလည်းသဘာဝတရားကြီးရဲ့ အလှဖန်ဆင်းရှင်ကြီးများအဖြစ်တည်ရှိနေကြတာကိုလည်း မေ့မထားသင့်ကြောင်း နှိုးဆွရင်း ဒီမှာပဲနိဂုံးချုပ်ပါရစေ။ ။
နန္ဒာအိလှိုင်
https://www.gardeningknowhow.com/garden-how-to/beneficial/beetles-and-pollination.htm
ဆောင်းပါးများ/ သတင်းများ ပြန်လည်ကူးယူဖော်ပြလိုပါက ""အစိမ်းရောင်လမ်းမှ ကူးယူဖော်ပြပါသည်"" ကို ထည့်ပေးပါရန် မေတ္တာရပ်ခံအပ်ပါသည်။",4.0,3.0,2.0,4.0,4.0,"The text provides clear, educational information about beetle pollination, suitable for middle-school level. It uses natural Burmese phrasing and logical structure. It includes minor boilerplate at the end (attribution request and URL), but the main content is coherent, well-written, and informative, demonstrating good cultural adaptation of scientific concepts."
<urn:uuid:76c4704e-7211-42bc-819d-5c1b0f677c93>,"အမျိုးဘာသာ သာသနာစောင့်ရှောက်ရေးအဖွဲ့ (မဘသ) အနေနဲ့ သံဃာအဖွဲ့အစည်း မဟုတ်တာကြောင့် နောက်ပိုင်းတစုံတရာသော ပြဿနာအရှုပ်အရှင်းရှိလာမယ်ဆို ရင် ကျူးလွန်တဲ့အတိုင်း တည်ဆဲဥပဒေပုဒ်မနဲ့ အရေးယူဆောင်ရွက်သွားမယ်လို့ သာသနာရေးဝန်ကြီးဌာနက ပြောဆိုလိုက်ပါတယ်။ မည်သည့်ရဟန်းမဆို အမုန်း စကား ဒါမှမဟုတ် တည်ငြိမ်အေးချမ်းရေးကို ထိပါးတဲ့ပြောဆိုဟောပြောမှုရှိခဲ့ရင် တည်ဆဲဥပဒေအတိုင်း အရေးယူမယ်လို့လည်းပြောဆိုလိုက်တာပါ။ ဒီသတင်းကို ရန်ကုန်မြို့ ကမ္ဘာအေး ကုန်း မြေ ၀ိဇယမင်္ဂလာဓမ္မသဘင်မှာ ကျင်းပတဲ့ နိုင်ငံတော်သံဃမဟာနာယက (မဟန) အစည်းအဝေးပွဲကို သွားရောက် သတင်းယူခဲ့တဲ့ မေခကပေးပို့ထားပါတယ်။
ရန်ကုန်မြို့ ကမ္ဘာအေး ကုန်း မြေ ၀ိဇယမင်္ဂလာဓမ္မသဘင်မှာ ကျင်းပတဲ့ နိုင်ငံတော်သံဃမဟာနာယက (မဟန) အစည်းအဝေးပွဲကို ၂ရက်တာကျင်းပတာမှာ မဘသအဖွဲ့ နဲ့ပတ်သတ်ပြီး အစည်းအဝေးပထမနေ့မှာ ကြားဖြတ်အစီအစဉ် အနေနဲ့ ဆွေးနွေးခဲ့ကြပါတယ်။ ဆွေးနွေးမှုမှာ ပြီးခဲ့တဲ့ရက်ပိုင်းက နိုင်ငံတော် သံဃမဟာနာယက (မဟန)က မဘသအဖွဲ့အပေါ်ထုတ်ပြန်ထားတဲ့ အချက်ကိုဘဲ ဆွေးနွေးသဘောတူခဲ့တယ်လို့ ပြောကြပါတယ်။ ဘယ်အပိုင်း ဘယ်လိုဆွေးနွေးခဲ့လဲ ဆိုတာကိုတော့ အတိအကျပြော ဆိုခြင်းမရှိပါဘူး။
အမျိုးဘာသာသာသနာစောင့်ရှောက်ရေး - မဘသ အဖွဲ့ဟာ သံဃာ့အဖွဲ့အစည်းရဲ့ အခြေခံစည်းမျဉ်း၊ လုပ်ထုံး လုပ်နည်း၊ သံဃနာယကလက်စွဲ၊ ညွှန်ကြား လွှာတွေ နဲ့အညီ ဖွဲ့ထားတဲ့အဖွဲ့မဟုတ်တဲ့အကြောင်းနဲ့ ဂိုဏ်းပေါင်း စုံသံဃာ့ ညီလာခံ ကနေ ပေါက်ဖွား လာတဲ့အဖွဲ့ မဟုတ်တဲ့အကြောင်း၊ ဒါကြောင့် ဘယ်ဂိုဏ်းပေါင်းစုံ အစည်း အဝေးကမှ မဘသအဖွဲ့ကို အသိအမှတ်ပြုတာ၊ သန္ဓေတည် ပေါက်ပွားစေ တာ မရှိတဲ့အပြင် မဘသ ဆိုတဲ့အသုံး အနှုန်းကိုတောင် ခေါ်ဝေါ်သုံးစွဲခဲ့တာ မရှိခဲ့တဲ့ အကြောင်း နိုင်ငံတော် သံဃမဟာနာယကအဖွဲ့ ကကြေညာထားပါတယ်။
သာသနာရေးဝန်ကြီး သူရဦးအောင်ကို ကတော့ မဘသအဖွဲ့အနေနဲ့ ဘာသာရေး အခြေခံပြီး လူမှုရေးအဖြစ်ရပ်တည်မယ်ဆိုရင် တပါးသူ၊ အခြားသောဘာသာ၊ အခြားလူ ပုဂ္ဂိုလ်၊ နိုင်ငံတော် တည်ငြိမ်အေးချမ်းရေးကို မထိခိုက်စေတဲ့ အမျိုးဘာသာ သာသနာစောင့်ရှောက်ရေးလုပ်ငန်းတွေကို လုပ်ဆောင်မယ်ဆိုရင် အစိုးရအနေနဲ့ လက်ကမ်း ကြိုဆိုမှာဖြစ်တယ်လို့ ပြောဆိုလိုက်ပါတယ်။
ဘာသာတစ်ခုနဲ့တစ်ခုအကြား အမုန်းစကားတွေပြောဆိုမူတွေ၊ သွေးကွဲစေအောင် ၀ါဒဖြန့်ချီမှုတွေ လုပ်ဆောင် လာရင် ရဟန်းပုဂ္ဂိုလ်ဖြစ်ဖြစ် လူပုဂ္ဂိုလ်ဖြစ်ဖြစ် တားဆီး ထိန်းသိမ်းသွားမှာဖြစ်ပြီး လိုအပ်ရင် တည်ဆဲ ဥပဒေတွေအတိုင်း အရေးယူမယ်လို့ လည်းပြောဆိုလိုက်ပါတယ်။
(မဘသ) အနေနဲ့ သံဃာအဖွဲ့အစည်း မဟုတ်တာကြောင့် နောက်ပိုင်း တစုံတရာသော ပြဿနာ အရှုပ်အရှင်းရှိလာမယ်၊ အမုန်းစကားတွေဖြန့်ဝေမယ်ဆိုရင် ကျူးလွန်တဲ့ အတိုင်း တည်ဆဲဥပဒေပုဒ်မ အတိုင်း အရေးယူဆောင်ရွက်သွားမယ်လို့ သာသနာရေးဝန်ကြီးဌာနက ညွှန်ကြားရေးမှူး ဦးထွန်းညွှန့်ကပြောဆိုလိုက်ပါတယ်။
"" ကျနော်တို့ဆီကို တရားဝင်ထုတ်ပြန်ပြီးတော့ တင်ပြပြီးတော့ တရားဝင်ခွင့်ပြုချက် ရယူထားတဲ့ဟာလည်း မဟုတ်ဘူး။ အဲ့တာအပြင် သံဃအဖွဲ့အစည်း အခြေခံစည်းမျဉ်းများနဲ့လည်း မကိုက်ညီဘူး။ ကျနော်တို့အနေနဲ့ကတော့ မဘသအဖွဲ့ဟာ ကျနော်တို့ သံဃအဖွဲ့အစည်း အခြေခံစည်းမျဉ်း လုပ်ထုံးလုပ်နည်းများနှင့် ကိုက်ညီခြင်း မရှိပါဘူးလို့ တရားဝင် ထုတ်ပြန်ကြေညာပြီးဖြစ်ပါတယ်။ ကျန်ကိစ္စများကတော့ လက်ရှိတည်ဆဲဥပဒေအရပဲ ဖြစ်ပါတယ်။""
ဒီပြင် ဝန်ကြီးသူရဦးအောင်ကိုကလည်း လက်ရှိတရားဥပဒေ စိုးမိုးမှု အားနည်းနေသေးတာကြောင့်သာ အမှုတွေပေါ်ပေါက်မှု အားနည်းနေ တာဖြစ်ကြောင်း၊ တကယ်လို့ တရားဥပဒေစိုးမိုးလာခဲ့ရင် ဘယ်ပုဂ္ဂိုလ်မဆို ဥပဒေနဲ့မညီခဲ့တာတွေ ရှိရင် ဖော်ထုတ် အရေးယူသွားမယ်လို့ ပြောပါတယ်။
"" ကနေ့ ဒီကနေ့ပေါ့လေ တရားဥပဒေစိုးမိုးမှုက အားနည်းနေတော့ တရားဥပဒေအားကောင်းအောင် တည်ဆောက်နေတဲ့အချိန်ဖြစ်တော့ တချို့ကိစ္စလေးတွေမှာ ဥပေက္ခာတရားရှိပါတယ်။ အဲ့ဒီ့တော့ တရားဥပဒေ အားကောင်းမှု ရှိလာတဲ့အခါမှာ မည်သည့်ပုဂ္ဂိုလ်မဆို အခိုင်အမာ တိုင်ကြားလာမှုတွေ ရှိလာလို့ရှိရင် ပြန်လည်ဖော်ထုတ်အရေးယူလို့ရပါတယ်။ ရာဇဝတ်မှုနဲ့ပတ်သက်လို့ရှိရင် time-barred ဆိုတာ မရှိပါဘူး။ မည်သည့် ရဟန်း သာမဏေ မဆို ခုနကပြောသလို တရားဥပဒေစိုးမိုးရေးကို ထိခိုက်စေတဲ့ အန္တရာယ်ရှိစေတဲ့ ပြောဆိုမှု ဟောပြောမှုများ ပြုလုပ်လို့ရှိရင် တိုင်ကြားလို့ရှိရင် နိုင်ငံတော်သံဃမဟာနာယကက တွေ့ရင် စုံစမ်းစစ်ဆေး အရေးယူသွားမှာဖြစ်ပါတယ်။""
မဘသ အဖွဲ့ထဲက အချို့ဟာ အမုန်းစကားဖြန့်တာမျိုး ရှိခဲ့တယ်လို့လည်း သာသာနာရေးဝန်ကြီးက ပြောဆိုပါတယ်။ နိုင်ငံတော်မဟာသံဃနာယက (မဟန) ရှိပြီးသားမို့ မဘသအဖွဲ့ရှိစရာမလိုဘူးလို့ ရန်ကုန်တိုင်း ၀န်ကြီးချုပ်က ပြောဆိုခဲ့ တဲ့နောက် မဘသအဖွဲ့အစည်းနဲ့ အစိုးရအကြား တင်းမာမှုရှိခဲ့တာပါ။ မဘသ အနေနဲ့ သံဃာ အဖွဲ့အစည်းမဟုတ်တော့ဘူးလို့ မဟနက ကြေညာခဲ့တဲ့နောက်တော့၊ မဘသ အဖွဲ့အစည်းကို အရပ်ဖက်ဆိုင်ရာ တည်ဆဲဥပဒေတွေနဲ့ ကိုင်တွယ်သွားမယ်လို့ အာဏာပိုင်တွေဖက်က ပြောဆိုလာတာဖြစ်ပါတယ်။",2.0,3.0,3.0,4.0,5.0,"The text is a news report on the legal status of the MaBaTha organization in Myanmar. It provides factual reporting on government and religious council stances. It is well-structured, uses natural Burmese journalistic language, and reflects specific local socio-political and religious contexts, though it lacks deep analytical reasoning or academic educational depth."
<urn:uuid:93719210-9f20-440b-9913-e6d8ecbc5cca>,"ကချင်ပြည်နယ် တိုက်ပွဲအတွင်းမှာ ပိတ်မိနေတဲ့ စစ်ဘေးရှောင်ပြည်သူတွေကို ကယ်တင်ပေးဖို့ အစိုးရကို တောင်းဆို လှုပ်ရှားခဲ့တဲ့သူတွေထဲက ဖမ်းဆီးအရေးယူခံရသူပေါင်းဟာ အခုဆိုရင် တဒါဇင်ကျော်အထိ ရှိသွားပါပြီ။ အရပ်သားတွေ စစ်ဘေးဒဏ်ခံနေရတာကနေ လွတ်မြောက်ဖို့ ငြိမ်းငြိမ်းချမ်းချမ်း တောင်းဆိုခဲ့တာကို အရေးယူဖို့ ကြိုးပမ်းတဲ့ လုပ်ရပ်အပေါ်မှာတော့ လူ့အခွင့်အရေး လှုပ်ရှားသူတွေက ဝေဖန်ခဲ့ကြတာပါ။ ဒီအကြောင်းကို ဗွီအိုအေ မြန်မာပိုင်း သတင်းထောက် ကိုဇော်ထက်က တင်ပြပေးထားပါတယ်။
စစ်ဘေးရှောင်ပြည်သူတွေကို ဘေးလွတ်ရာကို ရွှေ့ပြောင်းပေးဖို့ ဒေသစုံကနေလှုပ်ရှားဆောင်ရွက် နေသူ ၁၃ဦးကို သက်ဆိုင်ရာမြို့နယ် ရဲစခန်းတွေက ငြိမ်းစုစီပုဒ်မ(၁၉)နဲ့ တရားစွဲအရေးယူခဲ့တာကြောင့် ငြိမ်းချမ်းရေးလိုလားတဲ့ ပြည်သူတွေကို တရားစွဲဆိုမျိုး မလုပ်ဆောင်သင့်ကြောင်း ဗမာနိုင်ငံလုံးဆိုင်ရာ ကျောင်းသားများသမဂ္ဂ အထွေထွေ အတွင်းရေးမှူး ကိုကောင်းထက်ကျော်က အခုလိုပြောပါတယ်။
“အားလုံးပေါင်း ၁၃ ယောက်၊ ကျွန်တော်တို့ ရန်ကုန်က ရှစ်ယောက်၊ မန္တလေးက နှစ်ယောက်၊ ပြည်က နှစ်ယောက်၊ အားလုံပေါင်း ၁၃ ယောက်ပေါ့။ ကျွန်တော့်အနေနဲ့က ခပ်တိုတို ခပ်ရှင်းရှင်းပြောရမယ်ဆိုရင် ငြိမ်းချမ်းရေးလိုလားနေတဲ့ လူငယ်တွေကို၊ ငြိမ်းချမ်းရေးလိုလားတဲ့ အဖွဲ့အစည်းတစ်ခုကို ငြိမ်းချမ်းရေး မလိုလားတဲ့ ပြည်ထဲရေးက တရားစွဲတယ်လို့ပဲ ကျွန်တော်က ပြောရမှာပဲလို့ ထင်ပါတယ်။”
အစိုးရ အနေနဲ့ တိမ်းရှောင်နေတဲ့ ဒေသခံတွေကို ကူညီဆောင်ရွက်ပေးသင့်သလို၊ တောင်းဆိုလှုပ်ရှား နေတဲ့သူတွေကို အရေးယူတာမျိုးကို ကန့်ကွက်ကြောင်း နိုင်ငံရေးအကျဉ်းသားများ ကူညီ၊ စောင့်ရှောက်ရေး အသင်း ပြည်တွင်းတာဝန်ခံ ဦးအောင်မျိုးကျော်က ပြောပါတယ်။
“ဒီ တိုက်ပွဲဖြစ်နေတဲ့နေရာတွေမှာ အပြစ်မဲ့ပြည်သူတွေ ပိတ်မိနေတဲ့ ကိစ္စကို ကယ်ထုတ်ပေးဖို့ဟာ၊ အမြန်ဆုံး ကယ်ထုတ်ပေးဖို့အတွက် အစိုးရကို တောင်းဆိုတဲ့ကိစ္စက ဒါက ရာဇဝတ်မှု ကျူးလွန်တာလည်း မဟုတ်ဘူးဗျ။ ဘယ်ဥပဒေကိုမှ ချိုးဖောက်တာလည်းမဟုတ်ပါဘူး။ တကယ်ကိုလည်း တိုက်ပွဲထဲမှာ အပြစ်မဲ့ ပြည်သူတွေ ပိတ်မိနေတယ်။ ဒီလူတွေကို ကယ်ထုတ်ဖို့က အစိုးရကယ်မှပဲ၊ အဲဒီတော့ တိုက်ပွဲဖြစ်နေတဲ့ ပြည်သူတွေ ဘက်ကနေပြီးတော့ ဒီလူတွေအတွက်ကို စဉ်းစားပေးမှသာလျှင် ဒါအဆင်ပြေမှာ။ အဲဒီတော့ ဒီအတွကို အမြန်ဆုံး ကယ်ထုတ်ပေးဖို့ တောင်းဆိုတဲ့ကိစ္စကတော့ ဒါ အပြစ်ရှိတဲ့ကိစ္စမဟုတ်ဘူး။ ဒါကို ဖမ်းတယ်ဆိုတာကို တောတော်ကြီးကို များနေပြီလို့ ကျွန်တော့်အနေနဲ့ ပြောချင်တာပေါ့လေ။”
ဒီ ငြိမ်းစုစီပုဒ်မ(၁၉)နဲ့ တရားစွဲခံရတဲ့ ၁၃ယောက်ထဲမှာ မြစ်ကြီးနားမြို့၊ မနောကွင်းမှာ လူအင်အား ၇၀၀ကို ဦးဆောင်ပြီး ဆန္ဒဖော်ထုတ်ခဲ့တဲ့ ကချင်လူငယ်နှစ်ဦးကိုတော့ မြို့နယ်တရားရုံးက ဒဏ်ငွေကျပ် ၃၀,၀၀၀ စီပေးဖို့အမိန့်ချလိုက်ပါတယ်။
စစ်ဘေးရှောင်ဒေသခံတွေက တောတွင်းမှာ သက်ကြီးရွယ်အိုတွေ အပါအဝင် တစ်ထောင်ကျော်ရှိလောက် နေသေးတယ်လို့ ကချင်လူငယ် ခေါင်းဆောင် နှစ်ယောက်ထဲက တစ်ဦးဖြစ်တဲ့ ကိုလွမ်ဇောင်းက အခုလိုပြောပါတယ်။
“တောထဲကသူတွေကတော့ ထောင်ဂဏန်းရှိနေသေးတယ်။ အထူသဖြင့် ဟူးကောင်းချိုင့်ဝှမ်းနဲ့ ကျွန်တော်တို့ အင်ဂျန်းယန် အထက်ပိုင်းပေါ့နော်။ စားနပ်ရိက္ခာကတော့ တော်တော်လေး ဆင်းရဲဒုက္ခ ရောက်နေတဲ့အရာကို ကျွန်တော်တို့ တွေ့ရတယ်။ အစိုးရဘက်ကလည်း ကျွန်တော်တို့ ဒီဟာကိုအရမ်းကြီး ထိထိရောက်ရောက် ဖြေရှင်းဖို့အတွက် ထုတ်ပြန်ချက်တွေ ပြည်သူတွေစိုးရိမ်စရာမလိုဘူး တာဝန်ယူ၊ တာဝန်ခံမှုအပြည့်အဝနဲ့ ဒီဟာကို တာဝန်ယူမယ်ဆိုတဲ့ဟာတွေ သဘောထားထုတ်ပြန်မှုတွေ မရှိတာကို ကျွန်တော်တို့တွေ့ရတယ်။ တည်တည်ငြိမ်ငြိမ်နဲ့ ကျွန်တော်တို့ အားလုံးငြိမ်ချမ်းမှုကတော့ လောလောဆယ် မရှိသေးဘူးပေါ့။”
အရပ်ဘက်အဖွဲ့အစည်းတွေအနေနဲ့ ကူညီဆောင်ရွက်တဲ့အပိုင်းမှာ လုံခြုံရေးဂိတ်တွေက စုံစမ်းမေးမြန်းတာ တွေကြောင့် အခက်အခဲတွေရှိ်နေတယ်လို့ ကိုလွမ်ဇောင်းက ပြောပါတယ်။
တိုက်ပွဲကြောင့်ပိတ်မိနေတဲ့ ဒေသခံတွေထဲက တချို့ကတော့ မြစ်ကြီးနား၊ နမ္မတီး နဲ့ တနိုင်း စတဲ့မြို့နယ် တွေက ခရစ်ယာန်အသင်းတော် စစ်ရှောင်စခန်းတွေမှာ ယာယီနေထိုင်နေရတယ်လို့ ဆိုပါတယ်။",3.0,3.0,2.0,5.0,5.0,"The text is a well-structured news report from VOA Burmese. It provides educational insight into current events and civil rights issues in Myanmar. It uses natural, authentic Burmese language and follows a clear journalistic format, making it highly readable and culturally relevant to the target audience."
<urn:uuid:20ae4e61-02e1-462f-8c7c-3177b70bc8bb>,"ဖေဖေ သမီး ဘုရားကို နောက်တစ်ခါ ထပ်မသွားတော့ဘူးဘာဖြစ်လို့လဲ သမီး…
ဘုရားကို သမီးသွားတော့ တွေ့တဲ့လူတိုင်းက ဘုရားဝတ်ပြုနေတဲ့ အချိန်မှာတောင် ဖုန်းသုံးနေတဲ့သူနဲ့
အတင်းပြောနေတဲ့သူနဲ့ ဘယ်သူမှ တလေးတစား မရှိကြဘူး သူတို့အားလုံးဟာ သူတော်ကောင်းယောင်
ဆောင်နေကြတာပဲ ဖေဖေ အင်း ဒါဆို သမီး ဘုရား မသွားတော့ဖို့ မဆုံးဖြတ်ခင် “ဖေဖေ သမီးကို တစ်ခုလောက် လုပ်ခိုင်းလို့ရမလား?”
“ပြောကြည့်လေ ဖေဖေ ဘာများလဲ”..“ဒါဆို သမီး ဖန်ခွက်ထဲ ရေအပြည့်ထည့်ပြီး ဘုရားကို ၂ ပတ် လမ်းလျောက်ရမယ်”
“ဒါပေမယ့် ရေတော့ လုံးဝ မဖိတ်ရဘူးနော”်….“ဒါလေးများ အေးဆေး လုပ်နိုင်ပါတယ် ဖေဖေ
သမီး ပြန်ရောက်ပီ ဖေဖေ ဒီမှာကြည့် ရေ လုံးဝ မဖိတ်ဘူး”“ဟုတ်ပီ ဒါဆို ဖေဖေ သမီးကို မေးခွန်း ၃ ခု မေးမယ်..”
သမီး ဘုရားပေါ်မှာ ဖုန်း သုံးနေတဲ့သူတွေ တွေ့ခဲ့လား?… အတင်းပြောနေတာတွေရော ကြားခဲ့လား.. ?
သမာဓိပျက်နေတဲ့သူတွေရော ရှိခဲ့လား..?ဘယ်လိုလုပ် တွေ့ခဲ့မှာလဲ ဖေဖေရယ် အဲဒါတွေ သွားကြည့်ရင်
သမီး ဖန်ခွက်ထဲကရေ ဖိတ်သွားမှာပေါ့ ကိုယ့်ဟာကိုယ် အာရုံစိုက်ထားရတာ သူတို့ကို မကြည့်အားပါဘူး…ဖေဖေလိုချင်တာ အဲဒါပဲ သမီး
သမီး ဘုရားကျောင်းကို သွားတယ်ဆိုရင် လုပ်သင့်တာက ကိုယ့်အလုပ်ကို ကိုယ် အာရုံစိုက်ပြီး ဘုရားကို အာရုံပြုနေဖို့ပဲ
ကျန်တာတွေက ကိုယ့်ကိစ္စ မဟုတ်ဘူး ကိုယ့်သမာဓိ မပျက်ဖို့ပဲ အရေးကြီးတယ် မဟုတ်လား သမီး
ဘယ်သူ တရားပျက်ပျက် ကိုယ် မပျက်ဖို့ လိုတယ် သမီး ဒါဆိုရင် သမီး ဘဝ တစ်လျှောက်မှာ ဘယ်လို အဖြစ်အပျက်နဲ့ပဲ ကြုံရကြုံရ
ကိုယ့်ရဲ့ အတွင်းစိတ်ထဲမှာသာ အာရုံ အပြည့်အဝ စူးစိုက်ထားမယ်ဆိုရင် ပြင်ပ ဘယ်အရာကမှ သမီးကို
စိတ်အနှောင့်အယှက်ဖြစ်အောင် လုပ်နိုင်တော့မှာ မဟုတ်ဘူး သမီး “ကျေးဇူးပါ ဖေဖေ ဖေဖေပေးတဲ့ သင်ခန်းစာက
သမီးအတွက် တကယ်ကို ကောင်းလွန်းပါတယ်ဖေဖေ”
Credit:Apannpyay
Unicode Version
ဖဖေေ သမီး ဘုရားကို နောကျတဈခါ ထပျမသှားတော့ဘူးဘာဖွဈလို့လဲ သမီး…
ဘုရားကို သမီးသှားတော့ တှတေဲ့လူတိုငျးက ဘုရားဝတျပွုနတေဲ့ အခြိနျမှာတောငျ ဖုနျးသုံးနတေဲ့သူနဲ့
အတငျးပွောနတေဲ့သူနဲ့ ဘယျသူမှ တလေးတစား မရှိကွဘူး သူတို့အားလုံးဟာ သူတျောကောငျးယောငျ
ဆောငျနကွေတာပဲ ဖဖေေ အငျး ဒါဆို သမီး ဘုရား မသှားတော့ဖို့ မဆုံးဖွတျခငျ “ဖဖေေ သမီးကို တဈခုလောကျ လုပျခိုငျးလို့ရမလား?”
“ပွောကွညျ့လေ ဖဖေေ ဘာမြားလဲ”..“ဒါဆို သမီး ဖနျခှကျထဲ ရအေပွညျ့ထညျ့ပွီး ဘုရားကို ၂ ပတျ လမျးလြောကျရမယျ”
“ဒါပမေယျ့ ရတေော့ လုံးဝ မဖိတျရဘူးနော”ျ….“ဒါလေးမြား အေးဆေး လုပျနိုငျပါတယျ ဖဖေေ
သမီး ပွနျရောကျပီ ဖဖေေ ဒီမှာကွညျ့ ရေ လုံးဝ မဖိတျဘူး”“ဟုတျပီ ဒါဆို ဖဖေေ သမီးကို မေးခှနျး ၃ ခု မေးမယျ..”
သမီး ဘုရားပျေါမှာ ဖုနျး သုံးနတေဲ့သူတှေ တှခေဲ့လား?… အတငျးပွောနတောတှရေော ကွားခဲ့လား.. ?
သမာဓိပကျြနတေဲ့သူတှရေော ရှိခဲ့လား..?ဘယျလိုလုပျ တှခေဲ့မှာလဲ ဖဖေရေယျ အဲဒါတှေ သှားကွညျ့ရငျ သမီး
ဖနျခှကျထဲကရေ ဖိတျသှားမှာပေါ့ကိုယျ့ဟာကိုယျ အာရုံစိုကျထားရတာ သူတို့ကို မကွညျ့အားပါဘူး…ဖဖေလေိုခငျြတာ အဲဒါပဲ သမီး
သမီး ဘုရားကြောငျးကို သှားတယျဆိုရငျ လုပျသငျ့တာက ကိုယျ့အလုပျကို ကိုယျ အာရုံစိုကျပွီး ဘုရားကို အာရုံပွုနဖေို့ပဲ
ကနျြတာတှကေ ကိုယျ့ကိစ်စ မဟုတျဘူး ကိုယျ့သမာဓိ မပကျြဖို့ပဲ အရေးကွီးတယျ မဟုတျလား သမီး
ဘယျသူ တရားပကျြပကျြ ကိုယျ မပကျြဖို့ လိုတယျ သမီး ဒါဆိုရငျ သမီး ဘဝ တဈလြှောကျမှာ ဘယျလို
အဖွဈအပကျြနဲ့ပဲ ကွုံရကွုံရကိုယျ့ရဲ့ အတှငျးစိတျထဲမှာသာ အာရုံ အပွညျ့အဝ စူးစိုကျထားမယျဆိုရငျ ပွငျပ ဘယျအရာကမှ သမီး
ကို စိတျအနှောငျ့အယှကျဖွဈအောငျလုပျနိုငျတော့မှာ မဟုတျဘူး သမီး “ကြေးဇူးပါ ဖဖေေ ဖဖေပေေးတဲ့ သငျခနျးစာက သမီး
အတှကျ တကယျကို ကောငျးလှနျးပါတယျဖဖေေ”
Credit:Apannpyay",4.0,3.0,1.0,4.0,5.0,"The text is a well-structured moral parable suitable for primary education. It uses a simple analogy to teach focus and mindfulness. It is written in natural, authentic Burmese, reflecting local cultural values and family dynamics. It is clean, coherent, and free of significant noise, though it lacks complex academic reasoning."
<urn:uuid:30e35b38-7a13-4bb9-af8e-b4906d2cfff1>,"အမေရိကန်သမ္မတ ဒေါ်နယ်ထရမ့်နဲ့ မြောက်ကိုရီးယားသမ္မတ ကင်ဂျုံအွန်းတို့ဟာ စင်ကာပူနိုင်ငံ ဆန်တိုတာကျွန်းက Capella Hotel မှာ ဇွန်လ ၁၂ရက်နေ့က တွေ့ဆုံဆွေးနွေးခဲ့ ကြပါတယ်။ ဆွေးနွေးပွဲအပြီးမှာ သဘောတူစာချုပ်တစ်ရပ်ကို လက်မှတ်ရေးထိုးခဲ့ကြပါတယ်။ ဒီတွေ့ဆုံပွဲဟာ အမေရိကန်နဲ့ မြောက်ကိုရီးယားနိုင်ငံအကြား ကာလရှည်ကြာ တင်းမာမှုတွေကို လျှော့ချပြီး ပိုမိုကောင်းမွန်တဲ့ အခြေအနေကို ဖန်တီးနိုင်လိမ့်မယ်လို့ မျှော်လင့်ရပါတယ်။ ဒီအကြောင်းအရာနဲ့ ပတ်သက်ပြီး နိုင်ငံတကာသုတေသီ ဦးကိုကိုလှိုင်နဲ့ ဗဟိုစာရင်းအင်းအဖွဲ့ရဲ့ ညွှန်ကြားရေးမှူးချုပ် ဒေါက်တာဝါဝါမောင်တို့ရဲ့ သုံးသပ်ချက်အမြင်တွေကို စုစည်းဖော်ပြလိုက်ပါတယ်။
ဦးကိုကိုလှိုင်
ဒီထိပ်သီးတွေ့ဆုံပွဲဟာ တစ်ချိန် က တစ်ဖက်ကိုတစ်ဖက် မီးလောင် တိုက်သွင်းပစ်မယ်လို့ ကြိမ်းဝါးခဲ့ကြ တဲ့ ရန်ဘက်ခေါင်းဆောင်နှစ်ယောက် လည်ပင်းဖက်ပြီး ရယ်မောနေနိုင်ခဲ့တဲ့ အဆင့်ကို ပြသနိုင်ခဲ့လို့ ထူးခြားပါ တယ်။ ဒီလိုလည်ပင်းဖက်နိုင်တာက လည်း နှစ်ယောက်စလုံးမှာ ဘုံအကျိုး စီးပွားရှိနေသလို၊ နိုင်ဖဲကိုယ်စီ ရှိနေ ကြလို့ပါ။ ဒီတွေ့ဆုံပွဲကြောင့် အ နောက်နိုင်ငံမီဒီယာတွေမှာ လူဆိုး ဗီလိန်၊ ဦးနှောက်မမှန်သူတွေအဖြစ် ပုံဖော်နှိပ်ကွပ်ခံခဲ့ရတဲ့ သူတို့နှစ် ယောက်စလုံး လူလိမ္မာသူရဲကောင်း ကြီးဘဝ ချက်ချင်းပြောင်းလဲသွားခဲ့ တာ ဘုံအကျိုးစီးပွားပါ။ နိုင်ဖဲဆိုတာ ကတော့ မြောက်ကိုရီးယားမှာ အဏု မြူလက်နက်ပိုင်ဆိုင်ထားပြီမို့ စမ်း သပ်တဲ့ ကွင်းကို ဖျက်ပြလို့လည်း ဘာမှဆုံးရှုံးစရာမရှိဘူး။ သုံးပုံဖဲ စကားနဲ့ပြောရင် ဖူလုံသွားပြီလေ။ အမေရိကန်ကလည်း မြောက်ကိုရီး ယားကို ဗန်းပြပြီး တရုတ်ကိုထိန်းချုပ် ဖို့ ဒုံးခွင်းဒုံးတပ်ဖွဲ့တွေ တောင်ကိုရီး ယားမှာ ချထားပြီးပြီလေ။ မြောက် ကိုရီးယား အန္တရာယ် လျော့သွားရင် အမေရိကန်ရေတပ်ကို ပစိဖိတ် အနောက်ပိုင်းမှာလျှော့ပြီး အိန္ဒိယ သမုဒ္ဒရာဘက် တိုးချဲ့လှုပ်ရှားဖို့ ပြင် ဆင်ထားပြီးပြီမို့ သူ့အတွက် အကွက် ကောင်းပါပဲ။
တကယ်တော့ ဒီရွှေ့ကွက်က အခုမှ အဖွင့်ကစားကွက်ပဲရှိသေး တယ်။ နောက်ပိုင်းမှာ ဒီထက်ပိုရှုပ် ထွေးတဲ့ ကစားကွက်တွေ လာပါလိမ့် ဦးမယ်။ တစ်ကွက်တည်းနဲ့ ပွဲပြီးပြီလို့ ပြောဖို့စောပါသေးတယ်။ ကင်ဂျုံအန် ရဲ့ နောက်ကွယ်မှာ တရုတ်သမ္မတ ရှီကျင်းဖျင် ရှိနေတယ်ဆိုတာလည်း သိထားဖို့ လိုပါလိမ့်မယ်။ ကင်ဟာ ထရမ့်နဲ့မတွေ့ခင် ရှီနဲ့နှစ်ကြိမ်တိုင် တိုင် တွေ့ထားခဲ့တာဖြစ်ပါတယ်။
ဒေါက်တာဝါဝါမောင်
ဘာတွေဆွေးနွေးတာမှန်း သေ ချာမသိပေမယ့် အပြုံးတွေShake hands တွေ မြင်ရတယ်။ ထိုအပြုံး တို့ရဲ့ နောက်ကွယ်မှာလည်း Hidden Agenda တွေရှိနိုင်ပါတယ်။ မည်သို့ ဆိုစေ International Community မှာတော့ တကယ့်မှတ်ကျောက် Milestone တစ်ခုပါ။ ယုံကြည်မှု (Trust) တည်ဆောက်ကြည့်တာ ဖြစ်မှာပေါ့။ Dialogue လုပ်ကြည့်တာ ဖြစ်မှာပေါ့။
Trump က Kim ကို ကလေး တစ်ယောက်ရဲ့ ကျောကို သပ်လိုက် ရင်းရင်းနှီးနှီးပြောလိုက်၊ ဒီချာတိတ်ကို ဘယ်လိုလုပ်ရမလဲပေါ့၊ ဘယ်လိုကိုင်တွယ်ရမလဲ။ အတော်မလွယ်တဲ့ ကောင်လေးလို့တော့ စိတ်ထဲမှာ ယုံကြည်ထားပုံပဲ။ Kim က တော်တော် အလေးအနက်ထားနားထောင်ပုံပဲ။ Kim ကို ခေါင်းမာပြီး ရက်စက်တတ်တယ်လို့ ဆိုကြပေမယ့် သူ turnaround strategy ကို သုံးနေ ပြီ။ သူ့ကိုယ်သူ ယုံကြည်ပုံရတယ်။ သူ့လူတွေ သူပိုင်နိုင်ပုံရပါတယ်။ ၃ဝ ကျော် လူငယ်တစ်ယောက်အနေနဲ့ International မှာ သူနဲ့သူ့နိုင်ငံရဲ့မကောင်းသော ကျော်စောမှု Natorious နဲ့ အာဏာကို လုရယူမှု Dictatorship ကို Strategically Turnaroundလုပ်ပြီး Opportunity အနေနဲ့ ပြန်လည်ဖန်တီးပြီး အကောင်း ဆုံး အသုံးချသွားတာ၊ ဒီအဆင့်ထိ ရောက်အောင်လုပ်လာနိုင်တဲ့ Kim ရဲ့ အရည်အချင်းက ခေသူမဟုတ်ပါ။
Singapore ကိုလည်း ချီး ကျူးတယ်။ Trump နဲ့ Kim တွေ့ ဆုံမှုကို အိမ်ရှင်အဖြစ်လက်ခံပေးခဲ့ တာရယ်၊ လုံခြုံရေး တင်းကျပ်မှု တာဝန်က ကြီးသလို Singapore ကို တွေ့ဆုံမှုရဲ့ ကြားနေ Location အဖြစ် Kim နဲ့ Trump ကရွေးချယ် တာဟာလည်း Singapore ရဲ့ ကြားနေ Liberalism နဲ့ သူတို့ရဲ့ ဆွေးနွေး တဲ့ အကြောင်းအရာတွေပေါ်မှာ နိုင်ငံရေး အမြတ်ထုတ်မယ့် နိုင်ငံမဟုတ်လို့လို့ ယူဆလို့လား စဉ်းစားစရာပါ။ နိုင်ငံရေးအမြတ်ထုတ်သည် ဖြစ်စေ၊ မထုတ်သည်ဖြစ်စေ စင်ကာပူက နိုင်ငံရေး အမြတ်ရပါတယ်။ Peace process မှာ ပါဝင်ခွင့်ရတယ်။ ဒီနှစ် ကစင်ကာပူအတွက် ASEAN Chairmanship ဆောင်ရွက်နေတဲ့ အချိန်မှာ Regional Peace ကို ပါဝင် ဆောင်ရွက်နိုင်တဲ့အတွက်ထူးခြားသော Milestone တစ်ခုလို့ မြင်ပါတယ်။",3.0,3.0,3.0,4.0,4.0,"The text provides a coherent analysis of the 2018 Singapore Summit from two expert perspectives. It is educational for understanding international relations, uses logical reasoning to explain geopolitical motives, and is written in natural, professional Burmese. It is clean, though it contains some English loanwords common in Burmese political discourse."
<urn:uuid:3a55ad35-57db-4a7a-937b-b1f12dc0f839>,"မြောက်ကိုရီးယားနိုင်ငံမှာ အငတ်ဘေးနဲ့ ကြုံနေရသူတွေအတွက် အကူအညီတွေ
ရောက်လာပါပြီ။ အမေရိကန်နိုင်ငံက ထောင်သောင်းချီ တန်ချိန်ရှိတဲ့ စားနပ်ရိက္ခာတွေ
သယ်ဆောင်လာတဲ့ သင်္ဘောဟာ မြောက်ကိုရီးယားဆိပ်ကမ်းကို ဆိုက်ရောက်သွားပြီ
ဖြစ်ပါတယ်။ မြောက်ကိုရီးယားနဲ့ WFP ကမ္ဘာ့စားနပ်ရိက္ခာအဖွဲ့တို့ကြား သဘောတူညီမှု
ရရှိအပြီး အခုလို စားနပ်ရိက္ခာတွေ ရောက်ရှိသွားတာလည်း ဖြစ်ပါတယ်။ ဒီအကြောင်း
ဆိုးလ်မြို့ကနေ ဗွီအိုအေသတင်းထောက် ကာ့တ် အာရှင်း (Kurt Achin) သတင်းပေးပို့
ထားတာကို ကိုဇော်ဝင်းလှိုင်က တင်ပြပေးထားပါတယ်။
ဂျုံတန်ချိန် ၃၇,၀၀၀ တင်ဆောင်လာတဲ့ အမေရိကန်သင်္ဘောဟာ မြောက်ကိုရီးယားက
နမ်ပိုး (Nampo) ဆိပ်ကမ်းကို ပြီးခဲ့တဲ့ တနင်္ဂနွေနေ့က ဆိုက်ရောက်သွားပါပြီ။ ဆင်းရဲ
နွမ်းပါးနေတဲ့ မြောက်ကိုရီးယားနိုင်ငံကို စားနပ်ရိက္ခာ တန်ချိန် ၅၀၀,၀၀၀ လောက်
အမေရိကန်က ပို့ပေးဖို့ စီစဉ်ထားတဲ့အထဲက ပထမဆုံးအသုတ် ရောက်ရှိသွားတာ
လည်း ဖြစ်ပါတယ်။
လွန်ခဲ့တဲ့ ၂ ရက်လောက်တုန်းကပဲ ကုလသမဂ္ဂ စားနပ်ရိက္ခာ အစီအစဉ်အနေနဲ့ မြောက်
ကိုရီးယားနိုင်ငံမှာ ကူညီရေးလုပ်ငန်းတွေ တိုးမြှင့်လုပ်ဆောင်ဖို့ သဘောတူစာချုပ်
ချုပ်ဆိုလိုက်ပါတယ်။ ဒီလို သဘောတူစာချုပ် ချုပ်ဆိုလိုက်နိုင်တာ အငတ်ဘေးကြုံနေ
ကြရတဲ့ မြောက်ကိုရီးယားပြည်သူတွေအတွက် သတင်းကောင်းတခုပဲလို့ WFP ရဲ့ အာရှ
တိုက်လုပ်ငန်းစဉ်တွေအတွက် ပြောရေးဆိုခွင့်ရှိသူ ပေါလ် ရစ္စလေ (Paul Risley) က
ပြောပါတယ်။
“အခုလို တိုးမြှင့်လုပ်ဆောင်နိုင်တဲ့အတွက် ၀န်ထမ်းတွေ ပိုခန့်နိုင်မယ်၊ နောက် အခု
လောလောဆယ် ကျနော်တို့ ကျွေးမွေးထောက်ပံ့နေတဲ့ လူ ၁ သန်းစာထက်ပိုပြီး
လူပေါင်း ၅ သန်းလောက်အထိ အစားအစာတွေ ထောက်ပံ့ကျွေးမွေးနိုင်လိမ့်မယ်လို့
ကျနော်တို့ ခန့်မှန်းထားပါတယ်။”
ဆယ်စုနှစ်ပေါင်းများစွာ မြောက်ကိုရီးယားအစိုးရရဲ့ စီမံခန့်ခွဲမှု ညံ့ဖျင်းမှုတွေအပြင် ပြင်ပ
ကမ္ဘာနဲ့ အဆက်အသွယ် ဖြတ်တောက်ထားခဲ့တာတွေကြောင့် တိုင်းပြည်အတွင်းမှာ
စားနပ်ရိက္ခာ ရှားပါးမှုတွေနဲ့ ရင်ဆိုင်နေရတာပါ။ ၁၉၉၀ ခုနှစ်တွေမှာတော့ အခြေအနေ
တွေ ပိုဆိုးလာပါတယ်။ လူပေါင်း ၁ သန်းလောက် အငတ်ဘေးကြောင့် သေဆုံးခဲ့ကြရပါ
တယ်။ အစားအစာနဲ့ လောင်စာဆီအတွက် သစ်တောတွေ ဖြတ်တောက်ပစ်ခဲ့ကြရာက
သစ်တောတွေပြုန်းတီးပြီး ပြီးခဲ့တဲ့နှစ်က မိုးများ၊ ရေကြီးတဲ့အဖြစ်နဲ့ ကြုံခဲ့ကြတာကြောင့်
ဒီနှစ် စိုက်ပျိုးရေးကို လာထိခိုက်ပြန်ပါတယ်။
သောကြာနေ့က ရရှိခဲ့တဲ့ သဘောတူညီချက်ကြောင့် လောလောဆယ် မြောက်ကိုရီး
ယားနိုင်ငံမှာ WFP ၀န်ထမ်း ၁၀ ယောက်ရှိရာက ရှေ့တနှစ်အတွင်း ၀န်ထမ်း ၅၀ အထိ
တိုးမြှင့်ခန့်ထားနိုင်တော့မှာ ဖြစ်ပါတယ်။ ဒါ့အပြင် နဂိုက သွားရောက်ခွင့်မရခဲ့တဲ့ နေရာ
တွေကိုလည်း WFP ၀န်ထမ်းတွေ သွားရောက်ခွင့်ရကြမှာ ဖြစ်ပါတယ်။
စားနပ်ရိက္ခာအကူအညီ အရေးတကြီးလိုအပ်နေတဲ့ အချိန်အခါ ဖြစ်နေတာကြောင့်
အရင်က ပြင်ပကမ္ဘာနဲ့ အဆက်အသွယ် ဖြတ်တောက်ထားခဲ့တဲ့ မြောက်ကိုရီးယားအစိုးရ
ရဲ့ သဘောထားကို ပျော့ပြောင်းသွားစေတာဖြစ်လိမ့်မယ်လို့ မစ္စတာ ရစ္စလေက ပြောပါ
တယ်။
“မြောက်ကိုရီးယားအစိုးရအတွင်းမှာ နိုင်ငံတကာက ၀င်ရောက်လုပ်ကိုင်မှုတွေကို
လမ်းကြောင်းပိုဖွင့်ပေးဖို့ သဘောပိုပေါက်လာကြပုံ ရပါတယ်။ အထူးသဖြင့် အစားအစာ
ထောက်ပံ့ရေးနဲ့ ပတ်သက်လို့ပေါ့။”
တနင်္ဂနွေနေ့က အမေရိကန် စားနပ်ရိက္ခာသင်္ဘော မြောက်ကိုရီးယားကို ရောက်သွားတဲ့
ကိစ္စကလည်း WFP နဲ့ရရှိခဲ့တဲ့ သဘောတူညီချက်ထဲမှာ ပါဝင်ထားပြီးသားဖြစ်တယ်လို့
သူက ဆက်ပြောပါတယ်။
“WFP နဲ့ မြောက်ကိုရီးယား အစိုးရကြား သဘောတူညီမှု မရမချင်း အမေရိကန်က ဒီ
စားနပ်ရိက္ခာ အကူအညီတွေပေးဖို့ ၀န်လေးနေခဲ့ပါတယ်။”
စားနပ်ရိက္ခာ အမှန်တကယ်လိုအပ်နေသူကို ထောက်ပံ့နိုင်အောင် ဒီရိက္ခာတွေ ဖြန့်ဖြူး
တာကို WFP အဖွဲ့ကိုယ်တိုင် အနီးစောင့်ကြည့်ခွင့်ရှိမှ WFP က စားနပ်ရိက္ခာတွေကို
ဖြန့်ဖြူးတယ်ဆိုတဲ့ မူဝါဒရှိပါတယ်။ အနီးကပ် စောင့်ကြပ် ကြည့်ရှုခြင်းမရှိဘဲ ပေးပို့ခဲ့တဲ့
အရင်က အကူအညီတွေဟာ မြောက်ကိုရီးယားစစ်တပ်နဲ့ တခြား နိုင်ငံရေး အထက်
တန်းလွှာတွေ လက်ထဲကိုပဲ ရောက်သွားတယ်လို့ အမေရိကန်ဘက်က စိုးရိမ်ပူပန်မှုတွေ
ဖြစ်ပေါ်နေပါတယ်။
တောင်ကိုရီးယားကတော့ လောလောဆယ် မြောက်ကိုရီးယားဘက်ကို စားနပ်ရိက္ခာ
အကူအညီတွေ ပေးပို့ခြင်း မရှိသေးပါဘူး။ ဒါပေမယ့် မြောက်ကိုရီးယားရဲ့ နျူကလီးယား
လက်နက် အစီအစဉ်ကိစ္စ တိုးတက်မှုရှိလာတာနဲ့အမျှ အဲဒီအခြေအနေဟာ မကြာခင်မှာ
ပြောင်းလဲလာနိုင်ပါတယ်။ အစားအစာတွေ ပေးပို့ခြင်းမရှိပေမယ့် တောင်ကိုရီးယားက
မြောက်ကိုရီးယားကို ဒီ စားနပ်ရိက္ခာအခက်အခဲနဲ့ ပတ်သက်ပြီး အကူအညီတွေ
ဆက်ပေးနေပါတယ်။ မြောက်ကိုရီးယားမှာရှိတဲ့ WFP ရဲ့ လုပ်ငန်းစဉ်အများစုအတွက်
တောင်ကိုရီးယားက ငွေကြေးအရ ထောက်ပံ့ပေးနေတာဖြစ်တယ်လို့ WFP ကမ္ဘာ့
စားနပ်ရိက္ခာအဖွဲ့က ပြောပါတယ်။",4.0,3.0,2.0,5.0,4.0,"The text is a well-structured, informative news report about humanitarian aid in North Korea. It provides clear context, historical background, and logical connections between political agreements and aid distribution. It is written in natural, professional Burmese, suitable for educational reading, though it functions as a journalistic piece rather than a textbook."
<urn:uuid:8d92c43a-289d-484a-9e40-e491156c0235>,"ရေခဲ
သန့်စင်သည့် ရေစစ်စစ်သည် သာမန်ဖိအားသာရှိလျှင် အပူချိန်စင်တီဂရိတ် သုညဒီဂရီ၊ သို့မဟုတ် ဖာရင်ဟိုက် ၃၂ ဒီဂရီသို့ ရောက်သောအခါတွင် ရေခဲအဖြစ်သို့ ပြောင်းသွား သည်။ ဆားပါသည့်ရေ ဖြစ်လျှင် ထိုအပူချိန်၌ မခဲသေးဘဲ စင်တီဂရိတ်နှစ်ဒီဂရီမျှ အောက်သို့လျော့ကျသွားမှ ခဲသည်။ အကယ်၍ ရေကို ခွက်တစ်ခုထဲ၌ ထည့်၍ အပေါ်မှ ဆီလောင်း ထားသောခွက်ကို ငြိမ်သက်စွာထားလျှင် ဖာရင်ဟိုက် ၁ဝ ဒီဂရီ သို့ရောက်သွားသည့်တိုင်အောင် ရေမခဲဘဲနေသည်ကို တွေ့ရ၏။ သို့သော် ခွက်ကို အနည်းငယ် လှုပ်ပေးလိုက်ရုံနှင့် ရေခဲသွား သည်ကို တွေ့ရမည်။ ရေခဲခြင်းမှာ ရေသည် အရည်အဖြစ်မှ ပုံဆောင်ခဲများအဖြစ်သို့ ပြောင်းလဲ၍ ထိုပုံဆောင်ခဲကလေးများ သိပ်သည်းစွာ စုစည်းပေါင်းစပ်ကြခြင်းပင် ဖြစ်သည်။ ရေခဲ၏ ပုံဆောင်ခဲများသည် အပ်ချောင်းပုံသဏ္ဌာန်ရှိပြီးလျှင် ခြောက် မြောင့် ရှိကြသည်။
အခြားအရာဝတ္ထုတို့နှင့် မတူသော ရေခဲ၏ ထူးခြားကွဲပြား သည့် အချက်မှာ အခြားအရည်တို့ထက် ခဲသွားသည့်အခါ၌ သိပ်သည်းသွားကြသော်လည်း ရေမှာမူ ခဲသွားသည့်အခါမှ ကြွထလာသောအချက် ဖြစ်သည်။ ရေ၏အသိပ်သည်းဆုံး အပူ ချိန်မှာ စင်တီဂရိတ် လေးဒီဂရီ ဖြစ်သည်။ ရေသည် ခဲသွား သည့်အခါ၌ ရေ၏အရွယ်ထုထက် ၁၁ ပုံ တစ်ပုံမျှ ကြွထလာ ၍ ရေထက်ပေါ့သွားသဖြင့် ရေပေါ်၌ ပေါလောပေါ်နေသည်။ ရေခဲကို သဘာဝအလျောက်သာ ရရှိနိုင်သည်မဟုတ်၊ စက်ကိရိယာတို့ဖြင့်လည်း လုပ်ယူနိုင်လေသည်။
ရေကို စက်ကိရိယာတို့ဖြင့် ခဲစေရာတွင် ရေသန့်သန့်ကို ထောင့်မှန်စတုဂံ သတ္တုခွက်များတွင် ထည့်ပေးရသည်။ သတ္တု ခွက်များ၏အရွယ်မှာ အဝမျိုးမျိုး ဖြစ်နိုင်သည်။ ထိုခွက်များတွင် အဖုံးများ မပါရှိစေရပေ။ပြီးလျှင် ထိုသတ္တုခွက်များကို ဆားရည် တွင် ချပေးရသည်။ ထိုနောက် ဆားရည်အတွင်းသို့ အမ်မိုနီယာ ရည်များကို ပိုက်များဖြင့် သွင်းပေးရသည်။ အမ်မိုနီယာရည် သည် လွန်စွာအေးသဖြင့် ဆားရည်မှ အပူများကို စုပ်ယူပြီး လျှင် အမ်မိုနီယာရည်ကို ဆူစေကာ အမ်မိုနီယာကို ဓာတ်ငွေ့ အဖြစ်နှင့် ပျံသွားစေသည်။ ဆားရည်၏အပူချိန်သည် ဖာရင် ဟိုက် ခြောက်ဒီဂရီနှင့် ၁၈ ဒီဂရီအတွင်း၌ ရှိသည်။ သတ္တု ခွက်များတွင် ထည့်ထားသော ရေများသည် ဘေးဘက်မှစ၍ ခဲကြသည်။ ထိုကြောင့် ရေခဲအဖြစ်နှင့် ကြွတက်သောအခါတွင် အပေါ်ဘက်သို့သာ ကြွတက်လေသည်။ သတ္တုခွက်များအတွင်းရှိ ရေများ ခဲသွားပြီးသောအခါ ထိုခွက်များကို စက်ဖြင့် မယူပြီး လျှင် ရေနွေးတွင် ချပေးသည်။ ထိုအခါ ရေခဲတုံးများသည် သတ္တုခွက်များအတွင်းမှ ကျွတ်ထွက်လာနိုင်ကြလေသည်။
ကိုးကား
- မြန်မာ့စွယ်စုံကျမ်း၊ အတွဲ(၁၁)",4.0,3.0,2.0,5.0,4.0,"The text provides clear, accurate scientific explanations about the properties of ice and industrial ice-making processes. It is written in natural, formal Burmese, suitable for educational purposes. The reasoning is logical, explaining physical phenomena like density changes and freezing points, and the text is well-structured and free of noise."
<urn:uuid:4dd63b08-598d-4be8-b9de-d37d8900f7d8>,"မြန်မာနိုင်ငံအတွင်းမီဒီယာလွတ်လပ်ခွင့်နှင့်ပတ်သက်သော မီဒီယာလွတ်လပ်ခွင့်ဆိုင်ရာညွန့်ပေါင်းအဖွဲ့ကြေညာချက်
သံတမန်ကြေညာချက်၊ ဧပြီ ၁၉၊ ၂၀၂၁
မီဒီယာလွတ်လပ်ခွင့်ကို နှိပ်ကွပ်ရန် မြန်မာစစ်တပ်နှင့်ရဲတပ်ဖွဲ့တို့၏ ဆက်လက်ကြိုးပမ်းအားထုတ်နေမှုနှင့်ပတ်သက်၍ လွန်စွာစိုးရိမ်မကင်းဖြစ်သည့်အကြောင်း အောက်တွင်လက်မှတ်ရေးထိုးထားသော မီဒီယာလွတ်လပ်မှုဆိုင်ရာညွန့်ပေါင်းအဖွဲ့ဝင်များကဖော်ပြအပ်ပါသည်။
မီဒီယာလွပ်လပ်ခွင့်သည် ဒီမိုကရက်တစ်လူ့ဘောင်အဖွဲ့အစည်းတို့၏ အခြေခံအုတ်မြစ်တစ်ခုဖြစ်ပါသည်။ လူ့အခွင့်အရေးနှင့်အခြေခံလွတ်လပ်မှုများကိုအကာအကာအကွယ်ပေးရန်အတွက်လည်း မရှိမဖြစ်အရေးပါလှသည်။ သတင်းအချက်အလက်ရယူပိုင်ခွင့်မှာ အဓိကအရေးပါသည်။ ဆန္ဒပြမှုများအပါအဝင် နိုင်ငံအတွင်းဖြစ်ပျက်နေမှုများနှင့်ပတ်သက်၍ သတင်းသမားများအနေဖြင့် ကြောက်ရွံ့ခြင်းမရှိ၊ လက်တုန့်ပြန်ခံရခြင်းမရှိ၊ ခြိမ်းခြောက်ခံရခြင်းမရှိဘဲ လွတ်လွတ်လပ်လပ် ထုတ်ဖော်ရေးသားတင်ပြနိုင်ရမည်ဖြစ်ပါသည်။ အင်တာနက်ချိတ်ဆက်ထားခြင်းဖြင့်ဖြစ်စေ၊ မချိတ်ဆက်ထားဘဲဖြစ်စေ မြန်မာနိုင်ငံအတွင်း ပုံဖျက်သတင်း၊ သတင်းမှားများအား ပြန်လည်တန်ပြန်ရေးလှုပ်ရှားမှုကို အထောက်အကူပြုရန်နှင့် နိုင်ငံအတွင်းအကြောင်းအရာကိစ္စရပ်များနှင့်ပတ်သက်၍ အဖြစ်မှန်အတိုင်း ပြည်သူလူထုကို တင်ပြပေးနိုင်ရန်အတွက် လက်ရှိဖြစ်ပျက်နေမှုများအပေါ် လွတ်လပ်၍ အမှီအခိုကင်းသော ရေးသားတင်ပြမှုသည် အရေးတကာ့အရေးကြီးဆုံးဖြစ်ပါသည်။ သတင်းသမားတို့၏အရေးပါသောအလုပ်၊ အထူးသဖြင့် ဝေးလံသောဒေသများအတွင်းလုပ်ဆောင်ရသည့်အလုပ်တို့ကို အထင်မကြီးဘဲနေ၍မရပါ။
၂၀၂၁၊ ဖေဖော်ဝါရီ ၁ ရက် စစ်အာဏာသိမ်းပြီးချိန်ကစ၍ မီဒီယာအလုပ်ဖြင့်အသက်မွေးကြသူများအပေါ် လုံခြုံရေးတပ်ဖွဲ့များနှင့်၎င်းတို့၏ရုံးများက ဖိနှိပ်တိုက်ခိုက်မှုများမှာ သိသိသာသာများပြားလာခဲ့ပါသည်။ သတင်းသမားအယောက် ၆၀ ထက်မနည်း ဖမ်းဆီးထိန်းသိမ်းခံထားရကြောင်းသိရပြီး ၎င်းတို့အနက်အချို့မှာ တရားစွဲဆိုမှုများကိုရင်ဆိုင်နေရပါသည်။ စစ်တပ်သည် သတင်းဌာန ငါးခု၏ လိုင်စင်ကိုဖျက်သိမ်းခဲ့ပြီး ပြည်တွင်းနှင့်နိုင်ငံတကာသတင်းကြည့်ရှုနိုင်သည့် ကွန်ရက်များကိုရပ်ဆိုင်းခဲ့ကာ လွတ်လပ်စွာ ထုတ်ဖော်ပြောဆိုခွင့်နှင့် ယုံကြည်စိတ်ချရပြီး အတည်ပြုထားသောသတင်းများဖြန့်ဝေမှုတို့ကို ဖိနှိပ်သည့် သတင်းစာနှိပ်ကွပ်ရေး စည်းမျဉ်စည်းကမ်းများကို ထုတ်ပြန်ချမှတ်ခဲ့ပါသည်။ သတင်းလိုက်ခြင်း၊ ပြောဆိုဆက်သွယ်ခြင်းနှင့် သတင်းအချက်အလက်ရယူခြင်းတို့ကို ကန့်သတ်ရန်အတွက် အင်တာနက်လိုင်းများ ဖြတ်တောက်ခြင်းကိုလည်း ပြုလုပ်နေကြသည်။
စစ်အာဏာသိမ်းမှုနှင့် ဆက်လက်ကျူးလွန်နေသောအကြမ်းဖက်မှုတို့ကို မိမိတို့အပြင်းအထန်ကန့်ကွက်ရှုတ်ချပါသည်။ မြန်မာနိုင်ငံ၏ ဒီမိုကရေစီနည်းကျ ရွေးကောက်တင်မြှောက်ထားသောအစိုးရပြန်လည်အသက်ဝင်ရေးနှင့် ၂၀၂၁ နိုဝင်ဘာလအတွင်းက ရွေးချယ်တင်မြှောက်ထားသော လွတ်တော်များ ပြန်လည်ခေါ်ယူရေးအတွက် မိမိတို့တောင်းဆိုပါသည်။
သတင်းထောက်များနှင့်မီဒီယာအလုပ်လုပ်ကြသူများအပေါ် တိုက်ခိုက်နေမှုများ၊ ခြိမ်းခြောက်နေမှုများ၊ နှောင့်ယှက်နေမှုများ ချက်ချင်းနှင့်ခြွင်းချက်မရှိရပ်တန့်ရန်၊ မတရားဖမ်းဆီးထိန်းသိမ်းထားသူအားလုံးကို ပြန်လွှတ်ပေးရန် စစ်တပ်ကို မိမိတို့တောင်းဆိုပါသည်။
သတင်းထောက်များနှင့် မီဒီယာအလုပ်လုပ်ကြသူများအပေါ် တိုက်ခိုက်ခြင်းအပါအဝင် မတရားဖိနှိပ်ညှဉ်းပမ်းမှုတို့ကို ကျူးလွန်သူများအား အရေးယူခံရစေရေး မိမိတို့တောင်းဆိုပါသည်။
စစ်တပ်အနေဖြင့် ငြိမ်းချမ်းစွာစုဝေးခွင့်နှင့် လွတ်လပ်စွာထုတ်ပြောပြောဆိုခွင့်ကို လေးစားလိုက်နာရန်၊ အင်အားများအသုံးပြုခြင်းကိုရှောင်ကြဉ်ရန်၊ ဆန္ဒပြမှုသတင်းများကို လွတ်လပ်စွာ၊ ဘေးကင်းလုံခြုံစွာနှင့် အကြမ်းဖက်ခြင်းနှင့် မတရာဖမ်းဆီးခံရခြင်းတို့မရှိဘဲ ရေးသားတင်ပြနိုင်သည့် မီဒီယာလွတ်လပ်ခွင့်ကို လေးစားလိုက်နာရန် မိမိတို့တောင်းဆိုပါသည်။
သတင်းအချက်အလက်များ လွတ်လပ်စွာ ရှာဖွေရန်၊ လက်ခံရရှိရန်နှင့် ဖြန့်ဝေရန်အပါအဝင် မီဒီယာလွတ်လပ်ခွင့်ကိုဖိနှိပ်၍ လွတ်လပ်စွာထုတ်ဖော်ပြောဆိုခွင့်ကိုချိုးဖောက်သည့် မြန်မာနိုင်ငံအတွင်း အင်တာနက်ကန့်သတ်ပိတ်ပင်ထားမှုများကို အဆုံးသတ်ရန် မိမိတို့တောင်းဆိုပါသည်။
ဩစတြေးလျ၊ ဩစတီးယား၊ ဘူလ်ကေးရီးယား၊ ကနေဒါ၊ ကော့စတာရီကာ၊ ဆိုက်ပရပ်စ်၊ ချက်သမ္မတနိုင်ငံ၊ ဒိန်းမတ်၊ ဖင်လန်၊ ဂျာမဏီ၊ ဂရိစ်၊ ဟွန်းဒူးရာ့စ်၊ အိုက်စ်လန်၊ အီတလီ၊ ဂျပန်၊ လက်ဗီးယား၊ လစ်သူနီးယား၊ လူဇင်ဘတ်၊ နယ်သာလန်၊ နယူးဇီလန်၊ မြောက်မက္ဆီဒီုးနီးယား၊ ဆလိုဗားကီးယား၊ ဆလိုဗေးနီးယား၊ တောင်ကိုရီးယား၊ ဆွစ်ဇာလန်၊ ယူကရိန်း၊ ယူနိုက်တက်ကင်းတမ်း၊ အမေရိကန်ပြည်ထောင်စု တို့ကလက်မှတ်ရေးထိုးသည်။",3.0,3.0,3.0,5.0,4.0,"The document is a formal diplomatic statement regarding media freedom in Myanmar. It provides clear, coherent arguments and factual context suitable for educational purposes. The language is natural and professional, reflecting the specific political and social context of the 2021 crisis in Myanmar, though it is a translation of an international statement."
<urn:uuid:5113cd84-adb7-425f-a005-9edac8cb2100>,"မျောက်ကျောက်ရောဂါ ကူးစက်မှု နိုင်ငံ ၂ဝ ကျော်မှာ တွေ့ရှိ
{{Zawgyi/Unicode}}
နိုင်ငံပေါင်း ၂၀ ကျော်မှာ မျောက်ကျောက်ရောဂါကူးစက်ခံရသူ ၂၀၀ လောက်ရှိသွားပြီ ဖြစ်ကြောင်းနဲ့ ဒီရောဂါဟာ ထိန်းချုပ်လိုရနိုင်ပြီး ကမ္ဘာပေါ်မှာ ရနိုင်သမျှသော ကာကွယ်ဆေး နဲ့ ဆေးဝါးတွေကို စုဆောင်းသိုမှီးထားဖို့နဲ့ အညီအမျှခွဲဝေသုံးစွဲကြဖို့ ကုလသမဂ္ဂ ကမ္ဘာ့ကျန်းမာရေးအဖွဲ့ကြီးဖြစ်တဲ့ WHO က သောကြာနေ့က ပြောဆိုလိုက်ပါတယ်။
ဒီမျောက်ကျောက်ရောဂါဟာ ဘယ်အကြောင်းကြောင့် အာဖရိကတိုက်ရဲ့ ပြင်ပကို ရောက်ရှိကူးဆက်သွားတယ်ဆိုတာ မသိရသေးကြောင်းနဲ့ ရောဂါပိုးရဲ့ ဗီဇပြောင်းလဲမှုကြောင့်ဖြစ်ရတာဆိုတဲ့ အထောက်အထားလည်းမရှိဘူးလို့ WHO ကသောကြာနေ့ ရှင်းလင်းပြောဆိုပွဲမှာပြောဆိုခဲ့ပါတယ်။
ဒါ့အပြင် အခုကူးဆက်တဲ့ ရောဂါပိုး မျိုးဗီဇဟာ၊ ဒီရောဂါဖြစ်လေ့ရှိတဲ့ နိုင်င်ငံတွေမှာ တွေ့ရှိရတဲ့ ပိုးရဲ့ဗီဇနဲ့ကွဲပြားခြားနားမှု မရှိတာကိုတွေ့ရကြောင်းနဲ့ ဖြစ်နိုင်ခြေရှိတာက တော့လူတွေရဲ့အမူအကျင့်ပြောင်းလဲမှုကြောင့် ဖြစ်နိုင်တယ်လို့ WHO ရဲ့ကူးဆက်ရောဂါဆိုင်ရာ ညွှန်ကြားရေးမှုး Dr. Sylvie Brian ကပြောဆိုပါတယ်။
ဥရောပတိုက်၊ အမေရိကန်၊ အစ္စရေး နဲ့ သြစတြေးလျှနိုင်ငံတွေ အပါအ၀င် အခြား နိုင်ငံတွေမှာ ဒီရောဂါကူးဆက်မှုဟာ မကြာသေးမီက ဖြစ်ပျက်ခဲ့တဲ့ စပိန်နဲ့ ဘယ်ဂျီယံ နိုင်ငံတွေက လိင်မှုဆိုင်ရာ ကိစ္စတွေနဲ့ ဆက်နွယ်နေနိုင်တယ်လို့ ဒီတပတ်အစောပိုင်းက WHO ကျန်းမာရေးအဖွဲ့ကြီးရဲ့ ထိပ်တန်းအကြံပေး အရာရှိတဦးက ပြောဆိုခဲ့ပါတယ်။
ဒါဟာ ဒီရောဂါဖြစ်ပွားလေ့ရှိတဲ့ အာဖရိက အနောက်ပိုင်းဒေသက ကူးဆက်တဲ့ အကြောင်းအရင်းနဲ့ ကွာခြားမှုရှိနေပါတယ်။ အာဖရိကမှာ ဒီရောဂါဟာ တိရိစ္ဆာန်တွေ အထူးသဖြင့် မျောက်အနွယ်ဝင်တွေ၊ မြေကြွက်တွေလို သတ္တ၀ါတွေကနေ တဆင့်ကူးဆက်လေ့ ရှိပါတယ်။
............................................................
မြောကျကြောကျရောဂါ ကူးစကျမှု နိုငျငံ ၂၀ ကြျောမှာ တှရှေိ့
{{Zawgyi/Unicode}}
နိုငျငံပေါငျး ၂၀ ကြျောမှာ မြောကျကြောကျရောဂါကူးစကျခံရသူ ၂၀၀ လောကျရှိသှားပွီ ဖွဈကွောငျးနဲ့ ဒီရောဂါဟာ ထိနျးခြုပျလိုရနိုငျပွီး ကမ်ဘာပျေါမှာ ရနိုငျသမြှသော ကာကှယျဆေး နဲ့ ဆေးဝါးတှကေို စုဆောငျးသိုမှီးထားဖို့နဲ့ အညီအမြှခှဲဝသေုံးစှဲကွဖို့ ကုလသမဂ်ဂ ကမ်ဘာ့ကနျြးမာရေးအဖှဲ့ကွီးဖွဈတဲ့ WHO က သောကွာနကေ့ ပွောဆိုလိုကျပါတယျ။
ဒီမြောကျကြောကျရောဂါဟာ ဘယျအကွောငျးကွောငျ့ အာဖရိကတိုကျရဲ့ ပွငျပကို ရောကျရှိကူးဆကျသှားတယျဆိုတာ မသိရသေးကွောငျးနဲ့ ရောဂါပိုးရဲ့ ဗီဇပွောငျးလဲမှုကွောငျ့ဖွဈရတာဆိုတဲ့ အထောကျအထားလညျးမရှိဘူးလို့ WHO ကသောကွာနေ့ ရှငျးလငျးပွောဆိုပှဲမှာပွောဆိုခဲ့ပါတယျ။
ဒါ့အပွငျ အခုကူးဆကျတဲ့ ရောဂါပိုး မြိုးဗီဇဟာ၊ ဒီရောဂါဖွဈလရှေိ့တဲ့ နိုငျငျငံတှမှော တှရှေိ့ရတဲ့ ပိုးရဲ့ဗီဇနဲ့ကှဲပွားခွားနားမှု မရှိတာကိုတှရေ့ကွောငျးနဲ့ ဖွဈနိုငျခွရှေိတာက တော့လူတှရေဲ့အမူအကငျြ့ပွောငျးလဲမှုကွောငျ့ ဖွဈနိုငျတယျလို့ WHO ရဲ့ကူးဆကျရောဂါဆိုငျရာ ညှနျကွားရေးမှုး Dr. Sylvie Brian ကပွောဆိုပါတယျ။
ဥရောပတိုကျ၊ အမရေိကနျ၊ အစ်စရေး နဲ့ သွစတွေးလြှနိုငျငံတှေ အပါအဝငျ အခွား နိုငျငံတှမှော ဒီရောဂါကူးဆကျမှုဟာ မကွာသေးမီက ဖွဈပကျြခဲ့တဲ့ စပိနျနဲ့ ဘယျဂြီယံ နိုငျငံတှကေ လိငျမှုဆိုငျရာ ကိစ်စတှနေဲ့ ဆကျနှယျနနေိုငျတယျလို့ ဒီတပတျအစောပိုငျးက WHO ကနျြးမာရေးအဖှဲ့ကွီးရဲ့ ထိပျတနျးအကွံပေး အရာရှိတဦးက ပွောဆိုခဲ့ပါတယျ။
ဒါဟာ ဒီရောဂါဖွဈပှားလရှေိ့တဲ့ အာဖရိက အနောကျပိုငျးဒသေက ကူးဆကျတဲ့ အကွောငျးအရငျးနဲ့ ကှာခွားမှုရှိနပေါတယျ။ အာဖရိကမှာ ဒီရောဂါဟာ တိရိစ်ဆာနျတှေ အထူးသဖွငျ့ မြောကျအနှယျဝငျတှေ၊ မွကွှေကျတှလေို သတ်တဝါတှကေနေ တဆငျ့ကူးဆကျလေ့ ရှိပါတယျ။",4.0,3.0,2.0,4.0,4.0,"The text provides clear, factual health information about monkeypox, suitable for public education. It explains the situation, WHO recommendations, and transmission theories. It is written in natural, standard Burmese. The inclusion of both Zawgyi and Unicode versions is a common practice in Burmese digital media, though it technically counts as redundant boilerplate."
<urn:uuid:6452025e-a8fb-41dd-af60-dcb80f4964bb>,"သမ္မတနှင့်ဒေါ်အောင်ဆန်းစုကြည် ဆက်ဆံရေး မပျက်နိုင်ဟု ဦးရဲထွဋ်ပြော
1K
အမျိုးသားဒီမိုကရေစီအဖွဲ့ချုပ်ရဲ့ ဥက္ကဋ္ဌက သမ္မတ၊ လွှတ်တော်၊ တပ်မတော်တို့နဲ့ တွေ့ဆုံဖို့ မေတ္တာရပ်ခံစာ ပေးပို့ထားတာကို အစိုးရဘက်က အချိန်မတိုင်သေးဘူးလို့ တုံ့ပြန်လိုက်တဲ့အတွက် သမ္မတနဲ့ ဒေါ်အောင်ဆန်းစုကြည်တို့အကြား ဆက်ဆံရေး မပျက်သွားနိုင်ပါဘူးလို့ သမ္မတရဲ့ ပြောခွင့်ရ ပြည်ထောင်စုဒုဝန်ကြီး ဦးရဲထွဋ်က ပြောပါတယ်။ သမ္မတအစိုးရအဖွဲ့ကို ဘယ်သူက ထိန်းချုပ်ထားလဲမေးရင် ဖွဲ့စည်းပုံအခြေခံဥပဒေကပဲ ထိန်းချုပ်ထားတာ ဖြစ်ပြီး ဘယ်သူကမှ ထိန်းချုပ်ထားတာ မရှိဘူးလို့လဲ သူက ပြောပါတယ်။ သမ္မတရဲ့ ပြောခွင့်ရ ပြည်ထောင်စုဒုဝန်ကြီး ဦးရဲထွဋ်ကို ဒီဗွီဘီက ဆက်သွယ်မေးမြန်း ထားပါတယ်။ အန်အယ်လ်ဒီက မနေ့က ကြေညာချက်ထုတ်တယ်။ သမ္မတဘက်က ပြန်ကြားချက်ဟာ အချိန်ဆိုင်းအောင်လုပ်တယ်၊ ပြုပြင်ပြောင်းလဲမှုကို မလိုလားဘူး၊ အဲဒီအပေါ်မှာ ဘယ်လိုများ တုံ့ပြန်ချင်ပါသလဲ။ [caption id=""attachment_35152"" align=""alignleft"" width=""300""] ဦးရဲထွဋ်[/caption] “ကျနော်တို့က တွေ့ဆုံဆွေးနွေးရေးကို အချိန်ဆိုင်းတာ မဟုတ်ပါဘူး။ သမ္မတကြီးအနေနဲ့ ဒေါ်အောင်ဆန်းစုကြည်နဲ့ တွေ့ဖို့ တောင်းခံတိုင်း ပုဂ္ဂိုလ်ရေးအရ နှစ်ဦးချင်းတွေ့ပြီး အမြင်ချင်းဖလှယ်တာတွေ ကျနော်တို့ လုပ်ပါတယ်။ ဒီကိစ္စက ဖွဲ့စည်းပုံအခြေခံဥပဒေနဲ့ ပတ်သက်ပြီးတော့ ဘယ်သူတွေ ပါဝင်ပြီးတွေ့ရမယ်၊ ဘယ်လိုလုပ်သင့်တယ်ဆိုတဲ့ဟာမျိုးတွေ ပါတဲ့အတွက် ဒါကတော့ ဖွဲ့စည်းပုံ အခြေခံဥပဒေနဲ့ ဆိုင်တယ်။ နောက် ပြည်ထောင်စုလွှတ်တော်က လုပ်နေတဲ့ ကိစ္စဖြစ်တယ်။ လွှတ်တော်အတွင်းနဲ့ လွှတ်တော်ပြင်ပက ပါတီတွေ၊ အဖွဲ့အစည်းတွေရဲ့ အသံကိုပါ နားစွင့်ပြီး လုပ်ရမယ့်ကိစ္စ ဖြစ်တဲ့အတွက် ကျနော်တို့က ဖွဲ့စည်းပုံ အခြေခံဥပဒေ လေ့လာသုံးသပ်ရေး ကော်မတီရဲ့ အစီရင်ခံစာ ထွက်လာပြီးမှ ဒါကို စဉ်းစားဆောင်ရွက်သင့်တယ်လို့ ပြောတာပါ။ ""ဖွဲ့စည်းပုံအခြေခံဥပဒေ ပြင်ဆင်ရေးကို ပြင်ဆင်ခြင်း၊ နှောင့်နှေးခြင်း၊ ကြန့်ကြာခြင်းကတော့ ကျနော်တို့ အုပ်ချုပ်ရေးပိုင်းနဲ့ မဆိုင်ပါဘူး။ ဖွဲ့စည်းပုံအခြေခံဥပဒေ ပြင်ဆင်တဲ့ကိစ္စတွေ အားလုံးက ပြည်ထောင်စုလွှတ်တော်ကပဲလုပ်တော့ မြန်ခြင်းနှေးခြင်းက သူတို့နဲ့ပဲ ဆိုင်ပါတယ်။ အသွင်ကူးပြောင်းရေးကို လိုလားတယ်၊ မလိုလားဘူးဆိုတာက ကျနော်တို့ အထူးပြောစရာ မလိုပါဘူး။ ပြီးခဲ့တဲ့ ၂ နှစ်ခွဲကာလအတွင်းမှာ ကျနော်တို့အစိုးရအဖွဲ့ရဲ့ လုပ်ဆောင်ချက်တွေကို ကြည့်ရင်း ကျနော်တို့ဟာ အသွင်ကူးပြောင်းရေးကို လိုလားပြီးတော့ စေတနာမှန်မှန်နဲ့ လုပ်နေတယ်ဆိုတာ ကျနော်တို့ လုပ်ရပ်တွေက သက်သေပြခဲ့ပြီး ဖြစ်ပါတယ်။” သမ္မတက စောသေးတယ်လုိ့ ပြောလိုက်တာက နှစ်ဖက်ဆက်ဆံရေး ပျက်ပြားသွားနိုင်မလား။ “ကျနော်တို့ဘက်က ဒီလိုမျိုး ဆက်ဆံရေး ပျက်ပြားမယ်လို့ မထင်ပါဘူး။ ကျနော်တို့က စေတနာ မှန်မှန်နဲ့ ဖြစ်သင့်ဖြစ်ထိုက်တဲ့ နည်းလမ်းကို ကျနော်တို့က ပြန်ဆွေးနွေးတာပဲ။ တဖက်က သဘောထားတော့ ကျနော်တို့ မသိပါဘူး။” ဝေဖန်ချက်တခုက သမ္မတမှာ လုပ်ပိုင်ခွင့် အာဏာ အပြည့်အ၀မရှိဘူး။ ဒါကြောင့် လွှတ်တော်ကို အကြောင်းပြပြီး အချိန်ဆွဲတယ်ဆိုပြီး ဝေဖန်ချက် ရှိပါတယ်။ အဲဒီအပေါ် ဘယ်လိုများ ပြန်သုံးသပ်ချင်ပါသလဲ။ “မဆိုင်ပါဘူး။ တောက်လျှောက်ပဲ နိုင်ငံတော် သမ္မတကြီးက အမြဲတမ်း ဖွဲ့စည်းပုံအခြေခံဥပဒေအရပဲ ပြောပါတယ်။ ကျနော်တို့ဆန္ဒအရ ပြောလို့ မရဘူး။ ကျနော်တို့က ဖွဲ့စည်းပုံ အခြေခံဥပဒေမှာ ပြဋ္ဌာန်းထားတာကို ဖွဲ့စည်းပုံ အခြေခံဥပဒေ ပြင်ဆင်တဲ့ကိစ္စနဲ့ ပတ်သက်ရင် လုပ်ခွင့်ရှိတာက လွှတ်တော်ပဲ ဖြစ်ပါတယ်။ နောက် မေလထဲမှာထင်တယ်။ မီဒီယာတွေနဲ့ ဒေါ်အောင်ဆန်းစုကြည် လွှတ်တော်မှာ တွေ့တဲ့အချိန်က နိုင်ငံတော် သမ္မတကြီးက တပ်မတော်ရဲ့ အခန်းကဏ္ဍကို ဖြည်းဖြည်းချင်း လျှော့ချသွားသင့်တယ်ဆိုတဲ့ ပြည်ပခရီးစဉ်တခုမှာ သမ္မတကြီးက ပြောပါတယ်။ အဲဒီပြောတဲ့အချက်နဲ့ပတ်သက်ပြီး ဒေါ်အောင်ဆန်းစုကြည်က မီဒီယာတွေကို ပြောတဲ့အခါမှာ ဒါဟာ သမ္မတ ဦးသိန်းစိန်အနေနဲ့ အခြေခံဥပဒေ ပြင်ဆင်ရေးကိစ္စကို ပြောခွင့်မရှိဘူး။ ဒါဟာ လွှတ်တော်က ဆောင်ရွက်ရမယ့် ကိစ္စ ဖြစ်တယ်။ လွှတ်တော်ကပဲ ဆောင်ရွက်သင့်တယ်ဆိုပြီး ဒေါ်အောင်ဆန်းစုကြည်က ပြောခဲ့တာ ရှိပါတယ်။ ဒါကြောင့် ကျနော်တို့ လွှတ်တော်ကို ရည်ညွှန်းပြီး ပြောဆိုခြင်းသည် ဖွဲ့စည်းပုံအခြေခံဥပဒေအရ ပြောဆိုခြင်းဖြစ်တယ်။ ကျနော်တို့ကို ထိန်းချုပ်ထားတာ ဘာရှိလဲဆိုရင် ဖွဲ့စည်းပုံအခြေခံဥပဒေကပဲ ထိန်းချုပ်ထားတယ်လို့ ပြောရမှာဖြစ်ပါတယ်။ ဘယ်သူကမှ ကျန်တဲ့နည်းလမ်းနဲ့ အစိုးရအဖွဲ့ကို သော်လည်းကောင်း၊ သမ္မတကြီးကို သော်လည်းကောင်း ထိန်းချုပ်ထားတာ မရှိပါဘူး။” သမ္မတရုံးအနေနဲ့ အန်အယ်လ်ဒီရဲ့ ကြေညာချက်တို့၊ ဒေါ်အောင်ဆန်းစုကြည်ရဲ့ မေတ္တာရပ်ခံချက်တို့နဲ့ ပတ်သက်ပြီး တရားဝင် စာပြန်ပို့ဖို့ ရှိပါသလား။ “အဲဒါတော့ ကျနော် လောလောဆယ် မသိသေးပါဘူး။ သမ္မတရုံးက လုပ်မှာပါ။ ကျနော်က သမ္မတပြောရေးဆိုခွင့်ရှိသူအနေနဲ့ သဘောထားကို ထုတ်ပြန်ပြောဆိုတာပါပဲ။”",2.0,3.0,3.0,3.0,5.0,"The text is a political interview regarding Burmese constitutional processes. It provides insight into political discourse but lacks structured educational content. Reasoning is present in the explanation of constitutional roles. It is written in natural, authentic Burmese, reflecting local political terminology and context, though it contains some minor formatting artifacts like image captions."
<urn:uuid:6b47acc5-e9ac-4ab6-b701-bfedd11f6ba1>,"Zawgyi
ပျားရည် စစ်မစစ် သိလိုပါက စမ်းသပ်နိုင်သည့် နည်းလမ်း ၁၀ မျိုး
ပျားရည်ထဲ ဘာပစ္စည်း ဘယ်ရာခိုင်နှုံး ပါတယ် သိဖို့အထိ ကျတော့ ကျွမ်းကျင် ပညာရှင်မှ ရတယ်။ဒါပေမဲ့ ပျားရည် သဘာဝ ဟုတ်မဟုတ်၊အရောကင်း ၏ မကင်း ၏ သိဖို့ စမ်းတာကျတော့ လူတိုင်း လုပ် ကြည့်နိုင် တာပဲ။
၁။ ထုတ်လုပ်သူတွေ ရဲ့ အညွှန်းစာမှာ တခြားအပိုတွေ စပ်ထား မထား ပါပါ လိမ့်မယ်။ဖတ်ပြီးရွေး ဝယ်ပါ။
၂။ သဘာဝ ပျားရည်က မစေး ကပ်ဘူး ပျားရည် နည်းနည်း ကိုယူ လက်မနဲ့ လက်ညိုးကြား ထားပြီးပွတ် ကြည့် သဘာဝ ပျားရည် က အသားထဲ အသာစိမ့်ဝင်သကြားနဲ့အချိုရောထားရင်စေးကပ်ပြီး ပွတ်ရတာ မချောမွေ့ဘူး
၃။ အပူပေးကြည့်လို့ ညိုညိုလေးနဲ့အိုးကပ်သွားရင် အစစ်။ အမြုပ် တစီစီနဲ့ ပလုံထိုး တက်လာရင် အတု။၄။ စက္ကူပေါ်ချကြည့် လို့ စက္ကူ ရိပြီး စိုရင်၊ပေါက်ရင် ရေတွေ ပါနေတယ်။
၅။ ပျားရည် ထဲမှာ ပျားရဲ့ဂလင်းတွေက ထွက်တဲ့ သဘာဝ ပိုးသတ်တဲ့ ဓာတ်တွေပါလို့ ပုရွက်ဆိတ် မတက် ဘူး..။
၆။ လျှာပေါ်တင်ပြီးပွတ်ကြည့် ပျားရည် က စပ် ယားယား ပအာတာ ခံစား ရတယ်။ အတုက ချိုပြီးကောင်းနေရော။
၇။ရေထဲ ထည့်လိုက်ရင် ပျားရည်က အလုံးလေး အတိုင်းကျ သွားမယ်။ တခြားဟာ ကပျော်ပြီးပြန့်သွားမယ်။
၈။ပေါင်မုန့်ပေါ်တင်ကြည့်ရင်ပေါင်မုန့် ဟာခြောက်ခြောက်ကလေး ပဲနေရမယ်။
စိုထိုင်း ထိုင်းဖြစ် သွားရင် ဒါဟာရေနဲ့ အရောပါနေပြီ၉။ ကြက်ဥ အကာထဲ ထည့်လို့ ကြက်ဥ အကာ ကျက်သွားရင် အစစ်..
၁၀။ ကြာရင် ပျားရည် က ပုံဆောင်ခဲဖြစ်လာ တယ်။ အတု က ဘာမှ ပုံမပျက်ဘူး။
Credit with Respect
unicode
ပြားရညျ စဈမစဈ သိလိုပါက စမျးသပျနိုငျသညျ့ နညျးလမျး ၁၀ မြိုး
ပြားရညျထဲ ဘာပစ်စညျး ဘယျရာခိုငျနှုံး ပါတယျ သိဖို့အထိ ကတြော့ ကြှမျးကငျြ ပညာရှငျမှ ရတယျ။ဒါပမေဲ့ ပြားရညျ သဘာဝ ဟုတျမဟုတျ၊အရောကငျး ၏ မကငျး ၏ သိဖို့ စမျးတာကတြော့ လူတိုငျး လုပျ ကွညျ့နိုငျ တာပဲ။
၁။ ထုတျလုပျသူတှေ ရဲ့ အညှနျးစာမှာ တခွားအပိုတှေ စပျထား မထား ပါပါ လိမျ့မယျ။ဖတျပွီးရှေး ဝယျပါ။
၂။ သဘာဝ ပြားရညျက မစေး ကပျဘူး ပြားရညျ နညျးနညျး ကိုယူ လကျမနဲ့ လကျညိုးကွား ထားပွီးပှတျ ကွညျ့ သဘာဝ ပြားရညျ က အသားထဲ အသာစိမျ့ဝငျသကွားနဲ့အခြိုရောထားရငျစေးကပျပွီး ပှတျရတာ မခြောမှဘေူ့း
၃။ အပူပေးကွညျ့လို့ ညိုညိုလေးနဲ့အိုးကပျသှားရငျ အစဈ။ အမွုပျ တစီစီနဲ့ ပလုံထိုး တကျလာရငျ အတု။၄။ စက်ကူပျေါခကြွညျ့ လို့ စက်ကူ ရိပွီး စိုရငျ၊ပေါကျရငျ ရတှေေ ပါနတေယျ။
၅။ ပြားရညျ ထဲမှာ ပြားရဲ့ဂလငျးတှကေ ထှကျတဲ့ သဘာဝ ပိုးသတျတဲ့ ဓာတျတှပေါလို့ ပုရှကျဆိတျ မတကျ ဘူး..။
၆။ လြှာပျေါတငျပွီးပှတျကွညျ့ ပြားရညျ က စပျ ယားယား ပအာတာ ခံစား ရတယျ။ အတုက ခြိုပွီးကောငျးနရေော။
၇။ရထေဲ ထညျ့လိုကျရငျ ပြားရညျက အလုံးလေး အတိုငျးကြ သှားမယျ။ တခွားဟာ ကပြျောပွီးပွနျ့သှားမယျ။
၈။ပေါငျမုနျ့ပျေါတငျကွညျ့ရငျပေါငျမုနျ့ ဟာခွောကျခွောကျကလေး ပဲနရေမယျ။
စိုထိုငျး ထိုငျးဖွဈ သှားရငျ ဒါဟာရနေဲ့ အရောပါနပွေီ၉။ ကွကျဥ အကာထဲ ထညျ့လို့ ကွကျဥ အကာ ကကျြသှားရငျ အစဈ..
၁၀။ ကွာရငျ ပြားရညျ က ပုံဆောငျခဲဖွဈလာ တယျ။ အတု က ဘာမှ ပုံမပကျြဘူး။
Credit with Respect",4.0,2.0,2.0,3.0,5.0,"The document provides practical, educational tips for testing honey quality. It uses natural Burmese phrasing and cultural context (e.g., local testing methods). While it lacks deep scientific reasoning, it is coherent and useful for a general audience. The inclusion of both Zawgyi and Unicode versions is slightly redundant but the content remains clear."
<urn:uuid:8c4c63a2-0371-4efc-ae23-c334032edbae>,"ကိုယ်ဝန်ဆောင်ချိန်အတွင်း ဟော်မုန်းပြောင်းလဲမှုများကြောင့် အမျိုးသမီးများ စိတ်ခံစားချက်ဆိုင်ရာ အပြောင်းအလဲများနိုင်ပြီး ယင်းအခြေအနေက စိတ်ဓာတ်ကျခြင်းကို ဖြေရှင်းရန် ခက်ခဲလာစေသည်။
အချို့သော အမျိုးသမီးများသည် ကလေးမီးဖွားပြီးနောက် မှာပင် စိတ်ဓာတ်ကျခြင်း ခံစားရနိုင်သော်လည်း မပြင်းထန်သော ယင်းစိတ်ဓာတ်ကျမှုလက္ခဏာများသည် ကလေးမွေးပြီး သီတင်း နှစ်ပတ်အတွင်း ပျောက်ကွယ်သွားလေ့ရှိသည်။
ကိုယ်ဝန်စတင်ရှိချိန်တွင်လည်း အမျိုးသမီးများ စိတ်ဓာတ်ကျ နိုင်ပြီး ယင်းအခြေအနေကြောင့် ကိုယ်တိုင်သော်လည်းကောင်း ကလေးငယ်ကိုသော်လည်းကောင်း စောင့်ရှောက်ရန် ခက်ခဲသွားစေ နိုင်သည်။
ယခင်က စိတ်ဓာတ်ကျဖူးသူများ၊ မိသားစုတွင် စိတ်ဓာတ်ကျ မှု ရာဇ၀င်ရှိသူများ၊ မစီစဉ်ထားဘဲ ကိုယ်ဝန်ရှိလာခြင်း၊ ပြဿနာ ကြုံရသော ကိုယ်ဝန်ဆောင်မှု (သို့မဟုတ်) ဖွေးဖွားမှုအတွေ့အကြုံ များ၊ အမြွှာပူး (သို့မဟုတ်) ယင်းထက်ပိုသော ကလေးများ မွေးဖွား ခြင်း၊ ငွေကြေးဆိုင်ရာ စိုးရိမ်မှုများ၊ ဆက်ဆံရေးအခက်အခဲများ၊ မိသားစု (သို့မဟုတ်) မိတ်ဆွေတို့၏ ပံ့ပိုးကူညီမှုမရှိခြင်းနှင့် ဆေး လိပ်၊ အရက်၊ မူးယစ်ဆေးဝါး သုံးစွဲခြင်းတို့ကြောင့် ကိုယ်ဝန်စတင် ဆောင်စဉ် အမျိုးသမီးများ စိတ်ဓာတ်ကျနိုင်ခြေ ပိုများသည်။
စိတ်ဓာတ်ကျခြင်းကြောင့် မိခင်နှင့်ကလေးကြား ဆက်ဆံရေး ကို ထိခိုက်စေနိုင်ပြီး ကလေးငယ်၏ စောစောပိုင်း ဖွံ့ဖြိုးမှုကို ထိခိုက်စေကာ ရင်သွေးနှင့် မရင်းနှီးသလို ခံစားရစေသည်။
ယင်းအခြေအနေကြောင့် ကလေး၏ လိုအပ်ချက်များကို တုံ့ ပြန်ရန် မိခင်အတွက် ခက်ခဲလာစေနိုင်သည်။
စိတ်ဓာတ်ကျခြင်းကို မကုသဘဲထားပါက လမစေ့ဘဲ (ကိုယ်ဝန်သက်တမ်း ၃၇ ပတ်မတိုင်မီ) မွေးဖွားနိုင်ပြီး ပေါင်မပြည့်သော (၅ ပေါင် ၈ အောင်စထက်နည်းသော) ကလေးများ မွေးဖွားနိုင်သည်။
ကိုယ်ဝန်ဆောင်ချိန် စိတ်ဓာတ်ကျနေသော မိခင်လောင်းတစ် ဦးသည် ကျန်းမာရေးနှင့်အညီ စားသောက်ရန် ပျက်ကွက်ခြင်း (သို့မ ဟုတ်) ကိုယ်အလေးချိန် သိသိသာသာ ပိုများလာခြင်း ဖြစ်နိုင်သည်။
ကိုယ်ဝန်ဆောင်ချိန်အတွင်း စိတ်ဓာတ်ကျသူများသည် ဆေး သောက်ခြင်း၊ တိုင်ပင်ဆွေးနွေးခြင်း၊ အကူအညီရယူခြင်းတို့ဖြင့် ကုသနိုင်သည်။ သို့သော် စိတ်ဓာတ်ကျခြင်းအတွက် သောက်ရသော ဆေးဝါးများကို ဆရာဝန်နှင့် တိုင်ပင်ပြီးမှသာ သောက်သုံးသင့် သည်။
ဖိုးသူတော် (www.phothutaw.com)
Credit:7Day Daily
Unicode Version
ကိုယျဝနျဆောငျခြိနျအတှငျး စိတျဓာတျကခြွငျးကွောငျ့ မိခငျ နှငျ့ကလေး နှဈဦးစလုံးကို ထိခိုကျစနေိုငျသညျ။
ကိုယျဝနျဆောငျခြိနျအတှငျး ဟျောမုနျးပွောငျးလဲမှုမြားကွောငျ့ အမြိုးသမီးမြား စိတျခံစားခကျြဆိုငျရာ အပွောငျးအလဲမြားနိုငျပွီး ယငျးအခွအေနကေ စိတျဓာတျကခြွငျးကို ဖွရှေငျးရနျ ခကျခဲလာစသေညျ။
အခြို့သော အမြိုးသမီးမြားသညျ ကလေးမီးဖှားပွီးနောကျ မှာပငျ စိတျဓာတျကခြွငျး ခံစားရနိုငျသျောလညျး မပွငျးထနျသော ယငျးစိတျဓာတျကမြှုလက်ခဏာမြားသညျ ကလေးမှေးပွီး သီတငျး နှဈပတျအတှငျး ပြောကျကှယျသှားလရှေိ့သညျ။
ကိုယျဝနျစတငျရှိခြိနျတှငျလညျး အမြိုးသမီးမြား စိတျဓာတျကြ နိုငျပွီး ယငျးအခွအေနကွေောငျ့ ကိုယျတိုငျသျောလညျးကောငျး ကလေးငယျကိုသျောလညျးကောငျး စောငျ့ရှောကျရနျ ခကျခဲသှားစေ နိုငျသညျ။
ယခငျက စိတျဓာတျကဖြူးသူမြား၊ မိသားစုတှငျ စိတျဓာတျကြ မှု ရာဇဝငျရှိသူမြား၊ မစီစဉျထားဘဲ ကိုယျဝနျရှိလာခွငျး၊ ပွဿနာ ကွုံရသော ကိုယျဝနျဆောငျမှု (သို့မဟုတျ) ဖှေးဖှားမှုအတှအေ့ကွုံ မြား၊ အမွှာပူး (သို့မဟုတျ) ယငျးထကျပိုသော ကလေးမြား မှေးဖှား ခွငျး၊ ငှကွေေးဆိုငျရာ စိုးရိမျမှုမြား၊ ဆကျဆံရေးအခကျအခဲမြား၊ မိသားစု (သို့မဟုတျ) မိတျဆှတေို့၏ ပံ့ပိုးကူညီမှုမရှိခွငျးနှငျ့ ဆေး လိပျ၊ အရကျ၊ မူးယဈဆေးဝါး သုံးစှဲခွငျးတို့ကွောငျ့ ကိုယျဝနျစတငျ ဆောငျစဉျ အမြိုးသမီးမြား စိတျဓာတျကနြိုငျခွေ ပိုမြားသညျ။
စိတျဓာတျကခြွငျးကွောငျ့ မိခငျနှငျ့ကလေးကွား ဆကျဆံရေး ကို ထိခိုကျစနေိုငျပွီး ကလေးငယျ၏ စောစောပိုငျး ဖှံ့ဖွိုးမှုကို ထိခိုကျစကော ရငျသှေးနှငျ့ မရငျးနှီးသလို ခံစားရစသေညျ။
ယငျးအခွအေနကွေောငျ့ ကလေး၏ လိုအပျခကျြမြားကို တုံ့ ပွနျရနျ မိခငျအတှကျ ခကျခဲလာစနေိုငျသညျ။
စိတျဓာတျကခြွငျးကို မကုသဘဲထားပါက လမစဘေဲ့ (ကိုယျဝနျသကျတမျး ၃၇ ပတျမတိုငျမီ) မှေးဖှားနိုငျပွီး ပေါငျမပွညျ့သော (၅ ပေါငျ ၈ အောငျစထကျနညျးသော) ကလေးမြား မှေးဖှားနိုငျသညျ။
ကိုယျဝနျဆောငျခြိနျ စိတျဓာတျကနြသေော မိခငျလောငျးတဈ ဦးသညျ ကနျြးမာရေးနှငျ့အညီ စားသောကျရနျ ပကျြကှကျခွငျး (သို့မ ဟုတျ) ကိုယျအလေးခြိနျ သိသိသာသာ ပိုမြားလာခွငျး ဖွဈနိုငျသညျ။
ကိုယျဝနျဆောငျခြိနျအတှငျး စိတျဓာတျကသြူမြားသညျ ဆေး သောကျခွငျး၊ တိုငျပငျဆှေးနှေးခွငျး၊ အကူအညီရယူခွငျးတို့ဖွငျ့ ကုသနိုငျသညျ။ သို့သျော စိတျဓာတျကခြွငျးအတှကျ သောကျရသော ဆေးဝါးမြားကို ဆရာဝနျနှငျ့ တိုငျပငျပွီးမှသာ သောကျသုံးသငျ့ သညျ။
ဖိုးသူတျော (www.phothutaw.com)
Credit:7Day Daily",4.0,3.0,2.0,4.0,4.0,"The text provides clear, accurate, and structured health information regarding prenatal depression. It explains causes, risks, and consequences logically. It is written in natural, accessible Burmese, suitable for public health education. It includes minor boilerplate (website/credit) but is otherwise clean and coherent."
<urn:uuid:873e7e38-3ac3-46cc-885a-d1d404f26c09>,"ကိုယ်ဝန်ဆောင်ချိန်နဲ့ ကလေးမွေးဖွားပြီးနောက်ပိုင်း ကိုယ်အလေးချိန်ဘယ်လိုပြောင်းလဲနိုင်သလဲ ဘယ်လိုထိန်းသိမ်းမလဲ
ကလေးမွေးဖွားပြီးမိခင်အတော်များများဟာ ကိုယ်ဝန်မဆောင်ခင်ကကိုယ်အလေးချိန်ကိုပြန်ရနိုင်ဖို့ ခဏတော့ အချိန်ယူရပါတယ်။ တချို့အမျိုးသမီးတွေမှာတော့ ကလေးကိုကျွေးမွေးရတာ၊ ဂရုစိုက်နေရတာနဲ့ပဲ ကိုယ်ဝန်ဆောင်ချိန်မှာ မြင့်တက်လာခဲ့တဲ့ကိုယ်အလေးချိန်ကို ပြန်ကျစေပြီး ကိုယ်ရေစစ်သွားကြပါတယ်။
ဒါပေမယ့် အများစုကတော့ ကလေးမွေးဖွားပြီး ခြောက်လလောက်အထိ ကိုယ်အလေးချိန်ပြန်မကျနိုင်ကြပါဘူး။ ကိုယ်အလေးချိန်မကျသွားတဲ့အမျိုးသမီးတွေ ဒါမှမဟုတ် မကျဘဲ ကိုယ်အလေးချိန်ထပ်တိုးလာတဲ့ အမျိုးသမီးတွေ မှာ ကျန်းမာရေးပြဿနာတွေဖြစ်လာနိုင်ခြေများပါတယ်။ ဒီပြဿနာတွေက ကိုယ်ဝန်ဆောင်ပြီးနောက်ပိုင်းမှာ ပိုဆိုးရွားလာနိုင်ပါတယ်။
ကိုယ်အလေးချိန်ကျစေနိုင်မယ့်အကောင်းဆုံးနည်းလမ်းကတော့ ကိုယ်လက်လှုပ်ရှားမှုပိုလုပ်ပြီး ညီညွတ်မျှတတဲ့ အာဟာရပုံစံနဲ့ထိန်းသိမ်းတာပဲဖြစ်ပါတယ်။ ကိုယ်အလေးချိန်ကျဆင်းမှုမှာ သိပ်များတာ၊ သိပ်မြန်တာတွေကလည်း ဆိုးကျိုးရှိနိုင်ပါတယ်။
ကိုယ်အလေးချိန် ပုံမှန်အနေအထား
ကိုယ်ဝန်ဆောင်ကာလအတွင်းမှာ ကိုယ်စားသောက်တဲ့အာဟာရတွေနဲ့ လှုပ်ရှားမှုတွေအပါအဝင် ကိုယ့်ရဲ့နေ့စဉ်လုပ်ဆောင်နေကျအလုပ်တွေနဲ့ အမူအကျင့်တွေအတော်များများမှာ ပြောင်းလဲစေပါတယ်။ ဒါပေမယ့် အများစုမှာတော့ အမျိုးသမီးတွေဟာ ကိုယ်ဝန်ဆောင်ချိန်မှာခန္ဓါကိုယ်ပြောင်းလဲလာတာကြောင့် သန္ဓေသားမှာ လိုအပ်တဲ့အာဟာရဓါတ်တွေအလုံအလောက်ရရှိစေတာဖြစ်ပါတယ်။ ကိုယ်ဝန်လနုစဉ်မှာ ကတည်းက ဒီလိုအပြောင်းအလဲတွေစတင်လာပြီး မွေးဖွားကာနီးအချိန်မှာတော့ ကိုယ်အလေးချိန်ပိုများနေတတ် ပါတယ်။ ဒါဟာ ကြီးထွားလာတဲ့ ဗိုက်ထဲကကလေးရဲ့အလေးချိန်ကြောင့်ချည်းပဲမဟုတ်ပါဘူး။ ခန္ဓါကိုယ်ထဲက အရည်ပိုတွေကြောင့်လည်း ပါပါတယ်။ ဒီအရည်တွေကြောင့် ကလေးလှည့်ပတ်လှုပ်ရှားနိုင်ဖို့၊ အချင်းနဲ့ ရေမြွှာ တို့အတွက် ဒီအရည်တွေကိုလိုအပ်ပါတယ်။
ကိုယ်ဝန်ဆောင်ချိန် ကိုယ်အလေးချိန်မြင့်တက်မှုနဲ့ BMI (ခန္ဓါကိုယ်ထုထည်ညွှန်းကိန်း)ဆိုင်ရာ U.S. Institute of Medicine (IOM) ကထုတ်ပြန်တဲ့လမ်းညွှန်ချက်တွေအရ အောက်ပါမြင့်တက်မှုနှုန်းဆိုရင် ပုံမှန်အနေအထားရှိပါ တယ် –
- ကိုယ်ဝန်မဆောင်မီက ကိုယ်အလေးချိန်နည်းခဲ့တဲ့အမျိုးသမီးတွေ (BMI 18.5 အောက်) ဟာ ကိုယ်ဝန်ဆောင်စဉ်အတွင်း ၁၂.၅ နဲ့ ၁၈ ကီလိုဂရမ်လောက် ကိုယ်အလေးချိန်မြင့်တက်နိုင်
- ကိုယ်ဝန်မဆောင်မီက ပုံမှန်ကိုယ်အလေးချိန်ရှိတဲ့အမျိုးသမီးတွေ( BMI 18.5 နဲ့ 24.9 ကြား)ဟာ ကိုယ်ဝန်ဆောင်စဉ်အတွင်း ၁၁.၅ နဲ့ ၁၆ ကီလိုဂရမ်ကြား ကိုယ်အလေးချိန်မြင့်တက်နိုင်
- ကိုယ်ဝန်မဆောင်မီက ကိုယ်အလေးချိန်များနေတဲ့အမျိုးသမီးတွေ( BMI 25 နဲ့ 29.9 ကြား)ဟာ ကိုယ်ဝန်ဆောင်စဉ်အတွင်း ၇ နဲ့ ၁၁.၅ ကီလိုဂရမ်ကြား ကိုယ်အလေးချိန်မြင့်တက်နိုင်
- ကိုယ်ဝန်မဆောင်မီက အဝလွန်နေတဲ့အမျိုးသမီးတွေ( BMI 30 ကျော်) ဟာ ကိုယ်ဝန်ဆောင်စဉ်အတွင်း ၅ နဲ့ ၉ ကီလိုဂရမ်ကြား ကိုယ်အလေးချိန်မြင့်တက်နိုင်ပါတယ်။
ဘေးအန္တရာယ်ကင်းကင်းနဲ့ကိုယ်အလေးချိန်ဘယ်လိုပြန်လျှော့ချနိုင်မလဲ
သစ်သီးနဲ့ဟင်းသီးဟင်းရွက်တွေများများစားတာ အပါအဝင် ကျန်းမာရေးနဲ့ညီအောင် စားသုံးပါ။ ကျန်းမာလှပစွာ ကိုယ်အလေးချိန်ထိန်းသိမ်းနိုင်ဖို့ အောက်ပါအချက်တွေက အထောက်အကူပေးပါလိမ့်မယ် –
- မနက်စာကို အချိန်မှန်စားပါ
- တစ်နေ့ကို အသီးနဲ့ဟင်းသီးဟင်းရွက်ငါးကြိမ်ခန့်စားပါ
- အုတ်ဂျုံ၊ ပဲအမျိုးမျိုး၊ ပဲနီလေး၊ အစေ့အဆန်တွေလိုမျိုး အမျှင်ဓါတ်ကြွယ်ဝတဲ့အစားအစာတွေကို နေ့စဉ်အာဟာရမှာထည့်သွင်းစားသုံးပါ
- ပေါင်မုန့်၊ ထမင်းနဲ့ပါစတာ တို့လို ကစီဓါတ်များတဲ့အစားအစာတွေကို နေ့စဉ်အာဟာရမှာ ထည့်သွင်းစားသုံးပါ
- အချိုများ၊အဆီများတဲ့အစားအစာတွေ၊ အသင့်အမြန်စား အစားအစာတွေ၊သကြားလုံး၊ ဘီစကစ်၊ ဂျုံနဲ့လုပ်တဲ့မုန့်တွေနဲ့ ဂက်စ်ပါတဲ့အချိုရည်တွေကို စားသုံး၊သောက်သုံးမှုလျှော့ပါ
- ထမင်းစားတဲ့အခါ ပါဝင်တဲ့အစာအာဟာရတွေရဲ့အချိုးအဆနဲ့ ကြားချိန်မှာ စားခဲ့တဲ့သရေစာအမျိုးအစားနဲ့ အကြိမ်ရေ ကို တွက်ကြည့်ပါ
အဆီချချင်တဲ့အခါ ကျန်းမာရေးနဲ့ညီညွတ်အောင်စားသုံးခြင်းနဲ့ ကိုယ်လက်လေ့ကျင့်ခန်းကိုတွဲဖက်တဲ့နည်းက အထိရောက်ဆုံးပါပဲ။
ကလေးမွေးဖွားပြီး နေပြန်ကောင်းပြီလို့ခံစားရချိန်မှာ လမ်းလျှောက်ခြင်း၊ တင်ပါးဆုံကြွက်သား လေ့ကျင့်ခန်းတွေနဲ့ ခါးဆန့်လေ့ကျင့်ခန်းတွေလိုမျိုး အားမစိုက်ရတဲ့လေ့ကျင့်ခန်းတွေစလုပ်နိုင်ပါတယ်။ ဒါပေမယ့် အားစိုက်ရတဲ့ လေ့ကျင့်ခန်းတွေကိုလုပ်ဖို့ကတော့ ကလေးမွေးဖွားပြီး ခြောက်ပတ်လောက်တော့ စောင့်သင့်ပါတယ်။
Hello Health Group သည် ဆေးပညာအကြံဉာဏ်များ၊ ရောဂါရှာဖွေမှုများနှင့် ကုသမှုများ မပြုလုပ်ပေးပါ။",4.0,3.0,2.0,5.0,4.0,"The text provides clear, structured, and accurate health advice for postpartum weight management. It uses logical steps to explain weight gain and safe reduction methods. The language is natural and culturally appropriate for Burmese readers, avoiding awkward translation patterns while maintaining a professional yet accessible tone suitable for general health education."
<urn:uuid:a0a23419-3e2d-489e-8b0d-86d52e7a12fa>,"ကျွန်မတို့ရဲ့ နေ့တိုင်းကို အရောင်တွေက လွှမ်းမိုးထားပါတယ်။
အရောင်လို့ပြောလိုက်ရင် လူတွေက အဝတ်အစားအရောင်ကိုပဲ စိတ်ထဲမှာ ဦးဆုံးမြင်ကြပါတယ်။ တကယ်တော့ မိမိရဲ့ အဝတ်အစား၊ အသုံးအဆောင်အပြင် လက်ဝတ်လက်စားတွေ၊ အိတ်၊ ဖိနပ်၊ ဆံပင်အရောင်၊ ရုံးခန်းအရောင်၊ ကားအရောင်၊ စားပွဲပေါ်မှာထားတဲ့ အလှတင်ပစ္စည်းတွေ၊ မိမိအခန်းနံရံ၊ အမျိုးသမီးတွေဆိုရင် လက်သည်းနီ၊ နှုတ်ခမ်းနီကစလို့ မျက်ကပ်မှန်အရောင်တွေထိပါဝင်ပါတယ်။ လုပ်ငန်းရှင်တွေဆိုရင် သူ့ရဲ့လုပ်ငန်းမှာ သုံးတဲ့ အရောင်တွေနဲ့ မိမိလုပ်ငန်းပုံရိပ်ကို တည်ဆောက်နိုင်ပါတယ်။
မိမိတို့ဖြတ်သန်းလာတဲ့ အတွေ့အကြုံပေါ်ကို မူတည်ပြီး အရောင်တွေကို အဓိပ္ပါယ်ဖွင့်ဆိုခဲ့ ကြပါတယ်။ ကလေးဘဝမှာ နေနဲ့ မီးဟာ ပူပြင်းပြီး သူတို့ဟာ အမြဲတမ်း အနီရောင်၊ အဝါရောင် သို့မဟုတ် လိမ္မော်ရောင်ရှိတယ်လို့ ကျန်မတို့ လေ့လာသင်ယူခဲ့ကြပါတယ်။ တခြားတဖက်မှာတော့ ရေ၊ ကောင်းကင် စတာတွေဟာ အေးချမ်းပြီး အပြာဖျော့၊ ခရမ်းရောင် မြစိမ်းရောင် စသဖြင့် အခြားအရောင်များစွာကိုလည်း အဓိပ္ပါယ်ဖွင့်ဆိုမှုပေါင်းများစွာနဲ့ မှတ်သားထားလေ့ရှိကြပါတယ်။
ကမ္ဘာပေါ်မှာရှိတဲ့ နိုင်ငံများ၊ ကမ္ဘာတဝှမ်းက တက္ကသိုလ်များရဲ့ ပုံရိပ်နဲ့ ဖက်ရှင်သင်ရိုးမှာ အလွန်တရာ ခေတ်စားနေတဲ့ အကြောင်းအရာတခုကတော့ အရောင်များရဲ့ စိတ်ပညာပဲဖြစ်ပါတယ်။
Image Consultant တစ်ယောက်အနေနဲ့ Client ရဲ့ နှစ်ပေါင်းများစွာ ကြိုက်နှစ်သက်လာတဲ့ အရောင်ကို သိရပါမယ်။ သူ့ကိုပိုပြီး နုပျို၊ ကျန်းမာ၊ တက်ကြွတဲ့ အရောင်တွေ၊ သူမရဲ့ ပင်ကိုယ်အလှတရားကို တောက်ပစေမယ့်အရောင်တွေကို ရှာဖွေဆန်းစစ်ပေးနိုင်ရပါတယ်။ ဘယ်အရောင်က သူနဲ့ မလိုက်ဖက်ဘူးလဲ၊ မလိုက်ဖက်တဲ့ အရောင်ကိုမှ ဝတ်ဆင်သုံးစွဲချင်ရင် ဘယ်လို mix and match လုပ်ရမယ်ဆိုတာ သင်ပေးနိုင်ရပါမယ်။
မိမိနေထိုင်တဲ့ နေရာဒေသကလည်း အရောင်ရွေးချယ်မှုပေါ်မှာ သက်ရောက်မှု အများကြီးရှိပါတယ်။ အပူပိုင်းဒေသမှာနေတဲ့လူတွေဟာ ပိုပြီးတောက်ပတဲ့၊ ထင်းတဲ့ အရောင်တွေကို ရွေးချယ်အသုံးပြုလေ့ရှိပါတယ်။ ပိုပြီးအေးတဲ့၊ နေရောင်သိပ်မမြင်ရတဲ့ ဒေသတွေမှာ အရောင်ငြိမ်တွေကို ပိုပြီး သုံးကြပါတယ်။ မြို့ကြီးပြကြီးတွေမှာ နေတဲ့ရုံးသမားတွေက ဖုန်တင်ရင် သိပ်မသိသာတဲ့အရောင်တွေ ဥပမာ အနက်၊ အညို၊ နေဗီပြာ စတာတွေကို အလွယ်တကူရွေးချယ်ဝတ်ဆင်လေ့ရှိပြီး ခေတ်ဆန်တယ် ခေတ်မီတယ်လို့ သူတို့ကိုယ်သူတို့ ယူဆတဲ့လူတွေက ခဲရောင်ကို ဝတ်ဆင်လေ့ရှိပါတယ်။
ဒါကြောင့် အရောင်တွေရဲ့ အကြမ်းဖျင်း အဓိပ္ပါယ်ကို သိရအောင် တစ်ခုချင်းစီအလိုက် ဖော်ပြပေးထားပါတယ်။
• Yellow – cheerful, young, delightful, optimistic
အဝါရောင် – ရွှင်လန်းတက်ကြွသော၊ နုပျိုသော၊ ကြည်နူးဖွယ်ကောင်းသော၊ အကောင်းမြင်သော။
• Green – natural, refreshing, rested, steady
အစိမ်းရောင် – သဘာဝကျသော၊ အားအင်ပြည့်ဝသော၊ အေးဆေးတည်ငြိမ်သော၊ ခိုင်မာသော။
• Blue – peaceful, relaxed, composed, trusting, secure
အပြာရောင် – ငြိမ်းချမ်းသော၊ စိုးရိမ်မှုကင်းသော၊ တည်ငြိမ်အေးဆေးသော၊ ယုံကြည်ရသော။
• Violet – royal, regal, rich, creative
ခရမ်းရောင် – တော်ဝင်သော၊ ခမ်းနားသော၊ ဆန်းသစ်သော။
• Red – energetic, dynamic, bold, assertive
အနီရောင် – အားအင်ပြည့်ဝသော၊ တက်ကြွမှုရှိသော၊ ယုံကြည်မှုရှိသော။
• Fuchsia – dramatic, bold, fashionable, fun
ပန်းဆီရောင် – စိတ်ကူးယဉ်ဆန်သော၊ ရဲရင့်သော၊ ခေတ်ဆန်သော၊ ပျော်တတ်သော။
• Pink – sweet, feminine, pretty, child-like
ပန်းရောင် – နှစ်လိုဖွယ်ကောင်းသော၊ မိန်းကလေးဆန်သော၊ လှပသော၊ ကလေးဆန်သော။
• Orange – warm, joyous, invigorating, exotic, adventurous, sporty
လိမ္မော်ရောင် – နွေးထွေးသော၊ ပျော်တတ်သော၊ တက်ကြွလန်းဆန်းသော၊ ထူးခြားဆန်းပြားသော၊ စွန့်စားသော၊ လွတ်လပ်ပေါ့ပါးသော။
• Black – mysterious, elegant, authoritative, sophisticated
အမည်းရောင် – ထူးခြားဆန်းပြားသော၊ ကြော့ရှင်းသော၊ အာဏာရှိသော၊ ခေတ်မီသော။
• Grey – reliable, conservative, neutral, adaptable, calm
မီးခိုးရောင် – ယုံကြည်အားထားရသော၊ ရှေးရိုးဆန်သော၊ ကြားနေသော၊ အလိုက်သင့်နေသော၊ ငြိမ်သက်သော။
• Brown – dependable, pragmatic, sincere, approachable, friendly, casual
အညိုရောင် – စိတ်ချယုံကြည်ရသော၊ လက်တွေ့ဆန်သော၊ ဖော်ရွေသော၊ ခင်မင်ဖွယ်ကောင်းသော၊ သက်တောင့်သက်သာရှိသော။
• Beige – warm, classic, safe, calm, even temperament
ဝါညိုနုရောင် – နွေးထွေးသော၊ ဂန ္ထဝင်ဆန်သော၊ လုံခြုံသော၊ ငြိမ်သက်သော။
• White – pure, simple, clean, innocent, clinical
အဖြူရောင် – ဖြူစင်သော၊ ရိုးရှင်းသော၊ သန့်ရှင်းသော၊ အပြစ်ကင်းသော၊ အဆင်အပြင်မရှိသော။
• Gold – classic, traditional, sophisticated, wealthy, success
ရွှေရောင် – ဂန္တဝင်ဆန်သော၊ ရိုးရာဆန်သော၊ ဆန်းပြားသော၊ ချမ်းသာကြွယ်ဝသော၊ အောင်မြင်သော။
ဒီလို အရောင်တွေက ပြောတဲ့ အဓိပ္ပါယ်တွေကို နားလည်ပြီး သေသေချာချာ အသုံးချနိုင်ပါစေလို့ မျှော်လင့်ပါတယ်။",4.0,3.0,2.0,5.0,4.0,"The text provides a well-structured, educational overview of color psychology and its practical application in fashion and branding. It uses natural, fluent Burmese, incorporating local perspectives on color associations. The reasoning is logical, moving from general concepts to specific color meanings, and the formatting is clean and professional."
<urn:uuid:1d700cff-92c2-42fe-82c6-ff10d2a1c74e>,"အခု ဖြစ်ပျက် နေသမျှ ကို ပြန်ကြည့်လိုက်ရင် တရားဥပဒေ စိုးမိုးရေးအားနည်းမှု၊အဖွဲ့အစည်းတွေစွမ်းဆောင်ရည် မပြည့်ဝမှု၊ ခေတ်ဟောင်းကလုပ်ပုံကိုင်ပုံတွေကို ဖက်တွယ်ထားမှုတွေ ကို မြင်နေရပါ တယ်။
သက်ငယ်မုဒိမ်းမှု ဖြစ်ပွားခဲ့တယ်လို့ ယုံကြည်ရတဲ့ မူကြိုကျောင်းဟာ တရားဝင် ဖွင့်ခွင့် လိုင်စင် မကျပဲ ဖွင့်နေခဲ့တယ်။ အခင်းဖြစ်ပွားတယ်လို့ ယူဆနိုင်တဲ့ နေရာ ကျဉ်းမြောင်းလွန်းတာတောင်မှ အဆင့်ဆင့် စစ်ဆေးပြီး နိုင်ငံတော် သမ္မတက အထိ မပေါ်ပေါ်အောင် ဖေါ်ဖို့ ညွှန်ကြားချက်ပေး ၀င်ပါနေရတယ်။
ဒါတွေ ဘာလို့ ဖြစ်နေရသလဲ ပြန်ကြည့်တော့ အုပ်ချုပ်ရေး ယန္တရားဟာ အများဝေဖန်နေကြသလို အစိုးရ နှစ်ရပ်များ ဖြစ်နေမလား။ ကာကွယ်ရေး ဦးစီးချုပ်က အမည်စာရင်းပေး ခန့်အပ်တဲ့ ပြည်ထဲရေး ၀န်ကြီးဌာနသည် သာမန်ရိုးရိုး သက်ငယ်မုဒိမ်းမှုလောက်ကို သမ္မတလောက်က စောင့်ကြည့် အကဲခတ်နေမှ အလုပ်ဖြစ်တာလား၊ ဒါတွေက မေးခွန်း တွေပါ။ စွပ်စွဲချက် မဟုတ်ပါ။ (ကြောက်လို့ပါ၊ ဟဲ)
ဒီတော့ အဆင့်ဆင့် ပြန်ပြီး နောက်ကြောင်း လိုက်ကြည့်ရင် ဒီလို ဖြစ်စေဖို့ ဦးတည်ထားတဲ့ ၂၀၀၈ ဖွဲ့စည်းပုံ အခြေခံ ဥပဒေက အချုပ် ဖြစ်နေတာပါ။ ဒါဟာ ငြင်းစရာ မရှိပါဘူး။ ဟိုနေ့က ကျွန်တော် တင်လိုက်တဲ့ ခေါင်မိုး ပြင်နေလို့ ထမင်း မချက်ရဘူးလားဆိုတာကို နာသူက နာကြတယ်။ ကျွန်တော်သည် ခေါင်မိုးပြင်ရေးကို တသက်လုံး ထောက်ခံခဲ့သူပါ။ ကျွန်တော့် Timeline ထဲကို ၀င်ကြည့်ရင် ဖွဲ့စည်းပုံ အခြေခံ ဥပဒေ သည် ပြင်ကို ပြင်ရမယ့် အရေးကြီး ကိစ္စ တခု ဖြစ် ကြောင်း အမြဲထောက်ခံခဲ့တာ တွေ့မှာပါ။ (ရိုက်ရှာလို့ ရပါတယ်)
တဖက်က ကျွန်တော် ထမင်းချက်နေတာသည် ဖွဲ့စည်းပုံ အခြေခံ ဥပဒေ ပြင်တဲ့သူကိုတွေ ကန့်လန့် တိုက်နေတာ မဟုတ်ပါ။ ပြည်သူတွေကလည်း ဖွဲ့စည်းပုံ အခြေခံ ဥပဒေကို ပြင်ကို ပြင်ရမယ် ဆိုတဲ့ အသိ ရှိကို ရှိနေရမှာပါ။ တလုံးသော မျက်စိက တခြားအလုပ်လုပ်နေရင်တောင် ကျန်မျက်စိ တလုံးက ဖွဲ့စည်းပုံ အခြေခံ ဥပဒေ ပြင်ဆင်ရေးကို မမှိတ်မသုန် ကြည့်နေရမှာပါ
ဗစ်တိုးရီးယားလေးကို ၀န်းရံတာနဲ့ ဖွဲ့စည်းပုံ အခြေခံ ဥပဒေ ပြင်ဆင်ရေးကို ဖယ်ထားစရာ မလိုပါဘူး။ နှစ်ခုစလုံးသည် ခရီးတခုထဲပါ။ ရေရှည်နဲ့ ရေတိုကွာတာပဲ ရှိပါတယ်။ ရေတို တရားဥပဒေ စိုးမိုးရေးကို တိုက်ပွဲဝင်ရမှာ ဖြစ်သလို ရေရှည် (ပြဿနာအားလုံးရဲ့ အရင်းအမြစ်) ဖွဲ့စည်းပုံ အခြေခံ ဥပဒေ ပြင်ဆင်ရေးကိုလည်း အားထုတ်ရမှာပါ။
ကျွန်တော်လည်း ဖွဲ့စည်းပုံ အခြေခံ ဥပဒေ ပြင်ဆင်ရေးအတွက် ကိုယ်ပါဝင်လို့ရတဲ့ တထောင့်တနေရာက အမြဲ ပါဝင် အားပေးနေမှာပါ။
ကျွန်တော် တသက်လုံး မလုပ်ဘူးလို့ အာမခံနိုင်တာ တခု ရှိပါတယ်။ ဒါကတော့ အမေ့ကို သစ္စာဖောက်ဖို့ဆိုတာပါပဲ။ ဘယ်တော့မှ မလုပ်ပါ။
သက္ကမိုးညို (လေးစားမှုဖြင့် ခရက်ဒစ်)",2.0,3.0,3.0,4.0,5.0,"The text provides a political commentary on the 2008 Constitution and rule of law in Myanmar. It uses logical arguments to connect specific incidents to systemic issues. It is written in natural, authentic Burmese, reflecting local political discourse and cultural context, though it contains some informal conversational elements."
<urn:uuid:dc1126b6-eed4-4eba-b9be-128a448121b4>,"ပတ်စဉ်သင်းအုပ်ပေးစာ ၂၀၂၂ ခုနှစ်၊ မေလ (၁) ရက်
ချစ်သောညီအစ်ကိုတို့၊
ကောလောသဲသြဝါဒစာနှင့် မိတ်ဆက်ခြင်း
၁။ ကောလောသဲသြဝါဒစာသည် ဧဖက်သြဝါဒစာနှင့် အမွာစာပေများ ဖြစ်ကြသည်။
၂။ အကြောင်းမှာ-
က။ တူသောအကြောင်းအရာများစွာ ရှိသည်။
ခ။ ချပြထားသော ခံယူချက်များသည်လည်း လွန်စွာမှ တူကြသည်။
၃။ သို့သော်၊ မတူခြားနားသောအချက်များလည်း ရှိသည်။
က။ ကောလောသဲအသင်းတော်သည် ပေါလုတည်ထောင်သောအသင်းတော် မဟုတ်။
ခ။ ဧဖက်သြဝါဒစာ၌ မတွေ့ရသော ပြဿနာများကို ပေါလုသည် ကောလောသဲသြဝါဒစာ၌ ကိုင်တွယ်ဖြေရှင်းရသည်။
ဂ။ ကောလောသဲအသင်းတော်၌ ရှိသောပြဿနာများကို ထိုအသင်းတော်၏သင်းအုပ်ဆရာ ဧပဖြောဒိတ်ထံမှ သိရှိရသည်။
ဃ။ ဧပဖြောဒိတ်က မိမိဦးဆောင်သော အသင်းတော်၏ပြဿနာများကို ဖြေရှင်းပေးရန် ပေါလုအား ချဉ်းကပ်သည်မှာ ငြင်းဖွယ်မရှိဖြစ်သည်။
၄။ အကျွနုပ်တို့ရွေးချယ်သော ချဉ်းကပ်နည်း
က။ ကောလောသဲသြဝါဒစာကို ရိုးရိုးလေး လေ့လားသွားကြမည်။
ခ။ တမန်တော်ပေါလုထံ၌ နည်းခံ၍ မိမိတို့ကိုယ်တိုင်သည် ကျွမ်းကျင်သော သင်းအုပ်ဆရာ တစ်ပါး ဖြစ်လာကြဖို့ သင်ယူကြစို့။
ဂ။ အသင်းတော်ပြဿနာများကို ထိရောက်စွာ ကိုင်တွယ်ဖြေရှင်းကြရမည်။ သို့မဟုတ်လျှင်၊ ထိုပြဿနာတို့သည် အချိန်ကာလကြာသောအခါ အသင်းတော်ကို ဆိုးဝါးစွာ ထိခိုက်နစ်နာ စေနိုင်သည်။
ဃ။ အသင်းတော်များကို ဦးဆောင်ထိန်းကျောင်းရာ၌ လိမ္မာ၍ ကျွမ်းကျင်တတ်မြောက်သော သင်းအုပ်ဆရာများ ဖြစ်လာသည်တိုင်အောင် ကြီးထွားကြမည်အကြောင်း ကြိုးစားကြစို့။
ဆင်ခြင်နှလုံးသွင်းခြင်း
၁ ဘုရားသခင်၏ အလိုတော်အားဖြင့် ယေရှုခရစ်၏ တမန်တော်ဖြစ်သော ငါပေါလုနှင့် ငါညီတိမော သေသည်၊
၂ ကောလောသဲမြို့၌နေသော သန့်ရှင်းသူတည်းဟူသော၊ ခရစ်တော်ကို ယုံကြည်သောညီအစ်ကိုတို့ကို ကြားလိုက်ပါ၏။ သခင်ယေရှုခရစ်နှင့် ငါတို့အဘတည်းဟူသော ဘုရားသခင်အထံတော်က ကျေးဇူးတော်နှင့် ငြိမ်သက်ခြင်းသည် သင်တို့၌ ရှိပါစေသော။
(ကော ၁း၁-၂)
လေ့လာတွေ့ရှိချက်နှင့် အနက်ဖွင့်ခြင်း
၁။ ပေါလုသည် မိမိကိုယ်ကို ပွင့်လင်းစွာ မိတ်ဆက်လိုက်သည်။
က။ သူသည် သခင်ယေရှုခရစ်တော်၏ တမန်တော် ဖြစ်သည်။
ခ။ သူ၏တမန်တော်အရာသည် ခန့်အပ်ခြင်းကြောင့် ဖြစ်သည်။
ဂ။ သူသည် ဘုရားသခင်၏အလိုတော်အားဖြင့် တမန်တော်ဖြစ်လာသည်။
၂။ “တမန်တော်တစ်ဦးဖြစ်လာနိုင်ခြေလမ်းစဉ်” အတိုင်း ပေါလုကို စစ်ဆေးမည်ဆိုပါက၊ ပေါလုသည် တမန်တော်တစ်ပါးဖြစ်လာဖို့ အရည်အချင်း မရှိပေ။
က။ သူသည် သခင်ခရစ်တော်၏ ကနဦးတပည့်တော်တို့၌ စာရင်းမဝင်။
ခ။ ကနဦးတပည့်တော်တို့ကဲ့သို့ အစကတည်းက ခရစ်တော်၏တပည့် မဖြစ်ခဲ့။
ဂ။ သို့သော်၊ ဘုရားသခင်၏ဖွင့်ဟသော အလိုတော်နှင့်အညီ၊ ပေါလုသည် တမန်တော်တစ်ပါး ဖြစ်လာသည်။
ဃ။ သူသည် “တမန်တော်တစ်ပါး” အဖြစ်ရိုးရှင်းစွာ သိမှတ်ခြင်းခံရသည် (တ ၁၄း၁၄)။
၃။ ကောလောသဲယုံကြည်သူများထံသို့ ပေးစာ ရေးသားပေးပို့ခြင်း
က။ ပေါလု ရေးသားဟန်
(၁) သဘောထားကြီး၍ စာနာသည်။
(၂) စိတ်နှလုံးနှိမ့်ချ၍ ချစ်ခင်ရင်းနှင်းတတ်သည်။
ခ။ ကောလောသဲ ယုံကြည်သူများကို
(၁) ညီအစ်ကိုတို့၊
(၂) သန့်ရှင်းသူတို့၊ ဟုသတ်မှတ်ခေါ်တွင်သည်။
(၃) ဤအချက်သည် ပေါလု၏ချစ်ခင်မြတ်နိူးတတ်သောသဘောကို ပေါ်လွင်ထင်ဟပ်စေသည်။
အသက်တာနှင့် အမှုတော်မြတ်၌ လက်တွေ့ဖော်ဆောင်ခြင်း
တမန်တော် ပေါလု၏စိတ်ဓါတ်ကို အတုယူကြစို့။
ဆုတောင်းလျက်
ပါစတာ ချားလ်(စ်)တန်",3.0,3.0,3.0,5.0,4.0,"The document is a structured theological study guide. It provides clear, logical analysis of biblical texts, suitable for religious education. It is well-formatted, uses natural Burmese, and reflects the specific linguistic and cultural context of the Burmese Christian community, though it is specialized in its subject matter."
<urn:uuid:5cf436d5-72aa-4c0a-b40d-f14b53d55026>,"မြန်မာနိုင်ငံအပါအ၀င် ကမ္ဘာတ၀ှမ်းမှာ ပြီးခဲ့တဲ့နှစ်အတွင်း ဘာသာရေးလွတ်လပ်ခွင့် အခြေအနေဟာ အကြီးအကျယ် လျော့ကျသွားခဲ့တဲ့အကြောင်း အမေရိကန်ပြည်ထောင်စု ဘာသာရေး လွတ်လပ်ခွင့်ဆိုင်ရာ ကော်မရှင်က တနလာင်္နေ့မှာ အစီရင်ခံစာ ထုတ်ပြန်ပါတယ်။ မြန်မာနိုင်ငံ အခြေအနေနဲ့ ပတ်သက်လို့ ပြီးခဲ့တဲ့နှစ် ၂၀၁၅ ရွေးကောက်ပွဲ မကျင်းပသေးခင် အခြေအနေကို အစီရင်ခံစာက အဓိကထား ရေသားတာ ဖြစ်ပေမယ့် အစိုးရသစ်အနေနဲ့ ဘာသရေးလွတ်လပ်ခွင့် တိုးတက်အောင် ဘာတွေ ဆောင်ရွက်သင့်တယ်ဆိုတဲ့ အချက်ကိုလည်း ထည့်သွင်းရေးသားထားပါတယ်။ အပြည့်အစုံကို ကိုသိန်းထိုက်ဦးက တင်ပြပါလိမ့်မယ်။
ကမ္ဘာတ၀ှမ်း အာဏာရှင်ဆန်တဲ့ အစိုးရတွေလက်အောက်မှာ ဘာသာရေး ယုံကြည်ချက်ကြောင့် လူတွေ ဖမ်းဆီးထောင်ချ ခံနေရတဲ့အကြောင်း၊ အဲဒီအထဲမှာ မကြခဏဆိုသလို ဖမ်းဆီးခံရသူ အများစုဟာ ခရစ်ယာန်နဲ့ မူဆလင်တွေ ဖြစ်ကြတဲ့အကြောင်း ကော်မရှင်ရဲ့ အစီရင်ခံစာက ဖေါ်ပြပါတယ်။ အီရန်၊ မြောက်ကိုရီးယား၊ ဆူဒန်စတဲ့ နိုင်ငံတွေက ဘာသာရေးဖိနှိပ်မှုတွေကို ထုတ်ဖေါ်ပြောဆိုတဲ့ တချိန်တည်းမှာ အမေရိကန် အစိုးရနဲ့ မဟာမိတ်အဖြစ် လက်တွဲနေတဲ့ ဗီယက်နမ်နဲ့ အီဂျစ်နိုင်ငံတွေက ဘာသာရေး ဖိနှိပ်မှုတွေကိုလည်း USCIRF အမေရိကန်ပြည်ထောင်စု နိုင်ငံတကာ ဘာသာရေး လွတ်လပ်ခွင့် ကော်မရှင်အဖွဲ့ရဲ့ အစီရင်ခံစာ မှာ ရေးသားထားပါတယ်။
နိုင်ငံပေါင်း ၃၀ ကျော်က ဘာသာရေး ဖိနှိပ်မှုတွေကို အစီရင်ခံ တင်ပြထားတဲ့ တချိန်တည်းမှာ မြန်မာ၊ မြောက်ကိုရီးယား၊ တရုတ်၊ စတဲ့ အာရှ သုံးနိုင်ငံ အပါအ၀င် ၁၀ နိုင်ငံကို အထူးစိုးရိမ်ရတဲ့ နိုင်ငံတွေ စာရင်းမှာ ဆက်ပြီး ထည့်သွင်းဖို့ အမေရိကန်နိုင်ငံခြားရေး ၀န်ကြီးဆီ အဆိုပြုထားတာ ဖြစ်ပါတယ်။
မြန်မာနိုင်ငံနဲ့ ပတ်သက်လို့ မြန်မာအစိုးရက ဘင်္ဂလီလို့ခေါ်တဲ့ ရိုဟင်ဂျာတွေ အပေါ်မှာ ဘာသာရေး လူမျိုးရေး အကြောင်းပြ ဖိနှိပ်မှုတွေ ရှိနေတယ်ဆိုတာကို အစီရင်ခံစာက ဖေါ်ပြပါတယ်။ အစီရင်ခံစာပါ အချက်တွေနဲ့ပတ်သက်လို့ အမေရိကန် ပြည်ထောင်စု နိုင်ငံတကာ ဘာသာရေးလွတ်လပ်ခွင့် ကော်မရှင် အဖွဲ့ကြီးရဲ့ အရှေ့အာရှရေးရာ သုတေသနမှူးTina Mufford က ဗွီအိုအေကို အခုလို ပြောပါတယ်။
“ အမုန်းတရား ပျံ့ပွားအောင် ထုတ်ဖေါ်ပြောဆိုတာတွေ၊ အထူးသဖြင့် မူဆလင်တွေအပေါ်၊ ဗုဒ္ဓဘာသာ မဟုတ်တဲ့ သူတွေအပေါ် အကြမ်းဖက်မှုတွေ ရှိနေတာကို ကျမတို့ တွေ့ခဲ့ရပါတယ်။ လူမျိုးရေး ဘာသာရေးအရ ခွဲခြားတဲ့ ဥပဒေလေးခုကို အတည်ပြုခဲ့တာလည်း ရှိပါတယ်။ မူဆလင်တွေ အနေနဲ့ ရွေးကောက်ပွဲမှာ မဲပေးပိုင်ခွင့် ဆုံးရှုံးခဲ့တာတွေ ရှိသလို၊ ရွေးကောက်ပွဲမှာ ကိုယ်စားလှယ်အဖြစ် ပါဝင် ယှဉ်ပြိုင်ခွင့် မရှိခဲ့တာတွေလည်း တွေ့ခဲ့ရပါတယ်။”
အစီရင်ခံစာမှာ တိုင်းရင်းသား လူမျိုးစုဒေသတွေက ခရစ်ယာန် ဘာသာရေး လူနည်းစုတွေကို ပစ်မှတ်ထားတဲ့ ခွဲခြား ဆက်ဆံမှုတွေအကြောင်းကိုလည်း ထည့်သွင်းထားပါတယ်။ ၂၀၁၁ ခုနှစ်နောက်ပိုင်း ကချင်ပြည်နယ်မှာ အနည်းဆုံး လူတစ်သိန်း လောက် ပြည်တွင်း အိုးမဲ့အိမ်မဲ့အဖြစ် ထွက်ပြေးတိမ်းရှောင်နေရပြီး အဲဒီထဲက အများစုဟာ ခရစ်ယာန် ဘာသာဝင်တွေ ဖြစ်တယ်လို့ ဆိုပါတယ်။
မြန်မာနိုင်ငံအနေနဲ့ ပြည်သူတွေရဲ့ အခြေခံ အခွင့်အရေး၊ နိုင်ငံရေး အခွင့်အရေးတွေကို ကာကွယ်ပေးနိုင်မယ့် နိုင်ငံတကာ သဘောတူညီချက်တွေမှာ ပိုပြီး ပါဝင်လာအောင် တွန်းအားပေးဖို့ အမေရိကန် အစိုးရကို တိုက်တွန်းထားပါတယ်။ တချိန်တည်းမှာ ဘာသာရေးဆိုင်ရာ လူနည်းစု၊ တိုင်းရင်းသား လူမျိုးစုတွေရဲ့ လွတ်လပ်စွာ ကိုးကွယ်ခွင့်ကို အာမခံနိုင်မယ့် ဥပဒေတွေ ပြဌာန်းပြီး ခိုင်ခိုင်မာမာ ကျင့်သုံးနိုင်အောင် တိုက်တွန်းဖို့လည်း အမေရိကန်ပြည်ထောင်စုကို အဆိုပြုထားပါတယ်။ အရှေ့အာရှရေးရာ သုတေသနမှူး Tina Mufford က အခုလို ဆက်ပြောပါတယ်။
“ကျမတို့ ဘက်က အဆိုပြုချက်တွေဟာ ယေဘူယျအားဖြင့် အမေရိကန် အစိုးရကို အဓိက တင်ပြတာဖြစ်ပါတယ်။ ဒါပေမဲ့လည်း နောင် အာနာဂတ် မှာ ရှေ့ဖြစ်လာဖို့ မျှော်လင့်တဲ့ အလားအလာတွေကို အဆိုပြုတာ ဖြစ်ပါတယ်။ လာမယ့်နှစ်တွေ အတွင်း မြန်မာအစိုးရက တိုးတက်အောင် ဆောင်ရွက်လာမယ်လို့ မျှော်လင့်တဲ့ မျှော်လင့်ချက်တွေကို ထင်ဟပ်နေတယ်လို့ ပြောရမှာပါ။ ဧပြီလ ၁၄ ရက်နေ့ကလည်း ဒီကိစ္စကို ကျမတို့ ကြေညာချက် တစောင် ထုတ်ပြန်ခဲ့ပါသေးတယ်။”
ဧပြီလ ၁၄ ရက်နေ့က ထုတ်ပြန်တဲ့ USCIRF ရဲ့ ကြေညာချက် က မြန်မာနိုင်ငံမှာ ရွေးကောက်ပွဲအနိုင်ရ အစိုးရသစ်ကို အဓိက ဦးတည် ထုတ်ပြန်ခဲ့တာပါ။ မြန်မာ အစိုးရသစ် အနေနဲ့ ဘာသာရေး ဒါမှမဟုတ် ယုံကြည်မှုဆိုင်ရာ လွတ်လပ်ခွင့်ကို အကာအကွယ်ပေးပြီးတော့ နှစ်သစ်ကို စတင်ပါလို့ ကော်မရှင်က တိုက်တွန်းခဲ့ပါတယ်။
နှစ်ပေါင်း ၅၀ ကျော်အတွင်း ရွေးချယ်ခံ ပထမဆုံး အရပ်သား သမ္မတ ဦးဆောင်တဲ့ မြန်မာအစိုးရအနေနဲ့ ဒီမိုကရေစီ၊ လူ့အခွင့် အရေးနဲ့ ဘာသာရေး လွတ်လပ်ခွင့် အပါအ၀င် တရားဥပဒေ စိုးမိုးရေးတွေအပေါ် ခိုင်မာတဲ့သန္နိဋ္ဌာန် ရှိတယ် ဆိုတာကို သက်သေပြ ရမယ်လို့လည်း USCIRF ကပြောဆိုထားပါတယ်။
ဒီကော်မရှင်ဟာ ကမ္ဘာတ၀ှမ်း ဘာသာရေး လွတ်လပ်ခွင့် ဒါမှမဟုတ် ကိုးကွယ် ယုံကြည်မှုဆိုင်ရာ လွတ်လပ်ခွင့်တွေကို စောင့်ကြည့် လေ့လာတဲ့ သီးခြား လွတ်လပ်တဲ့ ကော်မရှင်တခု ဖြစ်ပါတယ် ခင်ဗျား။",3.0,3.0,3.0,5.0,4.0,"The text is a well-structured news report on international religious freedom, suitable for educational use. It provides clear, logical summaries of reports and expert commentary. It is clean, professional, and uses natural, formal Burmese appropriate for journalistic reporting, reflecting local political and social contexts accurately."
<urn:uuid:cc907bfc-f653-4ec3-ad4a-b81357a56048>,"လိပ်ကျွန်း လူသတ်မှုနဲ့ပတ်သက်ပြီး မြန်မာလူငယ် ၂ ဦးအပေါ် သေဒဏ် စီရင်ချက်ကို ထပ်ပြီးအတည်ပြုလိုက်တဲ့ တရားရုံးရဲ့ဆုံးဖြတ်ချက်ဟာ ထိုင်းနိုင်ငံရဲ့ တရားစီရင်ရေးဆိုင်ရာ ပြဿနာတခု ဖြစ်တယ်လို့ ထိုင်းနိုင်ငံ လူ့အခွင့်အရေး ရှေ့နေများအသင်းက ပြောကြားလိုက်ပါတယ်။ ဒီအမှု စစ်ဆေးစဉ်မှာ သံသယဖြစ်စရာ အခြေအနေတွေ ကြုံခဲ့ရတယ်လို့ ဒီအမှုကို အနီးကပ်စောင့်ကြည့်ခဲ့သူတွေကလည်း သုံးသပ်ပါတယ်။ အကြောင်းစုံကို ကိုဉာဏ်ဝင်းအောင်က တင်ပြမှာပါ။
ကော့တောင် အပန်းဖြေစခန်းရှိရာ လိပ်ကျွန်း လူသတ်မှုနဲ့ပတ်သက်လို့ သေဒဏ်ပေးခံထားရတဲ့ မြန်မာရွှေ့ပြောင်းအလုပ်သမား လူငယ် ၂ ဦးရဲ့ နောက်ဆုံး အယူခံလွှာကို ထိုင်းတရား လွှတ်တော်ချုပ်က ငြင်းဆိုလိုက်ပြီး သြဂုတ်လ ၂၉ ရက်နေ့မှာ သေဒဏ်အမိန့် ပြန်လည်ချမှတ် လိုက်ပါတယ်။
ထိုင်းတရားရုံးရဲ့ ဒီဆုံးဖြတ်ချက်ဟာ ထိုင်းနိုင်ငံရဲ့ တရားစီရင်ရေးဆိုင်ရာ ပြဿနာတခုဖြစ်တယ်လို့ ထိုင်းနိုင်ငံ လူ့အခွင့်အရေးရှေ့နေများ အသင်း (Human Rights Lawyers Association- Thailand)ရဲ့ ဒါရိုက်တာ Nadthasiri Bergman ကပြောပါတယ်။
“ ဒီလူငယ် ၂ ဦးစလုံးက သူတို့ ဘာအခွင့်အရေးတွေ ရနိုင်တယ်ဆိုတာကိုတောင် ၊ မသိခဲ့ကြဘူးဆိုတာ ကျမတို့ အစထဲက ရှင်းရှင်းလင်းလင်း ပြောခဲ့ပါတယ်။ လူသတ်မှုကို ဝန်ခံလိုက်ချိန်မှာ ရှေ့နေတွေနဲ့ တိုင်ပင်ခဲ့တာမျိုး မရှိသလို ၊ ဒီလိုဝန်ခံမိလို့ ဘာတွေ ဆက်ဖြစ်လာမလဲ ဆိုတာကိုလည်း သူတို့ မသိကြပါဘူး။ စကားပြန် လုပ်ပေးမယ့်သူတောင် မရှိခဲ့တာပါ။ ဆိုတော့ မျက်မြင်သက်သေတဦးအဖြစ် သူတို့ ထွက်ဆိုခဲ့တဲ့ အချက်လက်တွေနဲ့ပဲ သူတို့အပေါ် တရားစွဲဆို လိုက်တာဖြစ်တဲ့အတွက် ဒီအချက်တွေကိုသုံးပြီး၊ သူတို့အပေါ် ပြစ်ဒဏ်စီရင်ချက် ချတာဟာ တရားရေးဆိုင်ရာ ပြဿနာတခု ဖြစ်နေပါတယ်။ ”
Nadthasiri ဟာ သေဒဏ်ချခံရတဲ့ ကိုဝင်းဇော်ထွန်း၊ ကိုဇော်လင်းတို့ရဲ့ အမှုလိုက်ရှေ့နေလည်း ဖြစ်ပါတယ်။ ဒီလိပ်ကျွန်းအမှုကို ကြည့်ရင် စစ်ဆေးနေစဉ်မှာ သံသယဖြစ်စရာ အခြေအနေတွေ ကြုံခဲ့ရတယ်လို့ ဒီအမှုကို အနီးကပ်စောင့်ကြည့်နေတဲ့ ဂျာမနီနိုင်ငံက ထိုင်း-မြန်မာအရေး လေ့လာသူ စိုင်းဝမ်စိုင်းက ထောက်ပြပါတယ်။
“ DNA တွေကို ရယူပုံ စစ်ဆေးပုံတွေက လုံးဝ မမှန်ကံဘူးပေါ့။ နောက်တချက်က အမှုက ဒီကောင်လေးတွေ ကျူးလွန်တာမဟုတ်ဘူးလို့ ကလေးတွေ ထွက်တယ်လေ။ အဲဒီ ကေ့ာတောင်ကျွန်က အာဏာကြီးတဲ့ မာဖီးယားလို သူ့သားနဲ့ အပေါင်းအပါတွေပါဆိုပြီး အဲဒီသတင်းတွေ တက်လာတယ်။ အဲဒီအချက် ၂ ချက်ကို ကြည့်ချင်းအားဖြင့် သူတို့မှာ ခိုင်မာတဲ့ဟာမရှိဘူးလို့ ယိုးဒယားသတင်းစာမှာလည်း ရေးတာ ကျနော်ဖတ်ဖူးတယ်။ ဆိုတော့ သူတို့က ဇွတ်ကြီး အဲဒီ ၂ ယောက်ကို သေမိန့်ချတယ်လို့ ကျနော်ထင်တယ်။”
အခုဆိုင်ရင် အမှုအတွက် နောက်ဆုံးမျှော်လင့်ချက်အဖြစ် ထိုင်းဘုရင်မင်းမြတ်ထံ အသနားခံလွှာ တင်ဖို့ တဆင့်သာကျန်တော့တာပါ။ ထိုင်းဘုရင်ကသာ စဉ်းစားပေးမယ်ဆိုရင် သေဒဏ်ကနေ တသက်တကျွန်း နှစ်ရှည်ထောင်ဒဏ်အဖြစ် ပြောင်းလဲလာနိုင်သလို၊ ထောင်တွင်း စည်းကမ်းလိုက်နာမှု ကောင်းမွန်တယ်ဆိုရင် ထောင်ဒဏ်တွေ ထပ်လျော့နိုင်ပြီး၊ ဘုရင့်မွေးနေ့လို အခါမျိုးမှာလည်း ထပ်ပြီးလျော့လာနိုင်တယ် လို့ ထိုင်းသတင်းစာတွေက ရေးပါတယ်။
မြန်မာလူငယ် ၂ ဦး ပြစ်ဒဏ်လျော့ပေါ့ပြီး ပြန်လွတ်လာနိုင်ဖို့အတွက် မြန်မာနိုင်ငံသားတွေရော၊ မြန်မာအစိုးရကပါ ကြိုပမ်းအားထုတ်သင့် တယ်လို့ ထိုင်းနိုင်ငံမှာ နှစ်ပေါင်းများစွာနေလာတဲ့ ဒေါက်တာနိုင်အောင်က သုံးသပ်ပါတယ်။
“အခုက အယူခံအဆင့်ပြီးသွားပြီဆိုတော့ ဒီ ထိုင်းဘုရင်နဲ့ပဲ ဆိုင်တာပေါ့နော် အဲဒီမှာ ပြောနေတာကတော့ အစိုးရကနေပြီး ၀င်ပြောရင်တော့ ပိုပြီးတော့ စဉ်းစားပေးကောင်း စဉ်းစားပေးနိုင်တယ်ပေါ့။ အဲဒါဆိုတော့ ပိုအလေးသာတာပေါ့။ နောက်တခုက ကျနော့်အနေနဲ့ မြင်တာကတော့ မြန်မာပြည်သူတွေအနေနဲ့ လူများများထောက်ခံတဲ့ လက်မှတ်ရေးထိုး တာလေးတခုတော့ လုပ်လိုက်ရင်ကောင်းတယ်။ အဲဒီလို လုပ်စေချင်တယ်ဆိုတာက အခု လက်ရှိ ထိုင်းဘုရင်က ကျနော်တို့မြန်မာလူမျိုးတွေအပေါ် သိပ်ပြီးတော့ စာနာသနားစိတ် သိပ်ရှိလှတာမဟုတ်ဘူးလို့ ကြားဖူးတယ်။”
ဗြိတိသျှ လူငယ်တွေဖြစ်တဲ့ Hannah Witheridge နဲ့ David Miller တို့နှစ်ဦး ၂၀၁၄ စက်တင်ဘာလထဲ အသတ်ခံခဲ့ရပြီး နှစ်ပတ်အကြာမှာ ကိုဝင်းဇော်ထွန်းနဲ့ ကိုဇော်လင်းတို့ကို ဖမ်းဆီးပြီး လူသတ်၊ မုဒိမ်း၊ လုယက် စတဲ့အမှု ၇မှုနဲ့စွဲကာ ၂၀၁၅ နှစ်ကုန်ပိုင်း ထိုင်း ကော့စမွေ တရားရုံးက အမြင့်ဆုံး သေဒဏ်ချမှတ်ခဲ့ပါတယ်။",2.0,3.0,3.0,5.0,5.0,"The text is a well-structured news report about a high-profile legal case. It provides educational value regarding legal processes and human rights, demonstrates logical analysis of the trial's flaws, and uses natural, authentic Burmese language appropriate for a news context. It is clean, coherent, and free of significant noise."
<urn:uuid:9beef859-f1e1-4f86-a538-8442593b9b48>,"‘လွှမ်းမိုးမှုခံရမှာ’ နဲ့ ‘ဖောက်ထွက်ရမှာ’ ဆိုလား။
ရှောင်ပါ၊မကြည့်ပါနဲ့။ ပယ်ပါ၊မဖတ်ပါနဲ့။ ဘယ်သူ့ကဗျာဖတ်မိရင်သူ့လွှမ်းမိုးမှုခံသွားရမယ်ဆိုလား။ သူ့ကဗျာကြိုက်မိရင်လိုက်တုရေးမိမယ်ဆိုလား။ မိမိရဲ့ကိုယ်ပိုင်အသံ ကိုယ်ပိုင်ဟန် ပျောက်သွားလိမ့်မယ်ဆိုလား။ သူဟိုလိုရေးရင်ကိုယ်ဒီလိုဖောက်ထွက်ရမယ်ဆိုလား။ သူနဲ့မတူ ကွဲပြားခြားနားနိုင်သလောက်ရေးရမယ်ဆိုလား။
ရှောင်ပါ၊ကျဉ်ပါ၊ပယ်ပါ၊ကင်းပါ၊ကိစ္စမရှိပါဘူး။ ကိုယ့်ကဗျာဟာကဗျာဟုတ်မဟုတ်၊ ကိုယ့်ကဗျာဟာကဗျာဖြစ်မဖြစ်၊ ကိုယ့်ကဗျာဟာကဗျာကောင်းမကောင်း၊ ဘာနဲ့ယှဉ်ကြည့်မလဲ၊ ဘာနဲ့တိုင်းတာမလဲ၊
ဘာနဲ့ဘယ်လိုသက်သေပြမလဲ။
ဘာကနေဘာကိုဘာဖြစ်လို့ဘယ်လို’ဖောက်ထွက်’မလဲ။
ဘယ်ကဗျာဆရာမှသူ့ချည့်သက်သက်မရပ်တည်ဘူး။ ပဝေသဏီကတည်းကကဗျာယဉ်ကျေးမှုကြီးတစ်ခုလုံးရှိ
ပြီးကိုယ့်ရဲ့ဆန်းအောင်ပြုခြင်းသစ်အောင်ပြုခြင်းကို
အဲဒီယဉ်ကျေးမှုအစဉ်အလာကြီးတစ်ခုလုံးနဲ့တိုင်းရတာလို့ တီအက်စ်အဲလိယစ်တ်ပြောခဲ့ဘူးတယ် Tradition and Individual Talent essay မှာ (၁၉၂၀လောက်က)။
အစဉ်အလာနဲ့ယတိပြတ်ဖြတ်လိုက်တဲ့မော်ဒန္နဇင်မ်တောင်မှအစဉ်အလာရဲ့ဘယ်အကဏ္ဍတွေကိုလုံးလုံးပယ်တယ်၊ ဘယ်ကဏ္ဍတွေကိုတော့အသွင်သစ်ပြောင်းယူတယ်၊ ဘယ်ကဏ္ဍမှာတော့လုံးလုံးလျားလျားအသစ်ပြုလုပ်တယ်၊စသည်ဖြင့်။ ဆိုလိုတာက စည်းတွေရှိတယ်။ စည်းဟောင်းတွေဖြိုချလိုက်ပေမယ့်စည်းသစ်တွေပြုလုပ်ရတာဖြစ်တယ်။ကိုယ့်ကိုကိုယ် ပါရမီရှင်လို့ယူဆထားရင်
တော့တစ်မျိုးပေါ့။
မြန်မာမော်ဒန်ကဗျာကမိုးပေါ်ကကျလာတာမဟုတ်သလို ရေးချင်တာရေး ကဗျာဖြစ်တယ် ဆိုတဲ့ ပရမ်းပတာကိစ္စလည်းမဟုတ်ခဲ့ဘူး။
‘စမ်းသပ်ကဗျာ/အရေးအသား’ ဆိုတာဧကန်ရှိတယ်။
သစ်လွင်တာကိုယူတယ်။မအောင်မြင်တာကိုထားခဲ့တယ်။
‘ကဗျာကောင်းကောင်းရေးချင်သူ ဘယ်ကဗျာဆရာမဆိုဟာ လုပ်ချင်တိုင်းလုပ်လို့ရသလို free လွတ်လပ်နေတာမဟုတ်ဘူးလို့လည်း အဲလိယစ်တ်ပဲပြောခဲ့ပါတယ်။
အမေရိကန်အမျိုးသား Poet Laureate ဖြစ်ခဲ့ဘူးသူ အမေရိကန်ကဗျာဆရာ Robert Haas ဟာ သူလေးစားကြည်ညိုလွန်းတဲ့ ပိုလန်ကဗျာဆရာ ချက်ရ်ှဝါ မီဝါရှ် Czeslaw Milosz ကိုအိမ်မှာကိုခေါ်တင်ထားပြီး မီဝါ့ရ်ှနေ့စဉ်ရေးတာကိုသူဖတ်ရှုပြီးလိုလိုလားလား
ဩဇာခံယူခဲ့ရတာပါလို့ပြောတဲ့စကားဟာ ကဗျာဆရာတစ်ယောက်နဲ့တစ်ယောက်ပေါ်ချစ်ခြင်း၊တန်ဘိုးထားခြင်းနဲ့ဂုဏ်ပြုထိုက်သူကိုဂုဏ်ပြုခြင်းဆိုတဲ့အရိုး
ရှင်းဆုံးကိစ္စကိုအရိုးရှင်းဆုံးပြောလိုက်တာပဲဖြစ်ပါတယ်။
စဉ်းစားမိတာပြောပါတယ်။
ကဗျာအကြောင်းပြောပါတယ်။
ဇယလ
၂၇ စက် ‘၁၉",3.0,3.0,3.0,5.0,4.0,"The text provides a thoughtful, coherent essay on literary theory, specifically regarding poetic influence and tradition. It references T.S. Eliot and Robert Haas, offering educational value for literature students. The reasoning is logical and multi-layered. It is written in natural, authentic Burmese, reflecting local literary discourse and cultural context."
<urn:uuid:a3387c1f-5f0f-476a-829d-79e371ca2980>,"စိတ်ပိုင်းဆိုင်ရာ ကြံ့ခိုင်ရေး - အကောင်းမြင်တတ်ခြင်း
အကောင်းမြင်တတ်ခြင်းဆိုတာ စိတ်ဓာတ်ကြံ့ခိုင်ရေးအတွက် အုတ်မြစ်တစ်ခုဖြစ်ပြီး တွေ့ကြုံလာတဲ့ ဖြစ်ရပ်တွေ၊ အဖြစ်အပျက်တွေမှာ ရလဒ်ကောင်းတွေ ရှိနိုင်တယ်လို့ ယုံကြည်ထားတာပဲ ဖြစ်ပါတယ်။
အကောင်းမြင်ခြင်းနဲ့ အဆိုးမြင်ခြင်းဆိုတာ အဆက်မပြတ် လည်နေတဲ့ ဝင်ရိုးတစ်ခုပေါ်မှာ တည်ရှိနေပါတယ်။ အစွန်းတစ်ဖက် တစ်နေရာမှာတော့ စိတ်ကူးယဉ်ဆန်လောက်အောင် အကောင်းမြင်နိုင်တာမျိုး ရှိပါတယ်။ ကိုယ့်ဆီကိုလာမယ့် အန္တရာယ်ကိုတောင် မမြင်နိုင်လောက်တဲ့အထိ ရလဒ်ကောင်းတွေကိုပဲ မျှော်လင့်နေတာမျိုးပေါ့။
ဒီလိုပဲ တခြားတစ်ဖက်မှာလည်း လက်တွေ့မကျလောက်အောင် အဆိုးမြင် တတ်ပါတယ်။ ကိစ္စတစ်ခုမှာ ကြုံတွေ့လာနိုင်တဲ့ ဆုံးရှုံးမှုတွေနဲ့ အန္တရာယ်တွေကိုပဲ အာရုံစိုက်မိနေတာမျိုး။ အခန့်မသင့်ရင် ကိုယ်ကိုယ်တိုင်ဖြစ်ဖြစ်၊ တခြားသူတွေကို ဖြစ်ဖြစ် အပြစ်တင်တာမျိုးတွေ ရှိလာပြီး နာတာရှည် စိတ်ကျရောဂါ ဒါမှမဟုတ် စိုးရိမ်ပူပန်တာတွေ ခံစားရတဲ့အထိ ဖြစ်သွားနိုင်ပါတယ်။
အကောင်းမြင်တတ်တဲ့ သဘောထားရှိတဲ့သူ တစ်ယောက်က နှလုံးသွေးကြောဆိုင်ရာ ကျန်းမာရေးနဲ့ ကိုယ်ခံစွမ်းအားစနစ် ပိုကောင်းတတ်တယ်လို့ သိပ္ပံနည်းကျ လေ့လာမှုတွေမှာ သက်သေပြထားပါတယ်။
တချို့သူတွေကတော့ တကယ့်တကယ် အလယ်အလတ် သဘောထား ရှိတာဟာ အကောင်းဆုံးနေရာဖြစ်တယ်လို့ ငြင်းခုံနိုင်ပေမဲ့ လက်တွေ့ပြင်ပမှာ ကျွန်ုပ်တို့ဟာ လူသားတွေဖြစ်ပြီး ဒီလို ခံစားချက်တွေဆိုတာ လူသားတိုင်းမှာ ရှိနေတာပါ။
စိတ်ပိုင်းဆိုင်ရာ ကြံ့ခိုင်စေဖို့ လက်တွေ့ကျကျ အကောင်းမြင်စိတ် ထားတတ်ဖို့ဆိုတာကို လေ့ကျင့်မွေးမြူပေးရမှာ ဖြစ်ပါတယ်။ ဘာဖြစ်လာမလဲဆိုတာ စောင့်ကြည့်နေမယ့်အစား ပိုကောင်းတဲ့ အခြေအနေတွေကို ဖန်တီးပေးနိုင်ဖို့၊ အကောင်အထည်ဖော်နိုင်ဖို့ မျှော်လင့်ပြီး ဆောင်ရွက်တတ်အောင် လေ့ကျင့်ပေးရမှာ ဖြစ်ပါတယ်။ အခက်အခဲတွေ၊ အဆင်မပြေမှုတွေကို အကျိုးဖြစ်ထွန်းအောင် အသုံးချတဲ့နည်းလမ်းနဲ့ ချဉ်းကပ်ဖြေရှင်းရမှာပါ။
ပိုပြီး အကောင်းမြင်တတ်လာအောင် လေ့ကျင့်နိုင်မယ့် နည်းလမ်းအချို့ကို လေ့လာနိုင်စေဖို့ ဖော်ပြလိုက်ပါတယ်။
(၁) ပိုနေမြဲ၊ ကျားနေမြဲ အခြေအနေကနေ ရုန်းထွက်ပြီး တစ်ခုခုလုပ်ကြည့်လိုက်ပါ။
အကယ်၍ ရွေးချယ်စရာတစ်ခုက မဖြစ်နိုင်တော့ဘူးဆိုရင် ကိုယ်ရောက်နေတဲ့ အခြေအနေတစ်ခုမှာ ရပ်နေမယ့်အစား အပြောင်းအလဲတစ်ခုခုကို ရှာဖွေလိုက်ပါ။
(၂) အရှုံးထဲက သင်ခန်းစာယူတတ်ပါစေ
တကယ်လို့ တချို့ကိစ္စတွေက ထင်သလိုဖြစ်မလာခဲ့ရင်တောင် ဒီလိုအခြေအနေကနေ သင်ခန်းစာ ယူစရာတွေ အများကြီး ရှိနေသေးတယ်လို့ ကိုယ့်ကိုယ်ကို သတိပေးကြည့်ပါ။
(၃) ကိုယ့်ကိုယ်ကို အပါအဝင် တစ်ပါးသူတွေအပေါ် အပြစ်တင်ခြင်းကို ရှောင်ပါ
အပြစ်တင်ခြင်းဆိုတာ စိတ်ဖိစီးမှုကိုပဲ ပိုရစေနိုင်ပြီး ကိုယ့်ရဲ့စွမ်းအင်ကိုပါ ကျဆင်းစေနိုင်တဲ့အပြင် သင်ယူလေ့လာနိုင်စွမ်းနဲ့ လုပ်ဆောင်နိုင်စွမ်းကို အဟန့်အတား ဖြစ်စေနိုင်ပါတယ်။
ကိုယ့်ရဲ့ ဦးနှောက်ကို ပိုပြီး အကောင်းမြင်တတ်အောင် ထိန်းချုပ်နိုင်ဖို့ အလေ့အကျင့်ပြုလုပ်ပေးဖို့ပဲ လိုအပ်ပါတယ်။ နေ့စဉ်ဘဝမှာ တွေ့ကြုံနေရတဲ့ ကောင်းတဲ့အရာတစ်ခုကို ရှာဖွေပြီး ချရေးကြည့်လိုက်ပါ။ ကိုယ့်ရဲ့ ပတ်ဝန်းကျင်က လူတွေမှာလည်း အကောင်းမြင်စိတ်တွေ လွှမ်းမိုးထားနိုင်မှု ရှိ၊ မရှိ ဆန်းစစ်လေ့လာဖို့လည်း အရေးကြီးပါတယ်။
Naluri ရဲ့ CEO & Co-Founder ဖြစ်တဲ့ Azran Osman Rani ရေးသားထားတဲ့ မူရင်းဆောင်းပါးကို ဒီနေရာမှာ ဖတ်ရှုနိုင်ပါတယ်။
Brought to you by Naluri, an organization providing professional health & life coaching services, and focused on improving the mental & physical health of individuals through the use of behavioural science, data science, & digital design.",4.0,3.0,2.0,4.0,4.0,"The text provides practical, educational advice on mental resilience and optimism. It uses logical steps to explain the balance between optimism and pessimism. The language is natural and culturally appropriate for Burmese readers, though it includes some promotional boilerplate at the end, which slightly impacts the cleanliness score."
<urn:uuid:bb71e1d8-791e-4aa3-a4a8-865331d72e43>,"၀င်ငွေနှစ်ဆတိုးစေမယ့် ဘက်စုံစိုက်ပျိုးမွေးမြူရေးစနစ်
၀င်ငွေနှစ်ဆတိုးစေဖို့ သွင်းအားစုကုန်ကျစရိတ်တွေကို လျော့ချပြီး အကြိုးအမြတ်ပိုမို ရစေမယ့် ဘက်စုံစိုက်ပျိုးမွေးမြူရေး စနစ်လေးကို ပြောပြသွားမှာ ဖြစ်ပါတယ်။ စိုက်ပျိုးရေး လုပ်ကိုင်သူ အများစုက စိုက်ပျိုးရေးတစ်ခုတည်းသာ လုပ်ကိုင်တာများသည့်အတွက် စိုက်ပျိုးရေးက ထွက်လာတယ့် စွန့်ပစ်ပစ္စည်းတွေကို ပြန်လည်အသုံးချနိုင်မယ့်နေရာနည်းပြီး သီးနှံအကြွင်း အကျန်တွေ လေလွင့်ဆုံးရှုံးရတယ်။ ထိုပြသနာကို စိုက်ပျိုးရေးအပြင်မွေးမြူရေးပါ တွဲဖက်လုပ်ကိုင်ခြင်းဖြင့် ဖြေရှင်းနိုင်မှာဖြစ်ပါတယ်။ ဒီအတိုင်းစွန့်ပစ်ရမယ့် သီးနှံအကြွင်းအကျန်တွေကို ဝင်ငွေရရှိဖို့ လုပ်ကြည့်ကြရအောင်နော်။
မွေးမြူရေးကိုတွဲဖက်လုပ်ကိုင်ခြင်းဖြင့် စိုက်ပျိုးရေးမှ ထွက်လာမည့် သီးနှံအကြွင်း အကျန်တွေ၊ ရိုးပျက်တွေကို တိရိစ္ဆာန်တွေကို ကျွေးနိုင်သောကြောင့် တိရိစ္ဆာန်အစာအတွက် ကုန်ကျ စရိတ်ကို သက်သာစေမည့်အပြင် သီးနှံ အကြွင်းအကျန်တွေ ဆုံးရှုံးမှုကိုလဲ လျော့နည်းစေမှာ ဖြစ်ပါတယ်။ ဥပမာ နွားမွေးခြင်းဖြင့် လုပ်သားအင်အားလဲရသလို နွားနို့လဲရသဖြင့် အပိုဝင်ငွေလဲ ရရှိစေမှာ ဖြစ်ပါတယ်။ ထို့ပြင် နွားချေးရရှိသည့်အတွက် အပင်နှင့်မြေဆီလွှာအတွက် သဘာဝ မြေသြဇာကိုရရှိစေမှာ ဖြစ်ပါတယ်။
ငါးမွေးမြူခြင်းကိုလဲ တွဲဖက်လုပ်ကိုင်နိုင်ပါတယ်။ ငါးစာအတွက် အိမ်မီးဖိုချောင်မှထွက်သော သီးနှံအကြွင်းအကျန်များ၊ စိုက်ခင်းမှထွက်သော သီးနှံအကြွင်းအကျန် များအပြင် နွားချေးကိုလည်း ငါးစာအနေနဲ့ ကျွေးနိုင်ပါတယ်။ ငါးမွေးကန်မှရေကို စိုက်ခင်းသို့ လှောင်းခြင်းဖြင့် အပင်များအတွက် အာဟာရဖြစ်စေတယ်။ ထိုနည်းတူပင် ၀က်မွေးမည်ဆိုရင်လဲ ဝက်စာအတွက်လဲ အဆင်ပြေသလို ဝက်ချေးကို ငါးကန်ထဲသို့ ငါးစာအနေနဲ့ကျွေးနိုင်သည်။ အပူပိုင်းဇုန်ရှိ သီးနှံစိုက်ပျိုး၍မဖြစ်ထွန်း သော မြေအချို့မှာ ဆိတ်၊သိုး တို့ကိုနှစ်အနည်းငယ်မွေးမြူခြင်းဖြင့် မြေဆီလွှာကိုပြန်လည် ကျန်းမာ လာစေနိုင်ပါတယ်။ ထို့ပြင် ပိုးမွေးမြူရေးနှင့် ပျားမွေးမြူရေးများနှင့်ပါ တွဲဖက်လုပ်ဆောင်နိုင် ပါတယ်။
လုပ်ငန်းတစ်ခုမှထွက်လာတဲ့ စွန့်ပစ်ပစ္စည်းကို တစ်ခြားတစ်ဖက်မှာ သွင်းအားစုအနေနဲ့ ပြန်သုံးနိုင်သည့်အတွက် သွင်းအားစုကုန်ကျစရိတ်ကို အနည်းဆုံးဖြစ်စေပြီး အကျိုးအမြတ် အများဆုံး ရစေတယ်။ စွန့်ပစ်ပစ္စည်းတွေကို ပြန်လည်အသုံးပြုသည့်အတွက် ပတ်ဝန်းကျင် ညစ်ညမ်းမှုကို လျော့ကျစေတယ်။
စိုက်ပျိုးရာသီမတိုင်ခင်မှာလဲ လုပ်ကိုင်စရာအလုပ်ရှိသောကြောင့် ဝင်ငွေရရှိမှုကို ပိုမိုသေချာ စေနိုင်မှာဖြစ်ပါတယ်။ ဘက်စုံစိုက်ပျိုးမွေးမြူရေးကို လုပ်ဆောင်ခြင်းကြောင့် လုပ်ငန်းတစ်မျိုးမှ အရှုံးပေါ်လျှင်တောင် အခြားလုပ်ငန်းတစ်မျိုးမှ အမြတ်ဖြင့်ကာမိသောကြောင့် ရေရှည်တည်တံ့သော စိုက်ပျိုးထုတ်လုပ်မှု ဖြစ်စေတယ်။ လုပ်ငန်းတစ်ခုမှ စွန့်ပစ်ပစ္စည်းကို အခြားတစ်ခုမှာ အသုံးပြုသော ကြောင့် ပြင်ပမှထပ်မံထည့်သွင်းရသည့် သဘာဝအရင်းအမြစ်ကိုလျော့နည်းစေသောကြောင့် သဘာဝ ပတ်ဝန်းကျင်ကိုလည်းထိန်းသိမ်းပြီးသား ဖြစ်စေနိုင်ပါသည်။
ဝတ်မှုန်သင်း",4.0,3.0,2.0,5.0,4.0,"The text provides practical, coherent advice on integrated farming systems suitable for agricultural education. It uses logical cause-effect reasoning regarding resource recycling. The language is natural, culturally relevant to Burmese farmers, and free of noise or formatting issues, reflecting a well-structured, human-written instructional piece."
<urn:uuid:d53cf04f-8d42-4e1f-bb13-f061b9b9fd07>,"ICC နိုင်ငံတကာ ပြစ်မှုဆိုင်ရာခုံရုံးကနေ ဆူဒန်သမ္မတအပေါ် ဖမ်းဝရမ်းထုတ်တာကို တရုတ်နိုင်ငံက ကန့်ကွက်လိုက်ပြီး၊ ဒီလို လုပ်တာကြောင့် စစ်ဘေးစစ်ဒဏ်ခံနေရတဲ့ ဆူဒန်နိုင်ငံရဲ့အခြေအနေ တည်ငြိမ်ဖို့ အထောက်အကူ ဖြစ်စေမှာ မဟုတ်ဘူးလို့ ပြောလိုက်ပါတယ်။ ဗွီအိုအေသတင်းထောက် Alison Klay တရုတ်နိုင်ငံ ဘေဂျင်းမြို့ကနေ သတင်း ရေးသား ပေးပို့ထားတာကို ကိုသားညွန့်ဦးက တင်ပြထားပါတယ်။
ဆူဒန်သမ္မတ အိုမာ အယ်လ် ဘရှားကို အပြည်ပြည်ဆိုင်ရာရာဇ၀တ်မှုခုံရုံးကနေ ဖမ်းဝရမ်းထုတ်လိုက်တာဟာ ၀မ်းနည်းဖို့ ကောင်းတယ်လို့ တရုတ်နိုင်ငံက ထုတ်ဖော်ပြောဆိုပါတယ်။
ဒီ စီရင်ချက်ဟာ ဒါဖောဒေသ ငြိမ်းချမ်းရေးနဲ့တည်ငြိမ်မှုအတွက် အထောက်အကူ ဖြစ်စေတယ်ဆိုတာ တရုတ်နိုင်ငံအနေနဲ့ မယုံကြည်တဲ့အကြောင်း တရုတ်နိုင်ငံခြားရေးဝန်ကြီးဌာန ပြောခွင့်ရသူ ချင်ဂန်းက သတင်းထောက်တွေကို ဒီကနေ့ ပြောဆို လိုက်တာပါ။
အခုလိုအခြေအနေမှာ အိုင်စီစီကနေ ဒီအမှုကိစ္စကို ကိုင်တွယ်ကြားနာမှုမလုပ်ဖို့ အာဖရိကသမဂ္ဂ အာရပ်အဖွဲ့ချုပ်နဲ့ ဘက်မလိုက်နိုင်ငံများလှုပ်ရှားမှုအဖွဲ့တို့က မေတ္တာရပ်ခံထားတာကို ကုလသမဂ္ဂအနေနဲ့ ဂရုပြုလိမ့်မယ်လို့ မျှော်လင့်တဲ့ အကြောင်း တရုတ်နိုင်ငံခြားရေးဝန်ကြီးဌာန ပြောခွင့်ရသူက တရုတ်ဘာသာစကားနဲ့ပြောတာပါ။
ဆူဒန်သမ္မတ ဘာရှားကို စစ်ရာဇ၀တ်မှု လူသားမျိုးနွယ်အပေါ်ကျူးလွန်တဲ့ရာဇ၀တ်မှု အမှု ခုနှစ်မှုနဲ့ အိုင်စီစီ အပြည်ပြည် ဆိုင်ရာ ရာဇ၀တ်ခုံရုံးကနေ ဗုဒ္ဓဟူးနေ့မှာ စွဲချက်တင်လိုက်တာပါ။ ဒီစွဲချက်တွေထဲမှာ လူသတ်မှု အတင်းအဓမ္မ လိင်စော်ကားမှုနဲ့ ညှင်းပမ်းနှိပ်စက်မှုတွေပါပါတယ်။ နယ်သာလန်နိုင်ငံ သည်ဟိတ်မြို့အခြေစိုက် အိုင်စီစီ အပြည်ပြည် ဆိုင်ရာ ရာဇ၀တ်မှုခုံရုံးအနေနဲ့ နိုင်ငံအကြီးအကဲတဦးကို စွဲချက်တင်ဖမ်းဝရမ်းထုတ်တာ ဒါ ပထမဆုံးအကြိမ်လည်း ဖြစ်ပါတယ်။
တရုတ်နိုင်ငံဟာ ဆူဒန်ရေနံ ပြည်ပတင်ပို့မှု သုံးပုံနှစ်ပုံကို ၀ယ်ယူသုံးစွဲတဲ့နိုင်ငံပါ။ ဒီစီးပွားရေးသြဇာကို သုံးပြီးတော့ ဒါဖော ဒေသ အကြမ်းဖက်မှုတွေကို အဆုံးသတ်ရေး မစ္စတာဘာရှားကို ဖိအားပေးဖို့ ငြင်းဆန်တာကြောင့် နိုင်ငံတကာရဲ့ ပြစ်တင် ဝေဖန်မှုကိုလည်း ခံရပါတယ်။ တရုတ်ဟာ ဆူဒန်နိုင်ငံကို လက်နက်ငယ်တွေ ရောင်းချနေတယ်လို့ ယုံကြည်ရပြီး၊ ဆူဒန် အစိုးရ ဟာဒီလက်နက်တွေကို ဒါဖောအကြမ်းဖက်မှုတွေမှာ အသုံးချနေတယ်လို့ ဆိုကြပါတယ်။
ဒါပေမဲ့လည်း ဒီဒေသအတွင်း တည်ငြိမ်မှုရဖို့ တရုတ်အနေနဲ့ ကြိုးပမ်းနေပြီး၊ ဒါဖောဒေသမှာဆိုရင် တရုတ်က ငြိမ်းချမ်းရေးထိန်း တပ်သား ၃၁၅ဦး စေလွှတ်ထားတယ်လို့ တရုတ်နိုင်ငံခြားရေးပြောခွင့်ရသူက ဆိုပါတယ်။
အာဖရိကသမဂ္ဂနဲ့ ကုလသမဂ္ဂ ငြိမ်းချမ်းရေးထိန်းတပ်တွေ ပူးတွဲထားတဲ့ လက်ရှိ ညိနှိုင်းဆောင်ရွက်မှုနည်းနာဟာ ဒါဖော ဒေသ ငြိမ်းချမ်းရေးအတွက် လုံလောက်တဲ့ တိုးတက်မှုတွေ ရထားပြီးဖြစ်တယ်လို့ တရုတ်ပြောခွင့်ရသူ ပြောတာပါ။
ဒါဖောဒေသမှာတော့ အစိုးရနောက်ခံပေးထားတဲ့ ပြည်သူ့စစ်တွေနဲ့ သူပုန်အုပ်စုတွေအကြား တိုက်ပွဲတွေကြောင့် ပြီးခဲ့တဲ့ နှစ်တွေအတွင်း ဒါဖောပြည်သူအနည်းဆုံး သုံးသိန်း သေဆုံးခဲ့ရပါတယ်။ ဒီကိစ္စကို အရေးတကြီး ကိုင်တွယ် ဖြေရှင်း ကြဖို့ နိုင်ငံတကာလူ့အခွင့်အရေးအဖွဲ့အစည်းတွေက တောက်လျှောက်နှိုးဆော်ခဲ့ကြသလို၊ ဆူဒန်အစိုးရအပေါ် အရေးယူဖို့ လည်း တောင်းဆိုခဲ့ကြရင်း၊ အခုလို အိုင်စီစီကနေ ဆူဒန်သမ္မတကို ဖမ်ဝရမ်းထုတ်တဲ့အဆင့် ရောက်လာတာပါ။ အိုင်စီစီ အနေနဲ့ လူ့အခွင့်အရေးချိုးဖောက်တယ်လို့ စွပ်စွဲခံရတဲ့ နိုင်ငံခေါင်းဆောင်တဦးကို ဖမ်ဝရမ်းထုတ်တာ ဒါပထမဆုံးပါ။",3.0,3.0,3.0,4.0,4.0,"The text is a well-structured news report about international relations and the ICC. It provides clear, factual reporting suitable for educational purposes. It demonstrates logical connections between political actions and their consequences. The language is natural, professional Burmese, though it contains some standard journalistic boilerplate."
<urn:uuid:ab046bae-40a7-4af3-a515-883edf029bc5>,"အောက်တိုဘာ ၂-၂၀၂၂
SN (VOM)
လက်ရှိဈေးကွက်အတွင်း ဓာတ်မြေဩဇာဈေးနဲ့ စက်သုံးဆီဈေးနှုန်းတွေ မြင့်တက်နေတဲ့အတွက် လာမယ့်နှစ်မှာ စပါးစိုက်ပျိုးသူနည်းပြီး ဆန်ဈေးနှုန်းတွေ ဆက်လက်မြင့်တက်လာနိုင်တယ်လို့ စပါးစိုက်တောင်သူတွေဆီက သိရပါတယ်။
ဓာတ်မြေဩဇာဈေးနဲ့ စက်သုံးဆီဈေးနှုန်း ကြီးမြင့်မှုတွေကြောင့် ထုတ်လုပ်မှုစရိတ်တွေလည်း မြင့်တက်နေပြီး လယ်တစ်ဧကကို စိုက်ပျိုးစရိတ် ငါးသိန်းနီးပါး ရှိလာတယ်လို့ ဧရာဝတီတိုင်းအတွင်းရှိ လယ်သမားတဦးက ပြောပါတယ်။
“အခု မြေဆီဈေးက၊ သုံးဆလောက်တက်သွားတယ်။ စက်သုံးဆီဈေးက မတရားတက်တယ်ဆိုတော့ စပါးစိုက်တောင်သူ တော်တော် အခက်ခဲဖြစ်နေတယ်။ လယ်တစ်ဧကကို အရင်းတင် ၅သိန်းရှိတယ်။ ဆန်ဈေးတွေတက်လို့်လည်း လယ်သမားတွေ အဆင်မပြေပါဘူး။ မြေဆီဖိုး၊ လယ်ထွန်ခ၊ ရိတ်သိမ်းခ၊ အလုပ်သမားခတွေနဲ့ စိုက်ပျိုးစရိတ်ချေးငွေ ပြန်ဆပ်ရတာနဲ့ ဒီလိုပုံစံအတိုင်းပဲ ဆက်သွားမယ်ဆိုရင် လာမယ့်နှစ်မှာ လယ်သမားတွေ စပါးမစိုက်နိုင်လောက်တော့ဘူး” လို့ ဧရာဝတီတိုင်းအတွင်းရှိ လယ်သမားတဦးက ပြောပါတယ်။
ယခုနှစ်မှာ မိုးစပါးစိုက်ပျိုးထားပြီး စပါးပေါ်ချိန် ဈေးကောင်းမရရှိပါကလည်း လာမယ့်နှစ် စပါးစိုက်ရာသီမှာ စိုက်ပျိုးသူနည်းပါးကာ ဈေးကွက်ထဲ ဆန်အဝင်နည်းပြီး ဈေးနှုန်းတွေ အဆမတန် မြင့်တက်လာနိုင်တဲ့ အခြေအနေရှိတယ်လို့လည်း သူက ဆက်လက် ပြောဆိုပါတယ်။
“ဆန်ဈေးတွေတက်နေတာလည်း မကြိုက်ပါဘူး။ သူပစ္စည်းဈေးကျ ကိုယ့်စပါးလည်း ထိုက်သင့်သလောက်ရရင် တော်ပါပြီ။ အခုပေါ်မယ့် မိုးစပါးမှာ ဈေးကောင်းမရရင်တော့ နောက်နှစ်ခါ လယ်တောင်လုပ်နိုင်မှာမဟုတ်ဘူး။ ဒါက တနိုင်ငံလုံးကလယ်သမားတွေ ကြုံတွေ့နေရတဲ့အခက်အခဲပါ။ အခုနှစ်တောင် မစိုက်ပျိုးနိုင်တဲ့သူတွေအများကြီးပါ” လို့ ဧရာဝတီတိုင်းအတွင်းရှိ လယ်သမားတဦးက ပြောပါတယ်။
လာမယ့် မိုးစပါးပေါ်ချိန် ဆန်ဈေး ငါးသောင်းအောက်ရောက်ရှိပါက လယ်သမားတွေ အရှုံးပေါ်နိုင်သလို စက်သုံးဆီစျေးလည်းမြင့်တက်နေတဲ့အပြင် ပြည်တွင်းဓာတ်မြေဩဇာဈေးမှာ ယခင်က ၂၈၀၀၀ ကျပ်သာရှိခဲ့ပေမယ့် လက်ရှိမှာ ကျပ် ၁၅၀၀၀၀ အထိ ဈေးမြင့်တက်နေပြီး လယ်တစ်ဧကကို ဓာတ်မြေဩဇာ ကျပ် သုံးသိန်းဖိုးအထိ အသုံးပြုရတယ်လို့ သိရပါတယ်။
ရိတ်သိမ်းခများမှာလည်း ကျပ် ၁သိန်းနီးပါး ပေါက်ဈေးရှိနေတာကြောင့် လယ်သမားတွေအနေနဲ့ စိုက်ပျိုးရာမှာ အခက်အခဲတွေရှိနေပြီး စပါးစိုက်ပျိုးသူ နည်းပါးလာတယ်လို့လည်း သိရပါတယ်။
အစိုးရကပေးတဲ့ စိုက်ပျိုးစရိတ်ချေးငွေမှာလည်း တစ်ဧက ကျပ်တစ်သိန်းခွဲနှုန်းနဲ့ ၁၀ ဧကအတွက်သာ ရရှိတာဖြစ်လို့ သတ်မှတ်ဧကထက် ကျော်လွန်နေတဲ့ လယ်ယာမြေတွေမှာ ချေးငွေတွေမရရှိဘူးလို့ သိရပါတယ်။
ချေးငွေပြန်ဆပ်ရမယ့် ကာလကိုလည်း ရှစ်လသာပေးထားပြီး အတိုးမှာ ၅ ရာခိုင်နှုန်းဖြစ်တာကြောင့် အခုရရှိတဲ့ စိုက်ပျိုးစရိတ်ချေးငွေမှာ တောင်သူတွေအတွက် မက်လောက်စရာမရှိဘူးလို့ တောင်သူအချို့ရဲ့ပြောပြချက်အရ သိရပါတယ်။
Photo-Agriculture Group
#voiceofmyanmar #VOM #လာမယ့်နှစ် #စပါးစိုက်သူနည်းပြီးဆန်ဈေးမြင့်တက်လာဖွယ်ရှိ",3.0,3.0,2.0,5.0,5.0,"The text provides a clear, coherent analysis of agricultural economic challenges in Myanmar. It uses natural, authentic Burmese phrasing and local terminology (e.g., units like 'ဧက', currency 'ကျပ်'). It follows a logical structure, explaining the causal link between rising input costs and future food security, making it suitable for educational reading on current affairs."
<urn:uuid:10a3eeff-d385-447d-956d-15149144e2da>,"စစ်တွေ၊ မေ ၁၆ ။ ။ လွန်ခဲ့သည့် နှစ်ပေါင်းများစွာက နည်းပညာများကိုသာ အသုံးပြုနေရပြီး လက်ရှိအချိန်ထိ နည်းပညာ မမြှင့်တင်နိုင်သေးသည့်အတွက် ရခိုင်ပြည်နယ်မှ ထုတ်လုပ်သည့် ဆားများမှာ အရည်အသွေးနိမ့်ကျနေပြီး စျေးကွက် မဝင်နိုင် ဖြစ်နေသည်။
လက်ရှိထုတ်လုပ်နေသည့် ဆားမှာ ရွံ့ပါဝင်မှုများပြားနေ၍လည်း ကျေးလက်နေပြည်သူ အနည်းငယ်ကသာ အသုံးပြုနေကြပြီး ဒေသခံအများစုက နိုင်ငံခြားမှ ဝင်လာသည့် အရည်အသွေးမီ ဆားများကိုသာ အကြိုက်တွေ့၊ အသုံးပြုနေကြခြင်း ဖြစ်သည်။
သို့ဖြစ်၍ ဆားလုပ်ငန်းလုပ်ကိုင်သူများ၏ အဆိုပါ အခက်အခဲများကို အစိုးရက ပါဝင်ကူညီဖြေရှင်းပေးရန်မှာ တောင်သူများ၏ အဓိကလိုအပ်ချက်တစ်ခုဖြစ်လာသည်။
""ပြည်သူလူထုက အဆင့်မီတဲ့ ဖြူဖွေးတဲ့ဆားတွေကို လိုချင်နေတယ်။ ကျွန်တော်တို့က မည်းတဲ့ဆားကို ထုတ်လုပ်နေတယ်။ ဒါကနေပြီးတော့ ကျွန်တော်တို့ နောက်ဆုံး အတိုင်းအတာတစ်ခုအထိပေါ့ ၅ နှစ်၊ ၁၀ နှစ်အတွင်းမှာ နောက်တမျိုးပြန်ပြောင်းလဲသွားဦး။ ဒီထက် ပြန်အောက်ကို ကျဦးမှာ။ အဲဒီတော့ တခြားနိုင်ငံက ထုတ်တဲ့ပုံစံမျိုး ကျွန်တော်တို့ ထုတ်လို့ရအောင် ပြည်သူလူထုနဲ့ အစိုးရတွေနဲ့ တွေ့ပြီးတော့ ဘယ်လိုလုပ်ရင် ကောင်းမလဲ။ ကျွန်တော်တို့ အမြန်ဆုံးဖြေရှင်းဖို့ လိုအပ်ပါတယ်။""ဟု ဆားလုပ်ငန်းရှင်တစ်ဦးလည်းဖြစ် ၊ ရခိုင်ပြည်နယ်ဆားလုပ်ငန်းရှင်များအသင်း၊ အတွင်းရေးမှူး ဦးသန်းဝင်းက ပြောသည်။
ထိုသို့ဆားကို အရည်အသွေးမီအောင် ပြုလုပ်နိုင်လျှင် ဆားလုပ်ငန်းလုပ်ကိုင်သူ တောင်သူများလည်း အဆင်ပြေလာနိုင်မည် ဖြစ်သည်။
ဆားကြမ်းကို တပိုင်တနိုင်လုပ်ကိုင်ကြသည့် တောင်သူများအနေဖြင့်လည်း အဓိကကုန်ကြမ်းဖြစ်သည့် မြစ်ငံရေ နှင့် မြေနေရာ ရှိကြသော်လည်း အလုပ်သမားငှားရမ်းရန်နှင့် လိုအပ်သည်များကို ဝယ်ရန် ငွေကြေးအခက်ခဲများ ကြုံနေကြရသည်။
ဆားကြမ်းထုတ်၍ ဆားချောအဖြစ်ပြောင်းလဲရန် စက်ရုံသို့ ပို့ဆောင် ရောင်းချရာ တစ်ပိဿာကို ငွေကြေး တစ်ရာခန့်သာ ရကြသည်။ သို့သော် ရင်းနှီးမြှပ်နှံထားသည့် အခကြေးမှာမူ ရရှိသည့်ငွေကြေးထက် ပိုကြီးနေကြောင်း တပိုင်တနိုင်ဆားလုပ်ငန်း လုပ်ကိုင်သူများက ဆိုသည်။
ပုဏ္ဏားကျွန်းမြို့နယ်၊ စပါးထားကျေးရွာမှ တပိုင်တနိုင်ဆားလုပ်ငန်း လုပ်ကိုင်သူ ဦးထွန်းအေးက ၎င်းတို့ကြုံကြရ သည့် အခက်အခဲများနှင့်ပတ်သက်ပြီး ""အဓိက လျပ်စစ်မီးအဆင်ပြေရင်တော့ ကောင်းမယ်။ အကြီးကျယ်ဆုံး အခက်အခဲကတော့ စက်နဲ့မောင်းနေရတဲ့ အချိန်မှာ စက်တလုံးက ဆီ ၃ ဂါလံလောက် စားတယ်။ ဒီတော့ ဆီဖိုးမှာ အများကြီးကုန်တာပေါ့။ ပြီးတော့ ဝန်ထမ်းစရိတ်တွေကလည်း နည်းနည်းများတယ်။"" ဟု ဆိုသည်။
၎င်းကဆက်လက်၍ ""ဆားစျေးက ဟိုတစ်နှစ်ကဆိုရင် တစ်ပိဿာကို တစ်ရာရတယ်။ စစ်တွေကို လာလို့ရှိရင် သယ်ယူခစရိတ် ၂၀၊ ကွင်းလုပ်ခ ၅၀ လောက်ပေါက်တယ်။ အဲဒီကွင်းမှာ ဝန်ထမ်းတွေလုပ်ဖို့အတွက်လည်း ငွေ ၁၀၊ ၂၀ လောက်ပေါက်တယ်။ အကုန်လုံးစရိတ်ဟာ ငွေ ၁၀၀ လောက်ပေါက်တယ်။ တကယ်လို့ ဆားကြမ်းတွေကို ငွေ ၁၀၀ ပဲ ပေးမယ်ဆိုရင် အစ်ကိုတို့အတွက် အမြတ် မကျန်ဘူး။""ဟု ပြောသည်။
၂၀၁၄ ခုနှစ် မတိုင်မီက ရခိုင်ပြည်နယ်နှင့် ဧရာဝတီတိုင်းမှ ထွက်ရှိသည့် ဆားများကို ဘင်္ဂလားဒေ့ရှ်နိုင်ငံကို တင်ပို့နိုင်ခွင့်ရခဲ့သော်လည်း ယင်းနောက်ပိုင်းတွင် အစိုးရက တင်ပို့ခွင့် ကန့်သတ်ထားသည်။
ယခင်က အဆိုပါနိုင်ငံမှ သင်ယူခဲ့သည့် နည်းလမ်းဖြင့် ဆားချောလုပ်ငန်းကို လုပ်ကိုင်ခဲ့ရာ တင်ပို့ခွင့် ပိတ်ပင်ခဲ့သည့်နောက်ပိုင်းမှာ နည်းပညာသင်ယူခွင့်မှာလည်း ဆုံးရှုံးသွား၍ ယခုလို အခက်ခဲနှင့် ရင်ဆိုင်နေရခြင်း ဖြစ်ကြောင်းလည်း ဆားချောထုတ်လုပ်သည့် လုပ်ငန်းရှင်တစ်ချို့က ပြောဆိုကြသည်။",3.0,3.0,2.0,5.0,5.0,"The text provides a clear, coherent report on the challenges facing the salt industry in Rakhine State. It includes economic analysis, quotes from stakeholders, and historical context. It is written in natural, professional Burmese, reflecting local socio-economic issues and regional terminology, making it highly authentic and informative for educational or general reading purposes."
<urn:uuid:70f6af01-41ba-4a33-a146-308e219a3d34>,"ပြည်တော်မြင့် ~
အာရှအဝေးပြေးလမ်းပိုင်း၏ အစိတ်အပိုင်းတခုဖြစ်သည့် ၂၈ မိုင်အရှည်ရှိ မြ၀တီ-ကော့ကရိတ် ဒေါနတောင် ပတ်ကားလမ်း ဖောက်လုပ်ရေး လုပ်ငန်းများကို ပြီးခဲ့သည့် ရက်ပိုင်းတွင် အစပြုလိုက်သည်ဟု ထိုင်းအင်ဂျင်နီယာတဦးကပြောသည်။
၎င်းက ”ဒီလ ၁၅ ရက်နေ့ကစပြီး လမ်း စဖောက်နေပြီ။ ခေတ်မီနည်းစနစ်နဲ့ဖောက်တာ ဆိုတော့ မြန်မှာပါ။ အချိန်ကတော့ အနည်းဆုံး ၂ နှစ်လောက်တော့ကြာနိုင်ပါတယ်။ ဒီလမ်းကို ထိုင်းကလမ်းတွေလိုဘဲ သတ်မှတ်စံ ချိန်စံညွှန်းတွေနဲ့အညီ ဖောက်လုပ်သွားမှာဖြစ်တယ်” ဟုပြောသည်။
ယနေ့ တွေ့မြင်ရသည့် မြ၀တီမြို့ပြင်ရှိရွာသစ်ရွာ လမ်းဖောက်လုပ်မှု (ဓာတ်ပုံများ - ပြည်တော်မြင့်/ဧရာဝတီ)
၎င်းလမ်းပိုင်းကို ထိုင်းနိုင်ငံဘက်က အာရှဖွံ့ဖြိုးရေးဘဏ် (ADB) ၏ အကူအညီဖြင့် ထိုင်းလမ်းဖောက်လုပ်ရေး ကုမ္ပဏီတခုဖြစ်သည့် SEE SANG YOTHA ကို လုပ်ငန်းလုပ်ပိုင်ခွင့် ချပေးခဲ့ခြင်းဖြစ်သည်။
စီမံကိန်းကို ၂၀၀၄ ခုနှစ်က စတင်ခဲ့သော်လည်း ကရင်ပြည်နယ်အတွင်း နယ်မြေအေးချမ်းခြင်း မရှိသည့်အတွက် ၈ နှစ်နီးပါး ရပ်ဆိုင်းထားခဲ့သည်။
လမ်းသစ်မှာ အတက်အဆင်း နည်းပါးကြောင်း၊ ၁၀ မီတာ အကျယ်ရှိသည့် နှစ်လမ်းသွား နိုင်လွန် ကတ္တရာလမ်းဖြစ်ကြောင်း မြ၀တီမှမြန်မာအင်ဂျင်နီယာတဦးကပြောသည်။ ကရင်ပြည်နယ်၏ အကောင်းဆုံးလမ်းပိုင်း ဖြစ်လာမည်ဟု သူက ခန့်မှန်းသည်။
လက်ရှိအသုံးပြုနေသည့် မြ၀တီ-ကော့ကရိတ် ဒေါနတောင်ကျော်ကားလမ်းမှာ မိုင် ၄၀ ခန့်ရှိသည်။
တောင်တက် တောင်ဆင်းနှင့် ကွေ့ပေါင်း ၂၀၀ ခန့်ရှိပြီး လမ်းသားကျဉ်းမြောင်းသည်။ ယာဉ် ၂စီး ရှောင်တိမ်းမောင်းနှင်နိုင်ခြင်း မရှိသဖြင့် မြ၀တီသို့ တက်သောကားများက တရက်၊ ကော့ကရိတ်သို့ ဆင်းသောကားများက တရက် အလှည့်ကျ သုံးနေရသည်။ “အတက်နေ့” ဟူသော ဤဒေသ စကား၏ အဓိပ္ပာယ်မှာ မြ၀တီဘက်သို့ယာဉ်များသွားသည့်နေ့ကို ဆိုလိုခြင်း ဖြစ်သည်။
မောင်းချိန် ၃ နာရီခန့် ကြာသည်ဟု ကုန်တင်ယာဉ်မောင်းသူများက ပြောသည်။
လမ်းသစ်ဖောက်လုပ်ပြီစီးပါက ယာဉ်မောင်းချိန်တနာရီခန့်သာကြာမြှင့်မည်ဖြစ်ပြီး နေ့စဉ် အသွားအပြန် မောင်းနှင်နိုင်မည့်လမ်းကြော ဖြစ်သောကြောင့် နယ်စပ် ကုန်သွယ်မှုပြုရာတွင် လွယ်ကူမြန်ဆန်စေမည်ဟု ကုန်သည်များကပြောသည်။
မြ၀တီမှရန်ကုန်မြို့သို့ နေချင်းပေါက်ရောက်နိုင်မည့်လမ်းသစ် ဖောက်လုပ်မှုကို ကုန်သည်များက အမြန်ဆုံး အသုံးပြုနိုင်ရန်ဆန္ဒရှိကြပြီး လက်ရှိအသုံးပြုနေသည့်လမ်းမှာ ရန်ကုန်သို့ ကုန်ပစ္စည်းများ ရောက်ရှိရန် နှစ်ရက်မှသုံးရက် အထိ အချိန် ကြာမြှင့်သည်ဟု ပြောသည်။
လက်ရှိလမ်းဖောက်လုပ်မှုမှာ မြ၀တီမှ ရွာသစ်ကျေးရွာသို့ ရောက်ရှိနေပြီး နိုင်လွန်ကတ္တရာလမ်း ခင်းရန်အတွက် အမာခံမြေသားအောက်ခံများ ဖောက်လုပ်မှုကို စက်ယန္တရားအားကို အဓိကထား ဖောက်လုပ်လျက်ရှိသည်။
--",3.0,3.0,2.0,4.0,5.0,"The text is a well-structured news report about infrastructure development in Myanmar. It provides clear, factual information about the Myawaddy-Kawkareik road project, including historical context, technical details, and economic impact. It is written in natural, professional Burmese, reflecting local geographical and logistical realities."
<urn:uuid:2011434d-8071-4c3b-90f9-b96528cb4fde>,"နိုဝင်ဘာလ ပထမပတ်ထဲမှာ ကျင်းပမယ့် ရွေးကောက်ပွဲကို ၀င်ရောက် ယှဉ်ပြိုင်ကြမယ့် ပါတီတွေ အနေနဲ့ ကိုယ်စားလှယ်လောင်း နာမည်စာရင်းပေးဖို့ အခက်တွေ့နေကြပါတယ်။ အကြောင်းက ရပ်ကွက်နဲ့ မြို့နယ်အဆင့် ရွေးကောက်ပွဲ ကော်မရှင်ရုံးတွေ ကိုယ်တိုင်က လုပ်ငန်းတွေ အဆင်သင့် မဖြစ်သေးတဲ့အတွက် ဖြစ်ပါတယ်။ အခုလို ရွေးကောက်ပွဲဝင်မယ့် ပါတီတွေ အနေနဲ့ ပြင်ဆင်ချိန်ရတဲ့ အချိန်တိုအတွင်းမှာ ဘောင်ဝင်အောင် လုပ်နိုင်ဖို့ အခက်အခဲတွေ ဖြစ်နေတဲ့အကြောင်း ကိုကျော်အောင်လွင်က တင်ပြပေးထားပါတယ်။
လွှတ်တော် ကိုယ်စားလှယ်လောင်း စာရင်းသွင်းဖို့ ရွေးကောက်ပွဲ ကော်မရှင်ရဲ့ အချိန်သတ်မှတ်ချက်ဟာ သိပ်ပြီး တိုတောင်းတဲ့အတွက် ထပ်တိုးပေးဖို့ နိုင်ငံရေးပါတီ တချို့က တောင်းဆိုခဲ့ကြပေမဲ့လည်း ဘာမှ အကြောင်းပြန်မလာတာကြောင့် အရင်သတ်မှတ်တဲ့အတိုင်း အခု သြဂုတ်လ ၃၀ ရက်ကိုပဲ အမီတင်နိုင်ကြဖို့ နိုင်ငံရေးပါတီတွေ နေ့မအား ညမအား တက်သုတ်ရိုက် လုပ်နေကြရပါတယ်။ အခုဆိုရင် နောက်ဆုံးရက်ရောက်ဖို့ အချိန်တပတ်ပဲ ကျန်ပါတော့တယ်။ ရွေးကောက်ပွဲ ကော်မရှင်ရဲ့ ကန့်သတ်မှုတွေ ကြမ်းတယ်လို့ ဆိုနေကြပေမဲ့ တကယ်တမ်း အလုပ် လုပ်တဲ့အခါမှာ ရွေးကောက်ပွဲ ကော်မရှင်ရုံးတွေ ကိုယ်တိုင်က အဆင်သင့် မဖြစ်သေးဘူးလို့ ဒီမိုကရက်တစ်ပါတီရဲ့ ဥက္ကဋ္ဌ ဦးသုဝေက ရှင်းပြပါတယ်။
“ရွေးကောက်ပွဲ ကော်မရှင်တွေ ကိုယ်တိုင်က အဆင်သင့် မဖြစ်ဘူး။ အဆင်သင့် မဖြစ်ဘူး ဆိုတာက ဘာလဲဆိုရင် နံပါတ်တစ်က မဲစာရင်းနံပါတ်ဆိုတာ လိုက်ယူရတယ်၊ မဲထည့်ပိုင်ခွင့် စာရင်းလေ၊ ရပ်ကွက် ရွေးကောက်ပွဲ ကော်မရှင်ဆီမှာ အဲဒီနံပါတ်ကို ယူရတာ။ အခု ရပ်ကွက်မှာ အဲဒီနံပါတ် မရှိသေးဘူး။ နံပါတ်က သူတို့ စဉ်တုန်းရှိသေးတယ်။ အခုဟာဆိုရင် ၂၃ ရက် ရှိနေပြီ။ ဆိုတော့ ပထမအဆင့် နံပါတ်ကို ကျနော်တို့က မရသေးဘူး။”
အဲဒါဆိုရင် ဆရာတို့ တပတ်ပဲ ကျန်တော့တယ်၊ အချိန်မီနိုင်ပါ့မလား။
“ဟုတ်တယ်၊ အဲတော့ အခု ဘာလုပ်နေရလဲဆိုတော့ သူတို့က နံပါတ်မရသေးပေမဲ့ ထောက်ခံစာဆိုပြီး အခု လုပ်ပေးနေရတယ်။ ကမန်းကတန်းပေါ့။ နံပါတ်တော့ ထွက်မှာပါ၊ မရသေးလို့ပါ၊ ထောက်ခံပါတယ် ဆိုပြီးတော့။ တဆင့်ပိုသွားတာပေါ့။ ရုံးလုပ်ငန်းက အများကြီး ကြာသွားတာပေါ့။”
ရွေးကောက်ပွဲ ကော်မရှင်ရဲ့ သတ်မှတ်ချက်တွေအတိုင်း ဘောင်ဝင်အောင် လုပ်နိုင်ဖို့ ရုံးလုပ်ငန်း အဆင့်ဆင့် ကျော်ဖြတ်နိုင်ဖို့ ကိစ္စတွေက ရှုပ်ထွေး ကြန့်ကြာနေပြီး အဲဒီရုံးလုပ်ငန်းတွေ ကြားမှာပဲ မရေရာတဲ့ အခြေအနေတွေကလည်း ရှိနေတော့ ပါတီတွေက မှန်းထားတဲ့ လွှတ်တော်ကိုယ်စားလှယ် အရေအတွက်အတိုင်း ဖြစ်နိုင်ဖို့ မလွယ်တော့ဘူးလို့ အမျိုးသား ဒီမိုကရေစီ အင်အားစု (NDF) ပါတီရဲ့ ခေါင်းဆောင်တဦးဖြစ်သူ ဦးခင်မောင်ဆွေက ညည်းညူပါတယ်။
“ကျနော်တို့မှာ ဘာအခက်အခဲ ထပ်ဖြစ်လဲဆိုတော့ ငွေသွားသွင်းတဲ့အခါမှာ ဒီမှာ မသွင်းရဘူး၊ ဟိုမှာ မသွင်းရဘူး ဆိုတာမျိုးတွေ၊ ဒီမှာ လာမသွင်းပါနဲ့ဆိုပြီး ပြန်ပို့တာတွေ၊ နောက်ပြီးတော့ ရွေးကောက်ပွဲ ကော်မရှင် စာအုပ်ထဲမှာ၊ ဥပဒေစာအုပ်ထဲမှာ မပါဘဲနဲ့ ကျနော်တို့ သွားတင်တဲ့ အခါကျတော့မှ ကိုယ်ရေးရာဇ၀င်ကို သီးခြားဖောင် (Form) နဲ့ ပေးရမယ်ဆိုပြီး ပြန်လွှတ်တာမျိုးတွေ၊ အဲဒါမျိုး အခက်အခဲတွေ အကျပ်အတည်းတွေ ရှိတယ်ဗျ။
“နောက်ပြီး တချို့ကလည်းပဲ တရားသူကြီးဆီ သွားတဲ့အခါကျ တရားသူကြီးက မအားဘူး၊ ဘယ်နေ့မှ အားမယ်၊ လေးငါးရက်ကြာမှ အားမယ်ဆိုပြီး ရက်ချိန်းတာတွေ ရှိတယ်ဗျ။ ရှိတော့ ကိုယ်စားလှယ်တွေမှာ သွားရတာတွေက ငွေရေးကြေးရေး ရှာရတာ အခက်အခဲ၊ ရုံးလုပ်ငန်းဆိုင်ရာ အခက်အခဲတွေက အများကြီးကို ဖြတ်သန်းနေရပါတယ်ဗျ။
“ဥပမာဆိုပါတော့၊ ကျနော်တို့ပါတီက ကိုယ်စားလှယ် ၃၀၀ ရတယ် ဆိုပါတော့၊ ၃၀၀ လုံးတော့ မဖြစ်နိုင်တော့ဘူးဗျ။ ဘာဖြစ်လို့လဲဆို အဲဒီလို အခက်အခဲတွေ ကျော်ဖို့က ကိုယ်စားလှယ်တွေမှာ အချိန်မရှိသလို သူတို့မှာလည်း စွမ်းဆောင်နိုင်ရည်က မရှိနိုင်တော့ဘူး။ ငွေသွင်းရင် ခရိုင်မှာ သွားသွင်းရမယ်၊ တင်တော့ မြို့နယ်ကော်မရှင်မှာ ပြန်တင်ရမယ်၊ ဒါတွေက အချိန်တွေလည်း စားတယ်ဗျ။ အဲဒါတွေ လုပ်နေတဲ့ အခါကျတော့ကာ အလုပ်လုပ်ရတာ အင်မတန့်ကို ခက်ခဲအောင် တမင်ဖန်တည်းသလို ဖြစ်နေပြီ ဆိုတာကို ကျနော် တွေ့နေရတယ်ဗျ။”
ရွေးကောက်ပွဲ ၀င်ပြိုင်ကြမယ့် လွှတ်တော် ကိုယ်စားလှယ်လောင်းတွေရဲ့ စာရင်းကို တင်ဖို့အကြောင်း အခု သြဂုတ်လ ၁၄ ရက်နေ့ကမှ ရွေးကောက်ပွဲ ကော်မရှင်က ကြေညာခဲ့တာပါ။ အချိန်ပေးတာ နည်းလွန်းတဲ့အတွက် မကြာခင်ကမှ နိုင်ငံရေးပါတီ ဖြစ်လာကြရတဲ့ အဖွဲ့အစည်းတွေအဖို့ ကမန်းကတန်း ဖြစ်ကြရသလို၊ လွှတ်တော် ကိုယ်စားလှယ်လောင်း တဦးကို ကျပ်ငွေ ၅၀၀,၀၀၀ ဆောင်ရမယ်ဆိုတဲ့ ကိစ္စကလည်း ပါတီတွေအတွက် ကြီးမားတဲ့ အခက်အခဲ တခုပါ။ ဒီကြားထဲမှာ ရုံးလုပ်ငန်း ကြန့်ကြာမှုတွေက များလာနေလို့ မျှော်လင့်ထားတာထက် ပိုများတဲ့ အခက်အခဲတွေကို ရွေးကောက်ပွဲ ၀င်ကြမယ့် နိုင်ငံရေး ပါတီတွေ ကြုံနေကြရပါတယ်။",3.0,3.0,2.0,5.0,5.0,"The text provides a clear, journalistic account of political challenges in Myanmar, offering educational value regarding election processes. It includes multi-step reasoning regarding administrative hurdles. It is written in natural, authentic Burmese, reflecting local political context and terminology, and is free of boilerplate or formatting issues."
<urn:uuid:1def6e96-6032-4af2-87e2-f0edf39ba9e5>,"စစ်ကိုင်းနှင့် ရွှေဘိုခရိုင်အတွင်း လှုပ်ခတ်ခဲ့သော ငလျင်ဒဏ်ကြောင့် သေဆုံးသူ ၂ ဦး၊ ပျောက်ဆုံးသူ ၅ ဦး၊ ဒဏ်ရာရသူ ၂၆ ဦးနှင့် ပြိုကျပျက်စီးသည့်အဆောက်အဦးပေါင်း ၁၁၈ ခု ရှိပြီး ဆုံးရှုံးမှုတန်ဖိုး ကျပ် ၂၆၉၂. ၅ သိန်းခန့် ရှိနိုင်ကြောင်း စစ်ကိုင်းတိုင်း ဒေသကြီး အစိုးရအဖွဲ့က သတင်း ထုတ်ပြန်ထားသည်။
မြန်မာနိုင်ငံရဲတပ်ဖွဲ့၏ ယနေ့နံနက် သတင်းထုတ်ပြန်ချက်တွင် ယမန်နေ့က ငလျင်လှုပ်ခတ်မှုများကြောင့် တခြား တိုင်းဒေသများ အပါအဝင် သေဆုံးသူ စုစုပေါင်း ၁၁ ဦး၊ ပျောက်ဆုံးနေသူ ၃၆ ဦး ရှိကြောင်း သိရသည်။
နိုဝင်ဘာ ၁၁ ရက်နေ့ နံနက်ပိုင်းက လှုပ်ခတ်ခဲ့သည့် အင်အားရခ်ျတာ စကေးလ် ၆ ဒဿမ ၈ ရှိ အင်အားပြင်းထန်သည့် ငလျင်ကြောင့် စစ်ကိုင်းခရိုင်နှင့် ရွှေဘို ခရိုင်အတွင်းရှိ မြို့နယ် ၆ မြို့နယ်တို့တွင် ပျက်စီးဆုံးရှုံးမှုများ ရှိခဲ့ပြီး ရွှေဘိုမြို့နယ်နှင့် စဥ့်ကူးမြို့နယ်ကို ဆက်သွယ်ပေးမည့် ဆောက်လုပ်ဆဲ ရတနာသိင်္ခ ဧရာဝတီ မြစ်ကူးတံတား၏ တံတားတိုင် ၁ နှင့် ၃ အကြားရှိ ၂၀ မီတာ အရှည် တံတားသံပေါင်နှင့် တာဝါတိုင်တခု ပြိုကျ ပျက်စီးခဲ့ကြောင်း ဇက် ရေယာဉ်တစီးနှင့် Barge ယာဉ်တစီး တို့သည် လျှောကျသည့် တံတား သံပေါင်အောက်တွင် ဧရာဝတီ မြစ်အတွင်း နစ်မြုပ်ခဲ့ကြောင်း သိရသည်။
“ငလျင်လှုပ်တဲ့ အချိန်မှာ ကျနော်နဲ့အတူ တံတားပေါ်မှာ တော်တော်များများရှိနေတယ်။ ပထမတော့ ငလျင်က အလျားလိုက် လှုပ်တယ်။ နောက် အပေါ်အောက် လှုပ်တဲ့အချိန်မှာ တံတားပေါ်က ဆောက်လက်စ တာဝါတိုင်က လေးပေလောက် အပေါ်ကို မြောက်တက်သွားပြီး မြစ်ဘက်ကို ပြုတ်ကျသွားတာ။ အဲဒီမှာ ကျနော်တို့ အလုပ်သမားတွေလည်း ပြုတ်ကျကုန် တာပဲ” ဟု ရတနာသိင်္ခ တံတားဆောက်လုပ်ရေး လုပ်ငန်းခွင်မှ အလုပ်သမား တစ်ဦး ကဆိုသည်။
ငလျင်ဒဏ်ကြောင့် ပြိုကျပျက်စီးသွားသော ရတနာသိင်္ခ တံတားဆောက်လုပ်ရေး လုပ်ငန်းနေရာသို့ ဒုတိယ သမ္မတ ဒေါက်တာ စိုင်းမောက်ခမ်း ယနေ့ နံနက်ပိုင်းက လာရောက်ကြည့်ရှုသွားခဲ့သည်။
“မြစ်ထဲမှာ ရှိနေတဲ့ တံတားတိုင် ၃ နဲ့ စဥ့်ကူးဘက်က တံတားတိုင်တွေအားလုံးကို စစ်ဆေးပြီးပါပြီ။ အားလုံး အခြေအနေ ကောင်းပါတယ်။ ဒီဘက်က တံတားတိုင်တွေကိုပဲ ပြန်ဆောက်ရဖို့ ရှိတယ်” ဟု ဆောက်လုပ်ရေး ၀န်ကြီးဌာန ပြည်ထောင်စု ၀န်ကြီးက ပြောသည်။
ဒုတိယ သမ္မတ ဒေါက်တာ စိုင်းမောက်ခမ်းသည် ပြိုကျ ပျက်စီးနေသည့် တံတားကို ကြည့်ရှုစစ်ဆေးသွားပြီး ငလျင်ဘေးဒဏ် ခံခဲ့ရသည့် ကျောက်မြောင်းမြို့နယ်ခွဲ ဒေသခံများကို တွေ့ဆုံ အားပေးသွားကြောင်း သိရသည်။
“အသေအပျောက် မရှိပေမယ့် ကျနော်တို့ ဆိုရင် တရွာလုံး နီးပါး အပြင်ထွက်နေရတယ်။ အဲဒါကို ဒုတိယ သမ္မတကို ပြောချင်ပေမယ့် တိုင်းဒေသကြီး ၀န်ကြီးချုပ်က အားလုံး အဆင်ပြေတယ် ဆိုတာကိုပဲ ပိတ်ပြောနေတော့ ကျနော်တို့ အနေနဲ့ ပြောဆိုဖို့ ခက်နေတယ်။ အိမ်တွေ ပြိုမှာ ကြောက်လို့ လူတွေကို ဘောလုံးကွင်းထဲမှာ စုထားရတယ်။ သူတို့ရဲ့ စားဝတ်နေရေး၊ အိမ်၊ ကျောင်းနဲ့ သာသနိက အဆောက်အအုံတွေ ပြန်ဆောက်ဖို့ ကျန်နော်တို့မှာ ဘာမှ မရှိဘူး” ဟု ရွှေဘိုမြို့နယ် ကျောက်မြောင်း မြို့နယ်ခွဲ မလားကျေးရွာအုပ်စုမှ ကျေးရွာ အုပ်ချုပ်ရေးမှူး ဦးဇော်မျိုးထွန်းက ပြောသည်။
မလားကျေးရွာ အုပ်စုနှင့် မခေါက် ကျေးရွာ အုပ်စုများတွင် စာသင်ကျောင်း၊ ဘုန်းတော်ကြီးကျောင်းနှင့် သာနိက အဆောက် အအုံများ၊ အုတ်ဖြင့် ဆောက်ထားသော လူနေအိမ်များ ပြိုကျမှု အများဆုံးဖြစ်ပြီး မလားကျေးရွာ အုပ်စုနှင့် မခေါက်ကျေးရွာ အုပ်စုအကြားရှိ တံတားငယ် တစင်းမှာ ငလျင်ဒဏ်ကြောင့် ပျက်စီးနေသဖြင့် အဆက်အသွယ် မပျက်စေရန် ရပ်ရွာလူထုက ဖြစ်သလို ပြင်ဆင်ထားရကြောင်း သိရသည်။
ငလျင်ကြောင့် မန္တလေးတိုင်း စဥ့်ကူးမြို့နယ် ကျည်တော်ပေါက်နှင့် ကန်တောင် ကျေးရွာ ရွှေတော ရွှေတွင်း ၂ တွင်းတွင် အလုပ်သမား ၂၀ တို့သည် ၄ နာရီအကြာ ပိတ်မိနေခဲ့ကြပြီး ယခုအခါ ပြန်လည် လွတ်မြောက်လာပြီဖြစ်ကြောင်း သိရသည်။
နိုဝင်ဘာလ ၁၁ ရက်နေ့ နံနက် အင်အားပြင်းထန်သော ငလျင်ကြီး လှုပ်ပြီးနောက် နိုဝင်ဘာလ ၁၂ ရက် နံနက် ၃ နာရီအထိ နောက်ဆက်တွဲ ငလျင် ၆ ကြိမ်အထိ လှုပ်ခတ်ခဲ့ပြီး အင်အားအနည်းငယ် ပြင်းထန်သော ငလျင်ငယ်များ ဖြစ်ကြောင်း မိုးလေ၀သနှင့် ဇလဗေဒ ညွှန်ကြားမှု ဦးစီးဌာနက သတင်းထုတ်ပြန်ထားသည်။",3.0,3.0,2.0,5.0,5.0,"The text is a well-structured news report about a natural disaster in Myanmar. It provides factual, coherent information suitable for educational awareness of current events. It includes eyewitness accounts and official statements, demonstrating moderate reasoning. The language is natural, authentic Burmese, reflecting local administrative and social contexts accurately."
<urn:uuid:94cc8a00-401b-4437-adaa-1719db3785e4>,"တရုတ်နိုင်ငံဟာ တောင်တရုတ်ပင်လယ်မှာ အငြင်းပွားနေတဲ့ ကျွန်းစုတွေအရေးမှာ စစ်ရေးအရ ရန်စတဲ့ အပြုအမူတွေ ဆက်လုပ် နေမယ်ဆိုရင် ကိုယ့်ဘာသာကိုယ် အထီးကျန် မဟာတံတိုင်းကြီး ခတ်နေသလို ဖြစ်လိမ့်မယ်လို့ အမေရိကန် ကာကွယ်ရေး ၀န်ကြီး Ash Carter က စနေနေ့က ပြောလိုက်ပါတယ်။
မဟာဗျူဟာကျတဲ့ ပင်လယ်ရေပြင်တွေနဲ့ အခြားနေရာတွေမှာ တရုတ်နိုင်ငံရဲ့ ပြုမူပုံတွေနဲ့ ပက်သက်လို့ စိုးရိမ်ပူပန်မှုတွေ တိုးလာနေတယ်လို့ အာရှနိုင်ငံတွေက ကာကွယ်ရေး ၀န်ကြီးတွေ၊ လုံခြုံရေး အကဲခတ်တွေနဲ့ ပညာရှင်တွေ တက်ရောက်နေတဲ့ စင်္ကာပူနိုင်ငံ Shangri-La Dialogue ဆွေးနွေးပွဲမှာ Carter က ပြောသွားခဲ့ပါတယ်။ တရုတ်ရဲ့ ဒီလုပ်ရပ်ကြောင့် အမေရိကန် ပြည်ထောင်စုနဲ့ အခြားနိုင်ငံတွေဆီက တုံ့ပြန်မှုတွေ ရှိလာမှာ ဖြစ်တယ်လို့လည်း သူကဆိုပါတယ်။
စနေနေ့ မနက်က ပြုလုပ်တဲ့ တက်ရောက်သူများနဲ့ အမေးအဖြေ ကဏ္ဍမှာတော့ တရုတ် ပညာရှင် - ပီကင်း တက္ကသိုလ် နိုင်ငံတကာ လေ့လာရေး ဌာနက ပါမောက္ခ Jia Qingguo က ဒီလို ရန်စတဲ့ အပြုအမူတွေ လုပ်နေတာ တရုတ်နိုင်ငံ မဟုတ်ပဲ အမေရိကန် ပြည်ထောင်စုသာ ဖြစ်တယ်လို့ ပြောသွားတာပါ။
အမေရိကန် ပြည်ထောင်စုဟာ လွတ်လပ်စွာ ရေကြောင်း သွားလာခွင့်ရှိရေး အမည်ခံပြီး၊ အခြားနိုင်ငံတွေ ရဲ့ ပိုင်နက် နယ်မြေတွေ အနီးမှာ စစ်သင်္ဘောတွေ၊ စစ်လေယာဉ်တွေ ပျံသန်း သွားရောက်တာတွေနဲ့ တင်းမာမှုတွေ ဖြစ်အောင် ဖန်တီးနေတာ ဖြစ်တယ်လို့ ပြောသွားပါတယ်။",3.0,3.0,3.0,5.0,4.0,"The text provides a clear, coherent summary of a geopolitical debate between the US and China. It is informative and suitable for educational purposes regarding international relations. The reasoning involves presenting two opposing viewpoints. The language is natural, professional, and free of noise, reflecting standard journalistic Burmese."
<urn:uuid:f2866f7d-41df-430e-b014-58ffbaf1a2c9>,"လူ့အခွင့်အရေး
လူ့အခွင့်အရေးဆိုသည်မှာ လူသားများ၏ မွေးရာပါ အခြေခံ အခွင့်အရေးများနှင့် လွတ်လပ်ခွင့်များ ကို ဆိုလိုခြင်းဖြစ်သည်။ ဥပမာအားဖြင့် နိုင်ငံသားနှင့် နိုင်ငံရေး အခွင့်အရေး ဆိုင်ရာ လူ့အခွင့်အရေးအချက်များ ဖြစ်သော အသက်ရှင်နေထိုင်ခွင့်၊ လွတ်လပ်ခွင့်နှင့် လွတ်လပ်စွာ ထုတ်ဖော်ပြောဆိုခွင့်နှင့် ဥပဒေရှေ့မှောက်တွင် တန်းတူညီမျှ ဖြစ်ခွင့်၊ စီးပွားရေး လူမှုရေးနှင့် ယဉ်ကျေးမှုဆိုင်ရာ အခွင့်အရေးများ ဖြစ်သော မိမိကိုယ်ပိုင် ယဉ်ကျေးမှုတွင် လွတ်လပ်စွာ ပါဝင်ခွင့်၊ အစားအစာ ရရှိခွင့်၊ အလုပ် လုပ်ကိုင်ခွင့်နှင့်ပညာသင်ကြားခွင့် စသည်တို့ ဖြစ်သည်။
မာတိကာ
လူ့အခွင့်အရေးဆိုသည်မှာအဘယ်နည်း[ပြင်ဆင်ရန်]
လူ့အခွင့်အရေးဆိုသည်မှာ ကြောက်ရွံခြင်းမှကင်းဝေးခြင်း (Freedom from Fear) နှင့် တောင့်တခြင်းမှကင်းဝေးခြင်း (Freedom from Wants) ဟု အဓိပ္ပာယ်ဖွင့်ဆိုသူများရှိသည်။ ကြောက်ရွံခြင်းမှကင်းဝေးခြင်းဆိုသည်မှာ လူသားတစ်ယောက်သည် မိမိ၏ အခြေခံလွတ်လပ်ခွင့်များ ကိုမည်သူတစ်ဦးတစ်ယောက်ကမှ လာရောက်စော်ကားမည်ကို မကြောက်ရွံရဘဲ လုံခြုံစိတ်ချစွာနေနိုင်သလို တောင့်တခြင်းမှ ကင်းဝေးခြင်းဆိုသည်မှာလည်း မိမိ၏အသက်ရှင်ဖွံ့ဖြိုးမှုအတွက်လိုအပ်သည့် အခြေခံအထောက်အပံ့များကိုရရှိနိုင်သော အခြေအနေမျိုးဖြင့် မတောင့်မတမကြောင့်မကျဘဲ နေထိုင်နိုင်ခြင်းကို ဆိုလိုသည်ဟု အဓိပ္ပာယ်ဖွင့်နိုင်သည်။ ချွင်းချက်အနေဖြင့် လူ့အခွင့်အရေးဆိုသော စကားလုံးကို ပညာရှင်များ၏ အဓိပ္ပာယ်ဖွင့်ဆိုမှုမှာ ယနေ့တိုင်ပြီးပြည့်စုံခြင်းမရှိပေ။ ကမ္ဘာကုလသမဂ္အဖွဲ့ကြီးက လူ့အခွင်းအရေးဆိုသည်မှာ လူတစ်ယောက်ချင်းဖြစ်စေ၊ အုပ်စုလိုက်ဖြစ်စေသူတို့၏အခြေခံလွတ်လပ်များနှင့် သက်ဆိုင်သည့်တရားရေးဆိုင်ရာအာမခံချက် ဟု လူ့အခွင့်ရေးကို အဓိပ္ပာယ်ဖွင့်ထားသည်ကိုတွေ့ရသည်။ ထိုအဓိပ္ပာယ်အရဆိုလျှင် လူ့အခွင်းအရေးဆိုသည်မှာ လူတစ်ဦးချင်းခံစားခွင့်ရှိသလို တူရာအုပ်စုဝင်လိုက်လည်း ခံစားခွင့်ရကြောင်းတွေ့ရှိရသည်။ ထိုသို့ခံစားခွင့်ရစေရန် သက်ဆိုင်ရာအစိုးရများကလည်း နိုင်ငံတကာလူ့အခွင့်အရေး စံချိန်စံနှုန်းညွန်းများအတိုင်း အာမခံချက်ထားပြီး ကာကွယ်ပေးရမည်ဆိုသည့် အစိုးရများ၏ တာဝန်ရှိမှုကိုညွန်းဆိုပြသထားသည်။
လူ့အခွင့်အရေး၏ အခြေခံအချက်များ[ပြင်ဆင်ရန်]
- လူ့အခွင့်အရေးသည် လူသားအားလုံနှင့်သက်ဆိုင်သည်။
- အသားရေအရောင်၊ နိုင်ငံရေး၊ ဘာသာရေး၊ လူမှုရေး၊ အတွေးအခေါ်၊ လိင်ကွဲပြားမှုမရွေး လူ့အခွင့်အရေးသည် လူသားအားလုံးအပေါ်တန်းတူညီမျှမှုရှိသည်။
- လူသားများသည် တစ်ယောက်နှင့်တစ်ယောက်ကွဲပြားနိုင်သော်လည်း လူဖြစ်ခြင်းဆိုသည်အချက်မှာ အားလုံးတူညီသည့်အတွက်လူ့အခွင့်အရေးမှာလည်းလူသားအားလုံးအတွက်ဖြစ်သည်။
- လူ့အခွင့်အရေးသည် လူတိုင်းအတွက်မွေးရာပါအခွင့်အရေးဖြစ်သည်။
- မွေးဖွားလာသည်မှစတင်ပြီး သေဆုံးတိုင်လူအခွင့်အရေးသည်အရေးပါသည်။
- လူ့အခွင့်အရေးကိုမည်သူကမှယူဆောင်သိမ်းပိုက် မရ။
လူ့အခွင့်အရေးနှင့် တရားဥပဒေ[ပြင်ဆင်ရန်]
လူ့အခွင်အရေးနှင့် တရားဥပဒေပိုင်းဆိုင်ရာအချက်နှစ်မျိုးစလုံးဖြင့် အကြုံးဝင်လျက်ရှိပြီး တစ်ခါတစ်လေပင်ခွဲခြားခြင်းမပြုနိုင်ပေ။ လူ့အခွင်အရေးဆိုသည်မှာ ဥပဒေအရ ခံစားခွင့်ရှိသလိုကျင့်ဝတ်အရ လုပ်ဆောင်သင့်သည်ဟူသော အချက်နှစ်ချက်စလုံးနှင့် သက်ဆိုင်သည်။ အချို့အခွင့်အရေးများကို ဥပဒေအရ ကာကွယ်ပေးထားသည့်အတွက် ထိုအခွင့်အရေးမျိုးကို တရားရေးဆိုင်ရာအခွင့်အရေး (Legal Rights) ဟုခေါ်လေ့ရှိသည်။ ထိုအခွင့်အရေးများကို နိုင်ငံတော်၏ တရားဥပဒေထဲများတွင်ခံစားနိုင်ခွင့်ရှိသည့်အတွက် ထိုဥပဒေကို တရားရေးဆိုင်ရာဥပဒေဟုသတ်မှတ်နိုင်သည်။ ခိုင်လုံသောအကြောင်းအရာမရှိမချင်း အပြစ်မရှိဟု ဥပဒေကဖွင့်ဆိုထားချက်များ၊ သက်သေ၊ အာမခံရရှိခွင့်များသည် တရားဥပဒေဆိုင်ရာ အခွင့်အရေးများဖြစ်သည်။
ဆက်စပ်ဖတ်ရှုရန်[ပြင်ဆင်ရန်]
အကိုးအကား[ပြင်ဆင်ရန်]
- အောင်မျိုးမင်း. လူ့အခွင့်အရေးလက်စွဲ။",4.0,3.0,2.0,3.0,4.0,"The text provides a clear, educational overview of human rights suitable for middle-school level. It uses logical definitions and structured points. While it contains some wiki-style boilerplate (e.g., [ပြင်ဆင်ရန်]), the content is coherent, naturally written in Burmese, and accurately reflects local academic terminology regarding human rights."
<urn:uuid:d22b4cdf-677a-4ae9-9c16-bfdee9f4fea9>,"မြန်မာ့စီးပွားရေး အခွင့်ကောင်းရှိသော်လည်း အန္တရာယ် ပိုများဟု ကမ္ဘာ့ဘဏ် ထုတ်ပြန်
မြန်မာ့ စီးပွားရေး ရှေ့အလားအလာသည် “အခွင့်ကောင်း favorable” တွင် ရှိနေပြီး၂၀၁၈-၂၀၁၉ ခုနှစ်၌ ဖွံ့ဖြိုးမှုနှုန်း ၆ ဒသမ ၇ ရာခိုင်နှုန်း အထိ တက်လာနိုင်ကြောင်း ကမ္ဘာ့ဘဏ်က ထုတ်ပြန်လိုက်သော မြန်မာ့ စီးပွားရေး အစီရင်ခံစာတွင် ဖော်ပြထားသည်။
ယင်း အစီအရင်ခံစာ ထုတ်ပြန်ပွဲကို မေလ ၁၇ ရက်က မြန်မာနိုင်ငံ ကုန်သည်များနှင့် စက်မှုလက်မှု လုပ်ငန်းရှင်များ အသင်းချုပ် (UMFCCI) တွင် ပြုလုပ်ခဲ့ခြင်း ဖြစ်သည်။
စိုက်ပျိုးရေး ကဏ္ဍ ဖြစ်သော ကောက်ပဲသီးနှံ ထုတ်လုပ်မှု အခြေအနေ ကောင်းမွန်လာခြင်း၊ ကုန်ထုတ် လုပ်ငန်းများ အား ကောင်းလာခြင်း နှင့် ဝန်ဆောင်မှု လုပ်ငန်းကဏ္ဍတို့တွင် တည်ငြိမ်မှုရှိလာခြင်း တို့ကြောင့် ပြည်တွင်း အသားတင် ထုတ် လုပ်မှု တန်ဖိုး (GDP) တိုးတက်လာနိုင်သည် ဟု ကမ္ဘာ့ဘဏ် အစီအရင်ခံစာ၌ ဖော်ပြထားသည်။
မြန်မာ၊ ကမ္ဘောဒီယားနှင့် လာအို နိုင်ငံဆိုင်ရာ ကမ္ဘာ့ဘဏ် ညွှန်ကြားရေးမှူး အယ်လင်ဂိုးလ် စတိန်းက “လက်ရှိ မြန်မာနိုင်ငံ အနေနဲ့ အသွင် ကူးပြောင်းရေးကို ဖြတ်သန်းနေရတဲ့ အခြေအနေမှာ ကောင်းနေတဲ့ စီးပွားရေး အရှိန်အဟုန်ကို ထိန်းထားဖို့ လိုအပ်တယ်” ဟု ပြောသည်။
မြန်မာ့ စီးပွားရေး တိုးတက်မှုနှုန်းမှာ ၂၀၁၆-၂၀၁၇ ခုနှစ်တွင် ၅ ဒသမ ၉ ရာခိုင်နှုန်း ရှိခဲ့ရာမှ ၂၀၁၇-၂၀၁၈ ခုနှစ်၌ ၆ ဒသမ ၄ ရာခိုင်နှုန်းသို့ ရောက်ရှိလာသည်။
ထို့အပြင် ငွေကြေး ဖောင်းပွမှုနှုန်းမှာလည်း၂၀၁၆-၂၀၁၇ ခုနှစ်တွင် ၇ ရာခိုင်နှုန်း ရှိခဲ့ရာမှ ၂၀၁၇-၂၀၁၈ ခုနှစ်တွင် ၅ ဒသမ ၅ ရာခိုင်နှုန်း ကျဆင်းခဲ့ပြီး ၂၀၁၈-၂၀၁၉ ခုနှစ်၌ ၄ ဒသမ ၉ ရာခိုင်နှုန်းသို့ ကျဆင်းသွားမည်ဟု ကမ္ဘာ့ဘဏ် အစီရင်ခံစာ တွင် ခန့်မှန်းထားကြောင်း အယ်လင်ဂိုးလ် စတိန်းက ဆိုသည်။
စီးပွားရေး စွမ်းဆောင်ချက်များ အားကောင်းနေပြီး မက်ခရိုစီးပွားရေး အခြေအနေ အပေါင်းလက္ခဏာ ပြသော်လည်း ပြုပြင်ပြောင်းလဲရေး အရှိန်နှေးကွေးနေခြင်း၊ ဘဏ္ဍာရေးကဏ္ဍ အားနည်းချက်များခြင်းနှင့် ရခိုင်ပြည်မြောက်ပိုင်းအရေး ဖြေရှင်းရာတွင် အကန့်အသတ်ရှိနေခြင်းတို့ကြောင့် စီးပွားရေးတွင် အန္တရာယ် ပိုများလာပြီး စွမ်းဆောင်နိုင်မှု အားပျော့လာနိုင်ကြောင်းလည်း အစီရင်ခံစာက ဆိုသည်။
နိုင်ငံခြား ရင်းနှီးမြှုပ်နှံမှုနှင့် နိုင်ငံခြားခရီးသွား ကျဆင်းခြင်းက အစိုးရဝင်ငွေကို ထိခိုက်ပြီး ကျပ်ငွေတန်ဖိုး ကျဆင်းစေနိုင်ကြောင်းလည်း သတိပေးထားသည်။",3.0,3.0,3.0,5.0,4.0,"The text is a well-structured, professional news report on Myanmar's economy. It provides clear data, logical analysis of economic factors, and uses natural, formal Burmese. It is highly readable and informative, suitable for educational purposes regarding current affairs and economic reporting, though it lacks deep academic theoretical depth."
<urn:uuid:11cae6de-d28a-4546-907a-ad78f75c48e3>,"နို့အမျိုးမျိုး အကြောင်း သိကောင်းစရာ
နို့ အမျိုးမျိုး ကြော်ငြာတွေကလည်း အမျိုးမျိုး ရှိပြီး မိမိကလေးကို ဘယ်နို့ အမျိုးအစား တိုက်လို့ တိုက်ရမှန်း မသိတော့တဲ့ မေမေ တွေ ရှိပါတယ်။ ဟိုဟာ ကောင်းနိုးနိုး ဒီဟာကောင်းနိုးနိုး နဲ့  အတော်လေး ဗျာများရပါတယ်။ မိမိကလေးကို အကောင်းဆုံးပေးချင်တာက အမေတိုင်းရဲ့  မေတ္တာဆိုတော့ ဈေးကြီးမှ ကောင်းမှာလား စသဖြင့် ဝေခွဲရခက်တတ်ပါတယ်။ အရေးကြီးတာကတော့ ကိုယ့်ကလေး ရဲ့  အသက်အရွယ် အလိုက် သင့်တော်ရာကို ရွေးချယ်တတ်ဖို့ ပါ။ ဈေးကြီးမှ ကောင်းတာ မဟုတ်ပါဘူး။ ဈေးအကြီးဆုံး နို့ မှုန့် တွေ တိုက်ပြီး မိသားစု အခက်အခဲ ဖြစ်နေစရာ မလိုပါဘူး။ ရွေးချယ်စရာ အများကြီးရှိပါတယ်။ ချင့်ချိန်ပြီး ရွေးချယ်တတ်ကြဖို့ မျှဝေလိုက်ပါတယ်။
နွားနို့ အကြောင်း အရင်ပြောပါမယ်။ နွားနို့ အောက် ကလေး အသက် ၁ နှစ်ပြည့်မှ စတိုက်သင့်ပါတယ်။ နွားနို့ မှာ ပါဝင်တဲ့ အသားဓာတ် (ပရိုတိန်း) ကို ကလေးရဲ့  အစာအိမ်နဲ့  အူလမ်းကြောင်းက မချေဖျက်နိုင်သေးပါဘူး။ ဒီ ပရိုတိန်းတွေက ကလေးရဲ့  နုနယ်တဲ့ ကျောက်ကပ်ကို အလုပ်ပိုလုပ်ရစေပါတယ်။ ဒါ့အပြင် နွားနို့ မှာ ပါဝင်တဲ့ အဆီဓာတ် ကလည်း ၁ နှစ်အောက် ကလေးများ အတွက် မသင့်တော်သေးပါဘူး။ နို့ ရဲ့  ကစီဓာတ်ကလည်း ၁နှစ်အောက် ကလေးများ အတွက် ချေဖျက်ရခက်ပါတယ်။ ဒါကြောင့် နွားနို့ ကို ၁နှစ်အောက် ကလေးများကို မတိုက်ဖို့  ဆရာဝန်တွေက မှာနေရခြင်း ဖြစ်ပါတယ်။ ကလေးရဲ့ နုနယ်တဲ့ အစာအိမ်အူလမ်းကြောင်းနဲ့  ကျောက်ကပ်ကို ထိခိုက်စေနိုင်ပါတယ်။ ၁နှစ် အထက်ကလေးများကတော့ ကိုယ်တွင်း အင်္ဂါများ ကောင်းစွာ ဖွံ့ ဖြိုးပြီ ဖြစ်တာကြောင့် နွားနို့ စတိုက်လို့ ရပါပြီ။ နွားနို့ မှာ ပါတဲ့ ဗီတာမင် ဒီ၊ ကယ်လဆီယမ် က ကလေးများ အရိုးနဲ့ သွား ဖွံ့ ဖြိုးမှု အတွက် ကောင်းပါတယ်။ နို့ နဲ့ နို့ ထွက် ပစ္စည်းများကို ၁ရက် ၂ ကြိမ် ပျမ်းမျှ တိုက်လို့ ရပါတယ်။ မလိုင်ပြည့် နို့ ကို ပဲ ရွေးရမှာ ဖြစ်ပါတယ်။ ကလေး ဦးနှောက် ဖွံ့ ဖြိုးမှု အတွက် အဆီဓာတ် လိုအပ်တာကြောင့် အဆီနည်းနို့  တိုက်စရာ မလိုပါဘူး။ နို့ နဲ့  မတည့်တဲ့ ကလေးအချို့ လည်း ရှိတာမို့  မိမိ ကလေးနဲ့ သင့်တော်ရာ ကို ရွေးပါ။ အဆီနည်းနို့ က လူကြီးများ အတွက် ဖြစ်ပါတယ်။
ပဲနို့ (soy milk) ကလည်း ၁ နှစ် အထက် ကလေးများ အတွက်ပဲ ဖြစ်ပါတယ်။ ပဲနို့ မှာလည်း ဗီတာမင် ဒီ၊ ကယ်လဆီယမ်တွေ ထပ်ဖြည့်ထားတဲ့ ဖော်မြူလာတွေ ရှိပါတယ်။ ပဲနို့ ကတော့ အပင်မှ ရတဲ့ အစားအစာ ဖြစ်တာကြောင့် အမျှင်ဓာတ် (Fiber) ပါဝင်ပါတယ်။ အမျှင်ဓာတ်ဟာ ကလေးများရဲ့  အစာအိမ်နဲ့ အူလမ်းကြောင်းကို ကောင်းမွန်စေပြီး ၀မ်းမှန်စေပါတယ်။ နွားနို့  မတည့်တဲ့ ကလေးများ အတွက် ပဲနို့ က အလွန် သင့်တော်ပါတယ်။ Lactose free ဖြစ်တာကြောင့် ၀မ်းလျှောဝမ်းပျက် လည်း ဖြစ်နိုင်ချေ အလွန်နည်းပါတယ်။ ၁နှစ် အထက် ကလေးများကို ပဲ နို့ ကိုလည်း ၁ရက် ၂ ခွက် ခန့် တိုက်နိုင်ပါတယ်။
ဖော်မြူလာနို့ မှုန့် တွေကတော့ ကလေး အသက်အလိုက် ရွေးချယ်ရပါတယ်။ မွေးစမှ ၆ လ အထိကတော့ မိခင်နို့  တစ်မျိုးတည်း တိုက်တာ အကောင်းဆုံး ဖြစ်ပါတယ်။ ၆ လ ကျော်ရင်တော့ ဖြည့်စွက်စွာ စကျွေးတဲ့ အချိန် ရောက်ပြီမို့ အမေ က အပြင် အလုပ်လုပ်ရတာမျိုးဆိုရင် ဖော်မြူလာနို့ ကို ဆရာဝန် ညွှန်ကြားချက် အတိုင်း တိုက်နိုင်ပါတယ်။ ဖော်မြူလာနို့ တွေကတော့ ကလေးတွေ အတွက် ချေဖျက်ရ လွယ်ကူအောင်လုပ်ထားပါတယ်။ ဗီတာမင် နဲ့  သတ္တုဓာတ်တွေလည်း အချိုးကျ ပါဝင်တာကြောင့် ၁ နှစ်အောက် ကလေးများ အတွက်ကတော့ မိခင်နို့ ပြီးရင် ရွေးသင့်တာကတော့ ဖော်မြူလာနို့ ပါ။ နွားနို့  နဲ့ ပဲနို့ ကတော့ ၁နှစ်အောက် ကလေးများ အတွက် လုံးဝ မသင့်တော်ပါဘူး။ ၁ နှစ် အထက် ကလေးများကတော့ နို့ မျိုးစုံ သောက်နိုင်တဲ့ အရွယ်ရောက်ပြီ ဖြစ်တာမို့ ဖော်မြူလာတွေ အစား သဘာဝ အစားအစာတွေ ဖြစ်တဲ့ နွားနို့ ပဲနို့  စတာတွေကို ရွေးချယ်တာက မိမိကလေးကို သဘာဝ အစားအစာတွေကို စားတတ်အောင် လေ့ကျင့်ပေးရာ ရောက်ပါတယ်။ ကိုယ်ခံအား Anitibodies တွေကတော့ မိခင်နို့  တစ်မျိုးတည်းမှာပဲ ပါတာကြောင့် ပြိုင်စံရှားပါပဲ။
ဒါကြောင့် အနှစ်ချုပ်ရမယ်ဆိုရင် မွေးစမှ ၆ လအထိကတော့ မိခင်နို့ က အကောင်းဆုံး ဖြစ်ပြီး ဖော်မြူလာနို့ ကိုတော့ ဆရာဝန် က လိုအပ်လို့  ညွှန်ကြားရင် တိုက်ပါ။ ပဲနို့ နဲ့  နွားနို့ ကတော့ သဘာဝ အစားအစာ ဖြစ်ပါတယ်။ ၁ နှစ် အထက် ကလေးများ အတွက် ဖြစ်ပါတယ်။ နွားနို့  ဓာတ်မတည့်လျှင် ပဲနို့ တိုက်နိုင်ပါတယ်။ ဘယ်အရာကမှ ပြီးပြည့်စုံတဲ့ အာဟာရ မပါဝင်တာကြောင့် မိမ်ိကလေး အသက်အရွယ် အခြေအနေ အလိုက်သင့်တော်ရာ ရွေးချယ်နိုင်စေဖို့  ချစ်ခင်စွာမျှဝေလိုက်ပါတယ်။
ကျန်းမာပျော်ရွှင်သော ကလေးများ ဖြစ်ပါစေ။
Dr. Jasmine",4.0,3.0,2.0,5.0,4.0,"The text provides clear, accurate, and practical health advice for parents regarding infant and child nutrition. It follows a logical structure, distinguishing between age groups and milk types. The language is natural, culturally appropriate for Burmese parents, and free of noise or formatting issues."
<urn:uuid:895934a0-1b22-44d6-887d-727181bff411>,"- You are here: ပင်မ
- စာကြည့်တိုက်အကြောင်း
- နောက်ခံသမိုင်း
အမျိုးသားစာကြည့်တိုက်သမိုင်းအကျဉ်း
အမျိုးသားစာကြည့်တိုက်သည် ဘားနတ်စာကြည့်တိုက်မှစာစုကို အရင်းတည်၍ ဖွင့်လှစ်သော စာကြည့်တိုက်ဖြစ်သည်။ ၁၈၈၃ ခုနှစ်၊ ဖေဖော်ဝါရီလ ၂၁ ရက်နေ့တွင် ဝန်ရှင်တော်မင်းကြီး ဆာချားအက်ဒွပ်ဘားနတ် (Sir Charles Edward Bernard) နှင့် အောက်မြန်မာပြည် တရားပိုင်မင်းကြီး၊ ပညာရေးဆင်ဒီကိတ်အဖွဲ့ဝင် ဥက္ကဌဆာဂျွန်ဂျာဒင်း (Sir John Jardine) တို့က အမှူးပြု၍ ""ဘားနတ်အခလွတ်စာကြည့်တိုက်"" ကိုဖွင့်လှစ်ခဲ့ပါသည်။ ဘားနတ်အခလွတ်စာကြည့်တိုက်သည် မင်းကြီးအက်ဒွပ်ဘားနတ်ပိုင်စာအုပ်များနှင့် ၎င်းပိုင်အဆောက်အအုံ (ယခုအ−ထ−က(၁) လသာနေရာ)တွင် အစပြုခဲ့ပါသည်။ ဘားနတ်စာကြည့်တိုက်သို့ ပထမဆုံးအဖိုးတန်စာအုပ်စာတမ်းများ လှူဒါန်းသူများမှာ တရားပိုင်မင်းကြီး ဆာဂျွန်ဂျာဒင်း၊ ပါဠိမောက္ခ ချိလဒါး(Professor Childers)၊ ဦးဖိုးမျှင်နှင့် ဦးမြို့တို့ဖြစ်ပါသည်။ ဦးဖိုးမျှင်နှင့် ဦးမြို့တို့က ငွေကျပ်တစ်သောင်းတန် ပေ၊ ပုရပိုက်များနှင့် စာအုပ်များကိုလှူဒါန်းခဲ့ပါသည်။ ၁၉၂၁ ခုနှစ်တွင် ကင်းဝန်မင်းကြီးပိဋကတ်တိုက်မှ ပေ၊ ပုရပိုက်၊ စာမူစာအုပ်အစုစုကို ငွေ ၁၅၀၀၀ ကျပ် ပေး၍လည်းကောင်း၊ ၁၉၄၂ ခုနှစ်တွင် ပုဂံဝန်ထောက်မင်းဦးတင်၏ ပိဋကတ် တိုက်ကို ကျပ်ငွေ ၅၀၀၀ ပေး၍လည်းကောင်း ဝယ်ယူဖြည့်တင်းခဲ့ပါသည်။
ဒုတိယကမ္ဘာစစ်ဖြစ်ပွားချိန်တွင် ဘားနတ်စာကြည့်တိုက်မှာ စစ်ဒဏ်ကြောင့်ပရိဘောဂ များနှင့် စာအုပ်စာတမ်းပေါင်းများစွာ ပျက်စီးဆုံးရှုံးခဲ့ပါသည်။ လွတ်လပ်ရေးရပြီးသောအခါ ၁၉၅၂ ခုနှစ် ဇွန်လ (၁)ရက်နေ့တွင် ယဉ်ကျေးမှုဝန်ကြီးဌာနမှ နိုင်ငံတော်စာကြည့်တိုက်၊ ၁၉၆၄ ခုနှစ်တွင် အမျိုးသားစာကြည့်တိုက်ဟူသော အမည်ဖြင့် ပြောင်းလဲဖွင့်လှစ်ခဲ့ပါသည်။ အမျိုးသားစာကြည့်တိုက်သည် ပြောင်းရွေ့မှုအဆင့်ဆင့်ပြုလုပ်ခဲ့ပါသည်။ ၂၀၁၀ ခုနှစ်မှစ၍ အမျိုးသားစာကြည့်တိုက် (ရန်ကုန်) နှင့် အမျိုးသားစာကြည့်တိုက် (နေပြည်တော်) ဟူ၍ဖွဲ့စည်:ခဲ့ပါသည်။ အမျိုးသားစာကြည့်တိုက် (နေပြည်တော်) အဆောက်အဦးသစ်ကို ဆောက်လုပ်ခဲ့ပြီး ၂၀၁၃ခုနှစ် မေလ ၃ ရက်နေ့တွင်စတင်ဖွင့်လှစ်ခဲ့ပါသည်။
အမျိုးသားစာကြည့်တိုက်သည် သမိုင်းသုတေသနနှင့် အမျိုးသားစာကြည့်တိုက်ဦးစီးဌာန၊ သာသနာရေးနှင့် ယဉ်ကျေးမှုဝန်ကြီးဌာနအောက်တွင် တည်ရှိပါသည်။
အမျိုးသားစာကြည့်တိုက်၏ပြောင်းရွေ့မှုအဆင့်ဆင့်မှာ−
၁၉၄၈ ခုနှစ် သြဂုတ်လ ၁ ရက် −မြူနီစပယ်အဆောက်အအုံ (မြို့တော်ခန်းမ)
၁၉၅၂ ခုနှစ်၊ ဇွန်လ −ဂျူဗလီဟော (စစ်သမိုင်းပြတိုက်)
၁၉၆၂ ခုနှစ်၊ ဇွန်လ −အမှတ် ၁၆၆၊ ပန်းဆိုးတန်းလမ်း
(ဒုတိယနှင့်တတိယထပ်များ)
၁၉၆၄ ခုနှစ်၊ သြဂုတ်လ −မြို့တော်ခန်းမ (တတိယထပ်)
၁၉၈၄ ခုနှစ်၊ သြဂုတ်လ −၆ ထပ်ရုံး၊ ကမ်းနားလမ်း
၁၉၉၅ ခုနှစ်၊ ဇူလိုင်လ − တာမွေမြို့နယ်၊အရှေ့မြင်းပြိုင်ကွင်းလမ်းနှင့်
လေးထောင့်ကန်လမ်း
၂၀၀၈ ခုနှစ်၊ မေလမှ ယခုထိ − အမျိုးသားစာကြည့်တိုက် (ရန်ကုန်)
ရန်ကင်းမြို့နယ်၊သီရိမင်္ဂလာရိပ်သာလမ်း
နှင့် ကမ္ဘာအေးဘုရားလမ်း
၂၀၁၀ ခုနှစ် −အမျိုးသားစာကြည့်တိုက် (နေပြည်တော်)
အဆောက်အအုံသစ်ဆောက်လုပ်ခြင်း
၂၀၁၃ ခုနှစ်၊ မေလ −အမျိုးသားစာကြည့်တိုက် (နေပြည်တော်) ဖွင့်လှစ်ခြင်း
ရည်ရွယ်ချက်
၁။ ပြည်တွင်းထုတ်၊ပုံနှိပ်စာ၊ လက်ရေးစာစုအားလုံး၊ ပြည်ပထုတ် မြန်မာနိုင်ငံအကြောင်း ဆိုင်ရာစာစုများကို ပြည့်စုံအောင်စုဆောင်း၍ အမျိုးသားစာပေတစ်ရပ်အနေဖြင့် ထိန်းသိမ်းရန်
၂။ မြန်မာ့ယဉ်ကျေးမှုနှင့် မြန်မာ့ရှေးဟောင်းစာပေများကို စုဆောင်း၍ သုတေသီများနှင့် ပြည်သူလူထုက ရည်ညွှန်းကိုးကားအသုံးပြုနိုင်စေရန်
၃။ အရှေ့တောင်အာရှဆိုင်ရာ စာစုများကို စုဆောင်းဖြန့်ဝေပေးရန်
၄။ နိုင်ငံလုံးဆိုင်ရာစာကြည့်တိုက်စနစ်ကို ဦးစီးဦးဆောင်ပြုရန်",4.0,2.0,2.0,4.0,5.0,"The text provides a clear, factual historical account of the National Library of Myanmar, suitable for educational purposes. It is well-structured and uses natural, authentic Burmese language with appropriate terminology. While it lacks complex analytical reasoning, it is highly informative and clean, reflecting genuine local institutional history."
<urn:uuid:de725eb3-5b65-4571-aa63-e01dd9287d97>,"22-Oct-2018
လန်ဒန်၊ အောက်တိုဘာ ၂၁
ဘရိတ်ဇစ် စည်းကမ်းချက်များနှင့် ပတ်သက်၍ ဒုတိယအကြိမ် ဆန္ဒခံယူပွဲဖြင့် မဲခွဲဆုံးဖြတ်ရေးကိုတောင်းဆိုရန် လန်ဒန်တွင် စနေနေ့က လူပေါင်း ၇၀၀,ဝ၀၀ ခန့် ဆန္ဒပြခဲ့ကြသည်ဟု စီစဉ်သူများကပြောကြားလိုက် ကြောင်း DW သတင်းတွင် ဖော်ပြသည်။
စနေနေ့က ဆန္ဒပြပွဲသည် ၂၀၀၃ ခုနှစ်က အီရတ်စစ်ပွဲဆန့်ကျင်ရေး ဆန္ဒပြပွဲနောက်ပိုင်း လန်ဒန်တွင် အကြီးမားဆုံး ချီတက်ပွဲဖြစ်သည်။
အီးယူမှ ယူကေနုတ်ထွက်မှုသည် ၂၀၁၆ ပထမအကြိမ် ဘရိတ်ဇစ်ဆန္ဒခံယူပွဲ မတိုင်မီ ထုတ်ပြန်ခဲ့သောအချက်အလက်များနှင့် လုံးဝမတူညီခြင်းအပေါ် စိုးရိမ်ကြောင်း ဆန္ဒပြသူများက ပြောကြားသည်။
၂၀၁၆ ဆန္ဒခံယူပွဲသည် မဲပေးခွင့်ရှိသူ ၄၆ ဒသမ ၅ သန်း၏ ၇၀ ရာခိုင်နှုန်းသာ ပါဝင်မဲပေးခဲ့ပြီး မဲပေးသူများ၏ ၅၂ ရာခိုင်နှုန်းကသာ ခွဲရေးကို ထောက်ခံခဲ့ခြင်းဖြစ်သည်။
ခွဲရေးက မဲအနည်းငယ် အသာရခဲ့သော ၂၀၁၆ ဆန္ဒခံယူပွဲသည် ခွဲရေး၊ တွဲရေးကိုသာ မဲခွဲခဲ့ခြင်းဖြစ်ပြီး ခွဲထွက်မှုစည်းကမ်းချက်များကို မဲခွဲခဲ့ခြင်းမဟုတ်ဟု ဆန္ဒပြသူများက စောဒကတက်ကြသည်။ လူအများစုသည် အီးယူအဖွဲ့ဝင်ဖြစ်ပြီး နှစ် ၄၀ အကြာ ခွဲထွက်မှုတွင် တကယ့်အကြောင်းရင်းများကိုသိရှိပါက သဘောထားတစ်မျိုးပြောင်း၍ မဲပေးကြလိမ့်မည်ဟု ၎င်းတို့က ဆိုသည်။
ချီတက်ပွဲတွင် ပါဝင်ခဲ့သူလန်ဒန် မြို့တော်ဝန် ဆာဒစ်ခန်းက “ဒါက ကျွန်တော်တို့ ဒီမိုကရေစီရဲ့ သမိုင်းဝင် အခိုက်အတန့်ပါပဲ”ဟု ပြောကြားသည်။
ဝန်ကြီးချုပ် ထရီဇာမေ၏ ကွန်ဆာဗေးတစ်အစိုးရအတွင်း သဘောကွဲလွဲမှုများကြောင့် နုတ်ထွက်မှုဆိုင်ရာ သဘောတူစာချုပ် မပါတော့ဘဲ အီးယူမှနုတ်ထွက်ပါက ယူကေ ကြေမွသွားနိုင်သည်ဟု စိုးရိမ်မှုများရှိနေသည်။ သဘောတူညီမှုမရသော ဘရိတ်ဇစ်သည် နယ်စပ်များနှင့် စီးပွားရေးကဏ္ဍများတွင် ပရမ်းပတာဖြစ်စဉ်များ ဖြစ်ပေါ်စေနိုင်သည်။
သို့ရာတွင် ဝန်ကြီးချုပ်မေက ဒုတိယအကြိမ် မဲခွဲရေးကိုအကြိမ်ကြိမ်ပယ်ချထားပြီး အီးယူနှင့် စာချုပ်ညှိနှိုင်းမှုအပေါ်များစွာ မျှော်လင့်ချက်ထားနေသည်။ စည်းကမ်းချက်များကို ပါလီမန်က အတည်ပြုဖွယ် ရှိနေသော်လည်း ဆန္ဒပြသူများကမူ ပြည်သူများတွင် နောက်ဆုံး ဆုံးဖြတ်ခွင့်ရှိသင့်သည်ဟု ယူဆကြသည်။
“အမတ်များသည် တိုင်းပြည်ကို နွမ်းပါးသွားအောင်၊ အရေးကြီးသောလူထုဝန်ဆောင်မှုလုပ်ငန်းများကို ချွတ်ခြုံကျသွားအောင်၊ လူငယ်တို့၏ အခွင့်အလမ်းများ ကိုပျက်စီးအောင်လုပ်မလား။ ဘရိတ်ဇစ် ညှိနှိုင်းမှုအတွက် ပြည်သူများအားမဲခွဲဆုံး ဖြတ်ခွင့်ပေးမလားဆိုသည်ကို ဆုံးဖြတ်ကြရမည်”ဟု People Votes UK က ၎င်းတို့ဝက်ဘ်ဆိုက်တွင် တင်ထားသည်။
သဘောထားစစ်တမ်းများက ဒုတိယအကြိမ် မဲခွဲရေးကို ထောက်ခံမှုများလာသည်ဟု ဖော်ပြနေကြသော်လည်း ၂၀၁၆ ဆန္ဒခံယူပွဲတွင် တွဲရေးက နိုင်မည်ဟု စစ်တမ်းများက ခန့်မှန်းခဲ့ရာ မှားယွင်းခဲ့သည်။
ဘရိတ်ဇစ် နောက်တစ်ကြိမ် မဲခွဲရေးကို အကြိမ်ကြိမ် ပယ်ချထားသူဝန်ကြီးချုပ်မေက “သူတို့က ကျွန်တော်တို့ မှားသွားပြီထင်တယ်၊ ဝမ်းနည်းပါတယ်လို့ ပြောဖို့အတွက် နောက်တစ်ကြိမ် ဆန္ဒခံယူပွဲကို လုပ်ချင်နေကြတယ်။ ဒုတိယအကြိမ် ဆန္ဒခံယူပွဲဆိုတာ ရှိလာမှာမဟုတ်ပါဘူး။ ပြည်သူတွေက မဲပေးပြီးသားပါ။ အဲဒါကိုပဲဒီအစိုးရက အကောင်အထည်ဖော်ပေးမှာ ဖြစ်ပါတယ်”ဟု ဗုဒ္ဓဟူးနေ့က ပါလီမန်တွင် ပြောကြားခဲ့သည်။
F-04
-
24-Apr-2019
-
24-Apr-2019
-
24-Apr-2019
-
24-Apr-2019
-
24-Apr-2019
-
24-Apr-2019
-
10-Apr-2019
-
07-Apr-2019
-
12-Apr-2019
-
23-Apr-2019
-
15-Apr-2019
-
01-Apr-2019",3.0,3.0,3.0,2.0,4.0,"The text provides a clear, informative overview of the Brexit protest, suitable for educational purposes. It presents multiple viewpoints and logical arguments regarding the referendum. While the content is professional and well-written in natural Burmese, the document is marred by significant boilerplate/date-list noise at the end, reducing its cleanliness score."
<urn:uuid:37554762-685b-4b25-b7ee-8abcfad42405>,"အခြေခံ သိသင့်တဲ့ ဗဟုသုတလေးပါ။ မေးလာသူ ရှိလို့ မသိသူများ အလွယ်ကူဆုံး နားလည်အောင် ရှင်းပြလိုက်ရ ပါတယ်။
RAM ဆိုတာ ၁၀ တန်းတုန်းက သင်ရတဲ့ စာအတိုင်း ပြောရရင် Read and Write ရတဲ့ Memory လို့လွယ်လွယ်မှတ်ယူနိုင်ပါတယ်။ ရေးလို့လည်းရ၊ ဖတ်လို့လည်းရဆိုတော့ အဲ့ RAM အပြားအချပ်က စာအုပ်တစ်အုပ်များလား လို့ အဲ့တုန်းကတည်းက ကလေးတွေးနဲ့ တွေးဖူး ပါတယ်။ ဒီလိုရှိပါတယ် -
RAM ဆိုတာ
Random Access Memory ပါ။ မြန်မာလို တိုက်ရိုက် ဘာသာ ပြန်တော့ ကျပန်း ဝင်ရောက်နိုင်သော သိမ်းဆည်းသူပေါ့။ သို့ပေမယ့် နည်းပညာ ကျကျ ပြောရင် RAM လို အင်္ဂလိပ်လိုမှတ်တာ အကောင်းဆုံးပါပဲ။ ကျပန်း ဆိုတာ ဒီလိုပါ။ ၁ ကနေ ၁၀ အထိဆီစားရင် ROM က အစဉ်လိုက် ထုတ်ပေးပါတယ်။ ဥပမာ ကွန်ပြူတာ တစ်လုံး Power On လိုက်တဲ့အခါ Command Line ပေါ်လာမယ်။ Windows Version ဘယ်လောက်ဆိုပြီး Screen တက်လာမယ်။ ပြီးတော့ Home Screen အစရှိသဖြင့်တို့က ROM မှာ သိမ်းဆည်းထားတဲ့ Memory ဖြစ်ပြီး အစဉ်လိုက်ကို ထုတ်ပေးပါတယ်။ ဒါကြောင့် ကွန်ပြူတာဖွင့်ဖွင့်ချင်း Home Screen အတန်းပေါ်လို့ မရပါဘူး။ ROM မှာကိုက အစဉ်လိုက်သွားလိုက် လုပ်ပေးထားပါတယ်။ ဖျက်လို့မရဘူး လို့အကြမ်းဖျင်း မှတ်သားထား နိုင်ပါတယ်။
RAM ကျတော့ ကျော်တာ၊ ခွတာလုပ်လို့ရ ပါတယ်။ ဆိုလိုရင်းက လုပ်ဆောင်ချက်ကို ကိုယ်လိုတဲ့ နေရာကနေ ဆွဲယူလို့ ရပါတယ်။ ဒါကြောင့် Random လို့ခေါ်တာပါ။ Data တွေကို သိမ်းတဲ့အခါ C file ထဲသိမ်းရင် RAM ဖြစ်ပြီး ကွန်ပြူတာ Error အကြောင်းတစ်ခုခုရှိတဲ့အခါ အလွယ်တကူ ပျက်နိုင်ပါတယ်။ RAM မှာသိမ်းဆည်းထားလို့ပါ။ ပြီးတော့ RAM မှာသိမ်းဆည်း ထားတဲ့ ပရိုဂရမ်တွေက အသုံးပြုရ၊ Save လုပ်ရ မြန်ဆန် ပါတယ်။ ပြီးတော့ ဘယ်နေရာက ဘယ်လို ပရိုဂရမ်တွေကိုပဲ Run Run . RAM ပေါ်မှာ အလုပ်လုပ်ပြီး နောက်ဆုံးမှ ဒါကို ROM မှာသိမ်းမှာလား RAM မှာ သိမ်းမှာလား ရွေးချယ်နိုင်ပါတယ်။ လွယ်လွယ်မှတ်ရင် ကွန်ပြူတာဖွင့်ပြီး အင်တာနက်သုံးပြီ၊ ဂိမ်းဆော့ပြီ၊ အလုပ်လုပ်ပြီဆိုရင် RAM က မိမိလုပ်ဆောင်ချက်များ အတွက် အလုပ်လုပ်ပေးနေရ ပြီ ဖြစ်ပါတယ်။
RAM ရည်ရွယ်ချက်
RAM နဲ့ ROM ရှိရာမှာ RAM ထားရတဲ့ ရည်ရွယ်ချက်က သိမ်းဆည်းထားတဲ့ မှတ်ဥာဏ်တွေဆီကို အလွယ်တကူ ဝင်ရောက်နိုင်ရန်၊ အလွယ်တကူ နှင့် ယာယီ သိမ်းဆည်းနိုင်ရန်၊ ပရိုဂရမ်များကို မြန်မြန် Run နိုင်ရန်၊ အသုံးပြုနိုင်ရန် လို့အလွယ်မှတ်ယူထားနိုင်ပါတယ်။
RAM အမျိုးအစား
DRAM ခေါ် Dynamic RAM နဲ့ Static RAM (SRAM) ဆိုပြီး ၂ မျိုး ရှိပါတယ်။ SRAM အတွေ့နည်းပြီး DRAM အတွေ့များပါတယ်။ ဘာလို့လဲဆို SRAM က ပိုကောင်းပြီး ဈေးကြီးလို့ပါ။ သူ့ဟာသူ အလိုအလျောက် Refresh ဖြစ်နေတဲ့ SRAM က တစ်စက္ကန့်မှာ အကြိမ် တစ်ထောင်မက Refresh လုပ်ပေးနေရတဲ့ DRAM ထက် လုပ်ဆောင်ချက်လည်း မြန်ဆန်ပါတယ်။ ကျနော်တို့ Windows မှာ F5 နှိပ်ပြီး Refresh ခဏခဏ လုပ်နေတယ်ဆိုတာ RAM အတွက်ပါ။ CPU utilize များတာနဲ့အမျှ RAM အလုပ်များပြီး Error ဖြစ်တတ်လို့ ဖြစ်ပါတယ်။ ဒီတော့ အကြမ်းဖျင်းအားဖြင့် RAM မှာ DRAM နဲ့ SRAM ဆိုပြီး ၂ မျိုးရှိတယ်လို့ အကြမ်းဖျဉ်းမှတ်သား နိုင်ပါတယ်။
အနှစ်ချုပ်
ကွန်ပြူတာတင်မက မိုဘိုင်းနှင့် အခြား ကွန်ပြူတာမှတ်ဥာဏ်ပါဝင် ပစ္စည်းတွေအများစုမှာ RAM က ပါကိုပါပါတယ်။ ဖုန်းမှာလဲ RAM ပါပါတယ်။ RAM များလေလေ လုပ်ဆောင်ချက်မြန်လေလေ ဖြစ်ပါတယ်။ ဒါကြောင့် RAM 2G က RAM 1GB ထက် ဂိမ်းဆိုဒ်ကြီးကြီးကို ဆော့နိုင်ခြင်း ဖြစ် ပါတယ်။ RAM 1GB ထက် RAM 2G ကတစ်ပြိုင်နက်တည်းမှာပဲ အလုပ်များများ လုပ်ပေးနိုင်ပါတယ်။ 2GB ထက် 3GB, 3GB ထက် 4GB အစရှိသဖြင့် သိမ်းဆည်းနိုင်မှုများလေလေ၊ လုပ်ဆောင် ချက်မြန်လေလေ ဖြစ်ပါတယ်။ ဒါကြောင့် ကွန်ပြူတာ တွေမှာ ROM နည်းပေမယ့် RAM များတဲ့အခါ Performance ကောင်းရခြင်း ဖြစ်ပါတယ်။ သူက ROM က အသေသိမ်းဆည်းထားတဲ့ မှတ်ဥာဏ်နဲ့ ပရိုဂရမ်တွေကို ဝန်မျှထမ်းပေးတဲ့ သဘောလည်း သက်ရောက်ပါတယ်။
သူကိုယ်တိုင်ကလည်းရှိတဲ့ ဝန်ကိုထမ်းပြီး ROM က အချို့ ဝန်တွေကိုလည်း ခွဲထမ်းပေးတတ်ပါတယ်။ ဥပမာ Networking Devices တွေမှာဆိုရင် Command တွေကို RAM (Running Configuration) ကနေ ROM ထဲကို သိမ်းဆည်းလိုက်တာမျိုးဖြစ်ပါတယ်။ ပြီးတော့ Device ကိုပြန်စတဲ့အခါ ယင်းမှတ်ဥာဏ်က မပျောက်ပဲရှိနေပါတယ်။ RAM ရဲ့  မှတ်ဥာဏ်ဟာ ကွန်ပြူတာပိတ်လိုက်တာနဲ့ ပျောက်ပါတယ်။ ဒါကြောင့် RAM နဲ့ သုံးပြီး နောက်ဆုံးမှာ ROM ထဲကို ပြန် Save လုပ်ရလေ့ရှိပါတယ်။ ဒါကြောင့် တာဝန်ယူခွဲယူတဲ့ သဘောကိုဆိုခြင်း ဖြစ်ပါတယ်။ RAM က volatine memory, ROM က non volatine memory လို့လည်း အကြမ်းဖျင်း မှတ်ယူနိုင်ပါတယ်။
ဒီလောက်ဆိုရင် RAM ကဘာကိုခေါ်သလဲဆိုတာတင်မက ROM အကြောင်းကိုပါ အကြမ်းဖျင်း သိပြီလို့ မျှော်လင့် ပါတယ်။
.
အောင်ခမ်း (AMDC)",4.0,3.0,2.0,5.0,4.0,"The text provides a clear, accessible explanation of RAM and ROM suitable for beginners. It uses simple analogies and logical comparisons to explain technical concepts. While it contains some technical inaccuracies (e.g., confusing F5 refresh with RAM management), it is well-structured, clean, and written in natural, conversational Burmese, making it highly effective for educational outreach."
<urn:uuid:864f709c-b14b-4d4e-a6b5-8a41da9f4822>,"ဘဝဆိုတာ ခက်ခဲတဲ့ခရီးလမ်းတခုဘဲဖြစ်ပါတယ်။ အသက်ကြီးလာလေ ကိုယ့်ရဲ့ မိုက်မဲမှုတွေကို ပိုလို့သိမြင်လာရလေပါဘဲ။ ဒါပေမယ့် ပြန်လည်ပြင်ဆင်နိုင်ခွင့်ကတော့ မရရှိနိုင်ကြတော့ပါဘူး။ ဒါကြောင့်မို့ ကိုယ့်ရဲ့သားသမီးတွေကို အချိန်မလွန်ခင်မှာ ပြင်ဆင်နိုင်ဖို့၊ နောင်တတရားတွေနဲ့ ရှင်သန်မနေရစေဖို့အတွက် နည်းလမ်းလေးတွေကို ဖော်ပြပေးလိုက်ပါတယ်။
ကိုယ့်ကိုယ်ကို ယုံကြည်မှုရှိစေဖို့ သင်ကြားပေးပါ
သူတို့ရဲ့ ရွေးချယ်မှုတွေ၊ ဆုံးဖြတ်ချက်တွေ၊ အပြုအမူတွေနဲ့ အတွေးတွေသည် ကိုယ့်ကိုယ်ကို လေးစားမှုရှိဖို့အတွက် အခြေခံတွေဘဲဖြစ်ပါတယ်။ နောင်တချိန်ကြီးပြင်းလာချိန်မှာ သူတို့ရဲ့အနာဂတ်ဘဝကို အကောင်းဆုံးဖြစ်စေနိုင်ဖို့အတွက်ဆို သူတို့ရဲ့ စွမ်းရည်တွေကို မြှင့်တင်ပေးဖို့က အရေးကြီးပါတယ်။ တချို့သောကိစ္စတွေမှာ မိမိရဲ့ ဆယ်ကျော်သက်သားသမီးတွေကို လုပ်ပိုင်ခွင့်ပေးတဲ့အခါ သူတို့ရဲ့ ဘဝမှာကြုံတွေ့လာရနိုင်တဲ့ ဘယ်လိုအခက်အခဲမျိုးကိုမဆို ရင်ဆိုင်နိုင်တဲ့စွမ်းအားတွေနဲ့ အတွေ့အကြုံကောင်းတွေကို ရရှိလာစေနိုင်ပါတယ်။ ဒါကြောင့်မို့ မိမိတို့ရဲ့ သားသမီးတွေကို အမြဲတမ်းချုပ်ကိုင်မထားဘဲ လုပ်သင့်တာ၊ လုပ်ချင်တာမျိုးကို အတတ်နိုင်ဆုံးလိုက်လျောပေးဖို့လိုပါတယ်။
သူတို့ရဲ့ ဝါသနာနဲ့ အိပ်မက်ကို အကောင်အထည်ဖော်နိုင်ခွင့်ပေးပါ
ဒီနေ့ခေတ်မှာ လူအများစုဟာ ငွေကြေးချမ်းသာမှုနဲ့ ပစ္စည်းဥစ္စာတွေနောက်ကိုသာလိုက်နေကြပါတယ်။ လက်တွေ့ဘဝမှာ ငွေကြေးချမ်းသာမှုဆိုတာ အရေးပါပေမယ့် ကိုယ့်ရဲ့ဝါသနာကိုအရင်းတည်ပြီး လုပ်ကိုင်ရတာမျိုးက အောင်မြင်မှုတွေနဲ့ ပိုပြီးနီးစပ်မှုရှိစေပါတယ်။ ဒါကြောင့်မို့ သူတို့ရဲ့ အိပ်မက်တွေကို အကောင်အထည်ဖော်နိုင်ခွင့်နဲ့ တစိုက်မတ်မတ်လျောက်လှမ်းနိုင်ဖို့ ကူညီထောက်ပံ့မှုတွေပေးဖို့လိုအပ်ပါတယ်။ Comfort zone ကနေရုန်းထွက်နိုင်တဲ့ သတ္တိမျိုးတွေကို မွေးမြူနိုင်ဖို့လည်း
သင်ကြားပေးရပါမယ်။ ဘဝဆိုတာ ကိုယ်ထင်ထားတဲ့အတိုင်းဖြစ်ချင်မှ ဖြစ်လာတတ်တာမို့ အခက်အခဲတွေကို ကြုံတွေ့ရတဲ့အခါ စိတ်ဓါတ်မကျဖို့နဲ့ ပြန်လည်ရုန်းထနိုင်တဲ့ စိတ်စွမ်းအားတွေရှိနိုင်ဖို့ကိုလည်း သင်ကြားပေးရပါမယ်။
လက်ရှိဘဝကို တန်ဖိုးထားတတ်စေဖို့ သင်ကြားပေးပါ
အရွယ်ရောက်သူတော်တော်များများသည် ကုန်လွန်ခဲ့သောအတိတ်ကာလမျိုးမှာသာ နေထိုင်တတ်ကြပြီး အနာဂတ်ဘဝအတွက် စိုးရိမ်ပူပန်တတ်ကြပါတယ်။ ဘဝဆိုတာ အတိတ်ကိုသာ တမ်းတလွမ်းဆွေးနေပြီး ဖြစ်မလာသေးတဲ့အနာဂတ်ကို စိုးရိမ်ပူပန်နေရမှာမျိုးမဟုတ်ပါဘူး။ ဒါကြောင့်မို့ မိမိတို့ရဲ့ သားသမီးတွေကို လက်ရှိပစ္စုပ္ပန်မှာသာ နေထိုင်တတ်အောင်သင်ကြားပေးရပါမယ်။ အချိန်ကို အကျိုးရှိစွာအသုံးချတတ်စေဖို့၊ အသက်ရှင်နေထိုင်ရခြင်းရဲ့ တန်ဖိုးကို သိနားလည်စေဖို့ကိုလည်း အလေးအနက်ထားသင်ကြားပေးရပါမယ်။ မှားယွင်းခဲ့တဲ့ အမှားတွေကို သင်ခန်းစာယူပြီး ဘဝရဲ့အောင်မြင်မှုတွေကို ဆွတ်ခူးယူနိုင်စေဖို့က အရေးကြီးပါတယ်။
လူမှုပေါင်းသင်းဆက်ဆံရေးကောင်းမွန်အောင်သင်ကြားပေးပါ
ယနေ့လို နည်းပညာခေတ်ကြီးထဲမှာ စမတ်ဖုန်း၊တက်ဘလက် အစရှိတာတွေဟာ လူမှုဆက်ဆံရေးအတွက် အဓိကဆက်သွယ်ရေးပုံစံမျိုးဖြစ်နေပြီး ဆယ်ကျော်သက်အများစုသည် စမတ်ဖုန်း၊ တက်ဘလက် အစရှိတာတွေနဲ့သာ အချိန်ကုန်ဆုံးနေကြပါတယ်။ ဒီအချက်သည် လူမှုဆက်ဆံရေးကို ထိခိုက်မှုဖြစ်စေပြီး ရင်းနီးကျွမ်းဝင်တဲ့ဆက်ဆံရေးဖြစ်လာနိုင်မှုကို လျော့ကျစေပါတယ်။ ဒါကြောင့်မို့ မိမိတို့ရဲ့ သားသမီးတွေကို ပြင်ပလူမှုဆက်ဆံရေးရဲ့ အရေးပါပုံကို ပြောပြပေးရပါမယ်။ လူမှုဆက်ဆံရေးကောင်းမွန်တဲ့သူတွေသည် မိတ်ဆွေအသိအကျွမ်းများပြားခြင်း၊ အလုပ်အကိုင်အခွင့်အလမ်းများပြားခြင်း၊ လိုအပ်တဲ့အချိန်မျိုးမှာ ကူညီထောက်ပံ့မှုများရရှိနိုင်ခြင်း အစရှိတဲ့ အကျိုးရလဒ်တွေကို ရရှိနိုင်တာမို့ လူမှုဆက်ဆံရေးကောင်းမွန်မှုရှိစေဖို့ကိုလည်း အလေးအနက်ထားသင်ကြားပေးဖို့လိုအပ်ပါတယ်။
အကောင်းမြင်တဲ့ အတွေးအခေါ်မျိုးရှိပါစေ
ဘဝဆိုတာ အတက်အကျများစွာရှိပါတယ်။ ကိုယ်မျှော်လင့်ထားသမျှဆုံးရှုံးသွားနိုင်သလို ကြိုးစားထားသမျှ ဘာတခုမှပြန်မရနိုင်တာမျိုးတွေလည်း ကြုံတွေ့လာရနိုင်ပါတယ်။ အဲဒီလို အခြေအနေမျိုးတွေမှာ အပြုသဘောဆောင်တဲ့အပြုအမူများ၊ ဘဝကို အကောင်းမြင်တတ်သော စိတ်ဓါတ်ရေးရာများ စတာတွေဟာ အလွန်အရေးပါပါတယ်။ လက်လျော့အရှုံးပေးတယ်ဆိုတာမျိုးက လွယ်ကူပေမယ့် ကြိုးစားရုန်းကန်ပြီး ရှင်သန်ခြင်းသည်သာ ဘဝရဲ့ စစ်မှန်တဲ့တန်ဖိုးဖြစ်ပါတယ်။ ဒါကြောင့်မို့ မိမိတို့ရဲ့ သားသမီးတွေကို အပြုသဘောဆောင်တဲ့ စိတ်ဓါတ်များ၊ အရာရာကို အကောင်းမြင်တတ်တဲ့ စိတ်ဓါတ်များရှိနေစေဖို့ကလည်း အရေးကြီးပါတယ်။ ဒါမှသာ တွေ့ကြုံလာသမျှ လောကဓံကို လက်လျော့အရှုံးမပေးဘဲ အောင်မြင်မှုကို ရရှိအောင်စွမ်းဆောင်နိုင်မှာဘဲဖြစ်ပါတယ်ဆိုတဲ့အကြောင်းကို ဖော်ပြပေးလိုက်ပါတယ်။
#Chit_May_May
#Dmo_aung
#Ref- momjuntion
Chit May May မှ ရေးသားဖော်ပြနေတဲ့ ဆောင်းပါးများကို အခြားသော Media ၊ Website များနဲ့ facebook Page များမှာ ခွင့်ပြုချက်မရှိဘဲ ကူးယူဖော်ပြခြင်းမပြုပါရန် လေးစားစွာ အသိပေးအပ်ပါသည်။",4.0,3.0,2.0,4.0,4.0,"The text provides practical, coherent parenting advice suitable for general education. It uses logical structure to present arguments on child development. The language is natural, culturally relevant, and free of significant noise, though it includes some boilerplate at the end. It requires basic literacy and general life experience to comprehend."
<urn:uuid:e07ef789-18d5-4b12-afb2-e189fcb9b260>,"လူတွေအနေနဲ့ ဘဝမှာ အရှေ့ရောက်နေတယ်၊ လေ့လာသင်ယူပြီး တိုးတက်ကြတယ် ဆိုတာတွေက ဘယ်လိုစိတ်ကြောင့်လဲမေးရင် စူးစမ်းသင်ယူတတ်တဲ့စိတ်တွေကြောင့်လို့ပဲ ဖြေရမှာ ဖြစ်ပါတယ်။
စူးစမ်းတယ်ဆိုတာက ကိစ္စတစ်ခုခုကို တွေ့ကြုံပြီးတဲ့နောက်ပိုင်းမှာ ကြုံတယ်။ မေ့ပျောက်ပြီး ပြီးသွားတယ် ဆိုတာမျိုး လုံးဝ မဟုတ်ပါဘူး။ ပြဿနာတစ်ခုကို ကြုံတွေ့ပြီးတဲ့နောက်ပိုင်းမှာ နောက်တစ်ခါ ဒါမျိုးမဖြစ်အောင် ဘယ်လိုဆက်လုပ်သွားမလဲ။ ဒီပြဿနာက ကိုယ်ကိုယ်တိုင်ပဲ ဖြစ်တာလား။ တခြားသူတွေကော ဘယ်လိုဖြေရှင်းနေလဲ။ နောက်တစ်ခါဖြစ်လာရင် ဘယ်လိုဖြေရှင်းမလဲ။ နောက်တစ်ခါ မဖြစ်လာအောင် ကော ဘယ်လိုကာကွယ်ထားမလဲ။ ဒါမျိုးလေးတွေ လုပ်နိုင်ဖို့ဆိုတာ လူတစ်ယောက်ဆီမှာ စူးစမ်းတဲ့စိတ်ရှိဖို့ လိုပါတယ်။
စူးစမ်းတဲ့စိတ်မရှိတဲ့သူက ကိစ္စတစ်ခုခုကြုံလာရင် ဖြေရှင်းလိုက်တယ်။ ပြီးသွားရင် ဒီအတိုင်းပဲ ထားလိုက်ပြီး ရှေ့ဆက်တယ်။ နောက်တစ်ခါ ဒီလိုမျိုးအလားတူ ကိစ္စတွေပဲ ဖြစ်လာပြန်ရင် နဂိုတုန်းကလိုပဲ တုံ့ပြန်တယ်။
ဥပမာပြောရရင် တချို့သူတွေရဲ့ Relationship က စိတ်ပိုင်းဆိုင်ရာ အနိုင်ကျင့်ခံနေရတဲ့ အခြေအနေလေးတွေ ရှိတယ်။ လုံးဝအဆင်မပြေဘဲ ညှိမရတာမို့ နောက်ဆုံးမှာ ချစ်သူနဲ့ ပြတ်သွားတယ်။ ကိုယ့်ကိုယ်ကိုယ် နားလည်အောင် မကြိုးစားဘဲ နောက်တစ်ခါ Relationship ပြန်ထားတယ်။ နောက်ထပ်ထားတဲ့ ချစ်သူကလည်း အဲ့ဒီလိုအကျင့်တွေရှိတဲ့သူပဲ ဖြစ်နေပြန်တယ်။ ကိုယ့်ကိုစိတ်ဆင်းရဲစေပါတယ်ဆိုပြီး နောက်တစ်ယောက်ကိုပဲ ထပ်အပြစ်တင်တယ်။ ဒါပေမဲ့ ကိုယ့်ကိုယ်ကိုယ်ကျတော့ မဆန်းစစ်ဘူး။ ကိုယ့် Relationship အကြောင်းကို မစူးစမ်းဘူး။ ဒီလိုမျိုး စိတ်ပိုင်းဆိုင်ရာအနိုင်ကျင့်တဲ့လူတွေကိုမှ “ကိုယ်က ပိုပြီးကြိုက်နေရတာလဲ။ ကိုယ်က ဘာလို့ တွဲချင်ရတာလဲ” ဆိုတဲ့ မေးခွန်းတွေ ကိုယ့်ကိုယ်ကိုယ်မမေးမိဘူး။
ဒီလိုမျိုးလူတွေနဲ့ပဲ Relationship ဖန်တီးနေမိတယ်ဆိုရင် ရေရှည်မှာ ကိုယ့်ဘဝအတွက် မကောင်းဘူး။ အဲ့ဒီလိုမျိုးကျတော့ ဘဝက သနားစရာ မဟုတ်တော့ဘူး။ ကိုယ်ကိုယ်တိုင်က ဒီလိုမျိုးခံစားနေရတာကို ကြိုက်နေတယ် ဆိုတဲ့သဘော ဖြစ်နေပြီ။ ဘာကြောင့်လဲဆိုတော့ ပထမဆုံးအခြေအနေကတည်းက စူးစမ်းစိတ်မရှိခဲ့လို့ပါပဲ။
ဤဆောင်းပါးကိုဂန္ထဝင်မဂ္ဂဇင်းမှရေးသားတင်ဆက်သည်။
တကယ်လို့သာ ကိုယ်က စူးစမ်းလေ့လာတတ်တဲ့သူဆိုရင် ကိုယ်စိတ်ပိုင်းဆိုင်ရာအနိုင်ကျင့်ခံနေရတဲ့ Relationship ဆိုတာ Abusive Relationship မှန်းသိသွားမယ်။ ဒါဆိုရင် ကိုယ်တွဲမယ့်သူရဲ့ အကျင့်စရိုက်ကို လေ့လာအကဲခတ်မယ်။ ကိုယ်အရင်က ကြုံခဲ့ဖူးတဲ့လူရဲ့ ပုံစံမျိုးဆိုရင် ရှေ့ဆက်မတိုးနိုင်အောင် ကိုယ့်အနေနဲ့ ရှောင်နိုင်မယ်။ ဆင်ခြင်လို့ ရသွားမယ်။ ဒီလိုလူတွေနဲ့ နောက်တစ်ခါ မကြုံအောင် ဘယ်လိုရှောင်မလဲ ဆိုတာ ကိုယ့်ကိုယ်ကိုယ် သိလာမယ်။
စူးစမ်းစိတ်ရှိရင်ကျတော့ အဖြေရှာတယ်။ ပိုကောင်းအောင်လုပ်တယ်။ ကိုယ်သင်ယူစရာရှိတဲ့အရာတွေမှာ သင်ယူတယ်။ လေ့လာတဲ့ နောက်ပိုင်းမှာ ကိုယ်သိပြီ၊ တတ်ပြီဆိုတော့ အရင်က မသိခဲ့လို့ အထင်နဲ့လုပ်ခဲ့တဲ့အရာတွေကို ဒီထက်ပိုကောင်းအောင် လုပ်မယ်ဆိုတဲ့ စိတ်လေးထားနိုင်လာမယ်။ ဒါမျိုးလေးတွေက ကြာလာတဲ့အခါမှာ ကိုယ့်ဘဝရဲ့ အရည်အသွေးကို ပိုပြီးတော့မှ မြင့်တက်စေနိုင်တယ်။
ဒီ Relationship ကိစ္စလေးကို ဥပမာတစ်ခုအနေနဲ့ ဖော်ပြခဲ့တာမို့ တခြားဘဝကဏ္ဍအသီးသီးမှာလည်း ကိုယ်က စူးစမ်းလေ့လာပြီးရင် အကောင်းဆုံးဖြစ်အောင် အဖြေရှာပြီး အသုံးချတတ်သူလား။ ဒါမှမဟုတ် ကိုယ်က မစူးစမ်းမလေ့လာဘဲ ဘယ်အရာမဆို ဒီတိုင်း ပေါ့ပေါ့တန်တန်သဘောထားတဲ့သူလားဆိုတာကို ကိုယ့်ကိုယ်ကိုယ် ပြန်သုံးသပ်ကြည့်ပါလို့ အကြံပြုပါရစေ။",4.0,3.0,2.0,5.0,4.0,"The text provides a clear, coherent lesson on the importance of curiosity and self-reflection for personal growth. It uses a relatable example (relationships) to illustrate logical steps in problem-solving. The language is natural, culturally appropriate for Burmese readers, and free of technical noise or formatting issues."
<urn:uuid:379ba543-d9ae-492c-81fe-143259f699a9>,"မြန်မာနိုင်ငံအပါအဝင် အရှေ့ တောင်အာရှနိုင်ငံတွေမှာ နှုတ်ခမ်းကွဲ၊ အာခေါင်ကွဲရောဂါ အဖြစ်များကြပြီး ကုသမှု မလုပ်ကြရင် ဆိုးဝါးတဲ့ နောက်ဆက်တွဲ ရောဂါတွေ ဖြစ်နိုင်တယ်လို့ ကျန်းမာရေးပညာရှင်တွေက သတိပေးပြောဆိုကြပါတယ်။
ဒီရောဂါဖြစ်ရခြင်း အဓိက အကြောင်းရင်းက မျိုးရိုးလိုက်တာဖြစ်ပြီး (၂၀%) ခန့် ရှိပါတယ်။ ကျန်တဲ့အကြောင်းရင်တွေကတော့ မိခင် နဲ့ ပတ်သက်တာဖြစ်ပြီး၊ ကိုယ်ဝန်ဆောင်စဉ် အာဟာရချို့ တဲ့တာ၊ စိတ်ဖိစီးမှုများတာ၊ ဆေးလိပ်သောက်တာ၊ အရက်သောက်တာ၊ သန္ဓေသားအင်္ဂါ ထိခိုက်စေတဲ့ ဆေးများ စားသုံးမိတာ၊ ဓာတ်ရောင်ခြည်သင့်တာ၊ ဓာတ်ရောင်ခြည် ပေးခံရတာ၊ ဗိုင်းရပ်ပိုးကူးစက်ခံရတာ၊ အသက်ကြီးမှ ကိုယ်ဝန်ဆောင်တာတွေ ဖြစ်ပါတယ်။
ဒီရောဂါ မဖြစ်အောင် ကာကွယ်ဖို့အတွက် မျိုးရိုးလိုက်တာကို ကာကွယ်လို့ မရပေမယ့် ကျန်တဲ့ မိခင်နဲ့ပတ်သက်တဲ အကြောင်းရင်းတွေကို ရှောင်ကျဉ်ခြင်းဖြင့် ကာကွယ်နိုင်ပါတယ်။ ကိုယ်ဝန်ဆောင်စဉ် အာဟာရပြည့်စုံအောင်စားတာ၊ စိတ်ဖိစီးမှု့ ဖြေဖျောက်ပေးတာ၊ ဆေးလိပ်အရက် ရှောင်တာအပြင် မလိုအပ်တဲ့ ဆေးဝါးတွေ မသုံးမိအောင်လဲ ကလေးဆရာဝန်နဲ့ တိုင်ပင်ပြီးမှ ဆေးသောက်သင့်ပါတယ်။
ရောဂါဖြစ်လာခဲ့ရင် ကုသမှု မယူပါက ဖြစ်လာနိုင်တဲ့ နောက်ဆက်တွဲ ဖြစ်နိုင်တာတွေကတော့ ကလေး မိခင်နို့ ကောင်းကောင်းမစို့နိုင်တာ၊ နှာခေါင်းသံပါတာ၊ ကလေးရောမိဘပါ စိတ်ခံစားမှု ပြဿနာတက်လာတာ၊ ကလေး နားရောဂါဖြစ်တာ၊ သွားတွေထပ်ပြီး မညီညာတာတွေ ဖြစ်တာနဲ့ မွေးရာပါ နှလုံးရောဂါတာတွေပါ။
ဒီရောဂါကနေ ပြန်ကောင်းအောင်အတွက် သင့်တော်တဲ့အချိန်မှာ အဆင့်ဆင့် ခွဲစိပ်ကုသနိုင်ပါတယ်။ ဘယ်လို အချိန်နဲ့ အဆင့်တွေပါလဲ။ ဘယ်နေရာတွေမှာ ခွဲစိပ်ကုသမှု ခံယူနိုင်ပါလဲ။ ခွဲစိတ်မှုအပြီးမှာရော ဘာတွေလုပ်ပေးဖို့လိုပါလဲ။
ဒီရောဂါအကြောင်း ပိုမိုသိရှိနားလည်ဖို့ ကိုဝင်းမင်း က သွားဖက်ဆိုင်ရာ ဆေးတက္ကသိုလ် (ရန်ကုန်)၊ မေးရိုးနှင့်ခံတွင်း ခွဲစိပ်ကု ပညာရေးဌာန ဌာနမှူး ပါမောက္ခ ဒေါက်တာဝင်းနိုင် ဆက်သွယ်မေးမြန်း ဆွေးနွေးတင်ပြထားပါတယ်။",4.0,2.0,2.0,5.0,5.0,"The text provides clear, accurate health information about cleft lip/palate, suitable for public education. It explains causes, prevention, and consequences logically. The language is natural, professional Burmese, and the formatting is clean and human-written. It serves as a helpful introductory guide for parents and the general public."
<urn:uuid:e7e02ca0-0f25-47ca-a5f9-5f2c76a38e24>,"“တန်ဆေး လွန်ဘေး” စကားပုံအတိုင်း Social Media အသုံးများတာနဲ့အမျှ Depression, Anxiety တွေက သင့်ကို စောင့်ကြိုနေတာပါ။
ဖုန်းနဲ့ မျက်နှာနဲ့ ခွာမရဖြစ်နေပြီလား။ ထမင်းစားလည်း ဒီဖုန်း၊ အိမ်သာသွားလည်း ဒီဖုန်း၊ ဘက်စ်ကားစီးလည်း ဒီဖုန်းဆိုရင်တော့ နည်းနည်းလေးတော့ လွဲနေပါပြီ။တစ်ချိန်လုံး ဖုန်းနဲ့ မျက်နှာ ကပ်နေတယ်ဆိုတာက ဖုန်းထဲမှာ Log in ဝင်ထားတဲ့ Facebook, Instagram, Twitter, YouTube, Pinterest စတဲ့ Social Media ကို စွဲလမ်းနေတာလို့ပြောရင် ပိုမှန်ပါလိမ့်မယ်။ အဲဒီလို စွဲလမ်းမှုပြဿနာက ကိုယ့်ရဲ့ ကိုယ်စိတ်ကျန်းမာရေးကိုပါ ထိခိုက်လာနိုင်တာမို့ Social Media ကို ခဏလောက် အဆက်ဖြတ်ပြီး နေကြည့်ရအောင်။
ဖုန်းထဲက ရှိသမျှ Social Media Account တွေကို ရှင်းလင်းပစ်ပါ
Social Media Account တွေအားလုံးကို Log Out လုပ်လိုက်တာနဲ့ ပြီးမသွားပါဘူး။ App တွေကို Uninstall လုပ်ဖို့လိုပါတယ်။ဖုန်းဖွင့်လိုက်တိုင်း App Icon တွေကို မြင်နေရင် စိတ်ကို မထိန်းနိုင်ဘဲ Log in ထပ်လုပ်တဲ့အခါ Socail Media Trap ထဲက ရုန်းထွက်ဖို့ ခက်ခဲပါတယ်။
အသစ်တစ်ခုခု လုပ်ကြည့်ပါ
Social Media သုံးစရာ မရှိတော့ အဲဒီအစား အချိန်က ပိုထွက်လာပြီပေါ့။ ပိုထွက်လာတဲ့ အချိန်လေးမှာ ကိုယ်ဝါသနာပါတာပဲ ဖြစ်ဖြစ် တစ်ခုခုလေ့လာတာပဲ ဖြစ်ဖြစ်လုပ်ပါ။ ဥပမာ ဂစ်တာတီးတာ၊ ဓာတ်ပုံထွက်ရိုက်တာတို့ လုပ်ကြည့်ပါ။ Social Media ပေါ်က ကမ္ဘာလေးထက် အပြင်က ကမ္ဘာကြီး ပိုလှပပြီး ပို နှစ်သက်ဖွယ်ကောင်းပါတယ်။
အားကစားလုပ်ပါ။
ကိုယ်က ဝိတ်ချချင်တယ်ဆိုရင်တော့ Work Out လုပ်ချိန်ပိုရတယ်လို့ တွေးမှတ်ပါ။Gym သွားလို့ရသလို အိမ်မှာပဲ အားကစားလုပ်လည်း ရပါတယ်။ဒါမှမဟုတ် တရားထိုင်တာဖြစ်ဖြစ် Yoga ကျင့်တာပဲ ဖြစ်ဖြစ် ကိုယ်အားသန်တာကို လုပ်နိုင်ပါတယ်။
စာဖတ်ပါ။
Phone Screen ပေါ်က စာတွေဖတ်မယ့်အစား စာအုပ်တွေ ဖတ်ကြည့်ပါ။ အရင်တည်းက စာဖတ်ဝါသနာပါသူဆိုရင်တော့ အထွေအထူး ပြောစရာမလိုပါဘူး။ အခုမှ စာစဖတ်မယ့် သူတွေအတွက် ခင်ခင်ထူး၊ သိုးဆောင်း၊ မင်းလူ တို့ရဲ့ စာအုပ်တွေဖတ်ကြည့်ဖို့ အကြံပေးပါရစေ။စာအုပ်စာပေ လူ့မိတ်ဆွေ လို့ အဆိုရှိတာမို့ သင့်ရဲ့ အချိန်တွေကို အကျိုးရှိစေမှာပါ။
အိပ်ရေးဝဝအိပ်ပါ။
Facebook, Instagram , Twitter သုံးလိုက် Youtube က Video တွေကြည့်လိုက်နဲ့ ညဇီးကွက် ဖြစ်နေကြတယ်ဟုတ်။ မနက်ကျတော့ တော်တော်နဲ့ အိပ်ရာမနိုးတဲ့အခါ ရုံးနောက်ကျ၊ကျောင်းနောက်ကျတွေ ဖြစ်ကုန်တာပေါ့။ဒါတွေက အတော်လေး မကောင်းတာပါ။အချိန်ကြာလာတဲ့ အခါ ကျန်းမာရေး ထိခို်က်နိုင်ပါတယ်။ဒီတော့ Social Media ကို အဆက်ဖြတ်ပြီး အိပ်ရေးဝဝအိပ်ကြည့်ပါ။
နေ့စဉ်မှတ်တမ်း ရေးပါ။
ပျော်စရာကိစ္စရှိတာဖြစ်ဖြစ် စိတ်ညစ်စရာရှိတာပဲဖြစ်ဖြစ် Social Media မှာ တင်ကြပါတယ်။ အဲဒီလိုတင်မယ့်အစား Journal တစ်အုပ်ထားပြီး အိပ်ရာဝင်ခါနီးတိုင်း ကိုယ့်စိတ်ခံစားချက်တွေကို ချရေးလို့ရပါတယ်။ ဖြစ်ပျက်သမျှကို Social Media ပေါ်တင်တာထက်စာရင် စာအုပ်ထဲမှာ ချရေးတာက ပိုပြီး လုံခြုံမှုရှိပါတယ်။
ကဲ ဘယ်လိုလဲ? တစ်ပတ်လောက်ပဲ ဖြစ်ဖြစ် Social Media ကို မေ့ထားပြီး Unplugged Life ကို နေထိုင်ကြည့်ရအောင်။",4.0,2.0,2.0,5.0,5.0,"The text provides practical, coherent advice on digital detoxing suitable for a general audience. It uses natural Burmese idioms and cultural references (e.g., local authors) to build rapport. The reasoning is straightforward, offering actionable steps without complex analysis. It is clean, well-structured, and free of noise, making it highly accessible and culturally authentic."
<urn:uuid:ec9ba90a-d813-4e69-8d73-8d9829fcda6e>,"StayHome ကို အိမ်မှာနေရင်း မြှီးရှည်ပူပူလေး အလွယ်တကူ ချက်စားကြမယ်
အခုလို ကာလမျိုးမှာ အပြင်ထွက်ပြီး ရောဂါပိုးတွေ အကူးခံမယ့်အစား အိမ်မှာပဲနေရင်း ချစ်ရတဲ့ မိသားစုဝင်တွေနဲ့အတူ ကိုယ်ကြိုက်နှစ်သက်တဲ့ စားစရာတွေကို တပျော်တပါး ချက်စားကြရအောင်လေ။
ဒီတစ်ပတ်မှာတော့ အစားတလိုင်းလေးတွေအတွက် ရှမ်းရိုးရာ အစားအစာတစ်ခု ဖြစ်တဲ့ မြှီးရှည်ကို အိမ်မှာ အလွယ်တကူ ချက်စားလို့ရမယ့် နည်းလမ်းလေးကို ပြောပြပေးမှာ ဖြစ်ပါတယ်။
ချက်နည်းကို မပြောခင် မြှီးရှည်ဖြစ်ပေါ်လာပုံကိုလည်း ဗဟုသုတအနေနဲ့ မျှဝေပေးချင်ပါတယ်။
မြှီးရှည်ဆိုတဲ့ အသုံးအနှုန်းက တရုတ်စကား မီရှန့်ကနေ စတင်ဆင်းသက်လာပြီး “မီ” ရဲ့အဓိပ္ပါယ် “ဆန်” နဲ့ “ရှန့်” ရဲ့အဓိပ္ပါယ် ”နန်းလုံး” နှစ်ခုပေါင်းလိုက်တဲ့အခါ “ဆန်နဲ့ ပြုလုပ်ထားတဲ့ နန်းလုံး” လို့ ခေါ်တွင်ရာက စတင်ခဲ့ပါတယ်။ ကာလရွေ့လျားလာမှ နှောင်းလူတို့က မီရှန့်ကနေ မြှီးရှည်ဆိုပြီး ဆက်လက်ခေါ်တွင်ခဲ့တာ ဖြစ်ပါတယ်။
မြန်မာပြည်မှာတော့ မြီးရှည်ကို ရှမ်းပြည်နယ်ဖက်ကနေ စတင်ခဲ့တယ်လို့ သိရပြီး၊ မန္တလေးမြို့မှာဆိုရင် ၁၉၈၀ ဝန်းကျင်လောက်က ရောက်ခဲ့တယ်လို့ မှတ်သားခဲ့ရဖူးပါတယ်။ ""မန္တလေးမြီးရှည်ရဲ့အစ ဦးချစ်မြို့က” လို့ ပြောစမှတ်ရှိပြီး မန္တလေးမြီးရှည်ကို ဦချစ်မြို့ဆိုသူက စတင်မိတ်ဆက်ခဲ့တာ ဖြစ်တယ်လို့ ရှေ့မှီနောက်မှီ လူကြီးမိဘများဆီက ကြားသိဖူးပါတယ်။
ကိုယ်စားမယ့် အစားအစာရဲ့ သမိုင်းကြောင်း အကျဥ်းကိုလည်း သိပြီဆိုတော့ အိမ်မှာလုပ်စားဖို့ စပြီး ပြင်ဆင်လိုက်ရအောင်။ မြှီးရှည်ချက်ပြုတ်ရာမှာ ပါဝင်ပစ္စည်းအနေနဲ့ (၁၁) မျိုး ရှိပါမယ်။
၁။ မြီးရှည် မုန့်ဖတ် - ၂ထုပ်
၂။ ဝက်အဆီ နဲ့ အသား - ၂၅ကျပ်သား (ဝက်သားမစားရင် ကြက်သား ၂၅ကျပ်သား ဝယ်နော်)
၃။ ပဲပင်ပေါက် - အနည်းငယ်
၄။ မုန့်ညှင်းချဉ် - စားပွဲတင်ဇွန်း ၃ဇွန်း
၅။ ပဲငပိ အစပ် - စားပွဲတင်ဇွန်း ၃ဇွန်း
၆။ ငရုတ်သီး အကြမ်းမှုန့် - စားပွဲတင်ဇွန်း ၃ဇွန်း
၇။ ပဲပြာရည် အကြည် - စားပွဲတင်ဇွန်း ၃ဇွန်း
၈။ နံနံပင် - အနည်းငယ်
၉။ ကြက်သွန်မြိတ် - အနည်းငယ်
၁၀။ ကြက်သွန်ဖြူ - ၅မွှာ
၁၁။ အသားလုံး - စားလိုသလောက်
ကော်ရည်အနှစ် ပြုလုပ်ဖို့ ပါဝင်ပစ္စည်းတွေကတော့ ...
- ကော်မှုန့် - စားပွဲတင်ဇွန်း ၃ဇွန်း
- ဆန်မှုန့် - စားပွဲတင်ဇွန်း ၃ဇွန်း
- ရေ - ၁၀၀ မီလီလီတာ
ပါဝင်ပစ္စည်းတွေ စုံပြီဆိုရင် မြီးရှည်ကို စတင်ပြုလုပ်ပါပြီ။
ပထမဦးဆုံး ဝက်သားကို ပြုတ်ဖို့ ဒယ်အိုးထဲ ရေထည့်ပြီး ဆူအောင်တည်ထားပါ။ ကြက်သွန်ဖြူ ၅မွှာကို မညက်တညက် ထောင်းထားပြီး၊ ဆား (လက်ဖက်ရည်ဇွန်း ၁ဇွန်း)နဲ့ ဝက်သား အဆီအသားကို နယ်လိုက်ပါ။ ပြီးရင်တော့ ရေဆူနေတဲ့ အိုးထဲကို နယ်ထားတဲ့ ဝက်သားတွေ နူးအိသွားတဲ့အထိ နာရီဝက်ခန့် တည်ထားပါ။
ဝက်သား နူးပြီဆိုရင် အဆီနဲ့ အသားကို သက်သက်စီ ပိုင်းဖြတ်ပြီး ပါးပါးလှီးပေးပါ။ ဒယ်အိုးတစ်ခုထဲ ရေများများနဲ့ မြီးရှည် ခေါက်ဆွဲဖတ်တွေကို (၂)မိနစ်၊ (၃) မိနစ်ခန့် ပြုတ်ပြီး ဇကာနဲ့ ပြန်ဆယ်ထားပါ။ အသားလုံးတွေကို (၁၀)မိနစ်လောက် ပြုတ်ထားပြီး အနေတော် အတုံးလေးတွေ လှီးထားပါ။ ပဲပင်ပေါက်တွေကိုလည်း ရေနွေးဖျောထားပေးပါ။
ပြီးရင် ဒယ်အိုးထဲ ဆီထည့်ပြီး ငရုတ်သီး အကြမ်းမှုန့်ကို (၁)မိနစ်ခန့် ဆီသပ်ကာ ပြန်ဆယ်ထားပါ။ ကြက်သွန်ဖြူများကိုလည်း ဆီအနည်းငယ် သပ်ပြီး ပြန်ဆယ်ထားလိုက်ပါ။ နံနံပင်နဲ့ ကြက်သွန်မြိတ်ကို ပါးပါးလှီးထားပါ။ အားလုံး ပြီးသွားရင် မြှီးရှည်ရဲ့ အသက် ကော်အနှစ်ကို ပြုလုပ်ပါမယ်။
ကော်အနှစ် ပြုလုပ်ဖို့ ဒယ်အိုးထဲမှာ ကော်နဲ့ဆန်မှုန့် ရောမွှေထားတာကို လောင်းထည့်ပြီး မီးနည်းနည်းနဲ့ အဆက်မပြတ် ရောမွှေပေးပါ။ ကော်ရည် ပျစ်ခါနီးရင် မီးပိတ်လိုက်ပါ။
ပါဝင်ပစ္စည်းတွေရော ကော်ရည်ပါ ရပြီဆိုရင်တော့ မြီးရှည် တစ်ပွဲစာ ပြင်ပါမယ်။
ပန်းကန်ထဲကို မြှီးရှည်မုန့်ဖတ်၊ ပဲပင်ပေါက်၊ ပဲငပိ (စားပွဲတင်ဇွန်း ၁ဇွန်း)၊ ပဲငံပြာရည် (စားပွဲတင်ဇွန်း ၁ဇွန်း)၊ ငရုတ်သီးကြော်၊ ဝက်အဆီနဲ့ အသား၊ မုန့်ညှင်းချဉ်၊ ကော်နှစ် (စားပွဲတင်ဇွန်း ၁ဇွန်း)၊ ဝက်ပြုတ်ရည် (စားပွဲတင်ဇွန်း ၃ဇွန်း)၊ မုန့်ညှင်းချဉ်၊ နံနံပင်၊ ကြက်သွန်မြိတ်နဲ့ အသားလုံးတွေ ထည့်ပေးပါ။
အားလုံးပြင်ဆင်ပြီးသွားရင်တော့ အရသာရှိတဲ့ မြှီးရှည်တစ်ပွဲကို အားရပါးရ သုံးဆောင်နိုင်ပါပြီ။
ကိုးကား - Wutyeefoodhouse",4.0,2.0,2.0,5.0,5.0,"The text is a well-structured, instructional recipe for a traditional Burmese dish. It includes historical context, clear step-by-step instructions, and ingredient lists. It is written in natural, authentic Burmese, reflecting local culinary culture and terminology, making it highly accessible and culturally relevant for a primary/middle-school audience."
<urn:uuid:652d2624-c003-4148-b089-7d1b23b4dd21>,"မြင်းခြံမြို့၊ မြို့နယ်ပညာရေးမှူးရုံး အသစ်တစ်ခု ဆောက်လုပ်ပေးနိုင်ခြင်း ရှိ/မရှိနှင့် ပတ်သက်ပြီး သိရှိလိုသည့်အတွက် မေးမြန်းခြင်း ဖြစ်ပါကြောင်း၊ မြင်းခြံမြို့နယ်၊ မြို့နယ်ပညာရေးမှူးရုံးကို ၁၉၉၂ ခုနှစ်တွင် အမှတ်(၁၅)ရပ်ကွက်၊ အမှတ်(၁)အခြေခံပညာ ကျောင်းဝင်းအတွင်းတွင် ကျောင်းပိုင်မြေ ၀.၂၀ ဧက အပေါ်တွင် ဆောက်လုပ်ထားပါကြောင်း၊ အဆောက်အဦသည် (၅၀ ပေ x ၄၀ ပေ) တစ်ထပ် အုပ်ညှပ်သွပ်မိုးဖြစ်၍ အ.ထ.က(၁)ပိုင်မြေတွင် ယာယီဆောက်လုပ်ထားခြင်း ဖြစ်ပါ ကြောင်း၊ မြို့နယ်ပညာရေးမှူးရုံးတွင် အရာထမ်း၊ အမှုထမ်းပေါင်း ၄၅ ဦး၊ မြို့နယ်ပညာရေးမှူး အုပ်ချုပ်မှုအောက်တွင် ရှိသည့် အခြေခံပညာအထက်တန်း၊ အလယ်တန်း၊ မူလတန်းကျောင်းများ တွင် အရာထမ်း၊ အမှုထမ်းပေါင်း ၂၁၆၈ ဦး ရှိပါကြောင်း၊ အထက်တန်း၊ အလယ်တန်း၊ မူလတန်း ကျောင်းများတွင် ၂၀၁၉-၂၀၂၀ ပညာသင်နှစ်စာရင်းအရ ကျောင်းသားဦးရေသည် ၄၀၄၈၁ ဦး၊ ဘုန်းတော်ကြီးသင်ပညာရေးကျောင်းများတွင် ကျောင်းသားဦးရေသည် ၄၆၀၁ ဦး၊ ပုဂ္ဂလိက ကျောင်းများတွင် ကျောင်းသားဦးရေသည် ၉၁၄ ဦး၊ တစ်မြို့နယ်လုံး၏ ကျောင်းသားဦးရေ စုစုပေါင်းသည် ၄၅၉၉၂ ဦး ဖြစ်ပါကြောင်း၊ လစဉ် လကုန်ရက် လစာထုတ်ပေးသည့် နေရာများတွင် မူလတန်းကျောင်း၊ မူလတန်းလွန်ကျောင်းများ၊ အလယ်တန်းကျောင်း(ခွဲ)များမှ ဆရာ၊ ဆရာမ ခန့်ထားဦးရေ ၁၂၇၆ ဦးအား တွေ့ဆုံပွဲ အစည်းအဝေး ကျင်းပသည့်နေရာတွင် အဆောက်အဦသည် ကျဉ်းလွန်းသည့်အတွက် မြို့ပေါ်တွင်ရှိသည့် မူလတန်းကျောင်း တစ်ကျောင်းတွင် သွားရောက်ပြီး ကျင်းပနေရခြင်း ဖြစ်ပါကြောင်း၊ လကုန်ရက် မြို့နယ်ပညာရေးမှူးရုံးသို့ ဆရာ၊ ဆရာမများ လာရောက် သတင်းပို့၊ လစာထုတ်သည့် နေရာတွင် အဆောက်အဦသည် ကျဉ်းနေသည့်အတွက် ရုံးရှေ့ လမ်းဘေး မြေကွက်လပ်အပေါ်တွင် လည်းကောင်း၊ လူသွားစင်္ကြံအပေါ်တွင် လည်းကောင်း နေကြရသဖြင့် ယာဉ်အန္တရာယ် စိုးရိမ်ရပါကြောင်း၊ မနှစ်က ဆရာမ တစ်ယောက်သည် လစာထုတ် ရက်လာရင်း ပလက်ဖောင်းဘေးတွင် ရပ်နေသည့်အချိန်တွင် ဆိုင်ကယ်အတိုက်ခံရသည့်အတွက် ၎င်းဆရာမ ခြေကျိုးသည့် ဒဏ်ရာရရှိသွားပါကြောင်း၊ တစ်မြို့နယ်လုံးရှိ ကျောင်းများကို ဆရာကိုင်၊ ကျောင်းသားကိုင်၊ ကျောင်းသုံးစာအုပ်များ ဖြန့်ဝေသည့်နေရာတွင် ၎င်းစာအုပ်များကို ထားရန် နေရာမရှိသည့်အတွက် အ.ထ.က(၂)တွင် ခေတ္တထားရခြင်း ဖြစ်ပါကြောင်း၊ ထို့ကြောင့် မြို့နယ် ပညာရေးမှူးရုံး ဆောက်လုပ်ရန် မြို့နယ်စီမံခန့်ခွဲရေး ကော်မတီ၊ မြို့နယ် မြေချထားရေးအဖွဲ့မှ (၅၀ ပေ x ၅၀ ပေ)အကွက် ခြောက်ကွက်၊ စုစုပေါင်း အကျယ်အဝန်း (၅၀ ပေ x ၃၀၀ ပေ)ကို ချထားပေးပြီး ဂရန်လျှောက်ထားဆဲ ဖြစ်ပါကြောင်း၊ သို့ဖြစ်ပါ၍ မြို့နယ်ပညာရေးမှူးရုံးပိုင် မြေနေရာအသစ်ပေါ်တွင် (၁၃၀ ပေ x ၃၀ ပေ)နှစ်ထပ် သံကူကွန်ကရစ် အဆောက်အဦ တစ်ဆောင် ဆောက်လုပ်ပေးနိုင်ခြင်း ရှိ/မရှိနှင့် ဆောက်လုပ်ပေးနိုင်ခြင်း ရှိပါက မည်သည့်ဘဏ္ဍာရေးနှစ်တွင် ဆောက်လုပ်ပေးမည်၊ ဆောက်လုပ်ပေးနိုင်ခြင်းမရှိပါက မည်သည့်အတွက်ကြောင့် ဆောက်လုပ် ပေးနိုင်ခြင်းမရှိသည်ကို သိရှိလိုကြောင်း မေးမြန်းပါသည်။
မိမိတို့ ပညာရေးဝန်ကြီးဌာနသည် ကိုယ်စားလှယ်တော်ကြီး၏ မဲဆန္ဒနယ် မန္တလေးတိုင်းဒေသကြီး၊ မြင်းခြံမြို့နယ်အတွင်းတွင် အန္တရာယ်ရှိကျောင်းဆောင်ဖျက်သိမ်းပြီး ကျောင်းအသစ် ဆောက်လုပ်ရန် ၁၆ ကျောင်း၊ ကျောင်းသားဦးရေ များလာသည့်အတွက် ကျောင်းအသစ်ဆောက်ပေးခြင်း ခုနစ် ကျောင်း စုစုပေါင်းကျောင်းအသစ် ၂၃ ကျောင်းအတွက် ငွေကျပ် ၉၂၈.၃၅ သန်း ခွဲဝေ ဆောင်ရွက် လျက်ရှိပါကြောင်း၊ ကိုယ်စားလှယ်တော်ကြီးတင်ပြသည့် မြင်းခြံမြို့နယ် ပညာရေးမှူးရုံးသည် လက်ရှိ အမှတ်(၁) အခြေခံပညာအထက်တန်း ကျောင်းဝင်းအတွင်းတွင် ပူးတွဲဆောက်လုပ်ထားခြင်း ဖြစ်ပါကြောင်း၊ ၎င်းကျောင်းဝင်းသည် စုစုပေါင်း ၀.၂၀ ဧကသာ ရှိသည့်အတွက် ၎င်းအထဲတွင် ထပ်မံဆောက်လုပ်ရန် မဖြစ်နိုင်ပါကြောင်း၊ ကိုယ်စားလှယ်တော်ကြီး ပြောသည့်အတိုင်း နေရာအသစ်အတွက် မြေနေရာချထားပေးသည့်အတွက် ဆောင်ရွက်လျက်ရှိသည့် ဆောင်ရွက်ဆဲ လုပ်ငန်း ဖြစ်ပါကြောင်း၊ သို့သော် ပိုင်ဆိုင်မှု ပုံစံ(၁၀၅)၊ ဂရန် ရရှိခြင်း မရှိပါကြောင်း၊ ထို့ကြောင့် မိမိတို့ ဘဏ္ဍာငွေလျာထားရာတွင် စည်းမျဉ်းစည်းကမ်းအားဖြင့် မြေပိုင်ဆိုင်မှု အထောက်အထား ရှိမှသာလျာထား၍ ရပါကြောင်း၊ မြေပိုင်ဆိုင်မှု အထောက်အထား သို့မဟုတ် ဂရန်ရရှိသည်နှင့် တစ်ပြိုင်နက် အနီးစပ်ဆုံးဘဏ္ဍာရေးနှစ်တွင် အဆောက်အဦအသစ်အတွက် ဘဏ္ဍာငွေရရှိရေး လျာထားဆောင်ရွက် ပေးမည်ဖြစ်ပါကြောင်းနှင့် ပိုင်ဆိုင်မှုရရှိရေးအတွက်လည်း ကိုယ်စားလှယ် တော်ကြီးမှ ကူညီစောင့်ရှောက်ပေးပါရန် တင်ပြဖြေကြားပါသည်။",2.0,3.0,3.0,5.0,5.0,"The document is a formal parliamentary inquiry and response regarding administrative infrastructure. It contains factual data, logical reasoning regarding budget constraints and land ownership, and is written in natural, formal Burmese. It is clean, well-structured, and reflects authentic administrative communication within the Burmese government context."
<urn:uuid:e7280c31-647c-4bcc-879e-b6b59cecbbc4>,"ဇလွန်မြို့
ဇလွန်မြို့သည် ဧရာဝတီတိုင်းတွင် ပါဝင်သော မြို့တစ်မြို့ ဖြစ်ပြီးဟင်္သာတခရိုင်၊ ဇလွန်မြို့နယ် ရုံးစိုက်ရာမြို့ဖြစ်သည်။ ခရိုင်၏ အရှေ့တောင်ဘက်ရှိ မြို့နယ်ဖြစ်၍၊ ဧရာဝတီမြစ်၏ အနောက်ဘက်ကမ်းတွင်း တည်ရှိသည်။ ဟင်္သာတမြို့၏ အရှေ့တောင်တူရူ ၁၆ မိုင်ခန့် အကွာတွင်ရှိ၏။ ဇလွန်မြို့စည်ပင်ရေးအတွက် မြူနီစီပယ်အဖွဲ့ကို ၁၈၈၆ ခုနှစ်တွင် စတင်ဖွဲ့စည်းခဲ့၍၊ နောင်သောအခါ၌ ဒေသန္တရအုပ်ချုပ်ရေးတွင် ထည့်သွင်းသည်။
ဇလွန်မြို့သည် ကုန်းဘောင်ခေတ် သာယာဝတီမင်းလက်ထက် ပုသိမ် ( ၃၂ ) မြို့နယ် စာရင်းဝင် မြို့တစ်မြို့ ဖြစ်သည်။ ထိုစဉ်က ကျိုက်တော် သမန္တပူရ ဇရွန်၊ ဇလွန်ဟူ၍ ဖော်ပြပါရှိသည်။ ကိုလိုနီခေတ်ဦးတွင် ဧရာဝတီမြစ် ရေတိုက်စားသဖြင့် မြို့တစ်ဝက်ကျော်ကျော် တွင် မြစ်ထဲ ပါသွားခဲ့သည်။ ထို့ကြောင့် ရေကာတာ အသစ်များ တည်ဆောက်ခဲ့ပြီး မြို့ကို ရေကာတာအတွင်း ရွှေ့ပြောင်းခဲ့သည်။ ဧရာဝတီ မြစ်သည် ဇလွန်မြို့၏ အလယ်မှ ဖြတ်သန်းစီးဆင်းနေသဖြင့် မြို့နယ်မှာ နှစ်ခြမ်း ဖြစ်နေသည်။ မြို့နယ်၏ အနောက်ဘက်ခြမ်းတွင် လယ်လုပ်ငန်းသည် အဓိကလုပ်ငန်း ဖြစ်၏။ အရှေ့ဘက်ခြမ်းတွင်မူ လယ်လုပ်ငန်း၊ ကိုင်းလုပ်ငန်းအြပင် အင်း၊ အိုင်များ တည်ရှိနေသဖြင့် အင်းလုပ်ငန်းကိုလည်း လုပ်ကိုင်ကြသည်။ မြို့နယ်အတွင်း နေထိုင်သူများတွင် မြန်မာ အများဆုံးဖြစ်ပြီး ကရင်တိုင်းရင်းသား များသည်လည်း အများအပြား နေထိုင်ကြသည်။
ဇလွန်မြို့တွင် မာန်အောင်မြင် ခေါ်ဇလွန်ပြည်တော်ပြန်ဘုရားကြီးမှာ အထူးထင်ရှားသည်။ ၁၈၃၈ ခုနှစ်တွင် မြို့သူကြီး ဦးရွှေပွင့်က အများပြည်သူများ ကြည်ညိုကိုးကွယ်နိုင်စေသောငှာ ကြေးဆင်းတုတော်ကြီးတစ်ဆူ ကို သွန်းလုပ်လှူဒါန်းခဲ့သည်။ ထိုကြေးဆင်းတုတော်ကြီး ကို ၁၈၅၂ ခုနှစ်၊ အင်္ဂလိပ် - မြန်မာ ဒုတိယ ကမ္ဘာစစ်ပွဲအပြီးတွင် အင်္ဂလိပ်စစ်တပ်က သင်္ဘောဖြင့် သယ်ဆောင်သွားခဲ့၏။ သို့သော် ၁၈၉၃ ခုနှစ်တွင် ကြေးဆင်းတုတော်ကြီးကို ဇလွန်မြို့သို့ ပြန်လည်ပို့ဆောင်ခဲ့ရသည်။ ထိုအချိန်မှစ၍ ပြည်တော်ပြန်ဘုရားကြီး ဟု ကျော်ကြားခဲ့သည်။ အခြား ထင်ရှားသော ဘုရားမှာ ရွှေရင်ဧစေတီတော်ဖြစ်သည်။
ဇလွန်မြို့သည် သင်္ဘောဆိပ်ကမ်းမြို့ ဖြစ်သဖြင့် ဟင်္သာတမှလာသော သင်္ဘောများနှင့် ရန်ကုန်မှလာသော သင်္ဘောများဆိုက်ကပ်ရာ ဒေသဖြစ်လေသည်။ အရေးကြီးသော ထွက်ကုန်မှာ ဆန်စပါးဖြစ်၏။
မြစ်ရေတိုးခြင်းဒဏ်ကြောင့် ကမ်းပြိုပျက်စီးသဖြင့် ဇလွန်မြို့ကို ကုန်းတွင်းသို့ အကြိမ်ကြိမ်ပြောင်းရွှေ့ခဲ့ရသည်။ မြို့နယ်၏ အကျယ်အဝန်းမှာ စတုရန်းမိုင်ပေါင်း ၂၇၆ မျှရှိ၍၊ မြို့၏ လူဦးရေမှာ ၁၉၅၃ ခုနှစ် သန်းကောင်စာရင်းအရ ၈၉၈ ယောက်ခန့် ဖြစ်လေသည်။[၁]
မြို့နယ်၏ဖွဲ့စည်းပုံ[ပြင်ဆင်ရန်]
ရပ်ကွက် (၅) ခုရှိသည်။ ၎င်းတို့မှာ-
၁) လမ်းမတော်တောင်ရပ်ကွက်
၂) လမ်းမတော်မြောက်ရပ်ကွက်
၃) ကန်းနားရပ်ကွက်
၄) ဆန်တန်းရပ်ကွက်
၅) ညောင်ပင်ဈေးရပ်ကွက်
ကျေးရွာအုပ်စု ( ) ကျေးရွာပေါင်း ( )တို့ဖြစ်ကြသည်။
အထင်ကရနေရာများ[ပြင်ဆင်ရန်]
ဇလွန်မြို့တွင် အထင်ကရနေရာများစွာရှိသည်။ ၎င်းတို့အနက်အောက်ပါနေရာများသည် လည်ပတ်သွားလာရန်အကောင်းဆုံးဖြစ်သည်။
၁) မာရ်အောင်မြင်ပြည်တော်ပြန်မြတ်စွာဘုရားကြီး
၂) ဗုဒ္ဓအံတော်မြတ်
၃) ဦးသီလစေတီတော်
၄) ရွှေငြိမ်းအေးဘုရား
အစားအသောက်[ပြင်ဆင်ရန်]
ထိုဒေသတွင် နာမည်ကြီးသည့် အထင်ကရအစားအသောက်များမှာ-
၁) မဗေဒါပဲကြီးလှော်
၂) ဇင်မင်းဂျင်းသုတ်
၃) ငှက်ပျော်ကြော် တို့ဖြစ်ကြသည်။
ဒေသထွက်ကုန်များမှာ
၁) ဆန်/စပါး
၂) ပဲမျိုးစုံ
၃) ပြောင်းဖူး
၄) ငရုတ်သီး
၅) သင်ဖြူးဖျာ


ကိုးကား[ပြင်ဆင်ရန်]
- မြန်မာ့စွယ်စုံကျမ်း၊ အတွဲ(၄)",4.0,2.0,2.0,3.0,5.0,"The text provides a well-structured, informative overview of Zalun town, suitable for educational purposes. It includes historical, geographical, and cultural details. While it contains some wiki-style boilerplate (headers, brackets), the content is coherent, accurate, and reflects authentic Burmese local knowledge and context."
<urn:uuid:eb772af4-1fbe-46e3-9715-a2af65b8a0cf>,"ကြိုမသိနိုင်တဲ့ ဗွေဖောက်တာတေွထဲမှာ ကားဘီးပေါက်တာလည်း ပါဝင်ပါတယ်။ ဘီးပေါက်တယ်ဆိုတာ အတိတ်မှာ ထားခဲ့တော့မှာလား
၁၈၉၀ ပြည့်လွန်နှစ်များကတည်းက စသုံးခဲ့တဲ့ တာယာတွေမှာ တာယာထဲ ကျွတ်ထည့်ပြီး သုံးရတဲ့အဖြစ်မှ ကျွတ်မပါဘဲ သုံးလို့ရတဲ့တာယာ အဖြစ်သို့ တိုးတက်လာခဲ့တယ်။ ကားဘီးပေါက်လည်း အနီးအနား ခရီးတိုကို ဆက်မောင်းလို့ရတဲ့တာယာမျိုးတွေ ပေါ်ပေါက်ပေမဲ့ အသုံးနည်းကြတယ်။ အခုတော့ ကျွတ်မပါတဲ့တာယာအဆင့်မှ လေမပါတဲ့ တာယာအဆင့်သို့ မြင့်တက်ဖို့ ဟန်ရေးပြင်နေပါပြီ။
လပ်စင်ဘတ် Luxembourg မှ ယာဉ်အစမ်းမောင်းကွင်းထဲမှာ Tesla Model 3 က ထောင့်ချိုးကျဉ်းကျဉ်းတွေကို ကွေ့ချိုးပြီး လျင်မြန်စွာ မောင်းနှင်နေတယ်။ ကားကို ထိုးရပ်လိုက်တဲ့အခါမျိုးတွေလည်း ရှိတယ်။ ကားက လေမဲ့တာယာ ၄ လုံးပေါ်မှာ ဆက်လက်ရပ်တည်နေတယ်။ အမေရိကန် တာယာထုတ်လုပ်ရေး လုပ်ငန်း Goodyear မှ ထုတ်လုပ်ထားတဲ့ လေမဲ့တာယာတွေကို Tesla Model 3 မှာ တပ်ဆင်ပြီး စမ်းသပ်မောင်းနှင်နေတာ ဖြစ်ပါတယ်။
Goodyear လေမဲ့တာယာ
အထူးပြု ပလတ်စတစ် စပုတ်တိုင်တွေက ပါးလွှာနေပေမဲ့ တောင့်တင်းပြီး အပွန်းအစားနှင့် အပူဒဏ်ခံနိုင်အောင် အားဖြည့်တင်းထားတဲ့ ဘီးခွေကို ထောက်တိုက်များအဖြစ် ထောက်ပိုးပေးထားတယ်။ စပုတ်တိုင်တွေက ကားဘီးလှိမ့်တဲ့အခါ အကွေးအဆန့် အလိုက်သင့် လုပ်ပေးနေကြတယ်။
လျှပ်စစ်ကားတွေမှာ အင်ဂျင်မပါတော့ စက်သံမထွက်ဘူး။ တယာတွေနဲ့ လမ်းသား ပွတ်တဲ့အသံက အဆူညံဆုံး ဖြစ်နေလို့ လေမဲ့တာယာ အသံတိတ်နေဖို့ လိုတယ်။
Goodyear ရဲ့အကြီးတန်းမန်နေဂျာ Michael Rachita က ""တာယာတွေက ဘာသံမှ မကြားရဘူး။ ဒါပေမဲ့ တုန်ခါမှုတွေ ရှိနေတယ်။ ကားစီးတဲ့သူ သက်သောင့်သက်သာဖြစ်အောင် ဘယ်လို လုပ်ပေးရင် ရမလဲဆိုတာ ကျွန်တော်တို့ လေ့လာနေပါတယ်""
မြို့တွင်း ပစ္စည်းပေးပို့တဲ့ လုပ်ငန်းတွေ၊ လွန်းပျံ ပြေးဆွဲတဲ့ လုပ်ငန်းတွေက လေပေါင်စစ်ပြီး လေထိုးရတာလို ကရိကထတွေ နည်းတဲ့၊ ဘီးမပေါက်တဲ့၊ စွန့်ပစ်ပြီးရင် ကုန်ကြမ်းအဖြစ် ပြန်သုံးလို့ရမယ့်၊ ပြီးတော့ လမ်းသားအခြေအနေကို သိရှိပြီး သတင်းပို့ပေးနေမယ့် စင်စာတွေပါတဲ့ တာယာမျိုးကို လိုချင်ကြတယ်။ ကားဘီးပေါက်နေရင် ဝင်ငွေ ရပ်သွားတယ်။ လှည့်ကြည့်စရာ မလိုတဲ့တာယာမျိုး maintenance-free tyre ကို သူတို့ လိုချင်ကြတယ်။
Goodyear ရဲ့ ပြိုင်ဘက် ပြင်သစ် တာယာထုတ်လုပ်ရေး လုပ်ငန်း Michelin က General Motors (GM) နှင့် လက်တွဲပြီး လေမဲ့တာယာကို ၂၀၁၉ ခုနစ်ကတည်းက သုတေသန လုပ်နေပါတယ်။ ဖေဖော်ဝါရီလမှာ Michelin ရဲ့အမည် ရှည်ရှည်လျားလျား လေမဲ့တာယာ Unique Puncture-proof Tire System (Uptis) ကို လျှပ်စစ်ကား Chevrolet Bolt အသစ်ေတွမှာ စက်ရုံမှ တပ်ဆင်ပေးဖို့ စီစဉ်နေကြောင်း သတင်း ထုတ်ပြန်တယ်။ ၂၀၂၄ မှာ စတင်သုံးစွဲဖို့ မျှော်မှန်း ထားတယ်။
Uptis တာယာကို တောင့်တင်းအောင် ဖိုက်ဘာဂလပ်စ် fiberglass မြှုပ်ထည့်ပေးထားတယ်။
Michelin လေမဲ့တာယာ
ကုမ္ပဏီသက်တမ်း နှစ်ပေါင်း ၁၃၀ ကျော်ခဲ့ပြီးပြီ ဖြစ်တဲ့ Michelin က လေမဲ့တာယာ ထုတ်လုပ်ခဲ့ဖူးပါတယ်။
Michelin ရဲ့ Tweel အမည်ရှိ တာယာအမျိုးအစားကို ၂၀၀၅ မှာ စတင်ရောင်းချခဲ့ပေမဲ့ အနှေးမောင်းတဲ့ ယာဉ်တွေမှာသာ အဓိကအားဖြင့် သုံးစွဲခဲ့ကြပါတယ်။ လယ်ယာသုံးယာဉ်တွေမှာပဲ သုံးစွဲကြတယ်။
Michelin ရဲ့ Tweel
တောင်ကိုရီးယားမှ Hankook က ယခုနှစ်မှာ လေမဲ့တာယာကို ပြသခဲ့ပါတယ်။
Hankook ရဲ့ လေမဲ့တာယာ Non-pneumatic tyre (NPT) ကို i-Flex NPT လို့ အမည်ပေးထားပါတယ်။ ပုံမှန်တာယာထက် နည်းနည်းသေးတယ်။ ပိုလီယူသိန်း စပုတ်တိုင်တွေကို ပျားအုံပုံ ရက်ထားတယ်။
Hankook လေမဲ့တာယာ
ကမ္ဘာ့အကြီးဆုံးတာယာလုပ်ငန်း Bridgestone က လယ်ယာသုံး၊ သတ္တုတွင်းသုံး၊ ဆောက်လုပ်ရေးသုံး လေမဲ့တာယာတွေကို စိတ်ဝင်စားတယ်။
ဂျာမနီမှ တာယာထုတ်လုပ်ရေးလုပ်ငန်း Continental က လေမဲ့တာယာကို စိတ်မဝင်စားဘူး။ ကားတွေအတွက် လေထိုးတာယာသည်သာ အသင့်မြတ်ဆုံးလို့ ယူဆတယ်။ ပင်ကိုလေထိုးစွမ်းရည်ပါတဲ့တာယာ ထုတ်လုပ်ဖို့ သုတေသန လုပ်နေတယ်။ တာယာစနစ်မှာ လေပေါင်ချိန် သိနေဖို့ တာယာထဲမှာ စင်စာတွေ ထည့်ထားတယ်။ တာယာပူလာလို့ လေပွပြီး လေပေါင်ချိန် တပ်လာရင် တာယာစနစ်က လေလျှော့ပေးမယ်။ လေပေါင်ချိန်လျော့နေရင် တာယာစနစ်က လေဖြည့်ပေးမယ်။
Continental မှ သုတေသန ဌာနမှူး Denise Sperl က ""လေထိုးတာယာတွေ သုံးခဲ့ကြတာ အတော် ကြာပါပြီ။ ကာလရှည်ကြာ သုံးနေကြတာဟာ အကြောင်းတစ်ခုတော့ ရှိလိမ့်မယ်။ အဲဒါက ဘာလဲဆိုတော့ လေပါတဲ့ တာယာတွေက တာယာတာဝန်ကို အကောင်းဆုံး ထမ်းဆောင်နိုင်ကြတယ်။ အဲဒီအချက်ကို ကျွန်မတို့ ယုံကြည်နေဆဲပါ"" လို့ ပြောကြားပါတယ်။
#MyanmarAutomobileGuide
Source: BBC",4.0,3.0,3.0,5.0,3.0,"The text provides a clear, informative overview of airless tire technology, suitable for educational purposes. It presents multiple industry perspectives (Goodyear, Michelin, Continental) with logical comparisons. The language is natural Burmese, well-structured, and free of noise, effectively explaining technical concepts for a general audience."
<urn:uuid:9c24f268-5a1d-4745-9cd7-d768106a16e1>,"လာမယ့်ရွေးကောက်ပွဲဟာ မြန်မာ့ဒီမိုကရေစီ အသွင်ကူးပြောင်းရေးအတွက် သမိုင်း မှတ်တိုင်ဖြစ်ပြီး အများယုံကြည်မှုရှိဖို့အတွက် နိုင်ငံရေးခေါင်းဆောင်တွေနဲ့ ပြည်သူအားလုံးရဲ့ ရွေးကောက်ပွဲရလဒ်ကို လက်ခံမှုအပေါ် မူတည်နေတယ်လို့ ကုလသမဂ္ဂအတွင်းရေးမှူး ချုပ် ဘန်ကီမွန်းက ပြောပါတယ်။
နယူးယောက်မြို့ ကုလသမဂ္ဂဌာနချုပ်မှာ ကျင်းပတဲ့ မြန်မာ့မိတ်ဘက်နိုင်ငံများ အစည်းအဝေးမှာ ပြောဆိုလိုက်တာဖြစ်ပြီး လွတ်လပ်ပွင့်လင်းမြင်သာ အားလုံးပါဝင်တဲ့ ရွေးကောက်ပွဲဖြစ်စေဖို့ အရေးကြီးတဲ့အကြောင်းနဲ့ ဒီအတွက် မြန်မာအစိုးရ၊ ပြည်ထောင်စုရွေးကောက်ပွဲကော်မရှင်နဲ့ စစ်တပ်မှာသာမက မြန်မာလူမှု အသိုင်းအ၀န်းတခုလုံးမှာ တာဝန်ရှိတယ်လို့ ပြောပါတယ်။
လွတ်လပ်တဲ့ ရွေးကောက်ပွဲဖြစ်စေရမယ်၊ ရွေးကောက်ပွဲရလဒ်ကို လေးစားလိုက်နာပါမယ်လို့ စစ်တပ်ခေါင်းဆောင်ပိုင်းက ပေးထားတဲ့ကတိ သေချာစေဖို့ လိုသလို ကိုယ်စားလှယ်လောင်းတွေနဲ့ မဲဆန္ဒရှင်တွေအတွက် လွတ်လပ်ပြီး အနှောင်အဖွဲ့ကင်းတဲ့ ရွေးကောက်ပွဲလုပ်ငန်းစဉ်ဖြစ်စေရေး အစိုးရက မဖြစ်မနေ သေချာလုပ်ပေးရမယ်လို့ ပြောပါတယ်။
ဖွဲ့စည်းပုံအခြေခံဥပဒေ ပြင်ဆင်ပြောင်းလဲရေးကို လွှတ်တော်မှာ အတည်မပြုနိုင်ခဲ့ပေမယ့် ဒေါ်အောင်ဆန်းစုကြည်နဲ့ အမျိုးသားဒီမိုကရေစီအဖွဲ့ချုပ်ရဲ့ ရွေးကောက်ပွဲမှာ ၀င်ရောက်ယှဉ်ပြိုင်ဖို့ ဆုံးဖြတ်ချက်ဟာ အပြုသဘောဆောင်တဲ့ လုပ်ဆောင်ချက်ဖြစ်တယ်လို့ ကုလသမဂ္ဂအကြီး အကဲက ထုတ်ဖော်ပြောပါတယ်။
ဒါ့အပြင် လက်ရှိ ရွေးကောက်ခံ ရိုဟင်ဂျာအမတ်တွေ ရွေးကောက်ပွဲမှာ ပြန်ရွေးချယ်ခွင့်မရတာနဲ့ ရိုဟင်ဂျာတွေ မဲပေးခွင့်မရတဲ့အပေါ် စိတ်ပျက်မိကြောင်းနဲ့ ပြီးခဲ့တဲ့ရွေးကောက်ပွဲမှာ မဲပေးခွင့်ရခဲ့သူတွေ ဆက်ပြီးမဲပေးခွင့်ရရေး အာဏာပိုင်တွေ အနေနဲ့ ဆောင်ရွက်ပေးဖို့ လည်း ဘန်ကီမွန်းက တိုက်တွန်းပါတယ်။
အရပ်ဘက်အဖွဲ့အစည်းတွေကို သူတို့ရဲ့အလုပ်တွေ ဆောင်ရွက်ခွင့်ပေးဖို့ မီဒီယာသမားတွေနဲ့ တက်ကြွလှုပ်ရှားသူတွေကို တဖက်သတ် ဖမ်းဆီးထောင်ချတာတွေ ရပ်တန့်ဖို့လည်း မြန်မာအစိုးရကို တောင်းဆိုပါတယ်။
မြန်မာ့မိတ်ဘက်နိုင်ငံများ အစည်းအဝေးကို ကုလသမဂ္ဂ အထွေထွေညီလာခံရဲ့ အပြင်ဘက်မှာ စက်တင်ဘာ ၂၉ ရက်က သီးသန့် တံခါးပိတ်ကျင်းပတာဖြစ်ပြီး အိမ်နီးချင်း တရုတ်၊ အိန္ဒိယနဲ့ အာဆီယံနိုင်ငံတွေအပြင် အမေရိကန်၊ ဗြိတိန်၊ နော်ဝေ၊ ဂျန်စတဲ့ နိုင်ငံပေါင်း ၁၅ နိုင်ငံက သံတမန်တွေ ပါဝင်တက်ရောက်ပါတယ်။
မြန်မာအစိုးရ ကိုယ်စားလှယ်အဖြစ်တော့ နိုင်ငံခြားရေး ပြည်ထောင်စုဝန်ကြီး ဦးဝဏ္ဏမောင်လွင် ဒီအစည်းအဝေးမှာ ပါဝင်တက်ရောက်ပါတယ်။
5 years Ago",3.0,2.0,3.0,5.0,5.0,"The text provides a clear, factual report on a significant political event in Myanmar. It is coherent and informative, suitable for educational purposes regarding current affairs. It uses natural, authentic Burmese language and follows a professional journalistic structure, though it lacks deep analytical reasoning or complex academic depth."
<urn:uuid:ff65a2c0-13a8-4c8b-a65b-b3679656394b>,"မြန်မာနိုင်ငံအတွင်းရှိ အအေးခန်းစက်ရုံများ၏ ၂၅ ရာခိုင် နှုန်းဝန်းကျင်မှ ရေထွက်ကုန်ပစ္စည်းများအား EU နိုင်ငံများသို့ တင်ပို့ခွင့်ရရှိနေသော်လည်း EU ဈေးကွက်၏ လိုအပ်ချက်ကို ပြည့်မီအောင် ဆောင်ရွက်နိုင်ခြင်းမရှိကြောင့် EU ဈေးကွက်တင်ပို့မှုနှင့် ပတ်သက်၍ ပြန်လည်သုံးသပ်ရန်လိုအပ်ကြောင်း မြန်မာနိုင်ငံ ငါးလုပ်ငန်းအဖွဲ့ချုပ်မှ သိရသည်။
လက်ရှိမြန်မာနိုင်ငံတွင် အအေးခန်းစက်ရုံပေါင်း ၁၂၅ ရုံရှိရာ အီးယူနိုင်ငံ၏ စံနှုန်းသတ်မှတ်ချက်နှင့် ကိုက်ညီမှုရှိအောင် နှစ်ပေါင်းများစွာ ငါးလုပ်ငန်းဦးစီးဌာန၊ မြန်မာနိုင်ငံ ငါးလုပ်ငန်းအဖွဲ့ချုပ်၊ မြန်မာနိုင်ငံရေထွက်ပစ္စည်း ထုတ်လုပ်သူများနှင့် ပို့ကုန်လုပ်ငန်းရှင်များအသင်းတို့မှ အအေးခန်းစက်ရုံများနှင့် ပေါင်းစပ်ညှိနှိုင်း၍ ဆောင်ရွက်ခဲ့ခြင်းကြောင့် ယခုကဲ့သို့ အအေးခန်းစက်ရုံ ၂၅ ရုံရှိလာပြီဖြစ်သဖြင့် ယင်းအခွင့်အရေးကို အသုံးချ၍ အီးယူဈေးကွက်သို့ အလုံးအရင်းနှင့် တင်ပို့နိုင်ရန် ကြိုးစားရမည်ဖြစ်ကြောင်း သိရသည်။
""မြန်မာနိုင်ငံမှာ အအေးခန်းစက်ရုံ ၁၂၅ ရုံလောက်ရှိတာ ၂၅ ရာခိုင်နှုန်းလောက် အီးယူပို့နိုင်တဲ့ အဆင့်လောက်ရောက်နေတယ်လို့ ပြောလို့ရတယ်။ ဒါက နည်းတဲ့အရေအတွက် မဟုတ်ပါဘူး။ အအေးခန်းစက်ရုံတွေအပိုင်းက အီးယူအဆင့်မီအောင် ကြိုးစားပြီးတော့ လုပ်ကိုင်နိုင်တဲ့ အခြေအနေရှိတယ်။ သို့သော် အီးယူကို ကျွန်တော်တို့ ဘယ်လောက်ပို့နိုင်ပြီလဲ၊ အီးယူက ကျွန်တော်တို့ဆီက ဘာလိုချင်တာလဲ။ စက်ရုံတွေက စာမေးပွဲဖြေလို့ အောင်ထားပြီးပြီ။ အဲ့ဒီစက်ရုံတွေရဲ့ အီးယူတင်ပို့မှုပမာဏက ဘယ်လောက်များလဲ၊ မက်ထရစ်တန်အားဖြင့် တစ်နှစ်ကို ဘယ်လောက်များလဲ၊ ငွေတန်ဖိုးအရ ဘယ်လောက်များလဲ၊ ဘယ်လိုငါးမျိုးတွေ တင်ပို့နေတာလဲ။ ကျွန်တော်တို့ ပြန်သုံးသပ်ဖို့လိုအပ်ပါတယ်။"" ဟု မြန်မာနိုင်ငံ ငါးလုပ်ငန်းအဖွဲ့ချုပ် အထွေထွေအတွင်းရေးမှူး ဦးဝင်းကြိုင်က ပြောသည်။
လက်ရှိတွင် အီးယူနိုင်ငံသို့ ငါးမြစ်ချင်းသာတင်ပို့နေခြင်းဖြစ်ပြီး မြန်မာ့မွေးမြူရေးငါး၊ ပုစွန်များ အီးယူသို့ မေလ ၁ ရက်မှ စတင်၍ တင်ပို့ခွင့်ရထားခြင်းဖြစ်ကာ အီးယူမှလိုချင်သည့် ရေထွက်ကုန်များမှာ တီလားပီးယား၊ ဘနားမီး၊ ကကတစ်၊ ပုစွန်ဖြူ တို့ကို လိုအပ်သော်လည်း ပြည်တွင်း၌ မွေးမြူ ထုတ်လုပ်နိုင်ခြင်းမရှိခြင်းကြောင့် တင်ပို့နိုင်ခြင်းမရှိကြောင်း သိရသည်။
မြန်မာနိုင်ငံရှိ ရေထွက်ကုန်များ အီးယူသို့တင်ပို့နေမှုကို ၁၉၉၇ ခုနှစ်မှစတင်၍ GSP တိုးမြှင့်လိုက်ခြင်းကြောင့် မြန်မာရေထွက်ကုန်ပစ္စည်းများ အီးယူနိုင်ငံများသို့ တင်ပို့ခွင့်မရှိဘဲ ၂၀၁၂ ခုနှစ်မှ စတင်ကာ သဘာဝမှဖမ်းဆီးရရှိသည့် ငါး၊ ပုစွန်များအား ပြန်လည်တင်ပို့ ခွင့်ရရှိခဲ့ခြင်းဖြစ်ကာ ၂ ၀၁၉ ခုနှစ် မေလတွင် မွေးမြူရေးငါး၊ ပုစွန်များ ထပ်မံတင်ပို့ခွင့်ရရှိခဲ့ခြင်းဖြစ်ကြောင်း သိရသည်။
""အီးယူဈေးကွက်ရဲ့ လိုအပ်ချက်ကို မထုတ်လုပ်နိုင်တဲ့ အကြောင်းအရင်းအခြေခံကတော့ မွေးမြူ ရေးကဏ္ဍက အရေးကြီးဆုံးဖြစ်နေတယ်။ အအေးခန်းတွေက အဆင့်မီသွားပြီဆိုရင် မွေးမြူရေးကဏ္ဍက အီးယူဈေးကွက်က လိုချင်တာတွေကို မွေးမြူထုတ်လုပ်တဲ့အဆင့်ကို လုပ်ပေးပါမှ အအေးခန်းကနေ စနစ်တကျလုပ်ပြီးမှ ပြည်ပဈေးကွက်ကို တင်ပို့လို့ရမယ်။ အဲ့ဒီကဏ္ဍ ကျန်နေတဲ့အခါကျတော့ ပေးသာပေးတယ် မရဖြစ်နေတယ်။ ဒါက ငါးလုပ်ငန်းအဖွဲ့ချုပ်က သုံးသပ်တာပါ။ ဒီကိစ္စကို ဘယ်သူက သုံးသပ်သင့်လဲဆိုရင် အစိုးရက သုံးသပ်သင့်တယ်။"" ဟု ဦးဝင်းကြိုင်က ပြောသည်။
အီးယူဈေးကွက်သို့ ရေထွက်ကုန်ပစ္စည်းများ တင်ပို့မည့်အစီအစဉ်များနှင့် စီမံကိန်းများတွင် နိုင်ငံတော်အစိုးရက ပါဝင်မှသာ အီးယူမှပေးသည့် အခွင့်အရေးများ ရရှိမည်ဖြစ်ကြောင်း သိရသည်။
အီးယူသို့ မေလ ၁ ရက်မှ စတင်တင်ပို့ခွင့်ရရှိသည့် မွေးမြူရေးငါးများမှာ ငါးမြစ်ချင်း၊ ငါးကြင်းဖြူ ၊ ငါးသိုင်းခေါင်းပွ၊ ရွှေဝါငါးကြင်း၊ တီလားပီးယား၊ ပုစွန်ကြား၊ ပုစွန်ဖြူ ၊ ငါးတန်၊ ကဏာန်းပျော့နှင့် ငါးခုံးမကြီးတို့ဖြစ်ကြောင်း သိရသည်။
သဘာဝမှရရှိသည့် မွေးမြူရေးငါးများကို ၂၀၁၇ ခုနှစ်တည်းကပင် အီးယူနိုင်ငံပေါင်း ၂၈ နိုင်ငံအနက် ၁၀ နိုင်ငံကို ငါး၊ ပုစွန် တင်ပို့ခဲ့ခြင်းဖြစ်ပြီး ၂၀၁၇-၂၀၁၈ ဘဏ္ဍာနှစ်အတွင်း ငါး၊ ပုစွန် တင်ပို့မှုတွင် ငါးအများဆုံးတင်ပို့ခဲ့ရာ တန်ချိန်အားဖြင့် ၁၀၀၀၀ ကျော်နှင့် တန်ဖိုးအားဖြင့် အမေရိကန်ဒေါ်လာ သန်း ၂၀ ကျော် တင်ပို့နိုင်ခဲ့ကြောင်း သိရသည်။
အေးအေးမြင့်(ABM)",3.0,3.0,3.0,5.0,4.0,"The text provides a clear, coherent analysis of Myanmar's fishery export challenges to the EU. It uses professional terminology, follows a logical structure, and is written in natural, authentic Burmese. It serves as a good informative piece on trade and industry, suitable for educational reading on economic topics."
<urn:uuid:6e783cd3-25f4-4f7e-a672-131ec0b7c02d>,"25-Apr-2018
ရန်ကုန်၊ ဧပြီ ၂၄
ကတ္တားစံချိန်များ ပြန်လည်ချိန်ညှိပြီးနောက်ပိုင်းတွင် ကုန်တင်ကားကြီးများ၏ ကုန်တန်ချိန်မှာ လျော့ကျသွားသည့်အတွက် ယခင်အတိုင်း ပြန်လည်သတ်မှတ်ပေးရန် ဆောက်လုပ်ရေးဝန်ကြီးဌာနထံ တောင်းဆိုထားကြောင်း မြန်မာနိုင်ငံ အဝေးပြေးကုန်စည်ဝန်ဆောင်မှု လုပ်ငန်းရှင်များအသင်း ဥက္ကဋ္ဌ ဦးကိုကိုနိုင်က ပြောကြားသည်။
တိုးဂိတ်များ၌ ကတ္တားစံချိန်ပြင်ဆင်ခြင်းကို ယခုနှစ် ဖေဖော်ဝါရီက ဆောင်ရွက်ခဲ့ပြီး ယင်းနောက်တွင် ၂၂ ဘီး ကားကြီးများကို ယခင်က ကုန်တန်ချိန် ၃၃ တန် တင်ခွင့်ပြုခဲ့သော်လည်း ယခု ၃၂ တန်သာ တင်ခွင့်ပြုတော့ကာ ၁၂ ဘီး ကားများတွင်လည်း ယခင်ကုန်တန်ချိန် ၁၇ တန်အစား လက်ရှိတွင် ၁၆ တန်သာ တင်ခွင့်ပြုတော့ကြောင်း ၎င်းက ဆိုသည်။
“ဒီနှစ်ပိုင်းတွေမှာ ကားတွေပေါလာပြီး ကုန်ထွက်ရှိမှုနည်းလို့ ကုန်ကားလုပ်ငန်းရှင်တွေအတွက် တွက်ခြေကိုက်မှု နည်းတယ်။ အဓိကက မူဆယ်၊ မြဝတီလမ်းကြောင်းကို သွားတယ်။ တစ်တန်လျော့သွားရင်လည်း ကားမောင်းတဲ့သူတွေ၊ လုပ်ငန်းရှင်တွေမှာ ထိခိုက်မှုရှိတယ်”ဟု ၎င်းက ရှင်းပြပြောဆိုသည်။
လမ်းတံတားများ သက်တမ်းပြည့် အသုံးပြုနိုင်ရေးနှင့် ရေရှည်တည်တံ့ခိုင်မြဲရေးအတွက် ကတ္တားတစ်ခုနှင့်တစ်ခု ကွာခြားမှုကိုလည်း ယခင်က သုည ဒသမ ၅ တန်မှ သုည ဒသမ ၉ တန်သို့ ပြောင်းလဲခဲ့ပြီးဖြစ်သည့်အတွက် တန်တိုးခြင်းကိစ္စကို ခွင့်ပြုပေးရန်ခက်ခဲကြောင်း ဆောက်လုပ်ရေးဝန်ကြီးဌာနမှ တာဝန်ရှိသူတစ်ဦးက ပြောကြားသည်။
ယခင်နှစ်က ပဲခူးတိုင်းရှိ တိုးဂိတ်တစ်ခုတွင် ကတ္တားချိန်ရာ၌ ကားမောင်းသူနှင့် ဌာနဝန်ထမ်းများ အငြင်းပွားရာမှာ အလေးချိန်များ ပြန်ညှိရာတွင် ကုန်တစ်တန်နီးပါး လျော့ကျသွားခြင်းဖြစ်ကြောင်း ရန်ကုန်-မူဆယ် ကုန်ကားမောင်းသူ ဦးတင်မောင်က ပြောဆိုသည်။
၁၈ ဘီး၊ ၂၂ ဘီးကားများသည် စီမံကိန်းပစ္စည်းများဖြစ်သည့် သံချောင်း၊ ဘိလပ်မြေနှင့် စက်ပစ္စည်းများတင်ရခြင်း ဖြစ်သောကြောင့် လုပ်ငန်းရှားပါးသည့်အချိန်တွင် တန်ချိန်များလျှော့ချခြင်းမှာ ကုန်တင်ကားလောကအတွက် ထိခိုက်မှုများ ဖြစ်နေကြောင်း ၎င်းက ဆိုသည်။
J-13
- SOURCES
- The Voice
-
20-Jan-2019
-
20-Jan-2019
-
20-Jan-2019
-
20-Jan-2019
-
20-Jan-2019
-
20-Jan-2019
-
07-Jan-2019
-
03-Jan-2019
-
19-Jan-2019
-
08-Jan-2019
-
01-Jan-2019
-
19-Jan-2019",2.0,3.0,3.0,2.0,5.0,"The text is a well-written news report about logistics and government policy in Myanmar. It provides clear arguments from both industry stakeholders and government officials. While it contains some boilerplate/metadata at the end, the core content is highly authentic, professional, and demonstrates logical reasoning regarding economic impacts and infrastructure regulations."
<urn:uuid:6e2d7612-8d26-4563-8598-2ce9bdd53d9a>,"နံနံပင်
|နံနံပင်|
|သိပ္ပံနည်းကျမျိုးခွဲခြင်း|


|ဒွိနာမ|
|''Coriandrum sativum''|
Coriander (နံနံပင်)[ပြင်ဆင်ရန်]
- Botany Term : Coriandrum sativum Linn
- Species/Family : Umbelliferae
ပုံသဏ္ဌာန် :
အပင်-- တစ်နှစ်ခံ ပင်ငယ်မျိုး ဖြစ်သည်။ အမြင့် တစ်ပေ ခန့် အထိ ရှိတတ်ပြီး အမြဲစိမ်း ပင်ဖြစ်သည်။ ပင်စည်လုံး အလွန် သေးငယ်၍ ချောမွေ့သည်။
အရွက်--- အရွက်များ လွန်စွာ ဖြာထွက်သည်။ ရွက်နားဝိုက် များ အလွန်ဟိုက် ကာ အဝိုက် ၃ ခု သို့မဟုတ် ၃ ခု ထက် ပို၍ ပါရှိ ၏ ။ အဝိုက်များသည် အပ်ချည် ကဲ့သို့ ကွဲဖြာနေ သည်။ ရွက်ပြား အစိမ်း ဖျော့ရောင် ရှိသည်။
အပွင့်--- အလွန်သေး ငယ်၍ အဖြူရောင် ရှိသည်။ ထီးပုံ ပန်းခိုင်မှ ပွင့်သည်။
အသီး--- ညိုဝါရောင် ရှိ၍ လုံးသည်။ အက်ကွဲသီး ဖြစ်၍ အခန်း လေးများတွင် တစ်ဖက်လုံး တစ်ဖက်ခွက် နေသော အစေ့လေး ပါရှိ၏ ။ အသုံးပြုနိုင်သည့်
အစိတ်အပိုင်းများ : အစေ့။
မြန်မာနိုင်ငံတွင် တွေ့နိုင်သောနေရာများ : မြန်မာနိုင်ငံ အနှံ့အပြား တွင်ပေါက်ရောက်သည်။ ရာသီ အလိုက် စိုက်ပျိုး ပင်ဖြစ်သည်။
စိုက်ပျိုးပုံ-
(က) စိုက်ခင်းမြေပြင်ခြင်း။ အလျား ပေ ၂၀ ၊ အနံ ၄ပေ ရှိ စိုက်ခင်း ဘောင်များကို မြေကောင်းစွာ မှုန့်ညက်အောင် ပြုပြင်ရန် လိုသည်။ မြေအား ပြုပြင်ပြီး နောက် နောက်ချေး မြေဆွေး ရသလောက် ဖြင့် ရောမွှေရမည်။
(ခ) စိုက်ပျိုးခြင်း။ ပေ ၂၀ ၊ ၄ ပေရှိ စိုက်ခင်း တစ်ဘောင် အတွက် မျိုးစေ့ တစ်ကျပ်သား ခန့် လိုသည်။ မစိုက်ပျိုး မီ မျိုးစေ့ များကို ကောင်းစွာ ခြောက်သွေ့စေ ပြီး ၇ရက်ခန့် ရေစိမ်၍ ဖောက်ထားပြီး မှ ကြဲပက် စိုက်ပျိုး သင့်သည်။ အပင် ထူလျှင် ၄ လက်မခြား ခန့် လက်ကြားခွဲ ပေးသင့်သည်။
(ဂ) ရေစုပ်ခြင်း ။ စိုက်ပျိုး ပြီး လျှင် ပြီးချင်း ကောက်ရိုးဖြင့် စိုက်ဘောင်အား ခပ်ပါးပါး ဖုံးအုပ်၍ ရေရွှဲရွှဲ လောင်းပေးရ မည်။ နေ့စဉ် မှန်မှန် ရေလောင်းပေး သင့်သည်။
(ဃ) ဆွတ်ခူးခြင်း။ စိုက်ပြီး ၄၅ ရက်မှ ရက်ပေါင်း ၆၀ အတွင်း နုတ်ယူ စားသုံးနိုင်သည်။
အသုံးဝင်ပုံ : အာနိသင်။ ။ မြန်မာဆေး ကျမ်းများ အလိုအရ နံနံစေ့သည် ဖန် ၊ ခါး ၊ စပ်၏ ။ ပူ၏ ။ ကြေကျက်က ချို၏ ။ ဝမ်းမီးကို တောက်စေ၏ ။ အစာကို ကြေကျက်စေ၏ ။ နှုတ်မြိန်စေ၏ ။ သွေး၊ လေ ၊ သလိပ် သုံးပါးကို ငြိမ်းစေ၏ ။
အသုံးပြုပုံ-
အစေ့
- နံနံစေ့အား ဆီးဖြူသီး နှင့် ညဦးမှ နေ၍ စိမ်းထားပြီး နံနက်တွင် စစ်၍ သကြားခဲ နှင့် ရောသောက်သော် ခေါင်းကိုက်ရောဂါ ပျောက်၏ ။
- နံနံစေ့ကို ချင်းခြောက်နှင့် ရောပြုတ်ပြီး အစာစား ပြီး တိုင်း သောက်ပါက ဝမ်းမီး ကောင်းလာစေသည်။
- နံနံစေ့ကို သကြားနှင့် ပြုတ်ပြီး အအေးခံ ၍ ဆန်ဆေး ရည်နှင့် ရောသောက်ပါက မိန်းမများ ကိုယ်ဝန်တည်စ ဖြစ်သော အန်ခြင်း ၊ပျို့ခြင်း ၊ နှလုံးနာခြင်း များ ပျောက်၏ ။
- နံနံစေ့ မှုန့်နှင့် သကြားကို ရော၍ စားခြင်းဖြင့် အပူကြောင့် ဖြစ်သော အဆစ်အမျက် ကိုက်ခဲခြင်း များ ပျောက်ကင်းစေနိုင်၏ ။
- နံနံစေ့ကို ဝါး၍ အရည်မျို ချပါက လည်ချောင်းနာ ခြင်း ပျောက်ကင်းသည်။
- နံနံစေ့ကို ဆန်ဆေးရည် တွင်စိမ်၍ သကြားသင့် ရုံရောပြီး တိုက်ပါက ကလေးများ ချောင်းဆိုး ပန်းနာ ပျောက်ကင်း၏ ။",4.0,2.0,2.0,3.0,5.0,"The document provides clear, structured botanical and agricultural information about coriander, suitable for middle-school education. It includes traditional Burmese medicinal uses, reflecting authentic local knowledge. While it contains some formatting artifacts (table-like headers), the content is coherent, informative, and written in natural, standard Burmese."
<urn:uuid:c000efb2-ac0d-4dac-81d2-fe16cc700dd0>,"သာဝတ္ထိ ပြည် ဇေတဝန် ကျောင်းတော် ၌ ဂေါတမ မြတ်စွာ ဘုရား သီတင်းသုံး စံနေတော်မူစဉ် ရဟန်းအပါး ၅၀၀ တို့သည် တစ်ခုသော ဝါဝင်ခါနီး ကာလ၌ မြတ်စွာဘုရား သခင်အား ဖူးမြော် ရှိခိုး၍ ကမ္မဋ္ဌာန်း နည်း နာယူကာ တောအုပ်တစ်ခုတွင် ဝါဆိုလျက် ကမ္မဋ္ဌာန်း တရား ပွားများအားထုတ် ကြလေသည်။
ရဟန်းတော်များသည် တောအုပ်အနီး ရွာများတွင် နံနက်ဆွမ်းကို ပြည့်စုံစေလျက် ညအခါမှာ တောအုပ်တွင်းရှိ သစ်ပင်ကြီးများကို မှီခိုကာ တစ်ပင်လျှင် တစ်ပါးကျ သီတင်းသုံး၍ တရားကျင့်တော်မူကြလေသည်။ ထိုအချိန်တွင် သစ်ပင်ပေါ်ရှိ ရုက္ခစိုး များသည် ရဟန်းတော်များ၏ အထက်တွင် မနေဝံ့ကြသဖြင့် မြေပြင်တွင် ဆင်း၍ ဒုက္ခခံကာ နေထိုင်ကြရလေသည်။ အချို့ ရုက္ခစိုးများမှာ ကလေးငယ်များ ရှိကြသဖြင့် ရဟန်းတော်များ တစ်နေ့ ပြန်နိုး တစ်ရက်ပြန်နိုး စောင့်စားနေပါသော်လည်း ရုတ်တရက်မပြန်တော့သဖြင့် အချင်းချင်း ညှိနှိုင်းကာ ငါးရာသော ရဟန်းတို့ ကြောက်လန့်ထွက်ပြေးစေရေးအတွက် ကြောက်မက်ဖွယ်ရာ ဘီလူးကြီး၊ နဂါးကြီး သဏ္ဌာန် ပြ၍လည်းကောင်း ၊ ထိတ်လန့်ဖွယ်ရာ အပုပ်နံ့ကြီးများဖြင့် လည်းကောင်း ခြောက်လှန့် ဖျက်ဆီးကြလေတော့သည်။
ရဟန်းတော်များသည် တစ်ပါးစီခြောက်လှန့်ခံကြရသည် ဖြစ်ရာ ကမ္မဋ္ဌာန်းဘာဝနာ ကို အားထုတ်ရာတွင် သမာဓိ မရနိုင်တော့သည့် အဆုံး ခေါင်းဆောင်မထေရ်ကြီးအား အသိပေးလျက် မြတ်စွာဘုရား ရှိရာ သာဝတ္ထိပြည် ဇေတဝန်ကျောင်းတော်သို့ ပြန်လာခဲ့ကြလေသည်။ ဘုရားရှင်၏ ရှေ့မှောက်၌ ဖြစ်ပျက်ပုံ အကြောင်းစုံကို လျှောက်ထားသည့်အခါ ရှင်တော်မြတ်ဘုရားက ရဟန်းငါးရာ တို့ကို မေတ္တာကမ္မဋ္ဌာန်း စီးဖြန်းကြစေရန် မေတ္တာသုတ်တော်ကို ဟောဖော်သင်ကြား၍ ယင်းတောအုပ် သို့ပင် ပြန်လည် စေလွှတ် လိုက်လေသည်။
မေတ္တာကမ္မဋ္ဌာန်း စီးဖြန်း၍ မေတ္တာသုတ်တော်ကို ရွတ်ဖတ်သရဇ္စျာယ် သွားသော ရဟန်းတော်ငါးရာကို ရုက္ခစိုးနတ်တို့သည် မနာလို စိတ်များ ပျောက်ကွယ်၍ လူသဏ္ဌာန် ဖန်ဆင်းလျက် ခရီးဦးကြိုသူကြို ၊ ခြေဆေးသူဆေး ၊ သပိတ်ပွေ့သူက ပွေ့ နှင့် လုပ်ကျွေးကြကာ ဝါကျွတ်သည့် အခါတွင် ရဟန်းငါးရာ တို့မှာ ကောင်းစွာ တရားထူးရသည် အကြောင်းခံကာ ဘုရားရှင် မေတ္တာသုတ္တန်ကို စတင် ဟောကြားခဲ့သော ၀ါခေါင်လကို အစွဲပြု၍ ၀ါခေါင်လပြည့်ကို မေတ္တာအခါတော်နေ့ အဖြစ် ဗုဒ္ဓဘာသာဝင်များမှ သတ်မှတ်ခဲ့ကြခြင်း ဖြစ်ပေသည်။ လူတိုင်းအတွက် အခြေခံတရားဖြစ်တော်မူသော မေတ္တာတရားကို လူတိုင်းကိုယ့်စီကိုယ်ငှ ကျင့်သုံးနေထိုင်ခြင်းဖြင့် ဗဟိဒ္ဓ (အပြင်) ငြိမ်းချမ်းမှုသာမက မိမိ၏ အဇ္စျတ္တ (အတွင်း) ငြိမ်းချမ်းမှုကိုပါ ရရှိစေနိုင်ပါသည်။",4.0,2.0,2.0,5.0,5.0,"The text provides a clear, coherent narrative explaining the origin of Metta Sutta and Metta Akha Taw Day. It is written in natural, high-quality Burmese, reflecting deep cultural and religious context. The reasoning is straightforward, following a narrative structure rather than complex analysis, and the language is accessible to a general audience."
<urn:uuid:bea837f0-89fa-498b-a0e1-c535ebc87e63>,"ဒါန
သူတော်ကောင်းတို့၏ အလှူသည် ငါးမျိုးရှိသည်။ ထိုငါးမျိုးမှာ
- သဒ္ဓါဒါန
- သက္ကစ္စဒါန
- ကာလဒါန
- အနုဂ္ဂဟိတဒါန
- အနုပဟစ္စဒါန တို့ဖြစ်ကြသည်။
မာတိကာ
သဒ္ဓါဒါန[ပြင်ဆင်ရန်]
ကံ - ကံ၏ အကျိုးကို ယုံကြည်၍ အလှူခံပုဂ္ဂိုလ်အား ပေးလှူခြင်းကို သဒ္ဓါဒါနဟု ခေါ်သည်။ ထိုသူသည် ဖြစ်လေရာ ဘုံဘဝ၌ ရရှိနိုင်သော အကျိုးကျေးဇူးများမှာ
- ဥစ္စာပစ္စည်း ကြွယ်ဝချမ်းသာ၏။
- များသောအသုံးအဆောင်ရှိ၏။
- ရှုချင်သဖွယ် ရှိ၏။
- စိတ်ကြည်လင်ဖွယ် ရှိ၏။
- လွန်ကဲသော အဆင်းသဏ္ဍာန်နှင့် ပြည့်စုံ၏။
သက္ကစ္စဒါန[ပြင်ဆင်ရန်]
လှူဖွယ်ဝတ္ထုပစ္စည်းတို့ကို သပ်ရပ်ကောင်းမွန်သန့်ရှင်းစွာ ပြုပြင်၍ အလှူခံပုဂ္ဂိုလ်အား ရိုသေစွာ လှူခြင်းကို သက္ကစ္စဒါနဟုခေါ်သည်။ ထိုသူသည် ဖြစ်လေရာ ဘုံဘဝ၌ ရရှိနိုင်သော အကျိုးကျေးဇူးများမှာ -
- ဥစ္စာပစ္စည်း ကြွယ်ဝချမ်းသာ၏။
- များသောအသုံးအဆောင် ရှိ၏။
- သား၊ မယား၊ ကျေးကျွန်၊ အခြွေအရံတို့ မိမိစကားကို နားထောင်၏။
- တတ်သနားလည်လွယ်သော ဉာဏ်ရှိ၏။
လှူဖွယ်ဝတ္ထုကို ကောင်းမွန်စွာ မစီမံဘဲ ဖြစ်ကတတ်ဆန်း လှူသောသူသည် ဖြစ်လေရာ ဘုံဘဝ၌ ဥစ္စာစည်းစိမ်ရှိသော်လည်း သား၊ မယား၊ ကျေးကျွန်တို့ အပေါ်၌ ဩဇာမညောင်းဖြစ်တတ်၏။
ကာလဒါန[ပြင်ဆင်ရန်]
လှူဖွယ်ဝတ္ထုတို့ကို အချိန်ကာလနှင့် လျှော်ညီအောင် လှူဒါန်းခြင်းကို ကာလဒါနဟု ခေါ်သည်။ ထိုသူသည် ဖြစ်လေရာ ဘုံဘဝ၌ ရရှိနိုင်သော အကျိုးကျေးဇူးများမှာ -
- ဥစ္စာပစ္စည်း ကြွယ်ဝချမ်းသာ၏။
- များသောအသုံးအဆောင် ရှိ၏။
- အချိန်ကာလနှင့် လျှော်စွာ အကျိုးတရားများစွာ ရနိုင်၏။
အချိန်အခါမဟုတ်ဘဲ လှူသောသူသည် ဥစ္စာစည်းစိမ်ရှိသော်လည်း လိုအပ်သော အချိန်၌ လိုအပ်သော ပစ္စည်းများကို မရတတ်ပေ။
အနုဂ္ဂဟိတဒါန[ပြင်ဆင်ရန်]
အလှူခံ ပုဂ္ဂိုလ်အား ချီးမြှောက်လို၍ လှူခြင်းကို အနုဂ္ဂဟိတဒါနဟု ခေါ်သည်။ ထိုသူသည် ဖြစ်လေရာ ဘုံဘဝ၌ ရရှိနိုင်သော အကျိုးကျေးဇူးများမှာ
- ဥစ္စာပစ္စည်း ကြွယ်ဝချမ်းသာ၏။
- များသောအသုံးအဆောင် ရှိ၏။
- ရရှိသော စည်းစိမ်ဥစ္စာ အပေါ်၌ သုံးဆောင်လိစိတ်ရှိ၏။ သုံးလည်း သုံးဆောင်၏။
အလှူခံ ပုဂ္ဂိုလ်ကို ချီးမြှောက်လိုသောစိတ်မရှိဘဲ လှူသောသူသည် ဥစ္စာစည်းစိမ်ရှိသော်လည်း မွန်မြတ်သော အသုံးအဆောင်တို့ကို သုံးဆောင်လိုစိတ် မရှိ။ မသုံးဆောင်ရဲဘဲ ရှိတတ်သည်။ အညံစားတို့ကိုသာ သုံးဆောင် ရတတ်၏။
အနုပဟစ္စဒါန[ပြင်ဆင်ရန်]
မိမိကိုလည်းကောင်း၊ သူ၏တစ်ပါးကိုလည်းကောင်း မငြိစွန်း မထိခိုက်စေဘဲ အလှူပြုခြင်းကို အနုပဟစ္စဒါနဟာ ခေါ်သည်။ ထိုသူသည် ဖြစ်လေရာ ဘုံဘဝ၌ ရရှိနိုင်သော အကျိုးကျေးဇူးများမှာ -
- ဥစ္စာပစ္စည်း ကြွယ်ဝချမ်းသာ၏။
- များသော အသုံးအဆောင်ရှိ၏။
- မိမိဥစ္စာကို ရန်သူမျိုးငါးပါးကို မဖျက်ဆီးနိုင်။
- အမွေခံသားဆိုး၊ သမီးဆိုးတို့ မဖျက်ဆီးနိုင်။
မိမိနှင့် သူတစ်ပါးကို ငြိစွန်းထိခိုက်၍ လှူသူသည် ဥစ္စာစည်းစိမ်ရှိသော်လည်း ရန်သူမျိုးငါးပါးတို့၏ ဖျက်ဆီးနှိပ်စက်ခြင်းကို ခံရသည်။
အလှူဒါန၏ မျက်မှောက်အကျိုး (၅) ပါး[ပြင်ဆင်ရန်]
မြတ်စွာဘုရားရှင်သည် ဝေသာလီပြည်၊ မဟာဝုန်တော စုလမ်းမွန်ချွန် အထွတ်တက်သောကျောင်း၌ သီတင်းသုံးစဉ် ဖြစ်သည်။ သီဟစစ်သူကြီး မေးလျှောက်ချက်အရ ဒါန၏ မျက်မှောက်အကျိုး (၅) မျိုးကို ဟောတော်မူခဲ့သည်။ ၎င်းတို့မှာ −
ဒါနဝတ္ထုလှူဒါန်းသော အလှူရှင်သည်
- လူအများတို့ မျက်နှာမြင်လျှင် ချစ်ခင်နှစ်သက်ခြင်း၊
- သူတော်ကောင်းတို့ မှီခို ဆည်းကပ်လာခြင်း၊
- ဂုဏ်ကျေးဇူးသတင်း ပျံ့နှံ့ကျော်ဇောလာခြင်း၊
- ပရိတ်သတ်လေးပါသို့ ရွံရှာခြင်းကင်းပြီး ရဲတင်းစွာ ချဉ်းကပ်နိုင်ခြင်း၊
- သေသည်၏ အခြားမဲ့၌ နတ်ပြည်သို့ လားရခြင်း စသည့်အကျိုးထူးတို့ကို ခံစားရသည်။ (အံ၊ ၂။ ၃၃−၅)
ထို့ပြင်
- ကိလေသာကင်းစွာ ရဟန္တာအရှင်မြတ်တို့၏ အချီးအမြှောက်ကို ရှေးဦးစွာ ခံယူရရှိခြင်း၊
- ရဟန္တာအရှင်မြတ်တို့ ရှေးဦးစွာ ချဉ်းကပ်ခံရခြင်း၊
- လှူဖွယ်ဝတ္ထုကို ရှေးဦးစွာ လှူဒါန်းခွင့်ရခြင်း၊
- တရားတော်ကို ရှေးဦးစွာ နာယူခွင့်ရခြင်း၊
- ကောင်းသော ဂုဏ်သတင်းဖြင့် ပျံ့သင်းကျော်ကြားခြင်း၊
- ပရိတ်သတ် ၄ ပါးသို့ ရဲဝံ့စွာ ချဉ်းကပ်နိုင်ခြင်း၊
- သေသည်၏ အခြားမဲ့၌ နတ်ပြည်သို့ လားရခြင်း စသည့် အကျိုးထူးတို့ကို ခံစားရသည်။ (အံ၊ ၂။ ၄၅၇−၉)
ကိုးကား[ပြင်ဆင်ရန်]
- အရှင်သုမန (ကန့်ဘလူ) (မေလ ၂၀၀၅). အလှူဒါနဆိုင်ရာသိမှတ်ဖွယ်ရာများ, ပထမအကြိမ်, အမှတ် ၁၁၊ ဒဂုဏ်သီရိလမ်း၊ တာမွေမြို့နယ်၊ ရန်ကုန်မြို့: ခင်မြတ်သူစာပေ.
- ဗုဒ္ဓဘာသာ ယဉ်ကျေးမှု သင်ခန်းစာ",4.0,2.0,2.0,3.0,5.0,"The text provides a structured, educational overview of Buddhist concepts of charity (Dana). It is written in natural, authentic Burmese with appropriate religious terminology. While it contains some boilerplate (e.g., [ပြင်ဆင်ရန်] from a wiki-style source), the content is coherent, informative, and culturally significant for the target audience."
<urn:uuid:17721294-4ee3-40b2-8bff-7889b9763fe8>,"ဧပြီ ၇ ရက်နေ့တွင် ပြည်နယ်လွှတ်တော်မှ အတည်ပြု ခန့်အပ်ခဲ့ကြသည့် ရခိုင်ပြည်နယ် အစိုးရအဖွဲ့ဝင် ၀န်ကြီး ၇ ဦးမှ ၁ ဦးကို မိခင်ပါတီမှ ထုတ်ပယ် နိုင်ဖွယ်ရှိကြောင်း ရခိုင်အမျိုးသားပါတီ အထွေထွေအတွင်းရေးမှူး ဦးထွန်းအောင်ကျော်က မဇ္ဈိမကို ပြောကြားခဲ့သည်။
"" ကိုယ့်စိတ်သဘော ဆုံးဖြတ်ချက်နဲ့ အစိုးရတာဝန်ကို လက်ခံယူသွားတယ် ဆိုတာ ကျနော်တို့ ပါတီစည်းမျဉ်းစည်းကမ်းကို ပြောင်ပြောင်တင်းတင်း ချိုးဖောက်ရာ ရောက်တယ်။ ယခု ၀န်ကြီး ဦးကျော်လွင်က အစိုးရတာဝန်ကို ယူတယ် ဆိုတာ ပါတီရဲ့ ၁/၂၀၁၆ ကြေညာချက်ကို ချိုးဖောက်တဲ့သဘော ပေါ့။ ကျနော်တို့ လာမယ့် အနီးဆုံး ဗဟိုအလုပ်အမှုဆောင် အစည်းအဝေးမှာ ဒီကိစ္စကို တင်ပြမယ်။ အပြစ်ပေးအရေးယူနိုင်တာကလည်း ဗဟိုအလုပ်အမှု ဆောင်အဖွဲ့ဆိုတော့ အဲဒီအစည်းအဝေးပြီးတဲ့အခါ ဦးကျော်လွင်ကို အပြစ်ပေးအရေးယူဖို့ ဆုံးဖြတ်ချက် ထွက်လာပါလိမ့်မယ်။""
ကျောက်ဖြူမဲဆန္ဒနယ် မှ ရခိုင်အမျိုးသားပါတီ၏ ပြည်နယ်လွှတ်တော်ကိုယ် စားလှယ် ဦးကျော်လွင်မှာ ပါတီ၏ ၁/၂၀၁၆ နှင့် ၂/၂၀၁၆ ကြေညာချက် များအား ဆန့်ကျင်ကာ အစိုးရအဖွဲ့ဝင် ၀န်ကြီးနေရာကို လက်ခံခဲ့ခြင်းနှင့် ပတ်သက်၍ ၀န်ကြီး ဦးကျော်လွင်က ယခုလို ချေပခဲ့သည်။
""ပါတီကတော့ ကြေညာချက်အရ ၀န်ကြီးနေရာကို လက်မခံစေလိုတဲ့ သဘောပါ။ အခြားတစ်ဘက်မှာ ၁/၂၀၁၆ နဲ့ ၂၀၁၆ တို့ ဆိုတာ ပါတီရဲ့ ကြေညာချက်သာ ဖြစ်ပါတယ်။ မူဝါဒ မဟုတ်ပါဘူး။ ဒီနေ့ချိန်ထိ ကျနော် ပါတီရဲ့ ဘယ်မူဝါဒကိုမှ မချိုးဖောက်ခဲ့ဖူးပါဘူး။ ကြေညာချက်အပေါ်မှာတော့ အယူအဆတွေ ကွဲလွဲကောင်း ကွဲလွဲနိုင်တယ်ပေါ့။ ဒါပေမယ့် ကျနော်တို့ အားလုံး ကိုယ့်ဒေသဖွံ့ဖြိုးရေးကို ဦးတည်ကြတာပါပဲ။ ဒီတော့ NLD ရဲ့ မူဝါဒ ပေါ်လစီမှာလည်းပဲ ဒေသဖွံ့ဖြိုးတိုးတက်ရေးကို ဦးတည်တယ်။ ကျနော်တို့ ရခိုင်ပါတီမှာလည်းပဲ ဒီအတိုင်းပဲ။ မူဝါဒ တူတဲ့အတွက် ကျနော် NLD အစိုးရနဲ့ ပူးပေါင်းလက်တွဲတာ ဖြစ်ပါတယ်။""
ဦးကျော်လွင်ကို ရခိုင်ပြည်နယ် စိုက်ပျိုးရေးနှင့် မွေးမြူရေး၊ သတ္တုနှင့် သစ်တောဝန်ကြီးအဖြစ် ခန့်အပ်ခဲ့ခြင်း ဖြစ်သည်။
ပြီးခဲ့သည့် ဇန်န၀ါရီ ၁၉ ရက် နေ့စွဲနှင့် ထုတ်ပြန်ခဲ့သည့် ရခိုင်အမျိုးသား ပါတီ၏ ကြေညာချက် ၁/၂၀၁၆ တွင် ရခိုင်ပြည်နယ် ၀န်ကြီးချူပ် နှင့် ပြည်နယ်အစိုးရအား ANP မှ ဖွဲ့စည်းခွင့်ရရန်နှင့် သို့မဟုတ်ပါက အတိုက်အခံအဖြစ် ရပ်တည်မည်ဟု ရေးသားဖော်ပြပါရှိသည်။
Mizzima - News in Burmese",2.0,3.0,3.0,5.0,5.0,"The text is a standard news report about political conflict within the Arakan National Party. It provides factual reporting on local political developments, requiring basic political literacy to understand. It is written in natural, formal Burmese, reflecting authentic local political discourse and terminology."
<urn:uuid:de564dda-75da-4359-899e-505a0b2b458c>,"လူသားတွေမှာ အာရုံ (၅) ပါးရှိတဲ့အနက် အမြင်အာရုံ (စက္ခုအာရုံ) ဟာ အရေးအပါဆုံးပါပဲ။ ဒါကြောင့်လည်း အိမ်ကအမေတွေဟာ ငယ်ငယ်လေးတည်းက သားသမီးတွေကို အမြင်အာရုံကို အားကောင်းစေမယ့် အသား၊ ငါးတွေ၊ သစ်သီးဝလံတွေကို ကျွေးကြတာဖြစ်နိုင်ပါတယ်။
ဒီနေ့ခေတ်လို လျှပ်စစ်ပစ္စည်းတွေနဲ့ နပန်းလုံးနေရတဲ့ ခေတ်ကြီးထဲမှာ မျက်စိကျန်းမာရေး ကောင်းမွန်စေဖို့အတွက် လိုအပ်တဲ့ အာဟာရတွေကို ပိုမိုမှီဝဲပေးဖို့ လိုလာပါတယ်။ အဲဒါတွေကတော့...
Citrus Fruits (ရှောက်၊ သံပုုရာနွယ်ဝင်အသီး) တွေဟာ ဗိုက်တာမင် စီကြွယ်ဝတဲ့ သစ်သီးတွေဖြစ်ပြီး မျက်စိကျန်းမာရေး ကောင်းမွန်လိုသူတွေအတွက် နေ့စဉ်စားသုံးပေးသင့်တဲ့ သစ်သီးဝလံတွေပဲ ဖြစ်ပါတယ်။ အရည်လည်းရွှမ်းပြီး အရသာလည်း ကောင်းမွန်တဲ့ သစ်သီးတွေလည်း ဖြစ်တဲ့အတွက် စားရတာလည်း အဆင်ပြေကြမှာပါ။
ရှောက်၊ သံပုုရာနွယ်ဝင်အသီးတွေထဲမှာ ပါဝင်တဲ့ ဗိုက်တာမင် စီဟာ အမြင်အာရုံကို ထက်မြက်စေရုံသာမက ကြွက်သားယိုယွင်းခြင်းကိုလည်း တားဆီးပေးတဲ့အတွက် အထွေထွေကျန်းမာရေးအတွက်လည်း စားသုံးပေးသင့်တာအမှန်ပါပဲ။
ဘလူးဘယ်ရီ၊ စတော်ဘယ်ရီ၊ ဘလက်ဘယ်ရီသီးတွေကို ဘာလို့စားပေးသင့်တာလဲ။ သူတို့ဟာလည်း သဘာဝအတိုင်း ဗိုက်တာမင် စီကြွယ်ဝတဲ့ သစ်သီးတွေဖြစ်ပါတယ်။ ဘလူးဘယ်ရီသီး (၁၀၀) ဂရမ်မှာ ဗိုက်တာမင် စီ (၉) မီလီဂရမ်ပါဝင်ပါတယ်။ လူတစ်ယောက်ဟာ တစ်နေ့ကို ဗိုက်တာမင် စီ (၇၅-၉၀) မီလီဂရမ် စားသုံးပေးသင့်တယ်ဆိုတော့ ဘယ်ရီသီးတွေဟာ အသင့်တော်ဆုံး ရွေးချယ်မှုထဲမှာ ပါဝင်နေမှာပါနော်။
ဘယ်ရီသီးတစ်ပန်းကန်ကို သံပုရာ (သို့) ရှောက်ရည်နည်းနည်းဆမ်းပြီး စားပေးမယ်ဆိုရင် တစ်နေ့စာအတွက် လုံလောက်တဲ့ ဗိုက်တာမင် စီကတော့ ပြည့်စုံသွားပါပြီ။ ဘယ်ရီသီးတွေဟာ အမြင်အာရုံကောင်းမွန်စေရုံတင်မကပါဘူး။ မျက်စိတဝိုက်က အရေပြားကိုလည်း ကျန်းမာစေပါတယ်။ ဒါကြောင့် မျက်ကွင်းညိုတာတွေ ဘာတွေလည်း မဖြစ်တော့ဘူးပေါ့။
ငယ်ငယ်က ငါးစားရတာကို အရိုးနွှင်ရတာ အလုပ်ရှုပ်လို့ မကြိုက်တဲ့သူတွေ ရှိလား။ ဒါဆိုရင်တော့ နှစ်ခါပြန်စဉ်းစားကြည့်ပါဦး။ ငါးတွေမှာ omega-3 ဖက်တီးအက်ဆစ်တွေ ကြွယ်ဝစွာပါဝင်ပါတယ်။ အထူးသဖြင့် မွေးမြူရေးငါးထက် ရေငန်ငါးတွေမှာ omega-3 ဖက်တီးအက်ဆစ် ပိုမိုကြွယ်ဝပါတယ်။ သုတေသနတစ်ခုရဲ့အဆိုအရဆိုရင် omega-3 ဖက်တီးအက်ဆစ်ဟာ မျက်ခမ်းစပ်ရောဂါနဲ့ အမြင်အာရုံ မှုန်ဝါးခြင်းဝေဒနာတို့ကို ကုသရာမှာ အသုံးဝင်ပါသတဲ့။
တရုပ်ဆီးသီးတွေဟာလည်း မျက်စိနဲ့ အာရုံကြောအတွက် ကောင်းမွန်ပါတယ်။ ဘာလို့လဲဆိုတော့ သူတို့မှာပါဝင်တဲ့ beta- carotene ဆိုတဲ့ ရောင်ခြယ်တစ်မျိုးဟာ ခန္ဓာကိုယ်ထဲရောက်ရင် ဗိုက်တာမင် အေအဖြစ် ပြောင်းလဲနိုင်ပြီး မျက်စိကျန်းမာရေးမှာ အထောက်အကူပြုနိုင်လို့ပါပဲ။ လေ့လာမှုတစ်ခုရဲ့အဆိုအရဆိုရင် တရုပ်ဆီးသီးမှာပါဝင်တဲ့ beta- carotene ဟာ ဗိုက်တာမင် စီ၊ အီး၊ ဇင့်ဓာတ်တို့နဲ့ တွဲဖက်လိုက်ချိန်မှာ မျက်စိနာရောဂါ၊ တိမ်စွဲရောဂါတို့လို မျက်စိရောဂါလက္ခဏာတွေကိုတောင် သက်သာပျောက်ကင်းစေပါတယ်တဲ့။
ဗိုက်တာမင် အေ၊ ဗိုက်တာမင် စီ၊ လူတိန်း၊ ဇီဇန်သင်းနဲ့ beta- carotene တို့ဟာ ကီဝီသီးထဲမှာပါဝင်တဲ့ ဓာတ်တွေပဲဖြစ်ပါတယ်။ နောက်ပြီး အဲဒါတွေဟာ မျက်စိကျန်းမာရေးအတွက် အထူးကောင်းမွန်ပါတယ်။ လူတိန်းဓာတ်ဟာဆိုရင် anti-oxidant တစ်မျိုး ဖြစ်ပြီး မျက်စိကို ခရမ်းလွန်ရောင်ခြည်သင့်ခြင်းမှ ကာကွယ်ပေးနိုင်ပါတယ်။
ဇီဇန်သင်းကတော့ လူသားမျက်စိ မျက်ကြည်လွှာထဲမှာ တွေ့ရတဲ့ အဝါရောင်အစက်အပြောက်လေးမှာရှိတဲ့ ရောင်ခြယ်တစ်မျိုး ဖြစ်ပြီး မျက်စိကို စမတ်ဖုန်းတွေ၊ လျှပ်စစ်ပစ္စည်းတွေကထွက်တဲ့ အပြာရောင်အလင်း (blue light) ကနေ ကာကွယ်ပေးပါတယ်နော်။ အဆိုပါ ကျန်းမာရေးအကျိုးကျေးဇူးတွေအပြင် ကီဝီသီးရဲ့ ထူးခြားတဲ့အရသာကလည်း မဖြစ်မနေစားသုံးပေးသင့်တဲ့ အကြောင်းရင်းတစ်ခုပါပဲ။
Source: Stylecraze",4.0,3.0,2.0,5.0,4.0,"The text provides clear, educational information about nutrition for eye health. It uses logical explanations linking specific nutrients to health benefits. The language is natural, accessible, and culturally appropriate for a Burmese audience, with no significant formatting issues or irrelevant noise."
<urn:uuid:3b39c48c-3b90-49d3-90de-dd5dd712f9ff>,"TNLA ကို အစိုးရတပ်များ ထိုးစစ်ဆင်၊ အစိုးရတပ်ဘက်က အကျအဆုံးများ
This article has been converted from Zawgyi One to Unicode
ရှမ်းပြည်နယ်မြောက်ပိုင်း ကွတ်ခိုင်မြို့နယ် နမ့်ဖက်ကာ အုပ်စုတွင် ပလောင် (တအာင်း) အမျိုးသား လွတ်မြောက်ရေး တပ်မတော် (TNLA) တပ်ရင်း ၁၂၂ ကို မြန်မာအစိုးရ တပ်နှင့် ပန်းဆေး ပြည်သူ့စစ်တို့ ပူးပေါင်း စစ်ကြောင်းက စက်တင်ဘာလ ၁၁ ရက်နေ့ မွန်းလွဲပိုင်းတွင် ထိုးစစ်ဆင်ခဲ့ရာ အစိုးရ တပ်မတော်ဘက်က အကျအဆုံး များခဲ့ကြောင်း သတင်းရရှိသည်။
တနာရီခွဲခန့် ကြာမြင့်ခဲ့သည့် တိုက်ပွဲကြောင့် မြန်မာ့တပ်မတော် ခလရ ၄၅ တပ်ရင်းနှင့် ပန်းဆေးပြည်သူ့စစ်မှ ဆယ့် ၁၂ ဦး ကျဆုံးပြီး ဒဏ်ရာရရှိသူ များပြားကြောင်း ပလောင် (တအာင်း) အမျိုးသား လွတ်မြောက်ရေး တပ်မတော်မှ ဒုတိယ ဗိုလ်မှူးကြီး တားဘုန်းကျော်က ဧရာဝတီကို ပြောသည်။
“တပ်ရင်း ၁၂၂ ကို အစိုးရတပ်နဲ့ ပြည်သူ့စစ် ပေါင်းပြီး လိုက်နေတာ ၂ ရက် ၃ ရက်ရှိပြီ။ ကျနော်တို့ တနေရာပြီး တနေရာ ရွှေ့ပြီး ဆုတ်လာတာ။ မနေ့ကတော့ အတင်း ထိုးစစ်ဆင်လာလို့ တိုက်ပွဲ ဖြစ်တယ်။ ဒီနေ့တော့ သူတို့ ဒဏ်ရာရထားသူတွေကို သယ်နေတယ်လို့ သတင်းရတယ်။ ဖြစ်တဲ့နေရာက ရွာနဲ့ ဝေးတော့ အရပ်သား ထိခိုက်မှု မရှိခဲ့ပါဘူး” ဟု ၎င်းက ဆိုသည်။
စက်တင်ဘာလ ၈ ရက်နေ့က TNLA တပ်ရင်း ၁၂၂ သည် မူးယစ်ဆေးဝါး ရောင်းဝယ်နေသည့် လော့ခူန် ပြည်သူ့စစ် အဖွဲ့ကို လက်နက်ဖြုတ်သိမ်းခဲ့ပြီးနောက် အစိုးရတပ်မတော်နှင့် ပန်းဆေးပြည်သူ့စစ်မှ လိုက်လံ ထိုးစစ်ဆင်ခဲ့ခြင်း ဖြစ်ကြောင်း သိရသည်။
“ပြည်သူ့စစ်ကို လက်နက် ဖြုတ်တယ်ဆိုတာက သူတို့က မူးယစ်ဆေးဝါး လုပ်နေတယ်၊ အဲဒါကိုလည်း တပ်မတော်က အကာအကွယ် ပေးနေပြန်တယ်။ ပြည်သူ့စစ်အဖွဲ့တွေက တပ်မတော်ရဲ့ အင်္ဂါရပ် တရပ်ဖြစ်တယ်လို့ တိုင်းမှူးက ပြောတယ်။ အဲဒါဆိုရင် သူတို့က မူးယစ်ဆေးဝါး ထုတ်လုပ်၊ ဖြန့်ချိနေတယ်ဆိုရင် တပ်မတော်က လုပ်တာနဲ့ တူတူပဲ” ဟု TNLA ဒုတိယ ဗိုလ်မှူးကြီး တားဖုန်းကျော်က ဆိုသည်။
တပ်မတော်၏ အုပ်ချုပ်မှု အောက်ရှိ ပြည်သူ့စစ်အဖွဲ့များကို ဝင်မတိုက်ရန် ဆိုသည့် အချက်သည် တိုင်းရင်းသား လက်နက်ကိုင် အဖွဲ့များနှင့် ဆွေးနွေးရာတွင် မြန်မာ့ တပ်မတော်က ထားရှိသည့် အချက် ၆ ချက်တွင် တချက် အပါအဝင်ဖြစ်သည်။
“ပလောင်မှာ ရှိတဲ့ ရွာတရွာက ပြည်သူ့စစ်အဖွဲ့ကို TNLA အဖွဲ့က လက်နက်တွေ သိမ်းပြီး ရွာသားသုံးဦးကို ဖမ်းသွားတယ်လို့ သတင်းတွေ တက်လာတယ်။ တပ်မတော်ဘက်ကလည်း သူတို့ သဘောထား ထုတ်ထားတာ ရှိတယ်။ အဲဒီထဲက တချက်ချက် ညိရင်လည်း ပဋိပက္ခက ရှိနိုင်ပါတယ်။ အခုလို အဖြစ်အပျက်မျိုးကျတော့ တဘက်နဲ့ တဘက် စွပ်စွဲမှုတွေက ရှိနိုင်ပါတယ်။ သက်ဆိုင်တဲ့ အဖွဲ့အစည်းဘက်ကလည်း တုံ့ပြန်မှုတွေ ရှိသွားနိုင်တယ်” ဟု မြန်မာ့ ငြိမ်းချမ်းရေးစင်တာမှ ငြိမ်းချမ်းရေး အကျိုးဆောင် ဦးလှမောင်ရွှေက ဧရာဝတီကို ပြောသည်။
တပ်မတော်၏ သဘောထား ၆ ချက်အနက် တချို့အချက်များကို သဘောတူနိုင်သော်လည်း တချို့ အချက်များသည် နိုင်ငံရေး မဆန်ဘဲ၊ တိုင်းရင်းသား အဖွဲ့အစည်းများကို တဘက်သတ်နှိမ့်ချ ဆက်ဆံသည့် သဘောထားများ ဖြစ်နေသည့်အတွက် ငြိမ်းချမ်းရေး လုပ်ငန်းစဉ်ကို အဟန့်အတား ဖြစ်နိုင်ကြောင်း ဒုဗိုလ်မှူးကြီး တားဘုန်းကျော်က ဆိုသည်။
TNLA နှင့် အစိုးရ ပြည်ထောင်စု ငြိမ်းချမ်းရေး ဖော်ဆောင်ရေး လုပ်ငန်းကော်မတီ အဖွဲ့တို့သည် ဇူလိုင် လကုန်ပိုင်းက မူဆယ်မြို့တွင် ပထမအကြိမ် တွေ့ဆုံဆွေးနွေးခဲ့ကြပြီး အပစ်အခတ်ရပ်စဲရေး၊ ဆက်ဆံရေးရုံးများ ဖွင့်လှစ်ရေး၊ လက်နက် မပါဘဲ နယ်မြေဖြတ်သန်းခွင့် စသည့် သဘောတူညီချက်များ ရရှိခဲ့သည်။ ဇူလိုင်တွေ့ဆုံပွဲ အပြီးတွင် တိုက်ပွဲ ၆ ကြိမ် ဖြစ်ပွားခဲ့ကြောင်း သိရသည်။",2.0,3.0,3.0,4.0,5.0,"The text is a journalistic report on a conflict in Myanmar. It provides factual reporting and quotes from stakeholders, offering moderate educational value regarding current events. It is written in natural, authentic Burmese, reflecting local political and military terminology accurately. It is clean, though it contains a brief conversion note at the top."
<urn:uuid:f9af718b-34b3-4cb1-a877-fa230d843801>,"သစ်ကား (ဓါတ်ပုံ- www.life.com)
သျှမ်းပြည်တောင်ပိုင်း မိုးနဲမြို့နယ် ကျိုင်းတောင်း မြို့နယ်ခွဲမှ အပစ်ရပ် သျှမ်းပြည်တပ်မတော် ၀မ့်ဟိုင်း ဌါနချုပ်ဘက် ဖြတ်သန်းရန် ဦးတည်မည်ဟုယူဆရသည့် သစ်ကား ၅၀ စီးခန့် နအဖစစ်တပ် ဖမ်းဆီးလိုက်ကြောင်း စုံစမ်းသိရှိရပါသည်။
“ကျိုင်းတောင်းကနေ တက်သွားတဲ့ သစ်ကားအားလုံးကို မိုင်းနောင်မရောက်ခင် နအဖစစ်တပ်က ဖမ်းလိုက်တာ။ အား လုံး ၄၅ စီးလို့ပြောတယ်” ဟု တာချီလိတ် ရောက် မိုင်းနောင် ဒေသခံတစ်ဦးက ပြောပါသည်။
ယခုလ ၄ ရက် ကျိုင်းတောင်းမှ ကျွန်းသစ်နှင့် သစ်မာများ တင်ဆောင်သော ၆ ဘီး၊ ၁၀ ဘီးနှင့် လေးလုံးထိုး သစ်ကား များအား မိုင်းနောင်မရောက်ခင် နအဖ စစ်တပ်က ဖမ်းဆီးလိုက်ခြင်း ဖြစ်သည်ဟုဆို၏။
“ကားမောင်းသမားနဲ့ စပယ်ရာကို မိုင်းနောင်မှာ ဖမ်းထားတယ်။ ကားပိုင်ရှင်တွေ သစ်ပိုင်ရှင်တွေ လိုက်သွားပြီး ရွေးထုတ်ဖို့ ပြောလဲ မရတဲ့အပြင် ပိုင်ရှင်တွေလဲ အဖမ်းခံရတယ်။ မိုင်းနောင် အချုပ်ခန်းမှာ အားလုံး အယောက် ၁၀၀ လောက် ရှိပြီ” ဟု ၎င်းကဆက်လက် ပြောပါ သည်။
ကျိုင်းတောင်းမှ သစ်ကားများသည် မိုင်းနောင်-၀မ့်ဟိုင်း(တပ်မဟာ ၁ ဌါနချုပ်)- မိုင်းအွတ်မှ သံလွင်မြစ်ကို ဖြတ်ကျော် ကာ UWSA ဌါနချုပ် ပန်ဆန်းသို့ သယ်ဆောင်လေ့ ရှိသည်ဟုဆို၏။
“ဒီလို သစ်ကားတွေ အများကြီး တစ်ချိန်တည်း သွားကြတယ်ဆိုတော့ သစ်ပိုင်ရှင်တွေ ကားပိုင်ရှင်တွေ လမ်းအခြေအနေ သေသေချာချာ စုံစမ်းပြီး သွားကြတဲ့ပုံဘဲ။ ကြိုညှိထားပြီးမှ သွားတာလဲ ဖြစ်နိုင်တယ်။ ဒါပေမဲ့ လမ်းခုလတ်မှာ နအဖတပ် က ဖမ်းတယ်ဆိုတော့ တပ်မဟာ ၁ ရဲ့စားပေါက်ကို ပိတ်လိုက်တဲ့ သဘောဘဲ။ ၀မ့်ဟိုင်းကိုဖြတ်ရင် တပ်မဟာ ၁ က အခွန်ရတယ်လေ” ဟု နိုင်ငံရေး လေ့လာ သုံးသပ်သူ တစ်ဦးက ပြောပါသည်။
နအဖစစ်အစိုးရသည် အပစ်ရပ်အဖွဲ့များ ၀င်ငွေရရှိစေသည့် KIO ဌါနချုပ် လိုင်ဇာသွားလမ်းကိုလည်းကောင်း၊ ကျိုင်းတုံ မှ မိုင်းလားအသွား တာပင့်နမ့်လွေတံတား နယ်ခြားဂိတ်ကိုလည်းကောင်း ပိတ်ပင်ခဲ့ဖူးသည်။
Copy from _ mongloi.org",2.0,3.0,3.0,4.0,5.0,"The text is a journalistic report on regional conflict and illegal logging in Shan State. It provides factual reporting with basic political analysis. It is written in natural, authentic Burmese, reflecting local geopolitical dynamics and specific regional terminology, though it contains some minor encoding artifacts typical of older web-scraped Burmese content."
<urn:uuid:6eefb311-c7a3-4c5e-9f44-b7c77e9adbd3>,"Email This Story :
ကယားပြည်နယ်၊ လွိုင်ကော်မြို့မှာ ပြည်နယ်အစိုးရက ဗိုလ်ချုပ်အောင်ဆန်းကြေးရုပ်ကို ထားရှိဖို့ ကြိုးပမ်းနေပြီး ပြည်သူတွေအကြား မတည်မငြိမ်ဖြစ်ဖို့ ဖန်တီးနေတဲ့အတွက် ကရင်နီအမျိုးသားတိုးတက်ရေးပါတီ (ကေအန်ပီပီ) အနေနဲ့ အစိုးရက ဦးဆောင်ကျင်းပမယ့် ၂၁ ရာစုပင်လုံ ညီလာခံ တက်ရောက်မယ့်အပေါ် ပြန်လည်သုံးသပ်ဖို့ ကရင်နီလူငယ်အဖွဲ့ ၅ ဖွဲ့က တိုက်တွန်းလိုက်ပါတယ်။
ပြည်နယ်အစိုးရက ဗိုလ်ချုပ်ကြေးရုပ်ကို ထားရှိဖို့ ကြိုးပမ်းတဲ့အတွက် ကရင်နီပြည်ရဲ့ သမိုင်းကို မှေးမှိန်ခြေဖျက်ခြင်း၊ တိုင်းရင်းသား တန်းတူခွင့်ကို မျက်ကွယ်ခြင်း၊ လူမျိုးကြီး ဝါဒလွှမ်းမိုးမှုကို အားပြုခြင်းလို့ ဆိုနိုင်တယ်လို့ ကရင်နီလူငယ်အဖွဲ့တွေရဲ့ သဘောထား ထုတ်ပြန်ချက်ထဲမှာ ဖော်ပြထားပါတယ်။
ဒါ့အပြင် ဇူလိုင်လ ၃ ရက်နေ့က ဗိုလ်ချုပ်ကြေးရုပ်ကို ကန့်ကွက်တဲ့ လူငယ်တွေကို အာဏာပိုင်တွေက တားဆီးတာတွေ၊ အကြမ်းဖက် နှိမ်နှင်းတာတွေနဲ့ ကရင်နီသမိုင်းကြောင်း စာရွက်ဖြန့်ဝေတဲ့ လူငယ် ၁၁ ဦးကို နိုင်ငံတော် အကြည်ညိုပျက်စေမှု ပုဒ်မ ၅၀၅ (ခ) (ဂ) နဲ့ တရားစွဲဆိုထားတာတွေဟာ တိုင်းရင်းသားအခွင့်အရေး တောင်းဆို လှုပ်ရှားတာကို ဖိနှိပ် ရိုက်ချိုးတဲ့ သဘောဖြစ်တယ်လို့လည်း ဆိုထားပါတယ်။
ဗိုလ်ချုပ်ကြေးရုပ် ထားရှိမယ့်ကိစ္စအပေါ် ပြည်နယ်ခြေစိုက် တိုင်းရင်းသား လက်နက်ကိုင် အဖွဲ့အစည်းတွေ၊ စာပေနဲ့ ယဉ်ကျေးမှုအဖွဲ့တွေ၊ ပါတီတွေနဲ့ ကရင်နီ လူငယ်ထုတွေက ကန့်ကွက်ကြောင်းနဲ ရွှေ့ဆိုင်းဖို့ ဇူလိုင်လ ၇ ရက်က ပြည်နယ်အစိုးရကို တွေဆုံ တောင်းဆိုထားပါတယ်။
ဒါပေမယ့် ပြည်နယ်အစိုးရကတော့ အုပ်ချုပ်ရေးမှူးတွေကို ကြေးရုပ်ထားရှိမယ့်အပေါ်မှာ ထောက်ခံတဲ့ လူစာရင်း ကောက်ယူဖို့ ညွှန်ကြားထားတာကြောင့် ကြေးရုပ်ကို မဖြစ်မနေ လုပ်ဆောင်မယ့် အနေအထားကို မြင်တွေ့နေရတယ်လို့ ဆိုထားပါတယ်။
ဒီသဘောထား ထုတ်ပြန်ချက်ကို ကရင်နီပြည်လူငယ်များသမဂ္ဂဝင်တွေ ဖြစ်တဲ့ ကယန်း မျိုးဆက်သစ်လူငယ်၊ ကရင်နီအမျိုးသားအစည်းအရုံး၊ ကယားပြည်နယ် ကျောင်းသားများသမဂ္ဂ၊ ကယန်းအမျိုးသမီးအစည်းအရုံးနဲ့ ကယားလီဖုလူငယ်တို့က ပူးပေါင်း ထုတ်ပြန်တိုက်တွန်းခဲ့တာ ဖြစ်ပါတယ်။
ဇူလိုင် ၁၁ ရက်နေ့၊ နေပြည်တော်မှာ စတင်ကျင်းပမယ့် ပြည်ထောင်စုငြိမ်းချမ်းရေးညီလာခံ ၂၁ ရာစုပင်လုံ တတိယအကြိမ်အစည်းအဝေးကို ကေအန်ပီပီ အပါအဝင် တိုင်းရင်းသား လက်နက်ကိုင်အဖွဲ့တွေ အများအပြား ပါဝင်တက်ရောက်ကြဖို့ ရှိနေတာဖြစ်ပါတယ်။
သတင်း၊ ဓာတ်ပုံ- ခွန်းတူးတူးလေး",2.0,3.0,3.0,4.0,5.0,"The text is a news report on political tensions in Kayah State. It provides factual reporting on local ethnic issues and government actions. It is written in natural, authentic Burmese, reflecting local political context and terminology. It lacks educational exercises or deep academic analysis, but is coherent and professionally written for a news audience."
<urn:uuid:1e85aa44-bcd7-4241-afab-2445ed7b2d5b>,"ပင်စိမ်းမွှေး
|ပင်စိမ်းမွှေး|
|သိပ္ပံနည်းကျ အမျိုးအစားခွဲခြင်း|
|လောက:||Plantae|
|(unranked):||Angiosperms|
|(unranked):||Eudicots|
|(unranked):||Asterids|
|မျိုးစဉ်:||Lamiales|
|မျိုးရင်း:||Lamiaceae|
|မျိုးစု:||Ocimum|
|မျိုးစိတ်:||O. basilicum|
|ဒွိနာမ|
|Ocimum basilicum


L.
Basil (ပင်စိမ်းမွှေး)[ပြင်ဆင်ရန်]
- Botany Term : Ocimum canum Sims
- Species/Family : Labiatae
ပုံသဏ္ဌာန် : အပင် - အပင်ငယ် မျိုးဖြစ်သည်။ အမြင့် ၂ ပေ မှ ၃ ပေ အထိ ရှိ၏ ။ ပင်စည် ဖြောင့်မတ်ပြီး လေးထောင့် ပုံရှိသည်။ အခက်အလက် များ နူးညံ့၍ အမွေးများ ရှိပြီး အနံ့မွှေး သည်။ ပင်စည် နှင့် အကိုင်းအခက် အစိမ်းရောင် ဖြစ်သော် လည်း တစ်ခါ တစ်ရံ သပြေ ရောင်သမ်းသည်။ မြန်မာ နိုင်ငံ၌ ပင်စိမ်းဖြူ သို့မဟုတ် ဟင်းစား ပင်စိမ်း ၊ ပင်စိမ်းနက် ၊ ပင်စိမ်းညို ၊ ပင်စိမ်းကြီး ဗလရှင် စသည်ဖြင့် ပင်စိမ်း အမျိုးမျိုး ပေါက်ရောက်ပြီး ယင်းတို့၏ အာနိသင် မှာ အနည်းငယ် စီသာ ကွာခြား၏ ။ အရွက် - ရွက်ဆိုင် အလှည့်ကျ ထွက် ၏ ။ ရွက်ထိပ်ချွန် ပြီး ရွက်ရင်း သွယ်သည်။ အလျား ၁-၃ လက်မထိ ရှည်သည်။ ရွက်နား လွှသွား ပုံရှိသည်။ ရွက်ညှာ ၁ လက်မထိ ရှည်၏ ။ အပွင့် - သေးငယ်ပြီး အဖြူရောင် ရှိသည်။ အလွန် မွှေးသည်။ အခိုင်လိုက် ပွင့်သည်။ ပွင့်ချပ်ပေါ် တွင် အမွေးလေး များရှိသည်။ တပေါင်း ၊ တန်ခူးတွင် ပွင့်သည်။ အစေ့ - လုံးဝိုင်း ပြီး တစ်ဖက်တွင် အနည်းငယ် မောက်၍ တစ်ဖက် တွင် ပြား၏ ။ အရောင် မည်း၏ ။ အနံ့ မရှိ ၊ အရသာ ပူစပ်၏ ။ အသုံးပြုနိုင်သည့် အစိတ်အပိုင်းများ : အရွက် ၊ အစေ့။ မြန်မာနိုင်ငံတွင် တွေ့နိုင်သောနေရာများ : မြန်မာ နိုင်ငံ အနှံ့အပြား ပေါက်ရောက်သည်။ အထူး သဖြင့် အပူပိုင်း ဒေသတွင် ပိုမို ပေါက်ရောက်သည်။ သဘာ၀ အလျောက် ပေါက်ရောက်သော် လည်း ဟင်းစား နှင့် ဆေးအတွက် စိုက်ပျိုး ကြသည်။ အမြင့်ပေ ၃၀၀၀ အထိ စိုက်ပျိုး နိုုင်သည်။ စိုက်ပျိုးပုံ- (က)မြေပြုပြင်ခြင်း - ဟင်းသီး ဟင်းရွက် ခင်းများ ပြုပြင် သကဲ့သို့ပင် ဖြစ်သည်။ (ခ) မျိုးစေ့ချခြင်း -တစ်တန်းနှင့် တစ်တန်း ၂ ပေမှ ၃ ပေ အထိ ခွာ၍ အလျား ၁ ပေလျှင် မျိုးစေ့ ပေါင်း ၁၂ မှ ၁၅ စေ့ အထိ ချရသည်။ မျိုးစေ့များ စိပ်မနေ စေရန် ဂရုပြု ရမည်။ (ဂ) ပြုစုဂရုစို်က်ခြင်း - ပေါင်းနှိမ်ခြင်း ၊ မြေဆွခြင်းကို လိုအပ်သလို ပြုလုပ်ရမည်။ မြေဩဇာ အထူးမလို သော်လည်း ထည့်နိုင်မည် ဆိုက ပိုမို ကောင်းမွန်သည်။ (ဃ) စုဆောင်းရယူခြင်း -စတင် ပွင့်ချိန် လောက်၌ ရိတ်သိမ်း ဖြတ်ယူပြီး အငုတ် မှ ထွက်လာသော အတက် များ သည် နောက်တစ်ကြိမ် ပွင့်လာပါက ထပ်မံ ဖြတ်ယူနိုင်သည်။ တစ်ရာသီ လျှင် ၂ ကြိမ် မှ ၃ ကြိမ် အထိ ရယူနိုင်သည်။ အညွန့် နှင့် အရွက် များကို အရိပ်ထဲ၌ အခြောက် လှန်းရသည်။ အသုံးဝင်ပုံ : အာနိသင် -မြန်မာ ဆေးကျမ်း များ အလိုအရ ပင်စိမ်းသည် ပူ စပ် အရသာ ရှိ၏ ။ အနည်းငယ် ခါး၏ ။ လေနှင့် သလိပ် ကို နိုင်၏ ။ ရင်ကျပ် ချွဲကျပ် ၊ အစာမကြေသော အနာမျိုးကို နိုင်၏ ။ သည်းခြေကို ပျက်စေတတ်၏။ အသုံးပြုပုံ- အရွက် ၁ ။ ပင်စိမ်း ရွက်ကို ကြိတ်ညှစ်၍ ရသော အရည်သည် ချောင်းဆိုး ရောဂါ ၊ အရေပြား ရောဂါ ၊ မစားချင် မသောက်ချင် ဖြစ်ခြင်း နှင့် အစာအိမ် ရောဂါ ကြောင့် ဗိုက်နာသော ဝေဒနာ တို့အား ပျောက်ကင်းစေသည်။ [၁]",4.0,2.0,2.0,3.0,5.0,"The document provides structured, accurate botanical and medicinal information about basil in a Burmese context. It is highly educational and culturally authentic, using local terminology and traditional medicinal knowledge. While it contains some formatting artifacts from a wiki-style source, the content is clear, coherent, and well-organized for educational purposes."
<urn:uuid:e1d7ad1a-4e83-4ce4-81b6-ea50aa0c223f>,"ကယားပြည်နယ်၏ မူလနာမည် ဖြစ်သော ကရင်နီပြည်နယ် အဖြစ် ပြန်လည် သုံးစွဲ ခေါ်ဝေါ်ရန် ဒေသခံများက တောင်းဆိုလျက်ရှိပြီး ယင်းသို့ ခေါ်ဝေါ်ရေး သဘောတူ ထောက်ခံ လက်မှတ်များ စုဆောင်းနေကြောင်း သိရသည်။
ယင်းလှုပ်ရှားမှုကို ကယားပြည်နယ် ၈၈ မျိုးဆက် လူမှု အကျိုးပြု ကွန်ယက်က ဦးဆောင် ဆောင်ရွက်နေခြင်းဖြစ်ပြီး တိုင်းရင်းသား လူမျိုးများရေးရာ ကော်မတီထံသို့ နာမည်ပြောင်းလဲပေးရန် ၂၀၁၂ ခုနှစ် ဒီဇင်ဘာလ အတွင်း စာဖြင့် နှစ်ကြိမ် တင်ပြထားသည်။
“နာမည် ပြောင်းချင်တာက ပြည်နယ် ခွဲထွက်ခွင့်ရဲ့ ပထမအဆင့် မဟုတ်ပါဘူး။ လူမျိုးစု အားလုံးကို ကိုယ်စားပြုတဲ့ မူလနာမည် ပြန်ရချင်ရုံ သက်သက်ပါ။ တန်းတူညီမျှ အခွင့်အရေး ကိုတော့ လိုချင်တာပေါ့” ဟု ယင်းအဖွဲ့မှ ဒေါက်တာ ဒေါ်ခင်စည်သူက ပြောသည်။
လွိုင်ကော်မြို့ ဥတ္တရာရုံ ဘုန်းကြီး ကျောင်း၌ ပြီးခဲ့သည့်နှစ် ဒီဇင်ဘာ ၂၉ ရက်နေ့က ကျင်းပခဲ့သည့် နိုင်ငံရေး မြန်မာပြည် အကျဉ်းသား ဟောင်းများနှင့် မြန်မာနိုင်ငံလုံးဆိုင်ရာ ကျောင်းသားများ ဒီမိုကရက်တစ် တပ်ဦး (ABSDF) အဖွဲ့များ တွေ့ဆုံခဲ့ပြီးနောက် ယခုကဲ့သို့ လက်မှတ်များ စုဆောင်းခဲ့ခြင်း ဖြစ်ကြောင်း၊ ယင်း တနေ့တည်း၌ပင် လတ်မှတ်ထိုးသူ ၈၀ ကျော် ရရှိခဲ့ကြောင်းနှင့် ယခုလ အတွင်း ကျေးရွာများသို့ ဆင်း၍ လတ်မှတ်များ ကောက်ခံမည် ဖြစ်ကြောင်း သိရသည်။
၂၀၀၈ ခုနှစ် ဖွဲ့စည်းပုံ အခြေခံဥပဒေ အပိုဒ် ၉ (ဂ) အရ ပြည်နယ် အမည်ပြောင်းလဲလိုပါက အများပြည်သူ၏ သဘောထား ခံယူ၍ လွတ်တော်တွင် မဲခွဲ ဆုံးဖြတ်နိုင်သည်ဟု ပါရှိသည်။
ရှေးမြန်မာဘုရင်များ လက်ထက်မှ စ၍ လွတ်လပ်ရေး ရခဲ့သည့် ၁၉၄၈ ခုနှစ် အထိ ကရင်နီပြည်နယ် အဖြစ် ရှိခဲ့သော်လည်း ၁၉၅၁ ခုနှစ်တွင် ကယားပြည်နယ် အဖြစ်သတ်မှတ်ရန် အဆိုတင်သွင်းခဲ့ရာ ၁၉၅၂ ခုနှစ် ဇန်န၀ါရီ ၁၅ ရက်နေ့တွင် အတည်ပြုခဲ့ခြင်းကြောင့် ဇန်န၀ါရီလ ၁၅ ရက်နေ့သည် ကယားပြည်နယ်နေ့ အဖြစ် ရှိနေဆဲ ဖြစ်သည်။
“ပြည်နယ် နာမည်ပြောင်းခဲ့တာ ဆိုးကျိုးတွေပဲ ဖြစ်ခဲ့တယ်။ အစိုးရက ကယားပြည်နယ် ဆိုတော့ ကယားတွေပဲ အဓိကလို့ သတ်မှတ်ပြီး ခွဲခြား ဆက်ဆံတော့ လူမျိုးစုချင်း ပြဿနာတွေ ဖြစ်ခဲ့ရတယ်” ဟု တိုင်းရင်းသား လက်နက်ကိုင် အဖွဲ့အစည်း တခုဖြစ်သော ကယန်းပြည်သစ် ပါတီ တွဲဘက် အတွင်းရေးမှူး ၁ ဦးစောလွင်က ဆိုသည်။
၁၉၅၁ ခုနှစ်က ပြည်နယ် အမည်ပြောင်းရန် အစိုးရအဖွဲ့က နာမည်ပြောင်းလဲရေး စုံစမ်း စစ်ဆေးရေး ကော်မရှင်တခု ဖွဲ့စည်းခဲ့ သော်လည်း ဒေသခံများ၏ သဘောထားကို ထည့်သွင်း ကောက်ခံခဲ့ခြင်း မရှိဟု ၎င်းက ဆက်ပြောသည်။
ကယားပြည်နယ် ၈၈ မျိုးဆက် လူမှုအကျိုးပြု ကွန်ယက်အဖွဲ့ဝင်၊ နိုင်ငံရေး အကျဉ်းသားဟောင်း တဦးဖြစ်သူ ဦးဖိုးခွားက တချို့သော ကယားတိုင်းရင်းသားများမှာ နာမည်ပြောင်းလိုက်ပါက ၎င်းတို့အား ဘေးဖယ်ခံထားရမည် ဆိုသောအမြင်ဖြင့် ကျေနပ်မှု မရှိကြသေးကြောင်း၊ သို့ရာတွင် တခြား လူမျိုးစု ခေါင်းဆောင်များ၊ လက်နက်ကိုင် အဖွဲ့အစည်းများနှင့် သဘော တူညီချက်များ ရထားပြီ ဖြစ်ကြောင်း ပြောသည်။
“ကရင်နီပြည်နယ် ဆိုတာကမှ လူမျိုးစု အားလုံးကို ကိုယ်စားပြု ပေးနိုင်တာပါ။ ဒီနာမည်ရဲ့ အောက်မှာ ငြိမ်းချမ်းမှုတွေ ရှိခဲ့တယ်” ဟု ဦးဖိုးခွားက ဆိုသည်။
ကယားပြည်နယ်ဟု သတ်မှတ်ထား သော်လည်း ကယားလူမျိုးမှာ အနည်းစု ဖြစ်ကာ ကယန်းလူမျိုး အများစုနှင့် ကယန်း (ယင်းဘော်၊ ဂေခို၊ ကခေါင်း၊ ဇယိမ်း)၊ ကယော၊ ပကူး (ကရင်)၊ ယင်းတလဲ၊ ဂေဘား၊ မနူမနော၊ ရှမ်း၊ ပအိုဝ်း၊ အင်းသား၊ ဗမာ အစရှိသော တိုင်းရင်းသား ပေါင်းစုံ စုပေါင်းနေ ထိုင်လျက်ရှိသည့် ပြည်နယ်ဖြစ်ပြီး အစိုးရ၏ သန်းခေါင် စာရင်းအရ ကယားပြည်နယ်၏ လူဦးရေ မှာ ၃ သိန်းခွဲခန့် ရှိသည်။",3.0,3.0,2.0,5.0,5.0,"The text provides a clear, factual account of a political movement to rename Kayah State to Karenni State. It includes historical context, legal references (2008 Constitution), and diverse perspectives from local stakeholders. It is well-written, coherent, and culturally authentic, serving as a useful informational piece on regional ethnic politics in Myanmar."
<urn:uuid:139be3d7-1f5a-49ee-b5c1-6a56be2186bb>,"“သန်ဓသေား တားဆေး သောကျတဲ့ အမြိုးသမီးတှေ ဒါလေး ဖတျကွညျ့ပါ”
သန်ဓသေားတားဆေး သောကျတဲ့သူတှဟော ရငျသားကငျဆာ ဖွဈနိုငျခွေ ၂၀% ပိုမြားတယျ။
ဒီအခွအေနဟော သန်ဓသေားဆေးဖွတျပွီးနောကျ ၅ နှဈတိုငျ အထိ အန်တရာယျ ရှိပါတယျ။
သန်ဓသေားတားဆေးကွောငျ့ ရငျသားကငျဆာ ဖွဈနိုငျတယျဆိုတာ နှဈပေါငျးမြားစှာကတညျး သိခဲ့သျောလညျး Combined pill ကသာ ဖွဈနိုငျတယျလို့ ယူဆခဲ့ကွတယျ။
နောကျပိုငျး သုတသေန ပွုမှုတှေ အရ ဘာသန်ဓသေားတားဆေးဖွဈဖွဈ (Combined pill or Progestogen- only pill) သို့မဟုတျ သောကျဆေးမဟုတျတဲ့ IUS Hormone-intrauterine system တို့ဟာလညျး အန်တရာယျဖွဈစမှေု ဆတူ ရှိတယျဆိုတာ တှရေ့တယျ။
သန်ဓသေားတားဆေး ၅ နှဈ ဆကျ သောကျတဲ့သူတှကေို လလေ့ာကွညျ့တဲ့အခါ သူတို့ဟာ အခွားသူမြားထကျ ရငျသားကငျဆာ ပိုဖွဈကွတာ တှရေ့တယျ။
ရငျသားကငျဆာသညျ ၃ ပုံ ၂ ပုံဟာ Hormone receptor-positive တနညျးအားဖွငျ့ ဟျောမုနျးက ကငျဆာဆဲလျတှေ ကွီးထှားဖို့ အားပေးကူညီနတောတှရေ့တယျ။
University of Aberdeen မှပရျောဖကျဆာ Phil Hanbaford ရဲ့လလေ့ာခကျြအရ သန်ဓသေားတားဆေး မြားသောကျခွငျးရဲ့ အကြိုးတှကေ မလိုအပျသေးတဲ့ သန်ဓသေား မရစခွေငျးအပွငျ အမြိုးသမီးမြား အသကျအရှယျ ရလာတဲ့အခါ သားအိမျကငျဆာ အူမကွီးကငျဆာတို့ မဖွဈအောငျ ကာကှယျပေးရာ ရောကျတယျ။
သို့သျော ရငျသားကငျဆာနဲ့ သားအိမျခေါငျး ကငျဆာ ဖွဈနိုငျခွမြေားတာနဲ့ ယှဉျရငျ အကြိုးသကျရောကျမှု နညျးပါးတာ တှရေ့တယျ။Credit : Htin Aung
Zawgyi
“သန္ဓေသား တားဆေး သောက်တဲ့ အမျိုးသမီးတွေ ဒါလေး ဖတ်ကြည့်ပါ”
သန္ဓေသားတားဆေး သောက်တဲ့သူတွေဟာ ရင်သားကင်ဆာ ဖြစ်နိုင်ခြေ ၂၀% ပိုများတယ်။
ဒီအခြေအနေဟာ သန္ဓေသားဆေးဖြတ်ပြီးနောက် ၅ နှစ်တိုင် အထိ အန္တရာယ် ရှိပါတယ်။
သန္ဓေသားတားဆေးကြောင့် ရင်သားကင်ဆာ ဖြစ်နိုင်တယ်ဆိုတာ နှစ်ပေါင်းများစွာကတည်း သိခဲ့သော်လည်း Combined pill ကသာ ဖြစ်နိုင်တယ်လို့ ယူဆခဲ့ကြတယ်။
နောက်ပိုင်း သုတေသန ပြုမှုတွေ အရ ဘာသန္ဓေသားတားဆေးဖြစ်ဖြစ် (Combined pill or Progestogen- only pill) သို့မဟုတ် သောက်ဆေးမဟုတ်တဲ့ IUS Hormone-intrauterine system တို့ဟာလည်း အန္တရာယ်ဖြစ်စေမှု ဆတူ ရှိတယ်ဆိုတာ တွေ့ရတယ်။
သန္ဓေသားတားဆေး ၅ နှစ် ဆက် သောက်တဲ့သူတွေကို လေ့လာကြည့်တဲ့အခါ သူတို့ဟာ အခြားသူများထက် ရင်သားကင်ဆာ ပိုဖြစ်ကြတာ တွေ့ရတယ်။
ရင်သားကင်ဆာသည် ၃ ပုံ ၂ ပုံဟာ Hormone receptor-positive တနည်းအားဖြင့် ဟော်မုန်းက ကင်ဆာဆဲလ်တွေ ကြီးထွားဖို့ အားပေးကူညီနေတာတွေ့ရတယ်။
University of Aberdeen မှပရော်ဖက်ဆာ Phil Hanbaford ရဲ့လေ့လာချက်အရ သန္ဓေသားတားဆေး များသောက်ခြင်းရဲ့ အကျိုးတွေက မလိုအပ်သေးတဲ့ သန္ဓေသား မရစေခြင်းအပြင် အမျိုးသမီးများ အသက်အရွယ် ရလာတဲ့အခါ သားအိမ်ကင်ဆာ အူမကြီးကင်ဆာတို့ မဖြစ်အောင် ကာကွယ်ပေးရာ ရောက်တယ်။
သို့သော် ရင်သားကင်ဆာနဲ့ သားအိမ်ခေါင်း ကင်ဆာ ဖြစ်နိုင်ခြေများတာနဲ့ ယှဉ်ရင် အကျိုးသက်ရောက်မှု နည်းပါးတာ တွေ့ရတယ်။Credit : Htin Aung",3.0,3.0,3.0,2.0,4.0,"The text provides informative health-related content based on research. It explains causal links between contraceptives and cancer risks. It is accessible to the general public but lacks academic depth. The cleanliness score is reduced due to the redundant inclusion of the same text in both Unicode and Zawgyi encoding, which is a form of boilerplate/formatting noise."
<urn:uuid:6b519fb6-ac09-4d07-86e9-2e56a690d324>,"တိုက်ရိုက်ဒီမိုကရေစီသည် အဆိုပြုထားသော အခြေခံဥပဒေ ပြင်ဆင်ချက်၊ ဥပဒေ၊ သဘောတူစာချုပ် သို့မဟုတ် မူဝါဒဆုံးဖြတ်ချက် စသည်တို့အပေါ် လူထုအား တိုက်ရိုက်မဲပေးခွင့် ရစေနိုင်မည့် စည်းမျဉ်းစည်းကမ်းများ၊ အင်စ တီကျူးရှင်းများနှင့် လုပ်ငန်းစဉ်များကို ဖေါ်ပြသည်။ ဤပဏာမသင်ပုန်းကြီးတွင် ဖေါ်ပြထားသော တိုက်ရိုက်ဒီမို ကရေစီ၏ အရေးကြီးဆုံးပုံစံများမှာ လူထုဆန္ဒခံယူပွဲများနှင့် နိုင်ငံသားများက လက်မှတ်ရေးထိုး တောင်းဆိုခြင်း များဖြစ်သည်။
တိုက်ရိုက်ဒီမိုကရေစီသည် ကိုယ်စားပြု ပါတီနိုင်ငံရေးပုံစံတွင် ပါဝင်ခြင်းမရှိသော သို့မဟုတ် အကျုံးဝင်နေသော အရေးကြီးကိစ္စရပ်များအပေါ် လူထုအား မဲပေးခွင့် ရရှိစေနိုင်သည်။ လူကြိုက်များသော လူများစု ဆုံးဖြတ်ချက် များသည် ကိုယ်စားပြုမှု ဖြစ်စဉ်များကို ကျော်လွန်ကာ ပုံပျက်သွားနိုင်ခြင်းနှင့် အလွှာတစ်ခုအတွက်သာ ရပ်တည်မှုဖြစ်ပေါ်လာနိုင်သည့် အလားအလာများပေါ်ပေါက်လာနိုင်ချေရှိသည်။
International IDEA ၏ အခြေခံဥပဒေတည်ဆောက်ရေး ပဏာမသင်ပုန်းကြီးသည် နိုင်ငံသားများ၊ နိုင်ငံရေး ပါတီများ၊ အရပ်ဖက်လူမှုအဖွဲ့အစည်းများ၊ အစိုးရတာဝန်ရှိသူများ၊ လွှတ်တော်ကိုယ်စားလှယ်များအား မှန်ကန် သော အခြေခံဥပဒေဆိုင်ရာ ရွေးချယ်မှုများ ပြုလုပ်နိုင်စေရန် အကူအညီပေးခြင်းအားဖြင့် နိုင်ငံတွင်း အခြေခံ ဥပဒေ တည်ဆောက်ခြင်း သို့မဟုတ် ပြင်ဆင်ခြင်း လုပ်ငန်းစဉ်များကို အထောက်အကူဖြစ်စေရန် ရည်ရွယ်ရေး သားထားသည်။
ထို့အပြင် အစိုးရများအကြားဖွဲ့စည်းထားသော အဖွဲ့အစည်းများမှ ဝန်ထမ်းများနှင့် အခြားပြင်ပမှ ပါဝင်နေသူများကို ဒေသန္တရ အဆင့် ဆုံးဖြတ်ချက်ချမှတ်သူများအား အချက်အလက်များကောင်းစွာ ပေးခြင်းနှင့် အခြေအနေကိုက်ညီမှုရှိ သော ကူညီပံ့ပိုးမှုများပေးနိုင်ရန် လမ်းညွှန်မှုလည်းပေးပါသည်။
Contents
ခြုံငုံလေ့လာခြင်း
အကြောင်းအရာမှာ အဘယ်နည်း။
တိုက်ရိုက်ဒီမိုကရေစီ ပုံစံများ
တိုက်ရိုက်ဒီမိုကရေစီ - အားသာချက်နှင့် အားနည်းချက်များ
အင်စတီကျူးရှင်းဆိုင်ရာ ရွေးချယ်မှုများနှင့် ဒီဇိုင်းပုံစံ စဉ်းစားမှုများ
တိုက်ရိုက်ဒီမိုကရေစီ၏ ရွေးချယ်စရာများ
ဥပမာများ
ဆုံးဖြတ်ချက်ချမှတ်ခြင်း မေးခွန်းများ
ရည်ညွှန်းစာအုပ်များ၊ ရင်းမြစ်များနှင့် ဆက်လက်ဖတ်ရှုစရာများ",4.0,3.0,3.0,4.0,3.0,"The text provides a clear, structured introduction to direct democracy, suitable for educational purposes. It explains concepts, pros, and cons, and includes a table of contents. The language is formal and natural, though it is a translation of International IDEA material, which limits its unique cultural depth."
<urn:uuid:c9857256-228e-41aa-a136-9d1497becd34>,"ဒီတပတ် English Learning: America Idioms and Expressions ကဏ္ဍမှာ တင်ပြပေးထားတဲ့ အီဒီယံ အသုံးအနှုန်းများမှာ buy time, kill time နဲ့ borrowed time တို့ ဖြစ်ကြပါတယ်။
အချိန် time ကို အခြေခံတဲံ ဝေါဟာရ ဒီသတင်းတပတ် ပထမဦးဆုံးတင်ပြပေးမယ့် အီဒီယံစကားလုံးမှာ buy time ဖြစ်ပါသည်။ buy = ဝယ်ယူသည်, time = အချိန် တို့ ဖြစ်ကြပြီး တိုက်ရိုက်အဓိပ္ပါယ်မှာ အချိန်ကိုဝယ်သည် ဖြစ်ပါသည်။ သွယ်ဝိုက်အဓိပ္ပါယ်မှာ တခုခုမဖြစ်လာအောင် ဟန့်တားနိုင်ဖို့ အချိန်ပိုရလေအောင် ဂတိစကားတွေနဲ့ပဲဖြစ်ဖြစ်၊ ချော့တလှဲ့၊ ခြောက်တလှဲ့ ဖြစ်ဖြစ်၊ ငွေပေးပြီးဖြစ်ဖြစ်၊ တံစိုးလက်ဆောင်ပေးပြီးဖြစ်ဖြစ် အချိန်ကိုဆိုင်းထားနိုင်အောင် လုပ်ဆောင်ခြင်းဖြစ်ပါသည်။ ဥပမာ ငွေကကုန်သွားလို့ လုပ်ငန်းက ရပ်ရတော့မယ်။ လုပ်ငန်းမရပ်ရအောင်၊ အချိန်ပိုရအောင်၊ အသက်ဆက်ရှင်နိုင်အောင် တဖက်က ငွေချေးပြီး စိုက်သုံးထားတာမျိုးဆိုရင် buy time လို့ အီဒီယံအသုံးအရ တင်စားပြောဆိုနိုင်ပါသည်။
ဒီ အသုံးနဲ့ ပတ်သက်ပြီး George Crows ပေးတဲ့ ဥပမာကို လေ့လာကြည့်ရအောင်ပါ။
The factory owner tried to buy time before the workers began the strike by making promises to raise their salaries.
စက်ရုံပိုင်ရှင်က အလုပ်သမားတွေ သပိတ်မမှောက်ခင် အချိန်လေး သူ့ဘက်က ပိုရအောင် လစားတွေ ပိုပေးပါမယ်လို့ ဂတိတွေ ပေးခဲ့တယ်။
ဒုတိယတင်ပြပေးမယ့် အီဒီယံအသုံးအနှုန်းက kill time ဖြစ်ပါသည်။ Kill = သတ်သည်, Time = အချိန် တို့ ဖြစ်ကြပါသည်။ စကားစုတခုလုံးရဲ့  တိုက်ရိုက်အဓိပ္ပါယ်မှာ အချိန်ကိုသတ်သည် ဖြစ်ပါသည်။ အီဒီယံသွယ်ဝိုက်အဓိပ္ပါယ်ကတော့ အချိန်က ကုန်ဖို့ခဲယဉ်းတာ၊ အချိန်မကုန်ကုန် ဖြုန်းရတာ၊ အချိန်ကုန်အောင် စောင့်ရမှာမို့ တခုခုလုပ်ပြီး လုပ်ရမှာမျိုးကို kill time လို့ ပြောနိုင်ပါသည်။
ဒီ အသုံးနဲ့ ပတ်သက်ပြီး George Crows ပေးတဲ့ ဥပမာကို လေ့လာကြည့်ရအောင်ပါ။
I was early for my flight at the airport. So, I had to kill time by buying a cup of coffee and reading a magazine.
ကျနော် လေဆိပ်ကိုရောက်တော့ လေယာဉ်ထွက်ဖို့ စောနေသေးတယ်။ အဲဒီတော့ အချိန်ကုန်မကုန်အောင် ဖြုန်းရတော့မှာမို့ ကော်ဖီတခွက် ဝယ်သောက်ပြီး မဂ္ဂဇင်းတအုပ် ဝယ်ဖတ်နေရတယ်။
နောက်ဆုံးတင်ပြပေးမယ့် အီဒီယံအသုံးအနှုန်းမှာ borrowed time ဖြစ်ပါသည်။ borrowed (borrow ဝေါဟာရက ဆင်းသက်လာပြီး) = ခေတ္တငှားသုံးသည်, time = အချိန် တို့ ဖြစ်ကြပါသည်။ စကားစုတခုလုံးရဲ့  တိုက်ရိုက်အဓိပ္ပါယ်မှာ အချိန်ကိုငှားသုံးသည် ဖြစ်ပါသည်။ အီဒီယံအဓိပ္ပါယ်ကတော့ လူ့ဘဝမှာ သက်ရှင်နေထိုင်စဉ်ကာလအတွင်းမှာ ရောဂါတခုခုကြောင့်ဖြစ်စေ၊ သေဖို့အချိန် စောင့်နေရသူတွေဟာ တကယ်တော့ borrowed time မှာ နေထိုင်နေကြရသူတွေ ဖြစ်ပါသည်။ တနည်းအားဖြင့် လူ့ဘဝမှာ အသက်ရှည်ရှည် နေရတော့မယ် လူမျိုးမဟုတ်တော့တာကို ဆိုလိုပါသည်။ ဆေးလိပ်သောက်၊ အရက်သောက်၊ ကုရာ နတ္တိဆေးမရှိ ရောဂါဖြစ်လို့ စသဖြင့် အဲဒီလူတွေဟာ တနည်းဆို သေဖို့ရှိနေပေမယ့် ဆေးဝါးကြောင့် အသက်ဆက် နေနိုင်သူတွေလို့ ဆိုနိုင်ပါသည်။ ဒါအပြင် လူ့သက်တမ်း တစ်ရာ ရှိတယ်ဆိုရင် အဲဒီ လူ့သက်တမ်းထက်ကျော် နေနိုင်သူတွေလည်း တချို့ ရှိတာမို့ အဲဒီလို ပုဂ္ဂိုလ်မျိုးတွေကို borrowed time နဲ့ နေထိုင်နေကြသူတွေလို့ တင်စားပြောဆိုနိုင်ပါသည်။ တနည်းအားဖြင့် သဘာဝအရ သေချိန်ရောက်နေပေမယ့်လည်း မသေသေးဘဲ အသက်ဆက်နေကြသူတွေကို ဆိုလိုပါသည်။ ဒါကြောင့်လည်း လူ့ဘဝ အသက်ရှင်နေထိုင်ရမှာ စိတ်ချမ်းသာ၊ ကိုယ်ချမ်းသာ နေနိုင်ဖို့အတွက် အကုသိုလ်ကင်းနိုင်ဖို့က အရေးကြီးပါတယ်။ တနည်းအားဖြင့် ခေတ်စကားအရ ပြောရရင်တော့ ဘတ္ထရီ ဒေါင်ဖို့အချိန်တန်ပေမယ့် မဒေါင်နိုင်သေးတဲ့ ဘတ္ထရီမျိုးလို့ ဖြစ်ပါတယ်။
ဒီ အသုံးနဲ့ ပတ်သက်ပြီး George Crows ပေးတဲ့ ဥပမာကို လေ့လာကြည့်ရအောင်ပါ။
Mrs. Jones is living on borrowed time. She has a lung cancer. And, last year the doctor told her she will live only a few more months.
Mrs. Jones ဟာ သေဖို့နေ့ကို စောင့်နေရသူလို့ ဆိုရမှာပါ။ သူမှာ အဆုတ်ကင်ဆာရှိလို့ လွန်ခဲ့တဲ့နှစ်ကပဲ ဆရာဝန်တွေက သူမအနေနဲ့ လအနည်းငယ်ပဲ အသက်ရှင်တော့မယ်လို့ ပြောဆိုခဲ့တယ်။",4.0,3.0,2.0,5.0,4.0,"The document is a well-structured educational tutorial on English idioms. It provides clear definitions, contextual explanations, and illustrative examples. The language is natural Burmese, effectively explaining complex English concepts to a local audience. It is clean, coherent, and serves as a useful learning resource for students."
<urn:uuid:fcab1325-5e32-4a49-a7ae-69f60f30ff37>,"လာမည့် အထွေထွေရွေးကောက်ပွဲတွင် ကိုယ်အဂါၤမသန်စွမ်းသူများ အခက်အခဲမရှိ မဲထည့်နိုင်ရေး အချိန်တစ်ခုသတ်မှတ်ပေးစေလိုကြောင်း ကချင်ပြည်နယ်ကိုယ်အဂါၤမသန်စွမ်းသူများအသင်းမှ ဥက္ကဌ ဦးဇုန်းဆောင် က ပြောသည်။
ကိုယ်အဂါၤမသန်စွမ်းသူများသည် အခြားပြည်သူများနည်းသူ တန်းစီစနစ်ဖြင့် မဲထည့်ရန် အဆင်မပြေသည့်အတွက် အချိန်သတ်မှတ်ပေးစေလိုသည်ဟု ပြောသည်။
“မဲထည့်တဲ့ခါမှာ ကိုယ်အဂါၤမသန်တဲ့အတွက် မတ်တပ်ရပ်ဖို့တန်းစီဖို့ဆိုတာ အရမ်းကိုခက်ခဲတယ်။ သာမန်လူတွေနဲ့ မဲထည့်ခိုင်းမယ်ဆိုရင် မထည့်ခိုင်းတာအကောင်းဆုံးပဲကြောင့်မို့ လာမယ့် ၂၀၂၀ရွေးကောက်ပွဲ မဲထည့်မယ့်ခါမှာလည်း မဲရုံမှူး နိုင်ငံတော်အစိုးရ သက်ဆိုင်ရာတွေအနေနဲ့ ကိုယ်ချင်းစာတရားနဲ့ ကျနော်တု့ိကို သီးသန့်တစ်ချိန်ချိန် ထည့်ခိုင်းရင်တော့ ပိုသင့်တော်မယ်လို့ တင်ပြချင်ပါတယ်။” ဟု ကချင်ပြည်နယ်ကိုယ်အဂါၤမသန်စွမ်းသူများ ဥက္ကဌ ဆရာဂျီဇုန်းဆောင် က ပြောသည်။
ကိုယ်အဂါၤမသန်စွမ်းသူများအနေဖြင့် လွန်ခဲ့သည့်ရွေးကောက်ပွဲတွင် အသင်းသုံး မော်တော်ယာဉ်မရှိသည့်အပြင် တာဝန်ရှိမဲရုံမှူးများနဲ့ ညှိနိူင်းဆောင်ရွက်မှုမျိုးမပြုလုပ်နိုင်ခဲ့သည့်အတွက် မဲ မထည့်လိုက်ရသည့် ကိုယ်အဂါၤမသန်စွမ်းများလည်း များစွာရှိခဲ့ကြောင်း ၎င်းကဆက်ပြောသည်။
၂၀၁၅ နောက်ပိုင်း မသန်စွမ်းသူများ၏ အခွင့်အရေးဥပဒေထွက်လာပြီးနောက်ပိုင်း အစိုးရ၏ စီမံချက်အရ ၂၀၂၀ ခုနှစ်တွင် မသန်စွမ်းသူများ မဲထည့်နိုင်ရေး သင်တန်းပို့ချမှုများရှိခဲ့သော်လည်း လက်ရှိချိန်တွင် Covid-19 ရောဂါအခြေနေအရ သင်တန်းများရပ်နားထားရကြောင်း ဆရာဇုန်းဆောင်က ဆက်လက်ပြောပြသည်။
သို့သော်လည်း ရွေးကောက်ပွဲကော်မရှင်အနေဖြင့်လည်း မသန်စွမ်းသူများ မဲပေးနိုင်ရန် အခွင့်ရေး ၂မျိုးသတ်မှတ်ပေးထားကြောင်း သိရသည်။
“မသန်စွမ်းတွေအတွက် မဲပေးပိုင်ခွင့် ၂မျိုးနဲ့ပေးလို့ရတယ်။ ပထမတစ်မျိုးက မဲရုံမှာကိုယ်တိုင်မဲလာပေးလို့ရတယ်။ နောက်တစ်မျိုးက ကြိုတင်မဲပေးလို့ရတယ်။ ကြိုတင်မဲပေးတဲ့ချိန်မှာလည်း ရပ်ကွက်ကော်မရှင်ရုံးကိုလာမပေးနိုင်ရင်လည်း အိမ်ကနေကြိုတင်မဲပေးလို့ရတယ်။ အဲဒါတော့ သက်ဆိုင်ရာရပ်ကွက်ကျေးရွာအုပ်စု ကော်မရှင်အဖွဲ့ခွဲနဲ့ ဆက်သွယ်ညှိနိူင်းရမယ်။ အဲတော့ ရပ်ကွက်ကော်မရှင်ရုံးလာပြီး ကြိုတင်မဲမပေးနိုင်ဘူးဆိုရင် အိမ်မှာဘဲပေးချင်တယ်ဆိုရင် ရပ်ကွက်ကော်မရှင်ရုံးကနေ ရွေးကောက်ပွဲမကျင်းပမီ ၂ရက်အလိုမှာ ကော်မရှင်အဖွဲ့ဝင် ၂ဦးကနေ အိမ်တိုင်ရာရောက် လာယူပေးလို့ရတယ်။” ဟု ကချင်ပြည်နယ်ရွေးကောက်ပွဲကော်မရှင်ရုံး(ခွဲ) ဦးထွန်းအောင်ကျော်က ပြောသည်။
ကချင်ပြည်နယ်ရွေးကောက်ပွဲကော်မရှင်အနေဖြင့် လွန်ခဲ့သည့် ၂၀၁၅ ရွေးကောက်ပွဲ၊ ကြားဖြတ်ရွေးကောက်ပွဲများတွင် မြစ်ကြီးနား မျက်မမြင်ကျောင်းမှ ကျောင်းအုပ်ဆရာကြီးနဲ့ တိုင်ပင်ညှိနိူင်းကာ မဲထည့်ရန်အတွက် အချိန်သတ်မှတ်ပေးခဲ့မှုမျိုးရှိခဲ့ကြောင်းလည်း ၎င်းကဆက်ပြောသည်။
မသန်စွမ်းသူများအနေဖြင့် မဲလာရောက်ထည့်မည့်အချိန်တွင် မိသားစုဝင်တစ်ဦးအား ခေါ်ပိုင်ခွင့်ရှိကြောင်းလည်း ပြည်ထောင်စုရွေးကောက်ပွဲကော်မရှင်က ခွင့်ပြုထားပြီးဖြစ်သည်။
မြန်မာနိုင်ငံ ကိုယ်အဂါၤမသန်စွမ်းသူများအသင်းသည် နှစ်ပေါင်းကြာခဲ့သော်လည်း ပြည်နယ်အသင်းအား ၂၀၁၉ခုနှစ်မှ ဖွဲ့စည်းနိုင်ခဲ့ပြီးဖြစ်သည်။ သို့သော် ပြည်နယ်ကိုယ်အဂါၤမသန်စွမ်းအသင်းအနေဖြင့် ယခုချိန်ထိ အသင်းရုံးနေရာ ရရှိခြင်းမရှိသေးပေ။
“ကျနော်တို့အသင်း ကိုယ်အဂါၤမသန်စွမ်းသူများအသင်းမှာ ရန်ပုံငွေရှာရအောင်လည်း ဦးဆောင်နေတဲ့သူက မသန်စွမ်းဖြစ်နေတဲ့အတွက် ခက်ခဲအများကြီးရှိတယ်။ နိုင်ငံတော်အနေနဲ့လည်း မသန်စွမ်းဥပဒေက ထွက်တာမကြာသေးဘူးဆိုတော့ ကျနော်တို့အတွက် ခေါင်းစဉ်ဘတ်ဂျတ်မရှိဘူးဆိုတာသိတယ်။ ဒါပေမယ့် ပြည်နယ်အစိုးရအနေနဲ့သက်ဆိုင်ရာ ဖွံ့ဖြိုးရေးခေါင်းစဉ်အနေနဲ့ကျနော်တို့ကို နားလည်မှုနဲ့ ပြည်နယ်တွင်းရင်းနှီးမြုပ်နှံမှုလာလုပ်နေတဲ့ ကုမ္မဏီတွေဆီကနေ အကူညီတောင်းပေးဖို့ စာအကြိမ်ကြိမ်တင်ခဲ့ပါတယ်။ ဒါပေမယ့် ဒီနေ့ချိန်ထိ ကျနော်တို့ကို တစ်စုံတစ်ရာ တုံ့ပြန်တာမရှိသေးဘူး။” ဟု ကချင်ပြည်နယ် ကိုယ်အဂါၤမသန်စွမ်းသူများ ဥက္ကဌဆရာဂျီဇုန်းဆောင် က ယခုလိုပြောသည်။
ကချင်ပြည်နယ်တွင် မဲထည့်နိုင်မည့် မသန်စွမ်းသူဦးရေ ၁၈၀၀ ကျော်ရှိနေပြီး မဲထည့်နိုင်မည့် သာမာန်ပြည်သူပေါင်း ၁၀ သိန်း ၈ သောင်း ကျော်ရှိကာ ဝင်ရောက်ယှဉ်ပြိုင်မည့် ပါတီ ၁၈ ပါတီရှိကြောင်း သက်ဆိုင်ရာဌာနမှ သိရသည်။",3.0,3.0,2.0,5.0,5.0,"The text is a well-structured, informative news report about voting rights for disabled persons in Kachin State. It provides clear, factual information, demonstrates logical reporting of different perspectives (advocacy vs. commission), uses natural Burmese phrasing, and addresses specific local administrative contexts and challenges, making it highly authentic and useful."
<urn:uuid:abe69f26-cb0c-4cfe-914f-0eb7adbd376a>,"မိတ်ဆက်
သင်ပေးတဲ့ အခွန်ရဲ့ဘယ်လောက်ကို လမ်းမီးတွေအတွက်သုံးပြီး ဘယ်လောက်ကို ကင်ဆာရောဂါကုသမှု သုတေသနလုပ်ငန်းတွေအတွက်အသုံးပြုနေတယ် တိတိကျကျသိပါသလား။ သင့်အိမ်ကနေ အလုပ်ကို သွားနိုင်တဲ့ အတိုဆုံး၊ ဘေးအကင်းဆုံးနဲ့အကောင်းဆုံးရှုခင်းတွေရှိတဲ့ စက်ဘီးလမ်းကြောင်းကိုသိပါသလား။ သင့်ဒေသရဲ့ဘယ်နေရာမှာ အကောင်းဆုံးအလုပ်အကိုင်အခွင့်အလမ်းတွေရှိသလဲ ဆိုတာနဲ့ သီးပင်တွေရဲ့အမြင့်ဆုံးထွက်နှုန်းတွေရှိသလဲ ဆိုတာကိုသိပါသလား။ သင်အရေးပါတယ်ထင်တဲ့ အကြောင်းအရာတွေအတွက် သင့်အကြံဉာဏ်တွေကို ဘယ်လိုအချိန်မျိုးမှာ ပေးသင့်ပါသလဲ။ ဘယ်သူတွေကို ပြောပြသင့်ပါသလဲ။
နည်းပညာအသစ်တွေကြောင့် ဤကဲ့သို့သောမေးခွန်းများကို အလိုအလျောက်ဖြေပေးနိုင်သည့် အခြေအနေများ ရှိလာပြီဖြစ်သည်။ ဤမေးခွန်းများကို ဖြေနိုင်ရန် လိုအပ်သည့် data များကို အစိုးရဆီက အဓိကရပါသည်။ သို့သော် လိုအပ်သည့် data အများစုသည် အလွယ်တကူအသုံးပြုနိုင်သည့် အနေအထားတွင် ရှိမနေတတ်ပါ။ ဤစာအုပ်တွင် အစိုးရက တရားဝင်ထုတ်ပြန်ထားသည့် သတင်းအချက်အလက်များ နှင့် အခြားရင်းမြစ်များမှ သတင်းအချက်အလက်များကို အခြေခံကာ ဝန်ဆောင်မှုအသစ်များ ဖန်တီးလာနိုင်ရန် မည်ကဲ့သို့လုပ်နိုင်သနည်း၊ နိုင်ငံသားများ၏ဘဝ ပိုမိုတိုးတက်လာရန် မည်ကဲ့သို့လုပ်နိုင်သနည်း၊ အစိုးရ နှင့်အရပ်ဘက်၏ လုပ်ငန်းဆောင်တာများ ပိုမိုလျင်မြန်ထိရောက်မှုရှိလာရန် မည်ကဲ့သို့လုပ်နိုင်သနည်း စသည့် အကြောင်းအရာများကို ဖော်ပြထားပါသည်။
Open data အထူးသဖြင့် open government data (open government data)ဆိုသည်မှာ အစိုးရ ထံမှသတင်းအချက်အလက် ဖြစ်စေ၊ အခြားရင်းမြစ်များမှအချက်အလက်များဖြစ်စေ ကို မည်သူမဆို မည်သည့်ရည်ရွယ်ချက်ဖြင့်မဆို လွတ်လပ်စွာ ရယူအသုံးပြုနိုင်ခြင်းဖြစ်ပြီး ဤအကြောင်းအရာကို ဆွေးနွေးခဲ့သည်မှာ နှစ်အတန်ချီနေပြီဖြစ်သည်။ ၂၀၀၉ ခုနှစ်မှစပြီး Open Data အကြောင်းအရာသည် ပိုမိုတွင်ကျယ်လာခဲ့ပြီး အမေရိကန်ပြည်ထောင်စု၊ ဗြိတိန်၊ ကနေဒါ နှင့် နယူးဇီလန် အစိုးရများက ၎င်းတို့တွင်ရှိသည့် လူထုနှင့် ဆိုင်သော သတင်းအချက်အလက်များကို ဖွင့်ချရန် အစီအစဉ်အသစ်များကို ကြေငြာကာ အကောင်အထည်ဖော်လာကြသည်။ ဤစာအုပ်သည် Open Data ၏အခြေခံချိတ်ဆက်တွေးခေါ်မှုများ၊ အထူးသဖြင့် အစိုးရနှင့် ဆက်နွယ်မှု ကို ရှင်းပြထားသည်။ Open Data က ယူဆောင်လာနိုင်သည့် အကျိုးကျေးဇူးများနှင့် နယ်ပယ်ပေါင်းစုံတွင် အပြုသဘောဆောင်သက်ရောက်မှု များအကြောင်းကိုလည်းရှင်းပြထားသည်။
Open Data ၏နောက်ခံအကြောင်းအရာများအပြင် Open Data များ ကိုမည်ကဲ့သို့ ထုတ်လုပ်နိုင်သည်ကိုလည်း ဤစာအုပ်မှခိုင်မာစွာ ဖော်ပြထားပါသည်။ နောက်ခံအကြောင်းအရာကိုလည်းလေ့လာပါက Open Data ကိုမည်ကဲ့သို့ထုတ်လုပ်နိုင်သည်ကိုလည်း ဤစာအုပ်မှခိုင်မာစွာသတင်းအချက်အလက်ပေးထားသည်။
ရည်ရွယ်သော ပရိသတ်
ဤလက်စွဲစာအုပ်သည် နယ်ပယ်ပေါင်းစုံမှ ပရိသတ်များကိုရည်ရွယ်သည်။
- Open Data အကြောင်းမသိသေးသူများနှင့် ‘Data Professionals’ ဟုမိမိကိုယ်ကို သတ်မှတ်ထားသူများ။
- လူမှုရေးလုပ်သူများနှင့် တက်ကြွလှုပ်ရှားသူများ။
- သတင်းသမားများနှင့် သုတေသနလုပ်သူများ။
- နိုင်ငံရေးသမားများနှင့် နည်းပညာသမားများ။
- Data ရူးသွပ်သူများနှင့် API ကိုမကြားဖူးသူများ။
ဤစာအုပ်တွင် ပါဝင်သော သတင်းအချက်အလက်အများစုသည် အစိုးရထံမှ data များကို ဦးစားပေးထားသည်ကို တွေ့ရမည်ဖြစ်သည်။ မည်သို့ပင်ဆိုစေ ရေးသားသူများ၏ ရည်ရွယ်ချက်မှာ အခွင့်သာသလို ပိုမိုကျယ်ပြန့်အောင် တင်ဆက်ပေးသွားရန်ဖြစ်သည်။ ဤကြိုးစားအားထုတ်မှုတွင် သင်ပါဝင်ရန်အတွက်လည်း ဖိတ်ခေါ်အပ်ပါသည်။
ဤလက်စွဲစာအုပ်သည် ဤအကြောင်းအရာနှင့်ပါတ်သက်ပြီး လုံးဝမသိသေးသူများ သို့မဟုတ် တီးမိခေါက်မိရှိသူများ ကိုရည်ရွယ်သည်။ အကယ်၍ သင်နှင့် ရင်းနှီးကျွမ်းဝင်မှုမရှိသော ပညာရပ်ဆိုင်ရာ စကားလုံးများကိုတွေ့ပါက လက်စွဲစာအုပ်၏ နောက်ဆုံးတွင်ပါသော အသေးစိတ်အဓိပ္ပါယ်ဖွင့်ဆိုချက်နှင့် FAQs (မေးလေ့ရှိသော မေးခွန်းများ) တွင် ထပ်မံလေ့လာနိုင်ပါသည်။
အသိအမှတ်ပြုမှုများနှင့် မူပိုင်ခွင့်
ကူညီရေးသားသူများ
တိုက်ရိုက်အသုံးပြုခဲ့သော ရှိပြီးသားအရင်းမြစ်များ
- Technical Proposal for how IATI is implemented. The IATI Technical Advisory Group led by Simon Parrish
- Unlocking the Potential of Aid Information. Rufus Pollock, Jonathan Gray, Simon Parrish, Jordan Hatcher
- Finnish manual authored by Antti Poikola
- Beyond Access Report. Access Info and the Open Knowledge Foundation
အခြားအရင်းမြစ်များ
- W3C Publishing Government Data (2009) http://www.w3.org/TR/gov-data/",4.0,3.0,3.0,5.0,3.0,"The text is a well-structured, coherent introduction to Open Data, suitable for educational purposes. It uses logical, multi-step explanations to define concepts and their societal impact. The language is natural and professional, reflecting a high-quality translation or original composition that effectively communicates technical concepts to a broad audience without being overly academic or overly simplistic."
<urn:uuid:75d6832b-ad46-4e67-afb3-4f5bb4f355f3>,"ကညွတ်သည် အာဟာရဓာတ်များ ပြည့်ဝစွာပါဝင်သော အစားအစာဖြစ်သည့်အပြင် အဆီဓာတ်ပါဝင်မှု မရှိသလောက် နည်းပြီး ကယ်လိုရီပါဝင်မှုလည်း အလွန်နည်းပါးသောကြောင့် နေ့စဉ် စားသောက်သည့် ဟင်းလျာများတွင် ထည့်သွင်း စား သောက်သင့်သော ဟင်းသီးဟင်းရွက်တစ်မျိုးဖြစ်သည်။ ကညွတ်စားသုံးခြင်းဖြင့် အရိုးသန်မာစေခြင်း၊ ရောင်ရမ်းမှုကို လျော့ကျ စေခြင်း၊ ဆီးရွှင်စေခြင်း၊ အစာချေလမ်းကြောင်းအတွက် အကျိုး ပြုခြင်း၊ ကိုယ်ဝန်အတွက် ကောင်းကျိုးပြုခြင်း၊ ကင်ဆာဆဲလ် တိုက်ဖျက်ခြင်း၊ ကိုယ်အလေးချိန် လျှော့ချရာတွင် အထောက် အကူပေးခြင်း၊ နှလုံးကျန်းမာရေးကို ကောင်းမွန်စေခြင်း၊ သွေး တွင်း သကြားဓာတ် ထိန်းညှိခြင်း၊ အရေပြားကျန်းမာရေးကို ကောင်းမွန်စေခြင်း၊ အဆစ်အမြစ်နာရောဂါကို သက်သာစေ ခြင်း၊ သွေးတိုးကျစေခြင်း၊ တီဘီရောဂါကို သက်သာစေခြင်း၊ သွေးကြောကျန်းမာရေးကိုကောင်းမွန်စေခြင်း၊ ကိုယ်ခံအားကို ကောင်းစေခြင်း စသည်ဖြင့် ကျန်းမာရေးအတွက် များစွာအကျိုး ပြုသည်။ကညွတ်ကို မကွေးတိုင်းဒေသကြီးအတွင်း မကွေး၊ မင်းဘူး၊ ဆင်ပေါင်ဝဲ၊ မြို့သစ်၊ ငဖဲ၊ ပေါက်၊ ကျောက်ထု၊ ဆော၊ ဂန့်ဂေါ စသည့်မြို့နယ်များတွင် စိုက်ပျိုးကြပြီး အခြားတိုင်းဒေသ ကြီးများတွင်လည်း စိုက်ပျိုးကြကြောင်း သိရှိရသည်။ မျိုးစေ့မှ ပျိုးထောင် ပါက တစ်နှစ်ခန့် ပျိုးထောင်ရကြောင်း၊ တစ်ဧကလျှင် မျိုးစေ့လေးပေါင် လိုအပ်ပြီး မြစ်ဥ ကလေးများ;(Crowns) တစ် ဧကလျှင် ၂၅၀ဝ၀-၃၀ဝ၀ဝခန့်ထွက်ရှိကြောင်း သိရှိရသည်။မျိုးစေ့ကိုစိုက်လျှင် တစ်ပင်နှင့် တစ်ပင် တစ်ပေမှ တစ်ပေခွဲ တစ်တန်းနှင့် တစ်တန်း နှစ်ပေမှ နှစ်ပေခွဲခန့်အထိထား၍ စိုက် ပျိုးရပြီး အစေ့မှ အပင်ပေါက်ရန် နှစ်ပတ်မှ ခြောက်ပတ်အထိ ကြာတတ်သဖြင့် အပူချိန် ၃၀ ဒီဂရီစင်တီဂရိတ်ရှိသော ရေတွင် လေးမိနစ်ခန့် စိမ်ပြီး စိုက်ခြင်းဖြင့် ငါးရက်အတွင်း အပင်ပေါက် ပြီး ရေကို တစ်ရက်တစ်ခါ လဲပေးရကြောင်း၊ ကညွတ်တစ်ဧကခွဲ စိုက်ပျိုးလျှင် တစ်ပတ်တစ်ကြိမ် ခူးနုတ်ပါက ၁၀ပိဿာကျော် ထွက်ရှိကြောင်း သိရှိရသည်။ထို့ပြင် တောင်ပေါ်ဒေသနှင့် အေးသော အရပ်ဒေသများတွင် ပိုမိုဖြစ်ထွန်းအောင်မြင်လွယ်ကြောင်း သိရှိရသည်။ အပင်အရွယ်အစားကိုလိုက်၍တစ်ပိဿာလျှင် ကျပ်၅၀ဝ၀ခန့်မှ ကျပ် ၆၀ဝ၀ခန့်အထိ ဈေးကောင်းရနေပြီး ကညွတ်စိုက်တောင်သူများ အနေဖြင့် လည်း ကညွတ်စိုက်ပျိုးခြင်းဖြင့် ဝင်ငွေကောင်း လျက်ရှိကြောင်း သိရသည်။
ဆုလပြည့်ဝင်း(မကွေး)",4.0,2.0,2.0,5.0,5.0,"The text provides clear, structured information about asparagus cultivation and health benefits in Myanmar. It is highly readable, uses local units (pissar, kyat), and reflects authentic agricultural practices in the Magway region. It serves as an informative, educational piece for local farmers and consumers."
<urn:uuid:624a3ae0-1691-42ad-9fa9-0a106be5e9bb>,"ပြည်ထောင်စုရှေ့နေချုပ်ရုံးက ဦးစီးကျင်းပသည့် ဥပဒေရုံး တိုးချဲ့မှုဆိုင်ရာ ကနဦးအစီအစဉ်ထုတ်ပြန်ပွဲတွင် အမေရိကန်နိုင်ငံတကာဖွံ့ဖြိုးရေးအေဂျင်စီ (USAID) ၏ မြန်မာနိုင်ငံဆိုင်ရာ ဌာနေညွှန်ကြားရေးမှူး မစ္စအလဲရ်ဂရပ်ဘ်စ်အတွက် ပြင်ဆင်ပေးထားသော မှတ်ချက်အမှာစကား
၂၀၂၀ ခုနှစ်၊ အောက်တိုဘာလ ၂၁ ရက်နေ့၊ နံနက် ၁၀ နာရီ
အမေရိကန်နိုင်ငံတကာဖွံ့ဖြိုးရေးအေဂျင်စီ (USAID) က ပြည်ထောင်စု ရှေ့နေချုပ်ရုံးနှင့်အတူ လက်တွဲပူးပေါင်း၍ မြန်မာပြည်သူများအတွက် တရားဥပေဒ စိုးမိုးရေး ခိုင်မာအားကောင်းလာအောင် အဓိက ရည်သန်ကြိုးပမ်းသွားမည်ဟု ယနေ့ ထုတ်ပြန်ကြေညာ လိုက်သည်။ နောက်ထပ် ဉပဒေရုံး ၁၀ ရုံးကို တိုးချဲ့ပြီး ကနဦးဥပဒေရုံးအစီအစဉ်ကို ချဲ့ထွင်မည်ဟူသော ပြည်ထောင်စုရှေ့နေ့ချုပ်ရုံး၏ ကြေညာချက်သည် ခေတ်မီပြီး နိုင်ငံတကာတွင် လက်ခံကျင့်သုံးနေသော ရာဇဝတ်ကြောင်းအရ တရားစွဲဆိုမှုဆိုင်ရာ လုပ်ထုံးလုပ်နည်းများကို လက်ခံကျင့်သုံးသော ဥပဒေရုံး အရေအတွက်ကို နှစ်ဆကျော် တိုးလာစေမည်ဖြစ်သည်။ ဤသို့ ဆောင်ရွက်ရာ၌ ၂၀၁၆ ခုနှစ်က စတင်ခဲ့သော မူရင်း ကနဦး ဥပဒေရုံးရှစ်ရုံး၏ အောင်မြင်သော အတွေ့အကြုံအပေါ် အခြေခံထားပါသည်။
အဆိုပါ ထပ်တိုး ဥပဒေရုံး ၁၀ ရုံးသည် အမှုစီမံခန့်ခွဲခြင်း၊ မှတ်တမ်းတင်ခြင်း၊ အစီရင်ခံတင်ပြခြင်းနှင့် ပွင့်လင်းမြင်သာမှုရှိခြင်းတို့ကို တိုးတက်ကောင်းမွန်အောင် နည်းပညာ အသုံးပြုပြီး ဆောင်ရွက်ကြမည် ဖြစ်သည်။ ထိုဥပဒေရုံးများက စံသတ်မှတ်ထားသော လမ်းညွှန်ချက်များကို လိုက်နာပြီး ပိုမို ထိရောက်သော ရာဇဝတ်ကြောင်းအရ တရားစွဲဆိုမှုများကို အထောက်အကူ ဖြစ်စေရန်လည်း ဆောင်ရွက်သွားမည် ဖြစ်သည်။ ဤသို့ ဆောင်ရွက်ခြင်းသည် လူကုန်ကူးမှုများတွင် အသက်ရှင်ကျန်ရစ်သူများကို စိတ်ဒဏ်ရာများ တစ်ခါပြန်ရသွားစေခြင်းမှ ကာကွယ်နိုင်ရန် အလွန် အရေးကြီးသည်။ အဆိုပါလမ်းညွှန်ချက်များတွင် ဥပမာအားဖြင့် လူကုန်ကူးမှုခံရသော လူပုဂ္ဂိုလ်များ၊ မျက်မြင်သက်သေများကို တရားခွင်တွင် စစ်ဆေးမှုမပြုမီ တွေ့ဆုံမေးမြန်းရာ၌ သင့်တင့်လျောက်ပတ်သော ပုံစံဖြင့် ပြုမူဆောင်ရွက်ခြင်း၊ အဆိုပါ လူကုန်ကူးမှုခံရသော ပုဂ္ဂိုလ်များနှင့် မျက်မြင်သက်သေများအပေါ် ပြုမူဆက်ဆံရာ၌ လူထုယုံကြည်ထောက်ခံမှုတည်ဆောက်ရေးအတွက် အရေးပါသော လေးစားမှုနှင့် ဂုဏ်သိက္ခာနှင့်အညီ ပြုမူဆက်ဆံခြင်းတို့ ပါဝင်သည်။ ဤအစီအစဉ်၏ တစ်စိတ်တစ်ဒေသအနေဖြင့် ပြည်ထောင်စု ရှေ့နေချုပ်ရုံး က လူထုထံ ရောက်ရှိနိုင်ရေးကို အထောက်အကူဖြစ်စေရန် ဥပဒေရုံး (၁၀) ရုံးအနက် တစ်ရုံးစီတွင် လူကုန်ကူးမှုခံရသော လူပုဂ္ဂိုလ်များနှင့် မျက်မြင်သက်သေများအတွက် ညှိနှိုင်းရေးမှူး၏ လုပ်ငန်းဆောင်တာကို သတ်မှတ်ပေးထားသည်။ ရဲများနှင့် အပြန်အလှန်ဆက်ဆံရေး တိုးတက်ကောင်းမွန်လာခြင်းဖြင့် တရားရုံးတွင် အမှုများအတွက် တရားစွဲဆိုရန် ခန့်အပ်တာဝန်ပေးထားသော ဥပဒေအရာရှိများက အမှုအတွက် ပို၍ အဆင်သင့် ပြင်ဆင်ထားနိုင်စေသကဲ့သို့ အမှုစစ်ဆေးရာတွင်လည်း ပို၍ ရှင်းလင်းတင်ပြနိုင်မည် ဖြစ်သည်။ လူကုန်ကူးမှု တိုက်ဖျက်ရေးသည် ကမ္ဘာတဝှမ်း ကြိုးပမ်းမှုတစ်ခု ဖြစ်သကဲ့သို့ နိုင်ငံတစ်နိုင်ငံစီကလည်း လူကုန်ကူးမှု ပပျောက်အောင် ဆောင်ရွက်ခြင်း၊ ပြစ်မှုပြုကျင့်သူများကို တရားစွဲဆိုခြင်း၊ လူကုန်ကူးမှုတွင် အသက်ရှင်ကျန်ရစ်သူများကို ကူညီထောက်ပံ့ခြင်းတို့ကို လုပ်ဆောင်နိုင်ရန် အစွမ်းကုန် ကြိုးပမ်းရပါမည်။
ပြည်ထောင်စု ရှေ့နေချုပ်ရုံးက ၎င်း၏ မဟာဗျူဟာစီမံကိန်း တစ်စိတ်တစ်ဒေသအနေဖြင့် ပြည်ထောင်စုအနှံ့ရှိ ဥပဒေရုံးအားလုံးတွင် အဆိုပါလုပ်ထုံးလုပ်နည်းများကို တစ်နိုင်ငံလုံး အတိုင်းအတာဖြင့် ကျင့်သုံးသွားရန် လမ်းကြောင်းဖောက်ထားလိုက်ပြီ ဖြစ်သည်။ ထိုသို့ ဆောင်ရွက်ထားခြင်းဖြင့် လွန်ခဲ့သော ဖေဖော်ဝါရီလက ဥပဒေရုံးတစ်ရုံးစီတွင် သတ်မှတ်ပြဋ္ဌာန်းထားသည့် လူကုန်ကူးမှု (TIP) ဆိုင်ရာ ညှိနှိုင်းရေးမှူး၏ လုပ်ငန်းဆောင်တာကို ပြည့်စုံသွားစေပါမည်။ မျှတသော တရားစီရင်ကြားနာမှုဆိုင်ရာ စံသတ်မှတ်ချက်များနှင့် နိုင်ငံအဝှမ်းရှိ ဥပဒေအရာရှိများ၏ ကျင့်ဝတ်သိက္ခာများကို လက်ခံကျင့်သုံးခြင်းသည် ဉပဒေအရာရှိများအား ပညာရှင်ပီသမှု၏ အမြင့်ဆုံး စံသတ်မှတ်ချက်များဖြင့် ထိန်းထားရန် သန္နိဋ္ဌာန်ချ ဆောင်ရွက်ခြင်းပင် ဖြစ်သည်။ ထိုသို့ ကြိုးပမ်းဆောင်ရွက်မှုများတွင် USAID ၊ အမေရိကန်သံရုံးနှင့် အမေရိကန်ပြည်သူတို့က မိတ်ဖက်အဖွဲ့အဖြစ် ပါဝင်ရသည့်အတွက် ဂုဏ်ယူမိပါသည်။
ယနေ့သည် မြန်မာနိုင်ငံရှိ တရားဥပဒေကဏ္ဍ ခိုင်မာအားကောင်းစေရေးတွင် အရေးပါသော မှတ်တိုင်တစ်ခုကို စိုက်ထူနိုင်သော နေ့တစ်နေ့ ဖြစ်သည်။ ခေတ်မီပြီး နိုင်ငံတကာအလေ့အကျင့်များကို လက်ခံကျင့်သုံးမှုက မြန်မာနိုင်ငံရှိ ပြည်သူအားလုံး တရားမျှတရေးကို အထောက်အကူဖြစ်စေသည်။ တရားဥပဒေစိုးမိုးရေးကို မြှင့်တင်နိုင်ရေးကို စဥ်ဆက်မပြတ် သန္နိဋ္ဌာန်ချ လုပ်ဆောင်မှု၏ တစ်စိတ်တစ်ဒေသအနေဖြင့် မြန်မာနိုင်ငံတဝှမ်းရှိ ဥပဒေရုံးများ၏ စွမ်းဆောင်ရည်ကို ခိုင်မာအားကောင်းလာစေရေးအတွက် ဤသို့ပူးပေါင်းဆောင်ရွက်မှု ဆက်လက်လုပ်ဆောင်ရန် မိမိတို့ USAID က မျှော်လင့်ပါသည်။",3.0,3.0,3.0,5.0,4.0,"The text is a formal speech regarding legal reform and USAID cooperation. It is well-structured, coherent, and uses professional Burmese terminology. While it lacks academic exercises, it provides clear insights into legal administrative processes and human rights protections, making it informative for educational purposes regarding governance and law."
<urn:uuid:5186c001-2df8-4447-afff-1ec3755a957b>,"ခရီးသွားခြင်းက စိတ်ကိုရော လူကိုပါ လန်းဆန်းစေတယ်လေ။ ကောင်းကျိုးတွေလည်း အများကြီးဖြစ်စေတယ်။ လူရှုပ်တဲ့နေရာတွေကို ခရီးသွားရတာမကြိုက်လို့ တောင်တက်ရတာ၊ တောတွင်းခရီးသွားရတာ ကြိုက်တယ်ဆိုရင်တော့ အရေးကြုံလာရင် အသုံးတည့်မယ့် နည်းတွေကို မျှဝေလိုက်ပါတယ်။
မြောက်အရပ်ကိုရှာဖွေနည်း
သစ်ချောင်းတစ်ခုကို မြေကြီးပေါ် ချထားပြီး အရိပ်ရဲ့အလျားကို အမှတ်အသားလုပ်ထားပါ။ ၁၅ မိနစ်ကြာတဲ့အခါ အရိပ်ရဲ့အလျားကို ထပ်တိုင်းပြီးမှတ်ပါ။ အမှတ်နှစ်ခုရဲ့ကြားမှာ မျဉ်းတစ်ကြောင်းဆွဲ။ ဒီမျဉ်းကြောင်းဟာ အကြမ်းအားဖြင့် အရှေ့-အနောက်မျဉ်းဖြစ်ပါတယ်။ ဒုတိယအမှတ်က အရှေ့ဘက်ဆုံးပိုင်းဖြစ်ပါလိမ့်မယ်။ အနောက်ဘက်ကိုပြတဲ့ အမှတ် (ပထမအမှတ်)ကို လက်ဝဲဘက်မှာထားရင် လက်ယာဘက်က မြောက်ဘက်ပေါ့။
အစားအစာတွေကို တောကောင်တွေ လာမလုအောင်
စားစရာတွေကို လေလုံအောင် ဘူးထဲထည့်ပြီး သစ်ပင်မှာ တွဲလောင်းချထားပါ။ သစ်ပင်အမြင့်က အနည်းဆုံး ပေ ၁၀၀ လောက်တော့ ရှိပါစေ။ ကြိုးတစ်ဖက်မှာ အစားအစာဘူးကိုထည်း နောက်ကြိုးစားမှာ ကျောက်တုံးကိုချည်ထားပေါ့။ စားပြီးသွားရင် ဘူးကို အမြင့်မှာပြန်ထား၊ စားချင်ရင် ကျောက်တုံးကနေ ကြိုးစကို ဆွဲချရုံပဲ။ တောထဲ တောင်ထဲမှာ အနံ့ထွက်တဲ့ စားစရာတွေကို လက်လွှတ်စပယ် မထားရဘူး။
မှန်ဘီလူးနဲ့ မီးမွှေးနိုင်တယ်
မှန်ဘီလူးဟာ အလင်းရောင်တွေကို ဆုံချက်တစ်ခုတည်းမှာ စုစည်းစေနိုင်တယ်။ သစ်ကိုင်းခြောက်/စက္ကူစ အပေါ်ကနေ မှန်ဘီလူးကို မိုးထားပြီး နေရောင်က မှန်ဘီလူးပေါ် ကျလာတဲ့အခါ အောက်က သစ်ရွက်တွေ မီးတောက်လာပါလိမ့်မယ်။
ကွန်ဒုံး
လိုရမယ်ရ ကွန်ဒုံးလေး နည်းနည်းလောက်လည်း ဆောင်သွားဦး။ သူက လေလုံ ၊ ရေလုံတယ်လေ။ ဖုန်းနဲ့ မီးခြစ်တို့လို ရေထိမခံတဲ့အရာတွေကို ပလတ်စတစ်အိတ်နဲ့လုံအောင်ပတ်ပြီးရင် ကွန်ဒုံးထဲထည့်သိမ်းလို့ရတယ်။ ကွန်ဒုံးမှာပါတဲ့ ချောဆီတွေကိုတော့ သုတ်ပစ်လိုက်ပေါ့။
Source : Man UP!",4.0,3.0,2.0,5.0,4.0,"The text provides practical, educational survival tips for trekking. It uses logical, step-by-step instructions for navigation and fire-starting. The language is natural, colloquial Burmese, reflecting local travel culture. It is clean, well-structured, and requires only basic knowledge to comprehend, making it highly accessible and useful for a general audience."
<urn:uuid:3bb5beea-15bd-4a7c-a630-8700ce1998d6>,"တောင်ကုတ်တွင် တရားမဝင် ကျွန်းသစ်တန်ချိန် ၃၀ ကျော်ဖမ်းမိ
ရခိုင်ပြည်နယ်တောင်ပိုင်း တောင်ကုတ်မြို့အနီးရှိ ကိုင်းရှည်ကျေးရွာတွင် တရားမဝင်ကျွန်းသစ် ခန့်မှန်းတန်ချိန် ၃၀ ကျော်ကို တနင်္လာနေ့က ဖမ်းဆီးရရှိကြောင်း သစ်တောဦးစီးအရာရှိ ဦးလွင်ကိုဦးက ဧရာဝတီသတင်းဌာနကို အင်္ဂါနေ့တွင် အတည်ပြုပြောကြားသည်။
ကျွန်းသစ် ခွဲသားနှင့် အကြမ်းထည် လေးထောင့်သစ်တုံးကြီးများကို ယမန်နေ့က ကိုင်းရှည်ကျေးရွာအနီးတွင် တည်ရှိသည့် အောင်မြင်သစ် ဘိလပ်မြေဖျော်စက်ခြံဝင်းထဲတွင် တွေ့ရှိခဲ့ခြင်းဖြစ်သည်။ ကျွန်းသစ်လုံးများ နိုင်ငံခြားသို့ တင်ပို့ခြင်း ကို မြန်မာအစိုးရ ၂၀၁၄ ခုနှစ်တွင် တရားဝင်ရပ်ဆိုင်းလိုက်ပြီး ကျွန်းသစ်များခုတ်လှဲခြင်းကိုလည်း ကန့်သတ်ထားသည်။
ဦးစီးအရာရှိ ဦးလွင်ကိုဦးက “တရားမဝင် ကျွန်းသစ်ဆိုတာကတော့ သေချာပါတယ်။ ဘာလို့လဲဆိုတော့ တရားဝင်ကျွန်းသစ်ဆို ရင် မြန်မာ့သစ်လုပ်ငန်းရဲ့ အမှတ်အသားတွေပါရမယ်။ အခုက အဲလိုမတွေ့ရပါဘူး” ဟု ပြောသည်။
တောင်ကုတ်မြို့နယ် အထွေထွေအုပ်ချုပ်ရေးမှုး လှမိုးဦးက ကျွန်းသစ်တန်ချိန် အမြောက်အမြားကို အောင်မြင်သစ် ကုမ္ပဏီ ဘိလပ်မြေဖျော်စက်ဝင်းတွင် ဖမ်းဆီးရရှိခဲ့သည်မှာ မှန်ကန်ကြောင်း သို့သော် ပိုင်ရှင်အစစ်အမှန်ကို ဆက်လက်စုံစမ်းနေဆဲဖြစ်ကြောင်း ဧရာဝတီသတင်းဌာနသို့ အတည်ပြုသည်။
အဆိုပါ သည် ပြီးခဲ့သည့် လပိုင်းက တောင်ကုတ်မြို့တွင်း ကွန်ကရစ်လမ်းခင်းခဲ့ပြီး ပိုင်ရှင်မှာ ဦးဝင်းဇော် ဖြစ်ကြောင်းသိရသည်။ သစ်တောဦးစီးအရာရှိက အောင်မြင်သစ် ကုမ္ပဏီသည် အစုအစပ်လုပ်ငန်းဖြစ်၍ ပိုင်ရှင်တဦး တည်းမဟုတ်ကြောင်း တခြားပါဝင်သူများကိုလည်း ဆက်လက်စုံစမ်းနေဆဲ ဖြစ်ကြောင်းဆိုသည်။
သစ်တောဦးစီးအရာရှိ ဦးလွင်ကိုဦးက သစ်တုံးများ စတင်ဖမ်းဆီးချိန်တွင် ဘိလပ်မြေဖျော်စက်ဝင်းအတွင်း အစောင့်တဦးတွေ့ရှိခဲ့ ၍ စုံစမ်းမေးမြန်းခဲ့ရာ ၎င်းမှာလတ်တလော ရောက်ရှိနေသူဖြစ်၍ ကျွန်းသစ်ပိုင်ရှင်ကို မသိရှိဟု ဖြေဆိုကြောင်းပြောသည်။ ယနေ့ တွင် လုပ်ငန်းပိုင်ရှင် ဦးဝင်းဇော်ကို ဆက်လက်စစ်မေးရန် ဆက်သွယ်နေကြောင်းပြီး ကျွန်းသစ်များတရားမဝင်လက်ဝယ်တွေ့ရှိမှု သစ်တောဥပဒေ ပုဒ်မ (၄၂) ဖြင့် အရေးယူဆောင်ရွက်ရန် ပြင်ဆင်လျှက်ရှိကြောင်း ပြောသည်။
ကျွန်းသစ်ခွဲသားနှင့် လေးထောင့်သစ်လုံးများ အမြောက်အများ စုဆောင်းသိုလှောင်ထားခြင်း အကြောင်းအရာကို လက်ရှိအချိန် တွင် အသေးစိတ်မသိရသေးကြောင်း ဆိုသည်။ ၎င်းက ဆက်လက်၍ အဆိုပါ ကျွန်းသစ်များသည် ရခိုင်ရိုးမတောထဲမှ ရရှိသည့် သစ်များ ဖြစ်နိုင်ခြေမရှိကြောင်း အဘယ်ကြောင့်ဆိုသော် လက်ရှိအချိန်တွင် ရခိုင်ရိုးမတွင် ၁၂ လက်မ ပတ်လည်ကျွန်းပင်ကြီးများ မရှိတော့ကြောင်း ဆိုသည်။
ထို့ကြောင့် တရားမဝင်ကျွန်းသစ်တုံးများသည့် မကွေးတိုင်းမှ တဆင့် ပန်းတောင်း အမ်းလမ်းကြောင်းကို ဖြတ်ကျော်၍ ဝင်ရောက် လာသည်ဟု ယူဆကြောင်း ပြောသည်။
တောင်ကုတ်မြို့သတင်းရင်းမြစ်အချို့ကမူ ကျွန်းသစ်များကို ဈေးကွက်တွင်း ပြန်လည်တင်သွင်း ရောင်းချရန် သို့မဟုတ် နိုင်ငံခြား သို့ ရေကြောင်းလမ်းဖြင့် တရားမဝင် တင်ပို့ရန် သိုလှောင်ထားခြင်းလည်း ဖြစ်နိုင်ကြောင်း သုံးသပ်ကြသည်။
ရခိုင်ပြည်နယ်တောင်ပိုင်း မြို့နယ်များဖြစ်ကြသည့် သံတွဲ ဂွ တောင်ကုတ်နှင့် မအီ မြို့နယ်များမှ တဆင့် မလေးရှား၊ ထိုင်းနိုင်ငံဖက် သို့ ပင်လယ်ရေကြောင်းမှ တဆင့် မှောင်ခိုကူးသည့် လုပ်ငန်းများကို ရံဖန်ရံခါ ဖမ်းဆီးရရှိကြောင်း ပြောကြသည်။ သစ်တောဦးစီး အရာရှိကလည်း တရားမဝင် သစ်မာများကို ပြီးခဲ့သည့်နှစ်က တန်ချိန် ၃၀ ဝန်းကျင်ကို သံတွဲနှင့် အမ်းမြို့နယ်ဖက်ရှိ မြစ်ချောင်း များတွင် ဖမ်းဆီးရရှိမှုများရှိခဲ့ကြောင်း ပြောသည်။
သို့သော် တောင်ကုတ်မြို့နယ် ကိုင်းရှည်ကျေးရွာအနီးတွင် တွေ့ရှိခဲ့ရသည့် ကျွန်းသစ်များမှာ မှောင်ခိုတင်ပို့ခြင်းထက် ပြည်တွင်း ဈေးကွက်တွင် ပြန်လည်ဖြန့်ဖြူးနိုင်ခြေပိုများကြောင်း သုံးသပ်သည်။
“တကယ်လို့ သူတို့ရေကြောင်းကနေတဆင့် မှောင်ခိုပို့ချင်တယ်ဆိုရင် သစ်တွေကို ချောင်းထဲမှာပဲ ထားမှာပေါ့။ ကုန်းပေါ်မှာ ဘယ်ထားမလဲ” ဟု ဦးစီးအရာရှိ ဦးလွင်ကိုဦးက ဆိုသည်။
လက်ရှိအချိန်တွင် ကျွန်းသစ် ၁ တန်ကို တောင်ကုတ်တွင် ဒေသပေါက်ဈေး ၈ သိန်းခန့်ရှိကြောင်း သိရသည်။",3.0,3.0,2.0,5.0,5.0,"The document is a well-structured news report about illegal logging in Myanmar. It provides factual information, logical deduction regarding the origin and intent of the timber, and uses natural, professional Burmese. It is accessible to a general audience, requires no specialized expertise, and is free of formatting errors or noise."
<urn:uuid:d3e1d7a6-f33e-43ae-81ca-ecf75d41c5ca>,"စပါးနှင့် ငါး ရောနှောစိုက်ပျိုးမွေးမြူခြင်းဖြင့်
- စပါးဖျက်အင်းဆက်ပိုးများကို လျော့နည်းစေသည်။
- လယ်မြေတွင် မြေဩဇာဓာတ် မြင့်မားစေသည်။
- ထို့ကြောင့် စပါးအထွက်နှုန်းကောင်းမွန်စေသည်။
စပါးနှင့် ငါးရောနှောစိုက်ပျိုးရန်အတွက်
- ငါးခုံးမကြီး၊ ရွှေဝါငါးကြင်း၊ တီလားပီးယား ငါးများသည် သင့်တော်သော ငါးမျိုးစိတ်များဖြစ်သည်။
- ငါးခူ၊ ငါးရံ့၊ ငါးရှဉ့်နှင့် ငါးမွေထိုး စသော ငါးရိုင်းများမရှိရန် ရှင်းလင်းပါ။ ထိုငါးများသည် မွေးမြူထားသော ငါးသားပေါက်များကို စားလိမ့်မည်။
- ငါးများကြီးထွားရန် ပုံမှန်အစာကျွေးပါ။ ဖွဲနု၊ ပဲဖတ်၊ ပီလောပီနံ၊ ချကောင်များနှင့် ကန်စွန်းရွက်တို့သည် သင့်တော်သော အစာများဖြစ်သည်။
- ရေအနက်နှင့် ရေအရည်အသွေးကို ထိန်းသိမ်းထားပါ။
- ရေထွက်သော ထူးပေါက်များကိုပိတ်ပါ။
- စပါး ငါးရောမွေးထားတဲ့လယ်ကွင်းနဲ့ ပုံမှန်လယ်ကွင်းပါ။
စပါးနှင့်ငါး ရောနှောစိုက်ပျိုးမွေးမြူခြင်းဖြင့်
- ငါးနှင့် စပါးကို တစ်ချိန်တည်းထုတ်လုပ်ပေးသည်။
စပါးနှင့် ငါးရောနှောစိုက်ပျိုးမွေးမြူရန် အခြေခံလိုအပ်ချက်များ
(၁) ရေအလုံအလောက်ရရှိခြင်း။
(၂) ရေကို ထိန်းထားနိုင်သော လယ်မြေဖြစ်ခြင်း။
(၃) ရေလွှမ်းမိုးမှု မရှိခြင်း။
စပါးနှင့်ငါး ရောနှောမွေးမြူထားသောလယ်ကွက်သည် မိမိအိမ်အနီးအနားတွင်ရှိပါက ထိန်းသိမ်းစောင့်ရှောက်ရန် လွယ်ကူသည်။
လယ်ကွက်တွင် ရေအနက် (၂၀) စင်တီမီတာခန့်ရှိစေရန် လယ်ကန်သင်းကိုမြှင့်ပေးပါ။
လယ်ကန်သင်းပတ်လည်တွင် ငါးများခိုအောင်းရန် ရေမြောင်းတူးပါ။
လယ်ကွက်တွင် ရေမလျှံစေရန် ရေထုတ်ပေါက် (ရေထုတ်ပြွန်) ထားရမည်။ ငါးရိုင်းများမဝင်စေရန် ရေထုတ်ပြွန်တွင် စကာစိပ်ဖြင့် ကာထားပါ။
တစ်ပိုင်တစ်နိုင် လယ်တစ်ကွက်လျှင် သဘာဝမြေဩဇာ လက်ဆွဲပုံးဖြင့် (၂) ပုံးထည့်ပါ။
ကောက်စိုက်ပြီး (၂)ပတ်အကြာတွင် ကောက်ပင်အမြင့်တစ်ဝက်အထိ ရေဖြည့်ပါ။ (၅) စင်တီမီတာ လက်ဖဝါးအရွယ်ခန့်ရှိသော ငါးများကို စတင်မွေးမြူပါ။
အရွယ်ကြီးသော ငါးများကို စတင်မွေးမြူနိုင်ပါက ပိုကောင်းပါသည်။
သတိပြုရန် - လယ်ကွက်တွင် ပိုးသတ်ဆေးပက်ဖျန်းပါက ငါးများသေဆုံးနိုင်သည်။
ယခုဆောင်းပါးအား INLAND MYSAP မှ ပူးပေါင်းပါဝင်ပံ့ပိုးပေးထားပါသည်။",4.0,2.0,2.0,5.0,5.0,"The document provides practical, structured agricultural advice on integrated rice-fish farming. It is highly educational for local farmers, uses natural Burmese terminology, and is well-formatted. It demonstrates basic logical reasoning regarding cause-and-effect in farming practices. The content is accessible, authentic, and free of noise, reflecting genuine local agricultural knowledge."
<urn:uuid:3ce89dd0-ecfd-49b2-8aa0-aeed96da8ca2>,"ရာသီတုပ်ကွေးရောဂါ (Seasonal Influenza) (မေလ၊ ၂၀၂၂ ခုနှစ်)
ရာသီတုပ်ကွေးရောဂါ (Seasonal Influenza) သည် နှာခေါင်း၊ လည်ချောင်းနှင့် အဆုတ်တို့ကို ကူးစက်စေတတ်သော တုပ်ကွေးရောဂါဗိုင်းရပ်စ်ပိုးများ (Influenza viruses) ကြောင့် ဖြစ်ပွားသော အသက်ရှူလမ်းကြောင်းဆိုင်ရာ လတ်တလော ကူးစက်ရောဂါ ဖြစ်ပါသည်။ A၊ B၊ C နှင့် D ဟူ၍ ရာသီတုပ်ကွေးရောဂါ ဗိုင်းရပ်စ်ပိုးအမျိုးအစား (၄) မျိုးရှိသည့်အနက် လူတို့တွင် ကူးစက်ပြန့်ပွားလေ့ရှိသော ဗိုင်းရပ်စ်ပိုးအမျိုးအစား A နှင့် B တို့သည် ရာသီတုပ်ကွေးရောဂါ ကပ်အသွင်ဖြစ်ပွားမှုများ၏ တရားခံလည်းဖြစ်ပါသည်။
🦠 ရောဂါလက္ခဏာများ
🤒 ဖျားခြင်း၊ ချမ်းတုန်ခြင်း
🤒 ချောင်းဆိုးခြင်း
🤒 လည်ချောင်းနာခြင်း
🤒 နှာရည်ယိုခြင်း၊ နှာချေခြင်း
🤒 ကိုယ်၊ လက် ကိုက်ခဲခြင်း
🤒 ခေါင်းကိုက်ခြင်း
🤒 မောပန်းနွမ်းနယ်ခြင်းနှင့်
🤒 ကလေးငယ်များတွင် အန်ခြင်း၊ ဝမ်းပျက်ဝမ်းလျှောခြင်းတို့ ဖြစ်နိုင်ပါသည်။
ရောဂါကူးစက်ခံရသူအများစုသည် ရက်အနည်းငယ်မှ (၂) ပတ်အတွင်း သက်သာကောင်းမွန်လာနိုင်ပါသည်။ သို့သော်လည်း အချို့သူများတွင် အဆုတ်ရောင်ခြင်းကဲ့သို့ နောက်ဆက်တွဲကျန်းမာရေးပြဿနာများ ခံစားရနိုင်ပြီး အသက်ဆုံးရှုံးသည်အထိ ဖြစ်ပွားနိုင်ပါသည်။
အထူးသဖြင့် အသက် (၆၅) နှစ်အထက်ရှိသူများ၊ အသက်အရွယ်မရွေး နာတာရှည်ရောဂါအခံရှိသူများ (ပန်းနာရင်ကျပ်၊ ဆီးချိုသွေးချို၊ နှလုံးရောဂါ)၊ ကိုယ်ဝန်ဆောင်မိခင်များ၊ ခုခံအားကျဆင်းနေသူများနှင့် အသက် (၅) နှစ်အောက် ကလေးငယ်များတွင် ကူးစက်ဖြစ်ပွားပါက နောက်ဆက်တွဲကျန်းမာရေးပြဿနာများကို ပြင်းထန်စွာ ခံစားရနိုင်ပါသည်။
🦠 ရောဂါကူးစက်နိုင်သည့် နည်းလမ်းများ
ရာသီတုပ်ကွေးရောဂါသည် ရောဂါကူးစက်ခံထားရသူတစ်ဦး နှာချေ၊ ချောင်းဆိုး၊ စကားပြောရာမှ ထွက်လာသော ရောဂါပိုးပါသည့် အစက်အမှုန်များကို ရှူသွင်းမိရာမှသော်လည်းကောင်း၊ ရောဂါပိုးပါသည့် အစက်အမှုန်များ ကပ်တင်ကျန်ရှိနေသော အရာဝတ္ထုမျက်နှာပြင်များနှင့် အသုံးအဆောင်ပစ္စည်းများကို ကိုင်တွယ်ထိတွေ့မိပြီး မိမိ၏ ပါးစပ်၊ နှာခေါင်းနှင့် မျက်စိတို့ကို ပြန်လည်ထိတွေ့မိခြင်းမှသော်လည်းကောင်း ကူးစက်နိုင်ပါသည်။
🦠 ရောဂါကူးစက်ပြန့်ပွားခြင်းမှ ကာကွယ်နိုင်သည့် နည်းလမ်းများ
➡️ နှစ်စဉ် ရာသီတုပ်ကွေးကာကွယ်ဆေး ထိုးနှံပါ။
➡️ ဖျားနာနေသူများနှင့် နီးကပ်စွာနေထိုင်ထိတွေ့ခြင်းမှ ရှောင်ကြဉ်ပါ။
➡️ သင် ဖျားနာနေပါကလည်း အခြားသူများနှင့် နီးကပ်စွာနေထိုင်ထိတွေ့ခြင်းမှ ရှောင်ကြဉ်ပါ။ ကျန်းမာရေးစောင့်ရှောက်မှုခံယူရန် သို့မဟုတ် မဖြစ်မနေကိစ္စအတွက် အပြင်ထွက်ရသည်ကလွဲ၍ အဖျားပျောက်ကင်းပြီး အနည်းဆုံး (၂၄) နာရီကြာသည်အထိ မိမိအိမ်မှာသာ နေထိုင်ပါ။ မဖြစ်မနေ အပြင်ထွက်ရပါက နှာခေါင်းစည်း (Mask) တပ်ပါ။
➡️ နှာချေ၊ ချောင်းဆိုးတိုင်း ပါးစပ်နှင့် နှာခေါင်းကို တစ်သျှူး (သို့မဟုတ်) တံတောင်ဆစ်ကွေးဖြင့် လုံခြုံစွာ ဖုံးအုပ်ပါ (တစ်သျှူးအသုံးပြုပါက အဖုံးပါသော အမှိုက်ပုံးအတွင်းသို့ စနစ်တကျ စွန့်ပစ်ပါ)။
➡️ လက်ကို ရေ၊ ဆပ်ပြာတို့ဖြင့် မကြာခဏ ဆေးကြောပါ (ရေနှင့်ဆပ်ပြာ မရရှိနိုင်ပါက အယ်လ်ကိုဟောပါဝင်သော လက်သန့်စင်ဆေးရည်ကို အသုံးပြုပါ)။
➡️ မျက်စိ၊ နှာခေါင်းနှင့် ပါးစပ်တို့ကို လက်ဖြင့် ကိုင်တွယ်ထိတွေ့ခြင်း မပြုလုပ်ရ။
➡️ ရောဂါပိုးပါသည့် အစက်အမှုန်များ ကပ်တင်ကျန်ရှိတတ်သော အရာဝတ္ထုမျက်နှာပြင်များနှင့် အသုံးအဆောင်ပစ္စည်းများကို ပိုးသတ်သန့်စင်ပါ။
➡️ ကောင်းစွာ အိပ်စက်အနားယူပါ။
➡️ အာဟာရပြည့်ဝသည့် အစားအစာများကို စားသုံးပါ။
➡️ လေဝင်လေထွက်ကောင်းသော နေရာများတွင် နေထိုင်ပါ။ နေအိမ် ပြတင်းပေါက်များကို ဖွင့်ထားပါ။
➡️ လူထူထပ်သောနေရာများနှင့် ပွဲလမ်းသဘင်များကို သွားရောက်ခြင်းမှ ရှောင်ကြဉ်ပါ။
📖 ကိုးကား
1) https://who.int/news-room/fact-sheets/detail/influenza-(seasonal)
2) https://cdc.gov/flu/about/index.html
COVID-19 ရောဂါနှင့် ရာသီတုပ်ကွေးရောဂါအကြား တူညီကွဲလွဲမှုများ
https://moh.nugmyanmar.org/my/covid-19-and-seasonal-influenza/
တယ်လီကျန်းမာ အခမဲ့အွန်လိုင်းဆေးခန်း (နေ့စဉ် နံနက် ၈ နာရီမှ ညနေ ၆ နာရီအထိ)
https://facebook.com/telehealthmm
ဝန်ကြီးဌာနသို့ လှူဒါန်းရန်-
https://moh.nugmyanmar.org/donate/
ကျန်းမာရေးဝန်ကြီးဌာန၊
အမျိုးသားညီညွတ်ရေးအစိုးရ
ထုတ်ဝေသည့်နေ့စွဲ -- ၄ မေ ၂၀၂၂
နောက်ဆုံးမွမ်းမံသည့်နေ့စွဲ --- ၄ မေ ၂၀၂၂",5.0,2.0,2.0,5.0,4.0,"This is a high-quality, well-structured public health advisory. It provides clear, accurate, and accessible information suitable for general education. While it lacks complex multi-step reasoning, it is highly professional in its presentation, clean, and uses natural, authentic Burmese language appropriate for a government-issued health communication."
<urn:uuid:62c2e15b-268b-4b19-8038-fe2db813beb9>,"မြန်မာနိုင်ငံ သက်ကြီးရွယ်အိုများဆိုင်ရာကော်မတီ၏ တတိယအကြိမ်ညှိနှိုင်းအစည်းအဝေးကျင်းပ
နေပြည်တော်၊ ၁၅.၅.၂၀၁၉
မြန်မာနိုင်ငံသက်ကြီးရွယ်အိုများဆိုင်ရာကော်မတီ၏ တတိယအကြိမ်ညှိနှိုင်းအစည်းအဝေး ကို ယနေ့ မွန်းလွဲပိုင်းတွင် လူမှုဝန်ထမ်း၊ ကယ်ဆယ်ရေးနှင့် ပြန်လည်နေရာချထားရေးဝန်ကြီးဌာန၊ ဝန်ကြီးရုံးအစည်းအဝေးခန်းမ၌ကျင်းပရာ ပြည်ထောင်စုဝန်ကြီး ဒေါက်တာဝင်းမြတ်အေး တက်ရောက်အမှာစကား ပြောကြားပါသည်။
ပြည်ထောင်စုဝန်ကြီးက အဖွင့်အမှာစကားပြောကြားရာတွင် မြန်မာနိုင်ငံ သက်ကြီးရွယ်အို များဆိုင်ရာကော်မတီသည် သက်ကြီးရွယ်အိုများ၏ ဘဝဖွံ့ဖြိုးတိုးတက်ရေးနှင့် အခွင့်အရေးများကို ဖော်ဆောင်ပေးရန်အတွက် အဓိကဖြစ်ပါကြောင်း၊ နိုင်ငံတော်အစိုးရက ဆောင်ရွက်လျက်ရှိသော လူမှုကာကွယ်စောင့်ရှောက်ရေးအစီအစဉ်သည် ပဋိသန္ဓေတည်သည်မှစ၍ သက်ကြီးရွယ်အိုအထိ ဆောင်ရွက်နေသော လုပ်ငန်းစဉ်ဖြစ်ပါကြောင်း၊ သက်ကြီးရွယ်အိုများနှင့်ပတ်သက်ပြီး မြန်မာနိုင်ငံ သက်ကြီးရွယ်အိုများဆိုင်ရာ ကော်မတီဖွဲ့စည်းနိုင်ခဲ့ပါကြောင်း၊ ဥပဒေထုတ်ပြန်ပြီးဖြစ်ကြောင်းနှင့် ယခုအစည်းအဝေးတွင်း နည်းဥပဒေ(မူကြမ်း)အပေါ် ဆွေးနွေးပေးကြရန် ဖြစ်ပါကြောင်း၊ နိုင်ငံတော်အနေဖြင့် တစ်နိုင်ငံလုံးအတိုင်းအတာအဖြစ် သက်ကြီးရွယ်အိုများအတွက် လူမှုရေး ပင်စင်ထောက်ပံ့ခြင်း အစီအစဉ်ကို ၂၀၁၇-၂၀၁၈ ဘဏ္ဍာရေးနှစ်မှစ၍ ဆောင်ရွက်လျက်ရှိပြီး လက်ရှိဘဏ္ဍာရေးနှစ်တွင် အသက်(၈၅)နှစ်သို့ လျှော့ချပြီး ထောက်ပံ့ပေးလျက်ရှိပါကြောင်း၊ သက်ကြီးရွယ်အိုဆိုင်ရာ ရန်ပုံငွေထူထောင်ရေးနှင့် တိုးပွားရေးအတွက်လည်း ဆက်လက် ဆောင်ရွက်သွားမည်ဖြစ်ကြောင်း၊ သက်ကြီးရွယ်အိုများအတွက် ကျန်းမာရေးဆိုင်ရာ၊ ခရီးသွားလာ မှုဆိုင်ရာ၊ ကာကွယ်စောင့်ရှောက်ရေးဆိုင်ရာနှင့် သက်သာခွင့်၊ ကင်းလွတ်ခွင့်များ ခံစားရရှိနိုင်ရန် သက်ကြီးရွယ်အို သက်သေခံကတ်ပြားလိုအပ်ပြီး သက်ကြီးရွယ်အိုအဆင့်အလိုက် သက်ကြီး ရွယ်အိုများဆိုင်ရာ ဥပဒေပါ အခွင့်အရေးများကို ဖော်ဆောင်ရွက်နိုင်ရန် ဆက်စပ်ဝန်ကြီးဌာနများ၏ စီမံကိန်းများတွင် သက်ကြီးရွယ်အိုဆိုင်ရာလုပ်ငန်းများအတွက် ထည့်သွင်းရေးဆွဲရန် လိုအပ်ပါ ကြောင်း၊ ဘတ်ဂျက်ရေးဆွဲသည့်အခါ မဟာဗျူဟာစီမံချက်များတွင်ပါဝင်သော သက်ကြီးရွယ်အို များဆိုင်ရာ လုပ်ငန်းစဉ်များသည် မြန်မာနိုင်ငံ၏ ရေရှည်တည်တံ့ခိုင်မြဲပြီး ဟန်ချက်ညီသော ဖွံ့ဖြိုးတိုးတက်မှုစီမံကိန်း (MSDP)နှင့် ကိုက်ညီရမည် ဖြစ်ပါကြောင်း၊ မြန်မာနိုင်ငံလူဦးရေ၏ ခန့်မှန်း (၁၀) ရာခိုင်နှုန်းသည် သက်ကြီးရွယ်အိုများဖြစ်သည့်အတွက် သက်ကြီးရွယ်အိုများ၏ အကျိုးစီးပွားအတွက် တက်ကြွ၍ ကျန်းမာသော သက်ကြီးရွယ်အိုဘဝ (Active and Healthy Ageing) ဖြစ်နိုင်ရန်အတွက် ဦးတည်ကြိုးပမ်းဆောင်ရွက်ရန် လိုအပ်သလို ၎င်းတို့ကိုယ်တိုင် လူမှုဘဝထဲတွင် ဆက်လက်အကျိုးပြု ပါဝင်ဆောင်ရွက် ဖို့လိုအပ်ပါကြောင်း၊ မြန်မာနိုင်ငံသက်ကြီး ရွယ်အိုများဆိုင်ရာကော်မတီသည် သက်ကြီးရွယ်အို စောင့်ရှောက်ရေးလုပ်ငန်းများကို အကောင် အထည်ဖော်ဆောင်ရွက်နိုင်ရန် ဖွဲ့စည်းထားသည့် ကော်မတီဖြစ်ပြီး သက်ကြီးရွယ်အိုဆိုင်ရာ ကိစ္စရပ်များတွင် အရေးကြီးသောအခန်းကဏ္ဍမှ ပါဝင်သဖြင့် ကော်မတီဝင်များက ထိရောက်စွာ ပူးပေါင်း ဦးဆောင် ဆောင်ရွက်ပေးကြစေလိုကြောင်း ပြောကြားခဲ့ပါသည်။
၎င်းနောက် လူမှုဝန်ထမ်းဦးစီးဌာန၊ ညွှန်ကြားရေးမှူးချုပ်၊ ဒေါက်တာစန်းစန်းအေးက သက်ကြီးရွယ်အိုများဆိုင်ရာ ရန်ပုံငွေထူထောင်နိုင်ရေးအတွက် လည်းကောင်း၊ ညွှန်ကြားရေးမှူး၊ ဦးကျော်လင်းထင်က ကော်မတီ၏ ဒုတိယအကြိမ်အစည်းအဝေး ဆုံးဖြတ်ချက်များအပေါ် ဆောင်ရွက်ပြီးစီးမှုအခြေအနေနှင့် သက်ကြီးရွယ်အိုများဆိုင်ရာနည်းဥပဒေ(မူကြမ်း)တို့အား တင်ပြ ဆွေးနွေးခဲ့ပြီး တက်ရောက်လာသူများက အကြံပြုဆွေးနွေးခဲ့ကြကြောင်း သတင်းရရှိပါသည်။",3.0,2.0,3.0,5.0,5.0,"The text is a formal government report regarding elderly welfare policies in Myanmar. It is highly authentic, clean, and provides educational insight into national social protection frameworks. While it lacks complex multi-step reasoning, it is well-structured and uses natural, professional Burmese language appropriate for its context."
<urn:uuid:98923b75-6fc9-4320-ae1c-0dc0922ca023>,"ဖုန်း တွေ၊ကွန်ပျူတာတွေ ပဲ တစ်ချိန်လုံး ထိုင်ကြည့်နေရင်တော့ သေချာပေါက် ကို မျက်လုံးထိ ခိုက် ပျက်စီး မှာပါ။ ဖုန်း တွေ အကြာကြီး ကြည့်မိလို့ အမြင်အာရုံ တွေေ၀၀ါး သွားတာမျိုး၊မျက်လုံး တွေ အောင့်လာတာ၊မျက်လုံး တွေ စပ် လာ တာမျိုး တွေ နဲ့ ကြုံဖူးကြမှာပါ။ဒီလို ခံစားနေရပြီဆိုရင်တော့ တက်နိုင်ရင် တော့ ဖုန်း ကြည့်တာ တွေ ခဏ နား စေချင် ပါတယ်။မနားရင်တောင် မှ လျှော့ ကြည့်ပါ။အောက်မှာ ဖော်ပြထားတဲ့ မျက်လုံး လေ့ကျင့်ခန်းတွေ ကိုလဲ ပုံမှန် လုပ် ပေးပါ။
(၁)20-20-20
(၂၀-၂၀-၂၀) ဆိုတော့ ဘာကြီးလဲ ဆိုပြီး တစ်မျိုး ထင်သွားနိုင်ပါတယ်။ဒါက ဘာကို ပြောတာလဲ ဆိုရင်တော့ ဖုန်းနဲ့ ကွန်ပျူ တာ တွေကို အနီးကပ် အကြာကြီး ကြည့်တာများရင် အဝေးမှုန် ဖြစ်တတ်ပါတယ်။ ဒါကြောင့် မျက်လုံး အမြင် အာရုံ ကောင်းလာအောင် ဒီနည်းကို လုပ်ပေးပါ။ဘာလုပ်ရမှာလဲ ဆိုရင်တော့ ဖုန်းမှာ မိနစ် (၂၀) Alarm ပေး ထားပါ။ မိနစ် (၂၀) ပြည့်တာနဲ့ စက္ကန့် (၂၀) လောက် အချိန် ပေးပြီး ပေ (၂၀) အကွာ အဝေး ကို ကြည့်ပေးပါ။အလွယ် ပြော ရရင် တော့ ဖုန်း (သို့) ကွန်ပျူတာ ကြည့်တာ အချိန် ကြာလာပြီဆိုတာနဲ့ အိမ်ပြင် ဘက်ကို ထွက်ပြီး ဟိုး အဝေး ကြီး ကို စက္ကန့် (၂၀) လောက် ငေး ကြည့်ပေးရမှာပါ။မျက်လုံးအမြင်အေး စေတဲ့ အပင်စိမ်းစိမ်း လေးတွေ ကို ကြည့် ပေးရင် ပို ကောင်းပါတယ်။မိနစ် (၂၀) ကို ဈေးဆစ်ချင် တယ်ဆိုရင်လည်း အနည်းဆုံး တော့ တစ်နာရီ တစ်ခါ လောက် Alarm ပေးပြီး အဝေးကို တစ်မိနစ် လောက် အချိန် ပေးပြီး ကြည့်ပေးနော်..။
(၂)မျက်လုံး ကစားလိုက်
ငယ်ငယ်က ကျောင်းသားဘ၀ မှာ အဲ့ဒီလို မျိုး ကစားဖူးကြမှာပါ။မျက်လုံး ကို အ ပေါ် အောက် ဟိုဘက် ဒီဘက် ဘေး ပတ်လည် စုံအောင် ကစားတာပါ။အဲ့ဒါကလည်း မျက်လုံး အမြင်အာရုံကို ကောင်း စေတဲ့ လေ့ကျင့်ခန်း တစ်မျိုးပါ။မျက်လုံး ကို ချာချာလည်အောင် စက္ကန့် (၂၀) (၃၀) လောက် ကစားပေးပါ။
(၃)မျက်လုံးကို နှိပ် ပေးပါ
ဒါက တော့ အရမ်းကို လွယ်တဲ့ မျက်လုံး လေ့ကျင့်ခန်းပါ။မျက်လုံးကို အရင်ပိတ် လိုက်ပါ။ပြီးရင်တော့ လက် ချောင်း လေးတွေကို မျက်လုံး အပေါ်မှာ အုပ်မိုးပြီး ဖြည်းဖြည်း ချင်း ညင်သာစွာ ပွတ် ပေး၊ဖိ ပေး ရမှာပါ။ဖြည်းဖြည်း ချင်း စက္ကန့် (၂၀) (၃၀) လောက် လုပ်ပေးပါ။ပြီးရင်တော့ မျက်လုံးကို ဖြည်းဖြည်းချင်း ပြန်ဖွင့်ပေးပါ။စ ဖွင့်ခါ စမှာတော့ အမြင် အာရုံတွေ နည်းနည်းေ၀၀ါး နေနိုင်ပါတယ်။စိတ်မပူပါနဲ့။ဖြည်းဖြည်းချင်း ကြည်လာမှာပါ။ဒီလို လေ့ကျင့်ခန်း ကို တော့ (၁၀) ကြိမ် လောက် လုပ်ပေးပါ။
(၄)လက်မကို စိုက်ကြည့်တဲ့ လေ့ကျင့်ခန်း
အလွယ်ဆုံး လေ့ကျင့်ခန်းတွေ ထဲက တစ်ခုပါ။ဘယ်မှ သွားစရာမလို ထိုင်ရာ မထ ပဲနဲ့ ဒီလေ့ကျင့်ခန်းကို လုပ်လို့ ရပါတယ်။ဖုန်း (သို့) ကွန်ပျု တာကို ကြည့်တာ များလာပြီဆိုရင် တော့ ထိုင်ခုံ ပေါ်မှာ ခါးကို မတ်မတ် ဆန့်ပြီး ထိုင် လိုက်ပါ။ပြီးရင်တော့ လက်မကို ရှေ့ ထုတ်လိုက်ပါ။ထုတ်လိုက်တဲ့ လက် မကို မျက်လုံး နဲ့ လိုက်ကြည့် ပေးရုံပါ။ ပြီးရင် တော့ လက် ကို ကွေးပြီး လက်မကို မျက်လုံး နဲ့ နီး အောင် ရွှေ့လိုက်ပါ။အခုလို မျိုး လေး ခဏခဏ လုပ် ပေးပါ။
(၅)ကွမ်းရွက် ကပ်ေ ပးပါ
ဒီနည်း လေး ကတော့ မြန်မာ့ နည်း မြန်မာ့ ဟန်လေးပါ။ကိုယ်တိုင်လည်း မျက်လုံး ညောင်းလာရင် လုပ်ဖြစ် တဲ့ နည်းေ လးပါ။မျက်လုံး ညောင်းတာမျိုး၊မျက်လုံး အောင့်တာမျိုး၊အမြင်အာရုံ ဝေ ၀ါးနေပြီဆိုရင် ဒီနည်းလမ်းကို သုံးပေးပါ။အ ရင်ဆုံး ကွမ်းရွက်ကို ရေစင် အောင် ဆေးလိုက်ပါ။ပြီးရင်တော့ မျက်လုံး ပေါ်မှာ (၁၀)မိနစ် (၁၅)မိနစ် လောက် အုပ် ပေးပါ။ဒီနည်း လေးကိုတော့ တစ်နေ့မှာ နှစ်ကြိမ်၊သုံးကြိမ် လောက် လုပ် ပေးပါ။မျက်လုံး ညောင်းတာတွေ သိသိသာ သာ သက် သာ သွားပါလိမ့်မယ်။
Ref:medicalnewstoday",4.0,2.0,2.0,4.0,4.0,"The text provides practical, actionable health advice for eye strain suitable for a general audience. It includes specific exercises and a traditional Burmese remedy (betel leaf). The structure is clear and instructional, though it lacks deep scientific analysis. It is written in natural, accessible Burmese with minor formatting spacing issues."
<urn:uuid:69bb149f-c49d-46f9-9b8a-54e3040e030f>,"သွားကျန်းမာရေးဟာ လူတစ်ယောက်အတွက် သိပ်ကိုအရေးကြီးပါတယ်နော်။ သင့်ရဲ့ လှပတဲ့ သွားလေးတွေကို ထိခိုက်ပျက်ဆီးစေတဲ့ အစားအစာတွေကို မျှဝေပေးချင်ပါတယ်။
၁။ သကြားလုံးတွေ
သကြားလုံးတွေဟာ ကြည့်လိုက်ရင် စားချင်စရာလေးဖြစ်ပြီး ကလေးတွေလည်း သိပ်ကိုကြိုက်ကြပါတယ်။ ဒါပေမယ့် ဒီ သကြားလုံးလေးတွေဟာ သွားတွေကို ထိခိုက်ပျက်ဆီးစေပါတယ်။ သကြားလုံးတွေကို ကိုက်မိရင် သွားကျိုးတာ (သို့) သွားပဲ့တာတွေဖြစ်စေပါတယ်။ အချိန်တန်ကြာစားမယ်ဆိုရင်တော့ သွားခေါင်းပေါက်ဖြစ်တာ သွားတွေကို ယိုယွင်းပျက်ဆီးစေတာမျိုးဖြစ်စေပါတယ်။ ကလေးတွေအတွက်ရော လူကြီးတွေအတွက်ပါ သကြားမပါတဲ့ ပီကေကို ပြောင်းဝါးပေးပါ။
၂။ ရေခဲတုံး
တကယ်တော့ ရေခဲတုံးဆိုတာ ရေနဲ့လုပ်တာဖြစ်ပြီး သကြားလည်းမပါဝင်လို့ သွားအတွက်ကောင်းမွန်တယ်လို့ ထင်နိုင်ပါတယ်။ ဒါပေမယ့် ရေခဲတုံးတွေဟာ ၀ါးစားဖို့အတွက်မဟုတ်ပါဘူး။ ၀ါးလိုက်ရင် သင့်ရဲ့သွားလေးတွေကို ထိခိုက်ပျက်ဆီးစေနိုင်ပါတယ်။ ရေခဲအစား ရေသောက်ပါ။
၃။ Citrus Fruit (အချဉ်ဓါတ်ပါတဲ့အသီး)
သံပုယိုသီး ၊ သံပုရာသီး၊ လိမ္မော်သီး၊ Grapefruit စတဲ့ အက်ဆစ်ပါတဲ့ အသီးတွေဟာ သင့်ရဲ့သွားလေးတွေကို ကြွေစေပြီး အချိန်တွေကြာလာတာနဲ့အမျှ သွားတွေ ယိုယွင်းပျက်ဆီးလာစေပါတယ်။ သံပုယိုသီး (သို့) သံပုရာသီးကို ရေထဲညှစ်ပြီးသောက်တာကတော့ ခန္တာကိုယ်အတွက်ပါကောင်းမွန်ပေမယ့် သင့်ခံတွင်းကျန်းမာရေးအတွက်တော့အကောင်းဆုံး နည်းလမ်းတစ်ခုမဟုတ်ပါဘူး။ အဲဒီအစား ရိုးရိုးရေပဲသောက်ပါ။
၄။ ကော်ဖီ
ကော်ဖီ နဲ့ လက်ဖက်ရည် (ရေနွေးကြမ်း (သို့) ခါးရည်) တွေဟာ လူအများစု ရွေးချယ်သောက်သုံးကြပါတယ်။ ဒါပေမယ့် သကြားမထည့်ဘဲ သောက်တာရှားပါတယ်။ ကော်ဖီနဲ့ လက်ဖက်ရည်မှာပါတဲ့ ကဖိန်းဓါတ်ဟာ သင့်ရဲ့ခံတွင်းကိုခြောက်သွေ့စေပါတယ်။ မကြာခဏသောက်ပေးမယ်ဆိုရင် သွားလေးတွေကို ပျက်ဆီးစေပါတယ်။
၅။ စေးကပ်တဲ့အစားအစာတွေ
ကျန်းမာတဲ့ သရေစာအဖြစ် လူတွေအများစုဟာ အခြောက်လှန်းထားတဲ့အသီးတွေ ယိုတွေ စားသုံးကြပါတယ်။ ဒါပေမယ့် အဲဒီသရေစာတွေဟာ စေးကပ်တဲ့အစားအစာတွေဖြစ်ပြီး သင့်ရဲ့ သွားလေးတွေကို ထိခိုက်ပျက်ဆီးစေပါတယ်။ စားပြီးတိုင်းမှာ ပလုတ်ကျင်းပေးဖို့လိုသလို သွားသေချာတိုက်ပေးဖို့လိုပါတယ်။
၆။ အာလူးကြော်
အာလူးကြော်မှာ ကော်မှုန့်တွေအများအပြားပါဝင်ပြီး သင့်ရဲ့သွားလေးကို ပျက်ဆီးစေပါတယ်။ လူတွေအများစု ကြိုက်ပြီး စားသုံးကြတဲ့ အားလူးကြော်လို အစားအစာတွေဟာ သွားချိုး (ဂျိုး) တွေဖြစ်ပေါ်စေပါတယ်။
၇။ ဆိုဒါ (Soda)
သကြားပါဝင်တဲ့အစားအစာတွေ (သို့) အချိုရည်တွေကို ရေရှည်သောက်သုံးမယ်ဆိုရင်တော့ သွားဂျိုးတွေဖြစ်ပေါ်စေပြီး သင့်ရဲ့ သွားလေးတွေကို ထိခိုက်ပျက်ဆီးစေပါတယ်။ဆိုဒါ ၊ ကိုလာ အပါအ၀င် Softdrinks တွေဟာ သင့်ရဲ့ သွားလေးတွေကို ထိခိုက်ပျက်ဆီးစေပါတယ်။ ဒီလို Softdrink တွေသောက်တိုင်း ရေတစ်ခွက် သောက်ပေးပါ။
၈။ အရက်
အရက်ဟာ ရေဓါတ်ခမ်းခြောက်စေပြီး ခံတွင်းခြောက်စေပါတယ်။ အရက်များများသောက်တဲ့သူတွေဟာ သွားပိုးစားတာ သွားတွေ ယိုယွင်းပျက်ဆီးတာနဲ့ သွားဖုံးရောဂါတို့လို့ ခံတွင်းရောဂါကူးစက်ခြင်းတွေ ဖြစ်ပေါ်စေပါတယ်။ အရက်များများသောက်တာဟာ ခံတွင်းကင်ဆာ ဖြစ်ပွားမှုကို မြင့်မားစေပါတယ်။
၉။ အားဖြည့်အချိုရည်တွေ
အားဖြည့် အချိုရေတွေဟာအားကစားသမားတွေ၊ ကိုယ်လက်လေ့ကျင့်ခန်းလုပ်တဲ့သူတွေအတွက် အထောက်အကူဖြစ်နိုင်ပေမယ့် အမြဲတမ်းအတွက် (ကိစ္စတော်တော်များများအတွက်) မလိုအပ်ပါဘူးလို့ ကလေးအထူးကု အမေရိန်ကန် အကယ်ဒမီ American Academy of Pediatrics အသင်း ကပြောပါတယ်။ သကြားပါဝင်မှုနည်းတဲ့ အချိုရည် (သို့) ရေကိုသာ ရွေးချယ်သောက်သုံးသင့်ပါတယ်။",4.0,2.0,2.0,5.0,4.0,"The text provides clear, practical health advice suitable for a general audience or school-level education. It uses a structured list format to explain how various foods affect dental health. The language is natural and culturally appropriate for Burmese speakers, though the reasoning is straightforward rather than complex or analytical."
<urn:uuid:fbc050fb-2e05-4029-804b-f9a205b1bd35>,"ကယားမှာလည်း တိုင်းရင်းသားအရေးဆွေးနွေးဖို့ တွေ့ဆုံပွဲပျက်ပြန်ပြီ
အမျိုးသားဒီမိုကရေစီအဖွဲ့ချုပ် (အန်အယ်လ်ဒီ) ကိုယ်စားလှယ်အဖွဲ့နဲ့ ကယားပြည်နယ်ဒီမိုကရက်တစ်ပါတီတို့ တွေ့ဆုံဆွေးနွေးဖို့ အစီအစဉ် နှစ်ဖက်နေရာ ညှိနှိုင်းလို့ အဆင်မပြေတာကြောင့် ပျက်သွားခဲ့ပါတယ်။
မကွေးတိုင်းဝန်ကြီးချုပ် ဒေါက်တာ အောင်မိုးညို၊ ကရင်ပြည်နယ်ဝန်ကြီးချုပ် ဒေါ်နန်းခင်ထွေးမြင့်နဲ့ အမျိုးသားလွှတ်တော်ကိုယ်စားလှယ် ဦးအင်ထုံခါးနော်ဆန်တို့ပါဝင်တဲ့ အန်အယ်ဒီ ကိုယ်စားလှယ်အဖွဲ့ဟာ ဒေသခံတိုင်းရင်းသားပါတီ တွေနဲ့ တွေ့ဆုံဆွေးနွေးဖို့ ဇန်နဝါရီ ၁၁ ရက်ကတည်းက ကယားပြည်နယ် လွိုင်ကော်မြို့ကို ရောက်ရှိလာတာပါ။
NLD ကိုယ်စားလှယ်အဖွဲ့
ဒီကနေ့မွန်းလွဲပိုင်းမှာ ၂၀၂၀ ရွေးကောက်ပွဲ အနိုင်ပါတီဖြစ်တဲ့ ကယားပြည်နယ် ဒီမိုကရက်တစ်ပါတီနဲ့တွေ့ဆုံဖို့ အန်အယ်လ်ဒီပြည်နယ်ရုံးမှာ စီစဉ်ထားခဲ့တာလို့ ကယားပြည်နယ် အန်အယ်ဒီ ပါတီ ဥက္ကဋ္ဌ ဦးသောင်းဌေးက ပြောပါတယ်။
ကယားပြည်နယ် ဒီမိုကရက်တစ်ပါတီအတွင်းရေးမှူးလည်းဖြစ် တွေ့ဆုံဆွေးနွေးရေး ကော်မီတီ ပြောခွင့်ရသူ ဦးသဲရယ်ကတော့ တွေ့ဆုံမယ့်နေရာ အဆင်မပြေတာကြောင့် ဆွေးနွေးမယ့်အစီအစဉ် မအောင်မြင်ခဲ့ဖူးလို့ ပြောပါတယ်။
“မနက်အစောကြီး ဒေါက်တာအောင်မိုးညို ကျနော့်ကို ဖုန်းဆက်တယ်။ ကျနော်က သူတို့ကို ပြောတယ်။ ပါတီကနေ ဆုံးဖြတ်ချက်အရဆိုရင် ကျနော်တို့ပါတီရုံးမှာပဲ လာတွေ့ဖို့၊ တကယ်လို့ ကျနော်တို့ ပါတီရုံးမှာ လာမတွေ့နိုင်ဘူးဆိုရင် တတိယနေရာမှာ တွေ့ကြရအောင်လို့ ကျနော် ပြောတော့ သူက သူ့ပါတီဗဟိုရဲ့ ဆုံးဖြတ်ချက်အရ သူတို့ ပြည်နယ်အန်အယ်လ်ဒီပါတီရုံးမှာပဲ တွေ့ရမယ်လို့ ပြောတဲ့အတွက် သူတို့ကတော့ တခြားနေရာမှာ သွားတွေ့စရာ အကြောင်းမရှိဘူးပေါ့နော်။ အဲဒီတော့ အခု သေချာတာ မဖြစ်တော့ဘူးပေါ့။ မတွေ့ဖြစ်ဘူးဆိုတာက ကျနော်တို့အတွက်လည်း ပြဿနာမရှိဘူးလို့ဆိုပေမဲ့ ကျနော်တို့ ဒီမိုကရက်တစ် အင်အားစုအချင်းချင်း လက်တွဲရမယ့်ကိစ္စတွေမှာ မအောင်မြင်ဘူးလို့ ပြောလို့ရတာပေါ့။ ဒီဟာနဲ့ပတ်သက်ပြီး သူတို့ဘက်ကလည်း ပြန်သုံးသပ်ဖို့ လိုသလို ကျနော်တို့ဘက်ကလည်း ပြန်သုံးသပ်ဖို့ လိုတယ်လို့ ကျနော်ကတော့ ယူဆတယ်”။
NLD ကိုယ်စားလှယ်အဖွဲ့ ကချင်မှာဆွေးနွေးခဲ့စဉ်
ကယားပြည်နယ်ဒီမိုကရက်တစ်ပါတီအနေနဲ့ အန်အယ်ဒီရုံးမှာ သွားမတွေ့နိုင်ဘဲ တတိယနေရာတစ်ခုမှာ တွေ့ဆုံဖို့ စီစဉ်ရတာဟာ နိုင်ငံရေးအရ၊ ဂုဏ်သိက္ခာအရ စဉ်းစားရတာဖြစ်တယ်လို့လည်း ဦးသဲရယ်က ပြောပါတယ်။
“ကျနော်တို့ပါတီအချင်းချင်းကြားမှာ အပြန်အလှန် လေးစားတဲ့အနေနဲ့ သူ့ဘက် ကိုယ့်ဘက် ဆွဲယူတာမျိုး မဖြစ်သင့်ဘူးလို့ ကျနော်တို့ မြင်တာပဲ။ တတိယနေရာဆိုရင် အားလုံးအတွက် ပိုအဆင်ပြေမယ်၊ လွတ်လွတ်လပ်လပ်လည်း ဖြစ်တာပေါ့။ ကျနော်တို့က မာနကြီးလို့၊ သူတို့ကို အထင်သေးလို့ မဟုတ်ပါဘူး။ နှစ်ဘက်စလုံးအတွက် စဉ်းစားပြီး ရွေးချယ်တာပါ။ သူတို့ရုံးကို သွားဖို့ ဆိုတာကလည်း တချို့ကိစ္စရပ်တွေက နိုင်ငံရေးအရ၊ ဂုဏ်သိက္ခာအရ အများကြီး စဉ်းစားရတဲ့အပိုင်းတွေ ရှိပါတယ်။ ရွေးကောက်ပိုင်းမတိုင်ခင်တုန်းက အန်အယ်လ်ဒီပါတီဘက်က ပြောတဲ့ စကားတချို့အကြောင်းလည်း ရှိတာပေါ့။ ဘယ်တိုင်းရင်းသားပါတီနဲ့မှ မပေါင်းဘူးလို့ ပြောခဲ့တာ ရှိတယ်။ နောက်တခုက တိုင်းရင်းသားအခွင့်အရေးတွေ ရချင်တယ်ဆိုရင် အန်အယ်လ်ဒီ အောက်ကနေ ဝင်ပြီး အန်အယ်လ်ဒီကနေ တောင်းဆိုကြပါဆိုတဲ့ စကားတွေပေါ့နော်။ အခု ကျနော်တို့ တိုင်းရင်းသားပါတီက ခေါ်ယူတွေ့ဆုံပြီး အန်အယ်လ်ဒီ စကားအတိုင်း ကျနော်တို့ လိုက်လုပ်မယ်ဆိုရင် သူတို့ကို ကျနော်တို့က အောက်ကျို့ခံ အညံ့ခံတဲ့ သဘောမျိုးလည်း ဖြစ်သွားနိုင်တယ်။ ”
ကယားပြည်နယ် ဒီမိုကရက်တစ်ပါတီနဲ့တွေ့ဆုံဖို့ အန်အယ်လ်ဒီပြည်နယ်ရုံးမှာ စီစဉ်ထားခဲ့
ကယားပြည်နယ်ဒီမိုကရက်တစ်ပါတီအနေနဲ့ အန်အယ်ဒီနဲ့တွေဆုံဖို့ ကိုယ်စားလှယ် ၅ ဦးကို ရွေးချယ်ထားပြီး နိုင်ငံရေးကိုအဓိက ဦးစားပေးဆွေးနွေးသွားဖို့ရှိသလို လွှတ်တော်အစိုးရ ဖွဲ့စည်းတဲ့အခါမှာ ပါဝင်နိုင်ရေးကိစ္စတွေကို ဆွေးနွေးဖို့ရှိကြောင်းလည်း ဦးသဲရယ်က ပြောပါတယ်။
အန်အယ်လ်ဒီ ကိုယ်စားလှယ်အဖွဲ့ကတော့ လွိုင်ကော်မြို့ရှိ ပါတီရုံးမှာ ကယားပြည်နယ်ဒီမိုကရက်တစ်ပါတီတာဝန်ရှိသူတွေကို စောင့်နေဆဲဖြစ်ပါတယ်။
ဦးသဲရယ်
အန်အယ်ဒီအနေနဲ့ ၂၀၂၀ ရွေးကောက်ပွဲအပြီး တိုင်းရင်းသားပါတီ ၄၈ ပါတီကိုဆွေးနွေးဖို့ ဖိတ်ခေါ်ထားပြီး မကွေးတိုင်းဝန်ကြီးချုပ် ဒေါက်တာအောင်မိုးညို၊ ကရင်ပြည်နယ်ဝန်ကြီးချုပ် နန်းခင်ထွေးမြင့် အမျိုးသားလွှတ်တော် ကိုယ်စားလှယ်ဦးအင်ထုံခါးနော်ဆန်တို့ကို တိုင်းရင်းသားတွေနဲ့ တွေ့ဆုံဖို့ တာဝန်ပေးအပ်ခဲ့တာဖြစ်ပါတယ်။
အန်အယ်ဒီပါတီ ကိုယ်စားလှယ်အဖွဲ့ဟာ ရွေးကောက်ပွဲအနိုင်ရထားတဲ့ ကချင်ပြည်နယ် ပြည်သူ့ပါတီနဲ့ ကချင်ပြည်နယ်မှာ သွားရောက်တွေ့ဆုံခဲ့ပြီး မွန်ညီညွတ်ရေး ပါတီနဲ့တွေ့ဆုံဖို့ မွန်ပြည်နယ်ကိုရောက်ရှိချိန်မှာတော့ တွေ့ဆုံမယ့်နေရာကိစ္စကြောင့် ဆွေးနွေးပွဲ ပျက်ခဲ့ပါတယ်။
Source: DVB",2.0,3.0,2.0,4.0,5.0,"The text is a journalistic report on political negotiations in Myanmar. It provides factual information about political dynamics, requiring basic reasoning to understand the conflict. It is written in natural, authentic Burmese, reflecting local political context and terminology. It is clean, though it contains some boilerplate-like captions and source attribution."
<urn:uuid:4464247d-4258-452e-8232-966ce8d7f31a>,"လူသားချင်းစာနာထောက်ထားမှု သူရဲကောင်းဆု ဒေါက်တာ စင်သီယာမောင် ရရှိ
သတင်းနှင့် မီဒီယာ ကွန်ရက်။
နိုဝင်ဘာလ ၁၉ ရက်နေ့၊ ၂၀၁၆ ခုနှစ်။
ထိုင်းမြန်မာနယ်စပ်မြို့ဖြစ်သည့် မဲဆောက်မြို့တွင်ရှိသော မယ်တော်ဆေးခန်းတည်ထောင်သူ မြန်မာနိုင်ငံသူတစ်ဦးဖြစ်သည့် ဒေါက်တာ စင်သီယာမောင် ကို နိုင်ငံတကာ အကူအညီပေးရေး အဖွဲ့အစည်းတစ်ခုဖြစ်သော AidEx အဖွဲ့မှ ၂၀၁၆ ခုနှစ် လူသားချင်း စာနာထောက်ထားမှုဆိုင်ရာ လူစွမ်းကောင်းဆု AidEx Humanitarian Hero Award 2016 ကို ရွေးချယ်ချီးမြှင့်လိုက်သည်။
ဆုပေးပွဲအခမ်းအနားကို ဘယ်လ်ဂျီယံနိုင်ငံ ဘရတ်ဆဲလ်မြို့တွင် နိုဝင်ဘာလ ၁၆ ရက်နေ့က AidEx အဖွဲ့မှနေ၍ ဆုပေးအပ်ပွဲအခမ်းအနားကျင်းပခဲ့တာဖြစ်သည်။
ဒေါက်တာ စင်သီယာမောင် သည် ကိုယ်ကျိုးမဖက် စေတနာနှင့် လူထုအကျိုးပြုလုပ်ငန်းများအား စွမ်းစွမ်းတမံ လုပ်ဆောင်နေခြင်းကြောင့် ရွေးချယ်ပေးအပ်ခဲ့ခြင်း ဖြစ်သည်။
ဆုနှင့်ပတ်သက်၍ စင်ကာပူခရီးစဉ်မှ ထိုင်းနိုင်ငံကို ပြန်ရောက်လာသည့် ဒေါက်တာ စင်သီယာမောင် မှ ယခုလို ပြောဆိုသည်။
အဲ့ဒီဆုအနေအထားကတော့ အခု လက်ရှိ နိုင်ငံတကာမှာဖြစ်နေတဲ့ ဒုက္ခသည်ပြသနာ တွေကို လည်း သူတို့ ထပ်ပြီးတော့ မီးမောင်းထိုးပြတာဖြစ်သလိုပေါ့နော် ကျမတို့ အနေနဲ့လည်း မြန်မာနိုင်ငံ နယ်စပ်ဒေသအသီးသီးမှာ ဒီ ဒုက္ခသည်ပြသနာ ရှိနေသေးတယ်ဆိုတာရယ် နောက် တော့ တချို့ ဒုက္ခသည်တွေ အိမ်ပြန်ရေးတို့ ကိစ္စတွေကလည်း ဒီလို မငြိမ်သက်မှုတွေ ရှိနေတဲ့ အပေါ်မှာတော့ အခက်အခဲရှိတယ်ဆိုတဲ့အကြောင်းကို ဒီ လူသားချင်း စာနာထောက်ထားမှု အပိုင်းမှာရော နော် ငြိမ်းချမ်းရေး တည်ဆောက်မှု ဖြစ်စဉ်ကိစ္စတွေရော ဒုက္ခသည် ပြသနာတွေ ဖြေရှင်းဖို့လိုအပ်တယ်ဆိုတာကိုလည်း ကျမတို့ ပိုပြီးတော့ ဒါ မီးမောင်းထိုးပြတာ ဖြစ်ပါတယ်။
ဒေါက်တာ စင်သီယာမောင် သည် ၁၉၈၈ ဒီမိုကရေစီ အရေးတော်ပုံကြီး ဖြစ်ပွားခဲ့ပြီးသည့် နောက်ပိုင်း ထိုင်း မြန်မာ နယ်စပ်ရောက်ရှိလာသည်။ ၁၉၈၉ ခုနှစ်တွင် ကျောင်းသားဆေးခန်း ဟု လူသိများသည့် မယ်တော်ဆေးခန်းကို စတင်တည်ထောင်ခဲ့၍ နယ်စပ်ဒေသတွင်ရှိသော မြန်မာရွှေ့ပြောင်း အလုပ်သမားများနှင့် စစ်ပြေးဒုက္ခသည်များအား ကျန်းမာရေး ပညာရေး စသည့် လူမှုရေး စောင့်ရှောက်မှုများကို လုပ်ကိုင်နေသူ ဖြစ်သည်။
AidEx အဖွဲ့မှ ပေးအပ်သည့် ၂၀၁၆ ခုနှစ် လူသားချင်း စာနာထောက်ထားမှုဆိုင်ရာ လူစွမ်းကောင်း ဆုကို မြန်မာနိုင်ငံက ဒေါက်တာ စင်သီယာမောင်ကို နောက်ဆုံး ဇကာတင် ၅ ဦးထဲမှ ရွေးချယ်ခဲ့ခြင်း ဖြစ်သည်။
နောက်ဆုံးဇကာတင်စာရင်းတွင် အခြားပါဝင်ခဲ့သူများမှာ အမျိုးသမီးများအပေါ် လိင်ပိုင်းဆိုင်ရာ စော်ကားမှုအပေါ် ဆန့်ကျင်လှုပ်ရှားသူ Jaha Dukureh၊ နိုင်ငံတကာ လူထုအကျိုးပြု လူမှုရေး လုပ်ငန်းထူထောင်သူ Dr Martin Fisher၊ အမေရိကန်နိုင်ငံ လူထုအကျိုးပူးပေါင်းဆောင်ရွက်မှု အဖွဲ့ထူထောင်သူ Shaima Ai Zarooni တို့ ဖြစ်သည်။
ဒေါက်တာ စင်သီယာမောင် သည် ၂၀၁၃ ခုနှစ်တွင် ဆစ်ဒနီ ငြိမ်းချမ်းရေးဆု ချီးမြှင့်ခံရပြီး Ramon Magsaysay ဆု၊ အာရှဒီမိုကရေစီနှင့် လူ့အခွင့်အရေးဆု၊ တိုင်းမ် မဂ္ဂဇင်း ၏ အာရှ သူရဲကောင်းဆု၊ ဆွစ်ဇလန် နှင့် အမေရိကန် ကျန်းမာရေးအဖွဲ့များမှ ချီးမြင့်သည့် Jonathan Mann Award ဆု များ အပါအဝင် နိုင်ငံတကာမှ ပေးအပ်သည့် ဆုပေါင်း ၂၄ ဆုရရှိခဲ့ပြီး ယခုဆုသည် ၂၅ ဆုမြောက် ရရှိခြင်း ဖြစ်သည်။",3.0,2.0,2.0,5.0,5.0,"The text is a well-written, clean news report about a prominent Burmese figure. It provides educational value regarding humanitarian work and regional history. It uses natural, authentic Burmese phrasing and honorifics, reflecting local context accurately. The reasoning is straightforward, focusing on reporting facts and quotes rather than complex analysis."
<urn:uuid:e7bf326a-118a-4d18-9d1e-1868213f0c4b>,"ဒီဆေးဝါးတွေဟာ စိတ်ကျရောဂါတွေအပြင် တခြားသော စိတ်ကျန်းမာရေးပြဿနာတွေကို ကုသပေးတဲ့နေရာမှာ တော်တော်လေး အသုံးတည့်တဲ့အတွက် ကိုယ့်သဘောနဲ့ကိုယ် ဆေးဖြတ်တာမျိုးမလုပ်ဘဲ ဆရာဝန်နဲ့ အရင်ဆုံးတိုင်ပင်သင့်ပါတယ်။ ဆေးပြောင်းတာဖြစ်စေ ဒါမှမဟုတ် ကိုယ့်ရဲ့ စိတ်ကျန်းမာရေးအခြေအနေပေါ် မူတည်ပြီး ဆေးရပ်သင့်၊ မရပ်သင့်ကို ဆုံးဖြတ်ပေးသွားမှာပါ။
၃။ ဆီးကျိတ်ပြဿနာများ
ဆီးစွန့်ပြွန်ကနေ သုက်ရည်တွေကို သယ်ဆောင်ပေးပြီး လိင်တံထိပ်မှ အပြင်ဘက်သို့ သုက်ထွက်စေဖို့ ကူညီပေးတာကတော့ ဆီးကျိတ်ပါပဲ။ ဒီဆီးကျိတ်မှာ ပြဿနာတစ်ခုခု ဖြစ်နေပြီဆိုရင်တော့ ပုံမှန်မဟုတ်တဲ့ သုက်ရည်စိမ့်ထွက်ခြင်းတွေ ဖြစ်စေနိုင်ပါတယ်။ ဥပမာ – ဘက်တီးရီးယားပိုးဝင်တာ၊ ဆီးကျိတ်ရောင်နေတာ၊ ဆီးကျိတ်ပတ်လည်မှာ ရှိနေတဲ့ အာရုံကြောတွေ ထိခိုက်မိတာကြောင့် ဆီးကျိတ်ကြီးလာတာမျိုးပါ။
ဆီးသွားနေစဉ် ပူစပ်ပူလောင်ဖြစ်တာ၊ ဆီးထဲ သွေးပါတာ၊ အဖြူနောက်နောက်ရောင် ဆီးတွေထွက်လာတာ၊ သုက်လွှတ်တဲ့အခါ မူမမှန်တဲ့ ပြောင်းလဲမှုမျိုးဖြစ်တာ၊ သုက်လွှတ်စဉ် နာကျင်တဲ့ လက္ခဏာတွေ တွေ့ရရင် ဆရာဝန်နဲ့ အမြန်ဆုံးပြသတာ အကောင်းဆုံးပါပဲ။ ကိုယ်ဖြစ်နေတဲ့ ပြဿနာကို အရင်စစ်ဆေးပြီးတဲ့အခါမှ ဘက်တီးရီးယား ပိုးသတ်ဆေးပေးတာ၊ ဆီးကျိတ်ကြီးခြင်း သို့မဟုတ် ဆီးကျိတ်ကင်ဆာအတွက် ခွဲစိတ်ကုသမှုခံယူတာ လုပ်လို့ရပါတယ်။
၄။ အာရုံကြောစနစ်ကို ထိခိုက်မိတာ
အာရုံကြောစနစ်ထိခိုက်မိတဲ့အခါ သုက်လွှတ်ရာမှာ ပြောင်းလဲမှုတွေ ဖြစ်တတ်ပြီး ပုံမှန်မဟုတ်တဲ့ သုက်ရည်ယိုစိမ့်ခြင်းတွေ ဖြစ်တတ်ပါတယ်။ အသက်ကြီးတာ၊ ကျောရိုး သို့မဟုတ် လိင်အင်္ဂါပတ်လည်ကို ထိခိုက်မိတာ၊ ရောဂါပိုးဝင်တာ၊ ခွဲစိတ်ကုသမှု ခံယူတာတွေဟာ သုက်လွှတ်ခြင်းကို လှုံ့ဆော်ပေးတဲ့ ဦးနှောက်အာရုံကြောတွေကို သွားပြီး သက်ရောက်မှုဖြစ်စေပါတယ်။
အာရုံကြော ပိုးဝင်ပြီး ရောင်ရမ်းတဲ့အခြေအနေဟာ ကုသလို့လွယ်ပေမယ့် ခွဲစိတ်ကုသတာ၊ ကင်ဆာကုထုံး ကုသမှုခံယူတာ၊ ဦးနှောက်အာရုံကြောနဲ့ သက်ဆိုင်တဲ့ ရောဂါတွေကြောင့်ဆိုရင်တော့ အနည်းငယ် ကုသဖို့ ခက်ပါလိမ့်မယ်။",3.0,2.0,3.0,5.0,4.0,"The text provides clear, accurate medical information regarding prostate and neurological issues affecting ejaculation. It is well-structured, uses natural Burmese medical terminology, and is accessible to a general audience. It lacks complex reasoning or academic depth but serves as a helpful, coherent health-education resource."
<urn:uuid:4df0d03a-b697-42e4-be4f-c5e3e910c0c6>,"ပြည်သူတွေ ကိုဗစ်ကာကွယ်ဆေးထိုးနှံရန် ကြောက်ရွံ့စိုးရိမ်စိတ်တွေ မရှိကြဖို့ ကျန်းမာရေးတာဝန်ရှိသူတွေ တိုက်တွန်းခဲ့ပြီး ဘေးထွက်ဆိုးကျိုးနည်းပြီး အကျိုးများတဲ့ ကာကွယ်ဆေးဖြစ်တာကြောင့် ပြည်သူတွေ အားလုံး ထိုးနှံကြဖို့ ရန်ကုန်တိုင်းပြည်သူ့ကျန်းမာရေးနှင့်ကုသရေးဦးစီးဌာနမှ ဒုတိယညွှန်ကြားရေးမှူးချုပ် ဒေါက်တာထွန်းမြင့်က ပြောကြားလိုက်ပါတယ်။
ဒီကနေ့ ဇန်နဝါရီလ(၂၇) ရက်နေ့က ရန်ကုန်တိုင်း ပြည်သူ့ဆေးရုံကြီးမှာ ပြုလုပ်ခဲ့တဲ့ ပထမဆုံး ကိုဗစ်ကာကွယ်ဆေးထိုးနှံခြင်း အခမ်းအနားမှာ ပြောကြားခဲ့တာဖြစ်ပါတယ်။
“ ကာကွယ်ဆေးထိုးနှံတာ အားလုံးထိုးနှံစေချင်ပါတယ်။ side effect လည်းအနည်းဆုံးနဲ့ အကျိုးအများဆုံးဆေးဖြစ်တဲ့အတွက် ထိုးနှံကြဖို့ မေတ္တာရပ်ခံချင်ပါတယ်။ ကာကွယ်ဆေးရရှိမှု အခြေအနေပေါ်မူတည်ပြီး ဦးစားပေးထိုးနှံသွားကြမယ့် အုပ်စုတွေကိုလည်း ခွဲခြားထားတာရှိပါတယ်။ အဲဒါကြောင့် ကိုယ့်အလှည့်ကျတဲ့အထိ ခေတ္တသည်းခံပြီးစောင့်ဆိုင်းပေးဖို့လည်း မေတ္တာရပ်ခံချင်ပါတယ်” လို့ ဒေါက်တာထွန်းမြင့်က ဆိုပါတယ်။
ဒီကနေ့မှာတော့ ရန်ကုန်တိုင်းအတွင်းက ပြည်သူ့ဆေးရုံကြီးက ကျန်းမာရေးဝန်ထမ်း (၂၀၀) နဲ့ ဧရာဝတီကိုဗစ်ကုသရေးစင်တာက ကျန်းမာရေး ဝန်ထမ်း (၁၀၀) ထိုးနှံသွားမှာဖြစ်ပြီး ကျန်တဲ့ဆေးရုံတွေကလည်း ရရှိထားတဲ့ ကိုဗစ်ကာကွယ်ဆေးပမာဏအပေါ်မူတည်ကာ ထိုးနှံသွားမှာဖြစ်တယ်လို့လည်း သိရပါတယ်။
ရန်ကုန်တိုင်းအတွင်း ကိုဗစ်ကာကွယ်ဆေးပထမဆုံးထိုးနှံသူအဖြစ် ရန်ကုန်ပြည်သူ့ဆေးရုံကြီးမှ အသက် (၅၇) နှစ်အရွယ် သူနာပြုအုပ်ဆရာမကြီး ဒေါ်သက်သက်သိန်းက ထိုးနှံခဲ့တယ်လို့လည်း သိရပါတယ်။ သူနာပြုအုပ်ဆရာမကြီး ဒေါ်သက်သက်သိန်းက သွေးတိုးရောဂါအခံ အနည်းငယ်ရှိပေမယ့် ကာကွယ်ဆေးထိုးချိန်နဲ့ ထိုးပြီးချိန်မှာလည်း နာကျင်မှုမခံစားရဘဲ ထူးထူးခြားခြားလက္ခဏာ ခံစားရတာမျိုးမရှိဘူးလို့လည်း ဆိုပါတယ်။
“ ကျွန်မက သွေးတိုးနည်းနည်းရှိတော့ နေ့တိုင်း ဆေးသောက်တာတော့ ရှိတယ်။ ဒီနေ့ မနက်က ဆေးထိုးမယ်ဆိုတော့ နည်းနည်းလေးစိတ်လှုပ်ရှားတယ်။ကာကွယ်ဆေးထိုးမှာ နာမယ်လို့ ဖတ်ထားရတော့ ကျွန်မက နာမလားစိုးရိမ်တယ်။ အခုထိုးတဲ့အချိန်မှာ လုံးလုံးကို မနာပါဘူးရှင့်” လို့လည်း သူနာပြုအုပ်ဆရာမကြီး ဒေါ်သက်သက်သိန်းက ဆိုပါတယ်။
ကာကွယ်ဆေးထိုးထားတဲ့ ကျန်းမာရေးဝန်ထမ်းတွေအနေနဲ့ ကာကွယ်ဆေးထိုးပြီးပြီးချင်း နာရီဝက်ခန့် အနားယူရမှာဖြစ်ပြီး ပုံမှန်အတိုင်းလုပ်ငန်းခွင်ပြန်ဝင်ရမှာဖြစ်တယ်လို့လည်း သိရပါတယ်။ ဒီကနေ့မှာတော့ ပထမအကြိမ် ကာကွယ်ဆေးထိုးနှံရမှာဖြစ်ပြီး ဒုတိယအကြိမ်အဖြစ် လေးပတ်အကြာမှာ ပြန်လည်ထိုးနှံရမှာဖြစ်ပြီး ပထမအကြိမ်ထိုးပြီးချိန်နဲ့ ဒုတိယအကြိမ်မထိုးခင်ကာလတွေမှာ Mask တပ်တာ၊လက်ဆေးတာ၊ခပ်ခွာခွာနေထိုင်တာတွေ လုပ်ဆောင်ရမှာဖြစ်တယ်လို့လည်း ဆိုပါတယ်။
ရန်ကုန်တိုင်းမှာတော့ ကျန်းမာရေးဝန်ထမ်းစုစုပေါင်း (၂၅,၄၅၉) ဦးရှိပြီး ကိုဗစ်ကာကွယ်ဆေး (၂,၈၅၈) လုံးရရှိထားတယ်လို့လည်း ရန်ကုန်တိုင်းပြည်သူ့ကျန်းမာရေးဦးစီးဌာနက သိရပါတယ်။ ကိုဗစ်ကာကွယ်ဆေးတစ်လုံးကို ကျန်းမာရေးဝန်ထမ်း (၁၀) ဦးခန့်ထိုးနှံနိုင်တာဖြစ်လို့ ရန်ကုန်တိုင်းက ကျန်းမာရေးဝန်ထမ်းတွေအတွက် ကိုဗစ်ကာကွယ်ဆေးလုံလောက်တယ်လို့လည်း ဒေါက်တာထွန်းမြင့်က ပြောကြားခဲ့ပါတယ်။",3.0,2.0,2.0,5.0,5.0,"The text provides clear, factual information about a public health initiative. It is well-structured, coherent, and uses natural Burmese language with appropriate honorifics and local context. It serves as a reliable informational report, though it lacks deep analytical reasoning or complex academic content."
<urn:uuid:ceb99bf4-aecc-4e91-b838-7ce7a6ca2f3e>,"ကျန်းမာရေးဝန်ထမ်းတွေမှာ ကိုဗစ် စစ်ဆေးစရာ Test Kit ပြတ်နေပြီး မှောင်ခိုစျေးကွက် ပေါ်ပေါက်..
ကိုဗစ်-၁၉ ဟာ ရာသီတုတ်ကွေး အပြင်းစားလိုမျိုးနဲ့ ၁၂ ရာသီ ရှိနေမယ့် သဘောမျိုးတွေ ကမ္ဘာက ခန့်မှန်းနေကြချိန်မှာ ကျနော်တို့ ကျန်းမာရေးဝန်ထမ်းတွေ လက်ထဲမှာ စစ်ဆေးစရာ Test အလွယ်တကူ ရှိမနေတာ ကျနော်တို့အတွက် ရတက်မအေးဖွယ်ပါပဲ။
တတိယလှိုင်းများ လာခဲ့မယ်ဆိုရင် ကျန်းမာရေးဝန်ထမ်း (Both private and public) တွေ လက်ထဲမှာ Test လေးတွေ အလွယ်တကူ ရှိနေခဲ့ရင် ကောင်းမယ်လို့ စိတ်ကူးမိပါရဲ့။ Public ဆေးရုံက ကျန်းမာရေးဝန်ထမ်းတွေအတွက် အလွယ်တကူ စစ်လို့ ရကောင်းရပေမယ့် ကျနော်တို့ မြန်မာပြည်လို Public နဲ့ Private ကျန်းမာရေးဝန်ထမ်းတွေ သီးခြားစီ ရပ်တည်နေကြတဲ့ နိုင်ငံမျိုးမှာ၊ Private Sector ကြီးနေတဲ့ နိုင်ငံမျိုးမှာ၊ တတိယလှိုင်း အမှီ Test တွေ ရထားစေ့ချင်တာပါပဲ။
တရားဝင်မရတော့လည်း မှောင်ခို စစ်ဆေးတာတွေ ဖြစ်လာပါတယ်။ ဒီလူနာ ဆိုရင် Quality မသေချာတဲ့ RDT နဲ့ စစ်ဆေးတာကို Private GP တစ်ခုမှာ ခံယူခဲ့ပါသတဲ့။ စစ်ခ ၄၀၀၀၀ ပေးရသတဲ့။ အဖြေကျတော့ Indeterminate (Positive လိုလို Negative လိုလို Line မှိန်မှိန်ကလေး) ပေါ်လာရော။ တကယ်ဆို PCR နဲ့ Confirm လုပ်ရတော့မှာပေါ့။ ပြဿနာက တရားမဝင်ဟု သတ်မှတ်ထားသော RDT နဲ့ စစ်ဆေးခြင်း ဖြစ်ခဲ့တော့ Public ဆေးရုံကို လွှဲရင် ပြဿနာတွေ ပေါ်လာနိုင်ပြီလေ။
သို့သော် GP ဆရာက ဒါဟာ Positive ပါပဲလို့ အခိုင်အမာ ပြောပြီး တရုတ်ပြည်က ကိုဗစ်ကုသဆေး ၈ သောင်းတန်နဲ့ ကုဖို့ ပြောပါသတဲ့။ ဒီမှာတင် လူနာက GP ဆရာကို မယုံကြည်တော့ဘဲ နောက် ဆေးခန်း တစ်ခုကို ပြောင်းပြပါသတဲ့..
ဒီဖြစ်ရပ်မှာ RDT ကို ခိုးစစ်တာထက် ၈ သောင်းတန်ဆေးကို ရောင်းတာဟာ ပိုတောင် အပြစ်ကြီးသင့်တယ်လို့ ကျနော်တော့ ယူဆပါတယ်။
ဒေါက်တာမောင်မောင်ဦး",2.0,3.0,2.0,5.0,5.0,"The text provides a realistic, culturally authentic account of the challenges faced by the Burmese healthcare sector during the pandemic. It demonstrates logical reasoning regarding the risks of black-market medical practices. The language is natural, professional, and free of boilerplate, reflecting genuine local perspectives on public and private healthcare dynamics."
<urn:uuid:2c996c26-c823-450e-9a93-602042712b22>,"အမျိုးသမီးများ လစဉ်ဓမ္မတာဖြစ်ပေါ်တဲ့အခါမှာ နာကျင်မှုတွေကို ခံစားရပါတယ်။ ဒါဟာ ခန္ဓာကိုယ်မှာရှိတဲ့ အာဟာရတွေ၊ ဓာတ်တွေချို့တဲ့နေတာကြောင့်လည်း ပါဝင်ပါတယ်။ ဒီလိုနာကျင်မှုတွေကို လျော့ပါးသက်သောစေတဲ့ အစားအစာလေးတွေရှိပါတယ်။
(၁) မဂ္ဂနီဆီယမ်
မဂ္ဂနီဆီယမ်ဓာတ် ကြွယ်ဝစွာပါဝင်တဲ့ ဖရုံစေ့၊ မြေပဲ၊ ချောကလက်၊ ဟင်းနုနယ်နဲ့ အစေ့အဆန်တွေဟာ ဓမ္မတာလာစဉ်ဖြစ်ပေါ်တတ်တဲ့ နာကျင်မှုဝေဒနာကို လျော့ပါးသက်သာစေပါတယ်။
(၂) ဂျင်း
ဂျင်းဟာ နာကျင်မှုဝေဒနာတွေကို သက်သာပျောက်ကင်းစေတဲ့ သဘာဝ ဆေးကောင်းတစ်လက်ဖြစ်ပါတယ်။ ဒါကြောင့်မို့လို့ ရာသီလာနေတဲ့အချိန်မှာ ရေနွေးထဲကို ဂျင်းထည့်သောက်တာ၊ ဒါမှမဟုတ် ဂျင်းကို ဝါးစားပေးတာမျိုး ပြုလုပ်ပေးရင် နာကျင်မှုတွေ သက်သာ ပျောက်ကင်းသွားမှာပါ။
(၃) Fatty Acids
မိန်းကလေးတွေအတွက် ကောင်းမွန်တဲ့အဆီကို စားသုံးပေးခြင်းဟာလည်း အရမ်းကို အရေးပါပါတယ်။ ကျန်းမာတဲ့အဆီတွေဟာ ဟော်မုန်းပမာဏကို ညီမျှစေတာကြောင့် ဓမ္မတာလာနေစဉ် ဖြစ်ပေါ်တတ်တဲ့ နာကျင်မှုဝေဒနာတွေကို သက်သာပျောက်ကင်းစေပါတယ်။ ဒါကြောင့်မို့လို့ ကောင်းမွန်တဲ့အဆီတွေပါဝင်တဲ့ အုန်းသီး၊ ထောပတ်သီး၊ သံလွင်ဆီနဲ့ ကြက်ဥ၊ ငါးကြီးဆီတို့ကို စားသုံးပေးသင့်ပါတယ်။
(၄) ဗီတာမင်ဒီ (Vitamin D)
နေရောင်ခြည်ကရရှိတဲ့ ဗီတာမင်ဒီကို အမျိုးသမီးအများစုက လုံလောက်စွာ မရရှိကြပါဘူး။ ဒါကြောင့်မို့လို့ ငါးတွေ၊ နို့နဲ့နို့ထွက်ပစ္စည်းတွေ၊ လိမ္မော်သီးဖျော်ရည်နဲ့ ပဲနို့ကို သောက်သုံးပေးရပါမယ်။ ဗီတာမင်ဒီဆေးတောင့်ကို ပုံမှန်မှီဝဲတဲ့ အမျိုးသမီးတွေဟာ ဓမ္မတာလာစဉ် နာကျင်မှုလျော့နည်းတာကို တွေ့ရှိရပါတယ်။
(၅) သံဓာတ်
သံဓာတ်ဟာ အမျိုးသမီးတစ်ယောက်ကို များစွာအထောက်အကူပြုပေးနိုင်တဲ့ မရှိမဖြစ်ဆေးကောင်းတစ်လက်ပါ။ ရာသီသွေးအများကြီးဆင်းခြင်း၊ သွေးခဲတွေဆင်းခြင်းဟာ သင့်ရဲ့ခန္ဓာကိုယ်မှာ သံဓာတ်ချို့တဲ့နေတဲ့ လက္ခဏာပါ။ နာကျင်ခြင်း၊ မအီမသာဖြစ်ခြင်း၊ နုံးချိအားနည်းခြင်းဟာလည်း ဒီလက္ခဏာပါပဲ။ ဒါကြောင့် သံဓာတ်အားဖြည့်ဆေး၊ ဒါမှမဟုတ် ဟင်းနုနွယ်၊ ပဲအမျိုးမျိုးတို့ကိုစားသုံးပေးပါ။",4.0,2.0,2.0,5.0,4.0,"The text provides practical, health-related advice for women regarding menstrual pain management. It is well-structured, coherent, and uses natural Burmese phrasing. While it offers simple causal links between nutrients and pain relief, it lacks deep scientific analysis or complex reasoning, making it suitable for general health education."
<urn:uuid:c94510ea-fad3-4511-a195-3bdf09f440ad>,"မတ်လ ၁၇ ရက်နေ့က Global Centre for Responsibility to Protect ကအပတ်စဉ်ထုတ်ဝေတဲ့ ရက်စက်ယုတ်မာမှု သတိပေးချက် (Atrocity Alert) ထုတ်ပြန်ချက်ထဲမှာ R2P ဝင်သင့်တဲ့ ဦးစားပေး နံပါတ် (၁) နိုင်ငံအဖြစ် မြန်မာနိုင်ငံကို ဖော်ပြလိုက်ပါတယ်။
အရေးပေါ် R2P ဝင်သင့်တဲ့ နိုင်ငံသုံးနိုင်ငံစာရင်းထဲမှာ တောင်ဆူဒန်နိုင်ငံနဲ့ အဖဂန်နစ္စတန်ကို ကျော်လွန်ပြီး မြန်မာကို နံပါတ် (၁) ထိပ်ဆုံးသို့ ပို့ထားခြင်းဖြစ်ပါတယ်။
Global Centre for Responsibility to Protect အဖွဲ့သည် ကုလသမဂ္ဂက ၂၀၀၅ ခုနှစ်တွင်ပြဌာန်းခဲ့သော R2P ဟုလူသိများသောကာကွယ်စောင့်ရှောက်ရေးတာဝန်ဝတ္တရားကိုထိန်းသိမ်းနိုင်ရန် ကမ္ဘာတစ်လွှားက လူမျိုးတုံးသတ်ဖြတ်မှု၊ စစ်ရာဇဝတ်မှုများ၊ လူသားဖြစ်တည်မှု ဆန့်ကျင်ရာဇဝတ်မှုများ၊ လူသားချင်းရက်စက်ယုတ်မာမှုတွေကို စောင့်ကြည့်နေတဲ့ အဖွဲ့အစည်းဖြစ်ပါတယ်။",3.0,2.0,3.0,5.0,4.0,"The text provides a clear, factual report on international policy regarding Myanmar. It is well-structured, free of noise, and uses natural Burmese phrasing appropriate for news reporting. It requires a basic understanding of international relations, making it accessible yet informative for a general audience."
<urn:uuid:e36dfdf8-2866-4281-9154-8f63f30374f5>,"You are here
Alibaba ပိုင် Taobao ကို နာမည်ပျက်စာရင်းသွင်းလိုက်တဲ့ အမေရိကန်
Posted: January 16, 2018
အမေရိကန် ကုန်သွယ်ရေး အဖွဲ့အစည်းဟာ တရုတ်နိုင်ငံရဲ့ အကြီးမားဆုံး E-Commerce လုပ်ငန်းစုကြီးတစ်ခုဖြစ်တဲ့ Alibaba ပိုင်ဆိုင်တဲ့ Taobao ကို ဒုတိယအကြိမ် နာမည်ပျက်စာရင်း (Black List) သွင်းလိုက်တယ်လို့ သိရှိရပါတယ်။
Alibaba ဟာ Taobao အွန်လိုင်း အရောင်းဝက်ဘ်ဆိုဒ်ကနေ ကုန်ပစ္စည်းအတုကို တရားမ၀င် ရောင်းချတယ်ဆိုတဲ့ သင်္ကာမကင်းမှုနဲ့ အဆိုပါအဖွဲ့အစည်းကြီးရဲ့ Black List စာရင်းသွင်းခြင်းကို ခံခဲ့ရတာလည်း ဖြစ်ပါတယ်။ Alibaba Group Holding Ltd ရဲ့ အကြီးမားဆုံး အရောင်းဝက်ဘ်ဆိုက်ဒ် တစ်ခုဖြစ်တဲ့ Taobao ဟာ USTR က တစ်နှစ်အတွင်း ထုတ်ပြန်တဲ့ ကမ္ဘာ့တရားမ၀င် ကုန်ပစ္စည်း ရောင်းချမှု အများဆုံး ၀က်ဘ်ဆိုဒ် ၂၅ ခုမှာ ပါဝင်လာခဲ့တာကြောင့် နာမည်ဆိုးနဲ့ ကျော်ကြားတဲ့ ၀က်ဘ်ဆိုဒ်စာရင်း ၀င်ဖြစ်ခဲ့ရပြီး အခုလို ကုန်သွယ်ရေး အဖွဲ့အစည်းရဲ့ Black List သွင်းခြင်းကို ခံခဲ့ရတာပါ။
Alibaba ရဲ့ အကြီးမားဆုံး အရောင်းဝက်ဘ်ဆိုဒ်တစ်ခုဖြစ်တဲ့ Taobao ဟာ၂၀၁၂ ခုနှစ်ကနေ ၂၀၁၅ ခုနှစ်အထိ နာမည်ပျက်စာရင်း ပါဝင်ခြင်းမရှိခဲ့ပဲ ၂၀၁၆ ခုနှစ် နဲ့ ၂၀၁၇ ခုနှစ်တွေမှာ ဆက်တိုက် နာမည်ပျက် စာရင်းသွင်း ခံရတာလည်း ဖြစ်ပါတယ်။ Alibaba ရဲ့ ဥက္ကဋ္ဌဖြစ်သူ မိုက်ကယ်အီဗန်ကတော့ ဒါဟာ အဂတိပါပြီး နိုင်ငံရေး သဘောဆောင်တဲ့ ဖြစ်စဉ်တစ်ခုလို့ သုံးသပ်ထားပြီး အခုလို အရေးယူခံရတာဟာ ၄င်းတို့ ကုန်ပစ္စည်း အမှတ်တံဆိပ်တွေကို မယုံကြည်ရဘူးလို့ ပြောတယ်လို့လည်း မထင်ကြောင်း၊ တရုတ်နဲ့ အမေရိကန်အကြားက ဈေးကွက်ကုန်သွယ်ရေး တင်းမာမှု တစ်ခုသာဖြစ်ပြီး တရုတ်ရဲ့ စီးပွားရေး အင်အားကြီးမားလာတာကြောင့် အမေရိကန်ရဲ့ အနာဂတ်အမြင်တစ်ခုသာ ဖြစ်ဖို့ များကြောင်း ပြောကြားထားပါတယ်။
စီးပွားရေးဘက်မှာ အကွက်မြင်တတ်တဲ့ တရုတ်ဟာ မကြာခင် AI လောကမှာလည်း အမေရိကန်ကို ယှဉ်နိုင်ဖို့ ၄င်းတို့ ကိုယ်တိုင် သုတေသနရပ်ဝန်းတစ်ခုကို ဖန်တီးထားရှိပြီး မကြာသေးမီကလည်း အမေရိကန်အခြေစိုက် MoneyGram ကို ဒေါ်လာ သန်း ၈၈၀ နဲ့ Alibaba ပိုင် Art Financial Services မှ ၀ယ်ယူဖို့ ကြိုးစားမှုတွေ ပြုလုပ်ခဲ့သေးတယ်လို့လည်း သိရပါတယ်။
Alibaba ဟာ တရုတ်နိုင်ငံရဲ့ အကြီးမားဆုံး E-Commerce အွန်လိုင်း အရောင်း၊ အ၀ယ်ပြုလုပ်နိုင်တဲ့ လုပ်ငန်းစုကြီး တစ်ခုဖြစ်ပြီး လက်ရှိမှာတော့ Alibaba ဟာ Taobao စတိုးဆိုင်ပေါင်း ၂၃၀၀၀၀ ကျော်အထိ ဖွင့်လှစ်ထားပြီး ဖြစ်တယ်လို့ သိရပါတယ်။
The Ladeis News
Ref: NYT
Vote:",3.0,3.0,3.0,4.0,3.0,"The text provides a clear, factual summary of a business news event suitable for educational purposes. It includes basic reasoning regarding the conflict between US trade policy and Chinese e-commerce. The language is natural Burmese, though the text contains some minor boilerplate elements like 'You are here' and source references."
<urn:uuid:3f797e44-ce92-4cfe-aa39-d47b8350aab9>,"လျှပ်စစ်ဓာတ်အားပေးစက် <--> မော်တာ
- အရင်းအမြစ်
- လက်တွေ့စမ်းသပ်မှု
- ဘာသာရပ်များ
- အင်ဂျင်နီယာ ရူပဗေဒ
- ခေါင်းစဉ်များ
- စွမ်းအင် အင်ဂျင်နီယာလုပ်ငန်းစဉ်
- လှုပ်ရှားမှုများအတွက်အချိန်
- ၂-၃ နာရီ
ဤစီမံကိန်းသည် ဂျင်နရေတာမော်တာ တပ်ဆင်မှုကဲ့သို့သော ရိုးရှင်းသော စက်ပစ္စည်းများဖြင့် ဓာတုဗေဒနှင့် စက်မှုပညာရပ်တွင် စိတ်ဝင်စားစရာကောင်းသော ခေါင်းစဉ်အချို့ ဖော်ထုတ်ခြင်းကို ခွင့်ပြုပါသည်။
- မိတ်ဆက်
-
လျှပ်စစ်ဓာတ်အားဘယ်ကနေလာသလဲလို့ သင်တွေးမိဘူးလား? လွန်ခဲ့သော နှစ်ပေါင်း ၁၅၀အတွင်း လျှပ်စစ်ဓာတ်အားသည် ကျွန်ုပ်တို့ ဘဝတွေကို ချက်ချင်းပြောင်းလဲပစ်ခဲ့သည်။ သို့သော် လူအများစုကတော့ လျှပ်စစ်ဓာတ်အားက သူတို့အိမ်နံရံ၏ မီးပေါက်လာထင်လို့ပဲထင်နေကြသည်။ သင် လျှပ်စစ်ဓာတ်အားမရှိပဲ ကမ္ဘာပေါ်မှာနေထိုင်ရန် သင်စိတ်ကူးကြည့်ဖူးပါသလား?
အမှိုက်မှ ရိုးရှင်းသော စက်တည်ဆောက်ဖို့ မလွယ်ကူပါဘူး။အဲ့လိုပဲ လျှပ်စစ်ဓာတ်အားပေးစက် အသေးစား ထုတ်လုပ်ဖီု့ဆိုတာလည်း အနည်းငယ်ရှုပ်ထွေးပါတယ်။ ယခုပရောဂျက်တွင် ကျွန်တော်တို့ဒါကို အတိအကျလုပ်ဆောင်မှာပါ။
ယခုပရောဂျက်သည် ကျောင်းသားများကို ရူပဗေဒနှင့် အင်ဂျင်နီယာ ဘာသာရပ်များရှိ အချို့သော စိတ်ဝင်စားဖွယ် အကြောင်းအရာများကို လေ့လာနိုင်မှာ ဖြစ်ပါသည်။ မော်တာလျှပ်စစ်ဓာတ်အားပေးစက်ကဲ့သို့ လွယ်ကူသောစက်ပစ္စည်း တပ်ဆင်ပုံကို သင်ယူလေ့လာနိုင်ဖို့ အကောင်းဆုံးအခွင့်အရေးပါပဲ။ ဒီမှာပဲ ကျွန်ုပ်တို့က လျှပ်စစ်ဓာတ်အားဘယ်လိုထုတ်လုပ်သလဲ နှင့် ထုတ်လုပ်ဖို့ ဘာတွေလိုအပ်သလဲဆိုတာကိုလည်း လေ့လာသင်ယူနိုင်မည်ဖြစ်သည်။
မော်တာသည် ၎င်းဝင်ရိုးလည်ပတ်နိုင်ရန်အတွက် ရွေ့လျားနိုင်သောစွမ်းအင် အရွေ့စွမ်းအင် လိုအပ်သည်။ ထိုစွမ်းအင်သည် မည်သည့်နေရာမှလာသနည်း? ၎င်းသည် လူသား လုပ်အားမှ လာနိုင်သည်။ ကျောင်းသားများမှလာနိုင်သည်။
နောက်ဆုံးတွင် ကျွန်ုပ်တို့သည် ဤပရောချက်ဖြင့် အင်ဂျင်နီယာ ဒီဇိုင်းလုပ်ငန်းစဥ်ကို တည်ဆောက် ပြသရန် အသုံးပြုနိုင်သည်။ စက်တစ်ခုအတွက် ထိုင်ပြီး တည်ဆောက်မယ် ပထမတစ်ခေါက်ကြိုးစားကတည်း ၎င်းစက်သည် ကောင်းမွန်စွာ လုပ်ဆောင်နိုင်မယ်လို့ သင်စိတ်ကူးထားတာနဲ့တော့ မတူညီနိုင်ပါဘူး။ ကျောင်းသားများကို ၎င်းတို့ ကိုယ်ပိုင် ဒီဇိုင်းပုံစံများဆွဲလာခိုင်ပြီး ၎င်းဒီဇိုင်းကို စမ်းသပ်မယ် ပြီးတော့ ၎င်းတို့ကို တိုးတက်စေရန် ပြုပြင် မိုးမံမယ်ဆိုပြီး ကျောင်းသားများကို အားပေးပါ။
သက်မွေးကျွမ်းကျင် အင်ဂျင်နီယာများပင်လျှင် ပထမတကြိမ်ထဲကြိုးစားပြီးအောင်မြင်တယ်ဆိုတာ ရှားပါးလွန်းပါတယ်။
- အဓိက ရည်ရွယ်ချက်များ
-
- လူသားလုပ်အားမှ လျှပ်စစ်ဓာတ်အားထုတ်လုပ်နိုင်သော စက်ကိုတည်ဆောက်ပါ။
- အရှိန်, ရွေ့လျားမှုနှင့် စွမ်းအင်တို့၏ဆက်နွယ်ချက်ကို နားလည်သဘောပေါက်စေပါ။
- အရွှေ့စွမ်းအင်သည် အချို့သော အရာဝတ္တုများရှိ အီလက်ထရွန်များကို တွန်းထုတ်ခြင်း သို့မဟုတ် ဆွဲဆောင်ခြင်းများဖြင့် သံလိုက်စက်ကွင်းကို ဘယ်လိုထုတ်ပေးသလဲဆိုတာ နားလည် သဘောပေါက်စေပါ။ ၎င်းသည် သူတို့ကို ရွေ့လျားစေသည်။
- ကြေးနီကဲ့သို့ သတ္တုများသည် အီလက်ထရွန် လျှပ်စစ်ကူရန် အလွန်ကောင်းမွန်သည်။
- အကယ်၍ သံလိုက်သည် ကြေးနီဝါယာကြိုးနားတွင် လျှင်မြန်စွာရွေ့လျားပါက အီလက်ထရွန်များသည် ရွှေ့လျားပြီး လျှပ်စစ်ဓာတ်အားကို ထုတ်လုပ်ပေးကြောင်း နားလည်သိရှိစေပါ။
- လမ်းညွှန်မှုမေးခွန်းများ
-
- ဤပစ္စည်းများကို အသုံးပြုပြီး လျှပ်စစ်ဓာတ်အားထုတ်လုပ်သည့် စက်ကို မည်ကဲ့သို့ သင် တည်ဆောက်မည်နည်း?
- လျှပ်စစ်ဓာတ်အားပေးစက်၏အခြေခံသဘောတရားများမှာ အဘယ်နည်း?
- လျှပ်စစ်ဓာတ်အားကူးနိုင်သော အရာဝတ္တုများမှာ အဘယ်နည်း?",4.0,3.0,2.0,4.0,3.0,"The document is a well-structured educational project guide for students, explaining basic physics and engineering concepts. It uses natural Burmese, though it contains some minor formatting artifacts (bullet points). It encourages critical thinking and the engineering design process, making it highly suitable for middle-school level learning."
<urn:uuid:e9ddecd6-64f7-4679-840b-1c6a5f07ffe6>,"သွားတွေ ပျက်စီးရတဲ့ အဓိက အကြောင်းအရင်းများ
သွားတွေ ပျက်စီးနေတဲ့ လူတွေဟာ ရေခဲသောက်တာ ဖြစ်ဖြစ်၊ ရေခဲမုန့် စားတာ ဖြစ်ဖြစ် သွားတွေ နာကျင်တာမျိုးကို ကြုံဖူးမှာပါ။ သွားမကြာခဏ ကိုက်တဲ့အခါမှာလည်း အစားပျက် အသောက်ပျက်နဲ့ စိတ်ညစ်ဖို့ အရမ်းကောင်းပါတယ်။ ဒါကြောင့် သွားတွေ ပျက်စီးရတဲ့ အကြောင်းအရင်းတွေကို ဖော်ပြပေးချင်ပါတယ်။
(၁) သွားတိုက်ခြင်း
သွားတိုက်တာက ကောင်းတဲ့ ကိစ္စ တခုမှန်း အားလုံးသိပြီးဖြစ်မှာပါ။ ဒါပေမဲ့ လိုအပ်တာထက် ပိုပြီး သွားတိုက်ရင်တော့ သွားကျန်းမာရေးကို ထိခိုက်မှာ သေချာပါတယ်။ သွားကို တနေ့ ၂ကြိမ်၊ ၃မိနစ်ခန့် ညင်ညင်သာသာ တိုက်ပေးရင် ရပါပြီ။ ဒီလို မဟုတ်ဘဲ မကြာခဏ တိုက်နေမယ်ဆိုရင် အပေါ်ယံ ကြွေတွေ ပျက်စီးသွားနိုင်ပါတယ်။
(၂) အံကြိတ်ခြင်း
တချို့လူတွေဟာ ကိုယ်တိုင် သတိမထားမိပေမယ့် အံကြိတ်တာတွေ လုပ်နေတတ်ပါတယ်။ စိတ်ဖိအားတွေများလွန်းတဲ့ အချိန်မှာ အိပ်နေရင်း အံကြိတ်လေ့ရှိကြပြီး အဲဒီလို ပြုလုပ်ခြင်းကြောင့် သွားတွေ ပိုပြီး ပျက်စီးရပါတယ်။ ဒါကြောင့် အိပ်နေရင်း အံကြိတ်နေပြီဆိုရင် သွားဆရာဝန်ကို ပြဖို့ လိုအပ်နေပါပြီ။
(၃) တိုက်စားခြင်း
ဓာတုပစ္စည်းတွေများတဲ့ အစားအသောက်တွေကို စားတဲ့ အခါမှာ သွားဖုံးနဲ့ ကြွေတွေ ပျက်စီးတတ်ပါတယ်။ သွားကို ဖြူအောင် လုပ်ပေးတဲ့ အရာတွေကို အသုံးပြုပြီး အလွန်အမင်း သွားတိုက်လိုက်တာကြောင့် သွားဖုံးတွေကို တိုက်စားစေပါတယ်။
(၄) အသက်အရွယ်
အသက်ကြီးလာတာကြောင့်လည်း သွားတွေ ပျက်စီးစေပါတယ်။ အသက်အရွယ်ကြောင့် ခံတွင်းအတွင်းက ကျန်းမာရေး လုပ်ဆောင်ချက်တွေဟာ နှေးကွေးသွားပါတယ်။ ဒါကြောင့် ခံတွင်းကျန်းမာရေးကို ပိုပြီး ဂရုစိုက်ဖို့နဲ့ သွားဆရာဝန်ကို အမြဲ တွေ့ဖို့ လိုအပ်ပါတယ်။
ဆက်စပ် သတင်းလင့်ခ်များ
Ref: Tipandtricks",4.0,2.0,2.0,4.0,4.0,"The text provides clear, educational health advice on dental care suitable for a general audience. It uses natural Burmese phrasing and logical categorization of causes. It is clean, though it includes a minor 'related links' footer. The reasoning is straightforward, explaining causal relationships between habits and dental health without complex analysis."
<urn:uuid:59564cbd-78cd-4f04-a884-cee4be590ab3>,"ပထမဆုံး မင်္စတာဂမ်ဘာရီအနေနဲႛဒေၞအောင်ဆန်းစုကည် အခုထိမတြေႚရသေးတဲ့အတကြ် ဒီမိုကရေစီအင်အားစုတြေုကား စိုးရိမ်မတြေ တိုးပြားလာနေတာနဲႛ ပတ်သက်္ဘပီး မေူးမန်းရာမြာ ကုလသမဂ္ဂ အတငြ်းရေးမြးခဵပ်ြရဲ့ေူပာခငြ့်ရပုဂ္ဂိလြ် Ms. Marie Okabe က မင်္စတာဂမ်ဘာရီရဲ့ ခရီးစဉ်ဟာ မ္ဘပီးဆုံးသေးပၝဘူးလိုႛူပန်လည်ေူဖုကားခဲ့ပၝတယ်။
ဒၝဆိုရင် မင်္စတာ ဂမ်ဘာရီဟာ ဒေၞအောင်ဆန်းစုကည်နဲႛ တြေႚရတဲ့အထိ စောင့်မြာပၝလား လိုႛ မေူးမန်းရာမြာတော့ မင်္စတာဂမ်ဘာရီဟာ အရင်အခေၝက်တေတြုန်းက တြေႚဆုံခဲ့သူတြေ အပၝအဝင်ူမန်မာ့အရေးနဲႛ ပတ်သက်သူတေအြားလုံးနဲႛ တြေႚဆုံ္ဘပီး တြေႚဆုံဆြေးြေိံးရေး ဆက်လက်ူဖစ်ပေၞဖိုႛ ဆောင်႟က်ြနေပၝတယ်၊ ဒေၞအောင်ဆန်းစုကည်နဲႛ တြေႚဖိုႛ ဆက်စောင့်မစောင့် မေူပိာိုံင်သေးပၝဘူး လိုႛေူဖဆိုခဲ့ပၝတယ်။
မင်္စတာဂမ်ဘာရီဟာ သူႛရဲ့ ငၝးရက်ုကာခရီးစဉ်မြာူပည်သူႛကိုယ်စားလယ်ြတြေ အမဵားဆုံးပၝဝင်တဲ့ အမဵြိးသား ဒီမိုကရေစီအဖြဲႚခဵပ်ြနဲႛ မိနစ်(၂၀)ပဲ တြေႚဆုံခဲ့ပၝတယ်၊ တကယ်တော့ တြေႚသင့်တဲ့ ဒီမိုကရေစီကိုယ်စာူးပသြူတြေ အမဵားဋ္ဌကီးရြိတယ် မဟုတ်ပၝလားလိုႛ မေူးမန်းရာမြာ မင်္စတာ ဂမ်ဘာရီအနေနဲႛ္ဘပီးခဲ့တဲ့ လုပ်ငန်းတာဝန်တေအြပေၞ အေူခူပ္ဘြပီး တိုးတက်မတြေရြရြိအောင် ဆက်လက်ဆောင်႟က်ြနေပၝတယ်၊ အရင်အခေၝက်တေကြ တြေႚဆုံခဲ့သူတေအြပၝအဝင် တြေႚသင့်သူတေနြဲႛ တြေႚနေပၝတယ်။္ဘပီးခဲ့တဲ့အခေၝက်က ဒေၞအောင်ဆန်းစုကည်နဲႛ တြေႚဆုံခဲ့တယ်၊ စစ်အစိုးရခေၝင်းဆောင်တေနြဲႛလည်း တြေႚဆုံခဲ့ပၝတယ်၊ လူတိုင်းနဲႛတြေႚဆုံ္ဘပီး သူတိုႛ ရဲ့မ္တွော်လင့်ခဵက်တြေ၊ စိုးရိမ်ပူပန်မတြေကြို နားထောင်၊ အမဵြိးသားရင်ုကားစေ့ရေး၊ ဒီမိုကရေစီရေးနဲႛ အေူခခံ လူႛအခငြ့် အရေးတေကြို လေးစားရေးဆိုတဲ့ ရည်မနြ်းခဵက်တြေ တိုးတက်ူဖစ်ပေၞလာအောင် သူတိုႛကို အားပေးနေပၝတယ်၊္ဘပီးတော့ ဒီရည်မနြ်းခဵက်ပန်းတိုင်ကို ရောက်ဖိုႛူမန်မာအစိုးရနဲႛူပည်သူတေကြို ကုလသမဂ္ဂက ဘယ်လိုကူညီိုံင်မလဲဆိုတာ ရြာဖေနြေပၝတယ်၊ မင်္စတာဂမ်ဘာရီရဲ့ တြေႚဆုံ ဆြေးြေိံးမတြေဟြာ ယုံကည်စိတ်ခဵရ္ဘပီးအမဵားပၝဝင်တဲိုံ့င်ငံရေးလုပ်ငန်းစဉ်နဲႛိံစ်ြဖက် တြေႚဆုံဆြေးြေိံးရေး လိုအပ်ခဵက်အပေၞ စူးစိုက်ထားတာပၝလိုႛ ကုလသမဂ္ဂ အတငြ်းရေးမြးခဵပ်ြရဲ့ေူပာခငြ့်ရပုဂ္ဂိလြ် Ms. Marie Okabe ကေူဖုကားခဲ့ပၝတယ်။",2.0,2.0,3.0,5.0,5.0,"The text provides a factual report on UN diplomatic efforts in Myanmar. It is coherent and informative, suitable for secondary education. It demonstrates basic reasoning by summarizing diplomatic responses. The language is natural, authentic Burmese, and the text is clean, well-structured, and free of irrelevant noise or formatting issues."
<urn:uuid:17ca1659-fd6a-4a95-8d1e-566223bc477d>,"ရေယုန် (ရှင်းဂဲလ်စ်) Shingles
ရေကျောက်( Chickenpox)ပေါက်စေသည့် ဗိုင်းရပ်စ်ပြန်အစွမ်းပြလျှင် ရေယုန်ပေါက်တတ်သည်။ ရေကျောက်ပေါက်ပြီး သူများရေကျောက်ပျောက်မှ ရေယုန်ထပ်ပေါက်တတ်သည်။ စဖြစ်ဖြစ်ချင်း ခန္ခာကိုယ်ဘေးဘယ်ခြမ်း တစ်ခြမ်းခြမ်းတွင် စူးမည်၊ နာမည်။ မျက်နှာမှာလည်း ဖြစ်တတ် သည်။ ခေါင်းကိုက်နိုင်သည်။ ဖျားနိုင်သည်။ ထို့နောက် အရည်ကြည်ဖု သေးသေးလေးများ ပြင်လိုက် ၊ အစုအဝေးလိုက် ထွက်လာတတ် သည်။ ထို့နောက် ထိုအဖုလေးများ ညှိုးခြောက် ၊ချပ်သွားကာ ရက်သတ်တပတ်အနည်းငယ်အတွင်း အလိုအလျောက် ပျောက်သွား တတ်သည်။
အရည်ကြည်ဖုများပျောက်သွားသော်လည်း အရည်ကြည်ဖုပေါက်ရာနေရာမှာ လအတန်ကြာ နာကျင်နေလေ့ရှိသည်။ ကလေးသူငယ်များ ရေကျောက်ပေါက်ပြီးပါက ရေယုန်မပေါက်တတ်ပါ။ အသက်ကြီးသူများ ရေကျောက်ပေါက်ပြီးပါက ရေယုန်ပေါက် လေ့ရှိပါသည်။ စိတ်ဖိစီးမှု ၊ ကိုယ်ခံအားကျခြင်း ၊ နေလောင်ခြင်းတို့ကြောင့်လည်း ရေယုန်ပေါက်နိုင်သည်။ သို့သော် ရေကျောက်ပေါက် ရာတွင်ထွက်သော အရည်ကြည်ဖုမှတစ်ဆင့် တိုက်ရိုက်ရေယုန်ပေါက်မလာနိုင်။ယခုအခါတွင်မူ ရေယုန်ပေါက်ပါက ခုခံအားကျရောဂါ ကိုပါထည့်စဉ်းစားလာရသည်။
ဆရာဝန်နှင့် အရင်ပြရန်
အရည်ကြည်ဖုများပြင်လိုက်စုဝေးထွက်ပေါ်လာလျှင်၊ ထိုအရည်ကြည်ဖု အစုအဝေး မျက်လုံးတစ်ဝိုက်ပေါက်လာလျှင်
မိမိဘာသာ ဆောင်ရွက်ရန်
- မြန်မြန်ပြန်ကောင်းလာစေလိုပါက ကောင်းကောင်းအနားယူပါ။
- ဖျားပါက ကိုယ်ပူကျဆေးသောက်ပါ။ ရေ ၊ အရည်များများ သောက်ပေးပါ။
- အကိုက်အခဲပျောက်ဆေးသောက်နိုင်ပါသည်။အစူးအနာသက်သာစေရန် ရေခဲကပ်ပေးနိုင်ပါသည်။
- ရေချိုးနိုင်ပါသည်။ ရေယုန် ရေနှင့် ထိတွေ့နိုင်ပါသည်။ ရေထိရွေ့ ရေယုန်မပွားပါ။ ရေနွေးဖြင့် တစ်နေ့ နှစ်ကြိမ် သုံးကြိမ် ရေချိုးနိုင်သည်။ ဆော်ဒါ ရေနွေးဖျော်ရည် Oat Meal ကိုယ်တိုက်ဆပ်ပြာဆီ၊ ဆပ်ပြာရည်တို့ဖြင့် ရေချိုး၊ဆပ်ပြာတိုက်နိုင်သည်။ မျက်နှာကိုလည်း ရေ ၊ ဆပ်ပြာတို့ဖြင့် ညင်သာစွာပွတ်သပ်နိုင်သည်။
- ရေကျောက် ၊ အရည်ကြည်ဖုပေါက် ၊ ချပ်သွားရာက ထွက်လာသော သားနံရည်ကြောင့် ရေယုန်မဖြစ်နိုင်သော်လည်း ရေယုန်အရည် ကြည်ဖုမှ ထွက်လာသော သားနံရည်ကြောင့် ရေယုန်ပေါက်နိုင် ၊ ကူးစက်နိုင်သည်။ ထို့ကြောင့် ရေယုန် အရည်ကြည်ဖုများ အားလုံးချပ် သွားသည့်တိုင် မည်သူနှင့်မျှ အရေပြားချင်းမထိမိစေရန် ဂရုစိုက်ပါ။
အိမ်သုံးဆေး
အကိုက်ခဲပျောက်ဆေးများ
သဘာဝပွဲတွေ့ဆေး
စားဆိုဒါ ၊ ရေနွေးဖျော် ၊ ချိုးရေ ၊ Oat Meal ဆပ်ပြာ
ကာကွယ်ခြင်း
စိတ်ဖိစီးဝန်ပျောက်ရန် ၊ နေလောင်မခံရန်
ဆရာဝန် နှင့် ဆက်ပြရန်
- အရည်ကြည်ဖုများ ပြည်တည်လာလျှင် ပိုပွားလာလျှင်
- ခေါင်းအပြင်းအထန် ကိုက်လျှင် ၊ အန်လျှင်
- အကိုက်အခဲပျောက်ဆေးသောက်သည့်တိုင် အကိုက်အနာမပျောက်လျှင်၊
- ရေယုန်ဖုများ ပျေက်သွားသည့်တိုင် ထိုနေရာ တစ်ဝိုက် မခံမရပ်နိုင်အောင် နာကျင်ကိုက်ခဲနေလျှင်။",4.0,2.0,2.0,4.0,4.0,"The text provides clear, accurate, and practical health information about shingles, suitable for general public education. It follows a logical structure for medical advice. The language is natural Burmese, reflecting local medical terminology and common health-seeking behaviors. It is clean and well-organized, though it lacks deep scientific analysis or complex reasoning."
<urn:uuid:b9b3f0a5-c7a8-4a6b-b0df-c72ef7ae7063>,"TRUESTORY
Saturday, May 4, 2013
လွတ်လပ်ခွင့်နဲ့ တာဝန်ယူမှုကို ယှဉ်တွဲပြီး တွေးကြစေချင်ပါတယ်
မေသင်္ကြန်ဟိန်(မြစ်မခ)
ကမ္ဘာ့စာနယ်ဇင်းလွတ်လပ်ခွင့်နေ့ မှာ သတင်း စာလွတ်လပ်ခွင့် ကို ကျမတို့ သတင်းသမား တွေ အဓိကထားပြီး ပြောဆိုနေကြတာတွေ ကြား ရ တွေ့ရပါတယ်။
လွတ်လပ်စွာ ရေးသားခွင့်ဆိုရာမှာလည်း တစ်ဦး နဲ့ တစ်ဦး လွတ်လပ်စွာ ဆက်သွယ်ခွင့်နဲ့ သ တင်း အချက်အလက်တွေ အမြင်တွေ ယူဆချက်တွေကို လက်ခံရယူနိုင်ခွင့်လို့ မှတ်သားထား ခဲ့ ပါတယ်။
မည်သူမဆို လွတ်လပ်စွာ ထုတ်ခွင့်ရှိပါတယ်။ လွတ်လပ်စွာ ထုတ်ဖော်ပြောဆိုခွင့်က ဒီမိုကရေစီ အတွက် လိုအပ်သလို၊ အရေးကြီးပါတယ်။ အဲဒါကြောင့်လွတ်လပ်စွာ ပြောဆိုခွင့်ဆိုတာ ကျမ တို့သတင်းသမားတွေနဲ့တင် သက်ဆိုင်တာ မဟုတ်ပါဘူး၊ အားလုံးနဲ့ သက်ဆိုင်တယ်လို့ပဲ နား လည်ထားပါတယ်။
ဒီမိုကရေစီ အသွင်ကူးပြောင်းစ ကာလမို့လား မသိဘူး၊ ကျမတို့ တိုင်းပြည်မှာတော့ လွတ်လပ်စွာ ပြောဆိုခွင့်ဆိုတာကို နားလည်မှုလွဲနေတာ တွေ့ရသလို၊ တစ်လွဲအသုံးချလာတာမျိုးတွေလည်း
တွေ့မြင်လာရပါတယ်။
ဂျာနယ်အချို့တွေမှာ မောင်နဲ့ နှမ၊ သားနဲ့အမိ ဖတ်ဖို့ မသင့်တော်တဲ့ တာတွေကို ဆောင်းပါး အနေနဲ့ ရေးသားကြသလို၊ မကြားဝန့်မနာသာရှိလှတဲ့ မူခင်း သတင်းတွေကို ဓါတ်ပုံနဲ့တကွ ကျင့်ဝတ်မဲ့စွာ ရေးသားဖော်ပြလာကြတာလည်း တွေ့ရပါတယ်။
ဒါ့အပြင် ရုံးတော်က တရားခံလို့ မသတ်မှတ်သေးတဲ့ သံသယရှိသူကို တရားခံအနေနဲ့ရေးသား သုံးစွဲလာကြတာ မျိုးကစပြီး ၊လူမှုကွန်ယက်ပေါ်က ပုဂ္ဂိုလ်ရေး ဓါတ်ပုံတွေကိုလည်း ကာယကံ ရှင်ခွင့်ပြုချက်တောင် တောင်းခံခြင်းမရှိဘဲ၊ ကျင့်ဝတ်မဲ့စွာ ဂျာနယ်မှာ ကူးယူ ဖော်ပြလာကြတာ ကိုလည်း တွေ့မြင်ရပါတယ်။
ဒါ့အပြင် ပြည်သူ လူထုအတွက် အကျိုးမရှိတဲ့ ပုဂ္ဂိုလ်ရေး တိုက်ခိုက်ရေးသားချက်တွေကို စာမျက် နှာ များများပေးပြီး အကျယ်တ၀င့်ရေးသားတာတွေအပြင် အချင်းချင်း ဆဲတာ ဆိုတာတွေကို စာ တစ်ပုဒ်ဖြစ်အောင် ရေးသာလာကြတာလည်း မြင်တွေ့လာရပါတယ်။
ဒီလိုတွေ တွေ့လာရတော့ လွတ်လပ်စွာ ထုတ်ဖော်ရေးသားခွင့် ဆိုတာ ကိုယ်ရေးချင်တာ ရေးလို့ ရတဲ့ ကိစ္စလို့ပဲ ခပ်လွယ်လွယ်တွေးထင်နေကြသလားဆိုတာလည်း စဉ်းစားလာရပါတယ်။
ကိုယ့်မှာ လွတ်လပ်စွာ ရေးသားခွင့်ရှိတယ်ဆိုတဲ့ အမြင်သာ စွဲနေပြီး၊ တာဝန်ယူမှုနဲ့ ကျင့်ဝတ်နဲ့ အညီ တည်ကြည်စွာ ရေးသားမယ်ရမယ်ဆိုတဲ့ အမြင် ပျောက်ဆုံးနေတာမျိုးများ ဖြစ်နေသလား ။
ဒီလို တာဝန်မဲ့စွာ၊ ဆင်ခြင်မဲ့စွာ၊ ကျင့်ဝတ်မဲ့စွာ ရေးသားဖော်ပြမှုတွေကြောင့် နိုင်ငံရေး၊ ဘာသာရေး၊ ကိုယ်ပိုင်ယုံကြည်ချက်နဲ့ အခြေခံ စံနှုန်းတွေကြားမှာ ပဋိပက္ခဖြစ်စေတာလည်း တွေ့ရပါတယ်။
လိုက်နာရမဲ့ သတင်းစာကျင့်ဝတ်၊စည်းကမ်းကို လေးစားလိုက်နာမှု မရှိဘဲ ရေးသားနေဦးမယ်ဆို ရင်တော့ ပဋိပက္ခတွေ အကြမ်းဖက်မှုတွေနဲ့ တိုင်းပြည်နဲ့ပြည်သူအတွက် အန္တရာယ်ကြီးမား လာနိုင်တာကို ဆင်ခြင် သတိပြုသင့်ပါတယ်။
လွတ်လပ်စွာ ရေးသားထုတ်ဖော်ရေးသားမှုမှာ ကျင့်ဝတ်စည်းမျဉ်းမရှိဘူး ဆိုရင် အခြားလူတွေကို ထိခိုက်စေရုံသာမက အခြားသူများရဲ့ အခွင့်အရေးကိုပါ ထိပါးလာတာကို သတင်းမီဒီယာ သမား တိုင်း နားလည်သင့်တာပါပဲ။ တကယ်ပဲ ဒီမိုကရေစီနဲ့ ထိုက်တန်တဲ့ ရေးသားမှုမျိုးကိုသာ ထုတ် ဝေဖြန့် ချိသင့်တာပါ။
မြန်မာပြည် ဒီမိုကရေစီခရီးမှာ ဒီမိုကရေစီ ပေတံဖြစ်တဲ့ လွတ်လပ်စွာထုတ်ဖော်ရေးသားခွင့် ဆို တာ ရရှိကြဖို့ လိုအပ်သလို၊ လွတ်လပ်စွာ ရေးသားခွင့်လို့ ပြောမယ်ဆိုရင် ရေးသားတဲ့ သူအနေ နဲ့ တာဝန်ယူမှုနဲ့ ကျင့်ဝတ်လိုက်နာမှု ဆိုတာကိုလည်း တွဲလျက် သဘောပေါက် လိုက်နာ ဖို့ လို အပ်နေပါတယ်။
လွတ်လပ်ခွင့်နဲ့ တာဝန်ယူမှုကို ယှဉ်တွဲပြီး တွေးကြစေချင်တော့တာပါပဲ။
Posted by
Gentle Men
at
9:29 PM
Email This
BlogThis!
Share to Twitter
Share to Facebook
Share to Pinterest
No comments:
Post a Comment
Newer Post
Older Post
Home
Subscribe to:
Post Comments (Atom)",3.0,3.0,2.0,2.0,4.0,"The text provides a coherent, educational argument regarding media ethics and the balance between freedom of speech and responsibility in a democratic transition. It uses natural Burmese, though it contains significant boilerplate/navigation noise from the blog platform. The reasoning is logical and multi-step, focusing on the societal impact of irresponsible journalism."
<urn:uuid:e1eac32b-be2b-40cc-81d4-f2e2b5aafce8>,"အပြည်ပြည်ဆိုင် ကမ္ဘာ့ ဌာနေတိုင်းရင်းသားလူမျိုးများနေ့ ၏ နောက်ခံသမိုင်းအကျဉ်း
ကုလသမဂ္ဂ အထွေထွေညီလာခံ၏ ၁၉၉၄ ခုနှစ် ဒီဇင်ဘာလ ၂၃ ရက်နေ့  ပြဌာန်းချက် အမှတ် ၄၉/၂၁၄ အရ သြဂုတ်လ ၉ ရက်နေ့ အား အပြည်ပြည်ဆိုင် ကမ္ဘာ့ ဌာနေတိုင်းရင်းသားလူမျိုးများနေ့ အဖြစ် နှစ်စဉ်ကျင်းပရန် ဆုံးဖြတ်ခဲ့ကြပါသည်။ ဌာနေတိုင်းရင်းသားများ၏ လူ့ အခွင့်အရေးများအား ကာကွယ်မြှင့်တင်လုပ်ဆောင်မည့် ကော်မရှင်ခွဲဖြစ်သော ကုလသမဂ္ဂ လုပ်ရှားမှုအဖွဲ့ ၏ ပထမအကြိမ် အစည်းအဝေးဖြစ်သည့် ၁၉၈၂ ခုနှစ် သြဂုတ်လ ၉ အား ဂုဏ်ပြုသတ်မှတ်ထားခြင်းဖြစ်ပါသည်။
၁၉၉၀ ခုနှစ်တွင် ကုလသမဂ္ဂ အထွေထွေညီလာခံမှ ၁၉၉၃ ခုနှစ်အား အပြည်ပြည်ဆိုင် ကမ္ဘာ့ ဌာနေတိုင်းရင်းသားလူမျိုးများနှစ်အဖြစ် ကြေညာခဲ့ပါသည်။ နောက်ပိုင်းတွင် အထွေထွေညီလာခံမှ အပြည်ပြည်ဆိုင်ရာ ကမ္ဘာ့ ဌာနေတိုင်းရင်းသားလူမျိုးများ ဆယ်စုနှစ် (၂) စုအဖြစ် ပထမဆယ်စုနှစ် ၁၉၉၅-၂၀၀၄ (ပြဌာန်းချက် အမှတ် ၄၈/၁၆၃) နှင့် ဒုတိယဆယ်စုနှစ် ၂၀၀၅-၂၀၁၄ (ပြဌာန်းချက် အမှတ် ၅၉/၁၇၄) တို့ အားသတ်မှတ်ခဲ့ပါသည်။ ၄င်း၏ရည်ရွယ်ချက်မှာ ဌာနေတိုင်းရင်းသားလူမျိုးများ ရင်ဆိုင်ကြုံတွေ့ နေရသော လူ့ အခွင့်အရေး၊ သဘာဝပတ်ဝန်းကျင်၊ ဖွဲ့ ဖြိုးတိုးတက်မှု၊ ပညာရေး၊ ကျန်းမာရေး၊ စီးပွားရေး နှင့် လူမှုဖွံ့ ဖြိုးတိုးတက်မှုဆိုင်ရာ အခက်အခဲ ပြဿနာများအား ဖြေရှင်းရာတွင် နိုင်ငံတကာပူးပေါင်းလုပ်ဆောင်မှုများ ပိုမိုအားကောင်းလာစေရန်အတွက် ဖြစ်ပါသည်။
၂၀၁၄ ခုနှစ်၌ ကျင်းပခဲ့သော ဌာနေတိုင်းရင်းသားလူမျိုးများဆိုင်ရာ ကမ္ဘာ့ညီလာခံ စာတမ်း၏ တောင်းဆိုမှုအရ၊ ဌာနေတိုင်းရင်းသားလူမျိုးများ၊ ကုလသမဂ္ဂအဖွဲ့ ဝင်နိုင်ငံများ၊ ကုလသမဂ္ဂ အေဂျင်စီများနှင့် အခြားသက်ဆိုင်ရာအဖွဲ့ အစည်းများ၏ အကြံပြုချက်များဖြင့်၊ The Inter-Agency Support Group on Indigenous Issues (IASG) မှ ၂၀၁၅ ခုနှစ်တွင် ဌာနေတိုင်းရင်းသားလူမျိုးများ၏ အခွင့်အရေးဆိုင်ရာ၊ စနစ်ကျပြီး ပိုမိုကျယ်ပြန့် သော လုပ်ဆောင်မှု စီမံချက်အား ရေးဆွဲခဲ့ပါသည်။ ဌာနေတိုင်းရင်းသားလူမျိုးများ အခွင့်အရေးဆိုင်ရာ ကုလသမဂ္ဂကြေညာစာတမ်း၏ အဆုံးသတ်၌ ဖြစ်မြောက်အောင်မြင်စေရန်၊ အဖွဲ့ ဝင်နိုင်ငံများနှင့် ဌာနေတိုင်းရင်းသားလူမျိုးများအား ကူညီထောက်ပံ့မှုများ၌ တိုးတက်ကောင်းမွန်လာစေရန် လုပ်ဆောင်ခြင်းအပါအ၀င်၊ စည်းလုံးညီညွတ်သော ချဉ်းကပ်လုပ်ဆောင်မှုတစ်ခုဖြစ်ပေါ်လာစေရန် ရည်ရွယ်ပါသည်။
ဌာနေတိုင်းရင်းသားလူမျိုးများ၏ အခွင့်အရေးများအား လေးစားသောအားဖြင့် ကုလသမဂ္ဂမှ နှစ်အလိုက် သတ်မှတ်ထားသော အလေးပေးလုပ်ဆောင်မှုခေါင်းစဉ်များ –
2016: “Indigenous Peoples’ Right to Education”
2015: “Post 2015 Agenda: Ensuring indigenous peoples’ health and well-being”
2014: “Bridging the gap: implementing the rights of indigenous peoples”
2013: Indigenous peoples building alliances: Honouring treaties, agreements and other constructive arrangements
2012: Indigenous Media, Empowering Indigenous Voices
2011: Indigenous designs: celebrating stories and cultures, crafting their own future
2010: Celebrating Indigenous Film Making
2009: Indigenous Peoples and HIV/AIDS
2008: Reconciliation between States and indigenous peoples
2007: Urgent need to preserve indigenous languages
2006: Indigenous Peoples: human rights, dignity and development with identity
2005: The Cause of Indigenous Peoples is Ours",4.0,2.0,3.0,4.0,3.0,"The text provides a clear, factual, and educational overview of the International Day of the World's Indigenous Peoples. It is well-structured and informative, though it lacks deep analytical reasoning. The language is natural and appropriate for the context, though it contains some minor encoding artifacts common in Burmese digital text."
<urn:uuid:09c0e815-9582-463d-8596-97e4b9a86aac>,"မင်းမကြည့်လို့ မသိတာပါ၊ အချစ်က မင်းအနားမှာပါ
အခွန်ကိစ္စနဲ့ ပတ်သက်ပြီး ကျွန်တော်လည်း ဝေဖန်ခဲ့ဖူးပါတယ်။ ကိုယ်က အခွန်ပေးပြီး ဘာမှ ပြန်မရဘူးလို့ ထင်ခဲ့ မိတယ်။ တကယ်တော့ အဲ့လိုမဟုတ်ပါဘူး။ (မင်းမကြည့်လို့ မသိတာပါ၊ အချစ်ကမင်းအနားမှာပါ) ဒီ သီချင်းလေး လိုပါပဲ။
တိုင်းပြည် အေးချမ်းသာယာရေး၊ လမ်းပန်း ဆက်သွယ်ရေး ကောင်းမွန်ရေး စသည် စသည်ဖြင့် တိုင်းပြည်အကျိုးပြု လုပ်ငန်းတာဝန်များကို အကောင်အထည်ဖော် ဆောင်ရွက်နေတာ ဘယ်သူလည်း ဆိုရင် အားလုံးသိတဲ့အတိုင်း အစိုးရအဖွဲ့အစည်း (Government) ပဲဖြစ်ပါတယ်။
အစိုးရက ရိုးသားတယ်၊ စေတနာရှိတယ်၊ လုပ်ပေးချင်စိတ် ရှိတယ် ဘယ်လိုပဲ လုပ်ပေးချင်စိတ် ရှိရှိ ပိုက်ဆံ မရှိရင် ဘာမှ လုပ်လို့ မရပါဘူး။ အစိုးရအတွက် လိုအပ်နေတဲ့ ငွေ ကို ဘယ်လိုရှာ မလဲ ဆိုတာ စဉ်းစား ရပါတယ်။ (၁) အစိုးရကိုယ်တိုင် စီးပွားရေးလုပ်မလား၊ (၂) သဘာဝ သယံဇာတ ပစ္စည်းတွေ ရောင်းမလား၊ (၃) ချေးငွေယူမလား၊ (၄) လုပ်ငန်းရှင်များထံမှ အခွန်ကောက်မလား။
(၁) အစိုးရကိုယ်တိုင် စီးပွားရေးလုပ်မလား
ယခင်က သမဝါယမ ဆိုင်တွေဖွင့်ပြီး ပြည်သူကို စျေးနှုန်းသက်သက်သာသာနဲ့ ရောင်းချခဲ့တယ် (ကိုယ်တွေတော့ မမှီခဲ့ပါဘူး)။ အရှံူးခံပြီးရောင်းတော့ အစိုးရကိုယ်တိုင် တခြားတစ်ဖက်မှာ စီးပွားရေး ပြန်လုပ်ရတယ် (ဒါမှလည်း အဆင်ပြေမှာကိုး)။ ပို့ကုန်၊ သွင်းကုန် စသည် စသည်ဖြင့် ကိုယ်တိုင် စီးပွားရေး လုပ်ခဲ့တယ်။ ဒီလို လုပ်တာ အဆင်မပြေဘူးဆိုတာ ပြန်ကြည့်ရင် အားလုံးလည်း သိနိုင်ပါတယ်။
(၂) သဘာဝ သယံဇာတ ပစ္စည်းတွေ ရောင်းမလား
ဒီနည်းလမ်းကလည်း အားလုံး သိတဲ့အတိုင်းပဲ သစ်တောတွေလည်း ပြောင်နေပြီ၊ တောင်တွေလည်း ချိုင့်တွေ ဖြစ်ကုန်ပါပြီ။ လူနည်းစုပဲ အလုပ်ဖြစ်သွားတယ် ဆိုတာ အားလုံးလည်း သီပြီး ဖြစ်နေပါပြီ။ သယံဇာတ ဆိုတာကလည်း အချိန်တန်ရင် ကုန်သွားမှပဲ ဆိုတော့ ဒီနည်းလမ်းကလည်း အဆင်မပြေပြန်ပါဘူး။
(၃) ချေးငွေယူမလား
မြင်သာအောင် ဥပမာလေး တစ်ခုအနေနဲ့ ပြောရရင်တော့ ရပ်ကွက်ထဲမှာ ဦးဘ ဆိုတဲ့ လူတစ်ဦး ရှိတယ်။ ရပ်ကွက် ရဲ့ သာရေး၊ နာရေး ဆို ငွေအား အပြည့်အဝ စိုက်ထုတ်ပြီး ကူညီတက်သူ တစ်ယောက်ပေါ့။ ရပ်ကွက်လမ်းခင်းမယ်ဆိုလည်း တခြားအိမ်တွေ လိုက်ခံမနေနဲ့တော့ သူပဲ အကုန်အကျ ခံမယ်ဆိုတဲ့ သူမျိုးပေါ့။ ဒီလို လူမျိုးကို ကျွန်တော်လမ်းမှာ တွေ့ရင် ရိုရိုသေသေ လေးလေးစားစား ဆက်ဆံ ပြောဆိုရပါတယ်။ နေရာပေးရပါတယယ်။ နိုင်ငံ တစ်ခုအနေနဲ့လည်း ဒီလိုပါပဲ တခြားနိုင်ငံတစ်ခုကနေ ချေးငွေ ယူတဲ့အခါ ဘာမှ ပြန်မလုပ်ပေးရဘူးလို့ မထင်လိုက်ပါနဲ့။ အလျော့ပေးရတယ်၊ လုပ်ခွင့်တွေ ပေးရတယ် စတဲ့ ဝင်ရောက် စွတ်ဖက်မှုတွေကို ခံရပြန်ပါတယ်။
(၄) လုပ်ငန်းရှင်များထံမှ အခွန်ကောက်မလား
နောက်ဆုံးတော့ သူလေး(Government) ခင်ဗျာ ဒီနည်းလမ်းက အကောင်းဆုံး ဖြစ်မယ်ဆိုတာ သဘောပေါက်သွားတယ်။ ပုဂ္ဂလိက ကို လုပ်ပိုင်ခွင့်တွေ ခွဲပေးတယ် ပြီးရင် အဲ့အပေါ်မှာ အခွန်ကောက်တယ်။ လိုအပ်တဲ့ infrastructure တွေ ထောက်ပံ့ပေးတယ်။ ပတ်ဝန်းကျင်၊ ကျန်းမာရေးတွေကို ထိခိုက်စေမယ့် ထုတ်ကုန်၊ သွင်းကုန်တွေအတွက် အထူးကုန်စည်ခွန် ထပ်ကောက်တယ်။ ဘာလို့လည်းဆိုတော့ စည်ပင်တို့ ၊ ဆေးရုံတို့ကိုထောက်ပံ့ ပေးထား ရတဲ့အတွက် ပေါ့နော်။ တွေးကြည့်ရင် သိနိုင်ပါတယ် အများကြီးပါပဲ။ မိသားစု ၂ ယောက်ရှိတုန်းက အလုပ်တစ်ခုတည်းနဲ့ အဆင်ပြေပေမယ့် ၃၊ ၄ ယောက် ဖြစ်လာတဲ့အခါ အလုပ်တစ်ခုတည်းနဲ့ အဆင်မပြေတော့ပါဘူး။ ကလေး ကျောင်းစရိတ်၊ ကျန်းမာရေး စရိတ် စသည်စသည်ဖြင့် တိုးလာတဲ့အခါ အလုပ်ပိုလေးတွေ ရှာလုပ်ရသလိုပါပဲ အစိုးရအနေနဲ့လည်း အခွန်ကို တစ်မျိုးတည်းနဲ့ ကောက်လို့ အဆင်မပြေတဲ့အခါ ပုံစံအမျိုးမျိုးနဲ့ ပြန်ကောက်ရပါတယ်။ ဒါမှလည်း အကုန်အကျတွေနဲ့ ကာမိ မှာပါ။
အစိုးရ (Government) အနေနဲ့လည်း အခွန်ဆောင်တဲ့ သူတွေကို ပြန်ကြည့်ပါတယ်။ အိမ်၊ ကား ဝယ်တဲ့အခါ အခွန်ဆောင်ထားပါက ထိုအချိန်တွင် ပြန်လည်ခုနှိမ် နိုင်ပါတယ်။
အခွန်ပေးဆောင်တယ်ဆိုတာကလည်း တိုင်းပြည်ကောင်းဖို့အတွက် တစ်ဖက်က ကူညီထောက်ပံ့ပေးခြင်း ဖြစ်ပါသည်။
Ref: Seminar
2008
Share :",3.0,3.0,2.0,4.0,4.0,"The text provides a clear, accessible explanation of government taxation and fiscal policy using relatable analogies. It is well-structured and coherent, suitable for educational purposes. It demonstrates logical reasoning in comparing different revenue models. The language is natural and culturally relevant to the Burmese context, though it contains some minor boilerplate elements like 'Share' and 'Ref'."
<urn:uuid:481cbd98-327e-4677-bc47-35fd40ff18f1>,"သလို KNU လက်နက်ကိုင်အဖွဲ့အစည်း က ရာထူး အဆင့်တစ်ခု ရှိတဲ့ လူတွေဖြစ် တယ်ဆိုတာ လည်း အားလုံးအသိပဲဖြစ်တယ်။
ဒါပေမယ့် နိုင်ငံတော် သမ္မတ အပါအ၀င် ၊ အကြီးအကဲ အားလုံးဟာ လက်ရှိဆွေးနွေး ပြည်နယ်အဆင့် ငြိမ်းချမ်းရေးဆွေး နွေးပွဲတွေကို
မထိခိုက်စေလိုတဲ့အတွက် Hightlight လုပ်ပြီး ဆွေးနွေးပြောဆိုခြင်း မရှိသ လို ၊ KNU ခေါင်းဆောင် ပိုင်းတွေ အနေနဲ့လည်း ဒါကို ၀ိုင်းဝန်း အဖြေရှာ ကြမယ့် ဆိုတဲ့ အသံတွေ ကြားရတဲ့ အတွက် အထူး တလည်ဝမ်းသာမိပါရဲ့။ ဒါပေမယ့် အရင်တုန်းက အခြေအနေကို ပြန် ဆန်းစစ်ကြည့်မိတယ်။ ဒီလို ဆန်း စစ်ကြည့်မိလို့ နောက်ကြောင်းပြန်လှည့် ချင်နေသလားလို့ မေးရင်လည်း ခံရယုံပဲ ရှိပါတယ်။ ဒါပေမယ့် အတိတ် ဆိုတာ သုံးသပ် မှတ်သား နေဖို့ ဖြစ်သလို ပစ္စုပ္ပန် ကို အကောင်းဆုံးဖြစ်အောင် နမူနာ ယူရမယ့် အရာလည်းဖြစ်တယ်။
စစ်အစိုးရ လက်ထပ် က လက်နက်ကိုင် သောင်းကျန်းသူ ဆိုတာ နယ်စပ်မှာ ပြည်ပြေး အဖွဲ့တွေ နဲ့ ပူပေါင်းရပ်တည်နေရတဲ့အခြေအနေတစ်ရပ်ကနေသမ္မတအစိုးရလက်ထက် ရောက်တော့ ငြိမ်း ချမ်းရေးဆိုတဲ့ စကား လုံးအောက် မှာ ဆွဲသွင်းဖို့အတွက် နယ်စွန်နယ်ဖျားကနေ ဆွေးနွေးပွဲ အဆောက်အဦးတစ်ခု ထိ ဖိတ်ခေါ်ဆွေးနွေး ခဲ့ကြတယ်။ အဲ့လို ဆွေးနွေးတာ မကောင်း လို့လား ၊ အနှစ် ၆၀ ခန့်ကြာတဲ့ ပြည်တွင်း စစ်ကြီး ငြိမ်းသွားမှာ မောင်ရင်က မလို လားလို့လား ဆိုရင်တော့ (ခပ်မြန်မြန်ပဲ ငြင်းမိမှာပါ )ကျွန်တော် မြန်မာနိုင်ငံ ကြီး ငြိမ်းချမ်းစွာ ရပ်တည် ပြီး တိုးတက် ဖွံ့ဖြိုးနေ တာကို မြင်လို လှတာကြောင့် ဒီဆောင်းပါးကို ရေးရတာပါ။ ဘာကြောင့် နောက်ကြောင်း ပြန်ပြောနေလဲ ဆိုရင်တော့ သမိုင်းဆိုတာ အတိတ်က လာသလို လက် ရှိအခြေအနေကိုလည်း ထပ်ဟပ် အရောင်ထိုးနေတာမို့ပါ။ ယခင်က နယ်စပ်ဒေသတွေမှာ ကြီးစိုးတဲ့ လက်နက်ကိုင် သောင်းကျန်းသူတွေ ဟာ အတင်းအဓမ္မဆက်ကြေးကောက် ၊ လူသစ်စု လုပ်ရပ်တွေ ဟာ အခု အခါမှာတော့ ငြိမ်းချမ်းရေးဆိုတဲ့ စကားလုံးအောက်မှာ အသာခိုကပ်နေရင်း ထိန်းချုပ် နယ်မြေတွေ တောင်း ၊ အဲ့နယ်မြေ အတွင်း ပြည်သူလူထု ကို ဆက်ကြေး ကောက် ၊ လူသစ်စု အလုပ်တွေဟာ အခု အခါမှာ တရားဝင်လုပ်ခွင့်ရသလို သဘောထားလာကြပြီး ပြောင်ပြောင် တင်း တင်း လုပ်ကိုင် နေကြတာတွေ ရှိလာပါ တယ်။ ငြိမ်းချမ်းရေးဆိုတဲ့စကားလုံးအောက် ခိုကပ်နေရင်း ဒီအခွင့်အရေးတွေနဲ့ စိတ်ကြိုက် ကစား ကွက် ပြင်နေတဲ့ လက်နက်ကိုင် အဖွဲ့တွေအပေါ် ဘယ်သူမှ တာဝန်ယူ ဖြေရှင်းမယ့် သူ မရှိသလို ၊ ဒါ့ထက် ဆိုး လာရင်တော့ ရာဇ၀င်ကျော် တပ်မတော် ကိုပဲ “မင်းသွားတိုက်ချေ” ဆိုတဲ့ စကားလုံးသုံးလိုက်မဟဲ့ လို့ စိတ်ကူးနေ ရင်တော့ ..တော်လောက်ပါပီ တပ်မတော် လည်း အနှစ် ၆၀ နီးပါး ပြည်တွင်းစစ်နဲ့ နှစ်ပါး သွားခဲ့ ရတာပဲ နိုင်ငံရေးသမားများကို အင်မတန် ကျေးဇူးတင်နေရပါပီ။ အခုလက်ရှိအပစ်အခတ် ရပ်စဲရေး ကြိုးပမ်း နေကြ တာ ဟာ အချိန် အတိုင်းအတာ တစ်ခု ထိ အချိန် ဆွဲထား တာဟာ ကစားကွက်ကို စိတ်ကြိုက်ပြင် ဆင်ခွင့်ပေးနေသလားလို့ ထင်မိပါရဲ့ ။
ကဲ အခု အစိုးရအသစ်အနေနဲ့ သောင်းကျန်းသူ အဖွဲ့အစည်းတွေကိုလည်း နယ်စပ်ဒေသ တွေကနေ စားပွဲ ၀ိုင်းတွေ အထိ ခေါ်လာခဲ့ပါပြီ ။ ဒီအပေါ်မှာ လက်နက်ကိုင်သောင်းကျန်းသူတွေ ဟာ ခွေးမြီးကောက် ကျည်တောက် စွပ် အလုပ်အမျိုး လုပ်နိုင်ပါဘူးလို့ ဘယ်သူတွေများ တာဝန် ခံမလဲ ? အခုလက်ရှိ ဖော်ထုတ် ဖမ်းဆီ ရ မိထားတဲ့ တရားခံတွေက ရာခိုင်နှုန်း တစ်ခု ရှိတဲ့ သက်သေ တွေ မဟုတ်လား။ ဒါပေမယ့် မြန်မာ နိုင်ငံ အနှံ့နီးပါး ဗုံးပေါက်နေပါစေအုံး တပ်မတော် ကို နိုင်ငံရေး လောက က အပြီးအပိုင်နှုတ်ထွက်ဖို့ အပြင်း အထန် ကြိုးစားနေကြတယ်ဆိုတာ သိရတယ်။ ကဲ တပ်မတော် က နိုင်ငံရေး လောက က နှုတ်ထွက် သွားပြီ သဘော ထားကြပါစို့ ။ အခု ဗုံးထောင်တဲ့ ကိစ္စတွေ ၊ ဗုံးလန့်နေတဲ့ ကိစ္စတွေကို ၊ ဗုံးဖြုတ်ဖို့ ကိစ္စတွေ ကို ၊ ဗုံးဖောက် တာတွေ တားဆီးဖို့ ကိစ္စတွေကို ဘယ်သူတွေတာဝန်ယူမှာလဲဆိုတာကတော့ သိချင်မိတာ အမှန် ပါပဲ။
မောင်ဘ",2.0,3.0,3.0,3.0,4.0,"The text is an opinion piece on Myanmar's peace process and the role of the military. It offers a coherent, albeit biased, political argument. It is written in natural, idiomatic Burmese, reflecting local political discourse and terminology, though it contains some minor formatting inconsistencies typical of web-scraped content."
<urn:uuid:1ef1ecd4-0486-4b03-95dc-1108e1b130f1>,"ပင် ရင်သား များထွက်ပေါ်လာပြီး အပျိုဖော်ဝင်စ အရွယ်သို့ စော၍ရောက်ရှိတတ်ကြောင်း နောက်ဆုံးပေါ်လေ့လာစမ်းသပ်မှုတစ်ခု အရ သိရသည်။
မိန်းကလေးများ အသက်ငယ်ငယ် ရွယ်ရွယ်ဖြင့် အပျိုဖော်ဝင်လာပြီလား၊ အဘယ်ကြောင့် ဤကဲ့သို့ဖြစ်ရသနည်း။ စသည့် ဆွေးနွေးငြင်းခုံမှုများအကြား တွင် ယခုစမ်းသပ်မှု ပေါ်ပေါက်လာခဲ့
ခြင်းဖြစ်သည်။
ခန္ဓာကိုယ်အတွင်းရှိ အဆီဓာတ် သည် လိင်ပိုင်းဆိုင်ရာဟော်မုန်းများကို ထုတ်လုပ်ပေးတတ်ရာ ကိုယ်ခန္ဓာဝဖြိုး မှု လွန်ကဲခြင်းသည်လည်း လှုံ့ဆော်မှု တစ်ရပ်ဖြစ်တတ်ပြီး အခြားပတ်ဝန်းကျင် ရှိ
ဓာတုပစ္စည်းများကလည်း အမျိုးသ မီးဓမ္မတာနှင့်ပတ်သက်သော Oestrogen
ဟော်မုန်းကို ထုတ်လုပ်ပေးတတ် ၍ ငယ်ငယ်နှင့် အပျိုဖော်ဝင်တတ်သည် ဟု
သံသယရှိကြသော်လည်း သုတေ သီများအနေဖြင့် ထိုအချက်ကို လက်
တွေ့သက်သေမပြနိုင်ကြပေ။ ငယ်ငယ် နှင့် အပျိုဖော်ဝင်ခြင်းကိစ္စသည် ဆေး ပညာရော
လူမှုစိတ်ပညာပိုင်းနှင့်ပါ စိုး ရိမ်ပူပန်စရာဖြစ်နေသည်။
ပထမဆုံးအကြိမ် ဓမ္မတာလာ သည်နှင့် အပျိုဖော်ဝင်ခြင်းကို နှိုင်းယှဉ် မှုပြုတတ်ကြရာတွင် စောစီးစွာအရွယ် ရောက်ခြင်းသည် ကိုယ်ခန္ဓာအတွက် ကျူမာများကို ဖြစ်စေသည့် Oestrogen နှင့်
Progesterone တို့ ကြာရှည်စွာ အကာအကွယ်မဲ့သည့် သဘောမှ ကင်
ဆာရောဂါဖြစ်တတ်သည့် အခြေအနေ သို့ ရောက်သွားတတ်ကြောင်း သုတေ သနစာတမ်းတွင်
ဖော်ပြထားသည်။",3.0,3.0,3.0,2.0,3.0,"The text provides educational information on early puberty and its health implications. It uses basic logical connections between hormones and health risks. The professionalism is moderate, suitable for general health awareness. Cleanliness is limited by poor character encoding (font rendering issues). It reflects natural Burmese phrasing regarding health and social concerns."
<urn:uuid:794e4b02-5f46-4ebb-9bd7-c95f02cd641f>,"လောကဓာတ်ခန်း သာဂိ - Office Application in the Cloud (၈)
(Cloud Computing Basics with Google App and Facebook)
(မိုးမခ) ဖေဖော်ဝါရီ ၁၅၊ ၂၀၁၇
Cataloging EMAILs in Groups or Labels
ဒီတခါမှာတော့ email contacts တွေကို သြဂနိုက်ဇ် လုပ်သလိုမျိုး email messages တွေကိုလည်း သြဂနိုက်ဇ် (Organize) လုပ်လို့ရတယ်ဆိုတာကို လေ့လာမှာဖြစ်ပါတယ်။ အီးမေးမက်စိတွေကိုလည်း လေဘယ် ထိုးလို့ ရပါတယ်။ ဒါကို label လုပ်တယ်၊ အုပ်စုဖွဲ့ နာမည်ထိုးထားတယ်လို့ ပြောကြပါတယ်။
အီးမေး အသိုင်းအ၀န်းမှာ EMAIL CIRCLES ဆိုတာက အလုပ်အီးမေး၊ မိသားစုတွေက အီးမေး၊ ကျောင်းက လာတဲ့ အီးမေးတွေ၊ ဗဟုသုတရဖွယ် မှတ်သားစရာ အီးမေးတွေဆိုပြီး အမျိုးအစားတွေခွဲပြီး အုပ်စုဖွဲ့ပြီး သိမ်းဆည်း ထားတာမျိုး ဖြစ်ပါတယ်။
Label emails
အီးမေးတွေကို select လုပ်ပြီးတော့ အပေါ်ဆုံးတန်းမှာ ရှိတဲ့ icons တွေထဲက Label ပုံလေး နှိပ်၊ ဆွဲချပြီးတော့ သူ့အီးမေးအမျိုးအစား၊ အုပ်စု လေဘယ်ကို သတ်မှတ်ပေးပါ။
Create New Labels
Label တွေကိုလည်း တခါတည်း အသစ်ဖန်တီးနိုင်ပါတယ်။
How Labels display in email view list
အီးမေးတွေကို လေဘယ်ထိုးလိုက်ရင် အီးမေးလစ်မှာ အဲသည် လေဘယ်နဲ့ပါ အီးမးတွေက တွဲပေါ်နေတာကို တွေ့ရပါတယ်။
Viewed Labeled Messages
လေဘယ်ထိုးထားတဲ့ မက်စိတွေချည်း သက်သက် ကြည့်ချင်တယ်ဆိုရင် ဘယ်ဘက်ကော်လံမှာ Circles အောက်မှာ ကိုယ်ရှာချင်တဲ့ လေဘယ်ထိုး မက်စိများကို စစ်ပြီးသား ကြည့်နိုင်ပါတယ်။
လေဘယ်ထိုးထားတာတွေ များလို့ ဘေးကော်လံမှာ မပေါ်ရင် More ဆိုတာကို နှိပ်ပြီး complete label list ကို ရှာကြည့်နိုင်ပါတယ်။
Choose Label Color
လေဘယ်တွေကို စီစဉ်ရာမှာ လေဘယ်တွေကို ကာလာပါထိုးပြီး စီစဉ်လို့ရပါတယ်။ အရောင်နဲ့ ဆိုတော့ လေဘယ်တွေကို ခွဲခြားကြည့်ရတာ ပိုမြင်သာ လွယ်ကူပါတယ်။
ကိုယ်ပြင်ချင်တဲ့ လေဘယ်ကို ဆွဲချ၊ ပြီးတော့ ဘေးမှာ ပေါ်လာတဲ့ အတိုင်း ပြင်စရာ ကာလာ ကို ရွေးနိုင်ပါတယ်။
ဒါဆိုရင် ကိုယ့်အီးမေးလစ်စ်မှာ ဘယ်အသိုင်းအ၀ိုင်း ဘယ်နေရာတွေ ဘယ်ကဏ္ဍတွေက အီးမေးတွေ ၀င်နေသလဲဆိုတာကို လေဘယ်ထိုးပြီး သိမ်းထား စိစစ်ထားလို့ ရပါတယ်။
Auto Filter Messages with Label
ခုနင်က ပြောနေတဲ့ဟာတွေ အားလုံးက အီးမေးတွေကို label ထိုးတဲ့နေရာမှာ တခုချင်းစီ အီးမေးတွေကို မေးဘောက်စ်ထဲကနေ လက်နဲ့ ရွေးပြီး လေဘယ်ထိုးတာ ဖြစ်ပါတယ်။ ဒါကို manual filter လက်နဲ့ စိစစ်ပြီး manual label လက်နဲ့ လေဘယ်ထိုးတာ ဖြစ်ပါတယ်။ manul ဆိုတာ ကိုယ့်ဖာသာကိုယ် လုပ်ရတာ၊ စက်ကို လုပ်ခိုင်းရတာမဟုတ်ဘူး။ AUTO Filter လုပ်ပြီး Label ထိုးတာမျိုး - အီးမေးတွေထဲက ကိုယ်သတ်မှတ်ထားတာ ၀င်လာတာနဲ့ ဂူးဂဲကနေ အော်တို ရွေးပြီး အရောင်ချယ်ပေးတာမျိုး လုပ်ခိုင်းလို့ လည်း ရပါတယ်။
ဥပမာ Facebook က ပို့တဲ့ မတ်စိတိုင်းကို အရောင်ထိုးပြီး ဖေ့စ်ဘွတ်ဆိုတဲ့ လေဘယ် အလိုအလျောက် ထိုးခိုင်းထားမယ်။ အခုဝင်လာတာကော နောင်အနာဂတ်မှာ ၀င်လာမယ့် စာတွေ အတွက်ကော လုပ်မယ် ဆိုကြပါစို့။
Facebook ကလာတဲ့ အီးမေးကို ဖွင့်ပါ။
More ဆိုတဲ့ Action Pull Down ကို ဆွဲချပြီး Filter messages like these ကို ရွေးပါ။
အဲသည်မှာမှ Facebook ဆိုတဲ့ Label အမည်ကို ဖန်တီးပေးပါ။ Create filter with this search ကို ကလစ်လုပ်ပါ။
သင်အလိုရှိရာ ACTION တွေ ရွေးနိုင်ပါတယ်။ အခုဟာကတော့ APPLY to the Label ဆိုပြီး Check လုပ်ရုံပါပဲ။
အဲသည်မှာ အခု အီးမေးသာမက အတိတ်က ၀င်ခဲ့တဲ့ facebook emails တွေကိုပါ filter လုပ်ချင်ရင်တော့ - Also apply filter to matching converstations ဆိုတာကိုပါ check လုပ်လိုက်နိုင်ပါတယ်။
To Delete or Edit Filter
Filter တွေ အများကြီးနဲ့ Label တွေ အများကြီး လုပ်ထားမိလို့ နောက်ပြီးတော့မှ ဖျက်ပစ်ချင်တယ်၊ ပြင်ချင်တယ် ဆိုရင် အီးမေး ၀င်းဒိုး အပေါ် ညာဖက်ထောင့်က GEAR စက်သွားပုံ လေးကို ဆွဲချ၊ ဆက်တင်းကို ရွေးပါ။
အဲသည်ထဲက Filters and Blocked Addresses (Tab) ကို ရွေးပါ။ အဲသည်မှာ သင်ဖန်တီထားတဲ့ Filter ကို တွေ့လိမ့်မယ်။ အဲသည်မှာ edit or delete စိတ်ကြိုက်လုပ်နိုင်ပါပြီ။
ဒီနေရာမှာ သင်တန်းသားတွေကို ရှင်းပြရမှာက အီးမေးဖြင့် စီမံခန့်ခွဲမှုသည် ရုံး၊ အိမ်၊ ကျောင်း၊ ၀ါသနာ၊ ဗဟုသုတလုပ်ငန်း အားလုံးမှာ လိုအပ်ချက် တခုဖြစ်တဲ့အပြင် မိမိကိုယ်ကိုယ် မိမိ ဘယ်လောက် စနစ်တကျ စီစဉ် လုပ်ကိုင် နိုင်သလဲကိုပါ လေ့ကျင့်ရာ ရောက်ပါတယ်။ လက်တွေ့ အသုံးကျတယ်ဆိုတာကို ရှင်းပြသင့်ပါတယ်။
အီးမေးကနေပြီး ဂူးဂဲဒရိုက် နဲ့ ကလောဒ့် Google drive in the Cloud ကို ဆက်ပြီး လေ့ကျင် စီမံတော့မှာ ဖြစ်တဲ့အတွက် ဒီလိုမျိုး အမြင်ရှိနေပြီဆိုရင် ရှေ့လျောက် လွယ်ကူသွားတော့မှာ ဖြစ်ပါတယ်။
(ဆက်လက်ဖော်ပြပါမည်)",4.0,3.0,2.0,4.0,3.0,"The document is a clear, step-by-step tutorial on organizing emails using labels and filters. It is highly practical for educational purposes, though it lacks advanced theoretical depth. The language is natural Burmese, effectively explaining technical concepts using accessible terminology and local context."
<urn:uuid:76b8ce8d-7caa-41cc-a145-9c8e7e5e56f1>,"ဦးဝင်းတင်။ ။ ""အဖြဲႛအစည်းထဲမြာ တညီတညတ်ြတည်ူးဖစ်အောင် နည်းလမ်းရြာုကမယ်၊ လုပ်ုကမယ်၊ တြဲလုပ်ိုံင်အောင်ပေၝ့ လူဋ္ဌကီးနဲႛလူငယ်၊ နောက်လူငယ် လူငယ်ခဵင်းပေၝ့ဗဵာ၊ နောက်တခုက အခဵင်းခဵင်း ဆြေးြေိံုးကပၝ ညြိံငြ်ုးကပၝ အဲဒၝတြေ လုပ်တဲု့ကားကနေ မရသေးရင်ူငင်းသင့်ရင်ူငင်းပၝ ဒၝပေမဲ့ ရန်မူဖစ်ုကပၝနဲႛ၊ လူဋ္ဌကီးနဲႛသော်လည်းကောင်း၊ လူငယ်နဲႛသော်လည်းကောင်း မူဖစ်ုကအောင်ပၝ ဒီကနေႛ အဓိက ပထမဦးဆုံးလုပ်ဖိုႛက ဒေၞအောင်ဆန်းစုကည် အပၝအဝင်ိုံင်ငံရေး အကဵဉ်းသမားမဵား လတြ်ေူမာက်ရေးနဲႛ တြေႛဆုံဆြေးြေိံးရေးတြေ ဦးတည်ိုံင်အောင်လုပ်ဖိုႛ၊ တြေႛဆုံဆြေးြေိံးရေးဆိုတာ အဆင်တန်ဆာလောက်ပဲ မလိုအပ်တော့ဘူးဆိုတာကို ကဵနော်လက်မခံဘူး ဒၝကိုလည်းသူတိုႛ သဘောတူပၝတယ်။""
ဆရာဦးဝင်းတင်နဲႛ တြေႛဆုံခဲ့တဲ့ အမဵြိးသားဒီမိုကရေစီ အဖြဲႛခဵပ်ြဝင် လူငယ်တဦးကတော့ ခြဲခြာနေရတဲ့ မိဘတဦးကိုပန်တြေႛရသလို ခံစားရတယ်လိုႛေူပာပၝတယ်။
အဖြဲႛခဵပြ် လူငယ်တဦး။ ။ ""အရမ်းကို အားရေုကနပ်မိပၝတယ်၊ ဆရာက ကိုယ်နဲႛအူမင် မတူတာ ရြိုံင်တယ်၊ သဘောထားမတူတာ ရြိုံင်တယ် သိုႛသော်ူငင်းလိုႛရတယ် ဆြေးြေိံးလိုႛရတယ် ဒၝပေမဲ့ရန်ူဖစ်လိုႛ မူဖစ်ဘူးဆိုတဲ့ စကားဟာ ကဵနော်တိုႛ အမဵြိးသား ဒီမိုကရေစီ အဖြဲႛခဵပ်ြလူငယ်တြေ လုပ်ခဵင်တဲု့ကားခဵင်နေတဲ့စကာူးဖစ်ပၝတယ်။""
ဒီနေႛတြေႛဆုံတဲ့လူငယ်တေထြဲမြာ ဆရာဦးဝင်းတင်ကို မရင်ြးီံး မူမင်ဘူးတဲ့ လူငယ်တေလြည်းပၝုကပၝတယ်။ ဒီလိုတြေႛဆုံခဵိန်မြာ လူငယ်တေကြ ဆရာဋ္ဌကီးဦးဝင်းတင်ကို အမဵြိးသားဒီမိုကရေစီ အဖြဲႛခဵပ်ြကူပန်လည်ပေးအပ်တဲ့ တာဝန်ကို အူမန်ဆုံးယူဖိုႛ ဝိုင်းဝန်း တိုက်တနြ်းခဲ့တယ်လိုႛေူပာပၝတယ်။ ဆရာဦးဝင်းတင်ကလည်း ဒီမိုကရေစီရဖိုႛဆိုရင် ဘယ်လိုလူနဲႛမဆို လက်တြဲသြားမဲ့အေုကာင်း ထပ်မံေူပာုကားခဲ့ပၝတယ်။ တိုင်ူးပည် အနာဂတ်ဟာ လူငယ်တေလြက်ထဲမြာသာ ရြိေုကာင်း ဆရာဦးဝင်းတင်က ဆိုပၝတယ်။
ဦးဝင်းတင်။ ။ ""ဘာပဲေူပာေူပာ ကနေႛတိုင်ူးပည်မြာ လုပ်စရာတေဆြက်လုပ်ရမြာက သူတိုႛပဲလုပ်ရမြာလေ တိုင်းရေူးပည်ရေိးိုံင်ငံရေးမြာလည်း သူတိုႛပဲ လုပ်ရမြာပဲ စီးပြားရေးတိုႛ လူမူရေးတိုႛ အတတ်ပညာဆိုင်ရာကလည်း သူတိုႛပဲလုပ်ရမြာပဲ။""",3.0,2.0,2.0,2.0,5.0,"The text provides a historical account of U Win Tin's interaction with NLD youth, offering insights into political discourse and intergenerational cooperation. It is culturally authentic and uses natural Burmese phrasing. However, it suffers from significant encoding issues (mojibake) which affect readability, and the content is journalistic rather than structured educational material."
<urn:uuid:7da5cafd-9e7b-48e5-bc36-59127b0eab04>,"အာဏာဆုပ်ကိုင်လို မှု အတွက် အုပ်စိုးသူ ရှင်ဘုရင်များကြား အချင်းချင်း ပဋိပက္ခများ ဖြစ်ပွားလျက်ရှိရာ ဖခင် အရင်းနှင့် အကို အရင်းအား လုပ်ကြံ သတ်ဖြတ်လျက် ပုဂံထီးနန်းအား သိမ်းပိုက်ခဲ့ သည့် နရသူအားလည်း ၎င်း အား မုန်းတီးသူများက လုပ်ကြံ၍ ကွယ်လွန်ပြီး နောက် နရသူ၏ သားနှစ်ယောက်ဖြစ်သည့် နရသိခ် နှင့် ညီဖြစ် သူ နရပတိစည်သူ တို့ ကြား စိတ်ဝမ်းကွဲကြပြန်သည်။
မြန်မာရာဇ၀င်များတွင် ရေးသားထားချက် အရ ညီတော်နရပတိ စည်သူ၏ မိဖုရား ဝေဠုဝတီ အား နောင်တော် နရသိခ် မှ တပ်မက် ၍ အကောက်ကြံကာ သိမ်းပိုက်လိုမှုကြောင့် ညီတော်က မခံမရပ် နိုင်ဖြစ်ပြီး နောင်တော် အား လုပ်ကြံကာ ပုဂံထီးနန်းအား သိမ်းပိုက် သည်ဟုရေးသားဖေါ်ပြထားသည်။
နရပတိစည်သူသည် နောင်တော်အား လုပ်ကြံ၍ နန်းတက်သည် နှင့် ၎င်း မယုံကြည် သည့် နောင်တော် ၏ မင်း မှုထမ်း ကျေးကျွန် များကို ရက်ရက် စက်စက် သုတ်သင် ကွပ်မျက်သည်။ ယင်းကွပ် မျက်သည့်အထဲတွင် အပြစ်မဲ့ပြီး ရဲရင့် တည်ကြည် သည့် ပညာ ရှိ အမတ်ကြီး အနန္တသူရိယ လည်း ပါဝင်၍ ၎င်း မယုံကြည် သူ များ အား ထပ်မံ ကွပ်မျက်ရာတွင် ယင်း၏ သစ္စာတော်ခံ အမှ ထမ်းငယ် ကျွန်ရင်း အောင်စွာကိုပါ ကွပ်မျက်လေသည်။ နရပတိစည်သူ သည် အာဏာ တည်တန့် ခိုင်မြဲရေးနှင့် နိုင်ငံတော်ငြိမ်ဝပ်ပိပြားရေး ကို ကြမ်းကြမ်း တမ်းတမ်း ဆောင်ရွက်ခဲ့သည်မှာ ထင်ရှားလေသည်။
နရပတိစည်သူမင်း လက်ထက် သုဝဏ္ဏဘုမ္မိတိုင်းမှ တဆင့်ပုဂံ သို့ ရောက်ရှိလာသည့် ကဉ္စပူရိ သာသနာကို သီ ဟိုရ်သာသနာ က လွှမ်းမိုးစ ပြုသည်ဟု ထေရ၀ါဒ သာသနာဆိုင်ရာ သုတေသီ တို့ က ယူဆကြသည်။ နရပတိ စည်သူ၏ ကောင်းမှုတော်များ ထဲတွင် ပုဂံမှ ဂေါ်တော်ပုလ္လင် နှင့် စူဠာမဏိ စေတီတော်သည် ထင်ရှား လေ သည်။ အနန္ဒသူရိယ အမတ်ကြီး၏ မျက်ဖြေလင်္ကာ နှင့် ဓမ္မ၀ိလာသ ဓမ္မသတ် ကို အထောက်အထားပြု ၍၎င်း။ နရ ပတိစည်သူမင်း လက်ထက်တွင် ကျောက်စာများတွင် မြန်မာစာ နှင့် ရေးထိုးသည်ကို တစထက်တ စ တွေ့ လာရ ၍ ၎င်း။ မွန်နှင့် ပါဠိဘာသာများလွှမ်းမိုးမှု အောက်မှ မြန်မာစာပေသည် လွတ် မြောက်စပြုလာ သည် ဟု သမိုင်းသုတေသီများက ယူဆကြ လေသည်။
မြန်မာရာဇ၀င်များတွင် ရေးသားထားချက် အရ ညီတော်နရပတိ စည်သူ၏ မိဖုရား ဝေဠုဝတီ အား နောင်တော် နရသိခ် မှ တပ်မက် ၍ အကောက်ကြံကာ သိမ်းပိုက်လိုမှုကြောင့် ညီတော်က မခံမရပ် နိုင်ဖြစ်ပြီး နောင်တော် အား လုပ်ကြံကာ ပုဂံထီးနန်းအား သိမ်းပိုက် သည်ဟုရေးသားဖေါ်ပြထားသည်။
နရပတိစည်သူသည် နောင်တော်အား လုပ်ကြံ၍ နန်းတက်သည် နှင့် ၎င်း မယုံကြည် သည့် နောင်တော် ၏ မင်း မှုထမ်း ကျေးကျွန် များကို ရက်ရက် စက်စက် သုတ်သင် ကွပ်မျက်သည်။ ယင်းကွပ် မျက်သည့်အထဲတွင် အပြစ်မဲ့ပြီး ရဲရင့် တည်ကြည် သည့် ပညာ ရှိ အမတ်ကြီး အနန္တသူရိယ လည်း ပါဝင်၍ ၎င်း မယုံကြည် သူ များ အား ထပ်မံ ကွပ်မျက်ရာတွင် ယင်း၏ သစ္စာတော်ခံ အမှ ထမ်းငယ် ကျွန်ရင်း အောင်စွာကိုပါ ကွပ်မျက်လေသည်။ နရပတိစည်သူ သည် အာဏာ တည်တန့် ခိုင်မြဲရေးနှင့် နိုင်ငံတော်ငြိမ်ဝပ်ပိပြားရေး ကို ကြမ်းကြမ်း တမ်းတမ်း ဆောင်ရွက်ခဲ့သည်မှာ ထင်ရှားလေသည်။
နရပတိစည်သူမင်း လက်ထက် သုဝဏ္ဏဘုမ္မိတိုင်းမှ တဆင့်ပုဂံ သို့ ရောက်ရှိလာသည့် ကဉ္စပူရိ သာသနာကို သီ ဟိုရ်သာသနာ က လွှမ်းမိုးစ ပြုသည်ဟု ထေရ၀ါဒ သာသနာဆိုင်ရာ သုတေသီ တို့ က ယူဆကြသည်။ နရပတိ စည်သူ၏ ကောင်းမှုတော်များ ထဲတွင် ပုဂံမှ ဂေါ်တော်ပုလ္လင် နှင့် စူဠာမဏိ စေတီတော်သည် ထင်ရှား လေ သည်။ အနန္ဒသူရိယ အမတ်ကြီး၏ မျက်ဖြေလင်္ကာ နှင့် ဓမ္မ၀ိလာသ ဓမ္မသတ် ကို အထောက်အထားပြု ၍၎င်း။ နရ ပတိစည်သူမင်း လက်ထက်တွင် ကျောက်စာများတွင် မြန်မာစာ နှင့် ရေးထိုးသည်ကို တစထက်တ စ တွေ့ လာရ ၍ ၎င်း။ မွန်နှင့် ပါဠိဘာသာများလွှမ်းမိုးမှု အောက်မှ မြန်မာစာပေသည် လွတ် မြောက်စပြုလာ သည် ဟု သမိုင်းသုတေသီများက ယူဆကြ လေသည်။",3.0,2.0,3.0,2.0,4.0,"The text provides historical information about the Bagan era, suitable for middle-school history. It contains repetitive paragraphs, which lowers the cleanliness score. The reasoning is basic, summarizing historical events without deep analysis. It uses authentic Burmese historical terminology and context, reflecting local cultural knowledge."
<urn:uuid:fd93e347-600b-4635-9335-424dfba79142>,"သတို့သမီးလေးတို့ရေ မင်္ဂလာပွဲ တစ်ပွဲရဲ့ လှပတင့်တယ်မှုနဲ့ ခမ်းနားထည်ဝါမှုတွေအတွက် ပန်းအပြင်အဆင်လေးတွေက အရေးပါလှတဲ့ အစိတ်အပိုင်းတစ်ခုပါ။ ဒါကြောင့် ကိုယ့်ရဲ့ မင်္ဂလာပွဲ ပန်းအပြင်အဆင်မှာ ထည့်သွင်းအသုံးပြုတဲ့ ပန်းအမျိုးအစားတွေက အသင့်တော်ဆုံး အမျိုးအစားတွေ ဖြစ်ဖို့ အရေးကြီးပါတယ်။ ဒါကြောင့် သတို့သမီးလေးတို့ သိထားရမယ့် သုံးသင့်တဲ့ ပန်းလေးတွေအကြောင်း ပြောပြပေးချင်ပါတယ်။
သတို့သမီးလေးနဲ့ အလက်ဂျစ် မဖြစ်တဲ့ပန်းကို ရွေးပါ
ပင်လယ်စာတွေ စားမိရင် အလက်ဂျစ်ဖြစ်တဲ့သူတွေ ရှိကြသလို ပန်းဝတ်မှုန်တွေကြောင့် အလက်ဂျစ်ဖြစ်သူ တွေလည်း ရှိပါတယ်။ ဒါကြောင့် မင်္ဂလာပွဲမှာ သုံးတဲ့ပန်းက သတို့သမီးလေးနဲ့ အလက်ဂျစ်မဖြစ်တဲ့ ပန်းမျိုး ဖြစ်ဖို့ အရေးကြီးပါတယ်။ အထူးသဖြင့် လက်ကိုင်ပန်းကို ဂရုစိုက်ရမှာပါ။ များသောအားဖြင့် ပန်းအလက်ဂျစ်တွေဟာ နာချေတာတွေ၊ အသက်ရှူကျပ်တာတွေကို ဖြစ်စေတဲ့အတွက် လက်ကိုင်ပန်းက သတို့သမီးလေးကို အလက်ဂျစ် ဖြစ်စေတယ်ဆိုရင် အဆင်မပြေနိုင်ပါဘူးနော်။ ဒါကြောင့် ပန်းပညာရှင်ကို မအပ်နှံခင်ကတည်းက အလက်ဂျစ် ဖြစ်တဲ့ ပန်းအမျိုးအစားတွေကို ကြိုပြောပြထားပါ။
အနံပြင်းတဲ့ပန်းတွေ ပေါင်းမသုံးပါနဲ့
မင်္ဂလာပွဲအပြင်အဆင်မှာ ပန်းတွေကို အနည်းဆုံး သုံးမျိုးလောက် သုံးလေ့သုံးထရှိပါတယ်။ အဲ့လို သုံးတဲ့အခါ အနံ့ပြင်းပြီး မွှေးတဲ့ပန်းကို တစ်မျိုးလောက်ပဲ သုံးပြီး ကျန်ပန်းတွေကို အနံ့သိပ်မရှိတဲ့ ပန်းတွေ သုံးသင့်ပါတယ်။ မဟုတ်ဘဲ အနံ့ပြင်းတဲ့ ပန်းတွေချည်း နှစ်မျိုး၊ သုံးမျိုး စုသုံးမိရင် အနံ့တွေကြောင့် မအီမသာ ဖြစ်တာတွေ ခေါင်းမူးတာတွေ ဖြစ်နိုင်ပါတယ်။
ပန်းလေးတွေရဲ့ အန္တရာယ်ကို ကြိုမြင်ပါ
နူးညံ့လှပတဲ့ ပန်းလေးတွေမှာလည်း အန္တရာယ်တွေ ရှိနေတတ်တာ မမေ့ပါနဲ့နော်။ ကျွမ်းကျင်တဲ့ ပန်းပညာရှင်တွေက သိပြီးဖြစ်လို့ သတို့သမီးလေးတို့ မထိခိုက်ရအောင် ဖန်တီးပေးလိုက်မယ် ဆိုပေမယ့် သတို့သမီးလေးကိုယ်တိုင်က ပန်းအလှဆင်ရာမှာ ဝင်ပါမယ် ဆိုရင်တော့ ပန်းလေးတွေရဲ့ အန္တရာယ်ကို ကြိုသတိပြုဖို့ လိုပါတယ်။ ဥပမာ – နှင်းဆီပန်းကို လက်ကိုင်ပန်း အဖြစ် သုံးမယ်ဆိုရင် နှင်းဆီဆူးတွေကို ကြိုပြီး ဖယ်ထားဖို့ လိုသလို ဝတ်ဆံမှာ အရောင်ရှိတဲ့ တစ်ချို့ပန်းတွေ ဆိုရင်လည်း ဝတ်ဆံကြွေပြီး ထိုင်မသိမ်းတွေမှာ အရောင်စွန်းနိုင်တဲ့အတွက် ဝတ်ဆံတွေ ကြိုပြီး ခြွေထားဖို့ လိုပါတယ်နော်။",3.0,2.0,2.0,5.0,5.0,"The text provides practical, coherent advice for brides regarding wedding floral arrangements. It uses natural, idiomatic Burmese, reflecting local wedding customs and concerns. The reasoning is straightforward, focusing on health and safety precautions. It is well-formatted, clean, and written in a helpful, instructional tone suitable for a lifestyle or wedding planning context."
<urn:uuid:2a599fcd-b27c-4cd1-a792-b9fa4bc5d82b>,"|Touch ID လက်ဗွေလုံခြုံရေးစနစ်အား ထိုးဖောက်နိုင်ကြောင်း သရုပ်ပြနေစဉ်|
Apple ဟာ မျိုးဆက်သစ် iPhone 5s မှာ လက်ဗွေလုံခြုံရေး စနစ်ကို ထည့်သွင်း ပေးထားခဲ့ပေမဲ့ Official Release လုပ်ပြီး ၂ရက် အတွင်း မှာ Chaos Computer Club (CCC) ရဲ့ biometrics hacking team ဟာ ၄င်း လက်ဗွေလုံခြုံရေး စနစ်ကို အောင်မြင်စွာ ဖောက်ထွင်းနိုင်ခဲ့ တယ်လို့ သိရပါတယ်။
""iPhone 5s ရဲ့ မျက်နှာပြင်ပေါ်က ပိုင်ရှင်လက်ဗွေရာ ရှိရုံနဲ့ iPhone 5s ရဲ့ Touch ID Sensor ကို ကို ဖောက်ထွက်ဖို့ လုံလောက်ပါပြီ။ဒါကြောင့် ကျွန်တော်တို့ အနေနဲ့ လက်ဗွေလုံခြုံရေး စနစ်ကို အသုံးပြုဖို့ မသင့်တော်တဲ့ အတွက် ရှောင်ကြဉ်သင့်တယ်""လို့ ဆိုထားပါတယ်။
Apple အနေနဲ့ ကတော့ ယခု iPhone အသစ်မှာပါတဲ့ လက်ဗွေလုံခြုံရေး စနစ်ဟာ အရင်က လက်ဗွေလုံခြုံရေး စနစ်တွေထက် ပိုမို ကောင်းမွန်အောင် ယခုလက်ရှိ နိုင်ငံတကာ နည်းပညာတွေ ထက် ပိုမို ခက်ခဲတဲ့ နည်းပညာကို ရက် အတန်ကြာအောင် ဖန်တီးခဲ့တာလို့ သိရပါတယ်။
"" အမှန်တကယ်တော့ Apple အနေနဲ့ Touch ID Sensor အခြား Sensor တွေထက် Resolution ပိုမြင့်အောင်လုပ်ထားတာပါပဲ။ ကျွန်တော်ကလည်း Touch ID ကို ပိုမြင့်တဲ့ Resolution ကို အတုလုပ်ဖန်တီးပေးဖို့ပဲ လိုပါတယ်"" လို့ Fingerprint Lock ကို အောင်မြင်အောင်စမ်းသပ်ထားတဲ့ Starbug အမည်ရတဲ့ Hacker လေးက ပြောပါတယ်။
ထို့အပြင် ""ကျွန်တော် တို့ဟာ လက်ဗွေလုံခြုံရေးစနစ်ကို အခုကနေစပြီး နောက်နစ်တွေ အထိ လုံခြုံရေး တစ်ခု အနေနဲ့ မသုံးသင့်တော့ပါဘူး။ ဘာလို့လဲ ဆိုတော့ ကျွန်တော်တို့ဟာ လက်ဗွေကို နေရာ တိုင်းမှာ ထားခဲ့လေ့ ရှိကြလို့ပါပဲ။ ဟု ၄င်းက ဆက်ပြောပါတယ်။
""မိတ်ဆွေအနေနဲ့ ကျွန်တော်တို့ လုပ်ထားတဲ့ Proof ကို အောက်က Video မှာ ကြည့်ရှု နိုင်ပါတယ်။
နောက်ပြီး လက်ဗွေအတုကို ဘယ်လို လုပ်ရသလဲ ဆိုတာ ကို ဒီလင့်မှာ ကြည့်ရှု နိုင်ပါတယ်။
အခု ကျွန်တော် တို့ အနေနဲ့ ဘယ်လို လက်ဗွေလုံခြုံရေး စနစ်ကို ချိုးဖောက် ခဲ့ ကြလဲ ဆ်ိုတာကို ပြောပြပါ့မယ်။"" ပြမယ်ဆိုပြီး CCC မှာ ပြောကြားသွားသည်။
""ကျွန်တော်တို့ဟာ iPhone 5s ပိုင်ရှင်ရဲ့ ကြည်လင်ပြတ်သားတဲ့ လက်ဗွေရာကို အိမ်သုံးပစ္စည်း တစ်ခုကနေ ရယူလိုက်မယ်။ ပြီးရင် အဲ့ဒီကောင်လေးကို 2400 dpi Resolution အထိ Photograph လုပ်ထားမယ်။ ရလာတဲ့ ကောင်လေးက ကြည်လင်ပြီး Inverted ဖြစ်နေမယ်။ အဲ့ကောင်လေးကို 1200 dbi အရည် အသွေးနဲ နည်းနည်း ထူတဲ့ Toner လေး ခံပြီး Transparent Sheet ပါ် တင်လိုက်မယ်။ ပန်းရောင် Latex နို့ရည်လေးကို လက်ဗွေရာ ပါတဲ့ Toner လေးပေါ်တင်လိုက်မယ်။ အခုဆိုရင် Transparent Sheet ရယ်၊ လက်ရာပါတဲ့ Toner လေးရယ်၊ ပန်းရောင် Latex နို့ရည်လေးရယ်ပေါင်းပြီး ပါးလွှာတဲ့ Latex Sheet [thin latex sheet ] လေးရလာပါလိမ့်မယ်။ အဲ့ကောင်လေးကို ကျွန်တော်တို့ iPhone 5s ရဲ့ Fingerprint Lock Pattern ဖွင့်ဖို့ သုံးခဲ့ကြပါတယ်""လို့ လက်ဗွေအတု တစ်ခုပြုလုပ်ပြီး လက်ဗွေလုံခြုံရေး စနစ်ကို ဖောက်ခဲ့ကြောင်း ပြောကြားထားသည်။
ဒီနည်းလမ်းဟာ အခြားသော Fingerprint sensor တွေကို ဖောက်ဖို့ လည်း အများစု သုံးကြတယ်လို့ ပြောထားပါတယ်။
""ကျွှန်တော်တို့ ရဲ့ ဒီ သရုပ်ပြခြင်းက လူတွေကို လက်ဗွေရဲ့ Biometric အကြောင်းကို သိအောင်လို့ပါ။ နေရာတိုင်းမှာ ရှိနေနိုင်တဲ့ Fingerprint Biometric ကို Security တစ်ခု အဖြစ် အသုံး ပြုတာဟာ ရူးသွပ်ရာ ကျလွန်းပါတယ်။"" CCC ၏ ပြောရေးဆိုခွင့် ရှိသူ Mr. Frank Rieger က ပြောဆိုထားပါတယ်။
ဆက်လက်ပြီး ၄င်းက "" လူ တွေကို ဆက်ပြီးတော့ Biometric လမ်းကြောင်းနဲ့ လုံခြုံရေး အတွက် ဆိုပြီး အရူးမလုပ်သင့်ပါဘူး။ Biometric တွေက ထိန်းချုပ်ရေး အတွက် အခြေခံ ကျကျ တည်ဆောက်ဖွဲ့စည်းထား တဲ့ အရာတွေပါ။ နေ့စဉ်သုံး Device တွေ အတွက် Security တစ်ခု အဖြစ် ပြုလုပ် ရမဲ့ အရာမဟုတ်ပါဘူး။"" ဟု ပြောကြားထားပါသေးသည်။
အမှန်တကယ် တွင်လည်း ကျွနှုပ်တို့ မြန်မာနိုင်ငံအပါအ၀င် နိုင်ငံတော်တော် များများသည် Fingerprint Biometric ကို နိုင်ငံသားကတ်ပြားတိုင်း တွင်ထားရှိကြသည်ကို တွေ့မြင်ရမည် ဖြစ်သည်။
ထို့ကြောင့် CCC အနေဖြင့် လက်ဗွေလုံခြုံရေး စနစ်ကို အသုံးမပြုစေချင်ကြောင်း၊ အတုပြုလုပ်ရန် လွယ်ကူကြောင်း၊ Passcode များသာ ထားရှိရန် ပြောကြားပြီ နိဂုံးချုပ်ထားလေသည်။
Source : CCC.de
Credit : http://www.techmilo.tk/2013/09/iphone-5s-touch-id-chaos-computer-club.html
Writer : Steel Jelly [Miloboy Inc.]
စာရေးသူ၏ အချိန်နှင့် စေတနာကို စာနာနားလည်ပေးရန် သာမျှော်လင့်ပါသည်။ ဗဟုသုတ တိုးပွားကြပါစေ။",3.0,3.0,3.0,3.0,3.0,"The document provides a clear, educational explanation of a technical security vulnerability (Touch ID hacking). It uses logical steps to explain the process, requires moderate technical understanding, and is written in natural Burmese, including local context regarding national ID cards. It contains some boilerplate/links, but the core content is coherent and informative."
<urn:uuid:b92cbd36-5961-49f7-ac55-183e9bb9929b>,"ဗီတာမင် C ကို ကိုယ်ခံအား ဗီတာမင်လို့ အသိများကြမယ်ထင်ပါတယ်။ အအေးမိတာ၊ ဖျားနာတာ ကင်းဖို့ဆိုရင် ဗီတာမင် C များများကျွေးပေးလေဆိုတာကကြားနေကျ စကားလေး တစ်ခွန်းပါ။ ဘာလို့ ကလေးကျန်းမာဖို့ ဗီတာမင် C များမျာကျွေးလို့ ပြောရတာလဲဆိုတာကို ပြောပြပေးသွားပါမယ်။
ဗီတာမင် C ဆိုတာ ဘာလဲ………
ဗီတာမင် C က ဘေဘီလေးအတွက် ဘာတွေလုပ်ပေးလဲ………..
ဗီတာမင် C က ဘေဘီလေးကို
- သွေးကြောတွေ ကျန်းမာစေတယ်။
- အရိုးနုတွေ ကျန်းမာစေတယ်။
- ကြွက်သားတွေ သန်မာစေတယ်။
- တွယ်ဆက်တစ်ရှူးတွေ၊ အရေပြား တစ်ရှူးတွေကို ကျန်းမစေပြီး အသားအရေ ကောင်းမွန်စေတယ်။ အနာကျက်မြန်စေတယ်။
- အရေပြား ပြဿနာ ကင်းစေတယ်။
- အာရုံကြောစနစ်ကို ကျန်းမာစေပြီး ဉာဏ်ကောင်းစေတယ်။
- အင်အားပြည့်ဝစေတယ်။
- အရိုးနဲ့သွားတွေ သန်မာစေတယ်
- ကိုယ်ခံအား ကောင်းစေတယ်။
ဗီတာမင် C က ဓာတ်တိုးဆန့်ကျင်ပစ္စည်းတစ်ရပ် ဖြစ်တာကြောင့် ခန္ဓာကိုယ်ကို ဓာတ်တိုးပစ္စည်းတွေ အန္တရာယ်ကနေ ကာကွယ်ပေးပြီး ကျန်းမာစေတယ်။ ကိုယ်ခံအားဆဲလ်တွေကို အားဖြည့်ပေးတယ်။ ဖွံ့ဖြိုးဆဲ ဘေဘီလေးရဲ့ ကိုယ်ခံအားကိုအကောင်းဆုံး အားဖြည့်ပေးပြီး ကျန်းမာပျော်ရွှင်စွာ ကြီးပြင်းလာစေဖို့ ထောက်ကူပေးပါတယ်။
ဘေဘီလေးအတွက် လွယ်ကူတဲ့ ဗီတာမင် C စားစရာလေးတွေ ပြင်ဆင်ပေးကြမယ်။
ဘေဘီလေးရဲ့ နေ့စဉ် စားသုံးမှုမှာ ဗီတာမင် C ပြည့်ဝစွာ ပါဝင်စေဖို့ အလွယ်ကူဆုံး ပြင်ဆင်ပေးလို့ ရမယ့် အစားအစာလေးတွေကတော့
ကလေးက အချိုကြိုက်တယ်၊ အချိုရည်တွေ သောက်မယ်ဆိုတဲ့အခါ ကျန်းမာရေး ထိခိုက်စေနိုင်တယ်။ ဒီတော့ အလွယ်ကူဆုံးလည်း ဖြစ်မယ်။ ဗီတာမင် C လည်း ကြွယ်ဝဖို့ဆိုရင် ကလေးကို လိမ္မော်သီးလေးတွကို အမွှာလိုက်လေးတွေ ခွာထုတ်ထားတဲ့ အသီးဖတ်လေးတွေနဲ့ လိမ္မော်သီး ဖျော်ရည်လေး ဖျော်ပေးတာပါ။ အလုံးလိုက် အစေ့ထုတ်ပြီးလည်း ကျွေးနိုင်ပါတယ်။
ပန်းဂေါ်ဖီစိမ်းကို ထောပတ်နဲ့ ကြက်သွန်ဖြူ ကြိတ်ထားတာလေး သုတ်ပေးပြီး မီးအေးအေးလေးမှာ ကင်ကျွေးတာကလည်း ကလေးကို ဗီတာမင် C ပြည့်ဝစေပြီး ခံတွင်းတွေ့စေမှာပါ။ လွယ်လွယ်ကူကူ ပေါင်းပြီး ဆီလေးစမ်းကျွေးလည်း ရပါတယ်။
စတော်ဘယ်ရီသီးကို နွားနို့လေးနဲ့ ခေါက်ပြီး ဖျော်ရည်လုပ်တိုက်တာကလည်း လွယ်ကူရိုးစင်းပြီး ကလေးကို ဗီတာမင် C ပြည့်ဝစေမယ့် နည်းလမ်းကောင်းပါ။
- ကြက်သားအာလူးကပ်ကြော်
ပြုတ်ထားတဲ့ ကြက်သားလေးတွေကို ခပ်သေးသေးလေး တုံးပြီး ပြုတ်ထားတဲ့ အာလူးလေးကို ကြိတ်ခြေလို့ ရောနယ်ပြီး အရွယ်တော်လေးတွေ ကြော်ပေးတာက ကလေးကို အကြိုက်တွေ့စေမယ့် ဗီတာမင် C ကြွယ်ဝတဲ့ စားစရာတစ်ခုပေါ့။
ကလေးအများစု စကားသင်စမှာတင် ပြောတတ်တဲ့ apple ပန်းသီးလေးက ရင်သွေးလေးအတွက် ဗီတာမင် C ပြည့်ဝစေမယ့် အစားအစာတစ်မျိုးပါ။ ပန်းသီးလေးကို ရေစင်အောင်ဆေးပြီး အရွယ်တော်လေးတွေ တုံးပေးလို့ ပြင်ဆင်ပေးလို့ ရပါသေးတယ်။
မေမေ့ ရင်သွေးလေး ကိုယ်ခံအားကောင်းပြီး ကျန်းမာစေဖို့ဆိုရင် အခုပြောခဲ့တာလေးတွေကို ပြင်ဆင်ပေးလို့ ရပါတယ်။ ဒါတွေက ကလေးတွေလည်း အကြိုက်တွေ့မှာဖြစ်ပြီး လုပ်ပေးရတာလည်း လွယ်ကူပါတယ်။
ဒါကြောင့် ဘေဘီလေးကို ရောဂါမျိုးစုံက ကာကွယ်ပေးဖို့ ဗီတာမင် C ပြည့်ဝအောင် ဖြည့်ဆည်းပေးဖို့ အကြံပြု တိုက်တွန်းလိုက်ပါရစေ။
Hello Health Group သည် ဆေးပညာအကြံဉာဏ်များ၊ ရောဂါရှာဖွေမှုများနှင့် ကုသမှုများ မပြုလုပ်ပေးပါ။",4.0,2.0,2.0,5.0,4.0,"The text provides practical, educational health advice for parents in natural Burmese. It explains the benefits of Vitamin C and offers simple, culturally relevant recipes. While it lacks deep scientific analysis or complex reasoning, it is well-structured, clean, and highly accessible for its target audience of caregivers."
<urn:uuid:fcbf72b3-ea6c-4967-9100-efff006a245a>,"၁၈၆၉ တွင် ရုရှားဓာတုဗေဒပညာသျှင် ဒမီသရီ အီဗန်နိုဗစ် မန်းဒယ်လိယပ် (Dmitri Evanovich Mendeleev) မှ ရာစုနစ် တိစွာက တွိ့ဟိခကြသည့် ဒြပ်စင်တိအား ဓာတုဂုဏ်သတ္တိတိပါဝင်ရေ ဒြပ်စင်အလှည့်မှန်ဇယား (periodic table) တစ်ခုအဖြစ် ရီးဆွဲထုတ်ဖော် ခရေ။ periodic table ရေ သဘာဝဧ ဥပဒေသတိကို လိုက်နာကိုယ်စားပြုရေ။ အက်တမ်တိဧ အက်တမ်အမှတ်စဉ်ကို စီစဉ်ပီးခြင်းအားဖြင့် တိကျရေ ၎င်းရို့ဧ ဂုဏ်သတ္တိတိကို သိသာထင်ရှားစွာ မြင်သာ စေရေ။ ယင့်ချင့်ကြောင့် ဓာတုဒြပ်စင်တိဧအကြောင်းကို အလွယ်တကူ သိဟိနိုင်ရေ။
၁၆၆၉ ခုနစ်တွင် ဂျာမန် လူမျိုး သိပ္ပံပညာသျှင် (German merchant and amateur alchemist Hennig Brand) ရေ စိတ်ကူးယဉ်ဆန်ရေ Philosopher’s Stone အား ဖန်တီးရန် စတင်ကြိုးစားခရေ။ ၎င်းကျောက်တုံးရေ အရာဝထ္တုတစ်ခုကို သန့်စင်ကောင်းမွန်ရေ ရွှေအဖြစ်သို့ ပြောင်းလဲနိင်မည်ဟု တွေးထင်ခရေ။ Henning Brand ရေ ပွက်ပွက်ဆူပြီးရေ ဆီး( urine ) မှ အကြွင်းအကျန်တိအား အပူပီးခရေ။ အရည်တိ ကုန်ဆုံးလားသည့်အခါ မီးတောက်ငယ်တိအဖြစ် တောက်င် လားကတ်ရေ။ ၎င်းစမ်းသပ်မှုရေ ပထမဦးဆုံးရေ ဖော့စဖော့ရပ်စ် (phosphorus) ယှာဖွီမှု ဖြစ်ခရေ။
၁၆၈၀ တွင် Robert Boyle ရေလည်း phosphorus ကို ယှာဖွီ တွေ ဟိခရေ။
၁၈၀၉ ခုနစ်တွင် ဒြပ်စင် ၄၇ မျိုးအထိ ယှာဖွီနိုင်ခကတ်ရေ။ သိပ္ပံပညာသျှင်တိရေ ၎င်းဒြပ်စင်တိဧ ဝိသေသ လက္ခဏာတိအား သိဟိနိုင်စီရန် ဆက်လက် ကြိုးစားခကတ်ရေ။ ၁၈၆၃ ခုနစ်တွင် အင်္ဂလိပ် ဓာတုဗေဒပညာသျှင် John Newlands ရေ ယှာဖွီတွေဟိခရေဒြပ်စင် ၅၆ မျိုးအား အုပ်စု ၁၁ အုပ်စုအဖြစ် ဖွဲစည်းခရေ။
၁၈၆၉ ခုနစ်တွင် ရုရှား ဓာတုဗေဒပညာသျှင် ဒမီသရီ အီဗန်နိုဗစ် မန်းဒယ်လိယပ် ရေဒြပ်စင်တိဧ အက်တမ်အမှတ်စဉ်အရ အလှည့်မှန်ဇယားကို ရီးဆွဲခရေ။ သူရေ အောက်ထပ် တွိ့ဟိမည်ဖြစ်ရေ ဒြပ်စင်တိအကြောင်းကိုပင် ကြိုတင်ပြောကြားခပြီး ၎င်းဒြပ်စင်တိအတွက် နိရာတိအား ဇယားတွင် ချန်လှပ်ထားခရေ။
၁၈၈၆ ခုနစ်တွင် ပြင်သစ် ရူပဗေဒပညာသျှင် (Antoine Bequerel) ရေ ရေဒီယိုသတ္တိကြွစွမ်းအင်အား ပထမဆုံးယှာဖွီတွိ့ ဟိခရေ။ ယပြီးအောက် နယူးဇီလန် တက္ကသိုလ်မှ ကျောင်းသား သွန်ဆမ်ရေ ရေဒီယိုသတ္တိကြွခြင်းမှ alpha, beta and gamma ဟုခေါ်ရေ ရောင်ခြည် ၃ မျိုးအား နာမည်နာမ သတ်မှတ်ခရေ။
၁၈၉၇ ခုနစ်တွင် အင်္ဂလိပ် ရုပဗေဒပညာသျှင် ဂျေဂျေ ကေမဆင် (J. J. Thomson) ရေ အက်တမ် တခုတွင် လျှပ်စစ်ဓာတ်မ စွမ်းအင်ဟိရေ အီလက်ထရွန်တိကို ယှာဖွီတွိ့ဟိခရေ။ John Townsend နန့် Robert Millikan ရို့ရေ ၎င်းအီလက်ထရွန်တိဧ ထုထည် (mass) နန့် တိကျရေ လက္ခဏာ (exact charge) ကို အတိအကျယှာဖွီခကတ်ရေ။
၁၉၀ဝ တွင် Bequerel ရေ အီလက်ထရွန် နန့် ဘီတာအမှုန် (beta particles) တိကို ဆက်လက် ယှာဖွီနိုင်ခရေ။ ၁၉၀၃ ခုနစ်တွင် Rutherford ရေ အက်တမ်းတိ ပျက်စီးယို့ယွင်းခြင်းအားဖြင့် ရေဒီယို သတ္တိကြွမှု ဖြစ်ပေါ်ရေဟု ကြေညာခရေ။
၁၉၁၁ ခုနစ်တွင် Rutherford နင့် ဂျာမန် ရူပဗေဒပညာသျှင် Hans Geiger ရို့ရေ အက်တမ်ဧ နျူကလိယပ်စ်အား အီလက်ထရွန်တိ လှည့်ပတ်နိရေဆိုရေ အကြောင်းအရာအား ယှာဖွီခကတ်ရေ။
၁၉၁၃ ခုနစ် သိပ္ပံပညာသျှင် Bohr ဧ တွိ့ဟိချက်အရ အီလက်ထရွန်တိရေ နျူထရွန်တိဧ ဘေးပတ်လည်တွင် ခြားနားရေ စွမ်းအင်တိနန့်အတူ ပတ်လမ်း (orbit ) ဟုခေါ်ရေ လမ်းကြောင်းဖြင့် လှည့်ပတ်နီကတ်ရေကို သိဟိခကတ်ရေ။ အီလက်ထရွန်တိ ပတ်လမ်းကြောင်းတစ်ခု မှ တစ်ခု ရွေ့ပြောင်းရေအခါတွင် ရေဒီယိုသတ္တိကြွခြင်း ဖြစ်ပေါ်လာခြင်း ဖြစ်ရေကိုလည်း ဖော်ပြခရေ။
၁၉၃၂ တွင် James Chadwick ရေ ပထမဆုံး နျူထရွန်ကို ယှာဖွီတွေ့ဟိခဲ့ရေ။ isotopes တိကိုလည်း ထပ်မံ တွိ့ဟိခရေ။ ၎င်းတိုရေ ဒြပ်စင်အလှည့်မှန်ဇယားအတွက် အခြီခံအား ပြီးပြည့်စုံစေရေ။ ၎င်းနှစ်တွင်ပင် Cockroft နန့် the Irishman Walton ရို့ရေလည်း အမှုန်တစ်ခုထဲဟိ အက်တမ်တစ်ခုအား အမှုန်အဟိန်မြှင့် ကိရိယာထဲတွင် လီသီယမ် နန့် ရိုက်ခတ်လိုက်ရေအခါ ဟီလီယမ် ၂ ခု အဖြစ်ပြောင်းလဲလားရေ ကိုထပ် မံတွိ့ဟိခရေ။",4.0,2.0,3.0,5.0,3.0,"The text provides a clear, chronological history of atomic theory and the periodic table, suitable for middle-school science education. It is well-structured and clean. While it lacks deep analytical reasoning, it is written in natural, albeit dialect-influenced, Burmese, reflecting a local educational context."
<urn:uuid:2de97e05-f8e1-4fe5-a608-f97593ddd005>,"လူမှုကွန်ရက်၊ ရုပ်သံတီဗီ၊ ဒစ်ဂျစ်တယ်ဂိမ်း၊ ဒစ်ဂျစ်တယ်အလုပ်တွေနဲ့ ကမ္ဘာ.... တစ်ခါတလေကျရင် ကျွန်တော်တို့တွေ ကိုယ့်ကိုယ်ကို ပြန်မေးကြည့်သင့်ပါတယ်။ ကိုယ့်မျက်စိကိုယ် ဘယ်လောက်တောင်များ မညှာမတာ ခိုင်းစားမိနေကြလဲဆိုပြီး။ အလုပ်လုပ်တော့လည်း ဖန်သားပြင် (screen) တွေပေါ်မှာ၊ အနားယူတော့လည်း ဖန်သားပြင် (screen) တွေပေါ်မှာ၊ နောက်ဆုံး အစားစားတာ၊ ကြင်ယာရှာတာကအစ ဒီဒစ်ဂျစ်တယ်ပစ္စည်းလေးတွေပေါ်က ဖန်သားပြင် (screen) တွေပေါ်ကတဆင့် လုပ်ဆောင်လို့ရနေပါပြီ။
ဒီလို မျက်စိကို တအားခိုင်းနေရတဲ့ ကမ္ဘာကြီးမှာ မျက်စိကျန်းမာရေးအတွက် အစားအသောက်၊ အနေအထိုင် ထိန်းသိမ်းသင့်သလို လေ့ကျင့်ခန်းလေးတွေလည်း လုပ်ပေးသင့်ပါတယ်။ ယခုဖော်ပြပေးမှာကတော့ မျက်စိကျန်းမာရေးအတွက် လုပ်ပေးသင့်တဲ့ လေ့ကျင့်ခန်းလေးတွေပဲ ဖြစ်ပါတယ်။
လုပ်ရမှာလေးကတော့ ရိုးရှင်းပါတယ်။ ဒါပေမယ့် မနက်တိုင်းတော့ လုပ်ပေးလို့လိုပါတယ်။ မနက်အိပ်ယာထပြီဆိုတာနဲ့ မျက်နှာကို ရေအေးအေးလေးနဲ့ သစ်ပေးပါ။ ပြီးရင် ပါးစပ်ထဲမှာရေငုံပါ။ မျက်စိကိုမှိတ်ထားပြီး ရေအေးအေးလေးနဲ့ မျက်စိပေါ်ကိုပက်ဖြန်းပေးပါ။ ပါးစပ်ထဲမှာငုံထားတော့ ပါးနဲ့မေးရိုးအာရုံကြောတွေတင်းပြီး မျက်စိနားတဝိုက်က ကြွက်သားတွေကို နှိုးဆွပေးနိုင်တာပါ။ နောက်ပြီး မျက်နှာပေါ်ကို ရေအေးနဲ့ပက်ဖျန်းပေးခြင်းက မျက်စိအာရုံကြောတွေကို လှုံ့ဆော်ပေးပြီး အရေပြားကိုလည်း နုပျိုလန်းဆန်းလာစေပါတယ်။
ဒီနည်းလမ်းလေးကတော့ ကွန်ပျူတာ စခရင်ရှေ့မှာအကြာကြီးထိုင်ပြီးအလုပ်လုပ်နေရတဲ့လူတွေအတွက်တော့ အသင့်တော်ဆုံးပါပဲ။ လက်မကို မျက်ခုံးအပေါ်မှာ၊ လက်ညှိုးကိုမျက်ခုံးအောက်မှာထားပြီး ညှင်သာစွာနှိပ်နယ်ပေးပါ။ ပြီးရင် မျက်ခုံးရိုးတလျှောက်လုံးကို ညှင်သာစွာဖိအားပေးပါ။
နောက်တစ်ခုကတော့ မျက်စိမှိတ်ထားပြီး လက်မနဲ့မျက်လုံးအပေါ်ကနေ ညှင်ညှင်သာသာလေး ပွတ်ပေးပါ။ မျက်လုံးအနားတဝိုက် သွေးလည်ပတ်မှုကောင်းအောင်နဲ့ အာရုံကြောတင်းမာမှုတွေကိုဖြေလျှော့ဖို့ ဒီနည်းလမ်းလေးကို (၃) နာရီတစ်ကြိမ်လောက် ပြုလုပ်ပေးသင့်ပါတယ်။ ဒီလေ့ကျင့်ခန်းလေးကတော့ ကွန်ပျူတာစခရင်ကိုအကြာကြီး ကြည့်နေရလို့ မျက်စိညောင်းညာနေတဲ့သူတွေရဲ့ အဖော်မွန်လေးဖြစ်မှာပါ။
ဒီနည်းလမ်းလေးကတော့ မျက်လုံးကြွက်သားလေးတွေကို နှိုးဆွပေးဖို့အတွက် လုပ်ပေးရတာပါ။ အရင်ဆုံး မျက်လုံးကိုဘယ်ကနေညာ၊ ညာကနေဘယ် ကြည့်ပေးပါ။ ပြီးရင် အပေါ်ကအောက်၊ အောက်ကနေ အပေါ်ပြန်ကြည့်ပေးပါ။ ပြီးရင် နာရီလက်တံံအတိုင်းတစ်ခါ၊ နာရီလက်တံပြောင်းပြန်တစ်ခါ မျက်လုံးကို မျက်ခွံအထဲမှာ လှည့်ပေးပါ။ တစ်ကြိမ်လုပ်ရင် အပေါ်ကနည်းအတိုင်း (၃) (၄) ခါလောက် လုပ်ပေးမယ်ဆိုရင် မျက်စိကြွက်သားတွေကို အထူးအားကောင်းလာစေနိုင်မှာပါ။
ဒီနည်းလမ်းလေးကတော့ မျက်စိအထူးကုဆရာဝန် ဒေါက်တာဘိတ်စ် က လက်ဝါးအပူပေးနည်းလမ်းလို့ နာမည်ပေးထားတဲ့ နည်းလမ်းလေးပဲဖြစ်ပါတယ်။ ဒီနည်းလမ်းအတိုင်းလုပ်ဖို့ လက်ဖဝါးနှစ်ဖက်ကို စက္ကန့် (၃၀) လောက်ကြာအောင် ပွတ်တိုက်ပြီး အပူပေးပါ။ ပြီးရင် မျက်လုံးမှိတ်ပြီး မျက်ခွံပေါ်မှာညှင်သာစွာတင်ပြီး အပူပေးလိုက်ပါ။
အပူချိန်လျော့ပါးသွားသည်အထိ တစ်မိနစ်လေက်ကြာအောင် အဲဒီပုံစံအတိုင်းထားပေးပါ။ ပြီးရင်မျက်လုံးကို ဖြေးညှင်းစွာဖွင့်ကြည့်ပါ။ စစချင်းတော့ အလင်းရောင်စူးစူးကိုတိုက်ရိုက်မကြည့်မိပါစေနဲ့။ သင့်ရဲ့မျက်လုံးတွေကို ပတ်ဝန်းကျင်ရဲ့အလင်းအမှောင်ပြောင်းလဲမှုကို နေသားကျဖို့အချိန်ပေးလိုက်ပါဦး။
Source: Webmd",4.0,2.0,2.0,5.0,4.0,"The text provides practical, actionable health advice for eye care in a digital age. It is well-structured, coherent, and uses natural Burmese phrasing. While it references a medical source, the content is accessible to a general audience and lacks complex analytical reasoning, focusing instead on instructional steps."
<urn:uuid:44dfe207-5a44-4c2b-93bb-54d4dcf4402e>,"ကိုယ်လုံးကိုယ်ပေါက် တောင့်တင်းလှပအောင် ကာယဗလလိုက်စား လေ့ကျင့်သည့်ဖက်၌ မြန်မာနိုင်ငံတွင် ရှေးဦးစွာ ထင်ရှားကျော်ကြားသော ပုဂ္ဂိုလ်မှာ ဝေါ်လတာချစ်ထွန်းပင် ဖြစ်သည်။ ကာယဗလ လေ့ကျင့်သော ပုဂ္ဂိုလ်များမှာ ရှေးကမြန်မာနိုင်ငံတွင် နည်းပါးလှသည်။ ဝေါ်လတာချစ်ထွန်းမှာ ဤသို့လေ့ကျင့်ခြင်းဖြင့် ကိုယ်ကာယအနေအထား လှပသောကြောင့် အထူးထင်ရှားခဲ့သည်။
ဝေါ်လတာချစ်ထွန်းကို ၁၈၉၈ ခုနှစ် အောက်တိုဘာလ ၁၄ ရက်နေ့တွင် မော်လမြိုင်မြို့၌ အဖဆရာဝန်ကြီး ဦးချစ်ထွန်းနှင့် အမိဒေါ်သိန်းငွေတို့မှ ဖွားမြင်စည်။ မွန်အမျိုးသားဖြစ်၍ ခရစ်ယာန်အယူဝါဒကို ကိုးကွယ်ကာ အမည်ကိုလည်း ဝေါ်လတာချစ်ထွန်းဟု ဖခင်အမည်ကို လိုက်၍ ခေါ်တွင်ခဲ့သည်။ ငယ်စဉ်က ရန်ကုန် စိန့်ပေါကျောင်းနှင့် ရန်ကုန်တက္ကသိုလ်၊ ကာလကတ္တားများတွင် ပညာသင်ကြားပြီးနောက် ဆေးပညာကို ကာလကတ္တားတွင် သင်ယူတတ်မြောက်ခဲ့သည်။ စိတ်နှင့်ဆိုင်သော ရောဂါများကို အထူးကုသနိုင်၍ ရန်ကုန်မြို့ တံတားကလေး စိတ္တဇဆေးရုံ၌ ဆရာဝန်အဖြစ်နှင့် အမှုထမ်းခဲ့သည်။
ဝေါ်လတာချစ်ထွန်းသည် ၈ နှစ်အရွယ်ကျောင်းနေစဉ်ကပင် ကိုယ်ကာယလှပရေးအတွက် လိုက်စားလေ့ကျင့်ခဲ့၍ အလေးမခြင်းကိုလည်း နှစ်သက်ဝါသနာပါသည်။ ရင်ပတ်ကြီးထွားစေသော လက်ဆွဲစပရင်များဖြင့် စတင်လေ့ကျင့်ခဲ့၍ ၁၆နှစ် အရွယ်သို့ ရောက်သောအခါ အလေးမခြင်းကို စတင်လေ့ကျင့်သည်။
ဝေါ်လတာချစ်ထွန်းမှာ ကျောင်းသားဘဝ တစ်လျှောက်လုံး အိန္ဒိယနိုင်ငံ ဘင်္ဂလားနယ်၌ နေထိုင်ရသဖြင့် မြန်မာနိုင်ငံမှာ ထက်ပင် ဘင်္ဂလားနယ်၌ ထင်ရှား၍ လူသိများသည်။ အသက် ၂ဝ နှင့် ၃ဝ ကြားတွင် အလွန် အင်အားသန်စွမ်း၍ ကျန်းမာ ရေးနှင့် အလေးမပြိုင်ပွဲ၊ ကိုယ်ကာယအလှပြိုင်ပွဲများကိုလည်း ဝင်ရောက်ယှဉ်ပြိုင်ခဲ့သည်။
ကိုယ်ကာယလှပသဖြင့် မြန်မာရုပ်ရှင်များ ခေတ်စားစ အခါက ‘ပန်းပဲမောင်တင့်တယ်’ဇာတ်ကားတွင် မောင်တင့်တယ် အဖြစ် ပါဝင်ရိုက်ကူးခဲ့ရသည်။ မြန်မာလူမျိုးထဲမှ ကာယဗလ တောင့်တင်းသန်မာရေးကို စတင်မျက်စိဖွင့်ပေးခဲ့သူ ကျေးဇူးရှင် ပုဂ္ဂိုလ်တစ်ဦး ဖြစ်ပေသည်။ ၁၉၄၇ ခုနှစ် နိုဝင်ဘာလ ၁၉ ရက်နေ့တွင် မော်တော် ဆိုင်ကယ် စီးသွားစဉ် မတော်တဆ မော်တော်ကား တိုက်မိ၍ ထိုဒဏ်ရာဖြင့် ကွယ်လွန်သည်။
– မြန်မာ့စွယ်စုံကျမ်း အတွဲ ၂",4.0,1.0,2.0,5.0,5.0,"The text is a well-structured biographical entry from the Myanmar Encyclopedia. It provides clear, factual, and educational information about a historical figure. It is written in natural, authentic Burmese, reflecting local cultural context and history without extraneous noise or formatting issues. The reasoning is straightforward biographical narration."
<urn:uuid:6e29ae8a-ad35-4872-9fa6-03587da26134>,"မိခင်နို့ရည်ကို ဗူးနဲ့တိုက်ချင်တယ်ဆိုတဲ့ မေမေတွေ အတွက် ဘယ်လို နို့ဗူးကို ရွေးချယ်ဝယ်ယူရမလဲ..
ဘယ်လို အမျိုးအစားတွေရှိလဲဆိုတာ ပြောပြပေးချင်ပါတယ်။
နို့ဗူးဝယ်ယူတဲ့ အခါမှာ ပုလင်း နဲ့ နို့သီးခေါင်း (bottle and nipple) တွေကို ကြည့်ရပါတယ်။
ပုလင်း (Bottle) ရွေးချယ်ခြင်း
- ပုလင်းတွေမှာ ပုံမှန်အားဖြင့် ဖန်ပုလင်း၊ ပလတ်စတစ်ပုလင်းတွေ ရှိတတ်ပါတယ်။
- ဖန်ပုလင်းကတော့ ပိုမာပြီး လေးတဲ့အပြင် ကွဲအက်လွယ်တဲ့အတွက် ကလေးကိုယ်တိုင် ကိုင်သောက်စေမှာဆိုရင် သတိထားဖို့လိုပါတယ်။
- ပလတ်စတစ်ပုလင်းဆိုရင်တော့ BPA Free ဖြစ်တာကို သေချာမေးပြီး ဝယ်ယူဖို့လိုပါတယ်။
နို့သီးခေါင်း (Nipple) ရွေးချယ်ခြင်း
- ရာဘာနဲ့ ပြုလုပ်ထားတဲ့ နို့သီးခေါင်းတွေက ပျော့အိပါတယ်။ ဒါပေမယ့် နို့နံ့စွဲ ပြီး ကြာရှည် မခံပါဘူး။
- ဆီလီကွန်နဲ့ ပြုလုပ်ထားတဲ့ နို့သီးခေါင်းဆိုရင်တော့ နည်းနည်းပိုမာပေမယ့် ဆေးရတာ ပိုလွယ်သလို ၁နှစ်လောက်အထိ ကြာရှည်ခံပါတယ်။
- ဘယ်လို နို့သီးခေါင်း အမျိုးအစားပဲဖြစ်ဖြစ် hole size ကို ရွေးချယ်ဖို့လိုပါတယ်။ နို့သီးခေါင်းမှာ အဓိကအရေးကြီးတာက အပေါက်ဝ အကျယ် (hole size) ပါ။
- များများစို့နိုင်တဲ့ ကလေးအတွက် Hole size သေးလွန်းရင် ကလေးက အားနဲ့စို့ရပြီး လေများများမြိုချမိနိုင်ပါတယ်။
- Hole size ကြီးလွန်းရင်လည်း ကလေးသောက်နိုင်တာထက် ပိုပြီးထွက်နေတာကြောင့် သီးနိုင်ပါတယ်။
- မွေးခါစကနေ ကလေးအသက် ၆ လအထိဆို နို့သီးခေါင်း အပေါက် အသေးဆုံး size 1 ရွေးချယ်လို့ရပါတယ်။ ကလေးအသက် ဒီထက်ပိုကြီးလာရင်တော့ Size 2, 3, 4 တွေ အသုံးပြုနိုင်ပါပြီ။
ဆေးကြောခြင်းနဲ့ အသစ်လဲလှယ်ခြင်း
- Bottle နှင့် nipple များကို ပထမဆုံးအကြိမ် အသုံးမပြုခင်မှာ ရေနွေး ဆပ်ပြာရည်တို့နဲ့ သန့်ရှင်းအောင် ဆေးကြောရပါမယ်။
- အသုံးပြု ပြီးတိုင်းလည်း ပြန်လည်ဆေးကြောပေးဖို့ လိုပါတယ်။
- ပျက်စီးခြင်း၊ ပေါက်ပြဲခြင်း ရှိမရှိ နေ့စဉ်စစ်ဆေးပါ။ လိုအပ်ရင် အသစ်လဲပေးပါ။
- ကလေးအသက်ကြီးလာရင် nipple ကိုလည်း size အသေးကနေ အကြီးကို ပြောင်းလဲပေးဖို့လိုပါတယ်။
အခုလို နို့ဗူးရွေးချယ်ရာမှာ ဘယ်အမျိုးအစားက အကောင်းဆုံးဆိုတာထက် ကလေးနှစ်သက်တဲ့ အမျိုးအစားဖြစ်ဖို့က ပိုအရေးကြီးပါတယ်။
ကလေးတစ်ယောက်နဲ့ တစ်ယောက် ကြိုက်တဲ့ပုံစံမတူလို့ပါ။
ဒါကြောင့် လိုအပ်ရင် တစ်ခုထပ်ပိုပြီး စမ်းသပ် အသုံးပြုပေးပါ။ ဗူးပေါ်မှာလည်း အသက်နဲ့ အညွှန်းပါတာကို တစ်ချက်ကြည့်ပြီး ရွေးချယ်ဝယ်ယူပါနော်။
ဒီလောက်ဆိုရင် သားသားမီးမီးအတွက် နို့ဗူးဝယ်ဖို့လိုနေတဲ့ မေမေတွေ ဘယ်လိုရွေးချယ်ဝယ်ရမလဲ သိလောက်ပါပြီနော်။",4.0,2.0,2.0,5.0,4.0,"The text provides practical, structured advice for parents on selecting baby bottles. It follows a logical flow, uses natural Burmese phrasing appropriate for parenting advice, and is free of noise. It offers basic reasoning regarding bottle/nipple selection and maintenance, making it highly useful for its target audience."
<urn:uuid:5a7eb892-8274-4ec0-97f3-d41f81946da5>,"ခုတ်ထစ်ခံထားရတဲ့ပင်လယ်
ပိုင်စိုးဦး
(သစ်ခက်သံလွင်-ကဗျာရှည်) သြဂုတ် ၃၁၊ ၂၀၁၈
နေလုံဆူးခနဲဖြာကျလာ
ယနေ့ကိုဝယ်ယူထားတဲ့မျက်နှာပေးနဲ့
သိမ်းပိုက်လိုက်သော အမှောင်...
သက္ကရာဇ်များ ဖဲချပ်တွေလိုအထပ်လိုက်
နွေလည်းပူ
မိုးလည်းပူ
ဆောင်းလည်းပူ
သဘာဝတရားကို သတ်ရောင်းတဲ့
အဓမ္မသမားတွေလက်ထဲမှာ
ထီးမပါတဲ့ဒီခရီးအလျား
ငါတို့အရေပြားတွေ ကျွတ်ဆတ်ဆတ်
ငါတို့စိတ်တွေ ဖျတ်ဖျတ်လူး
ငါတို့လမ်းတွေ ကြမ်းတမ်း
ပညာရေး သားကြောဖြတ်ထားတော့
ဦးနှောက်တွေ မလန်းဆန်း
စံပယ်တောင် ကြေးနီတောင် လက်ပတောင်းတောင်
ပေါက်ဖော်တွေကိုရောင်းစားထားတဲ့
သဘဝဓာတ်ငွေ့ပိုက်လိုင်း
ဒီတိုင်းပြည်
ကမ္ဘာ့အဆင်းရဲဆုံးနိုင်ငံစာရင်းထဲကျူံးသွင်း
လမ်းတွေ့ရင် လမ်းဖောက်
မြစ်တွေ့ရင် တံတားဆောက်
ဥုံခံစရာမလို
ကောင်းလိုက်တဲ့ အဖွင့်တီးလုံးတွေ
ပြည်သူတွေဗိုက်မှောက်လို့ ...
အရိပ်မြင် အပင်ခုတ်
သစ်တပင်ခုတ် အချုပ်သုံးလဆိုပဲ
ရှေ့ကိုငေါ့ထွက်လာတဲ့ဗိုက်သားများလန်ပျံ
အော့အန်ချင်စရာ
ဟိုးတချိန်က ဘူဇွာ
ဒီခေတ်မှာတော့ ခရိုနီ ခရိုပြာ ခရိုရောင်စုံ
အကောင်းစားအရက်သောက်ပြီး
လက်ဝါးချင်းရိုက်လိုက်ရုံနဲ့
ရွှေတွေ ဝေါခနဲ
ငွေတွေ ဖြောခနဲ
လုပ်ကွက်တွေ တွင်းဝင်ဖြောင့်လို့
သုခမြို့တော်ကြီးအောက်မှာ
ငါတို့ ဒုက္ခလျှာတွေခြောက်သွေ့
တချိန်က
ရန်ကုန်မြို့ကိုမော်ကြည့်ရတဲ့စင်ကာပူ
အခုတော့ ရန်ကုန်ကို
စင်ကာပူလိုဖြစ်အောင်လုပ်မယ်ဆိုပဲ
သူ့ကျွန်မခံပြီဆိုတဲ့စကား မြောင်းထဲရောက်
အိမ်နီးချင်းနိုင်ငံတွေမှာကျွန်ဖြစ်နေတာ ဒုနဲ့ဒေး
ဒါဟာ ရင်ရှုပ်စရာ
ရုပ်ပျက်ဆင်းပျက် ရုပ်ရှင်တွေ...
ငါတို့အဖြစ်က အရှင်လတ်လတ်
အမွှေးနှုတ်ထားတဲ့ငှက်တကောင်လိုမျိုး
ပြည်သူ့ဝန်ထမ်းတဲ့
ပြည်သူ့အခွန်အတုတ်တွေစားပြီး
လက်တဆုတ်စာအတွက်ထမ်းပေးနေတာ
အထက်ကိုဖား အောက်ကိုဖီ
အံသွားတွေ လန်းလို့
သွေးလေ လန်းလို့
ဘဝတွေ လန်းလို့
တောင်ဖြိုတဲ့ ခြတွေ
သယံဇာတတွေစားတဲ့ ခြတွေ
သစ်တောမြေလှန့်တဲ့ ခြတွေ
မြေပုံကိုကိုက်ဖဲ့မယ့် ခြတွေ
ချစားထားတာ ရစရာမရှိ
ပညာရေးစရိတ်
ကျန်းမာရေးစရိတ်ထက်
စစ်အသုံးစရိတ် လွန်ကဲနေတော့
တိုင်းပြည်စုတ်ပြတ်နေတာ မလွန်းလွန်းဘူးပေါ့...
တရားဥပဒေအထက်မှာ
ဘယ်သူမှမရှိစေရတဲ့
ငွေများတရားနိုင်နေကြတာ
နွေခေါင်ခေါင်မိုးကြိုးပစ်လိုက်သလို
စနစ်တခုရဲ့ကျောက်စက်မှာ
ငါတို့ဟာ
ပွတ်တိုက်ခံရတဲ့မီးပွားတွေပဲ...
စည်းကမ်းပြည်ဝသောဒီမိုကရေစီ တဲ့
ကြည့်လုပ်ကြပါဦး
ဒီလိုခေါင်းစဉ်စားသား
မြန်မာ့နည်း မြန်မာ့ဟန်နဲ့
မြန်မာ့ဆိုရှယ်လစ်လမ်းစဉ်လား
ပလေတိုပြောတယ်
နိုင်ငံတနိုင်ငံမှာ မတတ်တဲ့သူကဝင်လုပ်ပြီး
တတ်တဲ့သူက ဘေးရှောင်နေရင်
ပျက်စီးပြီဆိုတာ မှတ်တဲ့ ။
အခုတော့ ငါးပါးမှောက်
လူ့အခွင့်အရေးဆိုတာ
မွေးရာပါ အခွင့်အရေးပဲ
မျက်လုံးမှိတ်ခိုင်းထားလို့မရဘူး
နားပိတ်ခိုင်းထားလို့မရဘူး
ပါစပ်ပိတ်ခိုင်းထားလို့မရဘူး
ဉာဏ်ပညာကိုအမှောင်ချထားလို့မရဘူး
စနစ်တကျ တောင်းဆိုခွင့်ရှိတယ်
စည်းနဲ့ကမ်းနဲ့ဆန္ဒပြခွင့်ရှိတယ်
အခုတော့
နောက်ကျောအလစ်ချောင်းနေတဲ့ဓားနဲ့
နှစ်ပေါင်းခြောက်ဆယ်ကျော်
ကမ္ဘာအရှည်ဆုံးပြည်တွင်ဖြစ်စစ်နဲ့
ပြည်သူတွေ သေလုမြောပါး
ရုပ် နာမ်ချင်း အတူတူ
ယုတ်ပဲ့လို့ နံစော်လို့
ခင်ဗျားတို့
စာနာမှုတေးသံကိုနားဆင်ပါ
ခံစားကြည့်ကြပါ
ကျုပ်တို့ ဒုက္ခဝန်တွေထမ်းနေရတယ်ဆိုတာ ...။
ပိုင်စိုးဦး",2.0,3.0,2.0,5.0,5.0,"This is a contemporary Burmese political poem. It offers social commentary on corruption, education, and governance. While it lacks formal academic structure, it provides significant insight into the socio-political climate of Myanmar, requiring cultural context to fully grasp the metaphors and references to local history and political systems."
<urn:uuid:e9a07769-af3c-429e-b7ab-91351e1bbff5>,"ကိုယ်ဝန်ဆောင်သည်တို့ ရှောင်သင့်သည့်အချက်များ
ကြောင်၏ ကျင်ကြီး ၊ ကျင်ငယ်များ ကိုင်တွယ်ရှင်းလင်းခြင်း ရှောင်ရှားပါ
ကြောင်၏ ကျင်ကြီး ၊ ကျင်ငယ်များတွင် သန္ဓေသားအား အန္တရာယ်ကြီးမားစွာပေးသာ toxoplasmosis ပိုးမွှားများ ပါဝင်နေသဖြင့် ကိုယ်ဝန်ဆောင်ကာလတလျောက် ကြောင်၏ ကျင်ကြီး ၊ ကျင်ငယ်များ ကိုင်တွယ်ရှင်းလင်းခြင်း ရှောင်ရှားပါ။
ကြောင်၏ ကျင်ကြီး ကျင်ငယ်သာမက အိမ်မွေးတရိစ္ဆာန်များ၏ ကျင်ကြီးကျင်ငယ်များ ကိုယ်တွယ်ခြင်း ၊ ၎င်းတို့ ကျင်ကြီးကျင်ငယ် စွန့်ထားသော မြေဆီလွှာနှင့် အသိုက်အမြုံ ၊ ဟင်းသီးဟင်းရွက် ၊ သစ်သီးဝလံများ ကိုင်တွယ်ခြင်းတို့အားလည်း အထူးရှောင်ရှားသင့်သည်။
ထို့ကြောင့် ကိုယ်ဝန်ဆောင်သည်များ ရံဖန်ရံခါဆိုသလို လက်ကို စင်ကြယ်စွာ ဆေးကြောသင့်သည်။ မစင်ကြယ်သောလက်မှသည် ရောဂါပိုးမွှားများ ခန္ဓာကိုယ်အတွင်း ဝင်ရောက်ကာ မိမိလွယ်ထားသော နုနယ်သည့် ဖွံဖြိုးဆဲ သန္ဓေသားကို အသက်သေစေသည်အထိ ထိခိုက်စေနိုင်သောကြောင့် ဖြစ်သည်။
နွေပူ ၊ ရေပူ သတိထားပါ
ကိုယ်ဝန်ဆောင်သည်များသည် ရေပူပူဖြင့် ရေချိုးခြင်း ၊ နေပူပူထဲ အမိုးအကာမပါ သွားလာခြင်းတို့သည် မိမိလွယ်ထားသော သန္ဓေသား ကျန်းမာရေးကို ထိခိုက်စေနိုင်ကြောင်း သိရသည်။
ထိုထိုအရာများ မဆင်မခြင် ပြုမူပါက အနည်းဆုံး ကိုယ်ဝန်လွယ်ထားသည့် မိမိ မူးဝေခြင်းမျိုး ဖြစ်ပွားတတ်သည်။
အလေးအပင်မခြင်း နှင့် x-ray ရိုက်ခြင်းတို့ ရှောင်ပါ
အလေးအပင်မခြင်းဖြင့် မွေးလမ်းကြောင်းအတွင်း လေခိုဝင်နိုင်ကာ မလိုလားအပ်သော ရောဂါကူးစက်မှုနှင့် မိန်းမကိုယ်အား ပုံမှန်မဟုတ်သော မအီမသာ ခံစားချက်ကိုပေးပြီး ကျိန်းစပ်ခြင်းတို့ ဖြစ်ပေါ်စေနိုင်ကြောင်း သိရသည်။
မိမိ ကျန်းမာရေးအရ x-ray ရိုက်ရန် လိုအပ်ပါက မည်သည့် x-ray မဆို မရိုက်မီ မိမိတွင် ကိုယ်ဝန်လွယ်ထားကြောင့် ပွင့်လင်းစွာ ပြောပါ။ x-ray ၏ ဓါတ်ရောင်ခြည်သည် မိမိလွယ်ထားသော သန္ဓေသားကို ထိခိုက်စေသောကြောင့် ဖြစ်သည်။
ဆေးလိပ် ၊ အရက်သောက်သုံးခြင်း လုံးဝရှောင်ကြဉ်ပါ
ယခင့်ယခင် ရေးသားမှုများ၌ ဖော်ပြပြီးဖြစ်ပေမယ့် သန္ဓေသားအတွက် အထူးအရေးကြီးသောအချက်ဖြစ်သည့်အတွက် ဆေးလိပ် ၊ အရက်သောက်သုံးခြင်း လုံးဝရှောင်ကြဉ်ဖို့ ထပ်မံ သတိပေးလိုက်ခြင်းဖြစ်သည်။
ဆေးလိပ်သောက်သုံးခြင်းသည် သင့်ရင်သွေး ကျန်းမာရေးအား အဆုံးစွန်အထိ သေရာပါ ထိခိုက်မှုမျိုးပေးစေသည့်အပြင် ကိုယ်ဝန်ဆောင်ကာလအတွင်း သန္ဓေသား၏အသက်ပါ ဆုံးရှုံးနိုင်သည့် ဖြစ်ရပ်များ ရှိသည့်အတွက် ကိုယ်ဝန်ဆောင်သည်များ ဆေးလိပ်သောက်သုံးခြင်း လုံးဝမပြုသင့်ပေ။
အရက်သေစာနှင့် အရက်သေစာပါသော အစားအသောက်ကိုမူ သတ်မှတ်အတိုင်းအတာအထိ ကိုယ်ဝန်ဆောင်ကာလအတွင်း ရံဖန်ရံခါ သောက်သုံးနိုင်ပေမယ့် နေ့စဉ်ပုံမှန် သောက်သုံးခြင်းနှင့် ပမာဏများများ သောက်သုံးခြင်းသည် မိမိလွယ်ထားသည့် သန္ဓေသားအား ထိခိုက်နိုင်သဖြင့် ရှောင်ရှားသင့်သည်။
မူးယစ်ဆေးစွဲနေသော ကိုယ်ဝန်ဆောင်မိခင်များအဖို့ မိမိကိုယ်ဝန် အပ်နှံထားသော ဆရာဝန်အား ပွင့်လင်းစွာ အကြံဥာဏ်တောင်းခံသင့်သည်။ ဆက်လက်သုံးစွဲခြင်းသည် မိမိနှင့် မိမိသန္ဓေသား၏ ကျန်းမာရေးအား ဆိုးရွားစွာ ထိခိုက်စေနိုင်ကြောင်း သိရသည်။
ရတု(burmesehearts.com)",4.0,2.0,2.0,5.0,4.0,"The text provides practical, health-related advice for pregnant women in Burmese. It is coherent, well-structured, and easy to follow, making it suitable for educational purposes. It uses natural, native phrasing and addresses specific cultural health concerns, though the medical reasoning is presented as general advice rather than deep scientific analysis."
<urn:uuid:ae6bdafe-49e0-4caf-8952-5d33737de0a3>,"ဇွန်ခိုင်ဦး (ဆေးဝါးတက္ကသိုလ်)
ကိုယ်ဝန်ဆောင်တယ်ဆိုတာ အမျိုးသမီးတစ်ယောက်ရဲ့ ဘ၀မှာ အပျော်ရွှင်ရဆုံး အခိုက်အတန့်တစ်ခုပဲ ဖြစ်ပါတယ်။ ကိုယ်ဝန်ဆောင်ချိန်မှာ စိတ်လှုပ်ရှားမှု ခံစားရတာနဲ့အတူ သင့်ခန္ဓာကိုယ်နဲ့ ဗိုက်ထဲက သန္ဓေသားကို အထူးဂရုစိုက်ဖို့ လိုပါတယ်။ ဒါမှသာ လမစေ့ဘဲ ကလေးမွေးဖွားတာမျိုး မဖြစ်အောင် ရှောင်လွှဲနိုင်မှာပါ။
လမစေ့ ကလေးမွေးဖွားခြင်း ဆိုသည်မှာ
လမစေ့ ကလေးမွေးဖွားတယ်ဆိုတာ ကိုယ်ဝန်ဆောင်ကာလ ၃၇ ပတ်မတိုင်ခင် အသက်ရှင်ရက်နဲ့ ကလေးမွေးဖွားတာကို ဆိုလိုကြောင်း WHO က ဆိုထားပါတယ်။ လမစေ့ ကလေးမွေးဖွားတာကို သုံးပိုင်းခွဲခြားထားရာမှာ –
(၁) ကိုယ်ဝန် ၂၈ ပတ်အောက် ကာလမှာ ကလေးမွေးဖွားတာကို အလွန်အမင်း လမစေ့ဘဲ ကလေးမွေးဖွားတယ်လို့ ခေါ်ပါတယ်။
(၂) ကိုယ်ဝန် ၂၈ ပတ်နဲ့ ၃၂ ပတ်ကြား ကလေးမွေးဖွားတာကို အသင့်အတင့် လမစေ့ဘဲ ကလေးမွေးဖွားတယ်လို့ ခေါ်ပါတယ်။
(၃) ကိုယ်ဝန် ၃၂ ပတ်မှ ၃၇ ပတ်အတွင်း ကလေးမွေးဖွားတာကို အနည်းငယ်လမစေ့ဘဲ ကလေးမွေးဖွားတာလို့ ခေါ်ပါတယ်။
တစ်ခါတစ်ရံ ကျန်းမာတဲ့ ကိုယ်ဝန်ဆောင်မိခင်တွေတောင် လမစေ့ဘဲ ကလေးမွေးဖွားနိုင်ပါတယ်။ ဒါက ဘယ်သူမှကြိုပြီး သိနိုင်တာမဟုတ်ပါဘူး။
လမစေ့ ကလေးမွေးဖွားခြင်း မဖြစ်စေရန်
အောက်ပါနည်းလမ်းတွေက ကိုယ်ဝန်ဆောင်ချိန်မှာ လမစေ့ဘဲ ကလေးမွေးဖွားတာမျိုး မဖြစ်စေဖို့ လမ်းညွှန်ထားတဲ့အချက်တွေ ဖြစ်ကြပါတယ်။
ကျန်းမာရေးနှင့်အညီ စားသောက်ပါ
ကိုယ်ဝန်ဆောင်ချိန်ဟာ သင်နဲ့သင့်ကလေးအတွက် မျှတညီညွတ်တဲ့ အစားအသောက်ကို စားသောက်ရမယ့် အချိန်ပဲဖြစ်ပါတယ်။ နေ့စဉ်နေ့တိုင်း ဗီတာမင် အေ၊ ဗီတာမင် စီ၊ ဗီတာမင် အီး၊ အိုမီဂါ ၃ ဖက်တီးအက်စစ်၊ ကယ်လ်စီယမ်၊ မဂ္ဂနီဆီယမ်၊ သံဓာတ်၊ သွပ်ဓာတ်နဲ့ ဖောလစ်အက်စစ်တို့လို လိုအပ်တဲ့ အာဟာရဓာတ်တွေကို အချိုးအစားညီညီ ရရှိဖို့ လိုအပ်ပါတယ်။ ဒီလို မှီဝဲစားသောက်တာကြောင့် လမစေ့ကလေး မွေးဖွားမှုမဖြစ်အောင် ရှောင်လွှဲနိုင်မှာ ဖြစ်ပါတယ်။
ကျန်းမာရေးနှင့် ညီညွတ်သော နေထိုင်မှုပုံစံ ကျင့်သုံးပါ
သင်က ဆေးလိပ်၊ အရက်နဲ့ တခြားမူးယစ်ဆေးဝါးတွေကို မှီဝဲတယ်ဆိုရင် ဖြတ်ကို ဖြတ်ရပါမယ်။
လုံလောက်သောအရည် သောက်သုံးပါ
ကိုယ်ဝန်ဆောင်ချိန်မှာ ရေဓာတ်ပြည့်ဝဖို့ အရေးကြီးပါတယ်။ ရေဓာတ်ခမ်းခြောက်ရင် အချိန်မတိုင်ခင် သားအိမ်ညှစ်တာမျိုး ဖြစ်စေနိုင်ပါတယ်။ ဒါကြောင့် နေ့စဉ်နေ့တိုင်း ရေ ဒါမှမဟုတ် အရည်အနည်းဆုံး ရှစ်ဖန်ခွက် သောက်သင့်ပါတယ်။
စိတ်ဖိစီးမှု ရှောင်ပါ
စိတ်ဖိစီးမှုဟာ လမစေ့ကလေးမွေးဖွားတာနဲ့ တိုက်ရိုက်ဆက်စပ်မှု မရှိပေမယ့် ကိုယ်ဝန်ဆောင်ချိန်မှာ စိတ်ဖိစီးမှုမရှိဖို့ အရေးကြီးပါတယ်။ ကိုယ်ဝန်ဆောင်ချိ်န်မှာ စိတ်အပန်းပြေအောင် များများအနားယူပါ။
ကိုယ်အလေးချိန်ကို တိုင်းတာပါ
ကိုယ်ဝန်ဆောင်ချိန်အတွင်း ကိုယ်အလေးချိန် များလွန်းတာ၊ နည်းလွန်းတာကြောင့် လမစေ့ ကလေးမွေးဖွားနိုင်ခြေ များစေပါတယ်။ ကိုယ်ဝန်ဆောင်ချိန် ကိုယ်အလေးချိန်များလွန်းတာက ဆီးချိုရောဂါနဲ့ ကိုယ်ဝန်ဆိပ်တပ်တာတို့ကို ဖြစ်စေနိုင်ခြေများပါတယ်။ ကိုယ်ဝန်ဆောင်ချိန် ကိုယ်အလေးချိန် နည်းလွန်းရင်လည်း မွေးလာတဲ့ကလေး သေးနိုင်ခြေ များပါတယ်။
ကိုယ်ဝန်ဆောင်အားဆေး မှီဝဲပါ
ကိုယ်ဝန်ဆောင်ချိန်မှာ ကြီးထွားလာတဲ့ သန္ဓေသားကျန်းမာရေးအတွက် အရေးပါတဲ့ အားဆေးတွေကို နေ့စဉ်မှန်မှန် သောက်သုံးပေးရပါမယ်။
ဆီးမအောင့်ပါနှင့်
ကိုယ်ဝန်ဆောင်ချိန်အတွင်း ဆီးမအောင့်ထားသင့်ပါဘူး။း ဆီးအောင့်ထားတာကြောင့် ဆီးအိတ်ရောင်ရမ်းစေပြီး သားအိမ်ကျုံ့ဆန့်မှုကို တိုးစေနိုင်ပါတယ်။ ဒါ့အပြင် ဆီးအောင့်ထားတာက ဆီးလမ်းကြောင်းပိုးဝင်မှုကိုလည်း ဖြစ်စေနိုင်ပါတယ်။",4.0,2.0,2.0,5.0,4.0,"The text provides clear, accurate, and structured health advice for pregnant women in Burmese. It is highly educational and accessible to a general audience. It uses natural, culturally appropriate language and follows a logical, easy-to-follow format without extraneous noise or formatting issues."
<urn:uuid:604efa26-f352-453d-8be9-692fc28dea88>,"မိခင်တစ်ယောက်အနေနဲ့ သားသား၊ မီးမီးတို့ရဲ့ ကျန်းမာရေး၊ လေ့လာသင်ယူနိုင်စွမ်း၊ ကစားလှုပ်ရှား၊ အစားအစာနဲ့ အာဟာရ အစရှိတာတွေကို အကောင်းဆုံး ဖြည့်ဆည်းပေးဖို့ အမြဲတမ်း တွေးတောရပါတယ်။ ကလေးတွေကို ကျန်းမာစေတေဲ့ အစာအာဟာရလို့ ပြောရင် ဘယ်လို အစားအစာတွေကို ပြေးမြင်မိကြလဲ။
ဒီဆောင်းပါးမှာတော့ နွားနို့နှင့် နို့ထွက်ပစ္စည်းတွေက ကလေးများအတွက် ဘယ်လို အကျိုးကျေးဇူးများသလဲ ဆိုတာကိုအဓိက ပြောပြချင်ပါတယ်။
ကလေးတွေအတွက် နေ့စဉ် ထည့်သွင်းစဉ်းစားရမယ့် အစားအစာက နွားနို့ပါ။ ကျန်းမာတဲ့ ကလေးတစ်ယောက်ဖြစ်ဖို့ လိုအပ်တဲ့ ဗီတာမင်နဲ့ သတ္တုဓာတ်တွေကို နွားနို့က ပေးစွမ်းနိုင်ပါတယ်။
နွားနို့က ကလေးငယ်တွေ စားသုံးလိုက်တဲ့ အစားအစာကနေ စွမ်းအင်တွေကို ထုတ်ပေးရာမှာ အရေးပါတဲ့ ဗီတာမင် B ရနိုင်ဖို့ အကောင်းဆုံး ရင်းမြစ်ပါ။ သွေးဆဲလ်တွေကို ကျန်းမာစေပြီး ကိုယ်ခံအားနဲ့ မျက်စိအမြင်ကောင်းမွန်စေရာမှာ အရေးပါပါတယ်။ ဒါ့အပြင် နွားနို့မှာ ကလေးရဲ့ ကြီးထွားမှု၊ အာရုံကြောနဲ့ ဇီဝကမ္မ လုပ်ငန်းစဉ်တွေ ကောင်းမွန်စေပြီး ခွန်အားပြည့်စေတဲ့ ဗီတာမင် B 12 ပါဝင်ပါတယ်။
သတ္တုဓာတ်တွေအနေဲ့ အရိုးသန်မာစေပြီး အရပ်ရှည်စေတဲ့ ကယ်ဆီယမ်၊ သွေးပေါင်ချိန် ပုံမှန်ဖြစ်စေပြီး ကြွက်သားသန်မာစေတဲ့ ပိုတက်ဆီယမ်၊ အရိုးနဲ့ သွားကျန်းမာစေတဲ့ ဖော့စဖောရပ်စ်၊ သိုင်းရွိုက် ဟော်မုန်း ပုံမှန်ဖြစ်စေပြီး နှလုံးခုန်နှုန်း၊ ခန္ဓာကိုယ် အလေးချိန်နဲ့ ဇီဝကမ္မ လုပ်ငန်းစဉ်တွေ ပုံမှန်ဖြစ်စေတဲ့ အိုင်အိုဒင်ဒင်းဓာတ်တွေ ပါရှိပါတယ်။
ဒါ့အပြင် နွားနို့မှာ ကလေးတွေ ကွက်သားသန်မာမှုကို အထောက်အပံ့ပေးတဲ့ အမိုင်နိုအက်ဆစ်နဲ့ ပရိုတိန်းဓာတ် ကြွယ်ဝပါတယ်။ နွားနို့မှာပါရှိတဲ့ ကာဗိုဟိုက်ဒရိတ်ကလည်း ကယ်ဆီယမ်နဲ့ ဖော့စဖောရပ်စ်ကို စုပ်ယူပြီး စွမ်းအင်တွေ ပြန်လည်ပေးစွမ်းတဲ့ အရေးကြီးတဲ့ အခန်းကဏ္ဍကနေ ပါဝင်ပါတယ်။
ကလေးတွေအတွက် ဗီတာမင် D ရနိုင်တဲ့ အခြားရင်းမြစ်တွေကတော့ နေရောင်ခြည်နဲ့ ဗီတာမင်ထပ်တိုးထားတဲ့ ဖြည့်စွက်စာတွေပါ။
နို့ထွက်ပစ္စည်းတွေဖြစ်တဲ့ နို့ချဉ်၊ milkshake၊ ချိစ်နဲ့ ထောပတ်တို့ကနေ ကယ်ဆီယမ်ဓာတ် ရရှိနိုင်ပါတယ်။ ပဲနို့၊ အခွံမာသီး၊ တို့ဟူး၊ ပန်းဂေါ်ဖီစိမ်း၊ ဂေါ်ဖီထုပ်နဲ့ အစိမ်းရောင် အသီးအနှံတွေကလည်း ကယ်ဆီယမ်ပေးစွမ်းနိုင်တဲ့ အကောင်းဆုံးရင်းမြစ်တွေပါ။
ဒါကြောင့် သားသား၊ မီးမီးလေးတွေ ခန္ဓာကိုယ် ကြီးထွား ကျန်းမာဖို့ နွားနို့တစ်ခွက် နေ့စဉ် တိုက်ပြီး ဗီတာမင်နဲ့ ကယ်ဆီယမ်ကြွယ်ဝတဲ့ အခြားသော အစားအစာများကိုပါ ဖြည့်စွက် ကျွေးသင့်ကြောင်း တိုက်တွန်းလိုက်ပါရစေ။
Ref: kiddieversity.com/what-is-a-healthy-diet-for-kids/
May Moe (ရိုးရာလေး)",4.0,2.0,2.0,5.0,4.0,"The text provides clear, educational nutritional advice for parents. It uses simple, logical explanations to link nutrients to health benefits. The language is natural, culturally appropriate for Burmese parents, and free of noise or formatting issues, making it a high-quality, accessible informational piece."
<urn:uuid:ec39baaa-ae4f-4535-bfb3-e1834b98f2d2>,"ကုလ အစီရင်ခံစာအပေါ် ဒေါ်အောင်ဆန်းစုကြည် စိတ်ပူပန်နေဟု ဆို
သောကြာနေ့က ထုတ်ပြန်ထားသည့် စာမျက်နှာ ၄၃ မျက်နှာရှိသည့် ကုလဒုက္ခသည်များဆိုင်ရာ မဟာမင်းကြီးရုံး၏ အစီရင်ခံနှင့် ပတ်သက်ပြီး ဒေါ်အောင်ဆန်းစုကြည်အနေဖြင့် များစွာ စိတ်ပူပန်မှုဖြစ်နေကြောင်း ကုလသမဂ္ဂ လူအခွင့်အရေးဆိုင်ရာ မဟာမင်းကြီး Zeid Ra'ad al-Hussein က ပြောကြားလိုက်သည်။
ရခိုင်ပြည်နယ်အတွင်း ပဋိပက္ခဖြစ်ပွားနေစဉ် ၄ လတာကာလအတွင်း ဒေါ်အောင်ဆန်းစုကြည် အနေဖြင့် လုံခြုံရေး တပ်ဖွဲ့ကို ထိန်းချုပ်နိုင်ခြင်းမရှိဘဲ သူမအနေဖြင့် နိုင်ငံခြားရေးဝန်ကြီး ဌာနနှင့် ပြန်ကြားရေးဝန်ကြီးဌာနကိုသာ ထိန်းချုပ်နိုင်ခြင်း ရှိသည်ဟုလည်း နိုင်ငံတကာမှ ဝေဖန်မှုများ ရှိနေသည်။
သမ္မတရုံး ပြောရေးဆိုခွင့်ရှိသူ ဦးဇော်ဌေးက“ဒီကိစ္စ ကြီးမားတဲ့ စွဲချက်တွေ ဖြစ်တယ်။ ကျွန်ုပ်တို့အနေဖြင့် ဒီအပေါ် စိုးရိမ်မှု ရှိပါတယ်။ ကျွန်ုပ်တို့အနေနဲ့ဒီစွပ်စွဲချက်တွေနဲ့ ပတ်သက်ပြီး ဒုတိယသမ္မတ ဦးဆောင်တဲ့ စုံစမ်းစစ်ဆေးရေး ကော်မတီနဲ့ စုံစမ်းစစ်ဆေးမှုတွေ လုပ်နေပါတယ်”ဟု ပြောသည်။
နိုင်ငံခြားရေး ၀န်ကြီးဌာန ဒုတိယ ညွှန်ကြားရေးမှူး ဒေါ်အေးအေးစိုးက ကုလသမဂ္ဂအနေဖြင့် သေချာစုံစမ်း စစ်ဆေးမှုတွေ လုပ်ဆောင်သင့်ကြောင်း တနင်္လာနေ့က ရိုက်တာကို ပြောသည်။
မြန်မာနိုင်ငံအနေဖြင့် “သတင်းအမှားတွေ၊ သတင်းအချက်အလက် မခိုင်လုံတာတွေနဲ့ သတင်းအတုတွေနဲ့လည်း တိုက်ခိုက်ခံရမှုတွေ ရှိနေပါတယ်” ဟု သူမက ဖြည့်စွက် ပြောကြားခဲ့သည်။
“နိုင်ငံတကာ အသိုင်းအ၀ိုင်းအနေနဲ့ သေချာစဉ်းစားပြီးမှ လုပ်ဖို့လိုတယ်၊ ဒီစွပ်စွဲချက်တွေက အစစ်အမှန် ဟုတ်မဟုတ် ကျွန်မတို့ မသိနိုင်ဘူး။ တကယ်လို့ ဒီစွပ်စွဲချက်တွေက အမှန်တကယ်ဆိုရင် ကျွန်မတို့ ချက်ချင်း အရေးယူ ဆောင်ရွက်တာတွေ လုပ်ပါတယ်” ဟု ဒေါ်အေးအေးစိုးက ပြောသည်။
အဆိုပါ စွပ်စွဲချက်များနှင့် ပတ်သက်ပြီး မြန်မာနိုင်ငံအနေဖြင့် ဒုတိယသမ္မတ ဦးမြင့်ဆွေ ဦးဆောင်သည့် ကော်မရှင်ဖွဲ့ကာ စုံစမ်းစစ်ဆေးမှုများ ပြုလုပ်လျက်ရှိကြောင်း ပြောသည်။
အဆိုပါကော်မရှင် အတွင်းရေးမှူး ဦးဇော်မြင့်ဖေက ရခိုင်ပြည်နယ် မြောက်ပိုင်းဒေသနှင့် ပတ်သက်ပြီး ဒီဇင်ဘာလတွင် စတင် လုပ်ဆောင်ချိန်မှစပြီး မုဒိမ်းကျင့်မှု စွပ်စွဲချက်နှင့် ပတ်သက်ပြီး မည်သည့် အချက်အလက်မှ မတွေ့ရှိကြောင်း ပြောသည်။
နယ်မြေလုံခြုံရေးဆောင်ရွက်သည့် လုံခြုံရေးအဖွဲ့ဝင်များအနေဖြင့် ဘင်္ဂါလီကျေးရွာများ၏ လိမ်ကောက်နေသည့် လမ်းများကြားတွင် ခြောက်ခြားအကြောက်လွန်ပြီး လက်လွန်တုန့်ပြန်မှု အချို့လည်း ရှိကောင်းရှိနိုင်သည်ဟု ဆိုသည်။
SH
The Ladies News
REf - Reuters",2.0,2.0,3.0,4.0,5.0,"The text is a journalistic report on political events in Myanmar. It provides factual reporting on government responses to international allegations, requiring basic political literacy. It is written in natural, idiomatic Burmese, reflecting local political discourse and terminology, though it lacks the depth of an educational or analytical essay."
<urn:uuid:7f693fc5-cb19-46bc-9670-887dece2c907>,"ဗေဒင်
ယုံလားလို့ မေးတိုင်း ""စိတ်မ၀င်စားပါ"" လို့ ကျွန်မ အမြဲဖြေဖြစ်ပါတယ်။
ဒီကိစ္စနဲ့ ပတ်သတ်ရင် လူတိုင်းက ယုံ ၊ မယုံ ဆိုတာနဲ့ပဲ မေးခွန်းထုတ်တတ်ကြတယ်။
ကျွန်မ အထင်တော့ ဗေဒင်မေးလေ့ရှိတဲ့သူရော ၊ မေးလေ့ မရှိတဲ့သူရော ဘယ်သူမှ ရာနှုန်းပြည့် ယုံတယ် ၊ ရာနှုန်းပြည့် မယုံဘူးဆိုတာ မရှိနိုင်ပါ။
လူသာမာန်တစ်ယောက်ရဲ့ တခြားလူတစ်ယောက် အပေါ် မှန်းဆတွက်ချက်မှုဆိုတာ အခါခပ်သိမ်း မမှန်နိုင်စကောင်းတာ ဦးနှောက်နည်းနည်း ရှိရုံနဲ့ တွေးကြည့်လို့ ရနိုင်ပါတယ်။ ပညာစွမ်းပေါ် မူတည်လို့သာ မှန်နိုင်စွမ်း (probability) ဟာ ကွာသွားနိုင်တာပါပဲ။
အားလုံးမှန်တယ် ထားဦးတော့ .. ဒါမျိုး ဘယ်နှစ်ခါ ဆက်တိုက်မှန်နိုင်မလဲ။ ဒါကို လူတိုင်းတွေးနိုင်ပါတယ်။
တကယ်တော့ မှန်တယ် ဆိုလည်းပဲ သူဟောလို့ ဖြစ်တာမဟုတ်ပါ သူ မဟောလဲ ဖြစ်စရာရှိတာ ဖြစ်လာမှာပါပဲ။
ဒီတော့ ဗေဒင်ကို ဘာကြောင့် တစွဲတလမ်း မေးကြသလဲ ဆိုရင် ကျွန်မတော့ စိတ်ဝင်စားမှုကြောင့် လို့ပဲ ကောက်ချက်ချမိတယ်။ ရှေ့ကို ဘာဖြစ်မလဲ ကြိုသိချင်တဲ့ စိတ်အခံကြောင့်ပါပဲ။ ဇာတ်လမ်းတစ်ခု ကြည့်သလို၊ ၀တ္ထု တစ်ပုဒ်ဖတ်သလို.. (TV ကလွှင့်တဲ့ series တွေ ရှေ့ဘာဖြစ်မလဲ သိချင်လွန်းလို့ အခွေဝယ်ပြီး ကြိုကြည့်တဲ့လူတွေ အများကြီး ရှိတယ်။ ပြီးတော့ TV က ပြတာ ဆက်မကြည့်တော့ဘူးလား ဆိုတော့လည်း ကြည့်တာပဲ တဲ့)
ကျွန်မ အတွက်တော့ အဲဒါ ထူးထွေသည့် အံ့ရာ ပဲ။ သိပြီးသားကို ဘယ်လို စိတ်ဝင်စားမှုမျိုးနဲ့ ငုတ်တုတ် ဆက်ထိုင်နေနိုင်တာလဲ စဉ်းစားရင် ...
အင်း နောက်ဆုံးတော့ ဗေဒင်ကို လက်မလွှတ်တဲ့ လူတွေဟာ ကြည့်ပြီးသား ရုပ်ရှင်ကို နှစ်ခါပြန်ကြည့်ဖို့ ၀န်မလေးတတ်တဲ့ သူမျိုးတွေ ဖြစ်နိုင်ပါတယ်။
ကျွန်မ အတွက်တော့ ဗေဒင်ဆိုတာ သူဟောတာ မှန်ခဲ့ရင် (မှားရင် ဆိုတာ စကားထဲထည့်ပြောစရာ မလိုတော့ဘူး) ကြည့်ပြီးသား ရုပ်ရှင်ကို နှစ်ခါပြန် ကြည့်ရသလို ဖြစ်မှာကလွဲလို့ ...
ကျွန်မက စာအုပ်သာ အချိန်ပြည့်ဖတ်ချင်တာ ။ ရုပ်ရှင်ကြည့်ဖို့တော့ အင်မတန်ပျင်း။
ဒါကြောင့် ကျွန်မကို ဗေဒင်ကို ယုံသလား မေးခဲ့ရင် ""စိတ်မ၀င်စားဘူး"" လို့ပဲ ဖြေခဲ့ပါတယ်
ကျွန်မ တစ်ခါမှကို ဗေဒင် မမေးခဲ့ဖူးပါ။ ဖြစ်ချိန်တန်ရင် ဖြစ်လာမှာတွေအတွက် ဗေဒင်မေးတယ် ဆိုတာ ကျွန်မအတွက်တော့ အသက်ရှင်ခြင်းရဲ့ အပိုအလုပ်တစ်ခုသာပဲ။
စိတ်ဝင်စားတဲ့သူတွေ ဆက်မေးလိမ့်မည်။ စိတ်မ၀င်စားသူတွေ ဝေးဝေးနေလိမ့်မည်။
စိတ်ဝင်စားခြင်း မ၀င်စားခြင်းကို ဖက်ပြိုင် ငြင်းခုံခြင်းသည်လည်း အပို အလုပ်တစ်ခုသာ ဖြစ်လိမ့်မည်။
မှားတာတွေလည်း ပါလိမ့်မည်။ မှန်တာတွေလည်း ပါလိမ့်မည်။
သေချာတာကတော့ ဘယ်ဟာက ဘယ်လောက်ထိ မှားပြီး ၊ ဘယ်ဟာက ဘယ်လောက်ထိ မှန်နိုင်သလဲ ဘယ်သူမှ မသိတာပင်။
ဒီ့ထက်သေချာတာကတော့ သူပြောတာမှန်လည်း သူပြောလို့ ဖြစ်လာတာမဟုတ်၊ မပြောလဲ ဖြစ်လာမှာ။
သူပြောတိုင်းလဲ ဖြစ်စရာ အကြောင်းရှိမနေရင် ဖြစ်ကိုမလာ။
ရိတ်သိမ်းရမည်က ကိုယ်စိုက်ပျိုးခဲ့သမျှရယ်သာ.. (စိုက်ခဲ့သမျှ နာဂစ်ထဲပါသွားလည်း ဘယ်သူ့မှ လက်ညှိုးမထိုးပါနှင့်။ နာဂစ်ကို စိုက်ပျိုးခဲ့သူသည်လည်း မိမိကိုယ်တိုင်သာ ဖြစ်ခဲ့သည်ကို သတိရပါလေ)
(to be continue)
_____________________________________________________________
ခုတလော ခေါင်းထဲရောက်နေတာလေးတွေ။
ခဏခဏ အဲဒီ မေးခွန်းမျိုး အမေးခံခဲ့ရဖူးတော့ ခဏခဏလည်း ပြောခဲ့ရဖူးပါတယ်။
တကယ်တော့ ကျွန်မ အနေနဲ့သာဆိုရင် ယုံလား မယုံလား စဉ်းတောင်စဉ်းစားမိမှာ မဟုတ်။
စိတ်ကို မ၀င်စားလို့။
(ဒါပေမယ့် ၁၀တန်းအောင်ကာစက သူများဝယ်ထားတဲ့ ဗေဒင်စာအုပ်တွေ ကိုယ့် ရာသီခွင်နဲ့ကိုက်တာတွေ ယူဖတ်ဖူးတယ်။ ၃ခါ ၄ခါ ဖတ်တိုင်းတူနေတာကတော့ ရည်းစားဦးနဲ့ လွဲမယ် ဆိုတာချည်းပဲ။
စိတ်တောင် နည်းနည်းညစ်သွားသေးတယ်။
ဒါပေမယ့် ဘာအရေးလဲ ဒုတိယရည်းစားက စထားရုံပေါ့ လို့ တွေးပြီး နောက်တော့ မဂ္ဂဇင်းထဲကဟာတွေတောင် မဖတ်တော့ဘူး။ ခုချိန်ထိပဲ)",2.0,3.0,2.0,4.0,5.0,"The text is a personal essay reflecting on the cultural practice of astrology in Burma. It uses natural, idiomatic Burmese and reflects local social attitudes. While it lacks formal educational structure, it provides a coherent, logical argument about personal belief and skepticism, making it a good example of authentic, reflective prose."
<urn:uuid:ab9f65ca-c9c6-4265-ac84-f2260915ec6d>,"Updated: Oct 12, 2019
အတော်ဆုံး Volvo ယာဉ်မောင်းတို့ရေ..
Euro5 ကနေ Euro2 ပြောင်းရခြင်းက..
2010-2011 Volvo နောက်တန်းကို လေအိတ်တွေကနေ လေးပြောင်း လိုက်တော့..
ဂီယာဘောက်ပြသနာရှိပြီ..
ဘရိတ်ပြသနာရှိပြီ..
အင်ဂျင်ပြသနာရှိပြီ..
ကြင်နာတတ်သော အုံနာမှ မူလအတိုင်းပြန်မဖြစ်နိုင်ဘူးလား တောင်းဆိုလာတဲ့အတွက်..
မြန်မာ မှု့ပြုထားတဲ့ 2010-2011 Volvo ကို ပုံမှန်အတိုင်းဖြစ်အောင် နည်းလမ်းတကျပြုပြင်ကြရအောင်..
အရင်ဆုံးပြသနာအရင်းမြစ်ကိုရှာမယ်..
-ယခင် လေအိတ်စနစ်ကနေ လေးစနစ်ပြောင်းတဲ့အတွက်.. Suspension System ကအသုံးပြုလို့မရနိုင်တော့..
-နောက်ယက်တန်းတစ်ခုလုံးကို ယခင် Latest EBS Version4/5 Disk Brake ကနေ ရိုးရိုး Drum Brake ပြောင်းလိုက်တဲ့အတွက် EBS Brake System က အသုံးပြုလို့မရနိုင်တော့..
-ECS-EBS ဘောက်တွေရဲ့ Error (မှားချက်) တွေကြောင့် အင်ဂျင်ဘောက် (Engine ECU) မှာပါပြသနာရှိခဲ့ပြီ..
-Adblue ကို နည်းလမ်းမှား ရှောင်လွဲခဲ့တော့ NOx Dosing Error ကြောင့် အင်ဂျင်ဘောက် (Engine ECU) မှာထပ်တိုး ပြသနာရှိခဲ့ပြီ..
ဒီသုံးချက်ကြောင့်..
(၁) ဂီယာပိုင်းမှာ ၇၀%
(၂) ဘရိတ်ပိုင်းမှာ ၉၀%
(၃) အင်ဂျင်ပိုင်းမှာ ၄၀% စွမ်းဆောင်ရည် ကျဆင်းခဲ့ပြီ..
ပြသနာသိပြီဆိုရင် အဖြေရှာမယ် ပြင်ဆင်မယ်..
- ပြင်ဆင်ပုံအညွှန်း (Repairing Manual) ကိုဖတ်၊ ကမ္ဘာ့ နေရာအနှံက Service Dealer တွေရဲ့ ဆင်တူပြင်ဆင်မှုနဲ့ပြသနာ သုံးသပ်ပုံအဆင့်ဆင့်လေ့လာ၊ လုပ်ကိုင်ရန် အကြံပြုချက်တွေကို မှတ်သား၊ Volvo Service Professional (Europe/Asia) တွေနဲ့ တိုင်ပင်..
- Electronic Control Suspension System လုံးဝမရှိတော့လို့ Main Engine ECU ထဲကနေ ECS System ကိုဖြုတ်လိုက်တယ်..
- EBS System မှာ နောက်တန်းမပါလို့ Main Engine ECU ထဲကနေ နောက်တန်းအတွက် EBS System ကိုဖြုတ်လိုက်တယ်.. ခါးတန်း..ရှေ့တန်းမူလအတိုင်းထားတယ်..
- Adblue NOx/ECS-EBS ကြောင့် အင်ဂျင်ပေါ်သက်ရောက်မှုကို..
- Euro5 Emission Level ကနေ Euro2 Level ကို Flashing ECU Saved Down Grade လုပ်လိုက်တယ်..
(-----ALL SYSTEM SAFE AND SOUND-----)
ဒီ 2010-2011 Volvo ကားကြီးသည်
-Adblue NOx စနစ်မပါဝင်ပါ Euro2 Emission Level ဖြစ်ကြောင်း..
-Suspension System လေအိတ်စနစ်မပါဝင်ပါကြောင်း..
-EBS Brake System ခါးတန်း နှင့် ရှေ့တန်းသာရှိပါကြောင်း..
VOLVO Main Engine ECU / Vehicle ECU မှ နားလည်လက်ခံသွားပြီဖြစ်ကြောင်းပါ..
(ရင်နှင့်ရင်းတဲ့)
မြန်မာမော်တော်
Europe Trucks Service Centre
(၅၈လမ်း ၊ မင်္ဂလာ-ရတနာကြား၊ စက်မှု့၊ မန္တလေးရွှေမြို့တော်)
ကိုရစ်ကီကျော်
၀၉-၇၈ ၅၅၅၉၁၁၉",2.0,3.0,3.0,3.0,4.0,"The text provides technical troubleshooting steps for Volvo trucks in Myanmar. It demonstrates logical diagnostic reasoning and professional automotive knowledge. It is written in natural, colloquial Burmese used by local mechanics, reflecting authentic industry practices and local context, though it contains some promotional boilerplate."
<urn:uuid:557f34de-16e2-4e89-b2fe-32a9f76204d2>,"နောက်ဆုံးစကား တရားမျက်ရည်...
၂.၀၇.၂၀၁၀ နံနက်ခင်း ၆.နာရီမှာ အာရုံဆွမ်းကိုဘုန်းပေးကြသည်။
အာရုံဆွမ်းသုံးဆောင်ပြီးစာရေးသူတို့အဖွဲ့သည် ကုသိနာရုံမြို့မလ္လာမင်းတို့၏ အင်ကြင်းဥယျာဉ်၌ မြတ်စွာဘုရားရှင် ပရိနိဗ္ဗာန်ဝင်စံတော်မူရာ ဌာနအစစ်ရှိရာ ပရိနိဗ္ဗာန်စံတော်မူဟန် ရုပ်ပွားတော်မြတ်၏နောက်ဘက်ရှိမဟာပရိနိဗ္ဗာန စေတီအုတ်ခုံးနေရာသို့ သွားရောက်ဖူးမြော်ကြသည်။
မဟာပရိနိဗ္ဗာနစေတီတော်ကို ပထမဦးစွာတည်ထားသူမှာ တိတိကျကျ မသိရှိရဟု ဘုန်းကြီးဦးကုသလာစာရကစာရေးသူတို့အား သမိုင်းမျှရှင်းပြသည်။
ဤစေတီတော်ကို ခေတ်အဆက်ဆက်က ပြုပြင်ခဲ့သည်။
၁၈၇၆ခုနှစ်ကထဲက ကျောက်စာဌာနက တူးဖော်သောအခါ ကြေးအိုးကြီးတစ်လုံးကို တွေ့ကြရသည်။
၎င်းကြေးအိုးကြီးထဲ၌ သက္ကဋဘာသာဖြင့် ရေးထားသည်။ ကြေးပြားတစ်ချပ်နှင့် ကုမာရဂုတ္တခေတ် အေဒီ ၄ရာစု ခန့် သုံးဒင်္ဂါပြား(၆)ခုစသည်ကို တွေ့ခဲ့ရသည်။
ရေးထားသည့်စာမှာ ပဋိစ္စသမုပ္ပါဒ် ဒေသနာတော်နှင့် ဟရိဗလဆွာမိက မဟာပရိနိဗ္ဗာန စေတီဌာန၌ လှုဒါန်းသည့် အကြောင်းများပါရှိသည်။
ရုပ်ပွားတော်ဒါယကာနှင့်စေတီတော်ဒါယကာတို့သည်အတူတူဖြစ်သည်ဟုယူဆကြသည်။
ဟင်္သာတမြို့မှ ဦးဘိုးကြူးက ပြုပြင်ခဲ့ရာ ၁၉၂၇-ခုနှစ်တွင် ပြီးစီး၍ ၁၉၃၄ခုနှစ်တွင် ရွှေချပြီးခဲ့သည်ဟုဆိုသည်။
ယခုအခါ ငလျင်ဒဏ်ကြောင့် ဖောင်ရစ်မှစ၍ ပြိုကျသွားခဲ့ပြီ...။",3.0,2.0,2.0,4.0,5.0,"The text provides historical and religious information about the Mahaparinirvana Stupa in Kushinagar. It is coherent and educational, though it functions more as a travelogue/historical account than a formal textbook. It uses authentic Burmese Buddhist terminology and reflects local pilgrimage practices, demonstrating high cultural relevance and natural language use."
<urn:uuid:101a6793-e446-4daa-9220-887ab1f53c1a>,"ကျောက်ကြီးတွင် တင်းမာနေသော တပ်မတော် လမ်းဖောက်လုပ်မှုကိစ္စ KNU သဘောတူခွင့်ပြု
ကျောက်ကြီးတွင် တင်းမာနေသော တပ်မတော် လမ်းဖောက်လုပ်မှုကိစ္စ KNU သဘောတူခွင့်ပြု
By ဇင်မင်းကိုကို (ကျောက်ကြီး)
ပဲခူးတိုင်းဒေသကြီး၊ တောင်ငူခရိုင်၊ ကျောက်ကြီးမြို့နယ်၊ အောင်စိုးမိုးကျေးရွာရှိ KNU ဆက်ဆံရေးရုံးတွင် KNLA ကရင်အမျိုးသား လွတ်မြောက်ရေးတပ်မတော်မှ ဗိုလ်မှူးချုပ်စောတာမလာဘော ဦးဆောင်သောအဖွဲ့နှင့် တောင်ပိုင်းတိုင်းစစ်ဌာနချုပ် တိုင်းမှူး ဗိုလ်ချုပ်မျိုးဝင်း ဦးဆောင်သောအဖွဲ့တို့ ယနေ့ တွေ့ဆုံပြီး တပ်မတော်၏ လမ်းဖောက်လုပ်နေမှုကို KNU က ခွင့်ပြုလိုက်ကြောင်း သိရှိရသည်။
KNU ကရင်အမျိုးသားအစည်းအရုံး ကိုယ်စားလှယ်အဖွဲ့နှင့် တပ်မတော်ညှိနှိုင်းဆွေးနွေးရေးအဖွဲ့တို့သည် ၂၀၁၉ ခုနှစ် ဒီဇင်ဘာလ ၁၀ ရက်နေ့နှင့် ၂၀၁၉ ခုနှစ် ဒီဇင်ဘာလ ၂၇ ရက်နေ့အချိန်ကလည်း အဆိုပါကိစ္စရပ်များနှင့်ပတ်သက်၍ နှစ်ကြိမ်တိုင် တွေ့ဆုံပြီး တတိယအကြိမ်တွင်လည်း လမ်းဖောက်လုပ်မှုကိစ္စ၊ တပ်မတော်၏ တပ်ရိက္ခာပို့ဆောင်မှုဆိုင်ရာကိစ္စရပ်များကို အဓိကထား ဆွေးနွေးခဲ့ကြကာ သဘောတူညီမှု ရရှိခဲ့ခြင်းဖြစ်သည်ဟု သိရှိရသည်။
ယနေ့တွေ့ဆုံဆွေးနွေးမှုတွင် သံဘို- မူသဲ-ဘော်စဲခိုထိ တပ်မတော်က တစ်လမ်းမောင်း ကားလမ်းဖောက်လုပ်ခွင့်ကို KNU ဘက်က သဘောတူညီပေးခဲ့ပြီး အဆိုပါလမ်းဖောက်လုပ်နေစဉ်အတောအတွင်း လမ်းလုံခြုံ ရေးတပ်များချထားခြင်းမပြု ရန်၊ ဒေသခံပြည်သူလူထုအား နှစ်ဖက်တပ်များက စစ်ဆေးမေးမြန်းမှုမပြု လုပ်ဘဲ လွတ်လပ်စွာသွားလာခွင့်ပြု ရန်၊ နှစ်ဖက်တပ်ဖွဲ့များ၏ လှုပ်ရှားသွားလာမှုအား တစ်ဖွဲ့နှင့်တစ်ဖွဲ့အသိပေးပြီးမှ လှုပ်ရှားသွားလာရန် သဘောတူညီခဲ့ကြကြောင်း သိရှိရသည်။",2.0,2.0,3.0,5.0,5.0,"The text is a factual news report about a local political and military agreement in Myanmar. It is written in natural, professional Burmese, reflecting specific local geography, organizations, and political context. It provides clear, coherent information about a negotiation process, making it useful for understanding current events in the region."
<urn:uuid:4828cc80-abba-48bf-943d-175fb4c824d4>,"“ကျွန်မနေရာကို ယူဖို့ ကျွန်မ ခေါင်းဆောင်တစ်ယောက်မလိုချင်ဘူး၊ ခေါင်းဆောင်တွေ မြောက်မြားစွာလိုချင်တယ်”
ကျွန်မနောက်မှာ ကျွန်မနေရာ ကျွန်မအရိုက်အရာကိုခံမဲ့ ခေါင်းဆောင်တစ်ယောက် သတ်မှတ်ပေးပါ၊ ရှာပေးပါလို့ ထောင်ပြတဲ့ ပိုစတာတွေမြင်တယ်။ ကျွန်မပြောချင်တယ်။ ကျွန်မနေရာကိုယူဖို့ ကျွန်မ ခေါင်းဆောင်တစ်ယောက်မလိုချင်ဘူး။ ခေါင်းဆောင်တွေ မြောက်မြားစွာလိုချင်တယ်။
ကျွန်မတို့ ခေါင်းဆောင်တစ်ယောက်ယောက်ကိုပဲ မမျှော်နဲ့။ လူတိုင်းလူတိုင်းဟာ ခေါင်းဆောင်ဖြစ်နိုင်တဲ့ အရည်အချင်းတွေကို မွေးမြူကြပါ။ လူတိုင်းလူတိုင်းဟာ ငါတို့လည်း တစ်နေ့တစ်ခါမှာ ကောင်းတဲ့ ခေါင်း ဆောင်တွေဖြစ်နိုင်တယ်ဆို့တဲ့ စိတ်ဓာတ်တွေမွေးကြပါ။
ဒါမှ ကျွန်မတို့ ဒီမိုကရေစီရမှာ။ လူတစ်ဦးတစ်ယောက်ကို သိပ်ပြီးအားကိုးတာဟာ ဒီမိုကရေစီအတွတ် မကောင်းဘူး။
ပြည်သူတွေက ကျွန်မကိုအားကိုးတာ ကျွန်မ ဒီအားကိုးတဲ့ဟာကို မခံနိုင်လို့မဟုတ်ဘူး။ ကျွန်မ တာဝန်ခံရဲတယ်။ တာဝန်ယူရဲတယ်။ ဒါပေမဲ့ ပြည်သူတွေအနေနဲ့ ဘယ် တော့မှ လူတစ်ယောက်တည်းကို ပုံအောပြီး အားမကိုးပါနဲ့။
ဒါဟာ ဒီမိုကရေစီအတွက် မကောင်းပါဘူး။ ကျွန်မကိုလည်း ပုံအောပြီး အားမကိုးပါနဲ့။ ကျွန်မအတတ်နိုင်ဆုံး ကြိုးစားမှာပဲ။
အတတ်နိုင်ဆုံးကြိုးစားတာထက် ကျွန်မ ပိုပြီးမလုပ်နိုင်ဘူး။ ဒါပေမဲ့ ဒီမိုကရေစီပေါ်မှာ စေတနာရှိလို့ ပြည်သူအပေါ်မှာစေတနာရှိလို့ ကျွန်မ သတိပေးပါရစေ။
ဘယ်တော့မှ ပုဂ္ဂိုလ်တစ်ဦးတည်းပေါ်မှာ ပုံပြီးတော့ အားမကိုးပါနဲ့။ ယုံကြည်တာ ယုံကြည်တာပဲ။ ဒါပေမဲ့ အားမကိုးပါနဲ့။ ကိုယ့်ကိုယ်ကို အားကိုးပါ။
ကျွန်မတို့ ပြည်သူတွေဟာ ကိုယ့်ကိုယ်ကို အားကိုးတဲ့ ပြည်သူတွေ ဖြစ်ပါစေ။
ဒေါ်အောင်ဆန်းစုကြည်၊ နတ်မောက်မြို့
၈ ရက် ဒီဇင်ဘာလ ၂၀၁၂၊ အမျိုးသားနေ့အောင်ပွဲမိန့်ခွန်းမှ",3.0,2.0,2.0,5.0,5.0,"The text is a transcript of a speech by Aung San Suu Kyi. It provides clear, coherent civic education on leadership and democracy. It uses natural, authentic Burmese phrasing and honorifics, reflecting local political discourse. The formatting is clean, and the content is complete and well-structured."
<urn:uuid:dab18c3b-8996-4523-b484-b3cb63a6e913>,"ကမ္ဘာအေးကုန်းမြေ မဟာနာယက ကျောင်းဆောင်မှာကျင်းပတဲ့ အဲဒီတောင်းပန်လျှောက်ထားပွဲမှာ ဒီအဖြစ်အပျက်နဲ့ပတ်သက်ပြီး နိုင်ငံတော်အစိုးရအနေနဲ့ အလွန်တရာစိတ်နှလုံးမချမ်းမသာ ဖြစ်ခဲ့ရကြောင်း၊ တာဝန်ယူဆောင်ရွက်ခဲ့ရတဲ့ မိမိတို့အဖွဲ့အစည်းများဘက်မှာလည်း မကျွမ်းမကျင်၊ မသိ နားမလည်မှုတွေရှိနိုင်တဲ့အတွက် ထိခိုက်ဒဏ်ရာရ ဦးပဉ္ဇင်းများနဲ့ ကိုရင်တွေကို အစိုးရကိုယ်စား အလေးအနက် တောင်းပန်လျှောက်ထားပါကြောင်း သာသနာရေးဆိုင်ရာ ပြည်ထောင်စုဝန်ကြီး သူရဦးမြင့်မောင်က လျောက်ထားခဲ့ပါတယ်။
သာသနာရေးဝန်ကြီးရဲ့ လျောက်ထားတောင်းပန်တာနဲ့ပတ်သက်လို့ ရန်ကုန်မြို့က စနေနေ့ဆန္ဒပြပွဲမှာ ပါဝင်တဲ့ ဦးဓမ္မသိရိ က ဝန်ချတောင်းပန်ရမှာက ပြစ်မှုကျူးလွန်သောသူရယ်၊ ပစ်မိန့်ပေးတဲ့သူရယ်၊ ဒီနှစ်ဦးစလုံးက ခံရတဲ့သံဃာတော်တွေကို ကျေနပ်အောင်တောင်းပန်ရမယ့်ဟာကို ဦးဇင်းတို့က လိုချင်တာ၊ ဒါကို သံဃာမဟာနာယကတွေက ရေငုံနှုတ်ပိတ်ပြီးတော့ ဘာတစ်ခုမှတာဝန်ယူ ဖြေရှင်းပေးခြင်း၊ ဖျန်ဖြေပေးခြင်း၊ အရေးယူပေးခြင်းကို သံဃာထုဘက်ကနေ ဘာတစ်ခုမှလုပ်ဆောင်ပေးခြင်း မရှိတဲ့အတွက် ဦးဇင်းတို့က ဒီနေ့ဆန္ဒထုတ်ဖော်ရခြင်းဖြစ်တယ် လို့ မိန့်ကြားခဲ့ပါတယ်။
သာသနာရေးဝန်ကြီးက လျောက်ထားခဲ့ရာမှာတော့ လက်ပံတောင်းအရေးနဲ့ ပတ်သက်ပြီး နိုင်ငံရေးနားမလည်သေးတဲ့ ဦးပဉ္ဇင်းများနဲ့ ကိုရင်ငယ်တွေမှာ အပြစ်မရှိကြောင်း၊ နိုင်ငံရေး အမြတ်ထုတ်လိုတဲ့ နောက်ကွယ်က မသမာသူတွေရဲ့ သွေးထိုးလှုံ့ဆော်မှုကြောင့်သာ ဒီကိစ္စပေါ်ပေါက်ခဲ့ရတာဖြစ်ကြောင်း လျှောက်ထားခဲ့ပါတယ်။",2.0,3.0,2.0,5.0,5.0,"The text reports on a political-religious event in Myanmar, providing a clear account of conflicting perspectives. It uses natural, formal Burmese appropriate for news reporting, including specific honorifics and cultural context regarding the Sangha and government relations. It is well-structured, coherent, and free of boilerplate or noise."
<urn:uuid:9b4a28ad-f270-4eca-8b97-f1d8cbc8a27a>,"ကင်ဆာအမျိုးအစားတွေ အများကြီးရှိတဲ့အထဲကမှ ဆီးကျိတ်ကင်ဆာဆိုတာက အမျိုးသားတွေမှာ အဖြစ်များတဲ့ ကင်ဆာတစ်မျိုးပါ။ ဆီးကျိတ်ကင်ဆာက ကင်ဆလို့ဆိုပေမယ့် စောစောသိ စောစောကုသမှု ခံယူရင် သက်တမ်းစေ့နေနိုင်မှာပါ။ ဒီတစ်ခေါက်တော့ ဆီးကျိတ်ကင်ဆာကို ဂရုပြုနိုင်စေဖို့ သိထားသင့်တဲ့ လက္ခဏာလေးတွေ၊ ကုသနည်းလေးတွေအကြောင်း ပြောပြပေးသွားပါမယ်။ ဆီးကျိတ်ဆိုတာ ဆီးကျိတ်ဆိုတာ သစ်ကြားသီးပုံစံ ဂလင်းတစ်ခုပါ။ ဆီးအိမ်အောက်ဘက်နားမှာရှိပြီး ဆီးပြွန်ကို ပတ်ထားပါတယ်။ ဆီးကျိတ်ရဲ့ အဓိကတာဝန်က သုက်ပိုးတွေကို သယ်ဆောင်ပေးမယ့်အရည်တွေကို ထုတ်လုပ်ပေးတာပါ။ ဒီအရည်တွေက သုက်ပိုးတွေကို ပေါ့ပါးပြီး မြန်မြန်သွက်သွက် လှုပ်ရှားစေနိုင်ပါတယ်။ ဆီးကျိတ်ကင်ဆာဆိုတာ ဆီးကျိတ်ကင်ဆာဆိုတာက ဆီးကျိတ်ကဆဲလ်တွေ ထိန်းချုပ်လို့ မရအောင် ပုံမှန်မဟုတ်တဲ့ အခြေအနေတစ်ရပ်နဲ့ ကြီးထွားလာတာပါ။ ဆီးကျိတ်ကင်ဆာက သုက်ပိုးတွေကို သယ်ဆောင်ပေးမယ့်အရည်တွေကိုထုတ်လုပ်ပေးတဲ့ ဂလင်းဆဲလ်တွေကနေ စဖြစ်တာများပြီး အခြားဆဲလ်တွေဆီ ကူးစက်သွားနိုင်ပါတယ်။ ဘယ်လို လက္ခဏာတွေရှိနိုင်လဲ။ ဆီးကျိတ်ကင်ဆာက များသောအားဖြင့်တော့ လက္ခဏာ ပြခဲပါတယ်။ သက်ကြီးပိုင်းအရွယ် အမျိုးသားတွေမှာ အဖြစ်များတဲ့ ရောဂါတစ်မျိုးပါ။ ဆီးကျိတ်ကင်ဆာက […]
အမျိုးသားတွေမှာ ဖြစ်လေ့ရှိတဲ့ ကင်ဆာ တစ်မျိုးဖြစ်တဲ့ ဆီးကျိတ်ကင်ဆာနဲ့ ပတ်သက်တဲ့ အကြောင်းအရာတွေကို ဒီကဏ္ဍလေးမှာ ဖတ်လို့ ရပါတယ်။",4.0,2.0,2.0,3.0,4.0,"The text provides clear, accurate health information about prostate cancer suitable for general education. It uses natural Burmese phrasing and appropriate medical terminology. It is well-structured but contains some repetitive phrasing and a truncated ending, which limits the cleanliness and reasoning scores."
<urn:uuid:bc0054ab-36da-4906-bc81-5b1e3ed66d39>,"ရခိုင်ပြည်နယ်မှာ ရခိုင်တိုင်းရင်းသားတွေနဲ့ မွတ်စလင်တွေအကြား နှစ်ဘက်တင်းမာနေဆဲ အခြေအနေတွေ လျော့ကျနိုင်ဖို့နဲ့ လူ့အသိုင်းအဝိုင်းနှစ်ခုကြား ပြန်လည်သင့်မြတ်ရေးအတွက် နှစ်ဖက်ခေါင်းဆောင်တွေ ညှိနှိုင်းဆောင်ရွက်ရေးဟာ အဓိကကျနေကြောင်း မြန်မာနိုင်ငံဆိုင်ရာ ဗြိတိန်သံအမတ်ကြီး Mr. Andrew Patrick က ဒီကနေ့ ပြောလိုက်ပါတယ်။
ရခိုင်ပြည်နယ် စစ်တွေလေဆိပ်မှာ ဒီကနေ့ နေ့လည်ပိုင်းက ဒေသခံသတင်းထောက်တွေနဲ့တွေ့ဆုံပြီး သံအမတ်ကြီးက စကားပြန်ကတစ်ဆင့် ပြောကြားလိုက်တာဖြစ်ပါတယ်။
“ပထမ အခြေခံကျတဲ့အချက်ကတော့ ခေါင်းဆောင်မှုပိုင်းဖြစ်ပါတယ်၊ ခေါင်းဆောင်တွေအနေနဲ့ ဒီအဖွဲ့အစည်းနှစ်ခုအကြားမှာ အတူပြန်လည်ယှဉ်တွဲနေထိုင်ဖို့ ဆန္ဒရှိရပါမယ်၊ ဒုတိယအချက်ကတော့ လွတ်လပ်စွာသွားလာခွင့် လွတ်လပ်စွာအလုပ်လုပ်ခွင့်တွေ ရှိရမှာဖြစ်ပါတယ်၊ ဒီလိုနှစ်ဘက်အဖွဲ့အစည်းတွေ အတူတကွ ပူးပေါင်းဆောင်ရွက်မှသာ ယုံကြည်မှုကို ပြန်လည်တည်ဆောက်နိုင်မှာ ဖြစ်ပါတယ်”
ဒါ့အပြင် ရခိုင်ပြည်နယ်ဟာ တခြားတိုင်းနဲ့ ပြည်နယ်တွေနဲ့ နှိုင်းစာရင် ဆင်းရဲနိမ့်ကျတဲ့ အနေအထားမှာရှိနေဆဲဖြစ်ပြီး ဒေသတွင်းဖွံ့ဖြိုးတိုးတက်လာဖို့ ပဋိပက္ခတွေ ဖြေရှင်းနိုင်တဲ့အပေါ်မှာ မူတည်နေတယ်လို့လည်း သံအမတ်ကြီးက ပြောပါတယ်။
ဒီခရီးစဉ်မှာ မြန်မာနိုင်ငံဆိုင်ရာ ဗြိတိန်သံအမတ်ကြီး Mr.Andrew Patrick အပြင် ကနေဒါသံအမတ်ကြီး Mr. Mark McDowell လည်းပါဝင်ခဲ့ပြီး ပြည်နယ်အစိုးရနဲ့ ဆွေးနွေးတာအပြင် စစ်တွေ၊ မြေပုံမြို့နယ်တွေက ဒုက္ခသည်စခန်းတွေကို လည်ပတ်ခဲ့သလို နိုင်ငံရေးပါတီ ခေါင်းဆောင်တွေနဲ့ လူမှုအဖွဲ့အစည်းက တာဝန်ရှိသူအတော်များများနဲ့ ဆွေးနွေးခဲ့ကြပါတယ်။
ကနေဒါသံအမတ်ကြီး Mr. Mark McDowell က ရခိုင်တိုင်းရင်းသားတွေနဲ့ မွတ်စလင်တွေအကြား နှစ်ဖက်ဆက်ဆံရေး အေးစက်နေတာကိုတွေ့ရှိရသလို နှစ်ဘက်အသိုင်းအဝိုင်းကြား ကောလဟာလတွေ ပြောဆိုနေတာတွေလည်း တွေ့ရှိရကြောင်း သတင်းထောက်တွေကို ပြောခဲ့ပါတယ်။
RFA Burmese",3.0,2.0,2.0,5.0,5.0,"The text is a well-structured news report about a sensitive socio-political issue in Rakhine State. It provides clear, objective reporting on diplomatic statements and local conditions. It is written in natural, professional Burmese, reflecting authentic local context and terminology, making it highly suitable for informational purposes."
<urn:uuid:a2774bfd-64be-4fb5-bd5d-aaf6a297eef5>,"Software တစ်ခုကို Testing လုပ်တာဟာ သိပ်အရေးပါတဲ့ အဆင့် တစ်ခုပါ။ ဒါပေမဲ့ လူတွေအများစု က လစ်လျူရှုတတ်ကြပါတယ်။ လုပ်ငန်း တစ်ချို့ဆိုရင်လဲ အဲဒီ့ဘက်မှာ ပိုက်ဆံသုံးဖို့ တွန့်တို တတ်ကြတယ်။ တချို့ Software developers တွေကလဲ testing လုပ်ရတာကို မကြိုက်ကြပါဘူး။ တစ်ချို့ဆိုရင် သူတို့ရဲ့ အချိန်ကို testing လုပ်နေမဲ့ အစား code ရေးနေသင့်တယ်လို့ ဆိုပါတယ်။ကျနော့် အမြင်ကတော့ testing လုပ်တတ်ဖို့ နဲ့ testing အတွက် ပြင်ဆင်မှုတွေက software development အတွက် အရမ်းကို အရေးကြီးပါတယ်။
Test cases တွေ စရေးပြီဆိုရင် ရှိသမျှ features တွေကို တစ်ခုပြီး တစ်ခု စိစစ်ပြီး ရေးသွားသင့်ပါတယ်။ ပထမ feature မှာ ဖြစ်နိုင်သမျှ interaction တွေကို ချရေးရပါတယ်။ ပြီးရင် အဲဒီ့ တစ်ခုချင်းစီမှာ ဘယ်လို အဖြေထွက်သင့်တယ်ဆိုတာ ရှာရမှာပါ။ Test case တစ်ခုဟာ ပုံမှန် အားဖြင့် အောက်ပါ လက္ခဏာတွေ ရှိတတ်ပါတယ်။
- ဘာကို စစ်မှာလဲ (အပေါင်း)
- ဘာလုပ်ရင် (ဂဏန်း ၂လုံး ပေါင်းရင်)
- ဘာဖြစ်ရမယ် (အဖြေက ပေါင်းတဲ့ အတိုင်းဖြစ်ရမယ်), ဘာမဖြစ်ရဘူး (အဖြေမမှားရဘူး)
- ဘယ်လို စစ်မလဲ (၀ ကနေ အကြီးဆုံး လက်ခံနိုင်တဲ့ ဂဏန်း အထိ စစ်ရအယ်။ အနှုတ်ကိန်းတွေကိုလဲ စစ်ရမယ်။)
Test case တစ်ခုဟာ လုပ်ဆောင်မှု တစ်ခုတည်းနဲ့ ထပ်တူမကျပါဘူး။ interaction ရှုပ်ရင် ရှုပ်သလို အသေးစိတ် အဆင့်တွေ ကွဲပြားပြီး အများကြီး စစ်ဖို့ လိုအပ်ပါတယ်။ ဒါကြောင့် လက်နဲ့ စစ်နေတယ် ဆိုရင် အချိန် အများကြီး လိုတတ်ပါတယ်။ တစ်ချို့ test case တွေကို programming နည်းနဲ့ စစ်လိုရအောင် လုပ်ကြပါတယ်။ ဒါကို unit test လုပ်တယ်၊ test script ရေးတယ် စသဖြင့် ခေါ်ကြပါတယ်။ တစ်ချို့ အနေအထားတွေ အတွက် စက်ရုပ်တွေ သုံးတတ်ပါတယ်။ ဥပမာ လူ့လက်နဲ့ နှိပ်မဲ့အစား စက်ရုပ်လက်နဲ့ နှိပ်ခိုင်းတဲ့အခါ အကြိမ်ပေါင်းမြောက်များစွာကို လက်မညောင်းပဲ နှိပ်လို့ ရသွားပါတယ်။
Testing လုပ်ဖို့အတွက် အချိန်နှင့် ပိုက်ဆံကို တွန့်တိုမနေပဲ Testing ကို ဘယ်လို အချိန်တိုတို နဲ့ မြန်မြန်ဆန်ဆန် လုပ်လို့ ရမလဲဆိုတာ ကို စဉ်းစားပြီး software development မှာ ပါဝင်တဲ့သူအားလုံး စိတ်ပါဝင်စားစွာနဲ့ လုပ်ဆောင်သင့်တယ်လို့ ကျနော်ထင်ပါတယ်။ ဒါမှလဲ ပိုမိုကောင်းမွန်တာ့ software တွေ ထွက်ပေါ်လာမှာပါ။",3.0,3.0,3.0,4.0,3.0,"The text provides a clear, introductory explanation of software testing, suitable for beginners. It uses logical steps to explain test cases and automation. The language is natural Burmese, though it contains some minor encoding artifacts (Zawgyi-like font issues). It is professional in tone and provides practical, coherent advice for developers."
<urn:uuid:8dda0862-eeef-42c2-b5fb-bf969ef061eb>,"မြန်မာနိုင်ငံတ၀န်း နွေရာသီ အစပိုင်းဖြစ်တဲ့ မတ်လထဲမှာ အချိန်အခါမဟုတ် မိုးရွာသွန်းမှုတွေနဲ့ လေအေး တိုက်ခတ်မှုတွေကြောင့် စိုက်ခင်းတွေနဲ့ ဆားကွင်းတွေ ပျက်စီးမှုတွေ ရှိခဲ့ပါတယ်။ အဲဒီလို စိုက်ခင်းတွေ ပျက်စီးမှုကြောင့် သီးနှံအထွက်နှုန်းလည်း ကျဆင်းလိမ့်မယ်လို့ တောင်သူတွေက ခန့်မှန်းကြပါတယ်။ အပြည့်အစုံကို သီးနှံစိုက် တောင်သူတွေနဲ့ ဆက်သွယ်မေးမြန်းထားတဲ့ မသိင်္ဂီထိုက်က တင်ပြပေးထားပါတယ်။
ဒီလ နွေရာသီ အစပိုင်းမှာပဲ နှစ်စဉ် ဖြစ်ရိုးဖြစ်စဉ် မဟုတ်ဘဲ မိုးရက်ဆက် ရွာသွန်းမှုနဲ့ လေအေး တိုက်ခတ်မှုတွေ နိုင်ငံတ၀န်းမှာ ဖြစ်ပွားခဲ့တာကြောင့် နိုင်ငံတ၀န်းက စိုက်ခင်း ပျိုးခင်းတွေနဲ့ ဆားကွင်းတွေ ပျက်စီးခဲ့ရတယ်လို့ ပြောကြပါတယ်။
ဧရာဝတီတိုင်းဘက်မှာ နှစ်တိုင်း နွေဦးကာလမှာ မိုးသဲသဲမဲမဲ ရွာသွန်းမှုတွေ ရှိပေမဲ့ အခုလို နေ့စဉ်ရက်ဆက် ရွာသွန်းမှုမျိုး မဟုတ်ပါဘူး။ အခု မိုးရွာသွန်းမှုက နေ့စဉ်ရက်ဆက် ကာလရှည် ရွာသွန်းတာကြောင့် ရိတ်သိမ်းခါနီး ရင့်မှည့်နေတဲ့ ပဲခင်းတွေကို ရေစိမ်သလို ဖြစ်သွားတဲ့အတွက် ပဲတွေ ပျက်စီးရတာ ဖြစ်တယ်လို့ ဒေသခံတွေက ပြောပါတယ်။
ဧရာဝတီတိုင်းအတွင်းက နေလှန်းဆားကွင်းတွေလည်း ဆားထုတ်ချိန်မှာ မိုးရွာတာကြောင့် ပျက်စီးမှုတွေ ရှိခဲ့တဲ့အတွက် ဆားထုတ်လုပ်မှုမှာလည်း ထိခိုက်မှုတွေ ရှိခဲ့တယ်လို့ ပြောကြပါတယ်။
“ဒီအချိန် ဆားကျုံးရမယ့် အချိန်မှာ ဆားမကျုံးနိုင်ဘူးပေါ့။ မြေပဲစိုက်တဲ့လူတွေဆို အကုန်လုံး ပျက်တာပေါ့။ ရာသီဥတု ဖျက်တာကတော့ ကဏ္ဍပေါင်းစုံ အကုန်လုံး ဖျက်ဆီးနေတာပဲပေါ့။ အခုတလော ဖျက်လိုက်တဲ့ မိုးက။ သိသိသာသာ အပြောင်းအလဲကတော့ မိုးမရွာသင့်တဲ့ အချိန်မှာ ရွာတယ်။ ဒါပေမဲ့ ခါတိုင်းလည်း မရွာဘူးလားဆိုတော့ ရွာတော့ ရွာတယ်။ အခုလိုမျိုး မိုးစွေပြီးတော့ မရွာဘူး။ အင်နဲ့အားနဲ့ ရွာရင်လည်းရွာတယ်။ ရွာပြီးရင်လည်း ပြန်ပျောက်ပြီး နေ ချက်ချင်း ထွက်လာတယ်။ ပြီးတော့ ရွာပြီးတော့လည်း အေးတာ မရှိဘူး။
“အခုဟာက မိုးက ၂ ရက်လောက်ကို စွေပြီးတော့ နေ့ရောညရော ဆက်တိုက်ရွာပြီး လေကလည်း ခါတိုင်းလေနဲ့ မတူဘဲနဲ့ ရေခဲအေးတဲ့ လေမျိုး အေးတာပေါ့။ အခုထိ အဲဒီ အအေးဓာတ်တွေ နည်းနည်းလေး ရှိသေးတယ်။ ဒါပေမဲ့ နဂိုလောက်တော့ မဆိုးပါဘူး။ အဲဒီအေးတဲ့ဟာက ဘယ်သူမှ မခံနိုင်ဘူး၊ တော်တော်အေးတယ်။”
ပဲခူးတိုင်းတွင်းက ဒေသတွေမှာလည်း လေပြင်းနဲ့အတူ မိုးသဲသဲမဲမဲ ရက်ဆက် ရွာသွန်းတဲ့အတွက် ပဲခင်းတွေ ပျက်စီးကြရပါတယ်။ ခြွေလှေ့ဖို့ စုပုံထားတဲ့ စပါးတွေလည်း ပျက်စီးမှုတွေ ရှိခဲ့တယ်လို့ ပဲခူးတိုင်းအတွင်းက တောင်သူတဦးက ပြောပါတယ်။
“မိုးတွေ တအားများနေတယ်လေ။ ပဲလည်းသိမ်းလို့မရ၊ စပါးလည်း သိမ်းလို့မရ၊ အကုန်လုံး ရေတွေမျောကုန်ပြီ။ ဘယ်နှစ်ဧက ပျက်တယ်ဆိုတာ အများအပြားတော့ ကိုယ်လည်း မသိဘူး။ လက်ရှိကတော့ ပဲခူးတိုင်းအရှေ့ က၀မြို့နယ်မှာ တော်တော်များများ ပျက်စီးတယ်။ ကျမကတော့ ၁၀ ဧကလောက် ပျက်စီးသွားတာပေါ့။ ကျန်တဲ့လယ်သမားတွေလည်း တော်တော်များများ ပျက်စီးတယ်။”
မကွေးတိုင်းအတွင်းက ဒေသတွေမှာလည်း မိုးရွာသွန်းမှုတွေ ရှိခဲ့ပေမဲ့ တခြားဒေသတွေထက် စာရင်တော့ စိုက်ခင်း ပျိုးခင်းတွေ ပျက်စီးမှု နည်းခဲ့တယ်လို့ မကွေးတိုင်း အတွင်းက တောင်သူတွေက ပြောပါတယ်။ ဒါပေမဲ့ ပဲခင်းတွေ မရိတ်သိမ်းခင် မိုးရေထိခဲ့တာကြောင့် ပျက်စီးမှု အနည်းငယ်တော့ ရှိခဲ့တယ်လို့ မကွေးတိုင်းအတွင်းက တောင်သူတဦးက ပြောပါတယ်။
“ပဲကတော့ မိုးနည်းနည်းထိသွားတာပေါ့။ ဒါပေမဲ့ သိပ်အပျက်အစီးတော့ မရှိပါဘူး။ ရာသီဥတုကတော့ တနှစ်မှ ဒီလိုမိုးမျိုး မကြုံဖူးဘူး။ မိုးက ၇ ရက်လောက် ရွာသွားပြီ။ ဒီနေ့မနက်အထိ ရွာတယ်။”
တခြား ပြည်နယ်နဲ့ တိုင်းဒေသကြီးတွေမှာလည်း မိုးရက်ဆက် ရွာသွန်းမှုနဲ့ လေပြင်းတိုက်မှုတွေကြောင့် နေအိမ်တွေ ပျက်စီးတာအပြင် စိုက်ခင်း ပျိုးခင်းတွေလည်း ပျက်စီးခဲ့ရတာ ဖြစ်ပါတယ်။ ဒီကြားထဲ ပဲရိတ်သိမ်း ရာသီမှာ အချိန်အခါမဟုတ် မိုးရက်ဆက် ရွာသွန်းမှုကြောင့် ပဲခင်းတွေ ပျက်စီးတာအပြင် ရိတ်သိမ်းပြီးသား ပဲတချို့လည်း မိုးမိ ပျက်စီးရတဲ့အတွက် ဒီနှစ် ပဲအထွက် လျော့ကျနိုင်တယ်လို့ တောင်သူတွေက ခန့်မှန်းကြပါတယ်။
မြန်မာနိုင်ငံတွင်းက တောင်သူတွေမှာ သီးနှံ ရိတ်သိမ်းချိန်အတွင်း ရာသီဥတုဒဏ်ကြောင့် သီးနှံ ပျက်စီးမှုတွေ နှစ်စဉ်လိုလို ကြုံနေရပေမဲ့ ခေတ်မီ သီးနှံ ခြွေလှေ့ အခြောက်ခံတဲ့ နည်းစနစ်တွေ အားနည်းတဲ့အတွက် ပျက်စီး လေလွင့်မှုတွေနဲ့ ကြုံနေကြရတာလည်း ဖြစ်ပါတယ်။",3.0,2.0,2.0,5.0,5.0,"The text is a well-structured news report about agricultural challenges in Myanmar due to unseasonal weather. It provides clear, factual information suitable for educational awareness. It includes direct quotes from farmers, demonstrating authentic local perspectives and language usage. The content is clean, coherent, and free of irrelevant noise."
<urn:uuid:853caf78-e80e-419c-9eaa-a6aec6fbcd52>,"“အခင်းဖြစ်တဲ့နေ့က သွေးသံရဲရဲနဲ့ အသက်မသေရုံတမယ် ပြင်းထန်တဲ့ ဒဏ်ရာတွေကို မတွေ့မမြင်ပဲ ဆေးကုပြီး ချုပ်ရိုးတွေဖြေ အနာကျက်ချိန် နှစ်ပတ်လောက်ကြာမှ မှုခင်းဆေးစာ မှတ်ချက်ပေးတယ်”
လွန်ခဲ့သော နှစ်ပတ်ခန့်က ဖြစ်ပွားခဲ့သော Tomorrowဂျာနယ်မှ ကိုကျော်စွာမြင့်တို့ တစ်မိသားစုလုံးအား ကတ်ကြေးဖြင့် ထိုးခဲ့သည့် အမှုတွင် ကိုကျော်စွာမြင့်နှင့် ဇနီးတို့မှာ ကတ်ကြေး ဒဏ်ရာများအပြင် မျက်ခွံအကြောသေခြင်းနှင့် နှုတ်ခမ်းတစ်ဖက်ရွဲ့သွားသည့် ပြင်းထန်ဒဏ်ရာများ ရရှိခဲ့သော်လည်း ယင်းအမှုအား ကိုင်တွယ်သော မှုခင်းဆရာဝန်မှ သာမာန်ဒဏ်ရာဟု မှတ်ချက်ပြု ပေးခဲ့ခြင်းအား များစွာအံ့အားသင့်ရကြောင်း ကာယကံရှင် မိသားစုထံမှ သိရသည်။
အဆိုပါ ဖြစ်စဉ်မှာ ဇန်န၀ါရီ ၁၀ရက်တွင် ဖြစ်ပွားခဲ့ခြင်းဖြစ်ကာ ယင်းအမှုနှင့် ပက်သက်၍ နှစ်ပတ်အကြာတွင် မှုခင်းဆရာဝန်မှ စစ်ဆေး၍ မှတ်ချက်ပြုပေးခဲ့ခြင်း ဖြစ်ကြောင်း သိရသည်။
“အစ်မတို့လင်မယား အခင်းဖြစ်တဲ့နေ့က သွေးသံရဲရဲနဲ့ အသက်မသေရုံတမယ် ပြင်းထန်တဲ့ ဒဏ်ရာတွေကို မတွေ့မမြင်ပဲ ဆေးကုပြီး ချုပ်ရိုးတွေဖြေ အနာကျက် အချိန်နှစ်ပတ်လောက်ကြာမှ မှုခင်းဆေးစာ မှတ်ချက်ပေးတယ်ဆိုတော့ အဲဒီနှစ်ပတ် အတွင်းမှာ အနာတွေက ကျက်နေပြီ သက်သာနေပြီလေ။ အဲဒီလို အချိန်တိုအတွင်း သက်သာလာအောင်လည်း အစ်မတို့ အနေနဲ့ အကောင်းဆုံး ဆရာဝန်ကြီးတွေ အကောင်းဆုံး ဆေးဝါးတွေနဲ့ ကုသတာပေါ့။ သူတို့တွေရဲ့ ဆေးစာမှတ်ချက် ကောင်းကောင်းရဖို့ ဒဏ်ရာတွေကို မကုပဲ ပုပ်သိုးအောင် ထားကြရမှာလား။ မိန်းကလေး တစ်ယောက်အတွက် မျက်နှာပေါ်မှာ ချုပ်လိုက်ရတဲ့ ဒဏ်ရာ အမာရွတ်တွေ၊ မျက်ခွံပေါ်က ဒဏ်ရာ အမာရွတ်တွေ၊ ပါးပြင်ပေါ်နဲ့ နဖူးက ချုပ်ထားရတဲ့ အမာရွတ်တွေ ရှိနေတာတောင် မှုခင်းဆရာဝန်ရဲ့ ဆေးစာမှတ်ချက်က သာမန်ဒဏ်ရာဆိုတော့ နစ်နာသူ အနေနဲ့ ဘယ်လိုလုပ် ခံစားနိုင်မှာလဲ၊ ပြီးတော့ တရားခံဆိုတာကလည်း အခုချိန်ထိ ဖမ်းမမိသေးဘူးလေ။ တရားခံ မမိမချင်း အစ်မတို့က ဒဏ်ရာတွေ ဒီအတိုင်းထားပြီးတော့ မကုပဲ စောင့်နေရမယ့် ခေတ်စနစ်လား။ ဒီဖြစ်လိုဖြစ်ခဲ့တာကို သာမန်အဆင့်လောက် မှတ်ချက်ပေးတဲ့အပေါ် သဘောမတူနိုင်ပါဘူး” ဟု ကိုကျော်စွာမြင့်၏ ဇနီးဖြစ်သူ မသော်တာက ပြောကြားခဲ့သည်။
အဆိုပါ အခင်းဖြစ်စဉ်ကြောင့် ကိုကျော်စွာမြင့်၏ ဇနီးမှာ မျက်နှာနှင့် ဦးခေါင်းတစ်ဝိုက်တွင် အချက်၂၀ခန့် ချုပ်ခဲ့ရကြောင်းနှင့် ဒဏ်ရာများမှာ ချုပ်ရိုးဖြေပြီး ဖြစ်သော်လည်း ဘယ်ဖက် မျက်စိတစ်ဖက် မျက်ခွံအကြောသေ မှေးသွားပြီး၊ နှုတ်ခမ်းတဖက်ရွဲ့သွားကြောင်း ကုသပေးသည့် ဆရာဝန်ဆေးစာ မှတ်ချက်ပေးခဲ့ကြောင်းလည်း သိရသည်။
“အခုလိုဖြစ်ရပ်တွေမှာ မှုခင်းဆရာဝန်က အခင်းဖြစ်ချိန် သွေးသံရဲရဲ အခြေအနေကို မတွေ့ရှိပဲ သက်ဆိုင်ရာ ဆေးရုံက ကုသမှုပြီးစီးမှသာ မှတ်ချက်ပေးတဲ့ နည်းစနစ်ကိုက စပြီးမှားနေတယ် ထင်တာပဲ အခင်းဖြစ်ဖြစ်ချင်း ဆေးရုံရောက်လာတဲ့ ထိခိုက်နစ်နာသူရဲ့ အခြေအနေကို ဦးစွာသုံးသပ်ပြီး မှုခင်းဆိုင်ရာ ထိခိုက်မှု အခြေအနေကို မှတ်ချက်ပေးမှသာ အခြေအနေမှန် ဖြစ်ရပ်မှန်အပေါ် ထိရောက်တဲ့ ဆေးပညာဆိုင်ရာ သုံးသပ်ချက် မှတ်ချက် ဖြစ်ပါလိမ့်မယ်။ ဒါနဲ့ပက်သက်ပြီး ပြောဆိုဖို့အတွက် တရားဥပဒေက နိုင်ငံသား ပြည်သူတွေကို ဘယ်လို အခွင့်အရေးတွေ ပေးထားသလဲ၊ ဆရာဝန်မို့ ပညာရှင်ရှုထောင့်က ပြောတယ်ဆိုရင် တခြားအထူးကု ဆရာဝန်ကြီး အနေနဲ့ ပညာရှင်ရှုထောင့်က ပြန်လှန်ထောက်ပြမယ် ဆိုရင်လည်း မှုခင်းဆိုင်ရာ ဆရာဝန်ရဲ့ မှတ်ချက်ကသာ ဥပဒေအရ အကျုံးဝင်တယ်ဆိုတော့ နစ်နာသူ နိုင်ငံသား ပြည်သူတစ်ယောက် အနေနဲ့ ဘာအခွင့်အရေးမှ ပြောဆိုထောက်ပြခွင့် နစ်နာမှုတောင်းဆိုခွင့် မရှိတော့ဘူးလား မေးခွန်းထုတ်စရာတွေ ဖြစ်လာရပါတယ်”ဟု ကိုကျော်စွာမြင့်က ထောက်ပြပြောကြားခဲ့သည်။
အဆိုပါ အခင်းဖြစ်ရပ်တွင် ပါဝင်သော ကိုကျော်စွာမြင့်၏ အစ်မကြီးမှာ တိုက်ခိုက်ခံရမှုကြောင့် ရှေ့သွားကျိုးသွားသော်လည်း ကျိုးသွားသည့်သွား မပြနိုင်၍ ဆေးစာထဲ ထည့်မရေးနိုင်ဟု မှုခင်းဆရာဝန်မှ မှတ်ချက်ပေးခဲ့ကြောင်းလည်း ကာယကံရှင် မိသားစုထံမှ သိရသည်။
“ဒဏ်ရာနဲ့ သေမလောက်ဖြစ်နေတဲ့ နစ်နာသူဘက်ကနေ ကျိုးသွားတဲ့ ကိုယ့်သွားကိုယ် ပြန်ရှာပြီး တင်ပြမှသာ အမှုမြောက်ပါမယ်ဆိုတဲ့ သဘောမျိုးလား၊ နားမလည်နိုင်အောင် ဖြစ်ရပါတယ်။ နောက်ပြီး အခင်းဖြစ်တဲ့နေ့က ဖြစ်ရပ်ကြောင့် အစ်မတို့ အာရုံကြောတွေ ထိခိုက်ပြီး နှုတ်ခမ်းရွဲ့သွားခဲ့တယ် ဒါကိုလည်း မဆိုင်ပါဘူး ဆိုပြန်တော့ အစ်မတို့က အရင်ကတည်းက နှုတ်ခမ်းရွဲ့စောင်းနေသလိုမျိုး ဖြစ်မနေဘူးလား။ ပြင်ပက အထူးကု ဆရာဝန်ကြီးတွေနဲ့ ပြသတဲ့ မှတ်တမ်းတွေ ကျပြန်တော့လည်း တရားရုံးမှာ တရားမ၀င်ပြန်ဘူး ဆိုပြန်တော့ အစ်မတို့အနေနဲ့ ခေတ်ကို အပြစ်တင်ရမလား စနစ်ကို အပြစ်တင်ရမလား လုပ်နေတဲ့လူတွေကိုပဲ အပြစ်တင်ရမလား မသိတော့ပါဘူး”ဟု ကိုကျော်စွာမြင့်၏ ဇနီး မသော်တာက ထပ်မံပြောခဲ့သည်။
THS",2.0,3.0,2.0,4.0,5.0,"The text is a journalistic report on a legal/medical dispute in Myanmar. It provides insight into the local forensic medical system and legal frustrations. It is well-written, culturally authentic, and coherent, though it lacks the structured pedagogical value or high-level technical complexity required for higher scores."
<urn:uuid:4d2f9176-03c3-47dd-a4f9-4cee09599394>,"အခွန်ပေးသွင်းခြင်း
၄။ အခွန်ပေးသွင်းခြင်း ( Payment )
- လစာဝင်ငွေရရှိသူအတွက် လစဉ်လစာဝင်ငွေခွန်ကို အလုပ်ရှင်/ ရုံးဌာနအကြီးအကဲ/ ကုမ္ပဏီ မန်နေဂျာတို့က လစာမှဖြတ်တောက်၍ လစဉ်ပေးသွင်းရပါမည်။
- မြေငှားရမ်းခြင်း၊ အဆောက်အအုံငှားရမ်းခြင်း၊ အခန်းငှားရမ်းခြင်းမှဝင်ငွေရရှိသူသည် တစ်နှစ်ကျပ်သိန်း(၅၀၀)ကျော်လျှင် ကုန်သွယ် လုပ်ငန်းခွန် (၅%) ကို ပစ္စည်းငှားယူသူထံမှ တစ်ပါတည်းရယူပြီး ကြိုတင်ကုန်သွယ် လုပ်ငန်းခွန် ငွေသွင်းချလန်ပုံစံ ပတခ(ကသခ)-၇ဖြင့် ပေးသွင်းရမည်။ ဝင်ငွေခွန်ကိုမူ သက်ဆိုင်ရာအခွန်ရုံးက အခွန်တောင်းခံလွှာပုံစံ ပတခ(ဝင)-၈ ၊ ဝင်ငွေခွန် ငွေသွင်းချလန် ပုံစံ ပတခ(ဝင)-၁၉ တို့ကို ပေးပို့လာပြီး(၂၁)ရက်အတွင်း ပေးသွင်းရမည်။ငွေသွင်းချလန်ကို သက်ဆိုင်ရာအခွန်ရုံးတွင် ရယူနိုင်ပါသည်။
- အခြေပစ္စည်းမှမြတ်စွန်းငွေအပေါ် ကျသင့်သည့် ဝင်ငွေခွန်ကို သက်ဆိုင်ရာအခွန်ရုံးက ငွေသွင်းချလန်ပုံစံ ပတခ(ဝင)-၁၉၊ အခွန်တောင်းခံလွှာပုံစံ ပတခ(ဝင)-၈ ဖြင့်ပေးပို့လာပြီး (၂၁) ရက် အတွင်း ပေးသွင်းရမည်။
- အခြေပစ္စည်းဝယ်ယူတည်ဆောက်သူအနေဖြင့် သက်ဆိုင်ရာကာလတန်ဖိုး စိစစ်သတ်မှတ်ရေး အဖွဲ့က သတ်မှတ်သည့်တန်ဖိုးအပေါ် ကျသင့်တံဆိပ်ခေါင်းခွန် ၄ ရာခိုင်နှုန်းပေးသွင်း၍ သက်ဆိုင်ရာအခွန်ရုံးတွင် တံဆိပ်ခေါင်း ထုတ်ယူရမည်။ (ကာလတန်ဖိုး စိစစ်သတ်မှတ်ရေး အဖွဲ့ကသတ်မှတ်မည့် စံနှုန်းများအား Norm ခေါင်းစဉ် link တွင် ဝင်ရောက် ကြည့်ရှုပါ ရန်) ဝင်ငွေခွန်ကိုမူ သက်ဆိုင်ရာ အခွန်ရုံးက ပုံစံ ပတခ(ဝင)-၈၊ ဝင်ငွေခွန်ငွေသွင်းချလန် ပုံစံ ပတခ(ဝင)-၁၉ ပေးပို့လာပြီးနောက် (၂၁) ရက်အတွင်း ပေးသွင်းရမည်။",3.0,2.0,3.0,4.0,4.0,"The text provides clear, accurate, and structured information regarding Burmese tax regulations. It is highly relevant for civic education. It uses specific local tax forms and terminology, reflecting authentic administrative procedures in Myanmar. While it lacks complex reasoning, it is a professional and clean informational document."
<urn:uuid:c2c37a5c-3c40-48ea-9169-374b3999354d>,"ကိုရိုနာဗိုင်းရပ်စ်ကူးစက်မှုကြောင့် စီးပွားရေးပြိုလဲမှုများနဲ့ ရင်ဆိုင်နေရပေမယ့် အာရှပစိတ်ဖိတ်ဒေသမှ ကုမ္ပဏီများသည် ဘဏ္ဍာရေးနှစ်ရဲ့ ဒုတိယပတ်ကာလအတွင်း၌ အမေရိကန်ဒေါ်လာ (၆၉.၃) ဘီလျံကို အမြန်ဆုံး ပြန်လည်ဆပ်ရတော့မည်ဖြစ်ပါတယ်။ အဆိုပါပမာဏသည် ပြီးခဲ့သည့်နှစ်က ပေးဆပ်ခဲ့ရသည့် ဒေါ်လာ (၇၁.၄) ဘီလျံထက် အနည်းငယ်သာလျော့နည်းသည့်ပမာဏဖြစ်ပြီး ဂျပန်နဲ့တရုတ်အပါအဝင် အာရှဒေသတွင်း ပေးဆပ်ရမည့် ဒုတိယမြောက်အများဆုံးကြွေးမြီပမာဏလည်းဖြစ်ပါတယ်။
အချက်အလက်များရဲ့ဖော်ပြချက်အရ နာမည်ကျော် Soft Bank Group သည် လာမယ့်ဧပြီလ (၁၈) ရက်နေ့၌ ဒေါ်လာ (၂.၄၈) ဘီလျံတန်ဖိုးရှိ သဘောတူညီမှု စာချုပ်တစ်ရပ်ကို ချုပ်ဆိုရန် ပြင်ဆင်ထားပြီး အဆိုပါစာချုပ်ဖြင့် ဒေါ်လာ (၄၁) ဘီလျံတန်ကြေးရှိ ငွေချေးစာချုပ်များကို ပြန်လည်ဝယ်ယူကာ ကြွေးမြီများပြန်ဆပ်ရန်ပြင်ဆင်ထားကြောင်း သိရှိရပါတယ်။ အာရှရဲ့ကြွေးမြီဈေးကွက်သည် ငွေကြေးပိုင်းဆိုင်ရာအရ ကောင်းမွန်စွာလည်ပတ်နေခြင်းကြောင့် အမြန်ဆုံးပြန်လည်ပေးဆပ်နိုင်မည်ဖြစ်ပြီး နာမည်ကျော်ကော်ပိုရေးရှင်းများအနေဖြင့် အဆိုပါကြွေးမြီကို ပြန်လည်ပေးဆပ်နိုင်ပေမယ့် အခြားသောအသေးစားလုပ်ငန်းများမှာမူ ပြဿနာများနဲ့ ရင်ဆိုင်ရဖွယ်ရှိကြောင်း ဘဏ်လုပ်ငန်းဆိုင်ရာကျွမ်းကျင်သူများကဆိုပါတယ်။
JPMorgan ရဲ့ အာရှကြွေးမြီဈေးကွက်ဆိုင်ရာ အကြီးအကဲဖြစ်သူ Amy Tan ကလည်း “ကုမ္ပဏီတွေက သူတို့ရဲ့ငွေကြေးစီမံခန့်ခွဲမှုတွေအတွက် ဘဏ်ချေးငွေတွေ၊ ပြည်တွင်းငွေကြေးဈေးကွက်တွေအပါအအဝင် မတူညီတဲ့ဘဏ္ဍာရေးစနစ်တွေကို စောင့်ကြည့်နေပါတယ်။” ဟု ပြောကြားခဲ့ပါတယ်။
ပြီးခဲ့သည့်နှစ်ပတ်က အမေရိကန်ချေးငွေဈေးကွက်အတွင်း စံချိန်တင်ဒေါ်လာ ဘီလျံ (၂၂၀) အထိရှိခဲ့ပေမယ့် အာရှ၌ ဒေါ်လာ (၂.၅၇) ဘီိလျံသာရှိခဲ့ကြောင်း Refinitiv ရဲ့အချက်အလက်များက ဖော်ပြခဲ့ပါတယ်။ Nomura ရဲ့ အာရှဈေးကွက်အကြီးအကဲဖြစ်သူ Alister Moss က လည်း အမေရိကန်နဲ့ ဥရောပရှိဗဟိုဘဏ်များက ဈေးကွက်အတွင်း ယုံကြည်မှုပိုမိုရရှိစေရန် ချေးငွေများပိုမိုချပေးထားပေမယ့် အာရှနိုင်ငံများ၌ ယခုကဲ့သို့မရှိခြင်းကြောင့် အာရှဈေးကွက်ကနှေးကွေးနေရဆဲဖြစ်ကြောင်း ထုတ်ဖော်ပြောကြားခဲ့ပါတယ်။
<Zawgyi Version>
ကိုရိုနာဗိုငျးရပျဈကူးစကျမှုကွောငျ့ စီးပှားရေးပွိုလဲမှုမြားနဲ့ ရငျဆိုငျနရေပမေယျ့ အာရှပစိတျဖိတျဒသေမှ ကုမ်ပဏီမြားသညျ ဘဏ်ဍာရေးနှဈရဲ့ ဒုတိယပတျကာလအတှငျး၌ အမရေိကနျဒျေါလာ (၆၉.၃) ဘီလြံကို အမွနျဆုံး ပွနျလညျဆပျရတော့မညျဖွဈပါတယျ။ အဆိုပါပမာဏသညျ ပွီးခဲ့သညျ့နှဈက ပေးဆပျခဲ့ရသညျ့ ဒျေါလာ (၇၁.၄) ဘီလြံထကျ အနညျးငယျသာလြော့နညျးသညျ့ပမာဏဖွဈပွီး ဂပြနျနဲ့တရုတျအပါအဝငျ အာရှဒသေတှငျး ပေးဆပျရမညျ့ ဒုတိယမွောကျအမြားဆုံးကွှေးမွီပမာဏလညျးဖွဈပါတယျ။
အခကျြအလကျမြားရဲ့ဖျောပွခကျြအရ နာမညျကြျော Soft Bank Group သညျ လာမယျ့ဧပွီလ (၁၈) ရကျနေ့၌ ဒျေါလာ (၂.၄၈) ဘီလြံတနျဖိုးရှိ သဘောတူညီမှု စာခြုပျတဈရပျကို ခြုပျဆိုရနျ ပွငျဆငျထားပွီး အဆိုပါစာခြုပျဖွငျ့ ဒျေါလာ (၄၁) ဘီလြံတနျကွေးရှိ ငှခြေေးစာခြုပျမြားကို ပွနျလညျဝယျယူကာ ကွှေးမွီမြားပွနျဆပျရနျပွငျဆငျထားကွောငျး သိရှိရပါတယျ။ အာရှရဲ့ကွှေးမွီစြေးကှကျသညျ ငှကွေေးပိုငျးဆိုငျရာအရ ကောငျးမှနျစှာလညျပတျနခွေငျးကွောငျ့ အမွနျဆုံးပွနျလညျပေးဆပျနိုငျမညျဖွဈပွီး နာမညျကြျောကျောပိုရေးရှငျးမြားအနဖွေငျ့ အဆိုပါကွှေးမွီကို ပွနျလညျပေးဆပျနိုငျပမေယျ့ အခွားသောအသေးစားလုပျငနျးမြားမှာမူ ပွဿနာမြားနဲ့ ရငျဆိုငျရဖှယျရှိကွောငျး ဘဏျလုပျငနျးဆိုငျရာကြှမျးကငျြသူမြားကဆိုပါတယျ။
JPMorgan ရဲ့ အာရှကွှေးမွီစြေးကှကျဆိုငျရာ အကွီးအကဲဖွဈသူ Amy Tan ကလညျး “ကုမ်ပဏီတှကေ သူတို့ရဲ့ငှကွေေးစီမံခနျ့ခှဲမှုတှအေတှကျ ဘဏျခြေးငှတှေေ၊ ပွညျတှငျးငှကွေေးစြေးကှကျတှအေပါအအဝငျ မတူညီတဲ့ဘဏ်ဍာရေးစနဈတှကေို စောငျ့ကွညျ့နပေါတယျ။” ဟု ပွောကွားခဲ့ပါတယျ။
ပွီးခဲ့သညျ့နှဈပတျက အမရေိကနျခြေးငှစြေေးကှကျအတှငျး စံခြိနျတငျဒျေါလာ ဘီလြံ (၂၂၀) အထိရှိခဲ့ပမေယျ့ အာရှ၌ ဒျေါလာ (၂.၅၇) ဘီိလြံသာရှိခဲ့ကွောငျး Refinitiv ရဲ့အခကျြအလကျမြားက ဖျောပွခဲ့ပါတယျ။ Nomura ရဲ့ အာရှစြေးကှကျအကွီးအကဲဖွဈသူ Alister Moss က လညျး အမရေိကနျနဲ့ ဥရောပရှိဗဟိုဘဏျမြားက စြေးကှကျအတှငျး ယုံကွညျမှုပိုမိုရရှိစရေနျ ခြေးငှမြေားပိုမိုခပြေးထားပမေယျ့ အာရှနိုငျငံမြား၌ ယခုကဲ့သို့မရှိခွငျးကွောငျ့ အာရှစြေးကှကျကနှေးကှေးနရေဆဲဖွဈကွောငျး ထုတျဖျောပွောကွားခဲ့ပါတယျ။
<Unicode Version>
Source ~ Businesstimes
#HM(Soshwe)
#soshwebankingandfinance
#soshweforyourdailylife
#likeandshare",3.0,3.0,3.0,3.0,3.0,"The text provides a coherent, informative overview of Asian corporate debt markets during the pandemic. It uses professional terminology and logical analysis of financial trends. It is clean, though it includes some social media boilerplate at the end. The language is natural Burmese, reflecting standard financial reporting styles."
<urn:uuid:ab0ef797-3c21-43ef-8490-478476c879b0>,"ဖြိုးကိုကိုတင့်ဆန်း အမှု သက်သေ မလာ၍ ရုံးချိန်း ထပ်မံ ပျက်ကွက်
နေပြည်တော် လေဆိပ်၌ လက်နက်များ ဖမ်းဆီးရမိသဖြင့် အမှု ရင်ဆိုင်နေရသည့် ဟိုတယ် ACE ပိုင်ရှင် ဖြိုးကိုကိုတင့် ဆန်း အမှုတွင် သက်သေများ လာရောက်နိုင်ခြင်း မရှိသဖြင့် ယနေ့ ရုံးချိန်း ပျက်ကြောင်း သတင်း ရရှိသည်။
၂၀၁၈ ခုနှစ် အောက်တိုဘာလ အတွင်းကလည်း ခရိုင် တရားသူကြီး မအားလပ်ခြင်းနှင့် ရဲတပ်ဖွဲ့ဝင် သက်သေများ မအား သဖြင့် ရုံးချိန်း ပျက်ကွက်မှုများ ရှိခဲ့သည်။
ဖြိုးကိုကိုတင့်ဆန်း၏ ရှေ့နေ တရား လွှတ်တော်ရှေ့နေ ဦးမြင့်အောင်က“အဓိကက ရန်ကုန်က တရားစွဲထားတဲ့ အမှုတွေ မှာ ရယက တွေ၊ ရဲသက်သေတွေက တခြား တာဝန်တွေ ရှိလို့၊ မအားလို့ ရံုံးရှေ့ကို မရောက်နိုင်ဘူး။ ဒါကြောင့် ရုံးချိန်း ပျက် တာပါ”ဟု ပြောသည်။
ဖြိုးကိုကိုတင့်ဆန်း၏ အမှုတွဲများကို တပေါင်းတည်း စစ်ဆေးရန် တရား လွှတ်တော်ချုပ်ရုံးက ဆုံးဖြတ်လိုက်သည့် အတွက် အမှုနှင့် ပတ်သက်၍ စွပ်စွဲခံရသူများကို နေပြည်တော် ဒက္ခိဏ သီရိ ခရိုင်တရားရုံးသို့ လွှဲပြောင်းခဲ့ပြီး အမှုတွဲများကို နေပြည် တော်မှ အမှုတွဲ၊ ရန်ကုန်မှ အမှုတွဲ တလှည့်စီ တနင်္လာနေ့တိုင်း စစ်ဆေးမည်ဟု သတ်မှတ်ခဲ့ခြင်း ဖြစ်သည်။
ထိုသို့ အပတ်စဉ် အမှုများကို အလှည့်ကျ စစ်ဆေးမည်ဟု ရုံးချိန်းရက် သတ်မှတ်ထားသော်လည်း ရုံးထုတ် စစ်ဆေးရန် ပျက်ကွက်မှုများ ရှိနေကြောင်း တွေ့ရှိရသည်။
ရှေ့နေ ဦးမြင့်အောင်က“အမြန်စစ်နိုင်အောင် ကြိုးစားနေတယ်။ အဲဒါကြောင့်မို့လို့လည်း ပုံမှန်ဆိုရင် ဒီပြစ်မှုတွေက ၂ ပတ် ချိန်းတယ်။ ၂ ပတ်ဆိုတော့ ၁၅ ရက်ပေါ့။ ဒီမှာ မချိန်းဘူး တပတ်တခါ ချိန်းတယ်”ဟု ဆိုသည်။
ရုံးချိန်း သက်မှတ်ရက်တွင် သက်သေများ၊ နှစ်ဘက်ရှေ့နေနှင့် တရားသူကြီး အားလုံး ဆုံမှ တရားခွင်အတွင်း စစ်ဆေးမှု ပြုလုပ်ရသဖြင့် ယခုကဲ့သို့ သက်သေ လာရောက်ခြင်း မရှိသဖြင့် ရုံးချိန်း ပျက်ကွက်ခြင်း ဖြစ်သည်။
ဖြိုးကိုကိုတင့်ဆန်းအား မူးယစ်မှု၊ လက်နက်မှု၊ နိုင်ငံတော် အထိမ်းအမှတ် တံဆိပ် တုပ သုံးစွဲမှု၊ ပို့ကုန် သွင်းကုန် ဥပဒေ၊ ဆက်သွယ်ရေး ဥပဒေ၊ ၁၉၂၃ မြန်မာနိုင်ငံ အစိုးရ လျှို့ဝှက်ချက် အက်ဥပဒေ အစရှိသည့် ပုဒ်မ တို့ဖြင့် အမှုပေါင်း ၂၀ ကျော် စွဲဆိုထားခြင်း ဖြစ်သည်။
၂၀၁၇ ခုနှစ်အောက်တိုဘာလ ၁၅ ရက်က နေပြည်တော် လေဆိပ်တွင် ဖြိုးကိုကိုတင့်ဆန်း၊ ရဲမင်းဆွေ၊ ဇော်ဝင်းထိုက် တို့ထံမှ ပစ္စတို ၂ လက်၊ ကျည်ဆန်များ၊ စိတ်ကြွဆေးပြားများ စစ်ဆေးတွေ့ရှိခဲ့ပြီးနောက် ကွင်းဆက် အဖြစ် ACE ရုံးနှင့် နေအိမ်၌ လက်နက်၊ စကားပြောစက်၊ နိုင်ငံတော် လုံခြုံရေး ကဲ့သို့သော အဖွဲ့အစည်း တံဆိပ်စသည့် ပစ္စည်းများကို တွေ့ရှိခဲ့ သဖြင့် အမှုဖွင့်လှစ်ကာ ဖမ်းဆီးခဲ့ခြင်း ဖြစ်သည်။
ရန်ကုန်၊ မန္တလေးနှင့် ပဲခူး မြို့ကြီးတို့ရှိ တရားရုံးများတွင် ၂၀၁၇ ခုနှစ်မှ စ၍ Case Management Program (CMP) စီမံ ခန့်ခွဲသည့် စီမံချက်များ ရှိကြောင်း၊ သို့သော် နေပြည်တော်တွင် ယင်းကဲ့သို့ CMP မရှိသေးကြောင်း၊ အဆိုပါ စီမံချက် ရှိခြင်းအားဖြင့် တရားရုံးသို့ အမှုများ ရောက်ရှိလာပါက အမှုများကို အဆင့် ၃ ဆင့်ခွဲ၍ သတ် မှတ်ထားကြောင်း၊ နိုင်ငံ တ ကာတွင်လည်း ထိုကဲ့သို့ စနစ်ရှိကြောင်း ပျဉ်းမနားမြို့မှ တရားလွှတ်တော် ရှေ့နေ ဦးခင်မောင်ဇော်က ပြောသည်။
ရှေ့နေ ဦးခင်မောင်ဇော်က“CMP ရှိတဲ့ ရုံးတွေမှာ အမှုကို စပြီး စစ်ကတည်းက ညှိတယ်။ ဒီအမှုက ဘယ်လိုအမှု ဖြစ်တယ်။ အဆင့် ၃ မျိုး ခွဲထားတယ်။ ပထမ တမျိုးဆို ဘယ်နှလနဲ့ ပြတ်၊ ဒုတိယ တမျိုးဆိုရင် ဘယ်နှလ နဲ့ ပြတ်၊ တတိယ တမျိုး ဆိုရင် တနှစ်လား အဲဒီလို မျိုးပေါ့။ စီမံချက် တခါတည်း ချတယ်။ ဘယ်သက်သေကို ဘယ်နေ့စစ်၊ သက်သေကို ရအောင် ခေါ်ခဲ့ရတာပေါ့”ဟု ပြောဆိုသည်။
နေပြည်တော်တွင် CMP မရှိခြင်းမှာ တရား လွှတ်တော်ချုပ် အနေဖြင့် နှိုင်းနှိုင်း ယှဉ်ယှဉ် လုပ်နေသည် ထင်မြင်ကြောင်း၊ CMP ရှိပါက အကုန်လုံး အတွက် တင်းကြပ်သွား၍ CMP ရှိသည့် နေရာများတွင် ရှေ့နေများလည်း ညည်းကြောင်း၊ ရုံးချိန်း ကို ကြိုချိန်းပြီး သတ်မှတ်ရခြင်းဖြစ်ခြင်းကြောင့် ရုံးချိန်းရက်တွင် မဖြစ်မနေ ရုံးကိုလာရကြောင်း ဦးခင်မောင်ဇော် က ရှင်းပြ သည်။
၂၀၁၈ အောက်တိုဘာလ အတွင်းက ရုံးချိန်းတွင်လည်း ခရိုင် တရားသူကြီး ဦးတင့်လွင် တာဝန်နှင့် အစည်းအဝေး နှစ်ခု တက် နေရသည့် အတွက် ရုံးချိန်း ပျက်ကွက်ခဲ့ပြီး မြန်မာနိုင်ငံ ရဲတပ်ဖွဲ့နေ့ အခမ်းအနားတွင်လည်း သက်သေမှာ ရဲတပ်ဖွဲ့ဝင် ဖြစ်သည့် အတွက် စစ်ဆေးနိုင်ခြင်း မရှိဘဲ ရုံးချိန်း ပျက်ကွက်မှုများ ရှိခဲ့သည်။
နေပြည်တော်နှင့် ရန်ကုန်မြို့တွင် လက်နက်၊ မူးယစ်ဆေးဝါးများစွာဖြင့် ဖမ်းဆီးရမိခဲ့သော ဖြိုးကိုကိုတင့်ဆန်း အမှု အတွက် စုစုပေါင်း တရားလို ပြသက်သေ ၄၀၀ ကျော်မှ လက်ရှိ အချိန်ထိ ၁၈၄ ဦး စစ်ဆေးပြီး ဖြစ်သည်။
နောက်ထပ် ရုံးချိန်းကို ဇန်နဝါရီ ၂၁ ရက်သို့ ပြန်လည် ချိန်းဆိုလိုက်သည်။",2.0,2.0,3.0,5.0,5.0,"The text is a well-written, factual news report about a legal case in Myanmar. It provides clear information on judicial processes and legal challenges, making it useful for general knowledge. It is clean, uses natural Burmese, and reflects local legal and social contexts accurately."
<urn:uuid:55743644-2fc7-49f3-a869-96935e667476>,"ပခုက္ကူမြို့
|ပခုက္ကူမြို့|
|မြန်မာနိုင်ငံရှိ မြို့များ|
|ကိုဩဒိနိတ်:|
|နိုင်ငံအမည်||မြန်မာ|
|တိုင်းဒေသကြီး||မကွေး|
|ခရိုင်||ပခုက္ကူ|
|လတ္တီကျု||(၂၁)ဒီဂရီ၊ (၂၀)မိနစ်|
|လောင်ဂျီကျု||(၉၅)ဒီဂရီ၊ (၄)မိနစ်|
|မြို့နယ်ရုံးစိုက်ရာမြို့||ပခုက္ကူမြို့|
|အချိန်ဇုန်||မြန်မာစံတော်ချိန် (UTC+ ၆ နာရီ ၃၀ မိနစ်)|
ပခုက္ကူမြို့သည် မြန်မာနိုင်ငံ အလယ်ပိုင်း၊ မကွေးတိုင်းဒေသကြီးတွင် တည်ရှိပြီး တိုင်းဒေသကြီး၏ ဒုတိယအကြီးဆုံးမြို့ ဖြစ်သည်။ ဧရာဝတီမြစ် အနောက်ဖက်ကမ်းတွင် တည်ရှိသော မြို့ဖြစ်သည်။ ပခုက္ကူခရိုင်၏ မြို့တော်ဖြစ်ပြီး ဧရာအနောက်မြို့တော် ဟုလည်း ခေါ်တွင်သည်။ မန္တလေးမှ အနောက်တောင်ဘက်၌ တည်ရှိပြီး ၇၅-မိုင်ခန့် ကွာဝေးသည်။
မာတိကာ
သမိုင်းကြောင်း[ပြင်ဆင်ရန်]
ပခုက္ကူမြို့သည် မြန်မာနိုင်ငံ အင်္ဂလိပ်လက်အောက် မကျရောက်မီ တံငါရွာကလေး တစ်ရွာသာ ဖြစ်ခဲ့သည်။ ယခုကဲ့သို့ မြစ်ကမ်းပေါ်၌လည်း မတည်ရှိခဲ့ပေ။ ၁၈၈၅-ခုနှစ်တွင် ပခုက္ကူရွာကလေးနှင့် ဧရာဝတီမြစ်ကြီး အကြားရှိ ကျယ်ပြန့်သော သဲသောင်ကြီး ပျောက်ကွယ်သွားသည်။ မြစ်ကြောင်းသည် ပခုက္ကူရွာ ကလေးအနီး စီးဆင်းသွားပြီး ဆိပ်ကမ်းဖြစ်လာသည်။ ပခုက္ကူရွာကလေးကို အစွဲပြု၍ ပခုက္ကူမြို့ ဖြစ်လာသည်။ [၁]
ထင်ရှားကျော်ကြားသော ဘုရားများ[ပြင်ဆင်ရန်]
ပခုက္ကူမြို့ရှိ သီဟိုဠ်ရှင်ဘုရားကို မြို့ခံများက ဘုရားကြီးဟုလည်း ခေါ်ဆိုပြီး အထူးထင်ရှားသည်။ နှစ်စဉ်နှစ်တိုင်း နယုန်လတွင် ဘုရားပွဲတော် ကျင်းပလေ့ရှိပြီး အနယ်နယ် အရပ်ရပ်မှ ၁၂-ပွဲဈေးသည်များ၊ ဘုရားဖူး ဧည့်သည်များဖြင့် ဘုရားပွဲတော်မှာ အလွန်စည်ကားလှပါသည်။ နာမည်ကျော် ဇာတ်အဖွဲ့များ၊ ဆပ်ကပ်အဖွဲ့များလည်း လာရောက် ဖြေဖျော်ကြပါသည်။
ဗိုလ်ချုပ်လမ်းမပေါ်တွင် တည်ရှိသော ရွှေကူဘုရားသည်လည်း ထင်ရှားလှပါသည်။ ရွှေကူတံကဲတော်ကြီးမှာ ပန်းပုလက်ရာ အလွန် မြောက်သဖြင့် နာမည်ကျော်လှသည်။ ရွှေချောင်းရပ်၊ ဧရာဝတီမြစ်ကမ်းနဖူးပေါ်တွင် တည်ရှိသော ရွှေမုဋ္ဌောစေတီမှာလည်း ထင်ပေါ်ကျော်ကြားသည်။
သံဃာစာသင်တိုက်များ[ပြင်ဆင်ရန်]
မြန်မာပြည်တွင် သံဃာထု ဒုတိယအများဆုံး သီတင်းသုံးရာ ပခုက္ကူတွင် မဟာဝိဇယာရာမ ပါဠိတက္ကသိုလ်(အရှေ့တိုက်)၊ မဟာဝိသုတာရာမ ပါဠိတက္ကသိုလ် (အလယ်တိုက်)၊ သာသနာ့ ဝိပုလာရာမ ပါဠိတက္ကသိုလ် (အနောက်တိုက်) ဟူ၍ စာသင်တိုက်ကြီး ၃ တိုက်ရှိရာ ဗောဓိမဏ္ဍိုင်၊ မြတိုက်၊ မတ္တထောင် စသည့် စာသင်တိုက်ငယ်များ ရှိပြီး အခြား ကျောင်းတိုက်ငယ်များနှင့် ဆိုပါက သံဃာတော်ပေါင်း ၄ဝဝဝ ကျော်ရှိသည်။ [၂]
တက္ကသိုလ်များ၊ အခြေခံပညာသင်ကျောင်းများ[ပြင်ဆင်ရန်]
တက္ကသိုလ်၊ကောလိပ်များ[ပြင်ဆင်ရန်]
အခြေခံပညာကျောင်းများ[ပြင်ဆင်ရန်]
- အခြေခံမူလတန်းကျောင်းများစွာ
- အလယ်တန်းကျောင်း ၃ ကျောင်း
- အထက်တန်းကျောင်း ၄ ကျောင်း
ဒေသထွက်စိုက်ပျိုးရေးထွက်ကုန်များ[ပြင်ဆင်ရန်]
ပခုက္ကူနယ်မှ အဓိက စိုက်ပျိုးရေး ထွက်ကုန်မှာ ဆေးရွက်ကြီး၊ ဗာဂျီးနီးယာ၊ ဝါ၊ မြေပဲ၊ နှမ်း၊ ပြောင်း၊ ပဲအမျိုးမျိုးတို့ဖြစ်သည်။
စက်မှုလက်မှုထုတ်ကုန်များ[ပြင်ဆင်ရန်]
ပခုက္ကူနယ်တွင် ယက္ကန်းလုပ်ငန်း ထွန်းကားပြီး၊ ပခုက္ကူစောင်(ဝါဒစောင်)၊ ချည်ပုဆိုး၊ တံဘက်များ ယက်လုပ်သည်။ အစိုးရပိုင် စီးကရက်စက်ရုံများ၊ စက်ယက္ကန်း စက်ရုံများလည်းရှိသည်။ယခင်က ပခုက္ကူ စက်မှုဇုံမှ ပခုက္ကူဂျစ်များလည်း ထုတ်လုပ်သည်။
ကိုးကား[ပြင်ဆင်ရန်]
- မောင်ကြည်သန့် ၏ မြန်မာ့ မြို့ရွာဒေသ ဝေါဟာရ(၂၀၀)
- http://www.mizzimaburmese.com/component/content/article/196----.html",4.0,2.0,2.0,3.0,4.0,"The document is a structured, informative encyclopedia-style entry about Pakokku city. It provides factual, educational content about geography, history, and local economy. While it contains some wiki-boilerplate (headers, brackets), the text is coherent, accurate, and reflects authentic local knowledge and terminology, making it a high-quality informational resource."
<urn:uuid:5ed4d7da-87f9-4471-a53a-182fda618f0e>,"[Zawgyi]
– – – – – – – – – – – – – – – – – – – – – – – – – – –
မြန်မာတို့ရဲ့ အခါကြီးရက်ကြီးနေ့ထူးနေ့မြတ်မှာ ၇ရက်သားသမီးများကို စတုဒီသာ၊အဟာရအလှူ ကျွေးမွေးလှူဒါန်းကြပါသည်။အတာသင်္ကြန်ရေသဘင်ပွဲတော်ကို မြန်မာနိုင်ငံတွင် အစည်ကားဆုံးနှင့် အကြီးကျယ်ဆုံး၊ အခမ်းနားဆုံး မြန်မာနှစ်သစ်ကူးပွဲတော်တစ်ခု အဖြစ် နှစ်စဉ်ကျင်းပလျှက်ရှိသည်။ မဏ္ဍပ်များတွင် သင်္ကြန်ယိမ်းများဖြင့် လှပျိုဖြူများ စည်းဝါးညီကာ လှပစွာ ကပြဖျော်ဖြေကြသည်။ မုန့်လုံးရေပေါ် များကျွေးခြင်းအလေ့အထမှာ ကျေးလက်မြို့ပြမကျန် ကျင့်သုံးလျှက်ရှိသည်။ မုန့်လုံးရေပေါ်ထဲတွင် အစာသွတ်ထည့်ထားသော ထန်းလျှက်ခဲအစား ငရုတ်သီးတောင့်များ ထည့်သွင်းကာ စားချင့်စဖွယ် မုန့်လုံးရေပေါ်များ ထဲတွင် ရောနှောကျွေးတတ်သည့် ဓလေ့မှာလည်း ချစ်စရာအလေ့အထ တစ်ခုဖြစ်သည်။
ဒါနဆိုသည်မှာ ပေးကမ်းစွန့်ကြဲခြင်း၊ ချီးမြင့်ခြင်း၊ ထောက်ပံ့ခြင်း၊ လှူဒါန်းခြင်းကို ဆိုလိုပါသည်။
ဒါနဖြစ်မြောက်ရန် အကြောင်း ၄ ပါးပြည့်စုံရပါသည်။
(၁) လှူဒါန်းသူ၊
(၂) လှူဖွယ်၊
(၃) လှူဒါန်းလိုသောစေတနာ နှင့်
(၄) အလှူခံ။
ဒါန၏စွမ်းရည် – လှူဒါန်းခိုက်ဖြစ်သော စေတနာ၏စွမ်းရည်။
ဒါန၏အဟန့် အတားများ – မိမိ၏ကိုယ်တွင်းမှ လောဘ၊ ဒေါသ၊ မောဟ၊ ကိုယ့်ထက်သာမနာလိုမှု့၊ နှမြောတွန့်တိုမှု့၊ ဝန်တိုမှု့၊ မာန်ထောင်မှု့။
လူဘဝသံသရာ ဝဲသြဃထဲကထွက်မြောက်နိုင်ဖို့ လိုအပ်တဲ့ စွမ်းအင်တွေဖြစ်တဲ့ ဒါနစွမ်းအင်၊ သီလစွမ်းအင်နှင့် ဘာဝနာစွမ်းအင် ဆိုပြီးရှိရာတွင် သီလသည် အခြေခံအုတ်မြစ်ဖြစ်၍ ဒါနစွမ်းရည်သည် လက်ရှိဘဝတွင်အကျိုးပေးသည့် အပြင် သံသရာထွက်မြောက်ကြောင်း လမ်းကြောင်းတွင်လည်း စောင်းတန်းလှေကား အဖြစ် ကျေးဇှုးပြုပါသည်။ ဒါနစေတနာသည် သမထစိတ်၏ အခြံအရံဖြစ်၍ ပေးလှူပြီးနောက် ရန်သူသော်လည်း မေတ္တာ ကရုဏာ၊ မုဒိတာ၊ ဥပေက္ခာ တို့ပွားများအားထုက်ခဲ့ပါက ဗြဟ္မာ ပြည်သို့လားရောက်၏။ သို့ဖြစ်ပါ၍ ယခုနှစ်မဟာသင်္ကြန်တွင် ရသဒါန (အရသာအလှူ) ဖြစ်သော စတုဒီသာအာဟာရအလှူတော်တွင် မိမိတို့တတ်နိုင်သမျှ နည်းများမဆို ရဲရဲရင့်ရင့် စွန့်ကြဲကြခြင်းဖြစ်သည်။
သင့်အိမ်မှာ အသုံးမလိုတော့တဲ့ကုန်ပစ္စည်းများကို ads.com.mm မှာ https://www.ads.com.mm/posts/new လင့်အတိုင်းအခမဲ့ကြော်ငြာတင်ရောင်းချလို့ရပါတယ်။
– – – – – – – – – – – – – – – – – – – – – – – – – –
[Unicode]
စတုဒီသာအလှူ
– – – – – – – – – – – – – – – – – – – – – – – – – – –
မွနျမာတို့ရဲ့ အခါကွီးရကျကွီးနထေူ့းနမွေ့တျမှာ ၇ရကျသားသမီးမြားကို စတုဒီသာ၊အဟာရအလှူ ကြှေးမှေးလှူဒါနျးကွပါသညျ။အတာသင်ျကွနျရသေဘငျပှဲတျောကို မွနျမာနိုငျငံတှငျ အစညျကားဆုံးနှငျ့ အကွီးကယျြဆုံး၊ အခမျးနားဆုံး မွနျမာနှဈသဈကူးပှဲတျောတဈခု အဖွဈ နှဈစဉျကငျြးပလြှကျရှိသညျ။ မဏ်ဍပျမြားတှငျ သင်ျကွနျယိမျးမြားဖွငျ့ လှပြိုဖွူမြား စညျးဝါးညီကာ လှပစှာ ကပွဖြျောဖွကွေသညျ။ မုနျ့လုံးရပေျေါ မြားကြှေးခွငျးအလအေ့ထမှာ ကြေးလကျမွို့ပွမကနျြ ကငျြ့သုံးလြှကျရှိသညျ။ မုနျ့လုံးရပေျေါထဲတှငျ အစာသှတျထညျ့ထားသော ထနျးလြှကျခဲအစား ငရုတျသီးတောငျ့မြား ထညျ့သှငျးကာ စားခငျြ့စဖှယျ မုနျ့လုံးရပေျေါမြား ထဲတှငျ ရောနှောကြှေးတတျသညျ့ ဓလမှေ့ာလညျး ခဈြစရာအလအေ့ထ တဈခုဖွဈသညျ။
ဒါနဆိုသညျမှာ ပေးကမျးစှနျ့ကွဲခွငျး၊ ခြီးမွငျ့ခွငျး၊ ထောကျပံ့ခွငျး၊ လှူဒါနျးခွငျးကို ဆိုလိုပါသညျ။
ဒါနဖွဈမွောကျရနျ အကွောငျး ၄ ပါးပွညျ့စုံရပါသညျ။
(၁) လှူဒါနျးသူ၊
(၂) လှူဖှယျ၊
(၃) လှူဒါနျးလိုသောစတေနာ နှငျ့
(၄) အလှူခံ။
ဒါန၏စှမျးရညျ – လှူဒါနျးခိုကျဖွဈသော စတေနာ၏စှမျးရညျ။
ဒါန၏အဟနျ့ အတားမြား – မိမိ၏ကိုယျတှငျးမှ လောဘ၊ ဒေါသ၊ မောဟ၊ ကိုယျ့ထကျသာမနာလိုမှု့၊ နှမွောတှနျ့တိုမှု့၊ ဝနျတိုမှု့၊ မာနျထောငျမှု့။
လူဘဝသံသရာ ဝဲသွဃထဲကထှကျမွောကျနိုငျဖို့ လိုအပျတဲ့ စှမျးအငျတှဖွေဈတဲ့ ဒါနစှမျးအငျ၊ သီလစှမျးအငျနှငျ့ ဘာဝနာစှမျးအငျ ဆိုပွီးရှိရာတှငျ သီလသညျ အခွခေံအုတျမွဈဖွဈ၍ ဒါနစှမျးရညျသညျ လကျရှိဘဝတှငျအကြိုးပေးသညျ့ အပွငျ သံသရာထှကျမွောကျကွောငျး လမျးကွောငျးတှငျလညျး စောငျးတနျးလှကေား အဖွဈ ကြေးဇှုးပွုပါသညျ။ ဒါနစတေနာသညျ သမထစိတျ၏ အခွံအရံဖွဈ၍ ပေးလှူပွီးနောကျ ရနျသူသျောလညျး မတ်ေတာ ကရုဏာ၊ မုဒိတာ၊ ဥပက်ေခာ တို့ပှားမြားအားထုကျခဲ့ပါက ဗွဟ်မာ ပွညျသို့လားရောကျ၏။ သို့ဖွဈပါ၍ ယခုနှဈမဟာသင်ျကွနျတှငျ ရသဒါန (အရသာအလှူ) ဖွဈသော စတုဒီသာအာဟာရအလှူတျောတှငျ မိမိတို့တတျနိုငျသမြှ နညျးမြားမဆို ရဲရဲရငျ့ရငျ့ စှနျ့ကွဲကွခွငျးဖွဈသညျ။
သငျ့အိမျမှာ အသုံးမလိုတော့တဲ့ကုနျပစ်စညျးမြားကို ads.com.mm မှာ https://www.ads.com.mm/posts/new လငျ့အတိုငျးအခမဲ့ကွျောငွာတငျရောငျးခလြို့ရပါတယျ။",3.0,2.0,2.0,3.0,5.0,"The text provides educational content on Burmese cultural traditions (Thingyan) and Buddhist concepts of Dana. It includes basic logical definitions and moral reasoning. While it contains a promotional link at the end, the core content is coherent and culturally authentic, reflecting natural Burmese phrasing and local social practices."
<urn:uuid:8d165c68-c32e-4f33-8880-56e15e2a3fef>,"လူငါးယောက်မှာ တစ်ယောက်က ဝမ်းချုပ်တာကို ခံစားရလေ့ရှိပါတယ်။ ဝမ်းချုပ်တာက နေ့စဥ်မသက်မသာဖြစ်စေသည့်အပြင် နာတာရှည်ရောဂါ များစွာရဲ့ အခြေခံ အကြောင်းတရားလည်း ဖြစ်တတ်ပါတယ်။ ပုံမှန်အားဖြင့် အမျှင်ဓာတ်စားသုံးမှု နည်းတာ၊ ရေသောက်နည်းတာတို့ကြောင့် လည်း ဝမ်းချုပ်လေ့ရှိသလို အခြောက်၊ အအေး၊ အစပ်၊ အကြော်နဲ့ Fast Foods တွေ အလွန်အကျွံ စားတာ၊ အိပ်ရေးပျက်ခြင်း၊ ညစာနောက်ကျ ခြင်းနဲ့ အထိုင်များခြင်းတို့ကြောင့်လည်း ဝမ်းချုပ်တတ်ပါတယ်။ ဆီးချို၊ သိုင်းရွိုက်၊ ကျောက်ကပ်၊ နှလုံး၊ လေဖြတ်ခြင်းနဲ့ ကျောရိုး ပြဿနာ တွေကလည်း ဝမ်းချုပ်ခြင်းနဲ့ ဆက်စပ်နေပါတယ်။
တညလုံးရေစိမ်ထားတဲ့စပျစ်ခြောက်
စပျစ်သီးခြောက်မှာ အမျှင်ဓာတ်တွေ ပြည့်ဝနေသောကြောင့် ဝမ်းသွားတဲ့အခါ လွယ်ကူစေဖို့ အများကြီးအထောက်အကူဖြစ်စေပါတယ်။ အခြောက်လှန်းထားတဲ့ အစားအစာတွေက အစာအိမ်ကို ထိခိုက်စေနိုင်သောကြောင့် စပျစ်သီးခြောက်ကို စိမ်ပြီးမှစားပေးပါ။ စိမ်ပြီးမှစားတဲ့အခါ အစာကြေညက်ဖို့လည်း လွယ်တာကြောင့်ပါ။
ပဲနံ့သာစေ့
ပဲနံ့သာစေ့ လက်ဖက်ရည်ဇွန်း ၁ ဇွန်းကို တစ်ညလုံး စိမ်ပြီး မနက်စောစော စားသုံးနိုင်ပါတယ်။ အစေ့တွေကို အမှုန့်ဖြစ်အောင် ထောင်းပြီး ညအိပ်ရာဝင်ချိန်မှာ ရေနွေးနွေးနဲ့ လက်ဖက်ရည်ဇွန်း ၁ ဇွန်း ဖျော်ပြီးလည်း သောက်နိုင်ပါတယ်။
ဆီးဖြူသီး
ဆီးဖြူသီးက ကိုယ်အလေးချိန်ကျခြင်း၊ ဆံပင်ကျွတ်ခြင်း၊ ဆံပင်ဖြူခြင်းနဲ့ တခြားသော ကျန်းမာရေးဆိုင်ရာ ပြဿနာများအတွက်လည်း ကူညီပေးနိုင်တဲ့ ဝမ်းနုတ်ဆေး တစ်မျိုးပါ။ ဆီးဖြူသီးကိုစားတဲ့အခါ နံနက်ပိုင်း ဗိုက်ထဲတွင် အဆာမရှိခင် စောစောလေးသောက်ပေးသင့်ပါတယ်။ ဆီးဖြူသီးကို အကြိုက်အပေါ်မူတည်ပြီး သစ်သီး သို့မဟုတ် အမှုန့်အဖြစ်နဲ့လည်း စားသုံးနိုင်ပါတယ်။
နွားနို့
နို့ဟာ ကလေးသူငယ်များနဲ့ သက်ကြီးရွယ်အိုများအပါအဝင် လူတိုင်းအတွက် လက်တွေ့ကျတဲ့ ဝမ်းနုတ်ဆေးဖြစ်ပြီး ကိုယ်ဝန်ဆောင်မိခင် များလည်း သောက်သုံးနိုင်ပါတယ်။ အိပ်ရာမဝင်မီ နွားနို့ပူပူတစ်ခွက် သောက်ပေးပါ။",4.0,2.0,2.0,5.0,4.0,"The text provides practical, accessible health advice on constipation. It is well-structured, uses natural Burmese, and includes culturally relevant home remedies like soaked raisins and amla. It lacks deep scientific analysis or complex reasoning, but serves as a clear, informative guide for a general audience."
<urn:uuid:a3ddffcb-8745-4d4c-a025-bc0dbbab123f>,"ချမ်းသာတော့ ပီတိ။
အဖိုးအို မသေသေးခင်က
ကိုယ့်သွေးတွေ ကောင်းစေသောဟု
ဟောခဲ့ပေ၏။
ညီညွတ်တော့ စိတ်ကြည်
မညီတော့ စိတ်မော။
အဖိုးအို မသေသေးခင်က
တောင်ဝှေးကို အဖော်ပြုပါလို့
သွေးစည်းမှုဟော။
မိုက်ပြန်တော့ သနား။
အဖိုးအို မသေသေးခင်က
ငြိမ်းအေးကာ မနေဆိတ်ရှာဘု
စိတ်ကြောင့်ကြများ။
ကိုယ့်တိုင်းပြည် ကျွန်ဖြစ်တော့
တဆစ်မှငုံ့မခံ
တော်လှန်တဲ့ တို့အဖိုး။
ကိုယ့်ရာဇဝင် အဖြစ်ရှုံးတော့
လုံးလုံးမှ ငုံ့မခံ
တော်လှန်တဲ့ တို့အဖိုး။
မြန်မာ့သွေးပေပ
နှုတ်ခမ်းမွေး တတောင်ကျော်နဲ့
ကလောင်မော်စိန်တချောင်းရယ်နဲ့
သောင်းမြန်မာနယ်တရိုး
ဒေါင်းလံလွှင့်ထိုး။ (တင်မိုး)
မှတ်ချက်။ ဆရာတင်မိုးက တစ်ဆစ်မှ ငုံ့မခံလို့ မရေးခဲ့ပါ။ နှုတ်ခမ်းမွေး တစ်တောင်ကျော်နဲ့လို့ မရေးခဲ့ပါ။ ကလောင်မော် စိန်တစ်ချောင်းရယ်နဲ့လို့ မရေးခဲ့ပါ။ သောင်းမြန်မာနယ်တစ်ရိုးလို့ မရေးခဲ့ပါ။ တချို့က ပြောင်းလဲချိန်တန်ပြီစကားကို တလွဲသုံးပြီး သတ်ပုံမှန်နေတာတွေကိုပြောင်းရမယ်တဲ့။ နရသီဟပတေ့ကို တရုပ်နိုင်မင်းလို့ ပြောင်းချင်တဲ့အယူအဆမျိုး ဖြစ်တယ်။
ဒေါက်တာတင့်ဆွေ
၂၇-၁၂-၂ဝ၁၆",3.0,2.0,2.0,5.0,5.0,"The text features a poem by the renowned Burmese poet Tin Moe, followed by a critical commentary by Dr. Tint Swe regarding linguistic preservation and historical revisionism. It is culturally rich, authentic, and provides educational value regarding Burmese literature and the importance of maintaining original orthography in national heritage."
<urn:uuid:b7c15a21-002a-4ad9-91ac-08f3df7d2c30>,"(Zawgyi/Unicode)
အာဖဂနစ္စတန်နိုင်ငံကနေ အမေရိကန်နဲ့ မဟာမိတ်တပ်ဖွဲ့တွေ ပြန်ရုပ်သိမ်းပြီးတဲ့အခါ ဆွေးနွေးညှိနှိုင်းမှုကနေ မရနိုင်တာတွေကို တာလီဘန် စစ်သွေးကြွတွေက အင်အားသုံး ရယူဖို့ ပြင်ဆင်နေပုံရတယ်လို့ ကုလသမဂ္ဂ အဖွဲ့ဝင်နိုင်ငံတွေရဲ့ ထောက်လှမ်းရေး သတင်းတွေကို အခြေခံ ပြုစုထားတဲ့ အစီရင်ခံစာသစ်က ဖော်ပြလိုက်ပါတယ်။
အမေရိကန်နဲ့ ပြီးခဲ့တဲ့နှစ်ထဲ ရရှိထားတဲ့ သဘောတူညီချက်ကို တာလီဘန်တွေ ဆက်လက် လိုက်နာနေပေမဲ့ အာဏာချုပ်ကိုင်ဖို့ ကြိုးစားလာရာမှာ နိုင်ငံတ၀န်းက ဒေသန္တရအဆင့် အုပ်ချုပ်မှုတွေရဲ့ တ၀က်ကျော်လောက်ကို တိုက်ရိုက်ထိမ်းချုပ်ထားပြီး၊ မြို့ပြဒေသ ပြင်ပနယ်မြေ ၇၀ ရာခိုင်နှုန်းလောက်ကိုလည်း ထိန်းချုပ်ထားတာ၊ ဒါမှမဟုတ် ထိန်းချုပ်နိုင်အောင် ကြိုးပမ်းနေတယ်လို့လည်း အာဖဂနစ္စတန်နိုင်ငံဆိုင်ရာ ကုလသမဂ္ဂရဲ့ ပိတ်ဆို့ဒဏ်ခတ်မှု စောင့်ကြည့်ရေးအဖွဲ့ရဲ့ ကြာသပတေးနေ့ ထုတ်ပြန်တဲ့ အစီရင်ခံစာမှာ ဖော်ပြခဲ့တာပါ။
တာလီဘန်တွေရဲ့ ပြောကြားချက်တွေနဲ့ နွေဦးပေါက်ရာသီ စစ်ဆင်ရေးအတွက် ပြင်ဆင်မှု သတင်းတွေအရ ဒီနှစ်ထဲမှာ ထိုးစစ်အရှိန်မြင့်လာနိုင်တယ်လို့လည်း ပြောပါတယ်။ အဓိကကျတဲ့ မြို့ပြတွေမှာလည်း တာလီဘန် တပ်မှူးတွေက အင်အားဖြည့်တင်းထားပြီး အသင့်ပြင်ထားတာကြောင့်၊ နိုင်ငံခြားတပ်တွေ ထွက်ခွာသွားတဲ့အခါ တိုက်ခိုက်ခံရရင် ချက်ခြင်းတုံ့ပြန်ဖို့ မလွယ်တဲ့ အချိန်အတွက် ပြင်ဆင်ထားပုံရတယ်လို့လည်း ထောက်လှမ်းရေး အစီရင်ခံစာက သုံးသပ်ထားတာပါ။ အမေရိကန်နဲ့ သဘောတူညီချက်မှာ လက်ခံထားသလို အယ်လ်ခိုင်းဒါး အကြမ်းဖက် အဖွဲ့နဲ့လည်း တာလီဘန်တွေက အဆက်ဖြတ်တဲ့ လက္ခဏာမျိုး သိသိသာသာ မတွေ့ရတာကိုလည်း အစီရင်ခံစာမှာ သတိပေးထားပါတယ်။
....................................................................
ကနျတပျရုပျပွီး အာဖဂနျမှာ တာလီဘနျကွီးစိုးလာနိုငျခွေ ကုလသတိပေး
(Unicode)
အာဖဂနစ်စတနျနိုငျငံကနေ အမရေိကနျနဲ့ မဟာမိတျတပျဖှဲ့တှေ ပွနျရုပျသိမျးပွီးတဲ့အခါ ဆှေးနှေးညှိနှိုငျးမှုကနေ မရနိုငျတာတှကေို တာလီဘနျ စဈသှေးကွှတှကေ အငျအားသုံး ရယူဖို့ ပွငျဆငျနပေုံရတယျလို့ ကုလသမဂ်ဂ အဖှဲ့ဝငျနိုငျငံတှရေဲ့ ထောကျလှမျးရေး သတငျးတှကေို အခွခေံ ပွုစုထားတဲ့ အစီရငျခံစာသဈက ဖျောပွလိုကျပါတယျ။
အမရေိကနျနဲ့ ပွီးခဲ့တဲ့နှဈထဲ ရရှိထားတဲ့ သဘောတူညီခကျြကို တာလီဘနျတှေ ဆကျလကျ လိုကျနာနပေမေဲ့ အာဏာခြုပျကိုငျဖို့ ကွိုးစားလာရာမှာ နိုငျငံတဝနျးက ဒသေန်တရအဆငျ့ အုပျခြုပျမှုတှရေဲ့ တဝကျကြျောလောကျကို တိုကျရိုကျထိမျးခြုပျထားပွီး၊ မွို့ပွဒသေ ပွငျပနယျမွေ ၇၀ ရာခိုငျနှုနျးလောကျကိုလညျး ထိနျးခြုပျထားတာ၊ ဒါမှမဟုတျ ထိနျးခြုပျနိုငျအောငျ ကွိုးပမျးနတေယျလို့လညျး အာဖဂနစ်စတနျနိုငျငံဆိုငျရာ ကုလသမဂ်ဂရဲ့ ပိတျဆို့ဒဏျခတျမှု စောငျ့ကွညျ့ရေးအဖှဲ့ရဲ့ ကွာသပတေးနေ့ ထုတျပွနျတဲ့ အစီရငျခံစာမှာ ဖျောပွခဲ့တာပါ။
တာလီဘနျတှရေဲ့ ပွောကွားခကျြတှနေဲ့ နှဦေးပေါကျရာသီ စဈဆငျရေးအတှကျ ပွငျဆငျမှု သတငျးတှအေရ ဒီနှဈထဲမှာ ထိုးစဈအရှိနျမွငျ့လာနိုငျတယျလို့လညျး ပွောပါတယျ။ အဓိကကတြဲ့ မွို့ပွတှမှောလညျး တာလီဘနျ တပျမှူးတှကေ အငျအားဖွညျ့တငျးထားပွီး အသငျ့ပွငျထားတာကွောငျ့၊ နိုငျငံခွားတပျတှေ ထှကျခှာသှားတဲ့အခါ တိုကျခိုကျခံရရငျ ခကျြခွငျးတုံ့ပွနျဖို့ မလှယျတဲ့ အခြိနျအတှကျ ပွငျဆငျထားပုံရတယျလို့လညျး ထောကျလှမျးရေး အစီရငျခံစာက သုံးသပျထားတာပါ။ အမရေိကနျနဲ့ သဘောတူညီခကျြမှာ လကျခံထားသလို အယျလျခိုငျးဒါး အကွမျးဖကျ အဖှဲ့နဲ့လညျး တာလီဘနျတှကေ အဆကျဖွတျတဲ့ လက်ခဏာမြိုး သိသိသာသာ မတှရေ့တာကိုလညျး အစီရငျခံစာမှာ သတိပေးထားပါတယျ။",3.0,3.0,3.0,4.0,3.0,"The text is a well-structured news report on international affairs. It provides clear, logical analysis of geopolitical developments, making it suitable for educational purposes. It is written in natural, professional Burmese, though it is a translation of international news rather than a piece of indigenous cultural literature."
<urn:uuid:13832226-452d-454f-baee-ad074fe91a70>,"ပုဂံဘုရားများကို နောက်ခံပြုပြီး သေနတ်ကိုင်ထားတဲ့ ရဲတပ်ဖွဲ့ဝင်အများအပြား လမ်းလျှောက်နေတဲ့ဓာတ်ပုံနဲ့ ညအမှောင်မှာ ဘုရားတစ်ဆူကို ဓာတ်မီးထိုးနေတဲ့ပုံတွေနှင့်အတူ ပုဂံဘုရားတွေက ပစ္စည်းတွေ ဖြုတ်နေဟန် လက်ရှိအဖြစ်အပျက်သဖွယ်ရေးသားထားတဲ့ ဖေ့စ်ဘွတ်ပို့စ်ကို လူရာဂဏန်း ပြန်လည်မျှဝေ လျှက်ရှိပါတယ်။
သို့ပေမဲ့ ဒီဓာတ်ပုံတွေဟာ ၂၀၂၀ ခုနှစ်ထဲမှာ ဧရာဝတီသတင်းဌာနက ဖော်ပြခဲ့တဲ့ ဓာတ်ပုံတွေဖြစ်ပါတယ်။
“ပုဂံဘုရာကိုပုလိပ်ခွေးတွေ့ချီးတတ်လာပြီးဘုရာပစွည်းတွေ့ကုန်ပြီးမအလတွေ့”လို့ေရးသားပြီး “နော် မြသီတာ ဝင်း”အမည်နဲ့ ဖေ့စ်ဘွတ်အသုံးပြုသူကမျှဝေထားရာမှာ ပြန်လည်မျှဝေထားရာမှာ ပြန်လည်မျှဝေသူ ၉၀၀ ကျော်ရှိပါတယ်။
အချက်အလက်စိစစ်ချက်
ဓာတ်ပုံကို Bing မှာပုံရှာနည်းအသုံးပြုရှာဖွေရာမှာ ၂၀၂၀ ခုနှစ်၊ ဇူလိုင်ကတည်းက အင်တာနက်မှာပျံ့နှံ့လျက်ရှိတာ တွေ့ရပါတယ်။
၂၀၂၀ ခုနှစ် ဇူလိုင် ၉ ရက်က ဧရာဝတီသတင်းဌာနရဲ့ အင်္ဂလိပ်ပိုင်းက “ပြီးခဲ့တဲ့လက မြန်မာနိုင်ငံရဲ့ ကမ္ဘာ့အမွေ အနှစ်စာရင်းဝင်တစ်ခုဖြစ်တဲ့ ပုဂံမှာ ံဘုရား သုံး ဒါဇင်နီးပါးမှာ ဌာပနာတွေဖောက်ထွင်းခံရပြီးနောက် လုံခြုံရေးတပ်ဖွဲ့ဝင်တွေဟာ ရှေ့ဟောင်းပုဂံဘုရားတွေအနီးမှာ ပတ္တရောင်လှည့်လည်နေကြခဲ့တယ်”လို့ ရေးသားထားတဲ့ ဓာတ်ပုံပို့စ်တစ်ခုမှာ ဒီပုံတွေကို အောက်ပါအတိုင်းတွေ့ရပါတယ်။
ပုဂံမှာ ဘုရားတွေ ဌာပနာဖောက်ထွင်းခံရတဲ့အကြောင်း မြန်မာတိုင်းမ်သတင်းဌာနက ထိုအချိန်က ရေးသားခဲ့တဲ့ သတင်းကို ဒီနေရာမှာလေ့လာနိုင်ပါတယ်။
သုံးသပ်ချက်
အထက်ပါအချက်အလက်တွေအရ ဓာတ်ပုံတွေဟာ လက်ရှိအဖြစ်အပျက်တစ်ခုမဟုတ်ဘဲ ဖြစ်စဉ်ဟာ ၂၀၂၀ခုနှစ်က ဇူလိုင်လအတွင်း ပုဂံရှေးဟောင်းဘုရားများမှာ ပတ္တရောင်လှည့်စဉ်ကဖြစ်ပါတယ်။
Title:ဒီပုံတွေက ၂၀၂၀ ခုနှစ်က ပုဂံမှာ ရဲအဖွဲ့ ကင်းလှည့်ပုံဖြစ်တယ်Fact Check By: Zun Zee
Result: Missing Context",3.0,3.0,2.0,5.0,4.0,"The text is a well-structured fact-check article. It provides educational value by teaching media literacy and verification methods. It uses logical steps to debunk misinformation by cross-referencing dates and sources. The language is natural, contextually relevant to Myanmar, and free of technical noise or formatting errors."
<urn:uuid:6cbe000d-5555-40c8-8ec1-6a63d5de3ef9>,"၁၉၆၃ဧပြီလ (၁)ရက်နေ့ တော်လှန်ရေးကောင်စီ လွတ်ငြိ်မ်းချမ်းသာ ခွင့်၊ (၁၉၈၀) မေလ (၂၈) မြန်မာ့ ဆိုရှယ်လစ် လမ်းစဉ်ပါတီ ရဲ့ လွတ်ငြ်ိမ်းချမ်းသာခွင့် ယခု သမ္မတ ဦးသိန်းစိန် ရဲ့ အဝေးရောက်နေတဲ့သူတွေ ပြန်လာဖို့ လွတ်ငြိမ်းချမ်းသာခွင့် အမိန့် အမှတ် ၂၈/ ၂၀၁၁ အမိန့်တို့ကို မြန်မာ့ အကျဉ်းသား သမိုင်းတွင် ထုတ်ပြန်ခဲ့ပြီး ဖြစ်သည်။
သို့ရာတွင်လည်း တစ်ချိန်ထဲ တစ်ရက်ထဲမှာပင် အင်းစိန်ထောင်တွင်း အထူးတရားရုံးမှ ဗိုလ်ကြီးဟောင်း နေမျိုးဇင်အား ဧပြီလ (၂)ရက်နေ့ က ဖမ်းဆီးခဲ့ပြီး အီလက်ထရောနစ် ပုဒ်မ (၃၃ က ) နှင့် ထောင်ဒဏ်(၁၀)နှစ် ချမှတ်ခဲ့ပါသည်။
မြန်မာနိုင်ငံသို့ လာရောက်ခဲ့သော ကုလသမဂ္ဂ မြန်မာနိုင်ငံဆိုင်ရာ အထူးကိုယ်စားလှယ် ကင်တားနား ဟာ (၅)ရက်ကြာခရီးစဉ် ပြီးဆုံးလို့ ပြန်မထွက်ခွါမှီ သတင်းစားရှင်းလင်းပွဲမှာ နိုင်ငံရေးအကျင်းသားတွေကို ပြန်လွတ်ပေးဖို့ ကိစ္စရပ်သည် အမျိုးသားသင့်မြတ်ရေးနှင့် နိုင်ငံတကာ ရေးရာတို့တွင် အမတန် အရေးကြီးကြောင်း ပြောဆိုသွားခဲ့ပါသည်။
မြန်မာ့ရုပ်မြင်သံကြား သတင်းစဉ်မှာ ပြည်ထောင်စု တရားသူကြီးချုပ် ဦးထွန်းထွန်းက (၁၉၈၈ ခုနှစ် စစ်တပ် အာဏာသိမ်းချိန်မှစပြီး ယနေ့ သိန်းစိန်လက်ထက်အထိ ပြောဆိုနေကြ စကား အသုန်းအနှုန်းဖြစ်သော ) မြန်မာနိုင်ငံမှာ နိုင်ငံရေး အကျဉ်းသား သို့မဟုတ် ယုံကြည်ချက်ကြောင့် အကျဉ်းကျနေသူများ ယခု မြန်မာပြည်အကျဉ်းထောင်များထဲတွင် လုံးဝ မရှိပါဘူးဟု ငြင်းဆို ကြေငြာသွားခဲ့ပါသည်။
အထက်ဖေါ်ပြပါသတင်းအချက်အလက်များကို ကိုးကားခြင်းအာဖြင့် မြန်မာနိုင်ငံ လက်ရှိ တပ်မတော်သား ၂၅% ပါဝင်သော ဦးသိန်းစိန် ဦးဆောင်သည့် အစိုးရအထက်တွင် နိုင်ငံရေး သိပ္ပံ နှင့် ဖြစ်စဉ်တို့ကို လေ့လာလိုက်စားသော ပုဂ္ဂိုလ် များသာ မီးမောင်ထိုးပြနိုင်သည့် “ Hi- Policy” ဟုခေါ်ဆိုသည့် ဖွဲ့စည်းအုပ်ချုပ်ပုံ အခြေခံဥပဒေ အထက်တွင်ရှိသော မူဝါဒကို ဆွဲကိုင်ထားသော လူ တစ်ဦးတယောက် သို့မဟုတ် ကော်မတီ တစ်ရပ် သို့မဟုတ် အဖွဲ့အစည်းတစ်ရပ် သို့မဟုတ် ဘုရင်နှင့် ဘုရင့်အုပ်ချုပ်ရေးအဖွဲ့ ဟူုသည့် အခြေခံဥပဒေထက်မြင့်သည့်အာဏာ “Above Constitution Power” ကို သန်းရွှေ၊ မောင်းအေးနှင့် စစ်ကော်မရှင်တို့ က ချုပ်ကိုင်ထားသဖြင့် သိန်းစိန်၏ ပါးစပ်မှ ချီးစားပြောမှ ယုံမည်ဖြစ်သည့် ပျော့ပြောင်းသော မူဝါဒ ပုံစံဖြင့် နိုင်ငံတကာနှင့် အတိုက်အခံနိုင်ငံရေး အဖွဲ့အစည်းများ လက်နက်ကိုင်အဖွဲ့အစည်းများ သို့ ချဉ်းကပ်နေသော်လည်း (၂၀၀၈) အခြေခံဥပဒေအရ သမ္မတကိုယ်တိုင် အထူးခွင့်ရေး အာဏာ လုပ်ပိုင်ခွင့် အပ်နှင်းထားသော်လည်း နိုင်ငံရေး အကျဉ်းသားလွတ်မြောက်ရေး နှင့် အထွေထွေလွတ်ငြိမ်းချမ်းသာခွင့်ကို သိန်းစိန်ကိုယ်တိုင် အခွင့်အာဏာ မရှိသည်ကို ထောက်ရှု့ခြင်းအားဖြင့် သိန်းစိန်အစိုးရသည်လည်း စစ်တပ်၏ အသုံးတော်ခံ ရုပ်သေး အစိုးရ ဖြစ်သည်ဆိုသည့်အချက်ကို ရဟန်းရှင်လူ၊ ကျောင်းသား ပြည်သူ တစ်ရပ်လုံးကနဂိုတည်းက အသိပင်ဖြစ်သည်။
လွင်ပြင်ဝိုင်းတော်သားများ ၏ သုံးသပ်ချက်။",2.0,3.0,3.0,2.0,4.0,"The text provides historical and political context regarding Myanmar's political prisoners and government structure. It uses complex political analysis, though the formatting is slightly degraded due to encoding issues. It reflects authentic local political discourse and terminology, though it is clearly an opinionated piece rather than a neutral educational resource."
<urn:uuid:06b94d48-5143-4625-acba-23f98d41b4e5>,"ခူးလီးတခဲ
တောင်နဲ့ မြောက်ဘက်က အအေးဒါဏ်တွေကြောင့် နေရာအသီးသီးက အပူချိန်တွေ ကျဆင်းလာပါတယ်။ ဒါကြောင့် လူ့ရဲ့ခန္ဓာကိုယ်ထဲက အပူချိန်ဟာလည်း သာမာန်ထက် တဖြည်းဖြည်း ကျဆင်းသွားပါတယ်။
အအေးဒါဏ်ဟာ သက်ကြီးရွယ်အို၊ ကလေးငယ်၊ နှလုံးရောဂါသည်နဲ့ အကြောသေလူနာတို့အတွက် အန္တရာယ်ပိုများစေပြီး အထူးသဖြင့် ဦးနှောက်ပိုင်းဆိုရင် ချို့ယွင်းမှု၊ အာရုံကြောဖွဲ့စည်းမှုစနစ်နဲ့ နှလုံးတို့ကို ထိခိုက်စေပါတယ်။
ရာသီဥတုအေးလှတဲ့ ခုလိုဆောင်းရာသီမျိုးမှာ ကျနော်တို့ရဲ့ ကျန်းမာရေးကို ပိုမို ဂရုစိုက်ဖို့လိုအပ်ပါတယ်။ အအေးဒါဏ်ကြောင့် မကြာခဏ ဖျားလေ့ရှိတဲ့သူတွေအတွက် အောက်ပါအချက် ၅ ချက်ကို အကြံပြုပေးလိုပါတယ်။
၁။ ဆောင်းရာသီမှာ ခြေတိုလက်တိုအဝတ်အစားတွေကို ရှောင်ရှားပြီး ကိုယ်ခန္ဓာကို အနွေးပေးနိုင်မယ့် အင်္က ျီလက်ရှည်၊ ဘောင်းဘီရှည်နဲ့ အနွေးထည်တို့ကို တတ်နိုင်သဘောက်ဝတ်ပေးပါ။
၂။ မိမိကျန်းမာရေးကို အကျိုးပြုစေမယ့် အစားအစာများကို စားပေးပါ။ ကိုယ်ခံအားအတွက် အကျိုးပြုစေမယ့် အစားအစာများကတော့ အသီးအရွက်တွေပဲဖြစ်ပါတယ်။ အသီးအရွက်တွေမှာ ဗီတာမင်ဓါတ်တွေများလှပါတယ်။ အထူးသဖြင့် ဗီတာမင်စီဟာ အအေးဒါဏ်ကိုကာကွယ်နိုင်သလို ရောဂါကူးစက်မှုကိုလည်း ကာကွယ်ပေးနိုင်ပါတယ်။
၃။ ရေများများသောက်ပေးပါ။ ရေများများသောက်ပေးခြင်းဖြင့် ခန္ဓာကိုယ်ရဲ့ အင်္ဂါအစိတ်အပိုင်းတွေအတွက် အားဖြည့်ပေးစေသလို အသားအရေလည်း စိုပြေလှပစေပါတယ်။ တတ်နိုင်ရင်ရေနွေးသောက်တာပိုကောင်းပါတယ်။ နေ့ခင်းဖက်မှာ ရေနွေးသောက်ပေးခြင်းနဲ့ အိပ်ရာမဝင်ခင် နွားနို့နွေးနွေးလေးသောက်ပေးခြင်းအားဖြင့် အိပ်ရေးဝပြီး ခန္ဒာကိုယ်ခုခံအား ကောင်းစေမှာဖြစ်တယ်။
၄။လေ့ကျင့်ခန်းပုံမှန်လုပ်ပေးပါ။ ခန္ဓာကိုယ်အနွေးဓါတ်ရရှိဖို့အတွက် မနက်အိပ်ရာထတာနဲ့ လမ်းလျှောက်လေ့ကျင့်ခန်းလုပ်နိုင်သလို နေပူစာလှုံနိုင်ပါတယ်။
၅။ ရေနွေးချိုးပေးပါ။ ဆောင်းရာသီက တချိန်လုံးအေးနေတဲ့အတွက် ကျနော်တို့ရဲ့ ခန္ဓာကိုယ်ဟာ အနွေးဓါတ်ရှိနေဖို့အရေးကြီးပါတယ်။ ရေအေးအစား ရေနွေးချိုးပေးခြင်းအားဖြင့် အအေးဒါဏ်ကြောင့် ဖြစ်တတ်တဲ့ ဖျားနာမှုများကို ကြိုတင်ကာကွယ်နိုင်မှာဖြစ်ပါတယ်။ အအေးပိုင်းနေရာဒေသတွေမှာ နေထိုင်ကြတဲ့ လူထုတွေအနေနဲ့ မိမိတို့ရဲ့ ခန္ဓာကိုယ်ကိုအနွေးပေးနိုင်ဖို့ အထူးဂရုစိုက်ကြဖို့လိုပါတယ်။ ငွေကြေမတတ်နိုင်ကြတဲ့ ကျေးလက်ဒေသက ပြည်သူတွေဟာ အအေးဓါဏ်ကို မီးလှုံပြီး ကျော်ဖြတ်လေ့ရှိတာကို လေ့လာတွေ့ရှိရပါတယ်။
မီးလှုံခြင်းဖြင့် မီးခိုးငွေ့တွေကို မွန်းကြပ်စွာ ရှူရှိုက်ရတဲ့အတွက် ချောင်းဆိုးခြင်း၊ လည်ချောင်းနာချင်း၊ အဆုပ်နဲ့ ပတ်သက်ပြီး အသက်ရှူလမ်းကြောင်းတွေ ထိခိုက်တဲ့ ဝေဒနာတွေခံစားနိုင်လို့ ရေကိုများများသောက်ပေးဖို့ လိုအပ်ပါတယ်။ ဆောင်းရာသီမှာ အပြင်ထွက်ရင် ဘောင်းဘီရှည်၊ အင်္ကျီလက်ရှည်တို့ကို ဝတ်ဖို့မမေ့ပါနဲ့။ အားလုံးဆောင်းရာသီကာလတခုကို ကျန်းကျန်းမာမာနဲ့ ကျော်ဖြတ်နိုင်ကြလိမ့်မယ်လို့ မျှော်လင့်ပါတယ်။",4.0,2.0,2.0,5.0,4.0,"The text provides practical, coherent health advice for winter, suitable for general education. It uses simple, natural Burmese, including culturally relevant context like rural practices of warming by fire. It is well-structured, clean, and easy to follow, though the reasoning is straightforward rather than complex or analytical."
<urn:uuid:1760fbb8-f034-4387-bed6-4233a2c00263>,"Gam Seng Maw
မကြာသေးမီက ဆေးပညာတွေ့ရှိချက်တွင် အလေးမ လေ့ကျင့်ခန်းများလုပ်ဆောင်ခြင်းသည် စိတ်ကျဝေဒနာကို သက်သာစေနိုင်စွမ်းရှိသည်ဟု ဆိုသည်။ ထိုသို့ အင်တိုက်အားတိုက် ခွန်အားသုံးရသော လေ့ကျင့်ခန်းများသည် ပေါ့ပေါ့ပါးပါး ကစားရသော အေရိုးဗစ်လေ့ကျင့်ခန်းများကဲ့သို့ပင် စိတ်ကျဝေဒနာကို ကုစားရာတွင် ထိရောက်သော နည်းလမ်းဖြစ်ကြောင်း လေ့လာတွေ့ရှိချက်များအရ သိရသည်။
ကမ္ဘာတစ်ဝှမ်းတွင် နှစ်စဉ် လူ သန်းပေါင်း၃၀၀ကျော်ခန့်က စိတ်ကျရောဂါခံစားနေရသည်။ တွေ့ရှိချက်များအရ ၂၀၁၃ခုနှစ်မှယခုချိန်ထိ စိတ်ကျရောဂါခံစားသူများအရအတွက်မှာ ၃၀ရာခိုင်နူန်း ပိုမိုများပြားလာပြီး ယင်း စိတ်ကျဝေဒနာရှင်များသည် သာမာန်လူများထက် ၃၀% ကျန်းမာရေးလျော့ကျနေပြီး တနည်းအားဖြင့်ဆိုသော် အသက်ရှင်ရန် သက်တမ်း၁၀နှစ်ပိုတိုတောင်းသွားခြင်းနှင့် ညီမျှသည်။ ထို့ကြောင့် စိတ်ကျခြင်းဝေဒနာကို လူများက အလေးပေးပြီး ကုသမှုများခံယူလာကျသည်။ ထိုသို့ ကုထုံးများတွင် တရားထိုင်ခြင်း၊ အေရိုးဗစ်ကစားခြင်းများ ပါဝင်နေသော်လည်း အလေးမခြင်းကိုမူ ကုထုံးဟု မသတ်မှတ်ခဲ့ကြပေ။ ယခုမှသာ အလေးမခြင်းသည် စိတ်ကျဝေဒနာကို သက်သာစေရုံမက နှလုံးသွေးကြောနှင့်ဆိုင်သော ရောဂါများဖြစ်နိုင်ချေနူန်းကိုပါ လျော့ချစေကြောင်း ရှာဖွေတွေ့ရှိကြောင်းသိရသည်။
အလေးမအားကစားသည် ကြွက်သားကို အားစိုက်ရသောလေ့ကျင့်ခန်းများ ပါဝင်သောကြောင့် ခန္ဓာကိုယ်ကို ကြံ့ခိုင်သန်စွမ်းစေသည်ကိုတော့ လူတိုင်းသိကြသောလည်း ထိုလေ့ကျင့်ခန်းများက မွန်းကြပ်နေသော စိတ်ကို အပန်းပြေစေကာ စိတ်ဖိစီးမှုများကို လျော့ပါးစေသော ကောင်းကျိုးနောက်တစ်ခုရှိကြောင်းကိုမူ သိသူရှားပါးသေးသည်။ အလေးမလေ့ကျင့်ခန်းများလုပ်ခြင်းဖြင့် စိတ်ကျဝေဒနာများသည် သိသိသာသာလျော့ကျလာသည်ကို ခံစားရမည်ဖြစ်သည်။ ထို့ကြောင့် လူကျန်းမာရုံမက စိတ်ပါ ကျန်းမာစေသော အလေးမအားကစားကို တစ်ပတ်လျှင် အနည်းဆုံး သုံးခေါက်လောက် ပြုလုပ်ပေးခြင်းဖြင့် စိတ်ကျဝေဒနာကို ကာကွယ်ခြင်းသည် အကောင်းဆုံးလက်နက်ဖြစ်သည်။
Ref: https://www.businessinsider.com/depression-symptoms-reduced-by-strength-training-exercise-2018-5",4.0,3.0,2.0,5.0,3.0,"The text provides clear, educational health information regarding the benefits of strength training for depression. It uses logical arguments supported by statistics and research findings. The language is natural and culturally appropriate for a Burmese audience, and the formatting is clean and professional, making it accessible to a general reader."
<urn:uuid:9732bcba-3ffa-4b88-aa47-0d8d1f28d162>,"BETA English
BETA Zawgyi
နေပြည်တော် မတ် ၇
လူမှုကွန်ရက် စာမျက်နှာများတွင် ဝေဖန်ရေးသားနေသော ပြည်သူ့နီတိစာအုပ်နှင့် ပတ်သက်၍ ပြည်ထောင်စု ကြံခိုင်ရေးနှင့် ဖွံ့ဖြိုးရေးပါတီက လက်ခံနိုင်ဖွယ်မရှိကြောင်း သဘောထားထုတ်ပြန်မှုအပေါ် ယင်းစာအုပ်များသည် အမျိုးသားသင်ရိုးညွှန်း တမ်း ကော်မတီက အတည်ပြုထားသော ပြဋ္ဌာန်းစာအုပ်များ မဟုတ်ကြောင်း ပညာရေးဝန်ကြီးဌာနက ယနေ့ရက်စွဲဖြင့် သတင်းထုတ်ပြန် ရှင်းလင်းထားသည်။
အဆိုပါ ပြည်သူ့နီတိစာအုပ်များနှင့် ပတ်သက်၍ လူမှုကွန်ရက် စာမျက်နှာများတွင် ဝေဖန်ရေးသားနေမှုများအပေါ် ပြည်ထောင်စုကြံခိုင်ရေးနှင့် ဖွံ့ဖြိုးရေးပါတီက လက်ခံနိုင်ဖွယ်မရှိကြောင်းနှင့် အမျိုးသား အကျိုးစီးပွားအတွက် လိုအပ်သလို တုန့်ပြန်ဆောင်ရွက်သွားမည်ဖြစ်ကြောင်း၊ သဘောထား ထုတ်ပြန်ချက်ကို မတ်လ ၇ ရက်ထုတ် ပြည်ထောင်စုနေ့စဉ် သတင်းစာတွင် ဖော်ပြထားကြောင်း တွေ့ရှိရသည်။
အဆိုပါကိစ္စနှင့်ပတ်သက်၍ ပညာရေးဝန်ကြီးဌာနက မတ်လ ၇ ရက် နေ့စွဲဖြင့် သတင်းထုတ်ပြန်ခဲ့ရာတွင် ကွဲပြားခြားနားမှုနှင့် အမျိုးသားရေး သဟဇာတဖြစ်မှုဆိုင်ရာ လေ့လာရေးအဖွဲ့မှ ရေးသားထားသည့် ပြည်သူ့နီတိစာအုပ်များသည် အမျိုးသား သင်ရိုးညွှန်းတမ်းကော်မတီက အတည်ပြုထားသော ပြဋ္ဌာန်းစာအုပ်များ မဟုတ်ကြောင်း ရှင်းလင်းဖော်ပြထားသည်။
ထို့ပြင် ပညာရေးဝန်ကြီးဌာနသည် အခြေခံပညာကျောင်းများအတွက် စာရိတ္တနှင့် ပြည်သူ့နီတိပြဋ္ဌာန်း စာအုပ်များကို အခြေခံပညာအဆင့် သင်ရိုးညွှန်းတမ်း အညွန်းဘောင်၊ ဘာသာရပ်သင်ရိုးညွှန်းတမ်း အညွန်းဘောင်တို့နှင့်အညီ စာရိတ္တနှင့် ပြည်သူ့နီတိ သင်ရိုးညွှန်းတမ်းကော်မတီက ရေးသားပြုစု၍ အမျိုးသား သင်ရိုးညွှန်းတမ်းကော်မတီသို့ အမျိုးသားပညာရေး မူဝါဒကော်မရှင်မှတစ်ဆင့် တင်ပြပြီး ထိုကော်မတီ၏ ပြင်ဆင်တည်းဖြတ် အတည်ပြုသော ကျောင်းသုံးပြဋ္ဌာန်း စာအုပ်များ ကိုသာ အသုံးပြုကြောင်း အသိပေး ကြေညာထားရှိသည်။
ယင်းဝေဖန်ပြောဆိုမှုများနှင့် ပတ်သက်ပြီး ကွဲပြားခြားနားမှုနှင့် အမျိုးသားရေး သဟဇာတဖြစ်မှုဆိုင်ရာ လေ့လာရေးအဖွဲ့ (Center for Diversity and National Harmony –CDNG)ကလည်း ၎င်းတို့ ထုတ်ဝေထားသည့် ပြည်သူ့နီတိစ ာအုပ်များသည် အစိုးရအဖွဲ့ အစည်းများနှင့် လုံးဝသက်ဆိုင်မှု မရှိကြောင်း၊ သတင်းထုတ်ပြန်ချက် တစ်စောင်ကို မတ်လ ၅ ရက်က ထုတ်ပြန်ခဲ့ကြောင်း သိရသည်။
ယင်းထုတ်ပြန်ချက်တွင် CDNH မှ ပြည်သူ့နီတိ စာအုပ်များကို မူလတန်းမှ အထက်တန်းအထိ (သူငယ်တန်းမှ ဒသမတန်းအထိ) ကျောင်းသားကိုင် ၁၁ အုပ်၊ သူငယ်တန်းဆရာလမ်းညွှန် ၁ အုပ်၊ မူလတန်းဆရာလမ်းညွှန် ၁ အုပ်၊ မူလတန်းဆရာ လက်စွဲ ၁ အုပ်၊ အလယ်တန်းဆရာလမ်းညွှန် ၁ အုပ်၊ အထက်တန်းဆရာလမ်းညွှန် ၁ အုပ်နှင့် ပြည်သူ့နီတိ ဘာသာရပ်သင်ကြားမှုကို လေ့လာသုံးသပ်ခြင်း စာအုပ် ၁ အုပ် စုစုပေါင်း ၁၇ အုပ်တို့ကို ထုတ်ဝေထားကြောင်း။
CDNH အနေဖြင့် မိမိတို့ထုတ်ဝေခဲ့သည့် ပြည်သူ့နီတိစာအုပ်များကို သက်ဆိုင်ရာ ပညာရေးဝန်ကြီးဌာနနှင့် ပညာရှင်များအား ပြည်သူ့နီတိသင်ကြားရေးတွင် ကိုးကားနိုင်သည့် စာအုပ်များအဖြစ်ဖြင့် လိုအပ်သလို အသုံးပြုနိုင်စေရန် တင်ပြဝေငှခဲ့ကြောင်း၊ CDNH မှ ထုတ်ဝေသော ပြည်သူ့နီတိ စာအုပ်များကို မဖြစ်မနေအသုံးပြုရန် မည်သည့်ကျောင်း (သို့မဟုတ်) အဖွဲ့အစည်းကိုမျှ တိုက်တွန်းခြင်း မရှိခဲ့ကြောင်း။
ပြည်သူ့နီတိ သင်ကြားရေးနှင့် ပတ်သက်၍ သင်တန်းရယူလိုသော အဖွဲ့အစည်းများကိုသာ သင်ကြားရေးနှင့် ပတ်သက်သည့် သင်တန်းများကိုပေးခဲ့ကြောင်း၊ ထိုသို့ သင်တန်းများပေးရာတွင် သင်တန်းတက်ရောက်လာကြသူများအား မိမိတို့ဒေသရှိ လူငယ်များသို့ ပြန်လည်သင်ကြားသည့်အခါ မိမိတို့ဒေသနှင့် သင့်လျော်မည့် အပိုင်းများကိုသာ သင်ကြားပို့ချပြီး မသင့်လျော်သည့် အပိုင်းများကို ချန်လှပ်ထားနိုင်ကြောင်း၊ စာအုပ်များတွင် ပါရှိသည့် အကြောင်းအရာများ အတိုင်းသာ သင်ကြားရမည် မဟုတ်ဘဲ မိမိတို့ဒေသနှင့်ကိုက်ညီမည့် ပုံဝတ္ထုများ၊ အကြောင်းအရာများရှိပါကလည်း အစားထိုး သင်ကြားပေးနိုင်ကြောင်းကို ရှင်းလင်းထုတ်ပြန်ထားသည်။
ထို့ပြင် CDNH အဖွဲ့သည် ဘာသာရေး ခေါင်းဆောင်များနှင့် ဖွဲ့စည်းထားသည့် အဖွဲ့အစည်းတစ်ခု မဟုတ်ဘဲ လူမှုရေးသိပ္ပံ၊ သမိုင်းနှင့် ဥပဒေပညာရှင်များဖြင့် ဖွဲ့စည်းထားသည့် ပြည်တွင်း NGO တစ်ခုဖြစ်ကြောင်း၊ မည်သည့်ဘာသာရေး ခေါင်းဆောင် တစ်ဦးတစ်ယောက်မျှ အဖွဲ့ဝင်အဖြစ် ပါဝင်ခြင်းမရှိကြောင်း၊ CDNH သည် တိုင်းပြည်အတွင်း နိုင်ငံရေး ပြောင်းလဲမှုနှင့် သဟဇာတဖြစ်မှု အခြေအနေများ၊ ပဋိပက္ခကာကွယ် တားဆီးရေးဆိုင်ရာ ကိစ္စရပ်များနှင့်ပတ်သက်၍ သုတေသနများ ပြုလုပ်ခြင်းနှင့် သင်တန်းများပေးခြင်း လုပ်ငန်းများကို အဓိကထား လုပ်ဆောင်နေသော အဖွဲ့အစည်း တစ်ခုဖြစ်ကြောင်း စသည်ဖြင့် ရှင်းလင်းဖော်ပြထားသည်။
www.president-office.gov.mm
This is the official website of Myanmar President Office",2.0,2.0,3.0,4.0,5.0,"The text is a factual news report regarding educational policy and curriculum controversy in Myanmar. It provides clear, coherent information about government statements and NGO clarifications. It is written in natural, formal Burmese, reflecting local administrative and social contexts, though it lacks deep analytical reasoning or complex educational content beyond reporting on a specific public dispute."
<urn:uuid:994954c5-31e7-4ba0-8771-2ab870bb9de9>,"မုစ့်သမင်ကြီး
|မုစ့်သမင်ကြီး (သို့) ချိုပြားသမင်ကြီး |
(အင်္ဂလိပ်: Moose)
|Male (bull)|
|Female (cow)|
|မျိုးရိုးခွဲခြားခြင်း|
|လောက:||Animalia|
|မျိုးပေါင်းစု:||Chordata|
|မျိုးပေါင်း:||Mammalia|
|မျိုးစဉ်:||Artiodactyla|
|မျိုးရင်း:||Cervidae|
|မျိုးရင်းသေး:||Capreolinae|
|မျိုးစု:||Alces|
Gray, 1821
|မျိုးစိတ်:|
A. alces
|ဒွိနာမ|
|Alces alces|
|Moose range map|
|Synonyms|


Cervus alces လင်းနီးယပ်၊ ၁၇၅၈
သမင်မျိုးရင်းတွင် မု့(စ်)သမင် သည် အကြီးဆုံး အမျိုးဖြစ်သည်။ ယင်းတို့ကို အမေရိကန်ပြည်ထောင်စု မြောက်ပိုင်း မိန်းပြည်နယ်မှ မြောက်ဒကိုးတားပြည်နယ်အထိ လည်းကောင်း၊ ကနေဒါနိုင်ငံတစ်ဝှန်းလုံးအပြင် မြောက်ဘက် ဟဒ်ဆန်ပင်လယ်အော်မှ အာတိတ်စက်ဝိုင်းတိုင်အောင် လည်းကောင်း တွေ့ရသည်။ စကန်ဒီနေးဗီးယားကျွန်းဆွယ်ကြီးမှ ဆိုက်ဗီးရီးယားပြည်နယ်အထိတွေ့ရသော ဥရောပ နှင့် အာရှတိုက်မြောက်ပိုင်း ဒေသများတွင် တွေ့ရသော မု(စ်)ကောင်ကဲ့သို့ အကောင်မျိုးကို အဲ့ဟုခေါ်ကြသည်။
မု(စ်)ကောင်သည် အခြားသမင်းများနှင့်မတူ အချိုးအစားမကျသော သတ္တဝါ ဖြစ်၏။ ရှည်လျားသော ခြေထောက်၊ ရှည်လျားသေးသွယ်သော ဦးခေါင်း၊ အတွင်းသို့များစွာ ဝင်နေ၍ သေးငယ်သော မျက်လုံး၊ ရှည်လျား၍ ကားနေသော နားရွက်၊ တိုတုတ်သော လည်တံ၊ ကားထွက်နေသော နှုတ်ခမ်းများဖြင့် အလွန်အချိုးအစား မကျချေ။ ယင်း၏ ဦးချိုတို့မှာ ပြားနေ၍ စောင်းများမှ ထက်သောခွေးသားစိတ်သဏ္ဌာန် အချွန်များ ထိုးထွက်နေသည်။ ၅ နှစ်သားအရွယ်တွင် အကောင်ကြီးဖြစ်လာ၍ ဦးချိုများမှာ တစ်ဖက်မှ တစ်ဖက်သို့ ၆ ပေမျှပင်ရှိ၏။ ထူထဲသော လည်ဆံမွေးများလည်းရှိသည်။ လည်ပင်းအောက်မှ အမွေးထူသည့် အိတ်တစ်ခုတွဲကျနေ၍ ခလောက်ကဲ့သို့ရှိနေလသည်။ ခွာများမှာ ရှည်၍ အဖျားရှူးပြီးလျှင် နှစ်ခြမ်းကွဲနေသည်။
မု(စ်)ကောင်အထီးသည် ၆ ပေခန့်မြင့်၍ အလျား ၉ ပေခန့် ရှိသည်။ အလာစကာပြည်နယ်မှ မု(စ်)ကောင်များသည် ၇ ပေခန့် အထိ မြင့်ကြ၍ အလျား ၁ဝ ပေခန့်အထိ ရှိသည်။ အမကား အထီးလောက် မကြီးချေ။ ၄ ပုံ ၃ ပုံ ခန့်လောက်သာ ရှိသည်။ ကြီးသော ပါးစပ်၊ ကားနေသော နားရွက်များနှင့် လိုက်အာင် ဦးချိုများမရှိသဖြင့် အကြည့်ရ အလွန်အရုပ်ဆိုး၏။ တစ်ခါတစ်ရံခလောက်သဏ္ဌာန် အိတ်ရှိတတ်သော်လည်း များသောအားဖြင့် မရှိချေ။
မု(စ်)ကောင်သည် အုပ်နှင့်မနေ။ တစ်ကောင်တည်းသာ သွားလာ နေတတ်သည်။ နွေအခါတွင်ရေအိုင်မြစ်ချောင်းဘေးတို့၌ နေ၍ ပျော်ပါးစွာ ရေချိုးလိုက်၊ ရွှံ့လူးလိုက်နှင့် နေသည်။ အေးမြသော ရေထဲတွင် လျှောက်သွား၍ အပင်များကို စားသည်။ အခြားအခါများတွင် တောထဲ၌ လှည့်လည်၍ အညွန့်၊ အစို့တို့ကို စားသောက်လေသည်။ ရှည်လျားသော ခြေထောက်များသည် ဤနေရာ၌အလွန်အသုံးဝင်၏။ သို့သော် တစ်ခါတစ်ရံ အပင်များမြင့်လွန်း၍ မမှီနိုင်ပေ။ ထိုအခါ ပတတ်ရပ်၍ အပင်ကို မှီပြီးလျှင် ကိုင်းညွှတ်လာအောင် လုပ်လေသည်။
မု(စ်)ကောင်သည် ဆောင်းရာသီဝင်ရောက်လာ သောအခါတွင် ကုန်းမြင့်များသို့ တက်ရောက်၍ နေထိုင်၏။ ထိုအခါ၌ တစ်ကောင်တည်း မနေတော့ပေ။ အထီးအမ များစွာ စုရုံး၍ သုံးလေးဧကခန့်ရှိသော နေရာတစ်ကွက်ကို ရွေးချယ်ပြီးလျှင်၊ ထိုစည်းဝိုင်းထဲမှ မထွက်ဘဲ နေကြတော့၏။ ဝံပုလွေများကို အလွန်ကြောက်၏။ ဝံပုလွေဟောင်သံကို ကြားလျှင်ပင် ကြောက်လွန်း၍ တုန်နေသည်။ ဝံပုလွေများ အနီးသို့ ရောက်လာသောအခါ ပြေးရမည်လား၊ ပုန်းရမည်လား မသိနိုင်အောင်ပင် ရှိတော့သည်။ သို့သော် အသက်ကို အလဟဿမစွန့်လွှတ်ဘဲ တတ်နိုင်သမျှ ခုခံ၏။ ဥိးချိုနှင့်ဝှေ့၍ ခြေထောက်နှင့်ကန်ကာ၊ ဝံပုလွေအုပ်ငယ်ငယ်ကိုတွန်း လှန်နိုင်သည်။ အုပ်ကြီးလျှင်ကား အစုလိုက် အပြုံလိုက် သေကြရလေသည်။
အထီး ၂ ကောင်ရှိလျှင် မိတ်လိုက်ချိန်၌ အကြီးအကျယ် တိုက်ခိုက်တတ်ကြ၏။ အမများမှာလည်း သားငယ်ကိုတစ်ဦးဦးက နှောင့်ရှက်လျှင် အတင်းလိုက်၍ ဝှေ့တတ်၏။ အခြားအချိန်များ၌ မုစကောင်တို့သည် သိမ်မွေ့၍ ရန်သူလာသည်ဟုထင်သည်နှင့် တစ်ပြိုင်နက် လျင်မြန်စွာ ထွက်ပြေးလေတော့သည်။[၄]
ကိုးကား[ပြင်ဆင်ရန်]
- ""I giacimenti quaternari di vertebrati fossili nell'Italia nord-orientale"" (January 1991). Memorie di Scienze Geologiche 43.
- Alces alces Linnaeus 1758 (moose)။
- Hundertmark, K. (2016). ""Alces alces"". IUCN Red List of Threatened Species 2016. IUCN. doi:10.2305/IUCN.UK.2016-1.RLTS.T56003281A22157381.en.
- မြန်မာ့စွယ်စုံကျမ်း၊ အတွဲ(၉)
|ဝီကီမျိုးစိတ်တွင် Alces alces နှင့် ပတ်သက်သော အချက်အလက်များ ရှိသည်။|
|Wikimedia Commons တွင် Alces alces နှင့် ပတ်သက်သော မီဒီယာ ရှိသည်။|",4.0,2.0,3.0,3.0,3.0,"The document provides a comprehensive, encyclopedic overview of the moose, suitable for educational purposes. It includes biological classification and behavioral descriptions. While it contains some formatting artifacts from a wiki-style source, the content is coherent and written in natural, standard Burmese, reflecting a high level of cultural and linguistic authenticity."
<urn:uuid:94621fc9-0706-4e62-95c5-b434ba17c8ef>,"ဗီတာမင်စီဟာ ခန္ဓာကိုယ် ကျန်းမာရေးအတွက် မရှိမဖြစ် လိုအပ်တဲ့ ဓာတ်တွေထဲက တမျိုးဖြစ်ပြီး ဗီတာမင်စီ ချို့တဲ့တဲ့အခါ ရေရှည်မှာ ကျန်းမာရေး ဆိုးကျိုးတွေ ဖြစ်ပေါ်စေနိုင်ပါတယ်။ ဗီတာမင်စီဟာ အချဉ်ဓာတ်ပါတဲ့ အသီးအနှံတွေမှာ အများဆုံးပါဝင်တာကြောင့် ခဲခဲယဉ်းယဉ်း ရှာဖွေစားသောက် နေစရာ မလိုပါဘူး။
အခုဖော်ပြပေးမှာကတော့ ဗီတာမင်စီ ချို့တဲ့နေကြောင်း ခန္ဓာကိုယ်က သတိပေးနေတဲ့ လက္ခဏာတွေပဲ ဖြစ်ပါတယ်။
(၁) သွားဖုံး သွေးယိုတာမျိုးနဲ့ ရောင်ရမ်းတာတွေ ဖြစ်ပေါ်မယ်
ဗီတာမင်စီဟာ သွားနဲ့ခံတွင်း ကျန်းမာရေးအတွက် အရေးကြီးတဲ့ ဓာတ်တမျိုး ဖြစ်တာကြောင့် ဗီတာမင်စီချို့တဲ့တဲ့အခါ သွားဖုံးသွေးယိုတာ၊ ရောင်ရမ်း နာကျင်တာမျိုးတွေ ဖြစ်ပေါ်နိုင်ပါတယ်။
(၂) အအေးမိ၊ ဖျားနာခြင်းတွေ မကြာခဏ ဖြစ်ပေါ်မယ်
ခန္ဓာကိုယ် ခုခံအားစနစ်အတွက် ဗီတာမင်စီဟာ မဖြစ်မနေ လိုအပ်တာကြောင့် ဗီတာမင်စီ ချို့တဲ့တဲ့အခါ မကြာခဏဆိုသလို အအေးမိ၊ ဖျားနာခြင်းတွေ ဖြစ်ပေါ်နိုင်ပါတယ်။
(၃) အရိုး၊ အဆစ်တွေ နာကျင် ကိုက်ခဲမယ်
အကြောင်းရင်း မယ်မယ်ရရ မရှိဘဲနဲ့ လမ်းလျှောက်တဲ့အခါ ဒူး၊ ခြေကျင်းဝတ် စတာတွေ နာကျင်မယ်၊ အထိုင်အထ ပြုလုပ်တဲ့အခါ ခါးနေရာကနေ မကြာခဏဆိုသလို နာကျင် ကိုက်ခဲနေမယ်ဆိုရင် သင့်ခန္ဓာကိုယ်မှာ ဗီတာမင်စီ ချို့တဲ့နေကြောင်း သိရှိနိုင်ပါတယ်။
(၄) အသားအရေတွေ ခြောက်သွေ့ကြမ်းတမ်းနေမယ်
ရေများများသောက်ပြီး ခန္ဓာကိုယ်ကို ရေဓာတ်ဖြည့်တင်းနေပေမယ့် အသားအရေတွေဟာ ခြောက်သွေ့ကြမ်းတမ်းနေမယ်၊ အနည်းငယ် ထိခိုက်မိရုံနဲ့ အညိုမည်း စွဲလွယ်မယ်ဆိုရင်တော့ ဒါဟာ ဗီတာမင်စီ ချို့တဲ့နေကြောင်း ပြသတဲ့ လက္ခဏာ တခုပါ။
(၅) အလိုလိုနေရင်း ပင်ပန်း နွမ်းနယ်နေမယ်
အိပ်ရေးပျက်တာမျိုးနဲ့ ပင်ပင်ပန်းပန်း လုပ်ကိုင်ရတာမျိုးတွေကြောင့် မဟုတ်ဘဲ အလိုလိုနေရင်း ပင်ပန်းနွမ်းနယ် နေသလို ခံစားနေရတာဟာ ခန္ဓာကိုယ်မှာ ဗီတာမင်စီဓာတ် လိုအပ်နေကြောင်း ပြသတဲ့ လက္ခဏာတခု ဖြစ်ပါတယ်။
မြန်မာပြည်သူလူထုရဲ့ ကျန်းမာရေးအခက်အခဲများအတွက် ဖုန်းထဲမှာ အမြဲရှိနေပေးမယ့် MyHealthcare Mobile Application
==========================
• MyHealthcare Application ကို Google Play Store မှအခမဲ့ ဒေါင်းယူရန် - http://bit.ly/2Tr7j8s",4.0,2.0,2.0,4.0,4.0,"The text provides clear, educational health information about Vitamin C deficiency. It uses natural Burmese phrasing and is well-structured. While it includes a promotional link at the end, the core content is coherent, accurate, and accessible to a general audience, demonstrating good logical structure in listing symptoms."
<urn:uuid:2ff40f14-20e3-41f7-a259-b616db911840>,"08-May-2017
ရန်ကုန်၊ မေ ၈
မြန်မာနိုင်ငံ တောင်ပိုင်းဒေသများသို့ လာမည့် သီတင်းပတ်အတွင်း မုတ်သုံလေ စတင် ဝင်ရောက်လာနိုင်ဖွယ်ရှိပြီး မုတ်သုံလေ မဝင်ရောက်မီနှင့် စတင် ဝင်ရောက်ချိန်တွင် ဒေသအချို့၌ မိုးသက်လေပြင်း အန္တရာယ် ရှိနိုင်ကြောင်း မိုးလေဝသနှင့် ဇလဗေဒ ညွှန်ကြားမှုဦးစီးဌာန ညွှန်ကြားရေးမှူး ဦးကျော်လွင်ဦးက ပြောကြားသည်။
မုတ်သုံလေသည် တနင်္သာရီ၊ မြန်မာနိုင်ငံ တောင်ပိုင်းဒေသများသို့ မေလ ၁၅ ရက်နေ့မှ ၂၀ ရက်နေ့အတွင်း ဝင်ရောက်နိုင်ရာ ဒေသအလိုက် မိုးထစ်ချုန်းရွာခြင်း၊ မိုးသက်လေပြင်း တိုက်ခတ်ခြင်းနှင့် မိုးကြိုးပစ်ခြင်းစသည့် ဆိုးရွားသည့် မိုးလေဝသ ဖြစ်စဉ်များကို မွန်းလွဲ ညနေပိုင်းနှင့် ညပိုင်းတို့တွင် ကြုံတွေ့ရနိုင်ကြောင်း ၎င်းက သတိပေး ပြောဆိုသည်။
“မြစ်ဝကျွန်းပေါ်နဲ့ ကမ်းရိုးတန်းသွား လှေ၊ သင်္ဘော၊ ရေယာဉ်တွေ ပြည်တွင်း ပျံသန်းနေတဲ့ လေယာဉ်တွေ အနေနဲ့ မိုးတိမ်တောင်တွေရဲ့ နောက်ဆက်တွဲ ဆိုးရွားတဲ့ မိုးလေဝသ အခြေအနေတွေကို သတိထားသင့်တယ်”ဟု ၎င်းက ဆိုသည်။
ထို့ပြင် အနောက်ဘက်မှ ရွေ့လျားလာသည့် လေပွေလှိုင်းများ အရှိန်ကြောင့် စစ်ကိုင်းတိုင်း အောက်ပိုင်း၊ မန္တလေးတိုင်းဒေသကြီးနှင့် ရှမ်းပြည်နယ်တို့တွင် နေရာ ကျဲကျဲ မိုးရွာနိုင်ပြီး ရခိုင်ပြည်နယ်၊ ချင်းပြည်နယ်နှင့် မကွေးတိုင်းဒေသကြီးတွင် နေရာကွက်၍ မိုးကြီးနိုင်ကြောင်း မိုးလေဝသ ပညာရှင် ဒေါက်တာထွန်းလွင်က ခန့်မှန်း သတိပေး ပြောဆိုထားသည်။
ယင်းသို့ မုတ်သုံလေ စတင် ဝင်ရောက်ချိန်တွင် ဘင်္ဂလား ပင်လယ်အော်တွင် မုန်တိုင်း ဖြစ်ပေါ်တတ်သည့်အတွက် သတိပြု စောင့်ကြည့်ရန်လိုကြောင်း၊ လက်ရှိ ခန့်မှန်းချက်များအရ မုန်တိုင်းဖြစ်နိုင်ခြေ မတွေ့ရှိသေးကြောင်း ဦးကျော်လွင်ဦးက ပြောကြားသည်။
လက်ရှိ နေ့အပူချိန်များ မြင့်တက်နေရာမှ မေလ ၉ ရက်နေ့ နောက်ပိုင်းတွင် မြန်မာနိုင်ငံတစ်ဝန်း နေ့အပူချိန်များ အနည်းငယ် ပြန်လည် လျော့ကျသွားနိုင်ပြီး မြန်မာနိုင်ငံ တောင်ပိုင်းဒေသများတွင် မိုးရေချိန် တစ်လက်မခွဲမှ နှစ်လက်မခန့် ရသည်အထိ မိုးထစ်ချုန်း ရွာနိုင်ကြောင်း ၎င်းက ဆက်လက် ပြောကြားသည်။
ပြီးခဲ့သည့်ရက်ပိုင်းက ပဲခူးတိုင်းဒေသကြီး၊ စစ်ကိုင်းတိုင်းဒေသကြီးနှင့် မန္တလေးတိုင်းဒေသကြီးတို့တွင် မိုးတိမ်တောင်ကြောင့် မိုးသက်လေပြင်းများ တိုက်ခတ်ခဲ့ရာ နေအိမ်များ ပြိုကျပျက်စီးခဲ့ပြီး မိုးကြိုးပစ်ခြင်းကြောင့် လူနှင့် ကျွဲ၊ နွားများ သေဆုံးခဲ့သည်။
E-03
- SOURCES
- The Voice
-
20-Jul-2019
-
20-Jul-2019
-
20-Jul-2019
-
20-Jul-2019
-
20-Jul-2019
-
20-Jul-2019
-
10-Jul-2019
-
09-Jul-2019
-
13-Jul-2019
-
04-Jul-2019
-
06-Jul-2019
-
01-Jul-2019",3.0,2.0,2.0,2.0,5.0,"The text is a factual news report about weather patterns in Myanmar. It provides useful public safety information but lacks deep analytical reasoning. It is written in natural, professional Burmese with correct local terminology. The cleanliness score is reduced due to the inclusion of irrelevant boilerplate/metadata at the end of the document."
<urn:uuid:508646f7-2d60-4c4c-ad4a-40aaa7b7604f>,"ကိုယ်အလေးချိန်လျော့ကျဖို့ဆိုတာဟာ လွယ်ကူတဲ့အလုပ်မဟုတ်ဘူးဆိုတာကို လူတိုင်းသိနားလည်ကြပါတယ်။ ဒါပေမယ့်လည်း အချို့သော လေ့လာတွေ့ရှိချက်များအရ ကျွန်ုပ်တို့ရဲ့ နေ့စဉ်အကျင့်လေးတွေကို ပြင်ဆင်ပြောင်းလဲလိုက်မယ်ဆိုရင် ကိုယ်ခန္ဓာကအဆီပိုတွေကို မပင်မပန်းပဲ့နဲ့ ဖယ်ရှားနိုင်မှာဖြစ်ပါတယ်။
၁။ အသက်ပြင်းပြင်းရှူပါ
အသက်ကိုပြင်းပြင်းရှူပေးခြင်းက ကိုယ်အလေးချိန်တက်စေပြီး စိတ်ဖိစီးမှုတွေဖြစ်စေတဲ့ Cortisol ပမာဏကို နည်းပါးစေပြီး ပုံမှန်ထက် အသက်ကိုနည်းနည်းမြန်မြန်ရှူပေးမယ်ဆိုရင် ကာဗွန်ဒိုင်အောက်ဆိုဒ်ကို ဖယ်ရှားပစ်လို့ ဆဲလ်တွေအားပိုရစေဖို့ ဖြစ်စေပါတယ်။
၂။ မနက်စာအတွက် အသီးအရွက်များများစားပါ
တနေ့တာရဲ့ လိုအပ်တဲ့ အားအင်တွေကို မနက်စာကဖြည့်ဆည်းပေးလို့ ထိုမနက်စာအတွင်းမှာ ဟင်းသီးဟင်းရွက်တွေကို ထည့်သွင်းစားသုံးပေးခြင်းက သင့်ကိုပြည့်အင့်စေလို့ အခြားအစားအစာတွေစားမိပြီး ကယ်လိုရီတွေတက်မှာ မပူရတော့ဘူးပေါ့။
၃။ မတ်မတ်ထိုင်ပါ
အလုပ်လုပ်နေချိန်ဖြစ်စေ၊ ထမင်းစားချိန်ဖြစ်စေ၊ တီဗွီကြည့်နေချိန်မှာတောင်မှ မတ်မတ်ထိုင်ပေးခြင်းက ကိုယ်အလေးချိန်ကို မြန်မြန်နဲ့ထိရောက်စွာလျော့ချနိုင်မှာဖြစ်ပါတယ်။
၄။ အစပ်စားပါ
Capsaicin ပါဝင်တဲ့ အစားအစာတွေကို စားပေးခြင်းက ခန္ဓာကိုယ်တွင်းက အဆီတွေကို လောင်ကျွမ်းစေတဲ့ အရှိန်နှုန်းကို မြင့်တက်စေပါတယ်။ ဘာမှလုပ်စရာမလိုဘဲနှင့် အဆီလောင်ကျွမ်းစေနိုင်မယ့် နည်းလမ်းကောင်းတစ်ခုပါ။
၅။ လှေကားထစ်ကို အတက်အဆင်းလုပ်ပါ
ဓာတ်လှေကားအစား လှေကားထစ်များကို အသုံးပြုပါ။ တက္ကသိုလ်တစ်ခုရဲ့ ဖော်ပြချက်အရ တနေ့မှာ အလွှာ ၂ လွှာကို အတက်အဆင်းလုပ်ပေးမယ်ဆိုရင်ကို တနှစ်မှာ ခြောက်ပေါင်ကျစေနိုင်ပါတယ်။
၆။ အစာမစားခင် ရေနှစ်ခွက်သောက်ပါ
အရှိန်မထိမ်းနိုင်ဘဲ အများကြီးစားသောက်မိခြင်းမဖြစ်ရအောင် အစာမစားခင်မှာ ရေနှစ်ခွက်ကို ဝအောင်သောက်ပေးပါ။ ရေသောက်ပြီးဗိုက်တင်းနေသည့်အတွက် အစာအများကြီးလည်း မစားမိအောင် တားဆီးနိုင်မှာပါ။
၇။ လမ်းလျှောက်ပါ
ကိုယ်အလေးချိန်လျော့ကျဖို့အတွက် လမ်းလျှောက်ခြင်းက အကောင်းဆုံးနည်းလမ်းပါပဲ။ တစ်နာရီကို ဖြည်းဖြည်းနဲ့မှန်မှန်လမ်းလျှောက်ပေးမယ်ဆိုရင်ကို ကယ်လိုရီပေါင်း ၂၅၅ ကျော်လောင်ကျွမ်းစေနိုင်မှာဖြစ်လို့ ဘတ်စ်ကားစီးစရာမလိုသည့်နေရာများကို လမ်းလျှောက်ပြီးသွားလာပါ။
၈။ ပန်းကန်အသေးနဲ့စားပါ
ပန်းကန်အသေးထဲမှာ အစားအသောက်နည်းနည်းပဲ ထည့်စားခြင်းက အစာအများကြီးစားခြင်းမှ ရပ်တန့်စေဖို့အတွက် ကိုယ့်ကိုကိုယ် လှည့်စားလိုက်တဲ့ နည်းလမ်းတစ်ခုပါပဲ။
၉။ ဖြည်းဖြည်းချင်းစားပါ
အစားအသောက်တွေကို ဖြည်းဖြည်းချင်းဝါးပေးတာက ဦးနှောက်ကိုအချိန်ပေးလိုက်သလိုဖြစ်လို့ အများကြီးစားမိခြင်းမှ တားဆီးပေးသည့်အတွက် ကယ်လိုရီတက်မှုကိုလည်း လျော့ချနိုင်မှာပါ။
၁၀။ ရေပူနဲ့ရေချိုးပါ
ရေချိုးတဲ့အခါမှာ ရေပူကိုအသုံးပြုခြင်းက မိနစ် သုံးဆယ်စာလမ်းလျှောက်ပေးခြင်းရဲ့ ကယ်လိုရီလောင်ကျွမ်းမှုပမာဏနဲ့ ညီမျှတဲ့အတွက် ရေပူပူလေးနဲ့ ရေချိုးပေးပါ။",4.0,2.0,2.0,5.0,4.0,"The text provides practical, accessible health advice suitable for general education. It uses simple logical connections (cause-effect) for weight loss tips. The language is natural, idiomatic Burmese, and the formatting is clean and well-structured. It requires basic health literacy rather than specialized expertise."
<urn:uuid:eaf4eb00-3bce-4c54-aaf7-2998fd1915bd>,"|
|
တရားတော်အမည်
|၁၃-၄-၁၉၉၃ (နံနက်) ပဋိစ္စ သမုပ္ပါဒ် အခြေခံတရား|
|၁၃-၄-၁၉၉၃ (ညနေ) ရှည်လျားတဲ့ ဘ၀သံသရာ|
|၁၄-၄-၁၉၉၃ (နံနက်) ပဋိစ္စ သမုပ္ပါဒ်နှင့် ကမ္မဘ၀ရှင်းတမ်းတရား|
|၁၄-၄-၁၉၉၃ (ညနေ) ရှေးအတိတ် ကံစွမ်းအားကြောင့် ဖြစ်ပေါ်လာပုံတရား|
|၁၅-၄-၁၉၉၃ (နံနက်) ရုပ်နာမ်ခွဲ ပညတ် ပရမတ်ခွဲ တရား|
|၁၅-၄-၁၉၉၃ (ညနေ) တဏှာ သင်္ခါယသုတ်|
|၁၆-၄-၁၉၉၃ (နံနက်) ၆၂-ပါးသော မိစ္ဆာဒိဋ္ဌိများ တရား|
|၁၆-၄-၁၉၉၃ (ညနေ) ဆပ္ပါဏကောပမသုတ်|
|၁၇-၄-၁၉၉၃ (နံနက်) သုညတ ဆိုက်အောင် ရှုပါတရား|
|၁၇-၄-၁၉၉၃ (ညနေ) တေ၀ိဇ္ဇ သုတ်|
|၁၈-၄-၁၉၉၃ (နံနက်) ဖဂ္ဂုန ရဟန်းတရား|
|၁၈-၄-၁၉၉၃ (ညနေ) ဒါရုက္ခန္ဓောပမသုတ်|
|၁၉-၄-၁၉၉၃ (နံနက်) သမ္မာ ဒိဋ္ဌိ ငါးမျိုးတရား|
|၁၉-၄-၁၉၉၃ (ညနေ) အဂ္ဂိ ၀စ္ဆ သုတ်|",3.0,1.0,3.0,3.0,5.0,"The document is a list of Buddhist Dhamma lecture titles. It provides educational value regarding religious studies and requires moderate familiarity with Buddhist terminology. It is culturally authentic, reflecting traditional Burmese religious practice, though it lacks complex reasoning or prose, functioning primarily as an index or schedule."
<urn:uuid:31f398a1-de06-48ae-b8f7-609aa28df4c3>,"ကန္တာရဝတီတိုင်းမ်
ကယားပြည်နယ်ဝန်ကြီးချုပ် အယ်လ်ဖောင်းရှို သိမ်းယူထားသည့် မယ်စဲတိုက်နယ် ကက်သလစ်သာသနာ နယ်မြေကိစ္စကို ယမန်နေ့ မယ်စဲတိုက်နယ် ကက်သလစ်ဘုန်းတော်ကြီးနေအိမ်တွင် ဝန်ကြီးချုပ်နှင့် ဝန်ကြီးများ၊ မြို့နယ်အုပ်ချုပ်ရေးမှူးများနှင့် ကက်သလစ်ဆရာတော်ကြီး၊ ဘုန်းတော်ကြီးတို့နှင့် နှစ်ဖက်တိုင်ပင်ဆွေးနွေးနေစဉ် ဝန်ကြီးချုပ်မှ လိုအပ်လျှင်ပြန်လှူမည်ဟု ပြောဆိုထားကြောင်း သာသနာ့အကျိုးတော်ဆောင်အဖွဲ့ဝင် ကိုသားကြီးကပြောသည်။
̏ ကျွန်တော်ကတော့ လိုအပ်ရင် ပြန်လှူပေးမယ်လို့တော့ ပြောတယ်ပေါ့နော၊ သူကလည်း သူ့အနေနဲ့မတရားယူထားတာ မဟုတ်ဘူး၊ ငါလုပ်ထုံးလုပ်နည်းနဲ့ အညီရယူထားတယ်လို့ပဲ သူသဘောပေါက်ထားတယ်ပေါ့နော။ သိချင်တယ်ဆိုရင်လည်း သူခေါ်လာတဲ့ ဥပဒေအရာရှိတွေရှိတယ်၊ ဦးစိုင်းကျော်ဇံတို့ဘာတို့ပါတယ် သူတို့ကို မေးကြည့်လို့ရပါတယ်လို့ပဲ ပြောတယ်လေ˝ ဟု ကိုသားကြီးက ပြောသည်။
သို့သော် လိုအပ်လျှင် ပြန်လှူပေးမည်ဟု မပြောဆိုထားကြောင်း ပြည်နယ်ဝန်ကြီးချုပ် အယ်လ်ဖောင်းရှိုက ကန္တာရဝတီတိုင်းမ်မှ မေးမြန်းချက်ကို ပြန်လည်ဖြေဆိုထားသည်။
̏ အဲ့ဒါကိုယ်တော်တွေကိုမေးသမီး၊ လှူမယ်လို့ပြောတာလည်း မပြောခဲ့ရဘူးသမီး အဲ့ဒါသူတို့ကိုမေးနော၊ ဒီလောက်ပဲနော။˝ ဟု ဝန်ကြီးချုပ်က ပြောသည်။
နိုဝင်ဘာလ၁ဝရက်နေ့ ကျောင်းထိုင်ဘုန်းတော်ကြီးနေအိမ်တွင် နှစ်ဖက်တွေ့ဆုံညှိနှိုင်းရာ မည်သူ့ကိုမျှဝင်ခွင့်မပြုပဲ ဆွေးနွေးမှုပြုလုပ်အပြီးတွင် မီဒီယာများကို ဖြေကြားခြင်းမပြုခဲ့ပေ။
လက်ရှိတွင် ဝန်ကြီးချုပ်မှ လုပ်ထုံးလုပ်နည်းအတိုင်း ၎င်းလုပ်ကိုင်ဆောင်ရွက်နေသည်ဟု ယူဆနေသော်လည်း လုပ်ပိုင်ခွင့်ကို အလွဲသုံးစားမှုဖြစ်နေကြောင်း အကျိုးတော်ဆောင်အဖွဲ့ဝင် ကိုသားကြီးက ဆက်ပြောသည်။
̏လိုအပ်တယ်ဆိုရင် ပြန်လှူပေးဆိုလည်း လှူပေးပါ့မယ်လို့တော့ သူပြောတယ်ပေါ့နော၊ ဒါပေမယ့်အခုတော့ မပြောခဲ့ဘူးဆိုတော့ ကျွန်တော်တို့လည်း လူကြီးတစ်ယောက်ကို အတင်းဇွတ်သွားပြောလို့မရဘူးလေ။ ပေးချင်ပေးမပေးချင်နေ၊ ကျွန်တော်တို့အနေနဲ့ ခံယူထားတာကတော့ လုပ်ပိုင်ခွင့်ကို အလွဲသုံးစားလုပ်ပြီးတော့ ယူထားတယ်လို့ပဲ ခံစားရတဲ့အတွက်ကြောင့် ပေးရင်လည်းယူမယ် မပေးရင်လည်း မယူဘူး ဘာလို့ဆို လက်ရှိသူက ဝန်ကြီးချုပ်ဖြစ်နေတော့ ကယားပြည်နယ်မှာသူကြီးတော့ သူခိုင်းပြီဆိုတည်းက ဝန်ထမ်းတွေကလည်း လုပ်ပေးကြတယ်လို့ပဲ ကျွန်တော်မြင်တယ်လေ။˝ဟု ၎င်းကပြောသည်။
လက်ရှိတွင် ဝန်ကြီးချုပ်၏အဖြေကို စောင့်နေခြင်းမဟုတ်ဘဲ ပါတီမှ ဆုံးဖြတ်ပေးမည်ကိုသာ စောင့်နေကြောင်း တိုက်နယ်ကျောင်းထိုင်ဘုန်းတော်ကြီး ဖာသာရ်ရစ်ချက်သူရထွန်းက ပြောသည်။
̏ အဖြေက ဝန်ကြီးချုပ်ဆီက မမျှော်လင့်ပါဘူး၊ ကျွန်တော်တို့ထုတ်ထားတဲ့ စာပေါ်မှာ ပါတဲ့အတိုင်းပဲ အထက်မှာတင်ပြထားတဲ့အတိုင်းပဲ၊ အထက်ကနေ လာရောက်ဖြေရှင်းဖို့ မျှော်လင့်ပါတယ်။˝ ဟု ဖာသာရ်ရစ်ချက်သူရထွန်းက ပြောသည်။
ယခုလို ဝန်ကြီးချုပ်မှ ကိုယ်တိုင်မဖြေရှင်းနိုင်ဘဲ ပါတီအကြီးအကဲမှ လာရောက်ဖြေရှင်းပေးမည်ဆိုသည်မှာ ပါတီမှ မည်သို့အကာအကွယ် ပေးပေးထားသည်မှာ စဉ်းစားစရာဖြစ်နေကြောင်း နိုင်ငံရေးတက်ကြွလှုပ်ရှားသူ ကိုဂျွန်နီမင်းက ပြောသည်။
̏ ဒီမြေကိစ္စက ဝန်ကြီးချုပ်အယ်လ်ဖောင်းရှိုနဲ့ဆိုင်တယ်၊ ဒါပေမယ့် ပါတီကလာပြီးဆင်းဖြေရှင်းပေးမယ်လို့ အဲ့လိုကြားတယ်ပေါ့နော၊ ဆိုတော့ ဒီမြေက ပါတီက သိမ်းတာလား၊ အယ်လ်ဖောင်းရှိုက ပါတီအတွက်သုံးတာလား၊ ပြည်နယ်အတွက်သုံးတာလား ဒါက သူလုပ်ထားတဲ့ဟာဖြစ်တဲ့အတွက် ဒီပြဿနာကို ပါတီကဖြေရှင်းပေးတယ်ဆိုတာ ဘာကြောင့်လဲပေါ့။ အယ်လ်ဖောင်းရှိုက သူ့အနေနဲ့ ဖောင်းနေတဲ့ဟာတွေအများကြီးရှိတယ်။ ဒါပေမယ့်သူ့ကို ပြည်နယ်ဗဟိုကရော ပါတီကရော ဘာမှအရေးယူဆောင်ရွက်တာတွေ မရှိဘဲနဲ့ ဒီလိုမျိုးဖြေရှင်းပေးနေတာဟာ ဒါကတော့ သူ့နောက်မှာ ပါတီကဘယ်လိုများ အကာအကွယ်ပေးထားလဲပေါ့ ဒါတွေက စဉ်းစားစရာဖြစ်လာတယ် ဒီကိစ္စ အယ်လ်ဖောင်းရှိုကိုယ်တိုင် ရှင်းရမှာလေ။˝ ဟု ကိုဂျွန်နီမင်းက ပြောသည်။
ဝန်ကြီးချုပ် သိမ်းယူထားသည့်မြေမှာ ဧကတစ်ဝက်ပင်မရှိသော်လည်း ဘုရားကျောင်း၏ အရှေ့မျက်နှာစာဖြစ်နေသည့်အတွက်ကြောင့်နှင့် ဘာသာသူများမှ တက်ညီလက်ညီတောင်းဆိုသည့်အတွက်ကြောင့် ပြန်လည်တောင်းဆိုရခြင်းဖြစ်ကြောင်း ဖာသာရ်က ပြောသည်။
လက်ရှိ ဝန်ကြီးချုပ်သိမ်းယူထားသည့် မြေဧကပေါ်တွင် မြေကော်စက်နှင့် မြေများညှိကာ အိမ်ဆောင်များ ဆောက်လုပ်ထားသည်ကို တွေ့ရှိရပါသည်။",2.0,3.0,2.0,5.0,5.0,"The document is a well-written, authentic news report from a local Burmese outlet. It provides insight into local political and land-use disputes, requiring basic reasoning to follow the conflicting accounts. It is clean, professionally formatted, and uses natural, culturally specific language and honorifics, making it a high-quality example of local journalism."
<urn:uuid:7bdece5d-6dae-407a-b9e5-d6c2cd72d6f1>,"တောင်တွင်းကြီး ၊ ၂၃-၁၁-၂၀၁၅
ဓာတုဆိုးဆေး ပါပြီး စားသုံးရန် မသင့်သော မုန့်များကို တိုက်ပွဲတစ်ခု အသွင်ဖြင့် ဆန့်ကျင်ပြီး ကျန်းမာရေး နှင့် ညီညွတ်သော တိမ်မြုပ်နေသည့် မြန်မာ့ရိုးရာ မုန့်များကို ပြန်လည် ဖော်ထုတ်ပေးမည့် မုန့်တိုက်ပွဲ လှုပ်ရှားမှုကို မကွေးတိုင်း ဒေသကြီး တောင်တွင်းကြီး မြို့၌ နိုဝင်ဘာ ၂၆ ရက်တွင် ကျင်းပသွားမည် ဖြစ်ကြောင်း သိရသည်။
အဆိုပါ မုန့်တိုက်ပွဲကို တောင်တွင်းကြီးမြို့ ဒေသခံများက တန်ဆောင်တိုင် မီးထွန်းပွဲနှင့် အတူ ကျင်းပလေ့ရှိပြီး ယခုနှစ်သည် တတိယ အကြိမ်မြောက် ကျင်းပခြင်း ဖြစ်ကြောင်း သိရသည်။
အဆိုပါ ပွဲတော်တွင် ဝါးဖြင့် ပြုလုပ်ထားသော ယာယီတဲများ တည်ဆောက်၍ တဲတစ်လုံးတွင် မြန်မာမုန့် နှစ်မျိုး ထည့်သွင်း ကျွေးမွေးမည် ဖြစ်ပြီး စုစုပေါင်း တဲ ၁၅ လုံးတွင် မြန်မာမုန့် အမျိုးပေါင်း ၃ဝ ပါဝင် ထည့်သွင်း ကျွေးမွေး သွားမည် ဖြစ်သည်။ ထိုသို့ ကျွေးမွေးနိုင်ရန် မုန့်တိုက်ပွဲ လှုပ်ရှားသူများ အဖွဲ့အား မုန့်တစ်မျိုးလျှင် ငွေကျပ် ငါးသောင်းနှုန်းဖြင့် လှူဒါန်း နိုင်ပြီး ယခုအချိန်ထိ မုန့်တဲ ၁ဝ ခုစာ အလှူငွေ ကျပ် ၁ဝ သိန်း လက်ခံ ရရှိပြီးပြီ ဖြစ်ကြောင်း သိရသည်။
''အဓိက ကတော့ ကလေးတွေကို မြန်မာ့ရိုးရာ မုန့်တွေနဲ့ ရင်းနှီးလာအောင်၊ ကြိုက်တတ် လာအောင် ကြိုးစားတာပါ။ တန်ဆောင်တိုင် လပြည့်နေ့ တိုင်းကို နိဗ္ဗာန်ဈေး ပွဲတော် (စတုဒိသာ ကျွေးပွဲ) ခင်းပြီး ကလေးတွေကို အာဟာရဒါန ပြုကြတာပါ။ ဓာတုဆိုးဆေး တွေပါတဲ့ မစားသင့် တဲ့မုန့်တွေ အစား အခုလို မြန်မာ့ရိုးရာ မုန့်တွေကို ကလေးတွေ စားလာရင် ကလေးတွေ သက်တမ်းစေ့ နေနိုင်ဖို့ အထောက်အကူ ဖြစ်မယ်လို့ ယူဆပါတယ်'' ဟု မုန့်တိုက်ပွဲ လှုပ်ရှားမှုတွင် ပါဝင်စီစဉ်သူ တစ်ဦးက ပြောသည်။ (၄၄၇)
မြ၀တီနေ့စဉ် ၊ စာ(၁၂)",3.0,2.0,2.0,5.0,5.0,"The text is a well-structured news report about a local cultural event in Taungdwingyi. It promotes traditional Burmese snacks over processed ones, offering educational value regarding health and culture. It uses natural, authentic Burmese language and local context, and is free of noise or formatting issues."
<urn:uuid:a06a43c1-4969-4081-8e41-007337096b36>,"နေပြည်တော်၊ သြဂုတ် ၉
တင်ဒါစနစ်ဖြင့် အဆောက်အအုံတည် ဆောက်ရာတွင် အရည်အသွေးစံ ချိန်စံညွှန်းမမီမှုများသည် မတော်တဆမှားယွင်းမှုမဟုတ် ကန်ထရိုက်တာများ၏ မတရားအကျိုးအ မြတ်ရရှိအောင် တမင်ရည်ရွယ်ချက်ရှိရှိလုပ်ဆောင်ခြင်းဖြစ်သည်ဟု ပြည် ထောင်စုလွှတ်တော် ပြည်သူ့ငွေ စာရင်းပူးပေါင်းကော်မတီ ဒုတိယဥက္ကဋ္ဌ ဦးအောင်မင်းကပြောသည်။
သြဂုတ် ၉ ရက်ကကျင်းပသည့် ဒုတိယအကြိမ်ပြည်ထောင်စုလွှတ်တော် နဝမပုံမှန်အစည်းအဝေး သတ္တမနေ့တွင် ပညာရေးဝန်ကြီးဌာန အခြေခံပညာဦးစီးဌာန၏ ၂ဝ၁၇-၂ဝ၁၈ ဘဏ္ဍာ ရေးနှစ် တည်ဆောက်ရေးလုပ်ငန်းများ အကောင်အထည်ဖော်ဆောင်ရွက်နိုင်မှုအခြေအနေနှင့်ပတ်သက်၍ ပြည်ထောင်စုလွှတ်တော် ပြည်သူ့ငွေစာရင်းပူးပေါင်းကော်မတီ လေ့လာတွေ့ရှိချက်နှင့် သ ဘောထားမှတ်ချက်အစီရင်ခံစာအား ဖတ်ကြားတင်ပြရာ၌ယင်းကဲ့သို့ပြောခြင်းဖြစ်သည်။ ပြည်သူ့ ငွေစာရင်းပူးပေါင်းကော်မတီ ဒုတိယဥက္ကဋ္ဌ ဦးအောင်မင်းက ''တင်ဒါ စနစ်ဖြင့် အဆောက်အအုံတည် ဆောက်ရာမှာ အရည်အသွေးစံချိန်စံညွှန်းမမီတာတွေဟာ မတော်တဆမှားယွင်းမှုတွေမဟုတ်ပါဘူး။ ကန်ထရိုက်တာတွေရဲ့ မတရားအကျိုး အမြတ်ရရှိအောင် တမင်ရည်ရွယ်ချက်ရှိရှိ လုပ်ဆောင်ခြင်းဖြစ်တယ်လို့သုံးသပ်ပါတယ်''ဟု ပြောသည်။
အရည်အသွေးစံချိန်စံညွှန်း မရှိခြင်းနှင့်ပတ်သက်၍ သဘောတူစာချုပ်တွင် လုပ်ငန်းအပ်နှံသူကျေနပ်သည်အထိ ပြန်လည်ပြင်ဆင် ပေးရန်ဖော်ပြထားသော်လည်း လက်တွေ့မှာ ယင်းစည်းကမ်းချက်များကို လိုက်နာမှု အင်မတန်နည်းပါးကြောင်း ၎င်းကပြောသည်။ ပြည်သူ့ငွေစာရင်းပူးပေါင်း ကော်မတီဒုတိယဥက္ကဋ္ဌ ဦးအောင်မင်းက ''ပြင်ဆင်လို့ရတဲ့နေရာမှာ ပြင်ဆင်ခိုင်းနိုင်လို့ရပေမယ့်လည်း နောက်ကျသွားတဲ့နေရာ ပြင်ဆင်လို့မရတဲ့နေရာတွေမှာ ဘယ်လိုလုပ်ရမလဲဆိုတာ မေးစရာပေါ်လာပါတယ်။ ဒီအချက်နှင့်ပတ်သက်လာရင်တော့ ဒီအချက်မှာ တော့ စာရင်းစစ်ရုံး၏စစ်ဆေးမှုခံယူတဲ့နေရာမှာ ဒီလိုစံချိန်စံညွှန်းမမီတာနဲ့ပတ်သက်ပြီး စစ်ဆေးတွေ့ရှိခဲ့ရင် အချိုးကျတန်ဖိုးကို တွက်ချက်ပြီးတော့ ပြန်လည်ပေးသွင်းစေတယ်လို့သိရှိရတယ်။ ဒီလိုအရေး ယူမှုလောက်နဲ့တော့ အဆောက်အအုံတည်ဆောက်ရာမှာ စံချိန်စံညွှန်းမပြည့်မီမှုတွေကို ကာကွယ်တားဆီးနိုင်မှာမဟုတ်ပါဘူး။ ဒီထက်ထိရောက်ပြင်းထန်တဲ့နည်းလမ်းတွေ၊ စည်းကမ်းချက်တွေပြဋ္ဌာန်းပြီးတော့ ထိထိရောက်ရောက် အရေးယူဆောင်ရွက်နိုင်ဖို့ လိုအပ်တယ်လို့ သုံးသပ်ရရှိပါတယ်''ဟု ပြောသည်။
တည်ဆောက်ရေးလုပ်ငန်းများကို တင်ဒါစနစ်ဖြင့်ဆောင်ရွက် ခြင်းနှင့်ပတ်သက်၍ တိုင်းဒေသကြီးနှင့် ပြည်နယ်အစိုးရအဖွဲ့များ၏ မူဝါဒလမ်းညွှန်ချက်ရရှိရန် တင်ပြ ခွင့်ပြုချက်တောင်းခံရမည့်လုပ်ငန်းစဉ်များသည် လုပ်ရိုးလုပ်စဉ်လုပ်ငန်းသာဖြစ်ကြောင်း ၎င်းကဆိုသည်။
MO
#democracytoday",2.0,3.0,3.0,4.0,4.0,"The text is a news report on government oversight of construction tenders. It provides insight into public administration and accountability, suitable for secondary education. It contains logical analysis of policy failures and enforcement, uses professional Burmese journalistic language, and is clean, though it includes a minor hashtag/boilerplate at the end."
<urn:uuid:7d34f7a8-ca62-42b7-ad6f-0fb0ef4cb11a>,"How to make kitchen bokashi IF your bokashi bucket or barrel does not have a drainage shelf and a tap.
1. Line the bottom of the bucket with a THICK layer of absorbent, compostable material — shredded newspaper, rice husks, coconut fiber.
2. Chop up big pieces of food waste (to reduce airpockets — air is bad!)
3. Add your food waste to bucket
– After each layer, sprinkle bran (2 spoons, or a small handful)
– If layer includes meat/dairy/fish, add more bran
– PRESS IT DOWN
– Close bucket (try not to open it more than once a day)
4. If your bucket is too WET (you see condensation or water drops on the underside of the lid) or it starts to smell “off”, add more shredded newspaper and used kitchen tissue.
5. When bucket is full, seal and leave for a week. Then it can be used either
– added to a planting container
– dug into a garden bed
– added to garden compost
Keep waste dry
Keep air out
Can’t overdo the bran (250g minimum for 30 liters)
– Bokashi has a light vinegary smell. If it smells too strong, add tissue or shredded newspaper to absorb excess moisture.
– Bokashi does not turn to soil during fermentation — this happens when you add it to a plant pot, garden bed or compost.
လေလုံသောပုံးအသုံးပြုပြီး ဘိုကာရှီလုပ်နည်း
အကယ်၍မိတ်ဆွေရဲ့ဘိုကာရှီပုံး မှာ ရေစစ်ထုတ်ရန် ရေပိုက်ခေါင်း (Tap) မရှိဘူးဆိုရင်…
(၁) သတင်းစာအပိုင်းအစများ၊စပါးခွံ သို့ အုန်းဆံခွံလိုမျိုး မြေဆွေးပြန်ဖြစ်နိုင်တဲ့ အရည်စုပ်ပစ္စည်း ခပ်ထူထူတစ်ထပ်နဲ့ ပုံးအောက်ချေကိုစတင်ဖြည့်ပါ။
(၂)အတုံးကြီးတဲ့မီးဖိုချောင်အမှိုက်တွေကိုခပ်ပါးပါစဉ်းပါ။လေခိုနိုင်သောနေရာတွေလျော့ချဖို့ပါ။
လေကအနံ့ကိုဖြစ်စေတဲ့အကြောင်းတစ်ခုမို့ပါ။
(၃)မီးဖိုချောင်အမှိုက်နဲ့ပုံးကိုဖြည့်ပါ။
-တစ်ထပ်ချင်းဆီတိုင်းမှာ ဘို ကာရှီ ဖွဲနု လက်တစ်ဆုပ်စာစြီ ဖူးပေးပါ။
မီးဖိုချောင်အမှိုက်မှာအသားငါးနဲ့နို့ထွက်ပစ္စည်းတွေပါဝင်နေရင်ဘိုကာရှီဖွဲနုပိုများများသုံးပေးပါ။
-ဖိသိပ်ပေးပါ။
-ပုံးကိုအဖုံးလုံအောင်ပိတ်ပါ။ တနေ့လျင်တကြိမ်ထက်ပိုမဖွင့် လျင်ပိုကောင်းပါသည်။
(၄)အကယ်၍သင့်ဘိုကာရှီပုံးမှာ အစိုဓာတ်များနေလျင် (ရေငွေ့ပျံခြင်း အဖုံးရဲ့အတွင်းပိုင်းမှာ ချွေးရေ စက်ကလေးများတွေ့လျင်)(သို့)အနံ့ဆိုးဆိုးရွားရွားစတင်ထွက်ေ ပါ်လာလျင် သတင်းစာစက္ကူဖြတ်စများများ သို့ သုံးပြီးတစ်ရှူးစ များစသည် ထည့်ပေးပါ။
(၅)ပုံးပြည့်သွားတဲ့အခါမှာအဖုံးသေချာကျပ်အောင်ပိတ်ပြီးတစ်ပတ်လောက်ထားလိုက်ပါ။ တပတ်လောက်ထားပြီးရင်တော့
-ပန်းအိုးထဲထည့်၍ဖြစ်စေ
-စိုက်ခင်းမြေထဲ တူးထည့်၍ဖြစ်စေ
မြေဆွေးပုံထဲထည့်၍ဖြစ်စေနှစ်သက်ရာနည်းဖြင့်အသုံးပြုနိုင်ပါတယ်။
ဘိုကာရှီမှာရှာလကာရည်လိုအနံ့ပါးပါးလေးရှိသင့်ပါတယ်။အရမ်းများအနံ့ဆိုးနေလျင်အစိုဓာတ်များပြားနေတာကိုစုပ်ယူလျော့ချပေးနိုင်ဖို့သတင်းစာဖြတ်စ(သို)့တစ်ရှူးစက္ကူများထည့်ပေးပါ။အချဉ်ဖောက်နေစဉ်အတောတွင်းဘိုကာရှီကမြေဆီမဖြစ်သွားပါ။ ပန်းအိုးထဲ စိုက်ခင်းမြေထဲ(သို)့မြေဆွေးပုံစသည်ထဲကိုထည့်ပေးတဲ့အခါကျမှသာ မြေဆီမြေဆွေးဖြစ်သွားတာပါ။",4.0,2.0,2.0,5.0,4.0,"The document provides clear, step-by-step instructions for a practical composting method. It is highly educational and coherent. The reasoning is straightforward procedural logic. It uses natural Burmese, including local agricultural terms like 'စပါးခွံ' (rice husks), making it culturally authentic and accessible to the target audience."
<urn:uuid:0612dee5-c82e-418f-be90-e76de039ab1f>,"ပုံလေးတစ်ပုံကြောင့် တစ်ဖွဲ့ဆုံးခဲ့ရတဲ့ ယနေ့မန္တလေးအထိနာခဲ့ရတဲ့အဓိကအကြောင်းအရင်း
”ပုံလေးတစ်ပုံကြောင့် တစ်ဖွဲ့ဆုံးရခြင်း”
လူငယ်မျိုးဆက်သစ်တွေကတော့ ခုဆို သူတို့ရဲ့ တက်သစ်စ ဘဝတွေကိုရင်းပြီး တိုင်းပြည်နဲ့ လူမျိုးအတွက် သက်ဆိုင်ရာ ဒေသအလိုက် ပြည်သူ့ကာကွယ်ရေး တပ်ဖွဲ့တွေထဲ ဝင်ရောက်လျက်ရှိတာ တွေ့ရပါတယ် ။ သူတို့ရဲ့ အသက်တွေ မိသားစုတွေကို စွန့်လွှတ်ပြီး တော်လှန်ရေးကြီး အောင်မြင်ဖို့ အတွက် ပါဝင်ခုခံ တိုက်ခိုက်ပေးနေကြတာ ဖြစ်ပါတယ် ။
ခုဆိုရင် နေရာတိုင်းလိုလို တိုက်ပွဲတွေ ဖြစ်ပွားလျက်ရှိနေတာကို တွေ့ရပါတယ် ။ ယနေ့ ဇွန်လ (၂၂) ရက်နေ့မှာလည်း အာဏာရှင် လူတစ်စုနဲ့ မန္တလေးက PDF တွေ တစ်ဖက်နဲ့တစ်ဖက် ပ စ်ခ တ်မှုတွေ ဖြစ်ပွားခဲ့ပါတယ် ။ တစ်ဖက်ကလည်း သံချပ်ကာ ကားတွေ အပြင် အင်အားများစွာသုံးကာ လုံခြုံရေး တောက်လျှောက် လှည့်နေသလို ဒေသခံတွေကလည်း PDF လေးတွေ လွတ်ကင်းဖို့ အတွက် ဝိုင်းဝန်းပြီး လမ်းမတွေမှာ တာယာတွေ မီးရှို့ကာ ထကြွပေးခဲ့ကြပါတယ် ။
သတင်းပေးဒလန်တွေရဲ့ယုတ်မာမှုကြောင့် မန္တလေး PDF အဖွဲ့ကို ခြေရာခံမိသွားပြီး ဝင်ရောက်စီးနင်းမှု ကြောင့် PDF တွေအနေနဲ့ မတတ်သာတဲ့အဆုံး ပြန်လည်ခုခံရတဲ့အခြေအနေ တစ်ရပ်မှာ မန္တလေးက ပြည်သူတွေအနေနဲ့လည်း ပါဝင်အုံကြွပေးဖို့လိုအပ်ပါတယ်။ လမ်းပိတ်တာတွေအပြင် လမ်းပေါ်မှာ တာယာတွေမီးရှို့ပြီး စစ်ကောင်စီတပ်တွေလာတဲ့ လမ်းကြောင်းတွေကို ပိတ်ဆို့ပေးဖို့လိုအပ်ပါတယ်။ ဒီလိုအဖက်ဖက်က ကူညီမှုတွေရှိမှသာ ခုခံမှုအဆင်ပြေပြီး အောင်မြင်စွာဆုတ်ခွာနိုင်မှာပါ။ မန္တလေးရဲ့တစ်ချို့နေရာတွေမှာတော့ တာယာမီးရှို့ပြီး လမ်းမပေါ်ချထားတာတွေလည်းရှိနေခဲ့ပါတယ်။
တိုက်ပွဲကို မျက်မြင်ကြုံရတဲ့ တစ်ချို့ပြည်သူတွေဟာလည်း ဘယ်လိုတိုက်ပွဲဖြစ်နေတယ်ဆိုတာကို ပြချင်တဲ့ဇောနဲ့ ဓာတ်ပုံ ဗီဒီယို မှတ်တမ်းတွေယူပြီး လူမှုကွန်ယက်ပေါ်မှာ ဝေမျှကြပါတယ်။ အမှန်တော့ ဒီလုပ်ရပ်ဟာ ကိုယ့်လူကိုယ် အသေသ တ်သလိုပါပဲ။ တိုင်းပြည်အတွက် စွန့်လွှတ်အနစ်နာခံပြီး တိုက်ပွဲဝင်နေကြသူတွေရဲ့တည်နေရာနဲ့ မှတ်တမ်းဓာတ်ပုံတွေဟာ စစ်ကောင်စီတပ်တွေခြေရာခံနိုင်စရာအကြောင်းတစ်ခုဖြစ်သွားမှာပါ။
ဒီပုံက Apex တိုက်ပေါ်က PDF တွေကို စခ တွေက တိုက်ခိုက်မှုတွေ မပြုလုပ်ခင် “၁၅”မိနစ်အလိုဖြစ်ပါတယ်။တိုက်ပေါ်မှာရပ်နေတာကတော့ PDF ပါ။(MDY PDF မြို့ပြပျောက်ကြားတာဝန်ခံ MyanmarNow interview မှ)
မဖြစ်ခင် ၁၅ မိနစ်လောက်က ကျွန်တော်ကိုယ်တိုင် post မြင်လိုက်ပါတယ် ။“မနော်ဘက် မှာ အရင်ကတည်းက စခ တွေက တိုက်ပေါ်တက်ပစ် တဲ့ အကျင့်ရှိပါတယ် သူ့လူ ကိုယ့်လူ မခွဲနိုင်ဖြစ်ပြီး post တင်တဲ့ သူက တင်လိုက်ရော” အဲ့တော့ ၁၅ မိနစ်အတွင်း စခ တွေက နေရာအတိအကျ သိသွားပြီး ရှေ့ပြေး တွေ ဘာတွေနဲ့ စစ်။PDF မှန်းသိတော့ မြို့ထဲက စစ်ကူတွေခေါ်။မနော်လမ်းပေါ် ဟွန်းတွေတီးပီး အစီးလိုက်တွေ ရောက်ချလာ။အဲ့မှာ စပ စ်ကျ။နောက်တော့ စခ က RPG နဲ့ ဆော်လိုက်တော့ PDF တွေ အထိနာသွားရော။အဲ့မှာ PDF ဗိုလ်ကိုယ်တိုင် အပ စ်ခ တ်တွေရပ်ပြီး ငြိမ်ခံနေဖို့ အမိန့်ပေးရရော။အဲ့တာနဲ့ဘဲ စခန်းတစ်ခု လက်လွတ်လိုက်ရပြီး PDF တွေ ဖမ်းခံရရော။
၄ နာရီကြာပစ်ခတ်မှုတွေကို ဒီဓာတ်ပုံလေးက အစပြုခဲ့တာပါ။ဘယ်သူမှားတယ် မှန်တယ် မပြောလိုပါဘူး။အားလုံး သတိရှိနိုင်ကြဖို့ပါ။ (Fighting ပြည်သူနဲ့ PDF တို့)
ဒါကြောင့်လည်း မန္တလေး PDF ခေါင်းဆောင်ဟာ ” ကျွန်တော်တို့ရဲ့ ပြောက်ကျားတပ်ခွဲတစ်ခု ဝင်စီးခံရခြင်းနှင့်အတူ စကစ အပြန်အလှန်တိုက်ခိုက်မှုတွင် မန္တလေးပြည်သူတွေရဲ့အကူအညီကို များစွာလိုအပ်ပါသည်။ အခြား PDF တပ်ခွဲများမှ စီးနင်းခံရသော PDF နေရာသို့ ဝင်ရောက်ကူညီ ပစ်ခတ်ခြင်း တပ်ကူပေးခြင်းများအား မိဘပြည်သူများအနေနှင့် ဓာတ်ပုံ & video ရိုက်ကူးထားပါက ကျွန်တော်တို့ PDF-Mdy ၏ လုံခြုံရေးကိုကူညီသော အားဖြင့် Social Media ပေါ်တင်ခြင်း မျှဝေခြင်း မပြုလုပ်ပါရန် လေးစားစွာမေတ္တာရပ်ခံ အပ်ပါသည်။ ဗိုလ်ဇီးကွက် (ချေမှုန်းရေးခေါင်းဆောင်) ” ဆိုပြီး သူတို့ရဲ့လှုပ်ရှားမှုနဲ့ တည်နေရာကို မဖော်ပြဖို့ မန္တလေးက ပြည်သူလူထုကို မေတ္တာရပ်ခံတဲ့စာတစ်စောင် ဝေမျှခဲ့ပါတယ်။
ပြည်သူအားလုံးအတွက် အသက်ကိုပဓာနမထားဘဲ ရွပ်ရွပ်ချွံချွံ တိုက်ပွဲဝင်ပေးနေသူတွေရဲ့ လုံခြုံရေးကို ပြည်သူအားလုံးစောင့်ရှောက်ပေးရမှာပါ။ ကိုယ်မြင်ခဲ့လို့ မှတ်တမ်းတင်ချင်ရင်တောင် မှတ်တမ်းသပ်သပ်ပဲ တင်ပြီး လူမှုကွန်ယက်ပေါ်မဝေမျှသင့်ပါဘူး။ ပြည်သူ့ရဲဘော်တွေရဲ့လုံခြုံရေးဟာ ပြည်သူတွေရဲ့လက်ထဲမှာ ဖြစ်လို့ အားလုံးဝိုင်းဝန်း စောင့်ရှောက်ပေးကြရမှာပါ။ ပြည်သူ့ရဲဘော်တွေအားလုံးဘေးကင်းပြီး ပြည်သူတစ်ရပ်လုံး လိုလားတောင့်တတဲ့ စစ်မှန်သောဒီမိုကရေစီကို အရယူပေးနိုင်ပါစေလို့ ဆုမွန်ကောင်းတောင်းပါတယ်",2.0,3.0,2.0,4.0,5.0,"The text provides a clear, logical warning about operational security (OPSEC) during conflict, using a specific local event as a case study. It is written in natural, authentic Burmese, reflecting the current socio-political context and local terminology. It is coherent and informative, though it serves as a public advisory rather than formal educational material."
<urn:uuid:e1a357a9-3753-471c-8f91-426b6f165ed7>,"ယူအန် က နေ မြန်မာ နိုင်ငံ ကုို နှစ်ပေါင်း သုံးဆယ် ကျော် အထိ သန်းခေါင် စာရင်း အမှန်အကန် မရှိပဲ အုပ်ချုပ်နေတဲ့ အစုိုးရ အတွက် အကူအညီ ပေးခဲ့ ပါတယ်။
နည်းနည်းနောနော မဟုတ်... ဒေါ်လာ သန်းချီ ပါ။
ဒါပေမယ့် ဗမာ အစုိုးရ က လက်နက် တဖွယ် အသုံးချခဲ့တယ်။
မြစ်ကြီးနား မှာ ခရုိုင် လ၀က အရာရှိ လုိုက်ဟောတဲ့ ပွဲတွေမှာ ပြောသွားတာက တခြားတော့ သိပ်မမှတ်မိ... သူ အခေါက်ခေါက် အခါခါ ပြောတာက
“နိုင်ငံတော်က စေတနာ နဲ့ ငွေကုန်ကြေးကျခံပြီး လုပ်ပေးတာဖြစ်တဲ့ အတွက် ပြည်သူ အားလုံး အားသက်တရော ပါဝင် ကြပါ။“ ဆုိုသတဲ့။ (မသိတဲ့ တောသူ တောင်သား၊ သတင်း မဖတ်တဲ့ လူတွေအတွက် တော့ ဟုတ်ပ့ ပေါ့။ သူများ က အကုန်အကျ ခံ ပေး တာ မသိရှာပဲကုိုး။)
နောက် ဆက်ပြောတာက “နယ်စွန် နယ်ဖျား ဖွံ့ဖြိုးရေး အတွက် ဖြစ်တယ်“ လုို့ ပြော ပါတယ်။
ယူအန် က အကူအညီ ပေးခြင်းဟာ မီလန်နီယမ် ဖွံ့ဖြိုးရေး စီမံကိန်း အတွက် ဆုိုတာ ငြင်းစရာ မရှိ ပါ။
ဒါပေမယ့်.... မြန်မာ့ နည်း မြန်မာ့ ဟန် ဖွံ့ဖြိုးရေး ကတော့ ကြောက်ခမန်း လိလိ ဖြစ်သွား ပါတယ်။
အဲဒါကတော့
နာမည် စာရင်း ကောက်တဲ့ နေရာမှာ လူမျိုးစု နာမည် ပြသနာ ပါ။
ဒူဝါ လွန်ခဲ့ တဲ့ တစ်နှစ် လောက် ကတည်းက ပြော ပြော နေတဲ့ ကချင် လူမျိုးစု တွေ အကြောင်းမှာ ကောမ်မန့် တချို့ ပြောလာတာက ပြုစုဆဲမုို့လုို့ အတည် မဟုတ်သေး ပါ၊ လုို့ ပြောတယ်။ အခုတော့ တကယ် ပဲ နုိုင်ငံတော် အဆင့်ရဲ့ စီမံကိန်းမှာ ထွက်လာလေပြီလေ။
ကချင်ပဲလားဆုိုတော့ ကရင် သူငယ်ချင်း ပြောမှ ပုိုဆုိုးသေး...
ဘာတဲ့.. ကရင်လူမျိုးစု တွေမှာ ဘာသာရေး အသင်းအဖွဲ့ နာမည် ကုို ကရင်လုို ခေါ်တဲ့ အခေါ်အဝေါ် တခုတောင် လူမျိုးစု စာရင်းထဲ ပါသေး ဆုိုပဲ။
ကချင် အုပ်စုထဲမှာ ကချင်လူမျိုးတွေ သိထားတာက
လူမျိုးခွဲ (၇) ခု ပါ။
ကချင် ဆုိုပြီး ဗမာ အစုိုးရ လုပ်သလုို ဂျိန်းဖေါ့ ဆုိုတာ သီးသန့် မရှိ။ တခုထဲ ပါ။ ဘာနဲ့ တူသလဲ ဆုိုတော့
Burma, Myanmar, Bamarုဆုိုတဲ့ နာမည် များ ကုို လူမျိုးစု စာရင်း သီးသန့် ထည့်ထားတာနဲ့ အတူတူ ပါပဲ။ ဒီလောက် ဆုိုရင် ရှင်းလောက် ပါပြီး
ဘာဖြစ်လုို့ ဗမာ အုပ်စုကျတော့ ရန်ကုန် ဗမာ၊ မန်းတလေး ဗမာ၊ မုံရွာ ဗမာ ဆုိုပြ။ိး မထည့်သလဲ... သူများ ခေါ်တဲ့ ဖါမ၊ ဘီရုမ၊ ဘားမား ဆုိုတာတွေလဲ ထည့်အုံးလေ။ ဘာဖြစ်လုို့ မထည့်သလဲ...
ဗမာ ကုို မခွဲပဲ.. တုိုင်းရင်းသား လူမျိုးစု တွေကုိုပဲ သီးသန့်ခွဲထားခြင်းဟာ တုိုင်းရင်းသား ပြည်နယ် တွေရဲ့ နာမည် တွေကုို ပြင်ဖုို့ နည်းပရိယာယ် ဖြစ် ပါတယ်။
ဥပမာ... ကချင် ဆုိုတဲ့ လူမျိုးစု အားလုံး ကုို သီးသန့် ကုတ် ပေးလုိုက်ခြင်း အားဖြင့် ကချင် ဆုိုတဲ့ နာမည်ကုတ်မှာ လူနည်းသွားပြီး... သောင်းကဏန်း လောက် တောင် ကျန် ချင်မှ ကျန်မှာ ပါ။ စာရင်း ကောက်တဲ့လူကလဲ ဗမာ ဆုိုရင် ပုိုဆုိုးပြီ။...
နောက် ဆက်တွဲကတော့ ယူအန် မှာ ကချင် ဆုိုတဲ့ လူဦးရေ အနည်းဆုံး ဖြစ်သွား ဖုို့ ပါ။ ယူအန် လူကြီးတွေ ဆိုတာ ပညာရှင်များ မဟုတ်... စာရင်းပဲ ကြည့်မယ်... မြန်မာပြည်မှာ ဗမာ ဆုိုတာ အင်အား အများဆုံး ဆုိုတာ အစကတည်းက ဟုတ်နေတာ ကုို ပုို သေခြာ အောင် လုပ်ခြင်း ဖြစ်ပါတယ်။ အဲဒါကုို “ငါးသေ ကြိုးသုတ်“ လုို့ ခေါ်တယ်။
အလားတူ...
ကရင် နဲံ ရှမ်း ပေါင်း ရင် မြန်မာ့ လူဦးရေ ထက်ဝက် နီးပါး ရှိတယ်။ ဒါပေမယ့် ဒီ သန်းခေါင်စာရင်း နဲ့ ဆုိုရင်တော့ ရှမ်း ဆုိုတဲ့ နာမည် သိန်း လောက် ရရင် ကံကောင်း... ကရင် ဆုိုတာလဲ အလားတူ ပါ။ ဘာလုို့ ဆုိုတော့ အားလုံး ကုတ် နံပါတ် သီးသန့် ရထားတယ်လေ။
တရုတ် ကုို မြန်မာတွေက ခေါ်တာ...
နုိုင်ငံတကာက China လုို့ခေါ်တယ်။...
တရုတ်လူမျိုးတွေက သူတုို့ဟာ သူတုို့ ကျူံးကော့ လုို့ ခေါ်တယ်။ အနောက်နုိုင်ငံတွေက China လုို့ခေါ်ရင် သူတုို့ (တရုတ်) လူမျိုးမှန်းသိတယ်။
ဒီလုိုပဲ ကချင် ဆုိုတာ ကချင်မျိုးနွယ်စု အားလုံး ကုို ခြုံပြီး ခေါ်တာ...
အခုတော့ ကချင် လဲ ကုတ် သတ်သတ်
ဂျိန်းဖေါ့ ဆုိုတာလဲ သတ်သတ်...
ပုိုဆုိုးတာ က ဂျန်းဖေါ့ လူမျိုးများကုို နယ် အလုိုက် ခေါ်တဲ့ နာမည်ပါ လူမျိုးစု စာရင်းထည့်လုိုက် သေးတယ်။
တချို့ က ကချင် ဆုိုတဲ့ နာမည်မှာ ထည့်ဖုို့ ဆော်သြ နေလေရဲ့... လုံးဝ မဖြစ်နုိုင်တဲ့ နည်း ကုို လုပ်ဖုို့ ဆော်သြခြင်း ပါ...
မှားမှန်း သိရင်တော့ ကန့်ကွက်ဖုို့ကလွဲပြီး အခြား မရှိပါ။ ကချင် ဆုိုတဲ့ ကုတ်မှာ စုထည့်ရင်လဲ မမှန် ပါ။ မှားနေတဲ့ အစိအစဉ် ဘယ်လုိုမှ လက်ခံစရာ မရှိ။ ဒီလုို ပဲ တခြား တုိုင်းရင်းသားတွေလဲ ကန့်ကွက်သင့်တယ်။
မြန်မာပြည်ကုို အုပ်ချုပ်နေတဲ့ အစုိုးရ တရပ် က
ကုိုယ့် နုိုင်ငံရဲ့ လူမျိုးစု အကြောင်း တောင် မသိသေးရင်တော့ အုပ်ချုပ်ဖုို့ မတန်သေးဘူး လုို့ပြော ပါရစေ။",2.0,3.0,2.0,3.0,5.0,"The text provides a critical perspective on the 2014 Myanmar census, offering insights into ethnic classification issues. It uses natural, colloquial Burmese and reflects deep local political and social context. While it lacks academic rigor, it is coherent and presents a clear, albeit subjective, argument regarding government manipulation of demographic data."
<urn:uuid:9c772e32-f499-4ec7-83a1-1e700386b002>,"ဖြည့်စွက်စာ စားဖို့ အဆင်သင့်ဖြစ်မဖြစ် အောက်ပါအချက်တွေကို ကြည့်ရူစစ်ဆေးနိုင်ပါတယ်။
• ဦးခေါင်းကို တည့်မတ်စွာထားနိုင်ခြင်း - ကလေးငယ်ဟာ သူ့ဦးခေါင်းကို တည့်မတ်စွာဖြင့် ငြိမ်ငြိမ်ထားနိုင်ဖို့လိုပါတယ်။
• အစာကိုပြန်ထွေးမထုတ်ခြင်း - ကလေးငယ်ဟာ ဖြည့်စွက်စာကို ပါးစပ်ထဲမှာထားပြီး ၀ါးစားနိုင်ဖို့အတွက် လျှာကိုအသုံးပြုကာ အစာတွေကို ပါးစပ်ထဲမှပြန်ထွေးမထုတ်ဖို့ လိုအပ်ပါတယ်။
• နောက်မှီ ကူရှင်ဖြင့် ကောင်းကောင်းထိုင်နိုင်ခြင်း - ကလေးငယ်ဟာ ခုံအမြင့်နဲ့ ထိုင်ဖို့ အဆင်သင့်မဖြစ်သေးရင် အစာကို ကောင်းကောင်း မြိုချနိုင်ဖို့ အနည်းဆုံး နောက်မှီ ကူရှင်နဲ့တော့ကောင်းကောင်းထိုင်နိုင်ဖို့ လိုအပ်ပါတယ်။
• ကိုယ်အလေးချိန်တိုးလာခြင်း - ကလေးအများစုဟာ ဖြည့်စွက်စာကျွေးဖို့ဆိုရင် သူတို့မွေးစဉ်က ကိုယ်အလေးချိန်ထက် နှစ်ဆဖြစ်လာဖို့လိုပြီး အနည်းဆုံးအသက် ၄ လ ရှိရပါမယ်။
• အစားအသောက်ပိုစားလိုခြင်း - ကလေးငယ်သည် မိခင်နို့ သို့ ဖော်မြူလာ(နို့ဘူး) ကို ၈ကြိမ် မှ ၁၀ကြိမ် သောက်သုံးသော်လည်း ဆာလောင်နေတတ်တယ်လို့ ထင်ရပါမယ်။
• လူကြီးတွေဘာစားလဲဆိုတာ စိတ်ဝင်စားလာခြင်း - ကလေးငယ်ဟာ လူကြီးတွေ ပုဂံထဲက အစားအသောက်ကို စိုက်ကြည့်နေတတ်ပြီး လက်နဲ့လှမ်းဆွဲယူတတ်လာမည်။
Credit : သစ်ထူးလွင်
ဤစာဖတ်သူများအားလုံးကျန်းမာချမ်းသာကြပါစေလို့ရွှေချစ်သူမှဆုတောင်းမေတ္တာပို့သပေးပါတယ်။
မျှဝေပေးခြင်းဟာလည်းမေတ္တာတစ်မျိုးပဲမို့ မျှဝေပေးပါနော်...",4.0,2.0,2.0,4.0,4.0,"The text provides clear, practical, and accurate developmental milestones for introducing solid foods to infants. It is well-structured, easy to understand for parents, and uses natural Burmese phrasing. It includes minor social boilerplate at the end, but the core content is highly relevant and educational."
<urn:uuid:b816eae1-6ea9-4c4c-8525-474a63c4b9cc>,"မြန်မာ့ဒီမိုကရေစီ ခေါင်းဆောင် ဒေါ်အောင်ဆန်းစုကြည်ကို နေအိမ်အကျယ်ချုပ်နဲ့ ဆက်လက် ထိန်းသိမ်းထားတဲ့ အမှုနဲ့ ပတ်သက်ပြီး သူ့ရဲ့ရှေ့နေတွေက ပြင်ဆင်မှု လျှောက်လဲချက် တင်ပြချက်အပေါ် ဒီနေ့ ရန်ကုန် ဗဟိုတရားရုံးချုပ်မှာ ကြားနာ စစ်ဆေးခဲ့ပါတယ်။ အစိုးရဘက်က ရှေ့နေကလည်း ဒေါ်အောင်ဆန်းစုကြည်ရဲ့ အမှုနဲ့ ပတ်သက်ပြီး လျှောက်လဲချက်တွေ တင်ပြခဲ့ပါတယ်။ အပြည့်အစုံကို နော်ရှိုးက တင်ပြပေးထားပါတယ်။
ဒီနေ့ ရန်ကုန်မြို့ တရားရုံးချုပ်က ကြားနာပွဲမှာ နေအိမ်အကျယ်ချုပ် ချခံထားရတဲ့ ဒေါ်အောင်ဆန်းစုကြည် တက်ရောက်ခွင့် မရပေမဲ့လည်း သူ့ရဲ့ ရှေ့နေကြီးတွေဖြစ်တဲ့ ဦးကြည်ဝင်းနဲ့ ဦးဉာဏ်ဝင်းတို့ တက်ရောက်ခဲ့ကြပါတယ်။ နိုင်ငံခြား သံတမန်တချို့ တက်ရောက်ပြီး ဒေါ်အောင်ဆန်းစုကြည် အမှုအပြင် ဒေါ်ခင်ခင်ဝင်းနဲ့ ဒေါ်ဝင်းမမတို့ရဲ့ အမှုတွေကိုပါ ကြားနာစစ်ဆေးခဲ့တယ်လို့ ဦးကြည်ဝင်းက ဗွီအိုအေကို ပြောပါတယ်။
“အန်ကယ်နဲ့ ဦးဉာဏ်ဝင်းတို့က ဒေါ်အောင်ဆန်းစုကြည်အတွက် ဆောင်ရွက်တယ်။ နောက် ကိုလှမျိုးနဲ့ ဒေါ်ဌေးကြွယ်တို့က ခင်ခင်ဝင်းနဲ့ ၀င်းမမတို့အတွက် ဆောင်ရွက်တယ်။ အစိုးရဘက်က တက်တာတော့ ဥပဒေရုံးက ဒါရိုက်တာ ဒေါ်ခင်ချိုအုံးဆိုတာ သူက ဆောင်ရွက်ပေးတယ်။ အန်ကယ်တို့က စပြောတာပေါ့။
“စပြောတော့ အန်ကယ်တို့အားလုံး တရားရုံးကို တင်ပြ လျှောက်ထားတာက ၁၉၇၄ ခုနှစ် ဖွဲ့စည်းပုံ အခြေခံဥပဒေဟာ ရပ်ဆိုင်းသွားပြီ။ ဒါကြောင့် အဲဒီ ရပ်ဆိုင်းသွားတဲ့ ဥပဒေထဲက ပုဒ်မ ၅ ခုကို ထုတ်ပြီးတော့ ဒေါ်အောင်ဆန်းစုကြည် အပေါ်မှာ အရေးယူတာဟာ ဥပဒေနဲ့ မညီဘူး။ ဒါကြောင့် ဒေါ်အောင်ဆန်းစုကြည်ကို အပြစ်ပေးတာဟာ ဥပဒေအတိုင်းဆိုရင် မမှန်ဘူးဆိုပြီး လျှောက်ထားတယ်။”
အစိုးရဘက်ကလည်း ဒီနေ့ ပြန်ပြောတယ်ဆိုတော့ သူတို့ဘက်က ဘာများ ပြောပါသလဲ။
“သူတို့ဘက်ကတော့ ၁၉၇၄ ခုနှစ် ဖွဲ့စည်းပုံ အခြေခံဥပဒေဟာ ရပ်ဆိုင်းသွားပြီဆိုတဲ့ အချက်ကိုတော့ သူတို့က လက်ခံတယ်။ သို့သော်၊ အဲဒီမှာ သူတို့က သို့သော်လေး ခံတယ်၊ ရာနှုန်းပြည့် ရပ်ဆိုင်းသွားတယ်ဆိုတာ လက်မခံဘဲနဲ့ ခြွင်းချက်ကလေး ထားပြီးတော့ တည်ဆဲဥပဒေတွေမှာ ၇၄ ဖွဲ့စည်းပုံ အခြေခံဥပဒေနဲ့ သက်ဆိုင်သော အပိုင်းတွေက တည်ရှိသေးတယ်ဆိုပြီး တင်ပြတယ်။”
ဆိုတော့ စစ်အစိုးရဘက်က ၂၀၀၈ ခုနှစ် ဖွဲ့စည်းအုပ်ချုပ်ပုံထဲမှာရော ဒေါ်အောင်ဆန်းစုကြည်ကို စွဲချက်တင်မယ်ဆိုရင် တင်လို့ရတဲ့ ဥပဒေ အကြောင်းအရာတွေ ပါလားဆိုတာ သိချင်ပါတယ်။
“မပါဘူး။ မပါဘူးဆိုတာက ၂၀၀၈ ခုနှစ် ဖွဲ့စည်းပုံ အခြေခံဥပဒေမှာ ပြဋ္ဌာန်းထားတာက ပထမအကြိမ် ပြည်ထောင်စုလွှတ်တော် စတင်ကျင်းပတဲ့ နေ့ကျမှသာလျှင် အသက်ဝင် လှုပ်ရှားလာမယ်။ အဲဒါကြောင့် ဒေါ်အောင်ဆန်းစုကြည်ကို ဒီဘက်ပိုင်းမှာ အရေးယူဖို့တို့ ဘာတုိ့ဆိုတာ မရှိဘူး။”
ဒီနေ့ အန်ကယ်ဦးကြည်ဝင်းတို့ သွားပြီး လျှောက်လဲတဲ့အခါမှာ တင်ပြချင်တဲ့ အချက်တွေ အားလုံး တင်ပြခွင့်ရတယ်လို့ ယူဆပါသလား။ ကြားနာပွဲ အပေါ်မှာ ဘယ်လိုသဘောထားပါသလဲ၊ အားရကျေနပ်ပါသလား။
“တရားခွင်ကတော့ နည်းနည်းထူးခြားတာက ပြင်ဆင်မှုမှာ ခါတိုင်း တွေ့တာက တရားသူကြီးတယောက်ပဲ ကြားနာတယ်။ ဒီနေ့ကျတော့ ၂ ပါး လာထိုင်တယ်။ တော်တော်လေး အရေးပေးထားတဲ့ သဘော ရှိတယ်။ တရားသူကြီးက ဦးခင်မြင့်နဲ့ ဦးတင်အေး။ လူတော်တွေပါ။ တရားသူကြီးတွေထဲမှာ တော်တော်လေး မှန်မှန်ကန်ကန်လုပ်တဲ့ ပုဂ္ဂိုလ်တွေပါ။ အန်ကယ်တို့ကလည်း ဥပဒေက အန်ကယ်တို့ဘက်ကရှိတော့ မျှော်လင့်ချက် အများကြီးထားပါတယ်။”
ဒေါ်အောင်ဆန်းစုကြည်ရဲ့ အမှုနဲ့ ပတ်သက်ပြီး တရားရုံးချုပ်က အခုတပတ် မကုန်ခင် စီရင်ချက် ချနိုင်ဖွယ်ရှိတယ်ဆိုပြီး သတင်းတွေမှာ ဖော်ပြထားပေမဲ့လည်း တရားရုံးမှာ သက်ဆိုင်ရာက ဒီလို အတိအကျ မပြောခဲ့ဘူးလို့ ဦးကြည်ဝင်းက ဗွီအိုအေကို ပြောခဲ့ပါတယ်။",2.0,3.0,3.0,5.0,4.0,"The text is a journalistic report on a legal proceeding involving Aung San Suu Kyi. It provides insight into legal arguments regarding the 1974 and 2008 constitutions. It is well-structured, clean, and uses natural Burmese journalistic language, though it is a news report rather than an educational or highly technical document."
<urn:uuid:1e3e47fd-3770-4691-a688-8ff8216876f6>,ရုတ်တရက်ကျောက်ကပ်ပျက်စီး တယ်ဆိုတာ ကျောက်ကပ်က ရုတ်တရက် သူ့အလုပ်ကို မလုပ်နိုင်တော့တာပါ။ နည်းနည်းပျက်စီးတာလဲဖြစ်နိုင်သလို လုံးဝအလုပ်မလုပ်နိုင်တာလဲ ဖြစ်ပါတယ်။ ရုတ်တရက်ကျောက်ကပ်ပျက်စီး တာက ကျောက်ကပ်ကိုယ်တိုင်မကောင်းတာကြောင့်ဖြစ်နိုင်သလို တခြားအကြောင်းအရင်းတစ်ခုကြောင့် ကျောက်ကပ်မှာ နောက်ဆက်တွဲလာထိတာလည်း ဖြစ်နိုင်ပါတယ်။ ဒါက အသက်ကြီးပြီးရောဂါအခံတစ်ခုခုရှိတဲ့သူတွေ၊ နဂိုတည်းက ကျောက်ကပ်မကောင်းတဲ့သူတွေမှာပိုဖြစ်တတ်ပါတယ်။ ရုတ်တရက်ကျောက်ကပ်ပျက်စီးတာက မြန်မြန်သိ မြန်မြန််ကုနိုင်ရင် ပိုကောင်းပါတယ်။ မကုနိုင်ရင် ကိုယ်ထဲမှာ ဓာတ်ဆားတွေ၊ အညစ်အကြေးတွေပုံလာပြီး တခြားအင်္ဂါအစိတ်အပိုင်းတွေကိုပါ ထိခိုက်လာမှာပါ။ ကျောက်ကပ်လုံးဝအလုပ်မလုပ်တော့ရင်တော့ ကျောက်ကပ်ဆေးရမှာပါ။ မဟုတ်ရင် အသက်အန္တရာယ်ရှိပါတယ်။,4.0,2.0,2.0,5.0,4.0,"The text provides clear, accurate medical information about acute kidney injury suitable for general education. It uses natural Burmese phrasing and terminology, demonstrating good cultural authenticity. The reasoning is straightforward, explaining causes and consequences logically, and the text is clean, well-structured, and free of boilerplate or noise."
<urn:uuid:cdceb751-0df8-4939-a718-77d0ed1d1151>,"အိပ်ရေးပျက်ခြင်းကြောင့် ဖျားနာနိုင်သလား
မေမေတို့ရဲ့ သားသားမီးမီးလေးတွေဟာ ညဘက်နောက်ကျတဲ့အထိ မအိပ်တာ၊ ဒါမှမဟုတ် အိပ်ပျော်ဖို့ ခက်ခဲတာမျိုးရှိရင် ဖျားနာနိုင်ခြေလည်း မြင့်တက်လာနိုင်ပါတယ်။ ဘာကြောင့် ဒီလိုဖြစ်ရတာလဲဆိုတာ သိချင်ရင်တော့ ဒီဆောင်းပါးလေးကို ဖတ်ကြည့်လိုက်ကြရအောင်နော်။
ကလေးပဲဖြစ်ဖြစ်၊ လူကြီးပဲဖြစ်ဖြစ် အိပ်ပျော်နေချိန်ဆိုရင် ကိုယ်ခံအားစနစ်က Cytokines လို့ခေါ်တဲ့ ပရိုတင်းဓာတ်တွေကို ထုတ်ပေးပါတယ်။ တချို့သော cytokines တွေက နှစ်နှစ်ခြိုက်ခြိုက်အိပ်ပျော်အောင် ကူညီပေးပါတယ်။
အိပ်ရေးပျက်တဲ့အခါ Cytokines ထုတ်တာ နည်းသွားသလို ရောဂါပိုးတွေကို တိုက်ထုတ်ပေးမယ့် ပဋိပစ္စည်းတွေနဲ့ ဆဲလ်တွေထုတ်လုပ်မှုလည်း နည်းသွားပါတယ်။ ဒါကြောင့် ရောဂါပိုးတွေကို မတိုက်ထုတ်နိုင်တော့လို့ ဖျားနာနိုင်ခြေ မြင့်တက်လာရတာပဲ ဖြစ်ပါတယ်။
ဒါ့အပြင် ရက်ရှည်အိပ်ရေးပျက်နေရင်တော့ ကလေးတွေအနေနဲ့ အဝလွန်ရောဂါ၊ ဆီးချိုသွေးချိုရောဂါနဲ့ နှလုံးသွေးကြောဆိုင်ရာရောဂါတွေ ဖြစ်နိုင်ခြေလည်း မြင့်တက်လာနိုင်ပါတယ်နော်။
>> ဒါကြောင့် သားသားမီးမီးလေးတွေ နေထိုင်မကောင်းမဖြစ်ဖို့ဆိုရင် အိပ်ရေးဝဝအိပ်စက်ဖို့ အရေးကြီးတာကြောင့် -
• အသက် ၁-၃ နှစ်ဆိုရင် အိပ်စက်ချိန် ၁၂-၁၄ နာရီ
• အသက် ၃-၆ နှစ်ဆိုရင် အိပ်စက်ချိန် ၁၀-၁၂ နာရီ
• အသက် ၇-၁၂ နှစ်ဆိုရင် အိပ်စက်ချိန် ၁၀-၁၁ နာရီ နဲ့
• အသက် ၁၂ နှစ်အထက်ကို အိပ်စက်ချိန် ၈-၉ နာရီရှိအောင် မေမေတို့က ဂရုစိုက်ပေးသင့်ပါတယ်။
အိပ်ရေးဝဝ အိပ်သင့်တယ်ဆိုတိုင်း အချိန်အကြာကြီးလည်း မအိပ်ခိုင်းသင့်ပါဘူး။ အချိန်ကြာကြာ အိပ်စက်တာဟာ အိပ်ပျော်ဖို့ ခက်ခဲသလို၊ အိပ်ပျော်သွားရင်လည်း နှစ်နှစ်ခြိုက်ခြိုက် အိပ်ပျော်မှာမဟုတ်လို့ သားသားမီးမီးလေးတွေ အလွန်အကျွံမအိပ်ဖို့ကိုလည်း ဂရုစိုက်ပေးကြပါနော်။
Dr. Aye Hsu Mon (www.drmyanmar.com)",4.0,2.0,2.0,5.0,4.0,"The text provides clear, educational health advice for parents in natural Burmese. It explains the causal link between sleep and immunity, offers specific age-based recommendations, and maintains a professional yet accessible tone. It is well-structured, free of noise, and uses culturally appropriate address terms for parents."
<urn:uuid:9fb7465b-141e-4dc4-9be2-040629f1a671>,"ကျွန်တော်တို့ရဲ့  အတွေးအခေါ်တွေ ပြုပြင်ပြောင်းလဲဖို့ ဟာ အင်မတန်အရေးကြီးပါတယ်။
အရေးပေါ်အခြေအနေများကို ဒေသခံပြည်သူများကိုယ်တိုင်ခေါင်းဆောင်မှုနဲ့ တုန့်ပြန်နိုင်ဖို့အတွက် စစ်မှန်တဲ့ စိတ်ဓာတ်ပိုင်းဆိုင်ရာ (mindset) ပြုပြင်ပြောင်းလဲမှုများဆောင်ရွက်ဖို့လိုပါတယ်။
တိုးတက်မှုအရိပ်အရောင် တစ်ချို့မြင်ရပေမယ့် နိုင်ငံတကာမှာရော ပြည်တွင်းအဆင့် ကူညီထောက်ပံ့မှုစနစ်တွေမှာ တစ်ကယ့်တစ်ကယ် နှိမ့်ချတဲ့ အပြုအမူနဲ့စိတ်ထားများတွေ လိုအပ်နေပါသေးတယ်။ ကျွန်တော်တို့ရဲ့  အတွေးအခေါ်တွေ ပြုပြင်ပြောင်းလဲဖို့ ဟာ အင်မတန်အရေးကြီးပါတယ်။ ဒီနေရာမှာ စိန်ခေါ်မေးခွန်းတွေရှိပါတယ်။
အရပ်ဘက်အဖွဲ့အစည်းတွေအနေနဲ့ ရံပုံငွေတိုးတက်ရရှိရေး အတွက်ဖိအားပေးမှုတွေကို ခံနိုင်ရည်ရှိပါသလား?
အရပ်ဘက်အဖွဲ့အစည်းတွေ အနေနဲ့ အခြေခံပြည်သူတွေအတွက် လူစွမ်းကောင်း ဖြစ်ဖို့လား၊ ဒါမှမဟုတ် နောက်ထပ်ရလာမယ့် ငွေကြေးတွေအတွက် လူစွမ်းကောင်းဖြစ်ချင်တာလား ?
ပြည်တွင်း အရပ်ဘက်အဖွဲ့အစည်းတွေအနေနဲ့ အောက်ခြေပြည်သူလူထိုကို အခြေခံပြီး တီထွင်ဆန်းသစ်တဲ့ လုပ်ငန်တွေကို ဆက်လက်လုပ်ဆောင်မလား၊ ဒါမှမဟုတ် နိုင်ငံတကာ အရပ်ဘက်အဖွဲ့အစည်းတွေက သူတို့ရဲ့ကဏ္ဍကို အခြေခံစည်းစားတဲ့အမြင်နဲ့ ပြန်လည်ထုတ်လုပ်ထားတဲ့ပုံစံနဲ့လုပ်ဆောင်မလား?
ဒေသခံပြည်သူများနဲ့ ထိခိုက်လွယ်သူများရဲ့ ပကတိအခြေအနေတွေကို ထင်ဟပ်နိုင်မှုနဲ့ ပါဝင်နိုင်မှုတွေကို မြှင့်တင်ဖို့ တော်တော်ကို အလှမ်းဝေးနေပါသေးတယ်။ အဲဒီ့အတွက် ဖောက်ထွက်ဆောင်ရွက်ဖို့ဟာ ဒေသခံနဲ့ပြည်တွင်းအဖွဲ့တွေဆီက လာရမှာဖြစ်ပါတယ်။ ပြည်တွင်းအဖွဲ့အစည်းတွေအနေနဲ့ ဘောင်ခတ်ထားတဲ့ အကူအညီနဲ့ရံပုံငွေတွေရဲ့ အန္တရာယ်ကို ကာကွယ်ရမှာဖြစ်သလို အရေးပေါ်အခြေအနေတွေရဲ့ခေါင်းကိုင်နေရာကို ရအောင်ယူဆောင်ပြီး အမှန်တစ်ကယ် ထိခိုက်တဲ့ပြည်သူတွေထံ အကူအညီတွေ စနစ်တကျရောက်ရှိနိုင်ဖို့ တာဝန်ခံရမှာဖြစ်ပါတယ်။
Justin Corbett, translation Nyein Zarni Naing",2.0,3.0,3.0,4.0,4.0,"The text discusses the mindset and operational challenges of local civil society organizations in Myanmar. It provides a coherent, critical analysis of aid dependency and local leadership. While it lacks academic structure, it is well-written, uses natural Burmese, and addresses relevant socio-political issues, making it useful for civic education or professional discourse."
<urn:uuid:f41adeb3-5523-4490-8a71-843833573ddf>,"အခြားအကြောင်းတစ်ရပ်မှာ ကယ်ဆယ်ရန်အဖြစ်နိုင်ဆုံး တိုက်တန်းနစ် နှင့်အနီးဆုံးရှိသော သင်္ဘောမှာ ဆက်သွယ်ရေး ရေဒီယို ကိုပိတ်ထားခဲ့သောကြောင့် ကယ်ဆယ်ရေး အချက်ပြမှုကို သတိမမူမိသောကြောင့်ဖြစ်ပါတယ်။
အသက်ရှင်ကျန်ရစ်သူများ
ယခုအခါ နစ်မြှပ်စဥ်က အသက်ရှင်ကျန်ရစ်သူ တစ်ဦးတစ်ယောက်မှမရှိကြတော့ပေ။ အားလုံးသေဆုံးခဲ့ပြီဖြစ်ပါတယ်။ အသက်ရှင်ကျန်ရစ်သူများထဲမှ နောက်ဆုံးသေဆုံးခဲ့သူမှာ မီးဗီနာ ဒင်းဟုခေါ်သော အမျိုးသမီး ဖြစ်ပါတယ်။ သင်္ဘောကြီး နစ်မြှပ်စဥ်က သူသည် အသက်ကိုးနှစ်သမီးအရွယ်သာရှိပါသေးတယ်။ အသက် ၉၇ နှစ်တွင် အင်္ဂလန်ပြည် ဟမ်ရှိုင်းယား အရပ်တွင် ကွယ်လွန်ခဲ့ခြင်းဖြစ်ပါတယ်။
အကျိုးဆက်များ
ထိုဖြစ်ရပ်ဆိုးမှ သင်ခန်းစာယူရန် အကျိုးဆက်များအနေနဲ့ သင်္ဘောတည်ဆောက်ရေးဥပဒေများ ပြောင်းလဲ လာခဲ့ပါတယ်။ သင်္ဘောပေါ်တွင် စီးနင်းလိုက်ပါသူတိုင်း အတွက်လုံလောက်သော အသက်ကယ်လှေ များထားရှိစေပြီး ဆက်သွယ်ရေးရေဒီယို တွင်တစ်ယောက်ယောက်အမြဲတမ်း စောင့်နားထောင်သည့် စနစ်ကို ထည့်သွင်းစေခဲ့ပါတယ်။
ပြန်လည်ရှာဖွေခြင်း
သင်္ဘောပျက်ကို ပြင်သစ် နှင့်အမေရိကန်တို့ ပါဝင်သော ရောဘတ်ဘောလက် နှင့် ယန်းလူးဝစ် မိုက်ကယ်တို့ ဦးဆောင်သည့် ရှာဖွေရေးအဖွဲ့မှ ၁၉၈၅ စက်တင်ဘာလ ၁ ရက် ၁ နာရီတွင် ပြန်ရှာတွေ့ခဲ့ပါတယ်။
အခြား
ထိုနစ်မြှပ်မှု နှင့်ဆိုင်သော ရုပ်ရှင်များစွာပေါ်ထွက်ခဲ့ပါတယ်။ အကျော်ကြားဆုံးသော ရုပ်ရှင်မှာ ၁၉၉၇ ခုနှစ်တွင်ပြသခဲ့သော တိုက်တန်းနစ် အမည်ရှိ ရုပ်ရှင်ဖြစ်ပြီ ကိတ်ဝင်စလက် နှင့် လီယိုနာဒို တို့ ပါဝင်သရုပ်ဆောင်ခဲ့ကြပါတယ်။
ထူးခြားချက်များ
တိုက်တန်းနစ် ကို ၂၆ လကြာတည်ဆာက်ခဲ့ရပြီ တည်ဆောက်စဥ် အတွင်းလူ၂ ဦးသေဆုံးကာ ထိုခိုက်ဒဏ်ရာရမှုပေါင်း ၂၄၆ ကြိမ်ဖြစ်ပွားခဲ့ပါတယ်။သူ့ခေတ်သူ့အခါက တိုက်တန်းနစ် သင်္ဘောဟာ ကမ္ဘာ့ အကြီးဆုံးခရီးသည်တင် သင်္ဘောဖြစ်ခဲ့ပြီး အရှည် ၈၈၂ ပေရှိခဲ့ပါတယ်။ပထမတန်းစား ခရီးသည်တွေကို သီချင်း အပုဒ် ၃၅၂ ပုဒ်ပါဝင် တဲ့စာရွက်တွေပေးထားပြီ ကြိုက်တဲ့အပုဒ်ကို တောင်းဆိုခွင့်ရှိပါတယ်။ ဂီတသမားတွေလည်း သီချင်းအပုဒ်အတိုင်းကို လေ့ကျင့်ထားရပါတယ်။
အဲဒီအချိန် ပထမတန်းစားခရီးသည် လက်မှတ်တန်ဖိုးဟာ ဒေါ်လာ ၄၃၅၀ တန်ပြီး ယနေ့ အချိန်မှာ ဆိုရင် ဒေါ်လာ ၁ သိန်းနဲ့ ညီမျှပါတယ်။
အသက်ကယ်လှေ ၆၄ စင်းထားရှိဖို့ စီစဥ်ထားပေမယ့် သင်္ဘောထွက်ချိန်မှာ အစင်း ၂၀ သာ ဘယ်ဆောင်သွားနိုင်ခဲ့ပါတယ်။ ဒီအရေအတွက်ဟာ ခရီးသည် ၁၁၇၈ ယောက်ကိုပဲ တင်ဆောင်နိုင်ပါတယ်။
တိုက်တန်းနစ်မှာ မီးခိုးခေါင်းတိုင် ၄ ခုပါရှိပေမယ့်ါ ၃ခုကသာ အစစ်ဖြစ်ပါတယ်။ ကျန်တစ်ခုကတော့ ပိုကြည့်လို့ကောင်းအောင် ထည့်သွင်းထားတာဖြစ်ပါတယ်။ခရီးသည်တွေထဲမှာ မင်္ဂလာဆောင်ဦး ဟန်းနီးမွန်းထွက်လာတဲ့ စုံတွဲ ၁၃ တွဲ ပါဝင်ခဲ့ပါတယ်။လွတ်မြောက်လာတဲ့ ခရီးသည်၄၉၂ ဦီးနဲ့ အတူခွေးနှစ်ကောင်လည်း ပါဝင်လွတ်မြောက်ခဲ့ပါတယ်။ (သင်္ဘောပေါ်မှာ ခွေးစုစုပေါင်း ၉ ကောင်ပါခဲ့တာဖြစ်ပါတယ်)
ကြောင်တွေကို ကံကောင်းခြင်းအထိမ်းအမှတ်နဲ့ သင်္ဘောတွေမှာ မကြာခဏဘယ်ဆောင်လေ့ရှိပေမယ့် တိုက်တန်းနစ် မှာတော့ ကြောင်တစ်ကောင်မှ မပါဝင်ခဲ့ပါဘူး။ဂီတပညာရှင််တွေဟာ သင်္ဘောစတင် နစ်မြှပ်နေစဥ်အတွင် ( စုစုပေါင်း ၂ နာရီ ၅ မိနစ် ခန့်) ဖျော်ဖြေသွားခဲ့ပါတယ်။စုစုပေါင်း သေဆုံးသူ ၁၅၀၃ ယောက်မှာ ၃၀၆ ယောက်ရဲ့ ရုပ်အလောင်းသာ ပြန်ရခဲ့ပါတယ်။ (လွတ်မြောက်သူကတော့ ၇၀၆ ယောက်ရှိပါတယ်။)လွတ်မြောက်သူတွေထဲမှာ အင်ဂျင်နီယာ တစ်ယောက်မှမပါဝင်ပါဘူး။ သင်္ဘောကို ချက်ချင်းမနစ်မြှပ်စေဖို့ သူတို့ရဲ့ လုပ်ငန်းတာဝန်တွေကို နောက်ဆုံးထွက်သက်အထိ လုပ်ဆောင်သွားတာကြောင့်ဖြစ်ပါတယ်။
ခရစ်ယာန်ဘုန်းကြီးတစ်ပါး ဟာ အသက်ကယ်လှေပေါ်ကို နှစ်ကြိမ်တက်ဖို့အခွင့်အရေးရပေမယ့် နှစ်ကြိမ်စလုံးကို ငြင်းပယ်ခဲ့ပြီးဆုတောင်းရင်းသင်္ဘောပေါ်မှာပဲကျန်ခဲ့ပါတယ်။နယူးယောက်တိုင်း သတင်းစာဟာ တစ်ပတ်အတွင်းမှာ တိုက်တန်းနစ် အကြောင်း ချည်းစာမျက်နှာ ၇၅ မျက်နှာ အထိဖော်ပြခဲ့ပါတယ်။
သင်္ဘောကပ္ပတိန် Edward John Smith ဟာခရီးသွားတွေကို သင်္ဘောကနေ စွန့်ခွာကြဖို့ နောက်ဆုံးအချိန်အထိ သတိပေးရင်း သင်္ဘောပေါ်မှာပဲ ကျန်ရစ်ခဲ့ပါတယ်။ သူ့ရဲ့ ရုပ်အလောင်းကိုတော့ ပြန်လည်ရရှိခဲ့ခြင်းမရှိပါဘူး။
Songe d’Automne ဆိုတဲ့ သီချင်းဟာတိုက်တန်းနစ် ပေါ်က ဂီတပညာရှင်တွေ သူတို့မသေမီ နောက်ဆုံးတီးသွားတဲ့ သီချင်းဖြစ်ပါတယ်။တိုက်တန်းနစ်နဲ့ ပတ်သက်လို့အာမခံကြေးလိုချင်တဲ့အတွက် သူဌေးဖြစ်သူကိုယ်တိုင်က မြှပ်ခိုင်းခြင်း ၊ တိုက်တန်းနစ် သည် တိုက်တန်းနစ်သင်္ဘောမဟုတ်ပဲ အိုလံပစ်သင်္ဘောသာဖြစ်ခြင်းစတဲ့ ငြင်းဆိုထောက်ပြချက်တွေ ထွက်ရှိခဲ့ပေမယ့် လေ့လာသူတွေကတော့ ဒီအချက်တွေကို အတည်မပြုခဲ့ကြပါဘူး။
Photo:BBC,EL Nacional
သတင်းဆောင်းပါးများ ဖတ်ရှုနိုင်ရန် နှင့်ရသစုံ ဗီဒီယိုများကို လက်မလွတ်တမ်းကြည့်ရှုနိုင်ရန် Mitelar Facebook Page , Mitelar Website နှင့် Mitelar Youtube Channel တို့တွင် အသေးစိတ် ဝင်ရောက်လေ့လာကြည့်ရှုနိုင်ပြီး လိုက်ခ် နဲ့ ဖောလိုး လေးလုပ်ထားဖို့လဲမမေ့ပါနဲနော်…။",4.0,2.0,2.0,3.0,4.0,"The text provides informative, well-structured historical facts about the Titanic suitable for educational purposes. It lacks complex logical analysis, requiring only basic comprehension. It is written in natural, fluent Burmese, though it includes some promotional boilerplate at the end, which slightly impacts the cleanliness score."
<urn:uuid:b036a6bf-ce4a-47b4-b2bc-67dbb8f72164>,"ကမ္ဘာကြီးပူနွေးမှုကိုဖြည့်ဆည်းပေးနေတဲ့ Fossil fuels ရှေးရုပ်ကြွင်း လောင်စာတွေ အစား ပိုပြီးစိတ်ချရတဲ့ နျူကလီယား စွမ်းအင်စံနစ် ထုတ်လုပ်ရေး အတွက် ပတ်ဝန်းကျင် ထိန်းသိမ်းရေး လှုပ်ရှားသူတွေအနေနဲ့ ထောက်ခံကြပါရန် အထင်ကရ ဥတုရာသီ သိပ္ပံပညာရှင် ၄ ဦးက တိုက်တွန်းလိုက်ပါတယ်။
အမေရိကန်ပြည်ထောင်စုနဲ့ သြစတြေးလျနိုင်ငံအခြေစိုက် သိပ္ပံပညာရှင်တွေက ပတ်ဝန်းကျင်ထိန်းသိမ်းရေးမူဝါဒပိုင်းမှာ သြဇာညောင်းပေမဲ့ နျူကလီယား စွမ်းအင်ကို ဆန့်ကျင်တဲ့ ပုဂ္ဂိုလ်တွေကို လိပ်မူပြီး တနင်္ဂနွေနေ့က ပန်ကြားစာ ပေးပို့လိုက်တာပါ။
နျူကလီယားဓာတ်ပေါင်းဖိုတွေဟာ အန္တရာယ်အလွန်များပြီး စရိတ်စက ကြီးတာကြောင့် Fossil fuels ရေနံနဲ့ သဘာဝဓာတ်ငွေ့လောင်စာတွေ အစား အသုံးပြုမှာကို ပတ်ဝန်းကျင်ထိန်းသိမ်းရေးလှုပ်ရှားသူ အတော်များများက ဆန့်ကျင်ကြပါတယ်။ အစိုးရတွေအနေနဲ့ ကမ္ဘာ့လိုအပ်ချက် ပြည့်မီအောင် နေရောင်ခြည်နဲ့ လေစွမ်းအင်ကို စွမ်းအင်အရင်းအမြစ်အဖြစ် ရင်းနှီးမြှုပ်နှံသင့်တယ်လို့ ဆိုကြပါတယ်။
ဒါပေမဲ့ တန်ဖိုးနည်းပြီး အားထားရမယ့်စွမ်းအင်ကို ကမ္ဘာ့စီးပွားရေးလိုအပ်ချက် အတိုင်းအတာပြည့်မီအောင် ဖြန့်ဖြူးနိုင်ဖို့အတွက် နေရောင်ခြည်နဲ့ လေစွမ်းအင် စံနစ်ကို အလျင်မီအောင် ထုတ်လုပ်ဖို့မဖြစ်နိုင်ဘူးလို့ ပန်ကြားစာရေးသားသူ သိပ္ပံပညာရှင်တွေက ပြောပါတယ်။ ဥတုရာသီတည်ငြိမ်ရေး ရေရာသေချာတဲ့ အဖြေရှာရာမှာ နျူကလီယားစွမ်းအင်ရဲ့ ရေရှည်ခံတဲ့အခန်းကဏ္ဍကို ထည့်သွင်း စဉ်းစားမှ ဖြစ်မယ်လို့ ဆိုပါတယ်။
လောင်စာဆီစက်ရုံတွေကစွန့်ထုတ်တဲ့ လေထုညစ်ညမ်းမှုအမှိုက်ပုံကြီးကို သန့်စင်အောင်လုပ်ရတဲ့ စွန့်စားမှုနဲ့စာရင် နျူကလီယာစွမ်းအင် ကျယ်ကျယ်ပြန့်ပြန့် ထုတ်လုပ်တာက ပိုပြီး သက်သာပါတယ်လို့ သိပ္ပံပညာရှင် ၄ ယောက်က သုံးသပ်ထားပါတယ်။
အမေရိကန်ပြည်ထောင်စုနဲ့ သြစတြေးလျနိုင်ငံအခြေစိုက် သိပ္ပံပညာရှင်တွေက ပတ်ဝန်းကျင်ထိန်းသိမ်းရေးမူဝါဒပိုင်းမှာ သြဇာညောင်းပေမဲ့ နျူကလီယား စွမ်းအင်ကို ဆန့်ကျင်တဲ့ ပုဂ္ဂိုလ်တွေကို လိပ်မူပြီး တနင်္ဂနွေနေ့က ပန်ကြားစာ ပေးပို့လိုက်တာပါ။
နျူကလီယားဓာတ်ပေါင်းဖိုတွေဟာ အန္တရာယ်အလွန်များပြီး စရိတ်စက ကြီးတာကြောင့် Fossil fuels ရေနံနဲ့ သဘာဝဓာတ်ငွေ့လောင်စာတွေ အစား အသုံးပြုမှာကို ပတ်ဝန်းကျင်ထိန်းသိမ်းရေးလှုပ်ရှားသူ အတော်များများက ဆန့်ကျင်ကြပါတယ်။ အစိုးရတွေအနေနဲ့ ကမ္ဘာ့လိုအပ်ချက် ပြည့်မီအောင် နေရောင်ခြည်နဲ့ လေစွမ်းအင်ကို စွမ်းအင်အရင်းအမြစ်အဖြစ် ရင်းနှီးမြှုပ်နှံသင့်တယ်လို့ ဆိုကြပါတယ်။
ဒါပေမဲ့ တန်ဖိုးနည်းပြီး အားထားရမယ့်စွမ်းအင်ကို ကမ္ဘာ့စီးပွားရေးလိုအပ်ချက် အတိုင်းအတာပြည့်မီအောင် ဖြန့်ဖြူးနိုင်ဖို့အတွက် နေရောင်ခြည်နဲ့ လေစွမ်းအင် စံနစ်ကို အလျင်မီအောင် ထုတ်လုပ်ဖို့မဖြစ်နိုင်ဘူးလို့ ပန်ကြားစာရေးသားသူ သိပ္ပံပညာရှင်တွေက ပြောပါတယ်။ ဥတုရာသီတည်ငြိမ်ရေး ရေရာသေချာတဲ့ အဖြေရှာရာမှာ နျူကလီယားစွမ်းအင်ရဲ့ ရေရှည်ခံတဲ့အခန်းကဏ္ဍကို ထည့်သွင်း စဉ်းစားမှ ဖြစ်မယ်လို့ ဆိုပါတယ်။
လောင်စာဆီစက်ရုံတွေကစွန့်ထုတ်တဲ့ လေထုညစ်ညမ်းမှုအမှိုက်ပုံကြီးကို သန့်စင်အောင်လုပ်ရတဲ့ စွန့်စားမှုနဲ့စာရင် နျူကလီယာစွမ်းအင် ကျယ်ကျယ်ပြန့်ပြန့် ထုတ်လုပ်တာက ပိုပြီး သက်သာပါတယ်လို့ သိပ္ပံပညာရှင် ၄ ယောက်က သုံးသပ်ထားပါတယ်။",3.0,3.0,3.0,2.0,3.0,"The text provides a coherent, educational overview of the debate between nuclear energy and fossil fuels. It uses logical arguments to compare energy sources. However, the document contains significant repetition of paragraphs, which lowers the cleanliness score. The language is natural and appropriate for the Burmese context."
<urn:uuid:53385e67-165b-4924-9132-04fdb9fb598b>,"ဗိုက်ပူစေခြင်း
အထိုင်များပြီး အလှုပ်အရှား လည်းမရှိ၊ လေ့ကျင့်ခန်းလည်း မလုပ်ခဲ့ရင် ခန္ဓာကိုယ်က အဆီ တွေကို ဘယ်လိုမှ မချေဖျက်နိုင် ဘဲ ဝမ်းဗိုက်တစ်ဝိုက်၊ ခါးတစ်ဝိုက် မှာ အဆီတွေစုပြီး ဗိုက်ပူလာကာ ကိုယ်အလေးချိန်တွေပါ တက် လာစေပါတယ်။
နှလုံးရောဂါဖြစ်ခြင်း
အချိန်အကြာကြီးထိုင်နေ ခြင်းက ကိုယ်တွင်းအင်္ဂါတွေကို ဆိုးကျိုးပေးနိုင်ပြီး အထူးသဖြင့် နှလုံးကို ဒုက္ခပေးနိုင်ပါတယ်။ တစ်နေရာတည်းမှာ နာရီပေါင်းများစွာ ကြာအောင် ထိုင်နေတာဟာ သွေးလည်ပတ်မှုမကောင်းစေဘဲ ကိုလက်စထရောပမာဏကို လည်း များစေကာ သွေးတိုးရောဂါကိုလည်း ဖြစ်စေနိုင်တယ်လို့ဆိုပါ တယ်။
လည်ပင်းနှင့် နောက်ကျောနာ ကျင်ကိုက်ခဲခြင်း
ပုံစံမမှန်ဘဲ တစ်ချိန်လုံးထိုင် နေခြင်းကလည်း လည်ပင်းနဲ့ နောက်ကျောကို ဒုက္ခပေးပြီး နာ တာရှည်ပုံစံမျိုးအထိ ဖြစ်စေနိုင်ပါ တယ်။
သွေးတွင်းသကြားဓာတ်များစေ ခြင်း
အထိုင်များရာကနေ ဆီးချို ရောဂါလည်း ဖြစ်လာနိုင်ခြေရှိ တယ်လို့ ဆိုပါတယ်။
ကင်ဆာရောဂါဖြစ်နိုင်ခြေများ ခြင်း
တစ်ချိန်လုံးထိုင်ပြီး အလုပ် လုပ်ရတဲ့အနေအထားကနေ အဆုတ်၊ သားအိမ်၊ အူမနဲ့ ပရော့ စတိတ်ကင်ဆာ စတာတွေဖြစ်နိုင် ခြေရှိတယ်လို့ဆိုပါတယ်။
စိတ်ကျန်းမာရေးထိခိုက်စေခြင်း
အချိန်ကြာကြာထိုင်ခြင်းဟာ ဦးနှောက်ဆီပို့တဲ့ အောက်ဆီဂျင်နဲ့ သွေးလည်ပတ်မှုကို ဆိုးကျိုးပေး ပြီး ဦးနှောက်လုပ်ငန်းစဉ်တွေကို ထိခိုက်စေနိုင်ပါတယ်။ အချိန် တွေကြာလာတာနဲ့အမျှ ဦးနှောက် ခြောက်ကာ အာရုံစူးစိုက်နိုင်စွမ်း တွေ လျော့ကျစေပါတယ်။
တင်ပါးဆုံနှင့် ခြေထောက်ကြွက် သားများ ထိခိုက်စေခြင်း
နာရီပေါင်းများစွာကြာ အောင် မလှုပ်မယှက်ထိုင်နေရင်း နဲ့ ကြွက်သားများ သန်စွမ်းကျန်း မာမှုကို ထိခိုက်စေပါတယ်။
သွေးကြောပိတ်ခြင်း
အကြာကြီးထိုင်ပြီး ကား မောင်းတဲ့အခါ၊ စားပွဲမှာ အလုပ် ထိုင်လုပ်တာ၊ လေယာဉ်စီးတာ မျိုးတွေကနေလည်း ခြေထောက် သွေးကြောပိတ်လာကာ နာကျင် ခံစားရစေပါတယ်။
ဒါကြောင့်မို့ မလှုပ်မယှက် အချိန်အကြာကြီးထိုင်နေမယ့်အ စား လမ်းလျှောက်တာမျိုး၊ လေ့ ကျင့်ခန်းလုပ်တာမျိုး၊ ယောဂ လုပ်တာမျိုး စသဖြင့် လှုပ်လှုပ် ရှားရှားလေး နေပေးဖို့လိုအပ်ပါ တယ်။
Credit : 7Day Daily
ဤစာဖတ်သူများအားလုံးကျန်းမာချမ်းသာကြပါစေလို့ရွှေချစ်သူမှဆုတောင်းမေတ္တာပို့သပေးပါတယ်။
မျှဝေပေးခြင်းဟာလည်းမေတ္တာတစ်မျိုးပဲမို့ မျှဝေပေးပါနော်...",4.0,2.0,2.0,5.0,4.0,"The text provides clear, educational health advice regarding the dangers of a sedentary lifestyle. It uses natural Burmese phrasing and appropriate cultural tone. While the reasoning is straightforward (cause-effect), it is well-structured and accessible to a general audience, making it highly suitable for educational purposes."
<urn:uuid:ae3a3bac-1997-446a-a761-2721946ce7a1>,"ယခုဖော်ပြထားသော အချက်အလက်များကို ဆေးပညာအကြံပေးမှုနေရာတွင် အစားထိုးရန်မသင့်တော်ပါ။ ပိုမိုသောအချက်အလက်များရရှိရန်အတွက် ဆရာဝန်နှင့် အမြဲတမ်းတိုင်ပင်ပါ.
Dislocated finger (လက်ချောင်းအဆစ်လွဲခြင်း) ကို ဘယ်လိုအတည်ပြုပါသလဲ
ထိခိုက်မိသည့် လက်ချောင်းကို ဆရာဝန်က ဦးစွာစစ်ဆေးမည်။ အဆစ်လွဲခြင်းကို အတည်ပြုရန်နှင့် အရိုးကျိုးမကျိုး ကြည့်ရန် လက်ချောင်းကို ဓါတ်မှန်ရိုက်မည်။
Dislocated finger (လက်ချောင်းအဆစ်လွဲခြင်း) ကို ဘယ်လိုကုသပါသလဲ
ဆရာဝန်က သင့်လက်ချောင်း၏ လွဲနေသောအရိုးများကို ရိုးရှင်းသောနည်းလမ်းဖြင့် ပြန်လည်စီစဉ်ပေးမည်။ လက်ချောင်းထဲသို့ ထုံဆေးထိုး၍ အနာသက်သာစေပြီး လွဲနေသည့်အရိုးများကို ပြန်တည့်ခြင်းဖြစ်သည်။ အရိုးပြန်တည့်နေစဉ် အနာသက်သာစေမည့် သောက်ဆေး၊ ထိုးဆေး၊ အကြောဆေးများကိုလည်း သုံးနိုင်သည်။
ဒဏ်ရာရသောလက်ချောင်းကို ပတ်တီးစည်းခြင်း၊ ဘေးကပ်လျက်ရှိ ကောင်းသောလက်ချောင်းနှင့် တွဲစည်းခြင်းတို့ပြုလုပ်နိုင်သည်။
ဆရာဝန်က လက်ချောင်းပြန်တည့်ကြောင်းအတည်ပြုရန်နှင့် ပထမဓါတ်မှန်ရိုက်စဉ်က မပေါ်ခဲ့သော အရိုးကျိုးခြင်းရှိမရှိ စစ်ဆေးရန် ဒုတိယအကြိမ် ဓါတ်မှန်ရိုက်သည်။
နေထိုင်မှုပုံစံပြောင်းလဲခြင်းနှင့် အိမ်တွင်းကုထုံးများ
လက်ချောင်းအဆစ်လွဲခြင်းကို အိမ်တွင်မကုသသင့်ပါ။ ဆရာဝန်ထံနှင့် အရေးပေါ်ဌာနသို့ သွားရန်လိုအပ်သည်။
အဆစ်လွဲသောလက်ချောင်းသည် ရောင်လာလိမ့်မည်။ နောက်ထပ်ထိခိုက်မိခြင်းမှ ကာကွယ်ရန် လက်စွပ်ကဲ့သို့ လက်ဝတ်ရတနာများကို ချွတ်ထားပါ။
ထိခိုက်မိသော လက်ချောင်းကို ရေခဲကပ်၍ နှလုံးနေရာထက် အမြင့်ကိုမြှောက်ထားပါ။
ကာကွယ်ခြင်း
လက်ချောင်းအဆစ်လွဲခြင်းသည် အများအားဖြင့် ကာကွယ်၍မရသော မတော်တဆမှု များကြောင့် ဖြစ်သည်။ သို့သော် သင့်လက်ချောင်းများကို အားကစားဂျာစီ၊ ဘတ်စကတ်ဘောပိုက်ကွန်၊ အားကစားခမောက်တို့ကြားတွင် မညပ်မိအောင် သတိထားခြင်းဖြင့် ကာကွယ်နိုင်သည်။ ဖြစ်နိုင်လျှင် အကာအကွယ်လက်အိတ်များ ဝတ်ဆင်ပါ။ အားကစားပွဲ မဆင်နွှဲမီ၊ စက်များနှင့် အလုပ်မလုပ်မီ လက်စွပ်ကဲ့သို့ လက်ဝတ်ရတနာများကို ချွတ်ထားပါ။
သိလိုသည်များရှိပါက သင့်အတွက် အကောင်းဆုံးအဖြေကို ရရှိနိုင်ရန် ဆရာဝန်နှင့်တိုင်ပင်ပါ။
ရေးသားသူ- Dr May Myat Hnin Aung",4.0,2.0,2.0,5.0,4.0,"The text provides clear, accurate, and structured medical information suitable for general education. It follows a logical sequence for diagnosis and treatment. The language is natural, professional, and culturally appropriate for Burmese speakers, avoiding common translation errors while maintaining a helpful, informative tone."
<urn:uuid:f9978635-8d66-447f-8809-0640ec584e95>,"ဘင်္ဂလားဒေ့ရ်ှနိုင်ငံက ဒုက္ခသည်စခန်းတွေမှာ နေထိုင်နေတဲ့ ရိုဟင်ဂျာတွေ သူတို့ရဲ့ နေရပ်ရင်းကို ဂုဏ်သိက္ခာရှိရှိ ပြန်နိုင်ဖို့ အားလုံးက လိုလားကြောင်း ဗြိတိန်နိုင်ငံခြားရေး ၀န်ကြီး Boris Johnson က ပြောလိုက်ပါတယ်။ သူဟာ ဘင်္ဂလားဒေ့ရ်ှနိုင်ငံကို ရောက်ရှိနေပြီး ဒီကနေ့ စနေနေ့မှာတော့ မြန်မာနယ်စပ်အနီး Cox’s Bazaar က ဒုက္ခသည် စခန်းတွေကို သွားရောက် ကြည့်ရှုခဲ့ပါတယ်။ ဒီအကြောင်း အေပီသတင်းကို အခြေခံပြီး ကိုအောင်အောင်က တင်ပြထားပါတယ်။
ဗြိတိန်နိုင်ငံခြားရေးဝန်ကြီးရဲ့ ဘင်္ဂလားဒေ့ရှ် ခရီးစဉ်အတွင်း မြို့တော်ဒါကာမှာ ဘင်္ဂလားဒေ့ရ်ှ ၀န်ကြီးချုပ် SHEIKH HASINA နဲ့ရော နိုင်ငံခြားရေး ၀န်ကြီးနဲ့ ပါ သောကြာနေ့က တွေ့ဆုံခဲ့ပြီး ဒုက္ခသည်အရေး အပါအ၀င် ၂ နိုင်ငံကြား ပူးပေါင်းဆောင်ရွက် မှုတွေနဲ့ပတ်သက်လို့ ဆွေးနွေးခဲ့တယ်လို့ ၀န်ကြီး Boris Johnson ကပြောပါတယ်။
မနက်ဖြန်မှာ Cox’s Bazaar က ဒုက္ခသည် စခန်းတွေကို သွားရောက် ကြည့်ရှုမှာဖြစ်သလို ဘင်္ဂလားဒေ့ရ်ှနိုင်ငံနဲ့အတူ UK ရဲ့ လူသားချင်းစာနာမှု အကူအညီ အထောက်အပံ့ ပေးနေတာတွေကိုလည်း သွားကြည့်မှာပါ။ ၀န်ကြီးချုပ်နဲ့လည်း ရင်းရင်းနှီးနှီးနဲ့ အချိန်အတော်ကြာ တွေ့ဆုံခဲ့ပြီး ဘင်္ဂလားဒေ့ရ်ှနဲ့ UK အကြား ပူးပေါင်းဆောင်ရွက်မှုနဲ့ ပတ်သက်ပြီးတော့လည်း အကြောင်းအရာပေါင်းစုံ ဆွေးနွေးခဲ့ပါတယ်။
ဇန်န၀ါရီလအတွင်း မြန်မာနဲ့ ဘင်္ဂလားဒေ့ရ်ှအစိုးရကြား ဒုက္ခသည်တွေကို ပြန်လည် လက်ခံဖို့ သဘောတူညီ ခဲ့ကြပေမယ့်လည်း ရေရှည်ခိုင်မာတဲ့ ဘဝအာမခံချက်နဲ့ လုံခြုံစိတ်ချ ရတဲ့ အနေအထား ရရှိဖို့အပြင် နိုင်ငံသားအခွင့်အရေး တန်းတူညီမျှပေးမှပဲ နေရပ်ရင်းကို ပြန်လာရဲ ကြမယ်လို့ ဒုက္ခသည်တွေက ဆိုပါတယ်။ မြန်မာအစိုးရ ဘက်ကတော့ ဒုက္ခသည်အတွက် အားလုံးစီမံ ထားပြီးပြီလို့ ပြောထားပြီး မကြာသေးခင်ကလဲ နိုင်ငံတကာ သံတမန် အချို့ကို မြန်မာအစိုးရ အရာရှိတွေက ရခိုင်ပြည်နယ်မှာ ဒုက္ခသည်တွေအတွက် ဆောက်လုပ်ထားတဲ့ စခန်းတွေကို လိုက်လံပြသ ခဲ့ပါတယ်။ ဗြိတိန်နိုင်ငံခြားရေးဝန်ကြီး Boris Johnson ကတော့ ပိုပြီး ပွင့်လင်းမြင်သာမှု ရှိရှိနဲ့ ဆောင်ရွက်ဖို့ ပြောကြားပါတယ်။
နိုင်ငံတကာအသိုင်းအ၀ိုင်းအနေနဲ့ မြန်မာနိုင်ငံဘက်က ပြဿနာတွေနဲ့ ပတ်သက်ပြီး ဘယ်လို အဖြေရှာ နိုင်မလဲဆိုတာကို ဆွေးနွေး အဖြေရှာကြဖို့ လိုပါမယ်။ ရိုဟင်ဂျာတွေ အနေနဲ့ သူတို့နေရပ်ရင်းကို ဂုဏ်သိက္ခာရှိရှိ ဘေးကင်းလုံခြုံစွာနဲ့ ပြန်နိုင်ဖို့ အားလုံးက မြင်ချင်ပါတယ်။ အခုလေးပဲ ၀န်ကြီးချုပ်နဲ့ရော နိုင်ငံခြားရေးဝန်ကြီးနဲ့ပါ စကားပြောခဲ့ပြီး ဘင်္ဂလားဒေ့ရှ် အနေနဲ့ရော UK အနေနဲ့ပါ ဘာတွေလုပ်ဖို့ လိုမလဲ ဆိုတဲ့အပေါ် သဘောထားချင်း တိုက်ဆိုက်တဲ့ အတွက်ကြောင့်လည်း တကယ်ကို အားတက်မိပါတယ်။ ဒါပေမယ့်လည်း တကယ်လုပ်ဖို့ လိုတာကတော့ မြန်မာအစိုးရကို ဒီသဘောထားနဲ့ ပတ်သက်ပြီး အတူတကွ တိုက်တွန်း အသိပေးဖို့လို့ ထင်ပါတယ်။
ဒီကနေ့ စနေနေ့မှာတော့ ၀န်ကြီး Johson ဟာ Cox’s Bazaar က ဒုက္ခသည် စခန်းတွေကို ဘင်္ဂလားဒေ့ရှ် အစိုးရအရာရှိတွေနဲ့အတူ သွားရောက်ခဲ့ပြီး ဒုက္ခသည်တွေနဲ့ တွေ့ဆုံခဲ့ပါတယ်။ လွန်ခဲ့တဲ့နှစ် သြဂုတ်လကုန်ပိုင်း ARSA အစွန်းရောက်အဖွဲ့က လုံခြုံရေးကင်းစခန်းတွေကို ၀င်ရောက်တိုက်ခိုက် ပြီးချိန်ကစလို့ စစ်တပ်ရဲ့ နယ်မြေရှင်းလင်း မှုတွေအတွင်း လူ့အခွင့်အရေး ဖေါက်ဖျက် ကျူးလွန်မှုကြောင့် ဒုက္ခသည် ၇ သိန်းနီးပါး ဘင်္ဂလားဒေ့ရ်ှနိုင်ငံဘက်ကို ထွက်ပြေးခိုလှုံ ခဲ့ကြပါတယ်။ ဒါ့အပြင် လုံခြုံရေး တပ်ဖွဲ့ဝင်တွေဟာ ဒေသခံ မူစလင်တွေကို အဓမ္မပြုကျင့် သတ်ဖြတ်သလို ပစ္စည်းတွေလည်း လုယူခဲ့ကြတယ်လို့ ဒုက္ခသည်တွေက စွပ်စွဲ ပြောဆိုထားပါတယ်။",3.0,2.0,2.0,5.0,5.0,"The text is a well-written, journalistic report on a diplomatic visit regarding the Rohingya refugee crisis. It provides clear, factual information suitable for educational awareness of current events. It maintains a neutral, professional tone, uses natural Burmese phrasing, and is free of technical noise or formatting errors."
<urn:uuid:dc1de3ae-7ef8-4df8-844e-80eb5cac273a>,ရင်းနှီးမြှုပ်နှံမှုလုပ်ငန်းအများစုမှာ မြန်မာနိုင်ငံရင်းနှီးမြှုပ်နှံမှုကော်မရှင်၏ ခွင့်ပြုမိန့်ရယူဆောင်ရွက်ရန်မလိုအပ် တော့သော်လည်း အောက်ဖော်ပြပါလုပ်ငန်းများအနေဖြင့်မူ ကော်မရှင်သို့ အဆိုပြုလျှောက်ထားလွှာတင်သွင်း၍ ခွင့်ပြုမိန့်ရယူရန်လိုအပ်ပေသည်။ မြန်မာနိုင်ငံရင်းနှီးမြှုပ်နှံမှုကော်မရှင်၏ ခွင့်ပြုမိန့်ရယူရန်လိုအပ်သော ရင်းနှီးမြှုပ်နှံမှုလုပ်ငန်းအမျိုးအစားများမှာ နိုင်ငံတော်အတွက် မဟာဗျူဟာအရ အရေးပါသည့်လုပ်ငန်းများ၊ မတည်ငွေရင်းကြီးမားသည့် လုပ်ငန်းများ၊သဘာဝပတ်ဝန်းကျင်နှင့် ဒေသခံလူထုအပေါ် ကြီးမားသော သက်ရောက်မှုဖြစ်စေနိုင်သည့်လုပ်ငန်းများ၊ နိုင်ငံတော်ပိုင်မြေနှင့် အဆောက်အဦများအသုံးပြုသည့် လုပ်ငန်းများ၊ ခွင့်ပြုမိန့်ရယူဆောင်ရွက်ရန်ဟု အစိုးရအဖွဲ့က သတ်မှတ်ထား သည့်လုပ်ငန်းများ ဖြစ်သည်။,3.0,2.0,3.0,5.0,4.0,"The text provides clear, accurate information regarding Myanmar's investment regulations. It is well-structured, professional, and uses natural Burmese terminology relevant to local administrative and legal contexts. It serves as a helpful informational guide for understanding government requirements, though it lacks deep analytical reasoning or complex pedagogical exercises."
<urn:uuid:363f4ae5-6e7a-41f5-9263-4d73856b882b>,"ငြင်းခုံခြင်းကနေ သဘောမတူခြင်း၊ သဘောမတူခြင်းကနေ ရင့်ကျက်တဲ့ စုံတွဲဘဝဆီသို့
သင့်ချစ်သူနဲ့ ငြင်းတာခုံတာ မကြာခဏ ဆိုသလို ဖြစ်ဖူးမှာပါ။ စုံတွဲတွေကြားထဲမှာ ငြင်းခုံတာကို ရှောင်လွှဲလို့ မရနိုင်ပဲ အဝတ်လျှော်တာလိုမျိုး အသေးအဖွဲကိစ္စလေးက စပြီး ငွေရေးကြေးရေး ကိစ္စကြီးတွေ အထိ သင်တို့နှစ်ယောက် အမြင်မတူကြတဲ့ နေရာတွေ ရှိလာပါလိမ့်မယ်။ တကယ်တော့ ငြင်းခုံတာဟာ ပြသနာချည်းပဲ မဟုတ်ပါဘူး။
ငြင်းခုံခြင်းကို လူတော်တော်များများက ချစ်ဇာတ်လမ်းတွေအတွက် မကောင်းတဲ့ အရာတစ်ခုအနေနဲ့ မြင်ကြပါတယ်။ ကျွန်တော်ကတော့ သင်နဲ့ သင့်ချစ်သူ ကြားက အငြင်းအခုန် အားလုံးကို ကောင်းကျိုးရှိအောင်လဲ အသုံးချနိုင်တယ်လို့ ထင်ပါတယ်။ ဒါပေမယ့် အရင်ဆုံး ငြင်းခုံခြင်းကို ကောင်းကျိုးရှိအောင် ဘယ်လို အမြင်နဲ့ ကြည့်ရမလဲဆိုတာ သိဖို့ လိုပါတယ်။ အောက်မှာ ငြင်းခုံခြင်းကနေ သဘောမတူခြင်း၊ သဘောမတူခြင်းကနေ စုံတွဲဘဝ ပိုရင့်ကျက်လာအောင် ကျွန်တော် ဆောင်ရွက်ခဲ့တဲ့ နည်းလမ်းတွေကို ရေးပြထားပါတယ်။
၁. ငြင်းခုံခြင်းကနေ သဘောမတူခြင်း
ငြင်းခုံတယ်ဆိုတဲ့ စကားဟာ နှစ်ယောက်ထဲက တစ်ယောက်ပဲ မှန်တယ်လို့ အဓိပ္ပါယ် ရှိပါတယ်။ သဘောမတူတာကတော့ နှစ်ယောက်စလုံး မှန်နေနိုင်ပါတယ်။ ငြင်းခုံခြင်းကနေ သဘောမတူခြင်း အဖြစ် ပြောင်းလဲနိုင်ဖို့ အရင်ဆုံး သင့်ရဲ့ အရာရာ ငါမှန်တယ်ထင်တဲ့ စိတ်ကို ပြင်ရပါမယ်။ ဘယ်သူမှန်တယ်၊ ဘယ်သူမှားတယ်ဆိုတာကို အလေးမထားပဲ အခြားသူရဲ့ အမြင်ဘက်ကနေ ကြည့်တတ်ရပါမယ်။ ပြီးရင် နှစ်ဘက်စလုံး အဆင်ပြေမယ့် အကောင်းမြင်အဖြေတစ်ခုကို ထုတ်ရပါမယ်။
၂. သဘောမတူခြင်းကနေ ရင့်ကျက်ခြင်း
သင့်ချစ်ဇာတ်လမ်းမှာ ကြုံလာသမျှ ပြသနာတွေအားလုံးမှာ သူမနဲ့ သဘောတူနေဖို့ မလိုပါဘူး။ သင့်မှာ သဘောထားကွဲလွဲခွင့် ရှိပါတယ်။ ဒါပေမယ့် သဘောကွဲလွဲတဲ့အခါတိုင်းမှာ ကိုယ်သာအမှန်လို့ စဉ်းစားနေရင်တော့ အလုပ်ဖြစ်မှာ မဟုတ်ပါဘူး။ ကျွန်တော် ကျွန်တော့်ချစ်သူနဲ့ သဘောထား ကွဲလွဲရင် အောက်ပါ မေးခွန်းလေးခုကို ကိုယ့်ဘာသာ ပြန်မေးကြည့်ပါတယ်။
– ဘယ်ကိစ္စကြောင့် သဘောထား ကွဲလွဲနေရတာလဲ??
– ဘယ်လို ဖြေရှင်းမလဲ??
– ဒီ သဘောထားကွဲလွဲမှု ရန်မဖြစ်ပဲ အေးအေးဆေးဆေး ပြီးသွားအောင် ဘာလုပ်မလဲ??
– ဒီ သဘောထားကွဲလွဲမှုကနေ ငါတို့နှစ်ယောက်လုံး ဘယ်လို ရင့်ကျက်လာနိုင်မလဲ?? ခုအချိန်ကို တန်ဖိုးရှိသွားအောင် ငါ ဘာလုပ်ရမလဲ??
သဘောထားကွဲလွဲချိန်မှာ ဒီမေးခွန်းတွေကို အဖြေရှာကြည့်တာဟာ ရလဒ် ကောင်းစေပြီး ကျွန်တော်တို့နှစ်ယောက်စလုံးကို ပိုရင့်ကျက်စေပါတယ်။
သဘောထားကွဲလွဲမှု တစ်ခုကို အကျိုးဘက်က အသုံးချနိုင်သလို သင့် ချစ်ဇာတ်လမ်းကို နှောင့်ယှက်မယ့် အိပ်မက်ဆိုးတစ်ခုအဖြစ်လဲ ပြောင်းလဲပစ်နိုင်ပါတယ်။ ပြောင်းလဲဖို့ ခလုတ်က သင့်လက်ထဲမှာပါ။ သင့်ရဲ့ စိတ်ကို ငြိမ်အောင်၊ အေးအောင်ထားပြီး သဘောထားကွဲလွဲမှုကို အကောင်းအမြင်နဲ့ ကြည့်တတ်ရင် သင့်ရဲ့ ချစ်ဇာတ်လမ်းလေးဟာ သင် ဖြစ်စေချင်တဲ့ ပုံစံအတိုင်း ပြောင်းလဲသွားမှာပါ။
GM ရဲ့ တခြား အချစ်ရေးနှင့် ပက်သက်သော ဆောင်းပါးများကို ဖတ်ချင်ရင် http://mmgentleman.com/category/love/ မှာအလွယ်တကူ ဝင်ရောက်လေ့လာနိုင်ပါတယ်။
—————————————————————————-
မိန်းခလေးတိုင်းတောင့်တပြီး ယောကျာ်းလေးတိုင်း အားကျစေဖို့
© Gentleman Magazine 🄶🄼
Cyan Calyx
==============================================",3.0,3.0,2.0,4.0,4.0,"The text provides practical, coherent advice on relationship conflict resolution. It uses a structured approach with reflective questions, making it useful for personal development. It is written in natural, idiomatic Burmese, reflecting local social norms regarding relationships, though it includes some minor promotional boilerplate at the end."
<urn:uuid:e3fa3f7d-2037-49c6-a081-fe6b415a520e>,"သတ္တုကြွယ်ဝမှု
နက္ခတ္တဗေဒတွင် သတ္တုကြွယ်ဝမှုဆိုသည်မှာ ဟိုက်ဒရိုဂျင် သို့မဟုတ် ဟီလီယမ်ထက် ဓာတုဒြပ်စင်များ ကြွယ်ဝမှုကိုဆိုလိုသည်။ စကြာဝဠာတွင် ဟိုက်ဒရိုဂျင်နှင့် ဟီလီယံတို့သည် အများဆုံး တည်ရှိသည်ဖြစ်ရာ နက္ခတ္တပညာရှင်များက ယင်းဒြပ်စင်မှလွဲ၍ ကျန်သောဒြပ်စင်တို့ကို ရည်ညွှန်းရာတွင် သတ္တုကြွယ်ဝမှုဟူသော စကားလုံးကို သုံးနှုန်းခြင်းဖြစ်သည်။ ဤအသုံးအနှုန်းသည် အစိုင်အခဲ သတ္တုများနှင့် ကွဲပြားသည်။ ဥပမာ ကြယ် သို့မဟုတ် နက်ဗျူလာတစ်ခုသည် ကာဗွန်၊ နိုက်ထရိုဂျင်၊ အောက်ဆီဂျင်နှင့် နီယွန်များ သိသိသာသာ ပေါများနေပါက နက္ခတ္တရူပဗေဒစကားအရ သတ္တုကြွယ်ဝသော ကြယ် အစရှိသည်ဖြင့် ခေါ်ဝေါ်ကြသည်။ သို့သော် ဓာတုဗေဒအလိုအားဖြင့် ယင်းတို့သည် သတ္တုများ မဟုတ်ကြပေ။ သီအိုအရ ဟိုက်ဒရိုဂျင်နှင့် ဟီလီယံထက် ပိုမိုလေးလံသောဒြပ်စင်များသည် ကြယ်များ၏ ပင်မအူတိုင်ထဲတွင် ဖြစ်တည်လာကြသည်။ အချိန်ကြာလာသော် ဆူပါနိုဗာများသည် ယင်းလေးလံသော ဒြပ်စင်များကို ဘေးပတ်ဝန်းကျင်သို့ ပျံနှံ့စေခဲ့သည်။ ယင်းကဲ့သို့ လေးလံဒြပ်စင်များသည်ပင် ကြယ်များပေါက်ဖွားရာ အခြေခံပစ္စည်းများ ဖြစ်လာပြီး သံသရာလည်နေတော့သည်။ သက်တမ်းရင့်သော ကြယ်များတွင် သတ္တုပါဝင်မှုသည် ငယ်ရွယ်သော ကြယ်များထက် ပိုမိုနည်းပါးကြသည်။ ၁၉၄၄ ခုနှစ်တွင် နက္ခတ္တပညာရှင်များက ကြယ်များ၏ရောင်စဉ်များကို ခွဲခြမ်းစိပ်ဖြာပြီး အဆင့်အတန်း ၂ မျိုး ခွဲခြားခဲ့ကြသည်။ ယင်းတို့မှာ Population I (သတ္တုကြွယ်ဝ) နှင့် Population II (သတ္တုကြွယ်ဝမှုနည်းပါး) တို့ဖြစ်ကြပြီး တတိယတစ်ခုဖြစ်သည့် Population III အမျိုးအစားကိုမူ ၁၉၇၈ ခုနှစ်တွင် မိတ်ဆက်ခဲ့သည်။ ယင်းအမျိုးအစားကြယ်တို့သည် သတ္တုကြွယ်ဝမှု အင်မတန်နည်းပါးပြီး စကြာဝဠာတွင် ပထမဆုံး ပေါက်ဖွားသည့်ကြယ်များဟု သီအိုရီပြုထားသည်။
ကိုးကား
- W. Baade (1944). ""The Resolution of Messier 32, NGC 205, and the Central Region of the Andromeda Nebula"". Astrophysical Journal 100: 121–146. doi:10.1086/144650. Bibcode: 1944ApJ...100..137B.
- M. J. Rees (1978). ""Origin of pregalactic microwave background"". Nature 275 (5675): 35–37. doi:10.1038/275035a0. Bibcode: 1978Natur.275...35R.
- S. D. M. White (1978). ""Core condensation in heavy halos - A two-stage theory for galaxy formation and clustering"". Monthly Notices of the Royal Astronomical Society 183 (3): 341–358. doi:10.1093/mnras/183.3.341. Bibcode: 1978MNRAS.183..341W.
- J. L. Puget (1980). ""Population III stars and the shape of the cosmological black body radiation"". Astronomy and Astrophysics 83: L10–L12. Bibcode: 1980A&A....83L..10P.",4.0,3.0,3.0,5.0,2.0,"The text provides a clear, accurate, and educational explanation of stellar metallicity suitable for middle-school level. It uses logical progression to explain scientific concepts. The writing is clean, well-formatted, and uses natural Burmese terminology for scientific concepts, though it is a translation of technical knowledge rather than a culturally specific artifact."
<urn:uuid:439babda-af3f-44ac-af13-0c36afe5e936>,"This blog has collected and described all news happened in Rakhine and related with them
Pages
Home
Contact
ဤဘလော့ဂ်စာမျက်နှာတွင်ဖော်ပြထားသောသတင်းများအား Android ဖုန်းဖြင့် အလိုအလျောက် Online/Offline ကြည့်ရှုနိုင်ရန်အတွက် ဤနေရာတွင် Click နှိပ်၍ ဒေါင်းလုပ်ဆွဲနိုင်ပါပြီ။
၀င်ကြည့်ရင်းနဲ့ သဘောကျရင် Like လုပ်ပေးစေချင်ပါတယ်။
တင်ထားသမျှကို အလွယ်တကူရှာဖွေရန်
Tuesday, January 6, 2015
နိုင်ငံသားဖြစ်ခွင့်သတ်မှတ်ချက် မည်သူမျှ တိုက်တွန်း၍မရဟု မြန်မာတုံ့ပြန်
မြန်မာနိုင်ငံတွင် နိုင်ငံသားအဖြစ် သတ်မှတ်ပေးရန် မည်သူကမျှ မြန်မာအစိုးရအား တိုက်တွန်း၍မရဘဲ မြန်မာနိုင်ငံ၏ တည်ဆဲဥပဒေနှင့် ၁၉၈၂ ခုနှစ် နိုင်ငံသားဖြစ်ခွင့်ဥပဒေများဖြင့်သာ ဆောင်ရွက်ပေးမည်ဖြစ်ကြောင်း ကုလသမဂ္ဂသို့ မြန်မာ အစိုးရကိုယ်စားလှယ်အဖွဲ့က တုံ့ပြန်လိုက်သည်။
အီးယူနိုင်ငံများက တင်သွင်းသည့် မြန်မာနိုင်ငံ လူ့အခွင့်အရေး အခြေအနေဆိုင်ရာ ဆုံးဖြတ်ချက်ကို ကုလသမဂ္ဂအထွေထွေညီလာခံ မျက်နှာစုံညီအစည်းအဝေးတွင် ဒီဇင်ဘာ ၂၉ ရက်က ချမှတ်ခဲ့ရာ လူနည်းစုများကို နိုင်ငံသားဖြစ်ခွင့်ပေးရန်၊ ရိုဟင်ဂျာအမည်များ ကို သုံးစွဲခွင့်ပြုရန်နှင့် ၎င်းတို့ကို မြန်မာနိုင်ငံတစ်ဝန်း လွတ်လပ်စွာ သွားလာခွင့်ပြုရန် အချက်တို့ ပါဝင်ခဲ့သည်။
‘‘EU ဆုံးဖြတ်ချက်မှာကတော့ နိုင်ငံသားဖြစ်ရေးအတွက် လိုအပ်တဲ့အခွင့်အရေးတွေ ညီတူ ညီမျှ ပေးအပ်ဖို့လို့ ဖော်ပြထား တယ်။ နိုင်ငံသားအဖြစ် သတ်မှတ်ပေးဖို့ မည်သူတစ်ဦးတစ်ယောက်ကမျှ မြန်မာနိုင်ငံအစိုးရကို တိုက်တွန်းလို့မရပါဘူး။ နိုင်ငံသားဖြစ်ရေးဟာ မြန်မာနိုင်ငံရဲ့ တည်ဆဲဥပဒေတွေ၊ အထူးသဖြင့် ၁၉၈၂ ခုနှစ် မြန်မာနိုင်ငံသားဖြစ်မှုဥပဒေနဲ့အညီသာ ဆောင်ရွက်ရမယ်လို့ မြန်မာကိုယ်စားလှယ်အဖွဲ့က ရှင်းလင်းပြောကြားခဲ့ပါတယ်’’ဟု အီးယူကတင်သွင်းသည့် ဆုံးဖြတ်ချက်ကို မူကြမ်းမှစ၍ နောက်ဆုံးကုလတွင်အတည်ပြု သည်အထိ ပါဝင်ဆွေးနွေးခဲ့သော နိုင်ငံခြားရေးဝန်ကြီးဌာန၊ အပြည်ပြည်ဆိုင်ရာအဖွဲ့အစည်းနှင့် စီးပွားရေးဦးစီးဌာနမှ တာဝန်ရှိသူ တစ်ဦးက ပြောကြားသည်။
နိုင်ငံသားအဖြစ် စိစစ်ရန် ပထမအဆင့်အဖြစ် နိုင်ငံသား စိစစ်မှုရှေ့ပြေးစီမံချက်ကို ဆောင်ရွက်ခဲ့ပြီး ကိုက်ညီသူများကို နိုင်ငံသားပြုခွင့်ရသူနှင့် နိုင်ငံသားအဖြစ် စိစစ်ခွင့်ပြုခဲ့သည်ဟု ၎င်းက ဆိုသည်။
‘‘စိစစ်မှုအောင်မြင်တဲ့သူတို့ရဲ့ သားသမီးတွေဟာ ဒီဥပဒေနဲ့ အညီ အခွင့်အရေးတွေရရှိပြီးဖြစ်ပါတယ်။ ဒီလိုစိစစ်မှုတွေကိုလည်း ဆက်လက်လုပ်ဆောင်သွားမှာ ဖြစ်ပါတယ်။ ရိုဟင်ဂျာအသုံး အနှုန်းကိုလည်း ကျွန်တော်တို့ ဒီအစည်းအဝေးတစ်လျှောက်လုံး ကန့်ကွက်ခဲ့တာပါ။ ရိုဟင်ဂျာလို့ ဘယ်တုန်းကမှမရှိတဲ့နာမည်ကို သုံးစွဲနေမယ်ဆိုရင် ရခိုင်ပြည်နယ်မှာ မလိုလားအပ်တဲ့ပြဿနာတွေကို ဖြစ်ပေါ်စေတယ်လို့လည်း ပြောခဲ့ပါတယ်’’ဟု ၎င်းက ပြောကြားသည်။
နိုင်ငံတကာအသိုင်းအဝိုင်း အနေဖြင့် ရခိုင်ပြည်နယ်ဖွံ့ဖြိုးတိုးတက်ရေးကို အမှန်တကယ်လိုလားပါက လက်တွေ့ကျသည့် ဖွံ့ဖြိုးတိုးတက်မှုအကူအညီများ ပေးအပ်ရန်လိုကြောင်း ထောက်ပြခဲ့သည်ဟု ဆိုသည်။
ပြီးခဲ့သည့် အာဆီယံထိပ်သီးအစည်းအဝေးကာလတွင် ကုလအတွင်းရေးမှူးချုပ် ဘန်ကီမွန်းက မြန်မာနိုင်ငံခရီးစဉ်အတွင်း လူနည်းစုရိုဟင်ဂျာဟု သုံးနှုန်းခဲ့သဖြင့် ရခိုင်ပြည်နယ်ဝန်ကြီးချုပ်က ဘန်ကီမွန်းထံ ကန့်ကွက်သည့် သတိထောက်လွှာကို ပေးခဲ့သည်။
ယခု EU က တင်သွင်းသည့် မြန်မာနိုင်ငံလူ့အခွင့်အရေးဆိုင်ရာ ဆုံးဖြတ်ချက်မှာ ယခင်ကဲ့သို့ မဲခွဲဆုံးဖြတ်ခြင်းမဟုတ်ဘဲ မြန်မာ အစိုးရတာဝန်ရှိသူတို့နှင့် အပြန်အလှန်ညှိနှိုင်း၍ ကုလတတိယ ကော်မတီသို့ တင်သွင်းခြင်းဖြစ်သည်။ ဆုံးဖြတ်ချက်အများစုတွင် မြန်မာအစိုးရ၏ ပြုပြင်ပြောင်းလဲမှုများကို အသိအမှတ်ပြုထောက်ခံကြောင်း ပြောကြားချက်များကို မြန်မာကိုယ်စားလှယ်အဖွဲ့က ကြိုဆိုသော်လည်း ရိုဟင်ဂျာနှင့် ပတ်သက်၍ မြန်မာအစိုးရ၏ သဘောထားနှင့် တည်ဆဲဥပဒေများကိုသာမူတည်၍ ဖြေရှင်းခဲ့ကြောင်း သတင်းရရှိသည်။
(သတင်းအရင်းအမြစ်- 7 Days News)
Posted by
Than Htoon
at
2:29 PM
Email This
BlogThis!
Share to Twitter
Share to Facebook
Share to Pinterest
Labels:
EU
,
UN
,
ဘင်္ဂလီ
,
ပြည်ထောင်စုအစိုးရ
,
နိုင်ငံတကာဆက်ဆံရေး
,
နိုင်ငံသားစိစစ်ရေး
Post a Comment
Newer Post
Older Post
Home
Subscribe to:
Post Comments (Atom)",2.0,2.0,3.0,2.0,5.0,"The text is a news report about international relations and citizenship laws. It provides factual information but lacks pedagogical structure. It contains significant boilerplate (blog navigation, social media links, ads). The language is natural, authentic Burmese, reflecting local political discourse and terminology accurately."
<urn:uuid:06a27f29-4e95-45ae-b3ae-2d54dbd2a4ef>,"၁ဥာဏ်ပညာသည် ခေါ်၍ မိမိအသံကို လွှင့်သည်မဟုတ်လော။ ၂မြင့်သောအရပ်ထိပ်၌၄င်း၊ လမ်းခရီးအနား၌ ၄င်းရပ်နေ၏။ ၃ကြီးသောတံခါးဝ၊ မြို့တံခါး၊ အိမ်တံခါးဝမှာ ကြွေးကြော်၍၊ ၄အချင်းလူတို့၊ သင်တို့အား ငါခေါ်၏။ လူသားတို့အား အသံကို ငါလွှင့်၏။ ၅ဥာဏ်တိမ်သောသူတို့ ပညာတရားကို နားလည်ကြလော့၊၊ လူမိုက်တို့ ထိုးထွင်းသော ဥာဏ်ရှိကြလော့။ ၆နားထောင်ကြ။ မြတ်သောစကားကို ငါပြောမည်။ မှန်သော တရားစကားကို ငါနှုတ်မြွတ်မည်။ ၇ငါ့နှုတ်ထွက်စကားသည် သမ္မာတရားနှင့် သာဆိုင်၍၊ ငါ့နှုတ်ခမ်းတို့သည် ဒုစရိုက်ကို စက်ဆုပ်ရွံ့ရှာ၏။ ၈ငါဟောပြော သမျှသောစကားတို့သည် ဖြောင့်မတ်၍၊ ကောက်သောသဘော၊ ဖောက်ပြန်သောသဘောနှင့် ကင်းစင်ကြ၏။ ၉နားလည်သောသူ၌ အလုံးစုံရှင်းလင်း၍၊ ပညာကိုရသော သူတို့အားဟုတ်မှန်ကြ၏။ ၁ဝငွေအရင်၊ ငါ့နည်းကို၎င်း၊ မြတ်သောရွှေ အရင်၊ ပညာအတတ်ကို၎င်း ခံယူကြလော့။ ၁၁အကြောင်းမူကား၊ ပညာသည် ပတ္တမြားထက်သာ၍ မြတ်၏။ နှစ်သက်ဘွယ်သမျှသောအရာတို့သည် ထိုရတနာကို မပြိုင်နိုင်ကြ။
၁၂ငါ့ဥာဏ်ပညာသည် သမ္မာသတိနှင့် ပေါင်း၍၊ လိမ္မာသော သိပံ္ပအတတ်များကို ဘော်တတ်၏၊ ၁၃ထာဝရဘုရားကို ကြောက်ရွံ့သောသဘောကား၊ ဒုစရိုက်ကိုမုန်းသော သဘောတည်း။ မာနထောင်လွှား ခြင်း၊ စော်ကားခြင်း၊ မကောင်းသောလမ်းသို့ လိုက်ခြင်း၊ စော်ကားခြင်း၊ မကောင်းသောလမ်းသို့ လိုက်ခြင်း၊ ကောက်သော စကားဖြင့် ပြောဆိုခြင်းတို့ကို ငါမုန်း၏။ ၁၄အကြံပေးနိုင်သော အခွင့်နှင့် ပညာရတနာသည် ငါ၌ရှိ၏။ ငါသည် ဥာဏ်ဖြစ် ၍ အစွမ်းသတ္တိနှင့် ပြည့်စုံ၏။ ၁၅ငါ့အားဖြင့် ရှင်ဘုရင်တို့သည် စိုးစံရသော အခွင့်၊ မင်းအရာရှိတို့သည် ဆုံးဖြတ်ရသော အခွင့်ရှိကြ၏။ ၁၆ငါ့အားဖြင့် မင်းသား၊ မှူးမတ်၊ တရားသူကြီးအပေါင်းတို့သည် အစိုးရသော အခွင့်ရှိကြ၏။ ၁၇ငါ့ကို ချစ်သောသူတို့ကို ငါချစ်၏။ ငါ့ကိုကြိုးစား၍ ရှာသောသူတို့သည် တွေ့တတ်ကြ၏။ ၁၈ငါ၌ စည်းစိမ်နှင့် ဂုဏ်အသ ရေရှိ၏။ မြဲသောစည်းစိမ်နှင့် ဖြောင့်မတ်ခြင်းပါရမီ ရှိ၏။ ၁၉ငါပေးသောအကျိုးသည် ရွှေထက်မက၊ ရွှေစင်ထက်သာ၍ မြတ်၏။ ငါကြောင့်ရသော အခွန်ဘဏ္ဍာသည် ငွေတော်ထက်သာ၍မြတ်၏၊၊ ၂ဝငါသည် ဖြောင့်မတ်ခြင်းလမ်း၊ တရားသဖြင့် စီရင်ခြင်းလမ်းအလယ်၌ ရှောက်သွားသည်ဖြစ်၍ ၂၁ငါ့ကိုချစ်သောသူတို့သည် အမွေခံရသောအခွင့်နှင့် သူတို့ဘဏ္ဍာတိုက်ပြည့်ဝစေသောအခွင့်ကို ငါပေးတတ်၏၊၊
၂၂ထာဝရဘုရားသည် ရှေးအမှုတော်ကို မပြုမှီထွက်ကြွတော်မူစကပင် ငါ့ကိုပိုင်တော်မူ၏။ ၂၃မြေကြီးမဖြစ်မှီ ရှေ့ဦးစွာသောကာလ၊ အနန္တကာလမှစ၍ ငါသည် ဘိသိက်ခံပြီ။ ၂၄နက်နဲသော ပင်လယ်မဖြစ်၊ ရေနှင့်ကြွယ်ဝသော စမ်းရေတွင်းမဖြစ်မှီ ငါ့ကို ဖြစ်ဘွားစေတော်မူ၏။ ၂၅တောင်ကြီးမတည်၊ တောင်ငယ်မဖြစ်မှီ၊ ၂၆မြေကြီးနှင့်လယ်တော များကို မဖန်ဆင်း၊ အဦးဆုံးသော မြေမှုန့်ကိုမျှ မဖန်ဆင်းမှီ၊ ငါ့ကိုဖြစ်ဘွား စေတော်မူ၏။ ၂၇မိုလ်းကောင်းကင်ကို မြင်တော်မူသောအခါ ငါရှိ၏။ သမုဒ္ဒရာမျက်နှာကို ကန့်ကွက်သောအမှု၊ ၂၈အထက်မိုးဃ်းတိမ်ကို တည်စေသော အမှု၊ နက်နဲသော အရပ်၌ စမ်းရေပေါက်တို့ကို ခိုင်ခံ့စေသောအမှု၊ ၂၉သမုဒ္ဒရာ၌ ကွန့်ကွက်သော အပိုင်းအခြားကို ရေမလွှမ်းရမည်ကြောင်း စီရင်သောအမှု၊ မြေကြီးတိုက်မြစ်တည်သော အမှုတို့ကို ပြီးစီးစေတော်မူသောအခါ၊ ၃ဝငါသည် ကျွေးမွေးတော်မူသော သားကဲ့သို့၊ အထံတော်ပါးတွင်နေ၍၊ အစဉ်မပြတ် မွေ့လျော်တော်မူရာဖြစ်၏။ ရှေ့တော်၌ အစဉ်မပြတ် ကစားလျက်၊ ၃၁ဖန်ဆင်းတော်မူသောမြေကြီးတပြင်လုံးတွင် ရွှင်လန်းလျက်၊ လူသားတို့နှင့် ပေါင်းဘော်၍ ပျော်ပါးလျက်နေ၏။
၃၂သို့ဖြစ်၍ ငါ့သားတို့၊ ငါ့စကားကို နားထောင်ကြလော့။ ငါ၏ လမ်းများကို စောင့်ရှောက်သောသူတို့သည် မင်္ဂလာရှိကြ၏။ ၃၃ငါဆုံးမခြင်းကို မပယ်ကြနှင့်။ နားထောင်၍ ပညာရှိကြလော့။ ၃၄ငါ့စကားကိုကြား၍ ငါ့တံခါးနားမှာ နေ့တိုင်းစောင့်လျက် တံခါးတိုင်နားမှာ မြော်လင့်လျက် နေသောသူသည် မင်္ဂလာရှိ၏။ ၃၅ငါ့ကိုရှာ၍ တွေ့သောသူသည် အသက်ကိုတွေ့၏။ ထာဝရဘုရား၏ ကျေးဇူးတော်ကိုလည်း ခံရ၏။ ၃၆ငါ့ကို ပြစ်မှားသောသူမူကား၊ မိမိအသက် ဝိညာဉ်ကို ပြစ်မှား၏။ ငါ့ကိုမုန်းသောသူ အပေါင်းတို့သည် သေခြင်းကို ချစ်ကြ၏။",4.0,3.0,2.0,4.0,3.0,"This is a translation of Proverbs 8 from the Bible. It offers moral and ethical instruction suitable for educational settings. The reasoning is philosophical and didactic. The language is formal and archaic, reflecting traditional Burmese religious literature. It is clean, though it contains some numbering artifacts from the source text."
<urn:uuid:67d180fb-805a-48dc-8d54-a45c710d5da3>,"ရေဆင်နှာမောင်း
ရေဆင်နှာမောင်း[ပြင်ဆင်ရန်]
ပင်လယ်ရေပြင်ပေါ်၌ ဖြစ်စေ၊ အင်းအိုင်ရေပြင်ပေါ်၌ ဖြစ်စေ လေဆင်နှာမောင်း ဖြစ်ပေါ်သည့်အခါ ရေပြင်ပေါ်မှ တိမ်တိုက်ထိအောင် အထက်သို့ ထိုးတက်နေသော နှာမောင်း သဏ္ဌာန် ရေလုံးကို ရေဆင်နှာမောင်းဟု ခေါ်သည်။ ရေဆင် နှာမောင်းသည် အထက်သို့ ပြင်းထန်စွာတက်သော လေစီး ကြောင်းကြောင့် ဖြစ်လေသည်။ လျင်မြန်စွာ လေပွေမွှေ့၍ တက်ရာ၌ ရေဆင်နှာမောင်းအတွင်းတွင် လေဖိအားနည်းရာ အရပ် ဖြစ်ပေါ်လာသည်။ ရေဆင်နှာမောင်းထဲရှိ ရေသည် ရေငန်မဟုတ်၊ ရေချိုဖြစ်သည့်အချက်ကို ထောက်၍ နှာမောင်း သဏ္ဌာန် ရေလုံးသည် လေထဲရှိ အငွေ့ရည်ဖွဲ့ခြင်း ဖြစ်ကြောင်း သိရသည်။
ရေပြင်ပေါ်၌ သွားလာကြသောလှေ၊ သင်္ဘောတို့သည် လေပွေမွှေ့သောအရှိန်ကြောင့် တိမ်းမှောက်နစ်မြုပ်နိုင်၏။ ရေ ဆင်နှာမောင်းသည် အပူပိုင်းဒေသ ရေပြင်တွင် ဖြစ်ပေါ်လေ့ ရှိသည်။ တစ်ခါတစ်ရံ ရေဆင်နှာမောင်းသည် အမြင့်ပေ ၁၅ဝဝ အထိ တက်၍ ၁ဝ မိနစ်မှ မိနစ် ၃ဝ အထိ အချိန် ကြာမြင့်လေသည်။[၁]
ကိုးကား[ပြင်ဆင်ရန်]
- မြန်မာ့စွယ်စုံကျမ်း၊ အတွဲ(၁၁)",4.0,2.0,2.0,3.0,4.0,"The text provides a clear, educational explanation of waterspouts, suitable for middle-schoolers. It uses natural Burmese terminology and references the Myanmar Encyclopedia. While it contains some boilerplate (wiki-style headers and citations), the core content is coherent, factual, and well-structured, demonstrating a good balance of accessibility and informative depth."
<urn:uuid:fa9975c6-3c32-41a7-8e05-d44b5b93eb78>,"This slideshow requires JavaScript.ကန်ချနပူရီခရိုင်၊ စံခလပူရီမြို့နှင့် ဝင်းကမွန်ရွာတို့အား ဆက် သွယ်ထားသော ထိုင်းနိုင်ငံ၏အရှည်ဆုံး မွန်သစ်သားတံတား Mon Wooden Bridge ကို အောက်တိုဘာ ၁၈ ရက်နေ့တွင်ပြန်လည်ဖွင့်လှစ်ခဲ့ကို တွေ့ရှိရသည်။
ပျံလွန်တော်မူခဲ့သည့် အထင်ကရမွန်ဆရာတော်ဥတ္တမ ဦးဆောင်ဆောက်လုပ်ခဲ့သော သက်တမ်း နှစ်ပေါင်း ၃၀ ခန့်ရှိ အဆိုပါသစ်သား တံတားသည် ၂ဝ၁၃ ဇူလိုင် ၂၈ ရက်နေ့တွင် မိုသည်းထန်စွာရွာသွန်းခဲ့ရာ တံတားအလယ် ၇၀ မီတာခန့် ကျိုးပြတ်ကျခဲ့ပြီး ထိုင်းအစိုးရ က ဘတ်ငွေ ၁၆ သန်းကျော် အကုန်ကျခံကာ ပြန်လည်ဆောက်လုပ်ခဲ့ခြင်း ဖြစ်သည်။
ဖွင့်ပွဲအခမ်းအနား စီစဉ်ဆောင်ရွက်သူ မိအရန်ယာက “တံတားပေါ်ကနေ မနက်ပိုင်းမှာ ဘုန်းတော်ကြီးတွေကို ဆွမ်းလောင်းလှူကြ တယ်၊ မွန်းလွဲပိုင်းမှာ အာဏာပိုင်တွေနဲ့ ဒေသခံတွေ အဆိုအကမြိုင်မြိုင်ဆိုင်ဆိုင်နဲ့ တံတားပေါ်ဖြတ်လျှောက်ကြပြီး ညပိုင်းမှာ ဖွင့်ပွဲအခန်းအနားလုပ်တယ်” ဟု ပြောသည်။
အဆိုပါ တံတားဖွင့်ပွဲသို့ ထိုင်းအာဏာပိုင်များ၊ ဒေသခံ မွန်၊ ကရင်၊ ထိုင်းလူမျိုးများ စုစုပေါင်း ၁ သောင်းနီးပါး ခန့် တက်ရောက်ခဲ့သည်ကို တွေ့ရှိရပြီး ညပိုင်း၌ မွန်၊ ကရင်၊ ထိုင်းရိုးရာယဉ်ကျေးမှုအကများ၊ တက္ကသိုလ် ကျောင်းသူ\ သားတို့က တံတားတည်ဆောက်ခဲ့ပုံ တေး သရုပ်ဖေါ်နှင့် ထိုင်းစစ်သည်တို့၏တေးဂီတအစီအစဉ်များဖြင့် ဖျော်ဖြေတင်ဆက်ခဲ့သည်။
လက်ရှိ ဝင်းကကျောင်းထိုင်ဆရာတော် မဟာစုချပ် သိရိဗန်ယို၊ ကန်ချနပူရီအခြေစိုက် ထိုင်းတပ်မ (၉) ဗိုလ်ချုပ် နတ်အင်ထရဂျရိမ် Gen. Nat Indhrachareon ကန်ချနပူရီခရိုင်ဝန် နိုင်ဝမ်ချိုင် Mr. Wanchai O Sukontip တို့က ည ၈ နာရီအချိန်တွင် စက်ခလုတ်ဖြင့် အခန်းအနားဖွင့်လှစ်သည်တပြိုင်နက် ရောင်စုံမီးပန်းများ ကောင်းကင်အနှံ့ ပစ်ဖေါက်ခဲ့ကြသည်။
ဒေသခံ ဝင်းကရွာသူ မိရတ်ချိုင် က “ဒီလိုအခန်းအနားမျိုး ဒီနေရာမှာကျင်းပတာ ဒါပထမဆုံးအကြိမ်ပါပဲ၊ နောင်နှစ်တွေမှာလည်း အခုလိုကျင်းပနိုင်ရင် သိပ်ကိုစည်ကားတဲ့နေရာ ဖြစ်လာမှာ၊ လာရောက်လည်ပတ်တဲ့ ခရီးသွားဧည့်သည်တွေလည်း ဒီထက်ပိုများလာမယ်လေ” ဟု ဆိုသည်။
အဆိုပါသစ်သားတံတားကို ပျဉ်းကတိုးသစ်များဖြင့် အခိုင်အမာတည်ဆောက်ထားရာ အရှည် ၈၅၀ မီတာ၊ အနံ ၄ ဒဿမ ၅ မီတာ၊ အမြင့်ဆုံးနေရာ ၃၅ မီတာခန့်ရှိပြီး သစ်တန်ချိန် ၂၀ဝ ဝန်းကျင်ခန့်အသုံးပြုထားသည်ဟု မှတ်တမ်းများတွင် ဖေါ်ပြသည်။
ဝင်းကရွာတွင် မွန်သစ်သားတံတား၊ ဝင်းကရွာဟောင်း၊ ဆရာတော်ဦးဥတ္တမကျောင်းတော်၊ ဗုဒ္ဓဂါယာစေတီတို့ဖြင့်ထင်ရှားလျှက်ရှိရာ စနေ၊ တနင်္ဂနွေနှင့် အလုပ်ပိတ်ရက်များတွင် ခရီးသွားဧည့်သည်များ စံခလပူရီမြို့သို့ လာရောက်လည်ပတ်ကြပြီး မော်တော်လှေငယ်များ နှင့် ရွေ့လျားရေပေါ်အိမ်ဖောင်များ၌ အပမ်းဖြေလေ့ရှိကြသည်။
ဝင်းကရွာသည် အိမ်ခြေ ၂ ထောင် ကျော်ရှိကာ မွန်လူမျိုးများ အဓိကနေထိုင်ကြပြီး မွန်ယဉ်ကျေးမှုရွာဟုလည်း တင်စားခေါ်ဆိုကြသည်။",3.0,2.0,2.0,3.0,5.0,"The text provides informative, well-structured reporting on a cultural landmark in Thailand with significant relevance to the Mon community. It is written in natural, high-quality Burmese with specific cultural context, though it contains minor boilerplate at the start. It functions as a factual news report rather than complex academic analysis."
<urn:uuid:f919b304-e12d-4b02-92ea-5df983d7117d>,"အဓိပ္ပါယ်ဖွင့်ဆိုချက်
Heat Exhaustion (အပူဒဏ်ကြောင့် အားအင်ကုန်ခမ်းခြင်း) ကဘာလဲ။
အပူရှပ်ခြင်း (heat exhaustion) ဆိုတာဟာ မြင့်မားတဲ့အပူချိန်နဲ့ ထိတွေ့ပြီးရင် ဖြစ်ပွားတတ်တဲ့ အခြေအနေ တစ်ခုဖြစ်ပါတယ်။ သူဟာ ရေဓါတ်ခန်းခြောက်မှုနဲ့ တွဲဖက် ဖြစ်ပွားတတ်ပါတယ်။
အပူရှပ်ခြင်းဟာ heat stroke (သေစေနိုင်လောက်သော ပြင်းထန်သည့် အပူရှပ်ခြင်း) လောက်တော့ မပြင်းထန်ပါဘူး။ ဒါပေမယ့် သေချာဂရုစိုက်ခြင်းမရှိရင် အပူရှပ်ခြင်းဟာ heat stroke ဖြစ်သွားနိုင်ပြီး ဦးနှောက်နဲ့ အခြား အရေးကြီးတဲ့ ကိုယ်ခန္ဓါအစိတ်အပိုင်းတွေကို ထိခိုက်စေပြီး သေဆုံးနိုင်ပါတယ်။
အပူရှပ်ခြင်း နှစ်မျိုးရှိပါတယ်။
- ရေဓါတ်လျော့နည်းခြင်း – ရေငတ်ခြင်း၊ ရေဆာခြင်း၊ ပင်ပန်းနွမ်းနယ်ခြင်း၊ ခေါင်းကိုက်ခြင်း၊ သတိမကောင်းခြင်း။
- ဆားဓါတ် လျော့နည်းခြင်း – ပျို့အန်ခြင်း၊ ကြွက်တက်ခြင်း၊ ခေါင်းမူးခြင်း။
လက္ခဏာများ
Heat Exhaustion (အပူဒဏ်ကြောင့် အားအင်ကုန်ခမ်းခြင်း) ရဲ့လက္ခဏာတွေကဘာတွေလဲ။
အောက်ဖေါ်ပြပါ လက္ခဏာတွေ ပြတတ်ပါတယ်။
- စိတ်ရှုပ်ခြင်း
- အရောင်ရင့်သော ဆီးသွားခြင်း
- ခေါင်းမူးခြင်း
- သတိမေ့ခြင်း
- ပင်ပန်းလွယ်ခြင်း
- ခေါင်းကိုက်ခြင်း
- ကြွက်တတ်ခြင်း
- ပျို့အန်ခြင်း (သို့) ဝမ်းလျှောခြင်း
- အသားအရေ ဖြူဖျော့ဖျော့ ဖြစ်ခြင်း
- ချွေးထွက်လွန်ခြင်း
- နှလုံးခုန် မြန်ခြင်း
ကုသမှု နှင့် အကြောင်းရင်းများ
အပူရှပ်ခြင်း ကို ဘယ်လိုကုသရမလဲ။
အပူရှပ်ပြီဆိုရင် ပူတဲ့နေရာက ရှောင်ကြဉ်ပြီး အေးမြတဲ့ နေရာတစ်ခုမှာ အနားယူသင့်ပါတယ်။ ဒီလိုမလုပ်နိုင်ဘူးဆိုရင်တော့ အနီးအနားက အေးမြတဲ့ သစ်ပင်ရိပ်အောက်မှာ သွားနေသင့်ပါတယ်။
ပြီးရင်တော့
- အရည် အများကြီးသောက်ပါ။ ကော်ဖီနဲ့ အရက်ကို ရှောင်ကျဉ်ပါ။
- ကျပ်တည်းတဲ့ အဝတ်အစားတွေကို ချွတ်ပါ။
- ရေချိုးပါ။
- အေးစေတဲ့ ပန်ကာ (သို့) ရေခဲစိန် သဘတ်တွေကို အသုံပြုပါ။
၁၅ မိနစ်လောက်နေတဲ့အထိ အကျိုးမရှိရင် အရေးပေါ် ကျန်းမာရေးကုသမှု ယူပါ။ မယူရင်တော့ heat stroke အထိ ဖြစ်နိုင်ပါတယ်။
အပူလျှပ်ခြင်းကနေ ပြန်ကောင်းလာပြီးရင် ပူပြင်းတဲ့ရာသီဥတုနဲ့ ပြင်းထန်တဲ့ လေ့ကျင့်ခန်းတွေကို ပုံမှန် ပြန်မဖြစ်မချင်း မပြုလုပ်သင့်ပါဘူး။
အပူလျှပ်ခြင်းရဲ့ အကြောင်းရင်းများ
မြို့ပြမှာနေခြင်းဟာ လေရဲ့ အရည်အသွေးညံ့ဖျင်းတာမို့ အပူရှပ်ခြင်း ဖြစ်နိုင်ခြေ ပိုမိုများပြားပါတယ်။ ကတ္တရာတွေနဲ့ ကွန်ကရစ်တွေဟာ နေ့အချိန်မှာ အပူကို စုပ်ယူထားပြီး ညအချိန်မှာမှ တစ်ဖြည်းဖြည်း ပြန်လည်ထုတ်လုပ်ပေးကာ ညအချိန် အပူချိန်မြင့်စေခြင်းလို့ ခေါ်ပါတယ်။
အခြား အပူနဲ့ ပတ်သက်တဲ့ ဖျားနာမှုတွေကတော့
- အသက် – မွေးကင်းစကလေးတွေ၊ အသက်လေးနှစ်အောက်ကလေးတွေ၊ အသက် ၆၅ နှစ်အထက် လူကြီးတွေဟာ အပူလျှပ်ခြင်း ပိုမိုဖြစ်ပွားနိုင်ပါတယ်။ သူတို့ဟာ အပူကို အခြားသူတွေလို လျင်မြန်စွာ ထိန်းညှိနိုင်ခြင်း မရှိလို့ ဖြစ်ပါတယ်။
- ကျန်းမာရေးရောဂါများ – နှလုံး၊ အဆုတ်၊ ကျောက်ကပ်ရောဂါတွေနဲ့ အဝလွန်ခြင်း၊ ပိန်ခြင်း၊ သွေးပေါင်တက်ခြင်း၊ ဆီးချို၊ စိတ်ရောဂါ၊ အရက်သောက်ခြင်း၊ နေလောင်ခြင်းနဲ့ အခြားအဖျားတက်ခြင်း ဖြစ်ပွားစေတဲ့ အခြေအနေများ
- ဆေး – အားဆေး၊ နှလုံးဆေး၊ သွေးပေါင်ကျဆေး၊ စိတ်ရောဂါဆေးများ
ဒီရောဂါအခြေအနေတွေ ရှိခဲ့ရင် ပြင်းထန်တဲ့ ပူပြင်းစွတ်စိုမှုကို ထိန်းညှိနိုင်တဲ့ အစွမ်းကို ထိခိုက်မှု ရှိမရှိ ကျန်းမာရေး စစ်ဆေးသင့်ပါတယ်။
ကာကွယ်ခြင်း
အပူလျှပ်ခြင်းကို ဘယ်လိုကာကွယ်မလဲ။
အပြင်မှာအရမ်းပူနေရင် အေးတဲ့နေရာမှာ နေပါ။ နေအောက်မှာ နေမှ ဖြစ်မယ်ဆိုရင် အပူလျှပ်ခြင်းကို ကာကွယ်ဖို့ အောက်ပါအချက်တွေကို လိုက်နာပါ။
- အသားရောင် အဝတ်အစားဝတ်ဆင်ပါ။ လျှာပါတဲ့ ဦးထုတ်ကိုဆောင်းပါ။
- နေလောင်ခံခရင်မ် အသုံးပြုပါ။
- ရေအများအပြားသောက်ပါ။
ကော်ဖီ (သို့) အရက်တွေဟာ ရေပိုငတ်စေပြီး အပူလျှပ်ခြင်းကို ပိုဆိုးစေတာမို့ မသောက်သင့်ပါဘူး။ သင့်မှာ တက်ခြင်း (သို့) နှလုံး၊ ကျောက်ကပ်၊ အသည်းရောဂါ (သို့) ကိုယ်ခန္ဓါအတွင်း အရည်များတဲ့ ရောဂါတွေရှိရင် အရည် အများကြီးမသောက်မီ ဆရာဝန်နဲ့ တိုင်ပင်ဆွေးနွေးသင့်ပါတယ်။
Hello Health Group သည် ဆေးပညာအကြံပြုချက်များ၊ ရောဂါရှာဖွေမှုများနှင့် ကုသမှုများကို မပြုလုပ်ပေးပါ။
Hello Health Group သည် ဆေးပညာအကြံဉာဏ်များ၊ ရောဂါရှာဖွေမှုများနှင့် ကုသမှုများ မပြုလုပ်ပေးပါ။",4.0,2.0,2.0,4.0,4.0,"The document provides clear, structured health information suitable for general education. It uses simple, logical explanations for causes and prevention. It is written in natural, accessible Burmese. While it contains some repetitive boilerplate at the end, the core content is clean, accurate, and highly relevant for public health awareness."
<urn:uuid:c197e6c3-9638-49cf-beb3-754fe7e36159>,"မင်းဘူး ၊ ၂၅-၇-၂၀၁၆
မကွေးတိုင်း ဒေသကြီး မင်းဘူးမြို့ရှိ ရွှေစက်တော် တောရိုင်း တိရစ္ဆာ န် ဘေးမဲ့တော၌ သမင်များအား အမဲလိုက် သတ်ဖြတ်မှု မရှိစေရန် ဘေးမဲ့တောကို ဇုန်လေးဇုန် ခွဲ၍ လစဉ်ပုံမှန် ကင်းလှည့် စစ်ဆေးမည်ဟု သဘာဝ ပတ်ဝန်းကျင် နှင့် သားငှက် တိရစ္ဆာန် ထိန်းသိမ်းရေး ဌာနမှ သိရသည်။
''ဒီမှာက သမင်တွေကို အမဲလိုက်သတ် ဖြတ်မှုတွေတော့ မရှိပါဘူး။ ဒါပေမဲ့ တစ်ခါတစ်ရံ လက်မောင်းလုံး လောက်ရှိတဲ့ သစ်ပင်တွေ ကြားမှာ သံမဏိကြိုးကွင်း ထောင်ချောက် လုပ်ပြီး လမိုက်ညတွေမှာ ခွေးတွေနဲ့ ခြောက်လှန့် ဖမ်းဆီးတာတော့ ရှိပါတယ်။ ဒါကို မလုပ်ဖို့ အသိပညာ ပေးတာတွေ၊ တချို့ အရေးယူရတာ တွေရှိပါတယ်'' ဟု လက်ထောက် ညွှန်ကြားရေးမှူး ဦးအေးချို က ပြောသည်။
ထို့ပြင် ရွှေစက်တော် တောရိုင်း တိရစ္ဆာ န် ဘေးမဲ့တော၌ ကင်းပုန်းဝပ်ခြင်း များအပြင် လုံခြုံရေး အဖွဲ့ဝင်များနှင့် ပူးပေါင်း၍ အထူး အဖွဲ့ဖြင့် ရှင်းလင်းခြင်း၊ အနီးဝန်းကျင်ရှိ ကျေးရွာ ၃၉ ရွာသို့ အသိပညာပေး ဟောပြော စည်းရုံးခြင်း များကို သဘာဝ ပတ်ဝန်းကျင် နှင့် သားငှက် တိရစ္ဆာ န် ထိန်းသိမ်းရေး ဌာန မှ ဆောင်ရွက်လျက် ရှိကြောင်း သိရသည်။
အဆိုပါ ဘေးမဲ့တောသို့ နိုင်ငံတကာ အဖွဲ့အစည်းများမှ ပညာရှင်များ လာရောက်၍ သုတေသန ပြုလုပ်ရန် ထောင်ချောက် ကင်မရာများ တပ်ဆင်ခြင်း ၊ သားငှက် တိရစ္ဆာန် စာရင်းများ လာရောက် ကောက်ယူခြင်းများ
ပြုလုပ်ကြောင်း၊ ဘေးမဲ့တော၌ တန်ဖိုးနည်း သစ်ပင်များ ပေါက်ရောက်ခြင်း၊ တောခြောက် ဖြစ်ခြင်း၊ မျောတိုင်များ အဖြစ်သာ များပြားခြင်း တို့ကြောင့် သစ်ထုတ်လုပ်မှု မရှိကြောင်း၊ အိမ်သုံးမျောတိုင် နှင့် ထင်း အတွက်သာ ခုတ်ယူမှု တချို့ ရှိကြောင်း သိရသည်။
အဆိုပါ ဘေးမဲ့တောတွင် သမင် အကောင်ရေ အများဆုံးရှိပြီး ချေ၊ ခွေးအ၊ တောဝက်၊ ကြောင်ပြင်း၊ ကြောင်ကတိုး၊ ကြောင်ဝံပိုင့်၊ မြွေပါ၊ မျောက်စပ်၊ ဒေါင်းစိမ်း၊ ကြယ်လိပ်၊ လိပ်ပုပ်၊ စင်းချောလိပ်၊ နဖား ကျူးငှက်၊ စွေ့နှင့် ငှက်မင်းသား စသည့် တိရစ္ဆာ န်များ ရှိကြောင်း သိရသည်။
''သမင် အကောင်ရေ ကတော့ စာရင်းအရ ၁၄၈၃ ကောင်လောက် ရှိပါတယ်။ အတိုးအလျှော့ တော့ရှိပါတယ်'' ဟု ၄င်းက ဆက်လက် ပြောသည်။
သဘာဝ ပတ်ဝန်းကျင်နှင့် သားငှက် တိရစ္ဆာန် ထိန်းသိမ်းရေး ဌာနက ဘေးမဲ့တော အတွင်းရှိ သမင်ငယ်များ အတွက် ဆားကျင်း များကို နှစ်စဉ်ပြုလုပ် ပေးလျက် ရှိကြောင်း၊ ယခုနှစ်တွင် ဆားပိဿာချိန် ၃ဝ ဖြင့် ဆားကျင်း ၁၅ ကျင်းကို လုပ်ဆောင်ထားပြီး ဖြစ်ကြောင်း သိရသည်။
မြန်မာနိုင်ငံ၌ တောရိုင်း တိရစ္ဆာ န် ဘေးမဲ့တော ၃၉ ခုရှိပြီး ရွှေစက်တော် တောရိုင်းတိရစ္ဆာ န် ဘေးမဲ့တောကို နိုင်ငံ လွတ်လပ်ရေး မရမီ ကတည်းက စတင် သတ်မှတ် ခဲ့ကြောင်း သိရသည်။ (သဲသဲ)
မြ၀တီနေ့စဉ် ၊ စာ(၅)",3.0,2.0,2.0,4.0,5.0,"The text is a well-structured, informative news report about wildlife conservation in Myanmar. It provides factual data, quotes from officials, and local context. It is highly authentic to Burmese journalistic style and language, though it lacks deep analytical reasoning or complex academic depth, making it suitable for general educational awareness."
<urn:uuid:a5a997dd-88cc-4e33-8ed9-79567972ab89>,"ဖန်တီးထားဖြစ်ခဲ့တာပါ။
ဒါပေမယ့် ခုအချိန်အထိ ဘယ်ကဗျာတစ်ပုဒ်တစ်လေကိုမှ ခံစားမိရာဆောင်းပါး မရေးဖြစ်သေးပါဘူး။
ကဗျာတွေကို ခံစားရတာ ကဗျာရေးရတာထက်ကို နက်နည်းသိမ်မွေ့လွန်းပါတယ်..။
ကိုယ်ပြန်ချရေးလိုက်မှ ကဗျာရဲ့ အကြည်ဓါတ်လေးတွေ နောက်သွားမှာ ၊
ကဗျာဆရာပေးချင်တဲ့ ပမာဏ လျော့ကျသွားမှာ
ကဗျာခုတ်မောင်းနေရာ လမ်းကြောင်းလေး တိမ်းစောင်းသွားမှာ သိပ်စိုးရိမ်မိ လက်တွန့်နေခဲ့မိပါတယ်..။
ကဗျာတွေကိုတော့ မဖြစ်မနေ စားသုံးရမယ့်အဟာရတစ်ခုလိုကို ဖတ်ဖြစ်ခဲ့ပါတယ်..။
တစ်ချို့ကဗျာတွေက ရင်ဝကိုထုတ်ချင်းခတ်ဖေါက်ဝင်သွားပါတယ်..။
တစ်ချို့ကဗျာတွေကတော့ ဘယ်တော့မှမရိုးအီနိုင်တဲ့ ရနံ့တစ်ခုလို ချိုမြနေတတ်ပါတယ်
တစ်ချို့ကဗျာတွေက ညခင်းဆည်းဆာမှာ တိမ်ရောင်စုံတွေ တောက်ပြနေသလိုလို
တစ်ချို့ကဗျာတွေမှာက ခွန်အားတွေ စွေးစွေးနီလို့
တစ်ချို့ကဗျာတွေကအရှိန်အဟုန်ကြီးမားပြီးဆန်းကျယ်ခမ်းနားလွန်းတဲ့ ရေတံခွန်လိုမျိုးပေါ့
တစ်ချို့ကဗျာတွေကတော့ နွေးမြနေတဲ့ နံနက်နေခြည်ထဲမှာ..
သာသာလွင့်လွင့်တိုက်ခတ်နေတဲ့လေညှင်းပြေပြေလေးလိုပါပဲ
အခုကျွန်မ ကဗျာခံစားမှုစာစုခေါ်မလား အက်ဆေးခေါ်မလား
ဘာပဲဖြစ်ဖြစ်ချရေးချင်လာခဲ့ပါတယ်..။
ကျွန်မပြောထားခဲ့တဲ့ကဗျာတွေထဲကလိုဆို အဲဒီ့ကဗျာလေးက
ကျွန်မအတွက် ရင်ဝကိုထုတ်ချင်းခတ်ဖေါက်ဝင်သွားတဲ့ ကဗျာမျိုးလေးပါ..။
ကဗျာလေးးးးး
ကဗျာမှ ကဗျာ တိုတိုလေး....
နာဂစ်လွန်ပြီးသောအခါ...တဲ့
နာဂစ်လွန်ပြီးသောအခါ...
သူသွားပြီလား
ထပ်မေးမယ်
သူသွားတာ သေချာပြီလား
ဒါဆို . . .
ငါတို့
ငိုသံတွေ စမယ်။ ။
တည်ရ
++++++++++++++++++++++++++++++++++++++++++++++
သူသွားပြီလား...
ထပ်မေးမယ်....
သူသွားတာ သေချာပြီလား.....
အဲဒီ့မေးလိုက်တဲ့ အသံဟာ..စိတ်ထဲက..ပဲ့တင်တော်လဲနေသံမျိုးလား
နှုတ်ဖျားက တဖွဖွတရံမလပ်ရေရွတ်နေတာများလား..
ကျစ်ကျစ်ဖေးမထားမိကြသူချင်း အတည်ပြုမေးမြန်းလိုက်တာမျိုးလား
ဒါမှမဟုတ်
အရူးတစ်ယောက်လို အသံကုန်ဟစ်အော်သံနဲ့မေးခွန်းများလား
မေးနေခဲ့တယ်
သူတို့ မေးနေခဲ့ကြပါတယ်..
သူသွားတာ သေချာပြီလား.....တဲ့...။
သူဟာ.ခုလေးတင် ညီမလေးရဲ့လက်ကို လွှတ်ချလိုက်ရသူလည်းဖြစ်နိုင်တယ်..
ရင်ခွင်ထဲက သားငယ်လေး လှိုင်းအရိုက်မှာ နစ်မြုတ်ပျောက်ကွယ်သွားစလည်းဖြစ်နိုင်တယ်..
မိခင်ကြီးရဲ့ကိုယ်ပေါ်ကို သစ်ပင်တစ်ပင်လဲပြိုကျသွားတာကို
မျက်မြင်တပ်အပ်ကြုံလိုက်ရသူလည်းဖြစ်နိုင်တယ်..
ရေထဲနစ်မြုတ်ရတော့မယ့် လှေငယ်ပေါ် ချစ်သူကို ကိုယ်တိုင်ကိုယ်ကျ
တင်ပေးလိုက်တဲ့ သူလည်းဖြစ်နိုင်သေးတယ်..
သူကိုယ်တိုင်က တစ်စုံတစ်ရာကိုဖက်တွယ်မျောပါလာရတဲ့ ကမ်းခြေမဲ့လူတစ်ယောက်လည်း
ဖြစ်ကောင်းဖြစ်နေနိုင်တယ်ပေါ့..
သေချာတာက..
သူဟာ သည်းချေပျက်မတတ် ခြောက်ချား တုန်လှုပ်နေလိမ့်မယ်
သူ့နားအစုံဟာ.ဘာကိုမှမကြားနိုင်လောက်အောင် အူခဲနာကျဉ်နေလိမ့်မယ်
ငြိမ်သက်စပြုလာတဲ့ ပတ်ဝန်းကျင်ကို သူ.........
မျက်လုံးပြူးကြီးနဲ့ကြောင်စီစီ ထူအန်းအန်း ငေးကြည့်နေလိမ့်မယ်..
သူ့ကိုယ်သူ သေသွားပြီးသားလား..၊ အသက်ရှိနေတုန်းလား သူ...မသေမချာကြီးဖြစ်နေလိမ့်မယ်
သူနောက်တစ်ခေါက် ထပ်ပြီးရေရွတ်မိဦးမယ်..
သူသွားပြီလား....
သူသွားတာသေချာပြီလား...
သူရင်တွေ ဆောက်တည်ရာမရခုန်လှုပ်နေလိမ့်မယ်...
တဖြည်းဖြည်းငြိမ်သက်လာတဲ့ ပတ်ဝန်းကျင်ထဲမှာ သူ တဖြည်းဖြည်းချင်း အသက်ပြန်ဝင်လာမယ်..
တစ်ချိန်တည်း..သူ့မိသားစုကို သူအိမ်ငယ်လေးကို ကယောင်ကတမ်းရှာဖွေနေလိမ့်မယ်...
ဘယ်လို ဘယ်လောက်အတိုင်းအဆမှန်းမသိတဲ့ အပူလုံးတစ်လုံး
ရင်ဝကို ဟုန်းကနဲရိုက်ခတ်တက်လာလိမ့်မယ်.
သူ...သူ့မိသားစုတစ်ဦး ဒါမှမဟုတ် အားလုံးရဲ့ ရုပ်အလောင်းကို အတည်ပြုဖို့ ..........
သူ တစ်အောင့်လောက် သတိလစ်မူးမိုက်သွားလိမ့်မယ်..
ခဏဖြစ်ဖြစ်ရူးသွပ်သွေးပျက်သွားလိမ့်ဦးမယ်..
သူ.....ငို..ရှိုက်.ပစ်..လိုက်...ဖို့ သ တိ ရ လာ..တ.ယ်....
သူ..သွား..ပြီ..လားးးး
သူသွားတာ..သေချာ..ပြီ..လား....
သူ...သွား..တာ..သေ..ချာ..ရင်...
+++++++++++++++++++++++++++++++++++++++++++++++
သူသွားတာ သေချာမှ စရဲခဲ့ကြတဲ့ ငိုကြွေးသံတွေပါ.....
ဘယ်တော့မှ သွေးမတိတ်နိုင်တော့တဲ့ သွေးစိမ်းရှင်ရှင်ဒဏ်ရာတစ်ခုလို...
ငိုသံတွေ မစဲနိုင်တော့တာဟာ.....
+++++++++++++++++++++++++++++++++++++++++++++++
ဒါဆို . . .
ငါတို့.............
+++++++++++++++++++++++++++++++++++++++++++++++
သဘာဝဘေးအန္တရယ်.၊ စစ်ဘေးအန္တရယ်များနှင့်သေကြေခဲ့ကြရသော လူသားတိုင်း
နောင်ဘ၀ဆိုတာတွေမှာ ဒီအဖြစ်ဆိုးမျိုးနဲ့ ကင်းဝေးနိုင်ကြပါစေ.။
နောင်ဘ၀ဆိုတာတွေမှာ ဒီအဖြစ်ဆိုးမျိုးနဲ့ ကင်းဝေးနိုင်ကြပါစေ.။
ကဗျာကို အသုံးပြုခွင့်ပေးသော မောင်ငယ် ကဗျာဆရာ တည်ရ အား ကျေးဇူးအထူးတင်လျက်
အိန္ဒြာ
( ၂.၅.၂၀၁၀)",2.0,3.0,2.0,3.0,5.0,"The text is a reflective literary essay analyzing a poem about the Nargis cyclone. It offers emotional and social insight into trauma and grief. While it lacks formal academic structure, it provides deep cultural resonance and humanistic reflection. The formatting includes some decorative separators, but the core content is coherent and well-written."
<urn:uuid:ec8d3494-ebe6-4be8-9ffa-d84a1bd46db9>,"သင့်သူဌေးက သင့်ကို အရေးပေးလို့ သင်ကို မနာလိုဖြစ်နေတဲ့ လုပ်ဖော်ကိုင်ဖက်တွေရှိနေပြီလား။ အဲဒီလို လုပ်ဖော်ကိုင်ဖက်တွေရှိနေရင် သင့်အလုပ်ခွင်ဟာ မကောင်းတဲ့အလုပ်ပတ်ဝန်းကျင်ဖြစ်သွားနိုင်ပြီး အလုပ်လုပ်ရတာလဲ အဆင်မပြေဖြစ်သွားနိုင်ပါတယ်။ အဲဒီအခြေအနေမျိုးနဲ့တွေကြုံရင်ဆိုင်ရပြီဆိုရင် သင်နဲ့ သင့်လုပ်ဖော်ကိုင်ဖက်တွေရဲ့ ဆက်ဆံရေးကို ဖျက်စီးပစ်ပြီး သွေးအေးအေးနဲ့ဆက်ဆံမယ့်အစား ဒီနည်းလမ်းလေးတွေ လုပ်ကြည့်ပါ…။
လိမ္မာပါးနပ်စွာနေပါ
သင့်သူဌေးက သင်ကို အခြားသူတွေနဲ့ယှဉ်ရင် ပိုပြီးအရေးပေးလာတဲ့အခါ သင့်လုပ်ဖော်ကိုင်ဖက်တွေက မနာလိုဖြစ်ပြီး ရည်ရွယ်ချက်ရှိရှိနဲ့ လျစ်လျူရှုလာနိုင်ပါတယ်။ အဲဒီလိုအခါမျိုးမှာ စိတ်ကို တည်တည်ငြိမ်ငြိမ်ထားဖို့လိုအပ်လာပြီး အခြေအနေပိုဆိုးမသွားအောင် လိမ္မာပါးနပ်တဲ့ချဉ်းကပ်နည်းကို ရွေးချယ်ဖို့လိုအပ်ပါတယ်။ သူတို့နဲ့ တစ်ဖွဲ့တည်းဖြစ်အောင် ကြိုးစားကြည့်ပြီး သူတို့နဲ့ စကားပြောဖို့လုပ်ဆောင်ပါ။ ဖော်ရွေတဲ့စိတ်ထားရှိအောင်လုပ်ပြီး လူတိုင်းနဲ့ ကောင်းမွန်တဲ့ဆက်ဆံရေးကို ထိန်းသိမ်းကြည့်လိုက်ပါ။
ကိုယ်မပြောခင် စဉ်းစားပါ
သင်ဟာ အတင်းပြောတဲ့သူတွေရဲ့ အလယ်မှာရောက်နေပြီဆိုရင် အခြားလူတွေအကြောင်းကို သူတို့နဲ့ရောပြီး အတင်းပြောခြင်းမှ ရှောင်လိုက်ပါ။ လူတိုင်းပြောဆိုနေတာတွေကို နားထောင်ပါ။ အကြောင်းအရာကို သေချာသိဖို့ အချိန်ယူပြီး အလိုက်သင့်သာ ဆက်ဆံလိုက်ပါ။ သင်ပြောလိုက်တဲ့ဘယ်ကိစ္စပဲဖြစ်ဖြစ် သင့်လုပ်ဖော်ကိုင်ဖက်ဟာ အခြားလူကို ပြန်ပြောပြီး ဘယ်လိုကလိမ်ကျမလဲဆိုတာ သင်သိရမှမဟုတ်ပါဘူး။
ကိုယ့်အကြောင်းကို လူတိုင်းကို မပြောပြတတ်အောင် ကြိုးစားပါ
မနာလိုစိတ်ရှိနေတဲ့လုပ်ဖော်ကိုင်ဖက်နဲ့ ဆက်ဆံတဲ့အခါ သင်နဲ့ပတ်သက်တဲ့အရာအားလုံးကို သိသာမြင်သာမလုပ်ပါနဲ့။ အလုပ်ခွင်မှာ အလုပ်အခွင့်အရေးကောင်းကောင်းတစ်ခုရထားတဲဲ့အတွက်၊ သူများတွေထက် ပိုကောင်းတဲ့ဘောနပ်ရထားတဲ့အတွက် သင်ပျော်ရွှင်နေရင်တောင် လူတိုင်းကို ဒီအကြောင်း ပြောပြဖို့မလိုအပ်ပါဘူး။ အထူးသဖြင့် သင့်လုပ်ဖော်ကိုင်ဖက်တွေကိုပါ။ သင့်ရဲ့ စိတ်လှုပ်ရှားမှု၊ ပျော်ရွှင်မှုတွေကို ထိန်းချုပ်တတ်အောင်ကြိုးစားကြည့်ပြီး ပျော်ရွှင်နေတဲ့မျက်နှာကို ပြမယ့်အစား ယုံကြည်မှုရှိရှိနေပြီး လုပ်ဖော်ကိုင်ဖက်တွေကို ယဉ်ကျေးသိမ့်မွေ့တဲ့အပြုံးလေးနဲ့ ပြုံးပြလိုက်ပါ။
သင်ကြားပေးပါ၊ သြဝါဒမခြွေပါနဲ့
သင်ဟာ သင့်လုပ်ဖော်ကိုင်ဖက်ကို သြဝါဒခြွေနေမယ်ဆိုရင် အခြေအနေကို ရှုပ်ထွေးသွားစေပါလိမ့်မယ်။ သင့်လုပ်ဖော်ကိုင်ဖက်ကို ကူညီဖေးမပေးပြီး သင်ကြားပေးပါ။ သြဝါဒခြွေပြီး ပြောဆိုနေတာတွေက အလုပ်ကို ဘယ်လိုလုပ်ရမလဲဆိုတာကို သင်ကြားပေးဖို့ ကြိုးစားနေတဲ့ပုံမပေါက်စေပါဘူး။ အကြံပေးရုံသက်သက်ဖြစ်သာ ပြောပြပေးပြီး သူတို့လုပ်ချင်တာကို ရွေးချယ်ခိုင်းလိုက်ပါ။
ကြွားဝါပြောဆိုတာတွေမလုပ်ပါနဲ့
သင်ဟာ ကိုယ့်ရည်မှန်းချက်ပန်းတိုင်ရောက်အောင် ကြိုးစားနေရတာ (ဒါမဟုတ်) ခက်ခက်ခဲခဲနဲ့ အောင်မြင်အောင်လုပ်ခဲ့ပြီးသွား ဖြစ်ကောင်းဖြစ်ပါလိမ့်မယ်။ ဒါပေမဲ့ အဲအကြောင်းနဲ့ပတ်သတ်ပြီး အကောင်းဘက်ကနေ ကြွားဝါပြောဆိုခြင်းမလုပ်ပါနဲ့။ အထူးသဖြင့် သင့်လုပ်ဖော်ကိုင်ဖက်တွေရှေ့မှာ။ လူမှုကွန်ယက်မှာလဲ ကြေညာခြင်းမလုပ်ပါနဲ့။ ဒီအကြောင်းကို နားထောင်ချင်တဲ့သူတွေနဲ့သာ ဝေမျှပေးလိုက်ပါ။
Ref: TOI “Do your colleagues get jealous when your boss praises your work? Here’s what you need to do”
WL (ရိုးရာလေး)",3.0,3.0,2.0,5.0,4.0,"The text provides practical, coherent advice on workplace conflict resolution. It uses logical steps to address interpersonal issues. The language is natural, culturally appropriate for a Burmese professional context, and free of formatting errors or noise. It is accessible to a general audience, requiring no specialized technical knowledge."
<urn:uuid:80a7fc07-955e-48c9-9435-e8576459ed02>,"နရသူ (မောပါမင်း)
|မောပါ နရသူ|
|ပင်းယဘုရင်|
|နန်းသက်||၁၉ မတ် ၁၃၅၉ – မေ ၁၃၆၄|
|နန်းတက်ချိန်||၇ ဇူလိုင် ၁၃၆၀|
|ရှေ့မင်းဆက်||ကျော်စွာ|
|ဆက်ခံသူ||ဥဇနာပြောင်|
|မွေးဖွား||
c. ဖေဖော်ဝါရီ ၁၃၃၃ |
မြန်မာသက္ကရာဇ် ၆၉၄၊ တပို့တွဲလ၊ တနင်္လာ
ပင်လယ်မြို့
|ကွယ်လွန်||
၁၃၆၄?|
Mong Mao?
|ကြင်ရာတော်||
စောဥမ္မာ |
ရှင်စောကြီး
နန်းမမယ်
စောလတ်
|စံအိမ်||မြင်စိုင်း|
|ခမည်းတော်||ကျော်စွာ|
|မယ်တော်||အတုလ စန္ဒာဒေဝီ|
|ကိုးကွယ်မှု||ထေရဝါဒ ဗုဒ္ဓဘာသာ|
နရသူ (မောပါမင်း)သည် ငါးစီးရှင်ကျော်စွာ၏ သားတော်ငယ် ဖြစ်သည်။ သီဟသူရမင်း ဟုလည်း အချို့ကျမ်းများတွင် တွေ့ရတတ်သည်။ နရသူသည် (ခရစ်နှစ်-၁၃၆၄)(ကောဇာ-၇၂၆)တွင် နန်းတက်သည်။ ၎င်းလက်ထက်တွင် စစ်ကိုင်းတွင်စိုးစံနေသော မင်းပြောက်အား မင်းမျိုးမင်းရိုးမမှန်သူဟု စွပ်စွဲကာ မသင့်မမြတ်ဖြစ်ကြသည်။ ထို့ကြောင့် နရသူက မောရှမ်းအကြီးအကဲ သိုချည်ဘွားအား စစ်ကိုင်းကို လာရောက်တိုက်ခိုက်ရန် ဖိတ်ခေါ်သည်။ သိုချည်ဘွားလည်း နရသူဖိတ်ခေါ်သည့် အတိုင်း စစ်ကိုင်းကို စစ်ချီ၍ တိုက်လျှင် မင်းပြောက်နှင့် တကွတစ်မြို့လုံး ကြခတ်ဝရာ ဘက်သို့ ထွက်ပြေးကြသည်။ တစ်ဖန် သိုချည်ဘွားသည် စစ်တိုက်ရာ မကူကောင်း လောဟု အမျက်ထွက်၍ ပင်းယကိုကူး၍ တိုက်ကာ နရသူကိုပါ ဖမ်းယူသွားလေသည်။ ထို့ကြောင့် မောပါ နရသူဟု တွင်သည်။[၁]
ကိုးကား[ပြင်ဆင်ရန်]
- ဦးဖေမောင်တင်. မြန်မာစာပေသမိုင်း။
နရသူ (မောပါမင်း)မွေးဖွား c. ၁၃၃၃ ကွယ်လွန် ၁၃၆၄?
|Regnal titles|
|ယခင်က
|
လေးစီးရှင် ကျော်စွာ
|ပင်းယဘုရင်
|
၁၉ မတ် ၁၃၅၉ – မေ ၁၃၆၄
|ဆက်ခံသူ|
ဥဇနာပြောင်
|ဤ မြန်မာမင်းမျိုးမင်းနွယ် အတ္ထုပ္ပတ္တိမှာ ဆောင်းပါးတို တစ်ပုဒ်ဖြစ်သည်။ ဖြည့်စွက်ရေးသားခြင်းဖြင့် မြန်မာဝီကီပီးဒီးယားကို ကူညီပါ။|",3.0,2.0,3.0,3.0,4.0,"The document is a biographical summary of a Burmese historical figure, structured like a wiki entry. It provides factual historical information suitable for educational purposes. It contains some boilerplate and formatting artifacts typical of wiki pages, but the narrative content is clear, accurate, and written in natural, authentic Burmese."
<urn:uuid:12245844-d87a-473a-8cfa-4e349c1123e0>,"၈၈၈၈ နှစ် ၃၀ ပြည့် –
မောင်ကြူးရင့်
.
လရောင်စီးပုံက
ပါရမီရှင်မြို့မငြိမ်းရဲ့
အချစ်သီချင်းတပုဒ်လို
ဆွဲဆောင်မှုရှိတယ်
ကောင်းကင်တခုလုံးက
မရေမတွက်နိုင်တဲ့
ကြယ်ပွင့်တွေအားလုံး
မြို့တွေ ရွာတွေ လမ်းတွေပေါ်မှာ
အလံတွေ
ကြွေးကြော်သံတွေနဲ့
ဝင်းထိန်လင်းလက်လို့
သြဂုတ်လ ရှစ်ရက်
လွန်ခဲ့တဲ့အနှစ်သုံးဆယ်တုန်းက
သေနတ်သံတွေထဲမှာ
ကြယ်တွေကြွေလို့
ပန်းပွင့်တွေသွေစွန်းလို့
နောက်ကြောင်းပြန်မှာ
ကြောက်သူများအတွက်
သင်္ချိုင်းက မြေကြီးပေါ်မှာ
သေပန်းတွေပွင့်လို့
ဒီပြဇာတ်လား
ကမ္ဘာတည်သရွေ့
မြန်မာပြည်မြေပုံ ဇာတ်ခုံပေါ်မှာ
တခါသာ ကြည့်ခွင့်ရမယ့်
ရှစ်လေးလုံး သမိုင်းပြဇာတ်ပါပဲ
မောင်ကြူးရင့်
၂၄့  ၇့  ၂၀၁၈",3.0,2.0,2.0,5.0,5.0,"This is a poem by Maung Kyu Rint commemorating the 8888 Uprising. It provides historical context suitable for educational purposes, uses authentic Burmese literary style and cultural references, and is formatted cleanly as a complete, human-authored piece of creative writing."
<urn:uuid:e0ec9580-da56-4780-8cfa-1173404f90f0>,"NLD လွှတ်တော် ကိုယ်စားလှယ်တွေ ကျမ်းသစ္စာ ကျိန်ဆိုရေးအတွက် အခြေခံဥပဒေ ဇယား ၄ ပါ စာသားကို ပြင်ဆင်ပေးဖို့ တင်ပြချက်ကို နိုင်ငံတော် သမ္မတအနေနဲ့ ဒီရက်ပိုင်းအတွင်း ဖြေရှင်းပေးနိုင်မယ်လို့ ယုံကြည်တဲ့အတွက် ခုလို ပြောဆိုရတာ ဖြစ်ကြောင်း NLD ပါတီ ပြောခွင့်ရ ပုဂ္ဂိုလ် ဦးဥာဏ်ဝင်းက ပြောပါတယ်။
ကိုယ်စားလှယ်တွေ လွှတ်တော် မတက်ရောက်ခင် ကျမ်းသစ္စာ ကျိန်ဆိုရမဲ့အထဲမှာ ဖွဲ့စည်းပုံအခြေခံဥပဒေကို "" ကာကွယ်စောင့်ရှောက်ပါမည် "" ဆိုတဲ့ စာသားကို NLD က သဘောမတူနိုင်တာကြောင့် "" လေးစားလိုက်နာပါမည် "" ဆိုတဲ့ စာသားနဲ့ ပြင်ဆင်ပေးဖို့ ညှိနှိုင်းဆောင်ရွက်နေဆဲ ဖြစ်တာကြောင့် အခုကျင်းပနေတဲ့ လွှတ်တော်အစည်းအဝေးကို NLD ကိုယ်စားလှယ်တွေ တက်ရောက်နိုင်ခြင်း မရှိသေးပါဘူး။
ဒီစာသားကို ပြင်ဆင်ပြောင်းလဲ မပေးမချင်း ကိုယ်စားလှယ်တွေ အနေနဲ့ လွှတ်တော်ကို တက်ရောက်မှာ မဟုတ်ဘူးလို့ NLD ပါတီက ပြောကြားထားပါတယ်။",2.0,2.0,3.0,5.0,5.0,"The text provides a clear, factual report on a specific political event in Myanmar. It uses natural, formal Burmese political terminology and accurately reflects the local context regarding the NLD party's stance on constitutional oath-taking. The structure is coherent and professional, requiring basic political knowledge to fully grasp the implications."
<urn:uuid:9482d252-39b9-4ec2-b958-36e6505bf680>,"စိုက်ပျိုးရေးဦးစီးဌာန၊ သကြားထွက်သီးနှံဌာနခွဲ၏ ကြံသီးနှံစိုက်ပျိုးရေးဆိုင်ရာနည်းပညာ ပေးသင်တန်းကို ဇူလိုင်လ ၁၀ ရက်နေ့က ကြံသီးနှံသုသေတနနှင့်နည်းပညာဖွံ့ဖြိုးရေးခြံ (ပျဉ်းမနား)၌ ကျင်းပ ပြုလုပ်ရာ ညွှန်ကြားရေးမှူးချုပ် ဒေါက်တာရဲတင့်ထွန်း တက်ရောက်၍ အဖွင့်အမှာစကားပြောကြားသည်။
အခမ်းအနားသို့ စိုက်ပျိုးရေးဦးစီးဌာန၊ ဒုတိယညွှန်ကြားရေးမှူးချုပ်များဖြစ်ကြသည့် ဦးလှမြင့်အောင်၊ ဦးဇော်ထွန်းမြင့်နှင့် ဦးသက်ဇင်မောင် ၊ ဌာနခွဲများမှ ညွှန်ကြားရေးမှူးများ၊ခြံတာဝန်ခံများနှင့်သင်တန်းသား/သူများ တက်ရောက်ကြသည်။
ကြံသီးနှံစိုက်ပျိုးရေးဆိုင်ရာနည်းပညာပေးသင်တန်းဖွင့်လှစ်
သင်တန်းတွင် မြန်မာနိုင်ငံကြံသကြားထုတ် လုပ်မှု ဖွံ့ဖြိုးတိုးတက်အောင်ဆောင်ရွက်ရေး၊ ကြံသီးနှံအထွက်ကောင်းစိုက်ပျိုးနည်းစနစ်များ၊အထွက်ကောင်းလမိုင်းပြုပြင်ခြင်း၊ကြံသီးနှံစမ်းသပ် ကွက်ဒီဇိုင်းရေးဆွဲခြင်းနှင့် ကိန်းဂဏာန်းကောက်ယူတွက်ချက်ပုံ၊ ကြံသီးနှံအထွက်နှုန်းခန့်မှန်း တိုင်းတာခြင်း၊ ရာသီဥတုပြောင်းလဲမှုနှင့်လိုက်လျောညီထွေသောစိုက်ပျိုးနည်းစနစ်၊ အစက်ချ ရေသွင်းနည်းစနစ်၊ ကြံသီးနှံမျိုးကွဲများ၏သွင်ပြင်လက္ခဏာများ၊ ရေနှင့်မြေသြဇာထိရောက်စွာ အသုံးပြုရေး၊ ရောဂါ ပိုးမွှားနှင့် ပေါင်းများကာကွယ်နှိမ်နင်းနည်း၊ ကြံရင့်မှည့်ချိန် စမ်းသပ်မှု နှင့်ကြံအရည်အသွေးတိုင်းတာခြင်း၊ ရိတ်သိမ်းချိန်လွန်နည်းပညာနှင့်ကြံသီးနှံဆိုင်ရာ သုတေသန လုပ်ငန်းများဆောင်ရွက်နေပုံများကို သင်ကြားပို့ချသွားမည်ဖြစ်သည််။
အဆိုပါသင်တန်းသို့ ပြည်နယ်/တိုင်းဒေသကြီးများရှိ ကြံသီးနှံစိုက်ဧကများသော မြို့နယ်များမှ ဒု-ဦးစီးမှူး အဆင့်ရှိ စိုက်ပျိုးရေးပညာရှင်များ၊ သကြားစက်ရုံများရှိ ကြံစိုက်ပျိုးရေး တာဝန်ယူဆောင်ရွက်နေသောဝန်ထမ်းများ ၊ ကြံသီးနှံသုတေသနခြံ/မျိုးသန့်ခြံများမှ ဝန်ထမ်းများ စုစုပေါင်း(၄၀)ဦး တက်ရောက်မည်ဖြစ်ပြီး ဇူလိုင် ၁၀ ရက်နေ့မှ ၁၂ ရက်နေ့ထိ (၃)ရက်ကြာ ဖွင့်လှစ်ပို့ချသွားမည်ဖြစ်ကြောင်း သိရှိရသည်။",3.0,1.0,3.0,5.0,4.0,"The text is a formal news report about an agricultural training program. It provides educational value regarding sugarcane farming techniques and professional terminology. It is clean, well-formatted, and uses natural, authentic Burmese administrative and agricultural language, reflecting local institutional contexts accurately."
<urn:uuid:aa72d2f9-faa5-4021-a7aa-9ba89088346f>,"ခူနာ
ခူနာသည် လက်ချောင်းတွင် ပေါက်လေ့ရှိသည့် အနာ တစ်မျိုး ဖြစ်၏။ ထိုအနာမျိုးပေါက်လျှင် သတိမမူက လက် ဆစ်များကိုပင် ဖြတ်ပစ်ရတတ်သည်။ ထိုအနာဖြစ်ပေါ်သည့် အကြောင်းရင်းမှာ အစဉ်ပွတ်တိုက်မှုကြောင့် ဖြစ်သည်ဟု ဆို သည်။ ထို့ပြင် စတြက်တိုကောကပ်ခေါ် ဗက်တီးရီးယားကြောင့် လည်း ဖြစ်တတ်သေးသည်ဟု ဆိုသည်။ ထိုအနာမျိုးသည် လက်ချောင်းရှိ တစ်ရှူး(အသားမျှင်)များတွင် သွေးသွားစုရာမှ စတင်ဖြစ်ပေါ်တတ်သည်။ ထိုသို့ သွေးသွားစုခြင်းကြောင့် လက်ချောင်း၏ အရေပြားသည် တင်းမာပြီး ရောင်လာသည်။ ထိုအနာဖြစ်ပေါ်စ၌ အလွန်ကိုက်ခဲ နာကျင်၍ နောက် မကြာမီ အနာတွင် ပြည်တည်လာတတ်၏။ ကုသပုံနည်းမှာ လက်ချောင်းရောင်လာသည်ကို သိသည်နှင့်တစ်ပြိုင်နက် ၂ နာရီခြား တစ်ခါမျှ အဝတ်ပိုင်းကို ရေနွေးတွင် စိမ်၍ ကျပ်ပူ ထိုးပေးရ၏။ အန်တီဖလိုဂျစ်စတင်ကိုလည်း အပေါ်မှ အုံပေး ရ၏။ အကိုက်အခဲကို အက်စပီရင်ဆေးပြားများ မှီဝဲခြင်းဖြင့် သက်သာစေနိုင်သည်၊ရောင်ခါစ၌ လက်ချောင်းသည် ပြောင်၍ နီလာပြီးနောက် တဖြည်းဖြည်း အဝါပုပ်ရောင် ဖြစ်သွားသည်။ ထိုအခြေ၌ အနာ အတွင်းရှိ ပြည်များကို ခွဲထုတ်ပစ်ရသည်။ အနာခွဲကိရိယာ များကို အသုံးမပြုမီ ရေနှင့်ပြုတ်၍ ပိုးများကို သေစေရသည်။
ပိုးသတ်မထားသော ကရိယာများဖြင့် မဖောက်ခွဲသင့်ပေ။ ပိုးများကြောင့် အနာတွင် အဆိပ်ဖြစ်စေတတ်သည်။ ခွဲစိတ် သောအခါ၌ အနာကို သင့်ရုံလောက်ခွဲ၍ ပြည်ကိုထုတ်ပြီးလျှင် အနာပေါက်ထဲသို့ ဆေးရည်စိမ်ထားသော ဂွမ်းဖတ်များကို ထည့်ပေးရသည်။ လူနာကိုလည်း ပင်နီဆီလင်ဆေး ထိုးပေး လေ့ ရှိသည်။ [၁]
ကိုးကား ပြင်ဆင်ရန်
- မြန်မာ့စွယ်စုံကျမ်း၊ အတွဲ(၂)",3.0,2.0,3.0,4.0,3.0,"The text provides clear, educational medical information about a specific condition (whitlow). It follows a logical structure from symptoms to treatment. The language is natural and culturally appropriate for Burmese readers, referencing the Myanmar Encyclopedia. It is clean and well-formatted, though it lacks advanced analytical depth or complex reasoning."
<urn:uuid:378c5e58-9eba-468e-8cba-fca6cbb5971f>,"(မိုးမခ) ဒီဇင်ဘာ ၁၆၊ ၂၀၁၆
အာဖကန်နဲ့ ပါကစ္စတ္တန်နယ်ခြားရာ
ရွာမဆန်တဲ့ ရွာပစ်ပယ်ခံများဟာ
ကျနော်တို့ရဲ့နယ်ရွာ၊ ကျနော်တို့ရဲ့လယ်ယာ၊
ကျနော်တို့ရဲ့ကျင်လည်ကမ္ဘာ၊
ဒီနယ်မှာ မွေးဖွား ဒီနယ်မှာ ကြီးထွား
ဒီနယ်မှာ ရှင်သန် ဒီနယ်မှာ ပြီးဆုံး
ကျနော်တို့အားလုံးရဲ့ဘဝဟာ
အစေးခြစ်ထားတဲ့ ဘိန်းသီးတလုံးလို အခွံထူနေပါရဲ့
ကျနော်တို့အားလုံးရဲ့ဘဝဟာ
တူးဖော်ထားတဲ့ ထုံးကျောက်တတုံးလို အဆင်းဖြူနေပါရဲ့
လူဖြစ်တယ်ဆိုရုံလေးနဲ့ပေါ့ဗျာ
ကျနော်တို့သိတာက
ဒီနယ် ဒီဒေသကို ကျနော်တို့ ပိုင်ဆိုင်တယ်
ကျနော်တို့မသိတာက
ဒီနယ် ဒီဒေသကို ဘယ်သူတွေ သက်ဆိုင်သလဲ
တာလဘန်သူပုန်တပ်တွေပဲလား
ပါကစ္စတန် အစိုးရတပ်တွေပဲလား
သိထားတာတွေဟာလည်း နောက်ဆို မမှန်ကန်တတ်တော့
လူ့ရှင်သန်ခြင်းကတော့ဗျာ
သူများအတွက်အရာရာ ကိုယ့်အတွက်ဗလာ ဆိုရမလားပဲ
ထုံးဖြူတွေလိုပဲ သူများတူးဖော်ထုတ်ယူသွားတာကို ခံရင်း
ဘိန်းသီးတွေလိုပဲ သူများ အစေးခြစ်ထုတ်သွားတာကို ခံရင်း
ဘယ်နိုင်ငံတော်သီချင်းကို ဆိုရမှန်းလည်း မသိတဲ့ ပြည်သူလို
နှင်းထူတဲ့အရပ်သို့ အလင်းယူခဲ့ကြဖို့ဆိုတာ
ဘယ်အစိုးရမှာမှာ လမ်းစဉ်မရှိဘူးဗျ
တာလဘန်သူပုန်တပ်တွေ အုပ်စိုးထားတဲ့ နှစ်တွေမှာ
ရွာလုံးပြည့်တခွင် ယာလုံးကျွတ်တဝိုက်
ဘိန်းခင်းတွေကို လိုလိုမက်မက် စိုက်တယ်
ဘိန်းဖြူက ရလိုက်တဲ့ငွေများ
ရပ်နယ်ရွာကို တစ်ပြားမှ မမျှဝေပါ
လုပ်အားခတွေဟာ အလားကား အဓမ္မစေတနာဖြစ်
အိမ်ရှင်ပင်စည်နှလုံးသားကို ဧည့်သည်ဓားက သွေးစေးခြစ်ခွာသည့်အလား
ကျနော်တို့နယ်လေးဟာ ပိန် ပိန် သွားတော့တာပဲ
ပါကစ္စတန်အစိုးရတပ်တွေ အုပ်စိုးထားတဲ့ နှစ်တွေမှာ
တရွာလုံးပတ်လည် တောင်လုံးစဉ်တလျှောက်
ထုံးကျောက်ဖြူတွေကို ပြို ပြိုပျက်ပျက် နှိုက်တယ်
ထုံးဖြူက ရလိုက်တဲ့ငွေများ
ရပ်နယ်ရွာကို တစ်ပြားမှ မမျှဝေပါ
လုပ်အားခတွေဟာ အလားကား အဓမ္မစေတနာဖြစ်
အိမ်ရှင်ပင်စည်နှလုံးသားကို ဧည့်သည်ဓါးက သွေးစေးခြစ်ခွာသည့်အလား
ကျနော်တို့နယ်လေးဟာ ပိန် ပိန် သွားတော့တာပဲ
ဒါပေမဲ့လည်း ဒီလိုပဲပေါ့
ကိုယ့်အရိုးနဲ့ကိုယ် တိုင်တွေထူ ကြမ်းများခင်း
ကိုယ့်အရေပြားနဲ့ကိုယ် အမိုးတွေမိုး အကာတွေကာ
ကိုယ့်အကြောင်းအရာကို ကိုယ့်ကျောင်းစာပြုလို့
ကျနော်တို့မှာ ကျောင်းလေးတခု ရှိပါရဲ့
ကျနော်တို့မှာ ကျောင်းသားတစု ရှိပါရဲ့
ကိုယ်ထကိုယ်ထထားတဲ့ ပညာရေးစနစ်နဲ့ပေါ့ဗျာ
ကျနော်တို့အရပ်၊ ကျနော်တို့အခေါ်မှာ
ယစ်ပူဇော်ရတဲ့ နှစ်တွေဆိုတာ ရှိတယ်
အဲဒါက
ပါကစ္စတ္တန်အစိုးရတပ်တွေ အထွက်မှာ
တာလဘန်သူပုန်တပ်တွေ ဝင်အလာ နှစ်များ
တာလဘန်သူပုန်တပ်တွေ အထွက်မှာ
ပါကစ္စတ္တန်အစိုးရတပ်တွေ ဝင်အလာ နှစ်များ
နှစ်ဘက်တပ်တွေ ယူဆထားတာက
ရန်ရဲ့မျိုးဆက်သစ်တွေတဲ့
မချန်နဲ့ ချိုးဖျက်ပစ်ရမယ်တဲ့ဗျ
ကျောင်းသားလေးတွေကို ပစ်သတ်ပြီး ကျောင်းကို မီးရှို့ဖျက်ဆီး
အရေးကြီး နိုင်ငံတော်တာဝန်တရပ်လို
သူ့ခေတ်ကို သူ့အာဏာ စတင်ပုံဖော်စိုက်ပျိုး
ကျနော်တို့ရဲ့ ဦးခေါင်းရိုးများက အစီအရီ
ကြားလိုက်တယ်မဟုတ်လား မြင်လိုက်တယ်မဟုတ်လား
ဒီဇင်ဘာ ၁၆ ရက် ၂၀၁၄ နေ့က
ကျောင်းသားနဲ့ ကလေး ၁၃၀ ကျော်ကိုပစ်သတ်ပြီး
ကျောင်းဆောင်ကို မီးရှို့ဖျက်ဆီး ပြာချပစ်လိုက်တာ
အဲဒါဟာ ဒီနှစ်အတွက် ဒီနှစ်မှာ ကျနော်တို့နယ်က
တာလဘန်တပ်တွေကို ယစ်ပူဇော်ဆက်သလိုက်ရတာပဲ
နောက်ထပ် ၅ နှစ် ကြာရင်ပဲ ဖြစ်ဖြစ်
နောက်ထပ် ၈ နှစ် ကြာရင်ပဲ ဖြစ်ဖြစ်
နောက်ထပ် ၁၀ နှစ် ကြာရင်ပဲ ဖြစ်ဖြစ်
ပါကစ္စတ္တန်အစိုးရတပ်တွေကို ယစ်ပူဇော်ဆက်သရဦးမယ်မဟုတ်လား
အမေများရေ...
ကျနော်တို့ကို ကလေးပေါင်း ၁၃၀ မြန်မြန်မွေးထုတ်ပေးပါ
နယ်သားတို့ရေ...
ကျနော်တို့ကို စာသင်ကျောင်းတဆောင် မြန်မြန်ဆောက်လုပ်ပေးပါ
စစ်မက်တဲ့သေနတ်တွေ အပြစ်မဲ့ရဲ့သွေးဆာလာဦးမှာမို့....
စစ်မက်တဲ့သေနတ်တွေ အပြစ်မဲ့ရဲ့သွေးဆာလာဦးမှာမို့....
စစ်မက်တဲ့သေနတ်တွေ အပြစ်မဲ့ရဲ့သွေးဆာလာဦးမှာမို့....
သုအိုင်စံ
၁၇-၁၂-၂၀၁၄
( ၁၆-၁၂-၂၀၁၄ နေ့က တာလဘန်တပ်များ သတ်ဖြတ်လိုက်သော ကလေးပေါင်း ၁၃၀ ကျော်နှင့် ကျေးလက်စာသင်ကျောင်း ဆောင်အား တန်ဖိုးထားတသခြင်းများစွာဖြင့် ဒီကဗျာကို ရေးဖြစ်တယ်)",2.0,3.0,2.0,4.0,4.0,"The text is a poignant literary piece reflecting on the 2014 Peshawar school massacre. It uses metaphorical language to critique conflict and exploitation. While it lacks formal educational structure, it provides significant socio-political insight. The language is natural and culturally resonant, though it contains some minor formatting artifacts typical of older web-extracted Burmese text."
<urn:uuid:9d6760a0-dcf1-4631-be1c-ac230516eddc>,"(၁) ပါဏာတိပါတာ ဝေရမဏိ ၊
- (သူတစ်ပါး၏ အသက်ကို သတ်ဖြတ်ခြင်းအမှုကိစ္စတို့အားမပြုလုပ်ပဲရှောင်ကြင်မည်ဟူသော သိက္ခာပုဒ်အားထိန်းသိမ်းစောင့်ရှောက်ခြင်း)
- (သူတစ်ပါးမပေးသောပစ္စည်းဥစ္စာတို့ကိုယူငင်ခြင်း ""ခိုးယူခြင်း""စသောအမှုကိစ္စတို့အား မကျူးလွန်ပဲ ရှောင်ကြင်စောင့်ထိန်းခြင်း)
- (မဟုတ်မမှန်သောစကားပြောခြင်း၊ လိမ်လည်လှည့်ဖျားပြောဆိုခြင်းတို့မှ ရှောင်ကြင်ခြင်း)
- (မူးယစ်မေ့လျော့စေသော အရက်သေစာ ဘိန်းဘင်းကစော် လှော်စာ စသည့် မူးယစ်ထုံထိုင်း ဘေးဖြစ်စေတတ်သောဆေးဝါးများ သုံးစွဲခြင်းမပြုပဲရှောင်ကြင်ခြင်း)
- (အချိန်ကာလမဟုတ်သော အဟာရကိုမသုံးဆောင်ပဲ၊ နေ့လွဲ ညစာ မစားသုံးပဲရှောင်ကြင်စောင့်ထိန်းခြင်း)
- (ဂီတ၌ပျော်ရွှင်နေခြင်း၊ ပန်းရနံ့များအပေါ်သာယာနေမိခြင်း၊ သီဆို ကခုန်ခြင်း စသောအမှုများတို့ကိုပြုမူချိုးဖေါက်မိခြင်းမရှိရန်စောင့်ထိန်းခြင်း)
- (တန်ဘိုးကြီးလွန်းသောအသုံးအဆောင်များသုံးစွဲခြင်း၊ မြင့်လွန်းမြတ်လွန်းသော အိပ်ယာနေရာထိုင်ခင်းစသည်ဖြင့် သုံးစွဲခြင်း တစ်တောင်အတိုင်းအတာထက်မြင့်သော ကုတင်တွင် အိပ်စက်ခြင်းစသည်တို့ မပြုပဲ ရှောင်ကြင်စောင့်ထိန်းခြင်း)",3.0,1.0,2.0,4.0,5.0,"The text explains the Eight Precepts of Buddhism in Burmese. It is educational for moral instruction and culturally authentic, reflecting local religious practices. It is well-structured and clear, though it lacks complex reasoning or deep analysis, serving primarily as a descriptive list of ethical guidelines."
<urn:uuid:e9f22347-8f56-4f5e-aea9-cf33d3f8e83a>,"လေဖြတ်သည် ဆိုသည်မှာ အဘယ်နည်း။
(၁) ကျွန်ုပ်တို့ခန္ဓာကိုယ်တွင် လိုအပ်သောအာဟာရနှင့် အောက်ဆီဂျင်ကို သယ်ဆောင်ပေးရန်နှင့်
(၂) စွန့်ပစ်ပစ္စည်းများနှင့် ကာဗွန်ဒိုင်အောက်ဆိုက်ကိုစွန့်ပစ်ရန် လိုအပ်သောနေရာသို့ ပို့ပေးရန်အတွက် သွေးများကို သွေးကြောများ
ကပို့ဆောင်ပေးသည်။ အာဟာရများပို့ပေးရန် သွေးလွှတ်ကြောများက ဆောင်ရွက်ပေးပြီး သွေးပြန်ကြောများက စွန့်ပစ်ပစ္စည်းများကို
ပြန်သယ်ဆောင်ပေးသည်။ ဆံခြည်မျှင်သွေးကြောများက အာဟာရနှင့် စွန့်ပစ်ပစ္စည်းများ ဖလှယ်နိုင်စေသည်။ ထို့နည်းတူ ဦးနှောက်တွင်လည်း
သွေးလွှတ်ကြော၊ သွေးပြန်ကြောနှင့် ဆံခြည်မျှင်သွေးကြောများစွာ ရှိပါသည်။
ဦးနှောက်ရှိ သွေးကြောတစ်နေရာရာတွင် အကြောင်းတစ်စုံတစ်ရာကြောင့် ပေါက်ခဲ့ ပိတ်ခဲ့လျှင် ထိုသွေးကြောရှိရာဦးနှောက်အပိုင်း၏
လုပ်ငန်းပျက်ယွင်းသွားခြင်းကို လေဖြတ်သည်ဟု ခေါ်ပါသည်။
ခြေလက်မလှုပ်နိုင်ခြင်း၊ စကားမပြောနိုင်ခြင်းမှသည် သတိလစ်သည်အထိ ပုံစံအမျိုးမျိုးဖြင့် လေဖြတ်ခြင်းကို ခံစားရတတ်ပါသည်။
လေဖြတ်ခြင်း၏ အဓိက အကြောင်းရင်း ၂ ရပ်ရှိပါသည်။
၁။ သွေးကြောပိတ်ခြင်း နှင့်
၂။ သွေးကြောပေါက်ခြင်းတို့ဖြစ်ပါသည်။
ဒေါက်တာချို(ဆေး ၁)",4.0,2.0,2.0,5.0,3.0,"The text provides a clear, accurate, and accessible explanation of stroke (hemiplegia) suitable for middle-school education. It explains the biological mechanism of blood circulation and the two primary causes of stroke. The language is natural, professional, and free of noise, reflecting a standard medical educational style in Burmese."
<urn:uuid:da862e62-ab78-4f2c-96cd-67a14debd01c>,"အက်တမ်အောက်အမှုန်
ရူပဗေဒတွင် အက်တမ်အောက်အမှုန် (အင်္ဂလိပ်: Subatomic particle) ဆိုသည်မှာ အက်တမ်၏ အရွယ်အစားအောက် များစွာ သေးငယ်သော အမှုန်များကို ခေါ်ဆိုသည်။ အက်တမ်အောက်အမှုန် အမျိုးအစားနှစ်မျိုးရှိသည်။ ၎င်းတို့မှာ လက်ရှိသီအိုရီများအရ ထပ်မံခွဲစိတ်မရတော့သည့် ပကတိအမှုန်များဖြစ်သည့် အခြေခံအမှုန်များ နှင့် ပေါင်းစပ်ထားသောအမှုန်များ ဖြစ်သည်။ အမှုန်ရူပဗေဒနှင့် နျူကလီးယားရူပဗေဒတို့သည် အဆိုပါ အမှုန်များနှင့် ၎င်းတို့၏ အပြုအမူများကို လေ့လာသော ဘာသာရပ်များဖြစ်သည်။
အမှုန်ရူပဗေဒတွင် အမှုန်တစ်ခု၏ သဘောတရားမှာ ရှေးရိုးရူပဗေဒမှ သဘောတရားများပေါ်တွင် အခြေခံသည်။ ထိုအတူ နေ့စဉ် သာမာန်အတွေ့အကြုံသဘာဝများနှင့် ခြားနားသည့် ခေတ်ပေါ်ရူပဗေဒ၏ ကွမ်တမ်အဆင့် ဒြပ်နှင့် စွမ်းအင် သဘောတရားများလည်း ထင်ဟပ်သည်။
လက်တွေ့စမ်းသပ်ချက်များအရ အလင်းရောင်သည် ဖိုတွန်ဟုခေါ်သော အမှုန်များ၏ သဘာဝလည်းရှိသကဲ့သို့ လှိုင်း များကဲ့သို့လည်း ပြုမူသော သဘာဝရှိ၍ အမှုန်နှင့် ပတ်သက်သည့် အသိအမြင်အယူအဆများကို ပြန်လည်စဉ်းစားရန် လိုအပ်လာခဲ့သည်။ ကွမ်တမ်အရွယ်အစားရှိ အမှုန်များသည် အမှုန်ကဲ့သို့လည်းကောင်း၊ လှိုင်းများကဲ့သို့လည်းကောင်း ပြုမုသဖြင့် ၎င်းနှစ်မျိုးလုံးခြုံငုံမိစေမည့် လှိုင်း-အမှုန်စုံတွဲမှု သဘောတရားအသစ်ကို ဖေါ်ထုတ်လာရသည်။ အခြားသဘောတရား အသစ်တစ်ခုဖြစ်သည့် မရေရာခြင်း နိယာမကလည်း အမှုန်များတွင် ရှိနေသော ၎င်းတို့၏ တည်နေရာနှင့် အဟုန် ကဲ့သို့ ဂုဏ်သတ္တိများကို တိတိကျကျ တိုင်းတာ၍ မရနိုင်ဟု ဆိုသည်။ နောက်ပိုင်းတွင် လှိုင်း-အမှုန်စုံတွဲမှု သဘောတရားကို ဖိုတွန် များအတွက်သာမက အခြားသော အမှုန်များအတွက်ပါ သုံးနိုင်ကြောင်း သိရှိလာကြသည်။",4.0,3.0,3.0,5.0,1.0,"The text provides a clear, accurate, and structured introduction to subatomic particles suitable for high school physics. It explains complex concepts like wave-particle duality and the uncertainty principle logically. While the language is natural, it is a technical translation of scientific concepts rather than a document reflecting unique Burmese cultural lived experience."
<urn:uuid:011498b1-9b39-4e85-9e64-1ab0b13876c8>,"ဌာနမှူး(သုတေသန/ဘာသာပြန်/စာအုပ်ထုတ်ဝေရေးဌာန)၏လုပ်ငန်း တာဝန်များ
(က) မဟာဓမ္မာစရိယဘွဲ့ယူကျမ်းစာများထဲမှ အများပြည်သူဒါယကာ၊ ဒါယိကာမများ အတွက် အကျိုးများစေမည့် ကျမ်းစာများကို ရွေးချယ်စိစစ်၍ ပုံနှိပ်ထုတ်ဝေနိုင်ရေး အစည်းအဝေးတွင် တင်ပြဆောင်ရွက်ရပါသည်။
(ခ) ထုတ်ဝေရန် အတည်ပြုချက်ရယူပြီးသော ကျမ်းစာများကို တည်းဖြတ်၍စာမူချော ပြုစု ဆောင်ရွက်ပါသည်။
(ဂ) ဘာသာပြန်စာမူများကို ထိန်းသိမ်းထားရှိပါသည်။
(ဃ) တက္ကသိုလ်ကျမ်းစစ်ကြီးကြပ်ရေးအဖြစ်တာဝန်ယူဆောင်ရွက်ရပါသည်။
(င) တက္ကသိုလ်စီမံခန့်ခွဲရေးအဖွဲ့တွင်လည်းကောင်း၊ တက္ကသိုလ်ပညာရေးအဖွဲ့တွင် လည်းကောင်း အဖွဲ့ဝင်အဖြစ်တာဝန်ယူ၍ တက္ကသိုလ်တိုးတက်ရေး ကူညီဆောင်ရွက် ရပါသည်။
(စ) တက္ကသိုလ်အုပ်ချုပ်ရေးဗဟိုအဖွဲ့ဆရာတော်များထံမှ အခါအားလျော်စွာ ဩဝါဒခံယူရ ပါသည်။",2.0,1.0,3.0,5.0,5.0,"The document outlines the specific administrative duties of a department head within a Buddhist university context. It is clean, well-structured, and uses authentic terminology (e.g., Maha Dhammacariya, Sayadaw) that reflects the specific cultural and institutional environment of Myanmar's monastic education system."
<urn:uuid:9e58993b-4bb9-487d-a214-bda7dea81ac4>,"ပင်နီဆီလင်
ပင်နီဆီလင် (Penicillin) သည် ဘက်တီးရီးယား ကူးစက်မှုကြောင့် ဖြစ်ပွားသည့် ရောဂါများကို ကုသသည့် ပဋိဇီဝ ဆေး တစ်မျိုးဖြစ်သည်။ ပင်နီဆီလင်ကို စကော့တစ်ရှ် လူမျိုး သိပ္ပံပညာရှင် အလက်ဇန္ဒား ဖလင်းမင်း က ၁၉၂၈ ခုနှစ်တွင် တွေ့ရှိခဲ့သည်။ သို့သော်လည်း ၁၉၄၀ ပြည့်နှစ် နောက်ပိုင်းမှသာ စီးပွားဖြစ် ထုတ်လုပ်လာသည်။ ပင်နီဆီလင်ကို ဆစ်ဖလစ်ရောဂါ၊ အာသီးရောင်ရောဂါ၊ ဦးနှောက်အမြှေးရောင်ရောဂါ၊ နမိုးနီးယားခေါ် အဆုတ်ရောင်ရောဂါနှင့် အခြားရောဂါများကို ကုသရာတွင် အသုံးပြုလေ့ရှိသည်။ ဒုတိယ ကမ္ဘာစစ် ကာလအတွင်း အသုံးများခဲ့သည်။
Alexander Fleming က ဓာတ်ခွဲခန်းအတွင်းရှိ ဘက်တီးရီးယား မွှေးမြူသည့် petri dish ထဲတွင် မှိုတက်နေကြောင်း တွေ့ရှိခဲ့သည်။ မှိုတက်သည့်နေရာတွင် ဘက်တီးရီးယားများ ကြီးထွားခြင်း မရှိကြောင်းတွေ့ရှိရာမှ ထိုဖမ်းဂတ်စ်မှို (Fungus) များသည် ပိုးမွှားများကို သေစေကြောင်း စမ်းသပ်တွေ့ရှိခဲ့သည်။ ဩစတြေးလျသား သိပ္ပံပညာရှင် Howard Walter Florey က ပင်နီဆီလင်မှိုများကို ဆေးဝါးအဖြစ် ထုတ်လုပ်ခဲ့သည်။
အချို့လူများမှာ ပင်နီဆီလင်နှင့် မတည့်ကြပေ။ ထိုလူများ ပင်နီဆီလင်ထိုးမိလျှင် အရေပြား၌ မိတ်ကဲ့သို့ အနီကွက်များ ထခြင်း၊ အော့ချင်အန်ချင်ခြင်း၊ ဝမ်းလျှောခြင်းများ ဖြစ်တတ်သည်။ ပိုဆိုးလျှင် ကိုယ်ပူခြင်း၊ အော့အန်ခြင်း သို့မဟုတ် အလွန်အမင်း ယားယံခြင်းတို့ ဖြစ်လေ့ရှိသည်။
ပင်နီဆီလင်မှာ အာနိသင်ထက်သော်လည်း နောက်ပိုင်းတွင် ပင်နီဆီလင်ကို လက်လွတ်စပယ် အသုံးပြုလာသောကြောင့် ရောဂါအချို့မှာ ဆေးမတိုးသည့် လက္ခာများ ရှိလာသည်။",4.0,2.0,2.0,5.0,3.0,"The text provides a clear, accurate, and educational overview of penicillin, its history, and medical usage. It is well-structured, free of noise, and written in natural, standard Burmese. While it lacks complex multi-step reasoning or highly specialized technical depth, it is highly effective for general educational purposes."
<urn:uuid:6400a538-2dfa-4ace-913d-1fe584f0649b>,"Published: June-13-2016
“ကျွန်တော်တို့ အမြဲတမ်း သဘောပေါက်နေရမှာက မီဒီယာနဲ့ အစိုးရဆိုတာ မီဒီယာက မီဒီယာအလုပ် လုပ်မှာပဲ။ အစိုးရက အစိုးရအလုပ် လုပ်မှာပဲ” ... ...
Published: June-27-2016
တိုင်းအစိုးရအဖွဲ့ ဦးဆောင်သည့် ခရီးသည်တင် ယာဉ်လိုင်းများကို အများပိုင်ကုမ္ပဏီ... ...
Published: June-27-2016
7 Day သတင်းစာမှ အယ်ဒီတာချုပ်နှင့် သတင်းထောက်တို့ကို ရာဇသတ်ကြီး ဥပဒေ... ...
အမေရိကန်ဒေါ်လာ ၅၆ သန်းကျော် တန်ဖိုးရှိ မူးယစ်ဆေးဝါးများ ရန်ကုန်၊ မန္တလေးနှင့် တောင်ကြီးမြို့များ၌ မီးရှို့ဖျက်ဆီး
Published: June-27-2016
အပြည်ပြည်ဆိုင်ရာ မူးယစ်ဆေးဝါး အလွဲသုံးမှုနှင့် တရားမဝင် ရောင်းဝယ်မှု တိုက်ဖျက်ရေး... ...
Published: June-27-2016
မန္တလေးမြို့တော်ရှိ မီးသင့်မင်္ဂလာဈေး အဆောက်အအုံ အသစ်ပြန်လည် တည်ဆောက်... ...
Published: June-27-2016
တစ်နိုင်ငံလုံး အပစ်အခတ်ရပ်စဲရေးဆိုင်ရာ သဘောတူစာချုပ် (NCA) တွင် လက်မှတ်ရေးထိုး... ...
Published: June-26-2016
စမ်းချောင်းမြို့နယ်၊ လင်းလွန်းတောင်ရပ်ကွက်တွင် ဇွန်လ ၂၅ ရက် နံနက်ပိုင်းက မြို့နယ်အုပ်ချုပ်ရေးမှူး... ...
မျက်မှောက်ကမ္ဘာကြီးတွင် တစ်ဦးကောင်း၊ တစ်ယောက်ကောင်း၊ တစ်နိုင်ငံကောင်းဖြင့် ရပ်တည်ခြင်းထက် အများနှင့် စုပေါင်းနေထိုင်ခြင်း၊ ပေါင်းစည်းဖြေရှင်းခြင်း၊ ပေါင်းစပ်ညှိနှိုင်းခြင်းတို့ဖြင့် ပိုကောင်း၊ ပိုခွန်အားရှိ၊ ပိုခိုင်မာသော ဈေးကွက်များ၊ အဖွဲ့အစည်းများ၊ နိုင်ငံတော်များ ဖြစ်လာပြီး၊ ပိုစည်းလုံး ညီညွတ်သော၊ ပိုငြိမ်းချမ်းသော ကမ္ဘာကြီးအဖြစ် ဝိုင်းဝန်းတည်ဆောက်နိုင်မည်ဟု The Voice က ယုံကြည်ထားပေရာ အီးယူမှ ခွဲထွက်ရန် ဆုံးဖြတ်လိုက်သည့် ဗြိတိန်သားများ အနေနှင့် ကြုံလာရမည့် အကျိုးဆက်များအား ပင်ပန်းကြီးစွာ ရင်ဆိုင်ရမည်...
အီးယူမှ ဗြိတိန်နုတ်ထွက်မည့် ကိစ္စကို စကော့တလန် ပါလီမန်ဘက်က ဗီတိုသုံးကာ တားမြစ်ရန် ကြိုးပမ်းနိုင်ဟု ဝန်ကြီးချုပ် ပြောကြား
ဥရောပသမဂ္ဂ (အီးယူ)မှ ဗြိတိန်နိုင်ငံ နုတ်ထွက်မည့် ကိစ္စအပေါ် စကော့တလန်ပါလီမန်... ...
အာဏာရှိချိန် လုပ်ပိုင်ခွင့် ရှိချိန်မှာ ထင်ရာစိုင်းတဲ့ လုပ်ရပ်မျိုးတွေနဲ့ ပြည်သူ့ချွေးနှဲစာကို ထင်ရာလုပ်ခွင့် မရှိကြောင်း သင့်တင့်လျောက်ပတ်တဲ့ တာဝန်ယူမှု၊ တာဝန်ခံမှုတွေနဲ့ မျိုးဆက်သစ်တွေကို နမူနာကောင်းပေးဖို့ လိုအပ်ပါတယ်။ ပြည်သူ့ဘဏ္ဍာ ပြည်သူ့ချွေးနှဲစာကို အာဏာရှိစဉ်မှာ အလွဲသုံးစား မလ...",2.0,2.0,3.0,1.0,4.0,"The document is a collection of news snippets and headlines. While it contains informative content about current events and political commentary, it is fragmented, lacks cohesive structure, and contains significant boilerplate (dates, ellipses). It reflects authentic Burmese journalistic language and local political context, but the presentation is not suitable for structured educational use."
<urn:uuid:4f70f5a2-808e-4486-9f5d-c08294c54ee2>,"ကိုယ်ခန္ဓာကြံ့ခိုင်လှပဖို့အတွက် gym သွားပြီး လေ့ကျင့်ခန်းတွေ လုပ်ကြတယ်။ လေ့ကျင့်ခန်းလုပ်ရုံနဲ့တော့ မလုံလောက်ပါဘူး။ အစားအသောက်၊ အနေအထိုင်ပိုင်းမှာလည်း ကျန်းမာတဲ့ပုံစံရရှိဖို့ လိုပါတယ်။ အဆိုးဆုံးတစ်ခုကိုပြောရရင်တော့ ကာယလေ့ကျင့်ခန်းတွေ ကြိုးစားပမ်းစား လုပ်ခဲ့ပြီးကာမှ အစားအသောက် မဆင်ခြင်ဘူးဆိုရင် ကိုယ်လေ့ကျင့်ထားသမျှ အလဟဿဖြစ်သွားနိုင်ပါတယ်။
၁။ အဆီများတဲ့အစားအစာတွေ
ဆီကိုရှောင်လိုက်ပါ။ ဆီများတဲ့ အစေ့အဆံ၊ အကြော်တွေဟာ လေ့ကျင့်ခန်းလုပ်ပြီးစမှာ စားဖို့မသင့်ပါဘူး။ ဆီက အစာခြေစနစ်ကိုနှေးကွေးသွားစေတာကြောင့် ကြွက်သားတွေကို အာဟာရရောက်ရှိမှု နှေးသွားရပါတယ်။ လတ်ဆတ်တဲ့ သစ်သီးတွေကို စားပေးနိုင်ပါတယ်။
၂။ Fast Food
အသင့်စားနိုင်တဲ့ အလွယ်စာ (fast food) တွေကလည်း လေ့ကျင့်ခန်းလုပ်ပြီးစ လူတစ်ယောက်အဖို့ မစဉ်းစားသင့်တဲ့အရာတွေပါ။ လူက ပင်ပန်းနေတော့ အငန်ကို စားချင်စိတ်ဖြစ်လာတယ်။ Fast food တွေမှာ ဆားများများ၊ ဆီများများ သုံးထားလို့ မစားသင့်ပါဘူး။
၃။ အသား
ကိုယ်ခန္ဓာလှုပ်ရှားထားပြီးနောက်မှာ ခန္ဓာကိုယ်က အသားဓာတ်နဲ့ ကာဘိုဟိုက်ဒြိတ်ဓာတ်ကို အဓိကလိုအပ်ပါတယ်။ ဒါပေမဲ့ အသားစားဖို့ကိုတော့ မတိုက်တွန်းချင်ပါဘူး။ Steak လိုမျိုး အသားတုံးတွေကို စားလိုက်ရင် အစာကြေဖို့ခက်သွားလို့ပါ။ တူနာငါးနဲ့ထမင်းကို စားမယ်ဆိုရင် အသားဓာတ်ရော ကာဘိုဟိုက်ဒြိတ်ဓာတ်ပါ ရရှိပါလိမ့်မယ်။
၄။ ဟင်းသီးဟင်းရွက်စိမ်း
တကယ်တော့ ဟင်းသီးဟင်းရွက်ဆိုတာ လူကို အရမ်းကောင်းကျိုးပေးတဲ့ အစားအစာတွေပါ။ အမြဲတမ်းလည်း စားသင့်တယ်ဆိုပေမဲ့ ကာယလေ့ကျင့်ခန်းတွေ ပြုလုပ်ထားစ အနေအထားမျိုးမှာဆိုရင်တော့ ဟင်းသီးဟင်းရွက်တွေကို အစိမ်းလိုက်စားတာမျိုးကို ရှောင်စေချင်ပါတယ်။ ဘာကြောင့်လဲဆိုတော့ ပင်ပန်းထားတဲ့ ခန္ဓာကိုယ်က အားပြန်ဖြည့်ပေးဖို့ လိုအပ်နေလို့ပါပဲ။ ကယ်လိုရီ၊ ကွာလတီမြင့်တဲ့ ကာဘိုဟိုက်ဒြိတ်နဲ့ အသားဓာတ်ပါတာတွေကို စားသုံးပေးမှသာ မြန်မြန်ဆန်ဆန် အားဖြစ်မှာပါ။
၅။ ဆိုဒါ
ကဖင်းဓာတ်ကို တောင့်တလို့ပဲဖြစ်ဖြစ်၊ ကြိုက်လို့ပဲဖြစ်ဖြစ် ဆိုဒါပါတဲ့အအေးတွေကို သောက်မယ်ဆိုရင် လေ့ကျင့်ခန်းလုပ်ပြီးပြီးချင်း မသောက်သင့်ပါဘူး။ တကယ်တော့ ဆိုဒါပါတဲ့ အအေးတွေက ကျန်းမာရေးအတွက်မသင့်လျော်ကြောင်း ပညာရှင်တွေက သတိပေးထားကြပြီးသားဖြစ်ပါတယ်။ Gym ကစားပြီးလို့ မောပန်းတဲ့အခါ ခန္ဓာကိုယ်က လိုအပ်တာ ရေဓာတ်ဖြစ်ပါတယ်။ ဆိုဒါမဟုတ်ပါဘူး။ ဆိုဒါသောက်လိုက်ရင် လေထိုးလေအောင့်ဖြစ်သွားပါဦးမယ်။
- ယခုဆောင်းပါးအား Training Ground The Premier Fitness Club က ကူညီပံ့ပိုးပေးထားပါသည်။
Source : Eat This",4.0,2.0,2.0,5.0,3.0,"The text provides practical, coherent health advice for gym-goers. It uses simple, accessible language and logical explanations for dietary choices. It is well-formatted, free of noise, and reflects natural Burmese phrasing, though it relies on general health knowledge rather than deep, original, or highly complex analytical reasoning."
<urn:uuid:9c1267d1-0eeb-42a2-9251-75f3ff0cd582>,"ရန်ကုန်-မန္တလေး အမြန်လမ်းမကြီးပေါ်တွင် ယာဉ်တိုက်မှုဖြစ်စဉ်များကြောင့် သေဆုံးသွားခဲ့သည့်သူများအတွက် ရည်စူး၍ သဲပုံစေတီတည်ဆောက်ခြင်းကို မေ ၇ ရက် ညနေ ၄ နာရီခွဲခန့်တွင် ရန်ကုန်-မန္တလေး အမြန်လမ်းမကြီးပေါ် မိုင်တိုင် ၁၁၆ ၌ ပြု လုပ်ခဲ့ကြောင်း သိရသည်။
ထိုသို့ သဲပုံစေတီတည်ဆောက်မှုကို ဖြူး မြို့နယ်၊ နတ်ရေကန် ဆရာတော်ဦးကေဘဏက ကြီးမှူး၍ ဖြူးမြို့နယ်ရှိ နာရေးကူညီမှုအသင်းများ ပူးပေါင်းကာ မကျွတ်မလွတ်သေးသူများအတွက် ရည်စူးကာ တည်ဆောက်ခဲ့ခြင်းဖြစ်ကြောင်း သိရသည်။
“ဘုန်းကြီးတော့ ခုလိုလုပ်တာ နှစ်ကြိမ်ရှိပြီ။ အရင်တုန်းကတော့ ဖြူးမြို့နယ်ထဲမှာရှိတဲ့ အရှေ့သုဿာန်မှာပဲ ကျွတ်လွတ် ပွဲပြုလုပ်ခဲ့တာ။ ဒီနှစ်တော့ ယာဉ်တိုက်မှုကြောင့် သေဆုံးမှုတွေများနေတဲ့ အမြန်လမ်းမပေါ်မှာ အမျှပေးဝေချင်တဲ့ စိတ်တွေဖြစ်ပေါ်လာလို့ ခုလိုလုပ်ဖြစ်တာ။ ၁၀ ရက် ညကျရင်တော့ မကျွတ်မလွှတ်သေးသူတွေအတွက် ဒါနပြုပွဲ ပြုလုပ်သွားမယ်”ဟု နတ်ရေကန် ဆရာတော်ဦးကေဘဏက မိန့်ကြားသည်။
ထိုသို့ သဲပုံစေတီတည်ဆောက်ပြီးနောက် မေ ၈ ရက်နှင့် ၉ ရက်တို့တွင် အမြန်လမ်းမကြီးတစ်လျှောက် အသံချဲ့စက် ယာဉ်ဖြင့် မကျွတ်မလွတ်သေးသူများအားလုံးကို မေ ၁၀ ရက် ညတွင် ပြုလုပ်မည့် အကျွတ်အလွတ် ဒါနပြုအမျှဝေပွဲသို့ လာရောက်ကြရန် လိုက်လံဖိတ်ကြားသွားမည်ဖြစ်ကြောင်း သိရသည်။
“၁၀ ရက် ည ၁၀ နာရီမှာ အမြန်လမ်းမကြီးတစ်လျှောက် မကျွတ်မလွတ်သေးသူတွေအတွက် အကျွတ်အလွတ် ဒါနပြုအမျှဝေပွဲ ပြုလုပ်သွားမယ်။ နောက်နေ့ မနက်ပိုင်းမှာတော့ အမျှဝေမှုတွေ ပြုလုပ်သွားမယ်”ဟု သဲပုံစေတီ တည်ဆောက်ရာ၌ လာရောက်ကူညီသည့် အမျိုးသားတစ်ဦးက ဆိုသည်။
ရန်ကုန်-မန္တလေးအမြန်လမ်းမကြီး တွင် ၂၀၁၄ ခုနှစ် ဇန်န၀ါရီတွင် ယာဉ်တိုက်မှု ၂၃ မှုဖြစ်ပွားခဲ့ပြီး ၁၁ ဦးသေဆုံးကာ ၃၈ ဦး ဒဏ်ရာရရှိခဲ့ကြောင်း၊ ဖေဖော်ဝါရီလအတွင်း ယာဉ်တိုက်မှု ၄၀ ဖြစ်ပွားခဲ့ပြီး ၁၃ ဦး သေဆုံးကာ ၅၆ ဦး ဒဏ်ရာရရှိခဲ့ကြောင်း၊ မတ်လတွင် ၄၄ မှု ဖြစ်ပွားခဲ့ပြီး ကိုးဦးသေဆုံးခဲ့ကာ ၈၀ ဦး ဒဏ်ရာရရှိခဲ့ကြောင်း၊ ဧပြီ လ(၁ ရက်မှ ၂၂ ရက်အထိ) ယာဉ်တိုက်မှု ၄၈ မှု ဖြစ်ပွားခဲ့ပြီး ၂၉ ဦးသေဆုံးခဲ့ကာ ၁၁၂ ဦး ဒဏ်ရာရရှိခဲ့ကြောင်း အမြန်လမ်း ရဲတပ်ဖွဲ့မှူးရုံးမှ သိရှိရသည်။
Eleven Media Group",2.0,2.0,2.0,5.0,5.0,"The text is a well-written news report about a local cultural and religious event in Myanmar. It provides factual data regarding traffic accidents, demonstrating basic reasoning. It is highly authentic to Burmese cultural practices (merit-making for the deceased) and is clean, professional, and coherent."
<urn:uuid:50a96be9-6f21-4c0b-8c44-53ad33b41e98>,"Documentary မှတ်တမ်းရုပ်ရှင်များ ရိုက်ကူးသူ နဲ့ Northwestern University မှ Medill School of Journalism မှာ ပါမောက္ခ လုပ်နေသူ Brent Huffman ဟာ အာဖကန်နစ္စတန်နိုင်ငံ Mes Aynak အရပ်ဒေသ မှ တရုတ် ကြေးနီ သတ္တုတွင်း လုပ်ငန်း အကြောင်းကို လိုက်နေပါတယ်။ အကြောင်းကတော့ အဲဒီ အနားမှာ ရှိနေတဲ့ နှစ်ပေါင်း ၂၀၀၀ ကြာပြီ ဖြစ်တဲ့ ဗုဒ္ဓဆင်းတုတော် ၂၀၀ ကျော်လောက်ဟာ အကာအကွယ် မဲ့နေတဲ့ အနေအထားနဲ့ ကြုံနေလို့ပါ။
၂၀၁၄ မှာ ဒေါ်လာ ဘီလီယံ ၁၀၀ ကျော်တန် လုပ်ငန်းစ ဖို့အသင့်အနေအထားရှိနေတဲ့ အဲဒီဒေသကို French Archaeological Delegation in Afghanistan (DAFA) ရဲ့ ဒါရိုက်တာ Philippe Marquis ဦးဆောင်တဲ့ ရှေးဟောင်းသုတေသနပညာရှင်များ (Archaelogists) ကတော့ အချိန်မီ ကယ်တင်နိုင်ဖို့ ရုန်းကန် နေရပါတယ်။ သူတို့ရဲ့ ရှေးဟောင်းသုတေသန လုပ်ငန်းခွင်လဲ ဖြစ်ပါတယ်။ သူတို့အနေနဲ့ အနဲဆုံးလုပ်နိုင်မဲ့ အနေအထားကတော့ ၂၀၁၄ မတိုင်မီ တတ်နိုင်သလောက် ပြောင်းရွှေ့ခြင်း နဲ့ မှတ်တမ်းပြုစုထားနိုင်ဖို့ မျော်လင့်ပါသတဲ့။
China Metallurgical Group Corporation (MCC) ရဲ့ ညွန်ကြားရေးမှူးချုပ် Zhenguo Liu ကတော့ သူတို့ အနေနဲ့ အဲဒီဒေသမှာ ရှေးဟောင်းသုတေသနလုပ်ငန်းခွင် ရှိမှန်းလည်း မသိပါဘူး၊ လို့ ခတ်တည်တည် ပြောသွားပါတယ်။ နောက်ပြီး၊ သိပ်မကြာခင် ပြဿနာ တွေ ပြေလည်သွားမှာပါ၊ ဆိုပြီး ခတ်ပေါ့ပေါ့လည်း ပြောထားပါတယ်။ လုပ်ငန်းရပ်ဖို့တော့ တစ်ခွန်းမှ မဟပါ။
တာလီဘန် တွေရဲ့ ခြေကုတ်ယူထားတဲ့ အဲဒီ ဒေသမှာ နှစ်ပေါင်း ၅၀၀ လောက် သက်တမ်းရှိတဲ့ ဒေသခံရွာတွေ အများအပြားလဲ ပြောင်းရွှေ့ဖို့ စီစဉ်နေပါတယ်။ ဒေသခံများကိုတော့ လျှော်ကြေး မဖြစ်စလောက်လေး ပေးပြီး မောင်းထုတ်ဖို့ လုပ်နေတာပါ။ ဒေသခံများ မကျေနပ်လို့ အစိုးရကို တိုင်လဲ ပြန် အရိုက်ခံရ တတ်ပါသတဲ့။ ဒေသခံ တဦးပြောတာက၊ ကျနော်တို့ ဘိုးဘွား၊ ဘေဘင် လက်ထက်ကတည်းက နှစ်ပေါင်းရာချီပြီး အေးအေးဆေးဆေး နေလာတဲ့ အိမ်ပိုင်၊ ယာပိုင် ဘ၀ကနေ လမ်းဘေးတောင်းစားရတဲ့ ဘ၀ကို ရောက်ရတော့မယ်၊ လို့ ပြောပါတယ်။
မူရင်း သတင်းလင့်များ",3.0,3.0,2.0,4.0,3.0,"The text provides a coherent, informative overview of a complex geopolitical and archaeological issue. It uses natural Burmese phrasing and presents multiple perspectives (archaeologists, corporations, locals). It lacks deep academic analysis or pedagogical structure, but is well-written and informative for a general audience."
<urn:uuid:4559ca65-30d6-4a2d-a0d4-0b628bc51ab5>,"တေးသံရှင် ပလေးဘွိုင်းသန်းနိုင်က သူ့ကိုယ်ပိုင်သီချင်း အပုဒ် ၈၀ ကို ရေဒီယို အသံလွှင့် ဌာနများသို့ အခမဲ့ ပေးမည်ဟု ဧရာဝတီသို့ ပြောသည်။
သူအောင်မြင်ခဲ့သော တေးသီချင်း ၈၀ ကို ဇူလိုင်လတွင် စတင်၍ အသစ်ပြန်လည် တီးခတ်သီဆိုကာ FM ရေဒီယိုများသို့ လက်ဆောင်ပေးမည် ဖြစ်ကြောင်း သိရသည်။
“သြဂုတ် ပထမပတ်မှာ သြစတြေးလျကို ပြန်မယ်။ သမီး ကလေးမွေးတာမို့ သွားမှာ။ ပြန်လာရင် ငယ်ငယ်က ဆိုခဲ့တဲ့ သီချင်းတွေကို အခုခေတ် တီးဝိုင်း၊ ခုခေတ် Record နဲ့ ပြန်သွင်းမယ်။ အပြင်ကိုမရောင်းဘူး၊ FM ရေဒီယိုတွေကို လက်ဆောင် ပေးမယ်။ ငယ်ငယ်က အသံတော့ မဟုတ်ဘူးပေ့ါ၊ အခုအသံနဲ့ပေ့ါ၊ ငယ်ငယ်က ပစ္စည်း အရမ်းချို့တဲ့တယ်။ စတူဒီယိုရော၊ တီးဝိုင်းရော၊ ချို့တဲ့တယ်။ ရှိတဲ့ပိုက်ဆံနဲ့ လောက်အောင် လုပ်ရတယ်။ အခုခေတ်လို မထွက်နိုင်ဘူး၊ အခုခေတ်ကျတော့ Computerize၊ ဒီဂျစ်တယ် နည်းပညာတွေနဲ့ အကုန်လုပ်လို့ရတယ်။ တခုမကြိုက် တခုဖောက်ပြီး လုပ်လို့ရတော့ အချိန်ကုန်လည်း သက်သာတယ်” ဟု ပလေးဘွိုင်း သန်းနိုင်က ဧရာဝတီသို့ပြောသည်။
အခုခေတ်တီးခတ်နေကြသည့် အတီးသမားများ၊ အသံဖမ်းစနစ်များကို အားရ သဘောကျ၍ ခေတ်ဟောင်းက သီချင်းများကို ပြန်လည် အသက်သွင်းရန် စိတ်ကူးမိခြင်း ဖြစ်ကြောင်း သူက ဆိုသည်။
“အခုခေတ်က Technology အရမ်းကောင်းတယ်။ တီးတဲ့ ကလေးတွေ လက်သံကလည်း အရမ်းကောင်းတယ်။ လူတော်တွေ အများကြီး၊ အရင်က လူတော်ဆို ၃၊ ၄ ယောက်ပဲ ရှိတာ။ အရမ်းဖွံ့ဖြိုးလာတယ်၊ လေ့လည်း လေ့လာကြတော့ အရမ်းတော် အရမ်းကောင်း လာကြတယ်။ အဲဒီအချိန်မှာ အမှတ်တရ အနေနဲ့ ကလေးတွေလက်သံနဲ့ ပြန်ဆိုတာပေါ့။ ဟိုတုန်းကလို ပြန်ဆိုချင်မှ ဆိုလို့ရမယ်။ ဒါပေမယ့် အခုခေတ် ပုံစံပေ့ါ။သီချင်း ၆၀ နဲ့ ၈၀ ကြား ဆိုရမှာ၊ ၁၀ ပုဒ်သွင်းလိုက်၊ FM တွေ ပေးလိုက်နဲ့ တနှစ်လောက်တော့ သွင်းလိုက် ပေးလိုက် လုပ်နေမှာပေါ့။ လုပ်ဖို့လည်း ငွေစုနေတယ်။ တီးဝိုင်းနဲ့ စက်ပစ္စည်း အတွက် သိန်းတထောင်လောက် မြုပ်နေတော့ နည်းနည်းပြန်စုရမယ်” ဟု ဦးသန်းနိုင်က ဧရာဝတီ ဆက်ပြောသည်။
ပလေးဘွိုင်း အဖွဲ့ကို 21st Century Playboy Rock Band ဟူ၍ နာမည်အသစ်ပေးထားပြီး လိဒ် စောရန်နိုင်၊ ကျော်မင်း၊ ကီးဘုတ် တင်ဦးသောင်း၊ သိန်းထိုက်အောင်၊ ဘေ့စ် မြတ်မိုး၊ အောင်နိုင်၊ ရဲဖုန်း၊ ဟင်နရီ၊ ဒရမ် ရန်မျိုး၊ စိုင်းသာဌေးတို့ ပါဝင် တီးခတ်နေကြကြောင်း ဦးသန်းနိုင်ထံမှ သိရသည်။
ပလေးဘွိုင်း သန်းနိုင်သည် ၁၁ နှစ်သားအရွယ်ကတည်းက မြန်မာ့အသံတွင် အင်္ဂလိပ်သီချင်းများ စတင်သီဆိုခဲ့ပြီး ၁၉၆၈ ခုနှစ်တွင် Voice Of America (VOA) အတွက် မြန်မာသီချင်း သီဆိုပေးခဲ့ကြောင်း၊ ၁၉၇၀ ပြည့်နှစ်ခန့်က စတင်သည့် မြန်မာ့ စတီရီယို ခေတ်ဦးတွင် ဂျင်မီဂျက် (လားရှိုးသိန်းအောင်) ၏ သီချင်းများကို သီဆိုခဲ့ပြီး ၎င်းစီးရီးခွေကို ရန်ကုန်မန္တလေး အနှံ့ ကိုယ်တိုင် ဆိုက်ကားဖြင့် လိုက်လံ ရောင်းချခဲ့ကြောင်း၊ ၁၉၇၀ တွင်ပင် ပလေးဘွိုင်းတေးဂီတကို တည်ထောင်ပြီး ညမွှေးပန်း၊ ဒီလိုဒီလိုပါ ဟူသော တေးစီးရီးများ ထွက်ခဲ့ကြောင်း၊ ၁၉၇၄ တွင် လမ်းဆက်လျှောက်မယ် စီးရီး ထွက်ရှိခဲ့ပြီးနောက် ၁၉၉၇ တွင် သြစတြေးလျရှိ National Sound Recording ၌ အသံဖမ်း ပညာရပ်နှင့်ပတ်သက်ပြီး သွားရောက် သင်ယူခဲ့ကြောင်း၊၂၀၁၀ ပြည့်နှစ်တွင် သူငယ်ချင်းများစီးရီး (လူစုံ) ထွက်ရှိခဲ့ကြောင်း ပလေးဘွိုင်းသန်းနိုင်က ပြောပြသည်။",2.0,2.0,2.0,5.0,5.0,"The text is a journalistic interview about a Burmese musician's career and project. It provides cultural context regarding the history of Burmese music and recording technology. It is well-structured, clean, and uses natural, authentic Burmese language, though it lacks deep academic or complex reasoning content."
<urn:uuid:483ddf83-2ed9-4d4b-88db-9ea20e160016>,"လီယွန်းမြို့
လီယွန်း (ပြင်သစ်: Lyon) မြို့သည် ပြင်သစ်နိုင်ငံ ၏ တတိယမြို့ကြီး ဖြစ်သည်။ ပါရီမြို့ ၏ တောင်ဘက် မိုင် ၂၅ဝ ခန့်အကွာ ရုန်းမြစ်နှင့် ဆဲ(န်း) မြစ်တို့ ပေါင်းဆုံသောနေရာတွင် တည်ရှိလေသည်။ အခိုင်အခံ့ ခံတပ် လုပ်ထားသော ခံတပ်မြို့လည်းဖြစ်၏။ လှပသော ရှေးဟောင်းဘုရားရှိခိုးကျောင်းနှင့် တက္ကသိုလ်ကျောင်းကြီးများလည်း ရှိသည်။ ဤမြို့ကို ခရစ်မပေါ်မီက ရောမလူမျိုးတို့က တည်ဆောက်ခဲ့ရာ ငါးရာစုနှစ်အတွင်းကမှ အတော်စည်ကားသော မြို့ဖြစ်လာ၍ ၁၃၁၂ ခုနှစ် တွင် ပြင်သစ်ပိုင် မြို့တစ်မြို့ဖြစ်လာသည်။ ဥရောပ အလယ်ခေတ်က အယူဝါဒ ဆိုင်ရာ ဆူပူမှုများ ဖြစ်ပွားခဲ့ဖူးရာ လီယွန်းမြို့မှာ အတော်ပျက်စီးသွားသော် လည်း နပိုလီယန် ဘုရင်က ပြင်ဆင်ဆောက်လုပ်ခဲ့သဖြင့် ပြင်သစ်နိုင်ငံတွင် ကြီးကျယ်စည်ကားသော မြို့တစ်မြို့ဖြစ်လာပြန်သည်။လိုင်ယွန်မြို့ကို ဒုတိယကမ္ဘာစစ်အတွင်း ၁၉၄ဝ ပြည့်နှစ်၊ဇွန်လ ၂ဝ ရက်နေ့တွင် ဂျာမန် စစ်တပ်များက သိမ်းပိုက်ခဲ့ကြသည်။ သို့သော် ၁၉၄၄ ခုနှစ်၊ စက်တင်ဘာလ ၃ ရက်နေ့တွင် အမေရိကန်တပ်များက ပြန်လည်၍ လွတ်လပ်စေခဲ့လေသည်။ လီယွန်းမြို့၏ လူဦးရေမှာ ၅၂၈၅၃၅(၁၉၆၂ ခုနှစ်) ယောက်ရှိ၍ အင်ဂျင်နီယာလုပ်ငန်း၊ စာပုံနှိပ်လုပ်ငန်း၊ ဆေးဆိုးခြင်းလုပ်ငန်း၊ ဓာတ်ဆေး အမျိုးမျိုး ချက်လုပ်သည့် လုပ်ငန်းများကို လုပ်ကိုင်ကြ၏။ ပိုးထည်များယက် လုပ်ခြင်း၌ လီယွန်းသည် ပြင်သစ်နိုင်ငံတွင် ထင်ရှားသောမြို့တစ်မြို့ဖြစ် လေသည်။[၁]
ကိုးကားပြင်ဆင်
- မြန်မာ့စွယ်စုံကျမ်း၊ အတွဲ(၁၂)",4.0,2.0,2.0,4.0,3.0,"The text is a concise, informative encyclopedia entry about Lyon, suitable for educational purposes. It provides historical and economic facts with clear, natural Burmese phrasing. It lacks complex reasoning or deep analysis, and while it contains some boilerplate (references), it is well-structured and free of intrusive noise."
<urn:uuid:5a1cd405-2719-412b-a925-247a66502548>,"ကမာ္ဘတလွှားတွင် တုပ်ကွေးဖြစ်ပွားမှု ပြန်လည်ဦးမော့လာသည်ကို သက်ကြီးရွယ်အိုများ သတိပြုသင့်ကြောင်း ဆရာဝန်များကဆိုသည်။ ပြီးခဲ့သော ဆယ်စုနှစ ်အတွင်း တုပ်ကွေးဖြစ်ပွားမှု စံချိန်တင် မြင့်တက်လာပြီး တစ်ပါတ်အတွင်း ရာခိုင်နှုန်း (၁၅၀) ကျော်မျှ ထိုးတက်လာ မှုကြောင့် ဆရာဝန်များ ဦးနှောက် စားနေကြသည်။
ခရစ္စမတ်ကာလအတွင်း တုပ်ကွေးကူးစက်မှု အလွန်များပြား လာသလို သက်ကြီးရွယ်အိုများ၊ အထူးသဖြင့် အသက် (၆၅) နှစ်အထက် လူကြီးပိုင်းတွင် ပိုအဖြစ်များလာကြောင်း သိရှိရသည်။ စာရင်းများအရ တုပ်ကွေးဖြစ်စေသော H3N2 ဗိုင်းရပ်စ်သည် သီတင်း (၁၈) ပါတ်အတွင်း လူဦးရေ တစ်သိန်းကျော်ကို ကူးစက်ခဲ့သည်။ ဗြိတိန်မှ ဆရာဝန်များသည် အဆိုပါအခြေအနေကို စိုးရိမ်တကြီး စောင့်ကြည့်နေကြသည်။
တုပ်ကွေးသည် လူသေဆုံးသည်အထိ ပြင်းထန်လာစေတတ်ပြီး (၁၉၉၉) ခုနှစ်သည် သမိုင်းတလျှောက် တုပ်ကွေးကြောင့် သေဆုံးသူဦးရေ အမြင့်မားဆုံး နှစ်ကာလအဖြစ် မှတ်တမ်းဝင်ခဲ့ပြီး လူ (၂၂၀၀၀) ကျော် အသက် ဆုံးရှုံး ခဲ့ရသည်။ တုပ်ကွေးမှ တဆင့် အသက်ရှူ လမ်းကြောင်း ဆိုင်ရာ ရောဂါများ၊ သွေးပေါင်ချိန် တက်မှုများ၊ ကျောက်ကပ် ပျက်စီးမှုများ၊ အသည်းရောဂါ၊ ဆီးချို ရောဂါများ နှင့် ဆေးမတိုး သည့် အခြေအနေများ အထိ ဖြစ်ပွား လာစေတတ်ကြောင်း သိရှိရသည်။",4.0,2.0,2.0,5.0,3.0,"The text provides clear, educational health information about influenza risks for the elderly. It uses natural Burmese phrasing and accurate terminology. While it presents facts and causal links between the virus and health complications, it lacks deep analytical reasoning or complex multi-step arguments, remaining at an informative, accessible level."
<urn:uuid:372c6b72-f45e-44af-8bd9-4e5c9913d5c3>,"အဇာဘိုင်ဂျန်နိုင်ငံအတွင်း အာမေးနီးယားလူမျိုးအချို့ နေထိုင်ရာ နာဂေါ်နိုကာရာဘတ်ဒေသ၌ စနေနေ့က ကြေညာခဲ့သော အပစ်အခတ်ရပ်စဲရေးမှာ နာရီအနည်းငယ်မျှအကြာ၌ စည်းမျဉ်းချိုးဖောက်သည်ဟု နှစ်နိုင်ငံတို့က အပြန်အလှန်စွပ်စွဲလျှက်ရှိစဉ် အာမေးနီးယားနှင့် အဇာဘိုင်ဂျန် အိမ်နီးချင်းနှစ်နိုင်ငံအကြား စစ်မီးတောက်လောင်မှု၌ လူပေါင်းရာချီ သေဆုံးခဲ့ပြီးဖြစ်သည်ဟု Russia Today က ယနေ့ရေးသားသည်။
နှစ်ဖက်အပြန်အလှန်စွပ်စွဲချက်များမှာ တနင်္ဂနွေနေ့တွင် ထွက်ပေါ်လာခြင်းဖြစ်ပြီး စနေနေ့ ဒေသစံတော်ချိန် ညသန်းခေါင် ( ဂရင်းနစ်စံတော်ချိန် ၂၀း၀၀ နာရီ ) မှ စတင်၍ အပစ်အခတ်ရပ်စဲထားမည်ဖြစ်ကြောင်း နှစ်နိုင်ငံအသီးသီးကြေညာအပြီး နာရီအနည်းငယ်အကြာ၌ဖြစ်သည်ဟု သိရှိရသည်။ ၎င်းတို့သိမ်းယူထားသည့် ဂျဘရာယီလ်မြို့အနီးတစ်ဝှိုက်မှာ တစ်ဖက်နိုင်ငံက အမြောက်ကြီးများဖြင့် ရန်လိုမုန်းတီးစွာ ပစ်ခတ်ခြင်းခံကြောင်း အဇာဘိုင်ဂျန်က သတင်းထုတ်ပြန်သည်။ အာမေးနီးယားက သတင်းထုတ်ပြန်ရာတွင် အဇာဘိုင်ဂျန်တို့သည် ရော့ကက်-အမြောက်ကြီးများဖြင့် ပစ်ခတ်ခြင်း၊ အချက်အချာကျသောနေရာများသို့ ဝင်ရောက်တပ်စွဲခြင်းဖြင့် အပစ်အခတ်ရပ်စဲရေးကို နှစ်ကြိမ်တိုင် ချိုးဖောက်ကြောင်း ဖော်ပြထားသည်။
သမ္မတနိုင်ငံဖြစ်ကြောင်း တစ်ဖက်သပ်ကြေညာခဲ့သည့် နာဂေါ်နိုကာရာဘတ်၏ အာဏာပိုင်များအဖြစ် အများမှတ်ယူထားကြသူများကမူ ရှေ့တန်းမျဉ်းနယ်မြေတစ်လျှောက် စစ်မက်တိုက်ခိုက်ခြင်းများကို ရပ်တန့်ထားစဉ် အချို့ နေရာများ၌ အဇာဘိုင်ဂျန်တပ်များက ကာရာဘတ်၏ ကာကွယ်ရေးအင်အားကို သွေးတိုးစမ်းခဲ့ကြောင်း သတင်းထုတ်ပြန်သည်။ နှစ်ဖက်စလုံး၏ သတင်းထုတ်ပြန်ချက်တွင် ထိခိုက်သေဆုံးမှုများဖြစ်ပွားကြောင်း ပါရှိသည်ဆို၏။
ယခုလစောစောပိုင်းတွင် ရုရှားနိုင်ငံ၏ ကြားဝင်စေ့စပ်မှုဖြင့် လူသားချင်းစာနာမှုဆိုင်ရာ အပစ်အခတ်ရပ်စဲရေးတွင် သေဆုံးသူတို့၏ ရုပ်အလောင်းများနှင့် အကျဉ်းသားချင်း လဲလှယ်ကြရန် ရည်ရွယ်ခဲ့ချက်မှာ နှစ်ဖက်အကြား ပြင်းထန်သော ရန်လိုမုန်းတီးစိတ်ကို ရပ်တန့်နိုင်ခြင်း မရှိချေ။
နိုင်ငံတကာကြက်ခြေနီကော်မတီ၏ အကူအညီဖြင့် စစ်မြေပြင်မှ ဒါဏ်ရာရရှိထားသူများအား ကယ်ထုတ်မည့် အဇာဘိုင်ဂျန်၏အဆိုပြုချက်ကို ပယ်ချလိုက်ကြောင်း အာမေးနီးယားက တနင်္ဂနွေ ( ယနေ့ ) ကြေညာသည်။
နာဂေါ်နိုကာရာဘတ်ဒေသတွင် စက်တင်ဘာလ နောက်ဆုံးရက်သတ္တပတ်များမှ စတင်ကာ အကြမ်းဖက်မှုများ အရှိန်မြင့်တက်လာခဲ့သည်။ လက်ရှိဖြစ်ပွားေသော ပဋိပက္ခမှာ အာမေးနီးယား၏ အကူအညီဖြင့် အဇာဘိုင်အား အံတုတိုက်ခိုက်နေသည့် အာမေးနီးယန်းလူမျိုးအများစုနေထိုင်ရာ နာဂေါ်နိုကာရာဘတ်ဒေသ၌ ၁၉၉၀ -ခုနှစ် နောက်ပိုင်း သွေးထွက်သံယို အများဆုံးစစ်ပွဲဖြစ်လာသည်။
နှစ်ဖက်စလုံးတွင် အရပ်သားများသေဆုံးကြောင်းနှင့် တစ်ဖက်ရန်သူတို့၌ အကြီးအကျယ်ထိခိုက်ပျက်စီးသွားကြောင်း သတင်းများလည်း ပုံမှန်ထုတ်ပြန်ခဲ့ရာ အတည်ပြုရန် ခက်ခဲလျှက်ရှိသည်။ တနင်္ဂနွေနေ့၌ နာဂေါ်နိုကာရာဘတ်က သတင်းထုတ်ပြန်ရာတွင်မူ အကြမ်းဖက်ပဋိပက္ခများစတင်ဖြစ်ပွားခဲ့ချိန်မှစ၍ ရက်သတ္တ ၃-ပတ်အတွင်း ၎င်း၏ တပ်ဖွဲ့ဝင် ၆၇၃-ဦး ကျဆုံးကြောင်း ဖော်ပြသည်။
အဇာဘိုင်ဂျန်အနေဖြင့် ၎င်းနိုင်ငံ၏ ခွဲထွက်ရေးနယ်မြေအစိတ်အပိုင်းကို အာမေးနီးယားတို့က သိမ်းပိုက်ထားခြင်းအဖြစ် သတ်မှတ်လျှက်ပြီး ရှည်လျားသောပဋိပက္ခအား အဆုံးသတ်ရန် လိုလားကြောင်း ပြောဆိုသည်။ အာမေးနီးယားတို့ကမူ နာဂေါ်နိုကာရာဘတ်ဒေသအား လွတ်လပ်သောနိုင်ငံတစ်နိုင်ငံအဖြစ် အသိအမှတ်ခြင်း မရှိခဲ့သော်လည်း စစ်ရေးအရ အကူအညီများထောက်ပံ့လျှက်ရှိသည်။
(( ပူးတွဲပါ ဗွီဒီယိုဖိုင်မှာ JAB TV MM ( Oct-06,2020 ) မှ ကျေးဇူးတင်စွာ ကူးယူဖော်ပြခြင်းဖြစ်ကြောင်း ဝန်ခံပါသည်။ ။သတင်းဘာသာပြန်သူ ))
#နာဂေါ်နိုကာရာဘတ်အပစ်အခတ်ရပ်စဲရေးချိုးဖောက်ကြောင်း_နာရီအနည်းငယ်အကြာ၌_အပြန်အလှန်စွပ်စွဲ
https://www.rt.com/russia/503839-armenia-azerbaijan-ceasefire-violations/
https://www.rt.com/russia/503814-armenia-azerbaijan-declare-ceasefire-karabakh/
https://www.rt.com/russia/503782-azerbaijan-armenia-strikes-accusations/",3.0,3.0,3.0,4.0,2.0,"The text is a well-structured news report on the Nagorno-Karabakh conflict. It provides factual, coherent information suitable for educational purposes. It demonstrates basic reasoning by summarizing conflicting claims and historical context. The language is natural Burmese, though it is a translation of international news rather than a piece reflecting indigenous Burmese cultural nuances."
<urn:uuid:11bc10e9-b15e-48fe-b454-69564f919fcc>,"ဘာရတနိုင်ငံ
ဘာရတနိုင်ငံပြင်ဆင်
ဗုဒ္ဓခေတ်၌ ဘာရတနိုင်ငံကို ဇဗ္ဗူဒီပ ဟုလည်း ခေါ်သည်။ အဝန်းကြီး(၃)ခု၊ အပိုင်းအခြားကြီး (၅)ခု၊ ထို့ပြင် တိုင်းကြီး(၁၆)တိုင်းတို့ဖြင့် ပိုင်းခြားဝေဘန်ထားအပ်လေသည်။ မဟာမဏ္ဍလ, မဇ္ဈိမမဏ္ဍလ၊ ထို့ပြင် အန္တိမမဏ္ဍလတို့သည် ယင်းသုံးခုသော အဝန်းဖြစ်ခဲ့ကြသည်။ ယင်းတို့ကား အစဉ်အတိုင်း ၉၀ဝ, ၆၀ဝ, ၃၀ဝ ယူဇနာစီ ကျယ်ဝန်းကြလေသည်။ ဘာရတတစ်နိုင်ငံလုံး ဇမ္ဗူဒီပ၏ အကျယ်အဝန်းမှာ ယူဇနာ တစ်သောင်းရှိလေသည်။
- မဇ္ဈိမဒေသ၊
- ဥတ္တရာပထ၊
- အပရာန္တက၊
- ဒက္ခိဏာပထ နှင့်
- ပါစိနဒေသတို့သည်။ ယင်း (၅)ခုသော အပိုင်းအခြားကြီးများ ဖြစ်လေသည်။
ကိုးကားပြင်ဆင်
- ဘဒ္ဒန္တဇောတိကာဘိဝံသ ပါဠိပါရဂူ၊ သိရီပဝရဓမ္မာစရိယ၊ သကျသီဟဓမ္မာစရိယ (သက္ကတ, ပါကတ, ပါဠိ, ဟိန္ဒီ, အင်္ဂလိပ် ၅-ဘာသာ) ဘာသန္တရကောဝိဒ၊ ဇောတိကာရုံစာချကျောင်း၊ တောင်ထီးလင်းတိုက်၊ မန္တလေးမြို့။ (ဗုဒ္ဓခေတ် ဘာရတနိုင်ငံ ပထဝီဝင် လေ့လာချက် စာအုပ်)",3.0,1.0,3.0,4.0,4.0,"The text provides historical and geographical information about ancient India (Jambudipa) from a Buddhist perspective. It is educational and uses formal, scholarly Burmese terminology. It is clean and well-structured, though it functions more as a reference excerpt than a deep analytical piece. The cultural context is authentic to Burmese Buddhist scholarship."
<urn:uuid:ec1897b4-a616-470d-bda8-92ca76776848>,"တစ်လကျော်ကြာလျှပ်မီးမရသည့် မောင်တောနှင့်ဘူးသီးတောင်တွင် မီးပြန်လည်ရရှိရေး ပြတ်တောက်မဟာဓာတ်အားလိုင်းမီးကြိုး ယနေ့စတင်ပြုပြင်
ခိုင်လူလှ(ရိုးမမြေ)
နိရဥ္စရာ၊ နိုဝင်ဘာ၂၃/၂ဝ၂ဝ
ရခိုင်ပြည်နယ်၊ မောင်တောခရိုင်၊ မောင်တောနှင့် ဘူးသီးတောင်တို့တွင် လျှပ်စစ်မီး မရရှိသည်မှာ တစ်လ ကျော်ရှိနေပြီဖြစ်ပြီး ယနေ့တွင် ပြတ်တောက်နေသည့် လျှပ်စစ်မီးကြိုးကို ပြန်လည် ပြုပြင်သွားမည်ဟု သတင်းရရှိသည်။
ရသေ့တောင်မြို့နယ်လျှပ်စစ်မှူး ဦးသန်းဦးက “ ပုဏ္ဏားကျွန်းမြို့ မဟာဓာတ်အားလိုင်းက အေအီး ဦးသိန်းရွှေဦးဆောင်ပြီး ဝန်ထမ်းတွေ ပြင်ဆင်ဖို့ ဒီနေ့ မနက်က ရေလမ်းကြောင်းကနေ ထွက်ခွာသွားပါပြီ။ ရသေ့တောင်ကနေ ဒီနေ့ထွက်သွားပါပြီ။ ဒီကနေ့ စပြင်ပါတယ်။ ထီးစွဲကို ထွက်သွားပါတယ်။ အဆင့်ဆင့် ဆက်သွယ်မှုတွေလုပ်ပြီးသွားကြရတာပါ ” ဟု ပြောသည်။
၂ဝ၂ဝ ခုနှစ် အောက်တိုဘာ ၁၈ ရက်နေ့က ဖြစ်ပွားခဲ့သည့် တိုက်ပွဲအတွင်း ရသေ့တောင်မြို့နယ် ထီးစွဲနှင့် အောင်သာစည် အကြားရှိ မောင်တောနှင့် ဘူးသီးတောင်သို့ ပေးဝေနေသည့် မဟာဓာတ်အားလိုင်းမှ လျှပ်စစ်မီးကြိုးသည် လက်နက်ကြီးကျည်ကျပြီး ပြတ်တောက်သွားခဲ့သည်။
ထိုသို့ လျှပ်စစ်မီးပြတ်တောက်သွားခဲ့သဖြင့် မောင်တောနှင့် ဘူးသီးတောင်မြို့နယ်မှ ပြည်နယ်လွှတ်တော် ကိုယ်စားလှယ်များဖြစ်ကြသည့် ဦးထွန်းလှစိန် (မောင်တော)၊ ဦးမောင်အုန်း(မောင်တော)၊ ဒေါက်တာဇော်ဇော်မြင့် (ဘူးသီးတောင်)နှင့် ဦးထွန်းအောင်သိန်း (ဘူးသီးတောင်) တို့မှ ရခိုင်ပြည်နယ် လွှတ်တော်မှ တစ်ဆင့် ပြည်နယ်အစိုးရသို့ လျှပ်စစ်မီး ပြန်လည်ရရှိရေး ဆောင်ရွက်ပေးရန် နိုဝင်ဘာ ၁၂ ရက်နေ့က မေတ္တာရပ်ခံခဲ့သည်။
မောင်တောမြို့နယ် ပြည်နယ်လွှတ်တော်ကိုယ်စားလှယ် ဦးမောင်အုန်းက “ ဒီမှာ လျှပ်စစ်မီးမရတာ တစ်လကျော်လာတော့ အကုန်လုံးအခက်အခဲဖြစ်နေကြတယ်။ လျှပ်စစ်မီးကို အသုံးပြုပြီး လုပ်ကိုင်နေကြတဲ့ လုပ်ငန်းဟူ သမျှ ရပ်တန့်သွားခဲ့တယ်။ တချို့ က မီးစက်တွေကိုယ်ပိုင်ဝယ်ပြီး လုပ်ငန်းတွေ လည်ပတ်ဖို့ ကြိုးစားကြပေမယ့် ကြလာတော့ ဆီဖိုးနဲ့ မတတ်နိုင်ကြဘူးလေ။ ဆေးရုံတွေ၊ ရုံးတွေ၊ ဌာနဆိုင်ရာတွေက အစ ပုဂ္ဂလိက လုပ်ငန်းတွေ အကုန်လုံးထိခိုက်ကုန်တယ်။ ဒါကြောင့် အတတ်နိုင်ဆုံးနဲ့ အမြန်ဆုံး လျှပ်စစ်မီးကြိုး ပြတ်တောက်နေတာကို ပြန်ပြင်ပေးဖို့ တောင်းဆိုခဲ့ရတာဖြစ်ပါတယ်” ဟု ပြောကြားသည်။
ယနေ့တွင် လျှပ်စစ်မီးကြိုးကို ပြန်လည် ပြုပြင်မည်ဖြစ်ပြီး ပျက်စီးသွားသော ပမာဏ အပေါ်တွင် မူတည်ပြီး ရက်မည်မျှကြာမည်ကို သိရမည်ဟုဆိုသည်။
လာမည့် တစ်ရက်နှစ်ရက်အတွင်း လျှပ်စစ်မီး ပြန်လည်ရရှိမည်ဟု မျှော်လင့်ရကြောင်း ၎င်းတို့က ပြောဆိုသည်။
၄င်းအပြင် ဘူးသီးတောင်နှင့် မောင်တောမြို့နယ်တို့တွင် တိုက်ပွဲကြောင့် လျှပ်စစ်ကြိုးပြတ်ကျသည်မှာ သုံးကြိမ်မြောက်ရှိပြီဖြစ်ကြောင်း သိရသည်။
တိုက်ပွဲဖြစ်ပြီး လက်နက်ကြီး ထိမှန်ကာ လျှပ်စစ်မီးတိုင် ပျက်စီးခဲ့သည့်အတွက် ရသေ့တောင်၊ ဘူးသီးတောင်၊ မောင်တောင် စတဲ့ မြို့နယ် ၃ ခု မှာ ၂ဝ၂ဝ ဧပြီလ ၂ ရက်မှ ၂၂ ရက်နေ့အထိ ရက် ၂ဝ အကြာ လျှပ်စစ်မီးပြတ်တောက်ခဲ့သည်။
သြဂုတ်လ ၂၄ ရက်နေ့ကလည်း အလားတူဖြစ်ပွားခဲ့သည့်အတွက် မောင်တောနှင့် ဘူးသီးတောင်တွင် လေးရက်ကြာမီးပြတ်တောက်ခဲ့သည်။",2.0,2.0,2.0,5.0,5.0,"The document is a well-written, authentic news report about local infrastructure issues in Rakhine State. It provides factual reporting on a specific event, including quotes and historical context. It is clean, professionally structured, and uses natural Burmese phrasing, reflecting local administrative and geographical knowledge, though it lacks complex analytical or pedagogical depth."
<urn:uuid:6e7cfbf8-6ba2-4ad1-9959-b32764e3536b>,"နိုင်ငံတော်အကြီးအကဲတာဝန် စနစ်တကျလွှဲပြောင်းရန် အစိုးရကိုယ်စားလှယ်အဖွဲ့နှင့် အမျိုးသားဒီမိုကရေစီအဖွဲ့ချုပ်မှ အသွင်ကူးပြောင်းရေး ကော်မတီတို့ လာမည့်ဒီဇင်ဘာ ၂၂ ရက် (အင်္ဂါနေ့)တွင် အသေးစိတ် ဆွေး နွေးကြမည်ဖြစ်ကြောင်း သတင်း ရရှိသည်။
‘‘သမ္မတတာဝန်လွှဲပြောင်း တဲ့ အခမ်းအနားနဲ့ပတ်သက်တာ ပေါ့။ နောက်တစ်ခုက ၀န်ကြီးဌာန တွေ လွှဲပြောင်းပေးဖို့ လာမယ့် အင်္ဂါနေ့မှာ အသေးစိတ်ဆွေးနွေး ကြမှာပါ’’ဟုသမ္မတ ပြောရေးဆို ခွင့်ရှိသူ ဦးရဲထွဋ်က ပြောကြား သည်။
အစိုးရအဖွဲ့သစ်တွင် ၀န် ကြီးဌာနအချို့ ပူးပေါင်းမည်ဖြစ် သော်လည်း ၀န်ထမ်းများကိုဖြုတ် ထုတ်သတ်လမ်းစဉ်ကျင့်သုံးမည် မဟုတ်ကြောင်း နေပြည်တော် စည်ပင်ရိပ်သာ၌ ၀န်ထမ်းအချို့ အား ဒေါ်အောင်ဆန်းစုကြည်က ဒီဇင်ဘာ ၁၇ ရက်တွင် ပြောကြား ခဲ့သည်။
အစိုးရက နိုင်ငံတော်အကြီး အကဲ တာဝန်လွှဲပြောင်းမှု အ ထောက်အကူပြု ကော်မတီနှင့် အမျိုးသားဒီမိုကရေစီအဖွဲ့ချုပ် ၏ အသွင်ကူးပြောင်းရေး ကော်မ တီတို့၏ ဒီဇင်ဘာ ၁၆ ရက် ပထမ အကြိမ်တွေ့ဆုံမှုတွင် ပူးပေါင်း ဆောင်ရွက်ရမည့်ကိစ္စများကို နှစ် ဖက်အမြင်ချင်း ဖလှယ်ခဲ့ကြောင်း တွေ့ဆုံမှု၌ ပါဝင်သူ ဦးရဲထွဋ်က ပြောသည်။
ပထမအကြိမ်တွေ့ဆုံမှုတွင် မပါဝင်ခဲ့သည့် အစိုးရကိုယ်စား လှယ်အဖွဲ့ဥက္ကဋ္ဌ သမ္မတရုံးဝန် ကြီး ဦးလှထွန်းသည် ဒုတိယအ ကြိမ်တွေ့ဆုံပွဲတွင် ပါဝင်မည်ဖြစ် ရာ ပထမအကြိမ် ဆွေးနွေးမှုထက် ပိုမိုထိရောက်မှု ရှိနိုင်မည်ဖြစ် သည်။
အာဏာလွှဲပြောင်းပေးမှုကို ထိုသို့ ကော်မတီများဖွဲ့စည်း ဆောင်ရွက်မှုအပေါ် ဝေဖန်မှု အ ချို့ရှိခဲ့သော်လည်း စနစ်တကျ လွှဲ ပြောင်းနိုင်ရေးအတွက် ကော်မတီ များလိုအပ်ကြောင်း ဦးရဲထွဋ်က ပြောသည်။
‘‘အရင်အစိုးရကနေ ကျွန် တော်တို့အစိုးရကို လွှဲတော့ ဒီ ယန္တရားထဲမှာရှိခဲ့တဲ့လူအများစုပဲ ပြန်ပါလာတာဆိုတော့ အခက်အ ခဲသိပ်မရှိဘူး။ အခုကျတော့ အ သစ်ကို လွှဲရတာဆိုတော့ စနစ် တကျလွှဲပြောင်းပေးတော့နောက် ပိုင်းအကောင်အထည်ဖော်ရတာ အဆင်ပြေတာပေါ့’’ဟု ဦးရဲထွဋ် ကပြောသည်။
၁၉၈၈ မှစ၍ တာဝန်ယူခဲ့ သော တပ်မတော်အစိုးရသည် ၂၀၀၈ ဖွဲ့စည်းပုံအခြေခံဥပဒေ ဖြင့် ၂၀၁၀ ရွေးကောက်ပွဲကျင်းပ ပြီး အာဏာလွှဲပေးခဲ့ရာ ကြံ့ခိုင် ရေးအသင်းအသွင်ပြောင်း ကြံ့ ခိုင်ရေးပါတီ အစိုးရတက်လာပြီး ဗိုလ်ချုပ်ကြီးဟောင်းများကပင် အရပ်ဝတ်ဖြင့် တိုင်းပြည်ကိုဆက် လက်အုပ်ချုပ်ခဲ့သည်။
၂၀၁၅ အထွေထွေ ရွေးကောက်ပွဲ၌မူ ပြည်သူလူထု၏ တစ်ခဲနက် ထောက်ခံမှုဖြင့် အနိုင်ရလာသော ဒေါ်အောင်ဆန်းစုကြည် ခေါင်း ဆောင်သည့် အမျိုးသားဒီမိုကရေ စီအဖွဲ့ချုပ်ကို ကြံ့ခိုင်ရေးအစိုးရ က အာဏာလွှဲပေးရမည် ဖြစ် သည်။
7Day News Journal",2.0,2.0,2.0,5.0,5.0,"The text is a journalistic report on the political transition in Myanmar. It provides factual information about historical and contemporary political processes, requiring basic political literacy. It is written in natural, professional Burmese, reflecting local political terminology and context accurately. It is clean, well-structured, and free of noise."
<urn:uuid:04cc1825-e780-493f-ac2b-2ba741784bd5>,"ခွေးတူဝက်တူ
|Badger|
|သိပ္ပံနည်းကျမျိုးခွဲခြင်း|


ခွေးတူဝက်တူဟူသော အမည်ကပင် ထိုတိရစ္ဆာန်မျိုး၏ ပုံပန်းသဏ္ဍာန်ကို ဖော်ပြလျက် ရှိပေသည်။ ဝက်ဝံနှင့်လည်း ဆင်တူ၏။ ခွေးတူဝက်တူသည် လူကို ရန်မမူဘဲ အေးအေးပင် နေလေ့ရှိသည်။ သို့သော် သားစားတိရစ္ဆာန်မျိုး ဖြစ်သည့် အတိုင်း တိရစ္ဆာန်ငယ်ကလေးများကို ဖမ်းဆီးသတ်ဖြတ်၍ စားတတ်သည်။ ယင်းတို့၏ ကိုယ်မှာ ထူးခြားစွာ ကျယ်ပြန့် ပြားချပ်၍ နှာဖျားမှ အမြီးအထိ ၂ ပေ၊ ၂ ၁/၂ ပေခန့် ရှည်သည်။ နှုတ်သီးချွန်သော ဦးခေါင်းနှင့် အမြီးတိုကလေး တို့သည် ခပ်ပြားပြားပင် ဖြစ်သည်။ ခြေလက်များမှာ အလွန် သန်၍ မာကျောချွန်ထက်သော ခြေသည်းလက်သည်းရှည်ကြီး များ ပါရှိသဖြင့် မြေတူးအလွန် ကျင်လျင်သည်။ သို့သော် ဖားလျားကျနေသော အမွေးရှည်များက ခြေလက်တို့ကို ဖုံးအုပ် ထားသည့်အတွက် လမ်းသွားနေစဉ်ကြည့်လျှင် ဝမ်းပိုက်ဖြင့် ကပ်၍ သွားနေသလောဟု ထင်ရသည်။ အရောင်မှာ ကိုယ်တွင် မီးခိုး ရောင်ဖြစ်၍ ခြေလက်၊ လည်ပင်းနှင့် ရင်ပတ် ဝမ်းပိုက် တို့တွင် မည်းသည်။ မျက်နှာတွင်မူ အနက်ရောင် အောက်ခံ၌ နှာတံပေါ်တွင် အဖြူစင်းတစ်ကြောင်း၊ ပါးတစ်ဖက်တစ်ချက် တွင် တစ်ကြောင်းစီ အဖြူစင်း သုံးကြောင်း ပါရှိသောကြောင့် တစ်နည်းအားဖြင့် ရယ်စရာ ကောင်းသည်။
ခွေးတူဝက်တူသည် လူသူကို ကြောက်ရွံ့တတ်၍ နေ့ဖက်၌ တွင်းအောင်းကာ ညဖက်တွင်သာ အစာရှာ ထွက်တတ်သည့် အတိုင်း ယင်းတို့ကို မြင်ဖူးသူများ ရှားသည်။ ခွေးတူဝက်တူ သည် ဖွတ်၊ ပုတတ်၊ ပုရစ်၊ နှံ ကောင်၊ မြေကြွက်၊ ရှဥ့် စသောအကောင်များကိုလည်းကောင်း၊ မြေကြီးပေါ်၌ အသိုက် လုပ် နေထိုင်တတ်သော ငှက်နှင့် ငှက်ဥများကိုလည်းကောင်း၊ လိုက်လံရှာဖွေ၍ စားသောက်လေ့ရှိသည်။ သစ်ဥသစ်ဖုများ ကိုလည်း စားသည်။ ဝက်ဝံနည်းတူ ပျားရည်ကို အလွန် နှစ်သက်သည့်အတိုင်း ပျားအုံများကို ပျားတုပ်ခံကာ ဖျက်ဆီး စားသောက်လေ့ရှိသည်။ ပျားတုပ်သော်လည်း အမွေးရှည်တို့ ကြောင့် မနာကျင်ပေ။ နကျယ်အိမ်များကိုလည်း ဖျက်ဆီး၍ အတွင်းရှိပိုးကောင်ကလေးများကို စားသောက်လေ့ရှိသည်။ လူသံသူသံကြားလျှင် ဖြစ်စေ၊ ရန်သူနှင့်တွေ့လျှင်ဖြစ်စေ ခွေးတူဝက်တူသည် တွင်းထဲသို့ ဝင်ပြေးတတ်သည်။ တွင်းသို့ ရောက်အောင် မပြေးနိုင်ပါက လျင်မြန်စွာ တွင်းဖော်၍ ပုန်း အောင်းတတ်သည်။ သို့တည်းမဟုတ် ကိုယ်အောက်သို့ ဦးခေါင်းနှင့် ခြေလက်တို့ကို သွင်းကာ မြေကြီးပေါ်မှာပင် ပြားပြားဝပ်ချလိုက်တတ်သည်။ ထိုသို့ဝပ်နေစဉ် ကြည့်လှျင် ကျောက်ခဲကျောက်တုံးများနှင့်ပင် အမြင်မှားလောက်ပေသည်။
ခွေးတူ ဝက်တူသည် လူသူကို ကြောက်ရွံ့တတ်သော်လည်း ပြေးမလွတ်သောအခြေအနေမျိုးနှင့် ကြုံကြိုက်သောအခါတွင်မူ ရန်သူကို သတ္တိကောင်းစွာဖြင့် သဲသဲမဲမဲ ပြန်လည်ခုခံတတ် သည်။ သူ၏မာကျောချွန်ထက်သော ခြေသည်း လက်သည်း တို့သည် ရန်သူ၏အသားအရေကို စုတ်ပြတ်သွားအောင် ကုတ်ဖဲ့နိုင်၍ သူ၏ခိုင်မာသန်စွမ်းသော ပါးစောင်ဖြင့်လည်း ခွေးဘီလူးတို့ကဲ့သို့ မလွှတ်တမ်း ကိုက်ခဲထားနိုင်သည်။ ခွေးတူဝက်တူတစ်ကောင် သည် ခွေး ၄၊ ၅၊ ၆ ကောင်နှင့် ဖက်ပြိုင်တိုက်ခိုက်နိုင်၏။ ထို့ကြောင့် အင်္ဂလန်ပြည်တွင် ရှေးက ခွေးတူ ဝက်တူတစ်ကောင်ကို စည်တစ်ခု၌ထည့်၍ ပြင်ဖက်မှ ခွေးများနှင့် တိုက်ခိုက်ဆွဲထုတ်စေသော ကစားနည်း တစ်မျိုး အလွန်ခေတ်စားခဲ့ဘူးရာ၊ ၁၈၅ဝ ပြည့်နှစ်သို့ရောက်မှ ဥပဒေ ဖြင့် တားမြစ်၍ ပျောက်ကွယ်သွားလေသည်။
ခွေးတူဝက်တူသည် မြွေပါမြီးတိုမျိုးတွင် ပါဝင်၍ ယင်းတို့ ကို ဥရောပတိုက်မြောက်ပိုင်း၊ အာရှတိုက်နှင့် အမေရိကတိုက် တို့၌ တွေ့ရသည်။ ခွေးတူဝက်တူသည် တစ်ကြိမ်လျှင် သား ၁ ကောင်မှ ၅ ကောင်အထိ မွေးသည်။ အကောင်ကလေးများ သည် တစ်လခွဲခန့် မိခင်ရှာကျွေးသော အစာကို စားသောက်နေ ပြီးသော် ကိုယ်တိုင် အစာရှာဖွေစားသောက်နိုင်ကြသည်။ ခွေးတူဝက်တူတွင် ဆိုးရွားသော ကိုယ်နံ့ရှိသည်။ ယင်းတို့၏ အသားကိုလည်း စားလေ့မရှိချေ။ သို့သော် ထူထဲသောသားမွေး မှာ အဖိုးတန်၍ အမွေးအမျှင်များမှာမူ ပန်းချီရေး စုတ်တံနှင့် မုတ်ဆိတ်ဗရွတ်များ ပြုလုပ်ရာတွင် အသုံးဝင်သည်။ [၁]
ကိုးကား[ပြင်ဆင်ရန်]
- မြန်မာ့စွယ်စုံကျမ်း၊ အတွဲ(၂)",4.0,2.0,2.0,4.0,3.0,"The text is an informative, well-structured encyclopedic entry about badgers. It provides clear biological and behavioral descriptions suitable for educational purposes. It is written in natural, formal Burmese, reflecting the style of the Myanmar Encyclopedia. It is clean, though it contains minor wiki-style formatting artifacts like reference tags."
<urn:uuid:4d75711d-26ab-4e41-b130-2a7c51622903>,"မြန်မာနိုင်ငံကို ရောက်ရှိနေတဲ့ ကုလသမဂ္ဂ လူ့အခွင့်အရေး ကိုယ်စားလှယ် Ms. Yanghee Lee ဟာ မကြာသေးခင်က ဖြစ်ပွားခဲ့တဲ့ ပဋိပက္ခတွေကြောင့် ညမထွက်ရအမိန့် ထုတ်ပြန်ထားတဲ့ မန္တလေးမြို့ကို ဒီကနေ့ သွားရောက်ခဲ့ပါတယ်။ မန္တလေးတိုင်းဒေသကြီး အစိုးရအဖွဲ့နဲ့ တွေ့ဆုံခဲ့တဲ့အပြင် ငြိမ်းချမ်းရေး ဖော်ဆောင်ရေး အဖွဲ့နဲ့လည်း တွေ့ဆုံပြီး မကြာသေးခင်က ဖြစ်ပျက်ခဲ့တဲ့ ပဋိပက္ခတွေအကြောင်း မေးမြန်းသွားခဲ့ပါတယ်။ ဒါ့အပြင် ပဋိပက္ခဖြစ်ပွားခဲ့တဲ့ နေရာတွေကိုလည်း ကိုယ်တိုင်သွားရောက် ခဲ့ပါတယ်။ အပြည့်အစုံကို ဆက်သွယ်မေးမြန်းထားတဲ့ ကိုစည်သူက ပြောပြပေးမှာပါ။
ကုလသမဂ္ဂ လူ့အခွင့်အရေး အထူးကိုယ်စားလှယ် Ms. Yanghee Lee ဟာ ဒီိကနေ့မှာ မြစ်ကြီးနားမြို့ကနေ မန္တလေးမြို့ဆီ ခရီးဆက်ခဲ့ပါတယ်။ မြစ်ကြီးနားအကျဉ်းထောင်မှာ အကျဉ်းသားတဦးနဲ့ တွေ့ဆုံခဲ့ပြီးတဲ့နောက် မန္တလေးကို ခရီးဆက်ခဲ့တာလည်း ဖြစ်ပါတယ်။ Ms. Yanghee Lee ရဲ့ မန္တလေးမြို့ခရီးစဉ်အကြောင်း အတူလိုက်ပါသွားတဲ့ ရန်ကုန်မြို့ ကုလသမဂ္ဂရုံးရဲ့ ပြန်ကြားရေး အရာရှိ ဦးအေးဝင်းက အခုလို ပြောပါတယ်။
“အခုပဲ ၀န်ကြီးချုပ်နဲ့တွေ့တယ်။ ပြီးတော့ ဒီ ငြိမ်းချမ်းရေးဖော်ဆောင်ရေးအဖွဲ့ဝင်တွေပေါ့ ဘာသာပေါင်းစုံ ငြိမ်းချမ်းရေး ဖော်ဆောင်ရေး အဖွဲ့နဲ့လည်း တွေ့တယ်ခင်ဗျာ။ အဲ့ဒါပြီးတော့ အခု ကျနော်တို့ နေပြည်တော် သွားနေကြပြီ။”
မန္တလေးတိုင်းဒေသကြီး အစိုးရအဖွဲ့နဲ့ တွေ့ဆုံစဉ်မှာ မကြာသေးခင်က ဖြစ်ပွားခဲ့တဲ့ ပဋိပက္ခတွေအရေး မေးမြန်းဆွေးနွေးခဲ့တယ်လို့ သိရပါတယ်။ အခုလ အစောပိုင်းမှာ ဖြစ်ပွားခဲ့တဲ့ ပဋိပက္ခဖြစ်ပွားခဲ့ရာ နေရာတွေကိုလည်း ကိုယ်တိုင်သွားရောက် လေ့လာခဲ့တယ်လို့ ဦးအေးဝင်းက ပြောပါတယ်။
“ကျနော်တို့ ဒီအခင်းဖြစ်ပွားတဲ့နေရာတွေ၊ နောက်ပြီးတော့ သင်္ချိုင်းမှာ မီးရှို့ထားတဲ့နေရာတွေ အဲ့ဒါတွေ သူက လိုက်ပြတယ်။”
ညနေပိုင်းမှာ ဘာသာပေါင်းစုံက မန္တလေးမြို့ခံတွေနဲ့ ဖွဲ့စည်းထားတဲ့ မန္တလေးမြို့ ငြိမ်းချမ်းရေး ထိန်းသိမ်းရေး အဖွဲ့နဲ့လည်း တွေ့ဆုံခဲ့ပါတယ်။ ဗုဒ္ဓဘာသာ အပါအ၀င် အစ္စလာမ်ဘာသာဝင်တွေပါ ပါဝင်တဲ့ ငြိမ်းချမ်းရေးအဖွဲ့နဲ့ တွေ့ဆုံပြီး မကြာသေးခင်က ဖြစ်ပွားခဲ့တဲ့ ပဋိပက္ခနဲ့ ပတ်သတ်လို့ လူ့အခွင့်အရေး ကိုယ်စားလှယ်နဲ့ တွေ့ဆုံပြောကြားခဲ့ကြောင်း လူ့အခွင့်အရေး ကိုယ်စားလှယ်နဲ့ တွေ့ဆုံစဉ်မှာ ပါဝင်ခဲ့တဲ့ အစ္စလာမ်သာသနာ ပရမတ္ထ မိသားစုအဖွဲ့ ဂိုဏ်းချုပ်ဆရာတော် ဦးသိန်းဝင်းအောင်က ပြောပါတယ်။
“ဒီလိုမျိုး တွေ့ဆုံတဲ့ဟာကို ကျနော်တို့ သတင်းထုတ်ပြန်ခြင်း မလုပ်ပါနဲ့ဆိုပြီး သဘောတူညီမှုယူပါတယ်။ ကျနော်တို့လည်း မထုတ်ပြန်ပါဘူးလို့ ပြောပါတယ်။ အဲ့ဒါ ကျနော်တို့အဖွဲ့က ဒီမှာပြီးတဲ့အချိန်မှာ မီဒီယာတွေက အပြင်ကနေ စောင့်နေတာ ဘယ်လိုပြောမလဲဆိုတာ ကျနော်တို့ ဒီအဖွဲ့ရဲ့ အားလုံး သတင်းထုတ်ပြန်ရေးအဖွဲ့ကနေ ဒီလူ့အခွင့်အရေးအဖွဲ့နဲ့ တွေ့တယ်။ မန္တလေးမြို့ဖြစ်စဉ်တွေအားလုံးကို ကျနော်တို့ အသေးစိတ် အားလုံး ပြောလိုက်တယ်။ ဘာသာပေါင်းစုံ ရှုထောင့်ကနေ ပြောလိုက်တယ်။ အဲ့လိုပြောလိုက်တဲ့အချိန်မှာ သူတို့က ဒါတွေအားလုံးကို မှတ်သွားပြီးတော့မှ သူတို့အနေနဲ့ အစိုးရကိုလည်း တင်ပြပါမယ်။ နိုင်ငံတကာ သူတို့အဖွဲ့အစည်းကိုလည်း တင်ပြပါမယ်။ ကျနော်တို့အဖွဲ့နဲ့လည်း ပူးပေါင်းပြီး ဆောင်ရွက်ပါမယ်လို့ အဲ့လို ပြောသွားပါတယ်ခင်ဗျ။”
မန္တလေးမြို့မှာ ပဋိပက္ခတွေ ထပ်မံမဖြစ်ပွားဖို့အတွက် အဓိကထား ဆွေးနွေးပြောဆိုခဲ့ကြကြောင်း မန္တလေးမြို့ ငြိမ်းချမ်းရေး ထိန်းသိမ်းရေး ကော်မတီဝင် ကိုဇာနည်က ပြောပါတယ်။
“အဓိကကတော့ ကျနော်တို့ မန္တလေးမှာ ဇူလိုင် ၁ ရက်၊ ၂ ရက် ဖြစ်စဉ်ကို ကျနော်တို့ သိတာမြင်တာတွေကို ကျနော်တို့ ပြောပါတယ်။ ပြီးလို့ရှိရင် ကျနော်တို့ မန္တလေးမှာ အမြဲတမ်း ငြိမ်းချမ်းရေးရဖို့အတွက် ဆိုလို့ရှိရင် ကျနော်တို့ရဲ့ လူမှုကူညီရေးအသင်းတွေကို ညီညီညွတ်ညွတ်နဲ့ လူထုကလည်း ညီညီညွတ်ညွတ်နဲ့ ကာကွယ်သွားမယ်ဆိုတာကို ကျနော်တို့ ပြောလိုက်ပါတယ်ခင်ဗျာ”
အင်တာနက်မှာ ပျံ့နှံ့ခဲ့တဲ့ သတင်းကြောင့် မန္တလေးမြို့မှာ ဇူလိုင်လ ၁ ရက်နေ့ကစလို့ ဖြစ်ပွားခဲ့တဲ့ ဘာသာရေးအသွင်ဆောင် အကြမ်းဖက် ပဋိပက္ခတွေမှာ လူ ၂ ဦးသေဆုံးခဲ့ပြီး၊ လူပေါင်းများစွာ ထိခိုက်ဒဏ်ရာ ရခဲ့ပါတယ်။ အုပ်စုဖွဲ့ ဆူပူအကြမ်းဖက်မှုတွေ ဆက်တိုက် ဖြစ်ပွားခဲ့တဲ့အတွက် မန္တလေးတိုင်းတွင်းက မြို့နယ်တချို့မှာ ပုဒ်မ ၁၄၄ ညမထွက်ရအမိန့် ထုတ်ပြန်ထားပါတယ်။
Ms. Yanghee Lee ရဲ့ မြန်မာပြည်ခရီးစဉ်အတွင်း အင်းစိန်ထောင် အပါအ၀င် ရခိုင်ပြည်နယ်၊ ကချင်ပြည်နယ်တွေကိုလည်း သွားရောက်ခဲ့ပြီး သက်ဆိုင်ရာ အစိုးရအဖွဲ့တွေအပြင် လူမှု အဖွဲ့အစည်းတွေနဲ့ တွေ့ဆုံခဲ့ပါသေးတယ်။
ကုလသမဂ္ဂ လူ့အခွင့်အရေး ကိုယ်စားလှယ် Ms. Yanghee Lee ဟာ မန္တလေးမြို့ကနေ နေပြည်တော်ကို ခရီးဆက်သွားပြီဖြစ်ပါတယ်။ နေပြည်တော်မှာတော့ အစိုးရတာဝန်ရှိသူတွေနဲ့ တွေ့ဆုံတာအပြင် အမျိုးသားဒီမိုကရေစီအဖွဲ့ချုပ် ဥက္ကဌ ဒေါ်အောင်ဆန်းစုကြည် အပါအ၀င် လွှတ်တော်ကိုယ်စားလှယ်တချို့နဲ့လည်း တွေ့ဆုံသွားဖွယ် ရှိတယ်လို့လည်း သိရပါတယ်။",2.0,2.0,2.0,5.0,5.0,"The text is a journalistic report on a UN representative's visit to Myanmar. It provides factual information about current events and social issues, making it useful for social studies. It is written in natural, professional Burmese, reflecting local political and social contexts accurately. It lacks complex analytical reasoning or deep academic content."
<urn:uuid:60c2f72a-60dc-4883-8f80-59d855d120dd>,"ဂေးလစ်လူမျိုးနှင့် ဂေးလစ်စာပေ
ဂေးလစ်လူမျိုးနှင့် ဂေးလစ်စာပေ[ပြင်ဆင်ရန်]
စကော့တလန်ပြည်၏ ပထဝီဝင်ကို လေ့လာသည့်အခါ၌၎င်း၊ ထိုတိုင်းပြည်သို့ အလည်အပတ် ရောက်ရှိသည့်အခါ၌၎င်း တောင်၊ မြစ်၊ မြို့ စသည်တို့၏ ထူးဆန်းသော အမည်နာမ များကို ကြားရ တွေ့ရကြပေလိမ့်မည်။ ထိုအမည်များမှာ သမိုင်းတင်စအခါက ဗြိတိသျှကျွန်းစုတွင် နေထိုင်ခဲ့သော ဂေးလစ်လူမျိုးတို့၏ ဘာသာစကားဖြင့် မှည့်ခေါ်သော အမည် များ ဖြစ်သည်။ဂေးလစ်လူမျိုးတို့သည် ကဲ့အမျိုးအနွယ်မှ ဆင်းသက်သူများဖြစ်၍ ဗြိတိသျှကျွန်းကို ရောမလူမျိုးများ လွှမ်းမိုးရန် ရောက်လာခဲ့ကြသည့်အခါတွင် ခုခံတိုက်ခိုက်ခဲ့ကြ ၏။ တောင်ပေါ်သား စကော့များမှာ ဂေးလစ်လူမျိုးများ၏ အဆက်အနွယ်များဖြစ်၍ ယခုအခါတွင် ဂေးလစ်ဟူသော ဝေါဟာရမှာလည်း ရံဖန်ရံခါ တောင်ပေါ်သား စကော့တို့ကိုပင် ဆိုလိုပေသည်။ သို့သော် တောင်ပေါ်သားစကော့တို့ကို သူတို့ ပြောဆိုနေကြသော ဂေးလစ်ဘာသာ စကားကြောင့် ဂေးလစ် လူမျိုးဟု ခေါ်မည် ဆိုလျှင် အိုင်းရစ်လူမျိုးကိုလည်း ဂေးလစ် လူမျိုးဟု ခေါ်ဆိုထိုက်သည်။ ဂေးလစ်ဘာသာစကားကို အိုင်ယာလန်သမိုင်းအစ လောက်မှစ၍ အိုင်ယာလန်တွင် ပြောဆိုသုံးစွဲခဲ့ကြ၏။ သို့သော် ခရစ် ၁၈ဝဝ ပြည့်နှစ်နောက် ပိုင်းတွင် အိုင်ရစ်လူမျိုး အနည်းငယ်ခန့်သာ ပြောဆိုသုံးစွဲကြ တော့သည်။
ယခုအခါတွင်ကား အိုင်ယာလန်ကျွန်း တောင်ပိုင်းတွင် တည်ထောင်ဖွဲ့စည်းထားသော အယ်ရာနိုင်ငံတွင် ဂေးလစ် ဘာသာ စကားမှာ ရုံးသုံးဘာသာစကားဖြစ်၍ ကျောင်းများ တွင်လည်း သင်ကြားပေးလေသည်။ ထိုပြင် အချို့သော အလုပ်အကိုင်များအတွက် ဂေးလစ်ဘာသာစကား တတ်ရမည် ဖြစ်၍ ဂေးလစ်ဘာသာစကားကို အသုံးပြုသူများသည် ယခု အခါ ပိုမိုများပြားလာ၏။
ဂေးလစ်ဘာသာစကားမှာ တောင်ပေါ်သား စကော့တို့၏ ပင်ရင်းဘာသာစကားပင် ဖြစ်သော်လည်း ယခုအခါ တောင်ပေါ် သား စကော့အများပင် အင်္ဂလိပ်ဘာသာစကားကို ပြောဆိုနေကြ သည်။
ထိုပြင် ဂေးလစ်ဘာသာစကားမှာ မန်းကျွန်းတွင် နေထိုင် သော မန်းလူမျိုးတို့၏ တိုင်းရင်းဘာသာစကားပင်ဖြစ်သော် လည်း ယခုအခါ များစွာပြောဆိုသုံးစွဲဲသည့် အလေ့အထမရှိ တော့သဖြင့် ထိုကျွန်းတွင် တိမ်ကောလုမတတ်ရှိနေလေပြီ။ ဂေးလစ်ဘာသာစကားသည် သင်ကြားနားလည်ရန် မဆို ထားဘိ၊ အသံထွက်အမှန်ကို ပီအောင်ရွတ်ဆိုရန်ပင် ခဲယဉ်းလှ လေသည်။ ထိုကြောင့်ပင် ဂေးလစ်စာပေတွင် ကဗျာ၊ လင်္ကာ အဖွဲ့အနွဲ့များနှင့် ရှေးဟောင်းပုံပြင်ကလေးများ ရှိခဲ့စေကာမူ ဘာသာစကား ခက်ခဲမှုကြောင့် ပညာရှင်များ လိုက်စားခြင်း မပြုလိုကြချေ။
ကိုးကား[ပြင်ဆင်ရန်]
- မြန်မာ့စွယ်စုံကျမ်း၊ အတွဲ(၃)",4.0,2.0,3.0,3.0,2.0,"The text provides a clear, educational overview of Gaelic history and language, suitable for middle-school level. It is well-structured and informative, though it contains minor boilerplate (e.g., [ပြင်ဆင်ရန်] tags). The language is natural Burmese, though the subject matter is foreign, reflecting a standard encyclopedic style."
<urn:uuid:f4cc1ab4-b152-4358-97d0-df3496d91531>,"ရခိုင်ပြည်နယ် ကျောက်ဖြူမြို့နယ် မလကျွန်းကျေးရွာအုပ်စုမှာ ဒေသခံလယ်သမား ၂၀၀ ကျော်က ကိုရီးယားဒေဝူး ကုမ္ပဏီရုံးရှေ့မှာ ဒီကနေ့ ကန့်ကွက်ဆန္ဒပြကြပါတယ်။
စက်ရုံဆောက်လုပ်စဉ်က အသုံးပြုထားတဲ့ ရွှံ့တွေဟာ အနီးအနားက လယ်ယာမြေ တွေထဲ ရောက်ရှိလာ တာကြောင့် လယ်ယာမြေ ဧက ၆၀ လောက် ပျက်စီးသွားလို့ ဆန္ဒပြကြတာဖြစ်ကြောင်း ဆန္ဒပြရာမှာပါဝင်တဲ့ လယ်သမားတစ်ဦးက ပြောပါတယ်။
""ဓာတ်ငွေ့စက်ရုံတစ်ခုရှိပါတယ်၊ ဒေဝူးဆိုတဲ့ကုမ္ပဏီက အကောင်အထည်ဖော်တဲ့ အခါကျရင် ယန္တရားအမျိုးမျိုး နဲ့ မြေတွေကိုအသုံးချတယ်၊ အဲ့လိုအသုံးချပြီးရင် မိုးတွင်း ဆို အဲ့မြေတွေကအရည်တွေပျော်ပြီး ကျနော် တို့အောက်ဘက်က လယ်ကွင်း တစ်လျှောက်လုံးကို ဖုံးလွှမ်းသွားပါတယ်၊ ကျနော်တို့လယ်သမားတွေက စပါးစိုက်ပျိုး လို့မရတော့ဘူး၊ ကျနော်တို့စိုက်ပျိုးမြေဖုံးလွှမ်းသွားတာကို ဖြေရှင်းပေးပေါ့နော်၊ နောက်တစ်ချက် က လယ်သမားဆန္ဒလိုက်လျောပေးဆိုတဲ့ တစ်ချက်ပါ၊ နောက်တစ်ခုက ဒေဝူးကုမ္ပဏီ အလိုမရှိ ဆိုတဲ့ ၃ ချက်နဲ့ ဆိုင်းဘုတ်တင်တယ်ခင်ဗျ""
အရင်နှစ်တွေကလည်း အလားတူ ပျက်စီးရာမှာ ဒေ၀ူးကုမ္ပဏီက သီးနှံလျော်ကြေး ပုံမှန်ထုတ်ပေးခဲ့ပေမယ့် ဒီနှစ်မှာ လယ်ယာမြေတွေကို ပြန်လည်ပြုပြင်ပေးဖို့ ပါရမီ ကုမ္ပဏီကို တာဝန်ပေးလိုက်တာဖြစ်တယ်လို့ သိရပါတယ်။ ပါရမီကုမ္ပဏီက လယ်ယာ မြေတွေကို မပြုပြင်ပေးဘဲ တစ်ဧကကို ငွေကျပ် ၁၀ သိန်းနှုန်း နဲ့ တောင်သူတွေထံပေးဖို့ စီစဉ်တာကို လက်မခံတာဖြစ်ပါတယ်။
ဆန္ဒပြပွဲမှာ လိပ်ခမော်၊ မလကျွန်း၊ ဂုံးချွိန်၊ ရွာသစ်၊ ကြတ်တိန်၊ အုန်းတော စတဲ့ ကျေးရွာတွေက တောင်သူတွေ ပါဝင်ခဲ့ပါတယ်။ ဒေဝူးကုမ္ပဏီဟာ သဘာဝဓာတ်ငွေ့ သန့်စင်စက်ရုံကို ဂုံးချွိန်နဲ့ မလကျွန်းကျေးရွာအနီးမှာ လွန်ခဲ့တဲ့ ၂၀၀၉ ခုနှစ်လောက် ကစပြီး ဆောက်လုပ်ခဲ့တာဖြစ်ပါတယ်။",2.0,2.0,2.0,5.0,5.0,"The text is a well-written, authentic news report about a local land dispute in Rakhine State. It provides clear factual reporting on the conflict between farmers and a company. It is culturally authentic, uses natural Burmese phrasing, and is free of noise, though it lacks deep academic or complex analytical reasoning."
<urn:uuid:eeb5b23c-f826-4b33-bc94-28bc3e1a674c>,"ဂိုင်ဇာမဟာပိရမစ်ကြီး
ဂိုင်ဇာမဟာပိရမစ်ကြီး (Great Pyramid of Giza) ကို ကူဖူးပိရမစ် (Khufu's Pyramid or the Pyramid of Khufu) သို့ ချီရော့ပ်ပိရမစ် (Pyramid of Cheops) ဟုလည်းခေါ်ဆိုကြပြီး ဂိုင်ဇာဂူသင်္ချိုင်း (Giza Necropolis) ပိရမစ်များထဲမှ ရှေးအကျဆုံးနှင့် အကြီးဆုံး ပိရမစ် ဖြစ်သည်။ အီဂျစ်နိုင်ငံ ကိုင်ရိုမြို့အစပ်တွင်တည်ရှိပြီး ရှေးခေတ်ကမ္ဘာ့အံဖွယ်ခုနစ်ပါးထဲမှ တစ်ခုတည်း ကြွင်းကျန်ရစ်သော အဆောက်အဦးဖြစ်သည်။ စတုတ္ထမြောက် အီဂျစ်မင်းဆက် ၏ ဖာရိုဘုရင် ကူဖူး(ဂရိဘာသာဖြင့် ချီရော့ပ်) ၏ ဂူသင်္ချိုင်းအဖြစ်ဆောက်လုပ်ခဲ့သည် ဟု ယုံကြည်ယူဆပြီး အနှစ် ၂၀ ကျော်ကြာဆောက်လုပ်ခဲ့ကာ ဘီစီ ၂၅၆၀ ခန့်တွင် ပြီးစီးခဲ့သည်။ မဟာပိရမစ်ကြီးမှာ လူတို့တည်ဆောက်သော အဆောက်အဦးများထဲတွင် အမြင့်ဆုံးအဆောက်အဦးအဖြစ် နှစ်ပေါင်း ၃၈၀၀ ကျော်မျှရပ်တည်ခဲ့သည်။ ယခုထက်တိုင် မြင်နိုင်သော ကြွင်းကျန်ရစ်သော အရာမှာ အထပ်ဆင့်ပိရမစ် (step-pyramid) ၏ အောက်ခံ အတွင်းပိုင်း ပုံပန်းသဏ္ဌန်သာဖြစ်သည်။ အပေါ်မှကာရံထားသော အကာအရံကျောက်တုံးများကို မဟာပိရမစ်ကြီး ၏အောက်ခြေတွင် ယနေ့ထက်တိုင်မြင်နိုင်သေးသည်။ ပိရမစ် မည်သို့တည်ဆောက်ခဲ့သည်ဟူသော အချက်နှင့် ပတ်သက်၍ ကွဲပြားခြားနားသော သိပ္ပံနည်းကျ သီအိုရီနှင့် အခြားသီအိုရီမြောက်များစွာရှိသည်။ အများစုလက်ခံထားကြသော တည်ဆောက်မှုနှင့်ပတ်သက်သည့် သီအိုရီမှာ ကြီးမားသော ကျောက်တုံးများကို ကျောက်ထုတ်ရာဒေသမှ ဆွဲယူလာပြီး နေရာတကျမတင် တည်ဆောက်ခဲ့သည် ဟူ၍ ဖြစ်သည်။
မဟာပိရမစ်အတွင်း၌ ခန်းမဆောင် ၃ခုရှိသည်ဟု သိရသည်။ အနိမ့်ဆုံးတွင်တည်ရှိသော ခန်းမဆောင်မှာ အောက်ခံအဖြစ်တည်ဆောက်ထားပြီး အပေါ်မှပိရမစ်ကို ထပ်ဆင့်တည်ဆောက်ထားကာ ပြီးစီးအောင်တည်ဆောက်ခြင်းမရှိခဲ့ပေ။ ဘုရင်၏ ခန်းမဆောင်နှင့် မိဖုရား၏ခန်းမဆောင်မှာ ပိရမစ်တည်ဆောက်မှု၏ ပိုမိုမြင့်သောအပိုင်းတွင် တည်ရှိသည်။ ဂိုင်ဇာမဟာပိရိမစ်ကြီးသည် အဆောက်အဦးအစုအဝေး၏ အဓိကအဆောက်အဦးဖြစ်သည်။ အဆောက်အဦးအစုအဝေးတွင် ခူဖူးအား ဂုဏ်ပြုတည်ဆောက်ထားသော အသုဘရှုဘုရားကျောင်း ၂ ကျောင်း (တစ်ခုမှာ ပိရိမစ်နှင့်နီးပြီး အခြားတစ်ခုမှာ နိုင်းမြစ်နှင့်နီးသည်။)၊ ခူဖူး၏ဇနီးများအတွက် ပိရမစ်အငယ်စား ၃ခု အပြင် သစ္စာတော်ခံနောက်လိုက်အတွက် ပိရမစ်အသေးစား ၁ ခု၊ ဘုရားကျောင်းနှစ်ခု ကိုဆက်သွယ်ထားသော မိုးပျံတံတား နှင့် ပတ်ပတ်လည်ရှိ ဂုဏ်ထူးဆောင်ပုဂ္ဂိုလ် များအတွက် မက်စ်တာဘာ ဂူသင်္ချိုင်းများပါဝင်သည်။",4.0,2.0,2.0,5.0,3.0,"The text provides a clear, educational overview of the Great Pyramid of Giza suitable for middle-schoolers. It is well-structured, clean, and written in natural, fluent Burmese. While it lacks complex analytical reasoning, it effectively presents historical and architectural facts in an accessible manner."
<urn:uuid:ae99e1b5-7158-4597-be4b-dbd525471b80>,"ဘားအံမြို့ သရက်တော်ကျောင်းတိုက်က စာချသံဃာနှင့်ကိုရင် ၄၈ ပါး ကိုဗစ်-၁၉ ကူးစက်ခံရ
815
ကရင်ပြည်နယ်၊ ဘားအံမြို့၊ သရက်တောကျောင်းတိုက်က စာချသံဃာတွေအပါအဝင် စာသင်သား ကိုရင် ၄၈ ပါး ကိုဗစ်-၁၉ ရောဂါ ကူးစက်ခံထားရတယ်လို့ သိရပါတယ်။ အောက်တိုဘာ ၂၈ ရက် ည ၆ နာရီ ပြည်နယ်ကျန်းမာရေးဌာနက ထုတ်ပြန်ချက်အရ ကရင်ပြည်နယ်အတွင်း ဓာတ်ခွဲအတည်ပြုလူနာ ၄၅ ဦးမှာ သရက်တောကျောင်းတိုက်က စာချသံဃာတွေနဲ့ စာသင်သား ကိုရင် ၄၄ ပါးနဲ့ အခြားဒေသ (ရန်ကုန်တိုင်းဒေသကြီး) က လူနာ ၁ ဦးတို့ ပါဝင်ပါတယ်။ အောက်တိုဘာ ၂၆ ရက်ညက စာသင်သား ကိုရင် ၁ ပါး အနံ့ပျောက်တာကို ဓာတ်ခွဲစစ်ဆေးရာမှ ကိုဗစ်-၁၉ Positive ၄ ပါး စတင်တွေ့ရှိခဲ့ပြီးနောက် ၄၄ ပါး ကိုဗစ်-၁၉ ရောဂါ ထပ်မံကူးစက်ခံခဲ့ရတယ်လို့ သိရပါတယ်။ ကရင်ပြည်နယ် ကျန်းမာရေးဦးစီးဌာန၊ ပြည်နယ်ဦးစီးမှူး ဒေါက်တာ ကျော်စွာမြင့်က “ထိတွေ့မှုတော့ မရှိသလောက်လို့ သူတို့ပြောတယ်။ သေသေချာချာလေး Information က လိုက်နေတယ်။ ကျနော်တို့ ချထားတဲ့ စည်းကမ်းတွေနဲ့ညီအောင်နေ၊ မနေရင် ကူးဆက်မှုက ဘယ်သူမဆို ရှိလာနိုင်တယ်။” လို့ ပြောပါတယ်။ ပိုးတွေ့ရှိခဲ့တဲ့ ကျောင်းတိုက်အတွင်း စာချဆရာတော် ၁၀ ပါး၊ စာသင်သား ၁၃၀ ပါး ပရိယတ္တိစာပေတွေကို သင်ကြားနေတာဖြစ်ပြီး ကိုဗစ်ရောဂါကာလအတွင်း ကျောင်းဝန်းအတွင်း ဝင်ရောက် ဆွမ်းဆက်ကပ်တာတွေ ခွင့်မပြုပေမယ့် ကျောင်းဝန်းအနီးက အမှတ် ၂ ရပ်ကွက်အတွင်း ရောဂါပိုးတွေ့ရှိထားတဲ့အတွက် အသွားအလာကန့်သတ်မှုတွေ ပြုလုပ်ထားတဲ့ နေရာဖြစ်ပါတယ်။ လက်ရှိ ကျောင်းတိုက်အတွင်း စာသင်သားတချို့ကို ရောဂါစောင့်ကြည့်မှုတွေ ဆောင်ရွက်နေသလို ပြည်နယ်အစိုးရက ဆွမ်းကိစ္စအတွက် စီစဉ်ဆောင်ရွက်ပေးထားတယ်လို့ စာချ ဆရာတော်က မိန့်ပါတယ်။ ကရင်ပြည်နယ်မှာ ဆေးရုံတက်ရောက် ကုသဆဲလူနာ ၁၅၅ ဦး၊ မြဝတီနဲ့ လှိုင်းဘွဲမြို့က သေဆုံးလူနာ ၁ ဦးစီ ရှိပြီး ဒီကနေ့အထိ ဓာတ်ခွဲအတည်ပြုလူနာပေါင်း ၃၃၅ ဦးထိရှိတယ်လို့ ပြည်နယ်ကျန်းမာရေးဦးစီးဌာနက ထုတ်ပြန်ထားပါတယ်။ ဘားအံမြို့နယ်အတွင်း စောင့်ကြည့်လူနာတွေကို မူးယစ်ဆေးဖြတ်စခန်း၊ ဘားအံတက္ကသိုလ်၊ စံဖရီးတန်ဖိုးနည်းအိမ်ရာ၊ ကွန်ပျူတာတက္ကသိုလ်၊ စိုက်ပျိုးရေးသိပ္ပံနဲ့ နည်းပညာတက္ကသိုလ်တွေမှာ Facility Quarantine စင်တာဖွင့်လှစ်ထားရှိပြီး စောင့်ကြည့်မှုတွေဆောင်ရွက်နေပါတယ်။ ရောဂါပိုးတွေရှိသူ များပြားလာတဲ့အတွက် ပြည်သူတွေအနေနဲ့ စည်းကမ်းလိုက်နာပြီး ကျန်းမာရေးဝန်ကြီးဌာနက ထုတ်ပြန်ချက်တွေကို တိတိကျကျ လိုက်နာနေထိုင်ဖို့နဲ့ အပြင်ထွက်တဲ့အခါတိုင်း mask တပ်ဆင်သွားလာဖို့နဲ့ လူထူထပ်ရာတွေကို ရှောင်ရှားသွားလာဖို့ ပြည်နယ်ဦးစီးမှူးက တိုက်တွန်းထားပါတယ်။ ရဲမင်းခေါင်",2.0,2.0,2.0,5.0,5.0,"The text is a well-structured news report about a COVID-19 outbreak in a monastery. It provides factual information and public health advice. It is written in natural, professional Burmese, using appropriate local terminology and context regarding monastic life and regional health administration, making it highly authentic and culturally relevant."
<urn:uuid:ddc27293-3038-4939-be1b-9265d37b5d39>,"Email This Story :
ရခိုင်ပြည်နယ်၊ သံတွဲမြို့နယ်မှာ တည်ဆောက်နေတဲ့ သူဌေးချောင်း ရေအားလျှပ်စစ် စီမံကိန်းကြောင့် ပျက်စီးဆုံးရှုံးသွားတဲ့ မြေယာတွေအတွက် အခုထိ လျော်ကြေးမရသူတွေ ရှိနေတယ်လို့ ဒေသခံတွေက ပြောပါတယ်။
သူဌေးချောင်း ရေအားလျှပ်စစ်စီမံကိန်း ဆောက်လုပ်ရေးလုပ်ငန်းတွေအတွက် ကုမ္ပဏီတွေက သဲကျောက်တွေ တူးယူတာကြောင့် ယာမြေတွေ ပျက်သလို၊ အဲဒီကို သွယ်တန်းတဲ့ မဟာဓာတ်အားလိုင်းကြောင့်လည်း ဥယျာဉ်ခြံမြေတွေ သုံးမရ ဖြစ်နေတာပါ။
မန်ကျည်းချောင်ကျေးရွာ ဒေသခံတယောက်ဖြစ်တဲ့ ကိုညိုထွန်းက “စီမံကိန်းစခါစကတည်းကပဲ ကျနော့်ကိုင်းမြေကနေ ကျောက်တွေ လာကျုံးသွားတာ။ အရှည်ပေ တထောင်ကျော်၊ အနံက ပေ ၂၀၀ ကျော်ရှိတယ်။ ချောင်းလိုမျိုး ဖြစ်ကျန်ခဲ့တာပေါ့။ ချောင်းနားက ကိုင်းမြေ ဆိုတော့ အောက်မှာ ကျောက်ရှိတယ်လေ။ ဒီအတွက် ဘာလျော်ကြေးမှ မရဘူး” လို့ ပြောပါတယ်။
ဒါ့အပြင် ရေအားလျှပ်စစ်စီမံကိန်းကို သွယ်တန်းယူတဲ့ မဟာဓာတ်အားလိုင်းကြောင့်လည်း လယ်မြေနဲ့ ဥယျာဉ်ခြံတွေ သုံးလို့မရ ဖြစ်နေတယ်လို့ ဒေသခံတွေက ပြောပါတယ်။
နတ်တောင်မော်ကျေးရွာသား ဦးတင်နွဲ့က “ကျနော့်သီဟိုဠ်ခြံကို ဖြတ်သွယ်တာ။ အပင် ၇၀ လောက် ခုတ်ခံရတယ်။ တခြားဝါးရုံတွေ၊ ငှက်ပျောပင်တွေလည်း ပါတယ်။ တိုင်နဲ့ ကြိုးရဲ့ ဘေးပတ်ဝန်းကျင် ပေ ၃၀ လောက်မှာလည်း ဘာမှလုပ်လို့ မရဘူးလေ” လို့ ပြောပါတယ်။
ဆုံးရှုံးတဲ့ စာရင်းတွေကို တည်ဆောက်တဲ့ ကုမ္ပဏီက လာကောက်တုန်းက စာရင်းပေးခဲ့ပြီး နောက် ၆ လလောက်အကြာမှာ ကျေးရွာအုပ်ချုပ်ရေးမှူးဆီကို အတည်ပြုပေးဖို့ ပြန်ပို့တဲ့ အချိန်မှာတော့ နာမည် ပါမလာဘူးဆိုပြီး သူက ပြောပါတယ်။
“ကုမ္ပဏီကို သွားပြောတော့ စာရင်းကောက်တဲ့သူ အလုပ်ထွက်သွားပြီတဲ့။ စာရင်းတွေကို ပြန်ရှာတော့လည်း မတွေ့ဘူး။ နောက်တော့ ဘယ်လိုမှ ဆက်လုပ်လို့ မရတော့ဘူး” လို့ ပြောပါတယ်။
အခုဆုံးရှုံးခဲ့တဲ့ လယ်မြေ၊ ဥယျာဉ်တွေဟာ ပုံစံ ၇ ထွက်ပြီးသားတွေ ဖြစ်တယ်လို့လည်း ဒေသခံတွေက ပြောပါတယ်။ ဒါတွေနဲ့ ပတ်သက်ပြီး မြို့နယ်ထွေအုပ်၊ နှစ်ရှည်ပင်လုပ်ငန်း စတဲ့ ဌာနတွေကို သွားရောက်တင်ပြခဲ့ပေမယ့် အဆင်မပြေဘူးလို့လည်း သူတို့က ဆိုပါတယ်။
စီမံကိန်းဝန်းကျင်မှာ ရှိနေတဲ့ နတ်တောင်မော်၊ မန်ကျည်းချောင်၊ ဘုရားမော်၊ ခရမ်းမော် စတဲ့ရွာတွေက မြေယာတွေ ပျက်စီးသွားတာ ဖြစ်ပြီး တချို့ကတော့ လျော်ကြေးရထားပြီလို့လည်း သိရပါတယ်။
စုံစမ်းသိရသလောက်ကတော့ ဒီရွာတွေမှာ လျော်ကြေးမရသေးသူပေါင်း ၃၀ လောက် ရှိနေပါတယ်။
သူဌေးချောင်း ရေအားလျှပ်စစ်စီမံကိန်းကို ၂၀၀၈-၀၉ ခုနှစ်ကတည်းက စတင်ခဲ့တာ ဖြစ်ပြီး လျာထားဘတ်ဂျက် ကျပ်ငွေ ၃၅၄ ဘီလီယံနဲ့ တည်ဆောက်နေခဲ့တာ ဖြစ်ပါတယ်။
နှစ်စဉ်အလိုက် ဘတ်ဂျက်ချပေးတာနည်းလို့ စီမံကိန်း ကြန့်ကြာနေတာဖြစ်ပြီး ဘတ်ဂျက်ကို ပုံမှန်ချပေးတယ် ဆိုရင်တောင် နောက်ထပ် ၇ နှစ်လောက်ကြာမှ ပြီးစီးနိုင်မယ်လို့ တာဝန်ရှိသူတွေက ပြောတဲ့အကြောင်း ရခိုင်ပြည်နယ်ဝန်ကြီးချုပ် ဦးညီပုက ဆိုပါတယ်။",2.0,2.0,2.0,4.0,5.0,"The text is a journalistic report on local land disputes in Rakhine State. It provides factual information about infrastructure projects and social issues, which is educational. It uses natural, authentic Burmese language and local context, though it lacks complex analytical reasoning or high-level technical expertise. It is clean, though it contains some minor web-boilerplate like 'Email This Story'."
<urn:uuid:51154beb-b153-4488-aeb7-ce5cde240b5a>,"ဆရာတော်ဘုရားကြီး ပြောပြတဲ့ အိမ်မြှောင် စုတ်ထိုးတာ ဘာ့ကြောင့်လဲ သိကောင်းစရာ
အိမ်ရှိလျှင် အိမ်မြှောင်ဆိုတာ ရှိတတ်စမြဲ။ သူ့ စုတ်ထိုးသံ ကြားရတတ်စမြဲ။ အိမ်မြှောင်စုတ်ထိုးသံကိုလည်း လူတွေ အတိတ်ကောက်ကြလေ့ ရှိတတ်ကြရဲ့။
ဘာကြောင့် အိမ်မြှောင်စုတ်ထိုးပါသလဲ။အိမ်မြှောင် စုတ်ထိုးခြင်းဟာ နတ်တွေနဲ့ ပတ်သက်နေတတ်ကြောင်းဆရာတော်ဘုရားကြီးက ဒီလိုရှင်းပြထားပါတယ်။
မိဘနဲ့သားသမီး ဆရာနဲ့ တပည့် လင်နဲ့မယား ဆက်ဆံရေးမှာ လိုက်လျောမှု မရှိခဲ့လျှင် တကျက်ကျက်ဖြစ်ပြီး ကျက်သရေမင်္ဂလာလည်း ပျက်တတ်တယ် ဆိုပါတယ်။ “ကိုယ်စောင့်နတ် အိမ်စောင့်နတ်တွေ နားမခံသာ။ ကံထိန်းနတ် ဥစ္စာစောင့်နတ်တွေလည်း နားမခံသာ။ နတ်တို့ နားမခံသာလို့ရှောင်သွားမည်။
သို့မဟုတ် လက်ပိုက်ကြည့်နေမည် ဆိုပါက အဲဒီအိမ် စီးပွားမတတ် နေသမျှ လူစိတ်မအေးရ
လာသမျှ ဧည့်မဆက်ဆံချင်ဖြစ်ပြီ သားတို့ သမီးတို့ လူတွေအပေါ် လူအုပ်ချုပ်ရေး ရှိသလို နတ်တွေအပေါ် နတ်အုပ်ချုပ်ရေးလည်း ရှိသေး။ လူလူချင်း အုပ်ချုပ်တဲ့ လူမင်းကိုတော့ လောကနတ် ခေါ်ရတယ်။ လူ အုပ်ချုပ်တဲ့ နတ်မင်းများကိုတော့ သမ္မုတိနတ် ခေါ်ရတယ်။
လောကသုံးပါး ရှေ့ဆောင် လမ်းပြတော်မူတဲ့ ဘုရားရှင်ကိုတော့ “ဝိသုဒ္ဓိနတ်” ခေါ်ရတယ်။ အဲဒီ သမ္မုတိနတ်မျိုးထဲမှာ “ကိုယ်စောင့်နတ်” က ရပ်ကွက်အုပ်ချုပ်ရေးမင်းနဲ့ တူတယ်။ “အိမ်စောင့်နတ်” က အိမ်ထောင်ဦးစီး မိဘများနဲ့ တူတယ်။
ကံထိန်း (မိမိ ဘဝရဲ့ ကောင်းကံ ဆိုးကံ မိမိစေတနာ ဖန်းတီးထားတိုင်းကို တွက်ချက်ကာ ဆုပေး ဒဏ်ပေးတဲ့) နတ်က အလုပ်ရှင်နဲ့ တူတယ်။ ဥစ္စာစောင့် (မိမိရဲ့ လက်ရှိပစ္စည်း အတိတ်က မြှုပ်နှံပစ္စည်းများကို စောင့်ရှောက်ပြီး ပေးသင့်ချိန် သိမ်းသင့်ချိန် တွက်ချက်ကာ ဆုပေး ဒဏ်ပေးတဲ့) နတ်က ထိုအလုပ်ရှင်ရဲ့ ဇနီးနဲ့ တူတယ်။
သားတို့ သမီးတို့က လုပ်သားတွေနဲ့ တူတယ်။ သူတို့ကူမှ စီးပွားတက်တာ သူတို့ကူလျှင် စီးပွားကျစေဦးတော့ ခွေးကျ မကျတတ်။ သူတို့ကို ယုံလည်း ယုံမယ် ရိုသေလည်း ရိုသေမယ် ဆိုလျှင် သူတို့ပျော်လေရဲ့။ သူတို့ ပျော်လို့ သားတို့အပေါ်စေတနာ သက်ရောက်လာလျှင် စီးပွားရေး အဆင်ပြေ အိမ်ထောင်ရေးအခြေလှ လူမှုရေးတွေမှာ မျက်နှာပန်းလှရော။
အဲ့ သူတို့နှောက်ယှက်လျှင်တော့ အရှက်တကွဲ အကျိုးနည်းပဲ။ သားတို့ သမီးတို့ အိမ်တစ်အိမ်မှာ ညနေ နေဝင်ခါနီးကွဲ့။ မီးဖိုချောင် စီးပွားသိုလှောင်ရာ အရပ်တို့က အိမ်မြှောင်စုတ်ထိုးသံကြားလျှင် အဲ့ဒါ သူတို့က သားတို့အတွက် စားသုံးဖို့ ပစ္စည်းလာထားတာတဲ့။
အချို့အိမ် ဆန်အိုး ဆန်မလျှော့ ဆီအိုး ဆီမဘောလျှာ့ ဖြစ်တတ်တယ်။ နမော်နမဲ့မို့ မသိကြတာ။ တစ်ခါတစ်ရံသူ ထားသလို ကိုယ်ထားသလိုလိုနဲ့ ငွေများလည်း ရတတ်တယ်။ အမှတ်မထင် ရွှေစ ကျောက်မျက်စလေးများလည်း ကောက်ရစေတတ်တယ်။ နတ်မတယ် ဆိုတာ နားကင်းကြီးနဲ့ ရော့ အင့် မျိုး မဟုတ်ဘူး။
အိမ်ရှေ့ခန်းက စုတ်ထိုးလျှင် မင်းမှုစိုးမှုများနဲ့ စကားများတတ်သတဲ့။ အိမ်လယ်ခန်းက စုတ်ထိုးလျှင် သားကိစ္စ သမီးကိစ္စ စကားပြောရတတ်သတဲ့။ အိပ်ခန်းထဲက စုတ်ထိုးလျှင်တော့ လင်မယားချင်းရန်ဖြစ်ကြကရော။
အိမ်မြှောင်ဆိုတာ စျာန်ကွက် (ကသိုဏ်းကွက်) ဝင်နေတဲ့ မျက်လုံးရှင်ဆိုတော့ သူ့(နတ်)လာတာ မြင်ရ သိရသတဲ့။ ဒါကြောင့်အိမ်မြှောင်စုတ်ထိုးသံ ဆိုတာ လူနှင့် နတ်တို့ရဲ့ဆက်သွယ်ရေး အချက်ပြသင်္ကေတသဖွယ်လည်း ရှိပါတယ်။
လူချမ်းသာ နတ်ချမ်းသာ ဆိုတာလည်း အပြန်အလှန် ဆက်သွယ်နေတာမို့ လူတို့ဘက်ကကောင်းအောင်နေပြဖို့ အရေးကြီးတယ်လို့ ဆိုသင့်လှပါတယ်။
Credit : မဟာဗောဓိမြိုင်ဆရာတော်",2.0,2.0,2.0,4.0,5.0,"The text provides cultural insights into Burmese folk beliefs regarding house geckos and spirits. It is written in natural, idiomatic Burmese. While it lacks scientific reasoning, it presents a structured, coherent explanation of traditional superstitions. It is clean, well-formatted, and reflects authentic local perspectives on spiritual and social harmony."
<urn:uuid:ab32e8dd-ed2b-4832-a925-c1c8649e96da>,"ဆီးရီးယားနိုင်ငံမှာ ကြားဖြတ်အစိုးရတရပ် ဖွဲ့စည်းနိုင်ရေးကို အဓိကထားဆွေးနွေးကြဖို့အတွက် တနင်္လာနေ့မှာ အစိုးရနဲ့အတိုက်အခံတို့ စတင်ဆွေးနွေးကြပြီး မကြာခင်မှာပဲ ဆက်ပြီးညှိနှိုင်းမရတဲ့ အနေအထားကို ရောက်သွားတယ်လို့ ဆိုပါတယ်။
ဆီးရီးယားအစိုးရရဲ့ မူဝါဒကြေညာချက်ဟာ Geneva ဆွေးနွေးပွဲရဲ့ မူဘောင် ပြင်ပမှာ ရောက်နေပြီး အာဏာလွှဲပြောင်းဖို့ ကိစ္စကိုလည်း ပြောမထားဘူးဆိုပြီး ဆီးရီးယားအတိုက်အခံကိုယ်စားလှယ်တွေက ပယ်ချတာပါ။ ဆီးရီးယားအစိုးရ ညှိနှိုင်းရေး ကိုယ်စားလှယ်တွေကလည်း အကြမ်းဖက်ရေးကိစ္စနဲ့ ဆွေးနွေးဖို့ လာကြတာဖြစ်ပြီး အာဏာလွှဲပြောင်းရေးနဲ့မဆိုင်ဘူးလို့ ဆီးရီးယား ဒုနိုင်ငံခြားရေး ဝန်ကြီး Faisal Mekdad က ပြောပါတယ်။
အဲဒီမှာ စေ့စပ်ညှိနှိုင်းရေးမှူး မစ္စတာ Lakhdar Brahimi က ဒီစည်းဝေးပွဲကို ဖျက်သိမ်းလိုက်တာဖြစ်တယ်လို့ ဆိုပါတယ်။ ဆီးရီးယားသမ္မတ Bashar al-Assad အာဏာကို လက်လွှတ်ပေးပြီး ၂၀၁၂ က ပထမဆုံး Geneva ငြိမ်းချမ်းရေး ညီလာခံက ရရှိခဲ့တဲ့ သဘောတူညီချက်အရ ကြားဖြတ် အစိုးရ ဖွဲ့စည်းရမယ်လို့ အတိုက်အခံဘက်က တောင်းဆိုနေတာဖြစ်ပါတယ်။
တချိန်တည်းမှာပဲ အမေရိကန်အစိုးရကတော့ ကုလသမဂ္ဂထောက်ပံ့ရေး ယာဉ်တန်း Homs မြို့ထဲ ချက်ချင်းဝင်ခွင့်ပြုဖို့နဲ့ ပြီးတော့ မြို့ထဲမှာ ပိတ်မိနေတဲ့ ကလေးငယ်တွေနဲ့ အမျိုးသမီးတွေ ချက်ခြင်းထွက်ခွာခွင့်ပြုဖို့ တောင်းဆိုသွားပါတယ်။
ဆီးရီးယားအစိုးရရဲ့ မူဝါဒကြေညာချက်ဟာ Geneva ဆွေးနွေးပွဲရဲ့ မူဘောင် ပြင်ပမှာ ရောက်နေပြီး အာဏာလွှဲပြောင်းဖို့ ကိစ္စကိုလည်း ပြောမထားဘူးဆိုပြီး ဆီးရီးယားအတိုက်အခံကိုယ်စားလှယ်တွေက ပယ်ချတာပါ။ ဆီးရီးယားအစိုးရ ညှိနှိုင်းရေး ကိုယ်စားလှယ်တွေကလည်း အကြမ်းဖက်ရေးကိစ္စနဲ့ ဆွေးနွေးဖို့ လာကြတာဖြစ်ပြီး အာဏာလွှဲပြောင်းရေးနဲ့မဆိုင်ဘူးလို့ ဆီးရီးယား ဒုနိုင်ငံခြားရေး ဝန်ကြီး Faisal Mekdad က ပြောပါတယ်။
အဲဒီမှာ စေ့စပ်ညှိနှိုင်းရေးမှူး မစ္စတာ Lakhdar Brahimi က ဒီစည်းဝေးပွဲကို ဖျက်သိမ်းလိုက်တာဖြစ်တယ်လို့ ဆိုပါတယ်။ ဆီးရီးယားသမ္မတ Bashar al-Assad အာဏာကို လက်လွှတ်ပေးပြီး ၂၀၁၂ က ပထမဆုံး Geneva ငြိမ်းချမ်းရေး ညီလာခံက ရရှိခဲ့တဲ့ သဘောတူညီချက်အရ ကြားဖြတ် အစိုးရ ဖွဲ့စည်းရမယ်လို့ အတိုက်အခံဘက်က တောင်းဆိုနေတာဖြစ်ပါတယ်။
တချိန်တည်းမှာပဲ အမေရိကန်အစိုးရကတော့ ကုလသမဂ္ဂထောက်ပံ့ရေး ယာဉ်တန်း Homs မြို့ထဲ ချက်ချင်းဝင်ခွင့်ပြုဖို့နဲ့ ပြီးတော့ မြို့ထဲမှာ ပိတ်မိနေတဲ့ ကလေးငယ်တွေနဲ့ အမျိုးသမီးတွေ ချက်ခြင်းထွက်ခွာခွင့်ပြုဖို့ တောင်းဆိုသွားပါတယ်။",3.0,2.0,3.0,2.0,3.0,"The text provides a factual summary of international political events, suitable for educational purposes. It demonstrates basic reasoning regarding the conflict. It is written in natural Burmese, though it suffers from significant repetition of paragraphs, which lowers the cleanliness score."
<urn:uuid:da649a41-bed6-4599-9412-b0a2551c95c2>,"- ဆောင်းပါးများ
- ကျန်းမာရေးနှင့် ညီညွတ်သော အစားအစာ (၁၀)မျိုး
ကျန်းမာရေးနှင့် ညီညွတ်သော အစားအစာ (၁၀)မျိုး
ကျန်းမာရေးနှင့် ညီညွတ်သော အစာများကို စားခြင်းဖြင့် တက်ကြွဖျတ်လတ်ပြီး ပျော်ရွှင်သော နေ့စဉ်ဘဝကို အကျိုးရှိစွာဖြတ်သန်းနိုင်မှာပါ။
ကျန်းမာပျော်ရွှင်သောလူနေမှုဘဝအတွက် စိတ်ရောကိုယ်ပါ လန်းဆန်းစေဖို့ ကျန်းမာရေးနှင့် ညီညွတ်သော အစားအစာများကို စားသုံးဖို့လိုပါတယ်။ကျန်းမာရေးနှင့် ညီညွတ်သော အစာများကို စားခြင်းဖြင့် တက်ကြွဖျတ်လတ်ပြီး ပျော်ရွှင်သော နေ့စဉ်ဘဝကို အကျိုးရှိစွာဖြတ်သန်းနိုင်မှာပါ။ ကမ္ဘာအနှံ.အပြားမှာ စားသောက်ဆိုင်များ တစ်နေ့တခြား များပြားလာသည်နှင့်အမျှ ကျန်းမာရေးနှင့်ညီညွတ်သော အစားအသောက်များကိုဦးစားပေး ရောင်းချခြင်းသည်လဲ ခေတ်စားလာပြီဖြစ်ပါတယ်၊ ယခုဖော်ပြသော အစားအစ (၁၀)မျိုးသည် ဥပမာ ဂိုက်လိုင်းသာပေးခြင်းဖြစ်ပြီး မိမိခန္ဓာကိုယ်ရဲ့ လိုအပ်တဲ့ ဗီတာမင်နဲ့ သတ္တုဓာတ်များအလိုက်အခြားသော အရသာရှိသော အစားအစာများကို ရွေးချယ်စားသောက်ဖို့ရန်လိုအပ်ပါတယ်။
၁။ Spinach (ဟင်းနုနွယ်ရွက်)
ဟင်နုနွယ်ကို ကိုယ့်ပတ်ဝန်းကျင် ဈေးဆိုင်အတော်များများမှာ လွယ်ကူစွာရရှိနိုင်ပြီး ကယ်လိုရီနည်းသည့်အပြင် ဗီတာမင် A, ဗီတာမင် K နဲ့ ဗီတာမင် B ဓာတ်တို့ ပါဝင်တဲ့အတွက် နေ့စဉ် စားသုံးသင့်သော အရွက်တစ်မျိုးဖြစ်ပါတယ်။
၂။ Black Beans (အနက်ရောင်ပဲများ)
အနက်ရောင်ရှိသော ပဲများသည် အစာချေခြင်းနှေးကွေးစေပြီး အလွယ်တကူ ဆာလောင်ခြင်းမရှိသည့်အပြင် ကယ်လ်စီယမ်၊ ပရိုတင်းဓာတ် တို့ပါဝင်သည့်အတွက် အာဟာရပြည့်ဝစေသော ပဲနက်များကို စားသုံးသင့်ပါတယ်။
၃။ Walnuts (သစ်ကြားသီး)
အခြားသီးနှံများထက် ဗီတာမင်ကြွယ်ဝတဲ့ သစ်ကြားသီးမှာ အိုမီဂါ 3အဆီ နှင့် ဗီတာမင် E တို့ပါဝင်ပြီး အစာပြေအနေနဲ့လည်း အလွယ်တကူ စားသုံးလို့ရပါတယ်။
၄။ Beets (သကြားမုန်လာ)
လုံးဝန်းသောပင်စည် နှင့် ခရမ်းရောင် အသီးတစ်မျိုးဖြစ်ပြီး ၎င်းအပင်ကို သကြားပြုလုပ်ရာတွင်လည်းကောင်း၊ တိရိစ္ဆာန်အစာကျွေးရာတွင်လည်းကောင်း ထည့်သွင်းအသုံးပြုကြသည်။ လှပသောအရောင်ပိုင်ဆိုင်ထားသော Beets သည်မှတ်ညဏ်ကောင်းစေပြီး သွေးဖိအားနည်းစေသည်။ မဂ္ဂနီဆီယမ်၊ ဗီတာမင် C နှင့် ဗီတာမင် B အမျိုးအစားဖြစ်သော Folate တို့ ပါဝင်ပါသည်။
၅။ ထောပတ်သီး
နေ့စဉ်ကျန်းမာလှပစေဖို့ ထောပတ်သီးကို တစ်ပတ်လျှင် တစ်လုံး (သို့) နှစ်လုံး စားသုံးသင့်ပါသည်။ ဗီတာမင် B6 များစွာပါဝင်ပြီး ထောပတ်သီးစိတ်များကို ဆား၊ ငရုတ်ကောင်းသုတ်၍ ကင်စားလို့ရသလိုအတုံးသေးသေးများပြုလပ်၍ ဆလတ်သုပ်ထဲထည့်စား၍ရပါသည်။
၆။ Dark Chocolate (အမည်းရောင်ချောကလက်)
အမည်းရောင်ချောကလက်များကို စားပေးခြင်းသည် နှလုံးရောဂါနှင့် အခြားဖြစ်ပွားတတ်သောရောဂါများမှ ကာကွယ်ပေးသည်။ တစ်ရက်လျှင် လေးထောင့်ကွက်ဖော်ထားသောချောကလက်တစ်ပြားမှ ထောင့်ကွက် ၂ခုမျှစာ စားသုံးခြင်းဖြင့် လုံလောက်ပါသည်။
၇။ Raspberries (ဘယ်ရီသီးများ)
ဗီတာမင် C၊ ကယ်လ်စီယမ် နှင့် အိုင်းယွန်းဓာတ်တို့ပါဝင်ပြီး ကျန်းမာရေးအတွက် အထောက်အကူပြုစေပါသည်။ ဘယ်ရီသီးလေးများအား ဒိန်ချဉ်နှင့် ရော၍လည်း စားသုံးနိုင်ပါသည်။
၈။ Garlic (ကြက်သွန်ဖြူ)
ကြက်သွန်ဖြူကတော့ အားလုံးသိတဲ့အတိုင်း အိမ်ရှင်မများမီးဖိုချောင်မှာ မရှိမဖြစ်လိုအပ်သော အရာဖြစ်ပါတယ်။ ကြက်သွန်ဖြူသည် ဘတ်တီးရီးယားများ မပေါက်ပွားရန် တားမြစ်နိုင်စွမ်း၊ ကိုလက်စရောနှင့် သွေးဖိအာကျစေနိုင်စွမ်းစသည့် ကျန်းမာရေးကောင်းကျိုးများ ရရှိစေပါသည်။ဟင်းချက်ရာတွင် အသုံးပြု၍သော်လည်းကောင်း၊ ဆော့စ် နှင့် စွပ်ပြုတ်တွင် လည်ကောင်း နေရာအတော်များတွင် အသုံးပြုလေ့ရှိကြသည်။
၉။ Lemons (လီမွန်)
လီမွန်သည် ကင်ဆာဆဲလ်များ ပေါက်ဖွားခြင်း နှင့်ရောဂါမဖြစ်ပွားစေရန် ကာကွယ်နိုင်သော ဗီတာမင်C ပြည့်ဝသည့် အသီးတစ်မျိုးဖြစ်ပါသည်။ လီမွန်တစ်စိတ်လောက်အား ရေနွေး သို့ ရေထဲထည့်သောက်ခြင်းဖြင့်ကျန်းမာကျစ်လစ်စေပြီး ရေဓာတ်ဖြည့်ပေးရာရောက်ပါသည်။
၁၀။ Lentils (ပဲနီကလေး)
ပရိုတင်းနှင့် အမျှင်ဓာတ်ပေါကြွယ်ဝသော ပဲနီလေးသည် နေ့လည်စာ ညစာနှင့် တွဲဖက်စားသုံးရာတွင် အရသာရှိသောဟင်းတစ်ခွက်ဖြစ်ပါသည်။များသောအားဖြင့် သတ်သတ်လွတ်သမားများ အထူးနှစ်သက်ခြင်းခံရသော ဟင်းအမယ်တစ်မျိုးဖြစ်ပါသည်။ ဆလတ်၊ စွပ်ပြုတ်များတွင်လည်း ထည့်သွင်း အသုံးပြုနိုင်ပါသည်။
ဒီအစားအစာများထဲမှ သင် မည်သည့်နံပါတ်ကို နှစ်သက်ပြီး List ထဲမပါပေမယ့် ကိုယ်စားလေ့ရှိသော အသီးအနှံများရှိခဲ့ရင် Comment မှာမျှဝေနိုင်ပါတယ်။
(goodnet-com မှ Article အား Your Fitster Teamမှဆီလျော်အောင်ဘာသာပြန်သည်)",4.0,2.0,2.0,4.0,3.0,"The document provides clear, educational health advice suitable for a general audience. It uses natural Burmese, though it is a translation of a foreign article. It is well-structured and clean, though it lacks deep analytical reasoning, focusing instead on descriptive lists of nutritional benefits."
<urn:uuid:af8864a2-bf04-4bf3-ad50-07a144f47972>,"ကချင်ပြည်နယ်၊ မိုးကောင်းမြို့နယ် နမ္မတီးမြို့ ကဆုန့်ကျးရွာအနီးမှာ တပ်မတော်နဲ့ ကေအိုင်အေတပ်ရင်း ၁၁ တို့ မနေ့ကစတင်ပြီး တိုက်ပွဲဖြစ်ပွားတာကြောင့် ဒေသခံ ၆၀၀ ကျော်ဟာ ကျေးရွာနဲ့ ၁၁ မိုင်ခန့်ဝေးတဲ့ နမ္မတီးမြို့ပေါ်ကို ထွက်ပြေးတိမ်းရှောင်လာကြပါတယ်။
စစ်ဘေးဒုက္ခသည်တွေကို နမ္မတီးနဲ့ မိုးကောင်းမြို့ပေါ်က ကချင်နှစ်ခြင်းခရစ်ယာန်အသင်းတော်က တာဝန်ရှိသူတွေ က သွားရောက်ခေါ်ယူခဲ့တယ်လို့ ကချင်နှစ်ခြင်းခရစ်ယာန်အဖွဲ့ချုပ်က သိက္ခာတော်ရဆရာတော် ဒေါက်တာ ခလမ်ဆမ်ဆွန် ကပြောပါတယ်။
""သူတို့က ကိုယ်တစ်ခု အဝတ်တစ်ခုနဲ့ပဲ ပြေးလာရတာပေါ့။ တဝက်နီးပါးလောက်မှာ သွားကြိုကြတယ်။ အသင်းတော်က ကားတွေနဲ့ပေါ့။ အဲဒီ မိုးကောင်းတို့ နမ္မတီးတို့ အသင်းတော်က လေးငါးပါးက ကားတွေက သူတို့ကိုကြိုပြီးမှ နမ္မတီးကို ခေါ်ခဲ့တာပေါ့""
ကဆုတ်ကျေးရွာမှာ အရင်က ကေအိုင်အေ တပ်ရင်း ၁၁ သာရှိပြီး တပ်မတော်ဘက်က ထိုးစစ်ဆင် တိုက်ခိုက် တာဖြစ်ကြောင်းနဲ့ အရင်က အဲဒီနေရာမှာ တိုက်ပွဲဖြစ်ပွားလေ့မရှိဘူးလို့ ဒေါက်တာဆမ်ဆွန် က ပြောပါတယ်။
လက်ရှိမှာ နမ္မတီးမြို့ပေါ်က ကက်သလစ်ကျောင်းမှာ စစ်ရှောင် ၁၀၀ ခန့်နဲ့ နမ္မတီးလမ်းခွက ကချင်နှစ်ခြင်း ဘုရားရှိခိုးကျောင်းမှာ စစ်ရှောင် ၅၀၀ ခန့်ရောက်ရှိနေတယ်လို့သိရပါတယ်။
ကဆုတ်ကျေးရွာအနီးမှာ အစိုးရတပ်မတော်က တပ်စခန်းချမယ်ဆိုရင် ဒေသခံတွေက နေရပ်ကို ပြန်ကြမှာ မဟုတ်တဲ့အတွက် ရေရှည်နေထိုင်နိုင်ဖို့ စီစဉ်နေရတယ်လို့လည်း ဒေါက်တာဆမ်ဆွန် ကပြောပါတယ်။
လက်ရှိမှာ တိုက်ပွဲကြောင့် လူအသေအပျောက်နဲ့ အဖမ်းအဆီးရှိတယ်လို့ သတင်းတွေကြားနေရပေမယ့် အတည်မပြုနိုင်သေးဘူးလို့လည်း ဒေါက်တာဆမ်ဆွန်က ပြောပါတယ်။",2.0,2.0,2.0,5.0,5.0,"The text is a factual news report about internal displacement in Kachin State. It provides clear, coherent information about a specific event, demonstrating basic journalistic reasoning. It uses natural, authentic Burmese language and local context, including specific geographic locations and religious organizations, making it highly culturally relevant and linguistically accurate."
<urn:uuid:1a8b031d-8c70-4398-bc62-6eadbfd58d12>,"အာရှ-ပစိဖိတ် ဒေသ၌ တင်းမာမှုများ မြင့်တက်နေစဉ် ဂျပန်နှင့် အမေရိကန် ပြည်ထောင်စုတို့ က အာကာသ နယ်ပယ်တွင် ၎င်းတို့၏ စစ်ဘက်ဆိုင်ရာ ပူးပေါင်းမှုကို တိုးမြှင့်ရန် ဆွေးနွေး လျက်ရှိကြောင်း သိရသည်။
နှစ်နိုင်ငံအကြား အာကာသ စစ်ဘက်ဆိုင်ရာ ပူးပေါင်းမှု တိုးမြှင့်ရေးနှင့် စပ်လျဉ်း၍ အမေရိကန် လက်ထောက် နိုင်ငံခြားရေးဝန်ကြီး ပက်ရှာနာဟန်နှင့် ဂျပန်နိုင်ငံမှ အာကာသ ရေးရာ မူဝါဒဝန်ကြီး မာဆာဂျီမတ် ဆုယာမာတို့က ဇန်နဝါရီ ၁၂ ရက်တွင် တွေ့ဆုံ ဆွေးနွေး ကြသည်ဟု ပင်တဂွန်မှ ပြောရေးဆိုခွင့်ရှိသူ ဂျက်ဒေးဗစ်က ထုတ်ပြန် ထားသည်။
အဆိုပါ ဆွေးနွေးပွဲ၌ နှစ်နိုင်ငံစလုံးမှ တာဝန်ရှိ သူများက လက်ရှိ အာရှ-ပစိဖိတ် ဒေသ၌ ဖြစ်ပေါ် နေသည့် အခြေအနေ၊ မဟာမိတ်နိုင်ငံများ အနေဖြင့် ဂြိုဟ်တု ဆက်သွယ်ရေးမှ တစ်ဆင့် ပူးပေါင်း ဆောင်ရွက်မှုနှင့် အမေရိကန်က လုပ်ဆောင်နေသည့် အာကာသ စစ်ရေး လေ့ကျင့်မှု တို့၌ ဂျပန်က ပါဝင် လေ့ကျင့်ခြင်း စသည့် နယ်ပယ်များ၌ ပူးပေါင်း ဆောင်ရွက်မှုကို မည်သို့ တိုးမြှင့်နိုင်သည်နှင့် စပ်လျဉ်း၍ အဓိကထား ဆွေးနွေး ကြသည်။
ထို့ပြင် နှစ်နိုင်ငံ တာဝန်ရှိ သူများသည် အာကာသ နယ်ပယ်ကို နိုင်ငံရေးနှင့် စစ်ရေး ဆွေးနွေးမှု အတွင်း ထည့်သွင်း ဆွေးနွေးခြင်းဖြင့် အမေရိကန်-ဂျပန် မဟာမိတ် ပူးပေါင်းမှုကို တိုးမြှင့်ရန် အတွက်လည်း သဘောတူကြောင်း သိရသည်။
အလားတူ အမေရိကန် အစိုးရအနေဖြင့် အာရှ-ပစိဖိတ် ဒေသတွင်းရှိ မဟာမိတ်များ အပေါ် ထားရှိသည့် ကတိက ဝတ်ကို ဖြည့်ဆည်း ပေးသွားမည်ဟု ထပ်မံ အတည်ပြုကြောင်း သိရသည်။",3.0,2.0,3.0,5.0,3.0,"The text is a standard news report on international relations. It provides factual information about US-Japan space cooperation, which is educational for secondary students. The reasoning is straightforward reporting of diplomatic discussions. It is clean, well-structured, and uses natural, formal Burmese appropriate for news media, though it lacks deep cultural or idiomatic nuance."
<urn:uuid:a7688983-4363-4f69-844a-982804a7af46>,"Arduino ဆိုတာ
Arduino ဆိုတာကတော့ open-source platform ပေါ်အခြေခံထားတဲ့ micro-controller လေးပါ။ Micro-controller ဆိုတဲ့အတွက် သူ့မှာ Processor ပါမယ်၊ RAM ပါမယ်၊ ROM ပါမယ်၊ နောက် GPIO pins တွေပါမယ်ပေါ့။ Arduino ကို 2005 ခုနှစ်က Italy နိုင်ငံမှာ Massimo Banzi နဲ့ နောက် co-founder လေးယောက်ကစပြီး introduce လုပ်ခဲ
Arduino ကိုသုံးပြီး ဘာတွေလုပ်လို့ရလဲ ?
Arduino ကိုသုံးပြီး motor တွေ sensor တွေကနေတစ်ဆင့် ကိုယ့် ပတ်ဝန်းကျင်မှာရှိတဲ့ အရာတွေကို ချိတ်ဆက် ထိန်းချုပ်နိုင်ပါတယ်။ ဥပမာ – Home Automation လို project မျိုးတွေ၊ 3D printer လို project မျိုးတွေ၊ Robotic project မျိုးတွေ အစရှိသဖြင့် project ပေါင်းမြောက်များစွာကိုလဲ Ardui
Arduino board အမျိုးအစားများ
Arduino borad တွေမှာ Uno, Mega, Nano, lily pad အစရှိသဖြင့် board အမျိုးအစားတွေ အများကြီးရှိပါတယ်။ Board အမျိုးအစားတစ်ခုနဲ့ တစ်ခု ဘာကွာသလဲ ဆိုတော့ သူ့မှာပါတဲ့ processor တွေ GPIO pins အရေအတွက် တွေ storage ပမာဏတွေ စတဲ့ သူ့ရဲ့ specification တွေကွာခြားပါတယ်။
ARDUINO ကိုဘာလို့သုံးသင့်လဲ?
Low Cost : Arduino ရဲ့ အားသာချက်တွေကတော့ boards တွေဟာ ဈေးနှုန်း ချိုသာပါတယ်။
မြန်မာငွေ ၆၀၀၀ လောက်ရှိရင်စပြီး project တွေလုပ်လို့ ရပါပြီ။
Open Source: နောက် Arduino ဟာ open-source platform ဖြစ်တဲ့အတွက် သူ့ရဲ့ circuit design တွေကို free ချပေးထားပါတယ်။ အဲဒီအတွက် board design တွေကို ကိုယ့် version နဲ့ ကိုယ်ထပ်ပြီး improve လုပ်နိုင်ပါတယ်။ Program ရေးဖို့အတွက် IDE (Integrated Development Environment)ကိုလဲ သူ့ main site ဖြစ်တဲ့ www.arduino.cc မှာ free download ဆွဲနိုင်ပါတယ်။ Online ပေါ် မှာလဲ project examples တွေ tutorials တွေ အများအပြားရှိတဲ့အတွက် လေ့လာရလွယ်ကူပါတယ်။
Cross platform: Arduino software တွေဟာ cross-platform ဖြစ်ပါတယ်။ ဆိုလိုတာကတော့ OS မရွေးပါဘူး။ တစ်ချို့ micro-controller တွေဟာ window နဲ့ compatible မဖြစ်တာ အခြား OS တွေနဲ့ compatible မဖြစ်တာမျိုးတွေ ရှိတတ်ပါတယ်။ Arduino software တွေကတော့ Window ရော၊ Mac ရော၊ Linux OS တွေမှာပါအသုံးပြုနိုင်ပါတယ်။
Easy Programming Environment: Arduino အတွက် programming environment ကလည်း ရိုးရှင်းလွယ်ကူပါတယ်။ Prog
ARDUINO ကို ဘယ်လိုလူမျိုးတွေ သုံးသင့်သလဲ?
Arduino board တွေဟာ လေ့လာရလွယ်ကူခြင်း၊ အသုံးပြုရလွယ်ကူခြင်းတွေကြောင့် အခုမှ စလေ့လာမယ့်သူတွေ၊ စပြီ project တွေလုပ်မယ့် ကျောင်းသူကျောင်းသားတွေ၊ ဝါသနာရှင်တွေအတွက် သင့်တော်ပါတယ်။
Phone Wa Science ကူးယူဖော်ပြသည်။",4.0,2.0,2.0,3.0,3.0,"The text provides a clear, structured introduction to Arduino suitable for students. It explains concepts, benefits, and use cases logically. While it contains some truncated sentences and boilerplate attribution, the language is natural, accessible, and uses local context (e.g., currency references) effectively for a Burmese audience."
<urn:uuid:d2f5406f-9faf-4d75-90db-f40032c9331e>,"တရုတ်နိုင်ငံ ၏ ဒုတိယ အကြီးဆုံးရေနံနှင့် သဘာဝဓာတ်ငွေ့ ကုမ္ပဏီကြီး ဖြစ်သော Sinopec သည် ပါပူးဝါး နယူးဂီနီ နိုင်ငံမှ နှစ် ၂၀ ခန့် သဘာဝဓာတ်ငွေ့ ဝယ်ယူခွင့် ရရှိ တော့ မည် ဖြစ်ကြောင်း သိရသည်။
ယခုအခါ တရုတ်ပြည်၏ စီးပွားရေး မောင်းနှင်အားမှာ လွန်စွာ ပြင်းထန် လာသည်နှင့် အမျှ တရုတ်စွမ်းအင် ကုမ္ပဏီကြီးများသည် ရေနံနှင့် သဘာဝဓာတ်ငွေ့ ဝယ်ယူရန် လိုက်လံ ရှာဖွေလျက် ရှိကြသည်။ ယခု ပါပူးဝါး နယူးဂီနီ နိုင်ငံနှင့် သဘာဝဓာတ်ငွေ့ ဝယ်ယူရန် နှစ် ၂၀ စာချုပ် ချုပ်ဆိုလိုက်ခြင်းသည် တရုတ်စွမ်းအင် ရှာဖွေရေး အစီအစဉ်၏ တစ်စိတ်တစ်ပိုင်း ဖြစ်ကြောင်း၊ နှစ်နိုင်ငံ သဘောတူညီချက်အရ တစ်နှစ်လျှင် သဘာဝဓာတ်ငွေ့ တန် သန်း ၂၀၀ ခန့် ရရှိမည် ဖြစ်ကြောင်း ဘီဘီစီ သတင်းက ဆို၏။
အဆိုပါ သဘာဝဓတ်ငွေ့ကို ပါပူးဝါး နိုင်ငံတွင်း ရင်းနှီး မြှုပ်နှံထားသော Exxon Mobil အပါအဝင် အခြားသော ရေနံကုမ္ပဏီများ စမ်းသပ် တူးဖော်လျက်ရှိသော စီမံကိန်းများမှ ရရှိမည် ဖြစ်သည်။
တရုတ်နိုင်ငံတွင် ယခုနှစ် ဆောင်းရာသီသည် ယခင်နှစ်များထက် အချိန် ကာလစော၍ ဝင်ရောက်လာသည့် အတွက် နိုင်ငံနေရာ အတော်များများတွင် ဓာတ်ငွေ့ လိုအပ်ချက်များစွာ ထွက်ပေါ်နေသည်။
တရုတ်နိုင်ငံ၏ စီးပွားရေးသည် ယခု ၂၀၀၉ ခုနှစ်တွင် ၈ ရာခိုင်နှုန်းခန့် တိုးမြင့်လာမည် ဟု ခန့်မှန်းရသည်။
စီးပွားရေးတိုးတက်မှု ခြေလှမ်းများ စိတ်လာသောကြောင့် စွမ်းအင် လိုအပ်ချက်မှာလည်း တဖြည်းဖြည်းချင်း ကြီးမားလာသည်။
အဆိုပါ သဘာဝဓာတ်ငွေ့ကို အရည်ဖြစ်အောင် ဦးစွာ အေးခဲစေပြီးနောက် ပါပူးဝါး နယူးဂီနီနိုင်ငံမှ သင်္ဘောဖြင့် တစ်ဆင့် တရုတ်ပြည် ဆိပ်ကမ်းများသုိ့ တင်ပို့မည် ဖြစ်သည်။
ယခုနှစ် အစောပိုင်းကာလကလည်း တရုတ်စွမ်းအင် ကုမ္ပဏီကြီး ဖြစ်သော PetroChina Limited က သြစတြေးလျနိုင်ငံမှ အမေရိကန် ဒေါ်လာ ၄၁ သန်း တန်ဖိုးရှိသော သဘာဝဓာတ်ငွေ့ ဝယ်ယူရန် သဘောတူညီမှု ရရှိခဲ့သည်။
တရုတ် စွမ်းအင် ကုမ္ပဏီကြီးများသည် ပင်လယ်ကွေ့ဒေသ နိုင်ငံများ၊ အာဖရိကနိုင်ငံများ၊ အာရှအလယ်ပိုင်း နိုင်ငံများ အပါအဝင် ကမ္ဘာ့နိုင်ငံ အတော်များများမှ ရေနံနှင့် သဘာဝဓာတ်ငွေ့များ ဝယ်ယူရန် စာချုပ်ပေါင်းများစွာ ချုပ်ဆိုခဲ့ကြသည်။
BBC သတင်းဌာနမှ China secures gas supply from PNG ကို ဘာသာပြန်ဆိုပါသည်။--
Yangon Chronicle သည် မြန်မာနိုင်ငံ အတွင်းရှိ ဖတ်သူများ ဒေါင့်စုံ သတင်းရအောင် ဖော်ပြခြင်းသာ ဖြစ်ပြီး ဘာသာပြန် ဆိုဖော်ပြချက် အားလုံးသည် မူရင်းမီဒီယာ များ၏ အာဘော်သာ ဖြစ်၍ Yangon Chronicle ၏ သဘောထား မဟုတ်ပါကြောင်း။
The information from this group yangonchronicle2010 were allowed to be reposted on the website named http://transparencymyanmar2010.blogspot.com/ upon their request.",3.0,2.0,3.0,4.0,3.0,"The text is a clear, informative news report about international energy trade. It provides factual context regarding China's energy needs and economic growth. It is well-structured, written in natural Burmese, and free of significant noise, though it is a translation of a foreign news source rather than original local investigative reporting."
<urn:uuid:4de17208-0f3b-4718-bf0d-abb8bf83bd48>,"26.12.2013
ရန်ကုန်မြို့တော်၌ ဒီဇင်ဘာလ ၂၈ ရက်နှင့် ၂၉ ရက်တို့တွင် ပြုလုပ်မည့် မြန်မာ-အိန္ဒိယ နှစ်နိုင်ငံ အစည်း အဝေးကို အိန္ဒိယနိုင်ငံဘက်မှ ရွှေ့ဆိုင်းခဲ့ကြောင်း တမူးခရိုင် စီမံခန့်ခွဲမှု ကော်မတီ ဥက္ကဋ္ဌ ဦးကျော်ဇောလင်း က The Voice သို့ ပြောကြားသည်။
“အဲဒီလို ရွှေ့ဆိုင်းလိုက်တော့ ဒီမှာ ဖြစ်နေတဲ့ ကိစ္စအတွက် သူတို့ဘက်က လုပ်ဆောင်နေတာတွေ အမြန် ပြီးဖို့ အချိန်ရသွားမယ် ထင်တယ်” ဟု ၎င်းကဆိုသည်။
၂၀၁၄ ခုနှစ် ဇန်နဝါရီလ ပထမပတ် (သို့) ဒုတိယပတ်သို့ ရွှေ့ဆိုင်း လိုက်ခြင်း ဖြစ်ပြီး အဆိုပါ အစည်း အဝေးတွင် လက်ရှိ နယ်စပ်တွင် ဖြစ်ပေါ်နေသော အငြင်းပွား နယ်မြေအပေါ် အိန္ဒိယ အစိုးရဘက်မှ စစ်ဆေးရေးဂိတ် အဆောက်အအုံ တည်ဆောက်နေမှုတွင် မြန်မာဘက်သို့ မြေများ ကျူးကျော်စုပုံနေမှု ကိစ္စအား ဆွေးနွေးဖြစ်ရန် မျှော်လင့်ကြောင်းလည်း ၎င်းက ထပ်မံပြောကြားသည်။
ယင်းကိစ္စနှင့် ပတ်သက်၍ နိုင်ငံတော်သမ္မတကလည်း ချစ်ကြည်ပြီးသား နှစ်နိုင်ငံ၏ ချစ်ကြည်ရေး မပျက်ပြားစေရန်အတွက် အမြန်ဆုံး ဖြေရှင်းနိုင်ရန် နှစ်နိုင်ငံအဖွဲ့ ဖွဲ့ကာ ဆောင်ရွက်ရန် ညွှန်ကြား ချက် ပေးထားပြီး ဖြစ်ကြောင်း၊ အဆိုပါ လမ်းညွှန်ချက်အတိုင်း နိုင်ငံခြားရေး ဝန်ကြီးဌာနမှ အကောင် အထည်ဖော် ဆောင်ရွက်နေကြောင်း တမူးခရိုင်အဆင့် တာဝန်ရှိသူများ၏ ပြောကြား ချက်အရ သိရသည်။
နှစ်နိုင်ငံ နယ်နိမိတ် သတ်မှတ်ရန် သဘောတူညီမှု မရရှိသေးသော နယ်စပ် နယ်နိမိတ် မှတ်တိုင် BP-77 နှင့် 78 ကြားတွင် စစ်ဆေးရေးဂိတ် (Integrated Check Post – ICP) တည်ဆောက်ရန်အတွက် အိန္ဒိယနိုင်ငံ၊ မိုးရေးမြို့ရှိ အမှတ် (၉) အာသံတပ်ရင်းမှ ဦးဆောင်ကာ မြေပြုပြင် နေခြင်းများအား ဒီဇင်ဘာလဆန်းပိုင်းမှ စတင်လုပ်ဆောင်နေခဲ့ပြီး စွန့်ပစ် မြေစာများကို မြန်မာ့ပိုင်နက်ဘက်သို့ ကျူးကျော်စုပုံ နေခြင်းနှင့် ပတ်သက်၍ မြန်မာအစိုးရဘက်မှ ကန့်ကွက်စာ (၁၃) ကြိမ်၊ လူတွေ့ ဆုံကန့်ကွက်မှု (၃) ကြိမ် ပြုလုပ်ခဲ့ပြီး ဒေသခံများမှလည်း ကျူးကျော်မြေ ပြုပြင်ခြင်း ရပ်ဆိုင်းရန် ဒီဇင်ဘာလ ၂၄ ရက်နေ့တွင် လူအင်အား ၂၀၀၀ ကျော်ဖြင့် ဆန္ဒထုတ်ဖော် ခဲ့ကြသည်။
The Voice Weekly
ရန်ကုန်မြို့တော်၌ ဒီဇင်ဘာလ ၂၈ ရက်နှင့် ၂၉ ရက်တို့တွင် ပြုလုပ်မည့် မြန်မာ-အိန္ဒိယ နှစ်နိုင်ငံ အစည်း အဝေးကို အိန္ဒိယနိုင်ငံဘက်မှ ရွှေ့ဆိုင်းခဲ့ကြောင်း တမူးခရိုင် စီမံခန့်ခွဲမှု ကော်မတီ ဥက္ကဋ္ဌ ဦးကျော်ဇောလင်း က The Voice သို့ ပြောကြားသည်။
“အဲဒီလို ရွှေ့ဆိုင်းလိုက်တော့ ဒီမှာ ဖြစ်နေတဲ့ ကိစ္စအတွက် သူတို့ဘက်က လုပ်ဆောင်နေတာတွေ အမြန် ပြီးဖို့ အချိန်ရသွားမယ် ထင်တယ်” ဟု ၎င်းကဆိုသည်။
၂၀၁၄ ခုနှစ် ဇန်နဝါရီလ ပထမပတ် (သို့) ဒုတိယပတ်သို့ ရွှေ့ဆိုင်း လိုက်ခြင်း ဖြစ်ပြီး အဆိုပါ အစည်း အဝေးတွင် လက်ရှိ နယ်စပ်တွင် ဖြစ်ပေါ်နေသော အငြင်းပွား နယ်မြေအပေါ် အိန္ဒိယ အစိုးရဘက်မှ စစ်ဆေးရေးဂိတ် အဆောက်အအုံ တည်ဆောက်နေမှုတွင် မြန်မာဘက်သို့ မြေများ ကျူးကျော်စုပုံနေမှု ကိစ္စအား ဆွေးနွေးဖြစ်ရန် မျှော်လင့်ကြောင်းလည်း ၎င်းက ထပ်မံပြောကြားသည်။
ယင်းကိစ္စနှင့် ပတ်သက်၍ နိုင်ငံတော်သမ္မတကလည်း ချစ်ကြည်ပြီးသား နှစ်နိုင်ငံ၏ ချစ်ကြည်ရေး မပျက်ပြားစေရန်အတွက် အမြန်ဆုံး ဖြေရှင်းနိုင်ရန် နှစ်နိုင်ငံအဖွဲ့ ဖွဲ့ကာ ဆောင်ရွက်ရန် ညွှန်ကြား ချက် ပေးထားပြီး ဖြစ်ကြောင်း၊ အဆိုပါ လမ်းညွှန်ချက်အတိုင်း နိုင်ငံခြားရေး ဝန်ကြီးဌာနမှ အကောင် အထည်ဖော် ဆောင်ရွက်နေကြောင်း တမူးခရိုင်အဆင့် တာဝန်ရှိသူများ၏ ပြောကြား ချက်အရ သိရသည်။
နှစ်နိုင်ငံ နယ်နိမိတ် သတ်မှတ်ရန် သဘောတူညီမှု မရရှိသေးသော နယ်စပ် နယ်နိမိတ် မှတ်တိုင် BP-77 နှင့် 78 ကြားတွင် စစ်ဆေးရေးဂိတ် (Integrated Check Post – ICP) တည်ဆောက်ရန်အတွက် အိန္ဒိယနိုင်ငံ၊ မိုးရေးမြို့ရှိ အမှတ် (၉) အာသံတပ်ရင်းမှ ဦးဆောင်ကာ မြေပြုပြင် နေခြင်းများအား ဒီဇင်ဘာလဆန်းပိုင်းမှ စတင်လုပ်ဆောင်နေခဲ့ပြီး စွန့်ပစ် မြေစာများကို မြန်မာ့ပိုင်နက်ဘက်သို့ ကျူးကျော်စုပုံ နေခြင်းနှင့် ပတ်သက်၍ မြန်မာအစိုးရဘက်မှ ကန့်ကွက်စာ (၁၃) ကြိမ်၊ လူတွေ့ ဆုံကန့်ကွက်မှု (၃) ကြိမ် ပြုလုပ်ခဲ့ပြီး ဒေသခံများမှလည်း ကျူးကျော်မြေ ပြုပြင်ခြင်း ရပ်ဆိုင်းရန် ဒီဇင်ဘာလ ၂၄ ရက်နေ့တွင် လူအင်အား ၂၀၀၀ ကျော်ဖြင့် ဆန္ဒထုတ်ဖော် ခဲ့ကြသည်။
The Voice Weekly",2.0,2.0,3.0,2.0,4.0,"The text is a news report about a border dispute. It provides factual information but lacks deep analysis. It is written in natural, professional Burmese. The cleanliness score is low because the entire article is duplicated within the same document, which is a significant formatting error."
<urn:uuid:4295c9e6-191a-4c4b-9854-bf9f95218ca7>,"Email This Story :
စစ်ကိုင်းတိုင်းဒေသကြီး၊ ယင်းမာပင်မြို့နယ်၊ ဆင်စွယ်-ဝါးရုံသွားလမ်းဘေးက ဦးညွန့်ဝင်းဆိုသူ ပိုင်ဆိုင်တဲ့ တောပြင်ခြံဝင်းအတွင်း ခွင့်ပြုချက်မရှိဘဲ သစ်ခွဲစက်လုပ်ငန်း လည်ပတ်နေတဲ့အတွက် တာဝန်ရှိသူတွေက ဝင်ရောက်ဖမ်းဆီးခဲ့ပါတယ်။
“ဖုန်းသတင်းရထားတာတော့ ကြာပါပြီ။ ဆင်စွယ်မှာ သစ်စက်ကြီးကြီးမားမား လုပ်ကိုင်နေတယ်ဆိုတဲ့သတင်းပေါ့။ ခုက ကျေးလက်လမ်းခင်းတာစစ်ရင်းနဲ့ လမ်းဘေးမှာ စက်သံကြီးက ဆူနေတာ။ ဖမ်းဆီးရမယ့်တာဝန်က ရဲနှင့်သစ်တောလေ။ သူတို့ကပါမလာဘူး။ အဲဒါနဲ့ ရဲ၊ သစ်တောတို့ကို အကြောင်းကြားလိုက်တာပေါ့။ ကျမတို့မြို့နယ်မှာတော့ တရားမဝင် သစ်လုပ်ကိုင်နေတာတွေက သတင်းပေးတာတွေအရတော့ အများကြီးပဲ။ သက်သေသက်ကာယနဲ့ မဖမ်းနိုင်တာကြောင့်မို့သာ။ ကျမကိုယ်တိုင်ကြုံတာတောင် အခုကောဆို ၃ ကြိမ်ရှိပြီ” လို့ ဖမ်းဆီးရာမှာ ကိုယ်တိုင်ပါဝင်ခဲ့တဲ့ ယင်းမာပင်မြို့နယ် တိုင်းဒေသကြီးလွှတ်တော်ကိုယ်စားလှယ် ဒေါ်အောင်မေရီက ဒီဗွီဘီကိုပြောပါတယ်။
ဖမ်းဆီးရမိတဲ့အထဲမှာ ကျွန်းသစ်၊ ပျဉ်းကတိုးသစ်၊ အင်ကြင်းသစ်၊ ထောက်ကြံ့သစ်၊ ကြို့သားသစ် စတဲ့ သစ်လုံး ၁၀ လုံးကျော်၊ ၄ မြှောင့်တုံးတွေနှင့် သစ်မျိုးစုံခွဲသား၊ သစ်ခွဲရာမှာ အသုံးပြုတဲ့ ဆက်စပ်ပစ္စည်းတွေကို ဖမ်းဆီးရမိခဲ့ပါတယ်။ သစ်မျိုးအားလုံး စုစုပေါင်း ၅.၆၆၀၄ တန်ရှိပြီး ကာလတန်ဖိုးအားဖြင့် ၁၁ သိန်း ၂ သောင်းကျော်ရှိတယ်လို့ သိရပါတယ်။
ဒီကိစ္စနဲ့ပတ်သက်ပြီး တရားမဝင်သစ်စက်လုပ်ငန်း လုပ်ကိုင်သူ ညွန့်ဝင်း (၄၅နှစ်) ဆိုသူကို ယင်းမာပင်မြို့မရဲစခန်းက သစ်တောဥပဒေအရ အရေးယူနိုင်ဖို့ စီစဉ်ဆောင်ရွက်နေတယ်လို့ သိရပါတယ်။",2.0,2.0,2.0,3.0,5.0,"The text is a news report about an illegal logging raid in Myanmar. It provides factual reporting on local events, law enforcement, and legal consequences. It is written in natural, authentic Burmese, reflecting local administrative and social contexts, though it contains some boilerplate web-scraping artifacts like 'Email This Story'."
<urn:uuid:e8ada1e5-2278-454d-8ae9-02cdb203ce56>,"တရုတ်ရဲ့ ခြိမ်းခြောက်မှု ကြီးမားလာတာကို တန်ပြန်တဲ့အနေနဲ့ ဂျပန်နိုင်ငံက တာဝေးပစ် ခရုဇ်ဒုံးကျည် ၁၀၀၀ ကျော်ကို ချထားဖို့ စဉ်းစားနေကြောင်း Yomiuri Shimbun သတင်းစာက တနင်္ဂနွေနေ့က ဆိုပါတယ်။
လက်ရှိချထားတဲ့ ဒုံးကျည်တွေက မြေပြင်ကနေ သင်္ဘောတွေကို ပစ်နိုင်ပေမဲ့၊ ကီလိုမီတာ ၁၀၀ ဒါမှမဟုတ် ၆၂ မိုင် အကွာကိုပဲ ပစ်နိုင်တာပါ။ အခုစဉ်းစားနေတဲ့ ဒုံးကျည်တွေကတော့ ကီလိုမီတာ ၁၀၀၀ ဒါမှမဟုတ် မိုင် ၆၂၀ အကွာအဝေးအထိ ပစ်ခတ်နိုင်မှာ ဖြစ်ပါတယ်။ ဒီအကွာအဝေးဟာ တရုတ် နဲ့ မြောက်ကိုရီးယား ကမ်းခြေတွေကို ရောက်ရှိနိုင်မှာ ဖြစ်တယ်လို့ Yomiuri Shimbunသတင်းစာ က ပြောပါတယ်။
အဆင့်မြှင့်တင်ရာမှာ သင်္ဘောတွေနဲ့ လေယာဉ်တင်သင်္ဘောတွေရဲ့ အဆင့်ကိုလည်း မြှင့်တင်ဖို့ လိုအပ်မယ်လို့ သတင်းစာက ဆိုပါတယ်။ ဒုံးကျည်တွေ ကို အနောက်တောင်ပိုင်း Kyushu ဒေသမှာ ချထားမှာ ဖြစ်သလို၊ ထိုင်ဝမ်အနီးက ဂျပန်ပိုင်နက် ရေပြင်ထဲက ကျွန်းငယ်တွေပေါ်မှာလည်း ချထားမှာ ဖြစ်တယ်လို့ သတင်းက ပြောပါတယ်။
ဒါဟာ တရုတ်၊ မြောက်ကိုရီးယားတို့နဲ့ ဒုံးကျည်စွမ်းရည် ကွာဟနေတာကို ကျဉ်းသွားစေမယ့် စီမံကိန်းရဲ့ အစိတ်အပိုင်းတစ်ရပ် ဖြစ်ပါတယ်။ ဒုတိယကမ္ဘာစစ်အပြီး ဂျပန်နိုင်ငံရဲ့ ဖွဲ့စည်းပုံမှာ ကာကွယ်ရေးစွမ်းရည်နဲ့ ဘတ်ဂျက်ကို ကန့်သတ်ထားပါတယ်။ ဒါပေမဲ့ ရုရှားရဲ့ ယူကရိန်း ကျူးကျော်စစ်နဲ့ ဒေသတွင်း နိုင်ငံရေး အပြောင်းအလဲတွေကြောင့် ဂျပန်နိုင်ငံဟာ သူ့ရဲ့ကာကွယ်ရေးစနစ်ကို ပြန်လည်သုံးသပ်လာခဲ့ပါတယ်။ လာမယ့် ဘဏ္ဍာရေးနှစ်မှာ ကာကွယ်ရေးအသုံးစားရိတ်အဖြစ် ဒေါ်လာ ၄၀.၂ ဘီလီယံ နဲ့ ညီမျှတဲ့ ၅.၅ ထရီလီယံ ယန်းကို ကာကွယ်ရေးဝန်ကြီးဌာနက တောင်းဆိုဖို့ စီစဉ်ထားကြောင်း Yomiuri Shimbun သတင်းစာက ဆိုပါတယ်။ လက်ရှိ ဘတ်ဂျက် က ၅.၁၈ ထရီလီယံ ယန်း ဖြစ်ပါတယ်။===Unicode===
တရုတျရဲ့ ခွိမျးခွောကျမှု ကွီးမားလာတာကို တနျပွနျတဲ့အနနေဲ့ ဂပြနျနိုငျငံက တာဝေးပဈ ခရုဇျဒုံးကညြျ ၁၀၀၀ ကြောျကို ခထြားဖို့ စဉျးစားနကွေောငျး Yomiuri Shimbun သတငျးစာက တနငျ်ဂနှနေေ့က ဆိုပါတယျ။
လကျရှိခထြားတဲ့ ဒုံးကညြျတှကေ မွပွေငျကနေ သငျ်ဘောတှကေို ပဈနိုငျပမေဲ့၊ ကီလိုမီတာ ၁၀၀ ဒါမှမဟုတျ ၆၂ မိုငျ အကှာကိုပဲ ပဈနိုငျတာပါ။ အခုစဉျးစားနတေဲ့ ဒုံးကညြျတှကေတော့ ကီလိုမီတာ ၁၀၀၀ ဒါမှမဟုတျ မိုငျ ၆၂၀ အကှာအဝေးအထိ ပဈခတျနိုငျမှာ ဖွဈပါတယျ။ ဒီအကှာအဝေးဟာ တရုတျ နဲ့ မွောကျကိုရီးယား ကမျးခွတှေကေို ရောကျရှိနိုငျမှာ ဖွဈတယျလို့ Yomiuri Shimbunသတငျးစာ က ပွောပါတယျ။
အဆင့ျမွှင့ျတငျရာမှာ သငျ်ဘောတှနေဲ့ လယောဉျတငျသငျ်ဘောတှရေဲ့ အဆင့ျကိုလညျး မွှင့ျတငျဖို့ လိုအပျမယျလို့ သတငျးစာက ဆိုပါတယျ။ ဒုံးကညြျတှေ ကို အနောကျတောငျပိုငျး Kyushu ဒသေမှာ ခထြားမှာ ဖွဈသလို၊ ထိုငျဝမျအနီးက ဂပြနျပိုငျနကျ ရပွေငျထဲက ကြှနျးငယျတှပေေါျမှာလညျး ခထြားမှာ ဖွဈတယျလို့ သတငျးက ပွောပါတယျ။
ဒါဟာ တရုတျ၊ မွောကျကိုရီးယားတို့နဲ့ ဒုံးကညြျစှမျးရညျ ကှာဟနတောကို ကဉြျးသှားစမေယ့ျ စီမံကိနျးရဲ့ အစိတျအပိုငျးတဈရပျ ဖွဈပါတယျ။ ဒုတိယကမ်ဘာစဈအပွီး ဂပြနျနိုငျငံရဲ့ ဖှဲ့စညျးပုံမှာ ကာကှယျရေးစှမျးရညျနဲ့ ဘတျဂကြျကို ကန့ျသတျထားပါတယျ။ ဒါပမေဲ့ ရုရှားရဲ့ ယူကရိနျး ကြူးကြောျစဈနဲ့ ဒသေတှငျး နိုငျငံရေး အပွောငျးအလဲတှကွေောင့ျ ဂပြနျနိုငျငံဟာ သူ့ရဲ့ကာကှယျရေးစနဈကို ပွနျလညျသုံးသပျလာခဲ့ပါတယျ။ လာမယ့ျ ဘဏ်ဍာရေးနှဈမှာ ကာကှယျရေးအသုံးစားရိတျအဖွဈ ဒေါျလာ ၄၀.၂ ဘီလီယံ နဲ့ ညီမြှတဲ့ ၅.၅ ထရီလီယံ ယနျးကို ကာကှယျရေးဝနျကွီးဌာနက တောငျးဆိုဖို့ စီစဉျထားကွောငျး Yomiuri Shimbun သတငျးစာက ဆိုပါတယျ။ လကျရှိ ဘတျဂကြျ က ၅.၁၈ ထရီလီယံ ယနျး ဖွဈပါတယျ။",3.0,3.0,3.0,5.0,2.0,"The text is a well-written, informative news report on geopolitical defense strategies. It provides clear, logical explanations of Japan's military policy shifts and the reasoning behind them. It is accessible to a general audience, clean, and uses natural Burmese, though it is a translation of international news rather than a piece of original local cultural content."
<urn:uuid:b29a59aa-d531-4d92-92b6-5ee982143930>,"|မြို့ အတော်များများမှာလည်း ဆန္ဒပြမှုတွေ ဖြစ်ပွား|
သမ္မတ ထရမ့် ရဲ့ အမိန့်ကြောင့် အမေရိကန်ကို လာရောက် လည်ပတ်မဲ့ ခရီးသွား၂ သန်း ကို ထိခိုက်မှုတွေ ရှိနေပြီး အကြမ်းဖက် သမား အနည်းငယ် ကို ထိန်းချုပ် ချင်တဲ့ ကိစ္စက အလုပ်မဖြစ်ဘူးလို့ သံတမန် တွေက မကျေမနပ် ပြောကြား ခဲ့တာ ဖြစ်ပါတယ်။
အိမ်ဖြူတော်က အစည်းအဝေးမှာ ဒီ အစီအစဉ် က နိုင်ငံ ကို လုံခြုံစေပြီး သမ္မတ ရဲ့ အစီအစဉ်ကို အလွန်အကျွံ ဝေဖန်မှု တွေကို သတင်းဌာန တွေက လုပ်နေ တာ ဖြစ်ကြာင်း သမ္မတ ရဲ့ ပြောရေး ဆိုခွင့် ရှိသူ ရှောင် စပိုက်စာ က ကာကွယ် ပြောကြား ခဲ့ပါတယ်။
အမေရိကန် နိုင်ငံခြားရေး ဌာနက သံတမန်တွေ နဲ့ အရာရှိ တွေ က သမ္မတ ထရမ့် ရဲ့ ယာယီ ပြည်ဝင်ခွင့် ကန့်သတ် အမိန့်ကို ဝေဖန်တဲ့ စာမူကြမ်းဟာ နိုင်ငံခြားရေး ဌာနမှာ ပျံ့နှံ့နေပါတယ်။
စာပါအကြောင်းအရာ တွေအရ မစ္စတာ ထရမ့် ရဲ့ အမေရိကန် လူမျိုးတွေကို အကြမ်းဖက်သူတွေ ရန်က ကာကွယ်ရေး ရည်ရွယ်ချက်ဟာ တန်ပြန် အကျိုးသက်ရောက်မှု ရှိနိုင်တဲ့အကြောင်း ဖော်ပြ ထားတာကို ဘီဘီစီက ဖတ်ရှုခွင့် ရခဲ့ပါတယ်။
ဒီစာပါ အချက်အလက်ကိုလည်း ရာနဲ့ချီတဲ့ ဝန်ထမ်းတွေက သဘောတူ လက်မှတ် ရေးထိုးထားတာပါ။ အခုလိုမျိုး ဝန်ထမ်းတွေ ဘက် က အစိုးရ ရဲ့ မူဝါဒ တွေ အပေါ်မှာ သဘောမတူနိုင်တဲ့ စာတွေ ကို သီးသန့် လမ်းကြောင်းကနေ ပေးပို့ခွင့် ရှိရာမှာ ကြောက်စရာ မလိုသလို၊ အရေးယူလည်း မခံရပါဘူး။
ဒါပေမယ့် ထရမ့် လက်ထက်မှာတော့ ဒီလိုပုံစံ မဆောင်တဲ့ ပြင်းထန်တဲ့ တုံ့ပြန်မှု အသွင် ပြခဲ့ပါတယ်။ သမ္မတ အစီအစဉ် ကို ပုံကြီးချဲ့ ပြောခဲ့တယ် ၂၄ နာရီ အတွင်းမှာ တခြားနိုင်ငံ က လူပေါင်း သုံးသိန်း ကျော် ဝင်နေတာ ကို ပြောနေကြတယ်။
သမ္မတ ရဲ့ အစီအစဉ် က နိုင်ငံ ၇ နိုင်ငံ က လူတွေကို ပိတ်ပင် ခဲ့တာ ပါလို့ အိမ်ဖြူတော် ပြောရေး ဆိုခွင့် ရှိသူ ရှောင် စပိုက်စာ က ပြောပါတယ်။ ပြီးတော့ နိုင်ငံခြားရေး ဌာနက ဝန်ထမ်းတွေ မကျေနပ်ရင် အလုပ်က ထွက်ပါလို့လည်း စိန်ခေါ်စကား ပြောကြား ခဲ့ပါတယ်။
မွတ်ဆလင် နိုင်ငံ ၇ နိုင်ငံ က လူတွေ အမေရိကန် ထဲ လာရောက်ခွင့်ကို ယာယီ ပိတ်ပင်ဖို့ ဆုံးဖြတ် ခဲ့တဲ့ သမ္မတ ဒေါ်နယ် ထရမ့် ကို ဆန့်ကျင်ပြီး ဆန္ဒပြမှု တွေ နိုင်ငံ နေရာ အတော်များများ မှာ ဖြစ်ပေါ် နေပါတယ်။
အခု ထုတ်ပြန်ခဲ့တဲ့ သမ္မတ ညွှန်ကြားချက် က အမေရိကန် စံတန်ဖိုးတွေ နဲ့ လွဲချော် နေပါတယ်။ ဒါဟာ ခွဲခြား ဆက်ဆံမှု တစ်ခု ဖြစ်ပြီး ဒါကို လက်ခံလို့ မရပါဘူးလို့ ဝါရှင်တန် ပြည်နယ် အစိုးရ ကလည်း သမ္မတ အမိန့်ကို ရပ်တန့် ဖို့ ကြိုးစားမယ်ဆိုတဲ့ အကြောင်း ပြည်နယ် အုပ်ချုပ်ရေးမှူး ဂျေး အင်စလီ က ပြောပါတယ်။
သမ္မတ ထရမ့် ရဲ့ အမိန့် ကို ဆန့်ကျင် ဆန္ဒ ပြသူတွေ ဟာ ခွဲခြား ဆက်ဆံမှု ကို မလိုလားတဲ့ နိုင်ငံကြီး သားတွေ ဖြစ်ကြောင်း သမ္မတဟောင်း အိုဘားမား က အားပေး ချီးကျူး တဲ့ ကြေညာချက် တစ်စောင် ထုတ်ပြန်ခဲ့ ပါတယ်။
ကိုးကွယ်တဲ့ ဘာသာတရား အပေါ် အခြေခံပြီး လူတစ်ဦးစီ ကို ခွဲခြား တဲ့ ဆက်ဆံ မှုတွေကို အိုဘားမား က နည်းနည်းလေးမှ လက်သင့် မခံဘူးလို့ သမ္မတ ဟောင်းရဲ့ ပြောရေး ဆိုခွင့် ရှိသူ ကယ်ဗင် လူးဝစ် က ပြောပါတယ်။
အမေရိကန် နဲ့ စံတန်ဖိုးတွေ ကျဆင်း လာမှာကို စိုးရိမ်လို့ ဆန္ဒပြသူတွေ ဟာ အခြေခံဥပဒေ နဲ့ အညီ တောင်းဆို နေတာ ဖြစ်ပြီးတော့ နိုင်ငံ အုပ်ချုပ် နေသူတွေ ဟာလည်း၊ ဆန္ဒပြသူတွေရဲ့ အသံကို နားထောင် သင့်ကြောင်း အိုဘာမား ရဲ့ ထုတ်ပြန်ချက်မှာ ဖော်ပြထားပါတယ်။
BBC Burmese
http://www.bbc.com/burmese",3.0,3.0,3.0,3.0,2.0,"The text is a news report about US political events. It provides educational value regarding international relations and political processes. It contains logical reporting on conflicting viewpoints. The language is natural Burmese, though it is a translation of international news rather than a reflection of indigenous Burmese cultural life."
<urn:uuid:453e1fb3-c6db-4383-a791-e7275438a354>,"အံ့ဘုန်းမြတ် (၁၂ သြဂုတ် ၂၀၁၁) (ဒီဗွီဘီ)
အမျိုးသား ရင်ကြားစေ့ရေးအတွက် ဒေါ်အောင်ဆန်းစုကြည်နဲ့ တွေ့ဆုံဆွေးနွေးမှုတွေကို ဆက်တိုက်လုပ်ဆောင်နေသလို အမျိုးသားဒီမိုကရေစီ အဖွဲ့ချုပ်ကိုလည်း သိမ်မွေ့ ညင်သာစွာကိုင်တွယ် ဆောင်ရွက်နေတယ်လို့ မြန်မာအစိုးရသစ်က ပြောကြားလိုက်ပါတယ်။
ဒီကနေ့ နေပြည်တော်က ပြန်ကြားရေးဝန်ကြီးဌာနရုံးမှာ ကျင်းပပြုလုပ်တဲ့ အစိုးရသစ်ရဲ့ ပထမဆုံး သတင်းစာရှင်းလင်းပွဲမှာ အစိုးရပြောခွင့်ရပုဂ္ဂိုလ် ၀န်ကြီး ဦးကျော်ဆန်းက ပြောကြားလိုက်တာလည်း ဖြစ်ပါတယ်။
ဒါနဲ့ပတ်သက်ပြီး သတင်းစာရှင်းလင်းပွဲ တက်ရောက်နေတဲ့ ရန်ကုန်တိုင်းမ်နဲ့ ဖလားဝါး နယူးဂျာနယ် အယ်ဒီတာချုပ် ဦးကိုကို (စက်မှု)က အခုလို ပြောပြပါတယ်။
“တွေ့ဆုံဆွေးနွေးပွဲနဲ့ ပတ်သက်လို့တော့ သူပြောသွားတာတော့ တခုတော့ ရှိတယ်ဗျ။ ဒေါ်အောင်ဆန်းစုကြည်နဲ့ ပတ်သက်တဲ့ မေးခွန်းတွေမှာတော့ အခုတောင်မှ သူတို့ တွေ့နေပါပြီပေါ့ဗျာ ဒီနေ့ နေ့လယ်မှာ ဦးအောင်ကြည်နဲ့ တွေ့နေပါပြီပေါ့။ အဲဒါကလည်း သမ္မတကြီးရဲ့ မိန့်ခွန်းထဲမှာ ပါတဲ့အတိုင်းပဲဗျ။ အမြင်ချင်း မတူတဲ့ လူတွေတောင်မှ တူတာတွေကို ပေါင်းပြီးလုပ်ကြမယ်ဆိုတဲ့ ခံယူချက်က အစိုးရသစ်မှာ ရှိပါတယ်ပေါ့နော်။ အဲဒီခံယူချက်အပေါ်မှာ သူတို့ ပြသတဲ့ အနေနဲ့ သူတို့ ဒီလိုမျိုး dialogue တွေ လုပ်တာလို့ ပြောတယ်။ အန်အယ်လ်ဒီအပေါ်မှာ သဘောထား တခုလည်း ရှင်းလင်းပွဲမှာ ပြောပါတယ်။ အန်အယ်လ်ဒီက တရားဝင်အဖွဲ့အစည်း မဖြစ်သော်ငြားလည်း အန်အယ်လ်ဒီနဲ့ ပတ်သက်ပြီး သူတို့ တော်တော်လေး သိမ်သိမ်မွေ့မွေ့ ညင်ညင်သာသာနဲ့ ယခုတိုင် ကိုင်တွယ်နေပါတယ်လို့ သူပြောသွားတယ်။”
ဒါ့အပြင် တိုင်းရင်းသားဒေသတွေက လက်နက်ကိုင် ပဋိပက္ခတွေထဲက ကေအိုင်အေနဲ့ ဆွေးနွေးဆောင်ရွက်မှု အခြေအနေတွေကိုလည်း ဦးကျော်ဆန်းက ထည့်သွင်းရှင်းလင်း ပြောကြားခဲ့တယ်လို့ ဆိုပါတယ်။
“ဒီနေ့ ကေအိုင်အို ကိစ္စနဲ့ ပတ်သက်ပြီးတော့ အဓိကထား ပြောသွားတာပါ။ လောလောဆယ် သူတို့ ငြိမ်းချမ်းရေးဆွေးနွေးတဲ့ ကိစ္စပေါ့ဗျာ။ အပြန်အလှန် ညှိနှိုင်းတဲ့ ကိစ္စတွေ ပြောတယ်ဗျ။ ညှိနှိုင်းတဲ့ကိစ္စ ပြည်နယ်အစိုးရနဲ့ ကေအိုင်အိုနဲ့ သူတို့တွေ ညှိနှိုင်းတယ် နောက်ဆုံး သဘောတူချက် ရခါနီးမှာ နောက်ထပ် ကေအိုင်အိုဗဟိုဌာချုပ်ကို တင်ပြမယ် ဆိုပြီးတော့ အဲဒီမှာ နည်းနည်းလေး ကြန့်ကြာနေတယ်ပေါ့ဗျာ။ သို့သော် သူတို့ပြောတာကတော့ အစိုးရ အနေနဲ့ စိတ်ရှည်တယ်၊ သည်းခံတယ်ပေါ့ဗျာ။ ကေအိုင်အေနဲ့ ငြိမ်းချမ်းရေးပေါ့ဗျာ။ အပစ်ခတ်ရပ်စဲရေးက ဖြစ်လာမယ်လို့ မျှော်လင့်ပါတယ်လို့ ပြောပါတယ်ဗျ။”
ဒီလိုပြောကြားခဲ့ပေမယ့်လည်း တိုင်းရင်းသားဒေသတွေက ပဋိပက္ခတွေ ပြေလည်အောင် ဖြေရှင်းဖို့ အားလုံးပါဝင်ခွင့်ရမယ့် တွေ့ဆုံဆွေးနွေရေးကို အစိုးရက ဦးဆောင်ပြီး ဘယ်တော့စတင် လုပ်ဆောင်မယ် ဆိုတာကိုတော့ ဦးကျော်ဆန်းက ဖြေကြားခြင်း မရှိခဲ့ပါဘူး။
ဒါ့အပြင် ကုလသမဂ္ဂရဲ့ မြန်မာနိုင်ငံဆိုင်ရာ လူ့အခွင့်အရေး အထူးကိုယ်စားလှယ် မစ္စတာကင်တားနား (Mr.Tomas Ojea Quintana) လည်း လာရောက်ဖို့ရှိတဲ့ အကြောင်းကိုလည်း သတင်းစာရှင်းလင်းပွဲမှာ ဦးကျော်ဆန်းကပဲ အတည်ပြု ပြောကြားခဲ့ပါတယ်။
ဒီကနေ့ ပြုလုပ်တဲ့ အစိုးရသစ်ရဲ့ ပထမဆုံး သတင်းစာ ရှင်းလင်းပွဲကိုတော့ ပြည်တွင်းပြည်ပ သတင်းသမား ၅၀ ၀န်းကျင် တက်ရောက် သတင်းယူခဲ့ကြပြီး အစိုးရရဲ့ ပြောရေးဆိုခွင့်နဲ့ သတင်းထုတ်ပြန်ရေးအဖွဲ့က အစိုးရသစ်ရဲ့ လုပ်ဆောင်ချက်တွေနဲ့ ပတ်သက်ပြီး ရှင်းလင်း ပြောကြားခဲ့သလို မိနစ် ၄၀ လောက် မေးမြန်းခွင့် ပြုခဲ့ပါတယ်။",2.0,2.0,2.0,5.0,5.0,"The text is a journalistic report on Burmese political developments. It provides factual information about government statements and press conferences, requiring basic comprehension. It is written in natural, authentic Burmese, reflecting local political context and terminology, and is free of technical noise or formatting issues."
<urn:uuid:9604fd2e-02d1-41a8-bc48-0bf3bb0d86d0>,"Flicker ဓာတ်ပုံဝက်ဘ်ဆိုက်တွင် လူကြည့်အများဆုံး ဖြစ်ခဲ့သော ဤဓာတ်ပုံသည် သမိုင်းဝင်သွားခဲ့ပြီ ဖြစ်သည်။ စစ်ဆင်ရေးကို တိုက်ရိုက် ကြည့်ရှုနေကြသော အမေရိကန်သမ္မတနှင့် တာဝန်ရှိသူများ၏ ဓာတ်ပုံသည် လူမျိုးရေးအခန်းကဏ္ဍ၊ အမျိုး သမီးများ၏ အခန်းကဏ္ဍနှင့် အမေရိကန်သမ္မတ ဆိုသော ပြယုဂ်တို့နှင့် ပတ်သက်သော နိုင်ငံ၏ သဘောထား ၂၁ ရာစုတွင် မည်သို့ ရှိနေပြီကို ဖော်ပြသည်ဟု သမိုင်းပညာရှင်များနှင့် နိုင်ငံရေးသိပ္ပံပညာရှင်များက သုံးသပ်သည်။
လူမည်းတစ်ယောက်က ကာကွယ်စောင့်ရှောက်သူ အကြီးအမှူး ဖြစ်လာခြင်း
အမေရိကန်သမိုင်းတွင် တစ်ခေတ်တစ်ခါက လူမည်းတို့သည် ဒေါသကြီးသော ပြဿနာတို့ကို ဖန်တီးသော အကြမ်းဖက်မှုတို့ကို ဖြစ်စေသော သူများအဖြစ် သရုပ်ဖော် ခံခဲ့ရသည်။ ယခု Situation Room အတွင်းမှပုံတွင်မူ လူမည်းတစ်ဦးသည် နိုင်ငံကို ကာကွယ်စောင့်ရှောက်သူ အကြီးအမှူးအဖြစ် ရှိနေသည်ဟု ခံစားမိစေပြီး လူဖြူအမေရိကန်တို့၏ လူမည်းတို့အပေါ် ထားရှိသည့် သဘောထားကိုပါ အကောင်းဘက်သို့ ပိုရောက်လာစေခဲ့သည်ဟု သုံးသပ်ကြသည်။
အာဏာ၏ဗဟိုချက်မှ အမျိုးသမီး
အမြင့်ဆုံးအာဏာ ရှိကြသော စစ်ဘက်နှင့် အရပ်ဘက်ခေါင်းဆောင် အမျိုးသားများ အလယ်တွင် ထီးထီးကြီး ရှိနေသော ဟီလာရီသည် အနောက်ကမ္ဘာတွင် အမျိုးသမီးတို့၏ အခန်းကဏ္ဍကို ဖော်ပြနေသည်။ ယင်းပုံကို နော်မန်ဒီ ကမ်းတပ်တိုက်ပွဲ အောင်ပွဲပုံ (သို့မဟုတ်) အီဝိုဂျီးမား ကမ်းတက်တိုက်ပွဲ အောင်ပွဲပုံတို့နှင့် နှိုင်းယှဉ်နိုင်သည်။ အမေရိက၏ စစ်ဘက် အောင်ပွဲပုံများတွင် အမျိုးသမီးတို့၏ပုံ မပါရှိခဲ့။ သမ္မတ ဂျွန်အက်ဖ်ကနေဒီ၏ ကျူးဘား ဒုံးပျံအရေးအခင်းကာလ ဓာတ်ပုံတွင်လည်း အိမ်ဖြူတော်တွင် ယူနီဖောင်းဝတ်များနှင့် မေးရိုးကားကား အမျိုးသားများ ၀န်းရံနေပုံကိုသာ တွေ့ခဲ့ရသည်။
ယခုပုံတွင် မူဟီလာရီနှင့်အတူ အကြမ်းဖက်မှု တိုက်ဖျက်ရေးညွှန်မှူး အော်ဒရေတိုမာဆင်ကိုပါ မြင်တွေ့ရပြီး အမျိုးသမီးနှစ်ဦးသည် အရေးပါသော အခန်းကဏ္ဍမှ ပါဝင်လာပြီ ဆိုခြင်းကို ဖော်ပြနိုင်ခဲ့သည်။
သမ္မတ၏ ဂုဏ်မာန်ကြီးဟန်
အမေရိကန်သမ္မတ အစဉ်အဆက်သည် ကိုယ့်ပုံစံနှင့်ကိုယ် မိမိတို့၏ ဂုဏ်မာန်ကြီးဟန်ကို ဖန်တီးလေ့ရှိသည်။ သီအိုဒိုရုစဗဲ့လ်က အမဲလိုက်ထွက်သည့်ဟန်ကို ယူသည်။ရော်နယ်ရေဂင်က ကောင်းဘွိုင်ဦးထုပ်နှင့် စတိုင်ရှိသလို ဂျော့ဒဗလျူဘုရ်ှက လည်း လေယာဉ်တင် သင်္ဘောပေါ် သွားသောအခါ လေယာဉ်မှူးဝတ်စုံနှင့် ဖြစ်သည်။ သမ္မတတို့၏ ဂုဏ်မာန်သည် လူပုံအလယ်တွင် ထင်ရှားစေလေ့ ရှိသည်။ ဖရန်ကလင်ရုစဗဲ့လ်တွင် ပိုလီယိုရှိသလို ကနေဒီသည်လည်း နှစ်နာရီထက် ပိုမရပ်နိုင်။ သို့ပေမဲ့ သမ္မတတို့သည် ဂုဏ်မာန်ပျောက်နေသောပုံကို ထုတ်ပြန်ပေးလေ့ မရှိခဲ့ကြ။ ယခုပုံတွင်မူ အိုဘားမားကို မသိသူသည် သမ္မတဟုပင် ထင်စရာ မရှိ။ အမြင့်ဆုံးခုံတွင် ထိုင်မနေသလို၊ ဗဟိုချက်တွင် ရှိမနေ။ မိမိကိုယ်ကိုယ် ယုံကြည်မှုနှင့် ခေါင်းဆောင်မှု အတွက် မည်သည့်နေရာတွင် ရပ်နေ၊ ထိုင်နေသည်က အရေးမကြီးတော့သည် ဆိုခြင်းကိုလည်း ဖော်ပြနေသည်။",3.0,3.0,3.0,4.0,2.0,"The text provides a thoughtful analysis of a historical photograph, discussing themes of race, gender, and leadership. It is educational and coherent, though it lacks the depth of a formal academic paper. The language is natural Burmese, though the content is focused on American political history rather than local Burmese culture."
<urn:uuid:c1689417-f75b-4ab4-bc50-0e25c12c2256>,"ဘိုကလေးက ကိုယ့်အိမ်ကိုယ် မီးရှို့ မှု အခြားအိမ်များပါကူးစက်
ဧရာဝတီတိုင်းဒေသကြီး၊ ဖျာပုံခရိုင်၊ ဘိုကလေးမြို့နယ်တွင် မိမိနေအိမ်ကိုမီးရှိုရာမှနေအိမ် ၃ လုံးမီးလောင်ပျက်စီးမှု ယမန်နေ့က ဖြစ်ပွားခဲ့ကြောင်း သတင်းရရှိသည်။
ယင်းဖြစ်စဉ်တွင် ဟိန်းထက်အောင် (ခ) မိုးညှင်းသူ (ခ) ကျန်ကျောင်း ဆိုသူမှာ အစ်မဖြစ်သူအား စိတ်ဆိုး၍ နေအိမ်တွင် လူများမရှိခိုက် မီးခြစ်ဖြင့် ဇာခြင်ထောင်အား မီးရှို့ခဲ့သည့်အတွက် ယမန်နေ့ က ၎င်းတို့နေအိမ် အပါအဝင် နေအိမ် ၃ လုံးမီးလောင်ခဲ့ခြင်း ဖြစ်သည်။
ဘိုကလေးမြို့၊ အမှတ် ၇ ရပ်ကွက် အုပ်ချုပ်ရေးမှူး ဦးကျော်ကျော်နိုင်က “ကျန်ကျောင်းဆိုတဲ့ကောင်လေးက သူ့အိမ်ကိုသူ မီးနဲ့ရှို့တာ။ သူ့အိမ်မှာ မနက်ကတည်းက အိမ်ထဲက ပစ္စည်းတွေ ရိုက်ခွဲသောင်းကျန်း နေပြီးတော့ နောက်တော့အိမ်ကိုပါ မီးနဲ့ရှို့တာ။ အိမ် ၃ လုံးတော့ မီးလောင်သွားတယ်။ လူထိခိုက်ဒဏ်ရာရမှုတော့ မရှိပါဘူး”ဟု ဧရာဝတီကို ပြောသည်။
ယင်းဖြစ်စဉ်တွင် အလျား ပေ ၃၀၊ အနံပေ ၆၀ ရှိသည့် ပျဉ်ထောင်သွပ်မိုး ကာလတန်ဖိုးကျပ် ၅၄ သိန်းခန့်ရှိ နေအိမ်တလုံး၊ အလျား ၁၀ ပေ အနံ ပေ ၅၀ ရှိ ပျဉ်ခင်းသွပ်မိုး ဝါးထရံကာ ကာလတန်ဖိုး ၁၀ သိန်းခန့်ရှိ နေအိမ်တလုံး နှင့် အလျား ၁၅ ပေ၊ အနံ ပေ ၃၀ ရှိ ပျဉ်ခင်းပျဉ်ကာသွပ်မိုး ကာလတန်ဖိုး ၁၈ သိန်းခန့်ရှိ နေအိမ်တလုံး စသဖြင့် စုစုပေါင်း ကျပ်သိန်း ၈၀ ကျော်ဖိုး ပျက်စီးဆုံးရှုံးခဲ့ကြောင်း သိရသည်။
နေအိမ်ပျက်စီးဆုံးရှုံးခဲ့သူ ကိုသက်နောင်ဦး က “ကျနော်လည်း အိမ်မှာအမေကို ထမင်းကျွေး နေတုန်း ကျန်ကျောင်းက သံတုတ်ကြီးကိုင်ပြီး အိမ်က ထွက်သွားတယ်။ ၅ မိနစ်လောက်အကြာမှာ အိမ်ရှေ့ကနေ မီးမီး လို့အော်လို့ အပြင်ထွက်လည်းကြည့်ရော ကျန်ကျောင်းတို့အိမ်က မီးလောင်နေပြီးတော့ မီးက ကျနော့်အိမ်ကူးနေပြီ။ အဲဒါနဲ့ ဘာပစ္စည်းမှ မသယ်နိုင်ဘဲ လူတွေပဲ ကိုယ်လွတ်ရုန်းပြီး ပြေးရတော့တာ”ဟု ပြောသည်။
မီးလောင်မှုအား ဘိုကလေးမြို့နယ် မီးသတ်ဦးစီးမှူး ဦးပြည်စိုးထွဋ်နှင့် မီးသတ်တပ်ဖွဲ့ဝင်များ၊ ဘိုကလေးမြို့မ စခန်းမှူး ဒုရဲမှူး ကျော်မျိုးထက်နှင့် ရဲတပ်ဖွဲ့ဝင်များနှင့် ဒေသခံပြည်သူများ ဝိုင်းဝန်းငြှိမ်းသတ်ခဲ့ရာ နေ့လည် ၁၂ နာရီခန့်တွင် မီးငြိမ်းသွားခဲ့ကြောင်း သိရသည်။
အဆိုပါမီးလောင်မှုနှင့် ပတ်သတ်၍ မိမိနေအိမ်ကို မီးရှို့ခဲ့သူ ဟိန်းထက်အောင် (ခ) မိုးညှင်းသူ (ခ) ကျန်ကျောင်း အား ဘိုကလေးမြို့မရဲစခန်းမှ ပြစ်မှုအမှတ် ၃၆/၂၀၁၉၊ ရာဇသတ်ကြီးပုဒ်မ ၄၃၆ (နေအိမ်ကို မီးရှို့ဖျက်ဆီးမှု) ဖြင့် အမှုဖွင့်ကာ ဖမ်းဆီးစစ်ဆေးလျှက်ရှိကြောင်း သိရသည်။
ရာဇသတ်ကြီး ပုဒ်မ ၄၃၆ မှာ နေအိမ်၊ ကိုးကွယ်ဝတ်ပြုရာနေရာ၊ ပစ္စည်းသိုလှောင်ထိမ်းသိမ်းသောနေရာနှင့် အဆောက်အဦးများကို မီးဖြင့်၎င်း၊ ပေါက်ကွဲစေတတ်သောပစ္စည်းဖြင့် ဖျက်ဆီးမှုကျူးလွန်လျှင် အရေးယူသည့် ပုဒ်မဖြစ်ပြီး ထောင်ဒဏ် ဆယ်နှစ်မှ တသက်တကျွန်းအထိဖြစ်စေ၊ ငွေဒဏ်ဖြစ်စေ၊ ဒဏ်နှစ်ရပ်စလုံးဖြစ်စေ ချမှတ်နိုင်ကြောင်း ပြဌာန်းထားသည်။",2.0,2.0,2.0,5.0,5.0,"The text is a well-structured news report about a local incident in Bogale. It provides factual reporting, quotes, and legal context regarding the penal code. It is written in natural, authentic Burmese, reflecting local administrative and legal terminology, and is free of noise or formatting issues."
<urn:uuid:9b5b5312-b64c-4596-b116-6275ec1a88e3>,"နေပြည်တော်၊ ဖေဖော်ဝါရီလ ၁၄ ရက်
အလုပ်သမား၊ လူဝင်မှုကြီးကြပ်ရေးနှင့် ပြည်သူ့အင်အားဝန်ကြီးဌာန၊ BBC Media Action ရေကြည်ရာအစီအစဉ်နှင့် International Labour Organization (ILO) တို့ပူးပေါင်း၍ Livelihood and Food Security Trust Fund (LIFT) ၏ အကူအညီဖြင့် မီဒီယာနှင့် ရွှေ့ပြောင်းသွားလာလုပ် ကိုင်ခြင်းဆိုင်ရာ အလုပ်ရုံဆွေးနွေးပွဲကို ၂၀၂၀ ပြည့်နှစ်၊ ဖေဖော်ဝါရီလ ၁၄ ရက်နေ့တွင် နေပြည်တော်၊ Hilton Hotel ၌ ကျင်းပခဲ့ရာ ဖွင့်ပွဲအခမ်းအနားသို့ အလုပ်သမား၊ လူဝင်မှုကြီးကြပ် ရေးနှင့် ပြည်သူ့အင်အားဝန်ကြီးဌာန၊ ပြည်ထောင်စုဝန်ကြီး တက်ရောက်၍ အဖွင့်အမှာ စကား ပြောကြားခဲ့သည်။
ပြည်ထောင်စုဝန်ကြီးက ယနေ့ကျင်းပသည့် ဆွေးနွေးပွဲသည် ပြည်သူလူထုနှင့် အလုပ် သမားတို့၏ အကျိုးစီးပွား တိုးတက်လာရေး အဓိက ဦးတည်ပြီး ရွှေ့ပြောင်းလုပ်ကိုင်ခြင်းဆိုင်ရာ ကိစ္စရပ်များ ဆောင်ရွက်နေသည့် အဖွဲ့အစည်းများနှင့် မီဒီယာများကြား ဆက်ဆံရေးတိုးတက် ကောင်းမွန်လာစေရန်၊ အလုပ်ရုံဆွေးနွေးပွဲ တက်ရောက်လာသူများအကြား မိမိတို့လုပ်ဆောင် နေသော အလုပ်တာဝန်နှင့်အတူတကွ ပူးပေါင်းလုပ်ဆောင်နိုင်မှုအပေါ် နားလည်မှုတိုးလာစေရန်၊ ရွှေ့ပြောင်းသွားလာလုပ်ကိုင်ခြင်းနှင့် ပတ်သက်သည့် အရေးကိစ္စများကို ပိုမိုနက်နဲစွာ နားလည် လာစေရန်နှင့် မတူညီသည့်ရှုထောင့်များမှ တင်ဆက်ထုတ်လုပ်လာစေရန် ရည်ရွယ်ပြုလုပ်ခြင်း ဖြစ်ကြောင်း၊ ဝန်ကြီးဌာနအနေဖြင့် ဘီဘီစီမီဒီယာအက်ရှင်၊ ရေကြည်ရာမှ ဆောင်ရွက်ခဲ့သည့် တရားမဝင် ရွှေ့ပြောင်းအလုပ်လုပ်ကိုင်မှု လျော့ကျရေး၊ အလုပ်သမားအဖွဲ့အစည်းများ ထိရောက် စွာ ဖွဲ့စည်းနိုင်ရေး၊ အိမ်တွင်းအထောက်အကူပြု အလုပ်သမား များကို ပိုမို အကာအကွယ်ပေးနိုင် မည့်ဥပဒေများအပေါ် ပေါက်လာစေရေး၊ လုပ်ငန်းခွင်အတွင်း ခွဲခြားဆက်ဆံမှု ပပျောက်စေရေး၊ လုပ်ငန်းခွင်ကျွမ်းကျင်မှု အရည်အသွေးမြှင်တင်နိုင်ရေး၊ ပြည်ပသို့ အလုပ်သမားများ MoU စနစ် ဖြင့်သွားရောက်ခြင်း၏ အားသာချက်၊ အားနည်းချက်များစသည့် ခေါင်းစဉ်များနှင့် ကျင်းပပြုလုပ် သည့်ဆွေးနွေးပွဲ များတွင် ပါဝင်ဆွေးနွေးခဲ့ကြောင်း၊ ဆွေးနွေးပွဲများမှတစ်ဆင့် အလုပ်အကိုင်နှင့် ရွှေ့ပြောင်းသွားလာ လုပ်ကိုင်ခြင်း ဆိုင်ရာ သတင်းအချက်အလက်များကို မူဝါဒရေးရာအကောင် အထည်ဖော်နေသည့်အစိုးရ၊ ဥပဒေပြုလွှတ်တော်၊ လက်တွေ့အကောင်အထည် ဖော်ဆောင်ရွက် နေသည့် အရပ်ဖက်လူမှုအဖွဲ့အစည်းများနှင့် အလုပ်ရှင်/အလုပ်သမားများ၊ အများပြည်သူအကြား ပိုမိုသိရှိနားလည်သဘောပေါက် လာစေမည်ဖြစ်ကြောင်း ပြောကြားခဲ့သည်။
ဆက်လက်၍ ပြည်ထောင်စုဝန်ကြီးက ဘီဘီစီရေကြည်ရာအစီအစဉ်၏ ထုတ်လွှင့်မှု မှတစ်ဆင့် ရွှေ့ပြောင်းသွားလာ လုပ်ကိုင်ခြင်းနှင့်စပ်လျဉ်းသည့် သတင်းအချက်အလက်များကို သိရှိရ၍ လုံခြုံစိတ်ချစွာ ရွှေ့ပြောင်းသွားလာနိုင်ရန် ချိတ်ဆက် ဆောင်ရွက်ရမည့် နည်းလမ်းများ၊ တရားမဝင် ရွှေ့ပြောင်းသွားလာခြင်းကြောင့် တွေ့ကြုံရမည့် အခက်အခဲများ၊ အန္တရာယ်များ သိရှိနိုင်မည့်အပြင် ပြည်ပနိုင်ငံများကို တရားမဝင်သွားရောက်လုပ်ကိုင်မှုကြောင့် ကြုံတွေ့ရသည့် ပြဿနာများကို လျော့ချနိုင်မည်ဖြစ်ကြောင်း၊ ရေကြည်ရာအစီအစဉ်သည် သတင်းအချက် အလက်နှင့် အလုပ်အကိုင် အခွင့်အလမ်းများ မှန်ကန်စွာ ရရှိနိုင်ရေး တဖက်တလမ်းမှ အထောက် အကူဖြစ်စေသည့်အတွက် ဝန်ကြီးဌာနမှ လိုအပ်သည့်ကဏ္ဍများတွင် ဆက်လက်ပူးပေါင်းဆောင် ရွက်ပေးသွားမည်ဖြစ်ကြောင်း ပြောကြားခဲ့သည်။ ဆက်လက်၍ ILO မှကိုယ်စားလှယ်နှင့် LIFT မှ ကိုယ်စားလှယ်တို့က အမှာစကားပြောကြားခဲ့ပါသည်။
ဖွင့်ပွဲအခမ်းအနားသို့ ပြည်သူ့လွှတ်တော်နှင့် အမျိုးသားလွှတ်တော်တို့မှ ကိုယ်စားလှယ် များ၊ ဌာနဆိုင်ရာအကြီးအကဲများ၊ ဘီဘီစီမီဒီယာမှ ကိုယ်စားလှယ်များ၊ ILO Yangon မှ ကိုယ်စား လှယ်များ၊ Livelihoods and Food Security Fund- LIFT မှ ကိုယ်စားလှယ်များ၊ ဌာနဆိုင်ရာ ကိုယ်စားလှယ်များ၊ NGO နှင့် INGO တို့မှ ကိုယ်စားလှယ်များ၊ အရပ်ဖက်လူမှုအဖွဲ့အစည်းမှ ကိုယ်စားလှယ်များ၊ သတင်းမီဒီယာများနှင့် ဖိတ်ကြားထားသူများ တက်ရောက်ခဲ့ကြကြောင်း သတင်းရရှိသည်။
မီဒီယာနှင့် ရွှေ့ပြောင်းသွားလာလုပ်ကိုင်ခြင်းဆိုင်ရာအလုပ်ရုံဆွေးနွေးပွဲအခမ်းအနားတွင်
ပြည်ထောင်စုဝန်ကြီး မှ အဖွင့်အမှာစကားပြောကြားစဉ်",2.0,2.0,3.0,5.0,4.0,"The text is a formal government news report about a workshop on labor migration. It provides factual information about policy and social issues, making it moderately educational and professional. It is written in natural, formal Burmese, reflecting local administrative and media reporting styles, and is clean and well-structured."
<urn:uuid:520b5478-190c-48e6-afc0-9623b69ce12a>,"by စောဆာမူလား for Food Magazine
Scone ကို အင်္ဂလန်နိုင်ငံကနေ စတင်ပြုလုပ်ခဲ့ပါတယ်။ Scone က အနည်းငယ် အချိုပါတယ်။ ဂျုံ၊ Oatmeal ဘေကင်ပေါင်ဒါ၊ ထောပတ်၊ နွားနို့တို့နဲ့ ပြုလုပ်ထားပါတယ်။ အခြားလိုအပ်ရင် စပျစ်သီးခြောက်၊ ချိစ်တွေ ထည့်လို့ ရပါတယ်။ အဓိက Jam, Whipping တို့နဲ့ တွဲစားပါတယ်။ Tea Time တွေမှာ အဓိကကျွေးပါတယ်။
ပါဝင်ပစ္စည်းများ
ကိတ်ဂျုံ – ၁၅၀ ဂရမ်
နွားနို့ – ၅၀ ဂရမ်
ဆား – လက်ဖက်ရည်ဇွန်း ၁/၄ ဇွန်း
သကြား – ၂၅ ဂရမ်
ဘေကင်ပေါင်ဒါ – ၅ ဂရမ်
ထောပတ် – ၃၅ ဂရမ်
ကြက်ဥ – ၁ လုံး
စပျစ်သီးခြောက် – ၂၅ ဂရမ်
ပြုလုပ်နည်း
၁။ ကိတ်ဂျုံနှင့် ဘေကင်ပေါင်ဒါကို ဆန်ခါချပြီး စပျစ်သီးခြောက်၊ ထောပတ်တို့နှင့် အားလုံးနှံ့အောင် ရောမွှေပါ။
၂။ ကြက်ဥ၊ သကြားနှင့် ဆားကို ရောမွှေပြီး နွားနို့ပါ ထည့်မွှေပါ။ သကြားပျော်အောင်မွှေပြီး အမှတ်စဉ် (၁) နှင့် ရောမွှေပါ။ ၁ မိနစ်အတွင်း လက်နှင့်မွှေပြီး လုံးသွားလျှင် ရပါပြီ။ မုန့်သားပျော့လျှင် မုန့်သားကို ပြား၍ ရေခဲသေတ္တာထဲမှာ အချိန်အနည်းငယ်ထည့်သိမ်းပြီး ဖြတ်လို့ ကောင်းတဲ့ အနေအထားမျိုးဖြစ်လျှင် ပြန်ဆွဲထုတ်၍ ၁ ၁/၂ လက်မခန့် အထူလိပ်ပြီး Cutter diameter ၅ စင်တီမီတာအတိုင်းနှင့် ဖြတ်ပါ။
၃။ မုန့်ဖုတ်ဗန်းကို မကပ်အောင် ဆီသုတ်၍ှScone များကို စီထည့်ပြီး မီးအပူချိန် အပေါ်အောက် 180˚C တင်ထားပါ။ Scone အပေါ်မှာ ကြက်ဥ (သို့) နွားနို့နှင့် သုတ်ပြီး အဆင်သင့် မီးအပူချိန် 180˚C ရှိတဲ့ မီးဖိုထဲမှာ မိနစ် ၂၀ ခန့် ဖုတ်ပါ။ ပွပြီး အရောင်တက်လာလျှင် ရပါပြီ။
၄။ အအေးခံပြီး Topping Cream ၁၀ဝ ဂရမ်ကို ပျစ်ခဲလာသည်အထိ ရိုက်ပါ။ အေးလာတဲ့ Scone အလယ်ကို နှစ်ပိုင်းဖြတ်ပြီး Star Nozzel Piping Bag ထဲ ခရင်မ်ထည့်၍ ဝိုက်ပြီး စက်ဝိုင်းပုံညှစ်ပါ။ ခရင်မ်အလယ်ဝိုက် ထားသည့်အထဲသို့ စတော်ဘယ်ရီယိုကို Piping Bag ထဲ ထည့်၍ ညှစ်ပါ။ ညှစ်ထားတဲ့ ခရင်မ်နှင့် စတော် ဘယ်ရီယိုအပေါ်မှာ ဖြတ်ထားသော Scone ကို အုပ်ပြီး လိုအပ်လျှင် သကြားမှုန့် ဖြူးလို့ရတယ်။ ဒီအတိုင်း အရသာ ရှိစွာ စားလို့လည်း ရပါတယ်။",4.0,2.0,2.0,5.0,3.0,"The document is a clear, well-structured recipe for scones. It provides educational value as a practical tutorial. It requires basic culinary knowledge (professionalism). The text is clean, human-written, and uses natural Burmese phrasing appropriate for a food magazine, though it lacks deep cultural or idiomatic complexity."
<urn:uuid:a72bee38-5f00-4969-a7fd-15378f4d2a72>,"Sagaing Division
Toyota Land Cruiser Prado 0 စီး Sagaing Division တွင် ရောင်းရန်ရှိသည်။
မြန်မာနိုင်ငံတွင်ရောင်းရန်ရှိသောToyota Land Cruiser Prado
ခြုံငုံသုံးသပ်ချက်
ပြည်တွင်းရောက် တန်ကြေးကြီးကားမော်ဒယ်တွေထဲမှာ Land Cruiser Prado ကတော့လူကြိုက်များပြီး ကျော်ကြားသလောက်လည်း ကောင်းမွန်တာကိုတွေ့ရပါသည်။ ဇိမ်ခံမော်ဒယ်အဖြစ်ရော၊ အကြမ်းသုံးအဖြစ်ပါ အသုံးပြုနိုင်သည့် အပြင် ပွဲတက်လို့လည်းအဆင်ပြေပါသည်။ စွမ်းဆောင်ရည်ကောင်းလို့ အင်ဂျင်ပါဝါကလည်း ကြီးပါသည်။ ၁၉၈၄ ခုနှစ်မှာစတင် ထုတ်လုပ်ခဲ့ပြီး ဂျစ်ကား ပုံစံ ထုတ်လုပ်ခဲ့ ပါသည်။နောက်ပိုင်းမှာတော့ အဆင့်ဆင့်ပုံစံခွဲတွေ ထုတ်လုပ်လာခဲ့ရာမှာ ယနေ့အချိန်မှာတော့ Land Cruiser က ကြယ် ၅ ပွင့်အဆင့်ဖြစ်လာခဲ့ပါတယ်။ပြည်တွင်းမှာအတွေ့ရများတာက J100 series နဲ့ J200 series တွေဖြစ်ပြီး J100 က ၁၉၉၈ model ကနေ ၂၀၀၇ model ထိဖြစ်ကာ J200 က ၂၀၀၇ ကနေ လက်ရှိအထိ ဖြစ်ပါသည်။
အဓိကအင်္ဂါရပ်များသုံးသပ်ချက်
|သက်တောင့်သက်သာရှိမှု|
|အတွင်း ဒီဇိုင်း|
|အပြင် ဒီဇိုင်း|
|အန္တရာယ်ကင်းရှင်းရေး သုံးသပ်ချက်|
|ငွေကြေးနှင့်ဈေးနှုန်းမျှတမှု|
Toyota Land Cruiser Prado အန္တရာယ်ကင်းရှင်းရေးသုံးသပ်ချက်
Toyota Land Cruiser Prado တွင် အကောင်းဆုံးသော ဘေးကင်းလုံခြုံရေး စနစ်များဖြစ်သော ကုန်းဆင်းလုံခြုံရေးစနစ်၊ ကုန်းတက်လုံခြုံရေးစနစ်၊ Anti-သော့ခတ်ဘရိတ်စနစ် (ABS)၊ ပတ်လည်လေအိတ် အပါအဝင် စုစုပေါင်း လေအိတ် (၇)ခု၊ ယာဉ်ထိန်းချုပ်ရေး (VSC) အပြင် မောင်းသူ နှင့် လိုအပ်လျင် အလိုအလျောက် တင်းကျပ်ပေးသော ခါးပတ်များ ပါရှိသည်။ လုံခြုံစိတ်ချရမှုမှာ ထိပ်တန်းအဆင့် ရှိပါသည်။
Toyota Land Cruiser Prado အင်ဂျင် အသေးစိတ်ဖော်ပြချက်များ
Toyota Land Cruiser Prado ဇိမ်ခံကား SUV သည် J 100 မှာ အင်ဂျင် ၄.၂ လီတာ၊ ၄.၅ လီတာ၊ ၄.၇ လီတာ အစားစား ရှိပါတယ်။ ဂီယာ (၅) ချက်မှာ Manual လာပါတယ်။ J200 မှာတော့ အင်ဂျင် ၄.၀လီတာ၊ ၄.၆ လီတာ၊ ၄.၇ လီတာ၊ ၅.၇ လီတာ တို့လာပါတယ်။ ၄.၅ လီတာမှာ တာဗို အင်ဂျင် ပါလာတာကို တွေ့ရပါတယ်။ ဂီယာ (၆) ချက် အော်တို ရှိပြီး ဂီယာ (၅) ချက်မှာ CVT စနစ် ဖြစ်လာပါတယ်။ Toyota Land Cruiser Prado မှာ ၄ ဘီးယက် စနစ်သာ ရရှိနိုင် ပါသည်။
Toyota Land Cruiser Prado ရရှိနိုင်သာ အရောင်များ
မြန်မာကားဈေးကွက်တွင် ငွေရောင်၊ ပုလဲဖြူရောင်၊ ပုလဲရွှေရာင်၊ အနက်ရောင်၊ အဖြူ ရောင်၊ မီးခိုးရောင်၊ အပြာရောင်၊အစိမ်းရောင် နှင့် အခြားသောအရောင် များစွာ ရရှိနိုင်ပါသည်။ ၎င်း တို့အနက် ပုလဲ၊ငွေရောင် နှင့် အနက်ရောင်မှာ လူကြိုက်များသောအရောင်များ ဖြစ်သည်။ ခဲ၊ငွေ၊အနီ၊အစိမ်း စတဲ့အရောင်တွေကတော့ အတွေ့ရနည်းပါတယ်။
Toyota Land Cruiser Prado ၏ ပျမ်းမျှ အရွယ်အစား
- အရှည် : ၄,၇၈၀ mm
- အကျယ်: ၁,၈၈၅ mm
- အမြင့် : ၁,၈၄၅ mm
- ဘီးခြေ: ၂,၇၉၀ mm
Toyota Land Cruiser Prado အားနည်းချက်
Toyota Land Cruiser Prado ၏ အဓိက အားနည်းချက်မှာ အင်ဂျင်ကြီးသည့်အတွက် လောင်စာသုံးစွဲမှု မြင့်မားခြင်း၊ ပြင်ဆင်စရိတ်ကြီးခြင်း နှင့် ကိုယ်ထည်ကြောင့် မြို့တွင်းလမ်းတွေမှာ အဆင်မပြေနိုင်ပါ။
Toyota Land Cruiser Prado ဈေးနှုန်း
Toyota Land Cruiser Prado အဆင့်မြင့် ဇိမ်ခံ ကား များသည် ဈေးကြီးတန်းဝင် SUV ကား အမျိုးအစားတစ်ခု ဖြစ်ပါတယ်။ ဈေးနှုန်းများသည် ထုတ်လုပ်သည့် ခုနှစ် အလိုက် ကွာခြားမှု ရှိသည်။ ၁၉၉၆ မှ ၂၀၀၆ မော်ဒယ်များ၏ ဈေးနှုန်း မှာ ခန့်မှန်းခြေအားဖြင့် ၁၅၀ သိန်း မှ ၁၇၀၀ သိန်း အထိ ရှိသည်။",2.0,2.0,3.0,3.0,4.0,"The document provides a structured overview of a specific vehicle model, including technical specifications and market context in Myanmar. It lacks deep pedagogical value or complex reasoning, serving primarily as a consumer information guide. It is written in natural, localized Burmese, reflecting the local automotive market context and terminology."
<urn:uuid:b3e02ab9-fdbf-499f-be05-6ca8484657cb>,"နေ့လည်က ဘိုကလေးက ပြန်ရောက်ပါသည်။ ဘိုကလေး မြို့ပေါ်တွင်ပင် ပျက်ဆီး မှုများပြားပါသည်။ အောက် ဘက် တောရွာများမပြောနှင့် မြို့ပေါ်တွင်ပင် ထိရောက်သော ထောက်ပံ့မှုများမရသေးပါ။ အစိုးရနှင့် စေတနာ ရှင်များ ပံ့ပိုးသော ပစ္စည်းများအများအပြား မြို့ပေါ်တွင်ရှိပါလျက် မည်သည့် အကြောင်းကြောင့် ထိုသို့ ဖြစ်နေသည် ကို မသိရပါ။ လမ်းများမှာ ဆိုးရွားစွာ ပျက်နေ၍ သွားလာဆက်သွယ်ရေးမကောင်းပါ။ တံတားများအားအချိန်မှီ ပြင် ဆင်နေသော်လည်း ဘိုကလေးမြို့မှ လေဘေးသင့် ပျက်ဆီးသေကြေမှုများ သောတောရွာများအား အချိန်မှီထော် ပံ့မှုများရောက်ရှိရန် ရေလမ်းမှ တဆင့် ဆက်လက်သွားရောက်ကြရာတွင် သွားလာသယ်ယူစားရိတ် ကုန် ကျမှုများ ပိုမိုလာခြင်း၊ မုတ်သုန်ဝင်ရောက်လာကာ လှိုင်းလေ ကြမ်းတမ်းခြင်း၊ ရောဂါဘယ ထူပြောခြင်း၊ လုံခြုံ ရေး စိတ်မချရခြင်း စတဲ့ အကြောင်းများ ရှိနေပါသည်။ သို့ရာတွင် စွန့်စားသွားရောက်လှူဒါန်းနေသော သူများလဲ ရှိနေပါသည်။ ဆေးဝါး ကုသမှုမျိုးအတွက် လက်တွေ့သွားရောက်ရန်လိုအပ်ပါသည်။ ပြည်တွင်းပြည်ပမှ စေတနာရှင်များအနေနှင့် အချိန် နှင့် အမျှ အရေးကြီးနေသော ယခုအချိန်တွင် လိုအပ်သည်ထပ်ပိုမိုသော အချက်အလက်များ ကို ဗော်လင် တီယာများအား တောင်းခြင်းများ လျော့ချပေးရန်နှင့် ကိုယ်တိုင်ပါဝင်လုပ်ကိုင်နေသူုများ၏ အသက်အန္ဒရာယ် ကာကွယ်မှုများကိုလဲ ထည့်သွင်းစဉ်းစား ကြပါရန်တိုက်တွန်းလိုပါသည်။
Type the rest of your post here.",2.0,2.0,2.0,3.0,5.0,"The text provides a firsthand, authentic account of the aftermath of Cyclone Nargis in Bogale. It demonstrates basic reasoning regarding logistical challenges and humanitarian aid distribution. The language is natural and culturally specific to the Burmese experience of that disaster, though it contains some minor formatting artifacts and ends with a placeholder prompt."
<urn:uuid:1c0dbbbc-ce99-41c3-9852-785279f20582>,"ဟားဗက်တက္ကသိုလ်က ဆရာဝန်ပြောတဲ့ ခန္ဓာကိုယ်အတွက် အကောင်းဆုံး လေ့ကျင့်ခန်းများ
ကျနော်တို့ ကိုယ်ခန္ဓာတွေအတွက် နေ့စဉ် လေ့ကျင့်ခန်းတခုခု လုပ်ဆောင်ပေးဖို့ လိုအပ်ပါတယ်။ အကြောင်းကတော့ သန် စွမ်းမှုဆိုတာထက် ကျန်းမာမှုကို ပေးစွမ်းနိုင်လု့ိ ဖြစ်ပါတယ်။
ပုံမှန်လေ့ကျင့်ခန်းလုပ်ဆောင်နေသူ တယောက်ဟာ အခြားသူတွေထက် ပိုမို ကျန်းမာပါတယ်၊ ပြီးတော့ နောက်ထပ်ရလဒ် တခုအနေနဲ့ သန်စွမ်းမှု ဖြစ်လာစေပါတယ်။ ဒါပေမယ့် အခုခေတ်မှာ Gym ကစားခြင်းက ခေတ်စားနေပြီး သူလည်း ကျန်း မာရေးအတွက် ကောင်းတယ်၊ ခန္ဓာကိုယ် လှပတယ်ဆိုပြီး လူတိုင်းလိုလို လက်ခံ ကစားနေကြပါတယ်။
ကျနော်တို့ရော ဘယ်လို လေ့ကျင့်ခန်းကစားနည်းတွေ လုပ်ဆောင်ပါမလဲ။
အလှအပရေးရာအတွက် မပါဘဲ ကျန်းမာရေး သီးသန့်အတွက်ပဲ လေ့ကျင့်ခန်းကောင်းကောင်း လုပ်ချင်သူတွေအတွက် ဟား ဗက်တက္ကသိုလ်က ဆရာဝန်တဦးက အကောင်းဆုံးလေ့ကျင့်ခန်းတွေကို ပြောပြထားပါတယ်။
(၁) ရေကူးခြင်း
ရေကူးခြင်းကနေ ခေါင်းကနေ ခြေဖျား အဆုံးထိအောင် တကိုယ်လုံး လှုပ်ရှားကစားရတဲ့အားကစားနည်းဖြစ်လို့ ရေကူးခြင်း ဟာ အခြား လေ့ကျင့်ခန်းတွေထက် ပိုမို ကောင်းမွန်တဲ့တချက်ခုတ် အချက်ပေါင်းများစွာ ပြတ်နိုင်မယ့်လေ့ကျင့်ခန်း နည်းလို့ ဆိုပါတယ်။
အနည်းဆုံး သတင်းတပတ်ကို အချိန် မိနစ် ၃၀ ကနေ ၄၅ မိနစ်အတွင်း ရေကူးပေးသင့်ပြီး ဖြစ်နိုင်ရင်တော့ နေ့စဉ် နည်း နည်း ပုံမှန်ရေကူးပေးတာ ကောင်းမယ်လို့ သိရပါတယ်။
(၂) ထိုက်ချိ
ထိုက်ချိချွန်းလို့လည်း ခေါ်ကြတဲ့ တရုတ်ရိုးရာလေ့ကျင့်ခန်း လုပ်ဆောင်နည်းပါ။ ကိုယ်ခံပညာ လေ့ကျင့်နည်းလို့ဆိုရင်လည်း မမှားပါဘူး။ စိတ်တည်ငြိမ်မှုအပြင် ကိုယ်ခန္ဓာသန်စွမ်းကျန်းမာမှုကို အကောင်းဆုံး အကျိုးပြုပေးနိုင်တာ တွေ့ရတယ်လို့ ဆို ပါတယ်။
အထူးသဖြင့်တော့ သက်ကြီးပိုင်းအရွယ်တွေအတွက် ထိုက်ချိ ကစားတာ ပိုကောင်းပြီး အထူးကျွမ်းကျင်အောင် ကစားမှု ထက် မိမိတတ်နိုင်မယ့်ကစားကွက်တွေကို လေ့လာပြီး ပုံမှန် ကစားပေးတာ ကောင်းမယ်လို့ ဟားဗက်တက္ကသိုလ်က ဆေးပညာ ပါ မောက္ခ I-Min Lee က ရှင်းပြတာ တွေ့ရပါတယ်။
(၃) ကြံ့ခိုင်မှု လေ့ကျင့်ခန်း
အလေးမခြင်းလိုအပိုင်းကနေ မိမိတကိုယ်တည်း အိပ်ထ၊ မတင် လုပ်ဆောင်ခြင်းနည်းတွေထိအောင် ကြွက်သားတွေကို သန် မာအောင် လေ့ကျင့်တဲ့လေ့ကျင့်ခန်း လုပ်ဆောင်ခြင်းမျိုး ဖြစ်ပါတယ်။ အလေးချိန်တုံး၊ ဘားတန်း၊ စတဲ့ အကူပစ္စည်းတွေကို ရယူပြီးလည်း လေ့ကျင့်နိုင်ပါတယ်။
လေ့လာသူတွေရဲ့အဆိုအရ သင့်အနေနဲ့ အလေးချိန်များများကို အလေးမသလို တခါတည်း အများကြီး မဖို့ မလိုအပ်ဘဲ အ လေးတုံး အသင့်အနေအထားကို အကြိမ်ရေများများ မပေးခြင်းက ပိုမို တောင့်တင်းသန်မာတဲ့ ကြွက်သားဖွဲ့စည်းမှုကို ရနိုင် မယ်လို့ ဆိုပါတယ်။
(၄) လမ်းလျှောက်ခြင်း
သင့်အနေနဲ့ အထိုင်များရင်တော့ လမ်းလျှောက်ပေးခြင်းက လေ့ကျင့်ခန်း လုပ်ဆောင်ပြီးသားလည်း ဖြစ်သလို စိတ်လက်အ ပန်းပြေမှုကိုလည်း အကောင်းဆုံး ပေးစွမ်းနိုင်မယ့်လုပ်ဆောင်ချက် ဖြစ်လာမှာပါ။
စိတ် အပန်းပြေလို့ ဦးနှောက်ကို အားကောင်းစေတယ်၊ ဆုံးဖြတ်ချက်တွေ မှန်ကန်စေတယ်၊ ကိုယ်လက်လှုပ်ရှားဖြစ်လို့ ကျန်းမာရေးကိုလည်း ကောင်းစေတယ်လို့ ဆိုပါတယ်။ အသက်ရွယ်မရွေး နေ့စဉ် မိနစ် ၃၀လောက် ပုံမှန်လမ်းလျှောက် ပေးသင့်တယ်လို့ သိရပါတယ်။
စစ်တမ်းတွေအရ အသက် ၆၀ ကနေ ၈၈ နှစ်အတွင်း သက်ကြီးပိုင်းတွေမှာတောင် တပတ်ကို ၄ရက်၊ တရက်မှာ မိနစ် ၃၀ လောက်နဲ့ စုစုပေါင်း ၁၂ ပတ် ပုံမှန်လမ်းလျှောက်ခြင်းကနေ ဦးနှောက်ရဲ့အာရုံခံမှုစနစ် သိသိသာသာ တိုးတက်ကောင်းမွန် လာတာ တွေ့ရပြီး လေဖြတ်ခြင်းလို ရောဂါတွေကို ကာကွယ်နိုင်မှု အားကောင်းလာစေတယ်လို့ ဆိုပါတယ်။
www.businessinsider.com",4.0,2.0,2.0,4.0,3.0,"The text provides clear, health-focused educational content suitable for a general audience. It uses basic reasoning to explain the benefits of specific exercises. It is well-formatted and clean, though it includes a source link. The language is natural Burmese, reflecting local health advice styles, though it is clearly adapted from international sources."
<urn:uuid:ec0643c0-03b1-4bc1-83a9-43634f9b0710>,"ကြံ့ဖွတ်နဲ့တပ် လွှတ်တော်မတက်ဘဲ နေရဲလား?
သတင်းသမားတွေကို ဘီဘီစီနဲ့ အင်တာဗျူးမှာ NLD က ရန်ကုန်ဝန်ကြီးချူပ်လောင်း ဦးရဲမင်းဦးရဲ့ စီးပွါးဖက် ဒေါက်တာနန္ဒာလှမြင့်က သူတို့တောင်းဆိုထားတာတွေကို ရွေးကော်က ရှင်းလင်းပေးတဲ့အပေါ်မှာမူတည်ပြီးမှ လွှတ်တော်တက် မတက် ဆုံးဖြတ်မယ်လို့ ဆိုပါတယ်။ သူက အပြောအဆို အင်မတန်မှကောင်းပါတယ်။ မနေ့က RFA နဲ့ စကားဝိုင်းမှာလဲ ကြံ့ဖွတ်က နောက်ပြောခွင့်ရ ဦးသိန်းထွန်းဦးကထပ်မံအတည်ပြုပါတယ်။ ဒါဆိုရင် သူတို့ကြံ့ဖွတ်ပါတီက လွှတ်တော်ကို တက်မလား? မတက်ရင် ဘာဖြစ်မလဲ လေ့လာကြည့်ရအောင်။
လွှတ်တော်တို့ ရွေးကောက်ပွဲတို့ဆိုတာ ပါတီတွေက သပိတ်မှောက်လို့ရပါတယ်။ NLD က ၂၀၁၀ရွေးကောက်ပွဲကို သပိတ်မှောက်ခဲ့ပါတယ်။ ဒါပေမယ့် NLD ဟာ ၁၉၉၀ မှာ အနိုင်ရခဲ့တဲ့ပါတီပါ။ ဒါ့ကြောင့်သူ့မှာ တရားဝင်မှုဆိုတာ ရှိခဲ့ပါတယ်။ ကမ္ဘာကရော ပြည်သူကပါ အသိအမှတ်ပြုခံခဲ့ရတဲ့ ပါတီပါ။ ဒါတောင်စစ်အစိုးရက ၂၀၁၀ ရွေးကောက်ပွဲကို ကျင်းပပြီး ဘစိန်ကို အာဏာလွှဲပေးခဲ့ပါတယ်။
NLD ပါတီဟာ ၁၉၉၀ ကနေ သူတို့ဝင်ပြိုင်တိုင်း ရွေးကောက်ပွဲမှာ နိုင်ခဲ့ပါတယ်။ ဘောလုံးနဲ့ပြောရင်မန်ယူတို့ ဘာစီလိုနားတို့လိုပေါ့။ ယခုရွေးကောက်ပွဲမှာလဲ NLD က နေရာအများစုကို နိုင်ခဲ့ပါတယ်။ ဒါ့ကြောင့် ယခုလက်ရှိလွှတ်တော်ဟာ NLD က ကိုယ်စားလှယ်တွေတက်ရင် အထမြောက်ပါပြီ။ ဒါ့ကြောင့် တပ်နဲ့ ကြံ့ဖွတ်ကိုယ်စားလှယ်တွေ တက်တက် မတက်တက် လွှတ်တော်ဟာ တရားဝင်သလို အထလဲမြောက်ပါတယ်။ ရှမ်း၊ ကချင်နဲ့ အခြားတိုင်းရင်းသားအများစုကလဲ လွှတ်တော်ကို လာတက်မှာပါ။ ကြံ့ဖွတ်ပါတီဟာ မိတ်ဖက်ပါတီတွေ ၃၀ ကျော်ရှိပေမယ့်လဲ သူ့မိတ်ဖက်ပါတီတွေက တစ်နေရာမှ မနိုင်ခဲ့လို့လွှတ်တော်မှာ ဘာမှလုပ်မရပါ။ အချို့ပါတီဥက္ကဌတွေဆို ဝရမ်းပြေးပါ။
ဒါတင်ပဲလားဆိုတော့ မဟုတ်သေးပါ။ တပ်နဲ့ကြံ့ဖွတ်ပါတီကသာ လွှတ်တော်မတက်ခဲ့ရင် NLD က ခြေဥကို တက်တဲ့ကိုယ်စားလှယ်ရဲ့ ၇၅% ကျော်က ထောက်ခံပြီး အလွယ်တကူပြင်လို့ရသွားပါမယ်။ ဒါ့ကြောင့်မိုလို့ ကြံ့ဖွတ်နဲ့ တပ်ကိုယ်စားလှယ်တွေဟာ ဘာမှရွေးစရာလမ်းမရှိဘဲ ယခုလွှတ်တော်ကို လာကိုတက်ရမှာပါလို့ ပြောပါရစေ။ သူတို့မတက်ရင် သူတို့အတွက်ဆိုးကျိုးကသာ များပါလိမ့်မယ်။ သူတို့လဲ ဆေးတွေစစ်နေကြပါပြီ။
လာမတက်ရင်တော့ NLDက ခြေဥပြင်ခွင့်ကို ၂၀၀၈ ခြေဥဘောင်အတွင်းက ရသွားမှာပါ။ ကြိုက်ရာလမ်းကို ရွေးနိုင်ပါတယ်လို့ ပြောပါရစေ။",2.0,3.0,2.0,4.0,4.0,"The text provides a political analysis of the post-election landscape in Myanmar. It uses logical steps to explain the consequences of a parliamentary boycott. It is written in natural, idiomatic Burmese, reflecting local political discourse, though it is an opinion piece rather than a neutral educational resource."
<urn:uuid:d264a239-73b0-4af7-8aba-286b34cb5cad>,"ဝိုင် (အရက်)
|ဝိုင်နီနှင့် ဝိုင်ဖြူ|
ဝိုင်ဆိုသည်မှာ မူးယစ်စေတတ်သော အဖျော်ယမကာ တစ်မျိုး ဖြစ်သည်။ အင်္ဂလိပ်စကားလုံး Wine သည် အများအားဖြင့် စပျစ်သီးမှ ချက်လုပ်ထားသော ဝိုင်အရက်ကို ရည်ညွှန်းခြင်း ဖြစ်သော်လည်း လူအများစုက အခြား အသီးအနှံများမှ ချက်လုပ်သော ဝိုင်အရက် (ဥပမာ မက်မန်းဝိုင်၊ ပန်းသီးဝိုင်) စသည်တို့ကိုလည်း ဝိုင် ဟု ခေါ်ဆို သုံးနှုန်းလေ့ ရှိကြသည်။
ဝိုင်ကို စပျစ်သီးအတွင်းမှ သကြားဓာတ်ကို ကဇော်ပေါက်ခြင်းဖြင့် ချက်လုပ်ကြသည်။ ပုံမှန်အားဖြင့် ဝိုင်ဖြူနှင့် ဝိုင်နီ ဟူ၍ နှစ်မျိုး နှစ်စား ရှိတတ်သည်။ ဝိုင်နီကို စပျစ်သီး အနီဖြင့် ချက်လုပ် ကြပြီး ဝိုင်ဖြူကို စပျစ်သီး အဖြူဖြင့် ချက်လုပ်ကြသည်။ နှင်းဆီဝိုင်ကိုမူ စပျစ်သီးအနီရောင်မှ ပြုလုပ်ပြီး စပျစ်သီး အခွံနှင့် ခဏတာမျှသာ ထိတွေ့ပြီး ချက်လုပ်ကြသည်။ ဝိုင်၏ အရောင်မှာ စပျစ်သီး အခွံမှ ရရှိခြင်း ဖြစ်သဖြင့် စပျစ်သီး အခွံနှင့် ခဏတာမျှသာ ထိတွေ့ခြင်းကြောင့် အရောင်ဖျော့ပြီး ပန်းရောင်ရှိသော နှင်းဆီဝိုင်ကို ရရှိသည်။ ဝိုင်အတွင်းတွင် အမြှုပ်ထနေသော ဝိုင်ကို စပါကလင်ဝိုင်ဟု သိကြသည်။ စပါကလင်ဝိုင်များတွင် အထင်ရှားဆုံးမှာ ပြင်သစ်မှ ထုတ်လုပ်သော ရှန်ပိန် ဖြစ်သည်။
လူတို့သည် ဝိုင်ကို ချက်လုပ်ခဲ့ကြသည်မှာ နှစ်ပေါင်း ၅၀၀၀ ကျော် ကြာမြင့်ခဲ့ပြီ ဖြစ်သည်။
ဝိုင်(အရက်) ပြုလုပ်သည့်အတတ်မှာ ရှေးပဝေ သဏီကပင် ရှိခဲ့လေသည်။ ထိုအတတ်သည် မည်သူက စတင်တီထွင်ခဲ့ ကြောင်းကို မသိနိုင်လောက်အောင်ပင် ကြာရှည်ခဲ့လေပြီ။ သို့သော် ရှေး ခေတ် အီဂျစ်လူမျိုးများသည် သူတို့၏ ယဉ်ကျေးမှုပွင့်လင်းလာစကပင် ဝိုင် အရက်များကို ပြုလုပ်လာ ကြကြောင်း သိရပေသည်။
ဝိုင်အရက်ကို စတင်သုံးသောက်လာကြသည့် အကြောင်းရင်းမှာ ဤသို့ဖြစ်ဟန်တူ၏။ ရှေးခေတ်လူမျိုးတွင် သန့်ရှင်းစင်ကြယ်သော သောက် ရေမှာ အရနည်းခဲ့သည်။ ထို့ကြောင့် ရေ စားသောက်စရာ တစ်ခုခုကို ဠကံ ဆလာကြရာမှ ဝိုင်အရက်ကို ပြုလုပ်လာကြ၏။ ထိုဝိုင်အရက်သည် မသန့် ရှင်းသောရေကို သောက်ခြင်းထက် လူတို့အား ဘေးဥပဒ်မဖြစ်စေဘဲ ကျန်း မာစေကြောင်းကို သိလာကြ၏။ ရှေးလူတို့သည် သစ်သီးရေများကို ကဇော် ဖောက်ထားခြင်းဖြင့် မပျက်စီးနိုင်ကြောင်းကိုလည်း သိလာကြသည်။ ထို့ ကြောင့် ဝိုင်အရက်သောက်ခြင်းကို စတင်ခဲ့ရာ များစွာသော ကမ္ဘာ့ဒေသများ သို့ ပျံ့နှံခဲ့လေ၏။ အထူးသဖြင့် လက်တင်တိုင်းပြည်များတွင် ဝိုင်အရက်မှာ လက်တင် လူမျိုးတို့၏ နေ့စဉ်အစာအဟာရထဲတွင် အပါအဝင်ဖြစ်လေသည်။ ဝိုင်အရက်မှာ များသောအားဖြင့် စပျစ်သီးမှ ပြုလုပ်သောကြောင့် မြန်မာတို့က စပျစ်ရည်ဟုပင်ခေါ်ကြ၏။ ဝိုင်အရက်ကို ပန်းသီး၊ ချယ်ရီသီး၊ ဗလက်ဗယ်ရီသီးများဖြင့်လည်း ပြုလုပ်နိုင်သည်။ သို့သော် စပျစ်သီးများဖြင့် သာ များသောအားဖြင့် ပြုလုပ်လေ့ရှိ၏။
ဝိုင်အရက်ပြုလုပ်ပုံမှာ စပျစ်သီးမှည့်မှည့်များကို ဒလိမ့်ကြီးနှစ်ခု ကြားတွင်ထည့်၍ ဖိည|စ်ချ၏။ သို့သော် အစေ့များကြေမသွားစေရန် ဒလိမ့် နှစ်ခုတို့ကို အနည်းငယ်ခွာထားရသည်။ အသီးများကို ဖိည|စ်လိုက်၍ ထွက် ကျလာသော အရည်များကို စည်ကြီးများထဲတွင် သိုလှောင်ထားပြီးလျှင် ကဇော်ဖောက်ထား၏။ ပထမဆုံးည|စ်ချ၍ ထွက်လာသောအရည်မှာ လက် ရွေးစင် ဝိုင်အရက်ဖြစ်၍ ယင်းကို တသီးတခြားဖယ်ထားရ၏။ ကဇော် ဖောက်ခြင်းကို လိုအပ်မည့်အချိန်အပိုင်းအခြားအလိုက်ထား၍ အချိန်စေ့သော
အခါ အခြားစည်ကြီးများထဲသို့ပြောင်းရွှေ့ကာ သောက်သုံး၍ကောင်းမည့် အချိန်အထိ ထားရ၏။ ထိုအချိန်အတွင်း၌ ဝိုင်အရက်၌ပါသော ဓာတ် သဘာဝများ ပြောင်းလဲလာ၍ ဝိုင်အရက်၏ အနံ့အရသာများဖြစ်ပေါ်လာ၏။ ဝိုင်အရက်နှစ်မျိုးနှစ်စားရှိရာ ဝိုင်အရက်အချိုမျိုးနှင့် ဒရိုင်းဝိုင်ခေါ် မချိုလွန်းသော ဝိုင်အရက်မျိုးဖြစ်၏။ ဝိုင်အရက် အချို့တွင် သကြားဓာတ် များများပါ၍ ဒရိုင်းဝိုင်တွင်ကား သကြားဓာတ်များကို အရက်ပျံများများဖြစ် သွားအောင် ပြုလုပ်ထားလေသည်။ ဝိုင်အရက်ကို အသွေးအရောင်နှင့် အရသာကို လိုက်၍ ခွဲခြားထားခြင်းလည်းရှိသေးသည်။ များစွာသော ဝိုင် အရက်များကို ယင်းတို့လုပ်ကိုင်ရာ ဒေသများကိုအစွဲပြု၍ ခေါ်ဝေါ်ကြ၏။ ဥရောပတစ်တိုက်လုံးမှထွက်သော ဝိုင်အရက်၏ သုံးပုံတစ်ပုံမှာ ပြင်သစ်နိုင်ငံ မှလာ၏။ အခြားအရေးပါသော ဝိုင်အရက်ထွက်သည့်နိုင်ငံနှင့် ဝိုင်အမည် များမှာ ဂျာမဏီ(ရိုင်းဝိုင်)၊ စပိန်(ရှယ်ရီ)၊ ပေါ်တူဂီ(ပို့ဝိုင်)၊ အီတလီ(ရှန်တီ) နှင့် (ဗာရိုလို)၊ ဟန်ဂေရီ(တိုကေး) တို့ဖြစ်ကြ၏။ အယ်လဂျီးရီးယားနှင့် တောင်အာဖရိကတိုက်များမှလည်း ဝိုင်အရက် ထွက်သေးသည်။ ယခုအခါ အမေရိကန်ပြည်ထောင်စုနိုင်ငံ၊ ကာလီဖိုးနီးယားပြည်နယ်မှာ ဝိုင်အရက် အများဆုံး ထွက်သောဒေသဖြစ်၏။ ဝိုင်အရက်ထွက်နိုင်သော ဒေသများမှာ စပျစ်ပင်များစွာ စိုက်ပျိုးနိုင်၍ ထိုအသီးများမှည့်ရန် နေရောင်ကောင်းကောင်း ရသော ဒေသများဖြစ်ကြ၏။[၁]
ကိုးကား[ပြင်ဆင်ရန်]
- မြန်မာ့စွယ်စုံကျမ်း၊ အတွဲ(၁၂)",4.0,2.0,2.0,4.0,3.0,"The text is an informative, encyclopedic entry about wine, suitable for general education. It explains history, production, and types clearly. It is well-structured, clean, and uses natural Burmese, though it lacks deep analytical reasoning or highly specialized technical complexity. It references the Myanmar Encyclopedia, adding to its reliability."
<urn:uuid:cebe318b-2f20-439e-af71-28dd2e5ed083>,"By ဝင်းနန္ဒာ/Myanmar Now
2/04/2019
ရန်ကုန်တိုင်း စစ်ဌာနချုပ်မှ အရာရှိတစ်ဦးက ဆက်သွယ်ရေး ဥပဒေ ပုဒ်မ ၆၆ (ဃ) ဖြင့် ရုပ်ရှင်ဒါရိုက်တာ မင်းထင်ကိုကိုကြီးအား အမှုဖွင့်ထားသည်မှာ ၎င်း Facebook ပေါ်တွင် ရေးသားခဲ့သည့် ရေးသားချက် ၁၀ ခုကြောင့် ဖြစ်ကြောင်း ယနေ့ သိရှိရသည်။
၎င်း၏Facebook “Ko Ko Gyi” တွင် ဖေဖော်ဝါရီ ၁၅ ရက်နေ့မှ မတ်လ ၂၂ ရက်နေ့အတွင်း ရေးသားခဲ့သည့် ရေးသားမှုများသည် တပ်မတော်ကို ဂုဏ်သိက္ခာ ကျဆင်းစေသည်ဟု ဆိုကာ အင်းစိန်မြို့နယ်ရဲစခန်းတွင် အမှုဖွင့်ခံထားရခြင်း ဖြစ်ကြောင်း ရဲတပ်ဖွဲ့က ၎င်းကို ပြောဆိုခဲ့သည်ဟု သိရှိရသည်။
ထိုရက်များအတွင်း ၎င်း၏ရေးသားချက်များတွင် တပ်မတော်က လွှတ်တော်တွင် ၂၅ ရာခိုင်နှုန်း ဝင်ရောက် နေရာယူထားမှု၊ လွှတ်တော်တွင် တပ်ကိုယ်စားလှယ်များက ဖွဲ့စည်းပုံ အခြေခံဥပဒေ ပြင်ဆင်ရေး ဆောင်ရွက်ချက်များကို ကန့်ကွက်မှုများ အကြောင်း ဝေဖန်ထားသည်ကို တွေ့ရသည်။
ယနေ့ နေလယ် ၁၂ နာရီက ရဲစခန်းတွင် သွားရောက် စစ်ဆေးခံခဲ့ကြောင်း၊ ရဲစခန်းက ၎င်းကို အာမခံဖြင့် ပြန်လွှတ်လိုက်ကြောင်း မင်းထင်ကိုကိုကြီးက ပြောသည်။
၎င်းအား မတ်လ ၂၉ ရက်နေ့တွင် အမှုဖွင့်ခဲ့သူမှာ ရန်ကုန်တိုင်းစစ်ဌာနချုပ်မှ ဒုတိယဗိုလ်မှူးကြီး လင်းထွန်းဖြစ်သည်။ အမျိုးသားဒီမိုကရေစီအဖွဲ့ချုပ်မှ ကိုမျိုးရန်နောင်သိန်း၊ The Voice ဂျာနယ်မှ တာဝန်ရှိသူတို့ကိုလည်း လွန်ခဲ့သည်နှစ်များက တပ်မတော်ကို အသရေညိုးနွမ်းအောင်ပြုသည် ဟူသော အလားတူ စွဲချက်ဖြင့် တရားစွဲခဲ့သူမှာလည်း ဒုတိယဗိုလ်မှူးကြီး လင်းထွန်းဖြစ်သည်။
မင်းထင်ကိုကိုကြီးက တရားဥပဒေ လမ်းကြောင်းအတိုင်း ရင်ဆိုင်ဖြေရှင်းသွားမည်ဟု ရဲစခန်းမှ ပြန်အထွက်တွင် သတင်းထောက်များကို ပြောကြားခဲ့သည်။
“မြန်မာနိုင်ငံသူ မြန်မာနိုင်ငံသားတွေ နိုင်ငံရေးအရ မှန်ကန်တဲ့အသိလေးတွေ ရစေချင်တဲ့စိတ် ကိုယ့်မှာရှိတယ်။ ဘယ်အဖွဲ့အစည်း ဘယ်ပုဂ္ဂိုလ်တစ်ဦး တစ်ယောက်ကို လည်းကောင်း ပုတ်ခတ်စော်ကားလိုခြင်း ကိုယ့်မှာ မရှိဘူး” ဟု ၎င်းက ပြောသည်။
ဒါရိုက်တာမင်းထင်ကိုကိုကြီးသည် လူ့အခွင့်အရေးဆိုင်ရာ မှတ်တမ်းရုပ်ရှင်များ ရိုက်ကူးထုတ်လုပ်ခဲ့သည့် လူ့ဂုဏ်သိက္ခာရုပ်ရှင်သိပ္ပံကို တည်ထောင်သူလည်း ဖြစ်ပြီး ၂၀၀၈ ဖွဲ့စည်းပုံအခြေခံဥပဒေအရ စစ်တပ်က မြန်မာ့နိုင်ငံရေးတွင် ဝင်ရောက်နေရာယူထားမှုနှင့် ပတ်သက်ပြီး ၎င်း၏ Facebook စာမျက်နှာပေါ်တွင် ပြင်းပြင်းထန်ထန် ကန့်ကွက် ရေးသားနေသူဖြစ်သည်။
သူရင်ဆိုင်ရမည့် ဆက်သွယ်ရေး ဥပဒေပုဒ်မ ၆၆ (ဃ) သည် ပြစ်မှုထင်ရှားပါက အမြင့်ဆုံးထောင်ဒဏ် ၂ နှစ်အထိ ချမှတ်နိုင်သည့် ပုဒ်မ ဖြစ်သည်။
၂၀၁၉ ခုနှစ် ဖေဖော်ဝါရီ ၄ ရက်နေ့ အထိ ဆက်သွယ်ရေး ဥပဒေ ပုဒ်မ ၆၆ (ဃ) ဖြင့် တရားစွဲဆိုမှုများမှာ ၁၇၉ မှု ရှိပြီ ဖြစ်ကြောင်း အသံ(လွတ်လပ်စွာထုတ်ဖော်ပြောဆိုလှုပ်ရှားမှုအဖွဲ့) က ထုတ်ပြန်ထားသည်။
==
ပုံစာ – ၂၀၁၉ ဧပြီ ၂ ရက်နေ့က ရန်ကုန်၊ အင်းစိန်မြို့နယ် ရဲစခန်းသို့ ရောက်လာသော ဒါရိုက်တာမင်းထင်ကိုကိုကြီး
(ဓာတ်ပုံ – ဝင်းနန္ဒာ/Myanmar Now)",2.0,2.0,2.0,5.0,5.0,"This is a well-written news report about a legal case in Myanmar. It provides factual information about political and legal events, uses natural Burmese phrasing, and is free of formatting errors. It requires basic knowledge of the local political context to fully comprehend, making it a high-quality, authentic journalistic text."
<urn:uuid:6a579db5-e110-476a-8c2c-92e25c00e1e3>,"Background
ယခုရက်ပိုင်းအတွင်း အိန္ဒိယမွန်ဘိုင်းဈေးကွက်မှာ မြန်မာပဲစင်းငုံနီနှင့် မတ်ပဲကို ပဲခွဲစက်နှင့် ကုန်သည်များက ဈေးမေး စုံစမ်းဝယ်ယူမှုများလာခြင်းကြောင့် ပဲစင်းငုံနီ ဈေး သိသာစွာမြင့်တက်လာပြီး မတ်ပဲဈေးလည်း မြင့်တက်လာခဲ့ပါတယ်။ ချန်နိုင်း ဈေးကွက်မှာလည်း အဝယ်လိုက်လို့ မတ်ပဲ၊ ပဲစင်းငုံနီ ဈေးခိုင်နေပါတယ်။ ဒေလီဈေး ကွက်မှာတော့ သီးနှံအသစ် ပေါ်နေတဲ့အပြင် အဝယ်ထိုင်းလို့ ကုလားပဲဈေးကျနေပါ တယ်။
အိန္ဒိယနနွင်းစိုက်ပျိုးသူများဟာ ဈေးနှုန်းပိုမိုမြင့်တက်မယ့်အလားအလာကြောင့် အရည်အသွေးကောင်း နနွင်းများကို ပြန်လည်သိုလှောင် လာကြတယ်လို့သိရပါတယ်။ ဒါပေမဲ့ အရည်အသွေးအသင့်အတင့်ကောင်းတဲ့ နနွင်းများကိုသာ ဈေးကွက် ယူဆောင်လာတဲ့အတွက် မေ ၂၂ ရက်မှာ ဈေးကျဆင်းခဲ့ကြောင်းသိရပါတယ်။
အိန္ဒိယမွန်ဘိုင်းဈေးကွက် ၅-၁-၂၀၁၂ (ဒေါ်လာ/တန်) ၂၉-၁၂-၂၀၁၁ ၅-၁-၂၀၁၂ ပြောင်းလဲမှု မတ်ပဲ ၆၂၄ ၆၃၇ ပဲတီစိမ်းရိုးရိုး ၇၇၃ ၇၉၃ - ပဲတီရွှေဝါ ၈၄၈ ၈၆၈ ပဲစင်းငုံ ၆၁၇ ၆၄၆ ကုလားပဲဖြူလုံးကြီး ၆၄၆ ၆၃၅
အိန္ဒိယမွန်ဘိုင်းဈေးကွက် ၂၉-၁၂-၂၀၁၁ (ဒေါ်လာ/တန်) ၂၂-၁၂-၂၀၁၀ ၂၉-၁၂-၂၀၁၀ ပြောင်းလဲမှု မတ်ပဲ ၆၀၈ ၆၂၄ ပဲတီစိမ်းရိုးရိုး ၇၇၂ ၇၇၃ - ပဲတီရွှေဝါ ၈၄၈ ၈၄၈ ပဲစင်းငုံ ၆၁၀ ၆၁၇ ကုလားပဲဖြူလုံးကြီး ၆၇၂ ၆၄၆
အိန္ဒိယမွန်ဘိုင်းဈေးကွက် ၂၂-၁၂-၂၀၁၁ (ဒေါ်လာ/တန်) ၂၄-၁၁-၂၀၁၀ ၃၀-၁၁-၂၀၁၀ ပြောင်းလဲမှု မတ်ပဲ ၆၂၈ ၆၀၈ ပဲတီစိမ်းရိုးရိုး ၇၆၃ ၇၇၂ - ပဲတီရွှေဝါ ၈၂၈ ၈၄၈ ပဲစင်းငုံ ၆၂၈ ၆၁၀ ကုလားပဲဖြူလုံးကြီး ၆၀၁ ၆၇၂
အိန္ဒိယမွန်ဘိုင်းဈေးကွက် ၁၅-၁၂-၂၀၁၁ (ဒေါ်လာ/တန်) ၂၄-၁၁-၂၀၁၀ ၃၀-၁၁-၂၀၁၀ ပြောင်းလဲမှု မတ်ပဲ ၆၂၀ ၆၂၈ ပဲတီစိမ်းရိုးရိုး ၇၇၂ ၇၆၃ - ပဲတီရွှေဝါ - ၈၂၈ ပဲစင်းငုံ ၆၁၉ ၆၂၈ ကုလားပဲဖြူလုံးကြီး ၆၂၃ ၆၀၁
အိန္ဒိယမွန်ဘိုင်းဈေးကွက် ၈-၁၂-၂၀၁၁ (ဒေါ်လာ/တန်) ၂၄-၁၁-၂၀၁၀ ၃၀-၁၁-၂၀၁၀ ပြောင်းလဲမှု မတ်ပဲ ၆၀၁ ၆၂၀ ပဲတီစိမ်းရိုးရိုး ၇၈၄ ၇၇၂ - ပဲစင်းငုံ ၅၉၁ ၆၁၉ ကုလားပဲဖြူလုံးကြီး ၆၁၃ ၆၂၃
အိန္ဒိယမွန်ဘိုင်းဈေးကွက် ၃၀-၁၁-၂၀၁၁ (ဒေါ်လာ/တန်) ၂၄-၁၁-၂၀၁၀ ၃၀-၁၁-၂၀၁၀ ပြောင်းလဲမှု မတ်ပဲ ၆၄၂ ၆၀၁ ပဲတီစိမ်းရိုးရိုး ၇၈၄ ၇၈၄ - ပဲစင်းငုံ ၆၂၃ ၅၉၁ ကုလားပဲဖြူလုံးကြီး ၆၄၅ ၆၁၃
အိန္ဒိယမွန်ဘိုင်းဈေးကွက် ၂၄-၁၁-၂၀၁၁ (ဒေါ်လာ/တန်) ၁၇-၁၁-၂၀၁၀ ၂၄-၁၁-၂၀၁၀ ပြောင်းလဲမှု မတ်ပဲ ၆၈၂ ၆၄၂ ပဲတီစိမ်းရိုးရိုး ၇၉၁ ၇၈၄ - ပဲစင်းငုံ ၆၄၇ ၆၂၃ ကုလားပဲဖြူလုံးကြီး ၆၆၂ ၆၄၅
ပြောင်းအပြင် ပဲနဲ့နှမ်းများကိုလည်း ဖောက်စစ်ပေးစေလိုတဲ့ဆန္ဒ မူဆယ်ကုန်သည်များမှာ ရှိနေတယ်လို့ ကုန်စည်ဒိုင်မှူး ဦးအောင်ကြည်က ပြောကြားခဲ့ပါတယ်။ ယင်းကိစ္စနဲ့ပက်သက်ပြီး မူဆယ်စခန်း တာဝန်ခံက ပဲပြောင်းနှမ်း ကုန်စည်ဒိုင်မှာ ပြောင်းအပြင် အခြားပဲနဲ့ နှမ်းများပါ ဈေးကွက်ဖြစ်ပေါ်အောင်ကြိုးစားဖို့လိုအပ်ကြောင်း၊ ပြောင်းဈေးကွက် မိမိဘက်ဖြစ်ပေါ်ရေး ကုန်သည်များကုမ္ပဏီများ စည်းလုံးညီညွတ်မှုရှိဖို့ လိုအပ်ကြောင်း၊ နိုင်ငံတော်မှ NGO များကို မြေတောင်မြှောက်ပေးနေချိန်မှာ ဌာနဆိုင်ရာက မူဘောင်နဲ့အညီ ကူညီပံ့ပိုး ပေးနေသလို အသင်းအဖွဲ့များက ကြိုးပမ်းအားထုတ်ကြဖို့လိုကြောင်း ပြော ကြားပါတယ်။ ပဲနှမ်းဈေးများမှာ ရန်ကုန်ဘုရင့်နောင်ကုန်စည်ဒိုင်ရဲ့ ဈေးများဖြစ်နေ တဲ့အတွက် နေ့စဉ်တစ်ဘက် ကုန်သည်နဲ့ အမှန်တကယ်အရောင်းအဝယ်ဖြစ်တဲ့ ဈေးနှုန်းအတိုင်း ဈေးဖွင့်ရန်လိုအပ်ကြောင်း၊ ဝယ်ယူတဲ့ နိုင်ငံမတူလျှင် ဈေးနှုန်းလည်း မတူနိုင်ကြောင်း၊ ဒါပေမဲ့ အမှန်တကယ်ဈေးကွက် မဖြစ်သေးတာကြောင့် ဈေးနှုန်းလည်း မဖွင့်နိုင်သေးဘဲ ဖြစ်နေတာလို့ စခန်းတာဝန်ခံ ဦးရန်နိုင်ထွန်းက ဆိုပါတယ်။ ပဲနဲ့နှမ်းကို မိမိဘက်ဈေးကွက်ဖြစ်ပေါ်ရေးအတွက် ကုန်သည်များက ကြိုးစားဆောင်ရွက်ရန်လိုကြောင်း၊ ပဲနဲ့နှမ်းကို ပြောင်းကဲ့သို့ ဈေးကွက်ဖြစ်ပေါ်ရေး၊ မိမိအကျိုးစီးပွား တစ်ခုတည်းကို မကြည့်ဘဲ အမျိုးသားအကျိုးစီးပွားကို ကြည့်ရှုရန် လိုအပ်ကြောင်း၊ စည်းလုံးညီညွတ်မှုမရှိဘဲ တစ်ဦးကောင်းမလုပ် ကြရန်နဲ့ တစ်ဖက်ကုန်သည် လာရောက်ဝယ်ယူတဲ့အဆင့်သို့ရောက်ရှိရေး ကုန်စည်ဒိုင်နဲ့ ပူးပေါင်းဆောင် ရွက်ရန်လိုကြောင်းလို့ စခန်းတာဝန်ခံက ပြောကြားခဲ့တယ်လို့ သတင်းရရှိပါတယ်။ MIRT(DOBT)",2.0,2.0,3.0,2.0,4.0,"The text provides specific market analysis and trade data relevant to Burmese agriculture. It demonstrates basic reasoning regarding market trends. While it contains useful economic information, the formatting of the data tables is messy and repetitive, and it lacks the structured pedagogical approach required for higher educational or professionalism scores."
<urn:uuid:e11013e0-f245-4856-977b-be61dfde9b34>,"အိမ်တွင် သိမ်းထားသော ကြွက်များအားလုံးသည် အပင်အစာများ- လတ်ဆတ်သော ဟင်းသီးဟင်းရွက်များ၊ ကောက်နှံများ၊ သစ်သီးများ၊ အဆိပ်မရှိသော အပင်များ၏ အကိုင်းအခက်များနှင့် မြက်ပင်များကို စားကြသည်။ ဥယျာဉ်စိုက်ပင်များရာသီတွင်၊ ဂရုစိုက်သောပိုင်ရှင်သည် ၎င်း၏အိမ်မွေးတိရစ္ဆာန်ကို ကြွပ်ကြွပ်ဆတ်ဆတ်၊ ကျန်းမာပြီး အရည်ရွှမ်းသောလက်ဆောင်များဖြင့် ဥယျာဉ်မှ လက်ဆောင်များပေးလိုပါသည်။ ထို့ကြောင့်၊ ဂီနီဝက်ခရမ်းချဉ်သီးနှင့်သခွားသီးကိုပေးဆောင်ရန်ဖြစ်နိုင်သည်ဟူသောမေးခွန်းပေါ်လာသည်။
ခရမ်းချဉ်သီးတစ်လုံး
လတ်ဆတ်သော ခရမ်းချဉ်သီးသည် တိရစ္ဆာန်၏ ခန္ဓာကိုယ်ကို အကျိုးပြုသည့် ဇီဝဗေဒဆိုင်ရာ ပစ္စည်းများ သိုလှောင်ရာနေရာဖြစ်သည်။ Pectins၊ အမိုင်နိုအက်ဆစ်၊ ဗီတာမင် A နှင့် C သည် ထုတ်ကုန်တွင်ပါရှိသော အစိတ်အပိုင်းများ၏ ပြီးပြည့်စုံသောစာရင်းမဟုတ်ပါ။ ခရမ်းချဉ်သီးကို guinea ဝက်များထံ ကမ်းလှမ်းနိုင်သော်လည်း ထိုသို့သောကိစ္စများတွင်သာ
- သေသေချာချာ ဆေးကြော၍ ပုပ်စော်နံခြင်းမရှိ။
- ဥယျာဉ်လက်ဆောင်၏ ရင့်ကျက်မှုနှင့် ပတ်သက်၍ သံသယဖြစ်စရာမရှိပါ။
- သီးနှံများကို ၎င်း၏ဥယျာဉ်မှ ရိတ်သိမ်းထားသောကြောင့် ၎င်း၏အရည်အသွေးနှင့် ဘေးကင်းမှုကို သေချာစွာ ဆောင်ရွက်နိုင်မည်ဖြစ်သည်။
ခရမ်းချဉ်သီးကို ပမာဏအနည်းငယ်ဖြင့် တိရစ္ဆာန်အား ပေးသည် - 1 ချက်စာအတွက် ဆီ၊ အချဉ်မုန့်နှင့် အခြားဖြည့်စွက်စာများ မပါဝင်ဘဲ ပါးပါးလှီးထားသော အနည်းငယ်မျှ လုံလောက်ပါသည်။ ခရမ်းချဉ်သီးကို အလွန်အကျွံကျွေးခြင်းက ဝမ်းလျှောခြင်းနှင့် အထွေထွေကျန်းမာရေးကို ယိုယွင်းစေသည်။
အရေးကြီးသည်! အမှည့်မမှည့်သောအသီးအနှံများကို အိမ်မွေးတိရစ္ဆာန်၏အစားအစာတွင် ထည့်သွင်းသင့်သည်၊ ၎င်းတို့တွင် တိရစ္ဆာန်သေဆုံးမှုကိုဖြစ်စေသော အဆိပ်ဖြစ်စေသော solanine ပါ၀င်သောကြောင့် မည်သည့်အခြေအနေတွင်မဆို စားသုံးသင့်ပါသည်။ ခရမ်းချဉ်သီးထိပ်များကို ကြွက်များအတွက် တားမြစ်ထားသော အစားအစာများစာရင်းတွင်လည်း ထည့်သွင်းထားသည်။
ဗီဒီယို- ဂီနီဝက်၏ အစားအစာတွင် ခရမ်းချဉ်သီး
သခွားသီး
သခွားသီးမှည့်သည် ရေ၊ ပိုတက်စီယမ်နှင့် ဗီတာမင်စီ အရင်းအမြစ်တစ်ခုဖြစ်သည်။ အိမ်မွေးတိရစ္ဆာန်သည် အရည်ရွှမ်းသော သဘာဝထုတ်ကုန်၏ အရသာကို နှစ်သက်သည်။ လတ်ဆတ်သောအသီးအနှံများသည် ရေငတ်ခြင်းကို ပြေပျောက်စေပြီး အခြားသော အစားအစာများနှင့်အတူ ပါ၀င်သော ကြွက်များ၏ ခန္ဓာကိုယ်တွင်း အသုံးဝင်သော ပစ္စည်းများ စုပ်ယူမှု လုပ်ငန်းစဉ်ကို ပုံမှန်ဖြစ်စေသည်။
ရာသီတွင်၊ ဂီနီဝက်များသည် ၎င်းတို့၏ကိုယ်ပိုင်ဥယျာဉ်တွင် စိုက်ပျိုးထားသော သခွားသီးများကို ပေးကြသည်။ ဖန်လုံအိမ်မှ ဝယ်ယူထားသော သီးနှံတွင် သေးငယ်သော ပမာဏတွင်ပင် တိရစ္ဆာန်၌ အဆိပ်သင့်ခြင်းကို ဖြစ်စေပြီး သေစေသည့် နိုက်ထရိတ်များ ပါဝင်နိုင်သည်။
သခွားသီးကို ဂီနီဝက်များကို အလယ်အလတ်တွင်သာ ပေးဆောင်နိုင်သည်- စားသုံးမှုတစ်ခုတည်းသည် အလတ်စားအသီး၏ လေးပုံတစ်ပုံနှင့် ညီမျှသည်။
အစိမ်းရောင် ဟင်းသီး ဟင်းရွက်ကို အလွဲသုံးစားလုပ်ခြင်းက အစာခြေလမ်းကြောင်းဆိုင်ရာ ပြဿနာများကို ဖြစ်စေသည်။
ပူဇော်နည်း
အသီးအရွက်အားလုံးကို လတ်လတ်ဆတ်ဆတ် တိရစ္ဆာန်ကို ပေးသည်။ ဆား၊ အချဉ်၊ စည်သွတ်သီးများသည် အိမ်မွေးတိရစ္ဆာန်များအတွက် အန္တရာယ်ရှိသော အစားအစာဖြစ်သည်။ အချဉ်နှင့် အဆာပြေ မှန်သမျှတွင် သကြား၊ ရှာလကာရည်၊ ဟင်းခတ်အမွှေးအကြိုင်များနှင့် ဆားပမာဏများစွာ ပါဝင်ပါသည်။ သေးငယ်သောတိရစ္ဆာန်များ၏ မီနူးတွင် ဤအမွှေးအကြိုင်များကို ခွင့်မပြုပါ။
ဥယျာဉ်မှ အရည်အသွေးကောင်းမွန်သော အသီးအနှံများသည် သင့်အိမ်မွေးတိရစ္ဆာန်များ၏ အစားအစာကို ပိုမိုကောင်းမွန်စေပြီး ကျန်းမာပြီး အမျိုးမျိုးဖြစ်စေသည်။
မင်းရဲ့ကိုယ်ပိုင်ဥယျာဉ်ထဲက အိမ်မွေးတိရိစ္ဆာန်တစ်ကောင်ကို မင်းနောက်ထပ်ဘာတွေပေးနိုင်မလဲ။ “ဂီနီဝက်သည် ပဲစေ့နှင့် ပြောင်းဖူးကို စားနိုင်သလား” ဆောင်းပါးများတွင် ၎င်းအကြောင်းဖတ်ပါ။ “ဂီနီဝက်တွေက ပန်းသီးနဲ့ သစ်တော်သီးတွေကို စားနိုင်သလား။”
ကျွန်ုပ်၏ ဂီနီဝက်သခွားသီး သို့မဟုတ် ခရမ်းချဉ်သီးကို ပေးနိုင်ပါသလား။
4.3 (85.56%) 18 မဲ",4.0,3.0,2.0,3.0,2.0,"The text provides clear, structured, and accurate nutritional advice for pet owners. It uses logical warnings regarding toxicity (solanine, nitrates) and portion control. While the language is natural, the structure includes some minor web-boilerplate (video links, rating widgets), and the content is a practical guide rather than a deep academic or cultural text."
<urn:uuid:b3b5efa0-fba7-462e-97c2-42b3db8a1df6>,"မြန်မာ-ဘင်္ဂလာဒေ့ရှ် နှစ်နိုင်ငံ နယ်စပ်တွင် မြန်မာဘက်က ၃ လကျော်ကြာ ပိတ်ထားခဲ့သော ၇ ရက် ပတ်စ်ပို့နှင့် တပတ်ခန့် ပိတ်ထားလိုက်သော တရက် ပတ်စ်ပို့တို့ဖြင့် နှစ်နိုင်ငံ ကူးသန်းသွားလာခွင့်များကို မြန်မာဘက်က ၂၄ ရက်နေ့တွင် ပြန်ဖွင့်ပေးလိုက်ကြောင်း သတင်းရရှိသည်။
ဘင်္ဂလာဒေ့ရ်ှနိုင်ငံ တာ့ခ်နာမြို့ရှိ နယ်ခြားစောင့်တပ်နှင့် နီးစပ်သူတဦးက “နှစ်နိုင်ငံ ကူးသန်းသွားလာ ခွင့်တွေကို မြန်မာဘက်က ပြန်ဖွင့်ပေးလိုက်တော့ မြန်မာ ကုန်သည်တွေလည်း လာတယ်။ ကျနော်တို့ ဘင်္ဂလားဒေ့ရ်ှဘက်က ကုန်သည်တွေလည်း မြန်မာဘက်ခြမ်း မောင်တောကို သွားနေကြပါပြီ။ နယ်စပ်ဖွင့်တာတော့ ဘယ်နေ့ ပြန်ဖွင့်မယ် ဆိုတာတော့ အကြောင်းကြားတယ်။ နယ်စပ်ကို ဘာကြောင့်ပိတ်တယ်၊ ဘာကြောင့်ဖွင့်တယ် ဆိုတာကို ကျနော်တို့ကို ဘာမှ ပြောတာမရှိဘူး” ဟု ပြောသည်။
နယ်စပ်ပြန်ဖွင့်သည့်အတွက် မောင်တောမြို့မှ ဘင်္ဂလားဒေ့ရှ် နိုင်ငံဘက်အခြမ်း တာ့ခ်နာမြို့သို့ စောင်၊ လုံချည်စသည့် ပစ္စည်းများတင်ကာ သွားလာနေပြီဖြစ်ကြောင်း တရက် ပတ်စ်ပို့သမားများကို သယ်ပို့ပေးသူ မြန်မာ စက်လှေသမားတဦးက ဆိုသည်။
နှစ်နိုင်ငံ ကူးသန်းသွားလာခွင့် ၇ ရက်ပတ်စ်ပို့နှင့် တရက်ပတ်စ်ပို့ လမ်းကြောင်းများကို ယခုနှစ် ဇွန်လ ၈ ရက်နေ့တွင် ရခိုင်ပြည်နယ်တွင်း ပရိပက္ခများကြောင့် မြန်မာဘက်ကပိတ်ခဲ့သည်။ သြဂတ်လ ၂၇ ရက်နေ့တွင် တရက်ပတ်စ်ပို့ကို ပြန်ဖွင့်ပေးသော်လည်း ၇ ရက်ပတ်စ်ပို့ကို ဆက်လက်ပိတ်ထားခဲ့သည်။ ယခုလ ၁၉ ရက်နေ့က တရက်ပတ်စ်ပို့ကိုပါ ထပ်မံပိတ်ခဲ့ပြီးနောက် ၁၆ ရက်နေ့တွင် ကူးသန်းသွားလာခွင့် ၂ မျိုးစလုံးကို ပြန်ဖွင့်ပေးလိုက်ခြင်း ဖြစ်သည်။
မြန်မာနှင့် ဘင်္ဂလာဒေ့ရှ် နှစ်နိုင်ငံအကြား တရားဝင် နယ်စပ်ဖြတ်ကျော် သွားလာနိုင်ရန် တရက်ပတ်စ်ပို့နှင့် ၇ ရက်ပတ်စ်ပို့ဟူ၍ ၂ မျိုးရှိပြီး မြန်မာနိုင်ငံဘက်သို့ သွားလိုသူ ဘင်္ဂလာဒေ့ရ်ှနိုင်ငံသားများအနေဖြင့် တာ့ခ်နာမြို့ရှိ ရွှမ်းနားလီဘဏ်တွင် တရက်ပတ်စ်ပို့တွက် တာကာ ၅၀၀ နှင့် ၇ ရက်ပတ်စ်ပို့အတွက် တာကာ ၁၂၀၀ စီပေးသွင်းကာ ကူးသန်းသွားလာခွင့် ပတ်စ်ပို့စာအုပ် ရယူနိုင်သည်။
မြန်မာနိုင်ငံဘက်သို့ တခေါက်ဖြတ်သန်းလိုလျှင် တရက်ပတ်စ်ပို့ခအတွက် တာကာ ၁၀၀ စီနှင့် ၇ ရက်ပတ်စ်ပို့ခ တာကာ ၅၀၀ စီ ဆိပ်ကမ်းအာဏာပိုင်များကို ထပ်မံပေးသွင်းရကြောင်း၊ ဘင်္ဂလာဒေ့ရှ် နိုင်ငံသားများသည် မြန်မာဘက်သို့ ရောက်လျှင် မောင်တောမြို့တွင်းသာ သွားလာခွင့်ရှိကြောင်း သွားရောက်ခဲ့ဖူးသူ တာ့ခ်နာမြို့ခံ နူဒူဟူဆင်က ပြောသည်။
“ဘင်္ဂလာဒေ့ရ်ှနိုင်ငံကနေ မြန်မာဘက်ကို တရားဝင်ပတ်စ်ပို့နဲ့ သွားတဲ့လူတွေ အနေနဲ့ မောင်တောမြို့ထဲ အတွင်းမှာပဲ သွားလို့ရတယ်။ တခြားမြို့တွေကို သွားမယ်ဆိုရင် မောင်တောကိုရောက်တဲ့ အခါက POE (Port of Exit) ဂိတ်မှာ ထပ်ပြီးခွင့်ပြုချက် တောင်းရတယ်။ စရဖတို့၊ နစကတို့က ခွင့်ပြုမှ မောင်တောမြို့အပြင်ကို သွားလို့ရတယ်” ဟု နူဒူ ဟူဆင်က ပြောသည်။
မြန်မာနိုင်ငံကနေ ဘင်္ဂလာဒေ့ရ်ှနိုင်ငံကို တရားဝင်ပတ်စ်ပို့နဲ့ ကူးသန်းလိုသူတွေအနေနဲ့ တရက်ပတ်စ်ပို့တွက် ကျပ် ၆၀၀၀၊ ၇ ၇ရက်ပတ်စ်ပို့အတွက် ကျပ် ၃၀၀၀၀ ကုန်ကျပြီး တရက်ပတ်စ်ပို့ကို POE ဂိတ်ထဲမှာပဲ လုပ်လို့ရပြီး ၇ ရက်ပတ်စ်ပို့ လုပ်လိုသူများအနေဖြင့် မောင်တောမြို့ ကျီးကန်းပြင်ကျေးရွာ အခြေစိုက် နစကဌာနချုပ်တွင် သွားရောက်လုပ်ရကြောင်း မောင်တောမြို့ခံတဦးက ပြောသည်။
“တရက်ပတ်စ်ပို့သမားတွေက တယောက်ကို ကျပ် ၃၀၀ စီ အခွန်ဆောင်ရတယ်။ တပတ်သမားတွေကျတော့ ကျပ် ၅၀၀ စီ အခွန်ဆောင်ရပါတယ်။ တရက်သမားတွေကျတော့ တာ့ခ်နာမြို့ကနေ အပြင်ကို သွားလို့ မရဘူး။ သွားလို့လည်း အချိန်မမီဘူး” ဟု ယင်းမြို့ခံက ပြောသည်။",2.0,2.0,2.0,5.0,5.0,"The document is a well-written news report about border crossing regulations between Myanmar and Bangladesh. It provides factual information about administrative procedures and local trade, demonstrating high cultural authenticity and cleanliness. It lacks deep analytical reasoning or complex academic content, making it suitable for general information rather than formal educational curricula."
<urn:uuid:146dc1e7-602b-4e53-b74e-2e9b9b2b8362>,"ဆယ်မျူရယ် ကရွမ်တန်
ကရွမ်တန် အက်(စ်) (ခရစ် ၁၇၅၃-၁၈၂၇)[ပြင်ဆင်ရန်]
ရက်ကန်းလုပ်ငန်း ပြုပြင်ပြောင်းလဲလာရန် ပထမဖန်တီးသူ သုံးဦးစလုံးပင် အင်္ဂလန်ပြည် လန်ကရှိုင်ယာနယ်မှ ဖြစ်ကြသည်။ ပထမဆုံးဖန်တီးသူ ဟားဂရီးသည် 'စပင်းနင်းဂျင်နီ'ခေါ် ဗိုင်းငင်စက်ကို ထွင်ခဲ့၍၊ ဒုတိယဖန်တီးသူ အတ်ကရိုက်က စပင်းနင်းဂျင်နီထက် ကောင်းမွန်သော ဗိုင်းငင့်စက်သစ် တစ်ခုကို ထွင်ခဲ့သည်။ ဟားဂရီး၏စက်ထက် အတ်ကရိုက်၏စက်က ချည်မျှင်ပေါင်းများစွာ ထွက်စေနိုင်သည့်ပြင်၊ မာ၍ချောသောချည်မျှင်များကို ငင်နိုင်သည်။ 'အကြံတူလျှင် နောက်လူသာ စမြဲ'ဟူသောစကားအတိုင်း ကရွမ်တန်သည် အထက်ပါ စက်နှစ်မျိုးတို့၏ ချွတ်ယွင်းချက်များကို ပြုပြင်ဖြည့်စွက်၍ ဗိုင်းငင့်စက်သစ်တစ်ခုကို ထမြောက်အောင်မြင်စွာ ပြုလုပ်ခဲ့လေသည်။ ယခုခေတ်တွင် အသုံးပြုနေသော စက်များမှာ၊ ကရွမ်တန်၏စက်ကို အနည်းငယ်ထပ်လောင်း၍ ပြုပြင်ထားခြင်းမျှသာ ဖြစ်ပေသည်။
ဆမ်မျူယယ်ကရွမ်တန်သည် ၁၇၅၃ ခု ဒီဇင်ဘာလ ၃ရက် နေ့တွင် လန်ကရှိုင်ယာနယ် ဖါးဝုရွာကလေးတွင် ဖွားမြင်သည်။ မိဘနှစ်ပါး ဆင်းရဲနွမ်းပါးသဖြင့် ကရွမ်တန်သည် ကလေးဘဝ ကပင် ခြည်ငင်စက်ရုံတစ်ရုံ၌ အလုပ်လုပ်ကိုင်ခဲ့ရသည်။ အသက် ၁၆ နှစ်အရွယ်တွင် ဖခင်ဖြစ်သူ ကွယ်လွန်သွားရာ၊ မိသားစု၏ တာဝန်ကို ထမ်းဆောင်ရရှာသည်။
ကရွန်တန်သည် ဤမျှကြီးလေးသော အိမ်ထောင်မှု တာဝန် များကို ထမ်းဆောင်နေစဉ်၊ ငွေဝင်လမ်းရှိစေရန် ဗိုင်းငင့်စက်ရုံ တွင် နေ့စဉ် အလုပ်ဆင်းရလေသည်။ အလုပ်လုပ်ရာတွင် စိတ် အာရုံ စွဲမြဲစူးစိုက်သူ ဖြစ်သဖြင့်၊ ဟားဂရီးနှင့် အတ်ကရိုက်တို့ ထွင်ခဲ့သော ဗိုင်းငင့်စက်တို့၏ ချွတ်ယွင်းချက်များကို တွေ့မြင် သည်။ သို့အတွက် ပို၍ကောင်းသောအထည်ချောများ ရက်လုပ် နိုင်ရန်အတွက် ချည်ငင်စက်သစ်တစ်ခုကို ကြံစည်လေသည်။
နေ့ခင်းအချိန်တွင် အလုပ်လုပ်ရသော လုပ်ခသည် သူ၏ အိမ်ထောင်အတွက် မလုံလောက်သဖြင့်၊ ကျန်အချိန်တွင် ကပွဲရုံ တစ်ရုံ၌ တရောထိုးကာ အပိုဝင်ငွေကို ရှာခဲ့ရ၍ အားလပ်ချိန် တွင် ချည်ငင်စက်အသစ် ပြုလုပ်ရေးကို ကြံစည်လေသည်။ ကရွမ်တန်သည် ၆ နှစ်မျှ မနားမနေ ကြိုးပမ်းအားထုတ် ပြုလုပ်ခဲ့ရာ ၁၇၇၉ ခုနှစ်လောက်တွင် ချည်ငင်စက်သစ်တစ်ခု ကို ပြုလုပ်ပြီးစီးလေသည်။ ကရွမ်တန်၏ စက်သစ်ဖြင့် ငင် သောချည်မျှင်များသည် ယခုခေတ်တွင် ပေါ်ထွက်နေသော ပိတ်ချောများပင် ရက်လုပ်နိုင်စွမ်းရှိသည်။ အမှန်အားဖြင့် ဆိုသော် ကရွမ်တန်၏စက်သည် ဟားဂရီး၏စက်နှင့် အတ် ကရိုက်၏စက်နှစ်ခုကို ပူးပေါင်းပြုပြင်၍ လုပ်ကိုင်ထားခြင်းပင် ဖြစ်၏။ ကရွမ်တန်သည် သူ၏စက်ကို 'စပင်နင်းမျူး' ဟု အမည်ပေးလေသည်။
ဗိုင်းငင့်စက်သစ် စပင်းနင်းမျူးကို ၁၈ ရာစုနှစ်က ထွင်ခဲ့ သော်လည်း၊ ယခု ၂ဝရာစုနှစ်အထိပင်လျှင် ဤစက်မျိုးကို အသုံးပြုနေကြသေးသည်။ တိုးတက်ပြုပြင်ချက်များကို အနည်း ငယ်မျှသာ ပြုလုပ်နိုင်ခဲ့ကြသည်။ သို့ရာတွင် ဤမျှ အရေးပါ အသုံးဝင်၍ အဖိုးတန်သောစက်ကို ဖန်တီးခဲ့သူ ကရွမ်တန်ကား အကျိုးပေး နုံချာလှ၏။ ငွေကြေးကျပ်တည်းလှသဖြင့် သူ့စက် ၏လျှို့ဝှက်ချက်ကို ရောင်းချရာတွင် ပေါင် ၆ဝ မျှသာ ရရှိ သည်။ ၁၈ဝဝ ပြည့်နှစ်တွင် ကရွမ်တန်အတွက် ရန်ပုံငွေ ဖွင့်လှစ်ခဲ့ရာ ပေါင် ၅ဝဝ ခန့်ရရှိ၏။ သို့သော် ကရွမ်တန်ကား ငွေကျပ်တည်းမြဲ ရှိနေခြင်းကြောင့် သူ့အတွက် ရှေ့လုပ်ငန်း များတွင် နှောင့်နှေးခဲ့လေသည်။
၁၈၁၂ ခုနှစ်တွင် ဗြိတိသျှပါလီမန်က ကရွမ်တန်အား ပေါင် ၅ဝဝဝ ထုတ်ပေးပြီးလျှင် ဗိုင်းငင့်စက်ကို တိုးတက် ကောင်းမွန်အောင် ကြံဆောင် လုပ်ကိုင်စေသည်။ ထိုငွေမှာ လည်း အလုပ်တွင် ဝင်သွားသဖြင့် ဆုံးပါးသွားလေသည်။ ၁၈၂၄ ခုနှစ်မှစ၍ သူ၏မိတ်ဆွေများက နှစ်စဉ် ၆၃ ပေါင်ကျ ထောက်ပံ့ခဲ့ကြသည်။ သို့သော် ထိုထောက်ပံ့ကြေးများကို ကြာ မြင့်စွာ မခံစားရဘဲ၊ ၁၈၂၇ ခုဇွန်လ ၂၆ ရက်နေ့တွင် ဗိုလတန်မြို့၌ သေဆုံးသွားလေသည်။
ကိုးကား[ပြင်ဆင်ရန်]
- မြန်မာ့စွယ်စုံကျမ်း၊ အတွဲ(၁)",4.0,2.0,2.0,4.0,3.0,"The text is an informative biographical entry from the Myanmar Encyclopedia. It provides clear historical and technical context suitable for educational purposes. It follows a logical narrative structure, uses natural Burmese, and is free of significant noise, though it contains minor formatting artifacts like '[ပြင်ဆင်ရန်]' typical of wiki-style extractions."
<urn:uuid:99c36149-2c3a-4275-ae2a-ca9014e949c3>,"အရှင်ဥက္ကံသကို အင်းစိန်ထောင်မှ ပုသိမ်ထောင်သို့ ပြောင်း
October 14, 2010 Leave a comment
ရွေးကောက်ပွဲ ဆန့်ကျင်ရေး လုပ်သည်ဟူသော စွပ်စွဲချက်ဖြင့် ထောင်ဒဏ် ၁၅ နှစ် ချမှတ်ခံရသော မွန်ဆရာတော် အရှင်ဥက္ကံသ (ခေါ်) ဦးပဉ္ဇင်း ဇော်လတ် ကို အင်းစိန် အကျဉ်းထောင်မှ ပုသိမ်အကျဉ်းထောင်သို့ ယမန်နေ့က ပြောင်းရွှေ့ လိုက်ကြောင်း သတင်းရရှိသည်။
“ရန်ကုန်ထောင်ကနေ ပုသိမ်ထောင်ကို ပြောင်းလိုက်တော့ ကျမတို့အနေနဲ့ ဦးပဉ္ဇင်းကို သွားတွေ့ဖို့ အရမ်းခက်သွားပြီ။ ပုသိမ်မှာတည်းစရာ အသိလည်း မရှိဘူး။ ကျမတို့ ဘီးလူးကျွန်းကနေ မော်လမြိုင်၊ အဲဒီကမှတဆင့် ရန်ကုန်၊ ပြီးမှ ပုသိမ်သွားရမယ်ဆိုတော့ ခရီးစရိတ်ကလည်း ကြီးမယ်၊ ဝေးလည်း အရမ်းဝေးတော့ အခက်အခဲ ရှိတာကတော့ မပြောပါနဲ့ တော့”ဟု အရှင်ဥက္ကံသ၏ ညီမဖြစ်သူ မိသီတာဝင်းက ဧရာဝတီသို့ ပြောသည်။
အရှင်ဥက္ကံသတွင် စိတ္တဇဝေဒနာ ခံစားနေရသူ ဖခင်နှင့် အသက် ၂၀ အရွယ် ညီမတဦးသာ မိသားစုဝင်အဖြစ် ရှိကြောင်း၊ ၎င်းတို့မှာ ကျေးလက်နေ တောင်သူလယ်သမားများသာ ဖြစ်ကြောင်း သိရသည်။
အရှင်ဥက္ကံသသည် ယမန်နေ့ နံနက်ပိုင်းက အင်းစိန်ထောင်မှ ခေါ်ဆောင်သွားပြီး ညနေပိုင်းတွင် ပုသိမ်အကျဉ်းထောင် သို့ ရောက်ရှိသွားကြောင်း လွတ်လပ်သော မွန်သတင်း အေဂျင်စီမှ အယ်ဒီတာ ကိုနိုင်အာကာကလည်း ပြောသည်။
ယမန်နှစ် နှစ်သစ်ကူးညက မွန်ပြည်နယ် မော်လမြိုင်နှင့် ရေးမြို့နယ် လမ်းတလျှောက်တွင် ၂၀၁၀ ရွေးကောက်ပွဲ ဆန့်ကျင်ရေးအဖြစ် ကတ္တရာလမ်းမပေါ်တွင် မှုတ်ဆေးပက်ဖြန်းသော လှုပ်ရှားမှုတခု ဖြစ်ပွားခဲ့သည်။
ယင်းလှုပ်ရှားမှုနှင့် ပတ်သက်၍ အရှင်ဥက္ကံသကို ယခုနှစ် ဇန်နဝါရီလတွင် စစ်အစိုးရက ဖမ်းဆီးခဲ့ပြီး စက်တင်ဘာလ တွင် ထောင်ဒဏ် ၁၅ နှစ် ပြစ်ဒဏ်ချမှတ်ခဲ့ခြင်းဖြစ်သည်။
မွန်ပြည် လူ့အခွင့်အရေး ဖောင်ဒေးရှင်းမှ ဒါရိုက်တာ ကိုနိုင်ကဆော့မွန်က “နအဖ အာဏာပိုင်တွေက နိုင်ငံရေးအကျဉ်း သားတွေကို မိသားစုနဲ့ ပိုဝေးတဲ့ နေရာတွေကို ပို့ပစ်တာဟာ လုပ်ရိုးလုပ်စဉ် ဖြစ်နေပါပြီ။ ဒီလိုလုပ်တာဟာ နိုင်ငံရေး အကျဉ်းသားတွေနဲ့ မိသားစုဝင်တွေ တွေ့နိုင်ဖို့ ပိုမို ခဲယဉ်းသွားအောင် လုပ်တဲ့သဘောပေါ့။ အကျဉ်းသားတယောက် အတွက် ထောင်ဝင်စာမရှိရင် ဘယ်လောက် ဒုက္ခရောက်မလဲဆိုတာ ပြောစရာမလိုပါဘူး”ဟု ပြောသည်။
အရှင်ဥက္ကံသ၏ မိတ်ဆွေ မွန်သံဃာတပါးက“အရှင်ဥက္ကံသမှာ အဖမ်းမခံရခင်ကတည်းက အစာအိမ်ရောဂါ ခံစားနေရ တယ်။ အဖမ်းခံရပြီး စစ်ကြောရေးက နှိပ်စက်လို့ ခါးနာနေတယ်။ ခဏခဏလည်း ဖျားတယ်လို့လည်း သိရတယ်။ ကျောက်ကပ် ရောဂါလည်း ဖြစ်နေတယ်လို့ ဦးပဉ္ဇင်းတို့ ကြားသိရတယ်”ဟု မိန့်သည်။
အရှင်ဥက္ကံသသည် မွန်ပြည်နယ် ဘီလူးကျွန်း ချောင်းဆုံမြို့နယ်၊ မုဒွန်းရွာသားဖြစ်ကြောင်း၊ သက်တော် ၃၀ အရွယ် ရှိပြီး မုဒုံမြို့ နယ်၊ နိုင်လုံကျေးရွာရှိ အောင်ဇေယျ ပရိယတ္တိ စာသင်တိုက်မှ စာချဆရာတော်လည်း ဖြစ်ကြောင်း သိရသည်။
ထိုင်းနိုင်ငံ အခြေစိုက် နိုင်ငံရေး အကျဉ်းသားများ ကူညီ စောင့်ရှောက် ရေးအသင်း (AAPP) ၏ နောက်ဆုံး ထုတ်ပြန် ချက်များအရ မြန်မာနိုင်ငံတွင် နိုင်ငံရေးအကျဉ်းသားပေါင်း ၂၀၀၀ ကျော်ရှိနေဆဲ ဖြစ်ကြောင်း၊ ထိုအထဲတွင် သံဃာတော် ၂၅၇ ပါးနှင့် သီလရှင် ၆ ပါး ပါဝင်ကြောင်း သိရသည်။
ဧရာဝတီသတင်းထောက် ဘစောတင် ရေးသားသည်။",2.0,2.0,2.0,4.0,5.0,"The document is a journalistic report on a political prisoner in Myanmar. It provides factual information about human rights and political context, which has some educational value. The reasoning is straightforward reporting. It is written in natural, authentic Burmese with appropriate cultural and political terminology, though it contains some minor boilerplate elements."
<urn:uuid:defd7fd2-aa50-432d-8426-7c9a8fdf0b0b>,"တော်လှန်ရေးပြီးစကာလက အုပ်ချုပ်သူတွေဟာ တော်လှန်ရေး အကွဲအပြဲ ကြားကနေ ပေါ်ထွက်လာတဲ့ လူတွေသာ ဖြစ်နေပြီး နိုင်ငံရေး သဘော တရားတွေနဲ့ ပတ်သက်လို့ ကျွမ်းကျင်မှု မရှိကြဘူး။ သူတို့ကပဲ လူကြိုက်များ တဲ့ အမျိုးသားရေးဝါဒကို ရှေ့တန်းတင်ကြွးကြော်လာကြလို့ ဒီမိုကရေစီ မကျတဲ့ အမျိုးသားရေးဝါဒတွေ အရှေ့အလယ်ပိုင်းမှာ အမြစ်တွယ်လာခဲ့တယ်.....................။
နောက်ခံသမိုင်းအားဖြင့် သူတို့နဲ့တူညီတဲ့ အီရတ်ရဲ့ ဆက်ဒန်ဟူစိန်ကတော့ ပိုပြီး အစွန်းရောက်တဲ့ ဘာသာရေး ဘက်မလိုက် စစ်အုပ်ချုပ်မှုနဲ့ အုပ်ချုပ်နေ ခဲ့ပြီး သူအုပ်ချုပ်စဉ် ၁၉၇၀ နဲ့ ၁၉၇၉ ကာလအတွင်းမှာ ခြိမ်းခြောက်မှုတွေေ ရာ၊ ရက်စက်မှုတွေပါ ပါဝင်ခဲ့တယ်။ (အစတော့ အမှန်တကယ် အမျိုးသားခေါင်းဆောင်ပါ၊ နောက်တော့ သူက သမ္မတဖြစ်သွားတယ်)
(World Order)
ကစ်ဆင်းဂျားကတော့ လုပ်ပြန်ပြီ....
အဲဒီအချိန်က အရှေ့အလယ်ပိုင်းရှိ စစ်အစိုးရတွေ၊ ဘုရင်တွေနဲ့ အာဏာရှင် အစိုးရတွေဟာ သဘောထားကွဲလွဲမှုကိုပဲ သူတို့ကို အကြည်ညိုပျက်အောင် လုပ်မှုလို့ ယူဆထားကြတော့ ဖွံ့ဖြိုးတိုးတက်တဲ့လူ့အဖွဲ့အစည်းဖြစ်ဖို့ (သို့) ဗဟုဝါဒ ယဉ်ကျေးမှုထွန်းကာဖို့ အခွင့်မသာခဲ့ဘူး ဖြစ်သွားပြီး အဲဒီ အကျိုးဆက်တွေက (၂၁) ရာစုရောက်ချိန်အထိ အမျှင်မပြတ်နိုင် ဖြစ်သွားခဲ့ရပါတယ်။",3.0,3.0,3.0,2.0,2.0,"The text provides a historical and political analysis of Middle Eastern governance, suitable for high school level. It uses logical connections to explain political outcomes. However, it contains informal commentary ('Kissinger is doing it again'), ellipses, and parenthetical asides, which detract from professional cleanliness and academic rigor."
<urn:uuid:47921c72-53df-4c57-a208-ea7c20881957>,"ပုသိမ်၊ မတ် ၅-၂၀၂၁
စပ်ခွန်သာ(VOM)
ဧရာဝတီတိုင်း မြို့နယ် ၁၁ မြို့နယ်မှာ အာဏာရှင်စနစ်အလိုမရှိကြောင်း ဆန္ဒထုတ်ဖော်မှုတွေကို အကြမ်းဖက် ဖြိုခွင်းတာ ရှိပေမယ့် ဒီနေ့ မတ်လ ၅ ရက်အထိ ဆက်လက် စီတန်းလှည့်လည် ဆန္ဒဖော်ထုတ်နေကြပါတယ်။
ဆန္ဒထုတ်ဖော်တာကို နိုင်ငံရေးတက်ကြွလှုပ်ရှားသူတွေ ဝန်ထမ်းတွေက ဦးဆောင်ကာ၊ ပုသိမ်၊ ပန်းတနော်၊ ဟင်္သာတ၊ မအူပင်၊ ကျိုက်လတ်၊ ညောင်တုန်း၊ ငါးသိုင်းချောင်း၊ ဘိုကလေး၊ ဖျာပုံ၊ ကန်ကြီးထောင့်၊ ဝါးခယ်မစတဲ့ မြို့နယ်တွေမှာ ငြိမ်းချမ်းစွာ စီတန်းလှည့်လည် ဆန္ဒဖော်ထုတ်တာဖြစ်ပါတယ်။
ဆန္ဒဖော်ထုတ်တာမှာပါဝင်ခဲ့တဲ့ ကျောင်းဆရာတစ်ဦးက “စစ်အာဏာရှင်စနစ်ကို ဆန့်ကျင်ပါတယ်။ လူထုခေါင်းဆောင် အမေစုနဲ့ မတရားအဖမ်းခံထားရတဲ့ သူတွေ အားလုံးကို ပြန်လွှတ်ပေးဖို့ တောင်းဆိုဆန္ဒထုတ်ဖော်တာဖြစ်ပါတယ်။ နိုင်ငံတော် သမ္မတ ဦးဝင်းမြင့်သာ ကျွန်တော်တို့ရဲ့ တရားဝင်လူထုရွေးချယ်ထားသော သမ္မတ တစ်ဦးဖြစ်ပါတယ်။ မတရားဖမ်းဆီးရိုက်နှက် ဖြိုခွင်းနေပေမယ့် မကြောက်ပါဘူး။ မနှစ်သက်တဲ့ အုပ်ချုပ်မှုထက် သေတာကမြတ်ပါတယ်” လို့ ပြောပါတယ်။
ဧရာဝတီတိုင်းအတွင်း မတ်လ ၅ ရက်အထိ ငြိမ်းချမ်းစွာ ဆန္ဒထုတ်ဖော်မှုကြောင့် ပုသိမ်မြို့တွင် ၃၀ ဦး၊ မော်လမြိုင်ကျွန်းမြို့တွင် ၄ ဦး၊ ဖျာပုံမြို့တွင် ၄ ဦး၊ ကျိုက်လတ်မြို့တွင် ၃ ဦး၊ မအူပင်မြို့တွင် ၆ ဦး၊ သာပေါင်းမြို့တွင် ၂ ဦး ဖမ်းဆီးခံထားရကြောင်း သိရပါတယ်။
#VoiceOfMyanmar #VOM #ဧရာဝတီတိုင်းမြို့နယ်၁၁မြို့နယ် #ဆန္ဒဖော်ထုတ်",2.0,2.0,2.0,5.0,5.0,"The text is a well-structured, authentic news report from a local source. It provides factual reporting on political events in Myanmar, using natural Burmese phrasing, local place names, and specific cultural/political context. It is clean, coherent, and reflects the lived experience of the community during the 2021 protests."
<urn:uuid:f5f974ed-00b5-4aa5-a01d-9614b601c536>,"RFA - 2014-07-09
ဒီမိုကရေစီအရေး စဉ်ဆက်မပြတ်လှုပ်ရှားမှုအဖွဲ့ MDCF ခေါင်းဆောင် ကိုထင်ကျော်ကို ဗဟန်းမြို့နယ် တရားရုံးက တရားမ၀င် စီတန်းလှည့်လည်ခြင်းဆိုင်ရာ ပုဒ်မ ၁၈ နဲ့ ဒီနေ့ ထောင်ဒဏ် ၃လ ချမှတ်လိုက်ပါတယ်။
ပြီးခဲ့တဲ့ ဧပြီလက ကိုထင်ကျော်နဲ့အဖွဲ့ဟာ မရမ်းကုန်း မြို့နယ်က မြေသိမ်းခံရမှုနဲ့ ပတ်သက်ပြီး ဒေါ်အောင် ဆန်းစုကြည်အိမ်ရှေ့မှာ အကူအညီသွားရောက်တောင်း ခံခဲ့ပါတယ်။ အဲဒီကိစ္စနဲ့ ဆက်နွယ်ပြီး ဗဟန်းမြို့နယ် တရားရုံးက ပုဒ်မ ၁၈နဲ့ ကိုထင်ကျော်ကို တရားစွဲခဲ့ တာဖြစ်ပါတယ်။
ဒီနေ့ ဗဟန်းမြို့နယ်တရားရုံးမှာ ကိုထင်ကျော်က အခုလိုပြောပါတယ်။
""မရမ်းကုန်း ၆ ရပ်ကွက် အိမ်ခြေ ၂၉၃ လုံးက နေရမယ့် စားရမယ့်ဘဝတွေနဲ့ အင်မတန်မှ ဒုက္ခရောက်နေတယ် အဲတော့ကျနော်တို့က လက်ရှိ လူထုခေါင်းဆောင် ဒေါ်အောင်ဆန်းစုကြည်က မြန်မာနိုင်ငံ တရားစီရင်ရေးနဲ့ တည်ငြိမ်းအေးချမ်းရေးကော်မတီ ဥက္ကဌ ဖြစ်တဲ့အတွက် လွှတ်တော်က တရားဝင်ခန့်ထားတဲ့ ဥက္ကဌဆီမှာ တရားဝင် သွားအကူအညီတောင်း ခံခြင်းဖြစ်ပါတယ်၊ အဲလိုအကူအညီတောင်းခံတဲ့ကိစ္စကို ငြိမ်းစုစည်းပုဒ်မ ၁၈ နဲ့ ကျနော့်ကို ဒီနေ့အမိန့်ချခြင်းဖြစ် တယ်၊ ကျနော်တို့သွားပြီး ဆန္ဒပြတာမဟုတ်ဘူး၊ လူထုခေါင်းဆောင်ဆီမှာ အကူအညီသွားတောင်းခံတာ၊ သို့သော် တည်ဆဲဥပဒေတွေက ဘယ်လိုပဲဖွင့်ဆိုထား ဒီနေ့တရားစီရင်ရေးဟာ အစိုးရရဲ့ လက်အောက်ခံဖြစ်နေတဲ့အတွက် ဒါသူတို့လုပ်သလို ကျနော်တို့ပြည်သူတွေ ခံရတာပါ""
ကိုထင်ကျော်ဟာ လှည်းကူးမြို့နယ်က သမီးကလေးကျေးရွာ ဖျက်ဆီးခံရတဲ့အပေါ် ကန့်ကွက်ဆန္ဒပြခဲ့တဲ့အတွက် ပုဒ်မ ၁၈နဲ့ ကျောက်တံတားမြို့နယ် တရားရုံးက ပြီးခဲ့တဲ့ ဇွန်လ ၄ရက်နေ့က ထောင်ဒဏ် ၃ လ ချမှတ်ခံထား ရပါတယ်။
ဒါ့အပြင် ပြည်ထောင်စုအစိုးရကို အယုံအကြည်မရှိကြောင်း လက်ကမ်းစာစောင်တွေ ဖြန့်ဝေခဲ့တဲ့အတွက် မြို့နယ် ၁၁ မြို့နယ်က ပုဒ်မ ၅၀၅ (ခ) နိုင်ငံတော် အကြည်ညိုပျက်စေမှုနဲ့ တရားစွဲဆိုထားပြီး အဲဒီအထဲက တောင်ဥက္ကလာပ မြို့နယ် တရားရုံးက ပြီးခဲ့တဲ့ ဇွန်လ ၂၃ ရက်နေ့က ထောင်ဒဏ် ၆လချမှတ်ခဲ့ပါတယ်။
MDCF အဖွဲ့ဝင် ကိုတင်မောင်ကြည်နဲ့ ဦးဇော်ဝင်းတို့ကိုလည်း ပုဒ်မ ၅၀၅ (ခ) နဲ့ ဒီနေ့ တာမွေမြို့နယ်တရားရုံး က ထောင်ဒဏ် ၆ လစီ ချမှတ်လိုက်ပါတယ်။",2.0,2.0,2.0,5.0,5.0,"The text is a factual news report about legal proceedings in Myanmar. It provides clear, coherent information about specific events and legal charges, reflecting authentic local political and social context. It is well-structured, uses natural Burmese, and requires basic knowledge of the local political landscape to fully comprehend."
<urn:uuid:939fd472-e45e-4f1b-819d-7920c4346cd3>,"BPS+
စိတ်လူမှုပိုင်းဆိုင်ရာ အထောက်အပံ့ပေးခြင်း
အခြေခံကျွမ်းကျင်မှုများ +
မြန်မာနိုင်ငံရှိ ရှေ့တန်းကွင်းဆင်းဝန်ထမ်းများအတွက် ရက်တိုသင်တန်း
ဤသင်တန်းမှာ Lotus Circle ၏ ပံ့ပိုးမှုဖြင့် Asia Foundation နှင့် Good Practice Group တို့က ရေးသားပြုစုထားသော အွန်လိုင်းမှပို့ချသည့် “စိတ်လူမှုပိုင်းဆိုင်ရာ အထောက်အပံ့ပေးခြင်း အခြေခံကျွမ်းကျင်မှုများ - သီရိလင်္ကာနိုင်ငံ ရှေ့တန်းကွင်းဆင်း တုံ့ပြန်ကူညီသူများအတွက် ရက်တိုသင်တန်း” ကို အခြေပြုထားပါသည်။ သီရိလင်္ကာမှ သင်တန်းတွင် ပါဝင်သော အကြောင်းအရာများ (https://psychosocialskills.teachable.com/) မှာ Inter-Agency Standing Committee - IASC မှ ထုတ်ဝေသော “စိတ်လူမှုပိုင်းဆိုင်ရာ အထောက်အပံ့ပေးခြင်း အခြေခံကျွမ်းကျင်မှုများ - ကိုဗစ် ၁၉ တုံ့ပြန်ဆောင်ရွက်သူများ အတွက် လမ်းညွှန်” မှ မှီငြမ်းပြုစု ထားပါသည်။
ဤဘာသာပြန်မှု/မှီငြမ်းပြုစုမှုကို IASC က ရေးသားခြင်း မဟုတ်ပါ။ IASC သည် ဤဘာသာပြန်မှု/မှီငြမ်းပြုစုမှု၏ ပါဝင်အကြောင်းအရာများ သို့မဟုတ် တိကျမှန်ကန်မှုအတွက် တာဝန်မရှိပါ။ ဤ မှီငြမ်းပြုစုမှုတွင် ထပ်ဆောင်းစာအုပ်စာတမ်းများ ထည့်သွင်းထားပါသည်။ မူရင်းအင်္ဂလိပ်ဘာသာဖြင့် ရေးသားထားသော ၂၀၂၀ တွင် ထုတ်ဝေသည့် “Inter-Agency Standing Committee - Basic Psychosocial Skills: A Guide for COVID-19 Responders.” ကိုသာ IASC မှ စီစဉ်ထုတ်ဝေထားသည့် အစစ်အမှန် စာရွက်စာတမ်းအဖြစ် တရားဝင်တာဝန်ခံပါသည်။
ဤဘာသာပြန်ဆိုမှု/ ဆီလျော်သလို ပြင်ဆင်ပြုစုထားမှုကို မူလထုတ်ဝေမှု နှင့် ဆက်လက်ပြင်ဆင်ပြုစုခြင်းများ အတွက်လိုင်စင်နှင့် တူညီသောလိုင်စင် CC BY-NC-SA 3.0 IGO ဖြင့် ထုတ်ဝေပါသည်။
သင်တန်းအတွက် ရုပ်ပုံများကို UNFPA မြန်မာမှ ပံ့ပိုးထားပါသည်။
မော်ဂျူး (၁)
“သင်ကိုယ်တိုင်၏ ကျန်းမာပျော်ရွှင်မှု”
မော်ဂျူး (၁) ၏ PowerPoint Presentation ကို ဒေါင်းလုပ်ဆွဲရန် အောက်ပါ ခလုတ်ကို နှိပ်ပါ။
မော်ဂျူး (၂)
“အားပေးပံ့ပိုးသော ဆက်သွယ်ပြောဆိုမှု”
မော်ဂျူး (၃)
“လက်တွေ့ကျသော အကူအညီများ ပေးခြင်း”
မော်ဂျူး (၄)
“စိတ်ဖိစီးမှု ခံစားနေရသူများအား ကူညီပံ့ပိုးပေးခြင်း”
မော်ဂျူး (၅)
“ထူးခြားအခြေအနေတွင် ရှိနေသူများအား ကူညီပံ့ပိုးခြင်း - အကူအညီလိုအပ်နေသည့် ထိခိုက်လွယ်သူများအား သိမှတ်ဖော်ထုတ်ခြင်း”
မော်ဂျူး (၆)
“လွှဲပြောင်းညွှန်းပို့မှု အထောက်အပံ့”",4.0,1.0,3.0,4.0,3.0,"The document is a well-structured, professional training outline for psychosocial support. It provides clear educational modules relevant to frontline workers. While it lacks deep analytical reasoning, it is highly functional, clean, and uses natural, contextually appropriate Burmese terminology for humanitarian and mental health support services."
<urn:uuid:04a16281-887b-4826-be08-73c400fa7253>,"ရခိုင်ပြည်နယ်တွင်းက အကြမ်းဖက် ချိုးဖောက်မှုတွေကို စုံစမ်းရေး ကုလသမဂ္ဂ ကော်မရှင်ဖွဲ့စည်းဖို့နဲ့ မြန်မာနိုင်ငံတွင်းမှာ ကုလသမဂ္ဂ လူ့အခွင့်အရေးဆိုင်ရာရုံး ဖွင့်လှစ်ခွင့်ပေးဖို့ လူ့အခွင့်အရေးဆိုင်ရာ မဟာမင်းကြီးက ဒီကနေ့ တောင်းဆိုလိုက်ပါတယ်။ ဆွစ်ဇာလန်နိုင်ငံ ဂျီနီဗာမှာ ကျင်းပနေတဲ့ ၃၄ ကြိမ်မြောက် ကုလ လူ့အခွင့်အရေး ကောင်စီ ညီလာခံမှာ မြန်မာနိုင်ငံနဲ့ ပတ်သက်ပြီး အခုလို ပြောဆိုသွားတာဖြစ်ပါတယ်။ မသိင်္ဂီထိုက် စုစည်းတင်ပြထားပါတယ်။
ရခိုင်ပြည်နယ်တွင်းက အကြမ်းဖက်မှုတွေဟာ စိုးရိမ်စရာ အနေအထား ရှိနေတာကြောင့် ကုလ သမဂ္ဂ အနေနဲ့ စုံစမ်းရေး ကော်မရှင် တရပ် ဖွဲ့စည်းဖို့ ကုလသမဂ္ဂ လူ့အခွင့်အရေးဆိုင်ရာ မဟာမင်းကြီး Zeid Ra’ad Al Hussein က ဒီကနေ့ ကုလ လူ့အခွင့်အရေး ကောင်စီညီလာခံမှာ တိုက်တွန်းလိုက်တာပါ။
“ဆိုးရွားပြီး နှစ်ပေါင်းများစွာဖြစ်လာတဲ့ နှိပ်စက်ညှဉ်းပန်းမှု အခြေအနေနဲ့ လူ့အခွင့်အရေး ချိုးဖောက်မှု ဆိုးဆိုးဝါးဝါး သတင်းတွေဟာ ကျနော့်အတွက်တော့ လူသားထုအပေါ် ကျူးလွန်တဲ့ ရာဇ၀တ်မှုအဆင့်ထိ မြောက်နိုင်ဖွယ်ရှိပြီး ဒါဟာ နိုင်ငံတကာ ရာဇ၀တ်တရားခုံရုံး ICC က ကိုင်တွယ်လုပ်ဆောင်ခွင့် ရှိတဲ့အခြေအနေ ဖြစ်ပါတယ်။ ဒါကြောင့် ရိုဟင်ဂျာတွေ အပေါ် အကြမ်းဖက်မှုတွေ အထူးသဖြင့်၂၀၁၆ ခုနှစ် အောက်တိုဘာလ ၉ ရက်နေ့ နောက်ပိုင်း လုံခြုံရေး ဆောင်ရွက်ချက်တွေကို အနည်းဆုံးတော့ စုံစမ်းရေး ကော်မရှင် တရပ် ဖွဲ့စည်းဖို့ လူ့အခွင့်အရေး ကောင်စီကို ကျနော် တောင်းဆိုပါတယ်။ နောက် နိုင်ငံတွင်းမှာ လူ့အခွင့်အရေးဆိုင်ရာ ကုလသမဂ္ဂရုံး ဖွင့်လှစ်ခွင့်ရဖို့ကိုလည်း ထပ်ပြီး တောင်းဆိုပါတယ်။”
နှစ်ပေါင်းများစွာ အငြင်းပွားဖွယ် ဖြစ်နေတဲ့ ရခိုင်ပြည်နယ် မောင်တောမြို့နယ်က မွတ်စလင်တွေ အရေး ဖြေရှင်းဖို့ ရည်ရွယ်ချက်နဲ့ မြန်မာ အစိုးရဘက်က ကုလ အတွင်းရေးမှူးချုပ်ဟောင်း ကိုဖီအာနန် ဦးဆောင်တဲ့ ရခိုင် အကြံပေး ကော်မရှင်ကို ဖွဲ့စည်းထားသလို ဒုတိယ သမ္မတ ဦးမြင့်ဆွေ ဦးဆောင်တဲ့ မောင်တောဒေသ စုံစမ်းစစ်ဆေးရေး ကော်မရှင်ကိုလည်း ဖွဲ့ဏည်း ဆောင်ရွက်နေတာ ဖြစ်ပါတယ်။ ကုလသမဂ္ဂ လူ့အခွင့်အရေးဆိုင်ရာ မဟာမင်းကြီး Zeid Ra’ad Al Hussein ရဲ့ ကုလ စုံစမ်းရေး ကော်မရှင် တရပ် ဖွဲ့စည်းဖို့ တိုက်တွန်းချက်ကိုတော့ ကိုဖီအာနန် ဦးဆောင်တဲ့ ရခိုင် အကြံပေး ကော်မရှင် အဖွဲ့ဝင် ဦးအေးလွင်က သဘောထား မှတ်ချက်ပေးဖို့ ငြင်းဆိုပါတယ်။ ဒါပေမယ့် ကိုဖီအာနန် ဦးဆောင်တဲ့ ရခိုင် အကြံပေး ကော်မရှင်က ရခိုင် အရေး ဖြေရှင်းရေး အကြံပြုချက် အစီရင်ခံစာကို ဒီရက်ပိုင်း အတွင်းမှာဘဲ မြန်မာ အစိုးရကို တင်ပြဖို့ ရှိတဲ့ အကြောင်း ပြောပါတယ်။
“ကျနော်တို့ကတော့ သဘောထားဘာမှ မပေးသေးဘူး။ ဘာကြောင့်လဲဆိုတော့ ကျနော်တို့ ကြားဖြတ်အစီရင်ခံစာထွက်ဖို့ရှိပါတယ်။ အဲဒီတော့ ကြားဖြတ်အစီရင်ခံစာလေးထဲမှာ မျှမျှတတနဲ့ အကောင်းဆုံးဖြစ်အောင် ဘယ်လိုလုပ်မယ်ဆိုတာကိုအကြံပေးဖို့ရှိပါတယ်။ အဲဒါရက်ပိုင်းအတွင်းထွက်မှာပါ။ အဲဒါမထွက်ခင်အချိန်အထိတော့ ဘာမှ comment ပေးဖို့မရှိပါဘူး။ ရခိုင်ပြည်ကြီးတခုလုံး ဖွံ့ဖြိုးတိုးတက်ရေးအတွက်ကို ဘယ်လိုကျနော်တို့ လုပ်ရင်ကောင်းမယ်ဆိုတာကို အဲဒါကို ကျနော်တို့ ခြုံငုံပြီးတော့ အစိုးရကို အကြံပြုမှာပါခင်ဗျာ။”
ဆွစ်ဇာလန်နိုင်ငံ ဂျီနီဗာမှာ ကျင်းပနေတဲ့ ကုလသမဂ္ဂ လူ့အခွင့်အရေး ကောင်စီရဲ့ ၃၄ ကြိမ်မြောက် နှစ်ပတ်လည် ညီလာခံမှာ တင်သွင်းတဲ့ မြန်မာနိုင်ငံ ရခိုင်ဒေသ အခြေအနေ ဆိုင်ရာ ကုလသမဂ္ဂ လူ့အခွင့်အရေး မဟာမင်းကြီးရဲ့ နှစ်ပတ်လည် အစီရင်ခံစာကိုတော့ မြန်မာနိုင်ငံတွင်း ၀င်ရောက်ခွင့် မရတဲ့ အခြေအနေကြောင့်ဘင်္ဂလားဒေရှ့် နိုင်ငံကို သွားရောက်ပြီး ပြုစုရေးသားခဲ့တာလို့ ပြောဆိုသွားတာပါ။ ကုလသမဂ္ဂ လူ့အခွင့်အရေး ဆိုင်ရာ မဟာမင်းကြီးရဲ့ နှစ်ပတ်လည် အစီရင်ခံစာနဲ့ ပတ်သက်လို့တော့ မြန်မာ အစိုးရဘက်က တုံ့ပြန်ချက် ထွက်ပေါ်မလာသေးပါဘူး။",2.0,2.0,3.0,4.0,4.0,"The text is a journalistic report on international human rights developments regarding Rakhine State. It provides factual reporting and quotes, offering basic educational value on current affairs. It lacks deep analytical reasoning, requires moderate general knowledge to follow, is clean and well-structured, and uses natural, authentic Burmese journalistic language."
<urn:uuid:af8f15ad-bf59-48a5-a72e-819dd3c3fa0f>,"တိုက်ပွဲဖြစ်ပွားမှုများ(မတ်လ တတိယပတ်)
Post By Nyein Ko Ko Soe, On March 18, 2020
၂၀၂၀ ပြည့်နှစ် မတ် ၁၁ ရက်မှ မတ် ၁၇ ရက်အထိ (မတ်လ တတိယပတ်) ကာလအတွင်း ရခိုင်ပြည်နယ် (မြောက်ပိုင်း) ပုဏ္ဏားကျွန်း၊ ကျောက်တော်၊ မြောက်ဦးမြို့နယ်များ၊ ချင်းပြည်နယ် ပလက်ဝမြို့နယ်နှင့် ရှမ်းပြည်နယ်(မြောက်ပိုင်း) နမ့်ခမ်းမြို့နယ်တို့တွင် တိုက်ပွဲဖြစ်ပွားမှု ၁၅ ကြိမ်ထက် မနည်းရှိခဲ့ကြောင်း တရားဝင်သတင်းဖော်ပြချက်များအရ သိရပါသည်။
မတ်လ တတိယပတ်အတွင်း ရခိုင်ပြည်နယ်(မြောက်ပိုင်း)နှင့် ချင်းပြည်နယ် ပလက်ဝမြို့နယ်တို့တွင် တပ်မတော်နှင့် AA အဖွဲ့အကြား တိုက်ပွဲများကြောင့် အရပ်သား ၂၇ ဦး သေဆုံးခဲ့ပြီး ထိခိုက်ဒဏ်ရာရသူ ၆၅ ဦးအထိ ရှိခဲ့သည်။ ထို့ပြင် ရှမ်းပြည်နယ်(မြောက်ပိုင်း) နမ့်ခမ်းမြို့နယ် ပန်ဆန်းဒေသတွင် TNLA အဖွဲ့ က ပြည်သူ့စစ်စခန်းများကို ဝင်ရောက်တိုက်ခိုက်ခဲ့၍ တပ်မတော်က လက်နက်ကြီးဖြင့် ပြန်လည်ပစ်ခတ်ခဲ့ပါသည်။
ရှမ်းပြည်နယ်အတွင်း တိုက်ပွဲဖြစ်ပွားမှု
ရှမ်းပြည်နယ်(မြောက်ပိုင်း) နမ့်ခမ်းမြို့နယ် ပန်းဆေးဒေသရှိ ပြည်သူ့စစ်စခန်းကုန်းငါးခုကို TNLA အဖွဲ့က ဝင်ရောက်တိုက်ခိုက်မှု မတ် ၁၅ ရက်နံနက်ပိုင်းက ဖြစ်ပွားခဲ့သည်။ TNLA အဖွဲ့များကို တပ်မတော်က လက်နက်ကြီးများဖြင့် ပြန်လည်ပစ်ခတ်ခဲ့ပြီး ပြည်သူ့စစ်အဖွဲ့ဝင်နှစ်ဦး သေဆုံးခဲ့သည်။
ဘိန်းခင်းများ ဖျက်ဆီးရန် ဝင်ရောက်တိုက်ခိုက်ရခြင်းဖြစ်ပြီး ပြည်သူ့စစ်အဖွဲ့ဝင်အချို့နှင့် လက်နက်များ သိမ်းဆည်းရမိကြောင်း TNLA အဖွဲ့က ပြောကြားခဲ့သည်။ ယင်းတိုက်ပွဲများအတွင်း အရပ်သားထိခိုက်သေဆုံးမှု မရှိခဲ့သော်လည်း ဒေသခံရာနှင့် ချီ၍ ပိတ်မိနေခဲ့ကြောင်း သိရပါသည်။
ရခိုင်ပြည်နယ်အတွင်း တိုက်ပွဲဖြစ်ပွားမှု
မတ်လ တတိယပတ်တွင်လည်း ရခိုင်ပြည်နယ်(မြောက်ပိုင်း)တွင် တိုက်ပွဲများ ဆက်လက်ပြင်းထန်ခဲ့ပြီး လက်နက်ကြီးကျည် ကျရောက်ပေါက်ကွဲမှု၊ လက်နက်ငယ် ကျည်ထိမှန်မှုတို့ကြောင့် အရပ်သား ထိခိုက်သေဆုံးမှု အလွန်များပြားခဲ့ပါသည်။
အရပ်သား ထိခိုက်သေဆုံးမှုများခဲ့သည့် ဖြစ်စဉ်မှာ မတ် ၁၃ ရက် နံနက်ပိုင်းက မြောက်ဦးမြို့နယ်နှင့် ကျောက်တော်မြို့နယ်အတွင်း ရန်ကုန်-စစ်တွေ ကားလမ်းမပေါ်တွင် ပစ်ခတ်မှုများ ဖြစ်ပွားခဲ့၍ အရပ်သား သုံးဦး သေဆုံး၊ ၃၀ ဦးခန့်အထိ ထိခိုက်ဒဏ်ရာရခဲ့ခြင်း ဖြစ်ပါသည်။ ယင်းပစ်ခတ်မှုများအတွင်း မြောက်ဦး မြို့နယ် တိမ်ညိုကျေးရွာရှိ တိုက်နယ်ဆေးရုံနှင့် စစ်ဘေးရှောင်စခန်းများကိုလည်း ကျည်ထိမှန်မှုများ ရှိခဲ့ပါသည်။ လူနာစောင့်များနှင့် စစ်ဘေးရှောင်စခန်းမှ လူအချို့ ဒဏ်ရာရရှိခဲ့၍ ဆေးရုံကို ယာယီပိတ်ခဲ့ပြီး လူနာများနှင့် ဆေးရုံဝန်ထမ်းများကို မြောက်ဦးဆေးရုံသို့ ပြောင်းရွှေ့ခဲ့ရကြောင်း သိရပါသည်။
အဆိုပါပစ်ခတ်မှုဖြစ်စဉ်မှာ တပ်မတော်ယာဉ်တန်းက ပြုလုပ်ခဲ့ခြင်းဖြစ်ကြောင်း ဒေသခံများက ပြောကြားခဲ့ပြီး ဒဏ်ရာရရှိသူများအနက် အမျိုးသမီး သုံးဦးမှာ စစ်တွေဆေးရုံတွင် ကုသမှု ခံယူနေစဉ် ထပ်မံသေဆုံးခဲ့သည်။
ယင်းဖြစ်စဉ်နှင့် ပတ်သက်၍ လုံခြုံရေးဆောင်ရွက်နေသည့်တပ်မတော်ယာဉ်တန်းများကို AA အဖွဲ့က မိုင်းဆွဲတိုက်ခိုက်မှုများ ပြုလုပ်ခဲ့၍ မလွှဲမရှောင်သာ ပြန်လည်ပစ်ခတ်ခဲ့ရခြင်းဖြစ်ကြောင်း တပ်မတော်ကာကွယ်ရေးဦးစီးချုပ်ရုံးက မတ် ၁၅ ရက်တွင် သတင်းထုတ်ပြန်ခဲ့ပါသည်။
ထို့ပြင် မတ် ၁၆ ရက် နံနက်ပိုင်းကလည်း ကျောက်တော်မြို့နယ် ကုလားတန်မြစ်ကြောင်းအနီးရှိ ကျေးရွာများကို လက်နက်ကြီး၊ လက်နက်ငယ် ကျည်များ ကျရောက်ခဲ့၍ ရွာသား ကိုးဦး ထိခိုက်ဒဏ်ရာ ရရှိခဲ့သည်။ ယင်းဖြစ်စဉ်မှာ တပ်မတော်နှင့် AA အဖွဲ့အကြား တိုက်ပွဲဖြစ်ပွားခဲ့ခြင်းမရှိဘဲ တပ်မတော်ရေယာဉ်များက ကုလားတန်မြစ်ကြောင်းတလျှောက် အကြောင်းမဲ့ပစ်ခတ်လာခြင်းဖြစ်သည်ဟု ဒေသခံများက စွပ်စွဲခဲ့ပါသည်။
ချင်းပြည်နယ်အတွင်း တိုက်ပွဲဖြစ်ပွားမှု
ဖေဖော်ဝါရီလဆန်းကတည်းက တိုက်ပွဲစတင်ဖြစ်ပွားနေခဲ့သည့် ပလက်ဝမြို့နယ် မီးချောင်းတံထားအနီးတွင် တိုက်ပွဲများ ဆက်လက်ပြင်းထန်နေပြီး အနီးရှိ ကျေးရွာများကို တပ်မတော်မှ လေကြောင်းတိုက်ခိုက်မှုများ ပြုလုပ်ခဲ့၍ အရပ်သား ထိခိုက်သေဆုံးမှုများ ဖြစ်ပေါ်ခဲ့သည်။
မတ် ၁၄ ရက်နှင့် ၁၅ ရက် နှစ်ရက်အတွင်း ပလက်ဝမြို့နယ်ရှိ ပြိုင်တိန်၊ ဝက်မနှင့် မိတ်စာကျေးရွာများတွင် တပ်မတော်က လေယာဉ်ဖြင့် ပစ်ခတ်တိုက်ခိုက်မှုများကြောင့် ဒေသခံအရပ်သား ၂၁ ဦး သေဆုံးပြီး ၂၈ ဦး အထိ ဒဏ်ရာရခဲ့ကြောင်း သိရပါသည်။ အဆိုပါလေကြောင်းမှ တိုက်ခိုက်မှုများမှာ ပလက်ဝမြို့နယ်သာမက နယ်နမိတ်ထိစပ်သည့် ကျောက်တော်မြို့နယ် မီးဝကျေးရွာတွင်ပါ ထိခိုက်မှုများ ရှိခဲ့ပါသည်။
လေကြောင်းမှ တိုက်ခိုက်မှုများအတွင်း အရပ်သားထိခိုက်သေဆုံးမှုများ ရှိခဲ့ကြောင်း တပ်မတော်က ဝန်ခံခဲ့ပြီး ပလက်ဝမြို့နယ်၊ မိတ်စာ(ရှေ့)ကျေးရွာနှင့် မိတ်စာ(နောက်)ကျေးရွာအနီးရှိ တပ်မတော်စခန်းတခုအား AA အဖွဲ့က အင်အားသုံး ပိတ်ဆို့တိုက်ခိုက်နေ၍ မလွှဲမရှောင်သာ ပြန်လည်ပစ်ခတ်ခဲ့ရခြင်း ဖြစ်သည်ဟု သတင်းထုတ်ပြန်ခဲ့သည်။
၂၀၂၀ ပြည့်နှစ် မတ်လ တတိယပတ်အတွင်း ဖြစ်ပွားခဲ့သည့် တိုက်ပွဲသတင်းများ၏ အပြည့်အစုံကို ယခု link တွင် ကြည့်နိုင်ပါသည်။",2.0,2.0,2.0,4.0,5.0,"The document provides a factual, journalistic report on regional conflicts in Myanmar. It is highly authentic in its use of local geography, terminology, and political context. While it lacks deep analytical reasoning or complex academic structure, it is a clear, well-formatted, and informative piece of contemporary reporting suitable for general awareness."
<urn:uuid:e6eb54f2-fc0d-4404-9b63-42279e95b340>,၁အခါလည်၍ ရှင်ဘုရင်တို့သည် စစ်တိုက်ချိန်ရောက်သောအခါ၊ ဒါဝိဒ်သည် ယွာဘနှင့်ကျွန်များ၊ ဣသရေလအမျိုးသားတို့အပေါင်းတို့ကိုစေလွှတ်သဖြင့်၊ သူတို့သည် အမ္မုန်အမျိုးသားတို့ကို တိုက်ဖျက်၍ ရဗ္မာမြို့ကိုဝိုင်း ထားကြ၏။ ဒါဝိဒ်သည်ကိုယ်တိုင်ယေရုရှလင်မြို့၌ နေလေ၏။ ၂နောက်တနေ့ ညဦးယံ၌ ဒါဝိဒ်သည် လျောင်းစက်ရာ မှာထ၍ နန်းတော်မိုးပေါ်မှာ စင်္ကြံသွားစဉ်တွင်၊ အလွန်အဆင်းလှသော မိန်းမတယောက် ရေချိုးသည်ကို မြင်တော်မူ၏။ ၃ထိုမိန်းမကား အဘယ်သူနည်းဟုစေလွှတ်၍ မေးမြန်းလျှင်၊ ဧလျံသမီး၊ ဟိတ္တိလူ ဥရိယ၏ မယားဗာသရှေဘဖြစ်ပါ သည်ဟုလျှောက်လေ၏။ ၄တဖန် လူကိုစေလွှတ်သဖြင့်၊ ထိုမိန်းမကို အထံတော်သို့ခေါ်ခဲ့၍ ရှက်တင်လေ၏။ ထိုမိန်းမ သည်မိမိအညစ်အကြေးနှင့်စင်ကြယ်အောင်ပြု၍ မိမိအိမ်သို့ပြန်ပြီးမှ၊ ၅ပဋိသန္ဓွေရှိသဖြင့် ဒါဝိဒ်ထံသို့လူစေလွှတ်၍၊ ကျွန်မ၌ပဋိသန္ဓွေရှိပါ၏ဟု လျှောက်စေသော်၊ ၆ဒါဝိဒ်သည်ယွာဘဆီသို့လူကိုစေလွှတ်၍ ဟိတ္တိလူဥရိယကို ငါ့ထံသို့စေ လွှတ်ရမည်ဟုမှာလိုက်သည်အတိုင်း၊ ယွာဘသည်စေလွှတ်၍၊ ၇ဥရိယရောက်လာသောအခါဒါဝိဒ်က၊ ယွာဘကျန်း မာ၏လော။ လူများကျန်းမာ၏ လော။ စစ်တိုက်၍အောင်မြင်သလောဟုမေးမြန်းပြီးမှ၊ ၈သင့်အိမ်သို့သွား၍ခြေဆေး လော့ဟုမိန့်တော် မူသည်အတိုင်း၊ ဥရိယသည်နန်းတော်မှထွက်၍သူနောက်မှခဲဘွယ်စားဘွယ်ကိုရှင်ဘုရင်ပေးလိုက်လေ ၏။ ၉သို့ရာတွင် ဥရိယသည် မိမိအိမ်သို့မသွားဘဲ၊ မိမိအရှင်၏ ကျွန်အပေါင်းတို့နှင့်အတူ နန်းတော် တံခါးဝ၌ အိပ်လေ၏။ ၁ဝဥရိယသည်မိမိအိမ်သို့ မသွားကြောင်းကိုနားတော်လျှောက်လျှင်ဒါဝိဒ်က၊ သင်သည်ခရီးသွား ရာမှရောက်လာသည် မဟုတ်လော။ သင့်အိမ်သို့အဘယ်ကြောင့်မသွားဘဲနေသနည်းဟု ဥရိယကိုမေးသော်၊ ၁၁ဥရိယက၊ သေတ္တာတော်နှင့် ဣသရေလအမျိုး၊ ယုဒအမျိုးသားတို့သည်တဲ၌နေကြပါ၏။ သခင်ယွာဘနှင့် သခင်၏ကျွန်များတို့သည်လွင်ပြင်၌တည်း ရကြပါ၏။ ကျွန်တော်သည်ကိုယ်အိမ်သို့သွား၍စားသောက်လျက် မယားနှင့် ပျော်မွေ့လျက်နေသင့်ပါမည်လော။ ကိုယ်တော်အသက်ရှင်တော်မူသည်အတိုင်း၊ ထိုသို့ကျွန်တော် မပြုပါဟု ဒါဝိဒ်အားလျှောက်လေ၏။ ၁၂ဒါဝိဒ်ကလည်း၊ ဤမြို့၌ယနေ့နေဦးလော့။ နက်ဖြန်နေ့ငါလွှတ် လိုက်မည်ဟု မိန့်တော်မူသည်အတိုင်း၊ ဥရိယသည်ထိုနေ့၊ နက်ဖြန်နေ့၊ ယေရုရှလင်မြို့၌နေ၏။ ၁၃ဒါဝိဒ်သည်လည်းဥရိယကိုခေါ်၍ရှေ့တော်၌စားသောက်လျက်ယစ်မူးသည်တိုင်အောင် သောက်ရ၏။ သို့သော်လည်း ညဦးမှာမိမိအိမ်သို့မသွားဘဲ၊ အရှင်၏ကျွန်တို့နှင့်အတူအိပ်ခြင်းငှါထွက်သွားလေ၏။ ၁၄နံနက်မှာ ဒါဝိဒ်သည်မှာစာကိုရေး၍ ဥရိယလက်တွင်ယွာဘသို့ပေးလိုက်၏။ ၁၅မှာစာချက်ဟူမူကား၊ ကျပ်တည်းစွာစစ် တိုက်ရာတပ်ဦး၌ဥရိယကိုခန့်ထားပြီးမှ၊ သူသည်ရန်သူ့လက်သို့ရောက်၍ သေစေခြင်းငှါ တပ်များကိုရုပ်သိမ်းလော့ဟုပါ သတည်း။ ၁၆အမိန့်တော်အတိုင်းယွာဘသည် မြို့ကိုကြည့်ရှုပြီးမှ၊ ခွန်အား ကြီးသော သူရဲရှိရာ အရပ်၌ဥရိယကိုခန့်ထား လေ၏။ ၁၇မြို့သားတို့သည်ထွက်၍ယွာဘနှင့်စစ်ပြိုင်သောအခါ၊ ဒါဝိဒ်၏ ကျွန်အချို့တို့သည်သေကြ၏။ ဟိတ္တိလူဥရိယ သည်လည်းသေ၏။ ၁၈ထိုနောက်ယွာဘသည် စစ်သိတင်းအလုံးစုံကိုဒါဝိဒ်အား ကြားလျှောက်စေခြင်းငှါလူကိုခေါ်၍၊ ၁၉သင်သည်ရှင်ဘုရင်ထံတော်၌ စစ်သိတင်းကို အကုန်အစင်ကြားလျှောက်ပြီးလျှင်၊ ၂ဝရှင်ဘုရင်သည်အမျက်တော်ထွက် ၍၊ သင်တို့သည် စစ်ပြိုင်သောအခါ၊ မြို့အနီးသို့အဘယ်ကြောင့် ချဉ်းကပ်ကြသနည်း။ မြို့ရိုးပေါ်က ပစ်မည်ကိုမသိလော။ ၂၁ယေရု ဗ္ဗေရှက်သားအဘိမလတ်ကိုအဘယ်သူလုပ်ကြံသနည်း။ သေဗက်မြို့မှာမိန်းမတယောက် သည်ကြိတ်ဆုံ ကျောက်တဖဲ့ကိုမြို့ရိုးပေါ်ကပစ်ချ၍အဘိမလက်သေသည်မဟုတ်လော။ မြို့ရိုးအနီးသို့ အဘယ်ကြောင့်ချဉ်းကပ်ကြသ နည်းဟုမိန့်တော်မူလျှင်၊ ကိုယ်တော်၏ ကျွန်ဟိတ္တိလူ၊ ဥရိယသေကြောင်းကို လျှောက်ရမည်ဟုမှာထား၍စေလွှတ်လေ၏။ ၂၂ယွာဘမှာထားသည်အတိုင်း ထိုတမန်သည်သွား၍ ဒါဝိဒ်အားကြားလျှောက်သည်ကား၊ ၂၃ရန်သူတို့သည်အ မှန်စင်စစ်ကျွန်တော်တို့ကိုနိုင်သဖြင့်၊ လွင်ပြင် တိုင်အောင်လိုက်၍ တိုက်ကြပါ၏။ ကျွန်တော်တို့သည်လည်း မြို့တံခါးဝ တိုင်အောင်လှန်၍တိုက်ကြပါ၏။ ၂၄လေးသမားတို့သည်မြို့ရိုးပေါ်က ကိုယ်တော်ကျွန်တို့ကိုပစ်၍ ကိုယ်တော်ကျွန်အချို့ သေကြ၏။ ကိုယ်တော်ကျွန် ဟိတ္တိလူ၊ ဥရိယသည်လည်းသေပါ၏ဟုလျှောက်လျှင်၊ ၂၅ဒါဝိဒ်ကလည်း၊ ဤအမှုကြောင့် စိတ်မပျက်နှင့်၊ စစ်တိုက်ပွဲတွင် တယောက်တလှည့်သေတတ်၏။ အားယူ၍မြို့ကိုကျပ်တည်းစွာ တိုက်လျက်လုပ်ကြံ တိုက်ဖျက်ကြလော့ဟု တမန်အားဖြင့် ယွာဘကိုမှာလိုက်လေ၏။ ၂၆ဥရိယသေကြောင်းကို သူ၏မယားကြားသောအခါ၊ ခင်ပွန်းကြောင့်ငိုကြွေးမြည်တမ်းလျက်နေ၏။ ၂၇ငိုကြွေးမြည်တမ်းချိန်လွန်မှ၊ ဒါဝိဒ်သည် လူကိုစေလွှတ်၍ ထိုမိန်းမကိုနန်း တော်သို့ ခေါ်စေသဖြင့်၊ သူသည်မိဖုရားအဖြစ်သို့ ရောက်၍သားယောက်ျားကိုဘွားမြင်လေ၏။ သို့ရာတွင် ဒါဝိဒ်ပြုသော အမှုသည်ထာဝရဘုရားရှေ့တော်၌ ဆိုးသောအမှုဖြစ်သတည်း။,3.0,3.0,2.0,4.0,3.0,"This is a narrative excerpt from the Bible (2 Samuel 11). It provides historical/literary educational value and follows a clear narrative logic. The language is formal, archaic Burmese, which is culturally authentic for religious texts, though it requires a moderate level of literacy to comprehend fully. The text is clean and well-structured."
<urn:uuid:e0df49d2-1e33-4898-ac35-f294109a05c0>,"စတားဂျင်ငါး
|Sturgeon|
Temporal range: Upper Cretaceous–Recent [၁]
|Atlantic sturgeon|
(Acipenser oxyrinchus oxyrinchus)
|သိပ္ပံနည်းကျ အမျိုးအစားခွဲခြင်း|
|လောက:|
|မျိုးပေါင်းစု:|
|မျိုးပေါင်း:|
|မျိုးစဉ်:|
|မျိုးရင်း:|
Acipenseridae
Bonaparte, 1831
|Subfamilies|
စတားဂျင်ငါး၏ ပုံပန်းမှာ ငဖောင်ရိုးနှင့် အလွန်တူသော် လည်း ငဖောင်ရိုးထက် များစွာ ဗလကောင်း၍ ကိုယ်အလေး ချိန်လည်း ပို၍စီးသည်။ ကိုယ်အခွံမှ အကြေးတို့သည် စုပေါင်း လျက် အလယ်ဗဟိုတွင် တုံးတိတိကြီးဖြစ်သည်။ ရှည်လျားချွန် ထက်သော နှာသီးရိုးရှိ၍ ပါးစပ်မှာ အလွန်သေးငယ်သည်။ ပါးစပ်အတွင်းဖက်၌ သွားများ မပါရှိချေ။ ရေထဲက အပင်များ နှင့် သတ္တဝါကလေးများကို စားသောက်သည်။ ရေကူးသည့် အခါ အလွန်လေးလံသဖြင့် ရေကူးသည်နှင့် မတူပဲ ရေထဲတွင် ဖြည်းည|င်းစွာ ဝပ်တွားသွားနေသည်နှင့် တူသည်။ ရေအောက် သဲပြင်ကို နှာခေါင်းဖျားရှိ ဦးမှင်ကြီး ၄ ခုဖြင့် မွှေနှောက်၍ အစာရှာလေ့ရှိသည်။ အစာကိုတွေ့လျှင် ပါးစပ်ကို ကတော့ သဖွယ် ပြုလုပ်ပြီးသော် စုတ်ယူမျိုသွင်းတတ်သည်။ စတားဂျင် ငါးမျိုးမှန်လျှင် ပင်လယ်ထဲတွင်သာ အနေများသည်။ သို့သော် လည်း အချို့ စတားဂျင်ငါး များမှာမူ ၅ ပေမှ ၇ ပေအထိ ရှည်လျားသည်။ ဤငါးမျိုးကို မြောက်အမေရိကတိုက် ဂရိတ် လိတ်ဒေသ၌ တစ်နှစ်ပတ်လုံး တွေ့ရသည်။ စတားဂျင် ငါးမျိုး အားလုံးတို့၏ နေရင်းဇာတိမှာ ပင်လယ်သမုဒ္ဒရာ ဖြစ်သည်။ ပင်လယ်ကမ်းခြေ တစ်လျှောက် သို့မဟုတ် ပင်လယ်အော် ပင်လယ်ကွေ့ စသည်တို့တွင်သာ အများအားဖြင့် နေလေ့ရှိ သည်။ သို့သော်လည်း နှစ်စဉ်နှစ်တိုင်းပင် နွေဦးကာလ ကျရောက်သောအခါ စတားဂျင်ငါးတို့သည် ပင်လယ်ရေကို စွန့်ခွာပြီးသော ချောင်း၊ မြောင်း၊ အင်း၊ အိုင် စသော ရေချို ရှိရာ အရပ်ဒေသများသို့ သွားရောက်၍ လအနည်းငယ်မျှ နေတတ်ကြသည်။
စတားဂျင်ငါးမျိုး မြောက်မြားစွာ ရှိသည်။ အမျိုးများ သလောက် အရွယ်အစားလည်း လွန်စွာပင် ခြားနားသည်။ ပင်လယ်နက်နှင့် ကက်စပျန်ပင်လယ် အနီးအနားတွင် တွေ့ရ သော စတားဂျင်ငါးမှာ ၂၄ ပေမျှ ရှည်လျား၍ အလေးချိန် ပေါင် ၂,ဝဝဝ မျှ စီးသည်။ ကြီးမားသော စတားဂျင်ငါးများကို တွေ့ရသည့်နည်းတူ သေးငယ်သော စတားဂျင်ငါးများကိုလည်း တွေ့ရ၏။ စတားဂျင်ငါးကလေးမျိုးသည် အလျား ၃ ပေခန့်မျှ သာ ရှိသည်။ ယခုအချိန်ထိ ကျွန်ုပ်တို့ သိရှိရသလောက် စတားဂျင်ငါးမျိုးသည် အလျားပေ ၃ ပေခန့်မျှသာ ရှိသည်။ ယခုအထိ ကျွန်ုပ်တို့သိရှိရသလောက် စတားဂျင်ငါးမျိုးထဲတွင် ရုရှစတားဂျင် ငါးကလေးမျိုးသည် အကြီးမားဆုံးဖြစ်သည်။ ရုရှစတားဂျင်ငါးမှာ ပေါင်ချိန် ၃,ဝဝဝ အထိပင် စီးသည်။ စတားဂျင်ငါးသည် ပင်လယ်အတွင်းမှ မြစ်၊ ချောင်း သဲကမ်းပါးပေါ်သို့ လာရောက်၍ ဥအုလေ့ရှိသည်။ စတားဂျင် ငါးမသည် တစ်ရာသီအတွင်း ဥပေါင်း ၃,ဝဝဝ,ဝဝဝ မျှအထိ အုသည်။ သို့သော်လည်း မြစ်ထဲရှိ အခြားငါးသတ္တဝါများက စားပစ် လိုက်၍ ဥအများအပြား ပျက်စီးကြရကုန်သည်။
ထိုကြောင့် အုသလောက် အဖတ်မတင်ဘဲရှိသည်။ ပေါက်ပွား လာသည့် အခါတွင်လည်း ငါးကလေးများကို ငါးကြီးများက စားပစ်လိုက်ကြပြန်ရာ ငါးကလေးဦးရေမှာ အတော်ပင် နည်း သွားသည်။ စတားဂျင်ငါးသည် ရေချိုအရပ်တွင်နေရန် နှစ်သက် သည့်အလျောက် တစ်သက်လုံး မြစ်ထဲ၌ပင် နေတတ်ကြ သည်။ သို့သော် စတားဂျင်ငါး များစွာတို့သည် ဆောင်းဥတု မတိုင်မီ ဇာတိဖြစ်သော ပင်လယ်သမုဒ္ဒရာအတွင်းသို့ မရောက် ရောက်အောင် ပြန်သွားတတ်ကြသည်။
ငါးအပေါင်းတို့သည် စတားဂျင်ငါးသည် အလွန်အဖိုးထိုက် တန်သည်။ အဘယ်ကြောင့်ဆိုသော် စတားဂျင်ငါးဥများကို ကောင်းစွာ ဆေးကြောပြီးနောက် ဆားစိပ်၍ ငါးဥဆားနယ် ပြုလုပ်နိုင်သောကြောင့် ဖြစ်သည်။ ထိုမျှသာမက ဂျယ်လတင် ကိုလည်း စတားဂျင်ငါး၏ လေအိတ်မှ ထုတ်ယူနိုင်သေးသည်။ စတားဂျင်ငါးမှ အိုက်စင်ဂလပ်(ငါးစည်းဖောင်းကော်တစ်မျိုး) ကိုလည်း ရသည်။ စတားဂျင်ငါးငါး၏လေအိတ်မှ ရှည်လျား၍ ငွေရောင်ထနေသည်။ ထိုလေအိတ်များကြောင့်ပင် စတားဂျင်ငါး တို့သည် လွယ်ကူစွာဖြင့် ရေပေါ်သို့ပေါ်လာနိုင်၊ ရေအောက်သို့ မြုပ်သွားနိုင်ကြသည်။ စတားဂျင် ငါးဥဆားနယ်မှာ အရသာ ကောင်းလှသဖြင့် တစ်ခါစားဘူးလျှင် စတားဂျင်ငါးကို အမှတ်ရ လျက် ရှိတတ်သည်။ [၂]
ကိုးကား[ပြင်ဆင်ရန်]
- တမ်းပလိတ်:FishBase family
- မြန်မာ့စွယ်စုံကျမ်း၊ အတွဲ(၃)",4.0,2.0,2.0,3.0,3.0,"The text provides a clear, informative overview of sturgeon biology and economic value, suitable for middle-school education. It uses natural Burmese, though it contains some formatting artifacts from a wiki-style source. The reasoning is descriptive rather than analytical, and the content is accessible to a general audience."
<urn:uuid:56e8c7d1-666f-459b-980d-8e345da3a0f7>,"အပျိုမြှေး
အပျိုမြှေး (hymen) ခေါ် မလိင်အင်္ဂါ အမြှေးပါးသည် mucous အမြှေးပါး အခေါက် ဖြစ်ပြီး အပြင်ပိုင်း မအင်္ဂါပေါက်ကို တစိတ်တစ်ပိုင်းအားဖြင့် ကာထားသည်။ အပျိုမြှေးသည် မအင်္ဂါဇာတ်၏ တစ်စိတ်တစ်ပိုင်းဖြစ်သည်။[၁][၂] မြန်မာတို့သည် အပျိုမြှေးပေါက်လျှင် အပျိုမစစ် ဟုယူဆကြသော်လည်း အပျိုဟုတ်မဟုတ်မှာ အပျိုမြှေး ဖြင့်ဆုံးဖြတ်၍ မရသလို ကြိုတင် စစ်ဆေးရန်လည်း မဖြစ်နိုင်ပေ။ သံသယ ရှိသော မုဒိန်းမှုများတွင် မှု အပျိုမြှေး ပျက်မပျက် သေချာစွာ စစ်ဆေးနိုင်သော်လည်း အပျိုမြှေး စစ်ချက်တစ်ခုတည်းနှင့်တော့ အထူးသဖြင့် အရွယ် မရောက်သေးလျှင် အတည်မပြုနိုင်ပေ။[၃] အပျိုမြှေး ၏ ပုံစံမှာ ထုံးစံအားဖြင့် လခြမ်းပုံရှိပြီး အခြားပုံ များစွာလည်း ရှိကြသည်။ သားမွေးပြီးနောက် အပျိုမြှေးကို carunculae myrtiformes ခေါ်ပြီး လုံးဝ မရှိပဲလည်း ဖြစ်နိုင်သည်။ [၄]
ကိုးကား[ပြင်ဆင်ရန်]
- Emans, S. Jean. ""Physical Examination of the Child and Adolescent"" (2000) in Evaluation of the Sexually Abused Child: A Medical Textbook and Photographic Atlas, Second edition, Oxford University Press. 62
- Perlman, Sally E.; Nakajima, Steven T. and Hertweck, S. Paige (2004). Clinical protocols in pediatric and adolescent gynecology. Parthenon, 131.
- Emans, S. Jean. ""Physical Examination of the Child and Adolescent"" (2000) in Evaluation of the Sexually Abused Child: A Medical Textbook and Photographic Atlas, Second edition, Oxford University Press. 63-4
- Knight, Bernard (1997). Simpson's Forensic Medicine, 11th edition, London: Arnold, 114.",3.0,2.0,3.0,4.0,3.0,"The text provides accurate, educational medical information regarding the hymen, addressing common cultural misconceptions in Myanmar. It is well-structured and informative, though it functions more as a brief encyclopedic entry than a comprehensive educational tutorial. It maintains a neutral, professional tone and includes appropriate citations."
<urn:uuid:a22310d1-4c31-495b-9fd9-20a80afc5ec2>,"တိုင်းပြည်ဖံွ့ဖြိုးတိုးတက်ရေးနဲ့ ဘာသာပေါင်းစုံ လူမျိုးပေါင်းစုံ ယှဉ်တွဲနေထိုင်နိုင်ရေးအတွက် အစိုးရနဲ့ ပူးပေါင်းဆောင်ရွက်ကြဖို့ သာသာနာရေးနဲ့ ယဉ်ကျေးမှုဝန်ကြီး သူရဦးအောင်ကို က ဘာသာပေါင်းစုံ ချစ်ကြည်ညီညွတ်ရေးအဖွဲ့(ဗဟို) ကို တိုက်တွန်းလိုက်ပါတယ်။
ရန်ကုန်မြို့ ကမ္ဘာအေးဘုရားလမ်းမှာရှိတဲ့ ရန်ကုန်တိုင်း သာသနာရေးဝန်ကြီးဌာနရုံးမှာ ဒီနေ့ တွေ့ဆုံစဉ် ပြော ခဲ့တာဖြစ်တယ်လို့ ဘာသာပေါင်းစုံ ချစ်ကြည်ညီညွတ်ရေးအဖွဲ့(ဗဟို) ဒုတိယဥက္ကဌ ဦးညွန့်မောင်ရှိန် က ပြော ပါတယ်။
""မြို့နယ်၊ ခရိုင်၊ တိုင်းဒေသကြီးဆိုင်ရာအဖွဲ့တွေနဲ့ ပူးပေါင်းပြီးတော့ ဘာသာပေါင်းစုံ၊ ညူမျိုးပေါင်းစုံ သဟဇာတညီဖို့အတွက် ဒါအားလုံးဟာ စိတ်သစ်၊ လူသစ်၊ အသွင်သစ်နဲ့ ဒီဥစ္စာတွေအားလုံးကို ဒီမိုကရေစီအစိုးရရဲ့ အင်္ဂါရပ်တွေနဲ့အညီ အားလုံးကပူးပေါင်းဆောင်ရွက်မယ်၊ အခုက စလုပ်တာဆိုတော့ အရှိန်အဟုန်တော့ မရသေးဘူး၊ ဒါတွေအားလုံးကို စုပေါင်းဆောင်ရွက်သွားမယ်ဆိုရင် ဒီအခက်အခဲတွေ ဟာ ဘယ်တော့မှရှိနိုင်စရာအေကြာင်းတော့ မရှိတော့ဘူးပေါ့၊ အားလုံးပူးပေါင်းဆောင်ရွက်ဖို့ပဲ အရေးကြီးတယ်၊ ပြည်ထောင်စုသမ္မတ မြန်မာနိုင်ငံတော်ဟာ နိုင်ငံရေး၊ ဘာသာရေး၊ လူမှုရေးတွေ ဘယ်လိုပဲ ဘာသာယုံကြည်ကိုးကွယ်ရာတွေကို များပြားပေမယ့်လို့ အားလုံးကိုတစ်သဘောတည်းအမြင်နဲ့ တိုင်းပြည်ကောင်းစားရေးကို ဝိုင်းဝန်းလုပ်ကြဖို့ ဆိုတဲ့အကြောင်းတွေပြောတယ်ပေါ့""
ကရင်ပြည်နယ် လှိုင်းဘွဲ့မြို့နယ်မှာ မြိုင်ကြီးငူဆရာတော်ရဲ့ လမ်းညွှန်ချက်နဲ့ စေတီတည်နေတဲ့ကိစ္စတွေ မိတ္ထီလာ၊ ဥက္ကံနဲ့ မန္တလေးမြို့တို့မှာ ဖြစ်ပေါ်ခဲ့တဲ့ ဘာသာရေးပဋိပက္ခတွေနဲ့ ပတ်သက်ပြီး ဘာသာပေါင်းစုံချစ်ကြည် ညီညွတ်ရေးအဖွဲ့ (ဗဟို) တာဝန်ရှိသူတွေက ဆွေးနွေးခဲ့ပါတယ်။
ဒါ့အပြင် မိတ္ထီလာမြို့မှာ ပဋိပက္ခဖြစ်ပြီးနောက် ပိတ်ထားခဲ့တဲ့ ဗလီတွေကို ပြန်ဖွင့်ခွင့်ပေးဖို့လည်း တင်ပြခဲ့တယ်လို့ ဦးညွန့်မောင်ရှိန် က ပြောပါတယ်။
သာသနာရေးနဲ့ ယဉ်ကျေးမှုဝန်ကြီး သူရဦးအောင်ကိုဟာ မန္တလေးမြို့မှာရှိတဲ့ ဘာသာပေါင်းစုံ ချစ်ကြည် ညီညွတ်ရေး အဖွဲ့တွေနဲ့လည်း ပြီးခဲ့တဲ့ မေလ ၄ ရက်နေ့က မန္တလေးမြို့မှာ တွေ့ဆုံခဲ့ပါတယ်။",2.0,2.0,2.0,5.0,5.0,"The text is a news report about interfaith harmony in Myanmar. It provides factual reporting on government and religious committee interactions. It is written in natural, authentic Burmese, reflecting local political and social contexts. It lacks complex reasoning or deep academic value, serving primarily as a straightforward informational news piece."
<urn:uuid:713acab3-e6b4-4ae0-ab69-a964da617f71>,"တရုတ်နယ်စပ် ပို့ကုန်သွင်းကုန် စနစ် အပြောင်းအလဲ ရှိလာပြီး ကြန့်ကြာမှုများရှိ
သတင်းနှင့် မီဒီယာ ကွန်ရက်။
၂၀၂၃ ခုနှစ်၊ ဖေဖော်ဝါရီ ၆ ရက်။
ကျင်စန်းကျော့-ဝမ်တိန်နယ်စပ် တရုတ်ဘက်ခြမ်းတွင် ပို့ကုန်၊ သွင်းကုန် စနစ် မကြာခဏ ပြောင်းလဲမှု ရှိသဖြင့် ယခုရက်ပိုင်းအတွင်း မြန်မာဘက်မှ သစ်သီးတင်ပို့မှု နှောင့်နှေးကြန့်ကြာနေသည်ဟု နယ်စပ်ကုန်သည်များနှင့် ယာဉ်မောင်းများက ပြောသည်။
မြန်မာနှင့် တရုတ်နှစ်နိုင်ငံ ထိစပ်နေသည့် မူဆယ် ၁၀၅ မိုင်ကုန်သွယ်ရေးဇုန် အတွင်းရှိ ကျင်စန်းကျော့-ဝမ်တိန် နယ်စပ် တရုတ်ဘက်ခြမ်းတွင် ပို့ကုန်၊ သွင်းကုန် စနစ် မကြာခဏ ပြောင်းလဲသည့်အတွက် ယခုကဲ့သို့ သစ်သီး တင်ပို့မှု နှောင့်နှေးကြန့်ကြာနေရခြင်း ဖြစ်သည်ဟု ပြောသည်။
နယ်စပ်က သစ်သီးကုန်သည်တစ်ဦးက “တရုတ်ဘက်က စနစ်က အခုတစ်မျိုး၊ တော်ကြာ တစ်မျိုး ဖြစ်နေတာ။ ဘယ်လိုပြောရမှန်းကိုမသိတော့ဘူး။ တော်တော်ကို တိုင်ပတ်နေတယ်” ဟု ပြောသည်။
တရုတ်ဘက်ခြမ်း ဝမ်တိန် အခွန်ဌာနတွင် ပုံမှန်လည်ပတ်နေသည့် နယ်စပ်ကုန်သွယ်ရေးစနစ်ကို အဆင့် ၂ သို့ ပြောင်းလဲကာ အဆင့်ထပ်မြှင့်တင်မှု လုပ်ဆောင်နေသဖြင့် သစ်သီးကားများ တရုတ်ဘက်သို့ ဝင်ရောက်မှု နှေး ကွေးကာ ကြန့်ကြာနေရခြင်း ဖြစ်သည်ဟု အဆိုပါ သစ်သီးကုန်သည်က ဆက်ပြောသည်။
ဖရဲ ကုန်တင်ယာဉ်မောင်း တစ်ဦးက “တရုတ်ဘက်က စနစ် အသစ် ထပ်ပြောင်းလိုက်တဲ့ အခါကျတော့ ကားတွေ က တအားကြာသွားတာ” ဟု ပြောသည်။
အသီးတင်ပို့ကားများ ပုံမှန် တစ်ရက်လျှင် အစီးရေ ၇၀ ဝန်းကျင် တရုတ်ဘက်သို့ တင်ပို့နေရာမှ ယခုရက်ပိုင်း အတွင်း တစ်ရက်လျှင် အသီးတင်ပို့ကား အစီးရေ ၃၀ ဝန်းကျင်ခန့်သာ တင်ပို့နေရခြင်း ဖြစ်သည်ဟု ဆိုသည်။
တရုက်ဘက်သို့ ကား အဝင်နည်းသွားသောကြောင့် ဖေဖော်ဝါရီလ ၄ ရက်နေ့ အထိ ၁၀၅ မိုင်ကုန်သွယ်ရေးဇုန်ရှိ သစ်သီးကွင်းနှင့် တရုတ်နယ်စပ် ကျင်းစန်းကျော့ဘက်တို့တွင် အသီးကားများ ရာနှင့်ချီ စောင့်ဆိုင်းနေသည်ဟု လည်း သစ်သီးကုန်သည်များက ပြောသည်။
ရက်ကြာလာပါက အသီးများ အရည်အသွေး ကျဆင်းလာမည်ကို ကုန်သည်များ စိုးရိမ်ကြရသကဲ့သို့ နှောင့်နှေး ကြန့်ကြာမှုကြောင့် သစ်သီးကုန်တင် ယာဉ်မောင်းများနှင့် တောင်သူများလည်း အခက်အခဲ ဖြစ်ကြရသည်။
ထို့အပြင် ဝမ်တိန်၌ ခါလီတန်ချိန်နှင့် ဝမ်တိန်ဖရဲကွင်းရှိ ကတ္တားမှ ခါလီတန်ချိန်တို့ ကိုက်ညီမှုမရှိပါက ယာဉ် မောင်းများ၏ ကားခထဲမှ ယွမ် ၁၅၀ ဖြတ်ယူသည့်အချက်လည်း ထပ်တိုးလာသည်ဟု သစ်သီးတင် ယာဉ်မောင်း များက ပြောသည်။
ယာဉ်မောင်း တစ်ဦးက “ကတ္တားတလုံးနဲ့ တလုံးတောင် ကွာဟမှုရှိနေတဲ့ဟာကိုဗျာ။ ဘာကြောင့် အဲ့လို အဖြတ် ခံ ရတာလဲ မသိဘူးဗျ။ ကတ္တား ညှိပေးမှရမှာ။ ခါလီအမှန်ပြောလဲ ဝမ်တိန်ကွင်းက ကတ္တားပဲ သုံးမယ်ဆိုရင် ဘယ် လိုမှ မမှန်နိုင်ဘူး။ ကွာကိုကွာတယ်။ ဝမ်တိန် ကတ္တားထဲက ခါလီတန်ချိန်နဲ့ မြန်မာပြည်လမ်းရဲ့ ခါလီတန်ချိန်နဲ့ ဘယ်လိုမှ ကိုက်ညီမှု ရှိမှာမဟုတ်ဘူးဗျ။ အနည်းဆုံးတော့ ၁၅၀ Kg လောက် ကွာဟမှုရှိမှာဘဲဗျ။ ကျနော့် ကား ၂ စီးတော့ ၈၅၀၀၀ ကျပ် အဖြတ်ခံလိုက်ရတယ်” ဟု ပြောသည်။
ယခုကဲ့သို့ တန်ချိန် ကွာဟမှုရှိသဖြင့် ကုန်သည်ပွဲစားများ အနေဖြင့်လည်း ဂျူတီ အခွန်ဖိုး နစ်နာရသည်ဟု ကုန်သည်တစ်ဦးက ပြောသည်။
ယခုနှစ် ဖေဖော်ဝါရီလဆန်းပိုင်းတွင် အရည်အသွေးကောင်းသည့် ဖရဲသီး ၁ ကီလိုဂရမ်ကို ၃.၅ နှင့် ၃.၆ ယွမ် ဝန်းကျင်၊ သခွားသီး ၁ ကီလိုဂရမ် ၅ ယွမ် ဈေးပေါက်ကြောင်းသိရပြီး လာအိုနိုင်ငံမှလည်း တရုတ်နိုင်ငံသို့ ဖရဲ တင်ပို့မှုရှိသောကြောင့် အရည်အသွေး၊ ဈေးကွက် ယှဉ်ပြိုင်မှုများ ရှိနေသဖြင့် ဈေးကွက် ထိန်းနိုင်ရေး တောင်သူ၊ ပွဲစား၊ ကုန်သည်များ အနေဖြင့် အရည်အသွေးမှီ အသီးများကိုသာ တင်ပို့သင့်သည်ဟု နယ်စပ်သစ်သီး ပို့ကုန် လုပ်ငန်းရှင်များ က ပြောသည်။
ပြီးခဲ့သည့် ဇန်နဝါရီလ လကုန်ရက်မှစတင်၍ တရုတ်ဘက်ခြမ်းရှိ အခွန် (ပေါက်ကွမ်း) ရုံးတွင် Boarder Trade Level Two သို့ System Update ဆောင်ရွက်နေခြင်းဖြစ်ပြီး အဆိုပါ ကျင်းစန်းကျော့ – ဝမ်တိန် နှစ်နိုင်ငံ နယ်စပ် ကုန်သွယ်ရေးဂိတ်သည် မြန်မာ – တရုတ် နှစ်နိုင်ငံ နယ်စပ်ကုန်သွယ်မှု အားလုံး၏ ၇၅ ရာခိုင်နှုန်းခန့် ကုန်သွယ် စီးဆင်းရာ နယ်စပ်ဂိတ်ဖြစ်သည်။
Photo: Crd -MK",2.0,2.0,2.0,5.0,5.0,"The document is a well-written, authentic news report about border trade issues. It provides factual reporting on economic challenges, requiring basic understanding of trade logistics. It is clean, uses natural Burmese phrasing, and reflects specific local economic contexts, though it lacks deep analytical reasoning or complex academic content."
<urn:uuid:cc0c4e38-330b-4b3d-ac9a-c3907f4cecf1>,"လင်းသန့်
ကယားပြည်နယ်သတ္ထုထုတ်လုပ်ရေးကုမ္ပဏီ(KMPC)မှ ရင်းနှီးမြှပ်နှံထားသည့် မော်ချီသတ္တုတွင်းစီမံကိန်း ဧရိယာတွင် အသစ်ဖေါက်လုပ်နေသည့် LEVEL (6) သတ္တုကျင်းတူးဖေါ်လုပ်ကိုင်ရန် ပြည်နယ်အစိုးရထံသို့ တင်ပြထားကြောင်း သိရသည်။
ပြည်ထောင်စုအဆင့် တင်ပြရမည့် ယင်းစီမံကိန်းကို KMPC က ကယားပြည်နယ်အစိုးထံသို့ ဦးစွာတင်ပြထားသည်ဟု ကယားပြည်နယ် သယံဇာတနှင့် သဘာဝပတ်ဝန်းကျင်ထိန်းသိမ်းရေးဝန်ကြီး ဦးတီရယ်က ပြောသည်။
“ကျနော်တို့ ပြည်နယ်အစိုးရကို သူတို့ တင်ထားတယ်။ အဲ့ဒီနေရာမှာ ကျင်းဖေါက်ပြီး ခဲထုတ်မယ်ဆိုတဲ့အကြောင်းကို။”ဟု ဝန်ကြီး ဦးတီရယ်က ပြောသည်။
စိစစ်ပြီး သဘောထားမှတ်ချက်များ ပေးရမည်ဖြစ်ကာ ပြည်နယ်အစိုးရက လေ့လာစုံစမ်းမှုများ ပြုလုပ်နေဆဲဟု သိရသည်။
အဆိုပါ သတ္တုတွင်းဖေါက်လုပ်ခြင်းကို ၂၀၁၇ ခုနှစ် နှစ်လည်ပိုင်ကတည်းက စတင်လုပ်ဆောင်နေလျှက်ရှိကာ ကနဦး စပ်သပ်တူးဖေါ်မှုများ စတင်နေပြီဟု မော်ချီးသတ္တုတွင်းစီမံကိန်း(ရုံခွဲ) တာဝန်ခံ ဦးစန်းဝင်းအောင်က ကန္တရဝတီတိုင်း(မ်)ကို ပြောသည်။
“သူတို့ အဲ့ဒီကျင်းကိုတော့ စနစ်ကျကျထုတ်ဖို့ လုပ်ထားတယ်။ ထုတ်လုပ်မှုတွေ ပိုထွက်ရှိလာအောင် ကုမ္ပဏီက ရင်းနှီးမြှပ်နှံတာတွေ လုပ်နေတာ။”ဟု ၎င်းက ပြောသည်။
သတ္ထုတွင်း ဖေါက်လုပ်နေသည့်အတောအတွင်း မိုင်းခွဲသံများဖြင့် ကျယ်လှောင်လျှက်ရှိကာ ပတ်ဝန်းကျင်အတွက် အနှောက်အယှတ်ဖြစ်ကြောင်း ဒေသခံများက ဆိုကြသည်။
“တခါတလေဆို ညအချိန် မိုင်းခွဲသံအကျယ်ကြီးပဲ။ အိမ်တောင်တုန်တယ် တခါတလေ လန့်တောင်နိုးတယ်။”ဟု မော်ချီးအောက်ရွာနေ ဒေါ်နော်ထူးက ပြောသည်။
ကုမ္ပဏီမှ ယင်းစီမံကိန်းအတွက် အကြီးစားရင်းနှီးမြှပ်နှံရန် အလားအလာရှိနေကြောင်း ဖါးဆောင်းလွှတ်တော်ကိုယ်စားလှယ် ဦးရန်နိုင်ဆွေက ဆိုသည်။
အဆိုပါ စီမံကိန်း အကောင်အထည်ဖေါ်ဖြစ်ပါက မော်ချီးတွင် စနစ်တကျထုတ်လုပ်မည့် လုပ်ငန်းခွင်သတ္တုတွင်းအဖြစ်မြင်တွေ့နိုင်ဖွယ်ရှိဟု ၎င်းက ခန့်မှန်းသည်။
ကန္တာရဝတီတိုင်း(မ်)မှ မော်ချီးသို့ သွားရောက်စဉ် အဆိုပါ LEVEL (6) ကျင်းဖေါက်လုပ်နေသော လုပ်ငန်းခွင်သို့ သွားရောက်မှတ်တမ်းရယူရန် တာဝန်ရှိသူများကို ခွင့်တောင်းခဲ့သော်လည်း ခွင့်မပြုခဲ့ပေ။
ကယားပြည်နယ်သတ္တုတူးဖေါ်ထုတ်လုပ်ရေးကုမ္ပဏီ(KMPC)အား ၂၀၀၂ တွင် အစိုးရက မော်ချီးတွင် သတ္တလုပ်ငန်းလုပ်ကိုင်ရန် တရားခွင့်ပြုပေးခဲ့ပြီး သတ္တုတွင်းဝန်ကြီးဌာန အမှတ်(၂)သတ္တုတွင်းလုပ်ငန်းနှင့် သတ္တုထုတ်လုပ်မှုအပေါ် ခွဲဝေခံစားသည့်စနစ်ဖြင့် တူးဖေါ်လုပ်ကိုင်နေသည်။
KMPC ၏ လက်ရှိထုတ်လုပ်ခွင့် သက်တမ်းသည် ၂၀၁၉ ခုနှစ်တွင် ပြီးဆုံးမည်ဖြစ်သည်။ နောက်ထပ် အကြီးစားတူးဖေါ်ခွင့် နှစ် ၅၀ ရင်းနှီးမြှပ်နှံခွင့်ရရှိရန် အစိုးရထံသို့ ၎င်းကုမ္ပဏီက တင်ပြထားကြောင်း သိရသည်။",2.0,2.0,3.0,5.0,4.0,"The text is a journalistic report on mining operations in Kayah State. It provides factual information about local industry and environmental concerns. It is well-structured, uses natural Burmese, and reflects local administrative and social contexts, though it lacks deep analytical reasoning or broad educational curriculum value."
<urn:uuid:741f92a2-cfc3-4dbd-841e-c5c7c5fabc54>,"အရင်းအနှီးဈေးကွက်ဖွံ့ဖြိုးတိုးတက်ရေး စတုတ္ထအကြိမ် စားပွဲဝိုင်းဆွေးနွေးပွဲအား ငွေချေးသက်သေခံလက်မှတ်လုပ်ငန်းကြီးကြပ်ရေးကော်မရှင်ရုံး၌ ကျင်းပပြုလုပ်(၈–၂–၂၀၂၀)
မြန်မာနိုင်ငံ၏အရင်းအနှီးစျေးကွက်ဖွံ့ဖြိုးတိုးတက်ရေးအတွက် “စတုတ္ထအကြိမ်တွေ့ဆုံညှိနှိုင်းအစည်းအဝေးကို(၈-၂-၂၀၂၀)ရက်(စနေနေ့)၊ နံနက် (၀၉:၀၀)နာရီတွင် ရန်ကုန်မြို့၊ ငွေချေးသက် သေခံလက်မှတ် လုပ်ငန်းကြီးကြပ်ရေး ကော်မရှင်ရုံး၌ ကျင်းပပြုလုပ်ခဲ့ပါသည်။
အဆိုပါဆွေးနွေးပွဲသို့ စီမံကိန်း၊ ဘဏ္ဍာရေးနှင့် စက်မှုဝန်ကြီးဌာန ဒုတိယဝန်ကြီး၊ မြန်မာနိုင်ငံ ငွေချေးသက် သေခံလက်မှတ် လုပ်ငန်း ကြီးကြပ်ရေးကော်မရှင်ဥက္ကဋ္ဌ၊ ဦးမောင်မောင်ဝင်းနှင့် ကော်မရှင် အဖွဲ့ဝင်များ၊ ဂျပန်သံရုံးနှင့် JICAမှ တာဝန်ရှိသူများ၊ မြန်မာနိုင်ငံတော် ဗဟိုဘဏ်၊ ရင်းနှီးမြှုပ်နှံမှုနှင့် ကုမ္ပဏီများ ညွှန်ကြား မှုဦးစီးဌာန၊ ပြည်တွင်းအခွန်များဦးစီးဌာန၊ မြန်မာနိုင်ငံလက်မှတ်ရ ပြည်သူ့ စာရင်းကိုင် များအသင်း၊ Myanmar Private Equity and Venture Capital Association၊ ရန်ကုန်စတော့အိပ်ချိန်း၏ စာရင်းဝင်ကုမ္ပဏီများ၊ ငွေချေးသက်သေခံ လက်မှတ် ကုမ္ပဏီများနှင့် ရန်ကုန်စတော့အိပ်ချိန်းတို့မှှ ဌာနဆိုင်ရာ အကြီးအကဲများနှင့် တာဝန်ရှိပုဂ္ဂိုလ်များ တက်ရောက်ကြပါသည်။
ဆွေးနွေးပွဲ သဘာပတိအဖြစ် စီမံကိန်း၊ ဘဏ္ဍာရေးနှင့်စက်မှုဝန်ကြီးဌာန ဒုတိယဝန်ကြီး၊ ငွေချေး သက်သေခံလက်မှတ် လုပ်ငန်း ကြီးကြပ် ရေးကော်မရှင် ဥက္ကဋ္ဌ ဦးမောင်မောင်ဝင်းက ဆောင်ရွက် ပါသည်။ သဘာပတိက အဖွင့်အမှာစကား ပြောကြားရာတွင် စတော့ဈေးကွက် ဖွံ့ဖြိုးတိုးတက် စေရန်နှင့် စတော့ရှယ်ယာဈေးကွက် အတွင်းရှိနေသော စိန်ခေါ်မှုများ၊ အခက်အခဲများကို ဖြေရှင်း ပေးနိုင်ရန် စားပွဲဝိုင်း ဆွေးနွေးပွဲကို (၃)လ တစ်ကြိမ် ကျင်းပပြုလုပ်ခဲ့ရာ အခုအကြိမ်သည် (၄) ကြိမ်မြောက် ဆွေးနွေးပွဲဖြစ်ကြောင်း၊ တတိယအကြိမ် ဆွေးနွေးပွဲတွင် အစိုးရဌာနများ တင်ဒါခေါ် ယူသည့်အခါ စာရင်းဝင်ကုမ္ပဏီများတွင် အရည်အချင်းကို ထည့်သွင်း စဉ်းစားရေးကိစ္စ၊ အစိုးရ၏ ပစ္စည်းဝယ်ယူမှု စည်းမျဉ်းစည်းကမ်းနှင့်လုပ်ထုံး လုပ်နည်း ထည့်သွင်းဖော်ပြရန်ကိစ္စ၊ ၊ စာရင်းဝင် ကုမ္ပဏီတွေမှာ ဝင်ငွေခွန် လျော့ပေါ့ပေးရေးကိစ္စ၊ မြန်မာနိုင်ငံ၏ ရေရှည်တည် တံ့ခိုင်မြဲပြီး ဟန်ချက်ညီသော ဖွံ့ဖြိုးတိုးတက်မှု စီမံကိန်းတွင် အရင်းအနှီးဈေးကွက်ဖွံ့ဖြိုး တိုးတက်ရေးအတွက် ထည့်သွင်းသင့်သော မဟာဗျူဟာ ကိစ္စများကို ဆွေးနွေးခဲ့ပါကြောင်း၊ ယခုဆွေးနွေးပွဲတွင် ရန်ကုန် စတော့အိပ်ချိန်းမှာ နိုင်ငံခြားသားများ ပါဝင်ရင်းနှီးမြှုပ်နှံခွင့်ပြုရေးကိစ္စ၊ ငွေချေးသက်သေခံလက် မှတ်များ အရောင်းအဝယ် ပြုလုပ်ရာတွင် အခွန်ကောက်ခံမည့်နည်းစနစ်၊ ရန်ကုန်စတော့ အိပ်ချိန်းမှာ စာရင်းမဝင်ရသေးသည့် အများပိုင် ကုမ္ပဏီတွေအတွက် Pre-listing Board တည်ထောင်ရန် ဆောင် ရွက်ထားမှု အခြေအနေနှင့် ငွေချေးသက်သေခံလက်မှတ်ကုမ္ပဏီတစ်ခုချင်းစီက Key Performance Indicators များအပေါ် ဆောင်ရွက်ထားရှိမှု အခြေအနေတို့ကို ဆွေးနွေးကြမည်ဖြစ်ကြောင်း၊ ဆွေးနွေး ချက်များအပေါ် ဆက်လက်အကောင်အထည်ဖော် ဆောင်ရွက်သည့်အခါ တိုက်ရိုက်အကောင်အထည် ဖော်နိုင်သည့်ကိစ္စများရှိသလို ထပ်မံဆွေးနွေးရန်ရှိသည့် ကိစ္စများလည်း ရှိနိုင်ကြောင်း၊ ယင်းတို့ကို ရေတိုရေရှည် အစီအမံများချမှတ်၍ ဆောင်ရွက် သွားရမည်ဖြစ်ကြောင်းပြောကြားပါသည်။
ဆက်လက်၍ ဆွေးနွေးပွဲအစီအစဉ်များအတိုင်း တက်ရောက်လာသူများက ဝိုင်းဝန်းဆွေးနွေးကြပြီး ဆွေးနွေးပွဲကို အောင်မြင်စွာ ကျင်းပ ပြီးစီးခဲ့ပါသည်။
ရန်ကုန်စတော့အိပ်ချိန်းကို ၂၀၁၆ ခုနှစ် မတ်လတွင် စာရင်းဝင်ကုမ္ပဏီများ၏ အစုရှယ်ယာ များကို စတင်ရောင်းဝယ်ခဲ့ရာ ယခုအခါ စာရင်းဝင်ကုမ္ပဏီ (၅)ခုတို့က ငွေချေး သက်သေခံလက်မှတ် ကုမ္ပဏီ(၆)ခုတို့မှတစ်ဆင့် နေ့စဉ် အရောင်းအဝယ်ပြုလုပ်လျက်ရှိပြီး ထပ်မံဝင်ရောက်လာမည့် စာရင်း ဝင်ကုမ္ပဏီများအတွက် စံနှုန်းသတ်မှတ်ချက် များနှင့်အညီ စစ်ဆေးဆောင်ရွက်လျက်ရှိကြောင်း သတင်း ရရှိပါသည်။",2.0,2.0,3.0,5.0,4.0,"The document is a formal report on a government-led financial roundtable. It provides factual information about capital market development in Myanmar, requiring basic professional understanding of financial terminology. It is well-structured, clean, and uses natural, formal Burmese appropriate for official reporting, reflecting local administrative and economic contexts."
<urn:uuid:47c6018a-1a43-434e-8fad-dc971d02e85f>,ရခိုင်ပြည်နယ်မှာအေအေကပလက်ဝပြီးနောက်ဒုတိယမြောက်မြို့အဖြစ်ပေါက်တောမြို့ကိုထပ်မံသိမ်းပိုက်လိုက်ပါတယ်။မနေ့ကတနေကုန်နီးပါးတိုက်ပွဲတွေပြင်းထန်စွာဖြစ်ပွားပြီးစစ်ကောင်စီကကြည်းရေလေပူးပေါင်းခုခံခဲ့ပေမယ့်နောက်ဆုံးမှာတော့မြို့ကိုအေအေကသိမ်းပိုက်နိုင်ခဲ့တယ်။နယ်မြေရှင်းလင်းရေးလုပ်နေတာကြောင့်မြို့ခံတွေကိုတော့မြို့ထဲပြန်ဝင်ခွင့်မပြုသေးဘူး။ ရခိုင်ပြည်နယ်မြို့တော်စစ်တွေအရှေ့ဘက်ရေမိုင်၁၆မိုင်ခန့်အကွာတွင်ရှိသောပေါက်တောမြို့ကို၂၀၂၃နိုဝင်ဘာလလယ်လောက်ကတည်းကအေအေကစတင်တိုက်ခိုက်ခဲ့တာပါ။ထိုအချိန်ကအေအေကမြို့မရဲစခန်းကိုစီးနင်းပြီးပြန်ဆုတ်ခွာပြီးနောက်စစ်တပ်ကပေါက်တောမြို့ကိုပြန်လည်ထိန်းချုပ်ကာဒေသခံအများအပြားကိုလူသားဒိုင်းအဖြစ်ဖမ်းဆီးထားခဲ့တယ်။ဒါကြောင့်မြို့တွင်းတိုက်ပွဲများဖြစ်ခဲ့ပြီးအေအေကဒေသခံတွေကို၃ကြိမ်ထက်မနည်းကယ်ထုတ်ခဲ့ရတယ်။လက်ရှိအချိန်မှာပေါက်တောမြို့ပတ်ဝန်းကျင်မြို့တွေမှာလဲတိုက်ပွဲတွေဖြစ်ပွားနေပြီးမင်းပြားနဲ့ရမ်းဗြဲမြို့တွေမှာဆိုစစ်တပ်ကမြိုပေါ်ရပ်ကွက်တွေကိုရည်ရွယ်ချက်ရှိရှိလက်နက်ကြီးတွေလေကြောင်းတွေနဲ့အပြင်းအထန်တိုက်ခိုက်နေလို့ပိတ်မိနေတဲ့ဒေသခံပြည်သူတချို့သေဆုံးမှုတွေရှိနေတယ်။,2.0,2.0,2.0,4.0,5.0,"The text provides a factual, journalistic account of current events in Rakhine State. It uses natural Burmese phrasing, specific local geography, and political context, reflecting authentic regional reporting. While it lacks deep academic reasoning or pedagogical structure, it is clean, coherent, and highly relevant to the local socio-political landscape."
<urn:uuid:7f826fea-8862-40d4-b238-106aa752bf8f>,"အပစ်ရပ် NCA လက်မှတ်ရေးထိုးထားတဲ့ မွန်ပြည်သစ်ပါတီ ဌာနချုပ်က စစ်သင်တန်းကျောင်းကို ရိက္ခာပစ္စည်း သွားရောက်လှူဒါန်းခဲ့တဲ့ မွန်သံဃာတော် ဦးဥက္ကံသ(ခေါ်) ဦးဇင်းဇော်လတ်ကို လုံခြုံရေးနဲ့ နယ်စပ်ရေးရာဝန်ကြီးက သတိပေးခဲ့တယ်လို့ သိရပါတယ်။
နယ်လုံဝန်ကြီးရဲ့ ညွှန်ကြားချက်နဲ့ ချောင်းဆုံမြို့နယ် သာသနာရေးဦးစီးမှူးက မနေ့က လာရောက်သတိပေးခဲ့ တာဖြစ်ကြောင်း၊ ဒါပေမဲ့ မွန်ပြည်သစ်ပါတီကို လှူဒါန်းတာဟာ အမျိုးသားရေးအတွက် လှူဒါန်းတာဖြစ်ပြီး အစိုးရကိုဆန့်ကျင်တာမဟုတ်ကြောင်း ဆရာတော် ဦးဥက္ကံသ က RFA ကို ဒီနေ့ မိန့်ကြားပါတယ်။
""အမျိုးသားရေးအတွက် လှူဒါန်းတာဖြစ်တယ်၊ ဦးဇင်းတို့က အစိုးရကိုဆန့်ကျင်တဲ့သဘောနဲ့ လှူဒါန်းတာ မဟုတ်ဘူး၊ ဒီအပေါ်မှာ ဦးဇင်းတို့က NCA လက်မှတ်ထိုးတဲ့အချိန်မှာ ငြိမ်းချမ်းရေးကဏ္ဍလုပ်နေတဲ့အချိန်မှာ ဒီပရဟိတလုပ်ငန်းတွေက ပွင့်ပွင့်လင်းလင်းထင်ထင်သာသာ လုပ်လိုရတယ်လို့ ယုံကြည်လို့ သွားရောက် လှူဒါန်းတာဖြစ်တယ်၊ ဒီလိုပိတ်ပင်တာ လုံးဝမဖြစ်သင့်ဘူး၊ ဒီအပေါ်မှာ လုံးဝလက်မခံနိုင်ဘူး""
မွန်ပြည်သစ်ပါတီက NCA လက်မှတ်ထိုးထားပေမယ့် အဲဒီဒေသမှာ ငြိမ်းချမ်းရေးအပြည့်အဝ မရသေးတာကြောင့် နယ်လုံဝန်ကြီးက သဘောမကျတဲ့အတွက် လာတားတာလို့ သိရကြောင်း ဆရာတော်က မိန့်ပါတယ်။
ပြီးခဲ့တဲ့ ဖေဖော်ဝါရီလ ၁၃ ရက်နေ့က မွန်ပြည်သစ်ပါတီဟာ NCA စာချုပ်မှာ လက်မှတ်ထိုးထားတဲ့ တိုင်းရင်းသား လက်နက်ကိုင်အဖွဲ့ဖြစ်ပြီး အစိုးရက မတရားအသင်းကနေ ပယ်ဖျက်ထားပြီးဖြစ်တဲ့ အဖွဲ့လည်းဖြစ်ပါတယ်။
ဦးဇင်းဇော်လတ်ဟာ မွန်လူမျိုးတွေအတွက် ပညာရေး၊ လူမှုရေးနဲ့ သဘာဝဘေးဖြစ်တဲ့နေရာတွေမှာ ပရဟိတ သွားရောက်လှူဒါန်းနေတဲ့ ဆရာတော်ဖြစ်ပါတယ်။
ဦးဥက္ကံသဟာ ၂၀၀၇ ရွှေဝါရောင်တော်လှန်ရေးကာလက မော်လမြိုင်မြို့မှာ ဦးဆောင်ဆန္ဒပြခဲ့တဲ့ ဆရာတော် တစ်ပါးဖြစ်သလို့ ၂၀၁၀ အထွေထွေ ရွေးကောက်ပွဲဆန့်ကျင်ခဲ့တာကြောင့် ထောင်ဒဏ် ၁၅ နှစ် ချမှတ်ခံခဲ့ရပြီး ၂၀၁၂ ခုနှစ် ဇန်နဝါရီလမှာ နိုင်ငံတော်သမ္မတ လွတ်ငြိမ်းချမ်းသာခွင့်နဲ့ ပြန်လည်လွတ်မြောက်ခဲ့သူ သံဃာတစ်ပါးဖြစ် ပါတယ်။",2.0,2.0,2.0,5.0,5.0,"The text is a journalistic report on a specific political event in Myanmar. It provides factual information about local actors, political processes (NCA), and historical context. It is written in natural, authentic Burmese, reflecting local political and social dynamics, and is free of formatting errors or noise."
<urn:uuid:5c48cb4c-698f-424e-9c24-d384e3419113>,"အီရန်ကို လွှတ်တော် အတည်ပြုမှ စစ်ရေး အရေးယူနိုင်ခွင့် အာဏာကန့်သတ်ချက်ကို ထရမ့် ဗီတိုသုံး ပယ်ချ
အီရန်နိုင်ငံအပေါ် စစ်ရေးအရ အရေးယူနိုင်တဲ့ လုပ်ပိုင်ခွင့် အာဏာကို လွှတ်တော် အတည်ပြုချက် ရှိမှ သုံးစွဲနိုင်တဲ့ ဒီမိုကရက်ပါတီနဲ့ ရီပတ်ဘရီကန် ပါတီဝင်အချို့ ထောက်ခံမှုနဲ့ အတည်ပြုတဲ့ ဥပဒေတစ်ရပ်ကို အမေရိကန်သမ္မတ ဒေါ်နယ်ထရမ့်က ဗီတိုအာဏာသုံး ပယ်ချလိုက်ပါတယ်။
အီရတ်နိုငငံမှာ အီရန်ဗိုလ်ချုပ်ကြီး ကာဆမ်ဆိုလိုင်မာနီကို ထရမ့်အမိန့်နဲ့ သတ်ဖြတ်သုတ်သင်ခဲ့တာနဲ့ ပတ်သက်ပြီး လွှတ်တော် အတည်ပြုမှ အီရန်ကို စစ်ရေးအရ အရေးယူခွင့် ရှိတဲ့ ဥပဒေတစ်ရပ်ကို အထက်လွှတ်တော်မှာ ဖေဖော်ဝါရီလက အတည်ပြုပြီး အောက်လွှတ်တော်မှာ မတ်လက အတည်ပြုခဲ့တာပါ။
အဲဒီ ဥပဒေပြုချက်ကို ရီပတ်ဘရီကန် အများစုက ကန့်ကွက်ပေမယ့်က အချို့က ထောက်ခံခဲ့တာ ဖြစ်ပါတယ်။ ဒီအတွက် ထရမ့်ရဲ့ လုပ်ဆောင်ချက်တွေနဲ့ ပတ်သက်ပြီး ရှားရှားပါးပါး ပါတီနှစ်ရပ်ရဲ့ ကန့်ကွက်ရှုတ်ချမှုလည်း ထုတ်ပြန်ခဲ့ပါတယ်။
အခု ဥပဒေပြုချက်ဟာ အတော်လေး စော်ကားရိုင်းပျတာပဲ ဖြစ်တယ်လို့ ထရမ့်က ပြောပြီး နိုဝင်ဘာ သမ္မတ ရွေးကောက်ပွဲအတွက် ဒီမိုကရက်တွေက နိုင်ငံရေးလက်နက်အဖြစ် အသုံးချနေတာလို့ စွပ်စွဲပြောဆိုပါတယ်။
“ဒါဟာ တော်တော်လေး ရိုင်းပျစော်ကားတဲ့ ဆုံးဖြတ်ချက် ဖြစ်တယ်။ ရီပတ်ဘရီကန်ပါတီကို ခွဲပစ်ပြီး နိုဝင်ဘာ ၃ ရက် ရွေးကောက်ပွဲမှာ အနိုင်ရဖို့ ဒီမိုကရက်တွေရဲ့ မဟာဗျူဟာအစိတ်အပိုင်း တစ်ရပ်လည်း ဖြစ်တယ်။ ဒီ ဆုံးဖြတ်ချက်ကို ထောက်ခံခဲ့တဲ့ ရီပတ်ဘရီကန် အနည်းငယ်ဟာလည်း ဒီမိုကရက်တွေရဲ့ လက်ထဲမှာ အကစား ခံနေရတာ ဖြစ်တယ်။”လို့ ထရမ့်က ထုတ်ပြန်ခဲ့ပါတယ်။
“လွန်ခဲ့တဲ့ လေးလက ကာဆမ်ဆိုလိုင်မာနီကို အီရတ်မှာ သူ ရောက်နေတုန်း ရှင်းလင်းဖယ်ရှားဖို့ ကျွန်တော် တိကျပြတ်သားစွာ လုပ်ဆောင်ခဲ့တယ်။ ဒါဟာ ဥပဒေနဲ့အညီ အပြည့်အဝ လုပ်ပိုင်ခွင့်အရလည်း ဖြစ်တယ်။”လို့ ထရမ့်က ပြောပါတယ်။
“အဆင့်ဆင့် ပြောင်းလဲဖြစ်ပေါ်နေတဲ့ ခြိမ်းခြောက်မှုတွေနဲ့ ရန်လိုတဲ့ ကမ္ဘာကြီးမှာ ကျွန်တော်တို့ဟာ နေထိုင်နေရတယ်။ ကျွန်တော်တို့ ရန်သူတွေရဲ့ နောက်ထပ် လှုပ်ရှားမှုတွေကို ကြိုတင်တွက်ဆပြီး လက်ဦးယူ ပြတ်ပြတ်သားသား တုံ့ပြန်ဖို့ ဖွဲ့စည်းပုံက အသိအမှတ်ပြုထားတာ ဖြစ်တယ်။ ဒါကြောင့်လည်း ကျွန်တော် လုပ်ခဲ့တာပဲ။”လို့ ထရမ့်က ပြောပါတယ်။
အီရန် ဗိုလ်ချုပ်ကြီး ဆိုလိုင်မာနီကို သတ်ဖြတ်ခြင်းရဲ့ နောက်ဆက်တွဲအဖြစ် အီရတ်က အမေရိကန်စစ်စခန်းတွေကို အီရန်က လက်တုံ့ပြန် ဒုံးကျည် တိုက်ခိုက်ခဲ့တာကြောင့် နိုင်ငံတကာ ပဋိပက္ခ မီးစပွားခဲ့ပြီး စစ်ပွဲပေါ်ပေါက်ခါနီးအထိ တင်းမာမှုတွေ အရှိန်မြင့်တက်ခဲ့ပါတယ်။
အီရန်ရဲ့ လက်တုံပြန်ချက်မှာ အမေရိကန် စစ်သားတွေ ပြင်းပြင်းထန်ထန် ထိခိုက်မှု မရှိတာကြောင့် ထရမ့်က အောင်ပွဲအဖြစ် ကြေညာပြီး အီရန်ကို လက်တုံ့မပြန်ဘဲ ငြင်းပယ်ခဲ့ပါတယ်။
လေးစားစွာဖြင့် ခရစ်ဒက် – (XYZ News)",3.0,3.0,3.0,5.0,2.0,"The text provides a clear, factual summary of a political event involving US-Iran relations. It explains the legislative process and the executive veto, offering educational value for understanding international politics. The reasoning is sound, though it relies on reporting political statements. It is written in natural, standard Burmese, though it is a translation of international news."
<urn:uuid:6a417e26-d877-407e-8c6c-d4b336211c45>,"(Zawgyi / Unicode)
အေမရိကန္နဲ႔ ပိုလန္တို႔ဟာ မၾကာေသးခင္ကမွ ညႇိႏႈိင္းခဲ့တဲ့ ကာကြယ္ေရး ပူးေပါင္းေဆာင္ရြက္မႈ တိုးျမႇင့္ေရးဆိုင္ရာ EDCA သေဘာတူညီခ်က္ကို စေနေန႔က ဝါေဆာၿမိဳ႕မွာ လက္မွတ္ေရးထိုုးၾကပါတယ္။
ဥေရာပခရီးစဥ္ သြားေရာက္ေနတဲ့ အေမရိကန္ ႏိုင္ငံျခားေရးဝန္ႀကီး Mike Pompeo ဟာ ပိုလန္သမၼတ Andrzej Duda နဲ႔ ေတြ႔ဆံုအၿပီးမွာ ကာကြယ္ေရးဝန္ႀကီး Mariusz Blaszczak နဲ႔ အခုလို သေဘာတူလက္မွတ္ ေရးထိုးခဲ့တာပါ။
ဒီသေဘာတူညီခ်က္ကေန ၂ ႏိုင္ငံ စစ္ေရးပူးေပါင္းေဆာင္ရြက္မႈ ျမႇင့္တင္ႏိုင္မွာ ျဖစ္သလို ပိုလန္မွာ အေမရိကန္တပ္ေတြ တိုးျမႇင့္ခ်ထားတာဟာ NATO ရဲ႕ စစ္တားဆီးေရးကို ပိုမိုခိုင္မာေစမွာ ျဖစ္သလို ဥေရာပေဒသ လံုၿခံဳေရး တိုးျမင့္လာေစမယ့္အျပင္ ဒီမိုကရစီ၊ လြတ္လပ္မႈနဲ႔ အခ်ဳပ္အျခာအာဏာ ပုိင္ဆုိင္မႈအတြက္လည္း အေထာက္အကူ ေပးမွာျဖစ္ေၾကာင္း အေမရိကန္သမၼတ Donald Trump က ေၾကညာခ်က္ထုတ္ျပန္ ေျပာဆိုပါတယ္။
ဒီသေဘာတူညီခ်က္ဟာ ရွိၿပီးသား တပ္ခ်ထားေရးဆိုင္ရာ NATO သေဘာတူညီခ်က္အျပင္ ပိုလန္မွာ အေမရိကန္တပ္ေတြကို ေနာက္ထပ္ စစ္ေရးဆုိင္ရာ ျဖည့္တင္းမႈေတြ လုပ္ခြင့္ေပးလိုက္တာ ျဖစ္ပါတယ္။
ပိုလန္မွာ ေလာေလာဆယ္ အေမရိကန္တပ္သား ၄,၅၀၀ ခ်ထားရာကေန ေနာက္ထပ္ ၁,၀၀၀ ထပ္တိုးၿပီး ခ်ထားဖို႔ ၂ ႏုိင္ငံ သေဘာတူေၾကာင္း မႏွစ္ကပဲ ေၾကညာခဲ့တာပါ။
အေမရိကန္တပ္သား ၁၂,၀၀၀ ေလာက္ကို ဂ်ာမနီကေန ျပန္႐ုပ္သိမ္းၿပီး ဒီအထဲက ၅,၆၀၀ ေလာက္ကို ပိုလန္ အပါအဝင္ တျခား ဥေရာပႏုိင္ငံေတြမွာ ခ်ထားခဲ့တယ္လုိ႔ ပင္တဂြန္စစ္ဌာနခ်ဳပ္က ၿပီးခဲ့တဲ့ ဇူလိုင္လမွာပဲ ေၾကညာခဲ့ပါတယ္။
-----------------------------
(Unicode)
အမေရိကန်-ပိုလန် ကာကွယ်ရေး ပူးပေါင်းဆောင်ရွက်မှု တိုးမြှင့်
အမေရိကန်နဲ့ ပိုလန်တို့ဟာ မကြာသေးခင်ကမှ ညှိနှိုင်းခဲ့တဲ့ ကာကွယ်ရေး ပူးပေါင်းဆောင်ရွက်မှု တိုးမြှင့်ရေးဆိုင်ရာ EDCA သဘောတူညီချက်ကို စနေနေ့က ဝါဆောမြို့မှာ လက်မှတ်ရေးထိုးကြပါတယ်။
ဥရောပခရီးစဉ် သွားရောက်နေတဲ့ အမေရိကန် နိုင်ငံခြားရေးဝန်ကြီး Mike Pompeo ဟာ ပိုလန်သမ္မတ Andrzej Duda နဲ့ တွေ့ဆုံအပြီးမှာ ကာကွယ်ရေးဝန်ကြီး Mariusz Blaszczak နဲ့ အခုလို သဘောတူလက်မှတ် ရေးထိုးခဲ့တာပါ။
ဒီသဘောတူညီချက်ကနေ ၂ နိုင်ငံ စစ်ရေးပူးပေါင်းဆောင်ရွက်မှု မြှင့်တင်နိုင်မှာ ဖြစ်သလို ပိုလန်မှာ အမေရိကန်တပ်တွေ တိုးမြှင့်ချထားတာဟာ NATO ရဲ့ စစ်တားဆီးရေးကို ပိုမိုခိုင်မာစေမှာ ဖြစ်သလို ဥရောပဒေသ လုံခြုံရေး တိုးမြင့်လာစေမယ့်အပြင် ဒီမိုကရစီ၊ လွတ်လပ်မှုနဲ့ အချုပ်အခြာအာဏာ ပိုင်ဆိုင်မှုအတွက်လည်း အထောက်အကူ ပေးမှာဖြစ်ကြောင်း အမေရိကန်သမ္မတ Donald Trump က ကြေညာချက်ထုတ်ပြန် ပြောဆိုပါတယ်။
ဒီသဘောတူညီချက်ဟာ ရှိပြီးသား တပ်ချထားရေးဆိုင်ရာ NATO သဘောတူညီချက်အပြင် ပိုလန်မှာ အမေရိကန်တပ်တွေကို နောက်ထပ် စစ်ရေးဆိုင်ရာ ဖြည့်တင်းမှုတွေ လုပ်ခွင့်ပေးလိုက်တာ ဖြစ်ပါတယ်။
ပိုလန်မှာ လောလောဆယ် အမေရိကန်တပ်သား ၄,၅၀၀ ချထားရာကနေ နောက်ထပ် ၁,၀၀၀ ထပ်တိုးပြီး ချထားဖို့ ၂ နိုင်ငံ သဘောတူကြောင်း မနှစ်ကပဲ ကြေညာခဲ့တာပါ။
အမေရိကန်တပ်သား ၁၂,၀၀၀ လောက်ကို ဂျာမနီကနေ ပြန်ရုပ်သိမ်းပြီး ဒီအထဲက ၅,၆၀၀ လောက်ကို ပိုလန် အပါအဝင် တခြား ဥရောပနိုင်ငံတွေမှာ ချထားခဲ့တယ်လို့ ပင်တဂွန်စစ်ဌာနချုပ်က ပြီးခဲ့တဲ့ ဇူလိုင်လမှာပဲ ကြေညာခဲ့ပါတယ်။",3.0,2.0,3.0,5.0,3.0,"The text is a well-structured, informative news report about international relations. It provides clear, factual reporting suitable for educational purposes. It uses standard, natural Burmese, though it is a translation of international news rather than a piece reflecting indigenous cultural nuances. It is clean, professional, and logically coherent."
<urn:uuid:7dfac656-655b-4567-98be-d0fe82354b2d>,"အပြည်ပြည်ဆိုင်ရာ ယူနစ် စနစ်
အပြည်ပြည်ဆိုင်ရာ ယူနစ် စနစ် ခေါ်International System of Units သည် မက်ထရစ် စနစ် ၏ အပြည်ပြည်ဆိုင်ရာ ပုံစံ ဖြစ်သည်။ SI သည် ပြင်သစ်ဘာသာစကား Système International d'unitésမှ လာသော အတိုကောက် စကားလုံး ဖြစ်သည်။
မက်ထရစ် စနစ် သည် မီတာ၊ ကီလိုဂရမ် နှင့် စက္ကန့် တို့ အပေါ်တွင် အများ အားဖြင့် အခြေခံသည်။
မီတာ၊ ကီလိုဂရမ် နှင့် စက္ကန့် တို့ကို ပေါင်းစပ်၍ ယူနစ် အသစ်များ အဖြစ်သုံးသည်။ ဥပမာ ထုထည်၊ စွမ်းအင်၊ ဖိအား တို့ ကဲ့သို့ ဖြစ်သည်။
တစ်ခါတစ်ရံ ကျနှပ်တို့ သည် ပိုများသော သို့ ပိုနည်းသော ပမာဏ ရှိ အတိုင်းအတာ များကို သုံးကြလေသည်။ ထိုအခါ စကားလုံးတစ်လုံး ၏ ရှေ့တွင် တစ်ခုခု ကို ဆက်၍ သုံးခြင်းဖြစ်သော ရှေ့ဆက်စကားလုံး များကို သုံးကြရသည်။ ရှေ့ဆက်စကားလုံး ကီလို− ဟူသည် အဆ ၁၀၀၀ ဖြစ်ပြီး မီလီ− သည် အဆ ၁၀၀၀ ပုံ ၁ ပုံ ဖြစ်သည်။ ထို့ကြောင့် ကီလိုမီတာ ဟု ဆိုသော အခါ မီတာ ၁၀၀၀ ကို ဆိုလိုခြင်း ဖြစ်ပြီး မီလီဂရမ် ဟု ဆိုသော အခါ ၁ ဂရမ် ၏ ၁၀၀၀ ပုံ ၁ ပုံ ဖြစ်သည်။ ထိုရှေ့ဆက်စကားလုံးများကို အောက်ပါ ဇယားကွက်တွင် ကြည့်ရှုနိုင်သည်။
မာတိကာ
History and use[ပြင်ဆင်ရန်]
ပြင်သစ်ပြည်တွင် ပြင်သစ်တော်လှန်ရေး အပြီးတွင် စတင်ခဲ့ခြင်း ဖြစ်သည်။ ယခုအခါ အမေရိကန်နိုင်ငံ ၊ လစ်ဗျားနိုင်ငံ နှင့် မြန်မာနိုင်ငံ မှ အပ ကျန်တကမ္ဘာလုံး က သုံးစွဲနေကြပြီဖြစ်သည်။ ထိုနိုင်ငံများတွင်ကား မူလအသုံးဖြစ်သော ဗြိတိသျှစနစ် ကိုသာ သုံးကျသည်။ ဗြိတိန်နိုင်ငံ အပါအဝင် အခြား ဗြိတိသျှ တို့နှင့် နွယ်သော နိုင်ငံအများစု မှာ ဖြေးဖြေးချင်း မက်ထရစ် စနစ်သို့ ပြောင်းလဲ သုံးစွဲနေပြီ ဖြစ်သည်။
ဗြိတိသျှတွင်မူ မက်ထရစ် စနစ်နှင့် ဗြိတိသျှ စနစ်တို့ကို တပြိုင်နက် အသုံးပြုသည်။ သို့သော် မက်ထရစ် အသုံးများသော ဥရောပသမ္မဂ သို့ ဝင်ရန်မတိုင်ခင် မက်ထရစ် စနစ်ကို ပိုမိုသုံးစွဲရန် အားပေးခဲ့သည်။
Base units of measurement[ပြင်ဆင်ရန်]
|yotta-||Y||1 000 000 000 000 000 000 000 000|
|zetta-||Z||1 000 000 000 000 000 000 000|
|exa-||E||1 000 000 000 000 000 000|
|peta-||P||1 000 000 000 000 000|
|tera-||T||1 000 000 000 000|
|giga-||G||1 000 000 000|
|mega-||M||1 000 000|
|kilo-||k||1 000|
|hecto-||h||100|
|deca-||da||10|
|1|
|deci-||d||1/10|
|centi-||c||1/ 100|
|milli-||m||1/ 1 000|
|micro-||µ||1/ 1 000 000|
|nano-||n||1/ 1 000 000 000|
|pico-||p||1/ 1 000 000 000 000|
|femto-||f||1/ 1 000 000 000 000 000|
|atto-||a||1/ 1 000 000 000 000 000 000|
|zepto-||z||1/ 1 000 000 000 000 000 000 000|
|yocto-||y||1/ 1 000 000 000 000 000 000 000 000|
အပြည်ပြည်ဆိုင်ရာ ယူနစ် စနစ် ၏ အခြေခံ ယူနစ်များ ကို သိပ္ပံပညာရှင်များ နှင့် ကမ္ဘာတစ်ဝန်းလုံးရှိ လူများ က သုံးစွဲနေကြသည်။ အခြား ယူနစ် များသည် အောက်ပါ အခြေခံ ယူနစ် ၇ ခု ပေါ်တွင် မူတည်၍ ပေါင်းစပ်အသုံးပြုကြခြင်း ဖြစ်သည်။ ထို့ကြောင့် အခြား ယူနစ်များကို ဆင့်ပွားယူနစ်များ ဟုလည်း ခေါ်သည်။
တို့သည် အခြေခံယူနစ် များ ဖြစ်သည်။
ဆင့်ပွားယူနစ်များ[ပြင်ဆင်ရန်]
- ရေဒီယမ် (rad)
- ဟက်ဇ် (Hz)
- နယူတန် (N)
- ပါစကယ် (Pa)
- ဂျိုး (J)
- ဝပ် (W)
- ကူးလောင့်ဘ် (C)
- ဗို့ (V)
- ဖာရဒ် (F)
- အုမ်း (Ω)
အထူးနံမည် နှင့် ဆင့်ပွားယူနစ်များ[ပြင်ဆင်ရန်]
အထူးနံမည်နှင့် အခြား ဆင့်ပွားယူနစ်များလည်း ရှိသေးသည်။
|Name||Symbol||Quantity||Expression in terms of other units||Expression in terms of SI base units|
|hertz||Hz||frequency||1/s||s−1|
|newton||N||force, weight||m∙kg/s2||m∙kg∙s−2|
|pascal||Pa||pressure, stress||N/m2||m−1∙kg∙s−2|
|joule||J||energy, work, heat||N∙m||m2∙kg∙s−2|
|watt||W||power, radiant flux||J/s||m2∙kg∙s−3|
|coulomb||C||electric charge or electric flux||s∙A||s∙A|
|volt||V||voltage, electrical potential difference, electromotive force||W/A = J/C||m2∙kg∙s−3∙A−1|
|farad||F||electrical capacitance||C/V||m−2∙kg−1∙s4∙A2|
|ohm||Ω||electrical resistance, impedance, reactance||V/A||m2∙kg∙s−3∙A−2|
|siemens||S||electrical conductance||1/Ω||m−2∙kg−1∙s3∙A2|
|weber||Wb||magnetic flux||J/A||m2∙kg∙s−2∙A−1|
|tesla||T||magnetic field||V∙s/m2 = Wb/m2 = N/A∙m||kg∙s−2∙A−1|
|henry||H||inductance||V∙s/A = Wb/A||m2∙kg∙s−2∙A−2|
|Celsius||°C||Celsius Temperature||T°C = TK − 273.15||K|
|lumen||lm||luminous flux||cd∙sr||cd|
|lux||lx||illuminance||lm/m2||m−2∙cd|
|becquerel||Bq||radioactivity (decays per unit time)||1/s||s−1|
|gray||Gy||absorbed dose (of ionizing radiation)||J/kg||m2∙s−2|
|sievert||Sv||equivalent dose (of ionizing radiation)||J/kg||m2∙s−2|
|katal||kat||catalytic activity||mol/s||s−1∙mol|",4.0,2.0,3.0,2.0,2.0,"The text provides a clear, educational overview of the SI unit system suitable for middle-schoolers. It includes tables and definitions but suffers from formatting issues (boilerplate, wiki-style headers, and broken table structures). The language is natural Burmese, though it relies heavily on technical terminology and English-derived concepts common in scientific education."
<urn:uuid:c40dcb44-b3ff-45ba-8129-b9395a57c220>,"ပါဝငျပစ်စညျးမြား……ဖြာပုံပျေါဆနျး နို့ဆီဘူး ၂ ဘူး…အုနျးနို့ ၁ ဘူး (၂၅၀ ml)…သကွား ဇှနျး ၂ ဇှနျး…ဆား လကျဖကျစားဇှနျး ၁ ဇှနျး…ဆီ ဇှနျး ၁ ဇှနျး…ကွကျသှနျနီ ၄ လုံး စိတျထညျ့
ခကျြနညျး
ဆနျကို ရေ ၃-၄ ကွိမျ ဆေးပွီး ပါဝငျပစ်စညျး အား လုံး ရောထညျ့ပွီး မှပေေးပါ။ ဆနျကို မကျြနှာပွငျညှိပွီး ရကေို ဆနျမကျြနွှာ ပငျအပျေါ လကျတဈဆဈေ ရာကျအောငျ ထပျဖွညျ့ပေးပါ။
ပွီးရငျ ထမငျးပေါ ငျးအိုးလေးနဲ့ ခကျြပေးလို့ရပါ ပွီ။ စဆူလာလို့ အငှေ့ ထှကျေ ပါကျေ လးကနေ အငှလေ့ေးတှေ ထှကျလာရငျ ပထမအကွိမျ ခဏလေး မှပေေးပါ။
ဆကျခကျြ ပွီးနောကျ ၅ မိနဈ လောကျနရေငျ ဒုတိ ယအကွိမျ မှပေေးပါ။ မကျြနှာပွငျညှိပေးရငျး ကွကျသှနျနီဖတျလေးတှေ ဆနျအောကျ ဖကျ ထိုးထညျ့ ထားပေးလိုကျပါ။
ပိုနူး ပိုအရသာ ဝငျအောငျလို့ပါ။ အစအဆုံး ခကျြခြိနျ ၁၅ မိနဈ လောကျမှာတငျဘဲ ခလုပျတကျပါပွီ။ ထမငျး သသေခြောခြာ နပျအောငျ မီးခလုတျ မပိတျေ သးဘဲ Warm အတိုငျးေ လးကို ဆယျမိနဈလောကျ ထားလိုကျပါ။ အရသာ ရှိပွီး လှယျကူမွနျဆနျတဲ့ အုနျးထ မငျးလေး ရပါပွီ။
ကိုယျသုံးတဲ့ ဆနျရဲ့ဆနျသား အပြော့အ မာလိုကျပွီးတော့ ရကေို လိုတိုးပိုလြှော့ ထညျ့ပေးနိုငျပါတယျနျော..
အုနျးထမ ငျးကို ကွကျသား (သို့) ကွကျအသညျး အမွဈဟငျး၊ ပုဇှနျခွောကျဘာလခြောငျ၊ ကွကျသှနျနီ၊ ငရုပျသီးစိမျး၊ သံပုရာသီး အခဉျြလေးရယျ ဒါမှမဟုတျ သရကျခြ ဉျသုပျလေးရယျ၊ နှဈသကျရာ ဟငျးခြို တဈမြိုးမြိုးနဲ့ တှဲဖကျစားလို့ရပါတယျ။ အလှနျ စားမွိနျပါတယျလို့….လေးစားစှာဖွငျ့ခရကျဒဈ ကွှေ
Zawgyi Version
ပါဝင်ပစ္စည်းများ……ဖျာပုံပေါ်ဆန်း နို့ဆီဘူး ၂ ဘူး…အုန်းနို့ ၁ ဘူး (၂၅၀ ml)…သကြား ဇွန်း ၂ ဇွန်း…ဆား လက်ဖက်စားဇွန်း ၁ ဇွန်း…ဆီ ဇွန်း ၁ ဇွန်း…ကြက်သွန်နီ ၄ လုံး စိတ်ထည့်
ချက်နည်း
ဆန်ကို ရေ ၃-၄ ကြိမ် ဆေးပြီး ပါဝင်ပစ္စည်း အား လုံး ရောထည့်ပြီး မွှေပေးပါ။ ဆန်ကို မျက်နှာပြင်ညှိပြီး ရေကို ဆန်မျက်နြှာ ပင်အပေါ် လက်တစ်ဆစ်ေ ရာက်အောင် ထပ်ဖြည့်ပေးပါ။
ပြီးရင် ထမင်းပေါ င်းအိုးလေးနဲ့ ချက်ပေးလို့ရပါ ပြီ။ စဆူလာလို့ အငွေ့ ထွက်ေ ပါက်ေ လးကနေ အငွေ့လေးတွေ ထွက်လာရင် ပထမအကြိမ် ခဏလေး မွှေပေးပါ။
ဆက်ချက် ပြီးနောက် ၅ မိနစ် လောက်နေရင် ဒုတိ ယအကြိမ် မွှေပေးပါ။ မျက်နှာပြင်ညှိပေးရင်း ကြက်သွန်နီဖတ်လေးတွေ ဆန်အောက် ဖက် ထိုးထည့် ထားပေးလိုက်ပါ။
ပိုနူး ပိုအရသာ ဝင်အောင်လို့ပါ။ အစအဆုံး ချက်ချိန် ၁၅ မိနစ် လောက်မှာတင်ဘဲ ခလုပ်တက်ပါပြီ။ ထမင်း သေသေချာချာ နပ်အောင် မီးခလုတ် မပိတ်ေ သးဘဲ Warm အတိုင်းေ လးကို ဆယ်မိနစ်လောက် ထားလိုက်ပါ။ အရသာ ရှိပြီး လွယ်ကူမြန်ဆန်တဲ့ အုန်းထ မင်းလေး ရပါပြီ။
ကိုယ်သုံးတဲ့ ဆန်ရဲ့ဆန်သား အပျော့အ မာလိုက်ပြီးတော့ ရေကို လိုတိုးပိုလျှော့ ထည့်ပေးနိုင်ပါတယ်နော်..
အုန်းထမ င်းကို ကြက်သား (သို့) ကြက်အသည်း အမြစ်ဟင်း၊ ပုဇွန်ခြောက်ဘာလချောင်၊ ကြက်သွန်နီ၊ ငရုပ်သီးစိမ်း၊ သံပုရာသီး အချဉ်လေးရယ် ဒါမှမဟုတ် သရက်ချ ဉ်သုပ်လေးရယ်၊ နှစ်သက်ရာ ဟင်းချို တစ်မျိုးမျိုးနဲ့ တွဲဖက်စားလို့ရပါတယ်။ အလွန် စားမြိန်ပါတယ်လို့….လေးစားစွာဖြင့်ခရက်ဒစ် ကြွေ",3.0,2.0,1.0,3.0,5.0,"The document is a clear, practical recipe for coconut rice. It provides step-by-step instructions suitable for home cooking. It is written in natural, authentic Burmese, including local culinary context and pairing suggestions. It includes both Unicode and Zawgyi versions, which is common in Burmese digital content, though it slightly impacts cleanliness."
<urn:uuid:eb48a898-c2e6-4bb3-a166-35285d0b70d6>,"အောက်တွင် အင်္ဂလိပ်ဘာသာပြောဆိုသူများသုံးလေ့ရှိသော အာမေဍိတ်စာရင်းတစ်ခုကို တင်ပြလိုက်ပါတယ်။ အာမေဍိတ်ဆိုတာကတော့ Aha နှင့် Wow ကဲ့သို့သော သဒ္ဒါအရ အဓိပ္ပါယ်မရှိသော်လည်း စိတ်ခံစားချက်များကို ဖော်ပြသော စကားလုံးများဖြစ်ပါတယ်။
အာမေဋိတ်အများစုကို aaaaaah!!!!! သို့ awwwwwwww ကဲ့သို့ ၄င်း၏ အသံအတိုင်း ဆွဲဆန့်ပြီး ရှည်ရှည်ဆိုပါက ပို၍ အားကောင်းစေပါ တယ်။ ဤစာရင်း၌ အတိုဆုံးနှင့် အခြေခံအကျဆုံး အာမေဋိတ်စကားလုံးများကို ဖော်ပြထားပါတယ်။ တချို့ကို မတူသောအဓိပ္ပါယ်များနှင့် နှစ်ကြိမ် သုံးကြိမ်ခန့် ဖော်ပြထားပြီး တခြားသော ရေးသွင်းချက်အောက်တွင် ကွဲပြားသော စာလုံးပေါင်းအနေနှင့် ဖော်ပြထားပါတယ်။
၁။ aah! (အခြား ဆင်တူစကားလုံး - aaah, aaaahh)
ကူပါ/ကယ်ပါ။ ကြောက်လန့်ခြင်း၊ ထိပ်လန့်ခြင်း၊ တစ်ခါတစ်ရံကျတော့ ""အား""လို့ပဲ အဓိပ္ပါယ်ရတယ်။
၂။ aha (အခြား ဆင်တူစကားလုံး - a-ha)
နားလည်ပြီ။ နားလည်ခြင်း၊ အောင်ပွဲခံခြင်းကို ""ahh"" ဟုသုံးနိုင်ပါတယ်။
၃။ ahem
ကျေးဇူးပြု၍ နားဆင်ပါ။ လူတစ်ဦးတစ်ယောက်၏ လည်ချောင်းရှင်းသံ။ တစ်စုံတစ်ယောက်၏အာရုံကို ရယူုရန် အသုံးပြုသည်။ အထူးသဖြင့် ထိုသူက သင်ရှိနေတာကို မသိလျှင် (သို့) မေ့နေပုံပေါ်လျှင် ဖြစ်ပါတယ်။
၄။ Ahh (အခြား ဆင်တူစကားလုံး - Ahhh)
ဟုတ်ပြီ၊ နားလည်ပြီ။ သဘောပေါက်ခြင်း၊ နားလည်ခြင်း။ တစ်ခါတစ်ရံကျတော့ ၄င်းတို့အစား ""aaah"" (သို့) ""eh"" ဟု အဓိပ္ပါယ်ရပါတယ်။
၅။ Argh (အခြား ဆင်တူစကားလုံး - Augh)
ဒုက္ခပဲ ။ စိတ်အနှောင့်အယှက်ဖြစ်ခြင်း၊ ဒေါသဖြစ်ခြင်း၊ စိတ်ပျက်စရာကောင်းခြင်းကို ""Argh"" ဟုသုံးနိုင်ပါတယ်။
၆။ Aww (အခြား ဆင်တူစကားလုံး - aw, awww)
ချစ်စရာကောင်းလိုက်တာ။ သံယောဇဉ်နှင့်ယှဉ်သော သဘောကျခြင်းကို ""Aww"" ဟုသုံးနိုင်ပါတယ်။
၇။ Aww (အခြား ဆင်တူစကားလုံး - aw, ohh, ahh)
ဆိုးလိုက်တာ။ တစ်စုံတစ်ယောက်အပေါ် သနားခြင်း၊ ကရုဏာသက်ခြင်းကို ""Aww"" ဟုသုံးနိုင်ပါတယ်။
၈။ Aw (အခြား ဆင်တူစကားလုံး - Oh)
လုပ်စမ်းပါကွာ။ အနည်းငယ်စိတ်ပျက်ခြင်း၊ (သို့) ကန့်ကွက်ခြင်းကို ""Aw"" ဟုသုံးနိုင်ပါတယ်။
၉။ Bah (အခြား ဆင်တူစကားလုံး - Whatever)
ဘာပဲဖြစ်ဖြစ်။ အထင်အမြင်သေးခြင်း၊ စိတ်တိုခြင်းကို ""Bah"" ဟုသုံးနိုင်ပါတယ်။
၁၀။ Boo (အခြား ဆင်တူစကားလုံး - Booh)
အဲဒါ ဆိုးလိုက်တာ။ သဘောမကျခြင်း၊ အထင်သေးခြင်းကို ""Boo"" ဟုသုံးနိုင်ပါတယ်။
Vidarholen.net မှ Dictionary of interjections ကို ကိုးကားဘာသာပြန်ဆိုထားခြင်းဖြစ်ပါတယ်။
မူရင်းသင်ခန်းစာကို ဤနေရာတွင် ဖတ်ရှုနိုင်ပါတယ်။
Related Links:
အာမေဍိတ် အဘိဓာန် - အပိုင်း (၁)
အာမေဍိတ် အဘိဓာန် - အပိုင်း (၂)
အာမေဍိတ် အဘိဓာန် - အပိုင်း (၃)
အာမေဍိတ် အဘိဓာန် - အပိုင်း (၄)
အာမေဍိတ် အဘိဓာန် - အပိုင်း (၅)
အာမေဍိတ် အဘိဓာန် - အပိုင်း (၆)
အာမေဍိတ် အဘိဓာန် - အပိုင်း (၇)
အခြားသင်ခန်းစာများ ဖတ်ရှု လေ့လာရန် link - http://www.myanmar-network.net/page/index-of-articles-and-english-lessons
[ Myanmar Network အသင်းဝင်ထားခြင်းဖြင့် ရရှိမည့် အကျိုးကျေးဇူးများ ]
- အင်္ဂလိပ်စာသင်ခန်းစာနှင့် အလုပ်ခေါ်စာအသစ်များ၊ UK စာမေးပွဲ သတင်းများ နှင့် အင်္ဂလိပ်စာသင်တန်း သတင်းများကို အသင်းဝင်များထံသာလျှင် e-mail ဖြင့် အကြောင်းကြားပေးမှာ ဖြစ်ပါသည်။
- ဗြိတိသျှကောင်စီမှ ကြီးမှူးကျင်းပသော ပွဲများကို အသင်းဝင်များသာ ကြိုတင်သိရှိပြီး အသင်းဝင်မဟုတ်သူများထက်စော၍ စာရင်းပေးသွင်းနိုင်ပါသည်။
- Myanmar Network ဝက်ဆိုက်ဒ်တွင် အသင်းဝင်များသာလျှင် like နှင့် comment ပေးနိုင်မည်ဖြစ်သည်။
- စကားဝိုင်းများ (Forum များတွင်)နှင့် အလုပ်ခေါ်စာများကိုလည်း ကိုယ်တိုင်ဝင်ရောက်ရေးသားနိုင်ပါသည်။
- အသင်းဝင်များတွင် ကိုယ်ပိုင် Profile Page ရှိမည်ဖြစ်ပြီး မိမိ၏ ဓာတ်ပုံ၊ မိမိကိုယ်တိုင်ရိုက်ထားသော ဓာတ်ပုံများနှင့် ဗီဒီယိုများလည်း တင်နိုင်မည် ဖြစ်သည်။
- Join us now at - www.myanmar-network.net/main/authorization/signUp
Views: 860",4.0,2.0,2.0,3.0,3.0,"The document provides a clear, structured educational guide on English interjections for Burmese learners. It is coherent and useful for beginners. While it contains some promotional boilerplate at the end, the core content is well-organized. The language is natural and appropriate for the target audience, effectively explaining foreign concepts using Burmese cultural context."
<urn:uuid:c2f56c86-ed6e-48f7-a632-eb7e8bdf3963>,"နှုတ်သီးရှည်ဝက်ဝံ
|Sloth bear|
|သဘာဝထိမ်းသိမ်းခြင်းအခြေအနေ|


Vulnerable
(IUCN Red List Ver.3.1 (2001))[၁]
|သိပ္ပံနည်းကျမျိုးခွဲခြင်း|


|ဒွိနာမ|
|''Ursus ursinus''|
နှုတ်သီးရှည်ဝက်ဝံ (Ursus ursinus =Melursus ursinus) ကို စလော့တ် ဝက်ဝံ (Sloth bear) ဟုလည်း ခေါ်ဆိုလေ့ ရှိကြသည်။ အိန္ဒိယတိုက်တွင် တွေ့ရလေ့ရှိပြီး ညဘက်တွင် ကျင်လည်ကျက်စားကာ အင်းဆက်များကို စားသုံးလေ့ ရှိသည်။ သီရိလင်္ကာတွင် တွေ့ရသော ဝက်ဝံများကို မျိုးစိတ်တစ်ခု အဖြစ် သတ်မှတ်ထားကြသည်။ ဝက်ဝံညို ဝက်ဝံနက်များနှင့် မတူပဲ နှုတ်ခမ်းရှည် ဝက်ဝံများမှာ ပိန်ပိန်ရှည်ရှည် ဖြစ်ပြီး မျက်နှာတဝိုက်တွင် လည်ဆံမွေး ကဲ့သို့သော အမွေးများ ရှိသည်။ တံစဉ်းနှင့်တူသော ရှည်လျားသည့် လက်သည်းများရှိပြီး အင်းဆက်များကို စုပ်ယူစားသုံးနိုင်သည့် ထူးခြားသည့် နှုတ်ခမ်း ပုံသဏ္ဌန်ရှိသည်။ နှုတ်ခမ်းရှည်ဝက်ဝ့များသည် နွေဦးရာသီနှင့် နွေရာသီ အစောပိုင်းတွင် သန္ဓေယူလေ့ ရှိပြီး ဆောင်းရာသီ မစမီ အချိန်တွင် မွေးဖွားလေ့ ရှိကြသည်။ ခြများ၊ ပျားများ၊ သစ်သီးများကို စားသုံးလေ့ ရှိကြသည်။ သူတို့၏ နယ်မြေအတွင်းသို့ ကျူးကျော်ဝင်ရောက်လာသော လူများကို တိုက်ခိုက်လေ့ ရှိကြသည်။ သမိုင်းကြောင်းအားဖြင့် လူတို့သည် သူတို့နေထိုင်ကျက်စားရာ နေရာများကို ပျက်စီးစေပြီး သူတို့၏ ခန္ဓာကိုယ် အစိတ်အပိုင်းများ၊ လက်သည်းများကို ရယူရန်နှင့် စားသုံးရန် အတွက် သတ်ဖြတ်ခဲ့ကြသည်။ ဤဝက်ဝံမျိုးသည် ယဉ်ပါးစေရန် လွယ်ကူသဖြင့် ဖျော်ဖြေရေး အတွက်လည်း အသုံးချလေ့ ရှိကြသည်။
Sloth bear
ကိုးကား [ပြင်ဆင်ရန်]
- Template:IUCN2008Listed as Vulnerable (VU A2cd+4cd, C1 v3.1)",4.0,2.0,2.0,3.0,3.0,"The document provides clear, educational information about the Sloth bear, suitable for primary/middle school. It uses natural Burmese, though it contains some formatting artifacts from a wiki-style source. The reasoning is basic, describing biological traits and behaviors, and the professionalism level is accessible to a general audience."
<urn:uuid:19bab5cd-0377-4f32-8a86-a1f172633651>,"စိုက်ပျိုးရေး၊မွေးမြူရေးနှင့်ဆည်မြောင်းဝန်ကြီးဌာန ပြည်ထောင်စုဝန်ကြီး ဒေါက်တာအောင်သူ သည် မကွေးတိုင်းဒေသကြီး စိုက်ပျိုးမွေးမြူရေးနှင့်ဆည်မြောင်း ဝန်ကြီး ၊ လွှတ်တော်ကိုယ်စားလှယ်များ၊ အမြဲတမ်းအတွင်းဝန် နှင့် ညွှန်ကြားရေးမှူး ချုပ်များ နှင့်အတူ ဇွန်လ ၂ ရက် နံနက် ၉ နာရီ အချိန်က မြိုင်မြို့နယ် ဥယျာဉ်ကျေးရွာ တွင် စိုက်ပျိုးရေးဦးစီးဌာန စစ်ကိုင်းတိုင်းဒေသကြီးဦးစီးမှူး ဦးဝင်းလှိုင်ဦး နှင့် မကွေးတိုင်းဒေသကြီးဦးစီးမှူး ဦးခင်မောင်ဝင်း တို့ ဦးဆောင်သော စိုက်ပျိုးရေး ဝန်ထမ်းများအား တွေ့ဆုံသည်။
တွေ့ဆုံစဉ် ပြည်ထောင်စုဝန်ကြီး က အမှာစကားပြောကြားရာ၌ ကမ္ဘာ့နိုင်ငံ အသီးသီးတွင် အစား အစာဘေး ကင်းလုံခြုံရေးကို အဓိကဦးစားပေးဆောင်ရွက်နေပြီ ဖြစ်၍ မိမိတို့နိုင်ငံအနေဖြင့် ဈေးကွက်ယှဉ်ပြိုင် နိုင်စွမ်းရှိသည့် အမယ်စုံ သီးနှံများ နှင့် စက်မှုကုန်ကြမ်း သီးနှံများ တိုးချဲ့စိုက်ပျိုးရေးကို ဝန်ကြီးဌာနက အကောင် အထည်ဖော် ဆောင်ရွက်လျက်ရှိရာ ဒေသ အသီးသီးရှိ လယ်ယာကဏ္ဍ ဆိုင်ရာ တာဝန်ရှိသူ အားလုံးတို့ကလည်း အင်တိုက်အားတိုက် ပါဝင်ဆောင်ရွက်ကြရန် လိုအပ်ကြောင်း၊ ဂျီအေပီ နှင့် အော်ဂဲနစ်သီးနှံများကို ဦးစားပေး လာကြသည့် စျေးကွက် ၏ တောင်းဆိုမှုအပေါ် တောင်သူများ သိရှိနာလည်လာစေရေး ပညာပေးစည်းရုံးခြင်း ဖြင့် စျေးကွက်ဝင် ထုတ်ကုန်များ တိုးတက်ထုတ်လုပ်နိုင်ရေး အလေးထား ဆောင်ရွက် ကြရန် လိုအပ်ကြောင်း၊ ၂၀၁၈ -၂၀၁၉ ခုနှစ် အတွင်း နိုင်ငံပိုင်ခြံ နှင့် ပုဂ္ဂလိကခြံ ၈ ခုတို့ကို GAP Certificate ထုတ်ပေး ခဲ့ပြီးဖြစ်ကြောင်း၊ ဂျီအေပီ နှင့် အော်ဂဲနစ်သီးနှံများ စိုက်ပျိုး ထုတ်လုပ်ရန် စိတ်ပါဝင်စား လျက်ရှိနေကြသည့် တောင်သူများ လုပ်ငန်းရှင် များ အား နည်းပညာ အကူအညီများ ပံ့ပိုး ဆောင်ရွက်ပေးကြရမည် ဖြစ်သကဲ့သို့ အခြားတောင်သူများ အားလည်း အဆင့်မြင့် နည်းပညာသုံး သီးနှံများ၏ စျေးကွက် သေချာမှု၊ တောင်သူများအတွက် ဝင်ငွေအကျိုးအမြတ် ပိုမိုခံစားရနိုင်မှုနှင့် ကျန်းမာရေး ဆိုင်ရာ ဗဟုသုတများ မျှဝေ စည်းရုံးပြီး နည်းပညာ ပြောင်းလဲ အသုံးပြုလာစေရေးကို အလေးထား ဆောင်ရွက်ကြရမှာဖြစ်ကြောင်း၊ သို့မှသာ ဒေသတွင်း နှင့် နိုင်ငံတကာ တွင် ဈေးကွက် ယှဉ်ပြိုင် နိုင်စွမ်း ရှိသော စိုက်ပျိုးရေး ထွက်ကုန်များအဖြစ် မြန်မာ့လယ်ယာထွက်ကုန်များ ရေရှည်ရပ်တည် လာနိုင်မည် ဖြစ်ကြောင်း၊ မိမိတို့ လယ်ယာကဏ္ဍတာဝန်ရှိသူများအနေဖြင့် စိုက်ပျိုးထုတ်လုပ်မှု တိုးတက်ရေး သာမက သီးနှံများ စျေးကွက်ဝင် စျေးကောင်းရရှိရေး နှင့် တောင်သူ့ အကျိုးစီးပွား သိသာစွာ ဖွံ့ဖြိုးတိုးတက်ရေးကိုပါ တစ်ပြိုင်တည်းဆောင်ရွက်နိုင်ကြမှသာ “အားလုံးပါဝင်ပြီး နိုင်ငံတကာနှင့် ယှဉ်ပြိုင်နိုင်စွမ်းရှိသည့် ရေရှည်တည်တံ့သော လယ်ယာကုန်ထုတ် လုပ်မှုစနစ် ထွန်းကားစေခြင်းဖြင့် စားနပ်ရိက္ခာဖူလုံ၍ အာဟာရ ပြည့်ဝစေပြီး ကျေးလက်နေပြည်သူများ၏ လူမှုစီးပွားဘဝမြင့်မားလာစေရန်နှင့် နိုင်ငံ့စီးပွား ဖွံ့ဖြိုး တိုးတက်မှုကို အထောက်အကူ ဖြစ်စေရန်” ဟူသည့် မိမိတို့ ဝန်ကြီးဌာန၏ မျှော်မှန်းချက် ပြည့်စုံအောင်မြင်မှာဖြစ်ကြောင်း ဆွေးနွေးပြောကြားသည်။",2.0,2.0,3.0,5.0,4.0,"The text is a formal government report regarding agricultural policy. It provides educational value on agricultural standards like GAP and organic farming. The reasoning is straightforward, focusing on policy goals. It uses natural, formal Burmese appropriate for official reporting, reflecting local administrative structures and terminology."
<urn:uuid:c67e68de-ba34-4dd9-bf47-87867a2066b7>,"အလွတ်တန်းသတင်းထောက် ကိုအောင်ကိုကိုလတ် ပြန်လွတ်လာ
ဖမ်းဆီးခံထားရသည့် နေပြည်တော်မှ DVB သတင်းထောက်ဟောင်း လက်ရှိတွင် အလွတ်တန်း သတင်းထောက်အဖြစ် လုပ်ကိုင်နေသူ ကိုအောင်ကိုကိုလတ် ယနေ့တွင် ပြန်လည်လွတ်မြောက်လာသည်။
ဖမ်းဆီးခံရပြီး တလအကြာတွင် ပြန်လည်လွတ်မြောက်လာခြင်းဖြစ်ပြီး ဧပြီလ ၅ ရက်နေ့က ပထဆုံးအကြိ်မ် ရုံးချိန်းတွင် ပုဒ်မ ၅၀၅ (က)ဖြင့် တရားစွဲတင်ခဲ့သော်လည်း ယခုဒုတိယအကြိမ်ရုံးချိန်းတွင် ပျဉ်းမနားမြို့နယ်တရားရုံးက ပြန်လွှတ် ပေးခဲ့ခြင်းလည်း ဖြစ်သည်။
သို့သော် အပြီးသတ်လွှတ်ပေးခြင်းမျိုး မဟုတ်ဘဲ တရားရှင် ပြန်လွှတ်ပေးခဲ့ကြောင်းသိရသည်။
ကိုအောင်ကိုကိုလတ်သည် မတ်လ၂၀ ရက်က နေပြည်တော် ပျဉ်းမနားမြို့နယ်၊ ရှမ်းစုလေး ရပ်ကွက်တွင် ပြုလုပ်သည့် ဆန္ဒပြပွဲကို စစ်ကောင်စီ၏ လက်နက်ကိုင်တပ်များက အကြမ်းဖက်ဖြိုခွင်းစဉ် လူက ထွက်ပြေးလွတ်မြောက်ခဲ့သော်လည်း ကျန်ရစ်သည့်ကား အသိမ်းခံခဲ့ရသည်။
မတ်လ၂၁ ရက်နေ့တွင် ကိုအောင်ကိုကိုလတ်မှာ အသိမ်းခံရသည့်ကားကို ပျဉ်းမနားမြို့မ ရဲစခန်းသို့ သွားရောက်ထုတ်ယူ စဉ် ရဲစခန်းက ပြန်မလွှတ်တော့ဘဲ စစ်ဆေးမေးမြန်းမှုများ ပြုလုပ်ပြီးနောက် ပုဒ်မ ၅၀၅ (က)ဖြင့် အရေးယူ ထိန်းသိမ်းခံခဲ့ရ သူ တဦးလည်း ဖြစ်သည်။
စစ်အာဏာသိမ်းပြီးနောက်ပိုင်း နေပြည်တော်တွင် သတင်းထောက် စုစုပေါင်း ၃ ဦး အဖမ်းဆီးခံခဲ့ရပြီး ၎င်းတို့မှာ အလွတ် သတင်းထောက် ကိုအောင်ကိုကိုလတ်၊ ဘီဘီစီ သတင်းထောက် ကိုအောင်သူရနှင့် Mizzima အယ်ဒီတာဟောင်း ကိုသန်း ထိုက်အောင် တို့ဖြစ်သည်။
ကိုသန်းထိုက်အောင်နှင့် ကိုအောင်သူရတို့ ၂ ဦးမှာ မတ်လ ၁၉ ရက်က နေပြည်တော် ဒက္ခိဏခရိုင် တရားရုံးရှေ့တွင် NLD နာယက ဦးဝင်းထိန်ရုံးထုတ်ကို သတင်းရယူနေစဉ် ဖမ်းဆီးခံခဲ့ရခြင်း ဖြစ်သည်။
ထိုသို့ဖမ်းဆီးခံရပြီး ဘီဘီစီ သတင်းထောက် ကိုအောင်သူရမှာ မတ်လ၂၂ ရက်နေ့က ပြန်လည်လွတ်မြောက်လာခဲ့သော် လည်း ကိုသန်းထိုက်အောင်မှာမူ ဆက်လက် ဖမ်းဆီးထိန်းသိမ်းခံထားရသည်။
ကိုသန်းထိုက်အောင်ကို လက်ရှိတွင် နေပြည်တော် အချုပ်ထာင်တွင် ထိန်းသိမ်းခံထားပြီး ၎င်းသည် ပုဒ်မ ၅၀၅ (ခ)ဖြင့် ဇမ္ဗူသီရိတရားရုံးတွင် တရားရင်ဆိုင်နေရသည်။
ယနေ့ အချိန်အထိ မြန်မာနိုင်ငံတွင် ဖမ်းဆီးထိန်းသိမ်းခံရသူ သတင်းသမား ၆၀ ကျော်ရှိလာပြီး အနည်းဆုံး ၃၈ ဦးထက်မ နည်း တရားရုံးတွင် အမှုဖွင့် တရားစွဲဆိုခြင်းကို အချုပ်နှင့် တရားရင်ဆိုင်နေရသည်။
You may also like these stories:",2.0,2.0,2.0,4.0,5.0,"The text is a factual news report about journalists in Myanmar. It provides clear, coherent information about legal proceedings and local events. It uses natural Burmese phrasing, specific local terminology, and accurate cultural context regarding the political situation, making it highly authentic for the target community."
<urn:uuid:37886258-d475-423c-9a9e-04430ef2e160>,"အမေရိကန်အစိုးရလုပ်ငန်းတွေအတော်များများ ရပ်ဆိုင်းထားရတာ အဆုံးသတ်ရေးနဲ့ ပေးရန်တာဝန်တွေ ပျက်ကွက်မယ့်အရေး ကာကွယ်ဖို့ ကြိုးပမ်းမှုဟာ စနေနေ့ကတော့ အထက်လွှတ်တော်ဘက်ကို အာရုံပြောင်းသွားခဲ့ပါတယ်။ သမ္မတအိုဘားမားနဲ့ အောက်လွှတ်တော် Republican တွေအကြား သဘောတူညီမှု ရရှိနိုင်ရေး မတင်မကျဖြစ်နေချိန်မှာ အထက်လွတ်တော်က ပြေလည်မှုရရေး ကြိုးပမ်း နေကြတာဖြစ်ပါတယ်။
အထက်လွှတ်တော် ဒီမိုကရက်တစ်ပါတီခေါင်းဆောင် Harry Reid က သူနဲ့ Republican ပါတီရဲ့ အထက်လွှတ်တော်ခေါင်းဆောင် Mitch MaConnell တို့ဟာ ၁၂ ရက်ကြာအကြပ်အတည်းကို အဆုံးသတ်ဖို့ နည်းလမ်းတွေ ဆွေးနွေးခဲ့ကြတယ်လို့ပြောပါတယ်။ ဆွေးနွေးပွဲဟာ အပြုသဘောဆောင်ပေမဲ့ ၂ ဘက်ပြေလည်အောင် ညှိနှိုင်းနိုင်ဖို့ကတော့ အလှမ်းဝေးနေဆဲပါပဲလို့ဆိုပါတယ်။
အစိုးရလုပ်ငန်းတွေကို လက်ရှိအနေအထားအတိုင်း နောက်ထပ် ၆ လ လည်ပတ်နိုင်အောင် ရန်ပုံငွေ ချထားပေးဖို့ဆိုတဲ့ Republican အထက်လွှတ်တော် အမတ် Susan Collins ရဲ့ အဆိုပြုချက်ဟာ ဘယ်ကိုမှခရီးလည်းမပေါက် အလုပ်လည်းမဖြစ်ဘူးလို့ Mr. Reid ကဝေဖန်လိုက်ပါတယ်။ အထက် လွှတ်တော်မှာ မဲခွဲခဲ့ပြီး ဒီမိုကရက်အမတ်တွေဟာ အိမ်ဖြူတော်မှာ သမ္မတနဲ့ ဆွေးနွေးခဲ့ကြပါတယ်။
အစိုးရအသုံးစရိတ်ကန့်သတ်ချက်ကို နောက်နှစ်ကုန်အထိ တိုးမြှင့်သတ်မှတ်ဖို့ ဒီမိုကရက်တွေရဲ့ အစီအစဉ်ကို Republican တွေက လက်မခံတဲ့အတွက် Mr. Reid က ပြစ်တင်ဝေဖန်လိုက်ပါတယ်။ Republican တွေကတော့ ရန်ပုံငွေကန့်သတ်ချက်ကို တိုးမြှင့်မယ့် ဘယ်လိုအစီအစဉ်မျိုးမှာမဆို အသုံးစရိတ် လျှော့ချစေလိုနေကြတာ ဖြစ်ပါတယ်။
ဒီမိုကရက်တွေရဲ့ အဆိုပြုချက်ကို ထောက်ခံတာလည်းမရှိ ကန့်ကွက်တာလည်းမဟုတ်ဘဲ ဒီအတိုင်းထားလိုက်ကြတဲ့အတွက် ကံမကောင်း အကြောင်း မလှဘူးလို့ အိမ်ဖြူတော်ပြောခွင့်ရသူ Jay Carney က ကြေညာချက်ထုတ်ပြန်လိုက်ပါတယ်။",3.0,3.0,3.0,5.0,2.0,"The text provides a clear, factual report on US political events, suitable for educational purposes regarding international news. It explains the conflict between political parties, demonstrating basic reasoning. It is written in natural, professional Burmese, though it lacks specific cultural nuances as it covers foreign political affairs."
<urn:uuid:87595fad-5e6e-4997-be82-7418840b4015>,"တရုတ်နှစ်သစ်ကူး
တရုတ်နှစ်သစ်ကူးသည် တရုတ်လူမျိုးများအဖို့ တစ်နှစ်အတွင်း အရေးပါသည့် ရိုးရာပွဲတော်တစ်ရပ်ဖြစ်သည်။ တရုတ်ပြက္ခဒိန်မှာ နွေဦးရာသီဖြင့် စတင်သောကြောင့် နှစ်ကူးပွဲ၏ တရုတ်ဘာသာမှာ 春節 (ချွန်းဂျယ်) ဖြစ်ပြီး တိုက်ရိုက် ဘာသာပြန်လျင် ‘နွေဦးရာသီပွဲတော်’ ဟု ခေါ်သည်။ နှစ်ကူးပွဲတော်မှာ တရုတ်ပြက္ခဒိန် နှစ်ဆန်း ၁ ရက်နေ့မှ စတင်ပြီး ၁၅ ရက်နေ့ မီးပုံးပွဲတော်ဖြင့် အဆုံးသတ်သည်။ နှစ်ကူးပွဲသည် တရုတ်ရိုးရာ ပွဲတော်များတွင် ကာလအရှည်ကြာဆုံးပွဲတော် ဖြစ်သည်။
တရုတ်နှစ်ကူးပွဲကို တရုတ်၊ ထိုင်ဝမ်၊ ဟောင်ကောင်၊ မကာအိုနှင့် အခြားနိုင်ငံများရှိ တရုတ်အသိုင်းအဝိုင်းတွင် ကျင်းပဆင်နွဲလေ့ရှိသည်။ နှစ်ဆန်း ၁ ရက်နေ့မတိုင်မီ တစ်နှစ်အတွင်း မကောင်းသည့်အရာများ အညစ်အကြေးများကို ဆေးကြောရှင်းလင်းကာ အိမ်တံခါး တစ်ဖက်တစ်ချက်နှင့် အပေါ်တွင် လာဘ်လာဘကောင်းစေသော စာများပါသည့် စက္ကူနီများကပ်ကာ တန်ဆာဆင်ကြသည်။ ထိုစက္ကူများကို ‘ချွန်းလျန်’ (春聯) ဟု ခေါ်သည်။
နှစ်ကူးအကြိုညတွင် စားကောင်းသောက်ဖွယ်များ ချက်ပြုတ်ကာ ဘိုးဘွားများကို ရှိခိုးကန်တော့ပြီး မိသားစု စုံစုံညီညီဖြင့် စားသောက်ကြသည်။ ရပ်ဝေးရောက်နေသော ဆွေမျိုးသားချင်းများလည်း နှစ်ကူးတွင် အိမ်ပြန်လေ့ရှိသည်။ သန်းခေါင်ကျော်သည်နှင့် ဗျောက်အိုးများဖောက်ကာ နှစ်သစ်ကို ကြိုဆိုကြသည်။ နှစ်ဆန်း ၁ ရက်နေ့တွင်မူ မနက်စောစောထကာ ဘုရားကျောင်းသွား ဝတ်ပြုကြသည်။ လူကြီးများက ကလေးသူငယ်များအား နှစ်သစ်အတွင်း ကျန်းမာချမ်းသာစေဖို့ ရည်ညွန်းပြီး ဟုန်ပေါင်း (အန်ပေါင်း) ပေးလေ့ရှိသည်။",4.0,1.0,2.0,5.0,4.0,"The text provides a clear, educational overview of Chinese New Year traditions. It is well-structured, clean, and uses natural Burmese phrasing. While it lacks complex logical analysis, it is highly informative for a general audience and accurately reflects cultural practices relevant to the Burmese-Chinese community."
<urn:uuid:7a5dde59-ec40-4244-9ee5-e215f9057710>,"Zaw Gyi & Unicode
အကြိမ် ၃၀ မြောက် အရှေ့တောင်အာရှ အားကစားပြိုင်ပွဲ (SEA Games) အမျိုးသား U-22 ဘောလုံးပွဲ ဝင်ရောက်ယှဉ်ပြိုင်နေတဲ့ မြန်မာဘောလုံးအသင်းဟာ ဒီကနေ့ တီမော လက်စ်တေအသင်းနဲ့ ယှဉ်ပြိုင်ကစားရမှာဖြစ်ပါတယ်။
အိမ်ရှင် ဖိလစ်ပိုင်အသင်း၊ မလေးရှား၊ ကမ္ဘောဒီးယား၊ တီမော လက်စ်တေအသင်းတွေနဲ့ အုပ်စု A မှာကျနေတဲ့ မြန်မာအသင်း ဟာ လက်ရှိအချိန်ထိဆိုရင် ၂ ပွဲကစား၊ ၁ ပွဲနိုင်၊ ၁ ပွဲသရေ၊ ရမှတ် ၄ မှတ်နဲ့ အုပ်စု ဒုတိယနေရာမှာရှိနေပါတယ်။ တီမောအသင်း ကတော့ ၁ ပွဲကစား၊ ၁ ပွဲရှုံး ရမှတ်မရှိသေးပါဘူး။ ကမ္ဘောဒီးယားအသင်းက မြန်မာအသင်းနဲ့ ပွဲတူ အမှတ်တူ ရဂိုးအသာနဲ့ အုပ်စု ပထမနေရာမှာရှိနေပါတယ်။
ဒီပွဲကို အနိုင်ရမယ်ဆိုရင်တော့ မြန်မာအသင်းအနေနဲ့ ဒုတိယအဆင့်ကိုတက်ဖို့ အတော်လေး အလားအလာကောင်းသွားပြီလို့ ဆိုရမှာပါ။
မြန်မာအသင်းဟာ အဖွင့်ပွဲအဖြစ် မလေးရှားအသင်းနဲ့ကန်တာမှာ တဘက် ၁ ဂိုးစီနဲ့ သရေကျပြီး အိမ်ရှင် ဖိလစ်ပိုင်အသင်းနဲ့ ဒုတိယပွဲကန်တာမှာတော့ ၂ ဂိုး ၁ ဂိုးနဲ့ အနိုင်ရပါတယ်။
၁၉၇၇ ခုနှစ်ကစတင်တဲ့ SEA Games ဘောလုံးပြိုင်ပွဲသမိုင်းတလျှောက် နှစ် ၄၀ ကျော်အတွင်း မြန်မာအသင်းဟာ ဗိုလ်လုပွဲ သုံးကြိမ်တက်ဖူးပြီး တကြိမ်မှ ဗိုလ်မစွဲဖူးသေးပါဘူး။ ၁၉၉၃ ခုနှစ်က ဗိုလ်လုပွဲမှာ ထိုင်းအသင်းကို ၄ ဂိုး ၃ ဂိုး၊ ၂၀၀၇ ခုနှစ်က ဗိုလ်လုပွဲမှာ ထိုင်းအသင်းကို ၂ ဂိုးပြတ်၊ ၂၀၁၅ ခုနှစ်က ဗိုလ်လုပွဲမှာလည်း ထိုင်းအသင်းကိုပဲ ၃ ဂိုးပြတ်နဲ့ ရှုံးပြီးတော့ ရွှေတံဆိပ်နဲ့ လွဲချော်ခဲ့ပါတယ်။
SEA Games သမိုင်းမှာ အအောင်မြင်ဆုံးဖြစ်တဲ့ ထိုင်းအသင်းဟာ ဒီနှစ်ပွဲမှာတော့ ဖွင့်ပွဲမှာကိုပဲ အင်ဒိုနီးရှားအသင်းကို ၂ ဂိုးပြတ်နဲ့ ရှုံးပြီးတဲ့နောက် ဒီကနေ့ ဒုတိယပွဲအဖြစ် ဘရူနိုင်းအသင်းနဲ့ ကန်တာမှာတော့ ၇ ဂိုးပြတ်နဲ့ အနိုင်ရသွားပါတယ်။
Unicode
အကွိမျ ၃၀ မွောကျ အရှတေ့ောငျအာရှ အားကစားပွိုငျပှဲ (SEA Games) အမြိုးသား U-22 ဘောလုံးပှဲ ဝငျရောကျယှဉျပွိုငျနတေဲ့ မွနျမာဘောလုံးအသငျးဟာ ဒီကနေ့ တီမော လကျဈတအေသငျးနဲ့ ယှဉျပွိုငျကစားရမှာဖွဈပါတယျ။
အိမျရှငျ ဖိလဈပိုငျအသငျး၊ မလေးရှား၊ ကမ်ဘောဒီးယား၊ တီမော လကျဈတအေသငျးတှနေဲ့ အုပျစု A မှာကနြတေဲ့ မွနျမာအသငျး ဟာ လကျရှိအခြိနျထိဆိုရငျ ၂ ပှဲကစား၊ ၁ ပှဲနိုငျ၊ ၁ ပှဲသရေ၊ ရမှတျ ၄ မှတျနဲ့ အုပျစု ဒုတိယနရောမှာရှိနပေါတယျ။ တီမောအသငျး ကတော့ ၁ ပှဲကစား၊ ၁ ပှဲရှုံး ရမှတျမရှိသေးပါဘူး။ ကမ်ဘောဒီးယားအသငျးက မွနျမာအသငျးနဲ့ ပှဲတူ အမှတျတူ ရဂိုးအသာနဲ့ အုပျစု ပထမနရောမှာရှိနပေါတယျ။
ဒီပှဲကို အနိုငျရမယျဆိုရငျတော့ မွနျမာအသငျးအနနေဲ့ ဒုတိယအဆငျ့ကိုတကျဖို့ အတျောလေး အလားအလာကောငျးသှားပွီလို့ ဆိုရမှာပါ။
မွနျမာအသငျးဟာ အဖှငျ့ပှဲအဖွဈ မလေးရှားအသငျးနဲ့ကနျတာမှာ တဘကျ ၁ ဂိုးစီနဲ့ သရကေပြွီး အိမျရှငျ ဖိလဈပိုငျအသငျးနဲ့ ဒုတိယပှဲကနျတာမှာတော့ ၂ ဂိုး ၁ ဂိုးနဲ့ အနိုငျရပါတယျ။
၁၉၇၇ ခုနှဈကစတငျတဲ့ SEA Games ဘောလုံးပွိုငျပှဲသမိုငျးတလြှောကျ နှဈ ၄၀ ကြျောအတှငျး မွနျမာအသငျးဟာ ဗိုလျလုပှဲ သုံးကွိမျတကျဖူးပွီး တကွိမျမှ ဗိုလျမစှဲဖူးသေးပါဘူး။ ၁၉၉၃ ခုနှဈက ဗိုလျလုပှဲမှာ ထိုငျးအသငျးကို ၄ ဂိုး ၃ ဂိုး၊ ၂၀၀၇ ခုနှဈက ဗိုလျလုပှဲမှာ ထိုငျးအသငျးကို ၂ ဂိုးပွတျ၊ ၂၀၁၅ ခုနှဈက ဗိုလျလုပှဲမှာလညျး ထိုငျးအသငျးကိုပဲ ၃ ဂိုးပွတျနဲ့ ရှုံးပွီးတော့ ရှတေံဆိပျနဲ့ လှဲခြျောခဲ့ပါတယျ။
SEA Games သမိုငျးမှာ အအောငျမွငျဆုံးဖွဈတဲ့ ထိုငျးအသငျးဟာ ဒီနှဈပှဲမှာတော့ ဖှငျ့ပှဲမှာကိုပဲ အငျဒိုနီးရှားအသငျးကို ၂ ဂိုးပွတျနဲ့ ရှုံးပွီးတဲ့နောကျ ဒီကနေ့ ဒုတိယပှဲအဖွဈ ဘရူနိုငျးအသငျးနဲ့ ကနျတာမှာတော့ ၇ ဂိုးပွတျနဲ့ အနိုငျရသှားပါတယျ။",2.0,2.0,2.0,5.0,5.0,"The text provides a factual sports report on the SEA Games. It includes historical context and current standings, offering basic reasoning regarding tournament progression. It is written in natural, authentic Burmese, including both Zawgyi and Unicode versions, and is free of noise or boilerplate."
<urn:uuid:1eb0052b-f7d3-42fa-8ddc-8a6b3ce3bf67>,"အေးချမ်းပါစေ မြန်မာပြည်
ကျော်သူ (နာရေးကူညီမှုအသင်း - ရန်ကုန်)
မတ်လ ၄၊ ၂၀၁၃
လူမျိုးရေးပဋိပက္ခကြောင့် ဘေးဒုက္ခခံစားနေရသော ရခိုင်တိုင်းရင်းသား ညီအစ်ကိုမောင်နှမများ ထံသို့ ကူညီထောက်ပံ့ရေးခရီးစဉ်အား နာရေးကူညီမှုအသင်း(ရန်ကုန်)သည် စတုတ္ထအကြိမ်မြောက်အဖြစ် ၁၄.၂.၂ဝ၁၃ ရက်နေ့တွင် နာရေးကူညီမှုအသင်း(ရန်ကုန်)၏ အလုပ်အမှုဆောင်များဖြစ်ကြသော ဦးသိန်း ဦး၊ ဦးသိန်းထွန်းနှင့် ဦးကျော်ဝင်းတို့သည် ရန်ကုန်မြို့မှ စစ်တွေမြို့သို့ ရောက်ရှိခဲ့ကြသည်။
ထို့နောက်စစ်တွေမြို့ပေါ်ရှိ ကယ်ဆယ်ရေးစခန်း (၅) ခုနှင့် (ABC) မိဘမဲ့ကလေးများစောင့်ရှောက် ရေးဂေဟာများသို့ လိုအပ်သည်များကို ပံ့ပိုးနိုင်ရန် သွားရောက်လေ့လာကြကာ တာဝန်ရှိသူများနှင့် တွေ့ဆုံ ဆွေးနွေးခဲ့ကြသည်။ ၁၅.၂.၂ဝ၁၃ ရက်နေ့တွင် မြောက်ဦးမြို့နယ်နှင့် မောင်းတောမြို့နယ်များသို့ သွား ရောက် ကူညီမှုပေးနိုင်ရန် ၄င်းဒေသရှိ ကယ်ဆယ်ရေးစခန်းများအတွက် လိုအပ်သော ပဲ၊ ငါးခြောက်နှင့် ရေစုတ်စက်၊ လက်တွန်းထွန်စက် စသည့်ပစ္စည်းများကို ဝယ်ယူစုဆောင်းခဲ့ကြပြီး ၁၆.၂.၂ဝ၁၃ ရက်နေ့တွင် မြောက်ဦးမြို့သို့ သင်္ဘောဖြင့်သွားရောက်ကြကာ မြောက်ဦး နာရေးကူညီမှုအသင်း၏ တာဝန်ရှိသူများနှင့် တွေ့ဆုံကြကာ (ယာယီ)ကယ်ဆယ်ရေးစခန်းရှိ တိုင်းရင်းသား ညီအစ်ကိုမောင်နှမများအတွက် ဆန် (၁၆) အိတ်၊ ပဲ (၃ဝ) ပိဿာ၊ ငါးခြောက် (၃ဝ) ပိဿာတို့ကို လှူဒါန်း ထောက်ပံ့ပေးခဲ့ကြသည်။
၁၇.၂.၂ဝ၁၃ ရက်နေ့တွင် မင်းပြားမြို့သို့ ဆက်လက်သွားရောက်ကာ မင်းပြားမြို့နယ် နာရေးကူညီ မှုအသင်းမှ အဖွဲ့ဝင်များနှင့်တွေ့ဆုံခဲ့ပြီး ၄င်းတို့၏ မီးသင်္ဂြိုလ်စက်အား လေ့လာကြည့်ရှုကာ အသင်းအဖွဲ့ အချင်းချင်း အကြံဉာဏ်များကို ဖလှယ်ဆွေးနွေးခဲ့ကြသည်။ ၁၈.၂.၂ဝ၁၃ ရက်နေ့တွင် မင်းပြားမြို့မှ စစ် တွေမြို့သို့ ပြန်လည်ရောက်ရှိကာ မောင်းတောနှင့် ဘူးသီးတောင်မြို့နယ်များသို့ သွားရောက် လှူဒါန်းရန် အတွက် လိုအပ်သောပစ္စည်းများကို လှည့်လည်ဝယ်ယူခဲ့ကြပြီး ၁၉.၂.၂ဝ၁၃ ရက်နေ့တွင် မောင်းတော ခရိုင်တွင် လိုအပ်သည့်ပစ္စည်းများကို သယ်ဆောင်ကာ စစ်တွေမြို့မှ ဘူးသီးတောင်မြို့သို့ သင်္ဘောဖြင့် (၄) နာရီခန့်ကြာ သွားရောက်ကာ ဘူးသီးတောင်မှတဆင့် မောင်းတောမြို့သို့ မော်တော်ကားဖြင့် တဆင့်သွား ရောက်ခဲ့ကြသည်။ မောင်းတောမြို့တွင် “မောင်းတောခရိုင် အမျိုးသားကာကွယ်စောင့်ရှောက်ရေး ဖောင် ဒေးရှင်း”နှင့် တွေ့ဆုံခဲ့ကြပြီး မောင်းတောဒေသရှိ ကယ်ဆယ်ရေးစခန်း (၁၃) ခုထံသို့ သွားရောက်၍ အား ပေးခဲ့ကြသည်။ ထို့နောက် ၂၁.၂.၂ဝ၁၃ နှင့် ၂၂.၂.၂ဝ၁၃ ရက်နေ့များတွင် စစ်တွေမြို့နှင့် ရန်ကုန်မြို့များမှ ရောက်ရှိလာသော ငါးခြောက်၊ ဆန်၊ ပဲ၊ ရေစုတ်စက်၊ ထော်လာဂျီ၊ လက်တွန်းထွန်စက် စသည့်ပစ္စည်းများ အား ကယ်ဆယ်ရေးစခန်း (၁၃) ခုသို့ ဖြန့်ဝေလှူဒါန်းခဲ့ကြပြီး ၂၃.၁၂.၂ဝ၁၃ ရက်နေ့တွင် မောင်းတောမှ စစ်တွေမြို့သို့ ပြန်လည်ရောက်ရှိခဲ့ကြကာ စစ်တွေမြို့နယ်၏ ကယ်ဆယ်ရေးစခန်း (၅) ခုရှိ အိမ်ထောင်စု ပေါင်း (၆၉ဝ) အတွက် ပဲ၊ ငါးခြောက်၊ ငွေသား စသည့်ပစ္စည်းများကို လှူဒါန်းခဲ့ကြပြီး ၂၄.၂.၂ဝ၁၃ ရက်နေ့ တွင် ရန်ကုန်မြို့သို့ ပြန်လည်ရောက်ရှိခဲ့ကြသည်။
နာရေးကူညီမှုအသင်း(ရန်ကုန်)သည် အများပြည်သူတို့၏ လှူဒါန်းငွေများဖြင့် ယခုကဲ့သို့ နယ်မြေ မအေးချမ်းမှုနှင့် လူမျိုးရေးပဋိပက္ခတို့အကြားတွင် ဘဝနောင်ရေးအတွက် ရတက်မအေး ဖြစ်နေရရှာသော ရခိုင်တိုင်းရင်းသား ညီအစ်ကိုမောင်နှမများ၏ ဒုက္ခကိုမျှဝေခံစား ဖေးမပေးခဲ့သည်မှာ (၄) ကြိမ်ရှိခဲ့ပြီ ဖြစ် သည်။ ယခုအကြိမ်တွင် ရခိုင်ပြည်နယ်ရှိ ကယ်ဆယ်ရေးစခန်းများသို့ လှူဒါန်းမှုတွင် ဆန်အိတ် (၅ဝဝ)၊ ပဲ၊ ငါးခြောက်၊ ရေစုတ်စက်များ၊ ထော်လာဂျီယာဉ်၊ လက်တွန်းထွန်စက် စသည့်ပစ္စည်းများနှင့် ငွေသားများ စုစုပေါင်းတန်ဖိုး သိန်း (၂၅ဝ) ကျပ်ခန့် လှူဒါန်းနိုင်ခဲ့ပြီးဖြစ်သည်။ ထိုကဲ့သို့ လှူဒါန်းနိုင်ခြင်းမှာ အလှူရှင် များ၏ ထက်သန်သော သဒ္ဒါတရား နာရေးကူညီမှုအသင်း(ရန်ကုန်)မှ အသင်းသား/သူများ၏ အများ ပြည်သူတို့အပေါ်တွင် စာနာစိတ်ထားနှင့် ဗြဟ္မစိုရ်နှလုံးသားတို့ကြောင့် ထိုကဲ့သို့ အကြိမ်ကြိမ် လှူဒါန်းနိုင် ခဲ့ကြခြင်းပင် ဖြစ်သည်။ ထို့ကြောင့် လူမျိုးရေးပဋိပက္ခကြောင့် ဒုက္ခခံစားနေရသော ရခိုင်ပြည်သူ ပြည်သား အပေါင်းအနေဖြင့် စားဝတ်နေရေး ကျန်းမာရေး၊ ပညာရေးအတွက် မရှိမဖြစ် လိုအပ်နေကြသေးသည် ဖြစ်ရာ မြန်မာနိုင်ငံသားများအနေဖြင့် ဝိုင်းဝန်းစောင့်ရှောက် ကူညီမှုပေးနိုင်ရန် လိုအပ်လျှက်ရှိနေပါသည်။ နာရေးကူညီမှုအသင်း(ရန်ကုန်) အနေဖြင့်လည်း တက်နိုင်သ၍ အလှူရှင်များနှင့် လက်တွဲကာ ကူညီပေး နေဦးမည် ဖြစ်ပါသည်။
မြန်မာနိုင်ငံသားများအားလုံး အေးချမ်းသာယာရှိပါစေ။",2.0,2.0,2.0,5.0,5.0,"The document is a report on humanitarian aid activities in Rakhine State. It provides factual, chronological reporting of relief efforts, which is informative but lacks deep educational or complex reasoning components. It is written in natural, formal Burmese, reflecting local organizational and social contexts accurately."
<urn:uuid:f986a9af-01e2-4422-94f8-a1282c7bcb0b>,"မြန်မာ စကားပုံများနှင့် မြန်မာ့အင်တာနက်
ကျားနေမြဲ ပိုနေမြဲ
Gateway များပြုပြင်ပြီးသွားသောအခါ နဂိုအတိုင်းပြန်ဖြစ်သွားသော ကွန်နက်ရှင်ကို ဆိုလိုသည်။
ကိုယ့်ဖင်မနိုင်ဘဲ ပဲကြီးဟင်း သောက်ချင်
Connection မကောင်းလျက်နဲ့ Facebook ဗီဒီယိုများကြည့်လိုခြင်းကို ဆိုလိုသည်။
ခင်ရာဆွေမျိုး မြိန်ရာဟင်းကောင်း
Connection ကောင်းရာ လိုင်း/ အင်တာနက်ဆိုင် ကိုပြောင်းသုံးသည်။
ဂါထာပေး တေးဖြစ်
မြန်မာနိုင်ငံတွင် MS Office 2007, 2010 စသည်တို့ကို ဖောဖောသီသီ သုံးစွဲခြင်းကိုဆိုလိုသည်။
ငါးစိမ်းမြင် ငါးကင်ပစ်
ပထမ Dial-up, နောက် Broad Band, ADSL, IP star, WiMax, CDMA 800Hz, McWiLL, Sky Net, FTTX စသည်ဖြင့် အဆင့်ဆင့် ပြောင်းလဲ ခြင်းကို ဆိုလိုသည်။
စိန်ကောင်း ကျောက်ကောင်းရောင်းဝယ်ရာ ဆေးရိုးသည်ကန့်လန့်
ဆေးရိုးသည် = Access Denied Page
ဆင့်ပါးစပ် နှမ်းပက်
ဆင့်ပါးစပ် = Internet Users
နှမ်း = Internet Bandwidth
ညောင်ဦးကမ်းပါးပြို စမ္မနဂိုက နွားမပေါင်ကျိုး
မိုးခြိမ်းသဖြင့် အင်တာနက်လိုင်းကျသွားသည်....
တစ်ခါသေဖူး ပျဉ်ဖိုးနားလည်
ဒုတိယအကြိမ် ကွန်ပျူတာသွားဝယ်ခြင်းကို ဆိုလိုသည်
တစ်ရွာ တစ်ကျီဆောက်သည်
ရောက်ရာ ဆိုဒ်၊ ရောက်ရာ နေရာတွင် အကောင့်များစွာဖွင့်သည်
ထိုင်နေရင်အကောင်း ထသွားမှ ကျိုးမှန်းသိသည်
ကောင်းမလားလို့ Windows 7 (64-bits) ပြောင်းတင်ကာမှ Drivers ရှာမရတာနဲ့ တိုးနေသည်။
ဒူးလောက်တင်မှ ရင်လောက်ကျသည်
Download ဆွဲနေစဉ် ကြာမည့်အချိန်တွင် ပေါ်သော နာရီဂဏန်းကို ဆိုလိုသည်။
နဂိုရှိမှ နကိုင်းထွက်သည်
Laptop အဟောင်းကို ပစ္စည်းထည့်၊ မွမ်းမံနေရုံဖြင့် သိသိသာသာ ပိုမမြန်နိုင်၊ ပိုကောင်းသာ အသစ်ဝယ်မှရမည်။
ပန်းထိမ်မတတ်ခင် ရွှေခိုးသင် (ဝမရှိပဲ ဝိလုပ်သည်)
မြန်မာစာလက်ကွက်ကို ကောင်းစွာ မရိုက်တတ်သေးပဲ ချက်တင်ပွားချင်သူများကို ဆိုလိုသည်။
ပျက်အစဉ် ပြင်ခဏ
MPT (ဟိုတလောက လိုင်းတွေပြင်တုန်းက အင်တာနက် အရမ်းကောင်းသည်)
ဖိုးသူတော်လဲ တောင်ဝှေးမထူနိုင်
ဘန်းဆိုက်များကို proxy ဆိုဒ်ဖြင့် ကျော်ကြည့်နိုင်သော်လည်း ထို proxy ဆိုဒ်ကိုပါ ပိတ်ထားသောအခါ...
ဗူးကောင်းမှစင်ခံ၊ လင်ကောင်းမှစံ
ကွန်နက်ရှင်ကောင်းမှ အင်တာနက် အရသာကိုသိနိုင်သည်။
ဘုရားလည်းဖူးရင်း လိပ်ဥလည်းတူးရင်း
ဒေါင်းလုပ်ဆွဲထားရင်း ချက်တင်ပွားခြင်းကို ဆိုလိုသည်။
မမှားသောရှေ့နေ၊ မသေသောဆေးသမား
မကျဖူးသော ကွန်နက်ရှင်လိုင်း....
မရွယ်ဘဲနှင့် စော်ကဲမင်းဖြစ်သည်
နေ့လည်ပိုင်းကြီး ကွန်နက်ရှင်ကောင်းနေခြင်းကို ဆိုလိုသည်။
ရှင်ဘုရင့်ပုဆိုး ပိုးချည်းပဲ
Mac Book Air, Pro, iPad 2, iPhone 5
လင်းတလောက်တော့ ငှက်တိုင်းလှသည်
လင်းတ = မြန်မာပြည် ကွန်နက်ရှင်
လယ်ထွန်သွား နွားမေ့
အင်တာနက်သုံးရန်သွားရာ Facebook, G-mail account Password များမေ့နေခြင်းကို ဆိုလိုသည်။
လသာတုန်းဗိုင်းငင် (မိုးရွာတုန်းရေခံ၊ အချိန်ရှိခိုက် လုံ့လစိုက်၊ အချိန်နှင့် ဒီရေသည် လူကို မစောင့်)
ညဥ့်နက်သန်းခေါင် လူများအိပ်ချိန် ဒေါင်းလုပ် ထဆွဲခြင်းကို ဆိုလိုသည်။ လင်းကြက်တွန်လျှင် လိုင်းပြန်ကျတော့မည်။ (ကွန်နက်ရှင် လဲ သရဲကားထဲက သရဲတွေလိုပဲ။ နေ့ပိုင်းပျောက်နေ။ ညပိုင်းပေါ်လာ.. မိုးလင်းလျှင် မရှိတော့)
ဝက်ဖြစ်မှ မစင်မကြောက်နှင့်
အင်တာနက်သုံးမှတော့ ထိုင်စောင့်ရမှာ မကြောက်ပါနဲ့။
သန်းခေါင်ထက် ညဥ့်တိုးမနက်
Connection Speed ဟူသည် 0KB/s သာရှိသည်။ -5KB/s ဟူ၍ မရှိပါ။
သေချင်တဲ့ကျား၊ တောပြောင်း
မြန်သည်ဟုပြော၍ EVDO ပြောင်းသုံးကာမှ လိုင်းကျတာနဲ့ချည်းတိုးနေသည်။
အုတ်ရောရော ကျောက်ရောရော
Facebook News Feed များကို ဆိုလိုသည်။ အရေးကြီးတာရော၊ မကြီးတာရော၊ Spam များပါ တက်လာလေ့ရှိသည်။
အရေးကြီးတော့ သွေးနီးရာ
အင်တာနက်သုံးသူအချင်းချင်း ကောင်းတာလေးတွေ၊ Proxy, softwares စသည်ဖြင့် မျှဝေသည်။
အငိုလွယ်လျက် အရှိုက်ခက်သည်
Download လွယ်သလောက် Upload ခက်သည်။
အရူးမီးဝိုင်းသလို
တပြိုင်တည်း G-talk 20 ဦး ခန့် ကိုပြောခြင်း။
အကြံတူရန်သူ
အင်တာနက်ဆိုင်တွင် ၂ယောက်တပြိုင်တည်း ဒေါင်းလုပ်ပြိုင်ဆွဲသည်။
အနာပေါ်တုတ်ကျသည်
ဤစာကို MPT မှ လူများဖတ်သည့်အခါ ဖြစ်မည့်ပုံစံ..
Credit By Than Htike Aung",2.0,2.0,2.0,4.0,5.0,"The document creatively maps traditional Burmese proverbs to modern internet experiences in Myanmar. It is culturally rich and authentic, reflecting local humor and social context. While it lacks formal educational structure or deep technical analysis, it is coherent and provides a unique, humorous perspective on the local digital landscape."
<urn:uuid:3f23fc26-6d70-48a7-8eaf-d2b5dc394a45>,"နေပြည်တော်၊ နိုဝင်ဘာ ၅
ပြည်ထောင်စု အစိုးရအဖွဲ့၏ ဝန်ကြီးဌာန များသည် နိုင်ငံတော်သို့ ပေးသွင်းရန်
ကြွေးကျန်ပမာဏ အလွန်များပြားနေ၍ အကြွေးပေးရန် ကျန်ရှိနေသော
ဝန်ကြီးဌာနများက ပြည်ထောင်စု လွှတ်တော်တွင် လာရောက်ဖြေရှင်းရမည် ဖြစ်ကြောင်း
နိုဝင်ဘာလ ၅ ရက်နေ့တွင် ကျင်းပသည့် ပြည်ထောင်စု လွှတ်တော် အစည်းအဝေးတွင်
ဆုံးဖြတ်ခဲ့ခြင်း ဖြစ်သည်။
ဝန်ကြီးဌာနများသည် နိုင်ငံတော်သို့ ကြွေးကျန်ပေးသွင်းရန်၂ နှစ်ဆက်ကျန်ရှိ
နေသောကြောင့် ကြွေးကျန်ပမာဏ ပိုမို များပြားလာခြင်း ဖြစ်သည်။
၂၀၁၂-၁၃ ဘဏ္ဍာရေးနှစ် ပထမ ခြောက်လအတွင်း နိုင်ငံတော်၏ အရအသုံး စာရင်းများကို
စစ်ဆေးရာတွင် တွေ့ရှိရသော အချက်အလက် များကြောင့် နိုဝင်ဘာလ ၅ ရက်နေ့က
ကျင်းပသည့် ပြည်ထောင်စုလွှတ်တော် အစည်းအဝေးတွင် ပြည်သူ့ငွေစာရင်း
ပူးပေါင်းကော်မတီက လွှတ်တော်တွင် လာရောက်ရှင်းပြရန် တင်သွင်းခဲ့ခြင်း
ဖြစ်ကြောင်း အဆိုပါကော်မတီ တာဝန်ရှိသူများက ပြောကြားသည်။
အကြွေးများ ပြန်လည်ပေးဆပ်မည့် အခြေအနေများကို သိရှိလိုပြီး ဝန်ကြီးဌာနများ
အနေနှင့်လည်း တွန်းအားပေး လုပ်ဆောင်သွားရန် လိုအပ်ကြောင်း ပြည်သူ့ငွေစာရင်း
ကော်မတီ၏ အစီရင်ခံစာတွင် ဖော်ပြထားသည်။
အဆိုပါ
အကြွေးကျန်ရှိနေသော ဝန်ကြီးဌာနများ လွှတ်တော်သို့ လာရောက် ရှင်းလင်းပေးရမည့်
အချိန်နှင့် နေ့ရက်ကိုမူ ပြည်ထောင်စုလွှတ်တော်က ထုတ်ပြန်ခြင်း မရှိသေးပေ။
အစိုးရ အဖွဲ့အစည်းများ၏ ငွေစာရင်းများကို စစ်ဆေး ဆောင်ရွက်နေသည့်
ပြည်ထောင်စု စာရင်းစစ်ချုပ်ရုံး အနေဖြင့်လည်း IT ပညာရှင်များ၊
အင်ဂျင်နီယာနှင့် လိုအပ်သည့် အတတ်ပညာရှင် များကို တိုးချဲ့ခန့်အပ်
ဖွဲ့စည်းရန် လိုအပ်နေကြောင်း ပြည်သူ့ငွေစာရင်း ကော်မတီဝင် တစ်ဦးက
ပြောကြားသည်။
နိုင်ငံတော်သို့ ကြွေးကျန်ပေးရန် ကျန်ရှိနေသော ဝန်ကြီးဌာန စုစုပေါင်း ၁၉ ဌာန ရှိကြောင်း အဆိုပါကော်မတီ၏ အစီရင်ခံစာအရ သိရှိရသည်။အဆိုပါကြွေးပေးသွင်းရန် ကျန်နေသော ဝန်ကြီးဌာနများသည် ပြည်သူ၏ ဘဏ္ဍာငွေကို
သုံးစွဲနေခြင်း ဖြစ်သည့်အတွက် ပွင့်လင်းမြင်သာမှု ရှိရန်နှင့် အများပြည်သူ
ယုံကြည်မှု ရှိရန် လိုအပ်ကြောင်း ယင်းကော်မတီက တင်ပြခဲ့သည်။",2.0,2.0,3.0,4.0,4.0,"The text is a factual news report about government financial accountability in Myanmar. It provides clear, coherent information about parliamentary procedures and public debt, making it useful for civic education. It is written in natural, formal Burmese, reflecting local administrative context and terminology, though it lacks complex analytical depth or interdisciplinary reasoning."
<urn:uuid:348fb056-b427-4f77-bcb4-278575dd4100>,"Email This Story :
ထိုင်းရောက်မြန်မာရွေ့ပြောင်းအလုပ်သမားတွေ ရင်ဆိုင်ကြုံတွေ့ရတဲ့ အခက်အခဲတွေကို ဖြေရှင်းဆောင်ရွက်ပေးဖို့ မြန်မာနဲ့ ထိုင်းနှစ်နိုင်ငံက အလုပ်သမားဝန်ကြီးတွေထံ အလုပ်သမားအဖွဲ့ အစည်းတွေက တင်ပြ တောင်းဆိုသွားဖို့ ရှိနေပါတယ်။
ခုလာမယ့် ဇန်န၀ါရီ ၁၈ ရက်နဲ့ ၁၉ ရက်နေ့တွေမှာ မြန်မာနဲ့ ထိုင်းနှစ်နိုင်ငံက အလုပ်သမားဝန်ကြီးတွေရဲ့ ဆွေးနွေးပွဲကျင်းပဖို့ရှိနေတာပါ။
ဒီဆွေးနွေးပွဲမှာ ထိုင်းရောက် မြန်မာရွှေ့ပြောင်း အလုပ်သမားတွေအနေနဲ့ ထည့်သွင်း ဆွေးနွေးပေးစေလိုတဲ့ အချက်တွေရှိပါက ပေးပို့ထားကြဖို့ အလုပ်သမား ၀န်ကြီးဌာနက ကြိုတင် အကြောင်းကြားထားပါတယ်။
မဟာချိုင်အခြေစိုက် ရွှေ့ပြောင်းအလုပ်သမားကွန်ရက်အဖွဲ့ အနေနဲ့လည်း အလုပ်သမားတွေ ထည့်သွင်းဆွေးနွေးပေးစေလိုတဲ့ အချက် ၆ ချက်ကို တင်ပြထားတယ်လို့ ကွန်ရက်ဥက္ကဋ္ဌ ဦးအောင်ကျော်က ဒီဗွီဘီကို ပြောပါတယ်။
“အဓိကတော့ အချက် ၆ ချက်ရှိပါတယ်။ ၁ အချက် ပရကန်ဆန်ခုံး လို့ခေါ်တဲ့ အလုပ်သမားလူမှုဖူလှုံရေး အာမခံငွေကိစ္စမှာ အလုပ်သမားတွေ လစဉ်ထည့်ဝင်ထားတဲ့ သက်ကြီးပင်စင်စုဆောင်းငွေကို အသက် ၅၅ နှစ်ပြည့်မှထုတ်ပေးဖို့ သတ်မှတ်ထားတာရှိတယ်။ ဒါပေမယ့် ကျနော်တို့အလုပ်သမားတွေက အများစုက အသက် ၅၅ နှစ်ထိ အလုပ်မလုပ်ပါဘူး။ တချို့လူငယ်တွေဆို အသက် ၅၅ နှစ်မပြည့်ခင် ကိုယ့်နိုင်ငံကိုယ်ပြန်သွားကြပြီ။ အဲဒီတော့ စုငွေတွေဆုံးရှုံးတာပေါ့။ အဲဒါကို မိမိပြန်တဲ့အချိန်ထုတ်ပေးဖို့ တောင်းဆိုတယ်။
အမ်အိုယူလက်မှတ်နဲ့ အလုပ်လုပ်တဲ့အခါ သတ်မှတ်နှုန်းထားတွေထက် အများကြီး ပိုပေးနေရတဲ့ အခက်အခဲ၊ အလုပ်သမားတွေရဲ့ အထောက်အထား စာရွက်စာတမ်းတွေကို လုပ်ငန်းရှင်တွေကယူထားလို့ လွတ်လွတ်လပ်လပ်သွားခွင့်မရတဲ့ ကိစ္စတွေလည်း တင်ပြဖို့ ရှိတယ်လို့ ဆိုပါတယ်။
ဒါ့အပြင် ရေလုပ်သားတွေဟာလည်း ဥပဒေက သတ်မှတ်ထားတဲ့ လုပ်အားခမရရှိသေးတာ၊ စာရွက်စာတမ်းတွေ သိမ်းခံထားရတာ၊ အလုပ်ရှင်ပြောင်းလိုက ပြောင်းနိုင်ခွင့်မရတာ၊ ရွှေပြောင်း လုပ်သားတွေရဲ့ သားသမီးတွေကို စာသင်ပေးနေတဲ့ မြန်မာစေတနာဝန်ထမ်း ဆရာ ဆရာမတွေကို အရေးမယူပဲ ခွင့်ပြုပေးရေးကိစ္စတွေပါ တင်ပြထားတယ်လို့ ဦးအောင်ကျော်က ပြောပါတယ်။
အလားတူ မဲဆောက်အခြေစိုက် မြန်မာပြည်သားများပူးတွဲလှုပ်ရှားမှုကော်မတီ (JACBA)ကလည်း နှစ်နိုင်ငံ အလုပ်သမားဖြေရှင်းရေး အမြဲတမ်းကော်မတီထားရှိရေး၊ တာ့ခ်ခရိုင် ၈ မြို့နယ်အတွင်း သတ်မှတ်ထားတဲ့ လုပ်အားခအပြည့်ရရှိရေး၊ အထောက်အထား မဲ့လုပ်သားတွေကို သက်ညှာပြီး အထောက်အထားသစ်တွေထုတ်ပေးရေး၊ စစ်ဆေးရေးဂိတ်တွေ မှာ အလုပ်သမားတွေဆီက မတရားငွေတောင်းခံနေတဲ့ကိစ္စ ဖြေရှင်းပေးရေး၊ အလုပ်သမားတွေ ဆီကကောက်ခံထားတဲ့ နေရပ်ပြန်ရံပုံငွေကို လွယ်လင့်တကူထုတ်ယူရရှိရေး၊ မြန်မာလုပ်သားစေ တနာ့ဝန်ထမ်းတွေကို အသိအမှတ်ပြုပေးရေး စတဲ့ အချက် ၉ ချက် တင်ပြတောင်းဆိုထားတယ်လို့ JACBA ဥက္ကဋ္ဌ ဦးမိုးကြိုးက ပြောပါတယ်။
မြန်မာအလုပ်သမားဝန်ကြီးဌာနက အကြံပြုချက်တွေ ပေးပို့ဖို့အကြောင်းကြားထားတဲ့ အဖွဲ့ တွေထဲမှာ မဲဆောက်အခြေစိုက် မြန်မာပြည်သားများပူးတွဲ လှုပ်ရှားမှုကော်မတီ JACBA မဟာချိုင်အခြေစိုက် ရွှေ့ပြောင်းအလုပ်သမားကွန်ရက်အဖွဲ့ MWRN၊ ဘန်ကောက်အခြေစိုက် ရွှေ့ပြောင်း အလုပ်သမားကွန်ရက်အဖွဲ့ MMNB၊ ထိုင်းတောင်ပိုင်းအခြေစိုက် ပညာရေးနဲ့ဖွံ့ဖြိုးတိုး တက်ရေးဖောင်ဒေးရှင်း FED ၊ အလုပ်သမားဟစ်တိုင် LH စတဲ့အဖွဲ့အစည်းတွေ ပါဝင်ပါတယ်။",2.0,2.0,2.0,4.0,5.0,"The text is a news report about migrant worker issues in Thailand. It provides factual information about labor rights and policy discussions, which is educational but not structured as a curriculum. It uses natural, authentic Burmese and is well-formatted, though it contains some boilerplate news-site headers."
