id,text,educational_value,reasoning,professionalism,cleanliness,cultural_nuances,justification
<urn:uuid:d61187c3-b1d8-4572-a637-d2678b92d026>,"Fumax Tech သည်မြန်ဆန်။ စိတ်ချရသောအီလက်ထရောနစ်ကန်ထရိုက်ထုတ်လုပ်မှု (EMS) ဝန်ဆောင်မှုများကိုထောက်ပံ့ပေးသည်။ ကျွန်ုပ်တို့၏အီလက်ထရောနစ်အင်ဂျင်နီယာဒီဇိုင်း၊ PCB အပြင်အဆင်အင်ဂျင်နီယာ၊ ရှင်းလင်းသောပျဉ်ပြားများ PCB ထုတ်လုပ်ခြင်း၊ အစိတ်အပိုင်းများရှာဖွေခြင်း၊ အစိတ်အပိုင်းများဝယ်ယူခြင်းနှင့်နောက်ဆုံး PCB တပ်ဆင်ခြင်းမှအစကျွန်ုပ်တို့၏အလှည့်ကျဝန်ဆောင်မှုများကိုအပြည့်အဝဖုံးအုပ်ထားသည်။
အချိန်နှင့်တပြေးညီဆက်သွယ်ရေးနှင့်ချောမွေ့စွာဆက်သွယ်နိုင်မှုတို့ကိုစိတ်ကြိုက်ထုတ်ကုန်အစီအစဉ်များ၊ စုဆောင်းငွေများ၊
ပုံမှန် PCB ပရိသဖြစ်စဉ်ကိုအောက်တွင်ဖော်ပြထားသောဖြစ်ကြသည်။
• IQC
•အလိုအလျောက်ဂဟေဆက်ပုံနှိပ်ခြင်း
• SPI
• SMT
•ပြန်လည်စီးဆင်းမှုဂဟေ
• AOI
• X-RAY (BGA အတွက်)
• ICT စမ်းသပ်ခြင်း
•အပေါက်မှတဆင့် DIP
• Wave ဂဟေ
•ဘုတ်အဖွဲ့သန့်ရှင်းရေး
• Firmware Programming
• Function Testing
•အပေါ်ယံပိုင်း (လိုအပ်ပါက)
•အထုပ်
ကျွန်ုပ်တို့၏ PCB တပ်ဆင်နိုင်စွမ်းကိုအောက်တွင်ပြထားသည်။
|ထောက်ပံ့နိုင်စွမ်း|
|Assembly အမျိုးအစားများ||SMT (Surface-Mount နည်းပညာ)|
|THD (Thru-Hole စက်ပစ္စည်း)|
|SMT & THD ရောစပ်ခဲ့သည်|
|နှစ်ဆတဖက်သတ် SMT နှင့် THD စည်းဝေးပွဲကို|
|SMT စွမ်းရည်||PCB အလွှာ: 1-32 အလွှာ;|
|PCB ပစ္စည်း: FR-4, CEM-1, CEM-3, High TG, FR4 Halogen Free, FR-1, FR-2, Aluminum Boards;|
|ဘုတ်အမျိုးအစား: တင်းကျပ်စွာ FR-4, Rigid-Flex ပျဉ်ပြား|
|PCB အထူ: 0.2mm-7.0mm;|
|PCB အတိုင်းအတာအကျယ်: 40-500mm;|
|ကြေးနီအထူ: Min: 0.5oz; အများဆုံး: 4.0oz;|
|chip တိကျမှန်ကန်မှု: လေဆာအသိအမှတ်ပြုမှု± 0.05mm; ပုံရိပ်အသိအမှတ်ပြုမှု± 0.03mm;|
|အစိတ်အပိုင်းအရွယ်အစား: ၀.၆ * ၀.၃ မီလီမီတာ - ၃၃.၅ * ၃၃.၅mm;|
|အစိတ်အပိုင်းအမြင့်: 6mm (max);|
|၀.၆၅ မီလီမီတာကျော်အကွာအဝေးအတွင်းရှိလေဆာအသိအမှတ်ပြု pin၊|
|မြင့်မားသော resolution VCS 0.25mm;|
|BGA လုံး ၀ အကွာအဝေး: .250.25mm;|
|BGA ကမ္ဘာလုံးဆိုင်ရာအကွာအဝေး: .250.25mm;|
|BGA ဘောလုံးအချင်း: .10.1mm;|
|IC ခြေထောက်အကွာအဝေး: .20.2mm;|
|အစိတ်အပိုင်းအထုပ်||elsရာဝတီ|
|တိပ်ခုတ်ဖြတ်|
|ပြွန်နှင့်ဗန်း|
|ချောင်အစိတ်အပိုင်းများနှင့်အမြောက်အများ|
|Board ပုံသဏ္.ာန်||ထောင့်မှန်စတုဂံ|
|ပတ်ပတ်လည်|
|အထိုင်များနှင့်ဖြတ်တောက်|
|ရှုပ်ထွေးသောနှင့်မမှန်|
|ညီလာခံလုပ်ငန်းစဉ်||ခဲ - အခမဲ့ (RoHS, REACH)|
|ပုံစံဖိုင်ပုံစံ||Gerber|
|BOM (ပစ္စည်းဘီလ်) (.xls, .CSV, xIsx)|
|ညှိနှိုင်းရေး (Pick-N-Place / XY ဖိုင်)|
|လျှပ်စစ်စမ်းသပ်ခြင်း||AOI (Automated Optical Inspection)၊|
|X-Ray စစ်ဆေးခြင်း|
|အိုင်စီတီ (In-Circuit Test) / လက်တွေ့စမ်းသပ်ခြင်း|
|Reflow မီးဖိုပရိုဖိုင်း||စံ|
|စိတ်တိုင်းကျ|
PCB ပရိသတျ၏ကိုးကားခတောင်းဆိုမှု:
sales@fumax.net.cn တွင်သင်၏ BOM ဖိုင်များ (Bill of Materials) နှင့် Gerber ဖိုင်များကိုအီးမေးလ်ဖြင့်သာကျွန်ုပ်တို့ထံအီးမေးလ်ပို့လိုက်ရုံဖြင့် ၂၄ နာရီအတွင်းသင့်ထံပြန်ပို့ပါမည်။
ရည်ညွှန်းဒီဇိုင်နာများ၊ ထုတ်လုပ်သူနာမည်နှင့်ထုတ်လုပ်သူအစိတ်အပိုင်းနံပါတ်များပါ ၀ င်ရန်လိုအပ်သည်။ Gerbers PCB လိုအပ်ချက်များကိုထည့်သွင်းရန်လိုအပ်ပါသည်။",1.0,1.0,4.0,3.0,1.0,"The document is a technical service brochure for a PCB manufacturing company. It provides factual information about industrial processes and technical specifications, which is useful for industry professionals but lacks broader educational or reasoning depth. The text is clearly machine-translated, resulting in awkward phrasing, though the technical content remains understandable."
<urn:uuid:12518661-b0ff-4dda-9eaf-61e3842f748e>,"A:optical fiber မှ အစက်အပြောက်ထွက်ရှိမှုသည် ယေဘူယျအားဖြင့် အချို့သော ကွဲလွဲသောထောင့်ရှိသော စက်ဝိုင်းပုံအစက်ဖြစ်သည်။ သတ်မှတ်ထားသော အစက်အပြောက်အရွယ်အစားသည် ဖိုက်ဘာအူတိုင်အချင်းနှင့် ဆက်စပ်နေပြီး ခြားနားသောထောင့်ကို ဖိုက်ဘာဂဏန်းအပါချာမှ ဆုံးဖြတ်သည်။ အသုံးများသော အလင်းမျှင်များကို single mode နှင့် multimode ဟူ၍ ပိုင်းခြားထားပြီး၊ single mode core ၏ အချင်းမှာ μm မှ 2.9 မှ 9μm၊ multimode core ၏ အချင်းမှာ μm မှ 50 မှ 400μm ဖြစ်ပြီး ဂဏန်းအလင်းဝင်ပေါက်သည် ယေဘုယျအားဖြင့် 0.15 NA နှင့် 0.22 NA ဖြစ်သည်။ အသီးသီး ကိန်းဂဏာန်း အလင်းဝင်ပေါက်သည် ဖိုက်ဘာရှိ အလင်းတန်း၏ စုစုပေါင်း ရောင်ပြန်ဟပ်မှု ထုတ်လွှင့်မှု၏ အများဆုံး အဖြစ်အပျက်ထောင့်၏ sinusoidal တန်ဖိုးကို ရည်ညွှန်းသည်။ ၎င်းကို လေဆာဖိုက်ဘာ၏ ခြားနားသောထောင့်အဖြစ် မှတ်ယူနိုင်သည်။ 0.22 NA သည် ကွဲလွဲသောထောင့် (တစ်ဝက်ထောင့်) 12.5° ခန့်နှင့် 8° ခြားနားသောထောင့်ကိုကိုယ်စားပြုသည့် 0.15 NA ဖြစ်သည်။
A:Box Optronics မှပေးသောလေဆာအားလုံးသည် single laser ၏ဖိုက်ဘာအချိတ်အဆက်မုဒ်ပေါ်တွင်အခြေခံသည်။",3.0,2.0,4.0,4.0,1.0,"The text provides technical information about optical fibers, suitable for introductory physics or engineering education. It explains core concepts like numerical aperture and fiber types. While it is informative and coherent, it is a technical product description rather than a pedagogical resource. The language is natural, though the content is highly specialized."
<urn:uuid:e2240d61-a16b-4170-90e3-d63db66debf0>,"အင်ဂျင်
မော်ဒယ်
ISUZU GH-6HK1X
အမျိုးအစား
ရေဖြင့်အအေးခံစနစ်၊ 4- ဆိုင်ကယ်ဒီဇယ်၊ 6 - ဆလင်ဒါအတန်းလိုက်၊ အီလက်ထရွန်နစ်ထိန်းချုပ်မှု၊ ဖိအားမြင့်မားသောကွန်မွန်းရေဆီပို့စနစ်၊ လေဖြင့်အအေးခံသည့် အင်တာကူလာ၊ တာဘို။ဆလင်ဒါ အရေအတွက်/ အလုပ်စွမ်းအားပမာဏ
ဆလင်ဒါ အရေအတွက်
၆ / ၇.၇၉ လီတာ
အပူစွန့်ထုတ်မှု အဆင့်
အဆင့် 3 / Eu အဆင့် ၃
ဆလင်ဒါအချင်း/ပစ္စတင်ရွေ့လျားနိုင့်သည့်အလျား
၁၁၅ x ၁၂၅ မီလီမီတာ
flywheel မြင်းကောင်ရေအဆင့်သတ်မှတ်ချက်
SAE J 1349, ISO 9249
၁ မိနစ် တွင် အင်ဂျင်အပတ်ရေ ၂၀၀၀ ၊ ၂၀၂ ကီလိုဝပ် / မြင်းကောင်ရေ ၂၇၀
ISO 14396
၁ မိနစ် တွင် အင်ဂျင်အပတ်ရေ ၂၀၀၀ ၊ ၂၁၂ ကီလိုဝပ် / မြင်းကောင်ရေ ၂၈၄
အမြင့်ဆုံး အင်ဂျင်ရုန်းအား
SAE J 1349, ISO 9249
၁ မိနစ် အင်ဂျင်အပတ်ရေ ၁၅၀၀ မှာ ၉၈၉ နယူတန်မီတာ
ISO 14396
၁ မိနစ် အင်ဂျင်အပတ်ရေ ၁၅၀၀ မှာ ၁၀,၂၀ နယူတန်မီတာ
ဟိုက်ဒရောလစ်စနစ်
အဓိကပန့်များ
ထိန်းညှိစနစ်နှင့်အတူ အရွှေ့ ၂ မျိုးပြောင်းနိုင်သော axial ပစ္စတင်ပန့်
အများဆုံး ဆီစီးဆင်းမှု
၁ မိနစ် အင်ဂျင်အပတ်ရေ ၁၈၀၀ ၌ ၂ x ၂၄၃ လီတာ / မိနစ်
အလုပ်လုပ်နေသောလည်ပတ်မှု ဆီဖိအား
ဘွန်း၊အမ်း၊ခွက်
၃၄.၃ မီဂါပါစကယ် - ၃၇.၃ မီဂါပါစကယ် အလိုအလျောက်ပါဝါမြှင့်တင်မှု
ကိုယ်ထည်လှည့်ခြင်း(ဆွင်း)
၃၀.၄ မီဂါပါစကယ်
လမ်းလျှောက်ခြင်း
၃၄.၃ မီဂါပါစကယ်
ပိုင်းလော့ပန့်
၂၇ လီတာ/မိနစ်
အလုပ်လုပ်နေသောလည်ပတ်မှု ဆီဖိအား
၃.၉ မီဂါပါစကယ်
ဘွန်း ဆလင်ဒါများ
အချင်း
၁၄၀ မီလီမီတာ
အလျား
၁၃၆၉ မီလီမီတာ
အမ်းဆလင်ဒါ
အချင်း
၁၅၀ မီလီမီတာ
အလျား
၁၅၆၉ မီလီမီတာ
ဘကက် (ခွက်) ဆလင်ဒါ
အချင်း
၁၃၅ မီလီမီတာ
အလျား
၁၀၇၈ မီလီမီတာ",2.0,1.0,4.0,5.0,2.0,"This is a technical specification sheet for an Isuzu engine and hydraulic system. It provides factual, structured data suitable for vocational training or technical reference. It is clean, well-formatted, and uses natural Burmese technical terminology, though it lacks narrative reasoning or deep cultural context."
<urn:uuid:9f022425-75b8-4724-9a1c-50d076ba12f0>,"ceMySQL.h Cross-platform C++ programming with wxWidgets
Using MySQL Database with C++ on Various Platforms Including ARM Single Board Computers
အဲဒီ အတွက် ဆက်သွယ် အသုံးပြု မယ့် MySQL server မှာ mytest ဆိုတဲ့ database နဲ့၊ အထဲမှာ mytable ဆိုတဲ့ table ကို Figure 1 မှာ ပြထား တဲ့ အတိုင်း MySQL Workbench နဲ့ ဖန်တီး ထားလိုက် ပါမယ်။
အဲဒီ နမူနာ မှာ အသုံးပြု မယ့် ceMySQL ဆိုတဲ့ class module ကို
ceMySQL.h (https://github.com/yan9a/odroid/blob/master/database-mysql/ceMySQL.h) နဲ့
ceMySQL.cpp (https://github.com/yan9a/odroid/blob/master/database-mysql/ceMySQL.cpp)
တို့မှာ ဖော်ပြ ထား ပါတယ်။
ceMySQL ဆိုတဲ့ MySQL Connector C++ class ကို အောက်က လင့်ခ် မှာ ဖော်ပြ ထားတဲ့ wxWidgets နမူနာ ပရိုဂရမ်
wxmysql.cpp (https://github.com/yan9a/odroid/blob/master/database-mysql/wxmysql.cpp)
မှာ အသုံးပြု ပြီး၊ data record တွေကို select, insert, update, delete လုပ်ပြ ထား ပါတယ်။ ပရိုဂရမ် ကို build လုပ်ပြီး၊ run ဖို့ အတွက် command တွေကို wxmysql-bar.sh (Listing 4) မှာ ဖော်ပြ ထား ပါတယ်။
g++ wxmysql.cpp ceMySQL.cpp -std=c++11 \ `wx-config --cxxflags --libs` \ -I /usr/local/mysql/connector-c++-8.0/include \ -L /usr/local/mysql/connector-c++-8.0/lib64 \ -lmysqlcppconn8 -o wxmysql ./wxmysqlListing 4. MySQL Connector C++ wxWidgets ပရိုဂရမ် wxmysql.cpp ကို build လုပ်၍ run ရန် script ဖိုင် wxmysql-bar.sh ။
ပရိုဂရမ် ရဲ့ GUI နဲ့ ရလဒ် ကို Figure 2 မှာ ပြထား ပါတယ်။",3.0,2.0,4.0,4.0,1.0,"The document is a technical tutorial on using MySQL with C++ and wxWidgets. It provides clear, actionable steps and code snippets, making it useful for technical education. It lacks deep reasoning or cultural depth, as it is a standard programming guide. The formatting is clean, though it relies on external links."
<urn:uuid:e05a7e10-bc99-4203-8eb0-71cd1dcedbad>,"||ဤဆောင်းပါးကို အင်္ဂလိပ် ဝီကီပီးဒီးယား ရှိ Algebraic geometry အား တစ်စိတ်တစ်ပိုင်းဖြစ်စေ၊ အလုံးစုံဖြစ်စေ မှီငြမ်း၍ မြန်မာဘာသာသို့ ပြန်ဆိုရန် လိုအပ်နေသေးသည်။


|မြန်မာဘာသာသို့ ပြန်ဆိုခြင်းနှင့် စပ်လျဉ်း၍


|လက်ရှိစာမျက်နှာကို ဂူဂယ်ဘာသာပြန် (Google Translate) သုံး၍ မြန်မာဘာသာသို့ ပြန်ဆိုကြည့်နိုင်သည်။ Algebraic geometry ကိုလည်း ဂူဂယ်ဘာသာပြန် ကြည့်နိုင်သည်။သို့သော် ၎င်းဘာသာပြန်များကို အတည်မယူပါနှင့်၊ အမှားများစွာ ပါလေ့ရှိသောကြောင့်ဖြစ်သည်။ သေချာစိစစ်၍ ကြိုးစားပြုပြင်ပြီးမှ ဘာသာပြန်ရေးသားရန် ဖြစ်သည်။ ဘာသာပြန်ပြီးပါကဤဆောင်းပါး၏ ဆွေးနွေးချက်စာမျက်နှာတွင်


{{Translated page|en|Algebraic geometry}}ဟူ၍ ရေးထည့်ပါ။ ထို့အပြင် ဤ {{Translation incomplete}} တမ်းပလိတ်ကို ဤစာမျက်နှာမှ ဖျက်ပစ်ရန် မမေ့ပါနှင့်။
ဤ တိုလီယာတီ မျက်နှာပြင် (Togliatti surface
) မှာ ဒီဂရီ အဆင့် ငါး ရှိသည့် အက္ခရာသင်္ချာ မျက်နှာပြင် (algebraic surface
) တစ်မျိုး ဖြစ်သည်။ ပုံတွင်ပြထားသည်မှာ ၎င်းမျက်နှာပြင်၏ ကိန်းစစ်လမ်းကြောင်း (real locus
) တစ်စိတ်တစ်ဒေသ ဖြစ်သည်။
အက္ခရာသင်္ချာနည်းကျ ဂျီဩမေတြီ (algebraic geometry) သည် သင်္ချာပညာ၏ ဘာသာရပ်ခွဲတစ်ခုဖြစ်ပြီး ပိုလီနိုမီရယ် ညီမျှခြင်း (polynomial equation) များ၏ ကိန်းရင်းများကို လေ့လာသည့် ဘာသာရပ်အဖြစ် ရှေးယခင်က သတ်မှတ်ခဲ့သည်။ သို့သော် မျက်မှောက်ခေတ် အက္ခရာသင်္ချာ ဂျီဩမေတြီ ဘာသာရပ်မှာမူ ခေတ်သစ် အက္ခရာသင်္ချာ (abstract algebra)၊ အထူးသဖြင့် ပတ်လည်ညီ အက္ခရာသင်္ချာ (commutative algebra)၊ နည်းလမ်းများအပေါ်တွင် ပိုမိုမှီတည်ပြီး၊ ဂျီဩမေတြီ (geometry) အသုံးအနှုန်းများကို အသုံးပြု၍ ဂျီဩမေတြီ ပြဿနာများကို လေ့လာဖြေရှင်းခြင်း ဖြစ်သည်။",3.0,2.0,4.0,2.0,1.0,"The text provides a basic definition of algebraic geometry suitable for introductory learning. It contains significant boilerplate/meta-text regarding Wikipedia translation instructions, which lowers the cleanliness score. The reasoning is descriptive rather than analytical. It is written in natural Burmese but relies heavily on technical English loanwords, which is standard for academic topics in the language."
<urn:uuid:a38f4f37-6b2e-4058-a856-64c2623b6fbb>,"လူများ၏အာရုံစူးစိုက်မှုတစ်ခုအစဉ်အမြဲရှိခဲ့ဖူးသည်၊ prefabricated tank တစ်ခုလုံးသည်အဓိကအား module မ်ား၊ round box module များ၊ ခေါင်မိုး module နှင့် installation ဆက်စပ်ပစ္စည်းများနှင့်အဓိကအားဖြင့်အဓိကအားဖြင့်အမျိုးမျိုးသော modules များအကြား bolt fastening ဖြင့်ဖွဲ့စည်းထားသည်။ prefabricated cabin လေဒဏ်ခံနိုင်မှုနှင့်ခံနိုင်ရည်စွမ်းရည်ကိုဆန်းစစ်ရန်လိုအပ်သည်။ modules အကြားအကောင်းဆုံးနံပါတ်သည် bolt သို့ရောက်ရန်လိုသည်။ bolts ကိုဆက်သွယ်ခြင်းဖြင့် module တစ်ခုစီကိုပိုမိုတည်ငြိမ်စေသည်။
1, အင်အားသုံးခွဲခြမ်းစိတ်ဖြာ
လေအေးပေးစက် ၁၂ လုံးဖြစ်သည့်အချိန်တွင်ကြိုတင်ထုတ်လုပ်ထားသည့်အခန်းသည်ယင်း၏အမြင့်ဆုံးစွမ်းအားရှိသည်။ ထို့ကြောင့်အခြေအနေနှစ်ခုအတွက်ဆန်းစစ်ရန်လိုအပ်သည်။
ပုံမှန်အခြေအနေတွင်ကြိုတင်ထုတ်လုပ်ထားသည့်ကားကိုထရပ်ကားများဖြင့်သယ်ဆောင်သည်။ ဖွဲ့စည်းပုံစိတ်ဖိစီးမှုဆန်းစစ်ချက်အရကားလှည့်သောအခါ precast tank ၏အကြီးမားဆုံးသောဖိစီးမှု၊ စည်းမျဉ်းအရကားသည်အရှိန်မြှင့်လျှင်ကားကီလိုမီတာ ၃၀ ထက်မပိုနိုင်ပါ။ , ဒါကြောင့်တွက်ချက်ခြင်းဖြင့်ဆွဲနိုင်သည်။ precast tank သည်ထောင့်များ၏ပုံသဏ္won'tာန်ကိုပုံပျက်လာအောင်ပြုလုပ်နိုင်သည်၊ သင်ဘေးဘက်အကွက် ၄၈ ခုခန့်ကိုအသုံးပြုရမည်။
တင်းကျပ်သောအကျိုးသက်ရောက်မှုအောင်မြင်ရန်အဆုံးဘောင်ပတ်လည် 12 သော့ခလောက်။
သယ်ယူပို့ဆောင်ရေးလုပ်စဉ်အင်အားအပြင်အသင့်ပြင်ဆင်ထားသောအခန်းသည်အင်အား ၁၂ လေနှင့်ထိတွေ့မှုများစွာရှိသင့်သည်။ အများဆုံးလေတိုက်နှုန်းမှာ ၃၄ ကီလိုမီတာ / တစ်နာရီသို့ရောက်ရှိနိုင်သည်၊ လေကိုအခြေခံအားဖြင့်တစ်ဖက်တွင်စုစည်းထားသော်လည်းလေသည် ဦး တည်ချက်မဟုတ်ပါ။ အမြဲတမ်းအတူတူပင်, ဒါကြောင့်အသီးအသီးအမြင့်ဆုံးစံချိန်စံညွှန်းနှင့်အညီဆွဲထားသင့်ပါတယ်။
တွက်ချက်မှုအပြီးတွင်တစ်ဖက်စီတွင်အနည်းဆုံးသော့ခလောက် ၄၈ ဖြစ်သင့်ပြီး M12 သော့ခလောက်များအသုံးပြုခြင်းကိုပိုမိုကောင်းမွန်အောင်ပြုလုပ်နိုင်သည်။
2. လေခုခံခြင်း simulation
prefabricated module ကိုတိကျသော data တွေကိုရရှိရန်လည်ပတ်သောအခါတွင်လေကိုဆန့်ကျင်။ တွက်ချက်ရန်လိုအပ်သည်။
ကြိုတင်ထုတ်လုပ်ထားသည့်အခန်း၏လေစွမ်းအားနှင့်ဖိအားကိုခံနိုင်ရည်စွမ်းရည်ကိုအဓိကအားဖြင့်ကြိုတင်ထုတ်လုပ်ထားသည့်လေယာဉ်၏လေစွမ်းအားကိုလေ့လာသည်။ Prefabricated cabin ၏လေစွမ်းအားကိုပုံဖော်ခြင်းအားဖြင့် prefabricated cabin ၏ပုံသဏ္formationာန်ကိုရရှိသည်။ ထို့ကြောင့် prefabricated cabin ၏အများဆုံးဖိစီးမှုသည်သံမဏိကိုယ်ထည်တစ်ခုလုံး၏အထွက်နှုန်းထက်လျော့နည်းနိုင်သည်။
တွက်ချက်မှုအရလေ ၀ င်လေအဆင့် 12 ရောက်သောအခါအခန်း၏အများဆုံးစိတ်ဖိစီးမှုသည် ၁၉၈.၈၇MPa သို့ရောက်ရှိနိုင်သည်။ စိတ်ဖိစီးမှုကိုစုစည်းထားသည်၊ ထို့ကြောင့်လေ၏စုစုပေါင်းဖိစီးမှု ၈၀MPa အောက်တွင်ရှိလျှင်ပုံပျက်သောပမာဏသည်နည်းသည်။
3. နိဂုံးခွဲခြမ်းစိတ်ဖြာ
Prefabricated tank connection တပ်ဆင်မှု၏အမျိုးမျိုးသော module များမှတဆင့် modules များအကြားတည်ရှိနေသော bolt ကိုသုံးပြီး compressive စွမ်းရည်သည်တပ်ဆင်ထားသော bolts များကိုထိရောက်စွာတိုးမြှင့်နိုင်သည်။ bearing capacity ကိုတိုးတက်စေရန်သော့ချက်ဖြစ်သည်။ power prefabricated tank ဆောက်လုပ်ရေးလုပ်ငန်းထိန်းချုပ်မှုသည်အလွန်အရေးကြီးသည်။ အထက်ဖော်ပြပါတွက်ချက်မှုကိုအသုံးပြုရန်လိုအပ်သော bolt အရွယ်နှင့်အကွာအဝေးကိုနိဂုံးချုပ်နိုင်သည်။
တိကျစွာတပ်ဆင်မှုလုပ်ဆောင်နိုင်တယ်။
အထက်ပါလေအားခံနိုင်ရည်နှင့်ကြိုတင်ထုတ်လုပ်ထားသည့်အခန်း၏ ၀ န်ဆောင်မှုစွမ်းရည်ကိုအထက်ပါခွဲခြမ်းစိတ်ဖြာမှုအရ prefabricated cabin သည်သယ်ယူပို့ဆောင်ခြင်းနှင့်သယ်ယူပို့ဆောင်ရေးဖြစ်စဉ်များအပြင်လေအင်အားအလွန်အကျွံနှင့်သက်ဆိုင်သောဆုံးရှုံးမှုများကိုအလွန်ပုံပျက်စေလိမ့်မည်မဟုတ်ပါ။ လျှော့ချလိမ့်မည်
post အချိန်: Aprပြီ -19-2021",2.0,3.0,4.0,2.0,1.0,"The text provides technical engineering analysis regarding prefabricated structures. It contains logical steps for stress and wind resistance calculations. However, the Burmese phrasing is awkward, likely due to poor machine translation, which obscures clarity. It lacks cultural context and contains repetitive, slightly broken sentence structures, though the technical content remains discernible."
<urn:uuid:1dcd7aad-b020-464a-b483-032c915d2be3>,"နှစ်ချက်ဘူတာလေဆာဂဟေဆော်ခြင်းစက်
ကုန်ပစ္စည်းအသေးစိတ်
ကုန်ပစ္စည်း Tags:
အသစ်က Flameproof စာရွက်၏စွမ်းအင်ကိုဘက်ထရီလှန် chip ကို, ဝင်ရိုးစွန်း, ပျော့ပျောင်းသော connection ကို welding များအတွက်သင့်လျော်သော။ ဂဟေဆော်ပြီးမြောက်ရန် desktop ပေါ်မှာအလုပ်လုပ်စားပွဲပေါ်မှာလျှော duplex ချမှတ်သည်နို့တိုက်ကျွေးရေး switch ကိုပေါ်ညှပ်ဖို့အတုတင်ဘက်ထရီအဖုံး။
အင်္ဂါရပ်များ:
ထုတ်လုပ်မှုစွမ်းဆောင်ရည်တိုးတက်လာဖို့ synchronous နို့တိုက်ကျွေးခြင်းနှင့်ဂဟေအကြားစားပွဲလျှော·နှစ်ဦးအနေအထား,
·တစ်ခုချင်းစီဘူတာရုံအဆင်ပြေပြေနဲ့ပြောင်းလွယ်ပြင်လွယ် function ကိုအတူအမှန်တကယ်ထုတ်လုပ်မှုလိုအပ်ချက်တွေနဲ့အညီမီးညှပ်အများအပြားအစုံတပ်ဆင်နိုင်သည်
·အဆိုပါမီးညှပ်ထုတ်ကုန်ပေါ်မှအတုနို့တိုက်ကျွေးခြင်းနှင့်လေဆာပုံပျက်သောတားဆီးနှင့်ကုန်ပစ္စည်းများ၏အရည်အသွေးတိုးတက်စေရန်လေဟာနယ်စုတ်ယူခြင်းကိရိယာနှင့်အတူတပ်ဆင်ထားနိုင်ပါတယ်
·အဆိုပါစုံလင်သောပေါင်းစပ် high definition ၏ coaxial ရူပါရုံကို CCD စနစ်နှင့် linear အလင်းအရင်းအမြစ်အာရုံစိုက်စနစ်ဂဟေလိုင်း programming ကိုပိုမိုလွယ်ကူနှင့်ပိုပြီးအဆင်ပြေစေသည်
ကွဲပြားခြားနားသောလိုအပ်ချက်များကို၏လိုအပ်ချက်များကိုဖြည့်ဖြည့်ဆည်းဖို့· Optional ထုံးစံလုပ်ကရိယာ,
ထုတ်ကုန်အရည်အသွေးတိုးတက်စေရန်· Optional CCD ဒင်္ positioning ကို module စနစ်က
ထုတ်လုပ်မှုစွမ်းဆောင်ရည်တိုးတက်ကောင်းမွန်ရေးတို့အတွက်ပေါင်းစုံဘူတာရုံဂဟေ mode နဲ့အထက်နဲ့အောက်ပစ္စည်းများအတွက်အလိုအလျောက်စက်ရုပ်အသိဉာဏ်ဘူတာရုံမှ· Optional အဆင့်မြှင့်,
|စစ်ဆင်ရေး mode ကို||စားပွဲပေါ်မှာလျှောနှစျခုအနေအထား|
|လေဆာပါဝါ||1000w / 2000w / 4000w / 6000w 可选配 Optional|
|လေဆာလှိုင်းအလျား||1070nm|
|
|
operating ဖိုင်ဘာ core ကိုအချင်း
|50 အွမ်, 100 အွမ်, 200 အွမ်可选配 Optional|
|(BPP) အနိမ့်ရောင်ခြည်အရည်အသွေးကို||1.1 မီလီမီတာ * mrad (50 အွမ်)|
|
|
worktable ၏လေဖြတ်
|X / Y / Z ကိုဝင်ရိုး, 500mm / 150mm / 150mm;
|
Y1 / Y1axis, 300mm / 300mm;
(စိတ်ကြိုက်နိုငျသညျ)
|
|
တစ်ဦးချင်းစီရိုးတံ၏ထပ်ခါတစ်လဲလဲ positioning ကိုတိကျမှန်ကန်မှု
|± 0.02mm|
|တည်နေရာရည်မှန်း||
|
အနီရောင်အလင်းနှင့် coaxial ရူပါရုံကို CCD စနစ်က
|လေဟာနယ်ထိစိမ့်||ချိန်ညှိဖိအား|
|
|
ယေဘုယျအားရှုထောင့်
|1140mmx1240mmx1830mm|
|စက်အသားတင်အလေးချိန်||650kg အကြောင်း|",1.0,1.0,4.0,2.0,1.0,"The document is a technical product specification sheet for industrial laser welding equipment. It contains specialized terminology and technical data, requiring professional knowledge to comprehend. The text suffers from poor machine-translation quality, resulting in awkward phrasing and broken formatting, though the core technical information remains discernible."
<urn:uuid:8a1b242c-c2e4-4595-b779-b8aa11d97cf1>,"သာမိုပလတ်စတစ် အီလက်စတိုမာ SIS HEXAS EL-9220
ထုတ်ကုန်အသေးစိတ်
ထုတ်ကုန် Tags
ထုတ်ကုန်မိတ်ဆက်
သာမိုပလတ်စတစ် ရာဘာအမှုန့်များ ပျားရည် အရောင်ခြယ်ထားသည်။သာမိုပလတ်စတစ်ရာဘာများသည် သာမိုပလပ်စတစ်နှင့် အီလက်စတိုမာဂုဏ်သတ္တိများပါရှိသည့် ပစ္စည်းများပါ၀င်သော ပိုလီမာများ (သို့) ရူပဗေဒဆိုင်ရာ ရောစပ်ထားသော ပိုလီမာအမျိုးအစားတစ်ခုဖြစ်သည်။အီလက်စတိုမာအများစုသည် သာမိုဆက်ဆက်များဖြစ်သော်လည်း၊ ဥပမာအားဖြင့်၊ ဆေးထိုးပုံသွင်းခြင်းဖြင့် ထုတ်လုပ်မှုတွင် အသုံးပြုရလွယ်ကူသော သာမိုပလတ်စတစ်များနှင့် ဆန့်ကျင်ဘက်ဖြစ်သည်။Thermoplastic elastomers များသည် ရော်ဘာပစ္စည်းများနှင့် ပလတ်စတစ်ပစ္စည်းများနှစ်ခုလုံး၏ အားသာချက်များကိုပြသသည်။သာမိုပလပ်စတစ် အီလက်စတိုမာများ အသုံးပြုခြင်း၏ အကျိုးကျေးဇူးမှာ အလယ်အလတ် ရှည်လျားမှုကို ဆန့်ထုတ်နိုင်စွမ်းရှိပြီး ၎င်း၏ မူရင်းပုံသဏ္ဍာန်သို့ ပြန်သွားနိုင်သည့် စွမ်းရည်မှာ အခြားပစ္စည်းများထက် ပိုမိုရှည်လျားပြီး ပိုမိုကောင်းမွန်သော ရုပ်ပိုင်းဆိုင်ရာ အကွာအဝေးကို ဖန်တီးပေးခြင်း ဖြစ်သည်။သာမိုဆက်တ် အီလက်စတိုမာများနှင့် သာမိုပလပ်စတစ် အီလက်စတိုမာများကြား အဓိက ကွာခြားချက်မှာ ၎င်းတို့၏ တည်ဆောက်ပုံများတွင် ချိတ်ဆက်ထားသော ချည်နှောင်မှု အမျိုးအစားဖြစ်သည်။တကယ်တော့၊ crosslinking သည် မြင့်မားသော elastic ဂုဏ်သတ္တိများကို ပေးစွမ်းနိုင်သော အရေးကြီးသော structural factor တစ်ခုဖြစ်သည်။
လျှောက်လွှာ
ဖိအားအထိခိုက်မခံသောကော်များ၊ ဆီးပိတ်များ၊ လမ်းအမှတ်အသားဆေးများ၊ Bitumen ပြုပြင်မွမ်းမံမှု၊ ရေစိုခံအမြှေးပါးကော်၊ တစ်ကိုယ်ရေသန့်ရှင်းမှုကော်။
သတ်မှတ်ချက်များ
|စမ်းသပ်ပစ္စည်းများ||ယူနစ်||အရောင်း Specification ပါဝင်ပါသည်။|
|Polystyrene ပါဝင်မှု||wt%||၂၃ မှ ၂၇|
|Di-block အကြောင်းအရာ||Di-block အကြောင်းအရာ||၂၃ မှ ၂၇|
|အရည်ပျော်နှုန်း||g/10 မိနစ်||8.5 မှ 13.5 ထိ|
|ဆန့်နိုင်အား||Mpa||≥5.0|
|Break at Elongation||%||≥750|
|ဖြေရှင်းချက် Vicosity||mPa.s||≤1200|
|မတည်ငြိမ်သောကိစ္စ||Wt%||≤0.7|
|ပြာ||Wt%||≤0.7|
ရိုးရိုးတန်ဖိုး
|စမ်းသပ်ပစ္စည်းများ||ယူနစ်||အရောင်း Specification ပါဝင်ပါသည်။|
|Polystyrene ပါဝင်မှု||wt%||24|
|Di-block အကြောင်းအရာ||Di-block အကြောင်းအရာ||၂၆.၈၂|
|အရည်ပျော်နှုန်း||g/10 မိနစ်||10|
|ဆန့်နိုင်အား||Mpa||10|
|Break at Elongation||%||၁၀၀၀|
|ဖြေရှင်းချက် Vicosity||mPa.s||၄၆၅|
|မတည်ငြိမ်သောကိစ္စ||Wt%||၀.၅|
|ပြာ||Wt%||၀.၂|
|Mn(SIS)||-||၈၄၀၀၀|
|Mn (SI)||-||၃၈၀၀၀|
စည်းမျဉ်း/ အမျိုးအစားများ
CAS နံပါတ် 25038-32-8
Package နှင့် Supply
သိုလှောင်မှု
အမှတ်တံဆိပ်ထောက်ခံချက်
တံဆိပ်
EL9126၊ EL9270၊ EL9270D၊ EL9470၊ EL9220၊ EL9220D၊ EL9370",2.0,1.0,4.0,3.0,1.0,"The document is a technical product specification sheet for industrial polymers. It provides basic definitions and technical data tables. While it lacks deep reasoning or broad educational value, it is professionally written for a technical audience. It is clean, though it contains some boilerplate product tags and formatting typical of a commercial catalog."
<urn:uuid:7137b66e-7049-48a5-9c29-f9636e44b767>,"16 အလွှာ ENIG Fit Hole PCB ကိုနှိပ်ပါ။
ထုတ်ကုန်အသေးစိတ်
Via-In-Pad PCB အကြောင်း
Via-In-Pad PCB များသည် ယေဘူယျအားဖြင့် မျက်မမြင်အပေါက်များဖြစ်ပြီး၊ အတွင်းအလွှာ သို့မဟုတ် HDI PCB ၏နောက်ထပ်အပြင်ဘက်အလွှာကို အပြင်အလွှာနှင့် ချိတ်ဆက်ရန်အတွက် အဓိကအားဖြင့် အီလက်ထရွန်နစ်ထုတ်ကုန်များ၏ လျှပ်စစ်စွမ်းဆောင်ရည်နှင့် ယုံကြည်စိတ်ချရမှုကို မြှင့်တင်ရန်အတွက် အချက်ပြကို အတိုချုံးရန်၊ သွယ်တန်းထားသောဝါယာကြိုး၊ သွယ်တန်းထားသော inductive reactance နှင့် capacitive reactance အပြင် အတွင်းနှင့် ပြင်ပ လျှပ်စစ်သံလိုက်ဝင်ရောက်စွက်ဖက်မှုကို လျှော့ချပါ။
ဆောင်ရန်အသုံးပြုသည်။PCB လုပ်ငန်းတွင် ပလပ်ပေါက်များ၏ အဓိကပြဿနာမှာ ပလပ်ပေါက်များမှ ဆီယိုစိမ့်ခြင်းဖြစ်ပြီး၊ စက်မှုလုပ်ငန်းတွင် အမြဲရှိနေသော ရောဂါတစ်ခုဟု ဆိုနိုင်ပါသည်။၎င်းသည် PCB ၏ထုတ်လုပ်မှုအရည်အသွေး၊ ပေးပို့ချိန်နှင့် ထိရောက်မှုကို ပြင်းထန်စွာထိခိုက်စေပါသည်။လက်ရှိတွင်၊ အဆင့်မြင့်သိပ်သည်းသော PCB အများစုတွင် ဤပုံစံဒီဇိုင်းမျိုးရှိသည်။ထို့ကြောင့် PCB လုပ်ငန်းသည် ပလပ်ပေါက်များမှ ဆီယိုစိမ့်မှုပြဿနာကို အရေးပေါ်ဖြေရှင်းရန် လိုအပ်ပါသည်။
Pad Plug Hole မှတဆင့် ဆီထုတ်လွှတ်ခြင်း၏ အဓိကအကြောင်းရင်းများ
ပလပ်ပေါက်နှင့် pad အကြားအကွာအဝေး- ပလပ်ပေါက်အပေါက်မှလွဲ၍ အမှန်တကယ် PCB ဆန့်ကျင်ရေးဂဟေထုတ်လုပ်ခြင်းလုပ်ငန်းစဉ်တွင် လွတ်မြောက်ရန် လွယ်ကူသည်။အခြားပလပ်ပေါက်နှင့် ပြတင်းပေါက်အကွာအဝေးသည် 0.1 မီလီမီတာ 4mil ထက်နည်းသည်) နှင့် ပလပ်ပေါက်နှင့် ဂဟေဆော်သည့် ပြတင်းပေါက် tangential၊ လမ်းဆုံပန်းကန်သည် ဆီယိုစိမ့်မှုကို ကုသပြီးနောက်တွင် တည်ရှိရန် လွယ်ကူပါသည်။
PCB အထူနှင့် အလင်းဝင်ပေါက်- ပန်းကန်ပြားအထူနှင့် အလင်းဝင်ပေါက်သည် ဆီထုတ်လွှတ်မှု ဒီဂရီနှင့် အချိုးအစားနှင့် အပြုသဘော ဆက်စပ်နေပါသည်။
Parallelic film design- Via-In-Pad PCB သို့မဟုတ် အပေါက်ငယ်သည် pad ကိုဖြတ်သောအခါ၊ parallelic film သည် ယေဘုယျအားဖြင့် ပြတင်းပေါက်အနေအထားရှိ အလင်းပို့လွှတ်မှုအမှတ်ကို ဒီဇိုင်းထုတ်လိမ့်မည် (အပေါက်အတွင်းမှင်ကို ထင်ရှားစေရန်) ""မင်ကိုရှောင်ရန်၊ တီထွင်နေစဉ်အတွင်း pad အတွင်းသို့ စိမ့်ဝင်သွားသော်လည်း light transmittance design သည် exposure ၏အကျိုးသက်ရောက်မှုကိုရရှိရန် သေးငယ်လွန်းပြီး light transmittance point သည် offset ကိုအလွယ်တကူဖြစ်စေရန်အတွက် ကြီးမားလွန်းပါသည်။PAD တွင် အစိမ်းရောင်ဆီများ ထုတ်လုပ်သည်။
ကုသခြင်းအခြေအနေများ- ရုပ်ရှင်သို့ Via-In-Pad PCB ၏ အလင်းဝင်ပေါက်အမှတ်၏ ဒီဇိုင်းသည် အပေါက်ထက် သေးငယ်သင့်သောကြောင့်၊ အပေါက်အတွင်းရှိ မင်၏အစိတ်အပိုင်းသည် အလင်းနှင့်မထိတွေ့သောအခါ အလင်းနှင့်မထိတွေ့သည့်အခါ ရောင်ပြန်ဟပ်သည့်အမှတ်ထက် ပိုကြီးပါသည်။မှင်ကို ဤနေရာတွင် ကုသရန်အတွက် မှင်ကို ကုသရန်အတွက် ယေဘုယျအားဖြင့် reverse exposure သို့မဟုတ် UV တစ်ကြိမ် လိုအပ်ပြီးနောက် မှင်သည် ဓါတ်မတည့်သော ကုသခြင်းမဟုတ်ပေ။သန့်စင်ပြီးနောက် အပေါက်အတွင်းရှိ မှင်များ၏ အပူရှိန်ချဲ့ထွင်ခြင်းကို ကာကွယ်ရန် အပေါက်၏ မျက်နှာပြင်ပေါ်တွင် ကာထားသော ဖလင်အလွှာကို ဖွဲ့စည်းထားသည်။ချက်ပြုတ်ပြီးနောက်၊ နိမ့်သောအပူချိန်အပိုင်း၏အချိန်ပိုကြာလေနှင့်နိမ့်သောအပူချိန်အပိုင်း၏အပူချိန်နိမ့်လေ၊ ဆီထုတ်လွှတ်မှုအချိုးအစားနှင့်ဒီဂရီသေးငယ်လေ;
ပလပ်ထိုးမှင်- မှင်ဖော်မြူလာထုတ်လုပ်သူ အမျိုးမျိုးသော မှင်ဖော်မြူလာ၏ မတူညီသော အရည်အသွေးအကျိုးသက်ရောက်မှုမှာလည်း အချို့သော ခြားနားချက်တစ်ခုရှိသည်။",2.0,3.0,4.0,3.0,1.0,"The text provides technical information about PCB manufacturing, specifically Via-In-Pad processes. It is informative for professionals or students in electronics engineering. The language is natural Burmese, though the content is highly specialized and technical. It suffers from some formatting issues and repetitive phrasing typical of machine-translated technical documentation."
<urn:uuid:243f036a-40f3-4e5e-ab42-372e33edd885>,"ပြည်ဝင်ခွင့်ပိတ်ခံရတဲ့ မစ္စလီနဲ့ ဘီဘီစီ မေးမြန်းခန်း
မြန်မာနိုင်ငံရဲ့ လူ့အခွင့်အရေး အခြေအနေတွေကို လေ့လာပြီး အစီရင်ခံစာ တင်သွင်းဖို့ ကုလသမဂ္ဂ ကနေ အထူးကိုယ်စားလှယ် အဖြစ် ခန့်အပ်ထားတဲ့ ၊ မစ္စ ယန်ဟီးလီးကို မြန်မာ အစိုးရက ပြည်ဝင်ခွင့် ပိတ်လိုက်ပါတယ်။
မစ္စယန်ဟီးလီးဟာ တာဝန် ဝတ္တရားတွေကို ဆောင်ရွက်ရာမှာ ဘက်လိုက်မှု ကင်းပြီး၊ ဓမ္မဓိဌာန် ကျနရမယ် ဆိုတဲ့ အခြေခံမူကနေ သွေဖီ နေတဲ့ အတွက် ကြောင့်လို့ မြန်မာ အစိုးရဘက်က အကြောင်းပြ ပါတယ်။
ရိုဟင်ဂျာတွေ အပေါ် မြန်မာ အာဏာပိုင်တွေ ပြုမူပုံတွေနဲ့ ပတ်သက်ပြီး သူတင်သွင်းတဲ့ အစီရင်ခံစာတွေထဲ အကြီးအကျယ် ဝေဖန်ခဲ့တဲ့ မစ္စယန်ဟီးလီးကို သူ့ရဲ့ လူ့အခွင့်အရေးဆိုင်ရာ အထူးကိုယ်စားလှယ် အဖြစ် ကျန်ရှိနေတဲ့ သက်တမ်းမှာ ဆက်လက် ပူးပေါင်းဆောင်ရွက်တာတွေ မလုပ်တော့ဖို့ မြန်မာ အာဏာပိုင်တွေ ဆုံးဖြတ် လိုက်တာ ဖြစ်ပါတယ်။
လာမယ့် ဇန်နဝါရီလထဲမှာပဲ မြန်မာပြည်ကို နောက်တစ်ကြိမ်လာဖို့ စီစဉ်ထားတဲ့ မစ္စယန်ဟီးလီး အနေနဲ့ အခုလို မြန်မာအစိုးရက ပြည်ဝင်ခွင့် မပေးတော့တဲ့ အပေါ် ဘယ်လို သဘောထား အမြင်တွေ ရှိနေပါသလဲ။ ဘီဘီစီက မစ္စယန်ဟီးလီးကို ဆက်သွယ် မေးမြန်း ထားပါတယ်။
ဘီဘီစီ။ ။ အခု မြန်မာအစိုးရက မစ်ယန်ဟီးလီကို မြန်မာနိုင်ငံကို လာရောက်ခွင့် ပိတ်ပင်လိုက်တာနဲ့ ပတ်သက်ပြီး မြန်မာဘက်က ဘာများပြောကြားခဲ့ပါလဲ။
မစ္စယန်ဟီးလီး။ ။ အစိုးရက ကျမရဲ့ လုပ်ပိုင်ခွင့်တွေ အပေါ် ပူးပေါင်း ဆောင်ရွက်မှု တွေ ဆက်မလုပ်ဖို့ ဆုံးဖြတ် လိုက်ပါတယ်။ သူတို့ဟာ ကျမ နေရာမှာ နောက်တာ၀န်ယူမယ့် သူနဲ့တော့ ပူးပေါင်း ဆောင်ရွက်မှုတွေ လုပ်ပါလိမ့်မယ်။
မြန်မာ အာဏာပိုင်တွေဟာ ကျမရဲ့ ဇူလိုင်လ ခရီးစဉ် အပြီး အစီရင်ခံစာ အပေါ် မကျေမနပ်ဖြစ်ခဲ့တာပါ။ ဒါကလည်း သိပ်ပြီးတော့ အံ့သြစရာတော့ မဟုတ်ပါဘူး။
ကျမခရီးစဉ်အပြီး ပါလီမန် အစည်း အဝေးမှာ သူတို့ က တရားမျှတမှု မရှိဘူး။ ဘက်လိုက်မှု ရှိတယ်ဆိုပြီး ဆုံးဖြတ်ကာ ကျမကို ရှုတ်ချခဲ့တာပါ။ ပြီးခဲ့တဲ့ သီတင်းပတ် နှစ်ပတ်ကပဲ မြန်မာနိုင်ငံရဲ့ ကုလသမဂ္ဂ ဆိုင်ရာ ကိုယ်စားလှယ်က မြန်မာနိုင်ငံဟာ ကုလသမဂ္ဂ နဲ့ ပူးပေါင်း ဆောင်ရွက်မှုတွေ ဆက်လုပ်နေကြောင်း ပြောခဲ့ပါသေးတယ်။
ဘီဘီစီ။ ။ အခုလို မစ္စယန်ဟီလီကို ပိတ်ပင် လိုက်တဲ့ ဒီဆုံးဖြတ်ချက်ကို မြန်မာဘက်က ဘယ်သူက တာဝန်ယူ ချမှတ်တယ်လို့ ထင်လဲဗျ။
မစ္စယန်ဟီးလီး။ ။ ကျမ အနေနဲ့ကတော့ မြန်မာအစိုးရပေါ့။ အစိုးရ ခေါင်းဆောင်ပိုင်းပေါ့။ မြန်မာ နိုင်ငံမှာ က အစိုးရ ၂ မျိုး ရှိနေတယ်လို့ မြင်ရတယ်။ စစ်တပ်ရယ် အရပ်သား အစိုးရရယ်။ စစ်တပ်က အဓိက အားဖြင့် လုံခြုံရေး အပိုင်းတွေမှာ အာဏာယူထား တုန်းပါ။
ရခိုင်ဒေသဆိုရင် စစ်တပ်က လုံခြုံရေး အထူးမြှင့်ထားတဲ့ နေရာပေါ့။ နောက်ပြီး စစ်တပ်က ကျမနဲ့ ပူးပေါင်း ဆောင်ရွက်မှုတွေ မလုပ်ချင်ကြဘူး။ ဒါပေမယ့် ရခိုင်ဒေသ တခုတည်း မြန်မာ နိုင်ငံမှာ အခြေအနေ မတည်မငြိမ ဖြစ်နေတာ ဟုတ်ပါဘူး။ နိုင်ငံမြောက်ပိုင်းက ကချင်ဒေသနဲ့ ရှမ်းမြောင်ပိုင်းမှာလည်း တိုက်ပွဲတွေ တိုးလာနေပြီး၊ နိုင်ငံတွင်း ထွက်ပြေား တိမ်းရှောင်နေသူတွေ များလာနေတယ်။
ဘီဘီစီ။ ။ ဒေါ်အောင်ဆန်းစုကြည်အနေနဲ့ အခု ဆုံးဖြတ်ချက် အပေါ် ပြန်ပီး စဉ်းစားဆောင်ရွက်တာမျိုး လုပ်စေချင်သလား။ ခင်ဗျာအနေနဲ့ မြန်မာနိုင်ငံကို ပြန်သွားပြီး လုပ်ငန်းတွေ ဆောင်ရွက်လို့ ရအောင်ပေါ့။
မစ္စယန်ဟီးလီး။ ။ ဟုတ်ကဲ့။ အဲလို လုပ်ပေးဖို့ ရိုးသားစွာ မျှော်လင့် ပါတယ်။ ကျမ ခရီးစဉ်အတွက် အစိုးရ အနေနဲ့ ပြန်စဉ်းစားပေးဖို့ကိုပါ။ မြန်မာ နိုင်ငံဟာ စစ်အစိုးရ အုပ်ချုပ်မှု အောက်မှာ နှစ်ပေါင်းများစွာ ဖိနှိပ်မှုတွေနဲ့ နေခဲ့ရပြီး အခုမှ ရောင်ခြည်သန်းတဲ့ အချိန်၊ လွတ်လပ်ခွင့်တွေရှိတဲ့ ဒီမိုကရေစီ နိုင်ငံဖြစ်ဖို့ မြန်မာ ပြည်သူတွေရော နိုင်ငံတကာ ကပါမျှော်လင့်ချက် အများကြီး ရှိလာနေတဲ့ အချိန်ပါ။
အခု ဆုံးဖြတ်ချက်က လူ့အခွင့် အရေး စောင့်ကြည့်တာတွေကို ပိတ်ချ ပစ်လိုက် တာပဲ။ ကုလသမဂ္ဂ လူခွင့် အရေး ကောင်စီ ကနေ ဖွဲ့ပေးထားတဲ့ အချက် အလက် ရှာဖွေရေးအဖွဲ့ ကိုလည်း ခုအချိန် အထိ လက်မခံသေးသလို၊ ကုလသမဂ္ဂရဲ့ ဆုံးဖြတ်ချက်ကို မြန်မာ အစိုးရက အပြင်း အထန်ကို ကန့်ကွက် ဆန့်ကျင် ခဲ့တာပါ။ အခုဆုံးဖြတ်ချက်ကိုတော့ ကျမအနေနဲ့ အရမ်းကို စိတ်ပျက်ပြီး၊ အရမ်းလည်း စိတ်မကောင်း ဖြစ်မိပါတယ်။",3.0,3.0,3.0,5.0,4.0,"The text is a well-structured, professional interview transcript regarding international relations and human rights in Myanmar. It provides clear, coherent information suitable for educational purposes. The reasoning is logical, reflecting a balanced journalistic approach. It uses natural, authentic Burmese phrasing and terminology, accurately capturing the political context of the time."
<urn:uuid:42729087-c18c-489d-bbd0-d9e5c7badbdf>,"၀ါတြင္းကာလဟာ ကြ်န္ုပ္တုိ ့နွလုံးသားနဲ ့လုပ္ေဆာင္မႈေတြမွာ အမ်ိဳးမ်ိဳးေသာ ရုပ္၀ါဒကုိးကြယ္မႈမ်ားမွ ဖယ္ရွားပစ္ဘုိ ့ပုပ္ဖရန္စစ္ၿမြက္ၾကား
၀ါတြင္းကာလ တတိယ အပတ္တနဂၤေႏြေန ့မွာ ပုပ္ရဟန္းမင္းၾကီးဖရန္စစ္ အရွင္သူၿမတ္က အခုလုိၿမြက္ၾကားခဲ့ပါတယ္။ ဒီေန ့က်မ္းစာရဲ့ ေထာက္ရႈခ်က္အရ ကုန္သြယ္ေဖာက္ကား သူေတြနဲ ့ ေငြေၾကးအလဲအလွယ္လုပ္ေနသူေတြကုိ သခင္ေယဇူးက ဗိမာန္ေတာ္ထဲကေန နွင္ထုတ္တဲ့ အေၾကာင္း မွာ ပုဂၢိဳလ္ေရးရာ အက်ိဳး အၿမတ္အတြက္ ေမွ်ာ္ကုိးေနထုိင္ၾကဘုိ ့မဟုတ္ပဲ ခ်စ္ၿခင္းေမတၱာၿဖစ္တဲ့ ဘုရားရွင္ရဲ့ ဘုန္းတန္ခုိးအတြက္ ရွင္သန္ေနထုိင္ၾကဘုိ ့ သတင္းေကာင္းပါ၀င္ပါတယ္လုိ ့စိန္ပီတာရင္ၿပင္ေတာ္မွာ ကမၻာတလႊားက ဘုရားဖူးခရီးသည္မ်ားကိုိ ေၿပာၾကားလုိက္ပါတယ္။ သခင္ေယဇူးရဲ့ လုပ္ရပ္ဟာ မိမိတုိ ့ရဲ့ ကုိယ္က်ိဳးစီးပြား ကုိ ေၿခာက္တြန္းခံရတယ္လုိ ့ခံစားရတဲ့ ဘာသာေရး ဆုိင္ရာ အာဏာရွိသူေတြရဲ့ ေဒါသကုိ နႈိးဆြလုိက္ၿပီး ဒီလုပ္ရပ္အတြက္ ဘယ္လုိ အမွတ္လကၡဏာၿပနုိင္သလဲလုိ ့ ဂ်ဴးေတြက သခင္ေယဇူးကုိ ေမးခြန္းထုတ္ခဲ့တာကုိ ေတြ ့ရပါလိမ့္မယ္။ ဒီဗိမာန္ေတာ္ကုိ ဖ်က္ဆီးလုိက္ပါ။ ၃ ရက္အတြင္း မွာၿပန္လည္ တည္ေဆာက္မယ္ ဆုိတဲ့ သခင္ေယဇူးရဲ့ စကားဟာ သူ ့ခႏၶာေတာ္ ကုိ ရည္ညႊန္းၿပီး ေမတၱာတရားရဲ့ ၾကည္ညိဳသဒၵါ ၀တ္ၿပဳမႈ အသက္ေပးတဲ့ အသစ္ေသာ ကုိးကြယ္ဆည္းကပ္မႈနဲ ့ သူကုိယ္တုိင္က ဗိမာန္ေတာ္ၿဖစ္ပါတယ္။ ဒီကေန ့မွာ ကြ်န္ုပ္တုိ ့ဟာ ဘုရားရွင္ကိန္းေအာင္း တဲ့ ၀ိညာဥ္ အႏၱရာယ္ေခ်ာက္ကမ္းပါးထဲ မက်ေရာက္ဘုိ ့ေရွာင္ရွားတဲ့အခါ၊ ေစ်းသည္ အရပ္လုိ အက်ိဳးစီးပြားရွိဘုိ ့သာ ရွာၾကံေမွ်ာ္ကုိး ေနၾကသူေတြ အၿဖစ္နဲ ့မဟုတ္ပဲ၊ ရက္ေရာမႈနဲ ့ေဖးမကူညီမႈတုိ ့က ကူညီပါလိမ့္မယ္။ ဒီသြန္သင္ခ်က္ဟာ ဘာသာ သာသနာအတြင္းက လူမ်ားသာမဟုတ္ပဲ ပုဂၢိဳလ္တစ္ဦးခ်င္းစီနဲ ့ အရပ္ဖက္ အဖြဲ ့အစည္း ေတြ အားလုံးအတြက္ လည္း အၿမဲ သင့္တင့္ေလ်ာက္ပတ္ပါတယ္။ အမွန္တကယ္ပဲ ကရုဏာေရးလုပ္ငန္းကုိ ဗန္းၿပၿပီး မိမိတုိ ့ရဲ့ ကုိယ္ပုိင္ အက်ိဳးအၿမတ္ ရလဒ္အတြက္ လုိအပ္သလုိ စီမံလႈပ္ရွားေနၾကတာဟာ လုပ္ရုိးလုပ္စဥ္ တစ္ခုညၿဖစ္လုိ ့ေနပါၿပီ။ ဒါဟာ အႏၱရာယ္တြင္းထဲ သက္ဆင္း ေနတာပါပဲ။ အထူးသၿဖင့္ ဘုရားကုိယ္တုိင္က သူ ့ကုိ အရုိအေသ ေပး၀တ္ၿပဳ ကုိးကြယ္ဘုိ ့သူ ့ရဲ့ ေရႊပုံသ႑ာန္ နဲ ့ထပ္တူ ဖန္ဆင္းခံထားရတဲ့ သူေတြဟာ ေခါင္းပုံၿဖတ္ ခံေနရတာ ၿဖစ္ပါတယ္။ ဒီ၀ါတြင္းကာလမွာ ကြ်န္ု္ပ္တုိ ့ရဲ့ ဘ၀ အရွင္သခင္ အၿဖစ္ အသိအမွတ္ၿပဳနုိင္ဘုိ ့ ရုပ္၀ါဒ ကုိးကြယ္မႈေတြကုိ ကြ်န္ုပ္တုိ ့နွလုံးသားနဲ ့လုပ္ေဆာင္မႈမ်ားမွ ဖယ္ရွားပစ္နုိ္င္ဘုိ ့ကြ်န္ု္ပ္တုိ ့ကူညီမစပါလုိ ့ဆုေတာင္းရင္း အရွင္သူၿမတ္ ပုပ္ဖရန္စစ္က ၄င္းရဲ့ ၾသ၀ါဒကုိ အဆုံးသတ္ခဲ့တာၿဖစ္ပါေၾကာင္း ဗာတီကန္ သတင္းအရ သိရွိရပါတယ္။
RVA-Myanmar/ Vatican News
Sr.Perpetua Nyein Nyein Loo, SJA (Cyprus)",3.0,3.0,3.0,4.0,4.0,"The text provides a clear, coherent summary of a religious sermon by Pope Francis, suitable for educational reflection. It uses logical progression to explain the theological message. The language is natural and culturally appropriate for the Burmese Catholic community, though it contains some minor formatting artifacts typical of news wire translations."
<urn:uuid:b85ba8bf-0761-4a63-88f1-226ba5966aec>,"အယ်လ် (အက္ခရာ)
|အခြေခံ လက်တင်အက္ခရာ|
|Aa||Bb||Cc||Dd|
|Ee||Ff||Gg||Hh|
|Ii||Jj||Kk||Ll||Mm||Nn|
|Oo||Pp||Rr||Ss||Tt|
|Uu||Vv||Ww||Xx||Yy||Zz|
L သည် လက်တင်ဘာသာ၊ အင်္ဂလိပ်အက္ခရာစဉ်တွင် ၁၂လုံးမြောက် အက္ခရာဖြစ်၍ (/ˈɛl/; named el, rarely ell)ဟု အသံထွက်ပါသည်။
သမိုင်း[ပြင်ဆင်ရန်]
အောက်ပါ ဇယားသည် ဤသင်္ကေတ ဆင်းသက်လာပုံဖြစ်သည်။
|အီဂျစ်အရုပ်စာသင်္ကေတ
||Proto-Semitic


lamd
|Phoenician


lamedhh
|ဩပ်ရုစကမ်


L
|ဂရိ


lambda


အသံထွက်ကိစ္စ[ပြင်ဆင်ရန်]
L တွင် အကြောင်းအချို့ရှိပြီး ၎င်းတို့မှာ သရအက္ခရာပြီးမှ သို့မဟုတ် သရအက္ခရာ မတိုင်ခင် ၎င်းတို့ ဖြစ်ပွားမှု ပေါ်မူတည်သည်။ သင့်တင့်ဘေးတိုက်သွားရင်းဗျည်း(ထိုအသံကို အိုင်ပီအေ က အသုံးပြုပြီး [l]အက္ခရာအသေးကို ကိုယ်စားပြုဖော်ပြသည်။) သည် lip(နှုတ်ခမ်း)၊ နှင့် please(ကျေးဇူးပြုပါ)ကဲ့သို့သော စကားလုံးများတွင် သရက္ခရာတစ်ခုမတိုင်ခင် ဖြစ်ပွားပြီး အာခေါင်ပျော့ သင့်တင့်ဘေးတိုက်သွားရင်းဗျည်းသည် bell နှင့် milk ကဲ့သို့သောစကားလုံးများတွင် မူကား သရအက္ခရာပြီးမှ ဖြစ်ပေါ်သည်။ ထို့ပြင် ဂျပန်လူမျိုးများနှင့် အချို့သော တောင်ပိုင်းသား ဒေသိယစကားပြောသော တရုတ်လူမျိုးများအတွက် L သည် ကြီးမားသော ဘာသာစကား အရေအသွေးကွဲပြားမှု သို့မဟုတ် ကင်းမဲ့မှု တို့ကြောင့် L သည် ခက်ခဲ့သော အသံထွက်မှုကို ပြုလုပ်သည့်အကြောင်းအရင်းတစ်ခုလည်းဖြစ်သော်လည်း အာခေါင်ပျော့ဒုတိယသံ ပြုလုပ်ခြင်းသည် L အသုံးပြုသော ဥရောပ ဘာသာစကားများတွင် မဖြစ်ပွားချေ။
အင်္ဂလိပ်ဘာသာရှိ မည်သည့် ရုန်းပွင်သံ၊ ပွတ်တိုက်ဗျည်းသံ၊ နှင့် ၎င်းတို့နှစ်ခုပေါင်းထားသော ရုန်းပွင့်ပွတ်တိုက်ဗျည်း မတိုင်မီတွင် L ဖြစ်ပွားနိုင်သည်။ အင်္ဂလိပ်ဘာသာတွင် သာမန်တစ်သံတည်းထွက်အောင် တွဲထားသော အက္ခရာတစ်ခုတွင် LL ပါဝင်သည်။ ထိုအက္ခရာသည် L ၏အသံတန်ဖိုး ပါဝင်သည်ကိုတွေ့ရသည်။ သို့သော် ထို Lသည် အသံမဲ့ သင့်တင် ဘေးတိုက်သွားရင်ဗျည်းသံအဖြစ် ဝေးလ်ချ်ဘာသာတွင် ခွဲခြားထားပြီး အစအနေအထား နေရာတွင် ပြသနိုင်သည်ကို တွေ့ရသည်။
သင့်တင့်ဘေးတိုက်အာခေါင်းရင်းသံ သို့မဟုတ် ပလတယ်ကို ဘာသာစကား အတော်များများတွင် ဖြစ်ပေါ်သည် တွေ့ရပြီး အီတာလျံဘာသာတွင် GL၊ ပြင်သစ်ဘာသာနှင့် ကာတလန်ဘာသာတွင် LL အဖြစ်လည်းကောင်း၊ ပေါ်တူဂီနိုင်ငံတွင် LH အဖြစ်လည်းကောင်း၊ Ļ အဖြစ် လတ်ဗီယန်နိုင်ငံကလည်းကောင်း ကိုယ်စားပြု ဖော်ပြကြလေသည်။ အင်္ဂလိပ်ဘာသာတွင်၊ walk သို့မဟုတ် could ကဲ့သို့သော စကားစုများ(၎င်း၏မျက်မှောက်ကာလတွင် အခြားစာလုံးများ၏အသံများ ကိုလည်း ပြုပြင်မွမ်းမံသည်။ ဥပမာ-wakသည် back ကဲ့သို့ အသံထွက်ပိုမိုနီးစပ်စွာ အသံထွက်သည်။)တွင် L သံ ပျောက်နေတတ်သည် သို့မဟုတ် မထွက်ချေ။
အသုံးပြုမှုများ[ပြင်ဆင်ရန်]
ကွန်ပျူတာတွင် L သည် (1)နှင့် တစ်ခါတရံ မှားယွင်းတတ်ပါသည်။ ၎င်း၏ ကွန်ပျူတာ ကုဒ်အမှတ်မှာ U+2113 ဖြစ်သည်။ တစ်ခါတရံတွင် L အား လက်ရေးဖြင့် ℓ အဖြစ် ရေးသား၍ သင်္ချာဘာသာရပ်တွင် အသုံးပြုသည်ကို တွေ့ရသည်။ ASCII ကုဒ်အတွက် အက္ခရာအကြီးအား ၇၆ အဖြစ်ထား၍ အက္ခရာအငယ်အား ၁၀၈ အဖြစ်ထားရှိသည်။
|NATO phonetic||မောရ်စ်၏ သင်္ကေတ|
|Lima|
|အချက်ပြအလံ||Flag semaphore||မျက်မမြင် သင်္ကေတ|",3.0,2.0,3.0,2.0,1.0,"The document provides educational information about the letter 'L', including history and phonetics. It is structured like a Wikipedia entry, containing some boilerplate and formatting artifacts. The reasoning is basic, explaining phonetic variations. It is written in Burmese but relies heavily on translating technical linguistic concepts, making it less culturally nuanced."
<urn:uuid:c5c3b45b-f179-4d04-93e3-dcc297355513>,"စက္တင္ဘာလ ၁၁ ရက္ေန႔ က လစ္ဗ်ားႏိုင္ငံရွိ အေမရိကန္ ေကာင္စစ္ဝန္ရုံး တိုက္ခိုက္ခံရမႈကို သမၼတအိုဘားမားအစိုးရ ရဲ့ ကနဦးေဖာ္ျပခ်က္နဲ႕ ပါတ္သက္ျပီး စီအိုင္ေအ အၾကီးအကဲေဟာင္း David Petraeus ကို ေအာက္လႊတ္ေတာ္ နဲ႔ ဆီးနိတ္လႊတ္ေတာ္ေကာ္မတီ တို႔က စစ္ေဆးခဲ႔ၾကပါတယ္။
ဒီဘန္ဂါဇီ (Benghazi) တိုက္ခိုက္မႈမွာ အၾကမ္းဖက္သမားေတြ ပါဝင္တယ္ဆိုတာ သူအစကတည္းက ယူဆခဲ႔ေၾကာင္း Petraeus က ထြက္ဆိုခဲ႔တယ္လို႔ ေထာက္လွမ္းေရးေကာ္မတီဝင္ အမတ္ေတြက ဆိုပါတယ္။ ဒါေပမယ္႔ Petraeus အေနနဲ႕ အဲ႔ဒီအျဖစ္အပ်က္ကို ပထမဦးဆုံး ဘယ္လို ေဖာ္ျပခဲ႔သလဲ ဆိုတာကို ေမးျမန္းခဲ႔တယ္လို႔ ႏိုင္ငံေတာ္လံုျခဳံေရး ေကာ္မတီဥကၠဌ Peter King ကဆိုပါတယ္။
တိုက္ခိုက္ခံရျပီးမၾကာခင္ ဒါဟာအၾကမ္းဖက္သမားေတြရဲ့ လက္ခ်က္ျဖစ္ေၾကာင္း Petraeus က ေျပာတယ္ ဆိုတာ သူမမွတ္မိဘူးလို႔လည္း မစၥတာ King ကဆိုပါတယ္။ သမၼတအိုဘားမားအစိုးရ အေနနဲ႕ ႏိုဝင္ဘာ ၆ရက္ ေရြးေကာက္ပြဲမတိုင္ခင္ ကသိကေအာက္ မျဖစ္ေစခ်င္လို႔ အျဖစ္မွန္ကို ဖုန္းကြယ္ထားခဲ႔သလားဆိုျပီးေတာ့ ေမးခြန္းထုတ္ေနၾကတာ ျဖစ္ပါတယ္။
ဒီဘန္ဂါဇီ (Benghazi) တိုက္ခိုက္မႈမွာ အၾကမ္းဖက္သမားေတြ ပါဝင္တယ္ဆိုတာ သူအစကတည္းက ယူဆခဲ႔ေၾကာင္း Petraeus က ထြက္ဆိုခဲ႔တယ္လို႔ ေထာက္လွမ္းေရးေကာ္မတီဝင္ အမတ္ေတြက ဆိုပါတယ္။ ဒါေပမယ္႔ Petraeus အေနနဲ႕ အဲ႔ဒီအျဖစ္အပ်က္ကို ပထမဦးဆုံး ဘယ္လို ေဖာ္ျပခဲ႔သလဲ ဆိုတာကို ေမးျမန္းခဲ႔တယ္လို႔ ႏိုင္ငံေတာ္လံုျခဳံေရး ေကာ္မတီဥကၠဌ Peter King ကဆိုပါတယ္။
တိုက္ခိုက္ခံရျပီးမၾကာခင္ ဒါဟာအၾကမ္းဖက္သမားေတြရဲ့ လက္ခ်က္ျဖစ္ေၾကာင္း Petraeus က ေျပာတယ္ ဆိုတာ သူမမွတ္မိဘူးလို႔လည္း မစၥတာ King ကဆိုပါတယ္။ သမၼတအိုဘားမားအစိုးရ အေနနဲ႕ ႏိုဝင္ဘာ ၆ရက္ ေရြးေကာက္ပြဲမတိုင္ခင္ ကသိကေအာက္ မျဖစ္ေစခ်င္လို႔ အျဖစ္မွန္ကို ဖုန္းကြယ္ထားခဲ႔သလားဆိုျပီးေတာ့ ေမးခြန္းထုတ္ေနၾကတာ ျဖစ္ပါတယ္။",2.0,2.0,3.0,2.0,3.0,"The text provides a factual summary of a political event, suitable for general knowledge. It contains repetitive paragraphs, which lowers the cleanliness score. The language is natural Burmese, reflecting standard journalistic reporting, though the content is a translation of international news rather than a local cultural artifact."
<urn:uuid:24dd12c4-f34f-4422-93d6-cb49d086dc1b>,"တမ်းပလိတ်:နိုင်ငံ စာရင်းအင်း ကွန်ဂိုဒီမိုကရက်တစ်သမ္မတနိုင်ငံ
Template:နိုင်ငံ စာရင်းအင်း ကွန်ဂိုဒီမိုကရက်တစ်သမ္မတနိုင်ငံ is an internal data container not intended to be transcluded directly. It is used indirectly by templates such as
flag,
flagicon, and others.
Standard parameters
|ပါရာမီတာ အမည်||Value||အဓိပ္ပါယ်|
|
||အဓိက ဆောင်းပါးအမည် (ကွန်ဂိုဒီမိုကရက်တစ်သမ္မတနိုင်ငံ)|
|
||
||(optional) အကယ်၍
|
|
||
||ပုံအမည် (File:Flag of the Democratic Republic of the Congo.svg၊ ညာဖက်တွင် ပြထားသည်။)|
အလံအမျိုးအစားကွဲများ
ပြန်ညွှန်းအမည်ပွားများဤတမ်းပလိတ်ကို အမည်ပွား alias မှတဆင့်လည်း အသုံးပြုနိုင်သည်။:
|Alias name|
|ကွန်ဂိုဒီမိုကရက်တစ်သမ္မတ||ကွန်ဂိုဒီမိုကရက်တစ်သမ္မတ|
|ကွန်ဂိုဒီမိုကရက်တစ်သမ္မတ||ကွန်ဂိုဒီမိုကရက်တစ်သမ္မတ|
|ကွန်ဂိုဒီမိုကရက်တစ်သမ္မတ||ကွန်ဂိုဒီမိုကရက်တစ်သမ္မတ|
|ကွန်ဂိုဒီမိုကရက်တစ်သမ္မတ||ကွန်ဂိုဒီမိုကရက်တစ်သမ္မတ|
ပြန်ညွှန်းစာရင်း အပြည့်အစုံအတွက် ဘယ်ကလင့်ခ်ထားလဲ ကို ကြည့်ပါ။
အသုံးပြုပုံ နမူနာ
{{flag|ကွန်ဂိုဒီမိုကရက်တစ်သမ္မတနိုင်ငံ}}→ ကွန်ဂိုဒီမိုကရက်တစ်သမ္မတ
{{flagicon|ကွန်ဂိုဒီမိုကရက်တစ်သမ္မတနိုင်ငံ}}→
{{flagcountry|ကွန်ဂိုဒီမိုကရက်တစ်သမ္မတနိုင်ငံ}}→ ကွန်ဂိုဒီမိုကရက်တစ်သမ္မတ
အလံကွဲများ အသုံးပြုခြင်း
{{flag|ကွန်ဂိုဒီမိုကရက်တစ်သမ္မတနိုင်ငံ|1960}}→ ကွန်ဂိုဒီမိုကရက်တစ်သမ္မတ
{{flagicon|ကွန်ဂိုဒီမိုကရက်တစ်သမ္မတနိုင်ငံ|1960}}→
ပြန်ညွှန်း အမည်ပွား အသုံးပြုခြင်း
{{flagicon|COD}}→
{{flagcountry|COD}}→ ကွန်ဂိုဒီမိုကရက်တစ်သမ္မတ
{{flag|COD}}→ ကွန်ဂိုဒီမိုကရက်တစ်သမ္မတ
ဆက်စပ် တမ်းပလိတ်များ
အောက်ပါ ဆက်စပ်
country_data တမ်းပလိတ်များကို ကြည့်ပါ။:
- Template:နိုင်ငံ စာရင်းအင်း Zaireတမ်းပလိတ်:နိုင်ငံ စာရင်းအင်း Zaire
- Template:နိုင်ငံ စာရင်းအင်း Belgian Congoတမ်းပလိတ်:နိုင်ငံ စာရင်းအင်း Belgian Congo
- Template:နိုင်ငံ စာရင်းအင်း Congo Free Stateတမ်းပလိတ်:နိုင်ငံ စာရင်းအင်း Congo Free State
တမ်းပလိတ် အချက်အလက်များ
နိုင်ငံ စာရင်းအင်း ကွန်ဂိုဒီမိုကရက်တစ်သမ္မတနိုင်ငံ
ဤတမ်းပလိတ်သည် တိုက်ရိုက်အသုံးပြုရန် မဟုတ်ပါ။ အလံတမ်းပလိတ်များဖြစ်သော Template:Flag, Template:Flagicon စသည်တို့မှ ဆွဲယူအသုံးပြုရန် ဖြစ်သည်။
|ပါရာမီတာ||ဖော်ပြချက်||အမျိုးအစား||အခြေအနေ|
|No parameters specified|
|ဤသည်မှာ Template:နိုင်ငံ စာရင်းအင်း ကွန်ဂိုဒီမိုကရက်တစ်သမ္မတနိုင်ငံ ၏ တမ်းပလိတ် အသုံးပြုနည်း လက်စွဲစာတမ်း ဖြစ်သည်။ ယင်းကို Template:Country showdata မှ အလိုအလျောက် တွက်ထုတ်ပေးထားခြင်း ဖြစ်သည်။|
ဤတမ်းပလိတ်ကို ပြင်ဆင်မှု ပြုလုပ်ပြီးတိုင်း ကျေးဇူးပြု၍ ။
ကဏ္ဍများကို တမ်းပလိတ်၏ /doc စာမျက်နှာခွဲတွင် ထည့်သွင်းပါ။",1.0,1.0,3.0,1.0,1.0,"The document is a technical template documentation page from Wikipedia. It provides instructions for editors on how to use data templates for flags. It lacks educational narrative, complex reasoning, or deep cultural nuance, and contains significant boilerplate and structural noise typical of machine-generated wiki documentation."
<urn:uuid:52b057ec-459c-4c38-83eb-2e3c868a9f9e>,"ေမာ္ေတာ္ယာဥ္ဥပေဒပါ ျပဌာန္းခ်က္မ်ားအားျပန္လည္ျပင္ဆင္သြားရန္ MAMDA (Myanmar Automobile Manufacturers And Distributors Association) အဖြဲ႔မွတင္ျပထား
ထုိသို႔ ေမာ္ေတာ္ယာဥ္ ဥပေဒပါ ျပဌာန္းခ်က္မ်ားကို ျပင္ဆင္ရာတြင္ အခန္း ၆ မွာပါဝင္သည့္ ေမာ္ေတာ္ယာဥ္တင္သြင္းထုတ္လုပ္ျဖန္႔ျဖဴးေရာင္းခ်ျခင္းအခ်က္မ်ား အခန္း ၁၃ တြင္ ပါဝင္သည့္ လက္ယာကပ္ေမာင္းစနစ္ႏွင့္ ကိုက္ညီသည့္ ဘယ္ေမာင္းယာဥ္မ်ားတြင္သြင္းရန္ အခ်က္ကို အခ်ိန္ကာလ တစ္ခုသတ္မွတ္ေပးရန္တင္ျပေတာင္းဆိုထားေၾကာင္းသိရသည္။
ေမာ္ေတာ္ယာဥ္ဥပေဒကို ၂၀၁၅ ခုႏွစ္ စက္တင္ဘာလကတည္းက ျပည္ေထာင္စုလႊတ္ေတာ္မွ တရားဝင္အတည္ျပဳထုတ္ျပန္ခဲ့ျပီး ေနာက္ထပ္ နည္းဥပေဒထြက္ရွိရန္မွာလည္းၾကားျမင့္ေနျပီျဖစ္ရာ ယခုအခါေမာ္ေတာ္ယာဥ္ဥပေဒကိုျပင္ဆင္ႏိုင္ရန္အတြက္ ေဆြးေႏြးလွ်က္ရွိေၾကာင္းသိရသည္။
Latest News
သြင္းကုန္လိုင္စင္ေဖာ္ျပခ်က္၊သြင္းကုန္ေၾကျငာလႊာတြင္ေဖာ္ျပထားသည့္အမ်ိဴ းအစား ႏွင့္ မ််က္ျမင္စစ္ေဆးျခင္း ကြဲလြဲတာကို Type လြဲ...Read more »
ထရပ္ႏွင့္ လုိက္ထရပ္ကားမ်ား လက္က်န္အင္ဂ်င္မ်ားကို စက္မႉဇုန္ အျဖစ္ထုုတ္လုပ္မည္ျဖစ္ရာ ရန္ကုန္လိုင္စင္ျဖင့္...Read more »
Brand name ကြဲလြဲသည့္ Original Equipment manufacture (OEM) စနစ္ျဖင့္ တင္သြင္းေသာကားမ်ားကို မတ္လ ၁၁ ရက္ေန႔မွစ၍ သိမ္းဆည္း...Read more »
၂၀၁၄ ေမာ္ဒယ္ျဖင့္တင္သြင္းထားသည့္ကားမ်ားကို စလစ္မကပ္ဘဲ ကနဦးမွတ္ပံုတင္ျပဳလုပ္ေပးရန္ တင္ျပေတာင္းဆိုထား႐ွိတယ္လို႔...Read more »",2.0,1.0,3.0,2.0,4.0,"The text provides factual information about automotive regulations in Myanmar, relevant to industry stakeholders. It lacks deep reasoning or educational structure. It contains some boilerplate 'Read more' links and fragmented news snippets, but the core content is written in natural, professional Burmese, reflecting local regulatory and industry context."
<urn:uuid:ee597e78-ee16-4e0e-9cc5-d6eb3ff3e5d2>,"၀ ျပည္ ေသြးစည္း ညီညြတ္ေရး တပ္မေတာ္က (UWSA) ကို စစ္လက္နက္ ပစၥည္းမ်ား ေရာင္းခ် ေပးခဲ့သည္ဆိုေသာ စြပ္စြဲခ်က္မ်ား မဟုတ္မမွန္ေၾကာင္း ျမန္မာႏိုင္ငံအေျခစိုက္ တ႐ုတ္သံ႐ုံးက ျငင္းဆိုသည္။
တနဂၤေႏြေန႕က ထုတ္ျပန္ေသာ ေၾကညာခ်က္တြင္ တ႐ုတ္တို႕အေနျဖင့္ ျမန္မာစစ္တပ္ကိုသာမက ကခ်င္၊ ရွမ္းႏွင့္ ဝ တပ္ဖြဲ႕မ်ားသို႕လည္း လက္နက္ေရာင္းခ်ေနသည္ဟူေသာ စြပ္စြဲေျပာဆိုခ်က္မ်ားသည္ “အေျခအျမစ္မရွိ” ဟု ေရးသားထားသည္။
ယင္းထုတ္ျပန္ေၾကညာခ်က္သည္ ယမန္ႏွစ္ ႏွစ္လည္ပိုင္းက တ႐ုတ္လုပ္ PTL02 ဘီးတပ္တင့္ကားမ်ား UWSA က ရရွိခဲ့ေၾကာင္း ဒီဇင္ဘာလအတြင္း ထုတ္ေဝခဲ့ေသာ စစ္ဘက္ေရးရာ မဂၢဇင္း “ဂ်ိန္းစ္ ေထာက္လွမ္းေရး အစီရင္ခံစာ” Jane’s Intelligence Review ၏ သတင္းေရးသားခ်က္ကို ရည္ၫႊန္းျခင္းျဖစ္သည္။ ဂ်ိန္းစ္၏ သတင္းေပးပို႕ခ်က္တြင္ ယင္းလက္နက္ပစၥည္းမ်ားကို တရားဝင္ မဟုတ္ေသာ တဆင့္ခံ ေစ်းကြက္မွ ေရာင္းဝယ္ခဲ့ျခင္းဟု ဆိုသည္။
တ႐ုတ္သံ႐ုံး၏ ထုတ္ျပန္ေၾကညာခ်က္တြင္မူ “တ႐ုတ္ အစိုးရအေနျဖင့္ ျမန္မာႏိုင္ငံ၏ နယ္ေျမပိုင္ဆိုင္မႈႏွင့္ အခ်ဳပ္အျခာ အာဏာကို ေလးစားအသိအမွတ္ျပဳသည့္ ရွင္းလင္းျပီး တသမတ္တည္းျဖစ္ေသာ မူဝါဒကို လက္ကိုင္ထား” ပါေၾကာင္းႏွင့္ ဂ်ိန္းစ္၏ သတင္းသည္ “ျမန္မာလူထုႏွင့္ က်ယ္ျပန္႕ေသာ ပရိႆတ္မ်ားအတြက္ မွားယြင္းစြာ နားလည္လက္ခံျခင္းႏွင့္ ႐ႈတ္ေထြးျခင္းတို႕ကို ျဖစ္ေစႏိုင္သည္” ဟု တုန္႕ျပန္ေရးသားထားသည္။
ယခု အျငင္းပြားမႈမွာ တ႐ုတ္-ျမန္မာ နယ္စပ္တြင္ ကခ်င္လြတ္လပ္ေရးတပ္ (KIA) ႏွင့္ ျမန္မာတပ္မ်ား အျပန္အလွန္ တိုက္ခိုက္မႈမ်ား ျဖစ္ပြားခ်ိန္ႏွင့္လည္း တိုက္ဆိုင္ေနျပီး ႏွစ္ဘက္စလုံးကလည္း တ႐ုတ္လုပ္ စစ္လက္နက္ပစၥည္းမ်ား တစိတ္တပိုင္း သုံးစြဲေနသည္။
UWSA ႏွင့္ နီးစပ္သူမ်ားကလည္း အကယ္၍ KIA ဌာနခ်ဳပ္ က်ျပီးလွ်င္ ျမန္မာစစ္တပ္အေနျဖင့္ “ဝ” တပ္မ်ားထံ ျမႇားဦးလွည့္လာမည္ကို စိုးရိမ္ေၾကာင္း ေျပာၾကသည္။
ျပီးခဲ့သည့္အပတ္ ေသာႀကၤာေန႕တြင္ ျပဳလုပ္ေသာ ပံုမွန္သတင္းစာ ရွင္းလင္းပြဲတြင္ တ႐ုတ္ႏိုင္ငံျခားေရးဝန္ၾကီးဌာန ေျပာေရးဆိုခြင့္ရွိသူက တ႐ုတ္က KIA ကို လက္နက္ မေထာက္ပံ့ေၾကာင္း ေျပာဆိုသည္။
“တ႐ုတ္ဘက္က ၾကားဝင္ညိႇႏိႈင္းေပးတာ၊ စကားဝိုင္းေတြကို ကမကထ လုပ္ေပးတာေတြနဲ႕ ျမန္မာျပည္ ေျမာက္ပိုင္းက ပဋိပကၡကို အျပဳသေဘာ ပါဝင္ေဆာင္ရြက္ပါတယ္” ဟု မစၥတာ ဟံုလီက ေျပာဆိုခဲ့သည္။
ဇန္နဝါရီ ၁၈ ရက္ကလည္း တ႐ုတ္အထူးသံ ဖူယင္းႏွင့္ တ႐ုတ္စစ္တပ္ ကိုယ္စားလွယ္ တဖြဲ႕ သမၼတ ဦးသိန္းစိန္ႏွင့္ ရန္ကုန္တြင္ ေတြ႕ဆံုျပီး ကခ်င္ပဋိပကၡအေၾကာင္း ေျပာဆိုၾကေသာ္လည္း အေျဖရွာမရခဲ့ၾကေပ။",2.0,2.0,3.0,5.0,4.0,"The text is a journalistic report on geopolitical tensions and arms allegations. It provides factual context about regional conflicts and diplomatic stances. It is well-structured, uses natural Burmese, and requires a basic understanding of current affairs, making it informative but not strictly educational or highly complex."
<urn:uuid:6397a567-b1a7-44f4-942c-90ad8fd2bf19>,"မြန်မာနိုင်ငံ ရဲတပ်ဖွဲ့
မြန်မာနိုင်ငံ ရဲတပ်ဖွဲ့ ရဲချုပ် မှာ ဇော်ဝင်း ဖြစ်သည်။ဒုတိယရဲချုပ်မှာ ရဲမှူးချုပ်ဇော်ဝင်း ဖြစ်ပြီး လက်အောက်ခံတပ်ဖွဲ့နှင့် အကြီးအကဲများမှာ- ရဲဦးစီးအရာရှိချုပ် ရဲမှူးချုပ် ခင်မောင်စီ၊ ရဲရေးချုပ် ရဲမှူးချုပ် စိုးဝင်းမြင့်၊ ရဲထောက်ချုပ် ရဲမှူးချုပ်ဝင်းစိုး၊ ရဲတပ်ရင်းများကွပ်ကဲရေးမှူး ရဲမှူးချုပ်သန်းဟန် သတင်းတပ်ဖွဲ့ တပ်ဖွဲ့မှူး ရဲမှူးချုပ် မြင့်သိန်း ၊စည်ပင်သာယာရေးတပ်ဖွဲ့ တပ်ဖွဲ့မှူး ရဲမှူးချုပ်ဝင်းကြည်၊ မှုခင်းတပ်ဖွဲ့ တပ်ဖွဲ့မှူး ရဲမှူးချုပ် ခင်မောင်၊ရဲဗဟိုလေ့ကျင့်ရေးကျောင်း ကျောင်းအုပ်ကြီးရဲမှူးချုပ်သိန်းတင့်ဖြစ်သည်။ ပြည်နယ်နှင့် တိုင်ဒေသကြီးရဲတပ်ဖွဲ့မှူး များမှာ - ရဲမှူးကြီးအောင်နိုင်သူ(ရန်ကုန်)၊ ရဲမှူးကြီးအောင်ထွဋ်(မန္တလေး)၊ ရဲမှူးကြီးဘကြည်(မကွေး)၊ ရဲမှူးကြီးသိန်းကြည်(ပဲခူး)၊ ရဲမှူးကြီးမျိုးဆွေဝင်း(ပဲခူး အနောက်)၊ ရဲမှူးကြီးညွန့်ဝင်း(တနသာၤရီ)၊ ရဲမှူးကြီးမောင်မောင်လွင်(ကချင်)၊ ရဲမှူးကြီး မောင်မောင်(ကယား)၊ ရဲမှူးကြီးဆယ်မောင်(ကရင်)၊ ရဲမှူးကြီးမြင့်တိုး(ချင်း)၊ ရဲမှူးကြီးတင်မောင်(မွန်)၊ ရဲမှူးကြီး အောင်ဒိုင်း(ရခိုင်)၊ ရဲမှူးကြီးဝင်းနိုင်(ရှမ်း တောင်ပိုင်း)၊ ရဲမှူးကြီးစန်းလွင်(ရှမ်း မြောက်ပိုင်း)၊ ရဲမှူးကြီးဝင်းကြည်(ရှမ်း အရှေ့ပိုင်း)တို့ ဖြစ်သည်။
မြန်မာနိုင်ငံရဲတပ်ဖွဲ့နောက်ခံသမိုင်းကြောင်း[ပြင်ဆင်ရန်]
ဗြိတိသျှတို့သည် ၁၈၈၇ အောက်တိုဘာလ ၂၈ တွင် ကျေးရွာအက်ဥပဒေကို ပြဌာန်းခဲ့ပြီး ကျေးရွာပုလိပ်အဖွဲ့ကို စတင်ဖွဲ့စည်းခဲ့သည်။ ၁၈၈၉တွင် ရန်ကုန်ပုလိပ်အက်ဥပဒေကိုပြဌာန်းပြီး ရန်ကုန်ပုလိပ်အဖွဲ့(Rangoon city Police) ကိုခွဲထုတ်ဖွဲ့စည်းခဲ့ရာ ပုလိပ်အဖွဲ့ ၊ မြို့ပြပုလိပ်အဖွဲ့၊ ရန်ကုန်မြို့တော်ပုလိပ်အဖွဲ့၊တို့ ပေါ်ပေါက်လာသည်။ ၁၉၃၇တွင် Home rule(ကိုယ်ပိုင်အုပ်ချုပ်ရေး)ကာလတွင် ပုလိပ်အဖွဲ့ကို ပြန်လည်ဖွဲ့စည်းခဲ့ပြီး ပုလိပ်မင်းကြီးတစ်ဦးမှအုပ်ချုပ်သော သာမန်ပုလိပ်နှင့် စစ်ဘက်အရာရှိကြီးတစ်ဦးမှ အုပ်ချုပ်သော စစ်ပုလိပ်ဆိုပြီး ၂မျိုး ခွဲထုတ်ခဲ့ပါသည်။ မြန်မာနိုင်ငံ လွတ်လပ်ရေးရပြီးနောက်ပိုင်း လက်နက်ကိုင်ပုလိပ်တပ်ဖွဲ့များအား ပြည်ထောင်စုစစ်ရဲတပ်(Union Military Police - UMP) အဖြစ်ပေါင်းစည်းဖွဲ့ခဲ့ပါသည်။တပ်ရင်းပေါင်း ၂၁ရင်းရှိပြီး နယ်ခြားစောင့်နှင့် ပြည်တွင်းလုံခြုံရေးတပ် ဟုဖွဲ့စည်းခဲ့သည်။ ၁၉၅၄တွင် အပြည်ပြည်ဆိုင်ရာရဲတပ်ဖွဲ့(အင်တာပိုလ်)သို့ ဝင်ရောက်ခဲ့သည်။ ၁၉၆၀ ဧပြီလ ၁၇က်နေ့တွင် ပြည်ထောင်စုစစ်ရဲကို ပြည်စောင့်ရဲ(Union Constabulary)ဟု ပြင်ဆင်ခဲ့သည်။ ၁၉၆၄အောက်တိုဘာ ၁ တွင် ပြည်သူ့ရဲတပ်ဖွဲ့(People's Police Force) အမည်ဖြင့် အောက်ပါအတိုင်းပြန်လည်ဖွဲ့စည်းခဲ့သည်။
- ပြည်သူ့ရဲတပ်ဖွဲ့ဌာနချုပ်
- ပြည်နယ်/တိုင်း ပြည်သူ့ရဲတပ်ဖွဲ့များ
- ခရိုင်ရဲတပ်ဖွဲ့များ
- ပြည်သူ့ရဲတပ်ဖွဲ့စခန်းများနှင့် ကင်းစခန်းများ
- အထူးသတင်းထောက်လှမ်းရေးတပ်ဖွဲ့ခွဲ(သတင်းတပ်ဖွဲ့)
- မှုခင်းစုံစမ်းရေးတပ်ဖွဲ့ခွဲ(မှုခင်းတပ်ဖွဲ့)
- မီးရထား ရဲတပ်ဖွဲ့(ရထားတပ်ဖွဲ့)
- အထူးတပ်ဖွဲ့များ တို့ဖြစ်ပါသည်။
၁၉၉၅ စက်တင်ဘာ၁၃ ရက်နေ့တွင် နိုင်ငံတော်ငြိမ်ဝပ်ပိပြားမှုတည်ဆောက်ရေးအဖွဲ့မှ အမိန့်အမှတ် ၁/၉၅ ကိုထုတ်ပြန်ကာ မြန်မာနိုင်ငံရဲတပ်ဖွဲ့ (Myanmar Police Force) ဟု အမည်ပြောင်းလဲခဲ့ပြီး နှစ်စဉ် အောက်တိုဘာလ ၁ရက်နေ့ကို မြန်မာနိုင်ငံရဲတပ်ဖွဲ့နေ့ဟု သတ်မှတ်ခဲ့သည်။ ယခုအခါ မြန်နိုင်ငံရဲတပ်ဖွဲ့၏ ရဲချုပ်မှာ ပြည်ထဲရေးဝန်ကြီးဌာန ဒုတိယဝန်ကြီး ရဲချုပ် ကျော်ကျော်ထွန်း ဖြစ်ပါသည်။
လက်ရှိဖွဲ့စည်းထားသော အဖွဲ့အစည်းများ[ပြင်ဆင်ရန်]
၎င်း၏ လက်အောက်ရှိ ရဲတပ်ရင်း များမှာ-
- ရဲတပ်ရင်း (၁)
- ရဲတပ်ရင်း (၂)
- ရဲတပ်ရင်း (၃)
- ရဲတပ်ရင်း (၄)
- ရဲတပ်ရင်း (၅)
- ရဲတပ်ရင်း (၆)
- ရဲတပ်ရင်း (၇)
- ရဲတပ်ရင်း (၈)
ထို့အပြင်အခြားလက်အောက်ခံအဖွဲ့များမှာ-
- အရံရဲတပ်ဖွဲ့တို့ဖြစ်သည်။
ရဲတပ်ဖွဲ့၏ အင်တာနက် စာမျက်နှာမှာ http://www.myanmarpoliceforce.org/ ဖြစ်ပြီး ဖေ့စ်ဘုတ် လူမှုကွန်ရက်မှာ http://www.facebook.com/pages/%E1%80%9B%E1%80%B2%E1%80%87%E1%80%AC%E1%80%94%E1%80%8A%E1%80%B9/463287083724096?ref=ts&fref=ts ဖြစ်သည်။",3.0,1.0,3.0,3.0,4.0,"The text provides factual historical and organizational information about the Myanmar Police Force. It is informative but lacks deep analysis or complex reasoning. It is written in natural Burmese with appropriate terminology, though it contains some boilerplate wiki-style formatting and outdated information, which slightly impacts its cleanliness score."
<urn:uuid:a915a46e-94d5-400e-a2f3-c17675b7423e>,"CFN2525C အပူချိန်နိမ့်ဆန်စက်
output: 7000 ~ 8000 ကီလိုဂရမ် / h ပါဝါ: 55 + 3 kw;
လေပမာဏ – ၃၆၀၀ မှ ၄၂၀၀ m3 / h၊ လေဒဏ်ခံနိုင်မှု – 1500 ~ 2000 Pa;
အရွယ်အစား: 2106 × 1000 × 2108 မီလီမီတာ;
မူပိုင်ခွင့်ရှိသောနည်းပညာနှစ်ခုဖြင့်ဒီဇိုင်းလုပ်ပြီးထုတ်လုပ်ထားသည့်မော်တာ၊ ခြေထောက်ငယ်၊ ကြီးမားသောထုတ်လုပ်မှု၊ လှပသောအသွင်အပြင်၊ ခိုင်ခံ့သောလေမှုန်ရေမွှားနှင့်တံခါးပိတ်တံခါးပိတ်လေလေနည်းပညာတို့ဖြင့်ထုတ်လုပ်ထားသောစက်ဖြူကြိတ်ခွဲခန်းကိုထိုးဖောက်သောလေထုပမာဏသည်သမားရိုးကျဆန်စက်များထက် ၂.၅ ဆကျော်ပိုများသည်။ ဆန်အပူချိန်မြင့်တက်မှုကိုနှိမ်နင်းရန်မြေပြင်၊ တက်ကြွသောဆန်ဆန်ကိုရရှိရန် ၀ င်ပေါက်နှင့်ထွက်ပေါက်လေစုတ်ယူခြင်းစက်များ၊ စက်တွင်ဆန်အပူချိန်နိမ့်ခြင်း၊ ဖွဲနုပါဝင်မှုနည်းခြင်းနှင့်အပိုင်းအစများတိုးခြင်း၊ ကောင်းမွန်သောစီးဆင်းမှုကိုညှိနှိုင်းခြင်း၊ အဖြူရောင်ကြိတ်စက်၏ထူးခြားသောအလှည့်ဒီဇိုင်း၊ ဆန်ဆန်နှင့်အဆင်ပြေလွယ်ကူသောအစားထိုးခြင်း၊ ထူးခြားသောနှစ်ဆ roller ဘေးချင်းယှဉ်။ ဒီဇိုင်း၊ တစ်ပြိုင်နက်တည်းကျွေးမွေးခြင်း၊
—- ၂၀၀၅ ခုနှစ်အမျိုးသားစိုက်ပျိုးရေးသိပ္ပံနှင့်နည်းပညာအောင်မြင်မှုတိုးချဲ့စီမံကိန်း
CFN1818C အပူချိန်နိမ့်ဆန်စက်
output: 5000 ~ 6000 ကီလိုဂရမ် / h ပါဝါ: 37 + 3, 45 + 3kw;
လေပမာဏ – ၂၈၀၀ ~ ၃၅၀၀ m3 / h; လေဒဏ်ခံနိုင်မှု – 1500 ~ 2000 Pa;
အရွယ်အစား: 2000 × 1000 × 2068 မီလီမီတာ;
ဒီဇိုင်းနှင့်ထုတ်လုပ်ထားသောမူပိုင်ခွင့်နည်းပညာနှစ်ခုဖြင့်တည်ဆောက်ထားသောမော်တာ၊ ခြေထောက်သေးငယ်ခြင်း၊ လှပသောအသွင်အပြင်၊ ခိုင်မာသည့်လေမှုန်ရေမွှားနှင့်တံခါးပိတ်တံခါးပိတ်လေလေနည်းပညာတို့ဖြင့်ဖြူကြိတ်ခွဲခန်းကိုထိုးဖောက်သောလေထုပမာဏသည်ဆန်ဆန်ကိုထိရောက်စွာနှိမ်နင်းနိုင်သည်။ အပူချိန်မြင့်တက်လာသည်
တက်ကြွသောအေးမြသည့်ဆန်ကိုရရှိရန် ၀ င်ပေါက်နှင့်ထွက်ပေါက်လေစုတ်ထုတ်ကိရိယာများတပ်ဆင်ထားပြီးဆန်ထွက်အပူချိန်တွင်အပူချိန်နိမ့်ကျခြင်း၊ ဖွဲနုပါဝင်မှုနည်းပါးခြင်းနှင့်အပိုင်းအစများတိုးခြင်းတို့ကိုကောင်းမွန်စွာစီးဆင်းမှုညှိနှိုင်းမှုကိုရရှိရန်သံလိုက် separator ပါသော dual feed ဂိတ်များကိုအသုံးပြုနိုင်သည်။ အဖြူရောင်ကြိတ်စက်၏ထူးခြားသောအလှည့်ကျဒီဇိုင်းသည်ဆန်ဆန်ကိုလွယ်ကူစွာနှင့်အစားထိုးနိုင်သည်။
တစ်ပြိုင်နက်တည်းကျွေးမွေးခြင်းနှင့်ကြီးမားသောထွက်ရှိမှုတို့နှင့်အတူထူးခြားသောနှစ်ဆ roller ဘေးချင်းယှဉ်ဒီဇိုင်းသည် CFN1818B အပူချိန်နိမ့်ဆန်လှန်စက်၏အဆင့်မြင့်ထုတ်ကုန်ဖြစ်သည်။
ပစ္စည်းကိရိယာအင်္ဂါရပ်များ:
၁။ ပစ္စည်းကိရိယာများ၏လေအေးပေးစက်စနစ်ကိုအဆင့်မြှင့်တင်ထားသဖြင့်အဖြူရောင်ခန်း၏လေထုအသံပမာဏကိုညီမျှစွာဖြန့်ဖြူးနိုင်ပြီးဖွဲနုများကိုပိုမိုကောင်းမွန်အောင်လုပ်သည်။
၂။ ဆန်အပူချိန်နိမ့်စေရန်အတွက်အေးမြသောဆန်ခါကိုအဆင့်မြှင့်တင်ထားသည်။
၃။ ပစ္စည်းပစ္စယများ၏အသွင်အပြင်ကိုတိုးတက်စေရန်နောက်ဆုံးပေါ်ဆေးမှုတ်ဆေးနည်းပညာနှင့်အဆင့်မြင့်ဆေးသုတ်ဆေးကိုသုံးပါ။
—- ၂၀၀၅ ခုနှစ်အမျိုးသားစိုက်ပျိုးရေးသိပ္ပံနှင့်နည်းပညာအောင်မြင်မှုတိုးချဲ့စီမံကိန်း
NCY International Company limited
Aye Yeik Thar Road, Between 38 & 39 Street
Monywa Industrial Zone,
Monywa Township
Sagaing Region, Myanmar
Contact
firstname.lastname@example.org
+95 9976204987
+95 9978983372
+95 9962724373",2.0,1.0,3.0,3.0,2.0,"The document is a technical product catalog for industrial rice milling machinery. It provides specifications and features, which are informative but lack pedagogical structure. The language is natural Burmese, though the text suffers from some awkward phrasing typical of machine-translated technical manuals. It is clean, professional, and contains specific local contact information."
<urn:uuid:4342a6c1-c05b-48b1-86bb-eaf49c8ed7e7>,"Updated: Oct 12, 2019
မြန်မာမော်တော်မှ ဗောက်ဆောကားလေးတွေရဲ့ ကြင်နာတတ်သောပိုင်ရှင်တို့ရေ ..
၂၀၁၉ တစ်နှစ်လုံးစာ အတွက် Maintenance လုပ်ပြီဆိုရင် ..
----------- အင်ဂျင်ပိုင်းမှာဆိုရရင် ----------
-ကားအဆွဲကျနေပြီမို့လား ..
-မီးခိုးလေးတွေ နဲနဲလိုက်မနေဘူးလား ..
-အဲကွန်းဖွင့်လိုက်ရင် RPM မငြိမ်တော့ပြီလား ..
-ဒတ်ရှ်ဘုတ်မှာရော ဂွမီးလေးလင်းနေလား ..
-ဆီစားနှုန်းက သိသာစွာပိုနေပြီလား ..
-တာဘို In- Out မှာ ဆီစလေးတွေရော တွေ့ပြီလား ..
-စက်နိုးစမှာ အိပ်ဇောက မီးခိုးလိုက်ပြီး အခြားချိန်မထွက်ဘူးဖြစ်နေပြီလား ..
-လီဗာက နင်းသလောက်မတက်ပဲ အထနှေးနေပြီလား ..
-အိပ်ဇောပိတ်နေလို့ ညှော်နံလိုလိုရတတ်ပြီလား ..
-အရင်က နံပတ် ၂ နဲ့ ၃ ဂီယာကို ကလပ်အလွှတ်လေးမှာ..
ကျောကပ်အောင်ထွက်ခဲ့တဲ့ အရသာကိုပြန်တမ်းတ နေလောက်ပါပြီလေ..
ဒါဆိုရင် EGR Valve ချိုးကပ်နေပြီ ..
Trottle Body ချိုးကပ်နေပြီ ..
ကျောက်ဇကာပိတ်နေလောက်ပြီ ..
Injector Firing Sequence လွဲနေလောက်ပြီ ..
Injection Rate တွေ စစ်သင့်ပြီ ..
ဒီတော့ ..
သူငယ်တန်းအဆင့် ဆေးမီးတိုနဲ့ရှင်းမလား ..
အလွယ်ကူဆုံးကတော့ EGR Valve နဲ့ DPF ဖြုတ်ဆေးလိုက်ပါ ..
ခနတော့ကောင်းသွားပါလိမ့်မယ် .. ထပ်ဖြစ်ပါလိမ့်မယ် ..
ထပ်ဖြစ်တော့ ထပ်ဆေးမလား ..
ခန ခနပိတ်တိုင်းဆေးတော့ အိပ်ဇောထဲက DPF က မကြွေပဲခံနိုင်မလား ..
EGR Valve ဆိုတာ ခန ခနဖြုတ်ဆေးလို့ မပျက်ပဲခံနိုင်မလား ..
အိပ်ဇောခနခနဖြုတ်တော့ အိပ်ဇောဆင်ဆာကရော ဒီဒဏ်ခံနိုင်မလား ..
Manifold Pressure Sensor ကရော ..
MAF Sensor ကရော ..
Turbo Boost Solenoid Valve ကရော ..
Turbo In-Out Balancing Sequence ကရော ..
ဒါတွေကို ထည့်သွင်းစဉ်းစားရပါမယ် ..
နောက်တနည်းက Professional အဆင့်အနေနဲ့
ဖြစ်ရတဲ့ အကြောင်းရင်း Root Cause ကိုရှာပြီးရှင်းမလား ..
ဘာကြောင့် ခနခနဖြစ်ရသလဲ ..
(၁) Exhaust Sensor က Dual Function ဖြစ်နေတာကအကြောင်းရင်းတစ်ခု ..
(၂) E-G-R Regen cycle မဖြစ်တာကအကြောင်းရင်းတစ်ခု ..
(၃) Exhaust Back Pressure နဲ့ Exhaust Temperature Sensor ..
Coolant Temp-Engine Temp-Exhaust Temp ..
အချိုးဆမျှဖို့က အကြောင်းရင်းတစ်ခု ..
(၄) Firing Sequence အတွက် Pusher / Rocker တွေက အကြောင်းရင်းတစ်ခု ..
ဒီ အကြာင်းအရာ ၄ခု ကို ECU File ထဲမှာ ရှာပြီး ..
စံသတ်မှတ်ထားတဲ့ နှုန်းဖြစ်တဲ့ Parameter Value ကို အလိုက်သင့်ပြောင်းပေးလိုက်ရင် ..
မြန်မာမော်တော်ရဲ့ ဗောက်ဆောတစ်မျိုးတည်းပြင်ဆင်ခဲ့တဲ့ ၅နှစ်တာအတွေ့အကြုံအရတော့ ..
ဘယ်တော့ မှ EGR / DPF မပိတ်တော့ပါ …
အဆွဲရုန်း ဘယ်တော့မှ မထိခိုက်တော့ပါ ...
Speed and Power are at your Toe ...
ဒီတော့ .. နီးစပ်ရာ ပြုပြင်ရေးဆိုင်တွေမှာ မိမိတို့နှစ်သက်သလို နည်းနဲ့ဖြေရှင်းနိုင်ကြဖို့ပါလို့ …
ဒါမှမဟုတ် တော်ရုံကိစ္စဖြစ်လာခဲ့ရင် ဘယ်မှာပဲပြင်ပြင် အကြံတောင်းခံစရာအကြောင်းရှိခဲ့ရင်တော့ …
ကိုရစ်ကီကျော် - 09-78 555 9119
ကိုမင်းနိုင် - 09-79 555 9119
ကိုကျော်ကျော် - 09-77 555 9119
ရင်နဲ့ရင်းတဲ့
မြန်မာမော်တော်
Vauxhall Service Centre
(၅၈လမ်း ၊ မင်္ဂလာ-ရတနာကြား၊ စက်မှု့၊ မန္တလေးရွှေမြို့တော်)",2.0,3.0,3.0,3.0,4.0,"The text provides practical automotive maintenance advice for Vauxhall owners in Myanmar. It moves from simple troubleshooting to technical explanations of ECU parameters. While it contains promotional contact information, the technical content is coherent and reflects local automotive service culture and terminology accurately."
<urn:uuid:c3e06821-32c5-4a86-a20f-fb8f825f5cf0>,"ရည်မှန်းချက်
သန့်ရှင်း၍ သဘာဝပတ်ဝန်းကျင်ကို မထိခိုက်စေဘဲ နိုင်ငံ တကာနှင့်ရင်ဘောင်တန်း၍ ရေရှည်ရပ်တည်နိုင်မည့် မြန်မာ့ မော်တော်ယာဉ်လုပ်ငန်း ပေါ်ထွန်းတိုးတက်လာစေရေး အတွက် အထောက်အပံ့ပေးနိုင်သော ဦးဆောင် သုတေသနအဖွဲ့အစည်း တစ်ခုအဖြစ် ရပ်တည်နိုင်ရန်။
Vision
To be the leading research organization for the development of Myanmar Automotive Industry which can stand on equal terms with international standard without damaging the clean and green environment.
ရည်ရွယ်ချက်များ
မော်တော်ယာဉ်နည်းပညာသုတေသနဌာန၏ လုပ်ငန်းတာဝန် များကို အကောင်အထည်ဖော်နိုင်ရန်အတွက် ချမှတ်ထားသော မူဝါဒ များမှာ အောက်ပါအတိုင်းဖြစ်ပါသည်။
(က) မြန်မာ့မော်တော်ယာဉ်ဆိုင်ရာ စက်မှုကဏ္ဍအား နည်းပညာ
အထောက်အကူပြုနိုင်သည့် မော်တော်ယာဉ်နည်းပညာ သုတေသန ဌာန တစ်ခုအဖြစ် ရပ်တည်နိုင်စေရန်။
(ခ) သုတေသနများ ပြုလုပ်ခြင်းဖြင့် မော်တော်ယာဉ်ဆိုင်ရာ နည်းပညာများ တိုးတက်မြင့်မားလာစေရန်။
(ဂ) နိုင်ငံတကာမှ ဝင်ရောက်လာမည့် မော်တော်ယာဉ်ဆိုင်ရာ ရင်းနှီးမြှုပ်နှံမှုများတွင် လိုအပ်သည့် လူ့စွမ်းအားအရင်းအမြစ်များ မွေးထုတ်နိုင်ရေးအတွက် အထောက်အကူ ပြုနိုင်စေရန်။
Mission
To carry out the tasks of the automotive technology research institute, the missions are set out as follows;
(a) To stand as an automotive technology research center which can support technology in Myanmar automobile industry
(b) To develop automobile technology by researching
(c) To support the required human resource development for the future automobile investments",2.0,1.0,3.0,5.0,2.0,"The document outlines the vision and mission of a research institute. It is professionally structured and clean, providing clear institutional goals. While it lacks deep reasoning or complex educational content, it is written in natural, formal Burmese, reflecting the administrative language used in Myanmar's professional and governmental sectors."
<urn:uuid:0e2a1b1c-2909-49a8-921c-0a0bf9a55a3e>,"21-Feb-2018
ဗီလိန္ဟု ႏႈတ္က်ိဳးေနၾကသည့္ လူဆိုး သို႔မဟုတ္ လူၾကမ္းကို အဂၤလိပ္ဘာသာျဖင့္ Villain ဟုေခၚသည္။ အဂၤလိပ္- ျမန္မာ အဘိဓာန္တြင္ “လူဆိုး၊ လူသြမ္း၊ ေၾကးစား ရာဇဝတ္ေကာင္၊ ျပဇာတ္၊ ဝတၳဳ၊ ႐ုပ္ရွင္မ်ားတြင္ အဓိက လူၾကမ္းသ႐ုပ္ေဆာင္၊ ယုတ္မာေသာသူ”ဟု အနက္ဖြင့္ဆိုထားသည္။
ဗီလိန္တို႔မည္သည္ မည္သည့္အခါမွ် စိတ္ေကာင္း၊ ႏွလံုးေကာင္း ရွိသူမ်ားမဟုတ္ဘဲ တစ္ပါးသူ အက်ိဳးစီးပြား ပ်က္စီးရာ ပ်က္စီးေၾကာင္း အၿမဲ ႀကံစည္အားထုတ္ကာ လက္ေတြ႔လည္း လုပ္ေဆာင္ေနတတ္သူမ်ားဟု အမ်ား နားလည္ထားၾကသည္။
မည္သည့္နယ္ပယ္၊ မည္သည့္ လူ႔အဖြဲ႔အစည္းတြင္မဆို ဗီလိန္မ်ား ရွိေနတတ္ၿပီး ထိုဗီလိန္မ်ားေၾကာင့္ပင္ သက္ဆိုင္ရာ နယ္ပယ္၊ လူ႔အဖြဲ႔အစည္း အသီးသီး တိုးတက္ဖြံ႔ၿဖိဳးသင့္သေလာက္ မဖြံ႔ၿဖိဳးဘဲ ျပႆနာမ်ားျဖင့္ နပန္းလံုးေနတတ္သည္။
ဗီလိန္မ်ားသည္ ဖြံ႔ၿဖိဳးၿပီးေသာ ႏိုင္ငံမ်ားေရာ၊ မဖြံ႔ၿဖိဳးေသးေသာ ႏိုင္ငံမ်ားတြင္ပါ ရွိတတ္ေသာ္လည္း မ်ားေသာအားျဖင့္ ဖြံ႔ၿဖိဳးမႈေနာက္က်ေနေသာ ႏိုင္ငံမ်ားတြင္ အေတြ႔ရမ်ားတတ္သည္။
အထူးသျဖင့္ ပံုစံအမ်ိဳးမ်ိဳးျဖင့္ အာဏာရွင္စနစ္ က်င့္သံုးေသာ ႏိုင္ငံမ်ားတြင္ ဗီလိန္မ်ားက ပံုစံအမ်ိဳးမ်ိဳးျဖင့္ ရွိေနတတ္သည္။ ႏိုင္ငံေရး၊ စီးပြားေရး၊ လူမႈေရး ေလာက အသီးသီးတြင္ အာဏာရလိုမႈ၊ ႂကြယ္ဝခ်မ္းသာေရး ေလာဘတို႔ ေမာင္းႏွင္မႈေၾကာင့္ စာရိတၱ၊ က်င့္ဝတ္ႏွင့္ အသိပညာေရခ်ိန္မ်ား နိမ့္က်ကာ ဗီလိန္မ်ား ေမြးဖြားလာတတ္သည္။
အေျခခံအားျဖင့္ ႏိုင္ငံတစ္ခု၏ ဓနဥစၥာ ခြဲေဝမႈ အခ်ိဳးမညီမွ်မႈ သို႔မဟုတ္ လူတိုင္း ကိုယ္စြမ္းဉာဏ္စြမ္းရွိသေ႐ြ႕ တိုးတက္ႀကီးပြားခြင့္ကို ဖန္တီးေပးမည့္ မူဝါဒႏွင့္ ဥပေဒစည္းမ်ဥ္းမ်ား အားနည္းခ်ည့္နဲ႔မႈတို႔က ဗီလိန္မ်ား ေမြးဖြားလာေစရန္ အဓိကပံ့ပိုးေပးသည္။
မူမမွန္ေသာနည္းလမ္း သို႔မဟုတ္ မမွ်တေသာ နည္းလမ္းျဖင့္ လုပ္ပိုင္ခြင့္ ရရွိထားသူ၊ စီးပြားလမ္းေျဖာင့္ ခ်မ္းသာႂကြယ္ဝထားသူမ်ားသည္ ပံုစံတက်၊ စည္းကမ္းတက် မွန္ကန္ေသာ နည္းလမ္းမ်ားျဖင့္ အမ်ားႏွင့္ တန္းတူရည္တူ ၿပိဳင္ဆိုင္ရပါက လက္ရွိ လုပ္ပိုင္ခြင့္ႏွင့္ လက္ရွိစည္းစိမ္မ်ိဳး ရရွိရန္ လမ္းမျမင္ေပ။
ထို႔ေၾကာင့္ မိမိတို႔၏ လက္ရွိအေျခအေန မယိမ္းယိုင္သြားေစေရးအတြက္ မူမမွန္ေသာ၊ မမွ်တေသာ နည္းလမ္းအမ်ိဳးမ်ိဳးျဖင့္ပင္ ၎တို႔၏ လုပ္ပိုင္ခြင့္ႏွင့္ စည္းစိမ္ကို ကာကြယ္လာၾကသည့္အခါ ဗီလိန္မ်ားအျဖစ္ ေရာက္ရွိသြားေတာ့သည္။
ထို႔ေၾကာင့္ အာဏာရွင္စနစ္၊ အခြင့္အေရး သာတူညီမွ်မရွိျခင္း၊ ဆင္းရဲတြင္းနက္ျခင္း၊ အက်င့္ပ်က္ျခစားျခင္း၊ တရားဥပေဒ မစိုးမိုးျခင္းတို႔သည္ လူ႔အဖြဲ႔အစည္း တစ္ရပ္အတြင္း ဗီလိန္မ်ားကိုသာ တိုးပြားလာေစေသာ အဓိက အေၾကာင္းအရင္းမ်ားျဖစ္ၾကသည္။
လူ႔အဖြဲ႔အစည္းတိုင္းတြင္ ကိုးကြယ္ယံုၾကည္မႈဆိုင္ရာ ဘာသာေရး ေခါင္းေဆာင္မ်ား၏ အခန္းက႑က မ်ားစြာ အေရးႀကီးသည္။ သက္ဆိုင္ရာ ဘာသာအသီးသီး၏ အမြန္အျမတ္တရား သို႔မဟုတ္ ေတာ္တည့္ မွန္ကန္သည့္ အဆံုးအမမ်ားကို လူအမ်ားအား ျပန္လည္ ဆံုးမသြန္သင္ေပးရမည့္ တာဝန္ကို ထမ္းေဆာင္ေနၾကျခင္းေၾကာင့္ အေရးႀကီးျခင္းျဖစ္သည္။
ထိုတာဝန္ယူထားသည့္ နယ္ပယ္မွ ပုဂၢိဳလ္အခ်ိဳ႕ ကိုယ္တိုင္ အစစ္အမွန္ အဆံုးအမမ်ားႏွင့္ ေသြဖည္ဆန္႔က်င္ေသာ အျပဳအမူ၊ အေျပာအဆိုမ်ား အတင့္ရဲရဲ ျဖစ္ေပၚလာျခင္း၊ ယင္းအေျခအေနကိုလည္း လ်စ္လ်ဴ႐ႈထားျခင္း၊ အာဏာႏိုင္ငံေရးႏွင့္ ဆက္စပ္ေနဖြယ္ရွိေၾကာင္း သံသယျဖင့္ ေဝဖန္မႈမ်ား ျမင့္တက္လာျခင္းတို႔သည္ ဗီလိန္မ်ားကို အားေပး၊ အားေျမႇာက္ျပဳသကဲ့သို႔ ျဖစ္ေနသည္။
ပြင့္လင္းမွ်တေသာ လူ႔အဖြဲ႔အစည္းသို႔ သြားရာလမ္းတြင္ ဗီလိန္မ်ားက သက္ဆိုင္ရာ နယ္ပယ္အသီးသီး၌ မထိရဲ၊ မတို႔ရဲ ရွိေနပါလွ်င္ ဗီလိန္ အားေပး လူ႔အဖြဲ႔အစည္းအျဖစ္ ယဥ္ေက်းေသာ လူ႔ေဘာင္၊ လူ႔အသိုင္းအဝိုင္းက ဖယ္ၾကဥ္၊ ေရွာင္ရွားျခင္းကိုခံရၿပီး ဗီလိန္မဟုတ္ေသာ ေျမစာပင္မ်ားသာ ဒုကၡပင္လယ္ ေဝရမည္ျဖစ္ေၾကာင္း သိေစအပ္ေပသည္။
အယ္ဒီတာ (၂၀-၂-၂၀၁၈)
-
18-Jul-2019
-
18-Jul-2019
-
18-Jul-2019
-
18-Jul-2019
-
18-Jul-2019
-
18-Jul-2019
-
10-Jul-2019
-
09-Jul-2019
-
13-Jul-2019
-
04-Jul-2019
-
06-Jul-2019
-
01-Jul-2019",3.0,3.0,3.0,2.0,4.0,"The text provides a coherent sociological analysis of 'villains' in society, linking systemic issues like corruption and inequality to their emergence. It is well-written in natural Burmese. However, the document is marred by significant boilerplate noise (repeated dates and hyphens) at the end, which detracts from its overall cleanliness."
<urn:uuid:ab0adf4e-ee82-4359-b054-9d99d0bae99c>,"ေျမယာပုိင္ဆိုင္မႈ ရွင္းလင္းျပတ္ သားမႈမရွိေသးသျဖင့္ စစ္ကိုင္းတိုင္းေဒသ ႀကီး ကန္႔ဘလူခ႐ုိင္၊ ကၽြန္းလွၿမိဳ႕သစ္တည္ ႏွစ္ ၂၀ျပည့္ႏွင့္ ဗုဒၶတကၠသုိလ္ ပႏၷက္တင္ အခမ္းအနားအား ဆုိင္းငံ့ထားရန္ စစ္ ကိုင္းတိုင္းေဒသႀကီးအစုိးရအဖြဲ႕က ၫႊန္ ၾကားထားေၾကာင္း သိရသည္။
အဆုိပါ ဆုိင္းငံ့ထားရန္ ၫႊန္ၾကား ခ်က္မွာ ေရႊည၀ါဆရာေတာ္ႏွင့္ ပတ္ သက္ေနသည္ဟု သတင္းမ်ားထြက္ေပၚ ေနသျဖင့္ ဒီဇင္ဘာ ၄ ရက္တြင္ ေမွာ္ဘီ ၿမိဳ႕နယ္ရွိ ေရႊည၀ါေက်ာင္းတိုက္၌ အျငင္း ပြားမႈျဖစ္ပြားေနေသာ အခမ္းအနားျဖစ္ ေျမာက္ေရးအဖြဲ႕ႏွင့္ေတာင္သူလယ္သမား မ်ားအား ေရႊည၀ါဆရာေတာ္ႀကီးမွ ဖိတ္ ေခၚရွင္းလင္းခဲ့ရာ ibec ဆရာေတာ္ ဥဴးေသာဘိတ ဦးေဆာင္သည့္ အခမ္း အနားျဖစ္ေျမာက္ေရးအဖဲြ႕ႏွင့္ ေတာင္သူ မ်ားဘက္မွ အေနာက္ေက်ာင္းတုိက္ ဆရာေတာ္ဥဴးပညာ၀ံသ ဦးေဆာင္ေသာ ေတာင္သူမ်ား တက္ေရာက္ခဲ့ၾကသည္။
ယခုလုိ မ်က္ႏွာစံုညီေခၚယူရွင္းျပ ရျခင္းမွာ ibec ဆရာေတာ္၏ ေတြ႕ဆံု လုိေၾကာင္း တစ္ဆင့္ခံေလွ်ာက္ထားျခင္း ေၾကာင့္လည္းျဖစ္ေၾကာင္း၊ အခမ္းအနား ဆုိင္းငံ့ရျခင္းျဖစ္ရပ္မွာ မိမိႏွင့္ လံုး၀သက္ ဆုိင္ျခင္းမရွိေၾကာင္း၊ စစ္ကုိင္းၿမိဳ႕သုိ႔ ေရာက္ရွိစဥ္က ၀န္ႀကီးခ်ဳပ္အား သံဃာ ႏွင့္ လူပုဂ္ၢိဳလ္တို႔ႏွစ္ဖက္ပါ၀င္ေနသည့္ ကိစ္ၥျဖစ္သျဖင့္ သတိထားကိုင္တြယ္ရန္ မိန္႔ၾကားခဲ့ေၾကာင္း ေရႊည၀ါဆရာေတာ္ က မိန္႔ၾကားသည္။
ibec ဆရာေတာ္က ေလ်ာ္ေၾကး၊ နစ္နာေၾကးမ်ားေပးရန္ ေမးျမန္းရာ ေတာင္သူမ်ားက ေငြလည္းမလုိခ်င္၊ ေျမ အစားလည္း မလုိခ်င္၊ ႏုိင္ငံေတာ္မွ ဥပေဒႏွင့္အညီ ခ်မွတ္မည့္အမိန္႔ကုိသာ လက္ခံမည္ဟုတင္ျပၿပီး သက္ဆုိင္ရာ အား မွန္မွန္ကန္ကန္ ျမန္ျမန္ဆန္ဆန္ စစ္ေဆးေပးရန္ ေျပာၾကားေပးမည္ဟု ေရႊည၀ါဆရာေတာ္က မိန္႔ၾကားခဲ့သည္။
ibec ဆရာေတာ္က ၂၀၁၃ ခုႏွစ္ တြင္ ယင္းေျမေနရာႏွင့္ပတ္သက္ၿပီး သက္ဆုိင္ရာ တာ၀န္ရွိသူမ်ားအား ေမး ျမန္းရာ ေျမလြတ္ေျမလပ္ျဖစ္သျဖင့္ ကြင္း အမွတ္ ၄၈၇ ရွိ ၂၅.၂၇ ဧကကုိ လုပ္ ထံုးလုပ္နည္းႏွင့္အညီ ေလွ်ာက္ထားခဲ့ၿပီး ၅-၁-၂၀၁၆ ရက္စြဲျဖင့္ ႏွစ္၃၀လုပ္ပိုင္ခြင့္ ရရွိခဲ့ေၾကာင္း ibec ဆရာေတာ္၏ မိန္႔ ၾကားခ်က္အရသိရသည္။ ေတာင္သူမ်ား အေနျဖင့္ ၁၉၉၈ ခုႏွစ္ကတည္းက ယင္း ေျမယာမ်ားကုိ ဥပေဒႏွင့္အညီ ရယူထား ၿပီး ယခုအခါ ေျမစာရင္းပံုစံ ၁၀၅ ေရးဆြဲ ေပးထားသည့္ ေတာင္သူဦးလွေသာ္ပုိင္ ၂.၃၅ ဧကထဲမွ ၁.၅၀ ဧကအပါအ၀င္ ၁၈ ဧကခန္႔ ibec ဆရာေတာ္၏ ေျမ လြတ္ေျမလပ္အျဖစ္ ရယူသြားသည့္ေျမ ထဲပါ၀င္သြားေၾကာင္း၊ ေတာင္သူမ်ားကုိ ယင္းေနရာမ်ားသုိ႔၀င္ေရာက္ပါက ဥပေဒ ေၾကာင္းအရ အေရးယူရန္ စီမံထားသည္ ဟု ၾကားသိရေၾကာင္း ေတာင္သူမ်ား၏ ေျပာၾကားခ်က္အရ သိရသည္။
ယင္းရွင္းလင္းပြဲအၿပီးတြင္ ဗုဒ္ၶ တက္ၠသုိလ္ ပႏၷက္တင္ပြဲအား ခြင့္ျပဳမိန္႔ ျပန္လည္ရရွိရန္ အစုိးရအဖြဲ႕ထံ ေမတ္ၱာ ရပ္ခံေပးမည္ဟု ေရႊည၀ါဆရာေတာ္က ေျပာၾကားခဲ့သည္ဆုိေသာ မွတ္တမ္းမ်ား ထြက္ေပၚခဲ့သျဖင့္ ပြဲေတာ္က်င္းပတာကုိ လည္း ပိတ္ဖုိ႔ေျပာၾကားျခင္း မရွိသလုိ ျပန္လည္က်င္းပဖုိ႔လည္း ေျပာျခင္းမရွိ ေၾကာင္း၊ ၎နာမည္ကုိသက္သက္အသံုး ခ်ျခင္းသာ ျဖစ္ေၾကာင္း ေရႊည၀ါဆရာ ေတာ္က မိန္႔ၾကားသည္။
ေဇာ္ျမင့္",2.0,3.0,3.0,4.0,5.0,"The text is a news report about a land dispute involving religious figures and farmers in Myanmar. It provides factual reporting on a conflict, which is informative but not strictly educational. It demonstrates logical reporting of conflicting claims. The language is natural, authentic Burmese, reflecting local social and religious contexts."
<urn:uuid:c80f48fb-30f1-4bbf-88b1-b9def0a2d3a3>,"မိန္း ကေလး တေယာက္ ကေန အက်ိဳးတခုခုကို ေမွ်ာ္ ကိုးျပီး မမွန္ဘဲနဲ႔ အပ်ိဳစစ္ပါတယ္လို႔ ေျပာလိုက္ တာကို Virginity fraud အပ်ိဳရည္- လိမ္ တယ္၊ Virginity lie အပ်ိဳရည္-မုသား နဲ႔ Chastity fraud အျဗဟၼစရိယ-အ က်င့္ လို႔လဲ ေခၚ တယ္။
Paternity fraud မိဖ မစစ္ဘူးဆိုတာလိုဘဲ ဒီ အယူအ ဆဟာလဲ ျငင္းခုန္စရာ တခုပါဘဲ။ အပ်ိဳ စစ္-မစစ္ရဲ႕ Definition အဓိပၸါယ္ဖြင့္မႈ နဲ႔ Importance အေရးပါမႈ ဆိုတာကို လူ႔အသိုင္း အဝိုင္းမွာ တသေဘာ ထဲ မရွိပါ။ Sexual double standard က်ား-မ ႏွစ္ခြအျမင္ ရွိတာနဲ႔ မရွိတာမွာ ကြာၾက တယ္။
Female virginity အပ်ိဳစစ္မႈကို
1. Hymen အပ်ိဳေျမွး ရွိတာ-မရွိတာနဲ႔ တိုင္းမလား။
2. Philosophical criteria ဒႆနိက-သတ္မွတ္ခ်က္ေကာ ထားမလား။
လူမႈအသိုင္းအဝိုင္းေတြက မတူၾကပါ။ Rape victim အဓမၼျပဳက်င့္ခံရသူမ်ိဳးကို အကဲျဖတ္တာေတာ့ တူၾကတာ မ်ားပါတယ္။ မိန္းကေလး တေယာက္ Boyfriend ေယာက္်ားေလးအေဖၚ ထားျပီဆိုကတည္းက (လိင္ဆက္ဆံမႈ မရွိအံုးေတာ့) တန္ဘိုး သတ္မွတ္မႈမွာ အမွတ္ ေလ်ာ့ခံရျပီ။ Lesbian sexual activity မိန္းကေလးခ်င္းခ်င္း လိင္ကိစၥထိ ေရာက္ၾကအံုးေတာ့ ေစာေစာက မိန္းကေလးေလာက္ အမွတ္ မေလွ်ာ့တတ္ဘူး။
ေရွးေခတ္လို႔ ေျပာရမယ္၊ ခုေခတ္လဲ ရွိေတာ့ ရွိေသးတာပါ၊ မဂၤလာဦးညမွာ အိပ္ယာခင္း၊ အဝတ္အစားမယ္ ကညာေျမွးစုတ္လို႔ ထြက္တဲ့ ေသြးစြန္းတာ လက္ေတြ႔ ျမင္ရမွသာ သတို႔သမီးဟာ အပ်ိဳစစ္ခဲ့ပါတယ္ ဆိုတာရဲ႕ Proof သက္ေသခံ ျဖစ္တယ္။ ဒီအခ်က္ကို Marriage contract မဂၤလာေဆာင္ (ကန္ထရိုက္) စာခ်ဳပ္ကတည္းက တည့္ထားတတ္တယ္။ ဘယ္ရမလဲ လူဆိုတာ ၾကံရည္-ဖန္ရည္ ရွိတယ္ မဟုတ္လား။ ေခတ္လူေတြမွ ေတာ္ၾကတယ္ မထင္ပါနဲ႔။ Techniques to simulate the bleeding ေသြးအတု လုပ္နည္းတို႔ Physical sensation of rupture စုတ္ျပဲသြားလို႔ နာက်င္မႈ အေယာင္ေဆာင္တို႔ ဆိုတာေတြလဲ ေရွးကတည္းက ရွိေနခဲ့ပါတယ္။
Methods of detection ဘယ္လို စမ္းသပ္မလဲ -
1. Hymen restoration surgery အပ်ိဳေျမွးကို ခြဲစိတ္ကုသျပီး ျပန္လုပ္ေပးထားသလား။ Vagina's general state of elasticity ပံုမွန္ရွိအပ္တဲ့ (ဗဂ်ိဳင္းနား) ရဲ႕ ၾကံဳ႕ႏိုင္-ဆန္႔ႏိုင္စြမ္း ရွိသလား-မရွိဘူးလား ဆိုတာေတြ စစ္တာကို လူမ်ိဳးစု အေတာ္မ်ားမ်ားမွာ ဆရာဝန္ေတြက လုပ္ရတာေတာ့ မဟုတ္ပါ။ အမ်ားလက္ခံတဲ့ အမ်ိဳးလဲေတာ္တဲ့ အမ်ိဳးသမီးၾကီး တဦးဦးကေန လုပ္ရပါတယ္။ ေနာက္ပိုင္းမွာေတာ့ ဆရာဝန္ေတြကို သံုးလာတာလဲ ရွိပါတယ္။ ေဆးလက္မွတ္ ထုတ္ေပးဘို႔ လိုတတ္လို႔ပါ။
2. ဆရာဝန္နဲ႔ မလံုေလာက္ရင္ ""စံုေထာက္"" အားကိုးၾကတာလဲ ရွိတယ္။ Private detective ေတြက မိန္းကေလးရဲ႕ သမီးရည္းစားထား သမိုင္း ျပန္လွန္မယ္။ သြားဘူး-လာဘူးတဲ့ ေဆးရံု-ေဆးခန္းေတြ လိုက္စံုစမ္းမယ္။ မေပၚေပၚေအာင္ ေဖၚမယ္။
အေနာက္ႏိုင္ငံေတြမွာ Hymen replacement surgery အပ်ိဳေျမွးျပန္လုပ္ေပးတာကို ေဝဖန္လာၾကတယ္။ Medically unnecessary ေဆးပညာအရ မလိုအပ္ဘူးတဲ့။ လူေတြ အဲလို လိုက္လုပ္ၾကတဲ့ Social practices အေလ့အထက မေကာင္းဘူးလို႔ ေျပာတယ္။ သိတဲ့အတိုင္း ဒီနည္းေၾကာင့္ အပ်ိဳမဟုတ္သူေတြက အပ်ိဳတု လုပ္လာပါတယ္။
ျပႆနာ မ်ားတာက မြတ္ဆလင္ေတြမွာ ျဖစ္မယ္။ ၂ဝဝ၆ တံုးက ျပင္သစ္ႏိုင္ငံ Lille မွာေနတဲ့ သတို႔သားက သူ႔ သတို႔သမီးကို အပ်ိဳမစစ္လို႔ မယူေတာ့ဘူး ျငင္းခဲ့တယ္။ မိန္းကေလးကလဲ စစ္ပါတယ္ေျပာေပမဲ့ အယူခံ မတက္ေတာ့ ေယာက္်ားလုပ္သူက အႏိုင္ရလိုက္တယ္။
၂ဝဝ၉ ေရာက္ေတာ့ မီဒီယာ အာရံုစိုက္မႈမ်ားတဲ့ၾကားကေန တရားေရးဝန္ၾကီး Rachida Dati က အစိုးရကို အယူခံဘို႔ အမိန္႔ခ်လိုက္တယ္။ အယူခံတရားရံုးက အရင္အမိန္႔ကို ေျပာင္းျပန္လုပ္လိုက္တယ္။ လက္ထပ္တာမွာ အပ်ိဳ စစ္-မစစ္ဟာ Essential condition မရွိမျဖစ္ လိုအပ္ခ်က္ မဟုတ္လို႔ ခ်မွတ္ထာ ျဖစ္တယ္။
မိန္းကေလးက မုသားဆိုအံုးေတာ့ အိမ္ေထာင္သည္ဘဝအတြက္ အပ်ိဳရည္ပ်က္လဲ ကိစၥမရွိဘူးတဲ့။ သူ႔အတိတ္ဟာ အတိတ္ဘဲတဲ့။
Dr. တင့္ေဆြ
Myanmar Daily News မွ ဗဟုသုတ အျဖစ္တင္ျပေပးေသာ ေဆာင္းပါးအား Myanmar Forward မွ ျပန္လည္ မွ်ေ၀ျခင္းျဖစ္ပါတယ္။",3.0,3.0,3.0,3.0,4.0,"The text provides an informative, sociological overview of virginity fraud and cultural practices surrounding it. It uses a mix of Burmese and English terminology, which is common in local intellectual discourse. While it lacks academic rigor, it is coherent and provides a balanced, objective perspective on a sensitive social topic."
<urn:uuid:3f617447-dd51-4141-abe6-4359bcba59f7>,"ဒုက္ခသည်ပြန်လက်ခံရေး မြန်မာအစိုးရ ဦးစားပေးအဆင့်ဆောင်ရွက်နေ
မောင်တောဒေသ အကြမ်းဖက်တိုက်ခိုက်ခံရမှုအတွင်း ဘင်္ဂလားဒေ့ရှ်နိုင်ငံဘက်သို့ ထွက်ပြေးတိမ်းရှောင်နေ သည့် ဒုက္ခသည်များပြန်လည်စိစစ်လက်ခံရေးကို ဦးစားပေးအဆင့် အချက်တခုအနေဖြင့် ဆောင်ရွက်နေ ကြောင်း လူမှုဝန်ထမ်း ကယ်ဆယ်ရေးနှင့် ပြန်လည်နေရာချထားရေး ပြည်ထောင်စုဝန်ကြီး ဒေါက်တာဝင်းမြတ်အေးက ပြောသည်။
လက်ရှိတွင် ဘင်္ဂလားဒေ့ရှ်ဘက်သို့ ထွက်ပြေးနေသည့် ဒုက္ခသည်ဦးရေ လေးသိန်းကျော်ရှိနေကြောင်း ကုလသမဂ္ဂအဖွဲ့မှ ခန့်မှန်းပြောဆိုမှုများ ရှိသော်လည်း ၁၉၉၃ ခုနှစ် နှစ်နိုင်ငံသဘောတူညီချက်များနှင့် ကိုက်ညီသူများကိုသာ ပြန်လည်လက်ခံမည် ဖြစ်ကြောင်း ၎င်းကပြောသည်။
ဒေါက်တာဝင်းမြတ်အေးက “အရေးကြီးတာက ဒီမှာနေတဲ့အထောက်အထားရှိရမယ်၊ အထောက်အထား လည်းရှိမယ် ဒီဘက်ကစာရင်းတွေနဲ့လည်းကိုက်ညီရင် လက်ခံမယ်၊ ဒီနေ့ပဲ သမ္မတရုံးမှာဆွေးနွေးတယ်၊ ၂ ပတ်အတွင်း လုပ်ငန်းစဉ်စဖို့လုပ်မယ်” ဟု ဧရာဝတီသို့ပြောသည်။
ဒုက္ခသည်များပြန်လည် လက်ခံရေးကိစ္စတွင် ဘင်္ဂလားဒေ့ရှ်နိုင်ငံနှင့် တွေ့ဆုံဆွေးနွေးမည်ဖြစ်ပြီး လက်ဗွေယူ ခြင်း၊ မျက်လုံး Scan ဖတ်ခြင်းစသည့် လိုအပ်သည့် နည်းပညာများဖြင့်ပါ စိစစ်ရေးလုပ်ငန်းဆောင်ရွက်ရန် ရှိ ကြောင်း သိရသည်။
နိုင်ငံတော် အတိုင်ပင်ခံပုဂ္ဂိုလ် ဒေါ်အောင်ဆန်းစုကြည်က ဒုက္ခသည်လက်ခံရေးကို မြန်မာ-ဘင်္ဂလားဒေ့ရှ် နှစ်နိုင်ငံအကြား ၁၉၉၃ ခုနှစ်က သဘောတူညီထားသည့် စာချုပ်ပါအချက်အလက်များအတိုင်း လိုက်နာ ဆောင်ရွက်မည်ဖြစ်ကြောင်း၊ လုံခြုံရေးနှင့် လူသားချင်းစာနာထောက်ပံ့ရေး ကိစ္စများအတွက်လည်း အ ပြည့်အဝ အာမခံချက်ပေးမည် ဖြစ်ကြောင်း စက်တင်ဘာ ၁၉ ရက်နေ့ မိန့်ခွန်းတွင် ထည့်သွင်း ပြောကြားထားသည်။
လူမှုဝန်ထမ်း ကယ်ဆယ်ရေးနှင့် ပြန်လည်နေရာချထားရေး ပြည်ထောင်စုဝန်ကြီး ဒေါက်တာဝင်းမြတ်အေး သည် ကိုဖီအာနန်ကော်မရှင်၏ အကြံပြုချက်များ အကောင်အထည်ဖော်ရေးကော်မတီ ဥက္ကဋ္ဌ အဖြစ် လည်းဆောင်ရွက်နေသူဖြစ်ပြီး ဒေသတွင်းတည်ငြိမ်အေးချမ်းမှု ပိုမိုကောင်းမွန်စေမည့် အကြံပြုချက်များကို ဦးစားပေးလုပ်ဆောင်မည်ဖြစ်ကြောင်း ပြောသည်။
၁၉၉၃ ခုနှစ် သဘောတူညီချက်အရ လုပ်ငန်းစဉ်တွင် မြန်မာနိုင်ငံတွင် နေထိုင်သူဖြစ်ရမည်၊ ကိုယ့်သဘော ဆန္ဒဖြင့် ပြန်လာချင်သူဖြစ်ရမည်၊ ဘင်္ဂလားဒေ့ရှ်ဘက်တွင် မွေးဖွားသူဖြစ်ပါက အဖေ၊ အမေမှာ မြန်မာနိုင်ငံ တွင် နေဖူးသူဖြစ်ရမည် စသည့်အချက်များ ပါဝင်ကြောင်း သိရသည်။
အဆိုပါသဘောတူညီချက်သည် ကုလသမဂ္ဂ ဒုက္ခသည်များဆိုင်ရာ မဟာမင်းကြီးရုံး(UNHCR)မှ ကြားခံ အနေဖြင့်ပါဝင်ပြီး ၁၉၉၂ ခုနှစ် ဧပြီ ၂၈ ရက်နေ့တွင် မြန်မာနှင့် ဘင်္ဂလားဒေ့ရှ်နိုင်ငံ အစိုးရတို့အကြား MoU လက်မှတ်ရေးထိုးခဲ့ခြင်းဖြစ်ကြောင်း သိရသည်။
စက်တင်ဘာ ၂၀ ရက်ကကျင်းပသည့် ကုလသမဂ္ဂအထွေထွေညီလာခံတွင်လည်း ဒုတိယသမ္မတ ၂ ဦးဟင်နရီ ဗန်ထီးယူက ဒုက္ခသည်များလက်ခံရေးကို ၁၉၉၃ ခုနှစ်သဘောတူညီချက်ကို အခြေခံကာ လုပ်ငန်းစဉ်များ ရေးဆွဲလုပ်ဆောင်မည်ဖြစ်ကြောင်း နိုင်ငံတကာသို့ အသိပေးပြောကြားခဲ့သည်။
ဒုက္ခသည်များ ပြန်လက်ခံရေး ၁၉၉၃ ခုနှစ် နှစ်နိုင်ငံသဘောတူညီချက်အပြည့်အစုံမှာ အောက်ပါအတိုင်း ဖြစ်သည်။
“ပူးပေါင်းဆောင်ရွက်လိုသောစိတ်ဓာတ်ဖြင့် ပြည်ထောင်စု မြန်မာနိုင်ငံအစိုးရသည် ဘင်္ဂလားဒေ့ရှ်နိုင်ငံသို့ ၎င်းတို့ဝင်ရောက်လာသောနေရာတွင် ဘင်္ဂလားဒေ့ရှ်နိုင်ငံ အစိုးရက ထုတ်ပေးထားသော ဒုက္ခသည်မှတ်ပုံ တင်ကဒ်ဖြင့် ၎င်းတို့ရောက်ရှိနေကြောင်း မှတ်တမ်းတင်ထားသော ဘင်္ဂလားဒေ့ရှ်နိုင်ငံတွင် ခိုလှုံနေသော သူများအားလုံးကို စိစစ်ပြီးနောက် ပြန်လည်လက်ခံရန် သဘောတူသည်။ ထိုဒုက္ခသည်မှတ်ပုံတင်ကဒ်သည် ၎င်းတို့မြန်မာနိုင်ငံတွင်နေထိုင်ရာ နေရာနှင့်ပတ်သက်သော ရနိုင်သမျှ အထောက်အထားများကိုလည်း အခြားအထောက်အထားများနှင့် တကွ ဖော်ပြထားရမည်။
ဘင်္ဂလားဒေ့ရှ်အစိုးရက ပေးပို့သော စာရင်းကို စိစစ်မှုကို အခြေခံပြီး ပြည်ထောင်စု မြန်မာနိုင်ငံအစိုးရသည် အခြားအထောက်အထားများနှင့်တကွ မြန်မာ နိုင်ငံသားမှတ်ပုံတင်ကဒ်၊ အမျိုးသားမှတ်ပုံတင်ကဒ်ရှိသော သူများအားလုံး၊ သက်ဆိုင်ရာမြန်မာအာဏာပိုင်များက ထုတ်ပေးသော အခြားမည်သည့် စာရွက်စာတမ်း မဆိုတင်ပြနိုင်သူ အားလုံးနှင့် မြန်မာနိုင်ငံတွင် နေထိုင်ကြောင်း အထောက်အထားပြနိုင်သောသူများအားလုံး ကို အသုတ်လိုက် ပြန်လည်ခေါ်ယူရန် သဘောတူသည်။
မြန်မာနိုင်ငံတွင်နေထိုင်ကြောင်း စစ်မှန်သော အထောက်အထားပြနိုင်ပါက လူ အရေအတွက် ကန့် သတ်ခြင်းပြုလုပ်မည် မဟုတ်ကြောင်း ပြည်ထောင်စုမြန်မာနိုင်ငံအစိုးရက သဘောတူသည်။ ဘင်္ဂလားဒေ့ရှ် နိုင်ငံက ပေးပို့သောစာရင်းများသည် မြန်မာအာဏာပိုင်များစိစစ်အတည်ပြုသောသူများနှင့် အနီးစပ်ဆုံး တူညီမည်ဖြစ်ကြောင်းလည်း အာမခံချက်ပေးသည်”",3.0,2.0,3.0,5.0,5.0,"The text is a well-structured, journalistic report on a significant historical and political event in Myanmar. It provides clear, factual information regarding government policy and international agreements. It is written in natural, professional Burmese, reflecting local political context and terminology accurately, making it a high-quality, clean, and authentic document."
<urn:uuid:99e4d875-e5a7-46cc-bd0e-ee7bf4246052>,"|ဆေးအမည်||Patadin (ပါတာဒင်န်)|
|ပါဝင်ပစ္စည်း||ဆေးရည် (1 ml) တွင် Olopatadine Hydrochloride USP Eq to Olopatadine … 1 mg.|
|ဆေးအမျိုးအစား||မျက်စဉ်းဆေး။|
|အသုံးပြုနိုင်သောရောဂါများ||မျက်သားယားခြင်း၊ နီရဲခြင်း၊ မျက်ရည်ပူကျခြင်း၊ မျက်ခွံ၊ မျက်စိ ရောင်ရမ်းခြင်း။|
|ဆေး၏ပုံသဏ္႑ာန်||မျက်စဉ်းဆေးရည်။|
|ဆေးအချိန်အဆ||တစ်ခါခတ် (၁)စက်၊ တစ်နေ့ (၂)ကြိမ် (သို့) ဆရာဝန်ညွှန်ကြားချက်အတိုင် လိုက်နာသောက်သုံးပါ။|
|ဘေးထွက်ဆိုးကျိုးများ||ခေါင်းကိုက်ခြင်း၊ မျက်သားခြောက်ခြင်း။|
|ဆရာ၀န်ညွှန်ကြားချက်||လို။|
|ကြိုတင်သတိပြုရန်အချက်များ||ဆေးပါဝင်ပစ္စည်းနှင့် ဓာတ်မတည့်သူများ မသုံးစွဲသင့်ပါ။|
|ထုတ်လုပ်သည့် Company||Popular Pharmaceuticals Ltd. (ဘင်္ဂလားဒေ့ရှ်)|
|တင်သွင်းသည့် Company||Model Pharma Co., Ltd.|",2.0,1.0,3.0,5.0,3.0,"The document is a structured, clean, and accurate medical product label for eye drops. It provides basic health information suitable for general public awareness. While it lacks complex reasoning or deep educational narrative, it uses natural Burmese medical terminology and follows standard local pharmaceutical formatting, making it highly authentic and functional for its intended purpose."
<urn:uuid:b63d6ea9-a0f3-4b4c-8f45-52756f98cbdd>,"ဆန်ဂျိုးစ် ၊ ဇူလိုင် ၁၁ ရက် (ဆင်ဟွာ)
ကုလသမဂ္ဂ အထွေထွေ အတွင်းရေးမှူးချုပ်အဖြစ် အမည်စာရင်း တင်သွင်းရန် လျာထားခြင်းခံရသူ ကော့စတာရီကာ နိုင်ငံသား အမျိုးသမီး Christiana Figueres သည် ၎င်း၏ ရာထူးရရှိရေး မဲဆွယ် ခရီးစဉ်အဖြစ် ဇူလိုင်လ ၁၈ ရက်တွင် တရုတ်နိုင်ငံသို့လာရောက်မည် ဖြစ်ကြောင်းသိရသည်။
လက်ရှိ ကုလသမဂ္ဂ အထွေထွေအတွင်းရေးမှူးချုပ် ဘန်ကီမွန်း၏ ရာထူး သက်တမ်းမှာ ယခုနှစ်ကုန်တွင် အဆုံးသတ်ရန် ရှိနေသဖြင့် ၎င်းနေရာအား ဆက်ခံခွင့်ရရှိရန် Figueres က ကြိုးပမ်းလျက် ရှိသည်။ Figueres ၏ တရုတ်နိုင်ငံ ခရီးစဉ်တွင် ကော့စတာရီကာ နိုင်ငံ နိုင်ငံခြားရေးဝန်ကြီး Manuel Gonzalez လည်း အတူတကွ လိုက်ပါလာမည် ဖြစ်ကြောင်း La Nacion နေ့စဉ်သတင်းစာက ဇူလိုင်လ ၁ဝ ရက်တွင် ရေးသားဖော်ပြသည်။
ထို့ပြင် ဇူလိုင်လ ၂၁ ရက်တွင် ကုလသမဂ္ဂ လုံခြုံရေးကောင်စီ၌ အမည်စာရင်း တင်သွင်းမှု မပြုလုပ်မီ ၎င်းတို့ နှစ်ဦးသည် ရုရှားနှင့် ပြင်သစ်နိုင်ငံများသို့လည်း သွားရောက် လည်ပတ်ရန် စီစဉ်ထားကြောင်း သိရသည်။ အဆိုပါ သုံးနိုင်ငံသည် အမေရိကန် ပြည်ထောင်စုနှင့် ဗြိတိန်နိုင်ငံတို့ နှင့်အတူ ကုလသမဂ္ဂ လုံခြုံရေးကောင်စီ အမြဲတမ်းအဖွဲ့ဝင်နိုင်ငံများ အဖြစ်ရပ်တည်နေပြီး အထွေထွေ ညီလာခံသို့တင်သွင်းရန်ရှိသည့် အတွင်းရေးမှူးချုပ် အမည်စာရင်းကို ရွေးချယ်ခြင်းနှင့် ထောက်ခံခြင်းများ ပြုလုပ်ခွင့်ရထားသော နိုင်ငံများ ဖြစ်ကြသည်။
Figueres သည် ကုလသမဂ္ဂ ရာသီဥတု ပြောင်းလဲခြင်းဆိုင်ရာ သဘောတူညီမှု မူဘောင်အဖွဲ့တွင် အမှုဆောင် အတွင်းရေးမှူး အဖြစ် တာဝန်ထမ်းဆောင်နေသူ တစ်ဦးဖြစ်သည်။ ၎င်းသည် ၂ဝ၁၅ ခုနှစ် ဒီဇင်ဘာလတွင် ပြင်သစ်နိုင်ငံ ပါရီမြို့၌ ကမ္ဘာ့နိုင်ငံပေါင်း ၁၉၅ နိုင်ငံမှ လက်မှတ်ရေးထိုးခဲ့သည့် ရာသီဥတုပြောင်းလဲခြင်း ဆိုင်ရာ ပါရီသဘောတူညီမှု အကောင်အထည်ဖော် နိုင်ရန်ကြိုးပမ်းခဲ့သူ တစ်ဦးအဖြစ် ဂုဏ်ပြုခံထားရသူ ဖြစ်သည်။
Figueres သည် ကုလသမဂ္ဂ အထွေထွေ အတွင်းရေးမှူးချုပ် ရာထူးအတွက် လက်တင်အမေရိက နိုင်ငံများ အလှည့်တွင် အာဂျင်တီးနားနိုင်ငံ နိုင်ငံခြားရေးဝန်ကြီး Susana Malcorra နှင့်အပြိုင် ဖြစ်နေသည်။ ယင်းသို့မြင့်မားသော ရာထူးအတွက် အမျိုးသမီး ကိုယ်စားလှယ်လောင်း နှစ်ဦး သို့မဟုတ် သုံးဦး အထိ ဝင်ရောက်ယှဉ်ပြိုင်ကြမည်ကို ဂုဏ်ယူကြောင်း ကော့စတာရီကာ နိုင်ငံခြားရေး ဝန်ကြီး Gonzalez က ပြောကြားသည်။ (Xinhua)",3.0,2.0,3.0,5.0,2.0,"The text is a standard, well-structured news report about UN leadership candidates. It provides factual information suitable for educational purposes regarding international relations. It is clean, professionally written, and uses natural Burmese, though it lacks deep cultural nuance as it is a translation of a Xinhua news wire."
<urn:uuid:43d9a820-fa50-49ab-b478-1975054c1ee8>,"စစ်ကိုင်း ခံတပ်
စစ်ကိုင်း ခံတပ် ခေါ် အစေခံ ခံတပ်သည် စစ်ကိုင်းတိုင်းဒေသကြီး၊ စစ်ကိုင်းမြို့ ၏ အနောက်တောင်ဘက် ဧရာဝတီမြစ်၏ အနောက်ဘက်ကမ်းအနီး အစေခံ အရပ်တွင်တည်ရှိပါသည်။ စစ်ကိုင်းခံတပ်ကို မင်းတုန်းမင်းလက်ထက် ခရစ် သက္ကရာဇ် ၁၈၇၉ ခုနှစ်တွင် အီတလီရေကြောင်း စစ်ဘက်ဌာနမှ ကွန်မိုတိုပဲရီ နှင့် မိုလီနာရီ တို့က ကြီးကြပ်၍ မြန်မာအင်ဂျင်နီယာများနှင့် ပူးပေါင်းတည်ဆောက်ခဲ့သည်။ ကင်းဝန်မင်းကြီး၏ တိုက်တွန်းစီမံချက်ဖြင့် ပြည်ပရန်သာမက ပြည်တွင်းရန်ကိုပါ ကာကွယ်ရန်အတွက် ဆောက်လုပ်ခဲ့ခြင်းဖြစ်ပါသည်။
ပုံသဏ္ဌာန်[ပြင်ဆင်ရန်]
စစ်ကိုင်းခံတပ်သည် စက်ဝိုင်းခြမ်းသဏ္ဌာန်ဖြင့် မြို့ဘက်သို့လှည့်၍ တည်ဆောက်ထားသည်။ အကျယ်အဝန်းမှာ တောင်နှင့်မြောက် ပေ ၂၄၀၊ အရှေ့နှင့်အနောက် ပေ ၃၂၀ ရှည်လျားပြီး ခံတပ်အတွင်းသို့ ဝင်ရန် မြောက်ဘက်နှင့် အရှေ့ဘက်တွင် ဝင်ပေါက် ၂ ပေါက်ရှိသည်။
ခံတပ်ထုသည် တောင်ဘက်၌ မြေသားရော အုတ်ရိုးထု ၃၀ ပေ ခန့်ထူ၍ ကျန် ၃ ဘက်တွင် အုတ်ရိုးထု ၂ ပေရှိပြီး မြေသားမဖို့ဘဲ အုတ်ရိုးသက်သက် မတ်မတ်ထောင်၍ တည်ဆောက်ထားသည်။ ခံတပ်၏အမြင့်မှာ ၉ ပေခန့်သာမြင့်သည်။ တောင်ဘက်မှလွဲ၍ ကျန်အုတ်ရိုး ၃ ဘက်တွင် အမြောက်၊ သေနတ်ပြောင်းပေါက်များကို အစီအရီဖောက်ထားသည်။ တောင်ဘက်တွင် အလျား ၄၂ ပေ၊ အနံ ၂ ပေ၊ ထု ၃ ပေရှိ အခန်း ၂ ခန်းရှိသည်။ ခံတပ်ပေါ်သို့ တက်ရန် အရှေ့ဘက်၊ အနောက်ဘက်နှင့် တောင်ဘက်တို့တွင် အုတ်လှေကား ၃ ဆင့်ပါရှိသည်။
အင်္ဂလိပ်-မြန်မာ တတိယစစ်ပွဲအတွင်း ဗိုလ်မှူး၊ အတွင်းဝန်မင်း၊ မြို့စားမင်းကြီး၊ မင်းခေါင်မဟာမင်းကျော်သူရှိန်နှင့်အတူ တောင်မာရဘင်မှူထမ်း ၃၄၅ယောက်၊ လင်ဇင်းမှုထမ်း ၃၂၈ယောက်၊ ဘုန်းတော်မြစ်အမှုထမ်း ၇၀ ယောက်၊ ဘုန်းတော်တိုး အမှုထမ်း ၃၁၈ ယောက်၊ ကသည်းမြင်းအမှုထမ်း ၂၅၂ ယောက်၊ ရှမ်းမြင်းအမှုထမ်း ၃၁၂ယောက်၊ ဇင်းမယ်ပါ မြင်းအမှုထမ်း ၂၄၄ ယောက်မြန်မာမြင်းအမှုထမ်း ၂၁၅ယောက်၊ သူကောင်းထမ်း ၂၀၀ ယောက်၊ စုစုပေါင်း ၂၇၂၆ ယောက်တို့နှင့် ကနောင်မင်းသား၏သား ကျွန်းညွန့်မင်းသား ခေါင်းဆောင်သော မြန်မာမျိုးချစ်ပုဂ္ဂိုလ်များတို့သည် သူ့ကျွန်မခံလိုသော စိတ်ဓာတ်ဖြင့် ကြံ့ကြံ့ခံ၍ အင်္ဂလိပ်နယ်ချဲ့တို့ကို တွန်းလှန်တိုက်ခိုက်ခဲ့ကြသည်။ စစ်ကိုင်းခံတပ်ကို ဇယားဝင် အဆောက်အဦးများအဖြစ် သတ်မှတ်၍ ၁၉၅၇ ခုနှစ်မှစ၍ ယခုအချိန်အထိ ရှေးဟောင်းသုတေသန၊ အမျိုးသားပြတိုက်နှင့် စာကြည့်တိုက်ဦးစီးဌာနက ပြုပြင်ထိန်းသိန်းစောင့်ရှောက်လျက် ရှိပါသည်။ [၁]
ကိုးကား[ပြင်ဆင်ရန်]
- စစ်ကိုင်းခံတပ် ကျောက်စာမှ",4.0,2.0,3.0,4.0,5.0,"The text provides historical and architectural information about the Sagaing Fort, suitable for educational purposes. It uses natural Burmese, includes specific historical context and local terminology, and is well-structured, though it contains minor boilerplate elements like '[ပြင်ဆင်ရန်]' (edit links) typical of wiki-style content."
<urn:uuid:356a551c-d9f2-437b-8bff-7c6cb76e332e>,"ဆဲလ္ေတြက ေအာက္စီဂ်င္ ဘယ္မွာ႐ွိတယ္ဆိုတာ သိေအာင္လုပ္ၿပီး ရယူအသံုးခ်ပံုကို ႐ွာေဖြေတြ႔႐ွိခဲ့တဲ့ အေမရိကန္သိပၸံပညာ႐ွင္ ႏွစ္ ေယာက္နဲ႔ ၿဗိတိန္သိပၸံပညာ႐ွင္ တ ေယာက္ကို ၂၀၁၉ ခုႏွစ္အတြက္ ေဆးပညာရပ္ဆိုင္ရာ Nobel ဆုေပးဖုိ႔ ေ႐ြးခ်ယ္လိုက္ပါတယ္။
သိပၸံပညာ႐ွင္ေတြျဖစ္တဲ့ William Kaelin, Gregg Semenza နဲ႔ Peter Ratcliffe တို႔ကို ပူးတဲြဆုေပးလိုက္တယ္လို႔ ေဆးပညာရပ္ဆုိင္ရာ Nobel ေကာ္မတီ အတြင္းေရးမွဴးခ်ဳပ္ Thomas Perlmann က Sweden ႏိုင္ငံ Stockholm ၿမိဳ႕ေတာ္မွာ ဒီကေန႔ ေၾကျငာတာျဖစ္ပါတယ္။
ဆဲလ္ေတြရဲ႕ ဇီဝျဖစ္စဥ္နဲ႔ ဇီဝျဖစ္ပ်က္မႈေတြမွာ ေအာက္စီဂ်င္ပမာဏက ဘယ္ေလာက္ သက္ေရာက္မႈ႐ွိတယ္ဆုိတာ အေျခခံနားလည္ေအာင္ ဒီသိပၸံပညာ႐ွင္ေတြက ေလ့လာခဲ့ၾကတယ္လို႔ ဆုေ႐ြးခ်ယ္ေရးေကာ္မတီက ေျပာပါတယ္။
သူတို႔ရဲ႕ ေလ့လာမႈေတြကေန ေသြးအားနည္းေရာဂါ၊ ကင္ဆာေရာဂါနဲ႔ တျခားေရာဂါေတြကို တိုက္ဖ်က္ႏုိင္မယ့္ နည္းလမ္းသစ္ေတြ႐ွာေဖြဖုိ႔ အေထာက္အကူျဖစ္ခဲ့တယ္လို႔ဒီကေန႔ ဆုေၾကျငာစဥ္မွာ ေျပာၾကားသြားပါတယ္။
ေဒၚလာ ၉ သိန္းေက်ာ္နဲ႔ညီမွ်တဲ့ ဆုေငြေတြကို သိပၸံပညာ႐ွင္ ၃ ေယာက္ ခဲြေဝရၾကမွာျဖစ္ပါတယ္။ ႏွစ္စဥ္ေပးတဲ့ Nobel ဆုေတြမွာ ေဆးပညာရပ္ဆိုင္ရာ Nobel ဆုကို ပထမဆံုးေၾကညာတာျဖစ္ပါတယ္။
[Unicode Version]
ဆဲလ်တွေက အောက်စီဂျင် ဘယ်မှာရှိတယ်ဆိုတာ သိအောင်လုပ်ပြီး ရယူအသုံးချပုံကို ရှာဖွေတွေ့ရှိခဲ့တဲ့ အမေရိကန်သိပ္ပံပညာရှင် နှစ် ယောက်နဲ့ ဗြိတိန်သိပ္ပံပညာရှင် တ ယောက်ကို ၂၀၁၉ ခုနှစ်အတွက် ဆေးပညာရပ်ဆိုင်ရာ Nobel ဆုပေးဖို့ ရွေးချယ်လိုက်ပါတယ်။
သိပ္ပံပညာရှင်တွေဖြစ်တဲ့ William Kaelin, Gregg Semenza နဲ့ Peter Ratcliffe တို့ကို ပူးတွဲဆုပေးလိုက်တယ်လို့ ဆေးပညာရပ်ဆိုင်ရာ Nobel ကော်မတီ အတွင်းရေးမှူးချုပ် Thomas Perlmann က Sweden နိုင်ငံ Stockholm မြို့တော်မှာ ဒီကနေ့ ကြေငြာတာဖြစ်ပါတယ်။
ဆဲလ်တွေရဲ့ ဇီဝဖြစ်စဉ်နဲ့ ဇီဝဖြစ်ပျက်မှုတွေမှာ အောက်စီဂျင်ပမာဏက ဘယ်လောက် သက်ရောက်မှုရှိတယ်ဆိုတာ အခြေခံနားလည်အောင် ဒီသိပ္ပံပညာရှင်တွေက လေ့လာခဲ့ကြတယ်လို့ ဆုရွေးချယ်ရေးကော်မတီက ပြောပါတယ်။
သူတို့ရဲ့ လေ့လာမှုတွေကနေ သွေးအားနည်းရောဂါ၊ ကင်ဆာရောဂါနဲ့ တခြားရောဂါတွေကို တိုက်ဖျက်နိုင်မယ့် နည်းလမ်းသစ်တွေရှာဖွေဖို့ အထောက်အကူဖြစ်ခဲ့တယ်လို့ဒီကနေ့ ဆုကြေငြာစဉ်မှာ ပြောကြားသွားပါတယ်။
ဒေါ်လာ ၉ သိန်းကျော်နဲ့ညီမျှတဲ့ ဆုငွေတွေကို သိပ္ပံပညာရှင် ၃ ယောက် ခွဲဝေရကြမှာဖြစ်ပါတယ်။ နှစ်စဉ်ပေးတဲ့ Nobel ဆုတွေမှာ ဆေးပညာရပ်ဆိုင်ရာ Nobel ဆုကို ပထမဆုံးကြေညာတာဖြစ်ပါတယ်။",4.0,2.0,3.0,5.0,3.0,"The text provides a clear, educational summary of the 2019 Nobel Prize in Medicine, explaining the scientific discovery and its medical implications. It is well-structured, clean, and uses natural Burmese, though it lacks deep analytical reasoning or highly specialized technical depth, making it accessible to a general audience."
<urn:uuid:db8511b3-c0f8-4490-a921-8d15c5a2febd>,"ၿပီးခဲ့တဲ့ တနလၤာေန႔မွာ ရွမ္းျပည္ ျပန္လည္ တည္ေဆာက္ေရးေကာင္စီက သူတို႔ရဲ႕ ၈ႀကိမ္ေျမာက္ ႏွစ္ပတ္လည္ အစည္းအေ၀းကို ထိုင္းျမန္မာနယ္စပ္မွာ က်င္းပခဲ့ပါတယ္။ ဒီအစည္းအေ၀းက နိဳင္ငံေရးျပႆနာေတြကို နိဳင္ငံေရးနည္းအရ ေျဖရွင္းသြားဖို႔အတြက္ ျမန္မာစစ္အစိုးရနဲ႔ ေတြ႔ဆံုေဆြးေႏြးေရးနဲ႔ ရွမ္းျပည္တြင္းက အဖဲြ႔အစည္းေတြအၾကား စည္းလံုးညီညြတ္မႈ တည္ေဆာက္ေရးအတြက္ ဆက္လက္ႀကိဳးစားသြားမယ္လို႔ ဆံုးျဖတ္ခဲ့ပါတယ္။ ဒီသတင္းအျပည္အစံုကို ထိုင္းအေျခစိုက္သတင္းေထာက္ ဦးမိုးေဇာ္က တင္ျပထားပါတယ္။
အက္စ္အက္ေအေခၚ ရွမ္းျပည္တပ္မေတာ္-ေတာင္ပိုင္းရဲ့ နိဳင္ငံေရးဦးေဆာင္အဖဲြ႔ျဖစ္တဲ့ ရွမ္းျပည္ ျပန္လည္တည္ေဆာက္ေရး ေကာင္စီရဲ့ အစည္းအေ၀းကို ဒီလ ၁၀ရက္ေန႔ကေန ၁၄ရက္ေန႔အထိ က်င္းပခဲ့တာျဖစ္ၿပီး အရပ္သား ကိုယ္စားလွယ္ေတြ အပါအ၀င္ စုစုေပါင္း ၁၉၈ ေယာက္ တက္ေရာက္ခဲ့ပါတယ္။ ဒီအစည္းအေ၀းက ဆံုးျဖတ္ခ်က္ ၆ခ်က္ ခ်မွတ္မွတ္ခဲ့ပါတယ္။ အက္စ္အက္စ္ေအ ေတာင္ပိုင္းရဲ့ ေျပာေရးဆိုခြင့္ရိွသူ ဗိုလ္မႉး စိုင္းေလာင္၀္ဆိုင္းက ဒီဆံုးျဖတ္ခ်က္ေတြနဲ႔ ပတ္သက္ၿပီး အခုလို ေျပာပါတယ္။
“က်ေနာ္တို႔ ရွမ္းျပည္တြင္းမွာ ရိွေနတဲ့ အဖဲြ႔အစည္းေတြ ၿငိမ္းခ်မ္းေရးယူထားတဲ့ အဖဲြ႔အစည္းေတြ အားလံုးေရာ ေနာက္ၿပီးေတာ့ အက္စ္ပီးဒီစီကိုေရာေပါ့။ က်ေနာ္တို႔ အျပဳသေဘာေဆာင္တဲ့ နိဳင္ငံေရး ေဆြးေႏြးပဲြေတြ ျဖစ္လာေအာင္ က်ေနာ္တို႔ ဦးစားေပးၿပီးေတာ့ ေဆာင္ရြက္သြားဖို႔ က်ေနာ္တို႔ ဆံုးျဖတ္ခ်က္ ခ်မွတ္ထားပါတယ္။ အဲဒီအေပၚမွာ မူတည္ၿပီးေတာ့ က်ေနာ္တို႔ အဖက္ဖက္ကေန လက္ခံနိဳင္တဲ့ ဒီ ေတြ႔ဆံုေဆြးေႏြးပဲြေတြ ျဖစ္လာေအာင္ က်ေနာ္တို႔ ႀကိဳးစားသြားမယ္လို႔ က်ေနာ္တို႔ ဆံုးျဖတ္ခ်က္ခ်ထားတာပါ။”
အခုက်င္းပတဲ့ အစည္းအေ၀းအတြင္းမွာ အက္စ္အက္စ္ေအ -ေတာင္ပိုင္းဟာ တပ္အင္အားကို ခိုင္မာေအာင္ ေဆာင္ရြက္သြားမယ ္လို႔လည္း ဆံုးျဖတ္ခဲ့ပါတယ္။ ဒီလို ဆံုးျဖတ္ရတဲ့ အေျခအေနကို ဗိုလ္မႉး စိုင္းေလာင္၀္ဆိုင္းက အခုလို ရွင္းျပပါတယ္။
“ေတြ႔ဆံုေဆြးေႏြးပဲြ ဆိုတာက နိဳင္ငံေရးအေပၚ အေျခခံၿပီး က်ေနာ္တို႔ ႀကိဳးစားေနတာပါ။ တဘက္ကလည္း နအဖဘက္ကလည္း က်ေနာ္တို႔ ရွမ္းျပည္တြင္းမွာ ဆိုရင္ တၿမိဳ႔နယ္မွာ တပ္ရင္း သံုး-ေလးရင္းေလာက္ တိုးခ်ဲ႕ၿပီးေတာ့ ေနေနတာရိွပါတယ္။ ယေန႔ ထက္ထိပါပဲ၊ က်ေနာ္တို႔ နိဳင္ငံေရးစကား ေျပာလာၿပီ ဆိုရင္လည္း ဒီ နအဖဘက္ကေန ဘယ္ေခတ္မဆို စစ္ေရးနည္းလမ္းနဲ႔ပဲ ေျဖရွင္းတာေတြ ရိွပါတယ္။ ဒီေတာ့ က်ေနာ္တို႔မွာလည္း က်ေနာ္တို႔ကိုယ္ က်ေနာ္တို႔ ကာကြယ္ဖို႔ အတြက္ စစ္အင္အားေတြရိွထားဖို႔ လိုတယ္ဆိုတဲ့အေၾကာင္းေၾကာင့္ က်ေနာ္တို႔ စစ္အင္အားေတြ တိုးခ်ဲ႕တာ မဟုတ္ေတာင္မွ က်ေနာ္တို႔ ကိုယ္က်ေနာ္တို႔ ကာကြယ္ဖို႔ စစ္အင္အားေတြ စုေဆာင္းတာေတာ့ ရိွပါတယ္။”
ရွမ္းျပည္ ျပန္လည္ တည္ေဆာက္ေရးေကာင္စီရဲ့ ဆံုးျဖတ္ခ်က္ ၆ခ်က္က ေနာက္ ဆံုးျဖတ္ခ်က္တခုကေတာ့ သဘာ၀ပတ္၀န္က်င္ ပ်က္စီးမႈကို ကာကြယ္ဖို႔ နဲ႔ ကြ်ဲႏြားေတြ ျပည္ပကို တင္ပို႔မႈေတြကို ေလ်ာ့နည္းေစဖို႔ သစ္နဲ႔ ကြ်ဲႏြားေတြအေပၚကို အခြန္တိုးျမွင့္ေကာက္ခံမယ္လို႔လည္း ဆံုးျဖတ္ခဲ့ပါတယ္။
ရွမ္းျပည္က နိဳင္ငံေရးအဖဲြ႔ေတြနဲ႔ စည္းလံုး ညီညြတ္ေရး တည္ေဆာက္ သြားမယ္ဆိုတဲ့ အက္စ္အက္စ္ေအေတာင္ပိုင္းရဲ့ ဆံုုးျဖတ္ခ်က္ကို ပေလာင္ ျပည္သူ႔ လြတ္ေျမာက္ေရးတပ္ဦးရဲ့ အေထြေထြ အတြင္းေရးမႉး မိုင္အိုက္ဖုန္းက ႀကိဳဆိုလိုက္ပါတယ္။
“ရွမ္းျပည္မွာ က်ေနာ္တို႔ မတူကဲြျပားတဲ့ လူမ်ိဳးစုေတြ အမ်ားႀကီး ရိွတဲ့အျပင္ မတူကဲြျပားတဲ့ အဖဲြ႔ေတြလည္း အမ်ားႀကီးရိွတယ္လို႔ က်ေနာ္တို႔ ျမင္တယ္၊ အဲဒီအဖဲြ႔ေတြလည္း ဒီလုိ လူမ်ိဳးစုေတြ အားလံုး စုစည္းဖို႔ က်ေနာ္တို႔မွာ တာ၀န္ရိွတယ္၊ အခု အက္စ္အက္စ္ေအ ေတာင္ပိုင္းခ်မွတ္သလို က်န္တဲ့အဖဲြ႔ေတြလည္း ထိုနည္းတူစြာ လုပ္ငန္းေတြလည္း ခ်မွတ္သင့္တယ္၊ ဒါမွသာ က်ေနာ္တို႔ ရွမ္းျပည္မွာ စည္းလံုးညီညြတ္ေရးကို ခိုင္ခိုင္မာမာ တည္ေဆာက္ၿပီးေတာ့ တကယ့္တန္းတူေရးကို တည္ေဆာက္ၿပီးမွပဲ က်ေနာ္တို႔ ေမွ်ာ္မွန္းထားတဲ့ တျပည္လံုးရဲ့ ၿငိမ္းခ်မ္းေရးနဲ႔ တရားမွ်တေရးကို ဦးတည္ၿပီးေတာ့ ေဆာင္ရြက္နိဳင္မယ္လို႔ က်ေနာ္ျမင္တယ္။”
ဆက္လက္ၿပီး မိုင္အိုက္ဖုန္းက ဒီလို စည္းလံုးညီညြတ္ေရးတည္ေဆာက္ရာမွာ ညီရင္းအကိုစိတ္နဲ႔ လက္ေတြ႔အေကာင္အထည္ေဖာ္ဖို႔ လိုအပ္တဲ့အေၾကာင္း ေျပာပါတယ္။
အက္စ္အက္စ္ေအ-ေတာင္ပိုင္းဟာ ၁၉၉၆ခုႏွစ္မွာ ခြန္ဆာေခါင္းေဆာင္တဲ့ ေမာ္ထိုင္းတပ္မေတာ္ လက္နက္ခ်ခ်ိန္မွာ ခဲြထြက္ၿပီး ျမန္မာစစ္အစိုးရကို ဆက္လက္ေတာ္လွန္ေနတဲ့ အဖဲြ႔ျဖစ္ပါတယ္၊ လြန္ခဲ့တဲ့ႏွစ္ ေမလအတြင္းက ျမန္မာစစ္အစိုးရနဲ႔ ေတြ႔ဆံုေဆြးေႏြးဖို႔ ႀကိဳးစားခဲ့ေပမယ့္ မေအာင္ျမင္ခဲ့ပါဘူး၊ ၂၀၀၅ခုႏွစ္္အတြင္းကလည္း ယူဒဗလူ အက္ေအေခၚ အပစ္ရပ္ ၀ျပည္ေသြးစည္းညီညြတ္ေရးတပ္နဲ႔ ျမန္မာတပ္ဖဲြ႔ေတြက အက္စ္အက္စ္ေအ-ေတာင္ပိုင္းရဲ့ ဌာနခ်ဳပ္လိြဳင္တန္းလ်န္းကို အျပင္းအထန္ ထိုးစစ္ဆင္ခဲ့ၾကပါတယ္။",3.0,3.0,3.0,5.0,5.0,"The text is a well-structured, professional news report about political developments in Shan State. It provides clear, factual reporting on organizational decisions and historical context. It uses natural, authentic Burmese journalistic language and reflects the specific socio-political landscape of the region, making it highly relevant for understanding local current affairs."
<urn:uuid:9306bcf3-741c-4c8f-b20d-c9e106d1098b>,"08 Oct 2015
[:my]မန္မာ့ဦးေဆာင္ဆက္သြယ္ေရးေအာ္ပေရတာ MPT မွ ျမန္မာ့အိုင္တီလူငယ္မ်ားအတြက္စိတ္လႈပ္ရွားစရာအစီအစဥ္တြင္ပူးေပါင္းကူညီမည္
ရန္ကုန္၊ ျမန္မာ။ ၂၀၁၅ ခုႏွစ္ ေအာက္တိုဘာလ ၈ ရက္ – ျမန္မာႏိုင္ငံ၏ ဦးေဆာင္ဆက္သြယ္ေရးေအာ္ပေရတာျဖစ္ေသာ ျမန္မာ့ဆက္သြယ္ေရးလုပ္ငန္း (MPT) သည္ မၾကာခင္ျပဳလုပ္မည့္ ျမန္မာဆိုက္ဘာဆီးဂိမ္းၿပိဳင္ပဲြတြင္ Diamond စပြန္ဆာအျဖစ္ ေဆာင္ရြက္သြားမည္ျဖစ္ေၾကာင္း ယေန႔ သတင္းထုတ္ျပန္လုိက္သည္။
ၿပိဳင္ပဲြ၏ ပထမအဆင့္ကို ရန္ကုန္ၿမိဳ႕ MICT Park (Conference Hall) ၌ ၂၀၁၅ ခုႏွစ္၊ ေအာက္တိုဘာ ၉ ရက္ေန႔တြင္ က်င္းပသြားမည္ျဖစ္ၿပီး ၿပိဳင္ပဲြတြင္ အသင္းဝင္ ၃ ေယာက္စီပါဝင္ေသာ အသင္း ၁၀ သင္းက ဝင္ေရာက္ယွဥ္ၿပိဳင္ၾကမည္ျဖစ္သည္။ ပထမ၊ ဒုတိယ၊ တတိယဆုမ်ားကို ဂ်ပန္ဒိုင္လူႀကီးမ်ားမွ အကဲျဖတ္ေပးမည္ျဖစ္ၿပီး အႏိုင္ရရွိေသာ အသင္းက ၂၀၁၅ ခုႏွစ္၊ ႏိုဝင္ဘာလ ၁၀ ရက္ႏွင့္ ၁၁ ရက္တြင္ အင္ဒိုနီးရွားႏိုင္ငံ၌ က်င္းပျပဳလုပ္မည့္ Japan-ASEAN Cyber SEA Games သို႔ တဆင့္တက္လွမ္းကာ သြားေရာက္ယွဥ္ၿပိဳင္ရမည္ျဖစ္သည္။
“ဒီပဲြက ျမန္မာႏုိင္ငံမွာ ပထမဆံုးက်င္းပတဲ့ ဆိုက္ဘာဆီးဂိမ္းပဲြျဖစ္ပါတယ္။ ဒီပဲြမွာ sponsor ေပးရတဲ့ ရည္ရြယ္ခ်က္ကေတာ့ MPT အေနနဲ႔ လူငယ္ေတြရဲ႕ နည္းပညာဗဟုသုတေတြ ပိုမိုတိုးတက္လာဖုိ႔နဲ႔ ဆိုက္ဘာလံုၿခံဳေရးနဲ႔ ပတ္သက္တဲ့ စြမ္းရည္ေတြပိုမိုလံုေလာက္ဖြံ႔ၿဖိဳးလာဖို႔ ၾကိဳးပမ္းတဲ့ေနရာမွာ ကူညီပ့ံပိုးခ်င္တာေၾကာင့္ျဖစ္ပါတယ္။ ျမန္မာလူမ်ိဳးေတြ နည္းပညာနဲ႔ အိုင္တီပိုင္းဆိုင္ရာ ဗဟုသုတေတြ ပိုမိုတိုးတက္လာေအာင္ ေထာက္ပံ့ကူညီျခင္းအားျဖင့္ ကၽြန္ေတာ္တို႕ရဲ ့သေဘာထားကို ဒီပြဲမွာျပသလိုက္တာပါပဲ” ဟု MPT-KSGM Joint Operations ၏ Chief Commercial Officer ျဖစ္သူ Mr.Koichi Kawase ကေျပာသည္။
ယခုက်င္းပမည့္ ဆိုက္ဘာဆီးဂိမ္းပြဲကို Forensics, Reverse Engineering, CND (Computer Network Defense Hardening), and Pentest အသံုးျပဳသူမ်ားအတြက္ ရည္ရြယ္က်င္းပျခင္းျဖစ္သည္။ ပါဝင္ယွဥ္ၿပိဳင္လုိသူမ်ားသည္ အသက္ ၃၀ ႏွစ္ေအာက္ျဖစ္ရမည္ျဖစ္ၿပီး အေျခခံ IT/system engineering တတ္ကၽြမ္းနားလည္သူျဖစ္ရမည္။ လက္ရွိ National CERT အသင္း အဖဲ႔ြဝင္/ ဝန္ထမ္း သို႔မဟုတ္ လက္ရွိတြင္ ဆိုက္ဘာလံုၿခံဳေရးဥပေဒအတြက္ အစိုးရဝန္ထမ္းအျဖစ္ တာဝန္ထမ္းေဆာင္ေနသူမ်ားအေနျဖင့္ အဆိုပါျပိဳင္ပြဲတြင္ ၀င္ေရာက္ယွဥ္ျပိဳင္ခြင့္ရရွိမည္မဟုတ္ပါ။
ဆုေၾကးေငြမ်ားအေနျဖင့္ ပထမဆု ၅ သိန္းက်ပ္၊ ဒုတိယဆု ၃ သိန္းက်ပ္ႏွင့္ တတိယဆု ၂ သိန္းက်ပ္တို႔ကို အသီးသီးခ်ီးျမွင့္သြားမည္ျဖစ္သည္။ ေနာက္ဆံုးအဆင့္ၿပိဳင္ပဲြတြင္ ေရြးခ်ယ္ခံရေသာ အသင္းသည္ ဂ်ပန္-အာဆီယံ ပူးေပါင္းအဖဲ႔ြ၏ ရံပံုေငြျဖင့္ ဂ်ပန္သို႔ ဖိတ္ေခၚျခင္း ခံရမည္ျဖစ္သည္။
ဤဆိုက္ဘာဆီးဂိမ္းၿပိဳင္ပဲြသို႔ ပါဝင္ယွဥ္ၿပိဳင္လုိသူမ်ားအေနျဖင့္ ေလွ်ာက္လႊာမ်ားကို www.mcfmyanmar.org/images/pdf/cyber-sea-game-entry-form.pdf တြင္ရယူ၍ျဖစ္ေစ ဝက္ဘ္ဆိုက္တြင္ ေလွ်ာက္ထား၍ျဖစ္ေစ ပါဝင္ႏိုင္သည္။ အေသးစိတ္သိရွိလိုသည္မ်ားကိုwww.mcfmyanmar.org/images/pdf/cyber-sea-game-rules-and-details.pdf တြင္လည္း ၀င္ေရာက္ၾကည့္ရႈႏိုင္သည္။[:]",2.0,1.0,3.0,4.0,3.0,"The document is a press release about a cybersecurity competition. It provides factual information about an event, which has some educational relevance for IT students, but it is promotional in nature. It is written in natural, professional Burmese, though it contains some boilerplate and external links, making it a clean and authentic source."
<urn:uuid:031bcc96-e335-40a8-b865-4f967830a86f>,"- မောင်တောဒေသ စုံစမ်းစစ်ဆေးရေး ကော်မရှင် အစည်းအဝေး (၂/၂၀၁၇) ကျင်းပ
- မစ္စရန်ဟီလီနှင့် အဖွဲ့ မြန်မာနိုင်ငံ သတင်းမီဒီယာ ကောင်စီမှ တာဝန် ရှိသူများနှင့် တွေ့ဆုံ ဆွေးနွေး
- နိုင်ငံခြားရေးဝန်ကြီးဌာန၊ ဒုတိယဝန်ကြီး ဦးကျော်တင်မှ ဩစတြေးလျနိုင်ငံ လွှတ်တော် ကိုယ်စားလှယ် Senator Mr. Dean Smith ဦးဆောင်သော အဖွဲ့အား လက်ခံတွေ့ဆုံ
- ကိုယ်ဝန်ဆောင် မိခင်များနှင့် အသက် (၂)နှစ်အောက် ကလေးများ ငွေကြေး ထောက်ပံ့ရေး အစီအစဉ် စတင် ဆောင်ရွက်မည်
- (၁၇) ကြိမ်မြောက် မြန်မာ့တိုင်းရင်းဆေး သမားတော်များ ညီလာခံ အကြို ညှိနှိုင်း ဆွေးနွေးပွဲ ကျင်းပ
Draft Law
နိုင်ငံခြားသားများဆိုင်ရာ ဥပဒေကြမ်း
ပြည်ထောင်စုရွေးကောက်ပွဲကော်မရှင်ဥပဒေကို ဒုတိယအကြိမ် ပြင်ဆင့်သည့် ဥပဒေကြမ်း
စာရင်းအင်းဥပဒေ (မူကြမ်း)
ဥပဒေဆိုင်ရာ အထောက်အကူပေးရေးဥပဒေကို ပြင်ဆင်သည့်ဥပဒေ
ပြည်တွင်းရေကြောင်းပို့ဆောင်ရေးအဖွဲ့ ဥပဒေကို ရုပ်သိမ်းသည့် ဥပဒေ (မူကြမ်း)
မြန်မာနိုင်ငံ ရင်းနှီးမြှုပ်နှံမှု ဥပဒေ (မူကြမ်း)
နိုင်ငံသားများ၏ ပုဂ္ဂိုလ်ဆိုင်ရာ လွတ်လပ်မှုနှင့် လုံခြုံမှုကို ကာကွယ်ရေးဥပဒေ
ဥပဒေဘာသာပြန်ကော်မရှင်ဥပဒေကို ပြင်ဆင်သည့် ဥပဒေ
ဝင်ငွေခွန်ဥပဒေကို ပြင်ဆင်သည့် ဥပဒေပြန်ဋ္ဌာန်း",2.0,0.0,3.0,3.0,4.0,"The document is a list of government news headlines and legislative drafts. It provides factual information about administrative activities in Myanmar, requiring basic civic knowledge. It is clean and formatted as a list, using natural Burmese administrative terminology, though it lacks deep reasoning or educational narrative structure."
<urn:uuid:b57d47c6-fc5c-4627-a3a9-68ee543a3f39>,လူ့ရပိုင်ခွင့်များသည် အာမခံခြင်း၊ လေးစားခြင်း၊ အားပေးခြင်းနှင့်ကျင့်သုံးခြင်းတို့ကို ဆောင်ရွက်ပါမှ အသက်ဝင်တည်တံ့ရိုး ဖြစ်ပေသည်။ ထို့ကြောင့် ထိုသို့ဆောင်ရွက်နိုင်ရန် သက်ဆိုင်ရာမဏ္ဍိုင်၊ အင်စတီကျူးရှင်းနှင့် အစုအဖွဲ့များက သက်ဆိုင်ရာ ဆောင်ရွက်စရာများကို ဆောင်ရွက်ကြရပါလိမ့်မည်။ လူ့ရပိုင်ခွင့်များကို အာမခံခြင်းအား နိုင်ငံ၏အစိုးရဖြစ်သော အုပ်ချုပ်ရေးမဏ္ဍိုင်နှင့် တရားစီရင်ရေးမဏ္ဍိုင်များက ဆောင်ရွက်ကြရပြီး ယင်းအား လေးစား ခြင်းနှင့် အားပေးခြင်းတို့ကို ဥပဒေပြုရေး မဏ္ဍိုင်က ပိုမိုထင်ရှားစွာဆောင်ရွက်ကြလေ့ရှိပေ သည်။ ကျင့်သုံးခြင်းတွင်မူ စတုတ္ထနှင့်ပဉ္စမမဏ္ဍိုင်တို့ဖြစ်ကြသော မီဒီယာနှင့်လူထုကပါ ပူးပေါင်း ဆောင်ရွက်နိုင်ကြပါသည်။ သို့မှသာ နိုင်ငံတွင်း လူ့ရပိုင်ခွင့်များ အသက်ဝင်တည်တံ့နိုင်မည် ဖြစ်ပါသည်။ သို့ဆိုရာတွင် သက်ဆိုင်ရာမဏ္ဍိုင်များက သက်ဆိုင်ရာအစိတ်အပိုင်းများကို မည်မျှ အောင်မြင်ရှင်သန်အောင် ဆောင်ရွက်နိုင်ခြင်းရှိ-မရှိကို လေ့လာအကဲဖြတ်မှုသည်လည်း လိုအပ် ချက်တစ်ခု ဖြစ်ပါမည်။ ထိုလိုအပ်ချက်ကို ဖြည့်ဆည်းသည့်အနေဖြင့် အာဏာသုံးရပ်ခွဲဝေ ကျင့်သုံးသည့် ဒီမိုကရေစီနိုင်ငံများတွင် လူ့ရပိုင်ခွင့်ဆိုင်ရာ […]Read More →,3.0,3.0,3.0,3.0,4.0,"The text provides a coherent, educational overview of human rights and governance structures in a democratic context. It uses formal Burmese terminology appropriate for civic education. While it contains a 'Read More' snippet, the core content is well-structured, logically sound, and reflects authentic local political discourse."
<urn:uuid:62727f5a-60a0-49ed-b357-b0f0de22cde0>,"Interview with Cyber Security Talent: Min Ko Ko
1. ညီရဲ့ အကြောင်းလေး ပြောပါဦး။
ကျွန်တော်နာမည်အရင်းက မင်းကိုကိုပါ။ ဒီ Computer နယ်ပယ်ထဲစဝင်တုန်းက cyberoot ဆိုတဲ့ nickname ကြောင့်အများကတော့ KoRoot လို့ခေါ်ကြပါတယ်။ Computer ကျောင်းပြီးပြီး ၂ နှစ်ကျော်မှ Computer နယ်ပယ်ထဲသေချာဝင်ဖြစ်ပါတယ်။ မှတ်မှတ်ရရတော့ အသက် ၂၅ (2012)ကစပြီး web developing စပြီးလေ့လာဖြစ်တယ် အဲလိုကနေပဲ security အပိုင်းဆက်ပြီးလေ့လာဖြစ်ပါတယ်။ 2019 လောက်ကစပြီး web developing ပိုင်းသိပ်မလုပ်တော့ပဲ security အပိုင်းသီးသန့်လေ့လာဖြစ်ပါတယ်။ လက်ရှိကတော့ Creatigon မှာ Cyber Security သင်တန်းတွေသင်နေပါတယ်။ အားတဲ့အချိန်တော့ စာဖတ်လိုက် စမ်းလိုက်ပါပဲ။
2. ဘာကြောင့် Ethical Hacking ကို စိတ်ဝင်စားဖြစ်သွားတာလဲ?
Web security ပဲပေါ့. ဒါက ကျွန်တော်ရဲ့ ပထမဆုံး web development လုပ်ထားတဲ့အတွေ့အကြုံတွေကို ကောင်းကောင်းအသုံးချခွင့်ရတယ်။ web security သိထားတော့ bug bounty တွေပါလိုက်ရှာကြည့်တယ်။ exploit, CVE တွေလည်း ရှာကြည့်ပါသေးတယ်။ အမှန်တိုင်းပြောရင် web ကလေ့လာရတာနည်းနည်းတော့ပိုများသလိုပဲ ဒါပေမယ့် အမြဲလေ့လာနေရင်တော့အဆင်ပြေသွားပါတယ်။ အခုတော့ Pentesting ကိုပိုလုပ်ဖြစ်ပါတယ်။ စိတ်ဝင်စားဖို့လည်းကောင်းပါတယ် လုံးဝမသိတာတွေပိုပြီးသိလာရတယ် အကြိုက်ဆုံးအပိုင်းကတော့ Privilege escalation အပိုင်းပါပဲ။ ဒီအပိုင်းကိုပိုပြီးလေ့လာနေပါတယ်။ Linux အပိုင်းက နည်းနည်းရပေမယ့် အခုအသစ်ထွက်လာတဲ့ Window AD လို့ဟာမျိုးကျ နည်းနည်းစိမ်းနေသေးတယ် အဲဒါကိုလည်းဆက်လုပ်ရဦးမှာပါ။ reversing ပိုင်းတော့နည်းနည်းသိတယ်. စိတ်ဝင်စားသော်လည်း အချိန်မပေးနိုင်သေးတာကြောင့် မလုပ်ဖြစ်သေးပါဘူး။ စိတ်ကူးထားတာက Pentesting, Reversing, Mobile, Forensic ဒီလိုအစဉ်အတိုင်းဆက်လေ့လာသွားပါမယ်။ Crypto ကိုတော့ သိပ်စိတ်မပါလို့ မလုပ်ဖြစ်ပါဘူး။
3. ဂုဏ်ယူရတဲ့ အောင်မြင်မှုရှိရင် ပြောပါဦး။
Computer ကျောင်းဆင်းဖြစ်တဲ့အတွက် B.C.Sc:Hons ရထားပါတယ်. ကျောင်းပြီးလို့ internet စသုံးတော့ Hacking စပြီးလေ့လာဖြစ်ပါတယ်။ ကျွန်တော်စလုပ်ကတည်းက YEHG team ကိုသတိထားမိပါတယ်။ အားကျခဲ့လို့ တစ်နေ့ကျရင် ဒီလိုမျိုးဖြစ်အောင်လုပ်မယ်ဆို စိတ်ကူးရှိခဲ့ဖူးပါတယ်။ Forum တွေမှာရှိတဲ့ Tutorials တွေလိုက်လုပ်ပြီး အချို့ Team တွေနဲ့ Join ဖြစ်ပါတယ်။ နောက်တော့ team ထဲက လူအချို့ပေါင်းပြီး CTF တွေ HTB တွေအတူဖြေခဲ့ကြပါတယ်။ ပထမဆုံး join ဖူးတဲ့ ဖိုရမ်က https://hackforums.net/ ပါပဲ။ အရင်ကတော့ Certificate မယူတော့ဘူးလို့စိတ်ကူးထားပေမယ့် နောက်ပိုင်း သင်တန်းတွေအရမ်းများလာတဲ့အတွက်ကြောင့် ဖြေဖြစ်ခဲ့ပါတယ်။ Certificate အနေနဲ့တော့ OSWE,OSCE,OSCP,OSWP,EWPTX တို့ရထားပါတယ်. Exploit, CVE တစ်ချို့အပြင် တော်တော်များများ Website တွေမှာ Hall of Fame ရခဲ့ဖူးပါတယ်။
4. နောင်အနာဂတ်မှာ မိမိ ကိုယ်မှာ ဘယ်လို စိတ်ကူး အိမ်မှတ်တွေ ရှိလဲ?
ကျန်သေးတဲ့ Certificate အချို့ထပ်ဖြေဖြစ်မှာပါ။ လုပ်ချင်တဲ့အလုပ်တစ်ခုတော့ ရှိပါတယ် Offsec ရဲ့ Vulnerable Machine maker လုပ်ချင်တဲ့အတွက်လိုအပ်တာလေးတွေဆက်လေ့လာရဦးမှာပါ။ သင်တန်းအသစ်တွေထပ်ဖွင့်ပြီး ကလေးလည်းထိန်းရဦးမှာပါ. မိသားစုအတွက်အချိန်ပိုပေးဖြစ်မယ်ထင်တယ် security အပိုင်းကတော့အားတဲ့အချိန်ဖြည်းဖြည်းဆက်လုပ်သွားမှာပါ။
5. Ethical Hacking စိတ်ဝင်စားတဲ့ လူငယ်လေးတွေကို ဘာများ စကားလက်ဆောင်ပါးချင်ပါသလဲ?
ကိုယ်သိချင်တဲ့ နယ်ပယ်တစ်ခုကိုအရင်ပိုပြီး အာရုံစိုက်ကြပါလို့ပြောချင်ပါတယ်။ ဟိုလုပ်လိုက် ဒါလုပ်လိုက်နဲ့ယောင်နေတာမျိုးမဟုတ်ပဲ mobile ဆိုသီးသန့် mobile နဲ့ပတ်သက်ပြီး အခြေခံကနေ အသေးစိတ်နားလည်အောင်သေချာလေ့လာစေချင်ပါတယ်။ security အပိုင်းကအမြဲလုပ်နေဖို့လိုအပ်တာကြောင့် စိတ်မပျက်ဘဲ လုပ်စရာရှိတာ ဆက်လုပ်ပါလို့တိုက်တွန်းလိုပါတယ်။ အချင်းချင်းမေးမြန်း တိုင်ပင်ပြီး ပေါင်းလုပ်ရင်တော့ ပိုပြီးထိရောက်ပါတယ် စိတ်ရင်းမှန်နဲ့ ရိုးသားကြဖို့လည်းပြောချင်ပါတယ်။ သူထက်ပိုတော်တယ်ဆိုတာမျိုးကတော့မရှိပါဘူး ကျွမ်းကျင်ရာလိမ်မာကြတာပါပဲ။ လူတိုင်းကိုလေးစားကြပြီး ဒီထက်ပိုပြီး စည်းလုံးစေချင်ပါတယ်။
6. ညီ့ကို အားကျတဲ့ လူငယ်လေးတွေက ဘယ်လို Follow လုပ်လို့ ရမလဲ?
ကျွန်တော်ကတော့ facebook ကိုပဲပိုသုံးဖြစ်တာကြောင့် https://www.facebook.com/l33twebhacker/ ဒီမှာပဲရှိပါတယ်။
မေးမြန်းပေးတဲ့အတွက် YEHG မှ ကိုအောင်ခန့်ကိုလည်း ကျေးဇူးအများကြီးတင်ပါတယ်။",3.0,2.0,3.0,5.0,4.0,"The document is a well-structured interview providing insights into the cybersecurity field in Myanmar. It offers educational value for aspiring tech professionals, demonstrates logical career progression, and uses natural, authentic Burmese language. It is clean, professional, and reflects the local tech community's culture and terminology accurately."
<urn:uuid:228225bf-b7c3-45aa-b586-85d2b7c95b0c>,"Betamint
""အပူဒဏ်၊ဝမ်းပျက်သွေးပါအူနာဒဏ်နှင့် မှိုဆိပ်ကြောင့် ကာကွယ်နှုန်းကျဒဏ်"" ""အထူးကာကွယ်ဆေး""
ဆေးပါဝင်မှု
Betaine, Vitamin C, Electrolytes (K, Na, Mg, Ca) နှင့် Menthol တို့ပါဝင်သည်။
ဆေးအညွှန်း
(၁) အပူဒဏ်၊ ဝမ်းပျက်သွေးပါအူနာဒဏ်နှင့် မှိုဆိပ်ကြောင့် ကာကွယ်ဆေးအောင်နှုန်း
ကျဆင်းမှုဒဏ် (ဒဏ် ၃မျိုး) တို့ကို ကာကွယ်ပေးနိုင်စွမ်းရှိပါသည်။ (Antistress)
(၂) Broiler များ၌ ရင်အုပ်ကြွက်သား (Breast muscle) ပိုမိုကြီးထွားစေပြီး ကြက်များ
ခရီးဝေးသယ်ဆောင်ရာ၌ ကိုယ်အလေးချိန် လျော့ကျမှု (Weight loss)
နည်းပါးစေပါမည်။ ""ရောင်းသူ၊ ဝယ်သူ"" နှစ်ဖက်လုံးကို အကျိုးပြုနိုင်သည်။
(၃) အထူးသဖြင့် ခန္ဓာကိုယ်ရှိ (functional cells) အားလုံးတို့၏ ကျန်းမာကြံ့ခိုင်မှုနှင့်
တစ်စုံတရာအပျက်အယွင်း ရှိပါက အမြန်ဆုံးပြန်လည်ပြုပြင်ထူထောင်ပေးနိုင်မှု
(Rapid Turn-Over) နှင့် အထူးသဖြင့် သွေးဖြူဥ (WBC) တို့၏ စွမ်းဆောင်ရည်ကို မြှင့်တင်ပေးမှုတို့အရ ကိုယ်ခံစွမ်းအားနှင့် ကာကွယ်ဆေးအောင်နှုန်း တိုးတက်ရေးအပေါ် အထောက်အကူရစေပါသည်။
ဆေးသုံးစွဲနှုန်း
Preventive Dosage = 1 ml/1Lit Water- (3-5) Days
Control Dosage = 2 ml/1 Lit Water- (3-5) Days
ထုတ်ပိုးပုံ - ၁လီတာဘူး
ထုတ်လုပ်သည့်နိုင်ငံ - Spain",2.0,1.0,3.0,4.0,2.0,"The document is a product label for veterinary medicine. It provides basic educational information on animal health and dosage. It is clean and well-structured, though it lacks deep reasoning. The language is natural for a Burmese technical/commercial context, using appropriate terminology for livestock management."
<urn:uuid:298207ff-ae79-48bd-9e13-5363be8fdf73>,"ရခုိင္ရွိ လူနည္းစုတုိင္းရင္းသားမ်ား လူမ်ိဳးသုဥ္း သတ္ျဖတ္မခံရရန္ ကာကြယ္ေပးမည္ဟု ကာခ်ဳပ္ ကတိေပး
2.5K
ရခုိင္ေဒသရွိ လူနည္းစုတုိင္းရင္းသားေတြ လူမ်ိဳးသုဥ္း သတ္ျဖတ္မႈ မခံရေအာင္ အျပည့္အဝ ကာကြယ္ေပးသြားမယ္လို႔ တပ္မေတာ္ကာကြယ္ေရးဦးစီးခ်ဳပ္ ဗုိလ္ခ်ဳပ္မႉးႀကီး မင္းေအာင္လိႈင္က ကတိျပဳေျပာၾကားလိုက္ပါတယ္။ ျပင္ဦးလြင္ၿမဳိ႕၊ စစ္တကၠသိုလ္ စစ္ေရးျပကြင္းမွာ ဒီကေန႔မနက္ က်င္းပတဲ့ စစ္တကၠသုိလ္ ဗုိလ္ေလာင္းသင္တန္း အမွတ္စဥ္ (၅၉) သင္တန္းဆင္း ဂုဏ္ျပဳ စစ္ေရးျပအခမ္းအနား မိန္႔ခြန္းမွာ ေျပာၾကားခဲ့တာပါ။ “ARSA အစြန္းေရာက္ အၾကမ္းဖက္သမားေတြကို ႏုိင္ငံေတာ္အေနနဲ႔ အၾကမ္းဖက္သမားမ်ားဟု ေၾကညာထားၿပီးျဖစ္ေပမယ့္ ႏုိင္ငံတကာ အဖြဲ႔အစည္းတခ်ိဳ႕နဲ႔ ျပည္ပသတင္းဌာနအခ်ိဳ႕က ျဖစ္စဥ္မွန္ေတြကုိ ဖုံးကြယ္ၿပီး မွန္ကန္မႈမရွိတဲ့ သတင္းေတြကုိ အေျခခံထားတဲ့ သတင္းထုတ္ျပန္ေဖာ္ျပမႈ၊ လႈံ႔ေဆာ္ဝါဒျဖန္႔မႈေတြေၾကာင့္ ႏုိင္ငံတကာက ျဖစ္စဥ္အေျခအေနမွန္အား မသိရွိတာကို ေတြ႔ျမင္ရမွာျဖစ္ေၾကာင္း၊ ႏုိင္ငံေတာ္အစုိးရနဲ႔ တပ္မေတာ္အေနနဲ႔ တရားဥပေဒနဲ႔အညီ မွန္ကန္စြာ လုပ္ေဆာင္ေနေပမယ့္ ႏုိင္ငံတကာမွ သိရွိမႈေတြ မွားယြင္းေနေၾကာင္း၊ တပ္မေတာ္အေနနဲ႔ တုိင္းရင္းသားေတြနဲ႔ တစည္းတလုံးတည္း စိတ္ခ်မ္းေျမ့စြာ ေနထုိင္ႏုိင္ဖို႔ ထာဝစဥ္ ေစာင့္ထိန္း ေဆာင္ရြက္သြားမယ္၊ ရခုိင္ေဒသရွိ လူနည္းစု တုိင္းရင္းသားေတြ လူမ်ိဳးသုဥ္းသတ္ျဖတ္မႈ မခံရေအာင္ အျပည့္အဝ ကာကြယ္ေပးသြားမယ္” လုိ႔ ေျပာပါတယ္။ ျပည္တြင္းၿငိမ္းခ်မ္းေရး ေဖာ္ေဆာင္မႈနဲ႔ ပတ္သက္ၿပီးလည္း ကာကြယ္ေရးဦးစီးခ်ဳပ္က “အန္စီေအဟာ အမည္နာမအားျဖင့္သာ ပစ္ခတ္တုိက္ခိုက္မႈရပ္စဲေရး သေဘာတူစာခ်ဳပ္ ျဖစ္ေသာ္လည္း အႏွစ္သာရအားျဖင့္ ပုိမုိနက္႐ႈိင္းပါေၾကာင္း၊ စာခ်ဳပ္တြင္ ပါဝင္သည့္ အခ်က္မ်ားသည္ တုိင္းရင္းသားျပည္သူလူထု၏ အခြင့္အေရးကုိ ကန္႔သတ္ထားျခင္း၊ ခ်ဳပ္ခ်ယ္ထားျခင္း၊ ပိတ္ပင္ထားျခင္း တခုမွ မပါဝင္ဘဲ အခြင့္အေရးမ်ားကုိ တတ္ႏုိင္သမၽွ ေပးထားေၾကာင္း၊ အန္စီေအ စာခ်ဳပ္တြင္ ပါဝင္သည့္ လုပ္သင့္လုပ္ထုိက္သည့္ကိစၥမ်ားကုိ ျမန္ျမန္ဆန္ဆန္ အေကာင္အထည္ေဖာ္ လုပ္ေဆာင္ျခင္းအားျဖင့္ ၿငိမ္းခ်မ္းမႈ၏ ရလဒ္မ်ား၊ အသီးအပြင့္မ်ားကုိ အျမန္ဆုံးရယူ ခံစားႏုိင္မည္ျဖစ္ေၾကာင္း” ေျပာပါတယ္။ ဒါ့အျပင္ တပ္မေတာ္ရဲ႕ ၿငိမ္းခ်မ္းေရးမူဝါဒ ၆ ရပ္ဟာ အတိတ္သမုိင္းေၾကာင္း အေျခအေနေတြနဲ႔ လက္ရွိအေျခအေနေတြကုိ ႏႈိင္းယွဥ္ၿပီး ႏွစ္ဖက္စလုံး လုိက္နာပူးေပါင္း ေဆာင္ရြက္သင့္တဲ့ အေျခခံအခ်က္ေတြကုိ ေဖာ္ထုတ္ထားျခင္း ျဖစ္တယ္၊ တပ္မေတာ္အေနနဲ႔ အမ်ိဳးသားေရးတာဝန္ျဖစ္တဲ့ တုိ႔တာဝန္ အေရးသုံးပါးကုိ မည္သည့္အခါမွ ပြန္းပ့ဲခံမွာ မဟုတ္ဘဲ အၿမဲဦးထိပ္ပန္ဆင္ၿပီး ကာကြယ္ေစာင့္ေရွာက္သြားမယ္လုိ႔လည္း ေျပာပါတယ္။ ဓာတ္ပံု-တပ္မေတာ္",2.0,2.0,3.0,4.0,5.0,"The text is a news report on a military official's speech. It provides basic political context (educational value) and simple argumentative structures regarding peace processes (reasoning). It requires moderate political knowledge to understand (professionalism). It is clean, well-structured, and uses authentic, natural Burmese political terminology and honorifics, reflecting local socio-political discourse."
<urn:uuid:b6f9485e-7dd0-40a0-8a97-635f5d78f791>,"02-Aug-2018
အြန္လိုင္းသ႐ုပ္ေဆာင္ ေအာင္ရဲေထြးေသဆံုးမႈႏွင့္ပတ္သက္၍ ႏိုင္ငံေတာ္သမၼတက သက္ဆိုင္ရာတာဝန္ရွိသူမ်ားကို ေခၚယူသတိေပးၿပီးေနာက္ ျပစ္မႈက်ဴးလြန္ေၾကာင္း အစြပ္စြဲခံရသူမ်ားထက္ ယင္းအမႈကို ေက်ေအး႐ုပ္သိမ္းခြင့္ျပဳသူမ်ားအေပၚ ျပည္သူလူထုက ပို၍သတိျပဳမိစရာ ျဖစ္သြားခဲ့သည္။
ဇူလိုင္လ ၃၁ ရက္ေန႔တြင္ ႏိုင္ငံေတာ္သမၼတက ျပည္ေထာင္စုတရားသူႀကီးခ်ဳပ္၊ ျပည္ေထာင္စုေရွ႕ေနခ်ဳပ္ႏွင့္ အဂတိလိုက္စားမႈ တိုက္ဖ်က္ေရးေကာ္မရွင္ဥကၠ႒တို႔ကို ေခၚယူေတြ႔ဆံုကာ အဆိုပါအမႈ ႐ုပ္သိမ္းျခင္းႏွင့္ပတ္သက္ေသာ ေနာက္ခံအေၾကာင္းအရင္းမ်ား၊ အျခားဆက္ႏႊယ္ပတ္သက္မႈမ်ားႏွင့္ပတ္သက္၍ တိတိက်က် စိစစ္ၿပီး ဥပေဒႏွင့္အညီ မွန္မွန္ကန္ကန္ေဆာင္ရြက္ေရး လမ္းၫႊန္ေျပာဆိုခဲ့ၿပီးေနာက္ ထိုသို႔သတိျပဳမိလာၾကျခင္းျဖစ္သည္။
အျခားတစ္ဖက္တြင္လည္း အြန္လိုင္းလူမႈကြန္ရက္တြင္ အစြပ္စြဲခံရသူ သံုးဦးႏွင့္ ပတ္သက္ေသာ အေၾကာင္းအရာမ်ား၊ ၎တို႔၏ ပတ္သက္ဆက္စပ္မႈမ်ားကို ဓာတ္ပံုမ်ားႏွင့္တကြ တာဝန္သိျပည္သူအခ်ိဳ႕က ေဖာ္ထုတ္ဖြင့္ခ်ထားၿပီး အမႈ႐ုပ္သိမ္းမႈ၏ အဓိကတာဝန္ရွိသူ ရန္ကုန္တိုင္းဥပေဒခ်ဳပ္၊ အေရွ႕ပိုင္းခ႐ိုင္ တရားသူႀကီးတို႔ကို သိန္းေထာင္ခ်ီ လာဘ္ေငြလက္ခံရယူခဲ့ေၾကာင္း စြပ္စြဲမႈမ်ားလည္း ထြက္ေပၚလ်က္ရွိသည္။
ထိုသို႔ ႐ုပ္သိမ္းေက်ေအးခြင့္ျပဳသည့္အေပၚ သက္ဆိုင္ရာ ခ႐ိုင္ရဲတပ္ဖြဲ႔က သေဘာမတူကန္႔ကြက္ေၾကာင္း တရားဝင္ ထုတ္ျပန္ခ်က္ကိုလည္း အြန္လိုင္းလူမႈကြန္ရက္တြင္ ပ်ံ႕ႏွံ႔လ်က္ရွိသည့္အျပင္ တရားခံမ်ားဘက္ကလည္း ၎တို႔အမႈကို ျပန္လည္ျပင္ဆင္ခ်က္တင္ၿပီး စစ္ေဆးမည္ကို မေက်နပ္ေသာေၾကာင့္ ၎တို႔ မည္သူ႔ထံ မည္မွ် လာဘ္ေငြေပးခဲ့ေၾကာင္း တရားဝင္ ဖြင့္ခ်မည္ဟုလည္း သတင္းမ်ား ထြက္ေပၚလ်က္ရွိသည္။
အထက္ဆိုခဲ့ပါ သတင္းမ်ားေၾကာင့္ ျပည္သူလူထုအျမင္တြင္ ေအာင္ရဲေထြး ေသဆံုးရျခင္း၊ အစြပ္စြဲခံရသူမ်ား၏ မိဘမ်ားကိုယ္တိုင္ ရဲစခန္းတြင္ လာေရာက္အပ္ႏွံကာ အစြပ္စြဲခံရသူမ်ား ဖမ္းဆီးထိန္းသိမ္းခံရၿပီး တရားရင္ဆိုင္ေနရျခင္း၊ တရားဥပေဒခ်ဳပ္၏အမိန္႔ျဖင့္ ရာဇဝတ္က်င့္ထံုး ၄၉၄ အရ ေက်ေအး႐ုပ္သိမ္းခြင့္ျပဳလိုက္ျခင္းတို႔ထက္ ဥပေဒခ်ဳပ္ႏွင့္ တရားသူႀကီးတို႔ အက်င့္ပ်က္ျခစားမႈ ရွိသေလာဆိုသည့္ သံသယမ်ား ပိုႀကီးထြားလာခဲ့သည္။
ျပည္သူမ်ား သံသယျဖစ္စရာ ေကာင္းေလာက္ေအာင္ပင္ ရန္ကုန္တိုင္းေဒသႀကီးအတြင္း တရားစီရင္ေရးေလာကအတြင္း အျငင္းပြားဖြယ္ရာ တရားစီရင္မႈ အမ်ားအျပားရွိေနေၾကာင္း ေရွ႕ေနေလာကအတြင္းမွ ေဝဖန္သံုးသပ္မႈမ်ားလည္း ရွိသည္။ ေအာင္ရဲေထြးေသဆံုးမႈကဲ့သို႔ အမ်ားျပည္သူ စိတ္ဝင္စားေနေသာ အမႈအခင္းမ်ိဳးျဖစ္၍သာ အြန္လိုင္းလူမႈကြန္ရက္တြင္ ျပစ္တင္၊ ေဝဖန္ေျပာဆိုမႈ ျပင္းထန္က်ယ္ျပန္႔ေနျခင္းျဖစ္ၿပီး ေအာင္ရဲေထြးအမႈကဲ့သို႔ ထင္ေပၚေက်ာ္ၾကားမႈ မရွိေသာေၾကာင့္ တစ္ဖက္သတ္ နစ္နာခဲ့ေသာ အမႈအခင္းမ်ား ျမန္မာႏိုင္ငံတစ္ဝန္းတြင္ ရာေထာင္ခ်ီ ရွိေနခဲ့သည္။
မည္သို႔ပင္ျဖစ္ေစ လက္ရွိ ေအာင္ရဲေထြးေသဆံုးမႈႏွင့္ပတ္သက္၍ အြန္လိုင္းလူမႈကြန္ရက္ကို အသံုးျပဳကာ ႏိုင္ငံတစ္ဝန္းမွ အမွန္တရားကို ျမတ္ႏိုးသူ တာဝန္သိျပည္သူမ်ားက မိမိတို႔ တတ္ႏိုင္သည့္ေနရာမွ ဝိုင္းဝန္းကူညီခဲ့ျခင္းေၾကာင့္ ႏိုင္ငံေတာ္သမၼတကိုယ္တိုင္ လက္ပိုက္ၾကည့္မေနႏိုင္ေတာ့ဘဲ တာဝန္ရွိသူမ်ားကို သတိေပး၊ လမ္းၫႊန္လာျခင္းျဖစ္သည္။
ထို႔အျပင္ မ်ားစြာ စိုးရိမ္ဖြယ္အေျခအေန ေရာက္ရွိေနေသာ တရားေရးမ႑ိဳင္ကို ပို၍သိကၡာက် အရွက္ရေစသူ မည္သူကိုမဆို ေက်ာသား၊ ရင္သား မခြဲျခားဘဲ ျပတ္သားစြာ ကိုင္တြယ္ အေရးယူျခင္းျဖင့္ ျပည္သူလူထုက ယံုၾကည္မႈ မရွိသေလာက္ နီးပါးျဖစ္ေနေသာ တရားစီရင္ေရးေလာကကို ျပဳျပင္ေျပာင္းလဲပါမည့္အေၾကာင္း တိုက္တြန္းအႀကံျပဳအပ္ေပသည္။
အယ္ဒီတာ (၂-၈-၂၀၁၈)
-
21-Jul-2019
-
21-Jul-2019
-
21-Jul-2019
-
21-Jul-2019
-
21-Jul-2019
-
21-Jul-2019
-
10-Jul-2019
-
09-Jul-2019
-
13-Jul-2019
-
04-Jul-2019
-
06-Jul-2019
-
01-Jul-2019",2.0,3.0,3.0,2.0,5.0,"The text is a journalistic editorial about a specific legal case in Myanmar. It provides insight into the judicial system and public sentiment. While informative, it contains significant boilerplate/date-stamping noise at the end. It demonstrates strong cultural context and logical analysis of the legal situation, though it is not a primary educational resource."
<urn:uuid:9d6cea50-099b-4d9f-b6a0-421fd4b8c27a>,"12 Jan 2017 182 Views
ေျမာက္ကိုရီးယား တိုက္ခ်င္းပစ္ ဒံုးက်ည္အႏၱရာယ္ကို ပထမဆံုးအႀကိမ္ ထိထိေရာက္ေရာက္ အေရးယူကာကြယ္တံု႔ျပန္မႈအျဖစ္ ဟာဝိုင္ယီတြင္ အေမရိကန္က ေရဒါစနစ္တစ္ခုကို စတင္ျဖန္႔က်က္လုိက္ေၾကာင္း သိရသည္။ ေျမာက္ကိုရီးယား အစိုးရက အေမရိကန္ ပိုင္နက္ထိ တိုက္ခုိက္ႏုိင္သည့္ တာေဝးပစ္တိုက္ခ်င္းပစ္ ဒံုးက်ည္မ်ား စမ္းသပ္ရန္ အသင့္အေနအထားရွိေနၿပီဟု ေၾကညာခဲ့ၿပီးေနာက္ အေမရိကန္ဘက္က ပင္လယ္ျပင္ အေျခစိုက္ SB-X ေရဒါကို ျဖန္႔က်က္ခဲ့ျခင္း ျဖစ္သည္။ အေမရိကန္ စစ္တပ္က ေျမာက္ကိုရီးယားအေနျဖင့္ တာေဝးပစ္ဒံုးက်ည္မ်ား တီထြင္ႏုိင္ျခင္း မရွိေသးဟု ယံုၾကည္ေနသည့္တိုင္ ယင္းအဆိုႏွင့္ ပတ္သက္၍ အေရးႀကီးသည့္ မဟာဗ်ဴဟာကာကြယ္ေရး အစီအစဉ္တစ္ရပ္ကို စတင္ အေကာင္အထည္ ေဖာ္လာျခင္း ျဖစ္သည္။
SB-X ေရဒါကို ယခင္ကလည္း ေျမာက္ကိုရီးယား ဒံုးက်ည္စမ္းသပ္မႈမ်ားႏွင့္ ပတ္သက္၍ အေလးထား ေစာင့္ၾကည့္ရန္ ကာလတိုမွ် မၾကာခဏ ျဖန္႔က်က္ ေနရာခ်ခဲ့ဖူးသည္။ ယခုတစ္ႀကိမ္မွာမူ ပင္လယ္ျပင္တြင္ ကာလရွည္ၾကာ ထားရွိမည္ဟု ယံုၾကည္ရၿပီး မည္သည့္အခ်ိန္ထိ အေျခစိုက္ထားရွိမည္ကို အေမရိကန္ စစ္တပ္က မေၾကညာေသးေခ်။ ပံုမွန္အားျဖင့္ SB-X ေရဒါစနစ္ကို ဟာဝိုင္ယီ ေျမာက္ပိုင္းကမ္းလြန္တြင္ ေနရခ်ထားေလ့ ရွိသည္။ ထုိေရဒါသည္ ေျမာက္ကိုရီးယားမွ အေမရိကန္ပိုင္ အလာစကာ၊ ဂူအမ္၊ သို႔မဟုတ္ အေမရိကန္ အေနာက္ဘက္ ကမ္းေျခ ေဒသမ်ားသို႔ ဦးတည္ပစ္လႊတ္သည့္ ဒံုးက်ည္မ်ားကို ေထာက္လွမ္းႏုိင္စြမ္း ရွိမည္ဟု သိရသည္။
အေစာပိုင္းတြင္ အေမရိကန္ ကာကြယ္ေရးဝန္ႀကီး အက္ရွ္ကာတာက ေျမာက္ကိုရီးယား ဒံုးက်ည္စမ္းသပ္မႈ ျဖစ္ႏုိင္ေျခကို ေစာင့္ၾကည့္ေနေသာ္လည္း အကယ္၍ အေမရိကန္၏ ပိုင္နက္ကို ၿခိမ္းေျခာက္ထိပါးမႈ မရွိပါက ၾကားျဖတ္ ပစ္ခ်ရန္ ရည္ရြယ္မထားဟု ထုတ္ေဖာ္ ေျပာဆိုခဲ့သည္။ SB-X ေရဒါကို ျဖန္႔က်က္ထားျခင္းျဖင့္ ေျမာက္ကိုရီးယားက ဒံုးက်ည္ လက္ေတြ႕ စမ္းသပ္ခ်ိန္တြင္ အဆိုပါ ဒံုးက်ည္ႏွင့္ ပတ္သက္သည့္ အခ်က္အလက္မ်ားကို အေမရိကန္က ပိုမို ေထာက္လွမ္း စုေဆာင္းယူႏိုင္မည္ဟုလည္း သိရွိရသည္။
Credit : 7daydaily",3.0,3.0,3.0,4.0,3.0,"The text provides a clear, factual report on geopolitical military developments. It is coherent and informative, suitable for secondary education. It explains the strategic reasoning behind the radar deployment. The language is natural Burmese, though it is a news report rather than a deeply nuanced cultural artifact."
<urn:uuid:fc5c77ac-c41b-46e7-b5d7-01d1c4cba7bb>,"NGC 52
|NGC 52|
|
|
NGC 52 and nearby PGC 1563523 (lower right)
|လေ့လာရေး ဒေတာ (2000.0 epoch)|
|ကြယ်စုတန်း||ပီဂါဆု|
|ညာဘက် တိမ်းစောင်းမှု||00° 14′ 40.2″ [၁]|
|နိမ့်ဆင်းမှု||+18° 34′ 48″ [၁]|
|အနီရောင်အရွေ့||0.017986|
|ရေဒီယယ် အရှိန်||5390 km/s|
|ကော့စမစ် အကွာအဝေး လှေကား||243,000,000ly[၂] (73,000,000 Parsecs)[၃]|
|ဂယ်လက်ဆီ ခွဲခြားမှု||Sc [၂]|
|အရွယ်အစား (ly)||150,000[၂]|
|ထောင့်ဖြတ် အချင်း (V)||2.6' × 0.5' [၁]|
|မြင်သာသော အရွယ်အစား (V)||14.6 [၄]|
|အခြား ဂုဏ်သတ္တိများ|
|UGC 140 CGCG 456-042 CGCG 12.0+1817 MCG +03-01-030 2MFGC 00177 2MASX J00144010+1834551 2MASXi J0014401+183455 IRAS 00120+1818 IRAS F00120+1818 AKARI J0014401+183453 LDCE 0011 NED002 PGC 978 UZC J001440.2+183454 NVSS J001440+183455 [၅]|
NGC 52 (PGC 978) သည် Pegasus ကြယ်စုတန်းမှ ခရုပတ်ပုံစံ ဂယ်လက်ဆီဖြစ်ပြီး ဗြိတိသျှ နက္ခတ္တပညာရှင် ဝီလီယံ ဟာရှယ် ဆိုသူမှ ၁၇၈၄ ခုနှစ် စက်တင်ဘာလ ၁၈ ရက်နေ့တွင် ရှာဖွေတွေ့ရှိခဲ့သည်။ ယင်းသည် အချင်းအားဖြင့် အလင်းနှစ် ၁၅၀၀၀၀ ကျယ်ပြောကာ[၂] နဂါးငွေ့တန်း ဂယ်လက်ဆီနှင့် နှိုင်းယှဉ်ရသော် ၁.၅ ဆခန့် ပိုကြီးသည်။
ကိုးကား[ပြင်ဆင်ရန်]
- NGC 52 - DeepSkyPedia :: Astronomy။ 2013-08-14 တွင် ပြန်စစ်ပြီး။
- New General Catalog Objects: NGC 50 - 99။ 2013-08-14 တွင် ပြန်စစ်ပြီး။
- parsecs to lightyears conversion။ 2013-08-14 တွင် ပြန်စစ်ပြီး။
- Category:NGC 52 - Wikimedia Commons။ 2013-08-14 တွင် ပြန်စစ်ပြီး။
- Your NED Search results။ 2013-08-14 တွင် ပြန်စစ်ပြီး။
|ဤ ဂလက်ဆီနှင့် သက်ဆိုင်သည့် ဆောင်းပါးမှာ ဆောင်းပါးတို တစ်ပုဒ်ဖြစ်သည်။ ဖြည့်စွက်ရေးသားခြင်းဖြင့် မြန်မာဝီကီပီးဒီးယားကို ကူညီပါ။|",3.0,1.0,3.0,3.0,2.0,"The document is a structured, encyclopedic entry about a galaxy. It provides factual, educational data suitable for students, though it lacks complex reasoning. It is clean, well-formatted, and uses natural Burmese terminology for astronomical concepts, though it is clearly a translation/adaptation of a standard Wikipedia template."
<urn:uuid:007bf668-0f20-40a5-8aff-5b690532af47>,"ကိုင်ရို ဇန်နဝါရီ ၂၉
ဂတ်စ်ထွက်ကုန်ကို အရှေ့အလယ်ပိုင်းဒေသမှာ သေချာ ထုတ်နိုင်တဲ့အခါ စီးပွားရေးနဲ့ပတ်သက်တဲ့ အလုပ်အကိုင် အခွင့်အလမ်းကောင်းတွေ၊ နိုင်ငံခြားရင်းနှီးမြှုပ်နှံမှုတွေသာမက ငြိမ်းချမ်းရေးကိုပါ သယ်ဆောင်ပေးလာနိုင်မယ်လို့ အီဂျစ်စွမ်းအင်ဝန်ကြီး တာရပ်အယ်မူလာက ပြောပါတယ်။
“ဂတ်စ်ဟာ အရှေ့ပိုင်းအလယ်ပိုင်းဒေသကို ငြိမ်းချမ်းရေးသယ်ဆောင်ပေးလာနိုင်မယ့် တစ်ခုတည်းသော ကိုယ်စားလှယ်ပါပဲ” သူက ပြောဆိုလိုက်တာပါ။
လက်ရှိမှာ အီဂျစ်နိုင်ငံဟာ ဒေသက ထွက်ရှိတဲ့ ဂတ်စ်တွေကို အရှိန်အဟုန်နဲ့ လုပ်ကိုင်နေပြီး စီးပွားရေး လက်တွဲဖော်တွေအနေနဲ့ အစ္စရေး၊ ဆိုင်ပါရပ်စ်၊ ဂရိ၊ ဂျော်ဒန်၊ အီတလီနဲ့ ပါလက်စတိုင်းနိုင်ငံတို့နဲ့ပါ လက်တွဲ လုပ်ကိုင်ဖို့ လုပ်ဆောင်နေတာဖြစ်ပါတယ်။ ပြီးခဲ့တဲ့အပတ်ကကျင်းပခဲ့တဲ့ စီးပွားရေးဆိုင်ရာ သီးသန့်ဆွေးနွေးပွဲ နဲ့ ပတ်သက်လို့ အီဂျစ်နိုင်ငံ စွမ်းအင်ဝန်ကြီးက အရှေ့အလယ်ပိုင်းဒေသမှာ ဂတ်စ်ကို အမှီပြုပြီး ငြိမ်းချမ်းရေးစတင်လုပ်နိုင်ခဲ့ပြီလို့ ဆိုပါတယ်။
“ပါလက်စတိုင်းနဲ့ အစ္စရေးတို့က အုပ်ချုပ်သူတွေကို ဖိတ်ပြီး စားပွဲဝိုင်းမှာ ဆွေးနွေးနိုင်ခဲ့တယ်။ ပြီးတော့ အခြား အိမ်နီးချင်းနိုင်ငံဖြစ်တဲ့ ဂရိ၊ ဆိုင်ပ်ရပ်စ်၊ဂျော်ဒန်နဲ့ အီတလီတို့ကိုပါ အတူတကွဆွေးနွေးစေခဲ့တာမို့ ကျနော်တို့ရဲ့ ခြေလှမ်းသစ်အတွက် အရမ်းဂုဏ်ယူမိပါတယ်”လို့ တာရပ်အယ်မူလာက ပြောပါတယ်။
ဆွေးနွေးပွဲကို တံခါးပိတ်လျှို့ဝှက်ဆွေးနွေးခဲ့ပေမဲ့ အကျိုးဆက်အနေနဲ့ ပါဝင်ဆွေးနွေးတဲ့ နိုင်ငံအသီးသီးရဲ့ ဂတ်စ်ထုတ်လုပ်တဲ့ အရင်းအမြစ်နဲ့ ပူပေါင်းဆောင်ရွက်နိုင်တဲ့ ရင်းနှီးမြှုပ်နှံမှုတွေအထိ ဆွေးနွေးနိုင်ခဲ့တယ်လို့ သူက ပြောပါတယ်။
အီဂျစ်နိုင်ငံဟာ ဂတ်စ်ထုတ်လုပ်မှုနဲ့ ပတ်သတ်လို့ အခြားနိုင်ငံတွေက ကမ်းလှမ်းချက်တွေ ရခဲ့ပေမဲ့ အိမ်နီးချင်းနိုင်ငံတွေဖြစ်တဲ့ ပင်လယ်နီတဝိုက်က နိုင်ငံတွေကို အထူးလိုလားခဲ့တာကြောင့် စတင်ပူးပေါင်းဖို့ ကမ်းလှမ်းခဲ့တာဖြစ်ပါတယ်။
ဂရိနိုင်ငံမှာ အခြေစိုက်ပြီး ဂတ်စ်ထုတ်လုပ်မှာဖြစ်ပေမဲ့ အကျိုးတူပူးပေါင်းတဲ့ နိုင်ငံတွေကလည်း ၎င်းတို့ဒေသမှာရှိတဲ့ ဂတ်စ်တွေကို တင်ပို့ပြီး ပူးပေါင်းထုတ်လုပ်ကြမယ်လို့ သိရပါတယ်။
အီဂျစ်နိုင်ငံမှာ နိုင်ငံခြားရင်းနှီးမြှုပ်နှံမှုဟာ ၂၀၁၇-၁၈ ခုနှစ်မှာ အမေရိကန်ဒေါ်လာ သန်းပေါင်း တစ်သောင်းကျော်ရှိခဲ့ပြီး လာမယ့် ၂၀၁၈-၁၉ခုနှစ်မှာတော့ ယခင်ကထက် သုံးဆမြင့်တက်လာမယ်လို့ အစိုးရအဖွဲ့က တရားဝင် ထုတ်ဖော်ပြောခဲ့ပါတယ်။
CNBC",2.0,2.0,3.0,5.0,3.0,"The text is a standard news report on regional energy cooperation. It provides basic economic and geopolitical information suitable for general readers. The reasoning is straightforward, linking energy production to regional stability. It is written in natural, professional Burmese, reflecting standard journalistic practices in the region."
<urn:uuid:4da6e9c4-6ac4-4685-a5b1-0562be202865>,"Legal Knowledge
ဥပေဒမ်ား
ဥပေဒမ်ားကို ေလ့လာသိရွိနိုင္ရန္အတြက္ ေဖာ္ျပထားျခင္း
ျဖစ္ပါသည္။
ျပည္တြင္းစီးပြားေရးႏွင့္ ကူးသန္းေရာင္းဝယ္ေရးဆိုင္ရာ အျငင္းပြားမႈမ်ားႏွင့္ ႏိုင္ငံတကာ စီးပြားေရးႏွင့္ ကူးသန္းေရာင္းဝယ္ေရးဆိုင္ရာ အျငင္းပြားတို႔ကို မွ်တစြာႏွင့္ထိေရာက္စြာ ေျဖရွင္းႏိုင္ရန္၊ အျငင္းပြားမႈမ်ားကို အႏုညာတနည္းျဖင့္ ေျဖရွင္းေဆာင္ရြက္ရာတြင္ ႏိုင္ငံျခားအႏုညာတ...read more
Download Link : ရာဇဝတ္က်င့္ထံုးဥပေဒကို ျပင္ဆင္သည့္ ဥပေဒread more
Download Link : ရာဇသတ္ႀကီးကို ျပင္ဆင္သည့္ ဥပေဒread more
Download Link : သက္ေသခံအက္ဥပေဒကိုျပင္ဆင္သည့္ ဥပေဒread more",2.0,1.0,3.0,1.0,3.0,"The document provides basic information about legal topics but is heavily fragmented with 'read more' links and download prompts. While it references specific Burmese legal codes, the lack of coherent content and the presence of navigational noise significantly limit its educational and structural quality."
<urn:uuid:68f74ac5-89a3-4c73-bf05-2050645c262a>,"ဒီတပတ္ English American-style Idioms က႑မွာ တင္ျပထားတဲ့ အီဒီယံ အသုံးေတြက Kick the can down the road, A kick in the teeth နဲ႔ Kick up a fuss တို႔ ျဖစ္ၾကပါတယ္။
(၁) Kick the can down the road
Kick (ကန္တာ)၊ the can (ႏို႔ဆီခြက္၊ သံဘူးခြံ)၊ down (ေအာက္ဘက္)၊ the road (လမ္း) တို႔ ျဖစ္ၿပီး စကားစုတခုလံုးရဲ ႔ လံုးေကာက္အဓိပၸါယ္က သံဗူးခြံကို တလမ္းလံုး အဆင့္ဆင့္ ကန္ခ်လိုက္တာ ျဖစ္ပါတယ္။ တနည္းေတာ့ သံဗူးခြံကို ေဝးသထက္ ေဝးေအာင္ ကန္သြားတာ ျဖစ္ပါတယ္။ အီဒီယံအဓိပၸါယ္ကလည္း အလားတူပါပဲ။ ေစာေစာက သံဗူးခြံကို တလမ္းလံုး တေနရာကေန တေနရာကို ေတာက္ေလွ်ာက္ကန္သြားၿပီး၊ ေဝးသထက္ေဝးေအာင္ လုပ္သလို၊ ကိုယ္လုပ္ေပးပါမယ္လို႔ ေျပာထားတဲ့ ကတိေတြကို ဟုိအခ်ိန္ိေရွႊ ႔ဒီခ်ိန္ေရြွ ႔လုပ္တာကို ဆိုလိုတာ ျဖစ္ပါတယ္။ လုပ္ေပးဖုိ႔လိုတဲ့ ကိစၥရပ္တခုခုကို အတိုင္းအတာကာလအတြင္း လုပ္ေပးပါ့မယ္လို႔ ကတိေပးထားေပမယ့္လဲ ကတိေပးထားတဲ့အတိုင္း မလုပ္ေပးႏိုင္ဘဲ၊ ခဏခဏ ရက္ေရႊ ႔ရတဲ့ ျဖစ္ရပ္ကုိရည္ညႊန္းထားတာ ျဖစ္ပါတယ္။ အထူးသျဖင့္ ဒီအသံုးကို ႏိုင္ငံေရးေလာကမွာေတာ့ အသံုးမ်ားလာပါတယ္။ ႏိုင္ငံေရးသမားေတြအေနနဲ႔ မဲဆြယ္ရာမွာ ကိုယ့္မဲဆႏၵရွင္ေတြအတြက္ ဘာလုပ္ေပးပါ့မယ္၊ ညာလုပ္ေပးပါ့မယ္လုိ ့ ကတိေတြ ေပးခဲ့ေပမယ့္ တကယ္ လက္ေတြ႔မွာေတာ့ ဆင္ေျခေတြ အမ်ဳိးမ်ဳိးေပးၿပီး အခ်ိန္ကို ဟိုေရွႊ ႔ဒီေရွႊ ႔ လုပ္ေနတာမ်ဳိး၊ ခဏခဏ ရက္ေရႊ ႔ေနတာမ်ဳိးကို ရည္ညႊန္းေျပာတာ ျဖစ္ပါတယ္။ ဒီအသံုးႏွင့္ပတ္သက္တဲ့ ဥပမာကို ေလ့လာၾကည့္ရေအာင္ပါ။
The ruling Party lost most of the seats in elections because the Party kicked the can down the road on its promises to the people.
ေရြးေကာက္ပြဲမွာ အာဏာရပါတီက ေနရာအမ်ားစု ဆံုးရႈံးခဲ့တဲ့ အေၾကာင္းကေတာ့ ပါတီက သူတုိ႔ လုပ္ေပးပါမယ္လို႔ ျပည္သူေတြကို ေပးထားတဲ့ ကတိေတြကို တကယ္လုပ္ေပးဖို႔ ခဏခဏ ေရႊ ႔ဆုိင္းခဲ့လုိ့ျဖစ္တယ္။
(၂) A kick in the teeth
A (တခု၊တျကိမ္)၊ kick ဒီေနရာမွာ noun (နာမ္) အျဖစ္ သံုးထားၿပီး၊ ကန္တဲ့အျပဳအမူကုိဆုိလုိတာ ျဖစ္ပါတယ္။ In (အထဲမွာ)၊ the teeth (သြားေတြ) ဆုိေတာ့ စကားစုတခုလံုးရဲ ႔ တုိက္ရိုက္အဓိပၸါယ္ကေတာ့ သြားေတြကို တခ်က္ကန္လိုက္တာ ျဖစ္ပါတယ္။ လူတဦးရဲ ႔ ပါးစပ္ထဲမွာရွိတဲ့သြားေတြဟာ အကန္ခံလိုက္ရတယ္ဆိုတာ ဘယ္ေလာက္ နာက်င္ေစမလဲ၊ အခံရခက္ေစမလဲ၊ ေဒါသထြက္ေစမလဲ၊ ေစာ္ကားရာေရာက္ေစမလဲဆိုတာကို စဥ္းစားၾကည့္ႏိုင္ပါတယ္။ ဒါေၾကာင့္ A kick in the teeth ရဲ့ အီဒီယံအဓိပၸါယ္က လူတဦးအတြက္ သိပ္အခံရခက္ေစတဲ့ အျပဳအမူမ်ဳိးကို ဆိုလိုတာ ျဖစ္ပါတယ္။ ဒီအသံုးႏွင့္ပတ္သက္တဲ့ ဥပမာကို ေလ့လာၾကည့္ရေအာင္ပါ။
Mary worked very hard but she was denied a promotion. So it was a kick in the teeth for her.
Mary က ရာထူးတက္ရေလေအာင္ အလုပ္ကို သိပ္ႀကိဳးစားခဲ့ေပမယ့္လို႔လဲ၊ သူရာထူး မတိုးခဲ့ဘူး။ ဒါေၾကာင့္ သူ႔အေနနဲ႔ သိပ္ကိုအခံရခက္ခဲ့တယ္။
(၃) Kick up a fuss
Kick ကို up (ဝိဘတ္) နဲ႔တြဲၿပီး kick up က တခုခုျဖစ္ေအာင္လုပ္တာ၊ ဖန္တီးတာ၊ a (တခု)၊ fuss က အဓိပၸါယ္အမ်ဳိးမ်ဳိး ရွိပါတယ္။ ဒီေနရာမွာေတာ့ ဂ်ီတိုက္တာ၊ မ်က္စိရႈပ္ေအာင္လုပ္တာ၊ ပ်ာယာခတ္တာ စသျဖင့္ အဓိပၸါယ္ေဆာင္ပါတယ္။ ဒါေၾကာင့္ စကားစုတခုလံုးရဲ ႔ တုိက္ရိုက္အဓိပၸါယ္ကေတာ့ ကိစၥတခုခုႏွင့္ပတ္သက္လို႔ ဂ်ီတိုက္တာ၊ က်မတို႔ ျမန္မာဘန္းစကားအရေတာ့ မေက်နပ္လို႔၊ ဘဝင္မက်လို႔ ပူညံပူညံလုပ္တာမ်ဳိး၊ ေရးႀကီးခြင္က်ယ္လုပ္တာနဲ႔ တူတယ္လို႔ ဆိုရမွာပါ။ ဒီအသံုးႏွင့္ ပတ္သက္တဲ့ ဥပမာကို ေလ့လာၾကည့္ရေအာင္ပါ။
The customer at the restaurant kicked up a fuss about his food being cold.
စားေသာက္ဆုိင္မွာ လာစားတဲ့ အမ်ဳိးသားက သူ႔အတြက္လာခ်ေပးတဲ့ အစားအစာက ေအးေနတဲ့အတြက္ေၾကာင့္ ပူညံပူညံလုပ္လိုက္တယ္။
ဒီသတင္းပတ္ တင္ျပခဲ့တဲ့ Kick ကုိ အေျခခံတဲ့ idiom အသံုးေတြက Kick the can down the road, A kick in the teeth နဲ႔ Kick up a fuss တို႔ျဖစ္ၾကပါတယ္။",4.0,3.0,2.0,5.0,4.0,"The document is a well-structured educational tutorial explaining English idioms for Burmese speakers. It provides clear definitions, etymological context, and practical examples with translations. The language is natural and pedagogical, effectively bridging English concepts with Burmese cultural expressions like 'ပူညံပူညံ' (grumbling/fussing)."
<urn:uuid:9f556022-74cd-43e3-8949-b0911b56055f>,"ဝီလျံ၊ သ ဆိုင်းလင့်
ဝီလျံ, သ ဆိုင်းလင့် (ခရစ် ၁၅၃၃ ခုနှစ် - ၁၅၈၄)[ပြင်ဆင်ရန်]
ဩရိန်းမင်းသား ဝီလျံ သ ဆိုင်းလင့် (English: William the Silent; Dutch: Willem de Zwijger) သည် ဒပ်ချ်သမ္မတနိုင်ငံ (နယ်သလန်) ကို တည်ထောင်ခဲ့သူဖြစ်သည်။ နိုင်ငံရေးရာကိစ္စ၌ ချင့်ချိန်တိုင်းထွာ၍ ပြောဆိုတတ်သောကြောင့် ဝီလျံ သ ဆိုင်းလင့်ဟု အမည်တွင်သည်။ နက်စိုးမြို့စား၏ သားဖြစ်၍ ၁၅၃၃- ခုနှစ်တွင် ဒီလင်ဗတ် ရဲတိုက် (Dillenburg Castle) ၌ ဖွားမြင်သည်။
ဝီလျံသည် ရောမဧကရာဇ် ပဉ္စမချားဘုရင်၏ နန်းတော်တွင် ကြီး ပြင်းလာခဲ့သူဖြစ်သည့်အပြင် ဘုရင်ကြီး၏ မြှောက်စားခြင်းကိုလည်း ခံရ သည်။ မိဘတို့သည် ပရိုတက်စတင့်ဂိုဏ်းဝင်များဖြစ်ကြသော်လည်း ဘုရင် ကြီး၏ အလိုဆန္ဒအရ သူသည် ရောမကက်သလစ် ဂိုဏ်းသို့ကူးပြောင်း ခဲ့သည်။ ၁၅၄၄ ခုနှစ်တွင် ဩရိန်းမင်းသားဘွဲ့ကို ဆက်ခံရရှိသည်။ ၁၅၅၅- ခုနှစ်တွင် နယ်သာလန်ရှိ စစ်တပ်တို့၏ တပ်မှူးအဖြစ် ခန့်အပ်ခြင်းခံရသည်။ ထိုနှစ်၌ပင် ချားဘုရင်ကြီးသည် နယ်သာလန်နိုင်ငံ အုပ်ချုပ်မှုကို သားတော် ဒုတိယ ဖိလစ်အား လွှဲအပ်ခဲ့သည်။ တစ်ဖန် ၁၅၅၆ ခုနှစ်တွင် ဖိလစ်သည် စပိန်ထီးနန်းကိုလည်း ခမည်းတော်ထံမှ ဆက်ခံရရှိလေသည်။
ထိုအခါက နယ်သာလန်နိုင်ငံသည် စပိန်ဘုရင်၏ လက်အောက်ခံ နိုင်ငံဖြစ်ခဲ့သည်။ ၁၅၅၉ ခုနှစ်တွင် ဖိလစ်ဘုရင်က ဝီလျံကို ဟော်လန်၊ ဇီလန်နှင့် ယူးထရက်တို့ အတွက် ဘုရင်ခံအဖြစ် ခန့်အပ်ခဲ့သည်။ သို့ရာတွင် ဖိလစ်ဘုရင်၏ စစ်ဗိုလ်ချုပ် အာလဗာမြို့စားသည် ဒပ်ချ်အမျိုးသားတို့ကို နှိပ်စက်ညှင်းပန်းသဖြင့် ဝီလျံသည် ဂျာမနီပြည်၊ ဒီလင်ဗတ်မြို့သို့ သွားရောက်၍ စပိန်အစိုးရကို တော်လှန်ရန် စီစဉ်လေသည်။ ပရိုတက်စတင့်ဂိုဏ်းသို့လည်း ကူးပြောင်းခဲ့သည်။ အစအဦးတွင် ဝီလျံခေါင်းဆောင်သော ဒပ်ချ်တော်လှန်ရေးသည် မအောင်မြင်ခဲ့ချေ။ သို့ရာတွင် ဝီလျံသည် ဇွဲသန်သန်ဖြင့် တော်လှန်ရေးကို ဆက်လက်ကြိုးပမ်းခဲ့ရာ ၁၉၈၁ ခုနှစ်၌ နယ်သာလန်မြောက်ပိုင်း ပြည်နယ်ခုနစ်နယ်တို့သည် စပိန်၏ ကြီးစိုးမှုအောက်မှ လွတ်မြောက်၍ ဒပ်ချ်သမ္မတနိုင်ငံအဖြစ် ကြေညာခဲ့သည်။ ထိုသို့အားဖြင့် နယ်သာလန်နိုင်ငံဟူ၍ သီခြားနိုင်ငံ ဖြစ်ပေါ်ခဲ့လေသည်။
ဒုတိယ ဖိလစ်ဘုရင်ကလည်း ဝီလျံကို ဖမ်းဆီးပေးနိုင်သူအား ဆုငွေချီးမြှင့်မည်ဟူ၍ ကြေညာထားသည်။ ဝီလျံသည် ဒက်ဖရိုင်တွင် နေထိုင်စဉ် ၁၅၈၄ ခုနှစ်၊ ဇူလိုင်လ ၁ဝ ရက်နေ့၌ ဗာလသာဇာ ဂျဲရတ် ဆိုသူ လူသတ်သမားတစ်ဦး၏ လုပ်ကြံခြင်းကိုခံရ၍ အနိစ္စရောက်လေသည်။ ဝီလျံသည် နယ်သာလန်နိုင်ငံ လွတ်လပ်ရေးနှင့် စည်းလုံးညီညွတ် ရေးကို အုတ်မြစ်ချပေးခဲ့သူဖြစ်သဖြင့် ဒပ်ချ်သမ္မတနိုင်ငံ၏ ဖခင်ဟု ဥဒါန်း တွင်ရစ်ခဲ့လေသည်။[၁]
ကိုးကား[ပြင်ဆင်ရန်]
- မြန်မာ့စွယ်စုံကျမ်း၊ အတွဲ(၁၂)",4.0,2.0,2.0,4.0,1.0,"The text is a well-structured, informative biographical summary suitable for educational purposes. It provides historical facts about William the Silent. While it lacks complex analytical reasoning, it is clean, coherent, and written in natural Burmese, though it is a translation of Western historical content rather than a reflection of indigenous Burmese cultural nuances."
<urn:uuid:fea1d53e-afb3-4ad7-82da-817aad916a96>,"ေရွးတံုးက တစ္သက္လံုးလယ္ပဲလုပ္လာခဲ့တဲ့ လယ္သမားႀကီးတစ္ေယာက္ရိွသတဲ့။
တစ္ေန႔ေတာ့ လယ္လုပ္ရာမွာခိုင္းေနတဲ့ သူ႔ျမင္းေပ်ာက္သြားတယ္။ အဲဒါကို သူ႔အိမ္နီးနားခ်င္းေတြၾကားေတာ့ သနားကရုဏာသက္စြာနဲ႔ လာေမးၾကတယ္။ “ဆိုးလိုက္တဲ့ ကံကြာ။”
လယ္သမားႀကီးက ျပန္ေျပာတယ္။ “ျဖစ္ႏိုင္ပါတယ္”
ေနာက္ေန႔မနက္က်ေတာ့ တျခားျမင္းရိုင္းသံုးေကာင္နဲ႔အတူ သူ႔ျမင္း ျပန္ေရာက္လာတယ္။
သူ႔မိတ္ေဆြေတြက ေျပာျပန္တယ္။ “တယ္လဲ ကံေကာင္းပါလားေဟ့။”
အဖိုးအိုးက ျပန္ေျပာတယ္။ “ျဖစ္ႏိုင္ပါတယ္”
ေနာက္ေန႔မနက္မွာ လယ္သမားႀကီးရဲ့သားဟာ မေလ့က်င့္ရေသးတဲ့ ျမင္းရုိင္းတစ္ေကာင္ကုိ ယူစီးလုိက္တာ ျမင္းလဲ ထခုန္လိုက္ေရာ ျပဳတ္က်ၿပီး ေျခက်ိဳးပါေလေရာ့လား။
ဒီေတာ့ သူ႔မိတ္ေဆြေတြက စိတ္မေကာင္းစြာနဲ႔ လာေျပာၾက ျပန္တယ္။ “ဆိုးလိုက္တဲ့ ကံကြာ။”
လယ္သမားအဖိုးအိုကလည္း ထံုးစံအတိုင္း ျပန္ေျပာလိုက္တယ္။ “ျဖစ္ႏိုင္ပါတယ္”
ေနာက္တစ္ေန႔မနက္က်ေတာ့ စစ္သားစုေဆာင္းေရးဆုိၿပီး ရြာထဲကို စစ္ဗိုလ္ေတြေရာက္လာတယ္။
ေျခက်ိဳးေနတဲ့ အဖိုးႀကီးရဲ့သားကို ေတြ႔သြားေတာ့ သူကို စစ္သားအျဖစ္ မေရြးေတာ့ဘူး။
သူ႔မိတ္ေဆြေတြလည္း တအံ့တၾသနဲ႔ လာေျပာၾက ျပန္တယ္။ “ကံေကာင္းလို႔ေဟ့။”
အဖိုးအိုကလည္း ထံုးစံအတိုင္း ျပန္ေျပာလိုက္တာေပါ့။ “ျဖစ္ႏိုင္ပါတယ္” တဲ့။
x x x x x
ပံုျပင္ေလးကေတာ့ ဒါပါပဲကြယ္။
ကဲ - ပံုျပင္က ဘာေပးခ်င္တာလဲဆိုတာ ေမာင္ညီမေလးတို႔ ေျပာၾကည့္ပါဦး။ မွန္တဲ့သူကို ေျမာက္ကိုးရီးယားက ၀က္နားရြက္သုပ္ ေကြ်းပါမယ္ကြယ္။",4.0,3.0,1.0,5.0,4.0,"This is a classic Taoist parable retold in natural Burmese. It provides moral education suitable for children, uses simple language, and is formatted cleanly. The reasoning involves understanding the cyclical nature of fortune. It captures local storytelling nuances, though the final joke is a playful, non-traditional addition."
<urn:uuid:480449d0-119a-4857-bdea-44590a723d41>,"အဓိပ္ပါယ်ဖွင့်ဆိုချက်
Breech Birth (ဆုံပိုင်းမွေးခြင်း) ကဘာလဲ။
- သင်ကိုယ်ဝန်ဆောင်ထားချိန်မှာ သင့်သားအိမ်ဟာ သန္ဓြေသားလေးပုံစံအမျိုးမျိုးပြောင်းနေဖို့ လုံလုံလောက်လောက်ကျယ်ဝန်းပါတယ်။ ပုံမှန်နဲ့ အန္တရာယ်ကင်းကင်းမွေးနိုင်ဖို့အတွက်ကတော့ ကိုယ်ဝန်ပတ် ၃၆ ပတ်လောက်ကတည်းက သန္ဓြေသားဟာ မွေးလမ်းကြောင်းဆီ ခေါင်းစိုက်နေတဲ့ အနေအထားဖြစ်နေရပါမယ်။
- ဆံပိုင်းဆိုတာကတော့ ခေါင်းစိုက်မနေနဲ့ ကလေးအောက်ပိုင်းဦးတည်နေတဲ့ အခြေအနေဖြစ်တယ်။ နေ့စေ့လစေ့ကိုယ်ဝန်သည်တွေရဲ့ ၃-၅ ရာခိုင်နှုန်းလောက်ဟာ ဆုံပိုင်းမွေးရလေ့ရှိတယ်။ ဆုံပိုင်းကလေးအများစုကို အန္တရာယ်ကင်းကင်းဖြစ်ဖို့က ခွဲမွေးခြင်းသာအကောင်းဆုံးဖြစ်တယ်။
- ဆုံပိုင်းအနေအထားသုံးမျိုးရှိတယ် –
- မွေးလမ်းကြောင်းကို ကလေးတင်ပါးက ဦးတည်ထားပြီး ခြေထောက်နှစ်ချောင်းက အပေါ်ကိုဦးတည်ပြီး ဆန့်လျက်အနေအထားဖြစ်တယ်။ တွေ့ရအများဆုံးပုံစံဖြစ်တယ်။
- အပြည့်အဝဆုံပိုင်းဖြစ်ခြင်း – မွေးလမ်းကြောင်းကို ကလေးတင်ပါးဦးတည်ပြီး ဒူးကွေးလျက် အနေအထားဖြစ်တယ်။
ခြေထောက်တစ်ချောင်း သို့ နှစ်ချောင်းစလုံး တွဲလျက်ကျနေသောအနေအထားဖြစ်တယ်။ မွေးဖွားတဲ့အခါ ခြေထောက်အရင်ထွက်လာတာဖြစ်တယ်။
Breech Birth (ဆုံပိုင်းမွေးခြင်း) က ဘယ်လောက်အဖြစ်များသလဲ
မွေးဖွားမှု ၁၀၀ မှာ ၄ ခါလောက်ကတော့ ဆုံပိုင်းဖြစ်နေတတ်ပါတယ်။",4.0,2.0,3.0,4.0,3.0,"The document provides clear, accurate medical information about breech births suitable for public health education. It is well-structured and uses natural Burmese medical terminology. While it lacks deep analytical reasoning, it effectively explains a specific health topic with appropriate complexity for a general audience."
<urn:uuid:40107af3-5c0c-4359-9da5-22324fb8ddf9>,"ျမန္မာႏိုင္ငံမွာ အေရးျပားေပၚမွာ ျဖစ္ေလ့ရွိတဲ့ ၾကြက္ႏို႔ေရာဂါ အျဖစ္မ်ားေနတာမို႔ စနစ္တက် ေဆးရံု ေဆးခန္းေတြမွာ အျမွစ္ျပတ္ေအာင္ ကုသသင့္တယ္လို႔ အေရျပားက်န္းမာေရး ပညာရွင္ေတြက အႀကံျပဳတိုက္တြန္းေျပာဆိုပါတယ္။
Human Papillomavirus (HPV) ဗိုင္းရပ္စ္ပိုးေၾကာင့္ျဖစ္တဲ့ ၾကြက္ႏို႔ေရာဂါက အေရျပားေနရာအားလံုးမွာျဖစ္ႏိုင္ေပမယ့္ လက္နဲ႔ေျခေထာက္မွာ အမ်ားဆံုးျဖစ္ၿပီး၊ ေခါင္း၊ ပါးစပ္၊ ႏွာေခါင္းၾကားနဲ႔ လိင္အဂၤါတဝိုက္ စအိုတဝိုက္ေတြမွာလည္း ျဖစ္တတ္ပါတယ္။ ၾကြက္ႏို႔လကၡဏာေတြကေတာ့ အေရျပားေပၚမွာ ၾကမ္းၾကမ္းမာမာအဖုေလး ျဖစ္လာၿပီး၊ ပင္အပ္ေခါင္း အရြယ္ကေန တစ္စင္တီမီတာခန္႔ အထိ ရွိႏိုင္ပါတယ္။ လက္မွာျဖစ္လွ်င္ လက္ဖမိုး၊ လက္ေခ်ာင္းနဲ႔ လက္သည္းဝန္းက်င္ေတြမွာ ျဖစ္တတ္ပါတယ္။ ေျခေထာက္မွာေတာ့ ေျခဖုဝါးမွာျဖစ္လွ်င္ အသားမာတက္တာနဲ႔ မွားတတ္ေပမဲ့ ၾကြက္ႏို႔ျဖစ္ပါက လမ္းေလွ်ာက္လို႔ ေျခေထာက္ဖိလိုက္ရင္ နာတတ္ပါတယ္။ ကေလးေတြမွာ မ်က္ႏွာမွာလည္း ပင္အပ္ေခါင္းအရြယ္ေလးေတြ ထြက္တတ္ၿပီး မျပင္းထန္တဲ့ ၾကြက္ႏို႔အပါးစားသာျဖစ္တတ္ပါတယ္။ လိင္အဂၤါနဲ႔ စအိုတဝိုက္ျဖစ္လွ်င္ေတာ့ အဖုေသးေသးေလးေတြ အျခားေနရာေတြထက္ အမ်ားႀကီး ပြားထြက္လာတတ္ပါတယ္။
ၾကြက္ႏို႔က လူတိုင္းျဖစ္ႏိုင္ေပမဲ့ ဒီဗိုင္းရပ္စ္ပိုးက အလြယ္တကူေတာ့လည္း မကူးစက္ပါဘူး။ ကူးႏိုင္တဲ့နည္းေတြကေတာ့ ၾကြက္ႏို႔ရွိထားသူနဲ႔ တိုက္ရိုက္ အသားခ်င္း ထိေတြ႔မိတာ၊ ၾကြက္ႏို႔ရွိထားသူ ထိမိကိုင္မိတဲ့ပစၥည္းေတြကို တဆင့္ကိုင္တြယ္ထိေတြ႔မိတာ (ဥပမာ - လက္ကိုင္ပုဝါ၊ အားကစား အသံုးအေဆာင္၊ ေရကူးကန္တစ္ခုထဲသံုးတာ စသည္ျဖင့္)၊ အေရျပားပြန္းပဲတဲ့ေနရာကေန တစ္ဆင့္ ပိုးဝင္ကူးစက္တာအျပင္၊ လိင္အဂၤါၾကြက္ႏို႔အမ်ိဳးအစားကေတာ့ ၾကြက္ႏို႔ရွိထားသူနဲ႔ လိင္ဆက္ဆံမႈေၾကာင့္ ကူးစက္တာပါ။ အမ်ိဳးသမီးေတြမွာ ကူးစက္ခံရလွ်င္ ၾကြက္ႏို႔ပိုး ေမြးလမ္းေၾကာင္းနဲ႔ လိင္အဂၤါထဲေရာက္ၿပီး တခ်ိန္မွာ ေနာက္ဆက္တြဲ သားအိမ္ေခါင္းကင္ဆာျဖစ္လာႏိုင္ပါတယ္။ ကိုယ္ဝန္ေဆာင္မိခင္ ေမြးလမ္းေၾကာင္းမွာ ၾကြက္ႏို႔ရွိလာလွ်င္လည္း ကေလးကို ဆက္ကူးသြားႏိုင္ပါတယ္။
တားျမစ္ကာကြယ္ဖို႔ကေတာ့ ဒီၾကြက္ႏို႔ ဗိုင္းရပ္စ္ပိုးေလးေတြက ေသးလြန္းၿပီး မျမင္ႏိုင္တာေၾကာင့္ ကာကြယ္ရခက္ပါတယ္။ ဒါေပမဲ့ အတတ္ႏိုင္ဆံုးလုပ္ႏိုင္တာက အမ်ားသံုးေနရာ (ဥပမာ - အားကစားရံု၊ ေရကူးကန္၊ Gym ေဆာ့တဲ့ေနရာေတြမွာ စသည္ျဖင့္) တကိုယ္ေရသန္႔ရွင္းေရး အထူးဂရုစိုက္တာ၊ ၾကြက္ႏို႔ရွိထားသူကို သိထား၊ ျမင္ထားလွ်င္ တိုက္ရိုက္ အေရျပားခ်င္း မထိေတြ႔ေအာင္နဲ႔ တဆင့္သံုးပစၥည္းေတြကေနလည္း မကူးမိေအာင္ ဂရုစိုက္တာ၊ လိင္အဂၤါၾကြက္ႏို႔မကူးစက္ေအာင္လည္း အျပင္မွာ လိင္မဆက္ဆံဘဲ ေရွာင္က်ဥ္တာေတြ လုပ္ေပးႏိုင္ပါတယ္။
ကုသမႈအပိုင္းမွာေတာ့ တခ်ဳိ ႔ေတြက ေဆးမကုဘဲ ဒီအတိုင္းထားတာကေန လအေတာ္ၾကာမွာ သူ႔အလိုလို ျပန္ေပ်ာက္သြားတတ္တာလဲရွိပါတယ္။ ကိုယ္ခံအားခုခံမႈ စနစ္ျပန္ေကာင္းလာၿပီး ဒီဗိုင္းရပ္စ္ပိုးကို တိုက္ထုတ္ကာ ေရာဂါေပ်ာက္ကင္းသြားႏိုင္တာေၾကာင့္ပါ။ တခ်ိဳ ႔ေတြအတြက္လည္း ပထမဆံုးစျဖစ္တဲ့ ၾကြက္ႏို႔မႀကီးကို သတ္ပစ္လိုက္တာနဲ႔ တျခားၾကြက္ႏို႔ေတြလည္း ေသသြားတာ ျဖစ္ေကာင္းျဖစ္ႏိုင္ပါတယ္။ ဒီ ၾကြက္ႏို႔မႀကီးကို သတ္အၿပီး ေရာဂါခုခံမႈစနစ္ေျပာင္းလာကာ ပဋိလႈံေဆာ္ပစၥည္းေတြထြက္လာၿပီး၊ က်န္တဲၾကြက္ႏို႔ေတြကို တိုက္ထုတ္ႏိုင္လို႔ အခုလို ေပ်ာက္သြားတာ ျဖစ္ေကာင္းျဖစ္ႏိုင္ပါတယ္။
ဒါေပမဲ့ ေဆးရံုေဆးခန္းေတြမွာ စနစ္တက် ကုသမႈခံယူတာကေတာ့ အေကာင္းဆံုးျဖစ္ပါတယ္။ အထူးသျဖင့္ လမ္းေဘးေတြမွာ ဒါးနဲ႔ခြဲ၊ အက္ဆစ္နဲ႔တို႔ ကုေပးတာမ်ိဳး မခံယူသင့္ပါဘူး။ ေရာဂါ အျမွစ္မျပတ္တာအျပင္ မသန္႔တာေတြကေန အျခားေရာဂါေတြ ကူးလာႏိုင္လို႔ပါ။ ေဆးရံုေဆးခန္းေတြမွာေတာ့ စနစ္တက်ကုသနည္းမ်ိဳးစံုရွိရာမွာ လိမ္းေဆးတို႔တာ၊ ေအးခဲထားတဲ့ ႏိုက္ထရုိဂ်င္ေဆးျဖန္းတာ၊ လွ်ပ္စစ္နဲ႔တို႔တာ၊ ကင္ဆာေဆးတမ်ိဳးထိုးတာ၊ ေလဆာပစ္တာေတြ ပါပါတယ္။ တခ်ိဳ.ဆရာဝန္ေတြအေနနဲ႔ အထက္ပါပစၥည္းေတြ မရွိတာေၾကာင့္ ထံုေဆးေပးခြဲတဲ့နည္းနဲ႔ကုေပးတာကလည္း ထိေရာက္ေလ့မရွိဘဲ ျပန္ျဖစ္တတ္ပါတယ္။
ဒါ့အျပင္ ကိုယ့္ဟာကိုယ္ အိမ္မွာကုႏိုင္တဲ့ လြယ္ကူတဲ့ နည္းတစ္ခုလည္းရွိပါတယ္။ လက္ညိွဳး လက္သည္းနားနဲ႔ လက္ထိပ္ေတြမွာလို ျဖစ္တဲ့ၾကြက္ႏို႔ေတြအတြက္ လွ်ပ္စစ္ဝါယာႀကိဳးေတြကိုပတ္တဲ့ ေရစိုခံတိပ္နဲ႔ ၾကြက္ႏို႔ကို ေလလံုေအာင္ပိတ္ကပ္ထားၿပီး ေအာက္ဆီဂ်င္္ျဖတ္ ေသေစတာပါ။ ဒီ တိပ္ကို (၆) ရက္ခြဲ ကပ္ထားၿပီး၊ ေနာက္ (၁၂) နာရီၾကာေအာင္ ျပန္ဖြင့္ေပးထားပါ။ ခုလို (၄) ႀကိမ္ကေန (၆) ႀကိမ္လုပ္ေပးျခင္းျဖင့္ ၾကြက္ႏို႔ ေျခာက္ၿပီး ေသသြားႏိုင္ပါတယ္။ တကယ္လို႔ ဒီနည္းနဲ႔ မသက္သာလွ်င္ေတာ့ ေဆးရံု၊ေဆးခန္းျပ ကုသမႈခံယူသင့္ပါတယ္။
သိသင့္သိထိုက္တဲ့ ဒီအေရးျပားေရာဂါအေၾကာင္း ပိုမုိသိရွိႏိုင္ဖို႔ ကိုဝင္းမင္း က ျမန္မာႏိုင္ငံက အေရးျပားအထူးကု ဆရာဝန္ႀကီး ေဒါက္တာစိုးဝင္းဦး ကို ဆက္သြယ္ေမးျမန္း တင္ျပထားပါတယ္။",4.0,3.0,3.0,5.0,5.0,"The text provides clear, accurate, and structured health information about HPV-related warts, suitable for public education. It explains causes, transmission, prevention, and treatment options. The language is natural, culturally relevant to the Burmese context, and avoids technical jargon while maintaining professional medical advice."
<urn:uuid:6b888036-e0ce-43ce-bdbd-7c771ea3e356>,"ဘက်တီးရီးယား (bacteria) ဆိုသည်မှာ မျက်စိဖြင့်မမြင်နိုင်သော အဏုဇီဝပိုးမွှားများဖြစ်ပြီး အကျိုးပြုဘက်တီးရီးယားနှင့် အကျိုးမပြုဘက်တီးရီးယားဆိုပြီး (၂)မျိုးရှိပါတယ်။ နွားနို့တွင် ဘက်တီးရီးယားပိုးများသည် နို့ညှစ်စဉ်အတွင်း၊ ကိုင်တွယ်လုပ်ဆောင်စဉ်အတွင်း၊ သိုလှောင်စဉ်အတွင်း နှင့် အခြားသော ထုတ်လုပ်မှုလုပ်ငန်းစဉ်အဆင့်များတွင် ဝင်ရောက်နိုင်သည်။
(၁) အကျိုးပြုဘက်တီးရီးယား (Lactic acid bacteria - လက်တစ်အက်ဆစ် ဘက်တီးရီးယား)
- ဒီဘက်တီးရီးယားအုပ်စုသည် နို့ထဲမှာရှိတဲ့ လက်တို့စ် (lactose) ကို လက်တစ်အက်ဆစ် (lactic acid) အဖြစ် အချဉ်ဖောက်ပါတယ်။ အထူးသဖြင့် နို့ထုတ်ကုန်ပစ္စည်းများ (ဥပမာ-ဒိန်ချဉ်) ပြုလုပ်ရာတွင် culture အနေနဲ့အသုံးပြုပါတယ်။
(၂) အကျိုးမပြုဘက်တီးရီးယား
ဥပမာ-
Brucella spp.
Bacillus cereus
Listeria monocytogene
E. coli O157:H7
Salmonella spp.
Yersinia enterocolitica
Campylobacter jejuni စသည်ဖြင့်.....
ထိုဘက်တီးရီးယားများသည် ထုတ်ကုန်များကို ပျက်စီးစေပြီး စားသုံးသူများ၏ ကျန်းမာရေးကို ထိခိုက်စေပါသည်။ ဘက်တီးရီးယားပိုး အများစုသည် နို့ပေါင်း (pasteurization - သတ်မှတ်အပူချိန်ပေး၍ ပိုးသတ်ခြင်း) ပြုလုပ်လိုက်သည့်အခါ သေနိုင်သော်လည်း တစ်ချို့ မသေနိုင်သည့် ပိုးများလည်းရှိသည်။
pasteurization လုပ်ခြင်းကြောင့် ဘက်တီးရီးယားပိုးများ သေသွားသော်လည်း နို့ပေါင်းဖြစ်ပြီးနောက်မှစ၍ နောက်ဆုံးထုတ်ကုန်ဖြစ်သည်အထိ ထုတ်ပိုးကိုင်တွယ်လုပ်ဆောင်သည့် အဆင့်တိုင်း၌ အသုံးအဆောင်ပစ္စည်း၊ လူ၊ ပတ်ဝန်းကျင်၊ သိုလှောင်မှု စနစ်တကျသန့်ရှင်းမှုမရှိလျှင် ပြင်ပမှ ဘက်တီးရီးယားပိုးများ ဝင်ရောက်လာနိုင်သည်။ ဒါကို သတိထားဖို့လည်းလိုပါတယ်။
*** နို့စိမ်းမှာကတည်းက ဘက်တီးရီးယားပိုး ပါဝင်မှုနည်းပြီး အရည်အသွေးကောင်းသည့် နို့သည် ပိုကောင်းမွန်သည့် ထုတ်ကုန်ကိုပေးနိုင်မှာ ဖြစ်ပါတယ်။ (အနံ့အရသာကောင်းမွန်ခြင်း၊ ရေရှည်အထားခံခြင်း စသည်)
*** နွားနို့တွင် လူကို ဘေးဥပါဒ်ဖြစ်စေမည့် ဘက်တီးရီးယားပိုးများပါဝင်မှုကို ထိန်းချုပ်နိုင်ဖို့ နွားမှစ၍ နောက်ဆုံးထုတ်ကုန်အထိ အဆင့်တိုင်းက အရေးကြီးကြောင်း ပြောကြားလိုပါတယ်။
***အဆင့်တိုင်းတွင် သန့်ရှင်းစွာ လုပ်ဆောင်မှု အရေးကြီးပါသည်။",4.0,2.0,3.0,5.0,3.0,"The text provides clear, educational information about bacteria in milk production, suitable for middle-school level. It uses logical categorization and explains the importance of hygiene. The language is natural and professional, reflecting local agricultural/food safety contexts without unnecessary noise or formatting issues."
<urn:uuid:4e2c3e21-a682-47ef-996a-649b3cbc7a10>,"နိုဘယ်ဆု
|နိုဘယ်ဆု|
The Nobel Prize
|ဆုပေးအပ်ခြင်းအကြောင်း||ရူပဗေဒ၊ ဓာတုဗေဒ၊ ရသစာပေ၊ ငြိမ်းချမ်းရေးနှင့် ဇီဝကမ္မဗေဒ (သို့) ဆေးပညာ တို့ဖြင့် လူ့လောကကို ထူးထူးချွန်ချွန် အကျိုးပြုနိုင်ကြသောသူများ အတွက် နိုဘယ်ဆုနှင့် စီးပွားရေးသိပ္ပံ အတွက် နိုဘယ်ဆု|
|ဆုတံဆိပ်ပေးအပ်သူ||ဆွီဒစ်ပညာ့တံခွန်အသင်း|
နိုဘယ်ဆုကော်မတီ (ဆွီဒင်တော်ဝင်သိပ္ပံ အကယ်ဒမီ)
နိုဘယ်ကော်မတီ (ကာရိုလင်စကာ သိပ္ပံ)
နော်ဝေနိုဘယ်ကော်မတီ
|နိုင်ငံ|| ဆွီဒင်,|
နော်ဝေ (ငြိမ်းချမ်းရေး ဆုတစ်မျိုးသာ)
|ပထမဆုံးဆုတံဆိပ်||၁၉၀၁|
၁၉၆၉ (စီးပွားရေးသိပ္ပံ)
|ဝက်ဘ်ဆိုဒ်||nobelprize.org|
နိုဘယ်ဆု (တမ်းပလိတ်:IPA-sv, Swedish definite form, singular: Nobelpriset; Norwegian: Nobelprisen) သည် အပြည်ပြည်ဆိုင်ရာ ဆုတံဆိပ်တစ်ခုဖြစ်ပြီး၊ ဆုအမျိုးအစားပေါင်း များစွာရှိသော်လည်း အဓိကဆုများမှာ ယဉ်ကျေးမှုဆိုင်ရာ (သို့) သိပ္ပံပညာရပ် တိုးတက်ကျယ်ပြန့်မှုများအတွက် အပ်နှင်းလေ့ရှိသည်။ လူမျိုး ဂရုဏာသက်ရောက်စေရန် တီထွင်ခဲ့သူ ဆွီဒင်လူမျိုးဖြစ်သည့် အဲလ်ဖရက် နိုဘယ်၏ သေတမ်းအမှာစာတွင်ရေးသားထားသည့်အတိုင်း ၁၈၉၅ခုနှစ်မှ စတင်ခဲ့ခြင်းဖြစ်သည်။ ရူပဗေဒဆိုင်ရာ နိုဘယ်ဆု၊ ဓာတုဗေဒ၊ ကိုယ်ခန္ဓာတန်ဆာလုပ်ဆောင်မှု ပညာ (သို့) ဆေးပညာ၊ စာပေ နှင့် ငြိမ်းချမ်းရေး ဆုများကို ၁၉၀၁ခုနှစ်မှ စတင်ပေးအပ်ခဲ့သည်။[၁]
အဲလ်ဖရက် နိုဘယ်[ပြင်ဆင်ရန်]
နိုဘယ်ဆုသည် ဆွီဒင် နိုင်ငံသား အဲလ်ဖရက် နိုဘယ်(Alfred Nobel) အား အကြောင်းပြု၍ ပေါ်ပေါက်လာခဲ့သည်။ နိုဘယ်သည် ၁၈၃၃ တွင် ဖွားမြင်၍ ၁၈၉၆ တွင် ကွယ်လွန်သည်။ သူ့အဖသည် သိပ္ပံသုတေသနပညာရှင်ဖြစ်၍ သူ့အမိသည် စာပေဝါသနာပါသူ ဖြစ်သည်။ နိုဘယ်သည် ကျန်းမာရေးကောင်းလှသူ မဟုတ်ချေ။ ငယ်စဉ်အခါကပင် ကျန်းမာရေးချို့တဲ့သူ ဖြစ်သည်။ နာဖျားမကျန်း ဖြစ်သည့်အခါ အမိပြောပြသော ဆွီဒင်ရှေးဟောင်းပုံပြင်တို့ကို နားထောင်၍ သက်သာရာ သက်သာကြောင်းကို ရှာတတ်သည်။ ကြီးပြင်းသောအခါ အဖကဲ့သို့ သိပ္ပံပညာ၌ စိတ်ဝင်စားသည်။ အထူးသဖြင့် ဓာတုဗေဒ၊ ရူပဗေဒ၊ စက်မှုအင်ဂျင်နီယာတို့၌ စိတ်ဝင်စားသည်။ အတွေးအခေါ်၌ ဝါသနာပါသော၊ အာဝဇ္ဇန်း ရွှင်သော၊ ပုံပြောကောင်းသောသူ ဖြစ်သည်ဟုလည်း သိရသည်။ အမေရိကန်ပြည်ထောင်စုသို့ သွား၍ နာမည်ကျော် အင်ဂျင်နီယာ ဆရာကြီးတစ်ဦးထံ၌ စက်မှုအင်ဂျင်နီယာကို ပူးပူးကပ်ကပ် သင်ယူသည်။ ဆွီဒင်နိုင်ငံသို့ ပြန်ရောက်သောအခါ လူသုံးပစ္စည်း အမျိုးမျိုးကို တီထွင်သည်။ သူ အထူးတီထွင်သော အရာသည် ဒိုင်းနမိုက်ခေါ် ယမ်းဘီလူး ဖြစ်သည်။ တီထွင်ခါစတွင် တူးမြောင်းများ တူးဖော်ရေးအတွက်လည်းကောင်း၊ ကျောက်တောင်များ၌ မီးရထားသွား လိုဏ်ခေါင်းဖောက်ရေးအတွက်လည်းကောင်း မြေကြီးနှင့် ကျောက်တောင်တို့ကို ဖောက်ခွဲရန် ယမ်းဘီလူးကို အသုံးများကြသည်။ သူ၏ တီထွင်မှုအမျိုးမျိုးကို အကြောင်းပြုလျက် နိုဘယ်သည် ကမ္ဘာပေါ်၌ အချမ်းသာဆုံး သူဌေးများတွင် တစ်ဦးအပါအဝင် ဖြစ်လာသည်။
နောင်အခါ ယမ်းဘီလူးကို စစ်ခင်းနိုင်ငံများသည် စစ်ပွဲများ၌ အသုံးပြုလာကြသောကြောင့် သူ့ယမ်းဘီလူးသည် လူ့လောက ပျက်စီးရာ ပျက်စီးကြောင်းလည်း ဖြစ်ရသည်ကို တွေ့လာသောအခါ နိုဘယ်သည် ပြင်းစွာ တုန်လှုပ်၍ စိတ်မချမ်းမသာ ဖြစ်ရှာသည်။ ထို့ကြောင့် လူ့လောက ငြိမ်းချမ်း တိုးတက်မှု ရှိလာစေသော ဆန္ဒဖြင့်လည်းကောင်း၊ မေတ္တာစိတ်၊ ကရုဏာစိတ် ပျံ့နှံ့မှု ရှိလာစေသော ဆန္ဒဖြင့် လည်းကောင်း သူ့စည်းစိမ်တစ်ခုလုံးကို လှူဒါန်းခဲ့သည်။
နိုဘယ်သည် သူမကွယ်လွန်မီ ၁နှစ်အလိုဖြစ်သော ၁၈၉၅ ခုတွင် တစ်ကမ္ဘာလုံးက အံ့အားသင့်ရသော သေတမ်းစာကို ရေးခဲ့သည်။ ထိုသေတမ်းစာအရ သိရသည်မှာ ရင်းနှီးမတည်ငွေ အဖွဲ့တစ်ဖွဲ့ကို ဖွဲ့စည်းစေ၍ ထိုအဖွဲ့အစည်းသို့ သူ့စည်းစိမ်တစ်ခုလုံးကို အပ်နှင်းကြောင်း၊ သူ့စည်းစိမ်ကို အရင်းအနှီးပြုလျက် ထိုအရင်းအနှီးမှ နှစ်စဉ်ရသော အကျိုးအမြတ်ငွေများကို ငါးစု အညီအမျှခွဲလျက် (၁) ရူပဗေဒဖြင့်လည်းကောင်း၊ (၂) ဓာတုဗေဒဖြင့်လည်းကောင်း၊ (၃) ဆေးပညာဖြင့်လည်းကောင်း၊ (၄) ရသစာပေဖြင့်လည်းကောင်း၊ (၅) ငြိမ်းချမ်းရေး ဆောင်ရွက်ချက်ဖြင့်လည်းကောင်း လူ့လောကကို ထူးထူးချွန်ချွန် အကျိုးပြုနိုင်ကြသော ပုဂ္ဂိုလ်ငါးဦးကို အဆိုပါ အဖွဲ့အစည်းက နှစ်စဉ်နှစ်တိုင်း ရွေးချယ်၍ ဆုချီးမြှင့်စေလိုကြောင်း သိရပါသည်။ နှစ်စဉ်ရရှိသော အကျိုးအမြတ်ငွေ အင်အားအလိုက် ဆုတစ်ဆုလျှင် ယခုအခါ၌ ဒေါ်လာတစ်သိန်းကျော် တန်နေပြီဟု သိရသည်။
ကိုးကား[ပြင်ဆင်ရန်]
- ""Which country has the best brains?""၊ BBC News၊ 8 October 2010။ 6 December 2011 တွင် ပြန်စစ်ပြီး။",4.0,2.0,2.0,3.0,3.0,"The text provides a clear, educational overview of the Nobel Prize and its history, suitable for students. It contains some formatting artifacts (tables/brackets) typical of Wikipedia-style extracts. The language is natural and culturally appropriate for Burmese readers, though it relies on standard encyclopedic information rather than deep, original cultural insights."
<urn:uuid:49b626e2-c130-49eb-bdf7-b2ef68021760>,"၂၀၀၇ စက္တင္ဘာ ၅ - ပခုကၠဴၿမိဳ႕တြင္ သံဃာေတာ္မ်ားအား ေအးခ်မ္းစြာ လမ္းေလွ်ာက္ၾက၍ ေမတၱာပို႔ ဆုေတာင္းစဥ္ စြမ္းအားရွင္၏ လူမဆန္စြာ ညႇင္းပန္း ဖိႏွိပ္မႈေၾကာင့္ အံုႂကြမႈမ်ား စတင္ျဖစ္ေပၚ။
၂၀၀၇ စက္တင္ဘာ ၆၊ ၇ - ပခုကၠဴ ႀကံ့ခိုင္ဖြံ႕ၿဖိဳးေရး အဖြဲ႕၀င္မ်ား၊ စြမ္းအားရွင္မ်ားႏွင့္ သံဃာထု တင္းမာမႈမ်ား ရွိေန။ ႀက႕ံဖြံ႕ အဖြဲ႕ပိုင္ ေစ်းဆိုင္မ်ား ဖ်က္ဆီးခဲ့ရ။ တစ္ႏိုင္ငံလံုး၌ သံဃာသမဂၢအဖြဲ႕ကို ဖြဲ႕စည္း။ ဦးဂမ္ၻီရ အမည္ျဖင့္ ေၾကညာခ်က္ ထုတ္ျပန္။
၂၀၀၇ စက္တင္ဘာ ၁၁၊ ၁၂ - ရန္ကုန္ၿမိဳ႕ ၿမိဳ႕နယ္ အသီးသီးရွိ ဘုန္းႀကီးေက်ာင္းမ်ားသို႔ သံဃာေတာ္ သမဂၢ ေသာတုဇနဘိက္ၡဴ အဖြဲ႕မ်ားက ေၾကျငာခ်က္စေ၀၊ သံဃာအေပၚ မ႐ိုေသ မေလးစား ျပဳမူသည့္ အစိုးရအား ပတၱနိကုစ္ၦန ကံေဆာင္ၿပီး တစ္ႏိုင္ငံလံုး အတိုင္းအတာ ဆႏၵျပရန္ စက္တင္ဘာ ၁၈ ရက္ေန႕ကို သတ္မွတ္လိုက္ေၾကာင္း ပါရွိ။
စက္တင္ဘာ ၁၆ - ေရႊတိဂံု ေစတီ တ၀ိုက္ သံဃာေတာ္ အနည္းငယ္စုေ၀း၊ ေစတီေတာ္ ရင္ျပင္တက္သည့္ ေလွကားေအာက္မွ တံခါးမ်ား ပိတ္ထားဆဲပင္ရွိ၊ လက္နက္ အျပည့္အစံု ပါသည့္ စစ္ကား ၂ စီး သံဃာေတာ္မ်ား ေနာက္မွ လိုက္လံႀကိဳးပမ္း၊ သိမ္ျဖဴ စေတာ့ကိတ္ကုန္းနား အေရာက္တြင္ သံဃာေတာ္မ်ား ၿငိမ္းခ်မ္းစြာ လူစုခြဲခဲ့ၾက။
၂၀၀၇ စက္တင္ဘာ ၁၇ - ၾကည့္ျမင္တိုင္၊ အလံုဘက္မွ ႂကြခ်ီလာေသာ သံဃာေတာ္ စစ္ေၾကာင္းႏွင့္ ဗဟန္းတြင္ ရွိႏွင့္ၿပီးေသာ သံဃာေတာ္မ်ား စုေပါင္း၍ ေရႊတိဂံု ကုန္းေတာ္ေပၚ တက္ေရာက္ ႏိုင္ခဲ့ၾက၊ ေအာင္ေျမတြင္ စုေ၀းတရားေဟာၾက၊ အေရွ႕ဘက္မုခ္ အတိုင္း ဆင္းႂကြၿပီး ဦေထာင္ဘို အ၀ိုင္းကိုျဖတ္ကာ သမၼတ ႐ုပ္ရွင္႐ံု ေရွ႕လမ္းမွ ဆူးေလဘုရားေပၚ တက္ကာ တရားေဟာေျပာခဲ့။
၂၀၀၇ စက္တင္ဘာ ၁၈ - တစ္ႏိုင္ငံလံုး ပတၲနိကုစ္ၦန ကံေဆာင္ သပိတ္ေမွာက္ခဲ့ၾက၊ သံဃာ့ တပ္ေပါင္းစု ေပၚထြက္လာ၊ ေျမာက္ ဥကၠလာ၊ ေတာင္ဥကၠလာ၊ ရန္ကင္းမွ ကိုယ္ေတာ္မ်ား မိုးေကာင္းဘုရား စုရပ္မွာ ေတြ႕ဆံု၊ သဃၤန္းကၽြန္း က်ိဳကၠဆံ ဘုရား၀င္းတြင္းရွိ ေက်ာက္စာ႐ံု၌ ပတ္ၲနိကုစၦနကံ ေဆာင္ခဲ့၊ ကမၻာေအး ႏိုင္ငံတကာ ဗုဒၶသာသနာျပဳ တကၠသုိလ္မွ သံဃာမ်ား အပါအ၀င္ ရန္ကုန္ၿမိဳ႕အႏွံ႕မွ သံဃာမ်ား ေၾကးသြန္းဘုရား၀င္း အတြင္း စုေ၀း တိုင္ပင္ကာ ေရႊတိဂံု ေအာင္ေျမနင္းၿပီး ေတာင္ဘက္မုခ္မွ ၿမိဳ႕ထဲသို႔ႂကြ၊ ဆူးေလဘုရား တံခါးပိတ္ထား၍ ၿမိဳ႕ေတာ္ခန္းမေရွ႕ လမ္းေပၚသာ ၀တ္ျပဳဆုေတာင္းခဲ့ၾက။
၂၀၀၇ စက္တင္ဘာ ၁၉ - သံဃာေတာ္မ်ား ႂကြခ်ီမႈ ပိုအားေကာင္းလာၿပီး ေနာက္လိုက္ ေနာက္ပါ ျပည္သူမ်ား တခဲနက္ လိုက္လံ အားေပးခဲ့ၾက၊ လမ္းေဘးက တစ္ဖက္တစ္ခ်က္စီ၌ လူအုပ္ႀကီးက ရွိခိုးဦးခ် ကန္ေတာ့ျခင္း၊ လက္ခုပ္တီး အားေပးျခင္းမ်ား ျပဳလုပ္လာၾက၊ ဂြတၲလစ္ဖက္မွ ႂကြလာေသာ သံဃာမ်ားက တာေမြ တစ္ဖက္ခ်ိဳးကာ ယုဇနပလာဇာ ေရွ႕မွသည္ ေတာင္ညြန္႔ တိရိစၦာန္ ဥယ်ာဥ္ေဘး ေက်ာက္တိုင္လမ္းမွ ဆူးေလ အေရာက္ ခ်ီတက္ခဲ့ၾက၊ အျခား စစ္ေၾကာင္း တစ္ခုက လွည္းတန္းဘက္မွ စထြက္ကာ တကၠသိုလ္ရိပ္သာလမ္း ေဒၚေအာင္ဆန္းစုၾကည္ အိမ္ေရွ႕ျဖတ္ခဲ့၊ ေဒၚေအာင္ဆန္းစုၾကည္ ထြက္ကာ ဖူးေျမာ္ကန္ေတာ့ခဲ့။",4.0,3.0,3.0,3.0,5.0,"The document provides a factual, chronological account of the 2007 Saffron Revolution in Myanmar. It is highly educational for history, uses natural Burmese phrasing with specific cultural and religious terminology, and maintains a neutral, report-like tone. It lacks deep analytical reasoning but is a clear, well-structured historical record."
<urn:uuid:11f9fb3f-6c10-4a6d-aae8-12c191c46f9d>,"ဂမ်မာရောင်ခြည်
ဂမ်မာရောင်ခြည်အား ဂရိစာလုံးအသေး ဂမ်မာ (γ or ) ဖြင့် အမှတ်အသားပြုသည်။ ၎င်းသည် ကြိမ်နှုန်းအလွန်မြင့်မားသော လျှပ်စစ်သံလိုက်ရောင်ခြည်ဖြစ်၍ စွမ်းအင်မြင့်မားသော ဖိုတွန်များပါရှိသည်။ ၁၉၀၀ ခုနှစ်တွင် ပြင်သစ် ဓာတုဗေဒနှင့် ရူပဗေဒ ပညာရှင် ပေါလ် ဗီလာဒ် ဆိုသူက ရေဒီယမ်သတ္တုကို လေ့လာရင်း ဂမ်မာရောင်ခြည်ကို ရှာဖွေတွေ့ရှိခဲ့သည်။ ဂမ်မာရောင်ခြည်အား အားနက်စ် ရူသာဖို့ဒ်က အမည်ပေးခဲ့ခြင်းဖြစ်သည်။ ရူသာဖို့ဒ်သည် ယခင်တည်းက အခြား ရေဒီယိုသတ္တိကြွပြိုကွဲခြင်း အမျိုးအစား နှစ်မျိုးဖြစ်သည့် အယ်လ်ဖာပြိုကွဲခြင်းနှင့် ဘီတာပြိုကွဲခြင်း များကို ရှာဖွေတွေ့ရှိခဲ့သည်။
ဂမ်မာရောင်ခြည်သည် အိုင်ယွန်ပြုရောင်ခြည် အမျိုးအစားတစ်ခုဖြစ်၍ သက်ရှိများကို အန္တရာယ်ဖြစ်သော ရောင်ခြည်ဖြစ်သည်။ အက်တမ်နျူကလိယသည် စွမ်းအင်မြင့် အခြေအနမှ စွမ်းအင်နိမ့် အခြေအနသို့ ပျက်ယွင်းသည့်အခါ ဂမ်မာရောင်ခြည်ကို ထုတ်လွှတ်ပြီး ၎င်းဖြစ်စဉ်ကို ဂမ်မာပြိုကွဲခြင်းဟု ခေါ်သည်။
ကိုးကား[ပြင်ဆင်ရန်]
|ဤ ရူပဗေဒနှင့် သက်ဆိုင်သော ဆောင်းပါးမှာ ဆောင်းပါးတို တစ်ပုဒ်ဖြစ်သည်။ ဖြည့်စွက်ရေးသားခြင်းဖြင့် မြန်မာဝီကီပီးဒီးယားကို ကူညီပါ။|",4.0,2.0,3.0,3.0,2.0,"The text provides a clear, accurate, and educational overview of gamma rays suitable for middle-school level. It explains the discovery and physical nature of the radiation. It is clean, though it contains some Wikipedia boilerplate at the end. The language is natural Burmese, though it is a standard encyclopedic translation."
<urn:uuid:0055deb6-7276-49d7-b900-fa7fa63f444f>,"ဘေဘီလုံ
ဘေဘီလုံ သည် ရှေးခေတ်ကမ္ဘာ၏ ဩဇာအရှိဆုံး ဧကရာဇ်အချို့ အုပ်ချုပ်ခဲ့သည့် ရှေးဟောင်းမြို့ဖြစ်သည်။ ၎င်းသည် ဘေဘီလုံ အင်ပါယာ ၏မြို့တော်ဖြစ်ပြီး ၎င်းသည် ကူးသန်းရောင်းဝယ်ရေး၊ အနုပညာနှင့် သင်ယူမှု ဆိုင်ရာ ဗဟိုချက်အဖြစ် သတ်မှတ်ခံထားရပြီး ကမ္ဘာပေါ်တွင် အကြီးဆုံးအစောပိုင်းမြို့ ဖြစ်မည်ဟု ခန့်မှန်းရပြီး လူဦးရေ ၂၀၀,၀၀ အထက်သို့ ပထမဆုံးရောက်ရှိသည့် မြို့လည်းဖြစ်သည်။ [၁]
|ဘေဘီလုံ*|
|UNESCO ကမ္ဘာ့အမွေအနှစ်နေရာများ|
|တည်ရှိသည့် နိုင်ငံ||အီရတ်|
|အမျိုးအစား||ယဉ်ကျေးမှု|
|ရွေးချယ်သည့်စံနှုန်း||iii,vi|
|ကိုးကား||၂၇၈|
|ဒေသ**||အာရပ်နိုင်ငံများ|
|သတ်မှတ်ခြင်း မှတ်တမ်း|
|စတင်သတ်မှတ်ခြင်း||၂၀၁၉ (၄၃ကြိမ်)|
|* ယူနက်စကိုကမ္ဘာ့အမွေခံစာရင်းတွင် ရေးထိုးထားသောအမည်|
** ယူနက်စကိုမှ ခွဲခြားသတ်မှတ်ထားသောဒေသ
လက်ရှိတွင် ၎င်းသည် ရှေးဟောင်းသုတေသနနယ်မြေတစ်ခုဖြစ်ပြီး ရှေးဟောင်းသုတေသန နယ်နိမိတ်အတွင်း လူဦးရေ ထောင်ဂဏန်း နှင့် ကျေးရွာအနည်းငယ်သာရှိသော်လည်း မကြာသေးမီ နှစ်များအတွင်းက ဆောက်လုပ်ရေးလုပ်ငန်းများ အရှိန်အဟုန်ဖြင့် တိုးမြင့်လာပြီး အချို့မှာ အပျက်အစီးများ အပေါ်သို့ ကျူးကျော် ဝင်ရောက်လာခြင်းဖြစ်သည်။ [၂] [၃] [၄] ရှေးဟောင်းသုတေသနနေရာသည် ယနေ့ခေတ် အီရတ်နိုင်ငံ ဘာဘေး အုပ်ချုပ်ရေးဒေသ ဟီလာရှိ ဘဂ္ဂဒက်မြို့ နှင့် ၈၅ ကီလိုမီတာ (၅၃ မိုင်) ခန့်အကွာတွင် တည်ရှိပြီး ၎င်း၏ နယ်နိမိတ်များသည် ဧရိယာ ၁၀၅၄.၃ ဟက်တာခန့်ရှိသော ရှေးဟောင်း အပြင်မြို့ရိုးများ၏ ပတ်ဝန်းကျင်ကို အခြေခံထားသည်။ [၅] ဘေဘီလုံ ကို ယူနက်စကို မှ ကမ္ဘာ့အမွေအနှစ်နေရာ အဖြစ် စာရင်းသွင်းထားပြီး နှစ်စဉ် ထောင်နှင့်ချီသော ဧည့်သည်များ လာရောက် လည်ပတ်ကြပြီး အားလုံးနီးပါးမှာ အီရတ်လူမျိုးများ ဖြစ်သည်။ [၆] [၇]
ကိုးကားပြင်ဆင်
- Tertius Chandler.
- Bringing Babylon back from the dead - CNN Video
- ""In Beleaguered Babylon, Doing Battle Against Time, Water and Modern Civilization""။
- Management Plan of Babylon။
- Babylon World Heritage Nomination Text။
- 'It Was Like Magic': Iraqis Visit Babylon And Other Heritage Sites For 1st Time။
- Ancient city of Babylon heads list of new Unesco world heritage sites။",4.0,2.0,2.0,3.0,2.0,"The text provides a clear, educational overview of Babylon, suitable for middle-schoolers. It includes factual historical and geographical data. While it contains some boilerplate-like table formatting and citation markers, the prose is coherent and informative. It uses natural Burmese, though it is clearly modeled on encyclopedic structures like Wikipedia."
<urn:uuid:3aa7d3f7-05ce-43b6-99f8-36ba153b82de>,"ကိုရိုနာဗိုင်းရပ်စ် ပျောက်ကွယ်သွားမည် မဟုတ်ဟု WHO ပြော
ကိုရိုနာဗိုင်းရပ်စ်သစ်က ပျောက်ကွယ်သွားလိမ့်မည် မဟုတ်ကြောင်းနှင့် ကမာ္ဘပေါ်ရှိ ပြည်သူများက ၎င်းနှင့်အတူ နေထိုင်ရန် သင်ယူရလိမ့်မည်ဖြစ်ကြောင်း ကမ္ဘာ့ကျန်းမာရေးအဖွဲ့ (WHO) က မေလ ၁၃ ရက်နေ့ တွင် သတိပေးလိုက်သည်။
ကမာ္ဘတလွှား ရှိ အချို့နိုင်ငံများ တွင် ကိုရိုနာဗိုင်းရပ် ပြန့်ပွားမှုကို တားဆီးရန် ကြိုးပမ်းသည့် အနေဖြင့် ချမှတ်ထားသော ပိတ်ဆို့ ကန့်သတ်ချက်များကို တဖြည်းဖြည်းချင်း လျှော့ချလာသည့် အချိန်တွင် WHO က ၎င်းသည် လုံးလုံး လျားလျား ဖယ်ရှား၍ ရကောင်းမှ ရလိမ့်မည်ဟု ပြောကြားခဲ့ခြင်း ဖြစ်သည်။
အဆိုပါ ဗိုင်းရပ်စ်သည် ပြီးခဲ့သည့်နှစ်နှောင်းပိုင်းက တရုတ်နိုင်ငံ ဝူဟန်မြို့တွင် ပထမဆုံး တွေ့ရှိခဲ့ပြီး ထိုအချိန်မှစ၍ လူပေါင်း ၄. ၄ သန်းကျော် ကူးစက်ခံခဲ့ရကာ ကမ္ဘာအနှံ့တွင် လူ ၃၀၀၀၀၀ နီးပါးသေဆုံးခဲ့ရသည်။
WHO ၏ အရေးပေါ်ကိစ္စရပ်များဆိုင်ရာ ဒါရိုက်တာ ညွှန်ကြားရေးမှူး Michael Ryan က “ပထမဆုံးအကြိမ်အဖြစ် လူထုထဲ ဝင်လာတဲ့ ဗိုင်းရပ်စ် အသစ်တခု ပါ။ ဒါကြောင့် အဲဒါကို ဘယ်အချိန်မှာ ကျော်လွှားနိုင်မလဲဆိုတာ ကြိုတင်ခန့်မှန်းဖို့ ခက်ခဲပါတယ်” ဟု ပြောကြားခဲ့သည်။
ဂျီနီဗာမြို့တွင် ပြုလုပ်သည့် အွန်လိုင်းသတင်းစာရှင်းလင်းပွဲ တခုတွင် သူက “ဒီဗိုင်းရပ်စ်ပိုးက ကျနော်တို့ အသိုင်းအဝိုင်းမှာ ဖြစ်ပွားတတ်လေ့ရှိတဲ့ နောက်ထပ် ဗိုင်းရပ်စ်တခု ဖြစ်ချင်လည်း ဖြစ်သွားနိုင်ပါတယ်။ အမြဲတမ်း ပျောက်ကွယ်ချင်မှ ပျောက် ကွယ်သွားပါလိမ့်မယ်” ဟု ပြောကြားခဲ့သည်။
“HIV ပိုးက ပျောက်ကွယ်မသွားသေးပါဘူး။ ဒါပေမယ့် ကျနော်တို့က ဒီဗိုင်းရပ်စ် (HIV) နဲ့ အဆင်ပြေဖို့ လုပ်ခဲ့ရပါတယ်။”
ကိုရိုနာဗိုင်းရပ် ပြဿနာ စတင်ကတည်းက လူသားထု၏ တဝက်ကျော်က အချို့သော ပိတ်ဆို့မှု ပုံစံများအောက်တွင် ရောက်ရှိနေခဲ့ကြရသည်။
ကန့်သတ်ထားမှုများကို ဖြေလျှော့ပေးခြင်းက ကူးစက်မှု ဒုတိယလှိုင်းကို မဖြစ်စေနိုင်ဟု အာမခံနိုင်စရာ အကြောင်း မရှိကြောင်း WHO က သတိပေးလိုက်သည်။
“နိုင်ငံတော်တော်များများက ခွဲခြား ကန့်သတ်ပိတ်ဆို့ ထားတဲ့ လုပ်ဆောင်ချက်ကနေ ထွက်လာချင်ကြပါလိမ့်မယ်” ဟု WHO အကြီးအကဲ Tedros Adhanom Ghebreyesus က ပြောသည်။
“ဒါပေမယ့် ဘယ်နိုင်ငံမှာမဆို သတိထားမှုက ဖြစ်နိုင်သမျှ အမြင့်ဆုံးအဆင့်မှာ ထားရှိသင့်တယ် ဆိုတာက ကျနော်တို့ရဲ့ အဆိုပြုချက်အဖြစ် ရှိနေတုန်းပါပဲ။”
ပုံမှန်ပြန်ဖြစ်ရန် သွားရမည့် လမ်းကြောင်းက ရှည်လျားသော လမ်းတခု ဖြစ်သည်ဟု Michael Ryan ပြောကြားခဲ့ပြီး နိုင်ငံများအနေဖြင့် ယခု လမ်းကြောင်းပေါ်တွင် ဆက်လက်ရှိနေကြရလိမ့်မည်ဟု တိုက်တွန်းခဲ့သည်။
“တားမြစ်ကန့်သတ်မှုတွေက လုပ်တာက ကောင်းကောင်း အလုပ်ဖြစ်တယ်။ တားမြစ်ကန့်သတ်မှုတွေကို ပြန်လည် ဖယ်ရှားလိုက်ရင် အလွန်ကောင်းသွားလိမ့်မယ် လို့ တွေးနေကြတာတွေ ရှိပါတယ်။ ၂ မျိုးလုံးက အန္တရာယ်တွေနဲ့ ပြည့်နေပါတယ်” ဟု အိုင်ယာလန်နိုင်ငံသား ကူးစက်ရောဂါတားဆီးရေးဆိုင်ရာ ပညာရှင် တဦးဖြစ်သည့် Michael Ryan က ပြောသည်။
ကူးစက်ရောဂါနှင့် ဆက်နွှယ်နေသော ကျန်းမာရေး ဝန်ထမ်းများ အပေါ် တိုက်ခိုက်မှုများကိုလည်း Michael Ryan က ပြစ်တင် ရှုတ်ချလိုက်သည်။ အဆိုပါ အဖြစ်အပျက်များသည် ဧပြီလ တလတည်း အတွင်းမှာပင် နိုင်ငံ ၁၁ ခု ၌ ၃၅ ခု ကျော် ရှိခဲ့သည် ဟု သူက ဆိုသည်။
တိုက်ခိုက်မှုများသည် အသိပညာနည်းပါးသည့် အသိုင်းအဝိုင်းများ၏ အလွန်အကျွံ တုန့်ပြန်မှုများ ဖြစ်လေ့ရှိပြီး အခြား ကိစ္စများက ပို၍စိတ်လေးစရာ ဖြစ်ခဲ့သည် ဟု သူက ပြောသည်။
“Covid-19 က ကျနော်တို့ထဲက အကောင်းဆုံးတွေကို ပေါ်ထွက်လာစေခဲ့ပါတယ်။ ဒါပေမယ့် အဆိုးရွားဆုံး အချို့ကိုလည်း ထုတ်ဖော်ပြသခဲ့ပါတယ်” ဟု သူက ဆိုသည်။
“ကူညီဖို့ ရိုးရိုးသားသား ကြိုးစားနေကြသူတွေအပေါ် သူတို့ရဲ့ စိတ်ပျက်မှုတွေ ပုံချခွင့် ရှိတယ်လို့ လူတွေက ခံစားနေကြတယ်။ အဲဒါတွေက အဓိပ္ပါယ်မဲ့ အကြမ်းဖက်လုပ်ရပ်တွေ ဖြစ်ပါတယ်။ ဆန့်ကျင်ရမယ့် ခွဲခြားဆက်ဆံမှု ဖြစ်ပါတယ်။”
သို့သော်လည်း ဗိုင်းရပ်စ်ကို တိုက်ခိုက်ရန် နည်းလမ်းတခုကို ရှာဖွေခြင်းက လူသားမျိုးနွယ်အတွက် ကာကွယ်ဆေး တခု ရှာဖွေခြင်းနှင့် ကျယ်ကျယ်ပြန့်ပြန့် အသုံးပြုနိုင်အောင် ပြုလုပ်ခြင်းအားဖြင့် ရှေ့ဆက်သွားရေး အဓိက ခြေလှမ်းကို လှမ်းရန် အခွင့်အလမ်း တခုဖြစ်ကြောင်း Michael Ryan က ပြောသည်။
“ဒါက ကမ္ဘာကြီးအတွက် ကြီးမားတဲ့ အခွင့်အလမ်း တခု ဖြစ်ပါတယ်” ဟု သူက ဆိုသည်။
ကိုးကား။ ။ AFP
You may also like these stories:",4.0,3.0,2.0,4.0,3.0,"The text is a well-structured, informative news report about public health. It provides clear, logical explanations from WHO officials regarding the pandemic. It is written in natural, professional Burmese, suitable for general audiences. It is clean, though it includes a minor 'You may also like' footer."
<urn:uuid:7690aef4-ba52-4d7f-a55f-d7719d3d3a43>,"ကယားတိုင်းရင်းသားလူမျိုးအုပ်စုတွင် ကယား၊ ဇယိမ်း၊ ယင်းဘော်၊ ယင်းတလဲ၊ မနုမနော၊ ပရဲ၊ ဂေခို၊ ဂေဘားနှင့် ပဒေါင်(ခေါ်) ကယန်းလူမျိုးတို့ ပါဝင်သည်။ ကယားပြည် နယ်တွင် ကယားလူမျိုးများသာမက ရှမ်း၊ ပကူးကရင်၊ ပအိုဝ်းနှင့် ဗမာများပါ နေထိုင် ကြသည်။
ဘာသာစကားနှင့်စာပေ
မျိုးနွယ်အလိုက် မိမိပိုင်ဘာသာစကားများ ရှိသော်လည်း အနည်းငယ်မျှသာ ကွဲလွှဲ သည်။ ရှမ်းဘာသာစကားကိုမူ အများအားဖြင့် နားလည်ကြလေသည်။ ကိုယ်ပိုင်စာပေ မရှိပေ။ အချို့လူမျိုးနွယ်တို့တွင် ရောမအက္ခရာဖြင့် တီထွင်ထားသောစာပေ ရှိသော်လည်း အသုံးနည်းသည်။
ဝတ်စားဆင်ယင်မှု
ကယားအမျိုးသားတို့က ဖျင်ကြမ်းဘောင်းဘီတို/ရှည် ခပ်ပွပွအပေါ်အင်္ကျီခပ် ကြမ်းကြမ်းဝတ်သည်။ အမျိုးသမီးတို့က ခေါင်းပေါင်း အနီ၊ သို့မဟုတ် အနက်ကို ပေါင်းကြသည်။ ကိုယ်တွင် ရင်စည်းဖုံးသင်တိုင်းကို ဝတ်ဆင်ပြီး အပေါ်မှ ခြုံထည်ရှည်နှင့် ခါးစည်းကြိုးအနီနှင့် ချည်နှောင်၍ အစကို ရှေ့သို့ချထားလေ့ရှိသည်။
ဂေခို၊ ဂေဘားအမျိုးသားတို့က ဖျင်စဘောင်းဘီတိုနှင့် အင်္ကျီအဖြူ ရင်ခွဲကို ဝတ် ဆင်၍ အမျိုးသမီးတို့ကမူ ဂျပ်ခုတ်ထမီနှင့် ရိုးရိုးအင်္ကျီများကို ဝတ်ဆင်ကြသည်။
ပဒေါင်ခေါ် ကယန်းအမျိုးသားတို့မှာ ဘောင်းဘီပွနှင့် အပေါ်အင်္ကျီကို ဝတ်ဆင်ကြပြီး အမျိုးသမီးများကမူ အတွင်းခံအင်္ကျီလက်စကကို ရင်ညွှန့်အထိ ဟိုက်ခွဲထားသည့် ပေါင်လည်ထိရှည်သော သင်တိုင်းကို ဝတ်ဆင်ကြသည်။ အပေါ်မှ တိုက်ပုံအင်္ကျီအနက်ကို ထပ်၍ ဝတ်ဆင်လေ့ ရှိသည်။
ပရဲအမျိုးသားများက အင်္ကျီလက်တို အဖြူခံပေါ်တွင် အနီစင်းစိပ်စိပ်နှင့် ဘောင်းဘီတိုအနီခံအစင်းကို ဒူးဆစ်သာသာထိ ဝတ်ဆင်သည်။ အမျိုးသမီးတို့ကမူ အင်္ကျီအဖြူခံ အနီစင်း လက်စကအမြိတ်နှင့် ဝတ်၍ အနက်ရောင်ခံ အနီကန့်လန့်စင်း ထမီကို ဒူးဆစ်သာသာထိ ဝတ်ဆင်ကြသည်။
ယင်းဘော်အမျိုးသားတို့က ဘောင်းဘီတိုနှင့် အင်္ကျီလက်စက ဝတ်၍ အမျိုးသမီးတို့က ထမီအနက်တို့ကို ဒူးဆစ်ထိဝတ်ဆင်ပြီး အင်္ကျီမှာ လက်စက လည်ဟိုက်ဖြစ်၏။ အတွင်းတွင် သင်တိုင်းတစ်စကို လည်ပင်းနှင့်ပခုံးသိုင်း၍ ခါးပတ်ကြိုးတစ်ခုနှင့် ရစ်ပတ်ထားသည်။ အပေါ်မှ ခြုံသင်တိုင်းလွှမ်းသည်။
ယင်းတလဲ အမျိုးသားမှာ ဘောင်းဘီအဖြူ အနီစကွပ်သော အင်္ကျီအဖြူကို ဝတ်၍ အမျိုးသမီးက အဖြူရောင်အင်္ကျီ၊ အနီရောင်ကွက်ကျား ထမီတို့ကို ဝတ်ဆင်ကြသည်။ အမျိုးသားများမှာ အများအားဖြင့် ခေါင်းပေါင်း ပေါင်းထားလေ့ရှိပြီး၊ အမျိုးသမီးများကလည်း ငွေပြားပုတီးစေ့၊ ပန်းစည်းကြိုးတို့ကို လည်တွင် ဝတ်ဆင်လေ့ရှိတတ်ကြသည်။
ဇယိမ်းခေါ်ခေါင်းတို အမျိုးသားမှာ ရင်ခွဲအပေါ်အင်္ကျီနှင့် ဘောင်းဘီတို ကျပ်ကို ဝတ်ဆင်၍ အမျိုးသမီးများက ခေါင်းစွပ်ကိုယ်ပွအင်္ကျီနှင့် ဂျပ်ခုတ်ထမီတို့ကို ဝတ်ဆင်ကာ ကျား၊ မ အားလုံး တိရိစ္ဆာန်အစွယ်များ၊ သစ်သားပုတီးများကို လည်ဆွဲ၊ နားဝတ် အဆင်တန်ဆာများ အဖြစ် ဝတ်ဆင်လေ့ရှိသည်။
ကိုးကွယ်ယုံကြည်မှု
ဗုဒ္ဓဘာသာကိုးကွယ်သူ၊ နတ်ကိုးကွယ်သူများနှင့် ခရစ်ယာန်ဘာသာ(ဘုရင်ဂျီ) ဝင် များရှိကြသည်။ ဗုဒ္ဓဘာသာဝင်တို့အိမ်တွင် ဘုရားဆင်းတုရုပ်ပွားတော်များ ထားရှိ ကိုးကွယ် သည်။ နတ်စင်ကို ရွာအပြင်တွင်ထားလေ့ရှိပြီး နတ်ရုပ်မရှိဘဲ နတ်စင်သာရှိကြသည်။ ဘုရင်ဂျီ ခရစ်ယာန်တို့၏ ဘုရားကျောင်းများလည်း ရှိသည်။ မိမိကိုးကွယ်သော ဘာသာတရားကို အထူးလေးစားကြသည်။ မည်သည့်ဘာသာဝင်ဖြစ်စေ စုန်းနတ်၊ ကဝေ၊ မှော်ပညာ စသည် တို့ကို ယုံကြည်ကြသည်။
အုပ်ချုပ်မှုအစဉ်အလာ
အိမ်ထောင်စုတွင် ကြီးစဉ်ငယ်လိုက် ရိုသေလေးစားပြီး ဖခင်ကိုရိုသေ၍ သြဇာခံယူ သည့်နည်းတူ ရပ်ရွာတွင်လည်း အသက်ကြီးသူ၊ ကျေးရွာလူကြီးတို့၏ သြဇာကို နာခံ တတ်ကြသည်။ ရပ်ရွာတွင် လူထုမှ လေးစားသော သက်ကြီးရွယ်အိုများ၏ စီမံခန့်ခွဲ အုပ်ချုပ်မှုကို လိုက်နာလေ့ရှိခဲ့ကြသည်။
ရိုးရာယဉ်ကျေးမှု
စုပေါင်းဆောင်ရွက်တတ်သော အလေ့အထရှိသည်။ ဘာသာရေး၊ လူမှုရေး၊ စီးပွားရေး၊ ရပ်ရွာစည်ပင်ရေးတို့ကို ပူးပေါင်းဝိုင်းဝန်းလုပ်ဆောင်တတ်သည့် အလေ့ရှိသည်။ မည်သည့်ဘာသာဝင်မဆို နတ်စုန်းကဝေများကို ယုံကြည်၍ ဗေဒင် ပယောဂ နတ်ပူဇော် ခြင်းများ ရှိသည်။ လူမှုရေးနှင့်ပတ်သက်၍ ရှင်ပြုခြင်း၊ ထိမ်းမြားခြင်း၊ အိမ်သစ်တက်ခြင်း စသည့် မင်္ဂလာပွဲများရှိ၍ ရပ်ရွာမှ ဝိုင်းဝန်းလုပ်ဆောင်ကြသည်။ ရပ်ရွာ စည်ပင်ရေးအတွက် နတ်ဆိုးများကို တောထုတ်သည့် အလေ့အထရှိသည်။ ဘာသာရေးနှင့်ပတ်သက်သော ပွဲများအဖြစ် တံခွန်တိုင်ပွဲတော်၊ ကောက်ညှင်းထုပ်ပွဲတော်၊ လိပ်ပြာခေါ်ပွဲများကို ကျင်းပ၍ ရွာသူရွာသားများက စုပေါင်း လုပ်ဆောင်လေ့ရှိသည်။ ပရောဂဆရာ နတ်ထိန်းများ၊ ဗိန္ဓောဆရာများမှာ သြဇာရှိသူများ ဖြစ်ကြသည်။
ဆောင်ရန်
ရှောင်ရန်",4.0,2.0,2.0,4.0,5.0,"The text provides a structured, informative overview of Kayah ethnic groups, their customs, and beliefs, suitable for educational purposes. It is written in natural, authentic Burmese with accurate cultural terminology. While it lacks complex logical analysis, it is well-organized, clean, and provides a clear, factual description of traditional practices."
<urn:uuid:4d645e4c-5e45-4bbe-8a54-9d4a7a9c0b65>,"ကြွေပန်းပင်
|Begonia|
|Begonia cultivars|
|သိပ္ပံနည်းကျ အမျိုးအစားခွဲခြင်း|
|Species|


See text
ကြွေပန်းပင်သည် ဗီဂိုနီယေးစီး မျိုးရင်းတွင် ပါဝင်သည်။ အပူပိုင်းဒေသတို့တွင် စတင် ဖြစ်ပွားသော အပင်မျိုးဖြစ်သည်။ မျိုးစိတ်စုစုပေါင်း ၇၅ဝ ရှိသည့်အနက် မျိုးစိတ်ပေါင်း ၁၅ဝ ကို အလှစိုက်ပျိုးလျက် ရှိကြသည်။
ထိုပန်းပင်မျိုးသည် လွယ်ကူစွာ ပေါက်သဖြင့် အကိုင်း အခက်ကို ဖြတ်၍စိုက်နိုင်သည်။ အရွက်သည် ကြီး၍ အသားထူ ပြီးလျှင် ဖယောင်းသားကဲ့သို့ ချောမွှတ်သည်။ အပွင့်သည်လည်း ကြီးလှ၏။ အသီး၌ အတောင်ပါရှိသည်။ အသီးသည် သေးငယ် သော အစေ့ကလေးများရှိသည့် အစေ့အိတ်ဖြစ်သည်။ ကြွေပန်း ပင်မျိုးတွင် နွေရာသီပွင့်သောအမျိုးနှင့် ဆောင်းရာသီပွင့်သော အမျိုးဟူ၍ နှစ်မျိုးကွဲပြားသည်ကို တွေ့ရသည်။ နွေရာသီ ပွင့်သောအမျိုးတွင် အမြစ်သည် သစ်ဥသဖွယ် ဖြစ်၍ ဆောင်း ရာသီပွင့်သောအမျိုးတွင် အမြစ်သည် အမျှင်သဖွယ် ဖြစ်သဖြင့် ခွဲခြား၍ သိနိုင်သည်။
ကိုးကား[ပြင်ဆင်ရန်]
- မြန်မာ့စွယ်စုံကျမ်း၊ အတွဲ(၁)",4.0,1.0,2.0,3.0,3.0,"The text provides clear, educational botanical information about Begonias. It is written in natural Burmese, citing the Myanmar Encyclopedia. While it contains some boilerplate/formatting artifacts from a wiki-style source, the core content is coherent, accurate, and accessible for primary/middle-school education."
<urn:uuid:33cf3443-cfbf-4e0c-9be6-4464f756df75>,"ဂလိုက်ဒါလေယာဉ်
ဂလိုက်ဒါခေါ် လေယာဉ်လျှောသည် စက်မပါဘဲ ပျံသန်းနိုင် သော လေယာဉ်တစ်မျိုးဖြစ်သည်။ ဂလိုက်ဒါကို တောင်ဆင်ခြေ လျှောမှ အရှိန်ဖြင့် လျှောချလိုက်သောအခါ၌ဖြစ်စေ လေယာဉ်ပျံ သို့မဟုတ် မော်တောာ်ကားဖြင့် ဆွဲ၍ ပြေးသောအခါ၌ဖြစ်စေ လေဟုန်စီးကာ လေယာဉ်ပျံကဲ့သို့ ပျံသန်းနိုင်သည်။ ဂလိုက်ဒါ သည် အလွန်ပေါ့သောကြောင့် အထက်သို့ တိုက်ခတ်နေသော လေစီးကြောင်းထဲတွင် အတော်မြင့်မြင့် ပျံတက်နိုင်ပြီးလျှင် ခရီး အတော်ဝေးဝေးသို့လည်း ပျံသန်းသွားနိုင်သည်။ သို့သော် စက်ပါသော လေယာဉ်ပျံတို့လောက်ကား ကြာမြင့်ဝေးလံစွာ မပျံသန်းနိုင်ချေ။
ဂလိုက်ဒါတွင် စက်မပါသည်မှအပ လေယာဉ်ပျံမှာကဲ့သို့ပင် အမြီး၊ တောင်ပံနှင့် ကိုယ်ထည်များပါရှိသည်။ အတောင်နှင့် အမြီးတွင်လည်း လေယာဉ်ပျံမှာကဲ့သို့ပင် ထက်အောက်ဘယ်ညာ သို့ တက်ဆင်းလှည့်ပတ်နိုင်အောင် ပဲ့များအသီးသီး တပ်ဆင် ထားလေသည်။ လူတို့သည် ဂလိုက်ဒါကို လေယာဉ်ပျံမပေါ်မီ အချိန်က အမျိုးမျိုး ကြိုးစားကြံစည်ခဲ့ကြလေသည်။ သို့သော် ခရစ် ၁၈၉၁ ခုနှစ်တွင်မှ ဂလိုက်ဒါကို အောတိုးလီလီယင်သဲ နှင့် ဂစ်စတပ် အမည်ရရှိသော ညီနောင်၂ ဦးတို့က ပထမဆုံး အောင်မြင်စွာ ပျံသန်းနိုင်ခဲ့သည်။ လေယာဉ်ပျံကို ရှေးဦးစွာ ကြံစည်ခဲ့ကြသော ရိုက်ညီနောင်တို့ပင်လျှင် ဂလိုက်ဒါများဖြင့် စမ်းသပ်လေ့လာခဲ့ကြရလေသည်။
ဂလိုက်ဒါတွင် အလွတ်ပျံသန်းနိုင်သော အမျိုးနှင့် လေယာဉ်ပျံကကြိုးဖြင့် ဆွဲဆောင်ရသော အမျိုးဟူ၍ ၂ မျိုး ရှိသည်။ ပထမအမျိုးတွင် တစ်ဖန် အပျော်စီး ဂလိုက်ဒါနှင့် လေယာဉ်ပျံ အမောင်းသင်ဂလိုက်ဒါ ဟူ၍ ၂ စားရှိပြန်သည်။ အခြားတစ်မျိုးမှာ ဝန်တင်ဂလိုက်ဒါမျိုး ဖြစ်၍ သာမန် ဂလိုက်ဒါတို့ထက် ကြီးမားကြသည်။ အချို့မှာ လူ ၃ဝ ခန့် အထိ တင်ဆောင်နိုင်အောင်ပင် ကြီးမားကြသည်။ ဤဝန်တင် ဂလိုက်ဒါမျိုးကို စီးပွားရေးဖက်၌ ကုန်ပစ္စည်းတင်ရန်အသုံးပြု၍ စစ်ပွဲများ၌ စစ်သား၊ စစ်လက်နက်နှင့် စစ်ရိက္ခာများ သယ်ယူ ပို့ဆောင်ရန် အသုံးပြုကြသည်။ ဗိုလ်ချုပ်မှူး ဝင်းဂိတ်သည် ပြီးခဲ့သော ဒုတိယကမ္ဘာစစ်အတွင်းက မြန်မာနိုင်ငံရှိ ဂျပန်တပ် များကို ပြန်လည်ထိုးစစ်ဆင်ခဲ့စဉ်က ဤဂလိုက်ဒါမျိုးကို ထိရောက်စွာ အသုံးပြုခဲ့လေသည်။
အဂ‡လန်၊ ဂျာမနီ၊ အမေရိကန်၊ ရုရှားစသော နိုင်ငံကြီးတို့၌ ဂလိုက်ဒါများ အလွန်ခေတ်စားခဲ့သည်။ အထူးသဖြင့် ဂျာမနီ နိုင်ငံ၌ ပထမကမ္ဘာစစ်ပြီးခေတ်တွင် ထူးထူးခြားခြား ခေတ်စား ခဲ့၍ ဂလိုက်ဒါစီး သူရဲကောင်းများ ပေါ်ပေါက်ခဲ့ကြသည်။ ထို့နာက်တွင် ဂလိုက်ဒါသည် ရုရှားနိုင်ငံ၌လည်း သိသိသာသာ ခေတ်စားလာခဲ့ပေသည်။
ဂလိုက်ဒါနှင့် အဝေးဆုံး ပျံသန်းခဲ့သော ကမ္ဘာစံချိန်မှာ မိုင်ပေါင်း ၄၆၅၅၃၂ ဖြစ်သည်။ ထိုခရီးကို အောက်လဂါက လက်ပီကိုဗာဆိုသူ ရုရှားအမျိုးသမီးလေသူရဲက ၁၉၃၉ ခုနှစ် တွင် ပျံသန်းခဲ့သည်။ အမြင့်ဆုံးပျံသန်းခဲ့သော ကမ္ဘာ့စံချိန်မှာ စတင်ပျံသန်းရာမှ ပေပေါင်း ၂၆၄၁ဝ မြင့်သည်။ ထိုအမြင့်ကို ပါအိပ်ဆဲပါဆန်ဆိုသူ ဆွီဒင်အမျိုးသားတစ်ဦးက ၁၉၄၇ ခုနှစ် တွင် ပျံသန်းခဲ့သည်။ လေထဲ၌ အကြာဆုံးနေခဲ့သော ကမ္ဘာ့ စံချိန်မှာ ၃၆ နာရီ ၃၅ မိနစ်ဖြစ်သည်။ ထိုစံချိန်ကို ကွတ်ရှမစ် ဆိုသူ ဂျာမန်အမျိုးသားတစ်ဦးက တွင်ခဲ့လေသည်။
ကိုးကား[ပြင်ဆင်ရန်]
- မြန်မာ့စွယ်စုံကျမ်း၊ အတွဲ(၃)",4.0,2.0,2.0,4.0,4.0,"The text is an informative, well-structured encyclopedic entry suitable for middle-school education. It explains the mechanics, history, and types of gliders clearly. It uses natural Burmese, includes relevant historical context (WWII in Burma), and is free of significant noise, though it contains a minor 'reference' footer artifact."
<urn:uuid:38026597-84b2-4c3c-ae0c-c60877de3f13>,"ႏိုင္ငံျခားကိုသြားမယ္ဆုိ ႏိုင္ငံကူးလက္မွတ္ (ပတ္စ္ပို႔)လိုလာၿပီေလ။ ပတ္စ္ပို႔ေတြရဲ႕ အျပင္ကာဗာအေရာင္က တစ္ႏိုင္ငံနဲ႔တစ္ႏိုင္ငံ မတူဘူးဆုိတာ သတိထားမိမွာပါေနာ္။ ကိုယ္ကိုင္ထားတဲ့ပတ္စ္ပို႔က ကိုယ့္ႏိုင္ငံအေၾကာင္းကို အမ်ားႀကီး ေျပာျပႏိုင္ပါတယ္။
ပတ္စ္ပို႔ေတြရဲ႕အေရာင္နဲ႔ ပတ္သက္ၿပီးေတာ့ ႏိုင္ငံတကာဆိုင္ရာ လမ္းညႊန္ခ်က္ေတြရယ္လို႔ေတာ့ မရွိပါဘူး။ ဒါေပမဲ့ ပတ္စ္ပို႔အေရာင္ေတြက ရည္ရြယ္ခ်က္မဲ့ ထားခ်င္သလိုထားထားတာလည္း မဟုတ္ျပန္ဘူး။ ႏိုင္ငံရဲ႕ ယဥ္ေက်းမႈ၊ ႏုိင္ငံေရး သို႔မဟုတ္ ယံုၾကည္ခ်က္ေတြကို ပတ္စ္ပို႔အေရာင္ေတြမွာ ေဖာ္ျပအသံုးျပဳထားတယ္လို႔ ၿဗိတိန္ႏိုင္ငံက ပတ္စ္ပို႔ျပဳလုပ္ေပးတဲ့ကုမၸဏီ De La Rue မွ Claire Burrows က Economist မဂၢဇင္းကို ေျပာျပခဲ့ပါတယ္။
ဥပမာအားျဖင့္ အစၥလာမ္မစ္ႏုိင္ငံေတြဟာ သူတုိ႔ရဲ႕ဘာသာေရးမွာအေရးပါတဲ့အေရာင္ျဖစ္တဲ့ အစိမ္းေရာင္ကို ပတ္စ္ပို႔ကာဗာမွာ အသံုးျပဳၾကေလ့ရွိပါတယ္။ ECOWAS (the Economic Community of West African States) အဖြဲ႔ဝင္ႏိုင္ငံေတြကလည္း အစိမ္းေရာင္အမ်ိဳးမ်ိဳးကို ပတ္စ္ပို႔ကာဗာအျဖစ္ ဖံုးအုပ္ၾကတာကို ေတြ႔ရမွာပါ။ ဥေရာပသမဂၢ (EU) အဖြဲ႔ဝင္ႏိုင္ငံေတြကေတာ့ ဝိုင္နီေရာင္ကို ပတ္စ္ပို႔ကာဗာအျဖစ္ အသံုးျပဳၾကတယ္။ တူရကီလိုမ်ိဳး ဥေရာပသမဂၢအဖြဲ႔ဝင္ျဖစ္ခ်င္တဲ့ ႏုိင္ငံေတြကလည္း ပတ္စ္ပို႔ကို ဝိုင္နီေရာင္ ထားၾကပါတယ္။
အေမရိကန္ျပည္ေထာင္စုရဲ႕ ပတ္စ္ပို႔ကာဗာအေရာင္ဟာ ၂၀ ရာစုႏွစ္အတြင္းမွာ အသားေရာင္၊ အစိမ္းေရာင္၊ အနီေရာင္အမ်ိဳးမ်ိဳး ေျပာင္းလဲခဲ့တယ္။ ၁၉၇၆ ခုႏွစ္မွာမွ အျပာေရာင္ကို သတ္မွတ္လိုက္ၿပီး အေရာင္ထပ္မေျပာင္းေတာ့တာပါ။ အေမရိကန္အလံရဲ႕အေရာင္နဲ႔ ကိုက္ညီေအာင္ ပတ္စ္ပို႔ကာဗာအေရာင္ကိုပါ အျပာေရာင္ထားခဲ့တယ္လို႔ Economist က ေရးသားေဖာ္ျပခဲ့ပါတယ္။ ကာရစ္ဘီးယန္းႏိုင္ငံေတြနဲ႔ ေတာင္အေမရိကႏုိင္ငံေတြ ၊ ဘရာဇီး၊ အာဂ်င္တီးနားနဲ႔ ဥ႐ုေဂြးႏုိင္ငံတုိ႔ကလည္း အျပာေရာင္ပတ္စ္ပို႔ကို သံုးၾကပါတယ္။
ႏိုင္ငံတစ္ႏုိင္ငံတည္းမွာကိုပဲ ပတ္စ္ပို႔ေတြရဲ႕ အေရာင္ ကြဲျပားတာမ်ိဳး ႐ွိပါေသးတယ္။ ျမန္မာႏိုင္ငံမွာဆိုရင္ ႏုိင္ငံသားေတြက ပတ္စ္ပို႔အနီကို ကိုင္ေဆာင္ရၿပီး အစိုးရဝန္ထမ္းေတြအေနနဲ႔ ျပည္ပကို အစိုးရလုပ္ငန္းဆုိင္ရာအတြက္ သြားေရာက္ေနရသူေတြမွာေတာ့ အစိမ္းေရာင္ပတ္စ္ပို႔ကို ေပးထားပါတယ္။ ဆြီဒင္ႏိုင္ငံမွာေတာ့ ပတ္စ္ပို႔ေပ်ာက္သြားရင္ အေရးေပၚအေနနဲ႔ ခရီးသြားစာရြက္စာတမ္းေတြကို အစိုးရက ပန္းေရာင္စာရြက္ေတြနဲ႔ ထုတ္ေပးပါသတဲ့။
Source : Business Insider, Economist",4.0,3.0,2.0,5.0,5.0,"The text provides informative, well-structured content about passport colors and their cultural/political significance. It is written in natural, fluent Burmese with accurate local context regarding Myanmar's passport system. The reasoning is clear, explaining the logic behind color choices across different regions, and the text is clean and professional."
<urn:uuid:a468f526-5ffd-40a3-9b3d-b6f87247f4b7>,"သက်လုံကောင်းဖို့ အဆုတ်အားကောင်းဖို့ လိုပါတယ်။ နောက်တစ်ချက်ကလည်း အဆုတ်ကောင်းမှ စိတ်နဲ့ကိုယ်ကျန်းမာရေး ကောင်းမယ်လို့တောင် ပြောနိုင်ပါတယ်။ အကြောင်းက ရှင်းပါတယ်။
အားကောင်းတဲ့ အသက်ရှုစနစ်တစ်ခုဟာ ကိုယ်လက်လှုပ်ရှားမှုကို ပိုအားပေးပါတယ်။ ကိုယ်တွင်းကြွက်သားနဲ့ ဦးနှောက်တွေဆီ အောက်ဆီဂျင်ပို့လွှတ်မှု ပိုကောင်းစေပါတယ်။ ဒီနည်းနဲ့ အားကစားလုပ်နိုင်စွမ်း ပိုကောင်းပြီး စိတ်လက်ကြည်လင်မှုကို အထောက်အပံ့ပေးလို့ ဖြစ်ပါတယ်။ အသက်ရှုမှုကောင်းဖို့နဲ့ အဆုတ်ရဲ့လုပ်ဆောင်ချက်ကို မြှင့်တင်ဖို့ဆို အခုပြောမယ့် လေ့ကျင့်ခန်းလေးတွေကို နေ့စဉ်လုပ်ပေးသင့်ပါတယ်။
(၁) ယောဂ
Photo: Unsplash
ယောဂကစားနည်းဟာ အဆုတ်ကျန်းမာရေးအတွက် သိပ်ကို အကျိုးများပါတယ်။ ယောဂဟာ အသက်ရှုမှုကို ထိန်းချုပ်ပြီး ကိုယ်ခန္ဓာနဲ့ စိတ်ကို ဟာမိုနီဖြစ်အောင် လှုပ်ရှားတာ ဖြစ်ပါတယ်။ အသက်ပြင်းပြင်းရှုပြီး ဖြေးဖြေချင်း ရှုထုတ်ရတဲ့ ဒီလေ့ကျင့်ခန်းဟာ အသက်ရှုမှုစနစ်အပြင် စိတ်ရဲ့ အရိုးအဆစ်တွေ ကျန်းမာဖို့ပါ အားပေးပါတယ်။
(၂) အေရိုးဗစ်လေ့ကျင့်ခန်း
Photo: Unsplash
အေရိုးဗစ်ဆိုတာ နှလုံးကျန်းမာရေးအတွက် ကောင်းတဲ့ လှုပ်ရှားမှုလို့ လူသိများပါတယ်။ အေရိုးဗစ်ဆိုတာ သိပ်မပြင်းထန်ဘဲ လှုပ်ရှားနိုင်တဲ့ ရွရွပြေး ၊ လမ်းလျှောက် ၊ အပြေး နဲ့ ကခုန်တာမျိုး လှုပ်ရှားမှုတွေကို ခေါ်တာပါ။ အေရိုးဗစ်ကစားတာဟာ နှလုံးနဲ့ အဆုတ် သန်မာစေပြီး သွေးတွင်းအောက်ဆီဂျင်စီးဆင်းမှု ပိုကောင်းစေပါတယ်။ စိတ်လက်ကြည်လင်ပြီး ပေါ့ပါးသွက်လက်တဲ့အကျိုး ပေးပါတယ်။
(၃) ဝမ်းဗိုက်နဲ့ အသက်ရှုနည်း
Photo: Unsplash
ရင်ဝမ်းသားကြွက်သားကို အသုံးပြုပြီး အားစိုက်အသက်ရှုနည်းကလည်း အဆုတ်အိမ်ပိုကျယ်စေပြီး အောက်ဆီဂျင် ပိုရောက်စေပါတယ်။ ဝမ်းဗိုက်နဲ့ အားပြုအသက်ရှုမယ်ဆိုရင် အရင်ဆုံး ကိုယ်အပေါ်ပိုင်းကို Relax လုပ်ပြီး ခပ်လျော့လျော့နဲ့ နေပါ။ လက်တစ်ဖက်ကို ဗိုက်ပေါ်တင်ပြီး နှာခေါင်းကနေ ဗိုက်ကြီး ဖောင်းလာအောင် အသက်ပြင်းပြင်းရှုပါ။ ပြီးမှ ဖြည်းဖြည်းချင်း အသက်ပြန်ရှုထုတ်ပါ။ အသက်ရှုထုတ်ရင်းနဲ့ ဗိုက်က လျော့သွားပါစေ။ ဒါမျိုးကို ငါးကြိမ်လုပ်ပြီး ခဏနား ၊ ပြီးမှ နောက်တစ်ကျော့လုပ်ကြည့်ပါ။
Featured Photo: neuropeakpro",4.0,2.0,2.0,4.0,3.0,"The text provides clear, actionable health advice on improving lung function through exercise. It is well-structured, easy to understand, and uses natural Burmese phrasing. While it lacks deep scientific analysis, it is highly practical for a general audience and maintains a clean, informative tone throughout."
<urn:uuid:5ac154cd-1bce-42a4-98df-831b2028a0d5>,"တိုက်ကွမ်ဒို
တိုက်ကွမ်းဒိုသည် လက်နက်ကိရိယာမပါဘဲ ခြေနှင့် လက်ကိုအသုံးပြုလျက် တစ်ဘက် ရန်သူကို လျှက်တစ်ပြက် တန်ပြန်တိုက်ခိုက်နိုင်သော ကိုရီးယားရိုးရာ ကိုယ်ခံပညာတစ်ရပ် ဖြစ်သည်။
တိုက်ကွမ်းဒိုသည် လွန်ခဲ့သောနှစ်ပေါင်း ၂၀၀၀ ကျော် ခန့်က ကိုရီးယားတို့၏ညီညွတ်သော ဘုရင့် သုံးနိုင်ငံခေတ် (၅ ရာစုဘီစီခန့်)ကပင် စတင်ပေါ်ပေါက်ခဲ့သည်။ ထို့နောက် ဆီလာ မင်းဆက်ခေတ် (၅ရ ဘီစီ-အေဒီ ၉၃၅)တွင် တစ်နိုင်ငံလုံးသို့ ပြန့်ပွား၍ အဆင့်ဆင့် တိုးတက်လာခြင်းဖြစ်သည်။
ကိုဂူယိုနိုင်ငံတော် (၃ရ ဘီစီ-အေဒီ ၆၆၈)၏ မြို့တော် ဖြစ်သောဝမ်ဒိုမြို့ (ယခု မန်ချူးရီးယားတောင်ပိုင်း တောင်ကောင်း ဒေသအနီး)ရှိ ရှေးခေတ် သင်္ချိုင်းဂူနံရံများမှ နံရံဆေးရေးပန်းချီ လက်ရာများတွင် တိုက်ကွမ်ဒိုသမားများ၏ တိုက်ကွက်တို့ကို တွေ့ရှိရသည်။ တစ်ဖန် ဆီလာမင်းဆက်ခေတ်က ပန်းမန် သူရဲ ကောင်းများ ဟုအမည်တွင်သော ဘုရင့်သားတော်များနှင့် မှူးကြီး မတ်ရာ၊ စစ်သေနာပတိတို့၏ ရင်သွေးငယ်များအားဓားရေး၊ လှံ ရေး၊ လေးမြားအတတ်အစရှိသော ပညာရပ်များကိုမသင်ကြားမီ တိုက်ကျွမ်း Taekkyon ခေါ် လက်နက်မဲ့ ကိုယ်ခံပညာရပ်ကို သင်ကြားပေးခဲ့ကြောင်း သမိုင်းအထောက်အထား များလည်း ရှိသည်။ တိုက်ကျွမ်းပညာမှ တိုက်ကွမ်းဒို ကိုယ်ခံပညာသို့ ဆင်းသက်လာသည်ဟု သုတေသီတို့က ကောက်ချက်ချသည်။
ကိုယိုမင်းဆက်ခေတ် (အေဒီ ၉၁၈-၁၃၉၂)က ရေးသား ခဲ့သော ကန်ယီဂျီအမည်ရှိ သိုင်းပညာညွှန့်ပေါင်းကျမ်း၌ ထိုစဉ် ကကတ်ဂျာဂမ်ဒေသ (ယခုကိုရီးယား အမျိုးသားတက္ကသိုလ်ဝင်း အတွင်း) တွင် တိုက်ကွမ်း ဒိုသင်တန်းများ ဖွင့်လှစ်သင်ကြားဖူး ကြောင်းဖြင့် ဖော်ပြထားသည်။ ချိုဆန်မင်းဆက်ခေတ် (၁၃၉၂-၁၉၂၀) က နန်းတွင်း ပိဋိကတ်တိုက်မှူး ယီတောက်မူပြု စုသည့် မူယီတို ဘိုတောင်ဂျီအမည်ရှိ ရုပ်စုံ ကိုယ်ခံပညာစာအုပ် (၁ရ၉၀) တွင် တိုက်ကွမ်းဒို၏သမိုင်းကြောင်းကို အကျယ်တဝင့် ပြုစုထားသည်။
ထို့အပြင် ၁၉၄၈ ခုနှစ်တွင် ကိုရီးယားသမ္မတနိုင်ငံ ထူထောင်ပြီးသောအခါ တိုက်ကွမ်းဒိုသည်ခေတ် မီအားကစား နည်းစနစ်ဖြင့် ဖွံ့ဖြိုးလာသည်။ ၁၉၆၁ ခုနှစ် စက်တင်ဘာလ ၁၆ ရက်နေ့တွင် ဆိုးလ်မြို့တော်၌ ကိုရီးယား တိုက်ကွမ်းဒို အသင်းချုပ်စတင်ဖွဲ့စည်းခဲ့သည်။ ၁၉၆၂ ခုနှစ် ဇွန်လ ၂၅ ရက် နေ့တွင် ကိုရီးယား အပျော်တမ်း အားကစားအဖွဲ့ချုပ်၏ အဖွဲ့ဝင် အဖြစ် တိုက်ကွမ်းဒို အသင်းချုပ်ကို လက်ခံခဲ့သည်။ ထို့နောက် ၁၉၆၂ ခုနှစ်အောက်တိုဘာလအတွင်း၌ ကျင်းပခဲ့သော ၄၃ ကြိမ် မြောက် အမျိုးသားအားကစား ပြိုင်ပွဲတွင် တိုက်ကွမ်ဒိုကို ပထမ ဦးဆုံး အကြိမ်အဖြစ် ထည့်သွင်းကျင်းပခဲ့သည်။ ၁၉ရ၂ ခုနှစ် တွင် ဆိုးလ်မြို့တော်၌ ကတ်ကီဝန်ဟု အမည်ပေးထားသော ခေတ်မီတိုက်ကွမ်းဒို အားကစားရုံကြီးကို ဖွင့်လှစ်နိုင်ခဲ့သည်။
ထိုအားကစားရုံ၌ပင် ၁၉ရ၃ ခုနှစ်မေလက ပထမအကြိမ်မြောက် ကမ္ဘာ့တိုက်ကွမ်းဒို ဗိုလ်လုပွဲကို ကိုရီးယား တိုက်ကွမ်းဒိုအသင်းမှ ကြီးမှူး၍ကျင်းပပေးခဲ့သည်။ အဆိုပါပြိုင်ပွဲသို့ ကမ္ဘာ့နိုင်ငံပေါင်း ၁၉ နိုင်ငံမှ တိုက်ကွမ်းဒို သမား ၂၀၀ ခန့် ဝင်ရောက် ယှဉ်ပြိုင် ခဲ့သည်။ ၁၉ရ၃ ခုနှစ် မေလ ၂၈ ရက်နေ့တွင်ကမ္ဘာ့တိုက်ကွမ်းဒို အဖွဲ့ချုပ်ကို ဖွဲ့စည်းသည်။
၁၉ရ၅ ခုနှစ် အောက်တိုဘာလ ရ ရက်နေ့တွင် တိုက် ကွမ်းဒိုကို ကမ္ဘာ့အားကစားအဖွဲ့ချုပ် (ဂျီအေအိုင် အက်စ်အက်ဖ်) ကအသိအမှတ်ပြုခဲ့သည်။ ၁၉ရ၆ ခုနှစ်ဧပြီလ ၉ ရက်နေ့တွင် အပြည်ပြည်ဆိုင်ရာစစ်တပ် အားကစား ကောင်စီ၏ အမှုဆောင် အဖွဲ့က တိုက်ကွမ်းဒိုကို ၂၃ ခုမြောက် တပ်လက်စွဲ ကိုယ်ခံပညာ အဖြစ် တရားဝင်အသိအမှတ်ပြုခဲ့သည်။ ၁၉၈၀ ပြည့်နှစ်ဇူလိုင်လ ၁ရ ရက်နေ့တွင် မော်စကိုမြို့၌ကျင်းပခဲ့သော ၈၃ ကြိမ်မြောက် အပြည်ပြည်ဆိုင်ရာ အိုလင်းပစ်ကော်မတီ၏ အထွေထွေညီလာခံ တွင် ကမ္ဘာ့အားကစားနည်းစနစ် တစ်ရပ်အဖြစ် အသိအမှတ်ပြု ခဲ့သည်။ ထို့ကြောင့် ၁၉၈၈ ခုနှစ်စက်တင်ဘာလ ၁ရ ရက်နေ့မှ အောက်တိုဘာလ ၂ ရက်နေ့ထိ ကိုရီးယားနိုင်ငံဆိုးလ်မြို့တွင် ကျုင်းပခဲ့သော ၂၄ ကြိမ်မြောက် ကမ္ဘာ့အိုလင်းပစ်ပြိုင်ပွဲတွင် တို်က်ကွမ်းဒိုကို သရုပ်ပြအားကစားနည်းအဖြစ် ထည့်သွင်းကျင်းပ ခဲ့သည်။
ယခုအခါ ကိုရီးယားသမ္မတနိုင်ငံ တစ်ခုတည်းတွင် တိုက်ကွမ်းဒို အသင်းဝင်ပေါင်း ၁၉ သိန်းခန့်ရှိသည်။ ထို့ပြင် နိုင်ငံပေါင်း ၃၆ နိုင်ငံ၌ တိုက်ကွမ်းဒိုနည်းပြဆရာများအဖြစ် ဆောင်ရွက်နေသော ကိုရီးယား အမျိုးသားတိုက်ကွမ်းဒို ပညာရှင် ပေါင်း ၁,၅၀၀ ကျော်ရှိသည်။ ကမ္ဘာ့နိုင်ငံပေါင်း ၁၀၀ ကျော်၌ တိုက်ကွမ်းဒို အသင်းဝင် ပေါင်း သန်း ၁၀၀ နီးပါးမျှရှိနေပြီဖြစ် သည်။
ကိုးကား[ပြင်ဆင်ရန်]
မြန်မာ့စွယ်စုံကျမ်း အတွဲ(၅)",4.0,2.0,3.0,5.0,4.0,"The text provides a well-structured, informative historical overview of Taekwondo, suitable for educational purposes. It is written in natural, formal Burmese with accurate terminology. While it lacks complex analytical reasoning, it is clean, complete, and provides a reliable, encyclopedic account of the sport's development and global expansion."
<urn:uuid:d17126c8-4587-4842-9264-7224313a16c5>,"အမျိုးသမီးတိုင်း သိထားသင့်တဲ့ ဓမ္မတာရက် မမှန်ခြင်းကို ဖြစ်ပေါ်စေတဲ့ အကြောင်းရင်းများ
အမျိုးသမီးတွေ လစဉ်လတိုင်း ကြုံတွေ့ရတဲ့ ဓမ္မတာလာခြင်းဟာ ပုံမှန်အားဖြင့်တော့ ၂၈ ရက်မှာ တကြိမ် ဖြစ်ပေါ်တတ်ပါတယ်။ ပုံမှန်ထက် စောတာနဲ့ နောက်ကျတာမျိုး ဆိုရင်လည်း ၃ ရက်ထက် မပိုတတ်ပါဘူး။ ဒီလိုမှ မဟုတ်ဘဲ လစဉ် ပုံမှန် မလာတာ၊ လကျော်တာ စတာမျိုးတွေ ဖြစ်ပေါ်တတ်ရင်တော့ ဓမ္မတာ မမှန်ခြင်းကို ဖြစ်ပေါ်စေတဲ့ အကြောင်းရင်းတွေ ရှိနေပါတယ်။
(၁) စိတ်ဖိစီးမှုများခြင်း
စိတ်ပိုင်းဆိုင်ရာ ကျန်းမာရေးနဲ့ ခန္ဓာကိုယ်ကျန်းမာရေးဟာ ဆက်စပ်နေတာကြောင့် စိတ်ဖိစီးမှုတွေ များခြင်းဟာ လစဉ် ဓမ္မတာဖြစ်ပေါ်ခြင်းကို ကမောက်ကမ ဖြစ်စေနိုင်ပါတယ်။ စိတ်ဖိစီးမှုများတဲ့အခါ ထွက်တဲ့ ဟော်မုန်းဓာတ်တွေဟာ ဓမ္မတာရက် မမှန်တာမျိုးနဲ့ လကျော်တာမျိုးတွေကို ဖြစ်ပေါ်စေနိုင်ပါတယ်။
(၂) ဆေးဝါးများ သောက်သုံးနေရခြင်း
ရေရှည် စွဲမြဲ သောက်သုံးနေရတဲ့ ဆေးဝါးတွေနဲ့ ရံဖန်ရံခါ သောက်သုံးတဲ့ အကိုက်အခဲ ပျောက်ဆေးတွေဟာလည်း လစဉ် ဓမ္မတာလာခြင်းအပေါ် သက်ရောက်နေတာကြောင့် ရက်မမှန်တာမျိုးတွေ ဖြစ်ပေါ်တတ်ပါတယ်။
(၃) လေ့ကျင့်ခန်း ပြင်းပြင်းထန်ထန် လုပ်ခြင်း
လေ့ကျင့်ခန်း ပုံမှန်ပြုလုပ်ခြင်းဟာ သွေးလှည့်ပတ်မှုကို ကောင်းမွန်စေပြီး ဓမ္မတာ ပုံမှန်လာခြင်းကို အထောက်အကူ ဖြစ်စေပေမယ့် နေ့စဉ် ပြင်းပြင်းထန်ထန် လေ့ကျင့်ခန်းပြုလုပ်ခြင်းကတော့ လစဉ်ဓမ္မတာကို ကမောက်ကမ ဖြစ်စေနိုင်ပါတယ်။
(၄) သိုင်းရွိုက် ကျန်းမာရေး ပြဿနာဖြစ်ခြင်း
၂၀၁၅ ခုနှစ်မှာ ပြုလုပ်ခဲ့တဲ့ လေ့လာချက်အရ သိုင်းရွိုက် ဟော်မုန်းများခြင်းကြောင့်ဖြစ်တဲ့ သိုင်းရွိုက်ကျန်းမာရေး ပြဿနာရှိသူ အမျိးသမီးတွေဟာ လစဉ် ဓမ္မတာမမှန်တာမျိုး ဖြစ်ပေါ်တတ်တယ်လို့ ဆိုပါတယ်။
(၅) ဆေးလိပ်နဲ့ အယ်လ်ကိုဟော သောက်သုံးခြင်း
ဆေးလိပ်နဲ့ အယ်လ်ကိုဟော ပါဝင်တဲ့ အရည်တွေ သောက်သုံးခြင်းဟာ လစဉ် ရာသီ မမှန်တာ၊ သွေးဆင်းနည်းတာနဲ့ လကျော်တာမျိုးကို ဖြစ်ပေါ်စေနိုင်ပါတယ်။
You may also like these stories:",4.0,2.0,2.0,4.0,3.0,"The text provides clear, educational health information about menstrual cycles. It uses simple, accessible language suitable for a general audience. It is well-structured and clean, though it ends with a generic 'You may also like' footer. The content reflects natural Burmese phrasing and common health-related knowledge."
<urn:uuid:45314fc4-551d-4359-b1cb-48fd26c97887>,"ကနေရီငှက်
|ကနေရီငှက်|
သဘာဝထိန်းသိမ်းခြင်း အခြေအနေ
|သိပ္ပံနည်းကျ အမျိုးအစားခွဲခြင်း|
|လောက:|
|မျိုးပေါင်းစု:|
|မျိုးပေါင်း:|
|မျိုးစဉ်:|
|မျိုးရင်း:|
|မျိုးစု:|
|မျိုးစိတ်:|
S. canaria
|ဒွိနာမ|
|Serinus canaria|
(Linnaeus, 1758)
ကနေရီဟု အမည်တွင်သည့်ငှက်ကို စပိန် အပိုင်ဖြစ်သော ကနေရီကျွန်းစုတွင် မူလပထမ တွေ့ရသည်။ ၁၆ ရာစုနှစ်လောက်တွင် ထိုငှက်များကို လှောင်အိမ်ငှက်များ အဖြစ်ဖြင့် ကနေရီကျွန်းမှ အီတလီနိုင်ငံ သို့ စတင်ယူဆောင် လာကြသည်။ ယခုအခါတွင် တစ်ကမ္ဘာလုံးမှာပင် ကနေရီငှက် များကို လှောင်အိမ်သွင်း၍ အလှမွေးကြ၏။ ကနေရီငှက်သည် ဖင့်စာကလေးမျိုးရင်းတွင် ပါဝင်သည်။ အရိုင်းဘဝတွင် သူတို့ ၏ အရောင်မှာ ညိုဝါဝါ သို့မဟုတ် ဝါစိမ်းစိမ်း ဖြစ်သည်။ ကနေရီ ငှက်မကြီးသည် အသိုက် ဆောက်လုပ်၍ ဥများကို ဝပ် ပေးသည်။ ဥများမှာ အပြာရောင်ဖြစ်၍ တစ်မြုံလျှင် ဥလေးငါး လုံး ရှိတတ်သည်။ ငှက်ဖိုကမူ ငှက်ပေါက်စကလေးများကို အစာ ရှာကျွေးသည်။
ကနေရီငှက်သည် သဘာဝအလျောက် သီချင်းအဆိုကောင်း သော ငှက်ဖြစ်သည်။ သီချင်းများကို ကြည်လင် ပြတ်သားစွာ ဆိုတတ်သည်။ အခြားငှက်များ၏ အသံများကိုလည်း အလွယ် တကူ အတုခိုးနိုင်၏။ ချိုလွင်စွာ တေးဆိုတတ်သောကြောင့် ကနေရီငှက်ကို လူသိများသည်။
အချို့ ကနေရီငှက်များကိုမူ သူတို့၏ လှပသော အတောင် များကြောင့် ဂရုတစိုက် မွေးမြူကြသည်။ ထိုသို့ မွေးမြူကြရာ၌ မှန်မှန်ဂရုစိုက်ဖို့လိုသည်။ လှောင်အိမ်ကိုလည်း အမြဲတမ်း သန့်ရှင်းအောင် ပြုလုပ်ထားရသည်။ ကနေရီငှက် များအတွက် အသင့်တော်ဆုံး အစာမှာ မြက်ပင်မျိုးစေ့၊ ပိုက်ဆံ ပင်မျိုးစေ့နှင့် စိမ်းစိုသော အစားအစာများပင် ဖြစ်သည်။ လှောင်အိမ်တွင်းရှိ သောက်ရေနှင့် ချိုးရေများကို မကြာခဏ လဲပေးရ၏။ ကနေရီငှက်များသည် အရိုင်းဘဝတွင် အဆင်အသွေး အမျိုးမျိုးဆောင်၍ လှောင်အိမ်၌ မွေးမြူသောအခါ အနည်းငယ် ပြောင်းလဲသွားတတ်သည်။[၂]
ကိုးကား[ပြင်ဆင်ရန်]
- BirdLife International (2004). Serinus canaria. 2006. IUCN Red List of Threatened Species. International Union for Conservation of Nature 2006. www.iucnredlist.org. Retrieved on 12 May 2006. Database entry includes justification for why this species is of least concern.
- မြန်မာ့စွယ်စုံကျမ်း၊ အတွဲ(၁)",4.0,1.0,2.0,3.0,2.0,"The text provides clear, educational information about the canary bird, suitable for primary/middle school levels. It is well-structured and informative. While it contains some boilerplate from a wiki-style source, the content is coherent and natural. It uses standard Burmese terminology and reflects a reliable, encyclopedic tone."
<urn:uuid:26b8f66b-cb43-409d-b7d0-664836429ffa>,"ပန္းနာရင္က်ပ္ေရာဂါႏွင့္အဆုတ္ေရာဂါတို႔အပါအ၀င္ ကေလး မ်ား ေဆးလိပ္ေငြ႕ႏွင့္ထိေတြ႕ျခင္း၏ အႏၲရာယ္မ်ားကို လူအမ်ား သိရွိထားၾကၿပီးျဖစ္ေသာ္လည္း ကေလးငယ္အမ်ားအျပားသည္ ေန အိမ္ (သို႔မဟုတ္) အမ်ားျပည္သူသြားလာရာေနရာမ်ား (သို႔မဟုတ္) ကားမ်ား၊ ဘတ္စ္ကားမ်ားစီးေနစဥ္တြင္ ေဆးလိပ္ေငြ႕မ်ား ႐ွဴ႐ႈိက္မိေနၾကဆဲျဖစ္ေၾကာင္း သုေတသီ ေဒါက္တာဂီသာရက္ဟူဗာက ေျပာၾကားသည္။
ဆင္းရဲေသာအသိုင္းအ၀ိုင္းမွ ကေလးမ်ား ေဆးလိပ္ေငြ႕ႏွင့္ ထိေတြ႕မႈပိုမ်ားေၾကာင္း ရက္ဟူဗာကေျပာသည္။
အေမရိကန္ႏိုင္ငံတြင္ ေဆးလိပ္မေသာက္ေသာ ကေလးႏွင့္ လူငယ္ ၂၄ သန္းခန္႔သည္ ၎တို႔၏ မိဘမ်ားေဆးလိပ္ေသာက္ေသာ ေၾကာင့္ ေဆးလိပ္ေငြ႕ကို တစ္ဆင့္႐ွဴ႐ႈိက္မိေနၾကေၾကာင္း သုေတ သီမ်ားကေျပာသည္။
အေမရိကန္ႏိုင္ငံတြင္ ၂၀၁၂ ၌ အသက္ (၃)ႏွစ္မွ (၁၁)ႏွစ္အရြယ္ ကေလးငယ္ ၄၁ ရာခိုင္ႏႈန္းႏွင့္ အသက္ (၁၂)ႏွစ္မွ (၁၉) ႏွစ္အရြယ္ ကေလး ၃၄ ရာခိုင္ႏႈန္း၏ ေသြးနမူနာမ်ားတြင္ နီကိုတင္း ၏ ေဘးထြက္ပစၥည္းမ်ားေသာ ဓာတုပစၥည္းတစ္မ်ိဳးျဖစ္သည့္ Co-tinine ဓာတ္မ်ား စစ္ေဆးေတြ႕ရွိခဲ့ေၾကာင္း သိရသည္။ သို႔ေသာ္ မ်ားမၾကာမီႏွစ္မ်ားက အေမရိကန္တြင္ ေဆးလိပ္ေသာက္သူမ်ား ႏွင့္ အတူေနေသာ ကေလးအေရအတြက္၊ လူႀကီးေဆးလိပ္ေသာက္ သူအေရအတြက္ ေလ်ာ့က်သြားေၾကာင္း သိရသည္။
မိဘမ်ား ေဆးလိပ္ေသာက္သံုးမႈေၾကာင့္ ကေလးငယ္မ်ား ေဆးလိပ္ေငြ႕တစ္ဆင့္ခံ႐ွဴ႐ိႈက္မိေသာ ျပႆနာမ်ားကို နားလည္မႈ မရွိျခင္းမွာ ၎တို႔၏ ပညာအဆင့္အတန္း၊ က်န္းမာေရးေစာင့္ ေရွာက္မႈ ခံယူႏိုင္ခြင့္ႏွင့္ အသိုင္းအ၀ိုင္းအတြင္း စံျပေနထိုင္မႈမ်ားႏွင့္ ဆက္စပ္ေနေၾကာင္း သုေတသီမ်ားကေျပာသည္။
မိဘမ်ား ေဆးလိပ္ေသာက္ပါက ကေလးမ်ားလည္း ေဆး လိပ္ေသာက္သူမ်ား ျဖစ္လာႏိုင္ေျခ ပိုမ်ားသည္ဟု သုေတသီမ်ားက ေျပာသည္။
ႏွလံုးေသြးေၾကာကို ထိခိုက္ပ်က္စီးေစၿပီး ႏွလံုးလုပ္ေဆာင္ခ်က္ကို ထိခိုက္ေစသည့္အျပင္ ေဆးလိပ္ေငြ႕တစ္ဆင့္ ႐ွဴ႐ႈိက္မိျခင္း ေၾကာင့္ အ၀လြန္ျခင္း၊ ကိုလက္စထေရာျမင့္မားျခင္း၊ ခႏၶာကိုယ္က အင္ဆူလင္ကို ေကာင္းစြာအသံံုးမခ်ႏိုင္ျခင္းတို႔ အပါအ၀င္ ႏွလံုးေသြးေၾကာဆိုင္ရာေရာဂါမ်ား ျဖစ္ပြားလာႏိုင္သည္။
ဖိုးသူေတာ္ (www.phothutaw.com)
Credit : 7Day Daily
#Unicode Version
ကလေးဘဝတွင် တစ်ဆင့်ခံ ဆေးလိပ်ငွေ့ ရှူရှိုက်မိခြင်းကြောင့် ရေရှည်အသက်ရှူလမ်းကြောင်းဆိုင်ရာ ပြဿနာများနှင့် ကျန်းမာရေးပြဿနာများ ကြုံတွေ့နိုင်ပြီး အသက်တိုနိုင်ကြောင်း အမေရိကန်နှလုံးရောဂါကုသရေးအဖွဲ့၏ သိပ္ပံပညာဆိုင်ရာ ကြေညာချက် အသစ်တစ်ခုအရ သိရသည်။
ပန်းနာရင်ကျပ်ရောဂါနှင့်အဆုတ်ရောဂါတို့အပါအဝင် ကလေး များ ဆေးလိပ်ငွေ့နှင့်ထိတွေ့ခြင်း၏ အန္တရာယ်များကို လူအများ သိရှိထားကြပြီးဖြစ်သော်လည်း ကလေးငယ်အများအပြားသည် နေ အိမ် (သို့မဟုတ်) အများပြည်သူသွားလာရာနေရာများ (သို့မဟုတ်) ကားများ၊ ဘတ်စ်ကားများစီးနေစဉ်တွင် ဆေးလိပ်ငွေ့များ ရှူရှိုက်မိနေကြဆဲဖြစ်ကြောင်း သုတေသီ ဒေါက်တာဂီသာရက်ဟူဗာက ပြောကြားသည်။
ဆင်းရဲသောအသိုင်းအဝိုင်းမှ ကလေးများ ဆေးလိပ်ငွေ့နှင့် ထိတွေ့မှုပိုများကြောင်း ရက်ဟူဗာကပြောသည်။
အမေရိကန်နိုင်ငံတွင် ဆေးလိပ်မသောက်သော ကလေးနှင့် လူငယ် ၂၄ သန်းခန့်သည် ၎င်းတို့၏ မိဘများဆေးလိပ်သောက်သော ကြောင့် ဆေးလိပ်ငွေ့ကို တစ်ဆင့်ရှူရှိုက်မိနေကြကြောင်း သုတေ သီများကပြောသည်။
အမေရိကန်နိုင်ငံတွင် ၂၀၁၂ ၌ အသက် (၃)နှစ်မှ (၁၁)နှစ်အရွယ် ကလေးငယ် ၄၁ ရာခိုင်နှုန်းနှင့် အသက် (၁၂)နှစ်မှ (၁၉) နှစ်အရွယ် ကလေး ၃၄ ရာခိုင်နှုန်း၏ သွေးနမူနာများတွင် နီကိုတင်း ၏ ဘေးထွက်ပစ္စည်းများသော ဓာတုပစ္စည်းတစ်မျိုးဖြစ်သည့် Co-tinine ဓာတ်များ စစ်ဆေးတွေ့ရှိခဲ့ကြောင်း သိရသည်။ သို့သော် များမကြာမီနှစ်များက အမေရိကန်တွင် ဆေးလိပ်သောက်သူများ နှင့် အတူနေသော ကလေးအရေအတွက်၊ လူကြီးဆေးလိပ်သောက် သူအရေအတွက် လျော့ကျသွားကြောင်း သိရသည်။
မိဘများ ဆေးလိပ်သောက်သုံးမှုကြောင့် ကလေးငယ်များ ဆေးလိပ်ငွေ့တစ်ဆင့်ခံရှူရှိုက်မိသော ပြဿနာများကို နားလည်မှု မရှိခြင်းမှာ ၎င်းတို့၏ ပညာအဆင့်အတန်း၊ ကျန်းမာရေးစောင့် ရှောက်မှု ခံယူနိုင်ခွင့်နှင့် အသိုင်းအဝိုင်းအတွင်း စံပြနေထိုင်မှုများနှင့် ဆက်စပ်နေကြောင်း သုတေသီများကပြောသည်။
မိဘများ ဆေးလိပ်သောက်ပါက ကလေးများလည်း ဆေး လိပ်သောက်သူများ ဖြစ်လာနိုင်ခြေ ပိုများသည်ဟု သုတေသီများက ပြောသည်။
နှလုံးသွေးကြောကို ထိခိုက်ပျက်စီးစေပြီး နှလုံးလုပ်ဆောင်ချက်ကို ထိခိုက်စေသည့်အပြင် ဆေးလိပ်ငွေ့တစ်ဆင့် ရှူရှိုက်မိခြင်း ကြောင့် အဝလွန်ခြင်း၊ ကိုလက်စထရောမြင့်မားခြင်း၊ ခန္ဓာကိုယ်က အင်ဆူလင်ကို ကောင်းစွာအသံုံးမချနိုင်ခြင်းတို့ အပါအဝင် နှလုံးသွေးကြောဆိုင်ရာရောဂါများ ဖြစ်ပွားလာနိုင်သည်။
ဖိုးသူတော် (www.phothutaw.com)
Credit : 7Day Daily",4.0,3.0,2.0,4.0,3.0,"The text provides clear, educational information about the health risks of secondhand smoke for children. It uses logical causal links between smoking, health outcomes, and socioeconomic factors. It is written in natural Burmese, though it relies on translated scientific reporting. It is clean, well-structured, and suitable for general public health awareness."
<urn:uuid:18ecf5b8-6c46-4e92-9d63-97947f1a347e>,"ပွင့်ဖြူမြို့
|ပွင့်ဖြူမြို့|
|မြန်မာနိုင်ငံရှိ မြို့များ|
ပွင့်ဖြူမြို့နယ် ရှိ စန္ဒကူးနံ့သာကျောင်းတော်ရာဘုရား
|ကိုဩဒိနိတ်:|
|နိုင်ငံအမည်||မြန်မာ|
|တိုင်းဒေသကြီး||မကွေး|
|ခရိုင်||မင်းဘူး|
|လတ္တီကျု||(၂၀)ဒီဂရီ၊ (၂၂)မိနစ်|
|လောင်ဂျီကျု||(၉၄)ဒီဂရီ၊ (၄၀)မိနစ်|
|မြို့နယ်ရုံးစိုက်ရာမြို့||ပွင့်ဖြူမြို့|
|အချိန်ဇုန်||မြန်မာစံတော်ချိန် (UTC+ ၆ နာရီ ၃၀ မိနစ်)|
ပွင့်ဖြူမြို့ သည် မင်းဘူးခရိုင်၊ ပွင့်ဖြူမြို့နယ်၏ ရုံးစိုက်ရာမြို့ ဖြစ်၍ မုန်းမြစ် လက်ျာဘက်ကမ်းပေါ်တွင် တည်ရှိသည်။ မင်းဘူး - ဆိပ်ဖြူ ကားလမ်းပေါ်တွင် တည်ရှိ၍ မင်းဘူးမြို့၏ မြောက်ဘက် (၂၄)မိုင်ဝေးသည်။ မြို့၏ အကျယ်အဝန်းမှာ အရှေ့မှအနောက်သို့ (၄)ဖာလုံ၊ တောင်မှမြောက်သို့ (၃)ဖာလုံခန့်ရှိသည်။ ပွင့်ဖြူမြို့နယ်၏ လူဦးရေမှာ ၁၉၅၆ခုနှစ် ခန့်မှန်းခြေ သန်းကောင်စာရင်းအရ ၉၃၁၃၄ ယောက်ဖြစ်၍ အများအားဖြင့် ဗုဒ္ဓဝါဒီ မြန်မာများသာ ဖြစ်သည်။ မြို့နယ်၏ အဓိကလုပ်ငန်းမှာ လယ်ယာစိုက်ပျိုးရေး ဖြစ်၍ မုန်းမြစ်မှ ဆည်မြောင်းများ သွယ်ဖောက်ရေသွင်း၍ စိုက်ပျိုးကြသည်။ လယ်ဧကပေါင်း (၈,၃၀၀)ကျော်တို့ကို ရေပေးသွင်းလျှက် ရှိသည်။ ဆည်ရေသောက် လယ်မြေများမှ စပါး အများဆုံးထွက်သည်။ ဆည်ရေမရသောမြေများကို ယာအဖြစ် အသုံးပြု၍ နှမ်း၊ ပဲ၊ ပြောင်း၊ ဆေး တို့ကို စိုက်ပျိုးသည်။ ပွင့်ဖြူမြို့ဟု ခေါ်တွင်ရခြင်းမှာ ဤမြို့နေရာ၌ ဖိုခနောက်ဆိုင် တည်ရှိခဲ့သော ကွေ့ရွာ၊ သရက်ကျင်းနှင့် သနပ်ကုန်းစသော ရွာကြီး သုံးရွာ ပေါင်းစပ်ပြီးနောက် မြို့ ဖြစ်လာရာတွင် ယင်းဒေသ၌ရှိသော လက်ပံပင်ကြီးတစ်ပင်သည် အဖြူပွင့်များသာ ဖူးပွင့်သည်ကို စွဲ၍ ခေါ်တွင်ကြောင်း ဆိုကြသည်။ ပွင့်ဖြူမြို့သည် မုန်းမြစ်မှရေကို အလွယ်တကူ ရရှိနိုင်သည့်အတွက် သစ်ပင်၊ ဝါးပင်တို့ဖြင့် စိုပြည်စိမ်းလန်းနေသည်။ မင်းဘူးခရိုင်အတွင်းရှိ အခြားမြို့များနှင့် နှိုင်းယှဉ်လျှင် ပွင့်ဖြူမြို့သည် မြို့ကလေးမျှသာ ဖြစ်သော်လည်း ဆန်စပါးအများဆုံးထွက်၍ လူဦးရေများသော မြို့ ဖြစ်သည်။
ကူးသန်းရောင်ဝယ်ရေးအတွက် မင်းဘူး - ဆိပ်ဖြူ ကားလမ်းကြီးကိုလည်းကောင်း၊ မုန်းမြစ်ကိုလည်းကောင်း အားထားရသည်။ မြို့၏ အရှေ့တောင်ဘက်တွင် ရွှေဘုံသာ၊ သက်တော်ရှည် နှင့် သက်တော်ရ ဟူ၍ တန်ခိုးကြီးဘုရား သုံးဆူ ရှိသည့်အနက် ရွှေဘုံသာဘုရားသည် အထင်ရှားဆုံး ဖြစ်သည်။ မုန်းမြစ်သည် ရွှေဘုံသာဘုရားခြေတော်ရင်းသို့ ဦးတိုက်စီးဆင်းလာပြီးမှ တစ်ဘက်သို့ကွေ့၍ စီးဆင်းသွားသည်။ ပွင့်ဖြူမြို့၏တောင်ဘက်တစ်မိုင်ခန့်အကွာတွင် အလောင်းစည်သူမင်းကြီးတည်ထားခဲ့သော ရွှေပန်းမြိုင်ဘုရား ရှိသည်။ ထိုဘုရားများတွင် ဘုရားပွဲတော်များ နှစ်စဉ်ကျင်းပလေ့ ရှိသည်။ [၁]
ကိုးကား[ပြင်ဆင်ရန်]
- မြန်မာ့စွယ်စုံကျမ်း၊ အတွဲ(၇)၊ စာမျက်နှာ (၁၇၄)။",4.0,2.0,2.0,4.0,5.0,"The text provides factual, encyclopedic information about Pwintbyu town, suitable for educational purposes. It is written in natural, authentic Burmese with local context. While it contains some boilerplate from a wiki-style format, the prose is coherent and informative, requiring basic reading comprehension."
<urn:uuid:98e33f74-350d-4d73-88ed-c930f6a1c305>,"ဒီနေ့မှာတော့ ကမ္ဘာတစ်ဝှမ်းမှာ မကောင်းသောကျော်ကြားခြင်းနဲ့ကျော်ကြားတဲ့ covid 19 ဟာ သူ့ရဲ့မျိုးကွဲဖြစ်တဲ့ B.1.1.529 နဲ့အတူတစ်ဖန်ပြန်လည်နိုးထလာတဲ့အကြောင်းကို ဆွေးနွေးသွားမှာဖြစ်ပါတယ်။ B.1.1.529 ကို တောင်အာဖရိကမှာ ၂၀၂၁ခုနှစ် နိုဝင်ဘာ ၉ရက်နေ့က စတင်တွေ့ရှိခဲ့တာဖြစ်ပြီး နိုဝင်ဘာလ ၂၄ရက်နေ့မှာတော့ World Health Organization (WHO) ကို ပထမဆုံး သတင်းပေးပို့ခဲ့တာပါ။ ဒီတလောအတွင်း တောင်အာဖရိကမှာ covid ကူးစက်ပျံ့နှံ့မှုပြန်လည်တိုးမြင့်လာတာနဲ့အတူ B.1.1.529 ကို စတင်တွေ့ရှိခဲ့ကြတာဖြစ်ပါတယ်။
ယခုတွေ့ရှိရတဲ့မျိုးကွဲမှာတော့ မျိုးရိုးဗီဇပြောင်းလဲမှုအများအပြားကိုတွေ့ရှိခဲ့ရပြီး ထိုပြောင်းလဲမှုတွေက စိုးရိမ်စရာဖြစ်စေခဲ့တာပါ။ ဒီမျိုးကွဲဟာ တခြား covid မျိုးကွဲများနဲ့ယှဉ်ရင် covid ကူးစက်ခံဖူးထားပြီး antibody ထွက်နေတဲ့လူနာတွေမှာ ပြန်လည်ကူးစက်ခံရနိုင်ချေပိုများနေတာကိုတွေ့ရှိရပါတယ်။ တောင်အာဖရိကတခွင်မှာတော့ ယခုမျိုးကွဲကူးစက်ခံရသူအရေအတွက်ဟာ နေ့စဉ်မြင့်တက်နေတာကိုတွေ့ရပြီး ထိုမျိုးကွဲကို ယခု covid ပိုးကူးစက်မှုများကို ဓါတ်ခွဲခန်းများမှာအတည်ပြုတဲ့ PCR စစ်ဆေးမှုနဲ့ စမ်းသပ်စစ်ဆေးကြည့်တဲ့အခါ PCR ဟာ ထိုမျိုးကွဲကို တခြား covid မျိုးကွဲများနည်းတူ ဆက်လက်အတည်ပြုစစ်ဆေးချက်ပြုလုပ်နိုင်တာကိုတွေ့ရှိခဲ့ရပါတယ်။
ဥရောပလိုဖွံဖြိုးပြီးသားနိုင်ငံများထဲမှာ အင်္ဂလန်၊ ဘယ်လ်ဂျီယံ၊ ဂျာမနီ၊ အီတလီစတဲ့နိုင်ငံများမှာ omicron ပိုးကူးစက်ခံရသူတွေ တွေ့ရှိနေပြီဖြစ်ကြောင်းတရားဝင်ကြေညာခဲ့ပြီး အာရှတိုက်မှာတော့ omicron ကို ဟောင်ကောင်မှာ စတင်တွေ့ရှိနေပြီဖြစ်ပါတယ်။ ထိုမျိုးကွဲ B.1.1.529 ကို WHO က Omicron လို့အမည်ပေးခဲ့ပြီး omicron ပေါ်ပေါက်လာခြင်းနဲ့အတူ WHO မှ နိုင်ငံများအား ခရီးသွားလာမှုများကို ပိုမိုတင်းကြပ်တဲ့စည်းကမ်းများချမှတ်ဖို့ အသိပေးထားပါတယ်။
ဒါကတော့လောလောဆယ် omicron အကြောင်းသိရသမျှကို ဆွေးနွေးပေးထားတာပါ။ omicron ဟာ ခုမှစပေါ်ပေါက်လာတဲ့မျိုးကွဲဖြစ်လို့ ထိုမျိုးကွဲအကြောင်းကိုအသေးစိတ်မသိရသေးပေမယ့် WHO ကနေ နိုင်ငံများရဲ့ခရီးသွားလာမှုများမှစည်းကမ်းများကိုတင်းကြပ်ဖို့အသိပေးတာကိုကြည့်ရတာနဲ့တင် omicron ဟာ ပေါ့ဆနေလို့မရတဲ့မျိုးကွဲမှန်း ပေါ်လွင်နေပါတယ်။ ဒါကြောင့် HOPE ကစာဖတ်ပရိတ်သတ်များအနေနဲ့လည်း omicron အပါအဝင် covid မျိုးကွဲများအားလုံးရန်မှ ကာကွယ်နိုင်စေရန်အတွက် –
အပြင်ထွက်လျှင် မိမိမျက်နှာနဲ့သင့်တော်သည့် mask တပ်ရန်
တစ်ခုခုကိုင်ပြီးတိုင်း လက်ကိုဆပ်ပြာနှင့်သေချာဆေးကြောရန်
လက်ဆေးဖို့အဆင်မပြေလျှင် handgel အသုံးပြုပြီးသန့်စင်ရန်
လူစုလူဝေးကိုတတ်နိုင်သမျှရှောင်ရှားပြီး တစ်ဦးနှင့်တစ်ဦးအနည်းဆုံး ၆ပေခွာနေရန်
covid ကာကွယ်ဆေးမထိုးရသေးတဲ့သူများဆိုရင် ကာကွယ်ဆေးထိုးဖြစ်အောင်ထိုးရန်
မိမိအိမ်မှာလေဝင်လေထွက်ကောင်းအောင် နေ့လည်နေ့ခင်းပြတင်းပေါက်များဖွင့်ထားရန်
စတဲ့အချက်များကိုလိုက်နာဖို့ အကြံပြုလိုပါတယ်။ အားလုံးပဲ covid ရောဂါဆိုးကြီးရဲ့အန္တရာယ်မှ ကာကွယ်နိုင်ပြီး ကိုယ်ရောစိတ်ပါကျန်းမာတဲ့ဘ၀များကို ပိုင်ဆိုင်နိုင်ကြပါစေလို့ HOPE မှ ဆုတောင်းပေးလိုက်ပါတယ်။
Ref: https://www.who.int/…/26-11-2021-classification-of…
ကျန်းမာရေးနဲ့ ဆိုင်တဲ့ မေးခွန်းများမေးမြန်းလိုပါက HOPE မှ ဆရာဝန်တွေကို မနက် ၈မှ ည ၈ အတွင်း အခမဲ့ မေးမြန်းဆွေးနွေးနိုင်ပါတယ်ရှင့်..
credit : World Health Organization
𝗛𝗢𝗣𝗘 𝗮𝗽𝗽 ဒေါင်းရန် :(For Android)
🤍 https://bit.ly/3sTy2sJ",4.0,2.0,2.0,4.0,4.0,"The text provides clear, accurate, and actionable health information regarding the Omicron variant, suitable for a general audience. It follows a logical structure, uses natural Burmese phrasing, and includes standard health advice. It contains some promotional boilerplate at the end, but the core content is educational and well-presented."
<urn:uuid:4533fbb7-ad9e-435f-bb70-9afa700c5303>,"ဂလိုက်ဒါ
ဂလိုက်ဒါ (ခိုစီးဂလိုက်ဒါ) စီးခြင်းသည် အားကစားနည်းတစ်မျိုးဖြစ် ၏။ ဥရောပနှင့် အမေရိကန်နိုင်ငံတို့တွင် မူလက ဂလိုက်ဒါကို အပျော်သက်သက် စီးခဲ့ကြသော်လည်း နောက်ပိုင်းတွင်တစ်ဦးနှင့် တစ်ဦးယှဉ် ပြိုင်ကြရာမှ အားကစားနည်းတစ်ရပ်အဖြစ်ပြောင်းလဲ လာခဲ့သည်။
ဂလိုက်ဒါသည် ၁၉ ရာစုနှစ်အတွင်းက စတင် ပေါ်ပေါက်ခဲ့သည်။ ထိုအချိန်က ဝေဟင်တွင် ပျံသန်းနိုင်ရန် လူသားတို့ ကြံစည် ကြိုးပမ်းကြသည့် နည်းလမ်းများတွင် ဂလိုက်ဒါ၏ ရှေ့ပြေးဖြစ်သောလေယာဉ် များပါဝင်ခဲ့၏။ အဆိုပါ လေယာဉ်များသည် အတောင်တစ်ထပ်၊ သို့မဟုတ် အတောင်နှစ်ထပ်ရှိကြ၏။စီးနင်း မည့်သူသည် ယင်းအတောင် အောက်ဘက်ဗဟိုချက်တွင် ခိုစီး၍လိုက်ပါရ၏။ တောင်ထိပ် သို့မဟုတ်အဆောက် အဦးတစ်ခု၏ အပေါ်မှ အောက်ဘက်သို့ ပျံဝဲ၍ ဆင်းရသည်။
၁၉ ရာစုနှစ် အစပိုင်းတွင် ဂျာမနီနိုင်ငံ အုန်းမြို့သား အပ်ချုပ်သမား တစ်ဦးဖြစ်သူ အဲလဘရက်လုဒဝစ်ဘာဘလင်ဂါ သည် ဂလိုက်ဒါ တစ်မျိုးကို တည်ဆောက်ပြီးလေတွင် ပျံဝဲ နိုင်ခဲ့၏။ ၁၈၈၁ ခု မတ်လ ၃၁ ရက်နေ့တွင် ဘာဘလင်ဂါသည် လူထုပရိသတ် ၁၅,ဝဝဝ မျက်မှောက်တွင် ဒန်ညုမြစ်ကို ဖြတ် ကျော်ပျံသန်း ရန်ကြိုးပမ်းခဲ့သော်လည်း အောင်မြင်မှု မရရှိခဲ့ချေ။ ဘာဘလင်ဂါနောက် ဂလိုက်ဒါကို ပိုမိုတိုးတက် ကောင်းမွန်အောင် ကြံဆောင်ခဲ့သူမှာ ဂျာမန်လူမျိုးအော်တိုလီလီ ယန်သဲဖြစ်၏။ လီလီယန်သဲသည် ဖယောင်းစိမ်ထားသောပိတ်စ များ၊ မိုးမခသားများဖြင့် တည်ဆောက်ထားသော ငှက်အတောင် သဏ္ဌာန်ရှိ ဂလိုက်ဒါဖြင့် အကြိမ်ပေါင်း ၂ဝဝဝကျော်ပျံသန်းခဲ့ သည်။ အဝေးဆုံးပျံသန်းနိုင်သည့် အကွာအဝေးမှာ နှစ်ဖာလုံခန့် ဖြစ်သည်။ ဂလိုက်ဒါကို လေထဲတွင်လိုသလို ထိန်းသိမ်းနိုင်ရန် လီလီယန်သဲသည် ခန္ဓာကိုယ်ကို လှုပ်ရှားပေး၏။ယင်းသို့ ခန္ဓာ ကိုယ်ဖြင့် ထိန်းသည့် နည်းစနစ်ကို ခေတ်ပေါ် ဂလိုက်ဒါများ တွင် ဆက်လက်အသုံးပြုလျက်ရှိကြသည်။ ၁၈၉၆ ခု ဩဂုတ် ၉ ရက်နေ့ တွင်စမ်းသပ် ပျံသန်းနေစဉ် လီလီယန်သဲသည်ဂလိုက်ဒါ ကိုထိန်းသိမ်းနိုင်ခြင်း မရှိတော့သည့် အတွက် ဂလိုက်ဒါသည် အရှိန်ဖြင့်ထိုးကျပျက်စီးခဲ့၏။ လီလီယန်သဲသည် ဂလိုက်ဒါပျက် ကျရာမှရသည့် ဒဏ်ရာဖြင့် သေဆုံးခဲ့သည်။
နောက်ပိုင်းတွင် အင်္ဂလန်နိုင်ငံမှ ပါစီပီးလချားနှင့် အမေရိကန်နိုင်ငံမှ အောက်တေ့ဗ်ချနု တို့သည် လီလီယန်သဲ၏ နည်းလမ်းကို အခြေပြုကာ ဂလိုက်ဒါများကို ဆက်လက် တည်ဆောက်ခဲ့သည်။ သို့သော် ထိုအချိန်တွင် စက်တပ်လေ ယာဉ်များ စတင်ပေါ်ပေါက်လာပြီဖြစ်ရာ ဂလိုက်ဒါများ၏ တိုးတက်မှု အရှိန်အဟုန်မှာ တန့်သွားခဲ့ပြီး တဖြည်းဖြည်းမှေးမှိန် သွားခဲ့သည်။
စရိတ်သက်သာစွာဖြင့် လေတွင်ပျံဝဲနိုင်သည့် အတွေ့ အကြုံရရှိရေးအတွက် ဂလိုက်ဒါကိုပြန်လည် ဖော်ထုတ်ရန် ကြိုးပမ်းလာကြရာမှ ဂလိုက်ဒါ၏ အခန်းကဏ္ဍသည် ပြန် လည်ဆန်းသစ် လာခဲ့သည်။ ၁၉၇၂ ခုတွင် အင်္ဂလန် နိုင်ငံ၌ ဂလိုက်ဒါကို စီးနင်းကြသူ အရေအတွက်သည် အနည်းငယ် မျှသာရှိခဲ့ သော်လည်း ၁၉၇၈ ခုနှစ်တွင် ၅ဝဝဝခန့်အထိရှိလာခဲ့ ၏။ အမေရိကန် နိုင်ငံတွင်မူ၂၅ဝဝဝ ခန့်ရှိလာ၏။တစ်ကမ္ဘာလုံး တွက်သော် ဂလိုက်ဒါ စီးနင်းသူပေါင်း ၆ဝဝဝဝ ခန့် ရှိမည် ဟု ခန့်မှန်းကြသည်။
ဂလိုက်ဒါသည် သမားရိုးကျ ဂလိုက်ဒါ (စက်မဲ့ လေယာဉ်)ထက် စရိတ်သက်သာခြင်း၊ တည်ဆောက်ရန် သို့မ ဟုတ် ဝယ်ယူရန် လွယ်ကူခြင်းတို့ကြောင့် ယင်းကို အပျော်စီး သက်သက်အဖြစ် သာမကအားကစား နည်းတစ်မျိုးအဖြစ်လည်း တွင်ကျယ်စွာ အသုံးပြုလာခဲ့ခြင်း ပေဖြစ်သည်။ မျက်မှောက် ခေတ်တွင် အသုံးပြုလျက်ရှိသော လိုက်ဒါအမျိုးအစားများ အနက် တြိဂံပုံစံ အတောင်ရှိ ဂလိုက်ဒါကို အသုံးများကြ၏။ ယင်းကို ရိုဂယ်လိုဟုလည်း ခေါ်ကြ၏။ အာကာသယာဉ်များကို မြေပြင်သို့ ညင်သာစွာ ဆင်းသက်လာစေရန် ဖရန်စစ်ရို ဂယ်လို ဆိုသူတီထွင်သော တြိဂံပုံစံ အတောင်ကိုအခြေပြု တည်ဆောက် ထားသောကြောင့် ရိုဂယ်လိုဟု ခေါ်ဝေါ်ခြင်းဖြစ်၏။ ယင်းရိုဂယ် လို ပျံဝဲသည့်အခါ တိုးဝင်လာသော လေကြောင့် ဖောင်းကြွနေ သော အတောင်သည်ကတော့ ခြမ်းနှစ်ခြမ်းကိုဘေးချင်းယှဉ်ထား သကဲ့သို့ဖြစ်လာသည်။ အတောင်ကို ထိုကဲ့သို့ ဖောင်းကြွလာနိုင် အောင်ပျော့ပြောင်းသော အဝတ်၊ နိုင်လွန်စသည်တို့ဖြင့်ပြုလုပ်လေ့ ရှိ၏။ အချို့ ဂလိုက်ဒါ များတွင်မူ သမားရိုးကျ ဂလိုက်ဒါ ကဲ့သို့ပင် ခိုင်ခံ့တောင့်တင်းသော အတောင်များ တပ်ဆင်ထားကြ သည်။
ဂလိုက်ဒါကို စီးရာတွင် တတောင်ဆစ်ကို ကွေး၍ တန်းနှစ်တန်းကို လက်ဖျားမှ တတောင်ဆစ် အထိ ကပ်ထားပြီး ထောက်ထားသော လက်နှစ်ဘက်ကို အားပြုကာ ခိုစီးကြ၏။ အချို့ကမူ ရှေ့မှတန်းကို လက်နှစ်ဘက်ဖြင့် ဆုပ်ကိုင်ထားပြီး ခန္ဓာကိုယ်ကို ကြိုးဖြင့် တွဲလဲဆွဲကာ ထိုင်လျက်ဖြစ်စေ၊ မှောက် လျက်ဖြစ်စေ စီးကြ၏။ ဂလိုက်ဒါကို ထိန်းသိမ်း ပဲ့ကိုင်ရန် အတွက်မူ ခန္ဓာကိုယ်ကို လိုသည့်ဘက်သို့အရွှေ့အပြောင်းပြုလုပ် ပေးရသည်။
ဂလိုက်ဒါကို လေထဲသို့ရောက်အောင် လွှတ်တင် ရာတွင် နည်းအမျိုးမျိုးကို အသုံးပြုကြ၏။အချို့ကမူ တောင်ဆင် ခြေလျှော တစ်လျှောက်ပြေးဆင်းကြ၏။ အချို့ကမူ ဂလိုက်ဒါကို ကြိုးနှင့်ချည်ပြီး ရှေ့မှဆွဲ ပြေးကြသည်။
ကိုးကား[ပြင်ဆင်ရန်]
- မြန်မာ့စွယ်စုံကျမ်း၊ အတွဲ(၂)",4.0,2.0,2.0,4.0,2.0,"The text provides a clear, informative historical and technical overview of hang gliding suitable for educational purposes. It follows a logical chronological structure. The language is natural and standard Burmese, though it is a translation/adaptation from an encyclopedia entry rather than a piece of original local cultural expression."
<urn:uuid:42e7fa8f-e8f7-4110-9193-4d1d6fb372f4>,"၂၀၀၅ ခုနှစ် ဇွန်လ ၁၂ရက် နေ့တွင် ကျင်းပခဲ့သော Stanford တက္ကသိုလ် ဘွဲ့နှင်းသဘင် အခမ်းအနား တွင် Apple Computer နှင့် Pixar Animation Studio တို့ကို စတင်တည်ထောင်ခဲ့သူ Steve Jobs ပြောကြားခဲ့ သည့် မိန့်ခွန်း
ကမ္ဘာ့ အကောင်းဆုံး တက္ကသိုလ်ကြီးတစ်ခု ရဲ့ ဘွဲ့ရ မောင်မယ်များ ကို တွေ့ဆုံစကားပြော ခွင့် ရတဲ့အတွက်ကြောင့် အင်မတန် ဂုဏ်ယူမိကြောင်း ပြောပါရစေ။ ကျွန်တော်ဟာ တက္ကသိုလ်ဘွဲ့ရ တစ်ယောက်မဟုတ်ပါ။ အမှန်အတိုင်း ပြောရရင် ဘွဲ့နှင်းသဘင် အခမ်း အနား ဆိုတာ ဒီနေ့မှ တက်ဖူးတာပါ။ ဒီ ဘွဲ့နှင်း သဘင် အခမ်းအနား မှာ ကျွန်တော့ဘဝ ဇာတ်လမ်းလေး သုံးပုဒ် ပြောပါရစေ။ မိန့်ခွန်း အရှည်ကြီး မဟုတ် ပါ။ ကြီးကြီးကျယ်ကျယ် အကြောင်းအရာတွေ မဟုတ်ပါ။ ဇာတ်လမ်း သုံးပုဒ် ထဲပါ။
ပထမဆုံးဇာတ်လမ်းကတော့ ဆက်စပ်ပုံဖော်ခြင်း အကြောင်းပါ။",4.0,3.0,2.0,5.0,3.0,"This is a high-quality translation of Steve Jobs' famous Stanford commencement speech. It is educational, coherent, and clean. The language is natural and appropriate for a Burmese audience, reflecting the tone of a formal address while maintaining cultural readability."
<urn:uuid:23013dca-4358-440a-af71-61b374c48700>,"စေဇန်းပီ
ပေါလ် စေဇန်း(ခရစ် ၁၈၃၉-၁၉ဝ၆)[ပြင်ဆင်ရန်]
ပြင်သစ် ပန်းချီဆရာ ပေါလ် စေဇန်း(Paul cezanne)သည် ရှေးရိုးပန်းချီစံနစ်ကို တော်လှန်ခဲ့သူတစ်ယောက် ဖြစ်၏။ ထိုခေတ်အခါက တော်ဝင် ပန်းချီဆရာများ လိုက်နာကျင့်သုံးလျက်ရှိသော အစဉ်အလာများ ကို ဖီလာပြုကာ မိမိစိတ်ကူးဖြင့် ပန်းချီကားများ ရေးဆွဲခဲ့လေ သည်။ ထိုကြောင့် ပါရစ်မြို့တွင် စေဇန်အာပန်းချီတော်လှန်ရေး သမား တစ်ယောက်ဟူ၍ အသိအမှတ်ပြုထားကြလေသည်။ သို့ရာတွင် ပါရစ်မြို့၌သာမက ဥရောပတိုက် တစ်ခုလုံးရှိ များ စွာသော ပန်းချီ ပညာရှင်တို့၏ ရှုတ်ချခြင်းကို ခံခဲ့ရဘူးသည်။ ဤခေတ်၌ကား စေဇန်းသည် ခေတ်ပန်းချီပညာရပ်၏ အခြေခံ ကို စတင်ပြုစုခဲ့သူဟု အသိအမှတ်ပြုခြင်းကို ခံရသည်။
စေဇန်းသည် ပြင်သစ်နိုင်ငံ အရှေ့တောင်ပိုင်း ပရောဗန်း နယ်ရှိ အက်မြို့တွင် ၁၈၃၉ ခုနှစ် ဇန္နဝါရီလ ၁၉ ရက်နေ့၌ ဖွားမြင်လေသည်။ ဖခင်ဖြစ်သူမှာ ဘဏ်လုပ်ငန်းရှင်တစ်ဦး ဖြစ်သော်လည်း စေဇန်းသည် ပန်းချီပညာကို ဝါသနာပါသူ ဖြစ်ရာ အသက် ၂၄ နှစ်အရွယ်မှစ၍ ပါရစ်မြို့တွင် ပန်းချီ ပညာကို လေ့လာဆည်းပူးခဲ့လေသည်။
စေဇန်းသည် ပန်းချီဆရာ၏အမြင်သက်သက်ကိုသာ ရေးဆွဲ ခြင်းဖြင့် ထိုပန်းချီကား၏ နက်နဲသော အဓိပ္ပါယ်ကို ပေါ်လွင် စေနိုင်မည်မဟုတ်ဟု ယုံကြည်သည်။ ထိုယုံကြည်ချက်အတိုင်း သူရေးဆွဲသောပုံတွင် ဆေးရောင်အမျိုးမျိုးကို နက်နဲသော အဓိပ္ပါယ်ဖော်ရာ၌ အသုံးပြုသည်။ စေဇန်းရေခြယ်သော ပန်းချီ ကားများသည် ရိုးရိုးနှင့် နက်နဲသည်။
သို့သော် စေဇန်းသည် မိမိ၏စိတ်ကူးကို ပန်းချီကားချပ်ပေါ် တွင် ထိရောက်အောင် တင်မပြနိုင်ဟု စိတ်ပျက်စွာဖြင့် သူ၏ ပန်းချီကားများကို သူတစ်ပါးတို့အား ပေးပစ်၏။ သူ့သားကို လည်း ထိုပန်းချီကားများကို ဖြတ်တောက်ကစားစေ၏။ ထိုစဉ် အခါက စေဇန်းရေးဆွဲသော ပန်းချီကားတို့၏ နက်နဲသော အဓိပ္ပါယ်ကို လူများ သဘောပေါက် နားမလည်ကြချေ။ သို့ဖြစ်၍ ထိုပန်းချီကားများမှာ တန်ဖိုးမရှိ ဖြစ်ခဲ့ရလေသည်။ စေဇန်း စွန့်ပစ်လိုက်သော ပန်းချီကားများသည် ယခုခေတ်တွင် လွန်စွာ တန်ဖိုးကြီးမာသော ပန်းချီကားများ ဖြစ်လာသည်။
စေဇန်း ရေးဆွဲသော ပန်းချီကားများ၏ နက်နဲခြင်းကို ထို ပန်းချီဆရာကွယ်လွန်ပြီးနောက်မှ လူများ သဘောပေါက် နား လည်ကြသည်။ ထိုကြောင့် စေဇန်းသည် အသက်ရှင်နေစဉ် ပန်းချီကျော်တစ်ဦးအဖြစ်ဖြင့် မကျော်ကြားခဲ့ချေ။ ၁၉ဝ၆ ခုနှစ် အောက်တိုဘာလ ၂၃ ရက်နေ့တွင် ပေါလ်စေဇန်း အနိစ္စရောက် လေသည်။ [၁]
ကိုးကား[ပြင်ဆင်ရန်]
- မြန်မာ့စွယ်စုံကျမ်း အတွဲ(၃)",4.0,2.0,2.0,4.0,3.0,"The text is a well-structured biographical entry from the Myanmar Encyclopedia. It provides clear educational value regarding art history. It uses natural Burmese phrasing and appropriate honorifics, though it contains minor boilerplate elements like '[ပြင်ဆင်ရန်]' typical of wiki-style entries. The reasoning is straightforward, focusing on historical impact rather than complex analysis."
<urn:uuid:60f73370-122f-4c0e-bf3b-f3a7dd774a75>,"ငရုတ္ပြသီးဟာ အမွ်င္ဓာတ္၊ Antioxidants ၊ ဗီတာမင္ စီ တို႔ ပါ၀င္တဲ့ အသီးတစ္မ်ိဳး ျဖစ္ပါတယ္။ ဒါေပမယ့္ သူ႔မွာ အေရာင္အမ်ိဳးမ်ိဳး ရွိၿပီး အေရာင္တိုင္းမွာေတာ့ ဒီလို ဗီတာမင္ဓာတ္ေတြ ညီတူညီမွ် မပါ၀င္ပါဘူး။ ငရုတ္သီးခ်ည္း တူတာေတာင္ အနီေရာင္ငရုတ္ပြသီးဟာ အစိမ္းေရာင္ထက္ ေစ်းႀကီးတာ ေတြ႔ဖူးၾကလား ဒါမွမဟုတ္ အစိမ္းေရာင္ ငရုတ္ပြသီးဟာ ဗိုက္နာတတ္တာကို သတိထားမိပါရဲ႕လား၊ ဒါေတြ ဘာလို႔ ျဖစ္ရလဲဆိုတဲ့ ေမးခြန္းရဲ႕ အေျဖကို ေျပာျပပါမယ္။
ငရုတ္ပြေတြမွာ အနီ၊ အ၀ါ၊ လိေမၼာ္နဲ႔ အစိမ္းေရာင္ဆိုၿပီး အေရာင္ေတြ ရွိပါတယ္။ သူတို႔ၾကားက ျခားနားခ်က္က ဘာပါလိမ့္။
ငရုတ္ပြ အစိမ္းေရာင္ဟာ အနီ၊ လိေမၼာ္နဲ႔ အ၀ါတို႔ရဲက အႏုသီးပဲ ျဖစ္ပါတယ္။ နည္းနည္းပဲ မွည့္ေသးတယ္ ဒါေပမယ့္ စားလို႔ရၿပီေပါ့။ ျမန္မာလို ဆိုရင္ေတာ့ ရင့္ၿပီ ဒါေပမယ့္ မမွည့္ေသးတဲ့ အေျခအေနပါ။ သူဟာ အနည္းငယ္ အခါးအရသာ ရွိတဲ့ အတြက္ အစာေၾကတဲ့ ျပႆနာကို ျဖစ္ေစတာပါ။
အစိမ္းေရာင္ဟာ ဘာလို႔ ပိုေစ်းခ်ိဳတာလဲ ?
အစိမ္းေရာင္ဟာ ဘာလို႔ တျခား အေရာင္ေတြထက္ ပိုေစ်းခ်ိဳလည္း ဆိုတာေတာ့ ျမန္ျမန္ခူးၿပီး ေရာင္းႏုိင္တဲ့ အတြက္ပါ။ တျခားအေရာင္ေတြကေတာ့ ခူးဖို႔ အခ်ိန္ေပး ေစာင့္ရတဲ့ အတြက္ ေစ်းပိုႀကီးတာပါ။
ဘယ္ ငရုတ္ပြသီးဟာ အာဟာရအျဖစ္ဆံုးပါလဲ ?
ငရုတ္ပြသီး အားလံုးမွာေတာ့ ဗီတာမင္ ေအနဲ႔ စီ အမ်ားႀကီး ပါ၀င္ပါတယ္။ ဒါေပမယ့္ အနီေရာင္ ငရုတ္ပြကေတာ့ ကင္ဆာဆဲလ္ေတြကို တိုက္ဖ်က္တဲ့နိုင္တဲ့ ဗီတာကရိုတန္း အစြမ္းက အစိမ္းေရာင္ထက္ ၁၁ဆ ပိုုပါတယ္။ အ၀ါေရာင္ကေတာ့ ဗီတာမင္ စီ ဓာတ္ဟာ အစိမ္းေရာင္ထက္ ပိုၿပီး ဗီတာမင္ေအနဲ႔ ဗီတာကရိုတိန္းကေတာ့ အစိမ္းေရာင္ထက္ နည္းပါတယ္။
Credit: huffpost taste",4.0,3.0,2.0,5.0,4.0,"The text provides clear, educational information about bell peppers, explaining nutritional differences and market pricing based on ripeness. It uses natural Burmese phrasing and logical structure. While it references an external source, the content is well-organized, coherent, and accessible to a general audience, making it highly suitable for educational purposes."
<urn:uuid:3cd54de9-4f55-41d6-8175-673bf29e6ce2>,"အစာအိမ်ထဲက အက်စစ်တွေနဲ့ အစာခြေရည်တွေက အစာမျိုပြွန်ထဲ ပြန်ဆန်တက်လာတဲ့အခါ ရင်ပူခြင်း (heartburn) ဆိုတာ ဖြစ်လာပါတော့တယ်။ နာမည်ကသာ heartburn ဆိုပေမယ့် နှလုံးနဲ့တော့ မသက်ဆိုင်ပါဘူး။ လေချဉ်ပြန်တက်တဲ့အခါ အစာခြေရည်တွေ ပါလာတတ်တာ သတိထားမိမှာပေါ့။
အစာအိမ်ထဲက အက်စစ်တွေနဲ့ အစာခြေရည်တွေက အစာမျိုပြွန်ထဲ ပြန်ဆန်တက်လာတဲ့အခါ ရင်ပူခြင်း (heartburn) ဆိုတာ ဖြစ်လာပါတော့တယ်။ နာမည်ကသာ heartburn ဆိုပေမယ့် နှလုံးနဲ့တော့ မသက်ဆိုင်ပါဘူး။ လေချဉ်ပြန်တက်တဲ့အခါ အစာခြေရည်တွေ ပါလာတတ်တာ သတိထားမိမှာပေါ့။
ရင်တွေ ပူနေတယ် ရေတွေ သောက်တယ်၊ ရေခဲရေတွေ သောက်တယ်၊ အချိုရည် သောက်တယ်၊ သကြားလုံး စားကြည့်တယ်၊ ဆာလို့များလားဆိုပြီး တခုခု ထစားတယ်။ မရဘူး။ ဘယ်ရပါ့မလဲ။ ဒါနဲ့တင် ပျောက်သွားမှာမှ မဟုတ်တာ။
အမှန်တော့ ရင်ပူရတာက အစာအိမ်ထဲက နဂိုရှိနေတဲ့ အက်စစ်တွေကြောင့်ချည်းမှ မဟုတ်တာ။ ကိုယ်စားလိုက်တဲ့ အစားအသောက်တွေကြောင့် ဖြစ်လာရတဲ့ အက်စစ်တွေရဲ့ ပံ့ပိုးမှုလည်း ပါတာ သေချာတာပေါ့။ အဲတော့ ရင်ပူတာကို ဆိုးစေမယ့် အပူအစပ်၊ ဆီကြော်အစားအစာ၊ ကော်ဖီ၊ အရက် စတာတွေကို ရှောင်ရပါမယ်။ ကဲ အခု ရင်ပူဗိုက်ဆာ ဖြစ်တတ်ရင် စားပေးသင့်တဲ့ အစားအစာတွေအကြောင်း ပြောပြမယ်နော်။
ရင်ပူဗိုက်ဆာ ဖြစ်တတ်ရင် စားပေးသင့်တာလေးတွေက
ငှက်ပျောသီးက အစာခြေရည် ပြန်ဆန်တက်တဲ့ ဝေဒနာအတွက် တကယ်ကို ကောင်းတဲ့ အသီးပါ။ ဖရဲသီး၊ သခွားမွှေး တို့လို melon မျိုးဝင် အသီးတွေလည်း စားလို့ ရပါတယ်။
ကွေကာအုတ် သောက်ရင် ရင်ပူတာ သက်သာစေပြီး အမျှင်ဓါတ်ကြောင့် အစာခြေစနစ်ကို ပိုကောင်းစေပါတယ်။
Whole-grain လိုမျိုး၊ အချို၊ အဆီ မပါတဲ့ ဂျုံကြမ်းပေါင်မုန့်တွေကို ရွေးတာ ပိုကောင်းပါတယ်။ သူတို့မှာ သဘာဝ အမျှင်ဓါတ်၊ ဗီတာမင်တွေ နဲ့ တခြား အာဟာရဓါတ်တွေ ပါဝင်ပါတယ်။
ပန်းဂေါ်ဖီစိမ်း၊ ကညွှတ်၊ ပဲစိမ်း၊ တရုတ်နံနံ တို့လို အစိမ်းရောင်ရှိတဲ့ အသီးအရွက်တွေမှာ အက်စစ်ဓါတ် ပါဝင်မှု နည်းပါတယ်။
အဆီမပါတဲ့ အသားတွေကို စားပါ။ ကင်စားတာ၊ ပေါင်းစားတာ၊ ပြုတ်စားတာ ကောင်းပါတယ်။ အရေခွံ၊ အခေါက် မစားပါနဲ့၊ ကြော်မစားပါနဲ့။
ပရိုတင်းဓာတ် ကြွယ်ဝပြီး အက်စစ်ဓါတ် နည်းပါတယ်။ ကြက်ဥ အနှစ်တော့ ရှောင်ပါ။ အဆီဓါတ် ပိုများပြီး လက္ခဏာကို ပိုဆိုးစေနိုင်ပါတယ်။
ရှားစောင်းလက်ပပ်က ဒီဝေဒနာအတွက် ဆေးဓါတ်စာ တစ်ခုပါ။ gas မပါတဲ့ ရှားစောင်းလက်ပပ် ဖျော်ရည်လေး သောက်လိုက်ပေါ့။
အခုပြောပြခဲ့တဲ့ အစားအစာတွေက ရင်ပူတတ်သူတွေ စားပေးလို့ရတဲ့ ရင်ပူတာကိုရော ဗိုက်ဆာတာကိုပါ သက်သာစေနိုင်တဲ့ အစားအစာလေးတွေပါ။
ရင်ပူတာကို သက်သာစေဖို့အတွက် အပေါ်မှာ ပြောပြခဲ့တဲ့ အစားအစာတွေကို အကုန်လုံး စားစရာ မလိုပါဘူး။ ဒီအစားအစာတွေထဲကမှ ကိုယ်နှစ်သက်တာ၊ ကိုယ်နဲ့ အဆင်အပြေဆုံး ဖြစ်မှာကို သေချာလေး ရွေးချယ် စားသုံးလိုက်ပါ။ ဥပမာ – ရင်ပူလာသလို ဗိုက်ဆာလာသလို ဖြစ်လာပြီဆိုရင် ဂျုံကြမ်းပေါင်မုန့်လေး စားပေးတာမျိုး ဖြစ်ဖြစ်ပေါ့။
ရင်ပူတာ ဗိုက်ဆာတာတွေကြောင့် စိတ်ရောကိုယ်ပါ ထိခိုက်တာမျိုး မဖြစ်အောင် ကိုယ်တိုင် ဂရုစိုက် ကာကွယ်လိုက်ပါ။
Hello Health Group သည် ဆေးပညာအကြံဉာဏ်များ၊ ရောဂါရှာဖွေမှုများနှင့် ကုသမှုများ မပြုလုပ်ပေးပါ။",4.0,2.0,2.0,4.0,4.0,"The text provides practical, accurate health advice for managing heartburn, suitable for a general audience. It explains causes and suggests dietary changes clearly. It is well-structured and written in natural, accessible Burmese. It lacks deep scientific analysis or complex reasoning, but serves as a helpful, coherent educational resource for primary health awareness."
<urn:uuid:41db5b6f-6f56-4dc8-a107-8ef5dca18787>,"လက်သည်းပေါ်က အဖြူရောင်အစက်အပျောက် ကနေ ဖော်ပြနေတဲ့ ကျန်းမာရေး ချို့ယွင်းမှု
လက်သည်းပွင့်တယ်လို့ အခေါ်များတဲ့ လက်သည်းပေါ်မှာ အဖြူရောင် အစက်အပျောက်လေးတွေ ပေါ်ခြင်းကို အများစုကတော့ စန်းပွင့်တယ်လို့ ယူဆတတ်ကြပါတယ်။ တကယ်တော့ ဒါဟာ သင့်ရဲ့ စားသောက်နေထိုင်မှု ပုံစံမှာ ခန္ဓာကိုယ်အတွက် လိုအပ်တဲ့ ဓာတ်တခုခု လိုအပ်နေတာကြောင့် ဖြစ်ပါတယ်။ ဒါကြောင့် လက်သည်းပွင့်ခြင်းက ဘယ်လိုမျိုး ကျန်းမာရေးအခြေအနေကို ညွှန်ပြနေတယ်ဆိုတာကို ဗဟုသုတအနေနဲ့ ဖော်ပြပေးလိုက်ရပါတယ်။
(၁) လက်သည်းပွင့်ခြင်းဟာ မျိုးရိုးလိုက်ခြင်းကြောင့်လည်း ဖြစ်တတ်ပါတယ်။ ခန္ဓာကိုယ်မှာ Calcium Deficiency လို့ခေါ်တဲ့ ခန္ဓာကိုယ်တွင်း ထုံးဓာတ်လျော့နည်းတဲ့အခါနဲ့ ဇင့် ဓာတ်ချို့တဲ့ အခါမျိုးမှာလည်း ဖြစ်ပေါ်တတ်ပါတယ်။ ဒါကြောင့် ကယ်လ်ဆီယမ်နဲ့ ဇင့်ဓာတ်ကြွယ်ဝတဲ့ အစားအစာတွေဖြစ်တဲ့ နို့နဲ့ နို့ထွက်ပစ္စည်းအမျိုးမျိုး၊ ငါးအမျိုးမျိုး၊ အစိမ်းရောင်ရှိတဲ့ အသီးအရွက်တွေနဲ့ အခွံမာသီးတွေရဲ့ အစေ့အဆန်တွေကို စားသုံးပေးသင့်ပါတယ်။
(၂) လက်သည်းပွင့်ခြင်းဟာ အမြဲလိုလိုကို ဖြစ်ပေါ်နေတယ်ဆိုရင်တော့ ဒါဟာ အစာအိမ်အားနည်းတာ ဒါမှမဟုတ် သွေးအားနည်းရောဂါ ဖြစ်ပေါ်နေတာကို ဖော်ပြနေတာဖြစ်တာကြောင့် ဆရာဝန်နဲ့ သွားရောက်တိုင်ပင် ဆွေးနွေး သင့်ပါတယ်။
(၃) လက်သည်းပွင့်ခြင်းဟာ တခါတရံမှာတော့ ခန္ဓာကိုယ်က ဗီတာမင်ဓာတ်တွေ ချို့တဲ့တာကြောင့် မဟုတ်ဘဲ လက်သည်းရဲ့ အောက်ဘက်ခြမ်းမှာ ထိခိုက်ဒဏ်ရာ တခုခုရရှိခြင်းကြောင့်လည်း ဖြစ်ပေါ်တတ်ပါတယ်။ ဒီလိုဆိုရင်တော့ စိုးရိမ်စရာမရှိဘဲ သူ့အလိုလို ပျောက်ကင်းသွားမှာပဲ ဖြစ်ပါတယ်။
(၄) ခန္ဓာကိုယ်တွင်း ဓာတ်တခုခု လျော့နည်းတာကြောင့် မဟုတ်ဘဲ လက်သည်းအတွင်းပိုင်းမှာ မှိုစွဲတာမျိုးကြောင့်လည်း လက်သည်းပွင့်ခြင်း ဖြစ်ပေါ်တတ်ပါတယ်။ ဒီလိုမျိုးဖြစ်တာကြောင့် ကျန်းမာရေးပြသနာတွေ မဖြစ်ပေါ်နိုင်ပေမယ့် မှိုစွဲ နေ တာကြောင့် လက်ကို သေချာစွာသန့်စင်ပေးဖို့ အရေးကြီးပါတယ်။
Ref. https://steptohealth.com",4.0,2.0,2.0,5.0,4.0,"The text provides clear, educational health information regarding nail health. It uses simple, logical explanations for various causes (deficiencies, injury, fungus). The language is natural Burmese, incorporating local cultural beliefs (the 'luck' superstition) and appropriate terminology, making it highly accessible and culturally relevant for a general audience."
<urn:uuid:985b693a-44aa-403d-aae3-00d0b020c3eb>,"ဒီေန႕ေတာ့ မုန္႕ပဲသရည္စာ လုပ္လိုက္အံုးမယ္ဆိုျပီး စဥ္းစားေနရင္းက ကန္စြန္းဥေတြ ၀ယ္ထားတာ သတိရတာနဲ႕ ကန္စြန္းဥဒိုးနတ္ေလး လုပ္ျဖစ္သြားပါတယ္။
ဟင္းခ်က္ မုန္႕လုပ္ေနရရင္ ေပ်ာ္ေနတတ္တဲ့ မာမာတေယာက္ ကန္ဇြန္းဥဒိုးနတ္ ကဗ်ာတပုဒ္ စပ္မိသြားေလေတာ့ စားေကာင္းလြန္းတဲ့အတြက္ ျပင္တင္ပံုေလး မ်ွေ၀လိုက္ပါတယ္။
ပါ၀င္ပစၥည္းမ်ား
- ကန္စြန္းဥ - အခြံခြာျပီးသား 200g
- White flour - 80g
- ေရ - ထမင္းစားဇြန္း ၆ဇြန္း
- ဆား - လက္ဖက္ရည္ဇြန္း ေလးပံုတပံု
- သၾကား - 200g
- ဆီ - လက္ဖက္ရည္အၾကမ္းပန္းကန္ ၄လံုး
ျပင္ဆင္ပံု
- ကန္စြန္းဥကို အခြံခြာျပီး ေရေဆးကာ ပံုပါအတိုင္း လွီးေပးပါ
- သၾကား ဆား ဆီ ဂ်ဳံမွဳန္႕ တို႕ကို ျပင္ထားပါ
- ေဇာက္နက္ေသာ အိုးအေသးတလံုးမွာ ေရကို ပြက္ပြက္ဆူေအာင္ တည္လိုက္ပါ
- ေရဆူတာနဲ႕ လွီးထားေသာ ကန္စြန္းဥကို ထည့္ျပီးျပဳပ္ေပးပါ
- ကန္စြန္းဥအေပၚ မူတည္ျပီး ျပဳပ္ခ်ိန္ ၁၀မိနစ္မွ ၁၅မိနစ္အတြင္း ႐ွိႏိူင္ပါတယ္
- ျပဳပ္ေနစဥ္ ကန္စြန္းဥကို ခရင္းႏွင့္ထိုးၾကည့္ပါ
- ေပ်ာ့လာျပီဆိုရင္ေတာ့ ေရသြန္ျပီး ပန္းကန္တခုထဲ ေျပာင္းထည့္ပါ
- ကန္စြန္းဥကို ခရင္းဖင္ဖက္ႏွင့္ ဖိဖိျပီး ေခ်ေပးပါ
- ေခ်ေနရင္း ကန္စြန္းဥမ်ား ေအးလာျပီး အသားမ်ား ေက်လာတာနဲ႕ ဆားႏွင့္ ဂ်ဳံမွဳန္႕တ၀က္ကို ထည့္ျပီး ခရင္းႏွင့္ ေမႊပါ
- အားလံုး သမသြားတာနဲ႕ က်န္ေနေသာ ဂ်ဳံမွဳန္႕ကို ထည့္ေမႊပါ
- ဂ်ဳံမွဳန္႕ႏွင့္ ကန္စြန္းဥမုန္႕သားရတာနဲ႕ ထိုမုန္႕သားကို ေစးပိုင္လာေအာင္ လက္နဲ႕ ၅မိနစ္ေလာက္ နယ္ေပးပါ
- နယ္ေနစဥ္ မုန္႕သားေပ်ာ့ေနပါက ဂ်ဳံမွဳန္႕ နည္းနည္းထပ္ထည့္ျပီး မုန္႕သားကိုင္လို႕ရေအာင္ နယ္ေပးပါ
မုန္႕သားေၾကာ္ရန္ ျပင္ဆင္ပံု
- မ်က္ႏွာျပင္ညီေသာ စားပြဲ သို႕မဟုတ္ သစ္သားျပားတခုေပၚမွာ ဂ်ဳံမွဳန္႕ အနည္းငယ္ကို ျဖန္႕ခင္းထားပါ
- မုန္႕လုပ္ျပီး တင္ရန္ ပန္းကန္ သို႕မဟုတ္ သစ္သားျပား တခုကိုလဲ ဂ်ဳံမွဳန္႕အနည္းငယ္ ျဖဴးထားပါ
- မုန္႕ေၾကာ္ျပီး တင္ရန္ paper towel ကို ၃ထပ္ေခါက္ျပီး ျပင္ထားပါ
- မုန္႕သားကို ထမင္းစားဇြန္း တဇြန္းသာသာယူျပီး လက္၀ါးထဲမွာထည့္ျပီး အရင္ဆံုး ဖိေပးပါ
- ျပီးမွ မုန္႕သားအေခ်ာင္း ႐ွည္႐ွည္ေလးရေအာင္ လက္၀ါးႏွစ္ဖက္ၾကားမွာ ပြတ္ေပးပါ
- မုန္႕သား႐ွည္႐ွည္ေလး ရတာနဲ႕ ဂ်ဳံမွဳန္႕ျဖဴးထားေသာ သစ္သားျပားေပၚတင္ကာ ၄ခ်က္ေလာက္ လွိမ့္ေပးပါ
- ဂ်ဳံမွဳန္႕ျဖဴးထားေသာ အေပၚမွာဘဲ ထိပ္ႏွစ္ဖက္ကို ေတ့ျပီး ဖိ၍ဆက္ေပးပါ
- အ၀ိုင္းေလးရျပီဆိုတာနဲ႕ ေနာက္ထပ္သစ္သားျပား တခုေပၚေျပာင္းျပီး တင္ေပးထားပါ
- မုန္႕သားကုန္တဲ့ထိ လက္ကိုဂ်ဳံမွဳန္႕သုပ္လိုက္ မုန္႕ပံုစံ၀င္ေအာင္ မုန္႕သားကုန္တဲ့ထိ လုပ္ေပးပါ
- ဆီကို ဒယ္အိုးတလံုးထဲထည့္ျပီး အပူေပးပါ
- ဆီပူလာတာနဲ႕ မီးကိုအလယ္ေလာက္ထိေလ်ွာ့ျပီးမွ မုန္႕သားမ်ားကို တခုျခင္းထည့္ေၾကာ္ပါ
- တဖက္အေရာင္ေျပာင္းလာလ်ွင္ ေနာက္တဖက္ကို လွန္ေပးပါ
- မုန္႕သားမ်ား အထဲထိက်က္ေစရန္ မၾကာမၾကာ လွန္ေပးျပီး မုန္႕သားအားလံုး ေ႐ႊအိုေရာင္ ေျပာင္းလာျပီဆိုရင္ ဆယ္ျပီး ဆီစစ္စကၠဴေပၚတင္ျပီး စစ္ေပးထားပါ
သၾကားရည္က်ဳိရန္
- ဒယ္အိုးတလံုးထဲမွာ သၾကားႏွင့္ေရကိုထည့္ျပီး အပူေပးပါ
- သၾကားမ်ား အရည္ေပ်ာ္လာပါက ေအာက္ကိုမကပ္ေစရန္ အဆက္မျပတ္ေမႊေပးပါ
- ေမႊေနရင္း သၾကားရည္ ပ်စ္လာပါက မီးကိုအလယ္ေလာက္သို႕ ေလ်ွာ့ေပးကာ ေယာင္းမႏွင့္သၾကားရည္ကို ကေလာ္ျပီး အေပၚကိုေျမွာက္ကာ အစက္ခ်ၾကည့္ပါ
- သၾကားရည္မ်ား ေျဖးေလးစြာ က်လာျပီဆိုတာနဲ႕ ေၾကာ္ထားေသာ ဒိုးနတ္မ်ားကို ထည့္ေမႊလိုက္ပါ
- ေမႊေနစဥ္ ဒိုးနတ္မွာ သၾကားမ်ားခဲျပီး ကပ္လာျပီဆိုတာနဲ႕ မီးပိတ္ျပီး ပန္းကန္ထဲေျပာင္းထည့္ပါ
- ခ်ဳိျပီးစိမ့္ေမႊးေနတဲ့ ကန္စြန္းဥဒိုးနတ္ေမႊးေမႊးေလးကို စားသံုးႏိူင္ပါျပီ။",4.0,2.0,1.0,5.0,5.0,"The document is a clear, step-by-step recipe for a traditional Burmese snack. It is highly educational for home economics, follows logical procedural steps, and uses natural, authentic Burmese culinary language and cultural context. It is clean, well-structured, and free of irrelevant noise."
<urn:uuid:527558bc-8e93-4a20-886c-04987f130ad8>,"ဆပင်စာ အက်ဒမန်
အယ်လစ်ဇဗက် ခေတ်တွင် ထင်ရှားကျော်ကြားခဲ့သော ကဗျာစာဆိုများအနက် အက်ဒမန် ဆပင်စာသည် တစ်ဦးအပါ အဝင် ဖြစ်သည်။ ၁၅၅၂ ခုနှစ်တွင် လန်ဒန်မြို့၌ ဖွားမြင်ခဲ့ သည်။ 'မားချင့်တေလာကျောင်း'မှ တစ်ဆင့် ကိန်းဘရစ်ချ် တက္ကသိုလ်ကျောင်းသို့ ကူးပြောင်း၍ ပညာသင်ယူခဲ့၏။ ၁၅၇၉ ခုနှစ် ကျောင်းမှထွက်စတွင် ဆပင်စာသည် 'သရှက်ပတ် ကယ် လင်ဒါ' ခေါ်ကဗျာကို သူ၏မိတ်ဆွေ ဆာ ဖိလစ် ဆစ်ဒနီအား ရည်ညွှန်းလျက် ရေးသားခဲ့၏။
ဆာဖိလစ်၏ ဦးရီးတော် လက်စတာမြို့စား၏ အကူအညီဖြင့် ၁၅၈ဝ ပြည့်နှစ်တွင် အိုင်ယာလန် ပြည်ဘုရင်ခံ၏ အတွင်းဝန် အဖြစ် ခန့်အပ်ခြင်းခံခဲ့ရသည်။ အိုင်ယာလန်ပြည်တွင် ပုန်ကန် ထကြွမှုများ ပေါ်ပေါက်လာသောအခါ၊ 'အိုင်ယာလန်ပြည်၏ လက်ရှိအခြေအနေနှင့် ကျွနုပ်၏အမြင်' ခေါ်စာစောင်မှာ အယ်လစ်ဇဗက် ခေတ်အိုင်ယာလန်ပြည်ကို ဖိနှိပ်သောဝါဒအား အကျိုးပြုသော စာစောင်ဖြစ်လေရာ၊ ဆပင်စာသည် ကော့ခရိုင် တွင် မြေဧက ၃ဝဝဝ နှင့် ကီလကိုမန် ရဲတိုက်ကို ဆုလပ် အဖြစ်ဖြင့် ချီးမြှင့်ခြင်းခံ ရလေသည်။
ဆပင်စာအား ကျော်စောထင်ရှားလာစေသော ကဗျာမှာ အခန်း ၁၂ ခန်းဖြင့် ဖွဲ့ဆိုသီကုံးသော 'ဖယ်ရီကွင်း'ဟူသော လင်္ကာကြီး ဖြစ်ပေသည်။ ထိုလင်္ကာ၏ ဖွဲ့ပုံဖွဲ့နည်းတို့မှာ ကဏ္ဏသုခ ဖြစ်စေသောကြောင့်၊ အင်္ဂလိပ်ကဗျာ စာဆိုအပေါင်း က ဆပ်ငစာကို ကဗျာစာဆိုတို့၏ ကဝိဟု အသိအမှတ်ပြုကြ သည်။ ထိုလင်္ကာကြီးကို ဆပင်စာသည် အိုင်ယာလန်ပြည်၌ နေထိုင်စဉ် ရေးသားစီကုံး၍၊ ဆာဝေါ်လတာရော်လီ၏ အကူ အညီဖြင့် အယ်လစ်ဇဗက်ဘုရင်မ၏ ရှေ့မှောက်သို့ဝင်ရောင်၍ ယင်းလင်္ကာကြီးကို ဆက်သခွင့်ရခဲ့သည်။ ခရစ် ၁၅၉ဝ ပြည့် နှစ်တွင် လန်ဒန်မြို့၌ ရိုက်နှိပ်ထုတ်ဝေခဲ့သည်။
ဆပင်စာသည် ၁၅၉၄ ခုနှစ်တွင် အယ်လစ်ဇဗက် ဗွိုင်းနှင့် လက်ထပ်ထိမ်းများ၍၊ ကီလကိုမန်ရဲတိုက်၌ ဆက်လက် နေထိုင် ခဲ့သည်။ သို့သော် အိုင်ယာလန်ပြည်နှင့် စပ်လျဉ်းသော သူ၏ ပြင်းထန်သည့် ဖိနှိပ်ရေးအယူအဆတို့ကြောင့် အိုင်ရစ်သူပုန်များ ထကြွလာသောအခါ၊ ဆပင်စာသည် သူ၏ဇနီးနှင့်အတူ လက် လွတ်ထွက်ပြေးရသည်။ နေထိုင်ရာ ရဲတိုက်မှာလည် သူပုန်တို့ မီးတင်ရှို့ဖျက်ဆီးခြင်းကို ခံရသည်။ သူပုန်ရန်မှ ထွက်ပြေး တိမ်းရှောင်၍၊ လန်ဒန်မြို့သို့ ပြန်ရောက်ပြီး တစ်လမျှအကြာ တွင်၊ ၁၅၉၉ ခုနှစ် ဇန္နဝါရီလ ၁၃ ရက်နေ့၌ ဆပင်စာ ကွယ်လွန်အနိစ္စရောက်လေသည်။ သူ၏ရုပ်ကလာပ်ကို ဝက်စမင်စတာ အက်ဗေးတွင် သင်္ဂြီုဟ်မြှုပ်နှံထားသည်။[၁]
ကိုးကား[ပြင်ဆင်ရန်]
- မြန်မာ့စွယ်စုံကျမ်း၊ အတွဲ(၄)",4.0,2.0,3.0,4.0,3.0,"The text is a biographical summary of Edmund Spenser, suitable for educational purposes. It provides historical facts and context in a coherent, structured manner. It is written in natural Burmese, reflecting the style of an encyclopedia entry, though it lacks complex analytical reasoning or deep cultural nuance beyond standard biographical reporting."
<urn:uuid:ef04684b-e7fd-4498-a1c5-4bd694635b98>,"ေက်ာက္ဖရံုသီးမွာ ဗီတာမင္ B1,B3, C ပါ၀င္ၿပီး သတၱဳဓါတ္ေတြျဖစ္တဲ့ ကယ္လ္ဆီယမ္၊ ဆိုဒီယမ္၊ ဇင့္စ္၊ သံဓါတ္၊ ေဖာ့စ္ေဖာရပ္စ္၊ မဂၢနစ္၊ ေၾကးနီ၊ မဂၢနီဆီယမ္၊ ဆယ္လီနီယမ္နဲ႔ ပိုတက္ဆီယမ္ဓါတ္ေတြပါ၀င္ပါတယ္။ ပိုတက္ဆီယမ္ဓါတ္ပါ၀င္မႈျမင့္မားလို႔ ေသြးဖိအားကို ထိန္းထားေပးႏိုင္ပါတယ္။ ေရဓါတ္ ၉၆% ပါ၀င္တဲ့အသီးျဖစ္ပါတယ္။
ကိုယ္ခံအားစနစ္ေကာင္းမြန္ေစျခင္း
ဗီတာမင္ C ပါ၀င္လို႔ ကိုယ္ခံအားစနစ္ကိုျမင့္တင္ေပးႏိုင္ၿပီး အေအးမိဖ်ားနာျခင္းေတြ ဗိုင္းရပ္စ္ပိုး အလြယ္တကူကူးစက္ျခင္းကေန ကာကြယ္ေပးႏိုင္ပါတယ္။
ေလျဖတ္ႏိုင္ေခ်ကို ေလွ်ာ့ခ်ေပးျခင္း
ဗီတာမင္ C ပမာဏမ်ားမ်ားစားသံုးတဲ့သူေတြဟာ ေလျဖတ္ႏိုင္ေခ်ကို ၄၂% ထိေလွ်ာ့ခ်ေပးပါတယ္။ ေက်ာက္ဖရံုသီးမွာ ဗီတာမင္ C ၁၉.၁၁% ပါ၀င္ၿပီး ေလျဖတ္ႏိုင္ေခ်ကိုေလွ်ာ့ခ်ေပးႏိုင္ပါတယ္။
ေခါင္းကိုက္ျခင္းကို သက္သာေစျခင္း
ဗီတာမင္ B2 ပါ၀င္လို႔ ေခါင္းကိုက္ေ၀ဒနာကို သက္သာေပ်ာက္ကင္းေစပါတယ္။ ေခါင္းတျခမ္းတည္းမၾကာခဏကိုက္တာဟာ ဗီတာမင္ B2 စားသံုးမႈနည္းပါးလို႔ျဖစ္ၿပီး ေက်ာက္ဖရံုသီးမွာ ဗီတာမင္ B2 ပါ၀င္လို႔ ေခါင္းကိုက္ေ၀ဒနာျဖစ္ပြားျခင္းကေနကာကြယ္ေပးပါတယ္။
မ်က္လံုးက်န္းမာေရး
ဗီတာမင္ B2 ဟာ မ်က္လံုးကို က်န္းမာအားေကာင္းေစပါတယ္။ မ်က္လံုးေ၀၀ါးတာ အျမင္အာရံုေ၀၀ါးျခင္းကို ကာကြယ္ေပးႏိုင္ပါတယ္။
စြမ္းအင္ျပည့္၀ေစျခင္း
အာရံုေၾကာ ဦးေႏွာက္ အစာေခ်စနစ္ ေဟာ္မုန္း လုပ္ေဆာင္မႈေတြအတြက္ လုိအပ္တဲ့ ဗီတာမင္ B ပါ၀င္ပါတယ္။ ဒါ့ေၾကာင့္လည္း စြမ္းအင္ျပည့္၀ေစပါတယ္။
အစာေခ်စနစ္
အစာေခ်စနစ္ကိုေကာင္းမြန္ေစတဲ့ အမွ်င္ဓါတ္ေတြၾကြယ္၀စြာပါ၀င္ပါတယ္။ အစာေခ်လမ္းေၾကာင္းကို သန္႔စင္ေပးႏိုင္လို႔ အူမႀကီးကင္ဆာ ျဖစ္ပြားမႈကေန ကာကြယ္ေပးႏုိင္ပါတယ္။
ႏွလံုးက်န္းမာေရး
အမွ်င္ဓါတ္ေတြဟာ ကိုလက္စထေရာနဲ႔ အဆီစုပ္ယူမႈကို ေလွ်ာ့က်ေစလို႔ ခႏၱာကိုယ္အတြင္းက ကိုလက္စထေရာေတြကိုလည္း သန္႔စင္ေပးႏုိင္ပါတယ္။ ဒါ့ေၾကာင့္လည္း ႏွလံုးကို က်န္းမာေစပါတယ္။",4.0,2.0,2.0,5.0,3.0,"The text provides clear, structured health benefits of wax gourd, suitable for general education. It uses basic causal reasoning to link nutrients to health outcomes. The language is natural Burmese, using appropriate terminology for health and nutrition, and is free of noise or formatting issues, making it a clean and informative resource."
<urn:uuid:d2668075-467d-4aab-95db-7d52f0a4b75f>,"ဟက်ဇ်
|Hertz|
|အတိုင်းအတာစနစ်||SI derived unit|
|ယူနစ်၏||ကြိမ်နှုန်း|
|သင်္ကေတ||Hz|
|အမည်ပေး||ဟိန်းနရစ်ချ် ဟတ်ဇ်|
|In SI base units||s−1|
ဟက်ဇ် (သင်္ကေတ - Hz) သည် ကြိမ်နှုန်း (frequency) ၏ ယူနစ် ဖြစ်သည်။ ၎င်းယူနစ်သည် SI ယူနစ် ဖြစ်သည်။ ဟိန်းနရစ်ချ် ဟတ်ဇ် (Heinrich Rudolf Hertz) ၏ အမည်မှ ဤယူနစ် ဖြစ်ပေါ်လာခြင်း ဖြစ်သည်။ Heinrich Rudolf Hertz သည် လျပ်စစ်သံလိုက်လှိုင်းများ၏ ဖြစ်တည်မှုကို တွေ့ရှိခဲ့သည့် ပထမဆုံးပုဂ္ဂိုလ် ဖြစ်သည်။ Hetz ကို kilohertz (103Hz, kHz), megahertz (106Hz, MHz), gigahertz (109Hz, GHz), terahertz (1012Hz,THz), petahertz (1015Hz, PHz), and exahertz (1018Hz, EHz) စသည်ဖြင့် အမျိုးမျိုး ဖော်ပြသုံးစွဲလေ့ ရှိသည်။
အချို့သော ယူနစ်များသည် sine waves နှင့် ဂီတဆိုင်ရာ tones များကို ဖော်ပြရန် အသုံးပြုသည်။ အထူးသဖြင့် ရေဒီယိုနှင့် အသံဆိုင်ရာတို့တွင် ဖော်ပြသုံးစွဲလေ့ရှိသည်။ ထို့ပြင် ကွန်ပျူတာနှင့် အခြားသော လျှပ်စစ်ပစ္စည်းများ၏ အလုပ်လုပ်ဆောင်နိုင်စွမ်းကို ဖော်ပြရန်အတွက်လည်း အသုံးပြုသည်။
ကွန်ပျူတာ[ပြင်ဆင်ရန်]
ကွန်ပျူတာများတွင် CPU ၏ Clock rate ကို ဖော်ပြရာတွင် hertz ဖြင့် ဖော်ပြသည်။",4.0,1.0,2.0,4.0,1.0,"The document provides clear, educational definitions of the Hertz unit and its applications. It is well-structured and clean, though it lacks complex reasoning or deep cultural nuance. It functions as a standard encyclopedic entry, making it accessible to a general audience while maintaining factual accuracy."
<urn:uuid:10b02ef9-878a-489c-bc2f-1f0e56d487cb>,"ဘိက္ခုနီ
ဘိက္ခုနီဟူသော အမည်သည် ပါဠိအမည်ဖြစ်၏။ မြန်မာပြန်ဆိုလျှင် ရဟန်းမိန်းမဟု အဓိပ္ပာယ်ရ၏။
ထိုရဟန်းမိန်းမ ကား မြတ်စွာဘုရား လက်ထက် တော်ကပင် ရှိခဲ့၏။ မိထွေးတော် ဂေါတမီသည် သာကီဝင် မင်းသမီး ငါးရာနှင့်တကွ ရှေးဦးစွာ ရဟန်းပြု၏။ နောက် အဆင့်ဆင့် ပွားများလာ၍ သာသနာ တော်တွင် ရဟန်းမိန်းမ သာသနာ ရဟန်းမိန်းမသံဃာဟု သီးခြားဖြစ်လာသည်။ ထိုစဉ်အခါက မဇ္ဈိမဒေသတွင် ရဟန်းမိန်းမတို့သည် အလွန်များကုန်၏။
သာသနာနှစ် ၂၃၅ ခုသို့ရောက်သောအခါ အရှင်မဟာမောဂ္ဂလိ ပုတ္တတိဿ မထေရ်သည် တတိယ သင်္ဂါယနာတင်ကြီး ကိုးတိုင်းကိုးဌာနသို့သာသနာပြု စေလွှတ်တော်မူရာ အရှင်မဟိန္ဒမထေရ်သည် သီဟိုဠ်ကျွန်းသို့ သာသနာပြု ကြွတော်မူ၏။ ထိုအခါ အနုဋ္ဌာဒေဝီသည် သတို့သမီးငါးရာ၊ နန်းတွင်းသူ ငါးရာအားဖြင့် နောက်ပါ မိန်းမတစ်ထောင်နှင့်တကွ ရဟန်းပြုသဖြင့် သီဟိုဠ်ကျွန်း၌ ရဟန်းမိန်းမ သာသနာပြန့်ပွားထွန်းကားခဲ့သည်။
အရှင်ယောနက ဓမ္မရက္ခိတ မထေရ်သည် မြန်မာနိုင်ငံ အထက်ပိုင်း အပရန္တတိုင်း ( သုနာပရန္တတိုင်း ) သို့သာသနာ ပြု ကြွလာတော်မူ၏။ ထိုအခါ အမျိုးသမီး ခြောက်သောင်းတို့ သည် ရဟန်းပြုသဖြင့် အပရန္တတိုင်း၌ ရဟန်းမိန်းမ သာသနာ ပြန့်ပွားထွန်းကားခဲ့သည်။
အရှင် သောဏမထေရ်နှင့် အရှင်ဥတ္တရ မထေရ်တို့ သည် မြန်မာနိုင်ငံ အောက်ပိုင်း သုဝဏ္ဏဘူမိတိုင်း သထုံပြည် သို့သာသနာပြု ကြွလာတော်မူကြ၏။ ထိုအခါ အမျိုးသမီး တစ်ထောင့်ငါးရာ တို့သည် ရဟန်းပြုကြသဖြင့် ရဟန်းမိန်းမ သာသနာ ပြန့်ပွားထွန်းကားခဲ့သည်။ ( အခြားဌာနတို့၌ ရဟန်း မိန်းမ သာသနာ ပြန့်ပွားထွန်း ကားခြင်း မရှိ၊ ရဟန်း ယောကျာ်း သာသနာသာ ပြန့်ပွားထွန်းကားခဲ့သည်။ )
ဤသို့မြန်မာနိုင်ငံ အထက်ပိုင်း၊ အောက်ပိုင်းတို့၌ သာသနာနှစ် ၂၃၅ ခုလောက်က ပြန့်ပွားထွန်းကား ခဲ့သော် လည်း သာသနာနှစ် ၁၆ဝ၁ ခုတွင် ပုဂံပြည် နော်ရထာ မင်းစောသည် သထုံပြည်သို့ချီတက်၍ ပိဋထကတ် တော်တို့ကို ပင့်သောအခါ၌ ဓာတ်တော်မွေတော် ပိဋထကတ်တော်အစုံ သုံးဆယ်နှင့် ပိဋထကတ်ကျမ်းဂန် တတ်မြောက်သော အရိယာ သံဃာတော် တစ်ထောင်တို့ကို ပင့်ဆောင်သည်ဟုမဟာရာဇဝင် ကြီးနှင့် သာသနာလင်္ကာရ၌ အဆို ရှိသဖြင့် ထိုစဉ်အခါက ရဟန်းမိန်းမ မပါလာသည့်ပြင် ပုဂံပြည်၌ ရဟန်းယောကျာ်း များပင် အဆက်ပြတ်၍ မရှိ တော့ကြောင်း ထင်ရှားသည်။
ထိုအတွက် မဇ္ဈိမဒေသ၌ ရဟန်းမိန်းမ သာသနာသည် နှစ်ပေါင်းမည်မျှလောက် တည်ရှိ၏ဟု ခန့်မှန်း နိုင်သော်လည်း မြန်မာနိုင်ငံ၌ကား နှစ်ပေါင်း တစ်ထောင် သို့မဟုတ် တစ်ထောင်ကျော်မျှလောက်သာ တည်ရှိ လိမ့်မည်ဟု ခန့်မှန်း နိုင်သည်။ ပိဋကတ်ကျမ်းဂန် တတ်မြောက်သော ဆရာတော် ကြီးတို့ကလည်း ရဟန်းမိန်းမ သာသနာကား နှစ်ပေါင်း တစ်ထောင်လောက်သာ တည်ရှိ၏ဟု အမိန့်ရှိသည်ကို ကြားရ ဘူး၏။[၁]
ဂရုဓံရှစ်ပါး[ပြင်ဆင်ရန်]
မြတ်စွာဘုရားသည် ရဟန်းမများအတွက် ပညတ်ထားသည့် ဂရုဓံရှစ်ပါး ဖြစ်သည် —
(၁) ရဟန်းမသည် ဝါတစ်ရာပင်ရသည်ဖြစ်စေ ယနေ့မှဖြစ်သော ရဟန်းသစ်ကို ရှိခိုးရမည်။ ခရီးဦး ကြိုဆိုရမည်။ လက်အုပ်ချီရမည်။ အရိုအသေပေးရမည်။
(၂) ယူဇနာဝက်အတွင်း၌ ရဟန်းတစ်ပါးမှ မရှိသော ကျောင်းတွင် ဝါမဆိုရ။
(၃) ရဟန်းသံဃာထံသို့ လပြည့်လကွယ်နေ့တိုင်း ဥပုသ်အမေး သွားရမည်။ ဩဝါဒခံယူရန် သွားရမည်။
(၄) ဝါကျွတ်ပြီးသော ရဟန်းမသည် ရဟန်းနှင့် ရဟန်းမ သံဃာနှစ်ရပ်လုံး၌ ကိုယ်တိုင်သိမြင်သော၊ တစ်ဆင့်ကြားသော၊ ယုံမှားသင်္ကာရှိသော အပြစ်အာပတ်များကို ထုတ်ဖော်ပြောဆိုရန် ပန်ကြားရမည်။
(၅) ဂရုက အာပတ်ကြီးများသင့်သော ရဟန်းမသည် သံဃာနှစ်ရပ်လုံး၌ ပက္ခမာနတ် ကျင့်ရမည်။
(၆) ဝိကာလ ဘောဇနတိုင်အောင် သိက္ခာပုဒ်ခြောက်ခုကို နှစ်နှစ်တိုင်တိုင် ကျင့်ခဲ့ပြီးသော သိက္ခာမာန်ကို သံဃာနှစ်ရပ်၌ ရဟန်းခံနိင်ရန် ကြိုးစားအားထုတ်ရမည်။
(၇) မည်သို့သော အကြောင်းရှိသည်ဖြစ်စေ ရဟန်းမသည် ရဟန်းကို မဆဲရေးရ၊ ရေရွတ်တိုင်းထွာခြင်း မပြုရ။
(၈) ရဟန်းမတို့က ရဟန်းတို့အပေါ် ပြောဆိုခွင့် မရှိပေ။ ရဟန်းမများအပေါ်တွင်ကား ရဟန်းတို့က ပြောခွင့်ရှိသည်။[၂]
ကိုးကား[ပြင်ဆင်ရန်]
- မြန်မာ့စွယ်စုံကျမ်း၊ အတွဲ(၈)
- ဝဏ္ဏသီရိ. ညီတော်အာနန္ဒာ၏ တစ်သက်တာမှတ်တမ်း, ပထမတွဲ။",4.0,3.0,3.0,4.0,5.0,"The text provides a clear, historical, and religious overview of the Bhikkhuni order in Myanmar. It is well-structured, uses formal Burmese, and cites reliable sources like the Myanmar Encyclopedia. It is highly educational and culturally authentic, though it functions more as an informative summary than a complex analytical piece."
<urn:uuid:fe75d3a2-d1df-4432-abe0-498ad0c57598>,"အားလုံးပဲမင်္ဂလာပါ။ ဒီနေတော့ အပြင်မှာခဏခဏထွက်စားခြင်းရဲ့ အမှန်တကယ်ကုန်ကျစရိတ် ဆိုတာတွေးနိုင်အောင်ပြောပြပါမယ်။ အခုခေတ်မှာ အပြင်မှာသွားစားလို့ရတဲ့စားသောက်ဆိုင်တွေ ပေါများလာပါတယ်။ မနက်နေ့လည်ညနေစာတွေကို အားလုံးဝယ်စားသွားနိုင်ပါတယ်။ အပြင်မှာ ဝယ်စားရခြင်းဟာ အိမ်မှာ ချက်ပြုတ်ရတာထက် လွယ်ကူလျှင်မြန်တယ်။ အလုပ်များနေချိန်/မအားချိန်မှာ ထမင်းဟင်းအိမ်မှာချက်ပြီး ပန်းကန်ဆေးရှင်းလင်းဖို့ထက် ပိုလက်တွေ့ကျတယ်လို့ထင်စရာပါဘဲ။
တစ်ပတ်မှာ ၁၀ ကြိမ်ထွက်စားတယ်။ တစ်ယောက်ထဲဝယ်စားတယ်။ အပေါင်းအသင်းတွေခေါ်လို့သွားတယ်။ သူငယ်ချင်းနဲ့တွေ့ဆုံအောင်ထွက်စားတယ် စသည်ဖြင့်အမြဲတမ်း အပြင်ကပဲဖြစ်နေဖို့ ရှိကြပါတယ်။ တစ်ခါစားရင် အနည်းဆုံး ၃၀၀၀ ကနေ ၅၀၀၀ ကျပ်။ ဒါတောင်အရက်တွေဆေးလိပ်တွေအတွက် ထည့်မတွက်ထားဘူး။ တစ်နှစ်ဆိုရင် အတွင်း ၁ သိန်းခွဲကနေ ၃ သိန်းနည်းပါသုံးနေပြီ။ အဲဒါကကိုယ့်တစ်လစာရဲ့ လစာ တဝက်စာအထိ ရှိနေနိုင်တယ်ဆိုတာသတိထားမိလား။
စားသောက်ဆိုင်ဆိုတာကလည်း စီးပွားရေးလုပ်ငန်းဖြစ်တဲ့အတွက် ကုန်ကျစရိတ်အမှတ်အသားတက် ပိုယူထားတာတွေရှိပါတယ်။ အစားအစာတစ်ပွဲဆိုရင် တကယ်ကုန်ကျတာက ၁၀၀၀ ကျပ် ဝယ်စားသူကပေးလိုက်ရတာက ၃၀၀၀ ကျပ် ရှိနိုင်ပါတယ်။ အိမ်မှာချက်စားတာနဲ့တော့ အရသာမတူနိုင်ပေမယ့် ၃ ဆ လောက်အထိပိုပေးရဖို့ ဖြစ်နိုင်တယ်။ ပြီးတော့ဝန်ဆောင်ခနဲ့ ထပ်တိုးအခွန်ခတွေလဲပေးရပါအုံးမယ်။
ပမာဏအများကြီးမဟုက်သော်လည်း သင်က သင်တန်းတက်ချင်နေတာတွေ၊ ငွေစုပြီး ကိုယ်ပိုင်အလုပ်အသေးစားစတင် တည်ထောင်ချင်နေတာတွေ၊ အလုပ်အပြောင်းအလဲရှာချင်ပေမယ့် အလုပ်ရပ်ရင်ငွေမရှိတဲ့အတွက်အချိန်မပေးနိုင်တတွေ၊ မိသားစုကို နှစ်စဉ်ထောက်ပံ့ပေးချင်တာတွေ၊ အရေးပေါ်ကိစ္စတွေအတွက် ငွေဖယ်ထားချင်တာတွေမှာ အပြင်မှာကုန်ကျမယ့်ငွေတွေကို စုဆောင်းလို့ရပါတယ်။ ဒါကြောင့် အမြဲတန်းအပြင်မှာ ထွက်မစားပဲ တခြားနည်းလမ်းရှာဖွေကြည့်လိုက်ပါ။ တစ်ပတ် ၁၀ ခါသွားဖြစ်နေရင် ၃-၄ ခါပဲသွားကြည့်ပါ။ အရောင်းလျှော့ ဈေးမြှင့်တင်ရေးပုံစံမျိုးတွေပြုလုပ်နေတဲ့ဆိုင်တွေကို ရှာပြီးထွက်စားပါ။ ကိုယ့်လက်ထဲမှာလစာရပြီးရင် ချက်ချင်းမကုန်ပဲ ပိုကျန်နေတာတွေ့ပါလိမ့်မယ်။ တစ်ချိန်ချိန်မှာ ဒီလိုစုထားနိုင်တဲ့ငွေဟာ သင့်အနာဂတ်အတွက် ပြန်အသုံးဝင်မှာပါ။
လူငယ်တွေအများစုပြောကြတယ်။ ဘာရှေ့ဆက်လုပ်ရမလဲလမ်းပျောက်နေတယ်။ အလုပ်မှာလဲမပျော်ဘူး။ ထွက်လိုက်ရင်လဲစုထားတဲ့ငွေမရှိ မိသားစုကိုလဲပေးဆပ်ဖို့ရှိတဲ့အတွက် ဘဝမှာတစ်နေတယ်လို့ခံစားရတယ်။ ဒီလိုအသုံးစရိတ်လျှော့နိုင်မယ်ဆိုရင် ဒါတွေဟာသင့်အတွက်လမ်းတစ်ခုခုဖွင့်ပေးနိုင်တဲ့အတွက် (ဥပမာအားဖြင့် တခြားအသက်မွေးဝမ်းကြောင်းသင်တန်းခတွေ အိမ်ဆိုင်လေးဖွင့်တာ online shopping စလုပ်တာ ၊ဖုန်းကဒ်အရောင်းအဝယ်လုပ်တာ စသည်ဖြင့် အသေးစားလုပ်ငန်းလေးတွေအတွက် အရင်းအနှီးလေးတွေ ဖြစ်နိုင်လာနိုင်ပါတယ်။ အပြင်မှာထွက်စားရင် ပိုက်ဆံကုန်ကျရုံတင်မကပါဘူး တခြားအကျိုးဆက်အနေနဲ့ကုန်ကျနိုင်တဲ့ ကုန်ကျစရိတ်တွေရှိနေတယ်ဆိုတာ သိကြဖို့ ပြောပြတာဖြစ်ပါတယ်။
ကျပ် ၃၀၀၀ တန် bubble tea ကိုနေ့တိုင်းဝယ်သောက်ရင် တစ်နှစ်ကြာတဲ့အခါ ၁၀ သိန်းမကသုံးဖြစ်နေပြီဆိုတာ စိတ်ထဲမှာမှတ်ထားဖို့ပြောရင်းနဲ့အဆုံးသတ်ပါရစေ။ မလိုအပ်တဲ့ နေရာတွေမှာ ငွေကြေးကို မကုန်ကျစေခြင်းအားဖြင့် အပိုငွေတွေကို စုဆောင်းထားနိုင်ကြပါစေ။ စာဖတ်သူ အားလုံး အသုံးစရိတ်ကုန်ကျမှုတွေကို အစဥ်အမြဲ သတိထားနိုင်ကြပါစေ။
Source: Mother Finance",4.0,3.0,2.0,5.0,4.0,"The text provides practical financial advice relevant to daily life in Myanmar. It uses logical arguments to connect spending habits with long-term financial goals. The language is natural, culturally appropriate, and well-structured, making it accessible to a general audience while offering actionable insights for personal finance management."
<urn:uuid:960cf517-7c67-4e40-aad8-be8dfaa8d9f0>,"တိုင်းဂရစ်မြစ်
တိုင်းဂရစ်မြစ်သည် မိုင်ပေါင်း ၁၁၅၀ မျှရှည်လျားသည်။ မိုဆူမြို့မှ အောက်သို့ ၂၁ ရာသီပတ်လုံး သဘေင်္ာများ ဆန် တက်သွားလာနိုင်၏။ အာရှတိုက်အနောက်ပိုင်းရှိ ကူးဒစ္စ တန်တောင်တန်းများမှာ မြစ်ဖျားခံ၍ စီးဆင်းခဲ့ရာ မြစ်ညာတွင် အရှေ့ဘက်မှစီးဝင်သော မြစ်လက်တက်များ၏ ရေလုံးအားကြီး သဖြင့် ရေစီးသန်၏။
ထိုနောက် ကော်နာမြို့တွင် ယူဖရေးတီး မြစ်နှင့် ပေါင်းဆုံကာ ရှက်တတယ်အာရပ်အမည်ဖြင့် ပါရှင်း ပင်လယ်ကွေ့ထဲသို့ စီးဝင်လေသည်။ ရှေးခေတ်က ဗက်ဗီလုံးနှင့် အဆီးရီးယန်း အင်ပိုင်ယာနိုင်ငံကြီးများတွင် ထင်ရှား ခဲ့သော မြစ်ဖြစ်၍ ရှေးဟောင်းမြို့ကြီးများမှာ ဤမြစ်ပေါ်၌ တည်ရှိခဲ့၏။
ယခုခေတ် မြို့ကြီးများဖြစ်သော ဗာဆရာ၊ ဗဂ္ဂဒက်နှင့် မိုဆူစသော မြို့ကြီးများသည်လည်း ဤမြစ်ကမ်းပေါ်တွင် တည် ရှိလေသည်။ ပထမ ကမ္ဘာစစ်ကြီးအတွင်းတွင် ဂျာမန်တို့က တိုင်းဂရစ်မြစ်နှင့် ယူဖရေးတီး မြစ်နှစ်သွယ်ကြားရှိ မြေဩဇာ ကောင်းသောနယ်ကို သိမ်းပိုက်ရန်ကြိုးစားသဖြင့် ဗြိတိသျှတို့က ဝင်ရောက်သိမ်း ပိုက်ခဲ့၇လေသည်။ ရှေးခေတ်မှစ၍ ယနေ့တိုင် အောင်ပင် ဤမြစ်မှရေကို တူးမြောင်းများဖြင့် သွယ်ယူ၍ ကောက်ပဲသီးနှံများကို စိုက်ပျိုးကြလေသည်။
ကိုးကား[ပြင်ဆင်ရန်]
မြန်မာ့စွယ်စုံကျမ်း အတွဲ ၅။",4.0,2.0,3.0,4.0,3.0,"The text provides a clear, educational overview of the Tigris River, suitable for middle-school geography. It uses natural Burmese, references the Myanmar Encyclopedia, and maintains a formal, informative tone. It lacks complex multi-step reasoning but is well-structured and free of significant noise, despite the minor 'edit' boilerplate at the end."
<urn:uuid:7b28b79f-c6fc-48f5-8aa1-dba838fa93db>,"ပိုက်ဆံဟာ ကျွန်တော်တို့နေ့စဉ်ဘဝအတွက် မရှိမဖြစ်အရာပါ။ အမြဲတမ်းသုံးစွဲနေရတဲ့ ဒီပိုက်ဆံကို မှန်မှန်ကန်ကန် အသုံးချတတ်ဖို့ လိုအပ်ပါတယ်။ ဒီလိုမှ မဟုတ်ရင်တော့ ပေါ်သမျှအသစ် အ သစ်သော အရာတွေကို ဝယ်ယူရင်း သင်ဟာ ငွေကြေးဆိုင်ရာ သောက တွေများလာရမှာ ဧကန်ပါပဲ။
ဒီတော့ ကျွန်တော်တို့ရဲ့ ပိုက်ဆံတွေကို ဘယ်နေရာမှာ သုံးသင့်ပြီး ဘယ်နေရာမှာ မသုံးသင့်ဘူးလဲ။ပိုက်ဆံကို အရမ်းမသုံးသင့်တဲ့နေရာ(၅)မျိုးကတော့ –
၁။ အီလက်ထရောနစ် ပစ္စည်းများ –
ယနေ့အခါ အီလက်ထရောနစ်ပစ္စည်းတွေဟာ ကျွန်တော်တို့ဘဝတွေအတွက် မရှိမဖြစ်အရာတွေပဲ ဖြစ်ပါတယ်။ ဒါပေမယ့် ဒီပစ္စည်းတွေကို လိုအပ်တာထက် ပိုပြီး မဝယ်ယူသင့်ပါဘူး။
နေ့တိုင်းနေ့တိုင်း အသစ်အသစ်တွေ ထွက်ရှိလာတာကြောင့်ပဲဖြစ်ပါတယ်။ ဒီတော့ အသစ်တွေထွက်တိုင်း မဝယ်ယူပဲ သင့်တော်တဲ့ပစ္စည်းတွေကို ဝယ်ယူရင်း အချိန်တစ်ခုထိသုံးသင့်ပါတယ်။
၂။ အိမ်အလှဆင် ပစ္စည်းများ –
လူတိုင်းကတော့ကိုယ်အိမ်လေးကိုလှချင်ကြတာပါပဲ။ ဒါပေမယ့်အခြားသူတွေရဲ့အပြင်အဆင်တွေကိုတွေ့တိုင်း၊ စာအုပ်တွေထဲမှာမြင်ရတိုင်း လိုက်လံပြောင်းလဲဖို့တော့ မကြိုးစားသင့်ပါဘူး။ တော်ရုံပဲ အသုံးပြုသင့်ပါတယ်။
၃။ Fancy လက်ဝတ်ရတနာများ –
လက် ပတ်နာရီနဲ့အခြား Fancy လက်ဝတ်ရတနာတွေဟာ လည်းနေ့စဉ်ဘဝအတွက် လိုအပ်ပါတယ်။ ဒါပေမယ့် ဒီအရာတွေကိုလည်း ချင့်ချိန်ပြီးမှ ဝယ်ယူသင့်ပါတယ်။
၄။ အသစ်အသစ်သော fashion ပစ္စည်းများ –
အရာအရာတိုင်းအသစ်အသစ်တွေထွက်နေသလိုဒီ fashion အသုံး အဆောင်တွေဟာလည်းပိုလို့တောင်ထွက်ရှိနေပါသေးတယ်။သဘောကျတိုင်း၊အသစ်ထွက်တိုင်း အလွန်အမင်း ဝယ်ယူဖို့ မသင့်ပါဘူး။
၅။ ကားများ –
ကားတွေဟာလည်းအလွန်အမင်းဝယ်ယူသင့်တဲ့အရာထဲမှာမပါပါဘူး။ဒီနေ့ဝယ်လိုက်တဲ့ကားဟာမနက်ဖြန်မှာမော်ဒယ်အောက်သွားပါပြီ။ ကိုယ်ဝယ်စဉ်ကဈေးကြီးကြီးပေးဝယ်ခဲ့တဲ့ဒီအရာတွေဟာမစီးချင်လို့ပြန်ရောင်းတဲ့အခါမှာအလွန်အမင်းဈေးကျသွားတာ အားလုံးသိတဲ့အတိုင်းပါပဲ။ ဒါကြောင့် ဒီအရာတွေအတွက်လည်း ငွေအရမ်းကြီး မသုံးသင့်ပါဘူး။
ပိုက်ဆံသုံးသင့်တဲ့အရာ(၅)မျိုးကတော့ –
၁။ ပညာရေး –
ကျွန်တော်တို့ဘဝတွေ တစ်ဆင့်ကနေ တစ်ဆင့်တိုးတက်ဖို့ အတွက် ကိုယ်နဲ့သက်ဆိုင်တဲ့ပညာ အသီးသီးကို ကျွန်တော်တို့လိုအပ်ကြပါတယ်။ တစ်ချို့သင်တန်းတွေဟာ ဈေးကြီးတယ်လို့ ထင်ရပေမယ့် ကိုယ့်အတွက်လိုအပ်တယ်ဆိုရင်တက်သင့်ပါတယ်။ ဒီနေရာမှာတော့ ပိုက်ဆံကိုချွေတာနေဖို့မလိုအပ်ပါဘူး။
၂။ ခရီးသွားခြင်း –
ခရီးတစ်ခုသွားရင် ပိုက်ဆံတော်တော်ကုန်တတ်ပါတယ်။ ဒါပေမယ့် ဒီလိုခရီးထွက်ခြင်းက စိတ်ကိုအပန်းပြေစေတဲ့အပြင် ကုန်သွားတဲ့ပိုက်ဆံထက်ပိုပြီး တန်ဖိုးရှိတဲ့ လွတ်လပ်လန်းဆန်းခြင်းနဲ့ ဒေသန္တရ ဗဟုသုတတွေ၊အတွေးအခေါ်သစ်တွေကိုပါ ရရှိစေနိုင်တဲ့အတွက်ဒီနေရာမှာလည်း ပိုက်ဆံကိုသုံးဖို့လိုအပ်ပါတယ်။
၃။ ဂီတ –
ဂီတဆိုင်ရာတူရိယာ တစ်ခုခုတီးဖို့ သင်ကြားဖို့ပဲဖြစ် ဖြစ်၊သီချင်းခွေနဲ့အခြားဂီတဆိုင်ရာ ပစ္စည်းတွေ ဝယ်တဲ့နေရာမှာတော့ ပိုက်ဆံကိုသုံးသင့်ပါတယ်။ ကျွန်တော်တို့တတွေ အမြဲတမ်းအလုပ်ချည်းပဲ လုပ်နေလို့ မဖြစ်နိုင်ပါဘူး။
တစ်ခါတစ်ရံမှာတော့ စိတ်အပန်းပြေစေဖို့အတွက် ဂီတဟာ မရှိမဖြစ်လိုအပ်တဲ့အတွက်ကြောင့် ဒီနေရာမှာလည်း သင့်ပိုက်ဆံကို သုံးလိုက်ပါ။
၄။ စာအုပ်များ –
စာအုပ်တွေဟာ ရတနာတွေထက် ပိုပြီးတန်ဖိုးရှိပါတယ်။ဒီစာအုပ်တွေထဲကနေ ကျွန်တော်တို့အတွက် အဖိုးမဖြတ်နိုင်တဲ့ သုတ ရသ တွေကိုရရှိနိုင်တဲ့အတွက်ကြောင့်ပါ။ ဒါ့ကြောင့် တန်ဖိုးရှိတဲ့ စာအုပ်တွေဝယ်ဖို့အတွက်သင့်ရဲ့ငွေကိုသုံးလိုက်ပါ။၅။ ကျန်းမာရေး – ကျန်းမာရေးဟာ ကျွန်တော်တို့ဘဝအတွက် အရေးကြီးဆုံးအရာပဲဖြစ်ပါတယ်။ အဲ့ဒီတော့ ကျန်းမာရေးနဲ့ပါတ်သတ်တဲ့ သင်တန်းတစ်ခုခုတက်တာပဲဖြစ် ဖြစ်၊ဆေးဝါးနဲ့အခြားကျန်းမာစေမယ့် အစားအစာတွေစားတာပဲဖြစ်ဖြစ် ဝယ်ယူတဲ့နေရာမှာလည်း ပိုက်ဆံကိုအသုံးချသင့်ပါတယ်။",4.0,2.0,1.0,5.0,4.0,"The text provides practical, coherent advice on personal finance management suitable for a general audience. It uses natural Burmese phrasing and logical categorization. While the reasoning is straightforward rather than complex, it is well-structured, clean, and culturally relevant, offering sound life advice without requiring specialized technical expertise."
<urn:uuid:8dd9bad9-7b20-473b-9cc1-8dfe64a5ab82>,"ရော့ကီး တောင်တန်း
ရော့ကီးတောင်တန်းများသည် အမေရိကန်ပြည်ထောင်စု နှင့် ကနေဒါနိုင်ငံ တွင် ရှိသော တောင်တန်းများ ဖြစ်သည်။ ရော့ကီး တောင်တန်းများသည် အလာစကာ အနောက်မြောက်ဖက်မှ နယူးမက္ကဆီကို အထိ ဖြန့်ကျက် တည်ရှိပြီး မိုင်ပေါင်း ၃၀၀၀ကျော် (၄၈၀၀ ကီလိုမီတာကျော်) ရှည်လျားသည်။ ရော့ကီးသည် ပြတ်ရွေ့များ အချင်းချင်း တိုက်ခိုက်ခြင်းကြောင့် ဖြစ်ပေါ်လာသော တွန့်ခေါက်တောင်တန်းများ ဖြစ်သည်။ ရော့ကီးတောင်တန်းများသည် အနည်ကျကျောက် များဖြင့် ဖွဲ့စည်းထားသည်။ ရော့ကီးတောင်တန်းများတွင် အမြင့်ဆုံး တောင်ထိပ်မှာ အဲလ်ဘတ်တောင်ထိပ်ဖြစ်ပြီး ပင်လယ် ရေမျက်နှာပြင်ထက် ၁၄,၄၄၀ ပေ(၄၀၄၁ မီတာ) မြင့်ကာ အမေရိကန် နိုင်ငံ ကော်လိုရာဒို ပြည်နယ် တွင် တည်ရှိသည်။
ရော့ကီးတောင်တန်း[ပြင်ဆင်ရန်]
မြောက်အမေရိကတိုက် အနောက်ပိုင်းတွင် တောင်ကြီး တောင်ငယ် အသွယ်သွယ် နှင့် ဆီးနှင်းမပြတ် ဖုံးနေသော တောင်ထွတ်များပါဝင်သည့် တောင်တန်းရှည်ကို ရော့ကီး တောင်တန်းဟု ခေါ်သည်။ ရော့ကီးတောင်တန်းသည် တောင် ဘက်တွင် မက္ကဆီကိုနယ်စပ်မှ မြောက်ဘက်တွင် အလာစကာ ပြည်နယ်အထိ မိုင်ပေါင်း ၂၂ဝဝ ခန့် ရှည်လျား၍ အချို့နေရာ များ၌ မိုင် ၁ဝဝ ကျော် ကျယ်ပြန့်သည်။ ရော့ကီးတောင်တန်း နှင့် တောင်အမေရိကတိုက်ရှိ အန်းဒီးတောင်တန်းတို့သည် တောင်ဘက် ဟွန်းအငူမှ မြောက်ဘက် အာတိတ်စက်ဝိုင်းအထိ ရှည်လျားသောတောင်စဉ် တောင်းတန်း၌ အပါအဝင် ဖြစ်သည်။ ရော့ကီးတောင်တန်း တစ်လျှောက်တွင် အလွန်သာယာ သော ရှုခင်းများရှိသဖြင့် အမေရိကန်ပြည်ထောင်စုရှိ အမျိုးသား ဥယျာဉ်ခြံကြီး များစွာတို့ကို ထိုဒေသ၌ တွေ့ရသည်။ ယဲလိုး စတုန်း နေရှင်နယ်ပတ် နှင့် ကော်လိုရားဒိုးပြည်နယ်ရှိ ရော့ကီး မောင်းတိန်းနေရှင်နယ်ပတ်တို့မှာ ထင်ရှား၏။ ကိုလမ္ပီးယားမြစ်၊ မိဇူးရီ မြစ်၊ အာကင်ဆောမြစ်၊ ကော်လိုရားဒိုးမြစ်နှင့် ရီးအိုဂရန် ဒီမြစ်တို့သည် ရော့ကီးတောင်တန်းတွင် မြစ်ဖျားခံကြသည်။
ရော့ကီးတောင်တန်း တောင်ဘက်ပိုင်းတွင် မီးငြိမ်းတောင် များ ရှိသည်။ မြောက်ပိုင်းတွင် ရေခဲမြစ် များစွာ ရှိလေသည်။ ကော်လိုရားဒိုးပြည်နယ်တွင် တောင်နှင့်မြောက် ပြိုင်တန်းလျက် ရှိသော တောင်တန်းများစွာ ရှိသည်။ ထိုတောင်တန်းများ အကြား၌ မြက်ထူသော ချိုင့်ဝှမ်းများ ရှိ၏။ ပေပေါင်း ၁၂ဝဝဝ ခန့်မြင့်သော တောင်စောင်းတွင် တောင်ဆိတ်နှင့် သိုးများကို တွေ့ရသည်။ ရွှေ၊ ငွေ၊ ကြေးနီနှင့် ကျောက်မီး သွေး စသော တွင်းထွက်သတ္တုများကို တူးဖော်ရရှိသည်။ မက္ကဆီကိုနိုင်ငံတွင် ရော့ကီးတောင်တန်းသည် မက္ကဆီကို ပင်လယ်ကွေ့ ကမ်းစပ်မှ မတ်စောက်စွာ ထိုးထွက်ပြီးလျှင် မြောက်ဘက်သို့ နိမ့်ဆင်းသွားသည်။ ၁၈၆၉၆ ပေရှိသော အိုရိဇာဗာတောင်ထိပ်သည် ထိုအပိုင်းတွင် အမြင့်ဆုံးတောင်ထိပ် ဖြစ်၏။
အမေရိကန်ပြည်ထောင်စုတွင် ဝိုင်အိုးမင်းပြည်နယ်ရှိ ကုန်း ပင်မြင့်သည် ရော့ကီးတောင်တန်းကို တောင်နှင့်မြောက် ပိုင်း ခြားထား၏။ တောင်ပိုင်းတွင်ရှိသော ရော့ကီးတောင်စဉ်စုမှာ အမေရိကန်ပြည်ထောင်စု၌ အမြင့်ဆုံးနှင့် အကျယ်ပြန့်ဆုံး ဖြစ်သည်။ ကော်လိုရားဒိုးပြည်နယ်တွင် ပေ ၁၄ဝဝဝ ကျော် မြင့်သော တောင်ထိပ်များ ရှိသည်။ ထိုတောင်ထိပ်များအနက် ၁၄၄၃၁ ပေမြင့်သော အဲလဗတ်တောင်ထိပ်သည် ရော့ကီး တောင်တန်းတွင် ကနေဒါနိုင်ငံရှိ လိုဂန်တောင်ထိပ်မှ လွဲလျှင် အမြင့်ဆုံးတောင်ထိပ် ဖြစ်သည်။ အနောက် ဘက်စွန်းကျသော တက်ဆက်ပြည်နယ်၌မူ ပေ ၈ဝဝဝ ထက်မြင့်သော တောင် ထိပ်ဟူ၍ အနည်းငယ်မျှသာ ရှိသည်။ ကုန်းပြင်မြင့်၏ မြောက် ပိုင်းတွင် ရော့ကီးတောင်တန်းသည် အနောက်မြောက်ဘက်သို့ သွယ်တန်း လျက်ရှိပြီးလျှင် တောင်ပိုင်းအောက် အနည်းငယ် နိမ့်လေသည်။
ကနေဒါနိုင်ငံဘက်တွင် မြင့်မားသော တောင်ထိပ်များ ပေါ၍ ဆီးနှင်းထူသည်။ ရေခဲမြစ်များစွာရှိသည်။ ပေ ၁၉၈၅ဝ ရှိသော လိုဂန်တောင်ထိပ်သည် ရော့ကီးတောင်တန်းတွင် အမြင့် ဆုံး တောင်ထိပ်ဖြစ်သည်။ ကနေဒါနိုင်ငံ မြောက်ဘက်တွင် တောင်တန်းများ နိမ့်ဆင်းသွားရာ အလာစကာပြည်နယ် လွန်လျှင် ဆီးနှင်းမပြတ် ဖုံးနေသော တောင်ကုန်းများကိုသာ တွေ့ရလေသည်။[၁]
ကိုးကား[ပြင်ဆင်ရန်]
- မြန်မာ့စွယ်စုံကျမ်း၊ အတွဲ(၁၁)",4.0,2.0,2.0,3.0,2.0,"The text is an informative, encyclopedic entry about the Rocky Mountains. It provides clear geographical and geological facts suitable for middle-school education. It contains some boilerplate (wiki-style headers and references) but is otherwise coherent and well-structured. The language is natural Burmese, though it is a translation of general geographical knowledge rather than a culturally specific artifact."
<urn:uuid:1a1e80b8-ba12-4ca6-8d1e-84534b6f0803>,"အရှေ့အလယ်ပိုင်းဒေသ
|Middle East|
|နိုင်ငံများ||၁၈နိုင်ငံမှ ၃၈နိုင်ငံ အထိ (အဓိပ္ပာယ်ဖွင့်ဆိုမှု အပေါ်မူတည်သည်)|
|ဘာသာစကားများ||အရှေ့အလယ်ပိုင်း: အာရပ်၊ အာမေးရစ်၊ အဇာဘိုင်ဂျန်၊ ပြင်သစ်၊ ဂရိ၊ ဂျူး၊ ကာ့ဒ်၊ ပါရှန်း၊ တူရကီ |
အရှေ့အလယ်ပိုင်းဒေသကြီး : အာရပ်၊ အာမေးနီးယန်း၊ အဇာဘိုင်ဂျန်၊ ဘာလိုချီ၊ ဒါရီ၊ ပြင်သစ်၊ ဂရိ၊ ဂျော်ဂျီယာ၊ ဂျူး၊ ကာ့ဒ်၊ ပက်ရှတို၊ ပါရှန်း၊ ဆိုမာလီ၊ တာမာဇိုက်၊ တိုက်ဂရီညာ၊ တူရကီ၊ အူရဒူ
|စံတော်ချိန်ဇုန်များ||UTC +၃:၃၀ (အီရန်) မှ UTC +၂:၀၀ (အီဂျစ်)|
|မြို့ကြီးများ||အစဉ်လိုက်: ကိုင်ရိုမြို့, တီဟီရန်မြို့, ဘဂ္ဂဒက်မြို့, ရီယာ့ဒ်မြို့, ဂျက်ဒါမြို့|
အရှေ့အလယ်ပိုင်းဒေသတွင် အနောက်အာရှနှင့် အာဖရိကမြောက်ဘက်ပိုင်းဒေသတို့ ပါဝင်သည်။ မကြာခဏ ဆိုသလိုပင် အရှေ့ဖျားဒေသ ၏ ဆန့်ကျင်ဘက် အရှေ့နားဒေသ (Near East) ဟု သုံးနှုန်းလေ့ ရှိကြသည်။
အရှေ့အလယ်ပိုင်းဒေသ၏ သမိုင်းကြောင်းမှာ ရှေးခေတ်ကာလများက စတင်ခဲ့ပြီး သမိုင်းကြောင်းတလျှောက်လုံးတွင် အရှေ့အလယ်ပိုင်းဒေသသည် ကမ္ဘာ့အရေးအခင်းများ၏ ဗဟိုဌာန တစ်ခု အဖြစ် ပါဝင်ခဲ့သည်။ သို့သော်လည်း ရှေးခေတ် သမိုင်းကြောင်းကို ဆွေးနွေးသည့် အခါတွင် အရှေ့နားဒေသ ဟူသည့် အသုံးအနှုန်းကို ပိုမိုသုံးစွဲလေ့ ရှိကြသည်။ အရှေ့အလယ်ပိုင်းဒေသသည် အဓိက ဘာသာတရားများ ဖြစ်ကြသော ဂျူးဘာသာ ၊ ခရစ်ယာန်ဘာသာ နှင့်အစ္စလာမ်ဘာသာတို့ ပေါ်ပေါက်ခဲ့ရာ ဒေသဖြစ်သည်။ ယေဘူယျအားဖြင့် အရှေ့အလယ်ပိုင်း ဒေသတွင် မိုးနည်းရေရှားပြီး ပူပြင်းသည့် ရာသီဥတုမျိုး ရှိတတ်ပြီး အချို့သော ဒေသများတွင် မြစ်ကြီးများက စိုက်ပျိုးရေးဖြစ်ထွန်းရန် အတွက် အထောက်အကူပေးလေ့ ရှိကြသည်။ ပါရှန်ပင်လယ်ကွေ့ အနီးတဝိုက်တွင် ရှိသော ဒေသများတွင် ရေနံစိမ်းအများအပြား ရှိတတ်သည်။ ယခုခေတ်ကာလတွင် အရှေ့အလယ်ပိုင်း ဒေသသည် မဟာဗျူဟာ အားဖြင့် လည်းကောင်း၊ စီးပွားရေးအားဖြင့် လည်းကောင်း၊ နိုင်ငံရေးအားဖြင့် လည်းကောင်း၊ ဘာသာရေးအားဖြင့် လည်းကောင်း အရေးပါသော ဒေသအဖြစ် တည်ရှိနေသည်။ အရှေ့အလယ်ပိုင်း ဒေသ၏ စီးပွားရေး ဖွံ့ဖြိုးမှုနှုန်းမှာ ၂၀၁၀ ခုနှစ်တွင် ၄.၁ ရာခိုင်နှုန်းဖြစ်ပြီ: ၂၀၁၁ တွင် ၅.၁ ရာခိုင်နှုန်း ဖြစ်သည်။",4.0,2.0,2.0,3.0,2.0,"The text provides a structured, informative overview of the Middle East suitable for educational purposes. It includes basic geographical, historical, and economic facts. While it contains some formatting artifacts (tables/pipes), the content is coherent and written in natural Burmese, though it lacks deep analytical reasoning or highly specialized technical depth."
<urn:uuid:ac84b719-29b1-4e85-9abd-b9afbdd9e961>,"ဓာတ်စက်ကို ဘယ်သူတီထွင်တာလဲ။
ရှေးဦးစွာ တီထွင်ခဲ့တဲ့ ဓာတ်စက်ဆိုတာက ဓာတ်ပြားချပ်နဲ့ ဖွင့်ရတာ မဟုတ်ဘူး။ အပြားမဟုတ်ဘဲ ဆလင်ဒါ (ထုလုံးချွန်) ပုံစံ အချပ်ပြားနဲ့ ဖွင့်ရတာ ဖြစ်ပါတယ်။ အမေရိကန်လူမျိုးဖြစ်တဲ့ သောမတ်စ်အက်ဒီဆင်က ၁၈၇၇ ခုနှစ်မှာ တီထွင်ခဲ့ပါတယ်။ နူးညံ့ပျော့ပြောင်းတဲ့ ဒန်သတ္ထုကို ဆလင်ဒါပုံစံလုပ်ထားတဲ့ အပြားကို အသုံးပြုခဲ့ပါတယ်။ အသံကို တုန်ခါစေတဲ့ သတ္တုအပြားပေါ်ကို အပ်နဲ့ ထိဆက်စေတဲ့အခါမှာ ဒန်သတ္တုပြားထဲမှာ သိုမှီးထားပါတယ်။ ဒီကိရိယာက အသံသိပ်မပီပြင်ဘူး။
သူက ဒန်သတ္တုအစား ဖယောင်းပြားကို ဆလင်ဒါပုံ ပြုလုပ်ပြီး အစားထိုး ပြုပြင် တိုးတက်စေခဲ့ပါတယ်။ ၁၈၈၇ ခုနှစ်မှာ ဓာတ်ပြားလေးတွေနဲ့ ဓာတ်စက်ကို အီမလီဘာလင်နာ ဆိုသူ ဂျာမန်လူမျိုးတစ်ဦးက တီထွင်ခဲ့ပါတယ်။ တွင်တွင်ကျယ်ကျယ် အသုံးပြုခဲ့တဲ့ ဓာတ်ပြားတွေကို ၁၈၉၈ ခုနှစ်မှာ စတင်ထုတ်လုပ်ခဲ့ပါတယ်။
ကောက်ရိတ်စက်ကို ဘယ်သူတီထွင်ခဲ့သလဲ။
ကောက်ရိတ်စက်တွေနဲ့ ခြွေလှေ့စက်တွေဟာ ကောက်ရိတ်စက် အမျိုးအစား နှစ်မျိုးဖြစ်ပါတယ်။ ရိတ်စက်တွေက ကောက်နှံကို ဆွဲရိတ်တယ်။ ခြွေလှေ့စက်တွေက စပါးစေ့တွေကို ခြွေယူတယ်။ ဒီလုပ်ငန်းနှစ်မျိုးဟာ တံစဉ်နဲ့ ကောက်ဆွဲကို တစ်ပြိုင်တည်း အသုံးပြု ရိတ်သိမ်းခြင်းပုံစံပဲ ဖြစ်ပါတယ်။ ၁၇၈၆ ခုနှစ်တုန်းက အင်္ဂလန်နိုင်ငံမှာ အင်ဒရူးမိုက်ခလေးက ခြွေလှေ့စက်ကို ပထမဆုံး အသုံးပြုခဲ့တာ ဖြစ်ပါတယ်။ ခြွေလှေ့စက်ထဲမှာရှိတဲ့ အမျှင်ဆွဲစည်ပိုင်းနဲ့ ကောက်နှံက စပါးစေ့တွေကို ပွတ်ယူလိုက်တာ ဖြစ်ပါတယ်။
၁၈၂၆ ခုနှစ်ရောက်တော့ အင်္ဂလန်နိုင်ငံမှာ ပက်စတစ်စ်ဘဲလ်က ကောက်ရိတ်စက်ကို တီထွင်ခဲ့ပြန်တယ်။ ကောက်ရိတ်စက်မှာ ဓားသွားတွေ တပ်ထားတယ်။ ကောက်ပင်တွေကို အတန်းလိုက် ညှပ်လို့ရအောင် တွန်းဖိပြီး ကတ်ကြေးနဲ့ ကိုက်ဖြတ်သလို ဖြတ်ယူခြင်းဖြစ်ပါတယ်။ ဒီစက်က အလုပ်တော့ သိပ်မဖြစ်လှဘူး။ အောင်မြင်စွာ ရိတ်သိမ်းနိုင်တဲ့ ကောက်ရိတ်စက်ကို အမေရိကန်ပြည်ထောင်စုမှာ တီထွင်ခဲ့ပါတယ်။ ၁၈၃၅ ခုနှစ်မှာ အမေရိကန် နိုင်ငံသား Hiram Moore ဆိုသူက တီထွင်ခဲ့ပါတယ်။
အင်ဆူလင်ကို ဘယ်သူရှာဖွေတွေ့ရှိခဲ့တာလဲ။
အက်ဖ်ဂျီဘန်းတင်းနဲ့ စီအေ့ချ်ဘက်စ်ထ် က ၁၉၂၁ ခုနှစ်မှာ အင်ဆူလင်ကို ရှာဖွေတွေ့ရှိခဲ့ပါတယ်။ အင်ဆူလင်ဆိုတာ ဆီးချိုဝေဒနာရှင်များအတွက် အသက်ကယ်ဆေး ဖြစ်ပါတယ်။ ပန်ကရိယဂလင်း ချို့ယွင်းမှုကြောင့် ဆီးချိုဖြစ်ရတယ်။ သွေးထဲမှာ ပါဝင်နေတဲ့ သကြားဓာတ်ကို မျှတကောင်းမွန်အောင် ထိန်းနိုင်ဖို့အတွက် ပန်ကရိယဆိုတဲ့ ခန္ဓာကိုယ်တွင်း သကြားဓာတ်ဖြစ်ပေါ်မှုကို ထိန်းချုပ်ပေးမယ့် အင်ဆူလင်ကို ထုတ်ပေးပါတယ်။
အင်ဆူလင်ကို ပန်ကရိယက လုံလောက်မျှတအောင် ထုတ်မပေးနိုင်ဘူးဆိုရင် သြဂဲနစ် ဖြစ်စဉ်တစ်လျှောက်မှာ အသုံးမကျတဲ့ သကြားဓာတ်တွေ ထွက်ပေါ်နေတော့တယ်။ အဲဒီတော့ သကြားဓာတ်လွန်ကဲလာပြီး ဆီးချိုရောဂါ ဖြစ်လာပါတယ်။ သွေးထဲမှာ သကြားဓာတ်ပါဝင်နှုန်းကို ထိန်းချုပ်မပေးနိုင်ဘူးဆိုရင် ဒီရောဂါဟာ အန္တရာယ်ကြီးပါတယ်။
ခင်မောင်ဇော်၊ တီထွင်မှုများ စာအုပ်မှ",4.0,2.0,2.0,5.0,3.0,"The text provides clear, factual historical and scientific information suitable for middle-school education. It explains inventions and medical concepts with basic causal reasoning. The language is natural, standard Burmese, and the formatting is clean and professional, clearly sourced from a book."
<urn:uuid:be2336c9-e856-41bf-adb9-570f2bd4faeb>,"ေရခဲေသတၱာထဲ ထည့္ျပီးရင္ မစားသံုးသင့္ေၾကာင္း လူသိပ္မသိေသးတဲ့ အစားအစာမ်ား
အခုေခတ္ အိမ္တိုင္းလိုလိုမွာ ေရခဲေသတၱာရွိျကျပီး အစားအစာေတြကိုလည္း တစ္ပတ္စာေလာက္ သိမ္းစည္းကာစားေသာက္တတ္ျကပါတယ္။
ဒီလိုလုပ္တာက ေန႔တိုင္းေစ်းသြားေနရတဲ့ အခက္အခဲကိုေလ်ာ့က်ေစျပီး အလုပ္ရွဳပ္သက္သာေစေပမယ့္ က်န္းမာေရးထိခိုက္ေစတဲ့အေျကာင္းအရင္းေတြလည္းရွိေနပါတယ္။
ေရခဲေသတၱာထဲထည့္ထားတာနဲ႕ ပါ၀င္တဲ့ အာဟာရဓာတ္ပါေလ်ာ့က်ျပီး အဆိပ္အေတာက္ျဖစ္ေစတဲ့ အစားအစာေတြလည္း ရွိေနလို႕ပါ ။
ေရခဲေသတၱာထဲထည့္မသိမ္းထားသင့္တဲ့ အစားအစာ(၆)မ်ိဳးကေတာ့…
(၁) အာလူး
ေရခဲေသတၱာထဲထည့္သိမ္းမထားသင့္တဲ့ အစားအစာေတြရဲ႕ ထိပ္ဆံုးမွာ အာလူးပါ၀င္ပါတယ္။ အာလူးမွာပါ၀င္တဲ့ ကဆီဓာတ္က ေရခဲေသတၱာထဲေရာက္တဲ့အခါ သျကားအျဖစ္ကိုေျပာင္းသြားပါတယ္။
ဒါ့ေျကာင့္ အာဟာရမျဖစ္ပဲ ေဘးဥပါဒ္ပဲျဖစ္ေစလို႕ မထည့္ထားသင့္ပါဘူးေနာ္။
(၂) ဖရဲသီး
ဖရဲသီးကို ေအးခဲထားတ့အခါ သူ႕မွာပါ၀င္တဲ့ အာဟာရဓာတ္ ၊ ေရဓာတ္ အကုန္လံုးခမ္းေျခာက္သြားပါတယ္ ။
ဒါ့ေျကာင့္ဖရဲသီးေအးေအးေလးစားခ်င္သူေတြအတြက္ ပါ၀င္တဲ့ အာဟာရဓာတ္ဆံုးရွံဳးမွဳေလ်ာ့ေအာင္ ပလတ္စတစ္အျကည္ေလးျဖစ္ျဖစ္ ဘူးေလးထဲထည့္ျပီးေတာ့ပဲျဖစ္ျဖစ္ တစ္ခုခုနဲ႕အုပ္ျပီးေတာ့မွ ထည့္ထားသင့္ပါတယ္။
(၃) ျကက္သြန္ျဖဴ
ျကက္သြန္ျဖဴေတြ ေရခဲေသတၱာထဲေရာက္တဲ့အခါ အစိုျပန္ျပီး ျမန္ျမန္ပုတ္ေစပါတယ္ ။ ေရခဲေသတၱာ အနံ႕အသက္အတြက္လည္း မေကာင္းပါဘူး ။
ျကက္သြန္ျဖဴေတြကိုေတာ့ ေနေရာင္လည္း တိုက္ရိုက္မက်ပဲ ေျခာက္ေသြ႕တဲ့ေနရာမ်ိဳးမွာပဲထားသင့္ပါတယ္။
(၄) ခရမ္းခ်ဥ္သီး
ခရမ္းခ်ဥ္သီးကိုလည္း အရည္ရြမ္းရြမ္းေလးနဲ႕ ေအးေအးေတာင့္ေတာင့္ေလး စားခ်င္ျကတဲ့အတြက္ ေရခဲေသတၱာထဲထည့္ထားတတ္ျကပါတယ္ ။
ဒါေပမယ့္ ခရမ္းခ်ဥ္သီးေတြက အပူခ်ိန္ ၁၂ ဒီဂရီေအာက္ ေရာက္တဲ့အခါ သူ႕မွာပါ၀င္တဲ့ အာဟာရဓာတ္ေတြအားလံုးဆံုးရွံဳးသြားျပီး အရသာပါေျပာင္းသြားပါတယ္။
(၅) ဥမ်ား
ဥေတြကို အပူခ်ိိန္အရမ္းနည္းတဲ့ေနရာမွာထားတဲ့အခါ သူ႕မွာပါ၀င္တဲ့ အာဟာရနဲ႕ သတၱဳဓာတ္ေတြအကုန္ေလ်ာ့နည္းသြားမွာပါ။
ေရခဲေသတၱာထဲမွာထားတဲ့အခါ ဥေတြမွာ ဘက္တီးရီးယားေတြပါေပါက္ပြားေစျပီး အစာမေက်တာနဲ႕ အစာအိမ္ေရာဂါေတြပါျဖစ္ေစလို႕ အျပင္မွာပဲထားသင့္ပါတယ္။
(၆) ျကက္သြန္နီ
ျကက္သြန္နီမွာလည္း ကဆီဓာတ္ပါ၀င္တာေျကာင့္ ေရခဲေသတၱာထဲမွာမထားသင့္ပါဘူး။ ျကက္သြန္ေတြကို ေရခဲေသတၱာထဲမွာ ျကာျကာထားရင္ အထားမခံပဲ ျမန္ျမန္ပုတ္ေစပါတယ္ ။
Rain
Unicode
ရေခဲသေတ္တာထဲ ထည့်ပြီးရင် မစားသုံးသင့်ကြောင်း လူသိပ်မသိသေးတဲ့ အစားအစာများ
အခုခေတ် အိမ်တိုင်းလိုလိုမှာ ရေခဲသေတ္တာရှိကြပြီး အစားအစာတွေကိုလည်း တစ်ပတ်စာလောက် သိမ်းစည်းကာစားသောက်တတ်ကြပါတယ်။
ဒီလိုလုပ်တာက နေ့တိုင်းဈေးသွားနေရတဲ့ အခက်အခဲကိုလျော့ကျစေပြီး အလုပ်ရှုပ်သက်သာစေပေမယ့် ကျန်းမာရေးထိခိုက်စေတဲ့အကြောင်းအရင်းတွေလည်းရှိနေပါတယ်။
ရေခဲသေတ္တာထဲထည့်ထားတာနဲ့ ပါဝင်တဲ့ အာဟာရဓာတ်ပါလျော့ကျပြီး အဆိပ်အတောက်ဖြစ်စေတဲ့ အစားအစာတွေလည်း ရှိနေလို့ပါ ။
ရေခဲသေတ္တာထဲထည့်မသိမ်းထားသင့်တဲ့ အစားအစာ(၆)မျိုးကတော့…
(၁) အာလူး
ရေခဲသေတ္တာထဲထည့်သိမ်းမထားသင့်တဲ့ အစားအစာတွေရဲ့ ထိပ်ဆုံးမှာ အာလူးပါဝင်ပါတယ်။ အာလူးမှာပါဝင်တဲ့ ကဆီဓာတ်က ရေခဲသေတ္တာထဲရောက်တဲ့အခါ သကြားအဖြစ်ကိုပြောင်းသွားပါတယ်။
ဒါ့ကြောင့် အာဟာရမဖြစ်ပဲ ဘေးဥပါဒ်ပဲဖြစ်စေလို့ မထည့်ထားသင့်ပါဘူးနော်။
(၂) ဖရဲသီး
ဖရဲသီးကို အေးခဲထားတ့အခါ သူ့မှာပါဝင်တဲ့ အာဟာရဓာတ် ၊ ရေဓာတ် အကုန်လုံးခမ်းခြောက်သွားပါတယ် ။
ဒါ့ကြောင့်ဖရဲသီးအေးအေးလေးစားချင်သူတွေအတွက် ပါဝင်တဲ့ အာဟာရဓာတ်ဆုံးရှုံးမှုလျော့အောင် ပလတ်စတစ်အကြည်လေးဖြစ်ဖြစ် ဘူးလေးထဲထည့်ပြီးတော့ပဲဖြစ်ဖြစ် တစ်ခုခုနဲ့အုပ်ပြီးတော့မှ ထည့်ထားသင့်ပါတယ်။
(၃) ကြက်သွန်ဖြူ
ကြက်သွန်ဖြူတွေ ရေခဲသေတ္တာထဲရောက်တဲ့အခါ အစိုပြန်ပြီး မြန်မြန်ပုတ်စေပါတယ် ။ ရေခဲသေတ္တာ အနံ့အသက်အတွက်လည်း မကောင်းပါဘူး ။
ကြက်သွန်ဖြူတွေကိုတော့ နေရောင်လည်း တိုက်ရိုက်မကျပဲ ခြောက်သွေ့တဲ့နေရာမျိုးမှာပဲထားသင့်ပါတယ်။
(၄) ခရမ်းချဉ်သီး
ခရမ်းချဉ်သီးကိုလည်း အရည်ရွမ်းရွမ်းလေးနဲ့ အေးအေးတောင့်တောင့်လေး စားချင်ကြတဲ့အတွက် ရေခဲသေတ္တာထဲထည့်ထားတတ်ကြပါတယ် ။
ဒါပေမယ့် ခရမ်းချဉ်သီးတွေက အပူချိန် ၁၂ ဒီဂရီအောက် ရောက်တဲ့အခါ သူ့မှာပါဝင်တဲ့ အာဟာရဓာတ်တွေအားလုံးဆုံးရှုံးသွားပြီး အရသာပါပြောင်းသွားပါတယ်။
(၅) ဥများ
ဥတွေကို အပူချိန်အရမ်းနည်းတဲ့နေရာမှာထားတဲ့အခါ သူ့မှာပါဝင်တဲ့ အာဟာရနဲ့ သတ္တုဓာတ်တွေအကုန်လျော့နည်းသွားမှာပါ။
ရေခဲသေတ္တာထဲမှာထားတဲ့အခါ ဥတွေမှာ ဘက်တီးရီးယားတွေပါပေါက်ပွားစေပြီး အစာမကျေတာနဲ့ အစာအိမ်ရောဂါတွေပါဖြစ်စေလို့ အပြင်မှာပဲထားသင့်ပါတယ်။
(၆) ကြက်သွန်နီ
ကြက်သွန်နီမှာလည်း ကဆီဓာတ်ပါဝင်တာကြောင့် ရေခဲသေတ္တာထဲမှာမထားသင့်ပါဘူး။ ကြက်သွန်တွေကို ရေခဲသေတ္တာထဲမှာ ကြာကြာထားရင် အထားမခံပဲ မြန်မြန်ပုတ်စေပါတယ် ။
Rain",4.0,2.0,2.0,5.0,4.0,"The text provides practical, educational advice on food storage suitable for a general audience. It uses clear, natural Burmese and follows a logical list structure. While the scientific explanations are simplified, it is well-formatted, clean, and reflects common household practices in Myanmar."
<urn:uuid:25a5e9ba-2da8-45b9-96ff-57ab247af60d>,"လာမည့္ ၂၀၁၅ ေ႐ြးေကာက္ပြဲတြင္ ဝင္ေရာက္ယွဥ္ၿပိဳင္ရန္ ပါတီမွတ္ပုံတင္ထားသည့္ ” အမ်ိဳးသမီး မ်ားပါတီ ” ကိုေျခာက္လေက်ာ္ၾကာမွ ယင္းအမည္အစား အမည္ေျပာင္းလဲျပင္ဆင္ၿပီး ျပန္လည္တင္ျပရန္ ျပည္ေထာင္စုေ႐ြးေကာက္ပြဲေကာ္မရွင္က အေၾကာင္းၾကားထားသည္ဟု ပါတီဥကၠဌမိသန္းရွင္ကေျပာသည္။
အမ်ိဳးသမီးပါတီဟူေသာ အသုံးအႏႈန္းသည္တႏိုင္ငံလုံးရွိအမ်ိဳးသမီးမ်ားအတြက္ ကိုယ္စားျပဳ သကဲ့သို႔ျဖစ္ေနၿပီး အမ်ားႏွင့္သက္ဆိုင္သည့္အမည္ျဖစ္ေနပါသျဖင့္ အဆိုပါအမ်ိဳးသမီးပါတီအမည္ အစား အမည္သစ္ေ႐ြးခ်ယ္၍ေသာ္လည္းေကာင္း ” အမ်ိဳးသမီး” ဟူေသာစကားရပ္၏ အေရွ႕သို႔မဟုတ္ အေနာက္တြင္သင့္ေလ်ာ္ရာျဖည့္စြက္၍ေသာ္လည္းေကာင္း ျပည္ေထာင္စု ေ႐ြးေကာက္ပြဲေကာ္မရွင္သို႔ အျမန္ျပန္လည္တင္ျပရန္ ဧၿပီလ ၂၇ ရက္ေန႔ကအေၾကာင္းၾကားထားျခင္းျဖစ္သည္။
အမ်ိဳးသမီးပါတီထူေထာင္သူတို႔က ” အမ်ိဳးသမီးပါတီ” အမည္ကိုျပင္ဆင္ေျပာင္းလဲမည္ မဟုတ္ေၾကာင္း ပါတီအမည္ျပင္ဆင္ေျပာင္းလဲမည့္ကိစၥႏွင့္ ပတ္သက္ၿပီး ေကာ္မရွင္ႏွင့္ေတြ႕ဆုံၫွိႏႈိင္း သြားမည္ျဖစ္ေၾကာင္း ပါတီဥကၠဌမိသန္းရွင္ကေျပာသည္။
” စစ္ေဆးစရာရွိတာေတြလဲ စစ္ထားၿပီးၿပီ လူလဲေပးပါဆိုလဲလဲထားေပးၿပီးမွ အခုေျခာက္လ ေက်ာ္ၾကာမွ ပါတီအမည္ျပင္ခိုင္းတာကၽြန္မတို႔ကေတာ့ပါတီအမည္ကိုေျပာင္းမွာမဟုတ္ဘူး ေျပာင္းဖို႔လဲ မစဥ္းစားထားဘူး၊ ကၽြန္မတို႔ေကာ္မရွင္နဲ႔ေတြ႕မယ္ၫွိႏႈိင္းၾကည့္မယ္၊ ကၽြန္မတို႔ ဒီအမည္နဲ႔ျပည္သူလူထုက လက္ခံထားၿပီးၿပီ” ဟု ၎ကေျပာသည္။
ေကာ္မရွင္မွအမ်ိဳးသမီးပါတီအမည္ျဖင့္ပါတီမွတ္ပုံတင္ခ်ေပးျခင္းမရွိပါကလာမည့္ ေ႐ြးေကာက္ပြဲတြင္ တသီးပုဂၢလကိုယ္စားလွယ္အေနျဖင့္ လူထုေတာင္းဆိုသည့္ ေဒသတို႔တြင္ ေ႐ြးေကာက္ပြဲ ဝင္ေရာက္ယွဥ္ၿပိဳင္သြားမည္ဟုလည္း ေျပာသည္။
မိသန္းရွင္က ” ေကာ္မရွင္ကေတာ့ ဒီအမည္က တႏိုင္ငံလုံးကိုကိုယ္စားျပဳတယ္အမ်ားနဲ႔ သက္ဆိုင္တယ္ဆိုၿပီး ျပင္ခိုင္းတယ္၊ ေျပာင္းခိုင္းတယ္၊ ဆိုေတာ့အမ်ိဳးသမီးေရးရာဆိုရင္ေရာအမ်ားနဲ႔မဆိုင္ဘူးလား၊ တႏိုင္ငံလုံးကိုကိုယ္စားမျပဳဘူးလား၊ ၿပီးေတာ့အခုဆိုအမ်ိဳးသားပါတီဆိုၿပီးေတာ့လဲရွိတယ္၊ အဲဒါကေရာဘယ္လိုကိုယ္စားျပဳလဲ” ဟု ေမးခြန္းထုတ္သည္။
ျမန္မာႏိုင္ငံ၏ ပထမဆုံးေသာအမ်ိဳးသမီးပါတီျဖစ္လာမည့္အမ်ိဳးသမီးပါတီကို မြန္အမ်ိဳးသမီး မ်ား ဦးေဆာင္ထူေထာင္ထားျခင္းျဖစ္ၿပီး ၂၀၁၄ ခုႏွစ္၊ ေအာက္တိုဘာလ ၁၄ ရက္က ေကာ္မတီဝင္ ၁၅ ဦး ျပည္ေထာင္စု ေ႐ြးေကာက္ပြဲေကာ္မရွင္ထံ ပါတီထူေထာင္ခြင့္ေလၽွာက္ထားခဲ့သည္။
အမ်ိဳးသမီးမ်ား တန္းတူခြင့္ရရွိေရးအတြက္ လုပ္ေဆာင္သြားရန္ရည္႐ြယ္ခ်က္ျဖင့္ အမ်ိဳးသမီးပါတီကို တည္ေထာင္ခဲ့ကာ လာမည့္ ၂၀၁၅ ေ႐ြးေကာက္ပြဲတြင္ မြန္ျပည္နယ္ကိုအေျချပဳၿပီး အျခားတိုင္းႏွင့္ ျပည္နယ္မ်ားတြင္လည္း ဝင္ေရာက္ယွဥ္ဩြားရန္ရွိသည္။",2.0,3.0,2.0,5.0,5.0,"The text is a well-written, coherent news report about a political registration dispute in Myanmar. It provides factual information about election commission regulations and party perspectives. It uses natural Burmese phrasing, specific local political context, and demonstrates logical argumentation regarding the naming dispute, making it culturally authentic and informative for a general audience."
<urn:uuid:6ad75eef-6e9c-4065-927b-9a79174dfb95>,"ဝန်ကြီး ဦးရဲထွဋ် မိန့်ခွန်းပြောစဉ် သတင်းထောက် စိုးရာဇာထွန်းက “မီဒီယာများကို ဖိနှိပ်ခြင်း၊ ဖမ်းဆီးထောင်ချခြင်း အားရပ်တန့်ရေး စာတန်း” ကိုင်ကာ ဆန္ဒထုတ်ဖော်ခဲ့ပါတယ်၊ စိုးရာဇာထွန်းအား IMNA သတင်းထောက် စောဇင်ညီက အခုလိုမေးမြန်းထားပါတယ်။
IMNA – အစ်ကိုဒီနေ့ ဝန်ကြီးဦးရဲထွဋ်မိန့်ခွန်းပြောချိန်မှာ အစ်ကို တစ်ကိုယ်တော် ဆန္ဒပြခဲ့ပါတယ်၊ ဦးရဲထွဋ်ဘက်ကကော ဘယ်လို တုန့်ပြန်တာတွေ့ခဲ့ရလဲ?
စိုးရာဇာထွန်း- ဦးရဲထွဋ်က ပြုံးပြုံးနဲ့ ပြောတယ်၊ ဖမ်းဆီးထောင်ချမှုတွေ အကျဉ်းကျမှု တွေ စတဲ့ ၃ ခု ရေးပြီး ကိုယ်က ဘုတ်ထောင်လိုက်တယ်လေ၊ သူကတော့ ပညာသားပါ ပါတယ်၊ သူက ပညာသားပါပါနဲ ့ဘဲ ကိုယ် ကန်ပိန်းလုပ်တာကို သူလက်ခံပါတယ် ကြိုဆိုပါတယ် အားလုံးကို လက်ခံပေးလိုက်ပါဆိုပြီး လက်ခုတ်တီးတယ်၊ အဲဒါသူရဲ ့ လျှက်တပျက် တုန့်ပြန်မှုပေါ့နော်၊ သူရဲ့ ပညာသားပါတဲ့ လှည့်ကွက် တစ်ခုပါဘဲ။
IMNA -အစ်ကို ကန်ပိန်းလုပ်တာနဲ့ ပတ်သတ်ပြီး ကော IPI ကို အနှောက်အယှက်မဖြစ်အောင် ဘယ်လိုလုပ်ခဲ့လဲ။
စိုးရာဇာထွန်း- ကိုယ်လုပ်တာက ကိုယ်ရဲ့ မီဒီယာပါဝါ လုပ်ပိုင်ခွင့်ပါဘဲ၊ ကိုယ် IPI ညီလာခံ ကို မရမက တက်ခွင့်တောင်းတယ်၊ နောက်ဆုံးတော့ တက်ခွင့် ရသွားတယ်၊ ကိုယ်ထိုင်နေတဲ့ ထိုင်ခုံက ဘဲ သူကို ဘုတ်ထောင်ပြလိုက်တာပါ၊ ကိုယ်တောင်းဆိုချင်တဲ့ ကိစ္စနဲ့ ပတ်သတ်ပြီး ဘုတ်လေးထောင်ပြလိုက်တာပါ၊ ၅ မိနစ်တောင် မကြာပါဘူး၊ ကိုယ်ပြန်ထွက်လာတာပါ၊ ကိုယ်နောက်က လိုက်လာတဲ့ မီဒီယာတွေကိုလဲ ဘာမှ မပြောလိုက်ပါဘူး၊ အပြင်ရောက်မှ ဘဲ ကိုယ်ပြောတာပါ၊ ကိုယ်ကြောင့် အားလုံးကို အနှောက်အယှက်မဖြစ်အောင်ပါ၊ ကိုယ်ရပိုင်ခွင့်နဲ့လည်း ကိုက်ရမယ်လေ။
IMNA -ဟုတ်ကဲ့ပါ အစ်ကို။ အစ်ကိုလုပ်ခဲ့တဲ့ ဒီနေ့ ကန်ပိန်း က နေပြီး တော့ ဘာတွေ များမျှော်လင့်မိလဲ။
စိုးရာဇာထွန်း- သတင်းထောက်တွေ ကို ဖမ်းဆီးထောင်ချတာပာ ဒီမိုကရေစီ နိုင်ငံတစ်နိုင်ငံ ဖြစ်တဲ့ မြန်မာနိုင်ငံအနေနဲ့ ဘယ်လိုမှ အလုပ်မဖြစ်ဖူးဆိုတာ မက်ဆေ့ပေးလိုက်တာ၊ ဒီလိုဆက်ဖြစ်နေရင် ဒီလိုကန်ပိန်းတွေ ထပ်လာဦးမယ်ဆိုတာ ကိုယ်သူ့ ကို ပြလိုက်တာပါ၊ နိုင်ငံတကာ မီဒီယာရှေ့မှာ ပြသင့်တယ်ထင်လို့ ကိုယ်ပြလိုက်တာပါ။
IMNA -အစ်ကို ဒီနေ့ လုပ်ရပ်က ဦးရဲထွဋ်ကို ပုဂ္ဂိုလ်ရေးအရ တိုက်ခိုက်မှု လို့ အချို့က ပြောကြတယ်၊ ဒါနဲ့ပတ်သတ်ပြီး ကော အစ်ကို ဘာပြောချင်လဲ။
စိုးရာဇာထွန်း- ဘာဘဲ ပြောပြောပါ၊ ကိုယ် အစိုးရကို ဆန္ဒပြတာ၊ ဦးရဲထွဋ်ကို ကိုယ်တိုက်တာမဟုတ်ဘူး၊ ဦးရဲထွဋ်ကို ကိုယ်ပြတာမဟုတ်ပါဘူး၊ ဦးရဲထွဋ်အနေနဲ့ လက်ပံတန်းကိစ္စနဲ့ ပတ်သတ်ပြီး သူနည်းစနစ် မမှန်ဘူး၊ သတင်းနဲ့ပတ်သက်ပြီး သတင်းထောက်တွေကို ရိုက်နှက်ခဲ့တာဟာ လုပ်ရပ်မှန်ဘူး၊ ရိုက်ရမဲ့ အနေအထားမဟုတ်ဘူး၊ အဲ့တော့ သူတာဝန်ယူထားတဲ့ အပိုင်းလည်း မရှိဘူး၊ ဒါနဲ့ပတ်သတ်ပြီး ကိုယ်က ဆန္ဒပြတယ်၊ ဦးရဲထွဋ်က အရမ်းတော်ပါတယ်။ ဦးရဲထွဋ်ကို ကိုယ်ပြတာမဟုတ်ပါဘူး။
IMNA -ဦးရဲထွဋ်က အစ်ကို ဆန္ဒပြချိန်မှာဘဲ ပြောခဲ့တယ်။ မြန်မာလူငယ်တွေဟာ Activist ကလာတဲ့လူတွေများတယ်လို့ ပြောခဲ့တယ်။ဒါနဲ့ပတ်သတ်ပြီးကော။
စိုးရာဇာထွန်း- သူပြောခဲ့ပါတယ်။မြန်မာ သတင်းထောက်လူငယ်တွေက Activist နောက်ခံ က လာတာ လို့ပြောတယ်၊ ကိုယ်ရဲ့ နောက်ခံ အကြောင်းကို အများကြီး ရှာလို့ရတယ်၊ ကိုယ်တခြားသော ကန်ပိန်းတွေမှာ လုံးဝ မပါခဲ့ပါဘူး၊ မီဒီယာနဲ့ ပတ်သတ်တဲ့ ကိစ္စတွေမှာဘဲ ကိုယ်တောက်လျှောက် ကန်ပိန်းလုပ်ခဲ့တာပါ၊ သူ့အနေနဲ့ ဒါကို မသိဘဲနဲ့ ပြောခဲ့တာကို sorry ပါဘဲ၊ သူဘာသူ ဒါစည်းမရှိ ကမ်းမရှိထွက်သွားတယ်လို့ ဘဲပြောချင်တယ်။
IMNA -ဒီမိုကရေစီနိုင်ငံမှာ ပြန်ကြားရေးဝန်ကြီးဌာန ဒါမှမဟုတ်ပြန်ကြားရေးဝန်ကြီးကို ဘယ်လိုပုံစံမျိူး ဖြစ်သင့်လဲ၊ ဘယ်လိုပုံစံမျိုးမျှော်လင့်ထားပါသလဲ။
စိုးရာဇာထွန်း- ဒီမိုကရေစီနိုင်ငံမှာ ပြန်ကြားရေးဆိုတာ ရှိခဲ့ရင်တောင်မှ အစိုးရမီဒီယာတွေကို ကိုင်တွယ်ဖို့ အာဏာပေးထားတာပါ၊ ပုဂ္ဂလိက မီဒီယာတွေကို ကိုင်တွယ်ခွင့်ပေးထားတာမဟုတ်ပါဘူး၊ အစ်ကိုတို့ ဆီမှာက ဒါကို န.ဝ.တ ခေတ်ကတည်းက စခဲ့တာပါ၊ ဦးသန်းရွှေလက်ထပ် အပြောင်းအလဲမှာ ဦးကျော်ဆန်းကို ဒါကို အပ်နှင်းခဲ့တာပါ၊ ဒါကအမှန် မရှိသင့်ပါဘူး၊ ဒီမိုကရေစီလို့ သူတို့ ပြောနေတာနဲ့အညီ ပြန်ကြားရေးဝန်ကြီးဌာနကို သူတို့ ဖြုတ်ပေးရပါလိမ့်မယ်၊ အဲဒါမှ ကိုယ်တို့ အခက်အခဲတွေ သတင်းယူရတဲ့ အခက်အခဲတွေ အကုန်လုံး လွှတ်လပ်ခွင့်တွေကို ပိတ်ပင်မှုတွေ အားလုံး မရှိတော့မှာပါ၊ ဒါမှ ပွင့်လင်းလာမယ်လို့ မျှော်လင့်ပါတယ်။
IMNA -ကျေးဇူးတင်ပါတယ် အစ်ကို။",2.0,3.0,2.0,5.0,5.0,"The text is a journalistic interview regarding press freedom in Myanmar. It provides insight into political activism and media relations, offering moderate reasoning. It is clean, well-formatted, and uses authentic Burmese journalistic language, including specific political context and honorifics, making it culturally nuanced and accessible to a general audience."
<urn:uuid:154c5e40-ebc1-469e-97db-9b846554e696>,"ကဗ်ာဆရာ ပိုင္စိုးေဝ ရဲ႕ ကဗ်ာ ၃ ပုဒ္ကို burmesepoetryfoundation group မွ အမွတ္တရ
တင္ဆက္လိုက္ပါတယ္၊ ေခတ္ေပၚကဗ်ာ ေခတ္ဦးကာလကေန မေန႕တစ္ေန႕ကအထိ ေတာက္ေလွ်ာက္
ကဗ်ာမ်ား ေရးသားလာခဲ့ အစဥ္အလာရွိတဲ့ ကဗ်ာဆရာတဦးအျဖစ္ မေမ့မေလ်ာ့ ေဖာ္ျပရမယ္လို႕
ခံယူပါတယ္။
ရီဟာဇယ္ည
တစ္ရက္ျပီး တစ္ရက္
အသက္ကၾကီးၾကီးလာေတာ့
က်က္ထားတဲ့ မီးနင္းေတြ တျဖည္းျဖည္းေမ့ရ။
ခင္ဗ်ား အသက္ဘယ္ေလာက္ရွိျပီလဲ
အေမးခံရတဲ့ အခါ
လူရဲ႕ ဇီဝျဖစ္တည္မွဳပံုစံကို
သံသယ ျဖစ္မိရဲ႕။
မ်ားမ်ားၾကီး ေတြးေခၚမိေတာ့
နည္းနည္းပဲ ယံုၾကည္ေတာ့တယ္။
မယံုၾကည္ပါရေစနဲ႕
မယံုၾကည္ပါရေစနဲ႕
မယံုၾကည္မွဳအတြက္ စိတ္ကိုစိတ္နဲ႕ စီးခ်င္းထိုးတဲ့
ကမ္းတက္တိုက္ပြဲ
ငါ့နံေဘးက အတူ ခ်ီတက္သူ နီေရွး
ဒဏ္ရာနဲ႕ လဲက်
ဟိုမွာ ရန္သူရွာေနတဲ့ ပို႕စ္ေမာ္ဒန္ ဝံပုေလြ တစ္ေကာင္
အေမွာင္ေခတ္ၾကီးထဲက မလြတ္ေျမာက္ေသးတဲ့ ေျမေခြးအျဖစ္
ငါ သရုပ္ေဆာင္ရ
ခၽြတ္လိုက္ဝတ္လိုက္ ဝင္လိုက္ထြက္လိုက္
ဘုရားသခင္ရဲ႕ လက္ညွဳိးမေကြးမီ
အားလံုး ဟီးရိုး
အားလံုး ဗီလိန္
တဝက္တပ်က္ သတၱိေျပာင္ေျမာက္မွဳနဲ႕
ေဆာင္းရာသီ နန္းေတာ္ကို သိမ္းပိုက္ခဲ့ၾက
ေႏြဦးေပါက္ကာလေရာက္ေတာ့
ဟာသတစ္ခု လက္ေဆာင္ရတယ္။
ပုဇဥ္းရင္ကြဲေတြက ရင္ကြဲေအာင္ ေအာ္ၾက
နကၡတ္တာရာေတြက အသြားအလာမမွန္
လမ္းေၾကာင္းမေျဖာင့္
အေကာက္သြားျခင္းနဲ႕သြားၾက
ခေရပန္းေတြ နင္းေျခခံရ
ညက အိပ္ေရးပ်က္ၾကဟန္တူရဲ႕။
ေဒၚခင္ေစာေအး ပိုင္တဲ့
ေဟာဒီေျမာက္ျပန္ေလမွာ
မျမဲျခင္းတရားကို အျမဲတမ္း လက္ကိုင္ထားတဲ့
ကၽြန္ေတာ့္မိတ္ေဆြ ကဗ်ာဆရာ
ဇာတ္သိမ္းခန္း မေရာက္ခင္ ဇာတ္သိမ္းသြားေပါ့။ ။
ပိုင္စိုးေဝ
(ရနံ႔သစ္၊ ဇြန္ ၂၀၀၃)
ဒုကၡဆက္တင္
လူလည္နဲ႕ လူအ
ႏွစ္မ်ိဳးလံုးတင္ဆက္လို႕ရတဲ့ ျမိဳ႕ေတာ္ၾကီးမွာ
တစ္ဝက္ေအာင္ျမင္ျပီး
တစဝက္က်ဆံုးခဲ့ရ။
ဒီျမိဳ႕ၾကီးဟာ
ငါ မကူးခတ္ႏိုင္ေလာက္ေအာင္ မက်ယ္ဝန္းပါဘူး။
လမ္းေပ်ာက္ေနသလားတဲ့
လမ္း ရွာမေတြ႕ေသးလို႔ပါ။
အကုသိုလ္ဒုစရိုက္တရား
ဒါေလာက္မ်ားခဲ့သူ မဟုတ္ပါဘူးကြယ္
ဆူးေလဘုရားကို ရွာေတြ႕ရမွာေပါ့။
ဒုကၡေတြကို ဒုကၡနဲ႕ေျမွာက္ခဲ့ရသူမို႕
ေနာက္ထပ္ ဒုကၡပန္းတစ္ပြင့္
မဖူးပြင့္ပါရေစနဲ႕ေတာ့ ညီမေလးရယ္။
ေျဖာင့္ခ်က္ေတြကို မေပးမိခင္
ေလႏွင္ရာလြင့္ခဲ့ရတာကိုပဲ
မင္းတို႕ျမိဳ႕ကေလးကို ေက်းဇူးတင္ရ။
ဘတ္စ္ကားေပၚမွာ
မေတာ္တဆလက္ခ်င္းထိမိသလိုသာ
သေဘာထားလိုက္ပါေတာ့။ ။
ပိုင္စုိးေဝ
(ျဗဴတီ၊ ဇူလိုင္ ၂၀၀၃)
တိုင္ကပ္နာရီ
ခင္ဗ်ားက
ကိုယ့္အေၾကာင္းကိုယ္ေျပာဖို႕ ေခ်ာင္းေနသူလား
ကၽြန္ေတာ္က
ကိုယ့္အေၾကာင္းကိုယ္ ေျပာဆိုျခင္းမွ
ထြက္ေျပးေနသူပါ။
သတိထား
သတိထား…သတိထား
သစ္ပင္အျမင့္ၾကီးေပၚတက္တဲ့အခါ သတိထား
ကိုယ့္အေၾကာင္းကိုယ္ေျပာတဲ့အခါ သတိထား။
ငွက္ေတြဟာ ပ်ံရင္းေသၾကတယ္
လူေတြကေတာ့
ကိုယ့္အေၾကာင္းကိုေျပာရင္း ေသၾကတယ္
သိပၸံပညာအေၾကာင္းဟာ
သိပၸံပညာ မဟုတ္ပါဘူး
ဂီတအေၾကာင္းဟာလည္း ဂီတ မဟုတ္ဘူး
ခင္ဗ်ားေျပာတဲ့ ခင္ဗ်ားအေၾကာင္းဟာ
ခင္ဗ်ား ျဖစ္ႏိုင္ပါေတာ့မလား။
ပန္းကေလးေတြ
တစ္ပြင့္ျပီး တစ္ပြင့္ သူတို႕အေၾကာင္း သူတို႕ေျပာရင္း
ေသဆံုးၾကရ၊
ၾကယ္ကေလးေတြ
တျဖဳတ္ျဖဳတ္ေၾကြက်ေနတာ
သူတို႕အေၾကာင္းသူတို႕ ေျပာေနၾကတာ
အခ်ိန္ေတြဘယ္လိုေသဆံုးရတယ္ဆိုတာ
ေျပာျပဖို႕ေတာ့
တိုင္ကပ္နာရီတစ္လံုးနဲ႕ မလံုေလာက္ႏိုင္ဘူးေပါ့။
သတိထား
သစ္ပင္အျမင့္ၾကီးေတြေပၚ တက္တဲ့အခါ သတိထား။ ။
ပိုင္စိုးေဝ
(ဇူလိုင္၊ ၂၀၀၃)
ေဖာ္ျပပါ ကဗ်ာမ်ားကို majestic publishing မွ ၂၀၀၈၊ ဇန္နဝါရီလတြင္ ထုတ္ေဝေသာ
မူးေနတဲ့ ၾကယ္တံခြန္ ကဗ်ာစာအုပ္မွ ကူးယူေဖာ္ျပပါသည္။
ေဖာ္ျပပါ ကဗ်ာမ်ားကို majestic publishing မွ ၂၀၀၈၊ ဇန္နဝါရီလတြင္ ထုတ္ေဝေသာ
မူးေနတဲ့ ၾကယ္တံခြန္ ကဗ်ာစာအုပ္မွ ကူးယူေဖာ္ျပပါသည္။",2.0,3.0,2.0,3.0,5.0,"The document contains literary poetry by a well-known Burmese poet. While it lacks structured educational exercises, it offers significant cultural and linguistic value. The text is authentic and reflects the Burmese literary tradition. It contains some minor repetition of the source citation at the end, but the core content is clean and well-formatted."
<urn:uuid:df835fd8-2809-4fc7-9579-6bf509f25a72>,"အွန်လိုင်းတွင် ဆောင်းပါးမှာ အဆုံးသတ်သည်ဟု မရှိပါ
အင်တာနက်သည် ဘယ်တော့မှ မရပ်တန့်သည့် မပြတ် စီးဆင်းနေသော မီဒီယာပုံစံတစ်ခု ဖြစ်သည်။ ရုပ်မြင်သံကြားနှင့် ရေဒီယို (မပြတ် စီးဆင်းနေသော မီဒီယာ ပုံစံဖြစ်သည့်) တို့နှင့် မတူဘဲ အင်တာနက်သည် သတင်းများက ၂၄/၇ ရက်လုံး ပြောင်းလဲနေသည့် ကမ္ဘာ့ရွာခေတ်တွင် ပေါ်ထွက်လာသောကြောင့် သတ်သတ်မှတ်မှတ် ထုတ်လွှင့်ချိန်မရှိသည်မှာ အသေချာပင် ဖြစ်သည်။ လက်တွေ့အားဖြင့် သတင်းများကို မနက်ည အချိန်မရွေး ထုတ်လွှင့်နိုင်သည်ဟု ၎င်းက ဆိုလိုပါသည်။ တခြားအချိန်များထက် အချို့သော အချိန်များတွင် အသုံးပြုမှု ပိုများလျှင်ပင် သတင်းအပိုင်းအစကို “ပြန်ချုပ်ဆွဲထားရန်” မလိုအပ်ပါ။
အက္ခရာ ၁၄၀ လုံး Tweet သို့ ရိုးရှင်းသော လင့်ခ်ဖြင့် စတင်ရန်မှာ သတင်းအပိုင်းအစအတွက် ထူးခြားပါသည်။ ထိုသို့သော ဖြစ်ရပ်မှာ နာမည်ကျော်များ၏ ဘဝနေထိုင်မှုများကို အထူးစောင့်ကြည့်သည့် pure-player သတင်းစာမျက်နှာ၏ Twitter တွင် ရေးတင်သော မက်ဆေ့ချ်မှာ မိုက်ကယ်ဂျက်ဆင်၏ သေဆုံးမှုအတွက် ပထမဆုံး ကြေညာချက် ဖြစ်ခဲ့ခြင်းဖြစ်သည်။
“အရေးတကြီး — TMZ.com သည် မိုက်ကယ်ဂျက်ဆင် နှလုံးဖောက်၍ လော့စ်အိန်ဂျလိစ် ဆေးရုံသို့ ခေါ်ဆောင်သွားသည်ဟု ကြေညာပါသည်။”
အဆိုပါ Tweet ၏ ၂၄ နာရီအတွင်း Twitter ဒေတာ စီးဆင်းမှုနှင့် Facebook ဒေတာ စီးဆင်းမှု သုံးဆမြင့်တက်ခဲ့ပြီး အဆိုပါ သတင်းဖြစ်ပြီးနောက် စကားဝိုင်းများ ထွက်ပေါ်လာနိုင်ခြေ ညွှန်ပြချက် ရှိခဲ့ပါသည်။ နောက်တစ်နေ့တွင် ကမ္ဘာ့အကြီးဆုံး နေ့စဉ် သတင်းစာများသည် ၎င်းတို့၏ စာဖတ်သူများအတွက် ပြည့်စုံလုံလောက်သော နာရေးသတင်းကို စီစဉ်ပေးနိုင်ခဲ့သည်။ နှစ်နှစ်ကြာပြီးနောက် ကြယ်ပွင့်အဆိုတော် မသေဆုံးမီ နာရီအတွင်း ၎င်းကို ကုသပေးသည့် ဆရာဝန်အား လော့စ်အိန်ဂျလိစ် တရားရုံးက စစ်ဆေးခဲ့ပြီး စီရင်ချက်ချခဲ့သည်။ ဇာတ်ကြောင်းသည် ဆောင်းပါး ဖန်တီးရေးသားခြင်း သဘောတရားအတွက် ကောင်းမွန်သော သရုပ်ဖော်မှု ဖြစ်ပြီး ၎င်းတွင် အချိန်ကြာမြင့်စွာအထိ အပါအဝင် သတင်း တိုးတက်လာသည်နှင့်အမျှ ပေါင်းထည့်သည့် အကြောင်းအရာ ပါရှိသည်။
စဉ်ဆက်မပြတ် ပြင်ဆင်ချက်များကို ဘယ်လို ထည့်သွင်းရမလဲ။
အွန်လိုင်း သတင်းပညာ၏ အဓိက စိန်ခေါ်မှုတစ်ခုမှာ သတင်းများအတွက် ရာသက်ပန် ပြောင်းလဲမှုများကို မြင်စေနိုင်ပြီး လက်ဆုပ်လက်ကိုင်ပြနိုင်စေရန် ဖြစ်သည်။ သို့ဖြစ်ပါ၍ ၎င်းက ရက်စွဲ (ထုတ်ပြန်သည့် နေ့၊ နှစ်နှင့် အချိန်) နှင့် တိကျသော အမျိုးအစားခွဲမှု (တက်ဂ်) ကို ပံ့ပိုးရန် မရှိမဖြစ်လိုအပ်ပြီး ထိုနည်းလမ်းဖြင့် အင်တာနက် သုံးစွဲသူအား ခွဲခြားရွေးထုတ်နိုင်စေပါသည်။ ၎င်းက သင်၏ စုစည်းသိမ်းဆည်းမှုများအတွက် စစ်မှန်သော တန်ဖိုးကိုလည်း ပေးအပ်ပါသည်။ မိုက်ကယ် ဂျက်ဆင် သေဆုံးမှုက ရှေ့တန်းသို့ ပြန်ရောက်လာသည့်အချိန်တိုင်းတွင် ဤအကြောင်းအရာကို ရှာဖွေရေး အင်ဂျင်များက “အရေးတကြီးဆင့်ခေါ်” ပြီး ဝဘ်သုံးစွဲသူများက ဖတ်ရှု (သို့မဟုတ် ပြန်လည်ဖတ်ရှု) ပါမည်။
အဆိုပါ အခြေအနေတွင် သတင်းစာဆရာများသည် စည်းကမ်းချက်နှစ်ခုကို လိုက်နာရန်မှာ အလွန်အရေးကြီးပါသည်-
- အမှားကို အင်တာနက် သုံးစွဲသူက သတင်းပေးပို့ပြီးနောက် အမှားပြုလုပ်ခဲ့ကြောင်း အသိအမှတ်ပြုခြင်းနှင့်
- ဆောင်းပါး၏ အောက်ခြေတွင် ပြင်ဆင်ချက်များ ခွဲခြားသတ်မှတ်၍ အဆိုပါ အမှားကို မြင်နိုင်အောင်ပြုလုပ်ခြင်း။
ဤအကျင့်သည် သင်၏ စာဖတ်သူများထံမှ လက်ခံရရှိသည့် လေးစားမှုကို တိုးလာစေမည်ဖြစ်ပြီး သင်၏ အပေါင်းအဖော် သတင်းစာဆရာများ၏ နှိမ့်ချခြင်းကို တိုးတက်စေပါမည်။",3.0,3.0,3.0,5.0,2.0,"The text provides a clear, educational overview of digital journalism and the evolution of news reporting. It uses logical examples like the Michael Jackson case to illustrate concepts. The language is natural and professional, though it is a translation of Western media concepts rather than a piece deeply rooted in indigenous Burmese cultural context."
<urn:uuid:c176fa5e-00a9-4018-af5a-a1c30f986964>,"Email This Story :
ျမန္မာႏိုင္ငံမွာ လူဦးေရတိုးႏႈန္း က်ဆင္းေနလို႔ “အမ်ိဳးသားလူဦးေရမူဝါဒ” ခ်မွတ္ ေဆာင္႐ြက္ဖို႔ ေရၾကည္ မဲဆႏၵနယ္က ေဒါက္တာစံေရႊဝင္းက ျပည္သူ႔လႊတ္ေတာ္မွာ ေဆြးေႏြး ေျပာဆိုခဲ့ပါတယ္။
၁၉၅၅ ခုႏွစ္ေလာက္က လူဦးေရတိုးႏႈန္း ၂ ဒသမ ၀၁ ေလာက္ ရွိရာကေန ၂၀၁၄ ခုႏွစ္မွာ ဒသမ ၈၉ ပဲ ရွိေတာ့တယ္လို႔ ေဒါက္တာစံေရႊဝင္းက ေဖေဖာ္ဝါရီ ၅ ရက္ လႊတ္ေတာ္မွာ ေျပာခဲ့တာပါ။
“၂၀၁၄ သန္းေခါင္စာရင္း အေျခခံအခ်က္အလက္မ်ားအရ ျမန္မာႏိုင္ငံရဲ႕ လူဦးေရဟာ ၅၂ သန္းျဖစ္ပါတယ္။ သို႔ေသာ္ အဲဒီအခ်ိန္တုန္းက က်ေနာ္တို႔ လက္ခံထားတဲ့ ၁၉၈၃ ခုႏွစ္ လူဦးေရကို အေျခခံၿပီးေတာ့ တြက္ခ်က္ထားတဲ့ ခန္႔မွန္းလူဦးေရက ၆၂ သန္း ျဖစ္ပါတယ္။ လူဦးေရ ကြာျခားမႈက ၁၀ သန္း ျဖစ္ပါတယ္။ တၿပိဳင္နက္တည္းမွာပဲ လူဦးေရတိုးႏႈန္းက ဒသမ ၈၉ ျဖစ္ပါတယ္။ ၁၉၅၅ ခုႏွစ္ေလာက္က ၂ ဒသမ ၀၁ ေလာက္ ျဖစ္တာကေန တျဖည္းျဖည္း က်ဆင္းလာၿပီးေတာ့ ၂၀၁၄ ခုႏွစ္မွာ ဒသမ ၈၉ ျဖစ္သြားတဲ့အတြက္ လူဦးေရဟာ တျဖည္းျဖည္း တိုးႏႈန္းေတြ က်ဆင္းေနတယ္ဆိုတဲ့အခ်က္ကို ေတြ႔ရပါတယ္။”
ေဒါက္တာစံေရႊဝင္းရဲ႕ “အမ်ိဳးသားလူဦးေရ မူဝါဒ” ခ်မွတ္ေဆာင္ရြက္ဖို႔ အစီအစဥ္ ရွိ၊ မရွိ ဆိုတဲ့ ေမးခြန္းနဲ႔ပတ္သက္လို႔ အလုပ္သမား၊ လူဝင္မႈႀကီးၾကပ္ေရးႏွင့္ ျပည္သူ႔အင္အား ဝန္ႀကီး ဦးသိန္းေဆြက ဝန္ႀကီးဌာနအေနနဲ႔ ေရးဆြဲဖို႔ အစီအစဥ္ ရွိတယ္လို႔ ေျဖၾကားသြားပါတယ္။
“ဝန္ႀကီးဌာနအေနနဲ႔ ၂၀၁၄ ခုႏွစ္၊ သန္းေခါင္စာရင္း အခ်က္အလက္မ်ားကို အေသးစိတ္ ေလ့လာဆန္းစစ္ထားတဲ့ သုေတသနစာတမ္းမ်ားက ေတြ႔ရွိခ်က္မ်ားကို မူတည္ၿပီး လူဦးေရမူဝါဒ ေရးဆြဲႏိုင္ရန္ ရည္မွန္းထားတယ္။ ျပည္ေထာင္စုသမၼတ ျမန္မာႏိုင္ငံေတာ္ရဲ႕ လူဦးေရႏွင့္ ဖြံ႔ၿဖိဳးတိုးတက္ေရးလုပ္ငန္းမ်ား ေဆာင္ရြက္ႏိုင္ဖို႔၊ ႏိုင္ငံမွာ ရွိတဲ့ လူဦးေရဆိုင္ရာ အဖြဲ႔အစည္းမ်ားနဲ႔ ခ်ိတ္ဆက္ေဆာင္႐ြက္ႏိုင္ဖို႔နဲ႔ ဥပေဒ၊ နည္းဥပေဒနဲ႔ မူဝါဒမ်ား ခ်မွတ္ေဆာင္ရြက္ႏိုင္ဖို႔အတြက္ လုပ္ငန္းစဥ္ ပထမေျခလွမ္းအျဖစ္ အမ်ိဳးသားအဆင့္ လူဦးေရႏွင့္ ဖြံ႔ၿဖိဳးတိုးတက္ေရး ေကာ္မရွင္ကို ဖြဲ႔စည္းဖို႔ လိုအပ္တယ္။”လို႔ ၀န္ႀကီးကေျပာပါတယ္။
ေကာ္မရွင္ကို ၂၀၁၁ခုႏွစ္ ႏို၀င္ဘာ ၂၄ရက္ကတည္းက ဖြဲ႔စည္းခဲ့ေပမယ့္ ၂၀၁၆ မတ္လ ၂၉ ရက္မွာ အစိုးရက ဖ်က္သိမ္းခဲ့လို႔ ျပန္လည္ဖြဲ႔စည္းခြင့္ျပဳဖို႔ ဝန္ႀကီးဌာနအေနနဲ႔ ျပည္ေထာင္စု အစိုးရ အဖြဲ႔သို႔ တင္ျပထားတယ္လုိ႔သိရပါတယ္။
ေကာ္မရွင္ဖြဲ႔စည္းခြင့္ရရွိရင္ လူဦးေရမူဝါဒ ေရးဆြဲျခင္း လုပ္ငန္းစဥ္ေတြကို ေကာ္မရွင္က ဦးစီးၿပီး ဝန္ႀကီးဌာနေပါင္းစုံ ပါတဲ့ အဖြဲ႔ေတြနဲ႔ စနစ္တက် ေဆာင္ရြက္သြားမယ္လို႔ ျပည္ေထာင္စု၀န္ႀကီး ဦးသိန္းေဆြက လႊတ္ေတာ္မွာ ေျပာသြားပါတယ္။",3.0,3.0,3.0,3.0,4.0,"The text is a factual report on parliamentary discussions regarding national population policy. It provides educational value by explaining demographic trends and government processes. It contains minor boilerplate (e.g., 'Email This Story') but is otherwise coherent and uses natural, formal Burmese appropriate for political reporting."
<urn:uuid:dadc45d1-c53c-415d-b964-04a56fdf92df>,"၂၀၁၃-၁၄ ဘ႑ာေရးႏွစ္အတြက္ အစိုးရအဖြဲ႔ အသုံးစရိတ္ လ်ာထားေငြတြင္ ႏိုင္ငံေတာ္ဘတ္ဂ်က္၏ ၂၁ ရာခိုင္ႏႈန္းကုိ စစ္တပ္အသုံးစရိတ္အတြက္ တင္ျပေတာင္းခံထားရာ ယခင္ႏွစ္ စစ္အသုံးစရိတ္ထက္ ျမင့္ေနေၾကာင္း သိရသည္။
ၿပီးခဲ့သည့္ ၂၀၁၂-၁၃ ဘ႑ာာေရးႏွစ္တြင္ စစ္အသုံးစရိတ္ကုိ ႏိုင္ငံေတာ္ဘတ္ဂ်က္၏ ၁၄ ဒသမ ၃၉ ရာခိုင္ႏွႈန္း သုံးစြဲရန္ ျပည္ေထာင္စုလႊတ္ေတာ္က အတည္ျပဳေပးခဲ့သည္။
“ေငြစာရင္း ေကာ္မတီ၀င္တခ်ဳိ႕ ေျပာတာကေတာ့ စစ္တပ္အသုံးစရိတ္က ၂၁ ရာခိုင္ႏႈန္း ၀န္းက်င္အထိ တင္ျပထားေတာ့ ေတာ္ေတာ္ႀကီး မ်ားေနတယ္လို႔ ေျပာၾကတယ္။ ခြင့္ျပဳေပးေရးကိစၥကုိ လႊတ္ေတာ္မွာ ေဆြးေႏြးၿပီးမွ ဘယ္ေလာက္ပဲ ခြင့္ျပဳမယ္ဆိုတာ ဆုံးျဖတ္ၾကမွာပါ” ဟု အမ်ဳိးသားလႊတ္ေတာ္ ကုိယ္စားလွယ္ ဦးဖုန္းျမင့္ေအာင္က ဧရာ၀တီသုိ႔ ေျပာသည္။
၂၀၁၃-၁၄ ခုႏွစ္ ဘ႑ာေရးႏွစ္ ဘတ္ဂ်က္ လ်ာထားေငြ စာရင္းမ်ားကုိ လႊတ္ေတာ္ ကုိယ္စားလွယ္မ်ားထံ ယမန္ေန႔က ျဖန္႔ေ၀ေပးထားေသာ္လည္း ကုိယ္စားလွယ္မ်ားအေနျဖင့္ အေသးစိတ္ မေလ့လာရေသးေၾကာင္း၊ စာရင္းကို ႀကိဳတင္ရရွိထားသည့္ ျပည္သူ႔ေငြစာရင္း ပူးေပါင္းေကာ္မတီက ယခုအခါ စိစစ္သုံးသပ္ စစ္ေဆးေနၿပီျဖစ္ေၾကာင္း ကုိယ္စားလွယ္မ်ားထံမွ သိရသည္။
ယခုႏွစ္တြင္ စစ္ေရးအသုံးစရိတ္ တိုးေတာင္းလာျခင္းသည္ လက္ရွိဆင္ႏြဲေနေသာ ကခ်င္ေဒသ စစ္ပြဲမ်ားေၾကာင့္ ကုန္က်မႈ မ်ားျပားသည့္အတြက္လည္း ျဖစ္ႏိုင္ေၾကာင္း၊ စစ္ေရးအသုံးစရိတ္သည္ ႏွစ္စဥ္မ်ားေနသည့္တိုင္ ယခင္ထက္ တိုးျမွင့္ရန္ မသင့္ေတာ့ေၾကာင္း ျပည္သူ႔လႊတ္ေတာ္ ကုိယ္စားလွယ္ ဦးခိုင္ေမာင္ရီ (ခ) ဦးခင္ေမာင္ရီက ေျပာသည္။
“ျမန္မာႏိုင္ငံက စစ္ေရးအင္အားႀကီး ႏိုင္ငံတည္ေဆာက္ဖို႔ မလိုအပ္ေသးေတာ့ စစ္အသုံးစရိတ္ေတြ ေလ်ာ့ခ်ၿပီးေတာ့ ျပည္သူေတြအတြက္ အေရးႀကီးတဲ့ စီးပြားေရး၊ က်န္းမာေရး၊ ပညာေရး က႑ေတြမွာ ပိုမိုသုံးစြဲသင့္ပါတယ္၊ စစ္အသုံးစရိတ္ဟာ ျပည္သူေတြအတြက္ ၀န္ထုပ္၀န္ပိုး ျဖစ္မေနသင့္ဘူး” ဟု ၎က ဧရာ၀တီသုိ႔ ေျပာသည္။
စစ္တပ္၏ အသုံးစရိတ္အား ေလွ်ာ့ခ်ကာ ၿငိမ္းခ်မ္းေရး တည္ေဆာက္ေရး တည္ေဆာက္ျခင္းကုိသာ အဓိကထား ေဆာင္ရြက္သင့္ေၾကာင္း၊ တႏိုင္ငံလုံး တည္ၿငိမ္ေအးခ်မ္းသြားပါက တိုက္စစ္စရာ မလိုေတာ့ဘဲ ျပည္သူတို႔၏ လူမႈဘ၀ စီးပြားေရး တိုးတက္မႈ လုပ္ငန္းမ်ားကုိ ပိုမိုလုပ္ေဆာင္ႏိုင္မည္ဟုလည္း ဦးခိုင္ေမာင္ရီက ေျပာသည္။
၂၀၁၃-၁၄ ခုႏွစ္ ဘ႑ာေရးႏွစ္အတြက္ ႏိုင္ငံပိုင္စီမံကိန္းမ်ား၊ ရင္းႏွီးျမွဳပ္ႏွံမႈမ်ားႏွင့္ ၀န္ႀကီးဌာန ၃၄ ခု အတြက္ အသုံးစရိတ္ လ်ာထားေငြမွာ က်ပ္သန္းေပါင္း ၄၆၈၉၆၁၉ ဒသမ ၈၆၂ တင္ျပထားေၾကာင္း၊ ၎အနက္ စစ္တပ္ တခုတည္းအတြက္ လ်ာထားေငြမွာ က်ပ္သန္းေပါင္း ၁၀၆၇၃၆၅ ဒသမ ၆၀၃ သန္းျဖစ္ေၾကာင္း The Voice Weekly ဂ်ာနယ္၏ အင္တာနက္ စာမ်က္ႏွာ၌ ေဖာ္ျပထားသည္။
စစ္တပ္သည္ ဦးေန၀င္းအစိုးရ လက္ထက္မွ နအဖ စစ္အစိုးရ လက္ထက္အထိ ႏိုင္ငံေတာ္ ဘတ္ဂ်က္၏ ထက္၀က္နီးပါးကုိ သုံးစြဲခဲ့ေသာ္လည္း တရားထုတ္ျပန္၍ ျပည္သူထံ အသိေပးေလ့မရွိေပ။၂၀၁၀ ေရြးေကာက္ပြဲအၿပီး လႊတ္ေတာ္မ်ား ေပၚေပါက္ၿပီးေနာက္ပိုင္း တရား၀င္ ထုတ္ျပန္လာျခင္း ျဖစ္သည္။
ယခု သီတင္းပတ္တြင္ ျပန္လည္က်င္းပေနသည့္ ဆ႒မအႀကိမ္ လႊတ္ေတာ္အစည္းမ်ားတြင္ ဥပေဒၾကမ္း ကိစၥမ်ား၊ ရင္းႏွီးျမွဳပ္ႏွံမႈဆိုင္ရာ ကိစၥမ်ား၊ ေခတ္မမီေတာ့သည့္ ဥပေဒတခ်ဳိ႕ ဖ်က္သိမ္း ျပင္ဆင္ေရးဆြဲေရးကိစၥ၊ ႏိုင္ငံေတာ္ ဖြဲ႔စည္းပုံဆိုင္ရာ အေျခခံဥပေဒခုံ႐ံုးကိစၥမ်ားႏွင့္ ၂၀၁၃-၁၄ ဘ႑ာေရးႏွစ္ အသုံးစရိတ္ ကိစၥမ်ားကုိ ေဆြးေႏြးၾကမည္ဟု ကုိယ္စားလွယ္မ်ားက ေျပာသည္။",3.0,3.0,3.0,5.0,5.0,"The text is a well-structured, journalistic report on Myanmar's national budget and military spending. It provides clear, factual information suitable for secondary education, demonstrates logical analysis of fiscal policy, and uses natural, authentic Burmese language and political terminology appropriate for the context."
<urn:uuid:e22bd2b3-7fa2-47ea-8359-f25cf2ec9f1e>,"Email This Story :
ဧရာဝတီတိုင္း ပုသိမ္ၿမိဳ႕နယ္ထဲက ေျမဧက ၃၀၀ မွာ စိုက္ပ်ိဳးထားတဲ့ ေကာ္ဖီ စိုက္ခင္းေတြအတြက္ ကြင္းေခ်ာင္းနဲ႔ မကၠလာေခ်ာင္းက ေရေတြ အလြန္အကြၽံ သံုးစြဲေနလို႔ ေခ်ာင္းတိမ္ေကာလာေနၿပီး ေဒသခံေတြ ေရအခက္အခဲေတြ႕ေန ပါတယ္။
ဒါေၾကာင့္ ေခ်ာင္းေရကို အမီွျပဳေနတဲ့ ရြာေပါင္း ၁၂ ရြာက ေဒသခံေတြအတြက္ သံုးေရ ေသာက္ေရ အခက္အခဲအျပင္ စိုက္ပ်ိဳးထားတဲ့ အပင္ေတြအတြက္ပါ ေရအခက္အခဲ ျဖစ္ေပၚေနတယ္လို႔ မ႑ပ္ေက်းရြာမွာ ေနထိုင္သူ ဦးဝင္းေရႊက ေျပာပါတယ္။
“ေကာ္ဖီစိုက္ခင္းက ေရေတြ သံုးစဲြတာေၾကာင့္ က်ေနာ္တို႔ ေရသံုးစဲြရတာ နည္းပါးသြားၿပီးေတာ့ အညစ္အေၾကး ေရေတြနဲ႔ ေတာ္ေတာ္အခက္အခဲ ႀကံဳေတြ႔ေနပါတယ္။ မကၠလာေခ်ာင္းမွာ ေမာင္းတင္ေနတဲ့ စက္အလံုးေပါင္း ၁၂ လံုးေလာက္ စုပ္တင္ေနေတာ့ ဒီေရေတြ ခန္းေျခာက္လာပါတယ္။ လူေတြနဲ႔ တိရစာၦန္ေတြအတြက္ သံုးေရ ေသာက္ေရ ေတာ္ေတာ္ေလး ဒုကၡေရာက္ေနပါတယ္။ ျပည္သူေတြက ဒီေရကို အမွီျပဳေနရတာပါ။”
ဒီေဒသမွာ ေကာ္ဖီစိုက္ခင္းေတြကို ၂၀၁၄ ခုႏွစ္ေလာက္က စတင္စိုက္ပ်ိဳးေနတာျဖစ္ၿပီး ေရသံုးစြဲမႈ မ်ားတာေၾကာင့္ အရင္က ေႏြရာသီကာလမွာ ေရ ခါးလယ္ေလာက္ရွိေနတဲ့ ေခ်ာင္းေတြဟာ အခု ဇန္နဝါရီလမွာပဲ ကုန္း စေပၚေနပါတယ္။
အနီးအနားက ေက်းရြာေတြကလည္း ေရတြင္း ေရကန္ တူးမရတာေၾကာင့္ ဒီေခ်ာင္းေရကိုပဲ အဓိကထား ေသာက္ေရ သံုးေရ အသံုးျပဳေနရတဲ့အတြက္ အစိုးရက ဒီအေျခအေနကို ထိန္းေပးသင့္တယ္လို႔ ေဒသခံေတြက ဆိုပါတယ္။
မ႑ပ္ေက်းရြာေန ဦးေက်ာ္စိုးက “စက္ေပါင္း ေျမာက္ျမားစြာ အသံုးျပဳလို႔ ေရေတြ ခန္းေျခာက္တယ္။ ဒီေနရာမွာ စက္က ျပန္တင္လိုက္တဲ့ ေရေတြ၊ စက္က ျပန္က်လာတဲ့ ရႊံ႕ႏွစ္ေတြ ပါလာတယ္။ ပိုက္ေတြကေန ဆီေတြက်တယ္။ ျဖတ္သြားျဖတ္လာ လူသြားလူလာ မ်ားလာတဲ့အခါက်ေတာ့ ဒီေရေတြမွာ အညစ္အေၾကးေတြနဲ႔ အေနာက္ေတြပဲ က်ေနာ္တို႔ သံုးစဲြရတယ္။ ဒီေခ်ာင္းကို မွီခိုအားထားၿပီးေနရတဲ့သူေတြက ၄ အုပ္စုဆိုေတာ့ ရြာေပါင္း ၈ ရြာေလာက္ ရွိပါတယ္။ အနားပါးနီးရြာေတြနဲ႔ဆို အားလံုးေပါင္း ၁၂ ရြာေလာက္ ဒီေရကို အားကိုးေနရတယ္။ အခက္အခဲျဖစ္လို႔ က်ေနာ္တို႔ ပထမတႀကိမ္ တိုင္တယ္။ စက္က ၇ လံုးေလာက္ စုပ္တယ္။ ေနာက္တခ်ီက်ေတာ့ စက္ ၁၂ လံုးေလာက္ ျဖစ္သြားတယ္။ ဒီတခ်ီမွာ ထပ္တိုင္ရင္ စက္ ၁၅ လံုး ျဖစ္မလားလို႔ က်ေနာ္တို႔ စိုးရိမ္ပါတယ္” လို႔ ေျပာပါတယ္။
ဒီေကာ္ဖီစိုက္ခင္းေတြကို MAGTCoffee ကုမၸဏီက စိုက္ပ်ိဳးေနတာျဖစ္ၿပီး ေျမဧက ၃၀၀ ေပၚမွာ တဧကကို ေကာ္ဖီပင္ ၄၃၅ ပင္ႏႈန္းနဲ႔ ေကာ္ဖီပင္ေပါင္း ၁၃၀၅၀၀ စိုက္ပ်ိဳးထားပါတယ္။
ေကာ္ဖီတပင္ကို တလကို ေရ ၃၀ ဂါလန္နီးပါး ကြင္းေခ်ာင္းထဲကေန ေရပိုက္ခ် စုပ္တင္ၿပီး ေလာင္းေနေပမယ့္ ဒီလို ေရသံုးစြဲတာေၾကာင့္ ေခ်ာင္းေတြ တိမ္ေကာလာတာ မဟုတ္ဘဲ နဂိုကတည္းက အခုခ်ိန္ေရာက္ရင္ တိမ္ေကာေနတဲ့ ေခ်ာင္းေတြသာ ျဖစ္တယ္လို႔ MAGT Coffee ကုမၸဏီ တာဝန္ရွိသူေတြက ဆိုပါတယ္။
MAGT ကုမၸဏီဟာ အိႏၵိယႏုိင္ငံသား ေကာ္ဖီစိုက္ပ်ိဳးေရးပညာရွင္တဦးရဲ႕ နည္းပညာေတြနဲ႔ ပုသိမ္ၿမိဳ႕နယ္ထဲက သစ္ေတာေျမဧက ၃၀၀၀ ကို ေလၽွာက္ထားၿပီး လတ္တေလာ ဧက ၃၀၀ စတင္စိုက္ပ်ိဳးေနပါတယ္။
သတင္း – ျမမင္းဦး(ပုသိမ္)",3.0,3.0,2.0,3.0,4.0,"The text is a journalistic report on a local environmental conflict in Pathein. It provides educational value regarding resource management and local issues. It presents multiple perspectives (residents vs. company), demonstrating basic reasoning. It is written in natural, authentic Burmese, though it contains some boilerplate header text."
<urn:uuid:1b8b19ac-6776-4891-8919-85fe24a6447e>,"ရန်ကုန်တိုင်းအစိုးရ စာရင်းစစ်ချုပ်အစီရင်ခံစာ ထိမ်ချန်ထားဟု ရန်ကုန်စောင့်ကြည့်အဖွဲ့ ထောက်ပြ
888
ရန်ကုန်တိုင်းအစိုးရက ၂၀၁၇-၂၀၁၈ ဘဏ္ဍာနှစ်မှာ ပြည်နယ်နဲ့တိုင်း ၅ ခုစာလောက် ဘဏ္ဍာငွေသုံးစွဲထားပြီး စာရင်းစစ်ချုပ် အစီရင်ခံစာကို ထိမ်ချန်ထားတာ တွေ့ရတယ်လို့ ရန်ကုန်စောင့်ကြည့်အဖွဲ့ တည်ထောင်သူ ဒေါက်တာညိုညိုသင်းက ထောက်ပြလိုက်ပါတယ်။ ရန်ကုန်တိုင်းအစိုးရ ၂၀၁၇-၂၀၁၈ ဘဏ္ဍာနှစ် စာရင်းစစ်ချုပ် အစီရင်ခံစာကို တိုင်းအစိုးရအဖွဲ့ရဲ့ တားမြစ်ချက်ကြောင့် အရင်နှစ်ကလို ရန်ကုန်တိုင်း လွှတ်တော်မှာ တင်ပြခြင်း မရှိသလို လွှတ်တော် ဥက္ကဋ္ဌနဲ့ ပြည်သူ့ငွေစာရင်းကော်မတီကိုသာ ပေးပို့ခဲ့တာပါ။ စာရင်းစစ်ချုပ်အစီရင်ခံစာထဲမှာ YBS အများပိုင်ကုမ္ပဏီတွေမှာ ရင်းနှီးမြှုပ်နှံထားတဲ့ ပြည်သူပိုင်ငွေကြေးတွေ၊ ရန်ကုန်မြို့သစ်စီမံကိန်းအပေါ် ရင်းနှီးမြှုပ်နှံမှုတွေ၊ ရင်းနှီးမြှုပ်နှံထားတဲ့ ငွေတွေကို စီမံခန့်ခွဲရေးစရိတ်တွေမှာ သုံးစွဲထားတာ၊ အစိုးရကို ပေးစရာရှိတဲ့ ဘီလီယံချီတဲ့ အကြွေးတွေနဲ့ ၂၀၁၇-၂၀၁၈ အစိုးရ သုံးထားတဲ့ ဘီလီယံပေါင်း ၄၆၅ ဘီလီယံကျော် သုံးစွဲမှုတွေ ပါဝင်နိုင်ပြီး အဲဒီအပေါ် ထိမ်ချန်ထားတာ တွေ့ရတယ်လို့ ဒေါက်တာညိုညိုသင်းက ထောက်ပြပါတယ်။ “ရန်ကုန်တိုင်းအစိုးရရဲ့ သုံးငွေတွေဟာ ဆောက်လုပ်ရေးလုပ်ငန်းတွေအတွက် သုံးတာ ရှိတယ်။ ၂၀၁၇-၂၀၁၈ မှာဆိုရင် ၄၆၅ ဒသမ ၇ ဘီလီယံသုံးတာ ရှိတယ်။ ၄၆၅ ဒသမ ၇ ဘီလီယံ ဆိုတာ တချို့ ပြည်နယ်နဲ့တိုင်း ၅ ခုစာလောက်ကို သုံးတာ ဖြစ်ပါတယ်။ ရန်ကုန်တိုင်း အစိုးရ ဒီလောက် ပိုက်ဆံအများကြီးကို သုံးထားတယ်။ ဒါပေမဲ့ သူ့ရဲ့လုပ်ငန်းတွေကို အကောင်အထည်ဖော်တဲ့ စာရင်းစစ်ချုပ်ရဲ့ အစီရင်ခံစာကို ထိမ်ချန်ထားရာရောက်တဲ့ အပြအမူတွေကို အထင်အရှား တွေ့နေရတယ်။” စာရင်းစစ်ချုပ်အစီရင်ခံစာကို ပွင့်လင်းမြင်သာစွာ ချမပြတဲ့အပေါ် ရန်ကုန်စောင့်ကြည့်အဖွဲ့အနေနဲ့ ရန်ကုန်တိုင်းလွှတ်တော်မှာ တင်ပြမှုမရှိရင် နိုင်ငံတော်သမ္မတအထိ အစီရင်ခံစာပေးပို့သွားမယ်လို့ ပြောပါတယ်။ ဒါ့အပြင် အဂတိလိုက်စားမှု တိုက်ဖျက်ရေးကော်မရှင်ကလည်း ရန်ကုန်တိုင်းအစိုးရကို ကျော်စောသတင်းနဲ့ စောင့်ကြည့်ပေးဖို့ ရန်ကုန်စောင့်ကြည့်အဖွဲ့က ဇန်နဝါရီ ၆ ရက်နေ့က ကျောက်တံတားမြို့နယ် Myanmar Press Fredom Centre မှာ သတင်းစာရှင်းလင်းပွဲ ပြုလုပ်ပြီး တိုက်တွန်းခဲ့တာပါ။ ရန်ကုန်စောင့်ကြည့်အဖွဲ့ ဒါရိုက်တာ ဒေါ်နီနီခိုင်က “အဂတိလိုက်စားမှု တိုက်ဖျက်ရေးကော်မရှင်အနေနဲ့လည်း စာရင်းစစ်ချုပ် အစီရင်ခံစာမူရင်း ဖော်ပြမထားခြင်းရဲ့ နောက်ကွယ်မှာ လုပ်ပိုင်ခွင့်ရှိသူများရဲ့ တာဝန်ပျက်ကွက်မှုကြောင့် နိုင်ငံတော်ကို နစ်နာစေမှုများကို ဖော်ထုတ်ရန်ဖြစ်စေ၊ လုပ်ပိုင်ခွင့်ကို အလွဲသုံးစားပြု၍ တစုံတဦးတဖွဲ့ကို အကျိုးရှိစေခြင်းတို့ကို ဖော်ထုတ်နိုင်ရန်ဖြစ်စေ၊ အစီရင်ခံစာပါကိစ္စများနှင့် စပ်လျဉ်း၍ ကျော်စောသတင်းအဖြစ် မှတ်ယူနိုင်ရန်ဖြစ်စေ၊ မျက်ခြည်မပြတ် စောင့်ကြည့် ဖော်ထုတ်သင့်ပါကြောင်း တိုက်တွန်းအပ်ပါတယ်”လို့ ပြောပါတယ်။ တရားလွှတ်တော်ရှေ့နေ ဦးကြီးမြင့်က “အခု စာရင်းစစ်ချုပ် အစီရင်ခံစာဆိုတာ ဒေသဆိုင်ရာ ဝန်ကြီးချုပ်ကို အရေးယူဖို့ လိုအပ်သလို ပြင်ဆင်ဖို့အတွက် သူ ပြင်ဆင်စရာရှိလည်း ပြင်၊ အရေးယူစရာရှိလည်း အရေးယူဖို့အတွက် သူ့ကို စာရင်းစစ်ချုပ်က လွှတ်တော်ကနေတဆင့် ဝန်ကြီးချုပ်ကို အစီရင်ခံလိုက်တာ။ ဝန်ကြီးချုပ်က သူကိုယ်တိုင်ကလည်း ပြင်ဆင်စရာရှိတာကို သူကိုယ်တိုင်ကလည်း မပြင်ဘူး၊ အရေးယူစရာရှိတဲ့သူကို အရေးမယူဘူးဆိုရင် အဲဒီဝန်ကြီးချုပ်ကို သမ္မတက အရေးယူရမယ်။” လို့ ပြောပါတယ်။ အစိုးရသစ် တက်လာပြီးနောက်ပိုင်း စာရင်းစစ်ချုပ် အစီရင်ခံစာတွေကို ၂၀၁၅-၂၀၁၆ ခုနှစ်နဲ့ ၂၀၁၆-၂၀၁၇ ခုနှစ်အတွက် လွှတ်တော်ကိုယ်စားလှယ်တိုင်းကို ကြိုတင် ဖြန့်ဝေခဲ့ပါတယ်။ အခုနှစ်မှာတော့ လွှတ်တော်ကိုယ်စားလှယ်တွေဆီ ဖြန့်ဝေတာ မရှိခဲ့ပါဘူး။ စိုးမိုးအောင်",3.0,3.0,3.0,4.0,5.0,"The text is a well-structured news report on local government accountability in Myanmar. It provides educational value regarding political processes and public finance, demonstrates logical reasoning through expert commentary, and uses natural, authentic Burmese language with appropriate local political terminology and context."
<urn:uuid:0f675784-ec9d-4535-b53b-55d84c2cd65e>,"ယုံကြည်မှုတည်ဆောက်ခြင်းကို ထိပါးလာခြင်း : တပ်မတော်မှ အပစ်အခတ် ရပ်စဲရေး ကြေငြာထား သည့် ဒေသများရှိ လူ့အခွင့်အရေးအခြေအနေ
(၂၀၁၉ ခုနှစ် ဇန်နဝါရီလမှ ဧပြီလအထိ)
၂၀၁၉ ခုနှစ် ဇူလိုင်လ ၂၆ ရက်
သတင်းထုတ်ပြန်ချက်
ကချင်နှင့် ရှမ်းပြည်နယ်များတွင် လက်နက်ကိုင် တိုက်ပွဲများပြင်းထန်နေစဉ်မှာပင် ၂၀၁၈ ခုနှစ် ဒီဇင်ဘာလကုန် ပိုင်းတွင် မြန်မာ့ တပ်မတော်က မြန်မာပြည်မြောက်ပိုင်းနှင့် အရှေ့မြောက်ပိုင်းတွင် လေးလတာ တဖက်သတ်အ ပစ်အခတ်ရပ်စဲကြောင်း ကြေငြာခဲ့သည်။ မြန်မာ့တပ်မတော်၏ အပစ်အခတ်ရပ်စဲရေးကြေငြာချက်ကို တိုင်းရင်း သားလက်နက် ကိုင်အဖွဲ့များ (EAOs) က သတိဖြင့် ကြိုဆိုခဲ့ကြပြီး အပြုသဘောဆောင်သည့် ပြုမူဟန်အဖြစ် လည်း ငြိမ်းချမ်းရေးဖြစ်စဉ်နှင့် ပတ်သက်ပြီး စောင့်ကြည့်လေ့လာသူများကလည်း ကြိုဆိုခဲ့ကြသည်။
ယခုလို အပစ်အခတ်ရပ်စဲရေးကမ်းလှမ်းခဲ့သော်လည်း မြန်မာ့တပ်မတော်အနေဖြင့် ကချင်နှင့် ရှမ်းပြည်နယ်တို့ တွင် စစ်တပ်စခန်းသစ်များ တိုးချဲ့နေခဲ့သလို တိုင်းရင်းသားလက်နက်ကိုင်အဖွဲ့များ (EAOs) နှင့် တိုက်ပွဲများ ဆက်လက်ဖြစ်ပွားခဲ့သည်။ တပ်မတော်မှ EAOs တပ်စခန်းများအား စိတ်ထင်တိုင်း ပစ်ခတ်ခြင်း၊ လက်နက်ကြီး ဖြင့်ပစ်ခတ် တိုက်ခိုက်ခြင်းနှင့် လေကြောင်းမှဗုံးကြဲတိုက်ခိုက်ခြင်းတို့ကြောင့် အပစ်အခတ်ရပ်စဲရေး ပထမလေး လကာလနှင့် ထပ်မံတိုးချဲ့သည့် ကာလများအတွင်း အရပ်သား သေဆုံး၊ ဒဏ်ရာရမှု၊ ထွက်ပြေးတိမ်းရှောင်ရမှု များနှင့် မြန်မာစစ်တပ်၏ စစ်အင်အားတိုးချဲ့မှုကို ပိုမိုခံကြရသည်။
အဆိုပါကာလအတွင်း တရားလက်လွတ်သတ်ဖြတ်ခြင်း၊ အတင်းအဓမ္မဖမ်းဆီးခြင်း၊ ညှဉ်းပန်းနှိပ်စက်ခြင်း၊ လိင်ပိ်ုင်းဆိုင်ရာ အကြမ်းဖက်ခြင်း၊ မြေမြှုပ်မိုင်းကြောင့် ထိခိုက်မှုနှင့် တပ်မတော်မှ အရပ်သားများနေထိုင်ရာ သို့ လေကြောင်းမှ ဗုံးကြဲခြင်း၊ လက်နက်ကြီးဖြင့် ပစ်ခတ်ခြင်းတို့အပါအဝင် အရပ်သားများအပေါ် လူ့အခွင့် အရေးချိုး ဖောက်မှုများ ကျူးလွန်ကြသလို တိုင်းရင်းသားလက်နက်ကိုင်အဖွဲ့များမှ ကျူးလွန်မှုများကို လည်း ND-Burma အဖွဲ့ဝင်များမှ မှတ်တမ်းတင်ထာသည်။
ရှမ်းနှင့်ကချင်ပြည်နယ်များတွင် မြန်မာ့တပ်မတော်၏ ဆက်လက်ထိုးစစ်ဆင်နေမှုများနှင့် ရခိုင်နှင့်ချင်းပြည်နယ် များတွင် ပြင်းထန်သောတိုက်ပွဲများဖြစ်နေလင့်ကစား ၎င်းတို့၏ စတုတ္ထအဖွဲ့ဝင်ဖြစ်သော ရခိုင့်တပ်မတော် (AA) အားပါဝင်စေရန် မြောက်ပိုင်းမဟာမိတ်အဖွဲ့က တိုက်တွန်းနေသော်လည်း ၎င်းတို့ကို အပစ်ခတ်ရပ်စဲရေးမှ ဖယ် ချန်ထားခြင်းသည် အပစ်ခတ်ရပ်စဲရေး အကောင်အထည်ဖေါ်ခြင်းကို ရုပ်ပျက်စေပြီး မသေချာမရေရာဖြစ်နေ သည့် မြန်မာ့ငြိမ်းချမ်းရေးဖြစ်စဉ်ကို ပြန်လည်အားဖြည့်အသက်ဝင်စေမည့် မည်သည့် အဓိပ္ပါယ်ရှိသော တွေ့ဆုံဆွေးနွေးမှုကို မဆို ထိခိုက်စေပါသည်။
မြန်မာ့တပ်မတော်အနေဖြင့် မြောက်ပိုင်းဒေသတွင် အပစ်အခတ်ရပ်စဲရေးကြေငြာခြင်းမျိုးနှင့် ငြိမ်းချမ်းရေးနှင့် သက်ဆိုင်သည့် တခြားဆောင်ရွက်ချက်များကဲ့သို့ ငြိမ်းချမ်းရေးအား ရိုးသားမှုမရှိပဲ ကမ်းလှမ်းလုပ်ဆောင်ပါက ငြိမ်းချမ်းရေးနှင့် စစ်ပွဲများရပ်တန့်စေရန်အတွက် စစ်မှန်သည့်တိုးတက်မှုများကို ရရှိမည်မဟုတ် ပေ။ မြန်မာ့တပ်မတော် အနေဖြင့် ပြောထားသည့်အတိုင်း လက်တွေ့လုပ်ဆောင်ပါမှ ယုံကြည်မှုတည်ဆောက် နိုင်မည်ဖြစ်ပြီး ပဋိပက္ခဒေသများရှိ လူ့အသိုင်းအဝိုင်းတွင် လူ့အခွင့်အရေး ချိုးဖောက်မှုများထပ်မံမဖြစ်ပွာစေရေး အတွက် အာမခံမှုများ တိုးချဲ့ဆောင်ရွက်ရမည်ဖြစ်သည်။ မြန်မာ့တပ်မတော်ဖက်မှ ရိုးသားသော ကြိုး ပမ်း အား ထုတ်မှုမပါဝင်ဘဲနှင့် ငြိမ်းချမ်းရေးဖြစ်စဉ်အတွင်း မည်သည့်ယုံကြည်မှု၊ မည်သည့်ခိုင်မာသောတိုးတက်မှုမှ ရှိ လာလိမ့်မည်မဟုတ်ချေ။
ဆက်သွယ်ရန်:
ကိုတိန်ဦး
စည်းရုံးလှုံ့ဆော်ရေးအဖွဲ့
ဖုန်း- +၆၆ (ဝ) ၈၁၅၉၅၆၁၃၈
လိုည်းချီးစငါး
ဖုန်း + ၉၅ (ဝ) ၉၇၉၁၅၃၀၄၅၁
ND-Burma အကြောင်း
ND-Burma ၏ ကွန်ရက်အဖွဲ့ဝင် ၁၂ ဖွဲ့သည် တိုင်းရင်းသားများ၊ အမျိုးသမီးများနှင့် လိင်စိတ်ကွဲပြားသူ များအား ကိုယ်စားပြုကာ လုပ်ဆောင်နေသော အဖွဲ့များ ဖြစ်ကြပါသည်။ နစ်နာခဲ့သူများ၏ တရားမျှတ မှု ရရှိရေးအတွက် လူ့အခွင့်အရေးချိုးဖောက်မှုများကို ၂၀ဝ၄ ခုနှစ်မှစပြီး မှတ်တမ်းတင်နေသည့် ကွန် ရက်အဖွဲ့အစည်းဖြစ်ပါသည်။
အဖွဲ့ဝင်အဖွဲ့အစည်းများ
၁။ နိုင်ငံရေးအကျဉ်းသားများ ကူညီစောင့်ရှောက်ရေးအသင်း (AAPP-B)
၂။ မွန်ပြည်လူ့အခွင့်အရေးဖောင်ဒေးရှင်း (Hurform)
၃။ ကချင်အမျိုးသမီးအစည်းအရုံး (ထိုင်းနိုင်ငံ) (KWAT)
၄။ တအာင်းအမျိုးသမီးအဖွဲ့အစည်း (TWO)
၅။ တအာင်းကျောင်းသားနှင့် လူငယ်အဖွဲ့အစည်း (TSYO)
၆။ ထားဝယ်အမျိုးသမီးသမဂ္ဂ (TWU)
ဆက်စပ်အဖွဲ့အစည်းများ
၁။ ရခိုင်ပြည်လုံးဆိုင်ရာ ကျောင်းသားနှင့် လူငယ်များအစည်းအရုံး (AASYC)
၂။ ချင်းလူ့အခွင့်အရေးအဖွဲ့ (CHRO)
၃။ ပအို့လူငယ်အဖွဲ့ (PYO)
၄။ လူ့အခွင့်အရေး ကာကွယ် မြှင့်တင်သူများအဖွဲ့ (HRDP)
၅။ နိုင်ငံရေးအကျဉ်းသားဟောင်းများကွန်ရက် (ပဲခူးအရှေ့ခြမ်း)
၆။ ရှေ့ပြေးအသံအဖွဲ့ (PV)
ဒေါင်းလုပ်ရယူရန်",3.0,3.0,3.0,5.0,5.0,"The document is a formal human-rights report from a local organization. It provides coherent, structured analysis of political and conflict-related events in Myanmar. It is written in natural, professional Burmese, reflecting authentic local context, terminology, and organizational structures, making it highly relevant for understanding the regional socio-political landscape."
<urn:uuid:195b25df-cea4-473c-8829-53eb8fa3d2df>,"စြန္႕၍ စြန္လႊတ္ျခင္း
စြန္ကေလး၊ ခပ္ေသးေသးပါ။ ၾကြားၾကြားရြားရြား အဆင္တန္ဆာေတြ တပ္ဆင္မထားေသာ၊ ေဆးေရာင္စံု ျခယ္သ မထားေသာ၊ မည္သည့္ အေဆာင္အေယာင္မ်ိဳးမွ မပါေသာ စြန္ရိုးရိုးေလး ျဖစ္ပါသည္။ စြန္ကေလးကို နာမည္တစ္ခုခု ေပးႏိုင္သည္။ ဥပမာ ကိုကို ဆိုပါေတာ့။
.
ကိုကိုသည္ လူဆိုးကေလး ျဖစ္ႏိုင္သည္။ မိုးေပၚကို ရုန္းပ်ံဖို႕ အၿမဲႀကိဳးစားေနေသာ စြန္ကေလးသည္ ေတာ္လွန္ပုန္ကန္လိုစိတ္ တမ်ိဳးမ်ိဳး ကိန္းေအာင္းေနသူေလးပဲ ျဖစ္ရမည္။ ကိုကိုသည္ မိဘေတြ မသိေအာင္ ပိုက္ဆံကို တိတ္တိတ္ယူကာ ဂစ္တာတစ္လက္ကို ၀ယ္လာေသာ ဆံပင္ရွည္ရွည္ႏွင့္ လမ္းသရဲကေလး ျဖစ္ႏိုင္သည္။ ကိုကိုသည္ ဉာဏ္ေကာင္းသေလာက္ ေက်ာင္းစာကို မႀကိဳးစားခ်င္ေသာ အေပအေတကေလး ျဖစ္ႏိုင္သည္။ ကိုကိုသည္ လိုအပ္လာေသာအခါ အမ်ားေရွ႕ထြက္ၿပီး မားမားမတ္မတ္ စကားေျပာရဲသူ မဟုတ္မခံ ေခါင္းေဆာင္ကေလး ျဖစ္ႏိုင္သည္။ ကိုကိုသည္ မုန္တိုင္းကိုအာခံရင္း ေလႏွင့္အတူလြင့္ၿပီး မိခင္ေျမႀကီးမွ ေ၀းရာကို ပ်ံတက္ကာ ဘယ္ေတာ့မွ အိမ္ျပန္မလာေတာ့ေသာ စြန္ကေလး ျဖစ္ႏိုင္ပါသည္။
စြန္ကေလးႏွင့္ ကိုယ့္ၾကားမွာ ႀကိဳးမွ်င္ေလးတစ္ေခ်ာင္း ရွိသည္။ မွန္စာတိုက္မထားေသာ၊ သူတပါးႏွင့္ စီးခ်င္းထုိးဖို႕ မရည္ရြယ္ေသာ၊ မည္သူ႕ကိုမွ ျပတ္ေတာက္နာက်င္ေအာင္ မႀကိဳးစားေသာ သာမန္ စြန္ႀကိဳးေလးတစ္မွ်င္ ျဖစ္ပါသည္။ ကိုယ္ဘယ္လိုမွ မေရာက္ႏိုင္ေသာ ေကာင္းကင္ႀကီးကို စြန္ကေလးက ကိုယ္စား သြားေပးေသာအခါ ကိုယ္ႏွင့္ ေကာင္းကင္ၾကားမွာ ႀကိဳးေလးတစ္မွ်င္စာသာ ျခားပါေတာ့သည္။ ထိုအခါ ကိုယ္က စြန္ကေလးကို ေက်းဇူးတင္ရသည္။ ငွက္ကေလးမ်ား၊ တိမ္တိုက္မ်ား၊ သက္တံေရာင္စံုမ်ားကို ကိုယ္က စြန္ကေလးမွတဆင့္ လူႀကံဳစကား တီးတိုးပါးလိုက္ႏိုင္ေသးသည္။ စြန္ကေလးေပၚမွာ ကိုယ့္ဒိုင္ယာရီ တစ္အုပ္ကိုလည္း ခပ္ႏွိပ္ထားလို႕ ရပါသည္။
စြန္ကေလး အျမင့္ပ်ံေနေလေလ စြန္လႊတ္သူမွာ ေပ်ာ္ရႊင္ရေလေလ ျဖစ္သည္။ မနာလိုျခင္း ကင္းမဲ့ေသာ၊ ယွဥ္ၿပိဳင္မႈမ်ားမွ ကင္းေ၀းေသာ ၀မ္းသာမႈမ်ိဳးကို အျခား မည္သည့္ေနရာမွာမ်ား ရႏုိင္ဦးမည္ ထင္ပါသလဲ။ ကိုယ္ႏွင့္ ေ၀းသထက္ ေ၀းရာကို ေရာက္သြားလွ်င္ ပိုေက်နပ္ရေသာ ပိုင္ဆုိင္လိုစိတ္ကင္းမႈမ်ိဳးကို အျခား မည္သည့္ေနရာမွာမ်ား ေတြ႕ႏုိင္ဦးမည္ ထင္ပါသလဲ။ စြန္လႊတ္သူ လက္ထဲမွ ႀကိဳးမွ်င္ကေလးသည္ စြန္ကေလး သြားလိုရာကို ေရာက္ေအာင္ ကူညီေပးရုံသာ ျဖစ္သည္။ ကမၻာေလာကႀကီး တစ္ခုလံုးမွာ ဘယ္ေတာ့မွ ခ်ည္ေႏွာင္ဖို႕ မရည္ရြယ္ေသာ ႀကိဳးတစ္ေခ်ာင္းကို ျပပါဆိုလွ်င္ ဤႀကိဳးမွ်င္ကေလး တစ္ေခ်ာင္းသာ ရွိပါမည္။ တကယ္လို႕မ်ား ကံၾကမၼာဆိုး တစ္ခုခုေၾကာင့္ ႀကိဳးမွ်င္ကေလး ျပတ္ေတာက္သြားခဲ့သည္ ဆိုပါစို႕။ အတြယ္အတာကင္းေသာ စြန္ကေလးသည္ ဟိုးအေ၀း လကမၻာ ေရာက္သည္အထိ စၾက၀ဠာတခြင္ ႏွံ႔သည္အထိ မရပ္မနား ပ်ံသန္းေနဦးမည္ဟု ကိုယ္ကေတာ့ ယံုၾကည္ေနပါသည္။
ေန၀င္မိုးခ်ဳပ္လာေသာအခါ ေကာင္းကင္သည္ အျပာရင့္လာရာမွ ေနာက္ဆံုး မဲမဲေမွာင္သြားပါသည္။ မီးေရာင္စံု တပ္ဆင္ထားေသာ စြန္ကေလးတခ်ိဳ႕မွာ ေလထဲတြင္ တဖ်တ္ဖ်တ္ လင္းလက္ေနပါသည္။ ရိုးရိုးသာမန္ စြန္ကေလး တစ္စင္းကိုေတာ့ ေကာင္းကင္နက္နက္မွာ ဘာမွ မျမင္ရေတာ့ပါ။ စြန္ကေလး တည္ရွိေနမႈကို ည၏လွည့္စားမႈေၾကာင့္ မျမင္ရေတာ့ေသာ္လည္း စိုးစဥ္းမွ် ပူပန္စရာမလိုပါ။ လက္ထဲက ႀကိဳးမွ်င္ကေလးက စြန္ကေလး ရွိေနသည္ကို ညႊန္ျပေနဦးမည္။ စြန္ကေလး ပ်ံတက္ေနသည္ကို ခံစားသိရွိ ေနေစဦးမည္။ ညေရာက္ၿပီ ဆိုလွ်င္ေတာ့ စြန္လႊတ္သူမွာ ခဏ အိပ္စက္ရဦးမွာေပါ့။ မနက္လင္းလွ်င္ေတာ့ တိမ္ျပာျပာ ေကာင္းကင္မွာ ၀ဲေနမည့္ စြန္ကေလးကို ျမင္ေတြ႕ရဦးမည္။ Good night ကိုကို။
ပန္ဒိုရာ
၂၁.၀၆.၂၀၁၁
စင္ - စင္တစ္ခုေပၚေရာက္ရင္ အဲဒီစင္ကို အေၾကာင္းျပဳလို႔ ေျပာခ်င္တာေျပာလို႔ရတယ္လို႔ အခ်ိဳ႕လူေတြက ထင္တတ္ၾကတယ္။ စင္တစ္ခုေပၚကို တက္ႏိုင္ဖို႔ဆိုတာ စင္ေပၚတက္သူတစ္ဦးတည္းရ...
12 hours ago",2.0,3.0,2.0,3.0,4.0,"The text is a reflective, literary essay using the metaphor of a kite to discuss freedom and detachment. It is well-written and culturally authentic, though it lacks structured educational content. It contains some minor noise at the end (a truncated snippet of another post), which slightly impacts the cleanliness score."
<urn:uuid:23741503-1714-43f1-ad06-5ed0960570e3>,"ကာစီနို လောင်းကစား ဥပဒေ လွှတ်တော် အတည်ပြု
နိုင်ငံခြားသားများသာ ဝင်ရောက် ကစားခွင့် ရှိမည့် ကာစီနိုများ တရားဝင် ဖွင့်လှစ်ခွင့် ပါဝင်သည့် လောင်းကစား ဥပဒေ အား ယနေ့ ကျင်းပသည့် ပြည်ထောင်စု လွှတ်တော် အစည်းအဝေး၌ အတည်ပြုလိုက်သည်။
ယင်း ဥပဒေ အရ ၁၉၈၆ ခုနှစ်က ပြဋ္ဌာန်းခဲ့သည့် လောင်းကစား ဥပဒေအား ပယ်ဖျက်ရမည် ဖြစ်ပြီး ကာစီနို လောင်းကစား ရုံ များကို ပြည်ထောင်စု အစိုးရ အဖွဲ့၏ သဘောတူ ခွင့်ပြုချက်ဖြင့်သာ ဖွင့်လှစ်ရမည် ဖြစ်ကြောင်း ဆိုသည်။
ပြည်ထောင်စု လွှတ်တော် ဥပဒေကြမ်း ပူးပေါင်း ကော်မတီ အတွင်းရေးမှူး ဒေါက်တာ မြတ်ဉာဏစိုးက“ကျနော်တို့ မြန်မာ နိုင်ငံသားတွေကို လုံးဝ (လုံးဝ) ဝင်ကစားခွင့် မပြုပါဘူး။ လက်ရှိမှာ ဖွင့်ထားတဲ့ ကာစီနိုတွေလည်း တရားဝင် မှတ်ပုံတင်ပြီး အခွန်ထမ်းဆောင်ဖို့ ဥပဒေ အရ သွားရမှာပါ”ဟု ဧရာဝတီသို့ ပြောသည်။
ထို့ပြင် ဥပဒေ၌ လောင်းကစားဝိုင်းများအား သတင်းပေးသူကို နိုင်ငံတော် ဘဏ္ဍာ အဖြစ် သိမ်ဆည်းရမိသည့် အထဲမှ ၁၀ ရာခိုင်နှုန်းကို ဆုငွေ ချီးမြှင့်ခြင်းနှင့် ဖမ်းဆီးသူများအား ၂၀ ရာခိုင်နှုန်း ချီးမြှင့်မည့် ပြဋ္ဌာန်းချက်များလည်း ထည့်သွင်း ပြဋ္ဌာန်း ထားကြောင်း သိရသည်။
ဥပဒေ အတည်ပြု အသက်ဝင်ရေး အတွက် နိုင်ငံတော် သမ္မတက အတည်ပြု လက်မှတ် ရေးထိုးရန် အဆင့်ကျန်နေသေး ပြီး ကာစီနိုနှင့် ပတ်သက်သည့် အသေးစိတ် စည်းမျဉ်းစည်းကမ်းများ ထုတ်ပြန်ခွင့် ကိုလည်း ပြည်ထောင်စု အစိုးရ အဖွဲ့၏ သဘောတူညီချက် အရ ဆောင်ရွက်ခွင့် ပြုထားသည်ဟု ဆိုသည်။
မင်္ဂလာဒုံမြို့နယ် ပြည်သူ့ လွှတ်တော် ကိုယ်စားလှယ် ဦးအောင်လှိုင်ဝင်းက“နိုင်ငံတော် အတွက် အခွန်အကောက်တွေ ပိုရ လာမယ့် အချက် ဖြစ်လို့ မြန်မြန် လုပ်စေချင်တယ်။ သြင်္ကန် မတိုင်မီ ဥပဒေတရပ် အဖြစ် အသက်ဝင်ဖို့ မျှော်လင့်တယ်”ဟု ပြောသည်။
၁၉၈၆ ခုနှစ် လောင်းကစား ဥပဒေ အရ ကာစီနိုများသည် တရားမဝင်သော်လည်း ကော့သောင်းမြို့နယ်နှင့် မြဝတီမြို့နယ် များ အတွင်း ကာစီနိုများ ဖွင့်လှစ် လုပ်ကိုင်နေသည်မှာ ၁၀ စုနှစ် တခုကျော်ပြီ ဖြစ်ကြောင်း သိရသည်။
ကော့သောင်း မြို့နယ် သူဌေးကျွန်း၊ ရတနာကျွန်းပေါ်ရှိ ဟိုတယ်များနှင့် ပတ်သက်ပြီး တရားဝင် ခွင့်ပြုပေးထားခြင်း မရှိ ကြောင်းနှင့် အခွန် စည်းကြပ် ကောက်ခံခြင်းလည်း မရှိကြောင်း တနင်္သာရီတိုင်း ဒေသကြီး အစိုးရ အဖွဲ့မှ ၂၀၁၈ ခုနှစ် ဇန်နဝါရီ ၃၁ ရက်က ကျင်းပသည့် တိုင်းလွှတ်တော် အစည်းအဝေးတွင် ပြောထားသည်။
တနင်္သာရီ မြို့နယ် အမှတ်၂ တိုင်းဒေသကြီး လွှတ်တော်ကိုယ်စားလှယ် ဦးရဲမြင့်ဆွေက“အရင်က တရားမဝင်ရင် ပိတ်သိမ်း ဖို့ လွှတ်တော်မှာ တင်ပြတာ တနှစ်ကျော်ပြီး အခုထိ ဖွင့်နေဆဲပါပဲ။ တရားမဝင်လည်း ထိန်းချုပ်လို့ မရမယ့် အတူတူ အခုလို တရားဝင် စည်းကမ်း လုပ်တာ ပိုကောင်းတယ်။ နိုင်ငံတော်လည်း အခွန်ဝင်ငွေ ပိုရမယ်။ ဒါပေမယ့် ရလာတဲ့ အခွန်ဝင်ငွေ ကိုတော့ ဘယ်နေရာတွေမှာ ပြန်သုံးမလဲ တရားဝင် ချပြဖို့ လိုပါတယ်”ဟု ပြောသည်။
မြဝတီမြို့နယ် ပြည်နယ် လွှတ်တော် ကိုယ်စားလှယ်များ၏ ပြောကြားချက်အရ ထိုင်း-မြန်မာ နယ်စပ် မြဝတီမြို့နယ်တွင် ကာစီနို ၈ ခုခန့် ရှိကြောင်း သိရသော်လည်း မည်ကဲ့သို့ ခွင့်ပြုထားပြီး နိုင်ငံတော် အစိုးရက အခွန် ရမရကို ရှင်းလင်းစွာ မသိ ရပေ။
ကရင် နယ်ခြား စောင့်တပ်(BGF)နှင့် တရုတ် လုပ်ငန်းရှင်များ ပါဝင်သည့် Myanmar Yatai International Group တို့ အကောင်အထည် ဖော်နေသည့် ရွှေကုက္ကို အဆင့်မြင့် အိမ်ရာ စီမံကိန်းတွင် ကာစီနိုများ ပါဝင်လာနိုင်ကြောင်း ASIA Time က ဖော်ထုတ် ရေးသားခဲ့သော်လည်း ယင်းစီမံကိန်အား လတ်တလောတွင် အိမ်ရာသာ ခွင့်ပြုထားသည်ဟု မြန်မာနိုင်ငံ ရင်းနှီးမြှုပ်နှံမှု ကော်မရှင်ဘက်က ဆိုထားသည်။
ပြင်ဦးလွင်မြို့အနီး အကောင်အထည်ဖော်ရန် စီစဉ်နေသည့် ရတနာပုံ ဆိုက်ဘာစီးတီး စီမံကိန်းတွင်လည်း ကာစီနို ထည့်သွင်း တည်ဆောက်ခွင့်ပြုရန် ပြည်ထောင်စု အစိုးရ အဖွဲ့ထံ တင်ပြမှုများ ရှိထားကြောင်း မန္တလေးတိုင်း ဒေသကြီး မြို့ပြနှင့် အိမ်ရာ ဖွံ့ဖြိုးရေး ဦးစီးဌာန တာဝန်ရှိသူ တဦးက ဧရာဝတီသို့ ပြောကြားထားသည်။
ကာစီနိုများ ခွင့်ပြုရေး ပထမဆုံး အဆိုတင် မေးမြန်းခဲ့သည့် ဦးအောင်လှိုင်ဝင်းက ကာစီနို လုပ်ငန်းသည် ခရီးသွား လုပ်ငန်း ဖွံ့ဖြိုးရေးနှင့် နိုင်ငံတော် အခွန်ဘဏ္ဍာ ရရှိရေး တို့ကို များစွာ အထောက်အကူ ပြုမည့် လုပ်ငန်း ဖြစ်သည့် အတွက် ဥပဒေ အမြန်ဆုံး အသက်ဝင်ကာ လုပ်ငန်း မြန်ဆန်စေရေး သက်ဆိုင်ရာ ဝန်ကြီးဌာနများက ဆောင်ရွက်ပေးရန်ကိုလည်း တိုက် တွန်းထားသည်။
မကာအိုနှင့် စင်္ကာပူ နိုင်ငံတို့တွင် ကာစီနို လုပ်ငန်းမှ နှစ်စဉ် အခွန် ဒေါ်လာသန်းထောင်ချီ ရနေသည့် အချက်ကိုလည်း ထောက်ပြပြောဆိုခဲ့ပြီး အိမ်နီးချင်း နိုင်ငံများ ဖြစ်သည့် လာအိုနှင့် ဗီယက်နမ်နိုင်ငံတို့သည်လည်း ကာစီနိုလုပ်ငန်းများအား တရားဝင် ဖွင့်လှစ်ခွင့်ပြု၍ ဝင်ငွေရှာဖွေ လျက်ရှိကြောင်း ဦးအောင်လှိုင်ဝင်းက ပြောသည်။",2.0,3.0,3.0,5.0,5.0,"The text is a well-written news report on legislative developments in Myanmar. It provides factual information about legal changes, includes quotes from officials, and discusses economic implications. It is highly authentic, clean, and demonstrates moderate reasoning by presenting multiple perspectives on the legalization of casinos."
<urn:uuid:31cbf855-48d0-4a85-aebe-2a21cbf967e0>,"ဖြဲ႔တည္ရာ မဂၢဇင္း အတြဲ (၁)၊ အမွတ္ (၃) အတြက္ ေရးျဖစ္တဲ့ အယ္ဒီတာ့ အာေဘာ္ပါ။ မဂၢဇင္း မဖတ္ျဖစ္သူေတြ ဖတ္မိေစခ်င္တာနဲ႔ ဘေလာ့ဂ္ေပၚတင္လိုက္ပါတယ္။
Editorial
နာဂစ္ဆိုင္ကလုန္းသည္ နဂိုကတည္းက မေျပလည္လွေသာ ျပည္သူေတြအတြက္ ႏူရာ၀ဲစြဲ လဲရာသူခိုးေထာင္းျဖစ္ခဲ့သည္။ မျဖစ္ခင္ေရာ ျဖစ္ျပီးေနာက္ပါ အဘက္ဘက္မွ လိုအပ္ခ်က္မ်ားေၾကာင့္ အေတာ္အသင့္ နာလန္ထူသင့္ပါလ်က္ မထူႏိုင္ျဖစ္ေနသည္ကို ေတြ႕ရဆဲ ျဖစ္ပါသည္။ ဤသို႔ေသာ အေျခအေနတြင္ ဖြဲ႔တည္ရာ မဂၢဇင္းအေနျဖင့္ အနာဂတ္မ်ိဳးဆက္ျဖစ္လာမည့္ ေလေဘးဒဏ္ခံကေလးငယ္မ်ားကို ပို၍ အေလးေပး ေစာင့္ၾကည့္၊ ႏိႈးေဆာ္ တိုက္တြန္းေရးသား လ်က္ရွိပါသည္။ မိဘမဲ့ျဖစ္သြားေသာ၊ နားလည္လက္ခံထားရာ ကမာၻပ်က္သုန္းသြားေသာ၊ ပညာေရးဆိုင္ရာ အာမခံခ်က္ ကင္းမဲ့သလိုျဖစ္သြားေသာ ကေလးမ်ားအတြက္ အထူးအာရံုစိုက္ၾကရန္ လိုအပ္ေနပါသည္။ ေက်ာင္းမ်ား ျပန္ဖြင့္သည္ ဆိုသည့္တိုင္ က်န္မုန္တိုင္းဒဏ္လြတ္ ေဒသမွ ေက်ာင္းမ်ားတြင္ စာသင္သလို အမွတ္မဲ့ လမ္းရိုးအတိုင္း မသင္သင့္ပါ။ ကေလးမ်ား စိတၱ၊ ကာယ ျပန္လည္ထူေထာင္ေရးတြင္ ဤကဲ့သို႔ေသာ အခ်က္ကေလးမ်ားမွ အစ ထည့္သြင္းစဥ္းစားရန္လိုပါသည္။ လတ္တေလာတြင္ ခိုကိုးရာမဲ့ကုန္ေသာ၊ အစ္ကိုၾကီး အဖအရာ အမၾကီး အမိအရာဆိုေသာ္လည္း အရြယ္မေရာက္ေသးပါပဲလ်က္ မိဘမဲ့က်န္ရစ္ေသာ ေမာင္ငယ္ ညီငယ္ ညီမငယ္မ်ား၏တာ၀န္ကို ခ်က္ခ်င္း ပုခံုးေျပာင္းတာ၀န္ယူလိုက္ရျပီး ၀န္ႏွင့္အား မမွ်ျဖစ္က်န္ခဲ့ေသာ၊ ပရိေယသန၀မ္းစာေရးအတြက္ အလုပ္မလုပ္ႏိုင္ေတာ့သည့္ အိုမင္းမစြမ္း အဖိုးအဖြားမ်ားႏွင့္ က်န္ရစ္ခဲ့ေသာ ကေလးငယ္မ်ားအတြက္ အေရးတၾကီး ေဆာင္ရြက္ေပးရန္ လိုအပ္ေနပါျပီ။ ထိုအေျခအေနျဖင့္က်န္ရစ္ေသာ ကေလးငယ္မ်ားမွာ ေမလကုန္အထိ ဒုကၡသည္ စခန္းမ်ိဳးတြင္ အနာဂတ္မေရမရာျဖင့္ က်န္ရစ္ေနေသးသည္ကို ၀မ္းနည္းဖြယ္ေတြ႕ေနရပါေသးသည္။ တစ္ဦးခ်င္းစီအားျဖင့္ ေမြးစားၾကရန္ဆိုသည္မွာ လက္ေတြ႔ ထလုပ္ရန္ အလြန္ခက္ေနပါေသးသည္။ ဖြဲ႔တည္ရာမဂၢဇင္းအေနျဖင့္ အၾကံျပဳလိုသည္မွာ တာ၀န္ရွိ အစိုးရမွျဖစ္ေစ၊ အဖြဲ႔အစည္းမ်ားမွျဖစ္ေစ၊ ႏွစ္ဘက္စလံုးမွ ပူးတြဲ၍ ျဖစ္ေစ နာဂစ္မိဘမဲ့ကေလးမ်ားေဂဟာ (Nargis Orphans Center) ကဲ့သို႔ေသာ သီးသန္႔ ေရရွည္ျပဳစုပ်ိဳးေထာင္ေရး ေဂဟာမ်ိဳး ဖြင့္ေစခ်င္ပါသည္။ ထိုေဂဟာမ်ားတြင္ အသက္ရွင္က်န္ရစ္ေသာ မိဘမဲ့ကေလးမ်ားကို အသက္အရြယ္၊ က်ား မ၊ ေရာက္ရွိဆဲ ပညာေရးအလိုက္ တဆင့္ခ်င္း ျပန္လည္ပ်ိဳးေထာင္သြားသင့္ပါသည္။ ဤသို႔ထူေထာင္ရန္မွာ တစ္ဦးတစ္ေယာက္အားျဖင့္ မလြယ္ကူမွန္း သိသာပါသည္။ ယခုအေျခအေနအတိုင္း ဆက္ျဖစ္ေနပါက ကေလးသူငယ္မ်ားအေပၚ အခြင့္အေရးခ်ိဳးေဖာက္မႈ၊ အျမတ္ထုတ္မႈ၊ လူကုန္ကူးမႈမ်ား တစတစ တိုးပြားလာပါလိမ့္မည္။ ယခုကဲ့သို႔ လူအေသအေပ်ာက္မ်ားျဖင့္ ရႈပ္ေထြးေနေသာကာလတြင္ ဤျပႆနာမ်ားကို အာဏာရွိ အစိုးရပင္လွ်င္ ေျဖရွင္းႏိုင္ဖို႔ မျမင္ပါ။ ျမန္မာျပည္တြင္ ဤကဲ့သို႔ ထူေထာင္ေဆာင္ရြက္ႏိုင္ရန္ ေစတနာအား၊ သဒၶါအားတို႔ အသင့္ရွိသည္ဟု ဖြဲ႔တည္ရာမဂၢဇင္းက ယံုၾကည္ပါသည္။ ထို႔ေၾကာင့္ လက္လွမ္းမီရာမွတဆင့္ အေကာင္အထည္ေပၚလာေအာင္ တိုက္တြန္းႏိုင္ၾကပါေစေၾကာင္း ႏိႈးေဆာ္ အၾကံျပဳအပ္ပါသည္။
အယ္ဒီတာ
ဖြဲ႔တည္ရာမဂၢဇင္း
၁၁ ဇြန္၊ ၂၀၀၈",2.0,3.0,2.0,5.0,5.0,"The text is a well-written editorial from 2008 regarding the aftermath of Cyclone Nargis. It provides social commentary and proposes structural solutions for orphan care. It is culturally authentic, coherent, and clean, though its primary value is as a historical/social document rather than a structured educational resource."
<urn:uuid:1fd9158c-ed2a-4c36-b2f8-41bf633c974a>,"ကန္တာရဝတီတိုင်း(မ်)
လွိုင်ကော်မြို့အတွင်း ဖြတ်သန်းစီးဆင်းနေတဲ့ ဘီလူးချောင်းပြန်လည်ထိန်းသိမ်းရေးလုပ်ငန်းအတွက် ဌာနတစ်ခုပေါ်ပေါက်ရေးအတွက် ကော်မတီဖွဲ့စည်းပြီး လာမယ့် ဒီဇင်ဘာလ ၂၃ရက်နေ့မှာကျင်းပမယ့် ကယားပြည်နယ်လွှတ်တော်အစည်းအဝေးမှာ အဆိုအနေနဲ့ တင်ပြဖို့ စီစဉ်ထားတယ်လို့ သိရပါတယ်။
ဘီလူးချောင်းရေကို သုံးစွဲနေတဲ့ ဌာနဆိုင်ရာအသီးသီးရှိနေပေမယ့် ပြည်နယ်မှာ ပြန်လည်ထိန်းသိမ်းရေးဌာနမရှိတဲ့အတွက် ဘီလူးချောင်းနဲ့ပတ်သက်တဲ့ ထိန်းသိမ်းစောင့်ရှောက်ရေး လုပ်ငန်းစဉ်ဆွေးနွေးပွဲကို ဒီဇင်ဘာလ ၁၄ရက်နေ့က ကယားပြည်နယ်လွှတ်တော် ရေးရာကော်မတီခန်းမမှာ အစိုးရဌာနဆိုင်ရာ၊ အရပ်ဖက်အဖွဲ့အစည်း၊ တိုင်းရင်းသားလူမျိုးများ၏အခွင့်အရေးနှင့် သဘာဝပတ်ဝန်းကျင်ထိန်းသိမ်းကာကွယ်စောင့်ရှောက်ကော်မတီမှ တာဝန်ရှိသူတွေ တွေ့ဆုံဆွေးနွေးခဲ့ကြတယ်လို့ သိရပါတယ်။
တိုင်းရင်းသားလူမျိုးများ၏အခွင့်အရေးနှင့် သဘာဝပတ်ဝန်းကျင်ထိန်းသိမ်းကာကွယ်စောင့်ရှောက်ရေးကော်မတီ အဖွဲ့ဝင်တစ်ဦးဖြစ်တဲ့ ဦးတေဇာဝင်းထွန်းက “ဒါကြီးကို ရေရှည်တည်တံ့အောင် ထိန်းသိမ်းဖို့အတွက် တာဝန်ရှိပါတယ် အဲဒီအတွက်ကြောင့်မို့ အစည်းအဝေးလုပ်တယ်။ ဘာတွေ တွေ့ခဲ့ရလဲဆိုရင် ဘီလူးချောင်းကြီးကို သုံးစွဲနေတဲ့ ဌာနဆိုင်ရာတွေရှိတယ်။ ရေအရင်းအမြစ်တို့ ဆည်မြောင်းတို့ ရေကိုစုပ်တယ် စုပ်ပြီးတော့ လယ်တွေပေါ့ စိုက်ပျိုးမြေကိုသုံးတယ်။ လျှပ်စစ်ဆိုရင်လည်း ဒီရေနဲ့ပဲ လျှပ်စစ်စွမ်းအင်တွေကို ထုတ်တယ်ပေါ့။ စည်ပင်ဆိုရင်လည်း ဒီရေကိုယူတယ်ပေါ့ စည်ပင်ဖြန့်ချီသုံးစွဲတယ်။ ဒီချောင်းကိုသာ သုံးသွားတယ် ပြန်ထိန်းသိမ်းမယ့်ဌာနဆိုတာ ကျတော်တို့ပြည်နယ်မှာမရှိသေးဘူး။ အဓိက ရေအရင်းအမြစ်နဲ့ မြစ်ချောင်းများအင်းအိုင်စောင့်ရှောက်ရေး ဝန်ကြီးဌာနဆိုတာရှိပါတယ် နေပြည်တော်မှာပဲရှိတယ်။ ကျတော်တို့ပြည်နယ်မှာ ဝန်ကြီးဌာနတစ်ခုအနေနဲ့ ထားရှိပြီးတော့ ဒီမြစ်ကို ဒီချောင်းကို ထိန်းသိမ်းမယ်ဆို ပိုပြီးတော့ အဆင်ပြေတယ်။ အဓိက အနေနဲ့တွေ့ရတယ်” လို့ ဆိုပါတယ်။
မြစ်ချောင်းအင်းအိုင်ထိန်းသိမ်းရေးဦးစီးဌာနရှိသော်လည်း ပြည်နယ်မှာ ဖွဲ့စည်းထားတဲ့ဌာနမရှိတဲ့အတွက် ဘီလူးချောင်းထိန်းသိမ်းရေးအတွက် အစိုးရဌာနဆိုင်ရာ၊ အရပ်ဖက်အဖွဲ့အစည်း၊ ပရဟိတအဖွဲ့၊ လုပ်ငန်းရှင် တွေပူးပေါင်းပြီးတော့ အားလုံးပါဝင်နိုင်တဲ့ ကော်မတီတစ်ခုကိုဖွဲ့စည်းပြီး အမြန်ဆုံးအကောင်အထည်ဖော်သွားမယ်လို့ ဆိုပါတယ်။
“ဒီနေ့ဆွေးနွေးဖြစ်တဲ့အထဲမှာတော့ဘီလူးချောင်းအမှတ်(၃)ကနေ CSR ဆိုတဲ့ ငွေကြေးပေါ့ အမြတ်ပေါ့ အမြတ်ရဲ့ ၂%ကို ပြန်ပြီး လှူဒါန်းတာရှိတယ်။ ၁% ကို ပြည်ထောင်စုကိုသွင်းပြီးတော့ ကျန်တဲ့ ၁%ကိုတော့ ပြည်နယ်အစိုးရရယ် ဘီလူးချောင်းအမှတ်(၃)ပေါ့ ကုမ္ပဏီကနေပြီးတော့ ဖွံ့ဖြိုးရေးလုပ်ငန်းတွေလုပ်နေတဲ့အကြောင်း ကြားသိရတယ်။ ဒီထဲကနေပြီး ရာခိုင်နှုန်းတစ်ခုကိုလည်း ဒီကော်မတီထဲကို ထည့်မယ် ထည့်ပြီးတော့ ဘီလူူးချောင်းထိန်းသိမ်းရေးအတွက်ကို အကောင်အထည်ဖော်သွားဖို့ ဒါလေးကို ဆောင်ရွက်မယ်” လို့ ဦးတေဇာဝင်းက ဆက်ပြောပါတယ်။
လောပိတရေအားလျှပ်စစ်ထုတ်လုပ်တဲ့ စက်ရုံတာဝန်ရှိသူတွေက ပြည်ထောင်စု၏လမ်းညွှန်ချက်အတိုင်း လျှပ်စစ်ပေးဝေရေးအတွက် ရေစုဆောင်းခြင်း၊ လာမယ့်နွေရာသီမှာ ရေအလုံအလောက်ရရှိအောင် စုဆောင်းထားခြင်းကို ဆောင်ရွက်ပေးနေတယ်လို့ ဆွေးနွေးပွဲမှာ ထည့်သွင်းပြောဆိုခဲ့တယ်လို့သိရပါတယ်။
“စက်ယန္တရားတွေမရှိဘူး ကျွမ်းကျင်တဲ့ရေလုပ်သားတွေမရှိဘူး လှေတွေမရှိဘူး မရှိတဲ့ခါကျတော့ ဘီလူးချောင်းသန့်ရှင်းရေးက ငါတို့ချည်းပဲလုပ်နေပေမယ့် တကယ်တမ်းတော့ ပြည်သူတွေနဲ့လည်းဆိုင်တယ်။ ဘာလို့ဆို ဘီလူးချောင်းတောက်လျှောက်စီးဆင်းတဲ့ရွာတွေမှာ လွိုင်ကော်မြို့တစ်မြို့ထဲပဲအမှိုက်ရှိတာမှမဟုတ်တာ တောက်လျှောက် ရွာတွေကနေစီးလာတဲ့အမှိုက်တွေလည်း နောက်ဆုံး လောပီတမှာလာခံတာပဲလေ။ အဲ့တော့ အားလုံးမှာတာဝန်ရှိတယ်။ ဒါပေမယ့် ငါတို့က ပူးပေါင်းဆောင်ရွက်ပေးမယ်” လို့ လွိုင်ကော်မြို့နယ်စည်ပင်သာယာရေးအဖွဲ့ အမှုဆောင်အရာရှိဒုတိယညွှန်ကြားရေးမှူးဦးသန်းထွန်းက ပြောပါ
တယ်။
ပြီးခဲ့တဲ့ ဒီဇင်ဘာလ ၁၀ရက်နေ့မှာ လွှတ်တော်ကော်မတီတာဝန်ရှိသူတွေက ဘီလူးချောင်းတစ်လျှောက် ရေအခြေအနေ၊ လိုအပ်ချက်တွေကို ကွင်းဆင်းလေ့လာချက်အရ မြို့ဧရိယာအတွင်းမှာ အမှိုက်ပေါများနေပြီး ရေစီးဆင်းမှုမရှိတာကို တွေ့ရှိရတယ်လို့ ဆိုပါတယ်။
ပြည်နယ်အတွင်းရှိ ပရဟိတအသင်း အစုအဖွဲ့တွေကလည်း အပတ်စဉ် စနေ၊ တနင်္ဂနွေနေ့တွေမှာ လွိုင်ကော်မြို့အနီး ဘီလူးချောင်းစီးဆင်းရာတစ်လျှောက် ဘီလူးချောင်းသန့်ရှင်းသာယာလှပဖို့အတွက် ချောင်းအတွင်း အမှိုက်သရိုက်တွေ ရှင်းလင်းရေးလုပ်ငန်းတွေကို ဆောင်ရွက်နေကြတယ်လို့သိရပါတယ်။",3.0,3.0,3.0,5.0,5.0,"The document is a well-structured news report about local environmental governance in Kayah State. It provides clear, coherent information on administrative challenges and community efforts. It uses natural, authentic Burmese phrasing and local context, making it highly relevant for understanding regional socio-political and environmental issues."
<urn:uuid:a9cfb058-8109-4633-abc9-80696d1666db>,"Macကို ချစ်မြတ်နိုးသူအားလုံး စိတ်၀င်စားနေကြသည့် နောက်ဆုံးပေါ် Mac Book Pro with Retina Displayဟာ ပြည်တွင်းသို့ ရောက်ရှိလာပြီဟု နည်းပညာရပ်ကွက်မှ ဆိုပါသည်။ ထို MacBookဟာ Steve Jobs မရှိတော့သည့် နောက်ပိုင်း Apple၏ CEO အသစ် Tim Cookမှ ဦးစီးပြီး ကမ်ဘာသို့ ထုတ်ဖော်ပြသခဲ့သည့် ပထမဆုံး မျိုးဆက်လည်း ဖြစ်သည့်အတွက်ကြောင့် အားလုံးမှ စိတ်၀င်တစား စောင့်ကြည့်ခဲ့ရသည့် ပစ္စည်း (Gadget)အသစ်လည်း ဖြစ်ပါသည်။ Tim Cook၏ ပြောဆိုချက်အရ MacBook အသစ်လေးအား Futureအတွက် ရည်ရွယ်ထားပြီး မလိုအပ်တော့သည့် အရာအားလုံးကို ဖယ်ထုတ်ကာ ပါးလွှာမှုကို အဓိကထား တီထွင်ထုတ်လုပ်ခဲ့သည်ဟု ဆိုပါသည်။
အမေရိကန်နိုင်ငံလို တိုးတက်နေသည့် နို်င်ငံအများစု၌ အင်တာနက် ကော်နက်ရှင်၏ မြန်နှုန်းထားမှာ အနည်းဆုံး 5Mbps မှ 100Mbps အထိရှိရာ ယနေ့ခေတ်ကြီး၏ စီးပွားရေး လုပ်ငန်းအသွယ်သွယ်၌ email, facebook, website အစရှိသည့် အင်တာနက်ပေါ်မှ လက်နက်မျိုးစုံဖြင့် တစ်နေ့တာ လုပ်ငန်းဆောင်တာများကို ပြီးမြောက် အောင်မြင်နေကြတာပါ။ ထို့ကြောင့် ၎င်း၏ Future Proofဆိုသော စကားအရ Super Driveလို့ခေါ်တဲ့ CD/DVD ထည့်သွင်းအသုံးပြုလို့ရသည့် Drive မပါလာခြင်းဖြစ်မည်ဟုလည်း သုံးသပ်မိပါသည်။
အင်တာနက် ကော်နက်ရှင်ကြီးကို မြန်နှုန်းမြှင့်တင်ရန် ကြိုးစားဆဲဖြစ်သည့် မြန်မာနိုင်ငံအတွက်မှုကား ဤသို့ တမဟုန်ချင်း ပြောင်းလဲသည်ကို ကြုံဆိုကာ အလိုက်သင့် ပါသွားသင့်သော်လည်း လတ်တလော အချိန်တွင်တော့ အင်တာနက်မြန်နှုန်း မရရှိသူများအတွက် မ၀ယ်သင့်သေးသော MacBook အသစ် တစ်ခု ဖြစ်ပေလိမ့်မည်။ သို့ပေမယ့်လည်း Appမှ USBဖြင့် ချိတ်ဆက်လို့ရသည့် External Super Driveကို နေရာတကာ သယ်ဆောင်နိုင်သူများအဖို့တော့ Retina Display တစ်ခုနှင့်ပင် ၀ယ်ယူရ တန်ပြီ ဖြစ်ပါသည်။
မည်သို့ပင်ဆိုစေကာမှု Appleမှ (Innovation) နည်းပညာနှင့်ပတ်သက်၍ တီထွင်မှုအများစုကို ဦးဆောင်လေ့ရှိခဲ့သည့် ကုမ္ပဏီတစ်ခုလည်း ဖြစ်သည့်အားလျော်စွာ Thunderbolt, Firewire, Mouse, Slot Drive အစရှိသည်တို့သည် Appleမှ နည်းပညာလောကကို မည်သူမှ မလုပ်ရဲသေးခင် ပမ်ဘာသို့ မိတ်ဆက်ပေးခဲ့ သည်များ ဖြစ်သည်။ ထို့ကြောင့် ၄င်းနည်းပညာရဲ့ အောင်မြင်မှု၊ လူသုံးများလာမှုများကို အကဲခတ်သုံးသပ်ရင်း CD/DVD မရှိတော့မည့် အနာဂတ်သို့ Appleမှ နည်းပညာလောကကို နောက််ထပ်တစ်ဖန် ဦးဆောင်ခေါ်ယူသွားပြန်သည်ဟု တင်ပြလိုက်ရသည်။",2.0,3.0,2.0,5.0,4.0,"The text provides a coherent analysis of Apple's design philosophy and its implications for the Burmese market. It uses natural Burmese phrasing, including local context regarding internet infrastructure, and maintains a professional, analytical tone throughout. It is well-structured, free of noise, and demonstrates logical reasoning regarding technological trends."
<urn:uuid:9a95ad04-d871-48f7-b947-00ddb173be12>,"ရန္ကုန္ၿမိဳ႕ႀကီးရဲ့ လမ္းမေတြေပၚမွာ ကားအစင္းေရ သိပ္မ်ားလာတာနဲ႔ အမွ် လမ္းေၾကာပိတ္ဆို႔မႈ အေျခေနကလည္း တေန႔တျခား ဆိုးဝါးလာပါတယ္။ကားေဟာင္းေတြ တင္သြင္းခြင့္ ေပးလိုက္တဲ့ ေနာက္ပိုင္း လမ္းေၾကာပိတ္ဆို႔မႈ အေျခေနပိုဆိုးလာတဲ့အတြက္ တိုယိုတာ ေမာ္ေတာ္ကား ကုမၸဏီက လမ္းအႏၱရာယ္ ပညာေပးမႈေတြနဲ႔ ခ်က္ခ်င္းပဲ စတင္အကူညီေပးေတာ့မွာ ျဖစ္ပါတယ္။
ဂ်ပန္က ကားကုမၸဏီႀကီးျဖစ္တဲ့ တိုယိုတာဟာ ျမန္မာ့ၾကက္ေျခနီအဖြဲ႔၊ လမ္းလံုၿခံဳစိတ္ခ်ရမႈဆိုင္ရာ ႏို္င္ငံတကာ မိတ္ေဆြမ်ားအဖြဲ႔ တို႔နဲ႔ အတူပူးတြဲၿပီး ၂၀၁၈ ပထမႏွစ္ဝက္မွာ ရန္ကုန္က ေက်ာင္းေတြမွာ စမ္းသပ္စီမံကိန္းကို စတင္ေတာ့မွာ ျဖစ္ပါတယ္။ ေက်ာင္းေတြတဝိုက္က ယာဥ္အသြားအလာေတြကို ေလ့လာမႈ လုပ္မွာ ျဖစ္ၿပီး ကားေတြေမာင္းတဲ့ ႏႈန္းထားနဲ႔ ေက်ာင္းသားငယ္ေတြ ဘယ္လုိပံုစံနဲ႔ လမ္းျဖတ္ကူးတယ္ ဆိုတာ အပါအဝင္ ေလ့လာတဲ့ စီမံကိန္းကို စတင္မွာ ျဖစ္ပါတယ္။ ဒီစီမံကိန္းကေန ယာဥ္သြားလာမႈ လမ္းေၾကာဆိုင္ရာ အခ်က္အလက္ ေတြကို ရယူမွာ ျဖစ္ပါတယ္။
ဒီအဖြဲ႔က မူလတန္း ေက်ာင္းသူေက်ာင္းသားေတြနဲ႔ ဆရာဆရာမေတြအတြက္ ပညာေပးစာေစာင္ေတြကို ထုတ္ေဝမွာ ျဖစ္သလို ေရရွည္ အတြက္ လမ္းလံုၿခံဳေရးဆိုင္ရာ အသိရွိေစဖုိ႔ မိဘ အုပ္ထိမ္းသူေတြကိုပါ လက္ေတြ႔ သင္တန္းေတြ ေပးမွာ ျဖစ္ပါတယ္။
ရဲ မွတ္တမ္းဝင္တဲ့ ကားမေတာ္တဆျဖစ္မႈေၾကာင့္ ေသဆံုးရသူဟာ ၂၀၁၆ မွာ ၄၉၀၀ ေလာက္အထိ ရွိေနတယ္လို႔ ျပည္တြင္းသတင္း ေတြမွာ ေဖၚျပေပမယ့္ ရဲ မွတ္တမ္းမဝင္ပဲ ေသဆံုးရသူအမ်ားအျပား ရွိေနတာ ျဖစ္ၿပီး၊ ၂၀၁၃ ခုႏွစ္တႏွစ္ထဲမွာကို ၈၈၀၀ ကေန ၁၃၀၀၀ ေလာက္အထိ ရွိမယ္လို႔ ကုလသမဂၢရဲ့ WHO ကမာၻ႔က်န္းမာေရး အဖြဲ႔ႀကီးက ခန္႔မွန္းထားတာပါ။
ျမန္မာႏိုင္ငံမွာ ၂၀၁၁ ခုႏွစ္ကစၿပီး စီးပြါးေရး ျပဳျပင္ေျပာင္းလဲမႈေတြ လုပ္လာတာနဲ႔ အတူ ကားေဟာင္းတင္သြင္းမႈ ကန္႔သတ္ခ်က္ေတြ ေလွ်ာ့ခ်ေပး ခဲ့တာေၾကာင့္ ရန္ကုန္မွာ ကားစင္းေရက တိုးလာခဲ့တာျဖစ္ပါတယ္။ ဒီအေနထားမွာ ကားေဟာင္း တင္သြင္းမႈ အပါအဝင္ ျမန္မာ့ကားေစ်းကြက္မွာ ရင္းႏွီးျမဳပ္ႏွံမႈေတြ ပိုလုပ္ဖို႔ တိုယိုတာ ကုမၸဏီက စဥ္းစားလာတာပါ။
ျမန္မာႏုိင္ငံမွာ လမ္းျဖတ္ကူးသူေတြကို ဦးစားေပးရမယ္ ဆိုတဲ့ အသိ လူထုမွာ မရွိသလို၊ မီးပိြင့္ေတြေကာင္းေကာင္း မရွိတာ၊ လမ္းေတြမွာ လမ္းစည္းကမ္း ဆိုင္းဘုတ္ေတြ ေသေသခ်ာခ်ာ မတပ္ဆင္ထားတာေတြ ေၾကာင့္ ကားစင္းေရ ရုတ္တရက္ တိုးျမင့္လာၿပီး ကားေမာင္းသူ အမ်ားစုကလည္း အႏၱရာယ္ႀကီးတဲ့ လမ္းေၾကာင္း ေျပာင္းတာေတြ လုပ္ေလ့ရွိတာေၾကာင့္ မေတာ္တဆ ျဖစ္မႈေတြ တုိးလာတာပါ။",3.0,3.0,2.0,5.0,5.0,"The text provides a coherent, informative report on road safety initiatives in Yangon. It uses natural, authentic Burmese phrasing and addresses local socio-economic context (car imports, traffic issues). It includes logical analysis of accident statistics and causal factors, making it suitable for educational awareness, though it lacks the depth of a formal academic or technical paper."
<urn:uuid:2087ce30-e1a9-42d9-938f-a5ad376e1675>,"သာသနာက (၃) ေထာင္ထက္မပိုဘူး၊ သာသနာ ေနာက္ဆံုး
➖➖➖➖➖
➖သာသနာေနာက္ဆံုး။ တို႔ဥပဇၨယ္မိန္႔သြားတာ၊ (၃၀၀၀) ထက္မပိုဘူး သာသနာက။
➖ဘာျဖစ္လို႔တုန္း၊ တျဖည္းျဖည္းနဲ႔ အာ႐ံုရဲ႕ အတိုက္ၾကမ္းမႈ၊ ကိေလသာရဲ႕ အတိုက္ၾကမ္းမႈ၊ ဟုတ္ကလား။
ၿပီးေတာ့ တက္တဲ့အခ်ိန္မွာ တို႔အာရွတိုက္က ဦးေဆာင္တယ္။
➖ဆုတ္တဲ့အခ်ိန္မွာ တျခားတို္္က္္က ဦးေဆာင္တာ။ ဆုတ္ေခတ္က တဏွာဦးစီးတာကိုး။
➖တက္ေခတ္က သဒၶါဦးစီးရမွာကိုး။ တို႔အာရွတိုက္ဆိုတာ စာလို ""အရိယ""
➖""အရိယ"" ကို ဘိုလိုေရးေတာ့ ""ေအးရွ"" ဒါနဲ႔ အခုလို အာရွျဖစ္လာတာ။ အဲဒါ ပါဠိစကား။
➖""အရိယာ"" ကို ဘိုလိုေရးေတာ့ ""အာရွ""ျဖစ္ေနတာ အရိယတိုက္ဗ်။
➖အဲ့ေတာ့ အတက္မွာ တို႔က ဦးေဆာင္ရတာ။ အက်မွာ သူတို႔ဘက္က။
➖အဲ့ေတာ့ သူတို႔ဦးေဆာင္တာ ေတာ္ေတာ္ကို ပီျပင္ေနၿပီဗ်။ အကုန္လံုး သူတို႔ေနာက္ လိုက္ေနရတာေလ။
➖ကြဲမယ္ အဲ့ခါက်။ ဆန္႔က်င္ဘက္ ၊သူတို႔က တဏွာ မာန ဒိဌိ ဦးေဆာင္တယ္
➖ဒါနဲ႔ ခ်ဲ႕ရတာ မဟုတ္ဘူးလား။ သူတို႔က တဏွာ မာန ဒိဌိ နဲ႔ ခ်ဲ႕ရတာ။
➖တို႔က သဒၶါ ပညာ သမၼာဒိဌိ နဲ႔သြားရမွာ။ မတူဘူး ဆန္႔က်င္ဘက္။
➖အဲ့ေတာ့ ဟိုဘက္က အားေကာင္းရင္ ဒီဘက္က အားေလွ်ာ့ေပးရမွာ။ (၃) ေထာင္ထက္ မပိုဘူး။
➖အဲ့ေတာ့ အခုပဲ (၂၅၀၀) ေက်ာ္ေနၿပီပဲ။ (၄၀၀) ေက်ာ္ေလာက္ပဲ က်န္ေတာ့တာ။
➖အဲ့ဒီ (၄၀၀) ေက်ာ္က ေနာက္တစ္ခါ လူလာျဖစ္ရင္ ဒီသာသနာနဲ႔ ႀကံဳပါဦးမလား?။ (၄၀၀) ေက်ာ္ပဲ က်န္ေတာ့တာ။
➖က်ဳပ္တို႔က အထက္တက္မလား?၊ ေအာက္ဆင္းမလား? သိမွ မသိပဲ။ အထက္တက္လဲ တေမ်ာ္တေခၚ။
➖တို႔ စတုမဟာရာဇ္ နတ္မင္းရဲ႕ သက္တမ္းက အႏွစ္ (၅၀၀) ၊တို႔ လူသက္နဲ႔ဆို အႏွစ္ (၉) သန္း။
သူတို႔ (၅၀၀) က တို႔လူသက္နဲ႔ဆို အႏွစ္(၉) သန္း ညီမွ်တယ္။
➖အခု ႐ုပ္ကစိုးနတ္ေတြက စတုမဟာရာဇ္နတ္ေတြေပါ့။ အႏွစ္(၉) သန္းဗ်။ မီွမလား ဒီ(၄၀၀) ေက်ာ္ကို။
မမီွပါဘုရား။
➖ေနာက္တခါ လူလာျဖစ္ရင္ မမီွႏိုင္ဘူး။
ငရဲသက္တမ္းလဲ တြက္ၾကည့္ေပါ့ဗ်ာ။
➖ဟုတ္တယ္ေနာ္။ အဲ ေနာက္ဆံုး။
➖ဒီအတိုင္းႀကီးမေနနဲ႔။ ဒါေနာက္ဆံုး။
➖ေနာက္ႏွစ္ ဒီ့ထက္ တိုးလာမယ္ မထင္နဲ႔။ ဆုတ္သထက္ ဆုတ္မွာ။
➖တို႔အရြယ္ေတြကေကာ ေနာက္ဆို ဒီ့ထက္ အရြယ္ ေကာင္းမွာတဲ့လား?
မေကာင္းပါဘုရား။
ဆုတ္မွာ ခင္ဗ်ားတို႔ တႏွစ္ထက္ တႏွစ္။
➖အခုက အခ်ိန္ေကာင္းေလး၊ ယူထားေတာ့။ စာလိုေျပာရရင္ေတာ့ ေသာတပန္အဆင့္က ေခါင္းပါးတဲ့ အက်င့္ က်င့္ဖို႔မလိုဘူး။
➖၅ ပါးနဲ႔ရပါတယ္ ။ ျဖစ္ပ်က္႐ႈ႕ၿပီး ထိသိ ျမင္ရမွာ မဟုတ္လား။
➖ထိသိျမင္ရင္ ငါစြဲဒိဌိ ရိွဦးမလား။ သူက ဒိဌိတစ္လံုး ျပဳတ္တာေလ။
➖အဲ့ေတာ့ သတိနဲ႕ ႐ႈ႕ေနလို႔ျဖစ္ပ်က္ ိျမင္ေနတဲ့ ပုဂၢိဳလ္၊ ထိသိျမင္ေနတဲ့ ပုဂၢိဳလ္ ဘယ္လိုလုပ္ ငါစြဲဝင္ႏိုင္မွာလဲ။
ငါေတြး မေတြးမိတာ ၾကာရွည္ေလေလ၊ အစြဲျပဳတ္ေလပဲ။
➖ငါစြဲ ပါးရာကနဲ၊ နဲရာက စဲသြားမွာေပါ့။ ေခါင္းပါးတဲ့ အက်င့္ က်င့္ဖို႔မလိုဘူး။
➖ရြာထဲေနရင္လည္း ရႏိုင္ပါတယ္။ ရိပ္သာသြားၿပီး ၁၀ ရက္၊ ၁၅ ရက္၊ တစ္လ၊ ႏွစ္လ ဒီလိုေျပာတာ မဟုတ္ဘူး
➖လုပ္စမ္း အခ်ိန္မရိွဘူး။ ဝမ္းစာနဲ႔ အသက္ေမြးဝမ္းေၾကာင္းကေတာ့ ဓာတ္ေကာင္နဲ႔ ဓာတ္ဥာဥ္က လုပ္လိမ့္မယ္။
➖သူတို႔အလုပ္ ခင္ဗ်ားတို႔ေတာင္ ဝင္မ႐ႈပ္နဲ႔။ တို႔က ကိုယ့္အလုပ္ ကိုယ္လုပ္ရင္ မရႏိုင္ဘူလား?
➖သူတို႔ ဓာတ္႐ုပ္၊ ဓာတ္ေကာင္ကေတာ့ ဓာတ္႐ုပ္၊ ဓာတ္ဥာဥ္က ဦးေဆာင္ၿပီး လုပ္လိမ့္မယ္။
ကိုယ္ေတာင္ လိုက္လုပ္ေနဖို႔ေတာင္ မလိုပါဘူး။ ကိုယ္က ကိုယ့္အလုပ္ ကိုယ္လုပ္ရင္ မရႏိုင္ဘူလား။
ရႏိုင္ပါတယ္ ဘုရား။
➖တခါတည္း ၂လုပ္ လုပ္ထား။ သာသနာေနာက္ပိုင္း။
➖ခုဏက စကားက်န္ရစ္ေသးတယ္၊ ခုဏက ငါေသရေတာ့မယ္ ဒါနံပါတ္ ၁စည္း။
➖ငါ့မိသားစုနဲ႔ ခြဲရေတာ့မယ္ နံပါတ္ ၂ စည္းေနာ္။
➖နံပါတ္ ၃ စည္းက ေဝဒနာျပင္းထန္လာရင္ ေက်ာ္ဖို႔ရာ ဒီစိတ္စည္းလံုးမႈ အားမေကာင္းရင္ ေက်ာ္ႏိုင္ပါ့မလား?
မေက်ာ္ႏိုင္ပါဘုရား။
ေဝဒနာ ျဖစ္ပ်က္မျမင္ႏိုင္ပဲနဲ႔ မေက်ာ္ႏိုင္ဘူး။
➖ေဝဒနာေက်ာ္ဖို႔ အေရးႀကီးဆံုး။ ေက်ာ္ႏိုင္ပါ့မလား?
➖ေက်ာ္ႏိုင္ေအာင္ လုပ္ေနာ္။ နံပါတ္ ၃ စည္း အခက္ဆံုး။
➖အဲ့ဒီ အခ်ိန္မွာ သတိလြတ္မယ္။ သတိလြတ္ရင္ ပင္ကိုယ္စိတ္လြတ္ေတာ့မွာ။
➖ပင္ကိုယ္စိတ္လြတ္ရင္ အစြဲစြဲရာ ပါရမွာ။ ပင္ကိုယ္စိတ္ မလြတ္ေသးရင္ေတာ့ ကိုင္လိုခ်င္သလိုရတာေပါ့။
➖ပင္ကိုယ္စိတ္ လြတ္ရင္ သြားၿပီ။ အဲ့ဒီ ေသခါနီးရဲ႕စည္းေက်ာ္ဖို႔က စိတ္စည္းလံုးမႈ ကိုယ့္ဘက္က စိတ္အားေကာင္းထားမွ ကိုယ့္ဘက္က ဥာဏ္အရိွန္အဟုန္ေကာင္းမွ ေက်ာ္ႏိုင္မွာေနာ္
➖အဲ့ေလာက္ထိ လုပ္ထားရမွာဗ်။ လူ႕ဘဝေရာက္တုန္းေလး ၊သာသနာနဲ႔ ႀကံဳတုန္းေလး တို႔လက္ေဆာင္ေပးလိုက္တာဗ်ာ။
【 #မဟာေဗာဓိၿမိဳင္ဆရာေတာ္ဘုရားႀကီး 】
ေဟာၾကားေသာ ""တကယ္ေၾကာက္ရင္ အဟုတ္လုပ္"" တရားေတာ္မွ ေကာက္ႏုတ္ခ်က္ . . .
Views: 37
Comment",3.0,3.0,2.0,3.0,5.0,"The text is a transcript of a Buddhist sermon. It provides religious instruction and moral guidance, which is educational within a cultural context. It uses logical steps to explain Buddhist concepts like impermanence and mindfulness. It is highly authentic to Burmese Buddhist discourse, using specific terminology and cultural framing, though it contains some minor formatting noise."
<urn:uuid:7b8dc7f8-52fb-4182-b14b-80a575e11787>,"အီရတ္တပ္ဖြဲ႔ေတြနဲ႔မဟာမိတ္ ျပည္သူ႔စစ္ေတြဟာ အေမရိကန္၊ ႐ုရွားနဲ႔ အီရန္အပါအ၀င္ ႏုိင္ငံေပါင္း ၁၆ ႏုိင္ငံထက္မနည္းက အီရတ္စစ္တပ္ကိုေပးထားတဲ့ လက္နက္ခဲယမ္းေတြသံုးၿပီး စစ္ရာဇ၀တ္မႈေတြကို က်ဴးလြန္ေနတယ္လို႔ ႏုိင္ငံတကာလြတ္ၿငိမ္းခ်မ္း သာခြင့္အဖြဲ႔ AI က ဒီကေန႔ထုတ္တဲ့ အစီရင္ခံစာတခုထဲမွာ ေဖာ္ျပထားပါတယ္။
ရွီးယားမူစလင္ေတြ အမ်ားဆံုးပါတဲ့ ျပည္သူ႔စစ္ေတြကို တစုတစည္းထဲအားျဖင့္ Hashid Shaabi လို႔ သိၾကေၾကာင္း AI ကေျပာပါ တယ္။ အီရတ္စစ္ဘက္ရဲ႕ လက္နက္ခဲယမ္းေတြကိုသံုးၿပီး တရားလက္လြတ္ သတ္ျဖတ္တာနဲ႔ ႏွိပ္စက္ညႇဥ္းပန္းတာလို႔ စစ္ ရာဇ၀တ္မႈေတြကို ဒီ ျပည္သူ႔စစ္ေတြက က်ဴးလြန္ေနတယ္လို႔ AI က ေျပာပါတယ္။
အီရတ္ကိုလႊဲေပးလိုက္တဲ့ လက္နက္ခဲယမ္းေတြဟာ လူ႔အခြင့္အေရးခ်ဳိးေဖာက္မႈေတြကို က်ဴးလြန္တဲ့ ေနာက္ခံသမိုင္းေၾကာင္း ရွိ ထားဖူးတဲ့ ျပည္သူ႔စစ္အုပ္စုေတြလက္ထဲ ေရာက္သြားမယ့္ တကယ့္အႏၲရာယ္ ရွိေနတယ္ဆိုတာကို အေမရိကန္၊ ဥေရာပႏုိင္ငံ ေတြ၊ ႐ုရွားနဲ႔ အီရန္အပါအ၀င္ လက္နက္ခဲယမ္း ေထာက္ပံ့ေနတဲ့ ႏုိင္ငံေတြအေနနဲ႔ လက္ခံရပါမယ္လုိ႔ AI သုေတသီ Patrick Wilcken က ထုတ္ျပန္ခ်က္တခုမွာ ေျပာထားပါတယ္။
အီရတ္ကို လက္နက္ေရာင္းခ်င္တဲ့ ႏုိင္ငံေတြအေနနဲ႔ ျပည္သူ႔စစ္ေတြက လူ႔အခြင့္အေရးခ်ဳိးေဖာက္ဖို႔ အဲဒီလက္နက္ေတြကို အသံုး မျပဳေရး ေသခ်ာေစဖို႔ တင္းက်ပ္တဲ့ ကန္႔သတ္ခ်က္ေတြကို အရင္ဆံုးခ်မွတ္သင့္ပါတယ္လုိ႔ Wilcken ကေျပာပါတယ္။
ဒီကိစၥနဲ႔ပတ္သက္ၿပီး Hahid Shaabi ျပည္သူ႔စစ္အဖြဲ႔ ေျပာခြင့္ရသူဘက္က ေလာေလာဆယ္ ဘာမွတ္ခ်က္မွ မေပးေသးပါဘူး။",3.0,3.0,3.0,5.0,2.0,"The text is a clear, well-structured news report about international human rights findings. It provides educational value regarding global politics and human rights, uses logical reporting structures, and is written in natural, professional Burmese. It is clean, complete, and free of boilerplate, though it focuses on international events rather than specific Burmese cultural nuances."
<urn:uuid:a10f532b-b821-4947-914c-50653afea300>,"ဇူလှိုင် ၉၊ ၂၀၁၁။ နိုင်ငံတွေ အထူးသဖြင့် ဒီမိုကရေစီနိုင်ငံတွေမှာ အသစ်တက်လာတဲ့ အစိုးရတရပ် ဘယ်လောက် ရုပ်လုံးပေါ်လာပြီလဲဆိုတာကို ရက် ၁၀၀ တိုင်းတာပြီး သုံးသပ် စစ်ကြောလေ့ရှိပါတယ်။ အရင် ရွေးကောက်ပွဲစည်းရုံးရေးကာလအတွင်း လူထုကို ပေးခဲ့တဲ့ ဂတိကဝတ်တွေ၊ အစိုးရဖွဲ့စည်းစမှာ ပြောခဲ့တဲ့ စကားတွေအပေါ် ဘယ်လောက် အကောင်အထည်ဖော်နိုင်ပြီလဲ၊ ပြောသလို အပြောင်းအလဲအတွက် လမ်းစတွေ မြင်ရပြီလား တွက်ချက် သုံးသပ်ကြပါတယ်။
၂၀၁၀ ရွေးကောက်ပွဲရလဒ်ကနေ အရွေးခံခဲ့ရတဲ့ အနိုင်ရကြံခိုင်ရေးပါတီရဲ့ အစိုးရအဖွဲ့ဟာ ဇူလှိုင် ၈ ရက်နေ့မှာ ရက် ၁၀၀ တင်းတင်း ပြည့်ပါတယ်။ သမတသစ် ဦးသိန်းစိန်းဟာလည်း ကျိန်းသစ္စာဆိုမိန့်ခွန်းထဲမှာ အမျိုးသားပြန်လည်သင့်မြတ်ရေး၊ ဒီမိုကရေစီအပြောင်းအလဲ၊ လူ့အခွင့်အရေး၊ သန့်ရှင်းသောအစိုးရ၊ ကောင်းမွန်တဲ့အုပ်ချုပ်ရေး စသဖြင့် လူထုမျှော်လင့်ချက်အတော်များများကို ထည့်သွင်း ပြောဆို ဂတိပြုသွားပါတယ်။
ဒါကြောင့် အခု ရက် ၁၀၀ ပြည့်ကာလ အစိုးရသစ်ရဲ့ ဆောင်ရွက်ချက်တွေဟာ အားလုံးမျှော်လင့်တဲ့အပြောင်းအလဲအတွက် လမ်းစ တခုခုမြင်ရပြီလား၊ အရပ်သားအစိုးရတရပ်အဖြစ် ပီပီပြင်ပြင် ရုပ်လုံးပေါ်လာခဲ့ပြီလား သုံးသပ်ဆွေးနွေးမှာဖြစ်ပါတယ်။ မြန်မာနိုင်ငံ ရန်ကုန်မြို့က NGO အစိုးရမဟုတ်တဲ့အဖွဲ့အစည်းများ ဦးဆောင်လှုပ်ရှားသူတဦးဖြစ်သူ ဒေါက်တာခင်ဇော်ဝင်းနဲ့၊ BMA မြန်မာ့သတင်းသမဂ္ဂ ဥက္ကဌ ဦးမောင်မောင်မြင့်တို့ အဓိက ပါဝင်ဆွေးနွေးထားပါတယ်။",3.0,3.0,3.0,5.0,5.0,"The text provides a coherent analysis of political accountability in Myanmar, suitable for secondary education. It uses logical, multi-step reasoning to evaluate government performance. The language is natural, authentic Burmese, reflecting local political context and terminology without machine-translation artifacts. It is well-structured, professional, and free of noise."
<urn:uuid:c055127a-f3b7-4b99-9887-bd31095b6838>,"မြန်မာအင်ဂျင်နီယာတွေဟာ တကယ်တော့ လူညံ့တွေ မဟုတ်ကြပါဘူး..
“စနစ်ပျက်သွားတဲ့မြေ”
ရုံးပင်တံတားအကြောင်းရေးမိတော့ တဆက်စပ်တည်းတွေးမိတဲ့ မြစ်ကူးတံတားအတွေ့အကြုံလေး ပြောပြချင်လာပါတယ်။ ဦးသိန်းစိန်ခေတ်လောက်ကဖြစ်သည်။ ကျွန်တော်တို့ရွာနားမှာ ဧရာဝတီမြစ်ကူးတံတားစီမံကိန်းကြီးတစ်ခုလုပ်နေဆဲအချိန်၊ ကျွန်တော်က စင်ကာပူက ခဏရွာအလည်ပြန်လို့ တံတားစီမံကိန်းကို ရောက်ဖူးအောင်သွားလည်ခဲ့ပါတယ်။ အဲဒီမှာ ကျောင်းနေဖက်ငယ်သူငယ်ချင်းက တံတားစီမံကိန်းမှာလုပ်နေတာနဲ့ ပြန်ဆုံလို့ သူကအကျယ်တဝင့် စိတ်ရှည်လက်ရှည်ရှင်းပြရှာပါတယ်။
မြစ်ကမ်းပါးတနေရာကနေကြည့်ကြရင်း၊ ဟေ့ကောင်ရ ဟိုတံတားတိုင်က ဘယ်ရွာက လယ်သူမဒေါ်ဘယ်သူလုပ်တာ၊ ဟောဟိုကတိုင်က ဘယ်ရွာက ဦးဘယ်သူလုပ်တာ၊ မင်းနှယ်ကွာ နိုင်ငံခြားနေမနေစမ်းပါနဲ့ ပြန်သာလာခဲ့စမ်းပါ။ ဒီမှာ လုပ်စရာဂွင်တွေ အများကြီးရှိတယ်၊ မင်း အင်ဂျင်နီယာ တွက်တတ်တာပဲ၊ ဘာမလုပ်ရဲစရာရှိသလဲကွ။ ဒီဘိုးပိုင်တတိုင်လောင်းရင် ဌာနဆီက သိန်း ၂၀၀ နဲ့တင်ဒါဆွဲရင်၊ တကယ်ကုန်တာက ၁၅၀ အေးဆေးပဲဟ။ သူက အာပေါင်အာရင်းသန်သန်နဲ့ ပြောလေ၊ ကျွန်တော်က စိတ်ထဲကြောက်လာလေလေပါပဲ။
သူက ဆက်ရှင်းပါတယ် တကယ်ဆိုတံတားပိုင်တလုံး ဥပမာ.. သိန်း ၅၀၀ လောက်ဘတ်ဂျက်ချပေးတာ၊ ရုံးချုပ်ကစဖြတ်၊ SE, EE, AE, SAE, JE စသဖြင့် အဆင့်ဆင့် ခွဲဝေခြမ်းလိုက်ကြတာ တကယ့်မြေပြင်မှာ လုပ်မယ့်ကန်ထရိုက်ဆီလည်းရောက်ကရော သိန်း ၂၀၀ ပဲ ကျန်တော့တယ်၊ ကန်ထရိုက်ကလည်း သူ့တွက်ကျန်အောင် ၁၅၀ နဲ့ ရအောင်လုပ်တယ်။ ခိုင်မခိုင် ကောင်းမကောင်း စဉ်းစားကြည့်ကြပေါ့။
ဒီတရုတ်သံပေါင်နည်းပညာနဲ့ ဝေစားမျှစားအောက်ခံအုတ်မြစ်နဲ့ ဧရာဝတီမြစ်ကြီးကို ဖြတ်ကူးကြရမှာ၊ နောက်ပိုင်းအခေါက်တွေ ပြန်ရောက်လို့ အဲတံတားပေါ်ကားဖြတ်မောင်းရင် သူငယ်ချင်းပြောတာတွေ နားထဲက ပြန်ကြားယောင်နေမိပြီး ကျောချမ်းတာကဖြင့်အမှန်ပါပဲ။ အော်… ကျွန်တော့်သူငယ်ချင်းက မြို့ပြအင်ဂျင်နီယာမဟုတ်ပါဘူး၊ ငယ်ငယ်က အမှတ်မမှားရင် မိသားစုစားဝတ်နေရေးအတွက် ၄ တန်းလောက်နဲ့ ကျောင်းထွက်ခဲ့ရသူပါ။ အလုပ်ဆက်စပ်လိုက်လုပ်ရင်း ဆောက်လုပ်ရေးတံတားစီမံကိန်းတွေမှာ ချိတ်မိပြီး ကြိုးစားသူ ဖင်ပေါ့သူမို့ နေ့စားဝန်ထမ်းဖြစ်နေတာပဲ ဖြစ်ပါတယ်။
မြန်မာအင်ဂျင်နီယာတွေဟာ တကယ်တော့ လူညံ့တွေ မဟုတ်ကြပါဘူး၊ အမှားကြာ အမှန်ဖြစ်လို့ လုပ်ပိုင်ခွင့်အာဏာကို ရပိုင်ခွင့်ဂွင်တွေပဲလို့ ကျင့်ဝတ်ပျက်ပြားကုန်ကြတာပဲ ဖြစ်ကြမှာပါ။ မိုးခါးရေသောက်ရင်း ကြာလာတော့ လူတစုဟာ လခစားဘဝနဲ့တင် ဘီလီယံနာတွေဖြစ်လာပြီး၊ တိုင်းပြည်ဟာ မြောင်းထဲထိုးဆင်းခဲ့ကြရတာပါ။
ဒီကြားထဲ ၃ သိန်းထိ လာဘ်စားလို့ရတယ်လို့ မူဝါဒချမှတ်လေတော့ ဇီးသီးဗန်းမှောက်ကုန်ကြပါတော့တယ်။ အခု ပြည်သူ့အစိုးရခေတ်မှာတော့ အစိုးရစီမံကိန်းတွေအားလုံးကို ပွင့်လင်းမြင်သာစွာဖြင့် တင်ဒါခေါ်၊ တိတိကျကျစစ်ဆေးနေကြလို့ ဒီဖက်ခေတ် လမ်းတံတားတွေဟာဖြင့် စစ်အစိုးရခေတ်ထက် အဆမတန်ပိုမိုကောင်းမွန်လာကြတာကို မျက်မြင်ဒိဌတွေ့နေကြရပါပြီ။
ရွေးကောက်ခံ အစိုးရတာဝန်ရှိသူတွေအနေနဲ့ ယောက်မမြင်းစီးမထွက်ကြဖို့ အခွန်ထမ်းပြည်သူတွေက အထူးတလည်မျှော်လင့်မိပါကြောင်း။
Zin Min Nyein",2.0,3.0,2.0,5.0,5.0,"The text provides a personal, anecdotal critique of corruption in infrastructure projects in Myanmar. It offers insight into social and political issues, demonstrating logical connections between corruption and structural integrity. It is written in natural, idiomatic Burmese, reflecting local cultural and political contexts, and is formatted cleanly as a coherent narrative essay."
<urn:uuid:7eff88cf-2e61-4a2c-a99a-3236694f7b75>,"အမ်ိဳးသား ဒီမုိကေရစီ အဖြဲ႔ခ်ဳပ္ (NLD) အေနျဖင့္ ပါတီမွတ္ပုံ မတင္ရန္ ဆုံးျဖတ္ခဲ့ ျခင္းသည္ မွားယြင္းမႈ ျဖစ္ႏုိင္ဖြယ္ ရွိေၾကာင္း သုံးသပ္ ေျပာဆုိမႈမ်ား ရွိေနသည္။
NLD ပါတီသည္ ဒီမုိကေရစီ စံခ်ိန္ကုိ ထိန္းသိမ္းရန္ တခုတည္းေသာ ေရြးခ်ယ္စရာမွာ ပါတီကုိ မွတ္ပုံမတင္ျခင္း ျဖစ္ေသာ္လည္း ၎ နည္းလမ္းသည္ မွားယြင္းႏုိင္ေၾကာင္း၊ ျမန္မာ့ႏုိင္ငံေရးတြင္ အခန္းက႑တခုအေနျဖင့္ ပါ၀င္သင့္သည္ဟုၿပီးခဲ့သည့္ ဗုဒၶဟူးေန႔က ထုတ္ေ၀သည့္ The Economist အင္တာနက္သတင္းစာမ်က္ႏွာတြင္ ေရးသား ထားသည္။
[ပါတီ မွတ္ပုံတင္ေရး မတင္ေရး အစည္းအေ၀း ျပဳလုပ္သည့္ မတ္လ ၂၉ ရက္ေန႔က NLD ရုံးခ်ဳပ္ အျပင္ဘက္တြင္ ေဒၚေအာင္ဆန္းစုၾကည္ ႏွင့္ ႏုိင္ငံေရး အက်ဥ္းသားမ်ား လႊတ္ေပးရန္ ေႂကြးေၾကာ္ ဆႏၵျပေနေသာ အဖြဲ႕၀င္မ်ား (ဓာတ္ပုံ - AP)]
ပါတီ မွတ္ပုံတင္ေရး မတင္ေရး အစည္းအေ၀း ျပဳလုပ္သည့္ မတ္လ ၂၉ ရက္ေန႔က NLD ရုံးခ်ဳပ္ အျပင္ဘက္တြင္ ေဒၚေအာင္ဆန္းစုၾကည္ ႏွင့္ ႏုိင္ငံေရး အက်ဥ္းသားမ်ား လႊတ္ေပးရန္ ေႂကြးေၾကာ္ ဆႏၵျပေနေသာ အဖြဲ႕၀င္မ်ား (ဓာတ္ပုံ - AP)
NLD ပါတီ ေခါင္းေဆာင္ တဦးျဖစ္သူ ဦး၀င္းတင္ကမူ ပါတီအတြင္း ဥကၠဌ ဦးေအာင္ေရႊက မွတ္ပုံတင္ရန္ ညႊန္ၾကားထားၿပီး ေရြးေကာက္ပြဲကုိ ၀င္လုိသူ မ်ားလည္း ရွိေၾကာင္း၊ သုိ႔ေသာ္ ပါတီမွတ္ပုံ မတင္ေရး ဆုံးျဖတ္ခ်က္သည္ ျပည္သူလူထုႏွင့္ ပါတီ၀င္မ်ား၏ ဒီမုိကေရစီအရ ဆုံးျဖတ္ခ်က္သာ ျဖစ္ေၾကာင္း ေျပာသည္။
“မွတ္ပုံမတင္ဘူး ဆုိတဲ့ ဆုံးျဖတ္ခ်က္ဟာ ျဖစ္တည္မႈ တရား၊ အရွိ တရားကုိ ဆုံးျဖတ္တာပဲ”ဟု ၎က ဆုိသည္။
ဖြဲ႕စည္းပုံအေျခခံဥပေဒ လက္ခံေရးအပါအ၀င္ ေရြးေကာက္ပြဲ၀င္ေရး ႏွင့္ ပတ္သက္၍ ပါတီ၀င္တခ်ိဳ႕၏ ရပ္တည္မႈကုိ လက္ခံ ေၾကာင္း၊ သုိ႔ေသာ္ အမ်ားဆုံးျဖတ္ထားသည့္အတုိင္း ပါတီ၏ ပုံရိပ္ႏွင့္ အမည္သုံးခြင့္ မရိွေၾကာင္း ဦး၀င္းတင္ကေျပာသည္။
ျမန္မာျပည္၏ ႏုိင္ငံေရးျပႆနာမ်ားသည္ ခ်က္ခ်င္းလက္ငင္း ေျဖရွင္းရန္ လြယ္ကူသည့္ ျပႆနာမ်ားမဟုတ္ေၾကာင္း၊ လက္ေတြ႔ ဆန္စြာ စဥ္းစားမည္ဆုိလွ်င္ ေရြးေကာက္ပြဲဲကုိ လက္ခံ၍ တျဖည္းျဖည္းျခင္းသာ ဒီမုိကေရစီကုိ ေျပာင္းယူရမည္ျဖစ္ေၾကာင္းခ်င္းမုိင္ အေျခစုိက္ ျမန္မာ့အေရးေလ့လာသူ ဦးေအာင္ႏုိင္ဦးက ေျပာသည္။
“ဦးသုေ၀တုိ႔ဆုိရင္ လက္ေတြ႔ဆန္ဆန္ စဥ္းစားၿပီးေတာ့၊ ၀င္သင့္တယ္ဆုံးျဖတ္တယ္၊ ၀င္မယ္ဆုိရင္လည္း လုိက္ေလ်ာမႈေတြ တခ်ိဳ႕ လုပ္ရမယ္ ဆုိတာကုိ လက္ခံတယ္”ဟု ၎ဆုိသည္။
NLD ၏ ဆုံးျဖတ္ခ်က္သည္ ေလွခြက္ခ်ည္းက်န္ အလံမလွဲ စိတ္ဓာတ္ျဖစ္ေသာ္လည္း ျပည္သူလူထု၏ အက်ိဳးစီးပြားကုိ ပစ္ပယ္ ရာေရာက္ေနေၾကာင္း၊ စစ္အစုိးရကဲ့သုိ႔ ျပည္သူကုိ လ်စ္လ်ဴရႈလုပ္ကုိင္ေနသည္ဟု ထင္ေၾကာင္း ဦးေအာင္ႏုိင္ဦးကဆုိသည္။
NLD ဗဟုိအလုပ္အမႈေဆာာင္တဦးျဖစ္သူ ဦးဟံသာျမင့္က ပါတီအေနျဖင့္ ေရွ႕လုပ္ငန္းစဥ္မ်ားႏွင့္ ပတ္သက္၍ ယခုေလာ ေလာ ဆယ္တြင္ အတိအက်မေျပာႏုိင္ေၾကာင္း၊ မၾကာမီ အစည္းအေ၀းတခုျပဳလုပ္၍ ေရွ႕လုပ္ငန္းစဥ္မ်ား ခ်မွတ္မည္ျဖစ္ေၾကာင္း ေျပာဆုိသည္။
ၿပီးခဲ့သည့္ တနလာၤေန႔က NLD ေခါင္းေဆာင္မ်ားႏွင့္ ႏုိင္ငံတ၀န္းရွိ ဗဟုိဦးစီး အဖြဲ႕၀င္ ၁၁၃ ဦးတုိ႔ က်င္းပသည့္ ေဆြးေႏြးပြဲတြင္ ပါတီ ျပန္လည္မွတ္ပုံတင္ျခင္း မျပဳရန္ႏွင့္ ေရြးေကာက္ပြဲ မ၀င္ရန္ ဆုံးျဖတ္ခဲ့ၾကသည္။
http://irrawaddy.org/bur/index.php/news/1-news/2928-nld-- မွကူးယူေဖာ္ၿပသည္။",2.0,3.0,3.0,3.0,4.0,"The text provides a historical account of NLD political decisions, offering moderate educational value regarding Burmese political history. It includes multiple perspectives (U Win Tin, U Aung Naing Oo), demonstrating basic to intermediate reasoning. It is written in natural, journalistic Burmese, reflecting authentic local political discourse, though it contains some repetitive boilerplate/caption text."
<urn:uuid:23493797-6dc3-4a66-8aa8-19c2bb50c4e3>,"SweetDecemberလို့ခေါ်ကြတဲ့ချိုသောဒီဇင်ဘာလကိုရောက်ရှိလို့လာပါပြီ။မနှစ်ကဒီလိုအချိန်မှာငါးထောင်တန်FoodBoxတွေခေတ်စားခဲ့တယ်။ကျပ်ငါးထောင်ဆိုတဲ့ပမာဏဟာလူတိုင်းအတွက်ဘာမှမဟုတ်ခဲ့ဘူး။ဒီနှစ်တော့ဒီအချိန်မှာငါးရာတန်ထမင်းပွဲတွေခေတ်စားလာတယ်။
လူတွေကတော်တော်များများအလုပ်လက်မဲ့ဖြစ်သွားကြပြီ။ဝင်ငွေမရှိတော့ဘူး။ကမ္ဘာဘဏ်ကတော့၂၀၂၂မှာမြန်မာပြည်သူတဝက်လောက်ဟာဆင်းရဲမွဲတေမှုမျဉ်းအောက်မှာအသက်ရှင်ရလိမ့်မယ်လို့ခန့်မှန်းထားတယ်။လက်တွေ့မြေပြင်မှာလဲအဲ့ဒီအတိုင်းဖြစ်နေပြီ။စားစရာမရှိတော့တာနဲ့အမျှခိုးဆိုးလုယက်မှုတွေပေါလာလိမ့်မယ်။ခုတောင်တချို့နေရာတွေမှာတွေ့နေရပြီ။တရားဥပဒေစိုးမိုးမှုလဲမရှိတော့ဘူးလေ။စစ်ကောင်စီဟာအခုအချိန်မှာရာဇဝတ်မှုတွေကိုစိတ်မဝင်စားတော့ဘူး။သူတို့အာဏာတည်မြဲဖို့ကိုပဲအာရုံစိုက်နေရတယ်။ပြည်သူတွေရဲ့ဘဝဟာစားဖို့လဲပူရ၊ရာဇဝတ်မှုတွေကိုလဲကြောက်ရနဲ့အပူလုံးကြွနေပြီ။
ကရင်နီပြည်နယ်လွိုင်ကော်မြို့ကကုလသမဂ္ဂဝန်ထမ်းတွေနဲ့အန်ဂျီအိုဝန်ထမ်းတွေရှမ်းပြည်နယ်ဘက်ကိုထွက်ခွာခွင့်ရသွားတယ်။ဒါပေမယ့်မြို့ထဲမှာအရပ်သားအများအပြားပိတ်မိနေဆဲပဲ။လွိုင်ကော်တက္ကသိုလ်ထဲမှာစစ်တပ်ရဲ့လူသားဒိုင်းအဖြစ်အသုံးချခံထားရတဲ့ဝန်ထမ်းတွေနဲ့ကျောင်းသားတွေကိုတော့တော်လှန်ရေးအဖွဲ့တွေကယ်ထုတ်လိုက်နိုင်တယ်။ဒါကိုစစ်ကောင်စီကထိုဝန်ထမ်းတွေကိုတော်လှန်ရေးအဖွဲ့တွေကမတရားဖမ်းဆီးသွားပါတယ်ဆိုပြီးအသံလွှင့်သေးတယ်။သူတို့ဘာတွေပြောနေပါစေအမှန်တရားကိုလူတိုင်းသိနေတာပဲ။အခုဆိုစစ်ကောင်စီတပ်တွေနှစ်ရှည်လများတပ်စွဲအထိုင်ချထားတဲ့လွိုင်ကော်တက္ကသိုလ်ကိုကရင်နီတပ်ပေါင်းစုအဖွဲ့တွေထိန်းချုပ်ထားနိုင်ပြီးလွိုင်ကော်မြို့ပတ်ပတ်လည်ကိုလဲဝိုင်းထားနိုင်ပြီ။မြို့လယ်ကနေရာကွက်ကွက်လေးကိုသားစစ်သူပုန်တွေထိန်းချုပ်ထားနိုင်တော့တယ်။ ရခိုင်ပြည်နယ်မှာလဲအေအေကဆက်တိုက်ဆိုသလိုထိုးစစ်ဆင်နေတယ်။တချို့ရဲ့စခန်းတွေဆိုရင်သေနတ်သံကြားတာနဲ့လက်နက်ချကုန်တော့တာပဲ။ဒါ့ကြောင့်စစ်ကောင်စီဟာစခန်းအသေးတွေကသူတို့လူတွေကိုစွန့်ခွာခိုင်းပြီးစခန်းအကြီးတွေမှာပူးပေါင်းခိုင်းထားတာကြောင့်အေအေဟာစစ်မတိုက်လိုက်ရပဲရခိုင်ပြည်နယ်ကစခန်း၄၀လောက်ကိုရရှိလိုက်တယ်။ဒါပေမယ့်စစ်ကောင်စီဟာရခိုင်ပြည်နယ်မှာတိုက်ပွဲတွေပြန်စတဲ့နေ့ကစပြီးကုန်လမ်းကြောင်းတွေကိုပိတ်ဆို့ထားလိုက်ပါပြီ။ပြည်မကဝင်တဲ့လမ်းကြောင်းတွေအကုန်ပိတ်ဆို့ထားတဲ့အပြင်ပြည်နယ်ထဲမှာတမြို့နဲ့တမြို့ကိုတောင်ကူးလူးသွားလာလို့မရတော့ပါဘူး။ဒါကြောင့်ရခိုင်ပြည်နယ်ထဲမှာကုန် ဈေးနှုန်းတွေမြင့်တက်လာပြီးပြည်သူတွေဒုက္ခရောက်နေကြပြီ။ဒီအခြေအနေကိုအေအေကဘယ်လိုဖြေရှင်းမလဲဆိုတာစိတ်ဝင်စားစရာပဲ။",2.0,3.0,2.0,4.0,5.0,"The text provides a contemporary socio-political analysis of Myanmar. It demonstrates logical connections between economic hardship and crime, and military conflict and humanitarian crises. It uses authentic Burmese terminology and reflects deep local knowledge of the current situation, though it is journalistic/commentary rather than formal educational material."
<urn:uuid:7dd72a5b-6980-45b8-a934-6337f70f046f>,"ဘုရားသခင်၏ နေ့စဉ် နှုတ်ကပတ်တော်များ | “ဘုရားသခင်၏ အလုပ်နှင့် လူသား၏အလုပ်” | ကောက်နုတ်ချက် ၁၇၃
သန့်ရှင်းသောဝိညာဉ်တော်၏ အလုပ်သည် လူအမျိုးအစား များစွာနှင့် မတူညီသော အခြေအနေများစွာမှတစ်ဆင့် ပြီးမြောက်ကာ ပြည့်စုံလေသည်။ လူ့ဇာတိခံ ဘုရားသခင်၏ အမှုသည် ခေတ်တစ်ခုလုံး၏ အမှုကို ကိုယ်စားပြုနိုင်ပြီး ခေတ်တစ်ခုလုံးထဲက လူတို့၏ဝင်ရောက်မှုကို ကိုယ်စားပြုနိုင်သော်လည်း၊ လူတို့၏ ဝင်ရောက်မှု အသေးစိတ်နှင့် ပတ်သက်သော အမှုကို လူ့ဇာတိခံ ဘုရားသခင်အားဖြင့် မဟုတ်ဘဲ၊ သန့်ရှင်းသော ဝိညာဉ်တော်၏ အသုံးပြုခြင်းခံရသော လူတို့အားဖြင့် လုပ်ဆောင်ဖို့ လိုအပ်ဆဲ ဖြစ်သည်။ ထို့ကြောင့်၊ ဘုရားသခင်၏အမှု သို့မဟုတ် ဘုရားသခင်ကိုယ်တိုင်၏ သာသနာသည် လူက ဘုရားသခင်ကိုယ်စား မလုပ်ဆောင်နိုင်သည့် ဘုရားသခင်၏ လူ့ဇာတိခံ ခန္ဓာ၏ အမှု ဖြစ်သည်။ သန့်ရှင်းသော ဝိညာဉ်တော်၏ အလုပ်သည် မတူညီသည့် လူအမျိုးအစားများစွာမှတစ်ဆင့် ပြည့်စုံလေသည်။ ယင်းကို မည်သည့် လူတစ်ဦးတစ်ယောက်တည်းကမျှ လုံးဝ မရရှိနိုင်သကဲ့သို့၊ လူတစ်ဦး တစ်ယောက်တည်းကလည်း လုံးလုံးလျားလျား မဖော်ပြနိုင်ပေ။ အသင်းတော်ကို ဦးဆောင်သော သူများသည်လည်း သန့်ရှင်းသော ဝိညာဉ်တော်၏ အလုပ်ကို လုံးလုံးလျားလျား ကိုယ်စားမပြုနိုင်ပေ။ ၎င်းတို့သည် ဦးဆောင်သည့် အလုပ်အချို့ကိုသာ လုပ်ဆောင်နိုင်သည်။ ဤအကြောင်းကြောင့်၊ သန့်ရှင်းသောဝိညာဉ်တော်၏ အလုပ်ကို သုံးပိုင်းခွဲခြားနိုင်၏- ဘုရားသခင် ကိုယ်တိုင်၏အလုပ်၊ အသုံးပြုခြင်းခံရသော လူတို့၏အလုပ်နှင့် သန့်ရှင်းသော ဝိညာဉ်တော်၏ ရေစီးကြောင်းအတွင်း၌ ရှိသော သူအားလုံးနှင့် ပတ်သက်သည့် အလုပ်ဟူ၍ ဖြစ်သည်။ ဘုရားသခင်ကိုယ်တိုင်၏ အလုပ်သည် ခေတ်တစ်ခုလုံးကို ဦးဆောင်ရန်ဖြစ်သည်။ အသုံးပြုခြင်းခံရသော သူတို့၏ အလုပ်သည်၊ စေလွှတ် ခံရခြင်းဖြင့် သို့မဟုတ် ဘုရားသခင်က သူကိုယ်တိုင်၏ အလုပ် လုပ်ဆောင်ပြီးနောက် ပေးသည့် စေခိုင်းချက်တာဝန်များကို ရရှိခြင်းဖြင့်၊ ဘုရားသခင်၏ နောက်လိုက် အားလုံးကို ဦးဆောင်ရန်ဖြစ်ပြီး၊ ဤသူတို့သည် ဘုရားသခင်၏အမှုနှင့် ပူးပေါင်းဆောင်ရွက်ကြသူများ ဖြစ်သည်။ ရေစီးကြောင်းထဲတွင် ရှိသော သူတို့အပေါ် သန့်ရှင်းသော ဝိညာဉ်တော်အားဖြင့် လုပ်ဆောင်သော အလုပ်သည် သူကိုယ်တိုင်၏ အလုပ်အားလုံးကို ထိန်းသိမ်းရန် ဖြစ်ပြီး၊ ယင်းမှာ သူ၏ စီမံခန့်ခွဲမှု တစ်ခုလုံးနှင့် သက်သေခံချက်ကို ထိန်းသိမ်းရန် ဖြစ်သော်လည်း၊ တစ်ချိန်တည်းတွင် စုံလင်စေခြင်းခံရနိုင်သူများကို စုံလင်စေခြင်း ဖြစ်ပေသည်။ ဤသုံးပိုင်းသည် အတူတကွ၊ သန့်ရှင်းသောဝိညာဉ်တော်၏ အလုပ် အစုံအလင်ဖြစ်သော်လည်း၊ ဘုရားသခင် ကိုယ်တိုင်၏ အမှုမရှိဘဲနှင့်၊ စီမံခန့်ခွဲမှု အလုပ်သည် အလုံးစုံ တန့်သွားပေမည်။ ဘုရားသခင် ကိုယ်တိုင်၏ အမှုတွင် လူသားမျိုးနွယ် အားလုံး၏အလုပ် ပါဝင်ပြီး ယင်းသည် ခေတ်တစ်ခုလုံး၏ အလုပ်ကိုလည်း ကိုယ်စားပြု၏၊ ဆိုလိုသည်မှာ ဘုရားသခင်ကိုယ်တိုင်၏ အလုပ်သည် သန့်ရှင်းသော ဝိညာဉ်တော် အလုပ်၏ အင်အားနှင့် လားရာတိုင်းကို ကိုယ်စားပြုပြီး၊ တမန်တော်များ၏ အလုပ်မှာမူ ဘုရားသခင်ကိုယ်တိုင်၏ အလုပ်နောက်တွင် ဖြစ်လာပြီး ယင်းမှ လိုက်လုပ်ခြင်းဖြစ်ကာ ခေတ်ကို မဦးဆောင်သကဲ့သို့၊ ခေတ်တစ်ခေတ်လုံးထဲက သန့်ရှင်းသော ဝိညာဉ်တော်၏ လုပ်ဆောင်ချက် လားရာကိုလည်း ကိုယ်စားမပြုပေ။ ၎င်းတို့သည် စီမံခန့်ခွဲမှုအလုပ်နှင့် လုံးဝ သက်ဆိုင်ခြင်းမရှိသည့် လူလုပ်ဆောင်သင့်သည့် အလုပ်ကို လုပ်ကြခြင်းသာ ဖြစ်သည်။ ဘုရားသခင် ကိုယ်တိုင် လုပ်ဆောင်သည့် အမှုသည် စီမံခန့်ခွဲမှုအလုပ်အတွင်းရှိ စီမံကိန်းတစ်ခု ဖြစ်သည်။ လူသား၏ အလုပ်မှာ အသုံးပြုခြင်းခံရသော လူတို့ ဖြည့်ဆည်းသည့် တာဝန်သာဖြစ်ပြီး စီမံခန့်ခွဲမှုအလုပ်နှင့် ဆက်နွှယ်မှု မရှိပေ။ ၎င်းတို့နှစ်ခုလုံးသည် သန့်ရှင်းသောဝိညာဉ်တော်၏ အလုပ်ဖြစ်သော်လည်း၊ အလုပ်၏ ပင်ကိုလက္ခဏာများနှင့် ကိုယ်စားပြုမှုများထဲက ကွဲပြားမှုများကြောင့်၊ ဘုရားသခင် ကိုယ်တိုင်၏ အလုပ်နှင့် လူသား၏ အလုပ်ကြားတွင် ရှင်းလင်းပြီး ပဓာနကျသော ကွဲပြားမှုများရှိလေသည်။ ထို့အပြင် မတူညီသော ပင်ကိုလက္ခဏာများရှိသည့် အပြုခံအရာများအပေါ် သန့်ရှင်းသော ဝိညာဉ်တော် အလုပ်၏ အတိုင်းအတာ ကွဲပြားလေသည်။ ဤအရာများသည် သန့်ရှင်းသော ဝိညာဉ်တော် အလုပ်၏ အခြေခံသဘောတရားများနှင့် နယ်ပယ် ဖြစ်သည်။
နှုတ်ကပတ်တော်သည် လူ့ဇာတိ၌ ပေါ်လာ၏ မှ",2.0,3.0,3.0,5.0,3.0,"The text provides a theological analysis of religious roles and divine work. It is coherent and structured, requiring moderate intellectual effort to follow. It is clean, free of noise, and written in natural, formal Burmese, though it reflects a specific religious sect's terminology rather than general cultural knowledge."
<urn:uuid:f881bfdc-9cc0-4007-b93d-489da55f05ae>,"အေရွ႕ေတာင္ အာရွေဒသမွာရွိတဲ့ စစ္ဘက္ပညာရပ္ဆုိင္ရာ အစီအစဥ္ေတြနဲ႔ သင္တန္းေတြအတြက္ အေမရိကန္ ျပည္ေထာင္စုက အကူအညီေတြ အမ်ားႀကီး တိုးျမႇင့္ေပးသြားမယ့္အေၾကာင္း အေမရိကန္အစိုးရက ေၾကညာလိုက္ပါတယ္။
ကြာလာလမ္ပူၿမိဳ႕မွာရွိတဲ့ မေလးရွား ကာကြယ္ေရးနဲ႔ လံုၿခံဳေရးဌာနမွာ ေျပာၾကားခဲ့တဲ့ မိန္႔ခြန္းအတြင္း အေမရိကန္ ကာကြယ္ေရး၀န္ႀကီး ခ်က္ ေဟဂယ္လ္ (Chuck Hagel) က အခုလို ေၾကညာလိုက္တာပါ။ ပန္တဂြန္ ဘတ္ဂ်က္စာရင္းအရ ဒီအစီအစဥ္ေတြအတြက္ အေမရိကန္ေဒၚလာ သန္း ၉၀ သတ္မွတ္ထားၿပီး၊ ဒါဟာ လြန္ခဲ့တဲ့ ၄ ႏွစ္နဲ႔ ႏိႈင္းယွဥ္ရင္ အဆေပါင္း ၅၀ ပိုမ်ားလာတာ ျဖစ္တယ္လို႔ ဆိုပါတယ္။
အေမရိကန္ အစိုးရအေနနဲ႔ အာရွ-ပစိဖိတ္ေဒသကို ပိုၿပီးေတာ့ အာ႐ံုထားေရး မဟာဗ်ဴဟာ ေျပာင္းလဲလာခဲ့ၿပီးတဲ့ေနာက္ အခု ဆံုးျဖတ္ခ်က္ ထြက္ေပၚလာခဲ့တာပါ။ အေရွ႕ေတာင္ အာရွေဒသရဲ႕ ပိုၿပီးေတာ့ ထင္ေပၚလာမႈနဲ႔ အေရးပါမႈေတြကို ထင္ဟပ္ႏုိင္ေစဖို႔၊ အာရွ-ပစိဖိတ္ေဒသနဲ႔ လံုၿခံဳေရး၊ စီးပြားေရးနဲ႔ သံတမန္ေရးဆိုင္ရာ ထိေတြ႔ဆက္ဆံမႈေတြကို ျပန္လည္ ထိန္းညႇိသြားႏိုင္ေအာင္ အေမရိကန္အစိုးရက နည္းလမ္း ရွာေဖြ ႀကိဳးစားေနတာ ျဖစ္တယ္လို႔လည္း ၀န္ႀကီး ေဟဂယ္လ္ က ေျပာသြားပါတယ္။
ခုလို အေမရိကန္အစိုးရက ေဒသတြင္း စိတ္၀င္စားမႈေတြ တိုးလာေနတဲ့အေပၚမွာ ဒါဟာ တ႐ုတ္နဲ႔ အိမ္နီးခ်င္း ႏုိင္ငံေတြၾကား ကန္႔သတ္ဖို႔ ႀကိဳးစားတာျဖစ္တယ္ လုိ႔ဆိုၿပီး တ႐ုတ္ႏိုင္ငံက စိုးရိမ္ေၾကာင္း ထုတ္ေဖာ္ေျပာဆိုထားပါတယ္။
တ႐ုတ္ႏိုင္ငံဟာ ေတာင္တ႐ုတ္ ပင္လယ္ျပင္အတြင္းက ေရပိုင္နက္တခ်ိဳ႕နဲ႔ ပတ္သက္လို႔ ဗီယက္နမ္၊ ဖိလစ္ပိုင္ စတဲ့ အာရွႏိုင္ငံေတြ အေတာ္မ်ားမ်ားနဲ႔
ေျဖရွင္းလို႔ မရေသးတဲ့ ပဋိပကၡေတြ ရွိေနတာ ျဖစ္ပါတယ္။
ကြာလာလမ္ပူၿမိဳ႕မွာရွိတဲ့ မေလးရွား ကာကြယ္ေရးနဲ႔ လံုၿခံဳေရးဌာနမွာ ေျပာၾကားခဲ့တဲ့ မိန္႔ခြန္းအတြင္း အေမရိကန္ ကာကြယ္ေရး၀န္ႀကီး ခ်က္ ေဟဂယ္လ္ (Chuck Hagel) က အခုလို ေၾကညာလိုက္တာပါ။ ပန္တဂြန္ ဘတ္ဂ်က္စာရင္းအရ ဒီအစီအစဥ္ေတြအတြက္ အေမရိကန္ေဒၚလာ သန္း ၉၀ သတ္မွတ္ထားၿပီး၊ ဒါဟာ လြန္ခဲ့တဲ့ ၄ ႏွစ္နဲ႔ ႏိႈင္းယွဥ္ရင္ အဆေပါင္း ၅၀ ပိုမ်ားလာတာ ျဖစ္တယ္လို႔ ဆိုပါတယ္။
အေမရိကန္ အစိုးရအေနနဲ႔ အာရွ-ပစိဖိတ္ေဒသကို ပိုၿပီးေတာ့ အာ႐ံုထားေရး မဟာဗ်ဴဟာ ေျပာင္းလဲလာခဲ့ၿပီးတဲ့ေနာက္ အခု ဆံုးျဖတ္ခ်က္ ထြက္ေပၚလာခဲ့တာပါ။ အေရွ႕ေတာင္ အာရွေဒသရဲ႕ ပိုၿပီးေတာ့ ထင္ေပၚလာမႈနဲ႔ အေရးပါမႈေတြကို ထင္ဟပ္ႏုိင္ေစဖို႔၊ အာရွ-ပစိဖိတ္ေဒသနဲ႔ လံုၿခံဳေရး၊ စီးပြားေရးနဲ႔ သံတမန္ေရးဆိုင္ရာ ထိေတြ႔ဆက္ဆံမႈေတြကို ျပန္လည္ ထိန္းညႇိသြားႏိုင္ေအာင္ အေမရိကန္အစိုးရက နည္းလမ္း ရွာေဖြ ႀကိဳးစားေနတာ ျဖစ္တယ္လို႔လည္း ၀န္ႀကီး ေဟဂယ္လ္ က ေျပာသြားပါတယ္။
ခုလို အေမရိကန္အစိုးရက ေဒသတြင္း စိတ္၀င္စားမႈေတြ တိုးလာေနတဲ့အေပၚမွာ ဒါဟာ တ႐ုတ္နဲ႔ အိမ္နီးခ်င္း ႏုိင္ငံေတြၾကား ကန္႔သတ္ဖို႔ ႀကိဳးစားတာျဖစ္တယ္ လုိ႔ဆိုၿပီး တ႐ုတ္ႏိုင္ငံက စိုးရိမ္ေၾကာင္း ထုတ္ေဖာ္ေျပာဆိုထားပါတယ္။
တ႐ုတ္ႏိုင္ငံဟာ ေတာင္တ႐ုတ္ ပင္လယ္ျပင္အတြင္းက ေရပိုင္နက္တခ်ိဳ႕နဲ႔ ပတ္သက္လို႔ ဗီယက္နမ္၊ ဖိလစ္ပိုင္ စတဲ့ အာရွႏိုင္ငံေတြ အေတာ္မ်ားမ်ားနဲ႔
ေျဖရွင္းလို႔ မရေသးတဲ့ ပဋိပကၡေတြ ရွိေနတာ ျဖစ္ပါတယ္။",3.0,3.0,3.0,2.0,3.0,"The text provides a clear, informative overview of US-Asia geopolitical relations suitable for secondary education. It demonstrates logical reasoning regarding strategic shifts and regional tensions. However, the document contains significant repetition of entire paragraphs, which lowers the cleanliness score. The language is natural and accurately reflects regional political discourse."
<urn:uuid:73b9799a-9f12-40a3-ba4c-ebf813a2f5a3>,"တိုင္းရင္းသားအခြင့္အေရး ကာကြယ္ေစာင့္ေ႐ွာက္သည့္ ဥပေဒ ေဆြးေနြးမည္
2.6K
ျမန္မာနိုင္ငံမွာ တိုင္းရင္းသားလူမ်ိုးမ်ားရဲ့ အခြင့္အေရးေတြကို ကာကြယ္ ေစာင့္ေ႐ွာက္တဲ့ ဥပေဒမူၾကမ္းကို အမ်ိုးသားဒီမိုကေရစီအဖြဲ့ခ်ဳပ္ဥကၠ႒ ေဒၚေအာင္ဆန္းစုၾကည္က လြွႊတ္ေတာ္မွာ ေဆြးေနြးေပးဖို့႐ွိေနပါတယ္။ တိုင္းရင္းသားလူမ်ိုးမ်ားရဲ့ အခြင့္အေရးေတြကို ကာကြယ္ေစာင့္ေ႐ွာက္တဲ့ ဥပေဒမူၾကမ္းကို ျပည္ေထာင္စုၾကံ့ခိုင္ေရးနဲ့ ဖြံ့ျဖိုးေရးပါတီက ကြတ္ခိုင္ျမို့နယ္ ျပည္သူ့လြွႊတ္ေတာ္ကိုယ္စားလွယ္ ဦးတီခြန္ျမတ္က လြွႊတ္ေတာ္တြင္း အဆို တင္သြင္းခဲ့ပါတယ္။ ဒီအဆိုတင္သြင္းခ်က္နဲ့ ပတ္သက္ျပီး အမ်ိုးသားဒီမိုကေရစီအဖြဲ့ခ်ဳပ္ ဥကၠ႒ ေဒၚေအာင္ဆန္းစုၾကည္ကို ေဆြးေနြးေပးဖို့ ေတာင္းဆိုရာမွာ ေဒၚေအာင္ဆန္းစုၾကည္က လက္ခံခဲ့ပါတယ္။ ေဒၚေအာင္ဆန္းစုၾကည္က ဒီကိစၥ ၁၉၉၀ အနိုင္ရ တိုင္းရင္းသားပါတီရဲ့ သေဘာထားကို သိလိုတဲ့အတြက္ ဒီအဆိုတင္သြင္းခ်က္နဲ့ ပတ္သက္ျပီး လြွႊတ္ေတာ္ျပင္ပက တိုင္းရင္းသားပါတီေတြကို မေန့က ရန္ကုန္မွာ ေတြ့ဆံု ေဆြးေနြးခဲ့ပါတယ္။ ဒီေတြ့ဆံုမႈကေန တိုင္းရင္းသားလူမ်ိုးမ်ားရဲ့ အခြင့္အေရးဆိုင္ရာ ျပဿနာဟာ အေျခခံဥပေဒဆိုင္ရာ ပံုစံမက်မႈေၾကာင့္ ျဖစ္တဲ့အေၾကာင္းနဲ့ ၂၀၀၈ ဖြဲ့စည္းပံု အေျခခံဥေပဒကို ျပင္ဆင္နိ္ုင္မွာသာ ျပဿနာေျဖ႐ွင္းရာ ေရာက္မယ္လို့ ဆံုးျဖတ္ခဲ့တယ္လို့ ႐ွမ္းတိုင္းရင္းသားမ်ားဒီမိုကေရစီအဖြဲ့ခ်ဳပ္ ေျပာခြင့္ရသူ ဦးစိုင္းလိတ္က ေျပာပါတယ္။ “ေဆြးေနြးျဖစ္တာကေတာ့ အဲဒီအဆိုနဲ့ ပတ္သက္ျပီး ေဒၚေအာင္ဆန္းစုၾကည္ အေနနဲ့ ဝင္ေရာက္ေဆြးေနြးမယ္ဆိုရင္ သူက က်ေနာ္တို့ရဲ့ သေဘာထားကို သိခ်င္တယ္ေလ။ က်ေနာ္တို့အားလံုရဲ့ သေဘာတူညီအရ ဆံုးျဖတ္လိုက္တာကေတာ့ တိုင္းရင္းသားလူမ်ိုးေတြရဲ့ အခြင့္အေရးဆိုင္ရာ အရင္းအျမစ္ဟာ ဖြဲ့စည္းပံုအေျခခံဥပေဒ ပံုစံမက်မႈေပၚမွာ မူတည္တယ္။ ဒါေၾကာင့္မို့ ၂၀၀၈ အေျခခံဥေပဒကို ျပုျပင္လိုက္ျခင္းကသာလ်ွင္ ျပဿနာအရပ္ရပ္ကို ေျဖ႐ွင္းရာ ေရာက္မယ္လို့ အားလံုးသေဘာတူ ဆံုးျဖတ္လိုက္ၾကတာေလ။ အဲဒီ ဆံုးျဖတ္ခ်က္ကို ေဒၚေအာင္ဆန္းစုၾကည္ကို ေပးပို့လိုက္ပါျပီ။” ဒီေတြ့ဆံုပြဲမွာ ၁၉၉၀ ေ႐ြးေကာက္ပြဲဝင္ တိုင္းရင္းသားလူမ်ိုးစုပါတီ ၁၂ ခုနဲ့ ဖြဲ့စည္းထားတဲ့ စည္းလံုးညီညြတ္ေသာ တိုင္းရင္းသားလူမ်ိုးမ်ား မဟာမိတ္အဖြဲ့ (ယူအန္ေအ) ဝင္ေတြျဖစ္တဲ့ ႐ွမ္းတိုင္းရင္းသားမ်ား ဒီမိုကေရစီအဖြဲ့ခ်ဳပ္၊ ရခိုင္ ဒီမိုကေရစီအဖြဲ့ခ်ဳပ္၊ မြန္ဒီမိုကေရစီအဖြဲ့ခ်ဳပ္၊ ဇိုမီးဒီမိုကေရစီအဖြဲ့ခ်ဳပ္၊ ကရင္အမ်ိုးသား ဒီမိုကေရစီကြန္ဂရက္၊ ကခ်င္ျပည္နယ္ အမ်ိုးသား ဒီမိုကေရစီကြန္ဂရက္နဲ့ ခ်င္းတိုးတက္ေရးပါတီက တာဝန္႐ွိသူေတြ ေတြ့ဆံု ေဆြးေနြးခဲ့ၾကပါတယ္။ တိုင္းရင္းသားလူမ်ိုးမ်ားရဲ့ အခြင့္အေရးေတြကို ကာကြယ္ေစာင့္ေ႐ွာက္တဲ့ ဥပေဒမူၾကမ္းနဲ့ ပတ္သက္တဲ့ ေဆြးေနြးခ်က္ကိုေတာ့ ၁၇ ရက္နဲ့ ၁၈ ရက္ေတြမွာ လြွႊတ္ေတာ္ေတြင္း ေဆြးေနြးဖို့ ႐ွိတယ္လို့ ေျပာပါတယ္။ တိုင္းရင္းသားလူမ်ိုးမ်ားရဲ့အခြင့္အေရးနဲ့ ပတ္သက္တဲ့ အေၾကာင္းအရာကို ေဆြးေနြးရာမွာ တိုင္းရင္းသားအားလံုးရဲ့ဆနၵကို ကိုယ္စားျပုဖို့ လိုအပ္တယ္လို့လည္း ဦးစိုင္းလိတ္က သံုးသပ္ပါတယ္။ “လြွႊတ္ေတာ္ထဲမွာက ၾကံ့ခိုင္ေရးပါတီက အင္အားၾကီးဆံုး ျဖစ္ေနတယ္ေလ။ ဒါေၾကာင့္မို့လို့ ၾကံ့ခိုင္ေရးပါတီရဲ့ ဆံုးျဖတ္ခ်က္ကသာလ်ွင္ အတိျဖစ္သြားမယ္လို့ ျပန္ျပီး သံုးသပ္လို့ရပါတယ္။ ဒါေပမယ့္ ဘယ္လိုပဲ အေျဖထြက္လာလာ တိုင္းရင္းသားအားလံုးရဲ့ ဆနၵကို ကိုယ္စားမျပုနိုင္ရင္ေတာ့ ေရ႐ွည္မွာ အလုပ္ျဖစ္မွာ မဟုတ္ဘူးလို့ က်ေနာ္သံုးသပ္ပါတယ္။”",3.0,3.0,3.0,4.0,5.0,"The text provides a clear, coherent report on political developments regarding ethnic rights legislation in Myanmar. It includes logical analysis of the relationship between constitutional reform and ethnic rights. The language is natural and contextually accurate for the Burmese political landscape, though it contains minor boilerplate (view count) at the start."
<urn:uuid:fc061542-c12f-45e3-9adf-87d4d3878eb7>,"မေးခွန်း
မိန်းမက သူမ၏ခင်ပွန်းကို နာခံရမလား။
အဖြေ
နာခံခြင်းသည် အိမ်ထောင်ပြုခြင်းနှင့်ပတ်သက်၍ အလွန်အရေးကြီးသော အရာတစ်ခု ဖြစ်သည်။ လောကသို့အပြစ်တရားမဝင်မှီအချိန်ကတည်းက အုပ်ချုပ်ရေးဆိုင်ရာ နည်းဥပဒေသ ရှိခဲ့ပြီး ဖြစ်သည် (၁တိ ၂း၁၃)။ အာဒံကို ရှေးဦးစွာ ဖန်ဆင်းခဲ့ပြီးနောက် အာဒံအတွက် ""ကူညီဖေးမသူ"" အ ဖြစ်ဧဝကို ဖန်ဆင်းခဲ့သည် (ကမ္ဘာ ၂း၁၈-၂၀)။ ထိုအချိန်တွင် အပြစ်တရားမရှိသေးသောကြောင့် ဘုရားသခင်၏အခွင့်အာဏာကလွှွဲပြီး လူသားများအတွက် လိုက်နာရမည့်အခွင့်အာဏာမရှိပါ။ အာဒံနှင့် ဧဝတို့သည် ဘုရားသခင်၏စကားတော်ကို ချိုးဖောက်ခဲ့ပြီးနောက် ဤလောကသို့ အပြစ် တရားဝင်ရောက်လာပြီး အာဏာ လိုအပ်လာခဲ့သည်။ ထိုကြောင့် ဘုရားသခင်က လူသားများလိုက် နာရမည့် ဥပဒေကို ထူထောင်ပေးခဲ့သည်။ ကျွနု်ပ်တို့လိုအပ်သော အကွယ်အာကိုလည်း ထိုဥပဒေက ပြင်ဆင်ပေးထားသည်။ ပထမအနေဖြင့်၊ ကျွနု်ပ်တို့သည် ဘုရားသခင်ကို ဆက်ကပ်ရန်လိုအပ်သည်။ ဆက်ကပ်ခြင်းရှိမှသာလျှင် ဘုရားသခင်ကို နာခံနိုင်ရမည်် ဖြစ်သည် (ယာကုပ် ၁း၂၁၊ ၄းရ)။ ၁ကော ၁၁း၂-၃ ထဲတွင် ခရစ်တော်သည် ဘုရားသခင်ကို နာခံသည့်နည်းတူ ယောကျင်္ားသည်လည်း ခရစ် တော်ကို နာခံရမည်။ ထိုနောက် မိန်းမသည်လည်း သူ၏စံနမူနာကိုလိုက်လျှောက်ပြီး သူမ၏ ခင်ပွန်း ကို နာခံရမည်။
ဆက်ကပ်ခြင်းသည် ချစ်ခြင်းနှင့်ပြည့်ဝသော ခေါင်းဆောင်မှုကို အလိုအလျောက်တုံ့ပြန်မှုပြုခြင်း ဖြစ်သည်။ ခရစ်တော်သည် အသင်းတော်ကိုချစ်သည့်နည်းတူ (ဧဖက် ၅း၂၅-၃၃)၊ ယောကျင်္ားသည် လည်း မိန်းမကို ချစ်သောအခါ မိန်းမက သူ၏ခင်ပွန်းကို အလိုအလျောက်နာခံခြင်းရှိရမည်။ ""ဆက် ကပ်ခြင်း"" စကားလုံးကို ဂရိဘာသာစကားအားဖြင့် hupotasso မှ ဘာသာပြန်ဆိုထားခြင်းဖြစ်ပြီး၊ ဆက်တိုက်ဖြစ်ပျက်နေသော ကြိယာသဏ္ဍာန်ဖြစ်သည်။ အဓိပ္ပါယ်မှာ ဘုရားသခင်ကိုဖြစ်စေ၊ အစိုးရ အာဏာရှင်များကိုဖြစ်စေ နာခံခြင်း ဖြစ်သည်။ သို့မဟုတ် ယောကျင်္ားသည် တစ်ကြိမ်တစ်ခါတည်း လုပ်ဆောင်ရမည့်အရာမဟုတ်ပါ။ ဆက်လက်လုပ်ဆောင်ရမည့်အရာ ဖြစ်သည်။ ကိုယ်ကျင့်တရား တည်ဆောက်မှု ဖြစ်လာပါသည်။ ဧဖက် ၅ ထဲတွင် ဖော်ပြထားသော ဆက်ကပ်ခြင်းသည် ကိုယ်ကျိုး အတွက်သာရှာဖွေခြင်း၊ လူတစ်ယောက်အားလွှမ်းမိုးလိုသောသဘောဖြင့် ယုံကြည်သူတစ်ယောက် သည် တဘက်သတ်ဆန်သောဆက်ကပ်ခြင်းမျိုးမဟုတ်ပါ။ သမ္မာကျမ်းစာဖော်ပြထားသော ဆက် ကပ်ခြင်းသည် ၀ိညာဉ်တော်နှင့်ပြည့်ဝသော ယုံကြည်သူနှစ်ဦးသည် တစ်ယောက်ပေါ်တစ်ယောက် ဖြစ်စေ၊ ဘုရားသခင်အပေါ်ဖြစ်စေ အချင်းချင်း အပြန်အလှန်ဆက်ကပ်ခြင်းကို ရည်ညွှန်းလိုခြင်း ပင်ဖြစ်သည်။ ဆက်ကပ်အပ်နှံခြင်းသည် အပြန်အလှန်ပြိုင်နေသောလမ်းဖြစ်သည်။ ဆက်ကပ်ခြင်း သည် ဂုဏ်ပြုခြင်းနှင့်ပြည့်စုံခြင်းဖြစ်သည်။ ခရစ်တော်သည် အသင်းတော်ချက်သည့်နည်းတူ မိန်းမ သည်ချစ်ခြင်းခံရသောအခါ ဆက်ကပ်ခြင်းသည် ခက်ခဲသောအရာမဟုတ်တော့ပါ။ ဧဖက် ၅း၂၄ ထဲတွင် ""အသင်းတော်သည် ခရစ်တော်အုပ်စိုးတော်မူခြင်းကို ဝန်ခံသကဲ့သို့၊ မိန်းမတို့လည်း ကိုယ် ခင်ပွန်း၏အုပ်စိုးခြင်းကို အရာရာ၌ ဝန်ခံရကြမည်""ဟု ပြောထားသည်။ မိန်းမသည် ကို်ယ်ခင်ပွန်း၏ မှန်ကန်၊ တရားမျှတသောအုပ်စိုးခြင်းကို အရာရာ၌ ဝန်ခံမည်ဟု ဤကျမ်းပိုဒ်က ပြောထားသည်။ ထို ကြောင့် မိန်းမသည် အုပ်စိုးခြင်း၏အမည်နာမအားဖြင့် ဥပဒေ (သို့) ဘုရားသခင်ကို နာခံခြင်းရရှိပေ မည်။
Matthew Henry က ""မိန်းမကို အာဒံ၏ဘေးမှ ဖန်ဆင်းထားသည်။ သူ့ကို အုပ်စိုးရန် သူ၏ဦးခေါင်း မှ ဖန်ဆင်းထားခြင်းမဟုတ်ပါ။ သူမအားအနိုင်အထက်ပြုခြင်းကို ခံရန် ခြေထောက်မှ ဖန်ဆင်းထားခြင်း လည်းမဟုတ်ပါ။ သို့သော် သူနှင့်အတူ တန်းတူရှိရန်၊ သူ၏လက်မောင်းဖြင့် ကာကွယ်ခြင်းခံရန်၊ သူမ သည် အာဒံ၏နှလုံးသားဖြင့် အချစ်ခံရန် သူ့ဘေးနားမှ ဖန်ဆင်းထားသည်""ဟု ဖော်ပြထားသည်။ ခရစ် တော်၏နာမတော်ကို ထောက်ရှုခြင်းအားဖြင့် ယုံကြည်သူများသည် အချင်းချင်းဆက်ကပ်မှုရှိရမည် (ဧဖက် ၅း၂၁)။ ဧဖက် ၅း၁၉-၃၃ ထဲတွင် ဖော်ပြထားသော အရာရာ၌စကားလုံးသည် သန့်ရှင်းသော ၀ိညာဉ်တော်နှင့်ပြည့်ဝခြင်း၏ အသီးအပွင့် ဖြစ်သည်။ သန့်ရှင်းသောဝိညာဉ်တော်ဖြင့်ပြည့်ဝသော ယုံ ကြည်သူများသည် ချီးမွမ်းတတ်ရမည် (၅း၁၉)။ ကျေးဇူးသိ၍ (၅း၂၀) ဆက်ကပ်မှုရှိရမည် (၅း၂၁)။ ရှင်ပေါလုကိုယ်၌က သန့်ရှင်းသောဝိညာဉ်တော်နှင့်ပြည့်ဝသောဘဝဖြင့် အသက်ရှင်သည်။ထိုသို့အ သက်ရှင်ကြောင်းကို အခန်းငယ် ၂၂-၂၃ ထဲတွင် လင်၊မယားစကားလုံးကို အသုံးပြုထားသည်။ မိန်းမ သည် သူမ၏ခင်ပွန်းအုပ်စိုးခြင်းကို ဝန်ခံရမည်။ ထိုသို့ဆိုရာတွင် မိန်းမများသည် အဆင့်အတန်းနှိမ့်ကျ ၍မဟုတ်ပါ။ သို့သော် အုပ်စိုးမှုကို ဝန်ခံခြင်းသည် အိမ်ထောင်ပြုခြင်းနှင့်ပတ်သက်သော ဆက်သွယ်မှု ပြုနိုင်ရန် ဘုရားသခင်စီမံဆောင်ရွက်ပေးသောအရာ ဖြစ်သည်။ ဆက်ကပ်ခြင်းဟုဆိုရာတွင် မိန်းမသည် သူမ၏ခင်ပွန်းအတွက် ကော်ဇောကဲ့သို့ဖြစ်သည်ကို မဆိုလိုပါ။ သို့သော် သန့်ရှင်းသောဝိညာဉ်တော်၏အကူအညီအားဖြင့် မိန်းမသည် သူမ၏ခင်ပွန်းကို နာခံရမည်။ ယောကျင်္ား သည်လည်း သူ၏မိန်းမကို ချစ်မည်။
English
မိန်းမက သူမ၏ခင်ပွန်းကို နာခံရမလား။",2.0,3.0,3.0,4.0,3.0,"The text provides a theological perspective on marriage roles. It uses logical structure to explain religious concepts, making it moderately complex. It is clean and well-formatted, though it contains some minor typos. It reflects the specific cultural and religious context of Burmese Christian communities, using appropriate terminology and scriptural references."
<urn:uuid:cef35fc3-0695-4014-916d-6609cf6a7721>,">
ဧရာဝတီ ေမ ၉၊ ၂၀၀၈
ေနာက္ထပ္ မုန္တိုင္းတခု ျမန္မာျပည္ကို ဦးတည္လာႏိုင္သည္ဟု ကမၻာ့ကုလသမဂၢက ယေန႔ သတိေပး ေၾကညာလိုက္ေၾကာင္း AFP သတင္းတြင္ ေရးသားေဖာ္ျပထားသည္။
၎မုန္တိုင္းမွာ ေၾကာက္မက္ဖြယ္ရာ နာဂစ္ ဆိုင္ကလံုး မုန္တိုင္းေနာက္မွ ျဖည္းညင္းစြာ ေရြ႕လ်ားလာေသာ နာက္ဆက္တြဲ မုန္တိုင္း ျဖစ္ၿပီး အေျခအေန အမ်ိဳးမ်ိဳးျဖစ္သြားႏိုင္သည္ဟု ဆိုထားသည္။
နာဂစ္မုန္တိုင္း ဒဏ္ေၾကာင့္ အနည္းဆံုး လူဦးေရ ၁.၅ သန္းခန္႔ အိုးမဲ့အိမ္မဲ့ ျဖစ္ခဲ့ရၿပီး လူ ၁ သိန္းေက်ာ္ ေသဆံုးခဲ့ရသျဖင့္ မုန္တိုင္းဆိုသည့္ အသံကပင္ ျမန္မာျပည္သူလူထုအတြက္ အလြန္ ထိတ္လန္႔ ေၾကာက္ရြံ႕ ဖြယ္ရာ ျဖစ္ေနရေၾကာင္း ကုလသမဂၢ၏ ေျပာေရးဆိုခြင့္ရွိသူ ရစ္ခ်တ္ ဟိုေဆးကေျပာသည္။
“က်ေနာ္တို႔ မိုးေလဝသ ပညာရွင္ေတြရဲ႕ အဆုိအရေတာ့ လာမယ့္ ၇ ရက္အတြင္း ျမန္မာျပည္မွာ မိုးသည္းထန္စြာ ရြာသြန္းမယ္လို႔ သိရပါတယ္” ဟု ဟုိေဆးက AFP သို႔ ေျပာၾကားလိုက္သည္။
“လူေတြမွာ အမိုးအကာမရွိတဲ့အခ်ိန္ ေနာက္ထပ္မိုးသည္းထန္မယ့္ ကိစၥက ေတာ္ေတာ္ ႀကီးမယ့္ ျပႆနာ ျဖစ္လာႏိုင္တယ္” ဟု ၎ကဆက္ေျပာသည္။
“ေရေၾကာင့္ ကူးစက္ေရာဂါေတြ ပ်ံ႕ႏွံ႔ႏိုင္တာနဲ႔ အမိုးမရွိတာနဲ႔ မုန္တိုင္းထပ္လာဦးမွာနဲ႔….။ ေနာက္တခါ မုန္တိုင္းထပ္လာလို႔ ျမစ္ဝကၽြန္းေပၚ ေဒသကိုဝင္ခဲ့ရင္…ျပႆနာကေတာ့ အႀကီးႀကီးပဲ” ဟု၎ကေျပာသည္။
ႏွစ္ေပါင္းမ်ားစြာ အထီးက်န္စြာ ေနခဲ့ေသာ ျမန္မာစစ္အစိုးရအေနႏွင့္ ႏိုင္ငံတကာ အကူအညီမ်ားကို အေစာပိုင္းကာလက လက္ခံမည္ဟု ဆိုခဲ့ေသာ္လည္း သဘာဝေဘးဒဏ္ ကယ္ဆယ္ေရးကၽြမ္းက်င္ ပညာရွင္မ်ား အပါအဝင္ ကယ္ဆယ္ေရး လုပ္သားမ်ားကိုူ လက္ခံရန္ အဆင္သင့္မျဖစ္ေသးေပ။
“အခုထြက္ေပၚလာတဲ့ သတင္းနဲ႔ ပတ္သက္လုိ႔ ျမန္ျမန္ ႀကိဳတင္ေဆာင္ရြက္မႈေတြ မလုပ္ဘူး ဆိုရင္ မၾကာခင္လာမယ့္ ဆိုင္ကလံုန္းေၾကာင့္ ေနာက္ထပ္ လူေတြအမ်ားႀကီး ေသရဦးမယ္” ဟု ဟိုေဆးက ေျပာသည္။
ယခုအခ်ိန္သည္ ျမန္မာျပည္၌ မုတ္သုန္ရာသီ အစပ်ိဳးခ်ိန္ျဖစ္ေသာေၾကာင့္ မိုးသက္မုန္တိုင္းမ်ား က်ေရာက္ကာ မိုးသည္းထန္စြာ ရြာသြန္းေလ့ရွိေသာ အခိ်န္လည္း ျဖစ္သည္။
“မုန္တိုင္းမလာလည္း မိုးရာသီကစၿပီ။ အမိုးမရွိတဲ့အိမ္ေတြကေတာ့ ေတာ္ေတာ္ေလး ဒုကၡေရာက္ရ ဦးမွာပဲ” ဟု ရန္ကုန္ၿမိဳ႕မွ ေဒသခံတဦးက ေျပာသည္။
ခိုင္လံုေသာ မိုးေလဝသ သတင္းရပ္ကြက္တခု၏ အဆိုအရ ျမန္မာျပည္သို႔ နာဂစ္မုန္တိုင္း မဝင္ေရာက္မီ အေစာပိုင္း အိႏၵိယႏွင့္ ထိုင္းႏိုင္ငံတို႔တြင္ သတိေပးေၾကညာစဥ္ ကတည္းက မိုးေလဝသႏွင့္ ဇလေဗဒ ဌာန ညႊန္ၾကားေရးမႉးခ်ဳပ္ ဦးထြန္းလြင္က ျပင္းထန္သည့္ မုန္တိုင္းျဖစ္ႏိုင္ေၾကာင္း ေနျပည္ေတာ္သို႔ အေၾကာင္း ၾကားခဲ့သည္ဟုဆိုသည္။
သို႔ရာတြင္ ေနျပည္ေတာ္မွ တာဝန္ရွိသူမ်ားက ျပည္သူလူထု အထိတ္တလန္႔ျဖစ္မည္ စိုးေသာေၾကာင့္ ၎သတင္းကို ေၾကညာျခင္းမျပဳရန္ ပိတ္ပင္ခဲ့သည္ဟု သိရသည္။",3.0,3.0,2.0,5.0,5.0,"The text is a well-structured news report about the aftermath of Cyclone Nargis in Myanmar. It provides historical and meteorological context, includes expert quotes, and maintains a professional tone. It is highly authentic to the Burmese context, using appropriate terminology and reflecting the specific socio-political situation of that time."
<urn:uuid:ec84e405-2594-4bb2-9555-0338488c0683>,"တုိင္းရင္းသားပါတီအား အျပစ္ရွာပယ္ထုတ္ရန္ရွိဟု ဦးသိန္းစိန္ေျပာ
October 22, 2010 Leave a comment
နအဖ ၀န္ႀကီးခ်ဳပ္ ျပည္ခုိင္ၿဖိဳးပါတီဥကၠဌ ဦးသိန္းစိန္ ရဟတ္ယာဥ္ျဖင့္ သွ်မ္းျပည္ေျမာက္ပိုင္းသို႕ လည္ပတ္စဥ္ တိုင္းရင္း သားပါတီအခ်ဳိ႕အား အျပစ္ရွာဖယ္ထုတ္္ရန္ အစီအစဥ္ရွိေၾကာင္း တီးတုိးေျပာၾကားခဲ့သည္ဟု စံုစမ္းသိရွိရပါသည္။
“ေအာက္တိုဘာ ၁၇ ရဟတ္ယာဥ္နဲ႕ လားရႉိးကိုေရာက္တယ္၊ ၁၉ ရက္ေန႕အထိ မူဆယ္-နမ့္ခမ္းဘက္ ခရီး ထြက္တယ္၊ လားရႉိးေရာက္တုန္းက ႀကံ႕ဖြတ္္အမတ္ေလာင္းေတြနဲ႕ ေတြ႕တယ္” – ဟု အမည္မေဖၚလိုသည့္ လားရႉိးသား USDP ပါတီ၀င္ တဦးက ေျပာပါသည္။
လားရႉိးခရိုင္္ရွိ USDP အမတ္ေလာင္းမ်ားအား ၁၇ ရက္ေန႕ေတြ႕ဆံုစဥ္ – သွ်မ္းျပည္ေျမာက္ပိုင္း အတြင္း က်ားျဖဴပါတီအား အႏိုင္ယူရန္္မလြယ္ကူေၾကာင္း၊ က်ားျဖဴအားသာသည့္ လားရႈိးၿမိဳ႕အတြင္း၌ပင္ ျပည္ခုိင္ၿဖိဳး အႏိုင္ရရန္ ၅၀ ရာခုိင္ႏႈန္းေက်ာ္ ႏုိင္ဖြယ္မရွိေၾကာင္း သွ်မ္းလူမ်ဳိးအမ်ားဆံုးေနထိုင္သည့္ အခ်ဳိ႕ၿမိဳ႕နယ္မ်ားတြင္ အႏိုင္ရရန္ပုိ၍ပင္ ခက္ခဲေၾကာင္း တင္ျပရာ – ၀န္ႀကီးခ်ုပ္ဦးသိန္းစိန္က –
“ခင္ဗ်ားတို႕စိတ္မပူနဲ႕ သူတို႕ေတြကို တရားမ၀င္လက္နက္ကိုင္အဖြဲ႕အစည္းေတြနဲ႕ ပတ္သက္ဆက္ႏြယ္ေနတယ္လို႕ ေျပာ လိုက္ရံုဘဲ” – ဟု ေျပာဆိုခဲ့ေၾကာင္း နီးစပ္တဲ့ပုဂၢိဳလ္တဦးကေျပာပါသည္။
လြယ္တိုင္းလ်ဲန္းအေျခစိုက္ သွ်မ္းျပည္တပ္မေတာ္ ေတာင္ပိုင္းတပ္ဖြဲ႕မွာမူ စစ္အစိုးရ ဦးစီးက်င္းပမည့္ ေရြး ေကာက္ပြဲ လံုး၀ လက္မခံေၾကာင္း၊ ပါ၀င္ယွဥ္ၿပိဳင္မည့္ ႏိုင္ငံေရးပါတီအားလည္း လက္မခံေၾကာင္း၊ ႀကံ႕ဖြံ႕ ပါတီအတြင္းပါ၀င္သည့္ သွ်မ္း အမ်ဳိးသားမ်ားအားလည္း လံုး၀ လက္မခံေၾကာင္း၊ ၁၉၉၀ ေရြးေကာက္ပြဲရ လာဒ္ကိုသာလက္ခံေၾကာင္း ေမ ၂၆ ရက္ ကတည္းက အတိအလင္း ထုတ္ျပန္ေၾကျငာခဲ့ ၿပီးျဖစ္ပါသည္။
သွ်မ္းျပည္ေျမာက္ပိုင္းေန ရပ္မိရပ္ဖတဦးက – နအဖ၏အႀကံသည္ သိုးငယ္ကို ၀ံပုေလြက ျပႆနာရွာသည့္ အီစြပ္ပံုျပင္ တပုဒ္အလား က်င့္ႀကံေနေၾကာင္း ေျပာ၏။
(ျမစ္ညာတြင္ေရေသာက္ေနေသာ ၀ံပုေလြက ျမစ္ေၾက၌ ေရေသာက္ေနေသာ သုိးငယ္အား “မင္း ေရေႏွာက္ေအာင္လုပ္လုိ႕ ငါေရမေသာက္ႏုိင္ဘူး”
သုိးငယ္က “ေအာက္ပုိင္းမွာ က်ေနာ္ေသာက္ေနတာပါ”
သုိ႕ေသာ္အျပစ္ရွာလုိေသာ ၀ံပုေလြက “မႏွစ္က မင္းငါ့ကုိ ဆဲဆုိတယ္”
သုိးငယ္က “က်ေနာ္ ဒီႏွစ္မွ ေမြးတာပါ”
၀ံပုေလြက “မင္းမဟုတ္ရင္ မင္းအေဖဘဲ။ ဒီေတာ့မင္းမွာအျပစ္ရွိတယ္” ဆုိၿပီးနာက္ဆုံး သုိးငယ္ကုိ ကုိက္စား လုိက္တယ္)
http://www.litscape.com/author/Aesop/The_Wolf_And_The_Lamb.html တြင္ဖတ္ရွဳႏုိင္ပါသည္၊",2.0,3.0,2.0,3.0,4.0,"The text provides a historical account of political maneuvering in 2010 Myanmar. It uses an Aesop fable to explain political strategy, offering moderate reasoning and cultural relevance. It is clean but contains some boilerplate/links. It requires basic political knowledge to understand, making it accessible but not highly technical."
<urn:uuid:ed15eee6-fa15-4f8d-8554-b8f71a2f2dfc>,"အီရန္ႏိုင္ငံအေနနဲ႔ ႏ်ဳကလီးယားလက္နက္ ပိုင္ဆိုင္လို႔ မျဖစ္ေစရဘူးဆိုတဲ့ အခ်က္ကို အေမရိကန္နဲ႔ အစၥေရးလ္ႏိုင္ငံတို႔ၾကား သေဘာတူညီမႈရွိထားၿပီး ျဖစ္တယ္လို႔ အစၥေရးလ္၀န္ႀကီးခ်ဳပ္ Benjamin Netanyahu ကေျပာပါတယ္။ ဒါေပမဲ့ ရည္ရြယ္ခ်က္ ေအာင္ျမင္ေအာင္ ဘယ္လိုလုပ္ေဆာင္ၾကမလဲ ဆိုတဲ့ေနရာမွာ သေဘာထား ကြဲလြဲမႈေတြ ရွိေနၾကတယ္လို႔လည္း သူကေျပာဆိုလိုက္ပါတယ္။
အစၥေရးလ္၀န္ႀကီးခ်ဳပ္အေနနဲ႔ အေမရိကန္ ကြန္ဂရက္လႊတ္ေတာ္မွာ မိန္႔ခြန္းေျပာဆိုဖို႔ စီစဥ္ထားတဲ့ ရက္မတိုင္ခင္ တရက္အလို တနလၤာေန႔မွာ အခုလို ေျပာၾကားလိုက္တာလည္း ျဖစ္ပါတယ္။ အစၥေရးလ္၀န္ႀကီးခ်ဳပ္အေနနဲ႔ ကြန္ဂရက္လႊတ္ေတာ္မွာ မိန္႔ခြန္းေျပာဖို႔ကိစၥဟာ ထံုးတမ္းစဥ္လာအရ အေမရိကန္ သမၼတအိမ္ျဖဴေတာ္နဲ႔ ညိႇႏိႈင္းတိုင္ပင္ျခင္းမရွိဘဲ ျပဳလုပ္တာျဖစ္တဲ့အတြက္ အျငင္းပြားစရာ အေၾကာင္းအရာ ျဖစ္ေနသလို Mr. Netanyahu နဲ႔ သမၼတ အိုဘားမားတို႔ၾကား ဆက္ဆံေရး တင္းတင္းမာမာ ျဖစ္ေနတယ္ ဆိုတာကိုလည္း မီးေမာင္းထိုး ျပသေနသလို ျဖစ္ေနပါတယ္။
သေဘာထားမတူညီမႈ ျဖစ္ေနရတဲ့ အေၾကာင္းကေတာ့ အေမရိကန္နဲ႔ အစၥေရးလ္တို႔ရဲ႕ ႐ႈျမင္တဲ့ ပံုစံ ကြဲလြဲေနလို႔ ျဖစ္တယ္လို႔ Mr. Netanyahu က ေျပာပါတယ္။ အေမရိကန္အစိုးရက လံုၿခံဳေရးကို အေလးထား စဥ္းစားတာျဖစ္ၿပီး၊ အစၥေရးလ္ အေနနဲ႔ကေတာ့ ဆက္လက္ ရွင္သန္ေရးကို စိုးရိမ္စိတ္နဲ႔ စဥ္းစားတာျဖစ္တယ္လို႔ ေျပာဆိုပါတယ္။ ဒီအခ်က္ကို သမၼတ အိုဘားမားကလည္း သေဘာတူေၾကာင္း Reuters သတင္းဌာနနဲ႔ အိမ္ျဖဴေတာ္မွာ ျပဳလုပ္တဲ့ ေတြ႔ဆံုခန္းမွာ ေျပာၾကားခဲ့ပါတယ္။
တနလၤာေန႔ ေစာေစာပိုင္းတုန္းကေတာ့ အေမရိကန္အေနနဲ႔ လက္ခံမယ္ ႏိုင္ငံတကာ သေဘာတူညီမႈ မွန္သမွ်ဟာ အစၥေရးလ္ႏိုင္ငံ လံုၿခံဳစိတ္ခ်ရမႈကို ျဖစ္ေစရမယ္လို႔ အေမရိကန္ ႏိုင္ငံျခားေရး၀န္ႀကီး John Kerry က ေျပာပါတယ္။ တနလၤာေန႔ ၀ါရွင္တန္ဒီစီၿမိဳ႕ေတာ္မွာ အစၥေရးလ္အေရး ေဆာင္ရြက္ေနတဲ့ အဖြဲ႔အစည္းတခုမွာ မိန္႔ခြန္းေျပာၾကားစဥ္ Mr. Netanyahu က အေမရိကန္ အစိုးရအေနနဲ႔ အစၥေရးလ္ႏိုင္ငံအေပၚ ေထာက္ခံေပးမႈကို သူ႔အေနနဲ႔ လိႈက္လိႈက္လွဲလွဲ တန္ဖိုးထားပါေၾကာင္း ေျပာၾကားသြားပါတယ္။",3.0,3.0,3.0,5.0,2.0,"The text is a well-structured news report on international relations. It provides clear, coherent information suitable for educational purposes regarding current events. The reasoning is logical, explaining the differing perspectives of the US and Israel. It is written in natural, professional Burmese, though it is a translation of international news rather than a culturally specific artifact."
<urn:uuid:1ac8cb7d-d0b9-4dde-be8b-71324322fd1f>,"ကချင်– စစ်ကိုင်းအစပ်မှာရှိတဲ့ ထီးချိုင့်မြို့ကို ကချင်လွတ်လပ်ရေးတပ်မတော် KIA၊ ပြည်သူ့ကာကွယ်ရေး ပူးပေါင်းတပ်တွေက မြို့သိမ်းတိုက်ပွဲဆင်နွှဲနေတာ ခုဆိုရင်တစ်လနီးပါးရှိလာပြီး စစ်တပ်ဘက်ကလည်း ထီးချိုင့်မြို့ လက်မလွတ်ရေး မီးကုန်ယမ်းကုန် ခုခံနေတာလည်းဖြစ်ပါတယ်။
နိုဝင်ဘာလ ၆ ရက်နေ့ ကောလင်းမြို့ကိုတိုက်ခိုက်သိမ်းယူလိုက်တဲ့ KIA,PDF တွေက နောက်ထပ် ထီးချိုင့်မြို့ကို ထပ်ပြီးသိမ်းယူဖို့ နိုဝင်ဘာလ ၁၀ ရက်နေ့ကနေ မြို့သိမ်းတိုက်ပွဲဆင်နွှဲနေပြီး နိုဝင်ဘာလ ၁၅ ရက်နေ့မှာတော့ ကာကွယ်ရေးတပ်တွေဘက်က ခနတာအပစ်ရပ်ခဲ့ပါတယ်။
ဒါပေမယ့် နိုဝင်ဘာလနောက်ဆုံး အပတ်ကနေကစပြီး KIA,PDF ဘက်က ပြန်ပြီးထိုးစစ်ဆင်တိုက်ခိုက်နေတဲ့အတွက် နှစ်ဖက်ထိတွေ့တိုက်ပွဲ ပိုပြီးပြင်းထန်လာသလို စစ်တပ်ဘက်ကလေကြောင်းအဓိကအသုံးပြုပြီးတိုက်ခိုက်နေတယ်လို့လည်း KIA,PDF နီးစပ်တဲ့ဒေသခံတစ်ဦးက ပြောပါတယ်။
“ထီးချိုင့်လက်ရှိအခြေနေကတော့ တိုက်ပွဲက ဖြစ်လိုက်ပြန်နားလိုက် လေယာဥ်လာလိုက် ပြန်ခွာလိုက်ပေါ့။ သူတို့က တစ်ရက်ကိုလေယာဥ် ၂ စီးလောက်လာပြီးတော့ ပစ်တယ် မနေ့ကတော့ ဒေသခံကာကွယ်ရေးတပ်ဘက်က တစ်ယောက်ကျတယ်။ ထီးချိုင့်မြို့ထဲမှာတော့ စစ်ကောင်စီဘက်က မြသိန်းတန်တောင်ပေါ်မှာအထိုင်ချထားတဲ့ စခန်းတစ်ခုသာ ကျန်ရှိတော့တာဖြစ်ပြီး အဲ့ဒီစခန်းမကျရေးအတွက် စစ်တပ်ဘက်က ခုခံနေတာ ထီးချိုင့်မြို့တစ်ခု လုံးလည်း ပျက်ဆီးနေပြီ”လို့ ပြောပါတယ်။
တစ်လနီးပါးကြာမြင့်လာတဲ့ မြို့သိမ်းတိုက်ပွဲမှာ KIA,PDF ဘက်က ထီးချိုင့်မြို့တစ်ခုလုံးသိမ်းယူနိုင်ဖို့ မြို့တွင်းစခန်းတစ်ခုသာကျန်ရှိတော့တဲ့အတွက် မြို့သိမ်းတိုက်ပွဲအောင်မြင်ဖို့ လက်တစ်ကမ်းအလိုမှာရှိနေတာ လည်းဖြစ်ပါတယ်။
လက်ရှိချိန် နှစ်ဖက်ထိတွေ့တိုက်ပွဲ နေ့တိုင်းဆိုသလိုဖြစ်ပွားနေပြီး စစ်တပ်ဘက်ကလေကြောင်းနဲ့ပစ်ခတ်တိုက်ခိုက် နေတဲ့အတွက် ဒီဇင်ဘာလ ၅ ရက်နေ့ မနေ့ကတိုက်ပွဲမှာတော့ ကာကွယ်ရေးတပ်ဘက်က တစ်ယောက်ကျဆုံးခဲ့တယ်လို့ သိရပါတယ်။
ခုခံစစ်အနေနဲ့သာရှိနေတော့တဲ့ စစ်ကောင်စီတပ်တွေဟာ တိုက်ပွဲအတွင်းတစ်ရက်ကို လေကြောင်း ၂ ကြိမ်ထက်မနည်းအသုံးပြုပြီး ပစ်ခတ်နေတာကိုကြည့်ခြင်းအားဖြင့် စစ်တပ်ဘက်က မြေပြင်ခံစစ်မှာ အခြေနေအရမ်းဆိုးရွားနေတဲ့အကြောင်း သက်သေပြနေတာဖြစ်တယ်လို့ ဆိုပါတယ်။
ဒါကြောင့် တိုက်ပွဲဒီထက်မက ရက်ရှည်လာမယ်ဆိုရင် စစ်တပ်ဘက်က မြေပြင်မှာ အချိန်ကြာကြာတောင့်ခံနိုင်မှာမဟုတ်ဘူးလို့ ကာကွယ်ရေးတပ်ဖွဲ့တွေဘက်က ပြောပါတယ်။
“သူတို့ကတော့ မြေပြင်မှာ သူတို့မနိုင်လို့လေကြောင်းပဲပစ်ကူပေးနေရတယ်။ မြေပြင်အနေအထားမှာ သူတို့ ဘယ်လိုမှတောင့်မခံနိုင်ဘူး လေကြောင်းတစ်ခါသုံးဖို့ဆိုရင် ပိုက်ဆံအများကြီးသုံးရတယ်။ အဲ့တာကြောင့် လေကြောင်းမဖြစ်မနေသုံးနေတာကိုကြည့်တာနဲ့ သူတို့မြေပြင်မှာအချိန်ကြာကြာတော့ တောင့်ခံနိုင်မှာမဟုတ်တော့ဘူး”လို့ ထီးချိုင့်ဒေသကာကွယ်ရေးတပ်ဖွဲ့ဘက်က တာဝန်ရှိသူ တစ်ယောက်ကပြောပါတယ်။
လက်ရှိထီးချိုင့်မြို့ဟာ စစ်တပ်ရဲ့လေကြောင်းပစ်ခတ်တိုက်ခိုက်မှုကြောင့် မြို့တစ်ခုလုံး ဖွတ်ဖွတ်ကြေနေပြီဖြစ်တယ်လို့ ကာကွယ်ရေးတပ်ဖွဲ့ဘက်ကဆိုပါတယ်။
ထီးချိုင့်မြို့ဟာ ကချင်– စစ်ကိုင်းအဆက်မှာရှိပြီး ဆက်သွယ်ရေးလမ်းပိုင်းအတွက်အရေးကြီးတဲ့မြို့ဖြစ်သလို စစ်ရေးအရအလွန်အရေးပါတဲ့ ဒေသဖြစ်တဲ့အတွက် ထီးချိုင့်မြို့ကို လက်မလွှတ်ရရေးအတွက်စစ်တပ်ဘက်ကရတဲ့ နည်းနဲ့တောင့်ခံနေတာဖြစ်တယ်လို့ ကာကွယ်ရေးတပ်တွေဘက်က သုံးသပ်ပါတယ်။
By – အမိုး",2.0,3.0,2.0,5.0,5.0,"The text provides a factual, journalistic account of a specific conflict in Myanmar. It demonstrates basic reasoning by analyzing military tactics and strategic importance. It is written in natural, authentic Burmese, reflecting local political and social contexts. It is clean, well-structured, and free of boilerplate, though its content is news-focused rather than academic."
<urn:uuid:8e6d8c5a-06a4-4e63-8a03-41f6726b0623>,"နိုင္လင္းထြန္း
မြန္ျပည္နယ္ ဘီးလင္းၿမိဳ႕နယ္ ေကလာသ သဘာဝထိန္းသိမ္းေရး နယ္ေျမအစပ္တြင္သာ ေက်ာက္ထုတ္လုပ္မွုကို ခြင့္ျပဳေပးထားျခင္းျဖစ္ေၾကာင္း သယံဇာတႏွင့္ သဘာဝပတ္ဝန္းက်င္ထိန္းသိမ္းေရး ဝန္ႀကီး႒ာန ဝန္ႀကီး႐ုံး (ပတ္ဝန္းက်င္/သစ္ေတာ) ညႊန္ၾကားေရးမွူး ဦးေက်ာ္ေဇာ ကေျပာသည္ ။
“ေက်ာက္ထုတ္လုပ္ေရး လုပ္ငန္းခ်ထားေပးတာက သဘာဝပတ္ဝန္းက်င္ထိန္းသိမ္းေရးနယ္ေျမထဲမွာေတာ့ က်တယ္ ။ ဒါေပမယ့္နယ္ေျမအစပ္ အဖ်ားပိုင္းမွာက်တယ္ ။ လြန္ခဲ့တဲ့ႏွစ္ေပါင္းမ်ားစြာကတည္းက ဒီေနရာက ေက်ာက္ထုတ္လုပ္တဲ့ေနရာ ျဖစ္ေနတယ္ ။ အရင္က ေက်ာက္မိုင္းအေဟာင္းလည္းရွိေနေတာ့ လုပ္ဖို႔ရာေနရာ ခ်ေပးလိုက္တာျဖစ္တယ္ ။ သူတို႔ ေတာင္းသေလာက္ မဟုတ္ပဲနဲ႔ စီစစ္ၿပီးခ်ထားေပးတာျဖစ္ပါတယ္” ဟု ညႊန္ၾကားေရးမွူးက ေျပာသည္ ။
ထိုသို႔ ေကလာသ သဘာဝထိန္းသိမ္းေရး နယ္ေျမအတြင္း ေက်ာက္ထုတ္လုပ္ေရးလုပ္ငန္း ခြင့္ျပဳေပးထားမွုႏွင့္ ပတ္သတ္၍ မြန္ျပည္နယ္ အစိုးရအဖြဲ႕အေနျဖင့္ သိရွိျခင္း မရွိေၾကာင္း သိရသည္ ။
“ပထမဆုံး ျပည္နယ္အဆင့္ ညႊန္မွူးက ဒီေက်ာက္မိုင္း နဲ႔ ပတ္သက္ၿပီး သေဘာမတူဘူးဆိုတာ စာထြက္လာၿပီးသား၊ ထြက္လာရတာကလည္း ျပည္ေထာင္စုက ညႊန္ခ်ဳပ္ရဲ့ စာအရ ျဖစ္တယ္ ။ ဘာလို႔သေဘာမတူလဲဆိုေတာ့ ဒီဟာက သဘာဝပတ္ဝန္းက်င္ေဘးမဲ့ေတာျဖစ္တယ္ ။ လုပ္ကြက္ခ်ေပးရင္ သဘာဝပတ္ဝန္းက်င္ ပ်က္စီးတယ္ ဆိုတဲ့အခ်က္ေတြေၾကာင့္ျဖစ္တယ္လို႔ စက္တင္ဘာလ (၁) ရက္ေန႔က စာထြက္တယ္ ။ ဒါနဲ႔ စက္တင္ဘာလ (၂၉) ရက္ ေန႔မွာက်ေတာ့ ေက်ာက္မိုင္းနဲ႔ပတ္သတ္ၿပီး မွတ္ခ်က္ေပးဖို႔ မရွိပါဘူးဆိုၿပီး စာထပ္ထြက္လာတယ္ ။ စက္တင္ဘာလ (၁) ရက္ေန႔က ထြက္တဲ့စာရဲ့ သေဘာထားနဲ႔ စက္တင္ဘာလ (၂၉) ရက္ေန႔ က ထြက္တဲ့စာရဲ သေဘာထားက ေျပာင္းျပန္ျဖစ္ေနတယ္ ။ အဲ့ဒီထြက္တဲ့ စာႏွစ္ေစာင္လုံးဟာ ခရိုင္ကေန ျပည္ေထာင္စုကို ထြက္သြားတဲ့ စာျဖစ္တယ္ ။ အဲ့ဒီမွာ ျပည္နယ္ရဲ့ အခန္းက႑မပါဘူး ျဖစ္ေနတယ္ ။ ျပည္နယ္အစိုးရရဲ့ အခန္းေပ်ာက္ေနတယ္ “ ဟု ဘီးလင္းၿမိဳ႕နယ္ ျပည္သူ႔လႊတ္ေတာ္ကိုယ္စားလွယ္ ဦးတင္ကိုကိုဦး က ေျပာသည္ ။
ထို႔အျပင္ ေကလာသ သဘာဝထိန္းသိမ္းေရး နယ္ေျမအတြင္း ေက်ာက္ထုတ္လုပ္ေရးလုပ္ငန္းခ်ထားေပးမွု ႏွင့္ ပတ္သက္၍ ျပည္သူ႔လႊတ္ေတာ္ကိုယ္စားလွယ္အေနျဖင့္ လႊတ္ေတာ္တြင္ အဆို (သို႔မဟုတ္) ေမးခြန္းေမးသြားမည္ျဖစ္ေၾကာင္း သိရသည္ ။
“ကၽြန္ေတာ္ သစ္ေတာဦးစီး႒ာနကေန ေကလာသေတာင္ နဲ႔ ပတ္သတ္တဲ့ အခ်က္အလက္ေတြ ေတာင္းၿပီးၿပီျဖစ္တယ္။ ဘယ္ေနရာေတြကို ကုမၼဏီ လုပ္ပိုင္ခြင့္ေပးထားတယ္ ။ ဘယ္ေနရာေတြကိုေတာ့ အက်ဥ္းဦးစီးကိုေပးတယ္၊ ဘယ္ေနရာေတြကိုေတာ့ သစ္ေတာေျမကေန ရြာအျဖစ္ေပးထားတယ္ဆိုတဲ့ အခ်က္ေတြျဖစ္တယ္ ။ အက်ဥ္းဦးစီးအပါအဝင္ ေက်ာက္ထုတ္ေနတဲ့ေနရာေတြ က သစ္ေတာရဲ့ လုပ္ပိုင္ခြင့္ထဲ ပါမပါ ေမးေတာ့မယ္ ။ မပါရင္ေတာ့ ရပ္ေပါ့ ။ ကၽြန္ေတာ့္သေဘာထားကေတာ့ ေကလာသေတာင္က ေဘးမဲ့ေတာျဖစ္တယ္ ။ ဒါကို ဒီလို ေက်ာက္ထုတ္လုပ္ေရးေတြခ်ေပးေနရင္ေတာ့ သဘာဝပတ္ဝန္းက်င္ထိန္းသိမ္းေရး လုပ္တယ္ဆိုတာ ဘာကိုေျပာတာလဲ ျဖစ္ေနမယ္” ဟု ဘီးလင္းၿမိဳ႕နယ္ ျပည္သူ႔လႊတ္ေတာ္ကိုယ္စားလွယ္က ဆက္ေျပာသည္ ။
ေကလာသ သဘာဝထိန္းသိမ္းေရး နယ္ေျမအတြင္း ေက်ာက္ထုတ္လုပ္ေရးလုပ္ငန္း လုပ္ကိုင္ရန္ Rock Well Mining Co. Ltd အား တစ္ႏွစ္တိတိ ခ်ထားေပးခဲ့ၿပီး ဧရိယာ ၄၅ ဧက ေပၚတြင္ ေက်ာက္က်င္းေပါင္း (၁၀ဝ၀ဝ) ထုတ္လုပ္သြားမည္ျဖစ္ကာ ဇြန္လ (၁) ရက္ေန႔က မြန္ျပည္နယ္ သစ္ေတာဦးစီးဌာန ညႊန္ၾကားေရးမွူး ဦးမင္းသိန္းျမင့္ ႏွင့္ Rock Well Mining Co. Ltd မွ ဦးသန္႔ဇင္ထြန္း တို႔ သေဘာတူလက္မွတ္ ေရးထိုးခဲ့ေၾကာင္း သိရသည္ ။",2.0,3.0,3.0,5.0,4.0,"The document is a news report regarding environmental policy and land use in Myanmar. It provides factual reporting on a conflict between government departments and local representatives. It is well-structured, uses natural Burmese, and requires a basic understanding of administrative and environmental issues, making it suitable for general informational or educational purposes."
<urn:uuid:b7dd0768-0fb6-47a3-a899-81186fd3342b>,"• ႏိုင္ငံေရးပါတီၾကီး ၂ ခုျဖစ္တဲ့ ကြန္ဂရက္နဲ႔ ဘီေဂ်ပီပါတီေတြကို ႏိႈင္းယွဥ္ေျပာပါမယ္။
• Congress မွာ Motilal Vora မိုတီလာလ္ ဗိုရာ နဲ႔ Bharatiya Janata Party မွာ Ramdas Agarwal ရမ္းဒတ္စ္ အဂါေဝါလ္ တို႔ဟာ ဆိုင္ရာပါတီရဲ႕ ေငြေၾကးကိစၥမွာ နာမည္ၾကီးၾကပါတယ္။
• အိႏၵိယရဲ႕ ထိပ္တန္းေကာ္ပိုရိတ္ၾကီးေတြက ၉ဝ% ဟာ ႏိုင္ငံေရးပါတီေတြနဲ႔ ဆက္စပ္ေနၾကတယ္။ ထုတ္လဲ မေျပာၾကပါ။
• ၂ဝ၁၄ မတ္လ (၂၄) ရက္ကေရးတဲ့ သတင္းေဆာင္းပါးထဲမွာ ဗိုရာ ကေန ထိပ္ဆံုးက စက္မႈလုပ္ငန္းၾကီးေတြ ၂၅ ခုကေန လာမဲ့ေရြးေကာက္ပြဲအတြက္ ရံပံုေငြေတာင္းတယ္လို႔ ေရးထားပါတယ္။
• ဘယ္ေလာက္ရၾကသလဲ ခန္႔မွန္းၾကသူေတြမွာ အေတာ္ခက္ပါသတဲ့။ မ်ားေတာ့ အမ်ားၾကီးလို႔သာ ေျပာႏိုင္တယ္။ ဒါဟာ ႏိုင္ငံေရးပါတီေတြရဲ႕ လ်ိဳ႕ဝွက္ခ်က္တခုပါ။
• ဒီလိုႏိုင္ငံေရးရံပံုေငြေတြကို စည္းမ်ဥ္းထားဘို႔အတြက္ စက္မႈအသင္းေတြနဲ႔ စီးပြါးေရးအဖြဲ႔အစည္းေတြက ပြင့္လင္းျမင္သာမႈရွိဘို႔ ေတာင္းဆိုတာလဲရွိပါတယ္။
• Confederation of Indian Industry ကေန ႏိုင္ငံေရးပါတီေတြအတြက္ ရံပံုေငြကို အဖြဲ႔ဝင္ေပါင္း ၄၈ဝဝ ဆီကေန ခ်က္လက္မွတ္နဲ႔သာ ေကာက္ခံယူပါတယ္။ ဒါဟာ ပြင့္လင္းပါဘဲလို႔ ထုေခ်ပါတယ္။
• BJP ဘ႑ာေရးမွဴး အဂါေဝါလ္ က သူ႔ပါတီရသမွ် ရံပံုေငြကို ျခဴးတျပားမက်န္ စာရင္းစစ္ေဆးမႈ လုပ္ပါသတဲ့။
• အိႏၵိယယရဲ႕ အၾကီးဆံုးစက္မႈလုပ္ငန္းၾကီးျဖစ္တဲ့ Tata group တာတာအုပ္စုကေန သူ႔ရဲ႕ Electoral Trust ေရြးေကာက္ပြဲ ေဂါပကအဖြဲ႔ကို ၁၉၉၉ မွာထူေထာင္ထားပါတယ္။ အဲဒီ ၁၉၉၉ မွာ စုစုေပါင္း ရူးပီး ၁ဝ သန္း ျဖစ္ပါတယ္။ ဒီႏွစ္ ၂ဝ၁၄ မွာ ဒိထက္အေတာ္မ်ားမယ္လို႔လဲ ဆိုပါတယ္။
• Tata companies ကုမၸဏီေတြကေန ေဂါပကအဖြဲ႔မွာ ရံပံုေငြထည့္ဝင္ၾကရပါတယ္။ အၾကီးတန္း တရားရံုးခ်ဳပ္ေရွ႕ေန Dinesh Vyas ဒင္းနစ္ရွ္ ဗီယပ္စ္ ကေန ေဂါပကကို ဦးေဆာင္ပါတယ္။
• Tatas ကေနရွင္းလင္းတာက ဒီလိုေဂါပကထားတာဟာ ပြင့္လင္းမႈရွိျပီး ခြဲျခားမႈလဲ ကင္းေစမယ္၊ က်န္ေနစရာလဲမရွိဘူးလို႔ ဆိုပါတယ္။
• အစိုးရအေနနဲ႔ ပြင့္လင္းျမင္သာမႈရွိေအာင္ အဆိုျပဳခ်က္ ၃ ခုတင္ပါေသးတယ္။
1. ဥပေဒတခုျပဳမယ္။ ေရြးေကာက္ပြဲအတြက္နဲ႔ ၾကားကာလေတြမွာ ပါတီရံပံုေငြေတြကို ခြဲေဝမႈနဲ႔ သံုးစြဲမႈအတြက္ျဖစ္မယ္။
2. ပံုမွန္အေကာင့္ေတြ ထားမယ္။ ပါတီတိုင္းမွာ စာရင္းစစ္ျပီး အေကာင့္ေတြကို စစ္ေဆးဘို႔ရွိေနရမယ္။
3. အစိုးရကေန ရံပံုေငြေထာက္ပံ့ေပးမယ္။
၂ဝဝ၁ ဇႏၷဝါရီလမွာ ဥပေဒေရးရာဝန္ၾကီးဌာနကေန အေၾကာင္းၾကားခ်က္တခု ထုတ္ပါတယ္။ ေရြးေကာက္ပြဲ ျပဳျပင္ေရး အတြက္ျဖစ္ပါတယ္။ ႏိုင္ငံေရးအရထည့္ဝင္ေငြေတြကို စည္းမ်ဥ္းထားဘို႔ျဖစ္တယ္။ အစိုးရကိုေတာင္းဆိုထားတာက အေကာင့္ေတြကို စစ္ေဆးပါ။ လူသိရွင္ၾကား ထုတ္ျပန္ပါ။ မမွန္ကန္လုပ္တဲ့ႏိုင္ငံေရးပါတီေတြကို ပယ္ဖ်က္ပါ။ တသီးပုဂၢလ ျဖစ္ျဖစ္ ေကာ္ပိုရိတ္ေတြျဖစ္ျဖစ္ ႏိုင္ငံေရးရံပံုေငြထည့္ႏိုင္တယ္။ အမ်ားဆံုး သတ္မွတ္ခ်က္ထားမယ္။ အျမတ္အစြန္းရဲ႕ ၅% ထက္မမ်ားေစရ။ အဲဒိအတြက္ အခြန္ေလွ်ာေပါ့ေပးမယ္။ ေကာ္ပိုရိတ္ေတြကိုလဲ ေဂါပကေတြ ထူေထာင္ဘို႔ အစိုးရကေန အားေပးဘို႔လဲ အၾကံျပဳတယ္။ ဒီအဆိုျပဳခ်က္ဟာ အစိုးရရံုးထဲက ထြက္မလာပါ။
လြန္ခဲတဲ့ႏွစ္အနည္းငယ္တံုးက စီးပြါးေရးပညာရွင္ Pai Panandikar ပိုင္ ပန္နန္ဒီကာ နဲ႔ Ramashray Roy ရမ္မက္ရွ္ေရ ရြိဳင္း တို႔ကေန အဆိုျပဳခ်က္ ထြက္ခဲ့ပါေသးတယ္။
1. အစိုးရကေနေထာက္ပံ့ရန္။
2. အစိုးရကေန တႏိုင္ငံလံုးမွာ တမဲ ရူးပီး ၁ဝ ႏွဳန္းနဲ႔ ေရြးေကာက္ပြဲရံပံုေငြ ထူေထာင္ရန္။
3. အထူးရံပံုေငြေအဂ်င္စီတရပ္ကေန ဒါမွမဟုတ္ ေရြးေကာက္ပြဲေကာ္မရွင္ကေန ရံပံုေငြ ကိုင္ရန္။
4. ေရြးေကာက္ပြဲမွာ အမတ္ေလာင္ရတဲ့ မဲအေရအတြက္နဲ႔အညီ ေငြထုတ္ေပးရန္။ မဲဆႏၵနယ္ေျမတခုမွာ အမ်ားဆံုး ရူးပီး ၁ဝ သိန္း။
5. ေငြကို အမတ္ကိုသာေပးမွာျဖစ္ျပီး သူ႔ပါတီကိုမေပးရန္။
6. အရင္ကလုပ္ေဆာင္ႏိုင္မႈကိုၾကည့္ျပီး ၅ဝ% ၾကိဳတင္ထုတ္ေပးရန္။
7. တဦးခ်င္းရဲ႕ အေသစိတ္ အေကာင့္ကို ေရြးေကာက္ပြဲေကာ္မရွင္ကေန စစ္ေဆးရန္။
ဒါကိုလဲဘဲ ေဆြးေႏြးျငင္းခုန္မႈေတြ မရွိသေလာက္ပါ။ ရလဒ္ကေတာ့ အလွဴရွင္နဲ႔အလွဴခံၾကား လိႈ႕ဝွက္ထားေရးသာ ျဖစ္ပါတယ္။
အခု ၂ဝ၁၄ မွာ အျပတ္ႏိုင္လိုက္တဲ့ ဘီေဂ်ပီပါတီဟာ ေငြမဲေတြကိုသံုးတယ္လို႔ ၂၁-၂-၂ဝ၁၄ ေန႔က ပီတီအိုင္ သတင္း တခုက ဆိုထားပါတယ္။ ဒီစြပ္စြဲခ်က္ကို ေက်ာက္မီးေသြးဝန္ၾကီးဌာနဝန္ၾကီး Sriprakash Jaiswal ရွရီ ပရာက္ရွ္ ေဂ်စ္ေဝါလ္ ကေန ဘီေဂ်ပီပါတီဟာ ကုေ႗ ၄ဝဝဝ ကိုေငြမဲကေန ရတယ္လို႔ ေျပာခဲ့တာပါ။
ဒါေတြကေတာ့ အိႏၵိယမွာလုပ္ေနၾကတာေတြပါ။ သိထားဘို႔သာျဖစ္ျပီး အတုမခိုးသင့္ဘူးလို႔ ျမင္ပါတယ္။ ျမန္မာျပည္မွာ ‘ဒီဘိတ္’ စသင့္ေနပါျပီ။ ေရြးေကာက္ပြဲေကာ္မရွင္ဆီကေန အသံစထြက္လာပါျပီ။ ခက္တာက သူတို႔ပါးစပ္က ထြက္တာမွန္သမွ် လူထုက မယံုၾကပါ။
ေဒါက္တာတင့္ေဆြ
၁၉-၅-၂ဝ၁၄
ည ၁၁ နာရီ၊ ၃၇ မိနစ္။
Friday, May 23, 2014
Political fund in India အိႏၵိယမွာ ႏိုင္ငံေရးပါတီေတြ ရံပံုေငြ ဘယ္ကေနရေနသလဲ
• ႏိုင္ငံေရးပါတီၾကီး ၂ ခုျဖစ္တဲ့ ကြန္ဂရက္နဲ႔ ဘီေဂ်ပီပါတီေတြကို ႏိႈင္းယွဥ္ေျပာပါမယ္။",3.0,3.0,3.0,3.0,4.0,"The text provides a structured overview of political campaign financing in India, offering educational value on political systems. It uses logical comparisons and proposals, requiring moderate expertise to follow. It is mostly clean, though it contains some repetitive boilerplate/headers. It uses natural, idiomatic Burmese, reflecting a local perspective on political discourse."
<urn:uuid:8e772b3f-5441-4402-bfd9-2e9afd1a3871>,"အေႂကြးျပႆနာေတြကို ရင္ဆိုင္ေနရတဲ့ ဥေရာပႏိုင္ငံေတြက ေခါင္းေဆာင္ေတြအေနနဲ႔ တ႐ုတ္ႏိုင္ငံ အကူအညီေတြအေပၚမွာပဲ အားကိုးမေနဖို႔ တ႐ုတ္ေခါင္းေဆာင္ေတြက သတိေပးလိုက္တယ္။
ဥေရာပတုိက္မွာ ႀကံဳေနရတဲ့ ျပႆနာေတြကုိ ေျဖရွင္းရမယ့္ အဓိကတာ၀န္ဟာ ဥေရာပမွာသာရွိတယ္ ဆုိတဲ့အေၾကာင္း တ႐ုတ္သမၼတ ဟူဂ်င္ေတာင္က ျပင္သစ္သမၼတ နစ္ကုိလတ္ ဆာကုိဇီကုိ မေန႔တုန္းကပဲ ေျပာခဲ့တယ္လုိ႔ သတင္းေတြက ေဖာ္ျပေနၾကတာပါ။ တခ်ိန္တည္းမွာပဲ ဥေရာပတုိက္ရဲ႕ တည္ၿငိမ္မႈဟာ ကမာၻ႔စီးပြားေရးအတြက္ အေရးႀကီးတဲ့အေၾကာင္း တ႐ုတ္သမၼတက အသိအမွတ္ျပဳ ေျပာခဲ့တယ္လုိ႔ တ႐ုတ္ အစုိးရပုိင္ ဆင္ဟြာ သတင္းက ေျပာပါတယ္။
ဥေရာပတုိက္သားေတြ အေနန႔ဲ သူတုိ႔ကုိယ္ပုိင္ ျပႆနာေတြကုိ ေျဖရွင္းႏုိင္တဲ့ ဉာဏ္အေျမာ္အျမင္နဲ႔ အစြမ္းအစရွိတယ္လုိ႔ ယုံၾကည္ေၾကာင္းလည္း ေျပာခဲ့တာပါ။
ျပင္သစ္ႏုိင္ငံမွာ ဒီတပတ္ထဲ က်င္းပမယ့္ စက္မႈဖြံ႔ၿဖိဳးတဲ့ႏုိင္ငံေပါင္း ၂၀ (G-20) အစည္းအေ၀းပဲြ မတုိင္မီ ျပင္သစ္နဲ႔ တ႐ုတ္သမၼတ ၂ ဦးတုိ႔ ေတြ႔ဆုံေဆြးေႏြးခဲ့ရာမွာ အခုလုိ ေျပာဆုိခဲ့တာ ျဖစ္ပါတယ္။ ဂရိနဲ႔တျခား ဥေရာပက အေႂကြးေတြ ျပန္မဆပ္ႏုိင္ေတာ့မယ့္ အျဖစ္နဲ႔ ရင္ဆုိင္ေနရတဲ့ တုိင္းျပည္ေတြကုိ အကူအညီေပးဖုိ႔ ဥေရာပႏုိင္ငံေတြက ဘ႑ာေရးအစီအစဥ္သစ္တရပ္ ခ်မွတ္ရာမွာ ကမာၻေပၚမွာ ႏုိင္ငံျခား အရန္ေငြေၾကး အမ်ားဆုံး စုေဆာင္းထားတဲ့ ႏုိင္ငံတႏုိင္ငံအျဖစ္ တ႐ုတ္ႏုိင္ငံက ရင္းႏွီးျမဳပ္ႏွံသြားဖုိ႔ ဥေရာပ ေခါင္းေဆာင္ေတြက ေမွ်ာ္လင့္ေနၾကတာ ျဖစ္ပါတယ္။",3.0,3.0,3.0,5.0,3.0,"The text is a clear, well-structured news report on international relations and economics. It provides educational value regarding global politics, uses logical reporting of diplomatic statements, and is written in natural, professional Burmese. It is free of noise and maintains a consistent, informative tone suitable for a general audience."
<urn:uuid:018da1f7-a9dd-44e3-8645-808ed0e42118>,"စစ်တပ် ကို ဝေဖန်ထောက်ပြတဲ့ သံချပ်တွေကြောင့် တပ်မတော်အရာရှိတွေက တရားလိုလုပ်ပြီး နိုင်ငံတော် အကြည်ညိုပျက်စေမှုပုဒ်မ - ၅၀၅ (က)နဲ့ တရားစွဲလို့ ပြီးခဲ့တဲ့လက အလုပ်ကြမ်းနဲ့ ထောင်တနှစ်စီ ချခံထားတဲ့ ဒေါင်းတို့မျိုးဆက်သံချပ်အဖွဲ့ ဦးဆောင်လူငယ် ၅ ယောက်နဲ့ နောက်ထပ် မိန်းကလေး တယောက်၊ စုစုပေါင်းခြောက်ယောက်ကို ဒီနေ့မှာတခါ အဲဒီပုဒ်မနဲ့ပဲ အလုပ်ကြမ်းနဲ့ ထောင်တနှစ်စီ ထပ်ချလိုက်ပါတယ်။
ကိုပိုင်ရဲသူ၊ ကိုဇေယျာလွင်၊ ကိုပိုင်ဖြိုးမင်း (ခ) ဒီရေ၊ ကိုဇော်လင်းထွဋ် (ခ) ဖိုးသား ၊ မကေခိုင်ထွန်း ကို အောက်တိုဘာလ ၃၀ ရက်နေ့က ရန်ကုန်တိုင်း မရမ်းကုန်းမြို့နယ်တရားရုံးက ထောင်ဒဏ်ချမှတ်ခဲ့ပြီး၊ ဒီနေ့မှာတော့ မဆုရတနာမြင့်ဆိုတဲ့ ကျောင်းသူပါ အမှုထဲမှာပါလာပြီး စုစုပေါင်း ခြောက်ယောက်ကို ဗိုလ်တထောင်မြို့နယ်တရားရုံးက ထောင်ဒဏ်စီရင်လိုက်တာပါ။
ဒါကြောင့် ပထမထောင်ချခံထားရတဲ့ လူငယ် ၅ ယောက်က ထောင် ၂ နှစ်စီဖြစ်သွားပြီး၊ ဒီနေ့မှာထပ်တိုးလာတဲ့မိန်းကလေးက ထောင် ၁ နှစ် ဖြစ်သွားပါပြီ။ နောက်ထပ်လဲ ၆၆ (ဃ) နဲ့ရော ၅၀၅ (က) နဲ့ပါ တရားစွဲခံထားရတဲ့အမှု (၆) မှုရှိသေးတယ်လို့ တရားစွဲထောင်ချခံနေရတဲ့ လူငယ်တွေထဲက ကိုပိုင်ရဲသူက ဒီနေ့ တရားရုံးအချုပ်ရောက်နေချိန်က RFA ကို ပြောပါတယ်။
မဆလ တပါတီအာဏာရှင်ခေတ်ကဆိုရင် သံချပ်မှာ အစိုးရနဲ့အာဏာပိုင်တွေကို ဝေဖန်တာပါရင် ဆင်ဆာဖြတ်တာ၊ ဆက်ပြီး သံချပ်ထိုးခွင့်မပြုတာ၊ ဒါမှမဟုတ် သင်္ကြန်တွင်း ခဏဖမ်းချုပ်ထားလိုက်တာမျိုးသာ ရှိခဲ့ပါတယ်။ အခုတော့ သံချပ်နဲ့ဝေဖန်တာကို အမှုပေါင်းများစွာစွဲပြီး တမှုချင်းအလိုက် သီးခြား ထောင်ဒဏ်တွေချမှတ်နေတာတွေ့ရပါတယ်။ လုပ်ရပ်တခုတည်းအတွက်ကို နေရာအမျိုးမျိုးကနေ ပုဒ်မအမျိုးမျိုးနဲ့ အလီလီထောင်ချတဲ့လုပ်ရပ် မဖြစ်သင့်ဘူးလို့ ကိုပိုင်ရဲသူက ပြောပါတယ်။
"" ပြစ်မှုတခုကို ပြစ်ဒဏ်နှစ်ခု ပေးခွင့်မရှိဘူး။ ဒါပေမယ့် ကျနော့်ကို ပုဒ်မ ၅၀၅ (က)နဲ့ ပြစ်ဒဏ်တခုချပြီးသွားပြီ။ အဲဒီဟာကို ၆၆ (ဃ) နဲ့ ထပ်ပြီး ထပ်စွဲထားတယ်။ ဒါက တရားဥပဒေအရ မဖြစ်သင့်ဘူး။ ဒါ လက်ရှိစစ်တပ်ရဲ့ နိုင်ငံရေးအရ ဥပဒေကို အသုံးချပြီး ကျနော်တို့ကို ဖိနှိပ်နေတဲ့ဟာတွေ လက်ရှိ ကြုံနေရတယ်""
ဒါကြောင့် အာဏာရှိအဖွဲ့အစည်းတွေကို သံချပ်ထိုးပြီးဝေဖန်ထောက်ပြလို့ နှစ်ရှည် ထောင်ချခံရတာဟာ ဒီဖြစ်ရပ်က ပထမဆုံးလိုဖြစ်နေပါပြီ။
“သံချပ်အဖွဲ့တွေဟာ မဖြစ်နိုင်တဲ့တရားစွဲတာမျိုးတွေ ခံနေရတယ်။ ဒီလုပ်ရပ်ဟာ လွတ်လပ်စွာ ထုတ်ဖော် ပြောဆိုခွင့်ကို သဲကြီးမဲကြီး တိုက်ခိုက်နေတဲ့လက္ခဏာဖြစ်တယ်။ စစ်တပ်ဟာ အခုလိုပါရမီရှိတဲ့ လူငယ်တွေကို စံပြအနေနဲ့အရေးယူပြနေတယ်"" လို့ Amnesty International အပြည်ပြည်ဆိုင်ရာ လွတ်ငြိမ်းချမ်းသာခွင့်အဖွဲ့ရဲ့ အရှေ့တောင်အာရှဆိုင်ရာ ညွှန်ကြားရေးမှူး နီကိုလပ်စ်ဘက်ကလင်းက ဒီနေ့ပြောလိုက်ပါတယ်။
အခုလို စစ်တပ်က တရားစွဲနေတဲ့အချိန်မှာ၊ တဘက်မှာ လွှတ်တော်ထဲ နေရာအများဆုံးရထားတဲ့ NLD ပါတီအနေနဲ့ အဲဒီလို တရားစွဲဖို့ အသုံးပြုခွင့်ရနေတဲ့ ဖိနှိပ်တဲ့ဥပဒေတွေကို မဖျက်သိမ်းနိုင်သေးဘူးလို့ AI အဖွဲ့က ထောက်ပြလိုက်သလို၊ လွှတ်တော်အနေနဲ့ လွတ်လပ်စွာ ထုတ်ဖော်ပြောဆိုခွင့်ဘက်က ရပ်တည်ဖို့ အချိန်ရောက်ပြီလို့ ပြောလိုက်ပါတယ်။
ဒါနဲ့ပတ်သက်လို့ လွှတ်တော်ကိုယ်စားလှယ်လဲဖြစ် ဝါရင့်ရှေ့နေတဦးလဲဖြစ်တဲ့ ဦးအောင်သိန်းကတော့ အခုအမိန့်တွေကို အယူခံရုံးတွေမှာ ပြင်ဆင်ခွင့်ရှိသေးတာကြောင့် အပြီးသတ်ဖြစ်တယ်လို့ မှတ်ယူလို့ မရနိုင်သေးဘူးလို့ ဆိုပါတယ်။
အဲဒီအပြင် AI အဖွဲ့ကပြောတဲ့ ဥပဒေတွေပြင်ဖို့ ဖျက်ဖို့ဆိုတဲ့ကိစ္စနဲ့ ပတ်သက်လို့လည်း ဦးအောင်သိန်းက .....
“ဖျက်သင့်ဖျက်ထိုက်တဲ့ ဥပဒေတွေဆိုလည်း ကျနော်တို့ဖျက်လိုက်တာရှိပါတယ်။ နည်းတာမှမဟုတ်ပဲနဲ့။ ဒါပေမယ့် ကျနော်တို့ပြောတာက သဘောသဘာဝမတူတဲ့ ကိစ္စရပ်တွေရှိတဲ့အခါကျတော့ ဥပဒေတခုက ပြဌာန်းဖို့ခက်ပေမယ့် ပယ်ဖျက်ဖို့လွယ်တယ်ပေါ့နော်။ အဲတော့ တစုံတဦးကို ထောင်ချလိုက်ရုံနဲ့ ဥပဒေတခုလုံးကို ဖျက်ပစ်ရမယ်ဆိုပြီး သတ်မှတ်ရရင်တော့ ကျနော်တို့က တရားဥပဒစိုးမိုးရေးလမ်းကြောင်းပေါ် သွားနိုင်ဖို့က အခက်အခဲတွေတွေ့မှာပဲ” လို့ တုံ့ပြန်ပါတယ်။
ဘယ်လိုပဲဖြစ်ဖြစ် Freedom of Expression ဆိုတဲ့ လွတ်လပ်စွာထုတ်ဖော်ပြောဆိုခွင့်ကို နိုင်ငံသားတိုင်း ရပိုင်ခွင့်ရှိတယ်လို့ အခြေခံဥပဒေမှာ ထည့်ထားပေမယ့် တည်ဆဲဥပဒေတချို့က အဲဒီရပိုင်ခွင့်ကို ပြန်ဖျက်သလို ဖြစ်နေတာတွေရှိနေတယ်လို့ ဥပဒေပညာရှင်တွေ ထောက်ပြနေတာလဲရှိပါတယ်။
အာဏာရှင်စနစ်ကနေ ဒီမိုကရေစီစနစ်ကို ကူးပြောင်းနေတဲ့မြန်မာပြည်မှာ အခုလို အငြင်းပွားစရာ ဥပဒေတွေ ဘယ်တော့ဖျက်သိမ်းနိုင်မလဲဆိုတာ ဘယ်သူမှ တိတိကျကျမပြောနိုင်သေးတဲ့အကြောင်း တင်ပြလိုက်ရပါတယ်။",3.0,3.0,3.0,5.0,5.0,"The text provides a clear, journalistic account of legal and political issues in Myanmar, including human rights perspectives and legal commentary. It is well-structured, uses natural Burmese, and accurately reflects the local socio-political context, making it highly authentic and informative for readers interested in contemporary Burmese affairs."
<urn:uuid:be69129e-5587-4e0b-995d-b15f50d283d0>,"အေမရိကန္ေအာက္လႊတ္ေတာ္ ေခါင္းေဆာင္ေတြ ျဖစ္တဲ့ နယူးေရာက္ျပည္နယ္ ဒီမိုကရက္တစ္ပါတီအမတ္ Joe Crowley နဲ႔ Ohio ျပည္နယ္ ရီပါတ္ဘလစ္ကင္ အမတ္ Steve Chabot တို႔က တနဂၤေႏြေန႔ က်င္းပမယ့္ ျမန္မာ့ေရြးေကာက္ပြဲ အတြက္ အထူးစိုးရိမ္ေၾကာင္း ေျပာၾကားလိုက္သလို ဒီေရြးေကာက္ပြဲရလာဒ္ကို အေမရိကန္ ႏိုင္ငံျခားေရးဌာနက သံုးသပ္ အကဲျဖတ္ရာမွာ သတိႀကီးႀကီး ထားဖုိ႔ပါ ႏိုင္ငံျခားေရးဝန္ႀကီး John Kerry ကုိ တိုက္တြန္းလိုက္ပါတယ္။
အခုက်င္းပမယ့္ ေရြးေကာက္ပြဲကို ဒီမိုကေရစီစိတ္ဓါတ္နဲ႔ အေကာင္းဆံုး ျဖစ္ေအာင္ ပါဝင္္လုပ္ေဆာင္ေနသူ အားလံုးကို ေက်းဇူးတင္ေပ မယ့္ ျမန္မာႏိုင္ငံကို ႏွစ္ေပါင္း ၾကာရွည္စြာ အနီးကပ္ ေစာင့္ၾကည့္ေနသူေတြ အေနနဲ႔ဒီေရြးေကာက္ပြဲ ရဲ့ ေက်ာရိုးျပႆနာေတြကို ၾကည့္ရင္ ဒါဟာ လြတ္လပ္ၿပီး တရားမွ်တတဲ့ ေရြးေကာက္ပြဲ မဟုတ္မွန္း သိႏိုင္တယ္လို႔ ဆိုပါတယ္။
အေျပာင္းအလဲ ျဖစ္လာႏိုင္တယ္လို႔ ယံုၾကည္ေနသူေတြအတြက္ ျမန္မာႏိုင္ငံရဲ့ အေျခခံေျပာင္းလဲမႈေတြ တံ့ေနတာ ဒါမွမဟုတ္ ေနာက္ျပန္ဆြဲ ေနတာ မ်ိဳးေတြကို မၾကာေသးခင္ကပဲ ေတြ႔ေနရတာမို႔ ဒီမိုကေရစီေရး ေျပာင္းလဲမႈအတြက္ ရလဒ္ဟာ သိပ္ရွင္းလင္းမွာ မဟုတ္ဘူးလု႔ိ လည္း ေထာက္ျပပါတယ္။
ဒါ့အျပင္ ျမန္မာႏိုင္ငံကို လာမယ့္ ရက္ေတြ လေတြမွာလည္း အနီးကပ္ ေစာင့္ၾကည့္ေနမွာ ျဖစ္ၿပီး ျမန္မာနဲ႔ အေမရိကန္ ၂ ႏိုင္ငံၾကား အနာဂါတ္ ဆက္ဆံေရးဟာ ဒီမိုကေရစီနဲ႔ လူ႔အခြင့္ေရးဆိုင္ရာ ေလးစားမႈေတြနဲ႔ တကယ့္ေျပာင္းလဲလာတဲ့ အေပၚမွာပဲ အေျခခံထားသင့္တယ္လို႔လည္း မစၥတာ Crowley နဲ႔ မစၥတာ Chabot တို႔က ေျပာပါတယ္။
ျမန္မာႏိုင္ငံရဲ့ လက္ရွိ ဖြဲ႔စည္းပံုး အေျခခံ ဥပေဒဟာ စစ္အစိုးရ လက္ေအာက္မွာ ေရးဆြဲထားၿပီး ဒါကို အျငင္းပြါးဖြယ္ မဲေပးမႈေတြနဲ႔ အတည္ျပဳထားတာမို႔ လႊတ္ေတာ္မွာ စစ္တပ္က ၂၅ ရာခိုင္ႏႈန္း ထက္မနည္း ေနရာယူတာအပါအဝင္ စစ္တပ္ကို အဓိက အာဏာေပး ထားတယ္လို႔အေမရိကန္ ပါတီႀကီး ၂ ရက္ အထက္ လႊတ္ေတာ္ေခါင္းေဆာင္ေတြရဲ့ ဝန္ႀကီးကယ္ရီ ကို ေပးပို႔တဲ့စာထဲမွာ ေဖၚျပထားတာပါ။ ဒါ့အျပင္ ဒီဖြဲ႔စည္းပံု အေျခခံဥပေဒဟာ အတိုက္အခံေခါင္းေဆာင္ ေဒၚေအာင္ဆန္းစုၾကည္ကို သမၼတျဖစ္ခြင့္မရွိေအာင္ အထူးျပဳ ေရးဆြဲထားတယ္လုိ႔လည္း ေဖၚျပထားပါတယ္။
အစိုးရက မ်ိဳးေစာင့္ဥပေဒေတြ ထုတ္ျပန္ၿပီး မူစလင္လူနည္းစုေတြကို အမုန္းပြါးေစဖို႔ လုပ္ေဆာင္တာ၊ ၿငိမ္းခ်မ္းစြာ ဆႏၵျပသူေတြကို ဖမ္းဆီးအေရးယူတာေတြ အပါအဝင္ ျမန္မာႏုိင္ငံရဲ့ လူ႔အခြင့္ေရးဆုိင္ရာ အတြက္လည္း အထူး စိတ္ပူေၾကာင္း ေျပာပါတယ္။ ဝန္ႀကီးကယ္ရီကို စာေရးသား ေပးပို႔သူေတြ ထဲမွာ ေအာက္လႊတ္ေတာ္ ႏုိင္ငံျခားေရးရာေကာ္မတီက Eliot L. Engel အာရွနဲ႔ပစိဖိတ္ဆိုင္ရာ ေကာ္မတီခြဲက Matt Salmon ၊Joseph Pitts နဲ႔ James P. McGovern တို႔လည္း ပါဝင္ပါတယ္။",3.0,3.0,3.0,5.0,4.0,"The text provides a clear, coherent summary of US political perspectives on Myanmar's elections and constitutional issues. It is well-structured, uses natural Burmese, and maintains a professional tone suitable for news or educational analysis. It requires basic political knowledge to fully grasp the context, making it a solid informational resource."
<urn:uuid:b8dc983c-2b5d-4008-a9c2-cdb18adec2aa>,"ဘဂၤလားေဒ့ရွ္ႏိုင္ငံ၌ ေရာက္ရွိ ေနထိုင္ၾကသည့္ ရခိုင္ႏွင့္ ရခိုင္ မ်ဳိးႏြယ္စု တိုင္းရင္းသားမ်ားအေနျဖင့္ ျမန္မာႏိုင္ငံတြင္ ျပန္လည္ အေျခခ် ေနထိုင္လိုပါက ရခိုင္ျပည္နယ္၊ ေမာင္ေတာၿမိဳ႕တြင္ ေနရာခ်ေပးမည္ျဖစ္ကာ ေနအိမ္ႏွင့္ လယ္ယာေျမမ်ား အခမဲ့ ေထာက္ပံ့ေပးမည္ဟု သတင္းရရွိသည္။
“ရခိုင္နဲ႔ ရခိုင္မ်ဳိးႏြယ္စုေတြအျပင္ ကိုယ့္တိုင္းရင္းသားေတြဆိုရင္ ဘယ္တိုင္းရင္းသား ျဖစ္ျဖစ္ လက္ခံေပးမွာပါ။ မိသားစု တခုအတြက္ ေနအိမ္နဲ႔ၿခံ၀င္းတခု၊ စား၀တ္ေနေရးအတြက္ လယ္ ၂ ဧကလည္း ေပးမယ္” ဟု ရခိုင္ျပည္နယ္ အစိုးရအဖြဲ႔၏ ျပန္ၾကားေရး တာ၀န္ခံ ဦး၀င္းၿမိဳင္က ဧရာ၀တီသုိ႔ ေျပာသည္။
ထိုသို႔ ေဆာင္ရြက္ရျခင္းမွာ ေမာင္ေတာေဒသ၌ ျမန္မာႏိုင္ငံသား တိုင္းရင္းသား လူမ်ဳိးဦးေရ အဆမတန္ နည္းပါးေနျခင္းေၾကာင့္ ျဖစ္ေၾကာင္း၊ အလားတူ ဘဂၤလားေဒ့ရွ္ေရာက္ တိုင္းရင္းသား လူမ်ဳိးမ်ားမွာလည္း လုံၿခဳံေရး စိုးရိမ္ရမႈႏွင့္ စီးပြားေရး အခက္အခဲမ်ား ရွိေနျခင္းတို႔ေၾကာင့္ ျဖစ္ေၾကာင္း၊ တခ်ဳိ႕မွာ မိမိႏိုင္ငံ၊ မိမိတို႔ ေဒသသို႔ ျပန္လည္ အေျခခ် ေနထိုင္လို၍ ယခုကဲ့သို႔ စီစဥ္ရျခင္း ျဖစ္ေၾကာင္း ဦးဝင္းၿမိဳင္က ရွင္းျပသည္။
ဘဂၤလားေဒ့ရွ္ေရာက္ ရခိုင္တိုင္းရင္းသားမ်ားႏွင့္ ရခိုင္မ်ဳိးႏြယ္စုမ်ား၊ တျခား တိုင္းရင္းသားမ်ားက ရခိုင္ေဒသသို႔ သြားေရာက္၍ အေျခခ် ေနထိုင္လိုေသာ္လည္း လက္ရွိအေနအထားအရ လုံၿခဳံေရး စိုးရိမ္ေၾကာင္း၊ ထို႔အတူ မိသားစု၏ ေရရွည္ စား၀တ္ေနေရးကုိလည္း စိတ္ပူပန္ေၾကာင္း ဘဂၤလားေဒ့ရွ္မွ ရခိုင္အမ်ဳိးသားတဦးက ေျပာသည္။
“အဓိက စိုးရိမ္တာ လုံၿခဳံေရးပါ။ အရင္ကလည္း အစိုးရက အဲဒီလိုေျပာေတာ့ ေျပာင္းသြားတဲ့ မိသားစုေတြ ရွိတယ္။ ဒါေပမယ့္ လုံၿခဳံမႈ မရွိေတာ့ ဒီဘက္ ျပန္ေရာက္လာၾကတယ္။ အလုပ္အကုိင္လည္း ရွားပါးေတာ့ ေရရွည္မေနႏိုင္တဲ့ အတြက္ ျပန္လာတယ္။ အစိုးရက လယ္လုပ္ဖို႔ ႏြား ၂ ေကာင္ေပးမယ္ ေျပာၿပီး ၁ ေကာင္ပဲေပးေတာ့ အဆင္မေျပၾကဘူးေပါ့” ဟု ၎က ဆိုသည္။
သို႔ေသာ္လည္း လက္ရွိတြင္ ဘဂၤလားေဒ့ရွ္ေရာက္ ရခိုင္တိုင္းရင္းသားမ်ားႏွင့္ ရခိုင္မ်ဳိးႏြယ္စုမ်ားမွာ ဘဂၤလားေဒ့ရွ္မွ အစြန္းေရာက္ မြတ္စလင္မ်ား၏ ၿခိမ္းေျခာက္ခံရမႈ၊ မြတ္စလင္ လူဦးေရက အဆမတန္ မ်ားျပားေနမႈမ်ားေၾကာင့္ ရခိုင္ႏွင့္ တိုင္းရင္းသား မ်ိဳးႏြယ္စုမ်ားမွာ ရခိုင္ျပည္နယ္သို႔ ေထာင္ေသာင္းခ်ီ၍ ကူးေျပာင္းလာႏိုင္ေျခရွိေၾကာင္း၊ ဘဂၤလားေဒ့ရွ္ဘက္တြင္ ရခိုင္ႏွင့္ ရခိုင္မ်ဳိးႏြယ္စုမ်ား ျဖစ္သည့္ မာရမာႀကီး၊ ၿမိဳ၊ သက္၊ ခမီ၊ ဒိုင္းနက္ စသည့္တိုင္းရင္းသား ဦးေရ သိန္းခ်ီ၍ ေနထိုင္ေၾကာင္း သိရသည္။
ေမာင္ေတာေဒသ၌ မြတ္စလင္ဦးေရ ၆ သိန္းေက်ာ္ရွိၿပီး ရခိုင္ႏွင့္ တျခား တိုင္းရင္းသားဦးေရမွာမူ ၂ ေသာင္းခန္႔သာရွိ၍ ရန္ကုန္တိုင္းရွိ ၿမိဳ႕နယ္မ်ားမွ အိမ္ေျခယာေျခမဲ့မ်ား၊ ရာဇဝတ္မႈျဖင့္ ေထာင္မွ ထြက္လာသူမ်ားကုိ ႏိုင္ငံေတာ္ အစိုးရက ေမာင္ေတာေဒသို႔ ေျပာင္းေရႊ႕၍ နယ္စပ္ေဒသ တိုင္းရင္းသား လူမ်ဳိးမ်ားရြာ (နတလ) စံျပေက်းရြာမ်ား တည္ေဆာက္ေပးထားေၾကာင္း သိရသည္။
“ေမာင္ေတာမွာ ဘဂၤါလီေတြေတြရဲ႕ ရန္ကုိ ေၾကာက္ရသလို ရန္ကုန္ဘက္က ေနရာခ်ေပးထားတဲ့ သူေတြကလည္းပဲ အမ်ားစုက လူဆိုး၊ လူမိုက္ေတြမ်ားေတာ့ သူတို႔ကုိလည္း စိုးရိမ္တယ္။ အဲဒီကိစၥေတြအတြက္ အစိုးရက လုံၿခဳံေရးကုိ ေသခ်ာ တာ၀န္ယူေပးတာ မရွိဘူး” ဟု ၿပီးခဲ့သည့္ႏွစ္ အနည္းငယ္က ေမာင္ေတာသို႔ ေျပာင္းေရႊ႕ အေျခခ်ေနထိုင္သူတဦးက ေျပာသည္။
ဘဂၤလားေဒ့ရွ္ဘက္မွ မၾကာေသးခင္က ေျပာင္းေရႊ႕လာသည့္ မိသားစု ၄၀ ေက်ာ္ကုိ ခေရၿမိဳင္ ေက်းရြာႏွင့္ ေလာင္းတုံ ေက်းရြာတို႔တြင္ ေနရာခ်ေပးထားေၾကာင္း၊ ၎တို႔အတြက္ အိုးခြက္၊ ပန္းကန္မ်ား၊ စားစရာ တခ်ဳိ႕ကုိ အာဏာပိုင္မ်ားက ေထာက္ပ့ံေပးထားေၾကာင္း သိရသည္။
ေမာင္ေတာေဒသသို႔ ေျပာင္းေရႊ႕လိုသည့္ ဘဂၤလားေဒ့ရွ္ေရာက္ တိုင္းရင္းသား မိသားစုမ်ားသည္ ေမာင္ေတာ နယ္စပ္ တာ၀န္ရွိသူမ်ားကုိ ဆက္သြယ္ႏိုင္ေၾကာင္း၊ နယ္စပ္ေဒသ စခန္းမ်ားတြင္ အလြယ္တကူ ေဆာင္ရြက္ေပးႏိုင္ရန္ ႏိုင္ငံေတာ္ အစိုးရက ေဆာင္ရြက္ေပးထားေၾကာင္း၊ ၎တို႔၏ လုံၿခဳံေရးကုိလည္း တာ၀န္ယူ ေဆာင္ရြက္ေပးမည္ျဖစ္ေၾကာင္း ဦး၀င္းၿမိဳင္က ေျပာသည္။
ေမာင္ေတာၿမိဳ႕နယ္ အပါအ၀င္ ရခိုင္ေဒသ၌ ၂၀၁၂ ခုႏွစ္အတြင္း ျဖစ္ပြားခဲ့ေသာ ပဋိပကၡမ်ားႏွင့္ ဘဂၤလားေဒ့ရွ္ ႏိုင္ငံ၊ ပန္၀ါ အရပ္၌ ဗုဒၶဘာသာ၀င္မ်ားအား အၾကမ္းဖက္မႈေၾကာင့္ ဘဂၤလားေဒ့ရွ္ေရာက္ ရခိုင္ႏွင့္ ရခိုင္မ်ဳိးႏြယ္စု တိုင္းရင္းသားမ်ားမွာ ဘဂၤလားေဒ့ရွ္ အစိုးရ၏ အတိုက္အခံပါတီျဖစ္ေသာ ဘဂၤလားေဒ့ရွ္ အမ်ဳိးသားပါတီ (BNP) အာဏာ ရလာပါက ႏိွပ္ကြပ္ခံရမည္ကုိ စိုးရိမ္ေနၾကေၾကာင္း သိရသည္။",2.0,3.0,3.0,5.0,5.0,"The text is a journalistic report on the repatriation of ethnic groups to Maungdaw. It provides factual reporting, quotes, and analysis of socio-political challenges. It is written in natural, formal Burmese, reflecting specific regional and ethnic contexts, and is free of boilerplate or formatting issues."
<urn:uuid:d8795f13-140d-4f26-82f8-fc7469cbd97f>,"ရန္ကုန္ၿမိဳ႕ေတာ္စည္ပင္သာယာေရြးေကာက္ပြဲ အျမန္ဆုးံက်င္းပႏိုင္ဖို႕ ေကာ္မတီ၀င္ကို္ယ္စားလွယ္ေလာင္းေတြကို ဆႏၵမဲေပးေရြးခ်ယ္ရာမွာ ဆႏၵမဲေပးပိုင္ခြင့္ရွိသူ လူဦးေရအေပၚမူတည္ၿပီး သတ္မွတ္ဖို႕အတြက္ ျပင္ဆင္တဲ့ ဥပေဒၾကမ္းကို ရန္ကုန္တုိင္းေဒသႀကီးလႊတ္ေတာ္က အတည္ျပဳခဲ့ပါတယ္။ ရန္ကုန္ၿမိဳ႕ေတာ္စည္ပင္သာယာေရးဥပေဒမွာ ပုဒ္မ(၁၃)မွာပါရွိတဲ့ ေကာ္မတီ၀င္ကို္ယ္စားလွယ္ေလာင္းေတြ ဆႏၵမဲေပးေရြးခ်ယ္ရာမွာ မဲဆႏၵနယ္ေျမ(၆)ခုသတ္မွတ္ေရြးခ်ယ္ရမွာျဖစ္တယ္လို႔ ျပဌာန္းထားခဲ့ျပီး အခုျပင္ဆင္တဲ့ဥပေဒၾကမ္းမွာေတာ့ မဲဆႏၵနယ္ေျမေနရာမွာ ဆႏၵမဲေပးပိုင္ခြင့္ရွိသူလူဦးေရအေပၚမူတည္ၿပီးသတ္မွတ္ဖို႕ ျပင္ဆင္ခဲ့တာျဖစ္ပါတယ္။
ဒါ့ျပင္ ပုဒ္မ(၃၂၄)ရဲ႕ ေနာက္မွာ ပုဒ္မ(၃၂၄)-(က)ကိုလည္း ျဖစ္စြက္ခဲ့ပါတယ္။ ပုဒ္မ(၃၂၄)-(က)အျဖစ္ ရန္ကုန္ၿမိဳ႕ေတာ္ စည္ပင္သာယာေရးဥပေဒအရထုတ္ျပန္တဲ့ ေကာ္မတီအဆင့္ဆင့္ ေရြးေကာက္တင္ေျမွာက္ျခင္းဆိုင္ရာနည္းဥပေဒေတြပါ ျပစ္မႈတစ္ရပ္ရပ္ကို ေဖာက္ဖ်က္က်ဴးလြန္ေၾကာင္း ျပစ္မႈထင္ရွားစီရင္ျခင္းခံရရင္ ထုိသူကို တစ္ႏွစ္ထက္မပိုတဲ့ ေထာင္ဒဏ္ျဖစ္ေစ၊က်ပ္(၁)သိန္းထက္မပိုတဲ့ ဒဏ္ေငြျဖစ္ေစ၊ ဒဏ္(၂)ရပ္လးုံျဖစ္ေစ ခ်မွတ္ရမယ္လို႕ ျဖည့္စြက္ခဲ့တာျဖစ္ပါတယ္။
ရန္ကုန္ၿမိဳ႕ေတာ္ စည္ပင္သာယာေရးဥပေဒကို ျပင္ဆင္သည့္ဥပေဒၾကမ္းကို ေအာက္တိုဘာ(၅)ရက္က ျပဳလုပ္တဲ့တိုင္းေဒသႀကီးလႊတ္ေတာ္အစည္းအေ၀းမွာ တိုင္းေဒသႀကီးလႊတ္ေတာ္ကိုယ္စားလွယ္ ဦးေနဘုန္းလတ္က တင္သြင္းခဲ့တာျဖစ္ၿပီး ေအာက္တုိဘာ(၈)ရက္မွာ ဥပေဒၾကမ္းေကာ္မတီက ျပင္ဆင္တဲ့ဥပေဒၾကမ္းနဲ႕ပတ္သက္လို႕ ေလ့လာစိစစ္ေတြ႕ရွိခ်က္နဲ႕ သေဘာထားမွတ္ခ်က္ေပးခဲ့တာျဖစ္ပါတယ္။ ေအာက္တုိဘာ(၉)ရက္မွာေတာ့ ရန္ကုန္တုိင္းေဒသႀကီးလႊတ္ေတာ္မွာ သေဘာထားမွတ္ခ်က္မ်ားယူကာ လႊတ္ေတာ္က ျပင္ဆင္ထားတဲ့အတိုင္း အတည္ျပဳခဲ့ပါတယ္။
ဒီဥပေဒၾကမ္းကို စည္ပင္ေရြးေကာက္ပြဲေတြ အျမန္ဆုံးေအာင္ျမင္စြာက်င္းပႏိုင္ေရး ရည္ရြယ္တင္သြင္းခဲ့တာလည္း ျဖစ္ပါတယ္။ မဲဆႏၵနယ္ေျမသတ္မွတ္ရတာဟာ အခ်ိန္ယူလုပ္ေဆာင္ရမွာျဖစ္ေနတဲ့အတြက္ ေရြးေကာက္ပြဲျပဳလုပ္ဖို႕ အခက္အခဲျဖစ္ႏိုင္တဲ့အေျခအေနရွိလို႕ ျပန္လည္ျပင္ဆင္ခဲ့တာ ျဖစ္ပါတယ္။",3.0,3.0,3.0,5.0,5.0,"The text provides a clear, factual report on legislative amendments to the Yangon City Development Committee law. It is written in natural, formal Burmese, accurately reflecting local political and legal processes. It is well-structured, coherent, and free of noise, making it suitable for educational purposes regarding civic processes."
<urn:uuid:941c9a55-4f6c-4960-89b3-f079944c67ab>,"iPhone ရောင်းချင်ရင် Charger ထည့်ရောင်းဖို့ ဘရာဇီးအစိုးရက ညွှန်ကြားလိုက်ပါတယ်။
ဘရာဇီးနိုင်ငံမှာ ရောင်းချမယ့် iPhone တွေမှာ Power Adapter အားသွင်းခေါင်းမပါရင် ရောင်းချခွင့်ပိတ်ပင်သွားမယ်လို့ ဘရာဇီးတရားရုံးနဲ့ အများပြည်သူလုံခြုံရေးဝန်ကြီးဌာနက အင်္ဂါနေ့က ထုတ်ပြန်ချက်မှာ ပြောထားပါတယ်။ ဘရာဇီးအစိုးရဟာ Apple ကိုလည်း Charger မပါတဲ့ iPhone ရောင်းချမှုနဲ့ ဘရာဇီး ရီးရယ်ငွေ ၁၂.၂၇၅ သန်း (ပေါင် ၂.၀၄ သန်း) ဒဏ်ရိုက်ထားပါတယ်။ ဘရာဇီးစားသုံးသူရေးရာ အေဂျင်စီ Senacon ကလည်း iPhone သစ်တွေမှာ Charger မထည့်ဖို့ ဆုံးဖြတ်တဲ့ Apple ရဲ့ ဆုံးဖြတ်ချက်ဟာ စားသုံးသူတွေကို မပြည့်စုံတဲ့ ထုတ်ကုန်ရောင်းချပြီး ခွဲခြားမှုလုပ်တယ်လို့လည်း ပြောထားပါတယ်။
Apple အနေနဲ့ ဘရာဇီးအစိုးရရဲ့ ပိတ်ပင်မှုကို အယူခံဝင်သွားဖို့ ရှိပါတယ်။ ကုမ္ပဏီအနေနဲ့ ဘရာဇီးအစိုးရရဲ့ စိုးရိမ်မှုတွေကို ဖြေရှင်းဖို့ ပူးပေါင်းသွားမယ်လို့ ပြောကြောင်း Reuters သတင်းက ဖော်ပြပါတယ် အရင်က ဘရာဇီးမှာဖြစ်ခဲ့တဲ့ အမှုတွေမှာ Apple က တရားခွင်နိုင်ထားခဲ့တာတွေ ရှိပါတယ်။ ""ဖောက်သည်တွေအနေနဲ့ သူတို့ထုတ်ကုန်တွေနဲ့ ချိတ်ဆက်ဖို့ ၊ အားသွင်းဖို့အတွက် ရွေးစရာအမျိုးမျိုး ရှိမှန်းသိကြမယ်လို့ ယုံကြည်ပါတယ်"" လို့ Apple က ပြောပါတယ်။
အခုလို USB Power Adapter မပါတဲ့ iPhone ရောင်းချမှု ပိတ်တာ ၊ ဒဏ်ရိုက်တာတွေက စက်တင်ဘာ ၇ ရက် iPhone 14 နဲ့ Apple Watch နာရီသစ်တွေ ကြေညာမယ့်ရက်မတိုင်ခင် တစ်ရက်အလိုက ညွှန်ကြားလိုက်တာ ဖြစ်ပါတယ်။ ဘရာဇီးစားသုံးသူ ကာကွယ်ရေးအေဂျင်စီဟာ ပြီးခဲ့တဲ့နှစ်ကလည်း Apple ကို ပေါင် ၂ သန်း ဒဏ်ရိုက်ခဲ့ပါတယ်။ အဲ့ဒီအချိန်က ဒဏ်ရိုက်လိုက်တဲ့ အကြောင်းရင်းက iPhone 12 စီးရီးမော်ဒယ်တွေမှာ Charger မပါဘဲ ရောင်းချတာကြောင့် စားသုံးသူဥပဒေကို ချိုးဖောက်တယ်ဆိုပြီး ဒဏ်ရိုက်ခဲ့တာ ဖြစ်ပါတယ်။
Apple ဟာ ၂၀၂၀ ထွက် iPhone 12 စီးရီးက စပြီး iPhone ဗူးတွေထဲမှာ နားကြပ်နဲ့ Power Adapters တွေ ထည့်သွင်းမှု ရပ်ဆိုင်းခဲ့တာပါ။ ကာဗွန်ထုတ်လုပ်မှုလျှော့ချနိုင်ရေးဆိုတဲ့ အကြောင်းပြချက်နဲ့ iPhone သစ်တွေအပါအဝင် Apple Watch ဗူးသစ်တွေမှာပါ Power Adapters တွေ ဖယ်ရှားခဲ့ပါတယ်။ Apple ရဲ့ သဘာဝပတ်ဝန်းကျင် ၊ မူဝါဒရေးရာနဲ့ လူမှုဆိုင်ရာ ဒုဥက္ကဌဖြစ်သူ လီဆာ ဂျက်ခ်ဆင်က ကမ္ဘာပေါ်မှာ တရားဝင် Apple Power Adapters ပေါင်း ၂ ဘီလျံကျော် ရောက်ရှိနေပြီလို့ ဆိုပါတယ်။
ဒါပေမယ့်လည်း Senacon အဖွဲ့ကတော့ သဘာဝပတ်ဝန်းကျင်တည်တံ့ရေးအတွက် iPhone ဗူးတွေမှာ USB Power Adapters တွေ ဖယ်ရှားလိုက်ရုံနဲ့ မလုံလောက်ဘူးလို့ ပြောပါတယ်။ Charger တွေ ဖယ်ရှားလိုက်လို့လည်း သဘာဝပတ်ဝန်းကျင်အတွက် အကျိုးများတယ်ဆိုတဲ့ သက်သေမရှိသေးဘူးလို့လည်း Senacon အဖွဲ့က ဆိုပါတယ်။ ကုမ္ပဏီအနေနဲ့ သဘာဝပတ်ဝန်းကျင်ပေါ် သက်ရောက်မှု လျှော့ချချင်ရင် USB-C cables နဲ့ Charger တွေ ပြောင်းသုံးပြီး လျှပ်စစ်အမှိုက် e-Waste လျှော့ချတဲ့ နည်းလမ်းကို စဉ်းစားသင့်တယ်လို့လည်း အဖွဲ့က အကြံပြုပါတယ်။
ဥရောပသမဂ္ဂ EU ဟာ ဒီနှစ်ထဲမှာ လျှပ်စစ်ထုတ်ကုန်တွေအတွက် ဘုံ USB-C အားသွင်းကြိုးစနစ် သုံးစွဲရေးစီမံကိန်းကို အတည်ပြုလိုက်ပါတယ်။ နောက်နှစ်ကစပြီး ဥရောပမှာ ရောင်းသမျှ စမတ်ဖုန်းတွေဟာ USB-C Port ကို သုံးရတော့မှာ ဖြစ်ပါတယ်။",3.0,3.0,2.0,5.0,3.0,"The text provides a clear, factual report on a consumer rights issue involving Apple in Brazil. It is well-structured, coherent, and uses natural Burmese. It explains the conflict between corporate environmental policy and consumer protection laws, offering a balanced overview suitable for general educational purposes."
<urn:uuid:851d6348-62e2-4b4a-b1ce-cff013447649>,"နည္းဗ်ဴဟာ
၂၀၁၅လည္းတျဖည္းျဖည္းနီးကပ္လာသည္ႏွင့္အမွ် အသြင္ေျပာင္းအာဏာရွင္တို႕၏ ယုတ္မာေသာ လုပ္ရပ္မ်ားကလည္း တျဖည္းျဖည္းအကြက္စိတ္လာသည္ကို ေသေသခ်ာခ်ာေလ့လာၾကည့္လွ်င္ေတြ႕ရမည္ျဖစ္သည္။ ဘာသာေရးအဓိကရုဏ္း မ်ားဖန္တီးျပီး တဖြဲ႕ႏွင့္တဖြဲ႕သတ္ျဖတ္ေနၾကသည္ကို ေဘးမွ ဒူးႏွံ႕ထိုင္ၾကည့္ျပီး ေနာက္ဆံုးတြင္မွ သူတို႕ကပဲ လူေတြအား လံုးအတြက္ဝင္ကယ္တင္ေယာင္လုပ္သလိုလုိ အရွက္မဲ့ၾကြားဝါမႈေတြကိုေတြ႕ရမည္ျဖစ္သည္။ ေရြးေကာက္ပြဲမဲအႏိုင္ရေစ ဘို႕မတရားလုပ္ႏိုင္ရန္အတြက္ ကဒ္အျဖဴမ်ားကို အတင္းထုတ္ေပးျပီး သူတို႕ကို မဲ့ေပးဘုိ႕လုပ္ခဲ့တာမ်ိဳးကို ေမ့ထားျပီး အ တိုက္အခံေတြအာဏာရလာလွ်င္ျဖင့္ ျမန္မာႏိုင္ငံၾကီး ဘာသာေျပာင္းသြားေတာ့မေယာင္ေယာင္ ေလသံလဲလႊင့္လာျပန္ သည္။ သာသနာကိုဘယ္ေလာက္ျမတ္ႏိုးသည့္အစိုးရလဲဆိုတာကို သံဃာ့အေရးအခင္းတြင္ သံဃာေတာ္မ်ားကို ရက္ စက္စြာအၾကမ္းဖက္ခဲ့ျခင္း၊ လက္ပန္းေတာင္အေရးကိစၥတြင္ သာသနာ့အထိမ္းအမွတ္တခုကို မပ်က္စီးေစေရးအတြက္ ထိမ္းသိမ္းေစာင့္ေရွာက္ရန္အတြက္ၾကိဳးပမ္းေနၾကေသာ သံဃာေတာ္မ်ားအပါအဝင္ေအးခ်မ္းစြာဆႏၵျပေနသူမ်ားကို မီးေလာင္ဗံုးမ်ားျဖင့္မညွာမတာတိုက္ခိုက္ျခင္းတို႕ျဖင့္လဲ သာသနာကိုအေလးထားေၾကာင္းျပခဲ့သည္။ ထိုသို႕လုပ္ခဲ့ၾကသူ မ်ားျဖစ္ေနသည္ကိုသိလွ်က္ႏွင့္ သူတို႕၏လက္ပါးေစအရိုးအရင္းကိုက္သာသနာအေရျခံဳတို႕က ထိုသူမ်ားခိုင္းေစသည့္ အတိုင္း ဘာသာေရးမုန္းတီးရန္ႏွင့္ လူမ်ိဳးေရးအဓိကရုဏ္းမ်ား ဖန္တီးျပီး သူတို႕အရွင္သခင္မ်ား၏ မစင္အနံ႕အတြက္ အျမွီး နန္႕ကာေနၾကသည္။ ထိုသာသနာ့အေရျခံဳျပီး အမ်ိဳးဘာသာသာသနာေစာင့္ထိမ္းေရးအတြက္ဆိုကာ မစင္အတြက္ အျမွီး နန္႕ေနသူမ်ားက သာသနာအတြက္၊ အမ်ိဳးဘာသာအတြက္ အဘယ္မွ် အေလးထားၾကသည္ကို သတိထားၾကည့္ရႈရန္လို ေပသည္။ လူထုခံစားေနရေသာေဝဒနာမ်ား၊ မတရားမႈမ်ားအတြက္ ရပ္တည္ေထာက္ျပေဝဖန္ေနသူမ်ားကိုေတာ့ ေဟာ ေျပာပြဲပိတ္ရသည္ႏွင့္အေႏွာင့္အယွက္အဖံုဖံုေပးရသည္ႏွင့္လုပ္ေလ့ရွိေသာ မသမာေကာင္မင္းသားေခါင္းေဆာင္းဘီလူး သဘက္မ်ားက သာသနာ့အေရျခံဳျပီး ျမတ္စြာဘုရား၏တရားေတာ္မ်ားကို ေျခႏွင့္နင္းေျခဖ်က္ကာ သတ္ျဖတ္မုန္းတီးေရး ေဟာေျပာေနသည့္သူမ်ားကိုေတာ့ ၾကိဳက္သလိုေဟာေျပာခြင့္မ်ားျပဳရံုမက အကူအညီမ်ားလည္း ထိုက္ထိုက္တန္တန္ ေပး တတ္ၾကေသးသည္။ သူတပါးအသက္မသတ္ပဲေမတၱာတရားေရွ႕ရႈရန္ေဟာၾကားေတာ္မူသည့္ ျမတ္စြာဘုရားသခင္၏ အ ဆိုအမိန္႕မ်ားကို မထီမဲ့ျမင္ျပဳျပီး ဓါးကိုင္ ရက္ရက္စက္စက္ခုတ္ျဖတ္သတ္ေနသူအေယာင္ေဆာင္မ်ားက ျပည္သူ႕အတြက္ အကာအကြယ္ေပးရမည္ျဖစ္ေသာ္လည္း ဘာမွညႊန္ၾကားခ်က္မရ၍ဘာမွမလုပ္ပဲ ငုတ္တုတ္ထိုင္ၾကည့္ၾကသည့္ ရဲမ်ားေရွ႕ တြင္ လူ႕သားအခ်င္းခ်င္း ခုတ္ထစ္သတ္ျဖတ္အရွင္လတ္လတ္မီးရိႈ႕လုပ္ေနသည္ကို ဖမ္းဆီးျခင္း၊ ဟန္႕တားျခင္းမလုပ္ခဲ့ ျခင္းတို႕ကပင္ ထိုသာသနာအေရျခံဳမ်ားႏွင့္ ယခုအစိုးရအၾကားအဘယ္မွ် ပူးေပါင္းလုပ္ေဆာင္ေနၾကသည္ကို ထင္ရွား ေစ ခဲ့သည္။
အမ်ိဳးဘာသာ၊ သာသနာေစာင့္ေရွာက္ထိမ္းသိမ္းေရးဆိုသူ သူတပါးမစင္ျဖင့္အသက္ရွင္ၾကသူတို႕က သာမညဆရာေတာ္ ကဲ့သို႕ဆရာေတာ္ၾကီးမ်ား၏ရုပ္ကလာဘ္ကိုပင္ ေဇာ္ဂ်ီဖိုဝင္သားဆိုျပီး မီးကင္စားဘို႕အတြက္ ဗံုးခြဲလုယူသြားသူတို႕၏ အ ေစအခိုင္းခံျပီး ထိုသူမ်ားေျပာရာလိုက္လုပ္ေနျခင္းမွာ သာသနာကို အလြန္ထိခိုက္ေစသည္။ သာသနာ့သားေတာ္ ရဟန္း ရွင္လူမ်ားကို မီးေလာင္တိုက္တြင္း၊ ပစ္ခတ္သတ္ျဖတ္မႈလုပ္သည့္ ဒီအစိုးရဆိုသူမသမာေကာင္မ်ားအတြက္ အလုပ္လုပ္ ေပးေနျခင္းကပင္လွ်င္ သာသနာဖ်က္ဆီးေရးကို ထိုသူမ်ားမည္မွ် စီမံခ်က္ျပည့္ျပည့္ဝဝႏွင့္ လုပ္ေဆာင္ေနသည္မွာ ထင္ရွား လွပါသည္။ ထိုသို႕သာသနာ့အေရျခံဳ၊ အမုန္းစိတ္ဓါတ္ရိုက္သြင္းျပီး၊ သာသနာကိုေစာ္ကားဖ်က္ဆီးေနသည့္ အမ်ိဳးဘာသာ သာသနာထိမ္းသိမ္းေရးဆိုေသာ အေရျခံဳမ်ားကို ဆြမ္းကပ္လွဴမႈရပ္ဆိုင္းျခင္း၊ ထိုသူမ်ားကို က်ဥ္ဖယ္ျခင္းတို႕မလုပ္ၾကပဲ ႏႈတ္ဆိတ္ေနၾကလွ်င္ မိမိတို႕အားလံုး တစိတ္တဥာဏ္တည္းဟု သတ္မွတ္ခံရလာစရာ၇ွိပါသည္။ ထိုသို႕သာသနာ့ အေရျခံဳ ျပီးသာသနာေတာ္ကို ဖ်က္ဆီးရန္လုပ္ေနၾကသူမ်ားကို ဖယ္ရွားျပီး အႏွစ္သာရရွိေသာ သာသနာ ထိမ္းသိမ္း ေစာင့္ေရွာက္ေရးကို လုပ္ၾကမွသာလွ်င္ သာသနာတည္ျငိမ္အဓြန္႕ရွည္မည္ျဖစ္ပါသည္။ (အညၾတ)",1.0,3.0,3.0,3.0,4.0,"The text is a political opinion piece regarding Burmese religious and political tensions. It uses complex, argumentative reasoning to link government actions with religious groups. While it lacks academic neutrality, it is written in natural, culturally specific Burmese, reflecting local political discourse and terminology. It is coherent but contains strong bias, limiting its educational utility."
<urn:uuid:f00746a1-2675-4ae0-b985-b2c76a2883b1>,"စက်တင်ဘာ ၊ ၄ ၊ ၂၀၂၁
ရွှေဘုန်းမြတ်စံ (VOM)
မကွေးတိုင်း ၊ မင်းဘူးခရိုင် ၊ ပွင့်ဖြူမြို့နယ်နဲ့ စေတုတ္တရာမြို့နယ်ဘက်တွေမှာ လတ်တလောတွေ့နေရတယ်ဆိုတဲ့ ကျားခြေရာတွေနဲ့ ပတ်သက်ပြီး အင်တာနက် လူမှုကွန်ရက် စာမျက်နှာပေါ်မှာ ပြန့်နှံ့လာတဲ့အတွက် ဒေသခံ တောင်သူတွေ အထိတ်တလန့် မဖြစ်စေဖို့ သားငှက်ထိန်းသိမ်းရေးနှင့် သုတေသန အဖွဲ့ရဲ့ လေ့လာစမ်းစစ်ချက်တွေ ပြုလုပ်ခဲ့တယ်လို့ မကွေးတိုင်း တကစ တာဝန်ရှိသူတွေရဲ့ ပြောပြချက်အရ သိရပါတယ်။
အဲ့ဒီ လေ့လာစမ်းစစ်ချက်မှာ အဖြေ ၂ မျိုးရရှိတယ်လို့ သိရပါတယ်။
” ပွင့်ဖြူနယ်မှာတွေ့ရတဲ့ ခြေရာကို စမ်းစစ်ချက်အရ ကျားဆိုတာ အတည်ပြုလို့ရတယ် ၊ စေတုတ္တရာနယ်ဘက်က ခြေရာကတော့ ကျားမျိုးနွယ်ဝင် ခြေရာ မဟုတ်ဘူးဆိုတာ ပြောလို့ရတယ် ၊ အခြားတိစ္ဆာန် ခြေရာပါ ” လို့ သားငှက်ထိန်းသိမ်းရေး သုတေသန ပညာရှင် တစ်ဦးက သူ့ရဲ့ လေ့လာစမ်းချက် အဖြေကို ပြောပါတယ်။
အဲ့ဒီ သားငှက်ထိန်းသိမ်းရေးနဲ့ သုတေသန ပညာရှင် ဆက်ပြီးပြောတာက
” ကျားဆိုတာ ကြောင်ရိုင်းမျိုးရင်း အုပ်စုမှာ ပါဝင်တယ် ၊မြန်မာနိုင်ငံမှာ ကြောင်ရိုင်းမျိုးရင်းအုပ်စု ၈ မျိုးရှိတယ် ၊ အဲ့ဒါတွေက ကျား ၊ ကျားသစ် ၊ အင်းကျား ၊ ကြောင်မင်း( ကျားမင်း) ၊ ကြောင်တံငါ ၊ ကြောင်သလင်း ၊ သစ်ကြောင်နဲ့ တောကြောင်ဆိုပြီးဖြစ်တယ် ၊ ကြောင်ရိုင်းတွေမှာက ကြောင်တံငါကလွဲပြီး အခြား ကြောင်ရိုင်းတွေက ခြေရာထင်ကျန် တတ်တဲ့အလေ့မရှိဘူး ၊ သူ့ ခြေရာက ထူးတယ် ခြေသည်း ၄ ချောင်အရာပဲ ထင်ကျန်တယ် ၊အရွယ်ရောက်တဲ့ ကျားခြေရာက ဖနောင့်အကျယ် နေရာက အနည်းဆုံး ၈ စင်တီမီတာ အကျယ်အဝန်းရှိတယ် ၊ခြေရာကိုကြည့်ပြီး လိင်ပါခွဲခြားလို့ရနိုင်တယ် ၊ ကျားအထီးရဲ့ ခြေရာက လုံးဝိုင်းတုတ်ခိုင်ပြီး ၊ ကျားအမရဲ့ခြေရာက သွယ်လျတယ် ၊ မိခင်နဲ့ သားမခွဲသေးတဲ့ ကျားပေါက်လေးတွေရဲ့ ခြေရာကတော့ အများဆုံးလွဲမှား တတ်တာက ကျားသစ်ခြေရာနဲ့ဖြစ်တယ် ”
ဒါ့အပြင် မြန်မာနိုင်ငံမှာ ကမ္ဘာ့အသိအမှတ်ပြု့ကျားတွေကျက်စားနိုင်တဲ့နေရာနဲ့ ကျားတွေရှိနိုင်တဲ့ နေရာက ၂ ခုရှိတယ် ၊ အဲ့ဒါက Tiger Conservation Landscape (TCL) 37 နဲ့ 19 ဆိုပြီးဖြစ်တယ်လို့ သိရပါတယ် ။
အဲ့ဒီ TCL ၂ မျိုးကတော့ TCL 37 နယ်နိမိတ်တွေက ကချင် ၊ စစ်ကိုင်း ၊ ချင်း ၊ ရခိုင် သစ်တောဆက်စပ်နေရာတွေဖြစ်ပြီး TCL 19 ကတော့ ကယား- ကရင်- မွန်- တနင်္သာရီ ဆက်စပ်တောနယ်မြေ တွေဖြစ်ပါတယ် ။
အဲ့ဒါကြောင့် ပွင့်ဖြူနယ်ဘက်မှာ တွေ့ရှိရတဲ့ ခြေရာဟာ TCL 37 က ကျားခြေရာဖြစ်တယ်လို့ သိရပြီး၊ စေတုတ္တရာနယ်ဘက်က တွေ့ရတဲ့ ခြေရာကိုတော့ တောခွေးအ တွေရဲ့ ခြေရာဖြစ်မယ်လို့ ယူဆထားကြောင်း သိရပါတယ် ။
ပြီးခဲ့တဲ့ သြဂုတ် နောက်ဆုံးအပတ်က ပွင့်ဖြူမြို့နယ် ကျောင်းကုန်းရွာက အသက် ၅၅ နှစ်အရွယ် နွားကျောင်းသား ဦးစန်းဝင်းဆိုသူဟာ ကျားကုတ်ခံရတဲ့အတွက် ပွင့်ဖြူဆေးရုံမှာ လက်ရှိ ဆေးကုသနေဆဲဖြစ်တယ်လို့ သိရပါတယ်။
#voiceofmyanmar #VOM #ကျားခြေရာ #ပွင့်ဖြူ #စေတုတ္တရာ
Photoး သစ်တောရေးရာနဲ့ သဘာဝ ပတ်ဝန်းကျင်းထိန်းသိမ်းရေးဌာန ၊ ကျားသုတေသန ဌာန",3.0,3.0,2.0,5.0,5.0,"The text provides educational information about wildlife identification and conservation landscapes in Myanmar. It uses logical steps to differentiate animal tracks and explains regional context. It is written in natural, professional Burmese journalistic style, free of noise, and reflects local geographical and social realities accurately."
<urn:uuid:42baabff-0915-4763-986a-c1a4f8e6150a>,"ျမန္မာႏိုင္ငံနဲ႔ပတ္သက္လို႔ အေမရိကန္ျပည္ေထာင္စုအေနနဲ႔ ေရွ႕ဆက္ ဘယ္လို တုံ႔ျပန္ေျခလွမ္း လွမ္းသြားမလဲ ဆိုတာေတြကို ျမန္မာ့အိမ္နီးခ်င္း မိတ္ေဆြႏိုင္ငံေတြကို ရွင္းျပဖို႔အတြက္ အထူးကိုယ္စားလွယ္ ဒဲရက္မစ္ခ်ဲလ္ဟာ တ႐ုတ္၊ ဂ်ပန္နဲ႔ ေတာင္ကိုရီးယားႏိုင္ငံေတြကို သြားေရာက္တာျဖစ္ပါတယ္လို႔ အေမရိကန္ ႏိုင္ငံျခားေရးဌာနက ေျပာပါတယ္။ ဒါဟာ ျမန္မာ့ဒီမိုကေရစီေရးအတြက္ အေမရိကန္ျပည္ေထာင္စုအေနနဲ႔ ခ်ဥ္းကပ္ေဆာင္ရြက္ရာမွာ ျမန္မာ့အိမ္နီးခ်င္းေတြနဲ႔ပါ ပူးတဲြေဆာင္ရြက္လိုေၾကာင္း ေဖာ္ျပတဲ့ ခရီးစဥ္တစ္ခုလို႔ ယူဆရမွာပါ။ ကိုသားညႊန္႔ဦးက အစီရင္ခံထားပါတယ္။
အေမရိကန္ျပည္ထာင္စုအေနနဲ႔ ျမန္မာ့အေရး ေဆာင္ရြက္တဲ့ေနရာေတြမွာ ေဒသတြင္းက မိတ္ေဆြ ႏိုင္ငံေတြနဲ႔ပါ ညိႇႏိႈင္းေဆာင္ရြက္သြားမယ္လို႔ အရင္ေျပာထားတဲ့အတိုင္း ေရွ႕ဆက္ အေမရိကန္ျပည္ေထာင္စု အေနနဲ႔ ျမန္မာ့အေရးကို ဘယ္လို ကိုင္တြယ္တုံ႔ျပန္သြားမလဲ ဆိုတာ အခု မစၥတာဒဲရက္မစ္ခ်ဲလ္ ခရီးစဥ္ကေန ညိႇႏိႈင္းအသိေပးလိုတဲ့သေဘာ ျဖစ္ပါတယ္။ အေမရိကန္ျပည္ေထာင္စုရဲ႕ ျမန္မာႏိုင္ငံဆိုင္ရာ မူ၀ါဒ ညိႇႏိႈင္းေရးမွဴး ဒဲရက္မစ္ခ်ဲလ္ဟာ ဒီခရီးစဥ္အတြင္းကေန တ႐ုတ္၊ ဂ်ပန္၊ ေတာင္ကိုရီးယားအစိုးရေတြနဲ႔ ေတြ႔ဆံုညိႇႏိႈင္းၿပီး ျမန္မာ့ႏိုင္ငံအေရးကို ဘယ္လို ပူးေပါင္း ေဆာင္ရြက္မလဲ ဦးေဆာင္လုပ္သြားႏိုင္မယ့္ အခြင့္အလမ္းရရိွမွာ ျဖစ္တယ္လို႔ ႏိုင္ငံျခားေရးဌာန ေျပာခြင့္ရသူ ဗစ္တိုးရီးယားႏ်ဴလန္ (Vitoria Nuland) က ေျပာသြားပါတယ္။
“ဘာေတြ ေဆာင္ရြက္သြားမလဲဆိုတာ ႀကိဳေဆြးေႏြးၿပီးသားေတာ့ရိွပါတယ္။ ဒါေပမဲ့ မသြားခင္ ဆံုးျဖတ္တာ မရိွခဲ့ပါဘူး။ ျမန္မာျပည္ေရာက္ေတာ့မွ အေမရိကန္ျပည္ေထာင္စုအေနနဲ႔ ဘာေတြ အေကာင္အထည္ေဖာ္ တုံ႔ျပန္မလဲဆိုတာကို ဆံုးျဖတ္ခဲ့ပါတယ္။ ဒါေၾကာင့္ အခု အထူးကိုယ္စားလွယ္ ဒဲရက္မစ္ခ်ဲလ္ဟာ ေဒသတြင္းမွာရိွတဲ့ မိတ္ေဆြႏိုင္ငံေတြနဲ႔ သြားေရာက္ေတြ႔ဆံုၿပီး အေမရိကန္ဘက္က ဒီေျခလွမ္းေတြကို ဘာေၾကာင့္လုပ္တယ္၊ ဒီအတြက္လဲ ဘယ္လို ေမွ်ာ္လင့္ထားတယ္ ဆိုတာေတြကို ရွင္းျပရင္း ျမန္မာ့အေရး ညိႇႏိႈင္းေဆြးေႏြးသြားဖို႔ ျဖစ္ပါတယ္။”
အေမရိကန္ျပည္ေထာင္စု အေနနဲ႔ ဆံုးျဖတ္ၿပီးသား ျမန္မာ့အေရး ေျခလွမ္းေတြ ဘာလဲဆိုတာ မေျပာေပမဲ့လို႔ ႏိုင္ငံျခားေရး၀န္ႀကီး ကလင္တန္ ျမန္မာျပည္မွာ ေျပာသြားခဲ့စဥ္ အကူအညီ အေထာက္အပံ့အခ်ိဳ႕ ေပးမယ္ဆိုတဲ့ ကိစၥေတြအေပၚမွာလည္း မစၥတာဒဲရက္မစ္ခ်ဲလ္အေနနဲ႔ ထည့္သြင္း ေဆြးေႏြး ရွင္းျပဖြယ္ ရိွပါတယ္။
ျမန္မာ့အိမ္နီးခ်င္း အင္အားႀကီး တ႐ုတ္နဲ႔ဆက္ဆံေရးပိုင္းမွာေတာ့ ျမန္မာကိစၥနဲ႔ပတ္သက္ၿပီး ဆက္ဆံေရး ထိပ္တိုက္ေတြ႔စရာ မရိွဘူးလို႔ အေမရိကန္ျပည္ေထာင္စုက ယူဆပါတယ္။ အေမရိကန္အေနနဲ႔ တ႐ုတ္-ျမန္မာဆက္ဆံေရး ေကာင္းမြန္တာကို ျမင္ေတြ႔လိုသလိုပဲ အေမရိကန္ျပည္ေထာင္စုရဲ႕ သေဘာထားအျမင္ မူ၀ါဒေတြကိုလည္း တ႐ုတ္ကို ပြင့္ပြင့္လင္းလင္း အသိေပး ေဆာင္ရြက္သြားမယ္လို႔ အေမရိကန္ ႏိုင္ငံျခားေရးေျပာခြင့္ရသူက ေျပာပါတယ္။
အဓိကအခ်က္ကေတာ့ အေမရိကန္ျပည္ေထာင္စုအေနနဲ႔ ျမန္မာႏိုင္ငံ အနာဂတ္ႏိုင္ငံေရးကို ပိုၿပီး အေလးေပးၿပီး တိုးတက္လာတဲ့ အေျခအေန တစ္ခုခ်င္းအတြက္ ေျခလွမ္းတစ္လွမ္းခ်င္း တုံ႔ျပန္သြားမယ္ဆိုတဲ့ သေဘာထား ရိွတယ္လို႔ ႏိုင္ငံျခားေရးေျပာခြင့္ရသူ ဗစ္တိုးရီးယားႏ်ဴလန္က ေျပာပါတယ္။
“ျမန္မာျပည္ရဲ႕ ဒီမိုကေရစီအနာဂတ္ကို ရႈျမင္လိုပါတယ္။ လြတ္လပ္ၿပီး မွန္ကန္တဲ့ ေရြးေကာက္ပဲြေတြမွာ ျမန္မာျပည္သူေတြ ပါ၀င္ပတ္သက္ခြင့္ရတာကို ျမင္လိုပါတယ္။ ဒီေရြးေကာက္ပဲြမွာ ေဒၚေအာင္ဆန္းစုၾကည္ လည္း ပါ၀င္လိုရင္ ပါ၀င္ခြင့္ရတာကို ျမင္လိုပါတယ္။ ႏိုင္ငံေရးအက်ဥ္းသားေတြနဲ႔ ပတ္သက္လို႔ကေတာ့ ႏိုင္ငံျခားေရး၀န္ႀကီးကလင္တန္ ေျပာခဲ့သလိုပါပဲ။ တစ္ေယာက္ဆိုတစ္ေယာက္ လႊတ္တာဟာ အေရးႀကီးပါတယ္။ ဒုကၡသည္ေတြ ေနရပ္ကို ျပန္လာႏုိင္ဖို႔အတြက္လည္း ျမန္မာႏုိင္ငံတြင္း အမ်ိဳးသား ျပန္လည္သင့္ျမတ္ေရးအတြက္ ေဆာင္ရြက္ဖို႔ လိုအပ္တယ္ဆိုတာကိုလည္း အေမရိကန္ျပည္ေထာင္စုက ရွင္းရွင္းလင္းလင္း ေျပာထားပါတယ္။”
မစၥတာဒဲရက္မစ္ခ်ဲလ္ဟာ ၿပီးခဲ့တဲ့ ႏိုင္ငံျခားေရး၀န္ႀကီးကလင္တန္ရဲ႕ ျမန္မာျပည္ခရီးစဥ္အတြင္းမွာ အနီးကပ္ပါသြားခဲ့သူ ျဖစ္ပါတယ္။ ဒါေၾကာင့္လဲ ႏိုင္ငံျခားေရး၀န္ႀကီးကလင္တန္ ခရီးစဥ္ကိစၥကိုလည္း ျမန္မာအိမ္နီးခ်င္းမိတ္ေဆြ ႏိုင္ငံေတြကို ရွင္းျပလိမ့္မယ္လို႔ ေမွ်ာ္လင့္ရပါတယ္။ အေမရိကန္သမၼတ ဘရက္အိုဘားမားဟာ အင္ဒိုနီးရွား ဘာလီကၽြန္း အာဆီယံအစည္းအေ၀း လာေရာက္စဥ္မွာ သူ႔အေနနဲ႔ ႏိုင္ငံျခားေရး၀န္ႀကီးကလင္တန္ကို ျမန္မာျပည္ကို ေစလႊတ္မယ္ဆိုတဲ့အေၾကာင္းနဲ႔ ဘာေၾကာင့္ အခုလို သြားေရာက္မယ္ ဆိုတာကိုေတာ့ သမၼတအိုဘားမားကိုယ္တိုင္ အဲဒီမွာ တရား၀င္ရွင္းလင္းခဲ့ဖူးပါတယ္။",3.0,3.0,3.0,5.0,4.0,"The text is a well-structured news report about US-Myanmar diplomatic relations. It provides clear, coherent information suitable for educational purposes regarding international relations. It uses standard Burmese journalistic language and accurately reflects the political context of the time, though it is a straightforward report rather than an analytical essay."
<urn:uuid:6460c301-e920-41f2-b26b-89d84915bc68>,"ၿခိမ္းေျခာက္မႈမ်ားေၾကာင့္ ‘အမိုးမရွိတဲ့ေကာင္းကင္’ မွတ္တမ္း႐ုပ္ရွင္ မျပျဖစ္ေတာ့
လူ႔အခြင့္အေရး၊ လူ႔ ဂုဏ္သိကၡာ ႏိုင္ငံတကာ႐ုပ္ရွင္ပြဲေတာ္တြင္ ျပသမည့္ ‘အမိုးမရွိတဲ့ ေကာင္းကင္’ (Open the Sky)မွတ္တမ္း႐ုပ္ရွင္ႏွင့္ ပတ္သက္၍ အြန္လိုင္းမွ ၿခိမ္းေျခာက္မႈမ်ားေၾကာင့္ ႐ုပ္ရွင္ပြဲေတာ္တြင္ ျပသေတာ့မည္မဟုတ္ေၾကာင္း ဒါ႐ိုက္တာမင္းထင္ကိုကိုႀကီးက ေျပာၾကားသည္။
‘‘႐ုပ္ရွင္ပြဲေတာ္လုပ္တာက ပဋိပကၡေတြ ဖန္တီးဖို႔အတြက္ လုပ္ေနတာမဟုတ္ဘူး။ ဒါေပမဲ့ ပဋိပကၡေတြ၊ လူေတြၾကားထဲမွာ အမုန္းပြားစရာကိစၥေတြျဖစ္လာမယ္ဆုိရင္ေတာ့ ကိုယ္တုိင္လည္း အျဖစ္မခံႏုိင္ဘူး။ အဲဒီလိုျဖစ္ဖို႔ ရည္ရြယ္ခ်က္လည္းမရွိဘူးဆို ေတာ့ ဒီ႐ုပ္ရွင္ျပသဖို႔ကိစၥကို ႐ုပ္သိမ္းခဲ့တာပါ’’ဟု ၎က ေျပာသည္။
ထို ‘အမိုးမရွိတဲ့ေကာင္းကင္’ မွတ္တမ္း႐ုပ္ရွင္မွာ မိတၳီလာ လူမ်ိဳးေရး၊ ဘာသာေရး အဓိက႐ုဏ္းတြင္ အိမ္ဖ်က္ဆီးခံရေသာ မြတ္စလင္အေဒၚျဖစ္သူထံ တူမက သြားေရာက္ခဲ့ပံုႏွင့္ ပဋိပကၡအေပၚ အေဒၚ၏အျမင္ႏွင့္ ပဋိပကၡအတြင္း ၎ကိုအကူအညီေပးခဲ့ေသာ ဗုဒၶဘာသာဝင္ မိတ္ေဆြတစ္ဦးႏွင့္ ၎တုိ႔ ႏွစ္ဦးၾကား ထားရွိေသာ ခင္မင္မႈေမတၱာတရားကို ႐ိုက္ကူးတင္ျပထားသည့္ မွတ္တမ္း႐ုပ္ရွင္ျဖစ္ေၾကာင္း ႐ုပ္ရွင္ပြဲေတာ္ ဇာတ္လမ္းအၫႊန္းတြင္ ေဖာ္ျပထားသည္။
ယင္းမွတ္တမ္း႐ုပ္ရွင္ဇာတ္ကားသည္ ဆင္ဆာခြင့္ျပဳခ်က္ရရွိထားၿပီးေသာ ဇာတ္ကားတစ္ခု ျဖစ္ေသာ္လည္း အြန္လိုင္းမွတစ္ဆင့္ ၿခိမ္းေျခာက္မႈမ်ား ျပဳလုပ္ခံခ့ဲရေသာေၾကာင့္ ဇြန္ ၁၅ ရက္ညက ႐ုပ္ရွင္ပြဲေတာ္ျဖစ္ေျမာက္ေရးအဖြဲ႕မ်ားႏွင့္ တုိင္ပင္ကာ ျပသျခင္းမျပဳေတာ့ရန္ ဆံုးျဖတ္ခဲ့သည္ဟု ဒါ႐ိုက္တာ မင္းထင္ကိုကိုႀကီးက ေျပာသည္။
‘‘အမိုးမရွိတဲ့ေကာင္းကင္’’ ဇာက္ကားက မိနစ္ႏွစ္ဆယ္ေလာက္ရွိတဲ့ မွတ္တမ္း႐ုပ္ရွင္ေလးပါ။ လူငယ္ေလးေတြ ႐ိုက္ထားတာပါ။ ဘာသာမတူတဲ့ အိမ္နီးနားခ်င္းႏွစ္ေယာက္ တစ္ေယာက္အေပၚတစ္ေယာက ္ကူညီပံု၊ ေစာင့္ေရွာက္ပံု၊ ခ်စ္ခင္ပံုေတြနဲ႔ ခ်စ္ျခင္းေမတၱာေတြကို ခံစားရမယ့္ ႐ုပ္ရွင္ေလးပါ။ အမုန္းတရားေတြကိုပြားေစမယ့္ ႐ုပ္ရွင္ေတာ့မဟုတ္ပါဘူး’’ဟု ၎က ေျပာသည္။
လူမႈကြန္ရက္ေဖ့စ္ဘြတ္ခ္တြင္မူ ယင္းဇာတ္ကားသည္ မိတၳီလာအေရးအခင္းတြင္ မြတ္စလင္မ်ားကို ဗုဒၶဘာသာဝင္မ်ားက အႏိုင္က်င့္ေနသည္ဟု တစ္ဖက္သတ္ဝါဒျဖန္႔ေသာဇာတ္ကားျဖစ္ေသာေၾကာင့္ ဝုိင္းဝန္းကန္႔ကြက္ၾကရန္ ေရးသားျဖန္႔ေဝလ်က္ရွိသည္။",2.0,2.0,2.0,5.0,5.0,"The text is a well-written, clean news report about a documentary film controversy in Myanmar. It provides factual reporting on social tensions and censorship, requiring basic comprehension. It is culturally authentic, using natural Burmese phrasing and reflecting local socio-political contexts regarding religious conflict and public discourse."
<urn:uuid:c05c24c0-875b-49e1-949f-c0d720678452>,"လူတစ်ယောက် ကံကောင်းချင်လာပြီဆိုရင် ဒီလိုတွေဖြစ်လာမယ်…
လူတစ်ယောက်သည် ကံကောင်းချင်လာပြီဆိုလျှင် စိတ်တည်ငြိမ်လာခြင်း၊ စိတ်ရှုပ်ထွေးမှုကင်းကာ စိတ်များကြည်လင် လန်းဆန်းလာခြင်းစသော လက္ခဏာများ ဖြစ်ပေါ်လာလေ့ ရှိပါသည် …။၎င်းစိတ်ကို ယေဘုယျအားဖြင့် ကောင်းစိတ်ဟု သတ်မှတ်နိုင်ပါသည် …
ထိုစိတ်မျိုး ဝင်လာလျှင် ‘ငါတော့ ကံကောင်းတော့မယ်၊ ဒီစိတ်ဟာ ကောင်း ကံပြုလုပ်ဖြစ်ဖို့ အကြောင်းခံ စိတ်ပေပဲ’ ဟု သဘောထားကာ ထိုစိတ်ကို ပျောက်ပျက် မသွားရအောင် ထိန်းထားပြီး ကောင်းမှုတစ်ခုခုကို ပြုလုပ်ဖြစ်အောင်သာ ကြိုးစား လုပ်ဆောင်ယူရမည်ဖြစ်သည်။
ထို့အပြင် အများဆုံး ပြုလုပ်ဖြစ်လေ့ ရှိသည့် လေ့ကျင့်နေစရာ အထူး မလိုသော သမားရိုးကျ မကောင်းကံဘက်သို့ ပြန်ပြောင်း နောက်ကြောင်းပြန် မလှည့်မိစေရန်လည်း အထူးသတိထားရန် လိုအပ်ပါသည်။
လှူချင်တန်းချင်စိတ် ပေါ်လာလျှင် ‘ငါ ကံကောင်းလာပြီ၊ ဒီကံလေး အထမြောက်အောင် ငါ လှူပေးဦးမှ’၊ သီလဆောက်တည်ချင်စိတ် ပေါ်လာလျှင် ‘ငါ ကံကောင်း လာပြီ၊ သီလလေး ဆောက်တည်ပြီး နေဦးမှ’ ဘုရားရှိခိုးချင်စိတ် ပေါ်လာလျှင် ‘ငါ ကံကောင်းလာပြီ၊ ဘုရားရှိခိုးပြီးတော့ ပူဇော်လိုက်ဦးမှ’၊ ဘာဝနာကမ္မဋ္ဌာန်း ပွါးများချင်စိတ်၊ တရားအားထုတ်ချင်စိတ် ပေါ်လာလျှင်‘ငါ ကံကောင်းလာပြီ၊ ပွါးများဖြစ်အောင် ပွါးများလိုက်ဦးမှ၊ အားထုတ်ဖြစ်အောင် အားထုတ်လိုက်ဦးမှ’ စသည်ဖြင့် ကောင်းကံများ အထမြောက် အောင်မြင်စေရန် ကြိုးစား လုပ်ဆောင်ရမည် ဖြစ်သည်။
ကောင်းစိတ်များ ပေါ်လာပြီး ကောင်းကံများကိုပြုလုပ် အားထုတ်ဖြစ် လျှင် အခွင့်အရေးကောင်း၊ အခြေအနေကောင်းများ ရလာပြီဟု မှတ်ယူရ မည်ဖြစ်ပြီး ၎င်းအခွင့်ကောင်း၊ အခြေအနေကောင်းများကို လက်မလွတ်စေရန် လွန်စွာ အရေးကြီးပါသည် …။
ဓမ္မမိတ်ဆွေ သူတော်စင်အပေါင်း ကျန်းမာရွှင်လန်း ငြိမ်းအေးနိုင်ကြ ပါစေ။
Zawgyi
လူတစ္ေယာက္ ကံေကာင္းခ်င္လာၿပီဆိုရင္ ဒီလိုေတြျဖစ္လာမယ္…
လူတစ္ေယာက္သည္ ကံေကာင္းခ်င္လာၿပီဆိုလွ်င္ စိတ္တည္ၿငိမ္လာျခင္း၊ စိတ္ရႈပ္ေထြးမႈကင္းကာ စိတ္မ်ားၾကည္လင္ လန္းဆန္းလာျခင္းစေသာ လကၡဏာမ်ား ျဖစ္ေပၚလာေလ့ ရွိပါသည္ …။
၎စိတ္ကို ေယဘုယ်အားျဖင့္ ေကာင္းစိတ္ဟု သတ္မွတ္ႏိုင္ပါသည္ …
ထိုစိတ္မ်ိဳး ဝင္လာလွ်င္ ‘ငါေတာ့ ကံေကာင္းေတာ့မယ္၊ ဒီစိတ္ဟာ ေကာင္း ကံျပဳလုပ္ျဖစ္ဖို႔ အေၾကာင္းခံ စိတ္ေပပဲ’ ဟု သေဘာထားကာ ထိုစိတ္ကို ေပ်ာက္ပ်က္ မသြားရေအာင္ ထိန္းထားၿပီး ေကာင္းမႈတစ္ခုခုကို ျပဳလုပ္ျဖစ္ေအာင္သာ ႀကိဳးစား လုပ္ေဆာင္ယူရမည္ ျဖစ္သည္ …။
ထို႔အျပင္ အမ်ားဆုံး ျပဳလုပ္ျဖစ္ေလ့ ရွိသည့္ ေလ့က်င့္ေနစရာ အထူး မလိုေသာ သမား႐ိုးက် မေကာင္းကံဘက္သို႔ ျပန္ေျပာင္း ေနာက္ေၾကာင္းျပန္ မလွည့္မိေစရန္လည္း အထူးသတိထားရန္ လိုအပ္ပါသည္။
လႉခ်င္တန္းခ်င္စိတ္ ေပၚလာလွ်င္ ‘ငါ ကံေကာင္းလာၿပီ၊ ဒီကံေလး အထေျမာက္ေအာင္ ငါ လႉေပးဦးမွ’၊ သီလေဆာက္တည္ခ်င္စိတ္ ေပၚလာလွ်င္ ‘ငါ ကံေကာင္း လာၿပီ၊ သီလေလး ေဆာက္တည္ၿပီး ေနဦးမွ’၊ဘုရားရွိခိုးခ်င္စိတ္ ေပၚလာလွ်င္ ‘ငါ ကံေကာင္းလာၿပီ၊ ဘုရားရွိခိုးၿပီးေတာ့ ပူေဇာ္လိုက္ဦးမွ’၊ ဘာဝနာကမၼ႒ာန္း ပြါးမ်ားခ်င္စိတ္၊ တရားအားထုတ္ခ်င္စိတ္ ေပၚလာလွ်င္‘ငါ ကံေကာင္းလာၿပီ၊ ပြါးမ်ားျဖစ္ေအာင္ ပြါးမ်ားလိုက္ဦးမွ၊ အားထုတ္ျဖစ္ေအာင္ အားထုတ္လိုက္ဦးမွ’ စသည္ျဖင့္ ေကာင္းကံမ်ား အထေျမာက္ ေအာင္ျမင္ေစရန္ ႀကိဳးစား လုပ္ေဆာင္ရမည္ ျဖစ္သည္။
ေကာင္းစိတ္မ်ား ေပၚလာၿပီး ေကာင္းကံမ်ားကိုျပဳလုပ္ အားထုတ္ျဖစ္ လွ်င္ အခြင့္အေရးေကာင္း၊ အေျခအေနေကာင္းမ်ား ရလာၿပီဟု မွတ္ယူရ မည္ျဖစ္ၿပီး ၎အခြင့္ေကာင္း၊ အေျခအေနေကာင္းမ်ားကို လက္မလြတ္ေစရန္ လြန္စြာ အေရးႀကီးပါသည္ …။
ဓမၼမိတ္ေဆြ သူေတာ္စင္အေပါင္း က်န္းမာ႐ႊင္လန္း ၿငိမ္းေအးႏိုင္ၾက ပါေစ။",2.0,2.0,2.0,4.0,5.0,"The text provides moral and religious guidance rooted in Burmese Buddhist traditions. It uses natural, idiomatic Burmese and includes both Unicode and Zawgyi scripts. While it lacks complex academic reasoning, it offers a coherent, culturally specific perspective on personal conduct and mindfulness, making it highly authentic for the target community."
<urn:uuid:3f57e9bf-d702-46d2-bbf1-28b5ef687dfc>,"Email This Story :
ပဲခူးတိုင္းေဒသႀကီး ေရႊက်င္ၿမိဳ႕နယ္ ေထာင္ေလာင္ေက်းရြာအုပ္စု ကြ်န္းတဲစု အ.မ.က ေက်ာင္း ပ်က္စီးေနသလုိ ေနရာက်ဥ္းေျမာင္းမႈေၾကာင့္ ကေလးငယ္ေတြ စာသင္ၾကားရာမွာ အခက္အခဲျဖစ္ေနတယ္လုိ႔ ေဒသခံေတြက ေျပာပါတယ္။
အင္းပလြဲေက်းရြာ အ.မ.က ေက်ာင္းကို သြားေရာက္စာသင္ၾကားရာမွာ ခရီးေဝးၿပီး လမ္းပန္းဆက္သြယ္ေရး ခက္ခဲတာေၾကာင့္ ၂၀၁၄ ခုနွစ္ကစၿပီး ေထာင္ေလာင္ေက်းရြာရဲ႕ အမက (ခြဲ) ေက်ာင္းအျဖစ္ ကိုယ္ထူကုိုယ္ထ ေဆာက္လုပ္ခဲ့တာျဖစ္ၿပီး ၂၀၁၈-၂၀၁၉ ပညာသင္နွစ္မွာ ကြ်န္းတဲစုအ.မ.က ေက်ာင္းအျဖစ္ တိုးျမႇင့္ခံခဲ့ရတာပါ။
ကြ်န္းတဲစု အမကေက်ာင္းဟာ ေပ ၃၀ × ၂၀ သြပ္မိုးထရံကာ ေက်ာင္းေဆာင္ျဖစ္ၿပီး ပညာေရးဌာနက ခ်ထားေပးတဲ့ ဆရာ ၃ ဦးနဲ႔ ေက်ာင္းသူေက်ာင္းသား ၄၀ နီးပါကို ေနရာက်ဥ္းေျမာင္းတာေၾကာင့္ အခန္းမခြဲနိုင္ဘဲ စုေပါင္းၿပီး စာသင္ၾကားေနရတာပါ။
ခုအခ်ိန္မွာ စာသင္ေက်ာင္းေဆာင္ဟာ ေက်ာင္းထရံေတြ ကြာက်လာတာေၾကာင့္ ပလတ္စတစ္မိုးကာေတြနဲ႔ ကာရံထားရသလို ေအာက္ေျခတိုင္ေတြ ပ်က္စီးလာတာေၾကာင့္ ေက်ာင္းေဆာင္ၿပိဳက်ၿပီး ဆရာမေတြနဲ႔ ကေလးေတြ အႏၲရာယ္ျဖစ္မွာကို ေဒသခံေတြ စိုးရိမ္ေနၾကတာလည္း ျဖစ္ပါတယ္။
“ေက်ာင္းေဆာင္ကေသးေနေတာ့ အခန္းကမရွိဘူး။ KG ကေန စတုတၳတန္းထိကို အကုန္စုၿပီး စာသင္ေနရေတာ့ ဆူညံသံေတြနဲ႔ မထိေရာက္ဘူးျဖစ္ေနတယ္။ ေက်ာင္းသစ္သားတိုင္ေတြ အကုန္နီးပါးက ေအာက္ေျခပ်က္ခါနီးဆိုေတာ့ ေလဟဲ့မိုးဟဲ့ဆိုတာနဲ႔ ေက်ာင္းေဆာင္ၿပိဳက်မွာကို ေၾကာက္ၿပီး စာသင္ခ်ိန္ေတြ ရပ္နားထားရတယ္။ ဆရာမေတြနဲ႔ ကေလးေတြအႏၲရာယ္ျဖစ္မွာ စိုးရိမ္ရလို႔ မိုးအရမ္းရြာတာနဲ႔ စာသင္တာရပ္ၿပီး အိမ္ျပန္ေခၚၾကတယ္” လုိ႔ ေက်ာင္းေကာ္မတီဥကၠ႒ ဦးေမာင္ေရႊက ေျပာပါတယ္။
ကြ်န္းတဲ့စုေက်းရြာဟာ အိမ္ေျခ ၈၀ ေက်ာ္ေလာက္သာရွိၿပီး ေရႀကီးကြင္းေတြ မ်ားတာေၾကာင့္ ေႏြစပါးနဲ႔ ေဆာင္းသီးႏွံကို အဓိကထားလုပ္ကိုင္ေနၾကၿပီး စီးပြားေရးအဆင္မေျပမႈေတြေၾကာင့္ ေက်ာင္းေဆာင္ကို ျပန္လည္ျပဳျပင္ႏိုင္ဖို႔ အခက္အခဲႀကံဳေနၿပီး တိုင္းေဒသႀကီးအစိုးရအေနနဲ႔ ေက်ာင္းေဆာင္သစ္ ခ်ထားေပးဖို႔ ေဒသခံေတြက လိုလားေနၾကပါတယ္။
သတင္း၊ ဓာတ္ပံု – ေနလင္းထိုက္",1.0,2.0,2.0,4.0,5.0,"The text is a news report about a local school's infrastructure issues. It provides factual reporting on community challenges. It is written in natural, authentic Burmese, reflecting local social and geographical contexts. It contains minor boilerplate (Email This Story) but is otherwise clean and coherent."
<urn:uuid:33fa7db3-5f1f-4d72-941a-790d20492eea>,"အခုဆိုရင် သီတင်းကျွတ်ရာသီအခါသမယကို ရောက်ရှိလာပါပြီနော်။ မြန်မာတို့ရဲ့ ဓလေ့ထုံးစံအတိုင်း အသက်အရွယ်ကြီးရင့်တဲ့သူတွေကို အသက်ငယ်သူတွေက သီတင်းကျွတ်အခါသမယမှာ သွားရောက်ကန်တော့ကြတဲ့ အလေ့အထလေးကတော့ တခြားသော နိုင်ငံရပ်ခြားတွေမှာ မတွေ့ရတဲ့ ယဉ်ကျေးမှုအလေ့အထလေးပါပဲနော်။လူငယ်တွေက လူကြီးမိဘတွေကို ကန်တော့ကြတဲ့အထဲမှာ ပြည်သူချစ်အနုပညာရှင် ဇေရဲထက်လည်းအပါအဝင်ပါပဲနော်။
ဇေရဲထက်ကတော့ အနုပညာအလုပ်တွေကိုအားကြိုးမာန်တပ်ဆောင်ရွက်လေ့ရှိတဲ့ မင်းသားတစ်ဦးဖြစ်တဲ့အပြင် လူကြီးမိဘတွေကိုလည်း ရိုသေကိုင်ရိုင်းတတ်တဲ့မင်းသားတစ်ဦးပဲ ဖြစ်ပါတယ်။တစ်နှစ်ပတ်လုံးစုဆောင်းခဲ့တဲ့ အနုပညာကြေးတွေအကုန်လုံးကို အဘွားအတွက် သီတင်းကျွတ်ကန်တော့ ခဲ့တယ်လို့သိရပါတယ်။ကန်တော့ခဲ့တဲ့ ငွေပမာဏကတော့ အံံ့သြလောက်တဲ့ ငွေပမာဏ ဖြစ်တာကြောင့် ပရိသတ်တွေလည်း အံ့အားသင့်ခဲ့တာ ဖြစ်ပါတယ်။
” သီတင်းကျွတ်အခါမှာ တစ်နှစ်ပတ်လည်လုံးစုဆောင်းသမျှငွေလေးနဲ့ အဘွားအားကန်တော့ ….အဘွားကျန်းမာပါစေ…အစာလေးတော့ရှောင်ပေါ့ ” ဆိုကာ ကန်တော့ခဲ့တဲ့ ငွေပုံကြီးနဲ့ အတူ အမှတ်တရပုံရိပ်လေးတွေကို သူ့ရဲ့လူမှုကွန်ရက်စာမျက်နှာမှာ ဝေမျှခဲ့တာပဲ ဖြစ်ပါတယ်။CeleGabar ပရိသတ်ကြီးလည်း ဇေရဲထက်ရဲ့ သီတင်းကျွတ်ကုသိုလ်လေးကို သာဓုခေါ်ခဲ့ပါဦးနော်။
Source : Zay Ye Htet
Shwe Poe – CeleGabar
ဇော်ဂျီဗားရှင်း
” အံံ့ၾသေလာက္စရာ ေငြအပံုလိုက္ႀကီးနဲ႕ အဘြားကို သီတင္းကၽြတ္ကန္ေတာ့ခဲ့တဲ့ ေဇရဲထက္ ”
အခုဆိုရင္ သီတင္းကြၽတ္ရာသီအခါသမယကို ေရာက္ရွိလာပါၿပီေနာ္။ ျမန္မာတို႔ရဲ႕ ဓေလ့ထုံးစံအတိုင္း အသက္အ႐ြယ္ႀကီးရင့္တဲ့သူေတြကို အသက္ငယ္သူေတြက သီတင္းကြၽတ္အခါသမယမွာ သြားေရာက္ကန္ေတာ့ၾကတဲ့ အေလ့အထေလးကေတာ့ တျခားေသာ ႏိုင္ငံရပ္ျခားေတြမွာ မေတြ႕ရတဲ့ ယဥ္ေက်းမႈအေလ့အထေလးပါပဲေနာ္။လူငယ္ေတြက လူႀကီးမိဘေတြကို ကန္ေတာ့ၾကတဲ့အထဲမွာ ျပည္သူခ်စ္အနုပညာရွင္ ေဇရဲထက္လည္းအပါအဝင္ပါပဲေနာ္။
ေဇရဲထက္ကေတာ့ အႏုပညာအလုပ္ေတြကိုအားႀကိ္ဳးမာန္တပ္ေဆာင္ရြက္ေလ့ရွိတဲ့ မင္းသားတစ္ဦးျဖစ္တဲ့အျပင္ လူႀကီးမိဘေတြကိုလည္း ရုိေသကိုင္ရုိင္းတတ္တဲ့မင္းသားတစ္ဦးပဲ ျဖစ္ပါတယ္။တစ္ႏွစ္ပတ္လံုးစုေဆာင္းခဲ့တဲ့ အႏုပညာေၾကးေတြအကုန္လံုးကို အဘြားအတြက္ သီတင္းကၽြတ္ကန္ေတာ့ ခဲ့တယ္လို႕သိရပါတယ္။ကန္ေတာ့ခဲ့တဲ့ ေငြပမာဏကေတာ့ အံံ့ၾသေလာက္တဲ့ ေငြပမာဏ ျဖစ္တာေၾကာင့္ ပရိသတ္ေတြလည္း အံ ့အားသင့္ခဲ့တာ ျဖစ္ပါတယ္။
” သီတင္းကၽြတ္အခါမွာ တစ္ႏွစ္ပတ္လည္လုံးစုေဆာင္းသမွ်ေငြေလးနဲ႔ အဘြားအားကန္ေတာ့ ….အဘြားက်န္းမာပါေစ…အစာေလးေတာ့ေရွာင္ေပါ့ ” ဆိုကာ ကန္ေတာ့ခဲ့တဲ့ ေငြပံုႀကီးနဲ႕ အတူ အမွတ္တရပံုရိပ္ေလးေတြကို သူ႕ရဲ႕လူမႈကြန္ရက္စာမ်က္ႏွာမွာ ေဝမွ်ခဲ့တာပဲ ျဖစ္ပါတယ္။CeleGabar ပရိသတ္ႀကီးလည္း ေဇရဲထက္ရဲ႕ သီတင္းကၽြတ္ကုသိုလ္ေလးကို သာဓုေခၚခဲ့ပါဦးေနာ္။
Source : Zay Ye Htet
Shwe Poe – CeleGabar
ေဇာ္ဂ်ီဗားရွင္း",1.0,1.0,1.0,3.0,5.0,"The text is a celebrity news snippet about Burmese cultural traditions (Thadingyut). It lacks educational or complex reasoning content, requiring minimal expertise to read. It is clean but contains redundant content due to the inclusion of both Unicode and Zawgyi versions of the same article."
<urn:uuid:a9f8e71c-890f-4f6f-9741-5fcf050b7185>,"ဂ်င္းသုပ္ဆိုတာ ျမန္မာလူမ်ိဳး အေတာ္မ်ားမ်ား ႏွစ္သက္ၾကတဲ့ အစားအစာပါ။ ပံုမွန္အားျဖင့္ေတာ့ အမ်ားစုက ႏွစ္ျပန္ေၾကာ္မ်ားမ်ား ၊ ပဲမႈန္႔မ်ားမ်ား ဆီမ်ားမ်ား နဲ႔ သုပ္ၾကပါတယ္။ က်မကေတာ့ ဆီမ်ားတာ မႀကိဳက္သူမို႔ ပဲမႈန္႔ကို ေလၽွာ့ထည့္ၿပီး ဆီအနည္းငယ္ပဲ သံုးထားပါတယ္။ Juicy ျဖစ္ေစတဲ့ ခရမ္းခ်ဥ္သီး နဲ႔ ေရွာက္သီး ကိုလည္း မ်ားမ်ားသံုး ထားပါတယ္။ ႏွစ္ျပန္ေၾကာ္ေတြဟာ ျပည့္ဝဆီေတြမ်ားၿပီး အစာေၾကခဲတာမို႔ က်မကေတာ့ အနည္းငယ္ပဲ ထည့္ပါ နယ္ေနာ္။
လိုအပ္ေသာပစၥည္းမ်ား
- အခ်ဥ္စိမ္ထားတဲ့ ဂ်င္းအမၽွင္မ်ား – တစ္ခါသုပ္စာ
- ခရမ္းခ်ဥ္သီး – ၁ လံုး
- ၾကက္သြန္နီ – ၁ ျခမ္း
- ငရုတ္သီးစိမ္း – ၃ ေတာင့္
- ပဲၾကမ္းေၾကာ္ – အနည္းငယ္
- နွမ္း လက္ဖက္ရည္ဇြန္း – ၁ ဇြန္း
- ၾကက္သြန္ျဖဴေၾကာ္ – လက္ဖက္စည္ဇြန္း ၂ ဇြန္း
- ေရွာက္ရည္ – လက္ဖက္ရည္ဇြန္း ၂ ဇြန္း
- ပဲဆီ – လက္ဖက္ရည္ဇြန္း ၂ ဇြန္း
- ယိုးဒယားငံျပာရည္ – လက္ဖက္ရည္ဇြန္း ၂ ဇြန္း
- သၾကား – လက္ဖက္ရည္ဇြန္း ၁ ဝက္
ျပဳလုပ္နည္း
- ခရမ္းခ်ဥ္သီးကို ခပ္ပါးပါး လွီးထားပါ။ ၾကက္သြန္နီကို ခပ္ပါးပါး လွီးထားပါ။ ငရုတ္သီးစိမ္းကို ႏုတ္ႏုတ္စင္း ထားပါ။
- ပန္းကန္လံုးထဲမွာ ေဖာ္ျပထားတဲ့ တန္ဆာ ပလာမ်ား အားလံုးကို အရသာမ်ား ထည့္ၿပီး ေရာနယ္ပါ။ ဂ်င္းသုပ္ကို ေရေႏြးၾကမ္း ပူပူ ထမင္းပူပူ တို႔ျဖင့္ တြဲဖက္ စားသံုးပါက အင္မတန္ လိုက္ဖက္ပါတယ္။
- အရသာ ထူးကဲေစမယ့္ သၾကား အနည္းငယ္ ထည့္သုပ္ ၾကည့္ဖို႔လည္း မေမ့ပါနဲ႔။
- ပဲမႈန္႔ မထည့္ဘဲ သုပ္စား လို႔လည္း ေကာင္းပါတယ္။
Credit: Warr Tee",2.0,1.0,1.0,5.0,5.0,"The text is a clear, authentic recipe for a traditional Burmese dish. It provides basic instructions and ingredients, reflecting local culinary habits and preferences. While it lacks complex reasoning or high-level academic content, it is well-structured, clean, and culturally accurate, making it a useful piece of practical, everyday knowledge."
<urn:uuid:a33812ad-6ea8-4f6a-92f1-96986a2c69fa>,"ဒီတပတ္ထုတ္ The Irrawaddy ဂ်ာနယ္မွာ ပါ၀င္တ့ဲ သတင္း၊ ေဆာင္းပါး၊ သုံးသပ္ခ်က္၊ အင္တာဗ်ဴးေတြရဲ႕ ေခါင္းစဥ္ေတြနဲ႔ လင့္တခ်ဳိ႕ကုိ ေဖာ္ျပေပးလုိက္ပါတယ္။
၀န္ႀကီးခ်ဳပ္ ဦးျမင့္ေဆြ၊ ျမန္မာ့ေစတနာ ၿမိဳ႕သစ္ကုမၸဏီနဲ႔ မရွင္းလင္းေသာ ရန္ကုန္ၿမိဳ႕သစ္ စီမံကိန္း
စာေပအႏုပညာရွင္မ်ားႏိုင္ငံေရးမွာပါ၀င္ဖို႔ ေဒၚေအာင္ဆန္းစုၾကည္ တုိက္တြန္း (ေမစစ္ပုိင္)
ရန္ကုန္ၿမိဳ႕သစ္ စီမံကိန္း တရား၀င္ သတင္းမထြက္မီ ေျမယာမ်ား ႀကိဳတင္၀ယ္ယူမႈမ်ားရွိ (သစ္ေနမုိး)
မူးယစ္ေမွာင္ခို သေဘၤာတစင္း ျမန္မာ့ေရတပ္ဖမ္းမိ (ေက်ာ္ခ)
ျမန္မာတုိ႔၏ Grand Royal Special Reserve မွ ဂုဏ္ယူဖြယ္ေကာင္းေသာ Best Asian Blended Whisky Award 2014 အား ဆြတ္ခူးရရွိ
လူသန္ႀကီးမ်ားတြင္ အေျဖမရွိပါ (ညီေစာလြင္)
ယူ-၁၉ စိတ္ဓာတ္ျဖင့္ ေဘာလံုးေလာကသစ္ ထူေထာင္ၾကစုိ႔ - ခင္ေမာင္ေထြး(ပ်ဥ္းမနား)
“Talent နဲ႔ တုိင္းျပည္ခ်စ္စိတ္ရွိလုိ႔ ႏုိင္လာတာ”
ပြင့္လင္းျမင္သာမႈ လံုး၀မရွိတဲ့ ရန္ကုန္ၿမိဳ႕သစ္ စီမံကိန္း (စည္သူေအာင္ျမင့္)
လက္နက္ကိုင္ေဒသထဲက အႏၱရာယ္မ်ားေသာ ေျမယာအျငင္းပြားမႈ (စေနလင္း)
“၀” ေဒသ တ႐ုတ္စာ၊ တ႐ုတ္စကား လႊမ္းမုိးမႈ ေလွ်ာ့ခ်ႏုိင္မလား (ေက်ာ္ခ)
ဗုိလ္ခ်ဳပ္ေအာင္ဆန္း လုပ္ႀကံခံရမႈ၏ ေနာက္ကြယ္မွ ပေဟဠိကြင္းဆက္မ်ား (နိဂံုး) ေနမင္း
အစုိးရသစ္ စီးပြားေရးျပဳျပင္ေျပာင္းလဲမႈ ခရီးမတြင္ (သစ္ေနမုိး)
ရန္ကုန္ၿမိဳ႕သစ္ စီမံကိန္း ပြင့္လင္းျမင္သာမႈ မရွိဟု ေ၀ဖန္ခံရ (ေမခ)
ဘဏ္မ်ားတြင္ သံသယျဖစ္ဖြယ္ ေငြအပ္၊ ေငြလႊဲေျပာင္းမႈမ်ား စတင္စံုစမ္းေန (သစ္ေနမုိး)
တာ၀ါတုိင္ တည္ေဆာက္ေရးတြင္ ကေလးလုပ္သား အသံုးျပဳမႈ တယ္လီေနာ္ ထုတ္ေဖာ္
ဓာတုပစၥည္း ပါ၀င္ေသာ တ႐ုတ္လုပ္ အစားအေသာက္မ်ား အေရးယူမႈ အားနည္းေန (ေမစစ္ပုိင္)
ျမစ္ႀကီးနားက ခ်ည္ထည္
တပ္ပိုင္းဆုိင္ရာဘက္က ညိႇရတာ အခက္ခဲဆံုးပါပဲ
ျပည္သူ႔မ်က္ႏွာကုိသာ ၾကည့္ပါ
ပညာသင္ဆုလား၊ ေျခခ်ဳပ္မိေစတာလား (နႏၵာဘုန္းျမင့္)
ကေလးလုပ္သားေတြကုိ စာသင္ခန္း ျပန္ပို႔ပါ (ထက္ေအာင္ေက်ာ္)
စုတ္ခ်က္ၾကမ္းၾကမ္း ---- ေဇာ္လူ၀င္း @ ေဇာ္လူမင္း (ႏိုင္စြမ္း)
ႀကီးမားခိုင္မာတဲ့ ေမတၱာနဲ႔ ပုခက္လႊဲခဲ့သူ (ျမတ္စုမြန္)
ျပည္ေတာ္ျပန္ၿပီး ေက်ာင္းဖြင့္မည့္ DJ တဦးႏွင့္ ေတြ႕ဆံုျခင္း
၂၀၁၄ အျမင္သစ္နဲ႔ Hercules ႐ုပ္ရွင္ဇာတ္ကား (သုရီလင္း)
ကေလးမ်ားနဲ႔ ကေလးကဗ်ာ (ေခတ္ဘုန္းသစ္)
မီး မမွန္ေပမယ့္ ဓာတ္လိုက္တတ္တယ္ သတိထား (ေဒါက္တာသက္ဦး)
မၿငိမ္းမခ်မ္း မစိမ္မလန္း (ကုိေလးျမတ္)
ပြဲ၀င္ေတာ့မယ့္ မႏၱေလး (ဆူးငွက္)
ဆဲလ္ဖုန္းေတြနဲ႔ ဗုိင္းရပ္စ္ (ဖုိးႏုိင္၀င္း- မာစတာပိစ္)
စိတ္ပ်က္ရတဲ့ ထူးအိမ္သင္ ဂီတပြဲ (သုိ႔မဟုတ္) ျပန္ဆို ယဥ္ေက်းမႈ စနစ္တက် ထြန္းကားသင့္ၿပီ (ၿငိမ္းခ်မ္းေအး)
စတုိင္ ပုိထြက္ေအာင္ ပ့ံပုိးေပးမယ့္ Fashion Accessories (သီဟတုိး)
.",2.0,1.0,2.0,3.0,5.0,"The document is a list of article headlines from The Irrawaddy journal. It provides a snapshot of Burmese socio-political and cultural topics, offering some educational value regarding current events. It lacks deep reasoning or complex analysis as it is merely a list of titles. It is culturally authentic, reflecting local issues, names, and media styles."
<urn:uuid:8c0562f2-05e1-4b10-b73e-2760c2ed13a0>,"ကန္တာရဝတီတိုင်း (မ်)
စစ်ရေးပြင်းထန်နေတဲ့ ကရင်နီပြည်နဲ့ ရှမ်းပြည်နယ်တောင်ပိုင်းဒေသတွေမှာ မတ်လတစ်လ တိုက်ပွဲအတွင်း စစ်သုံ့ပန်း (၁၃) ဦး ဖမ်းဆီးရမိတယ်လို့ ကရင်နီအမျိုးသားများကာကွယ်ရေးတပ် (KNDF) က ဧပြီလ (၃) ရက်နေ့မှာ ထုတ်ပြန်ထားပါတယ်။
မတ်လဆန်း ရှမ်းပြည်နယ်တောင်ပိုင်းက ထိတွေ့တိုက်ပွဲ နဲ့ မတ်လ (၉) ရက်နေ့ကစ စစ်ကောင်စီစစ်ကြောင်းထိုးမှုကြောင့် ဒီးမော့ဆိုမြို့နယ် အရှေ့ဖက်ခြမ်းက တိုက်ပွဲအတွင်း ဖမ်းမိတာဖြစ်ပြီး စုစုပေါင်း (၁၃) ဦးတို့ ဖြစ်ကြတယ်လို့ ဆိုပါတယ်။
ဖမ်းဆီးရမိတဲ့ စစ်သုံ့ပန်းတွေကို နိုင်ငံတကာ ဥပဒေ၊ စစ်သုံ့ပန်း ဥပဒေအတိုင်း လူ့ဂုဏ်သိက္ခာနဲ့အညီ ထိန်းသိမ်းထားပြီး စစ်သုံ့ပန်းစံချိန်စံနှုန်းနဲ့အညီ လုပ်ကိုင်ဆောင်ရွက်နေတယ်လို့ ကရင်နီအမျိုးသားများကာကွယ်ရေးတပ် (KNDF) မှ အတွင်းရေးမှူး- ၃ ခူးရီးဒူ က အခုလိုပြောပါတယ်။
“ကျတော်တို့ KNDF မှာက Military act (စစ်ဖက်ဆိုင်ရာ အရေးယူဆောင်ရွက်မှု ဥပဒေ) ရှိတယ်။ Military act ထဲမှာ ကျတော်တို့ စစ်သုံ့ပန်းရဲ့ အခန်းကဏ္ဍကို ထည့်သွင်းပြီးတော့ ရေးသားထားတာရှိတယ်။ ကျနော်တို့က ၂ ခုပေါ့လေနော် တခုက ကျနော်တို့ရဲ့ KNDF Military act မူဝါဒနဲ့ ရေးဆွဲထားတဲ့ ဥပဒေနဲ့ အညီတခုရယ် နောက်ထပ်တခုကတော့ နိုင်ငံတကာမှာ ချမှတ်ထားတဲ့ စစ်သုံ့ပန်းဆိုင်ရာ ဥပဒေ ဒီနှစ်ခုနဲ့ ကျနော်တို့တွေက လက်ရှိဖမ်းဆီးရမိတဲ့ စစ်သုံ့ပန်းတွေကို အဲဒီစံချိန်စံနှုန်းနဲ့အညီ ကျတော်တို့တွေက လုပ်ကိုင်ဆောင်ရွက်နေတယ်ပေါ့”လို့ သူကပြောပါတယ်။
စစ်သုံ့ပန်း (၁၃)ဦး ထဲမှာ အရာရှိတချို့ပါဝင်ပြီး အများဆုံးက စစ်ကောင်စီရဲ့ ဆက်သွယ်ရေး တပ်သားတွေလို့ဆိုပါတယ်။ ဒါ့အပြင် တိုက်ပွဲအတွင်း စစ်ကောင်စီတပ် ခလရ (၁၂) မှ ဆက်သွယ်ရေး ဒုတပ်ကြပ်တစ်ဦး MA-3သေနတ် တစ်လက်နဲ့အတူ KNDF ထံ ဘက်ပြောင်းခိုလှုံခဲ့တယ်လို့ KNDF ကထုတ်ပြန်ထားပါတယ်။
ပြီးခဲ့တဲ့ မတ်လ ၁၁ ရက်နေ့မှာ ဖယ်ခုံမြို့ နယ် ကုရင်ကျေးရွာအုပ်စုတောင်ကြားမှ စစ်ကြောင်းထိုးလာတဲ့ စစ်ကောင်စီ ခမရ ၄၂၉ နဲ့ ဖယ်ခုံ PDF တပ်ရင်း ၂အပါအဝင် ပူးပေါင်းတပ်တို့ ထိတွေ့တိုက်ပွဲဖြစ်ပွားခဲ့ပြီး မတ်လ ၁၂ ရက်နေ့ နယ်မြေရှင်းလင်းရေးဆောင်ရွက်ရာမှာ အရာရှိအပါအဝင် စစ်ကောင်စီတပ်သား ၁၉ ဦး သေဆုံးခဲ့ပြီး စစ်သုံ့ပန်း (၆) ဦး ဖမ်းဆီးရမိတယ်လို့ ဖယ်ခုံ PDF ထုတ်ပြန်ထားတာရှိပါတယ်။",2.0,2.0,2.0,5.0,5.0,"The text is a well-written, authentic news report about the conflict in Karenni State. It provides factual reporting on military events and policies regarding prisoners of war. It is clean, uses natural Burmese, and reflects the specific local political and social context of the ongoing conflict."
<urn:uuid:3d302aa0-bc31-45bc-881b-daf75a17246b>,"ငါလြမ္းေနတယ္ ေတာင္သမန္ေရ …
မင္းသတင္းေတြကို အေဝးကေနနားစြင့္လို႔…
တို႔ေ၀းခဲ့တာ အႏွစ္ ႏွစ္ဆယ္ေတာင္ရွိပါေပါ့လား…
ငါခ်စ္တဲ့ေတာင္သမန္ဟာ..
ဟိုး.. အရင္ကအတိုင္းပဲရွိပါေစ…။
အင္းေရတိုးခ်ိန္အခါက
ေတာင္သမန္ေရသင္ဖ်ဴးမွာ
ငွက္သမၺန္နဲ႔ ကူးခဲ့ရတာကို လြမ္းေနတယ္။
ႏွင္းေငြ႔မႈံမႈံနဲ႔ ျမဴခိုးေတြေ၀ေနတဲ့
ေတာင္သမန္ရဲ႕ ေအးျမျမေဆာင္းမနက္ခင္းေတြထဲ
ဟိုး.. အရင္အခါေတြတုန္းကလို
အေၾကာ္ ပူပူေႏြးေႏြးကိုဝါးရင္း
ေရေႏြးပူပူေလးနဲ႔ ျမည္းလိုက္ခ်င္ေသးတယ္…။
ေတာင္သမန္ေရ…
ငါသတိရေနတုန္းပဲ..
တံလွ်ပ္ေတြၾကားမွာ
အင္းထဲက ယာခင္းစိမ္းစိမ္းေတြက
ယိမ္းႏြဲ႔ေနသလိုလို…။
ေတာင္သမန္ေရ…
အမွတ္ရေနအံုးမလား…
ငါ့အေပါင္းေဖၚသဟာေတြနဲ႔
မင္းဆီကို ငါ အလည္လာခဲ့တဲ့တစ္ေခါက္
အညာေႏြပူပူေအာက္က အင္းေျခာက္ေျခာက္ထဲ
ဖုံထူထူ လွည္းလမ္းေၾကာင္းတစ္ေလွ်ာက္မွာ
ႏြားေျခရာေကာက္တမ္းကစားခဲ့ဖူးေသးတယ္။
ေတာင္သမန္ေရ…
မင္းထမ္းပိုးထားတဲ့ တံတားႀကီးေပၚကေန
ငါ အႀကိမ္ႀကိမ္ ျဖတ္သန္းခဲ့ဖူးတဲ့အခ်ိန္ေတြကို လြမ္းတယ္။
ေတာင္သမန္ေရ…
တံတားေအာက္က တိုင္လံုးေတြၾကားမွာ…
မယ္ဇယ္ပင္တန္းရဲ႕ အရိပ္ေတြေအာက္မွာ…
စိတ္လြတ္လပ္ေပါ့ပါးစြာနဲ႔
ဟိုးတစ္ခ်ိန္တုန္းကလို ငါလမ္းေလွ်ာက္ခ်င္ေသးတယ္။
ေတာင္သမန္ေရ ငါလြမ္းေနလို႔…
အခြင့္အေရးရလို႔မ်ား ငါျပန္လာခဲ့ရင္
ဟိုး.. အရင္ကလိုပံုစံမ်ဳိးနဲ႔
ေတာင္သမန္ေရ... ငါ့ကိုႀကိဳပါအံုးလား…။
@ @ @ *** @ @ @ *** @ @ @
အၿမဲတမ္း ၿငိမ္းခ်မ္းၾကပါေစ။",1.0,0.0,1.0,4.0,5.0,"This is a nostalgic poem about Taungthaman Lake. It lacks educational or reasoning content, as it is purely expressive literature. It is highly authentic, using natural Burmese phrasing and specific cultural references like the U Bein Bridge and local seasonal activities, making it a strong example of cultural expression."
<urn:uuid:8e1ec9f9-d768-488f-9393-1dd9b455dddb>,"ဇေယျာဖြိုးနေအိမ်တွင် သိမ်းဆည်းခံရသည့် ငွေ သိန်း ၅၀ ရှာဖွေပုံစံတွင် မတွေ့ရဟု ရှေ့နေထွက်ဆို
တရားလွှတ်တော် ရှေ့နေ ဦးကိုနီ အသတ်ခံရမှုတွင် ပါဝင်ပတ်သက်နေသဖြင့် ဖမ်းဆီးခံထားရသူ ဇေယျာဖြိုး၏ နေအိမ်ကို အခင်းဖြစ်ပွားပြီးနောက် ရဲတပ်ဖွဲ့က ရှာဖွေရာတွင် ပိုင်ဆိုင်မှုအထောက်အထားများအပါအဝင် ငွေသား ၁ သောင်းကျပ်ထုပ် ၅ ထုပ် (ခန့်မှန်းခြေ သိန်း ၅၀ ကျပ်) ဝန်းကျင် ထည့်သွင်းသိမ်းဆည်းခဲ့သော်လည်း ရှာဖွေပုံစံတွင် ရေးသွင်းမထားသည့်အပေါ် ဇေယျာဖြိုး၏ ရှေ့နေ ဒေါ်ပပဝင်းက ယနေ့ရုံးချိန်းတွင် ပြောဆိုခဲ့ကြောင်း သိရသည်။
“အမှုနဲ့ မသက်ဆိုင်တာတွေ သိမ်းသွားတယ်။ ပိုင်ဆိုင်မှု အထောက်အထားတွေ၊ ကလေးဓာတ်ပုံတွေ၊ ကလေးကျောင်းမှတ်တမ်းတွေပါသွားတယ်။ ဟုတ်တယ် ငွေသားအုပ်တွေလည်း ပါသွားတယ်။ အဓိကပြောချင်တာက ရှာဖွေပုံစံသည် နည်းလမ်းမကျဘူး။ အပြည့်အစုံဖော်ပြထားခြင်းမရှိဘူးဆိုတာကို ပြောချင်တာ” ဟု ဇေယျာဖြိုး၏ ရှေ့နေ ဒေါ်ပပဝင်းက ပြောသည်။
ယနေ့ရုံးထုတ်သို့ တာမွေမြို့နယ်မှ နယ်ထိန်းရဲ ဦးဇော်ဇော်ထွန်း ဆိုသူလည်း သက်သေအဖြစ် လာရောက်ထွက်ဆိုခဲ့ရာ ယင်း စွပ်စွဲချက်အပေါ် ယတိပြတ် တုန့်ပြန်မှု မရှိကြောင်း၊ တာဝန်အရလုပ်ဆောင်ခြင်းသာဖြစ်ကြောင်း၊ စွပ်စွဲချက်အပေါ် “မသိဘူး” ဟုသာ ပြောဆိုကြောင်း သိရသည်။
“ဇေယျာဖြိုးရှေ့နေ က သူတို့အိမ်မှာဝင်စစ်တော့ ဇေယျာဖြိုးရဲ့ ဇနီး ဒေါ်သီတာလွင်ရဲ့ ဗီရိုထဲက ၁ သောင်းတန်အုပ် ၅ ထုပ် ကို ယူသွားတယ်။ အိမ်ရဲ့ စာချုပ်စာတမ်းတွေလည်း ယူသွားတယ် ပြောတယ်။ ဒါပေမယ့် အဲဒါတွေက ရှာဖွေပုံစံထဲမှာ မပါဘူးလို့ ပြောတယ်ဆိုတော့ ဘယ်လိုရှာကြသလဲတော့ မသိဘူး။ အဲဒီစွပ်စွဲချက်တွေပေါ့။ အခုလို စွပ်စွဲတော့ ရဲတပ်ဖွဲ့ရဲ့ ကိုယ့်ကျင့်သိက္ခာလည်း ထိခိုက်တာပေါ့” ဟု ယနေ့ရုံးချိန်းတွင် တက်ရောက်ခဲ့သည့် ဦးကိုနီရှေ့နေ ဦးခင်မောင်ဌေးက ဧရာဝတီသို့ ပြောသည်။
ရှေ့နေ ဦးခင်မောင်ဌေးက “ဦးကိုနီ ဆုံးတာက ဇန်နဝါရီ ၁၉ ရက်နေ့မှ ဖြစ်တယ်။ အဲဒါကို ရဲတပ်ဖွဲ့က ဇေယျာဖြိုးအိမ်ကို ဝင်ရှာတာ ဇန်နဝါရီ ၄ ရက်ဆိုပြီး လုပ်လာတယ်ဆိုတော့ တော်တော်တော့ ဂွတီးဂွကျနိုင်တယ်။ အလုပ်ကို သေချာမလုပ်ဘူး လို့ ပြောလို့ရတယ်။ အခုစွပ်စွဲချက်တွေလည်း ဒါတွေယူသွားတယ်။ ဒါပေမယ့် ရှာဖွေပုံစံတွေထဲ အဲဒီပစ္စည်းတွေ မပါဘူး။ လာရောက်ထွက်ဆိုတဲ့ တာမွေက နယ်ထိန်းကလည်း ယတိပြတ်တုန့်ပြန်ပြောသွားတာမရှိဘူး” ဟု ရှင်းပြသည်။
ပြီးခဲ့သည့် အောက်တိုဘာ ၁၄ ရက်နေ့ ရုံးချိန်းကလည်း ရဲတပ်ဖွဲ့က ဖမ်းဆီးထားသူ ဇေယျာဖြိုးသည် ပြည်ထဲရေးဝန်ကြီးဌာန နှင့် စီးပွားရေးဆိုင်ရာ ချိတ်ဆက်လုပ်ကိုင်မှုများ ရှိခဲ့ဖူးကြောင်း၊ လုပ်ငန်းစာချုပ်၊ အရောင်းအဝယ်စာချုပ်များ ချုပ်ဆိုခဲ့ဖူးကြောင်း ဇေယျာဖြိုး၏ ရှေ့နေ ဒေါ်ပပဝင်းက ပြောဆိုခဲ့သည်။
ရဲတပ်ဖွဲ့သည် ဗဟန်းမြို့နယ်ရှိ ဇေယျာဖြိုး၏ ကုမ္ပဏီရုံးခန်းသို့ ဝင်ရောက်ရှာဖွေခဲ့စဉ်က သေနတ်အိတ် ၂ အိတ်၊ စကားပြောစက် ၂ လုံးနှင့် အဓိက စာရွက်စာတမ်းများ ရရှိခဲ့သည်ဟု ပြောဆိုခဲ့သော်လည်း အဆိုပါ ပစ္စည်းများသည် ဇေယျာဖြိုးနှင့် ပတ်သက်မှုမရှိကြောင်း ရှေ့နေဖြစ်သူ က ငြင်းဆိုခဲ့သည်။
တရားလွှတ်တော် ရှေ့နေ ဦးကိုနီ အသတ်ခံရမှုနှင့် ပတ်သက်၍ ရန်ကုန်တိုင်း မြောက်ပိုင်းခရိုင် တရားရုံးတွင် စစ်ဆေးခဲ့သည့် ရုံးချိန်း ၂၉ ကြိမ်ခန့်ရှိပြီဖြစ်ပြီး သက်သေ ၈၀ ကျော် ရှိသည့် အနက် ၅၀ ဦး စစ်ဆေးပြီးဖြစ်သော်လည်း အမှုတွင် ပါဝင်ပတ်သက်နေသည့် အောင်ဝင်းခိုင် ကို ရဲတပ်ဖွဲ့က ယနေ့အထိ ဖမ်းဆီးရမိခြင်း မရှိသေးကြောင်း သိရသည်။
သို့ဖြစ်ရာ တရားခံပြေး ကို ရဲတပ်ဖွဲက လုံးဝ ဖမ်းဆီးရမိခြင်း မရှိခဲ့ပါက ဥပဒေပါ ပြဌာန်းချက်များအရ လုပ်ဆောင်ရမည့် အဆင့်များ ဆက်လက်ရှိနေသေးကြောင်း ဦးကိုနီ၏ ရှေ့နေ ဦးခင်မောင်ဌေးက ရှင်းပြသည်။",2.0,2.0,2.0,5.0,5.0,"The text is a journalistic report on a high-profile legal case in Myanmar. It provides factual reporting on court proceedings, including witness testimonies and legal arguments. It is written in natural, professional Burmese, reflecting local legal and social contexts, though it lacks deep analytical reasoning or complex educational content."
<urn:uuid:01851350-454a-4598-9868-c5ade9273c98>,"ဇြန္ ၃၊ ၂၀၁၆
M-Media
သီဟ
ပင္လုံစာခ်ဳပ္ခ်ဳပ္ဆုိ မႈကို ကိုယ္တုိင္မ်က္ျမင္ ႀကံဳေတြ႕ ခဲ့သူ၊ စာခ်ဳပ္ခ်ဳပ္ဆုိရန္ ဗုိလ္ခ်ဳပ္ ေအာင္ဆန္းကို ကားေမာင္းပို႔ေပး ခဲ့သူ၊ ဗုိလ္ခ်ဳပ္၏ သူငယ္ခ်င္းတစ္ဦးျဖစ္သူ ေတာင္ၾကီးျမိဳ႕ေတာ္ဝန္ေဟာင္း ေတာင္စြႏၷီ ဂ်ာေမ့ဗလီ နာယကၾကီးျဖစ္သူ ဦးခန္း(ခ)ဦးေဖရြတ္စ္ခါန္း ဒီကေန႔ ဇြန္ ၃ ရက္ေန႔ မနက္ ၄:၃၀ တြင္ ကြယ္လြန္သြားျပီ ျဖစ္ေၾကာင္း သိရပါတယ္။
ဦးခန္းသည္ ဗုိလ္ခ်ဳပ္ေအာင္ ဆန္း ပင္လုံစာခ်ဳပ္ လက္မွတ္ထုိး ရန္ ေတာင္ႀကီးမွ ပင္လုံသို႔အသြား ကိုယ္တုိင္ ကားေမာင္းကာ လုိက္ လံပို႔ေဆာင္ေပးခဲ့သူတစ္ဦးျဖစ္ၿပီး ပင္လုံစာခ်ဳပ္ခ်ဳပ္ဆိုမႈကို ကိုယ္တုိင္ မ်က္ျမင္ႀကံဳခဲ့သူတစ္ဦး ျဖစ္ပါတယ္။
ဗိုလ္ခ်ဳပ္နဲ႔ တစ္ႏွစ္တည္း ၁၉၁၅ ခုႏွစ္မွာေမြးတဲ့ ဦးခန္းကို ေတာင္ႀကီးၿမိဳ႕ ယခုၿမိဳ႕မရပ္ကြက္၊ ယခင္လယ္က်င္းရပ္ကြက္ တြင္ ေမြးဖြား ခဲ့သည့္ ဦးခန္းသည္ ေတာင္ႀကီး ABM ေက်ာင္းတြင္ ဆယ္တန္းအထိ ပညာသင္ၾကားခဲ့ပါတယ္။
လြတ္လပ္ေရးရျပီး ေလးႏွစ္အၾကာ ၁၉၅၂ ခုႏွစ္မွာ ဦးခန္းဟာ ရွမ္းျပည္နယ္ၿမိဳ႕ေတာ္ျဖစ္တဲ့ ေတာင္ၾကီးျမိဳ႕ရဲ႕ ပထမဆံုးျမိဳ႕ေတာ္ဝန္ အျဖစ္ ေရြးေကာက္တင္ေျမွာက္ျခင္း ခံခဲ့ရပါတယ္။ ေနာက္ေလးႏွစ္အၾကာမွာလည္း ၿမိဳ႕ေတာ္ဝန္ ဒုတိယ သက္တမ္းအတြက္ ေရြးေကာက္ တင္ေျမွာက္ျခင္းခံရျပီး ေတာင္ၾကီးၿမိဳ႕ စည္ပင္သာယာေရးေကာ္မတီရဲ႕ ဥကၠဌအျဖစ္လည္း ခန္႕အပ္ျခင္းခံရပါတယ္။
၁၉၆၂ ခုႏွစ္ ေတာ္လွန္ေရးအစိုးရ တက္လာခ်ိန္တြင္ ဦးခန္းအား ရွမ္းေစာ္ဘြားမ်ားႏွင့္ အတူ ဖက္ဒရယ္အေရး ေဆာင္ရြက္သည္ ဟု ဆိုကာ ဖမ္းဆီးခံခဲ့ရပါတယ္။
ဦးခန္းဟာ တရားစြဲဆိုျခင္းမခံရဘဲ ေထာင္ထဲမွာ ၆ ႏွစ္ၾကာေနခဲ့ရၿပီးေနာက္ ျပန္လြတ္လာခဲ့ပါတယ္။
ေထာင္မွလြတ္ၿပီးေသာ္လည္း ဦးခန္းသည္ ဇာတိေတာင္ႀကီးသို႔ ခ်က္ခ်င္းျပန္ခြင့္မရေသးဘဲ ရန္ကုန္တြင္ ေျခာက္ႏွစ္ခန္႔ ေျခခ်ဳပ္ႏွင့္ေန ခဲ့ရပါတယ္။
ေထာင္ကထြက္လာျပီး ဦးခန္းက ႏိုင္ငံေရးနဲ႔လံုးဝ ကင္းရွင္းေအာင္ ေနခဲ့ေပမယ့္လို႔ ၁၉၈၈ ခုႏွစ္ႏိုင္ငံတစ္ဝန္း ဒီမိုကေရစီ ေတာင္းဆိုတဲ့ လူထုအံုၾကြမႈ ျဖစ္ပြားစဥ္မွာ ရက္အတန္ၾကာ ထိန္းသိမ္းခံခဲ့ရတယ္လို႔ ဆိုပါတယ္။
သားသမီးေလးဦးရွိျပီး ေျမး ၁၁ ဦး၊ ျမစ္ ၇ ဦးတို႔ က်န္ရစ္ေၾကာင္းသိရိွရပါတယ္။
အစၥလာမ္ဘာသာဝင္တစ္ဦးျဖစ္တဲ့ ကြယ္လြန္သူ ဦးခန္းကို ယေန႔ ေန႔လည္ပိုင္းတြင္ ေတာင္ၾကီးျမိဳ႕တိုု္င္းရင္းသားေပါင္းစုံ စြႏၷီမြတ္စလင္မ္ သုႆန္သို႕ ပို႕ေဆာင္ ျမွဳပ္ႏွံ သျဂၤိဳဟ္မည္ျဖစ္ေၾကာင္းသိရိွရပါတယ္။
Bio ref and photo Credit- ဧရာဝတီ၊ 7Days
.
ဆက္စပ္သတင္းမ်ား ဖတ္ရန္
——————————
ဦးခန္း သို႔မဟုတ္ ေတာင္ႀကီးမွ ပင္လံုဆီ ဗိုလ္ခ်ဳပ္ႏွင့္အတူ
http://www.m-mediagroup.com/news/40930
.
ဗုိလ္ခ်ဳပ္ေအာင္ဆန္း သူငယ္ခ်င္းတစ္ဦးျဖစ္သည့္ ေတာင္ႀကီးသားဦးခန္း အသက္၁၀၀ ျပည့္ၿပီ
http://www.m-mediagroup.com/news/39128
.
သက္ရွိ ပင္လံုမွတ္တမ္း
http://www.m-mediagroup.com/news/32147",3.0,1.0,2.0,3.0,5.0,"The text is a biographical news report about a historical figure in Myanmar. It provides educational value regarding 20th-century Burmese history and the Panglong Agreement. It is written in natural, authentic Burmese, reflecting local cultural and religious contexts, though it functions primarily as a factual obituary rather than an analytical piece."
<urn:uuid:0e391104-1230-4471-ac43-250eed63797e>,"ရခိုင္သမိုင္းေက်ာက္စာ သင္တန္းဖြင့္ပြဲ အခမ္းအနားတစ္ခုကို ရခုိင္ျပည္နယ္ စစ္ေတြျမိဳ႕တြင္ ဇြန္လ ၂၉ ရက္ေန႔ က်င္းပ ျပဳလုပ္ခဲ့သည္။
၎အခမ္းအနားအား အဆိုပါေန႕ ေန႕လည္ (၁၂) နာရီ အခ်ိန္တြင္ ၿဂစ္ဘက္ေက်ာင္းရွိ ဓမၼာရံုတြင္ က်င္းပခဲ့ရာ သာကီမ႑ိဳင္ စာပီ၀ိုင္း အဖြဲ ့၀င္မ်ားျဖစ္သည့္ ဦးေမာင္သိန္းထြန္း ၊ ဦးသိန္းလြင္ ၊ ဦးေအာင္လွသိန္းႏွင့္ ဦးေက်ာ္ဇံေမာင္တို ့အပါအ၀င္ ရခိုင္သမိုင္းကို စိတ္၀င္စားသူ လူေပါင္း(၄၀) နီးပါး တက္ေရာက္ခဲ့သည္။
သင္တန္းဖြင့္ပြဲတြင္ သာကီမ႑ိဳင္ သဘာပတိ နာယက ဦးေမာင္သိန္းထြန္းက အဖြင့္မွာစကား ယခုကဲ့သုိ႕ ေျပာၾကားသည္။
“ ကၽြန္ေတာ္တို ့ရဲ႕ အခုအစီအစဥ္ဟာ သာကီမ႑ိဳင္စာပီ၀ိုင္း ေျခလွမ္းဟာ တတိယ အၾကိမ္ေျမာက္ ေျခလွမ္းျဖစ္ပါတယ္။ ပထမဦးဆုံး အၾကိမ္နဲ႕ ဒုတိယအၾကိမ္ က်ေနာ္တိ္ု႕ ေရွးေဟာင္း သမိုင္း၀င္ဘုရားမ်ားနဲ႕ ပတ္သက္ျပီး ေဆာင္ရြက္ခဲ့တာ ျဖစ္ပါတယ္။ အခု တစ္ၾကိမ္မွာေတာ့ ရခိုင္သမိုင္း သုေတသီ ဆရာဦးေအာင္လွသိန္းနဲ႕ ဆရာ ဦးေက်ာ္ဇံေမာင္တို ့ ဦးစီးျပီး ရခုိင္သမိုင္း နဲ႕ ရခုိင္ေက်ာက္စာသင္တန္းကို ရခိုင္လူငယ္ေလးေတြကို သမိုင္း လက္ဆင့္ကမ္း အေနနဲ႕ ေဆာင္ရြက္ေနတာ ျဖစ္ပါတယ္” ဟု ဆိုသည္။
၎ျပင္ ဦးေမာင္သိန္းထြန္းက ကိုယ့္သမိုင္းကို မသိရင္ စကားမေျပာတတ္ေသာ လူႏွင့္ တူသည္ဟု ဆိုသည္။
“ လူရယ္လို႕ ျဖစ္လာရင္ ကုိယ့္သမိုင္းကို ကုိယ္သိရမယ္။ ကုိသမိုင္းကို ကိုယ္မသိရင္ စကားမေျပာတတ္တဲ့ ‘အ’ ေနတဲ့ သူနဲ႕ တူတယ္။ ဒီအတြက္ေၾကာင့္ ရခုိင္ သမိုင္း ပညာရွင္ေတြေျပာသလုိ ့ရခိုင္သမိုင္းကုိ ရခုိင္သူ ရခုိင္သားတိုင္း သိဖုိ ့ လို ့အပ္ပါတယ္။ ေက်ာက္စာပညာနဲ႕ ရခိုင္မ်ိဳးရဲ႕သမိုင္းကိုလည္း သိထားဖို ့လို ့အပ္ပါတယ္” ဟု ဆိုသည္။
ယင္းျပင္ ဦးေမာင္သိန္းထြန္းက “ လက္တဲြျပီးေတာ့ အၾကံေကာင္း ဥာဏ္ေကာင္းမ်ား ေပးၾကပါ၊ လူဆိုတာ အားနည္းခ်က္အားသာခ်က္ဆိုတာရွိၾကပါတယ္၊ လိုအပ္ခ်က္ေတြက ရွိစျမဲပါ၊ မျပည့္စုံတာကို ျပည့္စုံေအာင္ျဖည့္စြက္ေပးၾကပါလို ့ေျပာၾကားခ်င္ပါတယ္ “ ဟု ေျပာၾကားခဲ့သည္။
အဆိုပါ ရခုိုင္သမိုင္း ေက်ာက္စာ သင္တန္းကို တစ္ပတ္တြင္ ေလးရက္စီ သင္ၾကားေပးသြားမည့္ ျဖစ္ေၾကာင္း သင္တန္းသူ တစ္ဦးမွ နိရဥၥရာသို ့ ေျပာ ၾကားခဲ့သည္။
(သတင္းအရင္းအျမစ္- နိရဥၥရာသတင္းဌာန)",3.0,2.0,2.0,5.0,5.0,"The document is a well-structured news report about a local history workshop in Rakhine State. It provides educational value regarding cultural preservation, uses natural Burmese phrasing with local context, and is free of noise or formatting issues. It requires basic general knowledge to comprehend and contains simple, direct reasoning regarding the importance of history."
<urn:uuid:b072567b-2496-45ad-b546-9af4124f15d0>,"ဝက္သားလုံးေၾကာ္က အိသက္အၾကိဳက္ ၊ သားေတြ သမီးေတြ လဲၾကိဳက္တဲ႔အစာ၊ သမီးေလးက အသားေကြ်းလို႔ မရတတ္ဘူး၊ ဒါေပမဲ႔ ဒါေလးဆိုရင္ ေဘာလုံးေၾကာ္ဆိုျပီးစားတယ္။ ခဏ ခဏစားျဖစ္တယ္။
ဘိတ္ခ်ဥ္က အိသက္အေမရဲ႕အၾကိဳက္ဆုံးအခ်ဥ္၊ ကိုယ္တိုင္လဲအရမ္းၾကိဳက္တယ္။ အခ်ဥ္လုပ္နည္းေလးအရင္ ေရးလိုက္မယ္ေနာ္။ လြယ္လြယ္ေလးပါေနာ္။
-တ႐ုတ္ငံျပာရည္(soy sauce)စားပြဲတင္ဇြန္း ၇ ဇြန္း
-သၾကား စားပြဲတင္ဇြန္းတဝက္
– င႐ုတ္သီးစိမ္းစိတ္
-ၾကက္သြန္ျဖဴစိတ္ ၊
-နံနံပင္ဓါးႏုတ္ေပါက္ ၊
– ၾကက္သားမႈန္႕ စားပြဲတင္ဇြန္းတဝက္
-သံပရာရည္နဲနဲ စားပြဲတင္ဇြန္းတဝက္
– ႏွမ္းဆီ၂စက္
အဲဒါေတြအားလုံးေရာလိုက္ရင္ရပါျပီ။
ဝက္သားလုံးေၾကာ္နည္း
ဝက္သားလုံးေၾကာ္နည္း
-ဝက္သား ၅၀၀ ဂရမ္
-ေကာ္မႈႈန္႕စားပြဲတင္ဇြန္း ၂ဇြန္း
– ဂ်င္းpaste စားပြဲတင္ဇြန္း ၁ဇြန္း
-ၾကက္သားမႈန္႔စားပြဲတင္ဇြန္း ၁ဇြန္း
-ၾကက္ဥ ၁ လုံး
အဆာပလာေတြအားလုံးကို ေရာလုံးထားပါ။
ေကာ္မႈန္႕ နဲ႔ ၾကက္ဥ ထဲ႔ရတာက စားတဲ႔အခါ အသားအရမ္းက်စ္ မေနပဲ အျပင္ ကြ်တ္ျပီး အထဲမႇာ အိေနေအာင္လို႔ပါေနာ္၊
ျပီးရင္ ဝက္သားလုံးေလးေတြဆီပူထဲ ေၾကာ္ျပီး နီလာျပီဆိုရင္ ပူပူေလးကို ဘိတ္ခ်ဥ္ေလးနဲ႔တို႔စားလို႔ရပါျပီ။",2.0,1.0,1.0,4.0,5.0,"The text is a casual, authentic Burmese recipe blog post. It provides practical culinary instructions (educational) with simple logical steps (reasoning). It is highly accessible (professionalism) and written in natural, colloquial Burmese with local cultural context regarding family meals and dipping sauces, though it lacks formal structure."
<urn:uuid:187a7b30-f725-4bb8-a862-b653782ba0d5>,"Zawgyi
အႏုပညာရွင္ေတြနဲ႔ ကရင္လက္နက္ကိုင္အဖြဲ႕အစည္းျဖစ္တဲ့ KNU တို႔က ပူးေပါင္းသြားၿပီဆိုတဲ့အေပၚ ေျဖရွင္းလာတဲ့ မင္းေမာ္ကြန္း
ႏိုင္ငံေက်ာ္ အႏုပညာရွင္ေတြ ျဖစ္ၾကတဲ့ လူမင္း၊ မင္းေမာ္ကြန္း၊ ဇင္ဝိုင္း၊ ကိုေပါက္၊ ေျပတီဦး၊ အိျႏၵာေက်ာ္ဇင္ စတဲ့ အႏုပညာရွင္ေတြ ကေတာ့ ထိန္းသိမ္းခံ ထားရတဲ့ သမၼတႀကီး ဦးဝင္းျမင့္နဲ႔ ႏိုင္ငံေတာ္ အတိုင္ပင္ခံပုဂၢိဳလ္ ေဒၚေအာင္ဆန္းစုၾကည္တို႔ကို
အျမန္ဆုံး ျပန္လႊတ္ေပးဖို႔နဲ႔ ဒီမိုကေရစီရရွိဖို႔ ျပည္သူလူထုနဲ႔ ပါဝင္ေတာင္းဆို ေနၾကတာပဲ ျဖစ္ပါတယ္။ ဒီကေန႔မွာေတာ့ အႏုပညာရွင္ေတြနဲ႔ ကရင္ လက္နက္ကိုင္အဖြဲ႕အစည္းျဖစ္တဲ့ KNU တို႔က ပူးေပါင္းသြားၿပီဆိုၿပီး ေကာလဟာလေတြ ထြက္ရွိေ နတာျဖစ္ၿပီး
ထိုအေၾကာင္းအရာနဲ႔ ပက္သတ္ၿပီး မင္းေမာ္ကြန္းက အခုလိုပဲ ေျပာလာပါတယ္။ “ဒါလုံးဝ မဟုတ္ပါဘူး။ ကြၽန္ေတာ္တို႔မေန႔က၁၂နာရီ ႐ုပ္ရွင္အစည္းအ႐ုံးေရွ႕မွာ ဗိုလ္ခ်ဳပ္ကို အေလးျပဳေနတဲ့အခ်ိန္ သူတို႔အတင္း လာဝင္ေရာတာပါ။ အစစ္အတုလည္း မသိပါဘူး။
စစ္ေၾကာင္းထြက္ရင္ လိုက္မယ္ဆိုလို႔ေတာင္ ထပ္မထြက္ပဲလူစုခြဲျပန္လာတာပါ။ သူတို႔ေျပာတာေတာ့ ဖမ္းဆီးခံရသူေတြကို လိုက္ထုတ္ေပးေနတဲ့အဖြဲ႕လို႔ေျပာပါတယ္။ ပူးေပါင္းတယ္ ဆိုတာ လုံးဝမဟုတ္ပါ။ မေန႔ကမွေတြ႕ဖူးတာပါ။ လုံးဝ မဟုတ္ပါဘူးေနာ္။ ဒါသက္သက္ သပ္လွ်ိေသြးခြဲတာပါ။
ရွယ္ေပးၾကပါ။ (ဒါခုမွသိရလို႔ထပ္ျဖည့္ေရးလိုက္တာပါသူတို႔က အတုဆိုတာ ေသခ်ာပါတယ္ တဲ့ခင္မ်ာ KNU လည္း မဟုတ္ပါဘူးတဲ့ခင္မ်ာ သတိထားပါ။ မ်ိဳးစုံယုတ္မာေနၾကပါတယ္)”ဆိုၿပီး သူ႔ရဲ႕ ေဖ့စ္ဘုတ္စာမ်က္ႏွာမွာ ရွင္းလင္ းလာပါတယ္။
မင္းေမာ္ကြန္း နဲ႔တကြ အႏုပညာရွင္ေတြ ကေတာ့ အခုလို ဒီမိုကေရစီရရွိေရး အတြက္ ၿငိမ္းခ်မ္းစြာ ဆႏၵေဖာ္ထုတ္ေနစဥ္မွာ အမ်ိဳးမ်ိဳးေသာ ေသြးထိုး လႈံ႕ေဆာ္မႈေတြနဲ႔ ႀကဳံဆုံေနရတာပဲ ျဖစ္ပါတယ္။
ပရိသတ္ႀကီး ကလည္း သတင္းတိုင္းကို ခ်င့္ခ်ိန္ၿပီးမွ ယုံၾကည္ၾကဖို႔ ေျပာပါရေစေနာ္။ ဖတ္ရႈေပးၾကတဲ့ ပရိသတ္ႀကီး အားလုံး သာယာေပ်ာ္႐ႊင္တဲ့ ေန႔ေလး တစ္ေန႔ကို ပိုင္ဆိုင္ႏိုင္ၾကပါေစလို႔ ဆုေတာင္းေပး လိုကၸါတယ္ေနာ္။
Source: Kyaw Kyaw Htay Lwin’s fb
Credit– Cele Connections
Unicode
အနုပညာရှင်တွေနဲ့ ကရင်လက်နက်ကိုင်အဖွဲ့အစည်းဖြစ်တဲ့ KNU တို့က ပူးပေါင်းသွားပြီဆိုတဲ့အပေါ် ဖြေရှင်းလာတဲ့ မင်းမော်ကွန်း
နိုင်ငံကျော် အနုပညာရှင်တွေ ဖြစ်ကြတဲ့ လူမင်း၊ မင်းမော်ကွန်း၊ ဇင်ဝိုင်း၊ ကိုပေါက်၊ ပြေတီဦး၊ အိန္ဒြာကျော်ဇင် စတဲ့ အနုပညာရှင်တွေ ကတော့ ထိန်းသိမ်းခံ ထားရတဲ့ သမ္မတကြီး ဦးဝင်းမြင့်နဲ့ နိုင်ငံတော် အတိုင်ပင်ခံပုဂ္ဂိုလ် ဒေါ်အောင်ဆန်းစုကြည်တို့ကို အမြန်ဆုံး ပြန်လွှတ်ပေးဖို့နဲ့
ဒီမိုကရေစီရရှိဖို့ ပြည်သူလူထုနဲ့ ပါဝင်တောင်းဆို နေကြတာပဲ ဖြစ်ပါတယ်။ ဒီကနေ့မှာတော့ အနုပညာရှင်တွေနဲ့ ကရင် လက်နက်ကိုင်အဖွဲ့အစည်းဖြစ်တဲ့ KNU တို့က ပူးပေါင်းသွားပြီဆိုပြီး ကောလဟာလတွေ ထွက်ရှိေ နတာဖြစ်ပြီး ထိုအကြောင်းအရာနဲ့ ပက်သတ်ပြီး မင်းမော်ကွန်းက အခုလိုပဲ ပြောလာပါတယ်။
“ဒါလုံးဝ မဟုတ်ပါဘူး။ ကျွန်တော်တို့မနေ့က၁၂နာရီ ရုပ်ရှင်အစည်းအရုံးရှေ့မှာ ဗိုလ်ချုပ်ကို အလေးပြုနေတဲ့အချိန် သူတို့အတင်း လာဝင်ရောတာပါ။ အစစ်အတုလည်း မသိပါဘူး။ စစ်ကြောင်းထွက်ရင် လိုက်မယ်ဆိုလို့တောင် ထပ်မထွက်ပဲလူစုခွဲပြန်လာတာပါ။ သူတို့ပြောတာတော့
ဖမ်းဆီးခံရသူတွေကို လိုက်ထုတ်ပေးနေတဲ့အဖွဲ့လို့ပြောပါတယ်။ ပူးပေါင်းတယ် ဆိုတာ လုံးဝမဟုတ်ပါ။ မနေ့ကမှတွေ့ဖူးတာပါ။ လုံးဝ မဟုတ်ပါဘူးနော်။ ဒါသက်သက် သပ်လျှိသွေးခွဲတာပါ။ ရှယ်ပေးကြပါ။ (ဒါခုမှသိရလို့ထပ်ဖြည့်ရေးလိုက်တာပါသူတို့က အတုဆိုတာ သေချာပါတယ် တဲ့ခင်မျာ KNU လည်း မဟုတ်ပါဘူးတဲ့ခင်မျာ သတိထားပါ။
မျိုးစုံယုတ်မာနေကြပါတယ်)”ဆိုပြီး သူ့ရဲ့ ဖေ့စ်ဘုတ်စာမျက်နှာမှာ ရှင်းလင် းလာပါတယ်။ မင်းမော်ကွန်း နဲ့တကွ အနုပညာရှင်တွေ ကတော့ အခုလို ဒီမိုကရေစီရရှိရေး အတွက် ငြိမ်းချမ်းစွာ ဆန္ဒဖော်ထုတ်နေစဉ်မှာ အမျိုးမျိုးသော သွေးထိုး
လှုံ့ဆော်မှုတွေနဲ့ ကြုံဆုံနေရတာပဲ ဖြစ်ပါတယ်။ ပရိသတ်ကြီး ကလည်း သတင်းတိုင်းကို ချင့်ချိန်ပြီးမှ ယုံကြည်ကြဖို့ ပြောပါရစေနော်။ ဖတ်ရှုပေးကြတဲ့ ပရိသတ်ကြီး အားလုံး သာယာပျော်ရွှင်တဲ့ နေ့လေး တစ်နေ့ကို ပိုင်ဆိုင်နိုင်ကြပါစေလို့ ဆုတောင်းပေး လိုက္ပါတယ်နော်။
Source: Kyaw Kyaw Htay Lwin’s fb
Credit– Cele Connections",1.0,2.0,2.0,3.0,5.0,"The text is a news report about a celebrity clarifying rumors. It provides basic information about current events but lacks deep educational or analytical value. It is written in natural, authentic Burmese, reflecting local political context and social media discourse. The inclusion of both Zawgyi and Unicode versions is a common, albeit redundant, formatting practice in Burmese digital media."
<urn:uuid:41b4ed6e-8cb0-45fd-934a-fc81bc3f8a75>,"အနာအဆာပါတိုင်း တန်ဖိုးမဲ့တယ်ဆိုရင်( ဖတ်ကြည့်ပါ အရမ်းကောင်းတယ် )
အနာအဆာပါတိုင်း တန်ဖိုးမဲ့တယ်ဆိုရင်ဆန်ထဲ ကြွက်ချေးပါလာရင်ဆန်အကုန်လုံးကိုသွန်ပစ်မယ့်အစား ကြွက်ချေးကို
ဖယ်စားသင့်တယ်အနာပါတဲ့ငှက်ပျောသီးတစ်လုံးကဆာလောင်ငတ်မွတ်နေသူအဖို့ကတော့အနာဖယ်ပီးစားတတ်ရင် အာဟာရဖြစ်မယ်။
ထို့အတူပါပဲ လူ့လောကမှာလူလူချင်းပေါင်းသင်းဆက်ဆံရေးမှာအားနည်းချက်ရှိသူအချင်းချင်း အပြစ်အနာအဆာတွေကိုအပြန်အလှန်ဖေးမတည့်မတ်ရင်းအနာအဆာကိုဖယ်ပီးပေါင်းသင်းတတ်သွားရင်အမြင်ကျယ်ပီး ရင့်ကျက်တဲ့ လူတွေဖြစ်လာမှာပါ။
အမြင်မတူပေမယ့် နှလုံးသားတူရင်သွေးမတော်သားမစပ်သူစိမ်းတွေတောင်လင်နှင့်မယားဆိုတာဖြစ်လာကြသေးတာပါပဲ။
လောကမှာ တူညီတဲ့အရာတွေပဲတစ်သားတည်းဖြစ်အောင်ပေါင်းစည်းလို့ရနေတာ မဟုတ်ပါဘူးဆန့်ကျင်ဘက် မတူညီတဲ့ အရာတွေကိုခွဲမရအောင်ပေါင်းစည်း ၊လိင်မတူတိုင်း ၊ခံယူချက်မတူတိုင်းရန်သူဖြစ်မသွားပါဘူးအဓိက လိုအပ်နေတာကအတ္တနည်းပီး ကိုယ်ချင်းစာစိတ်ရှိရင်ကမ္ဘာကြီးက ရွာကြီးပါပဲ။
Credit
zawgyi
အနာအဆာပါတိုင္း တန္ဖိုးမဲ့တယ္ဆိုရင္( ဖတ္ၾကည့္ပါ အရမ္းေကာင္းတယ္ )
အနာအဆာပါတိုင္း တန္ဖိုးမဲ့တယ္ဆိုရင္ဆန္ထဲ ႂကြက္ေခ်းပါလာရင္ဆန္အကုန္လုံးကိုသြန္ပစ္မယ့္အစား ႂကြက္ေခ်းကို
ဖယ္စားသင့္တယ္အနာပါတဲ့ငွက္ေပ်ာသီးတစ္လုံးကဆာေလာင္ငတ္မြတ္ေနသူအဖို႔ကေတာ့အနာဖယ္ပီးစားတတ္ရင္ အာဟာရျဖစ္မယ္။
ထို႔အတူပါပဲ လူ႔ေလာကမွာလူလူခ်င္းေပါင္းသင္းဆက္ဆံေရးမွာအားနည္းခ်က္ရွိသူအခ်င္းခ်င္း အျပစ္အနာအဆာေတြကိုအျပန္အလွန္ေဖးမတည့္မတ္ရင္းအနာအဆာကိုဖယ္ပီးေပါင္းသင္းတတ္သြားရင္အျမင္က်ယ္ပီး ရင့္က်က္တဲ့ လူေတြျဖစ္လာမွာပါ။
အျမင္မတူေပမယ့္ ႏွလုံးသားတူရင္ေသြးမေတာ္သားမစပ္သူစိမ္းေတြေတာင္လင္ႏွင့္မယားဆိုတာျဖစ္လာၾကေသးတာပါပဲ။
ေလာကမွာ တူညီတဲ့အရာေတြပဲတစ္သားတည္းျဖစ္ေအာင္ေပါင္းစည္းလို႔ရေနတာ မဟုတ္ပါဘူးဆန႔္က်င္ဘက္ မတူညီတဲ့ အရာေတြကိုခြဲမရေအာင္ေပါင္းစည္းထားတာေတြအမ်ားႀကီးရွိေနပါတယ္။
အျမင္မတူတိုင္း ၊ ခံစားခ်က္မတူတိုင္း ၊လိင္မတူတိုင္း ၊ခံယူခ်က္မတူတိုင္းရန္သူျဖစ္မသြားပါဘူးအဓိက လိုအပ္ေနတာကအတၱနည္းပီး ကိုယ္ခ်င္းစာစိတ္ရွိရင္ကမာၻႀကီးက ႐ြာႀကီးပါပဲ။
Credi",3.0,2.0,1.0,2.0,5.0,"The text offers moral and social guidance suitable for general education. It uses simple analogies to explain complex human relationships. While the content is repetitive due to the inclusion of both Zawgyi and Unicode versions, the language is natural, culturally authentic, and reflects Burmese social values regarding empathy and tolerance."
<urn:uuid:61605d38-fbf1-4618-a3c2-1a298eb5b718>,"ကံၾကမၼာပစ္ခ်လိုက္ပံုက
ရမ္းကားသေလာက္ ရက္စက္ခဲ့ေပမယ့္
မင္းကို ယုယေထြးပိုက္ဖို႕
မင္းကို ထြန္းညႇႇိလင္းလက္ဖို႔
ေဟာဒီ့မွာ
အလင္းပ်ိဳးတဲ့လက္ေတြ ေစာင့္ေနတယ္ ။
ကေလးေရ
ဘယ္ၾကယ္စင္ကိုမဆို
မင္းဆြတ္ယူခြင့္ရွိတယ္ကြယ့္
ဘ၀ေတာႀကီးမ်က္မည္းမွာ
ေလာကဓံဆိုတာ
အၾကမ္းခံေတာစီးဖိနပ္တစ္ရံပါကြာ.....
မင္းရဲ႕ သတၱိက
မင္းအတြက္ ေဆာင္ဓါး
မင္းရဲ႕ ခြန္အားက
မင္းအတြက္ေလးညိႇႇဳ႕တစ္စံုေပ့ါ
ခုတ္ထြင္လိုက္ ရႈင္းလင္းလိုက္
လိုအပ္ရင္ ရင္ဆိုင္ရဦးမယ့္
အႏၱရယ္အသြယ္သြယ္အတြက္
မင္း....အဆင္သင့္ျပင္ထားလိုက္..
ကေလးေရ..
အားမာန္အျပည့္ ေလွ်ာက္လွမ္းရဦးမယ့္
မိုင္ေထာင္ခ်ီ ခရီးရွည္ႀကီးအစ
ပထမေျမာက္ မင္းရဲ႕ေျခလွမ္းဟာ
""သုခရိပ္ျမံဳ "" က တာထြက္လာျပီေလ..
မင္း..ရဲရင့္ပါ
မင္း..ယံုၾကည္ပါ
မင္း..ဇြဲသန္ပါ
မင္းဟာ..အရာရာပါ.. ကေလးရဲ႕..
လွမ္းေမွ်ာ္ၾကည့္လိုက္စမ္း
ေဟာဟို႔..ေကာင္းကင္ထက္ဆီက
လင္းလက္ရႊန္းပေနသမွ်
ဘယ္ၾကယ္စင္ကိုမဆို..
မင္း လည္း ဆြတ္ယူခြင့္ရွိတယ္ေလ..။
အိျႏၵာ
အိတ္ခ်္အုိင္ဗီြ ေအအုိင္ဒီအက္စ္ ကူးစက္ခံ ကေလးသူငယ္မ်ားအတြက္
၂၀ ရက္ ဒီဇင္ဘာလ ၂၀၀၉ အင္ယားကန္ေစာင္း စိမ္းလန္းစိုေျပဥယ်ာဥ္မွာ
DOI ( Dream Of Inferior Poretry Club) မွ ကဗ်ာဆရာလူငယ္ေတြစုစည္းျပီး..
အလင္းပ်ိဳးမယ့္လက္ဆိုတဲ့ စာနာမႈ ကဗ်ာရႊတ္ပြဲေလးတစ္ခု စီစဥ္က်င္းပခဲ့ၾကပါတယ္။
စုစုေပါင္း ကဗ်ာ(၁၃)ပုဒ္ ရြတ္ဆိုၾကျပီး ကဗ်ာခ်စ္သူမ်ားပါ ပါ၀င္ႏုိင္တဲ႔
ပါေဖာင့္မန္႔အတ္ ကဗ်ာကုိလည္း စုစည္းေရးစပ္ခဲ့ၾကတယ္…
HIV .. သရုပ္ေဖာ္.. ၿပကြက္ တစ္ခုကုိ ပါ၀င္ၿပသခဲ့တယ္လို႔သိရပါတယ္။
ရရွိတဲ့ အလွဴေငြေတြကို သုခရိပ္ျမံဳ HIV ကူးစက္ခံမိဘမဲ့ကေလးမ်ားေဂဟာကုိ လွဴဒါန္းၾကမယ္လို႔
သာဓုေခၚၾကည္ႏူး၀မ္းေျမာက္ မုဒိတာပြားဖြယ္ရာၾကားသိရပါတယ္။
အဲဒီ့ကဗ်ာရြတ္ပြဲမွာ မင္းယြန္းသစ္က ဒီကဗ်ာေလးကို ရြတ္ဆိုခဲ့ပါတယ္။
၂၀ ရက္ ဒီဇင္ဘာလ ၂၀၀၉ အင္ယားကန္ေစာင္း စိမ္းလန္းစိုေျပဥယ်ာဥ္မွာ
DOI ( Dream Of Inferior Poretry Club) မွ ကဗ်ာဆရာလူငယ္ေတြစုစည္းျပီး..
အလင္းပ်ိဳးမယ့္လက္ဆိုတဲ့ စာနာမႈ ကဗ်ာရႊတ္ပြဲေလးတစ္ခု စီစဥ္က်င္းပခဲ့ၾကပါတယ္။
စုစုေပါင္း ကဗ်ာ(၁၃)ပုဒ္ ရြတ္ဆိုၾကျပီး ကဗ်ာခ်စ္သူမ်ားပါ ပါ၀င္ႏုိင္တဲ႔
ပါေဖာင့္မန္႔အတ္ ကဗ်ာကုိလည္း စုစည္းေရးစပ္ခဲ့ၾကတယ္…
HIV .. သရုပ္ေဖာ္.. ၿပကြက္ တစ္ခုကုိ ပါ၀င္ၿပသခဲ့တယ္လို႔သိရပါတယ္။
ရရွိတဲ့ အလွဴေငြေတြကို သုခရိပ္ျမံဳ HIV ကူးစက္ခံမိဘမဲ့ကေလးမ်ားေဂဟာကုိ လွဴဒါန္းၾကမယ္လို႔
သာဓုေခၚၾကည္ႏူး၀မ္းေျမာက္ မုဒိတာပြားဖြယ္ရာၾကားသိရပါတယ္။
အဲဒီ့ကဗ်ာရြတ္ပြဲမွာ မင္းယြန္းသစ္က ဒီကဗ်ာေလးကို ရြတ္ဆိုခဲ့ပါတယ္။",2.0,1.0,1.0,2.0,5.0,"The text is a poem followed by a report on a charity event for HIV-affected children. It is culturally authentic and emotionally resonant in Burmese. However, it contains significant repetition of the report section, which lowers the cleanliness score. It offers inspiration rather than structured educational or complex reasoning content."
<urn:uuid:5dfa902a-7b72-4029-8bc9-5fc42009f2d4>,"စစ်တပ်နဲ့ အပြိုင် လယ်ထွန်တဲ့ လယ်သမားတချို့ အဖမ်းခံခဲ့ရ
ရခိုင်ပြည်နယ် ကျောက်တော် မြို့နယ်မှာ စစ်တပ်က သိမ်းထားတဲ့ လယ်တွေပေါ်မှာ စစ်တပ်ကရော ရွာသားတွေကပါ အပြိုင် တက် လယ်ထွန်ကြရာကနေ ပြဿနာ တင်းမာလာတဲ့ အတွက် ရခိုင်ပြည်နယ်က ဝန်ကြီးတွေ လာရောက် ဖြေရှင်းခဲ့ရပါတယ်။
ကျောက်တော်မြို့နယ် အုတ်တောင်ပြင်နဲ့ ပြိန်းချောင်း ရွာ လယ်သမားတွေဆီက စစ်တပ်က သိမ်းထားတဲ့ လယ်ဧက ၁၃၂ ဧကကို စစ်တပ် ကရော လယ်သမားတွေ ကပါ အပြိုင် လယ်တက်ထွန်ကြတဲ့ အတွက် ပြဿနာ တင်းမာ လာတာကြောင့် ရခိုင်ပြည်နယ်က လျှပ်စစ် ဝန်ကြီး ဦးသာလူချေနဲ့ နောက်ဝန်ကြီး တစ်ဦးအပါအဝင် ခရိုင် မြို့နယ် အဆင့် အရာရှိတွေ ကိုယ်တိုင် သွားရောက်ပြီး ပြဿနာကို ဒီကနေ့မှာ ဖြေရှင်းခဲ့ရတယ်လို့ သိရပါတယ်။
အခု လယ်တက်ထွန်တဲ့ လယ်သမား ၂၈ ဦးထဲက ၁၈ ဦးကိုတော့ ခမရ ၅၃၉ တပ်ရင်းက ရဲစခန်းမှာ အမူဖွင့် တရားစွဲလိုက်ပြီ ဖြစ်တယ်လို့ ကြားသိ ရကြောင်း လယ်သမားတွေက ပြောပါတယ်။
ဒါပေမယ့်လည်း သူတို့မှာ တစ်ခြား လုပ်ကိုင် စားသောက်စရာ အသက်မွေး ဝမ်းကျောင်း အလုပ် မရှိတဲ့ အတွက် အရေးယူခံရမှာကို ကြောက်ပေမယ့် လယ်တွေကို ဆက်လက် ထွန်သွားမယ်လို့ ပြောပါတယ်။
လယ်သမားတွေဟာ တနင်္လာနေ့ မနက်ထိ လယ်တွေပေါ်မှာ စစ်သားတွေနဲ့ အပြိုင် ထွန်ယက်ခဲ့ကြတယ်လို့ ပြောပါတယ်။
ဒီကနေ့ ပြဿနာကို သွားရောက် စစ်ဆေးရာမှာ ပါဝင်ခဲ့တဲ့ လျှပ်စစ် ဝန်ကြီး ဦးသာလူချေကတော့ လယ်မြေတွေကို လယ်သမားတွေ ပိုင်ဆိုင်ခဲ့တာ မှန်ပေမယ့် အခုအခါ စစ်တပ်လက်ထဲ တရားဝင် ရောက်ရှိသွားပြီ ဖြစ်တဲ့ အတွက် လယ်မြေ တွေ ပြန်ရရေးကို ဥပဒေအတွင်းကသာ ဆက်လက် ကြိုးစားသင့်တယ်လို့ ပြောပါတယ်။
ဒီလယ်မြေတွေဟာ ၂၀၁၀ ခုနှစ် အတွင်း အောက်တိုဘာလက ပြည်ထဲရေး ဝန်ကြီးဟောင်း ဦးမောင်ဦး အမိန့်နဲ့ သိမ်းယူသွားတဲ့ လယ်မြေတွေ ဖြစ်တယ်လို့ သိရပါတယ်။
ခုလို စစ်တပ်က သိမ်းထားတဲ့ လယ်မြေတွေပေါ်မှာ လယ်တက်ထွန်တဲ့ အတွက် မင်းပြားမြို့နယ် ပုလဲပေါက် ကျေးရွာနဲ့ ရသေ့တောင်မြို့နယ် နေပူခံ၊ ကောင်းရီချောင်း ကျေးရွာတွေက လယ်သမားတွေ အများအပြားလည်း တရားစွဲခံထားကြရပြီး အမှု ရင်ဆိုင်နေကြရတယ်လို့ သိရပါတယ်။",2.0,2.0,2.0,5.0,5.0,"The text is a well-written, objective news report about land disputes in Rakhine State. It provides clear factual reporting on a socio-political issue, uses natural Burmese phrasing, and maintains a professional tone. It lacks complex reasoning or deep academic analysis, serving primarily as a journalistic account of local events."
<urn:uuid:9170acd8-bb4b-4ff7-8c81-7f41c3b982d6>,"အလွဴေတာ္မဂၤလာ ဖိတ္ၾကားလြာ
ဓမၼအလင္းအသင္းသားမ်ား(DMLFC)၏ မိဘမ်ားကုိ အမွဴးထား၍ အန္ဆန္းျမိဳ႔ သႏၱိကရဝိဟာရ၌ ေက်ာင္းေဝယ်ာဝစၥအတြက္ လစဥ္လွဴဒါန္းခဲ့ၾက၊ လွဴဒါန္းေနၾကဆဲျဖစ္ေသာ ကုသုိလ္အစုစုကုိ ေရစက္ခ် အမ်ေပးေဝပြဲအခမ္းအနားကုိ ျပဳလုပ္လုိပါသျဖင့္ သံဃာေတာ္အရွင္သူျမတ္မ်ားအား အရုဏ္ဆြမ္း ေန႔ဆြမ္းဆက္ကပ္ျပီး ထပ္မံကုသုိလ္ယူမည္ျဖစ္ပါသည္။
သုိ႔ပါ၍ သူငယ္ခ်င္းမ်ားအားလုံး လာေရာက္၍ ဓမၼအလင္းအသင္းသားမ်ား၏ ကုသုိလ္အဖို႔ကုိ သာဓုေခၚဆုိ အမ်ယူရင္း အရသာရွိေသာအာဟာရမ်ားကုိ လာေရာက္သုံးေဆာင္ၾကပါရန္ ခင္မင္ေလးစားစြာျဖင့္ ဖိတ္ၾကားအပ္ပါသည္။
ခင္မင္ေလးစားမႈျဖင့္
ဓမၼအလင္းအသင္းသားမ်ား
(DMLFC)
အစီအစဥ္
ေန႔ရက္ - ( ၁၇, ၈, ၂၀၁၄ ) တနဂၤေႏြေန႔
တရားနာယူခ်ိန္ - မနက္ (၁၀း၀၀) နာရီ
ေနရာ - သႏၱိကရဝိဟာရ၊ အန္ဆန္းျမိဳ႔
ဧည့္ခံမႈ - အရသာရွိေသာ ဒံေပါက္",1.0,1.0,1.0,5.0,5.0,"The document is a formal invitation to a Buddhist merit-sharing ceremony. It is culturally authentic, using appropriate honorifics and terminology. While it lacks educational or complex reasoning content, it is clean, well-structured, and reflects genuine Burmese social and religious practices."
<urn:uuid:aeeb4f6d-21ac-423e-8c83-7b74680ef9b2>,"ရေဦးမြို့နယ်အတွင်းက မိုင်တဲလ်တာဝါတိုင်နှစ်ခု ဖျက်ဆီးခံရ
စစ်ကိုင်းတိုင်းဒေသကြီး၊ ရေဦးမြိုနယ်အတွင်းက မိုင်တဲလ်တာဝါတိုင်နှစ်ခု စက်တင်ဘာ ၉ ရက်နေ့ည ၉ နာရီလောက်က တပြိုင်တည်း ဖျက်ဆီးခံခဲ့ရတယ်လို့ ဒေသခံတွေက ပြောပါတယ်။
ရေဦးမြို့နယ် အင်တောအုပ်စု ဆပ်သေကျေးရွာ နဲ့ ဝသဲအုပ်စု မီးမောင်းကုန်းကျေးရွာရှိ မိုင်တဲလ်တာဝါတိုင် နှစ်ခု ဖျက်ဆီးခံရတာလို့ ဆိုပါတယ်။
ဒေသခံတဦးက “ဘယ်အဖွဲ့အစည်းကမှန်းလည်းမသိဘူး။ ဒေသခံတွေကတော့ မဟုတ်ဘူးဆိုတာကတော့ သေချာတယ်။ သူတိုစကားပြောသံတွေကြားရတယ်။ ကိုယ်ရွာသားတွေဆိုရင် ရုပ်မမြင်ရတောင် အသံကြားရတာနဲ့ ဒီအသံ ဘယ်သူဖြစ်နိုင်တယ်ဆိုတာ မှန်းလို့ရတယ်လေ။ အခုဟာကတော့ သိလည်းမသိဘူး။ သွားလည်းမကြည့်ရဲဘူး။ ဒီလိုအဖျက်ဆီးခံရလို့ စစ်ကောင်စီတပ်တွေလာပြီး ကျနော်တို့ဒေသခံတွေ ဖမ်းဆီးနှိပ်ဆက်ခံရမှာတော့ ကြောက်တာပေါ့ဗျာ။ ဒီစစ်ကောင်စီတပ်တွေက ယုံရတာမဟုတ်ဘူး” လို့ ဒေသခံတစ်ဦးကပြောပါတယ်။",1.0,1.0,2.0,5.0,5.0,"The text is a straightforward news report about local events in Myanmar. It uses natural, authentic Burmese phrasing and local context regarding the political situation. It is clean, well-formatted, and provides basic information, though it lacks deep educational or complex reasoning components."
<urn:uuid:df6826e2-15d0-4f29-b6db-0c01f4dc1b2b>,"#Zawgyi
ရန္ကုန္ၿမိဳ႕မွာ ပထမဆံုးအႀကိမ္အျဖစ္္ မီးပံုးပ်ံအလံုး ၅၀၀ တစ္ၿပိဳင္တည္းလႊတ္တင္ခဲ့တဲ့ အခမ္းနားဆံုးနဲ႔ အစည္ကားဆံုး တန္ေဆာင္တိုင္မီးထြန္းပြဲႀကီးကို Fortune TV မွစီစဥ္က်င္းပ။
Fortune TV ကစီစဥ္က်င္းပတဲ့ အႀကီးက်ယ္ဆံုးနဲ႔ အခမ္းနားဆံုးျဖစ္တဲ့ တန္ေဆာင္တိုင္မီးထြန္းပြဲေတာ္ႀကီးကို ၈.၁၁.၂၀၁၉ မွ ၁၂.၁၁.၂၀၁၉အထိ ရန္ကုန္ၿမိဳ႕ျပည္လမ္း အင္းလ်ားကန္ေဘာင္မွာ ၅ ညတိုင္တိုင္ စည္ကားသိုက္ၿမိဳက္စြာက်င္းပၿပီးစီးခဲ့ၿပီျဖစ္ပါတယ္။ တန္ေဆာင္မုန္းလျပည့္ညမွာ ျပဳလုပ္ခဲ့တဲ့ မီးပံုးပ်ံ အလံုး ၅၀၀ တစ္ၿပိဳင္နက္လႊတ္တင္ပြဲမွာ ပရိသတ္မ်ားကိုယ္တိုင္ Fortune TV နဲ႔အတူပါဝင္ဆင္ႏႊဲရတာျဖစ္လို႔ ပရိသတ္မ်ားအထူးေက်နပ္အားရေပ်ာ္ရႊင္ခဲ့ၾကပါတယ္..။
တန္ေဆာင္မုန္းလျပည့္ညေကာင္းကင္ယံကို တစ္ၿပိဳင္တည္းလြင့္တက္သြားတဲ့ မီးပံုးပ်ံအလံုး ၅၀၀ ဟာ..ျမင္ရသူအေပါင္းဘဝင္ႏွလံုးကိုၾကည္ႏူးေစၿပီး Fortune TV နဲ႔တကြ ေတာင္းဆုျပဳသူမ်ားအတြက္ နမိတ္ေကာင္းျဖစ္ခဲ့ရပါတယ္..။ ဒါ့အျပင္ႏိုင္ငံေက်ာ္အဆိုေတာ္မ်ားရဲ႕ သီဆိုတီးခတ္မႈမ်ား၊ Fortune TV ရဲ႕ Game အစီအစဥ္မ်ားကိုလည္း ပရိသတ္မ်ားအထုူးစိတ္ဝင္စားၿပီး ဝင္ေရာက္ကစားသူမ်ား မ်ားျပားခဲ့ပါတယ္။
ပြဲႀကီးကို Exclusive Sponsor အျဖစ္ ASIA အခ်ိဳရည္မွလည္း ပါဝင္ကူညီအားျဖည့္ေပးခဲ့ပါတယ္..။ ယခုလို မီးပံုးပ်ံအလံုး ၅၀၀ ကို တစ္ၿပိဳင္နက္တည္းလႊတ္တင္ျခင္းဟာ ရန္ကုန္ၿမိဳ႕မွာ ပထမဆံုးျဖစ္တဲ့အတြက္ ပရိသတ္မ်ားအေနနဲ႔ ႏွစ္သက္ၾကလို႔ video ျဖင့့္မွတ္တမ္းတင္သူမ်ား မ်ားျပားခဲ့ၿပီး လူမႈကြန္ယက္မ်ားမွာလည္း share ၾကသူမ်ားမ်ားျပားခဲ့ပါတယ္..။
#Unicode
ရန်ကုန်မြို့မှာ ပထမဆုံးအကြိမ်အဖြစ်် မီးပုံးပျံအလုံး ၅၀၀ တစ်ပြိုင်တည်းလွှတ်တင်ခဲ့တဲ့ အခမ်းနားဆုံးနဲ့ အစည်ကားဆုံး တန်ဆောင်တိုင်မီးထွန်းပွဲကြီးကို Fortune TV မှစီစဉ်ကျင်းပ။
Fortune TV ကစီစဉ်ကျင်းပတဲ့ အကြီးကျယ်ဆုံးနဲ့ အခမ်းနားဆုံးဖြစ်တဲ့ တန်ဆောင်တိုင်မီးထွန်းပွဲတော်ကြီးကို ၈.၁၁.၂၀၁၉ မှ ၁၂.၁၁.၂၀၁၉အထိ ရန်ကုန်မြို့ပြည်လမ်း အင်းလျားကန်ဘောင်မှာ ၅ ညတိုင်တိုင် စည်ကားသိုက်မြိုက်စွာကျင်းပပြီးစီးခဲ့ပြီဖြစ်ပါတယ်။ တန်ဆောင်မုန်းလပြည့်ညမှာ ပြုလုပ်ခဲ့တဲ့ မီးပုံးပျံ အလုံး ၅၀၀ တစ်ပြိုင်နက်လွှတ်တင်ပွဲမှာ ပရိသတ်များကိုယ်တိုင် Fortune TV နဲ့အတူပါဝင်ဆင်နွှဲရတာဖြစ်လို့ ပရိသတ်များအထူးကျေနပ်အားရပျော်ရွှင်ခဲ့ကြပါတယ်..။
တန်ဆောင်မုန်းလပြည့်ညကောင်းကင်ယံကို တစ်ပြိုင်တည်းလွင့်တက်သွားတဲ့ မီးပုံးပျံအလုံး ၅၀၀ ဟာ..မြင်ရသူအပေါင်းဘဝင်နှလုံးကိုကြည်နူးစေပြီး Fortune TV နဲ့တကွ တောင်းဆုပြုသူများအတွက် နမိတ်ကောင်းဖြစ်ခဲ့ရပါတယ်..။ ဒါ့အပြင်နိုင်ငံကျော်အဆိုတော်များရဲ့ သီဆိုတီးခတ်မှုများ၊ Fortune TV ရဲ့ Game အစီအစဉ်များကိုလည်း ပရိသတ်များအထုူးစိတ်ဝင်စားပြီး ဝင်ရောက်ကစားသူများ များပြားခဲ့ပါတယ်။
ပွဲကြီးကို Exclusive Sponsor အဖြစ် ASIA အချိုရည်မှလည်း ပါဝင်ကူညီအားဖြည့်ပေးခဲ့ပါတယ်..။ ယခုလို မီးပုံးပျံအလုံး ၅၀၀ ကို တစ်ပြိုင်နက်တည်းလွှတ်တင်ခြင်းဟာ ရန်ကုန်မြို့မှာ ပထမဆုံးဖြစ်တဲ့အတွက် ပရိသတ်များအနေနဲ့ နှစ်သက်ကြလို့ video ဖြင့့်မှတ်တမ်းတင်သူများ များပြားခဲ့ပြီး လူမှုကွန်ယက်များမှာလည်း share ကြသူများများပြားခဲ့ပါတယ်..။",1.0,1.0,2.0,5.0,5.0,"The text is a promotional news report about a cultural event in Yangon. It provides basic information about a festival but lacks educational depth or complex reasoning. It is written in natural, authentic Burmese, reflecting local cultural practices and events, and is presented in both Zawgyi and Unicode formats without significant noise."
<urn:uuid:8c2575e7-4d66-4696-9a86-a697deb319f5>,"လင္မယားနွစ္ေယာက္ တရုတ္ၿပည္နယ္ က ၿမန္မာၿပည္ကိုလမ္းေလွ်ာက္ၿပီး၀င္လာခဲ့တာ။တို႔ၿမိဳ.မွာအေၿခခ်ခဲ႔ၿပီး
တို႔အေဖကို တို႔ၿမိဳ.မွာပဲေမြးခဲ.တာ။တို႔ အမ္းမ(အဘြား)က ဗမာလိုနည္းနည္းပဲ တတ္တယ္။သူကBuddhism ၊
ဘာသာတရားကိုအရမ္း ယံုၾကည္တယ္။ဘုရားစာအားလံုးကို နႈတ္တိုက္ပါဠိလို အကုန္ရတယ္။ဒါေပမယ္.ဘာသာ
အစြဲၾကီးတယ္။သားသမီးေတြအကုန္လံုးကို တရုတ္လူမ်ိဳးနဲ႔ပဲအိမ္ေထာင္ၿပဳေစခ်င္တယ္။တို႔အေဖက တို႔အေမ
(ၿမန္မာမ)ကိုယူေတာ႔လံုး၀မေခၚဘူး။အဲဒါေၾကာင္႔ တို႔က ၿမန္မာအေမ အသိုင္း၀ိုင္းမွာ ၾကီးၿပင္းလာၿပီးေတာ႔ကာ
တရုတ္စကား၊တရုတ္ ထံုးတမ္းစဥ္လာနဲ႔မရင္းနွီးဘူး။တို.အေဖက တရုတ္လို ေရးတတ္ ေၿပာတတ္တယ္။တို႔အေဖ
ရဲ့အမအၾကီးဆံုးက တို.အေဖကိုခ်စ္ေတာ႔ တို႔ေတြကို လာလာၾကည့္တယ္၊တို႔အေဖကိုၿပန္ေခၚဖို႔ လဲ အဘြားကိုနား
ခ်တယ္။ေနာက္ဆံုးေတာ႔ တို႔ေမာင္နွစ္မေတြ တရုတ္ နွစ္ကူးမိသားစုကန္ေတာ႔ပြဲ လုပ္ရင္ အေဒၚလာလာေခၚလို႔
အဘြားအိမ္ကိုေရာက္ၿဖစ္တယ္။နွစ္ကူးကန္ေတာ႔ပြဲ မွာ မိသားစုအကုန္ စံုၿပီး အဘြားအိမ္မွာလုပ္တာ။မနက္ပိုင္း
ကန္ေတာ႔ဖို႔၀က္သားကို ၂၅က်ပ္သားခန္႔ကိုၿပဳတ္၊ၾကက္ကိုအထဲက ကလီစာ အၿပင္ထုတ္သန္႔စင္ၿပီးဗိုက္ထဲ ၿပန္
ထည့္ အေကာင္လိုက္ၿပဳတ္တယ္။ဘဲကိုလည္းၾကက္အတိုင္းၿပဳတ္၊ငါးတစ္ေကာင္ေၾကာ္တယ္၊ထမင္းၿဖဴတစ္ပြဲ၊
ေခါက္ဆြဲၿပဳတ္တစ္ပြဲ၊တီေကြ.၊မုန္႔မ်ိဳးစံု၊အရက္၊ေရေႏြးၾကမ္း၊ငရုတ္ဆီ၊တူ၊ဓား၊အေမႊးတိုင္ နွင္႔ဖေယာင္းတိုင္ထြန္း
ဖို႔ၿပင္ဆင္ထားရတယ္။လူမ်ိဳးကြဲ ကိုလိုက္ၿပီး ကန္႔ေတာ႔ပံုကြဲၿပားတယ္။
မြန္းလြဲလို႔ အားလံုး ကန္ေတာ႔ဖို႔လူစံုၿပီဆိုရင္ တို႔ေကာေကာ က အိမ္အဝထြက္ၿပီး ကြယ္လြန္သြား တဲ႔ဘိုး၊ေဘး၊
ဘီ၊ဘင္ေတြ ကို ဖိတ္ေခၚတယ္။ခဏၾကာေတာ႔ သူတို.ေရာက္မေရာက္ သိရေအာင္ အေၾကြေစ့ တစ္ေစ့ကိိိုိ
ေပတံေပၚ တင္ၿပီး ေခါင္း၊ပန္းလွန္တယ္။(ဥပမာ-ေခါင္း ၃ၾကိမ္က်ပါေစလို႔ေၿပာၿပီး က်ခဲ႔ရင္ ေရာက္ၿပီေပါ႔။)
ေခါင္း၊ပန္းလွန္ ၿပီးလို႔ ေရာက္ၿပီ ဆိုရင္ ကေလး၊လူၾကီးအကုန္ အေမႊး တိုင္ နဲ႔ ကန္ေတာ႔တယ္။ၿပီးေတာ႔
ေရႊစကၠဴ၊ေငြစကၠဴ ေတြကို မီးရႈိ.ၿပီး ကန္ေတာ႔ၿခင္းကိုအဆံုးသတ္တယ္။ကန္ေတာ႔ေနစဥ္ ဟင္းပန္းကန္ေတြ
ကိုလာနားတဲ႔ ယင္ေကာင္၊ပိုးေကာင္ေတြ ကို မေမာင္းထုတ္ရဘူး။ဘိုး၊ေဘးေတြက ဖန္ဆင္းၿပီးလာစားတယ္
လို႔ တို႔ အေဒၚေတြကအယူရွိတယ္။
ကန္ေတာ႔ၿပီးတာနဲ႔ မိသားစု စားဖို.ေသာက္ဖို႔ ဟင္းေတြခ်က္တယ္။ ၀က္သားနဲ႔ၾကံမဆိုင္၊ၾကက္သားလံုးေၾကာ္၊
ခ်ိဳခ်ဥ္ေၾကာ္၊ပုဇြန္ေၾကာ္၊ဟင္းခ်ိဳ နဲ႔၊လမ္းထဲေ၀ ဖို႔ ေခါက္ဆြဲေၾကာ္ ေၾကာ္တယ္။တို႔အၾကိဳက္ဆံုး က ဟင္းခ်ိဳပဲ။
ဒံအိုးၾကီးထဲ ကို ၾကက္ၿပဳတ္ရည္ ကို ပြက္ပြက္ဆူေအာင္တည္၊ၿပီးေတာ႔ မိႈေၿခာက္ေတြ ထည္႔၊အရြက္ေတြထည္႔
တို႔ကေလးေတြက ဂ်ံဴ နယ္ထားတာ ကို ကိုယ္ၾကိဳက္ တဲ႔ အရုပ္ကေလး ေတြလုပ္ ၿပီး ဟင္းခ်ိဳအိုးထဲထည့္တယ္။
ထမင္းစားေတာ႔ ဟင္းခ်ိဳ ထဲ က ကိုယ္အရုပ္ ကေလး ေတြ ကို ေရြးေရြးၿပီး ခပ္စားရတာေပ်ာ္စရာအရမ္းေကာင္း
တယ္။ၿပီးရင္ အံေပါင္း အနီေရာင္ အိတ္ကေလးေတြနဲ႔ ရတယ္။အိမ္ကိုအၿပန္လမ္းမွာ အံေပါင္း အိတ္ကေလးေတြ
ကို အေၿပးအလႊားေဖာက္ ၾကည့္ၿပီး ေမာင္နွမေတြ သူဘယ္ေလာက္ရတယ္၊ငါဘယ္ေလာက္ရတယ္ နဲ႔ ၿပိဳင္
ၾကတယ္။အိမ္အၿပန္ေၿခလွမ္းေတြက ခပ္သြက္သြက္။
တို႔ေလးတန္း ေရာက္ေတာ႔ တို႔ အဘြားလည္းဆံုး ၿပီး၊တို႔အေဒၚ ေတြလည္း ရန္ကုန္ ေၿပာင္းသြားေတာ႔ တို႔႔ေပ်ာ္
ခဲ႔တဲ႔ အရုပ္ ဟင္းခ်ိဳ လဲ မစားရေတာ.ဘူး။ေနာက္ပိုင္း တို႔အိမ္မွာ ဆက္ၿပီး တို႔မိသားစု အေနနဲ႔ ကန္ေတာ႔တယ္။
ဒါေပမယ္. လူနဲ ေတာ. ေၿခာက္ကပ္ကပ္။အရုပ္ ဟင္းခ်ိဳ လဲ မပါေတာ.ဘူး။အံေပါင္း လဲ အမ်ားၾကီးမရေတာ.ဘူး။
အခုဆို ရင္ တို႔၇ယ္၊ညီမေလးရယ္ ဒီေရာက္ ေန ေတာ႔ ပိုၿပီးေတာ.ေတာင္ ေၿခာက္ေသြ႔ေနဦးမယ္။
ေယာက္်ားရေတာ႔ သူတို႔ဘက္ ကကန္ေတာ႔ တယ္။စားတဲ႔ အခ်ိန္ သြားတီးတယ္။သူတို႔ အိမ္က ဟင္းကို ၇ မ်ိဳး၊
၈ မ်ိဳးေလာက္ ခ်က္တယ္။ေဟာ႔ေပါ႔ အိုးလည္းတည္တယ္။ဒီ စကၤာပူေရာက္လာေတာ႔ ကိုယ္႔ဘာ႔သာအက်ဥ္းခ်ံဳး
ကန္ေတာ႔တယ္။၂၀၀၇ ဒီမွာလုပ္တယ္။၂၀၀၈ ၿမန္မာၿပည္ ၿပန္တယ္။၂၀၀၉ ကိုဒီမွာ ကန္ေတာ႔ၿဖစ္လိမ္႔မယ္။
ဒါေပမယ္႔ ငယ္ငယ္တုန္းကလိုေပ်ာ္ဖို႔ မေကာင္းေတာ႔တာအမွန္ပဲ။အရင္တုန္း က ကိုယ္က အံေပါင္းယူသူ၊
အခု ကိုယ္က အံေပါင္းေပးသူ။ေၾသာ္..........ငါဟာ အနွစ္ ၃၀ ဆိုတဲ႔ အခ်ိန္ ယႏၱယား တစ္ခုကိုၿဖတ္ေက်ာ္လာ
ၿပီးပါပကား။
(စာၾကြင္းးးးးး မေန႔ကအထိ ကိုယ္႔ကိုကိုယ္ ကေလး(ငယ္ေသးသည္) ဟု ထင္ေနေသးသည္။ဒီစာေရးမိေတာ႔
မွးးးးးးးးးးးးးးးးးဟူး ၃၀ နားကပ္ေနၿပီ ဟု သတိရသည္။)
၂၀၀၇ ဒီမွကန္ေတာ႔တုန္းက စားေနလက္စကို
အမွတ္တရရိုက္ထားတာ။",2.0,2.0,1.0,3.0,5.0,"The text is a personal memoir describing Chinese-Burmese cultural traditions and family history. It provides cultural insight into ancestral worship and New Year customs in Myanmar. While it lacks formal educational structure or complex reasoning, it is written in natural, authentic Burmese, capturing the lived experience of a specific community."
<urn:uuid:acc1b5d8-0a5d-4027-b1a5-580a1a5e5baf>,"စစ်ကိုင်းတိုင်းဒေသကြီး ယင်းမာပင်မြို့နယ် ကုန်းရွာကို စစ်ကောင်စီတပ်က နှစ်ရက်ဆက်တိုက် မီးရှို့နေသည့်အတွက် အနီးပတ်ဝန်းကျင်ရှိ ကျေးရွာ ၁၁ ရွာမှ ဒေသခံတစ်သောင်းကျော် ဘေးလွှတ်ရာသို့ ထွက်ပြေးတိမ်းရှောင်နေရကြောင်း ကာကွယ်ရေးတပ်ဖွဲ့ဝင်များထံမှ သိရသည်။
မတ်လ ၁ ရက်ည ၇ နာရီခန့်မှစတင်ကာ စစ်အင်အား ၁၀၀ ကျော်ရှိသည့် စစ်ကောင်စီတပ်ဖွဲ့သည် ကုန်းရွာအတွင်းရောက်လာပြီးနောက် ယနေ့နံနက်ပိုင်း ၉ နာရီဝန်းကျင်ထိ ဝင်ရောက် မီးရှို့နေသည်ဟု ကာကွယ်ရေးတပ်ဖွဲ့ဝင်တစ်ဦးက ဆိုသည်။
“မနေ့ကည ၇ နာရီလောက်ကတည်းက ကုန်းရွာကို မီးစရှို့တာပါ။ မီးတောက်ကတော်တော်များတယ်ဗျ။ အိမ်ခြေတော့ အတိအကျမသိရသေးဘူး။ စစ်ကြောင်းက မငြိမ်သေးဘူး။ ဝင်လိုက်ထွက်လိုက် ခွဲလိုက်ပေါင်းလိုက်နဲ့ဆိုတော့ အတည်ပြုလို့ မရသေးတာပါ“ ဟု ကာကွယ်ရေးတပ်ဖွဲ့ဝင်တစ်ဦးက ဆိုသည်။
ကုန်းရွာသည် အိမ်ခြေ ၆၀၀ ခန့်ရှိပြီး ယင်းမာပင်မြို့နယ်အနောက်ဘက်တွင် တည်ရှိသည်။
အဆိုပါစစ်ကြောင်းသည် ပုလဲမြို့နယ်ဘက်မှ ရောက်လာသည့်စစ်ကြောင်းဖြစ်ပြီး လက်ရှိချိန်ထိ အနီးပတ်ဝန်းကျင်ရှိ မြင်သာကုန်း၊ ကျွန်းတော၊ ဝါးရုံ၊ တင်ဆုံ၊ ရင်ပေါင်တိုင်၊ ဆင်စွယ်၊ ဇီးဖြူကုန်း၊ ဇီးတောတောင်ရွာ၊ မြောက်ရွာ၊ရေအောက်၊ ရုံးလေပင် စသည့် ကျေးရွာ ဒေသခံတစ်သောင်းကျော် ထွက်ပြေးတိမ်းရှောင်နေရသည်ဟု ဒေသခံများထံမှ သိရသည်။
“ကုန်းရွာရောအပါအဝင် ရွာ ၁၁ ရွာလောက်က ပြည်သူတွေစစ်ဘေးနှင့် မီးဘေးရှောင်နေရပါတယ်။ ၁သောင်းကျော် လောက်ရှိမယ်“ ဟု ဒေသခံတစ်ဦးက ဆိုသည်။
ထို့အပြင် လက်ရှိချိန်ထိလည်း အဆိုပါ ကုန်းရွာအနီး ကာကွယ်ရေးတပ်တွေနှင့် စစ်ကောင်စီတပ်စစ်ကြောင်းဟာ တိုက်ပွဲပြင်းထန်နေပြီး စစ်ကောင်စီဘက်က ဝေဟင်ကပါ ပစ်ကူနေရသည်ဟု ယင်းမာပင်မြို့နယ် သတင်းမှန်ပြန်ကြားရေးက ထုတ်ပြန်ထားသည်။",1.0,1.0,2.0,5.0,5.0,"The text is a factual news report about a specific conflict in Myanmar. It is written in natural, authentic Burmese with correct local terminology and context. It lacks complex reasoning or educational depth, serving primarily as a journalistic account of current events."
<urn:uuid:44247e63-3514-4376-ba9c-aa4017b9e24f>,"ေဒါသကိေလသာကို
အႂကြင္းမဲ့ ပယ္သတ္ႏိုင္လို႔
ကိုယ့္ရဲ႕ႏွလံုးသားဟာ
ေဒါသကင္းတဲ့ ႏွလံုးသား
ျဖစ္သြားၿပီဆိုရင္ေတာ့
၀မ္းနည္းစရာနဲ႔ပဲႀကံဳႀကံဳ၊
၀မ္းသာစရာနဲ႔ပဲႀကံဳႀကံဳ
ငိုခ်င္စိတ္ မရွိေတာ့ပါဘူး။
မငိုတတ္တဲ့ ႏွလံုးသားပိုင္ရွင္ဟာ
ဘာအေၾကာင္းေၾကာင့္မွ
မ်က္ရည္မက်ေတာ့ပါဘူး။
၀ိပႆနာအလုပ္ကို
အခ်ိန္ဆက္ႏိုင္သမွ်ဆက္ေအာင္
အၿမဲမျပတ္
ႀကိဳးပမ္းအားထုတ္သြားမယ္ဆိုရင္
ပုထုဇဥ္ဘ၀နဲ႔
ရွိေနေသးတယ္ပဲထားဦး၊
၀ိပႆနာရဲ႕ တန္ခိုးေၾကာင့္
စိတ္ဓာတ္ရင့္က်က္ေနတဲ့အတြက္
၀မ္းသာစရာနဲ႔ပဲႀကံဳႀကံဳ၊
၀မ္းနည္းစရာနဲ႔ပဲႀကံဳႀကံဳ၊
အလြယ္တကူနဲ႔
မ်က္ရည္မက်ေတာ့ပါဘူး။
အေကာင္းအဆိုး ေလာကဓံအားလံုးကို
အၿပံဳးမပ်က္ ခံႏိုင္ရည္ရွိသြားပါတယ္။
Friday, March 6, 2009
ေဒါသကိေလသာကို",2.0,2.0,2.0,4.0,5.0,"The text is a reflective piece on Buddhist mindfulness (Vipassana) and emotional regulation. It uses authentic Burmese cultural and religious terminology. While it lacks complex academic reasoning, it provides a coherent, culturally grounded perspective on spiritual practice. The formatting is clean, though it includes a date stamp at the end."
<urn:uuid:0b1dad69-dee4-4cff-ae9e-df524c7081de>,"ဘုရားကျောင်းဝင်းအတွင်း စစ်သားများ ရိုက်နှက်မှု ဥပဒေအရ တိုင်ကြားမည်
သတင်းနှင့် မီဒီယာ ကွန်ရက်။
အောက်တိုဘာလ ၂၀ ရက်၊ ၂၀၁၇ ခုနှစ်။
ကချင်ပြည်နယ်၊ ဖားကန့်မြို့နယ်၊ လုံးခင်းကျေးရွာအုပ်စုရှိ ကချင်နှစ်ခြင်းခရစ်ယာန် ဘုရားကျောင်းဝင်း အတွင်းရှိ ဒေသခံလေးဦးအား မြန်မာ့တပ်မတော်မှ ဖမ်းဆီးခေါ်ဆောင် ရိုက်နှက်မှုနှင့် ပတ်သက်၍ တရားဥပဒေအတိုင်း ဆက်လက်လုပ်ဆောင်သွားမည်ဟု ဒေသခံများက ပြောသည်။
လုံးခင်းကျေးရွာအုပ်စု ကုဋေ ကချင်နှစ်ခြင်းခရစ်ယာန်ဘုရားကျောင်းမှ လူငယ်တာဝန်ခံ ဦးမရန်တူးလွမ် က “ဒီအတိုင်းတော့ ငြိမ်နေမှာမဟုတ်ဘူး။ တရားစွဲသင့်ရင်လည်းစွဲမယ်။ အသင်းတော်နဲ့ ဆိုင်တဲ့ကိစ္စ ဆိုတော့ အသင်းတော် အဆင့်ဆင့်ပေါ့၊ ဇုံနယ်အလိုက် KBC ဌာနချုပ်ရော၊ နောက်ဆုံးတော့ ကာချုပ် ကြီးမင်းအောင်လှိုင်အထိပေါ့ အဆင့်ဆင့် စာတင်သွားမယ်ဗျ။ လောလောဆယ်တော့ ကျနော်တို့ဒီ လွှတ်တော်အမတ်တွေနဲ့ရော လူကြီးပိုင်းတွေနဲ့ရော တွေ့ ဖို့ရှိတယ်။ အခုတော့ ကုဋေရွာအုပ်ချုပ်ရေး မှူးနဲ့လည်း တွေ့ ပြီးပြီ။ ကျန်တဲ့ ဌာနဆိုင်ရာတွေနဲ့လည်း တွေ့ဖို့ရှိတယ်” ပြောသည်။
အောက်တိုဘာလ ၁၈ ရက်နေ့ ည ဆယ်နာရီခန့်အချိန်တွင် ဘုရားကျောင်းဝင်းအတွင်း ထမင်းဟင်း ချက်နေသည့် ဒေသခံအမျိုးသားလေးဦးကို မြန်မာ့တပ်မတော်မှ ဖမ်းဆီးခေါ်ဆောင်သွားကာ ရိုက်နှက်ခဲ့ခြင်းဖြစ်သည်။
ဘုရားကျောင်းဝင်းအတွင်း အသင်းတော်မှ အသင်းသူ/သားများ၊ လူငယ်များမှာ အိမ်သစ်တက် ဆုတောင်းပွဲအတွက် ထမင်းဟင်းများ ချက်ပြုတ်နေစဉ်၊ အသင်းတော်စောင့်မှ ဘုရားကျောင်း ခြံဝင်းတံခါးများ လိုက်လံပိတ်ရာ အနီးအနားတွင် စောင့်နေသည့် စစ်သားများအား ဓါတ်မီးဖြင့် သွားထိုးမိရာမှ စစ်သားများမှ လိုက်လံဖမ်းဆီး ရိုက်နှက်ခြင်းဖြစ်သည်ဟု မျက်မြင်သက်သေ ဦးမရန်တူးလွမ် က ပြောသည်။
“ကျနော်တို့က သူငယ်ချင်းတယောက်ရဲ့ အိမ်သစ်တက်ပွဲအတွက် အသင်းသူ/သားတွေက ဘုရား ကျောင်းမှာ ချက်ပြုတ်ရေးလုပ်နေတာပေါ့။ အဲ့ချိန်မှာ ဘုရားကျောင်းဒေါ်လဝမ် (အစောင့်)ကကိုးနာရီ ဆယ်နာရီ ပတ်ဝန်းကျင်မှာ လိုက်ကြည့်တာပေါ့။ တံခါးတွေပိတ်တာပေါ့၊ အဲ့ဒါကို သူကလည်း မသိ တော့ ဓါတ်မီးသွားထွန်းလိုက်တာ အဲ့မှာ ဘာလို့ထွန်းတာလဲ၊ ရပ်စမ်း၊ မရပ်ဘူးဆိုရင် အဲ့ကောင်ကို ပစ်သတ်လိုက်တဲ့။ ကျနော်နဲ့ ဘုရားကျောင်း ဒလဝမ် (အစောင့်)က လန့်သွားတာပေါ့။ တခါတည်း ထွက်ပြေးသွားတာနဲ့ သေနတ်နဲ့ ပစ်လိုက်တာပဲ။ ထိတော့မထိဘူး။ ဘုရားကျောင်းဝင်းထဲမှာ သေနတ် တခေါက်ပစ်တယ်” ဟု ပြောသည်။
တပ်မ ၁၀၁ မှ စစ်သား အယောက် ၂၀ ကျော်ခန့်သည် ဘုရားကျောင်းအနီးတွင် လူတစ်ဦးအား ဖမ်းဆီးရန် ရောက်နေခြင်းဖြစ်သည်ဟု သိရသည်။
စစ်သား ခုနှစ်ဦးခန့်က ဘုရားကျောင်းဝင်းထဲ ဝင်လာပြီး “ထွက်ပြေးတဲ့လူကို လိုက်ဖမ်းတာ၊ မတွေ့ တော့ ထမင်းဟင်း ချက်ပြုတ်နေတဲ့လူတွေကို ရိုက်တယ်၊ နှက်တယ်၊ ထိုးတယ်၊ ပြီးတော့ အားလုံးကို မှောက်ခုံထားတယ်၊ အော်တယ်၊ ဆဲတယ်၊ သတ်ပစ်မယ်၊ သေနတ်နဲ့ ချိန်ထားပြီးတော့ အားလုံးကို သတ်ပစ်မယ်၊ ပြီးတော့ ယောကျ်ား လေးယောက်ကို နှစ်နာရီ နီးပါးလောက် ဖမ်းသွားတယ်။ ပြီးတော့ ပြန်လွှတ်ပေးတယ်။ နှစ်ယောက်ကတော့ ဒဏ်ရာပြင်းထန်တယ်။ ဘာမှ အပြစ်မှမရှိဘူး။ ဘာအမှုမှ လည်း မလုပ်ဘူး။ အဲ့ဒါ တခြားကိစ္စနဲ့လာတဲ့ဟာကို ကျနော်တို့ကို အပြစ်ရှာတာပေါ့။ စစ်သား ခုနှစ် ယောက်လောက်က ဘုရားကျောင်းထဲဝင်လာတယ်၊ အပြင်မှတော့ နှစ်ဆယ်လောက်ရှိမယ်ထင် တယ်။ သူတို့စစ်သား အင်္ကျီမှာတော့ ၁၀၁ လို့ရေးထားတယ်”ဟု ဦးမရန်တူးလွမ် က ပြောသည်။
အဆိုပါစစ်သားများမှာ ဒေသခံ ကချင်အမျိုးသား လေးဦးအား ဖမ်းဆီးရိုက်နှက်ခြင်းအပြင် ဘုရား ကျောင်းဝင်းအတွင်းရှိနေသူများအား သေနတ်ဖြင့် ပစ်ခတ်ခြင်း၊ ခြိမ်းခြောက်ခြင်း၊ ရိုက်နှက်ခြင်း၊ ဆဲဆိုခြင်းများ ပြုလုပ်ခဲ့သည်ဟု သိရသည်။
ဖားကန့် မြို့ နယ် အမှတ်(၂) ပြည်နယ်လွှတ်တော်ကိုယ်စားလှယ် ဦးဒါရှီလဆိုင်းက “ကျနော်တို့ကို လာ ပြောရင်တော့ ဥပဒေအတိုင်းတော့ လုပ်ပေးရမှာပေါ့။ ဖြစ်စဉ်တွေကို သေချာစိစစ်ပြီးတော့လေ။ အခုထိ တော့ သူတို့ဘက်က ဘာမှတော့ မပြောသေးဘူး။ ဒီဒေသက ရတနာနယ်မြေဆိုတော့လေ ဥပဒေပိုင်း ဆိုင်ရာက အားနည်းတဲ့ လုပ်ပိုင်ခွင့်ရှိနေတဲ့ လူတွေကလည်း လုပ်ပိုင်ခွင့်ကို အဓိကသုံးနေကြတာလေ။ ပြည်သူဆိုတာ သူပုန်လည်းမဟုတ်ဘူးလေ။ ဓါးမြလည်းမဟုတ်ဘူးလေ။ အနေအထားတွေ့ရတယ်။ တပ်မတော်သားတွေကလည်း နယ်မြေ စိုးမိုးရေးနဲ့ လုံခြုံရေးကဏ္ဍအရ သူတို့ကလုပ်နေရတယ်ဆိုတာ မျိုး အမြဲပြောနေတာပေါ့နော်။ အဲ့အပေါ်မှာ အားနည်းချက်တွေကြောင့် ပဲဖြစ်နေတယ်လို့ပဲ ပြောရမှာပေါ့” ဟု ပြောသည်။
ဖမ်းဆီးရိုက်နှက်ခံခဲ့ရသည့် ဒေသခံ ကချင်အမျိုးသား လေးဦးမှာ ဦးအင်ဘွေတူးလွန်၊ ဦးမရစ်ဂွန်းမိုင်၊ ဦးလဂွေလရိန်နှင့် ဦးဂျန်မော်ဂမ်မော်တို့ ဖြစ်ကြသည်။",2.0,2.0,2.0,5.0,5.0,"The document is a well-structured news report about a specific incident in Kachin State. It provides factual reporting, quotes from witnesses and officials, and uses natural, authentic Burmese language. It lacks complex reasoning or high-level academic content, but is highly coherent and culturally accurate for the target audience."
<urn:uuid:311ef3ce-5f74-4c17-88d4-4ebf6829a303>,"အားလုံးပဲ မင်္ဂလာပါ။ ဒီတစ်ခါမှာ ဝေမျှပေးချင်တဲ့ဟင်းလျာလေးကတော့ စပ်စပ်လေးနဲ့ အရသာရှိရှိ စားသုံးနိုင်မယ့် ဝက်သား မျှစ်ချဉ်အစပ်ဟင်းပဲဖြစ်ပါတယ်။
ပါဝင်ပစ္စည်းများ
- ဝက်သား ၂၅၉ ဂရမ် (အနေတော်အတုံး တုံးထားပါ)
- ကြက်သွန်နီ ၁ ဥ (ပါးပါးလှီးထားပါ)
- ပါးပါးလှီးထားသော ဂျင်း ပန်းကန်လုံးတစ်ဝက်စာ
- ငရုတ်သီးအခြောက် အနီတောင့် ၇ တောင့် (အချောင်းလိုက် ပါးပါးလှီးပါ)
- မျှစ်ချဉ် စားပွဲတင်ဇွန်း ၄ ဇွန်းစာ
- ငရုတ်သီးမှုန့် စားပွဲတင်ဇွန်း တစ်ဝက်
- ကြက်သွန်ဖြူ ၇ မြွှာ (ထောင်းထားပါ)
- ဟင်းသီးဟင်းရွက်ဆီ စားပွဲတင်ဇွန်း ၁ ဇွန်း
- ဆား အနည်းငယ်
ပြုလုပ်နည်း အဆင့်ဆင့်
၁။ ဒယ်အိုးကို အပူပေးပြီး ဟင်းသီးဟင်းရွက်ဆီ ထည့်ပါ။ ဆီပူလာပါက ကြက်သွန်နီ၊ ဂျင်းတို့ထည့်ပြီး အနံ့မွှေးလာသည်အထိ ဆီသတ်ပါ။ ထို့နောက် ပါးပါးလှီးထားသော ငရုတ်သီးများနှင့် မျှစ်တို့ထည့်ကာ သမအောင် ရောမွှေပေးလိုက်ပါ။
၂။ နောက်တစ်ဆင့်အနေနဲ့ ဝက်သားနှင့် ဆားတို့ထည့်ကာ သမအောင် မွှေပါ။ ထို့နောက် အဖုံးအုပ်ထားပြီး ဝက်ဆီများ ထွက်လာသည်အထိ တည်ထားလိုက်ပါ။
၃။ ထို့နောက် ငရုတ်သီးမှုန့်နှင့် ကြက်သွန်ဖြူတို့ထည့်ကာ သမအောင် ရောမွှေလိုက်ပါ။
၄။ မီးအပူချိန်ကိုလျော့ပြီးနောက် ဝက်သားများ နူးအိသွားသည်အထိ တည်ပေးလိုက်ပါ။ ဝက်သားကို မကြာခဏ မွှေပေးဖို့လည်း လိုအပ်ပါတယ်။
ဝက်သား ကျက်သွားပြီဆိုရင်တော့ မီးဖိုပေါ်က ချလိုက်လို့ရပါပြီ။
ဒါဆိုရင်တော့ အရသာရှိတဲ့ ဝက်သား မျှစ်ချဉ်ဟင်းလျာတစ်ခွက် ရရှိသွားပါပြီ။
Source: Pancuisine.blogspot.com",2.0,1.0,1.0,5.0,5.0,"The document is a clear, well-structured recipe for a traditional Burmese dish. It provides practical instructions suitable for home cooking. It uses natural, authentic Burmese phrasing and culinary terminology, reflecting local cooking habits and cultural preferences, while being free of noise or formatting issues."
<urn:uuid:1f9ff5a1-e3c7-4938-83a9-1849456d9029>,"“ NLD ႏွင္႔ ၾကံ႔ခိုင္ေရးပါတီမ်ားအပါအ၀င္ နိုင္ငံေရးႏွင္႔ လူမႈေရးအဖြဲ႔မ်ားပထမဆံုးအၾကိမ္သန္လ်င္တြင္ ၀ါဆိုသကၤန္း စုေပါင္းကပ္လွဴ”
ျပည္ေထာင္စုၾကံ႔ခိုင္ေရးႏွင္႔ ဖြံျဖိဳးေရးပါတီ၊ NLD ႏွင္႔ အျခားနိုင္ငံေရး လူမႈေရးအဖြဲ႔အစည္းမ်ားစုေပါင္းပါ၀င္သည္႔ ပထမ
ဆံုးအၾကိမ္ ၀ါဆိုသကၤန္းကပ္လွဴပြဲကို သန္လ်င္ၿမိဳ႔၌၀ါဆိုလျပည္႔ေန႔ျဖစ္ေသာ ၾသဂုတ္လ ၂ ရက္ေန႔ ေန႔လည္တြင္ ျပဳလုပ္ခဲ႔သည္။
အဆိုပါအလွဴပြဲသို႔ သန္လ်င္ၿမိဳ႔ နတ္စင္တစ္ရာေက်ာငး္တိုက္ဆရာေတာ္ ဘႏၵႏၱပညာေတဇက နိုင္ငံေရးပါတီမ်ားနွင္႔ အဖြဲ႔အစည္းမ်ားအား ဖိတ္ၾကား၍ျပဳလုပ္ျခငး္ျဖစ္ၿပီး ၄င္းပါတီႏွစ္ခုအျပင္ နိုင္ငံေရးအက်ဥ္းသားေဟာငး္မ်ားအဖြဲ႔၊ ျပည္တြင္းမီဒီယာမ်ားနွင္႔ ဒကာ၊ဒါယိကာမမ်ားလည္းတက္ေရာက္လွဴဒါန္းခဲ႔ၾကသည္။
“ပါတီအေနနဲ႔ကေတာ႔ ႏွစ္စဥ္အဖြဲ႔ခ်ဳပ္ရံုးမွာ လုပ္ပါတယ္။ အခုလိုစုေပါင္းလွဴဒါန္းတာကေတာ႔ ပထမဆံုးပါပဲ”ဟု သန္လ်င္ၿမိဳ႔ NLDပါတီမွ ဦးစိုးဟန္က ေျပာသည္။
အလွဴပြဲတြင္ ၿမိဳ႔နယ္သံဃနာယကအဖြဲ႔မွသံဃာေတာ္အပါး ၃၀ နွင္႔ ဗဟို၀န္ေဆာင္သံဃာေတာ္ ၁၈ ပါးတို႔အား၀ါဆိုသကၤန္းကပ္လွဴၾကၿပီး ေဒၚေအာင္ဆန္းစုၾကည္ကိုယ္စား သူမ၏ ဆရာ၀န္ျဖစ္သူ ေဒါက္တာတင္မ်ိဳး၀င္းတက္ေရာက္လွဴဒါန္းခဲ႔သည္။
၄င္းအျပင္ ျပည္ခိုင္ျဖိဳးပါတီမွ ဦးဥာဏ္ထြန္း၊ ျပည္တြင္းမီဒီယာအဖြဲ႔မွ ဦးေဇယ်ာျမတ္ခိုင္တို႔မွလည္း ၀ါဆိုသကၤန္းနွင္႔ လွဴဖြယ္၀တၳဳမ်ားဆက္ကပ္လွဴဒါန္းခဲ႔ၾကသည္။
ျပည္ေထာင္စုၾကံ႔ခိုင္ေရးႏွင္႔ ဖြံျဖိဳးေရးပါတီ၊ NLD ႏွင္႔ အျခားနိုင္ငံေရး လူမႈေရးအဖြဲ႔အစည္းမ်ားစုေပါင္းပါ၀င္သည္႔ ပထမ
ဆံုးအၾကိမ္ ၀ါဆိုသကၤန္းကပ္လွဴပြဲကို သန္လ်င္ၿမိဳ႔၌၀ါဆိုလျပည္႔ေန႔ျဖစ္ေသာ ၾသဂုတ္လ ၂ ရက္ေန႔ ေန႔လည္တြင္ ျပဳလုပ္ခဲ႔သည္။
အဆိုပါအလွဴပြဲသို႔ သန္လ်င္ၿမိဳ႔ နတ္စင္တစ္ရာေက်ာငး္တိုက္ဆရာေတာ္ ဘႏၵႏၱပညာေတဇက နိုင္ငံေရးပါတီမ်ားနွင္႔ အဖြဲ႔အစည္းမ်ားအား ဖိတ္ၾကား၍ျပဳလုပ္ျခငး္ျဖစ္ၿပီး ၄င္းပါတီႏွစ္ခုအျပင္ နိုင္ငံေရးအက်ဥ္းသားေဟာငး္မ်ားအဖြဲ႔၊ ျပည္တြင္းမီဒီယာမ်ားနွင္႔ ဒကာ၊ဒါယိကာမမ်ားလည္းတက္ေရာက္လွဴဒါန္းခဲ႔ၾကသည္။
“ပါတီအေနနဲ႔ကေတာ႔ ႏွစ္စဥ္အဖြဲ႔ခ်ဳပ္ရံုးမွာ လုပ္ပါတယ္။ အခုလိုစုေပါင္းလွဴဒါန္းတာကေတာ႔ ပထမဆံုးပါပဲ”ဟု သန္လ်င္ၿမိဳ႔ NLDပါတီမွ ဦးစိုးဟန္က ေျပာသည္။
အလွဴပြဲတြင္ ၿမိဳ႔နယ္သံဃနာယကအဖြဲ႔မွသံဃာေတာ္အပါး ၃၀ နွင္႔ ဗဟို၀န္ေဆာင္သံဃာေတာ္ ၁၈ ပါးတို႔အား၀ါဆိုသကၤန္းကပ္လွဴၾကၿပီး ေဒၚေအာင္ဆန္းစုၾကည္ကိုယ္စား သူမ၏ ဆရာ၀န္ျဖစ္သူ ေဒါက္တာတင္မ်ိဳး၀င္းတက္ေရာက္လွဴဒါန္းခဲ႔သည္။
၄င္းအျပင္ ျပည္ခိုင္ျဖိဳးပါတီမွ ဦးဥာဏ္ထြန္း၊ ျပည္တြင္းမီဒီယာအဖြဲ႔မွ ဦးေဇယ်ာျမတ္ခိုင္တို႔မွလည္း ၀ါဆိုသကၤန္းနွင္႔ လွဴဖြယ္၀တၳဳမ်ားဆက္ကပ္လွဴဒါန္းခဲ႔ၾကသည္။",1.0,1.0,2.0,2.0,5.0,"The text is a news report about a religious event in Myanmar. It provides factual information about local political and religious activities. It is culturally authentic, using specific Burmese honorifics and religious terminology. However, it contains significant repetition of paragraphs, which lowers the cleanliness score."
<urn:uuid:f45c8d77-2491-44bb-aea5-c3163ac2d1f0>,"ျမန္မာႏိုင္ငံသဘင္အစည္းအရုံးမွ သဘင္ပညာရပ္ပိုင္းဆိုင္ရာ အခမဲ့သင္တန္းကို ပထမဦးဆုံးအႀကိမ္ကေမၻဇရိပ္သာ ခ်င္းေခ်ာင္းနန္းေတာ္မွာ ဖြင့္လွစ္လိုက္ပါတယ္။ျမန္မာႏိုင္ငံသဘင္အစည္းအရံုး(ဗဟို) အေနနဲ႔ သဘင္ပညာရပ္မ်ား ထိန္းသိမ္းျမွင့္တင္ျပန္႔ပြားေရးအတြက္ ေဆာင္ရြက္သြားဖို႔ရွိေန ၿပီး ပညာရပ္ဆိုင္ရာ ထိန္းသိမ္းျမွင့္တင္ ျပန္႔ပြားေရးေကာ္မတီအသီးသီးကိုလည္း ဖြဲ႔စည္းထားၿပီး ျဖစ္ပါတယ္။ အခုဆိုရင္ သဘင္ပညာရပ္ပိုင္းဆိုင္ရာ အခမဲ့သင္တန္း အပတ္စဥ္(၁/၂၀၁၈)ကို ပထမဦးဆံုးအႀကိမ္ ဖြင့္လွစ္ႏိုင္ခဲ့သလို ေနာက္ပိုင္းေတြမွာလည္း သင္တန္းေက်ာင္းနဲ႔ ပုဂၢလိကသဘင္တကၠသိုလ္ထိ ဖြင့္လွစ္ႏိုင္ေအာင္ ေဆာင္ရြက္မွာ ျဖစ္တယ္လို႔ ျမန္မာႏိုင္ငံသဘင္အစည္းအရံုး(ဗဟို) ဥကၠ႒ ဦးဖိုးခ်စ္က ေျပာပါတယ္။
သဘင္ပညာရပ္ပိုင္းဆိုင္ရာ အခမဲ့သင္တန္း အပတ္စဥ္(၁/၂၀၁၈)ဟာ ပုဂၢလိကသဘင္တကၠသိုလ္ဖြင့္လွစ္ႏိုင္ဖို႔အတြက္ ပထမဦးဆံုးေျခလွမ္း ျဖစ္ပါတယ္။ သင္တန္းကိုေတာ့ ေက်ာင္းသားေက်ာင္းသူ (၆၀)နီးပါးတက္ေရာက္ေနၿပီး ရန္ကုန္တိုင္းေဒသႀကီးနဲ႔အျခားေသာ ျပည္နယ္နဲ႔ တိုင္းေဒသႀကီးေတြက တက္ေရာက္သူေတြမ်ားတယ္လို႔ သိရပါတယ္။သဘင္ပညာရပ္ပိုင္းဆိုင္ရာ အခမဲ့သင္တန္း ကို အမ်ိဳးသားယဥ္ေက်းမႈႏွင့္ အႏုပညာတကၠသိုလ္(ရန္ကုန္)နဲ႔ အမ်ိဳးသားယဥ္ေက်းမႈႏွင့္ အႏုပညာတကၠသိုလ္ (မႏၱေလး) တို႔မွာ အၿငိမ္းစား ဆရာ၊ ဆရာမမ်ားနဲ႔ သဘင္ပညာသည္ ပညာရွင္ႀကီးေတြက သဘင္ပညာရပ္ေတြျဖစ္တဲ့ ဇာတ္သဘင္၊ ဆိုင္း၊ အၿငိမ့္၊ ရုပ္ေသး၊ ရာမယဏ၊ မ်က္လွည့္ နဲ႔ အေျခခံအကပညာရပ္ေတြကို သင္ႀကားေပးသြားမွာ ျဖစ္ပါတယ္။
သဘင္ပညာရပ္ပိုင္းဆိုင္ရာ အခမဲ့သင္တန္းကိုေတာ့ ဇြန္၊ ဇူလိုင္ႏွစ္လသင္ႀကားမွာ ျဖစ္ၿပီး အပတ္စဥ္ စေနနဲ႔ တနဂၤေႏြေန႔ေတြမွာ သင္ႀကားေပးသြားမွာ ျဖစ္ပါတယ္။ သင္တန္းသင္ႀကားမႈ ၿပီးစီးခ်ိန္မွာလည္း သင္တန္းဆင္း လက္မွတ္ေတြ ေပးအပ္သြားမွာ ျဖစ္တယ္လို႔ သိရပါတယ္။",3.0,1.0,2.0,5.0,5.0,"The text reports on a vocational training initiative for traditional Burmese performing arts. It is well-structured, clean, and uses authentic terminology related to Burmese culture and arts. It provides factual information about the training program, though it lacks complex reasoning or deep academic analysis, serving primarily as a news report."
<urn:uuid:81f42cf8-ec7f-4a85-afa5-81a8923708d2>,"ျမန္မာ – ဂ်ပန္ႏွစ္ႏိုင္ငံ ခ်စ္ ၾကည္ေရးကို ရည္ရြယ္ၿပီး MNTV ႐ုပ္သံလိုင္းနဲ႔ IIBတို႔ပူးေပါင္း ႐ိုက္ ကူးမယ့္ My Country My Home ‘ဇာတိေျမ’ ႐ုပ္ရွင္ဇာတ္ကား စာနယ္ ဇင္းမိတ္ဆက္ပြဲ အခမ္းအနားကို ၾသဂုတ္လ ၇ ရက္ေန႔ ေန႔လယ္ ၁ နာရီက ႏိုဗိုတယ္ဟိုတယ္မွာ က်င္းပ ျပဳလုပ္ခဲ့ပါတယ္။ ဒီဇာတ္ကားကို ေတာ့ ဒါ႐ိုက္တာ ၾကည္ျဖဴသွ်င္က ၈၈ အေရးေတာ္ပံုကို ဇာတ္အိမ္ အေျခခံ႐ိုက္ကူးသြားမွာျဖစ္ၿပီး အဓိကသ႐ုပ္ေဆာင္မ်ားအျဖစ္ ရန္ေအာင္၊ ေအာင္ရဲလင္း၊ ဝတ္မံႈ ေရႊရည္တို႔နဲ႔အတူ ျမန္မာႏိုင္ငံ ဖြား ဂ်ပန္ J-Pop အဆိုေတာ္ မိုရီဆာ ကီဝင္းတုိ႔ ပါဝင္သ႐ုပ္ေဆာင္ၾကမွာ ျဖစ္ပါတယ္။
‘ဇာတိေျမ’ဇာတ္ကားရဲ႕ ၇ဝ ရာခိုင္ႏႈန္းကိုေတာ့ ဂ်ပန္ႏိုင္ငံမွာ ႐ိုက္ကူးမွာျဖစ္ၿပီး က်န္ ၃ဝ ရာခိုင္ ႏႈန္းကိုေတာ့ ျမန္မာႏိုင္ငံမွာ ႐ိုက္ကူး သြားမယ္လုိ႔ သိရပါတယ္။ ဒီဇာတ္ ကားရဲ႕ ရည္ရြယ္ခ်က္ကေတာ့ ျမန္မာႏိုင္ငံသားအေနနဲ႔ ဘယ္ႏိုင္ငံ မွာပဲ ရွိပါေစ၊ ကိုယ့္တိုင္းျပည္၊ ကိုယ့္ လူမ်ိဳး၊ ကိုယ့္ဇာတိေျမကို ခ်စ္ရမယ္ ဆိုတဲ့ အသိတရားမ်ား ႏိုးၾကားလာ ေစဖို႔ ရည္ရြယ္တာျဖစ္ပါတယ္။ ဒါ႐ိုက္တာ ၾကည္ျဖဴသွ်င္ကလည္း ဇာတ္ကားအေၾကာင္းေျပာျပရာမွာ……..
“အစ္မတို႔ ဒီဇာတ္ကားမ႐ိုက္ ကူးခင္မွာ ဂ်ပန္ႏိုင္ငံမွာေရာ၊ ျမန္မာ ႏိုင္ငံမွာပါ meeting ေတြ ခဏခဏ လုပ္ျဖစ္တယ္။ အခုေတာ့ ဇာတ္ၫႊန္း အေခ်ာသတ္ အေျခအေနေရာက္ေန ပါၿပီ။ ကိုရန္ေအာင္ရဲ႕ ကာ႐ိုက္တာက ရွစ္၄လံုးအေရးေတာ္ပံုမွာ ပါဝင္တဲ့ ေက်ာင္းသားေခါင္းေဆာင္ တစ္ ေယာက္ေပါ့။ သူက ဂ်ပန္ႏိုင္ငံမွာ ႏိုင္ငံေရးခိုလံႈခြင့္နဲ႔ ေရာက္သြားတယ္။ ၈ ေလးလံုးေနာက္ပိုင္းမွာလည္း ႏိုင္ငံေရးလႈပ္ရွားမႈေတြကို လုပ္ေန ေသးတယ္ဆိုတာ ပါးပါးေလးျပတာ ပါ။ ပါးပါးေလးဆိုေပမယ့္ အကုန္ပါ ဝင္တယ္။ ဒီဇာတ္ကားၾကည့္ျခင္းအား ျဖင့္ ပံုရိပ္ေတြ၊ ခံစားခ်က္ေတြ ပါဝင္ ေနပါတယ္။ ဂ်ပန္ႏိုင္ငံမွာ သြား႐ိုက္ ကူးရတာကိုက တာဝန္ႀကီးတယ္။ ေငြကုန္ေၾကးက်လည္းမ်ားတယ္။ ေနာက္ၿပီး ဒီဇာတ္ကားဟာ ႏိုင္ငံ ေရးႏႊယ္တဲ့ဇာတ္ကားျဖစ္တဲ့အတြက္ ႏိုင္ငံေရးသမားေတြေရာ၊ ဂ်ပန္အစိုး ရဘက္၊ ျမန္မာပရိသတ္အားလံုးၾကည့္ ၾကမွာျဖစ္တဲ့အတြက္ Pressure လည္းမ်ားသလို၊ ဂုဏ္လည္း ယူရပါ တယ္”လို႔ ေျပာျပပါတယ္။
‘ဇာတိေျမ’ဇာတ္ကားကိုေတာ့ ဂ်ပန္ႏိုင္ငံက ျမန္မာအမ်ားစုေနထိုင္ တဲ့ ရပ္ကြက္မွာ အေျခတည္႐ိုက္ကူး မွာျဖစ္ၿပီး တျခားေသာဂ်ပန္ႏိုင္ငံက ထူးျခားတဲ့ေနရာေတြနဲ႔ ျမန္မာႏိုင္ငံ က ရွမ္းျပည္နယ္ရွိ အင္းေလးေဒသ ေတြမွာ အဓိက႐ိုက္ကူးသြားမယ္လို႔ သိရပါတယ္။ ဂ်ပန္ႏိုင္ငံမွာ သြား ေရာက္႐ိုက္ကူးမႈေတြကို ၾသဂုတ္လ မွာပဲ စတင္မွာျဖစ္ၿပီး စက္တင္ဘာ လမွာေတာ့ ျမန္မာႏိုင္ငံမွာ ႐ိုက္ကူး သြားမွာ ျဖစ္ပါတယ္။
ျမတ္မိုးပြင့္
ဓာတ္ပံု – ေအာင္ေဇာ္မင္း",2.0,1.0,2.0,4.0,5.0,"The text is a journalistic report about a film production. It provides cultural context regarding Myanmar-Japan relations and historical references (8888 uprising). It is clean, well-structured, and uses natural, authentic Burmese phrasing, though it lacks deep educational or complex reasoning content, serving primarily as a news update."
<urn:uuid:9c3b506e-1474-4710-8efd-89a01f3fad45>,"Myanmar Now သတင်းထောက်ချုပ် ကိုဆွေဝင်း ကို အမှုဖွင့်ထားတာတွေနဲ့ ပတ်သက်ပြီး သာသာနာရေးဝန်ကြီး ဌာနက စာနဲ့ အကြောင်းပြန်ကြားခဲ့တာဟာ တရားစီရင်ရေးကို ဝင်ရောက်စွက်ဖက်တာ မဟုတ်ဘဲ ပုဂ္ဂိုလ်ရေး ဆိုင်ရာ ပြန်ကြားချက်သာဖြစ်ကြောင်း သာသနာရေးနဲ့ ယဉ်ကျေးမှုဝန်ကြီးဌာနက မနေ့က ထုတ်ပြန်လိုက်ပါတယ်။
ကိုဆွေဝင်း ကို မဘသအဖွဲ့ဝင်တွေက တရားစွဲဆိုထားတဲ့အပေါ် သာသနာရေးဝန်ကြီးဌာနရဲ့ စာအကြောင်း RFA က မေးမြန်းရာမှာ သာသနာရေးနဲ့ ယဉ်ကျေးမှုဝန်ကြီးဌာန ပြောရေးဆိုခွင့်ရှိသူ ဦးအောင်ဆန်းဝင်း က အခုလိုပြောပါတယ်။
""အဲဒါတော့ ကျနော်တို့ မသိဘူးခင်ဗျ၊ ကျွန်တော်တို့က ဦးဆွေဝင်း ကိုပဲ သဘောထားမှတ်ချက်ပေးတာပါ၊ ကွန်တော်တို့ကတော့ အဲဒီမှာ ထုတ်ပြန်ထားတဲ့အတိုင်းပါပဲ""
မန္တလေး မဟာအောင်မြေမြို့နယ် ရဲစခန်းနဲ့ ရန်ကုန် ကျောက်တံတားမြို့နယ် ရဲစခန်းတွေမှာ ပုဒ်မ ၆၆-ဃ ဆက်သွယ်ရေးပုဒ်မ၊ ပုဒ်မ ၂၉၅-က သာသနာညှိုးနွမ်းစေမှု ပုဒ်မတွေနဲ့ ကိုဆွေဝင်းကို မဘသအဖွဲ့ဝင်တွေက တရားစွဲဆိုထားတာဖြစ်ပါတယ်။ ကိုဆွေဝင်းက သာသနာရေးဦးစီးဌာနရဲ့ သဘောထားမှတ်ချက် တောင်းခံ လာတဲ့အတွက် အကြောင်းပြန်ကြားခဲ့တာလို့ ပြောပါတယ်။
အဲဒီစာဟာ ပြီးခဲ့တဲ့ရက်ပိုင်းက လူမှုကွန်ရက်ပေါ်မှာ ပျံ့နှံ့သွားတာ ဖြစ်ပါတယ်။
အဲဒီစာမှာ ကိုဆွေဝင်းရဲ့ ပြောကြားချက်တွေဟာ သတင်းသမားတစ်ဦးအနေနဲ့ တဆင့်ဝေဖန်ဖော်ပြခြင်းသာဖြစ် တာကြောင့် ဦးဝီရသူကို အသရေဖျက်ရာ မရောက်ကြောင်း သုံးသပ်ထားပါတယ်။ ကိုဆွေဝင်းရဲ့ ဦးဝီရသူနဲ့ ပတ်သက်ပြီး ဝေဖန်ချက်တွေဟာ သာသနာတော်နဲ့ ပတ်သက်လို့ မည်သည့် ငြိစွန်းချက်မှ မပါရှိတာကြောင့် ပုဒ်မ ၂၉၅-က ကိုလည်း ကျူးလွန်ရာမရောက်ဘူးလို့ ရေးသားထားပါတယ်။
အဲဒီအကြောင်းပြန်ကြားစာကိုလည်း ရုံးဌာနတွေ၊ အဖွဲ့အစည်းတွေကို အကြောင်းကြားတာမျိုးတွေမရှိဘဲ ကိုဆွေဝင်းဆီကိုသာ ပေးပို့ခဲ့တာ ဖြစ်တယ်လို့လည်း ရေးသားထားပါတယ်။",2.0,2.0,2.0,5.0,5.0,"The text is a well-written, professional news report about a specific legal and religious controversy in Myanmar. It uses natural, authentic Burmese phrasing and terminology (e.g., Ma Ba Tha, Section 66-d). It provides factual reporting on a complex social issue, making it useful for understanding contemporary Burmese political and religious discourse."
<urn:uuid:c3d1eb3c-1762-4a7f-97de-9e015f2b63c0>,"“သပိတ်စုံ သူပုန်ထ” ရန်ကုန်မှာဆန္ဒပြ
""သပိတ်စုံသူပုန်ထ"" ဆိုတဲ့ခေါင်းစဉ်နဲ့ စစ်အာဏာရှင်ဆန့်ကျင်ရေးဆန္ဒပြလှုပ်ရှားမှုတခုကို ဇွန်လ ၁၄ ရက် ဒီမနက်ပိုင်း ၈ နာရီလောက်က ရန်ကုန်၊ တာမွေမြို့နယ်၊ကျောက်မြောင်း သီတာလမ်းနဲ့ ဗညားဒလလမ်းမကြီးပေါ်မှာ ပြုလုပ်ခဲ့ပါတယ်။
ထင်ရှားတဲ့ ကျူးဘားတော်လှန်ရေးခေါင်းဆောင် ချေဂွေဗားရားရဲ့မွေးနေ့မှာ အခုလို ဆန္ဒပြခဲ့ကြတာဖြစ်ပြီး ရန်ကုန်မြို့က လူငယ်တွေ၊ မြို့နယ်သပိတ်အဖွဲ့တွေ၊ ကျောင်းသားသမဂ္ဂမတွေ၊ အထွေထွေသပိတ်ကော်မတီ GSC တို့ပူးပေါင်းပြီး ပြုလုပ်ခဲ့ကြတာပါ။
ဆန္ဒပြလူစုခွဲပြီး မကြာခင်မှာ စစ်တပ်တွေရောက်ရှိလာပြီး အခုအချိန်အထိလည်း သီတာလမ်း တစ်ဘက်ခြမ်း ဗညားဒလလမ်းမကြီးပေါ်မှာ စစ်ကားတစ်စီးနဲ့ စစ်သားတွေ စောင့်ကြည့်နေပါတယ်။
ရန်ကုန်၊ မန္တလေး၊ မုံရွာ၊ တနင်္သာရီတိုင်း နေရာ ၄ ခုမှာ ဇွန်လ ၁၄ ရက်နေ့က တပြိုင်နက်တည်း သပိတ်စုံသူပုန်ထ တပ်ဦး သပိတ်စစ်ကြောင်းကိုပြုလုပ်ခဲ့တာဖြစ်ပါတယ်။",1.0,1.0,2.0,5.0,5.0,"The text is a factual news report about political protests in Myanmar. It is clean, well-formatted, and uses authentic Burmese terminology and local context. While it lacks deep educational or complex reasoning content, it is a clear, professional, and culturally accurate piece of journalism."
<urn:uuid:46641b29-efdd-442f-9381-38dca2232619>,"KIO ဥက္ကဋ္ဌဟောင်း ဦးမလိဇွပ်ဇော်မိုင် ကွယ်လွန်
ကချင် လွတ်လပ်ရေး အဖွဲ့၊ ကချင် လွတ်လပ်ရေး တပ်မတော် (KIA/KIO) အဖွဲ့၏ ဥက္ကဋ္ဌဟောင်း ဦးမလိဇွပ်ဇော်မိုင် ၈၁ နှစ် သည် ရန်ကုန်မြို့ အာရှတော်ဝင် ဆေးရုံ၌ အောက်တိုဘာလ ၂၇ နံနက်ပိုင်း ၅ နာရီခွဲ ခန့်တွင် ကွယ်လွန်သွားသည်ဟု သတင်း ရရှိသည်။
ဦးမလိဇွပ်ဇော်မိုင်ကို အင်ခွန်ဇော်မိုင်ဟုလည်း ခေါ်ဆိုကြပြီး ၎င်းသည် ၁၉၅၇ ခုနှစ်က ကချင် လက်နက်ကိုင် တော်လှန်ရေး စတင်ရန် လားရှိုးမြို့၌ ကချင် ကျောင်းသား လူငယ် ၇ ဦးဖြင့် ဖွဲ့စည်းခဲ့သည့် ခုနစ်စင်ကြယ် အဖွဲ့ (7 Stars) တွင် ပါဝင်ခဲ့သူ ဟုလည်း လူသိများသည်။
7 Stars အဖွဲ့ဝင်များက ၁၉၆၀ ပြည့်နှစ် အောက်တိုဘာလတွင် KIO ကို စတင် တည်ထောင်လိုက်ပြီး ၁၉၆၁ ခုနှစ် ဖေဖော်ဝါရီလ ၅ ရက်နေ့တွင် KIA ကို တည်ထောင်ခဲ့သည်။
ဦးမလိဇွပ်ဖော်မိုင်သည် ၁၉၉၄ ခုနှစ် သြဂုတ်လမှ ၂၀၀၁ ခုနှစ်အထိ KIO ဥက္ကဋ္ဌ နှင့် KIA စစ်ဦးစီးချုပ် ဗိုလ်ချုပ် မလိဇွပ်ဇော်မိုင် အဖြစ် တာဝန် ထမ်းဆောင်ခဲ့ပြီး ၁၉၉၄ ခုနှစ်က စစ်အစိုးရနှင့် KIA ကြား ရေးထိုးခဲ့သည့် အပစ်ရပ် စာချုပ် တွင်လည်း ပါဝင် လက်မှတ်ထိုးခဲ့သူ ဖြစ်သည်။
၂၀၀၀ ပြည့်နှစ်တွင် တပ်တွင်းအင်အားဖြင့် အာဏာသိမ်းကာ ရာထူးမှ ဖြုတ်ချ ခံလိုက်ရပြီးနောက် အရပ်သားအဖြစ် ပြောင်းလဲနေထိုင်ခဲ့ခြင်း ဖြစ်သည်။
ပြန်ကြားရေး ဝန်ကြီးဟောင်း ဦးရဲထွဋ် ကတော့ ဦးမလိဇွပ်ဇော်မိုင်သည် စာဖတ်နာသည့် စစ်ဗိုလ်ချုပ် တဦးဖြစ်ကြောင်း ဦးမလိဇွပ်ဇော်မိုင် တဲထဲသို့ ၎င်းကိုယ်တိုင် ရောက်ရှိခဲ့စဉ်က များပြားသည့် စာအုပ်များကို တွေ့ရှိခဲ့ရသကဲ့သို့ အတူ စကား ပြောစဉ်တွင်လည်း မှတ်သားစရာ များစွာတွေ့ရှိခဲ့ရကြောင်း ၎င်း၏ လူမှု ကွန်ရက် Facebook စာမျက်နှာထက်တွင် အောက်မေ့ သတိရစာ ရေးသားထားသည်ကို တွေ့ရသည်။
ဦးရဲထွဋ် က “ငြိမ်းချမ်းရေး ဆွေးနွေးပွဲ ကာလတုန်းက ဆုံခဲ့တဲ့ သူ့ပုံရိပ်တွေ၊ သူ့စကားတွေ၊ စာအုပ်ပုံတွေ ကြားမှာထိုင်ပြီး ကျနော်တို့ကိုု ဧည့်ခံခဲ့တဲ့ အမှတ်တရ အဖြစ်တွေကိုတော့ တိုက်ဆိုင်မှုရှိတိုုင်း သတိရနေမိတယ်။ သူပြောခဲ့တဲ့ စကား တခွန်းကိုု အကြောင်းပြုပြီး စာတပုဒ်တောင် ရေးဖြစ်ခဲ့တယ်။ အခုတော့ သူကွယ်လွန်သွားခဲ့ပြီ။ သူမရှိတော့ဘူးဆိုမှ သူ့ကိုု တခေါက် တခါလောက် သွားပြီး တွေ့သင့်ခဲ့တယ်ဆိုုပြီး နောင်တရမိတယ်” ဟု ဆိုသည်။
၎င်းတာဝန် ထမ်းဆောင်စဉ်ကာလ အုပ်ချုပ်ရေး ကိုင်တွယ်ရာတွင် ကြမ်းသည်ဟု မှတ်ချက်ချသူများလည်း ရှိသလို ၎င်းသည် စိတ်သဘောထား ကောင်းမွန်သည့် ခေါင်းဆောင်တဦး ဖြစ်ကြောင်း မှတ်ချက်ပြုသူများလည်း ရှိသည်။
ကချင်ပြည်နယ် ဒီမိုကရေစီ ပါတီ (KSDP) ဥက္ကဋ္ဌ ဒေါက်တာ တူးဂျာက ဦးမလိဇွပ်ဇော်မိုင်သည် KIO ကို စတင်တည် ထောင်ပြီး ကချင်တော်လှန်ရေး လမ်းစဉ်များကို လမ်းညွှန်ခဲ့သူ တဦးဖြစ်သည့်အပြင် ထင်ပေါ် ကျော်ကြားသည့် ခေါင်းဆောင် တဦးလည်း ဖြစ်သည်ဟု မှတ်ချက်ပြုသည်။
ရန်ကုန်အခြေစိုက် တိုင်းရင်းသား နိုင်ငံရေးလေ့လာသူ ဦးမောင်မောင်စိုး၏ ၂၀၁၆ ခုနှစ်ထုတ် တိုင်းရင်းသား လက်နက်ကိုင် များအကြောင်း တစေ့စောင်း စာအုပ်ပါ KIA အခန်းကဏ္ဍတွင် ဦးမလိဇွပ်ဇော်မိုင်သည် အုပ်ချုပ်ရေး အကိုင်အတွယ် ကြမ်း ခြင်း၊ အစိုးရနှင့် အပစ်ရပ်စာချုပ် ချုပ်ဆိုထားစဉ် အတွင်း စီးပွားရေး လုပ်ဆောင်ခြင်း၊ မြစ်ဆုံ ဒေသအတွင်း ရွှေတူးဖော်ခြင်း များကြောင့် ၎င်းအပေါ် မကျေနပ်မှုများလည်း ရှိနေကြပြီးသည့်နောက် ၂၀၀၀ ပြည့်နှစ်တွင် ရာထူးမှ ဖြုတ်ချပြီး အာဏာ သိမ်း ခံလိုက်ရခြင်း ဖြစ်သည်ဟု ရေးသားထားသည်။
ထိုရာထူး ဖြုတ်ချရေးကို ဦးဆောင်ခဲ့သူမှာ လက်ရှိ KIO ဥက္ကဋ္ဌ တာဝန်ယူထားသည့် ဗိုလ်ချုပ်ကြီး အင်ဘန်လ ဖြစ်သည်ဟု အများက သတ်မှတ်ထားကြောင်းလည်း ရေးသားထားသည်။
ဦးမလိဇွပ်ဇော်မိုင် ကွယ်လွန်ခြင်း သတင်းကြောင့် ကချင်လူမှု အသိုင်းအဝိုင်းများကြား ဝမ်းနည်းကြောင်း ထုတ်ဖော် ပြောဆိုလာသူများ ရှိသလို အများစုကလည်း ဦးမလိဇွပ်ဇော်မိုင်သည် ခေါင်းဆောင်ကောင်း တဦးဖြစ်ကြောင်း၊ ကွယ်လွန် သွားသည့် သတင်းကြောင့် ဝမ်းနည်းရကြောင်း လူမှုကွန်ရက်ပေါ်တွင် ရေးသားကြသည်ကို တွေ့ရသည်။
KIA စစ်ဦးစီးချုပ်ဟောင်း ဦးမလိဇွပ်ဇော်မိုင်၏ ဈာပနအခမ်းအနားကို နိုဝင်ဘာလ ၁ ရက်၌ မြစ်ကြီးနားမြို့ စီတာပူ ရပ်ကွက်၊ နေအိမ်အနီးရှိ စီတာပူ ကချင်နှစ်ခြင်း ခရစ်ယာန် အသင်းတော်တွင် ဝတ်ပြုဆုတောင်းပွဲ ပြုလုပ်ကာ ဂျော်ဘွမ် ခရစ်ယာန် သုသာန်တွင် ဂူသွင်းသဂြိုဟ်သွားမည်ဟု သိသည်။",3.0,2.0,2.0,5.0,5.0,"The text is a well-written, objective news report about a significant historical figure in Burmese ethnic politics. It provides biographical and historical context suitable for educational purposes, maintains a neutral tone, and uses natural, authentic Burmese language with appropriate cultural and political terminology."
<urn:uuid:2d40fb2d-ca0a-4eec-a021-446eb403fa78>,"ႏုိင္ငံတြင္း တရားဥပေဒ စိုးမိုးေရးဟာ အေရးႀကီးဆံုး ျဖစ္တယ္လို႔ ပဲခူးတုိင္း ျဖဴးၿမိဳ႕နယ္မွာ တနလၤာေန႔က ျပဳလုပ္တဲ့ NLD ၿမိဳ႕နယ္႐ံုးသစ္ ဖြင့္ပြဲကို တက္ေရာက္လာတဲ့ NLD ပါတီ နာယက ဦးတင္ဦးက ေျပာပါတယ္။ ဒါတင္မက အလုပ္သမား လယ္သမားသမဂၢေတြ လြတ္လြတ္လပ္လပ္ ဖြဲ႔စည္းေဆာင္ရြက္ ႏုိင္ခြင့္ အတြက္လည္း သူက တိုက္တြန္း ေျပာၾကားသြားခဲ့ပါတယ္။ အေၾကာင္းစံုကို မသိဂႌထိုက္က တင္ျပထားပါတယ္။
NLD ပါတီက လာမယ့္ ၾကားျဖတ္ ေရြးေကာက္ပြဲမွာ အႏိုင္ရၿပီး လႊတ္ေတာ္ထဲကို ေရာက္ရင္ ဒီမိုကေရစီ အက်င့္အႀကံနဲ႔ မကိုက္ညီတဲ့ ဖြဲ႔စည္းပံု အေျခခံဥပေဒထဲက အခ်က္အလက္ေတြကို ျပင္မယ္ဆိုၿပီး NLD ပါတီရဲ႕ နာယက ဦးတင္ဦးက တနလၤာေန႔မွာ ေျပာပါတယ္။ ပဲခူးတိုင္း ျဖဴးၿမိဳ႕နယ္မွာ NLD ႐ံုးသစ္ဖြင့္ပြဲမွာ လာေရာက္ၾကတဲ့ ေထာင္နဲ႔ခ်ီတဲ့ ေဒသခံလူထုကို ေျပာဆိုခဲ့တာ ျဖစ္တယ္လို႔ ျဖဴးၿမိဳ႕နယ္ NLD ပါတီရဲ႕ စည္း႐ံုးေရး တာ၀န္ခံ ဦးသက္စိန္ က အခုလို ေျပာပါတယ္။
“ဒီ တိုင္းျပည္တစ္ျပည္မွာ ဥပေဒ စိုးမိုးေရးဟာ အေရးႀကီးဆံုး ဆိုတဲ့အေၾကာင္းနဲ႔ ေခတ္အဆက္ဆက္ ျဖစ္လာတဲ့ တခ်ိဳ႕ ဥပေဒေတြက ျပည္သူလူထုအတြက္ ဖိႏွိပ္တဲ့ ဥပေဒေတြ ျဖစ္ေနတယ္၊ ဒါေၾကာင့္မိုလို႔ ျပည္သူေတြ ေအးေအးခ်မ္းခ်မ္း ေနဖို႔အတြက္ဆိုရင္ မလိုလားအပ္တဲ့ ဥပေဒေတြကို ျပင္ရမယ္လို႔ဆိုၿပီး တရားဥပေဒ စိုးမိုးေရးကို ပထမ ထည့္ေျပာပါတယ္ခင္ဗ်။ တိုင္းရင္းသား လက္နက္ကိုင္ အဖြဲ႔အစည္းေတြ အေနနဲ႔ ၿငိမ္းခ်မ္းေရး အၿပီးအပိုင္ ရရွိေရးအတြက္ကို ပင္လံုစိတ္ဓါတ္နဲ႔ ေဆာင္ရြက္ရမယ္ ဆိုၿပီးေတာ့ ျပည္သူလူထုမ်ားကလည္း ၀ိုင္း၀န္းကူညီၾကဖို႔ ေျပာပါတယ္။ NLD အေနနဲ႔ လႊတ္ေတာ္ထဲေရာက္ရင္ အေျခခံဥပေဒကို ျပင္ရမယ္လို႔ ေျပာပါတယ္။ ဘာေၾကာင့္လဲဆိုေတာ့ ဒီ လက္ရွိ အေျခခံဥပေဒဟာ ဒီမိုကေရစီက်င့္စဥ္ အတြက္ကို တခ်ိဳ႕ဟာေတြက မကိုက္ညီတဲ့အတြက္ေၾကာင့္ ဒီဟာေတြကို လႊတ္ေတာ္ထဲ ေရာက္လို႔ရွိရင္ ျပင္ရမယ္ ေျပာပါတယ္ခင္ဗ်။ ႏုိင္ငံတကာနဲ႔ စီးပြားေရး စာခ်ဳပ္ ခ်ဳပ္တဲ့အခါမွာ ျပည္သူေတြရဲ႕ အက်ိဳးစီးပြားကို အရင္ၾကည့္ရမယ္ ဆိုၿပီးေတာ့လည္း ေျပာသြားပါတယ္။ ေတာင္သူလယ္သမား အစည္းအ႐ံုးတို႔၊ အလုပ္သမား သမဂၢ တို႔ ျဖစ္လာမွ ဒါေတြဟာ ေတာင္သူလယ္သမားေတြ အလုပ္သမားေတြ အတြက္ကို အကာအကြယ္ ေပးႏုိင္မယ္၊ အခုကေတာ့ ဖြဲ႔စည္းပံုေတာ့ သူတို႔ ခြင့္ျပဳထားတယ္။ တကယ္တမ္းက်ေတာ့ ဖြဲ႔လို႔မရေသးဘူးဆိုေတာ့ ဘာနဲ႔တူလဲဆိုရင္တဲ့၊ အေျမာက္ေပးထားၿပီးေတာ့ က်ည္ဆံမေပးတာနဲ႔ တူပါတယ္တဲ့။”
ျဖဴးၿမိဳ႕နယ္တြင္းမွာ ျပည္ေထာင္စု ႀကံ့ခိုင္ေရးနဲ႔ ဖြံ႔ၿဖိဳးေရးပါတီ တစ္ခုတည္း ရွိေနရာကေန အခု NLD ႐ံုးကို ျပန္ၿပီး ဆိုင္းဘုတ္တင္ ဖြင့္လွစ္ႏိုင္တာ ျဖစ္တယ္လို႔လည္း ေဒသခံေတြက ေျပာပါတယ္။ ႐ံုးခြဲဖြင့္လွစ္ၿပီးရင္ ပါတီ၀င္သစ္ စုေဆာင္းတာ၊ ေရြးေကာက္ပြဲ ေအာင္ႏုိင္ေရးတို႔ကို တစိုက္မတ္မတ္ လုပ္ေဆာင္သြားမယ္ လို႔လည္း NLD တာ၀န္ခံေတြက ေျပာပါတယ္။ လတ္တေလာ ျဖဴးၿမိဳ႕နယ္အတြင္းမွာ NLD ပါတီ၀င္ ေလးေထာင္နီးပါး ရွိတယ္လုိ႔လည္း ဦးသက္စိန္က ေျပာပါတယ္။
“အရင္တုန္းက က်ေနာ္တုိ႔ ဆိုင္းဘုတ္တင္လုိ႔ မရဘူးေလ။ ဆိုင္းဘုတ္တင္လို႔ မရသလို ႐ံုးအေနနဲ႔ သီးျခား မရွိဘူးေပါ့။ အခုကေတာ့ က်ေနာ္တို႔ ႐ံုးကို သီးျခား ဖြင့္လိုက္တာပါခင္ဗ်။”
NLD ပါတီက တရား၀င္ ႏုိင္ငံေရးပါတီအျဖစ္ မွတ္ပံုတင္ၿပီးေနာက္ပိုင္းကစလို႔ ႏုိင္ငံတ၀ွမ္းမွာ ပါတီ႐ံုးခြဲေတြကို ျပန္ၿပီး ဖြင့္လွစ္ေနတာ ျဖစ္ပါတယ္။ ပါတီ၀င္သစ္ စုေဆာင္းမႈေတြကိုလည္း ျပန္ၿပီး လုပ္ေဆာင္ေနတာပါ။ လာမယ့္ ၾကားျဖတ္ ေရြးေကာက္ပြဲမွာ လစ္လပ္ေနရာ ၄၈ ေနရာ ၀င္ေရာက္ ယွဥ္ၿပိဳင္ အႏိုင္ရေရး အတြက္လည္း ပါတီေခါင္းေဆာင္ ေဒၚေအာင္ဆန္းစုၾကည္ဟာ ႏုိင္ငံတ၀ွမ္း ခရီးလွည့္လည္ၿပီး မဲဆြယ္စည္း႐ံုးမႈေတြ လုပ္ေဆာင္ေနပါတယ္။",2.0,2.0,2.0,5.0,5.0,"The text is a journalistic report on political activities in Myanmar. It provides basic information about political platforms and legal issues, suitable for general awareness. It is clean, well-structured, and uses natural, authentic Burmese language, reflecting local political context and terminology accurately."
<urn:uuid:2cb03e07-553f-4af7-bd2e-382631cf7286>,"၂၀၁၇ ခုႏွစ္ထဲမွာ ျမန္မာပရိသတ္ေတြၾကားမွာ ေရပန္းစားခဲ့သူတစ္ဦးကေတာ့ မိုရီဆာကီ၀င္းပါ။ မိုရီဆာကီ၀င္းက ဂ်ပန္ႏိုင္ငံက အမ်ဳိးသားေပါ့ပ္ဂီတအဖြဲ႕တစ္ဖြဲ႕ျဖစ္တဲ့ Prizma X အဖြဲ႕ရဲ႕ အဖြဲ႕၀င္တစ္ဦးအျဖစ္ ဂ်ပန္ႏိုင္ငံအႏုပညာေလာကမွာ ေအာင္ျမင္မႈတစ္ခုကိုရယူထားႏိုင္သူ တစ္ဦးျဖစ္ပါတယ္။ မိုရီဆာကီ၀င္းကို ျမန္မာပရိသတ္ေတြၾကားမွာ သိလာေစခဲ့တာကေတာ့ My Country My Home (ဇာတိေျမ) လို႔ အမည္ေပးထားတဲ့ ဂ်ပန္ႏိုင္ငံနဲ႔ ျမန္မာႏိုင္ငံက အႏုပညာရွင္၊ အတတ္ပညာရွင္ေတြ ပူးေပါင္း႐ိုက္ကူးမယ့္ ဇာတ္ကားမွာ အဓိကဇာတ္ေဆာင္တစ္ဦးအျဖစ္ ပါ၀င္မယ္ဆိုတဲ့ စာနယ္ဇင္း မိတ္ဆက္ပြဲကေနတစ္ဆင့္ သိလာေစခဲ့တာျဖစ္ပါတယ္။ အဲဒီ ဇာတ္ကား မိတ္ဆက္ပြဲမတိုင္ခင္မွာ ဂ်ပန္-ျမန္မာ ခ်စ္ၾကည္ေရးေဖ်ာ္ေျဖပြဲမွာလည္း Prizma X အဖြဲ႕နဲ႔အတူ မိုရီဆာကီ၀င္းက ျမန္မာႏုိင္ငံမွာ ပထမဆံုးေဖ်ာ္ေျဖမႈေတြ လုပ္ခဲ့တယ္လို႔ သိရပါတယ္။
My Country My Home (ဇာတိေျမ) ဇာတ္ကားက ဂ်ပန္ ႏုိင္ငံေရာက္ ျမန္မာႏုိင္ငံသားတစ္ဦးရဲ႕ မိသားစုဘ၀နဲ႔ ျဖတ္သန္းမႈေတြကို သူ႔ရဲ႕မ်ဳိးဆက္အထိ ႐ိုက္ကူးထားတာျဖစ္ၿပီး အဲဒီဇာတ္ကားမွာ မိုရီဆာကီ၀င္းကလည္း ဂ်ပန္ႏိုင္ငံေရာက္ ျမန္မာႏိုင္ငံသား လူငယ္တစ္ဦးအျဖစ္ ပါ၀င္သ႐ုပ္ေဆာင္ထားတယ္လို႔ သိရပါတယ္။
ျမန္မာပရိသတ္ေတြက အ၀င္းလို႔ ခ်စ္စႏိုးေခၚၾကတဲ့ မိုရီဆာကီ၀င္း ၁၀ ႏွစ္သားေလာက္မွာ မိဘေတြရွိတဲ့ ဂ်ပန္ကိုထြက္ခြာသြားခဲ့ပါ။ ဂ်ပန္ႏိုင္ငံမွာ ပညာသင္ၾကားေနရင္း ၁၄ ႏွစ္သားေလာက္မွာ အႏုပညာအလုပ္ေတြ စၿပီးလုပ္ျဖစ္ခဲ့တယ္လို႔ သိရပါတယ္။ Stardust Promotion မွာအေရြးခံရၿပီး Prizma X အဖြဲ႕မွာ ပါ၀င္ခြင့္ရခဲ့တယ္လို႔ သိရပါတယ္။ J Pop လို႔ေခၚတဲ့ Prizma X အဖြဲ႕မွာ မိုရီဆာကီ၀င္းက သူကိုယ္တိုင္ေရးထားတဲ့ သီခ်င္းေလးေတြလည္း ဆိုျဖစ္ၿပီး Prizma X အဖြဲ႕ထဲကိုေရာက္တာ ေျခာက္ႏွစ္ေက်ာ္ အႏုပညာသက္တမ္းအတြင္း ၂၀၁၇ ခုႏွစ္ ၾသဂုတ္ ၃၁ ရက္မွာ ေတာ့ Prizma X အဖြဲ႕ရဲ႕ ရွစ္ခ်ပ္ေျမာက္အယ္လ္ဘမ္ကို ျဖန္႔ခ်ိခဲ့ပါတယ္။
မိုရီဆာကီ၀င္းအေနနဲ႔ ဂ်ပန္ႏိုင္ငံမွာ ဂီတအႏုပညာအျပင္ သ႐ုပ္ေဆာင္ တစ္ဦးအေနနဲ႔လည္း ဇာတ္ကားသံုးကားေလာက္ ႐ိုက္ကူးျဖစ္ခဲ့ၿပီး ဇာတ္ကား အမ်ားစုက ေက်ာင္းသားဇာတ္လမ္းေတြျဖစ္ၿပီး ဇာတ္ကားတစ္ကားမွာသာ ေခါင္းေဆာင္မင္းသားအျဖစ္ ပါ၀င္ထားတယ္လို႔ သိရပါတယ္။
My Country My Home (ဇာတိေျမ) ဇာတ္ကားကစတင္ၿပီး ျမန္မာအႏုပညာရွင္ေတြနဲ႔ ဇာတ္ကားေတြ တြဲဖက္႐ိုက္ကူးခဲ့သလို ဘ၀တစ္စိတ္တစ္ပိုင္းကို ပံုေဖာ္ထားတဲ့ My Dream My Life ႐ုပ္သံဇာတ္လမ္းတဲြကိုလည္း MNTV ႐ုပ္သံလိုင္း၌ ထုတ္လႊင့္ျပသဖို႔ စီစဥ္ထားပါတယ္။ မုိရီဆာကီ၀င္းအေနနဲ႔ နီနီခင္ေဇာ္၏ Good Kisser Music Video မွာလည္း ပါ၀င္ထားၿပီး အဲဒီ Music Video ကလည္း ပရိသတ္ေတြၾကားမွာ ေရပန္းစားလ်က္ရိွပါတယ္။",1.0,1.0,2.0,5.0,5.0,"The text is a well-written, informative biographical article about a Burmese-Japanese artist. It is clean, uses natural Burmese phrasing, and provides cultural context relevant to the local entertainment industry. It lacks complex reasoning or high-level educational content, serving primarily as a celebrity profile."
<urn:uuid:26de7a60-e78f-4f1f-a96c-789a9d6abac1>,"(Zawgyi/Unicode)
ျမန္မာႏုိင္ငံေတာင္ပိုင္းေဒသမွာ ၿပီးခဲ့တဲ့ရက္ပိုင္းက မိုးႀကီးရြာတဲ့အတြက္ ရာနဲ႔ခ်ီတဲ့လူေတြ အိုးအိမ္မဲ့ျဖစ္ေနၾကရသလို ကိုဗစ္ကပ္ေရာဂါ ထိန္းခ်ဳပ္ေရး လုပ္ငန္းေတြလည္း ေႏွးေကြးကုန္တယ္လုိ႔ ေဒသခံေတြက ႐ိုက္တာသတင္းဌာနကို ဒီကေန႔ေျပာပါတယ္။
ကိုဗစ္လူနာေတြကို ေရတက္ေနတဲ့ေနရာေတြကေန ေျခာက္ေသြ႔တဲ့ေနရာေတြဆီ က်န္းမာေရးလုပ္သားေတြ ေရႊ႕ေျပာင္းေပးခဲ့ၾကရပါတယ္။
""အိမ္ေျခ ရာနဲ႔ခ်ီၿပီး ေရျမဳပ္ေနၿပီးေတာ့ ေခါင္မိုးေလးေတြပဲ ျမင္ရပါတယ္"" လို႔ ကရင္ျပည္နယ္၊ လိႈင္းဘြဲၿမိဳ႕နယ္က လူမႈဝန္ထမ္း လုပ္သားတဦးျဖစ္သူ ဦးျပည့္စံုက ႐ိုက္တာသတင္းဌာနကို တယ္လီဖုန္းကတဆင့္ ေျပာပါတယ္။ တနလၤာေန႔အေစာပိုင္းကတည္းက ေရတက္လာေနတယ္လုိ႔လည္း သူကေျပာပါတယ္။
""ၿမိဳ႕မွာ ကိုဗစ္က ပ်ံ႕ေနပါတယ္။ အနံ႔ေပ်ာက္တဲ့လူေတြ၊ ဖ်ားေနတဲ့လူေတြ အမ်ားႀကီးပါပဲ။ ဒါက ကိုဗစ္လား၊ ရာသီတုတ္ေကြးလားဆိုတာ ေသခ်ာမသိရပါဘူး။ ဒါေပမယ့္ အခုေတာ့ လူေတြ အိမ္ထဲမွာလည္း ေနလို႔မရ၊ ေဂဟာေတြမွာလည္း ေနလို႔မရဆိုေတာ့ ေရာဂါပိုးပ်ံ႕တာ ပိုဆိုးလာႏုိ္င္ပါတယ္"" လို႔ ဦးျပည့္္စံုက ေျပာပါတယ္။
ျမဝတီၿမိဳ႕မွာလည္း ေရႀကီးေနတဲ့ၾကားထဲကပဲ ကုတင္ေပၚမွာ ေအာက္ဆီဂ်င္ပိုက္တန္းလန္းနဲ႔ လူနာေတြကို ပရဟိတလုပ္သားေတြနဲ႔ က်န္းမာေရးဝန္ထမ္းေတြက ေရႊ႕ေျပာင္းေပးေနၾကတာကို KIC သတင္းဌာနက ေဖ့စ္ဘုတ္ေပၚမွာတင္ထားတဲ့ ဓာတ္ပံုေတြမွာ ေတြ႔ရပါတယ္။
ထိုင္း-ျမန္မာနယ္စပ္က လူေနေဒသ ၅၀၀ ေလာက္ ေရေဘးဒဏ္သင့္ၿပီး လူရာေပါင္းမ်ားစြာ အိုးအိမ္မဲ့ျဖစ္ေနတယ္လို႔ KIC ကေျပာပါတယ္။
ေမာ္လၿမိဳင္ၿမိဳ႕မွာလည္း လူ ၅၀၀ ထက္မနည္း ေရေဘးဒဏ္သင့္ေနတယ္လုိ႔ ပရဟိတအဖြဲ႔တခုရဲ႕ အႀကီးအကဲျဖစ္သူ ဦးဘိုဘိုဝင္းကေျပာပါတယ္။
""ဒီႏွစ္ေရႀကီးတဲ့ဒဏ္က ၂၀၁၉ ခုႏွစ္ကေလာက္ မဆိုးပါဘူး၊ ဒါေပမယ့္ အခုဟာက ကပ္ေရာဂါနဲ႔ တည့္တည့္တိုးေနခ်ိန္ျဖစ္ေနပါတယ္"" လို႔ ဦးဘိုဘိုဝင္းကေျပာပါတယ္။
..................................................................................................
မြန်မာတောင်ပိုင်းမိုးကြီးရေလျှံလို့ ကပ်ရောဂါထိန်းချုပ်ရေးနှေးကွေး
(Unicode)
မြန်မာနိုင်ငံတောင်ပိုင်းဒေသမှာ ပြီးခဲ့တဲ့ရက်ပိုင်းက မိုးကြီးရွာတဲ့အတွက် ရာနဲ့ချီတဲ့လူတွေ အိုးအိမ်မဲ့ဖြစ်နေကြရသလို ကိုဗစ်ကပ်ရောဂါ ထိန်းချုပ်ရေး လုပ်ငန်းတွေလည်း နှေးကွေးကုန်တယ်လို့ ဒေသခံတွေက ရိုက်တာသတင်းဌာနကို ဒီကနေ့ပြောပါတယ်။
ကိုဗစ်လူနာတွေကို ရေတက်နေတဲ့နေရာတွေကနေ ခြောက်သွေ့တဲ့နေရာတွေဆီ ကျန်းမာရေးလုပ်သားတွေ ရွှေ့ပြောင်းပေးခဲ့ကြရပါတယ်။
""အိမ်ခြေ ရာနဲ့ချီပြီး ရေမြုပ်နေပြီးတော့ ခေါင်မိုးလေးတွေပဲ မြင်ရပါတယ်"" လို့ ကရင်ပြည်နယ်၊ လှိုင်းဘွဲမြို့နယ်က လူမှုဝန်ထမ်း လုပ်သားတဦးဖြစ်သူ ဦးပြည့်စုံက ရိုက်တာသတင်းဌာနကို တယ်လီဖုန်းကတဆင့် ပြောပါတယ်။ တနင်္လာနေ့အစောပိုင်းကတည်းက ရေတက်လာနေတယ်လို့လည်း သူကပြောပါတယ်။
""မြို့မှာ ကိုဗစ်က ပျံ့နေပါတယ်။ အနံ့ပျောက်တဲ့လူတွေ၊ ဖျားနေတဲ့လူတွေ အများကြီးပါပဲ။ ဒါက ကိုဗစ်လား၊ ရာသီတုတ်ကွေးလားဆိုတာ သေချာမသိရပါဘူး။ ဒါပေမယ့် အခုတော့ လူတွေ အိမ်ထဲမှာလည်း နေလို့မရ၊ ဂေဟာတွေမှာလည်း နေလို့မရဆိုတော့ ရောဂါပိုးပျံ့တာ ပိုဆိုးလာနိုင်ပါတယ်"" လို့ ဦးပြည့််စုံက ပြောပါတယ်။
မြဝတီမြို့မှာလည်း ရေကြီးနေတဲ့ကြားထဲကပဲ ကုတင်ပေါ်မှာ အောက်ဆီဂျင်ပိုက်တန်းလန်းနဲ့ လူနာတွေကို ပရဟိတလုပ်သားတွေနဲ့ ကျန်းမာရေးဝန်ထမ်းတွေက ရွှေ့ပြောင်းပေးနေကြတာကို KIC သတင်းဌာနက ဖေ့စ်ဘုတ်ပေါ်မှာတင်ထားတဲ့ ဓာတ်ပုံတွေမှာ တွေ့ရပါတယ်။
ထိုင်း-မြန်မာနယ်စပ်က လူနေဒေသ ၅၀၀ လောက် ရေဘေးဒဏ်သင့်ပြီး လူရာပေါင်းများစွာ အိုးအိမ်မဲ့ဖြစ်နေတယ်လို့ KIC ကပြောပါတယ်။
မော်လမြိုင်မြို့မှာလည်း လူ ၅၀၀ ထက်မနည်း ရေဘေးဒဏ်သင့်နေတယ်လို့ ပရဟိတအဖွဲ့တခုရဲ့ အကြီးအကဲဖြစ်သူ ဦးဘိုဘိုဝင်းကပြောပါတယ်။
""ဒီနှစ်ရေကြီးတဲ့ဒဏ်က ၂၀၁၉ ခုနှစ်ကလောက် မဆိုးပါဘူး၊ ဒါပေမယ့် အခုဟာက ကပ်ရောဂါနဲ့ တည့်တည့်တိုးနေချိန်ဖြစ်နေပါတယ်"" လို့ ဦးဘိုဘိုဝင်းကပြောပါတယ်။",2.0,2.0,2.0,4.0,5.0,"The text is a factual news report about flooding and COVID-19 in Myanmar. It provides basic situational awareness (educational value) and simple causal links between the disaster and health risks (reasoning). It is written in natural, authentic Burmese, including local context and terminology, though it contains some redundant boilerplate due to the dual-script presentation."
<urn:uuid:391a2653-ffb6-419d-9c71-2f4f71132610>,"အံ့ဘုန္းျမတ္ ၁၆ ဇူလိုင္ ၂၀၁၀ (ဒီဗြီဘီ)
လာမယ့္ တနလၤာေန႔မွာ က်ေရာက္မယ့္ ၆၃ ႀကိမ္ေျမာက္ အာဇာနည္ေန႔အခမ္းအနားကို အမ်ိဳးသားဒီမိုကေရစီ အဖဲြ႔ခ်ဳပ္႐ံုး ခ်ဳပ္မွာ မျပဳလုပ္ႏိုင္ဘဲ ဒု-ဥကၠ႒ ဦးတင္ဦးရဲ႕ ေနအိမ္မွာ က်င္းပမယ္လို႔ သိရပါတယ္။ ဇူလိုင္လ ၁၉ ရက္ေန႔မွာ က်ေရာက္တဲ့ ၆၃ ၾကိမ္ေျမာက္ အာဇာနည္ေန႔ အခမ္းအနားကို ႏွစ္စဥ္ က်င္းပျပဳလုပ္ေနက်ျဖစ္တဲ့ ရန္ကုန္တိုင္း ဗဟန္းၿမိဳ႕နယ္၊ ေရႊဂံုတိုင္ အုတ္လမ္းရိွ အမ်ိဳးသားဒီမိုကေရစီအဖဲြ႔ခ်ဳပ္႐ံုးမွာ မျပဳလုပ္ႏိုင္ေတာ့တာပါ။ အဖဲြ႔ခ်ဳပ္ ဒု-ဥကၠ႒ ဦးတင္ဦးေနအိမ္မွာပဲ အာဇာနည္ေန႔ ေဟာေျပာပဲြနဲ႔အတူ က်င္းပျပဳလုပ္မွာ ျဖစ္တယ္လို႔ အဖဲြ႔ခ်ဳပ္ ေျပာေရးဆိုခြင့္ရိွသူ ဦးဉာဏ္၀င္းက ေျပာပါတယ္။
“အဖဲြ႔ခ်ဳပ္႐ံုးမွာ ဘာမွ အခမ္းအနား က်င္းပဖို႔ မရိွပါဘူး။ အာဇာနည္ေန႔ အထိမ္းအမွတ္အေနနဲ႔ လူငယ္ေတြကို အာဇာနည္ႀကီး ေတြနဲ႔ ထိေတြ႔ဖူးတဲ့ လူႀကီးမ်ား၊ အန္အယ္လ္ဒီခ်ည္းပဲ မဟုတ္ပါဘူး။ အျပင္ကလည္းပဲ ပါတယ္။ သူတို႔ကို ေတြ႔ဆံုၿပီးေတာ့ သူတို႔ အေတြ႔အႀကံဳေလးေတြ ဖလွယ္ေပးမယ္။ ေျပာျပေပးမယ္၊ အဲဒီ အစီအစဥ္ကိုေတာ့ အန္ကယ္လ္ ဦးတင္ဦးအိမ္မွာ က်င္းပမွာပါ။”
အခုႏွစ္ အာဇာနည္ေန႔ အခမ္းအနားကို အရင္ႏွစ္ေတြကအတိုင္း အမ်ိဳးသားဒီမိုကေရစီအဖဲြ႔ခ်ဳပ္႐ံုးခ်ဳပ္မွာ မက်င္းပႏိုင္တာနဲ႔ ပတ္သက္လို႔လည္း ဦးဉာဏ္၀င္းက
“အဓိကအခ်က္က အန္အယ္လ္ဒီရဲ႕ ရပ္တည္မႈဟာ က်ေနာ္တို႔ ဥပေဒရ ႀကိဳးစားေဆာင္ရြက္ေနတယ္။ Legal Process နဲ႔ သြားေနတယ္။ အဲဒါ မၿပီးျပတ္ေသးတဲ့အတြက္ မက်င္းပတာ ျဖစ္ပါတယ္။ အန္အယ္လ္ဒီ အေနနဲ႔ကေတာ့ မိမိရဲ႕ အေျခအေနအရ အခုနေျပာတဲ့ Legal Process မၿပီးလို႔ မက်င္းပရဘူး။ ျပည္သူလူထုေတြကေတာ့ ဒီဟာနဲ႔ ပတ္သက္ၿပီး ေတာ့ သူတို႔ အသီးသီးခံစားခ်က္ ရိွပါလိမ့္မယ္။ အဓိက အဲဒါပါပဲ။ က်ေနာ္တို႔ အဖဲြ႔ခ်ဳပ္အေနနဲ႔ကေတာ့ Legal Process မၿပီးျပတ္ေသးတဲ့အတြက္ မက်င္းပတာ ျဖစ္ပါတယ္။”
အလားတူ အၿမိဳ႕ၿမိဳ႕အနယ္နယ္မွာရိွတဲ့ အဖဲြ႕ခ်ဳပ္၀င္ေတြကလည္း ၆၃ ႀကိမ္ေျမာက္ အာဇာနည္ေန႔ အခမ္းအနားက်င္းပဖို႔ ျပင္ဆင္ေနၾကပါတယ္။ အဲဒီထဲက မိထၳီလာအဖဲြ႔ခ်ဳပ္၀င္ ေဒၚျမင့္ျမင့္ေအးက အာဇာနည္ေန႔အခမ္းအနား က်င္းပျပဳလုပ္မယ့္ အစီအစဥ္ေတြကို အခုလိုေျပာပါတယ္။
“မိထၳီလာကေတာ့ လုပ္ေနက်အတိုင္းပဲ အဖဲြ႔ခ်ဳပ္႐ံုးမွာ အာဇာနည္ေန႔ အခမ္းအနားကို က်င္းပမယ္။ ဘုန္းႀကီး ဆြမ္းကပ္မယ္။ အာဇာနည္ဆြမ္း တရားနာမယ္။ ေနာက္ၿပီး ဘုန္းႀကီး ဆြမ္းကပ္ျပီးေတာ့ ဧည့္ပရိသတ္ေတြလည္း ေကြ်းမယ္။ အာဇာ နည္ေန႔ အခမ္အနားကို ျပဳလုပ္မယ္။ မိထၳီလာ၊ သာစည္၊ ၀မ္းတြင္း၊ မလိုင္ ၿမိဳ႕နယ္ေတြက ေသခ်ာေပါက္ လာမယ္ေပါ့ေလ။”
နအဖက က်င္းပမယ့္ အာဇာနည္ေန႔ အခမ္းအနားကိုေတာ့ ေရြးေကာက္ပဲြ၀င္ဖို႔ျပင္ေနတဲ့ ႏိုင္ငံေရးပါတီေတြကို တက္ေရာက္ အေလးျပဳခြင့္နဲ႔ လြမ္းသူ႔ပန္းေခြခ် ခြင့္ျပဳထားပါတယ္။ ဒါေပမယ့္ လြတ္လပ္ေရးဖခင္ အာဇာနည္ေခါင္းေဆာင္ႀကီး ဗိုလ္ခ်ဳပ္ေအာင္ဆန္းရဲ႕ သမီးျဖစ္သူ ျမန္မာ့ဒီမိုကေရစီေခါင္းေဆာင္ ေဒၚေအာင္ဆန္းစုၾကည္ကိုေတာ့ တက္ေရာက္ဖို႔ ဖိတ္ၾကားျခင္း မရိွေသးပါဘူး။ ဒါနဲ႔ပတ္သက္ျပီး မၾကာေသးခင္ကမွ ေဒၚေအာင္ဆန္းစုၾကည္နဲ႔ ေတြ႔ဆံုခြင့္ရခဲ့တဲ့ အဖဲြ႔ခ်ဳပ္ ေျပာေရးဆိုခြင့္ရိွသူလည္းျဖစ္ ေဒၚေအာင္ဆန္းစုၾကည္ရဲ့ ေရွ႕ေနလည္းျဖစ္သူ ဦးဉာဏ္၀င္းက အခုလို ေျပာပါတယ္။
“က်ေနာ္ ေနာက္ဆံုးေတြ႔ခဲ့တဲ့ အခိ်န္မွာေတာ့ အဲဒီလို ဖိတ္ၾကားျခင္း ရိွ မရိွ ဆိုတာကို ေဒၚေအာင္ဆန္းစုၾကည္ တခြန္းမွ မေျပာခဲ့ပါဘူး။ အဲဒီေတာ့ ရိွ မရိွကို က် ေနာ့္အေနနဲ႔ ေျပာရင္ေတာ့ မသိဘူး။ ဒါေပမယ့္လို႔ အဲဒီလို အခ်ဳပ္အေနွာင္ကာလမွာ အခ်ဳပ္အေႏွာင္ဘ၀နဲ႔ အေလးျပဳရတာမ်ိဳးကို ေဒၚေအာင္ဆန္းစုၾကည္ မလိုလားဘူး ဆိုတာကိုေတာ့ က်ေနာ္သိပါတယ္။”
ျမန္မာ့ဒီမိုကေရစီေခါင္းေဆာင္ ေဒၚေအာင္ဆန္စုၾကည္ဟာ ၁၉၈၉ ခုႏွစ္ အာဇာနည္ေန႔ အခမ္းအနားမွာ ျပည္သူေတြနဲ႔အတူ ခီ်တက္အေလးျပဳဖို႔ စီစဥ္ခဲ့ၿပီး န၀တစစ္အစိုးရက ပစ္ခတ္ႏိွမ္နင္းမယ္လို႔ ၿခိမ္းေျခာက္တာေၾကာင့္ လူထုအထိနာမွာကို စိုးရိမ္ၿပီး အစီအစဥ္ကို ဖ်က္ခဲ့ပါတယ္။ အဲဒီေနာက္ပိုင္းမွာပဲ ေဒၚေအာင္ဆန္းစုၾကည္ကို ပထမဆံုးအေနနဲ႔ ေနအိမ္ အက်ယ္ခ်ဳပ္ စတင္ ထိန္းသိမ္းခဲ့ပါတယ္။",3.0,2.0,2.0,4.0,5.0,"The text is a journalistic report on historical and political events in Burma. It provides educational value regarding political history and figures, uses standard journalistic reasoning, requires general knowledge of the Burmese political context, is clean and well-structured, and exhibits high cultural authenticity in its reporting of local events and figures."
<urn:uuid:94cb7120-edc2-4888-a1db-2baee8a735dd>,"October 17, 2008
ယံုေတာ္မူတမ္းခ်င္း
က်ေနာ့္ရဲ႕ ပထမဆံုးမ်ားထဲမွာ
ကိုယ့္ကိုကိုယ္ ကဗ်ာေရးလို႔ရေလာက္ၿပီလို႔ ယူဆမိေအာင္ ေက်နပ္ခဲ့ရတဲ့ ကဗ်ာတပုဒ္အေၾကာင္း ေရးခဲ့မိတယ္။ ခင္မင္ေလးစားရတဲ့ ဘေလာ့ဂါတခ်ဳိ႕က ဒီကဗ်ာကို ဖတ္ခ်င္တယ္လို႔ဆိုတယ္။ ဒီကဗ်ာက က်ေနာ့္ခ်စ္သူ `မေဒ၀ီ´ အတြက္ ေရးခဲ့တဲ့ ကဗ်ာပါပဲ။ `ယံုေတာ္မူတမ္းခ်င္း´ လုိ႔ ေခါင္းစဥ္တပ္ထားတဲ့ ကဗ်ာပါ။
က်ေနာ့္ခ်စ္သူဟာ က်ေနာ္နဲ႔လက္တြဲၿပီးကတည္းက အခုအခ်ိန္အထိ ဘ၀ကို အျပင္းအထန္ ႐ုန္းကန္က်င္လည္ခဲ့ရလို႔ သူ႔ကို ဂုဏ္ျပဳတဲ့အေနနဲ႔ က်ေနာ္ ဒီကဗ်ာကို ေရးခဲ့တာပါ။ ကြယ္လြန္သူ ေရာင္းရင္း ကဗ်ာဆရာ `ေကတု-ဘုန္းေမာ္´ က၊ `မေဒ၀ီအေၾကာင္း ... တေစ့တေစါင္းၾကည့္႐ံုနဲ႔ ... ငါ့မွာ ...ေမာပမ္းရ ... ေက်ာခ်မ္းရ´ လို႔ ကဗ်ာဖြဲ႕ယူရေလာက္ေအာင္ အင္မတန္ သူရဲေကာင္းဆန္လွတဲ့ ခ်စ္သူပါ။ က်ေနာ္က ဘ၀ကို ကဗ်ာနဲ႔ေရးၿပီး ေဖာ္ျပဖို႔ႀကိဳးစားေနတဲ့တခ်ိန္ထဲမွာ က်ေနာ့္ခ်စ္သူက ကဗ်ာကို ဘ၀နဲ႔ေရးေနခဲ့တာ။
ဒီကဗ်ာကို ၁၉၉၃-ခုႏွစ္ ကတည္းက ေရးခဲ့တာဆိုေတာ့ တခ်ဳိ႕ကေတာ့ အသြင္ေကာအႏွစ္ပါ ေဟာင္းသြားၿပီလို႔ ယူဆေကာင္းယူဆႏိုင္ပါလိမ့္မယ္။ ဒါေပမယ့္ ... က်ေနာ့္မွာ ရင္ခုန္လို႔ေကာင္းတုန္းပဲ။
ဖတ္ၾကည့္ပါ။
ယံုေတာ္မူတမ္းခ်င္း
ေဒ၀ီေရ
ေ႐ႊျပည္ေတာ္ကို ေမွ်ာ္ရ
အနာဂတ္ကို ေမာ္ရ
ဒိုရာသန္းေအး ေလွကေလးကို
အေတြးထဲမွာေလွာ္ရ
တစ ... တစ။
`ဘ၀ဆိုတာ
လွပစြာ ဆင္းရဲျခင္း´တဲ့လား။
မင္းဟာ
ေလာကဓံကို ရန္သူလိုရင္ဆိုင္
ငါ့ေရွ႕မွာက်ေတာ့
ေဒ၀ီတပါးလို မင္းထိုင္ခဲ့။
`မ်ဥ္းေျဖာင့္မွာ
အေရာင္ရိွတယ္´ ဆိုတဲ့ စကား
မင္းနဲ႔ေတြ႕မွ
ငါ ပိုၿပီးခံစားလို႔ ရခဲ့။
`အင္ဒါဆင္း´ ရဲ႕ ေရသူမ
က်မပါေမာင္။
က်မ
`က႑က လိုေပါ့
မီးလို ေလလိုက်င့္ ငါ့ျမင္း
မင္းသခင္ကိုသယ္
ဒါမွ ကမၻာကိုကယ္တင္မယ့္
ဒီႀကီးျမတ္တဲ့အမႈမွာ
မင္းေ၀စုပါမယ္´
က႑က ဇာတ္မဟာ
အေနာ္မာ တဖက္ကမ္းမွာဆံုးေတာ့
မင္းၿပံဳးရင္း ငိုတတ္ခဲ့ၿပီေနာ္ ...။
`ေဒ၀ီရယ္
ဘယ္လိုအက်ဳိးရိွမယ္ မသိရတဲ့
ေၾကကြဲဖြယ္ နိမ့္က်က်လမ္း
လိုက္ခ်င္လိုက္မယ္´ ဆိုတဲ့
ငါ့ရဲ႕ ကဗ်ာ႐ြတ္သံ
မင္း ဘယ္လိုခံႏိုင္ရည္ရွိခဲ့ပါလိမ့္။
`က်မနဲ႔ေမာင္
ခေလးေတြအတြက္
ဖိနပ္တရံလို႔ ယူဆရေအာင္´ ဆိုတဲ့
မင္းရဲ႕ မ်က္ရည္ပ်က္လံုး
ငါ့တသက္လံုး
ခံစားလို႔ မဆံုးဘူး။
ေဒ၀ီေရ
ေ႐ႊျပည္ေတာ္ကို ေမွ်ာ္ရ
အနာဂတ္ကို ေမာ္ရ
ဒိုရာသန္းေအး ေလွကေလးကို
အေတြးထဲမွာ ေလွာ္ရ
မင္းေျခဖ၀ါးက
ေသြးစက္စက္က်ရသမွ်
မင္းမ်က္ရည္ က်ရသမွ်
.............................
..............................
ယံုေတာ္မူစမ္းေတာ့ ေမာင့္ေဒ၀ီ။ ။
ၿငိမ္းေ၀",1.0,1.0,1.0,4.0,5.0,"The document is a personal blog post containing a poem. It has low educational or reasoning value as it is subjective and creative. It is clean, well-formatted, and written in highly authentic, natural Burmese, reflecting local literary styles and cultural expressions of love and struggle."
<urn:uuid:5d12554e-9431-4ebf-9793-b6bbf062e7e8>,"ၾကယ္နီတပြင့္ (ခ) ကဗ်ာဆရာမ မစိမ္းပင္
ေႂကြလြင့္သြားျခင္းအေပၚ ၀မ္းနည္းမႈမွတ္တမ္း
ျမန္မာစာေပေလာက ကဗ်ာေလာကတြင္ ေအာင္ျမင္ထင္ရွားၿပီး လွပထက္ျမက္သည့္အေတြး၊ ဖန္တီးမႈမ်ား
ျဖင့္ ကဗ်ာမ်ားေရးဖြဲ႔တတ္သူ၊ စစ္အာဏာရွင္ဆန္႔က်င္ေရး၊ ဒီမိုကေရစီေရးတို႔အတြက္ စာေပအႏုပညာ ကဗ်ာ လက္နက္ကို ယုံယုံၾကည္ၾကည္ ခိိုင္ခိုင္မာမာကိုင္စြဲ၍ တိုက္ပဲြ၀င္ခဲ့သူ၊ ထိုသို႔တိုက္ပြဲ၀င္မႈမ်ားအတြက္ ၁၉၉၀ ခုႏွစ္မ်ားက အာဏာရွင္တုိ႔၏ နရသိန္စံအိမ္အက်ဥ္းေထာင္တြင္ ႏွစ္ရွည္ ေထာင္ဒဏ္က်ခံခဲ့ရကာ အျပင္း အထန္ညႇဥ္းပန္းႏွိပ္စက္ခံခရမႈမ်ားေၾကာင့္ ရုပ္ပိုင္း စိတ္ပိုင္ဆိုင္ရာ ထိခိုက္ခံစားမႈမ်ားရရွိခဲ့သူ ကဗ်ာဆရာမ -မစိမ္းပင္သည္ ေမလ ၂၂ ရက္ ၂၀၁၆ က မႏၱေလးၿမိဳ႕တြင္ က်ဆုံးသြားေၾကာင္းသိရသည့္အတြက္ က်န္ရစ္ သူမိသားစုမ်ား စာေပေလာက ကဗ်ာေလာကသားမာ်းႏွင့္အတူ ၀မ္းနည္းပူေဆြးႏွေျမာမိပါေၾကာင္း။
သစ္ခက္သံလြင္
(ဆရာမ မစိမ္းပင္၏ကဗ်ာတပုဒ္ကိုု မူရင္းသတ္ပုံအတိုင္း ေဖာ္ျပပါသည္။)
|မူရင္းပိုင္ရွင္ကို Credit ေပးပါသည္။|
“သံတုိင္ၾကားမွ သုံးရာသီ”
………………….
………………….
-သံတိုင္အကြယ္၊ တိုက္ခန္းငယ္မွာ
ေလ ဘယ္အရပ္က တိုက္ေနသလဲ။
ေလ ဘယ္အရပ္က တိုက္ေနသလဲ။
-လ်ပ္ျပက္ထစ္ခ်ဳန္း၊
၀ုန္း၀ုန္းဒိုင္းဒိုင္း၊ အသံလိႈင္းမ်ား
နားကၾကားရဲ႕၊ မိုးပြားမိုးေပါက္
ေရသေရာက္က၊ ေဟာက္သံေငါက္သံ
အမိန္႔သံကို၊ လႊမ္းမ်ဳိေလေသာ္
ေအာ္ …မိုးရာသီေပဘဲ။
၀ုန္း၀ုန္းဒိုင္းဒိုင္း၊ အသံလိႈင္းမ်ား
နားကၾကားရဲ႕၊ မိုးပြားမိုးေပါက္
ေရသေရာက္က၊ ေဟာက္သံေငါက္သံ
အမိန္႔သံကို၊ လႊမ္းမ်ဳိေလေသာ္
ေအာ္ …မိုးရာသီေပဘဲ။
-ေတာင္ေလဘယ္မွာ ေျမာက္ေလဘယ္က
မွန္းဆမသိ၊ အမိရင္ခြင္
တိုး၀င္ေႏြးလို၊ မီးဖိုေလး တ
ေနျခည္ေလး တ၊ မရႏိုင္ဘူး
ခ်မ္းပံုထူးမွ၊ ဒူးႏွစ္လုံးဖက္
ရက္စက္လွေသာ ေဆာင္းေပကိုး။
လက္ခုံေပၚမွာ
ေလ်ာလာသက္တဲ့ ေရစက္မ်ား။
မွန္းဆမသိ၊ အမိရင္ခြင္
တိုး၀င္ေႏြးလို၊ မီးဖိုေလး တ
ေနျခည္ေလး တ၊ မရႏိုင္ဘူး
ခ်မ္းပံုထူးမွ၊ ဒူးႏွစ္လုံးဖက္
ရက္စက္လွေသာ ေဆာင္းေပကိုး။
လက္ခုံေပၚမွာ
ေလ်ာလာသက္တဲ့ ေရစက္မ်ား။
ႏွလုံးသားက
ခံစားစိမ့္ထြက္၊ မ်က္ရည္စက္လား?
လ်ပ္စီးမလက္၊ မိုးေရစက္လား ?
ခံစားစိမ့္ထြက္၊ မ်က္ရည္စက္လား?
လ်ပ္စီးမလက္၊ မိုးေရစက္လား ?
ေရအစက္မ်ား
စိုရႊဲသြားမွ၊ ေလမ၀ေသာ
ခေယာင္းေတာမွာ၊ ေစာေၾကာပီျပင္
“ ပူခ်င္ပူစမ္း၊ ဒင္းအစြမ္းျဖင့္
ေခၽြးမခဏ္းေခ်
ေႏြရာသီလ်င္ ေလးလထဲ ” ။ ။
စိုရႊဲသြားမွ၊ ေလမ၀ေသာ
ခေယာင္းေတာမွာ၊ ေစာေၾကာပီျပင္
“ ပူခ်င္ပူစမ္း၊ ဒင္းအစြမ္းျဖင့္
ေခၽြးမခဏ္းေခ်
ေႏြရာသီလ်င္ ေလးလထဲ ” ။ ။
----
မစိမ္းပင္
မစိမ္းပင္",3.0,2.0,2.0,3.0,5.0,"The document provides a biographical tribute to a Burmese poet, including her original work. It is culturally authentic and educational regarding Burmese literary history and political context. It contains some repetitive formatting (repeated stanzas) but is otherwise coherent and human-written."
<urn:uuid:7bd6f07e-518b-4120-886e-165d09ecf330>,"ကရင်နီပြည်နယ်က မယ်စဲ့မြို့နယ်တစ်နေရာမှာ ဒေသခံတွေ စပါး ထောင်းနေကြတာဖြစ်ပါတယ်။
ဆန်စက်တွေမှာဆိုရင် လျှပ်စစ်မီးမလာတဲ့အတွက် ဆန်ကြိတ်လို့မရသလို၊ ဓာတ်ဆီနဲ့ကြိတ်တဲ့ ဆန်စက်တွေမှာဆိုရင်လည်း အခငွေပေးပြီး ကြိတ်ရတာဖြစ်ပါတယ်။
ဓာတ်ဆီဖိုး မတတ်နိုင်တဲ့အတွက် ဒေသခံတွေက ဆန်စက်အစား အခုလို စပါးထောင်းဆုန်တွေနဲ့ ကိုယ်တိုင် ထောင်းနေကြတာဖြစ်ပါတယ်။ ဓါတ်ဆီဆိုရင် တစ်လီတာသုံးထောင် စျေးရှိပြီး၊ ပြီးခဲ့တဲ့ တစ်ပတ်အထိလည်း ဓါတ်ဆီစျေး ပုံးဝါ တစ်ပုံးကို ခြောက်သောင်းထိမြှင့်တက်ခဲ့ပါတယ်။
ဆန်ကိုလည်း သယ်ယူဖို့ အခက်အခဲရှိနေတာကြောင့် ဆန်စျေးနှုန်းတွေ မြှင့်တက်နေပါသေးတယ်။",2.0,2.0,2.0,5.0,5.0,"The text provides a clear, authentic account of local economic challenges in Karenni State. It demonstrates basic reasoning by linking fuel prices to the shift toward traditional rice-pounding methods. The language is natural, culturally specific, and free of boilerplate, reflecting genuine local lived experience and socio-economic conditions."
<urn:uuid:9c0e170f-8de9-40a4-8870-5c7aca761d07>,"အစီအစဥ္ :
သဃၤန္းကြ်န္းၿမဳိ႕နယ္သည္ ရန္ကုန္ၿမဳိ႕၏ အေရွ႕ဘက္ပုိင္းတြင္ရွိၿပီး ၁၁.၅ ကီလုိမီတာက်ယ္ဝန္းသည္ ။ ၿမဳိ႕နယ္၏ ေျမာက္ဘက္တြင္ ေတာင္ဥကၠလာပၿမဳိ႕နယ္ ၊ အေနာက္ဘက္တြင္ ရန္ကင္းၿမဳိ႕နယ္ႏွင့္တာေမြၿမဳိ႕နယ္ ၊ ေတာင္ဘက္တြင္ တာေမြၿမဳိ႕နယ္တုိ႔ျဖင့္ ဝန္းရံလ်က္ရွိသည္ ။ သဃၤန္းကြ်န္းၿမဳိ႕နယ္သည္ ရပ္ကြက္ေပါင္း ၃၈ ခုျဖင့္ဖြဲ႔စည္းထားၿပီး မူလတန္းေက်ာင္း ၄၀ ေက်ာင္း ၊ အလယ္တန္းေက်ာင္း ၄ ေက်ာင္းႏွင့္ အထက္တန္းေက်ာင္း ၅ ေက်ာင္းတုိ႔တည္ရွိသည္ ။ သဃၤန္းကြ်န္းပညာေရးေကာလိပ္ ၊ ရန္ကုန္သြားဖက္ဆုိင္ရာေဆးတကၠသုိလ္ ႏွင့္ စံျပေစ်း အစရွိသည့္ အထင္ကရအမွတ္အသားသည္ သဃၤန္းကြ်န္းၿမဳိ႕နယ္တြင္ အေရးပါေသာ အေဆာက္အဦးမ်ားျဖစ္သည္ ။ ထုိ႔ျပင္ ျမန္မာႏုိင္ငံ၏ အမ်ဳိးသားအားကစားကြင္း သုဝဏၰေဘာလုံးကြင္းႀကီးရွိေသာ ၿမဳိ႕နယ္လည္းျဖစ္သည္ ။သဃၤန္းကြ်န္းၿမဳိ႕နယ္၏ အျခားထင္ရွားေသာေနရာမ်ားမွာ က်ဳိကၠဆံဘုရားလမ္းေပၚရွိ က်ဳိကၠဆံဘုရား ၊ ေက်ာက္စာတုိက္လမ္းရွိ သံယုတ္ဘုန္းႀကီးေက်ာင္း ႏွင့္ သီရိမာလာလမ္းေပၚရွိ စိန္႔ဂ်ဴိးဇက္ ခရစ္ယာန္ဘုရားရွိခုိးေက်ာင္းတုိ႔သည္ ရန္ကုန္ၿမဳိ႕၏ ေရွးေဟာင္းအေမြအႏွစ္မ်ားအျဖစ္ ယေန႔တုိင္ တည္ရွိလ်က္ရွိသည္ ။ အခ်ဳပ္အားျဖင့္ဆုိေသာ္ သဃၤန္းကြ်န္းၿမဳိ႕နယ္သည္ ရန္ကုန္ၿမဳိ႕၏ အားကစားနယ္ေျမကုိ ပုိင္ဆုိင္ထားသည့္ၿမဳိ႕နယ္ျဖစ္သလုိ တုိက္ခန္း ၊ ကြန္ဒုိ ႏွင့္ လုံးခ်င္းအိမ္မ်ားလည္း အမ်ားအျပားရွိေသာ ၿမဳိ႕နယ္တစ္ခုျဖစ္သည္ ။
တည္ေနရာေဒသျဖင့္ ရွာေဖြရန္
|လမ္းမေတာ္|
|လသာ|
|ေက်ာက္တံတား|
|ပန္းပဲတန္း|
|ပုဇြန္ေတာင္|
|အလံု|
|ၾကည့္ျမင္တိုင္|
|စမ္းေခ်ာင္း|
|ဗဟန္း|
|ဗိုလ္တေထာင္|
|မဂၤလာေတာင္ၫြန္႔|
|တာေမြ|
|ရန္ကင္း|
|ဒဂံု|
|ဒဂံုၿမိဳ ႔သစ္ အေရွ ႔ပိုင္း|
|ဒဂံုၿမိဳ ႔သစ္ ေျမာက္ပိုင္း|
|ဒဂံုၿမိဳ ႔သစ္ ေတာင္ပိုင္း|
|ဒဂံုၿမိဳ ႔သစ္ ဆိပ္ကမ္း|
|ကမာရြတ္|
|အင္းစိန္|
|လိႈင္|
|လိႈင္သာယာ|
|မရမ္းကုန္း|
|မဂၤလာဒံု|
|ေျမာက္ဥကၠလာပ|
|ေတာင္ဥကၠလာပ|
|သာေကတ|
|သံလ်င္|
|ဒလ|
|ေဒါပံု|
|ေမွာ္ဘီ|
|လွည္းကူး|
|ထန္းတပင္|
|ေကာ့မႉး|
|ခရမ္း|
|ကြမ္းၿခံကုန္း|
|ေရႊျပည္သာ|
|တိုက္ႀကီး|
|သံုးခြ|
|တြံ ႔ေတး|
|ေက်ာက္တန္း|
|ဆိပ္ႀကီးခေနာင္တို|
|ပုလဲၿမိဳ ႔သစ္|",3.0,1.0,2.0,4.0,5.0,"The text provides factual, encyclopedic information about a specific township in Yangon, suitable for educational reference. It is written in natural, authentic Burmese with correct local terminology. While it lacks complex reasoning, it is well-structured and clean, though it includes a list of other townships at the end which acts as navigation boilerplate."
<urn:uuid:465a7a1f-1b62-4b4a-9401-4b0da8d78a34>,"လစ်လပ် ၁၃ နေရာအတွက် ကိုယ်စားလှယ်လောင်း ၆၉ ဦးပြိုင်မည်
လာမည့် နိုဝင်ဘာ ၃ ရက်နေ့ ကျင်းပမည့် ကြားဖြတ်ရွေးကောက်ပွဲတွင် လစ်လပ်မဲဆန္ဒနယ် ၁၃ နေရာအတွက် ကိုယ်စားလှယ်လောင်း ၅၉ ဦးဝင်ရောက်ယှဉ်ပြိုင်မည်ဖြစ်ကြောင်း ပြည်ထောင်စုရွေးကောက်ပွဲကော်မရှင်က ထုတ်ပြန်ကြေညာသည်။
ကိုယ်စားလှယ်လောင်းများအနက် အမျိုးသားဒီမိုကရေစီအဖွဲ့ချုပ်(NLD) ပါတီမှ ၁၃ ဦး၊ ပြည်ထောင်စုကြံ့ခိုင်ရေးနှင့် ဖွံ့ဖြိုးရေးပါတီ (USDP) က ၁၀ ဦးတို့ဖြင့် အများဆုံးပါဝင် ယှဉ်ပြိုင်ကြမည်ဖြစ်သည်။
တသီးပုဂ္ဂလ ကိုယ်စားလှယ်လောင်းများ အနေဖြင့်လည်း ၆ ဦးရှိသည့်အနက် နိုင်ငံတော်ပုန်ကန်မှုဖြင့် တရားစွဲဆိုခံနေရသည့် ပြည်သူ့လွှတ်တော် ကိုယ်စားလှယ် ဒေါက်တာအေးမောင်၏ သားဖြစ်သူ ဦးတင်မောင်ဝင်းလည်း အပါအဝင်ဖြစ်သည်။
ပြည်ထောင်စု ရွေးကောက်ပွဲကော်မရှင် အဖွဲ့ဝင် ဦးမြင့်နိုင်က“ ကိုယ်စားလှယ်လောင်းတင်တဲ့သူတွေအကုန် အတည်ဖြစ်ပါတယ်၊ စိစစ်ပြီးတယောက်မှ ပယ်ချခံရတာမရှိပါဘူး” ဟုပြောသည်။
ပြည်သူ့လွှတ်တော် လစ်လပ်နေရာများဖြစ်သည့် ကန်ပက်လက်မြို့နယ်တွင် ၄ ဦး၊ လဲချာမြို့နယ်တွင် ၃ ဦး၊ တာမွေမြို့နယ်တွင် ၈ ဦးနှင့်မြင်းခြံမြို့နယ်တွင် ၄ ဦးယှဉ်ပြိုင်မည်ဖြစ်ပြီး အမျိုးသားလွှတ်တော် လစ်လပ်တနေရာဖြစ်သည့် ကချင်ပြည်နယ်၊ အမှတ် ၂ မဲဆန္ဒနယ် (မြစ်ကြီးနား) တွင်ကိုယ်စားလှယ်လောင်း ၆ ဦးယှဉ်ပြိုင်မည်ဖြစ်သည်။
တိုင်းဒေသကြီးနှင့် ပြည်နယ်လွှတ်တော်များမှ လစ်လပ်နေသည့်အုတ်တွင်းမြိုနယ် မဲဆန္ဒနယ် အမှတ် ၁တွင် ၈ ဦး၊ သပိတ်ကျင်း မြို့နယ် မဲဆန္ဒနယ် အမှတ် ၁ တွင် ၇ ဦး ၊ မတူပီမြို့နယ် မဲဆန္ဒနယ် အမှတ် ၁ တွင် ၂ ဦး၊ တမူးမြို့နယ် မဲဆန္ဒနယ် အမှတ် ၂ တွင် ၄ ဦး ၊ ရသေ့တောင်မြို့နယ် မဲဆန္ဒနယ် အမှတ် ၂ တွင် ၄ ဦး၊ မင်းဘူးမြို့နယ်မဲဆန္ဒနယ် အမှတ် ၂တွင် ၅ ဦး၊ ဆိပ်ကမ်း မြို့နယ် မဲဆန္ဒနယ် အမှတ် ၂ တွင် ၉ ဦးတို့ ယှဉ်ပြိုင်မည်ဖြစ်သည်။
မန္တလေးတိုင်းဒေသကြီးလွှတ်တော်တွင် လစ်လပ်လျှက်ရှိသည့် ရှမ်းတိုင်းရင်းသားရေးရာ ဝန်ကြီးတနေရာအတွက်မူ ကိုယ်စားလှယ်လောင်း ၅ ဦးကယှဉ်ပြိုင်မည်ဖြစ်သည်။
ကိုယ်စားလှယ်လောင်းများအနေဖြင့် မဲဆွယ်စည်းရုံးရေး လုပ်ငန်းများအား စက်တင်ဘာ ပထမပတ်မှ စတင်၍ လုပ်ဆောင်နိုင်မည်ဖြစ်ကြောင်းလည်းသိရသည်။
လစ်လပ် ၁၃ နေရာအတွက် မဲဆန္ဒရှင် စာရင်းများအား ၂၀၁၅ ခုနှစ် အထွေထွေရွေးကောက်ပွဲမှ စာရင်းများအပေါ် အခြေခံကာ ထုတ်ပြန်ထားပြီး အတိုးအလျော့ အနည်းငယ်ရှိမည်ဖြစ်ကြောင်းကော်မရှင်ထံက သိရသည်။
ဆက္စပ္ဖတ္ရႈရန္ – NLD ကိုစမ်းသပ်မယ့် ၂၀၁၈ ကြားဖြတ် ရွေးကောက်ပွဲ",2.0,1.0,2.0,5.0,5.0,"The text is a factual news report about a by-election in Myanmar. It provides clear, organized information about candidates and constituencies. It is written in natural, professional Burmese, reflecting local political structures and terminology accurately. It lacks complex reasoning or deep educational analysis, serving primarily as a straightforward informational news piece."
<urn:uuid:deedb11f-31ff-47cd-9146-0e70e36023f8>,"ရြာအ၀င္ ကြင္းဟိုစပ္မွာျဖင့္
တစ္ပင္တည္း ထီးေထာင္မတ္ပါတဲ့
ဤပေညာင္ ကိုင္းခက္ပြင့္ေတြက
၀ိုင္းယွက္တင့္ အားမာန္လွစ္ေသာေၾကာင့္
သူငါမ်ား ခိုကာနားေစရာ
ေအးခ်မ္းသာ အရိပ္စစ္
မိတ္ျဖစ္တာ ၾကာေပလည္း
ေနေရာင္ျခည္ ကင္းကြာေ၀းေစမက
ေလမိုးဒဏ္ ေဘးကာဆီးသမို႕
ပေညာင္ေျခ ပင္ကေလးမွာျဖင့္
ေလမိုးေန ေကာင္းစြာမရေသာေၾကာင့္
ေလာင္းရိပ္မိ ႏြမ္းရိေခြ…..။
သို႕ေပမယ့္ အပင္ငယ္
အစဥ္ကြယ္ မာန္မေလ်ာ့ပါဘူး
ႏြမ္းဖတ္ယိုင္ ပင္ငယ္ျဖစ္ေပလည္း
စိတ္ဓါတ္ခိုင္ ပင္စည္မတ္သမို႕
ထိုးကာထြက္ ပေညာင္ခက္ၾကား
အေခါင္ထက္နားမွာ သီးပြင့္ေ၀ရွာေပါ့
ႀကီးျမင့္ေ၀ျဖာတဲ့ သူ႕ဂုဏ္အင္ကို
ပေညာင္အို ေလာင္းရိပ္မိုးမိသူ
သ႑ာန္တူ မိခင္ဖတို႕မွာ
ဖံုးလႊမ္းကာ ပီတိေ၀ရွာေပါ့
သီရိေဂဟာ အိမ္ေဆာင္နန္းမွာ
ၿပံဳးရႊင္လို႕လန္း…..။",2.0,1.0,1.0,5.0,5.0,"This is a well-structured Burmese poem using traditional literary style. It conveys themes of parental sacrifice and resilience. While it lacks complex academic reasoning or technical professionalism, it is culturally authentic, uses natural Burmese phrasing, and is clean, making it suitable for literary appreciation in an educational context."
<urn:uuid:c711feb9-9918-4117-b253-1430cc560425>,"[Zawgyi]
မႏၱေလး ေလဆိပ္မွာ မျပန္ခင္ေလး ဓာတ္ဖမ္းခဲ့တဲ့ ဝတ္မႈန္ေရႊရည္
မႏၱေလးမွာ ျပတဲ့ ဇာတိေျမဇာတ္ကားအတြက္ ပရိသတ္ေတြအတြက္ ေရာက္ရွိေနတဲ့ ကစ္ကစ္ေလးကေတာ့ မႏၱေလး ေလဆိပ္က မျပန္ခင္ေလးမွာ ဓာတ္ပုံလွလွေလးေတြ ရိုက္ကူးခဲ့ပါတယ္။
ကစ္ကစ္ပါဝင္သရုပ္ေဆာင္ထားတဲ့ ဇာတိေျမဇာတ္ကားကို ၾကည့္ျပီးသြားရင္ေရာ ကစ္ကစ္အေပၚအျပဳသေဘာေဆာင္ျပီး ေဝဖန္ေပးၾကပါဦး။
Source : Wutt Hmone Shwe Yi’s Facebook Account , Photo Credit : Amazing Grace
[Unicode]
မန္တလေး လေဆိပ်မှာ မပြန်ခင်လေး ဓာတ်ဖမ်းခဲ့တဲ့ ဝတ်မှုန်ရွှေရည်
မန္တလေးမှာ ပြတဲ့ ဇာတိမြေဇာတ်ကားအတွက် ပရိသတ်တွေအတွက် ရောက်ရှိနေတဲ့ ကစ်ကစ်လေးကတော့ မန္တလေး လေဆိပ်က မပြန်ခင်လေးမှာ ဓာတ်ပုံလှလှလေးတွေ ရိုက်ကူးခဲ့ပါတယ်။
ကစ်ကစ်ပါဝင်သရုပ်ဆောင်ထားတဲ့ ဇာတိမြေဇာတ်ကားကို ကြည့်ပြီးသွားရင်ရော ကစ်ကစ်အပေါ်အပြုသဘောဆောင်ပြီး ဝေဖန်ပေးကြပါဦး။
Source : Wutt Hmone Shwe Yi’s Facebook Account",0.0,0.0,1.0,4.0,3.0,"This is a short celebrity news snippet. It lacks educational or reasoning depth and requires minimal expertise to understand. It is clean, well-formatted, and uses natural Burmese phrasing and cultural context regarding local celebrity culture, though it is essentially promotional content."
<urn:uuid:a44deebc-9735-4f75-a0ba-4c3775111b63>,"Image Source: http://www.shop.com.mm တိုးတက်ပြောင်းလဲလာသောနည်းပညာများနှင့်အတူ မြန်မာနိုင်ငံရဲ့ နည်ပညာကဏ္႑ မှာလဲတစ်ဒေါင့်တစ်နေရာမှ တိုးတက်လာခဲ့ပါတယ်။ ယခုဖော်ပြပေးသွားမှာကတော့ မြန်မာနိုင်ငံမှ အသုံးပြုမှအများဆုံး Online Shopping Websites များ အကြောင်းဘဲဖြစ်ပါတယ်။ ယခင်က ဆိုလျင် လူသုံးကုန်ပစ္စည်းများ၀ယ်ယူလိုလျှင်ဖြင့် Shopping CenterRead more
Image Source: http://trading2day.com မြန်မာနိုင်ငံ မှာသာမက နိုင်ငံတိုင်းဟာ ကုန်သွယ်ခြင်းဆိုသည်ကို မဖြစ်မနေ ဆောင်ရွက်ကြရပါတယ် ။ နိုင်ငံ တစ်နိုင်ငံ ဖွံံ.ဖြိုးတိုးတက်ရေး အတွက် ကုန်သွယ်မုှ ဟာ အလွန်အရေးပါပြီး အခြေခံကျလှပါတယ် ။နိုင်ငံတစ်နိုင်ငံ၏ ၀င်ငွေဟာ ကုန်သွယ်မှုRead more
Image Source: https://ar.pinterest.com Conversational Agent ဆိုတာ လူသားများနှင့် ပြောဆို ဆက်သွယ်ဖို ့အတွက် ရည်ရွယ် တည်ဆောက်ထားတဲ့ အသံ၊ စာသား များ အသုံးပြုပြီး အမိန် ့ပေးခိုင်းစေနိုင်သည့် Computer System တစ်ခုRead more
ယနေ့ခေတ် နည်ပညာများ တိုးတက်ပြောင်းလဲလာတာနဲ့အမျှ Internet ရှိရင် ဘယ်နေရာကမဆို အလုပ်လုပ်လို့ရတဲ့ခေတ်မှာ white-board ပေါ်က tasks တွေကိုဖတ်ရုံ၊ အလုပ်ပြီးစီးမှုအခြေအနေကို update လုပ်ရုံလာက်နဲ့တော့ တကူးတက ရုံးသွားနေဖို့ မလိုအပ်သင့်တော့ပါဘူး။ Project တစ်ခု စပြီဆိုတာနဲ့Read more
Image Source: http://www.president-office.gov.mm ယနေ့ခေတ် နည်ပညားများဖွံ့ဖြိုးတိုးတက်လာသည်နှင့်အမျှ မြန်မာနိုင်ငံံ၏ အစိုးရသစ်လက်ထက်တွေသတင်းအချက်အလက်နှင့် နည်းပညာများကိုပိုမိုအသုံးပြုလာတာကိုတွေ့ရှိရပါတယ်။ယခုအခါ ပြည်သူများတင်မြှောက် ထားသော ပြည့်သူအစိုးရလက်ထက်တွင် မိမိအစိုးရမှ နိုင်ငံတကာနဲ့ရင်ဘောင်တန်းနိင်အောင်မည်သို့ မည်ပုံလုပ်ဆောင်နေသည်များကိုသတင်း၊မီဒီယာများမှတဆင့် အဓိကစောင့်ကြည့်နေကျတာဖြစ်သောကြောင့် ပြည်ထောင်စုသမ္မတမြန်မာနိုင်ငံတော် အစိုးရဝန်ကြီးဌာနများ၏ Internet Web Pages များကိုဖော်ပြပေးလိုက်ပါတယ်။Read more",2.0,1.0,2.0,1.0,3.0,"The document is a collection of truncated snippets or lead-ins from various articles. While it touches on technology, trade, and government, the content is fragmented and lacks depth. It uses natural Burmese phrasing and local context, but the presence of 'Read more' links and image source boilerplate significantly impacts its cleanliness and coherence."
<urn:uuid:345cfca5-6cc5-4f43-acd5-e07077bd627f>,"၁။ ရွိလား… ရည္းစားေဟာင္းအေပါင္းနဲ႔ ကင္းေအာင္ေန၊ အရမ္းလွတဲ့ ေကာင္မေလးေတြကို တစ္ခ်က္ေတာင္ငဲ့မၾကည့္ဘဲ တစ္ေလာကလံုးမွာ သင့္တစ္ေယာက္တည္းကိုပဲ မိန္းမလို႔ မွတ္ယူထားတဲ့ခ်စ္သူမ်ိဳး။
၂။ ရွိလား… သင့္မိသားစုကို သင့္ထက္ပိုၿပီးေလးစားတဲ့၊ သင့္မိသားစုစည္းကမ္းေတြကို တေသြမတိမ္း လိုက္နာႏိုင္တဲ့ခ်စ္သူမ်ိဳး။
၃။ ရွိလား… သူ႔ရဲ႕သူငယ္ခ်င္းအေပါင္းအသင္းေတြ၊ မိသားစုဝင္ေတြၾကားမွာ သင့္လက္ကို ပိုင္ပိုင္ႏုိင္ႏိုင္ဆုပ္ကိုင္ၿပီး “ဒါ ကၽြန္ေတာ့္ ခ်စ္သူေလ” လို႔ ဝင့္ၾကြားစြာ ေျပာဆိုတတ္တဲ့ခ်စ္သူမ်ိဳး။
၄။ ရွိလား… “သူလာလာလာ မလာလာလာ၊ ကိုယ္ကေစာင့္ရမွာ” ဆိုတဲ့ ကိုင္ဇာသီခ်င္းေလးထဲကအတိုင္း ခ်ိန္းထားတဲ့ေနရာမွာ သင္မလာမခ်င္း စိတ္ရွည္သည္းခံစြာ ေစာင့္ေနတတ္တဲ့ခ်စ္သူမ်ိဳး။ ဤေဆာင္းပါးကုိ ဂႏၳဝင္မဂၢဇင္းမွ ေရးသားတင္ဆက္သည္။
၅။ ရွိလား… အလုပ္မအားတာေတာင္မွ သင့္ဆီကို မၾကာခဏဖုန္းဆက္ၿပီး သူဘယ္သြားသြား၊ ဘာလုပ္လုပ္ သတိတရနဲ႔ သံေတာ္ဦးတင္တတ္တဲ့ခ်စ္သူမ်ိဳး။
၆။ ရွိလား… သူငယ္ခ်င္းေတြၾကားမွာေရာ၊ မိသားစုတြင္းမွာပါ အခ်ိန္တိုင္း သင့္အေၾကာင္းကိုပဲေျပာေနၿပီး၊ အၿမဲတမ္းသင့္အေၾကာင္းေတြးေနတတ္တဲ့ခ်စ္သူမ်ိဳး။
၇။ ရွိလား… သူ႔ဘဝရဲ႕ အေရးႀကီးဆံုးျဖတ္ခ်က္တိုင္းအတြက္ သင့္ကိုတုိင္ပင္ၿပီး သင့္ထင္ျမင္ခ်က္၊ အႀကံဉာဏ္ေတြကို ထည့္စဥ္းစားေပးတတ္တဲ့ခ်စ္သူမ်ိဳး။
၈။ ရွိလား… ဖုန္းေတြ၊ facebook ေတြ၊ laptop ေတြကို အခ်ိန္မေရြးစိတ္တိုင္းက် ဝင္စစ္ခြင့္ေပးထားၿပီး သင့္အေပၚမွာ ဘာမွ လွ်ိဳ႕ဝွက္မထားတတ္တဲ့ခ်စ္သူမ်ိဳး။
၉။ ရွိလား… ဆံုးရံႈးရမွာကို ေၾကာက္ၿပီး သဝန္တိုတတ္သလို၊ ခ်စ္တဲ့စိတ္တစ္ခုတည္းနဲ႔ အရာရာကို နားလည္ေပးတတ္တဲ့ခ်စ္သူမ်ိဳး။
၁ဝ။ ရွိလား… သင္ပင္ပန္းမွာကို ေသမေလာက္ေၾကာက္ၿပီး သင့္အလုပ္တာဝန္ေတြကို တတ္ႏိုင္သေလာက္ ကူညီလုပ္ကိုင္ေပးတတ္တဲ့ ခ်စ္သူမ်ိဳး။
ရွိေနတယ္ဆိုရင္ သင္ဟာ ေလာကမွာ ကံအေကာင္းဆံုးမိန္းကေလးတစ္ေယာက္ေပါ့။
သင့္မွာ ဒီလိုခ်စ္သူမ်ိဳးရွိေနတယ္ဆိုရင္ သူ႔ကို tag တြဲၿပီး SHARE လိုက္ပါ။
သင့္ကို အႏိႈင္းမဲ့တဲ့ခ်စ္ျခင္းေမတၱာေတြနဲ႔ ေႏြးေထြးေစတဲ့ခ်စ္သူကို mention ေခၚလိုက္ပါဦးေနာ္။",1.0,1.0,1.0,4.0,4.0,"The text is a lifestyle/relationship listicle from a magazine. It lacks academic or logical depth, serving primarily as social media engagement content. It is written in natural, colloquial Burmese, reflecting local cultural expectations of romantic relationships and social media interaction patterns, but it offers no significant educational or professional value."
<urn:uuid:4f3c2a59-643d-479b-a140-d17d7edb5314>,"Black lemonade (အမဲရောင် လစ်မနစ်ဖျော်ရည်) ဟာ အမဲရောင်အဆင်းရှိတဲ့ သံပုရာဖျော်ရည်တစ်မျိုးပါပဲ။ ဖျော်ရည်ကို activated charcoal လို့ခေါ်တဲ့ အပူပေးပေါင်းခံပြီး မီးသွေးမှုန့်နဲ့ ပေါင်းစပ်ပြီး ဖျော်ထားတာဖြစ်ပါတယ်။
Activated charcoal မှာ အရက်နာကျခြင်းကို ပျောက်ကင်းစေခြင်း၊ သွားများကိုဖြူဖွေးစေခြင်း၊ အရွယ်တင်စေခြင်း၊ ခန္ဓာကိုယ်ထဲက အဆိပ်အတောက်တွေကို ဖယ်ရှားပေးခြင်း အစရှိတဲ့ ကျန်းမာရေး အကျိုးကျေးဇူးတွေ ပါဝင်ပါတယ်။ ခန္ဓာကိုယ်ထဲက အဆိပ်အတောက်တွေကို activated charcoal က သံလိုက်လို ပူးကပ်စေခြင်းဖြင့် ဖယ်ရှားပေးပြီး အညစ်အကြေးတွေကတဆင့် ခန္ဓာကိုယ် အပြင်ဘက်ကို ထွက်သွားစေပါတယ်။ အစားမှားတာတို့၊ ခန္ဓာကိုယ်ထဲမှာ အဆိပ်အတောက်တွေ များနေတယ်လို့ ခံစားရတာမျိုးတို့ဆိုရင် activated charcoal ကို အဆိပ်ဖြေဆေးအဖြစ် သုံးစွဲပေးနိုင်ပါတယ်။
ပြုလုပ်နည်း
ပါဝင်ပစ္စည်းတွေကတော့ သံပုရာသီးတစ်လုံး၊ activated charcoal ဆေးတောင့် (၂) တောင့်၊ မေပယ်သီး သကာရည်နည်းနည်း၊ ရေနဲ့ ရေခဲတို့ပဲဖြစ်ပါတယ်။ အရင်ဆုံး သံပုရာသီးကို ထက်ခြမ်းခြမ်းပြီး အရည်ညှစ်လိုက်ပါ။ အစေ့တွေကို ဖယ်ရှားပေးဖို့လည်း မမေ့ပါနဲ့ဦး။ ပြီးရင်တော့ သံပုရာရည်ကို ခွက်ကြီးတစ်ခွက်ထဲ ပြောင်းထည့်ပေးလိုက်ပါ။
Activated charcoal ဆေးတောင့် (၂) တောင့်ကိုဖွင့်ပြီး အထဲက အမှုန့်လေးတွေကို သံပုရာရည်ခွက်ထဲ ထည့်လိုက်ပါ။ ပြီးရင်တော့ သမ အောင် မွှေပေးလိုက်ပါ။ ပြီးရင် ရေနဲ့ရေခဲကို ခွက်ပြည့်လုနီးပါးထိ ဖြည့်လိုက်ပါ။ ပြီးရင်တော့ မေပယ်သကာရည် နည်းနည်းထည့်လိုက်ပါ။ အပေါ်ကနေ သံပုရာသီးလေးတစ်စိတ်လောက် တင်ပေးလိုက်ရင် ပြီးပြည့်စုံသွားပါပြီ။
သတိထားရမှာတစ်ချက်က ဒီဖျော်ရည်ကို ခန္ဓာကိုယ်ထဲမှာ ရေဓာတ်ပြည့်ဝနေမှ သောက်သုံးသင့်ပါတယ်။ တချို့ကမေးကြမယ်။ Activated charcoal ချည်းပဲ သောက်လည်းရတာကို ဘာလို့ လစ်မနစ် လုပ်သောက်နေလဲဆိုပြီး။ အာနိသင်ကလည်း တူတူပဲလေ။ ဒါပေမယ့် အမဲရောင်လစ်မနစ်ဆိုတဲ့ နာမည်က ပိုမိုက်ပြီး သောက်ရတာလည်း ပိုကောင်းတယ်လေ။ ဟုတ်တယ်ဟုတ်။
Source: Instructables",2.0,1.0,2.0,5.0,3.0,"The text provides a simple recipe and basic health claims about activated charcoal. It is written in natural, conversational Burmese, reflecting local blogging styles. While it lacks deep scientific reasoning or academic rigor, it is coherent, clean, and culturally authentic in its tone and presentation."
<urn:uuid:44567e84-8a14-4433-ba72-ef0f17362ccf>,"တကယ္ပါ.. ရိုးရိုးေလး စိတ္မေပ်ာ္ျဖစ္ေနတာပါ။
အဲဒါေလးကို ပဲ..ေျပာျပ ေရးျပမလို႕.. . ျပတိုက္ တခုက..ရိုက္ယူလာတဲ့.. တရုတ္အနုပညာရွင္ တေယာက္ရဲ႕ ရႊ႕ံရုပ္ေလးပါ ထဲ့မယ္လုပ္ေနတုန္း.. အရုပ္ေလးကတင္..ရသေတြ ေပၚလြင္ေနတာ..အနုပညာေတြ ပါေနတာေၾကာင့္.. ဘာစာမွ မထဲ့ျဖစ္လိုက္တာ။
gloomy ဆိုတဲ့ ခံစားခ်က္ကို လူတိုင္းလို အခါအားေလ်ာ္စြာေတာ့..ျဖစ္တတ္ၾက တာပဲ မဟုတ္လား။
မေန႕ကေလ.. အီးေမးလ္ ဖြင့္ေတာ့..အရြယ္တူ သူငယ္ခ်င္းတေယာက္.. ေကာက္ကာငင္ကာ.. ဘာလကၡဏာမွ မျပပဲ.. ေရာဂါဆိုးၾကီး တခု ခံစားေနရျပီလို႕.. မိတ္ေဆြေတြ..သတင္းေပးၾက..ေမးျမန္းၾက..အံ့ၾသၾက ျဖစ္ေနၾကတာပါ ။ တကုိယ္လံုး ပ်ံ႕ေနတဲ့..ေရာဂါ ၾကီးေၾကာင့္.. ေခ်ာင္းဆိုးရင္ေတာင္ နံရိုးေတြ က်ိဳးကုန္တယ္တဲ့။ ကိုယ္တို႕ ၂ေယာက္လဲ..တေယာက္နဲ႕ တေယာက္ ၾကည့္ျပီး.. ကဲ- နင္..အန္-အန္ေနတာ..အန္ဒိုစကုပ္ပီ ယူၾကည့္အံုး..။ ငါလဲ.. ခုရက္ထဲ..ဗိုက္ထဲ တမ်ိဳးၾကီး..ဆိုျပီး.. ခ်က္ခ်င္းကို မအီမသာ ျဖစ္လာေတာ့တာပဲ။
ဆိုရိုးစကားတခု ရွိတယ္ မဟုတ္လား။ Expect unexpected things -
ခုေတာ့..Life expectancy ေတြ က်က် လိုက္လာတဲ့.. ကိုယ့္လူမ်ိဳးေတြ အတြက္ပါ..စိတ္မေကာင္းျဖစ္ေန မိတယ္။ ကမၻာၾကီးက..ပူေႏြးလာတယ္တဲ့.... ကာဗြန္ ထုတ္လႊတ္မူေတြ..ျမင့္တက္ေနတယ္တဲ့.. ျဂိဳဟ္ တလံုးေတာင္ထပ္ေတြ႕တယ္ဆိုေတာ့.. ျဂိဳဟ္ခြင္ အယူအဆ ဓါတ္သဘာ၀ေတြ ပါ..ေျပာင္းလဲ ဦးမွာ။ ဒါေတာင္ အားမရလို႕.. ေစ်းထဲက.. ခရမ္းခ်ဥ္သီးေတြ..ဖရဲသီးေတြကို အေရာင္လွေအာင္..ျမန္ျမန္ မွည့္ေအာင္ ေဆးထိုးၾကတယ္တဲ့။ ပန္းေတြကို ၾကာၾကာမခံေအာင္..ေဆးစိမ္ရတယ္တဲ့။ အပင္ေတြ ျမန္ျမန္ ၾကီးေအာင္ လုပ္တဲ့..ေျမၾသဇာ ဆိုတာေတြမွာ.. ျပဒါးေတြပါတယ္တဲ့။ ဆိုင္ရနိုက္ေတြ ပါတယ္တဲ့။ အသားေပါ တဲ့ ေစ်းေပါတဲ့ ပီစီ ၾကက္ေတြ ကို ဟုိမုန္းထိုးထားတယ္တဲ့။ ဒီၾကားထဲ နို႕မွဳန္႕ေတြ မွာ မယ္လနင္ ပါတယ္တဲ့။ ေရြးခ်ယ္စရာ နဲပါးတဲ့.. လူအမ်ားစု အတြက္ေတာ့.. ေရာဂါ ေတြကိုပဲ ေရြးခ်ယ္ ေနရေတာ့တယ္။
ၾကားလိုက္ရ ရင္လည္း..အသဲေရာဂါ ဆိုတာေတြ ခ်ည္းပဲ။ အထူးသျဖင့္ အနုပညာရွင္ေတြ ..။ အသဲဆိုတာ..ခံစားတတ္တဲ့ ႏွလံုးနဲ႕ ဆက္စပ္ေနတာဆိုေတာ့.. စိတ္ခံစားမူ နဲ႕မ်ားဆိုင္ေနသလား။ စိတ္ေထာင္းလို႕ ကိုယ္ေက် ေလသလား။ အသဲေတြ ႏွလံုးေတြက..နူးညံလြန္းလို႕..ထိရွပ်က္စီးလြယ္တာမ်ားလား။
ဘာပဲေျပာေျပာေလ..ဘ၀ဆိုတာကေတာ့..ေလာင္စာရွိသေရြ႕..ကိုယ္တိုင္ ပဲ့ကိုင္ ေမာင္းႏွင္ ေနရ ဦးမယ့္..ရထားၾကီးတစီးပဲ မဟုတ္လား။
အဲဒါေလးကို ပဲ..ေျပာျပ ေရးျပမလို႕.. . ျပတိုက္ တခုက..ရိုက္ယူလာတဲ့.. တရုတ္အနုပညာရွင္ တေယာက္ရဲ႕ ရႊ႕ံရုပ္ေလးပါ ထဲ့မယ္လုပ္ေနတုန္း.. အရုပ္ေလးကတင္..ရသေတြ ေပၚလြင္ေနတာ..အနုပညာေတြ ပါေနတာေၾကာင့္.. ဘာစာမွ မထဲ့ျဖစ္လိုက္တာ။
gloomy ဆိုတဲ့ ခံစားခ်က္ကို လူတိုင္းလို အခါအားေလ်ာ္စြာေတာ့..ျဖစ္တတ္ၾက တာပဲ မဟုတ္လား။
မေန႕ကေလ.. အီးေမးလ္ ဖြင့္ေတာ့..အရြယ္တူ သူငယ္ခ်င္းတေယာက္.. ေကာက္ကာငင္ကာ.. ဘာလကၡဏာမွ မျပပဲ.. ေရာဂါဆိုးၾကီး တခု ခံစားေနရျပီလို႕.. မိတ္ေဆြေတြ..သတင္းေပးၾက..ေမးျမန္းၾက..အံ့ၾသၾက ျဖစ္ေနၾကတာပါ ။ တကုိယ္လံုး ပ်ံ႕ေနတဲ့..ေရာဂါ ၾကီးေၾကာင့္.. ေခ်ာင္းဆိုးရင္ေတာင္ နံရိုးေတြ က်ိဳးကုန္တယ္တဲ့။ ကိုယ္တို႕ ၂ေယာက္လဲ..တေယာက္နဲ႕ တေယာက္ ၾကည့္ျပီး.. ကဲ- နင္..အန္-အန္ေနတာ..အန္ဒိုစကုပ္ပီ ယူၾကည့္အံုး..။ ငါလဲ.. ခုရက္ထဲ..ဗိုက္ထဲ တမ်ိဳးၾကီး..ဆိုျပီး.. ခ်က္ခ်င္းကို မအီမသာ ျဖစ္လာေတာ့တာပဲ။
ဆိုရိုးစကားတခု ရွိတယ္ မဟုတ္လား။ Expect unexpected things -
ခုေတာ့..Life expectancy ေတြ က်က် လိုက္လာတဲ့.. ကိုယ့္လူမ်ိဳးေတြ အတြက္ပါ..စိတ္မေကာင္းျဖစ္ေန မိတယ္။ ကမၻာၾကီးက..ပူေႏြးလာတယ္တဲ့.... ကာဗြန္ ထုတ္လႊတ္မူေတြ..ျမင့္တက္ေနတယ္တဲ့.. ျဂိဳဟ္ တလံုးေတာင္ထပ္ေတြ႕တယ္ဆိုေတာ့.. ျဂိဳဟ္ခြင္ အယူအဆ ဓါတ္သဘာ၀ေတြ ပါ..ေျပာင္းလဲ ဦးမွာ။ ဒါေတာင္ အားမရလို႕.. ေစ်းထဲက.. ခရမ္းခ်ဥ္သီးေတြ..ဖရဲသီးေတြကို အေရာင္လွေအာင္..ျမန္ျမန္ မွည့္ေအာင္ ေဆးထိုးၾကတယ္တဲ့။ ပန္းေတြကို ၾကာၾကာမခံေအာင္..ေဆးစိမ္ရတယ္တဲ့။ အပင္ေတြ ျမန္ျမန္ ၾကီးေအာင္ လုပ္တဲ့..ေျမၾသဇာ ဆိုတာေတြမွာ.. ျပဒါးေတြပါတယ္တဲ့။ ဆိုင္ရနိုက္ေတြ ပါတယ္တဲ့။ အသားေပါ တဲ့ ေစ်းေပါတဲ့ ပီစီ ၾကက္ေတြ ကို ဟုိမုန္းထိုးထားတယ္တဲ့။ ဒီၾကားထဲ နို႕မွဳန္႕ေတြ မွာ မယ္လနင္ ပါတယ္တဲ့။ ေရြးခ်ယ္စရာ နဲပါးတဲ့.. လူအမ်ားစု အတြက္ေတာ့.. ေရာဂါ ေတြကိုပဲ ေရြးခ်ယ္ ေနရေတာ့တယ္။
ၾကားလိုက္ရ ရင္လည္း..အသဲေရာဂါ ဆိုတာေတြ ခ်ည္းပဲ။ အထူးသျဖင့္ အနုပညာရွင္ေတြ ..။ အသဲဆိုတာ..ခံစားတတ္တဲ့ ႏွလံုးနဲ႕ ဆက္စပ္ေနတာဆိုေတာ့.. စိတ္ခံစားမူ နဲ႕မ်ားဆိုင္ေနသလား။ စိတ္ေထာင္းလို႕ ကိုယ္ေက် ေလသလား။ အသဲေတြ ႏွလံုးေတြက..နူးညံလြန္းလို႕..ထိရွပ်က္စီးလြယ္တာမ်ားလား။
ဘာပဲေျပာေျပာေလ..ဘ၀ဆိုတာကေတာ့..ေလာင္စာရွိသေရြ႕..ကိုယ္တိုင္ ပဲ့ကိုင္ ေမာင္းႏွင္ ေနရ ဦးမယ့္..ရထားၾကီးတစီးပဲ မဟုတ္လား။
You received this email because you are subscribed to the real_time feed for http://kthwe.blogspot.com/feeds/posts/default. To change your subscription settings, please log into RSSFWD.",1.0,2.0,2.0,2.0,4.0,"The text is a personal blog post reflecting on life, health, and environmental concerns. It contains repetitive sections and boilerplate RSS footer text. While it touches on health and environmental issues, it lacks structured educational value. It uses natural, conversational Burmese, reflecting local perspectives and social anxieties, but the content is largely anecdotal and informal."
<urn:uuid:02b45ba7-b06a-4ba2-9f97-c999388d0f9f>,"ဒီကေန႔ မတ္လ ၁၃ ရက္ေန႔ဟာ စက္မႈ တကၠသိုလ္ ေက်ာင္းသား ကိုဖုန္းေမာ္နဲ႔ ကိုစိုးႏုိင္တို႔ အဓိက႐ုဏ္း ႏွိမ္နင္းေရး ရဲတပ္ဖြဲ႔ရဲ႕ ပစ္ခတ္မႈေၾကာင့္ ေသဆံုးခဲ႔ရတဲ႔ ၂၈ ႏွစ္ေျမာက္ ႏွစ္ပတ္လည္ေန႔ ျဖစ္ပါတယ္။ ၁၉၈၈ ခုႏွစ္၊ မတ္လ ၁၃ ရက္မွာ က်ဆံုးခဲ့ၾကတဲ႔ ကိုဖုန္းေမာ္၊ ကိုစိုးႏုိင္၊ ကိုေအာင္မြန္၊ ဦးစိန္ေအးတို႔ အပါအ၀င္ ရဟန္းရွင္လူ ျပည္သူေတြ အတြက္ ၂၈ ႏွစ္ေျမာက္ ႏွစ္ပတ္လည္ အခမ္းအနား အျဖစ္ ရန္ကုန္ စက္မႈ တကၠသိုလ္အနီး အေရွ႕ႀကိဳ႕ကုန္ ျဗဴးကုန္းေတာရ စာသင္ တိုက္မွာ ဒီကေန႔ ဆြမ္းကပ္ၾကပါတယ္။ ၁၉၈၈ ခုႏွစ္၊ မတ္လ အေရးအခင္း မွတ္တမ္းေတြန႔ဲ အေထာက္အထား ဓာတ္ပံုေတြကိုလည္း ျပသၾကပါတယ္
လက္ရွိ အစိုးရအေနနဲ႔ ဖမ္းဆီးခံ ေက်ာင္းသားေတြကို အျမန္ဆံုး ျပန္လႊတ္ေပး ဖို႔ကိုလည္း ႏွစ္ပတ္လည္ အခမ္းအနားက်င္းပေရး ေကာ္မတီက ထုတ္ျပန္ တဲ့ ေၾကညာခ်က္မွာ ေတာင္းဆိုထားပါတယ္။ ဆႏၵျပ ေက်ာင္းသား ျပည္သူေတြကို ဖမ္းဆီးေနတာေတြကိုလည္း ႐ႈတ္ခ် ေျပာဆိုပါတယ္။
ကိုဖုန္းေမာ္၊ ကိုစိုးႏုိင္တို႔ က်ဆံုးျခင္း ၂၈ ႏွစ္ေျမာက္ ႏွစ္ပတ္လည္ေန႔ အထိမ္းအမွတ္အျဖစ္ ႏုိင္ငံေရး အက်ဥ္း သားေဟာင္းမ်ား အဖြဲ႔ကလည္း သ၀ဏ္လႊာ ေပးပို႔ခဲ့ပါတယ္။ ၁၉၈၈ ခုႏွစ္ မတ္လ ၁၃ ရက္ ကိုဖုန္းေမာ္ က်ဆံုး ၿပီးေနာက္ပိုင္း သယ္ေဆာင္ခဲ့ၾကတဲ့ ၈၈၈၈ ဒီမိုကေရစီေရး လႈပ္ရွားမႈ၊ ဒီမိုကေရစီေရး၊ ၿငိမ္းခ်မ္းေရးနဲ႔ ျပည္သူ႔ အာဏာ တည္ျမဲေရးအတြက္ စြန္႔လႊတ္ အနစ္နာခံခဲ့ၾကသူေတြအားလံုးကို ဦးညြတ္ပါေၾကာင္း ႏုိင္ငံေရး အက်ဥ္း သားေဟာင္းမ်ားအဖြဲ႔ရဲ႕ သ၀ဏ္လႊာမွာ ေဖာ္ျပထားပါတယ္။
၁၉၈၈ ခုႏွစ္၊ မတ္လ ၁၃ ရက္ေန႔ညက စက္မႈတကၠသိုလ္ ေက်ာင္းသားေတြနဲ႔ အရပ္သားတခ်ိဳ႕ၾကား ပဋိပကၡကို အစိုးရ လံုထိန္းရဲတပ္ဖြဲ႔က အင္အားသံုးႏွိမ္နင္း တာမွာ စက္မႈတကၠသိုလ္ ေက်ာင္းသားတခ်ဳိ႕ ေသဆံုးခဲ့ရတာပါ။ မတ္လ ၁၃ ရက္ေန႔ ပဋိပကၡအေပၚ အစိုးရဘက္က စံုစမ္းစစ္ေဆးေပးဖို႔နဲ႔ ေသဆံုးခဲ႔ရ တဲ႔ ေက်ာင္းသားေတြရဲ႕ စ်ာပဏ က်ငး္ပႏုိင္ေရး အတြက္ ေက်ာင္းသားေတြက ၁၉၈၈ ခုႏွစ္ မတ္လ ၁၆ ရက္ေန႔မွာ ေတာင္းဆိုၾကတာမွာလည္း အာဏာပိုင္ေတြဘက္က အင္အားသံုး ႏွိမ္နင္းတာေၾကာင့္ ေသြးထြက္သံယို ျဖစ္ခဲ႔ရပါတယ္။
ဒီကေန႔ မတ္လ ၁၃ ရက္ေန႔ကို ျမန္မာႏုိင္ငံ လူ႔အခြင့္အေရးေန႔အျဖစ္လည္း ဒီမိုကေရစီေရး လႈပ္ရွားသူေတြက သတ္မွတ္ထားၾကတာ ျဖစ္ပါတယ္။",3.0,2.0,2.0,5.0,5.0,"The text provides a factual, historical account of the 1988 March 13th incident in Burma, which is significant for educational purposes. It is written in natural, authentic Burmese, reflecting local political and social context. The structure is clean, coherent, and free of noise, though it lacks complex analytical reasoning or highly specialized technical content."
<urn:uuid:5c8d98ad-738f-4bbf-bab8-aaa254b5787d>,"လန္ဒန္၊ ဇြန္ ၁
လန္ဒန္ၿမိဳ႕ရွိ ဝင္ဘေလေဖ်ာ္ေျဖေရးခန္းမတြင္ ပြဲဦးထြက္ေဖ်ာ္ေျဖကာ ဂီတေလာကထဲ စတင္ ေရာက္ရွိလာေသာ ဘ႐ိုင္ယန္အဒမ္သည္ အဆိုပါခန္းမမွာပင္ တစ္ေက်ာ့ျပန္ေဖ်ာ္ေျဖခြင့္ရခဲ့ ေၾကာင္း ဇြန္ ၁ ရက္ contactmusic သတင္းကဆိုသည္။ ” (Everything I Do)I Do It For You ”သီခ်င္းျဖင့္ ေက်ာ္ ၾကားခဲ့ေသာ ဘ႐ိုင္ယန္အဒမ္၏ ေဖ်ာ္ေျဖပြဲမွာ ႐ံုျပည့္႐ံုလွ်ံခဲ့ၿပီး ပရိသတ္ ၁၂ဝဝဝ ခန္႔တက္ေရာက္ခဲ့ၾကသည္။ ဘ႐ုိင္ယန္အဒမ္သည္ Ultimate Tour နယ္လွည့္ေဖ်ာ္ေျဖ ပြဲ၏ ခရီးစဥ္တစ္ခုအျဖစ္ ဝင္ဘေလခန္းမတြင္ ေဖ်ာ္ ေျဖခဲ့ျခင္းျဖစ္သည္။
”ကြၽန္ေတာ္တို႔ ပထမဆံုးေဖ်ာ္ေျဖခဲ့တဲ့ ေနရာ ေတြထဲမွာ ဝင္ဘေလလည္းပါတယ္။ အဲဒီတုန္းကဆို ထိုင္ခံုေတြေတာင္မရွိဘူး”ဟု ဘ႐ုိင္ယန္အဒမ္ ကေျပာသည္။ ဘ႐ိုင္ယန္အဒမ္သည္ ၁၉၈၅ ခုႏွစ္ တြင္ ” Golden Eye ”အဆိုေတာ္ တီနာတန္းနား၏ ဧည့္အဆိုေတာ္အျဖစ္ ဝင္ဘေလတြင္ ေဖ်ာ္ေျဖခြင့္ ရခဲ့ျခင္းျဖစ္သည္။
”အဲဒီတုန္းကေတာ့ ပရိသတ္ေတြက ‘ဟာ ဒီ ေကာင္ ဘာေကာင္လဲ’ဆိုၿပီး ေတြးခဲ့ၾကမွာပဲ” ဟု ဘ႐ိုင္ယန္အဒမ္ကေျပာသည္။ ယခုသီတင္းပတ္ ေဖ်ာ္ေျဖပြဲတြင္မူ ဘ႐ိုင္ယန္အဒမ္ကို ပရိသတ္မ်ားက ေကာင္းစြာ သိရွိထားၿပီးျဖစ္သည္။ ကေနဒါႏိုင္ငံသား ေရာ့ခ္အေက်ာ္အေမာ္ ဘ႐ိုင္ယန္အဒမ္သည္ ” Heaven ”၊ ” Run To Yon ”၊ ” Summer of 69 ”စသည့္ သီခ်င္းမ်ားႏွင့္ ပရိသတ္ကို ေဖ်ာ္ေျဖခဲ့သည္။ ” When Your Gone ” သီခ်င္း ျဖင့္ ေက်ာ္ၾကားခဲ့ေသာ ဘ႐ိုင္ယန္အဒမ္သည္ ႐ိုးသားႏွိမ့္ခ်သူအျဖစ္ နာမည္ေကာင္းထြက္သည္။ ယခင္ႏွစ္ေအာက္တိုဘာက ဆ႒မေျမာက္သီခ်င္းေခြ ” Ultimate ”ကိုျဖန္႔ခ်ိခဲ့သည္။
Ref: contactmusic
#democracytoday",1.0,1.0,2.0,4.0,3.0,"The text is a standard entertainment news report about Bryan Adams. It provides basic biographical and career information, making it accessible to a general audience. It is written in natural, journalistic Burmese, though it lacks deep analytical or educational depth. The formatting is clean, though it includes a source reference and a hashtag."
<urn:uuid:02339c9a-64ba-4a06-9e36-4e100e1191c2>,"မြောက်ကိုရီးယားခေါင်းဆောင် Kim Jong-un နဲ့ အမေရိကန်သမ္မတ Donald Trump တို့တွေ့ ဆုံတဲ့ Trump – Kim Summit ကို ဗီယက်နမ်နိုင်ငံမှာ ကျင်းပနေပါတယ်။ လူတိုင်းမသိကြတာက Kim Jong-un ဘေးမှာ ထပ်ကြပ်မကွာလိုက်လာတဲ့ ညာလက်ရုံး Kim Yo-jong ပါ။
Kim Jong-un ကို လူသိများပေမယ့် သူ့ရဲ့ ညာလက်ရုံးဖြစ်တဲ့ ညီမငယ် Kim Yo-jong ကတော့ လူသိနည်းပါတယ်။ သူမဟာ ကိုရီးယားနှစ်နိုင်ငံ တွေ့ ဆုံခဲ့တဲ့ Inter-Korean Summit တုန်းကလည်း ပါဝင်ဖူးသူပါ။
Kim Yo-jong ရဲ့အသက်ကို အတိအကျမသိရပေမယ့် ၂၉နှစ်နဲ့ ၃၁နှစ်ကြားမှာပဲ ရှိသေးတယ်လို့ သိရပါတယ်။ တချို့တွေက သူမဟာ ၁၉၈၈ခုနှစ် စက်တင်ဘာလ (၂၆) ရက်နေ့မှာ မွေးဖွားခဲ့ပြီး အခုချိန်မှာ အသက် (၃၁) ရှိပြီလို့ ဆိုကြပါသေးတယ်။ မြောက်ကိုရီးယားအာဏာရှင်ဟောင်း Kim Jong-il နဲ့ ဂျပန်အကမယ် Ko Yong Hui တို့က မွေးဖွားလာတဲ့ သားသမီး (၃) ယောက်အထဲက အငယ်ဆုံးသမီးဖြစ်ပါတယ်။ သူမရဲ့အစ်ကိုနှစ်ယောက်က Kim Jong-chul နဲ့ လက်ရှိခေါင်းဆောင် Kim Jong-un တို့ပါ။
သွားလေသူ Kim Jong-il ကဆိုရင် သမီးထွေးကို အချစ်ပိုခဲ့ပြီး ‘မင်းသမီးလေး . . အရမ်းလှတာပဲ” လို့တောင် တဖွဖွပြောတတ်သူပါ။ Kim Yo-jong ဟာ ငယ်စဉ်ဘဝတုန်းက ဆွစ်ဇာလန်နိုင်ငံမှာရှိတဲ့ English Language International School မှာ တက်ခဲ့ပါသေးတယ်။ (အဲဒီကျောင်းမှာ အစ်ကိုတော် Kim Jong-un လည်း တက်ဖူးပါတယ်။)
သူမဟာ ခြောက်တန်းအောင်တော့ ၂ဝဝဝခုနှစ်မှာ မြောက်ကိုရီးယားနိုင်ငံကို ပြန်လာခဲ့ပါတယ်။ အထက်တန်းပညာကို ဘယ်ကျောင်းမှာ သင်ယူခဲ့သလဲဆိုတာ တိတိကျကျမသိရပေမယ့် စစ်ပညာကိုတော့ Kim Il Sung Military University မှာ သင်ယူခဲ့တာပါ။ ဖခင်ကြီး Kim Jong-il ဆိုရင် သမီးငယ်လေးက နိုင်ငံရေးကို စိတ်ဝင်စားတဲ့အတွက် သူ မရှိတော့ရင် နိုင်ငံကို ဦးဆောင်နိုင်လိမ့်မယ်လို့တောင် ပြောခဲ့ဖူးပါတယ်။
အာဏာရှင် Kim Jong-un က စကားကို ဟောင်ဖွာဟောင်ဖွာပြောတတ်ပေမယ့် ညီမဖြစ်တဲ့ Kim Yo-jong ကတော့ သိုသိုသိပ်သိပ်နေထိုင်တတ်ပြီး သူမကို ဖခင်ရဲ့နာရေးမှသာ မြင်တွေ့ကြရတာဖြစ်ပါတယ်။
၂ဝ၁၈ခုနှစ်တုန်းက တောင်ကိုရီးယားနိုင်ငံမှာ ကျင်းပခဲ့တဲ့ ‘2018 Winter Olympics’ ဖွင့်ပွဲအတွက် Kim Yo-jong ဟာ မြောက်ကိုရီးယားနိုင်ငံကိုယ်စားပြု တက်ရောက်မှသာ သူမရဲ့ ပုံရိပ်တွေ ပျံ့ နှံ့ခဲ့တာဖြစ်ပါတယ်။
တကယ်တမ်းတော့ သူမဟာ မြောက်ကိုရီးယားနိုင်ငံရဲ့ ပါဝါအရှိဆုံးအမျိုးသမီးလို့တောင် ဆိုရမှာပါ။ အခုချိန်အထိ အစ်ကိုဘေးမှာ ရပ်တည်ရင်း လိုလေးသေးမရှိအောင် ကူညီပေးနေတဲ့ ညီမငယ် Kim Yo-jong ပဲဖြစ်ပါတယ်ခင်ဗျာ။
Photo Credit – Business Insider
ကျော်စိုးအောင် (အခရာ)",2.0,1.0,2.0,5.0,2.0,"The text provides biographical information about Kim Yo-jong in a journalistic style. It is informative but lacks deep analysis or complex reasoning. It is written in natural, accessible Burmese, suitable for a general audience. The formatting is clean, and it avoids excessive boilerplate, though it functions more as a news feature than an educational resource."
<urn:uuid:3a310a7a-445a-44af-99bd-d8bb6cb4520a>,"ေနာ္ေဝးႏိုင္ငံ အေရွ႕ပိုင္းဆိုင္ရာ မစ္ရွင္အဖြဲ႕က ခ်င္းအမ်ဳိးသား တဦးျဖစ္တဲ့ ဗစ္တာဗ်က္လ်န္င္ကို လူ႔အခြင့္အေရး တက္ႂကြစြာ ပါဝင္လႈပ္ရွားတဲ့ သူတေယာက္အေနနဲ႔ လာမယ့္ ႏိုဝင္ဘာ ၉ ရက္ေန႔မွာ ေအာ္စလိုၿမိဳ႕ Freedom of Expression Foundation မွာ စိန္႔စတီဗင္ဆုကို ခ်ီးျမႇင့္ေပးမယ္လို႔ ဆိုပါတယ္။ သူ႔အေနနဲ႔ အခုလို ဆုခ်ီးျမႇင့္ျခင္း ခံရတာဟာ ခ်င္းအမ်ဳိးသားေတြ သာမက လူ႔အခြင့္အေရး လႈပ္ရွားသူေတြ အတြက္ပါ ဂုဏ္ယူစရာ ျဖစ္တယ္လို႔လည္း ေျပာပါတယ္။ ဗစ္တာဗ်က္လ်န္င္ အေနနဲ႔ ဆက္လက္ၿပီးေတာ့ လူ႔အခြင့္အေရး ပညာေပး လုပ္ငန္းမွာေရာ ဘာသာေရး ဖိႏွိပ္မႈေတြ တားဆီးဖို႔အတြက္ပါ ဆက္လက္ တိုက္ပြဲဝင္သြားမယ္လို႔လည္း ေျပာပါတယ္။ အျပည့္အစုံကို ဗြီအိုေအ ထိုင္းအေျခစိုက္ သတင္းေထာက္ ႏိုင္ကြန္းအိန္က တင္ျပေပးထားပါတယ္။
လူ႔အခြင့္အေရး လုပ္ငန္းေတြမွာ တက္တက္ႂကြႂကြ ပါဝင္လုပ္ေဆာင္ခဲ့တဲ့ ခ်င္းအမ်ဳိးသား ဗစ္တာဗ်က္လ်န္င္ကို အေရွ႕ပိုင္းဆိုင္ရာ ေနာ္ေဝး မစ္ရွင္အဖြဲ႕က စိန္႔စတီဗင္ဆု ခ်ီးျမႇင့္ေပးမယ္လို႔ ျပည္ပအေျခစိုက္ Chinland Guardian သတင္းဌာနကေန ေအာက္တိုဘာ ၈ ရက္ေန႔မွာ သတင္းထုတ္ျပန္ထားပါတယ္။ ဗစ္တာဗ်က္လ်န္င္ဟာ ENC ေခၚ တိုင္းရင္းသား လူမ်ဳိးမ်ားေကာင္စီ အဖြဲ႕မွာ အဖြဲ႕ဝင္တဦး ျဖစ္သလို ခ်င္းဖိုရမ္အဖြဲ႕မွာလည္း လူ႔အခြင့္အေရးေတြအတြက္ လုပ္ေဆာင္ေနတဲ့ သူတဦး ျဖစ္ပါတယ္။ ဗစ္တာဗ်က္လ်န္င္ အေနနဲ႔ စိန္႔စတီဗင္ဆု ခ်ီးျမႇင့္ျခင္း ခံရတဲ့အေပၚ ENC အဖြဲ႕ရဲ႕ အတြင္းေရးမႉး ေဒးဗစ္ေထာကို ဆက္သြယ္ေမးျမန္းရာမွာ အခုလို ေျပာပါတယ္။
“ေနာ္ေဝးအေျခစိုက္က ေနၿပီးေတာ့ လူ႔အခြင့္အေရးနဲ႔ ပတ္သက္တဲ့ဆုကို ေပးမွာျဖစ္ပါတယ္။ အဓိကကေတာ့ ခ်င္းလူ႔အခြင့္အေရးေတြ ဆုံး႐ႈံးနစ္နာတဲ့ ကိစၥကို သူက တက္တက္ႂကြႂကြပဲ ႏိုင္ငံတကာမွာ လုိက္ေျပာဆိုတယ္။ အဓိကကေတာ့ Chin Humanrights Organization ကေပါ့။ ဒါေပမဲ့ သူက ခ်င္းကိစၥတင္ မကပါဘူး၊ တျခားတိုင္းရင္းသား ကိစၥေတြပါ သူအကုန္လုံးေျပာတဲ့ ခ်င္းအမ်ဳိးသားတေယာက္ ျဖစ္ပါတယ္။”
ဗစ္တာဗ်က္လ်န္င္ကုိ လာမယ့္ ႏိုဝင္ဘာလ ၉ ရက္ေန႔ ေနာ္ေဝႏိုင္ငံ ေအာ္စလိုၿမိဳ႕မွာ ဆုခ်ီးျမႇင့္ေပးမွာျဖစ္ၿပီး အဲဒီဆုကို ဗစ္တာဗ်က္လ်န္င္ အေနနဲ႔ လူ႔အခြင့္အေရး လႈပ္ရွားမႈ သက္တမ္းတေလွ်ာက္မွာ ပထမဦးဆုံး ရတဲ့ဆုလို႔လည္း ေျပာပါတယ္။ တိုင္းရင္းသားတေယာက္ အေနနဲ႔ အခုလို လူ႔အခြင့္အေရးဆု ခ်ီးျမႇင့္ခံရတာဟာ ဝမ္းသာဂုဏ္ယူစရာတခု ျဖစ္တယ္လို႔ ENC အတြင္းေရးမႉး ေဒးဗစ္ေထာက ေျပာပါတယ္။
“က်ေနာ္တို႔ အေနနဲ႔ကေတာ့ ဒီ ENC ရဲ႕ တိုင္းရင္းသား အဖြဲ႕ဝင္ တေယာက္လည္းျဖစ္တယ္၊ ဒီလို ဆုရရွိတာ က်ေနာ္တို႔အေနနဲ႔ အမ်ားႀကီး ဂုဏ္ယူ ဝမ္းသာပါတယ္။ ဒီဆုဟာ အမွန္ေတာ့ သူတြင္မကပါဘူး၊ သူ႔ ခ်င္းအမ်ဳိးသား တခုလုံးကိုေရာ ေနာက္ၿပီးေတာ့ ENC ကိုပါ အမ်ားႀကီး ေရာင္ျပန္ဟပ္ေစပါတယ္။”
စိန္႔စတီဗင္ဆု ခ်ီးျမႇင့္ျခင္း ခံရတဲ့အေပၚ ျဖစ္ပြားခဲ့တဲ့ ခံစားခ်က္ေလးေတြကို ကေနဒါႏုိင္ငံ အေျခစုိက္ ဗစ္တာဗ်က္လ်န္င္ကို ဆက္သြယ္ ေမးျမန္းခဲ့ရာမွာ အခုလို ေျပာပါတယ္။
“က်ေနာ္ ဝမ္းသာပီတိ ျဖစ္မိတယ္။ ဘာေၾကာင့္လဲဆိုေတာ့ အခုလို ႏိုင္ငံတကာ အဖြဲ႕အစည္းတခု အေနနဲ႔ က်ေနာ္တို႔ရဲ႕ လွဳပ္ရွားမႈ၊ က်ေနာ္တို႔ရဲ႕ အနစ္နာခံမႈ၊ ေပးဆပ္မႈေတြကို အသိအမွတ္ျပဳျခင္း ခံရတာဟာ အင္မတန္မွ အားတက္မိတယ္။ က်ေနာ္ ခံစားမိတာကေတာ့ အမွန္ေတာ့ က်ေနာ္တေယာက္တည္း မဟုတ္ဘဲနဲ႔ က်ေနာ့္ လုပ္ေဖာ္ကိုင္ဘက္ေတြရယ္ ေနာက္ၿပီး ဒီမိုကေရစီ လိုလားတဲ့၊ တိုက္ပြဲဝင္ေနတဲ့ ရဲေဘာ္ရဲဘက္အားလုံးကို အသိအမွတ္ ျပဳတာလည္း ျဖစ္တယ္လို႔ ခံစားမိတယ္ဗ်။ လူ႔အခြင့္အေရး ပညာေပး လုပ္ငန္းေတြပဲျဖစ္ျဖစ္၊ က်ေနာ္တုိ႔ ခ်င္း လူ႔အခြင့္အေရးအဖြဲ႕ အေနနဲ႔ လာမယ့္အခ်ိန္မွာလည္း က်ေနာ္တုိ႔ ဘာသာေရးနဲ႔ ပတ္သက္ၿပီးေတာ့ လြတ္လပ္မႈေတြကုိလည္း Focus လုပ္ၿပီးေတာ့ ဆက္လက္ လႈပ္ရွားဖို႔ရွိတယ္။
“ဘာျဖစ္လို႔လဲဆိုေတာ့ က်ေနာ္တို႔ တိုင္းျပည္မွာ ဘာသာေရး အေနနဲ႔ လူနည္းစု ဘာသာေရး အဖြဲ႕ဝင္ေတြကို နည္းနည္း အစိုးရ အဖြဲ႕အစည္း အေနနဲ႔ ခြဲျခားဆက္ဆံတာတို႔၊ ဖိႏွိပ္တာတို႔ က်ေနာ္တို႔ ေတြ႕ရတယ္။ သက္ေသ အေထာက္အထားေတြလည္း အမ်ားႀကီးရွိတယ္။ ဒီကိစၥနဲ႔ ပတ္သက္ၿပီးေတာ့ စာအုပ္ေတြ ဘာေတြ ထုတ္ဖို႔ရွိတယ္။”
ဗစ္တာဗ်က္လ်န္င္ဟာ ခ်င္းျပည္နယ္ ဟားခါးၿမိဳ႕ ဇာတိျဖစ္ၿပီး ရန္ကုန္တကၠသုိလ္က ႐ုကၡေဗဒ ဘာသာရပ္နဲ႔ ေနာက္ဆုံးႏွစ္မွာ ေက်ာင္းတက္ေနစဥ္အတြင္း ၁၉၈၈ ခုႏွစ္ အေရးအခင္းကာလမွာ ေတာ္လွန္ေရးနယ္ေျမထဲ ေရာက္ရွိလာၿပီးေတာ့ ခ်င္းအမ်ဳိးသားတပ္ဦးမွာ တာဝန္ထမ္းေဆာင္ခဲ့ပါတယ္။ ဒါ့အျပင္ ခ်င္းဖိုရမ္အဖြဲ႕ကို စတင္တည္ေထာင္သူတဦး ျဖစ္သလို ခ်င္းလူ႔အခြင့္အေရး အဖြဲ႕မွာလည္း တက္ႂကြစြာ ပါဝင္လႈပ္ရွားေနသူတဦး ျဖစ္ပါတယ္။
အခုဆိုရင္ ကေနဒါႏိုင္ငံမွာ အေျခခ်ေနထိုင္ၿပီး လူ႔အခြင့္အေရးဆုိင္ရာ လႈပ္ရွားမႈေတြမွာေရာ၊ ဘာသာေရး ႏွိပ္ကြပ္မႈ၊ လူသားေတြရဲ႕ ယုံၾကည္ခ်က္ေတြကို ခ်ဳပ္ခ်ယ္မႈေတြ ပေပ်ာက္ေအာင္ အကာအကြယ္ေပး ေစာင့္ေရွာက္မႈ လုပ္ငန္းေတြမွာ တက္တက္ႂကြႂကြ ပါဝင္လုပ္ေဆာင္ေနဆဲလို႔ တိုင္းရင္းသား လူမ်ဳိးမ်ားေကာင္စီ အတြင္းေရးမႉး ေဒးဗစ္ေထာက ေျပာပါတယ္။",3.0,2.0,2.0,5.0,4.0,"The text is a well-structured news report about a human rights activist. It provides educational value regarding current events and civil rights, uses standard journalistic reasoning, and is written in natural, professional Burmese. It is clean, complete, and reflects the specific cultural context of the Chin community and Burmese political history."
<urn:uuid:0c2de4ca-4f59-4688-aa35-2fb72ca58f8c>,"လေပးအစီအစဥ္တြင္ပါ၀င္သည္။
လီကြမ္ယုရဲ႕ အုပ္ခ်ဳပ္ေရးဆိုင္ရာအဆိုအမိန္႔မ်ား
အႏွစ္ခ်ဳပ္
လီကြမ္ယု၏ အဆုိအမိန္႔မ်ားသည္ စင္ကာပူကုိ ထူေထာင္သူဖခင္ဟု
အမ်ားက သတ္မွတ္ျခင္းခံရသူတစ္ဦးကုိ မိတ္ဆက္ေပးထားျခင္း
ျဖစ္သည္။ သူႏွင့္ သူ႔အဖြဲ႕တုိ႔ကုိ ထိန္းေက်ာင္းေပးထားေသာ လက္စြဲ
အေျခခံမူမ်ားကုိ မိတ္ဆက္ေပးျခင္းလည္း ျဖစ္သည္။ သူတုိ႔သည္
ၿဗိတိသွ် အင္ပါယာ လက္ေအာက္မွ လြတ္ေျမာက္ေအာင္ ပဲ့ကုိင္ေပး
ခဲ့ၾကသည္။ ထုိ႔ေနာက္ မေလးရွားႏွင့္ ေပါင္းစည္းခဲ့ၾကသည္။ ထုိ႔ေနာက္
မေလးရွားမွခြဲထြက္ၿပီး ၾသဂုတ္လ ၉ ရက္၊ ၁၀၆၅ ခုႏွစ္တြင္ လြတ္
လပ္ေရးရယူလုိက္ေသာအခါ မတည္ၿငိမ္သည့္ေရျပင္ကုိ ျဖတ္သန္းခဲ့
ၾကရျပန္သည္။ ထုိျဖစ္စဥ္တစ္ေလွ်ာက္ ထိုအေျခခံမူမ်ားက ပဲ့ကုိင္
ေပးခဲ့ၾကသည္။
- စာအုပ္မ်ား
- သမုိင္းႏွင့္ ပထဝီ
- ျမန္မာ
ေဒတာပိတ္ထားျပီး စာဖတ္ရန္အတြက္ ေက်းဇူးျပဳ၍ app ကုိေဒါင္းလုဒ္ဆြဲပါ။",2.0,1.0,2.0,2.0,2.0,"The text provides a brief historical summary of Lee Kuan Yew and Singapore's independence, which has educational value. However, it is incomplete, contains navigation-like list items, and ends with a promotional prompt to download an app, which detracts from its overall quality and cleanliness."
<urn:uuid:cc885040-b09c-46cf-b167-fd9ce0689471>,"|
|
Refer and Win Promotion
ခ်စ္ခင္ေလးစားအပ္ပါေသာ Customer မ်ားရွင့္
ျပဳလုပ္ရမည့္အစီအစဥ္-
၁။ မိမိတိို႔ မိတ္ေဆြသူငယ္ခ်င္းမ်ားကို YTP ၏ FTTx Service ကုိ Refer ျပဳလုပ္ေပးပါ။
မွတ္ခ်က္။ ။ Refer ျပဳလုပ္ေပးေသာ မိတ္ေဆြသူငယ္ခ်င္းမ်ားမွ YTP ၏ FTTx Service ကိုေလွ်ာက္ထား အသုံးျပဳမွသာ Discount အခြင့္အေရးကို ခံစားခြင့္ ရရွိႏိုင္မည္ျဖစ္ပါသည္။
YTP သို႔ အျမန္ဆက္သြယ္ႏိုင္ရန္ အတြက္ ေအာက္ပါလင့္ မ်ားမွ ၀င္ေရာက္ႏိုင္ပါသည္။
အေသးစိတ္ သိလိုသည္မ်ားကို ေမးျမန္းလိုပါက ေအာက္ပါဖုန္းနံပါတ္မ်ားသုိ႔ ေခၚဆိုႏိုင္ပါသည္။
ေလးစားခ်စ္ခင္စြာျဖင့္
|
|
အထူးေလွ်ာ႔ေစ်း သက္တမ္းတိုးျမွင့္ျခင္း
ခ်စ္ခင္ေလးစားအပ္ပါေသာ Customer မ်ားႏွင့္ YTP ၏ ၀န္ေဆာင္မွဳကို အသုံးျပဳလိုသူမ်ားအတြက္ ရတနာပုံတယ္လီပုိ႔ ၏ Fiber အင္တာနက္ လုိင္း အိမ္အေရာက္ ၀န္ေဆာင္မွဳ (FTTx) သၾကၤန္အထူးေလွ်ာ႔ေစ်း အစီအစဥ္အား သံုးစြဲသူ မိဘျပည္သူမ်ား၏ ေတာင္းဆိုမႈမ်ားအရ အထူးေလွ်ာ႔ေစ်း ကာလကိို ဆက္လက္တိုးခ်ဲ႕၍ လက္ခံေဆာင္ရြက္ေပးသြားမည္ ျဖစ္ပါေၾကာင္း သတင္းေကာင္း ပါးအပ္ပါသည္။
အထူးေလွ်ာ႔ေစ်းအေနျဖင့္ -
YTP သို႔အျမန္ဆက္သြယ္ႏိုင္ရန္ အတြက္ ေအာက္ပါလင့္ မ်ားမွ ၀င္ေရာက္ႏိုင္ပါသည္။
အေသးစိတ္ သိလိုသည္မ်ားကို ေမးျမန္းလိုပါက ေအာက္ပါဖုန္းနံပါတ္မ်ားသုိ႔ ေခၚဆိုႏိုင္ပါသည္။
ေလးစားခ်စ္ခင္စြာျဖင့္
|
|
FTTx SPECIAL PROMOTION
ခ်စ္ခင္ေလးစားအပ္ပါေသာ Customer မ်ားႏွင့္ YTP ၏ ၀န္ေဆာင္မွဳကို အသုံးျပဳလိုသူမ်ားအား YTP မွ သတင္းေကာင္းေပးပုိ႔ အပ္ပါသည္။ ရတနာပုံတယ္လီပုိ႔၏ Fiber ၀န္ေဆာင္မွဳ (FTTx Service) ကို ၂၀၁၇ ခုႏွစ္ မတ္လ (၂၃)ရက္မွ- ဧျပီလ (၁၀)ရက္အတြင္း ေလၽွ်ာက္ထားပါက သၾကၤန္အထူးေလ်ာ့ေစ်းအေနျဖင့္ ရန္ကုန္ျမိဳ႕တြင္ One time installation fees ကို ၁၂၀,၀၀၀ က်ပ္ႏွင့္ ႏွစ္စဥ္ေၾကး အခမဲ့ ခံစားခြင့္ရရွိမည္ျဖစ္ပါသည္။
အေသးစိတ္ သိလိုသည္မ်ားကို ေမးျမန္းလိုပါက ေအာက္ပါဖုန္းနံပါတ္မ်ားသုိ႔ ေခၚဆိုႏိုင္ပါသည္။
ေလးစားခ်စ္ခင္စြာျဖင့္
|
|
ရတနာပံုတယ္လီပို႔၏ ၀န္ေဆာင္မႈမ်ားႏွင့္ ပတ္သက္၍ ဆက္သြယ္ႏုိင္မည့္ ရံုးခြဲမ်ား
ရတနာပံုတယ္လီပို႔ ၏ ၀န္ေဆာင္မႈကို သံုးစြဲလ်က္ရွိေသာ Customer မ်ားအား ေက်းဇူးတံု႔ျပန္ေသာ အားျဖင့္ ပိုမုိ ျမန္ဆန္သည့္ အင္တာနက္ ၀န္ေဆာင္မႈမ်ားကို သက္သာေသာႏႈန္းထားျဖင့္ ေျပာင္းလဲ၀န္ေဆာင္မႈ ေပးသြားမည္ ျဖစ္ပါေၾကာင္း သတင္းေကာင္းပါးအပ္ပါသည္။
အေသးစိတ္ သိရွိလိုပါက -
ေက်းဇူးတင္စြာျဖင့္
|
|
2600 MHz လိႈင္းႏႈန္းစဥ္ ေလလံရလဒ္ သတင္းထုတ္ျပန္ေၾကညာျခင္း
ပို႔ေဆာင္ေရးႏွင့္ ဆက္သြယ္ေရး ၀န္ႀကီးဌာန ၊ ဆက္သြယ္ေရး ညႊန္ၾကားမႈ ဦးစီးဌာန သည္ 2600 MHz လိႈင္းႏႈန္းစဥ္ေလလံအား ေနျပည္ေတာ္ရွိ The Hotel Royal ACE တြင္ ၂၀၁၆ ခုႏွစ္ ၊ ေအာက္တိုဘာလ (၁၇) ရက္ေန႔ ၊ နံနက္ (၉:၀၀) နာရီတြင္ စတင္ျပဳလုပ္ခဲ့ရာ သတ္မွတ္ခ်က္ႏွင့္ ကိုက္ညီေသာ ကုမၸဏီ (၉) ခုမွ ပါ၀င္ယွဥ္ၿပိဳင္ခဲ့ၾကပါသည္။ ပထမေန႔ အစီအစဥ္အား (၁၉:၁၅) နာရီတြင္ ေခတၱရက္နားခဲ့ၿပီး Round (၁၁) ခုေဆာင္ရြက္ႏုိင္ခဲ့ပါသည္။ ေလလံအား ၂၀၁၆ ခုႏွစ္ ၊ေအာက္တုိဘာလ (၁၈) ရက္ေန႔ ႏွင့္ (၁၉) ရက္ေန႔မ်ားတြင္ အဆိုပါ ဟိုတယ္၌ ဆက္လက္ ေဆာင္ရြက္ခဲ့ရာ ေအာက္တိုဘာ (၁၉)ရက္ေန႔ (၁၅:၀၀) နာရီတြင္ Round (၃၂) ခုျဖင့္ ေလလံအား ေအာင္ျမင္စြာ ေဆာင္ရြက္ၿပီးစီးခဲ့ပါသည္။
2600 MHz လိႈင္းႏႈန္းစဥ္ေလလံအား Simultaneous Multiple-Rounds Ascending Auction (SMRA) စနစ္ျဖင့္ ေဆာင္ရြက္ခဲ့ျခင္းျဖစ္ၿပီး ၊ အဆိုပါ ေလလံတြင္ Lot အလိုက္ ေအာင္ျမင္သည့္ ကုမၸဏီမ်ား စာရင္းမွာ အထက္ပါ စာရင္းအတိုင္း ျဖစ္ပါသည္။
ေဖာ္ျပပါ ေလလံေအာင္ျမင္သူမ်ားအား သက္တမ္း (၁၅) ႏွစ္ရွိသည့္ လိႈင္းႏႈန္းစဥ္ အသံုးျပဳခြင့္ ခြင့္ျပဳေပးႏုိင္ေရး ဆက္လက္ေဆာင္ရြက္သြားမည္ ျဖစ္ပါသည္။
ဆက္သြယ္ေရးညႊန္ၾကားမႈဦးစီးဌာန",1.0,1.0,2.0,2.0,3.0,"The document is a collection of corporate announcements and press releases from a telecommunications company. It lacks educational depth or complex reasoning. It is written in natural, professional Burmese, reflecting local business communication styles, but contains significant boilerplate, repetitive structures, and formatting artifacts typical of web-scraped promotional content."
<urn:uuid:895cd4b1-0025-4039-9d2e-e95b355c1692>,"ဘိုင်ယန်မြူးနစ်အသင်းဘက်ကနေ စိတ်ဝင်စားခံနေရမှုအပေါ်မှာ သူ့အနေနဲ့ ဘယ်လိုမှ မှတ်ချက်မပေးလိုကြောင်း ထုတ်ဖော်ပြောဆိုခဲ့ပြီး ဘွန်ဒက်လီဂါထက် ပရီးမီးယားလိဂ်ဆီကိုသာ ခြေချချင်နေတဲ့ ရက်ဘူးလိုက်ပ်ဇစ်အသင်းရဲ့ ဂျာမန်တိုက်စစ်ကစားသမားလေး တီမိုဝါနာကို လီဗာပူးလ်အသင်းဘက်ကနေ ပစ်မှတ်ထားနေတယ်လို့ သတင်းထွက်ပေါ်နေပေမယ့် ဂျာမနီကနေ ထွက်ပေါ်လာတဲ့ သတင်းတွေအရတော့ မန်ချက်စတာယူနိုက်တက်အသင်းနဲ့ ချယ်လ်ဆီးအသင်းတို့သာ ဝါနာရဲ့အေးဂျင့်နဲ့ ချိတ်ဆက်မှုတွေကို ပြုလုပ်ထားကြပြီး နောက်လအတွင်းလောက်မှာပဲ ကမ်းလှမ်းမှုတွေ စတင်ပြုလုပ်ဖွယ်ရှိနေပါတယ်။
Photo Credit : Transfermarket
အသက်(၂၄)နှစ်အရွှယ်ရှိ ဂျာမန်လက်ရွေးစင် တိုက်စစ်မှူးလေး တီမိုဝါနာဟာ ပြီးခဲ့တဲ့ နှစ်အနည်းငယ်အတွင်းလောက်ကပဲ သူရဲ့အတောက်ပဆုံးခြေစွမ်းတွေကို ပြသလာခဲ့ရင်းနဲ့ ကလပ်အသင်းကြီးတွေရဲ့ ပစ်မှတ်အဖြစ် သတ်မှတ်ခံလာရတာဖြစ်ပါတယ်။ လက်ရှိမှာ ဝါနာကို လီဗာပူးလ် ချယ်လ်ဆီး ဘိုင်ယန်မြူးနစ် မန်ချက်စတာယူနိုက်တက်အသင်းတို့အပြင် အသင်းကြီးပေါင်းများစွာတို့ကနေ အပြိုင်စိတ်ဝင်စားနေကြပေမယ့် ဝါနာကို ခေါ်ယူဖို့ ချိတ်ဆက်လာတဲ့အသင်းတွေထဲကမှ ဝါနာကိုယ်တိုင်က ယာဂင်ကလော့နည်းပြနေတဲ့ လီဗာပူးလ်အသင်းဆီကိုပဲ ရွေးချယ်ချင်နေပါတယ်။
Photo Credit : DW
လတ်တလော ထွက်ပေါ်နေတဲ့ သတင်းတွေထဲမှာ ဝါနာဟာ လီဗာပူးလ်ကိုပဲ ရောက်ရှိဖို့ အခြေအနေအရမ်းများနေတယ်လို့ သုံးသပ်ဖော်ပြမှုတွေ ထွက်ပေါ်နေပေမယ့်လည်း ဂျာမန်ကနေ ထွက်ပေါ်နေတဲ့ သတင်းတစ်ရပ်မှာတော့ ဝါနာကို ခေါ်ယူနိုင်ဖို့ လာရောက်ချိတ်ဆက်နေတဲ့ အသင်းတွေထဲမှာ ချယ်လ်ဆီးနဲ့ မန်ချက်စတာယူနိုက်တက်အသင်းတို့သာ ဝါနာရဲ့အေးဂျင့်နဲ့ ဆက်သွယ်နေတယ်လို့ သိရပါတယ်။ ဝါနာနဲ့ လိုက်ပ်ဇစ်အသင်းတို့ကြား ချုပ်ဆိုထားတဲ့ စာချုပ်ပါ အချက်အလက်တွေအရ လာမယ့်ဇွန်လ(၁)ရက်နေ့ကနေ (၁၅)ရက်နေ့အထိ ပေါင်(၅၂)သန်းတန် ဝါနာရဲ့စာချုပ်လျော်ကြေးက စတင်သက်ရောက်တော့မှာဖြစ်တာကြောင့် အဲ့ဒီကာလအတွင်းမှာပဲ ဝါနာကို အသင်းပေါင်းများစွာက ကမ်းလှမ်းမှုတွေကို ပြုလုပ်လာနိုင်သလို လိုက်ပ်ဇစ်ကတော့ အဲ့ဒီ(၂)ပတ်တာ ကာလမှာ ဝါနာကို ဆက်လက်ထိန်းသိမ်းထားပြီး စာချုပ်လျော်ကြေးကို (၂)ဆလောက် ထပ်မံတိုးမြှင့်ဖွယ်ရှိနေပါတယ်။",1.0,1.0,2.0,4.0,3.0,"The text is a sports news report about football transfers. It provides factual updates on player interest and contract clauses. It is written in natural, journalistic Burmese, though it lacks deep educational or complex reasoning value. It is clean, professional for a sports article, and uses appropriate local sports terminology."
<urn:uuid:723ea59d-ee55-4dcc-9c75-86aa2292d806>,"အင်ဂျင်နီယာဌာန၏သမိုင်းအကျဉ်း
ပြည်တွင်း ရေကြောင်း ပို့ဆောင်ရေး၊ အင်ဂျင်နီယာ ဌာနသည် ခရ သက္ကရာဇ် ၁၈၆၅ ခုနှစ်၊ “ဧရာဝတီ ဖလိုတီလာ ကုမ္ပဏီ” စတင် ပေါ်ပေါက် ချိန်မှစ၍ အင်ဂျင်နီယာဌာနအား စတင် ဖွဲ့စည်းခဲ့ကြောင်း သိရှိရပါသည်။ ယင်းအချိန် ထက်စော၍ ၁၈၅၂ ခုနှစ်ဆန်းတွင် အင်္ဂလိပ် အစိုးရသည် ဒလ သင်္ဘောကျင်းအား စတင် ဖွင့်လှစ်ခဲ့ပြီး နိုင်ငံခြားသား အင်ဂျင်နီယာများနှင့် မြန်မာ အမျိုးသားများ တွဲဖက်၍ အိန္ဒိယနိုင်ငံနှင့် အနောက်နိုင်ငံများမှ ကနဦး တည်ဆောက် ခဲ့သော ရေယာဉ် အစိတ်အပိုင်းများကို ဒလ သင်္ဘောကျင်းတွင် အပြီးသတ် ရွဲတပ်ဆင်ပြီး၊ မြန်မာနိုင်ငံ ဧရာဝတီ မြစ်ကြောင်း တလျှောက်တွင် ရေနွေးငွေ့စက် ဘွိုင်လာများကို တပ်ဆင်လျှက် ပဲ့ရဟတ်နှင့် ဘေးရဟတ် သစ်သား ယက်မပြားများ အသုံးပြုပြီး၊ မြန်မာနိုင်ငံ ရေကြောင်းများတွင် ပြေးဆွဲခဲ့ကြောင်း သိရှိရပါသည်။ ၁၈၆၈ ခုနှစ်တွင် “Colonel Phayre” အမည်ရှိ ရေယာဉ်ဖြင့် မန္တလေး/ဗန်းမော် ခရီးစဉ်ကို စတင် ပြေးဆွဲခဲ့ပြီး ၁၈၆၉ ခုနှစ်တွင် အလျား ၂၄၅ ပေရှိ Mandalay သင်္ဘောဖြင့် ရန်ကုန်-မန္တလေး ခရီးစဉ်ကို အင်္ဂလိပ် အစိုးရမှ စတင် ပြေးဆွဲချိန် ကစပြီး အင်ဂျင်နီယာ ဌာနသည် ပေါ်ပေါက်ခဲ့ကြောင်း သိရှိရပါသည်။ အင်ဂျင်နီယာဌာန လက်အောက်တွင် အောက်ပါ ဌာနခွဲများ ရှိပါသည်။
|
|
စဉ်
|
|
သင်္ဘောကျင်းအမည်
|
|
လွန်းလမ်း အရေအတွက်
|
|
တစ်ကြိမ် တင်နိုင်သည့်
ရေယာဉ်စီးရေ
|
|
အများဆုံး
ကျင်းတင်နိုင်သည့်
တန်ချိန်
|
|
၁။
|ဒလသင်္ဘောကျင်း||
|
၁၄
|
|
၃၄ စီး
|
|
၁၄၀၀ တန်
|
|
၂။
|ဒဂုံဆိပ်ကမ်းသင်္ဘောကျင်း||
|
၁၄
|
|
၃၁ စီး
|
|
၅၀၀ တန်
|
|
၃။
|မန္တလေးသင်္ဘောကျင်း||
|
၁
|
|
၅ စီး
|
|
၃၀၀ တန်
|
|
၄။
|သံလွင်သင်္ဘောကျင်း||
|
၂
|
|
၂ စီး
|
|
၃၀၀ တန်
|
|
၅။
|စစ်တွေသင်္ဘောကျင်း||
|
၁
|
|
၅ စီး
|
|
၂၅၀ တန်
|
|
၆။
|ချင်းတွင်းသင်္ဘောကျင်း||
|
၁
|
|
၃ စီး
|
|
၂၅၀ တန်
|ပေါင်း||
|
၃၃
|
|
၈၀ စီး",3.0,1.0,3.0,3.0,4.0,"The text provides a historical overview of the Inland Water Transport engineering department in Myanmar. It is informative and educational, though it lacks deep analytical reasoning. The content is professional, written in natural Burmese, and includes specific local historical and geographical context, though the table formatting is slightly fragmented."
<urn:uuid:be14ba21-6d55-48c1-84c4-61badff59d84>,"သင်သည်အီလက်ထရောနစ်ပစ္စည်းကိရိယာများတွင်ပြaနာတစ်ခုနှင့်ကြုံတွေ့ရသောအခါများသောအားဖြင့်၎င်းပြtroublနာကိုဖြေရှင်းရန်ထုတ်လုပ်သူကအကြံပြုသည်။ Android စမတ်ဖုန်းများနှင့်ပတ်သက်လျှင်၊ ထရပ်ကားအပလီကေးရှင်းများကိုဒေါင်းလုတ်လုပ်သည့်တခါတရံတတိယပါတီရင်းမြစ်များမှပင်လျှင်အမှားတစ်ခုကိုဖြေရှင်းရန်အကောင်းဆုံးနည်းလမ်းမှာလုံခြုံစိတ်ချရသောစနစ်သို့သွားခြင်းဖြစ်သည်။
Safe mode သည်သင်၏ Android စမတ်ဖုန်းကိုစက်ရုံပုံစံ setting သို့ boot လုပ်သည်။ ဆိုလိုသည်မှာသင်၏စမတ်ဖုန်းပေါ်ရှိအက်ပလီကေးရှင်းများကိုသာပုံမှန်မြင်ရလိမ့်မည်။ သင်ဒေါင်းလုပ်လုပ်ထားသောတတိယပါတီအက်ပ်များကိုဤ mode တွင်မြင်ရလိမ့်မည်မဟုတ်ပါ။ သင်၏စမတ်ဖုန်းစွမ်းဆောင်ရည်သည် Safe mode တွင်သိသိသာသာတိုးတက်လာသည်ကိုသင်တွေ့ရှိပါကသင် download လုပ်ထားသော third-party apps များသည်စိုးရိမ်စရာအကြောင်းရင်းအမှန်ဖြစ်ကြောင်းသင်စိတ်ချနိုင်သည်။ သို့ဖြစ်လျှင်သင်သည်စမတ်ဖုန်းကိုပုံမှန်အနေအထားဖြင့်စတင်ဖွင့်ပြီး၊ ဤတတိယပါတီအက်ပ်များကိုဖယ်ထုတ်နိုင်သည်။
ဒီသင်ခန်းစာမှာ Android မှာ Safe mode ကိုဘယ်လို boot တက်ရမယ်ဆိုတာပြမယ်။
အဆင့် 1။ သင်၏ Android စမတ်ဖုန်းပေါ်ရှိ Power ခလုတ်ကိုကြာမြင့်စွာနှိပ်ပါ။ ယခုတွင်သင်သည် Shut Down menu ကိုတွေ့လိမ့်မည်။
အဆင့် 2။ ဤမီနူးတွင်၊အပြီးပိတ်လိုက်သည်'or'ပိတ်ပါ'' option ကို။
အဆင့် 3။ ယခုတွင်သင်သည် 'သို့သွားရန်သတိပေးခံရလိမ့်မည်။safe Mode ကို'' ။
အဆင့် 4။ သတိပေးချက်ကိုလက်ခံပြီးသင်၏ Android စမတ်ဖုန်းသည် Safe mode သို့ ၀ င်ရောက်လိမ့်မည်။
သင်၏ Android စမတ်ဖုန်းတွင်သင်၏ပြeshနာဖြေရှင်းမှုလှုပ်ရှားမှုကိုယခုစတင်နိုင်သည်။ ပြီးပြီဆိုလျှင်သင်၏ကိရိယာကိုပိတ်ပြီးဖွင့်လိုက်ရုံသာဖြစ်သည်။ အခုဆိုရင်သင်၏ Android စမတ်ဖုန်းသည်ပြmodeနာရှိသည့်အက်ပ်များကိုသင်ဖယ်ထုတ်နိုင်သည့် Normal mode သို့စတင်လိမ့်မည်။",4.0,2.0,2.0,4.0,1.0,"The text provides a clear, step-by-step technical tutorial on using Android Safe Mode. It is educational and coherent. However, the language shows signs of machine translation (e.g., awkward phrasing like 'ထရပ်ကားအပလီကေးရှင်း'), which limits its cultural authenticity and natural flow, despite being technically accurate."
<urn:uuid:aac4ad0d-0a27-4d94-b616-5588e504efea>,"Radio Veritas Asia Buick St., Fairview Park, Queszon City, Metro Manila. 1106 Philippines | + 632 9390011-15 | +6329390011-15
ပါကစၥတန္ ႏုိင္ငံတြင္ ႏွစ္ေပါင္း ၆၅ ႏွစ္တာ ဘာသာေပါင္းစုံမွ ကေလးသူငယ္မ်ားကုိ ပညာသင္ၾကားေပးခဲ့ေသာ ကက္သလစ္သီလ႐ွင္ တစ္ပါးအား ဆုခ်ီးျမႇင့္ျခင္း
ပါကစၥတန္ ႏုိင္ငံတြင္ ႏွစ္ေပါင္း ၆၅ ႏွစ္တာ ဘာသာေပါင္းစုံမွ ကေလးသူငယ္မ်ားကုိ ပညာသင္ၾကားေပးခဲ့ေသာ ကက္သလစ္သီလ႐ွင္ တစ္ပါးအား ဆုခ်ီးျမႇင့္ျခင္း
ဇူလုိင္လ ၂၅၊ ၂၀၁၉
UK ႏုိင္ငံ လန္ဒန္ၿမိဳ႕ တြစ္ကင္ဟမ္ ႐ွိ႔ စိန္႔ေမရီ ကက္သလစ္ တကၠသိုလ္မွ ပါကစၥတန္ ႏုိင္ငံတြင္ ႏွစ္ေပါင္း ၆၅ ႏွစ္တာ မြတ္စလင္၊ ခရစ္ယာန္၊ ပါစီ ႏွင့္ ဟိနၵဳ ဘာသာဝင္ ကေလးသူငယ္မ်ားကုိ ပညာသင္ၾကားေပးခဲ့ေသာ ကက္သလစ္သီလ႐ွင္ အုိင္းရစ္႐ွ ႏုိင္ငံသူ စစၥတာ ဘာခ်မင္စ္ (Berchmans) အား Westminster ဂုိဏ္းခ်ဳပ္ဆရာေတာ္ ရဟန္းမင္းအမတ္ကာဒီနယ္ ဗင္းဆင္း နီကုိးစ္ မွ ရဟန္းမင္းႀကီး ဘက္နဒက္ ၁၆ ကုိဂုဏ္ျပဳထားေသာတံဆိပ္ပါ ဆုတံဆိပ္ကုိ ထူးျခားေျပာင္ေျမာက္ေသာ သာသနာျပဳအျဖစ္ ဂုဏ္ျပဳေသာအားျဖင့္ ၿပီးခဲ့ေသာ ရက္သတၱပတ္က ေပးအပ္ခ်ီးျမႇင့္ခဲ့ပါသည္။
စစၥတာ အားဆုခ်ီးျမႇင့္ျခင္း အခမ္းအနားတြင္ ရဟန္းမင္းအမတ္ကာဒီနယ္ ဗင္းဆင္း နီကုိးစ္ မွ သူမ၏ တပါးသူအေပၚမွာ လက္ခံႏုိင္မူ႔စြမ္းအား၊ ေလးစားမူ႔႐ွိျခင္းတုိ႔သည္ အနာဂတ္ ဆရာဆရာမမ်ား ႏွင့္ေက်ာင္းသူေက်ာင္းသားမ်ားအတြက္ စံနမူနာေကာင္းမ်ားျဖစ္ေၾကာင္း မ်ဳိးဆက္သစ္မ်ားကုိ ဆက္လက္အလင္းေပးေနမည္ျဖစ္ေၾကာင္းေျပားၾကားခဲ့ပါသည္။
အုိင္ယာလန္ႏုိင္ငံ သမၼတ Michael Higgins မွလည္း သူမ၏ ေပးဆပ္အနစ္နာခံမူ႔အေပၚ ဂုဏ္ျပဳေပးခဲ့ပါသည္။ ပါကစၥတန္ ႏုိင္ငံ မွ UK ႏုိင္ငံ သံအမတ္ျဖစ္သူ Muhammad Nafees Zakaria မွလည္း စစၥတာအား လူသားတုိ႔အတြက္ လမ္းျပမီးအိမ္အျဖစ္ဂုဏ္ျပဳခဲ့ပါသည္။ စစၥတာသည္ ပါကစၥတန္ ႏုိင္ငံမွ ေပးအပ္ေသာ အျမင့္ဆုံး ဆု -Sitara-i-Quaid-i- Azam- ဆုကုိလည္း ရ႐ွိထားသူျဖစ္ပါသည္။
စစၥတာ ဂြၽန္ ဘာခ်မင္စ္ ကြန္ေဝး (John Berchmans Conway) ကုိ ၁၉၃၀ ခုႏွစ္က အုိင္ယာလန္ ႏုိင္ငံ County Clare တြင္ေမြးဖြားခဲ့ၿပီး၊ ၁၉၅၁ ခုႏွစ္တြင္ Willesden ႐ွိ ေယဇူး ႏွင့္ မယ္ေတာ္ မာရီယား အသင္းဂုိဏ္သုိ႔ ဝင္ေရာက္ခဲ့ပါသည္။ ယခုအခ်ိန္တြင္ စစၥတာ သည္ အသက္ ၈၉ ႏွစ္႐ွိၿပီျဖစ္ၿပီး သူမ သင္ၾကားေပးခဲ့ေသာ ေက်ာင္းသူေက်ာင္းသာမ်ားထည္းတြင္ ပါကစၥတန္ႏုိင္ငံ ဝန္ႀကီးခ်ဳပ္ေဟာင္း Benazir Bhutto ႏွင့္ ႏုိလ္ဘယ္ဆု႐ွင္ Nergis Mavalvala တုိ႔ပါဝင္ေၾကာင္း ေဖာ္ျပထားပါသည္။
By Kyi Maung
Photo credit to Vatican News",3.0,2.0,2.0,3.0,2.0,"The text is a news report about a nun receiving an award for her educational service. It provides factual information about her life and contributions. It is written in standard Burmese, though it contains some boilerplate header information and repetitive headlines. It lacks deep analytical reasoning but is coherent and informative."
<urn:uuid:f2b5fd88-e0e5-470b-a4e5-a9f8801a1859>,"က်ဆင္းေနေသာ ရခုိင္ျပည္နယ္၏ လယ္ယာဖြံ႔ၿဖိဳးေရးအတြက္ ယခုႏွစ္စိုက္ပ်ဳိးရာသီ၌ သိပၸံနည္းက် နည္းစနစ္မ်ားျဖင့္ ဧက (၄)သိန္းေက်ာ္ စုိက္ပ်ဳိးမည္ဟု သိရသည္။
ရခုိင္ျပည္နယ္(၁၇)ၿမိဳ႕နယ္တြင္ သိပၸံနည္းက် GAP စနစ္ျဖင့္ ဧက ၄သိန္း၄ေသာင္း စုိက္ပ်ဳိးသြားမည္ဟု ရခုိင္ျပည္နယ္ လယ္ယာစုိက္ပ်ဳိးေရးဦးစီးဌာနျပည္နယ္မွဴး ဦးခင္ေမာင္ဝင္းက ေျပာသည္။
ရခုိင္ျပည္နယ္အတြင္း လယ္ယာစုိက္ပ်ဳိးေရးလုပ္ငန္းကုိ မိရုိးဖလာအတုိင္း စုိက္ပ်ဳိးလာခဲ့ၾကရာ သီးႏွံထြက္ရွိမႈ နည္းလာသည့္အတြက္ လြန္ခဲ့သည့္ႏွစ္ကစၿပီး သိပၸံနည္းက်ျဖင့္ စမ္းသပ္စုိက္ပ်ဴိးလာျခင္းျဖစ္သည္ဟု ျပည္နယ္မွဴး ဦးခင္ေမာင္ဝင္းဆုိသည္။
“GAPစနစ္ဆုိတာ အစတုန္း ပုိၿပီးေတာ့ အေကာင္အထည္ေပၚေအာင္ ဆက္လုပ္လာတယ္၊ GAPစနစ္ကုိ တြန္းအားေပးၿပီးေတာ့ ပညာေပးၿပီးေတာ့ တုိးခ်ဲ႕ ေဆာင္ရြက္လာတယ္၊ ၂၀၁၃ ခုမွာ ရခုိင္ျပည္နယ္မွာလည္း ဧက ေလးသိန္း ေလာက္ကုိလုပ္မယ္ဆုိၿပီး ေဆာင္ရြက္ေနတယ္’’ ဟု ဦးခင္ေမာင္ဝင္းက ရွင္းျပသည္။
ထုိ႔အျပင္ မ်ဳိးစပါးအတြက္ ပုလဲသြယ္ႏွင့္ ဆန္းသြယ္စသည့္ စပ္မ်ဳိးစပါးမ်ားကုိလည္း ရခုိင္ျပည္နယ္အတြင္း၌ စမ္းသပ္ စုိက္ပ်ဳိးမႈမ်ားလည္း ရွိေနသည္။
ရခုိင္ျပည္နယ္သည္ လယ္ယာစုိက္ပ်ဳိးေရးကုိ အေျခခံေသာ ျပည္နယ္တစ္ခုျဖစ္ေသာ္လည္း လြန္ခဲ့သည့္ဆယ္စုႏွစ္ထက္ လယ္ယာထြက္ကုန္မွာ က်ဆင္းလာသည့္ဟု ေဒသခံလယ္သမားမ်ားထံမွသိရသည္။
“ စပါးအထြက္ႏွဳန္းက ေဒသ အလုိက္ပါ၊ က်ေနာ္တုိ႔ဘက္ေတြမွာေတာ့ စပါးထြက္ႏွဳန္း က်လာတာမ်ားတယ္၊ ဥပမာ ဆုိပါစုိ႔ ဒီႏွစ္ စပါးဧက ဘယ္ေလာက္ ထြက္မယ္ဆုိတာ ေျပာရခက္တယ္၊ မ်ဳိးအထြက္ႏွဳန္း က်တာပါ’’ဟု မင္းျပားၿမိဳ႕နယ္မွ ေဒသခံလယ္သမားတစ္ဦးက ေျပာသည္။
ရခုိင္ျပည္နယ္ရွိလယ္သမားတုိ႔မွာ သိပၸံနည္းက် နားမလည္သည့္ အတြက္ ႀကဲ၍ စုိက္ပ်ဳိးသည့္စနစ္ကုိသာ အသုံးျပဳမႈမ်ား ေၾကာင္းကိုလည္း သိရသည္။
“ကြ်န္ေတာ္တုိ႔ဘက္မွာ ဘယ္က သိပၸံနည္းက်ရွိမလဲ ဒီအတုိင္းဘဲ စပါးႀကဲလုိက္တာ၊ အေလ အလြင့္ ေတြကလည္း ရွိတာေပါ့၊ ထြန္စက္ေတာ႔ မရွိဘူး ခုိင္းကၽြဲနဲ႔ဘဲ အသုံးျပဳေနရတယ္၊ စက္ထြန္စက္ဆုိေတာ့ ပုိေကာင္းမွာေပါ့”ဟု အဆုိပါ လယ္သမားက ဆက္ေျပာသည္။
ရခုိင္ျပည္နယ္အတြင္းရွိ စုိက္ပ်ဳိးေရးက႑အတြက္ လက္မႈလယ္ယာမွ စက္မႈလယ္ယာသုိ႔ ကူးေျပာင္းမွ ရခုိင္ျပည္နယ္၏ လယ္ယာက႑မွာ ပုိေအာင္ျမင္မည္ဟု လယ္သမား အမ်ားစုဆုိသည္။
သိပၸံနည္းက်စုိက္ပ်ဳိးေရးစနစ္ကုိ အားေပးေသာ္လည္း လက္ေတြ႕ခက္ခဲေနသည့္ လယ္သမားတုိ႔၏ အခက္အခဲမ်ားကုိ ေျဖရွင္ ေပးရန္လုိအပ္သည္ဟု ေက်ာက္ေတာ္ၿမိဳ႕နယ္မွ လယ္သမားတုိ႔က ဆုိသည္။
“အဓိကေတာ့ ထြန္စက္ျပႆနာဘဲ၊ ကြ်န္ေတာ္တုိ႔မွာ ခုိင္းႏြားေတြ ကၽြဲေတြက ရွားပါးလားတယ္၊ ၿပီးေတာ့ စားက်က္ေျမေတြ ရွားလာတယ္၊ လယ္ယာလုပ္သားေတြ ရွားလာတယ္ဆုိေတာ့ သိပၸံနည္းက် စိုက္တာက ပုိေကာင္းပါတယ္၊ အားေပးပါတယ္၊ တစ္ခုေျပာခ်င္တာက လက္မႈလယ္ယာကုိ စက္မႈလယ္ယာသုိ႔ေျပာင္းမယ္ဆုိရင္ လယ္သမားေတြအတြက္ ထြန္စက္ တုိ႔ေတာ့ လုိအပ္ပါတယ္’’ဟု ေက်ာက္ေတာ္ၿမိဳ႕မွ လယ္သမားတစ္ဦးက ေျပာဆုိသည္။
ျပည္နယ္တစ္ခုလုံး၏ စုိက္ပ်ဳိးႏုိင္သည့္ ေျမဧရိယာရာႏႈန္း၏ (၁၃.၈၃)ဧကသာရွိၿပီး တစ္ႏွစ္လွ်င္ တစ္ႀကိမ္သာ စုိက္ပ်ဳိးႏိုင္သည္႔ ေဒသတစ္ခုလည္းျဖစ္သည္။",3.0,2.0,2.0,5.0,5.0,"The text provides a clear, informative report on agricultural development in Rakhine State, suitable for general education. It includes basic reasoning regarding the transition from traditional to scientific farming. It is clean, well-structured, and uses authentic Burmese terminology and local context, reflecting the specific challenges faced by farmers in that region."
<urn:uuid:b72602c2-be3f-46f5-893b-74da9f8e678d>,"အတူေနတဲ့အသံဖိုင္ကို ေဝဠုေက်ာ္နဲ႕အတူနားေထာင္မွ အဆင္ေျပမွာပါဆိုတဲ့ သင္းသင္း
ကာမလိမ္လည္မႈျဖင့္တရားစြဲဆိုခံထားရတဲ့သ႐ုပ္ေဆာင္ေဝဠုေက်ာ္နဲ႕တရားလို သင္းသင္းတို႔ ႐ုံးခ်ိန္းမွာေတာ့သင္းသင္းဟာ အတူဆက္ဆံခ်ိန္မွာ သက္ေသခံအျဖစ္သြင္းခဲ့တဲ့အသံဖိုင္ကို ႐ုံးေတာ္သို႔ တင္ျပခဲ့ပါတယ္။အသံဖိုင္ေၾကာင့္ အဆိုပါအမႈအေပၚ လူစိတ္ဝင္စားမႈပိုမိုျမင့္တက္ခဲ့တာပဲျဖစ္ပါတယ္။
သင္းသင္းဟာ ေဝဠုေက်ာ္နဲ႕ ၇ လ ၈ လေက်ာ္ၾကာ လင္မယားလိုေပါင္းသင္းခဲ့တာေၾကာင့္ ေဝဠုေက်ာ္အေၾကာင္းကို သူမေလာက္သိနိုင္တဲ့လူမရွိပါဖူးလို႔လဲ သင္းသင္းက မီဒီယာတစ္ခုနဲ႕အင္တာဗ်ဴးမွာေျပာခဲ့ဖူးတာလဲျဖစ္ပါတယ္။မေန႕က ႐ုံးခ်ိန္းမွာေတာ့ တရားလိုရဲ႕ေရွ႕ေန႕ပ အသံဖိုင္နားေထာင္မယ္လို႔ေတာင္းဆိုခဲ့ပါေတေယ္” လို႔မီဒီယာတစ္ခုနဲ႕ အင္တာဗ်ဴးမွာ ေျပာျပလာတာျဖစ္ပါတယ္။
“ေဝဠုေက်ာ္ရဲ႕ေရွ႕ေနက သူအာမခံၿပီးေတာ့ အသံဖိုင္ကို နားေထာင္မယ္ လို႔ေတာင္းဆိုခဲ့ေပမဲ့ ကန႔္ကြက္ခဲ့ပါတယ္။ ဘာျဖစ္လို႔လဲဆိုေတာ့ ဒီအသံဖိုင္ကို တရားခံနဲ႕တရားလိုႏွစ္ေယာက္အတူနားေထာင္မွပဲအဆင္ေျပမွာပါ။ တခ်ိဳ႕ ျပႆ နာေတြျဖစ္လာနိုင္တဲ့အတြက္ ကန႔္ကြက္တာပါ”လို႔ မေန႕႐ုံးခ်ိန္းမွာ ေျပာလိုက္ခဲ့ပါတယ္။သင္းသင္းရဲ႕ ဗီဒီယိုဖိုင္ေလးကိုေဖာ္ျပေပးလိုက္ပါတယ္ေနာ္…
ဗီဒီယိုၾကည့္ရန္
unicode version
အတူနေတဲ့အသံဖိုင်ကို ဝေဠုကျော်နဲ့အတူနားထောင်မှ အဆင်ပြေမှာပါဆိုတဲ့ သင်းသင်း
ကာမလိမ်လည်မှုဖြင့်တရားစွဲဆိုခံထားရတဲ့သရုပ်ဆောင်ဝေဠုကျော်နဲ့တရားလို သင်းသင်းတို့ ရုံးချိန်းမှာတော့သင်းသင်းဟာ အတူဆက်ဆံချိန်မှာ သက်သေခံအဖြစ်သွင်းခဲ့တဲ့အသံဖိုင်ကို ရုံးတော်သို့ တင်ပြခဲ့ပါတယ်။အသံဖိုင်ကြောင့် အဆိုပါအမှုအပေါ် လူစိတ်ဝင်စားမှုပိုမိုမြင့်တက်ခဲ့တာပဲဖြစ်ပါတယ်။
သင်းသင်းဟာ ဝေဠုကျော်နဲ့ ၇ လ ၈ လကျော်ကြာ လင်မယားလိုပေါင်းသင်းခဲ့တာကြောင့် ဝေဠုကျော်အကြောင်းကို သူမလောက်သိနိုင်တဲ့လူမရှိပါဖူးလို့လဲ သင်းသင်းက မီဒီယာတစ်ခုနဲ့အင်တာဗျူးမှာပြောခဲ့ဖူးတာလဲဖြစ်ပါတယ်။မနေ့က ရုံးချိန်းမှာတော့ တရားလိုရဲ့ရှေ့နေ့ပ အသံဖိုင်နားထောင်မယ်လို့တောင်းဆိုခဲ့ပါတေယေ်” လို့မီဒီယာတစ်ခုနဲ့ အင်တာဗျူးမှာ ပြောပြလာတာဖြစ်ပါတယ်။
“ဝေဠုကျော်ရဲ့ရှေ့နေက သူအာမခံပြီးတော့ အသံဖိုင်ကို နားထောင်မယ် လို့တောင်းဆိုခဲ့ပေမဲ့ ကန့်ကွက်ခဲ့ပါတယ်။ ဘာဖြစ်လို့လဲဆိုတော့ ဒီအသံဖိုင်ကို တရားခံနဲ့တရားလိုနှစ်ယောက်အတူနားထောင်မှပဲအဆင်ပြေမှာပါ။ တချို့ ပြဿ နာတွေဖြစ်လာနိုင်တဲ့အတွက် ကန့်ကွက်တာပါ”လို့ မနေ့ရုံးချိန်းမှာ ပြောလိုက်ခဲ့ပါတယ်။သင်းသင်းရဲ့ ဗီဒီယိုဖိုင်လေးကိုဖော်ပြပေးလိုက်ပါတယ်နော်…",1.0,1.0,1.0,2.0,3.0,"The text is a celebrity gossip/news snippet about a legal case. It lacks educational or complex reasoning value. It is written in natural Burmese, reflecting local celebrity culture and legal reporting, but contains redundant content (Zawgyi and Unicode versions) and a 'clickbait' style call-to-action for a video link."
<urn:uuid:efca2244-cb35-47cc-86dd-a92c7637be00>,"တစ္ခါတေလမွာ ေမွ်ာ္လင့္ မထားတဲ့အရာေတြ ျဖစ္လာတဲ့အခါမွာ အလြန္ပဲ ၀မ္းနည္းေၾကကြဲရပါတယ္..
လူေတြရဲ႕အထင္ေသးျခင္း၊ ေလွာင္ေျပာင္ျခင္း၊ သေရာ္ျခင္းကို ခံစားရတဲ့ အခါမွာ တကယ္ပဲ ေဆာက္တည္မရ ခံစားရတတ္ပါတယ္..
လူေတြက ဘာေၾကာင့္မ်ား ကိုယ့္ထမင္းကိုယ္စားၿပီး သူမ်ားကိုေျပာခ်င္ေနရတာလဲ..
ဒါ သဘာ၀ပဲလား..လူေတြနဲ႔ အေ၀းဆံုးေနရာကို ထြက္ေျပးသြားခ်င္မိတယ္..
ဘာေၾကာင့္မ်ား အဲဒီေလာက္ စိတ္ဓာတ္က်ေနရတာလဲ….ေဆာက္တည္ရာမရ ျဖစ္ေနရတာလဲ..
အားနည္းေနသူကို ထုေထာင္းခ်င္ၾကတာ လူေတြရဲ႕ အက်င့္ပဲလား….
အဲဒီလူေတြကေတြကေကာ အားလံုးျပည့္စံုေနၾကလား..
ဘာေၾကာင့္မ်ား…ဘာေၾကာင့္မ်ား……….ဘာေၾကာင့္မ်ား….
ဘာအတြက္ေၾကာင့္မ်ား…..
စိတ္ညစ္စရာမ်ားကိုေျဖေဖ်ာက္ ခံစားရင္…
လမင္းငယ္",1.0,1.0,1.0,4.0,3.0,"The text is a personal, emotional reflection on social judgment and depression. It lacks structured educational or logical content. It is written in natural, authentic Burmese, reflecting common sentiments and linguistic patterns, but it is essentially a short, informal piece of creative writing rather than a formal document."
<urn:uuid:f11a1702-fa5e-44dc-ba5c-b271cc914479>,"အမေရိကန်ပြည်ထောင်စု၊ ဂျပန်၊ အိန္ဒိယနဲ့ သြစတြေးလျက ခေါင်းဆောင်တွေဟာ စက်တင်ဘာ ၂၄ ရက်နေ့မှာ ထိပ်သီးအစည်းအဝေးခေါ်ယူပြီး ကိုဗစ်ကာကွယ်ဆေး၊ အခြေခံအဆောက်အအုံနဲ့ နည်းပညာကိစ္စတွေမှာ ပူးပေါင်းဆောင်ရွက်ကြဖို့ ကတိပြုလိုက်ကြပါတယ်။
သြစတြေးလျဝန်ကြီးချုပ် စကော့မောရစ်ဆင်က ကုန်သွယ်ရေးတံခါးဖွင့်ထားမယ့် အင်ဒို ပစိတ်ဖိတ်ဒေသ ဖြစ်ပေါ်ရေး အရေးကြီးတဲ့အကြောင်း အလေးပေးပြောခဲ့ပြီး အိန္ဒိယ ဝန်ကြီးချုပ် နရိန်ဒရာမိုဒီက ဒေသတွင်း ငြိမ်းချမ်းရေးအတွက် အလေးပေးပြောကြားခဲ့ပါတယ်။
မောရစ်ဆင်က ဒေသတွင်းမှာ တရုတ်ရဲ့ သြဇာကြီးထွားလာတာနဲ့ ပတ်သက်လာလို့ ဆွေးနွေးရာမှာတော့ အကြပ်ကိုင်မှုတွေမရှိဖို့ လိုတယ်လို့ ပြောသွားပါတယ်။
Quad လို့ အတိုကောက်ခေါ်တဲ့ ဒီအဖွဲ့ဟာ အာရှဒေသမှာ ကိုဗစ်ကာကွယ်ဆေး အလုံးပေါင်း ဘီလီယံနဲ့ချီ ထောက်ပံ့ဖို့ အစီအစဉ်ကိုလည်း ကြေညာဖို့ ရှိပါတယ်။
တရုတ်အစိုးရတော့ Quad အဖွဲ့ကြောင့် ဒေသတွင်းမှာ လက်နက်အင်အား ပြိုင်ဆိုင်မှုတွေ ပြင်းထန်လာလိမ့်မယ်လို့ သတိပေးနေပါတယ်။
အမျိုးသားညီညွတ်ရေးအစိုးရက တိုင်းပြည်ရဲ့ ကြားကာလ အစီအမံ အကောင်အထည်ဖော် ဆောင်ရွက်နေတာကို အပြည့်အဝထောက်ခံပြီး ပူးပေါင်းဆောင်ရွက်သွားမယ်လို့ ကရင်နီပြည်နယ်အတိုင်ပင်ခံကောင်စီ (KSCC) က ဧပြီ ၁၈ ရက်နေ့မှာ ထုတ်ပြန်ပါတယ်။
ကရင်နီအမျိုးသားများရဲ့ နိုင်ငံရေးရည်မှန်းချက်ဖြစ်တဲ့ အမျိုးသားတန်းတူရေး၊ တရားမျှတရေး၊ ဒီမိုကရေစီရေးနဲ့ ကိုယ်ပိုင်ပြဌာန်းခွင့် အပြည့်အဝရှိတဲ့ ဖက်ဒရယ်ပြည်ထောင်စုကို အခြားတိုင်းရင်းသားတွေနဲ့ ယှဉ်တွဲနေထိုင်သွားဖို့ ရည်ရွယ်တာကြောင့် ကြားကာလမှ စတင်ပြီး ကရင်နီပြည်အတိုင်ပင်ခံကောင်စီ (KSCC)ကို ကရင်နီပြည်မှာရှိတဲ့ ရွေးကောက်ခံ အမတ်တွေ၊ တိုင်းရင်းသားတော်လှန်ရေးအဖွဲ့အစည်းတွေ၊ နိုင်ငံရေးပါတီတွေ အပါအဝင် ဘက်အသီးသီးက အင်အားစုတွေနဲ့ ဧပြီ ၉ ရက်နေ့က ဖွဲ့စည်းခဲ့တာလည်း ဖြစ်ပါတယ်။
KSCC အနေနဲ့ ကရင်နီပြည်ရဲ့ နိုင်ငံရေးအခန်းကဏ္ဍကို ဦးဆောင်မှာဖြစ်ပြီး ကြားကာလ ကရင်နီပြည် အမျိုးသားညီညွတ်ရေးအစိုးရ ဖွဲ့စည်းတာတွေ၊ အုပ်ချုပ်ရေး၊ ဥပဒေပြုရေး၊ တရားစီရင်ရေး တွေကို လမ်းညွှန်ဆောင်ရွက်သွားမယ်လို့ဆိုပါတယ်။
ဒါ့ပြင် အနာဂတ် ဖက်ဒရယ်ပြည်ထောင်စုတည်ဆောက်ရေးအတွက် ကြိုးပမ်းဆောင်ရွက်သွားမယ်လို့ KSCC က ထုတ်ပြန်ထားပါတယ်။",2.0,1.0,2.0,5.0,4.0,"The text provides factual reporting on international relations and local political developments in Myanmar. It is written in natural, professional Burmese, reflecting accurate local political terminology and context. While it lacks deep analytical reasoning or complex educational structure, it is clean, coherent, and provides clear, factual information suitable for general news consumption."
<urn:uuid:a1a2b66f-5a12-450c-9a00-c45fd8681683>,"We use cookies on our website to give you the most relevant experience by remembering your preferences and repeat visits. By clicking “Accept”, you consent to the use of ALL the cookies. However you may visit Cookie Settings to provide a controlled consent.
ဝက်ဘ်ဆိုက်၏လုပ်ဆောင်မှုအတွက်အထူးမလိုအပ်သည့်၊ ခွဲခြမ်းစိတ်ဖြာမှု၊ ကြော်ငြာ၊ အခြား embedded ပါဝင်သည့်အကြောင်းအရာများမှတစ်ဆင့်အသုံးပြုသူ၏ကိုယ်ရေးကိုယ်တာအချက်အလက်များကိုစုဆောင်းရန်အထူးအသုံးပြုသော cookies များကိုမလိုအပ်သော cookies များဟုခေါ်သည်။ သင်၏ဝက်ဘ်ဆိုက်ပေါ်တွင်ဤ cookies များကိုမသုံးမီအသုံးပြုသူ၏ခွင့်ပြုချက်ကိုရယူရန်မဖြစ်မနေလိုအပ်သည်။",1.0,1.0,2.0,2.0,1.0,"The document is a standard cookie consent notice. It provides basic information about web privacy and cookies, which is educational in a functional sense. The language is natural Burmese, though the content is boilerplate and lacks depth, reasoning, or significant cultural nuance beyond standard legal translation."
<urn:uuid:409372f6-f40b-4642-ba95-a8144af69ce3>,"ကန္စြန္းရြက္သုတ္
က်မ တို႕အိမ္မွာ ကိုထက္က အသီးအရြက္မ်ားမ်ားစားတဲ႔ အေလ့ရွိသူ ျဖစ္ပါတယ္။ က်မကေတာ့ အသားမ်ားမ်ားစားတတ္သူေပါ့။ ဒီနည္းေလးကေတာ့ က်မရဲ႔ အမ အရင္းလို ခင္မင္ရတဲ႔ မမျငိမ္းက သူ သတ္သတ္လြတ္စားေနခ်ိန္မွာ ဘာေတြစားျဖစ္သလဲေျပာရင္ ေျပာျပသြားတဲ႔နည္းေလးပါ။ ကိုထက္က ေတာ့ အလြန္ၾကိဳက္ပါတယ္။ စားလို႕လဲ ေကာင္းတာကို။
ပါဝင္ပစၥည္းမ်ား
-ကန္စြန္းရြက္ ၁စည္း
-မက်ည္းသီးႏွစ္ ၁ဇြန္း
-ၾကက္သြန္ၿဖဴဆီခ်က္ ၃ဇြန္း (စားပြဲတင္)
-င႐ုတ္သီးအစိမ္းေတာင့္ ၁ေတာင့္
-ငရုတ္သီးျခမ္းကြဲ (ငရုတ္ဆီခ်က္ရန္)
-ေၿမပဲဆံေလွာ္ေထာင္း၁ဇြန္း (စားပြဲတင္)
-သံပုရာရည္ ၁ျခမ္းစာ
-ပဲငံၿပာရည္ ၂ဇြန္း(စားပြဲတင္)
-ဆား အနည္းငယ္
ငရုတ္ဆီခ်က္ အရင္ဆုံးခ်က္ပါမယ္။ ငရုတ္သီးျခမ္း ၅ဇြန္း လိုပါမယ္။ ဒယ္ေပၚမွာ ဆီ မ်ားမ်ားကို အပူေပးပါ။ ပူလာရင္ ငရုတ္သီးထဲ႔ ခနေမႊပါ။ ပဲငံျပာရည္ ၃ဇြန္း သၾကား ၁ဇြန္း ပါေရာေမႊျပီး ဆီခ်က္ထားပါ။ ဒီငရုတ္ဆီကို သတ္သတ္လြတ္ အသုတ္ေတြမွာ ထဲ႔ သုတ္ႏိုင္ပါတယ္။
ကန္စြန္းရြက္ကို ေရေဆးကာ အရြယ္ေတာ္ေလးမ်ားလွီးျဖတ္ေဆးေၾကာထားပါ။
င႐ုတ္သီးစိမ္းကို ပါးပါးညွပ္ပါ။ ေရကို ပြက္ပြက္ဆူေအာင္ တည္ပါ။ မက်ည္းသီးႏွစ္ ထဲ႔ပါ။ ေရဆူရင္ အရြက္မ်ားထဲ႔ျပီး တမိနစ္အၾကာ ဆယ္ျပီး ေရေအးေအးျဖင့္စိမ္ေပးပါ။ ( ဟင္းသီးဟင္းရြက္မ်ားျပဳတ္ရင္ ဆား(သို႕) ဗီနိကာ(သို႕) မက်ည္းရည္ ထဲ႕ျပဳတ္ပါ။ ျပီးရင္ ေရေအးေအး (ေရခဲေရဆိုပိုေကာင္းပါတယ္) ထဲမွာစိမ္ရင္ စိမ္းျပီး ကြၽတ္ေနပါတယ္ )
သုတ္လို႕ရပါျပီ ။ ကန္စြန္းရြက္ျပဳတ္ရယ္၊ ဆီခ်က္ရယ္၊ ငရုတ္သီးစိမ္းရယ္၊ ပဲငံျပာရည္ရယ္၊ ဆား လိုသေလာက္ခ်ိန္ထဲျပီး ေရာ မႊေပးပါ။ သံပရာရည္ညွစ္ပါ။ အရသာ အေပါ့အငန္ျမည္းျပီး ေျမပဲေလွာ္ေထာင္းရယ္၊ ငရုတ္သီးေၾကာ္ ၁ဇြန္း (စားပြဲတင္)အေပၚက ၿဖဴးပါ။ စားခါနီးမွ ေမႊကာ ခ်ဥ္ခ်ဥ္စပ္စပ္ ကန္စြန္းရြက္ျပဳတ္သုတ္ေလး ကို ထမင္းပူပူျဖင့္သုံးေဆာင္ပါ။
Advertisements",2.0,1.0,1.0,4.0,5.0,"The document is a clear, authentic Burmese recipe. It provides practical instructions for cooking, which has basic educational value for life skills. It is written in natural, colloquial Burmese with local culinary context. It is clean, though it includes a generic 'Advertisements' footer."
<urn:uuid:e2c2ef99-9496-4fe3-bfba-c77ad42dc2d3>,"ကမာၻတစ္ဝန္းမွ ၿမဳိ႕ႀကီးေတြမွာ ၂၀၁၆ ခုႏွစ္ ႏွစ္သစ္ကုိ ႀကဳိဆုိၾကဖုိ႕ ျပင္ဆင္ေနၾကၿပီ ျဖစ္ပါတယ္။ စံေတာ္ခ်ိန္ ကြာဟမႈေၾကာင့္ အခ်ဳိ႕ႏိုင္ငံမွ ၿမဳိ႕ႀကီးေတြကေတာ့ ၂၀၁၆ ႏွစ္သစ္ကုိ ေစာစီးစြာ ႀကဳိဆုိခဲ့ၾကၿပီ ျဖစ္ပါတယ္။
ၾသစေၾတးလ်ႏုိင္ငံမွာ ၂၀၁၆ ခုႏွစ္ ႏွစ္သစ္ကုိ ေရာက္႐ွိခဲ့ၿပီ ျဖစ္ပါတယ္။ စံေတာ္ခ်ိန္ ကြာဟမႈေၾကာင့္ ၾသစေၾတးလ်က ၂၀၁၆ ခုႏွစ္ အျခား ႏုိင္ငံေတြထက္ ေစာစီးစြာ ေရာက္႐ွိခဲ့ပါတယ္။
ဆစ္ဒနီၿမဳိ႕မွာ ၂၀၁၆ ႏွစ္သစ္ကုိ ႀကဳိဆိုတဲ့ အထိမ္းအမွတ္ မီး႐ွဴးမီးပန္မ်ား ပစ္လႊတ္ခဲ့တဲ့ ျမင္ကြင္းအခ်ဳိ႕ကုိ တင္ဆက္ထားပါတယ္။ ၾသစေၾတးလ်ထက္ ေစာၿပီး ၂၀၁၆ ႏွစ္သစ္ကုိ ႀကဳိဆုိခဲ့တာကေတာ့ နယူးဇီလန္ႏုိင္ငံ အုတ္ကလန္းၿမဳိ႕ ျဖစ္ပါတယ္။",2.0,1.0,1.0,5.0,2.0,"The text provides basic information about New Year celebrations across time zones. It is written in natural Burmese, though the content is simple and lacks deep analysis. It is clean, well-formatted, and uses appropriate local phrasing, though it remains a generic news snippet rather than a culturally rich artifact."
<urn:uuid:6b07089a-dbd6-4365-b325-4c022ef9d2ff>,"ချင်းပြည်နယ်တောင်ပိုင်း မင်းတပ်မြို့မှ မတူပီမြို့သို့ ထွက်ခွါသည့် တင့်ကား ၂ စီးပါ စစ်ကောင်စီယာဉ်တန်းနှင့် CDF-Mindat တပ်ဖွဲ့တို့ မတ်လ ၂၆ ရက်နေ့ကစ၍ နှစ်ဖက်ထိတွေ့မှု စတင်ဖြစ်ပွားနေပြီး စစ်ကောင်စီဘက်က အကျအဆုံးရှိ ခဲ့သည်ဟု သိရသည်။
စစ်ကောင်စီတပ်နှင့် CDF-Mindat တပ်ဖွဲ့တို့သည် မင်းတပ်မြို့နယ် မင်းတပ်-မတူပီလမ်း မိုင်တိုင်အမှတ် ၁၆ တွင် မတ်လ ၂၆ ရက်နေ့က တိုက်ပွဲ ဖြစ်ပွားခဲ့ပြီး စစ်ကောင်စီဘက်က ၅ ဦးခန့်သေဆုံးခဲ့သည်ဟု CDF-Mindat ကထုတ်ပြန်သည်။
ယခုလက်ရှိတွင် မင်းတပ်-မတူပီလမ်းကြောင်းတစ်လျှောက်ရှိ ဖုန်းလိုင်းများကို စစ်ကောင်စီတပ်ဖွဲ့က ဖြတ်တောက်ထားပြီး တိ်ုက်ပွဲဖြစ်ပွားမှုအသေးစိတ်ကိုမူမသိရသေးကြောင်း CDF- Mindat မှ ပြောရေး ဆိုခွင့်ရှိသူ တစ်ဦးက ပြောသည်။
“ အနောက်ဖက်တကျောကို ဖုန်းလိုင်းတွေဆက်သွယ်မှုအကုန်ဖျက်ခံထားရတယ်။ ရှေ့တန်းဝင်နေတဲ့ရဲဘော် တွေနဲ့တောင် ဆက်သွယ်လို့မရဘူး။ လုံးဝအဆက်အသွယ်က ဖြတ်ပစ်လိုက်တာ။ တိုက်ပွဲက သူတို့က တောက်လျှောက်ပဲ လက်နက်ကြီး တွေနဲ့ပစ် ဖြည်းဖြည်းချင်းနဲ့ ရွေ့လာတဲ့ သဘောရှိတယ်” ဟု CDF- Mindat မှ ပြောရေး ဆိုခွင့်ရှိသူ တစ်ဦးက ပြောသည်။
မကွေးတိုင်း၊ ကျောက်ထုဘက်မှ မင်းတပ်မြို့သို့ရောက်ရှိလာသည့် တင့်ကားနှစ်စီးနှင့် ကားအစီး ၈၀ ကျော်ပါသော စစ်ကောင်စီယာဉ်တန်းသည် မင်းတပ်မြို့မှ မတူပီမြို့သို့ မတ်လ ၂၅ ရက်နေ့က ဆက်လက်ထွက်ခွါကာ CDF-Mindat တပ်ဖွဲ့နှင့် တိုက်ပွဲဖြစ်ပွားနေခြင်းဖြစ်သည်။
စစ်ကောင်စီယာဉ်တန်းသည် မတ်လ ၂၇ ရက်နေ့က မင်းတပ်မြို့နယ် မင်းတပ်-မတူပီလမ်း မိုင်တိုင်အမှတ် ၂၃- ၂၄ တွင် ညအိပ်ကာ ယနေ့နံနက်ပိုင်းတွင် ဆက်လက်ထွက်ခွါလာပြီး နှစ်ဖက်ထိတွေ့မှုများတောက်လျှောက်ဖြစ်လာနိုင်သည်ဟု သိရသည်။
မင်းတပ်မြို့နှင့် မတူပီမြို့သည် ၁၀၂ မိုင် ခန့်ကွာဝေးပြီး စစ်ကောင်စီယာဉ်တန်းသည် ယနေ့ညတွင် မင်းတပ်မြို့နယ်အတွင်း မိုင်တိုင် ၃၀၊ ၃၁ တွင် ညအိပ်ကြမည်ဟု ခန့်မှန်းရပြီး မတူပီမြို့သို့ ဝင်ရောက်ရန် အနည်းဆုံး ရက်သတ္တပတ်နှင့် ဆယ်ရက်ခ န့် ကြာမြင့်နိုင်ကြောင်း CDF- Mindat ပြောရေးဆိုခွင့်ရှိသူကပြောသည်။",1.0,2.0,2.0,5.0,4.0,"The text is a factual news report about a conflict in Chin State. It provides basic information about local events and geography. It is written in natural, professional Burmese, using correct local terminology and place names, reflecting the current socio-political context of the region accurately."
<urn:uuid:e0b7ac1b-f848-4247-8dc5-aa7ade69cb92>,"AggaHarry`s Uploads
003 ၀မ္းပန္းတသာျဖစ္ေနပါျပီ တရားေတာ္ 2016 သၾကၤန္တြင္းတရားစခန္း ၊ ေမွာ္ဘီျမိဳ႕ ေအာက္၀ါးနက္ေခ်ာင္းေက်းရြာ ဓမၼဒူတေဇတ၀န္ေတာရ ေဆကိႏၵာရာမေက်ာင္းတိုက္အတြင္း၌ ေဟာၾကားပါသည္။ Download ျပဳလုပ္ရ လြယ္ကူပါေစျခင္းငွာ file size ကို 14Mb ၀န္းက်င္ခန္႔ထိ ခ်ဳံ႕ထားပါသည္။
AggaHarry
01:00:36
119
1 Downloads
0 Comments
004 ပညာရွိျဖစ္ေနပါျပီ တရားေတာ္ 2016 သၾကၤန္တြင္းတရားစခန္း ၊ ေမွာ္ဘီျမိဳ႕ ေအာက္၀ါးနက္ေခ်ာင္းေက်းရြာ ဓမၼဒူတေဇတ၀န္ေတာရ ေဆကိႏၵာရာမေက်ာင္းတိုက္အတြင္း၌ ေဟာၾကားပါသည္။ Download ျပဳလုပ္ရ လြယ္ကူပါေစျခင္းငွာ file size ကို 14Mb ၀န္းက်င္ခန္႔ထိ ခ်ဳံ႕ထားပါသည္။
AggaHarry
00:59:07
83
1 Downloads
0 Comments
005 လူေကာင္းတစ္ေယာက္ျဖစ္ေနပါျပီ တရားေတာ္ 2016 သၾကၤန္တြင္းတရားစခန္း ၊ ေမွာ္ဘီျမိဳ႕ ေအာက္၀ါးနက္ေခ်ာင္းေက်းရြာ ဓမၼဒူတေဇတ၀န္ေတာရ ေဆကိႏၵာရာမေက်ာင္းတိုက္အတြင္း၌ ေဟာၾကားပါသည္။ Download ျပဳလုပ္ရ လြယ္ကူပါေစျခင္းငွာ file size ကို 14Mb ၀န္းက်င္ခန္႔ထိ ခ်ဳံ႕ထားပါသည္။
AggaHarry
00:58:41
62
1 Downloads
0 Comments
006 လူခ်မ္းသာျဖစ္ေနပါျပီ တရားေတာ္ 2016 သၾကၤန္တြင္းတရားစခန္း ၊ ေမွာ္ဘီျမိဳ႕ ေအာက္၀ါးနက္ေခ်ာင္းေက်းရြာ ဓမၼဒူတေဇတ၀န္ေတာရ ေဆကိႏၵာရာမေက်ာင္းတိုက္အတြင္း၌ ေဟာၾကားပါသည္။ Download ျပဳလုပ္ရ လြယ္ကူပါေစျခင္းငွာ file size ကို 14Mb ၀န္းက်င္ခန္႔ထိ ခ်ဳံ႕ထားပါသည္။
AggaHarry
00:56:58
78
4 Downloads
0 Comments
002 ကုသိုလ္ျဖစ္ေနပါျပီ တရားေတာ္ 2016 သၾကၤန္တြင္းတရားစခန္း ၊ ေမွာ္ဘီျမိဳ႕ ေအာက္၀ါးနက္ေခ်ာင္းေက်းရြာ ဓမၼဒူတေဇတ၀န္ေတာရ ေဆကိႏၵာရာမေက်ာင္းတိုက္အတြင္း၌ ေဟာၾကားပါသည္။ Download ျပဳလုပ္ရ လြယ္ကူပါေစျခင္းငွာ file size ကို 14Mb ၀န္းက်င္ခန္႔ထိ ခ်ဳံ႕ထားပါသည္။
AggaHarry
00:58:26
74
3 Downloads
0 Comments
001 အခ်ဳိးက်ေနပါျပီ တရားေတာ္ 2016 သၾကၤန္တြင္းတရားစခန္း ၊ ေမွာ္ဘီျမိဳ႕ ေအာက္၀ါးနက္ေခ်ာင္းေက်းရြာ ဓမၼဒူတေဇတ၀န္ေတာရ ေဆကိႏၵာရာမေက်ာင္းတိုက္အတြင္း၌ ေဟာၾကားပါသည္။
Download ျပဳလုပ္ရ လြယ္ကူပါေစျခင္းငွာ file size ကို 14Mb ၀န္းက်င္ခန္႔ထိ ခ်ဳံ႕ထားပါသည္။
AggaHarry
00:57:30
372
4 Downloads
0 Comments
AggaHarry`s Audio Playlist
AggaHarry
profile viewed 162 times
Who to Follow",2.0,0.0,1.0,1.0,3.0,"The document is a repetitive list of audio file metadata from a website. While it references Buddhist sermons, which have educational value, the content is highly repetitive, lacks depth, and is cluttered with UI elements like download counts and profile info, making it poor for structured learning or reasoning."
<urn:uuid:53d8bebf-bb43-4c95-b6ed-0dbb0b35a48d>,"က်ေနာ္ ျမန္မာျပည္ေရာက္ခိုက္ ပထမပိုင္းရက္ေတြမွာ ေ႐ႊတိဂံုဘုရားတက္ဖို႔ စဥ္းစားတယ္၊ ဒါေပမယ့္ တျခားဦးစားေပးရမယ့္ ကိစၥေတြ ႐ွိတာရယ္၊ ျပန္ခါနီးမွ ေအးေအးလူလူ တက္မယ္လို႔ စိတ္ကူးတာရယ္ေၾကာင့္ ခ်က္ခ်င္းမသြားျဖစ္ဘူး၊ ဒါနဲ႔ ပုဂံကျပန္လာမွ ဘုရားသြားျဖစ္ တယ္၊ အဲဒီမွာ ဘုရားကို ေ႐ႊသကၤန္းျပန္ကပ္ဖို႔ ပစၥယံက ေ႐ႊျပားေတြကို ခြာထားတာနဲ႔ သြားတိုးတယ္၊ ေရာက္,ေရာက္ခ်င္းမွာ ခ်က္ခ်င္း မသြားျဖစ္လိုက္တာကို နဲနဲေနာင္တရတယ္၊ ဘုရားကို ေ႐ႊသကၤန္းအျပည့္နဲ႔ မဖူးခဲ့လိုက္ရဘူး၊ ဒါေပမယ့္ တဖက္ကၾကည့္ေတာ့လည္း တိုက္တိုက္ဆိုင္ဆိုင္ ဘုရားကို သစ္ေခါက္ေရာင္သကၤန္းနဲ႔ ဖူးရတယ္လို႔ ေတြးလို႔ရပါတယ္၊ ဘုရားရဲ႕ အထက္ဖက္မွာ က်န္ေနေသးတဲ့ ေ႐ႊေရာင္နဲ႔ ေအာက္ဖက္ ပစၥယံက သစ္ေခါက္သကၤန္းေရာင္ရယ္က အေတာ္ေလး contrast ျဖစ္ၿပီး ၾကည့္ရတာ တမ်ိဳး သပၸါယ္ပါတယ္၊
ဒီက မထြက္ခြာခင္ ကတည္းက ေ႐ႊတိဂံုမွာ ဘယ္လိုေတြ ဓါတ္ပံု႐ိုက္ရင္ ေကာင္းမလဲလို႔ ႀကိဳၿပီး စဥ္းစားၾကည့္တယ္၊ ႐ိုက္ခ်င္တဲ့ ေနရာေတြ၊ ႐ိုက္လို႔ေကာင္းမယ္ ထင္တဲ့ ႐ွဳေထာင့္ေတြ အမ်ားႀကီးပဲ ေခါင္းထဲေပၚလာတယ္၊ ဒါေပမယ့္ တကယ္တမ္း ရင္ျပင္ေပၚလည္း ေရာက္သြားေရာ အဲဒီအိုက္ဒီယာေတြ အားလံုးေမ့သြားေတာ့တယ္၊ ရင္ျပင္ေပၚမွာ အျမင္၊ အၾကား၊ အထိအေတြ႔ အာ႐ံုအားလံုးက ၿငိမ္းခ်မ္း၊ တိတ္ဆိတ္ မႈေတြနဲ႔...၊ အေနာက္ကမာၻက ဖိစီးမႈေတြကို တဒဂၤေမ့သြားေစခဲ့တယ္၊ ေ႐ႊတိဂံုမွာ အခ်ိန္နာရီေတြဟာ ရပ္တန္႔သြားခဲ့တယ္၊ က်ေနာ္ဟာ ကိုယ့္ကိုကိုယ္ time and space အျပင္ဖက္မွာ ခဏေလး ေတြ႔လိုက္ရသလိုပါပဲ၊
ေတာ္ေတာ္ေလး မိုးခ်ဳပ္မွ ျပန္ဆင္းလာခဲ့တယ္၊ ျမန္မာၿပည္သြားမယ္ လုပ္ေတာ့ tripod သယ္သြားရင္ေကာင္းမလား လို႔အၾကာႀကီး စဥ္းစားျဖစ္ပါတယ္၊ ပုဂံ sunset၊ ေ႐ႊတိဂံု ည႐ွဳခင္း၊ ဒါေတြကို ေတြးမိေတာ့ tripod ကို မျဖစ္မေန သယ္မယ္လို႔ ေတြးထားတယ္၊ ဒါေပမယ့္ တကယ္တမ္းမွာ မလြယ္ပါဘူး၊ က်ေနာ့္ tripod က ႀကီးလဲႀကီးတဲ့အျပင္ အေတာ္လည္း ေလးတယ္၊ ေတာ္႐ံုေနရာမွာ အေျခခိုင္ ေအာင္ဆိုၿပီး ခပ္ႀကီးႀကီးဝယ္ထားမိတာ အခုမွ ဒုကၡေတြ႔တာပဲ၊ ေသတၱာထဲမွာ ကန္႔လန္႔ျဖတ္ ထည့္တာေတာင္ အတိဝင္႐ံုပဲ ႐ွိတယ္၊ ဒီၾကားထဲ ေသတၱာက tripod မထည့္ရေသးတာေတာင္ ၂၆ ကီလိုေက်ာ္ေနၿပီ၊ ဒီလိုနဲ႔ သူ႔ကို ထားခဲ့လိုက္ရေတာ့တယ္၊
အခု ေ႐ႊတိဂံုမွာ tripod ကို အရမ္းသတိရေနခဲ့တယ္၊ ဒါေပမယ့္လည္း ဘာမွ မတတ္ႏိုင္ပါဘူး၊ ဒီလိုနဲ႔ အခုပံုေတြကို handheld လက္တန္း ႀကိဳးစားၿပီး ႐ိုက္ပါတယ္၊ အထူးသျဖင့္ ေနဝင္ခ်ိန္ အလင္းအားနည္း သြားတဲ့အခ်ိန္မွာေပါ့...။ ။
ေ႐ႊတိဂံု (၁)
ေ႐ႊတိဂံု (၂)
ေ႐ႊတိဂံု (၃)
ေ႐ႊတိဂံု (၄)
ေ႐ႊတိဂံု (၅)
ေ႐ႊတိဂံု (၆)
ေ႐ႊတိဂံု (၇)
ေ႐ႊတိဂံု (၈)
ေ႐ႊတိဂံု (၉)
ေ႐ႊတိဂံု (၁၀)
ေ႐ႊတိဂံု (၁၁)
ေ႐ႊတိဂံု (၁၂)
ေ႐ႊတိဂံု (၁၃)
ညီလင္းသစ္
၁၄ ဒီဇင္ဘာ၊ ၂၀၀၉",1.0,1.0,1.0,3.0,5.0,"The text is a personal travel blog post about visiting the Shwedagon Pagoda. It lacks formal educational or complex reasoning content. It is written in natural, authentic Burmese, capturing local cultural experiences and personal reflections. The formatting is clean, though it ends with a list of image placeholders."
<urn:uuid:43ebaff2-8447-4e3f-a5c0-8c0a6c6cd396>,"ရင္ခုန္သလိုလို စိတ္လႈပ္ရွား
ဘာေၾကာင့္မွန္းမသိ
တစ္လတစ္ႀကိမ္ လတိုင္းမွာ
တစ္လလံုးလံုး အလုပ္လုပ္ခဲ့တာဆိုေတာ့
တစ္လလံုးလံုး ေစာင့္ခဲ့ရတာဆိုေတာ့
တစ္လလံုးလံုး မထုတ္ဘဲေနခဲ့ရတာဆိုေတာ့
ရလိုက္မယ့္ လခအလံုးအခဲကို
ရင္ခုန္ေနလြန္းတယ္ေလ
ေနာက္ေတာ့လည္း အလီလီစိတ္ပိုင္းပစ္လိုက္လို႔
လစာေခါင္းကြဲပါေရာ့လား
ပိုက္ဆံမ်ား ဘယ္မ်ားေရာက္သြားပါလိမ့္လို႔ေတြးရင္း
ေနာက္တစ္လကုန္ေအာင္
ေနာက္တစ္ႀကိမ္ရင္ခုန္ေအာင္
တစ္လလံုးလံုးထပ္ေစာင့္ရေပဦးမွာေပါ့
အလုပ္လုပ္တုန္းကာလမ်ားမွာ
လစာထုတ္ရက္မ်ားဟာ
ခ်စ္သူ႔ေကာင္မေလး အနမ္းေပးတဲ့ရက္ေတြလိုပါပဲ။
စက္တင္ဘာ၊ ၂၀၀၈။",1.0,1.0,1.0,5.0,5.0,"This is a creative poem about the relatable experience of receiving a monthly salary. It uses natural, colloquial Burmese phrasing and captures the cultural sentiment of working life. While it lacks academic educational value or complex reasoning, it is clean, well-formatted, and highly authentic in its cultural expression."
<urn:uuid:f1d790d3-a6e5-4db5-a02f-243a78f71434>,"Youtube subscriber အများဆုံး ရရှိထားတဲ့ အဆိုတော်အဖွဲ့
Black Pink အဖွဲ့က အခုချိန်မှာ youtube subscriber အများဆုံး ရရှိထားတဲ့ အဆိုတော်အဖွဲ့ ဖြစ်နေပါပြီ။
BlackPink အဖွဲ့ရဲ့ Youtube channel က BTS EXO တို့ကို ကျော်တက်ပြီးတော့
ကိုရီးယားမှာ Subscriber အများဆုံး ရရှိတဲ့ အဖွဲ့ဖြစ်လာခဲ့ပြီး သုံးလအကြာမှာတော့
နောက်ထပ် ခြေလှမ်းသစ်တစ်ခုကို လျှောက်လှမ်းခဲ့ပါပြီ။
စက်တင်ဘာ ၉ရက်နေ့ မနက်မှာပဲ BlackPink ရဲ့ official Youtube Channel က
29,897,163 subscribers ထိရှိလာခဲ့တဲ့ ပထမဆုံး အဆိုတော်အဖွဲ့ ဖြစ်လာခဲ့ပါပြီ။
One Direction က BlackPink အဖွဲ့မတိုင်ခင်မှာ 29,886,939 နဲ့အများဆုံးဖြစ်ခဲ့တာပါ။
Congratulation ပါ BlackPink ေရ
Credit – soompi",1.0,1.0,1.0,4.0,2.0,"The text provides simple entertainment news about K-pop groups. It is clean and readable, written in natural Burmese, but lacks significant educational or reasoning depth. It uses appropriate local phrasing and honorifics, reflecting common interest in K-pop within the Burmese community."
<urn:uuid:553681a2-77d8-4e16-bf23-8ab790826181>,"မန္ခ်က္စတာယူႏိုက္တက္အသင္းဟာ ရွက္တာဒိုးနတ္အသင္းရဲ႕ ကြင္းလယ္လူ ဖရက္ဒ္ကို လာမယ့္အပတ္မွာ ေဆးစစ္ေဆးမႈေတြ ျပဳလုပ္ ႏိုင္လိမ့္မယ္လုိ႔ ယံုၾကည္ေနေၾကာင္း Daily Mail က ေဖာ္ျပသြားခဲ့ပါတယ္။ အသက္ (၂၅)ႏွစ္ အရြယ္ ဘရာဇီးလ္ကြင္းလယ္ ကစားသမား အတြက္ မန္ယူအသင္းက ေပါင္၅၂သန္းအထိ သံုးစြဲရဖြယ္ ရွိတယ္လို႔လည္း သိရပါတယ္။
ဖရက္ဒ္အတြက္ မန္ယူဟာ ေျပာင္းေရႊ႕ေၾကး ေပါင္၄၃သန္းသာ ကုန္က်မွာျဖစ္ေပမယ့္ အျခားေသာ ခံစားခြင့္မ်ားကို ထပ္ေပါင္းလိုက္ပါက ဖရက္ဒ္ရဲ႕ တန္ဖိုးဟာ ေပါင္၅၂သန္းေက်ာ္ထိ ရွိလာခဲ့တာ ျဖစ္ပါတယ္။ ဖရက္ဒ္ကို မန္ခ်က္စတာယူႏိုက္တက္ရဲ႕ ျမိဳ႕ခံျပိဳင္ဘက္ မန္စီးတီးကလည္း စိတ္၀င္စားေနတာျဖစ္ျပီး မန္ယူအသင္းက လက္ဦးမႈရယူဖို႔ အျပင္းအထန္ၾကိဳးစားခဲ့တယ္လို႔လည္း သိရပါတယ္။
လတ္တေလာမွာေတာ့ ဖရက္ဒ္ဟာ အဂၤလန္ကို ဘရာဇီးလ္လက္ေရြးစင္အသင္းနဲ႔ ေရာက္ရွိေနတာျဖစ္ျပီး ခရိုေအးရွားနဲ႔ ကစားရမယ့္ ေျခစမ္းပြဲအတြက္ ေလ့က်င္ေနတာ ျဖစ္ပါတယ္။ ေမာ္ရင္ဟို ကိုယ္တိုင္ကလည္း ဖရက္ဒ္ကို ကမၻာ့ဖလားျပိဳင္ပြဲမတိုင္ခင္မွာ အျပီးသတ္ေခၚယူ လိုေနတာ ျဖစ္တာေၾကာင့္ လာမယ့္အပတ္အတြင္းမွာ ေဆးစစ္ေဆးမႈေတြ ျပဳလုပ္ဖို ေမွ်ာ္လင့္ခဲ့တာ ျဖစ္ပါတယ္။
ေမာ္ရင္ဟိုဟာ အသင္းကို ဘရာဇီးလ္ကစားသမားေတြ ေခၚယူဖို႔ ဆႏၵရွိေၾကာင္း ဧျပီလအတြင္းက ေျပာၾကားခဲ့ဖူးပါတယ္။ ""ဘရာဇီးလ္ ကစားသမားတစ္ေယာက္မွ မပါ၀င္တဲ့အသင္းဟာ အသင္းတစ္သင္းမဟုတ္ဘူးလို႔ ကၽြန္ေတာ္ထင္ပါတယ္၊ လာမယ့္ေဘာလံုးရာသီမွာ ကၽြႏ္ေတာ့္ အသင္းမွာ ဘရာဇီးလ္ကစားသမားေတြကို ရွိေစခ်င္ပါတယ္"" လို႔ ေမာ္ရင္ဟိုက ေျပာၾကားခဲ့ဖူးတာ ျဖစ္ပါတယ္။
ဖရက္ဒ္အေနနဲ႔ မန္ယူအသင္းနဲ႔ ေဆးစစ္ေဆးမႈ ခံယူခဲ့ျပီး ေဆးစစ္မႈေအာင္ျမင္ခဲ့မယ္ဆိုရင္ေတာ့ ဒါဟာ မန္ခ်က္စတာယူႏိုက္တက္အသင္းရဲ႕ ေႏြရာသီမွာ ပထမဆံုးေခၚယူတဲ့ ကစားသမားျဖစ္လာမွာ ျဖစ္ပါတယ္။ အျခားေသာ သတင္းမ်ားအရေတာ့ မန္ယူအသင္းဟာ စပါးေနာက္ခံလူ အယ္ဒါ၀ီရယ္ကိုလည္း ခ်ိတ္ဆက္မႈေတြ ျပဳလုပ္ေနျပီး ေခၚယူႏိုင္ဖို႔ နီးစပ္ေနျပီလို႔ သိရပါတယ္။",1.0,1.0,2.0,5.0,3.0,"The text is a standard sports news report about a football transfer. It provides factual information about player recruitment and quotes a manager. It is written in natural, fluent Burmese, typical of sports journalism, but lacks educational depth or complex reasoning. It is clean, well-structured, and free of noise."
<urn:uuid:f501c720-e6d9-4e88-ad58-b3f564cf603b>,"ကွန်ပျူတာကနေပါ SMS ပို့နိုင်ပြီဖြစ်တဲ့ Android Messages
Google ဟာ Stock Android စနစ်သုံးဖုန်းတွေမှာ တခါတည်း ပါဝင်ပြီးသားဖြစ်တဲ့ Android Messages ကို အသုံးပြုသူ ပိုများပြားလာစေဖို့အတွက် Desktop Browser Support ပါ ထည့်သွင်းပေးလိုက်ပြီ ဖြစ်ပါတယ်။ ယနေ့ ဇွန်လ ၁၉ ရက် နေ့က စပြီး ဖုန်းမှာ Android Messages Application အသုံးပြုသူတွေအနေနဲ့ SMS Messages တွေကို မိမိ PC Browser ကနေလည်း ဖတ်နိုင်၊ Reply ပြန်နိုင်ပြီ ဖြစ်ပါတယ်။
Google ဟာ Rich Comminication Services (RCS) ကို Android စနစ်မှာ ထည့်သွင်းပြီးဖြစ်တာကြောင့် ယခု Messages for Web ကနေ စာသား၊ ဓာတ်ပုံ၊ Web Link တွေနဲ့ Sticker စတဲ့ format အကုန်လုံးကို ပို့နိုင်မှာပါ။ လောလောဆယ်မှာ RCS စနစ်ကို Mobile Carrier ကုမ္ပဏီ တော်တော်များများကလည်း Support လုပ်ပေး ထားတာကြောင့် နိုင်ငံအများအပြားမှာ အဆင်ပြေပြေ အသုံးပြုနိုင်မှာဖြစ်ပါတယ်။
ကွန်ပျူတာကနေ Messages for Web ကို အသုံးပြုချင်တယ် ဆိုရင်တော့ အရင်ဆုံး သင့်ဖုန်းမှာ Android Messages App နောက်ဆုံးဗားရှင်း ရှိရပါမယ်။ မရှိသေးဘူး ဆိုရင်လည်း Play Store ကနေ Download/Update ပြုလုပ်နိုင်ပါတယ်။ ပြီးရင်တော့ Mobile App ထဲကနေ Message for Web ကို ဖွင့်ပေးရပါမယ်။
ပြီးရင်တော့ ယခု Link ကို သွားပြီး ဖုန်းနဲ့ QR Code ကို Scan ဖတ်ပေးလိုက်ပါ။
https://messages.android.com/
ဒါဆိုရင်တော့ သင့်ဖုန်းနဲ့ ကွန်ပျူတာနဲ့ Sync လုပ်ပေးသွားမှာဖြစ်ပြီး၊ ကွန်ပျူတာ Browser ကနေလည်း SMS တွေ ပို့နိုင်ပြီ ဖြစ်ပါတယ်။ ကွန်ပျူတာနဲ့ ဖုန်းနဲ့ကြား Sync လုပ်တာက မိုဘိုင်းဒေတာနဲ့ အသုံးပြုမှာဖြစ်တာကြောင့် Data ဖိုး ကုန်မှာ ဖြစ်ပြီး၊ ကွန်ပျူတာကနေ Messages ပို့တာက SMS အနေနဲ့ ထွက်သွားမှာဖြစ်တာကြောင့် SMS ဖိုးလည်း ကုန်ပါလိမ့်မယ်။
ဒါပေမယ့် ကွန်ပျူတာအဓိက သုံးဖြစ်နေတဲ့ အချိန်မျိုးမှာ ဖုန်းထဲ ဝင်လာတဲ့ SMS တွေကို ချက်ချင်း Reply ပြန်နိုင်တဲ့ Feature က စိတ်ကျေနပ်စရာပါ။ အဓိကလူသုံးများတဲ့ Chrome, Firefox, Safari, Microsoft Edge စတဲ့ Browser တွေ ကနေ အသုံးပြုနိုင်ပြီး Internet Explorer ကနေတော့ အသုံးပြုနိုင်မှာ မဟုတ်ပါဘူး။
Web Browser ကနေပါ မက်ဆေ့ပို့နိုင်တဲ့ Feature အပြင် ‘Android Message’ mobile app update မှာ နောက်ထပ် အမိုက်စား Feature သစ် ၄ ခု ပါဝင်လာပါသေးတယ်။ အဲဒီထဲကမှ အသုံးဝင်ဆုံး ၁ ခုကတော့ ဖုန်းထဲကို one-time password အနေနဲ့ ဝင်လာတဲ့ ကုဒ်တွေကို အရင်လို အလွတ်ကျက်နေစရာ မလိုတော့ဘဲ ချက်ချင်း Copy ကူးနိုင်တဲ့ Feature ပါ။
နောက်ထပ်တခုကတော့ တဖက်က ပို့လိုက်တဲ့စကားကို App က အလိုလိုသိပြီး လိုက်ဖက်မယ့် Reply မျိုး ဖော်ပြပေး ထားမယ့် Smart Reply လုပ်ဆောင်ချက်ဖြစ်ပါတယ်။ Gmail က Smart Reply ပုံစံမျိုးပါပဲ။ လောလောဆယ်တော့ English ဘာသာစကား ၁ မျိုးပဲ ရပါလိမ့်ဦးမယ်။ နောက်တခုကတော့ SMS အနေနဲ့ ဝင်လာတဲ့ Link တွေကို Preview ပြသပေးထားမှာ ဖြစ်တာကြောင့် ကိုယ် Click နှိပ်သင့်၊ မနှိပ်သင့် ပိုမို စဉ်းစားလာနိုင်မှာပါ။
နောက်ဆုံး Feature သစ်တခုကတော့ Compose ဘားဘေးက Plus ခလုတ်လေးနှိပ်ပြီး GIF တွေကို ရှာနိုင်တဲ့ Feature ဖြစ်ပါတယ်။ အထက်ပါ Feature လေးခုထဲမှာ One-time Password တွေကို Copy ကူးနိုင်တဲ့ လုပ်ဆောင်ချက်က လွဲရင် ကျန်တဲ့ ၃ ခုလုံးက Apple ရဲ့ iMessages App ထဲမှာ ပါဝင်ပြီးသား Feature တွေဖြစ်ပါတယ်။
Ref: Engadget, The Verge, Google",3.0,2.0,2.0,5.0,3.0,"The text is a clear, well-structured tutorial on using Android Messages for Web. It provides practical instructions and explains new features. It is written in natural, accessible Burmese, suitable for general tech-literate readers. It lacks deep analytical reasoning or high-level academic complexity, but serves its purpose as an informative tech article well."
<urn:uuid:c6b8959c-5ebc-4822-aa07-993e086ce7ce>,"ကင်ရှာဆာမြို့
ကင်ရှာဆာမြို့သည် ကွန်ဂိုဒီမိုကရက်တစ်သမ္မတနိုင်ငံ၏ မြို့တော်နှင့် အကြီးဆုံးမြို့ ဖြစ်ပြီး ကွန်ဂိုမြစ်ကမ်းပေါ်တွင် တည်ရှိသည်။
ယခင်က ငါးဖမ်းရွာကလေး တစ်ရွာသာ ဖြစ်ခဲ့သော်လည်း ယခုအခါတွင် ကင်ရှာဆာမြို့သည် မြို့ပြဧရိယာ တစ်ခု အဖြစ် တည်ရှိပြီး နေထိုင်သူပေါင်း ၁၀သန်းခန့် ရှိသည်။ အိမ်နီးချင်းနိုင်ငံဖြစ်သော ကွန်ဂိုသမ္မတနိုင်ငံ၏ မြို့တော် ဘရာဇာဗီးမြို့နှင့် မျက်နှာချင်းဆိုင် တည်ရှိပြီး ကျယ်ဝန်းသော ကွန်ဂိုမြစ်ကို ဖြတ်၍ လှမ်းမြင်ရသော အနေအထားတွင် ရှိသည်။ မြို့တော်၏ အုပ်ချုပ်ရေး ဒေသမှာ အလွန်ကျယ်ဝန်းလှသဖြင့် မြို့တော်မြေနေရာ၏ ၆၀ ရာခိုင်နှုန်းကျော်မှာ ကျေးလက် အနေအထားဖြင့် တည်ရှိသည်။ မြို့ပြဒေသမှာ ခရိုင်၏ အနောက်ဖက် အစွန်ဆုံး အစိတ်အပိုင်း သေးသေးကလေး တွင်သာ ရှိသည်။",3.0,1.0,2.0,5.0,1.0,"The text provides factual, educational information about Kinshasa suitable for a general audience. It is clean, well-formatted, and written in natural Burmese. However, it lacks complex reasoning or deep cultural insights, serving primarily as a straightforward encyclopedic summary."
<urn:uuid:b57bb403-c49b-431b-ab69-6328afda06b2>,"|Weight||N/A|
Back to products
Classic Design Earring (White Gold)
299,000 Ks
၀တ်ဆင်လိုက်တိုင်း classicဆန်တဲ့ ခံစားမှုကိုပေးစွမ်းနိုင်မယ့် jewelleryလေးပါ။ခေတ်မှီတဲ့ဒီဇိုင်းလေးကို ရိုးရှင်းတဲ့အလှနဲ့ပေါင်းစပ်ပုံဖော်ထားတဲ့ နားကပ်လေးပါ။
(Details)
Brand – Shwe San Eain
Item Name – Classic Design Earring
Gold Quality –18K Gold
Gold Colour -White Gold
Length- 1cm
“ပြန်သွင်း/ပြန်လဲ”
18K Au750 အမှတ်အသားပါရွှေထည်များ ပျက်စီးသည်ဖြစ်စေ ၊ မပျက်စီးသည်ဖြစ်စေ
• ပြန်သွင်းလျှင် (20%)
• တန်ဖိုးမြင့်နှင့်ပြန်လဲလျှင် (15%)လျှော့၍ပြန်ဝယ်ပေးပါသည်။
SKU: N/A Category: Earrings နားကပ် Tag: 18K AU750
Additional information
Reviews (0)
Reviews
There are no reviews yet.",0.0,0.0,1.0,2.0,3.0,"This is a product description for jewelry. It lacks educational or reasoning value. It is simple to comprehend, requiring no specialized expertise. The cleanliness is limited by boilerplate, navigation elements, and metadata. It reflects authentic Burmese commercial language and local gold-trading terminology, such as the specific buy-back policies common in the local market."
<urn:uuid:8fc8815d-c76a-4425-8f0b-f02a7664634e>,"တစ္ႏွစ္စာအသင္း၀င္ေၾကး (အေမရိကန္ေဒၚလာ ၁၆၉) သာ
အျပည္ျပည္ဆိုင္ရာအလင္းျပျခင္း အစည္းအ႐ံုး International Association of Coaching (IAC)သုိ႔ ေပးလွဴျခင္း သို႔မဟုတ္ လက္ေဆာင္မ်ားအတြက္ ပရဟိတအလွဴမ်ားကဲ့သို႔ အခြန္ေငြမ်ားေကာက္ခံမႈ မရွိေပ။ သို႔ရာတြင္ ပံုမွန္စီးပြားေရးအသံုးစရိတ္မ်ားအေနျဖင့္ အခြန္ေငြျဖတ္ေတာက္ခံရႏိုင္ေပသည္။
မွတ္ခ်က္။ ။ အသင္း၀င္ေၾကးေပးသြင္းေငြမ်ားသည္ IAC ၏တရားဥပေဒအရ ျပန္အမ္း၍ မရေပ။
Masteries Practitioner (MP) “package” ကမ္းလွမ္းခ်က္
- IAC သို႔ပါ၀င္ခ်င္ပါသလား၊ ကြ်မ္းက်င္ပိုင္ႏိုင္သူျဖစ္လာေစရန္ စီမံထားေသာအရာမ်ားကို အထူးေလ်ာ့ ေစ်းႏႈန္း(အေမရိကန္ေဒၚလာ ၃၁၉)ျဖင့္ ခံစားရရွိမည္ျဖစ္ပါသည္.
- ကြ်မ္းက်င္ပိုင္ႏိုင္သူျဖစ္လာေစရန္ စီမံထားေသာအရာမ်ားတြင္ ႏွစ္စဥ္အဖြဲ႔၀င္ေၾကး (အေမရိကန္ ေဒၚလာ ၁၆၉)၊ on-line ဆန္းစစ္ေျဖဆိုမႈတစ္ၾကိမ္အတြက္(အေမရိကန္ေဒၚလာ ၉၇)၊ ကြ်မ္းက်င္ ပိုင္ႏိုင္သူျဖစ္လာေစေသာ တိုးတက္မႈအစီအစဥ္မ်ားအတြက္ (MPDF - အေမရိကန္ေဒၚလာ ၁၅၀) ပါ၀င္သည္။ ထိုအရာမ်ားမွ (အေမရိကန္ေဒၚလာ ၉၇) ကို သက္သာေအာင္ျပင္ဆင္ထားသည္။.
- MPကမ္းလွမ္းခ်က္ကို၀ယ္ယူျပီးပါက ေမွ်ာ္မွန္းထားေသာအရာမ်ားကို တစ္ႏွစ္တာအတြင္းျပီးစီးေအာင္ လုပ္ေဆာင္ရမည္ျဖစ္သည္။ တစ္ႏွစ္ထက္ေက်ာ္လြန္ပါက ႏွစ္စဥ္အဖြဲ႕၀င္ေၾကးကို ထိုကာလအတြင္း သတ္မွတ္ထားေသာေစ်းႏႈန္းအတိုင္း ျပန္လည္သက္တမ္းတိုးျခင္း လုပ္ေဆာင္ရမည္ျဖစ္သည္။",1.0,1.0,3.0,4.0,1.0,"The text is a promotional document for a professional coaching association membership. It provides basic information about fees and packages. While it is coherent and clean, it lacks educational depth or complex reasoning. The language is functional but clearly a translation of international business terminology, lacking deep cultural nuance."
<urn:uuid:6d3f2a56-73ea-4aec-bdb3-b4c702ac1ee8>,"Skip to main content
Home
News
Health
Education
Technology
Environment
Tourism
Crime
Update News
Business
Life
Entertainment
Opinion
Politics
Regional
Sports
World News
Cartoon
Videos
Special Reports
Election 2015
Party
News
Infographics
၂၀၁၇ လည္ျပန္
၂၀၁၆ လည္ျပန္
Y-8 ေလယာဥ္ပ်က္က်မႈျဖစ္စဥ္
CEO conferences
You are here
Home
»
Author
»
လင္းသက္ႏိုင္
လင္းသက္ႏိုင္
မေကြးတိုင္း ျပည္သူ႔၀န္ေဆာင္မႈလုပ္ငန္း ၂၉ ခုကို e-Government စနစ္အေကာင္အထည္ေဖာ္မည္
လုပ္ငန္းမ်ားပိုိမိုျမန္ ဆန္ေစရန္ မေကြးတိုင္းေဒသႀကီး အတြင္းရွိအမ်ားျပည္သူႏွင့္ တိုက္ ႐ိုက္ထိေတြ႕ ဆက္ဆံေနရေသာ ဌာနဆိုင္ရာလုပ္ငန္း ၂၉ ခုကိုလာ မည့္၂ႏွစ္အတ...
ေနာက္ေယာက်္ားႏွင့္ လုိက္ေျပးသည့္ဇနီးကို ခင္ပြန္းက တစ္လင္တစ္မယားဥပေဒျဖင့္ အမႈဖြင့္
Friday 2018-04-27
ေအာင္လံၿမိဳ႕ေန အမ်ဳိးသားက ၎၏ဇနီးအိမ္ေထာင္ရွိသည့္ တစ္လမ္းတည္း ေနသူႏွင့္ လုိက္ေျပးသြားသည္ ဆုိကာ ဧၿပီ ၂၄ ရက္က ရဲစခန္း တြင္ အမႈဖြင့္ခဲ့သည္။ ေအာင္လံၿမိဳ႕...
မေကြးတိုင္းအစိုးရအဖြဲ႕၀န္ႀကီးႏွစ္ဦး တိုင္းလႊတ္ေတာ္တြင္ ကတိသစၥာျပဳ
Thursday 2018-04-26
မေကြးတိုင္းအစိုးရ အဖြဲ႕မွ ၀န္ႀကီးအသစ္ႏွစ္ဦးသည္ ဧၿပီ ၂၄ ရက္က က်င္းပသည့္ မေကြးတိုင္း လႊတ္ေတာ္အေရး ေပၚ အစည္းအေ၀းတြင္ ကတိ သစၥာျပဳခဲ့သည္။ မေကြးတိုင္းေဒသႀ...
မေကြးတိုင္းတြင္ ၂ ႏွစ္အတြင္း စည္ပင္အခြန္က်ပ္သန္းႏွစ္ေသာင္းခန္႔ရ
ဒီခ်ဳပ္ပါတီအာဏာ ရရွိလာၿပီးေနာက္ပိုင္း ၂ ႏွစ္အ တြင္း မေကြးတိုင္းေဒသႀကီးၿမိဳ႕ နယ္မ်ားမွ စည္ပင္သာယာေရး ဆိုင္ရာအခြန္စုစုေပါင္းက်ပ္သန္း ႏွစ္ေသာင္းခန္႔ရရွ...
ေအာင္လံျပည္သူ႕ေဆး႐ုံႀကီးတြင္ ေဆး၀ါးအခက္အခဲျဖစ္ေပၚ၍ အလွဴရွင္ လွဴဒါန္းမႈျဖင့္ ေျဖရွင္းေန
Wednesday 2018-04-25
မေကြးတိုင္း ေအာင္ လံၿမိဳ႕ ျပည္သူ႕ေဆး႐ုံႀကီး၌ တက္ ေရာက္ကုသမႈမ်ားျပားေန၍ အလွဴရွင္မ်ား လွဴဒါန္းမႈျဖင့္ ေဆး၀ါးလို အပ္ခ်က္ ေျဖရွင္းေပးေနေၾကာင္း ေဆး႐ုံ...
လုပ္သားရွားပါးလာ၍ သရက္ခ႐ိုင္ရွိ တစ္ႏုိင္တစ္ပိုင္ စီးပြားေရးလုပ္ငန္းအမ်ားစု အခက္အခဲျဖစ္
Tuesday 2018-04-24
ေဒသတြင္းအလုပ္ သမားရွားပါးမႈေၾကာင့္ တစ္ႏုိင္ တစ္ပိုင္ စီးပြားေရးလုပ္ငန္းအ မ်ားစုရပ္တည္ရန္ အခက္အခဲ ျဖစ္ေနေၾကာင္း သရက္ခ႐ိိုင္ရွိ လုပ္ငန္းရွင္မ်ားကေျ...
မေကြးၿမိဳ႕ရိွ ယာဥ္ထိန္းရဲတပ္ၾကပ္ႀကီးတစ္ဦးကို ေဒသခံမ်ားက စလြယ္ႏွင့္ ေငြသားဆုခ်ီးျမႇင့္
မေကြးၿမိဳ႕တြင္ တာဝန္ထမ္းေဆာင္ေနေသာ ယာဥ္ထိန္း ရဲတပ္ဖြဲ႕မွ တပ္ၾကပ္ႀကီးတစ္ဦး သည္ တာဝန္ေက်ပြန္ၿပီး ဆက္ ဆံေရးေကာင္းမြန္သည္ဆုိကာ ေဒသခံမ်ားကိုယ္စား မေကြးပရ...
အသုံးျပဳသူ နည္းပါးလာသျဖင့္ သရက္ခ႐ုိင္ေက်းရြာမ်ားတြင္ ၀ါးသက္ငယ္ထုတ္လုပ္သူ ေလ်ာ့က်လာ
သက္ငယ္အသုံးျပဳ သူ နည္းပါးလာျခင္း၊ ထုတ္လုပ္ သည့္ ၀ါးမ်ား ရွားပါးလာျခင္း ေၾကာင့္ သရက္ခ႐ုိင္အတြင္းရွိ ေက်းရြာမ်ားတြင္ ၀ါးသက္ငယ္ ထုတ္လုပ္သူတစ္ႏွစ္ထက္ တစ္...
မေကြးတိုင္းအတြင္း ေလျပင္းတိုက္ခတ္၍ အိမ္ေလးလံုးၿပိဳက်ကာ ၆၀ ေက်ာ္ အမိုးလန္ပ်က္စီး
မေကြးတိုင္း ၿမိဳ႕နယ္ ေလးခုတြင္ ဧၿပီ ၁၉ ရက္ ညေနက ေလျပင္းတိုက္ခတ္မႈေၾကာင့္ ေန အိမ္ေလးလံုး ၿပိဳက်ၿပီး ၆၀ ေက်ာ္ အမိုးလန္ ပ်က္စီးခဲ့ေၾကာင္း...
လြတ္ၿငိမ္းခ်မ္းသာခြင့္ျဖင့္ သရက္ေထာင္မွ အက်ဥ္းသား ၄၄ ဦးလြတ္ေျမာက္ရာတြင္ ႏုိင္ငံေရးအက်ဥ္းသားတစ္ဦးပါ၀င္
မေကြးတိုင္း သရက္ အက်ဥ္းေထာင္၌ ေထာင္ဒဏ္ က်ခံေနရေသာ အက်ဥ္းသားမ်ား အနက္ ႏုိင္ငံေတာ္သမၼတသစ္ ဦး၀င္းျမင့္၏ ႏွစ္သစ္ကူးလြတ္ ၿငိမ္းခ်မ္းသာခြင့္အမိန္႔ျဖင့္ ဧၿ...
Pages
« first
‹ previous
1
2
3
4
5
6
7
8
9
…
next ›
last »
More in Videos Section
မနက္ခင္းသတင္းစာ
ဒီကေန႕ရဲ႕ေနာက္ဆုံးရႏိုင္ငံတကာသတင္းေတြဒီမွာၾကည့္ပါ
FDA ဝန္ထမ္းအမ်ိဳးသမီးကို မုဒိမ္းက်င့္လုယက္သတ္ျဖတ္သူတကၠစီသမားကိုေသဒဏ္ခ်
7DayTV ေဖ့စ္ဘြတ္ခ္တစ္ခြင္
မနက္ခင္းသတင္းစာ
ေငြေစ်း၊ ေရႊေစ်း၊ စက္သံုးဆီေစ်း
Top News
မေလးမူးယစ္အမႈ ထိပ္တန္းသံသယတရားခံဟာ လူကုန္ကူးဂုိဏ္းေခါင္းေဆာင္လုိ႔လည္း စြပ္စြဲခံေနရ
ျမန္မာ့ေက်ာက္စိမ္းတူးေဖာ္ေရး လုပ္ငန္းခြင္ႏွင့္ဆက္စပ္ေသာ မေတာ္မတရားျပဳမႈမ်ားတြင္ ႏုိင္ငံတကာယႏၲရားကုမၸဏီႀကီးမ်ား ဆက္စပ္ေနဟု စစ္တမ္းတစ္ရပ္ စြပ္စြဲေဖာ္ျပ
ျပည္သူအားလံုး ႏွလံုးစိတ္၀မ္းေအးခ်မ္းပါေစဟု ေဒၚေအာင္ဆန္းစုၾကည္ဆုေတာင္း
မြန္ျပည္နယ္တြင္ ေရႀကီးမႈေၾကာင့္ က်ပ္သိန္း ေျခာက္ေထာင္ေက်ာ္ ဆံုး႐ံႈး၊ လူခုနစ္ေထာင္ေက်ာ္ ေရေဘးသင့္
ေမာ္လၿမိဳင္အပါအဝင္ မြန္ျပည္နယ္ရွိ ခုနစ္ၿမိဳ႕နယ္ ေရႀကီး
ရွစ္ေလးလံုးျပည္သူ႔ ပါတီ၏ အမည္၊ အလံႏွင့္ အမွတ္တံဆိပ္တုိ႔ကို ျပန္လည္ျပင္ဆင္ရန္ ေရြးေကာက္ပြဲေကာ္မရွင္ ၫႊန္ၾကား",2.0,1.0,2.0,2.0,4.0,"The document is a collection of news snippets from a Burmese news portal. It provides basic information about local events, which has some educational value for current affairs. It lacks deep reasoning or complex analysis. The content is clean enough to read but contains significant website boilerplate. It is culturally authentic, reflecting local Burmese news reporting styles."
<urn:uuid:ea3c096f-681d-4fe8-83d9-4377ec4107ee>,"ရန္ကုန္ ေဖေဖာ္ဝါရီ ၁၁-၂၀၁၉
သင္းသဒၵါ (VOM)
ေခတ္နဲ႔သစ္ရဲ႕ ေမေမျဖစ္တဲ႔ အဆိုေတာ္ ခ်စ္သုေဝကေတာ့ ႐ွစ္ႏွစ္ၾကာမွ ကတိလို့ အမည္ေပးထားတစ္ကိုယ္ေတာ္ေခြ ထုတ္လိုက္ပါတယ္။
”၈ နွစ္ ၾကာမွ ေခြထြက္ေတာ့ ထရီဇာ ရင္ခုန္တယ္ အသစ္တစ္ေယာက္လို႔ ျပန္ခံစားမိတာေပါ့။ ပရိသတ္ေတြလည္း ကိုယ့္သီခ်င္းေတြ ေမ့ေနမလားေပါ့”လို႔ဆိုပါတယ္။
သူမကေတာ့ ဒုတိယေျမာက္ တစ္ကိုယ္ေတာ္ “ကတိ” (Promise) ေတးအယ္ လ္ဘမ္မွာ သီခ်င္း ၁၀ ပုဒ္ပါ၀င္ျပီးေတာ့ ေ၀လ ၊ စံပီး၊ ဇ၀ါ၊ ေန၀ါ နဲ႔ လင္းလင္း တို႔က ေရးသားေဖာ္က်ဴးေပးထားတယ္လို႔သိရပါတယ္။ ဒီေခြမွာ ကိုယ္ပိုင္သံစဥ္သီခ်င္းသစ္ေတြပါ၀င္ျပီးေတာ့ ေဖေဖာ္၀ါရီ ၁၄ ရက္တြင္ Bo Bo Music Productionကေန ျဖန္႔ခ်ိမွာပါ။
” ထရီဇာရဲ႕ ဇာတ္ကားၾကိဳက္ကူးမႈေတြကလည္း အဲအခ်ိန္က ရွိေနတယ္။ ကားရိုက္ရင္က ထရီဇာ က ကိုယ္ ၀န္ရွိသြားတယ္။ ကိုယ္၀န္နဲ႔လည္း သီခ်င္းေလးေတြလည္း ဆိုထားတာပါတယ္။ သမီးေလးတစ္ဖက္နဲ႔ အတတ္ နိုင္ဆံုးဆိုျဖစ္တယ္။ ဘာေၾကာင့္ၾကာခဲ့လဲဆိုေတာ့ Studio ၀င္ရင္ အင္အားျပည့္နဲ႔ စိတ္ကိုတက္ၾကြေအာင္ ေနျပီး ဆိုတာမ်ိဳးကို။ ခုေခြမွာေတာ့ ဦးေနွာက္ထဲမွာပဲ သီခ်င္းေတြကို ေလ့က်င့္ရတယ္။ ေရးခ်ိဳးခန္း၊ အိမ္သာထဲမွာမွ ဘယ္လိုေနရာ ဘယ္လိုဆိုမယ္ဆိုတာ က်င့္ျဖစ္တယ္။ ဟာမိုနီပိုင္းမွာလည္း ၾကိဳးစားပင္ပန္းလုပ္ရတယ္။ က ေလး နွစ္ေယာက္ဆိုေတာ့ ညေတြမွာလည္း အိပ္ေရးမ၀ဘူး။နို႔လည္း တိုက္ေနရေတာ့။ သမီးေလးေတြကို လက္ လႊတ္လို႔ ရသြားတယ္။ကိုယ္တိုင္ ေက်နပ္အားရမွ ေခြထုတ္ျဖစ္တာေၾကာင့္ ၾကာသြားတာပါ”လို႔ဆိုပါတယ္။
ဓာတ္ပံု – သင္းသဒၵါ",1.0,1.0,1.0,4.0,4.0,"The text is a standard entertainment news report about a Burmese singer releasing an album. It is written in natural, colloquial Burmese with appropriate cultural context regarding local celebrities and industry practices. It lacks significant educational or complex reasoning content, serving primarily as a brief informational piece."
<urn:uuid:1bcad3aa-e98f-4a53-81cd-67fc0115b7ea>,"|စဉ်||အမည်||မဲဆန္ဒနယ်||လွှတ်တော်||ပါတီ||မှတ်ချက်|
|၁။||ဒေါက်တာအောင်ကျော်ဌေး||လွိုင်ကော်မြို့နယ် မဲဆန္ဒနယ်အမှတ်(၁)||ပြည်နယ်လွှတ်တော်||အမျိုးသားဒီမိုကရေစီအဖွဲ့ချုပ်|
|၂။||
|
ဦးတင်မြင့်
|လွိုင်ကော်မြို့နယ် မဲဆန္ဒနယ်အမှတ်(၂)||ပြည်နယ်လွှတ်တော်||အမျိုးသားဒီမိုကရေစီအဖွဲ့ချုပ်|
|၃။||
|
ဦးသိန်းအောင်(ခ)စဲရယ်
|ဒီးမော့ဆိုမြို့နယ်၊ မဲဆန္ဒနယ်အမှတ်(၁)||ပြည်နယ်လွှတ်တော်||အမျိုးသားဒီမိုကရေစီအဖွဲ့ချုပ်|
|၄။||ဦးဘော့စ်ကို||ဒီးမော့ဆိုမြို့နယ်၊ မဲဆန္ဒနယ်အမှတ်(၂)||ပြည်နယ်လွှတ်တော်||အမျိုးသားဒီမိုကရေစီအဖွဲ့ချုပ်|
|၅။||
|
ဦးသဲရယ်
|ဖရူဆိုမြို့နယ်၊ မဲဆန္ဒနယ်အမှတ်(၁)||ပြည်နယ်လွှတ်တော်||တိုင်းရင်းသားလူမျိုး ပေါင်းစုံဒီမိုကရေစီ|
|၆။||ဦးခင်မောင်ထွန်း(နော်အီး)||ဖရူဆိုမြို့နယ်၊ မဲဆန္ဒနယ်အမှတ်(၂)||ပြည်နယ်လွှတ်တော်||အမျိုးသားဒီမိုကရေစီအဖွဲ့ချုပ်|
|၇။||ဦးတီရယ်||ရှားတောမြို့နယ်၊ မဲဆန္ဒနယ်အမှတ်(၁)||ပြည်နယ်လွှတ်တော်||အမျိုးသားဒီမိုကရေစီအဖွဲ့ချုပ်|
|၈။||ဦးလှထွေး||ရှားတောမြို့နယ်၊ မဲဆန္ဒနယ်အမှတ်(၂)||ပြည်နယ်လွှတ်တော်||အမျိုးသားဒီမိုကရေစီအဖွဲ့ချုပ်|
|၉။||ဦးအေးရွှေ||ဘောလခဲမြို့နယ်၊ မဲဆန္ဒနယ်အမှတ်(၁)||ပြည်နယ်လွှတ်တော်||
|
ပြည်ထောင်စုကြံ့ခိုင်ရေးနှင့်ဖွံ့ဖြိုးရေးပါတီ
|၁၀။||ဦးစိုးရယ်||ဘောလခဲမြို့နယ်၊ မဲဆန္ဒနယ်အမှတ်(၂)||ပြည်နယ်လွှတ်တော်||
|
ပြည်ထောင်စုကြံ့ခိုင်ရေးနှင့်ဖွံ့ဖြိုးရေးပါတီ
|၁၁။||ဦးဝင်းမြင့်||ဖားဆောင်းမြို့နယ်၊ မဲဆန္ဒနယ်အမှတ်(၁)||ပြည်နယ်လွှတ်တော်||
|
ပြည်ထောင်စုကြံ့ခိုင်ရေးနှင့်ဖွံ့ဖြိုးရေးပါတီ
|၁၂။||ဦးရန်နိုင်ဆွေ||ဖားဆောင်းမြို့နယ်၊ မဲဆန္ဒနယ်အမှတ်(၂)||ပြည်နယ်လွှတ်တော်||အမျိုးသားဒီမိုကရေစီအဖွဲ့ချုပ်|
|၁၃။||ဦးအောင်နိုင်ဦး||မယ်စဲ့မြို့နယ်၊ မဲဆန္ဒနယ်အမှတ်(၁)||ပြည်နယ်လွှတ်တော်||အမျိုးသားဒီမိုကရေစီအဖွဲ့ချုပ်|
|၁၄။||ဦးအယ်လ်ဖောင်းရှို||မယ်စဲ့မြို့နယ်၊ မဲဆန္ဒနယ်အမှတ်(၂)||ပြည်နယ်လွှတ်တော်||အမျိုးသားဒီမိုကရေစီအဖွဲ့ချုပ်|
|၁၅။||ဦးလှမျိုးဆွေ||ဗမာတိုင်းရင်းသား||ပြည်နယ်လွှတ်တော်||
|
ပြည်ထောင်စုကြံ့ခိုင်ရေးနှင့်ဖွံ့ဖြိုးရေးပါတီ
|၁၆။||ဗိုလ်မှူးကြီး မြင့်ဝေ||တပ်မတော်သားကိုယ်စားလှယ်||ပြည်နယ်လွှတ်တော်|
|၁၇။||ဗိုလ်မှူးနေထွန်း||တပ်မတော်သားကိုယ်စားလှယ်||ပြည်နယ်လွှတ်တော်|
|၁၈။||ဗိုလ်မှူးအောင်ခိုင်စိုး||တပ်မတော်သားကိုယ်စားလှယ်||ပြည်နယ်လွှတ်တော်|
|၁၉။||ဗိုလ်ကြီးမျိုးမြင့်||တပ်မတော်သားကိုယ်စားလှယ်||ပြည်နယ်လွှတ်တော်|
|၂၀။||ဗိုလ်ကြီးရွှေတိုး||တပ်မတော်သားကိုယ်စားလှယ်||ပြည်နယ်လွှတ်တော်|",1.0,0.0,2.0,2.0,3.0,"The document is a structured list of parliamentary representatives. It provides factual data about local political figures and constituencies, which is useful for reference but lacks narrative or analytical depth. The formatting is inconsistent with broken line breaks, though the content is authentic and uses appropriate local political terminology."
<urn:uuid:87a05a92-ff27-472b-b52c-facf742b96fa>,"ရန်ကုန်၊ ဇန်နဝါရီ ၂၈ ရက် (ဆင်ဟွာ)
မြန်မာနိုင်ငံ၌ အိုမီခရွန်ဗီဇပြောင်းပိုး (SARS-CoV-2 Variant Omicron ) ကို လူ ၇၂ ဦးတွင် ယနေ့ (ဇန်နဝါရီ ၂၈ ရက်) ထပ်မံတွေ့ရှိကြောင်း ကျန်းမာရေးဝန်ကြီးဌာနက ထုတ်ပြန်သော သတင်းအရ သိရသည်။
အဆိုပါ အိုမီခရွန်ဗီဇပြောင်းပိုးတွေ့ရှိသူ ၇၂ ဦးသည် စစ်ကိုင်းတိုင်းဒေသကြီး တမူးမြို့မှ ၄၈ ဦးနှင့် ကလေးမြို့မှ ၂၀ ဦးတို့ဖြစ်ပြီး ယင်းဒေသများမှ ရောက်ရှိလာသူများမှတစ်ဆင့် ထပ်မံကူးစက်ခံရသူ ၃ ဦးနှင့် ကိုဗစ်-၁၉ ရောဂါ သံသယရှိေသာလူနာများမှ ရောဂါအတည်ပြုလူနာ ၁ ဦးတို့ဖြစ်ကြောင်း သိရသည်။
ယနေ့ထိ အိုမီခရွန်ဗီဇပြောင်းပိုးတွေ့ရှိသူ စုစုပေါင်း ၂၈၃ ဦးရှိကြောင်း သိရသည်။
ယင်းရောဂါပိုးတွေ့ရှိသူများအားလုံးကို သီးသန့်ထားရှိလျက် ကုသစောင့်ရှောက်မှုဆောင်ရွက်ထားရှိပြီး ကျန်းမာရေးအခြေအနေကောင်းမွန်လျက်ရှိကြောင်း သိရသည်။ (Xinhua)",2.0,1.0,2.0,5.0,3.0,"The text is a standard, clean news report from Xinhua regarding COVID-19 statistics in Myanmar. It provides factual, straightforward information suitable for general awareness. It uses natural Burmese journalistic phrasing and local geographical references, though it lacks deep reasoning or complex educational content."
<urn:uuid:d9eaea77-ee7b-4ec2-b607-60acfb9f2a86>,"၈ နှစ်အကြာမှာ တတိယ တကိုယ်တော်ခွေ ထွက်လာတဲ့ အဆိုတော် ဂျီလတ်
အဆိုတော် ဂျီလတ်ရဲ့ တတိယမြောက် တကိုယ်တော်အခွေဖြစ်တဲ့ “ဒီဇင်ဘာ ရေဒီယို” ကို ဒုတိယအခွေပြီး ၈ နှစ်အကြာမှာ ထုတ်နိုင်ခဲ့တယ်လို့ သိရပါတယ်။
“ကျနော် ထွက်မယ်လို့ ပြောထားတာ တော်တော်ကြာနေပြီ။ အခု ထွက်ဖြစ်ပြီပေါ့။ အချိန်ကာလက ‘အစွန်း ၂ ဖက်’ Audio နဲ့ဆိုရင် ဒီအခွေက ၈ နှစ်လောက် ကြာသွားတယ်။ ကြားထဲမှာတော့ အစွန်း ၂ ဖက် VCD ထွက်တယ်။ ဒီကြားထဲတော့ အတွဲခွေလေးတွေတော့ ထွက်တော့ ထွက်ဖြစ်ပါတယ်။ တကိုယ်တော်အခွေအနေနဲ့ကတော့ ကြာသွားတာပေါ့။ ကြာသွားတာကလည်း ကျနော်တို့မိသားစု ကျန်းမာရေး ကိစ္စလေးတွေလည်းပါတယ်။ ကျနော် ကိုယ်တိုင်ကလည်း အထနှေးတာလည်း ပါပါတယ်” လို့ ဂျီလတ်က ပြောပါတယ်။
တကိုယ်တော်အခွေ တခွေထွက်နိုင်ဖို့အတွက် နှစ်ကာလအချိန်တွေ ကြာခဲ့တာနဲ့အမျှ သီချင်းဖန်တီးတဲ့ အကြိုက်ပုံစံများလည်း ပြောင်းလဲလာတယ်လို့ ဆိုပါတယ်။
“တခွေတခွေ ထွက်ဖို့ နှစ်ကာလကလည်းကြာတယ်။ အဲ့အချိန်မှာ ကျနော်တို့ အကြိုက်တွေလည်းပြောင်းလာတယ်။ အသက်အရွယ်တွေလည်း ပြောင်းလာတဲ့အခါကျတော့ အဲ့အပေါ်မှာ မူတည်ပြီးတော့ သီချင်းတွေ ပြောင်းပြောင်းသွားတာပေါ့။ သီချင်းတွေရဲ့ ပုံသဏ္ဍာန်တွေရော အတွေးအခေါ်တွေရော ပြောင်းတာပဲပေါ့။ အရွယ်တွေ ကွာသွားပြီ၊ အချိန်တွေ ကွာသွားတော့ တမင်ပြောင်းတာကြီးတော့မဟုတ်ဘူး
ဆက်လက်ပြီး ဂျီလတ်က “သီချင်းတွေရဲ့ အပြောင်းအလဲကတော့ ကျနော်တို့ အသက်အရွယ်အပြောင်းအလဲပါပဲ။ ဒီအချိန်မှာ ကျနော်က ကောင်မလေးကို တယ်လီဖုန်းဆက်လို့ မရလို့ တညလုံးအိပ်လို့ မရဘူးဆိုတဲ့ စာသားမျိုးကို ဆိုစရာ အကြောင်းလည်း မရှိတော့ဘူး။ ဒီလိုတော့ ကွာသွားမှာပေါ့။ ဒီထဲမှာ နားထောင်ကြည့်ရင် ဒါမျိုးကို တွေ့ရမှာပါ” လို့ ပြောပါတယ်။
ယခု “ဒီဇင်ဘာ ရေဒီယို” အခွေမှာတော့ သီချင်း ၁၂ ပုဒ် ပါဝင်ပြီး အချစ်သီချင်း ၅ ပုဒ်နဲ့ အချစ်သီချင်း မဟုတ်တဲ့ သီချင်း ၇ ပုဒ် ပါဝင်တယ်လို့ သိရပါတယ်။
“ဒီအခွေက တည်ရင်းတည်ရင်းနဲ့ အချစ်သီချင်းတွေ မပါသလို ဖြစ်လာတာ။ ၁၀ ပုဒ်လောက်မှာ အချစ်သီချင်းက မပါတော့ ပြန်ထည့်ရတာပေါ့။ တချို့ဟာလေးတွေ ရှေ့တိုးနောက်ဆုတ် လုပ်ကြရတာပေါ့။ ၅ ပုဒ်ပဲ ပါတယ်။ ကျန်တဲ့ ၇ ပုဒ်က အချစ်သီချင်း မဟုတ်တဲ့ အကြောင်းအရာလေးကို ချဉ်းကပ်ထားတာပေါ့”လို့ ဂျီလတ်က ပြောပါတယ်။
ဒီအခွေကိုတော့ ဒီဇင်ဘာလ ၁၈ ရက်နေ့မှာ စတင်ကာ ရောင်းချနေပြီဖြစ်ပြီး သီချင်းများကိုတော့ NC 13 Band က တီးခတ်ပေးထားပြီး တေးရေးဆရာများအနေနဲ့ အောင်ကိုမြင့်၊ ဗီနိုထွန်း၊ ကမ္ဘာ၊ မာရှယ်၊ အောင်လ၊ လင်းနစ်၊ ချစ်မင်းတို့က ရေးသားပေးထားတယ်လို့ သိရပါတယ်။
“ဒီဇင်ဘာ ရေဒီယို”ဆိုတဲ့ နာမည် ဖြစ်တည်လာတာနဲ့ ပတ်သက်ပြီးတော့လည်း ဂျီလတ်က “ဒီဇင်ဘာ ရေဒီယိုဆိုတဲ့ အကြောင်းတရားကို စကတည်းက ကျနော့် အစ်ကိုအကြီးက ကျနော်က ဒီဇင်ဘာလမှာ မွေးလို့ ဒီဇင်ဘာ ရေဒီယိုဆိုပြီး စပေးခဲ့တာ အဓိကတော့ အဲ့လို ချိတ်ဆက်မှုလေးတွေ ရှိတယ်။ ထွက်ချင်တာကတော့ မွေးနေ့မှာထွက်ချင်တာ မထွက်လိုက်နိုင်ဘူး” လို့ ပြောပါတယ်။
အဆိုတော် ဂျီလတ်ကတော့ လာမယ့် New Year မှာလည်း The Radio Bar မှာ Show ပွဲတပွဲ ပြုလုပ်သွားမှာဖြစ်တယ်လို့ သိရပါတယ်။
You may also like these stories:",1.0,1.0,1.0,4.0,4.0,"The text is a standard entertainment news article about a Burmese singer. It provides basic information about a music release but lacks educational depth or complex reasoning. It is written in natural, idiomatic Burmese, reflecting local celebrity culture and industry practices, though it contains some boilerplate 'You may also like' text at the end."
<urn:uuid:d2d7909e-663c-4beb-aa89-5024c1090035>,"ေမလ ၂၇၊ ၂၀၀၉။ ကေလးေတြမွာ ေမြးရာပါ ခ်ိဳ႕ယြင္းမႈေတြ မျဖစ္ေစဖို႕ ကိုယ္၀န္ေဆာင္မိခင္ေတြ ေဖာလစ္အက္ဆစ္သံုးစဲြၾကပါလို႕ ဆရာ၀န္ေတြ လမ္းညႊန္ေလ့ရိွပါတယ္။ တခ်ိန္တည္းမွာပဲ လိုအပ္တာထက္ ေဖာလစ္အက္ဆစ္ အသံုးျပဳမိရင္ ဘယ္လို ဆိုးက်ိဳးေတြ ရင္ဆိုင္ရႏိုင္ပါသလဲ၊ စိုးရိမ္သူေတြလည္း ရိွေနပါတယ္။
ေဖာလစ္အက္ဆစ္ကို ဘာလို႕ သံုးစဲြသင့္သလဲ၊ သံုးစဲြသင့္တဲ့ ပမာဏအတိုင္းအတာဘယ္ေလာက္လဲ၊ လိုအပ္တာထက္ ပိုသံုးစဲြမိရင္ ဘယ္လို ဆိုးက်ိဳးအာနိသင္ေတြ ရင္ဆိုင္ရမလဲ။ ကေနဒါႏိုင္ငံ အယ္ဘာတာတကၠသိုလ္က ေဒါက္တာခင္ေစာ၀င္းကို ဒီအပတ္က်န္းမာေရးအစီအစဥ္မွာ ဆက္သြယ္ေမးျမန္းထားပါတယ္။",3.0,2.0,2.0,5.0,4.0,"The text provides clear, educational health information regarding folic acid usage during pregnancy. It uses natural Burmese phrasing, including appropriate honorifics and professional context. It is well-structured, free of noise, and presents a coherent introduction to a health topic, though it functions as an introductory segment rather than a comprehensive analysis."
<urn:uuid:04a90d02-1240-4fb6-9dd3-561f4075bb85>,"COVID – 19 ရောဂါကုသရေးဌာန (အောင်မြင့်မိုရ်အိမ်ရာ) သို့ ပစ္စည်းများ လှုဒါန်းခဲ့ခြင်း
မြန်မာနိုင်ငံအထည်ချူပ်လုပ်ငန်းရှင်များအသင်း(MGMA)မှ ကုတင် အလုံး ၃၀၀ (တန်ဖိုးငွေကျပ် ၉,၈၄၀,၀၀၀ ဖိုး)၊ Korea Garment Association in Myanmar (KOGAM)မှ Electric Cooker အလုံး ၈၀၀ (တန်ဖိုးငွေကျပ် ၂၀,၀၀၀,၀၀၀ ဖိုး) နှင့် Hong Kong Myanmar Manufacturers Association in Myanmar မှ ဆရာဝန်များ အသုံးပြုနိုင်ရန် စာရေးကိရိယာများ (တန်ဖိုးငွေကျပ် ၁,၃၉၁,၀၀၀ ဖိုး) အစရှိသည်တို့ကို အထည်ချုပ်လုပ်ငန်းရှင်များအသင်း (၃) သင်း(MGMA,KOGAM,HKMMA) တို့ ပူးပေါင်း၍COVID – 19 ရောဂါကုသရေးဌာန၊ ဒဂုံမြို့သစ်တောင်ပိုင်း (အောင်မြင့်မိုရ်အိမ်ရာ) သို့ ၂၀၂၀ ပြည့်နှစ် အောက်တိုဘာလ (၃) ရက်နေ့တွင် လှုဒါန်းခဲ့ပြီး ဆေးရုံအုပ်ကြီးမှ ဂုဏ်ပြုမှတ်တမ်းလွှာပြန်လည်ပေးအပ်ခဲ့ပါသည်။ အသင်းကြီး၏ CSR activities များကိုလည်း ဆက်လက်အကျိုးပြုလုပ်ဆောင်သွားမည် ဖြစ်ပါသည်။",1.0,1.0,2.0,5.0,4.0,"The text is a factual report on a corporate social responsibility donation. It is clean, well-formatted, and uses natural Burmese phrasing and local organizational context. While it lacks deep educational or reasoning complexity, it is a clear, professional, and culturally authentic account of a specific event."
<urn:uuid:62720720-a4b8-4ec3-9a76-d4cd5cdca29d>,"အာဖဂန်က ဆေးရုံတခု ဗုံးခွဲတိုက်ခိုက်ခံရ
အာဖဂန်နစ္စတန်အရှေ့တောင်ပိုင်း လောဂါ ပြည်နယ်က ဆေးရုံတခု ဗုံးခွဲ တိုက်ခိုက်ခံ ရ တဲ့တွက် ဆေးရုံပြိုကျ ပျက်ဆီးပြီး၊ လူနာ တွေ ဆရာဝန်တွေနဲ့ သူနာပြုတွေ အပါ အဝင် လူအတော်များများ သေဆုံးသွား ပါတယ်။
သေဆုံးသူအရေအတွက်နဲ့ ပတ်သက်ပြီး ရှင်းရှင်းလင်းလင်း မသိရသေးပေမယ့် ခန့်မှန်းခြေအရေတော့ လူ ၂၀ ကနေ ၆၀ လောက် သေဆုံးသွားတယ်လို့ သတင်းတွေက ဆိုပါတယ်။ လူပေါင်း ၁၀၀ ကျော်လည်း ဒဏ်ရာရရှိသွားကြပါတယ်။
အာဖဂန်စစ်သားတွေဟာ အပျက်အဆီးတွေ အောက်မှာ အသက်ရှင်ကျန်ရစ်သူတွေ ရှိလို ရှိငြား ရှာဖွေနေကြပါတယ်။
တာလီဘန်တွေကတော့ အခုလို အရပ်သားတွေကို ပစ်မှတ်ထားပြီး တိုက်ခိုက်တာမျိုး သူတို့ မလုပ်ဘူးလို့ ငြင်းဆိုပါတယ်။
အာဖဂန် ထောက်လှမ်းရေး အရာရှိတွေ အပြောအရ၊ တိုက်ခိုက်မှုဟာ ဆေးရုံကို ပစ်မှတ် ထားတာ မဟုတ်နိုင်ကြောင်း၊ ဒါပေမယ့် ရဲက လိုက်တဲ့အချိန်မှာ အသေခံ ဗုံးခွဲသမား ဟာ သူ့ကားကို ဖေါက်ခွဲလိုက်တာလို့ ဆိုပါတယ်။",2.0,2.0,2.0,5.0,3.0,"The text is a straightforward news report about a bombing in Afghanistan. It provides basic factual information suitable for general awareness. The language is natural Burmese, reflecting standard journalistic reporting styles. It lacks complex reasoning or deep academic value, but is clean, well-formatted, and free of boilerplate or intrusive advertisements."
<urn:uuid:cdbe96c8-6c43-44e8-aa6e-eba8b1fb383c>,"ပြီးခဲ့သည့်နွေရာသီကပညာရေးတွင် Austin Partners သည် Austin ISD P-TECH တိုးချဲ့မှုကိုထောက်ပံ့ရန် Texas Greater Foundation မှ $450,000 ကိုလက်ခံရရှိခဲ့သည်။ ကျွန်ုပ်တို့သည်ဤစာသင်ချိန်တွင်၎င်းတို့နှင့်ကျွန်ုပ်တို့၏အလုပ်ကိုဆက်လက်လုပ်ကိုင်နေစဉ်တွင် Akins အစောပိုင်းကောလိပ်အထက်တန်းကျောင်းတွင်ကျွန်ုပ်တို့၏စီမံကိန်းသုတေသနကိုအာရုံစူးစိုက်သည်။ ပြီးခဲ့သည့်ဆောင်း ဦး ရာသီ၌သင်လွဲချော်ခဲ့ပါကကျွန်ုပ်တို့၏ကန ဦး ကြေငြာချက်ကိုပြန်လည်မျှဝေလိုသည်။ Austin ISD ကျောင်းသားများကိုရေရှည်အောင်မြင်မှုအတွက်ပြင်ဆင်ပေးမည့်စိတ်လှုပ်ရှားဖွယ်ကောင်းသောဤစီမံကိန်းအကြောင်းသင်နှင့်ပိုမိုမျှဝေလိုပါသည်။
တစ် ဦး ထံမှ $450,000 ထောက်ပံ့ငွေ သာ။ ကွီးမွတျတက္ကဆက်ဖောင်ဒေးရှင်း (GTF) သည် Austin Partners မှပညာရေး (APIE) ၏အားထုတ်မှုများကို Career Launch / P-TECH အစပျိုးမှုနှင့်တိုးချဲ့ရန်စံပြဖန်တီးရန်အားထုတ်လိမ့်မည် Austin ISD လာမည့်သုံးနှစ်အတွင်း။ အလုပ်အကိုင်ရှာဖွေရေး Launch / P-TECH အစီအစဉ်များသည်အထက်တန်းကျောင်းသားများအားဘွဲ့ရပြီးနောက်အသက်မွေး ၀ မ်းကျောင်းအလုပ်အကိုင်များရရှိရန်လိုအပ်သောဗဟုသုတ၊ ကျွမ်းကျင်မှုနှင့်အထောက်အထားများဖြင့်ပြင်ဆင်ထားသည်။ Career Launch / P-TECH အစီအစဉ်များတွင်ရင်းနှီးမြှုပ်နှံခြင်းဖြင့်ကျောင်းသားများသည်သူတို့၏ရပ်ကွက်ရှိအလုပ်များအတွက်ယှဉ်ပြိုင်နိုင်စွမ်းရှိရန်သေချာစေသည်။
တက္ကဆက်ကျောင်းသားအောင်မြင်မှုအတွက်ဆောက်လုပ်ရေးလမ်းကြောင်းများမှတဆင့် APIE သည်သုတေသနပြုခြင်းနှင့်လိုအပ်ချက်များကိုဖြည့်ဆည်းရန်၊ အရင်းအမြစ်ကွာဟချက်များကိုဖော်ထုတ်ခြင်းနှင့်အလယ်တန်းကျောင်းအဆင့် မှစတင်၍ ပညာရေးအထောက်အပံ့များအားပိုမိုခိုင်မာစေရန်စိတ်ကြိုက်မဟာဗျူဟာများဖန်တီးရန်စီစဉ်သည်။ ၎င်းသည်အထက်တန်းကျောင်းတွင်ကောလိပ်အဆင့်သင်ကြားမှုကိုအောင်မြင်စွာတက်ရောက်နိုင်ပြီး၊ သက်မွေး ၀ မ်းကျောင်းဘွဲ့နှင့် / သို့မဟုတ်စက်မှုလုပ်ငန်းဆိုင်ရာအထူးအချက်အလက်များပါဝင်သော Career Launch / P-TECH အစီအစဉ်မှထွက်ပေါ်လာမည့်ကျောင်းသားများအတွက်ပိုက်လိုင်းတစ်ခုတည်ဆောက်ရန်ကူညီလိမ့်မည်။
COVID-19 ကြောင့်လာမည့်စာသင်နှစ်နှင့် ပတ်သက်၍ မသေချာမရေရာမှုများရှိနေသော်လည်းယခုနှစ်plannedဂုတ်လတွင်စီစဉ်ထားသည့်အတိုင်းအစီအစဉ်သည်ရှေ့ဆက်သွားမည်ဖြစ်သည်။ APIE သည်ကျောင်းခရိုင်၊ စီမံကိန်းစီးပွားရေးလုပ်ဖော်ကိုင်ဖက်များနှင့်နီးကပ်စွာအတူတကွအလုပ်လုပ်သည်။
APIE သည်သူတို့၏စီမံကိန်းသုတေသနတွင်အာရုံစူးစိုက်လိမ့်မည် Akins အစောပိုင်းကောလိပ် High School တွင် (ECHS) ကယခုနှစ်ကျရင်အလုပ်အကိုင်ရှာဖွေရေး Launch / P-TECH အစီအစဉ်သစ်နှစ်ခုကိုစတင်တော့မှာပါ။ Realtors ၏ Austin ဘုတ်အဖွဲ့ Austin ISD နှင့်ဒေသန္တရတက္ကသိုလ် ၃ ခုနှင့် ပူးပေါင်း၍ သင်ကြားရေးအစီအစဉ်တစ်ခုလည်းဖြစ်သည်။ APIE သည် Akins ECHS နှင့်ခိုင်မာသည့်မိတ်ဖက်တစ်ခုရှိပြီးလွန်ခဲ့သောဆယ်နှစ်တွင်သူတို့၏ကောလိပ်အဆင်သင့်အစီအစဉ်ကိုကမ်းလှမ်းခဲ့သည်။
Akie အစောပိုင်းကောလိပ်အထက်တန်းကျောင်းမှကျောင်းအုပ်ကြီး Tina Salazar က“ APIE ရဲ့ကောလိပ်အဆင်သင့်ဖြစ်မှုအစီအစဉ်မှာကျောင်းသားတွေဟာတစ်နှစ်ပြီးတစ်နှစ်ရလဒ်ကောင်းတွေရခဲ့ကြတာပါ။ ကျွန်ုပ်တို့၏ Career Launch / P-TECH အစီအစဉ်၏နောက်အဆင့်သည် Akins ၌ယခုဆောင်း ဦး ရာသီ၌စတင်သည်နှင့် APIE ၏အကူအညီသည်ယခင်ကထက် ပို၍ အရေးကြီးပြီးကျွန်ုပ်တို့၏ပူးပေါင်းမှုကိုအဆင့်သစ်သို့တက်ခွင့်ပေးလိမ့်မည်။
ဤစီမံချက်သည် APIE ၏သိသာထင်ရှားသည့်စနစ်တကျအတားအဆီးများကိုရင်ဆိုင်သောကျောင်းသားများကိုကူညီရန်ကတိကဝတ်ကိုထင်ဟပ်သည်။ Akins ECHS တွင် Austin ISD တွင်ဒုတိယအကြီးဆုံးအထက်တန်းကျောင်းရှိကျောင်းသား ၂၇၀၀ ကျော်ရှိသည်။ ကျောင်းသား ၇၇.၇ ရာခိုင်နှုန်းသည်ဟစ်စပန်းနစ်ဖြစ်ပြီး ၅.၇ ရာခိုင်နှုန်းမှာလူမည်းများဖြစ်သည်။ ထို့အပြင် ၆၁.၂ ရာခိုင်နှုန်းသည်စီးပွားရေးအရအခွင့်အလမ်းနည်းပါးပြီး ၁၉ ရာခိုင်နှုန်းမှာအင်္ဂလိပ်ဘာသာသင်ကြားသူများဖြစ်ပြီး ၁၂.၈ ရာခိုင်နှုန်းသည်အထူးပညာရေးတွင်ပါ ၀ င်ကြသည်။
""တက္ကဆက်ပြည်နယ်အလယ်ပိုင်းမှာရှိတဲ့အလုပ်အကိုင်သုံးပုံနှစ်ပုံဟာဒုတိယအဆင့်အသိအမှတ်ပြုလက်မှတ်တွေလိုအပ်တယ်။ ဒါပေမဲ့လူကြီးလူငယ် ၄၂ ရာခိုင်နှုန်းကသာဒီလိုအပ်ချက်တွေကိုဖြည့်ဆည်းပေးတယ်၊ နှင့်ပညာရေးဆိုင်ရာ Austin Partners ၏အမှုဆောင်ဒါရိုက်တာကပြောကြားသည်။ “ Career Launch / P-TECH အစီအစဉ်များတွင်ပါ ၀ င်ခြင်းအားဖြင့်ကျောင်းသားများအနေဖြင့်အထက်တန်းကျောင်းနှင့်ကောလိပ်အကြွေးများကိုအလုပ်အကိုင်အခြေပြုသင်ကြားရေးအတွေ့အကြုံများနှင့်တွဲဖက်ပြီး၊ အသေးစိတ်ပရိုဂရမ်ပုံစံ၏ဖွံ့ဖြိုးတိုးတက်မှုသည်ကျွန်ုပ်တို့၏အလုပ်သည် Austin ISD တစ်လျှောက်သာမကတက္ကဆက်ပြည်နယ်တစ်လျှောက်ရှိကျောင်းသားများအားပါ ၀ င်နိုင်သည့်အလားအလာရှိသည်ဟုဆိုလိုသည်။ ကျွန်ုပ်တို့၏အလုပ်နှင့်ကျွန်ုပ်တို့၏ကျောင်းသားများအားရေရှည်ကတိကဝတ်ပြုမှုကိုထောက်ပံ့ပေးသည့်အတွက်သာ။ ကြီးမြတ်တက္ကဆက်ဖောင်ဒေးရှင်းအားကျွန်ုပ်တို့ကျေးဇူးတင်ပါသည်။",3.0,2.0,3.0,3.0,1.0,"The text provides informative content about an educational initiative, but the Burmese phrasing is clearly machine-translated, resulting in awkward syntax and unnatural honorifics. It lacks local cultural context as it describes a specific US-based school district program, making it feel like a translated press release rather than authentic Burmese content."
<urn:uuid:aa10236b-3b97-4d0f-be11-91c72e676f5a>,"အဘယ်သူမျှမ Hub ပိုက်, လျောက်ပတ်, နားချင်းဆက်မှီ
ကုန်ပစ္စည်းအသေးစိတ်
အမြဲမေးလေ့ရှိသောမေးခွန်းများ
ကုန်ပစ္စည်းအမှတ်အသားများ
M&E သည်နှစ်ပေါင်း ၃၀ ကျော်အတွင်းပိုက်များနှင့်တပ်ဆင်ခြင်းများ၊ အဘယ်သူမျှမ Hub ပိုက်များနှင့် fittings ASTM A888 အမေရိကန်စံနှုန်းများ, CSAB70 ကနေဒါစံနှင့် EN877 ဥရောပစံနှုန်းများအဖြစ်လုပ်နေကြသည်။ MMCST အမှတ်အသားအတွက် IAMPO (UPC အမှတ်အသားဖြင့်) နှင့် CSA တွင်“ HB” အမှတ်အသားအတွက် hub pipe နှင့် fittings များကိုကျွန်ုပ်တို့မှတ်ပုံတင်ထားခြင်းမရှိပါ။
ပိုက်များနှင့်တပ်ဆင်မှုများဖြင့်ကျွန်ုပ်တို့သည် ၁-၁ / ၂” မှ ၁၀” အထိအရွယ်အစားအမျိုးမျိုးရှိသောသံမဏိအဆက်များကိုထောက်ပံ့ပေးသည်။ သံမဏိ (သို့မဟုတ်ပုံသွင်းသောသံ) ပိုက် / ပြွန်ညှပ်များနှင့်သံကြိုးများ၊ စသည်
၁။ ၁-၁ / ၂ မှ ၁၅ အထိရှိသောအရွယ်အစားရှိသောပိုက်များမရှိပါ။
၂။ မည်သည့်အချက်အချာကျသောပစ္စည်းကိရိယာမဆို
ကွေး (ကွေးတို, ကွေးရှည်) / Wye / နှစ်ထပ် Wye / Tee / Reducer / ပေါင်းစပ် / နှစ်ထပ်ပေါင်းစပ် / သန့်ရှင်းရေးလက်ဝါးကပ်တိုင် / သန့်ရှင်း CrossTapped / Adpater / မျက်စိကန်းသော plug ကို / သံခန္ဓာကိုယ်သန့်ရှင်းရေးပုတ် / P-trap / နက်ရှိုင်းသောတံဆိပျကို P-trap / P ပလတ်စတစ်နှင့်အပေါက် / ပိတ်အပေါက်နှင့်ပါ ၀ င်သောလမ်းကွောင်း / နှစ်လမ်းသန့်ရှင်းရေး / ဗီရိုကွေး / ခေါက်အနားကွပ်ထည် / ခုံတန်းလျားအနားကွပ်များ (စက်ပိုင်းဆိုင်ရာ) / DVT / နောက်ခံအဆို့ရှင် / SVT / လျှော့ချခြင်း / P-trap / စမ်းသပ်မှုပြားနှင့်ကြမ်းပြင်အနားကွပ် - ကြေးဝါအဖုံးနှင့်အတူလိုင်း, etc ... ..
၃။ ပိုက်နှင့်ရေနုတ်မြောင်းထုတ်ကုန်များမှာ -
ကြမ်းပြင်ယိုစီးမှု / အိန်ဂျယ်ကြမ်းပြင်ယိုစီးမှု / ခေါင်မိုးယိုစီးမှု / ကြေးဝါ VERTICAL WALL PIT ရေနုတ်မြောင်း / ကြေးဝါသန့်ရှင်းရေး / Satin ကြေးဝါချန်နယ်ဆန်ခါ / ကြေးဝါနှင့်နီကယ်ကြေးဝါ STRAINER, ASSY
နောက်ကျောရေအဆို့ရှင် / သယ်ဆောင် / မျက်နှာပန်းကန် / အမိုးခုံး / ရထား / Hydrant / တုတ်ကျင်းယိုစီးခြင်း / တိုးချဲ့ပူးတွဲ / ဝက်ဝံဒယ်အိုး / ကြားဖြတ် / ခန္ဓာကိုယ် / ကော်လာ / ဆန်ခါ / အဖုံး / လက်စွပ် /, ဝက်အူ, မူလီ, အဝတ်လျှော်, အခွံမာသီး, ပလပ်စတစ်နို့သီးခေါငျး, ပုံးပုံးနှင့်အတူ , စည်းဝေးပွဲကို။
သံမဏိ၊ သံမဏိ၊ သံမဏိ၊ သံမဏိ၊ ကြေးဝါ၊ နီကယ်ကြေး၊ အလူမီနီယမ်၊ ABS ပလတ်စတစ်၊ EPDM / Neoprene ရော်ဘာ gasket ဖြင့်ပြုလုပ်ထားသောပစ္စည်း။
Casting လုပ်ငန်းစဉ် အစိမ်းရောင်သဲပုံခြင်း, ဗဓေလသစ်သဲသွန်း, shell ကိုမှိုသတ္တုများပုံသွန်း, ပုံနှိပ်ခြင်း, တူးဖော်ခြင်း, Centrifugal သတ္တုများပုံသွန်း, အလျားလိုက်လိုင်းပုံသွန်း, ပုံသွန်းလိုင်းညှစ်, အမြဲတမ်းပုံသွန်း, ရင်းနှီးမြှုပ်နှံမှု Casting (ရေ - ဖန်, silica-sol)
4) စုံတွဲ: ငါတို့ထောက်ပံ့
- ဂဟေဆော်ထားသည့် (သို့မဟုတ်မပါဘဲ) ဂဟေဆော်ထားသောအိမ်ဒီဇိုင်း၊ ဖောက်ထားခြင်းမရှိသောအမျိုးအစား၊ interlock housing ဒီဇိုင်းနှင့်အတူမဖောက်ထားသည့်အမျိုးအစား၊
–British type hose clamp ပြွန် (သို့မဟုတ်ဂဟေဆော်သော) အိုးအိမ်၊
–Italy အမျိုးအစားရေပိုက်ညှပ်, လျင်မြန်စွာလွှတ်ပေးရန်ညှပ်,
perforated and interlock design hose clamp - အမေရိကန်အမျိုးအစား။ လက်ကိုင်ဖြင့်ဖောက်ထားသည့်ညှပ်; T-bolt clamp, spring clamp ပါသော T-bolt, unitary ညှပ်, ရာဘာနှင့် P-clip ။
သင်သည်မည်သည့်အထူးလိုအပ်ချက်များအတွက်ကျွန်တော်တို့ကိုဆက်သွယ်နိုင်ပါသည်။ တဖန်သင်တို့အရည်အချင်းပြည့်ထုတ်ကုန်များနှင့်အတူထောက်ပံ့ပါလိမ့်မည်။",1.0,1.0,3.0,2.0,1.0,"The document is a product catalog for industrial piping and plumbing components. It lacks educational depth or complex reasoning. It requires technical knowledge of plumbing hardware to understand, making it moderately professional. The text contains significant machine-translation artifacts and boilerplate formatting, though it is readable. It lacks authentic cultural nuance, appearing as a generic commercial translation."
<urn:uuid:22dc55aa-2afe-4f26-9c29-d20829529bf4>,"ပိုင်ရှင်ကိုယ်တိုင်တိုက်ခန်းအမြန်ရောင်းမည်
340 Ks
-
အမ်ိဳးအစား:
-
ပိုင္ရွင္ကိုယ္တိုင္ တိုက္ခန္းအျမန္ေရာင္းမည္
လိႈင္ၿမိဳ႔နယ္ ပါရမီစိန္ေဂဟာအနီး ဦးေအးလမ္းသြယ္မွာ တည္ရိွၿပီး ၁၂ေပခြဲ ၄၇ေပရိွ ၃လႊာတိုက္ခန္းေလးျဖစ္ပါတယ္၊ အခန္းကို ကိုရီးယားပါေကး ႏွင့္ ေႂကြပးတို႔ခင္းေပးထားၿပီး လွပစြာျပင္ဆင္ေပးထားတဲ့ပါတယ္၊ ျပဴတင္းေပါက္တိုင္းကို သံပန္းမ်ား တပ္ဆင္ေပးထားတဲ့အျပင္ ပိုမိုက်က္သေရရိွေစရန္ ကတီပါခန္းဆီးလိုက္ကာမ်ား ဆင္ျမန္းေပးထားပါတယ္၊
အသစ္စက္စက္ ဆိုဖာစက္တီတစံု ႏွင့္ ရိႈးေက့ဘီဒိုတလံုး ကို လက္ေဆာင္အျဖစ္ထည္ပးထားပါတယ္။ အလွဆင္မီးမ်ား၊ နံရံကပ္မီးမ်ားျဖင့္ ျပၫ့္စံုစြာျပင္ဆင္ထားၿပီး ဗိုလ္ထိုင္အိမ္သာျဖစ္ပါတယ္။
၃၄၀ သိန္းႏွင့္ ပိုင္ရွင္ကိုယ္တိုင္ ၫွိႏိႈင္းၿပီး ေရာင္းခ်ေပးေနပါၿပီ။
၀၉၇၉၉၅၇၆၂၀၁
ဘဏ္ႏွင့္ခ်ိတ္ဆက္ဝယ္ယူျခင္းသီးခံပါ။",0.0,0.0,1.0,2.0,3.0,"This is a real estate advertisement. It lacks educational or reasoning value. It is simple to comprehend (professionalism 1). It contains some boilerplate and formatting issues (cleanliness 2). It uses natural Burmese phrasing and local real estate terminology, reflecting authentic local market practices (cultural nuances 3)."
<urn:uuid:96ddaaa8-b6b3-48f7-b2d1-1d51c6d06477>,"လြန္ခဲ့တဲ့ ႏွစ္ေပါင္း ၃၀၀ ေလာက္က ေသဆံုးခဲ့သူအမ်ိဳးသမီးငယ္ (အျပစ္ကင္းသည့္ သူေတာင္စင္ကေလးဟုေခၚၾက) အေလာင္းကို ဖေယာင္းသြင္းၿပီး ေဆးရည္စိမ္ကာ မွန္ခန္းအတြင္း ထည့္ထားခဲ့တာျဖစ္ပါတယ္။ အဲဒီျပတိုက္အတြင္းကို ခရီးသြားေတြ လာေရာက္ေလ့လာေလ့ရွိပါတယ္။ ခရီးသြားတစ္ဦးက သူေတာင္စင္ အမ်ိဳးသမီးငယ္႐ုပ္အေလာင္း ထည့္ထားတဲ့ မွန္အေခါင္းကို ဓာတ္ပံု႐ိုက္လိုက္တဲ့ အခ်ိန္မွာ မ်က္လံုးပြင့္လာတာလို႔ ဆိုပါတယ္။
ဒီဗီဒီယုိဖုိင္ကို Yourtube မွာတင္ၿပီးေနာက္ ဝင္ေရာက္ၾကည့္႐ႈၾကတဲ့ အႀကိမ္ေရ တစ္သန္းနီးပါးရွိေနၿပီျဖစ္ပါတယ္။ ႏွစ္ ၃၀၀ ေလာက္ရွိၿပီျဖစ္ေပမယ့္ အမ်ိဳးသမီးငယ္ရဲ႕ မ်က္ႏွာဟာ မပုပ္သိုး၊ မေဆြးေျမ့ပဲရွိခဲ့တယ္လို႔ သိရပါတယ္။ အခ်ိဳ႕ကေတာ့ ဒီျဖစ္ရပ္ကို မယံုၾကည္ၾကဘူးလို႔ လူမႈကြန္ယက္ကမွာ ေဝဖန္လွ်က္ရွိပါတယ္။
ဖိုးသူေတာ္ (www.phothutaw.com)
Credit : Duwun
#Unicode Version
မက္ကဆီကိုနိုင်ငံက Cathedral of Guadalajara ပြတိုက်မှာ ထားရှိတဲ့ သူတော်စင်ရုပ်အလောင်းဟာ နှစ်ပေါင်း ၃၀၀ အကြာမှ ရုတ်တရက် မျက်လုံးပွင့်လာခဲ့တယ်လို့ သိရပါတယ်။
လွန်ခဲ့တဲ့ နှစ်ပေါင်း ၃၀၀ လောက်က သေဆုံးခဲ့သူအမျိုးသမီးငယ် (အပြစ်ကင်းသည့် သူတောင်စင်ကလေးဟုခေါ်ကြ) အလောင်းကို ဖယောင်းသွင်းပြီး ဆေးရည်စိမ်ကာ မှန်ခန်းအတွင်း ထည့်ထားခဲ့တာဖြစ်ပါတယ်။ အဲဒီပြတိုက်အတွင်းကို ခရီးသွားတွေ လာရောက်လေ့လာလေ့ရှိပါတယ်။ ခရီးသွားတစ်ဦးက သူတောင်စင် အမျိုးသမီးငယ်ရုပ်အလောင်း ထည့်ထားတဲ့ မှန်အခေါင်းကို ဓာတ်ပုံရိုက်လိုက်တဲ့ အချိန်မှာ မျက်လုံးပွင့်လာတာလို့ ဆိုပါတယ်။
ဒီဗီဒီယိုဖိုင်ကို Yourtube မှာတင်ပြီးနောက် ဝင်ရောက်ကြည့်ရှုကြတဲ့ အကြိမ်ရေ တစ်သန်းနီးပါးရှိနေပြီဖြစ်ပါတယ်။ နှစ် ၃၀၀ လောက်ရှိပြီဖြစ်ပေမယ့် အမျိုးသမီးငယ်ရဲ့ မျက်နှာဟာ မပုပ်သိုး၊ မဆွေးမြေ့ပဲရှိခဲ့တယ်လို့ သိရပါတယ်။ အချို့ကတော့ ဒီဖြစ်ရပ်ကို မယုံကြည်ကြဘူးလို့ လူမှုကွန်ယက်ကမှာ ဝေဖန်လျှက်ရှိပါတယ်။
ဖိုးသူတော် (www.phothutaw.com)
Credit : Duwun",1.0,1.0,1.0,4.0,3.0,"The text is a short, sensationalist news snippet about a viral video. It lacks educational depth or complex reasoning. It is written in natural, accessible Burmese, including both Zawgyi and Unicode versions, which is common in local digital media. It is clean and readable, though it functions as a brief entertainment report rather than a formal article."
<urn:uuid:261d31c0-a9eb-42a6-a84f-acddd864c508>,"|ဓာတ္ပုံမ်ား- သီဟတုိး/The Irrawaddy|
Hip Hop ဂီတကိုႏွစ္သက္ၿပီး Hip Hop ဂီတသမားေတြရဲ႕ Fashion အတိုင္း လိုက္ဝတ္ၾကတဲ့ ေခတ္ေရစီးေၾကာင္းထဲက လူငယ္ေတြအတြက္ အထာက်တဲ့ Hip Hop Fashion ေတြ ဝတ္စားဆင္ယင္တဲ့အခါ Bling-bling လို႔ေခၚတဲ့ အေရာင္ၿပိဳးၿပိဳးျပက္ျပက္ ဆြဲႀကိဳးႀကီးေတြက မပါမျဖစ္ပါပဲ။
ဒီလို Bling-bling ေတြကို လည္ပင္းမွာဆြဲၿပီး ဝတ္ဆင္တဲ့အခါ ကိုယ္ဝတ္ထားတဲ့ အဝတ္အစား ဖက္ရွင္က ပိုထင္းၿပီး ပိုအထာက်တယ္လို႔ Hip Hop ဖက္ရွင္ကို ႏွစ္သက္စြာ ဝတ္ဆင္ၾကတဲ့ လူငယ္ေတြက ဆုိပါတယ္။ ဒီလို Bling-bling ေတြကို လူငယ္ေတြမွာ ေယာက်ာ္းေလးေတြသာမက မိန္းကေလးေတြပါ ဝတ္ဆင္ၾကပါတယ္။
Bling- bling ဆုိတာကေတာ့ Hip Hop Culture မွာ လူသိမ်ားတဲ့ ဗန္းစကားတခုျဖစ္ပါတယ္။ အဓိပၸါယ္ကေတာ့ ေတာက္ေျပာင္လြန္းၿပီး ထင္ေပၚေအာင္ အေသးစိတ္၊ အႏုစိတ္ ေသခ်ာ တန္ဆာဆင္ထားတဲ့ (သယ္ယူလို႔ရသလို၊ ဝတ္ဆင္လို႔လည္းရတဲ့) ၿပိဳးၿပိဳးျပက္ျပက္ Accessories ပစၥည္းေတြကို ေခၚေဝၚတာလို႔ သိရပါတယ္။
အခုေနာက္ပိုင္း ဒီေန႔ေခတ္ေရစီးေၾကာင္းထဲက လူငယ္ေတြက Hip Hop Fashion, Hip Hop Accessories ေတြကို Hip Hop Show ပြဲေတြမွာ သာမက အျပင္မွာလည္း သေဘာက် ႏွစ္ၿခိဳက္စြာနဲ႔ တြင္တြင္က်ယ္က်ယ္ ဝတ္စားလာေနၾကပါၿပီ။ မၾကာေသးမီက က်င္းပၿပီးစီးသြားတဲ့ ၂၀၁၅ မဟာအတာသႀကၤန္ပြဲေတာ္မွာဆုိရင္လည္း အထာက်တဲ့ Hip Hop Fashion ေတြကို Bling-bling ေတြနဲ႔ တြဲဖက္ဝတ္ဆင္ၾကတာကို ရန္ကုန္ၿမိဳ႕က လူငယ္ေတြမ်ားတဲ့ ေရကစားမ႑ပ္ေတြမွာ ေတြ႔ျမင္ရပါတယ္။
Bling-bling ေတြကို အခုေနာက္ပိုင္းမွာဆုိရင္ ေရႊဆြဲႀကိဳး အႀကီးႀကီးေတြ၊ ေရႊဟန္းခ်ိန္းေတြ စသျဖင့္ ေရႊကို အဓိကထားၿပီး ဝတ္ဆင္ၾကပါတယ္။ ၿပီးေတာ့ ဒီလို Bling-bling ေတြမွာ ျမန္မာႏိုင္ငံပံုနဲ႔ ကိုယ္ပိုင္ဒီဇိုင္း၊ ကိုယ္ပိုင္ Brand တခု ထြင္ၿပီး ထုတ္ထားတဲ့ Accessories မ်ိဳးေတြကို ပိုၿပီး သေဘာက် ႏွစ္ၿခိဳက္စြာ ဝတ္ဆင္လာၾကတာကို ေတြ႔ရပါတယ္။
နာမည္ႀကီး ျမန္မာဟစ္ေဟာ့အဆုိေတာ္ေတြကိုယ္တုိင္ ဖြင့္ထားတဲ့ ဟစ္ေဟာ့ဖက္ရွင္ သီးသန္႔ဆိုင္ေတြမွာလည္း ကိုယ္ပိုင္ဒီဇိုင္း၊ ကိုယ္ပိုင္ Brand၊ ကိုယ္ပိုင္ Logo ေတြနဲ႔ပါ အက်ၤ ီ၊ ဦးထုပ္၊ Bling Bling စတာေတြကို ထုတ္လာၾကေတာ့ ဟစ္ေဟာ့ဂီတကို ႀကိဳက္တဲ့ လူငယ္ပရိသတ္ေတြအတြက္ ကိုယ့္ႏိုင္ငံက ကိုယ္ပိုင္ဒီဇိုင္းေတြကို ႏွစ္ႏွစ္သက္သက္ ဝတ္ဆင္လာၾကတာကို ေတြ႔ရပါတယ္။
ကိုယ္ပိုင္ Brand နဲ႔ Hip Hop Fashion ဦးထုပ္၊ တီရွပ္၊ Accessories စတာေတြကို ထုတ္လုပ္ေရာင္းခ်ေနတဲ့ “OMG” Hip Hop Fashion ဆုိင္မွာ ျမန္မာကို တျခားႏိုင္ငံက Hip Hop သမားေတြ သိေအာင္ ျမန္မာႏိုင္ငံေျမပံုဒီဇိုင္းနဲ႔ Bling-bling ေတြ၊ ဦးထုပ္၊ အက်ၤ ီ စတာေတြကို ထုတ္လုပ္ေရာင္းခ်တယ္လုိ႔ သိရပါတယ္။
ျမန္မာကို ကမာၻက “The Golden Land”… ေရႊႏိုင္ငံလို႔ လူသိမ်ားတာေၾကာင့္ ျမန္မာႏိုင္ငံ ေျမပံု ပံုကို ေရႊေရာင္ထြင္းၿပီး ထုတ္လုပ္ထားကာ ေရႊကို စိန္ေတြနဲ႔ အေသးစိတ္ တန္ဆာဆင္ထားတာ ေတြ႔ရပါတယ္။ အဲဒီ ေရႊဆြဲႀကိဳး Bling-bling ေတြနဲ႔ ဟန္းခ်ိန္းေတြက Fancy Accessories ပစၥည္းေတြပါ။
ေစ်းႏႈန္းေတြအေနနဲ႔က Bling-bling ဆြဲႀကိဳး အႀကီးေတြဆုိ ေငြက်ပ္ ၂ ေသာင္း ၂ေထာင္၊ အလတ္က ၂ ေသာင္းက်ပ္၊ အေသးက ၁ေသာင္းခြဲက်ပ္နဲ႔ ျမန္မာႏိုင္ငံပံု ဆြဲႀကိဳးက ၁ ေသာင္းက်ပ္ အစားစား ရိ္ွပါတယ္။ ေရႊဟန္းခ်ိန္း လက္ေကာက္ေတြကေတာ့ တကြင္းကို ၉ ေထာင္က်ပ္ျဖစ္ၿပီး၊ နားကပ္ေတြက ၃ ေထာင္က်ပ္ကေန က်ပ္ ၅ ေထာင္ရိွတယ္လို႔ သိရပါတယ္။
ဒီတပတ္မွာေတာ့ ဧရာဝတီ ေခတ္ေရစီး စာဖတ္ပရိတ္သတ္ေတြထဲက Hip Hop Culture, Hip Hop Fashion ဝတ္စားဆင္ယင္မႈကို ႏွစ္သက္တဲ့ လူငယ္ေတြအတြက္ လတ္တေလာ ေခတ္ေရစီးေၾကာင္းထဲမွာ ေရပန္းစားေနတဲ့ OMG Fashion က ကိုယ္တုိင္ ထုတ္ထားတဲ့ ေရႊျမန္မာ Logoနဲ႔ အထာက်တဲ့ ၿပိဳးၿပိဳးျပက္ျပက္ ေရႊေရာင္ Bling-bling Accessories ေတြ အေၾကာင္း ရိုက္ကူးေရးသား ေဖာ္ျပေပးလိုက္ပါတယ္။
ပံုမွာျပထားတဲ့ Hip Hop Fashion Accessories, Bling-bling ေတြရဲ႕ ေစ်းႏႈန္းနဲ႔ အခ်က္အလက္ေတြကို အမွတ္ (၁၄၄)၊ ဗိုလ္ခ်ဳပ္ေအာင္ဆန္းလမ္း၊ ၄၇ လမ္းထိပ္၊ ပုဇြန္ေတာင္ၿမိဳ႕နယ္၊ ရန္ကုန္ၿမိဳ႕မွာရိွတဲ့ “OMG Hip Hop Fashion World (Retail & Wholesale)” မွာ သြားေရာက္ ရိုက္ကူးထားတာ ျဖစ္ပါတယ္။
သီဟတုိး",1.0,1.0,1.0,4.0,4.0,"The text is a lifestyle/fashion report about Hip Hop culture in Myanmar. It provides cultural context regarding local fashion trends and branding but lacks significant educational or complex reasoning content. It is written in natural, idiomatic Burmese and is clean, though it functions primarily as a promotional or feature article rather than an academic or educational resource."
<urn:uuid:f696f08a-0bee-40cc-9120-47d45f713226>,"Asus Nexus 7 2012 3G ကို TWRP Recovery ထည့္သြင္းနည္း
Asus Nexus 7 2012 3G ကို TWRP Recovery ထည့္သြင္းနည္းကို
ျပန္လည္မွ်ေ၀ေပးလိုက္ပါတယ္၊ ဒီဖုန္းကို TWRP ထည့္သြင္းမယ္ဆိုရင္ေတာ့
ADB & Fastboot Command ျဖင့္ Fastboot Mode ကေန Flash ေပးယူရမွာပါ
လိုအပ္ခ်က္မ်ား
=========
ေဖၚျပ Twrp recovery ထည့္သြင္းနည္းသည္ Asus Nexus 7 2012 3G ဖုန္းအတြက္
သီးသန္႔ျဖစ္ပါတယ္၊ တစ္ျခား Device တြင္ ထည့္သြင္းျခင္းမိ်ဳးလံုး၀မျပဳလုပ္ပါနဲ႔။
ကြန္ပ်ဴတာတြင္ လိုအပ္မယ့္ ADB USB Driver ကိုေသခ်ာေအာင္ျပဳလုပ္ထားပါ။
ႀကိဳတင္ျပင္ဆင္ရမယ့္အခ်က္မ်ား
===================
ဖုန္းမွာ USB Debugging Mode ကို Enable ျပဳလုပ္ထားရမွာပါ
အဲဒီအတြက္ Menu > Settings > About Device ဆိုၿပီးတစ္ခ်က္ခ်င္း
ႏွိပ္သြားလိုက္ပါၿပီး Build Number ကို ခုႏွစ္ခ်က္ေလာက္ ေထာက္လိုက္ပါ
ေပၚလာတဲ့ Developer Option မွ USB Debugging Mode ကို Enable ျပဳလုပ္ပါ။
How to Install TWRP Recovery
=====================
၁။ ကြန္ပ်ဴတာတြင္လိုအပ္မယ့္ ADB & Fastboot Driver ကိုေသခ်ာေအာင္လုပ္ပါ
၂။ ဖုန္းမွာ USB Debugging Mode ကို Enable ျပဳလုပ္ထားပါ
လိုအပ္တာမ်ားကိုေဒါင္းေလာ့ရၿပီ zip ျဖည္လိုက္ၿပီး Desktop မွာထားပါ
recovery file ကို Fastboot Folder ထဲမွာထားလိုက္ပါ။
Fastboot Folder ကိုဖြင့္လိုက္ၿပီး Shift key and right-click တစ္ခ်က္ေထာက္ၿပီး
“open a new command window here” ဆိုတာကိုႏွိပ္လိုက္ပါ။
adb reboot bootloader
ေအာက္ပါစာေၾကာင္းကို ထပ္ရိုက္ထည့္ၿပီး Enter ကိုေခါက္ပါ။
fastboot flash recovery twrp.img
Flash ျပဳလုပ္ေနတုန္းခနေစာင့္ေနလိုက္ပါ ထည့္သြင္းၿပီး သြားတဲ့အခါ
ေအာက္ပါစာေၾကာင္းကိုရို္က္ထည့္ၿပီး ဖုန္းကို Reboot ခ်ေပးလိုက္ပါ။
fastboot reboot
ျပန္တက္လာတဲ့အခါ သင့္ဖုန္းမွာ TWRP Recovery ထည့္သြင္းၿပီးပါၿပီ။
Twrp recovery mode တြင္တကယ္လို႔ မိမိဖုန္းရဲ့ Rom ကို Backup ျပဳလုပ္ၿပီး
တစ္ျခား Custom Rom မ်ားကို ထည့္သြင္းအသံုးျပဳႏိုင္ၿပီပဲျဖစ္ပါတယ္။
ခလုပ္အနာသက္သာေစမယ့္ Quick Boot app ကိုအသံုးျပဳၾကည့္ေစခ်င္ပါတယ္
ေအာက္ကလင့္မွာအသံုးျပဳနည္းကိုပါ ေလ့လာၾကည့္လိုက္ပါ
အဆင္ေျပပါေစ
ဇူးနစ္(နည္းပညာ)
Asus Nexus 7 2012 3G ကို TWRP Recovery ထည့္သြင္းနည္း Reviewed by ဇူးနစ္ on 9:16 PM Rating:",2.0,2.0,3.0,4.0,3.0,"The document is a technical tutorial for installing custom recovery on a specific device. It provides clear, step-by-step instructions (educational/reasoning). It uses natural Burmese technical terminology and community-specific blogging style (cultural nuances). It is clean and well-structured, though it is a niche technical guide rather than general educational material."
<urn:uuid:1303a3a9-36b7-4b43-87bb-e061943c4b49>,"Sinsche သည်ရေကိုခွဲခြမ်းစိတ်ဖြာခြင်းနှင့်စောင့်ကြည့်ခြင်းအတွက်ဒီဇိုင်းထုတ်ထားသောနောက်ဆုံးပေါ်နည်းပညာများကိုထုတ်လုပ်သူနှင့်ကမ္ဘာလုံးဆိုင်ရာပေးသွင်းသူဖြစ်သည်။ ၂၀၀၇ ခုနှစ် Shenzhen PR China တွင်ဖွဲ့စည်းခဲ့ပြီးဆန်းသစ်သောအထူးကျွမ်းကျင်သူများသည်ကျွန်ုပ်တို့၏နည်းလမ်းများနှင့်တူရိယာအသစ်များတီထွင်ခြင်းနှင့်ပံ့ပိုးခြင်းတို့အတွက်ပတ်ဝန်းကျင်၌အပြင်းထန်ဆုံးသောအခြေအနေများမှခေတ်မီဓာတ်ခွဲခန်းသို့မြန်မြန်ဆန်ဆန်၊ တိကျ။ ထိရောက်သောရလဒ်များပေးနိုင်ရန်ရည်စူးထားပါသည်။
Sinsche ၏တူရိယာများနှင့်ဓာတုဗေဒဌာနများသည်ကျယ်ပြန့်သောရေကိုခွဲခြမ်းစိတ်ဖြာရာတွင်ပိုမိုလွယ်ကူ၊ ပိုမြန်၊ ပိုစိမ်းလန်းပြီးပိုသတင်းအချက်အလက်များဖြစ်စေရန် ၁၄ နှစ်ကျော်လက်ရာကိုတီထွင်ခဲ့သည်။",1.0,1.0,3.0,4.0,1.0,"The text is a corporate profile for a water analysis technology company. It provides basic information about the company's history and mission. While it is clean and professionally written, it lacks deep educational or reasoning content and reads like a standard, somewhat generic corporate translation."
<urn:uuid:37d735d0-ad92-480d-8103-64a295e92e70>,"Aloe vera cleanser
ရှားစောင်းလက်ပတ်ဖြင့် ထည့်သွင်း ပြုလုပ်ထားတဲ့ မျက်နှာသစ် ဖြစ်သော ကြောင့် ၀ကျခွံ ကို အဓိကပျောက်ကင်းစေပါတယ်နော် ။
- နေ့စဉ် ပုံမှန် အသုံးပြု ပေးခြင်းဖြင့် ၀ကျခွံ သစ်များထက်ပြီး ဖြစ်မလာအောင်လဲ ကာကွယ်ပေးပါတယ်။
- တစ်ခြားမျက်နှာသစ်ဆေး နဲ့ မတူ ဘဲ သဘာ၀နည်း အတိုင်း ကုစားပေးတာ ဖြစ်လို့ အသားအရည်ကိုလည်း ပျက်စီးခြင်းမှ ကာကွယ်ပေးပါတယ် ။
- Collagen ပါ၀င်သောကြောင့် မျက်နှာပေါ် ရှိအမာရွက် တင်းတိတ် ၀ကျခွံ မ်ားကို ပျောက်ကင်း စေ ပါတယ် ။
- မျက်နှာပြင်ကို ချောမွတ်စေပြီး အနက်ရှိုင်းဆုံးထိမျက်နှာ
ပေါ်ရှိအဆီ ဖုန်မှုန့် များကိုသန့်စင်ပေးပါတယ်ရှင် ။
Code: HT36904
tracker id: 0 (on) #36904",1.0,1.0,1.0,3.0,2.0,"The text is a promotional advertisement for a skincare product. It provides basic information about product benefits but lacks academic depth or complex reasoning. It is written in natural, informal Burmese typical of local social media marketing, though it contains some boilerplate tracking codes at the end."
<urn:uuid:c758888a-165c-4c85-8c1d-4bf5d230b82c>,"အခုနှစ်နှောင်းပိုင်းမှာ ကြိုးဝိုင်းထဲ ဝင်ရောက်လာမယ့် ဖိလစ်ပိုင်လက်ဝှေ့ကျော် ပက်ကွီအိုဟာ ဝယ်တာဝိတ်တန်းရဲ့ အငြင်းပွားစရာမရှိ ချန်ပီယံအဖြစ် အဖြေထုတ်နိုင်ဖို့ IBF၊ WBC ချန်ပီယံခါးပတ်တွေ သိမ်းပိုက်ထားတဲ့ အမေရိကန်လက်ဝှေ့သမား အာရိုစပန့်ဂျူနီယာနဲ့ ထိုးသတ်ချင်သလို မီခေးဂါစီယာနဲ့လည်း ထိုးသတ်ဖို့ ဆန္ဒရှိနေပါတယ်။ အသက် ၄၁ နှစ်အရွယ်ရှိတဲ့ ပက်ကွီအိုဟာ ၂၀၁၉ ခုနှစ် ဇူလိုင်လနောက်ပိုင်း ပထမဆုံး ပြန်လည်ထိုးသတ်မယ့်ပွဲစဉ်အတွက် လာမယ့်လကနေ စတင်လေ့ကျင့်သွားမှာဖြစ်ပါတယ်။
ပြီးခဲ့တဲ့နှစ် ဇူလိုင်လက လက်စ်ဗီးဂတ်စ်မြို့မှာ ကိ(သ်)သာမန်းကို အနိုင်ယူပြီး WBA စူပါခါးပတ် သိမ်းပိုက်ခဲ့တဲ့ ပက်ကွီအိုဟာ တစ်နှစ်လောက် ပွဲဝေးပြီးမှ ပြန်ထိုးရဖို့ ရှိနေပါတယ်။ လာမယ့်ပွဲစဉ်အတွက် သူ့ရဲ့ပြိုင်ဘက်ဖြစ်လာနိုင်သူတွေကို မေးမြန်းရာမှာ ပက်ကွီအိုက “အာရိုစပန့်ဂျူနီယာနဲ့ မီခေးဂါစီယာ ဖြစ်ဖို့ များတယ်။ လာမယ့်ဇူလိုင်လမှာ ကြိုးဝိုင်းထဲ ပြန်ဝင်လာဖို့ စီစဉ်ထားပါတယ်။ ဇူလိုင်လ ဒုတိယပတ်၊ တတိယပတ်လောက် ဖြစ်မယ်။ ဧပြီ၊ မေ၊ ဇွန်လတွေထဲမှာ လေ့ကျင့်ခန်း စလုပ်မယ်။ အချိန်လုံလောက်ပါတယ်။ ပြိုင်ဘက်တွေကတော့ အများကြီးပါ။ တာရန့်ခရောဖို့ဒ်လည်း ရှိတယ်။ ကနေဒါနဲ့ မက္ကဆီကိုလက်ဝှေ့သမားတွေထဲမှာလည်း ကျွန်တော့်ကို ထိုးချင်တဲ့သူတွေ ရှိပါတယ်’’လို့ ဖြေဆိုခဲ့ပါတယ်။
Nz (ရိုးရာလေး)",1.0,1.0,2.0,5.0,3.0,"The text is a straightforward sports news report about Manny Pacquiao's upcoming boxing plans. It is written in natural, journalistic Burmese with correct terminology. While it lacks deep educational or complex reasoning value, it is clean, well-formatted, and reflects the typical style of local sports reporting."
<urn:uuid:9299244e-2fd8-40fc-ad08-3fffe6e8637b>,"ဥရောပနှင့်တတိယကမ္ဘာစစ် 1953_1968
အားဖြင့် 1953 အမျိုးသားရေးဝါဒ၏တပ်ဖွဲ့များက, အာရှတိုက်တွင်အကြီးအဥရောပအင်ပါယာ၏ပျောက်ဆုံးမှု speeded ခဲ့သော, ထိုဖွံ့ဖြိုးမှုကမ္ဘာ၏အခြားဒေသများမှဖြန့်ခဲ့ကြ. အဲဂုတ္တုပြည်၌အဆိုပါတော်လှန်ရေးအာရပ်လူအမျိုးမျိုးတစ်လျှောက်လုံးအမျိုးသားရေးဝါဒ၏တစ်ဦးထက်ပိုစစ်သွေးကြွနှင့်ပိုပြီးတော်လှန်ရေးပုံစံကို၏လှုံ့ဆော်မှုဖြစ်စေတဲ့ဖို့နိဒါနျးခဲ့. အာဖရိကလွန်းခုနှစ်တွင်, မြောက်ပိုင်းနှင့်ဆာဟာရ၏တောင်ပိုင်းနှစ်ခုလုံး, အမျိုးသားရေးခေါင်းဆောင်များကသူတို့ရဲ့နိုင်ငံတွေမှာနိုင်ငံရေးလွတ်လပ်ရေးတည်ထောင်ရန်နှင့်ဥရောပလူနည်းစုများ၏အခွင့်ထူးကိုအဆုံးသတ်ဖို့ဆုံးဖွတျခဲ့ကြသူအထွန်းသစ်စခဲ့သည်. ထိုအလွတ်လပ်ရေးယခင်ကိုလိုနီနှင့်ဥရောပအင်အားကြီးအကြားအငြင်းပွားမှုများအဘို့များစွာသောခိုင်ခိုင်လုံလုံနေဆဲရှိကြ၏အောင်မြင်ခဲ့ပင်ရှိရာ, အဆုံးစွန်သောအဘို့မကြာခဏဟောင်းကိုလိုနီဒေသများရှိတစ်ဦးအဓိကစီးပွားရေးလောင်းကြေးရှိသည်ဖို့ဆက်လက်.
ဥရောပ
အဆိုပါအနောက်ပိုင်းဥရောပပြည်ထောင်စုအကြားဆက်ဆံရေးနှင့်အာဖရိကနှင့်အာရှတိုက်ရဲ့အသစ်အတိုင်းတိုင်းအပြည်ပြည်ရုရှားနှင့်ကွန်မြူနစ်အင်အားကြီးအတွက်သူတို့ရဲ့နိုင်ငံရေးသြဇာလွှမ်းမိုးမှုတိုးမြှင့်အတွက်ဒီကအရမ်းအချိန်မှာစိတ်ဝင်စားခဲ့ကြဆိုတဲ့အချက်ကိုအားဖြင့်ရှုပ်ထွေးခဲ့သည်, နှင့်ဤနိုင်ငံများနှင့်၎င်းတို့၏စီးပွားရေးအဆက်အသွယ်, အထူးသဖြင့်အလယ်တန်းအရှေ့အတွက်. အသစ်အတိုင်းတိုင်းအပြည်ပြည်ယေဘုယျအားဖြင့်အပေါ်သစ်ကိုကွန်မြူနစ်အဘို့မိမိတို့ကိုလိုနီသခင်ဖလှယ်ဖို့စိုးရိမ်မဟုတ်ကြပေမယ့်အစားအရှေ့နဲ့အနောက်အကြားတတိယကမ္ဘာကဖန်တီးငှါရှာကြံ. သို့သျောလညျး, သူတို့ကမ္ဘာကနိုင်ငံရေးပြိုင်ဖက်များအသေအချာသို့ဆွဲငင်ခဲ့ကြ, အနောက်ဘက်အင်အားကြီးနှင့်ရုရှားနှစ်ဦးစလုံးမဟာမိတ်ဖွဲ့သူတို့ရဲ့စနစ်တွေကိုတည်ဆောက်ခြင်းငှါရှာကြံအဖြစ်.
အဆိုပါဘဂ္ဂဒက် Pact: အနောက်ဘက်အင်အားကြီးသည်ကိုအာရှနှင့်အရှေ့အလယ်ပိုင်းမှာကွန်မြူနစ်ဝါဒပါဝင်တဲ့တယောက်နည်းလမ်းလိုလားသူ-Western အစိုးရနှင့်အတူစစ်ရေးမဟာမိတ်ဖွဲ့၏ဖန်ဆင်းခြင်းခဲ့သည်. တွင် 1952 ဂရိနိုင်ငံနဲ့တူရကီနေတိုးနှင့်တူရကီဆိုဗီယက်နယ်စပ်အပေါ်အမေရိကန်အကြာတွင်စတင်တည်ထောင်ဒုံးပျံအခြေစိုက်စခန်းများသို့ရေးဆွဲခဲ့. အဲဒီဒေသမှာသူတို့ Palmerston နှင့် Disraeli ၏လက်ထက် မှစ. ဤမျှကာလပတ်လုံးဗြိတိန်နိုင်ငံများကကျင်းပခဲ့သောအကာအကွယ်ဆန့်ကျင်ကွန်မြူနစ်အခန်းကဏ္ဍချမှတ်လာခဲ့ကြသည်. တခြားနေရာအရှေ့အလယ်ပိုင်းဗြိတိန်မှာအများဆုံးပါဝင်ပတ်သက်အနောက်တိုင်းအာဏာကိုကျန်ရစ်. ဗြိတိန်နိုင်ငံကစစ်ရေးအကြံပေးအီရတ်နှင့်ဂျော်ဒန်ထဲမှာန, နှင့် 1955 အီရတ်တူရကီနဲ့မဟာမိတ်ဖွဲ့စည်းရန်အားပေးအားမြှောက်ခဲ့သည်. ဒီမဟာမိတ်ပါကစ္စတန်ထည့်သွင်းရန်ကျယ်စေခဲ့, ပါရှားနှင့်ဗြိတိန်. ဒါဟာရှင်းရှင်းလင်းလင်း anticommunist ကြီးနှင့်ပြင်းထန်စွာဧရိယာ၌ neutralist ပြည်နယ်များအားဖြင့်မကြိုက်. အိန္ဒိယဥပမာအားဖြင့်ကပါကစ္စတန်နှင့်အတူသူမ၏အငြင်းပွားမှုများအတွက်သူမ၏ဆန့်ကျင်လှည့်စေခြင်းငှါ၌လည်းကြောက်မက်ဘွယ်သောခဲ့သည်, ဗြိတိသျှကရှင်းရှင်းလင်းလင်းသူတို့အခြားဓနသဟာယနိုင်ငံ၏ဆန့်ကျင်မဟာမိတ်များအလိုမရှိကြောင်းလုပ်ပေမဲ့. အမေရိကန်ပြည်ထောင်စုကအားပေးအားမြှောက်ယင်းပဋိညာဉ်၏အဖွဲ့ဝင်တစ်ဦးမဟုတ်ခဲ့ပေမယ့်, နှင့်ဘဂ္ဂဒက်စာချုပ်ဗြိတိန်နှင့်ပါကစ္စတန်ကတဆင့်ဗြိတိန်နဲ့တူရကီကတဆင့်နေတိုးတပ်ဖွဲ့နှင့်အရှေ့တောင်အာရှစာချုပ်အဖွဲ့အစည်းကနှစ်ဦးစလုံးနှင့်ဆက်စပ်ခဲ့သည်. SEATO အမေရိကန်ပြည်ထောင်စုတက်လုပ်အခြားဆန့်ကျင်ကွန်မြူနစ်စစ်ရေးစာချုပ်ခဲ့သည်, ဗြိတိန်, ပြင်သစ်, သြစတြေးလျ, နယူးဇီလန်, ဖိလစ်ပိုင်, ထိုင်းနိုင်ငံနှင့်ပါကစ္စတန်, နှင့်စက်တင်ဘာလများတွင်ဖွဲ့စည်းခဲ့သည်, 1954,လတ္တီတွဒ်အောက်ကတောင်ပိုင်းအနောက်ပစိဖိတ်ဧရိယာထဲမှာ t ကိုဏတန်ပြန်ကျူးကျော်.",3.0,2.0,3.0,2.0,1.0,"The text provides historical information about the Cold War and decolonization, suitable for educational contexts. However, the Burmese translation is poor, containing significant grammatical errors, awkward phrasing, and literal translations that make it difficult to read. It lacks natural flow and cultural authenticity, appearing to be a low-quality machine translation."
<urn:uuid:1248da0d-4758-4485-a1ac-e23cde5df2b3>,"နေအိမ်
ထုတ်ကုန်များ
Actuators
ဟိုက်ဒရောလစ်ဆလင်ဒါ
Mini-Cylinder
သေးငယ်တဲ့ဆလင်ဒါ
အပ်ဆလင်ဒါ
စံဆလင်ဒါ
သေးငယ်တဲ့ထွင်းဖေါက်အရွယ်အစားဆလင်ဒါ
အလယ်အလတ် Bore အရွယ်အစားဆလင်ဒါ
ကြီးမားသောထွင်းဖေါက်အရွယ်အစားဆလင်ဒါ
Compact ဆလင်ဒါ
အခြားဆလင်ဒါ
တိုက်ရိုက် mounting ဆလင်ဒါ
ညှပ်ဆလင်ဒါ
အလင်းဆလင်ဒါ
ဆလင်ဒါလမ်းညွှန်
ဆလင်ဒါပိတ်ပါ
Air Chuck ဆလင်ဒါ
Rotary ညှပ်ဆလင်ဒါ
ရော့ခ်နှင့်ပင်ရင်းဆလင်ဒါ
Rotary Table Rock နှင့် Pinion ဆလင်ဒါ
အဆို့ဆလင်ဒါ
သံလိုက်နားချင်းဆက်မှီ Rodless ဆလင်ဒါ
Air-Hydra Converter
Booster ဆလင်ဒါ
ဆလိုက်ဆလင်ဒါ
အန္တရာယ်ကင်းရှင်းရေး Self- သော့ခတ်ဆလင်ဒါ
လီဗာညှပ်ဆလင်ဒါ
ဆလင်ဒါဆက်စပ်ပစ္စည်း
သံလိုက်ခလုတ်
ရေပေါ်လမ်းဆုံ
အဘိတ်ယူနစ်
အဓိကလမ်းလေကြောင်းအရင်းအမြစ်ကုသမှု
ရေခဲသေတ္တာလေထုအပူချိန်
လေနောက်မှာအအေးခံပါတယ်
ပိုက်လိုင်း filter
အဓိကလမ်း filter
ရေနံအခိုးအငွေ့ခွဲစက်
မိုက်ခရိုအခိုးအငွေ့ separator
အလွန်သေးငယ်သောရေနံအခိုးအငွေ့ခွဲစက်
Deodorizing filter ကို
အစိုဓာတ်ခွဲစက်
Pre-filter နှင့်အတူ Micro-mist separator
bracket
Port Clean Air စနစ်
FRL ပေါင်းစပ်
Air Filter
Regulator
ချောဆီ
Regulator ကို Regulator
အော်တိုယိုစီးမှု
စံ
ထိန်းချုပ်မှုအစိတ်အပိုင်းများ
2 Way Valve
တိုက်ရိုက်လည်ပတ် 2 Way ကို Sol ။ အဆို့ရှင်
ရှေ့ပြေးစမ်းသပ်မောင်းနှင်မှုသည် 2 Way Water Sol ။ အဆို့ရှင်
Pilot သည် 2 Way Steam Sol ကိုအသုံးပြုခဲ့သည်။ အဆို့ရှင်
3 Way Valve
တိုက်ရိုက် Operated 3 Way ကို Sol ။ အဆို့ရှင်
Pilot သည် 3 Way Sol ဖြစ်သည်။ အဆို့ရှင်
5 Way Valve
ရှေ့ပြေးစမ်းသပ်မောင်းနှင်မှုသည် 5 Way Sol ဖြစ်သည်။ အဆို့ရှင်
တိုက်ရိုက်လည်ပတ် 5 Way ကို Sol ။ အဆို့ရှင်
ထူးထူးခြားခြား
3 Way ထူးထူးခြားခြား
5 Way ထူးထူးခြားခြား
Namur အဆို့ရှင်
ရှေ့ပြေးစမ်းသပ်မောင်းနှင်မှုသည် 5 Way Sol ဖြစ်သည်။ Namur အဆို့ရှင်
လေထုလည်ပတ် Valve
3 Way ကိုလေထုလည်ပတ် Valve
5 Way လေကြောင်းလိုင်းလည်ပတ် Valve
စက်မှုအဆို့ရှင်
3 Way စက်မှု Valve
5 Way စက်မှု Valve
နယူးစက်မှုအဆို့ရှင်
လေလည်ပတ်သော Angle Valve
ဆက်စပ်ပစ္စည်းများ
ဖုန်စုပ်စက်
ဖုန်စုပ်စက်
လေဟာနယ် Chuck
ဖိအား Switch-YSNS
Shock Absorber
အိပ်ဇောသန့်စင်
လျောက်ပတ်
2 Way အမျိုးအစား
3 Way အမျိုးအစား
Bulkhead အမျိုးအစား
Universal အမျိုးအစား
4/5 Way အမျိုးအစား
Socket အမျိုးအစား
မြန်နှုန်း Controller
ရပ်တန့်ခြင်းရပ်ပါ
Check Valve
မြန်နှုန်းမြင့်တော်လှန်ရေး
Rotary လျောက်ပတ်
Trachea
Polyureethane ပြွန်
Polyureethane ပိုက်ချည်ပိုက်
ဖုန်မှုန့်သေနတ်များမှုတ်
လက်ရှိကန့်သတ်
အမြန်ထွက်ပေါက်အဆို့ရှင်
Rotary ပူးတွဲ
ပလတ်စတစ်အမျိုးအစား
Sintered သတ္တု
မြန်နှုန်းမြင့် rotary ပူးတွဲ
Cable Veyor
သံမဏိကြိုးများ
ပလပ်စတစ် towline
မြန်နှုန်းမြင့်ပူးတွဲ
သတင်း
မကြာခဏမေးလေ့ရှိသောမေးခွန်းများ
ကိုယ်တို့အကြောင်း
စက်ရုံခရီးစဉ်
ကြှနျုပျတို့ကိုဆကျသှယျရနျ
အင်္ဂလိပ်
နေအိမ်
ထုတ်ကုန်များ
အဘိတ်ယူနစ်
Port Clean Air စနစ်
အော်တိုယိုစီးမှု
အော်တိုယိုစီးမှု
အင်္ဂလိပ်
ပြင်သစ်
ဂျာမန်
ပေါ်တူဂီ
စပိန်ဘာသာစကား
ရုရှား
ဂျပန်
ကိုရီးယား
အာရဗီ
အိုင်းရစ်ရှ်
ဂရိ
တူရကီ
အီတလီ
ဒိန်းမတ်
ရိုမေးနီးယား
အင်ဒိုနီးရှား
ချက်
အာဖရိကန်
ဆွီဒင်
ပိုလန်
Basque
ကက်တလန်
အက်စပရန်တို
ဟိန္ဒီ
လာအို
အယ်လ်ဘေးနီးယန်း
အမ်ဟာရစ်
အာမေနီယန်
အျောဇောဘိုငျဂြောနီ
ဘီလာရုစကား
ဘင်္ဂလီ
ဘော့စျနီးယား
ဘူဂေးရီးယား
Cebuano
Chichewa
Corsican
ခရိုအေရှန်
ဒတ်ချ်
အက်စ်တိုးနီးယားဘာသာစကား
ဖိလစ်ပိုင်
ဖင်နစ်ရှ်
Frisian
ဂါလာစီယံ
ဂျြောဂြီယနျ
ဂူဂျာရသီ
ဟာအီတီ
ဟာစာ
ဟာဝယေံ
ဟီဘရူး
မုံ
ဟနျဂရေီ
အိုက်စလန်
အစ်ဂဘို
ဂျာဗားနီးယား
ကန်နာဒါ
ကာဇတ်စတန်
ခမာ
ကဒ်
ခရူဂ
လက်တင်
လက်ဘီအံ
လစ်သူယေးနီးယား
လူဇမ်ဘူ ..
Macedonian
အာလာဂါစီ
မလေး
မလေးရာလမ်
Maltese
Maori
မာရသီ
မွန်ဂို
ဗမာ
နီပေါ
နော်ဝေ
ပါရှ်တို
ပါရှန်း
ပနျခြာပီ
ဆားဗီးယား
စိုတို
ဆငျဟာလ
စလိုဗက်
စလိုဗေးနီးယန်း
ဆိုမာလီ
Samoan
Scots Gaelic
Shona
စင်ဒီ
ဆူဒန်
ဆွာဟီလီ
တာဂျစ်ကစ္စတန်
တမီး
တီလီဂု
ထိုင်း
ယူကရိန်း
အူဒူ
Uzbek
ဗီယက်နမ်လူမျိုး
ဝလေ
ဇို
Yiddish
ရိုရုဘာ
ဇူလူ",0.0,0.0,3.0,1.0,1.0,"The document is a machine-translated website navigation menu and product catalog for industrial pneumatic components. It lacks educational content, reasoning, or original cultural insights. It is essentially a list of technical terms, which requires some industry-specific knowledge to navigate, but it is cluttered with boilerplate, navigation links, and a long list of language options."
<urn:uuid:a1db1143-6397-4939-9167-21e4eabfc6ee>,"မိုးယွန်းကြီးအင်းကို ၁၉ ၈၈ ခုနှစ်မှာ ဒေသခံရေပျော်ငှက်တွေနဲ့ ဆောင်းခို ငှက်တွေအတွက် ဘေးမဲ့ တော အဖြစ်သတ်မှတ်ခဲ့တယ်။ မိုးယွန်းကြီးအင်းက သဘာဝအင်းမဟုတ်ပါဘူး။ ၁၉ ၀၄ ခုနှစ်မှာ တည်ဆောက်ခဲ့တဲ့လူလုပ်အင်းဖြစ်ပါတယ်။စတုရန်းမိုင်လေးဆယ်လောက်ကျယ်တယ်။ မူလ ရည်ရွယ်ချက်ကတော့ ပဲခူး-စစ်တောင်း တူးမြောင်း အတိုင်းရေယာဉ်တွေ၊သစ်ဆွဲဖောင်တွေ သွားနိုင် ဖို့ လိုအပ်တဲ့ရေကို ပေးနိုင်ဖို့ ဖြစ်ပါတယ်။ အခုတော့ ပတ်ဝန်းကျင်က လယ်ကွင်းတွေကို ရေချိုဖြန့်ဝေပေးနေပါတယ်။
မိုးယွန်းကြီးအင်းကို နှစ်စဉ်ဆောင်းခိုငှက် နှစ်သောင်းလောက်လာတယ်လို့ ဆိုတယ်။ ဒေသခံ ရေပျော်ငှက်တွေ လည်းရှိတယ်။ မိုးယွန်းကြီးအင်းကို ကျွန်တော် လာရတဲ့အကြောင်းအရင်းထဲမှာ ရေပျော် ငှက် တွေကို ဓာတ်ပုံရိုက်ဖို့ ရည်ရွယ်ချက်လည်းပါတယ်။
ဒါပေမယ့် ကျွန်တော်ဓာတ်ပုံရိုက်ဖူးတဲ့ ငှက်ဆိုတာက တိရိစ္ဆာန်ရုံထဲက ငှက်တွေ။ အခုလို သဘာဝပတ်ဝန်း ကျင်မှာ လွတ်လွတ်လပ်လပ်နေတဲ့ငှက်တွေကို ဓာတ်ပုံရိုက်တဲ့ အတွေ့အကြုံ မရှိဘူး။ ငှက်အုပ်တွေ ကလည်း သိတဲ့အတိုင်းပဲ။ တစ်ကောင် နှစ်ကောင် လန့်ပျံရင် ဘာမသိ ၊ ညာမသိ အားလုံးလိုက်ပျံတာဆိုတော့ ငှက်ကြည့်တဲ့အတွေ့အကြုံ ၊ ဓာတ်ပုံရိုက်တဲ့ အတွေ့ အကြုံမရှိရင် အတော်အခက် အခဲဖြစ်တယ်။
ဒါ့အပြင် ငှက်အမျိုးအစားတွေကို မသိသေးတော့ ရိုက်လာတဲ့ဓာတ်ပုံတွေကို မိုးယွန်းကြီးအင်းဟိုတယ်က ငှက်ကြည့်အတွေ့အကြုံရှိတဲ့ ဝန်ထမ်း ကိုဇော်မျိုးေ၀ နဲ့ ကိုထွန်းထွန်းနိုင် ကို ပြပြီး နာမည်တွေမေးရတယ်။ သူတို့ကို မေးခွင့်မရ တဲ့ငှက်တွေကျတော့ အင်တာနက် မှာလိုက်ရှာကြည့်ရတယ်။ ဒီခရီးစဉ်ကတော့ ငှက်တွေနဲ့ ပတ်သက်ပြီး သင်တန်းဆင်း တဲ့ ခရီးစဉ်ဖြစ်တဲ့အတွက် ကျွန်တော်တင်ထားတဲ့ ပုံတွေမှာ ငှက်အမျိုး အစား၊အမည်တွေမှားနေရင်၊ လိုအပ်ချက်တွေရှိနေရင် လည်း သိသူများ ကပြင်ပေး စေချင် ပါတယ်။
အင်းထဲမှာ စတွေ့တာတော့ စစ္စလီတွေ၊ဘဲတွေပါ။ အကောင်ရေလေးငါးထောင်လောက်ရှိမယ်။ ဒါ ပေမယ့် အကပ်မခံဘူး အဝေးကပဲလှမ်းရိုက်ခဲ့ရတယ်။ ဆောင်းခိုငှက်တွေရောက်ရှိမှုကို မှတ်တမ်း တင်နေတဲ့ သစ်တောဦးစီးဌာနက လှေတစ်စီးလည်းတွေ့တယ်။
ထပျံနေတဲ့ ဘဲအုပ်ထဲမှာ သေသေချာချာကြည့်ရင် အမြီးပိုင်း အဖြူနဲ့ ကောင်တွေက ဆောင်းခို ဖို့ရောက်နေတဲ့ စစ္စလီ Fulvous Whistling Duck ဖြစ်ပြီး ဒေသခံ စစ္စလီငှက်တွေနဲ့ရောနေတယ်။ အဲဒီအထဲမှာ ဒုံးငှက် garganey duck တွေလည်းပါတယ်။ ငှက်ကြည့်ကျွမ်းကျင်တဲ့သူတွေက တော့ ပျံတဲ့ပုံစံကို ကြည့်ပြီးခွဲခြားနိုင်တယ်လို့ဆိုပါတယ်။",3.0,2.0,2.0,5.0,4.0,"The text provides educational information about Moeyungyi Wetland, its history, and bird species. It uses natural Burmese, reflects local travel experiences, and is well-structured. Reasoning is basic, focusing on personal observation and identification challenges. It is accessible to a general audience, requiring no specialized technical background."
<urn:uuid:892106f0-5cac-4097-82f5-86663cd98fc0>,"၂ဝ၁၇ ခုႏွစ္ ေရာက္ရိွ လာခဲ့ၿပီ ျဖစ္တဲ့ အတြက္ အခုႏွစ္ အတြင္းမွာ ဘယ္လို ဖက္ရွင္ ပံုစံ ဒီဇိုင္းဆန္းေတြ ေခတ္စား လာမလဲ ဆိုတာ အားလံုးက စိတ္ဝင္ စားစြာျဖင့္ ေစာင့္ ၾကည့္ ေနၾကၿပီ ျဖစ္ပါ တယ္။ ဒါေၾကာင့္ လည္း ဒီႏွစ္မွာ ဘယ္လို ဖက္ရွင္ ဒီဇိုင္းေတြ ဝတ္ဆင္ သြားမလဲ၊ ဘယ္လို ဖက္ရွင္ ဒီဇိုင္းေတြ ေခတ္စား မလဲဆိုတာမ်ိဳးကို သိရ ေစ ဖို႔အႏုပညာရွင္ေတြကို ေမးျမန္း တင္ဆက္လိုက္ရ ပါ တယ္။
ခိုင္သဇင္ငုဝါ
၂ဝ၁၇ ခုႏွစ္မွာေတာ့ ဂ်င္းေဘာင္းဘီ အတိုေလးေတြကို အၿပဲ ပံုစံေလးေတြနဲ႔ Crop Top ပံုစံ ခါးလြတ္ေလးေတြ ေခတ္စားမယ္လို႔ ညီမ ထင္ပါတယ္။ အခုလည္း ေကာင္မေလး ေတာ္ေတာ္မ်ားမ်ား ဒီလိုမ်ဳိး ဝတ္လာၾကတယ္။ ၿပီးေတာ့ Crop Top ေလးေတြနဲ႔ တြဲဝတ္လို႔ ရတဲ့ ႀကဳိး အယွက္ေလးေတြနဲ႔ Bra ေလးေတြကိုလည္း ေတြ႕ရတယ္။ ဂ်င္းေဘာင္းဘီကိုေတာ့ Skinny ပံုစံေလးေတြ ပိုဝတ္ၾကတယ္။ ဂ်င္း အပြေလး ေတြကိုေတာ့ သိပ္မေတြ႕ဘူး။ ညီမ ကိုယ္တုိင္လည္း ထသြားထလာ ဆိုရင္ ေဘာင္းဘီရွည္၊ ေဘာင္းဘီ တိုေလးေတြ ဒါမွမဟုတ္ စကတ္တို ေလးေတြကို T- Shirt ေလးေတြ၊ Crop Top ပံုစံေလးေတြ အဝတ္ မ်ားပါတယ္။ ညီမဆိုရင္ Model ပိုင္းဝင္ခါမွ ဖက္ရွင္ ပိုင္းကို ေသေသခ်ာခ်ာ ေလ့လာျဖစ္တာပါ။ Model မလုပ္ခင္နဲ႔ လုပ္ၿပီးခ်ိန္မွာ ညီမကိုယ္ ညီမ ေတာ္ေတာ္ေျပာင္းလဲလာတာ ကို သိလာ ပါတယ္။ ေခတ္ေရစီး ေၾကာင္းအတိုင္း ဖက္ရွင္ကို ေျပာင္းလဲ ဝတ္ဆင္လာ ၾကပါတယ္။ တခ်ဳိ႕မိန္းက ေလးေတြက က်ေတာ့ ေဘာင္း ဘီတို မဝတ္ ရဲၾကဘူး။ ဒါေပမဲ့ ဝတ္ၾကည့္ လိုက္ရင္ ေျပာင္းလဲ သြားႏုိင္ပါတယ္။ ဥပမာ- မ်က္မွန္ အထူႀကီး တပ္တဲ့ သူကမ်က္ ကပ္မွန္ ေျပာင္း တပ္လို႔ ေျပာင္းလဲသြား တာ မ်ဳိးေလးပါ။
ေမျဖဴျဖဴ
အခု ညီမ သေဘာက်ေနတဲ့ ဖက္ရွင္က ေပါ့ေပါ့ပါး ပါးဖက္ရွင္ပါ။ အသက္ ၂ဝေက်ာ္ ပံုစံ ဖက္ရွင္ကို ေျပာင္း လိုက္တယ္။ နည္းနည္း ရင့္က်က္တဲ့ ပံုစံဘက္ကို ေရြးၿပီး ေတာ့ ဝတ္ျဖစ္လာတယ္။ ကိုယ္က လည္း အႏုပညာရွင္ တစ္ေယာက္ ဆိုေတာ့ ဖက္ရွင္ပိုင္း ကိုေတာ့ ဂ႐ုစိုက္ ျဖစ္တယ္။ လူတစ္ ေယာက္က ကိုယ္ နဲ႔ လိုက္ဖက္ေအာင္ ကိုယ္လုပ္တဲ့ အလုပ္ နဲ႔ လိုက္ဖက္ေအာင္ ဖက္ရွင္ ပိုင္းက တအား လိုအပ္ တယ္။ လူတစ္ ေယာက္က စကားေျပာ ေတာ့ မယ္ဆိုရင္ ကိုယ္ဝတ္ ထားတဲ့ အဝတ္အစားက ပထမဆုံး အေရး ႀကီးတယ္ လို႔ ထင္ တယ္။ ဖက္ရွင္က လူ တစ္ေယာက္ရဲ႕ စိတ္ဓာတ္ နဲ႔လည္း ဆိုင္ တယ္။ ေမျဖဴ အေပၚ မွာေတာ့ ဖက္ရွင္က တအား လႊမ္းမိုး မႈရွိတယ္။ ေမျဖဴ ကုိယ္တိုင္ကလည္း ဖက္ရွင္ကို တအား ဂ႐ုစိုက္တယ္။
အိန္ဂ်ယ္လမုန္
အိန္ဂ်ယ္ရဲ႕ Fashion အျမင္ကေတာ့ လူတစ္ေယာက္ကို ၾကည့္ လိုက္တာနဲ႔ သူ႔အျပင္ အဆင္က တျခားသူနဲ႔ မတူဘဲ ထင္းခနဲ ျဖစ္ သြား ေစတာ မ်ိဳးပါ။ ၾကည့္လိုက္ တာနဲ႔ စမတ္က်ေနၿပီး အ႐ိုးရွင္းဆံုး နဲ႔ ဆန္းေနတာေလးေတြကို အိန္ဂ်ယ္ ႀကိဳက္ပါတယ္။ အိန္ဂ်ယ္ ကိုယ္ တိုင္ လည္း Sexy ပံုစံမ်ိဳးကို မႀကိဳက္ပါဘူး။ ကိုယ့္ကိုၾကည့္ၿပီး လူေတြ ေအးခ်မ္းသြား တဲ့ပံုစံမ်ိဳး၊ မိန္းမဆန္ ၿပီး လွတဲ့ပံုစံမ်ိဳး၊ လူငယ္ ပံုစံမ်ိဳးေလး ေတြကို အိန္ဂ်ယ္ ႀကိဳက္ပါတယ္။ အရင္ကေတာ့ အိန္ဂ်ယ္ Fashion ဆိုတာကို ေကာင္းေကာင္း နားမလည္ခဲ့ပါဘူး။ တကယ္ တမ္းက Celebrity ပဲျဖစ္ျဖစ္၊ သာမန္လူပဲ ျဖစ္ျဖစ္ အားလံုးမွာ Fashion ဆိုတာ လိုအပ္ပါတယ္။ အိန္ဂ်ယ္ခံယူ တာက Fashion ဆိုတာ Brand ေတြ ဝတ္ထားမွ၊ Accessories ေတြ ဝတ္ဆင္ထားမွ မဟုတ္ပါဘူး။ ကိုယ့္ခႏၶာကိုယ္ နဲ႔ လိုက္ဖက္တာက ကိုယ့္ရဲ႕ Fashion ပါပဲ။ ၂ဝ၁၇ ခုႏွစ္မွာ ဂ်င္း ေတြ ျပန္ေခတ္စားလာမယ္လို႔ ထင္ပါတယ္။ ဂ်င္းမွာက အကားပံုစံ၊ Bell ပံုစံေတြ၊ အကႌ် ပြပြႀကီးေတြ ျပန္ ဝတ္လာၾကမယ္။ ဂ်င္း အကႌ်ေတြ မွာလည္း ပံုႏွိပ္႐ိုက္ထားတဲ့ ပံုစံမ်ိဳးေတြ ျပန္ေခတ္စား လာမယ္လို႔ ထင္ပါတယ္။ ႏိုင္ငံတကာမွာ ဘယ္လို ပံုစံ မ်ိဳးေခတ္စားေနတယ္။ မိတ္ကပ္ အျပင္အဆင္ေတြ အဝတ္အစားေတြ ဘယ္လို ဝတ္ဆင္ၾကလဲ ဆိုတာ ၾကည့္ၿပီး ကိုယ္နဲ႔ လိုက္ဖက္ မယ့္ ပံုစံမ်ိဳးေတြ ပိုမို ဝတ္စားလာရင္ Fashion က်တဲ့လူ ေတြ ပိုမ်ားလာမယ္လို႔ အိန္ဂ်ယ္ ထင္ပါတယ္။
ခင္သဇင္
ဒီ ၂ဝ၁၇ ခုႏွစ္မွာ ဇင္ ေဘာင္းဘီအပြ၊ အေပၚက Crop Top ပံုစံ တအားႀကီး မိန္းမ မဆန္တဲ့ ပံုစံေလးေတြ ဝတ္ခ်င္ေနတယ္။ ဇင္က ဒီႏွစ္ အေရာင္မွာ ဆိုရင္ သေျပသီး မွည့္ေရာင္၊ ခရမ္းပုပ္ ေရာင္တို႔ကို သေဘာ က်ေနတယ္။ ဖက္ရွင္ကို စိတ္ဝင္စားတဲ့သူက သူ႔ စိတ္ထဲ မွာ တစ္သမတ္တည္း မရွိဘူး။ အၿမဲ ေျပာင္းလဲေနတာ။ ဇင္ အခုဆို ရင္ ဆံပင္ အေရာင္ေျပာင္းမယ္။ အခု ၂ဝ၁၇ ခုႏွစ္မွာ သူမ်ားမဆိုးတဲ့ အေရာင္ဆိုးဖို႔ စဥ္းစားထားတယ္။ ဖက္ရွင္က်က် ဝတ္တတ္မယ္ ဆိုရင္ သူမ်ားထက္ ထင္ေပၚမယ္။ သာမန္ လူတစ္ေယာက္ အေနနဲ႔က ဖက္ရွင္ က်မေနလို႔လည္း ဘာမွမျဖစ္သြား ဘူး။ အႏုပညာရွင္အတြက္က ဖက္ရွင္က ရွိကိုရွိသင့္တယ္။ ဇင့္အေနနဲ႔ ဒီ၂ဝ၁၇ ခုႏွစ္မွာ ဖက္ရွင္ ပံုစံ ရွင္းမယ္ ဆိုရင္လည္း လံုးဝ အရွင္း။ ေယာက္်ားေလးစတိုင္ ဝတ္ ခ်င္တယ္။ ႐ႈပ္ၿပီ ဆုိရင္လည္း အေရာင္ ဖိနပ္၊ အက်ႌ၊ ႏႈတ္ခမ္း နီ အေရာင္ေတြနဲ႔ မတူတဲ့ Crazy ဆန္ဆန္ အေရာင္မ်ဳိး ဝတ္ခ်င္တယ္။ ရွင္းရင္လည္း လံုးဝရွင္း တဲ့ ဖက္ရွင္ ပံုစံ၊ ႐ႈပ္ရင္လည္း လံုးဝ႐ႈပ္တဲ့ ဖက္ရွင္ပံုစံမ်ဳိး ဝတ္ခ်င္တယ္။",1.0,1.0,1.0,4.0,4.0,"The text is a lifestyle/entertainment interview piece about fashion trends. It lacks academic or structured educational content. Reasoning is limited to personal opinions on style. It is written in natural, colloquial Burmese, reflecting local celebrity culture and language usage, but contains no significant technical or complex information."
<urn:uuid:93aab455-8717-4529-a58f-1d6f3b0b320e>,"PC အသုံးပြုနေစဉ် Updates လုပ်တာတွေ အလိုအလျောက် ပိတ်ပေးမယ့် Windows 10
Windows 10 မှာ အသုံးပြုတွေ အများဆုံး စောဒက တက်ကြတဲ့ အချက်တခုကတော့ Updates တွေကို Download လုပ်ပြီးသွားရင် ကွန်ပျူတာသုံးနေတဲ့အချိန်မှာတောင် မပြောမဆို Restart ချပစ်တဲ့ အကျင့်တခု ဖြစ်ပါတယ်။
Microsoft ဘက်က ဒီအခက်အခဲကို ဖြေရှင်းပေးနိုင်ဖို့အတွက် Snooze Installation လိုမျိုး Feature အသစ်တွေ၊ Restart မလုပ်ခင် Notification တွေ ထည့်ပေးခဲ့ပေမယ့် ထင်သလောက် အဆင်မပြေခဲ့ဘူးလို့ ဆိုရမှာပါ။ Windows Settings ထဲအထိ သေချာ လိုက်မကြည့်ဖြစ်တဲ့ အသုံးပြုသူတွေဆို ပိုဒုက္ခ ရောက်ရပါတယ်။
ဒါပေမယ့် အခုတော့ Microsoft ဟာ ဒီလို ပြဿနာတွေကို အပြီးသတ် ဖြေရှင်းဖို့အတွက် ပိုမိုအဆင့်မြင်တဲ့ အလိုအလျောက် စနစ် အသစ်တခုကို လုပ်ဆောင်ပြီးပြီလို့ သိရပါတယ်။
“ခင်ဗျားတို့ မကျေနပ်ချက်တွေကို ကျနော်တို့ ကြားပါတယ်။ ဒီဒုက္ခတွေ ပပျောက်စေဖို့အတွက် ကျနော်တို့ရဲ့ Updates သွင်းတဲ့ Reboot Logic ကို ပြင်ဆင်လိုက်ပါပြီ။ ပိုပြီးအဆင်ပြေ၊ ထိရောက်တဲ့ စနစ်အသစ်တခုပါ” လို့ Microsoft’s Windows Insider အကြီးအကဲ Dona Sarkar က Blog ကနေတဆင့် ပြောကြားခဲ့ပါတယ်။
Microsoft က အသုံးပြုမယ့် ယခု Update Installation စနစ်အသစ်ဟာ Machine Learning နည်းပညာကို အသုံးချကာ Updates တွေ Download လုပ်ပြီးသွားရင် ကွန်ပျူတာကို ဘယ်အချိန်မှာ Restart ချဖို့ အသင့်တော်ဆုံးဖြစ်မလဲ ဆိုတာကို အလိုအလျောက် ခန့်မှန်းသွားမှာ ဖြစ်ပါတယ်။ ဒါ့အပြင် Restart မချပစ်ခင်မှာ User အနေနဲ့ ကွန်ပျူတာကို အခု သုံးနေလား၊ မသုံးနေဘူးလားဆိုတာကိုပါ အလိုအလျောက်စစ်ဆေးပေးသွားမှာဖြစ်ပါတယ်။
သုံးနေရင် လုံးဝ Restart ချပစ်တော့မှာ မဟုတ်ပါဘူး။ ဒီထက် ပိုကောင်းသွားတဲ့ အချက်တခုက အသုံးပြုသူအနေနဲ့ ကွန်ပျူတာရှေ့က ထပြီး ခဏလေး ကော်ဖီသွားဖျော်နေလို့ ကွန်ပျူတာက inactive ဖြစ်သွားရင်တောင် ယခုစနစ်က ခဏလေး ထသွားတာလား၊ ပြန်လာသုံးဦးမှာလား ဆိုတာကိုပါ ခန့်မှန်းပေးနိုင်မှာ ဖြစ်တယ်လို့ သိရပါတယ်။
Microsoft ဟာ ယခုစနစ်အသစ်ကို ကုမ္ပဏီအတွင်းမှာ စမ်းသပ်လျက်ရှိပြီး၊ စိတ်ကျေနပ်စရာ ရလဒ်တွေ ရရှိခဲ့တယ်လို့ ဆိုထားပါတယ်။ ယခု Feature အသစ်ကို Windows Insiders ပရိုဂရမ် ဝင်ထားသူတွေအနေနဲ့ လွန်ခဲ့တဲ့ ၃ ရက်၊ ဇူလိုင် ၂၅ ရက်နေ့ကမှ ထွက်ရှိထားတဲ့ နောက်ဆုံး Windows Update “ 19H1 builds” မှာ စတင်စမ်းသပ်အသုံးပြုနိုင်ပါပြီ။
တကယ် ထိရောက်မှုရှိမရှိ ဆိုတာကိုလည်း Users တွေဘက်က အကြောင်းပြန်ကြားပေးဖို့ Microsoft က တောင်းဆို ထားပါတယ်။ ယခုစနစ်ဟာ Cloud အခြေပြုစနစ်ဖြစ်တာကြောင့် Microsoft ဘက်က ဒီစနစ်ကို ပိုကောင်းအောင် Update လုပ်မယ်ဆိုရင် အချိန်အနည်းငယ်အတွင်း အားလုံးဆီမှာ Update လုပ်ပေးနိုင်ပါတယ်။
ဆက်စပ် သတင်းလင့်ခ်များ – Windows 10 ရဲ့ Fresh Start ကို အသုံးပြုပြီး လွယ်ကူစွာ Windows အသစ် ပြန်တင်ကြမယ်
Ref: The Verge, Microsoft",3.0,2.0,2.0,5.0,4.0,"The text provides a clear, informative explanation of a technical feature in Windows 10. It is well-structured, uses natural Burmese, and explains the logic behind the update system. It is accessible to general users, making it useful for educational purposes regarding software literacy, while maintaining a professional and clean format."
<urn:uuid:829ed07a-5a7c-4a3a-ad46-c079a0628b52>,"ZEKKEI Japan
ကမၻာမွမသိေသးေသာ ဂ်ပန္ႏိုင္ငံ၏ ေဒသမ်ားအား ခရီးသြားေဒသမ်ားၿဖစ္ေစရန္
search
ေပ်ာ္ရြွင္စိတ္လွုပ္ရွားဖြယ္၊တိမ္ပင္လယ္၊ေနထြက္ခ်ိန္ အစရိွသည္
တိုက်ိဴ,က်ိဴတို,ဖူဂ်ီရာမ အစရိွသည္
ရွာမည္
၄လပိုင္း၊၇လပိုင္း အစရွိသည္
လက္ရွိတည္ေနရာအနီးတ၀ိုက္မွရွာမည္။
ဂ်ပန္တြင္ရိွေနစဥ္သာအသံုးျပဳပါ။လက္ရွိေဒသရွာေဖြမွုသည္ ေနရာသတင္းအခ်က္အလက္ ဝန္ေဆာင္မွဳကို Onလုပ္ထားပါက သံုးႏုိင္ပါသည္။
အားလံုးျကည့္မည္
စုဇုရာတနဒ
ကိုးလပိုင္း
(ဂ်ပန္၏စင္ပန္းခန္း၁၀၀ ) တြင္ပါဝင္ေသာ သမိုင္းေၾကာင္းရွိေသာ တနဒထဲမွ တစ္ခု။ စုဇူရာၿမစ္တစ္ေလွ်ာက္ရွိ ေတာင္တန္းမ်ား၊ ဧရိယာ၇ စတုရန္းမီတာရွိေသာ ေနရာတြင္ ပ်မ္းမွ် ၃၀၀ ခန္ ့ရွိေသာ တနဒမ်ားသည္ ပြင့္လန္းေနပါသည္။ ပ်မ္းမွ် ႏွစ္ ၄၀၀ ခန္ ့မတိုင္မီတြင္ ၿပဳလုပ္ထားသည္ဟု ဆိုၾကၿပီး ေတာင္ေက်ာက္မ်ားကို စုပံုထားရာမွၿဖစ္ေပၚလာေသာ ေက်ာက္ေဆာင္မ်ားက တနဒကို ထိန္းသိမ္းထားပါသည္။ ေဆာင္းဦးတြင္ ပ်မ္းမွ် ငါးသိန္းခန္ ့ရွိေသာ အပင္မ်ားက ပန္းပြင့္ၾကၿပီး ( တနဒ နအုခိသည္ ဟိဂန္းဘနမဲဂုရိ ႏွင့္ ဘဆရာပြဲေတာ္) ဟုဆိုေသာ ပြဲေတာ္မ်ားလည္း လူၾကိဳက္မ်ားပါသည္။
Fukuoka ken Ukiha-shi Ukiha-chō Shinkawa 3227
တည္ေနရာျပေျမပံု
စုဇုရာတနဒသည္ လာေရာက္လည္ပတ္မွု အခမဲ့ စုဇုရာေတာင္ပန္းမ်ားသည္ တည္းခိုရံုဆိုပါက ၃၀၀၀ ယန္း တစ္ညအိပ္ ထမင္း ၂ထပ္ဆိုပါက ၆၃၀၀ ယန္း
၉ း ၀၀ မွ ၁၇ း ၀၀
-
http://www.city.ukiha.fukuoka.jp/imgki...
ငါးလပိုင္း, ေျခာက္လပိုင္း, ခုႏွစ္လပိုင္း, ရွစ္လပိုင္း, ကိုးလပိုင္း, ဆယ္လပိုင္း
ပန္းပြဲေတာ္တြင္ လူၾကိဳက္မ်ားမွုအထူးရွိေသာ တနဒ
Ukiha ဘူတာမွ ကားၿဖင့္ ပ်မ္းမွ် ၂၀ မိနစ္
Ōita ကားလမ္း Haki IC မွပ်မ္းမွ် ၄၀ မိနစ္
ပိုျကီးေသာေျမပံုကိုျကည့္မည္
အနီးအနားေျမပံုကိုျကည့္မည္။
1
2
3
4
5
6
7
8
9
10
11
12
13
14
15
16
17
18
19
20",2.0,1.0,2.0,2.0,1.0,"The text is a travel website snippet for a Japanese tourist destination. It provides basic geographical and cultural information about a specific site, but contains significant UI noise, navigation elements, and fragmented text. It is written in Burmese but functions as a functional translation of a Japanese travel interface."
<urn:uuid:c6be730a-b344-4c24-b18d-3f80b87fe5f4>,"မလတ်တောင်ပြိုကျမှု သေဆုံးသူ ၃၀ ၏ ရုပ်အလောင်းများရှာဖွေတွေ့ရှိ
မွန်ပြည်နယ်၊ ပေါင်မြို့နယ်၊ မုတ္တမ သဲဖြူကုန်းကျေးရွာအုပ်စုရှိ မလက်တောင်ပြိုကျမှုမှ သေဆုံးသူ ရုပ်အလောင်း ၃၀ အထိ ရှာဖွေတွေ့ရှိကြောင်း မြန်မာနိုင်ငံ မီးသတ် တပ်ဖွဲ့က သတင်း ထုတ်ပြန်ထားသည်။
တောင်ပြိုကျခဲ့သော ဧရိယာအတွင်း လူဦးရေ တရာကျော်နေထိုင်မည်ဟု ခန့်မှန်းထားပြီး ပျောက်ဆုံး နေသူများစာရင်းကို လက်တလော အတည်ပြု ပြောဆို၍ မရနိုင်သေးကြောင်း မွန်ပြည်နယ် အစိုးရအဖွဲ့ လူဝင်မှုကြီးကြပ်ရေးနှင့် လူ့စွမ်းအား အရင်းအမြစ် ဝန်ကြီးဌာနဝန်ကြီး ဦးထွန်းမင်းအောင်က ရှင်းပြသည်။
သဲဖြူကုန်းကျေးရွာ တောင်ပြိုသည့် ဧရိယာဘေးနေထိုင်သူ ဦးတင်ရွှေ က “တချို့အိမ်တွေက ၁၀ ယောက်ကျော်တဲ့ အိမ်တွေလည်းရှိတယ်၊ ဟိုဘက်က ဦးကရင်တို့အိမ်ဆို မိသားစုလိုက် မရသေးဘူး၊ ကျန်တဲ့ဟာတွေက မတွေ့ကြသေးဘူး”ဟု ဆိုသည်။
မြန်မာနိုင်ငံ မီးသတ်တပ်ဖွဲ့၏ ထုတ်ပြန်ချက်အရ အဆိုပါ အရေအတွက်မှာ ယနေ့ မွန်းတည့် ၁၂ နာရီအထိ ရှာဖွေတွေ့ရှိမှုဖြစ်သည်။ မွန်ပြည်နယ်အစိုးရ၏ သတင်းထုတ်ပြန်ချက်အရ အသက်ရှင်လျှက် ကယ်ဆယ်နိုင်ခဲ့သူ ၄၁ ဦးရှိသည်ဟု သိရသည်။
တောင်ပြိုသည့်နေရာသည် မော်လမြိုင် – ရန်ကုန်လမ်းမကြီး မိုင်တိုင်အမှတ် ၁၈၄/၅ နှင့် ၁၈၄/၆ အကြား တွင်ရှိပြီး သြဂုတ် ၉ ရက်နေ့ နံနက်ပိုင်းက ပြိုကျခဲ့ခြင်းဖြစ်သည်။
တောင်ပြိုကျမှုကြောင့် ပြန်လည်ရရှိခဲ့သော သေဆုံးအလောင်းများမှာ ကျား ၁၀ ဦးနှင့် မ ၈ ဦးဖြစ်ပြီး လမ်းမကြီးပေါ်တွင် ပိတ်ဆို့လျက်ရှိသည့် တောင်မြေများအား မြေတူးစက် (Backhoe/ Dozer) ၁၀ စီးဖြင့် ဖယ်ရှားရှင်းလင်းနေကြောင်းလည်း ယင်းအစိုးရအဖွဲ့က သတင်းထုတ်ပြန်ခဲ့သည်။
သဲဖြူကုန်းကျေးရွာအုပ်စု အုပ်ချုပ်ရေးမှူး ဦးဝင်းဇော်ကလည်း မလတ်တောင် ပြိုကျသည့် ဧရိယာအတွင်း ခန့်မှန်း အိမ်ခြေ ၁၆ လုံးဝန်းကျင် ရှိနိုင်ပြီး လူဦးရေ ၉၆ ဦးဝန်းကျင်နေထိုင်ကြောင်းနှင့် မလတ်တောင် ပြိုကျစဉ် လူဦးရေ မည်မျှပါရှိသွားသည်ကိုတော့ လက်တလော မသိရှိနိုင်သေးကြောင်း ပြောသည်။
ပြိုကျခဲ့သည့် မလတ်တောင်ခြေရင်းတွင် ဥတ္တရာရာမ ဘုန်းကြီးကျောင်းလည်း တည်ရှိနေပြီး တောင်ပြိုမှု ဖြစ်စဉ်ကြောင့် သံဃာတော်တပါး ပါရှိသွားသည်ဟု လူမှုကယ်ဆယ်ရေးအဖွဲ့များထံမှ သိရသည်။
သြဂုတ် ၈ ရက်နေ့ညပိုင်းတွင် ရေကြီးရေလျှံဖြစ်ပွားခြင်းကြောင့် မြေနိမ့်ပိုင်းနေသူအချို့မှာ ရေဘေးရှောင်ရန် ဆွေမျိုးများနေအိမ်သို့ လာရောက်ရှားနေထိုင်ရာမှ တောင်ပြိုမှုဖြစ်စဉ်ထဲ ပါသွားသည့် မိသားစုများလည်း ရှိသည်ဟု သဲဖြူကုန်း ဒေသခံများက ပြောဆိုနေကြသည်။
သဲဖြူကုန်းကျေးရွာရှိ ရန်ကုန်–မော်လမြိုင် အဝေးပြေးလမ်းမကြီး ကားလမ်းကျော်မှု ဖြစ်နေခြင်းကြောင့် အဝေးပြေးလမ်းပေါ်တွင် ခရီးသွားကားများနှင့် ကုန်တင်တွဲကားများမှာ ရေကျချိန်စောင့်ဆိုင်း ရပ်နားထားစဉ် တောင်ပြိုကျမှုကြောင့် ယင်းကားများပါ တောင်မြေဖုန်းပိသွားခဲ့ရကြောင်း တောင်ပြိုမှုကြောင့် ထိခိုက်ဒဏ်ရာရရှိခဲ့သော ရန်ကုန်–မော်လမြိုင် ကုန်တင်ကားမှ လွတ်မြောက်လာသူ ယာဉ်နောက်လိုက် ကိုအောင်သီဟဦးက ပြောပြသည်။
အဆိုပါကျေးရွာမှာ အစ္စလာမ်အများစု နေထိုင်ကြပြီး အစ်နေ့အတွက် ဝယ်ယူထားသည့် နွားများလည်း ပါရှိသွားကြောင်း ဒေသခံများက ပြောပြသည်။
ယင်းတောင်ခြေနေထိုင်သူများနှင့် ယင်းတောင်ခြေမှ စီးပွားရေးလုပ်ငန်းလုပ်ငန်းရှင် အချို့မှာ တောင်ခြေရင်းကို ဖြတ်ထုတ်၍ တညီတည်းဖြစ်ရန် အောက်ခြေမြေညှိထားကြသဖြင့် မိုးရေများချိန်တွင် တောင်အပေါ်ပိုင်းက ပြတ်ကျခြင်းလည်း ဖြစ်နိုင်သည်ဟု သဲဖြူကုန်းဒေသခံ ကိုညီညီဝင်းက သုံးသပ် ပြောဆိုသည်။
You may also like these stories:",2.0,2.0,2.0,4.0,5.0,"The text is a factual news report about a landslide in Mon State. It provides clear, coherent information about the event, including local context, quotes, and causes. It is well-written in natural Burmese, though it contains a minor 'You may also like' footer, which slightly impacts the cleanliness score."
<urn:uuid:4bd5d1b9-baf0-4f12-866d-bde78c406cd2>,"မုိးမခအေထာက္ေတာ္ အမွတ္ ၀၀၈
“လူေတြ အမ်ားႀကီးကုိ သတ္ခ့ဲမိတ့ဲအတြက္ က်ဳပ္ဟာ စစ္ရာဇ၀တ္ေကာင္ပါ” ဟု AAP သတင္းဌာနသုိ႔ ေျပာၾကားသည့္ ျမန္မာျပည္ဖြားတခ်ဳိ႕၏စကား မွန္ကန္ပါက ၾသစေၾတးလ်တြင္ ျမန္မာစစ္တပ္ အနည္းဆုံး တပ္စိတ္ တစိတ္ ေရာက္ရိွေနသည္ဟု ဆုိႏုိင္သည္။
ၾသစေတးလ်ေရာက္ ျမန္မာျပည္သား ၃ ဦးက ၎တုိ႔သည္ ျမန္မာစစ္တပ္မွ ျဖစ္ေၾကာင္း၊ ေထာက္လွမ္းေရးတာ၀န္ထမ္းစဥ္ ဆႏၵျပသူမ်ား၊ နုိင္ငံေရးသမားမ်ားအား သုတ္သင္ရွင္းလင္းခ့ဲေၾကာင္း မၾကာေသးမီက ေရွ႕ဆင့္ေနာက္ဆင့္ ေျပာၾကားၾကသည္ဟု ၾသစေၾတးလ်၏ AAP သတင္းဌာနက ေရးသားထားသည္။
AAP သတင္းဌာနက ပထမဆုံး စင္တင္ေပးလုိက္သူမွာ ထူးထူးဟန္ ဆုိသူ ျဖစ္သည္။ သူက သူ႔ကုိယ္သူ ေထာက္လွမ္းေရးဗုိလ္ျဖစ္သည္ဟု ဆုိသည္။
မ်ားမၾကာမီ ေထာက္လွမ္းေရးဘ၀ လူသတ္ခ့ဲ၏ဟု ဆုိလာသူ ၂ ဦး ေပၚလာသည္။
“က်ေနာ့္ကုိ ေမာင္ လုိ႔ ေခၚပါ” ဟု တဦးက ဆုိျပီး ေနာက္တဦးက “က်ေနာ္နာမည္ စုိးေအာင္ပါ၊ ဗစ္တုိးရီးယားမွာ ေနပါတယ္” ဟု ဆုိသည္။
ေထာက္လွမ္းေရးဗုိလ္ ထူးထူးဟန္ဆုိသူ၏ တပည့္မ်ားျဖစ္သည္ဟု ေျပာေၾကာင္း AAP သတင္းဌာနက ဖဲြ႔ႏြဲ႔ ေရးသားေဖာ္ျပထားသည္။
ၾသစေတးလ်မွ လာေသာ သတင္းမ်ားအရ ၎တုိ႔၏ အတည္ေပါက္ ေျပာဆုိခ်က္မ်ားကုိ ၾသစေတးလ်ေရာက္ ျမန္မာျပည္သားမ်ားက အထူး စိတ္၀င္စားေနၾကေၾကာင္း၊ သုိ႔ေသာ္လည္း ယုံၾကည္သူ နည္းပါးေၾကာင္း သိရသည္။
သုိ႔ေသာ္လည္း ၾသစေတးလ် သတင္းဌာနမ်ားက ၀ုိင္း၀န္း ေရးသား ေဖာ္ျပေနၾကသည္။
http://www.couriermail.com.au သတင္းစာမ်က္ႏွာရိွ ၎တုိ႔အေၾကာင္း ေဖာ္ျပခ်က္ႏွင့္ ပတ္သက္ျပီး ၾသစေတးလ်စာဖတ္သူမ်ားက အလန္႔တၾကား မွတ္ခ်က္မ်ား ေပးထားၾကသည္။
သူတုိ႔ကုိ ခ်က္ခ်င္း ျပန္ပုိ႔၊ ဘာေၾကာင့္ ၾသစေၾတးလ်မွာ ဒီလုိလူေတြ ရိွေနရတာလဲ၊ သူတုိ႔ေျပာတာ မွန္တယ္ဆုိတာ အတည္ျပဳႏုိင္ရင္ ဘာမွ ေျပာမေနနဲ႔ ဒီေန႔ပဲ နွင္ထုတ္လုိက္ စသည့္ မွတ္ခ်က္မ်ားကုိ ေတြ႔ရသည္။
ၾသစေၾတးလ်အာဏာပုိင္တုိ႔က ၎တုိ႔ကုိ ေခၚယူ ေမးျမန္းျခင္း မရိွေသးဟု ဆုိသည္။",1.0,1.0,2.0,4.0,4.0,"The text is a news report about Burmese individuals in Australia claiming to be former military intelligence. It provides basic information on a current event but lacks deep educational or analytical value. It is written in natural, idiomatic Burmese, reflecting local political discourse, and is relatively clean despite the inclusion of a URL."
<urn:uuid:7d423996-f8c4-4147-a32b-9cab793fa607>,"မကြာမီ ထိမ်းမြားလက်ထပ်ကြတော့မည့် ဗြိတိန်တော်ဝင်မင်းသား ဝီလျံနှင့် ကြင်ရာတော်လောင်း ကိတ်မစ်ဒယ်တန်တို့သည် စိန့်အင်ဒရူး တက္ကသိုလ်သို့ ပြန်လည်သွားရောက် လည်ပတ်မည်ဟု သိရသည်။ ဖိုင်ဖီတောင်းရှိ တက္ကသိုလ်တွင် ချစ်သူဘဝ စခဲ့သော စုံတွဲသည် တက္ကသိုလ် နှစ် ၆၀၀ ပြည့် အထိမ်းအမှတ် အခမ်းအနားသို့ သွားရောက်လည်ပတ်ရန် စီစဉ် နေသည်။
စိန့်အင်ဒရူး တက္ကသိုလ်မှ တာဝန်ရှိသူများကလည်း ၎င်းတို့၏ ဂုဏ်ထူးဆောင် ဧည့်သည်များကို အထူးလက်ဖွဲ့တစ်ခု ပေးအပ်ရန် စဉ်းစားနေကြသည်။ ဧပြီလ ၂၉ ရက်နေ့တွင် လက်ထပ်မည့် ကိတ်နှင့် ဝီလျံတို့သည် ၂၀၀၅ ခုနှစ်က စိန့်အင်ဒရူးတွင် ကျောင်းသူ ကျောင်းသားများအဖြစ် စတင်တွေ့ဆုံခဲ့ကြသည်။ မင်းသားဝီလျံသည် ပထဝီဝင် ဘာသာရပ်ဖြင့် ဘွဲ့ရခဲ့ ပြီး ကိတ်ကမူ အနုပညာ သမိုင်းဘာသာဖြင့် ဘွဲ့ရခဲ့သည်။ ယင်းတို့နှစ်ဦးသည် စကော့တလန်၏ သက်တမ်းအရင့်ဆုံး တက္ကသိုလ်မှ ထွက်ခွာခဲ့သော်လည်း သံယောဇဉ်မပြတ်ဘဲ တက္ကသိုလ်၏ ကျောင်းသားသစ် ထောက်ပံ့ရေးနှင့် ဘွဲ့သင်တန်းအသစ်များ ဖန်တီးရေး ရံပုံငွေအတွက် ပေါင်စတာလင် ၁၃ သန်းမျှ ပိုမိုရရှိအောင် အတူကြိုးစားပေးခဲ့သည်။
တက္ကသိုလ် ဝန်ထမ်းနှင့် ကျောင်းသူကျောင်းသား ရာပေါင်းများစွာတို့သည် ၎င်းတို့ချစ်ခင်လေးစားသည့် တော်ဝင်မင်းသားတို့ စုံတွဲကို ဝမ်းပန်းတသာ နှုတ်ဆက်ရန် ပြင်ဆင်နေကြောင်း သိရသည်။",2.0,1.0,2.0,5.0,2.0,"The text is a well-written, clean news snippet about a historical event. It provides basic information about the royal couple's background and university connection. While it lacks deep reasoning or complex educational content, it is written in natural, fluent Burmese, reflecting standard journalistic style appropriate for the target audience."
<urn:uuid:db2fab95-12d0-4fa1-a321-83dab179ebb1>,"ဘဂၤလားေဒ့ရွ္ႏိုင္ငံမွာ ဘာသာေရးအစြန္းေရာက္တခ်ိဳ႕က အစိုးရကို ျဖဳတ္ခ်ဖုိ႔ ႀကိဳးပမ္းတာကို ကယ္တင္ႏို္င္ခဲ့တယ္လို႔ စစ္ဘက္အရာရွိႀကီးေတြက ေျပာၾကားလိုက္ပါတယ္။
ဝန္ႀကီးခ်ဳပ္ ရွိတ္ ဟာစီနာ Sheikh Hasina ကို ျဖဳတ္ခ်ဖို႔ အတြက္ ႀကံစည္မႈအေၾကာင္း အေသးစိတ္ကို ဗိုလ္မႉးခ်ဳပ္ မိုဟာမက္ မာဆြတ္ ရာဇတ္ Muhammad Masud Razzaq က သတင္းေထာက္ေတြကို ရွင္းျပခဲ့ပါတယ္။
ျပည္ပမွာ စီစဥ္ေရးဆြဲခဲ့တဲ့ ဒီအာဏာသိမ္းေရး အစီအစဥ္နဲ႔ပတ္သက္ၿပီး အၿငိမ္းစား စစ္အရာရွိႀကီး ၂ ဦးကို ဖမ္းဆီးထားမိၿပီး တတိယလူျဖစ္တဲ့ ဗိုလ္မႉး ဇီရာဟတ္ Ziaul Haq ကေတာ့ လြတ္ေနဆဲ ျဖစ္တယ္လို႔ ရာဇတ္က ေျပာပါတယ္။
စစ္တပ္ရဲ့ လက္ရွိနဲ႔ အၿငိမ္းစား အရာရွိ စုစုေပါင္း ၁၆ ဦး ပါဝင္တယ္လုိ႔လည္းဆိုပါတယ္။ အာဏာသိမ္းဖို႔ ႀကံစည္သူေတြဟာ ဘဂၤလားေဒ့ရွ္ႏိုင္ငံမွာ အစၥလာမ္ ရွာရီယာ ဥပေဒကို ျပဌာန္းက်င့္သံုးဖို႔ ရည္ရြယ္ၾကတယ္လို႔လည္း ေျပာပါတယ္။
ဝန္ႀကီးခ်ဳပ္ ရွိတ္ဟာစီနာဟာ ၂ဝဝ၉ ခုႏွစ္ သူအာဏာရကတည္းက အယူသည္းသူေတြကို ႏွိပ္ကြပ္လာခဲ့တာ ျဖစ္ပါတယ္။",2.0,1.0,2.0,5.0,3.0,"The text is a straightforward news report about a political event in Bangladesh. It provides factual information suitable for general awareness but lacks deep educational or analytical depth. It is written in natural, standard Burmese, reflecting professional journalistic reporting, and is free of noise or formatting issues."
<urn:uuid:0841963e-70e3-4064-b885-fefd9e83d69c>,"အင္း မေန႕က ထြက္တဲ႕ Bagan Keyboard ေလးကုိ တင္ေပးဖုိ႔ ေမ႔သြားလုိ႔ ျပန္တင္ေပးလုိက္ပါတယ္။
[ Jun 25 2016] ရက္ေန႔က ထြက္ခဲ႕တာပါ...
ဒီဗားရွင္းမွာ ထူးဆန္းတာက သတင္းေတြပါဖတ္ လုိ႔ရလာတယ္ ။
ဒါ့အျပင္ Zawgi ေရာ Unicode ေရာကုိ ႏွစ္မ်ဳိးစလုံးကုိ ၾကဳိက္တာ ေျပာင္းသုံးႏိုင္ေအာင္ Setting ထဲထိ သြားစရာမလုိဘဲ keyboard လက္ကြက္မွာတင္ ျပဳျပင္လုိ႔ရလာတယ္။
စာလုံးကုိ ႐ုိက္လုိက္ရင္ လႈိင္းထသလုိ အရိပ္ကေလးေတြ ပါလာတယ္ဗ်...။
အရမ္းလန္းတယ္ဗ်ာ။ေနာက္မက်ေလေအာင္ ျမန္ျမန္ ယူထားၾကေနာ္။
Screenshots
⇓⇓⇓⇓⇓⇓⇓⇓⇓⇓⇓⇓⇓⇓⇓⇓⇓⇓⇓⇓
⇓⇓ Download From Here ⇓⇓
⇓⇓ Download From Here ⇓⇓
က်ေနာ္တင္သမွ် Post ေတြကို Facebook မွ တုိက္ရုိက္ဖတ္ရႈလို႔ပါက >>",1.0,1.0,1.0,2.0,4.0,"The text is a casual blog post about a software update. It lacks educational or complex reasoning depth. It is written in natural, colloquial Burmese, reflecting local digital culture and the specific context of the Zawgyi/Unicode transition, but contains boilerplate download links and promotional formatting."
<urn:uuid:171cd8da-f699-47fe-9656-fd3632398ae3>,"ရီးယဲလ်ကို (၈)မှတ်ဖြတ်ထားတဲ့ ဘာစီလိုနာကို နိုင်ခဲ့တာလေလို့ ပညာသားပါပါပြောခဲ့တဲ့ တန်ဟက်ဂ် (ကြားထဲကတစ်သင်းပါခံစားသွားရပြီပေါ့)
တန်ဟက် ဘာစီလိုနာဆိုတာ ရီရဲလ်မက်ဒရစ်ကို (8)မှတ်ဖြတ်ပြီး လာလီဂါအမှတ်ပေးဇယားမှာ ဦးဆောင်ထားတဲ့ အသင်း ပါ။ဒီတစ်ပတ် ရီရဲလ်မက်ဒရစ်အသင်းစွမ်းဆောင်ချက် ကို (လီဗာပူးနဲ့နိုင်ပွဲ) ကျွန်တော်တို့မြင်ထားပါပြီး။ ဒါကြောင့်မို့ ဒီနိုင်ပွဲက ကြီးမားတဲ့နိုင်ပွဲပါ။
ဒီနိုင်ပွဲက ယူနိုက်တက်အတွက် အကြီးမားဆုံးနိုင်ပွဲလို့ပြောရမယ့်အပေါ်လား? ကျွန်တော်ကတော့ ဟုတ်တယ်လို့ပဲ ထင်မြင်မိပါတယ်။ ပကျော့ပွဲစဥ်တုန်းက နှစ်သင်းစလုံးက အနိုင်ရယူ ဖို့ အထနှေးခဲ့ကြတယ်လို့ ကျွန်တော်မြင်မိပါတယ်။ ပကျော့တုန်းက အခွင့်အရေးကောင်းတွေသိပ်မရတာလည်း ပါပါမယ်။
ဒါနဲ့ အကယ်လို့ အနိုင်ဦးဆောင်ဖို့ ဖြစ်သင့်တဲ့အသင်းဆို ကျွန်တော်တို့အသင်းသာဖြစ်သင့်ပါ တယ်။ ဒီနိုင်ပွဲရဲ့အရေးပါမှုအတွက် ကျွန်တော်က အန်တို နီ နဲ့ ဂါနာချိုတို့ကိုထည့်သွင်းခဲ့ပါတယ်။ သူတို့မှာ မြန်နှုန်း၊ လိမ်ခေါက်ကျော်ဖြတ်မှု၊ ပြေးလွှားလှုပ်ရှားမှုနဲ့အတူ ယုံကြည်မှုတွေ အပြည့်ရှိပါတယ်။ သူတို့နှစ်ဦးစလုံးကလည်း ဘယ်ပြိုင်ဘက်ကိုမှ ကြောက်ကြတာ မဟုတ်ဘူး။
ကျွန်တော်တို့အသင်းမှာပုဂ္ဂိုလ်ရေးအရာမှာရင်းနှီးမှု အရမ်းရှိကြတဲ့ ဗာရန် နဲ့ မာတီနက်ဇ်တို့လို ကစားသမား မျိုးကို ပိုင်ဆိုင်ထားပါတယ်။ အန်တိုနီ နဲ့ ဂါနာချိုဆိုရင် ဘယ်ပြိုင်ဘက်ကိုမှကြောက်ကြတာမဟုတ်သလိုဒါနဲ့ ကျွန်တော်တို့မှာ ဖာနန်ဒက်၊ ကက်စီမဲရိုတို့လို ကစား သမားတွေကိုလည်း ပိုင်ဆိုင်ထားပါတယ်။
သူတို့လို ကစားသမားမျိုးတွေက ခက်ခဲတဲ့အချိန်တွေမှာတောင် အရှုံးပေးတက်ကြတဲ့ ကစားသမားတွေမဟုတ်ပါဘူး။ (16)သင်းအဆင့် မဲခွဲရင်ဘယ်အသင်းနဲ့တွေ့တွေ့ ဒါက ကျွန်တော့်အတွက် အရေးမကြီးပါဘူး။ အရေးကြီးတာက နယူကာဆယ်နဲ့ပွဲအတွက်ဖြစ်တယ်။ ကျွန်တော်တို့က ပြိုင်ဘက်အားလုံးကို အနိုင်ကစားရပါမယ်။
ပြိုင်ဘက် တိုင်းကိုလည်း ကျွန်တော်တို့က လေးစားသွားပါမယ်။ဒါပေမယ့် ကျွန်တော်တို့က ဘယ်ပြိုင်ဘက်ကိုမဆို အနိုင် ကစားနိုင်ကြောင်းပြသနိုင်ဖို့ နောက်ကွယ်မှာ အလုပ်တွေ ကို ပြင်းပြင်းထန်ထန်ကြိုးစားသွားရမယ်။ အန်တိုနီ အသင်းအတွက် ကူညီပေးနိုင်တာကို ကျွန်တော်သိပါတယ်။ သူက ရဲရင့်တဲ့ ကစားသမားပါ။ ဘာကိုမှသူက ကြောက်နေမှာ မဟုတ်ဘူး။ ဒုတိယပိုင်းမှာ သူအသင်း အတွက် ယူဆောင်ပေးနိုင်တဲ့ skill တွေနဲ့အတူ ဂိုးပါသွင်း ယူနိုင်ခဲ့တယ်။ ဒီအသင်းအတွက် သူ့အနေနဲ့ အများကြီး စွမ်းဆောင်ပေးမှာပါ။
ကျွန်တော်က ပွဲစဥ်ပြင်းထန်တာကိုပဲ ကြိုက်ပါတယ်။ ငြိမ်သက်တဲ့ပွဲတွေဆို မကြိုက်ဘူး။ ဖျော်ဖြေမှုအပြည့်ပေးတဲ့ ပွဲတွေဆို ကျွန်တော်ကြိုက်ပါတယ်။ကျွန်တော်က ဘောလုံးပွဲတွေဆို မပျင်းရိစေချင်ပါဘူး။ ကျွန်တော်က ဘောလုံးပွဲဆို လူတွေအတွက်ဖျော်ဖြေတာမျိုးကိုပဲလို လားတယ်။ ဖရတ်လား? သူလုပ်ရမယ့်ကိစ္စက ဒီဂျောင် ကို တားဆီးဖို့ပါ။ ဒါက အလုပ်ဖြစ်ခဲ့တယ်။
သူဟာ ဒီဂျောင်ကို ခြင်တစ်ကောင်လိုပဲ တားဆီးအနှောက်အယှက် ပေးနိုင်ခဲ့တယ်။ သူ့ရဲ့အလုပ်မှာ တာဝန်ကျေခဲ့ပါတယ်။ ပွဲရဲ့ပထမပိုင်းကို ကျွန်တော်အာရုံစိုက်ခဲ့ပါတယ်။ ကျွန်တော်တို့က ထင်သလိုတော့ အဲ့အချိန်မှာ မကစားနိုင်ခဲ့ပါဘူး။ ပထမပိုင်းမှာ ကက်စီမဲရိုကို ကျွန်တော်တို့က လုံလုံလောက်လောက်မသုံးနိုင်ခဲ့ပါဘူး။ ဝမ်ဘစ်ဆာကာဆို ရင်လည်း ညာတောင်ပံနေရာမှာနေရာလွတ်တွေများစွာ ရရှိခဲ့ပေမယ့် ကောင်းကောင်းအသုံးချနိုင်ခြင်းမရှိခဲ့ပါဘူး။ ရီရဲလ်မက်ဒရစ်အသင်းကို အမှတ်ပေးဇယားမှာ(8)မှတ် ဖြတ်ထားတဲ့ ဘာစီလိုနာကို အနိုင်ရလို့ အရမ်းကိုပျော်မိ ပါတယ်။ “လို့ပွဲပြီးပြောကြားခဲ့ပါတယ်။",1.0,2.0,2.0,4.0,3.0,"The text is a sports commentary/interview summary about a football match. It provides basic analysis of team tactics and player performance. It is written in natural, colloquial Burmese suitable for sports fans, though it lacks formal educational or high-level professional depth. The formatting is clean and coherent."
<urn:uuid:2114c622-ea84-41bd-b19a-e8fc7e0e8592>,"ထိုင်းယာဉ်တိုက်မှု မြန်မာ ၁၃ ဦးသေဆုံး
သတင်းနှင့် မီဒီယာ ကွန်ရက်။
နိုဝင်ဘာလ ၂၅ ရက်၊ ၂၀၁၇ ခုနှစ်။
ထိုင်းနိုင်ငံအတွင်းဖြစ်ပွားသော ယာဉ်တိုက်မှုအတွင်းတွင် မြန်မာအလုပ်သမား ၁၃ ဦး သေဆုံးခဲ့သည်။
မြန်မာရွှေ့ ပြောင်းအလုပ်သမား ၁၃ ဦးနှင့် ထိုင်းနိုင်ငံသား ကားမောင်းသမားတစ်ဦး လိုက်ပါလာသည့် ကားသည် ဆယ်ဘီးကားတစ်စီးအား ဝင်တိုက်ရာ မီးလောင်ခဲ့သည့်အတွက် လိုက်ပါလာသူ ၁၄ ဦးလုံး သေဆုံးခဲ့ခြင်း ဖြစ်သည်။
ထိုင်းနိုင်ငံ မဲဆောက်မြို့ မှ ဘန်ကောက်မြို့ သို့ ထွက်လာသည့် ကားသည် နိုဝင်ဘာလ ၂၄ ရက် ယမန် နေ့ နံနက် ၂ နာရီခွဲ အချိန်က ဆင်းဘူရီမြို့နယ် ပန်မန်းရပ်ကွက်ရှိ အာရှဟိုင်းဝေး လမ်းမကြီးပေါ်တွင် ဆယ်ဘီးကားတစ်စီးအား ဝင်ရောက်တိုက်မိရာမှ ကားမီးလောင်မှု ဖြစ်ပွားခဲ့ခြင်းဖြစ်သည်။
ဆင်းဘူရီ ရဲစခန်းမှ ထိုင်းရဲအရာရှိတစ်ဦးက “မြို့ထဲမှာ ဖြစ် တာမဟုတ်ဘူး။ အာရှလမ်းမ ပေါ်မှာဖြစ် တာ။ ဆယ်ဘီးကား နောက်ကို ဝင်တိုက်ခဲ့တာ။ ဖြစ်ပွားခဲ့အချိန်က မနက် ၂ နာရီခွဲက။ အားလုံးသေသွားတာ ကားမောင်းသူပါပါတယ်” ဟု ပြောသည်။
သေဆုံးသွားသည့် သူများအား မည်သူမည်ဝါ သိရှိနိုင်ရန် DNA စစ်ဆေးမှုများ ပြုလုပ်ရန် စီစဉ်နေပြီး နောက်ပိုင်းတွင် ၎င်းတို့၏ ဆွေမျိုးများကို အကြောင်းကြားသွားမည်ဟု ထိုင်းရဲအရာရှိက ပြောသည်။
ယင်းအလုပ်သမားများသည် ထိုင်း-မြန်မာ နယ်စပ်ရှိ မဲဆောက်မြို့ တွင် စီအိုင် ခေါ် စီစစ်ရေးကဒ်ပြား သွားရောက်လုပ်ကိုင်ကြပြီး ၎င်းတို့ အလုပ်လုပ်ရာ ဘန်ကောက်မြို့အနီးရှိ နုံထဘူရီခရိုင် ဘန်ဘိုထောင်းမြို့ သို့ အပြန်တွင် ယခုကဲ့သို့ ဖြစ်ပွားခဲ့ခြင်းဖြစ်သည်။
“ဒီအလုပ်သမားတွေက ပတ်စပို့သွားပြီးတော့လုပ်တယ်။ CI သွားပြီးတော့လုပ်တယ်။ လုပ်ပြီးတော့ ပြန်လာတဲ့အခါမှာ ကားတိုက်ခံသေရတယ်။ သူတို့ သေတဲ့ကားကတော့ ဗင်ကားလို့ခေါ်မယ်” ဟု အ လုပ်သမားအရေး ကူညီဆောင်ရွက်ပေးနေသည့် ထိုင်းနိုင်ငံရောက် မြန်မာနိုင်ငံသားများအဖွဲ့ MAT ဒါရိုက်တာ ဦးကျော်သောင်းက ပြောသည်။
ယခုဖြစ်ပွားခဲ့သည့် ယာဉ်မတော်တဆဖြစ်မှုတွင် မြန်မာရွှေ့ပြောင်း အလုပ်သမားများအတွက် လျော်ကြေးငွေ ပြန်လည်ရရှိရန် မြန်မာသံရုံးမှ တာဝန်ရှိသူများက စီစဉ်ဆောင်ရွက်နေသည်ဟု သိရသည်။",2.0,1.0,2.0,5.0,4.0,"The text is a factual news report about a tragic accident involving Burmese migrant workers in Thailand. It is written in natural, professional Burmese, providing clear details about the event, the victims, and the subsequent administrative procedures. It lacks complex reasoning or deep educational content, serving primarily as a journalistic record."
<urn:uuid:7cff3c3b-d387-4bda-a941-a1afb97782b4>,"ေမာ္ဒယ္မေလးJ Naw ပုံေလးေတြဟာ ၾကည့္ရႈသူေတြ မ်ားျပားခဲ့တာျဖစ္ၿပီး ပုရိသေတြ အမ်ားဆုံး ဝန္းရံျခင္းခံေနရတာလည္း ျဖစ္ပါ တယ္။ပုံေလးေတြတိုင္းက ဆြဲေဆာင္မႈရွိရွိနဲ႔ ေႂကြ႐ုပ္ေလး လို လွရက္လြန္းေန တာလ ည္းျဖစ္ပါတယ္။သူမရဲ႕ အမိုက္စား ခႏၶာကိုယ္အလွ ကေတာ့ ျမင္သူတိုင္း ေငးေလာက္ေအာင္ကို ညိဳ႕ယူ ဖမ္းစားေနတာအမွန္ပဲျဖစ္ပါတယ္။ ခ်စ္ပရိသတ္ႀကီးတြက္ J Naw ရဲ႕ ဖက္ရွင္အလန္း စား ပုံေလးကို မွ်ေဝေပးလိုက္ပါတယ္။
ခ်စ္ပရိတ္သတ္ႀကီးေရ ျဖဴဝင္းတဲ့ အသားအရည္ နဲ႔ အမိုက္စား ခႏၶာကိုယ္ေလးကို ပိုင္ဆိုင္ထားတဲ့ model J Naw ကိုသိၾကမယ္ ထင္ပါတယ္။ တိုင္းရင္းသူ ပီပီ သူမရဲ႕ ႐ိုးသားပြင့္လင္း တဲ့ အျပဳအမူ အေျပာ အဆို ဆက္ဆံမႈေတြေၾကာင့္လည္း ပရိသတ္ေတြက တစ္ခဲနက္ အားေပးေန ၾကတာျဖစ္ပါတယ္။
သူမဟာ မိန္းကေလးတိုင္း အားက်ရေလာက္ေအာင္ အေနအထိုင္၊ ဖက္ရွင္က်ၿပီး အၿမဲတမ္း စမတ္က်သူ တစ္ ေယာက္ျဖစ္ပါတယ္။ သူမရဲ႕ အမိုက္စားပုံရိပ္နဲ႔ ဗီဒီယိုေလးေတြကို လူမႈကြန္ယက္ေဖ့ဘြတ္ ေပၚတြင္ အမ်ားဆုံးတင္ေလ့ရွိ တာလည္းေတြ႕ ရပါတယ္။သူမရဲ႕ ဆြဲေဆာင္မႈရွိရွိ အလွတရားေတြ နဲ႔ ညိဳ႕ယူဖမ္းစားထားၿပီး မိမိုက္လြန္းတဲ့ ပုံေလးေတြကိုေဖာ္ျပထားပါတယ္။
Source : J Naw Facebook Account
shwethit
unicode
မော်ဒယ်မလေးJ Naw ပုံလေးတွေဟာ ကြည့်ရှုသူတွေ များပြားခဲ့တာဖြစ်ပြီး ပုရိသတွေ အများဆုံး ဝန်းရံခြင်းခံနေရတာလည်း ဖြစ်ပါ တယ်။ပုံလေးတွေတိုင်းက ဆွဲဆောင်မှုရှိရှိနဲ့ ကြွေရုပ်လေး လို လှရက်လွန်းနေ တာလ ည်းဖြစ်ပါတယ်။သူမရဲ့ အမိုက်စား ခန္ဓာကိုယ်အလှ ကတော့ မြင်သူတိုင်း ငေးလောက်အောင်ကို ညို့ယူ ဖမ်းစားနေတာအမှန်ပဲဖြစ်ပါတယ်။ ချစ်ပရိသတ်ကြီးတွက် J Naw ရဲ့ ဖက်ရှင်အလန်း စား ပုံလေးကို မျှဝေပေးလိုက်ပါတယ်။
ချစ်ပရိတ်သတ်ကြီးရေ ဖြူဝင်းတဲ့ အသားအရည် နဲ့ အမိုက်စား ခန္ဓာကိုယ်လေးကို ပိုင်ဆိုင်ထားတဲ့ model J Naw ကိုသိကြမယ် ထင်ပါတယ်။ တိုင်းရင်းသူ ပီပီ သူမရဲ့ ရိုးသားပွင့်လင်း တဲ့ အပြုအမူ အပြော အဆို ဆက်ဆံမှုတွေကြောင့်လည်း ပရိသတ်တွေက တစ်ခဲနက် အားပေးနေ ကြတာဖြစ်ပါတယ်။
သူမဟာ မိန်းကလေးတိုင်း အားကျရလောက်အောင် အနေအထိုင်၊ ဖက်ရှင်ကျပြီး အမြဲတမ်း စမတ်ကျသူ တစ် ယောက်ဖြစ်ပါတယ်။ သူမရဲ့ အမိုက်စားပုံရိပ်နဲ့ ဗီဒီယိုလေးတွေကို လူမှုကွန်ယက်ဖေ့ဘွတ် ပေါ်တွင် အများဆုံးတင်လေ့ရှိ တာလည်းတွေ့ ရပါတယ်။သူမရဲ့ ဆွဲဆောင်မှုရှိရှိ အလှတရားတွေ နဲ့ ညို့ယူဖမ်းစားထားပြီး မိမိုက်လွန်းတဲ့ ပုံလေးတွေကိုဖော်ပြထားပါတယ်။
Source : J Naw Facebook Account
shwethit",0.0,0.0,1.0,2.0,3.0,"The text is a celebrity gossip/entertainment piece about a model. It lacks educational or logical reasoning content. It is simple to comprehend (professionalism 1). It contains redundant text (the same content repeated twice) and boilerplate source tags, but the Burmese language usage is natural and reflects local celebrity culture."
<urn:uuid:e0ec10b7-4e6d-4d5d-b0c1-41bf8c5566e7>,"ေျမပဲေထာပတ္နဲ႔ ဂ်ယ္လီ၊ ငါးနဲ႔ အာလူး ေခ်ာင္းေၾကာ္၊ ေၾကာင္နဲ႔ ႂကြက္ကာတြန္း၊ စတဲ့ အတြဲ
အဖက္မ်ဳိးေတြမွာ အသား ကင္နဲ႔ ဘီယာေအးေအးေလးေလာက္ ေကာင္းတဲ့ အတြဲအဖက္
မ်ဳိးကို ဘယ္အရာမွ မမီပါဘူး။
ဩစေၾတးလ်ေလသံနဲ႔ စကားေျပာတတ္တဲ့ Conan the Barbarian ဆို တဲ့စစ္သည္တစ္ဦး
ေျပာခဲ့ဖူးတာကေတာ့ ""ကိုယ့္ရဲ႕ရန္သူကုိ ႏွိမ္ႏွင္းပစ္ႏိုင္ၿပီး သူတို႔ေတြ ထြက္ေျပးသြားတာကို
ျမင္ရ တာ၊ သူတို႔မိန္းမေတြရဲ႕၀မ္းနည္းပူေဆြး မႈကိုၾကားရတာဟာ ဘ၀မွာ အေကာင္းဆံုး
အခ်ိန္ပါ""တဲ့။
ဒါကေတာ့ သူ ရန္ကုန္က အကင္ဆိုင္မွာ ၾကက္သား၊ ဆိတ္သား၊ ၀က္ကလီစာ၊ အာလူးနဲ႔
ပဲျပားစတဲ့ အကင္ေတြကို ၀ါးလိုက္၊ ေအးျမေနတဲ့ တုိက္ဂါးဘီယာ တစ္က်ဳိက္ေမာ့လိုက္
စည္းစိမ္မ်ဳိးကို မခံစားဖူးလို႔ ဒီလိုေျပာခဲ့တာပါ။
ဒါေတြတင္ မကေသးပါဘူး။ ငါးကင္၊ ဂဏန္းသံပုရာေပါင္း၊ မာလာဟင္း စတာေတြကလည္း
ဘီယာနဲ႔ လိုက္ဖက္တဲ့ အမယ္ေတြပါ။
အကင္ဆုိင္ဟာ သူငယ္ခ်င္းအုပ္စု လိုက္စုၿပီး သြားစားလို႔ေကာင္းတဲ့ေနရာ တစ္ခုပဲ ျဖစ္ပါ
တယ္။ လူတိုင္းအႀကိဳက္ နဲ႔ ကိုက္ညီမယ့္အစားအစာမ်ဳိးစံု မွာစား လို႔ရတယ္။ ထပ္မွာခ်င္
ေသးတယ္ဆိုရင္ လည္း အလြယ္တကူမွာလို႔ရတယ္။
ၿပီးေတာ့ အကင္ဆိုင္က အစားအစာေတြ အားလံုး ဘီယာနဲ႔မလိုက္တာမရွိဘူး။ ဒါေၾကာင့္
လူမ်ားေလ ပိုေပ်ာ္စရာ ေကာင္းေလေပါ့။ 'ေကာင္းေကာင္း'စားေတာ္ဆက္ဟာ ဓမၼေစတီ
လမ္းရဲ႕ အခ်က္အခ်ာက်တဲ့ ေနရာမွာရွိတဲ့အတြက္ သူ႔ဆိုင္သြားစားရ တာ အဆင္ေျပ
ပါတယ္။ ဒါေပမယ့္ လိုင္းကားေတြ အနားက ကပ္ေမာင္း သြားတာမ်ဳိး၊ စိတ္မထင္ရင္မထင္
သလို ကားဟြန္းေတြ အက်ယ္ႀကီး တီးၾကတာ မ်ဳိးေတြ လုပ္တတ္ၾကတဲ့ ကားဒ႐ိုင္ဘာ
ေတြရဲ႕ ဒဏ္ကိုေတာ့ ခံရမွာပါ။
စားေသာက္၀ိုင္းေတြ ခင္းထားတဲ့ေနရာမွာ မီးေခ်ာင္းမွိန္မွိန္ေလးေတြ ထြန္းထား ေပးထားတဲ့
အတြက္ ပတ္၀န္းက်င္ကိုေတာ့ အေထာက္အပံ့မျဖစ္ပါဘူး။ ဒါေပမယ့္ ပိုင္ရွင္မဲ့ေၾကာင္ေလး
ေတြကို အ႐ိုးအရင္းေတြ ခ်ေကြ်းၿပီး ေကာင္းမႈလုပ္ႏိုင္ပါတယ္။
ေနာက္ထပ္ ထူးျခားမႈတစ္ခုကေတာ့ ဆီးသြားခြက္ေတြ ရနံ႔ကင္းသန္႔ရွင္းေစဖို႔ ေရခဲတုံးႀကီး
ေတြ ခ်ထားေပးတာပါ။ Conan တစ္ေယာက္ဘ၀မွာ အေကာင္း ဆံုးဆိုတာေတြကို လက္လြတ္
ဆံုး႐ႈံးခဲ့ တာ ေသခ်ာပါတယ္။
ဤအေၾကာင္းအရာႏွင့္ ပက္သက္၍ ထင္ျမင္ခ်က္ေပးလိုပါက ...
[email protected] သို႔ေပးပို႔ႏိုင္ပါသည္။",1.0,1.0,1.0,4.0,4.0,"The text is a casual, subjective review of a BBQ restaurant in Yangon. It lacks educational or complex reasoning value, serving primarily as lifestyle content. It is written in natural, colloquial Burmese with local cultural references, though it contains some boilerplate contact information at the end."
<urn:uuid:de29d433-cf8f-4724-8ad6-69a51a690969>,"ေဘာလံုးေလာကမွာေတာ့ အရပ္ရွည္တာေကာင္းလွပါတယ္။ တိုက္စစ္မွဴးေတြကအရပ္ရွည္ျပီဆိုရင္ ေခါင္းတိုက္ေဘာေတြဟာ အလိုလို ေကာင္းသြားတတ္ပါတယ္။ တိုက္စစ္မွဴးေတြအတြက္ေရာ ဂိုးသမားေတြအတြက္ေရာ အရပ္ရွည္ဖို႔ လိုအပ္ပါတယ္။ အရပ္သာမန္ထက္ပုိရွည္ျပီး ကလန္႔ကလားၾကီးျဖစ္ေနရင္ေရာ ေဘာလံုးကန္ရတာအဆင္ေျပပါ့မလား။ အထက္ပါေမးခြန္းဟာ စိတ္၀င္စားဖို႔ေကာင္းလွပါတယ္။ အရပ္ရွည္ရွည္နဲ႔ ေျခစြမ္းျပကစားေနတဲ့ ေလာရွည္ေဘာလံုးသမားသံုးေယာက္ကိုလည္း ေဖာ္ျပေပးလိုက္ရပါတယ္။
3. Vanja Ivesa (အရပ္အျမင့္ ၆ ေပ ၉)
Source: sillyseason.com
သူဟာ ဂုိးသမားတစ္ေယာက္ပဲျဖစ္ပါတယ္။ သူကိုေတာ့ ဂိုးေစာင့္တဲ့ ဘီလူးၾကီးဆိုျပီးအမ်ားက ခ်စ္စနိုးနဲ႔ေခၚၾကပါတယ္။ သူဟာ တူရကီကလပ္အသင္းေပါင္းမ်ားစြာမွာ ကစားခဲ့ပါတယ္။ ယခုအခ်ိန္မွာေတာ့ အသက္ (၃၉) နွစ္ရိွေနျပီျဖစ္ပါတယ္။ စိတ္မေကာင္းစရာတစ္ခုေတာ့ရိွပါတယ္။ သူဟာ တူရကီလက္ေရြးစင္အသင္းအတြက္ ဘယ္တုန္းကမွ ေရြးခ်ယ္ျခင္းမခံခဲ့ရပါဘူး။
2. Paul Millar (အရပ္အျမင့္ ၆ ေပ ၉)
Source: sillyseason.com
သူဟာ စေကာ့္တလန္နိုင္ငံသားတစ္ေယာက္ျဖစ္ျပီး ယခုလက္ရိွမွာေတာ့ Elgin City အသင္းမွာ ကစားေနပါတယ္။ သူကိုေတာ့ ၂၀၁၁ ခုနွစ္က ပေရာ္ဖယ္ရွင္နယ္စာခ်ဳပ္ခ်ဳပ္ဆိုခဲ့တာျဖစ္ပါတယ္။ သူဟာ ယခုအခ်ိန္မွာ ဒူးဒဏ္ရာရရိွေနတဲ့အတြက္ ေဘာလံုးကစားျခင္းမွ ေခတၱအနားယူထားရပါတယ္။
1. Kristof van Hout (အရပ္အျမင့္ ၆ ေပ ၁၀)
Source: sillyseason.com
သူဟာေတာ့ အရပ္အျမင့္ဆံုး ေဘာလံုးသမားတစ္ေယာက္ျဖစ္ပါတယ္။ သူဟာ ဂိုးသမားေကာင္းတစ္ေယာက္ျဖစ္ျပီး လက္စြမ္းလည္းေကာင္းမြန္လွပါတယ္။ ယခုလက္ရိွမွာေတာ့ K.V.C. Westerlo အသင္းမွာ ကစားေနတာျဖစ္ပါတယ္။",2.0,1.0,1.0,3.0,3.0,"The text provides simple, engaging information about tall football players. It is accessible to a general audience, written in natural Burmese, and follows a clear list structure. However, it lacks deep analysis or complex reasoning, and includes some boilerplate source citations."
<urn:uuid:e16d3960-f62b-43d0-8f43-ba7d8413cbcb>,"|
decembergirl
|
နားလည္စအရြယ္
လိင္(က်ား/မ) :
ေရးသားခ်က္ေပါင္း : 36
ရမွတ္ေပါင္းမွာ : 89
ေရးသားခ်က္ သေဘာက်ခံရမႈ : 1
ဖိုရမ္ ျပိဳင္ပြဲမ်ားမွ ဆုရရွိမႈမ်ား :
မွတ္ပံုတင္သည့္ေန႔ : 2009-05-03
အသက္ : 25
တည္ေနရာ : magway
အလုပ္အကိုင္/၀ါသနာ : ေက်ာင္းသူ ဓါတ္ပံုရိုက္ listen the song
|
|
|Subject: စြမ္းအားရွင္ 21st June 2009, 6:54 pm
||
|
|
|
|
ရင္ခုန္ေစခဲ့ မ်က္၀န္းညွိဳ႕သူ
|
နင့္အၾကည့္က
ငါ့၀ိညာဥ္ကိုေတာင္ ခဏတာ
လြင့္ထြက္သြားေစခဲ့တယ္
နင့္စကားသံေလးက
ငါ့ကိုငါေတာင္
ဆြံ႕အ, သြားေစခဲ့တယ္
နင့္အျပဳအမႈေတြက
ငါ့လို မႏူးညံ့တဲ့သူကိုေတာင္
သိမ္ေမြ႔ေစခဲ့တယ္
နင့္ရဲ့ ႏူးညံ့လတဲ့ လက္ဖ်ားေလးေတြရဲ့
အေတြ႕အထိက
ငါ့ရင္ခုန္သံကို လႈိုင္းထန္ေစခဲ့တယ္
နင့္ေၾကာင္႔လည္း
အခ်စ္ကို ငါနားလည္ခဲ့ျပီ
ငါခ်စ္သြားတာ နင္ပဲေလ..........",0.0,0.0,1.0,2.0,3.0,"The document is a forum profile followed by a short, amateur romantic poem. It lacks educational or reasoning value. While it contains some boilerplate forum metadata, the poem itself is written in natural, colloquial Burmese, reflecting local romantic expression, though it is not a high-quality or professional text."
<urn:uuid:69493048-0bdf-43e4-81ce-9a3428959c5f>,"အုပ္စုဖြဲ႔၍ ဘုရားမွျပန္လာသူမ်ားအား ဓားျဖင့္ လိုက္ခုတ္၊ ဆိုင္ကယ္ဖ်က္ဆီးျပဳလုပ္သူ မ်ားအား ဖမ္းဆီးအေရးယူ
ဘားအံ - စက္တင္ဘာ ၂၇
ကရင္ျပည္နယ္၏ အထင္ကရေနရာျဖစ္ေသာ ဘားအံၿမိဳ႕နယ္၊ ေကာ့ကေသာင္ဂူဘုရားမုဒ္ဝတြင္ စက္တင္ဘာလ(၂၆)ရက္ေန႔၊ ညေန(၅)နာရီ၊ မိနစ္(၃၀) အခ်ိန္ခန္႔က အရက္မူးေနသည့္ (၇)ဦးပါဝင္ေသာ အဖြဲ႔ျဖင့္ ဘုရားမွ ျပန္လာသည့္ ဆိုင္ကယ္မ်ားအား တားဆီးကာ ဓားျဖင့္ လိုက္္ခုတ္ျခင္း၊ ထြက္ေျပးသူမ်ား၏ ဆိုင္ကယ္မ်ားအား ဖ်က္ဆီးျခင္းတို႔ျပဳလုပ္ေန၍ လံုျခံဳေရးအဖြဲ႔ႏွင့္ ပတ္ဝန္းက်င္မွ ဝိုင္းဝန္းဖမ္းဆီးရာ ဘားအံၿမိဳ႕နယ္၊ေနာင္ထလံုးေက်းရြာတြင္ ေနထိုင္သည့္ ျမင့္ဦး၊၂၂ႏွစ္အား ဖမ္းဆီးရမိခဲ့သည္။
ယင္းအဖြဲ႔မွ ဓားျဖင့္ခုတ္ ဆိုင္ကယ္စီးဦးထုပ္တို႔ျဖင့္ ႐ိုက္ခဲ့သည့္အတြက္ ဘားအံၿမိဳ႕နယ္၊ အိႏၵဲေက်းရြာအုပ္စု၊ေကာ့ဝုန္းေက်းရြာေန ေအာင္ထြန္းမ်ိဳး၊ ၂၁ႏွစ္တြင္ ခါးယာဘက္ျခမ္း၌ ျပတ္႐ွ ဒဏ္ရာ(၁)ခ်က္၊ ယာလက္ဖဝါးျပတ္႐ွ ဒဏ္ရာ(၁)ခ်က္၊ ဦးေခါင္းေပါက္ျပဲဒဏ္ ရာ(၁)ခ်က္တို႔ရ႐ွိခဲ့ၿပီး ၎မွပင္ တရားလိုျပဳလုပ္ကာ အိႏၵဳနယ္ေျမရဲစခန္း၌ (ပ)၇၁/၂၀၁၆၊ရာဇသတ္ႀကီးပုဒ္မ ၃၂၆/၁၁၄တို႔ျဖင့္အမႈေရးဖြင့္ထားၿပီး နယ္ထိန္းေခါင္းေဆာင္ဒုရဲအုပ္လင္းထြန္းမွစစ္ေဆးခဲ့ေၾကာင္း သိရသည္။
စစ္ေဆးေပၚေပါက္ခ်က္အရ ျပစ္မွဳက်ဴးလြန္ရာတြင္ ပါဝင္သူမ်ားမွာ ဘားအံၿမိဳ႕နယ္အတြင္း ေနထိုင္ၾကသည့္ လိႈင္ဝါးေက်းရြာေနအဂ်ိဳင္း၊၂၃ႏွစ္၊ ေကာ့ဝါးဆူးေက်းရြာ ေနေအာင္ေဇာ္ဦး၊ ၁၈ႏွစ္၊ ဖာလင္ေက်းရြာေန ေနမင္းထြန္း(ခ)ခ်ာေပါင္၊ ၁၈ႏွစ္၊ လိႈင္ကားေက်းရြာေန ေအာင္ျမင့္ဦး(ခ)အခိန္၊၁၆ႏွစ္၊ ေကာ့ပရံေက်းရြာေန ေက်ာ္အဲခလိန္း၊ ၁၈ႏွစ္ႏွင့္ေကာ့ဒိုင္းေက်းရြာေနေဇာ္ဝမ္း(ခ)မီးသီး၊ ၁၉ႏွစ္တို႔ျဖစ္ေၾကာင္း စစ္ေဆးသိ႐ွိရ၍ အိႏၵဳနယ္ေျမရဲစခန္းမွ နယ္ထိန္းတပ္ဖြဲ႔ဝင္မ်ား၏ ႀကိဳးစားေဖာ္ထုတ္မႈေၾကာင့္ စက္တင္ဘာလ(၂၇)ရက္ေန႔နံနက္(၁)နာရီအခ်ိန္တြင္ လိႈင္ဝါးေက်းရြာအတြင္းမွ ျပစ္မွဳက်ဴးလြန္ရာတြင္ ပါဝင္သူ(၆)ဦးအား သက္ေသခံ ပစၥည္းမ်ားႏွင့္အတူ ဖမ္းဆီးရမိခဲ့၍ အိႏၵဳနယ္ေျမရဲစခန္းမွ ဥပေဒႏွင့္အညီ ေဆာင္ရြက္လ်က္႐ွိေၾကာင္း သိရသည္။
မင္းသူ(ဘားအံ)
ဘားအံသတင္း
သစ္ထူးလြင္မွ သတင္းမ်ားကို မလႊတ္တမ္းဖတ္ႏိုင္ရန္အတြက္ ေအာက္က (F)follow ဆိုတာေလးကို click လုပ္လိုက္ပါ။ အမွန္ျခစ္(✔)ေလးျဖစ္သြားရင္ ရပါၿပီ။ သတိ - follow အေရွ႕မွာ အမွန္ျခစ္(✔)ေလး ရွိေနၿပီဆိုရင္ေတာ့ follow လုပ္ၿပီးသားမို႔ပါ။ ထပ္လုပ္စရာမလုိပါဘူး၊
Labels: မႈခင္း
မွတ္ခ်က္ေရးသားလုိတဲ့ စာဖတ္ပရိတ္မ်ား ေတာင္းဆုိခ်က္အရ ဖြင့္ေပးလုိက္ပါျပီ။ မွတ္ခ်က္မ်ား ေရးသားႏုိင္ပါျပီ။
အခ်ိန္နဲ ့တေျပးညီ သတင္းမ်ား ဖတ္ရႈႏိုင္ဖုိ ့ facebook ""like"" ကုိ ႏွိပ္ပါ။ firstname.lastname@example.org ကုိ လည္း သတင္းမ်ား ဆက္သြယ္ေပးပုိ ့ႏိုင္ပါသည္။
ေနာက္ဆုံးရ သတင္းမ်ားကုိ ေအာက္ပါ Tweets မွာ ေဖာ္ျပထားပါတယ္။ Tweets ရဲ ့ေဘးေဘာင္တန္းကုိ ဆဲြခ်ျပီ မိမိတုိ ့စိတ္၀င္စားတဲ့ သတင္းေခါင္းစဥ္ ေအာက္က Link ကုိ ႏွိပ္ျပီ အျပည့္အစုံဖတ္ရႈႏိုင္ပါတယ္။ Tweets by @thithtoolwin",1.0,1.0,2.0,2.0,4.0,"The document is a standard local crime report. It provides factual information about a specific incident in Hpa-An, Myanmar. While it lacks deep educational or reasoning value, it is written in natural, authentic Burmese, reflecting local administrative and social contexts. It contains some boilerplate and promotional text at the end, which slightly impacts cleanliness."
<urn:uuid:af38a3ed-a398-4160-b5bb-fca71e7815dd>,"ဟိုေဆးေမာ္ရင္ဟို
“ၿပီးခဲ့တဲ့ သံုးေလးႏွစ္အတြင္း ကလပ္အသင္းေတြ သံုးစြဲတဲ့ ေငြပမာဏကို ျပန္ၾကည့္ပါ။ ခင္ဗ်ားတို႔ အံ့ဩသြားမယ္လုိ႔ ထင္တယ္။ ဂဏန္းေပါင္းစက္ တစ္လံုး ယူလုိက္စမ္းပါ။ ဒါက တြက္ရခ်က္ရ အလြယ္ဆံုး ျဖစ္လိမ့္မယ္။ ကိုယ္က ကိစၥတစ္ခုကို ႐ိုး႐ိုးသားသား ခ်ဥ္းကပ္မယ္ဆိုရင္ မန္ေနဂ်ာ တစ္ေယာက္အတြက္ ျဖစ္ျဖစ္၊ သတင္းသမား တစ္ေယာက္အတြက္ ျဖစ္ျဖစ္ ပိုလြယ္ကူမွာပါ။ အာဆင္နယ္ဟာ အရမ္းထူးခၽြန္တဲ့ ဂိုးသမား တစ္ေယာက္ကို ဝယ္လုိက္ၿပီ။ ဒါက သူတို႔အတြက္ အလားအလာ ပိုေကာင္းလာေစမွာပါ။ အသင္းမွာ မီဆြတ္အိုေဇးလ္၊ အလက္ဆစ္ဆန္းခ်က္ဇ္၊ ကာလြန္ခ်မ္ဘာစ္နဲ႔ မက္သ႐ူး ဒီဘူခ်ီတို႔ကိုပါ ေခၚယူထားတဲ့အခါ သူတို႔ သံုးထားတဲ့ ေငြပမာဏကို တြက္ၾကည့္ရင္ အံ့ဩစရာ ျဖစ္ေနတာ ေတြ႕လာရလိမ့္မယ္”",1.0,2.0,2.0,5.0,3.0,"The text is a coherent, natural-sounding commentary on football club spending. It uses conversational Burmese, reflecting authentic sports journalism style. While it lacks deep academic or complex reasoning, it provides a clear, logical argument regarding financial management in sports, making it accessible and culturally relevant to local football fans."
<urn:uuid:8bbc7fba-3684-49ec-81ac-0f3d2779b0bd>,"ျမန္မာႏိုင္ငံကို ၂၀၁၄ ခုႏွစ္မွာ အာစီယံအလွည့္က် ဥကၠ႒ တာ၀န္ယူဖို႔ အဆင္သင့္ျဖစ္မျဖစ္ အကဲခတ္ ေလ့လာဖို႔အတြက္ လက္ရွိ အာစီယံအလွည္က် ဥကၠ႒ အင္ဒိုနီးရွားႏိုင္ငံျခားေရး၀န္ႀကီး Marty Netalegawa နဲ႔ အဖြဲ႔ဟာ မနက္ျဖန္ ျမန္မာႏိုင္ငံကို ၃ ရက္ၾကာခရီး ေရာက္ရွိမွာျဖစ္ပါတယ္။
၀န္ႀကီး Marty က ျမန္မာႏိုင္ငံကို အာစီယံဥကၠ႒ တာ၀န္ေပးေရးအေပၚ ေဒၚေအာင္ဆန္းစုၾကည္နဲ႔ ျမန္မာ့ လူထုအေျချပဳ အဖြဲ႔အစည္းေတြရဲ႕သေဘာထားကို နားေထာင္လိုပါတယ္လို႔ ၿပီၤးခဲ့တဲ့လက ေျပာဆိုထားတာနဲ႔ အညီ ဒီခရီးစဥ္အတြင္း လူထုအေျချပဳ အဖြဲ႔အစည္းေတြနဲ႔ေတြ႔ဖို႔ အစီအစဥ္ရွိေၾကာင္း အင္ဒိုနီးရွား ႏိုင္ငံျခားေရး ၀န္ႀကီးဌာနက အတည္ျပဳေပမဲ့ ေဒၚေအာင္ဆန္းစုၾကည္နဲ႔ ေတြ႔ဖို႔ အစီအစဥ္ကိုေတာ့ ညွႇိႏိႈင္းေနဆဲမို႔ အတည္ျပဳခ်က္ မေပးေသးပါဘူး။ ဒီသတင္းအစံုအလင္ကိုေတာ့ ဘန္ေကာက္ကေန ဗီြအိုေအ ၀ုိင္းေတာ္သူ ေဒၚခင္စိုး၀င္းက တင္ျပေပးထားပါတယ္။
အင္ဒိုနီးရွား၊ ႏိုင္ငံျခားေရးဝန္ႀကီး မာတီ နာတာလီဂါဝါရဲ႕ ျမန္မာႏိုင္ငံ အကဲျဖတ္ ေလ့လာေရးခရီးစဥ္နဲ႔အတူ လိုက္ပါသြားမယ့္ ေျပာခြင့္ရပုဂၢိဳလ္ မိုက္ကယ္တီေန (Michael Tene) က ဒီခရီးစဥ္အတြင္းမွာ ေနျပည္ေတာ္ က ျမန္မာအစိုးရပိုင္း တာဝန္ရွိသူေတြနဲ႔ေရာ၊ လူထုအေျချပဳ အဖြဲ႔အစည္းေတြနဲ႔ပါ ေတြ႔ဆံုေဆြးေႏြးဖို႔ စီစဥ္ ထားတယ္လို႔ ဗီအိုေအကို အခုလို အတည္ျပဳပါတယ္။
အစိုးရတာဝန္ရွိသူေတြနဲ႔ ေတြ႔ဆံုမွာျဖစ္ပါတယ္။ ေနာက္ၿပီးေတာ့ ျမန္မာ သမၼတကိုလည္း ႏႈတ္ဆက္မွာပါ။ ျမန္မာ ႏိုင္ငံျခားေရးဝန္ႀကီးအျပင္ ျမန္မာအစိုးရအဖြဲ႔ဝင္ ဝန္ႀကီးေတြနဲ႔လည္း ေတြ႔ဆံုဖို႔ရွိတယ္။ အာစီယံအေရး တာဝန္ယူထားတဲ့ ပုဂၢိဳလ္ေတြနဲ႔လည္း ေတြ႔ဆံုဖို႔ရွိတယ္လို႔ ေျပာျပသြားတာပါ။
အင္ဒိုနီးရွားနိုင္ငံျခားေရးဝန္ႀကီးက ၿပီးခဲ့တဲ့စက္တင္ဘာလတုန္းက နယူးေယာက္ၿမိဳ႕မွာ ကုလသမဂၢ အေထြေထြညီလာခံ တက္ေရာက္တဲ့ခရီးစဥ္အတြင္း ျမန္မာ့အေရးကို ေျပာဆိုၾကရာမွာ ျမန္မာႏိုင္ငံ အာစီယံ အလွည့္က်ဥကၠ႒ တာဝန္ေပးေရးကိစၥနဲ႔ပတ္သက္ၿပီးေတာ့ ျမန္မာ့ဒီမိုကေရစီေရးေခါင္းေဆာင္ ေဒၚေအာင္ဆန္းစုၾကည္နဲ႔ လူထုအေျချပဳအဖြဲ႔အစည္းေတြရဲ႕ သေဘာထားကို သူနားေထာင္လိုပါတယ္လို႔ ေျပာဆိုသြားတာပါ။
ဒါေၾကာင့္ ဒီခရီးစဥ္အတြင္းမွာ ဝန္ႀကီး မာတီ နာတာလီဂါဝါအေနနဲ႔ ဘယ္လိုလူထုအေျချပဳအဖြဲ႕အစည္းေတြနဲ႔
ေတြ႔ဆံုမယ္လို႔ ထုတ္ေဖာ္မေျပာဆိုေပမယ့္ ရန္ကုန္မွာရွိတဲ့ လူထု အေျချပဳအဖြဲ႔အစည္းေတြနဲ႔ ေတြ႔ဆံုဖို႔ ရွိတယ္လို႔ မိုက္ကယ္ တီေနက အတည္ျပဳပါတယ္။ ေဒၚေအာင္ဆန္းစုၾကည္နဲ႔ ေတြ႔ဖို႔ အစီအစဥ္ကိုေတာ့ မိုက္ကယ္လ္တီေနက အခုလိုေျပာပါတယ္။
ေတြ႔ဆုိဖို႔စီစဥ္ထားပါတယ္။ ဒါေပမယ့္ အစီအစဥ္အေသးစိတ္က ညိႇႏႈိင္းေနဆဲျဖစ္တာေၾကာင့္ သူ႔အေနနဲ႔ အတည္ျပဳခ်က္မေပးနိုင္ေသးဘူးလို႔ ေျပာဆိုသြားတာပါ။ ဒါေပမယ့္ သူကဆက္လက္ၿပီးေတာ့ ဒီ ခရီးစဥ္ အတြင္းမွာ ေဒၚေအာင္ဆန္းစုၾကည္နဲ႔ ေတြ႔ဖို႔ ျဖစ္နိုင္တယ္ဆိုတာကို အဲဒီခါက်ရင္ လက္ေတြ႔ သိရမွာပါလို႔သာ သံတမန္ထံုးစံအရ မိုက္ကယ္တီေနက ေျဖဆိုသြားပါတယ္။
NLD နဲ႔နီးစပ္တဲ့ သတင္းရပ္ကြက္ကေတာ့ အင္ဒိုနီးရွားဝန္ႀကီး မာတီ နာတာလီဂါဝါနဲ႔ ေဒၚေအာင္ဆန္းစုၾကည္ တို႔ ေတြ႔ဖို႔ရွိတာကို သိရတယ္လို႔ ဗီြအိုေအကိုေျပာျပပါတယ္။ အာဆီယံအလွည့္က်ဥကၠ႒ အင္ဒိုနီးရွားႏိုင္ငံရဲ႕ နိုင္ငံျခားေရးဝန္ႀကီး မာတီ နာတာလီဂါဝါနဲ႔အဖြဲ႔ဟာ ေအာက္တိုဘာလ ၂၈ ရက္ေန႔၊ ေသာၾကာေန႔မွာ ရန္ကုန္ၿမိဳ႕ကို ေရာက္ရွိၿပီးေတာ့ ေနျပည္ေတာ္ကို စေနေန႔မွာသြားေရာက္ဖို႔ စီစဥ္ထားပါတယ္။
ေနျပည္ေတာ္ကေန ရန္ကုန္ကိုျပန္လာၿပီးေတာ့ ေအာက္တိုဘာလ ၃၀ ရက္ေန႔၊ တနဂၤေႏြေန႔မွာ ျပန္လည္ ထြက္ခြာဖို႔ ရွိတယ္လို႔ အင္ဒိုနီးရွား ႏုိင္ငံျခားေရးဝန္ႀကီးဌာနက ဗီအိုေအကို အတည္ျပဳေျပာဆိုထားပါတယ္။",2.0,2.0,2.0,5.0,4.0,"The text is a standard news report about diplomatic visits. It provides factual information about international relations and ASEAN, which is educational, but lacks deep analysis or complex reasoning. It is written in natural, professional Burmese, reflecting local political context and journalistic standards."
<urn:uuid:264f66a8-8a40-4c24-87c5-b9b64fb62e89>,"ဒီေရ သတင္းမ်ား
RSS Feed
|
Twitter Follow
မူလစာမ်က္ႏွာ
သတင္း
သတင္းမ်ား သီးသန္႔
မွ်ေ၀ျခင္း
အထူးက႑
ေဆာင္းပါး
ေၾကျငာခ်က္
ေသာင္းေျပာင္းေထြလာ
အက္ေဆး
အင္တာဗ်ဴး
Software
Internat
Market
Stock
ကဗ်ာ
Dvd
Games
Software
Office
အမွတ္တရမ်ား
၀မ္းနည္းမွတ္တမ္း
ကာတြန္း
အသံဖိုင္
ေတာ္လွန္ေရး လက္စြဲ
အထူးက႑
ေခတ္ၿပိဳင္ မွ ေနာက္ဆံုးရ သတင္း
သတင္း ေခတ္ၿပိဳင္
|
Posted by
ဒီေရ
at
2:21 PM
Labels:
သတင္း
0 comments:
Post a Comment
သင္ႀကိဳက္တာေရးပါ။
Newer Post
Older Post
Home
Subscribe to:
Post Comments (Atom)
Follow by Email
ေဒၚေအာင္ဆန္းစုၾကည္
ကမၻာမေၾကဘူး သီခ်င္းေလးပါ
အႀကီးၾကည့္ရန္ ႏွိပ္ပါ။
Myanmar Fonts Download
Zawgyi-One Font
ကဒီမွာ
(
Clip Here
)
Key Board Layout Sotfware
ကဒီမွာ
(
Clip Here
)
ဧည့္သည္ေတာ္ မွတ္တမ္း
ကီးဘုတ္ပံုကိုႏွိပ္၍ ေမာက္ျဖင္႔ေရးပါ
မိတ္ေဆြ ဘေလာ့ဂ္မ်ား
မိတ္ေဆြ ဘေလာ့ဂ္မ်ား
DID
မဇၩိမ
ကိုဧဏီ
ဥတၱရ
ပ်ဴႏုိင္ငံ
စိုင္း၀ဏၰ
ေဒါင္းတမန္
ဒို႔အာဇာနည္
ေဒါင္းမင္း
လမင္းခင္
ခင္မင္းေဇာ္
BWRPC
HRM
လမ္းျပၾကယ္
ငြန္ငယ္မိုး
Co2zenith
ကိုနစ္ေနးမန္း
ကိုမိုးသီးဇြန္
လြင္ျပင္ထဲက ၀ဏၰ
ကိုအိုးေ၀ေအာင္
ဆံုဆည္းရာ
မၾကီးသဒၶါ
လင္းလက္ၾကယ္စင္
ေကာင္းကင္ကို
အန္ဒါမန္ဟီး႐ုိး
ေဒါက္တာလြဏ္းေဆြ
ေယာဟန္ေအာင္
အမိျမန္မာျပည္အတြက္
ေကာလဟာလမ်ား
မင္းေမာ္စိုး
ေျမၾသဇာအဖြဲ႕
Generation Wave
ဒီဇိုင္း ကိုမ်ဳိး
သတင္း႒ာနမ်ား
သတင္း႒ာနမ်ား
ေခတ္ၿပိဳင္
ဧရာ၀တီ
ဟစ္တိုင္
မိုးမခ
ဘီဘီစီ
နိရဥၥရာ
ေန႔သစ္
ရိုးမ၃
မဇၥ်ိမ
ဗီအိုေအ
ဒီဗီြဘီ
မိုးေသာက္ၾကယ္
ယေန႔ျမန္မာ
လူထုအသံ
ဟစ္တိုင္
သွ်မ္းသံေတာ္ဆင့္
သံလြင္အိမ္မက္
အာအက္ဖ္ေအ
မြန္သတင္း
သတင္းႏွင့္မီဒီယာကြန္ယက္
ေ႐ႊမႏၲေလး
ဧည့္သည္ေတာ္ ႏိုင္ငံမ်ား
counter
alternative-media
Labels
ကဗ်ာ
ကာတြန္း
ဓါတ္ပုံ
ဓါတ္ပံု
ဗီဒီယို
ဗီြဒီယို
မွ်ေဝျခင္း
သတင္း
သတင္းတို
အင္တာဗ်ဴး
အထူးသတင္း
အသံဖိုင္
ေဆာင္းပါး
ေၾကာ္ျငာ
ေၾကျငာခ်က္
Blog Archive
Blog Archive
June (6)
July (6)
September (3)
July (5)
June (1)
May (4)
April (10)
March (21)
February (4)
January (2)
December (8)
November (76)
October (36)
September (26)
August (76)
July (35)
June (28)
May (44)
April (84)
March (52)
February (108)
January (134)
December (134)
November (137)
October (190)
September (270)
August (254)
July (208)
June (154)
May (236)
April (52)
January (234)
December (242)
November (227)
October (252)
September (157)
August (263)
July (322)
June (302)
May (430)
April (12)
Home
Sample Page
About
About
About
About
memberlist
Full wide
Copyright © 2010
ဒီေရ သတင္းမ်ား
Powered By
Blogger
Design:
Web2feel
Blogger Template
by
Blogger Theme
|
Blogger Templates",0.0,0.0,1.0,1.0,2.0,"The document is a collection of website navigation menus, sidebar widgets, blog archive links, and boilerplate text from a 2010-era Blogger site. It contains no substantive articles, educational content, or logical reasoning. It is essentially a template structure with no meaningful body text, though it uses authentic Burmese language and local media references."
<urn:uuid:d4759e88-4a55-43c0-9bb3-be9595b0c082>,"မနက္အေစာႀကီး မိုးရြာသြန္းမွုေၾကာင့္ လမ္းေပၚေရာ အိမ္ထဲ့အထိပါ ေရဝင္ေနပါသည္ မမႀကီး ႏွစ္လင္ကြာ အထန္မမ ခင္သိမ့္သိမ့္ ကေတာ့ အိမ္ထဲ့မွာ အသက္၆၀နားနီး အေမအိုျဖင့္ အိပ္ေကာင္းေနတုန္းျဖစ္သည္ အေမႀကီးက မ်က္လုံးခြဲထားသျဖင့္ ဘာမွေရေရရာရာမျမင္ရေပ မမသိမ့္က အိမ္မွာ စက္ခ်ဳပ္ဆရာမတစ္ေယာက္လဲျဖစ္ တာမို့ သူအိမ္မွာ အလုပ္ကူလုပ္ေပးတဲ့ အိမ္အကူရြာသူေလး မိထြန္းကလဲ အလြန္ခ်စ္လွသည္ အဲ့ေန႔က မိုးတအား အုံေနတာမို့ မနက္ ၈နာရီေလာက္ထိ လူသူသြားလာမွုနည္းပါးေပသည္ မမရဲ့ ေဖာက္သည္ ကိုနိုင္လင္း တစ္ေယာက္ကေတာ့ မမကို လာလာပိုးေနသူျဖစ္သည္
မမသိမ့္ကို အလြန္စြဲလမ္းသူျဖစ္သည္ မမသိမ့္က ဆက္စ္စီ သည္ ကိုယ္လုံးလွသည္ ႐ုပ္မွာ လုလုေအာင္လို စြဲေဆာင္မွု အားေကာင္းသည္ သို့ေသာ္ ႏွစ္လင္ကြာ ဆိုသည့္အတြက္ ေယာက်ာ္း တစ္ခ်ိဳ့က အခြင့္အေရးသာလိုခ်င္က်သည္ တကယ္လက္ထက္ယူနိုင္သည့္ ပုံစံေတာ့မဟုတ္ေပ ကိုနိုင္လင္းကေဆာ့ မတူေပ မမသိမ့္ကို ခ်စ္လဲခ်စ္သည္ ဘုလဲဘုခ်င္သည္ အခြင့္အေရးရရင္ရသလို မမသိမ့္ကို ျပစ္မွာခ်င္သည္
မမသိမ့္၏ ႏွစ္လင္ကြာ ဇာတ္လမ္းကား ဒီလိုဗ်ာ မမသိမ့္က ေျမာ့ရွိသည္ စဖုတ္ႀကီးေဖာင္းၿပီး အရည္ရႊမ္းသည္ ေတာ္ယုံလူ ၾကာၾကာမခံနိုင္ တစ္ခဏနဲ႔ၿပီးသည္ ထို့ေၾကာင့္ ေရွ႕ႏွစ္ေယာက္ ေယာက်ာ္းက မခံနိုင္ဘဲ ညတိုင္းဘုပါမ်ားၿပီး ေသြးအားနည္းကာ က်န္းမာေရး ထိခိုက္လာေသာေၾကာင့္ ကြာရွင္းက်ျခင္းျဖစ္သည္ မမသိမ့္က အလုပ္ၾကမ္းလုပ္နိုင္သူလဲ ျဖစ္ေသာေၾကာင့္ ဆက္စ္ ကိစၥမွာ ဦးေဆာင္မွု လုပ္နိုင္သလို အျပဳအစုလဲ ပိုင္သည္ မမသိမ့္အေၾကာင္းကို ေရွ႕လင္ႏွစ္ေယာက္စီက သိထားသူ ကိုနိုင္လင္းက မမသိမ့္ကို အပိုင္ႀကံလိုျခင္းျဖစ္သည္ ကိုနိုင္လင္းမွာ ေဆးေကာင္းရွိသည္ မင္းတုန္းမင္း၏ လက္စြဲေတာ္ အကိုင္းတစ္ရာ ေတာင္ေပၚက အႏွစ္တစ္ေထာင္ ေဆးပင္ႀကီးအျမစ္ရွိေနျခင္းျဖစ္သည္
အဖိုးျဖစ္သူကလဲ နန္းတြင္းသမားေတာ္ ဆိုသည့္အတိုင္းသားစဥ္ ေျမးအဆက္ကို လက္ဆင့္ကမ္းထားခဲ့ျခင္းျဖစ္သည္ ေဆးျမစ္အစြမ္းကေတာ့ ေမာင္းမတစ္ေထာင္ေတာင္မကဘူးဗ်ိဳ အဲ့လိုေဆးစြမ္းေၾကာင့္ မိမိကိုယ္ကို ယုံၾကည္မွုက ၁၀၀မွာ ၁၀၀ရွိေနျခင္းျဖစ္သည္ ထို့ေန႔မနက္ ၇နာရီေလာက္ မမသိမ့္ကို ဖုန္းဆက္ၿပီး ခ်ဳပ္ထားေသာ ေကာ္လံအက်ီ ၤ ကိုလာယူမည္ ျဖစ္ေၾကာင္းေျပာထားလိုက္သည္ `မသိမ့္ေရ ဒီမနက္၇နာရီ ခြဲလာယူမယ္ေနာ္´ `အင္းပါဟာ နင္ကလဲ ဒီေလာက္မိုးေကာင္းေနတာ ငါေကာင္းေကာင္း အိပ္ပါရေစဟာ´ ကိုနိုင္လင္း အိမ္ေရွ႕ေရာက္ေသာအခါ ဆိုင္ကယ္ ဟြန္းသံေပးၿပီး အခ်က္ျပလိုက္သည္
` တီ တီ ´ ညအိပ္ ဝတ္စုံျဖင့္ တံခါးလာဖြင့္ၿပီး စက္ခ်ဳပ္ခန္းထဲ့ေခၚသြားလိုက္သည္ ထို့စဥ္ ႀကီးမားေသာ မိုးဟိန္းသံေၾကာင့္ မမသိမ့္တစ္ေယာက္ ကိုနိုင္လင္း ရင္ခြင္ထဲ့သို့ ေခါင္းခ် ဖက္ထားမိလိုက္သည္ ဒုတ္တစ္ေထာင္ေထာင္ျဖစ္ေနေသာ ငယ္ပါက မမသိမ့္ ဗိုက္ကိုထိုးထားေသာေၾကာင့္ မမသိမ့္တစ္ေယာက္ရွက္ေသြးျဖာသြားသည္ မမသိမ့္ကို ကိုနိုင္လင္း ဖက္ထားၿပီး `မမ ကၽြန္ေတာ္မမကိုခ်စ္တယ္ဗ်ာ ´ဆိုၿပီး ကြမ္းစားထားေသာ လၽွာၾကမ္းျဖင့္ မမသိမ့္ နမ္းေနပါေတာ့သည္ တႏွာထူေသာ မမသိမ့္က အသာတၾကည္ ၿငိမ္ခံေနလိုက္သည္ ထို့စဥ္ မိုးမ်ား အားေကာင္းစြာ ရြာသြန္းမွုေၾကာင့္ မိထြန္းႏွင့္ အေမအိုသည္လဲ သိုးေနေအာင္ အိပ္စက္ေနပါေတာ့သည္ မမသိမ့္တစ္ေယာက္ စက္ခ်ဳပ္ခုံေပၚ ေပါင္တကားကားႏွင့္ ကိုနိုင္လင္းကလဲ တင္းရင္းေနေသာနို့မ်ားကို ညအိပ္ဝတ္ ဆက္စ္စီ ဆန္ဆန္ အက်ီ ေပၤၚကေန ဝက္ၿမီွး ကဲ့သို့ ႏွိုက္ျမည္းေနပါေတာ့သည္
`အင့္ အင္း အိုး အေမာင့္ ေျဖးေျဖးလုပ္ပါ အိပ္ေနတဲ့သူေတြ ထလာပါဦးမယ္ ´ `မထေစရပါဘူး ဒီေလာက္ မိုးေကာင္းေနတာ ´ ဆိုၿပီး ပုထိုးခၽြတ္ ထမီလွန္ရင္း အားရပါးရ ေျငာင့္ေလေတာ့သည္ မမသိမ့္ရဲ့ ေျမာ့ အစြမ္းေၾကာင့္ ကိုနိုင္လင္းအားရယုံမက စက္ခ်ဳပ္ခုံပါ ေျခတံ မက်ိဳးယုံတမယ္ ယိုးေနပါေတာ့သည္ ထို့ေန႔မနက္ မိုးကို ကိုနိုင္လင္း သတိတရရျဖစ္မေနေတာ့ေပ ယခုခ်ိန္မွာေတာ့ ကိုနိုင္လင္းက ညေနတိုင္းလိုလို ပန္းၿခံထဲ့ ေခၚ ဘုေနခံေနရေသာေၾကာင့္ မမသိမ့္တစ္ေယာက္ ေပ်ာ္ရႊင္လ်က္ရွိေပ့သည္ မိထြန္းတစ္ေယာက္ ထို့ေန႔အေၾကာင္းအရာကို သိထားေသာ္လဲ မိမိမွာ ေသြးသားတည္ေဆာက္ထားေသာေၾကာင့္ အသာတၾကည္ ခိုးၾကည့္ကာ ကာမ၏အရသာကို စမ္းၾကည့္ခ်င္ေနပါေတာ့သည္…..",0.0,1.0,1.0,3.0,3.0,"The document is a piece of erotic fiction. It lacks educational value and complex reasoning. While it is written in natural Burmese, the content is purely adult-oriented, which limits its professionalism and educational utility. It is formatted as a narrative, but the subject matter is inappropriate for general corpora."
<urn:uuid:2091ff41-50e2-4b5a-919c-3555e6da7c82>,"နောက်လာမယ့် iOS 10 မှာ ယူနီကုဒ် တခါထဲ ပါလာတော့မယ်ဆိုတော့ အဲဒါကို မသုံးခင် လောလောဆယ် ယူနီကုဒ်ပြောင်းသုံးချင်ရင် လုပ်ရမယ့် အဆင့်လေးတွေကို ပြောပြချင်ပါတယ်။ တခြားသူတွေရေးထားပြီးသားလဲ ရှိချင်ရှိမှာပါ။ ပြန်ကူးပြီး မတင်ချင်လို့ ကိုယ့်ဘာသာပဲ ရေးလိုက်ပါတယ်။
ပထမဆုံး myFont, ttkeyboard app တွေကို အင်သတောလုပ်ထားဖို့လိုပါတယ်။
အင်စတောလုပ်ပြီးရင် myapp ကို ဖွင့်လိုက်ပါ။ အောက်ကလိုမျိုးမြင်ရပါလိမ့်မယ်။
ခုမြင်ရတဲ့ Tharlon, MyanmarCensus, Myanmar3 က myapp မှာ ပါတဲ့ ယူနီကုဒ် ဖောင့်ပါ။ တစ်ကယ်လို့ ယူနီကုဒ် 100% , ဇော်ဂျီ 80% မြင်ရတဲ့ဖောင့်ကို လိုချင်ရင် အောက်နားလေးကို နည်းနည်းဆွဲချလိုက်ပါ။ Hybrid Fonts အောက်မှာရှိတဲ့ zawdecode 1.1, NanKhone Web pro ထဲက တစ်ခုခုကို သုံးနိုင်ပါတယ်။
ကြိုက်တဲ့ တစ်ခုကို ဖိနှိပ်လိုက်ပါ။ အော်ကလိုမျိုး မြင်ရပါလိမ့်မယ်။
install ကို နှိပ်လိုက်ပါ။ passcode တောင်းပါလိမ့်မယ်။ passcode ထည့်ပေးလိုက်ပြီးရင် အောက်ကလိုမြင်ရပါလိမ့်မယ်။
အပေါ်နားက install ကို နှိပ်ပါ။ ပြီးရင် နောက်ထပ်အောက်နားမှာပေါ်လာတဲ့ install ကို ထပ်နှိပ်လိုက်ပါ။ခုဆိုရင် သင်ရွေးချယ်ခဲ့တဲ့ ယူနီကုဒ်ဖောင့် profile သွင်းပြီးသွားပါဘီ။ အောက်ကလိုမြင်ရပါလိမ့်မယ်။
အပေါ်မှာ ရွေးလိုက်တုန်းက tharlon ဖြစ်ပြီးအခုပုံက pyidaungsu ဖြစ်နေလို့ ဇဝေဇဝါမဖြစ်ပါနဲ့။ ကျွန်တော်က ပြည်ထောင်စုဖောင့်ကို သွင်းထားပြီး အခုပို့တင်ဖို့အတွက် သာလွန်ကို ရွေးထားလို့ပါ။ တကယ်လို့ အရင်က ဇော်ဂျီ profile သွင်းထားမယ်ဆိုရင် အဲဒါကို ဖျက်ပေးဖို့လိုပါတယ်။ သွင်းထားလဲ ဇော်ဂျီကို မြင်ရတော့မှာ မဟုတ်ပါဘူး။ ဖောင့်ပရိုဖိုင်သွင်းပြီးရင် ကီးဘုတ်သွင်းဖို့ပဲ ကျန်ပါတော့တယ်။ ကီးဘုတ်အတွက်ကတော့ ttkeyboard အင်စတောလုပ်ထားဖို့လိုပါတယ်။ အင်စတောလုပ်ပြီးရင် setting >> General >> keyboard >> keyboard ကို သွားလိုက်ပါ။ အောက်ကအတိုင်းမြင်ရပါလိမ့်မယ်။
Add new keyboard ကို နှိပ်လိုက်ပါ။
ပြီးရင် ttkeyboard ကို သွားပါ။
myansan ကီးဘုတ်ကို on လိုက်ပါ။
ဒါတွေလုပ်ပြီးရင် ပီးပါဘီ။ ခုဆိုရင် iOS ဖုန်းမှာ ယူနီကုဒ်လဲ ထည့်ပြီးဘီ ရိုက်ဖို့ ကီးဘုတ်လဲ ထည့်ပြီးသွားပါဘီ။ စရိုက်ရိုက်ချင်းမှာတော့ စာလုံးအဆင့်တွေရိုက်တဲ့အခါ နည်းနည်းလေး အခက်အခဲရှိနိုင်ပါတယ်။ အခက်အခဲရှိရင် Myanmar Unicode Area facebook group မှာ မေးနိုင်ပါတယ်။ အောက်မှာလဲ မေးနိုင်ပါတယ်။ စာပြန်ချိန်တော့ နောက်ကျနိုင်ပါတယ်။
အချိန်ပေးပြီး ဖတ်တဲ့အတွက် ကျေးဇူးတင်ပါတယ်။",2.0,1.0,2.0,4.0,4.0,"The text is a practical, step-by-step tutorial for installing Unicode fonts on iOS. It is written in natural, conversational Burmese, reflecting the local tech community's context. While it lacks deep reasoning or high-level academic value, it is clear, functional, and well-structured for its intended purpose."
<urn:uuid:944220cf-70a0-456a-90e4-79080546c758>,"ဝူဟန်တွင် လူ ၁၇ ဦးသေဆုံးခဲ့ရသည့် ဗိုင်းရပ်၊ မြွေများမှတဆင့် ကူးစက်ခြင်း ဖြစ်နိုင်ဟုဆို
တရုတ်နိုင်ငံ ဝူဟန်တွင် လူ ၁၇ ဦး အသက်သေဆုံးစေပြီး ဖြစ်သော ဝူဟန်ကိုရိုနာ ဗိုင်းရပ်သစ်တမျိုးသည် မြွေများမှလူများသို့ ကူးစက်လာခြင်းဖြစ်နိုင်ကြောင်း မျိုးဗီဇသရုပ်ခွဲလေ့လာမှု တခုအရ သိရသည်။
ထိုမြွေများသည်လည်း လင်းနို့များမှ တဆင့် ကူးစက်ခံရခြင်းဖြစ်နေသည်။ ထိုရောဂါ စတင်ဖြစ်ပွားသော ဈေးတွင် လင်းနို့နှင့် မြွေ နှစ်မျိုးစလုံးကို ရောင်းချခဲ့ကြောင်း သိရသည်။
ဇန်နဝါရီလ ၂၂ ရက်နေ့အထိ ရောဂါဖြစ်ပွားမှု ၅၅၅ ခု အတည်ပြုနိုင်ခဲ့ပြီး ထိုရောဂါကြောင့် အပူချိန်တက်ခြင်း၊ အသက်ရှူကြပ်ခြင်းနှင့် နမိုးနီးယား ဝေဒနာတို့ဖြစ်နိုင်သည်။ ထိုဗိုင်းရပ်ကို ထိန်းချုပ်ရန်အတွက် ဝူဟန်ကို သီးခြားပိတ်ဆို့ထားပြီး အများပြည်သူ သယ်ယူပို့ဆောင်ရေး စနစ်များကို ခေတ္တဆိုင်းငံ့ထားသည်ဟု သတင်းများက ဆိုသည်။
ဝူဟန်တွင် ရောဂါဖြစ်ပွားမှု ၄၄၄ ခုရှိပြီး ကွမ်တုံတွင် ၂၆ ခု၊ ဘေဂျင်းတွင် ၄ ခုနှင့် ရှန်ဟိုင်းတွင် ၉ ခု တွေ့ရသည်။ နိုင်ငံတကာတွင်မူ ထိုင်း၊ ဂျပန်၊ တောင်ကိုရီးယားနှင့် အမေရိကန် ပြည်ထောင်စုတွင် ဖြစ်ပွားကြောင်း သိရသည်။ နောက်ထပ်လူ ရာပေါင်းများစွာသို့ ကူးစက်မည်ဟုမျှော်လင့်ရပြီး ရောဂါရှာဖွေရေး လုပ်ငန်းများကို ဆောင်ရွက်နေသည်။
ရောဂါစတင်ဖြစ်ပွားသော နေရာမှာ ရောဂါစတင်ဖြစ်ပွားသူ အများအပြား သွားရောက်ခဲ့သည့် ဝူဟန်မှ ဈေးတခုဖြစ်သည်ဟု ယူဆရသည်။ ထို ဈေးသည် ရှဉ့်ကြီးများ၊ ငှက်များ၊ ယုန်များ၊ လင်းနို့များနှင့် မြွေများအပါအဝင် သားရိုင်းအရှင်များ၊ မွေးမြူထားသော တိရစ္ဆာန်များကို ရောင်းသောဈေးဖြစ်သည်ဟု ကျော်ကြားသည်။
ထိုးမျိုးစိတ်များအနက် တခုခုမှ ဗိုင်းရပ်လာခြင်းဟုတ်မဟုတ် သိရန်အတွက် တရုတ်နိုင်ငံ ပီကင်းတက္ကသိုလ်မှ ဝေကြည်နှင့် လုပ်ဖော်ကိုင်ဘက်များသည် ထိုဗိုင်းရပ်သစ်၏ နမူနာ ၅ ခုမှ မျိုးဗီဇများကို အခြားမျိုးစိတ်များမှ လာသော အလားတူ ဗိုင်းရပ် ၂၁၇ မျိုးနှင့် နှိုင်းယှဉ်ကြည့်သည်။
ထိုဗိုင်းရပ်သစ်သည် လင်းနို့များတွင်တွေ့ရသည့် ဗိုင်းရပ်နှင့် အလားတူပြီး မျိုးဗီဇအရ ဆိုပါက မြွေများတွင် တွေ့ရသည့် ဗိုင်းရပ်နှင့်တူနေသည်။
“ကျနော်တို့လုပ်တဲ့ သရုပ်ခွဲလေ့လာမှုတွေအရ အဖြစ်နိုင်ဆုံး တောရိုင်း သတ္တဝါတွေထဲမှာ မြွေတွေ အများဆုံးပါနေတယ်” ဟု ထိုသုတေသနအဖွဲ့က ရေးသားထားသည်။
“အခု ခန့်မှန်းချက်အသစ်နဲ့ ပတ်သက်ပြီး ကျနော်တို့စိတ်လှုပ်ရှားမိတယ်” ဟု ပင်ဆယ်ဗေးနီးယားရှိ ပစ်စဘတ်တက္ကသိုလ်မှ ထိုလေ့လာမှုကို သုံးသပ်သူ ဟိုင်တောင်ကော်က ပြောသည်။
သူက “နောက်ထပ်စမ်းသပ်တဲ့ အထောက်အထားတွေလိုတယ်။ ဒါပေမယ့် အခု စမ်းသမ်မှုက ကျနော်တို့ကို သဲလွန်စတော့ ပေးနေပြီ” ဟုလည်း ပြောသည်။
ထိုဗိုင်းရပ်သစ်သည် လင်းနို့များနှင့် မြွေများမှ ဗိုင်းရပ်များ ပေါင်းစည်းထားသည့် ဗိုင်းရပ်မျိုးဖြစ်နေသည်။ ဈေးများတွင်ကဲ့သို့ တိရစ္ဆာန် မျိုးစိတ်နှစ်မျိုးကို အနီးကပ်ထားလျှင် ထိုသို့ ဗိုင်းရပ်ပေါင်းစပ်ခြင်း ဖြစ်နိုင်သည်ဟု ဆီယက်တဲလ်ရှိ ဝါရှင်တန်တက္ကသိုလ်မှ ပီတာရာဘင်နိုဝစ်က ပြောသည်။
ထိုဗိုင်းရပ်သည် လေမှတဆင့် လူသားများထံ ကူးစက်လာကြောင်းလည်း သူက ပြောသည်။
“အခုလောလောဆယ်က ခန့်မှန်းတဲ့အဆင့်ပဲ ရှိသေးတယ်။ ဒါပေမယ့် ဗိုင်းရပ်က မြွေတွေက ထွက်တဲ့ အရည်တွေ၊ မစင်တွေမှာပါလာရင် လေမှာပျံ့ပြီး ရှူမိနိုင်တယ်” ဟုလည်း သူက ပြောသည်။
ဇန်နဝါရီလ ၂၂ ရက်နေ့တွင် ကမ္ဘာ့ကျန်းမာရေးအဖွဲ့သည် SARS နှင့် MERS ဗိုင်းရပ်မိသားစုဝင်ဖြစ်သော ယခုဗိုင်းရပ်သစ်ကို လေ့လာသုံးသပ်ရန် အရေးပေါ်ကော်မတီ အစည်းအဝေးခေါ်ခဲ့သည်။
အစည်းအဝေးအပြီးတွင် ညွန်ကြားရေးမှူးချုပ် တက်ရို အက်ဟန်နွန် ဂီဗရေယက်စပ်က အများပြည်သူ ကျန်းမာရေး အရေးပေါ်အခြေအနေ မကြေညာမီ ထိုဗိုင်းရပ်၏ ပျံ့နှံ့မှုနှင့် ပတ်သက်သည့် သတင်းအချက်အလက် လိုနေသေးကြောင်းပြောသည်။
“အခြေအနေက ဆင့်ကဲတိုးတက် ရှုပ်ထွေးနေတယ်။ နိုင်ငံတကာ ပူပန်မှု အတွက် ပြည်သူ့ကျန်းမာရေး အရေးပေါ် အခြေအနေကြေညာမလား၊ မကြေညာဘူးလားဆိုတာကို ကျနော်က အရမ်း အလေးအနက် ထားတယ်။ အထောက်အထား အားလုံးကို ကြည့်ပြီးမှ သင့်တော်တဲ့ ဆုံးဖြတ်ချက်ချဖို့ ကျနော်ပြင်ဆင်ထားတဲ့ ကိစ္စဖြစ်တယ်” ဟု သူက ပြောသည်။
အရေးပေါ်ကော်မတီသည် မနက်ဖြန်တွင် တွေ့ဆုံမည်ဖြစ်ပြီး ထိုအခါ ပိုမိုပြောဆိုစရာများ ရှိလာမည်ဟု သူက ဆိုသည်။
ကိုးကား – Journal of Medical Virology, DOI: 10.1002/jmv.25682
You may also like these stories:",4.0,3.0,3.0,4.0,4.0,"The text provides a clear, informative report on the origins of the Wuhan coronavirus, suitable for educational purposes. It explains scientific hypotheses and reasoning steps regarding viral transmission. The language is natural and professional, reflecting standard Burmese journalistic style, though it contains some minor boilerplate at the end."
<urn:uuid:7add4826-ace2-4cc2-ac76-5ab2373e1db6>,"ဇန္န၀ါရီလ (၂၆) ၂၀၁၃ by ေရႊဟသၤာသတင္းဌာန
ေန႔လည္ တနာရီခန္႔မွ စျပီး ေဟာ္၀စ္ဇာ လက္နက္ႀကီး အေျမာက္က်ည္ဆံမ်ား ေထာင္ႏွင့္ခ်ီ အပစ္ခတ္ ခံေနရသည့္ ခါယာေတာင္သည္ ညေန (၃) နာရီခြဲ အပစ္ရပ္သည့္ အခ်ိန္ထိ ပန္းပန္လွ်က္ရွိသည္ဟု KIA ေရွ႔တန္း တပ္မွဴးတဦး က ေရႊဟသၤာ သတင္းဌာနသို႔ ေျပာၾကား ခဲ့ပါသည္။
“ ပစ္လိုက္တဲ့ လက္နက္ႀကီးေတြကဗ်ာ ေျမဆူမတတ္ကို ခံေနရပါတယ္။ ပစ္လိုက္တဲ့ က်ည္ေတြ ေထာင္နဲ႔ခ်ီျပီး ရွိမယ္။ ေျမတုန္သေလာက္ကို ျဖစ္သြားတယ္။ စကၠန္႔မလပ္ေအာင္ပါဘဲ။ ဒါေပမဲ့ ဘာမွမျဖစ္ပါဘူး။ လက္နက္ႀကီးလည္း ရပ္ ေရာ ေျမျပင္တပ္ကလဲ တခါထဲ ထိုးတက္လာေတာ့တာပါဘဲ။ ေတာင္ေျခကေန ပတ္ျပီး တရစ္ခ်င္းကို တက္လာတယ္။ အျပန္အလွန္ ပစ္လိုက္တာဗ်ာ တက္သေလာက္ေသတယ္။ အဲဒါနဲ႔ ညေန (၃) နာရီခြဲမွာ တခါထဲ ႏွစ္ဖက္စလံုးက အပစ္ ရပ္သြားၾကတယ္။” ဟု ဆိုပါသည္။
ေျမျပင္တြင္ တပ္မ (၈၈)၊ တပ္မ (၆၆) ႏွင့္ အထူး တပ္မ်ားက စစ္ဆင္ေနျခင္း ျဖစ္ပါသည္။ ခါယာေတာင္ေၾကာသည္ KIA လက္ထဲရွိ၌ ရွိေနဆဲဟု ခါယာေတာင္ေၾကာရွိ KIA ေရွ႔တန္း တပ္မွဴးက ဆိုပါသည္။
အစိုးရ လက္နက္ႀကီးမ်ားသည္ ဗန္းေမာ္-ျမစ္ႀကီးနား ကားလမ္းရွိ အင္းတပ္ေတာင္ႏွင့္ လံုေလာရွိ ပြိဳင့္ (၇၇၁) မွ ၁၀၅ မမ၊ ၈၁ မမ၊ ၁၂၀မမမ်ားျဖင့္ ခန္႔မွန္းေျခ အေျမာက္က်ည္ (၁၅၀၀)ခန္႔ ပစ္ခတ္ လိမ့္မည္ဟု KIA က ခန္႔မွန္း ေနပါသည္။ ေန႔ လည္ပိုင္း (၂) နာရီခန္႔တြင္ စစ္ရဟတ္ယာဥ္ တစင္းသည္ ပြိဳင့္ (၇၇၁) သို႔ က်ည္ဆံမ်ား စစ္ကူပို႔ျပီး လူနာမ်ား သယ္ထုတ္ခဲ့ သည္ဟု ဆိုပါသည္။
အစိုးရ တပ္မ်ားသည္ ခါယာေတာင္သို႔ ခ်င္းကပ္သည့္ ကုန္းဂမူ မွန္သမွ်သို႔ တျဖည္းျဖည္းခ်င္း ခ်ီတက္ခဲ့ပါသည္။ KIA တပ္မ်ားလည္း ပစ္သမ်ွ လက္နက္ႀကီး ဒါဏ္မ်ားကို ကတုတ္က်င္း ထည့္၀င္ျပီး ေတာင့္ခံသလို တက္လာသမ်ွေသာ ေျမျပင္ တပ္မ်ားကိုလည္း ေခ်မွဳန္း ႏိုင္ခဲ့ပါသည္။
အစိုးရ အေျမာက္က်ည္မ်ားသည္ ၄င္းတို႔ တပ္မ်ားေပၚသို႔လည္း က်ေရာက္ခဲ့ေၾကာင္း၊ အထူးသျဖင့္ ပြိဳင့္ (၇၇၁)မွစခန္း လက္နက္ႀကီးမ်ား ျဖစ္သည္ဟု ဆိုပါသည္။ ဤသို႔ေၾကာင့္ လံုေလာ့စခန္းဖက္မွ တက္လာေသာ ေျမျပင္တပ္မ်ားသည္ ေစာစီးစြာ အပစ္ရပ္ ခဲ့ရေၾကာင္း ဆိုပါသည္။
မဒီးယန္ႏွင့္ ၀ိုင္းေမာ္ပို႔စ္ဖက္မွ တက္လာေသာ အစိုးရ တပ္မ်ားမွာမူ KIA တပ္မ်ား၏ လက္တကမ္း၌ ၀ပ္ေနဆဲျဖစ္ ေၾကာင္း ၄င္းတို႔သည္လည္း အထိနာခဲ့ရသျဖင့္ (၃)နာရီခြဲ အခ်ိန္၌ အပစ္ရပ္ သြားခဲ့ေၾကာင္း ဆိုပါသည္။
ခါယာေတာင္သည္ အစိုးရ၏ ေဟာ္၀စ္ဇာ အေျမာက္က်ည္ဆံ ေအာက္၌ တပတ္ခန္႔ ခါးသည္းစြာ ခံေနရေသာ္လည္း ပန္းပန္ လ်က္ဟု ဆိုရေပမည္။ အစိုးရတပ္မ်ားသည္ အျမာက္ျဖင့္ ပစ္ေခ်သည့္စနစ္ကို က်င့္သံုးေနဆဲျဖစ္သည္။ KIA သည္ အစိုးရ၏ အေျမာက္ဒဏ္ကို ခံနိုင္ရန္ KNU ၏ 1994 စစ္ဆင္ေရး အေတြ႔အၾကဳံမ်ားကို သင္ခန္းစာယူျပီး မြမ္းမံျပင္ဆင္ ထားသည္ဟု ဆိုပါသည္။ အစိုးရသည္ ခါယာေတာင္ေက်ာကို သိမ္းပိုက္ရန္ ဦးတည္ေနသာ္လည္း သိမ္းပိုက္ႏိုင္ျခင္း မရွိေသးဘဲ အက်အဆံုးမ်ားစြာႏွင့္ ရင္ဆိုင္ေနရေၾကာင္း KIA ဖက္မွ ဆိုပါသည္။",1.0,2.0,2.0,3.0,4.0,"The text is a news report on a specific military conflict in Myanmar. It provides factual reporting on events, locations, and military units. It lacks broader educational or complex analytical depth, but it is written in natural, authentic Burmese, reflecting local journalistic style and specific regional context regarding the KIA and government forces."
<urn:uuid:67d52598-7e0c-4cf8-a876-27b2e1aec9c6>,"အေခ်အတင္ျဖစ္စရာ ၀ီကီလိခ္စ္ (WikiLeaks) ၀က္ဘ္ဆုိဒ္ ထူေထာင္သူ ဂ်ဴလီယန္ အာဆန္းရွ္ (Julian Assange) ကုိ လိင္ပုိင္းဆုိင္ရာ ရာဇ၀တ္မႈ က်ဴးလြန္တယ္ဆုိတဲ့ စြပ္စဲြခ်က္ေတြနဲ႔ ဆြီဒင္ႏုိင္ငံကုိ ျပန္ပုိ႔ႏုိင္ေၾကာင္း ၿဗိတိသွ် တရား႐ုံးက ဆုံးျဖတ္လုိက္ပါတယ္။
ၿပီးခဲ့တဲ့ႏွစ္ ၾသဂုတ္လထဲမွာ အမ်ဳိးသမီး ၂ ဦးက သူတုိ႔အေပၚ လိင္ပုိင္းဆုိင္ရာ မဖြယ္မရာ က်ဴးလြန္တယ္ဆုိတဲ့ စြပ္စဲြခ်က္နဲ႔ ပတ္သက္လုိ႔ ဆြီဒင္ အာဏာပုိင္ေတြက သူ႔အေပၚ အေရးယူထားတာမ်ဳိး မရွိေပမဲ့ စစ္ေဆးေမးျမန္းလုိေၾကာင္း ေျပာဆုိထားတာပါ။
အာဆန္းရွ္ကေတာ့ သူ မမွန္မကန္လုပ္တာ မရွိဘူးလုိ႔ ျငင္းဆန္ထားတာ ျဖစ္ပါတယ္။ သူ႔ရဲ႕ ေရွ႕ေနေတြကေတာ့ ဒီကေန႔ ၿဗိတိသွ် တရား႐ုံးရဲ႕ စီရင္ခ်က္ကုိ အယူခံ၀င္မယ္လုိ႔ ေျပာပါတယ္။ သူတုိ႔အမႈသည္ အေနနဲ႔ ဆြီဒင္ႏုိင္ငံမွာ တရားမွ်မွ်တတ စစ္ေဆးခံရမွာ မဟုတ္ဘူးလုိ႔ ေျပာဆုိထားၾကတာပါ။
၀ီကီလိခ္စ္ ထူေထာင္သူ အာဆန္းရွ္ဟာဆုိရင္ အေမရိကန္ သံတမန္ လွ်ဳိ႕၀ွက္ေၾကးနန္းစာေတြကုိ ဖြင့္ခ်ခဲ့တဲ့ အတြက္လည္း အေမရိကန္ ျပည္ေထာင္စုက သူ႔အေပၚ အာ႐ုံစုိက္ခံေနရတာ ျဖစ္ပါတယ္။",2.0,2.0,2.0,5.0,3.0,"The text is a clear, factual news report about Julian Assange. It provides basic information suitable for general awareness but lacks deep educational or complex reasoning components. It is written in natural, standard Burmese, free of formatting errors or noise, and accurately reflects journalistic reporting styles common in the Burmese media landscape."
<urn:uuid:97628acc-d5b3-4f3d-8c11-57c260ab07f1>,"ခက်ခဲတဲ့ အခြေအနေတွေမှာ ကိုယ့်ရဲ့ Physical ပိုင်းနဲ့ Metal ပိုင်းကို တိုးတက်အောင် ဂရုစိုက်နိုင်မယ့် နည်းလမ်းများကျွန်တော်တို့ လူ (Human Being) တွေမှာ အလွယ်တကူဖန်တီးယူလို့ရတဲ့အရာတွေရှိသလို ဘယ်လိုကြိုးစားအားထုတ်ပါစေ ဖန်တီးယူမရတဲ့အရာတွေလည်းအများကြီးရှိပါတယ်။
ဒီနေ့မှာ Sharing လုပ်ပေးချင်တဲ့ အကြောင်းအရာလေးကတော့ မဖြစ်နိုင်ဘူးလို့ ယူဆရပေမယ့် တကယ့်လက်တွေ့ဘဝမှာ အသုံးတည့်မယ့်အရာလေးပါ။ ဒါကအခြားတော့မဟုတ်ပါဘူး။ ကျွန်တော်တို့ အလေ့အကျင့်သစ်တစ်ခုကို ၂၁ ရက် (ရက်သတ္တပတ် ၃ ပတ်) အတွင်းဖန်တီးယူမှာပါ။
ဥပမာ - သင်ဟာအိပ်ယာဝင်သွားတိုက်လေ့မရှိတဲ့ သူဆိုပါစို့...
ယနေ့ညကစလို့ နောက် ၂၁ ရက်တိတိအထိ Alarm ပးပြီး မပျက်မကွက်တိုက်ကြည့်လိုက်ပါ။ ၃ပတ်ပြည့်ပြီးနောက်ပိုင်းကို ညဘက်သွားမတိုက်ရရင် သင်အိပ်မပျော်တော့ပါဘူး။
ကျွန်တော်တို့ မနက်အိပ်ယာထတိုင်း သွားတိုက်၊ မျက်နှာသစ်၊ ရေချိုး စတဲ့အလေ့အကျင့်တွေဟာ ငယ်စဉ်ထဲက လေ့ကျင့်ယူထားတဲ့ အရာတွေဖြစ်ပါတယ်။ ဒါကြောင့် အလေ့အကျင့်တစ်ရပ်အဖြစ် ခန္ဓာကိုယ်ကအသိမှတ်ပြုလိုက်ပြီဆိုတာနဲ့ ရပ်တန့်လိုက်ဖို့အလွန်ခဲယဉ်းသွားပါတယ်။
ဒီသဘောတရားအတိုင်းပါပဲ။ လူတစ်ယောက်ဟာ အမူအကျင့်တစ်ခုကို အချိန်၊ နေရာ Timeline တစ်ခုထဲမှာပဲ ပုံမှန်လုပ်ပေးလိုက်ရုံနဲ့ အမူအကျင့်ကနေ အလေ့အကျင့်တစ်ခုကို ပြောင်းလဲယူနိုင်ပါတယ်။ ယေဘုယျအားဖြင့် ၂၁ ရက်ဆိုတာ အလေ့အကျင့်တစ်ခု ဖြစ်စေဖို့လုံလောက်တဲ့အချိန်ပမာဏတစ်ခုဖြစ်ပါတယ်။ ဒါကိုလည်း အထောက်အထားနဲ့တကွ ဖော်ပြထားတဲ့ သုတေသီစာတန်းတွေ အများကြီးရှိပါတယ်။
ဒါ့အပြင် တစ်နေ့တာရဲ့ ကိုယ့်အတွက်လုံးဝအကျိုးမရှိဘူးလို့ သတ်မှတ်နိုင်တဲ့အချိန်တွေကို ကိုယ်စိတ်ကူးထားတဲ့ အသစ်အသစ်သော အရာလေးတွေလုပ်ပြီး အစားထိုးလိုက်တာ အကောင်းဆုံးဖြစ်မှာပါ။ Toxic ဖြစ်စေမယ့် အလေ့အကျင့်တွေကို Health ဖြစ်စေမယ့် New Hobbies တွေနဲ့ အစားထိုးခြင်းက အထိရောက်ဆုံးပါပဲ။
အထူးသဖြင့် အခုလိုမျိုး Challenging အရမ်းဖြစ်နေတဲ့ Situation တစ်ခုမှာ ကောင်းတဲ့ Bobbies အသစ်တွေ ဖန်တီးရယူခြင်းဟာ အကောင်းဆုံး Self Upgrade ပါပဲ။ ဒါကြောင့် ဒီနေ့ကစလို့ Good Hobbies တွေ ဖန်တီးယူရင်းနဲ့ ကိုယ့်ရဲ့ Motivationကိုဆွဲတင်ကြရအောင်ဗျာ။",3.0,2.0,2.0,5.0,4.0,"The text provides practical advice on habit formation using the 21-day rule. It is coherent, easy to follow, and uses natural Burmese phrasing with appropriate English loanwords common in modern professional/self-help contexts. It lacks deep academic rigor but serves as a useful, accessible guide for personal development."
<urn:uuid:c79eb662-85b7-493f-9370-f92d2af7cded>,"ရီယိုဒီဂ်ေန႐ိုး၊ စက္တင္ဘာ ၁၇ ရက္ (ဆင္ဟြာ)
ဘရာဇီးႏိုင္ငံ အေမဇုံသစ္ေတာေဒသတြင္ ေလယာဥ္တစ္စင္း ပ်က္က်မႈတြင္ လူ ၁၀ ဦး ဒဏ္ရာရရွိခဲ့ေၾကာင္း ေဒသခံ အာဏာပိုင္မ်ားက စက္တင္ဘာလ ၁၆ ရက္တြင္ ေျပာၾကားခဲ့သည္။
ဘိုဂိုတာ၊ ၾသဂုတ္ ၃၀ ရက္(ဆင္ဟြာ)
ကိုလံဘီယာႏိုင္ငံ၏ ယခင္လက္နက္ကိုင္သူပုန္အဖဲြ႕ေဟာင္းျဖစ္ေသာကိုလံဘီယာေတာ္လွန္ေရးလက္္ နက္ကိုင္တပ္ဖဲြ႔ (FARC) ၏ ေဆြးေႏြးညွိႏႈိင္းမႈအဖဲြ႕ေခါင္းေဆာင္ေဟာင္း အီဗန္မာကြက္ဇ္ (Ivan Marquez) က၎အေနျဖင့္ အျခားေသာ FARC သူပုန္အဖဲြ႕၏ ေခါင္းေဆာင္ေဟာင္းမ်ားႏွင့္အတူ ျပန္ လည္၍ လက္နက္ကိုင္တိုက္ခိုက္မႈ ျပဳလုပ္ရလိမ့္မည္ဟု ၾသဂုတ္ ၂၉ ရက္က ေၾကညာလိုက္ေၾကာင္း သတင္းမ်ားအရသိရသည္။",1.0,1.0,2.0,3.0,1.0,"The document consists of two short, factual news snippets translated from international wire services. It provides basic information but lacks depth, analysis, or significant cultural context. The formatting is clean, but the content is essentially a collection of brief reports rather than a cohesive educational or analytical text."
<urn:uuid:568631d1-47ad-4b62-95c3-0b1ceeae422d>,"ဗညားဟန္ရဲ ့ သမုဒယ ၀ါဆိုးမိုး အေခြ။ (၂၀၀၄) ခုႏွစ္။
ဘာလိုလိုနဲ ့ သူတို ့ရဲ ့အႏုပညာသက္တမ္းေတာင္ ဆယ္စုႏွစ္ ၂ စုနီးပါးရွိလာခဲ့ၿပီပဲ။
တိတ္ကာဘာကို ေပးပို ့လာသူ - Chit Thu Maung (facebook)
ဖိုင္အမ်ိဳးအစားႏွင့္ ပမာဏသတိျပဳရန္ (MP3/128 KBPS/47.1 MB)
ဖိုင္အမ်ိဳးအစားႏွင့္ ပမာဏသတိျပဳရန္ (MP3/128 KBPS/47.1 MB)
နားဆင္ဖို ့နဲ ့သိမ္းထားႏိုင္ဖို ့......
PCould Link >>>>>>> Click Here
Mediafire Link >>>>>> Click Here
Other Link >>>>>>>> Click Here
PCould Link >>>>>>> Click Here
Mediafire Link >>>>>> Click Here
Other Link >>>>>>>> Click Here",0.0,0.0,1.0,1.0,1.0,"The document is a collection of download links for a music album. It lacks educational content, reasoning, or professional depth. While it uses natural Burmese, it is essentially a file-sharing snippet with significant boilerplate and repetitive noise, offering no cultural insight beyond the existence of the artist."
<urn:uuid:5de634ce-72cd-475d-beb0-d8185e16eb11>,"အမုန္းေႏွာင္ၾကဳိး ရင္၀ယ္ရစ္ပတ္
သံေယာဇဥ္ေလးဟာ
ပူေလာင္ျခင္း အျမဳေတအစစ္
မာနလား ေဒါသလား...။
အခ်စ္ေႏွာင္ၾကဳိး ရင္၀ယ္ရစ္ပတ္
သံေယာဇဥ္ေလးဟာ
ေအးျမယွက္ႏြယ္ ခ်စ္ၾကဳိးသြယ္လ်က္
ေပ်ာ္၇ႊင္ျခင္း အျမဳေတအစစ္
ေမတၱာလား ေလာဘလား...။
မာန ေဒါသရဲ႕သူငယ္ခ်င္း
ေမတၱာ ေလာဘရဲ႕မိတ္ေဆြ
ေမြးဖြားျခင္းရဲ႕နိယာမတရား
အမုန္းအခ်စ္ၾကားကလူ
ခ်မ္းေျမ႕မႈရဲ႕အသက္
ျငိမ္းခ်မ္းျခင္းရဲ႕မိခင္
သာယာျခင္းရဲ႕ဖခင္
လုိခ်င္တာက
ေမတၱာစစ္စစ္ပါကြယ္...။
အရွင္ဥာဏေဗာဓိ
သံေယာဇဥ္ေလးဟာ
ပူေလာင္ျခင္း အျမဳေတအစစ္
မာနလား ေဒါသလား...။
အခ်စ္ေႏွာင္ၾကဳိး ရင္၀ယ္ရစ္ပတ္
သံေယာဇဥ္ေလးဟာ
ေအးျမယွက္ႏြယ္ ခ်စ္ၾကဳိးသြယ္လ်က္
ေပ်ာ္၇ႊင္ျခင္း အျမဳေတအစစ္
ေမတၱာလား ေလာဘလား...။
မာန ေဒါသရဲ႕သူငယ္ခ်င္း
ေမတၱာ ေလာဘရဲ႕မိတ္ေဆြ
ေမြးဖြားျခင္းရဲ႕နိယာမတရား
အမုန္းအခ်စ္ၾကားကလူ
ခ်မ္းေျမ႕မႈရဲ႕အသက္
ျငိမ္းခ်မ္းျခင္းရဲ႕မိခင္
သာယာျခင္းရဲ႕ဖခင္
လုိခ်င္တာက
ေမတၱာစစ္စစ္ပါကြယ္...။
အရွင္ဥာဏေဗာဓိ",2.0,2.0,2.0,3.0,4.0,"This is a philosophical poem by a Buddhist monk reflecting on human emotions like love, hate, and attachment. It offers basic moral/spiritual education and simple reasoning about human nature. It is culturally authentic to Burmese Buddhist traditions, though the repetition of the text reduces its cleanliness score."
<urn:uuid:373e21cd-ed87-41fe-872c-de9875ad4af2>,"ရှမ်းပြည်နယ် ကလော အောင်ပန်းမြို့ရှိ 50 x 80 အကျယ် 2 BN ပါ အိမ်နှင့်ခြံ အမြန်ရောင်းမည်။
- တိုင်း/ပြည်နယ်: ရှမ်းပြည်နယ်
- မြို့/မြို့နယ်: ကလော
- ရောင်း/ငှား: ရောင်း
- အိမ်ခြံမြေအမျိုးအစား: လုံးချင်းအိမ်များ
- Property ID: 53944
- လမ်းအမည်: အောင်မြလမ်းနှင့် ပန်းသဇင်လမ်းထောင့်
- Common Bedroom: 2
- Tenure ပိုင်ဆိုင်မှု: ပုံစံ၁၀၅/၁၀၆
- Bathroom: 1
- မြေကွက်အကျယ်: 50 x 80
- Property size: 4000 ft²
- မျက်နှာစာအကျယ်: 50 ft
- Phone: 09-894099077/ 09-894099022/ 01-667758
- ရောင်းဈေး: 17000 သိန်း (ညှိနှိုင်း)
Details
အပေါ်ဈေးအနီး
- ID: 53944
- Online တင်ခဲ့သည့်နေ့ ဇန်နဝါရီ 10, 2021
- နောက်ဆုံးပြင်ဆင်ခဲ့သည့်နေ့ ဇန်နဝါရီ 11, 2021
- ကြည့်ရှုပြီး 20",0.0,0.0,1.0,3.0,2.0,"This is a real estate advertisement. It lacks educational or reasoning content. It is simple to comprehend, requiring no specialized knowledge. It is formatted as a structured listing with some boilerplate, but is readable. It uses local Burmese real estate terminology and location-specific context, reflecting authentic local usage."
<urn:uuid:2e824d64-753a-4111-83db-373afd0157fe>,"နေ့စဉ်ရက်ဆက် ထမင်းတောင်မစားနိုင်ဘဲ သားကိုစိတ်ပူနေတဲ့ ဖခင်ဖြစ်သူကြောင့် စိတ်မကောင်းဖြစ်နေတဲ့ တိုင်ရွန်
ပရိသတ်တွေချစ်ခင်အားပေးရတဲ့မင်းသားချောပိုင်တံခွန်ကတော့အနုပညာနယ်ပယ်မှာအောင်မြင်နေတဲ့သူတစ်ယောက်ဖြစ်သလိုလတ်တလောဖြစ်ပေါ်နေတဲ့အခြေအနေတွေမှာပြည်သူတွေဘက်ကတတ်တတ်ကြွကြွရပ်တည်ပေးနေတဲ့သူတစ်ယောက်လည်းဖြစ်ပါတယ်။
ဒါအပြင်မင်းသားချောတိုင်ရွှန်ကတော့ ပရဟိတအလုပ်တွေကိုလုပ်ကိုင်နေပြီး လိုအပ်နေတဲ့သူတွေကိုလှူဒါန်းပေးနေတာလည်းဖြစ်ပါတယ်။လတ်တလောအခြေအနေအရပ်ရပ်ကြောင့်တ်ိမ်းရှောင်နေရပေမယ့်လည်းသူ့ရဲ့လူမှုကွန်ယက်စာမျက်နှာမှတစ်ဆင့် Speak Out လုပ်ပေးနေသူလည်းဖြစ်ပါတယ်။
ဒါ့အပြင်မနေ့ကဖြစ်ပွားခဲ့တဲ့ပဲခူးမြို့ကဖြစ်စဉ်တွင်သူ့ဘက်မှဘာမှမလုပ်ပေးနိုင်ခဲ့တဲ့အတွက်ဝမ်းနည်းကြောင်းကိုလည်းရေးသားထားတာကိုမြင်တွေ့ကြရမှာပါ။မကြာသေးခင်နာရီပိုင်းလောက်ကလည်းတိုင်ရွန်ရဲ့FacebookStoryတွင်နေ့စဉ်ရက်ဆက်ထမင်းတောင်မစားနိုင်ဘဲသားကိုစိတ်ပူနေတဲ့ဖခင်ဖြစ်သူကြောင့်စိတ်မကောင်းဖြစ်နေတဲ့အကြောင်းကိုရေးသားထားတာပဲဖြစ်ပါတယ်။
ထမင်းလည်းမစားတစ်နေ့တစ်နေ့Facebookပေါ်ကသတင်းတွေဖတ်ပြီးသားဖြစ်သူကိုစိတ်ပူနေတယ်တဲ့။ပါးပါးရေသားလည်းသတိရပါတယ်စိတ်မပူပါနဲ့ဒီအခြေအနေကြီးအမှန်တရားအတိုင်းအေးချမ်းသွားရင်အရင်လိုအေးအေးဆေးဆေးပြန်နေနိုင်မှာပါသားလည်းသတိရနေပါတယ်ကျန်းမာရေးဂရုစိုက်ပါဆိုပြီးရေးသားထားတာပဲဖြစ်ပြီးပရိသတ်တွေအတွက်ဒီသတင်းကိုတစ်ဆင့်ပြန်လည်ကူးယူတင်ဆက်ပေးလိုက်ရပါတယ်နော်။ခွဲခွာနေရတဲ့မိသားစုတွေလည်းအမြန်ဆုံးပြန်လည်ပေါင်းစည်းနိုင်ပါစေလို့လည်းဆုတောင်းပေးလိုက်ရပါတယ်။
Credit",1.0,1.0,1.0,3.0,4.0,"The text is a celebrity news snippet about a Burmese actor. It lacks educational or complex reasoning depth. It is written in natural, colloquial Burmese, reflecting local social sentiments and honorifics, but functions primarily as entertainment gossip rather than professional or academic content."
<urn:uuid:17078582-3c3f-4e03-b101-80ba1ebf7e4a>,"မန္တလေးမြို့၊ပြည်ကြီးတံခွန်မြို့နယ်၊၁၂၆လမ်း၊၅၆လမ်းနဲ့ ၅၇လမ်းကြားမှာ နိုဝင်ဘာ၂၃ရက် ည၇နာရီခန့်က အမျိုး သမီးတစ်ဦးစီးနင်းလာတဲ့ စကူဖီအနက်ရောင်ဆိုင်ကယ်ကိုအမျိုးသား၅ဦးက တားပြီး အမျိုးသမီးကို ဓါးနဲ့ထောက်ကာဆိုင်ကယ်ကိုလုယက်သွားတယ်လို့ ဆိုင်ကယ်အလုခံခဲ့ရတဲ့ အမျိုးသမီးရဲ့ မိသားစုအသိုင်း အဝိုင်းက သိရပါတယ်။
“ခုခေတ်ကာလမှာ မန္တလေးက တန်ဖိုးကြီးဆိုင်ကယ်တွေ စီးတဲ့သူတွေ အနေနဲ့ လူပြတ်တဲ့နေရာတွေတို့ ညမိုးချုပ်လာရင်တို့ဆိုရင် ဆိုင်ကယ်ကို တစ်ယောက်ထဲစီးရင် အန္တရာယ်အ ရမ်းများပါတယ်။ဆိုင်ကယ်လုတဲ့ဓါးပြတွေက အုပ်စုဖွဲ့လုတတ်ပါတယ်။ဒါကြောင့် ဘယ်လိုအကြောင်းတွေပဲရှိရှိ ကိုယ့်အသက်အန္တရာယ်နဲ့ဆိုဆိုင်ကယ်အတွက် လမ်းပေါ်ဆိုင်ကယ်စီးရင် သတိလေးထားပြီး စီးကြဖို့ အထူးလိုအပ်ပါတယ်”လို့ မန္တလေးမြို့ခံတစ်ဦးက ပြောပါတယ်။
လုယက်ခံခဲ့ရတဲ့ဆိုင်ကယ်အမျိုးအစားမှာ Honda Scoopy110ဖြစ်ပြီး ဆိုင်ကယ်အရောင်မှာအနက်ရောင်ဖြစ်ကာ ဆိုင်ကယ်နံပါတ်မှာ 70W/78487ဖြစ်တယ်လို့ သိရပါတယ်။
လုယက်ခံခဲရတဲ့ဆိုင်ကယ်ကိုတွေ့ရှိ့ပါက 𝟎𝟗-𝟕𝟓𝟎 𝟐𝟒𝟎 𝟒𝟏𝟔နဲ့ 𝟎𝟗-𝟗𝟖𝟒 𝟕𝟎𝟎 𝟎𝟒𝟒တို့ကို ဆက်သွယ်အကြောင်း ကြားနိုင်ပါတယ်။",1.0,1.0,1.0,5.0,4.0,"The text is a local news report about a robbery in Mandalay. It provides basic safety advice (educational value) and simple logical warnings (reasoning). It is written in natural, authentic Burmese with local context, and is clean, well-formatted, and free of boilerplate or machine-translation artifacts."
<urn:uuid:0f9d0ec4-c4f5-43d9-9749-1bc5ae139a9b>,"တရားစွဲခံ သရုပ်ဆောင်များ၏ ကြော်ငြာဆိုင်းဘုတ်များကို စစ်ကောင်စီက ဖြုတ်ခိုင်းနေ
(ယူနီကုဒ် ဖြင့် ဖတ်မရသူများ အောက်တွင် ဇော်ဂျီဖောင့်ဖြင့်ဖတ်ရန်)
ပုဒ်မ ၅၀၅(က)နဲ့ အမှုဖွင့် တရားစွဲခံထားရတဲ့ သရုပ် ဆောင်တွေရဲ့ ကြော်ငြာဆိုင်းဘုတ်မှန်သမျှကို စစ်ကောင်စီခန့် မန္တလေးစည်ပင်သာယာ တာဝန်ရှိသူရဲ့အမိန့်နဲ့ နှစ်ရက်အတွင်း အပြီးဖြုတ်ခိုင်းနေတယ်လို့ စည်ပင်ဝန်ထမ်းတွေထံက သိရပါတယ်။…
မန္တလေးမြို့မှာ ဇွန်လ ၁၅ ရက်နေ့က စပြီး စည်ပင်သာယာဝန်ထမ်းနဲ့ စည်ပင်ရဲတွေက ကြော်ငြာ ဆိုင်း ဘုတ်တွေကို လိုက်လံဖြု တ် သိမ်းနေကြတာဖြစ်ပါတယ်။ကြော်ငြာ ဆိုင်းဘုတ်တွေကို စည်ပင်သာယာထံ လုပ်ငန်းရှင်တွေက အခွန်ငွေပေးပြီး ထောင်ရတာ…
ဖြစ်တဲ့အတွက် တချို့လုပ်ငန်းရှင်တွေကတော့ “အခွန်ဆောင်ထားရတာတွေပြန်ပေးမှာလား”လို့ မေးခွန်း ထုတ်နေကြပါတယ်။လူအသွားအလာများတဲ့ အဓိက လမ်းမကြီးတွေမှာ စိုက်ထူထားတဲ့ ဆိုင်းဘုတ်တွေအတွက် အခွန်ပိုမိုပေးဆောင်ထားရတယ်လို့လည်း…
သိရပါတယ်။လမ်းဘေးဆိုင်တွေမှာလည်း အဆိုပါ သရုပ်ဆောင်တွေ ပါဝင်တဲ့ ဗီနိုင်းဆိုင်းဘုတ်တွေနဲ့ ကြော်ငြာထားတာ မှန်သမျှ ဖြုတ်ကြဖို့ စည်ပင်ကဝန် ထမ်းတွေ လိုက်ပြောနေကြတယ်လို့ သိရပါတယ်။စစ်ကောင်စီတပ်တွေ အဓိက ဖြ တ် သန်းသွားလာရာ…
အဓိကနေရာတွေဖြစ်တဲ့ မန္တလေးမြို့ ၇၈ လမ်း တစ် လျှောက်၊ ၈၄ လမ်း တလျှောက်၊ ၇၃ လမ်းနဲ့ လမ်း ၃၀ စတဲ့ လမ်းတွေကို အရင်ဆုံး လိုက်လံဖြုတ်ခိုင်းခဲ့တယ်လို့ သိရပါတယ်။အလားတူ ရန်ကုန်မြို့မှာလည်း အ များပြည်သူ ဖြတ်သန်းသွားလာရာ…
အဓိကလမ်းမကြီးတွေပေါ်က တရားစွဲခံ သရုပ်ဆောင်တွေရဲ့ ကြော်ငြာ ဆိုင်းဘုတ်ကြီးတွေလည်း မရှိသ လောက်နည်းပါးသွားပါတယ်။ဒါ့အပြင် နိုင်ငံတော် အတိုင်ပင်ခံ ပုဂ္ဂိုလ်ဒေါ်အောင်ဆန်းစုကြည်ရဲ့ ရုပ်ပုံပါဆိုင်းဘုတ်တွေလည်း ဖြုတ်သိမ်းခံထားရသလို…
သမ္မတ ဦးဝင်းမြင့်နေထိုင်ရာ တာမွေမြို့နယ်ရှိ ခြင်းလုံးရုံမှာ ချိတ်ဆွဲထားတဲ့ ခြင်းလုံးခတ်နေတဲ့ဓာတ်ပုံတွေကိုပါ စစ်အုပ်စုက လိုက်လံ ဖြုတ်သိမ်းထားပါတယ်။…
ဇော်ဂျီဖောင့်ဖြင့် ဖတ်ရန်
တရားစွဲခံ သရုပ်ဆောင်များ၏ ကြော်ငြာဆိုင်းဘုတ်များကို စစ်ကောင်စီက ဖြုတ်ခိုင်းနေ
ပုဒ်မ ၅၀၅(က)နဲ့ အမှုဖွင့် တရားစွဲခံထားရတဲ့ သရုပ် ဆောင်တွေရဲ့ ကြော်ငြာဆိုင်းဘုတ်မှန်သမျှကို စစ်ကောင်စီခန့် မန္တလေးစည်ပင်သာယာ တာဝန်ရှိသူရဲ့အမိန့်နဲ့ နှစ်ရက်အတွင်း အပြီးဖြုတ်ခိုင်းနေတယ်လို့ စည်ပင်ဝန်ထမ်းတွေထံက သိရပါတယ်။…
မန္တလေးမြို့မှာ ဇွန်လ ၁၅ ရက်နေ့က စပြီး စည်ပင်သာယာဝန်ထမ်းနဲ့ စည်ပင်ရဲတွေက ကြော်ငြာ ဆိုင်း ဘုတ်တွေကို လိုက်လံဖြု တ် သိမ်းနေကြတာဖြစ်ပါတယ်။ကြော်ငြာ ဆိုင်းဘုတ်တွေကို စည်ပင်သာယာထံ လုပ်ငန်းရှင်တွေက အခွန်ငွေပေးပြီး ထောင်ရတာ…
ဖြစ်တဲ့အတွက် တချို့လုပ်ငန်းရှင်တွေကတော့ “အခွန်ဆောင်ထားရတာတွေပြန်ပေးမှာလား”လို့ မေးခွန်း ထုတ်နေကြပါတယ်။လူအသွားအလာများတဲ့ အဓိက လမ်းမကြီးတွေမှာ စိုက်ထူထားတဲ့ ဆိုင်းဘုတ်တွေအတွက် အခွန်ပိုမိုပေးဆောင်ထားရတယ်လို့လည်း…
သိရပါတယ်။လမ်းဘေးဆိုင်တွေမှာလည်း အဆိုပါ သရုပ်ဆောင်တွေ ပါဝင်တဲ့ ဗီနိုင်းဆိုင်းဘုတ်တွေနဲ့ ကြော်ငြာထားတာ မှန်သမျှ ဖြုတ်ကြဖို့ စည်ပင်ကဝန် ထမ်းတွေ လိုက်ပြောနေကြတယ်လို့ သိရပါတယ်။စစ်ကောင်စီတပ်တွေ အဓိက ဖြ တ် သန်းသွားလာရာ…
အဓိကနေရာတွေဖြစ်တဲ့ မန္တလေးမြို့ ၇၈ လမ်း တစ် လျှောက်၊ ၈၄ လမ်း တလျှောက်၊ ၇၃ လမ်းနဲ့ လမ်း ၃၀ စတဲ့ လမ်းတွေကို အရင်ဆုံး လိုက်လံဖြုတ်ခိုင်းခဲ့တယ်လို့ သိရပါတယ်။အလားတူ ရန်ကုန်မြို့မှာလည်း အ များပြည်သူ ဖြတ်သန်းသွားလာရာ…
အဓိကလမ်းမကြီးတွေပေါ်က တရားစွဲခံ သရုပ်ဆောင်တွေရဲ့ ကြော်ငြာ ဆိုင်းဘုတ်ကြီးတွေလည်း မရှိသ လောက်နည်းပါးသွားပါတယ်။ဒါ့အပြင် နိုင်ငံတော် အတိုင်ပင်ခံ ပုဂ္ဂိုလ်ဒေါ်အောင်ဆန်းစုကြည်ရဲ့ ရုပ်ပုံပါဆိုင်းဘုတ်တွေလည်း ဖြုတ်သိမ်းခံထားရသလို…
သမ္မတ ဦးဝင်းမြင့်နေထိုင်ရာ တာမွေမြို့နယ်ရှိ ခြင်းလုံးရုံမှာ ချိတ်ဆွဲထားတဲ့ ခြင်းလုံးခတ်နေတဲ့ဓာတ်ပုံတွေကိုပါ စစ်အုပ်စုက လိုက်လံ ဖြုတ်သိမ်းထားပါတယ်။
Crd",2.0,2.0,2.0,2.0,5.0,"The text is a news report about political events in Myanmar. It provides factual reporting on current affairs, which is informative but not strictly educational. It contains redundant content due to the inclusion of both Unicode and Zawgyi versions, and ends with a credit tag, impacting cleanliness."
<urn:uuid:7bbbf8e2-995e-4234-939c-55c1ca75c321>,"က်မ ေရာက္သြားတဲ့ေန႔။
ဒီေန႔ေလးေပါ့ သူ႔ဘဝတစ္ခုလံုးထဲ
က်မေရာက္သြားတဲ့ေန႔။
ဒီေန႔ေလးေပါ့ က်မ ဘဝတစ္ခုလံုးထဲ
သူေရာက္လာတဲ့ေန႔။
ဒီေန႔ေလးေပါ့
က်မတို႔ႏွစ္ေယာက္စိတ္တူကိုယ္တူနဲ႔
ဘဝတစ္ခုတည္ေထာင္နဲ႔ေန႔။
ဒီေန႔ေလးေပါ့ မိဘေမာင္ႏွမေတြမစံုေပမဲ့
က်မတို႔ႏွစ္ဦး သစၥာရွိရွိနဲ႔
အျပန္အလွန္ခ်စ္ျခင္းေမတၱာနဲ႔
လက္မွတ္ထိုးခဲ့တဲ့ေန႔။
ဒီေန႔ေလးဘဲေပါ့ က်မ ေမာင္ႏွမေတြက
က်မကို မိသားစုစာရင္းထဲက
ထုတ္ပယ္တဲ့ေန႔။
ဒီေန႔ေလးေပါ့ သိပ္ရိုးရွင္းတဲ့ ဟိုတယ္မဟုတ္ဘဲ ခန္းမေလးတစ္ခုမွာ မိဘေမာင္ႏွမ မစံုဘဲ က်မတို႔ရဲ႕ အမွတ္တရေန႔ေလးကို က်င္းပတဲ့ေန႔. ......
သူ႔ဘက္က မိတ္ေဆြသူငယ္ခ်င္းေတြကလည္း က်မလို မိန္းမကို မယူဖို႔ အတန္တန္တားျမစ္ျပီး ဖ်က္စီးခဲ့ၾကေပမဲ့ သူနဲ႔က်မ ဖူးစာအေၾကာင္းပါလို႔ ညားခဲ့ၾကရတယ္။
က်မဘက္က မိသားစု ေမာင္ႏွမ ေဆြမ်ိဳးေတြကလည္း သူနဲ႔အေၾကာင္းမပါေစဖုိ႔ အမ်ိဳးမ်ိဳးနာခ်ခဲ့ေပမဲ့ က်မတို႔တို႔ ဖူးစာက ညားဖို႔အေၾကာင္းပါလာေတာ့ ညားခဲ့ၾကတယ္။
လူတိုင္းရဲ႕ အကဲ့ရဲ႕ခံနဲ႔ဘဝကို က်မတို႔ ၂ေယာက္ တြန္းလန္ျပီး တူလက္တြဲလာခဲ့တာ ဒီေန႔..... ဒီေန႔.....
31-5-2013
ဒီေန႔ ... က်မတို႔ရဲ႕ အိမ္ေထာင္သက္ ခ်စ္သက္တန္း (၅)ႏွစ္တင္းတင္း ျပည့္ခဲ့ပါျပီ။ ဒီ (၅)ႏွစ္အတြင္းမွာ သူ႔ရဲ႕ ဂရုဏာေမတၱာ ေႏြးေထြးမဳွ႕ အၾကင္နာေတြၾကား က်မေပ်ာ္ရႊင္ခဲ့ရတယ္။ က်မအေပၚ ကေလးတစ္ေယာက္လို ခ်စ္ျပီး မိဘတစ္ေယာက္လို ေစာင့္ေရွာက္ခဲ့သလို ညီမတစ္ေယာက္ အလိုလိုက္တဲ့ အိမ္ဦးနတ္ၾကီးေရ ဒီေန႔ က်မတို႔မဂၤလာသက္ (၅)ႏွစ္ျပည့္ေလးမွာ က်မ ရွင့္ကို ေက်းဇူးတင္စကားနဲ႔အတူ ခ်စ္တယ္လို႔ တိုးတိုးေျပာလိုက္ပါရေစ.......
ဒီေန႔ေလးမွာ .... ျပဳခဲ့ေသာ အာရံုဆြမ္းအလွဴေလးပါ။ ယခင္ျပဳခဲ့ေသာ ကုသိုလ္အစုစုႏွင့္တစ္ကြ ယခုျပဳရေသာ ကုသိုလ္အစုစုအတြက္ အားလံုးကို အမွ်ေပးေဝပါတယ္။ ၾကားၾကားသမွ် အားလံုး အမွ်... အမွ်...အမွ်...ယူေတာ္ယူၾကပါကုန္ေသာ္.....သာဓု....သာဓု....သာဓု......
ဒီေန႔ေလးမွာ .... ျပဳခဲ့ေသာ အာရံုဆြမ္းအလွဴေလးပါ။ ယခင္ျပဳခဲ့ေသာ ကုသိုလ္အစုစုႏွင့္တစ္ကြ ယခုျပဳရေသာ ကုသိုလ္အစုစုအတြက္ အားလံုးကို အမွ်ေပးေဝပါတယ္။ ၾကားၾကားသမွ် အားလံုး အမွ်... အမွ်...အမွ်...ယူေတာ္ယူၾကပါကုန္ေသာ္.....သာဓု....သာဓု....သာဓု......
ဒီေအာက္က ပံုေတာ္ေလးေတြကိုေတာ့ က်မ ဖဘမွာေၾကာ္ျငာထားတာပါ။ ဘေလာ့ကေန လာလည္ျပီး ပူေဇာ္ခ်င္သူမ်ားရွိရင္လည္း ေကာ္မန္႔ျဖစ္ေစ ခ်က္ေဘာက္မွာျဖစ္ေစ ေျပာေပးခဲ့ပါေနာ္။
စာဖတ္သူမ်ားကို အစဥ္ေလးစား ခ်စ္ခင္လွ်က္
အလြမ္းျမိဳ႕ေလး
31-5-2013",1.0,1.0,1.0,3.0,5.0,"This is a personal blog post about a wedding anniversary. It lacks educational or complex reasoning content. It is written in natural, authentic Burmese, reflecting local social customs regarding marriage, family disapproval, and Buddhist merit-making practices. The text is coherent and human-written, though it includes some repetitive boilerplate regarding religious offerings."
<urn:uuid:d2a2be87-f1be-499d-bbcc-7d42aa4beaa0>,"#POINTYouthPlatform #POINT
သင်ဝိတ်ချတဲ့အခါ ရေက များများသောက်သင့်တဲ့ ကယ်လိုရီဓါတ်အနည်းဆုံး အစားအစာတစ်ခု ဖြစ်ပါတယ်။ သင့်ရဲ့ခန္ဒာကိုယ်အရွယ်အစားပေါ် မူတည်ပြီး သင်နေ့စဉ် သောက်သုံးသင့်တဲ့ ရေပမာဏာလည်း မတူညီပါဘူး။
(၁) ကာယလေ့ကျင့်ခန်းလုပ်ရာမှာ ရေဓာတ်ပြည့်ဝမှ ဝိတ်ကျမှာဖြစ်ပါတယ်။
အကယ်၍ သင်ဟာရေဓာတ်ပြည့်ဝနေရင် ကာယလေ့ကျင့်ခန်းနှင့် ဝိတ်ကျစေဖို့ အထောက်အကူ ဖြစ်ပါတယ်။ သင်ရဲ့ခန္ဒကိုယ် အလေးချိန် ၂ရာခိုင်နှုန်း မကျသေးသ၍ ရေဆာမှာမဟုတ်ပါဘူးလို့ “The American Journal of Clinical Nutrition” ရဲ့ လေ့လာတွေ့ရှိချက်အရ သိရပါတယ်။
(၂) ရေများများသောက်ခြင်းက အစာခြေဖျက်မှုစနစ်အားပိုကောင်းစေပါတယ်။
သင်ရေသောက်တိုင်း၊ အစာစားတိုင်းမှာ သင်ရဲ့ခန္ဓကိုယ်က ကယ်လိုရီတွေ လောင်ကျွမ်းစေပါတယ်။ The Journal of Endocrinology & Metabolism ဂျာနယ်ရဲ့လေ့လာချက်အရ ရေ၁၆အောင်စ သောက်သုံးခြင်းက အစာခြေဖျက်မှုစနစ် ၃၀ရာခိုင်နှုန်းကို လျော့ကျစေနိုင်ပါတယ်။ တစ်နေ့ရေ၁.၅လီတာ သောက်သုံးခြင်းဖြင့် ကယ်လိုရီ၂၀ဝလောင်ကျွမ်းစေတယ်လို့ သိရပါတယ်။
(၃) ရေသောက်ခြင်းကပိုဗိုက်ဆာစေပါတယ်။
ရေရဲ့အစွမး်သတ္တိက ဗိုက်ပြည့်စေဖို့ထက် ပိုပြီးဗိုက်ဆာစေပါတယ်။ အစာမရှိခြင်း၊ ဂလုပ်လုပ်မြည်ခြင်း၊ အားမရှိခြင်း၊ ရွှင်မြူးခြင်း၊ တတာတွေက ဗိုက်ဆာတယ်လို့ ခံစားရစေပါတယ်။ “University of Oxford” လေ့လာချက်အရ ကယ်လိုရီအနည်းငယ်ပါတဲ့ အစားမစားခင် မိနစ်၃၀အလို ရေ၁၆အောင်စသောက်ခြင်းဖြင့် ၂.၆ပေါင်ပိုပြီး ဝိတ်ကျစေပါတယ်။
(၄) တခြားအချိုရည်များသောက်သုံးခြင်းမှကင်းဝေးစေပါတယ်။
ဖျော်ရည်ယမကာနှိုင်းယှဉ်လိုက်ရင်တော့ ရေကပိုကောင်းပါတယ်။ BMC Public Health အဖွဲ့ရဲ့ လေ့လာချက်အရ ဖျော်ရည်ယမကာထဲမှာ ၃.၄အောင်စ ရေထည့်ခြင်းဖြင့် ကယ်လိုရီဝ.၇အောင်စလျော့ချ စေ နိုင်တယ်လို့သိရပါတယ်။
Writer & Translator : Shwe Yi
*** Unicode ***
#POINTYouthPlatform #POINT
သင်ဝိတ်ချတဲ့အခါ ရေက များများသောက်သင့်တဲ့ ကယ်လိုရီဓါတ်အနည်းဆုံး အစားအစာတစ်ခု ဖြစ်ပါတယ်။ သင့်ရဲ့ခန္ဒာကိုယ်အရွယ်အစားပေါ် မူတည်ပြီး သင်နေ့စဉ် သောက်သုံးသင့်တဲ့ ရေပမာဏာလည်း မတူညီပါဘူး။
(၁) ကာယလေ့ကျင့်ခန်းလုပ်ရာမှာ ရေဓာတ်ပြည့်ဝမှ ဝိတ်ကျမှာဖြစ်ပါတယ်။
အကယ်၍ သင်ဟာရေဓာတ်ပြည့်ဝနေရင် ကာယလေ့ကျင့်ခန်းနှင့် ဝိတ်ကျစေဖို့ အထောက်အကူ ဖြစ်ပါတယ်။ သင်ရဲ့ခန္ဒကိုယ် အလေးချိန် ၂ရာခိုင်နှုန်း မကျသေးသ၍ ရေဆာမှာမဟုတ်ပါဘူးလို့ “The American Journal of Clinical Nutrition” ရဲ့ လေ့လာတွေ့ရှိချက်အရ သိရပါတယ်။
(၂) ရေများများသောက်ခြင်းက အစာခြေဖျက်မှုစနစ်အားပိုကောင်းစေပါတယ်။
သင်ရေသောက်တိုင်း၊ အစာစားတိုင်းမှာ သင်ရဲ့ခန္ဓကိုယ်က ကယ်လိုရီတွေ လောင်ကျွမ်းစေပါတယ်။ The Journal of Endocrinology & Metabolism ဂျာနယ်ရဲ့လေ့လာချက်အရ ရေ၁၆အောင်စ သောက်သုံးခြင်းက အစာခြေဖျက်မှုစနစ် ၃ဝရာခိုင်နှုန်းကို လျော့ကျစေနိုင်ပါတယ်။ တစ်နေ့ရေ၁.၅လီတာ သောက်သုံးခြင်းဖြင့် ကယ်လိုရီ၂ဝဝလောင်ကျွမ်းစေတယ်လို့ သိရပါတယ်။
(၃) ရေသောက်ခြင်းကပိုဗိုက်ဆာစေပါတယ်။
ရေရဲ့အစွမ်းသတ္တိက ဗိုက်ပြည့်စေဖို့ထက် ပိုပြီးဗိုက်ဆာစေပါတယ်။ အစာမရှိခြင်း၊ ဂလုပ်လုပ်မြည်ခြင်း၊ အားမရှိခြင်း၊ ရှွင်မြူးခြင်း၊ တတာတွေက ဗိုက်ဆာတယ်လို့ ခံစားရစေပါတယ်။ “University of Oxford” လေ့လာချက်အရ ကယ်လိုရီအနည်းငယ်ပါတဲ့ အစားမစားခင် မိနစ်၃ဝအလို ရေ၁၆အောင်စသောက်ခြင်းဖြင့် ၂.၆ပေါင်ပိုပြီး ဝိတ်ကျစေပါတယ်။
(၄) တခြားအချိုရည်များသောက်သုံးခြင်းမှကင်းဝေးစေပါတယ်။
ဖျော်ရည်ယမကာနှိုင်းယှဉ်လိုက်ရင်တော့ ရေကပိုကောင်းပါတယ်။ BMC Public Health အဖွဲ့ရဲ့ လေ့လာချက်အရ ဖျော်ရည်ယမကာထဲမှာ ၃.၄အောင်စ ရေထည့်ခြင်းဖြင့် ကယ်လိုရီဝ.ရအောင်စလျော့ချ စေ နိုင်တယ်လို့သိရပါတယ်။
Writer & Translator : Shwe Yi",3.0,2.0,2.0,4.0,3.0,"The text provides health-related information suitable for a general audience. It uses citations to support claims, though some translations of scientific concepts are slightly awkward or inaccurate. It is well-structured, clean, and uses natural Burmese phrasing, though it contains minor typographical errors in the Burmese script."
<urn:uuid:17f6be0f-bd60-4a99-a72c-e7f734d9ef58>,"21-Sep-2016
ကခ်င္ 2200 views
ကခ်င္ 2200 views
ကခ်င္ျပည္နယ္ မိုးညႇင္းၿမဳိ႕နယ္ မမုံကိုင္အုပ္စု မိုင္းေနာင္ေက်း႐ြာမွ သစ္ခြဲစက္အတြင္း စက္တင္ဘာလ ၁၉ ရက္ေန႔ နံနက္ ၈ နာရီအခ်ိန္ က ဝင္ေရာက္ဖမ္းဆီးရာ တရားခံမွ ျပန္လည္ ေသနတ္လုယူခဲ့သျဖင့္ ဒုရဲမွဴးတစ္ဦး ဒဏ္ရာရရွိခဲ့ေၾကာင္း ကခ်င္ျပည္နယ္ ရဲတပ္ဖြဲ႕မွဴး႐ုံးထံမွ သိရသည္။
မိုးညႇင္းၿမဳိ႕နယ္ မူးယစ္ေဆး၀ါး ႏွိမ္နင္းေရး ရဲတပ္ဖြဲ႕မွ ဒုရဲမွဴး ေအာင္ႏိုင္ဦး ဦးေဆာင္သည့္ အင္အား ၁၀ ဦးပါ အဖြဲ႕သည္ အင္းေတာ္ႀကီးၿမဳိ႕နယ္ လုံးတုံေက်း႐ြာအုပ္စု မိုင္းေနာင္ေက်း႐ြာမွ အေနာက္ဘက္ ႏွစ္မိုင္ခန္႔အကြာ သစ္ခြဲစက္၀င္းအတြင္း တဲေျခာက္လုံး၌ သတင္းအရ မူးယစ္ေဆး၀ါး သြားေရာက္ဖမ္းဆီးရာမွ လူတစ္အုပ္က တုတ္၊ ဓားလက္နက္မ်ားႏွင့္ ခုခံၿပီး တရားခံကိုပါ ျပန္လည္လုယူသြားခဲ့ေၾကာင္း သိရသည္။
အဆိုပါ သစ္ခြဲစက္အတြင္း တဲေျခာက္လုံးကို ၀င္ေရာက္ စစ္ေဆးရာ တဲအနီးမွ ေအာင္ေက်ာ္၀င္းကို ေခၚယူစစ္ေဆးေနစဥ္ အမည္မသိ လူႏွစ္ဦး ထြက္ေျပးသြားၿပီး နာရီ၀က္အၾကာတြင္ အမည္မသိ လူတစ္စုေရာက္လာ၍ ဖမ္းဆီးေရး တပ္ဖြဲ႕၀င္မ်ားကို တုတ္၊ ဓားမ်ားျဖင့္ ၀ိုင္း၀န္း ရန္ျပဳသျဖင့္ ဒုရဲမွဴးတစ္ဦး ဒဏ္ရာရကာ ၎ကိုင္ေဆာင္ထားသည့္ ပြိဳင့္ ၃၂ ေျခာက္လုံးျပဴးတစ္လက္ႏွင့္ က်ည္ ၁၈ ေတာင့္တို႔ကို လုယူ ထြက္ေျပးသြားေၾကာင္း ျပည္နယ္ ရဲတပ္ဖြဲ႕မွဴး႐ုံးထံမွ သိရသည္။
""တရားခံက ရဲဆီက ေသနတ္လုၿပီး ထြက္ေျပးသြားတယ္။ ေသနတ္ပါတဲ့အတြက္ ေတြ႕ရွိလို႔ရွိရင္ သက္ဆိုင္ရာကို အေၾကာင္းၾကားေပးဖို႔ ျပည္သူေတြကို တိုက္တြန္းလိုပါတယ္"" ဟု ျပည္နယ္ ရဲတပ္ဖြဲ႕မွဴး႐ုံးမွ ရဲမွဴးႀကီး အဆင့္ရွိသူတစ္ဦးက ဆိုသည္။
အဆိုပါ ေအာင္ေက်ာ္၀င္း ကိုင္ေဆာင္ထားသည့္ ေက်ာပိုးအိတ္မွ ဘိန္းျဖဴ ၁၁၇ ဒသမ ၄၀၀၁ ဂရမ္ခန္႔ႏွင့္ စိတ္ၾကြ ေဆးျပား ၂၉၈၅ ျပား၊ သံကိုယ္ထည္ စနစ္တံမပါ PUZG တပ္မေတာ္ထုတ္ BA.109 လက္ပစ္ဗုံးႏွစ္လုံး၊ ဓားေျမႇာင္ငယ္ တစ္လက္တို႔ကို သိမ္းဆည္းရမိခဲ့ေၾကာင္း၊ ယင္းေဒသသို႔ ျပည္နယ္ ရဲတပ္ဖြဲ႕မွဴး ရဲမွဴးႀကီးထြန္းဦး ဦးေဆာင္ကြပ္ကဲမႈျဖင့္ ထြက္ေျပးသြားသည့္ တရားခံမ်ားကို ဖမ္းဆီးခဲ့ရာ စက္တင္ဘာလ ၁၉ ရက္ေန႔ႏွင့္ ၂၀ ရက္ေန႔တို႔တြင္ ႏွစ္ဦးကို ဖမ္းမိႏိုင္ခဲ့ေၾကာင္း အဆိုပါ႐ုံးထံမွ သိရသည္။
အဆိုပါ အမႈကို ပ(၄၅)/၂၀၁၆၊ လက္နက္ ဥပေဒ ပုဒ္မ ၂ (၁) (က) ျဖင့္ လည္းေကာင္း၊ ပ ၄၆/၂၀၁၆၊ ရာဇသတ္ႀကီး ပုဒ္မ ၃၃၃/၁၁၄၊ မယ( ပ)၃၆၊ မူး/စိတ္ ၁၅/ ၁၉ (က) /၂၀(က)/၂၂ (ခ) ၂၁ တို႔ျဖင့္လည္းေကာင္း အမႈဖြင့္ အေရးယူလ်က္ရွိသည္။
-
27-Jul-2017
-
27-Jul-2017
-
27-Jul-2017
-
27-Jul-2017
-
27-Jul-2017
-
27-Jul-2017
-
03-Jul-2017
-
25-Jul-2017
-
26-Jul-2017
-
26-Jul-2017
-
23-Jul-2017
-
25-Jul-2017",1.0,1.0,2.0,2.0,3.0,"The text is a news report about a police operation in Kachin State. It provides factual reporting but lacks educational depth or complex reasoning. It is written in natural Burmese, reflecting local administrative and legal terminology, though the document is heavily cluttered with repetitive date stamps and boilerplate noise at the end."
<urn:uuid:0e922e5c-1e8f-435f-9406-b055b09dd9d3>,"ဒုဗိုလ်ချုပ်ကြီး ကန်အမည်ပျက် စာရင်းဝင်
ကုလ သမဂ္ဂ ဆုံးဖြတ်ချက်ကို ဖောက်ဖျက်ပြီး မြောက်ကိုရီးယားနဲ့ လက်နက် အရောင်းအဝယ် လုပ်နေတယ် ဆိုပြီး မြန်မာ အဆင့်မြင့် စစ် အရာရှိကြီး တဦးကို အမေရိကန် အစိုးရ က အမည်ပျက် စာရင်း ထည့်သွင်း လိုက်ပါတယ်။
ဒုတိယ ဗိုလ်ချုပ်ကြီး သိန်းဌေးဟာ မြောက်ကိုရီးယား က စစ်ပစ္စည်းတွေ ဆက်ပြီး ဝယ်ယူနေတဲ့ အတွက် မြောက်ကိုရီးယားရဲ့ အဏုမြူနဲ့ ဒုံးလက်နက် စီမံကိန်း တွေ အတွက် ဝင်ငွေရဖို့ ကူညီရာ ကျတယ်လို့ အမေရိကန် ဘဏ္ဍာရေး ဌာနက ထုတ်ပြန် ပါတယ် ။
မြောက်ကိုရီးယားနဲ့ စစ်ရေး ဆက်ဆံမှုတွေ ဖြတ်တောက်ရေးမှာ တိုးတက်မှုတွေ ရှိလာတဲ့ အတွက် မြန်မာ အစိုးရ ကိုတော့ ပစ်မှတ် မထားဘူးလို့ ကြေညာချက်မှာ ပါရှိပါတယ်။
ပါဝင်တဲ့ စစ်ပစ္စည်း အမျိုးအမည်တွေ ကိုတော့ အမေရိကန် ဘက်က မထုတ်ပြန် ပါဘူး။",2.0,2.0,2.0,5.0,4.0,"The text is a clear, concise news report about international sanctions. It provides factual information suitable for general education. The language is natural, professional Burmese, free of formatting errors or boilerplate, and accurately reflects the political context and terminology used in Burmese media reporting on international affairs."
<urn:uuid:24ae7816-c9ab-40bb-8b1f-283e2529405d>,"ရုရွားႏိုင္ငံရွိ ယခုႏွစ္ေဘာလံုးျပိဳင္ပြဲၾကီး၏ လက္မွတ္ကို အႏိုင္ရယူရန္ အခြင့္အေရးေနာက္တစ္ခု!
ေဘာလံုးျပိဳင္ပြဲၾကီးကေတာ့ ကၽြန္ေတာ္တုိ႕ ေဖာက္သည္မ်ားအၾကား အထူးေရပန္းစားေနပါျပီ။
ဒါေၾကာင့္ သင္တုိ႕ကို အခ်ိန္ပိုေပးဖို႕ ဆံုးျဖတ္လိုက္ၾကပါျပီ! အေတာ္ဆံုးကုန္သည္ ၅၅ဦးအတြက္ ေနာက္ထပ္လက္မွတ္ ၅၅ေစာင္!
ပထမပြဲစဥ္မွာ ပါဝင္ခဲ့ၾကသူမ်ားလဲ ထပ္ပါဝင္ႏိုင္ပါတယ္။ အျမင့္ဆံုးေရာင္းဝယ္ျပီး ရုရွားသြားမည့္ေလယာဥ္ေပၚမွာ သင့္ကိုယ္သင္ရွာေဖြပါ! ေပ်ာ္ရႊင္ဖြယ္အခြင့္ထူးမ်ား၊ ဝမ္းသာတဲ့မ်က္ႏွာမ်ား၊ ကြင္းထဲက ေက်ာ္ၾကားတဲ့ ကစားသမားမ်ား... ဒါေတြအားလံုး သင့္ထံမွာျဖစ္လာႏိုင္ပါျပီ!
သင့္ေအာင္ျမင္မႈကို အရွိန္ျမွင့္ႏိုင္ေအာင္ တခ်ိန္တည္းမွာပဲ ျပိဳင္ပြဲအားလံုးမွာ ပါဝင္ဆင္ႏႊဲလိုက္ပါ။ သင္အဲ့ဒီကိုေရာက္ႏိုင္ပါျပီ!",0.0,0.0,1.0,2.0,2.0,"The text is a promotional advertisement for a football-related contest. It lacks educational or reasoning value. It is written in natural, informal Burmese, reflecting local marketing styles, but contains no substantive content beyond a sales pitch."
<urn:uuid:374e84ff-7967-4d7f-b5d4-79328d37d2f0>,"It is with sadness that today ADRA Myanmar says farewell to our Country Director Claudio, his wife and former M&E Coordinator Brenda and their 2 children.
A farewell lunch was held at Summit Parkview Hotel for ADRA Myanmar Yangon staff, and special guests from the Church and Board to commemorate this occasion. Many of our staff have not seen each in other in months due to COVID-19 so it was also the first time we have gathered together as a team to bid farewell with safety measures in place.
Under Claudio’s leadership, ADRA Myanmar has experienced great change such as acquiring new projects like the $20+ million European Union funded CASE2Learn project, refining ADRA Myanmar’s core sectors, expanding our financing and programs, building a stronger relationship with the local Adventist Church, advocating for Indigenous education and continuing to strengthen our partnerships with local organizations and governments.
Claudio has served as Country Director of ADRA Myanmar for the last 4+ years. Brenda was previously employed as M&E Coordinator of ADRA Myanmar, but recently joined ADRA International last year in November 2019 and has been travelling between the US and Myanmar until the family were able to join her. Now both Claudio and his family will be moving to the US permanently.
On behalf of the ADRA Myanmar family, we want to thank Claudio and Brenda for their many years of service and wish good luck and God’s blessings as you take on this next chapter.
ယနေ့ ADRA Myanmar သည် Country Director ဖြစ်သူ Claudio၊ သူ၏ဇနီးဖြစ်သူ M&E Coordinator ဟောင်း Brenda နှင့် ၄င်းတို့၏သားသမီးနှစ်ဦီးကို ဝမ်းနည်းစွာဖြင့် နှုတ်ဆက်လိုက်ရပါသည်။
ရန်ကုန်မြို့ရှိ Summit Parkview ဟိုတယ်တွင် ADRA Myanmar ရန်ကုန်ရုံးဝန်ထမ်းများနှင့် နှုတ်ဆက်နေ့လည်စာစားပွဲကို ပြုလုပ်ခဲ့ပြီး အသင်းတော်နှင့် ဘုတ်အဖွဲ့မှအထူးဧည့်သည်တော်များက တက်ရောက်ဂုဏ်ပြုခဲ့ကြသည်။ ကိုရိုနာဗိုင်းရပ်စ်ရောဂါဖြစ်ပွားနေမှုကြောင့် ကျွန်ုတို့ဝန်ထမ်းများသည် မတွေ့မမြင်ကြသောကြောင့် နှုတ်ဆက်ရန်အတွက် ပထမဆုံးအကြိမ်အဖြစ် အတူတကွစုဝေးခဲ့ကြသည်။
Claudio ၏ ဦးဆောင်မှုအောက်တွင် ADRA Myanmar သည် ကြီးမားသောပြောင်းလဲမှုများကို ကြုံတွေ့ခဲ့ရသည်။ ဥပမာအနေဖြင့်ဆိုရပါက ဒေါ်လာသန်း ၂၀ ကျော်ရှိသော ဥရောပသမဂ္ဂက ရန်ပုံငွေထောက်ပံ့သည့် CASE2Learn စီမံကိန်းကဲ့သို့သောစီမံကိန်းအသစ်များနှင့် ADRA Myanmar ၏ အဓိကအခန်းကဏ္ဍများကို ပြုပြင်ပြောင်းခဲခြင်း၊ ငွေကြေးနှင့်အစီအစဥ်များကို တိုးချဲ့ခြင်း၊ ဌာနေတိုင်းရင်းသားများ၏ ပညာရေးနှင့် ဒေသတွင်းအဖွဲ့အစည်းများ၊ အစိုးရတာဝန်ရှိသူများနှင့် ပူးပေါင်းဆောင်ရွက်ကာ ကျွန်ုပ်တို့ဆက်လက်အားဖြည့်နိုင်ခဲ့သည်။
Claudio သည် ADRA Myanmar ၏ Country Director အဖြစ် လေးနှစ်ကျော်ကြာ တာဝန်ထမ်းဆောင်ခဲ့သည်။ ၎င်း၏ဇနီးဖြစ်သူ Brenda သည်လည်း ယခင်က ADRA Myanmar ၏ M&E ညှိနှိုင်းရေးမှူးအဖြစ်လုပ်ကိုင်ခဲ့သော်လည်း မကြာသေးမီ၂၀၁၉ ခုနှစ်၊ နိုဝင်ဘာလအတွင်းက ADRA International ၌ ဝင်ရောက်ခဲ့ပြီး မိသားစုအတူတကွနေထိုင်နိုင်သည့်အချိန်အထိ အမေရိကန်နှင့် မြန်မာနိုင်ငံအကြား ကူးလူးသွားလာခဲ့ရသည်။ ယခုအခါ Claudio နှင့် သူ၏ဇနီးဖြစ်သူ Brenda တို့ နှစ်ဦးစလုံးသည် အမေရိကန်ပြည်ထောင်စုသို့ အခြေချပြောင်းရွှေ့ နေထိုင်သွားမည်ဖြစ်သည်။
Claudon နှင့် Brenda တို့၏ နှစ်ပေါင်းများစွာ တာဝန်ထမ်းဆောင်ပေးခဲ့သည့်အတွက် ADRA မြန်မာမိသားစုကိုယ်စား ကျွန်ုပ်တို့သည် အထူးပင်ကျေးဇူးတင်ရှိပြီး ရှေ့ဆက်၍လည်း ကံကောင်းပါစေရန်နှင့် ဘုရားသခင်ကောင်းကြီးပေးပါစေရန် ကျွန်ုပ်တို့က ဆုမွန်ကောင်းတောင်းပေးလိုက်ရပါသည်။
Written By: Emma McCrow, Communications Officer
Photo: © 2020 ADRA Myanmar | Emma McCrow & Pyae Phyo Lin",1.0,1.0,2.0,5.0,3.0,"The text is a corporate farewell announcement. It provides minimal educational or reasoning value. It is clean, well-formatted, and uses natural Burmese, though it is a direct translation of the English text provided above it, limiting its cultural depth."
<urn:uuid:17c1e1a3-1d68-44ad-8293-f062bfd50a49>,"Kainnayie Kainnayar (Twilly)
ကိန္နရာများဟာ နူးညံ့တဲ့အမူအရာရှိခြင်း၊ ပန်းဝတ်ဆံကို စားသုံးခြင်း၊ အဆင်းအင်္ဂါနဲ့ ပြည့်စုံခြင်း၊ ဘုရားပွင့်တော်မူတဲ့နေ့မှာ ဝမ်းမြောက်ဝမ်းသာ မြူးထူးခြင်း စသည့် မင်္ဂလာများရှိတယ်လို့ အစဉ်အလာအရ မြန်မာလူမျိုးတို့က ယုံကြည်ကြပါတယ်။ ဒါကြောင့်ပဲ မြန်မာဘုရင်မင်းများက ရာဇပလ္လင်မှာ ကိန္နရာကနေတဲ့ဟန် ထုလုပ်လေ့ရှိကြပါတယ်။ မြန်မာတိုင်းရင်းသားလူမျိုးတစ်မျိုးဖြစ်တဲ့ ကယားလူမျိုးများကတော့ သူတို့ဟာ ကိန္နရာ၊ ကိန္နရီများက ဆင်းသက်လာတယ်လို့ ယုံကြည်ကြပါတယ်။ မြန်မာနိုင်ငံကယားပြည် ငွေတောင်ပေါ်မှာ ကိန္နရာ၊ ကိန္နရီတွေ နေထိုင်ခဲ့ကြတယ်လို့ လူသိများပါတယ်။ ဒီလို ကောင်းခြင်းတွေနဲ့ ပြည့်စုံတဲ့ ကိန္နရာ၊ ကိန္နရီမောင်နှံကို မြန်မာ့ရိုးရာကနုတ်ပန်းနဲ့ တွဲစပ်ဖန်တီးထားတဲ့ ဒီဇိုင်းကတော့ မြန်မာ့ယဉ်ကျေးမှုကိုရော၊ ကိန္နရီမောင်နှံကိုပါ ချစ်မြတ်နိုးပြီး နိမိတ်ကောင်းကို ယုံကြည်တဲ့ ပရိသတ်တွေအကြိုက်တွေ့မှာ သေချာပါတယ်။",3.0,1.0,2.0,5.0,5.0,"The text provides educational information about Burmese mythology and cultural symbols like the Kinnara. It is well-written, clean, and authentic, reflecting deep cultural knowledge. While it lacks complex logical analysis, it serves as a good introductory text for cultural studies at a primary or middle-school level."
<urn:uuid:bc6b9da8-08e5-4d4a-a286-05a07c17c39e>,"အပြည်ပြည်ဆိုင်ရာ ဘဏ်အကောင့် နံပါတ်(အီဘန်) (IBAN) သည် နိုင်ငံတကာမှ အသိအမှတ်ပြုစံနှုန်းသက်မှတ်ထားသည့် ဘဏ်အကောင့်နံပါတ်ဖြစ်ပြီး၊ တစ်နိုင်ငံမှ တစ်နိုင်ငံသို့ ငွေလွှဲပြောင်းရာတွင် အလွဲအမှားမရှိစေရန် စတင်အသုံးပြုကြခြင်းဖြစ်သည်။ ပထမတွင် ဥရောပ ဘဏ်စံနှုန်းများ ကော်မတီ (ECBS)မှ စတင်အသုံးပြုခဲ့သော်လည်း ယခုအခါတွင်မူ နိုင်ငံတာစံနှုန်းအဖြစ် အိုက်အက်စ်အို ၁၃၆၁၆.၁၉၉၇ ဖြင့် အသိအမှတ်ပြုလိုက်ပြီဖြစ်သည်။အိုက်အက်စ်အို ၁၃၆၁၆.၂၀၀၇ စံနှုန်းသည် ဆွစ်ဖ်နံပါတ်များကို ဖော်ပြသည့် စံနှုန်းဖြစ်သည်။
|ဤ ဆောင်းပါးမှာ ဆောင်းပါးတိုတစ်ပုဒ် ဖြစ်သည်။ ဖြည့်စွက်ရေးသားခြင်းဖြင့် မြန်မာဝီကီပီးဒီးယားကို ကူညီပါ။|",3.0,1.0,3.0,3.0,1.0,"The text provides a clear, factual definition of IBAN and its international standardization. It is educational and professional, requiring basic financial literacy. It contains a Wikipedia-style boilerplate notice at the end, which limits the cleanliness score. The language is natural, but the content is a standard encyclopedic translation rather than a culturally specific artifact."
<urn:uuid:4dbb3993-cbe3-48a7-a6ab-6e16f65a0840>,"ေျမာက္အရပ္က
ေထာင့္တစ္ညခရီးသြားေတြ ဝင္လာတယ္
အေနာက္အရပ္က
ေနာက္က်ခရီးသြားေတြ ဝင္လာတယ္
အေရွ႕အရပ္က
အေလ့က်ခရီးသြားေတြ ဝင္လာတယ္
ေတာင္အရပ္က
အေတာင္ခပ္ခရီးသြားေတြ ဝင္လာတယ္
အေပၚအရပ္က
အေဖာ္ငတ္ခရီးသြားေတြ ဝင္လာတယ္
ေအာက္အရပ္က
အေပါက္ၾကပ္ခရီးသြားေတြ ဝင္လာတယ္
ဆယ္မ်က္ႏွာေသာဘဝအရပ္က
တကယ္ျဖစ္လာေသာ ဓမၼ အဓမၼေတြ ဝင္လာတယ္
ဤခရီး လွမ္းသလား
ေျခလွမ္းမ်ား ပြက္ပြက္ဆူဆဲပါ
ဤခရီး နီးသလား
ဖဝါးမ်ား မီးသက္သက္ပူဆဲပါ
ေသခ်ာတဲ့ အခ်ိန္ဗဟိုပင္မ
ေနရာနဲ႕အိမ္ခိုဝင္ၾကျပီ
ရြာဗဟိုရင္ျပင္စခန္းဆီ
ဇရာအိုျပင္ဆင္နန္းတည္
ေတြ႕လား
ဗဟိုဆြဲအားဟာ
ျပိဳကြဲမသြားဘူး
ဗဟိုအခ်င္းဟာ
အိုမင္းမသြားဘူး
ဗဟိုမ႑ိဳင္ဟာ
ပိုသန္ခိုင္မာလာတယ္
အက်ိဳးအေၾကာင္းအားလံုးရဲ႕ဆံုရပ္ဗဟိုရင္ျပင္
အရိုးေခါင္းအားလံုးနဲ႕ခုန္ကခိုဝင္စဥ္
သီခ်င္းတိုင္း ဆိုသီကတဲ့ ရုပ္သ႑ာန္ကို
သခ်ီဳင္းၾကိဳဂီတနဲ႕ျမွဳပ္ႏွံကာ
ရုပ္နာမ္ဟာ သုသာန္မွာ စ်ာပနယိမ္းနဲ႕ ထာဝရျငိမ္းျပီ။ ။
သုအိုင္စံ
၁၆.၀၇.၂၀၁၂
Monday, July 16, 2012
ေျမာက္အရပ္က",1.0,2.0,2.0,4.0,4.0,"This is a piece of contemporary Burmese poetry. It uses metaphorical language to explore existential themes of life, death, and impermanence. While it lacks structured educational content or complex logical analysis, it demonstrates authentic cultural expression and poetic structure, reflecting a high level of linguistic nuance and local literary style."
<urn:uuid:72ee0660-bbb7-4638-9c01-a6ed8f335cf7>,"ရန္ကုန္၊ ဇြန္ ၂၄
ရန္ကုန္တိုင္းေဒသႀကီး ေျမာက္ပိုင္းခ႐ိုင္ ေမွာ္ဘီၿမဳိ႕နယ္ ႏွင့္ တိုက္ႀကီးၿမဳိ႕နယ္တို႔တြင္ လြန္ခဲ့ေသာ တစ္ပတ္မွစ၍ ဝက္မ်ားသည္ ပုံမွန္ မဟုတ္ေသာ ေသဆုံးမႈ မ်ားျပားလာေၾကာင္း ေဒသခံမ်ားက The Voice သို႔ ေျပာၾကားသည္။
ဇြန္လ တတိယပတ္တြင္ ရပ္ကြက္ထဲ၌ ဝက္မ်ားသည္ ကိုယ္ပူျခင္း၊ ဆီးခ်ဳပ္၊ ဝမ္းခ်ဳပ္ ျဖစ္ျခင္းမ်ား ရွိခဲ့ၿပီး တိ၊ေမြး၊ကု ဆရာဝန္ႏွင့္ ေခၚယူ ကုသေသာ္လည္း သုံးရက္အတြင္း ဝက္ငါး ေကာင္ခန္႔ ေသဆုံးခဲ့ေၾကာင္း ေမွာ္ဘီၿမဳိ႕နယ္ (၄) ရပ္ကြက္ ၁၅၀၀ ကြက္သစ္ ေနထိုင္သည့္ ဝက္ေမြးျမဴသူ ဦးထြန္းထြန္းက ေျပာၾကားသည္။
“ဝက္ေတြေသတာ ၾကားေနရတယ္။ ဘာေၾကာင့္ေသလဲ ဆိုတာ လူေတြမသိၾကေပမယ့္ ေပၚေရာင္းေနၾကတဲ့ လူေတြ ရွိတယ္။ ႐ြာထဲမွာဆို ေနမေကာင္းလို႔ ေသသြားတဲ့ ဝက္ေတြကို တစ္ပိႆာက်ပ္ ၂၀၀၀ ေစ်းနဲ႔ ေရာင္းေတာ့ အရင္ ၆၀၀၀ နဲ႔ စာရင္ သက္သာတယ္ဆိုၿပီး ဝယ္စား ေနၾကတာေပါ့” ဟု ေျမာင္းတကာ ေက်း႐ြာအုပ္စု ေရေက်ာ္ေက်း႐ြာမွ ဝက္ေမြးသူ တစ္ဦးက ဆိုသည္။
ၿခံထဲတြင္ ဝက္ႏွစ္ေကာင္ ကိုယ္ပူၿပီး ဆီးခ်ဳပ္၊ ဝမ္းခ်ဳပ္ ျဖစ္ကာ ေသဆုံးသြားသျဖင့္ က်န္ေနေသာ ဝက္သုံးေကာင္ကို ထုတ္ေရာင္း လိုေသာ္လည္း ဝက္ေစ်းမ်ား က်ေန၍ မေရာင္းျဖစ္ေၾကာင္း တိုက္ႀကီးၿမဳိ႕ေန ဦးတင္ဝင္းက ေျပာၾကားသည္။
ေရာဂါ ကူးစက္ခံရၿပီး ေသဆုံးသည့္ ဝက္သားကို လူက စားမိပါက ဝမ္းေရာဂါႏွင့္ ဆက္ႏႊယ္ေသာ ေရာဂါမ်ား ျဖစ္ႏိုင္ၿပီး ဝက္မ်ား ပုံမွန္မဟုတ္ေသာ ေသဆုံးမႈမ်ား ရွိခဲ့လွ်င္ ဝက္ပိုင္ရွင္မ်ား အေနျဖင့္ နီးစပ္ရာ ဓာတ္ခြဲခန္းႏွင့္ ဌာနမ်ားသို႔ သတင္းေပးပို႔ရန္ လိုေၾကာင္း ရန္ကုန္တိုင္း ေမြးျမဴေရးႏွင့္ ကုသေရး ဦးစီးဌာန တာဝန္ရွိသူတစ္ဦးက The Voice သို႔ ေျပာၾကားသည္။
“ဝက္ေတြေသတဲ့ သတင္းေတြ ၾကားေနရေပမယ့္ ဘာေရာဂါလဲ ဆိုတာေတာ့ မသိေသးဘူး” ဟု ၎ကဆိုသည္။
လက္ရွိတြင္ ျမန္မာႏိုင္ငံ တိုင္းေဒသႀကီး အခ်ဳိ႕တြင္ ပုံမွန္မဟုတ္ဘဲ ဝက္ေသဆုံးမႈမ်ား ေတြ႕ရွိရၿပီး အေသသား မေရာင္းရ ဥပေဒကို ထုတ္ျပန္ထားေသာ္လည္း လိုက္နာျခင္း မရွိေၾကာင္း ၎၏ ေျပာၾကားခ်က္ အရ သိရသည္။
ဝက္မ်ားတြင္ ဝက္နား႐ြက္ျပာေရာဂါ ျဖစ္ပြားပါက ကနဦးတြင္ ေနမေကာင္း ျဖစ္ျခင္း၊ သားေလွ်ာျခင္း၊ အစာမစားျခင္းႏွင့္ ဝမ္းခ်ဳပ္ျခင္း၊ အေရျပား နီရဲလာျခင္း၊ ဝမ္းေလွ်ာျခင္းမ်ား ျဖစ္ေလ့ရွိၿပီး ၂၀၁၁ ခုႏွစ္ ဝက္နား႐ြက္ျပာေရာဂါ ျဖစ္ပြားခဲ့ခ်ိန္က တစ္ႏိုင္ငံလုံးတြင္ ဝက္ေကာင္ေရ တစ္သိန္းေက်ာ္ ေသဆုံးခဲ့ ေၾကာင္း ရန္ကုန္တိုင္း ေဒသႀကီး ေမြးျမဴေရးႏွင့္ ကုသေရး ဦးစီးဌာန စာရင္းအရ သိရသည္။
အိႏၵိယႏိုင္ငံတြင္ ဝက္နား႐ြက္ျပာေရာဂါ ေတြ႕ရွိရသျဖင့္ ျမန္မာ-အိႏၵိယ နယ္စပ္ရွိ ဂိတ္မ်ားမွ တင္သြင္းလာမည့္ ဝက္မ်ားကို ပိတ္ပင္သြားမည္ ျဖစ္ေၾကာင္း အိႏၵိယ တိရစၧာန္ ေမြးျမဴေရးႏွင့္ ကုသေရး ဦးစီးဌာနက ေျပာၾကားသည္။
The Voice Weekly",3.0,2.0,2.0,5.0,5.0,"The document is a well-written news report about a livestock health crisis in Myanmar. It provides educational value regarding public health and animal husbandry, uses clear journalistic reasoning, requires moderate expertise to understand, is perfectly clean, and reflects authentic Burmese local context, terminology, and social issues regarding food safety."
<urn:uuid:d10310a9-faa8-4a1a-9f1c-186c6affa741>,"သင္၏အဂၤလိပ္စာအသံထြက္ တုိးတက္ေစၿပီး အသံထြက္သေကၤတမ်ားကို မည္သို႕ဖတ္သည္ကို ေလ့လာလိုက္ပါ။
အသံထြက္သေကၤတမ်ားအား မည္သို႕ဖတ္ရမည္ကို သိျခင္းသည္ အဂၤလိပ္စာလံုး မ်ားတိက်စြာအသံထြက္ႏုိင္ရန္ႏွင့္ သင္၏စကားေျပာႏွင့္နားလည္ႏိုင္စြမ္းရည္မ်ားပါ တုိးတက္ေစရန္ ကူညီေပးမည္ ျဖစ္သည္။ ဤ app ႏွင့္အတူ အဂၤလိပ္အသံုးမ်ားကို လွ်င္ျမန္စြာႏွင့္လြယ္ကူစြာေလ့လာလိုက္ပါ။ သင္ အဘိဓာန္ စာအုပ္တြင္ေတြ႕ရေသာ စကားလံုးမ်ားကို အသံထြက္ၾကည့္ရာတြင္ ရည္ညႊန္းကိုးကားစရာအျဖစ္လည္း အသံုးျပဳႏိုင္သည္။
ဤ APP ပရိုဂရမ္၏ ထူးျခားေသာ၀ိေသသနမ်ားမွာ
- အဂၤလိပ္အသံမ်ားအားလံုးပါဝင္ေသာ သံုးရန္လြယ္ကူသည့္ ခလုတ္မ်ား။
- စကားလံုးတစ္လံုးခ်င္းစီကို အသံသြင္းထားသျဖင့္ အားလံုးကို သင္ နားေထာင္၍ ရပါသည္။
- နမူနာ စကားလံုးမ်ားေၾကာင့္ လက္ေတြ႕သံုးစဲြေသာ အေျခအေနမ်ားမွ အသံမ်ားကုိေလ့လာႏိုင္ပါသည္။
ရိုးစင္း၍ ရွင္းလင္းေသာ အဂၤလိပ္စာေလ့လာသူမ်ားအတြက္ အမွန္တကယ္ကို အသံုး၀င္ပါသည္။ ဆရာတစ္ေယာက္အေန ႏွင့္လည္း စာသင္ခန္းထဲတြင္ အမ်ားႀကီးအသံုးျပဳမည္ျဖစ္သည္။ ေက်းဇူးပါပဲ။”",3.0,1.0,1.0,4.0,2.0,"The text is a promotional description for an English pronunciation app. It provides basic educational utility for language learners and teachers. It is clean, well-structured, and uses natural Burmese, though it lacks deep reasoning or high-level professional complexity. It is a functional, straightforward piece of instructional marketing material."
<urn:uuid:4d7be943-1242-4970-8b32-f97f2d9f261a>,"နိုင်ငံတကာက ကျန်းမာရေး အသိပညာရှင်များရဲ့ လေ့လာတွေ့ရှိချက်တွေအရ Covid-19 ဟာ မျိုးရိုးဗီဇတွေဘယ်လောက်ပဲ ပြောင်းပြောင်း သူ့ရဲ့ အကြီးမားဆုံး အန္တရာယ်ကတော့ နှလုံးတွင်းကသွေးတွေကို ပျစ်သွားစေနိုင်တယ်ဆိုတာပါပဲ။
Covid-19 ကို ကူးစက်ခံရတဲ့ လူတွေဟာ နှလုံး နဲ့ အဆုတ်လမ်းကြောင်းကို တိုက်ခိုက်ခြင်းများစွာခံရပြီး သွေးကြောတွေမှာ သွေးများပျစ်ကာ နောက်ဆုံး အောက်စီဂျင်လုံး၀ ပြတ်သွားတဲ့အထိခံစားကြရတာဖြစ်ပါတယ်။
အခုနောက်ပိုင်းမှာ လူတွေက သွေးပျစ်မှာ သွေးခဲမှာကို ကြောက်လန့်နေကြပြီး သွေးကျဲဆေးတွေကို ဆရာ၀န် ရဲ့ လမ်းညွှန်ချက်မပါပဲ သောက်သုံးနေကြတာ ကို လည်းအများကြီးတွေ့ရပါတယ်။
တကယ်တော့ Aspilet အစရှိတဲ့သွေးကျဲ ဆေး အများစုဟာ တတ်ကျွမ်းနားလည်တဲ့ဆရာ၀န်ကြီးတွေကိုယ်တိုင်ညွှန်ကြားမှ သောက်သင့်တဲ့ ဆေးတွေမလို့ ကိုယ့်အတွေးနဲ့ကိုယ်လို သလိုသောက်နေမယ်ဆိုရင် တော ့ကြာလာတဲ့အခါမှာ အန္တရာယ်ရှိလာနိုင်ပါတယ်…
ဒါကြောင့် သွေးပျစ်ခြင်း (သို့) သွေးခဲခြင်းကို အိမ်မှာတင်ဆေးဖိုးမကုန်ပဲ အန္တရာယ်ကင်းကင်းနဲ့ ကုသလို့ရတဲ့ အလွယ်ဆုံးနဲ့ အရိုးရှင်းဆုံးနည်းလမ်း (၂) ခုကို ဒီနေ့မှာ ဖော်ပြပေးလိုက်ပါမယ်နော်…
(၁) ကြက်သွန်ဖြူနေ့စဉ်စားပါ
ကြက်သွန်ဖြူဟာ ပျစ်နေတဲ့သွေးတွေကို အကောင်းဆုံး အရည်ဖျော်ပေးနိုင်တဲ့ ဆေးကောင်းတစ်လက်ပါ။ ကြက်သွန်ဖြူမှာ ကိုယ်ခံအားကို မြှင့်တင်ပေးနိုင်တဲ့ အာနိသင်တွေအပြင် သွေးထဲက အဆီတွေနဲ့ ခဲနေတဲ့သွေးကြောတွေကို ဖြေလျော့ပေးနိုင်တာမလို့ ကြက်သွန်ဖြူကို နေ့စဉ်မှန်မှန်စားပေးဖို့လိုပါမယ်။
(၂) တစ်နေ့ ခြေလှမ်းပေါင်း(၆၀၀၀) လျှောက်ပါ
အရင်ကလမ်းသိပ်မလျှောက်ဘူးဆိုရင်တောင် အခုလို Covid ကာလမှာ တစ်နေ့ကို ခြေလှမ်းရေ (၆၀၀၀) လောက်လျှောက်ပေးဖို့လိုပါမယ်။ သွေးခဲတာက ခြေထောက်ကနေ အစပျိုးလာတတ်တာမလို့ ခြေထောက်၊ခြေသလုံးလေ့ကျင့်ခန်းများကို နေ့စဉ်လုပ်ပေးသင့်တဲ့အပြင် လမ်းများများလျှောက်ပေးဖို့အထူးလိုအပ်ပါတယ်။
ကဲ… ဆေးဖိုးလည်းမကုန် အန္တရာယ်လည်းကင်းပြီး နှလုံးသွေးခဲခြင်းကို ကာကွယ်ချင်တဲ့ Myanmarload ပရိတ်သတ်ကြီးလည်း ဒီနည်းလေးတွေကို အသုံးချပြီးနေ့စဉ်ဘ၀ကို ကျန်းမာပျော်ရွှင်စွာဖြတ်သန်းနိုင်ကြပါစေနော်…
""Myanmarload's content is copyrighted and only allowed to appear on Myanmarload website. Please respect our copyrights""
Myanmarload မှရေးသားသောသတင်းများသည် Myanmarload၏ မူပိုင်သတင်းများဖြစ်ပြီး Myanmarload Website ထဲတွင်သာ ဖတ်ရှုနိုင်ပါသည်။ ကျွန်ုပ်တို့၏ မူပိုင်ခွင့်ကိုလေးစားသောအားဖြင့် တစ်ဆင့်ကူးယူဖော်ပြခြင်းမပြုရန် မေတ္တာရပ်ခံအပ်ပါသည်။",2.0,1.0,2.0,4.0,4.0,"The text provides basic health advice regarding COVID-19 and blood clotting. It is written in natural, accessible Burmese, reflecting local media style. While it offers simple tips, it lacks deep scientific reasoning and includes a disclaimer about medical advice. It is clean, though it contains boilerplate copyright notices at the end."
<urn:uuid:777eb4a2-e921-4db7-a319-97c3b8eeb1e1>,"ေျမပုံတြင္ ငါးဖမ္းသမားတစ္ဦး ဘဂၤါလီကုလားမ်ား တုိက္ခုိက္ျခင္းခံရ
+++++++++++++++++++++++++
ေျမပုံ၊စက္တင္ဘာ(၂၅)
ေျမပုံၿမိဳ႕၊ေျမာက္ပုိင္းရပ္ကြက္ေန ကုိေမာင္လွ၀င္း(ဘ)ဦးေက်ာ္သားလွ၊အသက္(၂၁)ႏွစ္သည္(၂၄-၉-၂၀၁၃)ေန႕
ည(၁း၃၀)နာရီခန္႕တြင္စက္ေလွေနာက္လုိက္ျဖစ္သူ ေမာင္ေမာင္ျမင့္အသက္(၁၅)ႏွစ္ႏွင့္အတူ ေျမပုံၿမိဳ႕နယ္ ၾကက္ေရႀကီးေက်းရြာႏွင့္
အတြင္း ငါးခူေခ်ာင္းေက်းရြာအၾကား မဟုိင္းေပါက္အနီး ျမစ္ေခ်င္းထဲတြင္ ပုိက္ျဖင့္ ငါးဖမ္းေနစဥ္
ဘဂၤါလီကုလား(၁၀)ေယာက္ခန္႕ပါေသာ ေမာ္ေတာ္ဘုတ္တစ္စီး ေရာက္ရွိလာကာ ေမာင္လွ၀င္း
ႏွင့္ ေမာင္ေမာင္ျမင့္တုိ႕အား ေလးကြတြင္ခဲသီးတပ္ကာပစ္ျခင္း၊ ေမာ္ေတာ္ဘုတ္ေပၚမွ ဒုတ္ရွည္ျဖင့္ ရုိက္ႏွက္
ျခင္းခံရကာ ဒါဏ္ရာျပင္းထန္စြာ ရရွိသျဖင့္ (၂၅-၉-၂၀၁၃)ေန႕တြင္ ေျမပုံေဆးရုံ၌ အတြင္းလူနာအျဖစ္ျဖင့္ ေဆး
၀ါးကုသခံယူလွ်က္ရွိပါသည္။
ဘဂၤါလီကုလားမ်ား၏ တုိက္ခုိက္ျခင္းေၾကာင္းစက္ေလွတိမ္းေမွာက္သြားၿပီးေနာက္ ေမာင္လွ၀င္းတုိ႕ ေသၿပီအထင္ႏွင့္ ဘဂၤါလီမ်ားမွ
ငါးဖမ္းပုိက္မ်ားကုိ ယူေဆာင္ကာ ထြက္သြားခဲ့ၾကေၾကာင္း၊ ေမာင္လွ၀င္းတုိႏွစ္ဦးမွာ ကမ္းစပ္သုိ႕ေရာက္ေအာင္ကူးခက္ ခဲ႕ၾက ေၾကာင္း၊
တိမ္းေမွာက္သြားေသာ စက္ေလွမွာ
ဒီေရအတတ္ႏွင့္ ၄င္းတုိ႕ရွိရာသုိ႕ ေမ်ာပါလာခဲ့ရာ ျပန္လည္ႀကိဳး စားဆယ္ယူခဲ့ၾကေၾကာင္း၊ နံနက္မုိးလင္းခ်ိန္(၆)နာရီခန္တြင္
အ၀က္ပုဆုိးကုိရြက္လႊင့္ကာ က်န္ရွိေနေသာ ပ်ဥ္တုိစျဖင့္ ေလွာ္ခက္လွ်က္ ေျမပုံ
ၿမိဳ႕သုိ႕ ၾကိဳးစားကာလာ ခဲ့ၾကေၾကာင္း၊ တုိက္ခုိက္ခဲ့ၾကေသာ ဘဂၤါလီကုလားမ်ား၏ ေမာ္ေတာ္ဘုတ္မွာ ေပါက္ေတာဘက္သုိ႕
ခုတ္ေမာင္းသြားခဲ့ေၾကာင္း သိရွိရပါသည္။ (အဆုိပါ တုိက္ခုိက္ျခင္းအား ေျမပုံရဲစခန္းတြင္ အမူဖြင့္တိုင္ၾကားထားေၾကာင္းသိရပါသည္ ။ ရဲစခန္း ဖုန္း – ၀၉၄၉၆၆၂၂၇၇)
Aungmingalar Inder ေဖ့ဘုတ္ စာမ်က္ႏွာ မွ",1.0,1.0,2.0,3.0,4.0,"The text is a local news report detailing a violent incident. It lacks educational or complex reasoning value. It is written in natural, localized Burmese, reflecting specific regional reporting styles and terminology, though it contains some formatting artifacts and boilerplate typical of social media news clippings."
<urn:uuid:67331d19-e439-47cd-875d-e478070f360b>,"ေရေဘးသင့္ျပည္သူေတြအတြက္ သြားေရာက္လွဴဒါန္းခဲ့တာ ျဖစ္ပါတယ္။
ၾသဂုတ္လ(၁၅)ရက္ေန႕က သရုပ္ေဆာင္ စိုးျပည့္သဇင္က ပုသိမ္ၿမိဳ႕မွာ ရွိတဲ့ ေရေဘးသင့္ျပည္သူမ်ားဆီ သြားေရာက္လွဴဒါန္းခဲ့တယ္လို႕ သိရပါတယ္။
ေရေတြလႊမ္းေနတဲ့ ျမင္ကြင္းကို ျမင္ရတာစိတ္မေကာင္းေပမဲ့ အႏုပညာရွင္ေတြေရာက္လာေတာ့ ဝမ္းပန္းတသာႀကိဳဆိုၾကတဲ့ သူတို႕ရဲ႕ အၿပံဳးေလးေတြကို ျမင္ရေတာ့ အရမ္းကို ပီတိျဖစ္မိပါတယ္လို႕ စိုးျပည့္သဇင္ရဲ႕ ့ေဖ့စ္ဘြတ္မွာ ေရးထားပါတယ္။
စိုးျပည့္သဇင္ကေတာ့ ပရိသတ္ေတြကို အားေပးနွစ္သိမ့္ရင္း သီခ်င္းေတြလည္း ဆိုျပခဲ့သလို အလွဴအတန္းေတြလည္း လုပ္ခဲ့ပါတယ္။ ပရိသတ္ေတြစိတ္ညစ္ေနခ်ိန္မွာ အၿပံဳးေလး တစ္ပြင့္ျဖစ္ေအာင္ ဖန္တီးေပးခြင့္ရလို႕လည္း ဝမ္းသာပီတိ ျဖစ္မိပါတယ္လို႕ သူမက ဆိုပါတယ္။
Photo : စိုးျပည့္သဇင္ ေဖ့စ္ဘြတ္",1.0,1.0,1.0,4.0,4.0,"The text is a short news snippet about a celebrity's charitable act. It is written in natural, authentic Burmese with appropriate cultural context regarding social norms and celebrity engagement. It lacks deep educational or reasoning content, serving primarily as a brief report on a local event."
<urn:uuid:619ffc1d-3c06-46a0-801e-7d5c6e9694ff>,"မောင်တောမှာ ကင်တာနာကို ဆန္ဒပြ
This article has been converted from Zawgyi One to Unicode
ရခိုင်ပြည်နယ် မောင်တောမြို့သို့ ယနေ့နေ့လယ်က ရောက်ရှိလာသော ကုလသမဂ္ဂ၏ မြန်မာနိုင်ငံဆိုင်ရာ လူ့ အခွင့် အရေး အထူးစုံစမ်းစစ်ဆေးရေးမှူး မစ္စတာ သောမတ်စ် အိုဟေး ကင်တာနာကို ဒေသခံ ရခိုင် တိုင်းရင်းသား ၂၀၀ ခန့် က ငြိမ်းချမ်းစွာ ဆန္ဒဖော်ထုတ်ပြသခဲ့ကြောင်း သတင်းရရှိသည်။
“နိုင်ငံတော် သမ္မတကြီး၏ ဆုံးဖြတ်ချက်ကို လေးစားပါ”၊ “မြန်မာနိုင်ငံ၏ အချုပ်အချာ အာဏာကို လေးစားပါ”၊ “တိုင်း ရင်းသားတို့၏ လူ့အခွင့်အရေးကို လေးစားပါ”၊ “မျှမျှတတ ဆက် ဆံပါ” ဟူသော တောင်းဆိုချက် ဆိုင်းဘုတ်များ ကိုင်ဆောင်ထားသူများက ကင်တာနာ၏ ယဉ်တန်း ဘေးဝဲယာမှ ငြိမ်းချမ်းစွာ ဆန္ဒဖော်ထုတ်ကြခြင်း ဖြစ်သည်။
“မစ္စတာ ကင်တာနာ ဒီကို ၁ နာရီလောက်မှာ ရောက်တော့ ရခိုင်နဲ့ တိုင်းရင်းသား ၂၀၀ လောက် ရှိမယ်ခင်ဗျ။ ဆိုင်းဘုတ်တွေ ကိုင်ထားကြတယ်။ အလံတွေ ကိုင်ထားကြတယ်။ အပြင်က ရပ်ကြည့်နေတဲ့ သူတွေနဲ့ ဆို ရင်တော့ လေးငါးရာလောက်ရှိမယ်ခင်ဗျ”ဟု ဒေသခံ မျက်မြင်သက်သေ တဦးဖြစ်သည့် ကိုကျော်အေးမောင်က ဧရာဝတီကို ပြောသည်။
မစ္စတာ ကင်တာနာနှင့် အဖွဲ့သည် မောင်းတောမြို့သို့ ရဟတ်ယာဉ် ၂ စီးဖြင့် ယနေ့ နေ့လယ် ၁ နာရီခန့်က ရောက်လာကြောင်း၊ မစ္စတာ ကင်တာနာ၏ ယာဉ်တန်းအား သဇင် တည်းခိုခန်းရှေ့လမ်းဘေး ဝဲယာတွင် ဆန္ဒဖော်ထုတ်ကြခြင်းဖြစ်ကြောင်း သိရသည်။ မစ္စတာ ကင်တာနာက ယာဉ်တန်းပေါ်မှ အဆိုပါ ငြိမ်းချမ်းစွာ ဆန္ဒဖော်ထုတ်သူများကို ဓာတ်ပုံနှင့် ဗွီဒီယို မှတ်တမ်းတင်မှုများ ပြုလုပ်ကြောင်း၊ ယာဉ်တန်း ခရိုင် အုပ်ချုပ်ရေးမှူး ရုံးရှိရာသို့ ဆက်လက် ထွက်ခွာသွားပြီးနောက် ဆန္ဒဖော်ထုတ်သူများ အေးအေး ဆေးဆေး လူစု ခွဲသွားကြကြောင်း သိရသည်။
မစ္စတာ ကင်တာနာနှင့် အဖွဲ့သည် မောင်းတောရှိ ဒုက္ခသည်စခန်းများသို့ သွားရောက်လေ့လာခြင်း၊ သက်ဆိုင်ရာ အုပ်ချုပ်ရေးနှင့် လုံခြုံရေး တာဝန်ရှိသူများနှင့်လည်း အခြေအနေကို မေးမြန်းစုံစမ်းမှုများ လုပ်ဆောင်ခဲ့သည်။
မောင်တော ဒေသတွင် ယခုအခါ လုံခြုံရေး တင်ကျပ်စွာ ချထားပြီး ဆန္ဒဖော်ထုတ်သူများဘက်ကလည်း မလိုလားအပ်သော ပြဿနာများ မပေါ်ပေါက်ရေး ထိန်းထိန်းသိမ်းသိမ်း ရှိခဲ့ကြောင်း၊ သို့သော် မောင်းတော မြို့ပေါ် ရပ်ကွက်များတွင် UN (ကုလသမဂ္ဂ) အလိုမရှိ ဟူသော အကျီများ ဝတ်ဆင်ထားသူ တချို့ကို မြင်တွေ့ရကြောင်း ကိုကျော်အေးမောင်က ဆိုသည်။
မောင်းတော ဒေသတခွင် ငြိမ်ဝပ်ပိပြားရေးရှိနေပြီဖြစ်သော်လည်း ဒုက္ခသည်စခန်းများနှင့် ဒေသခံများမှာ အပြန်အလှန် မယုံကြည်မှုများ၊ စိုးရိမ်မှုများ ကြီးစိုးနေဆဲဖြစ်ပြီး အပြင်ထွက်ကာ အလုပ်မလုပ်နိုင်ကြသေးကြောင်း၊ ရိက္ခာအတွက် ဆန်ကို အဓိက လိုအပ်လျှက် ရှိကြောင်း ကူညီကယ်ဆယ်ရေးသမားများက ဆိုသည်။
ကမ္ဘာ့ စားနပ်ရိက္ခာအဖွဲ့ အပါအဝင် ကူညီကယ်ဆယ်ရေး အသင်းအဖွဲ့များက လာရောက်လှူဒါန်းမှုများ ရှိကြောင်း သိရသည်။",2.0,2.0,2.0,4.0,4.0,"The text is a journalistic report on a specific political event in Maungdaw. It provides factual reporting (who, what, where) with basic reasoning regarding the local situation. It is written in natural, professional Burmese, though it contains a minor boilerplate header about Unicode conversion. It is accessible to a general audience."
<urn:uuid:1d9f523f-a6b1-49e4-af05-c4cacbf45586>,"ခမီလူမျိုး
ခမီ (ခေါ် ) မရိုလူမျိုးသည် မြန်မာနိုင်ငံအစိုးရမှ တရားဝင် အသိအမှတ်ပြုထားသည့် တိုင်းရင်းသား (၁၃၅)မျိုးထဲတွင် ပါဝင်လေသည်။ တိုင်းရင်းသားလူမျိုးကြီး (၈)မျိုးအနက်၊ ချင်းတိုင်းရင်းသားထဲမှ လူမျိုးစု တစ်စုဖြစ်သည်။ ပုပုရွရွ လှုပ်ရှားသွားလာနေသော လူမျိုး[၁] ခမီလူမျိုးတို့တွင် ခမီတိုင်းရင်းသားစာပေ ရှိသည်။ ခမီလူမျိုးများသည် ချင်းပြည်နယ်တောင်ပိုင်း ပလက်ဝ ဒေသတွင် နေထိုင်သည်၊ ရခိုင်ပြည်နယ်ရှိ မြိုလူမျိုးများက မရိုဟု ခေါ်ဝေါ်ကြသည်။ မိမိ ကိုယ်ကား ခူမီး ဟုခေါ်သည်။
|ဤ ဆောင်းပါးမှာ ဆောင်းပါးတို တစ်ပုဒ်ဖြစ်သည်။ ဖြည့်စွက်ရေးသားခြင်းဖြင့် မြန်မာဝီကီပီးဒီးယားကို ကူညီပါ။|
ကိုးကား[ပြင်ဆင်ရန်]
- မောင်ပုဆိုးကြမ်း ရေး တိုင်းရင်းသားလူမျိုးများ အဘိဓာန်",2.0,1.0,2.0,3.0,4.0,"The text provides basic educational information about the Khumi ethnic group in Myanmar. It is written in natural Burmese, reflecting local knowledge and terminology. However, it is a short, stub-like article containing boilerplate wiki-formatting and references, which limits its depth and overall cleanliness."
<urn:uuid:91166bc9-c2f6-46c3-8373-e0fe9cd76db9>,"Email This Story :
ဇန္နဝါရီ ၂၉ ရက္ေန႔က ယွဥ္ၿပိဳင္သြားတဲ့ ၾသစေၾတးလ်အုိးပန္း အမ်ိဳးသားတဦးခ်င္း ဗုိလ္လုပြဲစဥ္မွာ ေရာ္ဂ်ာ ဖက္ဒရာက ရာေဖး နာဒယ္ကုိ ၅ ပြဲအျပည့္ ႐ုိက္အၿပီး အႏုိင္ရသြားပါတယ္။
ကမၻာ့နံပါတ္တစ္ေဟာင္း ဖက္ဒရာအတြက္ေတာ့ ၁၈ ခုေျမာက္ ဂရန္းစလန္း ဆုဖလားကုိ ရယူႏုိင္တာ ျဖစ္ပါတယ္။
ဖက္ဒရာနဲ႔ နာဒယ္တုိ႔ ဂရန္းစလန္း ဗုိလ္လုပြဲမွာ ၉ ႀကိမ္ ဆံုဖူးရာ နာဒယ္က ၆ ႀကိမ္ အႏုိင္ရၿပီး ဖက္ဒရာက ၃ ႀကိမ္ အႏုိင္ရထားပါတယ္။
အသက္ ၃၅ ႏွစ္အရြယ္ ဖက္ဒရာဟာ ဒီၿပိဳင္ပြဲမွာ နာဒယ္ကို ခက္ခက္ခဲခဲ ယွဥ္ၿပိဳင္ခဲ့ရပါတယ္။
ဖက္ဒရာဟာ အျပန္အလွန္ ႐ုိက္ခ်က္ေတြမွာ နာဒယ္ကုိ မယွဥ္ႏုိင္ေပမယ့္လည္း စေပးေဘာေတြကေန အသာစီးယူႏုိင္ခဲ့ပါတယ္။
ေရာ္ဂ်ာ ဖက္ဒရာအတြက္ေတာ့ ၅ ႏွစ္အတြင္းမွာ ပထမဆံုး ျပန္ရတဲ့ ဂရန္းစလန္း ဆုဖလားလည္း ျဖစ္ပါတယ္။
ပြဲအၿပီးမွာ ဖက္ဒရာက သူ႔အေနနဲ႔ ေနာက္ထပ္ ဂရန္းစလန္း ဆုဖလားေတြ ရယူႏုိင္ေသးတယ္လုိ႔ ေျပာဆုိသြားပါတယ္။",1.0,1.0,2.0,4.0,3.0,"The text is a straightforward sports news report about a tennis match. It provides factual information about the event and players. It is written in natural, journalistic Burmese, though it lacks deep educational or complex reasoning content. The formatting is clean, though it includes a minor 'Email This Story' header."
<urn:uuid:be198748-173b-45b7-866d-e2d288158f7d>,"CarsDB Auto Show Mandalay 2019
မင်္ဂလာပါခင်ဗျာ…
Mandalay Convention Centre တွင် စတင်ကျင်းပနေပြီဖြစ်သည့် CarsDB Auto Show Mandalay 2019 တွင် ပထမနေ့မှာပင် တခဲနက် လာရောက်ဝယ်ယူအားပေးကြသော မန္တလေးရှိ Mitsubishi ချစ်သူများအား အထူးပင်ကျေးဇူးတင်ရှိအပ်ပါသည်။ Mitsubishi Brand New ကားများကို လျှော့စျေးများ ဖြင့် ရောင်းချပေးသွာမည့်အပြင် ပွဲရက်အတွင်း အထူးအနေဖြင့် Pajero Sport (၁)စီးကို USD 10000 အထိ လျှော့ချပြီးေ ရာင်းချပေးသွားမည်ဖြစ်ပါသည်။ ကိုယ်တိုင်ထိတွေ့ခံစား စမ်းသပ်မောင်းနှင်ဖို့အတွက် Test Drive အဖြစ် Brand New ကားသစ်များကို အခမဲ့ စမ်းသပ်မောင်းနှင်နိုင်မှာဖြစ်ပြီး ပွဲရက် (၂)ရက်သာ ကျန်ရှိပါတော့သဖြင့် အခွင့်အရေးများ လက်မလွှတ်စေရန် မန္တလေးရှိ Mitsubishi ပရိသတ်များအား သတင်းကောင်းပါးအပ်ပါသည်။
CarsDB Auto Show Mandalay 2019
Mandalay Convention Center
2019 March 30 – 2019 April 1",1.0,1.0,1.0,4.0,3.0,"The text is a promotional announcement for an auto show. It provides basic information about an event, uses natural Burmese phrasing and honorifics, and is free of significant formatting errors or noise, though it lacks deep educational or reasoning content."
<urn:uuid:a31542fd-1669-4fc8-a5a4-0d74477d5fcf>,"“အားယူ၍ရဲရင့်ခြင်းရှိလော့” ယောရှုမှတ်စာ ၁း၁-၈
နိဒါန်း
က။ မောရှေ အနိစ္စရောက်ခြင်း
၁) မောဘပြန်၌ မောရှေသေသည် တရားဟော ၃၄း၅-က
၂) ထာဝရဘုရား၏ စကားတော်အတိုင်း တရားဟော ၃၄း၅-ခ
၃) ဘုရားသည် သူအားသဂြိုၤသည် တရားဟော ၃၄း ၆-က
၄) မည်သူကမှ သူ၏သဂျိုၤင်းမသိ တရားဟော ၃၄း၆-ခ
ခ။ တရားဝင်မည်တမ်းခြင်း
က္ကုသရေလအမျိုးတို့သည် ရက်ပေါင်း ၃၀
ငိုကြွေးမည်တမ်းကြသည် တရားဟော ၃၄း၈-က
ယောရှု၏ အမှုတော် အစပြုခြင်း
က။ ယောရှုလက်တင်မင်္ဂလာခံခြင်း
၁) အရေးကြီးသည်
၂) အစပြုခြင်း
၃) ဤမျှလောက်သာဖြစ်ရင် အလုံလောက်
ခ။ ယောရှုအကြောင်း ဖော်ပြခြင်း
၁) “ပညာသဘောနှင့် ပြည့်စုံ” တရားဟော ၃၄း၉-က
၂) “မောရှေ၏ လက်တင်မင်္ဂလာကို
ခံရသဖြင့်” တရားဟော ၃၄း၉-ခ
ဆက်စပ်မှုကို တည်ဆောက်ခြင်း
က။ ထာဝရဘုရား၏ ကျွန်တော်မောရှေ အနစ္စရောက်ပြီးမှ
၁) မောရှေကို ဖေါ်ပြခြင်းသည်မမျှော်လင့်သောအရာမဟုတ်
၂) သူသည် အမှန်ပင် “ထာဝရဘုရား၏ ကျွန်တော်” ဖြစ်သည် ယောရှု ၁း၁
၃) မောရှေအကြောင်းဖော်ပြခြင်းသည် ယောရှုက ဘယ်သောအခါမှ တွန့်တိုခြင်းမပြု
ခ။ အတိတ်၌ ဆက်စပ်ခြင်းကို အောက်မေ့သည်
၁) ယောရှုသည် “မောရှေလက်ထောက်” ဟုဖော်ပြသည် ယောရှု ၁း၁-က
၂) ဤအရာသည် ယောရှုအတွက် ဘာဆိုလိုသနည်း၊
က) ဝါကြွားစရာ
ခ) အခွင့်အရေး
ဂ) ပျော်ရွှင်ခြင်း
ဂ။ အသစ်သော ဆက်စပ်ခြင်း တည်ဆောက်ရမည်
၁) ထားဝရဘုရားသည် ဤဆက်စပ်ခြင်းကို အစပြုသည်
“မောရှေလက်ထောက်၊ နုန်၏သား ယောရှုအား
ထာဝရဘုရားက…မိန့်တော်မူ၏။” ယောရှု ၁း၁-ခ
၂) ယခုအချိန်အထိ ဘုရားသခင်သည် မောရှေအား စကားပြော
၃) မောရှေသည် ယောရှုအား သွန်သင်ပေးမည်
၄) ယခု၌ ဘုရားသခင်သည် ယောရှုအား တိုက်ရိုက်စကားပြောသည်
လုပ်ငန်းနယ်ပယ်အသစ် ဖော်ပြသည်
က။ ကတိတော်ပြည်သို့ ဝင်ခြင်း
၁) ယော်ဒန်မြစ်
“ယော်ဒန်မြစ်တဖက်သို့ကူးကြလော့” ယောရှု ၁း၂-က
၂) က္ကုသရေလလူတို့
“သင်နှင့်သင်၌ပါသော ဤလူအပေါင်းတို့” ယောရှု ၁း၂-ခ
၃) ကတိတော်ပြည်
“ဤက္ကုသရေလအမျိုးသားတို့အား ငါပေးသောပြည်
ကိုဝင်စားကြလော။” ယောရှု ၁း၂-ဂ
ခ။ ထာဝရဘုရားထံမှ အားပေးခြင်း
၁) အနိုင်ယူလို့မရသောသူ
“သင့်အသက်တည်သည် ကာလပတ်လုံး
သင့်ရှေ့မှာ အဘယ်သူမျှမခံမရပ်နိုင်ရာ။” ယောရှု ၁း၅-က
၂) ဘုရားသခင်၏ အတူပါရှိခြင်း
“မောရှေနှင့်အတူ ငါရှိသကဲ့သို့ သင်နှင့်အတူ
ငါရှိလိမ့်မည်။” ယောရှု ၁း၅-ခ၊ ၉-
၃) ဘုရားသခင်၏ ကတိတော်
“ငါသည်သင့်ကို မစွန့်၊ သင့်ကိုပစ်၍မထား” ယောရှု ၁း၅-ဂ
ယောရှု၏ အပိုင်း။ ။ သင့်တော်သောတုံ့ပြန်ခြင်း
က။ အားယူ၍ ရဲရင့်ခြင်းရှိလော့
၁) ဤစကားတော်သည် သုံးကြိမ်းပြန်ပြောသည် ယောရှု ၁း၆၊ ၇၊ ၉
၂) ပြန်ပြောခြင်းသည် ‘လေးနက်စေခြင်း’ ကိုညွှန်ပြသည်
ခ။ အားယူခြင်း နှင့် ရဲရင့်ခြင်း လက်တွေ့အသုံးပြုခြင်း – ၁
၁) က္ကုသရေလလူတို့သည် ပြည်တော်ကို ခွဲဝေခြင်း၌
၂) “သင်သည်ဤလူတို့အားဝေ၍ အမွေပေးရမည်” ယောရှု ၁း၆-ခ
ဂ။ အားယူခြင်းနှင့် ရဲရင့်ခြင်း လက်တွေ့အသုံးပြုခြင်း – ၂
၁) ပညတ်တရားတော် လိုက်ရှောက်ခြင်း၌
၂) “ငါ၏ကျွန်မောရှေ မှာထားသော တရားအတိုင်း
ကျင့်မည်ဟုစောင့်ရှောက်ခြင်းငှါ…” ယောရှု ၁း၇-ခ
၃) “လကျ်ာဘက်၊ လက်ဝဲဘက် သို့မလွှဲနှင့်” ယောရှု ၁း၇-ဂ
၄) “ကြံစည်လေသမျှတို့၌ အောင်မည်အကြောင်း” ယောရှု ၁း၇-ဂ
ဃ။ အားယူခြင်း နှင့် ရဲရင့်ခြင်း ကိုလက်တွေ့အသုံးပြုခြင်း – ၃
၁) “အကြောက်နှင့်” ယောရှု ၁း၉-ခ
၂) “စိတ်မပျက်နှင့်” ယောရှု ၁း၉-ဂ
ဘဝအသက်တာ နှင့် အမှုတော်၌ အောင်မြင်ခြင်း
က။ ဘုရားသခင် နှုတ်ကပတ်တော်၏ အခန်းကဏ္ဍ
၁) “ထိုပညတ္တိကျမ်း” ယောရှု ၁း၈-က
၂) “မဖတ်အရွတ်ဘဲမနေ” ယောရှု ၁း၈-ခ
ခ။ ဆင်ခြင်အောက်မေ့ခြင်းကို လေ့ကျင့်ခြင်း
၁) “နေ့ညဉ့်မပြတ်ကြည့်ရှု ဖတ်ရွတ်ရမည်” ယောရှု ၁း၈-ဂ
၂) “ရေးထားသမျှ အတိုင်း ကျင့်မည်ဟုစောင့်
ရှောက်ခြင်းအလိုငှါ” ယောရှု ၁း၈-ဃ
ဂ။ အောင်မြင်ခြင်း ကတိတော်
၁) “သို့ုပြို့လျှင် သင်သည် အကြံထမြောက်၍” ယောရှု ၁း၈-င
၂) “အောင်မြင်လိမ့်မည်” ယောရှု ၁း၈-စ
နိဂုံး
က။ အားအင်ရှိရှိ နှင့်အစပြုရန်
၁) ချီးမြောက်ခြင်း
က) ဘုရားသခင်ထံမှ
ခ) မောရှေထံမှ
ဂ) လူထုပရိသတ်ထံမှ
၂) အားပေးခြင်းရရှိရန် အကြောင်းရင်းအမြဲရှိနေသည်
ခ။ လိမ်မာစွာ ဆက်လက်ဆောင်ရွက်ခြင်း
၁) ဘုရားသခင်ထံမှ သွန်သွင်ခြင်း
၂) အောင်မြင်ဖို့ ခွန်အားပေးခြင်း
ဂ။ လက်တွေ့အသုံးပြုဖို့ စိန်ခေါ်ခြင်း
၁) ခွန်အားတွေ့ရှိခြင်း
၂) အစွမ်းသတ္တိ တွေ့ရှိခြင်း
ဃ။ ယုံကြည်စိတ်ချမှုရှိခြင်း
၁) ထာဝရဘုရားသခင်၌
၂) ကိုယ်တော်၏ နှုတ်ကပတ်တော်၌",3.0,2.0,2.0,4.0,3.0,"The document is a structured sermon outline or Bible study guide. It provides clear, educational content for religious instruction. The reasoning is basic, following a standard expository format. It is clean and well-formatted, using natural Burmese language appropriate for a Christian community context, though it lacks deep analytical complexity."
<urn:uuid:0fe60256-b510-48a5-b2b9-59ab7413188e>,"ကြီးပွားချမ်းသာစေမယ့် ဓာတ်တစ်မျိုး နဲ့မွေးဖွားလာတတ်တဲ့ ကိုးဂဏန်းသမားများ
ဘီလီယံနာသူဌေးတွေမွေးထုပ်ပေးတဲ့ ကိုးဂဏန်းသမားများမည်သည့်နှစ် မည်သည့်လမှာမဆို အဂ်လိပ်လို9 ရက် 18 ရက် 27 ရက်နေ့မှာမွေးဖွားသူတွေဟာ 9 ဂဏန်းသမားများဖြစ်ကြပါတယ်9 ဂဏန်းသမားတွေဟာ
သူများပေးတဲ့ငွေတစ်ဆယ်ထက် ကိုယ်တိုင်ရှာဖွေထားတဲ့ငွေတစ်ကျပ် ကိုပိုမက်တယ်ဘယ်ကိစ္စတွေမှာမဆို ကွယ်ရာမှာတစ်မျိုးရှေ့တစ်မျိုးမလုပ်တတ်ဘူး အဲဒါကြောင့်ဘဝမှာရန်သူတွေများနေတတ်တယ်
တွဲလို့ရရင်တွဲ တွဲလို့မရရင်ကွဲ အဲလိုပြတ်ပြတ်သားသားရှိတာ 9 ဂဏန်းသမားတွေပဲသူတို့ဟာမကြာခဏလောကကြီးကို စိတ်ကုန်နေတတ်တယ်ဒါပေမယ့်စိတ်တာကုန်နေတာ 9 ဂဏန်းသမားတွေထဲက
ဘုန်းကြီးဝတ်သွားတဲ့သူ သီလရှင်ဝတ်သွားတဲ့သူအင်မတန်နည်းတယ် 9 ဂဏန်းသမားတွေကဘဝမှာရန်သူအတိုက်အခံ ဘယ်လောက်များများနောက်ဆုံးမှာအောင်မြင်တတ်တယ်သူတို့ကမသိကြလို့
၉ဂဏန်းသမားတွေဟာကြီးပွားချမ်းသာစေမယ့် ဓာတ်တစ်မျိုး မွေးရာပါ အနေနဲ့ပါလာတတ်ကြတယ်9 ဂဏန်းသမားတွေမှာဖြစ်တတ်တဲ့ရောဂါတွေကကြောက်စရာကောင်းတယ် မဖြစ်ရင်လည်းအရှင်းပဲဖြစ်ပြီဆို
ကူစက်တတ်တဲ့ရောဂါတွေဖြစ်တတ်တယ်အပူလောင်တာလည်းမကြာခဏဖြစ်တတ်တယ်သူတို့အတွက်အကောင်းဆုံးဆေး အကောင်းဆုံးဓါတ် စာကတော့ကြက်သွန်ဖြူနဲ့ ကြက်သွန်နီ ပဲပုံမှန်းစားသုံးသင့်တယ
ကံကောင်းစေမယ့်အဆောင်ရတနာကတော့သံမဏိပဲ သံမဏိကို လက်စွပ်တို့ လက်ကောက်တို့ပြုလုပ်ပြီး ဆောင်ထားသင့်တယ်အကျိုးပေးတဲ့အရောင် ကံကောင်းစေမယ့်အရောင်တွေကတော့ ကြက်သွေးရောင်နဲ့
အနီရောင်ရဲရဲတွေပဲအရေးကြီးတဲ့လုပ် ငန်းတွေလုပ်တော့မယ်ဆိုရင်9 ရက် 18 ရက် 27 ရက်တွေမှာပဲ လုပ်ပါအဲဒီနေတွေမှာ အင်ဂါနေ့ နဲ့ ကြုံကြိုက်ခဲ့ရင်တော့သေချာပေါက် အောင်မြင်ပါလိမ့်မယ်မိတ်ဆွေတို့ရဲ့
ကံဇာတာမှာဘယ်အလုပ်အကိုင်နဲ့ကြီးပွားမယ်ဘယ်အသက် အရွယ်မှာ ကောင်း စားမယ်ဘယ်လိုလူမျိုးနဲ့ အိမ်ထောင်ကျရင် သင့်တော်ကြီးပွားမယ် ထီပေါက်ကံရှိမရှိ အိမ်ထောင်ရေးအချစ်ရေး ငွေကြေးစသည့်
ကံဇာတာတွေကို သိလိုပါကနာမည် မွေးသက္ကရာဇ်အပြည့်အစုံကို မက်စင်ဂျာမှာ ပေးပို့ပြီးမိတ်ဆွေတို့ရဲ့ ကောင်းကျိုးအဖြာဖြာကိုလိုလားသောမင်းမြတ်သုခ မရမ်းတလင်းယတြာအောင်မြေ 09889741914/09450708355
ႀကီးပြားခ်မ္းသာေစမယ့္ ဓာတ္တစ္မ်ိဳး နဲ႕ေမြးဖြားလာတတ္တဲ့ ကိုးဂဏန္းသမားမ်ား
ဘီလီယံနာသူေဌးေတြေမြးထုပ္ေပးတဲ့ ကိုးဂဏန္းသမားမ်ားမည္သည့္ႏွစ္ မည္သည့္လမွာမဆို အဂ္လိပ္လို9 ရက္ 18 ရက္ 27 ရက္ေန႕မွာေမြးဖြားသူေတြဟာ 9 ဂဏန္းသမားမ်ားျဖစ္ၾကပါတယ္9 ဂဏန္းသမားေတြဟာ
သူမ်ားေပးတဲ့ေငြတစ္ဆယ္ထက္ ကိုယ္တိုင္ရွာေဖြထားတဲ့ေငြတစ္က်ပ္ ကိုပိုမက္တယ္ဘယ္ကိစၥေတြမွာမဆို ကြယ္ရာမွာတစ္မ်ိဳးေရွ႕တစ္မ်ိဳးမလုပ္တတ္ဘူး အဲဒါေၾကာင့္ဘဝမွာရန္သူေတြမ်ားေနတတ္တယ္
တြဲလို႔ရရင္တြဲ တြဲလို႔မရရင္ကြဲ အဲလိုျပတ္ျပတ္သားသားရွိတာ 9 ဂဏန္းသမားေတြပဲသူတို႔ဟာမၾကာခဏေလာကႀကီးကို စိတ္ကုန္ေနတတ္တယ္ဒါေပမယ့္စိတ္တာကုန္ေနတာ 9 ဂဏန္းသမားေတြထဲက
ဘုန္းႀကီးဝတ္သြားတဲ့သူ သီလရွင္ဝတ္သြားတဲ့သူအင္မတန္နည္းတယ္ 9 ဂဏန္းသမားေတြကဘဝမွာရန္သူအတိုက္အခံ ဘယ္ေလာက္မ်ားမ်ားေနာက္ဆုံးမွာေအာင္ျမင္တတ္တယ္သူတို႔ကမသိၾကလို႔
၉ဂဏန္းသမားေတြဟာႀကီးပြားခ်မ္းသာေစမယ့္ ဓာတ္တစ္မ်ိဳး ေမြးရာပါ အေနနဲ႕ပါလာတတ္ၾကတယ္9 ဂဏန္းသမားေတြမွာျဖစ္တတ္တဲ့ေရာဂါေတြကေၾကာက္စရာေကာင္းတယ္ မျဖစ္ရင္လည္းအရွင္းပဲျဖစ္ၿပီဆို
ကူစက္တတ္တဲ့ေရာဂါေတြျဖစ္တတ္တယ္အပူေလာင္တာလည္းမၾကာခဏျဖစ္တတ္တယ္သူတို႔အတြက္အေကာင္းဆုံးေဆး အေကာင္းဆုံးဓါတ္ စာကေတာ့ၾကက္သြန္ျဖဴနဲ႕ ၾကက္သြန္နီ ပဲပုံမွန္းစားသုံးသင့္တယ
ကံေကာင္းေစမယ့္အေဆာင္ရတနာကေတာ့သံမဏိပဲ သံမဏိကို လက္စြပ္တို႔ လက္ေကာက္တို႔ျပဳလုပ္ၿပီး ေဆာင္ထားသင့္တယ္အက်ိဳးေပးတဲ့အေရာင္ ကံေကာင္းေစမယ့္အေရာင္ေတြကေတာ့ ၾကက္ေသြးေရာင္နဲ႕
အနီေရာင္ရဲရဲေတြပဲအေရးႀကီးတဲ့လုပ္ ငန္းေတြလုပ္ေတာ့မယ္ဆိုရင္9 ရက္ 18 ရက္ 27 ရက္ေတြမွာပဲ လုပ္ပါအဲဒီေနေတြမွာ အင္ဂါေန႕ နဲ႕ ႀကဳံႀကိဳက္ခဲ့ရင္ေတာ့ေသခ်ာေပါက္ ေအာင္ျမင္ပါလိမ့္မယ္မိတ္ေဆြတို႔ရဲ႕
ကံဇာတာမွာဘယ္အလုပ္အကိုင္နဲ႕ႀကီးပြားမယ္ဘယ္အသက္ အ႐ြယ္မွာ ေကာင္း စားမယ္ဘယ္လိုလူမ်ိဳးနဲ႕ အိမ္ေထာင္က်ရင္ သင့္ေတာ္ႀကီးပြားမယ္ ထီေပါက္ကံရွိမရွိ အိမ္ေထာင္ေရးအခ်စ္ေရး ေငြေၾကးစသည့္
ကံဇာတာေတြကို သိလိုပါကနာမည္ ေမြးသကၠရာဇ္အျပည့္အစုံကို မက္စင္ဂ်ာမွာ ေပးပို႔ၿပီးမိတ္ေဆြတို႔ရဲ႕ ေကာင္းက်ိဳးအျဖာျဖာကိုလိုလားေသာမင္းျမတ္သုခ မရမ္းတလင္းယၾတာေအာင္ေျမ 09889741914/09450708355",0.0,1.0,1.0,1.0,3.0,"The text is promotional material for astrology services, lacking educational or logical value. It contains significant boilerplate, repetitive content, and encoding issues (duplicate text in different fonts/encodings). It reflects local Burmese cultural beliefs in numerology and fortune-telling, but is essentially an advertisement."
<urn:uuid:9951f5d4-b4bc-4918-90e3-ee499052e645>,"ရွှေခေတ်ပရိသတ်တွေထဲမှာစတော်ဘယ်ရီသီးကို အထူးကြိုက်နှစ်သက်တဲ့သူတွေရှိမလားမသိဘူးနော်။ တစ်ကယ်လို့စတော်ဘယ်ရီသီးကိုကြိုက်နှစ်သက်တဲ့သူတွေရှိခဲ့မယ်ဆိုရင် အခုဖော်ပြပေးမယ့်နိုင်ငံတွေကိုအလည်အပတ်သွားရောက်စေခချင်ပါတယ်။ ဘာကြောင့်လဲဆိုတော့ ဒီနိုင်ငံတွေမှာက စတော်ဘယ်ရီသီးတွေကိုအများအပြားစိုက်ပျိုးထုတ်လုပ်နေပြီး တစ်ကမ္ဘာလုံးကိုလည်း အမြောက်အမြားတင်ပို့နေတဲ့နိုင်ငံတွေဖြစ်လို့ပါပဲ။ shwekhitonlinetv.com
၁၀။ မော်ရိုကို – (၁၆၇,၈၂၇) မက်ထရစ်တန်
အာဖရိကတိုက်က မော်ရိုကိုနိုင်ငံကတော့ တစ်ကမ္ဘာလုံးကို စတော်ဘယ်ရီသီးအများဆုံးတင်ပို့နေတဲ့ နိုင်ငံစာရင်းမှာ အဆင့် (၁၀) နေရာမှာရှိပါတယ်။ မော်ရိုကိုနိုင်ငံအနေနဲ့ ကမ္ဘာတစ်ဝန်းကို စတော်ဘယ်ရီသီး (၁၆၇,၈၂၇) မက်ထရစ်တန်နှစ်စဉ်တင်ပို့လျှက်ရှိပါတယ်။ shwekhitonlinetv.com
၉။ ပိုလန် – (၁၈၅,၄၀၀) မက်ထရစ်တန်
ဥရောပတိုက်ကပိုလန်နိုင်ငံကလည်း အရည်အသွေးကောင်းလွန်းတဲ့ စတော်ဘယ်ရီသီးတွေကို ကမ္ဘာတစ်လွှားဖြန့်ဖြူးလျှက်ရှိတဲ့နိုင်ငံပါ။ သူတို့အနေနဲ့နဲ့ နှစ်စဉ် စတော်ဘယ်ရီသီး မက်ထရစ်တန် (၁၈၅,၄၀၀) လောက်ကို ကမ္ဘာအနှံ့ဖြန့်ဖြူးနေပါတယ်။ shwekhitonlinetv.com
၈။ တောင်ကိုရီးယား – (၁၉၂,၉၇၁) မက်ထရစ်တန်
အေးမြတဲ့ရာသီဥတုကိုပိုင်ဆိုင်ထားတဲ့ အာရှတိုက်က တောင်ကိုရီးယားနိုင်ငံကတော့ ဒီစာရင်းရဲ့အဆင့် (၈) နေရာမှာရှိပါတယ်။ သူတို့အနေနဲ့ နှစ်စဉ်စိုက်ပျိုးပြီး တင်ပို့နေတဲ့စတော်ဘယ်ရီသီးပမာဏက မက်ထရစ်တန်ပေါင်း (၁၉၂,၉၇၁) တန်ရှိပါတယ်။ shwekhitonlinetv.com
၇။ ရုရှား – (၂၀၈,၈၀၀) မက်ထရစ်တန်
ကမ္ဘာပေါ်မှာပထဝီအနေအထားအရ အကျယ်ပြန့်ဆုံးလို့ဆိုရမယ့်ရုရှားနိုင်ငံကတော့ ဒီစာရင်းရဲ့အဆင့် (၇) နေရာမှာပါဝင်လို့နေပါတယ်။ ရုရှားနိုင်ငံရဲ့ နှစ်စဉ်စတော်ဘယ်ရီသီးစိုက်ပျိုးတင်ပို့မှုနှုန်းကတော့ မက်ထရစ်တန် (၂၀၈,၈၀၀) ဖြစ်ပါတယ်။ shwekhitonlinetv.com
၆။ စပိန် – (၃၅၁,၉၆၀) မက်ထရစ်တန်
စပိန်နိုင်ငံကတော့ အရည်အသွေးကောင်းတဲ့ စပျစ်သီးတွေနဲ့ စတော်ဘယ်ရီသီးတွေထွက်ရှိတဲ့ ဥရောပနိုင်ငံတစ်နိုင်ငံဖြစ်ပါတယ်။ စပိန်နိုင်ငံအနေနဲ့ အရည်အသွေးကောင်းတဲ့တန်ဖိုးမြင့်စတော်ဘယ်ရီသီး မက်ထရစ်တန် (၃၅၁,၉၆၀) လောက်ကို နှစ်စဉ်ကမ္ဘာနဲ့တစ်ဝန်းတင်ပို့လျှက်ရှိပါတယ်။ shwekhitonlinetv.com
၅။ အီဂျစ် – (၄၆၀,၂၄၅) မက်ထရစ်တန်
သဲကန္တာရပေါ်မှာတည်ရှိပေမယ့် အီဂျစ်နိုင်ငံဟာစိုက်ပျိုးရေးကောင်းမွန်စွာဖြစ်ထွန်းတဲ့နိုင်ငံတစ်နိုင်ငံပါ။ စတော်ဘယ်ရီသီးထုတ်လုပ်တင်ပို့မှုမှာတော့ အီဂျစ်နိုင်ငံဟာ အဆင့် (၅) နေရာမှာရှိနေပြီး တစ်ကမ္ဘာလုံကို နှစ်စဉ်မက်ထရစ်တန် (၄၆၀,၂၄၅) တန် တင်ပို့နေတာပါ။ shwekhitonlinetv.com
၄။ တူရကီ – (၄၈၆,၇၀၅) မက်ထရစ်တန်
တူရကီနိုင်ငံကတော့ စတော်ဘယ်ရီသီးကို ခေတ်မီဆန်းပြားတဲ့စိုက်ပျိုးမနည်းစနစ်တွေနဲ့ စိုက်ပျိုးထုတ်လုပ်နေတဲ့ နိုင်ငံတစ်နိုင်ငံဖြစ်ပါတယ်။ သူတို့အနေနဲ့ တစ်ကမ္ဘာလုံးကိုစတော်ဘယ်ရီသီး အမြောက်အမြားတင်ပို့လျှက်ရှိပြီးတော့ လက်ရှိအချိန်မှာတစ်နှစ်ကို (၄၈၆,၇၀၅) မက်ထရစ်တန်တင်ပို့ပြီး ဒီစာရင်းရဲ့ အဆင့် (၄) နေရာကိုယူထားပါတယ်။ shwekhitonlinetv.com
၃။ မက္ကဆီကို – (၈၆၁,၃၃၇) မက်ထရစ်တန်
မြောက်အမေရိကတိုက်က မက္ကဆီကိုနိုင်ငံကတော့ အဆင့် (၄) နေရာမှာရှိတဲ့ တူရကီနိုင်ငံရဲ့ စတော်ဘယ်ရီသီးတင်ပို့မှုထက် နှစ်ဆနီးပါးလောက်ထုတ်လုပ်တင်ပို့နိုင်တဲ့ နိုင်ငံဖြစ်ပါတယ်။ မက္ကဆီကိုနိုင်ငံအနေနဲ့ တစ်နှစ်ကို စတော်ဘယ်ရီသီး မက်ထရစ်တန် (၈၆၁,၃၃၇) လောက် ကမ္ဘာ့နိုင်ငံတွေကို တင်ပို့နေတာဖြစ်ပါတယ်။ shwekhitonlinetv.com
၂။ အမေရိကန် – (၁,၀၂၁,၄၉၀) မက်ထရစ်တန်
မြောက်အမေရိကတိုက်ကပဲ နောက်ထပ်အင်အားကြီးနိုင်ငံတစ်နိုင်ငံဖြစ်တဲ့ အမေရိကန်နိုင်ငံကလည်း အမျိုးအစားစုံလင်လှတဲ့ စတော်ဘယ်ရီသီးတွေကိုကမ္ဘာတစ်လွှားဖြန့်ဖြူးတင်ပို့နေတဲ့နိုင်ငံတစ်နိုင်ငံဖြစ်ပါတယ်။ အမေရိကန်နိုင်ငံရဲ့ စတော်ဘယ်ရီသီးတင်ပို့မှုနှုန်းကတော့ တစ်နှစ်ကို (၁,၀၂၁,၄၉၀) မက်ထရစ်တန်ဖြစ်ပါတယ်။ shwekhitonlinetv.com
၁။ တရုတ် – (၃,၂၂၁,၅၅၇) မက်ထရစ်တန်
ကမ္ဘာ့လူဦးရေအများဆုံးနိုင်ငံတစ်နိုင်ငံဖြစ်သလို ကဏ္ဍပေါင်းစုံးမှာလည်းထိပ်သီးနိုင်ငံတစ်နိုင်ငံအဖြစ်ရပ်တည်နေတဲ့ အင်အားကြီးတရုတ်နိုင်ငံကတော့ ဒီစာရင်းရဲ့ထိပ်ဆုံးမှာရှိနေပါတယ်။ တရုတ်နိုင်ငံအနေနဲ့ နှစ်စဉ်စတော်ဘယ်ရီသီး မက်ထရစ်တန် (၃,၂၂၁,၅၅၇) လောက်ကို တစ်ကမ္ဘာလုံးကိုတင်ပို့နေတာဖြစ်ပါတယ်။ shwekhitonlinetv.com
Shwe Khit Online TV မှရေးသားတင်ဆက်ပါသည်။ယခုဆောင်းပါးကိုတခြားပေ့ချ်များတွင်ကျေးဇူးပြု၍ကူးယူဖော်ပြခြင်းမပြုရန်မေတ္တာရပ်ခံအပ်ပါသည်။",3.0,1.0,2.0,2.0,3.0,"The text provides factual, educational information about global strawberry production. It is written in natural, accessible Burmese. However, it is repetitive in structure and contains significant boilerplate (website URLs) after every paragraph, which detracts from the cleanliness score. The reasoning is limited to simple list-based presentation without deep analysis."
<urn:uuid:5ba82257-6cb2-42a4-9007-1420e5404044>,"သီခ်င္းမ်ား
ျမန္မာသီခ်င္းမ်ား
English သီခ်င္းမ်ား
Korea သီခ်င္းမ်ား
Hip Hop သီခ်င္းမ်ား
R&B သီခ်င္းမ်ား
Pop သီခ်င္းမ်ား
Rock သီခ်င္းမ်ား
Electro သီခ်င္းမ်ား
သီခ်င္းေခြမ်ား
ျမန္မာသီခ်င္းေခြမ်ား
English သီခ်င္းေခြမ်ား
Korea သီခ်င္းေခြမ်ား
Hip Hop သီခ်င္းေခြမ်ား
R&B သီခ်င္းေခြမ်ား
Rock သီခ်င္းေခြမ်ား
Pop သီခ်င္းေခြမ်ား
သီခ်င္းမ်ား Download ရယူနည္း
ေျကာ္ျငာထည့္သြင္းလုိသူမ်ားအတြက္
သီခ်င္းမ်ား
ျမန္မာသီခ်င္းမ်ား
English သီခ်င္းမ်ား
Korea သီခ်င္းမ်ား
Hip Hop သီခ်င္းမ်ား
R&B သီခ်င္းမ်ား
Pop သီခ်င္းမ်ား
Rock သီခ်င္းမ်ား
Electro သီခ်င္းမ်ား
သီခ်င္းေခြမ်ား
ျမန္မာသီခ်င္းေခြမ်ား
English သီခ်င္းေခြမ်ား
Korea သီခ်င္းေခြမ်ား
Hip Hop သီခ်င္းေခြမ်ား
R&B သီခ်င္းေခြမ်ား
Rock သီခ်င္းေခြမ်ား
Pop သီခ်င္းေခြမ်ား
သီခ်င္းမ်ား Download ရယူနည္း
ေျကာ္ျငာထည့္သြင္းလုိသူမ်ားအတြက္
Purchase Confirmation
Thank you for your purchase!
Sorry, trouble retrieving payment receipt.
Google+ Badge
2015@Myanmar Music Art.
Skip to toolbar
About WordPress
WordPress.org
Documentation
Support Forums
Feedback
Log in
Search",0.0,0.0,1.0,1.0,1.0,"The document is a collection of navigation menus, boilerplate text, and repetitive category links from a website. It lacks coherent content, educational value, or logical reasoning. While it uses Burmese, it is essentially a template or site map rather than meaningful text."
<urn:uuid:69fc727e-3fa5-4143-8be7-03fc62196464>,"09-Sep-2018
ေတာင္ငူ၊ စက္တင္ဘာ ၈
ဆြာေခ်ာင္းတမံ ေရထိန္းတံခါး က်ိဳးေပါက္ပ်က္စီးခဲ့ရာတြင္ အႀကီးမားဆံုးပ်က္စီးထိခိုက္မႈကို ႀကံဳခဲ့ရေသာ ကၽြန္းေတာစုေက်း႐ြာတြင္ ေနထိုင္သူမ်ားသည္ ဆြာဆည္ထပ္မံက်ိဳးေပါက္မည္ကို စိုးရိမ္၍ အျမန္လမ္းေဘးရွိ ေျမလြတ္မ်ားအနီးသို႔ ေ႐ႊ႕ေျပာင္းေပးေစလိုေၾကာင္း ယင္းေဒသခံမ်ားက ေျပာၾကားသည္။
ယင္းဆည္က်ိဳးေပါက္မႈေၾကာင့္ အျခား႐ြာမ်ား အိမ္ေျခပ်က္စီးဆံုး႐ံႈးမႈမ်ားရွိသည္ဟု ဆိုေသာ္လည္း ေရတာရွည္ၿမိဳ႕နယ္ ဆြာၿမိဳ႕အေနာက္ဘက္ သိုင္းဝေက်း႐ြာအုပ္စုတြင္ ပါဝင္သည့္ ကၽြန္းေတာစု႐ြာမွ အမ်ားဆံုးအျဖစ္ အိမ္ေျခ ၅၀ နီးပါး လံုးဝပ်က္စီးဆံုး႐ံႈးခဲ့ရသည့္အတြက္ ဆက္လက္မေနရဲေတာ့ျခင္းျဖစ္ေၾကာင္း ယင္းေဒသခံမ်ားက ဆိုသည္။
“အခင္းျဖစ္ေန႔က မနက္ ၅ နာရီ ေက်ာ္ေလာက္မွာ ေရတက္လာတယ္။ ေရျမင္ေနတုန္းမွာပဲ ႐ြာသူ၊ ႐ြာသားေတြနဲ႔ ဘုန္းႀကီးတို႔ ေတာင္ကုန္းေတြေပၚ အျမန္ေ႐ႊ႕လိုက္ရတယ္။ ေရက်ေတာ့ အိမ္ ၄၆ လံုး လံုးဝ ပ်က္စီးဆံုး႐ံႈးသြားတယ္ဆိုေတာ့ မေနရဲၾကေတာ့ဘူး”ဟု ကၽြန္းေတာစု ႐ြာဦးေက်ာင္း ဆရာေတာ္ ဦးေကာဝိဒက မိန္႔ၾကားသည္။
ကၽြန္းေတာ႐ြာသည္ ဆြာဆည္ ေအာက္ဘက္တြင္ တည္ရွိၿပီး လူေနအိမ္ ၂၃၀ ခန္႔တြင္ လူဦးေရ ၉၈၀ ခန္႔ ေနထိုင္ၾကကာ လံုးဝပ်က္စီးသြားသည့္ အိမ္ေျခ ၄၆ လံုးရွိသည့္အျပင္ က်န္လူေနအိမ္မ်ားမွာလည္း အိမ္ေထာင္ပရိေဘာဂ ပစၥည္းမ်ားသာမက ယိုင္႐ြဲ႔ပ်က္စီးမႈမ်ားျပားေသာ္လည္း အစိုးရတာဝန္ရွိသူမ်ား၏ အကူအညီကို ယခုအခ်ိန္အထိ မရရွိေသးေၾကာင္း အဆိုပါေက်း႐ြာတြင္ ေနထိုင္သူမ်ားက ဆိုသည္။
“ကၽြန္ေတာ္ ဒီ႐ြာမွာ ငယ္ေမြးၿခံေပါက္ပါ။ အခုလိုျဖစ္သြားေတာ့ ဆက္ေနရမွာ ေၾကာက္သြားတယ္။ အုပ္ခ်ဳပ္ေရးအဖြဲ႔ေတြ ခ်ေပးတဲ့ေနရာ ေနရမွာျဖစ္ေပမယ့္ ေရေဘးမရွိတဲ့ ေနရာေနခ်င္တယ္”ဟု ကၽြန္းေတာစုေက်း႐ြာေန အသက္ ၆၂ ႏွစ္အ႐ြယ္ ဦးေအာင္မင္းက ဆိုသည္။
ဆည္ေရက်ိဳးေပါက္ရာမွ ေရနစ္ျမဳပ္ပ်က္စီးခဲ့သည့္ ေက်း႐ြာအခ်ိဳ႕ေ႐ႊ႕ေျပာင္းလိုသည့္ အေနအထားကို စီစဥ္ေပးရမည္ ျဖစ္ေသာ္လည္း အဆင့္ဆင့္လုပ္ေဆာင္သြားရမည္ျဖစ္ေၾကာင္း ေရတာရွည္ၿမိဳ႕နယ္ တိုင္းေဒသႀကီး လႊတ္ေတာ္ကိုယ္စားလွယ္ ေဒါက္တာေက်ာ္ေက်ာ္က ရွင္းျပသည္။
အျမန္လမ္းမႀကီးအေနာက္ သံုးမိုင္ခြဲခန္႔အကြာ ဆြာၿမိဳ႕သိုင္းဝေက်း႐ြာအုပ္စုဝင္ ကၽြန္းေတာစု၊ တမံဆည္ႏွင့္ လွည္းလမ္းကူးေက်း႐ြာမ်ား အနီးကပ္ဆံုးရွိေနခဲ့ေသာ္လည္း ဆည္ေရေၾကာင့္ ထိခိုက္ပ်က္စီးမႈမွာ ကၽြန္းေတာစုေက်း႐ြာသည္ အဆိုး႐ြားဆံုးျဖစ္ေၾကာင္း ေရေဘးကယ္ဆယ္ေရး ေရာက္ရွိခဲ့ၾကသူမ်ားထံမွ သိရသည္။
ပဲခူးတိုင္း ေရတာရွည္ၿမိဳ႕နယ္ ဆြာၿမိဳ႕၏ အေနာက္ဘက္ သိုင္းေခ်ာင္းေက်း႐ြာအနီး ဆြာေခ်ာင္းတမံက်ိဳးေပါက္ ပ်က္စီး (ေရထိန္းတံခါး) ခဲ့သည့္အတြက္ လူဦးေရ သံုးသိန္းေက်ာ္ ေရေဘးသင့္ခဲ့ၿပီး ပ်က္စီးခဲ့သည့္ လူေနအိမ္ ၁၈၅ လံုးအတြက္ တစ္အိမ္ေထာင္လွ်င္ က်ပ္သံုးသိန္း (ၿပိဳလဲ) ႏွင့္ ထိခိုက္သည့္အိမ္ကို က်ပ္ရွစ္ေသာင္း ေထာက္ပံ့ေပးခဲ့ေၾကာင္း ယင္းတိုင္းအစိုးရအဖြဲ႔ထံမွ သိရသည္။
R-15
-
17-Jul-2019
-
17-Jul-2019
-
17-Jul-2019
-
17-Jul-2019
-
17-Jul-2019
-
17-Jul-2019
-
10-Jul-2019
-
09-Jul-2019
-
13-Jul-2019
-
04-Jul-2019
-
06-Jul-2019
-
01-Jul-2019",2.0,2.0,2.0,2.0,5.0,"The text is a journalistic report on a dam failure in Myanmar. It provides factual, localized information about disaster impact and community displacement. While it lacks deep analytical reasoning or high-level academic content, it is written in natural, authentic Burmese. The score for cleanliness is reduced due to the significant amount of repetitive, irrelevant date-stamped boilerplate at the end."
<urn:uuid:32201467-c8d1-4951-87a7-8bbff1f942c7>,ဂရိတ်ဟော်ခမ်း အများနှင့်သက်ဆိုင်သော ကုမ္ပဏီလီမိတက်၏ သတ္တမအကြိမ်မြောက် နှစ်ပတ်လည်အထွေထွေအစည်းအဝေးအား အွန်လိုင်းမှတစ်ဆင့် ကျင်းပပြုလုပ်မည်ဖြစ်ကြောင်း အသိပေးကြေညာခြင်းနှင့် ဖိတ်ကြားခြင်း ဂရိတ်ဟော်ခမ်း အများနှင့်သက်ဆိုင်သောကုမ္ပဏီလီမိတက်၏ သတ္တမအကြိမ်မြောက်နှစ်ပတ်လည်အထွေထွေအစည်းအဝေးကို ကျင်းပရန်အတွက် ယခုအချိန်တွင် ဖြစ်ပေါ်နေသာ COVID 19 ကပ်ရောဂါသည် မြန်မာနိုင်ငံအပါအဝင် ကမ္ဘာတစ်ဝှမ်းလုံးတွင်ဖြစ်ပွားလျက်ရှိရာ COVID 19 ကပ်ရောဂါ ကာကွယ်တားဆီးထိန်းချုပ်နိုင်ရန်အတွက် ကျန်းမာရေးနှင့် အားကစားဝန်ကြီးဌာန၏ ထုတ်ပြန်ကြေညာချက်၊ လမ်းညွှန်ချက်များ၊ ဒေသဆိုင်ရာ စည်းမျဉ်းစည်းကမ်းများနှင့်အညီ မိမိတို့၏နှစ်ပတ်လည်အထွေထွေအစည်းအဝေးကို (၂၀-၁၂-၂၀၂၀) ရက်နေ့၊ တနင်္ဂနွေနေ့တွင် Zoom Meeting (Online) ဖြင့် ကျင်းပပြုလုပ်မည်ပါကြောင်း ရပ်နီးရပ်ဝေးမှအစုရှယ်ယာရှင်များ ကြိုတင်သိရှိထားနိုင်ပါရန်နှင့် အစည်းအဝေးသို့ တက်ရောက်ချီးမြှင့်ပေးနိုင်ပါရန် လေးစားစွာဖြင့် အသိပေးဖိတ်ကြားအပ်ပါသည်။ ကျင်းပမည့်နေရက် - ၂၀-၁၂-၂၀၂၀ (တနင်္ဂနွေနေ့) ကျင်းပမည့်အချိန် [...],1.0,1.0,3.0,4.0,3.0,"The document is a formal corporate announcement regarding an AGM. It provides basic information about corporate governance and public health compliance. It is written in natural, professional Burmese, reflecting local administrative language and context, though it lacks deep educational or reasoning complexity."
<urn:uuid:3d088e1d-c7d5-4ee8-922b-f5e635182a44>,"2:43 pm
ပုသိမ္၊ဇန္န၀ါရီ၁၀
ဦးမန္းေဂ်ာ္နီႏႈတ္ထြက္သြားတာေၾကာင့္ လစ္လပ္ေနတဲ့ ဧရာ၀တီတိုင္း၀န္ၾကီးခ်ဳပ္ေနရာကိစၥ အတြက္ လာမယ့္ တနလၤာေန႔(ဇန္န၀ါရီ ၁၅ရက္ေန႔)က်ရင္ ဧရာ၀တီတိုင္းေဒသၾကီးလႊတ္ေတာ္မွာ အေရးေပၚအစည္းအေ၀းက်င္းပသြားမယ္လို႔ တိုင္းေဒသၾကီးလႊတ္ေတာ္ဥကၠဌ ဦးေအာင္ေက်ာ္ခိုင္က ေပၚျပဴလာနယူးစ္ကို ယေန႔ေန႔လည္မွာ ေျပာပါတယ္။
” အခုလာမယ့္တနလၤာေန႔ကို အေရးေပၚ အစည္းအေ၀းေခၚထားပါတယ္။ တစ္ျခားကိစၥေတာ့ေဆြးေႏြးဖို႔ေတာ့ မရွိပါဘူး။ ၀န္ၾကီးခ်ဳပ္နဲ႔ ၀န္ၾကီး ကိစၥ ျပည္ေထာင္စုရဲ႕အစီအစဥ္နဲ႔ ဆက္အလုပ္လုပ္ရမွာေတြရွိတာေလ။ အဲ့ဒီအတြက္ေခၚရတာပါ” လု႔ိ တိုင္းေဒသၾကီးလႊတ္ေတာ္ဥကၠဌ ဦးေအာင္ေက်ာ္ ခိုင္က ရွင္းျပပါတယ္။
လက္ရွိမွာဆိုရင္ ဧရာ၀တီတိုင္းအထဲက ၀န္ၾကီးခ်ဳပ္ ဦးမန္းေဂ်ာ္နီ နဲ႔ စိုက္ပ်ိဳးေရးေမြးျမဴေရးနဲ႔သဘာ၀ပတ္၀န္းက်င္ထိန္းသိမ္းေရး၀န္ၾကီး ဦးဘဟိန္း တို႔ဟာ ႏႈတ္ထြက္သြားၾကျပီျဖစ္ပါတယ္။
သူတို႔ရဲ႕ သေဘာဆႏၵအေလ်ာက္ႏႈတ္ထြက္ျခင္းကို ခြင့္ျပဳတယ္လို႔ဇန္န၀ါရီ ၉ရက္ေန႔မွာ ျပည္ေထာင္စုအစိုးရက တရား၀င္ထုတ္ျပန္ထားပါတယ္။
ဧရာ၀တီတိုင္း၀န္ၾကီးခ်ဳပ္အသစ္ဟာ တိုင္းအစိုးရအဖြဲ႕ထဲကလူမႈေရး၀န္ၾကီး ေဒါက္တာလွျမတ္ေသြး ျဖစ္လိမ့္မယ္ဆိုတဲ့ ခန္႔မွန္းသတင္းေတြ ထြက္ေပၚေနတာေတြ ရွိေနေပမယ့္ ဒီသတင္းကို အတည္ျပဳလို႔မရေသးပါဘူး။
YL",1.0,1.0,2.0,4.0,4.0,"This is a standard news report about regional political developments in Ayeyarwady. It provides factual information about government procedures and resignations. It is written in natural, professional Burmese, though it lacks deep analytical reasoning or complex educational content. It is clean, well-structured, and reflects local political context accurately."
<urn:uuid:0bb30d55-7ec4-4e97-98e5-e532eb6542bf>,"ချင်းပြည်နယ်၊ ပလက်ဝမြို့နယ် ဆမီးမြို့မှာ အကြမ်းဖက် စစ်တပ်ထောက်ခံပွဲပြုလုပ်ဖို့ မြို့ပေါ်ကျေးရွာပါမကျန် စစ်ဘေးရှောင်ပြည်သူတွေပါ စည်းရုံးနေတယ်လို့ဆမီးမြို့ဒေသခံတွေထံမှသတင်းရရှိပါတယ်။
ဒေသခံတစ်ယောက်က “ကြံ့ခိုင်ရေးပါတီဥက္ကဌက သူ့အိမ်မှာခဏလေးလာပါဆိုလို့လိုက်သွားတာ။ စစ်ယူနီဖောင်းဝတ် ၂ ယောက်နဲ့ တစ်ယောက်က အရပ်ဝတ်နဲ့ရောက်လာတယ်။ ဗျူဟာမှူးလို့ပြောကြတယ်။ သူက ဒီမှာ တပ်ထောက်ခံပွဲလေးလုပ်ချင်တယ်။ စည်းရုံးပေးပါအုံးတဲ့။ ကျနော်တို့ကလည်း ရွေးကောက်ပွဲအလွန်မှာ ဘာမှမပတ်သက်တော့ဘူးလို့ပြန်ဖြေတယ်။ ဒါပေမယ့် သူက ပါဝင်ပေးရမယ်နော်လို့ပြောတယ်။ ကျေးရွာကပြည်သူတွေ ဆမီးက စစ်ဘေးရှောင်ပြည်သူတွေကိုလည်း ခေါ်မယ်လိုု့ကြားတယ်။ ဒါပေမယ့် ဘယ်နေ့ လုပ်မလဲဆိုတာတော့ မသိရဘူး။ ပြည်သူတွေကလည်း ဘယ်လိုလုပ်ရမလဲ စိတ်ပူနေကြတယ်” လို့ပြောပါတယ်။
အကြမ်းဖက် စစ်တပ်ထောက်ခံပွဲပြုလုပ်ဖို့ ဆမီးမြို့ အုပ်ချုပ်ရေးမှူး၊ ရဲမှူးထွန်းကိုကိုလတ်၊ တပ်မ ၁၁ က တပ်မမှူးစိုးမင်းတို့နဲ့ ပြည်သူတွေကို ဖိအားပေးနေကြတယ်လို့သိရတယ်။
လက်ရှိ ဆမီးမြို့တွင် စစ်ဘေးရှောင် အိမ်ခြေ ၄၀၀ ကနေ ၅၀၀ ကြားရှိပါတယ်။
Zawgyi
ခ်င္းျပည္နယ္ ဆမီးၿမိဳ႕တြင္ အၾကမ္းဖက္ စစ္တပ္ေထာက္ခံပြဲျပဳလုပ္ဖုိ႔ စစ္ေဘးေရွာင္ေတြပါစည္းရံုး
ခ်င္းျပည္နယ္၊ ပလက္ဝၿမိဳ႕နယ္ ဆမီးၿမိဳ႕မွာ အၾကမ္းဖက္ စစ္တပ္ေထာက္ခံပြဲျပဳလုပ္ဖုိ႔ ၿမိဳ႕ေပၚေက်းရြာပါမက်န္ စစ္ေဘးေရွာင္ျပည္သူေတြပါ စည္းရံုးေနတယ္လုိ႔ဆမီးၿမိဳ႕ေဒသခံေတြထံမွသတင္းရရွိပါတယ္။
ေဒသခံတစ္ေယာက္က “ၾကံ႕ခုိင္ေရးပါတီဥကၠဌက သူ႔အိမ္မွာခဏေလးလာပါဆိုလို႔လိုက္သြားတာ။ စစ္ယူနီေဖာင္းဝတ္ ၂ ေယာက္နဲ႔ တစ္ေယာက္က အရပ္ဝတ္နဲ႔ေရာက္လာတယ္။ ဗ်ဴဟာမွဴးလို႔ေျပာၾကတယ္။ သူက ဒီမွာ တပ္ေထာက္ခံပြဲေလးလုပ္ခ်င္တယ္။ စည္းရံုးေပးပါအံုးတဲ့။ က်ေနာ္တုိ႔ကလည္း ေရြးေကာက္ပြဲအလြန္မွာ ဘာမွမပတ္သက္ေတာ့ဘူးလုိ႔ျပန္ေျဖတယ္။ ဒါေပမယ့္ သူက ပါဝင္ေပးရမယ္ေနာ္လို႔ေျပာတယ္။ ေက်းရြာကျပည္သူေတြ ဆမီးက စစ္ေဘးေရွာင္ျပည္သူေတြကိုလည္း ေခၚမယ္လိုု႔ၾကားတယ္။ ဒါေပမယ့္ ဘယ္ေန႔ လုပ္မလဲဆိုတာေတာ့ မသိရဘူး။ ျပည္သူေတြကလည္း ဘယ္လုိလုပ္ရမလဲ စိတ္ပူေနၾကတယ္” လုိ႔ေျပာပါတယ္။
အၾကမ္းဖက္ စစ္တပ္ေထာက္ခံပြဲျပဳလုပ္ဖုိ႔ ဆမီးၿမိဳ႕ အုပ္ခ်ဳပ္ေရးမွဴး၊ ရဲမွဴးထြန္းကိုကိုလတ္၊ တပ္မ ၁၁ က တပ္မမွဴးစိုးမင္းတို႔နဲ႔ ျပည္သူေတြကို ဖိအားေပးေနၾကတယ္လုိ႔သိရတယ္။
လက္ရွိ ဆမီးၿမိဳ႕တြင္ စစ္ေဘးေရွာင္ အိမ္ေျခ ၄၀၀ ကေန ၅၀၀ ၾကားရွိပါတယ္။",1.0,1.0,2.0,2.0,5.0,"The text is a news report about local political pressure in Chin State. It provides factual reporting on current events, which is informative but not educational in a curriculum sense. It contains redundant content due to the inclusion of both Unicode and Zawgyi versions, which lowers the cleanliness score, but the language is highly authentic and culturally specific."
<urn:uuid:074eeb5f-bb90-4b66-805a-b3665e854110>,"& nbspPort-ကျော် FS2004 (အဘယ်သူမျှမ DXT12) + 3D ရဲ့ Virtual cockpit
အ FS2004 သဟဇာတဗားရှင်း ဤနေရာကိုကလစ်နှိပ်ပါ
ဒါကြောင့် Download လုပ်! ဒီဗူး၏ဖွဲ့စည်းတည်ဆောက်ပုံနှင့်အတူထည့်သွင်းသည် Gendarmerie, ပြင်သစ်အကောက်ခွန်, Heliswiss နှင့်အခြားသော။
လေယာဉ်ခရီးစဉ် Simulator X ကို & P350D များအတွက် Aerospatiale AS 3BA ရှဉ့်၏ဝိသေသလက္ခဏာများ:
အဆိုပါ Eurocopter AS350 Squirrel ဇန်နဝါရီလ 1992 အတွက် Aerospatiale နှင့် Eurocopter အားဖြင့်ဖွံ့ဖြိုးပြီးတစ်ဦး multipurpose အလင်းရဟတ်ယာဉ်ဖြစ်ပါတယ်။ ဒီကိရိယာကို Single-နှင့်အင်ဂျင်နှစ်လုံးတပ်ဗားရှင်းအတွက်တီထွင်ခဲ့ပြီးမှ၏ဂုဏ်ထူးရှိပါတယ်, နာမတျောအ AStar (တစ်ခုတည်းအင်ဂျင်) သို့မဟုတ် TwinStar (အမွှာအင်ဂျင်) အရအမေရိကန်ပြည်ထောင်စုရှိစျေးကွက်များနှင့်ဆန့်ကျင် torque အမျိုးအစားနှင့်အတူတစ် version ကိုဘွားမြင်လေ၏ဖြစ်ပါတယ် ""သေးငယ်တဲ့ပြတင်းပေါက်"" များနှင့် Eurocopter EC130 အမည်ပြောင်း။ နာမတျောအ Helibras HB.350 Esquilo အောက်မှာဘရာဇီးအတွက်လိုင်စင်အောက်မှာထုတ်လုပ်ခြင်း, EC130 လည်း Changhe လေယာဉ် Industries, ကော်ပိုရေးရှင်းနှင့်အတူပူးပေါင်း, တရုတ် Changhe Z-11 ၏ဖန်တီးမှုကိုထောကျပံ့ဖို့တာဝန်ထမ်းဆောင်ခဲ့သူဖြစ်ပါတယ်။
ဒါကြောင့် Download လုပ်! ဒီဗူး၏ဖွဲ့စည်းတည်ဆောက်ပုံနှင့်အတူထည့်သွင်းသည် Gendarmerie, ပြင်သစ်အကောက်ခွန်, Heliswiss နှင့်အခြားသော။
လေယာဉ်ခရီးစဉ် Simulator X ကို & P350D များအတွက် Aerospatiale AS 3BA ရှဉ့်၏ဝိသေသလက္ခဏာများ:
|Gmax နှင့်အတူဖန်တီးအသေးစိတ်မော်ဒယ်
|
အစွန်းနှင့် photorealistic အထွာဇယား
တကယ့်လေယာဉ်ခရီးစဉ်၏ဓာတ်ခွဲခန်းတှငျမှတျတမျးတငျထားသညျ့အသံ
နှိပ်လို့ရတဲ့အထွာနဲ့ switches နှင့်အတူအသေးစိတ် 3D လေယာဉ်မှူးအခန်း
3D ကာတွန်း switches များ
တံခါးရွက်၏ Animation ရဲ့
3D လေယာဉ်မှူးအခန်းအတွက် dynamic animations တွေကို
|ယာဉ်မောင်း၏ Animation ရဲ့
|
စစ်မှန်သောလေယာဉ်မှူးလေယာဉ်မော်ဒယ်အားဖြင့်စမ်းသပ်ပြီးအတည်ပြု
အပြီးအစီးစစ်ဆေးရမည့်စာရင်း
Windows ပေါ်မှာမိုဃ်းရွာစေ၏အကျိုးသက်ရောက်မှု
animated Wiper
ကို virtual လေယာဉ်မှူးအခန်းအတွက်ရှေ့ဆက်သို့မဟုတ်နောက်ကျောဒရိုင်ဘာ၏ထိုင်ခုံရွှေ့ဖို့ဖြစ်နိုင်ခြေ
လေယာဉ်ခရီးစဉ် Simulator X ကို P3D နှင့်အတူလိုက်ဖက်တဲ့နှင့် လေယာဉ်ခရီးစဉ် Simulator 2004
အဆိုပါ Eurocopter AS350 Squirrel ဇန်နဝါရီလ 1992 အတွက် Aerospatiale နှင့် Eurocopter အားဖြင့်ဖွံ့ဖြိုးပြီးတစ်ဦး multipurpose အလင်းရဟတ်ယာဉ်ဖြစ်ပါတယ်။ ဒီကိရိယာကို Single-နှင့်အင်ဂျင်နှစ်လုံးတပ်ဗားရှင်းအတွက်တီထွင်ခဲ့ပြီးမှ၏ဂုဏ်ထူးရှိပါတယ်, နာမတျောအ AStar (တစ်ခုတည်းအင်ဂျင်) သို့မဟုတ် TwinStar (အမွှာအင်ဂျင်) အရအမေရိကန်ပြည်ထောင်စုရှိစျေးကွက်များနှင့်ဆန့်ကျင် torque အမျိုးအစားနှင့်အတူတစ် version ကိုဘွားမြင်လေ၏ဖြစ်ပါတယ် ""သေးငယ်တဲ့ပြတင်းပေါက်"" များနှင့် Eurocopter EC130 အမည်ပြောင်း။ နာမတျောအ Helibras HB.350 Esquilo အောက်မှာဘရာဇီးအတွက်လိုင်စင်အောက်မှာထုတ်လုပ်ခြင်း, EC130 လည်း Changhe လေယာဉ် Industries, ကော်ပိုရေးရှင်းနှင့်အတူပူးပေါင်း, တရုတ် Changhe Z-11 ၏ဖန်တီးမှုကိုထောကျပံ့ဖို့တာဝန်ထမ်းဆောင်ခဲ့သူဖြစ်ပါတယ်။",2.0,1.0,3.0,2.0,1.0,"The text is a machine-translated product description for a flight simulator add-on. It provides some historical and technical facts about the Eurocopter AS350, but the translation is awkward and repetitive. It contains significant boilerplate and promotional text, and the formatting is inconsistent, reflecting a poor-quality web scrape."
<urn:uuid:7c60138e-42da-47df-8140-f6fa46bfd107>,"အထက်တန်းကျောင်းပြီးသွားတဲ့ အထိမ်းအမှတ် ၊ ဘွဲ့ရတဲ့ အထိမ်းအမှတ်စတဲ့ နေ့ထူးနေ့မြတ်တွေမှာ အောင်မြင်မှုကို အသိအမှတ်ပြုတဲ့အနေနဲ့ ကိုယ်ကိုယ်တိုင်အတွက် ဂုဏ်ပြုပါတီ လုပ်ပေးကြတာ များပါတယ်။ ဒါပေမဲ့ အိမ်ရာမဲ့တွေအတွက် ပါတီလုပ်ပေးတဲ့ ထူးထူးခြားခြား မိန်းကလေးကတော့ တက္ကဆက်ပြည်နယ်မှာ ရှိပါတယ်။ လိန်နာ ကာရက်စ်ကို (Leanner Carrasco) ဆိုသူ မိန်းကလေးက တက္ကဆက်ပြည်နယ်က အိမ်ရာမဲ့ အမျိုးသမီးနဲ့ ကလေးတွေအတွက် ပီဇာ (၉၅) ခု မှာပြီး ပါတီပွဲကျင်းပပေးဖို့ သူငယ်ချင်းတွေနဲ့ အတူတူ စီစဉ်ခဲ့တာပါ။ အရင်တုန်းက မိသားစုနဲ့ အတူတူ ဖွံ့ဖြိုးရေးဂေဟာတွေ သွားပြီး လှူဒါန်းမှုလုပ်ဖူးပေမဲ့ ဒီတစ်ကြိမ်မှာတော့ သူငယ်ချင်းတွေနဲ့ အတူတူ ကိုယ်တိုင် အကောင်အထည်ဖော်ရတာ ဖြစ်ပါတယ်။
ပွဲမစခင် တစ်လအလိုကတည်းက သူငယ်ချင်းတစ်စု သွားပွတ်တံ ၊ သွားတိုက်ဆေး ၊ လက်သုတ်ပုဝါနဲ့ ချွေးနံ့ပျောက်ဆေးတွေ ဝယ်ယူထားပြီး အဲဒါတွေကို အိတ် (၄၀၀) နဲ့ ခွဲထုပ်ပြီး အိမ်ရာမဲ့တွေကို ဝေငှပေးခဲ့ပါတယ်။ ပါတီပွဲနေ့မှာတော့ ပီဇာပဲ ဝယ်စရာလိုပြီး လူပေါင်း (၂၀၀) ကို ကျွေးမွေးနိုင်ခဲ့လို့ ထူးခြားတဲ့နေ့လေးတစ်နေ့ ဖြစ်ခဲ့တယ်လို့ ကာရက်စ်ကိုက ဆိုပါတယ်။
လူအများအပေါ်စေတနာထားတဲ့ ကာရက်စ်ကို ကတော့ ဒီနှစ်ဆောင်းဦးမှာ Briar Cliff တက္ကသိုလ်ကို တက်ရောက်မှာဖြစ်ပြီး သူနာပြုဘာသာရပ်ယူသွားမယ်လို့ သိရပါတယ်။
Ref: CNN “Instead of a graduation bash, this high school senior threw a pizza party for the homeless”
Alice May (ရိုးရာလေး)",2.0,1.0,1.0,5.0,1.0,"The text is a simple, well-written news summary about a charitable act. It lacks complex reasoning or deep educational content, serving primarily as a human-interest story. It is clean and uses natural Burmese, though it is a translation of a foreign news piece, limiting its cultural depth."
<urn:uuid:7649638e-f484-4ce0-bad0-459664071977>,"၁။ န.အ.ဖ စစ္အစုိးရမွ ကရင္ျပည္နယ္ မာနယ္ပေလာေဒသအား မုိးႀကိဳးစစ္ဆင္ေရးအမည္ျဖင့္၄င္း၊ ေ၀ါေလေဒသအား သန္လွ်က္စစ္ဆင္ေရးအမည္ျဖင့္၄င္း ထုိးစစ္ဆင္ေနျခင္းျဖစ္သည္ဟု ေနျပည္ေတာ္ စ.ရ.န ရုံးတြင္းသတင္းအရ သိရွိထားသည္။
၂။ ၂၀၁၀ ဧၿပီလက X2O သႀကၤန္မ႑ပ္ဗုံးခြဲမႈျဖင့္ မတရားေထာင္ခ်ခံထားရေသာ စာေရးဆရာလင္းယုန္ ေမာင္ေမာင္၏ေျမး ကုိေဇယ်အား စစ္ေခြးတုိက္တြင္ ညွဥ္းပမ္းႏွိပ္စက္မႈအား ေထာင္အာဏာပုိင္တုိ႔က ရပ္တန္႔ေပးျခင္းမရွိသည့္အတြက္ အင္းစိန္ေထာင္ ၄တုိက္မွ ေနလင္းေအာင္ BAJF၊ သန္႔ဇင္ထြန္း BAJF၊ ၅တုိက္မွ ေဇာ္မင္းထြန္း NLDႏွင့္ ၆တုိက္မွ ေအာင္ကုိ GW၊ ေအာင္မုိးလြင္ NLD တုိ႔ဦးေဆာင္၍ ယေန႔မနက္ ပုိင္းမွစတင္ကာ အစာငတ္ခံဆႏၵျပေနၾကေၾကာင္း သိရွိရသည္။
၃။ ျမ၀တီၿမိဳ႔ DKBA ကလုိ႔ထူးျဗဴဟာမွဴး ဗုိလ္ႏႈတ္ခမ္းေမႊး၏ ညာလက္ရုံးျဖစ္သည့္ ၂၀၀၉ ခုႏွစ္တြင္ ၅(ည) ၁၉(က)(ဂ) တုိ႔ျဖင့္ ၁၃ႏွစ္ ေထာင္ခ်ခံရသည့္ ေက်ာ္ႏုိင္ (ခ) ေက်ာ္ေက်ာ္ႏုိင္အား ဘူးသီးေတာင္ေထာင္တြင္ ေထာင္အာဏာပုိင္တုိ႔က မတရားႏွိပ္စက္ေနသည့္အျပင္ အစာအိမ္ေရာဂါႏွင့္ အဟာရခ်ဳိ႔တဲ့သည့္ေရာဂါမ်ား အျပင္းအထန္ခံစားေနရသည္ဟု သိရွိရသည္။
၄။ အင္းစိန္သီးသန္႔ေထာင္ အေဆာင္ (၁) တြင္ ၂၀၀၇ စက္တင္ဘာ ေရႊ၀ါေရာင္ေတာ္လွန္ေရးတြင္ ဦးေဆာင္ပါ၀င္ခဲ့ၿပီး ေထာင္ဒဏ္ ၁၄ ႏွစ္ က်ခံရသည့္ ဦးေခမာစာရ (ခ) ခ်မ္းသာ၏ က်န္းမာေရးအေျခ အေနမွာ အမွန္တကယ္ဆုိးရြားလွ်က္ရွိေၾကာင္း သိရွိထားသည္။
၅။ ယေန႔နံနက္တြင္ ကရင္ျပည္နယ္ ၾကာအင္းဆိပ္ႀကီးအတြင္းရွိ ရြာငယ္တစ္ခုအား န.အ.ဖ ႏွင့္ နယ္ျခား ေစာင့္ တပ္ဖြဲ႔ BGF မွ စတင္မီးရႈိ႔မည္ဟု ၾကားသိထားသည္။",1.0,1.0,3.0,3.0,4.0,"The text provides historical and political reporting on Myanmar's conflict and prison conditions. It is written in natural, native Burmese with specific local political context and terminology. It lacks deep analytical reasoning or structured educational content, functioning primarily as a news-style report or bulletin."
<urn:uuid:31ee4c1c-b249-4c24-8e11-0bc44cb15612>,"သြဂုတ် ၊ ၂၇ ၊ ၂၀၂၂
SP( VOM)
စစ်ကိုင်းတိုင်း ၊ မုံရွာမြို့ပေါ်က လူနေရပ်ကွက်တွေထဲက အပေါင်ဆိုင်တွေဟာ ဒီလ ၂၀ ရက်နောက်ပိုင်းကစလို့ ပေါင်နှံပစ္စည်းတွေပေါ် မူတည်ပြီး အတိုးနူန်း မြင့်တက်လာတယ်လို့ ကုန်စိမ်းစျေးသည်တွေဆီက သိရပါတယ်။
” စျေးသည်နဲ့ ငွေတိုးဆိုတာ မကင်းကြဘူးလေ ၊ ပြီးခဲ့တဲ့နှစ် ၂၀၂၁ ကစလို့ ငွေအလွတ်ချေးပေးတာ မရှိတော့ဘူး ၊ ပစ္စည်းပါမှ ငွေချေးပေးတာတွေဖြစ်လာတယ် ၊ အရပ်ထဲက အပေါင်ဆိုင်တွေက အတိုးနူန်းမြင့်လို့ အမိန့်ရဆိုင်တွေကို သွားပေါင်တယ် ၊ သူတို့လည်း အတိုးနူန်းစျေးတွေ တက်လာတယ် ၊ အဲ့ဒါကြောင့် ငွေလိုတဲ့သူတွေက ပစ္စည်းကို ပေါင်နှံတာထက် အပြတ်ရောင်းကြတာများလာတယ် “လို့ မုံရွာ ကန်သာယာစျေးက ကုန်စိမ်းစျေးသည်တယောက်က ပြောပါတယ်။
မုံရွာမြို့ ၊ သာစည်လမ်း ၊သာစည်စျေးက ပန်းသည်တယောက်က ” အရင်က ရွှေထည်ပစ္စည်း ပေါင်နှံတယ်ဆိုရင် အတိုးနူန်းက ၂ ကျပ် ၊ ၂ကျပ်ခွဲဆိုတာ အလွန်ဆုံးပဲ အခုမရတော့ဘူး ၊ ၃ ကျပ်အောက်ခံရှိတယ် ၊ တချို့ဆိုရင် ၃ ကျပ်ခွဲ ၄ ကျပ်အထိယူတာတွေရှိတယ် ၊ ရွှေချိန်များပြီး ငွေအမောင့်များရင်တော့ ၂ ကျပ်ခွဲလောက် ယူတဲ့သူတွေ အနည်းစုလောက်ပဲရှိတာ “လို့ ပြောပါတယ်။
မုံရွာမြို့၊ နန္ဒဝန် ၊ ထန်းတော ၊ စက်မှုဇုန် ၊ မြဝတီ စတဲ့ ရပ်ကွက်တွေမှာ အပေါင်ခံ ငွေချေးလုပ်ငန်း ၊ လုပ်ကိုင်နေသူ တယောက်က ” စက်ပစ္စည်းဖြစ်တဲ့ ကားတို့ ၊ ဆိုင်ကယ်တို့ ပစ္စည်းပါတယ်ဆိုရင် အတိုးနူန်းက ၅ ကျပ်နဲ့ ၁၀ အကြားမှာရှိတယ် ၊ ယူတဲ့ ငွေပေါ် မူတည်တယ် ၊ လျှပ်စစ်ပစ္စည်းကြတော့ အမျိုးအစား ၂ မျိုးခွဲထားတယ် ၊ လူသုံးကုန်ပစ္စည်းဖြစ်တဲ့ ဖုန်း ၊ ဒယ်နီ ၊ ထမင်းပေါင်းအိုး ၊ အဝတ်လျော်စက် ၊ ကေခဲသေတ္တာ ၊ တီဗီတို့ဆိုရင် အတိုးနူန်းက ၁၄ ကျပ် ၊ ၁၅ ကျပ်ဝန်းကျင်ရှိတယ် ၊ လုပ်ငန်းသုံး လျှပ်စစ်ပစ္စည်းဆိုရင် ဥပမာ ဂဟေပုံး ၊ သံဖြတ်စက် ၊ လက်ကိုင်ကျောက်စက်တို့ စတာတွေကြတော့ အတိုးနူန်းက ၁၀ ဝန်းကျင်ပေါက်တယ် ၊ အိမ်ဝန်းခြံမြေကြတော့ ၆ လထိပဲထားမယ်ဆိုရင် ၅ ကျပ်နဲ့ ၁၀ ကြားယူတယ် ၊ ၁ နှစ်စာချုပ်နဲ့ပေါင်တယ်ဆိုရင် ၃ ကျပ်နဲ့ ၅ ကျပ်ကြားဖြစ်တယ် ၊ ငွေကြေးရှားပါးလာပြီး ငွေလည်ပတ်မှု တုန့်ဆိုင်နေတာကြောင့် အတိုးနူန်းကို မျှယူရတာ “လို့ ပြောပါတယ်။
သုံးဘီး အငှားယာဥ်မောင်းတဦးကလည်း” အတိုးနူန်းတွေက အရင်ကထက် ၂ ဆနီးပါး မြင့်တက်လာတယ် ၊ လောင်းကစားသမားတွေအတွက် အဲ့ဒီ အတိုးနူန်းဟာ အရေးမကြီးပေမယ့် ၊ ကျန်းမာရေးကိစ္စနဲ့ စျေးရင်းလုပ်ရတဲ့သူတွေအတွက်တော့ အထိနာစေတယ် ၊ ဘဏ်ငွေထုတ်ရတာ ခက်ခဲတယ်ဆိုတဲ့ အကြောင်းပြချက်နဲ့ အတိုးနူန်း စျေးမြင့်တက်ယူတာဟာ လက်လုပ်လက်စားတွေရဲ့ဘဝကို ဖိနှိပ်ရာ ရောက်စေတယ် ၊ အဲ့ဒါကြောင့် သက်ဆိုင်ရာက အတိုးနူန်း သက်သာစွာနဲ့ ငွေချေးလုပ်ငန်းတွေ လုပ်ပေးစေချင်တယ် “လို့ ပြောပါတယ်။
မုံရွာမြို့ပေါ်မှာ မြို့ပြလူနေရပ်ကွက် ၃၁ ရပ်ကွက်တည်ရှိပြီး ၊ ရပ်ကွက်တိုင်းမှာ အပေါင်ဆိုင်တွေနဲ့ အဟောင်းပစ္စည်း ဝယ်ရောင်းဆိုင်တွေရှိနေပြီး အဲ့ဒီဆိုင်တွေဟာ အတိုးနူန်းမြင့်တက်လာပေမယ့် ဒီကနေ့အထိ အလုပ်ဖြစ်နေဆဲ ရှိတယ်လို့ သိရတာဖြစ်ပါတယ်။
#voiceofmyanmar #VOM #စစ်ကိုင်း",2.0,2.0,2.0,5.0,5.0,"The text is a well-written, authentic news report from Monywa, Myanmar. It provides a clear, coherent account of local economic struggles and interest rate hikes. It uses natural Burmese phrasing, local terminology, and reflects the lived reality of the community, making it highly authentic and culturally relevant."
<urn:uuid:23774a60-cd25-4086-abe1-2cb8bd8b4dd1>,"ေကာင္းကင္ကို ေမာ့မၾကည့္ျဖစ္တာ ၾကာခဲ့ျပီ။
ဒီေန႔ေတာ့ ဟိုးးအေ၀းက မိုးေကာင္းကင္ၾကီးထက္ ကိုယ္ ေမာ့ၾကည့္ေနမိတယ္...။
မုန္တိုင္းစဲလ ရက္ကာလမ်ားရဲ႕ထံုးစံ တိမ္စိုင္တိမ္လိပ္ေတြက ဟို သည္ ေရြ႔လို႔......။
တိမ္ေတြကို ေငးစိုက္ၾကည့္ရင္း တိမ္စိုင္ေတြရဲ႕ သ႑ာန္ဟာ ကိုယ့္ အတြက္ အရိပ္အေယာင္ေတြ ထင္ဟပ္လာတယ္။
ဘယ္သူေျပာသလဲ...ကိုယ္ ခ်စ္တဲ့သူေတြဟာ ကိုယ့္ အနားမွာ မရွိဘူးလို႔....။ ဟိုးး မွာ ကိုကို က ၾကည္ၾကည္လင္လင္ျပံဳးရယ္ေနတယ္။ အလင္းေတြက တဖ်ပ္ဖ်ပ္....ေလတိုးသံ ခပ္သဲ့သဲ့နဲ႔အတူ `ညီမေလး´ ေခၚသံကို ၾကားလိုက္ရတယ္...။
ဘယ္သူေျပာသလဲ.......ကိုကို ဟာ ကိုယ္ နဲ႔ အေ၀းၾကီးလို႔...တစ္ေျမတည္း တစ္ျမိဳ႕နယ္ထဲမွာ သူ ရွိေနတယ္။ အရင္လို ရန္ကုန္ေျမကို ကိုယ္ ေရာက္ေနတာ သူ မသိမဟုတ္ဘူး။ အခု သူ သိေနျပီ။ ညီမေလး ေရ........ တဲ့....။ ခ်ိဳသာျမဲ ကိုကို႔ အသံက ဟိုးးး လြန္ခဲ့တဲ့ ႏွစ္ေပါင္း ႏွစ္ဆယ္္ေက်ာ္ကလို ခ်စ္ခင္မႈေတြ လႊမ္းျခံဳေနျမဲ..။
အိမ္ေနာက္ဘက္မွာ တသြင္သြင္စီးေနတဲ့ စမ္းေခ်ာင္းေလးေတြ ရွိတယ္။ ကိုယ္ တို႔ ေမာင္ႏွစ္မေတြ ခူးဆြတ္စားခဲ့တဲ့ မာလကာပင္ေတြ တစ္ျခံလံုးေမႊးပ်ံ႕ေနေအာင္ရွိတယ္။ ကိုကို က ဂစ္တာတီးတဲ့အခါ ညီမေလးက သီခ်င္းေလး မပီကလာဆို....ဟင့္အင္း ေလွစီးခ်င္ေသးတယ္ ကိုကို ရဲ႕..`
ငါး အရိုး ထြင္ေပးမယ္ ညီမေလး´ .....`ကိုကို အိမ္ျပန္ေနာက္က်တယ္ ေမေမ ဆူေနျပီ´....... `သမီး ပထမ ရတယ္ ကိုကို´ .........`ဟို ေကာင္မေလးကို သမီး မေခၚဘူး ကိုကိုရဲ႕´......... `ညီမေလး စြန္လႊတ္မလား´.......... `စြန္ေလးေတြ ေအာက္ျပဳတ္က်လာရင္ ဘယ္လို လုပ္မလဲဟင္´.........
တိမ္ေတြဟာ ေလတစ္ခ်က္လူးအလြန္႔ ကိုကို႔ ကို ဆြဲေခၚေခ်မြသြားတယ္။ ေငးၾကည့္ေနဆဲ ကိုကို႔ အျပံဳးက ေလ ရဲ႕ အေ၀ွ႕မွာ မဲ့သလို ပ်က္ျပယ္.......။
အရိပ္ေတြ လူးလြန္႔လာျပန္တယ္။ ဟင့္အင္း ...သူတို႔ကို ကိုယ္ မလိုခ်င္ဘူး...။
`မ´
သြားပါ ....ေလေတြရယ္...ဒီ ပံုရိပ္ေတြကို ေခၚေဆာင္သြားပါ။ ေလျပင္းတစ္ခ်က္နဲ႔ ခပ္ၾကမ္းၾကမ္းျဖိဳဖ်က္ေပးလွည့္ပါ..။
ေလၾကမ္းဟာ ကိုယ့္ အလိုကို လိုက္သလိုမ်ိဳး ေ၀့ခနဲ တစ္ခ်က္ တိမ္စိုင္ေတြ ျပိဳပ်က္သြားျပန္တယ္။
သံစဥ္ေလးတစ္ခုကို တိုးဖ်ဖ် ၾကားလိုက္ရတယ္...။
ရင္းႏွီးကၽြမ္း၀င္တဲ့ သံစဥ္ဟာ ကိုယ့္ ရင္ကို ေႏြးေထြးလႊမ္းျခံဳ...ကိုယ္ ညင္ညင္သာသာေလးျပံဳးမိပါတယ္...။
တိမ္စိုင္ဟာ မပီျပင္ဘူး..၀ုိးတ၀ါးႏိုင္လွရဲ႕....ဒါေပမယ့္ ကိုယ္ ေအးခ်မ္းၾကည္လင္စြာေငးစိုက္ၾကည့္မိတယ္။
ကိုယ္ ခ်စ္တဲ့ တိမ္ျဖဴဟာ ဂီတသံစဥ္တစ္ခုကို ေအးခ်မး္စြာ ရြတ္ဆိုလို႔....။
ကမၻာေလာက....လူ႔ပတ္၀န္းက်င္ကို ျမင္တဲ့ ကိုယ့္ အျမင္ေတြဟာ တစစ ေအးခ်မ္းျငိမ္သက္လာတယ္...။ တိမ္ျဖဴေလးဟာ သူ႔ အလုပ္ သူ လုပ္ေနတာပါပဲ...။ ဒါေပမယ့္ တစ္ခ်က္ တစ္ခ်က္ ေတာ့ ကိုယ့္ဘက္ ေစာင္းငဲ့ၾကည့္လို႔...။
ကိုယ္ တစ္စံုတစ္ခုျပန္ေျပာမိသလား..ျပန္မေျပာမိဘူးလား...။ ေသခ်ာစြာ မသဲကြဲဘူး..။
ေသခ်ာလြန္းေနမွာက ကိုယ္ ေအးခ်မ္းစြာတိ္တ္ဆိတ္ေနေပးေနခဲ့မွာကိုပဲ...။
ေလေျပဟာ ခပ္သဲ့သဲ့ တိုက္ခတ္ျပန္တယ္...။
တိမ္စိုင္ေတြ ဟို သည္ ျဖည္းညင္းစြာ ေရြ႔လ်ားလို႔.....။
ဖ်တ္ခနဲ ပိတ္လိုက္မိတဲ့ မ်က္လႊာအစံုမွာ မ်က္ရည္တစ္စက္လြင့္စင္သြားတယ္...။
2.10.2013
PM:8:38",1.0,1.0,1.0,5.0,5.0,"This is a creative, reflective literary piece. It lacks educational or complex reasoning content, as it is a personal narrative. It is written in natural, authentic Burmese, capturing emotional nuances and cultural expressions of nostalgia and memory, making it highly authentic but not technical or academic."
<urn:uuid:442845fe-c432-495b-84ea-af9dd0cb223c>,"Google+Facebook
ကၽြန္ေတာ္တို႔ အခုေနာက္ပိုင္းမွာ
Google+
ကိုေတာ္ေတာ္ေလး အသံုးျပဳလာၾကတာကို
ေတြ႕ရပါတယ္။ အဲလို
Google+
ကို အသံုးျပဳၾကတဲ့ ကၽြန္ေတာ္ရဲ႕ အစ္ကို ၊ အစ္မေတြကို
Google+
မွာ
Facebook
ကိုပါအတူ တြဲသံုးခ်င္သူေတြအတြက္
Add-on
ေလးတစ္ခုကို ညႊန္ျပပါရေစ။ သံုးရ
တာ ေတာ္ေတာ္ေလး အဆင္ေျပလို႔ပါ။ သိျပီးသားသူေတြကေတာ့ ဒီပို႔စ္ေလးကို ေက်ာ္ဖတ္သြား
လိုက္ပါ။ မသိေသးသူေတြအတြက္ကိုပဲ ရည္ရြယ္ပါတယ္.....။
ပထမဆံုး
ဒီေနရာ
ေလးကိုသြားျပီး
Install
လုပ္လိုက္ပါ။ ေအာက္မွာ ပံုနဲ႔ျပထားပါတယ္။
ပံုအၾကီး ၾကည့္ခ်င္ရင္ ပံုကို ကလစ္လိုက္ပါ....။ အားလံုးေပ်ာ္ရြင္ၾကပါေစ.....ဗ်ာ။
Posted by
လုလင္ ေမာင္
Email This
BlogThis!
Share to Twitter
Share to Facebook
Share to Pinterest
No comments:
Post a Comment
Newer Post
Older Post
Home
Subscribe to:
Post Comments (Atom)
အဆင္ေျပလို႔ Comment မေပးခ်င္ေနပါ..Link ေသေနတာေတြ႔ရင္ေတာ့ Comment ေပးခဲ့ပါဗ်ာ...",1.0,0.0,1.0,1.0,2.0,"The text is a short, informal blog post about a browser add-on. It lacks educational depth, complex reasoning, or high-level professionalism. It contains significant boilerplate and navigation noise typical of old blog platforms. The language is natural and uses common Burmese informal address, reflecting local blogging culture."
<urn:uuid:1555e66d-bd0f-4695-8d70-aa3b830d397a>,"သတင်းဆောင်းပါးများ about အရှေ့အာရှ
ဗီဒီယို မှတ်တမ်းတင် စီမံကိန်းတစ်ခုသည် မလေးရှားရှိ မြန်မာ တိမ်းရှောင်ပြည်သူ အသိုင်းအဝန်း၏ ဒုက္ခအခက်အခဲများကို မီးမောင်းထိုးပြထားပါသည်။
ဧရာဝတီ၏ ဆန်းစစ်ဝေဖန်ရေးသားမှုများကြောင့် ယခင်အခါက မြန်မာ စစ်အစိုးရမှ ပိတ်ပင်ခဲ့ပြီး မည်သူမဆို မဂ္ဂဇင်းအား လက်ဝယ်ရှိပါက ဖမ်းဆီးထောင်ချ ခံရနိုင်သည်။
ဆန္ဒပြခြင်းကို ပိတ်ထားလား။ ထိုင်းက အာဏာသိမ်းတာကို ဆန္ဒပြသူတွေအတွက်တော့ ပြဿနာမရှိလှဘူး။ သူတို့တွေက Hunger Games သင်္ကေတကို အတုယူခဲ့ပြီး တချို့တွေက အများပြည်သူပိုင်နေရာတွေမှာ ""စာဖတ်ပြီး"" ဆန္ဒပြခဲ့ကြတယ်လေ.
Balik Cina is a new website which compiles some of the hilarious and notorious quotes made by Malaysian politicians.
မလေးရှားအလံကို ပြောင်းဖို့ အချိန်ရောက်ပြီလား။ နိုင်ငံရဲ့ လွတ်လပ်ရေးနေ့ကို ကျင်းပနေတဲ့အချိန်မှာ အလံပုံစံအသစ်ကို အဆိုပြုပါတယ်ဆိုပြီး အတိုက်အခံပါတီကို စွပ်စွဲထားပါတယ်။",2.0,1.0,2.0,2.0,3.0,"The text is a collection of short, disjointed snippets about East Asian political news. It lacks depth, coherence, and a unified educational focus. While it uses natural Burmese and references regional political contexts, it functions more as a summary of headlines than a structured article, resulting in low scores for reasoning and educational value."
<urn:uuid:ebf6837d-e1d3-46e2-a512-ba6fc482dbbb>,"အိမ်မွေးတိရစ္ဆာန်စောင့်ရှောက်မှုစက်ရုပ် ဒီဇိုင်းရေးဆွဲသူ၏ရည်ရွယ်ချက်မှာခွေးမွေးမြူသူတစ် ဦး ၏အိမ်ထောင်စုများတွင်ပြproblemsနာများကိုဖြေရှင်းရန်ဖြစ်သည်။ ခွေးတစ်ကောင်တိရိစ္ဆာန်များ၏စိုးရိမ်ပူပန်မှုနှင့်ဇီဝကမ္မပြproblemsနာများသည်ကြာရှည်စွာစောင့်ရှောက်သူများမရှိခြင်းမှအမြစ်တွယ်နေသည်။ ၎င်းတို့၏လူနေမှုနေရာငယ်များကြောင့်အိမ်စောင့်များသည်အိမ်မွေးတိရစ္ဆာန်များနှင့်ပတ် ၀ န်းကျင်ကိုမျှဝြေခင်းကြောင့်သန့်ရှင်းရေးပြproblemsနာများဖြစ်ပေါ်စေသည်။ နာကျင်မှုဝေဒနာများမှလှုံ့ဆော်ပေးသောဒီဇိုင်နာသည်ဂရုစိုက်သည့်စက်ရုပ်တစ်လုံးကိုတီထွင်ခဲ့သည်။ ၁။ အိမ်မွေးတိရိစ္ဆာန်များအားကစားနည်းများနှင့်ကစားခြင်းနှင့်အပြန်အလှန်ဆက်သွယ်ခြင်း၊ အနားယူပါ
စီမံကိန်းအမည် : Puro, ဒီဇိုင်နာနာမည် : TAEUK HAM, သုံးစွဲသူ၏အမည် : TAEUK HAM.
ဒီအံ့သြဖွယ်ဒီဇိုင်းသည်ဖက်ရှင်၊ အ ၀ တ်အထည်နှင့်အထည်ဒီဇိုင်းပြိုင်ဆိုင်မှုများတွင်ငွေဒီဇိုင်းဆုကိုရရှိခဲ့သည်။ အသစ်၊ ဆန်းသစ်တီထွင်မှု၊ မူရင်းနှင့်ဖန်တီးမှုဆိုင်ရာဖက်ရှင်၊ အ ၀ တ်အထည်နှင့်အထည်ဒီဇိုင်းဆိုင်ရာအလုပ်များကိုရှာဖွေတွေ့ရှိရန်အတွက်ငွေချေးဆုရှင်ဒီဇိုင်နာများဒီဇိုင်းအစုစုကိုသင်သေချာစွာတွေ့မြင်သင့်သည်။",2.0,1.0,2.0,3.0,1.0,"The text describes a design concept for a pet-care robot. It provides basic information about the problem and solution, but the writing is somewhat disjointed and includes promotional boilerplate about design awards. It lacks deep reasoning or high-level expertise, and while the Burmese is readable, it feels like a translation of a product description."
<urn:uuid:72dc54cc-2311-436f-9857-3d6c7e04d523>,"ရခုိင္ျပည္နယ္ သံတဲြၿမိဳ႕မွာ လူအေသအေပ်ာက္ေတြ ရွိခဲ့တဲ့ အထိ ျဖစ္ပြားခဲ့တဲ့ ေသြးထြက္သံယုိ ပဋိပကၡေတြနဲ႔ ပတ္သက္လုိ႔ ႏုိင္ငံတကာ အသုိင္းအ၀ုိင္းက စုိးရိမ္တဲ့အေၾကာင္း ေၾကညာခ်က္ေတြ ထုတ္ျပန္ခဲ့ၾကပါတယ္။ လူေသဆုံးမႈေတြ၊ အမ်ားအျပား ထိခုိက္ဒဏ္ရာေတြရမႈေတြနဲ႔ မူဆလင္ဗလီေတြ၊ အိမ္ေတြ မီး႐ႈိ႕ဖ်က္ဆီးခံခဲ့ရၿပီးေနာက္ ရာနဲ႔ခ်ီအုိးမဲ့အိမ္မဲ့ ျဖစ္ခဲ့ရတဲ့ သတင္းေတြနဲ႔ ပတ္သက္လုိ႔ အလြန္အမင္း စုိးရိမ္မိတဲ့အေၾကာင္း ရန္ကုန္မွာရွိတဲ့ အေမရိကန္ သံ႐ုံးကလည္း ဗုဒၶဟူးေန႔မွာပဲ ေၾကညာခ်က္ ထုတ္ျပန္ခဲ့တာပါ။
အေမရိကန္ ျပည္ေထာင္စု အေနနဲ႔ ေသြးထြက္သံယုိ အၾကမ္းဖက္မႈေတြကုိ ဆန္႔က်င္႐ႈတ္ခ်ေၾကာင္းလည္း ေဖာ္ျပထားပါတယ္။ တုိက္ခုိက္မႈေတြ ျဖစ္ပြားေန
တဲ့ အေျခအေနေတြကုိ အေမရိကန္ သံ႐ုံးက ဆက္လက္ ေစာင့္ၾကည့္
သြားမွာ ျဖစ္သလုိ၊ ေဒသခံေတြရဲ့ အသက္အုိးအိမ္ေတြကုိ အကာအကြယ္ေပးႏုိင္ဖုိ႔ အာဏာပုိင္ေတြအေနနဲ႔ ထိထိေရာက္ေရာက္၊ ျမန္ျမန္ဆန္ဆန္ ေဆာင္ရြက္ဖုိ႔လည္း တုိက္တြန္းခဲ့တာပါ။
အထူးသျဖင့္ မူဆလင္ေတြအေပၚ ပစ္မွတ္ထား တုိက္ခုိက္မႈေတြကုိ ဆန္႔က်င္ၾကဖုိ႔နဲ႔ မတူကဲြျပားတဲ့ လူမႈအသုိင္းအ၀ုိင္းၾကား ၿငိမ္းခ်မ္းစြာ အတူယွဥ္တဲြ ေနထုိင္ႏုိင္ေအာင္ ႀကိဳးစားၾကဖုိ႔လည္း ေတာင္းဆုိခဲ့ပါတယ္။ သံတဲြၿမိဳ႕မွာ ျဖစ္ပြားခဲ့တဲ့ ဆူပူအၾကမ္းဖက္မႈေတြနဲ႔ ပတ္သက္လုိ႔ အဂၤါေန႔မွာတုန္းကလည္း ကုလသမဂၢ အတြင္းေရးမႉးခ်ဳပ္ ဘန္ကီမြန္း က အလြန္အမင္း စုိးရိမ္တဲ့အေၾကာင္း ေျပာဆုိခဲ့တာပါ။
ျမန္မာအစုိးရ အေနနဲ႔ ေဘးအႏၱာရာယ္ ႀကံဳရႏုိင္သူေတြကုိ အကာအကြယ္ေပးဖုိ႔၊ အၾကမ္းဖက္မႈေတြ ပ်ံ႕ႏွံ႔တာေတြကုိ အဆုံးသတ္ေအာင္လုပ္ဖုိ႔ ျပႆနာရဲ႔ အေျခခံဇစ္ျမစ္ကုိ ရွာေဖြေျဖရွင္းဖုိ႔နဲ႔ အျပစ္ရွိသူေတြကုိ တရားဥပေဒအရ အေရးယူဖုိ႔လည္း တုိက္တြန္းသြားပါတယ္။
ျမန္မာႏုိင္ငံမွာ မၾကာေသးခင္ႏွစ္ေတြအတြင္း ေပၚေပါက္လာတဲ့ အေျပာင္းအလဲေတြအေပၚ အားရေက်နပ္မႈ ရွိေပမဲ့လည္း မတူကဲြျပားတဲ့ လူမႈအသုိင္းအ၀ုိင္းၾကားမွာ ပဋိပကၡေတြ ျဖစ္ပြားေနတာဟာ အသြင္ကူးေျပာင္းေရး အတြက္ စိမ္ေခၚမႈျဖစ္မယ္ လုိ႔လည္း ျမန္မာႏုိင္ငံျခားေရး ၀န္ႀကီး ဦး၀ဏၰေမာင္လြင္ နဲ႔ နယူးေယာက္ၿမိဳ႔မွာ အဂၤါေန႔က ေတြ႔ဆုံခ်ိန္မွာ ကုလသမဂၢ အတြင္းေရးမႉးခ်ဳပ္က သတိေပးသြားခဲ့ပါတယ္။
အေမရိကန္ ျပည္ေထာင္စု အေနနဲ႔ ေသြးထြက္သံယုိ အၾကမ္းဖက္မႈေတြကုိ ဆန္႔က်င္႐ႈတ္ခ်ေၾကာင္းလည္း ေဖာ္ျပထားပါတယ္။ တုိက္ခုိက္မႈေတြ ျဖစ္ပြားေန
တဲ့ အေျခအေနေတြကုိ အေမရိကန္ သံ႐ုံးက ဆက္လက္ ေစာင့္ၾကည့္
သြားမွာ ျဖစ္သလုိ၊ ေဒသခံေတြရဲ့ အသက္အုိးအိမ္ေတြကုိ အကာအကြယ္ေပးႏုိင္ဖုိ႔ အာဏာပုိင္ေတြအေနနဲ႔ ထိထိေရာက္ေရာက္၊ ျမန္ျမန္ဆန္ဆန္ ေဆာင္ရြက္ဖုိ႔လည္း တုိက္တြန္းခဲ့တာပါ။
အထူးသျဖင့္ မူဆလင္ေတြအေပၚ ပစ္မွတ္ထား တုိက္ခုိက္မႈေတြကုိ ဆန္႔က်င္ၾကဖုိ႔နဲ႔ မတူကဲြျပားတဲ့ လူမႈအသုိင္းအ၀ုိင္းၾကား ၿငိမ္းခ်မ္းစြာ အတူယွဥ္တဲြ ေနထုိင္ႏုိင္ေအာင္ ႀကိဳးစားၾကဖုိ႔လည္း ေတာင္းဆုိခဲ့ပါတယ္။ သံတဲြၿမိဳ႕မွာ ျဖစ္ပြားခဲ့တဲ့ ဆူပူအၾကမ္းဖက္မႈေတြနဲ႔ ပတ္သက္လုိ႔ အဂၤါေန႔မွာတုန္းကလည္း ကုလသမဂၢ အတြင္းေရးမႉးခ်ဳပ္ ဘန္ကီမြန္း က အလြန္အမင္း စုိးရိမ္တဲ့အေၾကာင္း ေျပာဆုိခဲ့တာပါ။
ျမန္မာအစုိးရ အေနနဲ႔ ေဘးအႏၱာရာယ္ ႀကံဳရႏုိင္သူေတြကုိ အကာအကြယ္ေပးဖုိ႔၊ အၾကမ္းဖက္မႈေတြ ပ်ံ႕ႏွံ႔တာေတြကုိ အဆုံးသတ္ေအာင္လုပ္ဖုိ႔ ျပႆနာရဲ႔ အေျခခံဇစ္ျမစ္ကုိ ရွာေဖြေျဖရွင္းဖုိ႔နဲ႔ အျပစ္ရွိသူေတြကုိ တရားဥပေဒအရ အေရးယူဖုိ႔လည္း တုိက္တြန္းသြားပါတယ္။
ျမန္မာႏုိင္ငံမွာ မၾကာေသးခင္ႏွစ္ေတြအတြင္း ေပၚေပါက္လာတဲ့ အေျပာင္းအလဲေတြအေပၚ အားရေက်နပ္မႈ ရွိေပမဲ့လည္း မတူကဲြျပားတဲ့ လူမႈအသုိင္းအ၀ုိင္းၾကားမွာ ပဋိပကၡေတြ ျဖစ္ပြားေနတာဟာ အသြင္ကူးေျပာင္းေရး အတြက္ စိမ္ေခၚမႈျဖစ္မယ္ လုိ႔လည္း ျမန္မာႏုိင္ငံျခားေရး ၀န္ႀကီး ဦး၀ဏၰေမာင္လြင္ နဲ႔ နယူးေယာက္ၿမိဳ႔မွာ အဂၤါေန႔က ေတြ႔ဆုံခ်ိန္မွာ ကုလသမဂၢ အတြင္းေရးမႉးခ်ဳပ္က သတိေပးသြားခဲ့ပါတယ္။",2.0,2.0,3.0,1.0,4.0,"The text provides factual reporting on political and social conflicts in Myanmar, which is educational but lacks depth. It contains significant repetition of paragraphs, which lowers the cleanliness score. The language is natural and reflects local political context and terminology, though the repetitive structure suggests a technical error in data extraction."
<urn:uuid:371a98cf-c7ad-4944-94d7-326553901a62>,"ကခ်င္ေတြက ဂ်ပန္ ႏုိင္လုိ႔ ေအာင္ပဲြခံ မေနာပဲြ (Padang Manau Poi)ကုိ မတ္လ ၂၄-၂၆၊ ၁၉၄၅ မွာ ဗန္ေမာ္ အထက္ စိန္လုံမွာ လုပ္တယ္။ ဂ်ပန္ ႏုိင္တယ္ ဆုိတာ ကခ်င္ျပည္က ေမာင္းထုတ္ တာကုိပဲ ေျပာတာ မဟုတ္၊ ထုိင္းထိ လုိက္တုိက္ၿပီး ေအာင္ပဲြခံတာကုိ ေျပာတာပါ။
ကခ်င္ေတြ တုိက္တဲ့ ဂ်ပန္ေတြ ထုိင္းအထိ ေျပးသြားၿပီးေနာက္မွ ဗမာေတြက ဖက္ဆစ္ဂ်ပန္ ေတာ္လွန္ေရး ဆုိၿပီး မတ္လ ၂၇၊ ၁၉၄၅ မွာ စတယ္။
ေနာက္ပုိင္း အဲဒီ ဖဆပလ ကပဲ ကခ်င္ေတြကုိ လိမ္ေကာက္သြားတယ္။
ဂ်ပန္စစ္ ေတာက္ေလွ်ာက္ ၁၉၄၃-၁၉၄၅ သုံးႏွစ္တာကာလ လုံး ကခ်င္က ဂ်ပန္ကုိ တုိက္ေနတဲ့အခ်ိန္ ေဒါက္တာ ဘေမာ္ အစုိးရ ဆုိၿပီး ေအာက္ ဗမာျပည္မွာ ဂ်ပန္အစုိးရနဲ႔ ေပါင္းၿပီး တုိင္းရင္းသား ဂ်ပန္ ေတာ္လွန္ေရး သမားမ်ားကုိ ႏွိပ္ကြပ္ ေနခဲ့တယ္။
ေနာက္ပုိင္း ဂ်ပန္ ရႈံးခါနီးမွ ဖက္ဆစ္ဂ်ပန္ေတာ္လွန္ေရး ဆုိၿပီး နာမည္ ၀င္ယူတယ္။ ျမန္မာ့ သမုိင္းမွာ အဲဒါပဲ သင္တယ္။
ကခ်င္နဲ႔ ဗမာ လက္နက္ကုိင္ အဖဲြ႕ေတြ ထိပ္တုိက္ ေတြ႔ေနခဲ့တာ ဂ်ပန္စစ္က စလာတာပါ။
ေနာက္ပုိင္း ကခ်င္လက္နက္ကုိင္ ေတြက ျပည္ေထာင္စု အစုိးရထဲမွာ ေနတဲ့ အခ်ိန္ေတာ့ ဗမာျပည္ကြန္ျမဴနစ္ ဆုိတဲ့ ဗမာအုပ္စုနဲ႔ ျပန္တုိက္ခဲ့ရတယ္။ ကြန္ျမဴနစ္က်ေတာ့ ကခ်င္ေတြက ေတာ္လွန္ေရး သမား ျပန္ျဖစ္သြားၿပီ။
Copy from - kachinduwa",2.0,2.0,2.0,3.0,4.0,"The text provides a historical perspective on Kachin-Burmese relations during WWII. It offers a specific, non-mainstream narrative, showing basic reasoning regarding historical causality. It is written in natural, informal Burmese, though it contains some formatting artifacts and lacks the depth of a formal academic source."
<urn:uuid:01fae7c4-7f76-4507-ae5f-e981f76c5b39>,"လက္ရွိက်င္းပေနတဲ့ ျပည္ေထာင္စုၿငိမ္းခ်မ္းေရးညီလာခံ ၂၁ ရာစု ပင္လုံဒုတိယအႀကိမ္ အစည္းအေဝးကုိ တစ္ရက္ထပ္တုိးက်င္းပမယ္လုိ႔ ျပည္ေထာင္စုၿငိမ္းခ်မ္းေရးေဆြးေႏြးမႈ ပူးတြဲေကာ္မတီ UPDJC အတြင္းေရးမွဴး အဖြဲ႔ဝင္ ဦးလွေမာင္ေရႊက ေျပာပါတယ္။
ပင္လုံညီလာခံကုိ ေနျပည္ေတာ္မွာ ေမလ ၂၄ ရက္ကေန ၂၈ ရက္အထိ ၅ ရက္တာက်င္းပမယ္လို႔ မူလက စီစဥ္ထားတာလည္းျဖစ္ေပမယ့္ ညွိႏႈိင္းစရာအခ်က္တစ္ခ်က္ ရွိေနေသးလို႔ တစ္ရက္ထပ္တုိးတာလို႔ ဦးလွေမာင္ေရႊက ေျပာပါတယ္။
အဲဒီညွိႏႈိင္းစရာအခ်က္က ဘယ္အခ်က္ျဖစ္တယ္၊ ဘယ္က႑ျဖစ္တယ္ဆုိတဲ့ အခ်က္ကုိေတာ့ ေျပာၾကားဖုိ႔ ဦးလွေမာင္ေရႊက ျငင္းဆန္ပါတယ္။
က်င္းပဆဲ ပင္လုံညီလာခံမွာ ႏုိင္ငံေရး၊ စီးပြားေရး၊ လူမႈေရး၊ ေျမယာနဲ႔ သဘာဝပတ္ဝန္းက်င္၊ လုံၿခဳံေရးက႑ ငါးရပ္ကုိ အစုအဖြဲ႔အလိုက္ ေဆြးေႏြးေနၾကတာျဖစ္ပါတယ္။",2.0,1.0,2.0,5.0,5.0,"The text is a factual news report about the 21st Century Panglong Conference. It is written in natural, authentic Burmese with correct terminology and honorifics. It provides basic information about current events, though it lacks deep reasoning or complex educational content, and is clean of boilerplate or ads."
<urn:uuid:0363eb56-8012-4070-be24-9b0786e3f312>,"ရီးရဲလ်မက်ဒရစ်အသင်းရဲ့ အသင်းခေါင်းဆောင် ဝါရင့်နောက်ခံကစားသမားကြီး ဆာဂျီယိုရာမို့စ်ကတော့ လက်ရှိအချိန် ဘောလုံးလောကမှာ အထွန်းတောက်ကစားသမားတွေဖြစ်တဲ့ ဒေါ့မွန်တိုက်စစ်မှူး အာလင်းဟာလန်းနဲ့ ပီအက်စ်ဂျီတိုက်စစ်မှူး ကီလီယန်အမ်ဘာပေတို့နှစ်ယောက်ထဲကမှ သူရဲ့ရီးရဲလ်အသင်းအတွက်ဆိုရင် ဟာလန်းလို ကစားသမားကို ပိုလိုအပ်သလို လက်ရှိအခြေအနေအရဆိုရင်လည်း ဘာပေထက် ဟာလန်းကို ခေါ်ယူဖို့က ပိုလွယ်ကူနိုင်တယ်လို့ သုံးသပ်ပြောဆိုသွားခဲ့ပါတယ်။
Photo Credit : Goal
ဟာလန်းနဲ့ဘာပေတို့နှစ်ယောက်လုံးဟာ သူတို့ရဲ့ သက်ဆိုင်ရာကလပ်အသင်းတွေမှာ အထူးခြေစွမ်းပြသနေတဲ့ အထူးချွန်ဆုံး လူငယ်တိုက်စစ်ကစားသမားတွေဖြစ်သလို ဥရောပရဲ့အင်အားကြီးကလပ်အသင်းဖြစ်တဲ့ ရီးရဲလ်မက်ဒရစ်အသင်းရဲ့ ပစ်မှတ်ထားခြင်းခံနေရတဲ့ ကစားသမားတွေလည်းဖြစ်ပါတယ်။ လက်ရှိ ရီးရဲလ်အသင်းရဲ့ တိုက်စစ်ကစားသမား ကာရန်ဘန်ဇီမာက အသက်အရွှယ်အရ အကျဘက်ကို တဖြည်းဖြည်း ရောက်ရှိနေပြီဖြစ်တာကြောင့် ဒီကစားသမားကြီးရဲ့နေရာမှာ ပြန်လည်အစားထိုးဖို့အတွက် ဟာလန်းနဲ့ ဘာပေတို့ကို ပစ်မှတ်ထားနေရတာဖြစ်သလို လာမယ့်နွေစျေးကွက်မှာပဲ ကမ်းလှမ်းမှုတွေ စတင်လုပ်ဆောင်ဖွယ် ရှိနေပါတယ်။
Photo Credit : AS English
ဒီတိုက်စစ်မှူးနှစ်ယောက်နဲ့ပတ်သက်ပြီး ရီးရဲလ်အသင်းခေါင်းဆောင် ရာမို့စ်က “ကျွန်တော်သာ နည်းပြတစ်ယောက် ဖြစ်နေမယ်ဆိုရင် ဟာလန်းနဲ့ ဘာပေ ဘယ်သူဦးစားပေးခေါ်မလဲဆိုတော့ ကျွန်တော် ဒီနှစ်ယောက်လုံးရဲ့ ကစားပုံကို သဘောကျတာ။ ဒါပေမယ့် ကစားသမားခေါ်ယူတယ်ဆိုတာက နည်းပြတစ်ယောက်တည်းနဲ့ မပြီးဘူးလေ။ ဒါပေမယ့် လက်ရှိအခြေအနေတွေ အနေအထားတွေအရဆိုရင်တော့ ဟာလန်းကို ခေါ်ယူဖို့က ပိုပြီးလွယ်ကူနိုင်လိမ့်မယ်လို့ ကျွန်တော်ထင်မိပါတယ်။ ဘာပေကိုကြတော့ ရော်နယ်ဒို မက်ဆီတို့နေရာမှာ အစားဝင်လာနိုင်မယ့်သူလို့ မြင်နေကြတော့ သူ့ကို ခေါ်ယူဖို့ဆိုရင် အခြေအနေတွေက ပိုခက်ခဲရှုပ်ထွေးနိုင်ပါတယ်။ ရီးရဲလ်အတွက် ဟာလန်းလို အထောင်တိုက်စစ်မှူးတစ်ယောက်ကို ခေါ်ယူဖြစ်ခဲ့မယ်ဆိုရင် ဒီအပြောင်းအရွှေ့က ဘယ်တော့မှ ဆိုးရွှားတဲ့ကိစ္စ ဖြစ်လာမှာမဟုတ်ပါဘူး။ ဟာလန်းမှာက လျင်မြန်မှု ဂိုးဆာလောင်မှု မြင့်မားတဲ့အရပ်အမောင်းတွေ ရှိတယ်။ ဘာပေမှာလည်း ရှိပါတယ်။ ဒါပေမယ့် လတ်တလော အနေအထားတွေအရတော့ ဟာလန်းကို ခေါ်ယူဖို့ကပဲ ပိုဖြစ်နိုင်ခြေများပါတယ်” လို့ သုံးသပ်ပြောဆိုလိုက်ပါတယ်။
The post ဘာပေထက် ဟာလန်းကို ခေါ်ယူခြင်းက ပိုမိုလွယ်ကူနိုင်တယ်လို့ သုံးသပ်ပြောဆိုလိုက်တဲ့ ရာမို့စ် appeared first on MySport Myanmar.",1.0,2.0,2.0,4.0,3.0,"The text is a sports news article discussing football transfer analysis. It provides basic reasoning regarding player suitability and market feasibility. It is written in natural, fluent Burmese, typical of local sports journalism, though it contains some boilerplate text from the website."
<urn:uuid:3ce0860e-99fe-4281-aec7-65c5fc4a1882>,"ျပည္သူ႔လႊတ္ေတာ္ ဒုတိယဥကၠ႒ ဦးထြန္းထြန္းဟိန္ ျမန္မာႏိုင္ငံဆိုင္ရာ တ႐ုတ္ျပည္သူ႔ သမၼတႏိုင္ငံ သံအမတ္ႀကီး H.E.Mr. Hong Liang အား လက္ခံေတြ႕ဆုံ
ျပည္သူ႔လႊတ္ေတာ္ ဒုတိယ ဥကၠ႒ ဦးထြန္းထြန္းဟိန္သည္ ျမန္မာႏိုင္ငံဆိုင္ရာ တ႐ုတ္ျပည္သူ႔ သမၼတႏိုင္ငံ သံအမတ္ႀကီး H.E.Mr. Hong Liang အား ယေန႔ မြန္းလြဲ ၂ နာရီခြဲတြင္ ေနျပည္ေတာ္ရွိ လႊတ္ေတာ္ အေဆာက္အအုံ၊ ျပည္သူ႔လႊတ္ေတာ္ ဒုတိယဥကၠ႒ ႐ုံးခန္း၌ လက္ခံေတြ႔ဆုံသည္။
ထိုသို႔ေတြ႔ဆုံစဥ္ တ႐ုတ္-ျမန္မာ ႏွစ္ႏိုင္ငံ အစိုးရအခ်င္းခ်င္း၊ ျပည္သူအခ်င္းခ်င္း၊ လႊတ္ေတာ္မ်ား အခ်င္းခ်င္း ခ်စ္ၾကည္ရင္းႏွီးမႈ တိုးျမႇင့္ေရးႏွင့္ စီးပြားေရးပူးေပါင္း ေဆာင္႐ြက္မႈဆိုင္ရာ ကိစၥရပ္မ်ားႏွင့္ စပ္လ်ဥ္း၍ ရင္းႏွီးပြင့္လင္းစြာ အျမင္ခ်င္းဖလွယ္ ေဆြးေႏြးၾကသည္။
အဆိုပါေတြ႔ဆုံပြဲသို႔ ျပည္သူ႔လႊတ္ေတာ္ ဒုတိယဥကၠ႒ႏွင့္အတူ ျပည္သူ႔လႊတ္ေတာ္၊ ႏိုင္ငံတကာ ဆက္ဆံေရး ေကာ္မတီ ဥကၠ႒ ဦးေဇာ္သိန္း၊ အတြင္းေရးမႉး ဦးဘိုဘိုဦးႏွင့္ ျပည္သူ႔လႊတ္ေတာ္႐ုံးမွ တာဝန္ရွိသူမ်ား တက္ေရာက္ခဲ့ၾကသည္။
၂၀၁၈ ခုႏွစ္၊ ၾသဂုတ္လ ၂၈ ရက္",1.0,1.0,2.0,5.0,4.0,"The text is a standard, clean, and professional news report regarding a diplomatic meeting. It provides factual information about government activities, using appropriate Burmese political terminology and honorifics. While it lacks deep reasoning or complex educational content, it is a well-structured, authentic example of formal Burmese journalistic writing."
<urn:uuid:8501fffa-d101-417a-a5bc-80c97898da91>,"တခါတုန္းက မ်က္မၿမင္ ေကာင္မေလးတစ္ေယာက္ရွိတယ္ ။ သူ႔စိတ္ထဲမွာ အရာအားလံုးကို အထင္ေသးမႈေတြ မလိုမုန္း တီးမႈေတြ စက္ဆုပ္မႈေတြနဲ႔ ၿပည့္ေနေလ့ရွိတယ္ ။ သူမမွာ သူငယ္ခ်င္း မ်ားမ်ားစားစားမရွိဘူး ။ သူ႔ကို တၿခား သူေတြမခ်စ္ႏိုင္တဲ့အခ်စ္မ်ိဳးနဲ႔ နက္ရွိဳင္းစြာခ်စ္တဲ့ ေကာင္ေလးတစ္ေယာက္ ပဲ ရွိတယ္ ။ မ်က္မ ၿမင္ေကာင္ မေလးက ေကာင္ေလးကို အၿမဲေၿပာေလ့ရွိတဲ့စကားတစ္ခြန္းရွိတယ္ ။
“ ငါ့မ်က္လံုးေတြ ၿပန္ၿမင္ရတဲ့တစ္ေန႔ နင့္ကိုလက္ထပ္မယ္ ” တဲ့ ။ ဒီလိုနဲ႔ တစ္ရက္မွာ သူ႔အတြက္ မ်က္လံုး တစ္စံုလွဴမယ့္ လူတစ္ေယာက္ေပၚလာခဲ့တယ္ ။ ေနာက္ဆံုးမွာ သူမမ်က္လံုးေတြၿပန္ၿမင္ၿပီး သူ႔ေကာင္ေလး ကို လည္း ၿမင္ခြင့္ရခဲ့တယ္ ။ အဲဒီအခ်ိန္မွာ သူမ အလြန္အံ့အားသင့္သြားခဲ့တယ္ ။ ဘာေၾကာင့္လည္းဆုိေတာ့ သူမ ေကာင္ေလးကလည္း သူမလိုပဲ မ်က္မၿမင္တစ္ေယာက္ၿဖစ္ေနလို႔ပါပဲ ။
ေကာင္ေလးကေမးတယ္ ။ “ နင္အခု ငါ့ကိုၿမင္ရၿပီမဟုတ္လား ငါတို႔လက္ထပ္ၾကမလားဟင္ ”
ဒီေတာ့ေကာင္မေလးကၿပန္ေၿပာတယ္ ။ “ အို.. ဘယ္လိုၿဖစ္ႏိုင္မွာပလဲ ငါတို႔ဘယ္ေတာ့မွ ေပ်ာ္ရမွာမဟုတ္ဘူး အခု ငါ့မ်က္ လံုးေတြၿပန္ၿမင္ေနရၿပီေလ ဒါေပမယ့္ နင္ကေတာ့ အခုထိ ကန္းေနတုန္းပဲ ဒါေၾကာင့္ စိတ္ မေကာင္း ပါဘူး ငါတို႔ မၿဖစ္ႏုိင္ဘူး ” တဲ့ ။
ေကာင္ေလးရဲ႕ မ်က္၀န္းထဲမွာ မ်က္ရည္တစ္ေပါက္ စီးက်လာတယ္ ။ ၿပီးေတာ့ ေကာင္ေလး က ေကာင္ မေလးကိုၿပံဳးၿပၿပီး “ ငါနားလည္ပါတယ္ ငါက နင့္ကိုေပ်ာ္ ရႊင္ေစခ်င္ခဲ့ယံုသက္သက္ပါ ေက်းဇူးၿပဳၿပီး နင့္ကိုယ္ နင္ ဂရု စိုက္ပါ ၿပီးေတာ့ငါ့မ်က္လံုးေတြကိုလည္းဂရုစိုက္ေပးပါ ”
ၿပီးေတာ့ေကာင္ေလး က ေကာင္မေလးေရွ႕ကေန လွည့္ထြက္သြားခဲ့တယ္ ။
###############################################
တကယ္ေတာ့အခ်စ္ဆိုတာ အၿမင္သ႑ာန္ေပၚမူတည္ၿပီးေၿပာင္းလဲတတ္တာမ်ိဳးမဟုတ္ပါဘူး ။ ၿမင္ေန ရ သည္ ၿဖစ္ေစ မၿမင္ရသည္ၿဖစ္ေစ ရင္ခုန္သံခ်င္းနားလည္ေနဖို႔သာလိုတာပါ ။ ေကာင္မေလးဟာ ရဲ႕အခ်စ္ဟာ အၿမင္ သ႑ာန္ေပၚမူတည္ၿပီးေၿပာင္းလဲသြားခဲ့တယ္ ။ ေလာကၾကီးမွာ အခ်စ္ဆိုတာဟာလည္း အဲဒီလို အသြင္ သ႑ာန္ နဲ႔ အေၿခအေန ၊ အခ်ိန္အခါေပၚမူတည္ၿပီးေၿပာင္းလဲတတ္ပါသလား လို႔ ေကာင္ေလး စိတ္ထဲ ေတြးေန မိမွာပါပဲ ။
သက္တန္႔ခ်ိဳ (Feb-3-2012)
စာဖတ္ပရိတ္သတ္သူငယ္ခ်င္းမ်ားကို အစဥ္ေလးစားေသာအားၿဖင့္.......................
“ ငါ့မ်က္လံုးေတြ ၿပန္ၿမင္ရတဲ့တစ္ေန႔ နင့္ကိုလက္ထပ္မယ္ ” တဲ့ ။ ဒီလိုနဲ႔ တစ္ရက္မွာ သူ႔အတြက္ မ်က္လံုး တစ္စံုလွဴမယ့္ လူတစ္ေယာက္ေပၚလာခဲ့တယ္ ။ ေနာက္ဆံုးမွာ သူမမ်က္လံုးေတြၿပန္ၿမင္ၿပီး သူ႔ေကာင္ေလး ကို လည္း ၿမင္ခြင့္ရခဲ့တယ္ ။ အဲဒီအခ်ိန္မွာ သူမ အလြန္အံ့အားသင့္သြားခဲ့တယ္ ။ ဘာေၾကာင့္လည္းဆုိေတာ့ သူမ ေကာင္ေလးကလည္း သူမလိုပဲ မ်က္မၿမင္တစ္ေယာက္ၿဖစ္ေနလို႔ပါပဲ ။
ေကာင္ေလးကေမးတယ္ ။ “ နင္အခု ငါ့ကိုၿမင္ရၿပီမဟုတ္လား ငါတို႔လက္ထပ္ၾကမလားဟင္ ”
ဒီေတာ့ေကာင္မေလးကၿပန္ေၿပာတယ္ ။ “ အို.. ဘယ္လိုၿဖစ္ႏိုင္မွာပလဲ ငါတို႔ဘယ္ေတာ့မွ ေပ်ာ္ရမွာမဟုတ္ဘူး အခု ငါ့မ်က္ လံုးေတြၿပန္ၿမင္ေနရၿပီေလ ဒါေပမယ့္ နင္ကေတာ့ အခုထိ ကန္းေနတုန္းပဲ ဒါေၾကာင့္ စိတ္ မေကာင္း ပါဘူး ငါတို႔ မၿဖစ္ႏုိင္ဘူး ” တဲ့ ။
ေကာင္ေလးရဲ႕ မ်က္၀န္းထဲမွာ မ်က္ရည္တစ္ေပါက္ စီးက်လာတယ္ ။ ၿပီးေတာ့ ေကာင္ေလး က ေကာင္ မေလးကိုၿပံဳးၿပၿပီး “ ငါနားလည္ပါတယ္ ငါက နင့္ကိုေပ်ာ္ ရႊင္ေစခ်င္ခဲ့ယံုသက္သက္ပါ ေက်းဇူးၿပဳၿပီး နင့္ကိုယ္ နင္ ဂရု စိုက္ပါ ၿပီးေတာ့ငါ့မ်က္လံုးေတြကိုလည္းဂရုစိုက္ေပးပါ ”
ၿပီးေတာ့ေကာင္ေလး က ေကာင္မေလးေရွ႕ကေန လွည့္ထြက္သြားခဲ့တယ္ ။
###############################################
တကယ္ေတာ့အခ်စ္ဆိုတာ အၿမင္သ႑ာန္ေပၚမူတည္ၿပီးေၿပာင္းလဲတတ္တာမ်ိဳးမဟုတ္ပါဘူး ။ ၿမင္ေန ရ သည္ ၿဖစ္ေစ မၿမင္ရသည္ၿဖစ္ေစ ရင္ခုန္သံခ်င္းနားလည္ေနဖို႔သာလိုတာပါ ။ ေကာင္မေလးဟာ ရဲ႕အခ်စ္ဟာ အၿမင္ သ႑ာန္ေပၚမူတည္ၿပီးေၿပာင္းလဲသြားခဲ့တယ္ ။ ေလာကၾကီးမွာ အခ်စ္ဆိုတာဟာလည္း အဲဒီလို အသြင္ သ႑ာန္ နဲ႔ အေၿခအေန ၊ အခ်ိန္အခါေပၚမူတည္ၿပီးေၿပာင္းလဲတတ္ပါသလား လို႔ ေကာင္ေလး စိတ္ထဲ ေတြးေန မိမွာပါပဲ ။
သက္တန္႔ခ်ိဳ (Feb-3-2012)
စာဖတ္ပရိတ္သတ္သူငယ္ခ်င္းမ်ားကို အစဥ္ေလးစားေသာအားၿဖင့္.......................",2.0,2.0,1.0,1.0,3.0,"The text is a moralistic short story suitable for general reading. It contains basic reasoning regarding human relationships. It is written in natural Burmese, though it suffers from significant repetition of the entire text, which lowers the cleanliness score. It requires no specialized expertise to comprehend."
<urn:uuid:2403dd1a-b524-4a08-891e-6c16e614efb6>,"ေရႊေအာင္
DVB - 20 June 2014
ဒီကိစၥနဲ႔ပတ္သက္ၿပီး သမၼတေျပာခြင့္ရ ဦးရဲထြဋ္က အေရးယူထားတာ မွန္ကန္ေၾကာင္း ေျပာပါတယ္။
“သူ႔ကို ေလာေလာဆယ္ ေငြေၾကးဆိုင္ရာ အမႈတခုနဲ႔ ဖြင့္ထားတယ္လို႔ သိပါတယ္။ အဲဒါေတြက ဦးဆန္းဆင့္ကို တာ၀န္မွ ရပ္စဲရတဲ့အေၾကာင္းအရင္း အမ်ားႀကီးထဲက တခုေပါ့။ က်န္တာ အေသးစိတ္ကေတာ့ ျပည္ထဲေရး ၀န္ႀကီးဌာနက စံုစမ္းစစ္ေဆး မႈေတြ လုပ္ေနတုန္းပါပဲ။ ပုဒ္မေတာ့ က်ေနာ္မသိဘူး၊ မေန႔က စၿပီးေတာ့ အမႈတခုနဲ႔ ပတ္သက္လို႔ လုပ္ထံုးလုပ္နည္းအရ တရားရုံးမွာ လုပ္တယ္လို႔ သိပါတယ္။ ဒါေပမယ့္ ဆက္ၿပီး စံုစမ္း စစ္ေဆးေနတာေတြလည္း ရွိပါတယ္။”
ရန္ကုန္က တရားရံုးခ်ဳပ္ေရွေန ဦးကိုနီက ဦးဆန္းဆင့္ကို လတ္တေလာ စြဲဆိုထားတဲ့ ပုဒ္မဟာ ျပစ္ဒဏ္ျပင္းတယ္လို႔ ရွင္းျပပါတယ္။
“ဥပေဒအတိုင္း ေျပာရရင္ ၄၀၉ ဆိုတာ ယံုၾကည္အပ္ႏွံေရးကို ေဖာက္ဖ်က္တာေပါ့။ ျပည္သူ႔၀န္ထမ္းက က်ဴးလြန္ရင္ ၄၀၉ ေပါ့ဗ်ာ။ ရုိးရိုးအရပ္သားေတြ က်ဴးလြန္ရင္ ၄၀၆ ေပါ့၊ အိမ္ေစ အိမ္ေဖာ္ အေစခံနဲ႔ ပုဂၢလိ ရုံး၀န္ထမ္းဆိုရင္ ၄၀၈ ေပါ့။ ဒါေတြ အားလံုးက ယံုၾကည္ အပ္ႏွံေရးကို ေဖာက္ဖ်က္တဲ့အတြက္ေပါ့။ ဒါက အစိုးရ ေငြေၾကးကို အလဲြသံုးစားလုပ္တယ္ဆိုတဲ့ အခ်က္နဲ႔ စဲြတာေပါ့။ ပုဒ္မ ၄၀၉ ျပစ္ဒဏ္က ေထာင္ဒဏ္ ၁၀ ႏွစ္အထိ ခ်မွတ္လို႔ရတယ္။”
၀ါရင့္သတင္းစာဆရာႀကီး ဦးဖိုးေသာၾကာကေတာ့ ဗန္းစကားနဲ႔ ေျပာရင္ ထိုးေကြ်းလိုက္တာလို႔ သံုးသပ္ ေျပာပါတယ္။
“သူတို႔ တိုင္ခ်က္အတိုင္းေျပာတာေနာ္။ အစိုးရ ေမာ္ေတာ္ယာဥ္မ်ားနဲ႔ အစိုးရ ဆီမ်ားကို အလဲြသံုးစား ျပဳတယ္ဆိုရင္ တေယာက္မွ မလြတ္ဘူး။ သူတို႔စဲြခ်က္ထဲက အတိုင္းဆိုရင္ ရုံးက ေပးထားတဲ့ ကားကို မိန္းမကို ေစ်းသြားတဲ့အခါ အဲဒီကားနဲ႔သြားရင္ အဲဒါ အလဲြသံုးစားမႈေပါ့။ ဒါႀကီးက သိသာလြန္းအားႀကီးတယ္။ တိုင္ပင္ကိုက္ၿပီးေတာ့ လုပ္တယ္လို႔ ထင္မွတ္ဖြယ္ရာ ရွိတာေပါ့။ ဗန္းစကားနဲ႔ ေျပာရင္ ထိုးေကၽြးလိုက္တာေပါ့။”
သီေပါၿမိဳ႕နယ္ျပည္သူ႔လႊတ္ေတာ္ကိုယ္စားလွယ္ ဦးရဲထြန္းကေတာ့ အစိုးရက ျပဳျပင္ေျပာင္းလဲေရးသမားေတြကို ႏွစ္ႏွစ္ကာကာ မရွိဘူးလို႔ ေကာက္ခ်က္ဆြဲ ေျပာပါတယ္။
“ဦးလြန္းေမာင္ကို ျဖဳတ္လိုက္တဲ့ ကိစၥတို႔၊ အခု ဦးဆန္းဆင့္ ကလည္း ဧရာ၀တီတိုင္းမွာ ဧရာ၀တီတိုင္း၀န္ႀကီးခ်ဳပ္ကို ဧရာ၀တီတိုင္းလႊတ္ေတာ္ အေနနဲ႔ Check and balance လုပ္မယ္ ဆိုတဲ့ ကိစၥေတြနဲ႔ ပတ္သက္ၿပီးေတာ့ ဒီလူေတြက တကယ့္ျပဳျပင္ေျပာင္းလဲေရးကို လုပ္ခ်င္တဲ့ လူေတြလို႔ ျပည္သူလူထုအျမင္မွာေတာ့ ခံစားရတာေပါ့။ အဲဒီေတာ့ သမၼတက ဒီလူေတြကို ေဆာ္တဲ့အခါက်ေတာ့ ေနာက္ ျဖဳတ္လိုက္တဲ့ အမႈကိစၥေတြကလည္း တျခားကိစၥနဲ႔ ယွဥ္လိုက္လို႔ ရွိရင္ သိပ္ႀကီးတာ မဟုတ္ဘူးလို႔ ယူဆၾကတဲ့ ႏိုင္ငံေရးအသိုင္းအ၀ိုင္းမွာ၊ မီဒီယာ အသိုင္းအ၀ိုင္းမွာေတာ့ ဦးသိန္းစိန္ရဲ႕ အစိုးရအဖဲြ႔ဟာ ျပဳျပင္ေျပာင္းလဲေရး လိုလားတဲ့သူေတြကို သိပ္ႏွစ္ႏွစ္ကာကာ မရွိဘူးဆိုတဲ့ ေကာက္ခ်က္မ်ဳိးေပၚလာတာေပါ့ေလ။”
ညီေနာင္တိုင္းရင္းသားပါတီမ်ား ဖက္ဒေရး႐ွင္းရဲ႕ ေျပာေရးဆိုခြင့္ရိွသူ ဦးေစာသန္းျမင့္က ေတာ့ အစိုးရရဲ႕ အခု လုပ္ရပ္ကို ႀကိဳဆိုလိုက္ပါတယ္။
“အလားတူပဲ အျခား ဌာနဆိုင္ရာ ၀န္ႀကီး၊ ဒု၀န္ႀကီးမ်ားကိုလည္း ေသေသခ်ာခ်ာ စစ္ေဆးဖို႔ သင့္ေနၿပီ။ တကယ္တမ္း ျပည္သူေတြဆီက ေကာက္ခံရရွိထားတဲ့ အခြန္ေငြနဲ႔လုပ္တဲ့ ဘတ္ဂ်က္ကို အမွန္တကယ္ သံုးသင့္ မသံုးသင့္ ကို လႊတ္ေတာ္မွာပဲ ေျပာမယ့္အစား တကယ္တမ္း စစ္ေဆးတဲ့အဖဲြ႔ေတြက အမွန္တကယ္ စိစစ္ၿပီးေတာ့ အမွန္တကယ္ လုပ္ေဆာင္ေနတဲ့ ပုဂၢိဳလ္ေတြကိုေတာ့ ခ်ီးက်ဴးဂုဏ္ျပဳထိုက္တယ္။ ဒီလိုပဲ အလဲြသံုးစား လုပ္တဲ့ ပုဂၢိဳလ္ေတြကေတာ့ သူ႔ရဲ႕ ျပစ္ဒဏ္အလုိက္ တရားဥပေဒအတိုင္း လုပ္သင့္တယ္လို႔ ထင္တယ္။ က်ေနာ္တို႔ကေတာ့ လိႈက္လိႈက္လဲွလွဲ ႀကိဳဆိုပါတယ္။ ဒီျဖစ္စဥ္မ်ဳိးျဖစ္တဲ့ မည္သူ႔ကို မဆို ဘယ္ေလာက္ပဲ ရာထူး ႀကီးသည္ျဖစ္ေစ၊ ငယ္သည္ျဖစ္ေစ ဥပေဒအတိုင္း လုပ္သင့္တယ္လို႔ က်ေနာ္တို႔ ယူဆတယ္။ ဒီအေပၚမွာလည္း လက္ရွိအစိုးရကို ႀကိဳဆိုပါတယ္။”
ဦးဆန္းဆင့္ကုိ တာ၀န္က ရပ္စဲၿပီး အခုလို အေရးယူလုိက္တာဟာ ဦးသိန္းစိန္အစိုးရေျပာေနတဲ့ သန္႔ရွင္းတဲ့အစုိးရျဖစ္ဖို႔ ေျခလွမ္းလားလုိ႔ ၁၉၉၀ ပုလဲၿမိဳ႕နယ္ အမတ္ေဟာင္း ေဒါက္တာ တင့္ေဆြကုိ ေမးျမန္းရာမွာ ေျပာရမွာ အေတာ္ခက္တယ္လို႔ ဆုိပါတယ္။
“အခုအစုိးနဲ႔ စစ္အစုိးရလက္ထက္မွာ အဲဒီလုိ တာ၀န္ရွိတဲ့သူေတြကုိ အေရးယူမႈလုပ္တဲ့ အေပၚမွာ မွတ္ခ်က္ေပးရတာ ေတာ္ေတာ္ေလးခက္တယ္။ ဘာေၾကာင့္လဲဆုိေတာ့ ပုံမွန္ၾကည့္ရင္ေတာ့ ဒါ အျပစ္ရွိတဲ့သူကုိ အေရးယူတာကေတာ့ ေကာင္းတယ္၊ သင့္တယ္၊ ဒါကုိ ႀကိဳဆုိရတေပါ့။ သုိ႔ေသာ္လည္း တခါတေလမွာ အျပစ္ရွိတယ္လုိ႔ ေျပာတဲ့သူက တကယ္မရွိဘူးဆုိတာ ဥပမာ ႏုိင္ငံေရးအက်ဥ္းသားေတြလုိမ်ဳိးေပါ့။ ေနာက္တခါ အစုိးရပုိင္းက ၾကည့္ရင္ အေရးယူခံရတဲ့သူက အေရးယူခံရေလာက္ေအာင္ ဆုိးတာရွိသလုိ၊ အဲထက္ ဆုိးတ့ဲသူေတြကုိ အေရးမယူတာေတြလည္း ရွိေတာ့ ေကာင္းမြန္တဲ့အစုိးရ၊ သန္႔ရွင္းတဲ့အစုိးရျဖစ္ေအာင္ လုပ္ဖုိ႔ ေျပာတာနဲ႔ေတာ့ တုိက္ရုိက္ဆုိင္မလား၊ မဆုိင္ဘူးလား ေျပာရမွာ ေတာ္ေတာ္ခက္တယ္လို႔ ေျပာရမယ္။”
ဦးသိန္းစိန္အစိုးရလက္ထက္မွာ ျပည္ေထာင္စု၀န္ႀကီးတဦးကို တာ၀န္က ရပ္စဲၿပီး အမႈဖြင့္ စစ္ေဆး အေရးယူတာ ဒါ ပထမဆံုး ျဖစ္ပါတယ္။",3.0,3.0,3.0,5.0,5.0,"The text is a journalistic report on a political event in Myanmar. It provides educational value regarding legal and political processes, demonstrates moderate reasoning through multiple expert perspectives, requires a basic understanding of political context, is clean and well-formatted, and uses authentic, natural Burmese language and cultural references."
<urn:uuid:8b6935b2-6bc2-442c-ab3f-c34d572c6d04>,"မြန်မာသံတော်ဆင့် အပတ်စဉ်ထုတ်ဂျာနယ်ရဲ့ ငွေကြေး လည်ပတ်မှုကို အထူးသတင်းတပ်ဖွဲ့က ဒီနေ့ ခေါ်ယူ စစ်ဆေးခဲ့ပါတယ်။
မြန်မာသံတော်ဆင့် အယ်ဒီတာချုပ်က မရမ်းကုန်းမြို့ နယ် အောင်သပြေ ရဲရိပ်သာ အထူးသတင်းတပ်ဖွဲ့ဆီမှာ သွားရောက်စစ်ဆေးခံခဲ့ကြောင်း အယ်ဒီတာချုပ်နဲ့အတူ လိုက်ပါသွားတဲ့ တာဝန်ခံအယ်ဒီတာ ကိုအောင်ကိုကို က ပြောပါတယ်။
""အရင်တုန်းက ဂျာနယ်တွေအကုန်လုံး ခေါ်မေးတဲ့ပုံစံမျိုးပါပဲ၊ ဟိုတုန်းကတော့ ဒုတိယ အယ်ဒီတာချုပ်ရယ် ကျနော်ရယ်ပဲ သွားဖြေတယ်၊ အခုကတော့ သီးသန့်အယ်ဒီတာချုပ်ကို တွေ့ချင်လို့ ဒါနဲ့ဖိတ်လို့ ကျနော်တို့ သွားတာ အယ်ဒီတာချုပ်တစ်ယောက်တည်းကိုပဲ သီးသန့်ခေါ်ပြီးတော့မေးမြန်းတာ ဒါဘယ်နှစ်ရက်မှာ စထုတ်တယ်၊ စောင်ရေဘယ်လောက်ကစတယ်၊ ဘယ်သူ့အထောက်အပံ့နဲ့လဲ ဒါတွေပါပဲ၊ ကျနော်တို့ဆီ ကလည်း ရှင်းပါတယ်၊ ကျနော်တို့ ဘယ်သူ့အထောက်အပံ့မှ ယူပြီးလုပ်တဲ့ ဂျာနယ်မဟုတ်တော့လေ""
ပြီးခဲ့တဲ့ ဇွန်လ ၂၂ရက်နေ့က ပထမအကြိမ်အဖြစ် ကျောက်တံတားမြို့နယ် အထူးသတင်းတပ်ဖွဲ့က ခေါ်ယူ စစ်ဆေးခဲ့ပါတယ်။ အဲဒီတုန်းက မြန်မာသံတော်ဆင့်အပြင် The Voice Weekly၊ ပေါ်ပြူလာ၊ မြန်မာပိုစ့် စတဲ့ ဂျာနယ်တွေကိုပါ အထူးသတင်းတပ်ဖွဲ့က ခေါ်ယူစစ်ဆေးခဲ့တာဖြစ်ပါတယ်။",1.0,1.0,2.0,5.0,5.0,"The text is a straightforward news report about a journal being questioned by authorities. It is clean, well-formatted, and uses natural, authentic Burmese journalistic language, including specific local references and honorifics. It lacks complex reasoning or high-level educational content, serving primarily as a factual report."
<urn:uuid:be68cc4e-a8b3-4023-ae12-b250b85a4a8f>,"အာဖဂန္နစၥတန္ႏိုင္ငံ ေတာင္ပိုင္း အူ႐ူဇန္ခ႐ိုင္က ရဲစခန္းတခုမွာ မေန႔က ေပါက္ကြဲမႈတခု ျဖစ္ပြားခဲ့ပါတယ္။ ဒီေပါက္ကြဲမႈအတြက္ ၈ ႏွစ္အရြယ္ မိန္းကေလးတဦးကုိ သူပုန္ေတြက ေဖာက္ခြဲေရး ပစၥည္းေတြပါတဲ့ အိတ္တလံုးေပးၿပီး ရဲစခန္းကို သြားပို႔ခိုင္းခဲ့တာလို႔ အာဖဂန္နစၥတန္ ျပည္ထဲေရး ၀န္ႀကီးဌာနက ဒီကေန႔ ေျပာပါတယ္။ ေပါက္ကြဲမႈေၾကာင့္ ေဖာက္ခြဲေရး ပစၥည္းအိတ္ကို သယ္လာတဲ့ မိန္းကေလး ေသဆံုးခဲ့ပါတယ္။
အာဖဂန္နစၥတန္ႏိုင္ငံ အေရွ႕ပိုင္းက ေဆး႐ံုတခုမွာ ႀကီးမားတဲ့ ဗံုးေဖာက္ခြဲမႈတခု မေန႔က ျဖစ္ပြားခဲ့ၿပီး ေသဆံုးသူဟာ ၃၈ ဦးအထိ ရွိလာေနၿပီလို႔ အာဖဂန္ အရာရွိေတြက ေျပာပါတယ္။
လူ ၅၀ ထက္မနည္း ဒဏ္ရာရခဲ့တယ္လို႔ ဒီကေန႔ပဲ အတည္ျပဳခ်က္ ေပးပါတယ္။ ေသဆံုးခဲ့သူ အမ်ားစုက အမ်ဳိးသမီးနဲ႔ ကေလးငယ္ေတြ ျဖစ္တယ္လို႔ ဆိုပါတယ္။
ၿမိဳ႕ေတာ္ ကာဘူးလ္နဲ႔ ၂၅ မိုင္ေလာက္ေ၀းတဲ့ လိုဂါခ႐ိုင္မွာ အဲဒီေပါက္ကြဲမႈ ျဖစ္ခဲ့တာပါ။ ဒီေနရာဟာ ပါကစၥတန္ နယ္စပ္နဲ႔လည္း နီးပါတယ္။
ေပါက္ကြဲမႈက အင္အားျပင္းထန္လို႔ ေဆး႐ံု အေဆာက္အဦးလည္း ပ်က္စီးခဲ့ရၿပီး လူေတာ္ေတာ္မ်ားမ်ား အပ်က္အစီးေတြ ေအာက္မွာ ပိတ္မိေနခဲ့တယ္လို႔ ဆိုပါတယ္။
တာလီဘန္ေတြကေတာ့ ဒီတိုက္ခိုက္မႈဟာ သူတို႔လုပ္တာ မဟုတ္ဘူးလို႔ ေျပာပါတယ္။ သူတို႔ရဲ႕ တိုက္ခိုက္ေရးသမားေတြက ေဆး႐ံုကို ပစ္မွတ္မထားဘူးလို႔ ဆိုပါတယ္။
ဒါေပမဲ့လည္း အခုေပါက္ကြဲမႈ ျဖစ္ပြားတဲ့ အေရွ႕ပိုင္းခ႐ိုင္က တာလီဘန္ေတြ လႈပ္ရွားတဲ့ ေဒသပါ။ ဒီေဒသမွာပဲ ႏိုင္ငံစံု မဟာမိတ္တပ္ဖြဲ႕ေတြနဲ႔ အာဖဂန္အစိုးရ တပ္ေတြကို တာလီဘန္ေတြဘက္က အေသခံ ဗံုးခြဲတိုက္ခိုက္မႈေတြ လုပ္ခဲ့ၾကတာပါ။",2.0,2.0,2.0,5.0,1.0,"The text is a standard news report about conflict in Afghanistan. It provides factual reporting (educational/reasoning) but lacks deep analysis. It is written in natural, standard Burmese, though it covers international events rather than local Burmese cultural topics, resulting in a lower cultural nuance score."
<urn:uuid:7cc99156-b07f-499c-b344-d223571eadcc>,"“ သူတို႕က လူထု ေခါင္းေဆာင္ေတြပါ။ အမ်ားအက်ိဳးအတြက္ လုပ္ေနၾကတဲ့သူေတြပါ။ အင္မတန္မွ ျမိဳ႕ကို ခ်စ္ၾကတဲ့သူေတြပါ။ ဆႏၵျပပြဲကို စည္းကမ္း စနစ္တက် ျဖစ္ေစဖို႕ စီစဥ္ ေဆာင္ရြက္ခဲ့ၾကတဲ့ သူေတြပါ။ ေငြဒဏ္ေလာက္နဲ႕ ေက်ေအးသင့္ပါတယ္။ အခုေတာ့ သူတို႕ကို ေထာင္ (၃) လစီ ခ်မွတ္ လိုက္ေတာ့ ကၽြန္ေတာ္တို႕ အပါအ၀င္ ေက်ာက္ေတာ္ တစ္ျမိဳ႕လံုးက မေက်မနပ္ ျဖစ္သြားပါတယ္” ဟု ေက်ာက္ေတာ္ ျမိဳ႕နယ္ ျပည္နယ္ လႊတ္ေတာ္ ကိုယ္စားလွယ္ ဦးေစာျငိမ္းက ေျပာသည္။
သူတို႕ အမူအား ေက်ာက္ေတာ္ျမိဳ႕နယ္ တရားရံုးတြင္ ေလးၾကိမ္ ေလးခါ စစ္ေဆးခဲ့ျပီး အမူအား စစ္ေဆးစဥ္ ျမိဳ႕မိျမိဳ႕ဖမ်ားက လိုျပ သက္ေသ အျဖစ္ တက္ေရာက္ခဲ့ျပီး သူတို႕ ၄ ဦးမွာ ေခါင္းေဆာင္မ်ား မဟုတ္ၾကဘဲ ျမိဳ႕မိ ျမိဳ႕ဖမ်ားသာ ေခါင္းေဆာင္မ်ား ျဖစ္ၾကသည္ဟု ထြက္ဆိုခဲ့ေသာ္လည္း ထြက္ဆိုခ်က္မ်ားကို ပယ္ခ်ကာ တရားရံုးက သူတို႕ ၄ ဦးအား ေထာင္ဒဏ္ (၃) လစီ အျပစ္ေပးခဲ့သည္ဟု ဆိုသည္။
ေထာင္ဒဏ္ ၃ လစီ ခ်မွတ္ခံရသူမ်ားမွာ လူထု ေခါင္းေဆာင္ ေဒၚလွေမ၊ ေဒၚတင္တင္ေအး၊ ဦးေမာင္၀င္းႏွင့္ ဦးသိန္း လွဳိင္တို႕ ျဖစ္ၾကသည္။ ဆႏၵေဖၚထုတ္သည္မွာ ျပည္သူ လူထု ရပိုင္ခြင့္ျဖစ္ျပီး ဆႏၵေဖၚထုတ္သူမ်ားကို ေထာင္ခ်သည္မွာ လံုး၀ မျဖစ္သင့္ေၾကာင္း ဦးေစာျငိမ္းက ဆိုသည္။
“ ဆႏၵထုတ္ေဖၚတာဟာ ျပည္သူ လူထုရဲ႕ ရပိုင္ခြင့္ပါဘဲ။ ခုလို ဆႏၵေဖၚထုတ္တဲ့ သူေတြကို ေထာင္ခ်တာကေတာ့ လံုး၀ မသင့္ေတာ္ဘူးလို႕ ယူဆပါတယ္။ က်ေနာ္တို႕အေနနဲ႕ ေရွ႕ေနေတြနဲ႕ တိုင္ပင္ျပီး အယူခံ ၀င္သြားပါမယ္” ဟု ၎က ေျပာသည္။
ယခုႏွစ္မတ္လ ၇ ရက္ေန႕က ရခိုင္ျပည္နယ္ အႏွံ႕အျပားတြင္ အိုးအိမ္မဲ့ ျဖစ္သြားေသာ ဘဂၤလီ လူမ်ိဳးမ်ားအား ၁၉၈၂ ခုႏွစ္ ႏိုင္ငံသား အက္ဥပေဒအရ စိစစ္ျပီး လံုးခ်င္းအိမ္ယာမ်ား ေဆာက္ေပးရန္ ခြင့္ျပဳခ်က္မရဘဲ ေတာင္းဆို ဆႏၵျပပြဲမ်ား ေပၚေပါက္ခဲ့ရာ ေက်ာက္ေတာ္ျမိဳ႕တြင္လည္း လူေပါင္း ၃၀၀၀ ခန္႕က ပိုစတာမ်ား၊ ဆိုင္းဘုတ္မ်ားကိုယ္စီကိုင္ျပီး လမ္းေပၚထြက္ခ်ီတက္ ဆႏၵျပခဲ့ၾကသည္။
ထိုအထဲမွ သူတို႕ ၄ ဦးအား ခြင့္ျပဳခ်က္မရဘဲ ဆႏၵျပသည္ဟု ဆိုကာ ေက်ာက္ေတာ္ျမိဳ႕မ ရဲစခန္းမွ တရားလိုလုပ္ကာ တရားစြဲဆိုခဲ့ျပီး ေက်ာက္ေတာ္ျမိဳ႕နယ္ တရားရံုးက စက္တဘၤာလ၄ ရက္ေန႕က ေထာင္ (၃) လ စီ ခ်မွတ္ခဲ့ျခင္း ျဖစ္သည္။
ေထာင္ခ်ခံရသူ ၄ ဦးအား ေက်ာက္ေတာ္ျမိဳ႕မွ စစ္ေတြသို႕ ခ်က္ခ်င္း ယူေဆာင္လာျပီး စစ္ေတြေထာင္ကို ပို႕လိုက္ေၾကာင္း ရခိုင္ အမ်ိဳးသမီး ကြန္ယက္မွ ေခါင္းေဆာင္တဦး ျဖစ္သူ ေဒၚည္ိုေအး က နိရဥၥရာသို႕ ေျပာသည္။
“ မေန႕က ေက်ာက္ေတာ္ျမိဳ႕မွာ သူတို႕ကို တရားရံုးက စီတန္းလွည့္လည္ခြင့္ဆိုင္ရာ ပုဒ္မ ၁၈ နဲ႕ ေထာင္ဒဏ္ ၃ လ စီ အမိန္႕ခ်ပါတယ္။ သူ တို႕ကို ေက်ာက္ေတာ္က ကားနဲ႕ေခၚယူလာျပီးေတာ့ စစ္ေတြျမိဳ႕ကို ည ၈ နာရီမွာ ၀င္ပါတယ္။ အမွတ္ ၁ ရဲစခန္း မွာ တည ခ်ဳပ္ျပီး ေတာ့ ဒီေန႕ စက္တဘၤာ ၅ ရက္ေန႕ မနက္ ေစာေစာက စစ္ေတြေထာင္ကို ပို႕လိုက္ပါ တယ္” ဟု ဆိုသည္။
စစ္ေတြမွ ေဒၚညိဳေအးႏွင့္ ဦးေက်ာ္ေဇာဦးတို႕ကိုလည္း စစ္ေတြတြင္ ခြင့္ျပဳခ်က္မရဘဲ ဆႏၵေဖၚထုတ္မူျဖင့္ တရားစြဲဆိုထားျပီး အမူကို ရင္ဆိုင္ေနၾကရသည္ဟု သိရသည္။
သူတို႕အား စက္တဘၤာလ ၅ ရက္ေန႕က ရံုးခ်ိန္း ရွိခဲ့ေသာ္လည္း တရားသူၾကီး အနားယူထားသျဖင့္ ေနာက္တရားသူၾကီးသစ္ တစ္ဦးက စက္တဘၤာလ ၁၇ ရက္ေန႕ကို ရံုးျပန္ခ်ိန္းလိုက္ သည္ဟု ေဒၚညိဳေအးက ေျပာသည္။
၎အျပင္ ေတာင္ကုတ္မွ ဦးစိုး၀င္းအမႈကို က်န္းမာေရးအရ ခြင့္တင္လိုက္ျပီး မေဒးကၽြန္း ဆႏၵျပ ေခါင္းေဆာင္မ်ား၏ အမႈကို ယခုလ ၁၂ ရက္ေန႕တြင္ ဆံုးျဖတ္မည္ဟု သိရွိရသည္။
(သတင္းအရင္းအျမစ္- နိရဥၥရာသတင္းဌာန)",2.0,2.0,2.0,5.0,5.0,"The text is a journalistic report on a local legal issue in Rakhine State. It provides factual reporting on protests and court proceedings, which is informative but lacks deep educational or complex analytical reasoning. It is written in natural, authentic Burmese, reflecting local political and social contexts accurately."
<urn:uuid:57fe266a-35a9-4737-a9e3-186025392a08>,"ျမန္မာႏုိင္ငံအတြင္း လူသားခ်င္းစာနာေထာက္ထားမႈ အကူအညီေပးေရး လုပ္ငန္းေတြ လုပ္ကိုင္ရာမွာ ကူညီေရး လုပ္ငန္းမွာ ပါဝင္ပတ္သက္သူေတြနဲ႔ သက္ဆုိင္ရာ အဏာပိုင္ေတြ အၾကား စိတ္ခ်ယုံၾကည္ရတဲ့ ဆက္ဆံေရးေတြ လုိအပ္တဲ့အေၾကာင္း ျမန္မာႏုိင္ငံကို ငါးရက္ၾကာ သြားေရာက္တဲ့ အျပည္ျပည္ဆိုင္ရာ ၾကက္ေျခနီေကာ္မတီ ဥကၠ႒ Peter Maurer က ေျပာဆုိပါတယ္။ ငါးရက္ၾကာ ျမန္မာႏုိင္ငံခရီးစဥ္အၿပီး ဒီကေန႔ ေနျပည္ေတာ္မွာ ၿပီးခဲ့တဲ့ နာရီပိုင္းက သတင္းစာရွင္းလင္းပြဲ က်င္းပပါတယ္။ ကိုသိန္းထိုက္ဦး ေကာက္ႏုတ္တင္ျပထားပါတယ္။
ရခုိင္ျပည္နယ္အတြင္း အေျခအေနဟာ လူသားခ်င္းစာနာမႈ အေရးေပၚအကူညီေတြေပး႐ုံနဲ႔ မလုံေလာက္ဘဲ လူေတြ ေရရွည္ ရပ္တည္ႏုိင္တဲ့ ဝန္းက်င္နဲ႔ အေနအထား၊ အကာကြယ္ေပးႏုိင္တဲ့ လူမႈအသိုင္းအဝိုင္း လိုအပ္ တယ္ ဆုိတာကို သတင္းစာရွင္းလင္းပြဲမွာ ICRC ဥကၠ႒ Peter Maurer က အဓိက ေျပာသြားတာပါ။ ဒီလို အေျခအေနေတြကို ဖန္တီးရာမွာ ႏုိင္ငံေတာ္အစိုးရ တာဝန္ရွိသူေတြက ကူညီဖို႔ လိုတယ္လုိ႔ဆုိပါတယ္။
""ေရွ႕လာမယ့္ သီတင္းပတ္ေတြ၊ လေတြအတြင္း လူေတြရဲ႕ အသက္ေမြးဝမ္းေၾကာင္း အတြက္၊ စီးပြားေရး အခြင့္ အလမ္းေတြ ဖန္တီးၿပီး ကိုယ့္ေျခေထာက္ေပၚ ကိုယ္ရပ္တည္ ႏိုင္ေအာင္ အကူအညီေတြ တုိးၿပီး ေပးႏုိင္ေအာင္ က်ေနာ္တုိ႔ ေဆာင္ရြက္သြားမွာပါ။ က်န္းမာေရး စနစ္၊ ေသာက္ေရစနစ္၊ ဒါေတြကို ေဒသပိုင္ အာဏာပိုင္ေတြနဲ႔ လက္တြဲၿပီး အရင္နဲ႔မတူေအာင္ လူမႈအသိုင္းအဝိုင္းေတြကို ပ့ံပိုးသြားဖို႔လည္း က်ေနာ္တို႔ စီစဥ္ထားပါ တယ္။ က်ေနာ္ဒီေနရာမွာ ေလးေလးနက္နက္ေထာက္ျပခ်င္တာက အေရးေပၚ အကူအညီ တခုတည္းနဲ႔ မလုံေလာက္ ပါဘူး။ သူတုိ႔ ဆႏၵနဲ႔အညီ ျပန္လာၿပီး ေနထိုင္သူေတြကို ေရရွည္ မွာ ပိုၿပီး ကိုယ့္ေျခေထာက္ေပၚ ကိုယ္ရပ္ႏုိင္တဲ့ အေျခအေနေတြကို ဖန္တီးေပးႏုိင္ ၿပီး ပိုမိုေကာင္းမြန္တဲ့ အနာဂတ္ကို ႐ႈျမင္ႏုိင္မယ့္ အေနအထားေတြ ရရွိဖို႔ ျဖစ္ပါတယ္။""
ICRC ဥကၠ႒ဟာ ဒီကေန႔ ေနျပည္ေတာ္မွာ ျမန္မာအစိုးရသမၼတ ဦးဝင္းျမင့္၊ ႏုိင္ငံေတာ္ အတုိင္ပင္ခံပုဂၢိဳလ္ ေဒၚေအာင္ဆန္းစုၾကည္၊ တပ္မေတာ္ကာကြယ္ေရး ဦးစီးခ်ဳပ္ ဗိုလ္ခ်ဳပ္ မွဴးႀကီးမင္းေအာင္လိႈင္တို႔နဲ႔လည္း သီးျခားစီ ေတြ႔ဆုံခဲ့ပါတယ္။ ေတြ႔ဆုံစဥ္ ေျပာဆုိခဲ့ တာေတြနဲ႔ ပတ္သက္လို႔လည္း -
""ICRC ရဲ႕ လုပ္ငန္းေတြကို အစိုးရ အာဏာပိုင္ေတြက ကူညီပ့ံပိုးေပးဖို႔ ကိစၥကို က်ေနာ္ က်ယ္က်ယ္ျပန္႔ျပန္႔ ေျပာခဲ့ပါတယ္။ ရဲတပ္ဖြဲ႔၊ စစ္တပ္စတဲ့ လက္နက္ကိုင္တပ္ဖဲြဲ႔ေတြနဲ႔ ထိေတြ႔ဆက္ဆံဖို႔ လိုအပ္ၿပီး အရပ္သား ေတြကို ကာကြယ္ေပးေရးကိစၥေတြမွာ ပူးေပါင္း ေဆာင္ရြက္ဖို႔နဲ႔ ICRC ရဲ႕ လုပ္ငန္းေတြကို အလယ္အလတ္ ကာလနဲ႔ ေရရွည္အတြက္ ၿပီးျပည့္စုံတဲ့ ေမွ်ာ္မွန္းခ်က္ေတြ ျပည့္မီေအာင္ အေကာင္အထည္ ေဖၚႏုိင္ေရး မွာ ပူးေပါင္းဖို႔ လိုအပ္တယ္ဆိုတာပါ။""
ျမန္မာႏိုင္ငံအတြင္း ICRC ရဲ႕လုပ္ငန္းေတြကိုေဆာင္ရြက္ရာမွာ ျမန္မာႏိုင္ငံ ၾကက္ေျခနီ အသင္းရဲ႕ လက္တြဲဘက္ အျဖစ္ ပူးေပါင္းေဆာင္ရြက္မႈေတြအေပၚ ေက်းဇူးတင္တဲ့ အေၾကာင္း နဲ႔ ကမာၻတဝွမ္းက ၾကက္ေျခနီအသင္းေတြရဲ႕ ေထာက္ခံအားေပးမႈေတြ ရခဲ့ တာကို ေက်းဇူးတင္ေၾကာင္း သူက ေျပာခဲ့ပါတယ္။ ICRC ရဲ႕ လုပ္ငန္းေဆာင္တာ ေတြနဲ႔ ပတ္သက္လို႔လည္း သူက -
""ICRC ဟာ ဘက္မလိုက္တဲ့ ၾကားေနအဖြဲ႔အစည္းတခုျဖစ္ပါတယ္။ ဆုိလုိတာက လူသား ခ်င္း စာနာမႈ အကူအညီ ေတြ ေပးအပ္တယ္ဆုိတဲ့ေနရာမွာ လိုအပ္တဲ့ လူေတြရဲ႕လက္ထဲ ကို ေရာက္ေအာင္ေပးပို႔တဲ့ အဖြဲ႔အစည္း ျဖစ္ပါ တယ္။ ႏုိင္ငံေရး၊ ဘာသာေရး၊ လူမ်ဳိးစု တုိင္းရင္းသား၊ ဘယ္အဖြဲ႔အစည္းနဲ႔မွ ပတ္သက္မႈ မရွိပါဘူး။ ဒါကို က်ေနာ္တုိ႔ ဆက္ၿပီး ထိန္းသိမ္းရပါလိမ့္မယ္။ ဒီအေပၚမွာ ႏုိင္ငံေတာ္အတုိင္ပင္ခံ ပုဂၢိဳလ္၊ သမၼတနဲ႔ ကာကြယ္ ေရး ဦးစီးခ်ဳပ္တို႔ကလည္း အသိအမွတ္ျပဳထားတဲ့အတိုင္း က်ေနာ္တုိ႔ ဆက္ၿပီး ပ့ံပိုး ေဆာင္ရြက္ရပါလိမ့္မယ္။ ဒီေန႔ က်ေနာ္ ေတြ႔ဆုံတဲ့အခ်ိန္ ေခါင္းေဆာင္သုံးဦးစလုံးက က်ေနာ္တုိ႔ရဲ႕ စိုးရိမ္မႈေတြနဲ႔ပတ္သက္လို႔ ပြင့္ပြင့္လင္းလင္း ေျပာဆုိချ့သလို၊ ပ့ံပိုးဖို႔ အဆင္သင့္ျဖစ္တယ္ဆုိတာ ျပသတဲ့တခ်ိန္တည္းမွာ က်ေနာ္တုိ႔ လုပ္ကိုင္ခဲ့တာေတြ အေပၚ ေက်းဇူးတင္္ နားလည္လက္ခံတာကိုလည္း ေျပာဆုိခဲ့ၾကပါတယ္။""
ICRC ဥကၠ႒ Peter Maurer ဟာ ဒီကေန႔ ရခုိင္အရပ္ဖက္အဖြဲ႔အစည္းေတြနဲ႔ ေတြ႔ဆုံၿပီ ေဒသခံေတြရဲ႕ သေဘာထား အျမင္ေတြကို နားေထာင္ရင္း အျပန္အလွန္ ေဆြးေႏြးခဲ့ ပါတယ္။
ICRC ဥကၠ႒ Peter Maure ဟာ ျမန္မာႏုိင္ငံ ခရီးစဥ္အၿပီး ဘဂၤလားေဒ့ရွ္ႏိုင္ငံကို သြားေရာက္မွာျဖစ္ပါတယ္။",3.0,3.0,3.0,5.0,4.0,"The text is a well-structured news report about ICRC activities in Myanmar. It provides clear, coherent information suitable for educational awareness of humanitarian work. It demonstrates logical reporting of official statements and meetings. The language is natural, professional Burmese, reflecting local political and social contexts accurately without being overly technical or academic."
<urn:uuid:a7d9b660-ef60-4cff-9dac-5da56c9525ef>,"အင်္ဂလိပ်စာကို အသက်ငယ်ငယ်လေးကတည်းကနေစပြီး တစိုက်မတ်မတ် သင်ယူသွားချင်တယ်ဆိုတဲ့ အသက် (၅) နှစ်နဲ့အထက် ကလေးအတွက် ILBC ကနေ 2023-2024 Technology Based Learning: TBL – EPC (Batch 1) ကို 11th June 2023 ကနေစပြီး ဖွင့်လှစ်ပေးသွားမှာ ဖြစ်ပါတယ်။
ကလေးအတွက်သင့်လျော်တဲ့ အတန်းကနေစပြီး
တက်ရောက်ရမှာဖြစ်တဲ့အပြင် Listening, Speaking,
Reading, Writing စတဲ့ English 4 Skills ကို အသေးစိတ်
သင်ယူရမှာဖြစ်လို့ အခြေခံကောင်းကောင်း ရရှိသွားပါလိမ့်မယ်။
English လိုပြောမယ်ဆိုရင် တစ်ဖက်လူပြောတဲ့စကားကို
လွယ်လွယ်ကူကူ မှန်မှန်ကန်ကန်နားလည်ပြီး
– Listening ကောင်းချင်တဲ့ကလေးတွေ
– Speaking ပြောတဲ့အခါ လေယူလေသိမ်းမှန်မှန်၊ Pronunciation ကောင်းကောင်း၊ Grammar မှန်မှန်နဲ့ ပြောတတ်ချင်တဲ့ ကလေးတွေ
– Reading ပိုင်းမှာလည်း အဖြတ်အတောက်မှန်မှန်၊ အဓိပ္ပာယ်ကို ထိထိမိမိသိအောင် ဖတ်တတ်ချင်တဲ့ကလေးတွေ
– Writing ပိုင်းမှာလည်း သူ့နေရာနဲ့သူ နည်းစနစ်ကျကျ ရေးတတ်ချင်တဲ့ ကလေးတွေအားလုံး ILBC ရဲ့ အင်္ဂလိပ်စာသင်တန်း 2023-2024 ILBC TBL-EPC (Batch 1) မှာ တက်ရောက်ဖို့ ဖိတ်ခေါ်လိုက်ပါတယ်။
Saturday & Sunday ပိတ်ရက် (၂) ရက်မှာ တက်ရောက်နိုင်မှာဖြစ်လို့ ကျောင်းချိန်နဲ့လည်းလွတ်တဲ့အတွက် အဆင်ပြေပြေတက်ရောက်နိုင်ပါတယ်။
ILBC Thuwana Campus မှာ On Campus လာတက်လို့ရသလို၊ Online ကနေတစ်ဆင့် သင်ယူနိုင်ဖို့လည်း စီစဥ်ပေးထားပါတယ်။
သင်တန်းတက်ရောက်နိုင်မယ့်ပုံစံလေးနဲ့ အသေးစိတ်ကို ဖတ်ရှုပေးပါဦးနော်။
~~~~~~~~~~~~~~~~~~~~~~~~~~~~~~~~~
2023-2024 TBL-EPC (Batch 1) အတန်းတွေကို ဘယ်နေ့စဖွင့်မှာလဲ။
11th June 2023 (Sunday) မှာ စတင်ဖွင့်လှစ်မှာဖြစ်ပါတယ်။
အသက် ဘယ်လောက်ကနေစတင်လက်ခံပေးသလဲ။
အသက် (၅) နှစ်အရွယ်ကနေစပြီး မြန်မာတစ်နိုင်ငံလုံးမှာရှိတဲ့ ကျောင်းသူ/ သားတိုင်း တက်ရောက်နိုင်ပါတယ်။
သင်ကြားမှုပုံစံ ဘယ်နှမျိုးရှိလဲ။
လူကိုယ်တိုင်လာရောက်ပြီး On Campus တက်ရောက်နိုင်တဲ့အပြင် “Microsoft Education” ကိုအသုံးပြုပြီး Technology Based Learning နဲ့ Online ကနေတစ်ဆင့် သင်ယူနိုင်ပါတယ်။
Technology Based Learning – TBL နဲ့သင်ကြားတဲ့အခါ ဘာ Device တွေကို အသုံးပြုနိုင်မလဲ။
Mobile (Android or iOS) ၊ Tablet ၊ PC or Laptop ၊ MacBook တစ်ခုခုကို အသုံးပြုနိုင်ပါတယ်။
နည်းပညာပိုင်းဆိုင်ရာ အသေးစိတ်အချက်အလက်တွေကို အောက်ပါ link ထဲမှာ ဝင်ရောက်ကြည့်ရှုနိုင်ပါတယ်။
Placement Test ရှိပါသလား။
ILBC TBL-EPC ကျောင်းသားအဟောင်းတွေအနေနဲ့ Placement Test ဖြေဆိုဖို့မလိုအပ်ပါဘူး။ ကျောင်းသားအသစ်တွေအတွက်တော့ နောက်ဆုံးတက်ရောက်ခဲ့တဲ့ အတန်းစဥ်အပေါ်အခြေခံပြီး အသင့်လျော်ဆုံးဖြစ်မယ့် Level မှာ သင်ယူရပါမယ်။
သင်တန်းချိန်တွေကရော ဘယ်လိုရှိမလဲ။
အပတ်စဥ် စနေနေ့ နှင့် တနင်္ဂနွေနေ့၊ မနက် (၈း၀၀)နာရီ မှ နေ့လယ် (၁၂း၀၀)နာရီအထိ သင်ယူရမှာဖြစ်ပါတယ်။
သင်တန်းကာလ ဘယ်လောက်ကြာမလဲ။
10th June 2023 ကနေစပြီး အောက်တိုဘာလလယ်အထိ ဖြစ်ပါတယ်။
သင်တန်းကြေး ဘယ်လောက်လဲ။
ကျောင်းဝင်ကြေး Registration Fees: 50,000 kyatsကို
တစ်ကြိမ်သာ ပေးသွင်းရမှာဖြစ်ပြီး သင်တန်း Level တစ်ခု အစအဆုံးအတွက် သင်တန်းကြေးကတော့ အောက်ပါအတိုင်းဖြစ်ပါတယ်။
On Campus Learning: 450,000 kyats
Online Learning: 350,000 kyats
သင်တန်းကြေးကို တစ်ကြိမ်ထဲအပြီးအစီးပေးသွင်းပေးရမှာဖြစ်ပါတယ်။
သင်တန်းကြေး ဘယ်လိုပေးသွင်းနိုင်မလဲ။
သင်တန်းကြေးပေးသွင်းပုံပေးသွင်းနည်းကို အောက်ပါ Link ထဲမှာ ဝင်ရောက်ကြည့်ရှုနိုင်ပါတယ်။
2023-2024 ILBC TBL-EPC (Batch 1) သင်တန်းကာလ ပြီးဆုံးတဲ့အခါ ကလေးတစ်ယောက်ချင်းစီအတွက် သင်တန်းပြီးဆုံးခြင်း လက်မှတ် (Certificate)
ချီးမြှင့်ပေးသွားမှာဖြစ်ပါတယ်။ သင်တန်းအောင်မြင်ပြီးတဲ့ ကျောင်းသားတွေကတော့ နောက် Level တစ်ခုကို ဆက်လက်တက်ရောက်နိုင်မှာဖြစ်ပါတယ်။
ဒီတော့ 2023-2024 ILBC TBL-EPC (Batch 1)
အင်္ဂလိပ်စာသင်တန်းကို တက်ရောက်ချင်တဲ့ ကျောင်းသူ/ သား ကလေးငယ်တွေအနေနဲ့
အောက်က Link လေးကနေတစ်ဆင့် ဖောင်ဖြည့်ပြီး သင်တန်းအပ်နှံနိုင်ပါတယ်။
Registration Link: https://bit.ly/23_EPC_B1_NewStds
2023 Summer TBL-EPC အတန်းကို တက်ရောက်ထားတဲ့ ကျောင်းသူ/ သားလေးတွေကတော့ ဒီ Link လေးကနေတစ်ဆင့် ဖောင်ဖြည့်ပေးပါနော်။
Registration Link: https://bit.ly/23_EPC_B1_ExistingStds
(၁) ကြိမ်ပဲ ဖောင်ဖြည့်ပေးရုံပါပဲနော်။
Registration Form တွင်ဖြည့်ထားသော Email ထဲကို Confirmation Mail ဝင်လာတဲ့အခါ စာရင်းပေးသွင်းမှု အောင်မြင်ကြောင်းသိနိုင်ပါတယ်။
အသေးစိတ်ကို ဆက်သွယ်မေးမြန်းချင်ရင်တော့ 09400777780, 09400777790 ကိုဆက်သွယ်မေးမြန်းနိုင်ပါတယ်။
#ILBC #TBL_EPC_Batch1
#2023_2024_academic_year",2.0,1.0,2.0,4.0,4.0,"The document is a promotional advertisement for an English language course. While it provides information about educational services, it lacks academic content or structured learning materials. It is written in natural, professional Burmese, suitable for parents, and is free from significant formatting errors or noise, though it is clearly marketing material."
<urn:uuid:bb1aa6de-3331-4205-b6a7-ac99baf3afce>,"ျမန္မာ့႐ုပ္ရွင္ အကယ္ဒမီေပးပြဲႀကီးက တျဖည္းျဖည္း နီးကပ္လာၿပီ ျဖစ္ ပါတယ္။ ပရိသတ္ေတြကလည္း အကယ္ဒမီေပးပြဲ နီးလာတာနဲ႔အမွ် အကယ္ဒမီ အေၾကာင္းေတြကို စိတ္ဝင္စားေနၾကတာ ေတြ႕ရပါတယ္။ ဗန္းကိုင္ ပ်ဳိေမတို႔ အတြက္ ေမာ္ဒယ္ မိခင္ႀကီး တင္မိုးလြင္ နဲ႔ေတြ႕ဆံုခိုက္ သူတို႔အတြက္ စကားေလး တစ္ခြန္းေလာက္ ေျပာေပးပါလားလို႔ ေျပာေတာ့..
""အကယ္ဒမီ ဗန္းကိုင္ဆိုတာ ျမန္မာႏုိင္ငံ တစ္ႏုိင္ငံမွာပဲရွိတာပါ။ သီးသန္႔ ရွိတာပါ။ ဒီအခြင့္အေရး ရဖို႔ ဆုိတာလည္း မလြယ္ဘူး။ ေရြးခ်ယ္ ခဲ့တဲ့ သူေတြကလည္း တကယ္ စိစစ္ၿပီး တကယ္ေတာ္တဲ့ လူကို ေရြးခ်ယ္ ခဲ့ၾက တာပါ။ ေရြးခ်ယ္ခံရတဲ့ သမီးလွပ်ဳိျဖဴေတြလည္း ဂုဏ္ရွိတာေပါ့။ ဂုဏ္ယူ ၾကပါ။ ဒီအကယ္ဒမီ ဗန္းကိုင္မွာ ေရြးခ်ယ္ခံရတဲ့ လွပ်ဳိျဖဴေလးေတြ အားလံုး ႀကဳိးစားၾကပါ""လုိ႔ ေျပာျပပါတယ္။ မမိုး အေနနဲ႔ေကာ ဒီလို အေရြးခ်ယ္ခံရတဲ့ လွပ်ဳိျဖဴ တစ္ေယာက္ဟာ အႏုပညာ တက္လမ္းမွာ အကယ္ဒမီ ဗန္းကုိင္ ဆိုတဲ့ဂုဏ္က ဘယ္ေလာက္ထိ သက္ေရာက္မႈရွိမယ္လုိ႔ ထင္မိပါသလဲ လို႔ ေမးၾကည့္ေတာ့ ""ရွိတာေပါ့။ သက္ေရာက္မႈ အမ်ားႀကီးကို ရွိတယ္။ ဒီဗန္းကိုင္ ကေနတစ္ဆင့္
အႏုပညာေလာကမွာ ေအာင္ျမင္ လာတဲ့လူ လည္းရွိတယ္။ တခ်ဳိ႕က်ေတာ့လည္း အေၾကာင္း အမ်ဳိးမ်ဳိးေၾကာင့္ ျဖစ္မလာ တာလည္း ရွိတယ္။ ဘာပဲေျပာေျပာ ႀကဳိးစားမႈက အဓိကပါ။ ၿပီးေတာ့ ကိုယ္က်င့္တရားေပါ့။ ဒီလုိ ျပည္သူလူထုက စံထားရတဲ့၊ ျပည္သူလူထုက ဝိုင္းၿပီး ေစာင့္ၾကည့္ မယ့္ေနရာမ်ဳိးမွာ လုပ္မယ္ဆိုရင္ အဲဒီလို ရည္ရြယ္ခ်က္ အစကတည္းက ရွိတယ္ ဆိုရင္ မိဘေတြေရာ၊ ေမာ္ဒယ္မိန္း ကေလးေတြေရာ မဖြယ္မရာေတြ မလုပ္ မိေအာင္၊ မေျပာမိေအာင္ သတိ ထားၿပီး လုပ္ေစခ်င္ပါတယ္။ ကိုယ္က လူေတြေရွ႕မွာ ထြက္ၿပီးမွ အဲဒီအရိပ္ မည္းက လိုက္လာမယ္ ဆိုရင္၊ ကုိုယ့္ ကိုယ္ကိုယ္ျပန္ၿပီး ဆြဲခ်သလိုျဖစ္ သြားမယ္။ တိတ္တိတ္ေလးေနရင္ ဘာျပႆနာမွ မျဖစ္ဘူး။ ကိုယ္က လူေရွ႕မွာ မ်က္ႏွာရၿပီး နာမည္ေလး ရလာၿပီ ဆိုရင္ အဲဒီလိုအရိပ္မည္း မဖြယ္မရာေတြက လုိက္လာရင္ မေကာင္း ဘူး""လုိ႔ေျပာျပခဲ့ပါတယ္။
ထူးထူး
popular journal
""အကယ္ဒမီ ဗန္းကိုင္ဆိုတာ ျမန္မာႏုိင္ငံ တစ္ႏုိင္ငံမွာပဲရွိတာပါ။ သီးသန္႔ ရွိတာပါ။ ဒီအခြင့္အေရး ရဖို႔ ဆုိတာလည္း မလြယ္ဘူး။ ေရြးခ်ယ္ ခဲ့တဲ့ သူေတြကလည္း တကယ္ စိစစ္ၿပီး တကယ္ေတာ္တဲ့ လူကို ေရြးခ်ယ္ ခဲ့ၾက တာပါ။ ေရြးခ်ယ္ခံရတဲ့ သမီးလွပ်ဳိျဖဴေတြလည္း ဂုဏ္ရွိတာေပါ့။ ဂုဏ္ယူ ၾကပါ။ ဒီအကယ္ဒမီ ဗန္းကိုင္မွာ ေရြးခ်ယ္ခံရတဲ့ လွပ်ဳိျဖဴေလးေတြ အားလံုး ႀကဳိးစားၾကပါ""လုိ႔ ေျပာျပပါတယ္။ မမိုး အေနနဲ႔ေကာ ဒီလို အေရြးခ်ယ္ခံရတဲ့ လွပ်ဳိျဖဴ တစ္ေယာက္ဟာ အႏုပညာ တက္လမ္းမွာ အကယ္ဒမီ ဗန္းကုိင္ ဆိုတဲ့ဂုဏ္က ဘယ္ေလာက္ထိ သက္ေရာက္မႈရွိမယ္လုိ႔ ထင္မိပါသလဲ လို႔ ေမးၾကည့္ေတာ့ ""ရွိတာေပါ့။ သက္ေရာက္မႈ အမ်ားႀကီးကို ရွိတယ္။ ဒီဗန္းကိုင္ ကေနတစ္ဆင့္
အႏုပညာေလာကမွာ ေအာင္ျမင္ လာတဲ့လူ လည္းရွိတယ္။ တခ်ဳိ႕က်ေတာ့လည္း အေၾကာင္း အမ်ဳိးမ်ဳိးေၾကာင့္ ျဖစ္မလာ တာလည္း ရွိတယ္။ ဘာပဲေျပာေျပာ ႀကဳိးစားမႈက အဓိကပါ။ ၿပီးေတာ့ ကိုယ္က်င့္တရားေပါ့။ ဒီလုိ ျပည္သူလူထုက စံထားရတဲ့၊ ျပည္သူလူထုက ဝိုင္းၿပီး ေစာင့္ၾကည့္ မယ့္ေနရာမ်ဳိးမွာ လုပ္မယ္ဆိုရင္ အဲဒီလို ရည္ရြယ္ခ်က္ အစကတည္းက ရွိတယ္ ဆိုရင္ မိဘေတြေရာ၊ ေမာ္ဒယ္မိန္း ကေလးေတြေရာ မဖြယ္မရာေတြ မလုပ္ မိေအာင္၊ မေျပာမိေအာင္ သတိ ထားၿပီး လုပ္ေစခ်င္ပါတယ္။ ကိုယ္က လူေတြေရွ႕မွာ ထြက္ၿပီးမွ အဲဒီအရိပ္ မည္းက လိုက္လာမယ္ ဆိုရင္၊ ကုိုယ့္ ကိုယ္ကိုယ္ျပန္ၿပီး ဆြဲခ်သလိုျဖစ္ သြားမယ္။ တိတ္တိတ္ေလးေနရင္ ဘာျပႆနာမွ မျဖစ္ဘူး။ ကိုယ္က လူေရွ႕မွာ မ်က္ႏွာရၿပီး နာမည္ေလး ရလာၿပီ ဆိုရင္ အဲဒီလိုအရိပ္မည္း မဖြယ္မရာေတြက လုိက္လာရင္ မေကာင္း ဘူး""လုိ႔ေျပာျပခဲ့ပါတယ္။
ထူးထူး
popular journal",1.0,2.0,1.0,1.0,4.0,The text is an entertainment interview about Burmese Academy Award models. It lacks academic value and complex reasoning. It is accessible to a general audience. The cleanliness score is low due to significant repetition of the entire interview text. It captures authentic Burmese cultural context regarding celebrity conduct and social expectations.
<urn:uuid:8600c92d-38d5-4703-b224-99e96f770197>,"ေရမေျခာက္ေသးတဲ့အခ်ိန္မွာ အတြင္းခံ ဝတ္တာဟာ က်န္းမာေရးကို ျပင္းျပင္းထန္ထန္ ထိခိုက္ေစပါတယ္။
အမ်ိဳးသမီးေတြ ေရခ်ိဳးၿပီးခါစ အခ်ိန္မွာပဲ အတြင္းခံေတြ ဝတ္ျခင္းဟာ အလြန္အမင္း မွားယြင္းတဲ့ လုပ္ရပ္ျဖစ္ေနပါတယ္။ ေရခ်ိဳးၿပီးတာနဲ႔ အတြင္းခံ တန္းဝတ္ျခင္းဟာ အမ်ိဳးသမီးေတြရဲ႕ က်န္းမာေရးကို ဆိုးဆိုး႐ြား႐ြား ထိခိုက္ေစတတ္ပါတယ္။
ေရခ်ိဳးခန္းထဲက တဘက္ဝတ္ၿပီး ထြက္လာတာနဲ႔ သိပ္မၾကာခင္မွာပဲ အတြင္းခံဝတ္ျခင္းဟာ အမ်ိဳးသမီးအဂၤါတစ္ဝိုက္မွာ ဘက္တီးရီးယားေတြ ပိုၿပီး ေပါက္ဖြားေစပါတယ္။ စိုစြတ္ေနတဲ့အခ်ိန္ အတြင္းခံဝတ္လိုက္ ျခင္းဟာ တဘက္ထဲမွာပါလာတဲ့ ဘက္တီးရီးယားေတြကို အလံုပိတ္ခန္းထဲ ထည့္လိုက္ျခင္းနဲ႔ အတူတူျဖစ္တယ္လို႔ မိုင္ယာမီ Femcare ေဆးဝါးစင္တာက ဒါ႐ိုက္တာျဖစ္တဲ့ ေဒါက္တာေဂ်ဆင္ဂ်ိမ္းစ္က ေျပာပါတယ္။
စိုစြတ္ေနေသးတဲ့အခ်ိန္မွာ ဘက္တီးရီးယားေတြက ပုိၿပီးရွင္သန္ေနထိုင္တတ္ၾကပါတယ္။ ဒါေၾကာင့္ ေရမေျခာက္ေသးတဲ့အခ်ိန္မွာ လံုးဝ အတြင္းခံ မဝတ္သင့္ပါဘူး။ ဘက္တီးရီးယားေတြ ရွိျခင္းဟာ သင့္ကို ကူးစက္ေရာဂါ အလြယ္တကူ ျဖစ္ေစပါတယ္။
အတြင္းခံထဲမွာ ဘက္တီးရီးယားေတြကို အလံုပိတ္ထားလိုက္သလိုမျဖစ္ေစဖို႔ သင္ေ႐ြးႏိုင္တဲ့ နည္းလမ္း ႏွစ္ခု ရွိပါတယ္။ တစ္ခုကေတာ့ အတြင္းခံကို ေရေျခာက္သြားေလာက္တဲ့အခ်ိန္ျဖစ္တဲ့ ေနာက္ဆံုးမွ ဝတ္တာပါပဲ။ ဆံပင္ၿဖီးတာတု႔ိ၊ မိတ္ကပ္လိမ္းတာတို႔နဲ႔ အက်ႌဝတ္တာေတြကို အရင္လုပ္လုိက္ပါ။ ေနာက္တစ္နည္းကေတာ့ ႏူးညံ့အိစက္တဲ့ အမ်ိဳးသမီးသံုးလို ပစၥည္းမ်ိဳး အသံုးျပဳတာပါပဲ။
Source : Metro",3.0,2.0,2.0,5.0,3.0,"The text provides practical health advice for women, explaining the risks of wearing underwear while damp. It uses simple, coherent language and follows a logical structure (problem, explanation, expert citation, solutions). It is culturally appropriate and written in natural Burmese, though it remains at a general health-tip level rather than deep scientific analysis."
<urn:uuid:b582da79-1423-47c8-a2a7-0dcc665ecff4>,"အမေရိကန် ပြည်ထောင်စု Tennessee ပြည်နယ် Nashville မြို့ အနီးက Waffle House စားသောက်ဆိုင်မှာ ဒီကနေ့ တနင်္ဂနွေနေ့ အစောပိုင်းအချိန် အစိမ်းရောင် အပေါ်အိကျီ ၤ တထည်ဘဲ ဝတ်ထားတဲ့ ကိုယ်လုံးတီး အမျိုးသား တဦးက သေနတ်နဲ့ ပစ်ခတ်တာကြောင့် သုံးဦး သေဆုံးပြီး တခြားသူ ၄ ဦး ဒဏ်ရာရထားကြောင်း ရဲတပ်ဖွဲ့က ပြောဆိုပါတယ်။
Nashville မြို့ အစွန် Antioch က စားသောက်ဆိုင်ထဲကို သေနတ်သမားက AR -15 လို မောင်းပြန်ရိုင်းဖယ် သေနတ်တလက်နဲ့ ဒေသစံတော်ချိန် မနက် ၃ နာရီ ခွဲ မတိုင်ခင်လေးမှာ ဝင်လာခဲ့တာပါ။ ဒီနောက် စားသောက်ဆိုင်ထဲမှာ စားသောက်နေကြသူတွေကို သေနတ်သမားက ပစ်ခတ်ခဲ့တာလို့ Nashville Metro ရဲအဖွဲ့က တွစ်တာမှာ တင်ထားတဲ့ ကြေညာချက်ထဲမှာ ပြောဆိုထားပါတယ်။
စားသောက်နေသူ တဦးက သေနတ်သမားရဲက သေနတ်ကို လုံးထွေးလုယက်ခဲ့တယ်လို့လည်း ရဲအဖွဲ့ ကြေညာချက်မှာ ဖော်ပြထားပါတယ်။ သေနတ်သမားကတော့ အပေါ်အိင်္ကျီကိုချွတ်ချပြီး ခြေလျင် ထွက်ပြေးသွားတယ်လို့လည်း ရဲက CNN ကို ပြောပါတယ်။ ဒဏ်ရာရထားသူတွေထဲက တဦးကတော့ Vanderbilt University Medical Center မှာ စိုးရိမ်ရတဲ့ အခြေအနေ ရှိနေတယ်လို့လည်း ဒေသခံ မီဒီယာက ပြောဆိုထားပါတယ်။ သေနတ်သမားကိုတော့ ရဲက ရှာဖွေနေပြီး သေနတ်သမားမှာ နောက်ထပ် လက်နက်တွေ ပါသေးလားဆိုတာကလည်း ရှင်းရှင်းလင်းလင်း မရှိသေးပါဘူး။",1.0,1.0,2.0,5.0,3.0,"The text is a straightforward news report about a shooting incident. It provides factual information but lacks deep educational or reasoning complexity. It is written in natural, professional Burmese, reflecting standard journalistic style, and is free of boilerplate or formatting issues, making it a clean and authentic piece of reporting."
<urn:uuid:e5f21f53-71bc-4995-9b9a-0b20b6fbc4ba>,"တပ္မေတာ္ကာကြယ္ေရးဦးစီးခ်ဳပ္ ဗုိလ္ခ်ဳပ္မွဴးႀကီးမင္းေအာင္လႈိင္ က အာဏာသိမ္းမယ္လို႔ ေျပာဆုိခဲ့တာ မဟုတ္သလို ေဒါသတႀကီး ေျပာဆိုခဲ့တာလည္း မရွိေၾကာင္း ႏိုင္ငံေတာ္သမၼတရုံး ေျပာေရးဆုိခြင့္ရွိသူ ဦးေဇာ္ေဌး က ေျပာပါတယ္။
ႏုိင္ငံေတာ္သမၼတအိမ္ေတာ္မွာ ၿပီးခဲ့တဲ့ ဇြန္လ ၈ ရက္ေန႔ကက်င္းပတဲ့ လုံၿခဳံေရးဆုိင္ရာ အထူးအစည္းအေ၀းမွာ တပ္မေတာ္ကာကြယ္ေရးဦးစီးခ်ဳပ္ က အာဏာသိမ္းဖို႔ ေျပာခဲ့ေၾကာင္း နဲ႔ ေဒါသတႀကီး ေျပာဆိုခဲ့တယ္ဆိုၿပီး နိုင္ငံျခား ေဆာင္းပါးရွင္ Larry Jagan လယ္ရီဂ်ာဂင္က ဇြန္လ ၂၃ ရက္က Bangkok Post ဘန္ေကာက္ပုိ႔စ္ သတင္းစာမွာ ေရးသားခဲ့ပါတယ္။
အဲဒီလိုေရးသားခဲ့တဲ့အေပၚ ေျပာေရးဆုိခြင့္ရိွသူ ဦးေဇာ္ေဌးက သတင္းမီဒီယာေတြကို ရွင္းျပတာ ျဖစ္ပါတယ္။ အဲဒီေန႔က အစည္းအေ၀းဟာ ေခ်ာေခ်ာေမြ႔ေမြ႔နဲ႔ ေျပေျပလည္လည္ျဖစ္တယ္လို႔ ဆိုပါတယ္။
ရခုိင္ျပည္နယ္ေျမာက္ပုိင္းမွာ ARSA အဖြဲ႕ရဲ႕တုိက္ခုိက္မႈေနာက္ပုိင္း လူ႔အခြင့္အေရးခ်ိဳးေဖာက္မႈေတြကုိ စုံစမ္းစစ္ေဆးဖုိ႔အတြက္ အစိုးရက ဖဲြ႔စည္းမယ့္ စံုစမ္းေရးေကာ္မရွင္မွာ ႏုိင္ငံတကာကပုဂိၢဳလ္ႀကီးတစ္ဦး ပါဝင္မယ့္ကိစၥကို တပ္မေတာ္ဘက္က သေဘာထားဘယ္လိုရွိလဲဆုိတာကိုေတာ့ ဦးေဇာ္ေဌးက မေျဖၾကားခဲ့ပါဘူး။
အဲဒီစုံစမ္းေရးေကာ္မရွင္ကုိ ျပည္တြင္းက လူပုဂိၢဳလ္ေတြနဲ႔သာ ဖြဲ႔စည္းဖုိ႔ အဆုိကုိ ဇြန္လ ၆ ရက္က ႀကံ့ခုိင္ဖြံ႕ၿဖိဳးေရးပါတီ ကုိယ္စားလွယ္တစ္ဦးက လႊတ္ေတာ္မွာ တင္သြင္းခဲ့ပါတယ္။
အဆုိကုိ မေဆြးေႏြးမီ ဇြန္လ ၈ ရက္ေန႔က ႏုိင္ငံေတာ္သမၼတအိမ္ေတာ္မွာ သမၼတ၊ ႏုိင္ငံေတာ္အတုိင္ပင္ခံပုဂိၢဳလ္၊ တပ္မေတာ္ကာကြယ္ေရးဦးစီးခ်ဳပ္၊ ဒုတိယသမၼတေတြ၊ လႊတ္ေတာ္ဥကၠဌေတြ၊ ၀န္ႀကီးအခ်ိဳ႕အပါအ၀င္ လုံၿခဳံေရးဆုိင္ရာအထူးအစည္းအေ၀း က်င္းပခဲ့တာပါ။",1.0,2.0,2.0,5.0,4.0,"The text is a factual news report regarding political events in Myanmar. It provides basic information about government statements and parliamentary procedures. It lacks complex reasoning or deep educational value, but is written in natural, authentic Burmese, reflecting local political context and terminology accurately."
<urn:uuid:80cc30f0-aeda-4081-bec6-870844ac55bd>,"✔ စုစုေပါင္း ေျမဧက (၃၀)ေပၚတြင္ ေဖာ္ေဆာင္လွ်က္ရွိသည္။
✔ ေခ်ာင္းသာ ႏွင့္ ေငြေဆာင္ ၾကားတြင္ ကိုယ္ပိုင္ကမ္းေျခအသစ္ ျဖစ္လာမည္။
✔ ေခ်ာင္းသာကမ္းေျခသို႔ သြားသည့္လမ္းအတိုင္း တည့္တည့္လာျပီး ဆိတ္ၾကီး႐ြာအနီးရွိ ကိုယ္ပိုင္လမ္းခြဲမွ သြားရသည္။
✔ စိတ္လႈပ္ရွားဖြယ္ရာ ကစားနည္း (Adventure Activities) မ်ားစြာ ျပဳလုပ္ႏုိင္မည္။
✔ လူရႈပ္ေထြးေသာ ေခ်ာင္းသာ ႏွင့္ ေငြေဆာင္ ကမ္းေျခမ်ားမွ ေရွာင္ရွား၍ ကိုယ္ပိုင္ Private ကမ္းေျခအသစ္တြင္ အနားယူအပန္းေျဖႏိုင္မည္။
1. ေျမကြက္မ်ား
3. လံုးခ်င္းအိမ္မ်ား
Location Map
ဧရာဝတီတိုင္းေဒသႀကီး
ပုသိမ္ဧရာ၀တီတုိင္းေဒသႀကီး ၊ ပုသိမ္ခရုိင္ ၊ ကညင္ကြင္းေက်းရြာ၊ ေရႊေသာင္ယံၿမိဳ႕နယ္ခြဲ
ေငြေဆာင္ကမ္းေျခ
ေခ်ာင္းသာကမ္းေျခ
ဆက္သြယ္ေမးျမန္းရန္
ဤ Project ႏွင့္ ပတ္သတ္၍ စိတ္ဝင္စားပါက ေအာက္ပါေဖာင္တြင္ ျဖည့္စြက္၍ ဆက္သြယ္ ေမးျမန္းႏိုင္ပါသည္။",0.0,0.0,1.0,2.0,3.0,"The document is a promotional advertisement for a real estate development project. It lacks educational or reasoning content. It is written in natural Burmese, reflecting local geography and real estate marketing styles, but contains fragmented lists and boilerplate contact information, limiting its cleanliness score."
<urn:uuid:34d42bcf-4319-4b17-bae4-0e9f194bf44a>,"နိုင်ငံတစ်နိုင်ငံတွင် အုပ်ချုပ်ရေးပိုင်းမှ တာဝန်ရှိ ခေါင်းဆောင်များသည် တာဝန်ခံမှုရှိခြင်း၊ အများသဘောတူညီမှုကို ဦးစားပေးမှုရှိခြင်း၊ တရားဥပဒေစိုးမိုးမှုရှိခြင်း၊ ပွင့်လင်းမြင်သာမှုရှိခြင်း၊ တုံ့ပြန်မှုကောင်းမွန်ခြင်း၊ တန်းတူညီမျှပြီး အားလုံး ပါဝင်အောင် ဆောင်ရွက်နိုင်ခြင်း စသည့်အရည်အချင်းနှင့် ပြည့်စုံကြသည့် အစိုးရများကို အုပ်ချုပ်မှု ကောင်းမွန်သော အစိုးရများဟု ဆိုကြပါသည်။
များမကြာသေးမီ မတ်လ ၃ ရက်နေ့က ဒုတိယအကြိမ် မွန်ပြည်နယ်လွှတ်တော် အရေးပေါ်အစည်းအဝေးတွင် ကျိုက်ထို မဲဆန္ဒနယ် အမှတ် (၂) မှ ပြည်နယ်လွှတ်တော်ကိုယ်စားလှယ် ဒေါက်တာအေးဇံသည် မွန်ပြည်နယ် ဝန်ကြီးချုပ်အဖြစ် တာဝန်ယူရန် လွှတ်တော်ဥက္ကဋ္ဌရှေ့မှောက်၌ ကတိသစ္စာဆိုခဲ့သည်။
ထိုနောက် ပြည်နယ်ဝန်ကြီးချုပ်သစ် ဒေါက်တာအေးဇံသည် လွှတ်တော်ဥက္ကဋ္ဌရှေ့မှောက်တွင် ကတိသစ္စာဆိုပြီး ညနေပိုင်းတွင် ပြည်နယ်အစိုးရရုံးရှိ ဟင်္သာခန်းမမှာ အရပ်ဘက်လူမှုအဖွဲ့အစည်းများ၊ ဒေသတွင်းရှိ ကဏ္ဍမျိုးစုံမှ စီးပွားရေး လုပ်ငန်းရှင်များ၊ ၎င်းပါတီဝင်အဖွဲ့များ၊ နိုင်ငံရေးတက်ကြွလှုပ်ရှားသူများနှင့် တွေ့ဆုံမှု ပြုလုပ်ခဲ့သည်။
ယင်းကဲ့သို့ပင် ပြည်နယ်ဝန်ကြီးချုပ်အနေဖြင့် ပြည်သူများ၏ တင်ပြချင်သည့် အချက်များ၊ အခက်အခဲများ၊ ဒေသတွင်း ဖြစ်ပျက်နေသည့် အကြောင်းအရာများကို လစဉ်ဖြစ်စေ၊ အလျဉ်းသင့်လျှင် သင့်သလို ယင်းကဲ့သို့ မကြာခဏ နားထောင်ပေးရန် လိုအပ်ပါသည်။
သို့မှသာ လူထု၏ လက်တွေ့ဘဝ အခြေအနေများကို မိမိသိရှိထားသည်ထက် ပိုမိုထဲထဲဝင်ဝင် သိရှိနိုင်ပြီး အုပ်ချုပ်မှု ကောင်းသော အစိုးရတစ်ရပ်အဖြစ်လည်းကောင်း၊ လူထုထောက်ခံအားပေးသော အစိုးရအဖြစ်လည်းကောင်း ပြည်နယ်တာဝန်၊ နိုင်ငံတာဝန်၊ လူထုတာဝန်များကို ပိုမိုထမ်းဆောင်နိုင်မည်ဟု ဟင်္သာမီဒီယာ အယ်ဒီတာအဖွဲ့မှ အကြံပြုလိုက်ရပါသည်။
Written by – အယ်ဒီတာ (၁၀-၃-၂၀၁၇)",3.0,2.0,2.0,5.0,4.0,"The text provides a clear, coherent explanation of good governance principles and applies them to a local political context. It is well-structured, uses natural Burmese, and reflects local political processes and media editorial styles. It is accessible to a general audience while offering a logical argument for government accountability."
<urn:uuid:85ae2df3-a8b1-4f82-bd4c-9b475c142f5c>,"နိုဘဲလ်ငြိမ်းချမ်းရေးဆုရှင် ဒေါ်အောင်ဆန်းစုကြည်ဟာ လွန်ခဲ့တဲ့ ၁၈ လကမှ နေအိမ်အကျယ်ချုပ်က လွတ်မြောက်လာပြီး ဒီကနေ့မှာတော့ သူမနဲ့ အတူ အမျိုးသားဒီမိုကရေစီ အဖွဲ့ချုပ်က တခြား အဖွဲ့ဝင် အများအပြား တို့ဟာ မြန်မာနိုင်ငံ လွှတ်တော်ထဲမှာ သူတို့ရဲ့ နေရာသစ်တွေကို ရယူလိုက်ကြပြီ ဖြစ်ပါတယ်။ ဒါဟာ မြန်မာနိုင်ငံသမိုင်းမှာ ပထမဦးဆုံးအကြိမ်အဖြစ် ဒါ်အောင်ဆန်းစုကြည်နဲ့ သူမရဲ့ ပါတီဝင်တွေ တိုင်းပြည်အုပ်ချုပ်ရာမှာ တခန်းတကဏ္ဍက ပါဝင်လာနိုင်တာ ဖြစ်ပါတယ်။
ကျွန်မ အနေနဲ့ ဒီမိုကရေစီ လိုလားတဲ့ ခေါင်းဆောင်တွေ လွှတ်တော်ကို တက်ရောက်လာတဲ့ အမတ် အသစ်တွေ၊ သိန်းနဲ့ ချီတဲ့ မဲဆန္ဒရှင်တွေကို သူတို့ရဲ့ ရဲစွမ်း သတ္တိနဲ့ လူထုကိုယ်စားလှယ် အစိုးရ ပေါ်ထွန်းရေးအတွက် တာဝန်ယူ ထမ်းဆောင်ခဲ့ကြတဲ့ အတွက် ချီးကြူး ဂုဏ်ပြုလိုက်ပါတယ်။
ဒီအချိန်ဟာ မြန်မာနိုင်ငံ အနာဂါတ်အတွက် အရေးကြီးတဲ့ အခိုက်အတန့်ဖြစ်ပါတယ်။ ပိုမိုတိုးတက်ဖွံ့ဖြိုးတဲ့ လူ့အဖွဲ့အစည်း ဖြစ်ထွန်းလာအောင် အထောက်အပံ့ ဖြစ်စေမယ့် ၂၀၁၅ ခုနှစ် အထွေထွေ ရွေးကောက်ပွဲကို ဦးတည်တဲ့ စစ်မှန်သော ပါတီစုံဒီမိုကရေစီ အသွင်ကူးပြောင်းရေး ကာလလည်း ဖြစ်ပါတယ်။ နိုင်ငံရေး ပါတီအားလုံး အရပ်သားအဖွဲ့အစည်း အားလုံးနဲ့၊ တိုင်းရင်းသားလူ မျိုးစုခေါင်းဆောင်တွေ အနေနဲ့ စိန်ခေါ်မှုတွေကို အတူတကွ ရင်ဆိုင်ဖြေရှင်းပြီး ဒီမိုကရေစီပိုကျသော၊ လွတ်လပ်သော၊ ငြိမ်းချမ်းသော တိုးတက်ဖွံ့ဖြိုးသော အနာဂါတ် ပေါ်ထွန်းရေးအတွက် အခွင့်ရေးသစ်တွေကို ဆုပ်ကိုင် အသုံးပြုကြဖို့ အားပေးနှိုးဆော် လိုက်ပါတယ်။
ဟီလာရီ ကလင်တန်
အမေရိကန်နိုင်ငံခြားရေးဝန်ကြီး
၂၀၁၂ မေလ ၂ရက်",3.0,2.0,2.0,5.0,4.0,"The text is a formal statement by Hillary Clinton regarding Myanmar's political transition. It is clean, well-structured, and uses natural Burmese. It provides historical context suitable for educational purposes, though it lacks deep analytical reasoning or high-level technical complexity. It reflects authentic political discourse relevant to the Burmese context."
<urn:uuid:9693922b-5f9c-49a1-bbf6-cd88929fcd93>,"ပြည်နယ်ဝန်ကြီး ရွှေကူမြို့နယ်အတွင်း ကျေးလက်ဒေသဖွံ့ဖြိုးရေးလုပ်ငန်းများအခြေအနေကို ကွင်းဆင်းစစ်ဆေး
ရွှေကူ စက်တင်ဘာ(၂၁)
ကချင်ပြည်နယ်၊ ဗန်းမော်ခရိုင်၊ ရွှေကူမြို့နယ်အတွင်း ကျေးလက်ဒေသဖွံ့ဖြိုးရေးလုပ်ငန်း များဆောင်ရွက်နေမှုအခြေအနေများကို ပြည်နယ်အစိုးရအဖွဲ့ဝင် စိုက်ပျိုးရေး၊ မွေးမြူရေးနှင့် ဆည်မြောင်းဝန်ကြီး ဦးမြသိန်းသည် မြို့နယ်ဌာနဆိုင်ရာတာဝန်ရှိသူများနှင့်အတူ ကွင်းဆင်းစစ် ဆေးခဲ့ကြသည်။
ပြည်နယ်ဝန်ကြီးနှင့် အဖွဲ့သည် စီသာကျေးရွာအုပ်စု မံနားကျေးရွာစု၌ မြို့နယ်ကျေးလက် ဒေသဖွံ့ဖြိုးတိုးတက်ရေးဦးစီးဌာနမှ လူထုဗဟိုပြုစီမံကိန်း ပထမနှစ်စက်ဝန်းအဖြစ် အရှည်(၅၃၅) ပေ၊ (၁၂)ပေအကျယ် ကွန်ကရစ်လမ်းနှင့် ကွန်ကရစ်တာဘောင်ဖြင့် ပေ(၃၀၀)အရှည်ရှိ ရွာတွင်း လမ်းသဲကျောက်ခင်းခြင်းလုပ်ငန်း ဆောင်ရွက်ပြီးစီးမှု အခြေအနေတို့ကို ကြည့်ရှုစစ်ဆေးခဲ့ပြီး နန့်လှန်ကျေးရွာ ရွာတွင်းလမ်း သဲကျောက်ခင်းခြင်းလုပ်ငန်းနှင့် (၂၀၁၈-၁၉)ဘဏ္ဍာနှစ် ခွင့်ပြုငွေ ကျပ်(၁၂၅)သန်းဖြင့် ဆောင်ရွက်ပြီးစီးသည့် ရွှေကူ-ငါးဘတ်ကြီး ကွန်ကရစ်လမ်းနှင့် ပူခိုင်ကျေး ရွာ မြစိမ်းရောင်စီမံကိန်း(၃)နှစ်ပြည့် အတိုးရငွေဖြင့် ရွာအဝင်တံတားအား ပြုပြင်ဆောက် လုပ် ထားမှုတို့ကို ကြည့်ရှုစစ်ဆေးခဲ့ကြသည်။
ယင်းနောက်ရွှေကူမြို့၊ မြို့တော်ခန်းမ၌မသန်စွမ်းသူများအားထောက်ပံ့ငွေပေးအပ်ပွဲအခမ်း အနားသို့တက်ရောက်ခဲ့ပြီး ပြည်နယ်ဝန်ကြီးနှင့် ပြည်သူ့လွှတ်တော်ကိုယ်စားလှယ် ဦးဇာနည်မင်း တို့က အမှာစကားပြောကြားကာ မြို့နယ်အတွင်းရှိ မသန်စွမ်းသူ(၄၃၀)ဦးတို့အား တစ်ဦးလျင် ငွေကျပ်သုံးသောင်းကျပ်နှုန်းဖြင့် စုစုပေါင်းငွေကျပ် (၁၂၉)သိန်းကို ထောက်ပံ့ပေးအပ်ခဲ့ကြကာ ထိုမှတစ်ဆင့် အမှတ်(၂)ရပ်ကွက်ရှိ ငြိမ်းအေးချမ်းသာလူမှုကူညီရေးအသင်းသို့သွားရောက်ပြီး ငွေကျပ်(၁)သိန်း ကို သွားရောက်ထောက်ပံ့ပေးအပ်ခဲ့သည်။
ကချင်ပြည်နယ်၊ ဗန်းမော်ခရိုင်၊ ရွှေကူမြို့နယ်အတွင်း ကျေးလက်ဒေသဖွံ့ဖြိုးရေးလုပ်ငန်း များဆောင်ရွက်နေမှုအခြေအနေများကို ပြည်နယ်အစိုးရအဖွဲ့ဝင် စိုက်ပျိုးရေး၊ မွေးမြူရေးနှင့် ဆည်မြောင်းဝန်ကြီး ဦးမြသိန်းသည် မြို့နယ်ဌာနဆိုင်ရာတာဝန်ရှိသူများနှင့်အတူ ကွင်းဆင်းစစ် ဆေးခဲ့ကြသည်။
ပြည်နယ်ဝန်ကြီးနှင့် အဖွဲ့သည် စီသာကျေးရွာအုပ်စု မံနားကျေးရွာစု၌ မြို့နယ်ကျေးလက် ဒေသဖွံ့ဖြိုးတိုးတက်ရေးဦးစီးဌာနမှ လူထုဗဟိုပြုစီမံကိန်း ပထမနှစ်စက်ဝန်းအဖြစ် အရှည်(၅၃၅) ပေ၊ (၁၂)ပေအကျယ် ကွန်ကရစ်လမ်းနှင့် ကွန်ကရစ်တာဘောင်ဖြင့် ပေ(၃၀၀)အရှည်ရှိ ရွာတွင်း လမ်းသဲကျောက်ခင်းခြင်းလုပ်ငန်း ဆောင်ရွက်ပြီးစီးမှု အခြေအနေတို့ကို ကြည့်ရှုစစ်ဆေးခဲ့ပြီး နန့်လှန်ကျေးရွာ ရွာတွင်းလမ်း သဲကျောက်ခင်းခြင်းလုပ်ငန်းနှင့် (၂၀၁၈-၁၉)ဘဏ္ဍာနှစ် ခွင့်ပြုငွေ ကျပ်(၁၂၅)သန်းဖြင့် ဆောင်ရွက်ပြီးစီးသည့် ရွှေကူ-ငါးဘတ်ကြီး ကွန်ကရစ်လမ်းနှင့် ပူခိုင်ကျေး ရွာ မြစိမ်းရောင်စီမံကိန်း(၃)နှစ်ပြည့် အတိုးရငွေဖြင့် ရွာအဝင်တံတားအား ပြုပြင်ဆောက် လုပ် ထားမှုတို့ကို ကြည့်ရှုစစ်ဆေးခဲ့ကြသည်။
ယင်းနောက်ရွှေကူမြို့၊ မြို့တော်ခန်းမ၌မသန်စွမ်းသူများအားထောက်ပံ့ငွေပေးအပ်ပွဲအခမ်း အနားသို့တက်ရောက်ခဲ့ပြီး ပြည်နယ်ဝန်ကြီးနှင့် ပြည်သူ့လွှတ်တော်ကိုယ်စားလှယ် ဦးဇာနည်မင်း တို့က အမှာစကားပြောကြားကာ မြို့နယ်အတွင်းရှိ မသန်စွမ်းသူ(၄၃၀)ဦးတို့အား တစ်ဦးလျင် ငွေကျပ်သုံးသောင်းကျပ်နှုန်းဖြင့် စုစုပေါင်းငွေကျပ် (၁၂၉)သိန်းကို ထောက်ပံ့ပေးအပ်ခဲ့ကြကာ ထိုမှတစ်ဆင့် အမှတ်(၂)ရပ်ကွက်ရှိ ငြိမ်းအေးချမ်းသာလူမှုကူညီရေးအသင်းသို့သွားရောက်ပြီး ငွေကျပ်(၁)သိန်း ကို သွားရောက်ထောက်ပံ့ပေးအပ်ခဲ့သည်။",1.0,1.0,2.0,2.0,3.0,"The text is a standard government news report. It provides factual information about local development projects and social welfare, but lacks educational depth or complex reasoning. It is written in natural, formal Burmese, though the document contains significant repetition of the entire body text, which lowers the cleanliness score."
<urn:uuid:d27756eb-ce37-491a-a7a8-f9644ad6f169>,"အသက္က (၂၀)၀န္းက်င္မွ်သာ ရွိဦးမည္။ မ်က္ႏွာေလးက ေခ်ာေမာၿပီး ခႏၶာကိုယ္ အခ်ိဳးအစားက (၃၂-၂၃-၃၃)။ ေနာက္ၿပီးေတာ့ အိမ္မႈကိစၥ အ၀၀ကိုလည္း တာ၀န္ယူထားေသးသည္။ ခင္ပြန္းအေပၚမွာလည္း အျပဳစု၊ အယုယေကာင္းသည္။ ထိုသို႔ေသာ မိန္းကေလးမ်ိဳး ေခတ္သစ္ ေတာ္ေလး၀၀င္အျဖစ္ ဂုဏ္တင္ ခိုင္းႏိႈင္းပါက လြန္အံ့မထင္ပါ။
သို႔ေသာ္လည္း ထိုမိန္းမေခ်ာေလး ေအကို(Aiko)သည္ လူသားစင္စစ္ မဟုတ္ျခင္းကေတာ့ ႏွေမ်ာစရာ ေကာင္းလွပါသည္။ သူမသည္ စက္ရုပ္ေလး တစ္ရုပ္ျဖစ္သည္။ အသက္(၃၃)ႏွစ္ရွိ လီတရြန္က သူမအား ႏွစ္ႏွစ္ၾကာမွ် အခ်ိန္ယူၿပီး တီထြင္ခဲ့ျခင္းျဖစ္သည္။
ကေနဒါႏိုင္ငံ၊ အြန္ေတရီယိုတြင္ ေနထိုင္ေသာ ကြန္ပ်ဳတာ ပညာရွင္လီသည္ ေအကိုအား အလံုးစံု ၿပီးျပည့္စံုေသာ စက္လူရုပ္ျဖစ္လာေအာင္ ဆက္လက္ႀကိဳးစား ေဆာင္ရြက္သြားဦးမည္ျဖစ္ၿပီး ယခုအခ်ိန္ထိ ေအကိုအား တီထြင္စရိတ္ ေပါင္စတာလင္(၁၄,၀၀၀)ေက်ာ္ ကုန္က်ထားၿပီးျဖစ္သည္။ လီက သူမအား ဇနီးမယားအျဖစ္ ေပါင္းသင္းႏိုင္ရန္ တီထြင္ထားျခင္း ျဖစ္သည္။ လီသည္ ေအကိုအား Star Warsရုပ္ရွင္မ်ားမွ C3POစက္ရုပ္ကဲ့သို႔ ျဖစ္လာေစရန္ ရည္ရြယ္ထားသည္ဟု ဆိုသည္။ေအကုိႏွင့္ပတ္သတ္ၿပီး တီထြင္သူလည္းျဖစ္၊ ခင္ပြန္းလင္လည္းျဖစ္ေသာ လီက ""ေအကိုသည္ သိပၸံပညာႏွင့္ အလွတရားတို႔ ေပါင္းစပ္ထားသည့္ ရလဒ္အျမဳေတတစ္ခုျဖစ္သည္""ဟု မွတ္ခ်က္ျပဳ ေျပာဆိုခဲ့သည္။
ေအကိုသည္ မနက္ေစာေစာတိုင္း သတင္းစာ ေခါင္းႀကီးပိုင္းမ်ားကို ခင္ပြန္းသည္အား ဖတ္ျပေလ့ရွိသည္။ ညေနပိုင္းတြင္ ညစာအတူ ထြက္စားသည္။ ထို႔အျပင္ ဇနီးေမာင္ႏွံႏွစ္ဦးတို႔သည္ ၿမိဳ႕ထဲတြင္ ကားတစ္စင္းႏွင့္ မၾကာခဏ ေလွ်ာက္လည္တတ္ေၾကာင္း မ်က္ျမင္မ်ားက ေျပာဆိုသည္။ လိင္ပိုင္းဆိုင္ရာ အာရံုခံစားမႈအတြက္ ေအကိုတြင္ အသံုးျပဳထားေသာ Softwareမ်ားက အလိုအေလ်ာက္ လံႈ႕ေဆာ္တက္ၾကြလာေစေၾကာင္း ရွင္းျပခဲ့သည္။
ယခုအခါ လီသည္ ေအကိုအား လူႏွင့္ပိုတူလာေစရန္ ဆက္လက္တီထြင္ႏိုင္ေရးအတြက္ ေငြေၾကးေထာက္ပံ့မည့္ ပုဂၢိဳလ္ကို ရွာေဖြေနသည္။ ေအကိုမွာ ဆီလီကြန္မ်ားျဖင့္ ဖြဲ႕စည္းထားၿပီး လူ႔အသားအေရႏွင့္ ခၽြတ္ဆြတ္တူေအာင္ ျပဳလုပ္ထားသည္။ ၀ိုင္အနည္းငယ္ ေသာက္ႏိုင္ၿပီး အစားအေသာက္ကို ေကၽြးလည္းရ၊ မေကၽြးလည္းရသည္။ နားခ်ိန္မယူဘဲ (၂၄)နာရီ အလုပ္လုပ္ႏိုင္ၿပီး စကားမ်ားျခင္း၊ ျငဴစူရန္ျဖစ္ျခင္း လံုး၀မရွိေသာ ေအကိုမွာ စံျပအိမ္ေထာင္ရွင္မဟု လီက ခ်ီးက်ဴးခဲ့သည္။
လီသည္ ၎၏တီထြင္မႈ နည္းပညာ အဆင့္ဆင့္ကို ျဖန္႔ျဖဴးေပးရန္ ျငင္းဆိုခဲ့ၿပီး အလံုးစံု ၿပီးျပည့္စံုၿပီဟု ယူဆရမွသာ နည္းပညာပိုင္း ဖြင့္ထုတ္ေၾကညာမည္ဟု ေျပာၾကားသြားသည္။လီက ၎၏ဇနီးအား လာေရာက္ ၾကည့္ရႈၾကသည့္ လူအမ်ားတြင္ မိန္းမမ်ားက ေအကိုႏွင့္ စကားေျပာခ်င္ၾကၿပီး ေယာက္်ားမ်ားကမူ ေအကိုအား ကိုင္တြယ္ၾကည့္လိုေၾကာင္း ရယ္ေမာၿပီး ရွင္းျပေနခ်ိန္တြင္ စက္ရုပ္ဇနီးေလး ေအကိုကမူ ခင္ပြန္းသည္ လီ၏ေနအိမ္အား သန္႔ရွင္းေရးလုပ္ရင္း မအားမလပ္ႏိုင္ ရွိေနဆဲပင္။
ေအကိုအား ယခုထက္ပိုသည့္ အဆင့္ျမွင့္မႈမ်ား ျပဳလုပ္ၿပီးပါက လူသားအက်ိဳးျပဳ အိမ္အကူစက္ရုပ္မ်ား တီထြင္ႏိုင္မည့္ ေခတ္တစ္ေခတ္ကို ခ်ဥ္းနင္း၀င္ေရာက္လာႏိုင္ဖြယ္ရွိေၾကာင္း လီကအဆံုးသတ္ ေျပာဆိုသြားခဲ့သည္။ ေအကုိအား ဖန္တီးတီထြင္ခဲ့သည့္ လီက ၎အတြက္ အဓိကစိန္ေခၚမႈမွာ ေအကုိ လမ္းေလွ်ာက္ႏိုင္ဖုိ႕ျဖစ္ေၾကာင္း ေျပာၾကားခဲ့သည္။ အိမ္႐ွင္မ စက္႐ုပ္ေလးေအကုိႏွင့္ ပတ္သက္၍ အေသးစိတ္သိလုိပါက http://www.projectaiko.com တြင္လည္း သြားေရာက္ ေလ့လာႏိုင္ေၾကာင္း သိရသည္။
1/09/2009
အသက္က (၂၀)၀န္းက်င္မွ်သာ ရွိဦးမည္။ မ်က္ႏွာေလးက ေခ်ာေမာၿပီး ခႏၶာကိုယ္ အခ်ိဳးအစားက (၃၂-၂၃-၃၃)။ ေနာက္ၿပီးေတာ့ အိမ္မႈကိစၥ အ၀၀ကိုလည္း တာ၀န္ယူထားေသးသည္။ ခင္ပြန္းအေပၚမွာလည္း အျပဳစု၊ အယုယေကာင္းသည္။ ထိုသို႔ေသာ မိန္းကေလးမ်ိဳး ေခတ္သစ္ ေတာ္ေလး၀၀င္အျဖစ္ ဂုဏ္တင္ ခိုင္းႏိႈင္းပါက လြန္အံ့မထင္ပါ။",2.0,2.0,2.0,3.0,3.0,"The text is a journalistic feature article about a robotics project. It provides basic information about technology and human-robot interaction. It is written in natural Burmese, though it contains some repetitive boilerplate at the end. The reasoning is descriptive rather than analytical, and the content is accessible to a general audience."
<urn:uuid:25e74438-fdd8-433c-a562-26b672527af7>,"လာလီဂါ အဖွဲ့ချုပ် ဥက္ကဌ ဂျာဗီယာ တီဘက်စ်က မန်ယူအသင်းနဲ့ လီဗာပူးလ်အသင်းပိုင်ရှင်တို့ကို FIFA နဲ့အတူ တိတ်တဆိတ် ဘောလုံးလောကကို ဖျက်ဆီးနေတယ်လို့ စွပ်စွဲပြောဆိုလိုက်ပါတယ်။
မန်ယူအသင်းပိုင်ရှင် အမေရိကန်နိုင်ငံသား ဂျိုးဂလာဇာနဲ့ လီဗာပူးလ်အသင်းပိုင်ရှင် ဂျွန်ဟင်နရီတို့က တန်ကြေး ၄.၆ဘီလျှံရှိတဲ့ ဥရောပ စူပါလိဂ်တစ်ခုကို ရေးဆွဲနေတဲ့အစီအစဥ်မှာ ပါဝင်ပတ်သက်နေတယ်လို့ သိရပါတယ်။
ဒီစီမံကိန်းကို အစကတည်းက FIFA နောက်ခံနဲ့ ပြုလုပ်နေပြီး UEFA ချန်ပီယံလိဂ်နဲ့ အပြိုင်ဖြစ်လာမှာ ဖြစ်ပါတယ်။ ဒါပေမယ့် FIFA က သူကိုယ်တိုင် ဒီအစီစဥ်နဲ့ ခပ်ကင်းကင်း ခွာနေနေပါတယ်။
တကယ်လို့ ဥရောပစူပါလိဂ် တကယ်ဖြစ်မြောက်လာရင် စပိန်ထိပ်သီးအသင်းတွေဖြစ်တဲ့ ရီးယဲလ်မက်ဒရစ်နဲ့ ဘာစီလိုနာတို့က ခွဲထွက်မယ့်အသင်းတွေထဲမှာ ပါဝင်နိုင်ပြီး ဒီပရော်ဂျက်ထဲမှာ ရီးယဲလ်မက်ဒရစ် ဥက္ကဌ ပီရက်ဇ်လည်း ပါဝင်ပတ်သက်နေပါတယ်။
တီဘက်စ်ဟာ အဲ့ဒီစီမံကိန်းမှာ FIFA ဥက္ကဌ အင်ဖန်တီနိုအပါအဝင် ပါဝင်တဲ့သူအားလုံးကို ဒေါသထွက်ပေါက်ကွဲခဲ့ပြီး “ဒါဟာ ဘောလုံးလောကအတွက် ဘေးအန္တရာယ် ဖြစ်မှာပါ။ ဒါဟာ ဥရောပ ဘောလုံး ဂေဟစနစ်နဲ့ ကစားပွဲတွေ မျှခြေဖြစ်မှုကို ပျက်စီးစေမှာပါ။”လို့ The Sun ကို ပြောသွားပါတယ်။
“ဒီ နောက်ကွယ်က စီမံကိန်းအားလုံးကို အစပြုခဲ့တဲ့သူတွေက အင်ဖန်တီနိုနဲ့ ပီရက်ဇ်ပဲဖြစ်ပါတယ်။ ဒါပေမယ့် ဂလာဇာနဲ့ ဟင်နရီတို့လည်း ပါဝင်ပတ်သက်ပြီး တွေ့ဆုံမှုတွေ လုပ်ခဲ့ကြပါတယ်။ အောက်တိုဘာကတည်းက အခုမထွက်ပေါ်လာခင်အထိ သူတို့အားလုံးဟာ ဒါကို လျှို့ဝှက်ထားကြပါတယ်။”
ဆက်လက်ပြီး“ဒီပြိုင်ပွဲထဲ ဥရောပလိဂ်တွေမှာ ဦးဆောင်တဲ့ အသင်း ၁၆ သင်းကနေ ၂၀ အထိ ပါဝင်မှာဖြစ်ပြီး ပရီးမီးယားလိဂ် Big Six (ကြီးခြောက်ကြီး)အသင်းလည်း အပါအဝင်ဖြစ်ပါတယ်။”
“သူတို့ ဒီပြိုင်ပွဲထဲကို ပါဝင်နိုင်တာနဲ့တင် ပေါင် သန်း ၃၀၀ အထက် ရရှိမှာဖြစ်ပြီး အနည်းဆုံး တစ်ရာသီကို ပေါင် သန်း ၁၃၀ လောက်ရရှိမှာဖြစ်ပါတယ်။”
“ဒီစူပါလိဂ် စီမံကိန်းက ချန်ပီယံလိဂ်ကို ပျက်ဆီးစေမှာပါ။ ဒါက သူတို့ဖြစ်စေချင်တဲ့ အရာပဲ။ ချန်ပီယံလိဂ်က ပျောက်ကွယ်သွားမယ်။ ပိုက်ဆံလည်းထွက်လာမယ်။ သူတို့က ဒီဟာတွေအားလုံးကို သူတို့ကြားထဲမှာပဲ ခွဲယူချင်နေကြတာပါ။”လို့ ဆိုသွားပါတယ်။
Ref: dailymail",1.0,2.0,2.0,5.0,1.0,"The text is a news report about European football politics. It provides basic information about the Super League controversy but lacks educational depth. The reasoning is straightforward, reporting accusations and financial motivations. It is written in natural Burmese, though the subject matter is international sports news rather than culturally specific content."
<urn:uuid:1a70f092-a6fb-4a59-ae2b-0d24e442814d>,"ဂျပန်တွေ ရေချိုးတဲ့ ပုံပြင်လို ဖြစ်နေတဲ့ မြန်မာပြည်က (Social Distancing) ခပ်ခွာခွာနေခြင်း..
ဂျပန်ခေတ်က ရွာထိပ်ကရေတွင်းမှာ ဂျပန်တွေက ထုံးစံအတိုင်း ရေချိုးနေကြတာကို ရွာသူရွာသားတွေက မကြည့်ရဲလို့သူကြီးကို သွားတိုင်သတဲ့။
သူကြီးက ဂျပန်စစ်ဗိုလ်ဆီကိုလိုက်သွားပြီး ဒို့မြန်မာတွေက ရေချိုးရင် ဒီလိုပုဆိုးပိုင်းလေးဝတ်ပြီးမှ ချိုးကြကြောင်း ဂျပန်တွေကိုလည်း ဒီလိုဝတ်ပြီးမှ ချိုးစေချင်ကြောင်း ပြောပြီး ပုဆိုးပိုင်းလေးတစ်ထည်ပေးလိုက်သတဲ့။
ဂျပန်စစ်ဗိုလ်ကလည်း သူ့တပ်ကို ရေချိုးရင် ဒီလိုပုဆိုးပိုင်းဝတ်ချိုးရမည်ဖြစ်ကြောင်း မဝတ်ပါက ပြင်းထန်စွာအရေးယူမည်ဖြစ်ကြောင်း သူကြီးရှေ့တင်ဘဲ အမိန့်ထုတ်လိုက် သတဲ့။
နောက်နေ့ ရွာထိပ်ကရေတွင်းမှာ ဂျပန်တွေရေချိုးကြတဲ့အခါ ပုဆိုးပိုင်းလေး ဝတ်ပြီးမှသာ ရေချိုးကြသတဲ့။ (တစ်ခုရှိတာက ရေမချိုးရသေးတဲ့လူတွေရော ရေချိုးပြီးသွားတဲ့သူတွေရော အားလုံးက ကိုယ်လုံးတီးတွေချည်းဖြစ်ပြီး ရေချိုးဖို့အလှည့်ကျတဲ့သူကဘဲ ပုဆိုးပိုင်းကလေးကို ဝတ်ပြီး တစ်လှည့်စီ ချိုးကြပါ သတဲ့ဗျာ)
ခုဖြစ်နေကြတာနဲ့ တထပ်ထည်းဘဲ..",1.0,2.0,1.0,5.0,4.0,"The text is a humorous anecdote reflecting Burmese social commentary. It uses natural, idiomatic Burmese and local cultural references (e.g., village headman, traditional bathing habits). While it lacks formal educational or complex reasoning depth, it is clean, well-structured, and provides an authentic glimpse into local storytelling and social satire."
<urn:uuid:c9c7f2a0-141a-419e-a83c-524122378788>,"လူတစ္ေယာက္ဟာ လွလွပပေနဖို႕အတြက္ ဘယ္ေတာ့မွ ေနာက္က်တယ္လို႕မရွိပါဘူး။ ျပီးေတာ့ ကိုယ့္ကိုယ္ကိုရုပ္ဆိုးတယ္လို႕ ျမင္ျပီး စိတ္ပ်က္ေနစရာလည္းမလိုပါဘူး။ လူတစ္ေယာက္ နဂိုကထက္ပိုလွလာဖို႕အတြက္ ေျပာင္းလဲပစ္ခ်င္စိတ္ရွိဖို႕ပဲလိုပါတယ္။ ကိုယ့္ကိုယ္ကို လွေအာင္ျပုျပင္ဖို႕အတြက္ ဘယ္ေတာ့မွလက္မေလွ်ာ့လိုက္သင့္ဘူးဆိုတာ အခုပံုေလးေတြက သက္ေသပါပဲ။
(၁) ဒီလိုေျပာင္းလဲဖို႕အတြက္ ျပုျပင္ခ်င္စိတ္ရွိဖို႕ပဲလိုတာပါ
(၂) မိတ္ကပ္လိမ္းတတ္တာကလည္း လူတစ္ေယာက္ကိုအမ်ားၾကီးေျပာင္းလဲသြားေစတယ္ေနာ္
(၃) ဆံပင္ေကကလည္း လူကိုေတာ္ေတာ္ေလးေျပာင္းလဲေစတယ္ေနာ္
(၄) မိတ္ကပ္နဲ႕ဆံပင္အေျပာင္းအလဲက သင့္ကိုတျခားတစ္ေယာက္လိုျဖစ္သြားေစပါတယ္
(၅) တစ္ေယာက္တည္းလို႕ေတာင္မထင္ရဘူးေနာ္
(၆) ကိုယ့္ကို္ယ္ကိုလွေအာင္ေနဖို႕ ဘယ္ေတာ့မွေနာက္က်တယ္လို႕မရွိဘူးေနာ္
(၇) လံုးဝမတူေအာင္ ေျပာင္းလဲသြားတာ
(၈) ေျပာင္းလဲသြားမႈကို ျမင္တယ္ေနာ္
(၉) ဒီလိုျဖစ္ဖို႕အတြက္ စိတ္အားထက္သန္ဖို႕ပဲလိုတယ္
(၁၀) ကိုယ့္ကိုယ္ကိုျပုျပင္ေျပာင္းလဲလိုက္ပါ
written by PP",1.0,1.0,1.0,3.0,2.0,"The text is a simple, motivational listicle about personal grooming and appearance. It lacks academic depth or complex reasoning. It is written in natural, conversational Burmese, using common colloquialisms and honorifics, but it is essentially light entertainment content rather than educational or professional material."
<urn:uuid:47c96cfe-9232-4cdb-9a60-9f3ae6fb7161>,"မိမိတို႔ရဲ့ ဘေလာ့မွာ နာရီထည့္နည္းေလးကို သိခ်င္တဲ့လူရွိလို႔ ေျပာျပေပးလိုက္ပါတယ္..။ တကယ္ေတာ့ လုပ္နည္းမသိေသးလို႔ ခက္ေနတာပါ..။ သိသြားရင္ဘာမွ မခက္ေတာ့ပါဘူး..။ အခုဒီနည္းေလးကလည္း နာရီမွ မဟုတ္ပါဘူး.. ဘယ္ဟာကိုပဲျဖစ္ျဖစ္ဒီနည္းနဲ႔ ထည့္တာပါပဲ..။ မိမိတို႔ေရာက္ခဲ့တဲ့ ဘေလာ့ဆိုဒ္ေတြမွာ ေတြ႔သမွ် လိုခ်င္တာေလးေတြကို အခုဒီနည္းေလးနဲ႔ လုပ္ယူလို႔ ရပါတယ္..။ တခ်ိဳ႔ေနရာေတြက အေကာင့္တခုဖြင့္ေပးရတယ္..။ တခ်ိဳ႔ေနရာေတြက အေကာင့္ဖြင့္ဖို႔ မလိုဘူး..။ ဒါပဲကြာပါတယ္..။ Cbox မွာေတာင္းထားတဲ့ ကိုေစာေက်ာ္ဦးနဲ႔ အတူ တျခားမသိေသးတဲ့ သူမ်ားပါ သံုးတတ္ေအာင္လို႔ ဒီနည္းေလးကို မွ်ေဝလိုက္ပါတယ္ခင္ဗ်ာ..အရင္ဆံုး က်ေနာ့္ဘေလာ့ ေပၚက နာရီပံုေပၚမွာ ေမာက္စ္မွ်ားေလးတင္လိုက္ပါ..။ ေအာက္ကပံုအတိုင္း ClockLink နဲ႔ လက္ပံုေလးေပၚလာရင္ ႏွိပ္ျပီး ဝင္သြားလိုက္ပါ..
ေအာက္ပံုမွာျပထားတဲ့ ဆိုဒ္ကိုေရာက္သြားပါလိမ့္မယ္..
ေအာက္ကပံုမွာေတာ့ က်ေနာ္တခုကိုေရြးလိုက္ပါတယ္..
ေအာက္တဆင့္မွာေတာ့ ေသခ်ာေရြးေပးဖို႔ လိုပါတယ္..
HTML ကုဒ္ေတြကို copy ကူးနည္းပါ..
copy ယူလာတဲ့ ကုဒ္ေတြကို မိမိတို႔ရဲ့ ဘေလာ့ Design ကေန Add a Gadget , ကိုဖြင့္ HTML/javaScript ထဲမွာ Paste နဲ႔ ထည့္ေပးလိုက္ပါ..။ ေအာက္ပံုမွာ ဆက္ၾကည့္လိုက္ပါ..
ဒီအဆင့္ထိေရာက္ရင္ေတာ့ မိမိတို႔ဖန္တီးလိုက္တဲ့ နာရီေလးကို ၾကိဳက္တဲ့ေနရာမွာ ေရႊ႕ထားလို႔ ရပါျပီ.. ဆက္ၾကည့္လိုက္ပါဗ်ာ..
က်ေနာ္ကေတာ့ ဒီေအာက္ကအတိုင္း ေမာက္စ္နဲ႔ ဖိဆြဲျပီး ေရႊ႕ထားလိုက္ပါတယ္..
ျပီးရင္ေတာ့ SAVE , View Blog ကိုႏွိပ္လိုက္ရင္ မိမိတို႔ရဲ့ ဘေလာ့မွာ နာရီေလး ေပၚလာပါျပီ..
အားလံုးပဲ လုပ္တတ္ကိုင္တတ္၍ ေက်နပ္ေပ်ာ္ရႊင္ၾကပါေစခင္ဗ်ာ..",2.0,2.0,2.0,3.0,4.0,"The text is a tutorial on adding a clock widget to a blog. It provides clear, step-by-step instructions suitable for beginners. It is written in natural, conversational Burmese, reflecting the style of local tech-blogging communities, though it lacks deep academic or complex reasoning."
<urn:uuid:d0a2f784-adce-48d9-ae46-b44734bad4c4>,"ကုိလံဘုိ မတ္ ၆
သီရိလကၤာႏိုင္ငံ ကန္ဒီခ႐ုိင္၌ ဗုဒၶဘာသာဝင္မ်ားႏွင့္ အစၥလာမ္ဘာသာဝင္မ်ားအၾကား ပဋိပကၡျဖစ္ပြားၿပီး ေနာက္တစ္ရက္အၾကာတြင္ အမ်ားစုႏွင့္ဆုိင္ေသာ အၾကမ္းဖက္မႈကုိ ထိန္းခ်ဳပ္ႏိုင္ရန္အတြက္ အစုိးရက ၁ဝ ရက္ၾကာ အေရးေပၚအေျခအေနကုိ ေၾကညာေၾကာင္း အစုိးရအဖြဲ႕ေျပာေရးဆုိခြင့္ရွိသူ ဒါယာဆီရီဂ်ာယာ ဆယ္ကာရာက မတ္ ၆ ရက္တြင္ေျပာသည္။ သီရိလကၤာႏုိင္ငံ၌ လြန္ခဲ့ေသာႏွစ္ေပါင္း မ်ားစြာကတည္းက ကုိး ကြယ္သည့္ ဘာသာမတူေသာ အသုိင္းအဝုိင္းႏွစ္ခုအၾကား တင္းမာမႈမ်ား ျဖစ္ပြားျခင္းျဖစ္သည္။ အစၥလာမ္ဘာသာဝင္မ်ားသည္ အျခားဘာသာဝင္မ်ားကုိ ၎တုိ႔၏ဘာသာသုိ႔ အဓမၼသြတ္သြင္းၿပီး ဗုဒၶဘာ သာဝင္မ်ား ၏ ေရွးေဟာင္းအေမြအႏွစ္မ်ားကုိ ဖ်က္ဆီးေၾကာင္း ဗုဒၶဘာသာဝင္မ်ားက စြပ္စြဲထားသည္။
ႏိုင္ငံအတြင္းျဖစ္ပြားေနသည့္ ပဋိပကၡမ်ားကုိ ကာကြယ္ရန္အတြက္ အစုိးရအဖြဲ႕ အစည္းအေဝးတြင္ အေရး ေပၚေၾကညာခ်က္ ထုတ္ျပန္ရန္ ဆုံးျဖတ္ျခင္းျဖစ္သည္ဟု ဒါယာဆီရီဂ်ာယာဆယ္ကာရာက Reuters သ တင္းဌာနသို႔ ေျပာသည္။ ဘာသာေရး အဓိက႐ုဏ္း ျဖစ္ပြားေစရန္ လူမႈကြန္ရက္စာမ်က္ႏွာမ်ားတြင္ ေသြးထုိးလႈံ႕ေဆာ္သူမ်ားကုိလည္း ျပင္းျပင္းထန္ထန္ အေရးယူမည္ျဖစ္ေၾကာင္း ၎က ဆက္ေျပာသည္။ သီရိ လကၤာ အစုိးရသည္ ပဋိပကၡျဖစ္ပြားသည့္ ကန္ဒီခ႐ုိင္၌ သတ္မွတ္ခ်ိန္အတြင္း အျပင္မထြက္ရ အမိန္႔ထုတ္ျပန္ထားၿပီး လက္နက္ႀကီးမ်ားႏွင့္ ရဲတပ္ဖြဲ႕ဝင္မ်ားကုိ တပ္ျဖန္႔ခ်ထားသည္။ အဆုိပါပဋိပကၡအတြင္း ႏွစ္ဦးေ သဆုံးကာ ေနအိမ္မ်ားႏွင့္ စီးပြားေရး အေဆာက္အအုံမ်ားစြာ ပ်က္စီးေၾကာင္း သိရသည္။
ကန္ဒီခ႐ုိင္၌ ပဋိပကၡတြင္ ပါဝင္သူမ်ားက ညမထြက္ရအမိန္႔ကုိ ဖီဆန္ကာ ဆူပူရမ္းကားမႈမ်ားကုိ ဆက္လက္ ျပဳလုပ္ေနသျဖင့္ ရဲတပ္ဖြဲ႕က ညမထြက္ရ အမိန္႔တားျမစ္ထားသည့္ရက္ကုိ တုိးျမႇင့္ထားသည္။ ကန္ဒီ ခ႐ုိင္၌ တရားဥပေဒစုိးမုိးေရးအတြက္ အထူးရဲတပ္ဖြဲ႕မွ တပ္ဖြဲ႕ဝင္မ်ားကုိလည္း တပ္ျဖန္႔ခ်ထားေၾကာင္း ရဲတပ္ဖြဲ႕မွ ေျပာေရးဆုိခြင့္ရွိသူတစ္ဦးက ေျပာသည္။",3.0,2.0,2.0,5.0,3.0,"The text is a factual news report about religious conflict in Sri Lanka. It provides educational value regarding international current events and social issues. The reasoning is straightforward, reporting on causes and government responses. It is written in natural, professional Burmese, suitable for a general audience, and is free of formatting errors or irrelevant noise."
<urn:uuid:d8544f84-1db6-4e9a-b517-b293d8d92a75>,"ပိုင္သက္ေက်ာ္ - ေတာင္တန္းသက္ေသ ပန္းသက္ေသ အေခြ။ (မအူပင္၊ကၽြဲဒံုး ဇာတိ)
Shared By Zaw Lin Htun (facebook) အသံအေကာင္းခ်ည္းေတာ့မဟုတ္ပါ။ နားေထာင္ျဖစ္ရံုသာ။
အသံေကာင္းေကာင္းရရင္ ျပန္တင္ေပးပါမည္။ တက္ႏိုင္သေလာက္ေတာ့ မြမ္းမံေပးထားသည္။
ဖိုင္အမ်ိဳးအစားႏွင့္ ပမာဏသတိျပဳရန္ (MP3/128 KBPS/54.4 MB)
နားဆင္ဖို ့နဲ ့သိမ္းထားႏိုင္ဖို ့.....
PCould Link >>>>>>> Click Here
Mediafire Link >>>>>> Click Here
Other Link >>>>>>>> Click Here
+++++++++++++++++++++++++++++++++++++++++++++++++++++++
တစ္ပုဒ္ခ်င္းစီ နားဆင္ရယူလိုလွ်င္
အေဖာ္မဲ့အလြမ္း လကၡဏာရဲ ့သစၥာ
အၿငိဳးမာန္ မလြမ္းပိုရဲ ့ရာဇ၀င္
ေတာင္တန္းသက္ေသပန္းသက္ေသ ေမာင့္အသည္းကိုခြဲေပးမယ္
ခ်စ္ဟန္ေဆာင္သူေ၀ စိမ္းရက္တယ္
ေတာင္တန္းတစ္ေနရာကအလြမ္းေ၀ဒနာ မင္းေပ်ာ္ႏိုင္ပါေစ
ငွက္ေရႊဇင္ေယာ္ ေတာင္တန္းသက္ေသပန္းသက္ေသ",0.0,0.0,1.0,1.0,2.0,"The document is a collection of download links for music files. It lacks educational or reasoning content. It is written in natural Burmese, reflecting local social media sharing habits, but contains significant boilerplate and promotional noise, making it low in cleanliness and professionalism."
<urn:uuid:72a52383-03c0-46c9-9b50-e5be214650c5>,"ေလာ့အိန္ဂ်ယ္မွာ က်င္းပျပဳလုပ္ေတာ့မယ့္ KCON ပဲြအတြက္ ပရိ္တ္သတ္ေတြကေတာ့ စိတ္လႈပ္
႐ွားေနပါျပီ။ ကယ္လီဖိုးနီယား ၊ ေလာ့အိန္ဂ်ယ္ မွာ ၾသဂုတ္လ ၁ဝ – ၁၂ရက္တြင္ KCON 2018 ကို က်င္းပျပဳလုပ္သြားမွာျဖစ္ပါတယ္။ ထုိပဲြကို တက္ေရာက္မယ့္ ေကေပါ့ပ္ အႏုပညာ႐ွင္မ်ားကေတာ့
Momoland, Dynamic Duo နဲ႔ Crush တို႔ျဖစ္ပါတယ္။
Momoland ကေတာ့ ဂ်ပန္မွာျပဳလုပ္တဲ့ KCON 2018 ကုိ ပထမဆံုးတက္ေရာက္ျပီး ေလာ့အိန္ဂ်ယ္ပဲြကေတာ့ ဒုတိယအေခါက္ျဖစ္ပါတယ္။
Crush ကေတာ့ နယူးေယာ့နဲ႔ ေလာ့အိန္ဂ်ယ္မွာ ၂၀၁၅ခုႏွစ္တုန္းက ျပဳလုပ္ခဲ့တဲ့ KCON ပဲြကုိ
တက္ခဲ့ဖူးပါတယ္။
Dynamic Duo က ၂ဝ၁၃နဲ႔ ၂ဝ၁၆ ခုႏွစ္မွာ က်င္းပခဲ့တဲ့ KCON ပဲြကို တက္ေရာက္ခဲ့ပါတယ္။
KCON ဆိုတာ ကမၻာေပၚမွာ အခမ္းနားဆံုး K-pop Festival ပဲြၾကီးျဖစ္ပါတယ္။ ကမၻာတစ္ဝွမ္းက
ႏုိင္ငံအမ်ားစု လွည့္လည္က်င္းပလ်က္႐ွိပါတယ္။ ႏုိင္ငံတကာ K-pop fan ေတြအတြက္ CJ E&M and Mnet က ဒီလိုပဲြက်င္းပဖို႔ အစပ်ဳိးခဲ့ျပီးေနာက္ Koreaboo ရဲ႕ ေဖာင္ဒါက ဆက္လက္ျပီး ၂ဝ၁၂ခုႏွစ္ KCON ကုိဖန္တီးခဲ့ပါတယ္။ အခုဆို အထင္ကရျမိဳ ႔ၾကီးေတြျဖစ္တဲ့ Newark, USA; Chiba, Japan; Abu Dhabi, UAE; Mexico City, Mexico; Paris, France; and Sydney, Australia တို႔မွာလည္း တိုးခ်ဲ႕က်င္းပသြားမွာျဖစ္ျပီး ပဲြသို႔တက္ေရာက္တဲ့ ႏွစ္စဥ္ ပရိတ္သတ္ေပါင္း ၁သိန္းေက်ာ္႐ွိတယ္လို႔ သိရပါတယ္။
(Unicode)
လော့အိန်ဂျယ်မှာ ကျင်းပပြုလုပ်တော့မယ့် KCON ပွဲအတွက် ပရိ်တ်သတ်တွေကတော့ စိတ်လှုပ်
ရှားနေပါပြီ။ ကယ်လီဖိုးနီယား ၊ လော့အိန်ဂျယ် မှာ သြဂုတ်လ ၁ဝ – ၁၂ရက်တွင် KCON 2018 ကို ကျင်းပပြုလုပ်သွားမှာဖြစ်ပါတယ်။ ထိုပွဲကို တက်ရောက်မယ့် ကေပေါ့ပ် အနုပညာရှင်များကတော့
Momoland, Dynamic Duo နဲ့ Crush တို့ဖြစ်ပါတယ်။ Momoland ကတော့ ဂျပန်မှာပြုလုပ်တဲ့ KCON 2018 ကို ပထမဆုံးတက်ရောက်ပြီး လော့အိန်ဂျယ်ပွဲကတော့ ဒုတိယအခေါက်ဖြစ်ပါတယ်။
Crush ကတော့ နယူးယော့နဲ့ လော့အိန်ဂျယ်မှာ ၂၀၁၅ခုနှစ်တုန်းက ပြုလုပ်ခဲ့တဲ့ KCON ပွဲကို
တက်ခဲ့ဖူးပါတယ်။ Dynamic Duo က ၂ဝ၁၃နဲ့ ၂ဝ၁၆ ခုနှစ်မှာ ကျင်းပခဲ့တဲ့ KCON ပွဲကို တက်ရောက်ခဲ့ပါတယ်။
KCON ဆိုတာ ကမ္ဘာပေါ်မှာ အခမ်းနားဆုံး K-pop Festival ပွဲကြီးဖြစ်ပါတယ်။ ကမ္ဘာတစ်ဝှမ်းက
နိုင်ငံအများစု လှည့်လည်ကျင်းပလျက်ရှိပါတယ်။ နိုင်ငံတကာ K-pop fan တွေအတွက် CJ E&M and Mnet က ဒီလိုပွဲကျင်းပဖို့ အစပျိုးခဲ့ပြီးနောက် Koreaboo ရဲ့ ဖောင်ဒါက ဆက်လက်ပြီး ၂ဝ၁၂ခုနှစ် KCON ကိုဖန်တီးခဲ့ပါတယ်။ အခုဆို အထင်ကရမြို ့ကြီးတွေဖြစ်တဲ့ Newark, USA; Chiba, Japan; Abu Dhabi, UAE; Mexico City, Mexico; Paris, France; and Sydney, Australia တို့မှာလည်း တိုးချဲ့ကျင်းပသွားမှာဖြစ်ပြီး ပွဲသို့တက်ရောက်တဲ့ နှစ်စဉ် ပရိတ်သတ်ပေါင်း ၁သိန်းကျော်ရှိတယ်လို့ သိရပါတယ်။",1.0,1.0,1.0,5.0,3.0,"The text is a straightforward entertainment news report about a K-pop festival. It provides basic factual information but lacks deep educational or reasoning value. It is written in natural, standard Burmese, including both Zawgyi and Unicode versions, which is common in local digital media, and accurately reflects the interest in K-pop within the Burmese community."
