id,text,educational_value,reasoning,professionalism,cleanliness,cultural_nuances,justification
<urn:uuid:c86fdacf-7b9b-483c-91be-c396986aa672>,"|ဓာတ္ပံု-Soe Min Kyaw fb|
အသက္၃၅ႏွစ္အရြယ္ သရုပ္ေဆာင္ထြန္းလင္းသိန္းဟာ ၿပီးခဲ့တဲ မတ္လဆန္းက သူ႔ရဲ႕ နစ္ဆန္းကား ပတ္ပတ္လည္မွာ စစ္တပ္နဲ႔ ရဲတပ္ဖြဲ႔အေပၚ ဆဲဆိုထားတာေတြကို မႈတ္ေဆးနဲ႔ ေရးသားခဲ့တဲ့အတြက္ ရန္ကုန္ၿမိဳ႕ ကမာရြတ္ၿမိဳ႕နယ္ လွည္းတန္းခံုးေက်ာ္တံတားေပၚမွာ ဖမ္းဆီးခဲ့တာပါ။
သူ႔ကို ႏိုင္ငံေတာ္အႀကီးအကဲေတြကို ဂုဏ္သေရ ညႇိဳးႏြမ္းေအာင္ျပဳလုပ္မႈ၊ သာသနာ့အလံကို အလြဲသံုးစားလုပ္မႈ စတဲ့ ပုဒ္မ ၄ ခုနဲ႔ တရားစြဲဆိုခဲ့ပါတယ္။
မေန႔ကေတာ့ တရားရံုးက သူ႔ကို ေထာင္ဒဏ္ ႏွစ္ႏွစ္နဲ႔ ကိုးလ ခ်မွတ္လိုက္ပါတယ္။
RFA Burmese
http://www.rfa.org/burmese/",,,,,,
<urn:uuid:8476e7b0-2711-48b1-a6a2-69e25ef75367>,"Wisdom Hill မှ ဒေါ်ဥမ္မာလှိုင်က ရှေ့နေ ဒေါ်စုဒါလီအောင်ကို စွဲဆိုမှု၊ သက်သေများ စတင်စစ်ဆေး
Wisdom Hill ကျောင်းကြီးကြပ်ရေးမှူးဖြစ်သူ ဒေါ်ဥမ္မာလှိုင်က သံသယတရားခံ ကိုအောင်ကြီး၏ ရှေ့နေဖြစ်သူ ဒေါ်စုဒါလီအောင် အပေါ် တရား စွဲဆိုထားသည့် အမှုတွင် တရားလိုပြ သက်သေများကို ယနေ့ (နိုဝင်ဘာ ၄ ရက်) တွင် စစ်ဆေးခဲ့ကြောင်း သိရသည်။
ယနေ့ ပုဗ္ဗသီရိမြို့နယ် တရားရုံး၌ ၃ ကြိမ်မြောက် ရုံချိန်းတွင် တရားလိုပြ သက်သေဖြစ်သည့် ဘီဘီစီ သတင်းဌာန (မြန်မာပိုင်း)မှ သတင်းထောက်တဦးနှင့် ရှာဖွေ ပစ္စည်းများသိမ်းဆည်းစဉ်က လိုက်ပါ ဆောင်ရွက်ခဲ့သည့် ရာအိမ်မှူး ၂ ဦးကို စစ်ဆေးခဲ့ခြင်း ဖြစ်သည်။
နေပြည်တော်ရှိ ဗစ်တိုးရီးယား အမှုနှင့် ပတ်သက်၍ သြဂုတ်လ ၁၄ ရက်က သံသယတရားခံ ကိုအောင်ကြီး၏ ရှေ့နေ ဒေါ်စုဒါလီအောင်က ဘီဘီစီ (မြန်မာပိုင်း)၌ အင်တာဗျူး ဖြေဆိုသည့်အပေါ် အရွယ်မရောက်သေးသည့် သား ၂ ဦး၏ ဂုဏ် သိက္ခာပိုင်း ဆိုင်ရာ ထိခိုက်သည် ဟုဆိုကာ ဒေါ်ဥမ္မာလှိုင်က ကလေးသူငယ် အခွင့်အရေး ဥပဒေပုဒ်မ ၁၀၁ ဖြင့် ဒေါ်စုဒါလီ အောင်ကို တရားစွဲဆိုထားခြင်း ဖြစ်သည်။
ယနေ့ တရားခွင်တွင် ရှေ့နေ ဒေါ်စုဒါလီအောင်က ယင်းအမှုနှင့် ပတ်သက်ပြီး ကိုယ်တိုင် စစ်ဆေးမေးမြန်းမှုများ ပြုလုပ်ခဲ့ သည်။
ဒေါ်စုဒါလီအောင်က “သက်သေ စစ်ချက်တွေက ကျမသွားနေတဲ့ သတ်မှတ်တဲ့ အတိုင်း အကုန်လုံး အဆင်ပြေတယ်။ ကျေ နပ်ပါတယ်” ဟု ပြောသည်။
တရားခွင် စစ်ဆေးမှု မစတင်မီ ဘီဘီစီ( မြန်မာပိုင်း) သတင်းထောက်ဖြစ်သူ ကိုအောင်သူရက ဘီဘီစီ သတင်းဌာန အနေဖြင့် တနိုင်ငံလုံး စိတ်ဝင်စားနေသည့် ဗစ်တိုးရီးယား အမှုနှင့် ပတ်သက်၍ ပြည်သူများ သိချင်နေသည့် အကြောင်း အရာကို တင်ပြခြင်း ဖြစ်ကြောင်း၊ သတင်းသမား၏ ကျင့်ဝတ်နှင့်အညီ သတင်း ထုတ်လွှင့်ခဲ့ခြင်း ဖြစ်ကြောင်း ရုံးတော်သို့ တင်ပြခဲ့သည်။
ဒေါ်ဥမ္မာလှိုင်ဘက်မှ လိုက်ပါ ဆောင်ရွက်သည့် တရားလွှတ်တော် ရှေ့နေ ဦးအောင်ရဲစိုးက “လိုပြသက်သေထဲက BBC သ တင်းထောက် တယောက်ရယ်၊ ရာဇဝတ်မှုတွေမှာ လုပ်ငန်းစဉ်တွေ ရှိတယ်။ ရဲက ရှာဖွေပုံစံနဲ့ သိမ်းရတယ်။ ရှာဖွေပုံစံထဲ မှာ သက်သေ အဖြစ်နဲ့ လက်မှတ်ရေးထိုးတဲ့ သူတွေလာပြီး အစစ်ခံတာပေ့ါ။ အခြားထွေထွေ ထူးထူးတော့ မရှိပါဘူး” ဟု ပြောသည်။
နောက်လာမည့် ၄ ကြိမ်မြောက် ရုံးချိန်းကို နိုဝင်ဘာလ ၁၈ ရက်တွင် လိုပြသက်သေ ၂ ဦးကို ဆက်လက်စစ်ဆေး သွားမည် ဟု သိရသည်။
ယခု အမှုသည် ဗစ်တိုးရီးယား အမှုမှ ဆက်နွယ်ပြီး ဖြစ်ပေါ်လာသဖြင့် ဗစ်တိုးရီးယား အမှုကို စစ်ဆေးရာတွင် အားလျော့ သွားမည် မဟုတ်ဘဲ တရားဥပဒေ လမ်းကြောင်းအတိုင်း ဆက်လက် စစ်ဆေးသွားမည် ဖြစ်ကြောင်း စွပ်စွဲခံရသူ တရား လွှတ်တော်ရှေ့နေ ဒေါ်စုဒါလီအောင်က ဆိုသည်။
ဗစ်တိုးရီးယား အမှုနှင့် ဆက်နွယ်နေသည့် Wisdom Hill ကျောင်းမှ ကြီးကြပ်ရေးမှူး ဒေါ်ဥမ္မာလှိုင်က သားများ၏ အမှန် တရားအတွက် တရားရုံးတွင် ချပြပြောဆိုသွားမည်ဟုလည်း ပထဆုံး အကြိမ် ရုံးထုတ်သည့် အောက်တိုဘာ ၇ ရက်က သတင်းထောက်များကို ပြောဆိုထားသည်။
ဆက်စပ်ဖတ်ရှု့ရန်",,,,,,
<urn:uuid:68fb86df-8d04-4582-9bcb-158443ca866a>,"/*FB*/
ၾကြေရာက္လာသူအေပါင္း ကိုယ္စိတ္ႏွစ္ျဖာ က်မ္းမာခ်မ္းသာၾကပါေစ
Tuesday, January 14, 2014
.
ႏိုင္ငံေရးသမား ေရာင္းရန္ရွိသည္ ေဆာင္းပါး အပိုင္း (၁၊ ၂၊ ၃၊ ၄) စ ဆံုး
ႏိုင္ငံေရးသမား ေရာင္းရန္ရွိသည္ အပိုင္း ၁
ႏိုင္ငံေရးသမား ေရာင္းရန္ရွိသည္ အပိုင္း ၂
ႏိုင္ငံေရးသမား ေရာင္းရန္ရွိသည္ အပိုင္း ၃
ႏိုင္ငံေရးသမား ေရာင္းရန္ရွိသည္ အပိုင္း ၄ နိဂုံး
ျပန္လည္ေဖာ္ျပသူ
Myanmar Local News
at
3:11 PM
Email This
BlogThis!
Share to Twitter
Share to Facebook
Share to Pinterest
Labels:
ေဆာင္းပါး
No comments:
Post a Comment
မိမိတို႔၏အျမင္မ်ားကို လြတ္လပ္ပြင့္လင္းစြာေရးသားႏိုင္ပါသည္။
ဘမ္းမည္မဟုတ္ပါ။
Subscribe to:
Post Comments (Atom)",,,,,,
<urn:uuid:1a694114-f9ce-4e32-9ece-887f13882d7e>,"Skip to content
VIP LOGIN
Menu
Search for:
VIP LOGIN
ပူစီနုနုဖလန်းဖလန်းလေးကိုစားတာလေး (2)
1313 Views
အကိတ်မမပူစီအလန်းလေးဖလန်းဖလန်းထ
ပူစီေဖာင္းေဖာင္းနဲ့အထန္မမ ေလးအပိုင္း (၁)
ပူစီနုနုအလန္းေလးမ်ားစူ ့စည္းတင္ဆက္မူ ့ဂလု
ကုိယ္တိုင္ရုိက္ရွယ္လိုးတာေလးဂလုအပုိင္း (၁)
အိုးေကာင္းေလးကိုၾကိဳးတုပ္ပီးမတ္တပ္လိုးဂလု
ေစာ္ေလးကအလန္းေလးကိုယ္တိုင္ရုိက္ျပတာေလး(၄)
စော်အလန်းလေးကိုမတ်တတ်လိုးတာလေးဂလု
၂ပွေဆွဲတာခံလိုက်ရတဲ့စော်အလန်းလေးဂလု
မှန်ကြောင်လေးနဲ့ထန်နေတဲ့ စော်လေးဂလု
အျဖဴေကာင္ရွယ္ပူစီေလးကုိစားတာေလးဂလု
စောက်ရမ်းလန်းတဲ့ပူစီလေးဖင်ထောင်လိုးတာလေး
ရေချိုးခန်းထဲကစော်အလန်းလေးအပိုင်း (1)
ဒီလိုစောက်ရမ်းထန်ပီးကိတ်နေတာလေးဂလု
နန္းနန္းဖင္ခံခ်င္ေနတာေလးအားေပးၾကဦး ဂလု
ရေချိုးခန်းထဲကပြတဲ့ပူစီသန့်သန့်လေးဂလု
ေစာက္ရမ္းလန္းတဲ့ပူစီဖလန္းဖလန္းေလးအပိုင္း (2)
Post navigation
ပူစီနုနုဖလန်းဖလန်းလေးကိုစားတာလေး (1)
ဂေါက်ကွင်းထဲကစော်လေးကိုမတ်တတ်လိုး
Leave a Reply
Cancel reply
Your email address will not be published.
Required fields are marked
*
Comment
*
*",,,,,,
<urn:uuid:48cc762a-b22e-4f00-b6d5-ec0456bee023>,"မူအက္စတာ
ကယားျပည္နယ္၊ ဒီးေမာ့ဆိုၿမိဳ ႕ ၊ စံျပ ၆ မိုင္ ေက်းရြာ အမွတ္(၄)ရပ္ကြက္တြင္ ၾသဂုတ္လ ၂၀ ရက္ေန႔ နံနက္ (၀၅း၁၅)၊ မူးယစ္ေဆးဝါးႏွင့္ ေငြစကၠဴထပ္မံ ဖမ္းဆီးမိေၾကာင္း ၿမိဳ႕မရဲစခန္း၏ မႈခင္းမွတ္တမ္းမွ သိရွိရသည္။
ျဖစ္စဥ္မွာ အမွတ္(၄)ရပ္ကြက္ေန အီညားရႈိ(ဘ) ဦးဆီေကာဒို၏ ေနအိမ္တြင္ မူးယစ္ေဆးဝါးေရာင္းဝယ္ေနေၾကာင္း သတင္းရရွိသျဖင့္ ၿမိဳ႕နယ္ရဲတပ္ဖြဲ႔မွဴး၏ မူယစ္ေဆးဝါးရွာေဖြ ဖမ္းဆီးခြင့္ဝရမ္းအမွတ္(၂/၂၀၁၆)ျဖင့္ သက္ေသမ်ားႏွင့္အတူ ဒီးေမာ့ဆိုၿမိဳ႕မရဲစခန္းမွ တာဝန္ရွိသူမ်ား သြားေရာက္ဖမ္းဆီးခဲ့ေၾကာင္း သိရသည္။
ဦးအီညားရႈိ၏ ေနအိမ္တြင္ WY စာတမ္းပါ ပန္းေရာင္စိတ္ၾကြရူးသြပ္ေဆးျပား ျပား ၉၀ (တန္ဖိုး ၁၃၅, ၀၀၀ က်ပ္) အေလး ခ်ိန္ (၈.၁)ဂရမ္ႏွင့္ ေငြစကၠဴေရာရာ (၉၀,၀၀၀) ကိုးေသာင္းက်ပ္ တို႔ကို ဖမ္းဆီးရရွိမိေၾကာင္း သတင္းရရွိသည္။
၎အမႈကို ဒီးေမာ့ဆိုၿမိဳ႕နယ္ ရဲစခန္း မယ(ပ) ၂/၂၀၁၆ မူး/စိတ္ေျပာင္းပုဒ္မ ၁၅/၁၉(က)/၂၀(က)ျဖင့္အမႈဖြင့္လွ်က္ရွိၿပီး ဒုရဲအုပ္ ေမာင္ေမာင္စိုးမွ စစ္ေဆးလွ်က္ရွိေၾကာင္း ၿမိဳ႕နယ္ ၿမိဳ႕မရဲစခန္း မႈခင္းမွတ္တမ္းအရ သိရွိရပါသည္။",,,,,,
<urn:uuid:6bd15144-67a4-46a5-8264-bdb9b9485422>,"ပရိတ်သတ်ကြီးရေသရုပ်ဆောင်မေနွယ်ထွန်းကတော့ အမိုက်စားသရုပ်ဆောင်ချက်တွေနဲ့အတူ
(UniCode ျဖင့္ ဖတ္မရသူမ်ားအတြက္ ေအာက္တြင္ ေဇာ္ဂ်ီကုဒ္ျဖင့္ ေဖာ္ျပထားရွိပါသည္)
ကျရာဇာတ် ကောင်တွေမှာအကောင်းဆုံးသရုပ်ဆောင်နိုင်ခဲ့တာ ကြောင့်ပရိတ်သတ်တွေရဲ့ ချစ်ခင်အားပေးမှုကို
အခိုင်အမာ ရရှိထားပါတယ်နော်။ သူမကတော့ယခုအချိန်ကာလမှာဆိုရင်အနုပညာအလုပ် များကိုရပ်နားထားပြီး
သာယာတဲ့မိသားစုလေးဘဝကိုအေး အေးချမ်းချမ်းဖြတ်သန်းနေပါတယ်နော်။ ယခုအခါမှာတော့ အေသင်ကိုစပရိုက်ဂစ်ရတာနဲ့ပတ်သတ်ပြီး
သရုပ်ဆောင် မေနွယ်ထွန်းကယခုလိုပဲပြောပြလာပါတယ်၊ အဖွားကြီး စပေါ်က တန်ဖိုး ကြီးလိုက်တာငါတို့နဲ့ များကွာ ပဗက်ဟက်ဟက် ဆိုပြီး
သူမရဲ့ လူမူစာမျက်နှာမှာရေး သားလာပါတယ်၊ဖတ်ရှု့ ပေးတဲ့အတွက်ကျေးဇူးပါ။ ခရက်ဒစ်
Zawgyi code ဖြင့် ဖတ်ရန်
ပရိတ္သတ္ႀကီးေရသ႐ုပ္ေဆာင္ေမႏြယ္ထြန္းကေတာ့ အမိုက္စားသ႐ုပ္ေဆာင္ခ်က္ေတြနဲ႕အတူ
က်ရာဇာတ္ ေကာင္ေတြမွာအေကာင္းဆုံးသ႐ုပ္ေဆာင္နိုင္ခဲ့တာ ေၾကာင့္ပရိတ္သတ္ေတြရဲ႕ ခ်စ္ခင္အားေပးမႈကို
အခိုင္အမာ ရရွိထားပါတယ္ေနာ္။ သူမကေတာ့ယခုအခ်ိန္ကာလမွာဆိုရင္အႏုပညာအလုပ္ မ်ားကိုရပ္နားထားၿပီး
သာယာတဲ့မိသားစုေလးဘဝကိုေအး ေအးခ်မ္းခ်မ္းျဖတ္သန္းေနပါတယ္ေနာ္။ ယခုအခါမွာေတာ့ ေေအသင္ကိုစပရိုက္ဂစ္ရတာနဲ႕ပတ္သတ္ၿပီ
သ႐ုပ္ေဆာင္ ေမႏြယ္ထြန္းကယခုလိုပဲေျပာျပလာပါတယ္၊ အဖြားႀကီး စေပၚက တန္ဖိုး ႀကီးလိုက္တာငါတို႔နဲ႕ မ်ားကြာ ပဗက္ဟက္ဟက္ ဆိုၿပီး
သူမရဲ႕ လူမူစာမ်က္ႏွာမွာေရး သားလာပါတယ္၊ဖတ္ရႈ႕ ေပးတဲ့အတြက္ေက်းဇူးပါ။ ခရက္ဒစ္
Leave a Reply",,,,,,
<urn:uuid:9480dbb5-1f1d-4cd7-a1b3-d379f654f525>,"အဖြည့်ခံအဖြစ် အစေခံခြင်းသည် ရာသက်ပန်ကောင်းချီးတည်းကျူး
၁ သင်တို့သည် ဘုရားသခင်ကဲ့သို့ပင် တူညီသည့်နယ်ပယ်ထဲတွင် နေထိုင်သောကြောင့်၊ သင်တို့သည် သူနှင့်အတူ ဤညစ်ညူးသည့်မြေတွင် နေထိုင်သောကြောင့် သင်တို့သည် သူ၏ အဖြည့်ခံများ ဖြစ်လာကြပြီး ယင်းကဲ့သို့သော မယုံနိုင်ဖွယ်ရာ ကယ်တင်ခြင်းကို ရရှိခဲ့ကြခြင်းဖြစ်သည်။ အကယ်၍ သူသာ လူ့ဇာတိကို မခံယူခဲ့ပါက၊ သင်တို့အပေါ် မည်သူသည် သနားကြင်နာခြင်း ရှိလိမ့်မည်နည်း၊ မည်သူသည် သင်တို့ကဲ့သို့ နိမ့်ကျသော လူတို့ကို ကြည့်ရှုစောင့်ရှောက်လိမ့်မည်နည်း။ သင်တို့အား မည်သူက ဂရုစိုက်လိမ့်မည်နည်း။ အကယ်၍သာ လူ့ဇာတိခံယူသော ဘုရားသခင်သည် သင်တို့အကြားတွင် လုပ်ဆောင်နေခဲ့ခြင်း မရှိခဲ့ပါက သင်တို့သည် အဘယ်မည်သော အချိန်တွင် ယခင်က မည်သူမျှ မရှိခဲ့ဖူးသော ဤကယ်တင်ခြင်းကို ရရှိလိမ့် မည်နည်း။ အကယ်၍သာ ငါသည် သင်တို့ကို ပြုစုစောင့်ရှောက်ရန်နှင့် သင်တို့၏ အပြစ်များကို တရားစီရင်ရန် လူ့ဇာတိမခံယူခဲ့ပါလျှင် သင်တို့သည် ကြာမြင့်စွာကတည်းကပင် မရဏာနိုင်ငံထဲသို့ ကျဆင်းပြီးဖြစ်ခဲ့လိမ့်မည် မဟုတ်လော။
၂ သင်တို့အကြားတွင် ငါ့ကိုယ်ငါ နှိမ့်ချရန် ဇာတိပကတိကို မခံယူခဲ့လျှင်၊ ဘုရားသခင်၏ ဖြောင့်မတ်သော စိတ်သဘောထားတွင် အဖြည့်ခံများအဖြစ် ဘယ်အခွင့်အရေးကို သင်တို့ရရှိမည်နည်း။ သင်တို့သည် ထိုကဲ့သို့သော ကြီးမားလှသည့် ကယ်တင်ခြင်းကို ရရှိရန်အလို့ငှာ သင်တို့ အကြားတွင် ငါသည် လူ့ဇာတိကို ခံယူခဲ့သောကြောင့် သင်တို့သည် အဖြည့်ခံများအဖြစ် လုပ်ဆောင်နေခြင်း မဟုတ်လော။ ယင်း တခုလုံးမှာ ငါလူ့ဇာတိ ခံယူခဲ့ခြင်းကြောင့်ပင် ဖြစ်သည် မဟုတ်လော။ သင်တို့ အကြားတွင် နေထိုင်နေသော လူ့ဇာတိခံယူသည့် ဘုရားသခင်ကြောင့်သာ မဟုတ်ခဲ့ပါလျှင်မူ သင်တို့သည် ကမ္ဘာမြေကြီး ပေါ်ရှိ ငရဲထဲတွင် နေနေရခြင်း ဖြစ်ကြောင်း၊ ယင်းသည် ဝက်တစ်ကောင် သို့မဟုတ် ခွေးတစ်ကောင်ထက်ပင် ဆိုးကြ သည်ကို ရှာသိရန် တတ်နိုင်ပါမည်လော။ သင်တို့သည် တရားစီရင်ခြင်းနှင့် ပြစ်တင်ဆုံးမခြင်းကို ရရှိခဲ့ကြခြင်းမှာ သင်တို့သည် ဇာတိပကတိထဲရှိ ငါ၏ အလုပ်အတွက် အဖြည့်ခံများဖြစ်နေ၍ မဟုတ်လော။
၃ အဖြည့်ခံများဖြစ်ခြင်း၏ အလုပ်သည် သင်တို့အတွက် အလွန်ပင် သင့်တော်လှသည်၊ အဘယ်ကြောင့်ဆိုသော် သင်တို့သည် ဘုရားသခင် တရားစီရင်ခြင်း၏ ကယ်တင်ခြင်းကို ဤအတွက်ကြောင့်နှင့် ရရှိခဲ့ခြင်း ကြောင့်ဖြစ်သည်။ အရည်အချင်းပြည့်မီသော အဖြည့်ခံတစဦးနေနှင့် လုပ်ဆောင်နိုင်ခြင်းကို သင်တို့ အသက် တာ၏ အကြီးမားဆုံးသော ကောင်းချီးဖြစ်သည်ဟု မခံစားရသလော။ သင်တို့ လုပ်ဆာင်ပြီးစီးခဲ့သမျှမှာ အဖြည့်ခံများဖြစ်ခြင်း၏ အလုပ်သာလျှင် ဖြစ်သော်လည်း၊ သင်တို့သည် ယခင်ကတစ်ခါမျှ စိတ်မကူးခဲ့ဖူးသော သို့မဟုတ် မရှိခဲ့ဖူးသော ကယ်တင်ခြင်းကို ရရှိခဲ့သည်။ အဖြည့်ခံတစဦး ဖြစ်ခြင်းသည် ယခုတွင် သင်တို့၏ တာဝန်ဖြစ်ပြီး သင်တို့ အနာဂတ်တွင် ခံစားရမည့် အဆုံးမရှိသော ကောင်းချီးများဖြစ်သည့် သင်တို့ခံထိုက်သော ဆုလာဘ်ဖြစ်လိမ့်မည်။ ယနေ့ သင်တို့ ရရှိသော ကယ်တင်ခြင်းသည် တဒင်္ဂမျှသာဖြစ်သော ထိုးထွင်းသိမြင် သောဉာဏ် သို့မဟုတ် အသိပညာမဟုတ်ဘဲ၊ သာ၍ ကြီးမားသော ကောင်းချီး၊ အသက်၏ အဆုံးမရှိသော ဆက်လက်ရှင်သန်ခြင်း ဖြစ်သည်။
နှုတ်ကပတ်တော်သည် လူ့ဇာတိ၌ ပေါ်လာ၏ စာအုပ်ထဲရှိ “သိမ်းပိုက်ခြင်း အမှုတော်၏ ဒုတိယခြေလှမ်း အသီးသီးပုံ” ကို ကောက်နုတ်၍ ဆီလျော်စွာ ပြုပြင်ထားသည်။",,,,,,
<urn:uuid:02e05b06-1fa3-4774-874f-95d68da84e13>,"PDF စာရွက်စာတမ်းများ၏ အကျိုးကျေးဇူးနဲ့ ပုံစံများ ကား အ ဘယ် နည်း။ PDF စာရွက်စာတမ်းကို ဘယ်တော့သည်
2023-11-10
PDF စာရွက်စာတမ်းသည် အများအပြားကို အသုံးပြုပြီး ဒီကင်ကွန်ယက်စာတမ်းပုံစံ တစ်ခုဖြစ်သည်။ ဖိုင်ဝေမျှမှုအတွက် အများအပြားကို အသုံးပြုပါ။ PDF ဖိုင်တွေရဲ့ သတ်မှတ်တဲ့ အကျိုးကျေးဇူးများနဲ့ ပုံစံတွေကို သင်သိလား။ သင်မသိရ။
PDF စာရွက်စာတမ်းများ၏ အကျိုးကျေးဇူးများ -
1. ခိုင်ခံ့တဲ့ ပရိုဂရမ်း ဥပမာ ၊ ဒါပေမဲ့ PDF ဖိုင်၏ ပုံစံက တူညီသည်ဖြစ်ပါတယ်၊ ဖိုင်၏ ပုံစံနှင့် အကြောင်းအရာက လုပ်ဆောင်မှုကို အမျိုးအစားစနစ်များ၊ ဆော့ဖ်ဝဲများမှ မ ထိန်းထားရမည်။
2. ဖိုင်တည်မြဲမှု: PDF ဖိုင်များကို စာဝှက်စနစ်ကို ဖုံ့ပြန်ပြီး သိရှိနိုင်တယ်။ ပြုပြင်မှုကို ပြုပြင်စေခြင်းငှါ ပြုလုပ်ရန် PDF ဖိုင်များကို ပြုလုပ်ဖို့ သုံးနိုင်တယ်။
3. ဖိုင်ဖိသိပ်ခြင်း: PDF ဖိုင်များကို ဖိသိပ်နိုင်တယ်၊ သိမ်းဆည်းထားတဲ့နေရာကို သိမ်းဆည်းပြီး အချိန်ကို ခေါင်းဆောင်နိုင်တယ်။ ဖိသိပ်ထားတဲ့ PDF ဖိုင် အရည်အသွေးကိရိယာက ဖိုင်ပုံစံက တူညီနေတယ်။
4. ရုပ်ပုံ၊ အရောင်များ အပါအဝင် PDF ဖိုင်များကို မူရင်း စာရွက်စာတမ်း၏ typesetting အရွယ်ကို မှတ်မိုက်ရပါတယ်။ ဒါပေမဲ့ PDF ဖိုင်များကို ပုံနှိပ်ခြင်း နှင့် ထုတ်လုပ်ခြင်း အတွက် ပိုလိုပါတယ်။
PDF စာရွက်စာတမ်းများ၏ အရေးကြီးမှုများ -
တည်းဖြတ်ဖို့ ခက်ခဲ့ PDF ဖိုင်များကို လိုအပ် လျှင် PDF ပုံစံ ဆက်ဆံမှုကို သုံးစွဲဖို့ PDF စာရွက်စာတမ်းများကို တခြား ပုံစံများ သို့ ပြောင်းပြန်ပေးဖို့ ပြင်ဆင်ရမည်။
စာစောင်ကို အသုံးပြုခြင်း အတွက် မဟုတ်ပါ။ PDF မှ စာသားကို ကူးယူဖို့ လိုအပ်ပါတယ်။
PDF ဖိုင်တွေက ပုံနှိပ်ခြင်းနှင့် ထုတ်လုပ်မှု အတွက် ကောင်းကင်တယ္။ ဥပမာ ၊ ဥပမာ ၊
ပရိုဂရမ် ၊ ဒါပေမဲ့ အခက်အခဲ ပြင်ဆင်ခြင်း အဖြစ်အပျက် တွေ ရှိပါတယ်။",,,,,,
<urn:uuid:f3706c2d-ca61-4c1c-a354-5cf6e4e93cc4>,"မိဘကျေးဇူး ကျေအောင်ဆပ်နည်း မှာ
၁ . အခြေခံ အဆင့်
၂. အလယ်တန်း အဆင့် နဲ ့
၃. အထက်တန်း အဆင့် ဆိုုပြီး အဆင့် ၃ ဆင့်ရှိပါတယ်။
အခြခံ အဆင့်မှာ ပြော၊ ပြ ူ၊ မွေး ဆိုု ပြီး ၃ ချက်
အလယ်တန်းအဆင့်မှာ ဂုုဏ် ၊ တောင်း ၊ အပ် ဆိုုပြီး ၃ ချက်
အထက်တန်း အဆင့်မှာ ၀ိ ၊ အ ဆိုုပြီး ၂ ချက်
စုုစုုပေါင်း ၁၀ ချက်ရှိပါတယ်
အခြခံ အဆင့် ( ပြော၊ ပြ ူ၊ မွေး )
- ပြော – မိဘတွေ ရဲ ့ပြောစကားကိုု နားထောင်မယ်
- ပြ ုု – ပြ ူစုုစောင့်ရှောက် ကူညီမယ်
- မွေး – ကျွေး မွေးမယ်
ပြော၊ ပြ ူ၊မွေး ဆိုုုတာကတော့ အခြေခံ အဆင့် ကျေးဇူး ဆပ်နည်းပါဘဲ။
ဒီ အဆင့်ကိုု လူမျိုးတိုုင်းလိုုလိုု၊ မည်သည့်ဘာသာတိုုင်းမဆိုု ကြိ ူးစားပြီး ပြ ူလုုပ်လေ့ရှိ တာ တွေ ့နုုိင်ပါတယ်။
(တစ်ချို ့တိရစ္ဆာန်တွေတောင်မှ အခြေခံ အဆင့်နဲ ကျေးဇူးဆပ်တာ တွေ ့ဘူးမှာပါ ..ရှားတော့ရှားပါတယ်)
အလယ်တန်းအဆင့် (ဂုုဏ် ၊ တောင်း ၊ အပ်)
- ဂုုဏ် – မိဘတိုု ့ရဲ့ ဂုုဏ်ကျေးဇူး များကိုု ရည်စူးပြီး ကန်တော့ခြင်း
- တောင်း – မိဘတုုိ ့ကိုုတောင်းပန်၍ ကန်တော့ခြင်း
- အပ် – ဗုုဒ္ဓမြတ်စွာ ရဲ့ ဒေသနာကိုုက် ဆုုံးမသွန်သင်ပေးပါရန် အပ်နှံ၍ ကန်တော့ခြင်း
အလယ်တန်း အဆင့် ကျေးဇူးဆပ်နည်းကတော့ ဗုုဒ္ဓသာသနာဝင်တွေမှာသာတွေ ့နုုိင်ပါတယ်။
ဂုဏ ်တောင်း အပ် ဖြင့် ကန်တော့ခြင်း
၁။ ( ဂုဏ် ) ဖေဖေ မေမေ တို ့၏ သီလ၊ သမာဓိ၊ ပညာဂုဏ် တို ့နှင် ့တကွ သာသနာပြုဂုဏ်များ ကို အာရုံပြုကာ ပထမအကြိမ်မြောက် ဂုဏ်တော် ကိုရှိခိုးကန်တော ့ ပါသည်။ ( ဦးတစ်ကြိမ်ချရပါမယ် )
၂။ (တောင်း ) ဖေဖေ မေမေ တို ့နှင် ့ပုဂ္ဂ ိုလ် သတ္တဝါများ အားလုံးအပေါ်တွင် ဘဝ သံသရာ အဆက်ဆက်မှစ၍ ယခုအချိန် အထိ ၀ဋ်ကြွေးများနှင် ့တကွ ကျူးလွန်ခဲ့သော အပြစ်များရှိခဲ ့ပါလျှင် ခွင့်လွှတ်တော်မူပါရန်၊ ကျေအေးတော်မူပါရန် တောင်းပန်၍ ဒုတိယအကြိမ်မြောက် တောင်းပန် ကန်တော ့ပါသည်။ ( ဦးတစ်ကြိမ်ချရပါမယ် )
၃။ (အပ်) ဖေဖေ မေမေ တို ့မှ သားတိုု ့၊သမီးတိုု ့အား ဘယ်အချိန်မဆို ဘယ်နေရာမဆို မျက်ခြေမပြတ် ထပ်ချပ်မကွာ ဘုရားရှင်၏ ဒေသနာကိုက် ဆုံးမသွန်သင်သင်ပေးပါရန် အပ်နှံ၍ တတိယအကြိမ်မြောက် အပ်နှံကန်တော ့ ပါသည်။ ( ဦးတစ်ကြိမ်ချရပါမယ် )
ဂုုဏ် ဆိုုသည်မှာ ဂုဏ် = ကျေးဇူး = ကောင်းအောင်ပြ ူလုုပ်၊ ပြောဆိုုခဲ ့တာပါ။ အဲဒါကြောင့် ကျွန်တော်တိုု ့တွေဟာ မိဘ၊ ဘိုုးဘွား တွေ ၊ ဆရာ ဆရာမတွေ ကျေးဇူးရှိခဲ့ဘူး သူတွေကိုု အနည်းဆုံုးတော့ သင်္ကြန်တွင်းတိုု ့ သီတင်းကျွတ်တိုု ့မှာ သူတိုု့ ရဲ့ ဂုုဏ်ကျေးဇူး ကြောင့် ပစ္စည်းတွေနဲ့အတူ တောင်းပန် ကန်တော့လေ့ရှိပါတယ်။ ဂုုဏ် ကိုုပြောဆုုိပြီး ကန်တော့ခြင်းနဲ့ အပ်နှံပြီးကန်တော့ခြင်း နှစ်မျိုးလိုုနေတာကိုု အများစုုမှာ တွေ ့တွေ ့နေရပါတယ် . အဲဒါကြောင့် ဒီတစ်ခါ ကန်တော့တဲ ့အခါမှာ နှလုံုးသွင်းဆင်ခြင်ပြီး ပြည့်စုံုစွာ နဲ ့ ကန်တော့ နုုိင်ကြပါစေ … တကယ်ဆုံုးမလာတဲ့အခါ လိုုက်နာဖိုု ့လည်းပြင်ထားဖိုု ့လိုုပါတယ် .. ပါးစပ်ပြောလေးနဲ့ ကန်တော့တာထက် နှလုံုးသွင်းဆင်ခြင်ပြီး တကယ်လိုုက်နာမှ ထိရောက်ပါမယ် ဆိုုတာတော့ လူတိုုင်းသိပါတယ်။
အထက်တန်း အဆင့် (၀ိ ၊ အ)
အထက်တန်းအဆင့် ကျေးဇူးဆပ်နည်းနဲ ့ ကျေးဇူးဆပ်တဲ ့ပုုဂ္ဂိုလ်တွေ ကိုုတော့ ဗုဒ္ဓမြတ်စွာက သာဓုု ၃ ကြိမ် ခေါ် ပါတယ်လို့ ဆရာတွေ ဆုံုးမကြပါတယ်။
- ၀ိ – ၀ိပဿနာ တရားမိမိကိုုယ်တိုုင်လည်းအားထုုတ် ၊ မိဘ တွေကိုုလည်း ၀ိပဿနာတရား အားထုုတ်နုုိင်စေရန် မိမိက အကူအညီပေးခြင်း
- အ – မိမိ ကိုုယ်တိုုင် အရိယာ အဆင့်သိုု ့ရောက်ရှိခြင်း (သိုု ့) မိမိရဲ ့အကုူအညီနဲ့ မိဘများ အရိယာ ဖြစ်ခြင်း။
အနိမ့်ဆုံုး သောတပတ္တိမဂ် ကျပါ အဲဒီဘဝ မိဘကျေးဇူး ကျေနိုင်ပါတယ်။
ဒါကြောင့် မိတ်ဆွေအားလုံုးတိုု ့သည်လည်း မိဘကျေးဇူး ကျေအောင်ဆပ်နိုုင်သူများဖြစ်ပြီး သာသနာပြ ုုနုုိင်တဲ့ သာသနာ့အာဇာနည် ပုဂ္ဂိုလ်ကြီးများဖြစ်အောင် ကြိ ုုးစားနုုိင်ကြပါစေ။
တေဇာ @ JC မှ ပူဇော်ပါသည်။
ညွှန်း။ ။ ဆရာ ဦးမြင့်လွင် (ထေရဝါဒ ဗုုဒ္ဓ သာသနာတော် သန် ့ရှင်း တည်တ့ံ ပြန် ့ပွားရေး အဖွဲ ့) ၏ မိဘ ကျေဇူးဆပ်နည်း",,,,,,
<urn:uuid:62bbeb01-318a-4bd9-800d-1fb464375ddb>,"23-Sep-2018
မိတၳီလာ၊ စက္တင္ဘာ ၂၂
မလိႈင္ၿမိဳ႕နယ္ မုန္ပင္ေလး႐ြာအတြင္းရွိ ဘုန္းႀကီးေက်ာင္းတြင္ အသက္ ၁၂ အ႐ြယ္ ကိုရင္ငယ္တစ္ပါးကို ဘုန္းႀကီးေက်ာင္းသားက အဓမၼျပဳက်င့္ခဲ့ေၾကာင္း ယင္းၿမိဳ႕နယ္ အမွတ္ ၁ ရပ္ကြက္အုပ္ခ်ဳပ္ေရးမွဴး ဦးမင္းမင္းစိုးက ေျပာၾကားသည္။
မလိႈင္ၿမိဳ႕ အမွတ္ ၁ ရပ္ကြက္တြင္ ေနထိုင္ေသာ အသက္ ၁၇ ႏွစ္အ႐ြယ္ ေယာက်ာ္း (ဘုန္းႀကီးေက်ာင္းသား) ကိုလည္း စစ္ေဆးလ်က္ရွိသည္ဟု ၎က ေျပာဆိုသည္။
“ႏွစ္ေယာက္စလံုးက ဒီရပ္ကြက္ထဲကပါ။ လြန္ခဲ့တဲ့ႏွစ္လေလာက္ကစၿပီး (___) က ကိုရင္ေလးကို ဒီလိုျပဳက်င့္ခဲ့တယ္လို႔ သိရတယ္။ ၿပီးခဲ့တဲ့ ၁၉ ရက္ေန႔ညမွာ ထပ္လုပ္တယ္ဆိုၿပီး မေန႔ (စက္တင္ဘာ ၂၁ ရက္) က ကၽြန္ေတာ္တို႔ဆီ ေရာက္လာတယ္။ (___) ကိုလည္း ဖမ္းထားၿပီးပါၿပီ။ ဒီေန႔ညေနေလာက္မွာ အမႈဖြင့္လိမ့္မယ္”ဟု ဦးမင္းမင္း စိုးက ရွင္းျပသည္။
အဆိုပါကိစၥႏွင့္ပတ္သက္၍ မလိႈင္ၿမိဳ႕မရဲစခန္းသို႔ ဆက္သြယ္ေမးျမန္းရာ စက္တင္ဘာလ ၂၂ ရက္ေန႔ ညေန ၅ နာရီခန္႔အခ်ိန္အထိ အမႈဖြင့္တိုင္ၾကားထားျခင္း မရွိေသးေၾကာင္း ယင္းရဲစခန္းမွ စံုစမ္းသိရွိရသည္။
R-01
-
19-May-2019
-
19-May-2019
-
19-May-2019
-
19-May-2019
-
18-May-2019
-
18-May-2019
-
02-May-2019
-
16-May-2019
-
02-May-2019
-
01-May-2019
-
03-May-2019
-
05-May-2019",,,,,,
<urn:uuid:d886ce88-6bb4-404d-8f08-4862a8c2c74c>,"ကျောင်းသားခေါင်းဆောင် ကျော်ကိုကို ဖမ်းဆီးခံရ
This article has been converted from Zawgyi One to Unicode
ဗမာနိုင်ငံလုံးဆိုင်ရာ ကျောင်းသားသမဂ္ဂများ အဖွဲ့ချုပ် (ဗကသ) ဥက္ကဋ္ဌ ကိုကျော်ကိုကို ကို ယနေ့နေ့လယ် ၁၂ နာရီခန့်က ရန်ကုန်မြို့ သင်္ဃန်းကျွန်း စံပြဈေးအနီး၌ အာဏာပိုင်များက ဖမ်းဆီးခေါ်ဆောင်သွားကြောင်း သိရသည်။
“ကျော်ကိုကိုနဲ့အတူ လူငယ်တဦးပါတယ်။ သူ့ကိုတော့ ပြန်လွှတ်လိုက်ပြီလို့ ကြားတယ်။ ကျနော်တို့ အခုပြန်လွတ်လာသူနဲ့ အဆက် အသွယ်ရဖို့ ကြိုးစားနေပါတယ်။ ဘယ်ရဲဌာနက ခေါ်သွားလဲဆိုတာ မသိရသေးဘူး။ ကမာရွတ်မြို့နယ် ရဲစခန်းလို့တော့ ကျနော် ထင် ပါတယ်”ဟု ဗကသ အဖွဲ့ဝင် ကိုလင်းထက်နိုင်က ဧရာဝတီကို ပြောပြသည်။
ပြီးခဲ့သည့် မတ်လ ၁၀ ရက်က လက်ပံတန်းမြို့၌ ကျောင်းသားများ အကြမ်းဖက် ဖြိုခွင်းခံရမှုအပြီး မတ်လ ၁၁ ရက်တွင် ရန်ကုန်မြို့ လှည်းတန်းမှတ်တိုင်အနီး ပြည်လမ်းပေါ်၌ ကျောင်းသားများ ဆန္ဒပြရာ၌ ဦးဆောင်ပါဝင်မှုဖြင့် ကမာရွတ်ရဲစခန်းက အမှုဖွင့်ခဲ့သော ကျောင်းသား ၆ ဦးတွင် ဗကသ ဥက္ကဋ္ဌ ကိုကျော်ကိုကိုလည်း တဦးအပါအဝင် ဖြစ်သည်။
အမှုဖွင့်ခံထားသူ ၆ ဦးမှာ ကိုကျော်ကိုကို၊ ကိုဝင်းကျော်မိုး၊ ကိုနန္ဒာစစ်အောင်၊ ကိုလင်းထက်နိုင်၊ ကိုထက်ခိုင်စိုးနှင့် ပိုပိုတို့ ဖြစ်ကြပြီး ၎င်းတို့အား ကမာရွတ် ရဲစခန်းက ပုဒ်မ ၁၄၃၊ ပုဒ်မ ၁၄၅၊ ပုဒ်မ ၁၄၇ နှင့် ပုဒ်မ ၅၀၅(ခ) တို့ဖြင့် အမှုဖွင့် တရားစွဲထားသည်။
ထို့အပြင် ဗကသ ကျောင်သားခေါင်းဆောင် ကိုကျော်ကိုကိုသည် သာယာဝတီ ခရိုင် ရဲတပ်ဖွဲ့မှ အလိုရှိနေသူ စာရင်းတွင်လည်း ပါဝင် နေသည်ဟု ဗကသ အဖွဲ့ဝင် ကိုလင်းထက်နိုင်က ပြောသည်။
ဖမ်းဆီးခံလိုက်ရသည့် ကျောင်းသားခေါင်းဆောင် ကိုကျော်ကို ကို လွှတ်ပေးရန် ကမာရွတ်ရဲစခန်း အရှေ့၌ လာရောက်တောင်းဆိုကြသူ တချို့ကိုပါ ဖမ်းဆီးထားသည်ဟု လူမှုကွန်ရက် စာမျက်နှာများ၌ သတင်းများ ထွက်ပေါ်နေသည့်အတွက် ကမာရွတ် ရဲစခန်းသို့ ဧရာဝတီက တယ်လီဖုန်းဖြင့် ဆက်သွယ်မေးမြန်းသော်လည်း ဖြေကြားမည့်သူ မရှိပေ။
လက်ရှိတွင် ကို ကျော်ကိုကိုအား အောင်သပြေ စစ်ကြောရေးတွင် ထိန်းသိမ်းထားသည်ဟု သိရကြောင်း ဗကသ ကျောင်းသားများက ပြောသည်။
အလားတူ လက်ပံတန်းမြို့၌ ပညာရေးဥပဒေ ပြန်လည်ပြင်ဆင်ရေးအတွက် ဆန္ဒပြမှုကြောင့် သာယာဝတီ အကျဉ်းထောင်၌ ဖမ်းဆီး ချုပ်နှောင်ခံနေရသည့် ကိုအောင်မှိုင်းဆန်းက နိုင်ငံရေး အကျဉ်းသားများ လွှတ်ပေးရန် အစာငတ်ခံ ဆန္ဒပြ တောင်းဆိုမှုသည်လည်း ယနေ့တွင် ၇ ရက် ရှိပြီဖြစ်သည်။
ပြီးခဲ့သည့် အောက်တိုဘာ ၂၇ ရက် သာယာဝတီခရိုင် ကျောင်းသားများ တရားရုံးထုတ်ချိန်တွင် ကိုအောင်မှိုင်းဆန်း၏ အခြေအနေ သည် ဆိုးဝါးသည့် အခြေအနေ မရှိသေးကြောင်း၊ သို့သော် ယနေ့အချိန်အထိ မည်သည့်အခြေအနေ ရှိသည်ကို မသိရသေးကြောင်း ကိုအောင်မှိုင်းဆန်း၏ ဇနီးဖြစ်သူ မလဲ့လဲ့နွယ်က ပြောသည်။
“ရုံးထုတ်တဲ့ အချိန်တုန်းကတော့ ပေါင် ၂၀ လောက် ကျသွားတယ်။ ဒါပေမယ့် သူ့ဟာသူ လမ်းလျှောက်နိုင်သေးတယ်။ အခု၂ ရက်ရှိပြီ။ ဘယ်လို အခြေအနေရှိလဲ လုံးဝစုံစမ်းလို့ မရသေးဘူး”ဟု မလဲ့လဲ့နွယ်က ဆိုသည်။
ကိုအောင်မှိုင်းဆန်းသည် တနိုင်ငံလုံးရှိ နိုင်ငံရေး အကျဉ်းသားများကို မလွှတ်ပေးလျှင် အစာငတ်ခံ ဆန္ဒပြတောင်းဆိုမည်ဟု သမ္မတ ဦးသိန်းစိန်ထံ စာရေးသားပေးပို့ တောင်းဆိုခဲ့သော်လည်း တစုံတရာ ထူးခြားမှု မရှိသည့်အတွက် အောက်တိုဘာလ ၂၃ ရက်မှ စတင်ပြီး အစာငတ်ခံ ဆန္ဒပြနေခြင်း ဖြစ်သည်။
နိုင်ငံရေးအကျဉ်းသားများ လွှတ်ပေးရန် အဖွဲ့အစည်းအသီးသီးမှ တောင်းဆိုနေစဉ် ယခုကဲ့သို့ ကျောင်းသားခေါင်းဆောင် ကို ကျော်ကိုကို အဖမ်းခံလိုက်ရခြင်းသည် ကောင်းမွန်သည့် အလားအလာ မရှိကြောင်း ဒီမိုကရေစီအရေး လှုပ်ရှားသူများက ပြောသည်။
“နိုင်ငံရေး အကျဉ်းသားတွေကို လွှတ်ပေးဖို့ အဖွဲ့အစည်းအသီးသီးက တောင်းဆိုနေတဲ့ အချိန်လည်း ဖြစ်တယ်။ နောက်ပြီး လူ့အခွင့် အရေးကော်မရှင်ကလည်း နိုင်ငံရေးအကျဉ်းသားတွေ လွှတ်ပေးသင့်တယ်လို့ ပြောနေတဲ့ အချိန်မှာ အခုလို ကျော်ကိုကို အဖမ်းခံရ တာဟာ ကျနော်တို့အတွက် တော်တော် စိတ်ပျက်စရာပါပဲ”ဟု ကိုလင်းထက်နိုင်က ပြောဆိုသည်။",,,,,,
<urn:uuid:6a9965dd-61fd-4bd6-8ce1-8c41a4c330b3>,"လုပ်ငန်း ၁၁၁ ခုကို တတိယ အသုတ်အဖြစ် အစိုးရ ချေးငွေ ထုတ်ပေး
COVID-19 ကြောင့် ထိခိုက်မှုများ ဖြစ်ပေါ်လာနိုင်သည့် စီးပွားရေး လုပ်ငန်းများကို ကုစားရန် တတိယ အသုတ် အဖြစ် လုပ်ငန်း ၁၁၁ ခုကို အစိုးရက ချေးငွေ ကျပ် ၃ ဒသမ ၅၄၆၆ ဘီလီယံ ထုတ်ချေးမည် ဖြစ်ကြောင်း မေလ ၇ ရက်က ရင်းနှီးမြှုပ်နှံမှုနှင့် နိုင်ငံခြား စီးပွား ဆက်သွယ်ရေး ဝန်ကြီးဌာနက ထုတ်ပြန် ကြေညာထားသည်။
ချေးငွေ ထုတ်ယူခွင့်ရရှိသူများ အနေနှင့် မြန်မာ့ စီးပွားရေးဘဏ်မှ ဘဏ်လုပ်ထုံး လုပ်နည်းများနှင့် အညီ စိစစ်၍ ချေးငွေ များ ထုတ်ပေးမည်ဖြစ်ပြီး ကျန်ရှိသည့် လုပ်ငန်းရှင်များ၏ လျှောက်လွှာများကိုလည်း ဆက်လက် ထုတ်ပေးနိုင်ရန် ဆောင် ရွက်လျက်ရှိကြောင်း COVID-19 ကြောင့် ဖြစ်ပေါ်လာနိုင်သည့် စီးပွားရေး သက်ရောက်မှုများအပေါ် ကုစားရေး လုပ်ငန်း ကော်မတီ (MIFER) က ဖော်ပြထားသည်။
ထိုချေးငွေကို နိုင်ငံတော် လှည့်ပတ် ရန်ပုံငွေမှ ကျပ်ဘီလီယံ ၅၀ နှင့် လူမှုဖူလုံရေး ရန်ပုံငွေမှ ကျပ် ဘီလီယံ ၅၀ စုစုပေါင်း ကျပ် ဘီလီယံ ၁၀၀ အား COVID-19 Fund အဖြစ် မြန်မာ့ စီးပွားရေးဘဏ်တွင် ထူထောင်ထားပြီး ပထမအသုတ် ချေးငွေ ကို ဧပြီလ ၉ ရက်မှ စတင်၍ အသေးစားနှင့် အလတ်စား (SME) လုပ်ငန်းရှင် ၈၅ သို့ လည်းကောင်း၊ ဒုတိယအသုတ် ချေး ငွေကို လုပ်ငန်း ၁၁၃ ဦးသို့ လည်းကောင်း ထုတ်ချေးပေးခဲ့သည်။
အဆိုပါ နိုင်ငံတော် လှည့်ပတ် ရန်ပုံငွေ ကျပ် ၁၀၀ ဘီလီယံထဲမှ ယခု တတိယအသုတ် အပါအဝင်ဆိုလျှင် ကျပ် ၁၃ ဘီလီ ယံကျော် သုံးစွဲထားပြီး အသေးစားနှင့် အလတ်စား (MSME) လုပ်ငန်းများ ဖြစ်သော စားသောက်ကုန် လုပ်ငန်းများ၊ ကုန် ထုတ်လုပ်မှု လုပ်ငန်းများနှင့် လက်ခစား (CMP) လုပ်ငန်းများ၊ ဟိုတယ်နှင့် ခရီးသွား လုပ်ငန်းများကို ထုတ်ချေးပေးခဲ့ခြင်း ဖြစ်ကြောင်း ထုတ်ပြန်ချက်အရ သိရသည်။
အစိုးရမှ ချေးပေးသော ချေးငွေ၏ အတိုးနှုန်းမှာ ၁ ရာခိုင်နှုန်း ဖြစ်ပြီး ချေးငွေ ကာလမှာ ၁ နှစ် သတ်မှတ်ထားကာ ချေးငွေ စတင် လျှောက်ထားခွင့်ရသည့်အချိန်မှ လက်ရှိအချိန်အထိ လျှောက်လွှာ စုစုပေါင်းမှာ ၄၀၀၀ ရှိပြီ ဖြစ်သည်။
လက်ရှိတွင် COVID-19 ကြောင့် ထိခိုက်နေသည်မှာ လုပ်ငန်းအကြီး၊ အလတ်များလည်း ရှိနေသောကြောင့် အစိုးရမှ ထုတ် ပေးနေသော Msme၊ CMP နှင့် ဟိုတယ်နှင့် ခရီးသွား ကဏ္ဍ ၃ ခု အပြင် အခြား စီးပွားရေး ကဏ္ဍများကိုလည်း ကူညီရန် လိုအပ်နေပြီး အစိုးရအနေနှင့် ကျပ်ဘီလီယံ ၁၀၀ အပြင် ဆက်တိုက် ကုစားမှုများကို လုပ်ဆောင်သင့်ကြောင်း မြန်မာနိုင်ငံ ကုန်သည်များနှင့် စက်မှု လက်မှု လုပ်ငန်းရှင်များ အသင်းချုပ် (UMFCCI) တွဲဖက် အထွေထွေအတွင်းရေးမှူး ဦးအောင်စိုး သာ က သုံးသပ်သည်။
ချေးငွေ ထုတ်ပေးရာတွင် ကိုဗစ်-၁၉ ကြောင့် ကော်မတီက ထုတ်ပြန်ထားသော အချက် ၁၀ ချက်နှင့် ကိုက်ညီရမည် ဖြစ်ပြီး ချေးငွေစိစစ်ခြင်းကို အဆင့်နှစ်ဆင့်ဖြင့် ရွေးချယ်ကာ ကော်မတီ အစည်းအဝေးတွင် အတည်ပြု ဆုံးဖြတ်ကြောင်း သိရ သည်။
ပြီးခဲ့သည့် ပထမအသုတ်နှင့် ဒုတိယအသုတ် ချေးငွေရရှိသည့် ကုမ္ပဏီစာရင်းတွင် ဟိုတယ်နှင့် ခရီးသွားလာရေး ဝန်ကြီး ဌာန ပြည်ထောင်ဝန်ကြီးပိုင် ကုမ္ပဏီက ချေးငွေ ကျပ်သိန်း ၁ ထောင်အထက် ချေးငွေရရှိခဲ့ခြင်းကြောင့် ဝေဖန်မှုများ ရှိခဲ့ သည်။
ထို့ပြင် လျှောက်ထားသည့် ပမာဏနှင့် ရရှိသည့် ပမာဏမှာ လုပ်ငန်း၏ ဝန်ထမ်းလစာပေးဖို့ မလောက်ငှသည့် အတွက် ချေးငွေရရှိပြီးမှ မယူလိုကြောင်း အကြောင်းပြန်သည့် ကုမ္ပဏီများလည်း ရှိခဲ့သည်။
ဇေယျာရွှေပြည် ယာဉ်လိုင်း ပိုင်ရှင် ဒေါ်ခိုင်ခိုင်က “UMFCCI ကနေပြီးတော့ ချေးငွေတွေကို လျှောက်ရမယ် ဆိုတော့ ဟို တယ်နဲ့ခရီးပဲ ပါတယ်။ ကျမတို့ မပါဘူး။ ကျမတို့က အသေးစားနှင့် အလတ်စား (MSME) လုပ်ငန်းလည်း ဖြစ်ပါတယ်။ မှတ် ပုံတင်ကတ်လည်း ရှိပါတယ်။ ဒါပေမယ့် အဝေးပြေးကားတွေ မပါဘူးလို့ကို ပြောလွှတ်လိုက်တာပါ” ဟု ဧရာဝတီသို့ ပြော သည်။
အစိုးရ ချေးငွေချပေးခြင်းသည် လက်ရှိတွင် လုပ်ငန်းရှင်များကြား အငြင်းပွားစရာများလည်း ရှိနေကြောင်း လုပ်ငန်းရှင်များ ထံက စုံစမ်း သိရှိရသည်။
ဆက်စပ်ဖတ်ရှုရန်",,,,,,
<urn:uuid:3337a272-9cef-44ad-8c75-2acece063871>,"တိုုင္းရင္းသား ဘာသာ သတင္းအစီအစဥ္ ( ကခ်င္ဘာသာ ) ၂၇ – ၀၈ -၂၀၁၆။…
ကခ်င္ဘာသာ အစီအစဥ္
တိုုင္းရင္းသား ဘာသာ သတင္းအစီအစဥ္ ( ကခ်င္ဘာသာ ) ၂၀ – ၀၈ -၂၀၁၆။…
တိုုင္းရင္းသား ဘာသာ သတင္းအစီအစဥ္ ( ကခ်င္ဘာသာ ) ၁၃ – ၀၈ -၂၀၁၆။…
တိုုင္းရင္းသား ဘာသာ သတင္းအစီအစဥ္ ( ကခ်င္ဘာသာ ) ၃၀ - ၀၇ -၂၀၁၆။…
တိုုင္းရင္းသား ဘာသာ သတင္းအစီအစဥ္ ( ကခ်င္ဘာသာ ) ၁၆ - ၀၇ -၂၀၁၆။…
တိုုင္းရင္းသား ဘာသာ သတင္းအစီအစဥ္ ( ကခ်င္ဘာသာ ) ၀၉ - ၀၇ -၂၀၁၆။…
တိုုင္းရင္းသားဘာသာ သတင္းအစီအစဥ္ ( ကခ်င္ဘာသာ ) ၀၂ – ၀၇ -၂၀၁၆ ။…
တိုုင္းရင္းသားဘာသာ သတင္းအစီအစဥ္ ( ကခ်င္ဘာသာ ) ၂၆ – ၀၆ -၂၀၁၆ ။…
တိုုင္းရင္းသားဘာသာ သတင္းအစီအစဥ္ ( ကခ်င္ဘာသာ ) ၁၈ - ၀၆ -၂၀၁၆…
တိုုင္းရင္းသားဘာသာ သတင္းအစီအစဥ္ ( ကခ်င္ဘာသာ ) ၁၂ - ၀၆ -၂၀၁၆…",,,,,,
<urn:uuid:c3d1eb3c-1762-4a7f-97de-9e015f2b63c0>,"“သပိတ်စုံ သူပုန်ထ” ရန်ကုန်မှာဆန္ဒပြ
""သပိတ်စုံသူပုန်ထ"" ဆိုတဲ့ခေါင်းစဉ်နဲ့ စစ်အာဏာရှင်ဆန့်ကျင်ရေးဆန္ဒပြလှုပ်ရှားမှုတခုကို ဇွန်လ ၁၄ ရက် ဒီမနက်ပိုင်း ၈ နာရီလောက်က ရန်ကုန်၊ တာမွေမြို့နယ်၊ကျောက်မြောင်း သီတာလမ်းနဲ့ ဗညားဒလလမ်းမကြီးပေါ်မှာ ပြုလုပ်ခဲ့ပါတယ်။
ထင်ရှားတဲ့ ကျူးဘားတော်လှန်ရေးခေါင်းဆောင် ချေဂွေဗားရားရဲ့မွေးနေ့မှာ အခုလို ဆန္ဒပြခဲ့ကြတာဖြစ်ပြီး ရန်ကုန်မြို့က လူငယ်တွေ၊ မြို့နယ်သပိတ်အဖွဲ့တွေ၊ ကျောင်းသားသမဂ္ဂမတွေ၊ အထွေထွေသပိတ်ကော်မတီ GSC တို့ပူးပေါင်းပြီး ပြုလုပ်ခဲ့ကြတာပါ။
ဆန္ဒပြလူစုခွဲပြီး မကြာခင်မှာ စစ်တပ်တွေရောက်ရှိလာပြီး အခုအချိန်အထိလည်း သီတာလမ်း တစ်ဘက်ခြမ်း ဗညားဒလလမ်းမကြီးပေါ်မှာ စစ်ကားတစ်စီးနဲ့ စစ်သားတွေ စောင့်ကြည့်နေပါတယ်။
ရန်ကုန်၊ မန္တလေး၊ မုံရွာ၊ တနင်္သာရီတိုင်း နေရာ ၄ ခုမှာ ဇွန်လ ၁၄ ရက်နေ့က တပြိုင်နက်တည်း သပိတ်စုံသူပုန်ထ တပ်ဦး သပိတ်စစ်ကြောင်းကိုပြုလုပ်ခဲ့တာဖြစ်ပါတယ်။",,,,,,
<urn:uuid:85a32319-4050-431a-bc29-3d0025922aa5>,"မိတ်ဆက်ခြင်း
Myanmar Gospel Song (ဘုရားသခင် သည် ကြွယ်ဝသောကရုဏာနှင့် ကြီးစွာသော အမျက်ဒေါသ ဖြစ်၏)
နှုတ်ကပတ်တော် ဓမ္မသီချင်း
ဘုရားသခင် သည် ကြွယ်ဝသောကရုဏာနှင့် ကြီးစွာသော အမျက်ဒေါသ ဖြစ်၏
ဘုရား၏ ကရုဏာတော်၊ သည်းခံ ခြင်းသည် စစ်မှန်လှသည်
သို့သော် သူ့အမျက်တော် ပွင့်ထွက်သောခါ
သူ့သန့်ရှင်းခြင်းနှင့် ဖြောင့်မတ် ခြင်းသည်
အပြစ်ကို ခွင့်မပြုသည့် ဘုရား၏သဘောထား လူကိုပြသည်
Ⅰ
လူသည် ဘုရား၏အမိန့်များကို နာခံလိုက်လျှောက်ပြီး၊
သူသတ်မှတ် ထား သည့်တိုင်း လုပ်ဆောင်သောခါ
လူအပေါ်ဘုရား၏ လျှံပယ်သောသနား ခြင်း
ကရု ဏာတော် အပြည့် ရှိတော်မူ၏
လူသည် ဖောက်ပြန်ခြင်းနှင့် ပြည့်ပြီး၊
သူ့အားမုန်းတီး ရန်လိုမှု များနှင့် ပြည့်နှက်သည့်ခါ
သည် ပြင်းစွာစိတ်ဆိုး၍ ဒေါသထွက်မည်
ဒီလိုဆို ဘုရား၏ ဒေါသအမျက်တွေ ဘယ်လောက် ထွက်နေအုံးမလဲ
လူတွေရဲ့ အပြစ်ဒုစရိုက်များနှင့်၊ ဖီဆန်မှုတွေကို သူမမြင်တော့တဲ့ချိန်၊
ထို အရာများ သူသည် မတွေ့ရတော့သည့် အချိန်မှ
ဘုရားရှင် စိတ်ဆိုးနေတာတွေ ကွယ်ပျောက် သွားမည်
Ⅱ
မည်သို့သော ပုဂ္ဂိုလ်ပင် ဖြစ်နေပါစေ
သူတို့၏ စိတ်နှလုံးသား ဘုရားနှင့် ဝေးမယ်၊
ဘုရားရှင် ကိုပစ် ပယ်ပြီး၊သူ့ထံပြန်လှည့်မလာလျှင်
ဘယ်လောက်ပင်ကိုးကွယ်ဖို့ သူတို့စိတ်နှင့်
သူတို့ကိုယ်ခန္ဂ္ဓာဖြင့် ဘုရားရှင်ကို နာခံ၊ လိုက်လျှောက်ရန် ဆန္ဒရှိပါ စေ
ဘုရားထံမှ သူတို့စိတ် လှည့်ထွက်ပါက
ဘုရား၏ ဒေါသ ရပ်ခြင်းမရှိ ပွင့်ထွက်လာမည်
ဘုရားသခင်သည် လူကို အခွင့်အရေးများစွာ
ပေးထားပြီးနောက် သူသည်
သူ၏ အမျက်ဒေါသ ပြင်းစွာ ထုတ်လွှင့်သောအခါ
ထို အမျက်ဒေါသ ပြန်ရုပ်သိမ်းမည် မဟုတ် ပါ
ထိုသို့သော လူအပေါ်မှာ ကိုယ်တော် ကရုဏာနှင့်
သည်းခံစိတ် မထားတော့ပါ
ဒီအရာသည် အပြစ်အား သည်းမခံနိုင်သည့်
ဘုရား၏ စိတ်သဘောပင် ဖြစ်သည်
သူသည် ကောင်းမြတ်သော အရာများ အပေါ်တွင်
သည်းခံကာကရုဏာစိတ်ထား သည်
သူသည် ဆိုးယုတ်၊ စဉ်းလဲခြင်းနှင့် ဒုစရိုက်အပြစ်များ အပေါ် တွင်
ဘယ်အခါ မရပ်မစဲ သူ၏ဒေါသအမျက်ထွက်
ဒီအရာသည် ဘုရားစိတ်သဘောထား၏ အဓိကနှစ်ချက် နှင့်
လက္ခဏာ ပြခြင်းဖြစ်သည်
ကြွယ်ဝသော ကရုဏာ၊ကြီးစွာသော အမျက်ဒေါသ
စသည့် အရာများအစမှအဆုံးတိုင်အောင်
ဘုရားရှင် အားဖြင့် ဖော်ပြ ခဲ့ ပြီးသော အရာဖြစ်သည်
ဤသည်ကား ဘုရားရှင်၏ ဖြောင့်မတ်စိတ် သဘော ..ထား၊
အလျှံအပယ် ကြွယ်ဝသောကရုဏာတော် မြတ် နှင့်
ကြီးမားပြင်းထန် သော ဘုရား၏ အမျက်ဒေါသ ဖြစ်၏
အလျှံအပယ် ကြွယ်ဝသော ကရုဏာတော် မြတ် ဖြစ်သည်
ဤသည်ကား ဘုရားရှင်၏ ဖြောင့်မတ်စိတ်သဘော ..ထား၊
အလျှံအပယ် ကြွယ်ဝသော ကရုဏာတော်မြတ်နှင့်
ကြီးမားပြင်းထန် သော ဘုရား၏ အမျက်ဒေါသ ဖြစ်၏
အလျှံအပယ် ကြွယ်ဝသော ကရုဏာတော် မြတ် ဖြစ်သည်
သိုးသငယ်နောက်လိုက်ပြီး သီချင်းအသစ်များကိုသီဆိုပါ မှ
အရှေ့အရပ်မှ လျှပ်ပြက်ခြင်း၊ရဲ့ ပေါ်ပေါက်လာခြင်း နှင့် လုပ်ဆောင်မှု၊ သခင်ယေရှုဘုရား၏ ဒုတိယအကြိမ်ကြွလာခြင်း၊ နောက်ဆုံးသောကာလရှိ ခရစ်တော်တို့ကြောင့် အနန္တတန်ခိုးရှင် ဘုရားသခင် အသင်းတော်ဖြစ်သည့် အရှေ့အရပ်မှ လျှပ်စီးကို ဖန်တီးခဲ့ပါသည်။ နောက်ဆုံးသောကာလများတွင် အနန္တတန်ခိုးရှင် ဘုရားသခင်၏ လုပ်ဆောင်မှုများကိုလက်ခံသည့်သူများအားလုံး နှင့် ဘုရားသခင်၏နှုတ်ကပတ်တော်ဖြင့် သိမ်းပိုက်စိုးမိုးပြီး ကယ်တင်ခြင်းခံရသောသူများဖြင့် ပြုလုပ်ထားခြင်း ဖြစ်သည်။ ကိုယ်တော်ကိုယ်တိုင် အားလုံးကိုတည်ထောင်ခြင်းဖြစ်ပြီး သိုးထိန်းကဲ့သို့သူကိုယ်တိုင်ဦးဆောင်ခဲ့သည်။ လူသားတဦးအားဖြင့် ဖန်တီးခဲ့ခြင်း လုံးဝမဟုတ်ပါ။ ခရစ်တော်သည် သမ္မာတရား၊ လမ်းခရီးနှင့် အသက်ဖြစ်သည်။ ဘုရားသခင်၏ သိုးများသည် ဘုရားသခင်၏ အသံကိုကြားပါသည်။ အနန္တတန်ခိုးရှင် ဘုရားသခင်၏ နှုတ်ကပတ်တော်ကို ဖတ်နေသရွေ့ ဘုရားသခင်သည် ပေါ်ထွန်းခဲ့ကြောင်း သင်သိရှိရလိမ့်မည်။
အထူးဖော်ပြချက်။ ဤဗီဒီယို ထုတ်လုပ်မှုသည် အနန္တတန်ခိုးရှင်ဘုရားသခင် အသင်းတော်မှ အမြတ်အစွန်းအတွက် မရည်ရွယ်သည့် လုပ်ဆောင်ချက်အနေဖြင့် ထုတ်လုပ်ပါသည်။ ဤဗီဒီယိုကို အခြားမည်သည့်အဖွဲ့အစည်းကိုမှ အကျိုးအမြတ်အတွက် ဖြန့်ဝေခြင်း မပြုလုပ်နိုင်ပါ။ အားလုံးက ဤဗီဒီယိုကို ပွင့်လင်းစွာ ဝေမျှ ဖြန့်ဝေဖို့ မျှော်လင့်ပါသည်။ ဖြန့်ဝေသည့်အခါတွင် ကျေးဇူးပြု၍ ရင်းမြစ်ကို သတိပြုပါ။ အနန္တတန်ခိုးရှင်ဘုရားသခင် အသင်းတော်မှ ခွင့်ပြုချက်မပါဘဲ မည်သည့်အဖွဲ့အစည်း၊ လူမှုရေးရာအဖွဲ့ သို့မဟုတ် တစ်ဦးတစ်ယောက်က ဤဗီဒီယို၏ အချက်အလက်များကို စွက်ဖက်ခြင်း သို့မဟုတ် မှားယွင်းစွာတင်ပြခြင်း မပြုလုပ်ရပါ။",,,,,,
<urn:uuid:38cebacd-7f0f-403e-90e1-c9a3bfadfa41>,"ျမန္မာႏိုင္ငံလံုးဆိုင္ရာ ဗုဒၶဘာသာယဥ္ေက်းလိမၼာျပန္႔ပြားေရးအဖြဲ႔(ဗဟို)၏ မႈဝါဒစည္းမ်ဥ္းပါ ညီေနာင္အဖြဲ႔အစည္းမ်ားႏွင့္ အားေပးကူညီလက္တြဲသြားရန္ဟူေသာ မႈဝါဒအတိုင္း စတုတၳအၾကိမ္ေျမာက္ သုတစံုလင္ဗုဒၶဝင္စာေမးပြဲကို ျမန္မာႏိုင္ငံလံုးဆိုင္ရာ ဗုဒၶဘာသာယဥ္ေက်းလိမၼာျပန္႔ပြားေရးဗဟိုအဖြဲ႔ခြဲ(၁)၊ ေနျပည္ေတာ္ယဥ္ေက်းလိမၼာစင္တာ ဓမၼေက်ာင္းေတာ္ ဗုဒၶဘာသာယဥ္ေက်းလိမၼာ နည္းျပဆရာျဖစ္သင္တန္းဌာန ရန္ကင္းေတာရ ပရိယတ္ ပဋိပတ္ဌာနမွ ေနျပည္ေတာ္ေကာင္စီအေနႏွင့္ ျမန္မာႏိုင္ငံအလယ္ပိုင္းအတြက္ စာေျဖဌာနတစ္ခုအျဖစ္ ၾကီးမွဴးက်င္းပရန္ လုပ္ငန္းေဆြးေႏြးပဲြကို ရန္ကင္းေတာရ ဝိသုံဂါမသိမ္အစည္းအေဝးခန္းမ၌ (၁၈.၃.၂၀၁၅)ဗုဒၶဟူးေန႔ ေန႔လည္တြင္ က်င္းပခဲ့ပါသည္။
ေနျပည္ေတာ္ေကာင္စီနယ္ေျမမွ ဓမၼေက်ာင္းေတာ္မ်ား၊ ဓမၼစကူးမ်ား၊ ယဥ္ေက်းလိမၼာသင္တန္းမ်ားမွ လူငယ္ေမာင္မယ္မ်ားသည္ သု႔တစံုလင္ဗုဒၶဝင္စာေမးပဲြကို ေနျပည္ေတာ္တြင္ လြယ္ကူစြာေျဖဆိုႏိုင္ေတာ့မည္ျဖစ္ပါသည္။ သုတစံုလင္ဗုဒၶဝင္စာေမးပြဲသို႔ ဝင္ေရာက္ေျဖဆိုမည့္ လူငယ္ေမာင္မယ္မ်ားကို အဖက္ဖက္မွ အမွားအယြင္းမရွိေစရန္ႏွင့္ သန္႔ရွင္းေသာ စာေျဖဌာနအအျဖစ္ ရပ္တည္ရန္ကိစၥမ်ားကို ေဆြးေႏြးခဲ့ပါသည္။ စာေမးပဲြက်င္းပရာတြင္လုိအပ္သည့္ ေနရာဌာနမ်ား၊ အၾကိဳအပို႔ယဥ္မ်ား၊ စာေမးပြဲအတြင္းအျပင္ ဆရာ ဆရာမမ်ား၊ လံုျခံဳေရးမ်ား၊ က်န္းမာေရးေဆးေပးခန္းမ်ား၊ စာေမးပြဲႏွင့္ပတ္သတ္သည့္ စာရြကfစာတမ္းမ်ား စသည္တို႔ကို မည္သို႔စနစ္တက် စီမံခန္႔ခြဲရမည္မ်ားကို စာေမးပြဲက်င္းပေရး ဦးစီးေကာ္မတီဥကၠဌ ေဒါက္တာေပၚျမင့္ဦးႏွင့္ ဒုဥကၠဌ ဦးေအာင္ျမင့္(ျမိဳ႕နယ္ပညာေရးမႈးျငိမ္း)တို႔မွ ဦးေဆာင္တာဝန္ယူေဆာင္ရြက္သြားမည္ျဖစ္ပါသည္။၎စာေမးပြဲက်င္းပရာတြင္ လိုအပ္သည့္ဘ႑ာေရးကိုလည္း ဘ႑ာေရးအဖြဲ႔မွ တင္ျပေဆြးေႏြးခဲ့ၾကပါသည္။ ပထမအဆင့္ႏွင့္ ဒုတိယအဆင့္စာေမးပြဲကို ေနျပည္ေတာ္ မဂၤလာဗ်ဴဟာခန္းမၾကီးအတြင္း က်င္းပျပဳလုပ္သြားမည္ျဖစ္ပါသည္။
သုတစံုလင္ ဗုဒၶဝင္ စာေမးပြဲဝင္ေရာက္ေျဖဆိုေစျခင္း၏ ရည္ရြယ္ခ်က္မွာ
တိုင္းျပည္၏အနာဂတ္ကို ပုိင္ဆိုင္ထားၾကသည့္ ဗုဒၶဘာသာဝင္ လူငယ္ေမာင္မယ္မ်ား ျမတ္ဗုဒၶ၏ ဘဝျဖစ္ေတာ္စဥ္ကို အေသးစိတ္ ထဲထဲဝင္ဝင္ ေလ့လာခြင့္ရရွိကာ မိမိတို႔ကိုးကြယ္သည့္ ဘာသာတရား၏ အတိမ္အနက္ကိုလည္း လက္ေတြ႔က်က် က်ယ္က်ယ္ျပန္႔ျပန္႔ သိရိျပီး အမ်ိဳးဘာသာ သာသနာကို ခ်စ္ျမတ္ႏိုးတတ္လာေစရန္ ရည္ရြည္ပါသည္။
ၿပိဳင္ပြဲအစီအစဥ္
ျပိဳင္ပြဲဝင္ေက်ာင္းသား ေက်ာင္းသူမ်ား ။ ။ ဓမၼေက်ာင္းေတာ္၊ ဓမၼစကူးလ္၊ ဗုဒၶဘာသာယဥ္ေက်းလိမၼာသင္တန္းစသည့္ ေက်ာင္းသား ေက်ာင္းသူမ်ားျဖစ္ရပါမည္။
ပညာအရည္အခ်င္း ။ ။ အေျခခံပညာအလယ္တန္းအဆင့္ (၅-တန္း၊ ၆-တန္း၊ ၇-တန္း၊ ၈-တန္း ေျဖဆိုျပီး) အသက္ (၁၄)ႏွစ္ေအာက္ျဖစ္ရပါမည္။
ၿပိဳင္ပြဲပံုစံႏွင့္က်င္းပမည့္ရက္စြဲ
ပထမအဆင့္ ေျဖဆိုရက္ ။ ။၁၁.၄.၂၀၁၅(ေသာၾကာေန႔)
ဒုတိယအဆင့္ ေျဖဆိုရက္ ။ ။၂၀.၄.၂၀၁၅(တနလၤာေန႔)
စာေမးပြဲေျဖဆိုမည့္ေနရာ ။ ။ မဂၤလာဗ်ဴဟာခန္းမ ဗိမာန္ေတာ္ၾကီး၊ ပ်ဥ္းမနား၊ ေနျပည္ေတာ္။
ျမန္မာႏိုင္ငံလံုးဆိုင္ရာ ဗုဒၶဘာသာယဥ္ေက်းလိမၼာျပန္႔ပြားေရးအဖြဲ႔(ဗဟို)၏ မႈဝါဒစည္းမ်ဥ္းပါ ညီေနာင္အဖြဲ႔အစည္းမ်ားႏွင့္ အားေပးကူညီလက္တြဲသြားရန္ဟူေသာ မႈဝါဒအတိုင္း စတုတၳအၾကိမ္ေျမာက္ သုတစံုလင္ဗုဒၶဝင္စာေမးပြဲကို ျမန္မာႏိုင္ငံလံုးဆိုင္ရာ ဗုဒၶဘာသာယဥ္ေက်းလိမၼာျပန္႔ပြားေရးဗဟိုအဖြဲ႔ခြဲ(၁)၊ ေနျပည္ေတာ္ယဥ္ေက်းလိမၼာစင္တာ ဓမၼေက်ာင္းေတာ္ ဗုဒၶဘာသာယဥ္ေက်းလိမၼာ နည္းျပဆရာျဖစ္သင္တန္းဌာန ရန္ကင္းေတာရ ပရိယတ္ ပဋိပတ္ဌာနမွ ေနျပည္ေတာ္ေကာင္စီအေနႏွင့္ ျမန္မာႏိုင္ငံအလယ္ပိုင္းအတြက္ စာေျဖဌာနတစ္ခုအျဖစ္ ၾကီးမွဴးက်င္းပရန္ လုပ္ငန္းေဆြးေႏြးပဲြကို ရန္ကင္းေတာရ ဝိသုံဂါမသိမ္အစည္းအေဝးခန္းမ၌ (၁၈.၃.၂၀၁၅)ဗုဒၶဟူးေန႔ ေန႔လည္တြင္ က်င္းပခဲ့ပါသည္။",,,,,,
<urn:uuid:2fc15965-8c56-4b01-928b-32f60517a2a9>,"ကေနဒါႏုိင္ငံကို ေရာက္ရွိေနတဲ႔ ႏိုင္ငံေတာ္ အတုိင္ပင္ခံ ပုဂၢိဳလ္ ေဒၚေအာင္ဆန္းစုၾကည္က ကေနဒါ ၀န္ႀကီးခ်ဳပ္၊ ေနာက္ လႊတ္ေတာ္အမတ္ေတြနဲ႔ ေတြ႔ဆံုဖို႔ ဒီကေန႔ ၿမိဳ႕ေတာ္ ေအာ့တ၀ါကို ခရီးဆက္ပါတယ္။ ေဒၚေအာင္ဆန္းစုၾကည္ရဲ႕ ကေနဒါ ႏုိင္ငံ ခရီးစဥ္ အတြင္း တိုင္းရင္း ေဒသေတြက စစ္ေရး ပဋိပကၡေတြနဲ႔ လူ႔အခြင့္အေရး ခ်ိဳးေဖာက္မႈေတြကို ဖိအားေပး ေျပာဆိုဖို႔ ကေနဒါ အစိုးရကို ကေနဒါေရာက္ ကရင္ လူမႈ အသိုင္းအ၀ိုင္းက တိုက္တြန္းပါတယ္။ အထူးသျဖင့္ ထိုင္းႏုိင္ငံမွာ ခုိလံႈေနရတဲ႔ ကရင္ ဒုကၡသည္ေတြ ေနရပ္ရင္းျပန္ဖို႔ အခ်ိန္မတန္ေသးတဲ႔ အေၾကာင္းနဲ႔ ကြဲကြာေနတဲ႔ မိသားစုေတြ ျပန္လည္ ေပါင္းစည္းႏုိင္ေရး ေဒၚေအာင္ဆန္းစုၾကည္က ကူညီေပးေစ လိုတယ္လို႔လည္း ေျပာဆိုပါတယ္။ မသိဂၤ ီထိုက္ စုစည္းတင္ျပထားပါတယ္။
ကေနဒါ ႏုိင္ငံ ၿမိဳ႕ေတာ္ ေအာ့တ၀ါကို ဒီကေန႔ ေဒၚေအာင္ဆန္းစုၾကည္ ေရာက္ရွိၿပီး မနက္ျဖန္မွာေတာ့ ကေနဒါ ၀န္ႀကီးခ်ဳပ္၊ ေနာက္ လႊတ္ေတာ္ အမတ္ေတြ အပါအ၀င္ အစိုးရပိုင္းနဲ႔ ေတြ႔ဆံု ေဆြးေႏြးမွာ ျဖစ္ပါတယ္။ေဒၚေအာင္ဆန္းစုၾကည္နဲ႔ ေတြ႔ဆံုတဲ႔ အခ်ိန္မွာ ကေနဒါ အစိုးရ ေနာက္ လႊတ္ေတာ္ အမတ္ေတြ အေနနဲ႔ လူနည္းစု တိုင္းရင္းသား ေဒသေတြက လူ႔အခြင့္အေရး ခ်ိဳးေဖာက္မႈေတြ၊ စစ္ေရး ပဋိပကၡေတြနဲ႔ ပတ္သက္ၿပီး တိုက္တြန္းေျပာဆိုဖို႔ ကေနဒါေရာက္ ကရင္လူမႈ အသိုင္းအ၀ိုင္းက တိုက္တြန္းပါတယ္။ ကေနဒါေရာက္ ကရင္ လူမႈ အသိုင္းအ၀ိုင္းရဲ႕ ဒုတိယ ဥကၠဌ ေစာဦးကြယ္က ဒုကၡသည္ေတြအေရးနဲ႔ ပတ္သက္ၿပီး ေဒၚေအာင္ဆန္းစုၾကည္ဘက္က ေဆာင္ရြက္ေပးေစလိုတယ္လို႔ အခုလို ေျပာပါတယ္။
“ဒုကၡသည္ ကိစၥကေတာ့ အေလးထားရမယ္။ အခု ကရင္ျပည္မွာ ဆိုရင္ TBC ျဖစ္ျဖစ္၊ UNHCR ျဖစ္ျဖစ္ သူတို႔ ေျပာတာက ေနာက္ဆို ရိကၡာ မရွိေတာ့ဘူး။ ဒုကၡသည္ေတြ ျပန္ပို႔မယ္႔ အစီအစဥ္ ရွိတယ္။ အခု အခ်ိန္က ဒုကၡသည္ေတြကို ျပန္မပို႔ေသးပါနဲ႔။ အေျခအေန မေကာင္းေသးပါဘူး။ ကရင္ျပည္မွာဆို ဗံုးေတြ ဘာေတြ လည္း ရွိေသးတယ္။ စစ္တပ္လည္း ျပန္မဆုတ္ေသးဘူး။ ေနာက္ၿပီးလည္း ျပည္သူ လူထုေတြက ဒုကၡသည္ စခန္းေတြမွာ လာေနတာ ႏွစ္ ၂၀ - ၃၀ ရွိေနၿပီ။ ျဗဳန္းကနဲ ျပန္လည္း သူတို႔ ဘာမွ လုပ္စားမတတ္ဘူး။ ”
ဒုကၡသည္ေတြ ေနရပ္ရင္းကို လံုျခံဳေဘးကင္းစြာ ျပန္ႏုိင္ေရး အတြက္ အာမခံခ်က္၊ ကရင္ ျပည္နယ္တြင္း အိုးအိမ္စြန္႔ခြာ ထြက္ေျပးေနၾကရတဲ႔ လူေပါင္း ၆ သိန္း အတြက္ စားနပ္ရိကၡာ အပါအ၀င္ လူသားခ်င္း စာနာေထာက္ထားမႈ ဆိုင္ရာအကူအညီေတြကို ေထာက္ပံ႔ေပးမယ့္ အေျခအေနေတြကို ကေနဒါ အစိုးရ အေနနဲ႔ ေဒၚေအာင္ဆန္းစုၾကည္ကို ေမးခြန္းထုတ္ဖို႔လည္း တိုက္တြန္းထားတာပါ။ ဒါ႔အျပင္ တတိယ ႏုိင္ငံေတြမွာ အေျခခ်တဲ႔ ဒုကၡသည္ေတြၾကား မိသားစုေတြ တကြဲတျပား ျဖစ္ေနတာေတြကို ျပန္လည္ စံုစည္းႏုိင္ဖို႔ ေဒၚေအာင္ဆန္းစုၾကည္ဘက္က ကူညီေပးႏုိင္ဖို႔လည္း ေမွ်ာ္လင့္တယ္လို႔ ကရင္ လူမႈ အသိုင္းအ၀ိုင္းရဲ႕ ဒုတိယ ဥကၠဌ ေစာဦးကြယ္က ေျပာပါတယ္။
“ တခ်ိဳ႕မိသားစု တကြဲတျပားေတြ ရွိေသးတယ္။ အဲဒီ ကိစၥေတြကို နည္းနည္း ကူညီေပးပါ။ ကေနဒါ အစိုးရကိုလည္း ေျပာေပးပါ။ ၿပီးေတာ့ ထိုင္းအစိုးရကိုလည္း ေျပာေပးေစခ်င္တယ္။ က်ေနာ္တို႔ ျမန္မာျပည္သားေတြက ဒီကိစၥေတြ ခံစားရတာ ၾကာေနၿပီ။ ေဒၚေအာင္ဆန္းစုၾကည္လည္း တခ်ိဳ႕လည္း သိမယ္၊ တခ်ိဳ႕လည္း မသိဘူး။ ဒါေၾကာင့္မို႔လို႔လည္း က်ေနာ္တို႔ ေပးတဲ႔စာကို ဖတ္ၿပီးေတာ့ ေကာင္းေကာင္းမြန္မြန္ စဥ္းစားေပးပါလို႔ အဲလိုဘဲ ေျပာခ်င္ပါတယ္။ ေဒၚေအာင္ဆန္းစုၾကည္ကို။ ”
ရခုိင္ျပည္နယ္က လူ႔အခြင့္အေရး ခ်ိဳးေဖာက္မႈေတြကို စံုစမ္းမယ့္ ကုလသမဂၢရဲ႕ အခ်က္အလက္ရွာမယ့္ လုပ္ငန္းစဥ္ အေပၚ ျမန္မာ အစိုးရက ပူးေပါင္းေဆာင္ရြက္မႈ၊ ေနာက္ ျမန္မာႏုိင္ငံတြင္းက ဗမာ မဟုတ္တဲ႔ တိုင္းရင္းသားေတြ အေပၚ ျမန္မာ စစ္တပ္ရဲ႕ ထိုးစစ္ေတြကို အစိုးရက ေရငံုႏႈတ္ပိတ္ ေနရတဲ႔ အေၾကာင္းရင္းေတြကို ေဒၚေအာင္ဆန္းစုၾကည္ကို ေျပာဆိုဖု႔ိဆိုၿပီး ကေနဒါေရာက္ ကရင္ လူမႈ အသိုင္းအ၀ိုင္းက ေၾကညာခ်က္ထုတ္ၿပီး ေတာင္းဆိုတာပါ။ ေဒၚေအာင္ဆန္းစုၾကည္ အေနနဲ႔ ကေနဒါ ခရီးစဥ္ အတြင္း ကေနဒါ အစိုးရဘက္က ဖိအားေပးမယ့္ အေျခအေန ရွိႏုိင္လားဆိုတာကိုေတာ့ ေအာ္တ၀ါ ျမန္မာ အသိုင္းအ၀ိုင္းက ကိုေအာင္ခိုင္ျမင့္က အခုလို ရႈျမင္ပါတယ္။
“ ကေနဒါ အစိုးရ အေနနဲ႔ ဖိအားေပးေရးထက္ စာရင္ သူတို႔ အေနနဲ႔က ျမန္မာျပည္ ဒီမိုကေရစီ အသြင္ကူးေျပာင္းေရးကို နဂိုကတည္းက သူတို႔က ကူညီပံ႔ပိုးမႈေတြ ရွိတယ္။ အနာဂတ္မွာလည္း ျမန္မာ့ ဒီမိုကေရစီ ဖယ္ဒရယ္ ျပည္ေထာင္စု အတြက္ကို အကူအညီေတြ ေပးသြားမယ္လို႔ ေမွ်ာ္လင့္ပါတယ္။”
ျမန္မာႏုိင္ငံရဲ႕ ဒီမိုကေရစီ အေရး၊ တရားဥပေဒ စိုးမိုးေရးနဲ႔ ၿငိမ္းခ်မ္းေရး လုပ္ငန္းစဥ္မွာ ကေနဒါ ႏုိင္ငံက အခိုင္အမာ ရပ္တည္ ေဆာင္ရြက္ေနတာ ျဖစ္တယ္။ ျမန္မာႏုိင္ငံတြင္းက လူနည္းစု တိုင္းရင္းသားေတြ၊ လူနည္းစု ဘာသာ၀င္ေတြ၊ အမ်ိဳးသမီးေတြနဲ႔ လူငယ္ေတြကို အထူးအေလးထားၿပီး ျမန္မာႏုိင္ငံရဲ႕ ျပဳျပင္ေျပာင္းလဲေရး လုပ္ငန္းစဥ္မွာ ကေနဒါဘက္က ဆက္ၿပီး ေထာက္ခံေဆာင္ရြက္သြားမယ္လို႔ကေနဒါ ၀န္ႀကီးခ်ဳပ္ Justin Trudeau က ေဒၚေအာင္ဆန္းစုၾကည္ ခရီးစဥ္ အႀကိဳ ေၾကညာခ်က္မွာ ေျပာဆိုခဲ႔တာပါ။",,,,,,
<urn:uuid:dee960aa-ce88-4c51-b921-16921040f919>,"Mustafa Centre ဟာ Little India က Syed Alwi လမ်းပေါ်မှာရှိပြီး စင်ကာပူနိုင်ငံရဲ့ 24နာရီ ဖွင့်လှစ်တဲ့ဈေးဝယ်စင်တာပဲဖြစ်ပါတယ်။Ferrer ပန်းခြံကနေပြီးတော့ အရှေ့မြောက်ဘက်အတိုင်းသွားမယ်ဆိုရင်အမျိုးအစားများပြားလှတဲ့ ထုတ်ကုန်တွေ နဲ့ဝန်ဆောင်မှုတွေရှိပြီး ဈေးဆိုင်ပိုင်ရှင်တွေအတွက်တော့အကောင်းဆုံး လက်ကားရောင်းချရာဆွဲဆောင်မှုရှိတဲ့နေရာအဖြစ် Mustafa Centre ကိုတွေ့ရမှာပဲဖြစ်ပါတယ်။
Mohamed Mustafa နဲ့ Samsudin Co Pte Ltd(MMSC) တို့လက်တွဲပြီး အသင့်ချုပ်လုပ်ပြီးသား အဝတ်အထည်တွေနဲ့ လျှပ်စစ်ပစ္စည်းတွေရောင်းချခဲ့ပါတယ်။၁၉၈၅ မှာတော့ Mustaq ဟာ သူ့ရဲ့ စီးပွားလုပ်ကိုင်ရာနေရာကို Serangoon Plaza ရဲ့ မြေညီထပ်ကို ရွှေ့ပြောင်းခဲ့ပါတယ်။",,,,,,
<urn:uuid:62ce4902-23d0-4ef2-9fa0-a6675f0b2f91>,မြန်မာစားသုံးသူတွေကို အကာကွယ်ပေးနိုင်မယ့် ဥပဒေ အသစ်တွေကို ရေးဆွဲ နေပြီး မကြာခင်မှာ ပြန်ဌာန်းနိုင်လိမ့်မယ်လို့ မျှော်လင့်ကြောင်း FDA မြန်မာနိုင်ငံ အစားအသောက်နှင့် ဆေးဝါးကွပ်ကဲရေး ဦးစီးဌာန ညွန်ကြားရေးမှူးချုပ် ဒေါက်တာ သန်းထွဋ်က ပြောပါတယ်။ ဒီအတောအတွင်း စားသုံးသူများ အသိပညာပေးရေး လုပ်ငန်းတွေကိုလည်း မြို့ပြနဲ့ ကျေးလက် ဒေသတွေ အထိ ဆောင်ရွက်နေတယ်လို့ ဆိုပါတယ်။ FDA ညွန်ကြားရေးမှူးချုပ် ဒေါက်တာ သန်းထွဋ်ကို ဆက်သွယ် မေးမြန်းပြီး အခုသီတင်းပတ်ရဲ့ စီးပွားရေးကဏ္ဍမှာ အပိုင်း (၂) အဖြစ်နဲ့ ကိုဇော်ဝင်းလှိုင်က တင်ပြပေးထားပါတယ်။,,,,,,
<urn:uuid:204898cc-4ee5-4531-8479-249ef560df5c>,"ဂျော်တို (ပန်းချီဆရာ)
ဂျော်တို (ခရစ် ၁၂၆၆-၁၃၃၇)[ပြင်ဆင်ရန်]
ဣတာလျံလူမျိုး ကမ္ဘာကျော် ပန်းချီဆရာကြီး ဂျော်တိုသည် ဥရောပတိုက်တွင် အနုပညာရပ်များ ပြန်လည် ဆန်းသစ်လာ စက ထွန်းကားခဲ့သည်။ သူ၏နာမည်အပြည့်အစုံမှာ ဂျော်တိုဒီ ဗွန်ဒိုးနေး ဖြစ်သည်။ ဂျော်တိုသည် အီတလီမြောက်ပိုင်းရှိ ဖလော်ရင့်မြို့အနီး ရွာကလေးတစ်ရွာတွင် မွေးသည်ဟု အဆို ရှိသည်။ သူ၏ဖခင်မှာ လယ်ပိုင်ရှင်တစ်ဦးဖြစ်၍ ကိုယ်ပိုင် လယ်ယာများကို လုပ်ကိုင်ခြင်းဖြင့် အသက်မွေးမြူကြောင်း သိရှိရသည်။ ဂျော်တိုသည် ကလေးဘဝက လမ်းပေါ်တွင် သိုးရုပ်တစ်ရုပ် ရေးဆွဲနေသည်ကို ထိုအခါက ထင်ရှားသော ပန်းချီဆရာကြီး ချီမားဗူဧက တွေ့သဖြင့် ဂျော်တိုကို ခေါ်သွား ပြီးလျှင် ပန်းချီအတတ်ကို သင်ကြားပေးသည်ဟု ဆိုသည်။
ဂျော်တိုသည် ချီမားဗူဧနှင့် တွေ့ပြီးနောက် ထိုဆရာကြီးထံမှာပင် တပည့်ခံကာ ပန်းချီပညာကို လေ့လာလိုက်စားခဲ့ရာ မူလ ပါရမီခံရင့်သန်ပြီးသူဖြစ်သည့် အတိုင်း မကြာမီပင် ပန်းချီ အတတ်တွင် ထက်မြက်ထူးချွန်လာလေသည်။ ဘဝကို ဖော်ကျူး ရာတွင် ဂျော်တိုသည် သူမတူအောင် ကောင်းမွန်သေချာ လှသည်။
ဂျော်တိုရှေးဦးစွာ ရေးဆွဲခဲ့သော ပုံများမှာ အဆီဇီဘုရားရှိ ခိုးကျောင်းအတွင်းရှိ အဆီဇီစိန်ဖရန်းစစ်၏ အတ္ထုပ္ပတ္တိကား များ ဖြစ်သည်။ သူသည် လူပုံများကို ရေးဆွဲရာတွင် သက်ရှိ လူများကို ကြည့်၍ ရေးဆွဲလေ့ရှိသည်။ ထိုပန်းချီကားများကို သူ၏ ဆရာကြီးကိုယ်တိုင် စတင်ရေးဆွဲ၍ အပြီးမသတ်သေခင် ကွယ်လွန်သွားသောကြောင့် ဂျော်တိုကပင်တာဝန်ယူ၍ အပြီး သတ်သည်အထိ ဆက်လက်ရေးဆွဲခဲ့သည်ဟု အဆိုရှိသည်။ ထိုနောက် ပက်ဒူအားမြို့သို့ သွားရောက်ပြီးလျှင် ရှေးခေတ် ရောမပြည်၏ အရီနာမြို့တည်ရာအရပ်ရှိ စိန်မေရီဘုရားရှိခိုး ကျောင်း၏ အတွင်းဖက် ၄ မျက်နှာလုံးကို ပန်းချီကားများ ရေးဆွဲပေးလေသည်။
ရောမမြို့တွင် စိန်ပီတာဘုရားရှိခိုးကျောင်းကြီးကို တည် ဆောက်ပြီးသောအခါ အတွင်းဖက်၌ တန်ဆာဆင်ယင်ရန် အတွက် နိုင်ငံတွင်းရှိ သုခုမပညာသည်များကို ပုပ်ရဟန်းမင်း၏ အမိန့်ဖြင့် လိုက်လံရှာဖွေ၍ လက်ရာများကို တောင်းယူသည်။ ထိုသူများအနက် ဂျော်တိုအား စိတ်တိုင်းကျသဖြင့် အလျင် အမြန်ခေါ်ယူ၍ ရေးခြယ်စေသည်။
ဂျော်တိုသည် အလုပ်နှင့်လက်မပြတ်ဘဲ အချိန်ရှိသမျှ ပန်းချီ ကားများကို ရေးခြယ်နေသောပညာသည်ကြီးဖြစ်သည်။ ကမ္ဘာ့ စာပေသမိုင်းတွင် ထင်ရှားလှသော စာဆိုတော်ကြီး ဒန်တီမှာ သူနှင့် ရင်းနှီးခင်မင်သော မိတ်ဆွေဖြစ်သည့်ပြင် အကြံဉာာဏ် ပေးပုဂ္ဂိုလ်လည်း ဖြစ်သည်။ ဂျော်တို၏လက်ရာကောင်းများ သည် ပန်းချီကားများအဖြစ်သာ အများအပြား ကျန်ရစ်သော ကြောင့် သူ့အား ပန်းချီဆေးရေးအတတ်၌သာ ကျွမ်းကျင်သူဟု ထင်မြင်ဖွယ်ဖြစ်သော်လည်း ဗိသုကာ အတတ်နှင့် ရုပ်လုံးဖော် အတတ်တွင်လည်း ကျွမ်းကျင်လှသူ ဖြစ်သည်။ ဖလော်ရင့်မြို့ရှိ ဂျူအိုမိုဘုရားရှိခိုးကျောင်း ခေါင်းလောင်းစင်ကြီးနှင့် ဂျော်တို မျှော်စင် အဆောက်အအုံကြီးများ၏ ပုံစံများမှာ ဂျော်တိုရေးဆွဲခဲ့ သော ပုံစံများ ဖြစ်သည်သာမက သူကိုယ်တိုင်ကြီးကြပ်ဆောက် လုပ်ခဲ့ရသော အဆောက်အအုံကြီးများ ဖြစ်ပေသည်။ သို့ရာတွင် ထိုအဆောက်အအုံကြီးများ ဆုံးခန်းသို့ မရောက်မီ ၁၃၃၇ ခုနှစ် ၌ ပန်းချီဆရာကြီး ဂျော်တို ကွယ်လွန်လေသည်။ သူ၏တပည့် များက ဆက်လက်၍ လက်စသတ်သည်။ သူ၏ ရုပ်အလောင်း ကို ကြီးကျယ်ခမ်းနားစွာ ဂုဏ်ပြုလျက် သူတည်ဆောက်ထား ခဲ့သော ဖလော်ရင့်မြို့ရှိ ထင်ရှားသည့် ဂျူအိုမိုဘုရားရှိခိုး ကျောင်းကြီးအတွင်း၌ အမှတ်တရမြှုပ်နှံထားကြလေသည်။
ကိုးကား[ပြင်ဆင်ရန်]
- မြန်မာ့စွယ်စုံကျမ်း၊ အတွဲ(၃)",,,,,,
<urn:uuid:c8fd056a-8b1a-4ec8-9173-a1b7213480c7>,"သင့်ကလေး၏ သူငယ်ချင်းအဖြစ် နေပါ။
တစ်ခါတစ်ရံ သင့်ကလေးသည် သူတို့၏ ပြဿနာအကြောင်း သင့်ကို မပြောလိုကြပါ။ ထိုအခါမျိုးတွင် သင့်ကလေးကို ဖိအားများအောင် မေးဖို့ကြိုးစားမည့် အစား သူ့အတွက် အဆင်သင့် ရှိနေဖို့လိုသည်။ သူတို့ပြောလိုသော အချိန်တွင် သူတို့ဘက်၌ အဆင်သင့် အမြဲရှိနေကြောင်း သင့်ကလေးအား သိထားစေသင့်သည်။
သင့်ကလေးသည် အထိမခံ၍ တစ်ယောက်တည်း ထားခဲ့မှာကို ကြောက်တတ်လျှင် လမ်းလျှောက်ထွက်ခြင်း၊ ရုပ်ရှင်ကြည့်ခြင်း၊ ညစာချက်ခြင်း ကဲ့သို့သော ပျော်ရွှင်ဖွယ်ရာများကို သင့်ကလေးနှင့်အတူ လုပ်နိုင်သည်။ ထိုသို့လုပ်ဆောင်ခြင်းဖြင့် သင့်ကလေး ပြောလိုလာလျှင် ပြောပြလာလိမ့်မည်။
သင့်ကလေးအား စိတ်ဖိစီးမှုဒဏ်ကို ခံနိုင်ရည်ရှိအောင် သေချာလေး ပြုစု ပျိုးထောင်ပေးလိုက်စို့လား ………….",,,,,,
<urn:uuid:58a20ee2-2ff4-4912-a935-c51e5523b6d2>,"ၾကက္ဥေမႊေၾကာ္နဲ႔ တုံယမ္းထမင္း
ထုိင္းအန႔ံအရသာစစ္စစ္ အေကာင္းဆုံးဟင္းလ်ာမ်ား တင္ဆက္ျခင္း
ပါ၀င္ပစၥည္းမ်ား
ျပင္ဆင္နည္း
-
လွီးျဖတ္ထားေသာ ပုစြန္အလတ္စား 15 ဂရမ္
-
ငရုတ္သီးအႏွစ္ 0.5 လက္ဖက္ရည္ဇြန္း
-
ပါးပါးလွီးထားေသာ ေရွာက္ဘီလူးရြက္ 1 ခု
-
-
-
ဆီ
-
ၾကက္ဥ 1 ခု
-
လွီွးၿပီးသား စပါးလင္ 1 ခု
-
လွီးျပီးသား ပီႏွံငရုတ္သီး 1 ခု
-
ႏုပ္ႏုပ္စဥ္းထားေသာ ဂဏန္းေခ်ာင္း 1 ခု
ျပင္ဆင္ပံု
-
ျပင္ဆင္နည္း
- ၾကက္ဥ၊ လွီးျဖတ္ထားေသာ ပုစြန္၊ ငရုတ္သီးအႏွစ္၊ ႏုတ္ႏုတ္စဥ္းထားေသာ ေရွာက္ဘီလူးရြက္၊ လွီးၿပီးသား ငရုတ္နီ၊ လွီွးၿပီးသား စပါးလင္၊ ခေနာဘက္စံုသံုးဟင္းခတ္ၾကက္သားမွဳန္႕ နဲ႔ ခေနာသံပုရာမႈန္႔ တုိ႔အားလုံးကုိ ေရာေႀကာ္ပါ။
- ထို့ေနာက္ ဆီပူေနေသာဒယ္အုိးထဲသုိ႔ေျဖးေျဖးခ်င္းေလာင္းထည့္ပါ။
- ၾကက္ဥက်က္သြားေသာအခါ ဂဏန္းအသားေခ်ာင္းကုိ ေျဖးေျဖးခ်င္းထပ္ထည့္ပါ။
- အသင့္ျပင္ထားေသာပန္းကန္ထဲသုိ႔ထည့္ၿပီးလွ်င္ ထမင္း၊ ငရုတ္သီးေဆာ့စ္ (သုိ႔) ခရမ္းခ်ဥ္သီးေဆာ့စ္တုိ႔နဲ႔ တြဲဖက္စားသုံး ႏုိင္ပါၿပီ။",,,,,,
<urn:uuid:003928a0-afe6-4a81-90c1-5d91ca0130c2>,စစ်ကောင်စီက ကြေးတပ်နဲ့မတိုက်ခိုက်နိုင်တော့ လေကြောင်းနဲ့ တိုက်ခိုက်မှုတွေဆက်တက်လုပ်နေ တာကိုတွေ့ရတယ်။ အထူးသဖြင့် ချင်းပြည်နယ်တစ်ဝိုက်မှာရှိတဲ့ ပြည်သူ့ကာကွယ်ရေး တပ်သား တွေကိုပေါ့။ စစ်ကောင်စီဖက်ကအထိနာတာရှိသလို ကိုယ်တွေဖက်ကအထိနာတာတွေလည်းများတယ်။ စစ်တပ်ဟာ နိုင်ငံကိုပတ်ပြီး ကျေးရွာတွေ နေအိမ်တွေကို မီးရှို့၊ အရပ်သားတွေကို သတ်ဖြတ်၊ အမျိုးသမီးတွေ ကို အဓမ္မပြုကျင့်တာတွေ ပေါ်ပေါ်ထင်ထင်လုပ်နေပြီ။ အရပ်သား၊ ကျေးရွာတွေကို ဗုံးကြဲ တိုက်ခိုက်တာကိုလည်း ပေါ်ပေါ်ထင်ထင်ပဲလုပ်နေပြီ။ စစ်တပ်ကို မြန်မာပြည်သူပြည်သားတွေအနေနဲ့ ဘယ်လိုမှ ခွင့်လွှတ်နိုင်စရာအကြောင်းမရှိဘူး။,,,,,,
<urn:uuid:ae99e1b5-7158-4597-be4b-dbd525471b80>,"ဘားအံမြို့ သရက်တော်ကျောင်းတိုက်က စာချသံဃာနှင့်ကိုရင် ၄၈ ပါး ကိုဗစ်-၁၉ ကူးစက်ခံရ
815
ကရင်ပြည်နယ်၊ ဘားအံမြို့၊ သရက်တောကျောင်းတိုက်က စာချသံဃာတွေအပါအဝင် စာသင်သား ကိုရင် ၄၈ ပါး ကိုဗစ်-၁၉ ရောဂါ ကူးစက်ခံထားရတယ်လို့ သိရပါတယ်။ အောက်တိုဘာ ၂၈ ရက် ည ၆ နာရီ ပြည်နယ်ကျန်းမာရေးဌာနက ထုတ်ပြန်ချက်အရ ကရင်ပြည်နယ်အတွင်း ဓာတ်ခွဲအတည်ပြုလူနာ ၄၅ ဦးမှာ သရက်တောကျောင်းတိုက်က စာချသံဃာတွေနဲ့ စာသင်သား ကိုရင် ၄၄ ပါးနဲ့ အခြားဒေသ (ရန်ကုန်တိုင်းဒေသကြီး) က လူနာ ၁ ဦးတို့ ပါဝင်ပါတယ်။ အောက်တိုဘာ ၂၆ ရက်ညက စာသင်သား ကိုရင် ၁ ပါး အနံ့ပျောက်တာကို ဓာတ်ခွဲစစ်ဆေးရာမှ ကိုဗစ်-၁၉ Positive ၄ ပါး စတင်တွေ့ရှိခဲ့ပြီးနောက် ၄၄ ပါး ကိုဗစ်-၁၉ ရောဂါ ထပ်မံကူးစက်ခံခဲ့ရတယ်လို့ သိရပါတယ်။ ကရင်ပြည်နယ် ကျန်းမာရေးဦးစီးဌာန၊ ပြည်နယ်ဦးစီးမှူး ဒေါက်တာ ကျော်စွာမြင့်က “ထိတွေ့မှုတော့ မရှိသလောက်လို့ သူတို့ပြောတယ်။ သေသေချာချာလေး Information က လိုက်နေတယ်။ ကျနော်တို့ ချထားတဲ့ စည်းကမ်းတွေနဲ့ညီအောင်နေ၊ မနေရင် ကူးဆက်မှုက ဘယ်သူမဆို ရှိလာနိုင်တယ်။” လို့ ပြောပါတယ်။ ပိုးတွေ့ရှိခဲ့တဲ့ ကျောင်းတိုက်အတွင်း စာချဆရာတော် ၁၀ ပါး၊ စာသင်သား ၁၃၀ ပါး ပရိယတ္တိစာပေတွေကို သင်ကြားနေတာဖြစ်ပြီး ကိုဗစ်ရောဂါကာလအတွင်း ကျောင်းဝန်းအတွင်း ဝင်ရောက် ဆွမ်းဆက်ကပ်တာတွေ ခွင့်မပြုပေမယ့် ကျောင်းဝန်းအနီးက အမှတ် ၂ ရပ်ကွက်အတွင်း ရောဂါပိုးတွေ့ရှိထားတဲ့အတွက် အသွားအလာကန့်သတ်မှုတွေ ပြုလုပ်ထားတဲ့ နေရာဖြစ်ပါတယ်။ လက်ရှိ ကျောင်းတိုက်အတွင်း စာသင်သားတချို့ကို ရောဂါစောင့်ကြည့်မှုတွေ ဆောင်ရွက်နေသလို ပြည်နယ်အစိုးရက ဆွမ်းကိစ္စအတွက် စီစဉ်ဆောင်ရွက်ပေးထားတယ်လို့ စာချ ဆရာတော်က မိန့်ပါတယ်။ ကရင်ပြည်နယ်မှာ ဆေးရုံတက်ရောက် ကုသဆဲလူနာ ၁၅၅ ဦး၊ မြဝတီနဲ့ လှိုင်းဘွဲမြို့က သေဆုံးလူနာ ၁ ဦးစီ ရှိပြီး ဒီကနေ့အထိ ဓာတ်ခွဲအတည်ပြုလူနာပေါင်း ၃၃၅ ဦးထိရှိတယ်လို့ ပြည်နယ်ကျန်းမာရေးဦးစီးဌာနက ထုတ်ပြန်ထားပါတယ်။ ဘားအံမြို့နယ်အတွင်း စောင့်ကြည့်လူနာတွေကို မူးယစ်ဆေးဖြတ်စခန်း၊ ဘားအံတက္ကသိုလ်၊ စံဖရီးတန်ဖိုးနည်းအိမ်ရာ၊ ကွန်ပျူတာတက္ကသိုလ်၊ စိုက်ပျိုးရေးသိပ္ပံနဲ့ နည်းပညာတက္ကသိုလ်တွေမှာ Facility Quarantine စင်တာဖွင့်လှစ်ထားရှိပြီး စောင့်ကြည့်မှုတွေဆောင်ရွက်နေပါတယ်။ ရောဂါပိုးတွေရှိသူ များပြားလာတဲ့အတွက် ပြည်သူတွေအနေနဲ့ စည်းကမ်းလိုက်နာပြီး ကျန်းမာရေးဝန်ကြီးဌာနက ထုတ်ပြန်ချက်တွေကို တိတိကျကျ လိုက်နာနေထိုင်ဖို့နဲ့ အပြင်ထွက်တဲ့အခါတိုင်း mask တပ်ဆင်သွားလာဖို့နဲ့ လူထူထပ်ရာတွေကို ရှောင်ရှားသွားလာဖို့ ပြည်နယ်ဦးစီးမှူးက တိုက်တွန်းထားပါတယ်။ ရဲမင်းခေါင်",,,,,,
<urn:uuid:e5fccb8f-77d9-4f29-b75c-94161016482e>,"နန်စီဘွန်ရှိ ရေမဆေးကျောက်ရှာဖွေသူများကို သေနတ်ဖြင့် ပစ်ခတ်နှိမ်နင်းမှု ဥပဒေနှင့် ညီဟုဆို
စစ်ကိုင်းတိုင်းဒေသကြီး၊ ခန္တီးရတနာမြေ နန်စီဘွန်ဒေသရှိ မကျန်ခမှော်တွင် ဖြစ်ပွားခဲ့သည့် ပဋိပက္ခတွင် ရေမဆေးကျောက် ရှာဖွေသူ ၃ ဦး သေနတ်ဖြင့် ပစ်ခတ်ခံရပြီး သေဆုံးမှုသည် အစိုးရအနေဖြင့် ဥပဒေလုပ်ထုံးလုပ်နည်းအတိုင်းသာ ဖြေရှင်းဆောင်ရွက်ခဲ့ခြင်း ဖြစ်ကြောင်း သိရသည်။
မေလ ၁၇ ရက်နေ့က မကျန်ခမှော်တွင် ရေမဆေးကျောက်ရှာဖွေသူများနှင့် လုံခြုံရေးယူထားသည့် ရဲတပ်ဖွဲ့ဝင်များအကြား ပဋိပက္ခ ဖြစ်ပွားပြီး ရဲတပ်ဖွဲ့က သေနတ်ဖြင့်ပစ်ခတ်ခဲ့မှုကြောင့် လူသေဆုံးခဲ့ရမှုနှင့် ပတ်သက်၍ မေလ ၂၂ ရက်တွင် ကျင်းပသည့့်် ဒုတိယအကြိမ် စစ်ကိုင်းတိုင်းဒေသကြီး လွှတ်တော် သတ္တမပုံမှန်အစည်းအဝေးတွင် ခန္တီးလွှတ်တော် ကိုယ်စားလှယ် ဦးမောင်တေးက ပဋိပက္ခဖြေရှင်းရာတွင် လူစုလူဝေးကို ဖယ်ရှားရန် အဓိကရုဏ်း နှိမ်နင်းနည်း အဆင့်ဆင့်ကို အသုံးမပြုဘဲ သေနတ်ဖြင့် ပစ်ခတ်ခြင်းသည် ဥပဒေနှင့်အညီ ဆောင်ရွက်ခြင်းဟုတ်၊ မဟုတ်ကို သိရှိလိုကြောင်း မေးမြန်းခဲ့ရာတွင် အစိုးရအဖွဲ့က အထက်ပါအတိုင်း ဖြေကြားခဲ့ခြင်းဖြစ်သည်။
ဦးမောင်တေးက “သူတို့က ဥပဒေ လုပ်ထုံးလုပ်နည်းအတိုင်းပဲ ဆောင်ရွက်ထားတာပါလို့ ဖြေသွားတယ်။ ဖြေသွားတာက ဥပဒေချုပ်ရယ်၊ စစ်ကိုင်းတိုင်းဒေသကြီး စိုက်ပျိုးရေး မွေးမြူးရေး ဆည်မြောင်းဝန်ကြီး ဦးကမ်ဇာမုံရယ်။ သူတို့တွေက အဲဒီလိုပဲဖြေသွားတယ်။ ဘာမှ ထူးထူးခြားခြားမပါဘူး” ဟု၎င်းက ဆိုသည်။
မကျန်ခမှော်တွင် မေလ ၁၇ ရက်နေ့ နံနက်က ဖြစ်ပွားခဲ့သည့် ပဋိပက္ခ၌ ရေမဆေး ကျောက်ရှာဖွေသူ ၄ဦး သေဆုံးခဲ့ပြီး ၁၁ ဦး ဒဏ်ရာရခဲ့ကြသည်ဟု ဒေသခံများက ပြောဆိုထားသော်လည်း စစ်ကိုင်းတိုင်းဒေသကြီးအစိုးရအဖွဲ့က ဖြစ်စဉ် အမှန်မှာ လူ ၃ ဦးသာ သေဆုံးပြီး ရဲတပ်ဖွဲ့ဝင် ၉ ဦးနှင့် ရေမဆေး ကျောက်ရှာဖွေသူ ၅ ဦး ဒဏ်ရာရရှိခဲ့ကြောင်း၊ မြန်မာ့ အင်ပီရီရယ်ဂျိတ် ကုမ္ပဏီပိုင် ဆီလှောင်ကန် ၃၈ကန်စလုံး မီးရှို့ ဖျက်ဆီးခံခဲ့ရကြောင်း ထုတ်ပြန်ကြေညာသည်။
ယင်းထုတ်ပြန်ကြေညာချက်တွင် ၂၀၁၇ ခုနှစ် မေလ ၁၇ ရက်၌ ခန္တီးခရိုင် ခန္တီးမြို့ ရတနာနယ်မြေ နန်စီဘွန် ဒေသရှိ မြန်မာအင်ပီရီရယ်ဂျိတ် (ဦးပိုင်) ကုမဏီ၏ မကျန်ခ လုပ်ကွက် အတွင်းသို့ ရေမဆေးကျောက် ရှာဖွေသူ ၇၀၀ ခန့်က ဝင်ရောက်ကာ ခြံစည်းရိုးများ ဖျက်ဆီးခြင်း၊ ဆီလှောင်ကန်များ မီးရှို့ဖျက်ဆီးခြင်းတို့ ပြုလုပ်ခဲ့သည်ဟု ဖော်ပြထားသည်။
ပဋိပက္ခဖြစ်ပွားမှုအပေါ် စုံစမ်းစစ်ဆေးမည့် ကော်မရှင်ကို စစ်ကိုင်းတိုင်း အစိုးရအဖွဲ့က မေလ ၁၉ ရက်နေ့က ဖွဲ့စည်းခဲ့ပြီး စစ်ကိုင်းတိုင်း ရဲတပ်ဖွဲ့မှူးရုံးမှ ဒုတိုင်းရဲတပ်ဖွဲ့မှူးက ဥက္ကဋ္ဌအဖြစ် တာဝန်ယူမည်ဖြစ်ပြီး ခန္တီးမြို့နယ်မှ လွှတ်တော် ကိုယ်စား လှယ်၂ ဦး၊ သဘာဝပတ်ဝန်းကျင်ထိန်းသိမ်းရေး ဌာနမှ တိုင်းအဆင့်ညွှန်ကြားရေးမှူး နှင့် ခရိုင်အုပ်ချုပ်ရေးမှူးတို့ အပါအဝင် အဖွဲ့ဝင် ၈ ဦးဖြင့် ဖွဲ့စည်းထားကြောင်းသိရသည်။
ယင်းကော်မရှင်က အဆိုပါ ပဋိပက္ခဖြစ်ပွားမှုနှင့် ပတ်သက်၍ စုံစမ်းစစ်ဆေး တွေ့ရှိချက်များ၊ သုံးသပ်ချက်များ၊ အကြုံပြုချက်များကို မေလ ၃၁ ရက်နေ့တွင် အစိုးရအဖွဲ့ထံ ပြန်လည် တင်ပြရမည်ဖြစ်သည်။
ဖြစ်စဉ်အသေးစိတ်ကို တိတိကျကျ သိရှိရန် နန်စီဘွန်ဒေသရှိ မကျန်ခမှော်သို့ မေလ ၂၅ ရက်နေ့တွင် သွားရောက် စုံစမ်းမည်ဖြစ်ကြောင်း စုံစမ်းစစ်ဆေးရေးကော်မရှင်တွင် ပါဝင်သည့် ခန္တီးမြို့နယ် တိုင်းဒေသကြီး လွှတ်တော်ကိုယ်စားလှယ် ဦးမောင်တေးက ပြောသည်။
“ကြာသပတေးနေ့တော့ သွားကြည့်ဖြစ်မယ်။ ကော်မရှင်က လေ့လာတွေ့ရှိချက်တွေနဲ့ သုံးသပ်ချက်တွေကို စစ်ကိုင်းတိုင်း အစိုးရကို တင်ရမှာ ဒီလ ၃၁ မှာ တင်ရမှာပါ” ဟု ၎င်းက ပြောသည်။",,,,,,
<urn:uuid:0e922e5c-1e8f-435f-9406-b055b09dd9d3>,"ဒုဗိုလ်ချုပ်ကြီး ကန်အမည်ပျက် စာရင်းဝင်
ကုလ သမဂ္ဂ ဆုံးဖြတ်ချက်ကို ဖောက်ဖျက်ပြီး မြောက်ကိုရီးယားနဲ့ လက်နက် အရောင်းအဝယ် လုပ်နေတယ် ဆိုပြီး မြန်မာ အဆင့်မြင့် စစ် အရာရှိကြီး တဦးကို အမေရိကန် အစိုးရ က အမည်ပျက် စာရင်း ထည့်သွင်း လိုက်ပါတယ်။
ဒုတိယ ဗိုလ်ချုပ်ကြီး သိန်းဌေးဟာ မြောက်ကိုရီးယား က စစ်ပစ္စည်းတွေ ဆက်ပြီး ဝယ်ယူနေတဲ့ အတွက် မြောက်ကိုရီးယားရဲ့ အဏုမြူနဲ့ ဒုံးလက်နက် စီမံကိန်း တွေ အတွက် ဝင်ငွေရဖို့ ကူညီရာ ကျတယ်လို့ အမေရိကန် ဘဏ္ဍာရေး ဌာနက ထုတ်ပြန် ပါတယ် ။
မြောက်ကိုရီးယားနဲ့ စစ်ရေး ဆက်ဆံမှုတွေ ဖြတ်တောက်ရေးမှာ တိုးတက်မှုတွေ ရှိလာတဲ့ အတွက် မြန်မာ အစိုးရ ကိုတော့ ပစ်မှတ် မထားဘူးလို့ ကြေညာချက်မှာ ပါရှိပါတယ်။
ပါဝင်တဲ့ စစ်ပစ္စည်း အမျိုးအမည်တွေ ကိုတော့ အမေရိကန် ဘက်က မထုတ်ပြန် ပါဘူး။",,,,,,
<urn:uuid:f6195543-dfb0-4623-a88a-9dcffbc62937>,"Psalms 139
၁၃၉1 အိုထာဝရဘုရား၊ကိုယ်တော်သည် အကျွန်ုပ်ကို စစ်ကြော၍ သိတော်မူ၏။ 2 အကျွန်ုပ်ထိုင်ခြင်း၊ ထခြင်းအရာတို့ကို သိတော် မူ၏။ အကျွန်ုပ် အကြံအစည်တို့ကို အဝေးကပင် နား လည်တော်မူ၏။ 3 အကျွန်ုပ်သွားသောလမ်းကို၎င်း၊ အိပ်ရာကို၎င်း စစ်ဆေး၍၊ အကျွန်ုပ်ကျင့်သော အကျင့်အလုံးစုံတို့ကို ကျွမ်းတော်မူ၏။ 4 အကျွန်ုပ်သည် စကားတခွန်းကိုမျှ မမြွက်သော် လည်း၊ အိုထာဝရဘုရား၊ ကိုယ်တော်သည် အကြွင်းမဲ့ သိတော်မူ၏။ 5 ကိုယ်တော်သည်အကျွန်ုပ်ကို ပတ်လည်ဝိုင်းထား ၍၊ အကျွန်ုပ်အပေါ်မှာ လက်တော်ကိုတင်တော်မူပြီ။ 6 ထိုသို့သော ဉာဏ်သည် အံ့ဩဘွယ်ဖြစ်၍၊ အကျွန်ုပ်မတတ်နိုင်ပါ။ မြင့်မြတ်သည်ဖြစ်၍ အကျွန်ုပ် မမှီနိုင်ပါ။ 7 ဝိညာဉ်တော်နှင့်လွတ်ခြင်းအလိုငှါ အဘယ် အရပ်သို့ သွားနိုင်ပါမည်နည်း။ မျက်နှာတော်နှင့် လွတ်ခြင်းအလိုငှါ အဘယ်အရပ်သို့ ပြေးနိုင်ပါမည်နည်း။ 8 ကောင်းကင်သို့တက်လျှင် ကိုယ်တော်ရှိတော်မူ ၏။ မရဏနိုင်ငံ၌ အိပ်ရာကိုခင်းလျှင် ကိုယ်တော်ရှိတော် မူ၏။ 9 နံနက်အတောင်တို့ကိုယူ၍ သမုဒ္ဒရာစွန်း၌ နေလျှင်၊ 10 ထိုအရပ်၌ပင် ကိုယ်တော်၏လက်သည် အကျွန်ုပ်ကို ပို့ဆောင်လျက်၊ လက်ျာလက်တော်သည် ကိုင်လျက်ရှိပါလိမ့်မည်။ 11 အကယ်၍ မှောင်မိုက်သည်ငါ့ကိုဖုံးလွှမ်းမည်ဟု တဖန်ဆိုလျှင်၊ ညဉ့်သည်လည်း အကျွန်ုပ်ပတ်ဝန်းကျင်၌ အလင်းဖြစ်ပါလိမ့်မည်။ 12 အကယ်စင်စစ်မှောင်မိုက်သည် ရှေ့တော်၌ အဘယ်အရာကိုမျှ မဖုံးနိုင်ပါ။ ညဉ့်သည် နေကဲ့သို့ လင်းပါ၏။ မှောင်မိုက်သဘောနှင့်အလင်းသဘောသည် တူပါ၏။
13 ကိုယ်တော်သည် အကျွန်ုပ်၏ ကျောက်ကပ်ကို ပင် ဖန်ဆင်း၍၊ အမိဝမ်းထဲမှာ အကျွန်ုပ်ကို ဖုံးအုပ်တော် မူပြီ။ 14 အကျွန်ုပ်သည် ကြောက်မက်ဘွယ်သော လက္ခဏာ၊ ထူးဆန်းသော လက္ခဏာတို့နှင့် ပြည့်စုံသည် ဖြစ်၍၊ ကိုယ်တော်ကို ချီးမွမ်းပါမည်။ ပြုပြင်တော်မူသော အမှုတို့သည် အံ့ဩဘွယ်ဖြစ်ကြောင်းကို အကျွန်ုပ်၏ စိတ်ဝိညာဉ်သည်အမှန်သိပါ၏။ 15 မထင်ရှားသော အရပ်၌ အကျွန်ုပ်ကိုဖန်ဆင်း ၍၊ မြေကြီးအောက်အရပ်၌ စေ့စပ်စွာ ပြုပြင်တော်မူသော အခါ၊ အကျွန်ုပ်၏ကိုယ်ခန္ဓာသည် ရှေ့တော်၌ ထင်ရှား လျက်ရှိပါ၏။ 16 မစုံလင်သေးသော အကျွန်ုပ်၏အလုံးအထွေးကို လည်း ကိုယ်တော်သည်ကြည့်ရှု၍ မြင်တော်မူပြီ။ ထိုအရာ တို့ကို ပြုပြင်၍ တစုံတခုမျှ မရှိမှီကာလတွင်၊ ကိုယ်တော်၏ စာရင်း၌အကုန်အစင်မှတ်သားလျက် ရှိကြပါ၏။ 17 အိုဘုရားသခင်၊ အကျွန်ုပ်၌ ကိုယ်တော်၏ အကြံအစည်တို့သည် အလွန်ထူးဆန်းကြပါ၏။ အလွန် များပြားကြပါ၏။ 18 ထိုအကြံအစည်တော်တို့ကို ရေတွက်လျှင်၊ သဲလုံး နှင့်အမျှမက သာ၍များပြားကြပါ၏။အကျွန်ုပ်သည် နိုးသောအခါကိုယ်တော်ထံ၌ အစဉ်ရှိပါ၏။
19 အိုဘုရားသခင်၊ ကိုယ်တော်သည် မတရားသော သူတို့ကို ကွပ်မျက်တော်မူပါစေသော။ လူအသက်ကို သတ်တတ်သောသူတို့၊ ငါ့ထံမှ ဖယ်သွားကြ။ 20 ထိုသူတို့သည် ကိုယ်တော်တဘက်၌ မနာလို သောစိတ်နှင့်ပြောဆို၍၊ ကိုယ်တော်၏ရန်သူတို့သည် မတရားသဖြင့် ဝါကြွားကြပါ၏။ 21 အိုထာဝရဘုရား၊ ကိုယ်တော်ကို မုန်းသောသူ တို့ကို အကျွန်ုပ်မုန်းပါသည်မဟုတ်လော။ အာဏာတော် ကို ဆန်သောသူတို့ကို အကျွန်ုပ်ရွံ့ရှာပါသည် မဟုတ် လော။ 22 ထိုသူတို့ကို စိတ်နှလုံးအကြွင်းမဲ့မုန်းပါ၏။ ကိုယ် ရန်သူကဲ့သို့ မှတ် ပါ၏။ 23 အိုဘုရားသခင်၊ အကျွန်ုပ်ကို စစ်ကြော၍၊ အကျွန်ုပ်၏နှလုံးကို သိမှတ်တော်မူပါ။ စုံစမ်း၍ စိတ် အထင်များကိုလည်း သိမှတ်တော်မူပါ။ 24 ဆိုးသောလမ်းသို့ အကျွန်ုပ်လိုက်သည် မလိုက် သည်ကို ကြည့်ရှု၍၊ ထာဝရလမ်းထဲသို့ သွေးဆောင်တော် မူပါ။
Copyright information for BurJudson
Welcome to STEP Bible
From Tyndale House, Cambridge UK
Use the search box to find Bibles, commentaries, passages, search terms, etc. Here are some examples:
ESVGen 1
This shows how to quickly lookup a passage.
NIVESVKJVGen 1
Looking up a passage in three different translations is also easy.
ESVbrother
This asks STEP to search for the Greek word for 'brother' and show the results in the ESV.
NIVESVlandhe.sed
This example runs both a 'Hebrew word search' and a 'Text' search and shows the results in both the NIV and ESV.
ESVthroneDavidIsa-Rev
You can mix most searches. This finds any word translated as 'throne' in the Prophets and the New Testament, but only in verses concerning the topic 'David'. This excludes verses which refer to a 'throne' in other contexts.
KJVWHNUJohn 1
Interlinear Hebrew & Greek is available for some translations with grammar (and more soon). To reverse the interlinear order, click on a version abbreviation under the verse number.
© Tyndale House, Cambridge, UK - 2018",,,,,,
<urn:uuid:62cd0bec-10ae-4c0e-a5ac-50f415114fb6>,"KIA ထိန်းချုပ်နယ်မြေ ကချင်ပြည်နယ်အတွင်း မြန်မာစစ်တပ်ဘက်မှ စစ်အင်အားတိုးချဲ့မှုများပြုလုပ်နေကြောင်း ဒေသခံများထံမှ သိရသည်။
ဝိုင်းမော်မြို့ ခလရ (၅၈)တပ်ရင်းသို့ KIAက ဝင်ရောက်တိုက်ခိုက်မှုများပြုလုပ်ပြီးနောက် ဝိုင်းမော်မြို့၊ မြစ်ကြီးနားမြို့ အပါအဝင် ကချင်ပြည်နယ်အတွင်း မြို့များသို့ စစ်အင်အားအများအပြား ဝင်ရောက်လာကြောင်း သိရသည်။
“ ဒီနယ်မြေခံတပ်တွေမဟုတ်ဘဲ တခြားက စစ်ကားတွေ တဖြည်းဖြည်းဝင်လာနေတာ ၄ရက်လောက်ရှိပြီ။ ဝိုင်းမော်တပ်နားမှာရော ဒီပတ်ပတ်လည်တွေမှာရော။ မြစ်ကြီးနားဘက်မှာလည်း ထပ်ရောက်နေတယ်လို့ ကျွန်တော့်အသိတွေဆီကသိရတယ်။ ” ဟု ဝိုင်းမော်မြို့ဒေသခံတဦးက MPAသို့ပြောသည်။
ပြီးခဲ့သည့် ဇူလိုင်လကုန်ပိုင်းမှ သြဂုတ်လပထမပတ်အထိ တပတ်အတွင်း KIAမှ စစ်ကောင်စီတပ် ခလရ(၅၈)သို့ တိုက်ခိုက်မှု (၄)ကြိမ်ပြုလုပ် ခဲ့ပြီး မြန်မာစစ်တပ်ဘက်မှ လက်နက်ကြီး၊ စစ်ရဟတ်ယာဥ်တို့ဖြင့်ပစ်ကူပေး ပစ်ခတ်ခဲ့ရကာ တိုက်ပွဲ ပြင်းထန်ခဲ့ကြောင်း သိရသည်။
စစ်အာဏာသိမ်းပြီး၆လပြည့် သြဂုတ်လ ၁ ရက်နေ့က စစ်ကာကွယ်ရေးဦးစီးချုပ်ရုံး၏ တနိုင်ငံလုံးပစ်ခတ်တိုက်ခိုက်မှုရပ်စဲရေး ကော်မတီက လိုင်ဇာမြို့ KIAဌာနချုပ်ဗဟိုသို့ အပစ်ရပ်သဝဏ်လွှာ ပေးပို့ခဲ့သော်လည်း တိုက်ပွဲများ ဆက်လက်ဖြစ်ပွားနေကြောင်း သိရသည်။
ယမန်နေ့(သြဂုတ် ၁၀ ရက်) ကချင်အာဇာနည်နေ့ KIOဥက္ကဌ ဗိုလ်ချုပ်ကြီး အင်ဘန်လ၏မိန့်ခွန်းတွင်လည်း ” ဗမာလူမျိုးကြီးဝါဒ စစ်အာဏာရှင်စနစ်ကျင့်သုံးနေသည့် မြန်မာစစ်တပ်အား အမြစ်ပြတ်ချေ မှုန်းသွားဖို့ ဆုံးဖြတ်ထားပြီးပြီ” ဟု ထည့်သွင်းပြောကြားသွားခဲ့ကြောင်း သိရသည်။
ကချင်ပြည်နယ်အတွင်း ကချင်လက်နက်ကိုင် တပ်ဖွဲ့များနှင့် မြန်မာစစ်တပ်တို့ နှစ်၂၀နီးပါးအကြာအပစ်ရပ်ခဲ့ပြီးနောက် ပြီးခဲ့သည့် ဦးသိန်းစိန်အစိုးရလက်ထက် ၂၀၁၁ ခုနှစ်အတွင်းက တိုက်ပွဲများ အပြင်းထန်ဆုံး ပြန်လည်ဖြစ်ပွားခဲ့ပြီး နှစ်ဖက်ထိခိုက်မှုအများဆုံးဖြစ်ခဲ့ကြောင်း သိရသည်။",,,,,,
<urn:uuid:31e0decb-1ea5-4e7d-8554-867ac8360c0f>,"အစိုးရလုပ်ငန်းတွေပြန်စရေး ပြေလည်မှုမရသေး
အမေရိကန် အစိုးရလုပ်ငန်းတွေ တစိတ်တပိုင်းအားဖြင့် ရပ်ဆိုင်းနေတာ သီတင်းငါးပတ်ထဲ ဝင်လာပြီဖြစ်ပါတယ်။ အစိုးရလုပ်ငန်းတချို့ ရပ်ဆိုင်းထားတဲ့အတွက် သိန်းနဲ့ချီတဲ့ ဝန်ထမ်းတွေ ဒုတိယအကြိမ်အဖြစ် ဒီတင်းပတ်ထဲမှာလည်း လစာ မရတော့မယ့်ပုံရှိနေပါတယ်။ Michael Bowman သတင်းပေးပို့ထားတာကို ကိုသိန်းထိုက်ဦး ပြောပြပါမယ်။
ဆက်စပ်သတင်းများ ...
ဗွီဒီယို ကြည့်ရှုရန်
-
၀၅ ဒီဇင်ဘာ၊ ၂၀၂၃
အမေရိကန် ဂျုးတွေရဲ့ သေနတ်ပစ်အသင်း
-
၀၄ ဒီဇင်ဘာ၊ ၂၀၂၃
ဂါဇာ အရပ်သားထိခိုက်မှုနဲ့ အစ္စရေးရပ်တည်ချက်
-
၀၁ ဒီဇင်ဘာ၊ ၂၀၂၃
ဩစတေးလျ လူ့အဖွဲ့အစည်းကြား ထိုးဖေါက်လာတဲ့ ယူကီလီလီတေးသံ
-
၀၁ ဒီဇင်ဘာ၊ ၂၀၂၃
အာရှ စီးပွားရေး
-
၀၁ ဒီဇင်ဘာ၊ ၂၀၂၃
စစ်ဖြစ်နေပေမယ့် နေရပ်မစွန့်ခွာနိုင်သေးတဲ့ ယူကရိန်းမိသားစုများ
-
၃၀ နိုဝင်ဘာ၊ ၂၀၂၃
စေတနာ့ဝန်ထမ်းတွေနဲ့ အလှဆင်ထားတဲ့ အိမ်ဖြူတော်",,,,,,
<urn:uuid:8393a6fc-8b1d-4c8f-b340-8766fcb47dd4>,"ထုတ်ကုန်အင်္ဂါရပ်များ
• High tensile load capacity
• ရှည်လျားသော conveyors ဖြစ်နိုင်သည်။
• ဘေးကင်းသော လမ်းလျှောက်မျက်နှာပြင်
• Anti-static ပစ္စည်းရွေးချယ်မှုများ
• ခိုင်ခံ့ပြီး ထူသောထုတ်ကုန်သည် ကွဲအက်ခြင်းမရှိပဲ လေးလံသောဝန်များကို ထောက်ပံ့ပေးသည်။
• ထိလွယ်ရှလွယ် အစားအစာ ထုတ်ကုန် အမျိုးအစားအားလုံးကို ကိုင်တွယ်ရန် အထူးသင့်လျော်သည်။
• တာရှည်ခံပြီး ပြုပြင်ထိန်းသိမ်းစရိတ် သက်သာခြင်း။
• ခါးပတ်မျက်နှာပြင်မှ ထုတ်ကုန်များအပေါ် အမှတ်အသားမထားပါ။
• အညီအမျှ ပွင့်လင်းသောဧရိယာ၊ ပတ္တာပတ်ပတ်လည်ကိုဖွင့်ပါ။
• သံမဏိအူတိုင်သည် သယ်ဆောင်ထားသော ထုတ်ကုန်နှင့် ထိတွေ့မှု မရှိပါ။
• မြင့်မားသောဝန်ပမာဏ
• Dual compound technology သည် conveyor belt တစ်ခုအတွင်း မတူညီသော ပစ္စည်းများကို ပေါင်းစပ်နိုင်စေပါသည်။
• Low construction height = တွင်းအတိမ်အနက် လိုအပ်သည်။
လျှောက်လွှာ
အစားအစာလုပ်ငန်း၊ အသား၊ ပင်လယ်စာ၊ ကြက်မွေးမြူရေးလုပ်ငန်း၊ သစ်သီးနှင့် ဟင်းသီးဟင်းရွက်၊ သတ္တုရှာဖွေစက်၊ ပိုးသတ်ခြင်း။",,,,,,
<urn:uuid:de8e6adb-40b9-4e05-8322-01e82c5a9a78>,အပတ်စဥ် ၂၈ အဖော်မဲ့ခြင်း ကိုယ်မိဘတို့သည်အကျွန်ပ်ကိုစွန့်သော်လည်း၊ ထာဝရဘုရားသည် အကျွန်ပ်ကိုချီယူတော်မူမည်။ဆာလံ ၂၇း၁၀ လူသားအနေဖြင့်ကျွန်ပ်တို့သည်တစ်ကိုယ်တည်းရပ်တည်ရသောအချိန်မကြာခဏရင်ဆိုင်တွေ့ကြုံရပြီးကျွန်ပ်တို့ဘေးတွင်တစ်စုံတစ်ယောက်ရှိဖို့ရန်လိုလားပါသည်။ မိသားစု၊ ဆွေမျိုးများနှင့် သူငယ်ချင်းများကိုလိုအပ်သောအချိန်တွင် ဘေးမှာမရှိကြသော အခါ ဝမ်းနည်းခြင်း၊ အထီးကျန်ခြင်းနှင့်ပစ်ပယ်ခံရခြင်းကိုခံစားရ ပါသည်။ မနှစ်ကအစ်ကိုကွယ်လွန်သွားပြီးနောက်တစ်ဦးတည်း အလွန်အဖော်မဲ့စွာခံစားရပါသည်။ အစ်ကိုအမျိုးသမီးနှင့်ကလေး များကို […]Read more →,,,,,,
<urn:uuid:e51ebe12-72dd-4fbb-9c4d-44cd67b2b9ca>,"ရန္ကုန္၊ ေအာက္တိုဘာ ၇
စီးပြားေရး၊ စက္မႈလုပ္ငန္းမ်ားလုပ္ကိုင္ရန္ႏွင့္ လူေနထိုင္ရန္ ရန္ကုန္တိုင္းေဒသႀကီးအတြင္းရွိ ေျမဝယ္ယူခြင့္ေလွ်ာက္လႊာမ်ား ေအာက္တိုဘာလ ၇ ရက္ေန႔က စတင္ေရာင္းခ်ၿပီး လူဦးေရႏွစ္ေထာင္ေက်ာ္ လာေရာက္ေလွ်ာက္ထားေၾကာင္း အေရွ႕ပိုင္းခ႐ိုင္ အေထြေထြအုပ္ခ်ဳပ္ေရးမႈး႐ံုးထံမွ သိရသည္။
အဆိုပါေျမမ်ားကို ရန္ကုန္တိုင္းေဒသႀကီးအစိုးရအဖြဲ႔၏ ၫႊန္ၾကားခ်က္ျဖင့္ အစိုးရအဖြဲ႔ ေျမစီမံခန္႔ခြဲေရးေကာ္မတီက ေရာင္းခ်ျခင္းျဖစ္ၿပီး ဒဂံုၿမိဳ႕သစ္ေလးၿမိဳ႕နယ္ႏွင့္ လိႈင္သာယာ၊ ေ႐ႊျပည္သာၿမိဳ႕နယ္တို႔မွ ေျမကြက္မ်ားကို ေရာင္းခ်ျခင္းျဖစ္ေၾကာင္း ေျမစီမံခန္႔ခြဲမႈေကာ္မတီထံမွ သိရသည္။
“ေလွ်ာက္လႊာေတြကို အကန္႔အသတ္ေတာ့ မသတ္မွတ္ထားဘူး။ လာေလွ်ာက္တဲ့သူအကုန္လံုး ေလွ်ာက္ထားလို႔ရေအာင္ ေရာင္းခ်ေပးသြားမယ္။ ဒီလကုန္အထိ ေဖာင္ေတြ ေရာင္းခ်ေပးသြားမယ္” ဟု ရန္ကုန္ၿမိဳ႕ေတာ္ စည္ပင္သာယာေရးေကာ္မတီမွ တာဝန္ရွိသူတစ္ဦးက ေျပာၾကားသည္။
အဆိုပါေျမကြက္ ေလွ်ာက္ထားခြင့္ေလွ်ာက္လႊာမ်ားကို တစ္ေစာင္လွ်င္ က်ပ္တစ္ေသာင္းႏႈန္းျဖင့္ ေျမကြက္ေလွ်ာက္ထားမည့္သူ၏ မွတ္ပံုတင္မူရင္းႏွင့္ မိတၱဴတစ္စံုတင္ျပ၍ အေရွ႕ပိုင္းခ႐ိုင္ အေထြေထြအုပ္ခ်ဳပ္ေရးမႈး႐ံုးတြင္ လာေရာက္ဝယ္ယူႏိုင္ေၾကာင္း ရန္ကုန္ၿမိဳ႕ေတာ္ စည္ပင္သာယာေရးေကာ္မတီ ေျမယာဌာနထံမွ သိရသည္။
အဆိုပါေလွ်ာက္ထားလႊာမ်ားကို ယခုလကုန္အထိ ေရာင္းခ်သြားမည္ျဖစ္ၿပီး ေလွ်ာက္လႊာမ်ားကို ႏိုဝင္ဘာလ ၁ ရက္ေန႔မွ ၈ ရက္ေန႔အထိ လာေရာက္ေလွ်ာက္ထားႏိုင္ေၾကာင္း ယင္းဌာနထံမွ သိရသည္။
ရန္ကုန္တိုင္းေဒသႀကီးအစိုးရအဖြဲ႔က စီမံခန္႔ခြဲပိုင္ခြင့္ရွိေသာ တိုင္းေဒသႀကီးအတြင္းရွိ ေျမမ်ားကို စီးပြားေရးႏွင့္ စက္မႈလုပ္ငန္းလုပ္ကိုင္ရန္၊ လူေနထိုင္ႏိုင္ရန္ ေျမအသံုးျပဳခြင့္မ်ားကို သတ္မွတ္စည္ပင္စရိတ္ ေပးသြင္း၍ အသံုးျပဳခြင့္ေပးမည္ျဖစ္ေၾကာင္း ေျမစီမံခန္႔ခြဲမႈေကာ္မတီထံမွ သိရသည္။
လက္ရွိေအာက္တိုဘာလ ၇ ရက္ေန႔ မြန္းတည့္ ၁၂ နာရီအထိ လာေရာက္ဝယ္သည့္ ေဖာင္အေရအတြက္ တစ္ေထာင္ေက်ာ္ရွိၿပီး လာေရာက္ေလွ်ာက္ထားသူ ႏွစ္ေထာင္ခန္႔ရွိေၾကာင္း ခ႐ိုင္ေထြအုပ္႐ံုးထံမွ သိရသည္။
“မနက္ ၆ နာရီေလာက္ကတည္းက လာတန္းစီတာ။ အခုေန႔လယ္ပိုင္းမွ ေဖာင္ရတယ္။ တစ္မိသားစုလံုးလာဝယ္ၾကတာ။ တစ္ေစာင္ကိုတစ္ေယာက္ပဲေရာင္းေတာ့ မိသားစုလိုက္လာဝယ္ျဖစ္တယ္။ ေနရာကေတာ့ ကိုယ္ေနတဲ့ ေျမာက္ဒဂံုဘက္ကိုပဲ လိုခ်င္တယ္။ ဘယ္ေနရာေတြကို ေလွ်ာက္ရမလဲဆိုတာေတာ့ ေဖာင္မွာပါတဲ့ ေနရာေတြၾကည့္ၿပီးမွ ေျပာႏိုင္မွာ” ဟု ေျမာက္ဒဂံုၿမိဳ႕နယ္မွ ေျမကြက္ဝယ္ယူခြင့္ေလွ်ာက္လႊာ လာေရာက္ဝယ္ယူသည့္ ေဒၚဝင္းဝင္းက ေျပာဆိုသည္။
အဆိုပါ ၿမိဳ႕နယ္အလိုက္ ေရာင္းခ်မည့္ေျမကြက္မ်ားမွာ စုစုေပါင္း ေနရာ ၃၈ ခုမွေျမမ်ားကို ေရာင္းခ်သြားမည္ျဖစ္ၿပီး အနိမ့္ဆံုး က်ပ္သိန္း ၆၀ ဝန္းက်င္ျဖင့္ စတင္ေရာင္းခ်သြားမည္ျဖစ္ေၾကာင္း ေျမစီမံခန္႔ခြဲမႈေကာ္မတီထံမွ သိရသည္။
အဆိုပါေျမကြက္မ်ားကို ရန္ကုန္ၿမိဳ႕ရွိ ၿမိဳ႕နယ္စံုမွ ေျမကြက္ဝယ္ယူေနထိုင္လိုသူႏွင့္ စီးပြားေရးလုပ္ကိုင္လိုသူမ်ား လာေရာက္ေလွ်ာက္ထားၾကၿပီး ခ႐ိုင္ေထြအုပ္႐ံုးတြင္ ေနရာသံုးခုခြဲ၍ ေရာင္းခ်လ်က္ရွိေၾကာင္း အေထြေထြအုပ္ခ်ဳပ္ေရးမႈး႐ံုးထံမွ သိရသည္။
ေျမကြက္ေဈး ျပင္ပေပါက္ေဈးမ်ားမွာ ေျမာက္ဒဂံုၿမိဳ႕နယ္တြင္ ေျမကြက္သီးသန္႔ ေပ ၄၀ ေပ ၆၀ တစ္ကြက္လွ်င္ က်ပ္သိန္း ၆၀၀ မွ သိန္း ၈၀၀ အထိေပါက္ေဈးရွိၿပီး ဒဂံုအေရွ႕ပိုင္းၿမိဳ႕နယ္မ်ားတြင္ က်ပ္သိန္း ၆၀ ဝန္းက်င္မွ ရာဂဏန္းအထိ ရပ္ကြက္အလိုက္ ေဈးႏႈန္းကြာျခားမႈရွိေၾကာင္း သုခစံရာ အိမ္၊ ၿခံ၊ ေျမ အက်ိဳးေဆာင္လုပ္ငန္းမွ မန္ေနဂ်ာ ဦးဝဏၰဝင္းထြဋ္က ေျပာၾကားသည္။
ျပည့္ၿဖိဳးျမင့္မြန္
Source : The Voice",,,,,,
<urn:uuid:b1e131b3-8cc1-48f5-a553-e2fb16e0c497>,"တရားစီရင်ရေးရည်မှန်းချက်
ရည်မှန်းချက်
- လူတိုင်းသို့ အရည်အသွေးမြင့် တရားမျှတမှုကို ဖြည့်ဆည်းပေးရန်
- တရားရုံးများအပေါ် ပြည်သူလူထု၏ စိတ်ချယုံကြည်မှုနှင့် ထိရောက်မှုရှိသည့် တရားဥပဒေစိုးမိုးရေးကို မြှင့်တင်ရန်
လုပ်ငန်းတာဝန်များ
- တရားဥပဒေစိုးမိုးရေးနှင့် ရပ်ရွာအေးချမ်းသာယာရေး
- ပြည်သူအများယုံကြည်ကိုးစားသည့် ပြည်သူ့အကျိုးပြု တရားစီရင်ရေးစနစ်ပေါ်ထွန်းရေး
- အမှုအခင်းများကို ဥပဒေနှင့်အညီ မှန်မှန်နှင့် မြန်မြန် စီရင်ဆုံးဖြတ်ရေး
- တရားရုံးများ၏ ဂုဏ်သိက္ခာမြှင့်တင်ရေး
တရားရုံး၏တန်ဖိုးများ
- သာတူညီမျှမှုနှင့် တရားမျှတမှု
- တရားစီရင်ရေးလွတ်လပ်မှုနှင့် ဂုဏ်သိက္ခာရှိမှု
- လက်လှမ်းမီနိုင်မှု
- မြန်ဆန်ထိရောက်မှုနှင့် အချိန်မီဆောင်ရွက်နိုင်မှု",,,,,,
<urn:uuid:23480298-2561-4501-a79d-5d70b44d0776>,"ကျွန်တော့်ဇနီးက နောက်တစ်ယောက်နဲ့ ဖောက်ပြန်နေတာကို ရိပ်မိပေမယ့် လက်ဆုတ်လက်ကိုင်ပြလို့ မရတာ ကြာပါပြီ ။ ကလေးမွေးပြီးနောက်ပိုင်းမှာ အဲဒီကလေးက ဖောက်ပြန်တယ်လို့ သံသယရှိသူနဲ့ တဖြည်း ဖြည်းတူနေပါတယ် ။ နှစ်ယောက်စလုံးကို အမှုဖွင့်လို့ရနိုင်ပါသလား ။
ကျွန်တော့်ဇနီးက နောက်တစ်ယောက်နဲ့ ဖောက်ပြန်နေတာကို ရိပ်မိပေမယ့် လက်ဆုတ်လက်ကိုင်ပြလို့ မရတာ ကြာပါပြီ ။ ကလေးမွေးပြီးနောက်ပိုင်းမှာ အဲဒီကလေးက ဖောက်ပြန်တယ်လို့ သံသယရှိသူနဲ့ တဖြည်း ဖြည်းတူနေပါတယ် ။ နှစ်ယောက်စလုံးကို အမှုဖွင့်လို့ရနိုင်ပါသလား ။
=========================
တကယ်လို့ သံသယရှိတဲ့အတိုင်း ဇနီးဖြစ်တဲ့သူက ဖောက်ပြန်ခဲ့တယ်ဆိုရင် ၊ အဲဒီအချိန်ကတည်းက အရေးယူခဲ့ မယ်ဆိုရင် မယားခိုးမှုမြောက်မယ်။ တစ်လင်တစ်မယားဥပဒေနဲ့ ငြိစွန်းမှုရှိမယ်။ ဒီကလေးက တတိယလူနဲ့ တူ တယ်ဆိုတော့ ကျူးလွန်ထားတာတော့ မြင်သာတယ်။ သူ့ကို ဒီအင်အေ (DNA) စစ်လိုက်ရင် မပေါ်နိုင်ဘူး လား။ ဒါက Expert Opinion ဖြစ်တယ်။ သက်သေခံဥပဒေအရလည်း ဆေးစာသက်သေခံဝင်တယ်။ ဒါကို အခြေပြုပြီးတော့ မိမိဘက်က အခိုင်အမာ သက်သေပြနိုင်မယ်ဆိုရင် တရားစွဲလို့ရပါတယ်။ ဒါက ကြီးလေးတဲ့ ရက်စက်မှုဖြစ်မယ် ။ ဒါဆိုရင် ဖောက်ပြန်တဲ့သူက ဘာမှမရဘူး ။ အားလုံးစွန့်လွတ်ရမယ်။ နောက် ရာဇဝတ် ကြောင်းအရ ၊ တစ်လင်တစ်မယားကျင့်သုံးခြင်းဆိုင်ရာ ဥပဒေအရဆိုရင် ပြစ်ဒဏ်ကျမယ်။ ဘယ်ဟာနဲ့ပဲဖြစ်ဖြစ် အရေးယူလို့ရပါတယ်လို့ အကြံပြုချင်ပါတယ်။
#DVBlawlab #DVBtvnews #တစ်လင်တစ်မယား #DNAg
#Crd to owner
Related Posts
""ကာမကိုလိမ်လည်ရယူမှု""
ကိုဖြူ ။ ။ “ရာဇသတ်ကြီးကိုပြင်ဆင်သည့်ဥပဒေ”မှာ ပုဒ်မ -၄၁၇တစ်ခုတည်းကိုပဲ ပြစ်ဒဏ် (၁)နှစ်က(၃)နှစ်တိုးမြှင့်လိုက်တာတွေ့ရတယ်။ ဘာမှုလဲ ဆရာ။ ဘာကြောင့်ပြစ်ဒဏ်တိုးရတာလဲ။ယူတီကေ ။ ။ ကိုဖြူမေးတဲ့ပုဒ်မ (၄၁၇) က လိမ်လည်မှုအတွက်ပြစ်ဒဏ်ဖြစ်တယ်။ ပုဒ်မ ၅၁၁ပါတဲ့ရာဇသတ်ကြီ...
လင်နှင့်မယားကွာရှင်းခြင်း
ကွာရှင်းပြတ်ဆဲခြင်းမှာ-မြန်မာ ဗုဒ္ဓဘာသာများကွာရှင်းပြတ်ဆဲခြင်း၊ အစ္စလာမ်ဘာသာများကွာရှင်းပြတ်ဆဲခြင်း၊ ဟိန္ဒူဘာသာများ ကွာရှင်းပြတ်ဆဲခြင်း၊ ခရစ်ယာန်ဘာသာများကွာရှင်းပြတ်ဆဲခြင်း တို့ဟာ တစ်ခုနဲ့တစ်ခု မတူညီကြပါဘူး . . .- ဗုဒ္ဓဘာသာများကွာရှင်းခြင်းဗုဒ္ဓ...
မြန်မာ့ဓလေ့ထုံးတမ်းဥပဒေနဲ့ စီရင်ထုံးတွေမှာ လင်မယားနှစ်ဦးသဘောတူကွာရှင်းရင် အသိသက်သေ မလို၊ စာချုပ်စာတမ်းမလိုဘဲ လင်ခန်းမယားခန်း လုံးဝပြတ်စဲတယ် ။
ဒီလိုကွာရှင်းမှုဟာ တရားဝင်ကွာရှင်းမှု ကွာရှင်း မှုဖြစ်လို့ နှစ်ဦးသဘောတူရင်လုံ လောက်ပြီလို့ ဆိုကြပါတယ် ။ ဒါပေမဲ့ တစ်လင်တစ်မယားဥပဒေ ပေါ် လာပြီး နောက်ပိုင်းမှာ ဒီလိုကွာရှင်ပြီးမှာ တစ်ယောက်ယောက်က နောက်အိမ်ထောင်ပြုရင် နောက်တစ်ယောက် က အမှုဖွင့် အာမခံတ...",,,,,,
<urn:uuid:3eaf926b-f67b-4fc2-aaa9-855b21a2dceb>,"အခုတစ္ခါက ပထမ ပိုစ့္မွာ ေျပာျပခဲ့သလုိ Photobucket မွာ အေကာင့္ ေဖာက္ျပီးသူေတြက
ကိုယ္ဘက္ဂေရာင္း လုပ္ခ်င္တဲ့ပံုကို အက္ပလုတ္ လုပ္ထည့္လုိက္ပါ ဒီအတုိင္းေလး ေတြ ့ရပါလိမ့္မယ္...
အေကာင့္မေဖာက္ရေသးသူေတြက ဒီေနရာ ေလးကို ဖတ္ျပီး အေကာင့္ေဖာက္လုိက္ပါ..
http://goldenmyanmarparadise.ning.com/profiles/blogs/url-or-dircct-...
အက္ပလုတ္ လုပ္လုိ့ရလာတဲ့ ပံုေလးကို ကလစ္လုိက္ပါ...
အဲ့ပံုေလးမွာ ျမွားေလးနဲ့ေထာက္ရင္ ေပၚလာတာက Edit ဆိုတာေလးကို ထပ္မန္ ကလစ္လုိက္ပါ
ခဏ ေစာင့္ရပါလိမ့္မယ္ ...
ေစာင့္စုိင္းျပီးလုိ့ ေပၚလာတာက ခုန ကုိယ္တင္ထားတဲ့ ပံုေလးကို ဒီအတုိင္းေလး ေတြ ့ရပါလိမ့္မယ္ေနာ္...
အနီေလး ၀ုိင္းထားတဲ့ တတိယေျမာက္ Decorate ကို ကလစ္လုိက္ပါ....
ျပီးရင္ Bolders ဆုိတာေလးကို ထပ္မန္ ကလစ္ေပးလုိက္ပါ....
ေဘးေဘာင္ေလးေတြ နဲ့ က်လာပါလိမ့္မယ္...
ႀကိဳက္တဲ့ ဒီဇုိင္းကို ကလစ္ျပီး Apply ေပးလုိက္ပါ ျပီးရင္ Save a Copy ကုိ ကလစ္ေပးလုိက္ပါ... တတိယေျမာက္ အ၀ုိင္းေဖာက္တဲ့ ေဘးေဘာင္ ေလးကို သံုးထားပါတယ္.....
သိမ္းျပီး ခ်ိန္မွာ ဒီလုိပံုစံေလး က်လာ ပါမယ္...
အဲ့ပံုေလးကိုမွ ဘက္ဂေရာင္းအျဖစ္ အသံုးျပဳမယ္...
သူငယ္ခ်င္းေတြကို ကြန္မန့္ေပးမယ္ စသည္ျဖင့္ ျပဳလုပ္ သြားႏုိင္ပါတယ္...
မျပဳလုပ္မွီ ပံု
ျပဳလုပ္ျပီးသြားေသာပံု
လုပ္ႀကည့္ႀကမယ္္ေနာ္
ကိုယ္ဘက္ဂေရာင္း လုပ္ခ်င္တဲ့ပံုကို အက္ပလုတ္ လုပ္ထည့္လုိက္ပါ ဒီအတုိင္းေလး ေတြ ့ရပါလိမ့္မယ္...
အေကာင့္မေဖာက္ရေသးသူေတြက ဒီေနရာ ေလးကို ဖတ္ျပီး အေကာင့္ေဖာက္လုိက္ပါ..
http://goldenmyanmarparadise.ning.com/profiles/blogs/url-or-dircct-...
အက္ပလုတ္ လုပ္လုိ့ရလာတဲ့ ပံုေလးကို ကလစ္လုိက္ပါ...
အဲ့ပံုေလးမွာ ျမွားေလးနဲ့ေထာက္ရင္ ေပၚလာတာက Edit ဆိုတာေလးကို ထပ္မန္ ကလစ္လုိက္ပါ
ခဏ ေစာင့္ရပါလိမ့္မယ္ ...
ေစာင့္စုိင္းျပီးလုိ့ ေပၚလာတာက ခုန ကုိယ္တင္ထားတဲ့ ပံုေလးကို ဒီအတုိင္းေလး ေတြ ့ရပါလိမ့္မယ္ေနာ္...
အနီေလး ၀ုိင္းထားတဲ့ တတိယေျမာက္ Decorate ကို ကလစ္လုိက္ပါ....
ျပီးရင္ Bolders ဆုိတာေလးကို ထပ္မန္ ကလစ္ေပးလုိက္ပါ....
ေဘးေဘာင္ေလးေတြ နဲ့ က်လာပါလိမ့္မယ္...
ႀကိဳက္တဲ့ ဒီဇုိင္းကို ကလစ္ျပီး Apply ေပးလုိက္ပါ ျပီးရင္ Save a Copy ကုိ ကလစ္ေပးလုိက္ပါ... တတိယေျမာက္ အ၀ုိင္းေဖာက္တဲ့ ေဘးေဘာင္ ေလးကို သံုးထားပါတယ္.....
သိမ္းျပီး ခ်ိန္မွာ ဒီလုိပံုစံေလး က်လာ ပါမယ္...
အဲ့ပံုေလးကိုမွ ဘက္ဂေရာင္းအျဖစ္ အသံုးျပဳမယ္...
သူငယ္ခ်င္းေတြကို ကြန္မန့္ေပးမယ္ စသည္ျဖင့္ ျပဳလုပ္ သြားႏုိင္ပါတယ္...
မျပဳလုပ္မွီ ပံု
ျပဳလုပ္ျပီးသြားေသာပံု
လုပ္ႀကည့္ႀကမယ္္ေနာ္
Source;http://goldenmyanmarparadise.ning.com",,,,,,
<urn:uuid:1e418808-ebed-4332-abbb-b1fe66da9727>,"အျပံဳးခ်ိဳခ်ိဳေလးပိုင္ဆိုင္ထားျပီး အျမဲပြင့္ပြင့္လင္းလင္းေနထိုင္တတ္တဲ့ မင္းသမီးေခ်ာေလး Mew Nittha အေျကာင္းသိခ်င္ျကတဲ့ Cele Now ပရိတ္သတ္ျကီးအတြက္ သူမရဲ႕အေျကာင္းေလးေတြကိုေဖာ္ျပေပးလုိက္ပါတယ္ေနာ္ …
နာမည္အရင္း ၊ အသက္
View this post on Instagram
Mew ကေတာ့ September 21 , 1990 မွာေမြးဖြားခဲ့ျပီး သူမရဲ႕အသက္ကေတာ့ ၃၀ ပါ။ နာမည္အရင္းကေတာ့ Nittha Jirayungyurn ပါတဲ့
မိသားစု
View this post on Instagram
Mew မွာအမတစ္ေယာက္ရွိပါတယ္။ Mew Nuttha ပါ။ မင္းသမီးေလးကေတာ့ ခ်စ္သူ Hi-So Shane နဲ႕ January 2020 တုန္းက ခမ္းခမ္းနားနား လက္ထပ္ခဲ့ပါတယ္။ Hi-So Shane ကေတာ့ စီးပြားေရးသမား ၊ အရမ္းခ်မ္းသာတဲ့ ေရႊကုန္သည္မိသားစုရဲ႕ သားပါ။
ပညာအရည္အခ်င္း
View this post on Instagram
Mew ကေတာ့ အနုပညာအရည္အခ်င္းအျပင္ ပညာလည္း ေတာ္ပါတယ္။ Bachelor of Gine Art (Fashion Design) နဲ႕ ဘြဲ႕ရထားျပီးေတာ့ အထက္တန္းတည္းက New Zealand မွာ English စာသင္ခဲ့တာပါ။ ပညာေရးပိုင္းအျပင္ ေရေဆးပန္းခ်ီ နဲ႕ပံုဆြဲပညာေတြပါ ကၽြမ္းက်င္ပါတယ္။ Fashion Design နဲ႕ဘြဲ႕ရထားလို႕ထင္တယ္ သူမ၀တ္လိုက္ရင္ အျခားလူေတြနဲ႕မတူပဲကြဲထြက္ျပီး အရမ္းျကည့္ေကာင္းတယ္ေနာ္
အနုပညာအလုပ္ စတင္ခဲ့ပံု
View this post on Instagram
အနုပညာအလုပ္စလုပ္ခဲ့တာကေတာ့ ၂၀၁၃ မွာပါ။ “Suparburoot Jutathep: Khun Chai Pawornruj” ဆိုတဲ့ ဇာတ္လမ္းတြဲမွာ Than Yin Wanrasa ဆိုတဲ့ ဇာတ္ေကာင္နဲ႕ပါ၀င္ခဲ့ပါတယ္။ ၂၀၁၆ မွာေတာ့ “One Day” ဆိုတဲ့ ရုပ္ရွင္ကို မင္းသား Ter Chantavit နဲ႕ အတူတူရိုက္ကူးခဲ့ျပီး အရမ္းေအာင္ျမင္ခဲ့ပါတယ္။ အနုပညာသက္တမ္းကေတာ့ အခုထိဆိုရင္ ၈နွစ္ေလာက္ရွိပါျပီ ။
လက္ရွိအနုပညာလွဳပ္ရွားမွဳ
View this post on Instagram
View this post on Instagram
လက္ထပ္ျပီးေပမယ့္လည္း အနုပညာအလုပ္ေတြကိုဆက္လက္လုပ္ကိုင္ေနျပီး ပရိတ္သတ္နဲ႕လံုး၀ အဆက္အသြယ္မျပတ္ခဲ့သူေလးပါ။ ဒီနွစ္ထဲမွာ ထြက္ရွိထားတဲ့ Channel 3 ကထုတ္လႊင့္တဲ့ My Husband in Law ဇာတ္လမ္းတြဲကလည္း ၀က္၀က္ကြဲေအာင္ျမင္ခဲ့ျပီးေတာ့ တရုတ္နိုင္ငံ version နဲ႕ပါျပန္ျမင္ရေတာ့မွာပါတဲ့ ။ ဒီကားေလးက ျမန္မာနိုင္ငံမွာလာရိုက္ကူးသြားခဲ့တာေနာ္ …
CELENOW(ref: wifi, thaiupdate)",,,,,,
<urn:uuid:c2bccd21-5f6c-4389-8aa8-4bdac0d57bc9>,"မြန်မာသဒ္ဒါ
လူတို့နှုတ်မှထွက်သောအသံတို့ကို ဆိုလိုသည့် အဓိပ္ပာယ်ရောက်အောင် စနစ်တကျ ပြောဆို ရေးသားရသည်။ ထိုသို့ ပြောဆိုရေးသားရာ၌ အသုံးပြုရမည့် စည်းစနစ်တို့ကို ဖော်ပြသော ကျမ်းသည် သဒ္ဒါကျမ်း ဖြစ်သည်။
- သဒ္ဒါအဓိပ္ပာယ်ရှိသောအသံကို အစွဲပြု၍ ရေးသားထားသောကြောင့် သဒ္ဒါဟု ခေါ်သည်။
- အသံနားဖြင့် ကြားသမျှကို အသံ ဟုခေါ်သည်။
- သဒ္ဒသဒ္ဒသည် ပါဠိစကားဖြစ်သည်။ အသံဟု အဓိပ္ပာယ်ရသည်။
- နာမ်
သက်ရှိသက်မဲ့၊ ဒြပ်ရှိဒြပ်မဲတို့၏ အမည်ဟူသမျှကို နာမ် ဟုခေါ်သည်။
- နာမ်စား
နာမ်၏အစားသုံးသော ပုဒ်ကို နာမ်စား ဟုခေါ်သည်။
- ကြိယာ
ပြုခြင်းကိုဖြစ်စေ၊ ဖြစ်ခြင်းကိုဖြစ်စေ၊ ရှိခြင်းကိုဖြစ်စေ ပြသောပုဒ်ကို ကြိယာ ဟုခေါ်သည်။
- နာမဝိသေသန
နာမ်ကို အထူးပြုသောပုဒ်ကို နာမဝိသေသန ဟုခေါ်သည်။
- ကြိယာဝိသေသန
ကြိယာကို အထူးပြုသောပုဒ်ကို ကြိယာဝိသေသန ဟုခေါ်သည်။
- ဝိဘတ်
နာမ်၊ နာမ်စားတို့၏နောက်၌တည်၍ ၎င်းတို့သည် ကတ္တားဖြစ်သည်၊ ကံဖြစ်သည် စသည်ကိုလည်းကောင်း၊ ကြိယာ၏နောက်၌တည်၍ ၎င်းကြိယာ၏ကာလနှင့် အမျိုးအစားကိုလည်းကောင်း ဝေဖန်ပိုင်းခြားပြသော စကားလုံးကို ဝိဘတ် ဟုခေါ်သည်။
- သမ္ဗန္ဓ
ပုဒ်အချင်းချင်းကိုဖြစ်စေ၊ ဝါကျအချင်းချင်းကိုဖြစ်စေ၊ အဓိပ္ပာယ်အချင်းချင်းကိုဖြစ်စေ ဆက်စပ်ပေးသော စကားလုံးကို သမ္ဗန္ဓ ဟုခေါ်သည်။
- ပစ္စည်း
နာမ်၊ နာမ်စား၊ နာမဝိသေသန၊ ကြိယာ၊ ကြိယာဝိသေသနတို့၏အဓိပ္ပာယ်ကို ထူးခြားလေးနက်အောင် ကူညီထောက်ပံ့သော စကားလုံးကို ပစ္စည်း ဟုခေါ်သည်။
- အာမေဍိတ်
ထိတ်လန့်ခြင်း၊ ဝမ်းသာခြင်း၊ အံ့သြခြင်းစသည့် တစ်စုံတစ်ခုသောအကြောင်းကြောင့် ပြင်းပြင်းထန်ထန် စိတ်လှုပ်ရှားကာနှုတ်မှ ရုတ်တရက် ထွက်ပေါ်လာသောအသံကို အာမေဍိတ် ဟုခေါ်သည်။
- အက္ခရာ
လူတို့နှုတ်မှ ထွက်သော အသံတို့ကို နားဖြင့်ကြားရသည်။ ထိုအသံတို့ကို ကိုယ်စားပြုထားသည့် အမှတ်သင်္ကေတများကို အက္ခရာ ဟုခေါ်သည်။ က၊ ခ၊ ဂ၊ ဃ၊ င စသော အမှတ်သင်္ကေတများသည် အက္ခရာများဖြစ်ကြသည်။ ထိုအက္ခရာများကို စာရေးသားရာတွင် အသုံးပြုကြရသည်။
- စကားလုံး
အနက်အဓိပ္ဂာယ်ကို ဖော်ပြနိုင်သော စကားအစိတ်အပိုင်း အသီးသီးကို စကားလုံး ဟုခေါ်သည်။
- ပုဒ်
သီးခြားစကားလုံးကိုလည်းကောင်း၊ သီးခြားစကားလုံးနှင့် အကူစကားလုံးတို့ကို တွဲစပ်ထားသော စကားလုံးတို့ကို လည်းကောင်းပုဒ် ဟုခေါ်သည်။
- ပုဒ်စု
ပုဒ်(၂)ပုဒ်၊ (၃)ပုဒ် စသည်တို့၏အကြား၌ ဝိဘတ်၊ ပစ္စည်း၊ သမ္ဗန္ဓတစ်ခုခုကိုထားလျက်ဖြစ်စေ၊ ပုဒ်(၂)ပုဒ်၊ (၃)ပုဒ် စသည်တို့၏ နောက်၌ သမ္ဗန္ဗ(၂)ခု၊ (၃)ခု စသည်တို့ကို ထားလျက်ဖြစ်စေ ဆက်ထားသောပုဒ်ကို ပုဒ်စု ဟုခေါ်သည်။
- ပုဒ်ဖြတ်ပုဒ်ရပ်
မြန်မာစာရေးသားရာ၌ အဓိပ္ပာယ်ရှင်းလင်းစေရန် ပုဒ်ကလေး၊ ပုဒ်မ၊ ဝိုက်ကွင်းစသော သင်္ကေတများကို အသုံးပြု၍ ရေးရသည်။ ထိုသင်္ကေတများကို ပုဒ်ဖြတ်ပုဒ်ရပ်သင်္ကေတများ ဟုခေါ်သည်။
- ဝါကျ
ဆိုလိုသည့်အဓိပ္ပာယ်ရောက်အောင် စနစ်တကျ စီစဉ်ထားသော ပုဒ်အစုအပေါင်းကို ဝါကျ ဟုခေါ်သည်။ ဝါကျတစ်ခုတွင် အနည်းဆုံး ကတ္တားတစ်ခုနှင့် ကြိယာတစ်ခု ပါဝင်သည်။
- ကာလ
ကြိယာ၏ပြုခြင်း၊ ဖြစ်ခြင်း၊ ရှိခြင်းနှင့် စပ်ဆိုင်သော အချိန်ကို ပြသည်။
- လိင်
အထီးအမသဘာဝကို လိင် ဟုခေါ်သည်။
- ကိန်း
အရေအတွက်ကို ကိန်း ဟုခေါ်သည်။
- ဝါစင်္ဂ
ဝါစင်္ဂ သည် ဝါစာနှင့် အင်္ဂ ပေါင်းစပ်ထားသော ပါဠိစကား ဖြစ်သည်။ ဆိုလိုသည့် အဓိပ္ပာယ်ရောက်အောင် ပြောဆိုသောစကား၏ အစိတ်အပိုင်းကို ဝါစင်္ဂဟု ခေါ်သည်။",,,,,,
<urn:uuid:617e3e0d-713b-4333-8832-12c70c1dac3c>,"မကြာမီလာတော့မယ့် Xiaomi ရဲ့ Brand အသစ် ….
Xiaomi သုံးစွဲသူများ… Xiaomi နှစ်သက်သူများကတော့ မကြာခင်မှာ ရွေးချယ် ဝယ်ယူစရာ Xiaomi ရဲ့ Brand တစ်ခု တိုးလာတော့မှာ ဖြစ်ပါတယ်။ အခုတောင်မှ Xiaomi နဲ့ Redmi ဆိုပြီး နှစ်မျိုးရှိနေတဲ့ ကျွန်တော်တို့ ပြည်တွင်းဈေးကွက်ထဲမှာ နောက်ထပ် တိုးလာမယ့် Xiaomi ရဲ့ Brand အသစ်က ဘာများဖြစ်မလဲဗျာ.. ဘယ်လို စွမ်းဆောင်ရည်တွေနဲ့ ထွက်ရှိလာမှာလဲ ဆိုတာတွေက စိတ်ဝင်စားစရာ ပါပဲ…။
တရုတ်ပြည်ဈေးကွက်မှာလည်း Online နဲ့ Offline ဆိုပြီး စမတ်ဖုန်းဈေးကွက်တွေ ရှိပါတယ်။ Xiaomi ကတော့ Online ကို အဓိကထား စောင်းပေးရောင်းချပါတယ်။ Offline (မြေပြင်ဈေးကွက်) မှာတော့ သူဟာ သိပ်နေရာ မရခဲ့ဘူးလို့ gsmarena news အရ သုံးသပ်ရပါတယ်။ Offline မှာတော့ ခြေစွာပြီး ဈေးကွက်ကွန်ရက်ကောင်းတာကတော့ BBK Electronics Company ရဲ့ Oppo နဲ့ Vivo ပဲ ဖြစ်ပါတယ်။
Xiaomi ရဲ့ Brand အသစ်ဟာ Oppo နဲ့ Vivo ကို မြေပြင်ဈေးကွက်မှာ ယှဉ်ဖို့နဲ့ ဈေးကွက် ပြန်လည်ရယူဖို့ Sub-Brand အနေနဲ့ မကြာခင်မှာ မိတ်ဆက်တော့မယ်လို့ သိရပါတယ်။ မိတ်ဆက်ပေးမယ့် စမတ်ဖုန်းကတော့ Oppo R11, One Plus5 တို့နဲ့ ဆင်တူပြီး ကင်မရာပိုင်းမှာလည်း တူနေမယ်လို့ သိရပါတယ်။ iPhone 7 ရဲ့ Antenna Band Design မျိုးလည်း သူ့မှာ တွေ့ရမှာ ဖြစ်ပါတယ်။
Xiaomi အနေနဲ့ သူရဲ့ Sub-Brand ဟာ ဘယ်လို အမည်နာမမျိုးလည်း ဆိုတာတော့ မထုတ်ဖော်သေးပါဘူး။ ဒီလကုန်မှာတော့ Brand အသစ်ကို Offline မှာ ဈေးကွက်အနိုင်ယူဖို့ မိတ်ဆက်ပေးသွားတော့မှာပါ….
လူကြီးမင်းပရိသတ်ကြီးကရော.. Xiaomi ရဲ့ Sub-Brand အသစ်ကို အားပေးအုံးမှာလားဗျာ…
Source : gsmarena",,,,,,
<urn:uuid:7c60138e-42da-47df-8140-f6fa46bfd107>,"အထက်တန်းကျောင်းပြီးသွားတဲ့ အထိမ်းအမှတ် ၊ ဘွဲ့ရတဲ့ အထိမ်းအမှတ်စတဲ့ နေ့ထူးနေ့မြတ်တွေမှာ အောင်မြင်မှုကို အသိအမှတ်ပြုတဲ့အနေနဲ့ ကိုယ်ကိုယ်တိုင်အတွက် ဂုဏ်ပြုပါတီ လုပ်ပေးကြတာ များပါတယ်။ ဒါပေမဲ့ အိမ်ရာမဲ့တွေအတွက် ပါတီလုပ်ပေးတဲ့ ထူးထူးခြားခြား မိန်းကလေးကတော့ တက္ကဆက်ပြည်နယ်မှာ ရှိပါတယ်။ လိန်နာ ကာရက်စ်ကို (Leanner Carrasco) ဆိုသူ မိန်းကလေးက တက္ကဆက်ပြည်နယ်က အိမ်ရာမဲ့ အမျိုးသမီးနဲ့ ကလေးတွေအတွက် ပီဇာ (၉၅) ခု မှာပြီး ပါတီပွဲကျင်းပပေးဖို့ သူငယ်ချင်းတွေနဲ့ အတူတူ စီစဉ်ခဲ့တာပါ။ အရင်တုန်းက မိသားစုနဲ့ အတူတူ ဖွံ့ဖြိုးရေးဂေဟာတွေ သွားပြီး လှူဒါန်းမှုလုပ်ဖူးပေမဲ့ ဒီတစ်ကြိမ်မှာတော့ သူငယ်ချင်းတွေနဲ့ အတူတူ ကိုယ်တိုင် အကောင်အထည်ဖော်ရတာ ဖြစ်ပါတယ်။
ပွဲမစခင် တစ်လအလိုကတည်းက သူငယ်ချင်းတစ်စု သွားပွတ်တံ ၊ သွားတိုက်ဆေး ၊ လက်သုတ်ပုဝါနဲ့ ချွေးနံ့ပျောက်ဆေးတွေ ဝယ်ယူထားပြီး အဲဒါတွေကို အိတ် (၄၀၀) နဲ့ ခွဲထုပ်ပြီး အိမ်ရာမဲ့တွေကို ဝေငှပေးခဲ့ပါတယ်။ ပါတီပွဲနေ့မှာတော့ ပီဇာပဲ ဝယ်စရာလိုပြီး လူပေါင်း (၂၀၀) ကို ကျွေးမွေးနိုင်ခဲ့လို့ ထူးခြားတဲ့နေ့လေးတစ်နေ့ ဖြစ်ခဲ့တယ်လို့ ကာရက်စ်ကိုက ဆိုပါတယ်။
လူအများအပေါ်စေတနာထားတဲ့ ကာရက်စ်ကို ကတော့ ဒီနှစ်ဆောင်းဦးမှာ Briar Cliff တက္ကသိုလ်ကို တက်ရောက်မှာဖြစ်ပြီး သူနာပြုဘာသာရပ်ယူသွားမယ်လို့ သိရပါတယ်။
Ref: CNN “Instead of a graduation bash, this high school senior threw a pizza party for the homeless”
Alice May (ရိုးရာလေး)",,,,,,
<urn:uuid:9740ba30-4969-4dde-a606-98a6971a093d>,"သားသမီးဘ၀ လွပဖုိ႔ကုိ ပခံုးနဲ႕ သယ္ေပးခဲ့တဲ့ အေဖ……….
သားသမီးေတြအေပၚ အသက္နဲ႕ရင္း ခ်စ္ျခင္းေတြရွိခဲ့ေသာ္လဲ
သူ႔ရဲ႕ အခ်စ္ ဖြင့္လွစ္ကာမျပ ဆံုးမ တတ္တဲ့ အေဖ…………
သားသမီးေတြနဲ႕ တူကာယွဥ္ျပံဳး ေပ်ာ္ကာမဆံုးေနခ်င္ေသာ္လဲ
နံနက္မုိးေသာက္အာရုဏ္ေရာက္ခ်ိန္မွစ
ေန၀င္မိုးခ်ဳပ္ထိ တကုပ္ကုပ္ အလုပ္ေတြလုပ္ခဲ့ရတဲ့ အေဖ…………..
သားသမီးမ်ားဆိုးသြမ္းေသာခါ စိတ္ေစတနာအရင္းခံနွင့္
မုန္းလိုကမုန္း ရိုက္ႏွက္ကာသာ ဆံုးမ ခဲ့တဲ့ အေဖ……………
အေဖ့အေၾကာင္းေတြး စာေတြေရးခ် ကဗ်ာေတြသီရလွ်င္
အေဖ့ ေက်းဇူး
အေဖ့ ေမတၱာ
အေဖ့ ေစတနာ ……….
အရာရာတုိင္း တုႏွဳိင္းလို႔ပင္မွီမည္မဟုတ္
သုိ႔ပါေသာေၾကာင့္
အေဖသည္သာ ဘ၀ပါဟု
အစဥ္အျမဲ ရင္ထဲမွာ
အစဥ္ရိုက်ိဳး ရွိခိုးဆဲပါ……….
Posted By: ayuu",,,,,,
<urn:uuid:f13871aa-0201-4274-8213-1bcae04d5ef0>,"Myanmar Now
အကြမ်းဖက်မှုတိုက်ဖျက်ရေးဥပဒေဖြင့် တရားစွဲဆိုခံထားရသော ရခိုင်အသင်း(စင်ကာပူ) ဥက္ကဋ္ဌ ကိုဟိန်းဇော် အပါအဝင် ၈ ဦးအမှုကို တရားသူကြီး ၂ ဦးဖြင့် ခုံရုံးဖွဲ့ကာ ယနေ့ (ဩဂုတ်လ ၂၃ ရက်) စတင်စစ်ဆေးခဲ့ကြောင်း တရားလွှတ်တော် ရှေ့နေ ဦးကျော်မျိုးထွန်းက ပြောဆိုသည်။
“အထူးအမှုတွေဆိုရင် ခုံရုံးနဲ့စစ်တယ်။ သာမန်အမှုတွေထက်ကို ထူးခြားလို့စစ်တာပေါ့နော်။ ဆုံးဖြတ်တဲ့လူ နှစ်ယောက်ဆိုတော့ အမှုကိုသေချာစစ်ဆေးနိုင်တာပေါ့” ဟု ၎င်းကဆိုသည်။
ရခိုင်ပြည်နယ်မြောက်ပိုင်းတွင် တပ်မတော်နှင့် တိုက်ပွဲများဖြစ်ပွားနေသည့် ရက္ခိုင့်တပ်တော် AA ကို ရန်ပုံငွေရှာဖွေပေးနေသည်ဟုဆိုကာ ၎င်းတို့ ၈ ဦးကို အကြမ်းဖက်မှု တိုက်ဖျက်ရေးဥပဒေ ပုဒ်မ ၅၀(ည)၊ ပုဒ်မ ၅၂ (က) တို့ဖြင့် အနောက်ပိုင်းခရိုင် တရားရုံးတွင် ဩဂုတ် ၉ရက်နေ့က တရားစွဲဆိုလိုက်ခြင်းဖြစ်သည်။
ယင်းအမှုတွင် တရားခံပြေးအဖြစ် ကြေညာထားသည့် ကိုသန်းထွန်းနိုင်(ခ)ဘိုနီ နှင့် ကိုစိုးစိုး(ခ)ကိုစိုးမြင့်တို့ကို လတ်တလော ဖမ်းဆီးရမိနိုင်မည် မဟုတ်ကြောင်း တာမွေမြို့နယ်ရဲစခန်းမှ ဒုရဲအုပ်က တရားခွင်တွင်ထွက်ဆိုခဲ့သည်။
ယနေ့ရုံးချိန်းတွင် ၎င်းတို့ ရှစ်ဦးအတွက် ရှေ့နေအသီးသီးက ရှေ့နေပါဝါတင်ခဲ့ပြီး တရားခံပြေးအဖြစ် ကြေညာခံထားရသည့် ကိုသန်းထွန်းနိုင်နှင့် ကိုစိုးမြင့်တို့၏ ဝရမ်းများကို တရားရုံးထံတင်သွင်းခဲ့သည်။
ယနေ့ တရားခွင်တွင် သက်သေအဖြစ် တာမွေမြို့နယ်၊ မေတ္တာညွန့်ရပ်ကွက် အုပ်ချုပ်ရေးမှူး ဦးခင်မောင်လွင်ကို စစ်ဆေးခဲ့ပြီး ရပ်ကွက်အုပ်ချုပ်ရေးမှူး ထောက်ခံချက်ပါ ကိုသန်းထွန်းနိုင်၏ဝရမ်းကို ဒုရဲအုပ် မျိုးမြင့်ဇော်က တရားရုံးသို့ သက်သေခံအဖြစ် တင်ပြရာ တရားရုံးက သက်သေခံ(က) အဖြစ်လက်ခံခဲ့သည်။
ဆက်စပ်တရားခံပြေးအဖြစ် ကြေညာထားခံရသူ နောက်တစ်ဦးဖြစ်သည့် ကိုစိုးမြင့်မှာ ရခိုင်ပြည်နယ်၊ မြောက်ဦးမြို့နယ်၊ ကြက်လျှာကျွန်းရပ်ကွက် လိပ်စာဖြစ်ခြင်းကြောင့် ၎င်းအမှုအတွက် တရားရုံးမှဝရမ်းပြန်လည် ပေးအပ်ခဲ့သည်ဟု ရန်ကုန်အနောက်ပိုင်းခရိုင်၊ ဒုတိယတရားသူကြီးချုပ် ဦးမင်းသန့် က ကြားနာမှုအပြီး သတင်းထောက်များအား ပြောသည်။
ဝရမ်းပြန်လည်ချိန်းဆိုသည့် ရက်မှာ လာမည့်စက်တင်ဘာ ၆ ရက်နေ့ဖြစ်ပြီး ယင်းနေ့တွင် ဖမ်းဝရမ်းပြန်လည်တင်သွင်းမည့် အပိုင်းကိုသာ စစ်ဆေးမည်ဖြစ်ကြောင်း ၎င်းကဆိုသည်။
ယနေ့တရားခွင်နှင့် တရားရုံးပတ်ပတ်လည်တွင် လုံခြုံရေးယူထားသည့် ရဲတပ်ဖွဲ့ဝင် အများအပြားတွေ့ရပြီး စွပ်စွဲခံရသူများ၏ မိသားစုဝင်များလည်း တရားခွင်သို့ လာရောက်ခဲ့သည်။
ရခိုင်(စင်ကာပူ)အသင်း ဥက္ကဌ ကိုဟိန်းဇော်၏မိခင်လည်း တရားခွင်တွင်ဝင်ရောက်ကြားနာခဲ့ပြီး စွပ်စွဲခံရသူများသည် အမှားတစ်စုံတစ်ရာမပြုလုပ်ခဲ့သည့်အတွက် အမြန်ဆုံးပြန်လည်လွတ်မြောက်မည်ဟု ယုံကြည်ကြောင်း တရားရုံးရှေ့တွင် သတင်းထောက်များကို ပြောဆိုသည်။
ဇူလိုင် ၉ ရက်နှင့် ၁၀ ရက်နေ့များက ကိုအောင်မြတ်ကျော်၊ ကိုဟိန်းဇော်၊ ကိုထွန်းအေး၊ ကိုရဲကျော်ထက်၊ မအေးမြတ်မွန်နှင့် ကိုတင်လှိုင်ဦးတို့ကို စင်ကာပူနိုင်ငံရှိ ၎င်းတို့၏ နေအိမ်အသီးသီးတွင် စင်ကာပူ CID၊ လဝကနှင့် ရဲများက ဝင်ရောက်ဖမ်းဆီးလိုက်သည်။
ရခိုင်ပြည်နယ်တွင် တပ်မတော်နှင့်တပ်မတော်နှင့် တိုက်ပွဲများဖြစ်ပွားနေသည့် AA ကို ရန်ပုံငွေ ရှာဖွေပေးနေသောကြောင့် ၎င်းတို့အား ဖမ်းဆီးရခြင်းဖြစ်ကြောင်း စင်ကာပူအစိုးရက ထုတ်ပြန်ပြီး ဇူလိုင် ၁၀ ရက်နေ့တွင် ပြည်နှင်ဒဏ်ပေးလိုက်သည်။
ရန်ကုန်ပြန်ရောက်လာသည့် ၎င်းတို့ ၆ ဦးနှင့် ဆက်စပ်သူ ၃ ဦး စုစုပေါင်း ၉ ဦးတို့ကို နေရာအသီးသီးတွင် အချိန်မတူဘဲ ဖမ်းဆီးလိုက်ခြင်းဖြစ်သည်။
အကြမ်းဖျက်မှုတိုက်ဖျက်ရေးဥပဒေပုဒ်မ ၅၂ သည် အနိမ့်ဆုံးထောင်ဒဏ် ၃ နှစ်မှ အမြင့်ဆုံးထောင်ဒဏ် ၆ နှစ်အထိချမှတ်နိုင်သလို ငွေဒဏ်လည်း ချမှတ်နိုင်သည်။
ထို့အပြင် ရခိုင့်တပ်မတော် AA မှ စစ်ဦးစီးချုပ် ဗိုလ်ချုပ်ထွန်းမြတ်နိုင်၊ ဒုတိယစစ်ဦးစီးချုပ် ဗိုလ်မှူးချုပ်ညိုထွန်းအောင်၊ ဗိုလ်မှူးကျော်ဟန်နှင့် သတင်းပြန်ကြားရေးတာဝန်ခံ ခိုင်သုခတို့ကိုလည်း မြောက်ဦးမြို့နယ် ရဲစခန်းမှ ဒုရဲမှူးအောင်သူက အကြမ်းဖျက်မှုတိုက်ဖျက်ရေးဥပဒေနှင့် အမှုဖွင့်တရားစွဲဆိုထားသည်။",,,,,,
<urn:uuid:627ca4d4-75ee-4986-a79d-a0a8839f9bfa>,"ရန္ကုန္ၿမိဳ႕ရွိ အိႏၵိယသံရုံး ယဥ္ေက်းမႈဌာနမွာ ပုံမွန္ေယာဂသင္တန္းေတြကုိ လာမယ့္ ဇန္န၀ါရီ ၂ ရက္ေန႔၊ ၂၀၁၅ မွာ ဖြင့္လွစ္ေတာ့မယ္လုိ႔သိရပါတယ္။
ဒီ သင္တန္းကုိ စိ္တ္ပါ၀င္စားသူ မည္သူမဆုိ အိႏၵိယသံရံုးမွာ ဒီဇင္ဘာလ ၁၀ ရက္မွ ၂၃ ရက္ နံနက္ပိုင္း ၈ နာရီကေန ၈နာရီ၄၅မိနစ္ အတြင္း ဒါမွမဟုတ္ရင္ ညေနပိုင္း ၄နာရီမွ ၅နာရီအတြင္း လာေရာက္ စာရင္းေပးသြင္းႏိုင္တယ္ပါတယ္တဲ့။
ေယာဂဆရာ Mr. Sanjay Kumar က Ashtanga yoga, Hatha yoga ႏွင့္ Bihar School of yoga တုိ႔ကုိ သင္ၾကားျပသေပးမွာပါ။
သင္တန္းသား တစ္ဦးအတြက္ စာရင္းသြင္း မွတ္ပံုတင္ေၾကးကေတာ့ အေမရိကန္ေဒၚလာ ၈ ေဒၚလာ သတ္မွတ္ထားပါတယ္။",,,,,,
<urn:uuid:006193c8-b238-438a-9071-4d10c3d294ed>,"ပရီးမီးယားလိဂ္ ပြဲစဥ္မွာပဲ ခ်ဲလ္ဆီးကေန ေနာက္ကေန လုိက္ကစားခဲ့ရၿပီး အဲဗာတန္နဲ႔ ၃ ဂိုးစီ သေရက် သြားပါတယ္။ အဲဗာတန္အတြက္ ဦးေဆာင္ဂိုး မိနစ္ ၅၀မွာ ခ်ဲလ္ဆီး ေနာက္ခံလူ တယ္ရီ ကုိယ့္ဂိုးကုိယ္ သြင္းမိရာကေန ရသြားတာပါ။
ဒုတိယဂိုးကုိ ေနာက္ထပ္ ၆ မိနစ္မွာ မီရယ္လက္စ္က သြင္းယူပါတယ္။ ဒီပြဲမွာ ခ်ဲလ္္ဆီးအသင္း ေနာက္တန္းအမွား အယြင္း မ်ားခဲ့ပါတယ္။ ပထမ ေခ်ပဂိုးကုိ တုိက္စစ္မွဴး ေကာ္စတာက ၆၄ မိနစ္မွာ သြင္းယူၿပီး ဒုတိယဂိုးကုိ ၆၆ မိနစ္မွာ ဖာဘရီဂတ္စ္က သြင္းယူပါတယ္။
ဒီပြဲမွာ ဖာဘရီဂတ္စ္ ေျခစြမ္းျပ ႏုိင္လုိ႔ အေကာင္းဆံုး ကစားသမားအျဖစ္ သတ္မွတ္ျခင္းခံ ခဲ့ရပါတယ္။မိနစ္ ၉၀မွာ အဲဗတန္အတြက္ တတိယဂိုးကုိ မိုရီက သြင္းယူၿပီး အခ်ိန္ပုိ ၉၈ မိနစ္မွာ တယ္ရီက ေခ်ပဂိုးသြင္းယူၿပီး သေရတမွတ္စီ ခြဲယူ လုိက္ရပါတယ္။
ဒီပြဲသေရက်လုိ႔ အဲဗာတန္က ၂၉ မွတ္နဲ႔ အဆင့္ ၁၁၊ ခ်ဲလ္ဆီးက ၂၅ မွတ္္နဲ႔ အဆင့္ ၁၄ မွာ အသီးသီး ရပ္တည္ေနပါတယ္။
6 years Ago",,,,,,
<urn:uuid:544ea10b-6576-46d3-9806-023c8aff727f>,"Full Gospel Assembly Church မှ ကြိုဆိုပါသည်။ ကျွန်တော်တို့အသင်းတော်တွင်လာရောက်ပါ၀င်ဖူးပါသလား။ မလာဖူးရင် တစ်ခေါက်လောက် လာရောက်ပါ၀င်ဘို့ ဖိတ်ခေါ်ပါရစေ။ အသင်းတော်မှာ ၀တ်ပြုချိန်ကို တနဂ်နွေနေ့မှာ ဘာသာ(3)မျိုးရှိပါတယ်။
နံနက် ၉နာရီမှ ၁၂ နာရီထိ မြန်မာဘာသာဖြစ်ပြီး၊ ညနေပိုင်း ၁နာရီမှ ၃နာရီထိ ချင်းဘာသာဖြစ်ပါတယ်၊ ညနေခင်း ၅နာရီမှ ရနာရီခွဲမှာတော့ အဂ်လိပ်ဘာသာအစီအစဉ်ရှိပါတယ်။
စနေနေ့ ညနေပိုင်း ၁နာရီမှ ၃နာရီထိ လူငယ်အစီစဉ်ရှိပါတယ်။ လူငယ်များဟာ စနေနေ့ ၀တ်ပြုချိန်မတိုင်ခင်မှာ မြို့တွင်းတွေမှာ ဧ၀ံဂေလိဟောြော၀ေငှဘို့ သွားကြပါတယ်။ သင်ဟာ လူငယ်တစ်ယောက်ဆိုလျှင် သင့်ရဲ့ နုပျိုတဲ့ အချိန်တွေကို ကျွန်တော်တို့ FGA Myanmar, Youth Department မှ လှိုက်လှဲစွာ ကြိုဆ်ုပါတယ်။ ကျွန်တော်တို့အသင်းတော်မှာ လရဲ့ ပထမပတ် (၁)ရက်နေ့မှ (၁၀) ရက်နေ့ထိ အစာရှောင်ဆုတောင်းခြင်းကို ပုံမှန်ရှိပါတယ်။ ဘုရားမျက်မှောက်တော်ရှိဘို့ အယောက်စီတိုင်းကိုလဲ ဖိတ်ခေါ်ပါရစေ။
ထို့အပြင် အစာရှောင်ပြီးမှာတော့ ရန်ကုန်တစ်၀ှိုက် ဧ၀ံဂေလိသွားကြပါတယ်။ ကျွန်တော်တို့ ဧ၀ံဂေလိအဖွဲ့ကိုတော့ Rev. Kyaw Kyaw က ဉီးဆောင်ပြီးသွားရမှာပါ။
ကမ္ဘာကြီးက နေ့စဉ်ကြားရတဲ့ သတင်းတွေ၊ ဖြစ်ပျက်တာတွေကို ကြည့်ရင် နောက်ဆုံးသောကာလ ရောက်ရှိနေပါပြီ။ ယုံကြည်သူတွေ အချိန်ဖြုန်းမည့် အချိန် မဟုတ်တော့ပါဘူး။ တွေ၀ေနေမည့် အချိန်တွ မဟုတ်တော့ပါဘူး။
မိတ်ဆွ... ကျွန်တော်တို့နှင့်အတူ ခရစ်တောရဲ့ မဟာစေခိုင်းချက်အားပြည့်စုံစေဘို့ လာရောက်ပါ၀င်ရန် ဖိတ်ခေါ်ပါရစေ။
Full Gospel Assembly Church မှ ကြိုဆိုပါသည်။ ကျွန်တော်တို့အသင်းတော်တွင်လာရောက်ပါ၀င်ဖူးပါသလား။ မလာဖူးရင် တစ်ခေါက်လောက် လာရောက်ပါ၀င်ဘို့ ဖိတ်ခေါ်ပါရစေ။ အသင်းတော်မှာ ၀တ်ပြုချိန်ကို တနဂ်နွေနေ့မှာ ဘာသာ(3)မျိုးရှိပါတယ်။",,,,,,
<urn:uuid:2db2d560-1b14-46a0-8f62-73826fb29768>,"တိုက်ပွဲဖြစ်ပွားမှုများ(မတ်လ စတုတ္ထပတ်)
Post By Nyein Ko Ko Soe, On March 25, 2020
၂၀၂၀ ပြည့်နှစ် မတ် ၁၈ ရက်မှ မတ် ၂၄ ရက်အထိ (မတ်လ စတုတ္ထပတ်) ကာလအတွင်း ရခိုင်ပြည်နယ် (မြောက်ပိုင်း) မောင်တော၊ ရသေ့တောင်၊ မြောက်ဦး၊ မင်းပြား၊ ပုဏ္ဏားကျွန်း၊ ကျောက်တော်၊ မြေပုံ၊ ကျောက်ဖြူမြို့နယ်များနှင့် ချင်းပြည်နယ် ပလက်ဝမြို့နယ်တို့တွင် တိုက်ပွဲဖြစ်ပွားမှု ၁၅ ကြိမ်ထက် မနည်းရှိခဲ့ကြောင်း တရားဝင်သတင်းဖော်ပြချက်များအရ သိရပါသည်။
မတ်လ စတုတ္ထပတ်အတွင်း ရခိုင်ပြည်နယ်(မြောက်ပိုင်း)နှင့် ချင်းပြည်နယ် ပလက်ဝမြို့နယ်တို့တွင် တပ်မတော်နှင့် AA အဖွဲ့တို့အကြား တိုက်ပွဲများကြောင့် အရပ်သား သုံးဦး သေဆုံးပြီး ထိခိုက်ဒဏ်ရာရသူ ၁၉ ဦးအထိ ရှိခဲ့ပါသည်။
ရခိုင်ပြည်နယ်အတွင်း တိုက်ပွဲဖြစ်ပွားမှု
မတ်လစတုတ္ထပတ်အတွင်း ရခိုင်ပြည်နယ်(မြောက်ပိုင်း)တွင် တိုက်ပွဲများ ဆက်လက်ပြင်းထန်ခဲ့ပြီး မတ် ၂၃ ရက် နံနက်ပိုင်းက မင်းပြားမြို့နယ် ကမ်းနီရှိ တပ်မတော်လေ့ကျင့်ရေးကျောင်းကို AA အဖွဲ့က လာရောက်တိုက်ခိုက်ခဲ့၍ နှစ်ဖက်ထိခိုက်သေဆုံးမှုများ ရှိခဲ့သည်။ AA အဖွဲ့ထံမှ အလောင်းနှင့် လက်နက်များ သိမ်းဆည်းရမိခဲ့ကြောင်း တပ်မတော်က ပြောကြားခဲ့ပြီး တိုက်ပွဲဖြစ်ပွားမှုကို AA ဘက်ကလည်း အတည်ပြုခဲ့ပါသည်။
မတ် ၂၄ ရက် နံနက်ပိုင်းကလည်း မောင်တောမြို့နယ် လိပ်ရွာကျေးရွာအနီးတွင် နယ်ခြားစောင့်ရဲကားတန်းကို AA အဖွဲ့က မိုင်းဆွဲတိုက်ခိုက်ခဲ့ခြင်းကြောင့် ရဲအရာရှိကြီး တဦးအပါအဝင်၊ ရဲတပ်ဖွဲ့ဝင် သုံးဦး ကျဆုံးပြီး လေးဦးခန့် ဒဏ်ရာရရှိခဲ့ပါသည်။ မတ် ၂၃ ရက် ညပိုင်းက AA အဖွဲ့ကို အကြမ်းဖက်အုပ်စုနှင့် မတရားအသင်းအဖြစ် အစိုးရက ကြေညာခဲ့ပြီးနောက် ယင်းတိုက်ခိုက်မှု ပေါ်ပေါက်ခဲ့ခြင်း ဖြစ်ပါသည်။
ထို့ပြင် မြေပုံမြို့နယ် စညင်းရွာအနီး တောင်တန်းများနှင့် မြောက်ဦးမြို့နယ် လေညှင်းတောင်ကျေးရွာ အနောက်ဘက်တောင်တန်းများတွင် တိုက်ပွဲများ ဖြစ်ပွားခဲ့ပြီး တပ်မတော်ဘက်က တိုက်လေယာဉ်၊ ရဟတ်ယာဉ်များ အသုံးပြုတိုက်ခိုက်ခဲ့သည်။
မတ်လစတုတ္ထပတ်အတွင်း ဖြစ်ပွားခဲ့သည့် တပ်မတော်နှင့် AA အဖွဲ့အကြား တိုက်ပွဲများတွင် မိုင်းပေါက်ကွဲမှု၊ လက်နက်ကြီးကျည် ကျရောက်ပေါက်ကွဲမှုတို့ကြောင့် အရပ်သား ထိခိုက်သေဆုံးမှုများလည်း ရှိခဲ့သည်။
အရပ်သားထိခိုက်သေဆုံးမှုရှိခဲ့သည့် ဖြစ်စဉ်များမှာ မတ် ၁၈ ရက် ညပိုင်းက ပုဏ္ဏားကျွန်းမြို့နယ် လက်မဆိပ်ကျေးရွာတွင် လက်နက်ကြီးကျည်များ ကျရောက်ပေါက်ကွဲခဲ့ခြင်းကြောင့် အမျိုးသမီးတဦး သေဆုံးပြီး လူငယ်တဦး ထိခိုက်ဒဏ်ရာရခဲ့ပါသည်။ ယင်းဒေသတွင် တပ်မတော်နှင့် AA အဖွဲ့အကြား တိုက်ပွဲဖြစ်ပွားခဲ့ခြင်းမရှိဘဲ တပ်မတော်ရေယာဉ်များက ကုလားတန်မြစ်ကြောင်းတလျှောက် အကြောင်းမဲ့ ပစ်ခတ်ခဲ့ခြင်းဖြစ်သည်ဟု ဒေသခံများက စွပ်စွဲခဲ့ပါသည်။
အလားတူ မတ် ၁၉ ရက်ညပိုင်းက ကျောက်တော်မြို့နယ်အတွင်း ကုလားတန်မြစ်ကြောင်းအနီးရှိ ဝက်မိုင်းကျေးရွာရှိ ဆန်စက်ကို လက်နက်ကြီးကျည် ကျရောက် ပေါက်ကွဲခဲ့၍ ရွာသားငါးဦး ထိခိုက်ဒဏ် ရာရခဲ့သည်။ ယင်းဖြစ်စဉ်နှင့် ပတ်သက်၍ တပ်မတော်က ရှင်းလင်းခဲ့ရာ မတ် ၁၉ ညပိုင်းက ကစ္ဆပနဒီ တံတားအနီးတွင် မသင်္ကာဖွယ်ရာ လူတချို့ကို တွေ့ရှိခဲ့၍ ပစ်ခတ်ခဲ့ကြောင်း ပြောကြားခဲ့ပါသည်။
မတ် ၂၂ ရက်ကလည်း ကျောက်တော်မြို့နယ် ဂုတ်ပီးထောင့်ကျေးရွာတွင် လက်နက်ကြီး ကျည်ပေါက်ကွဲခဲ့ပြီး မိန်းကလေး နှစ်ဦးအပါအဝင် လူငယ် ခြောက်ဦး ဒဏ်ရာရရှိခဲ့ပါသည်။ တပ်မတော်ရေယာဉ်များမှ ပစ်ခတ်ခဲ့သည့် လက်နက်ကြီးများအနက် မပေါက်ကွဲဘဲ ရှိနေသည့် လက်နက်ကြီး ကျည်တခု ပေါက်ကွဲခဲ့ခြင်းကြောင့်ဟု ဒေသခံများက ပြောကြားခဲ့ပြီး ဒဏ်ရာရသူများအနက် နှစ်ဦးမှာ ဒဏ်ရာပြင်းထန်ကြောင်း သိရပါသည်။
ထို့ပြင် မတ် ၂၃ ရက်တွင် ပုဏ္ဏားကျွန်း လက်ဝဲမြိုင်ကျေးရွာ၌ မပေါက်ကွဲသေးသည့် လက်နက်ကြီး ကျည်ကို ကောက်ယူခဲ့ရာမှ ပေါက်ကွဲမှုဖြစ်ပွား၍ လူငယ်တဦး သေဆုံးခဲ့သည့် ဖြစ်စဉ်လည်း ရှိခဲ့ပါသည်။
ချင်းပြည်နယ်အတွင်း တိုက်ပွဲဖြစ်ပွားမှု
ပလက်ဝမြို့နယ် မီးချောင်းတံထားအနီးရှိ ဗျူဟာကုန်းကို သိမ်းပိုက်ရန် ကြိုးပမ်းသည့် AA အဖွဲ့ကို တိုက်ထုတ်နိုင်ခဲ့ကြောင်း တပ်မတော်မှ မတ် ၁၉ ရက်က သတင်းထုတ်ပြန်ခဲ့ပြီး ယင်းတိုက်ပွဲများအတွင်း လက်နက်ခဲယမ်းများ သိမ်းဆည်းရမိခဲ့သည်ဟု ပြောကြားခဲ့သည်။
တပ်မတော်၏ သတင်းထုတ်ပြန်မှုကို AA အဖွဲ့က ငြင်းဆန်ခဲ့ပြီး ၎င်းတို့၏တပ်ဖွဲ့များမှာလည်း ယင်းဒေသမှ မဆုတ်ခွာသေးကြောင်း ပြောကြားခဲ့သည်။ ယင်းနေရာတွင် ဖေဖော်ဝါရီလဆန်းကတည်းက တိုက်ပွဲများ ပြင်းပြင်းထန်ထန် ရက်ဆက်ဖြစ်ပွားနေခဲ့ခြင်းဖြစ်ပြီး အနီးရှိ ကျေးရွာများကို တပ်မတော်မှ လေကြောင်းတိုက်ခိုက်မှုများ ပြုလုပ်ခဲ့၍ အရပ်သား ထိခိုက်သေဆုံးမှုများ ဖြစ်ပေါ်ခဲ့သည်။
မတ် ၂၂ ရက် နေ့လယ်ကလည်း ပလက်ဝမြို့နယ် ရေချမ်းဝကျေးရွာတွင် တိုက်လေယာဉ်မှ ပစ်ခတ်မှုကြောင့် အမျိုးသမီး နှစ်ဦးနှင့် ကလေးငယ်တဦး ဒဏ်ရာရခဲ့ပြီး နေအိမ်အချို့ မီးလောင်ခဲ့ကြောင်း သိရပါသည်။
၂၀၂၀ ပြည့်နှစ် မတ်လ စတုတ္ထပတ်အတွင်း ဖြစ်ပွားခဲ့သည့် တိုက်ပွဲသတင်းများ၏ အပြည့်အစုံကို ယခု link တွင် ကြည့်နိုင်ပါသည်။",,,,,,
<urn:uuid:70f22df3-d2fd-495a-8427-1d1918ff9e99>,"NUG နဲ့ ဆက်လက်ထိတွေ့ဆက်ဆံမယ်လို့ တောင်ကိုရီးယားပြော
မြန်မာနိုင်ငံတွင်း ဒီမိုကရေစီစနစ် ပြန်လည်ကြီးစိုးဖို့၊ ငြိမ်းချမ်းရေးနဲ့ တည်ငြိမ်အေးချမ်းမှုတွေ ပြန်လည်ရရှိဖို့အတွက် နိုင်ငံတကာအသိုင်းအ၀ိုင်းနဲ့ အနီးကပ် ပူးပေါင်းဆောင်ရွက်ပြီး ဆက်လက်ကြိုးပမ်းအားထုတ်သွားမယ်လို့ တောင်ကိုရီးယား သမ္မတရုံးက သတင်းထုတ်ပြန်ပါတယ်။
အမျိုးသားညီညွတ်ရေး အစိုးရ NUG အပါအ၀င် ထိပ်ပိုင်းခေါင်းဆောင်တွေနဲ့လည်း ဆက်လက် ထိတွေ့ဆက်ဆံသွားမယ်လို့ ဆိုပါတယ်။
NUG အစိုးရကို တရား၀င် အသိအမှတ်ပြုကြောင်း ထုတ်ဖော်ပြောဆိုဖို့အတွက် တောင်ကိုရီးယားအစိုးရကို လူပေါင်း ၂၆၈,၀၀၀ ကျော်က လက်မှတ်ထိုး တောင်းဆိုထားတာကို သမ္မတရုံးဘက်က အခုလို တုံ့ပြန်ခဲ့တာ ဖြစ်ပါတယ်။
ဒီမိုကရေစီလိုလားတဲ့ မြန်မာပြည်သူတွေရဲ့ ဆန္ဒကို ထောက်ခံအားပေးသလို အရပ်သားတွေအပေါ် အကြမ်းဖက်လုပ်ရပ်တွေကိုလည်း ရပ်တန့်ပြီး နိုင်ငံတော်အတိုင်ပင်ခံပုဂ္ဂိုလ်အပါအ၀င် ထိန်းသိမ်းခံထားသူတွေအားလုံးကို အမြန်ဆုံး ပြန်လွှတ်ပေးဖို့ကိုလည်း တောင်ကိုရီးယားအစိုးရက ထပ်မံတောင်းဆိုလိုက်ပါတယ်။",,,,,,
<urn:uuid:860fd9f9-a984-4c8e-b331-c7a50b5ee55f>,"ရခိုင်အရေး တွစ်တာတွင် ပုံမှားရိုက်သော တူရကီ ဒုဝန်ကြီးချုပ်ကို မြန်မာ ရှုတ်ချ
ရခိုင်ပြည်နယ်မှ မွတ်ဆလင်များကို အစုလိုက်အပြုံလိုက် သတ်ဖြတ်သည်ဟူသော သတင်းမှားကို လူမှုကွန်ရက် တွစ်တာတွင် ရေးသားခဲ့သောကြောင့် တူရကီနိုင်ငံ ဒုတိယဝန်ကြီးချုပ်ကို မြန်မာအစိုးရနှင့် တပ်မတော်တို့က ရှုတ်ချလိုက်သည်။
သြဂုတ်လ ၂၉ ရက်နေ့တွင် တူရကီနိုင်ငံ ဒုတိယဝန်ကြီးချုပ် Mehmet Simsek သည် ဓာတ်ပုံလေးပုံကို တွစ်တာလူမှုကွန်ရက်တွင် တင်ပြီး “လူမျိုးတုန်းသတ်ဖြတ်မှုကို ဝိုင်းဝန်း တားဆီးကြရန်” ဟူ၍ နိုင်ငံတကာ အသိုင်းအဝန်းကို တိုက်တွန်းခဲ့သည်။ သူ၏ ပို့စ်ကို အကြိမ်ပေါင်း ၁၆၀၀ မျှဝေခဲ့ကြပြီး ဖတ်ရှုသူ ၁၂၀၀ က နှစ်သက်ကြောင်း ဖော်ပြခဲ့ကြသည်။
သို့သော် သူ တင်ခဲ့သောပုံများသည် ရခိုင်ပြည်နယ်မှ ဖြစ်ရပ်များနှင့် ပတ်သက်ခြင်း မရှိကြောင်း ပေါ်ပေါက်လာခဲ့သည်။ ရခိုင်ပြည်နယ်တွင် မကြာသေးမီကဖြစ်ပွားသော ပဋိပက္ခသတင်းများတွင် ဓာတ်ပုံအတုများ၊ သတင်းအတုများကို သုံး၍ နှစ်ဘက်စလုံးမှ ဝါဒဖြန့်ချိနေခဲ့ကြသည်။
သြဂုတ်လ ၂၅ ရက်နေ့က ARSA စစ်သွေးကြွများက ရဲစခန်းများကို တိုက်ခိုက်ခဲ့အပြီး သောင်းနှင့်ချီသော မွတ်ဆလင်၊ ရခိုင်နှင့် ဟိန္ဒူများသည် နေရပ်စွန့်ခွာ ထွက်ပြေးနေကြရသည်။သို့သော် ထိုဒေသသို့ သတင်းသမားများ သွားရောက်ခြင်းကို ကန့်သတ်ထားသောကြောင့် ပဋိပက္ခ၏ သရုပ်မှန်ကို အတည်ပြုရေး ခက်ခဲနေသည်။
ပထမပုံသည် ၂၀၀၈ ခုနှစ်မေလက ဖြစ်ပွားသော နာဂစ် ဆိုင်ကလုန်းမုန်တိုင်း သို့မဟုတ် သင်္ဘောနစ်မြုပ်မှုတခု၏ ပုံဖြစ်နိုင်ကြောင်း မြန်မာနိုင်ငံမှ လူအများအပြားက Simsek ၏ တွစ်တာရေးသားဖေါ်ပြချက်အပေါ် တုံ့ပြန်ခဲ့သည်ဟု BBC သတင်းဌာန၏ အဆိုအရ သိရသည်။
သစ်ပင်တွင် ကြိုးနှင့် ချည်ထားခံရပြီး သေဆုံးနေသူတဦးအတွက် ငိုကြွေနေသော အမျိုးသမီးတယောက် ပုံပါသော ဒုတိယပုံမှာမူ Reuters သတင်းဌာနမှ သတင်းထောက်တဦးက အင်ဒိုနီးရှားနိုင်ငံ အာချေးပြည်နယ်တွင် ၂၀၀၃ ခုနှစ် ဇွန်လက ရိုက်ကူးခဲ့သောပုံ ဖြစ်သည်။
သေဆုံးသူ မိခင်၏ အလောင်းပေါ်တွင် ကလေးငယ်များ ငိုကြွေးနေသည့် တတိယပုံမှာမူ ၁၉၉၄ ခုနှစ် ဇူလိုင်လက ရဝမ်ဒါမှ ဓာတ်ပုံဖြစ်နေသည်။ တူးမြောင်းတခုအတွင်း လူများနစ်နေသော စတုတ္ထပုံမှာ မကြာသေးမီက နီပေါနိုင်ငံရေလွှမ်းမှုအတွက် ရန်ပုံငွေရှာသော အင်တာနက်စာမျက်နှာမှ ပုံဖြစ်သည်။
သောကြာနေ့တွင်မူ Mehmet Simsek က “ကျနော့် အစောပိုင်းက တွစ်တာ ရေးသားတင်ပြချက်မှာ ရိုဟင်ဂျာ မွတ်ဆလင်တွေ အစုလိုက်အပြုံလိုက် သတ်ဖြတ်ခံရတယ်လို့ မှားယွင်းစွာ သရုပ်ဖေါ်ထားတဲ့ ပုံတွေကို တင်ခဲ့ပါတယ်” ဟု တွစ်တာတွင်ရေးသားကာ ပြင်ဆင်ချက် ထည့်သွင်းခဲ့သည်။
မြန်မာ့တပ်မတော်က တနင်္ဂနွေနေ့က ထုတ်ပြန်သောကြေညာချက်တွင် ရခိုင်ပြည်နယ်အတွင်း အကြမ်းဖက်မှုဖြစ်စဉ်များအတွက် မြန်မာနိုင်ငံသူ၊ နိုင်ငံသားများအနေဖြင့် ရတက်မအေးဖြစ်နေရသည့်အချိန်တွင် နိုင်ငံတခု၏ နိုင်ငံတော်အဆင့် တာဝန်ရှိသူတဦးအနေဖြင့် ရည်ရွယ်ချက်ရှိစွာ မဟုတ်မမှန် ရေးသား ဖော်ပြခြင်းအတွက် တပ်မတော်(ကြည်း၊ရေ၊လေ)မိသားစုများက ပြင်းထန်စွာ ကန့်ကွက်ရှုတ်ချကြောင်း သဘောထားထုတ်ပြန်အပ်ပါသည်ဟု ဖော်ပြသည်။
ထိုနေ့မှာပင် မြန်မာအစိုးရ၏ သတင်းထုတ်ပြန်ရေးကော်မတီက ပြည်သူများအနေဖြင့် လူမှုကွန်ယက်မီဒီယာတွင် သတင်းတုများ မတင်ရန် သတိပေးခဲ့သည်။ အထက်ပါ တွစ်တာရေးသားဖေါ်ပြချက်အတွက် တူရကီသံအမတ်ကို ဆင့်ခေါ်ခဲ့ကြောင်းလည်း သိရသည်။
မှားယွင်းဖော်ပြမိကြောင်း ပြန်လည်ဖော်ပြခဲ့သော်လည်း ထိုသို့ မဟုတ်မမှန် သတင်းများ၊ ဓာတ်ပုံများ ဖြန့်ချိခဲ့ခြင်းကြောင့် မြန်မာနိုင်ငံ အစိုးရ၊ လုံခြုံရေး တပ်ဖွဲ့ဝင်များနှင့် ပြည်သူများကို ထိခိုက်နစ်နာစေခဲ့ရသည်ဟု ထိုကြေညာချက်တွင် ဖော်ပြထားသည်။
သမ္မတရုံးပြောခွင့်ရသူ ဦးဖော်ဌေးက တူရကီ ဒုတိယဝန်ကြီးချုပ်ကို တွစ်တာတွင် “ဓာတ်ပုံတွေက ပျံ့နေပြီး ရခိုင်ပြည်သူတွေကို ARSA အကြမ်းဖက်အဖွဲ့ သတ်ဖြတ်နေတယ်။ နိုင်ငံရေးကစားဖို့ အမှန်ကို အမှားမလုပ်ပါနဲ့။ ARSA ဟာ အစွန်းရောက်အကြမ်းဖက်ပါ” ဟု စနေနေ့က တုံ့ပြန်ရေးသားခဲ့သည်။",,,,,,
<urn:uuid:66442dd4-f8f2-4338-971c-f8f986b25b32>,"မန္တလေးမြို့က ဈေးတွေမှာ နှားခေါင်းစည်းတွေမပါရင် ဈေးထဲ ဝင်ရောက်ခွင့်မပြုဖို့ အမိန့် ထုတ်ပြန်လိုက်ပါတယ်။ မန္တလေးမြို့တော်ဝန် ဒေါက်တာ ရဲလွင်က ဒီကနေ့ သူ့ဖေ့စ်ဘွတ်စာမျက်နှာမှာရေးသားပြီး မန္တလေးမြို့က ပြည်သူတွေကို အသိပေးလိုက်တာဖြစ်ပါတယ်။
ထုတ်ပြန်ထားတဲ့ စည်းကမ်းတွေကို မလိုက်နာဘူးဆိုရင် ဈေးပိတ်တဲ့အထိ အရေးယူသွားမယ်လို့ မြို့တော်ဝန် ဒေါက်တာ ရဲလွင်က ရေးသားထားပါတယ်။ ဈေးရောင်းချတဲ့သူတွေအားလုံး နှာခေါင်းစည်းမပါရင် ဈေးရောင်းချခွင့် ရပ်ဆိုင်းဖို့နဲ့ ဈေးဝယ်သူတွေ ဈေးထဲဝင်ရောက်ခွင့်မပြုဖို့ တို့ဖြစ်ပါတယ်။
မန္တလေးမြို့မှာဆိုရင် မြို့တော်စည်ပင်၊ တိုင်းစည်ပင်၊ ကလျာဏမိတ္တအဖွဲ့၊ ဝမ်းတွင်းမြို့တို့က စက်ချုပ်လုပ်ငန်းတို့ ပူးပေါင်းပြီး ပြန်လည်လျှော်ဖွတ် အသုံးပြုလို့ရတဲ့ နှာခေါင်းစည်းတွေကို စည်ပင်ဈေးတွေမှာ အခမဲ့ ဝေထားတယ်လို့လည်း ဖော်ပြထားပါတယ်။ ဈေးတွေထဲမှာ သုံးပေ ဒါမှမဟုတ် ခြောက်ပေ ခွာဖို့နဲ့ လက်ဆေးဖို့နေရာတွေလည်း ထားပေးတယ်လို့ ဆိုပါတယ်။ မန္တလေးမြို့မှာတော့ စည်ပင်သာယာရေးကော်မတီရဲ့လက်အောက်မှာ ဈေးပေါင်း ၄၀ ဆယ်ကျော်ရှိပါတယ်။",,,,,,
<urn:uuid:a101a2f6-ac4b-46b5-ae0d-d3ad3651bb1a>,"1ထိုနေ့ခြင်းတွင်၊ ရှင်ဘုရင်အာရွှေရုသည် ယုဒ အမျိုး၏ ရန်သူဟာမန်အိမ်ကို မိဖုရားဧသတာအား ပေးတော်မူ၏။ ဧသတာသည် မော်ဒကဲနှင့် အဘယ်သို့ ပေါင်ဘော်တော်သည်ကို ဧသတာလျှောက်သဖြင့်၊ မော်ဒကဲသည် ရှင်ဘုရင်ထံတော်သို့ဝင်ရ၏။ 2ရှင်ဘုရင်သည်လည်း၊ ဟာမန်လက်မှ နှုတ်သော လက်စွပ်တော်ကို တဖန်ချွတ်၍ မော်ဒကဲအား ပေးတော် မူ၏။ ဧသတာလည်း၊ ဟာမန်အိမ်ကို မော်ဒကဲ၌ အပ် လေ၏။ 3တဖန်ဧသတာသည် ရှင်ဘုရင်ခြေတော်ရင်း၌ ပြပ်ဝပ်၍၊ အာဂတ်အမျိုး ဟာမန်ပြုသောအပြစ်၊ ယုဒ အမျိုးတဘက်၌ ကြံစည်သော အကြံအစည်ကို ပယ်တော် မူမည်အကြောင်း၊ မျက်ရည်ကျလျက် တောင်းပန်လေ၏။ 4ရှင်ဘုရင်သည် ရွှေရာဇလှံတံကို ဧသတာသို့ ကမ်းတော်မူသဖြင့်၊ ဧသတာသည် ထ၍ရှင်ဘုရင် ရှေ့တော်၌ ရပ်လျက်၊ 5အရှင်မင်းကြီးအလိုတော်ရှိ၍၊ ကျွန်တော်မကို စိတ်နှင့်တွေ့တော်မူလျှင်၎င်း၊ ကျွန်တော်မအမှုသည် ရှေ့တော်၌ လျောက်ပတ်၍ ကိုယ်တော်သည် ကျွန်တော်မ ကိုလည်း ချစ်တော်မူလျှင်၎င်း၊ နိုင်ငံတော်အတိုင်းတိုင်း အပြည်ပြည်တို့၌ရှိသော ယုဒလူတို့ကို ဖျက်ဆီးခြင်းငှါ၊ အာဂတ်အမျိုး ဟမ္မေဒါသသား ဟာမန်စီရင်သောစာကို ပယ်မည်အကြောင်း၊ ထပ်၍ စာရေးစေတော်မူပါ။ 6ကျွန်တော်မအမျိုးအပေါ်သို့ ရောက်ရသော ဘေးကို၎င်း၊ ကျွန်တော်မအမျိုးသားချင်းပျက်စီးသော အမှုကို၎င်း၊ ကျွန်တော်မသည် ကြည့်ရှုခြင်းငှါ၊ အဘယ်သို့ တတ်နိုင်ပါအံ့နည်းဟု လျှောက်ဆို၏။ 7ရှင်ဘုရင် အာရွှေရုကလည်း၊ ဟာမန်သည် ယုဒလူတို့ကို ထိခိုက်သောကြောင့်၊ သူ၏အိမ်ကို ဖိဖုရား ဧသတာအားငါပေးပြီ။ ထိုသူကိုလည်း လည်ဆွဲချတိုင်၌ ကွပ်မျက်စေပြီ။ 8သို့ရာတွင် ရှင်ဘုရင်လက်စွပ်နှင့် တံဆိပ်ခတ် သော ရှင်ဘုရင် မိန့်တော်စာကို အဘယ်သူမျှ မပယ်ရ သည်ဖြစ်၍၊ စိတ်ရှိသည်အတိုင်း ယုဒလူတို့အဘို့ အမိန့် တော်စာကို တဖန်ရေး၍၊ လက်စွပ်တော်နှင့် တံဆိပ်ခတ် ရမည်ဟု မိဖုရားဧသတာနှင့် ယုဒလူမော်ဒကဲတို့အား မိန့်တော်မူ၏။ 9ထိုအခါ ဝိဝန်အမည်ရှိသော တတိယလနှစ် ဆယ်သုံးရက်နေ့တွင်၊ စာရေးတော်ကြီးတို့ကိုခေါ်၍၊ အိန္ဒိယပြည်မှ ကုရှပြည်တိုင်အောင် တိုင်းပြည်တရာ နှစ်ဆယ်ခုနစ်ပြည်တို့၌ ရှိသော ယုဒလူ၊ ကိုယ်စားတော် မင်း၊ အပြည်ပြည်အုပ်သော မြို့ဝန်၊ မြို့သူကြီးတို့ကို မော်ဒကဲမှာထားသမျှအတိုင်း၊ ယုဒဘာသာစကားမှစ၍ လူအမျိုးမျိုး ပြောသောစကားအသီး အသီးအားဖြင့်၊ 10ရှင်ဘုရင် အာရွှေရု၏ အမိန့်တော်စာကိုရေး၍ ရှင်ဘုရင်လက် စွပ်တော်နှင့် တံဆိပ်ခတ်ပြီးမှ၊ မြင်း၊ လား၊ ကုလားအုပ်၊ မြည်းစီးသော စာပို့လုလင်တို့ဖြင့် ပေးလိုက် လေ၏။ 11အမိန့်တော်စာချက်ဟူမူကား၊ အာဒါအမည် ရှိသော ဒွါဒသမလ တဆယ်သုံးရက် တနေ့ခြင်းတွင်၊ 12နိုင်ငံတော်အတိုင်းတိုင်း အပြည်ပြည်အမြို့မြို့ ၌ရှိသော ယုဒလူတို့သည် စုဝေး၍၊ မိမိတို့အသက်ကို စောင့်ရသောအခွင့်၊ တိုက်လာသောပြည်သူ၊ စစ်သူရ အပေါင်းတို့ကို မိန်းမသူငယ်နှင့်တကွ သတ်ဖြတ်သုတ် သင်ပယ်ရှင်း၍၊ သူတို့ဥစ္စာကို လုယူ သိမ်းရုံးရသောအခွင့် ကို ရှင်ဘုရင်ပေးတော်မူ၏။ 13ဤရွေ့ကား၊ ယုဒလူတို့သည် ထိုနေ့ရက်တွင် ရန်သူတို့ကို ရန်တုံ့ပြုစေခြင်းငှါ၊ အတိုင်းတိုင်း အပြည် ပြည်၌နေသော လူမျိုးအပေါင်းတို့အား ကြော်ရသော အမိန့်တော်စာချက်ဖြစ်သတည်း။ 14ထိုအမိန့်တော်စာကို ရှုရှန်နန်းတော်၌ ကြော်ပြီး မှ၊ ရှင်ဘုရင် ကျပ်တည်းစွာ စီရင်သည်အတိုင်း၊ စာပို့ လုလင်တို့သည် အလျင်အမြန် ပြေးသွားကြ၏။ 15မော်ဒကဲသည်လည်း၊ မင်းမြောက်တန်ဆာ တည်းဟူသော အဝတ်အဖြူအပြာကို ဝတ်ဆင်လျက်၊ ကြီးစွာသော ရွှေသရဖူကို ဆောင်းလျက်၊ ပိတ်ချောနှင့် မောင်းသော အထည်ဖြင့် ပြီးသောဝတ်လုံကို ခြုံလျက်၊ ရှင်ဘုရင်ထံတော်မှ ထွက်သွား၍၊ 16ရှုရှန်မြို့တော်သည် ဝမ်းမြောက်ရွှင်လန်းခြင်းသို့ ရောက်လေ၏။ ယုဒလူတို့သည်လည်း၊ သက်သာရွှင်လန်း ၍ ဝမ်းမြောက်ခြင်း၊ အသရေထွန်းလင်းခြင်းသို့ ရောက် ကြ၏။ 17ရှင်ဘုရင်အမိန့်တော်စာရောက်လေသော အပြည်ပြည်အမြို့မြို့၌၊ ယုဒလူတို့သည် ဝမ်းမြောက် ရွှင်လန်းခြင်း၊ ပွဲခံခြင်း၊ မင်္ဂလာနေ့စောင်းခြင်းကို ပြု၍၊ ပြည်သူပြည်သားအများတို့သည် ယုဒလူတို့ကို ကြောက်ရွံ သောကြောင့် ယုဒဘာသာကို ဝင်ကြ၏။
Esther 8",,,,,,
<urn:uuid:55803fc0-be80-45d4-b031-c509484bc30b>,"ဒီဇင်ဘာ ၂၉ ရက် မှ ဇန်နဝါရီ ၄ရက် သီတင်းပတ်အတွင်း အမေရိကန်ဒေါ်လာ ၄၈၁၀ဝ တန်ဖိုးရှိ ဘိလပ်မြေ ၂၇၇ ဒသမ ၄၄ တန်ကို ပင်လယ်ရေကြောင်းကုန် သွယ်မှုလမ်းမှ တင်သွင်းခဲ့သည်။ ယခု တစ်ပတ် ထိုင်းနိုင်ငံမှတန်ချိန် ၁၅၀ နှင့် မလေးရှားနိုင်ငံမှ ၁၂၇ ဒသမ ၄၄ တန်ကိုတင်သွင်းခဲ့သည်။ ယခင် သီတင်းပတ်က ဘိလပ်မြေ၅၄ ဒသမ ၅၀ တန်တင်သွင်းခဲ့ခြင်းကြောင့် ယခုတစ်ပတ်တင်သွင်းမှုနှင့် နှိုင်းယှဉ်လျှင်တန်ချိန်၂၂၀ ကျော် ပိုမိုတင်သွင်းခဲ့ကြောင်း သိရသည်။ ဒီဇင်ဘာ ၂၈ ရက်မှ ဇန်နဝါရီ ၃ ရက်အတွင်း နယ်စပ်လမ်းမှ ဘိလပ်မြေ အဝင်မှာ တန်ချိန် ၇၂၂၀ ကျော်ရှိ ခဲ့ပြီး ယခင်သီတင်းပတ်က ဘိလပ်မြေအဝင်မှာ တန်ချိန် ၃၈၀၈၀ ကျော်ရှိခဲ့ခြင်းကြောင့် ယခုတစ်ပတ်မှာ တန်ချိန် ၃၀၈၆၀ ကျော် အဝင်လျော့ခဲ့သည်။ ထို့ကြောင့် ယခုတစ်ပတ် ရေကြောင်းလမ်းမှ အဝင်ပိုခဲ့ပြီး နယ်စပ်လမ်းမှ အဝင်လျော့ခဲ့သည်။
သီတာဝင်း (DOT)",,,,,,
<urn:uuid:ce140fab-6edb-4daf-8113-e22c76f3e777>,"ယခုကြုံတွေ့ ခံစားနေရတဲ့ ကိုဗစ်ကြောင့် စားသောက်ဆိုင်တော်တော်များများဟာ အခက်အခဲတွေ နဲ့ရင်ဆိုင်နေကြရပါတယ် ။
ယင်း အခက်အခဲတွေ ကြားထဲ မှာ ဆက်လက် ကြိုးစားပြီး စည်းကမ်းတကျရောင်းချနေတဲ့ ဆိုင်တွေလည်း အများကြီး ကျန်ရှိနေပါသေးတယ် ။
အဓိက ကျတဲ့ ကူးစက်မှုကို ထိန်းချုပ်ဖို့ လိုအပ်တဲ့ အတွက် ဆိုင်ထိုင် အစား Take Out နဲ့ Delivery စတဲ့ နည်းလမ်းတွေကို အားလုံးနီးပါး အသုံးပြုလာကြပါတယ် ။
သို့ပေမယ့် စနစ်တကျ ဖြစ်တဲ့ Take Out & Delivery နည်းလမ်းတွေကို အသုံးပြုဖို့ရန်ပိုမိုလိုအပ်ပါတယ် ။
အများဆုံးကြုံတွေ့ရသည့် အခက်အခဲမှာ ဥပမာ ၊ ၊ Take Out မှာယူသူများ ဆိုင်ရှေ့တွင် များပြားစွာ စောင့်ဆိုင်းနေခြင်း ၊ Delivery ပို့ဆောင်ရန် မလွယ်ကူသော နေရာမှ မှာယူခြင်းမျိုး တို့ဖြစ်သည်။
ဒီအတွက် တိကျသေချာပြီး မြန်ဆန်တဲ့ Take Out System မျိုးတွေ ၊ Self Delivery နယ်မြေသတ်မှတ်ခြင်း (သို့) Delivery တစ်ခုခု နှင့် ချိတ်ဆက်ခြင်း စတဲ့ နည်းလမ်းတွေကို အသုံးပြုသင့်ပါတယ် ။
Food service ဖြစ်တဲ့ အတွက် အစားအသောက်ရဲ့ အရည်အသွေးကို Customers လက်ထဲ ရောက်သည် အထိ အကောင်းဆုံး ထိန်းထားသင့်ပါတယ် ။
နောက်ဆုံး တစ်ခုက တော့ Delivery Price ပါ ။ တစ်ချို့သော အစားအသောက်တွေထက် ပိုမိုတဲ့ Delivery Fees တွေ ကြောင့် Customers တစ်ချို့ဟာ မှာယူဖို့ အတွက် လက်တွန့်တတ်ကြတာလည်း ယခုကြုံတွေ့နေရတဲ့ ပြဿနာတွေထဲက တစ်ခုပါပဲ ။
ဒီနေ့ပြောပြသွားပေးတာကတော့ ယခုလို အခြေအနေမျိုးမှာ ကြုံတွေ့ရတတ်တဲ့ စားသောက်ဆိုင်တွေရဲ့ ပြဿနာတွေရယ် ၊ ဖြေရှင်းနည်းတွေပဲ ဖြစ်ပါတယ် ။
ဒီကပ်ဆိုးကြီးကို စည်းစနစ်တကျ ဖြတ်ကျော်ရင်း အရင်လို ဆိုင်တွေမှာ လူပြည့်နေစေဖို့ အတွက် အားတင်းထားကြရအောင် ။",,,,,,
<urn:uuid:be4da9e4-3a59-44ea-9565-1dd77254a85a>,"ဝက်လက်ပြည်သူ့ကာကွယ်ရေးအဖွဲ့ စစ်ယာဉ်တန်းကို မိုင်းဆွဲတိုက်ခိုက်
စစ်ကိုင်းတိုင်း ဝက်လက်မြို့နယ်အတွင်း မန္တလေး-ရွှေဘိုလမ်းမကြီးပေါ်မှာ နိုဝင်ဘာလ ၂၇ ရက် ည ၁၁ နာရီလောက်က စစ်ယာဉ်တန်းကို ဒေသခံပြည်သူ့ကာကွယ်ရေးအဖွဲ့က မိုင်းဆွဲ တိုက်ခိုက်ခဲ့တယ်လို့ သိရပါတယ်။
ရွှေဘိုဘက်ကို ဦးတည်ထွက်ခွာလာတဲ့ စစ်ကိုင်း တပ်မ-၃၃ က စစ်ယာဉ်တန်း မိုင်းဆွဲ တိုက်ခိုက်ခံရတာကြောင့် ကားတစ်စီးပျက်စီးသွားပြီး စစ်သား ၁၈ ယောက်လောက် ဒဏ်ရာ ရသွားတယ်လို့ ဝက်လက်မြို့နယ် ပြည်သူ့ကာကွယ်ရေးတပ်ဖွဲ့တာဝန်ရှိသူက ပြောပါတယ်။
“ဒီကောင်တွေက မိုးကာအုပ်တွဲကား နှစ်စီး၊ Express ကား ၇ စီး စုစုပေါင်း ၉ စီးပေါ့။ ရွှေဘိုဘက်ကို ဦးတည်သွားနေတာ။ ကျနော်တို့အဖွဲ့က လမ်းမကြီး တနေရာကနေ မိုင်းဆွဲခဲ့တယ်။ ကားမှန်တွေ ကွဲထွက်သွားပြီး ၁၈ ယောက်လောက်ကတော့ ပြင်းပြင်းထန်ထန်ထိတယ်။”
စစ်ကောင်စီတပ်ဟာ ရွှေဘိုမြို့နယ်နဲ့ ဒီပဲယင်းနယ်စပ်ကို ထိုးစစ်ဆင်သွားတာ ဖြစ်နိုင်လို့ တဖက်သတ်ဖိအား မများအောင် မိုင်းဆွဲခဲ့တာလို့လည်း ဆိုပါတယ်။
ဝက်လက်မြို့နယ်အတွင်း နိုဝင်ဘာ ၁၉ ရက်ကလည်း တည်တောကျေးရွာကို စစ်ကြောင်း ထိုးလာတဲ့ စစ်တပ်နဲ့ လက်နက်ကိုင်ပျူစောထီးအဖွဲ့တွေကို မိုင်းဆွဲတိုက်ခိုက်ခဲ့လို့ စစ်ကောင်စီတပ်ဖွဲ့ ဘက်က ၃၀ ခန့် ထိခိုက်သေဆုံးခဲ့တယ်လို့ သိရပါတယ်။",,,,,,
<urn:uuid:17f6be0f-bd60-4a99-a72c-e7f734d9ef58>,"21-Sep-2016
ကခ်င္ 2200 views
ကခ်င္ 2200 views
ကခ်င္ျပည္နယ္ မိုးညႇင္းၿမဳိ႕နယ္ မမုံကိုင္အုပ္စု မိုင္းေနာင္ေက်း႐ြာမွ သစ္ခြဲစက္အတြင္း စက္တင္ဘာလ ၁၉ ရက္ေန႔ နံနက္ ၈ နာရီအခ်ိန္ က ဝင္ေရာက္ဖမ္းဆီးရာ တရားခံမွ ျပန္လည္ ေသနတ္လုယူခဲ့သျဖင့္ ဒုရဲမွဴးတစ္ဦး ဒဏ္ရာရရွိခဲ့ေၾကာင္း ကခ်င္ျပည္နယ္ ရဲတပ္ဖြဲ႕မွဴး႐ုံးထံမွ သိရသည္။
မိုးညႇင္းၿမဳိ႕နယ္ မူးယစ္ေဆး၀ါး ႏွိမ္နင္းေရး ရဲတပ္ဖြဲ႕မွ ဒုရဲမွဴး ေအာင္ႏိုင္ဦး ဦးေဆာင္သည့္ အင္အား ၁၀ ဦးပါ အဖြဲ႕သည္ အင္းေတာ္ႀကီးၿမဳိ႕နယ္ လုံးတုံေက်း႐ြာအုပ္စု မိုင္းေနာင္ေက်း႐ြာမွ အေနာက္ဘက္ ႏွစ္မိုင္ခန္႔အကြာ သစ္ခြဲစက္၀င္းအတြင္း တဲေျခာက္လုံး၌ သတင္းအရ မူးယစ္ေဆး၀ါး သြားေရာက္ဖမ္းဆီးရာမွ လူတစ္အုပ္က တုတ္၊ ဓားလက္နက္မ်ားႏွင့္ ခုခံၿပီး တရားခံကိုပါ ျပန္လည္လုယူသြားခဲ့ေၾကာင္း သိရသည္။
အဆိုပါ သစ္ခြဲစက္အတြင္း တဲေျခာက္လုံးကို ၀င္ေရာက္ စစ္ေဆးရာ တဲအနီးမွ ေအာင္ေက်ာ္၀င္းကို ေခၚယူစစ္ေဆးေနစဥ္ အမည္မသိ လူႏွစ္ဦး ထြက္ေျပးသြားၿပီး နာရီ၀က္အၾကာတြင္ အမည္မသိ လူတစ္စုေရာက္လာ၍ ဖမ္းဆီးေရး တပ္ဖြဲ႕၀င္မ်ားကို တုတ္၊ ဓားမ်ားျဖင့္ ၀ိုင္း၀န္း ရန္ျပဳသျဖင့္ ဒုရဲမွဴးတစ္ဦး ဒဏ္ရာရကာ ၎ကိုင္ေဆာင္ထားသည့္ ပြိဳင့္ ၃၂ ေျခာက္လုံးျပဴးတစ္လက္ႏွင့္ က်ည္ ၁၈ ေတာင့္တို႔ကို လုယူ ထြက္ေျပးသြားေၾကာင္း ျပည္နယ္ ရဲတပ္ဖြဲ႕မွဴး႐ုံးထံမွ သိရသည္။
""တရားခံက ရဲဆီက ေသနတ္လုၿပီး ထြက္ေျပးသြားတယ္။ ေသနတ္ပါတဲ့အတြက္ ေတြ႕ရွိလို႔ရွိရင္ သက္ဆိုင္ရာကို အေၾကာင္းၾကားေပးဖို႔ ျပည္သူေတြကို တိုက္တြန္းလိုပါတယ္"" ဟု ျပည္နယ္ ရဲတပ္ဖြဲ႕မွဴး႐ုံးမွ ရဲမွဴးႀကီး အဆင့္ရွိသူတစ္ဦးက ဆိုသည္။
အဆိုပါ ေအာင္ေက်ာ္၀င္း ကိုင္ေဆာင္ထားသည့္ ေက်ာပိုးအိတ္မွ ဘိန္းျဖဴ ၁၁၇ ဒသမ ၄၀၀၁ ဂရမ္ခန္႔ႏွင့္ စိတ္ၾကြ ေဆးျပား ၂၉၈၅ ျပား၊ သံကိုယ္ထည္ စနစ္တံမပါ PUZG တပ္မေတာ္ထုတ္ BA.109 လက္ပစ္ဗုံးႏွစ္လုံး၊ ဓားေျမႇာင္ငယ္ တစ္လက္တို႔ကို သိမ္းဆည္းရမိခဲ့ေၾကာင္း၊ ယင္းေဒသသို႔ ျပည္နယ္ ရဲတပ္ဖြဲ႕မွဴး ရဲမွဴးႀကီးထြန္းဦး ဦးေဆာင္ကြပ္ကဲမႈျဖင့္ ထြက္ေျပးသြားသည့္ တရားခံမ်ားကို ဖမ္းဆီးခဲ့ရာ စက္တင္ဘာလ ၁၉ ရက္ေန႔ႏွင့္ ၂၀ ရက္ေန႔တို႔တြင္ ႏွစ္ဦးကို ဖမ္းမိႏိုင္ခဲ့ေၾကာင္း အဆိုပါ႐ုံးထံမွ သိရသည္။
အဆိုပါ အမႈကို ပ(၄၅)/၂၀၁၆၊ လက္နက္ ဥပေဒ ပုဒ္မ ၂ (၁) (က) ျဖင့္ လည္းေကာင္း၊ ပ ၄၆/၂၀၁၆၊ ရာဇသတ္ႀကီး ပုဒ္မ ၃၃၃/၁၁၄၊ မယ( ပ)၃၆၊ မူး/စိတ္ ၁၅/ ၁၉ (က) /၂၀(က)/၂၂ (ခ) ၂၁ တို႔ျဖင့္လည္းေကာင္း အမႈဖြင့္ အေရးယူလ်က္ရွိသည္။
-
27-Jul-2017
-
27-Jul-2017
-
27-Jul-2017
-
27-Jul-2017
-
27-Jul-2017
-
27-Jul-2017
-
03-Jul-2017
-
25-Jul-2017
-
26-Jul-2017
-
26-Jul-2017
-
23-Jul-2017
-
25-Jul-2017",,,,,,
<urn:uuid:742ba6f1-71e1-4891-8247-f8b09ce039c9>,"အေသင်ချိုဆွေရဲ့ သမီးလေးလေး Ivy လေးက ပရိသတ်တွေရဲ့ အချစ်ကို ပိုင်ဆိုင်ထားသူလေးပါ။ ပရိသတ်တွေရဲ့ ချစ်ခြင်းကို ပိုင်ဆိုင်ထားတဲ့ ivy လေးအတွက် မေမေကတော့ ပီတိတွေ ဖြစ်လို့နေပါတယ်။
Photo : အေသင်ချိုဆွေ
အေသင်ချိုဆွေကတော့ အရမ်းကို ချစ်ဖို့ကောင်းပြီး အရမ်းကို တတ်လွန်းတဲ့ Ivy လေးအကြောင်း ပြောပြလိုု့လာပါတယ်။ Ivy လေးက Social လည်း အရမ်းကောင်းသလို PR လည်း အရမ်းကောင်းတယ်လို့ ဆိုပါတယ်။ အမေ့ထက် သာတာတွေအများကြီး ရှိတယ်လို့ အေသင်ကပြောပါတယ်။
“သူကလူမကြောက်ဘူး ။ အေသင်ကမှ လူများရင် ကြောက်တယ်။ သူကတော့ လူတွေများရင်ပျော်နေတာ။ social လည်းကောင်းတယ်။ ပြီးတော့ pr လည်း ကောင်းမှာပါ။ အမေ့ထက် သာတာတွေလည်း အများကြီး ။ Ivy ကို ချစ်တဲ့ပရိသတ်တွေက ပိုများတယ်။တစ်နေရာ သွားရင်လည်း ကိုယ့်ကိုတွေ့ရင် သူ့ကို မေးတာ ။ သူ့ကို ချစ်ပေးကြတဲ့အတွက် မိခင်တစ်ယောက်အနေနဲ့ ပျော်တယ်။ သူကိုယ်တိုင်ကလည်း လူလည်း မကြောက်တော့ တစ်ခါတခါ ပွဲတွေသွားရင် လူတွေအရမ်းများတော့ ကြောက်ရတယ်။ သူက ဘယ်သူခေါ်ခေါ် လိုက်တယ်။ အဲ့ဒါတော့ စိုးရိမ်မိတယ်။ ဒါပေမယ့် သူကို ချစ်ပေးကြတဲ့ အတွက် အရမ်းပျော်တယ်။ အရမ်းပီတိဖြစ်တယ်” လို့ ဇူလိုင်(၂၀) ရက်နေ့က ပြုလုပ်တဲ့ KER ပွဲမှာ မီဒီယာတွေကို ပြောပြခဲ့တာပါ။
Photo : အေသင်ချိုဆွေ
သမီးလေးကို အနုပညာအလုပ်တွေ အသက်အရွယ်အပိုင်းအခြားလေး တစ်ခုရောက်မှ လုပ်ခိုင်းစေချင်လို့ ဆိုပါတယ်။
“အနုပညာလုပ်ဖို့ လာကမ်းလှမ်းရင်တော့ အသက်အရွယ်အပိုင်းအခြားလေးပေ့ါနော်။ ဒီအရွယ်ကျတော့ ပြောတာတော့ နားလည်တယ် အမူအယာတွေ လုပ်တော့လုပ်တယ်။ ဒါပေမယ့်စိတ်ပါရင်လုပ်တယ်။ ကလေးဆိုတော့လေ။ အသက်အပိုင်းလေး တစ်ခုရောက်မှ ပဲ သူ့ကို လုပ်ပေးချင်တယ်။ ဒီအရွယ်ကတော့ လွတ်လွတ်လပ်လပ် ပျော်ပါစေ” ဆိုပြီး ဆက်လက်ပြောပြခဲ့ပါတယ်။
Photo : အေသင်ချိုဆွေ
Ivy လေးက လက်ရှိမှာ မူကြိုတက်နေပါပြီ။(၂)နှစ်အရွယ်သာရှိသေးတဲ့ အေသင်ရဲ့ သမီး Ivy လေးဟာ ပရိသတ်တွေရဲ့ ချစ်ခင်မှုကို ရရှိထားသူလေး ဖြစ်ပါတယ်။
အေသင်ချိုဆွေ က အခုချိန်မှာ ချစ်ရတဲ့သမီးလေး Ivy နဲ့အတူ Single Mother တစ်ယောက်အနေနဲ့ ဘဝကို ပျော်ပျော်ရွှင်ရွှင် ဖြတ်သန်းနေတာကို တွေ့ရပါတယ်။ Ivy လေးက အခုဆိုရင် အသက် နှစ်နှစ်နီးပါးရှိနေပါပြီ။ အေသင်ချိုဆွေကို ‘’ပေါက်တဲ့အိုး’’ ဆိုတဲ့ တစ်ကိုယ်တော် အခွေ ကနေတဆင့် ပရိသတ်တွေသိတင်သိရှိခဲ့တာပါ။ အဲဒီနောက် ‘’ အနီးဆုံးလူ’’ ဆိုတဲ့ ဒုတိယမြောက် တစ်ကိုယ်တော်အခွေလည်း ထွက်ရှိခဲ့ပါတယ်။ သူမဟာ ဂီတအလုပ်တွေသာမက သရုပ်ဆောင် တစ်ယောက်အနေနဲ့ ဗီဒီယို ဇာတ်ကားတွေလည်း ရိုက်ကူးခဲ့ဖူးပါသေးတယ်။",,,,,,
<urn:uuid:09f61915-fd04-4c93-a64d-adb939fec3a4>,"Recent Posts
- ဖိလစ်ပိုင်နိုင်ငံ TARLAC Agricultural University တွင်ကျင်းပသော Credit Transfer system ဖြင့် Student Exchange Programme အတွက် Welcome ceremony အခမ်းအနားတက်ရောက်ခြင်း
- Kyaing Tong University – Chiang Rai Rajabhat University တို့ နားလည်မှု စာချွန်လွှာ လက်မှတ်ရေးထိုးခြင်းအခမ်းအနား
- ကျိုင်းတုံတက္ကသိုလ် ဘွဲ့နှင်းသဘင် အဆောက်အဦ အတွက် မဟာပန္နက်တင်မင်္ဂလာ အခမ်းအနား
- ၂၀၂၀-၂၀၂၁ ဘဏ္ဍာရေးနှစ်၊ တည်ဆောက်ရေးလုပ်ငန်းများအတွက် တင်ဒါဖွင့်ဖောက်စိစစ်ရွေးချယ်ခြင်းအခမ်းအနား
- ကထိန်သင်္ကန်းကပ် လှူပူဇော်ခြင်းအခမ်းအနား",,,,,,
<urn:uuid:97733cb8-b7ce-4db8-ab46-916fe23d6127>,"ပုသိမ်ရဲစခန်းမှ ထွက်ပြေးသည့် အချုပ်သား ပြန်လည်ဖမ်းမိ
ဧရာဝတီတိုင်းဒေသကြီး၊ ပုသိမ်မြို့၊ နယ်မြေရဲစခန်းရှိ အချုပ်ခန်းမှ နိုဝင်ဘာလ ၁၀ ရက်နေ့က ထွက်ပြေးခဲ့သည့် အချုပ်သား ရဲဇော်(ခ) ငရဲကို ရန်ကုန်တိုင်းဒေသကြီး၊ သင်္ဃန်းကျွန်းမြို့နယ်တွင် ယမန်နေ့ ညနေပိုင်းက ပြန်လည် ဖမ်းဆီးရမိခဲ့ကြောင်း သတင်းရရှိသည်။
ရဲတပ်ဖွဲ့က ခိုးမှုဖြင့်ဖမ်းဆီးပြီး တရားရုံးတင် စစ်ဆေးနေသည့် နောင်နောင်၊ ဇော်ဇော်လှိုင် (ခ) မိုးကြီးသားနှင့် ရဲဇော်(ခ) ငရဲတို့ ၃ ဦးမှာ နိုဝင်ဘာလ ၁၀ ရက်၊ နံနက် ၂ နာရီခန့်က အချုပ်ခန်းအားဖောက်၍ ထွက်ပြေးသည့် အတွက် ပုသိမ်မြို့၊ နယ်မြေရဲစခန်းမှ လိုက်လံဖမ်းဆီးခဲ့ရာ နာရီပိုင်းအတွင်း နောင်နောင်နှင့် ဇော်ဇော်လှိုင် (ခ) မိုးကြီးသားတို့ကို ပြန်လည်ဖမ်းမိခဲ့သော်လည်း အချုပ်သားရဲဇော်(ခ) ငရဲမှာ ထွက်ပြေး လွတ်မြောက် နေခဲ့သည်။
လွတ်မြောက်နေသည့် ရဲဇော်(ခ) ငရဲကို ဧရာဝတီတိုင်းရဲတပ်ဖွဲ့မှူး ရဲမှူးကြီး ရွှေသောင်း၏ ညွန်ကြားချက်အရ ဧရာဝတီတိုင်းရဲတပ်ဖွဲ့မှ ဒုရဲမှူး စန်းမြင့် ဦးဆောင်သည့်အဖွဲ့နှင့် ရန်ကုန်တိုင်း၊ မှုခင်းအကူ ရဲတပ်ဖွဲ့မှ ရဲအုပ် ရာဇာမြငြိမ်း ဦးစီးသည့် တပ်ဖွဲ့ဝင်များမှာ သင်္ဃန်းကျွန်း မြို့နယ်မှ ပြည်သူများနှင့် အတူ ပူးပေါင်းဖမ်းဆီးခဲ့ရာ အချုပ်သားရဲဇော်(ခ) ငရဲကို အချုပ်မှ ထွက်ပြေးပြီး ၂ ရက်အကြာတွင် ပြန်လည်ဖမ်းမိခဲ့ခြင်း ဖြစ်သည်။
“အချုပ်သား ၃ ဦး ထွက်ပြေးလို့ ချက်ခြင်းပြန်လည်ဖမ်းဆီးရာမှာ နာရီပိုင်းအတွင်း ၂ ဦး ပြန်ဖမ်းမိခဲ့ပါတယ်။ အချုပ်သား ရဲဇော်က လွတ်မြောက်နေတဲ့အတွက် ဧရာဝတီတိုင်းရဲတပ်ဖွဲ့နဲ့ ရန်ကုန်တိုင်းရဲတပ်ဖွဲ့တို ပူးပေါင်း ဖမ်းဆီးခဲ့ရာမှာ သင်္ဃန်းကျွန်းမြို့နယ်မှာ ပြန်လည်ဖမ်းမိခဲ့တာ ဖြစ်ပါတယ်။ သူ့ကို မနေ့က ချက်ခြင်းပဲ ပုသိမ်ကို ပြန်ခေါ်လာပြီး ဖမ်းဆီးထိန်းသိမ်းထားပါတယ်”ဟု ဧရာဝတီတိုင်းဒေသကြီး ရဲတပ်ဖွဲ့၏ ပြောရေးဆိုခွင့်ရှိသူ ဒုရဲမှူးကြီး ထွန်းရွှေက ဧရာဝတီကို ပြောသည်။
နိုဝင်ဘာလ ၁၀ ရက်နေ့က ဖြစ်ပွားခဲ့သည့် အချုပ်ခန်းဖောက်၍ အချုပ်သားများ ထွက်ပြေးမှုမှာ ပုသိမ်မြို့တွင် ပထမဆုံး အကြိမ်ဖြစ်ပွားခြင်းဖြစ်ကြောင်း ရဲတပ်ဖွဲ့ထံမှ သိရသည်။
အချုပ်သားများ ထွက်ပြေးသည့်အတွက် နိုဝင်ဘာ ၉ ရက်နေ့ညပိုင်းက တာဝန်ကျသည့် ပုသိမ်မြို့၊ နယ်မြေရဲစခန်းမှ ရဲတပ်ဖွဲ့ဝင် ၆ ဦးတို့ကို တာဝန်ပေါ့လျော့မှုဖြင့် ရဲတပ်ဖွဲ့က ဖမ်းဆီးထိန်းသိမ်းထားပြီး ခုံရုံးဖွဲ့ စစ်ဆေးနေကြောင်း သိရသည်။
“အချုပ်သားထွက်ပြေးတဲ့ကိစ္စနဲ့ ပတ်သက်ပြီး တာဝန်ပေါ့လျော့မှုနဲ့ တာဝန်မှူး ဒုရဲအုပ်အဆင့်ရှိ ရဲအရာရှိ ၁ ဦးနဲ့ အခြားအဆင့် တပ်ဖွဲ့ဝင် ၅ ဦးတို့ကို ဖမ်းဆီးထိန်းသိမ်းထားပြီး ခုံရုံးဖွဲ့ စစ်ဆေးနေပါတယ်”ဟု ဒုရဲမှူးကြီး ထွန်းရွှေက ပြောသည်။
ဧရာဝတီတိုင်းဒေသကြီး၊ ဘိုကလေးမြို့မရဲစခန်းတွင်လည်း ၂၀၁၈ ခုနှစ်၊ စက်တင်ဘာလ ၁၈ ရက်နေ့က အချုပ်ကျတောါ့နေသည့် တရားခံ ၃ ဦးမှာ အချုပ်ခန်းဖောက်၍ ထွက်ပြေးသဖြင့် ရဲတပ်ဖွဲ့က လိုက်လံဖမ်းဆီးခဲ့ရာ ၃ ဦးစလုံး ပြန်လည်ဖမ်းဆီးရမိခဲ့ကြောင်း သိရသည်။
You may also like these stories:",,,,,,
<urn:uuid:340e847b-0cc7-4a8f-a2a7-7a2c6a93e00f>,"အေမရိကန္ႏုိင္ငံရဲ႕ ျမန္မာႏုိင္ငံဆိုင္ရာ မူဝါဒေရးရာ ညိႇႏိႈင္းေရးမႉး ဒဲရက္ခ္ မစ္ခ်ဲ ဟာ ျမန္မာ့ဒီမိုကေရစီေခါင္းေဆာင္ ေဒၚေအာင္ဆန္းစုၾကည္ နဲ႔ ဒီကေန႔ ေတြ႔ဆံုခဲ့ၿပီးေတာ့ - ၾကားျဖတ္ေရြးေကာက္ပြဲကိစၥ အပါအဝင္ လက္ရွိ ျဖစ္ေပၚေနတဲ့ အေျခအေနေတြကို ေဆြးေႏြးခဲ့ၾကပါတယ္။ ေဒၚေအာင္ဆန္းစုၾကည္ကေတာ့ မဲဆြယ္စည္း႐ံုးေရးကာလအတြင္း ႀကံဳေတြ႔ေနရတဲ့ ျပႆနာေတြနဲ႔ မဲစာရင္း လြဲေခ်ာ္မႈေတြအေၾကာင္း ေျပာျပခဲ့သလို - မစၥတာ မစ္ခ်ဲ ကလည္း လြတ္လပ္ၿပီး တရားမွ်တတဲ့ ေရြးေကာက္ပြဲမ်ိဳးျဖစ္ဖို႔ကို ထပ္မံ ေျပာဆိုသြားခဲ့ပါတယ္။ အေၾကာင္းစံုကို ေတာ့ မနႏၵာခ်မ္းက တင္ျပေပးထားပါတယ္။
ျမန္မာႏုိင္ငံကို ၆ ရက္ၾကာခရီးစဥ္အျဖစ္ ေရာက္ရွိေနတဲ့ အေမရိကန္ႏုိင္ငံရဲ႕ ျမန္မာႏုိင္ငံဆုိင္ရာ မူဝါဒေရးရာ ညိႇႏိႈင္းေရးမႉး ဒဲရက္ခ္ မစ္ခ်ဲ ဟာ မတ္လ ၁၄ ရက္ ဗုဒၶဟူးေန႔မွာ ျမန္မာ့ဒီမိုကေရစီေခါင္းေဆာင္ ေဒၚေအာင္ဆန္းစုၾကည္နဲ႔ သူမရဲ႕ ေနအိမ္မွာ ေတြ႔ဆံုခဲ့တာပါ။ အဲ့ဒီ ေတြ႔ဆံုမႈ အတြင္း - ဧၿပီလ ၁ ရက္ေန႔ က်င္းပမယ့္ ၾကားျဖတ္ေရြးေကာက္ပြဲ အေျခအေနအပါအဝင္ လက္ရွိ ျမန္မာႏုိင္ငံမွာ ျဖစ္ေပၚေနတဲ့ အေျခအေနေတြနဲ႔ပတ္သက္ၿပီး ေဆြးေႏြးခဲ့ၾကတာျဖစ္ပါတယ္။ ၁ နာရီေက်ာ္ၾကာ ေတြ႔ဆံုအၿပီး ျပဳလုပ္တဲ့ သတင္းစာရွင္းလင္းပြဲအတြင္း မစၥတာ မစ္ခ်ဲက - ေဒၚေအာင္ဆန္းစုၾကည္ရဲ႕ ႏုိင္ငံတဝွမ္း မဲဆြယ္စည္း႐ံုးေရး ခရီးစဥ္ေတြမွာ ႀကံဳေတြ႔ရတာေတြနဲ႔ပတ္သက္ၿပီး စိုးရိမ္မိ ေၾကာင္းနဲ႔ လြတ္လပ္ၿပီး တရားမွ်တတဲ့ ေရြးေကာက္ပြဲေတြျဖစ္ဖို႔ အတြက္ ႏုိင္ငံတကာက ေစာင့္ၾကည့္အကဲခတ္ေတြ ထားရွိေရးကိစၥနဲ႔ ပတ္သက္လို႔ သတင္းေထာက္ေတြကို အခုလို ေျပာဆုိခဲ့ပါတယ္။
“ႏုိင္ငံတကာက အကဲခတ္ေတြ ေစာင့္ၾကည့္ဖုိ႔ ကိစၥနဲ႔ ပတ္သက္လုိ႔ တိတိက်က် အာမခံေပး ေျပာတာမရွိပါဘူး။ တကယ္ေတာ့ အာဆီယံ အေမရိကန္နဲ႔ တျခား အပါအဝင္ ေတာ္ေတာ္မ်ားမ်ားက ကမ္းလွမ္းထားတာ ရွိပါတယ္။ ဒါမွလည္း လြတ္လပ္မွ်တမႈ ရွိရေစမယ္လုိ႔ ကတိေပးထားတာေတြကုိ အာမခံႏုိင္မွာ ျဖစ္ပါတယ္။ ဒီကိစၥကုိ ေရြးေကာက္ပဲြ ေကာ္မရွင္ကေတာ့ တိတိက်က် အေျဖမေပးေသးပါဘူး။”
မဲဆႏၵရွင္စာရင္းေတြမွာ မမွန္မကန္ ျဖစ္ေနတဲ့ ကိစၥေတြနဲ႔ ပတ္သက္လုိ႔ ေဆြးေႏြးျဖစ္တဲ့ အေၾကာင္းနဲ႔ ဒီကိစၥကုိေတာ့ ေဒၚေအာင္ဆန္းစုၾကည္ တုိ႔ဘက္ကလည္း တင္ျပထားတာေတြ ရွိေနတယ္ဆိုတဲ့အေၾကာင္းလည္း မစၥတာမစ္ခ်ဲ က သတင္းေထာက္ေတြကို ေျပာခဲ့ပါတယ္။ အေမရိကန္ အပါအဝင္ ႏုိင္ငံတကာ အသုိင္းအဝုိင္းကေတာ့ အမ်ားက လက္ခံယုၾကည္ႏုိင္တဲ့ အေျခအေနမ်ဳိးေတြကုိပဲ လုိခ်င္တဲ့အေၾကာင္းကို လည္း ေျပာသြားခဲ့ပါတယ္။ ျမန္မာ့ဒီမိုကေရစီေခါင္းေဆာင္ ေဒၚေအာင္ဆန္းစုၾကည္ကေတာ့ - ဒီၾကားျဖတ္ေရြးေကာက္ပြဲမွာ အႏုိင္ရၿပီး လႊတ္ေတာ္ထဲကို ေရာက္ရွိတဲ့အခါ လုပ္ေဆာင္ႏုိင္မွာေတြ အမ်ားႀကီး ရွိႏုိင္ပါတယ္လု႔ိ သတင္းေထာက္ေတြကို အခုလို ေျပာခဲ့ပါတယ္။
“၂ဝ၁၅ ခုႏွစ္ ေရြးေကာက္ပြဲတခုတည္းအတြက္ကိုပဲ က်မတို႔ ေရွ႕႐ႈၿပီး လုပ္ေဆာင္ေနတာမဟုတ္ပါဘူး။ လႊတ္ေတာ္ထဲကို ေရာက္သြားတဲ့ အခါက်ရင္လည္း ဘာေတြလုပ္ေဆာင္ႏို္င္မလဲဆိုတာကိုပါ က်မတို႔က ေရွ႕႐ႈပါတယ္။ တကယ္လို႔ ဒီၾကားျဖတ္ေရြးေကာက္ပြဲမွာ အမတ္ေနရာ ၄၇ ေနရာပဲ အႏုိင္ရရွိခဲ့မယ္ ဆိုရင္ေတာင္မွ က်မတို႔အေနနဲ႔ လုပ္ႏိုင္တာေတြ အမ်ားႀကီးရွိမွာပါ။ ဘာေၾကာင့္လဲဆုိေတာ့ ဥပေဒျပဳအမတ္ တေယာက္ခ်င္းစီတုိင္းဟာ - လူထုကို ကုိယ္စားျပဳတဲ့ သူတို႔ရဲ႕ တာဝန္ကို ထမ္းေဆာင္ဖုိ႔ရာအတြက္ အခြင့္အေရး အျပည့္အဝရွိသင့္လုိ႔ပါ”
ဒါ့အျပင္ ျမန္မာႏုိင္ငံမွာ ျပည္သူကို ပထမဦးစားေပးတဲ့ ႏုိင္ငံေရးမ်ိဳး လိုလားေၾကာင္းကိုလည္း ေျပာဆိုသြားခဲ့ပါတယ္။ ၆ ရက္ၾကာ ျမန္မာႏုိင္ငံကို လာေရာက္တဲ့ခရီးစဥ္အတြင္း ေနျပည္ေတာ္မွာ ျပည္သူ႔လႊတ္ေတာ္ဥကၠဌ သူရဦးေရႊမန္း၊ အမ်ိဳးသားလႊတ္ေတာ္ ဥကၠ႒ ဦးခင္ေအာင္ျမင့္နဲ႔ ျမန္မာႏုိင္ငံျခားေရးဝန္ႀကီး ဦးဝဏၰေမာင္လြင္တို႔အပါအဝင္ အစိုးရတာဝန္ရွိသူေတြနဲ႔လည္း ၂ ရက္ၾကာ ေတြ႔ဆံုခဲ့ၿပီးေနာက္ - လႊတ္ေတာ္ဆိုင္ရာ ကိစၥရပ္ေတြ၊ ၾကားျဖတ္ေရြးေကာက္ပြဲဆုိင္ရာ ကိစၥရပ္ေတြအျပင္ ျမန္မာနဲ႔ အေမရိကန္ ၂ ႏုိင္ငံအၾကား ဆက္ဆံေရး ဒီ့ထက္ ပိုတုိးျမႇင့္ႏုိင္ဖုိ႔အတြက္ေတြကို ေဆြးေႏြးခဲ့ၾကပါတယ္။ အဲ့ဒီေနာက္ ရန္ကုန္ကို လာေရာက္ၿပီး ဗုဒၶဟူးေန႔မွာ ျမန္မာ့ဒီမုိကေရစီ ေခါင္းေဆာင္ ေဒၚေအာင္ဆန္းစုၾကည္နဲ႔ ေတြ႔ဆံုခဲ့တာပါ။ ၾကာသာပေတးေန႔မွာေတာ့ ရန္ကုန္သံ႐ံုးမွာ သတင္းစာရွင္းလင္းပြဲ ျပဳလုပ္ဖို႔ရွိၿပီး - အဲ့ဒါၿပီးရင္ေတာ့ မႏၱေလးကို ဆက္လက္ထြက္ခြာမွာျဖစ္ပါတယ္ရွင္။",,,,,,
<urn:uuid:9ce92fbe-8d08-4d72-969c-87555955373f>,"|ဘားအံစက္မႈဇုန္တြင္ပါဝင္သြားေသာလယ္ေျမ ၆၅.၅၂ ဧကအေပၚ နစ္နာေသာ လယ္သမားမ်ား အတြက္ အခြင့္အေရး၊ နစ္နာေၾကးတစ္စံုတစ္ရာ ရရွိရန္အတြက္သက္ဆိုင္ရာမွ ေဆာင္ရြက္ေပးရန္ အစီအစဥ္ရွိ/မရွိႏွင့္ စပ္လ်ဥ္းသည့္ ေမးခြန္း


|အမွတ္(၁၇)စက္မႈကုန္ၾကမ္းဌာနမွရာဘာၿခံ တို႔ကိုျမန္မာႏိုင္ငံသားပိုင္ဆိုင္မႈအမည္ခံထားေသာ မေလးရွားႏိုင္ငံ ကိုယ္စားျပဳထားသည့္ကုမၸဏီႀကီး မ်ားႏွင့္အက်ိဳးတူပူးေပါင္းလုပ္ေဆာင္ရန္အစီအစဥ္ ရွိ/မရွိႏွင့္ စပ္လ်ဥ္းသည့္ေမးခြန္း


|-ေက်ာက္ဆည္ခရိုင္၊စဥ့္ကိုင္ၿမိဳ႕နယ္အတြင္းရွိ စက္မႈဝန္ႀကီးဌာန၏စီမံကိန္းအေျပာင္းအလဲေၾကာင့္ နစ္နာေနၾကရေသာဝန္ထမ္းမ်ားအားအစိုးရဝန္ထမ္း အျဖစ္ ဆက္လက္ခန္႔ထားရန္ အစီအစဥ္ ရွိ/မရွိႏွင့္ စပ္လ်ဥ္းသည့္ေမးခြန္း


မႏၲေလးတိုင္းေဒသႀကီး၊ ေက်ာက္ဆည္ခ႐ိုင္၊ စဥ့္ကိုင္ၿမိဳ႕နယ္အတြင္းရွိ စက္မႈ ဝန္ႀကီးဌာန၏ ပလိပ္စကၠဴ စက္႐ုံတြင္ တာဝန္ထမ္းေဆာင္ေနေသာ ဝန္ထမ္းမ်ား ကိုႏိုင္ငံေတာ္ Policy အရ ဟုဆိုကာ ဖိအားေပး ေလ်ာ္ေၾကးပင္စင္ ယူခိုင္းျခင္း၊ ကုမၸဏီဝန္ထမ္းအျဖစ္ ဆက္လက္ လုပ္ကိုင္ေစျခင္း၊ ပြင့္လင္းျမင္သာစြာ ေျပာ ဆိုျခင္း မရိွဘဲ အျခားေဒသ မ်ားသို႔ ေျပာင္းေ႐ႊ႕ ခိုင္းေစျခင္းတို႔ ျပဳလုပ္ေနေၾကာင္း ၾကားသိရပါသည္။
အဆိုပါဝန္ထမ္းမ်ားအေနျဖင့္ KTK ကုမၸဏီႏွင့္ အစိုးရဝန္ထမ္းအျဖစ္သာ ဆက္လက္ တာဝန္ထမ္းေဆာင္ လိုၾကပါေၾကာင္း၊ ထို႔ျပင္ ေက်ာက္ဆည္စက္မႈဇုန္ရိွ စက္ဘီးစက္႐ုံ၊ အပ္ခ်ဳပ္စက္႐ံု၊ စက္ေခါင္းစက္႐ုံ
| ေရႊျပည္သာစက္မႈဇုန္မ်ားစနစ္တက်ျဖင့္အမွန္ တကယ္ေပၚထြက္လာေရး ေဆာင္ရြက္ေပးရန္အစီ အစဥ္ ရွိ/မရွိႏွင့္စပ္လ်ဥ္းသည့္ေမးခြန္း


ယေန႔မိမိတို႔ ႏိုင္ငံေတာ္၏ စီးပြားေရးဖြံ႕ၿဖိဳးတိုးတက္မႈကိုၾကည့္မည္ဆိုပါက စက္မႈလက္မႈ လုပ္ငန္းမ်ားတိုးတက္ရန္ အမွန္တကယ္လိုအပ္သည့္ အတြက္ ယခင္အစိုးရ လက္ထက္မွာပင္ Infirm System အေနႏွင့္ စက္မႈဇုန္မ်ားကို တည္ေထာင္ေပးခဲ့ပါေသာ္လည္း စက္မႈဇုန္မ်ားသည္ အမွန္တကယ္ အသက္ဝင္ျခင္းမရွိပါေၾကာင္း။
ေ႐ႊျပည္သာတြင္ အမွတ္(၁)၊ (၂)၊ (၃)၊ (၄) စက္မႈဇုန္မ်ားႏွင့္ ဝါးတစ္ရာ၊ သာဓုကန္ စက္မႈဇုန္ဟူ၍ စက္မႈဇုန္ ၆ ခုကို ယခင္ အစိုးရလက္ထက္က အေျခခံ အေဆာက္အဦအေနႏွင့္ တည္ေဆာက္ ေပးခဲ့ေသာ္လည္း ယေန႔အစိုးရအသစ္ လက္ထက္တြင္ ယင္းတို႔ကို အမွန္တကယ္အသက္သြင္းဖို႔ လိုပါေၾကာင္း၊ ယေန႔ မိမိတို႔ၿမိဳ႕နယ္ရွိ
|(ခ)-လတ္တေလာ ရပ္ဆိုင္းထားေသာ အမွတ္ (၁) သံမဏိစက္႐ုံ (ျမင္းၿခံ) တိုးခ်ဲ႕စီမံကိန္းအား ဆက္လက္ေဆာင္႐ြက္ႏိုင္ရန္ အစီအမံမ်ား ေရးဆြဲထားျခင္း ရွိ/မရွိႏွင့္ စပ္လ်ဥ္းသည့္ ေမးခြန္း


မိမိတို႔ႏိုင္ငံတြင္ စက္မႈဝန္ႀကီးဌာနေအာက္က လတ္တေလာရပ္ဆိုင္းထားေသာ စီမံကိန္းႏွစ္ခုအပါအဝင္ တည္ေဆာက္ၿပီးလည္ပတ္လ်က္ရွိေသာ စက္႐ုံ ၂၄ ခု ရွိသည့္အနက္ အိုေဟာင္း၍၊ ေခတ္ႏွင့္မညီေတာ့၍ ပိတ္သိမ္းသင့္ေသာ စက္႐ုံမ်ားပါဝင္သကဲ့သို႔ ရပ္ဆိုင္းထားပါက တိုင္းျပည္အတြက္ လြန္စြာထိခိုက္ေနေသာ စီမံကိန္းမ်ားလည္း ပါဝင္ေနၿပီး အမွတ္ (၁) သံမဏိစက္႐ုံ(ျမင္းၿခံ) တိုးခ်ဲ႕စီမံကိန္းလည္း ပါဝင္ေနပါေၾကာင္း၊",,,,,,
<urn:uuid:1aec4a40-bc56-47a4-80ef-ca95c243ed19>,"အိမ္မွာပဲ အလြယ္တကူ ေျဖာင့္လို႔ရမယ့္ နည္းလမ္းကို မွ်ေ၀ေပးပါမယ္။
၁။ ဦးေရျပားကို ကာကြယ္ပါ
ပထမဆံုး အေရးႀကီးတဲ့အခ်က္က ဦးေရျပားကို ကာကြယ္ရပါမယ္။ အပူခ်ိန္ျမင့္မားတဲ့ ေျဖာင့္စက္ကိုသံုးမယ္ဆိုရင္ ဦးေရျပားေလာင္ကၽြမ္းတာ ၊ ေျခာက္ေသြ႕တာနဲ႔ သင့္ဆံေကသာ က်ိဳေၾကတာမ်ိဳး ျဖစ္ေစပါတယ္။ ဒါ့ေၾကာင့္ ဦးေရျပားကို ကာကြယ္ေပးတဲ့ အလွကုန္ပစၥည္း အသံုးျပဳေပးပါ။ ေခါင္းလိမ္ဆီ (သို႔) စပေရး ကိုသံုးႏိုင္ပါတယ္။ အလွကုန္ပစၥည္းေတြကအမ်ားႀကီးပါပဲ။ တတ္သိနားလည္တဲ့သူေတြနဲ႔ တိုင္ပင္ၾကည့္ပါ။
၂။ ဆံပင္ၿဖီးေပးပါ
ဆံပင္ကို ရႈပ္ေထြးေနတာမ်ိဳးမျဖစ္ေစဖို႔အတြက္ဆံပင္ကို ေသခ်ာၿဖီးေပးရပါမယ္။ ဆံပင္အရမ္းရွႈပ္ေထြးေနရင္ သင့္ဆံေကသာကို ထိခိုက္ပ်က္စီးေစပါတယ္။ ဒါ့ေၾကာင့္ ဆံပင္မေျဖာင့္ခင္ ဆံပင္ကို ေသခ်ာၿဖီးေပးရပါမယ္။
၃။ အရည္အေသြးျမင့္ ဆံပင္ေျဖာင့္စက္သံုးပါ
ဆံပင္ေျဖာင့္စက္မွာ အပူခ်ိန္ကို ထိန္းညွိႏိုင္တဲ့ဆံပင္ေျဖာင့္စက္သံုးေပးပါ။ အရမ္းပူတာမ်ိဳးနဲ႔ မေျဖာင့္ပါနဲ႔။ အဲဒီလို အပူခ်ိန္ထိန္းညွိေပးဖို႔ သိပ္ကိုအေရးႀကီးပါတယ္။
ဖိုးသူေတာ္ (www.phothutaw.com)
Credit: mystylemyanmar
#Unicode Version#
ဆံပင်ကို ဆိုင်မှာဖြောင့်စရာမလိုဘဲ မိမိအိမ်မှာပဲ အလွယ်တကူ ဖြောင့်လို့ရမယ့် နည်းလမ်းကို မျှဝေပေးပါမယ်။
၁။ ဦးရေပြားကို ကာကွယ်ပါ
ပထမဆုံး အရေးကြီးတဲ့အချက်က ဦးရေပြားကို ကာကွယ်ရပါမယ်။ အပူချိန်မြင့်မားတဲ့ ဖြောင့်စက်ကိုသုံးမယ်ဆိုရင် ဦးရေပြားလောင်ကျွမ်းတာ ၊ ခြောက်သွေ့တာနဲ့ သင့်ဆံကေသာ ကျိုကြေတာမျိုး ဖြစ်စေပါတယ်။ ဒါ့ကြောင့် ဦးရေပြားကို ကာကွယ်ပေးတဲ့ အလှကုန်ပစ္စည်း အသုံးပြုပေးပါ။ ခေါင်းလိမ်ဆီ (သို့) စပရေး ကိုသုံးနိုင်ပါတယ်။ အလှကုန်ပစ္စည်းတွေကအများကြီးပါပဲ။ တတ်သိနားလည်တဲ့သူတွေနဲ့ တိုင်ပင်ကြည့်ပါ။
၂။ ဆံပင်ဖြီးပေးပါ
ဆံပင်ကို ရှုပ်ထွေးနေတာမျိုးမဖြစ်စေဖို့အတွက်ဆံပင်ကို သေချာဖြီးပေးရပါမယ်။ ဆံပင်အရမ်းရှှုပ်ထွေးနေရင် သင့်ဆံကေသာကို ထိခိုက်ပျက်စီးစေပါတယ်။ ဒါ့ကြောင့် ဆံပင်မဖြောင့်ခင် ဆံပင်ကို သေချာဖြီးပေးရပါမယ်။
၃။ အရည်အသွေးမြင့် ဆံပင်ဖြောင့်စက်သုံးပါ
ဆံပင်ဖြောင့်စက်မှာ အပူချိန်ကို ထိန်းညှိနိုင်တဲ့ဆံပင်ဖြောင့်စက်သုံးပေးပါ။ အရမ်းပူတာမျိုးနဲ့ မဖြောင့်ပါနဲ့။ အဲဒီလို အပူချိန်ထိန်းညှိပေးဖို့ သိပ်ကိုအရေးကြီးပါတယ်။
ဖိုးသူတော် (www.phothutaw.com)
Credit: mystylemyanmar
၁။ ဦးေရျပားကို ကာကြယ္ပါ
ပထမဆံုး အေရးႀကီးတဲ့အခ်က္က ဦးေရျပားကို ကာကြယ္ရပါမယ္။ အပူခ်ိန္ျမင့္မားတဲ့ ေျဖာင့္စက္ကိုသံုးမယ္ဆိုရင္ ဦးေရျပားေလာင္ကၽြမ္းတာ ၊ ေျခာက္ေသြ႕တာနဲ႔ သင့္ဆံေကသာ က်ိဳေၾကတာမ်ိဳး ျဖစ္ေစပါတယ္။ ဒါ့ေၾကာင့္ ဦးေရျပားကို ကာကြယ္ေပးတဲ့ အလွကုန္ပစၥည္း အသံုးျပဳေပးပါ။ ေခါင္းလိမ္ဆီ (သို႔) စပေရး ကိုသံုးႏိုင္ပါတယ္။ အလွကုန္ပစၥည္းေတြကအမ်ားႀကီးပါပဲ။ တတ္သိနားလည္တဲ့သူေတြနဲ႔ တိုင္ပင္ၾကည့္ပါ။
၂။ ဆံပင္ၿဖီးေပးပါ
ဆံပင္ကို ရႈပ္ေထြးေနတာမ်ိဳးမျဖစ္ေစဖို႔အတြက္ဆံပင္ကို ေသခ်ာၿဖီးေပးရပါမယ္။ ဆံပင္အရမ္းရွႈပ္ေထြးေနရင္ သင့္ဆံေကသာကို ထိခိုက္ပ်က္စီးေစပါတယ္။ ဒါ့ေၾကာင့္ ဆံပင္မေျဖာင့္ခင္ ဆံပင္ကို ေသခ်ာၿဖီးေပးရပါမယ္။
၃။ အရည္အေသြးျမင့္ ဆံပင္ေျဖာင့္စက္သံုးပါ
ဆံပင္ေျဖာင့္စက္မွာ အပူခ်ိန္ကို ထိန္းညွိႏိုင္တဲ့ဆံပင္ေျဖာင့္စက္သံုးေပးပါ။ အရမ္းပူတာမ်ိဳးနဲ႔ မေျဖာင့္ပါနဲ႔။ အဲဒီလို အပူခ်ိန္ထိန္းညွိေပးဖို႔ သိပ္ကိုအေရးႀကီးပါတယ္။
ဖိုးသူေတာ္ (www.phothutaw.com)
Credit: mystylemyanmar
#Unicode Version#
ဆံပင်ကို ဆိုင်မှာဖြောင့်စရာမလိုဘဲ မိမိအိမ်မှာပဲ အလွယ်တကူ ဖြောင့်လို့ရမယ့် နည်းလမ်းကို မျှဝေပေးပါမယ်။
၁။ ဦးရေပြားကို ကာကွယ်ပါ
ပထမဆုံး အရေးကြီးတဲ့အချက်က ဦးရေပြားကို ကာကွယ်ရပါမယ်။ အပူချိန်မြင့်မားတဲ့ ဖြောင့်စက်ကိုသုံးမယ်ဆိုရင် ဦးရေပြားလောင်ကျွမ်းတာ ၊ ခြောက်သွေ့တာနဲ့ သင့်ဆံကေသာ ကျိုကြေတာမျိုး ဖြစ်စေပါတယ်။ ဒါ့ကြောင့် ဦးရေပြားကို ကာကွယ်ပေးတဲ့ အလှကုန်ပစ္စည်း အသုံးပြုပေးပါ။ ခေါင်းလိမ်ဆီ (သို့) စပရေး ကိုသုံးနိုင်ပါတယ်။ အလှကုန်ပစ္စည်းတွေကအများကြီးပါပဲ။ တတ်သိနားလည်တဲ့သူတွေနဲ့ တိုင်ပင်ကြည့်ပါ။
၂။ ဆံပင်ဖြီးပေးပါ
ဆံပင်ကို ရှုပ်ထွေးနေတာမျိုးမဖြစ်စေဖို့အတွက်ဆံပင်ကို သေချာဖြီးပေးရပါမယ်။ ဆံပင်အရမ်းရှှုပ်ထွေးနေရင် သင့်ဆံကေသာကို ထိခိုက်ပျက်စီးစေပါတယ်။ ဒါ့ကြောင့် ဆံပင်မဖြောင့်ခင် ဆံပင်ကို သေချာဖြီးပေးရပါမယ်။
၃။ အရည်အသွေးမြင့် ဆံပင်ဖြောင့်စက်သုံးပါ
ဆံပင်ဖြောင့်စက်မှာ အပူချိန်ကို ထိန်းညှိနိုင်တဲ့ဆံပင်ဖြောင့်စက်သုံးပေးပါ။ အရမ်းပူတာမျိုးနဲ့ မဖြောင့်ပါနဲ့။ အဲဒီလို အပူချိန်ထိန်းညှိပေးဖို့ သိပ်ကိုအရေးကြီးပါတယ်။
ဖိုးသူတော် (www.phothutaw.com)
Credit: mystylemyanmar",,,,,,
<urn:uuid:ffdd8864-cdf8-40f4-9462-5b8785bda97f>,"aydb2-8download
စစ္ေအးစစ္ပြဲဆိုတာႀကီး ၿပီးသြားတာ အႏွစ္သံုးဆယ္နီးပါး ႐ွိၿပီျဖစ္ေပမယ့္ စစ္ေအးစစ္ပြဲၿပီးဆံုးသြားတာရဲ႕ ေနာက္ဆက္တြဲျဖစ္တဲ့ နယ္ေျမလုပြဲေတြကေတာ့ ဒီေန႔အထိ မၿပီးဆံုးႏိုင္တာကို ကမၻာအႏွံ႔အျပားမွာ ေတြ႔ေနၾကရပါတယ္။ စစ္ေအးစစ္ပြဲနဲ႔ ပထမကမၻာစစ္၊ ဒုတိယကမၻာစစ္တို႔အၾကားမွာ မတူတာတခုက တကယ္အားၿပိဳင္တဲ့ဘက္ႏွစ္ဘက္တို႔ တဦးနဲ႔တဦး ထိပ္တိုက္စစ္ေရးအရ မရင္ဆိုင္ၾကတာ ျဖစ္ပါတယ္။ ေနာက္တခုကေတာ့ ကမၻာစစ္ေတြဟာ နယ္ေျမလုတဲ့စစ္ပြဲလို႔ ေခၚဆိုႏိုင္သလို စစ္ႀကီးေတြ ၿပီးသြားတဲ့အခါမွာလည္း ကိုလိုနီ၊ ဒါမွမဟုတ္ ကိုလိုနီတပိုင္းႏိုင္ငံေတြ၊ ၾသဇာခံနယ္ေျမေတြ ခြဲေဝၿပီးသားျဖစ္သြားေပမယ့္ စစ္ေအးစစ္ပြဲ ၿပီးသြားတဲ့ေနာက္မွာေတာ့ နယ္ေျမလုပြဲ၊ ၾသဇာခံေဒသလုပြဲေတြဟာ ဒီေတာ့မွ စတယ္လို႔ ေျပာရမလိုေတာင္ ျဖစ္ေနပါတယ္။ ကမၻာႀကီးရဲ႕အျဖစ္အပ်က္ေတြကို အႏွစ္ေလးဆယ္ေက်ာ္္ ျပ႒ာန္းခဲ့တယ္လို႔ ဆိုႏိုင္ေလာက္တဲ့ စစ္ေအးစစ္ပြဲဟာ ဆိုဗီယက္ယူနီယံနဲ႔ ဝါေဆာအုပ္စုၿပိဳကြဲၿပီးတဲ့ေနာက္မွာ ၿပီးဆံုးသြားတယ္လို႔ ဆိုႏိုင္ပါတယ္။ ထူးျခားတာက စစ္ေအးစစ္ပြဲလို႔ ဆိုတဲ့အတိုင္း ကမၻာစစ္ႀကီးေတြလို ပစ္တာခတ္တာ၊ ဗံုးႀကဲတာ၊ ဒံုးပစ္တာေတြနဲ႔ ၿပီးဆံုးသြားတာမဟုတ္ပါဘူး။ ဒါေပမဲ့ စစ္ေအးစစ္ပြဲ ၿပီးဆံုးသြားတဲ့ေနာက္မွာ ဆက္လက္ျဖစ္ေပၚလာတာက အရင္စစ္ပြဲေတြၿပီးဆံုးတဲ့ေနာက္မွာလိုပဲ (ကိုလိုနီ မဟုတ္ေပမယ့္) ကိုယ္ထင္သလိုလုပ္ႏိုင္တဲ့ ၾသဇာခံနယ္ပယ္ေတြ လုယက္တာ၊ တိုးခ်ဲ႕တာေတြ ဆက္တိုက္ျဖစ္ေပၚခဲ့ပါတယ္။ နည္းနာေတြကလည္း စံုလွပါတယ္။… Read More »
ရက္စြဲ- ၂ဝ၁ရခုႏွစ္၊ မတ္လ ၂၈ရက္။ သို႔- သဘာပတိအဖြဲ႕ (၂ဝ)ႀကိမ္ေျမာက္ပါတီကြန္ဂရက္ ဂရိကြန္ျမဴနစ္ပါတီ မွ- ဗဟိုစည္း႐ံုးေရးေကာ္မတီ ဗမာျပည္ကြန္ျမဴနစ္ပါတီ အေၾကာင္းအရာ။ ဂုဏ္ျပဳသဝဏ္လႊာေပးပို႔ျခင္း။ ခ်စ္လွစြာေသာရဲေဘာ္မ်ားခင္ဗ်ား- ရဲေဘာ္တို႔ႏွင့္ကြန္ဂရက္ကိုတက္ေရာက္လာသူမ်ား၊ ဂရိကြန္ျမဴနစ္ပါတီဝင္မ်ားအား ဂုဏ္ယူ၊ ေက်နပ္မႈအျပည့္ျဖင့္ ဤညီေနာင္ခ်င္းဂုဏ္ျပဳသဝဏ္လႊာကို ေပးပို႔အပ္ပါသည္။ ကၽြန္ေတာ္တို႔အေနျဖင့္ ကမၻာအဝွမ္း႐ွိညီေနာင္ပါတီမ်ား၏ လုပ္ေဆာင္မႈမ်ားကို အတတ္ႏိုင္ဆံုး မ်က္ေျခမျပတ္ေအာင္ လုပ္ေနပါသည္။ ဂရိကြန္ျမဴနစ္ပါတီကြန္ဂရက္တြင္ ဖတ္ၾကားမည့္စာတမ္းကို ဖတ္ရေသာအခါ လြန္စြာမွ အားတက္ရပါသည္။ ဗမာႏိုင္ငံမွ အဖိႏွိပ္ခံျပည္သူမ်ားအတြက္ နည္းနည္းမွ အက်ိဳးမ႐ွိေသာ ႏိုင္ငံႀကီးမ်ားအတြင္း အားၿပိဳင္မႈမွာ သိသိသာသာ ထင္႐ွားလာေနၿပီး ဤသည္က ကၽြန္ေတာ္တို႔ျပည္သူမ်ား၏ ေနထိုင္မႈအဆင့္အတန္း၊ ပညာေရး၊ က်န္းမာေရးစသည္တို႔ကို ေဇာက္ထိုးက်ဆင္းေစခဲ့ပါတယ္။ အေ႐ွ႕အလယ္ပိုင္းနဲ႔ အာဖရိကေျမာက္ပိုင္းတို႔မွာ အရင္း႐ွင္ႏိုင္ငံႀကီးေတြက ထင္သလိုႀကဲေနသကဲ့သို႔ပင္ ကၽြန္ေတာ္တို႔ႏိုင္ငံက စစ္အုပ္စုႏွင့္ အုပ္စိုးသူလူတန္းစားသည္လည္း လူမ်ိဳးေပါင္းစံု၊ ဘာသာေပါင္းစံုျဖင့္ ဖြဲ႔စည္းထားေသာ ကၽြန္ေတာ္တို႔လူ႕အဖြဲ႕အစည္းအတြင္း လူမ်ိဳးေရး၊ ဘာသာေရး မုန္းတီးမႈေတြ လံႈ႕ေဆာ္ဖန္တီးေနပါသည္။ အစိုးရႏွင့္ စစ္တပ္က“ၿငိမ္းခ်မ္းေရး” စကားကို ပရိတ္႐ြတ္သလို ေန႔စဥ္႐ြတ္ေနၾကသည့္အၾကားမွပင္ စစ္ပြဲမ်ားမွ ာအရင္ထက္ ပိုမ်ားလာခဲ့သျဖင့္ ေသာင္းႏွင့္ခ်ီေသာ လူထုေတြမွာ… Read More »
ToCPgreece20 Th by aungpwe on Scribd toCPgreece20 th
pd40
rev-ref
ဖီဒယ္ ကာစ္ထရိုသို ့ ဖီဒယ္ ဖီဒယ္ လူေတြ ေက်းဇူးတင္တယ္ ေျပာသလိုလုပ္တာနဲ ့ဆိုေတးဖြဲ ့အလုပ္ေတြအတြက္ ဒါေၾကာင့္ ကြ်န္ေတာ္ အေ၀းမွ ေဆာင္ၾကဥ္းလာခဲ့ ကြ်န္ေတာ့္တိုင္းျပည္က ၀ိုင္တခြက္၊ ေျမေအာက္က လူေတြရဲ ့ေသြးေပါ့ အရိပ္အေမွာင္ေတြကေန ခင္ဗ်ား လည္ေခ်ာင္းထဲကိုေရာက္၊ ရာစုႏွစ္မ်ားစြာ ရွင္သန္ခဲ့ သတၱဳတြင္း လုပ္သားေတြပါ ေအးခဲေျမမွ မီးကို တူးေဖာ္ယူၾကရွာ။ ေက်ာက္မီးေသြးအတြက္ သူတို ့ပင္လယ္ေအာက္ကိုထြက္ သို ့ေပမဲ့ ျပန္အလာ သရဲတေစၦေတြပမာ၊ အဆံုးအစမဲ့ညကို က်င့္သားရခဲ့ၾကေပါ့၊ အလုပ္ရက္ရဲ ့အလင္းေရာင္ လုယူခံရေတာ့၊ ဘာျဖစ္ျဖစ္ေပါ့ေလ ေဟာဒီမယ္ ခြက္ ဒုကၡေတြနဲ ့အကြာအေ၀းေတြ မ်ားစြာရဲ ့၊ အေမွာင္ထုနဲ ့ထင္ေယာင္ထင္မွားမႈေတြ ပိုင္စိုးခံ အက်ဥ္းစံ ေယာက်္ားတို ့ရဲ ့ေပ်ာ္ရႊင္မႈ ေႏြဦးနဲ ့သူ ့ရနံ ့ေတြ ေရာက္လာတာကိုေလ သတၱဳတြင္းထဲကေန သိေနသူေတြျဖစ္ရဲ ့ ၾကည္လင္ေတာက္ပဆံုးကို ရယူဖို ့ ထိုသူ တိုက္ပြဲ၀င္ေနတာ သူတို ့သိလို… Read More »",,,,,,
<urn:uuid:235ed7a5-7f8b-46f9-a83e-2de06568b2cd>,"عن أبي هريرة رضي الله عنه مرفوعًا: «اسْتَنْزِهوا من البول؛ فإنَّ عامَّة عذاب القبر منه».
[صحيح] - [رواه الدارقطني]
المزيــد ...
အဗူဟုရိုင်ရဟ် (ရဿွိယလ္လာဟုအန်ဟု)က ဆင့်ပြန်ခဲ့သည်။ တမန်တော်မြတ် (ဆွလ္လာဟုအလိုင်ဟိဝစလ္လမ်) မိန့်တော်မူသည်။ အသင်တို့သည် ကျင်ငယ်ရေ(ပေကျံခြင်း) မှ ရှောင်ကြဉ်ကြပါ။ ကဗရ်၌ အဇာဗ်ပေးခြင်းခံရသည့် (အကြောင်းအရင်းများအနက်) အများစုသည် ဤကိစ္စကြောင့်ဖြစ်သည်။
ရှင်းလင်းချက်
ဤဟဒီးဆ်သည် ဆွဟီးဟ် အဆင့်ရှိသည်။ - အဒ်ဒါရုကုသ်နီ ဆင့်ပြန်ခဲ့သည်။
တမန်တော်မြတ်(ဆွလ္လာဟုအလိုင်ဟိဝစလ္လမ်)သည် ဤဩဝါဒတော်တွင် ကဗရ်၌ အဇာဗ်ပေးခြင်းခံရသည့် အကြောင်းခံများအနက် အဖြစ်အများဆုံး ကိစ္စတစ်ခုကို ကျွန်တော်တို့အား ရှင်းပြခဲ့သည်။ ၎င်းမှာ ဆီးစက်များမှ သန့်ရှင်းမှုမပြုခြင်း၊ ဆီးစက်များပေကျံနေခြင်းဖြစ်သည်။
ဘာသာပြန်:
အင်္ဂလိပ်
ပြင်သစ်
စပိန်
တူရကီ
အုရ်ဒူ
အင်ဒိုနီးရှား
ဘော့စနီးယား
ရုရှား
ဘင်္ဂလီ
တရုတ်
ဖါရစီ(ပါရှန်း)
တဂ္ဂလော့
ဟင်ဒီ
ဗီယက်နမ်
ဆင်ဟာလီ
ကာ့ဒ်
ဟောက်ဆာ
ပေါ်တူဂီ
မလေးရာလမ်
တေလဂူ
ဆွာဟီလီ
တမီးလ်
ထိုင်း
ဂျပန်
ပါရှ်တို
အာသံ
အယ်လ်ဘေးနီးယန်
ဘာသာပြန်များကို ကြည့်ရှုရန်",,,,,,
<urn:uuid:abea79bd-f36f-41b2-9377-bf5a21163b24>,"ပြည်သူ့လွှတ်တော်၊ တောင်သူလယ်သမားနှင့် အလုပ်သမားရေးရာကော်မတီဥက္ကဋ္ဌ ဉီးကျော်မြင့် ILO အကြံပေးဖြစ်သူ Mr.Marius Olivier လက်ခံတွေ့ဆုံ
ပြည်သူ့လွှတ်တော်၊ တောင်သူလယ်သမားနှင့် အလုပ်သမားရေးရာကော်မတီဥက္ကဋ္ဌ ဉီးကျော်မြင့် သည် ILO အကြံပေးဖြစ်သူ Mr.Marius Olivier ဉီးဆောင်သောအဖွဲ့အား ယနေ့ နေ့လယ် ၁၂ နာရီအချိန်တွင် နေပြည်တော်ရှိ လွှတ်တော်ရေးရာဆောင် အဆောင်အမှတ် (I-6) အစည်းအဝေး ခန်းမ၌ လက်ခံတွေ့ဆုံသည်။
တွေ့ဆုံရာတွင် နိုင်ငံတကာရင်းနှီးမြှုပ်နှံမှုများ များပြားလာပါက အလုပ်သမားများအတွက် ပြည်တွင်းအလုပ်အကိုင်ပိုမိုရရှိနိုင်မည့် အခွင့်အလမ်းများ၊ ရွှေ့ပြောင်းအလုပ်သမားများ၏ လူမှုဘဝ ပြေလည်စေရေးအတွက် လူမှုဖူလုံရေးကိစ္စရပ်များနှင့် ပြည်ပရွှေ့ပြောင်း အလုပ်သမားများအား ကူညီစောင့်ရှောက်နိုင်မည့် နည်းလမ်းများနှင့်ပတ်သက်သည့် ကိစ္စရပ်များကို ရင်းနှီးပွင့်လင်းစွာ ဆွေးနွေးခဲ့ကြသည်။
အဆိုပါတွေ့ဆုံပွဲသို့ ကော်မတီဥက္ကဋ္ဌနှင့်အတူ အတွင်းရေးမှူး ဉီးသိန်းထွန်းနှင့် ကော်မတီ အဖွဲ့ဝင်များ တက်ရောက်ကြသည်။
၂၀၁၉ ခုနှစ်၊ နိုဝင်ဘာလ ၂၈ ရက်",,,,,,
<urn:uuid:44e19357-2dcc-4e0e-a557-b5bc6ddc23f1>,"အခု ဒုတိယပတ်အတွင်း စစ်ကောင်စီက ဖမ်းဆီးခဲ့တဲ့ ပဲခူးတိုင်း လဝက ဝန်ကြီး ၂၀၂၀ ရွေးကောက်ပွဲ အနိုင်ရ NLD အမတ် ဦးထွန်းထွန်းဦးနဲ့ သမီးဖြစ်သူတို့ကို စစ်ကောင်စီက အခုရက်ပိုင်းအတွင်း ခံဝန်နဲ့ပြန်လွှတ်လိုက်တယ်လို့ ပဲခူးတိုင်း NLD ပါတီဝင်တွေဆီက [ဆက်လက်ဖတ်ရှုရန်]
အခု ဒုတိယပတ်အတွင်း စစ်ကောင်စီက ဖမ်းဆီးခဲ့တဲ့ ပဲခူးတိုင်း လဝက ဝန်ကြီး ၂၀၂၀ ရွေးကောက်ပွဲ အနိုင်ရ NLD အမတ် ဦးထွန်းထွန်းဦးနဲ့ သမီးဖြစ်သူတို့ကို စစ်ကောင်စီက အခုရက်ပိုင်းအတွင်း ခံဝန်နဲ့ပြန်လွှတ်လိုက်တယ်လို့ ပဲခူးတိုင်း NLD ပါတီဝင်တွေဆီက [ဆက်လက်ဖတ်ရှုရန်]
© 2024 Delta News Agency. All Rights Reserved.",,,,,,
<urn:uuid:be3ace6d-b317-4528-ad03-e037edf6cd00>,"ခ်စ္ပရိသတ္ႀကီး ေရ အမ်ား နဲ႔ မတူ တစ္မူ ထူးျခားၿပီး ဆြဲေဆာင္မႈရွိတဲ့ အသံ ပိုင္ရွင္ေလး ေမ ကေတာ့ လူငယ္ ပရိသတ္ေတြရဲ့ အားေပး ႏွစ္သက္မႈ အခိုင္အမာ ရရွိခဲ့တာျဖစ္ပါတယ္။ သ႐ုပ္ေဆာင္ ေကာ အဆို ပိုင္းမွာပါ ထူးခၽြန္ တဲ့ ေမက ျဖဴေဖြးၿပီး ခ်စ္စရာ ေကာင္းတာ ေၾကာင့္ ေၾကာ္ျငာ နဲ႔ မဂၢဇင္း မ်က္ႏွာဖုံးေတြ လည္း ရိုက္ကူး ေနရတာ ျဖစ္ပါတယ္။
သူမဟာ အႏုပညာ လႈပ္ရွားမႈ အေနနဲ႔ ဂီတ အလုပ္ အျပင္ ဓာတ္ပုံ ရိုက္ကူးမႈေတြ လည္း ျပဳလုပ္ေနပါတယ္ ။အသစ္ထြက္ ရွိထားတဲ့ သီခ်င္းေလးေတြ ဟာဆိုရင္လည္း ပရိသတ္ေတြ ၾကားမွာ ေရပန္းစား လူႀကိဳက္မ်ားတာ ေတြ႕ရပါတယ္။ အခုလည္း အဆီပိုမရွိဘဲ သြယ္လ်က်စ္ လစ္ၿပီး ဆြဲေဆာင္မႈ ရွိလြန္းတဲ့ အလွတရားေတြနဲ႔ ျမင္သူတိုင္း ရင္ခုန္ရေလာက္ ေအာင္ မိမိုက္လြန္းေနတဲ့ ဖက္ရွင္ ပုံရိပ္ေလးေတြကို ေဖာ္ျပထားတာေတြ႕ ရပါတယ္။
ေမကို ခ်စ္ တဲ့ cele zone ပရိသတ္ႀကီး အတြက္ သူ မ ရဲ့ အမိုက္စား ပုံေလးေတြကို ျပန္လည္ မၽွေဝေပး လိုက္ပါတယ္ေနာ္ ။ cele zone ပရိသတ္ႀကီး ကလည္း ေမရဲ့ အႏုပညာလႈပ္ရွားမႈေတြကို အားေပးလိုက္ ၾကပါဦးေနာ္။ ေမလည္း ဒီထက္ မက ေအာင္ျမင္မႈ ေတြ ဆြတ္ခူးနိုင္ ပါေစလို႔ ဆုေတာင္းေပး လိုက္ပါတယ္။
Yuan – Cele Zone
Photo – Candy May
UNICODE
ချစ်ပရိသတ်ကြီး ရေ အများ နဲ့ မတူ တစ်မူ ထူးခြားပြီး ဆွဲဆောင်မှုရှိတဲ့ အသံ ပိုင်ရှင်လေး မေ ကတော့ လူငယ် ပရိသတ်တွေရဲ့ အားပေး နှစ်သက်မှု အခိုင်အမာ ရရှိခဲ့တာဖြစ်ပါတယ်။ သရုပ်ဆောင် ကော အဆို ပိုင်းမှာပါ ထူးချွန် တဲ့ မေက ဖြူဖွေးပြီး ချစ်စရာ ကောင်းတာ ကြောင့် ကြော်ငြာ နဲ့ မဂ္ဂဇင်း မျက်နှာဖုံးတွေ လည်း ရိုက်ကူး နေရတာ ဖြစ်ပါတယ်။
သူမဟာ အနုပညာ လှုပ်ရှားမှု အနေနဲ့ ဂီတ အလုပ် အပြင် ဓာတ်ပုံ ရိုက်ကူးမှုတွေ လည်း ပြုလုပ်နေပါတယ် ။အသစ်ထွက် ရှိထားတဲ့ သီချင်းလေးတွေ ဟာဆိုရင်လည်း ပရိသတ်တွေ ကြားမှာ ရေပန်းစား လူကြိုက်များတာ တွေ့ရပါတယ်။ အခုလည်း အဆီပိုမရှိဘဲ သွယ်လျကျစ် လစ်ပြီး ဆွဲဆောင်မှု ရှိလွန်းတဲ့ အလှတရားတွေနဲ့ မြင်သူတိုင်း ရင်ခုန်ရလောက် အောင် မိမိုက်လွန်းနေတဲ့ ဖက်ရှင် ပုံရိပ်လေးတွေကို ဖော်ပြထားတာတွေ့ ရပါတယ်။
မေကို ချစ် တဲ့ cele zone ပရိသတ်ကြီး အတွက် သူ မ ရဲ့ အမိုက်စား ပုံလေးတွေကို ပြန်လည် မျှဝေပေး လိုက်ပါတယ်နော် ။ cele zone ပရိသတ်ကြီး ကလည်း မေရဲ့ အနုပညာလှုပ်ရှားမှုတွေကို အားပေးလိုက် ကြပါဦးနော်။ မေလည်း ဒီထက် မက အောင်မြင်မှု တွေ ဆွတ်ခူးနိုင် ပါစေလို့ ဆုတောင်းပေး လိုက်ပါတယ်။
Yuan – Cele Zone
Photo – Candy May",,,,,,
<urn:uuid:38e8d68a-dad7-439d-a282-53fc02dd4911>,"ရန္ကုန္တိုင္းေဒသႀကီး အစိုးရအဖြဲ႕က ႀကီးမွဴး၍ ေမ ၁၃ ရက္မွ ၁၇ ရက္အထိ ငါးရက္တိုင္ က်င္းပသည့္ စတုတၳအႀကိမ္ အသံမစဲ မဟာပ႒ာန္း ရြတ္ဖတ္ပူေဇာ္ပြဲ အခမ္းအနားကို ေမ ၁၃ ရက္က ရန္ကုန္တုိင္း ေဒသႀကီး အင္းစိန္ၿမိဳ႕နယ္ မင္းဓမၼကုန္းေျမရွိ ေလာကခ်မ္းသာ အဘယလာဘမုနိ ႐ုပ္ပြားေတာ္ျမတ္ႀကီး တန္ေဆာင္း၌ က်င္းပသည္။
ေရွးဦးစြာ အခမ္းအနားကို နေမာတႆ သံုးႀကိမ္ရြတ္ဆိုဖြင့္လွစ္ၿပီး ႏိုင္ငံေတာ္ သံဃ မဟာနာယကအဖြဲ႕ တြဲဖက္အက်ဳိးေတာ္ေဆာင္ အဂၢမဟာဂႏၳဝါစကပ႑ိတ တိပိဋကဝိနိယဓရ ဘဒၵႏၲဓမၼာစာရ ေကာလင္း ဆရာေတာ္ ဘုရားႀကီးထံမွ ဧည့္ပရိသတ္ အေပါင္းက ကိုးပါးသီလ ခံယူေဆာက္တည္ ၾကသည္။
ထို႔ေနာက္ ေစတီေတာ္ေဂါပကအဖြဲ႕ ၾသဝါဒါစရိယ ဆရာေတာ္ဘုရားက သာရဏီရၾသဝါဒကထာ ျမြက္ၾကားခ်ီးျမႇင့္ၿပီး ဆရာေတာ္မ်ားအား လွဴဖြယ္ပစၥည္းမ်ား ဆက္ ကပ္လွဴဒါန္းၾကသည္။
ဆက္လက္၍ ကံဦးေက်ာင္းဆရာေတာ္ ဦးသာသနက ေရာင္ျခည္ေတာ္ဖြင့္ ဘုရားပင့္ ဂါထာ၊ ေအာင္ေျမေရႊဂူဆရာေတာ္ ဦးနႏၵာ စရိယက ေဒဝနိမႏၲဂါထာေတာ္၊ ယိုးဒယား ေက်ာင္းဆရာေတာ္ ဦးဉာဏုတၱရက ဥေယ်ာ ဇနဂါထာေတာ္ တို႔အား ရြတ္ဖတ္ပူေဇာ္ၾက သည္။
ယင္းေနာက္ သံဃာေတာ္မ်ားႏွင့္ဧည့္ ပရိသတ္မ်ားက ပ႒ာန္းပစၥယုေဒၵသပါဠိကို သံၿပိဳင္သံုးေခါက္ ရြတ္ဆိုၿပီး အလွည့္က် ဘာဏကဆရာေတာ္က ဆက္လက္ရြတ္ဖတ္ ပူေဇာ္ခဲ့ေၾကာင္း သိရသည္။",,,,,,
<urn:uuid:d22b4cdf-677a-4ae9-9c16-bfdee9f4fea9>,"မြန်မာ့စီးပွားရေး အခွင့်ကောင်းရှိသော်လည်း အန္တရာယ် ပိုများဟု ကမ္ဘာ့ဘဏ် ထုတ်ပြန်
မြန်မာ့ စီးပွားရေး ရှေ့အလားအလာသည် “အခွင့်ကောင်း favorable” တွင် ရှိနေပြီး၂၀၁၈-၂၀၁၉ ခုနှစ်၌ ဖွံ့ဖြိုးမှုနှုန်း ၆ ဒသမ ၇ ရာခိုင်နှုန်း အထိ တက်လာနိုင်ကြောင်း ကမ္ဘာ့ဘဏ်က ထုတ်ပြန်လိုက်သော မြန်မာ့ စီးပွားရေး အစီရင်ခံစာတွင် ဖော်ပြထားသည်။
ယင်း အစီအရင်ခံစာ ထုတ်ပြန်ပွဲကို မေလ ၁၇ ရက်က မြန်မာနိုင်ငံ ကုန်သည်များနှင့် စက်မှုလက်မှု လုပ်ငန်းရှင်များ အသင်းချုပ် (UMFCCI) တွင် ပြုလုပ်ခဲ့ခြင်း ဖြစ်သည်။
စိုက်ပျိုးရေး ကဏ္ဍ ဖြစ်သော ကောက်ပဲသီးနှံ ထုတ်လုပ်မှု အခြေအနေ ကောင်းမွန်လာခြင်း၊ ကုန်ထုတ် လုပ်ငန်းများ အား ကောင်းလာခြင်း နှင့် ဝန်ဆောင်မှု လုပ်ငန်းကဏ္ဍတို့တွင် တည်ငြိမ်မှုရှိလာခြင်း တို့ကြောင့် ပြည်တွင်း အသားတင် ထုတ် လုပ်မှု တန်ဖိုး (GDP) တိုးတက်လာနိုင်သည် ဟု ကမ္ဘာ့ဘဏ် အစီအရင်ခံစာ၌ ဖော်ပြထားသည်။
မြန်မာ၊ ကမ္ဘောဒီယားနှင့် လာအို နိုင်ငံဆိုင်ရာ ကမ္ဘာ့ဘဏ် ညွှန်ကြားရေးမှူး အယ်လင်ဂိုးလ် စတိန်းက “လက်ရှိ မြန်မာနိုင်ငံ အနေနဲ့ အသွင် ကူးပြောင်းရေးကို ဖြတ်သန်းနေရတဲ့ အခြေအနေမှာ ကောင်းနေတဲ့ စီးပွားရေး အရှိန်အဟုန်ကို ထိန်းထားဖို့ လိုအပ်တယ်” ဟု ပြောသည်။
မြန်မာ့ စီးပွားရေး တိုးတက်မှုနှုန်းမှာ ၂၀၁၆-၂၀၁၇ ခုနှစ်တွင် ၅ ဒသမ ၉ ရာခိုင်နှုန်း ရှိခဲ့ရာမှ ၂၀၁၇-၂၀၁၈ ခုနှစ်၌ ၆ ဒသမ ၄ ရာခိုင်နှုန်းသို့ ရောက်ရှိလာသည်။
ထို့အပြင် ငွေကြေး ဖောင်းပွမှုနှုန်းမှာလည်း၂၀၁၆-၂၀၁၇ ခုနှစ်တွင် ၇ ရာခိုင်နှုန်း ရှိခဲ့ရာမှ ၂၀၁၇-၂၀၁၈ ခုနှစ်တွင် ၅ ဒသမ ၅ ရာခိုင်နှုန်း ကျဆင်းခဲ့ပြီး ၂၀၁၈-၂၀၁၉ ခုနှစ်၌ ၄ ဒသမ ၉ ရာခိုင်နှုန်းသို့ ကျဆင်းသွားမည်ဟု ကမ္ဘာ့ဘဏ် အစီရင်ခံစာ တွင် ခန့်မှန်းထားကြောင်း အယ်လင်ဂိုးလ် စတိန်းက ဆိုသည်။
စီးပွားရေး စွမ်းဆောင်ချက်များ အားကောင်းနေပြီး မက်ခရိုစီးပွားရေး အခြေအနေ အပေါင်းလက္ခဏာ ပြသော်လည်း ပြုပြင်ပြောင်းလဲရေး အရှိန်နှေးကွေးနေခြင်း၊ ဘဏ္ဍာရေးကဏ္ဍ အားနည်းချက်များခြင်းနှင့် ရခိုင်ပြည်မြောက်ပိုင်းအရေး ဖြေရှင်းရာတွင် အကန့်အသတ်ရှိနေခြင်းတို့ကြောင့် စီးပွားရေးတွင် အန္တရာယ် ပိုများလာပြီး စွမ်းဆောင်နိုင်မှု အားပျော့လာနိုင်ကြောင်းလည်း အစီရင်ခံစာက ဆိုသည်။
နိုင်ငံခြား ရင်းနှီးမြှုပ်နှံမှုနှင့် နိုင်ငံခြားခရီးသွား ကျဆင်းခြင်းက အစိုးရဝင်ငွေကို ထိခိုက်ပြီး ကျပ်ငွေတန်ဖိုး ကျဆင်းစေနိုင်ကြောင်းလည်း သတိပေးထားသည်။",,,,,,
<urn:uuid:11cb764a-7031-4852-9fd7-fe1e4bc7b1ca>,"ကုန်းဘောင်ခေတ်တွင် ပြင်စည်မင်းသားငါးပါး ရှိခဲ့သည့်အနက် ပြင်စည်မင်းသား မောင်ရွှေအိုင်သည် ပထမပြင်စည်မင်းသား ဖြစ်လေသည်။ ၎င်းသည် အလောင်းမင်းတရား၏ ညီတော်အရင်း၏ မြေးတော်သူ ဖြစ်သည်။ မောင်ရွှေရ၏ အဘိုးမှာ အလောင်းမင်းတရား၏ ညီတော်အရင်း မင်းသားမောင်ရွှေရ ဖြစ်သည်။ မင်းသားမောင် ရွှေရသည် နောင်တော် မင်းမဖြစ်မီ ဆုံးပါးသွားသူ ဖြစ်သည်။ မင်းသားမောင်ရွှေရနှင့် ခင်ဝ (စည်ပုတ္တရာ ရွှေကာ တစ်ထောင်မှူး မင်းသီရရန္တဇ နှင့် မယ်ဘက်တို့၏ သမီး) တို့၏ သားဖြစ်သော မောင်ပြေ (မင်းရဲသင်္ခသူဘွဲ့ခံ ကျောက်ဆောက်မြို့စား မြင်းမှူးမင်းသား) မှာ ပထမပြင်စည်မင်းသား မောင်ရွှေအိုင်၏ ခမည်းတော် ဖြစ်သည်။ ပြင်စည်မင်းသားမောင်ရွှေအိုင်၏ မယ်တော်မှာ ပြည်တော်သာရွာစား ခင်အမ (အင်းဝ ဗိုလ်မှူး မင်းလှကျော်သူ ၏ သမီး) ဖြစ်သည်။ အလောင်းမင်းတရားက ပြင်စည်မြို့ကို အသုံးကံကျွေးပေးသဖြင့် ပြင်စည်မင်းသားဟု တွင် ခြင်း ဖြစ်သည်။ [၁]
- ↑ မောင်သန်းဆွေ (ထားဝယ်) ၏ ကုန်းဘောင်ရှင်းတမ်းမှ ပြင်စည်မင်းသားရှင်းတမ်း",,,,,,
<urn:uuid:8ccf80c6-0e75-4e13-a865-85d566dd22e3>,"Detention (2020)
=================
လျိုယွင်ရှန်းတစ်ယောက် မိသားစုပြဿနာတွေနဲ့ ယူကေကနေ ထိုင်ဝမ်က Greenwood အထက်တန်းကျောင်းကို ပြောင်းလာခဲ့ရပါတယ်။ မိသားစုအရေးရှုပ်ထွေးနေလို့ စိတ်ထွက်ပေါက်ရှာနေတဲ့ လျိုယွင်ရှန်းတစ်ယောက် ကျောင်းရဲ့တားမြစ်နယ်မြေမှာ စီးကရက်သွားသောက်မိရာက ကျောင်းသူတစ်ယောက်ရဲ့ ကိုယ့်ကိုယ်ကိုအဆုံးစီရင်မှုရဲ့မျက်မြင်သက်သေဘဝရောက်သွားပါတော့တယ်။
အတန်းထဲမှာလည်း နတ်ဆိုးစာရင်းအသွင်းခံရတဲ့အတွက် ကျောင်းသားတိုင်းကအနိုင်ကျင့်တဲ့အပြင် ဆရာမကလည်း အတန်းရှေ့မှာအရှက်ခွဲပါတော့တယ်။ ဒေါသပေါက်ကွဲသွားတဲ့ လျိုယွင်ရှန်းတစ်ယောက် တားမြစ်နယ်မြေဖြစ်တဲ့ ဟန်ချွေ့အဆောက်အအုံကို ပြန်သွားရာကနေ ဝိဉာဉ်တစ်ကောင်နဲ့ဆက်သွယ်မိပြီး အပေးအယူလုပ်မိရာက ဘာတွေဆက်ဖြစ်ကြမလဲ။
အဲဒီဝိဉာဉ်ကရော ဘယ်သူလဲ။ ဘယ်လိုအကြောင်းအရင်းနဲ့သေဆုံးသွားတာကြောင့် မကျွတ်မလွတ်ဖြစ်နေရတာလဲ။ အရာအားလုံးတင်းကြပ်ထိန်းချုပ်ထားတဲ့ ဒီကျောင်းမှာ ဘာလျှို့ဝှက်ချက်တွေရှိနေလဲဝဆိုတာကို ဒီ Detention ဆိုတဲ့ တရုတ် Horror စီးရီးလေးမှာ အသဲတအေးအေးနဲ့ကြည့်ရှုခံစားရင်း အဖြေရှာလိုက်ရအောင်ပါ။ တရုတ်သမ္မတနိုင်ငံရဲ့ နိုင်ငံရေးအရှုပ်အထွေးကာလတစ်ခုဖြစ်တဲ့ White terror ကို နောက်ခံထားပြီး ရိုက်ပြထားတာဖြစ်တဲ့အတွက် သမိုင်းနောက်ခံတွေကြိုက်တဲ့သူများလည်း ကြိုက်ကြမှာပါ။
Translated and Review by Xing Egg & MaryChrist
Encoded by Noah
Quality – Web
Size – 630MB / 210MB
IMDB – N/A
Genres – Drama, Horror, Mystery",,,,,,
<urn:uuid:99387ac2-6ffc-4359-ada8-0f2a39bddd1d>,"Email This Story :
မွန်ပြည်နယ်၊ ရေးမြို့နယ်မှာ သံပုရာသီး တင်ပို့ရောင်းချမှုဟာ ခုရက်ပိုင်း ဈေးကွက်မှာ အရောင်းအဝယ်အေးနေတာကြောင့် ဝင်ငွေထိခိုက်နစ်နာမှုတွေနဲ့ ကြုံတွေ့နေရတယ်လို့ သံပုရာသီးခြံရှင်တွေက ပြောပါတယ်။
သံပုရာသီးတွေ နွေဘက်က အသီးဈေး တစ်လုံးကို ကျပ် ၁၃ဝ အထိ ရကြပေမယ့် အခုမိုးတွင်းမှာတော့ အသီးပေါက်ဈေး တစ်လုံးကို ၂၂ ကျပ်အထိပဲ ရရှိကာ အ၀ယ်ဒိုင်တွေက သံပုရာသီးရဲ့ အရည်မရှိရင် မဝယ်ဘူးလို့ ရေးကုန်စည် အဝယ်ဒိုင် ဦးသန်းဝင်းက ပြောပါတယ်။
ရန်ကုန်ပွဲရုံဈေးကွက် အဓိကတင်ပို့မှု အရောင်းအဝယ်က အေးနေပြီး ဝယ်လက်က သိပ်မဆွဲတာကြောင့် ခြံသမားတွေ သံပုရာသီး ဈေးကွက်မရှိတဲ့အပြင် မိုးတွင်းဘက် အသီးတွေ ဆုံးရှုံးပျက်စီးမှုနဲ့ ကြုံရတယ်လို့ ရေး ကုန်စည်အ၀ယ်ဒိုင်တွေက ဆိုပါတယ်။
ရေးမြို့နယ်မှာ စိုက်ပျိုးရေးလုပ်ငန်းတွေထဲမှာ သံပုရာသီးစိုက်ပျိုးရေးလုပ်ငန်းလည်း အဓိက ဝင်ငွေလမ်းလည်း ဖြစ်သလို ပြီးခဲ့တဲ့ မိုးရာသီက သံပုရာပင်တွေ သဘာဝဘေးကြောင့် ပျက်စီး ဆုံးရှုံးမှုဒဏ်ကို ခံစားခဲ့ရတာပါ။
အခုနှစ်မှာ ရာသီဥတုဒဏ်ကြောင့် အသီးထွက်နှုန်းလည်း ထပ်မံ ကျဆင်းနေပြီး အခုမိုးတွင်းဘက်မှာ အသီးဈေးတွေ မရကြတဲ့အပြင် ဈေးကွက်ပါ ထိခိုက်နေကြတယ်လို့ သံပရာခြံစိုက်သူတွေက ပြောပါတယ်။
သတင်း – နေမျိုးထွဋ် (ရေး)",,,,,,
<urn:uuid:61a61b79-191a-487c-8d53-551462c0117a>,"အစ္စရေးလ်ရောက် ထိုင်းလုပ်သားများ အခြေအနေဆိုးဝါးနေမှု အစ္စရေးသံရုံး ငြင်း
အစ္စရေးနိုင်ငံသို့ သွားရောက်လုပ်ကိုင်နေသည့် ထိုင်းစိုက်ပျိုးလုပ်သားများ လုပ်ငန်းခွင် အခြေအနေ ဆိုးဝါးနေမှု စွပ်စွဲချက်ကို ထိုင်းနိုင်ငံရှိ အစ္စရေးသံရုံးက တနင်္ဂနွေနေ့တွင် ငြင်းပယ်လိုက်သည်။
အစ္စရေးရောက် ထိုင်းစိုက်ပျိုးရေး အလုပ်သမားများ ၂သောင်း ခွဲခန့်ရှိပြီး၊ ၎င်းတို့သည် လုပ်ခလစာ၊ နေထိုင်မှုနှင့် လုပ်ငန်းခွင်တွင် မတော်မတရားပြုကျင့်ခံနေကြောင်း BBC သတင်းက ပြောဆိုပြီးနောက် ထိုသို့ ထိုင်းအခြေစိုက် အစ္စရေး သံရုံးက ငြင်းပယ်လိုက်ခြင်းဖြစ်သည်။
သံရုံး၏ ပြောကြားချက်တွင် အစ္စရေးအလုပ်အကိုင် ခန့်ထားရေးအဖွဲ့များကို အမျိုးသားလူကုန်ကူး တားဆီးမှု ညှိနှိုင်းရေးမှူးရုံးမှ အရာရှိများဖြင့် ဖွဲ့စည်းထားကြောင်း၊ အစ္စရေးလူမှုရေးနှင့် လူမှုဝန် ဆောင်မှုဝန်ကြီး ဌာန အပြင် လူဝင်မှုကြီးကြပ်ရေးနှင့်ပြည်သူ့အင်အားအာဏာပိုင်များကပါ နိုင်ငံရပ် ခြားမှလုပ်သားများကို အလုပ်သမားဥပဒေဖြင့် စနစ်တကျကြီးကြပ်နေကြောင်း အစ္စရေးသံရုံး ကဆို သည်။
“ထိုင်းလုပ်သားတွေအနေနဲ့ အဆင်မပြေတာရှိရင် ဆက်သွယ်သတင်းပို့နိုင်ဖို့ ထိုင်းဘာသာနဲ့ သီးသန့် တယ်လီဖုန်းနံပါတ်ထားရှိပါတယ်” ဟု သံရုံးက ဆက်လက်ပြောကြားသည်။
BBC သတင်းဌာန၏ထိုင်းဘာသာအစီအစဉ်က အဓိကစုံစမ်းတွေ့ရှိချက်တခုအနေဖြင့် အစ္စရေးရောက် ထိုင်းလုပ်သားများသည် ခေါင်းပုံဖြတ်အမြတ်ထုတ်၍ အကြမ်းဖက်ခြင်းခံနေရကြောင်း၊ အချို့မှာ သေဆုံးသည်အထိ ဖြစ်ပွားနေကြောင်း သတင်းထုတ်လွှင့်ထားသည်။
သို့သော် ထိုင်းအလုပ်သမားဝန်ကြီးဌာန၊ အစ္စရေးအစိုးရနှင့် နိုင်ငံတကာရွှေ့ပြောင်းလုပ်သား အဖွဲ့ (IOM) တို့ ပူးတွဲအကောင်အထည်ဖော်ခဲ့သည့် လုပ်သားများ နေရာချထားမှု အပေါ်ထိုင်း-အစ္စရေး ပူးပေါင်းဆောင်ရွက် ရေး သဘောတူညီချက်(TIC) ရှိကြောင်း၊ ယင်းအတွက် အစ္စရေးနိုင်ငံသို့ စိုက်ပျိုးရေး သွားရောက်လုပ်ကိုင်ကြ ရန် ထိုင်းရွှေ့ပြောင်းလုပ်သားများအတွက် ဝန်ဆောင် ခဖြတ် တောက်ခြင်းကိစ္စ အောင်မြင်စွာ ဆောင်ရွက်နိုင်ခဲ့ ကြောင်း၊ တချိန်တည်းမှာပင် ၎င်းတို့အလုပ်သမား အခွင့်အရေးများလည်း ကာကွယ်ပေးနေကြောင်း အစ္စရေးသံရုံးက အခိုင်အမာပြောကြားထားသည်။
အဆိုပါ IOM အဖွဲ့သည် အစ္စရေးနိုင်ငံသို့ နိုဝင်ဘာလက သွားရောက်ခဲ့ပြီး ၎င်းတို့ရင်ဆိုင်နေသော အခြေ အနေကို မေးမြန်းခဲ့ရာ အစ္စရေးရောက်ထိုင်းလုပ်သားများထံမှ အပေါင်းလက္ခဏာဆောင် သည့်အဖြေများ ရရှိခဲ့ကြောင်း၊ လုပ်သားအင်အား ၉၅ ရာခိုင်နှုန်းက အဆိုပါသဘောတူညီချက်ကို အကောင်းသည်မှ အကောင်း ဆုံးအထိဟူ၍ ယုံကြည်ကြကြောင်း IOM ၏ စစ်တမ်းကောက်ယူချက်က ပြသနေသဖြင့် အထူးပြောစရာမရှိဟု သံရုံးက ဆိုသည်။
“အစ္စရေးနိုင်ငံအနေနဲ့ နိုင်ငံခြားသားလုပ်သားတွေရဲ့အခွင့်အရေးကာကွယ်မှုနဲ့ သင့်လျော်လုံလောက်တဲ့ အလုပ် ခန့်ထားရေး စည်းမျဉ်းအတိုင်း ဆက်လက်ဆောင်ရွက်ပေးဖို့ ကတိပြုပြီးဖြစ်ပါတယ်။ အဲဒီဆောင်ရွက်တဲ့ နေရာမှာ လူကုန်ကူးမှု တိုက်ဖျက်ရေးကြေညာစာတမ်းနဲ့ နိုင်ငံတကာဥပဒေတွေ အတိုင်း အစ္စရေးနိုင်ငံဘက်က လိုက်နာကျင့်သုံးဖို့ ကတိကဝတ်အတိုင်းပါပဲ” ဟု သံရုံးက ပြောသည်။
နိုဝင်ဘာလ ၂၄ ရက်တွင် BBC(ထိုင်း) အစီအစဉ်က အွန်လိုင်းပေါ်သို့ အစ္စရေးရောက် ထိုင်းလုပ်သား များ အရေးနှင့်ပတ်သက်၍ သတင်းထုတ်လွှင့်ခဲ့ရာ ၎င်းတို့နေထိုင်မှုအခြေအနေ၊ လုံခြုံရေးတို့နှင့် ပတ်သက်၍ စိုးရိမ်ပူပန်နေရကြောင်း ဖော်ပြခဲ့သည်။
၂၀၁၂ ခုနှစ် ထိုင်း-အစ္စရေး ပူးပေါင်းဆောင်ရွက်ရေး သဘောတူညီချက်(TIC) စတင်အသက်ဝင်ခဲ့ပြီး နောက် အစ္စရေးနိုင်ငံတွင် ထိုင်းလယ်ယာလုပ်သားပေါင်း ၁၇၂ ဦး သေဆုံးခဲ့ရကြောင်း ဘီဘီစီသတင်းက ဆိုသည်။
မည်သည့်အရေးကိစ္စများကြောင့် ယင်းဖြစ်စဉ်များဖြစ်ပေါ်ခဲ့ရကြောင်း မသိရပေ။ အစ္စရေးဥပဒေ သတ်မှတ်ချက်အရ အနိမ့်ဆုံး လုပ်ခလစာအောက် လျော့နည်း၍ အလုပ်သမားအများအပြားမှာ ရရှိခဲ့ကြောင်း၊ အလုပ်ချိန် ကြာမြင့်ပြီး ကျန်းမာရေးနှင့်မညီညွတ်သောနေထိုင်မှုအခြေအနေများတွင် အတင်းအဓမ္မနေထိုင်စေခဲ့ကြောင်း အဆိုပါသတင်းတွင် ပါရှိသည်။
အန္တရာယ်များသောဓာတုပစ္စည်းများနှင့် ထိတွေ့လုပ်ကိုင်နေရ၍ အသက်သေဆုံးအထိ ခြိမ်းခြောက်မှု မြင့် တက်နေသည်ဟု ဆိုသည်။ ယခင်သီတင်းပတ်က ထိုင်းကျန်းမာရေးအဖွဲ့တဖွဲ့ကို အစ္စရေးသို့ စေလွှတ်၍ ထိုင်းလုပ်သားများအခြေအနေစုံစမ်းလေ့လာရန် တာဝန်ပေးခဲ့ကြောင်း ထိုင်းအလုပ်သမား ဝန်ကြီးက ပြောကြားခဲ့သည်။",,,,,,
<urn:uuid:76697c1b-848e-4efb-bef6-0b412bd1c985>,"ကျောင်းတော်ကြီးသို့အလွမ်း ( ၂ )Thu 07 May 2009
တောင်ရောက် မြောက်ရောက် စဥ်းစားထားတာလေးတွေ ပြန်ရေးရမယ်ဗျ ဖျားတာတောင် ကျေးဇူးတင်ရမလို ဖြစ်နေတယ်။ ကျွန်တော်တို့ ဂုဏ်ထူးတန်းတက်တော့ ကျောင်းမှာက ဘယ်သူမှ မကျန်သလောက် ဖြစ်သွားပြီ အငယ်တွေက အကုန်လုံး ဒုတိယနှစ်ကတည်းက စဥုံကိုင်ဘက်ကို အကုန်လုံးပြောင်းသွားရတယ်။ ကိုယ်အထက်မှာ မဟာတန်း တစ်တန်းပဲကျွန်တော့်တယ်။ ကျောင်းနဲ့ ကန်တင်းက နည်းနည်းလေးဝေးတယ် ရေသောက်ချင်ရင် နည်းနည်း ပြဿနာတက်တယ်။ ကျွန်တော်ကတော့ ဆရာမတွေနဲ့ ခင်နေတော့ ဘယ်ဌာနဝင်ပြီး ရေတောင်းသောက်သောက် လွယ်ပါတယ်။ အတန်းထဲကလူတွေကတော့ နည်းနည်း ပြဿနာတက်တယ်။ ဒါနဲ့အတန်းမှူးဆီကနေ Water-Cooler အပိုတွေထဲကနေ တစ်လုံးတောင်းပြီး အတန်းထဲမှာထည့်ထားတယ်။ ရေဘူးကို ကျွန်တော်အိမ်ကနေ မနက်ကျောင်းလာရင်း ဆိုင်ကယ်ပေါ်တင်ပြီး အိမ်ကနေ ကားဂိတ်ကို သယ်လာပါတယ်။ ရေဖိုးကတော့ လှူမယ့်လူရှိလည်း အတန်းထဲမှာစုထားလိုက်တယ် မရှိလည်း ကျွန်တော်လှူလိုက်ပါတယ်။ ကျောင်းကားပေါ်ကနေ သုံးထပ်က အတန်းထဲအထိ အရောက်တင်ဖို့ကတော့ ယောက်ျားလေး ကျောင်းသားတွေပဲ ရှိတဲ့လူ ထမ်းတင်လိုက်တယ် ဘယ်သူမှတော့ မတွက်ကပ်ပါဘူး ကိုယ်သောက်မယ်ရေဆိုတာရယ် နောက်ပြီးတော့ ကုသိုလ်ရတယ် ဆိုပြီးလုပ်မယ့်လူတွေ တစ်ပုံကြီးပါ။
တစ်ရက်ဖြစ်ချင်တော့ ကျွန်တော်ရေဘူးကိုတင်လိုက်တာက ပထမကားပေါ်မှာ ဒါပေမယ့် လက်ဘက်ရည်သောက်နေတာနဲ့ ပြေးတက်လိုက်တာက နောက်ဆုံးကားပဲမှီတယ်။ ပထမကားပေါ်မှာလည်း အတန်းထဲက လူတွေပါတယ်ဆိုပြီး အေးအေးဆေးဆေးပေါ့။ တိုက်တိုက်ဆိုင်ဆိုင် ပထမကားပေါ်မှာ အတန်းထဲက ယောက်ျားလေးတွေက တစ်ယောက်မှမပါဘူးဗျာ။ မိန်းကလေးတွေကလည်း သယ်နေကျမဟုတ်တော့ ရေဘူးကို သတိမထားမိဘူး။ ဒါနဲ့ကျောင်းကားပေါ် ရေဘူးကြီးက ပါသွားပါရောလား။ ကားဂိတ်က ကျောင်းအပြင်ဘက်မှာ အတန်းနဲ့ နည်းနည်းတော့ ဝေးတယ်။ ကျွန်တော်ရယ် ကျွန်တော့်သူငယ်ချင်း စိုင်းဒီရယ် နှစ်ယောက်သားသွားပြီး သယ်ရမယ်ဆိုပြီးထွက်လာရတယ်။ ခက်တာက သူလည်းရေဘူးကို အတန်းထဲအထိ မထမ်းနိုင် ကျွန်တော့်ဗလကတော့ ဆိုင်ကယ်ပေါ်က ကားပေါ်တင်တာတောင် လူအကူမရှိရင် မတင်နိုင်တဲ့ ဗလမျိုးမဟုတ်လား။ နှစ်ယောက်သား ကျောင်းရှေ့မှာ စက်ဘီးဖြစ်ဖြစ် ဆိုင်ကယ်ဖြစ်ဖြစ် ရှာလိုက်ကြတာ ကံဆိုးချင်တော့ တစ်စီးမှမရှိဘူး။ ဆိုက်ကားတစ်စီးပဲရှိတယ် နင်းမယ့်ဆိုက်ကားဆရာမရှိဘူး။
ကျွန်တော်ကအကြံပေးပါတယ် ဒို့နှစ်ယောက် ဆိုက်ကားကို တွန်းသွားရအောင် ဆိုတာကို ကိုယ်တော်ချောက ငါနင်းကြည့်မယ်တဲ့။ မလုပ်နဲ့ဆိုတာကို ရပါတယ်ဆိုပြီး ဆိုက်ကားနင်းကြတာ ကျွန်တော်ကတော့ ဆိုက်ကားရှေ့မှာ မိန့်မိန့်ကြီးထိုင်လို့ပေါ့။ ဆိုက်ကားကတော့ လက်ကိုင်ဟိုရမ်း ဒီရမ်းနဲ့ သွားလို့တော့ရတယ်။ ကျောင်းတံခါးပေါက်အထိက တောက်လျောက်အဆင်းကြီး နောက်ပြီးတော့ လမ်းကလည်း ကုန်းအမြင့်မှာဗျ လမ်းဘေးမှာက တောင်ကျရေဆင်းတဲ့ ချောင်းအသေးစားရှိတယ်။ ကျွန်တော်လည်း ကြောက်တာနဲ့ သူငယ်ချင်း ငါဆင်းတော့မယ်ဆိုတာကို မရဘူး ဟေ့ကောင်မဆင်းနဲ့ ရပါတယ်ဆိုပြီး နင်းချလာလိုက်တာ အလည်လောက်ကျတော့ အရှိန်မထိမ်းနိုင်တော့ဘူး။ ခုန်ချလို့ကလည်းမဖြစ် ကိုယ့်ဆိုက်ကားက ကိုယ်ကိုတိုက်မယ် ထိုင်နေပြန်တော့လည်း ကိုယ်ကရှေ့ဆုံးကဆိုတော့ ကြောက်စရာကြီး။ နောက်ဆုံးတော့ ဆိုက်ကားကြီး ချောင်းထဲကို ရေသောက်ဆင်းတော့တာပဲ။ ကံကောင်းတာက ဆိုက်ကားက မမှောက်ဘူး မဟုတ်ရင် နင်းတဲ့လူ ဆိုက်ကားပိပြီး ပေါင်းကျိုးမယ်။ နှစ်ယောက်လုံး ကံဆိုးချင်တော့ ကန္တာရဆူးချုံထဲကျသွားတာပဲ။ ဆူးတွေကို တစ်ချောင်းချင်း နှုတ်ယူရတဲ့အဖြစ်ကို ရောက်တယ်။ အပြန်တော့ ရေဘူးတင်ပြီး ဆိုက်ကားကို မနင်းရဲတော့ဘူး ဒါတောင် သူငယ်ချင်းက ဆိုက်ကားကို နင်းဦးမယ်လုပ်နေလို့ မင်းဟာမင ်း တစ်ယောက်တည်းသွား ငါလမ်းလျောက်ပဲ လိုက်မယ်ပြောမှ အတူတူဆိုက်ကားတွန်းပြန်ရတယ်။
အဲ့ဒီနေ့ကတော့ နှစ်ယောက်လုံး ဗွက်တွေပေ ဖုန်တွေပေနဲ့ အတန်းထဲမှာ ငုတ်တုတ်လေးပေါ့ဗျာ။ ကန္တာရဆူးကလည်း အဆိပ်ကနည်းနည်းပြင်တယ်လေ စူးတဲ့နေရာတွေကို ယောင်ကိုင်းနေတာပဲ။ နောက်တော့ အတန်းထဲနေရင် စာသင်ချိန် မှောက်အိပ်နေရင် ဆရာမကိုအားနာတာနဲ့ အခန်းလွတ်တစ်ခုထဲသွား အိပ်နေရတယ်။ ဆရာမတစ်ယောက်က ဟိုနှစ်ကောင်ဘယ်မလဲ ဆိုပြီးလိုက်ရှာသေးတယ်။ အတန်းထဲကလူတွေကလည်း အားကိုးရတယ်ဗျာ မသိဘူးပြောလိုက်ပါလား။ ပြောလိုက်ကြတယ် ဟိုဘက်အခန်းမှာ အိပ်နေတယ်တဲ့။ ဆရာမလိုက်လာလို့ အခြေအနေကိုတွေမှ လာခဲ့အတန်းတက်ကြောင်း လက်မှတ်တော့လာထိုးဦး ပြီးမှပြန်အိပ်ဆိုလို့ ကံကောင်းသွားတယ်။ နောက်များတော့ ဆိုက်ကားများ စမ်းနင်းကြည့်ပါဆိုရင်တောင် မနင်းရဲတော့တာပါပဲ။",,,,,,
<urn:uuid:fbcf14e3-30de-41ea-8cb2-63bbe9dba152>,"Al Bukhari (Available)
1: Revelation း ၀ဟီက်ေရာက္ျခင္း
2: Belief း အီမာန္ယံုၾကည္ျခင္း
3: Knowledge း ပညာရွာေဖြျခင္း
4: Ablutions း ၀ူဇူျပဳျခင္း
5: Bathing း ေရခ်ဳိးျခင္း
6: Menstruation း ရာသီလာျခင္း
7: Tayammum း သယမ္မြမ္
8: Prayers း ဆြလာသ္
9: Prayer Hall း ဂ်မာအသ္ေနရာ
10: Prayer Times း ဆြလာသ္အခ်ိန္
11: Call to Prayers း အာဇာန္
12: Character of Prayer း ဆြလာသ္ဂုဏ္အင္
13: Friday Prayer း ေသာံၾကာဆြလာသ္
14: Fear Prayer း ေၾကက္ရြံ႕ခ်ိန္ဆြလာသ္
္15: Two Festivals (Eids) း အိဒ္ေန႔မ်ား
16: Witr Prayer း ၀ိသိရ္ ဆြလာသ္
17: Prayer for Rain း မိုးေခၚ ဆြလာသ္
18: Eclipses း ေနၾကတ္ျခင္း
19: Prostration/Quran း စိဂ်္ဒဟ္သိလာ၀သ္
20: Prayer/Shorting း ဆြလာသ္ ကဆြရ္
21: Prayer/Tahajjud း ဆြလာသ္ သဟဂ်္ဂၽြဒ္
22: Prayer/Action း ဆြလာသ္/လုပ္ရပ္
23: Funerals း အသုဘ/ စ်ာပန
24: Zakat း ဇကာသ္
25: Fitrah း ဖိသ္ရာ
26: Hajj း ဟဂ်္ျပဳျခင္း
27: Umrah း အုမ္ရဟ္ျပဳျခင္း
28: Halting from Haj း ဟဂ်္မွတားျမစ္ခံရျခင္း
29: Hunting း အမဲလုိက္ျခင္း
30: Virtue of Madina း မဒီနာ၏ျမင့္ျမတ္ျခင္း
31: Fasting း ဥပုတ္ေစာင့္ျခင္း
32: Taraweeh း သရာ၀ိဟ္နမာဇ္
33: Itikaf း အိသိကာဖ္
34: Sale/Trade း ေရာင္း၀ယ္ျခင္း
35: Prepayment း ေငြႀကိဳေပးျခင္း
36: Hiring း တာ၀န္ေပးအပ္ျခင္း
37: Transference း ေခ်းေငြလႊဲေျပာင္းျခင္း
38: Representation း ကိုယ္စားလွယ္
39: Agriculture း စိုက္ပ်ဳိးေရး
္40: Water Distribution း ေရျဖန္႔ေ၀ျခင္း
41: Loan း ေခ်းငွားျခင္း
42: Lost Things း ေပ်ာက္ဆံုးပစၥည္း
43: Oppression း ဖိႏွိပ္ခ်ဳပ္ခ်ယ္ျခင္း
44: Partnership း အစုစပ္လုပ္ငန္း
45: Mortgage း ေပါင္ႏွံျခင္း
46: Manumission း လြတ္လပ္ေစျခင္း
47: Gift း လက္ေဆာင္
48: Witness း သက္ေသ
49: Peacemaking း ၿငိမ္းခ်မ္းေရး
50: Condition း အေျခအေနအမ်ဳိးမ်ဳိး
51: Testaments း ေသတမ္းစာ
52: Jihaad း ဂ်ီဟာဒ္တုိက္ပြဲ
53: Booty း တိုက္ပြဲရပစၥည္း ((၅ပံုတစ္ပံု)
54: Begining of Creation း ဖန္ဆင္းျခင္းအစ
55: Prophets း တမန္ေတာ္မ်ား
56: Mirits of Prophets း တမန္ေတာ္၏ တန္ဖိုး
57: Companions း ဆြဟာဗာမ်ား
58: Mirits of Ansar း အန္ဆြာရ္တို႔၏တန္ဖိုး
59: Military Expedition(a) း တုိက္ပြဲမ်ား(က)
59: Military Expedition(b) း တုိက္ပြဲမ်ား(ခ)
59: Military Expedition(c) း တုိက္ပြဲမ်ား(ဂ)
59: Military Expedition(d) း တုိက္ပြဲမ်ား(ဃ)
60: Tafseer (a) း ကုရ္အာန္အက်ယ္(က)
60: Tafseer (a) း ကုရ္အာန္အက်ယ္(ခ)
60: Tafseer (b) း ကုရ္အာန္အက်ယ္(ဂ)
60: Tafseer (c) း ကုရ္အာန္အက်ယ္(ဃ)
60: Tafseer (d) း ကုရ္အာန္အက်ယ္(ဃ)
61: Virtues of Quran း ကုရ္အာန္တန္ဖိုး
62: Marriage း ေနကာဟ္
63: Divorce း ျပတ္စဲျခင္း
64: Family း မိသားစု
65: Meal း ေကၽြးေမြးျခင္း
66: Aquiqa း အကီကာ
67: Hunting း အမဲလိုက္ျခင္း
68: Adhah း သားေကာင္
69: Drinks း အရက္
70: Patient း သီးခံျခင္း
71: Medicine း ေဆး၀ါး
72: Dress း အ၀တ္အထည္
73: Good Manner း စရုိက္ေကာင္း
74: Permission း ခြင့္ေတာင္းျခင္း
75: Invocation း ရွိဖါအသ္ေတာင္းခံျခင္း
76: Arriqaq း ႏွလံုးသားႏုညံ့ေစျခင္း
77: Al Qadar း အရွင့္အဆံုးအျဖတ္
78: Oath/Vows း ဂတိ၊ကုိးျခင္း
79: Expiation း ကုိးျခင္းကုိေျပေစရန္
80: Inheritance း အေမြ
81: Hudud(1) း အျပစ္ေပးျခင္း(၁)
82: Hudud (2) း အျပစ္ေပးျခင္း (၂)
83: Ad Diat း အျပစ္ေႀကြးေငြေပးျခင္း
84: Apostates း မုရ္သဒ္မ်ား
85: Ikraah း မႏွစ္ၿမိဳ႕မႈ
86: Trick း လွည့္ဖ်ားမႈ
87: Dream း အိမ္မက္
88: Affliction း ၿပႆနာ
89: Judgment း တရားဆံုးျဖတ္ခ်က္မ်ား
90: Wishes း ဆႏၵမ်ား
91: Information း သတင္း
92: Quran/Sunnah း ကုရ္အာန္ႏွင့္ဟဒီးဆ္
93: Tauhid း အလႅာစ္တစ္ပါးတည္းသာ
A l Muslim
Al Ibni Maja
Al Abu Dawood
Al Nasai
At Tirmizi
Al Mutawwa
Sharia Law Abu Hanifah",,,,,,
<urn:uuid:65326a9a-68db-404d-9a68-746ce46ff7a3>,"ပလက်ဝစစ်ဘေးရှောင်ရန်ပုံငွေအတွက် ချင်းတစ်မျိုးသားလုံးစည်းလုံးညီညွှတ်ရေးကိုဦးတည်ပြီး ချင်းဘာသာစကား (၇)မျိုးနဲ့ ချင်းအဆိုတော် (၁၈)ယောက် ပါဝင်သီဆိုထားတဲ့ Chin United Album ကို လာမယ့် ဖေဖော်ဝါရီလ (၂၀)ရက်တွင် အွန်လိုင်းကနေတဆင့် စတင်ရောင်းချတော့မယ်လို့သတင်းရရှိပါတယ်။
ယင်းသတင်းစာရှင်းလင်းပွဲကို ကလေးမြို့ Turiyar ဂီတာအရောင်းဆိုင်တွင် ဒီနေ့ (၁၂)နာရီခွဲတွင်ပြုလုပ်ပြီး စီစဉ်သူများကိုယ်စား ကို JK Gin Pi၊ အဆိုတော်များကိုယ်စား Lalnunsanga, အတီးသမားများကိုယ်စား Tony Mung Pi တို့တက်ရောက်ကြပါတယ်။
ယင်းအယ်ဘမ်တွင် ဇိုမီး၊ မီးဇို၊ ဖလမ်း၊ ဟားခါး၊ ပလက်ဝ၊ မတူပီ၊ မင်းတပ်၊ မြန်မာ ဘာသာစကားတွေနဲ့ သီဆိုကြတာဖြစ်ပြီး လူငယ်တွေအကြိုက်ဖန်တီးထားကြပါတယ်။
Chin United Album ကို JK Entartainment ကစီစဉ်ထားပြီး အွန်လိုင်းမှာတော့ iTunews, Spotify, Joox, amazonmusic မှာဝယ်ယူနိုင်ပြီး JK entertainment Youtube မှာနားဆင်နိုင်ပါတယ်။
Chin United Album စီစဉ်သူ JK Entartainment က ကို JK Gin Pi က “ပထမတော့ ရှိုးပွဲလုပ်မလို့ ဒါပေမယ့် ကိုဗစ်ဖြစ်လာတော့ အယ်ဘမ်နဲ့ထုတ်ဖြစ်သွားတယ်။ ချင်းဘာသာစကား (၇)မျိုးနဲ့သီချင်းလုပ်တာက ကျနော်တို့အားလုံးက ညီအစ်ကိုတွေပဲ ပေါင်းပေါင်းစည်းစည်းနေကြရအောင် ဆိုတဲ့ ရည်ရွယ်ချက်နဲ့လုပ်တာ။ သီချင်းတွေအားလုံးက ကိုယ်ပိုင်သီချင်းအသစ်တွေကြီးပဲ။ သီချင်းထွက်လာတဲ့ချိန်မှာလည်း ကော်ပီလုပ်ပြီးမတင်ပေးဖို့၊ ကြိုက်တယ်ဆိုရင် မူရင်းသီချင်းလင့်ကိုပဲ ရှယ်လုပ်ပေးစေချင်တယ်။ တတ်နိုင်သလောက်လည်း ဝယ်ယူအားပေးစေချင်တယ်။ စစ်ဘေးရှောင်တွေသွားလှူဖို့က သီချင်းထွက်ပြီး (၆)လလောက်စောင့်မယ်ပြီးတော့ ရလာတဲ့အကျိုးအမြတ်တွေကို အကုန်လုံးသွားလှူမယ်” လို့ပြောပါတယ်။
ယင်းအယ်ဘမ်ထဲတွင် သီချင်း (၁၃)ပုဒ်ရှိပြီး မြန်မာသီချင်းတစ်ပုဒ်ပါဝင်မှာဖြစ်ပါတယ်။
(Zawgyi)
ခ်င္းအဆိုေတာ္ (၁၈)ဦးသီဆိုထားတဲ့ Chin United Album ကို ပလက္ဝစစ္ေဘးေရွာင္ရန္ပုံေငြအတြက္ အြန္လိုင္းကေနေရာင္းခ်မယ္
ပလက္ဝစစ္ေဘးေရွာင္ရန္ပုံေငြအတြက္ ခ်င္းတစ္မ်ိဳးသားလုံးစည္းလုံးညီၫႊတ္ေရးကိုဦးတည္ၿပီး ခ်င္းဘာသာစကား (၇)မ်ိဳးနဲ႔ ခ်င္းအဆိုေတာ္ (၁၈)ေယာက္ ပါဝင္သီဆိုထားတဲ့ Chin United Album ကို လာမယ့္ ေဖေဖာ္ဝါရီလ (၂၀)ရက္တြင္ အြန္လိုင္းကေနတဆင့္ စတင္ေရာင္းခ်ေတာ့မယ္လို႔သတင္းရရွိပါတယ္။
ယင္းသတင္းစာရွင္းလင္းပြဲကို ကေလးၿမိဳ႕ Turiyar ဂီတာအေရာင္းဆိုင္တြင္ ဒီေန႔ (၁၂)နာရီခြဲတြင္ျပဳလုပ္ၿပီး စီစဥ္သူမ်ားကိုယ္စား ကို JK Gin Pi၊ အဆိုေတာ္မ်ားကိုယ္စား Lalnunsanga, အတီးသမားမ်ားကိုယ္စား Tony Mung Pi တို႔တက္ေရာက္ၾကပါတယ္။
ယင္းအယ္ဘမ္တြင္ ဇိုမီး၊ မီးဇို၊ ဖလမ္း၊ ဟားခါး၊ ပလက္ဝ၊ မတူပီ၊ မင္းတပ္၊ ျမန္မာ ဘာသာစကားေတြနဲ႔ သီဆိုၾကတာျဖစ္ၿပီး လူငယ္ေတြအႀကိဳက္ဖန္တီးထားၾကပါတယ္။
Chin United Album ကို JK Entartainment ကစီစဥ္ထားၿပီး အြန္လိုင္းမွာေတာ့ iTunews, Spotify, Joox, amazonmusic မွာဝယ္ယူႏိုင္ၿပီး JK entertainment Youtube မွာနားဆင္ႏိုင္ပါတယ္။
Chin United Album စီစဥ္သူ JK Entartainment က ကို JK Gin Pi က “ပထမေတာ့ ရႈိးပြဲလုပ္မလို႔ ဒါေပမယ့္ ကိုဗစ္ျဖစ္လာေတာ့ အယ္ဘမ္နဲ႔ထုတ္ျဖစ္သြားတယ္။ ခ်င္းဘာသာစကား (၇)မ်ိဳးနဲ႔သီခ်င္းလုပ္တာက က်ေနာ္တို႔အားလုံးက ညီအစ္ကိုေတြပဲ ေပါင္းေပါင္းစည္းစည္းေနၾကရေအာင္ ဆိုတဲ့ ရည္႐ြယ္ခ်က္နဲ႔လုပ္တာ။ သီခ်င္းေတြအားလုံးက ကိုယ္ပိုင္သီခ်င္းအသစ္ေတြႀကီးပဲ။ သီခ်င္းထြက္လာတဲ့ခ်ိန္မွာလည္း ေကာ္ပီလုပ္ၿပီးမတင္ေပးဖို႔၊ ႀကိဳက္တယ္ဆိုရင္ မူရင္းသီခ်င္းလင့္ကိုပဲ ရွယ္လုပ္ေပးေစခ်င္တယ္။ တတ္ႏိုင္သေလာက္လည္း ဝယ္ယူအားေပးေစခ်င္တယ္။ စစ္ေဘးေရွာင္ေတြသြားလႉဖို႔က သီခ်င္းထြက္ၿပီး (၆)လေလာက္ေစာင့္မယ္ၿပီးေတာ့ ရလာတဲ့အက်ိဳးအျမတ္ေတြကို အကုန္လုံးသြားလႉမယ္” လို႔ေျပာပါတယ္။
ယင္းအယ္ဘမ္ထဲတြင္ သီခ်င္း (၁၃)ပုဒ္ရွိၿပီး ျမန္မာသီခ်င္းတစ္ပုဒ္ပါဝင္မွာျဖစ္ပါတယ္။",,,,,,
<urn:uuid:b9293483-8065-4638-9982-88d56f15b348>,"ကယားပြည်နယ်က လူနေထူထပ်ပြီး ရွေ့ပြောင်းလုပ်သားအများစုနေထိုင်တဲ့ ဖားဆောင်းမြို့နယ် မော်ချီး (လိုခါးလို) ဒေသမှာ ကိုဗစ်-၁၉ ရောဂါ ဖြစ်ပွားမှု မြင့်တက်နေတဲ့အတွက် မိမိနေအိမ်တွင်နေထိုင်ရန် (Stay at Home) အဖြစ် သတ်မှတ်ကြေညာလိုက်ပါတယ်။
ဖားဆောင်းမြို့နယ် မော်ချီး(လိုခါးလို) ဒေသမှာ ဇူလိုင် ၂၂ ရက်မှ ဩဂုတ် ၂ ရက်နေ့ အထိ ကိုဗစ်-၁၉ ပိုးတွေ့လူနာ ၁၁၇ ဦးရှိပြီး ပိုးကူးစက်နှုန်းမြင့်တက်နေလို့ အိမ်တွင်းမှာနေထိုင်ဖို့ သတ်မှတ်ကြေညာကြောင်း ကယားပြည်နယ် ပြည်သူ့ကျန်းမာရေးဦးစီးဌာနက ဩဂုတ်လ ၃ ရက်နေ့မှာ ထုတ်ပြန်ကြောလိုက်တာပါ။
နေအိမ်တွင်းနေထိုင်ရေး (Stay at Home) အစီအစဉ်မှာ အကျုံးဝင်တဲ့ပြည်သူတွေအနေနဲ့ မိမိနေအိမ်တွင်သာနေထိုင်ဖို့၊ မဖြစ်မနေ ဈေးဝယ်ဖို့ တအိမ်လျှင် တဦးသာသွားဖို့၊ ဆေးရုံ ဆေးခန်းသွားရောက်ဖို့ရှိပါက တအိမ်လျှင် နှစ်ဦးသာ သွားဖို့၊ နေအိမ်အပြင်သွားလာလျှင် mask တပ်ဖို့၊ ရပ်ကွက်ကျေးရွာအတွင်း ဈေးဝယ်ဖို့အတွက် ယာဉ်မောင်းအပြင် ယာဉ်ပေါ်မှာ တစ်ဦး၊ ဆေးရုံ/ဆေးခန်းသွားရောက်တဲ့အခါ ယာဉ်မောင်းအပြင် ယာဉ်ပေါ်တွင် နှစ်ဦးသာ သွားရောက်ဖို့ စတဲ့ စည်းကမ်းချက်တွေ သတ်မှတ်ထားပါတယ်။
ဒီထုတ်ပြန်ချက်အမိန့်စာကို ဩဂုတ် ၃ ရက်နေ့ ညနေ ၆ နာရီအချိန်ကစပြီး စတင်တင်သက်ရောက်ကြောင်းလည်း ထုတ်ပြန်ထားပါတယ်။
ကယားပြည်နယ်မှာ ဇွန်လ ၂၉ ရက်မှ ဩဂုတ် ၃ ရက်နေ့အထိ ကိုဗစ်-၁၉ ပိုးတွေ့လူနာ ၆၈၄ ဦး ရှိပြီး ၃၀ ဦး သေဆုံးသွားကြောင်း ပြည်နယ်ကျန်းမာရေးဌာနရဲ့ ထုတ်ပြန်ချက်အရ သိရပါတယ်။
ဖားဆောင်းမြိုနယ် အတွင်း ပိုးတွေ့လူနာ အယောက် ၁၂၀ ရှိပြီး ဒီအထဲက ဖားဆောင်းမြို့နယ်ဆေးရုံမှာ ၇ ဦး၊ လိုခါးလို တိုက်နယ်ဆေးရုံမှာ ၈ ဦးနဲ့ လိုခါးလို အ.ထ.က positive Medical Centre မှာ ၁၀၅ ဦး ထားရှိ ကုသပေးနေကြောင်းလည်း ထုတ်ပြန်ထားပါတယ်။",,,,,,
<urn:uuid:b6e5006d-1fd4-4067-825c-739199d99da8>,"မျက်လုံးနက် ဂယ်လက်ဆီ
|မျက်လုံးနက် ဂယ်လက်ဆီ (M64)|
|လေ့လာရေးဒေတာ|
Epoch J2000
|ကြယ်စုတန်း||Coma Berenices[၂]|
|ညာဘက်တိမ်းစောင်းမှု||12° 56′ 43.7″[၃]|
|နိမ့်ဆင်းမှု||+21° 40′ 58″[၃]|
|ထောင့်ဖြတ် အချင်း(V)||10.71 × 5.128 moa[၄]|
|ပကတိအရွယ်အစား (V)||9.36[၃]|
|ဝိသေသ လက္ခဏာများ|
|ဂလက်ဆီ အမျိုးအစား||(R)SA(rs)ab, Seyfert galaxy|
|နက္ခတ္တဗေဒ|
|ရေဒီယယ် အလျင်||408 ± 4[၃]km/s|
|အနီရောင်အရွေ့||0.001361 ± 0.000013[၃]|
|ဂလက်ဆီဗဟိုပြုအလျင်||400 ± 4 km/s|
|ကော့စမစ်လှေကားအကွာအဝေး||၂၄ ± ၇ Mly (၇.၃၆ ± ၂.၁၅ Mpc)|
|အခြား နာမည်များ|
|ရည်ညွန်းဒေတာ|
|SIMBAD||Search M64 data
|
|အခြားကြည့်ရန်: ဂယ်လက်ဆီ၊ ဂယ်လက်ဆီစာရင်း|
မျက်လုံးနက် ဂယ်လက်ဆီ (Messier 64၊ NGC 4826 ဟုလည်းသိထား) သည် အတ်ဝတ် ပင်ဂေါ့ဆိုသူမှ ၁၇၉၉ ခုနှစ် မတ်လတွင် ရှာဖွေတွေ့ရှိခဲ့သည်။ ယင်းနှစ်တွင်ပင် မမျော်လင့်ဘဲ ဂျိုနန် အီလက်ဘိုးဆိုသူမှ ဧပြီလတွင်လည်းကောင်း ချားလ် မာဆီးယားမှ ၁၇၈ဝ ခုနှစ်တွင်လည်းကောင်း တွေ့ရှိခဲ့သည်။ ယင်းဂယ်လက်ဆီသည် အလယ်ဗဟိုတွင် စုပ်ယူလျက်ရှိသော တောက်ပသည့် အလင်းဖုန်မှုန်များ တည်ရှိသောကြောင့် နာမည်ပြောင် မျက်လုံးနက်ဟု မှည့်ခေါ်ခြင်းဖြစ်သည်။ ယင်းသည် သေးငယ်သော တယ်လီစကုပ်များဖြင့် မြင်နိုင်သောကြောင့် ဝါရင့်နက္ခတ္တပညာရှင်များထဲတွင် လူသိများသည်။ မျက်လုံးနက် ဂယ်လက်ဆီသည် ခရုပတ်ပုံစံ ဂယ်လက်ဆီဖြစ်ပြီး Coma Berenices ကြယ်စုတန်းထဲတွင် တည်ရှိသည်။
ဂုဏ်သတ္တိ[ပြင်ဆင်ရန်]
Messier 64 ၏ ကြယ်တာရာကြားခံနယ်သည် လည်ပတ်နေသော အချပ်ပြားနှစ်ခုဖြင့် တည်ရှိသည်။ အတွင်းဘက်အချပ်ပြားတွင် ဂယ်လက်ဆီ ဖုန်မှုန်လမ်းကြားပါဝင်သည်။[၅]
ကိုးကား[ပြင်ဆင်ရန်]
- J. L. Tonyr (2001). ""The SBF Survey of Galaxy Distances. IV. SBF Magnitudes, Colors, and Distances"". Astrophysical Journal 546 (2): 681–693. doi:10.1086/318301. Bibcode: 2001ApJ...546..681T.
- (1988) in R. W. Sinnott: The Complete New General Catalogue and Index Catalogue of Nebulae and Star Clusters by J. L. E. Dreyer. Sky Publishing Corporation/Cambridge University Press. ISBN 0-933346-51-4။
- NASA/IPAC Extragalactic Database။ Results for NGC 4826။ 2006-11-06 တွင် ပြန်စစ်ပြီး။
- Object query : M64။ SIMBAD။ Centre de Données astronomiques de Strasbourg။ 2008-07-09 တွင် ပြန်စစ်ပြီး။
- R. Brawn (1992). ""Counter-rotating gaseous disks in the ""Evil Eye"" galaxy NGC4826"". Nature (journal) 360. doi:10.1038/360442a0. Bibcode: 1992Natur.360..442B.",,,,,,
<urn:uuid:a1a2b66f-5a12-450c-9a00-c45fd8681683>,"We use cookies on our website to give you the most relevant experience by remembering your preferences and repeat visits. By clicking “Accept”, you consent to the use of ALL the cookies. However you may visit Cookie Settings to provide a controlled consent.
ဝက်ဘ်ဆိုက်၏လုပ်ဆောင်မှုအတွက်အထူးမလိုအပ်သည့်၊ ခွဲခြမ်းစိတ်ဖြာမှု၊ ကြော်ငြာ၊ အခြား embedded ပါဝင်သည့်အကြောင်းအရာများမှတစ်ဆင့်အသုံးပြုသူ၏ကိုယ်ရေးကိုယ်တာအချက်အလက်များကိုစုဆောင်းရန်အထူးအသုံးပြုသော cookies များကိုမလိုအပ်သော cookies များဟုခေါ်သည်။ သင်၏ဝက်ဘ်ဆိုက်ပေါ်တွင်ဤ cookies များကိုမသုံးမီအသုံးပြုသူ၏ခွင့်ပြုချက်ကိုရယူရန်မဖြစ်မနေလိုအပ်သည်။",,,,,,
<urn:uuid:23920b3a-341e-47b2-8436-c12216c00bbf>,"ၨ(၁)
ဒီေန႕ရက္ေတြမွာ ဂဂၤါနဲ႕ ေနရဥၹရာပူးေပါင္း စီးဆင္းခဲ့ေလရဲ႕၊ ဒီဇင္ဘာ၂၄ ရက္ ေန႕လည္ ၁၂း၂၀ နာရီခန္႔မွာ ဂဂၤါျမစ္ကမ္းပါးမွာ ရွိတဲ့ ဗာရာဏသီၿမိဳ႕က တကၠသိုလ္ေက်ာင္းေတာ္သားရဟန္းေတာ္ေတြဟာ ေနရဥၹရာျမစ္ကမ္းပါးမွာ ေမွးထားတဲ့ ဗုဒၶဂယာဆီ စင္းလံုးငွါးကားတစ္စီးနဲ႕ ထြက္ခဲ့ၾကတာပါ။ သူတို႕လိုပါပဲ အိႏၵိယတစ္ႏိုင္ငံလံုးမွာ ရွိေနၾကတဲ့ တကၠသုိလ္ေက်ာင္းေတာ္သားရဟန္းေတြလည္း ရထားတစ္တန္ ကားတစ္တန္နဲ႕ ဗုဒၶဂယာေျမျမတ္ဆီ ခ်ီတက္လာေနၾကပါၿပီ။ ဘုံေဘ၊ပူေနး၊ ေဒလီ၊ ပန္ဂ်ပ္၊ ကိုလ္ကတၱား၊ ဟိုက္ဒရာဘတ္၊ ဂ်မူး ကက္ရွမီးယား ဗာရာဏသီ အိႏၵိယႏိုင္ငံနယ္ပယ္အသီးသီးက တကၠသိုလ္ၾကိး (၁၃) ခုမွာ ျမန္မာရဟန္းေတာ္ေတြ တက္ေရာက္ပညာသင္ၾကားေနၾကေလရဲ႕။ ေရႊျပည္ၾကီးကေတာ့ နာလႏၵာတကၠသိုလ္တစ္ခုတည္းကိုပဲ ရင္းႏွီးၾကတာပါ။
အိႏၵိယႏိုင္ငံလံုးဆိုင္ရာပညာသင္ျမန္မာရဟန္းေတာ္မ်ားသာယာဖြ႔ံၿဖိဳးေရးအဖြဲ႕ၾကီးရဲ႕ ဒသမႏွစ္ပတ္လည္အစည္းအေ၀းၾကီးကို မ်က္ႏွာစံုညီ က်င္းပၾကေတာ့မွာပါ။
(၂)
အညာဆန္တဲ့ ရႈေမွ်ာ္ခင္းေတြကို တရိပ္ရိပ္ေနာက္ခ်န္ထားရစ္ခဲ့တဲ့ သူတို႕ရဲ႕ ကားၾကီးဟာ ညေနအေမွာင္ပ်ိဳးခ်ိန္မွာ ဂယာေဆာင္းကို သိမ့္ကနဲေအးစိမ့္သြားေအာင္ ၀င္တိုးမိသြားပါေတာ့တယ္။ ေအာ္ၾက ဟစ္ၾက ႏႈတ္ဆက္ၾက။ ေရေျမျခားမွာ ပညာသင္ေနၾကတဲ့ ရဟန္းေတာ္ေတြ မ်က္ႏွာစိမ္းမ်က္ႏွာက်က္လာစံုၾကေတာ့တာပါ။ စိမ္းေနရင္ မိတ္ဆက္ၾက၊ ရင္းေနရင္လည္း ႏႈတ္ဆက္ၾက။
ဂယာေဆာင္းက ေအးေပမယ့္ သူ႕ရင္ဘတ္ၾကီးကေတာ့ ေႏြးသြားပါတယ္။
အဖြဲ႕၀င္ရဟန္းေတာ္ေတြက အသစ္အေဟာင္း အပါး(၃၀၀) ေက်ာ္သြားပါၿပီ။ အေၾကာင္းအမ်ိဳးမ်ိဳးေၾကာင့္ ရဟန္းေတာ္အခ်ိဳ႕ မတက္ေရာက္ႏိုင္ေပမယ့္ ဒီမွာ လာစံုၾကတာက အပါး (၂၀၀)ခန္႕ရွိပါတယ္။
ႏုိင္ငံတကာေစတနာရွင္ေတြရဲ႕ သဒၶါတရားထုထည္နဲ႕ တည္ေဆာက္ထားတဲ့ အဖြဲ႕ပိုင္သံုးထပ္ေက်ာင္းေဆာင္ၾကီးကလည္း က်ယ္က်ယ္၀န္း၀န္း ျမင့္ျမင့္မားမားရွိတာမို႕ ကိုယ့္အိမ္ကိုယ့္ယာ ကိုယ့္ေက်ာင္းကိုယ့္ကန္ဆိုတဲ့ အရသာကို ခံစားႏိုင္ေတာ့တာပါ။ ညေရးညတာ အိပ္စက္ေပ်ာ္ခဲ့ပါေတာ့တယ္။",,,,,,
<urn:uuid:12c91a81-c70e-4b16-9f4f-668a53188b5b>,"coq au vin
ဝစ်ရှင်နရီ မှ
အညွှန်းသို့ ခုန်ကူးရန်
ရှာဖွေရန် ခုန်ကူးမည်
ပြင်သစ်
[
ပြင်ဆင်ရန်
]
Pronunciation
[
ပြင်ဆင်ရန်
]
IPA
(
key
)
:
/ko.k‿o vɛ̃/
Noun
[
ပြင်ဆင်ရန်
]
coq
au
vin
m
(
အများကိန်း
coqs au vin
)
ဝက်ပေါင်ခြောက်အပြားများ၊ မှို နှင့် ဝိုင်ကိုသုံးစွဲ၍ အိုးအလုံပိတ်ဖြင့်ချက်သော ကြက်သားဟင်း။
""
https://my.wiktionary.org/w/index.php?title=coq_au_vin&oldid=845637
"" မှ ရယူရန်
ကဏ္ဍများ
:
ပြင်သစ် 3-syllable words
IPA အသံထွက် ပါဝင်သော ပြင်သစ် ဝေါဟာရများ
ပြင်သစ် တည်ပုဒ်များ
ပြင်သစ် နာမ်များ
ပြင်သစ် ပုလ္လိင် နာမ်များ
ပြင်သစ် ရေတွက်ရ နာမ်များ
French nouns with red links in their headword lines
ပြင်သစ် masculine နာမ်များ
ဝှက်ထားသော ကဏ္ဍ:
head tracking/no lang category
လမ်းညွှန်မီနူး
ကိုယ်ပိုင် ကိရိယာများ
အကောင့် မဝင်ထားပါ
ဆွေးနွေးရန်
ဆောင်ရွက်ချက်များ
အကောင့် ဖန်တီးရန်
အကောင့်ဝင်ရန်
အမည်ညွှန်းများ
စာမျက်နှာ
ဆွေးနွေးချက်
မြန်မာဘာသာ
အမြင်ပုံစံများ
ဖတ်ရန်
ပြင်ဆင်ရန်
ရာဇဝင်ကြည့်ရန်
ပို၍
ရှာဖွေရန်
အညွှန်း
ဗဟိုစာမျက်နှာ
ပေါင်းကူးနေရာ
လက်ရှိဖြစ်ရပ်များ
လတ်တလော အပြောင်းအလဲများ
ကျပန်းစာမျက်နှာ
အကူအညီ
လှူဒါန်းမှု
ကိရိယာများ
ဘယ်ကလင့်ခ်ထားလဲ
ဆက်စပ်သော အပြောင်းအလဲများ
ဖိုင်တင်ရန်
အထူး စာမျက်နှာများ
ပုံသေလိပ်စာ
စာမျက်နှာ အချက်အလက်များ
ဤစာမျက်နှာကို ကိုးကားပြုရန်
ပရင့်/ပို့လွှတ်
စာအုပ်တစ်အုပ် ဖန်တီးရန်
PDF အနေဖြင့် ရယူရန်
ပရင့်ထုတ်နိုင်သော ဗားရှင်း
အခြား ဘာသာစကားများဖြင့်
English
Eesti
Français
한국어",,,,,,
<urn:uuid:962f07b2-b3dd-4d7e-b423-7d40f6c6da30>,"ယနေ့နံနက် (၆)နာရီခွဲ အချိန်ခန့်က စစ်ကိုင်းတိုင်း၊ ဝက်လက်မြို့နယ် ဘင်တဲကုန်းကျေးရွာရှိ စစ်တပ်သတင်းပေးတစ်ဦး နေအိမ်၌ရှိနေစဉ် သေနတ်ပစ်ခံရပြီး သေဆုံးသွားကြောင်း သတင်းရရှိသည်။
အပစ်ခံရသူမှာ ဘင်တဲကုန်းကျေးရွာမှ ဦးအုန်းမြင့်(ခ) ဘအုန်းဆိုသူဖြစ်ပြီး ကျေးရွာတွင် သတင်းပေးမှုအလုပ်ဆုံး၊ အကြီးဆုံး ဒလန်တစ်ဦးဖြစ်သည်ဟု ဒေသခံများက ဆိုသည်။
” သူ့နေအိမ်မှာပဲ သေနတ်နဲ့ သုံးချက်ပစ်တာလို့ သိရတယ်။ နှလုံးနားပစ်တာဆိုတော့ ပွဲချင်းပြီး သေတယ် ” ဟု ဒေသခံတစ်ဦးက ပြောသည်။
ဦးအုန်းမြင့်၏ နေအိမ်အတွင်း ၀င်ရောက်ကာ သေနတ်ဖြင့် သုံးချက် ပစ်ခဲ့ခြင်းဖြစ်ကြောင်း ၀က်လက်အခြေစိုက် ဖောင်းဒိုင်း အဖွဲ့က ထုတ်ပြန်သည်။
ပြီးခဲ့သည့် နိုဝင်ဘာလ (၁၆) ရက်နေ့ကလည်း သစ်ဆိမ့်ကျေးရွာသို့ စစ်အုပ်စု တပ်ဆွဲစဉ်က အကြံပေး၊ လမ်းပြလုပ် ခဲ့သော ရေဂမိုးကျေးရွာမှ စစ်ထောက်လှမ်းရေး ထွန်းဦးအား နှမ်းရိတ်နေသော ယာကွင်းထဲထိသွားရောက်ပြီး ရှင်းလင်းသုတ်သင်ကြောင်းလည်း ဖောင်းဒိုင်းအဖွဲ့က ထုတ်ပြန်ထားသည်။
ပုံစာ၊ သေနတ်ပစ်ခံရပြီး သေဆုံးသူ ဦးအုန်းမြင့်/ ဓာတ်ပုံ – ပေးပို့",,,,,,
<urn:uuid:483ddf83-2ed9-4d4b-88db-9ea20e160016>,"လီယွန်းမြို့
လီယွန်း (ပြင်သစ်: Lyon) မြို့သည် ပြင်သစ်နိုင်ငံ ၏ တတိယမြို့ကြီး ဖြစ်သည်။ ပါရီမြို့ ၏ တောင်ဘက် မိုင် ၂၅ဝ ခန့်အကွာ ရုန်းမြစ်နှင့် ဆဲ(န်း) မြစ်တို့ ပေါင်းဆုံသောနေရာတွင် တည်ရှိလေသည်။ အခိုင်အခံ့ ခံတပ် လုပ်ထားသော ခံတပ်မြို့လည်းဖြစ်၏။ လှပသော ရှေးဟောင်းဘုရားရှိခိုးကျောင်းနှင့် တက္ကသိုလ်ကျောင်းကြီးများလည်း ရှိသည်။ ဤမြို့ကို ခရစ်မပေါ်မီက ရောမလူမျိုးတို့က တည်ဆောက်ခဲ့ရာ ငါးရာစုနှစ်အတွင်းကမှ အတော်စည်ကားသော မြို့ဖြစ်လာ၍ ၁၃၁၂ ခုနှစ် တွင် ပြင်သစ်ပိုင် မြို့တစ်မြို့ဖြစ်လာသည်။ ဥရောပ အလယ်ခေတ်က အယူဝါဒ ဆိုင်ရာ ဆူပူမှုများ ဖြစ်ပွားခဲ့ဖူးရာ လီယွန်းမြို့မှာ အတော်ပျက်စီးသွားသော် လည်း နပိုလီယန် ဘုရင်က ပြင်ဆင်ဆောက်လုပ်ခဲ့သဖြင့် ပြင်သစ်နိုင်ငံတွင် ကြီးကျယ်စည်ကားသော မြို့တစ်မြို့ဖြစ်လာပြန်သည်။လိုင်ယွန်မြို့ကို ဒုတိယကမ္ဘာစစ်အတွင်း ၁၉၄ဝ ပြည့်နှစ်၊ဇွန်လ ၂ဝ ရက်နေ့တွင် ဂျာမန် စစ်တပ်များက သိမ်းပိုက်ခဲ့ကြသည်။ သို့သော် ၁၉၄၄ ခုနှစ်၊ စက်တင်ဘာလ ၃ ရက်နေ့တွင် အမေရိကန်တပ်များက ပြန်လည်၍ လွတ်လပ်စေခဲ့လေသည်။ လီယွန်းမြို့၏ လူဦးရေမှာ ၅၂၈၅၃၅(၁၉၆၂ ခုနှစ်) ယောက်ရှိ၍ အင်ဂျင်နီယာလုပ်ငန်း၊ စာပုံနှိပ်လုပ်ငန်း၊ ဆေးဆိုးခြင်းလုပ်ငန်း၊ ဓာတ်ဆေး အမျိုးမျိုး ချက်လုပ်သည့် လုပ်ငန်းများကို လုပ်ကိုင်ကြ၏။ ပိုးထည်များယက် လုပ်ခြင်း၌ လီယွန်းသည် ပြင်သစ်နိုင်ငံတွင် ထင်ရှားသောမြို့တစ်မြို့ဖြစ် လေသည်။[၁]
ကိုးကားပြင်ဆင်
- မြန်မာ့စွယ်စုံကျမ်း၊ အတွဲ(၁၂)",,,,,,
<urn:uuid:c53b8b29-c53d-49ab-a8ae-9bdba005c83d>,"ကြေညာချက်များ
- ၁၈၇၂ ခုနှစ်၊ ခရစ်ယာန်ထိမ်းမြားခြင်းဆိုင်ရာအက်ဥပဒေအရ ၂၀၂၁ ခုနှစ်၊ ဇန်နဝါရီလအထိ ထိမ်းမြားပေးနိုင်ခွင့်လိုင်စင်ရရှိသူများ Update စာရင်း ထုတ်ပြန်ခြင်း21 ဇန္နဝါရီလ 2021
- 31 ဒီဇင်ဘာလ 2020
- ၂၀၂၁ ခုနှစ်၊ ဇန်နဝါရီလအတွင်း ပြုလုပ်မည့် Video Conferencing စနစ်ဖြင့် တရားလွှတ်တော်ရှေ့နေ အသိအမှတ်ပြု လက်မှတ်ပေးအပ်ပွဲ တက်ရောက်ရန် ကြေညာချက်30 ဒီဇင်ဘာလ 2020
- ဥတ္တရခရိုင်တရားရုံး တည်ဆောက်ခြင်းလုပ်ငန်းနှင့် ဆက်စပ်လုပ်ငန်းများ တည်ဆောက်ခြင်းအတွက် တင်ဒါအောင်မြင်သည့် ကုမ္ပဏီအမည်စာရင်း ကြေညာခြင်းSuccessful Tender Announcement19 နိုဝင်ဘာလ 2020
- 11 နိုဝင်ဘာလ 2020
Photo
Gallery",,,,,,
<urn:uuid:f8dba895-c2bb-45bf-8677-bcf974bd8a4c>,"Skip to main content
Language :
မြန်မာ
လုပ်ငန်းညှိနှိုင်းအစည်းအဝေးကျင်းပ
ကြားဖြတ်လူဦးရေသန်းခေါင်စာရင်းကွင်းဆင်းကောက်ယူမှုအခြေအနေအားကြည့်ရှု့စစ်ဆေး
မြေငှားဂရန်လျှောက်ထားလာမှုအား ကွင်းဆင်းစစ်ဆေး
Search form
Search
You are here
Home
Error message
Notice
: Undefined variable: output in
theme_pdf_reader()
(line
189
of
/var/www/html/gad.gov.mm/sites/all/modules/contrib/pdf_reader/pdf_reader.module
).
၂၀၁၀ ပြည့်နှစ်၊ နိုင်ငံတော်သီချင်းဥပဒေနှင့်နည်းပဒေ
ဌာနမှ ကျင့်သုံးလျက်ရှိသော ဥပဒေ/နည်းဥပဒေများ
Click here to download the PDF file.",,,,,,
<urn:uuid:d61187c3-b1d8-4572-a637-d2678b92d026>,"Fumax Tech သည်မြန်ဆန်။ စိတ်ချရသောအီလက်ထရောနစ်ကန်ထရိုက်ထုတ်လုပ်မှု (EMS) ဝန်ဆောင်မှုများကိုထောက်ပံ့ပေးသည်။ ကျွန်ုပ်တို့၏အီလက်ထရောနစ်အင်ဂျင်နီယာဒီဇိုင်း၊ PCB အပြင်အဆင်အင်ဂျင်နီယာ၊ ရှင်းလင်းသောပျဉ်ပြားများ PCB ထုတ်လုပ်ခြင်း၊ အစိတ်အပိုင်းများရှာဖွေခြင်း၊ အစိတ်အပိုင်းများဝယ်ယူခြင်းနှင့်နောက်ဆုံး PCB တပ်ဆင်ခြင်းမှအစကျွန်ုပ်တို့၏အလှည့်ကျဝန်ဆောင်မှုများကိုအပြည့်အဝဖုံးအုပ်ထားသည်။
အချိန်နှင့်တပြေးညီဆက်သွယ်ရေးနှင့်ချောမွေ့စွာဆက်သွယ်နိုင်မှုတို့ကိုစိတ်ကြိုက်ထုတ်ကုန်အစီအစဉ်များ၊ စုဆောင်းငွေများ၊
ပုံမှန် PCB ပရိသဖြစ်စဉ်ကိုအောက်တွင်ဖော်ပြထားသောဖြစ်ကြသည်။
• IQC
•အလိုအလျောက်ဂဟေဆက်ပုံနှိပ်ခြင်း
• SPI
• SMT
•ပြန်လည်စီးဆင်းမှုဂဟေ
• AOI
• X-RAY (BGA အတွက်)
• ICT စမ်းသပ်ခြင်း
•အပေါက်မှတဆင့် DIP
• Wave ဂဟေ
•ဘုတ်အဖွဲ့သန့်ရှင်းရေး
• Firmware Programming
• Function Testing
•အပေါ်ယံပိုင်း (လိုအပ်ပါက)
•အထုပ်
ကျွန်ုပ်တို့၏ PCB တပ်ဆင်နိုင်စွမ်းကိုအောက်တွင်ပြထားသည်။
|ထောက်ပံ့နိုင်စွမ်း|
|Assembly အမျိုးအစားများ||SMT (Surface-Mount နည်းပညာ)|
|THD (Thru-Hole စက်ပစ္စည်း)|
|SMT & THD ရောစပ်ခဲ့သည်|
|နှစ်ဆတဖက်သတ် SMT နှင့် THD စည်းဝေးပွဲကို|
|SMT စွမ်းရည်||PCB အလွှာ: 1-32 အလွှာ;|
|PCB ပစ္စည်း: FR-4, CEM-1, CEM-3, High TG, FR4 Halogen Free, FR-1, FR-2, Aluminum Boards;|
|ဘုတ်အမျိုးအစား: တင်းကျပ်စွာ FR-4, Rigid-Flex ပျဉ်ပြား|
|PCB အထူ: 0.2mm-7.0mm;|
|PCB အတိုင်းအတာအကျယ်: 40-500mm;|
|ကြေးနီအထူ: Min: 0.5oz; အများဆုံး: 4.0oz;|
|chip တိကျမှန်ကန်မှု: လေဆာအသိအမှတ်ပြုမှု± 0.05mm; ပုံရိပ်အသိအမှတ်ပြုမှု± 0.03mm;|
|အစိတ်အပိုင်းအရွယ်အစား: ၀.၆ * ၀.၃ မီလီမီတာ - ၃၃.၅ * ၃၃.၅mm;|
|အစိတ်အပိုင်းအမြင့်: 6mm (max);|
|၀.၆၅ မီလီမီတာကျော်အကွာအဝေးအတွင်းရှိလေဆာအသိအမှတ်ပြု pin၊|
|မြင့်မားသော resolution VCS 0.25mm;|
|BGA လုံး ၀ အကွာအဝေး: .250.25mm;|
|BGA ကမ္ဘာလုံးဆိုင်ရာအကွာအဝေး: .250.25mm;|
|BGA ဘောလုံးအချင်း: .10.1mm;|
|IC ခြေထောက်အကွာအဝေး: .20.2mm;|
|အစိတ်အပိုင်းအထုပ်||elsရာဝတီ|
|တိပ်ခုတ်ဖြတ်|
|ပြွန်နှင့်ဗန်း|
|ချောင်အစိတ်အပိုင်းများနှင့်အမြောက်အများ|
|Board ပုံသဏ္.ာန်||ထောင့်မှန်စတုဂံ|
|ပတ်ပတ်လည်|
|အထိုင်များနှင့်ဖြတ်တောက်|
|ရှုပ်ထွေးသောနှင့်မမှန်|
|ညီလာခံလုပ်ငန်းစဉ်||ခဲ - အခမဲ့ (RoHS, REACH)|
|ပုံစံဖိုင်ပုံစံ||Gerber|
|BOM (ပစ္စည်းဘီလ်) (.xls, .CSV, xIsx)|
|ညှိနှိုင်းရေး (Pick-N-Place / XY ဖိုင်)|
|လျှပ်စစ်စမ်းသပ်ခြင်း||AOI (Automated Optical Inspection)၊|
|X-Ray စစ်ဆေးခြင်း|
|အိုင်စီတီ (In-Circuit Test) / လက်တွေ့စမ်းသပ်ခြင်း|
|Reflow မီးဖိုပရိုဖိုင်း||စံ|
|စိတ်တိုင်းကျ|
PCB ပရိသတျ၏ကိုးကားခတောင်းဆိုမှု:
sales@fumax.net.cn တွင်သင်၏ BOM ဖိုင်များ (Bill of Materials) နှင့် Gerber ဖိုင်များကိုအီးမေးလ်ဖြင့်သာကျွန်ုပ်တို့ထံအီးမေးလ်ပို့လိုက်ရုံဖြင့် ၂၄ နာရီအတွင်းသင့်ထံပြန်ပို့ပါမည်။
ရည်ညွှန်းဒီဇိုင်နာများ၊ ထုတ်လုပ်သူနာမည်နှင့်ထုတ်လုပ်သူအစိတ်အပိုင်းနံပါတ်များပါ ၀ င်ရန်လိုအပ်သည်။ Gerbers PCB လိုအပ်ချက်များကိုထည့်သွင်းရန်လိုအပ်ပါသည်။",,,,,,
<urn:uuid:47921c72-53df-4c57-a208-ea7c20881957>,"ပုသိမ်၊ မတ် ၅-၂၀၂၁
စပ်ခွန်သာ(VOM)
ဧရာဝတီတိုင်း မြို့နယ် ၁၁ မြို့နယ်မှာ အာဏာရှင်စနစ်အလိုမရှိကြောင်း ဆန္ဒထုတ်ဖော်မှုတွေကို အကြမ်းဖက် ဖြိုခွင်းတာ ရှိပေမယ့် ဒီနေ့ မတ်လ ၅ ရက်အထိ ဆက်လက် စီတန်းလှည့်လည် ဆန္ဒဖော်ထုတ်နေကြပါတယ်။
ဆန္ဒထုတ်ဖော်တာကို နိုင်ငံရေးတက်ကြွလှုပ်ရှားသူတွေ ဝန်ထမ်းတွေက ဦးဆောင်ကာ၊ ပုသိမ်၊ ပန်းတနော်၊ ဟင်္သာတ၊ မအူပင်၊ ကျိုက်လတ်၊ ညောင်တုန်း၊ ငါးသိုင်းချောင်း၊ ဘိုကလေး၊ ဖျာပုံ၊ ကန်ကြီးထောင့်၊ ဝါးခယ်မစတဲ့ မြို့နယ်တွေမှာ ငြိမ်းချမ်းစွာ စီတန်းလှည့်လည် ဆန္ဒဖော်ထုတ်တာဖြစ်ပါတယ်။
ဆန္ဒဖော်ထုတ်တာမှာပါဝင်ခဲ့တဲ့ ကျောင်းဆရာတစ်ဦးက “စစ်အာဏာရှင်စနစ်ကို ဆန့်ကျင်ပါတယ်။ လူထုခေါင်းဆောင် အမေစုနဲ့ မတရားအဖမ်းခံထားရတဲ့ သူတွေ အားလုံးကို ပြန်လွှတ်ပေးဖို့ တောင်းဆိုဆန္ဒထုတ်ဖော်တာဖြစ်ပါတယ်။ နိုင်ငံတော် သမ္မတ ဦးဝင်းမြင့်သာ ကျွန်တော်တို့ရဲ့ တရားဝင်လူထုရွေးချယ်ထားသော သမ္မတ တစ်ဦးဖြစ်ပါတယ်။ မတရားဖမ်းဆီးရိုက်နှက် ဖြိုခွင်းနေပေမယ့် မကြောက်ပါဘူး။ မနှစ်သက်တဲ့ အုပ်ချုပ်မှုထက် သေတာကမြတ်ပါတယ်” လို့ ပြောပါတယ်။
ဧရာဝတီတိုင်းအတွင်း မတ်လ ၅ ရက်အထိ ငြိမ်းချမ်းစွာ ဆန္ဒထုတ်ဖော်မှုကြောင့် ပုသိမ်မြို့တွင် ၃၀ ဦး၊ မော်လမြိုင်ကျွန်းမြို့တွင် ၄ ဦး၊ ဖျာပုံမြို့တွင် ၄ ဦး၊ ကျိုက်လတ်မြို့တွင် ၃ ဦး၊ မအူပင်မြို့တွင် ၆ ဦး၊ သာပေါင်းမြို့တွင် ၂ ဦး ဖမ်းဆီးခံထားရကြောင်း သိရပါတယ်။
#VoiceOfMyanmar #VOM #ဧရာဝတီတိုင်းမြို့နယ်၁၁မြို့နယ် #ဆန္ဒဖော်ထုတ်",,,,,,
<urn:uuid:9f5c4bbe-f031-4b83-9871-832cb508a8f4>,"သူစိမ္းဆိုတာ ဘယ္သူ႔ကိုမဆို စိမ္းကားေအာင္ လုပ္ေဆာင္မယ့္သူပါပဲ။ မိတ္ေဆြအေပါင္းအသင္းၾကားမွာ ျဖစ္ေစ၊ လင္မယားၾကားမွာ ျဖစ္ေစ သူစိမ္းဝင္လာၿပီဆိုရင္ စိမ္းကားသြားဖို႔ အေၾကာင္းတရားေတြ မ်ားလာပါၿပီ။ လင္မယားၾကားထဲမွာ သူစိမ္း ဝင္လာရင္ ပ်က္စီးတတ္တာမို႔ ဝင္မလာႏိုင္ေအာင္ ႀကိဳတင္ ကာကြယ္တားဆီးတာမ်ိဳး လုပ္ရပါမယ္ေနာ္။ လင္မယားၾကားမွာ သူစိမ္းစကားေတြ တိုးမေပါက္ေအာင္ ဘယ္လို လုပ္ေဆာင္ရမယ္ဆုိတာ ေျပာျပမယ္ေနာ္။
လင္မယားၾကားမွာ မထိန္ခ်န္ပါနဲ႔
ေယာက်ာ္းပဲ ျဖစ္ျဖစ္ မိန္းမပဲျဖစ္ျဖစ္ ဘယ္သူေတြနဲ႔ အေပါင္းအသင္းလုပ္ေနတယ္ဆိုတာ မထိန္ခ်န္ပဲ ေျပာျပေပးပါ။ ဒါမွပဲ ဘယ္သူကေတာ့ ဘယ္လိုစိတ္ရွိတယ္ဆုိတာကို ကိုယ့္အိမ္ေထာင္ဘက္က သိႏိုင္မွာပါ။ ကိုယ့္အမ်ိဳးသားနဲ႔ ခင္တဲ့ အမ်ိဳးသမီးက ကိုယ့္အမ်ိဳးသားနဲ႔ ကိုယ္နဲ႔ၾကားမွာ ေသြးထုိးစကားေျပာႏိုင္မယ့္သူလားဆိုတာ သိထားဖုိ႔လိုပါတယ္။ ဒါေၾကာင့္ ဘယ္သူေတြနဲ႔ သိကၽြမ္းေနတယ္ဆိုတာ အကုန္လံုး ေျပာျပတာေရာ၊ သိေနတာမ်ိဳးပါ လုပ္ရပါမယ္။
ရည္မွန္းခ်က္ကိုပဲ အာရံုစိုက္ခိုင္းပါ
လင္မယားၾကားထဲမွာ ထားထားတဲ့ ရည္မွန္းခ်က္ တစ္ခုေတာ့ ရွိမွာပါ။ ဥပမာ ေငြစုတာမ်ိဳးေပါ့။ ဝင္ေငြတိုးဖို႔ ရည္မွန္းခ်က္ ထားေနတယ္ဆိုရင္လည္း ဒါကိုပဲ အာရံုစိုက္ပါ။ ဒီလိုမ်ိဳး အာရံုစိုက္စရာ တစ္ခု ရွိေနတယ္ဆိုရင္ ၾကားလူ သူစိမ္းဆီ အာရံုမေရာက္ႏိုင္ေတာ့ပါဘူး။ ကိုယ့္ရဲ႕ အိမ္ေထာင္ဘက္ကိုလည္း ရည္မွန္းခ်က္ကိုပဲ အာရံုစိုက္ထားဖို႔ ေျပာပါ။
ကိုယ့္စိတ္သာ အဓိကပါ
လင္မယားၾကားမွာ တျခားသူဝင္မလာေစဖို႔နဲ႔ ေသြးကြဲေစမယ့္ စကားေတြကို နားမေယာင္မိဖုိ႔ဆိုတာ ကိုယ့္စိတ္သာ အဓိကပါေနာ္။ ကိုယ့္စိတ္ေတြသာ ခိုင္မာေနမယ္ဆိုရင္ ၾကားလူရဲ႕ ေသြးထိုးစကားေတြ ဝင္မလာႏိုင္ပါဘူးေနာ္။ ၾကားလူေတြ ဘယ္လိုစကားေတြနဲ႔ ေသြးထိုးထိုး ကိုယ့္ရဲ႕ အိမ္ေထာင္ဘက္ဆီမွာပဲ စိတ္ထားပါ။ ကိုယ့္အိမ္ေထာင္ဘက္ကို ယံုၾကည္ပါ။
ခ်စ္ျခင္းေမတၱာမေလ်ာ့ပါေစနဲ႔
လင္မယားၾကားမွာ ဘယ္အခ်ိန္ သူစိမ္းရဲ႕ ေသြးထိုးစကားေတြ ဝင္လာမလဲဆိုရင္ ခ်စ္ျခင္းေမတၱာ ေလ်ာ့နည္းတဲ့အခ်ိန္ပါပဲ။ ခ်စ္ျခင္းေမတၱာ ေလ်ာ့နည္းလာၿပီဆုိရင္ နားလည္မႈေတြလည္း အလိုလို ေဝးကြာလာမွာျဖစ္ၿပီး ၾကားလူ ေျပာသမွ် နားေယာင္ေတာ့မွာပါ။ ဒီလိုဆိုရင္ အိမ္ေထာင္ေရးမွာ အဆင္မေျပတာေတြ ဆက္တိုက္ ႀကံဳလာရႏိုင္ပါတယ္။ ဒါေၾကာင့္ လင္မယားၾကား ဘယ္လုိအေၾကာင္းေတြေၾကာင့္ပဲ ျဖစ္ျဖစ္ ခ်စ္ျခင္းေမတၱာ မေလ်ာ့ေအာင္ ႀကိဳးစားပါ။
ဂရုစိုက္ပါ
လင္မယားအခ်င္းခ်င္း ဂရုစိုက္မႈ မေလ်ာ့ပါေစနဲ႔။ ဒီအခ်က္က အေရးႀကီးပါတယ္။ ဂရုစိုက္မႈေတြ ေလ်ာ့လာတဲ့အခါမွာ ဂရုစိုက္ေပးမယ့္သူနဲ႔ ေတြ႔မယ္ဆိုရင္ ၾကားလူ ေသြးထိုးစကားေတြ အလိုလို နားေယာင္မိႏိုင္ပါတယ္။ ဒါေၾကာင့္ မတင္းက်ပ္တဲ့ နည္းလမ္းေတြနဲ႔ ဂရုစိုက္ေပးပါ။
အိမ္ေထာင္ရွင္တို႔ေရ လင္မယားၾကားမွာ သူစိမ္းစကားေတြ တိုးမေပါက္ေအာင္ Marry က ေျပာျပထားတဲ့ လုပ္ေဆာင္သင့္တဲ့အခ်က္ေလးေတြ လုပ္ေဆာင္ပါေနာ္။",,,,,,
<urn:uuid:05cbd816-29e4-4fa7-b32e-cfb70d495d57>,"သုံးရလွယ်ကူစေသည့် Link များ
ပင်မအကြောင်းအရာသို့ကျော်ကြည့်ရန်
ပင်မအညွန်းစာမျက်နှာသို့ကျော်ကြည့်ရန်
ရှာဖွေရန်နေရာသို့ကျော်ရန်
မူလစာမျက်နှာ
မြန်မာ
နိုင်ငံတကာ
အမေရိကန်
တရုတ်ပြည်ဆိုင်ရာသတင်း
ဗွီဒီယို
သတင်းလွတ်လပ်ခွင့်
ရပ်ဝန်းတခု လမ်းတခု အလွန်
အင်္ဂလိပ်စာလေ့လာမယ်
အမေရိကန်သုံးအီဒီယံ
မကြေးမုံရဲ့ အင်္ဂလိပ်စာ
ရုပ်ရှင်ထဲက အင်္ဂလိပ်စာ
အပတ်စဉ်ကဏ္ဍများ
ရေဒီယို
တီဗွီ
ရေဒီယိုနှင့်ရုပ်သံ အချက်အလက်များ
ရေဒီယို/တီဗွီအစီအစဉ်
Learning English
ဗွီအိုအေ လူမှုကွန်ယက်များ
ဘာသာစကားများ
ရှာဖွေရလာဒ်
တိုက်ရိုက်
တိုက်ရိုက်
ရှာဖွေရလာဒ်
နောက်သို့
ရှေ့သို့
နောက်ဆုံးရသတင်း
မြန်မာ
၀င်ငွေ ၂၅ ရာခိုင်နှုန်း ပြန်လွှဲခိုင်းမယ့် စစ်ကောင်စီ အစီအစဉ် ဘန်ကောက်မှာဆန္ဒပြ
နိုင်ငံတကာ
အငြင်းပွား ရေပိုင်နက်ထဲ တရုတ်အတားအဆီးတွေအတွက် ဖိလစ်ပိုင်ကန့်ကွက်
အမေရိကန်
ပစိဖိတ်ကျွန်းနိုင်ငံတွေနဲ့ သမ္မတဘိုင်ဒင် ထိပ်သီးဆွေးနွေးမည်
မြန်မာ
အာဆီယံ ဘုံသဘောတူညီချက် အကောင်အထည်ဖော်ရေး အင်ဒိုနီးရှား ကုလမှာတိုက်တွန်း
အသံဖိုင်များ
အိန္ဒိယမြန်မာနယ်စပ် လွတ်လပ်စွာသွားလာခွင့် ဖျက်သိမ်းဖို့ မဏိပူဝန်ကြီးချုပ် တိုက်တွန်း
မြန်မာ
ရန်ကုန်အနီး စနေညငလျင် ပြင်းအား ၅ ဝန်းကျင်ရှိ
Back to top
XS
SM
MD
LG",,,,,,
<urn:uuid:944220cf-70a0-456a-90e4-79080546c758>,"ဝူဟန်တွင် လူ ၁၇ ဦးသေဆုံးခဲ့ရသည့် ဗိုင်းရပ်၊ မြွေများမှတဆင့် ကူးစက်ခြင်း ဖြစ်နိုင်ဟုဆို
တရုတ်နိုင်ငံ ဝူဟန်တွင် လူ ၁၇ ဦး အသက်သေဆုံးစေပြီး ဖြစ်သော ဝူဟန်ကိုရိုနာ ဗိုင်းရပ်သစ်တမျိုးသည် မြွေများမှလူများသို့ ကူးစက်လာခြင်းဖြစ်နိုင်ကြောင်း မျိုးဗီဇသရုပ်ခွဲလေ့လာမှု တခုအရ သိရသည်။
ထိုမြွေများသည်လည်း လင်းနို့များမှ တဆင့် ကူးစက်ခံရခြင်းဖြစ်နေသည်။ ထိုရောဂါ စတင်ဖြစ်ပွားသော ဈေးတွင် လင်းနို့နှင့် မြွေ နှစ်မျိုးစလုံးကို ရောင်းချခဲ့ကြောင်း သိရသည်။
ဇန်နဝါရီလ ၂၂ ရက်နေ့အထိ ရောဂါဖြစ်ပွားမှု ၅၅၅ ခု အတည်ပြုနိုင်ခဲ့ပြီး ထိုရောဂါကြောင့် အပူချိန်တက်ခြင်း၊ အသက်ရှူကြပ်ခြင်းနှင့် နမိုးနီးယား ဝေဒနာတို့ဖြစ်နိုင်သည်။ ထိုဗိုင်းရပ်ကို ထိန်းချုပ်ရန်အတွက် ဝူဟန်ကို သီးခြားပိတ်ဆို့ထားပြီး အများပြည်သူ သယ်ယူပို့ဆောင်ရေး စနစ်များကို ခေတ္တဆိုင်းငံ့ထားသည်ဟု သတင်းများက ဆိုသည်။
ဝူဟန်တွင် ရောဂါဖြစ်ပွားမှု ၄၄၄ ခုရှိပြီး ကွမ်တုံတွင် ၂၆ ခု၊ ဘေဂျင်းတွင် ၄ ခုနှင့် ရှန်ဟိုင်းတွင် ၉ ခု တွေ့ရသည်။ နိုင်ငံတကာတွင်မူ ထိုင်း၊ ဂျပန်၊ တောင်ကိုရီးယားနှင့် အမေရိကန် ပြည်ထောင်စုတွင် ဖြစ်ပွားကြောင်း သိရသည်။ နောက်ထပ်လူ ရာပေါင်းများစွာသို့ ကူးစက်မည်ဟုမျှော်လင့်ရပြီး ရောဂါရှာဖွေရေး လုပ်ငန်းများကို ဆောင်ရွက်နေသည်။
ရောဂါစတင်ဖြစ်ပွားသော နေရာမှာ ရောဂါစတင်ဖြစ်ပွားသူ အများအပြား သွားရောက်ခဲ့သည့် ဝူဟန်မှ ဈေးတခုဖြစ်သည်ဟု ယူဆရသည်။ ထို ဈေးသည် ရှဉ့်ကြီးများ၊ ငှက်များ၊ ယုန်များ၊ လင်းနို့များနှင့် မြွေများအပါအဝင် သားရိုင်းအရှင်များ၊ မွေးမြူထားသော တိရစ္ဆာန်များကို ရောင်းသောဈေးဖြစ်သည်ဟု ကျော်ကြားသည်။
ထိုးမျိုးစိတ်များအနက် တခုခုမှ ဗိုင်းရပ်လာခြင်းဟုတ်မဟုတ် သိရန်အတွက် တရုတ်နိုင်ငံ ပီကင်းတက္ကသိုလ်မှ ဝေကြည်နှင့် လုပ်ဖော်ကိုင်ဘက်များသည် ထိုဗိုင်းရပ်သစ်၏ နမူနာ ၅ ခုမှ မျိုးဗီဇများကို အခြားမျိုးစိတ်များမှ လာသော အလားတူ ဗိုင်းရပ် ၂၁၇ မျိုးနှင့် နှိုင်းယှဉ်ကြည့်သည်။
ထိုဗိုင်းရပ်သစ်သည် လင်းနို့များတွင်တွေ့ရသည့် ဗိုင်းရပ်နှင့် အလားတူပြီး မျိုးဗီဇအရ ဆိုပါက မြွေများတွင် တွေ့ရသည့် ဗိုင်းရပ်နှင့်တူနေသည်။
“ကျနော်တို့လုပ်တဲ့ သရုပ်ခွဲလေ့လာမှုတွေအရ အဖြစ်နိုင်ဆုံး တောရိုင်း သတ္တဝါတွေထဲမှာ မြွေတွေ အများဆုံးပါနေတယ်” ဟု ထိုသုတေသနအဖွဲ့က ရေးသားထားသည်။
“အခု ခန့်မှန်းချက်အသစ်နဲ့ ပတ်သက်ပြီး ကျနော်တို့စိတ်လှုပ်ရှားမိတယ်” ဟု ပင်ဆယ်ဗေးနီးယားရှိ ပစ်စဘတ်တက္ကသိုလ်မှ ထိုလေ့လာမှုကို သုံးသပ်သူ ဟိုင်တောင်ကော်က ပြောသည်။
သူက “နောက်ထပ်စမ်းသပ်တဲ့ အထောက်အထားတွေလိုတယ်။ ဒါပေမယ့် အခု စမ်းသမ်မှုက ကျနော်တို့ကို သဲလွန်စတော့ ပေးနေပြီ” ဟုလည်း ပြောသည်။
ထိုဗိုင်းရပ်သစ်သည် လင်းနို့များနှင့် မြွေများမှ ဗိုင်းရပ်များ ပေါင်းစည်းထားသည့် ဗိုင်းရပ်မျိုးဖြစ်နေသည်။ ဈေးများတွင်ကဲ့သို့ တိရစ္ဆာန် မျိုးစိတ်နှစ်မျိုးကို အနီးကပ်ထားလျှင် ထိုသို့ ဗိုင်းရပ်ပေါင်းစပ်ခြင်း ဖြစ်နိုင်သည်ဟု ဆီယက်တဲလ်ရှိ ဝါရှင်တန်တက္ကသိုလ်မှ ပီတာရာဘင်နိုဝစ်က ပြောသည်။
ထိုဗိုင်းရပ်သည် လေမှတဆင့် လူသားများထံ ကူးစက်လာကြောင်းလည်း သူက ပြောသည်။
“အခုလောလောဆယ်က ခန့်မှန်းတဲ့အဆင့်ပဲ ရှိသေးတယ်။ ဒါပေမယ့် ဗိုင်းရပ်က မြွေတွေက ထွက်တဲ့ အရည်တွေ၊ မစင်တွေမှာပါလာရင် လေမှာပျံ့ပြီး ရှူမိနိုင်တယ်” ဟုလည်း သူက ပြောသည်။
ဇန်နဝါရီလ ၂၂ ရက်နေ့တွင် ကမ္ဘာ့ကျန်းမာရေးအဖွဲ့သည် SARS နှင့် MERS ဗိုင်းရပ်မိသားစုဝင်ဖြစ်သော ယခုဗိုင်းရပ်သစ်ကို လေ့လာသုံးသပ်ရန် အရေးပေါ်ကော်မတီ အစည်းအဝေးခေါ်ခဲ့သည်။
အစည်းအဝေးအပြီးတွင် ညွန်ကြားရေးမှူးချုပ် တက်ရို အက်ဟန်နွန် ဂီဗရေယက်စပ်က အများပြည်သူ ကျန်းမာရေး အရေးပေါ်အခြေအနေ မကြေညာမီ ထိုဗိုင်းရပ်၏ ပျံ့နှံ့မှုနှင့် ပတ်သက်သည့် သတင်းအချက်အလက် လိုနေသေးကြောင်းပြောသည်။
“အခြေအနေက ဆင့်ကဲတိုးတက် ရှုပ်ထွေးနေတယ်။ နိုင်ငံတကာ ပူပန်မှု အတွက် ပြည်သူ့ကျန်းမာရေး အရေးပေါ် အခြေအနေကြေညာမလား၊ မကြေညာဘူးလားဆိုတာကို ကျနော်က အရမ်း အလေးအနက် ထားတယ်။ အထောက်အထား အားလုံးကို ကြည့်ပြီးမှ သင့်တော်တဲ့ ဆုံးဖြတ်ချက်ချဖို့ ကျနော်ပြင်ဆင်ထားတဲ့ ကိစ္စဖြစ်တယ်” ဟု သူက ပြောသည်။
အရေးပေါ်ကော်မတီသည် မနက်ဖြန်တွင် တွေ့ဆုံမည်ဖြစ်ပြီး ထိုအခါ ပိုမိုပြောဆိုစရာများ ရှိလာမည်ဟု သူက ဆိုသည်။
ကိုးကား – Journal of Medical Virology, DOI: 10.1002/jmv.25682
You may also like these stories:",,,,,,
<urn:uuid:c3be013a-9609-42d9-859c-e89e4149c3b1>,"ထူးဆန်းစွာ ဖျားနာလျှက်ရှိသော ဝူဟန်မြို့မှ ၎င်းတို့နိုင်ငံသားများကို သက်ဆိုင်ရာနိုင်ငံအစိုးရတို့က ခေါ်ထုတ်နေကြစဉ် ဝူဟန်ကိုရိုနာဗိုင်းရပ်စ် ကမ္ဘ္ဘာတစ်ဝှမ်းကူးစက်ခြင်းခံရသူ ၇၇၀၀ -ဦးကျော် တွေ့ရှိရသည်။ ပြန့်ပွားနှုန်း ၃၀ ရာနှုန်းနီးပါး ခုန်တက်လာကြောင်း တရုတ်အစိုးရက အတည်ပြုသည်ဟု The New York Times က ယနေ့ရေးသားသည်။
ဝူဟန်ကိုရိုနာဗိုင်းရပ်စ်ကူးစက်ခံရခြင်းကြောင့် သေဆုံးအရေအတွက်မှာလည်း ၁၇၀-ဦးဖြစ်လာသည်။ လက်ရှိ ဗိုင်းရပ်စ်ကူးစက်မှု့နှုန်းမှာ ၂၀၀၂-၂၀၀၃-ခုနှစ် SARS ရောဂါကျရောက်စဉ်ကထက် ပိုမိုဆိုးရွားသည်။ အလားတူ ကိုရိုနာဗိုင်းရပ်စ်ကြောင့် ဖြစ်ပွားသော Severe Acute Respiratory Syndrome “ အသက်ရှူလမ်းကြောင်း ရုတ်တရက် ပြင်းထန်ယောင်ယမ်းရောဂါလက္ခဏာစု “ SARS ရောဂါကျရောက်စဉ် နိုင်ငံပေါင်း ၁၇ – နိုင်ငံ၌ လူ ပေါင်း ၇၇၄-ဦး သေဆုံးခဲ့ရသည်။ တရုတ်ပြည်မကြီး တစ်နိုင်ငံတည်း၌ပင် ကူးစက်ခံရသူ ၅,၃၂၇-ဦး၊ သေဆုံးသူ ၃၄၉-ဦးရှိခဲ့ကြောင်း WHO ကမ္ဘ္ဘာ့ကျန်းမာရေးအဖွဲ့ကြီး၏ မှတ်တမ်းများအရ သိရှိရသည်။
ကြာသပတေး ( ယနေ့ ) နံနက်စောစောပိုင်းအထိ ကမ္ဘ္ဘာတစ်ဝှမ်း ရောဂါကူးစက်ခံရမှု့မှာ ယမန်နေ့ ၆,၀၀၀ -ဦး ကျော်ထက် ပိုမိုများပြားလာနေဆဲဖြစ်ကြောင်း WHO နှင့် တရုတ်အာဏာပိုင်တို့၏ အချက်အလက်များက ဖော်ပြနေသည်။ ကမ္ဘ္ဘာတစ်ဝှမ်း ကူးစက်ခံရသူ ၆၈-ဦးရှိသော်လည်း သေဆုံးသူ မရှိချေ။ ကိုရိုနာဗိုင်းရပ်စ်ပိုး အသစ်ကြောင့် တရုတ်နိုင်ငံအတွင်း ထူးဆန်းစွာ သေဆုံးသူ ၁၇၀-ဦးရှိသည်ဆိုခြင်းမှာ တရုတ်အာဏာပိုင်တို့ လက်လှမ်းမီသမျှနှင့် တရားဝင်စစ်ဆေးအတည်ပြုနိုင်သော ကိန်းဂဏန်းများအရဖြစ်ပြီး အမှန်တကယ် သေဆုံးမှု့မှု့မှာ ၎င်းထက်ပိုမိုနိုင်ဖွယ်ရှိကြောင်း၊ ဝူဟန်တစ်မြို့တည်း၌ပင် ယမန်နေ့ထက် သေဆုံးသူ ၃၈-ဦး တိုးမြင့်လာဖြစ်သည် ဟု New York Times က ဆက်လက်ဖော်ပြသည်။
ဝူဟန်ကိုရိုနာဗိုင်းရပ်စ်မှာ လင်းနို့နှင့် အခြားရင်းမြစ်များစွာတို့မှ ကူးစက်ခြင်းဖြစ်ကြောင်း မျိုးဗီဇအစဉ်အရ ကျွမ်းကျင်သူများက ယုံကြည်ကြပြီး၊ ၎င်းတို့အနက် အဆိုးရွားဆုံးမှာ လင်းနို့ထံမှဖြစ်ကြောင်း ယခင်ကတည်းက သိရှိထားကြပြီးဖြစ်သည်ဟု CNN က ယနေ့ရေးသားသည်။ တိရိစ္ဆာန်တို့မှ လူသားတို့အား ဗိုင်းရပ်စ်ကူးစက် ခြင်းကြောင့် ရောဂါခံစားခဲ့ကြရာ SARS မှာ ကြောင်ကတိုးထံမှ ဖြစ်ပြီး ၂၀၀၀-ပြည့်နှစ် MERS မှာ ကုလားအုတ်များမှ ကူးစက်ခံရခြင်းဖြစ်သည်ဆို၏။
ဗိုင်းရပ်စ်ရောဂါကူးစက်ပြန့်ပွားခြင်းကြောင့် တရုတ်နိုင်ငံတွင် တားဆီးကန့်သတ်ခြင်းများမတိုင်မီ ဝူဟန်မှ ကမ္ဘေ္ဘာဒီးယားနိုင်ငံအတွင်း ဝင်ရောက်လာသူ ၃,၀၇၈-ဦး ရှိခဲ့ကြောင်း Khmer Times အား ကိုးကား၍ Bangkok Post က ယနေ့ရေးသားသည်။
အလားတူပင် ဝူဟန်မှ ထိုင်းနိုင်ငံသို့ ၂၀,၀၀၀ – ဦးကျော်၊ ဂျပန်နှင့် တောင်ကိုရီးယားသို့ ၁၂,၀၀၀ -ဦးကျော် နှင့် စင်္ကာပူသို့ ၁၀,၀၀၀ – ဦးကျော် တိုက်ရိုက်ဝင်ရောက်လာခဲ့ကြကြောင်း သိရှိရသည်။ ကမ္ဘေ္ဘာဒီးယားသည် အင်္ဂါ နေ့ကတည်းက ဝူဟန်မှ တိုက်ရိုက်လေကြောင်းခရီးစဉ်များအား ယာယီတားမြစ်ခဲ့ရာ တရုတ်ဘက်က ရပ်ဆိုင်းချိန်ထက်စောသည်ဟု သတင်းဖော်ပြသည်။
(((The New York Times., Jan.30, 2020, “Coronavirus Live Updates: China Now Has More Cases Than It Had of SARS.” ကို #HtayOung, #OungMarine ဆီလျော်အောင် ကောက်နှုတ်ဘာသာ ပြန်ဆိုသည်။ ဆက်စပ်အချက်အလက်များကို ဖော်ပြပါ Links များမှ ရယူသည်။ )))
#ဝူဟန်ကိုရိုနာဗိုင်းရပ်စ်",,,,,,
<urn:uuid:3ad8ddb0-175e-4b0c-9872-3777b62072c9>,လူတစ်ယောက်ရဲ့ စိတ်ထားကို ကြည့်ရုံနဲ့ မသိနိုင်ပါဘူး။ အပြင်မှာ လူတွေနဲ့ ဆက်ဆံနေတဲ့ ပုံစံကို ကြည့်ပြီး အတွင်းစိတ်ကို သိအောင် လုပ်လို့ မရနိုင်ပါဘူး။ အတွင်းစိတ် ပုတ်ပြီး စိတ်ထားကောင်းတဲ့သူပုံစံမျိုး ဟန်ဆောင်ထားတတ်တဲ့သူတွေလည်း ရှိနေတတ်ပါတယ်။ ဘယ်လိုပဲ ဖြစ်ပါစေ အတွင်းစိတ်ပုတ်နေတဲ့သူ ဟုတ်၊ မဟုတ်ကို ခွဲခြားလို့ ရတဲ့ အချက်လေးတွေ ရှိနေပါသေးတယ်။ ဒါတွေကတော့ အခုလိုပါနော်…။ (၁) ပူလောင်တတ်တယ် အတွင်းစိတ် ပုတ်တဲ့သူတွေမှာ ရှိနေတဲ့ အချက်က ပူလောင်မှုပါပဲ။ သူတို့တွေက တခြားသူတွေ သူတို့ထက်သာတာမျိုးကို သဘောမကျသလို တခြားသူတွေကို အကောင်းမြင်ပေးတာမျိုးလည်း မလုပ်နိုင်ကြပါဘူး။ ဒီအတွက် သူတို့ဆီမှာ တခြားသူတွေကို မကျေနပ်တဲ့ အကြောင်းမျိုးတွေ ကြားရတတ်ပါတယ်။ ဒါ့အပြင် သူတို့ရဲ့ မကျေမနပ် ပူလောင်မှုကိုလည်း တခြားသူတွေကို အထင်သေးတဲ့ … Read more,,,,,,
<urn:uuid:d0f8dd30-485e-4ec2-a9b4-16aee7f9b8b8>,"အသက်ရှူခြင်းနှင့် မေ့ဆေးပတ်လမ်း
ထုတ်ကုန်အသေးစိတ်
ထုတ်ကုန် Tags
အင်္ဂါရပ်များ
- ဆေးဘက်ဆိုင်ရာအဆင့် EVA/PE ပစ္စည်း
- ဓာတ်ငွေ့အိတ်နှင့် ရေလှောင်အိမ်များပါရှိနိုင်သည်။
- အစေး/အစေး အခမဲ့အိတ်ဖြင့် ရနိုင်သည်။
- အပိုကိုယ်လက်အင်္ဂါများဖြင့် ရရှိနိုင်သည်။
- Corrugated tube flexible tube နှင့် smoothbore tube ဖြင့်ရနိုင်သည်။
တိုက်နယ်
- အဆိပ်မရှိသော PVC ၊ ရနံ့နှင့် ရနံ့မပါသော ပစ္စည်းများပါရှိပါသည်။
- Corrugated / Expandable / Smoothbore ဖြင့် ရရှိနိုင်ပါသည်။
- အရည်အသွေးပြည့်မီသော ပစ္စည်းနှင့် ချိတ်ဆက်ပစ္စည်းများ ယိုစိမ့်ခြင်းမှ ရှောင်ကြဉ်ပါ။
အသက်ရှူအိတ်
- အမျိုးအစား- Latex / Latex Free
- 1/1.5/2/3/4 L ဖြင့်ရရှိနိုင်သောစွမ်းရည်
အရွယ်အစား
Breathing & Anesthesia Circuit / Smooth bore အမျိုးအစား
| |
ပစ္စည်းနံပါတ်
| |
အရွယ်အစား
| |
လူနာအရွယ်အစား
| |
HTA1001
| |
1.2 မီတာ
| |
လူကြီး
| |
HTA1007
| |
1.5 မီတာ
| |
ကလေး
| |
HTA1002
| |
1.6 မီတာ
| |
လူကြီး
| |
HTA1008
| |
1.6 မီတာ
| |
ကလေး
| |
HTA1003
| |
1.8 မီတာ
| |
လူကြီး
| |
HTA1009
| |
1.8 မီတာ
| |
ကလေး
| |
HTA1030
| |
30 မီတာ
| |
လူကြီး
| |
ပစ္စည်းနံပါတ်
| |
အရွယ်အစား
| |
သတ်မှတ်ချက်
| |
HTA1004
| |
လူကြီး
| |
2L ဂက်စ်အိတ်ပါသော 1.6 မီတာရှိသော ကော်ဖတ်ပြွန်
| |
HTA1014
| |
ကလေး
| |
2L ဂက်စ်အိတ်ပါသော 1.6 မီတာရှိသော ကော်ဖတ်ပြွန်
| |
HTA1011
| |
လူကြီး
| |
2L ဂတ်စ်အိတ်ပါရှိသော 1.6m ပြောင်းလွယ်ပြင်လွယ်ပြွန်
| |
HTA1012
| |
ကလေး
| |
2L ဂတ်စ်အိတ်ပါရှိသော 1.6m ပြောင်းလွယ်ပြင်လွယ်ပြွန်
| |
HTA1013
| |
လူကြီး
| |
2L ဂက်စ်အိတ်ပါသော 1.6 မီတာ ချောမွေ့သော ပေါက်ပြွန်
| |
HTA1017
| |
ကလေး
| |
2L ဂက်စ်အိတ်ပါသော 1.6 မီတာ ချောမွေ့သော ပေါက်ပြွန်
| |
ပစ္စည်းနံပါတ်
| |
အရွယ်အစား
| |
သတ်မှတ်ချက်
| |
HTA1005
| |
လူကြီး
|0.5 အပိုကိုယ်လက်အင်္ဂါပါရှိသော ရေထောင်ချောက် 2 ခုပါသော 1.6 မီတာရှိသော corrugated tube|
| |
HTA1015
| |
ကလေး
|0.5 အပိုကိုယ်လက်အင်္ဂါပါရှိသော ရေထောင်ချောက် 2 ခုပါသော 1.6 မီတာရှိသော corrugated tube|
| |
HTA1018
| |
လူကြီး
|0.5 အပိုကိုယ်လက်အင်္ဂါပါရှိသော ရေထောင်ချောက် 2 ခုပါသော 1.6 မီတာ ပြောင်းနိုင်သောပြွန်|
| |
HTA1019
| |
ကလေး
|0.5 အပိုကိုယ်လက်အင်္ဂါပါရှိသော ရေထောင်ချောက် 2 ခုပါသော 1.6 မီတာ ပြောင်းနိုင်သောပြွန်|
| |
HTA1020
| |
လူကြီး
|0.5 အပိုကိုယ်လက်အင်္ဂါပါရှိသောရေထောင်ချောက် 2 ခုပါသော 1.6 မီတာချောမွေ့သောဖောက်ပြွန်|
| |
HTA1021
| |
ကလေး
|0.5 အပိုကိုယ်လက်အင်္ဂါပါရှိသောရေထောင်ချောက် 2 ခုပါသော 1.6 မီတာချောမွေ့သောဖောက်ပြွန်|",,,,,,
<urn:uuid:1aebf582-b83c-44dd-86a2-60a4d6b6aa9b>,"1
ထာဝရဘုရားကလည်း၊ သင်သည် အာရုန်အား ဆင့်ဆိုရမည်မှာ၊
2
မီးခွက်များကို ထွန်းသောအခါ၊ မီးခွက်ခုနစ်လုံး တို့သည် မီးခုံတဘက်တချက်၌ ထွန်းလင်းရမည်ဟု၊
3
မောရှေအား မှာထားတော်မူသည်အတိုင်း၊ အာရုန်ပြု၍ မီးခုံတဘက်တချက်၌ မီးခွက်များကို ထွန်းလေ၏။
4
မီးခုံမူကား၊ ထာဝရဘုရားသည် မောရှေအား ပြတော်မူသော ပုံနှင့်အညီ မီးခုံတိုင်မှစ၍ ကြာပွင့်တိုင် အောင် ရွှေဖြင့် တစပ်တည်းထုလုပ်သော မီးခုံဖြစ်သ တည်း။
5
ထာဝရဘုရားသည် မောရှေအား မိန့်တော်မူ သည်ကား
6
လေဝိသားတို့ကို၊ ဣသရေလအမျိုးသားတို့ အထဲက ရွေးကောက်၍ စင်ကြယ်စေလော့။
7
စင်ကြယ်စေခြင်းငှါ ပြုရမည်အမှုဟူမူကား၊ စင်ကြယ်ခြင်း မင်္ဂလာရေကို သူတို့အပေါ်မှာဖြန်း၍၊ သူတို့ သည် တကိုယ်လုံးကို အမွေးရိတ်ခြင်း၊ အဝတ်လျှော်ခြင်း ကို ပြုသဖြင့် စင်ကြယ်စေရမည်။
8
ဆီရောသော မုန့်ညက်တည်းဟူသော ဘောဇဉ် ပူဇော်သက္ကာနှင့်တကွ၊ အသက်ပျိုသော နွားထီးတကောင်၊ အပြစ်ဖြေရာယဇ်ဘို့ အသက်ပျိုသော နွားထီးတကောင် ကို ယူပြီးလျှင်၊
9
လေဝိသားတို့ကို ပရိသတ်စည်းဝေးရာ တဲတော် ရှေ့သို့ခေါ်ခဲ့၍၊ ဣသရေလအမျိုးသား ပရိသတ်အပေါင်း တို့ကို စည်းဝေးစေပြီးမှ၊
10
လေဝိသားတို့ကို ထာဝရဘုရားရှေ့တော်သို့ ဆောင်ခဲ့၍၊ သူတို့ခေါင်းပေါ်မှာ ဣသရေလအမျိုးသား တို့သည် လက်ကိုတင်သဖြင့်၊
11
သူတို့သည် ထာဝရဘုရား၏ အမှုတော်ကို ထမ်း စေခြင်းငှါ၊ ဣသရေလအမျိုးသားတို့ပြုသော ပူဇော် သက္ကာတည်းဟူသော လေဝိသားတို့ကို အာရုန်သည် ထာဝရဘုရားအား ဆက်ရမည်။
12
လေဝိသားတို့သည်လည်း၊ နွားခေါင်းပေါ်မှာ မိမိ တို့လက်ကို တင်၍၊ သူတို့အဘို့ အပြစ်ဖြေခြင်းကို ပြုလို သောငှါ၊ ထာဝရဘုရားရှေ့မှာ နွားတကောင်ကို အပြစ် ဖြေရာယဇ်၊ တကောင်ကို မီးရှို့ရာ ယဇ်ပြု၍ ပူဇော်ရကြ မည်။
13
လေဝိသားတို့ကို၊ အာရုန်နှင့်သူ၏ သားတို့ရှေ့မှာ ထား၍ ထာဝရဘုရားအား ပူဇော်သက္ကာပြုရမည်။
14
ထိုသို့ လေဝိသားတို့ကို ဣသရေလအမျိုးသားတို့ နှင့် တခြားစီခွဲထား၍၊ သူတို့သည် အထူးသဖြင့် ငါ့လူဖြစ်ရ ကြလိမ့်မည်။
15
ထိုနောက်မှ လေဝိသားတို့သည်၊ ပရိသတ် စည်းဝေးရာ တဲတော်အမှုကို ဆောင်ရွက်ခြင်းငှါ ဝင်ရကြ လိမ့်မည်။ သူတို့ကို စင်ကြယ်စေ၍ ပူဇော်သက္ကာ၊ ပြုရ သော အကြောင်းဟူမူကား၊
16
ဣသရေလ အမျိုးထဲက သူတို့ကို ရွေးကောက်၍၊ ငါ့အား အပိုင်ပေးရမည်။ ဣသရေလအမျိုးတွင် အဦး ဘွားမြင်သော သားဦးများအတွက် သူတို့ကို ငါသိမ်း ယူ၏။
17
အဲဂုတ္တုပြည်၌ သားဦးအပေါင်းတို့ကို ငါသည် ဒဏ်ခတ်သောအခါ ဣသရေလအမျိုးတွင်လူဖြစ်စေ၊ တိရစ္ဆာန်ဖြစ်စေ၊ သားဦးအပေါင်းတို့ကို ကိုယ်အဘို့ သန့်ရှင်းစေသောကြောင့်၊ သားဦးအပေါင်းတို့ကို အထူး သဖြင့် ငါပိုင်ရမည်။
18
တဖန် ဣသရေလအမျိုးသားဦး အပေါင်းတို့ အတွက်၊ လေဝိသားတို့ကို ငါယူ၏။
19
သူတို့သည်လည်း ပရိသတ်စည်းဝေးရာ တဲတော် ၌၊ ဣသရေလအမျိုးသားဆောင်ရွက်ရသော အမှုကို ဆောင်ရွက်စေခြင်းငှါ၎င်း၊ ဣသရေလအမျိုးသားတို့သည် သန့်ရှင်းရာ ဌာနတော်သို့ ချဉ်းကပ်သောအခါ၊ ဘေးဒဏ်နှင့် လွတ်မည်အကြောင်း၊ အပြစ်ဖြေခြင်းကို ပြုစေခြင်းငှာ၎င်း၊ ဣသရေလအမျိုးထဲက လေဝိ သားတို့ကို အာရုန်နှင့် သူ၏သားတို့အား စွန့်ကြဲပေးကမ်း သည်ဟု၊
20
လေဝိသားအမှု၌၊ ထာဝရဘုရားသည် မောရှေ အား မှာထားတော်မူသည်အတိုင်း မောရှေနှင့် အာရုန် အစရှိသော ဣသလေရအမျိုးသား ပရိသတ် အပေါင်းတို့ သည် လေဝိသားတို့ကို ပြုကြလျှင်၊
21
သူတို့သည် စင်ကြယ်ခြင်းသို့ရောက်၍ မိမိတို့ အဝတ်ကို လျှော်ကြ၏။ အာရုန်သည်လည်း၊ သူတို့ကို ထာဝရ ဘုရားအား ဆက်ကပ်၍ သူတို့အဘို့ အပြစ်ဖြေခြင်းကို ပြုသဖြင့် စင်ကြယ်စေလေ၏။
22
ထိုနောက်မှ လေဝိသားတို့သည် အာရုန်နှင့်သူ၏ သားတို့ရှေ့၌ ပရိသတ်စည်းဝေးရာတဲတော်အမှုကို ဆောင်ရွက်ခြင်းငှါ ဝင်ကြ၏။ လေဝိသားတို့အမှု၌ ထာဝရဘုရားသည် မောရှောအားမှာထားတော်မူသည် အတိုင်း လူအပေါင်းတို့သည် ပြုကြ၏။
23
တဖန်ထာဝရဘုရားသည် မောရှေအား မိန့်တော်မူသည်ကား၊
24
လေဝိသားတို့သည် အသက်နှစ်ဆယ်ငါးနှစ် လွန်မှ၊ ပရိသတ်စည်းဝေးရာ တဲတော်အမှုကို ဆောင်ရွက် ခြင်းငှါ ဝင်ရကြမည်။
25
အသက်ငါးဆယ်လွန်မှ အမှုလွတ်၍ နောက် တဖန် မဆောင်ရွက်ဘဲ ပရိသတ်စည်းဝေးရာ တဲတော်၌ မိမိညီအစ်ကိုတို့နှင်အတူ ကူညီ၍ အလှည့်လှည့်စောင့် ရကြမည်။ ထိုသို့ လေဝိသားများ စောင့်ရသောအမှုကို စီရင်ရမည်ဟု မိန့်တော်မူ၏။",,,,,,
<urn:uuid:9693922b-5f9c-49a1-bbf6-cd88929fcd93>,"ပြည်နယ်ဝန်ကြီး ရွှေကူမြို့နယ်အတွင်း ကျေးလက်ဒေသဖွံ့ဖြိုးရေးလုပ်ငန်းများအခြေအနေကို ကွင်းဆင်းစစ်ဆေး
ရွှေကူ စက်တင်ဘာ(၂၁)
ကချင်ပြည်နယ်၊ ဗန်းမော်ခရိုင်၊ ရွှေကူမြို့နယ်အတွင်း ကျေးလက်ဒေသဖွံ့ဖြိုးရေးလုပ်ငန်း များဆောင်ရွက်နေမှုအခြေအနေများကို ပြည်နယ်အစိုးရအဖွဲ့ဝင် စိုက်ပျိုးရေး၊ မွေးမြူရေးနှင့် ဆည်မြောင်းဝန်ကြီး ဦးမြသိန်းသည် မြို့နယ်ဌာနဆိုင်ရာတာဝန်ရှိသူများနှင့်အတူ ကွင်းဆင်းစစ် ဆေးခဲ့ကြသည်။
ပြည်နယ်ဝန်ကြီးနှင့် အဖွဲ့သည် စီသာကျေးရွာအုပ်စု မံနားကျေးရွာစု၌ မြို့နယ်ကျေးလက် ဒေသဖွံ့ဖြိုးတိုးတက်ရေးဦးစီးဌာနမှ လူထုဗဟိုပြုစီမံကိန်း ပထမနှစ်စက်ဝန်းအဖြစ် အရှည်(၅၃၅) ပေ၊ (၁၂)ပေအကျယ် ကွန်ကရစ်လမ်းနှင့် ကွန်ကရစ်တာဘောင်ဖြင့် ပေ(၃၀၀)အရှည်ရှိ ရွာတွင်း လမ်းသဲကျောက်ခင်းခြင်းလုပ်ငန်း ဆောင်ရွက်ပြီးစီးမှု အခြေအနေတို့ကို ကြည့်ရှုစစ်ဆေးခဲ့ပြီး နန့်လှန်ကျေးရွာ ရွာတွင်းလမ်း သဲကျောက်ခင်းခြင်းလုပ်ငန်းနှင့် (၂၀၁၈-၁၉)ဘဏ္ဍာနှစ် ခွင့်ပြုငွေ ကျပ်(၁၂၅)သန်းဖြင့် ဆောင်ရွက်ပြီးစီးသည့် ရွှေကူ-ငါးဘတ်ကြီး ကွန်ကရစ်လမ်းနှင့် ပူခိုင်ကျေး ရွာ မြစိမ်းရောင်စီမံကိန်း(၃)နှစ်ပြည့် အတိုးရငွေဖြင့် ရွာအဝင်တံတားအား ပြုပြင်ဆောက် လုပ် ထားမှုတို့ကို ကြည့်ရှုစစ်ဆေးခဲ့ကြသည်။
ယင်းနောက်ရွှေကူမြို့၊ မြို့တော်ခန်းမ၌မသန်စွမ်းသူများအားထောက်ပံ့ငွေပေးအပ်ပွဲအခမ်း အနားသို့တက်ရောက်ခဲ့ပြီး ပြည်နယ်ဝန်ကြီးနှင့် ပြည်သူ့လွှတ်တော်ကိုယ်စားလှယ် ဦးဇာနည်မင်း တို့က အမှာစကားပြောကြားကာ မြို့နယ်အတွင်းရှိ မသန်စွမ်းသူ(၄၃၀)ဦးတို့အား တစ်ဦးလျင် ငွေကျပ်သုံးသောင်းကျပ်နှုန်းဖြင့် စုစုပေါင်းငွေကျပ် (၁၂၉)သိန်းကို ထောက်ပံ့ပေးအပ်ခဲ့ကြကာ ထိုမှတစ်ဆင့် အမှတ်(၂)ရပ်ကွက်ရှိ ငြိမ်းအေးချမ်းသာလူမှုကူညီရေးအသင်းသို့သွားရောက်ပြီး ငွေကျပ်(၁)သိန်း ကို သွားရောက်ထောက်ပံ့ပေးအပ်ခဲ့သည်။
ကချင်ပြည်နယ်၊ ဗန်းမော်ခရိုင်၊ ရွှေကူမြို့နယ်အတွင်း ကျေးလက်ဒေသဖွံ့ဖြိုးရေးလုပ်ငန်း များဆောင်ရွက်နေမှုအခြေအနေများကို ပြည်နယ်အစိုးရအဖွဲ့ဝင် စိုက်ပျိုးရေး၊ မွေးမြူရေးနှင့် ဆည်မြောင်းဝန်ကြီး ဦးမြသိန်းသည် မြို့နယ်ဌာနဆိုင်ရာတာဝန်ရှိသူများနှင့်အတူ ကွင်းဆင်းစစ် ဆေးခဲ့ကြသည်။
ပြည်နယ်ဝန်ကြီးနှင့် အဖွဲ့သည် စီသာကျေးရွာအုပ်စု မံနားကျေးရွာစု၌ မြို့နယ်ကျေးလက် ဒေသဖွံ့ဖြိုးတိုးတက်ရေးဦးစီးဌာနမှ လူထုဗဟိုပြုစီမံကိန်း ပထမနှစ်စက်ဝန်းအဖြစ် အရှည်(၅၃၅) ပေ၊ (၁၂)ပေအကျယ် ကွန်ကရစ်လမ်းနှင့် ကွန်ကရစ်တာဘောင်ဖြင့် ပေ(၃၀၀)အရှည်ရှိ ရွာတွင်း လမ်းသဲကျောက်ခင်းခြင်းလုပ်ငန်း ဆောင်ရွက်ပြီးစီးမှု အခြေအနေတို့ကို ကြည့်ရှုစစ်ဆေးခဲ့ပြီး နန့်လှန်ကျေးရွာ ရွာတွင်းလမ်း သဲကျောက်ခင်းခြင်းလုပ်ငန်းနှင့် (၂၀၁၈-၁၉)ဘဏ္ဍာနှစ် ခွင့်ပြုငွေ ကျပ်(၁၂၅)သန်းဖြင့် ဆောင်ရွက်ပြီးစီးသည့် ရွှေကူ-ငါးဘတ်ကြီး ကွန်ကရစ်လမ်းနှင့် ပူခိုင်ကျေး ရွာ မြစိမ်းရောင်စီမံကိန်း(၃)နှစ်ပြည့် အတိုးရငွေဖြင့် ရွာအဝင်တံတားအား ပြုပြင်ဆောက် လုပ် ထားမှုတို့ကို ကြည့်ရှုစစ်ဆေးခဲ့ကြသည်။
ယင်းနောက်ရွှေကူမြို့၊ မြို့တော်ခန်းမ၌မသန်စွမ်းသူများအားထောက်ပံ့ငွေပေးအပ်ပွဲအခမ်း အနားသို့တက်ရောက်ခဲ့ပြီး ပြည်နယ်ဝန်ကြီးနှင့် ပြည်သူ့လွှတ်တော်ကိုယ်စားလှယ် ဦးဇာနည်မင်း တို့က အမှာစကားပြောကြားကာ မြို့နယ်အတွင်းရှိ မသန်စွမ်းသူ(၄၃၀)ဦးတို့အား တစ်ဦးလျင် ငွေကျပ်သုံးသောင်းကျပ်နှုန်းဖြင့် စုစုပေါင်းငွေကျပ် (၁၂၉)သိန်းကို ထောက်ပံ့ပေးအပ်ခဲ့ကြကာ ထိုမှတစ်ဆင့် အမှတ်(၂)ရပ်ကွက်ရှိ ငြိမ်းအေးချမ်းသာလူမှုကူညီရေးအသင်းသို့သွားရောက်ပြီး ငွေကျပ်(၁)သိန်း ကို သွားရောက်ထောက်ပံ့ပေးအပ်ခဲ့သည်။",,,,,,
<urn:uuid:e02c9e18-f366-4259-8d81-8307e47425d0>,"ဒုတိယကမ္ဘာစစ်အတွင်း မြန်မာနိုင်ငံမှာ ကျဆုံးခဲ့တဲ့ အမေရိကန်စစ်သည်တွေကို ဂုဏ်ပြုတဲ့ အခမ်းအနားနဲ့ ရုပ်ကြွင်းတွေပြန်သယ်တဲ့ အခမ်းအနားကို မန္တလေးအပြည်ပြည်ဆိုင်ရာ လေဆိပ်မှာ မတ်လ ၁၂ ရက်နေ့က ကျင်းပပါတယ်။
အမေရိကန်ကာကွယ်ရေးဝန်ကြီးဌာနရဲ့ စစ်ကြွင်းရှာဖွေမှတ်တမ်းတင်ရေး အေဂျင်စီ ရဲ့ အစီအစဉ်နဲ့ စစ်ကိုင်းတိုင်း၊ ဆားလင်းကြီး ဒေသတစ်ဝိုက်မှာ မကြာသေးမီက ရှာဖွေတွေ့ရှိခဲ့တဲ့ ဒုတိယကမ္ဘာစစ်အတွင်း ကျဆုံးပျောက်ဆုံး ကျန်ရစ်ခဲ့တဲ့ အမေရိကန်စစ်သည်တွေလို့ ဖြစ်နိုင်ခြေ ရှိတဲ့ လူသားရုပ်ကြွင်းတွေကို အမေရိကန်အစိုးရက ဒီနေ့ ပြန်လည် သယ်ယူပို့ဆောင်ခဲ့တာလည်း ဖြစ်ပါတယ်။
ဒီရုပ်ကြွင်းတွေဟာ ဘယ်သူဘယ်ဝါဖြစ်ကြောင်း ဆက်လက်ခွဲခြမ်းစိတ်ဖြာ ရှာဖွေဖော်ထုတ်ဖို့ အမေရိကန်ပြည်ထောင်စု ဟာဝိုင်အီရှိ ဒီပီအေအေရဲ့ဓာတ်ခွဲခန်းကို ပို့ဆောင်သွားဖို့ ရှိပါတယ်။
သံရုံးဒုတိယအကြီးအကဲ ဂျော့ချ်ဆစ်ဘလီက “လွန်ခဲ့တဲ့ ၇၅ နှစ်ကျော်က ရဲရင့်တဲ့ အမေရိကန်တွေဟာ ငြိမ်းချမ်းရေးတရားမျှတမှုနဲ့ လွတ်လပ်မှု အတွက် သူတို့ရဲ့ မိခင်တိုင်းပြည်နဲ့ ဝေးရာ စစ်ကိုင်းတိုင်းဒေသကြီးအတွင်းက မြစ်ကမ်းပါးပေါ်မှာ တိုက်ပွဲဝင်ခဲ့ကြပါတယ်။ ဖြစ်နိုင်ခြေ ရှိတဲ့ အမေရိကန်နိုင်ငံသားတွေရဲ့ ရုပ်ကြွင်းတွေကို ပြန်လည်သယ်ယူပြီး သူတို့ရဲ့တာဝန်ထမ်းရွက်ခဲ့ မှု၊ စွန့်လွတ်အနစ်နာခံခဲ့မှုတွေကို ဂုဏ်ပြုနေသလို ဒီလိုမြင့်မြတ်တဲ့စံတန်ဖိုးတွေကို ထပ်မံ ကတိကဝတ်ပြုပါတယ်။”လို့ ပြောပါတယ်။
ရုပ်ကြွင်းတွေဟာ ၁၉၄၄ ခုနှစ် ဖေဖော်ဝါရီလအတွင်းက ပျောက်ဆုံးခဲ့တဲ့ စစ်သည် ခုနစ်ဦး လိုက်ပါသွားသည့် ဘီ-၂၅ဂျီ လေယာဉ်နဲ့ ဆက်စပ်နေမယ်လို့ ရှာဖွေရေး အေဂျင်စီက ယုံကြည်ထားပါတယ်။
ဒုတိယကမ္ဘာစစ်အတွင်း မြန်မာနိုင်ငံအတွင်း ကျန်ရစ်ပျောက်ဆုံးပြီး ရာဖွေမတွေ့သေးတဲ့ အမေရိကန်စစ်သည် ၅၀၅ ဦး ယနေ့လက်ရှိအချိန်ထိ ကျန်ရှိနေပါသေးတယ်။ မြန်မာနိုင်ငံအတွင်း ၂၀၀၃-၂၀၀၄ မှာ ရှာဖွေရေးအစီအစဉ် ၃ ကြိမ်ပြုလုပ်ခဲ့ပြီး ၂၀၁၃ နှင့် ၂၀၂၀ အတွင်း ၉ ကြိမ် ပြုလုပ်ခဲ့ပါတယ်။
ဒီရှာဖွေရေးအဖွဲ့နဲ့ ပူးပေါင်းဆောင်ရွက်မှု၊ အကူအညီပေးမှုတွေအတွက် မြန်မာနိုင်ငံအစိုးရနဲ့ မြန်မာနိုင်ငံသားတွေကို အမေရိကန် ပြည်ထောင်စုက လှိုက်လှိုက်လှဲလှဲ ကျေးဇူးတင်ပါတယ်လို့ လည်း သံရုံးဒုတိယအကြီးအကဲ ဂျော့ချ်ဆစ်ဘလီက ပြောပါတယ်။
ယခုသတင်းကို DVB Multimedia Group ထံမှ တရားဝင်ဝယ်ယူပြီး ပြန်လည်ဖော်ပြပါသည်",,,,,,
<urn:uuid:063e1592-c15d-40fe-b08b-62bc14a0eaad>,"– က်ားသစ္ကြက္ မီနီစကတ္
– Crop top ႏွင့္ မီနီစကတ္
အျဖဴေရာင္ဆြဲသား လက္မပါတဲ့ ခါးတိုအက်ီ ၤနဲ႔ ၀တ္ဆင္ႏိုင္ၿပီး မီးခုိးေရာင္မီနီစကတ္ အတြင္းထဲ ထည့္၀တ္ႏိုင္ပါတယ္။ ေဒါက္ျမင့္ဖိနပ္အျဖဴေရာင္ေလးကို စီးၿပီး လည္ဆြဲရွည္ေလးကို ၀တ္ဆင္မယ္ဆိုရင္ သင့္ကို ဖက္ရွင္က် လွပေစပါတယ္။ ဒါကို ပါတီမ်ား၊ေရွာပင္ထြက္တဲ့အခါ ၀တ္ဆင္ႏိုင္ပါတယ္။
– နာမည္ႀကီးမင္းသမီးေတြ မီနီစကတ္ကို ဘယ္လုိ၀တ္ဆင္လဲ
ဒီစကတ္ကို အျဖဴေရာင္တီရွပ္နဲ႔ ၀တ္ဆင္ႏိုင္ပါတယ္။ အက်ီ ၤက အံ၀င္ခြင္က် ျဖစ္ဖို႔လုိပါတယ္။ မီနီစကတ္က ပြေယာင္းေယာင္းအက်ီ ၤေတြနဲ႔ မလိုက္ဖက္ပါဘူး။ လက္၀တ္ရတနာကိုေတာ့ အညိဳေရာင္ ဒါမွမဟုတ္ ေငြေရာင္ ၀တ္ဆင္ႏိုင္ပါတယ္။
-ဆယ္ေက်ာ္သက္မိန္းကေလးစတိုင္
အနက္ေရာင္ အသားကပ္ေဘာင္းဘီနဲ႔ အတူ ဆြယ္တာအက်ီ ၤဒီဇိုင္းျဖစ္ပါတယ္။ ေႏြရာသီမွာ ၀တ္ဆင္မယ္ဆိုရင္ေတာ့ ဆြယ္တာအစား တီရွပ္ကို၀တ္ဆင္လို႔ ရပါတယ္။ ခ်စ္စရာေကာင္းၿပီး ဆက္စီက်ေစဖို႔ အနက္ေရာင္ေဒါက္ဖိနပ္ကို ၀တ္ဆင္ေပးပါ။
– ကိုရီးယားစတိုင္
အလ်ားလိုက္လိုင္းေတြနဲ႔ စကတ္က သင့္ဗီဒိုထဲမွာ ရွိရမယ့္ ဖက္ရွင္အသစ္တစ္ခုျဖစ္ပါတယ္။ အနီေရာင္ကန္႔လန္႔လိုင္းပံုစံ မီနီစကတ္ကို အျဖဴေရာင္ ပါးလႊာတဲ့ ခ်ီပြန္ရွပ္အက်ီ ၤႏွင့္၀တ္ဆင္ၿပီး စကတ္အတြင္းထဲကို ထည့္ၿပီး၀တ္ဆင္ပါ။ သင့္၀တ္စံုကို ပိုၿပီးလိုက္ဖက္ေအာင္ အနက္ေရာင္ ဘရာဇီယာ ၀တ္ဆင္ေပးဖို႔ ေသခ်ာပါေစ။
ပါတီ၀တ္စံု
ပါတီတတ္ဖို႔ ဆိုရင္ေတာ့ အျပာေရာင္သက္သက္ မီနီစကတ္ႏွင့္အတူ ႀကိဳးေပ်ာက္အက်ီ ၤနဲ႔ တြဲ၀တ္ဆင္ႏိုင္ပါတယ္။
ေႏြရာသီအတြက္ Crop top အနက္ေရာင္ဖက္ရွင္
အလုပ္၀တ္စံုဒီဇိုင္း
#Lifestyle_Myanmar
#TB_Nandar
Souce- .outfittrend
Unicode
မီနီစကတ်လေးတွေကို ဘယ်လို ချစ်စရာကောင်းအောင် ၀တ်ဆင်မလဲ?
မီနီစကတ်များက နွေရာသီအတွက် အကောင်းဆုံး အဝတ်အစားတစ်စုံဖြစ်ပါတယ်။ ၀တ်ရတာပေါ့ပေါ့ပါးပါးရှိပြီး လူငယ်ဆန်စေပါတယ်။ မီနီစကတ်က သွယ်လျတဲ့ခန္ဓာကိုယ်ရှိတဲ့ မိန်းကလေးများနဲ့ လိုက်ဖက်ပြီး ဆယ်ကျော်သက်အများစု ၀တ်ဆင်ကြပါတယ်။
– Crop top နှင့် မီနီစကတ်
အဖြူရောင်ဆွဲသား လက်မပါတဲ့ ခါးတိုအကျီ င်္နဲ့ ၀တ်ဆင်နိုင်ပြီး မီးခိုးရောင်မီနီစကတ် အတွင်းထဲ ထည့်ဝတ်နိုင်ပါတယ်။ ဒေါက်မြင့်ဖိနပ်အဖြူရောင်လေးကို စီးပြီး လည်ဆွဲရှည်လေးကို ၀တ်ဆင်မယ်ဆိုရင် သင့်ကို ဖက်ရှင်ကျ လှပစေပါတယ်။ ဒါကို ပါတီများ၊ရှောပင်ထွက်တဲ့အခါ ၀တ်ဆင်နိုင်ပါတယ်။
– နာမည်ကြီးမင်းသမီးတွေ မီနီစကတ်ကို ဘယ်လို၀တ်ဆင်လဲ
ဒီစကတ်ကို အဖြူရောင်တီရှပ်နဲ့ ၀တ်ဆင်နိုင်ပါတယ်။ အကျီ င်္က အံဝင်ခွင်ကျ ဖြစ်ဖို့လိုပါတယ်။ မီနီစကတ်က ပွယောင်းယောင်းအကျီ င်္တွေနဲ့ မလိုက်ဖက်ပါဘူး။ လက်ဝတ်ရတနာကိုတော့ အညိုရောင် ဒါမှမဟုတ် ငွေရောင် ၀တ်ဆင်နိုင်ပါတယ်။
-ဆယ်ကျော်သက်မိန်းကလေးစတိုင်
အနက်ရောင် အသားကပ်ဘောင်းဘီနဲ့ အတူ ဆွယ်တာအကျီ င်္ဒီဇိုင်းဖြစ်ပါတယ်။ နွေရာသီမှာ ၀တ်ဆင်မယ်ဆိုရင်တော့ ဆွယ်တာအစား တီရှပ်ကိုဝတ်ဆင်လို့ ရပါတယ်။ ချစ်စရာကောင်းပြီး ဆက်စီကျစေဖို့ အနက်ရောင်ဒေါက်ဖိနပ်ကို ၀တ်ဆင်ပေးပါ။
– ကိုရီးယားစတိုင်
အလျားလိုက်လိုင်းတွေနဲ့ စကတ်က သင့်ဗီဒိုထဲမှာ ရှိရမယ့် ဖက်ရှင်အသစ်တစ်ခုဖြစ်ပါတယ်။ အနီရောင်ကန့်လန့်လိုင်းပုံစံ မီနီစကတ်ကို အဖြူရောင် ပါးလွှာတဲ့ ချီပွန်ရှပ်အကျီ င်္နှင့်ဝတ်ဆင်ပြီး စကတ်အတွင်းထဲကို ထည့်ပြီးဝတ်ဆင်ပါ။ သင့်ဝတ်စုံကို ပိုပြီးလိုက်ဖက်အောင် အနက်ရောင် ဘရာဇီယာ ၀တ်ဆင်ပေးဖို့ သေချာပါစေ။
ပါတီဝတ်စုံ
ပါတီတတ်ဖို့ ဆိုရင်တော့ အပြာရောင်သက်သက် မီနီစကတ်နှင့်အတူ ကြိုးပျောက်အကျီ င်္နဲ့ တွဲဝတ်ဆင်နိုင်ပါတယ်။
#Nandar
Souce-.outfittrend",,,,,,
<urn:uuid:8297757f-b98f-4f21-86f2-005ce01f6664>,"Stanley McChrystal:
စတန်လီ မက်ခရစ်စတယ်လ် နားစိုက်ပါ၊ သင်ယူပါ၊ ပြီးရင် ဦးဆောင်ပါ။
ကြယ်လေးပွင့်အဆင့်ရှိ ဗိုလ်ချုပ်ကြီး စတန်လီ မက်ခရစ်စတယ်လ် က သူစစ်တပ်ထဲအမှုထမ်းခဲ့စဉ် ဆယ်စုနှစ်များအတွင်း နားလည်သိရှိလာခဲ့သော ခေါင်းဆောင်မှု အကြောင်းများကို မျှဝေထားခြင်းဖြစ်ပါသည်။ အရွယ်ပေါင်းစုံနှင့် တတ်ကျွမ်းမှုမျိုးစုံရှိကြသော လူအများကြားတွင် တူညီသောရည်ရွယ်ချက်အသိ ထားရှိလာအောင် မည်သို့ တည်ဆောက်ပေးရပါမည်နည်း? နားစိုက်ထောင်ခြင်း၊ နားလည်အောင် သင်ယူလေ့လာခြင်း နှင့် ကျရှံူးနိုင်ခြေကို ထောက်ပြပြောဆိုခြင်းတို့မှတပါး အခြားမရှိနိုင်ပေ။",,,,,,
<urn:uuid:10463008-6ace-4c08-be1d-8c6927322c3e>,"ဂျီယိုဂျီ ကောနရောတေ
ဤ ဆောင်းပါးသည် အခြားဘာသာစကားမှ မူကြမ်းသဘောမျိုး ဘာသာပြန်ထားသော ဆောင်းပါးဖြစ်သည်။ ပါဝင်သောအကြောင်းအရာများမှာ ဘာသာနှစ်ခုလုံးကို ကျွမ်းကျင်မှုမရှိသော ကွန်ပျူတာ သို့မဟုတ် ဘာသာပြန်ဆော့ဝဲလ် တမျိုးမျိုးအသုံးပြု၍ ရရှိလာသော အကြောင်းအရာများဖြစ်သည်။ ပြည့်စုံကြွယ်ဝသော ဘာသာပြန်မှုဖြစ်စေရန် ကူညီနိုင်ပါသည်။
ဂျော့ကောနရောတေ
|ဖီဂျီသမ္မတ|
တာဝန်ထမ်းဆောင်ဆဲ
|တာဝန် စတင် |
၁၂ နိုဝင်ဘာ ၂၀၁၅
|ဝန်ကြီးချုပ်||ဖရန့်ခ် ဘာနီမာရာမာ|
|ယခင်လူ||အီပေလီ နဲလာတီကော|
|ကိုယ်ရေး အချက်အလက်များ|
|မွေးဖွား||ဂျီယိုဂျီ ကိုနူဆီ ကောနရောတေ|
၂၆ ဒီဇင်ဘာ၊ ၁၉၄၇
ရိုတာမာ, ဖီဂျီ
|နိုင်ငံရေးပါတီ||ဖီဂျီဖှက်စ်ထ်|
|ကြင်ဖော်(များ)||ဆာရောတေ ဖှာဂါ ကောနရောတေ|
|သားသမီး||၂|
|မိခင်ကျောင်း||နာတာဘူအွာ အထက်တန်းကျောင်း|
ဂျီယိုဂျီ ကိုနူဆီ ""ဂျော့"" ကောနရောတေ, ( အင်္ဂလိပ် : Jioji Konousi ""George"" Konorte ) အိုအက်ဖှ်, အမ်စီ သည် (ဒီဇင်ဘာလ ၂၆ ၁၉၄၇) ခုနှစ်ဖွားသူ [၁] တစ်ဦးဖြစ်ပါသည်။ ဖီဂျီ နိုင်ငံရေးသမား၊အငြိမ်းစား ဗိုလ်မှူးချုပ် ဖြစ်ပြီး ဖီဂျီစစ်ဘက်ဆိုင်ရာ တာဝန်ထမ်းဆောင်ခဲ့သည်။ ထိုသူကို ဖီဂျီသမ္မတအဖြစ် ၂၀၁၅ခုနှစ်ကတည်း က
ထမ်းဆောင်ခဲ့သည်။ လက်ဘနွန်နိုင်ငံတွင် ငြိမ်းချမ်းမှုထိန်းသးရေးလုပ်ငန်းတာဝန်ကိုလွှဲပြောင်းပြီးနောက် ကောနရောတေသည် ည် ၂၀၀၁ မှ ၂၀၀၆ အဖီဂျီ ji ၏မဟာမင်းကြီးအဖြစ် ဩစတြေးလျနိုင်ငံ ၊ ၂၀၀၆ ခုနှစ်တွင်လူဝင်မှုကြီးကြပ်ရေးဆိုငရ ၀ န်ကြီးချုပ်အဖြစ်လည်းကောင်း၊ ၂၀၁၄ မှ ၂၀၁၅ အထိအလုပ်အကိုင်အခွင့်အလမ်းများ၊ တအီတော့ကေeသမ္မတမဟုတ်ပါ။ ယခင်သမ္မတကရွေးချယ်ထားသည့်ခဲ့ကြသည့်အတိုင်း လွှတ်တော်ကရွေးကောက်တင်မြှောက်ခံရဖို့အ၇ရက်မောက်နေ့တွင် sအမတ်t ချုလွှတ်တော်ကြီးမှစဆုံးဖြတ်ခဲ့ကြသည်ီ ။ [၂] [၃]
|နိုင်ငံရေးဆိုင်ရာ ရုံးများ
|
အီပေလီ နီလာတီကော
|ယခင်က|
{{{before}}}| style=""width: 40%; text-align: center;"" rowspan=""1""|{{{title}}} ဖီချီ သမ္မတ| style=""width: 30%; text-align: center;"" rowspan=""1""|တာဝန်ထမ်းဆောင်ဆဲ",,,,,,
<urn:uuid:577f4dab-285b-4e98-ada3-e7e50c4502a5>,"ရန်ကုန်၊ အောက်တိုဘာ ၄
eYangon စီမံကိန်း အတွက် ရန်ကုန်တိုင်း ဒေသကြီး အတွင်းရှိ ဌာနဆိုင်ရာများ တွေ့ဆုံညှိနှိုင်း ခဲ့ကြောင်း ရန်ကုန်တိုင်း ဒေသကြီး ကွန်ပျူတာ ပညာရှင် အသင်း ဥက္ကဋ္ဌ ဦးမင်းဦးက ပြောသည်။ ၂.၁၀.၂၀၁၃ ရက်နေ့တွင် ဆွေးနွေး ခဲ့ကြခြင်းဖြစ်ကြောင်း သိ ရသည်။ eYangon စီမံကိန်းအ တွက် Web Portal တည်ဆောက်ရာတွင် သတင်း အချက်အလက်များ ထည့်သွင်းရေး အတွက် ဆွေးနွေး ခဲ့ခြင်းဖြစ်ကြောင်း သိရသည်။
““ဒီစီမံကိန်း အတွက် ဆောင်ရွက် သွားမယ့် အစီအစဉ်တွေကို ပြောပြတာဖြစ်ပါတယ်။ ဒီလုပ်ငန်းက ဌာနဆိုင်ရာတွေ အနေနဲ့ အလွယ်တကူ စတင် နိုင်တဲ့ လုပ်ငန်းစဉ် တစ်ခု ဖြစ်ပြီး ပြည်သူတွေ အတွက်လည်း အတိုင်းအတာ တစ်ခု အထိ အကျိုး ရှိမှာဖြစ်ပါတယ်”” ဟု ဦးမင်းဦးက ပြောသည်။
၀န်ကြီးဌာန အသီးသီး မှ ပေးပို့လာသော အချက်အလက် များကို eYangon ၏ Web Portal ဖြစ်သည့် www.eyangon.gov. mm တွင် ထည့်သွင်း ဖော်ပြသွား မည်ဖြစ်ကြောင်း သိရသည်။၀န်ကြီးဌာန အသီးသီးရှိ အများ ပြည်သူ သိသင့် သိထိုက်သော အ ချက်အလက်များကို အဆိုပါ ၀က်ဘ် ပေါ်တယ်တွင် အလွယ်တ ကူကြည့်ရှုနိုင်မည်ဖြစ်သည်။
““၀န် ကြီးဌာန ၀က်ဘ်ဆိုက်တွေ နာမည် တစ်ခုချင်းကို သိဖို့မလိုဘူး။ eYangon ဆိုတာ သိရုံနဲ့ ဌာနအား လုံးက အချက်အလက်တွေကို တစ် နေရာတည်းမှာ ရရှိမှာဖြစ်ပါတယ်”” ဟု ဦးမင်းဦးက ဆက်လက်ပြော ကြားသည်။ ၀န်ကြီးဌာန အများ အပြားတွင် ၀က်ဘ်ဆိုက်များတည် ဆောက်ထားပြီး ၎င်းင်း၀က်ဘ်ဆိုက် များကိုလည်း eYangon ၀က်ဘ် ပေါ်တယ်တွင် Link အနေဖြင့် ထည့်သွင်းသွားမည်ဖြစ်ကြောင်း သိရသည်။
၀က်ဘ်ဆိုက် မရှိသေးသော ၀န်ကြီး ဌာနများအနေဖြင့် ၎င်းဌာန ၏ အချက်အလက်များကို eYangon ၀က်ဘ်ပေါ်တယ်တွင် ထည့်သွင်းမည်ဖြစ်သည်။ အဆိုပါ ၀က်ဘ်ပေါ်တယ်ကို အောက်တို ဘာလ ၁၇ ရက်နေ့ တပ်မတော်ခန်း မတွင် ကျင်းပမည့် International ICT Exbition ဖွင့်ပွဲအခမ်းအနား တွင် Soft Launch ပြုလုပ်နိုင်ရန် စီစဉ် လျက်ရှိကြောင်း သိရသည်။
““၀န်ကြီး ဌာနတွေရဲ့ ၀က်ဘ်ဆိုက် Link တွေကို ချိတ်ပေးထားပြီး ပင်မ ၀က်ဘ်ပေါ်တယ် မှာလည်း တင်ပေးထားမယ်””ဟု ဦးမင်းဦးက ဆက်လက်ပြောကြားသည်။ နောက်ပိုင်းတွင် ၎င်းပေါ်တယ်မှ တစ်ဆင့် မေးခွန်း မေးမြန်းခြင်းများ၊ အွန်လိုင်း အခြေပြု စီးပွားရေး လုပ်ငန်းများ ဆောင်ရွက်နိုင်ရန် စီစဉ် သွားမည်ဖြစ်ကြောင်း သိရသည်။",,,,,,
<urn:uuid:e0546dc8-f186-4af6-a9a0-4e1190080e9c>,"ဂျပန်နိုင်ငံ အိုဆာကာမြို့လယ်က အဆောက်အအုံတစ်လုံး မီးလောင်ကျွမ်းခဲ့ပြီး အနည်းဆုံး လူ ၂၇ ယောက် သေဆုံးနိုင်တယ်လို့ NHK သတင်းဌာနက ဖော်ပြပါတယ်။ ဒီဖြစ်ရပ်က ရှို့မီးဖြစ်နိုင်သလားဆိုတာကို ရဲတပ်ဖွဲ့က စစ်ဆေးနေပါတယ်။
ရုပ်သံမှတ်တမ်းတွေအရ အဆောက်အအုံ လေးလွှာမှာရှိတဲ့ မီးကျွမ်းထားတဲ့ ပြတင်းပေါက်တွေမှာ မီးသတ်သမားတွေ မီးငြှိမ်းသတ်နေတာ တွေ့ရပါတယ်။ ဒီမီးလောင်မှုမှာ စတုရန်းပေ ၂၁၅ ပေ လောင်ကျွမ်းခဲ့ပြီး မိနစ် ၃၀ အကြာမှာ မီးသတ်သမားတွေက မီးငြှိမ်းသတ်နိုင်ခဲ့တယ်လို့ ဒေသခံမီးသတ်တပ်ဖွဲ့က ပြောပါတယ်။ မီးလောင်ခဲ့တဲ့ အဆောက်အအုံဟာ အိုဆာကာမြို့ရဲ့ စီးပွားရေးနဲ့ ဖျော်ဖြေရေးလုပ်ငန်းတွေ ပေါများတဲ့ခရိုင်မှာ တည်ရှိပါတယ်။
Ref: BBC “Japan: 27 feared dead in Osaka building fire”
Nz (ရိုးရာလေး)",,,,,,
<urn:uuid:41c0d684-78cc-40ce-b667-24bb96ddfda0>,"1နွေကာလ၌ မိုဃ်းပွင့်ကဲ့သို့၎င်း၊ စပါးရိတ်ရာကာလ ၌ မိုဃ်းရေကဲ့သို့၎င်း၊ မိုက်သောသူသည် ဂုဏ်အသရေကို မခံသင့်။ 2စာငှက်သည် အရပ်ရပ်လှည့်လည်၍၊ ဇရက်သည် လည်း ပျံသွားသကဲ့သို့၊ ထိုနည်းတူ အကြောင်းမရှိသော ကျိန်ဆဲခြင်းသည် မသင့်မရောက်တတ်။ 3မြင်းဘို့နှင်တံ၊ မြင်းဘို့ဇက်ကြိုး၊ မိုက်သောသူ၏ ကျောဘို့ ကြိမ်လုံးသည် သင့်ပေ၏။ 4မိုက်သောသူ၏ သဘောသို့လိုက်၍၊ သူ၏စကား ကို မချေနှင့်။ ထိုသို့ချေလျှင် သူနှင့်တူလိမ့်မည်။ 5မိုက်သောသူ၏ သဘောသို့လိုက်၍ သူ၏စကား ကို ချေလော့။ သို့မဟုတ်၊ သူသည် ဝါကြွားသောစိတ် ရှိလိမ့် မည်။ 6မိုက်သော သူတွင် မှာ လိုက်သောသူသည် ကိုယ်ခြေကို ဖြတ်၍ အကျိုးနည်းရှိ၏။ 7သုတ္တံစကားကို မိုက်သောသူ ပြောခြင်းသည် ခြေဆွံ့သောသူ၏ ခြေကြွခြင်း ကဲ့သို့ဖြစ်၏။ 8မိုက်သောသူကို ချီးမြှောက်ခြင်းသည် ကျောက်ပုံ ၌ ကျောက်မြတ်ကို ပစ်ထားခြင်းကဲ့သို့ ဖြစ်၏။ 9ဆူးသည် ယစ်မူးသောသူ၏လက်ကို စူးသကဲ့သို့၊ သတ္တံစကားသည် မိုက်သောသူ၏ နှုတ်၌ရှိ၏။ 10ကြီးသောသူသည် ခပ်သိမ်းသောသူတို့ကို တုန်လှုပ်စေတတ်၏။ မိုက်သောသူနှင့် ပြစ်မှားတတ် သော သူတို့ကို စေသုံးတတ်၏။ 11ခွေးသည် မိမိအန်ဖတ်ကို ပြန်၍စားတတ်သကဲ့ သို့၊ မိုက်သောသူသည် မိုက်သောအကျင့်ကို ပြန်၍ ကျင့်တတ်၏။ 12ငါသည် ပညာရှိ၏ဟု ထင်သောသူရှိလျှင်၊ ထိုသူ၌ မြော်လင့်စရာအခွင့်ရှိသည်ထက်၊ မိုက်သောသူ၌ သာ၍ မြော်လင့်စရာအခွင့်ရှိ၏။ 13ပျင်းရိသောသူက၊ အိမ်ပြင်မှာခြင်္သေ့ရှိ၏။ လမ်းတို့၌ ခြင်္သေ့ရှိ၏ဟု ဆိုတတ်၏။ 14တံခါးရွက်သည် စရွေး၌လည်သကဲ့သို့ ပျင်းရိ သောသူသည် အိပ်ရာပေါ်မှာ လည်တတ်၏။ 15ပျင်းရိသောသူသည် မိမိလက်ကို အိုး၌သွင်း သော်လည်း၊ တဖန်နှုတ်၍ မိမိပစပ်သို့ ခွံရလျှင် စိတ်ညစ် တတ်၏။ 16ပျင်းရိသောသူက၊ ငါသည် အကျိုးအကြောင်းကို ပြတတ်သောသူ ခုနစ်ယောက်ထက်သာ၍ ပညာရှိသည် ဟု ကိုယ်ကိုထင်တတ်၏။ 17လမ်း၌ရှောက်သွား၍ မိမိမဆိုင်သောအမှုကို ရောနှောသောသူသည် ခွေးနားရွက်ကို ကိုင်ဆွဲသောသူ နှင့်တူ၏။ 18ငါကျီစားရုံမျှသာ ပြုသည်ဟုဆိုလျက်၊ 19မိမိအိမ်နီးချင်းကို လှည့်စားသောသူသည် မီးစ၊ မြှား၊ သေဘေးကို ပစ်တတ်သော အရူးနှင့်တူ၏။ 20ထင်းမရှိလျှင် မီးသေတတ်သကဲ့သို့ ကုန်းတိုက် သော သူမရှိလျှင် ရန်ငြိမ်းတတ်၏။ 21မီးခဲချင်းပြုသကဲ့သို့၎င်း၊ ထင်းသည် မီးကိုမွေး သကဲ့သို့၎င်း၊ ရန်တွေ့တတ်သောသူသည် ခိုက်ရန်မှုကို ပြုစုတတ်၏။ 22ကုန်းတိုက်သော သူ၏စကားသည် မြိန်သော ခဲဘွယ် စားဘွယ်ကဲ့သို့ဖြစ်၍၊ ဝမ်းအတွင်းသို့ဝင်တတ်၏။ 23ချစ်အားကြီးသောနှုတ်နှင့်၊ ဆိုးညစ်သော စိတ် နှလုံးသည် ချော်မွမ်းမံသော အိုးခြမ်းနှင့်တူ၏။ 24အငြိုးထားသောသူသည် နှုတ်ဖြင့်လျှို့ဝှက်၍၊ ကိုယ်ထဲမှာလှည့်စားသော သဘောကို ဝှက်ထားတတ်၏။ 25ထိုသို့သောသူ၏ စကားသည် ချိုသော်လည်း မယုံနှင့်။ သူ၏စိတ်နှလုံးထဲမှာ စက်ဆုပ်ရွံရှာဘွယ်သော အရာခုနစ်ပါးရှိ၏။ 26အငြိုးထားခြင်းကို လှည့်စားခြင်းအားဖြင့် ဝှက် ထားသောသူ၏ ဒုစရိုက်အပြစ်သည် ပရိသတ်ရှေ့မှာ ထင်ရှားလိမ့်မည်။ 27တွင်းတူးသောသူသည် မိမိတွင်းထဲသို့ ကျလိမ့် မည်။ ကျောက်ကို လှိမ့်သောသူအပေါ်သို့ ထိုကျောက် သည် ပြန်၍လိမ့် လိမ့်မည်။ 28မုသားပြောတတ်သောသူသည် မိမိညှဉ်းဆဲ သောသူတို့ကို မုန်းတတ်၏။ ချော့မော့တတ်သော သူသည်လည်း ဖျက်ဆီးတတ်၏။
Proverbs 26",,,,,,
<urn:uuid:ab0ef797-3c21-43ef-8490-478476c879b0>,"ဖြိုးကိုကိုတင့်ဆန်း အမှု သက်သေ မလာ၍ ရုံးချိန်း ထပ်မံ ပျက်ကွက်
နေပြည်တော် လေဆိပ်၌ လက်နက်များ ဖမ်းဆီးရမိသဖြင့် အမှု ရင်ဆိုင်နေရသည့် ဟိုတယ် ACE ပိုင်ရှင် ဖြိုးကိုကိုတင့် ဆန်း အမှုတွင် သက်သေများ လာရောက်နိုင်ခြင်း မရှိသဖြင့် ယနေ့ ရုံးချိန်း ပျက်ကြောင်း သတင်း ရရှိသည်။
၂၀၁၈ ခုနှစ် အောက်တိုဘာလ အတွင်းကလည်း ခရိုင် တရားသူကြီး မအားလပ်ခြင်းနှင့် ရဲတပ်ဖွဲ့ဝင် သက်သေများ မအား သဖြင့် ရုံးချိန်း ပျက်ကွက်မှုများ ရှိခဲ့သည်။
ဖြိုးကိုကိုတင့်ဆန်း၏ ရှေ့နေ တရား လွှတ်တော်ရှေ့နေ ဦးမြင့်အောင်က“အဓိကက ရန်ကုန်က တရားစွဲထားတဲ့ အမှုတွေ မှာ ရယက တွေ၊ ရဲသက်သေတွေက တခြား တာဝန်တွေ ရှိလို့၊ မအားလို့ ရံုံးရှေ့ကို မရောက်နိုင်ဘူး။ ဒါကြောင့် ရုံးချိန်း ပျက် တာပါ”ဟု ပြောသည်။
ဖြိုးကိုကိုတင့်ဆန်း၏ အမှုတွဲများကို တပေါင်းတည်း စစ်ဆေးရန် တရား လွှတ်တော်ချုပ်ရုံးက ဆုံးဖြတ်လိုက်သည့် အတွက် အမှုနှင့် ပတ်သက်၍ စွပ်စွဲခံရသူများကို နေပြည်တော် ဒက္ခိဏ သီရိ ခရိုင်တရားရုံးသို့ လွှဲပြောင်းခဲ့ပြီး အမှုတွဲများကို နေပြည် တော်မှ အမှုတွဲ၊ ရန်ကုန်မှ အမှုတွဲ တလှည့်စီ တနင်္လာနေ့တိုင်း စစ်ဆေးမည်ဟု သတ်မှတ်ခဲ့ခြင်း ဖြစ်သည်။
ထိုသို့ အပတ်စဉ် အမှုများကို အလှည့်ကျ စစ်ဆေးမည်ဟု ရုံးချိန်းရက် သတ်မှတ်ထားသော်လည်း ရုံးထုတ် စစ်ဆေးရန် ပျက်ကွက်မှုများ ရှိနေကြောင်း တွေ့ရှိရသည်။
ရှေ့နေ ဦးမြင့်အောင်က“အမြန်စစ်နိုင်အောင် ကြိုးစားနေတယ်။ အဲဒါကြောင့်မို့လို့လည်း ပုံမှန်ဆိုရင် ဒီပြစ်မှုတွေက ၂ ပတ် ချိန်းတယ်။ ၂ ပတ်ဆိုတော့ ၁၅ ရက်ပေါ့။ ဒီမှာ မချိန်းဘူး တပတ်တခါ ချိန်းတယ်”ဟု ဆိုသည်။
ရုံးချိန်း သက်မှတ်ရက်တွင် သက်သေများ၊ နှစ်ဘက်ရှေ့နေနှင့် တရားသူကြီး အားလုံး ဆုံမှ တရားခွင်အတွင်း စစ်ဆေးမှု ပြုလုပ်ရသဖြင့် ယခုကဲ့သို့ သက်သေ လာရောက်ခြင်း မရှိသဖြင့် ရုံးချိန်း ပျက်ကွက်ခြင်း ဖြစ်သည်။
ဖြိုးကိုကိုတင့်ဆန်းအား မူးယစ်မှု၊ လက်နက်မှု၊ နိုင်ငံတော် အထိမ်းအမှတ် တံဆိပ် တုပ သုံးစွဲမှု၊ ပို့ကုန် သွင်းကုန် ဥပဒေ၊ ဆက်သွယ်ရေး ဥပဒေ၊ ၁၉၂၃ မြန်မာနိုင်ငံ အစိုးရ လျှို့ဝှက်ချက် အက်ဥပဒေ အစရှိသည့် ပုဒ်မ တို့ဖြင့် အမှုပေါင်း ၂၀ ကျော် စွဲဆိုထားခြင်း ဖြစ်သည်။
၂၀၁၇ ခုနှစ်အောက်တိုဘာလ ၁၅ ရက်က နေပြည်တော် လေဆိပ်တွင် ဖြိုးကိုကိုတင့်ဆန်း၊ ရဲမင်းဆွေ၊ ဇော်ဝင်းထိုက် တို့ထံမှ ပစ္စတို ၂ လက်၊ ကျည်ဆန်များ၊ စိတ်ကြွဆေးပြားများ စစ်ဆေးတွေ့ရှိခဲ့ပြီးနောက် ကွင်းဆက် အဖြစ် ACE ရုံးနှင့် နေအိမ်၌ လက်နက်၊ စကားပြောစက်၊ နိုင်ငံတော် လုံခြုံရေး ကဲ့သို့သော အဖွဲ့အစည်း တံဆိပ်စသည့် ပစ္စည်းများကို တွေ့ရှိခဲ့ သဖြင့် အမှုဖွင့်လှစ်ကာ ဖမ်းဆီးခဲ့ခြင်း ဖြစ်သည်။
ရန်ကုန်၊ မန္တလေးနှင့် ပဲခူး မြို့ကြီးတို့ရှိ တရားရုံးများတွင် ၂၀၁၇ ခုနှစ်မှ စ၍ Case Management Program (CMP) စီမံ ခန့်ခွဲသည့် စီမံချက်များ ရှိကြောင်း၊ သို့သော် နေပြည်တော်တွင် ယင်းကဲ့သို့ CMP မရှိသေးကြောင်း၊ အဆိုပါ စီမံချက် ရှိခြင်းအားဖြင့် တရားရုံးသို့ အမှုများ ရောက်ရှိလာပါက အမှုများကို အဆင့် ၃ ဆင့်ခွဲ၍ သတ် မှတ်ထားကြောင်း၊ နိုင်ငံ တ ကာတွင်လည်း ထိုကဲ့သို့ စနစ်ရှိကြောင်း ပျဉ်းမနားမြို့မှ တရားလွှတ်တော် ရှေ့နေ ဦးခင်မောင်ဇော်က ပြောသည်။
ရှေ့နေ ဦးခင်မောင်ဇော်က“CMP ရှိတဲ့ ရုံးတွေမှာ အမှုကို စပြီး စစ်ကတည်းက ညှိတယ်။ ဒီအမှုက ဘယ်လိုအမှု ဖြစ်တယ်။ အဆင့် ၃ မျိုး ခွဲထားတယ်။ ပထမ တမျိုးဆို ဘယ်နှလနဲ့ ပြတ်၊ ဒုတိယ တမျိုးဆိုရင် ဘယ်နှလ နဲ့ ပြတ်၊ တတိယ တမျိုး ဆိုရင် တနှစ်လား အဲဒီလို မျိုးပေါ့။ စီမံချက် တခါတည်း ချတယ်။ ဘယ်သက်သေကို ဘယ်နေ့စစ်၊ သက်သေကို ရအောင် ခေါ်ခဲ့ရတာပေါ့”ဟု ပြောဆိုသည်။
နေပြည်တော်တွင် CMP မရှိခြင်းမှာ တရား လွှတ်တော်ချုပ် အနေဖြင့် နှိုင်းနှိုင်း ယှဉ်ယှဉ် လုပ်နေသည် ထင်မြင်ကြောင်း၊ CMP ရှိပါက အကုန်လုံး အတွက် တင်းကြပ်သွား၍ CMP ရှိသည့် နေရာများတွင် ရှေ့နေများလည်း ညည်းကြောင်း၊ ရုံးချိန်း ကို ကြိုချိန်းပြီး သတ်မှတ်ရခြင်းဖြစ်ခြင်းကြောင့် ရုံးချိန်းရက်တွင် မဖြစ်မနေ ရုံးကိုလာရကြောင်း ဦးခင်မောင်ဇော် က ရှင်းပြ သည်။
၂၀၁၈ အောက်တိုဘာလ အတွင်းက ရုံးချိန်းတွင်လည်း ခရိုင် တရားသူကြီး ဦးတင့်လွင် တာဝန်နှင့် အစည်းအဝေး နှစ်ခု တက် နေရသည့် အတွက် ရုံးချိန်း ပျက်ကွက်ခဲ့ပြီး မြန်မာနိုင်ငံ ရဲတပ်ဖွဲ့နေ့ အခမ်းအနားတွင်လည်း သက်သေမှာ ရဲတပ်ဖွဲ့ဝင် ဖြစ်သည့် အတွက် စစ်ဆေးနိုင်ခြင်း မရှိဘဲ ရုံးချိန်း ပျက်ကွက်မှုများ ရှိခဲ့သည်။
နေပြည်တော်နှင့် ရန်ကုန်မြို့တွင် လက်နက်၊ မူးယစ်ဆေးဝါးများစွာဖြင့် ဖမ်းဆီးရမိခဲ့သော ဖြိုးကိုကိုတင့်ဆန်း အမှု အတွက် စုစုပေါင်း တရားလို ပြသက်သေ ၄၀၀ ကျော်မှ လက်ရှိ အချိန်ထိ ၁၈၄ ဦး စစ်ဆေးပြီး ဖြစ်သည်။
နောက်ထပ် ရုံးချိန်းကို ဇန်နဝါရီ ၂၁ ရက်သို့ ပြန်လည် ချိန်းဆိုလိုက်သည်။",,,,,,
<urn:uuid:8e94a822-17ff-481b-8736-320e0a21223c>,"MPT Money က MPU, Visa, MasterCard, JCB, Union Pay ကတ်များအသုံးပြုခြင်းနှင့် နီးစပ်ရာ NearMe ဆိုင်တို့မှ ငွေဖြည့်နိုင်မည့်ဝန်ဆောင်မှုသစ်ကို မိတ်ဆက်17 Nov 2020
(သုံးစွဲသူများသည် ၎င်းတို့၏ E-wallets သို့ မည်သည့် NearMe ဆိုင်များတွင်မဆို အနည်းဆုံးငွေဖြည့်ပမာဏ ၁၀, ၀၀၀ ကျပ် မှစ၍ ငွေလွှဲခပေးစရာမလိုဘဲ အဆင်ပြေလွယ်ကူစွာဖြင့်ငွေဖြည့်နိုင်ပြီ)
(ရန်ကုန်၊ ၂၀၂၀ ပြည့်နှစ်၊ နိုဝင်ဘာလ ၁၇ ရက်) – မြန်မာနိုင်ငံ၏ ယုံကြည်စိတ်ချရဆုံး ဒီဂျစ်တယ်ငွေကြေး ဝန်ဆောင်မှုလုပ်ငန်းတစ်ခုဖြစ်သည့် MPT Money သည် သုံးစွဲသူများအား ၎င်းတို့၏ MPU, Visa, MasterCard, JCB နှင့် UnionPay ကတ်များကို အသုံးပြု၍ ငွေဖြည့်သွင်းနိုင်စေရန် နှင့် သုံးစွဲသူများ၏ အနီးအနားရှိ NearMe ဆိုင်များတွင် လွယ်ကူလျင်မြန်သော အခမဲ့ငွေဖြည့်ဝန်ဆောင်မှု (E-money ငွေဖြည့်သွင်းမှု) ကို ထပ်မံတိုးချဲ့ မိတ်ဆက်လိုက်ပြီဖြစ်သည်။ ယခုမိတ်ဆက်လိုက်သော ဝန်ဆောင်မှုဖြင့် MPT Money သုံးစွဲသူများသည် ၎င်းတို့၏ ငွေပေးချေကတ်များကို အသုံးပြု၍ E-Wallet အကောင့်အတွင်းသို့ ငွေသားများ ဖြည့်သွင်းနိုင်ပြီး မိမိနှင့်အနီးစပ်ဆုံးရှိ NearMe ဆိုင်များတွင်လည်း ငွေဖြည့်သွင်းနိုင်ပါသည်။
အဆိုပါဝန်ဆောင်မှုအသစ်ဖြင့် MPT Money သုံးစွဲသူများသည် MPT Money အက်ပလီကေးရှင်းကို အသုံးပြု၍ ၎င်းတို့၏ E-Wallets သို့ ငွေဖြည့်သွင်းမှုကို မြန်မာနိုင်ငံအတွင်း အသုံးပြုနေသော MPU, Visa, MasterCard, JCB (သို့မဟုတ်) UnionPay ငွေပေးချေမှုကတ်များမှတစ်ဆင့် လုံခြုံစိတ်ချစွာ၊ အဆင်ပြေလွယ်ကူစွာဖြင့် ပြုလုပ်နိုင်မည် ဖြစ်သည်။ ငွေဖြည့်သွင်းမှုလုပ်ဆောင်နိုင်ရန်အတွက် MPT Money သုံးစွဲသူများအနေဖြင့် ဖြည့်သွင်းငွေပမာဏ အနည်းဆုံး ၅,၀၀၀ ကျပ် ဖြည့်သွင်းရမည် ဖြစ်သည်။
ထို့အပြင် MPT Money သုံးစွဲသူများသည် NearMe ဆိုင်များဖြစ်သော မြို့နယ်ရပ်ကွက်တွင်းရှိ ဆိုင်များ၊ စတိုးဆိုင်များ၊ စူပါမားကတ်များနှင့် စက်သုံးဆီအရောင်းဆိုင်များ၌ ငွေပေးချေမှုအမျိုးမျိုးကို ပြုလုပ်နိုင်ပါသည်။ MPT Money သည် City Mart, City Express, Ocean, City Mart Marketplace, Oasis, Amazing Mart, Amazing Mall, Life Plus, RH & RV Mobile, Aeon Orange Super Market, Carrefour Easy နှင့် Denko ဆီဆိုင်များ အပါအဝင် လက်ရှိတွင် ကိုယ်စားလှယ်ပေါင်း (၅၀၀)ကျော်နှင့် လက်တွဲဆောင်ရွက်လျက် ရှိပြီး အနည်းဆုံး ၁၀,၀၀၀ ကျပ် မှစ၍ မိမိတို့၏ Mobile Wallets အတွင်းသို့ လွယ်ကူ အဆင်ပြေချောမွေ့စွာဖြင့် နီးစပ်ရာ NearMe ဆိုင်တို့တွင် ငွေဖြည့်ဝန်ဆောင်မှုကို ဆောင်ရွက်နိုင်တော့မည် ဖြစ်သည်။
ယခုအခါ MPT Money သုံးစွဲသူများအနေဖြင့် ငွေဖြည့်သွင်း ဝန်ဆောင်မှုများကို ငွေလွှဲခပေးရန်မလိုဘဲ နီးစပ်ရာ NearMe ဆိုင်များနှင့် MPU, Visa, MasterCard, JCB (သို့မဟုတ်) UnionPay ငွေပေးချေမှုကတ်များမှတစ်ဆင့် လုံခြုံစိတ်ချစွာ၊ အဆင်ပြေလွယ်ကူစွာဖြင့် ငွေဖြည့်ဝန်ဆောင်မှုကို ပြုလုပ်နိုင်မည်ဖြစ်သည်။
MPT Money ကုမ္ပဏီလီမိတက်၏ အုပ်ချုပ်မှုဒါရိုက်တာဖြစ်သူ ဦးခင်မောင်မြင့်က “ကိုဗစ်-၁၉ ကပ်ရောဂါ ဖြစ်ပွားနေစဉ်ကာလမှာ ကျွန်တော်တို့ရဲ့သုံးစွဲသူတွေအတွက် လုံခြုံစိတ်ချမှုနဲ့ အဆင်ပြေလွယ်ကူရေးဟာ အဓိကဦးစားပေးအချက်ဖြစ်လာတာနဲ့အညီ အခုအသစ်ပေးအပ် လိုက်တဲ့ဝန်ဆောင်မှုကတစ်ဆင့် သုံးစွဲသူတွေဟာ သူတို့ရဲ့ MPT Money E-wallet အကောင့်ထဲကို MPU, Visa, MasterCard, JCB, UnionPay ကတ်တွေအသုံးပြုပြီး ငွေဖြည့်သွင်းနိုင်သလို NearMe ဆိုင်တွေအားလုံးမှာလည်း ငွေဖြည့်သွင်းနိုင်အောင် ဆောင်ရွက်ပေးလိုက်ပြီဖြစ်ပါတယ်။ လွယ်ကူအဆင်ပြေ၊ စိတ်ချလုံခြုံမှုရှိစွာနဲ့ အကျိုးရှိတဲ့ ငွေဖြည့်သွင်းမှု နည်းလမ်းအတွက် ခိုင်မာမှုရှိတဲ့ NearMe ဆိုင်တွေနဲ့ ငွေပေးချေမှုကတ် ဝန်ဆောင်မှုတွေနဲ့ အခုလိုပူးပေါင်းခြင်းကတစ်ဆင့် ကျွန်တော်တို့ဟာမြန်မာနိုင်ငံရဲ့ရှေ့ဆောင် ဒီဂျစ်တယ်ငွေကြေးဝန်ဆောင်မှုလုပ်ငန်းတစ်ခုအနေနဲ့ ကျွန်တော်တို့ ရဲ့အခန်းကဏ္ဍကို ပိုပြီးခိုင်မာအောင် ဆောင်ရွက်သွားမှာပဲ ဖြစ်ပါတယ်။”ဟု ရှင်းလင်းပြော ကြားခဲ့သည်။
E-commerce စနစ်ကို လျှောက်ထားအသုံးပြုလျက်ရှိသော MPUငွေပေးချေကတ်များဖြင့်သာ MPT Money အကောင့် အတွင်းသို့ ငွေဖြည့်ဝန်ဆောင်မှုကို လုပ်ဆောင်နိုင်ပါသည်။ MPU ကတ်သုံးစွဲသူများအနေဖြင့် E-commerce ဝန်ဆောင်မှုကို https://www.mpu-ecommerce.com/Payment/OnlineEnrollment/Check တွင် လျှောက်ထားရန် လိုအပ်ပါသည်။ ကျန်ကတ်အမျိုးအစားများအတွက် E-commerce စနစ်ကို လျှောက်ထားရန်မလိုအပ်ပါ။
MPT Money ၏ ဝန်ဆောင်မှုများနှင့်ပတ်သက်၍ ပိုမိုသိရှိလိုပါက ၉၉၀ သို့ ဆက်သွယ်ခေါ်ဆိုခြင်း သို့မဟုတ် MPT Money ၏ တရားဝင်ဖေ့စ်ဘုတ်ခ်စာမျက်နှာ ဖြစ်သော www.facebook.com/MPTMoneyOfficial သို့ ဝင်ရောက်ကြည့်ရှုနိုင်ပါသည်။",,,,,,
<urn:uuid:4e7b8863-ece3-4f82-ad1c-d2c1c0e3c6ad>,"ေနျပည္ေတာ္၊ ၾသဂုတ္ ၁၈
ရုရွားဖက္ဒေရးရွင္းႏိုင္ငံတြင္ က်င္းပျပဳလုပ္ခဲ့သည့္ International Army Games-2019 ပိတ္ပြဲအခမ္းအနားသို႕ တက္ေရာက္ခဲ့ေသာ တပ္မေတာ္ကာကြယ္ေရးဦးစီးခ်ဳပ္ ဗိုလ္ခ်ဳပ္မွဴးႀကီး မင္းေအာင္လိႈင္ ဦးေဆာင္ေသာ ျမန္မာ့တပ္မေတာ္ကိုယ္စားလွယ္အဖြဲ႕ သည္ ယေန႕နံနက္ပိုင္းတြင္ ေမာ္စကုိၿမိဳ႕ရွိ ျမန္မာ့ေထရ၀ါဒဗုဒၶ၀ိဟာရ(ေမာ္စကို)သို႔ သြားေရာက္ၿပီး ေက်ာင္းထုိင္ဆရာေတာ္ ေဒါက္တာ ဘဒၵႏၲအစၦရိယအား ဖူးေျမာ္ၾကည္ညိဳၾကကာ လွဴဖြယ္ပစၥည္းမ်ားႏွင့္ ေန႔ဆြမ္းဆက္ကပ္ လွဴဒါန္းခဲ့ၾကသည္။
ဦးစြာ တပ္မေတာ္ကာကြယ္ေရးဦးစီးခ်ဳပ္ႏွင့္ အဖြဲ႕၀င္မ်ားသည္ ျမန္မာ့ေထရ၀ါဒ ဗုဒၶ၀ိဟာရ (ေမာ္စကို) ေက်ာင္းထုိင္ဆရာေတာ္ထံအား သာသနာေရးဆုိင္ရာမ်ားေလွ်ာက္ ထားၾကၿပီး လွဴဖြယ္ပစၥည္းမ်ားႏွင့္ န၀ကမၼအလွဴေငြမ်ားအားဆက္ကပ္လွဴဒါန္းကာ လွဴဒါန္းမႈအစုစုအတြက္ ေရစက္သြန္းခ် အမွ်ေပးေ၀ ၾကသည္။
ထုိ႕ေနာက္ တပ္မေတာ္ကာကြယ္ေရးဦးစီးခ်ဳပ္ႏွင့္ အဖြဲ႕၀င္မ်ားသည္ ျမန္မာ့ေထရ၀ါဒဗုဒၶ၀ိဟာရ (ေမာ္စကို)ေက်ာင္းထုိင္ဆရာေတာ္ ေဒါက္တာ ဘဒၵႏၲအစၦရိယ အမွဴးျပဳေသာ ဆရာေတာ္၊ သံဃာေတာ္မ်ားအား ေန႕ဆြမ္းဆက္ကပ္လွဴဒါန္း ခဲ့ၾကသည္။
ယင္းေနာက္ တပ္မေတာ္ကာကြယ္ေရးဦးစီးခ်ဳပ္သည္ ျမန္မာ့ေထရ၀ါဒ ဗုဒၶ၀ိဟာရ (ေမာ္စကုိ) တြင္ ဆက္လက္ေဆာင္ရြက္သြားမည့္ သာသနိကအေဆာက္အဦ တည္ေဆာက္ေရးကိစၥရပ္မ်ား၊ ဗုဒၶဘာသာသာသနာထြန္းကားျပန္႕ပြားေရးဆုိင္ရာ ကိစၥရပ္မ်ားအား ေမးျမန္းေလွ်ာက္ထားၿပီး ေက်ာင္း၀န္းအတြင္း ေက်ာင္းထုိင္ဆရာေတာ္ ေဒါက္တာ ဘဒၵႏၲအစၦရိယႏွင့္အတူ လုိက္လံၾကည့္႐ႈ ခဲ့ၾကသည္။
(Unicode Version)
တပ်မတော်ကာကွယ်ရေးဦးစီးချုပ် ဗိုလ်ချုပ်မှူးကြီး မင်းအောင်လှိုင် ဦးဆောင်သော ကိုယ်စားလှယ် အဖွဲ့ မြန်မာ့ထေရဝါဒဗုဒ္ဓဝိဟာရ(မော်စကို)သို့သွားရောက်၍ သံဃာတော်များအား လှူဖွယ်ပစ္စည်း များနှင့် နေ့ဆွမ်းဆက်ကပ်လှူဒါန်း
နေပြည်တော်၊ သြဂုတ် ၁၈
ရုရှားဖက်ဒရေးရှင်းနိုင်ငံတွင် ကျင်းပပြုလုပ်ခဲ့သည့် International Army Games-2019 ပိတ်ပွဲအခမ်းအနားသို့ တက်ရောက်ခဲ့သော တပ်မတော်ကာကွယ်ရေးဦးစီးချုပ် ဗိုလ်ချုပ်မှူးကြီး မင်းအောင်လှိုင် ဦးဆောင်သော မြန်မာ့တပ်မတော်ကိုယ်စားလှယ်အဖွဲ့ သည် ယနေ့နံနက်ပိုင်းတွင် မော်စကိုမြို့ရှိ မြန်မာ့ထေရဝါဒဗုဒ္ဓဝိဟာရ(မော်စကို)သို့ သွားရောက်ပြီး ကျောင်းထိုင်ဆရာတော် ဒေါက်တာ ဘဒ္ဒန္တအစ္ဆရိယအား ဖူးမြော်ကြည်ညိုကြကာ လှူဖွယ်ပစ္စည်းများနှင့် နေ့ဆွမ်းဆက်ကပ် လှူဒါန်းခဲ့ကြသည်။
ဦးစွာ တပ်မတော်ကာကွယ်ရေးဦးစီးချုပ်နှင့် အဖွဲ့ဝင်များသည် မြန်မာ့ထေရဝါဒ ဗုဒ္ဓဝိဟာရ (မော်စကို) ကျောင်းထိုင် ဆရာတော်ထံအား သာသနာရေးဆိုင်ရာများလျှောက် ထားကြပြီး လှူဖွယ်ပစ္စည်းများနှင့် နဝကမ္မအလှူငွေများအားဆက်ကပ်လှူဒါန်းကာ လှူဒါန်းမှုအစုစုအတွက် ရေစက်သွန်းချ အမျှပေးေ၀ ကြသည်။
ထို့နောက် တပ်မတော်ကာကွယ်ရေးဦးစီးချုပ်နှင့် အဖွဲ့ဝင်များသည် မြန်မာ့ထေရဝါဒဗုဒ္ဓဝိဟာရ (မော်စကို)ကျောင်းထိုင် ဆရာတော် ဒေါက်တာ ဘဒ္ဒန္တအစ္ဆရိယ အမှူးပြုသော ဆရာတော်၊ သံဃာတော်များအား နေ့ဆွမ်းဆက်ကပ်လှူဒါန်း ခဲ့ကြသည်။
ယင်းနောက် တပ်မတော်ကာကွယ်ရေးဦးစီးချုပ်သည် မြန်မာ့ထေရဝါဒ ဗုဒ္ဓဝိဟာရ (မော်စကို) တွင် ဆက်လက်ဆောင်ရွက်သွားမည့် သာသနိကအဆောက်အဦ တည်ဆောက်ရေးကိစ္စရပ်များ၊ ဗုဒ္ဓဘာသာသာသနာထွန်းကားပြန့်ပွားရေးဆိုင်ရာ ကိစ္စရပ်များအား မေးမြန်းလျှောက်ထားပြီး ကျောင်းဝန်းအတွင်း ကျောင်းထိုင်ဆရာတော် ဒေါက်တာ ဘဒ္ဒန္တအစ္ဆရိယနှင့်အတူ လိုက်လံကြည့်ရှု ခဲ့ကြသည်။",,,,,,
<urn:uuid:7699bcd1-c639-47b8-ab32-9776c300c5fa>,"လူအတော်များများက လှပဆန်းကြယ်တဲ့နေရာတွေဆီ ချစ်သူနဲ့အတူအလည်သွားတဲ့အချိန်တွေတိုင်း Romantic ဆန်တဲ့ဓာတ်ပုံတွေ ၊ မိန်ကလေးဆိုရင်လည်း စတိုင်ကျလှပတဲ့ဓာတ်ပုံမျိုးတွေသာ ရိုက်ကူးချင်ကြမှာပါ ။ သို့ပေမဲ့လည်း ယခုဖော်ပြမဲ့စုံတွဲကတော့ ၎င်းတို့ရဲ့စိတ်ကူး idea အသစ်နဲ့ ဓာတ်ပုံတွေကရိုက်ယူထားခဲ့ပါတယ် ။
အဲဒါကတော့ လှပတဲ့ရှုခင်းနေရာတွေမှာ Ro ဆန်တဲ့ ဓာတ်ပုံရိုက်မဲ့အစား ကောင်လေးကချစ်သူကောင်မလေးရဲ့ဆံပင်ကိုစောင့်ဆွဲလို့ ကောင်မလေးက ရုပ်ပျက်ဆင်းပျက်လဲကျသွားတဲ့ပုံစံမျိုးနဲ့ ဓာတ်ပုံရိုက်ယူခဲ့ကြတာပါ ။ အဆိုပါစုံတွဲ ရိုက်ယူထားခဲ့ကြတဲ့ ဓာတ်ပုံတွေဟာ လူအတော်အများကို အံ့သြစေခဲ့ပြီး 2020 ခုနှစ်ရဲ့အကောင်းဆုံးစုံတွဲဓာတ်ပုံအဖြစ် သတ်မှတ်ရလောက်တဲ့အထိ လူကြိုက်များခဲ့ပါတယ် ။ စာဖတ်သူတွေ ရယ်မောနိုင်အောင် အဆိုပါစုံတွဲရဲ့ဓာတ်ပုံတွေကို ဝေမျှပေးလိုက်ပါတယ် ။
#1
#2
#3
#4
#5
#6
#7
#8
#9
#10
#11
#12
#13",,,,,,
<urn:uuid:0ad92a92-9404-4225-93d7-648e18624c07>,"အလုံ အကယ်ဒမီဆေးရုံအနီးရှိ 12.5 x 50 အကျယ် စီးပွားရေးလုပ်ရန်သင့်တော်သော မြေညီ+ မှန်ခန်းအမြန်ရောင်းမည်။
- တိုင်း/ပြည်နယ်: ရန်ကုန်တိုင်း
- မြို့နယ်စုံ: အလုံ
- ရောင်း/ငှား: ရောင်း
- အိမ်ခြံမြေအမျိုးအစား: ရုံးခန်း နှင့် ဆိုင်ခန်းများ
- အထပ်: -Ground Floor , မှန်ခန်း
- Property ID: 52164
- လမ်းအမည်: အကယ်ဒမီဆေးရုံအနီး
- Common Bedroom: 2
- Bathroom: 1
- Property size: 625 Sqft
- မျက်နှာစာအကျယ်: 12.5 ft
- Phone: 09-894099077/ 09-894099022/ 01-667758
- Bank Loan: ဘဏ်အားလုံး နှင့် ချိတ်ဆက်ဝယ်ယူနိုင်သည်
- ရောင်းဈေး: 1250 သိန်း
အခြားပါဝင်သော ပစ္စည်းများ
Details
1 Air Con
1 ကြိုးဖုန်း
ကိုရီးယားပါကေးခင်း + လျှာထိုးခင်း
တိုက်သက်တမ်း = 7 နှစ်
စားသောက်ဆိုင်များနှင့် စတိုးဆိုင်များအနီး
- ID: 52164
- Online တင်ခဲ့သည့်နေ့ ဒီဇင်ဘာ 13, 2020
- နောက်ဆုံးပြင်ဆင်ခဲ့သည့်နေ့ ဒီဇင်ဘာ 14, 2020
- ကြည့်ရှုပြီး 85",,,,,,
<urn:uuid:4ed349f5-fae7-445f-9230-eba59725cf70>,"ဥေရာပ ႏုိင္ငံေတြမွာ အၾကမ္းဖက္သမားေတြ တုိက္ခိုက္လာႏုိင္တဲ့ အႏၲရာယ္ ရွိတဲ့အတြက္ အေမရိကန္ ႏုိင္ငံသားေတြ ဥေရာပကို ခရီးသြားမယ္ဆုိရင္ ႏုိးႏုိးၾကားၾကား သတိနဲ႔သြားလာဖုိ႔ အေမရိကန္ အစိုးရက ႏႈိးေဆာ္စာ ထုတ္ျပန္လိုက္ပါတယ္။
ဒီလုိ ခရီးသြား သတိေပးခ်က္ ထုတ္ျပန္တာဟာ ဥေရာပတုိက္က ႏုိင္ငံေတြ အားလုံးအတြက္ ၿခဳံငုံထုတ္ျပန္တာ ျဖစ္ၿပီး ဥေရာပက ဘယ္ႏုိင္ငံအတြက္ဆုိၿပီး သီးသန္႔ သတ္မွတ္ထားတာ မရွိဘူးလို႔ ဆုိပါတယ္။
အယ္လ္ကုိင္းဒါး အဖြဲ႕အျပင္ သူနဲ႔ ဆက္ႏြယ္ေနတဲ့ အၾကမ္းဖက္ အဖြဲ႕အစည္းေတြက အၾကမ္းဖက္ တုိက္ခုိက္မႈေတြ ဆက္ၿပီး လုပ္ဖို႔အတြက္ စီစဥ္ေနေၾကာင္း မၾကာခင္ကမွ သတင္းေတြ ရထားတဲ့အျပင္ ဥေရာပ ႏုိင္ငံေတြက တခ်ဳိ႕အစုိးရေတြကလည္း အၾကမ္းဖက္မႈ အႏၲရာယ္ ရွိေနတယ္လို႔ ထုတ္ေဖာ္ ေျပာဆုိၾကတာေၾကာင့္ အခုလို သတိေပးခ်က္ ထုတ္ျပန္လုိက္တာ ျဖစ္ပါတယ္။
ခရီးသြားေတြ အမ်ားဆုံးသုံးတဲ့ လမ္းပန္းဆက္သြယ္ေရး စနစ္ေတြနဲ႔ တျခား ခရီးသြား အေဆာက္အဦး ေတြဟာ အၾကမ္းဖက္သမားေတြ တုိက္ခုိက္တတ္တဲ့ ေနရာေတြ ျဖစ္တာမုိ႔ အေမရိကန္ ႏုိင္ငံသား ခရီးသြားေတြအတြက္ ဒီလိုေနရာမ်ဳိးေတြမွာ သတိႀကီးႀကီးထားၿပီး သြားလာဖို႔အတြက္ အေမရိကန္ ႏုိင္ငံျခားေရး ၀န္ႀကီးဌာနက သတိေပးထားပါတယ္။
ဒီ ခရီးသြား သတိေပးခ်က္ေၾကာင့္ အေမရိကန္ ႏုိင္ငံသားေတြ အားလပ္ရက္ ခရီးထြက္ဖုိ႔ စီစဥ္မႈေတြနဲ႔ ဥေရာပ ခရီးသြားဖို႔ စီစဥ္ထားတာေတြအတြက္ ခရီးစဥ္ေတြ ဖ်က္သိမ္းတတ္တာမ်ဳိးေတြ ရွိလာႏုိင္ပါတယ္။
ဥေရာပတုိက္မွာရွိတဲ့ ၿဗိတိန္၊ ျပင္သစ္နဲ႔ ဂ်ာမဏီႏုိင္ငံက ၿမိဳ႕ႀကီးေတြမွာ ပါကစၥတန္ အေျခစုိက္ စစ္ေသြးႂကြ အဖြဲ႕ေတြက အၾကမ္းဖက္ တုိက္ခုိက္မႈမ်ဳိးေတြ လုပ္ဖို႔အတြက္ ႀကံစည္ေနေၾကာင္း မၾကာခင္ရက္ေတြ အတြင္းက ေဖာ္ထုတ္ႏုိင္ခဲ့တယ္လို႔ အေနာက္တုိင္း ေထာက္လွမ္းေရး အရာရွိေတြက ေျပာပါတယ္။",,,,,,
<urn:uuid:2a930521-48ad-40d1-9610-544e4c3ed514>,"၆ လအတွင်း အကောင့်တုပေါင်း ၁.၅ ဘီလျံအထိ ဖယ်ရှားခဲ့ကြောင်း Facebook ပြော
New York Times သတင်းစာဟာ Facebook ရင်ဆိုင်နေရတဲ့ ပြဿနာတွေအကြောင်းနဲ့ ရုရှားတွေရဲ့ ဝင်ရောက်စွက်ဖက်မှု အကြောင်းတွေကို စုံစမ်းစစ်ဆေးထားတဲ့ ဆောင်းပါးတပုဒ်ကို ဖော်ပြခဲ့ပြီး နောက်တရက်မှာတော့ Facebook ဟာ တနှစ်ကို နှစ်ကြိမ် ထုတ်ပြန်နေကြ Community Standards Enforcement အစီရင်ခံစာကို ထုတ်ပြန်ပေးခဲ့ပါတယ်။
၂၀၁၈ ခုနှစ်၊ ပထမနှစ်ဝက်အတွင်း လုပ်ဆောင်ချက်များကို ဖော်ပြထားတဲ့ လူမှုကွန်ရက်ဆိုင်ရာစံနှုန်းများ ကြပ်မတ်မှု အစီရင်ခံမှာ အကြောင်းအရာ ကဏ္ဍမျိုးစုံကို စုံလင်စွာ ဖော်ပြပေးထားပါတယ်။ ဒါ့အပြင် အသုံးပြုသူဒေတာတွေကို အစိုးရက တောင်းခံမှုဆိုင်ရာ မှတ်တမ်းတွေနဲ့ Facebook ရဲ့ ထုတ်ကုန်နှင့် ဝန်ဆောင်မှုတွေ ပြတ်တောက်မှုဆိုင်ရာ မှတ်တမ်းတွေကိုလည်း ပြုစုဖော်ပြထားတာ တွေ့ရမှာပါ။
လူမှုကွန်ရက်ဆိုင်ရာစံနှုန်း ကြပ်မတ်မှုအပိုင်းနဲ့ ပတ်သတ်ပြီး ပြီးခဲ့တဲ့ ၆ လအတွင်း အကောင့်တုပေါင်း ၁ ဒဿမ ၅ ဘီလျံလောက်ကို ဖယ်ရှားခဲ့ရကြောင်း Facebook က ယခုအစီရင်ခံစာမှာ ဖော်ပြထားပါတယ်။ အဆိုပါ အကောင့်တုတွေရဲ့ ၉၉ ဒဿမ ၆ ရာခိုင်နှုန်းလောက်ကို အသုံးပြုသူဘက်က Report မတင်ခင်မှာတင် ကြိုတင် ဖယ်ရှားနိုင်ခဲ့တယ်လို့ ဆိုပါတယ်။
အစီရင်ခံစာကို ယခုလင့်ခ်မှာ Community Standards Enforcement Report ဖတ်ရှုနိုင်ပါတယ်။
ဒီလောက်များပြားတဲ့ အကောင့်တုတွေကို ဖယ်ရှားခဲ့ပေမယ့်လည်း ၂၀၁၈ ခုနှစ်၊ ဒုတိယ ၃ လပတ်နဲ့ တတိယ ၃ လပတ်အတွင်း လစဉ်ပုံမှန် အသုံးပြုသူဦးရေရဲ့ ၃ ရာခိုင်နှုန်းနဲ့ ၄ ရာခိုင်နှုန်းလောက်ဟာ အကောင့်တုတွေ ဖြစ်နေဆဲပါပဲ။ အရင့်အရင် သုံးလပတ်တွေအတွင်းမှာလည်း အကောင့်တု ပမာဏဟာ ၃၊ ၄ ရာခိုင်နှုန်း အမြဲရှိနေခဲ့ကြောင်း Facebook က ဖွင့်ဟထားပါတယ်။
Facebook ဟာ ပထမဆုံး Community Standards Enforcement အစီရင်ခံစာကို ယခုနှစ်၊ မေလကမှ စတင် ထုတ်ပြန်ခဲ့တာပါ။ ယခု ထုတ်ပြန်တဲ့ အစီရင်ခံစာမှာတော့ အနှောင့်အယှက်ပေးမှုနဲ့ ခြိမ်းခြောက်အနိုင်ကျင့်မှု ၊ ကလေးသူငယ် မဖွယ်မရာပုံနဲ့ လိင်ပိုင်းဆိုင်ရာ အမြတ်ထုတ်မှု ပြဿနာတွေကို ဘယ်လောက် ကိုင်တွယ် ဖြေရှင်းပြီး ဖြစ်လဲဆိုတာကိုပါ ပထမဆုံးအကြိမ် ဖော်ပြပါရှိလာပါတယ်။
တတိယ ၃ လပတ်မှာ Facebook ဟာ ခြိမ်းခြောက် အနိုင်ကျင့်မှုနဲ့ တပါးသူအနှောင့်အယှက်ဖြစ်စေမှုဆိုင်ရာ စံနှုန်းတွေကို ချိုးဖောက်တဲ့ Content ပေါင်း ၂.၁ သန်းလောက်ကို ဖြေရှင်းပြီး ဖြစ်တယ်လို့ ဆိုပါတယ်။ Content တွေထဲမှာ ပို့စ်၊ ဓာတ်ပုံဖြုတ်တာ၊ အကောင့်ကို တခါတည်း ပိတ်တာ စသဖြင့် ပါဝင်ပါတယ်။ ဘယ်လိုအရေးယူမှုတွေ ဆောင်ရွက်ခဲ့လဲဆိုတာကိုတော့ အသေးစိတ် မပြောထားပါဘူး။
ယခုအစီရင်ခံစာမှု နောက်ထပ် အရေးကြီးတဲ့ အချက်တခုကတော့ Facebook ဟာ ၂၀၁၈ ဒုတိယသုံးလပတ်နဲ့ တတိယသုံးလပတ်အတွင်းမှာ အမုန်းပွားမှုကို တွန်းအားပေးတဲ့ Content ပေါင်း ၅ ဒဿမ ၄ သန်းလောက်ကို ဖယ်ရှားခဲ့တယ်လို့ ဆိုပါတယ်။ ဒီထဲက ၅၂ ရာခိုင်နှုန်းလောက်ကို Facebook ကိုယ်တိုင် ရှာဖွေ၊ ဖယ်ရှားနိုင်ခဲ့တာ ဖြစ်ပါတယ်။
အနိုင်ကျင့်မှု (Bullying) နဲ့ ပတ်သတ်တဲ့ ပို့စ်တွေကို ဖယ်ရှားမှုမှာ နှေးကွေးနေတဲ့အကြောင်းကို သတင်းထောက်တွေက Facebook အမှုဆောင်အရာရှိတွေကို မေးမြန်းခဲ့ပါသေးတယ်။ Facebook ရဲ့ ထုတ်ကုန်အကြီးအကဲ VP ဖြစ်တဲ့ Guy Rosen က Bullying နဲ့ Harassment (အနိုင်ကျင့်၊ နှောင့်ယှက်မှု) အကြောင်းအရာတွေကို Facebook က သိရှိနားလည်ဖို့အတွက်ဆိုရင် လူတွေကိုယ်တိုင် တိုင်ကြားဖို့ အဓိက လိုတယ်လို့ ဖြေကြားခဲ့ပါတယ်။
လူတယောက်က တခြားလူတယောက်ရဲ့ ဓာတ်ပုံတပုံကို “You’re crazy” လို့ စာရေးတင်တာမျိုးမှာ၊ ထိခိုက်လိုတဲ့သဘောလား အပျော်သဘောလား ခွဲခြားဖို့ ခက်သလိုမျိုး ဖြစ်တယ်လို့ ပြောခဲ့ပါတယ်။
Facebook CEO Mark Zuckerberg ကလည်း အမုန်းပွားအကြောင်းအရာတွေကို သိရှိနိုင်တဲ့ AI စနစ်တခုကို ဖန်တီးတာဟာ လိင်မဖွယ်မရာ အကြောင်းအရာတွေကို စစ်ဆေးနိုင်တဲ့ AI ဖန်တီးတာလောက် မလွယ်ကူကြောင်း မကြာခဏထုတ်ဖော်ပြောခဲ့ပါတယ်။ ဒါကြောင့် Hate Speech ကို ကြပ်မတ်ဖို့ကတော့ ကုမ္ပဏီအနေနဲ့ ထပ်မံကြိုးစားရဦးမှာပါ။
Ref: Venture Beat, Engadget",,,,,,
<urn:uuid:da87a041-b926-4eb4-ba77-917ae3cc72e5>,"cosy
Wiktionary မှ
ဤနေရာသို့သွားရန် -
အညွှန်း
,
ရှာဖွေရန်
cosy
အင်္ဂလိပ်
[
ပြင်ဆင်ရန်
]
နာမဝိသေသန
[
ပြင်ဆင်ရန်
]
(သက်သောင့်သက်သာ၊ နွေးနွေးထွေးထွေးနှင့်)ဇိမ်ရှိသော။ လွတ်လွတ်လပ်လပ် အေးအေးချမ်းချမ်းရှိသော။ သက်သာသော။ ချောင်သော။
""
http://my.wiktionary.org/w/index.php?title=cosy&oldid=517931
"" မှ ရယူရန်
ကဏ္ဍ
:
အင်္ဂလိပ်ဘာသာ
နာမဝိသေသန
Navigation menu
ကိုယ်ပိုင် ကိရိယာများ
Create account
Log in
အမည်ညွှန်းများ
စာမျက်နှာ
ဆွေးနွေးချက်များ
အမျိုးမျိုးအပြားပြား
ပုံပန်းသွင်ပြင်
ဖတ်ရန်
ပြင်ရန်
ရာဇဝင်ကြည့်ရန်
More
ရှာဖွေရန်
အညွှန်း
ဗဟိုစာမျက်နှာ
ပေါင်းကူးနေရာ
လက်ရှိလုပ်ငန်းများ
လတ်တလောအပြောင်းအလဲ
ကျပန်းစာမျက်နှာ
အကူအညီ
လှုဒါန်းမှု
လက်စွဲ ကိရိယာများ
ဘယ်ကလင့်ခ်ထားလဲ
ဆက်စပ်သောအပြောင်းအလဲများ
ဖိုင်တင်ရန်
အထူး စာမျက်နှာများ
ပရင့်ထုတ်ရန်
ပုံသေလိပ်စာ
Page information
Cite this page
တခြား ဘာသာဖြင့်
Български
Català
Cymraeg
English
Eesti
Suomi
Français
Magyar
Italiano
ಕನ್ನಡ
한국어
Malagasy
മലയാളം
Polski
Русский
Svenska
தமிழ்
Tiếng Việt
中文
ဤစာမျက်နှာကို ၁၉ ဇွန် ၂၀၁၃ ရက် ၀၀:၀၁ အချိန်တွင် နောက်ဆုံး ပြင်ဆင်ခဲ့သည်။
Text is available under the
Creative Commons Attribution-ShareAlike License
; additional terms may apply. See
Terms of Use
for details.
ကိုယ်ပိုင်ရေးရာ မူဝါဒ
Wiktionary အကြောင်း
သတိပြုစရာများ
Developers
Mobile view",,,,,,
<urn:uuid:3ce89dd0-ecfd-49b2-8aa0-aeed96da8ca2>,"ရာသီတုပ်ကွေးရောဂါ (Seasonal Influenza) (မေလ၊ ၂၀၂၂ ခုနှစ်)
ရာသီတုပ်ကွေးရောဂါ (Seasonal Influenza) သည် နှာခေါင်း၊ လည်ချောင်းနှင့် အဆုတ်တို့ကို ကူးစက်စေတတ်သော တုပ်ကွေးရောဂါဗိုင်းရပ်စ်ပိုးများ (Influenza viruses) ကြောင့် ဖြစ်ပွားသော အသက်ရှူလမ်းကြောင်းဆိုင်ရာ လတ်တလော ကူးစက်ရောဂါ ဖြစ်ပါသည်။ A၊ B၊ C နှင့် D ဟူ၍ ရာသီတုပ်ကွေးရောဂါ ဗိုင်းရပ်စ်ပိုးအမျိုးအစား (၄) မျိုးရှိသည့်အနက် လူတို့တွင် ကူးစက်ပြန့်ပွားလေ့ရှိသော ဗိုင်းရပ်စ်ပိုးအမျိုးအစား A နှင့် B တို့သည် ရာသီတုပ်ကွေးရောဂါ ကပ်အသွင်ဖြစ်ပွားမှုများ၏ တရားခံလည်းဖြစ်ပါသည်။
🦠 ရောဂါလက္ခဏာများ
🤒 ဖျားခြင်း၊ ချမ်းတုန်ခြင်း
🤒 ချောင်းဆိုးခြင်း
🤒 လည်ချောင်းနာခြင်း
🤒 နှာရည်ယိုခြင်း၊ နှာချေခြင်း
🤒 ကိုယ်၊ လက် ကိုက်ခဲခြင်း
🤒 ခေါင်းကိုက်ခြင်း
🤒 မောပန်းနွမ်းနယ်ခြင်းနှင့်
🤒 ကလေးငယ်များတွင် အန်ခြင်း၊ ဝမ်းပျက်ဝမ်းလျှောခြင်းတို့ ဖြစ်နိုင်ပါသည်။
ရောဂါကူးစက်ခံရသူအများစုသည် ရက်အနည်းငယ်မှ (၂) ပတ်အတွင်း သက်သာကောင်းမွန်လာနိုင်ပါသည်။ သို့သော်လည်း အချို့သူများတွင် အဆုတ်ရောင်ခြင်းကဲ့သို့ နောက်ဆက်တွဲကျန်းမာရေးပြဿနာများ ခံစားရနိုင်ပြီး အသက်ဆုံးရှုံးသည်အထိ ဖြစ်ပွားနိုင်ပါသည်။
အထူးသဖြင့် အသက် (၆၅) နှစ်အထက်ရှိသူများ၊ အသက်အရွယ်မရွေး နာတာရှည်ရောဂါအခံရှိသူများ (ပန်းနာရင်ကျပ်၊ ဆီးချိုသွေးချို၊ နှလုံးရောဂါ)၊ ကိုယ်ဝန်ဆောင်မိခင်များ၊ ခုခံအားကျဆင်းနေသူများနှင့် အသက် (၅) နှစ်အောက် ကလေးငယ်များတွင် ကူးစက်ဖြစ်ပွားပါက နောက်ဆက်တွဲကျန်းမာရေးပြဿနာများကို ပြင်းထန်စွာ ခံစားရနိုင်ပါသည်။
🦠 ရောဂါကူးစက်နိုင်သည့် နည်းလမ်းများ
ရာသီတုပ်ကွေးရောဂါသည် ရောဂါကူးစက်ခံထားရသူတစ်ဦး နှာချေ၊ ချောင်းဆိုး၊ စကားပြောရာမှ ထွက်လာသော ရောဂါပိုးပါသည့် အစက်အမှုန်များကို ရှူသွင်းမိရာမှသော်လည်းကောင်း၊ ရောဂါပိုးပါသည့် အစက်အမှုန်များ ကပ်တင်ကျန်ရှိနေသော အရာဝတ္ထုမျက်နှာပြင်များနှင့် အသုံးအဆောင်ပစ္စည်းများကို ကိုင်တွယ်ထိတွေ့မိပြီး မိမိ၏ ပါးစပ်၊ နှာခေါင်းနှင့် မျက်စိတို့ကို ပြန်လည်ထိတွေ့မိခြင်းမှသော်လည်းကောင်း ကူးစက်နိုင်ပါသည်။
🦠 ရောဂါကူးစက်ပြန့်ပွားခြင်းမှ ကာကွယ်နိုင်သည့် နည်းလမ်းများ
➡️ နှစ်စဉ် ရာသီတုပ်ကွေးကာကွယ်ဆေး ထိုးနှံပါ။
➡️ ဖျားနာနေသူများနှင့် နီးကပ်စွာနေထိုင်ထိတွေ့ခြင်းမှ ရှောင်ကြဉ်ပါ။
➡️ သင် ဖျားနာနေပါကလည်း အခြားသူများနှင့် နီးကပ်စွာနေထိုင်ထိတွေ့ခြင်းမှ ရှောင်ကြဉ်ပါ။ ကျန်းမာရေးစောင့်ရှောက်မှုခံယူရန် သို့မဟုတ် မဖြစ်မနေကိစ္စအတွက် အပြင်ထွက်ရသည်ကလွဲ၍ အဖျားပျောက်ကင်းပြီး အနည်းဆုံး (၂၄) နာရီကြာသည်အထိ မိမိအိမ်မှာသာ နေထိုင်ပါ။ မဖြစ်မနေ အပြင်ထွက်ရပါက နှာခေါင်းစည်း (Mask) တပ်ပါ။
➡️ နှာချေ၊ ချောင်းဆိုးတိုင်း ပါးစပ်နှင့် နှာခေါင်းကို တစ်သျှူး (သို့မဟုတ်) တံတောင်ဆစ်ကွေးဖြင့် လုံခြုံစွာ ဖုံးအုပ်ပါ (တစ်သျှူးအသုံးပြုပါက အဖုံးပါသော အမှိုက်ပုံးအတွင်းသို့ စနစ်တကျ စွန့်ပစ်ပါ)။
➡️ လက်ကို ရေ၊ ဆပ်ပြာတို့ဖြင့် မကြာခဏ ဆေးကြောပါ (ရေနှင့်ဆပ်ပြာ မရရှိနိုင်ပါက အယ်လ်ကိုဟောပါဝင်သော လက်သန့်စင်ဆေးရည်ကို အသုံးပြုပါ)။
➡️ မျက်စိ၊ နှာခေါင်းနှင့် ပါးစပ်တို့ကို လက်ဖြင့် ကိုင်တွယ်ထိတွေ့ခြင်း မပြုလုပ်ရ။
➡️ ရောဂါပိုးပါသည့် အစက်အမှုန်များ ကပ်တင်ကျန်ရှိတတ်သော အရာဝတ္ထုမျက်နှာပြင်များနှင့် အသုံးအဆောင်ပစ္စည်းများကို ပိုးသတ်သန့်စင်ပါ။
➡️ ကောင်းစွာ အိပ်စက်အနားယူပါ။
➡️ အာဟာရပြည့်ဝသည့် အစားအစာများကို စားသုံးပါ။
➡️ လေဝင်လေထွက်ကောင်းသော နေရာများတွင် နေထိုင်ပါ။ နေအိမ် ပြတင်းပေါက်များကို ဖွင့်ထားပါ။
➡️ လူထူထပ်သောနေရာများနှင့် ပွဲလမ်းသဘင်များကို သွားရောက်ခြင်းမှ ရှောင်ကြဉ်ပါ။
📖 ကိုးကား
1) https://who.int/news-room/fact-sheets/detail/influenza-(seasonal)
2) https://cdc.gov/flu/about/index.html
COVID-19 ရောဂါနှင့် ရာသီတုပ်ကွေးရောဂါအကြား တူညီကွဲလွဲမှုများ
https://moh.nugmyanmar.org/my/covid-19-and-seasonal-influenza/
တယ်လီကျန်းမာ အခမဲ့အွန်လိုင်းဆေးခန်း (နေ့စဉ် နံနက် ၈ နာရီမှ ညနေ ၆ နာရီအထိ)
https://facebook.com/telehealthmm
ဝန်ကြီးဌာနသို့ လှူဒါန်းရန်-
https://moh.nugmyanmar.org/donate/
ကျန်းမာရေးဝန်ကြီးဌာန၊
အမျိုးသားညီညွတ်ရေးအစိုးရ
ထုတ်ဝေသည့်နေ့စွဲ -- ၄ မေ ၂၀၂၂
နောက်ဆုံးမွမ်းမံသည့်နေ့စွဲ --- ၄ မေ ၂၀၂၂",,,,,,
<urn:uuid:fc814a65-f748-42f6-ad56-2f61adf669e5>,"မွန်ပြည်နယ်၊ ကျိုက်ထိုမြို့နယ် ကင်မွန်းချောင်းကျေးရွာရှိ ကျိုက်ထီးရိုးတောင်တက်ဂိတ်အနီး ပစ်ခတ်မှုဖြစ်ပွားခဲ့ပြီးနောက် ဘုရားဖူးလာရောက်မှု နည်းပါးသွားကြောင်း ဒေသခံတို့ထံမှ သိရသည်။
ကျိုက်ထီးရိုးတောင်တက်ကားဂိတ်အနီး အောက်တိုဘာလ ၁၂ ရက်တွင် စစ်ကောင်စီတပ်ဖွဲ့ဝင်များကို ဒေသကာကွယ်ရေး တပ်ဖွဲ့က ဝင်ရောက်တိုက်ခိုက်ပြီးနောက် ပစ်ခတ်မှုဖြစ်ပွားရာ ဘုရားဖူးအမျိုးသမီး သုံးဦးသေဆုံးကာ ၁၇ ဦးထက်မနည်း ထိခိုက်ဒဏ်ရာရရှိခဲ့သည်။
ကျိုက်ထီးရိုးတောင် စတင်ဖွင့်လှစ်သည့်ကာလတွင် ဘုရားဖူးများဖြင့် စည်ကားလေ့ရှိသော်လည်း ပစ်ခတ်မှုကြောင့် ဘုရားဖူးလာသူ မရှိသလောက် နည်းပါးသွားကြောင်း ဒေသခံတို့က ဆိုသည်။
“ပစ်ခတ်မှုဖြစ်ပြီးတော့ ဘုရားဖူးတွေ အတော်နည်းသွားတယ်။ ဆိုင်တချို့လည်း ပိတ်ထားကြတယ် ကင်းမွန်းစခန်းမှာ” ဟု ကင်းမွန်းစခန်းဒေသခံတစ်ဦးက ပြောသည်။
ပစ်ခတ်မှုဖြစ်ပွားပြီးနောက် ကျိုက်ထီးရိုးသို့ ဘုရားဖူးလာခွင့် မပိတ်ထားသော်လည်း ကင်းမွန်းစခန်းနှင့် တောင်တက် ကားလမ်း တစ်လျှောက်တွင် စစ်ကောင်စီတပ်က လုံခြုံရေးတင်းကျပ် ထားကြောင်း ဒေသခံတို့က ပြောဆိုသည်။
“အခုက ဘုရားဖူးတွေ မရှိသလောက် ဖြစ်သွားတော့ ဈေးလည်း ရောင်းမကောင်းတော့ဘူး။ ဒီအတိုင်းဆိုရင် ကျွန်မတို့လည်း အခက်အခဲဖြစ်မယ်” ဟု ကျိုက်ထီးရိုးတောင်ပေါ်မှ ဈေးဆိုင်ပိုင်ရှင် တစ်ဦးက ပြောသည်။
ကျိုက်ထီးရိုး ပစ်ခတ်မှုဖြစ်စဉ်နှင့်ပတ်သက်ပြီး စစ်ကောင်စီနှင့် ဒေသကာကွယ်ရေးတပ်တို့အကြား အပြန်အလှန် စွပ်စွဲနေကြသည်။
ကျိုက်ထီးရိုးဘုရားပွဲတော်သည် သီတင်းကျွတ်လပြည့်နေ့မှစကာ ကဆုန်လပြည့်နေ့အထိ ဖြစ်သည်။
ကျိုက်ထီးရိုးပွဲတော်ကာလတွင် နှစ်စဉ် ဘုရားဖူးပြည်သူ သိန်းချီလာရောက်လေ့ရှိပြီး ဒီဇင်ဘာ၊ ဇန်နဝါရီလများတွင် ဘုရာဖူး လာရောက်မှုအများဆုံးဖြစ်ကြောင်း ဒေသခံတို့ထံမှ သိရသည်။
ကိုဗစ်ကပ်ဘေးကြောင့် မကျင်းပဖြစ်သည့် ကျိုက်ထီးရိုးပွဲတော်များကို ၂၀၂၁ ခုနှစ် ပွဲတော်ရာသီတွင် ပြန်လည်ကျင်းပခဲ့ခြင်းဖြစ်သည်။",,,,,,
<urn:uuid:f373d70e-2de8-478d-84ce-b46281857d7e>,"ရက္ခိုင့်တပ်တော် AA နဲ့ ပတ်သက်ဆက်နွယ်တယ်ဆိုပြီး ပုဏ္ဏားကျွန်းမြို့မ ရဲစခန်းက ဖမ်းဆီးထားတဲ့ ရခိုင်လူငယ် ၁၀ ဦးထဲက ခြောက်ဦးကို ပုဏ္ဏားကျွန်းမြို့နယ် တရားရုံးက အာမခံနဲ့ ပြန်လွှတ်ပေးလိုက်ပါတယ်။
ဇူလိုင် ၂၇ ရက်နေ့တည်းက ပုဏ္ဏားကျွန်းမြို့နယ်မှာ ဖမ်းဆီးစစ်ဆေးနေတဲ့ ရခိုင်လူငယ် ၁၀ ဦးထဲက ခြောက်ဦးကို သြဂုတ်လ ၁၅ ရက်နေ့က လွှတ်ပေးလိုက်တာဖြစ်ကြောင်း ရခိုင်ပြည်နယ် ရဲတပ်ဖွဲ့ ဒုရဲမှူး ဦးမောင်မောင်စိုးက RFA ကို ပြောပါတယ်။
ဆက်လက်ဖမ်းဆီးထားသူတွေထဲမှာ အသက်မပြည့်သေးသူတွေ ပါနေကြောင်း ဖမ်းဆီးခံထားရသူတွေရဲ့ မိသားစုက ပြောပေမယ့် ဒီကိစ္စနဲ့ ပတ်သက်ပြီး ဒုရဲမှူး ဦးမောင်မောင်စိုးကို မေးမြန်းခွင့်မရခဲ့ပါဘူး။
ဖမ်းဆီးခံထားရတဲ့ လူငယ် ၁၀ ဦးနဲ့ ပတ်သက်ပြီး အမှုမဖွင့်ထားသေးကြောင်း တရားစွဲတင်တာမျိုးတွေ မလုပ်ရသေးဘူးလို့ သိရပါတယ်။
အာမခံနဲ့ လွတ်မြောက်သွားတဲ့ လူငယ် ခြောက်ဦးအပါအဝင် ဖမ်းဆီးခံထားရဆဲလူငယ် လေးဦးကို လာမယ့်သြဂုတ်လ ၂၃ ရက်နေ့မှာ ရုံးချိန်းပြန်လည်ချိန်းဆိုထားပါတယ်။
(RFA သတင်းထောက် ကိုအောင်သိင်္ခ ပေးပို့သည်)",,,,,,
<urn:uuid:200e193f-83c1-4a93-9e72-f2f9239f9954>,"သင်္ဃန်းကျွန်း င/ ခ ရပ်ကွက်ရှိ 70 x 90 အကျယ် မြေကွက် အမြန်ရောင်းမည်။
- တိုင်း/ပြည်နယ်: ရန်ကုန်တိုင်း
- မြို့နယ်စုံ: သင်္ဃန်းကျွန်း
- ဝယ်ရန် / ငှားရန်: ရောင်း
- အိမ်ခြံမြေအမျိုးအစား: မြေကွက်
- Property ID: 105017
- Tenure ပိုင်ဆိုင်မှု: Leasehold (ဂရန်)
- မြေကွက်အကျယ်: 70 x 90
- Property size: 6300 Sqft
- မျက်နှာစာအကျယ်: 70 ft
- Phone: 09- 894099077/ 09- 894099022
- ရောင်းဈေး: 9000 သိန်း (ညှိနှိုင်း)
Details
သင်္ဃန်းကျွန်း င/ ခ ရပ်ကွက်ရှိ 70 x 90 အကျယ် မြေကွက် အမြန်ရောင်းမည်။
🔹 ရောင်းဈေး : 9000 သိန်း (ညှိနှိုင်း)
🔹 အကျယ်အဝန်း 70 x 90 ပေ
🔹 ဂရန်မြေ မူရင်း
YgnHome.comရှိ အိမ်ခြံမြေများ ကြည့်ရှုလိုပါက 09894099077 ကို 1ရက်ကြိုတင်ဖုန်းဆက်ပေးရုံဖြင့်
☑ အခမဲ့ လိုက်လံပြသပေးခြင်း၊
☑ ပိုင်ဆိုင်မှုစာရွက်စာတမ်းများစစ်ဆေးပေးခြင်းနှင့်
☑ ခိုင်မာမှန်ကန်သော စာချုပ်ချုပ်ဆိုပေးခြင်းတို့ကို “ အခမဲ့” ဆောင်ရွက်ပေးပါသည်။
- ID: 105017
- ကြည့်ရှုပြီး 32",,,,,,
<urn:uuid:a6c53d10-f6a0-485c-b7d2-9dad2b4e6cf2>,"Morgan
.
Home
အစိုးရအဖွဲ့
ပထမအကြိမ်စစ်ကိုင်းတိုင်းဒေသကြီးအစိုးရအဖွဲ့ ဝန်ကြီးချုပ်၏ ဥယျောဇဉ်
ဒုတိယအကြိမ် စစ်ကိုင်းတိုင်းဒေသကြီး အစိုးရအဖွဲ့ ဝန်ကြီးချုပ်၏ ဥယျောဇဉ်
ပထမအကြိမ် စစ်ကိုင်းတိုင်း ဒေသကြီးအစိုးရအဖွဲ့(၃၁-၃-၂၀၁၁ မှ ၃၀-၃-၂၀၁၆ အထိ)
ဒုတိယအကြိမ် စစ်ကိုင်းတိုင်း ဒေသကြီးအစိုးရအဖွဲ့
စစ်ကိုင်းတိုင်းဒေသကြီးအစိုးရအဖွဲ့
လုံခြုံရေးနှင့် နယ်စပ်ရေးရာ၀န်ကြီးဌာန
စီမံကိန်းနှင့် ဘဏ္ဍာရေးဝန်ကြီးဌာန
စိုက်ပျိုးရေး၊ မွေးမြူရေးနှင့် ဆည်မြောင်းဝန်ကြီးဌာန
သစ်တော၊ သတ္ထု၊ စွမ်းအင်၀န်ကြီးဌာန
လျှပ်စစ်၊ စက်မှုနှင့် လမ်းပန်းဆက်သွယ်ရေးဝန်ကြီးဌာန
စီမံကိန်းနှင့်စီးပွားရေးဝန်ကြီးဌာန
လျှပ်စစ်နှင့် စက်မှုလက်မှု၀န်ကြီးဌာန
စည်ပင်သာယာရေး၀န်ကြီးဌာန
လူမှုရေး၀န်ကြီးဌာန
ဌာနဆိုင်ရာသတင်းအချက်အလက်များ
လွှတ်တော်
ပထမအကြိမ် စစ်ကိုင်းတိုင်း ဒေသကြီးလွှတ်တော်
ပထမအကြိမ် စစ်ကိုင်းတိုင်း ဒေသကြီးလွှတ်တော် ကော်မတီများနှင့် ကော်မရှင်အဖွဲ့များ
ဒုတိယအကြိမ် စစ်ကိုင်းတိုင်း ဒေသကြီးလွှတ်တော်
ဒုတိယအကြိမ် စစ်ကိုင်းတိုင်း ဒေသကြီးလွှတ်တော် ကော်မတီများ
နည်းဥပဒေဆိုင်ရာများ
ဥပဒေဆိုင်ရာများ
သတင်းများ
စစ်ကိုင်းတိုင်း ဒေသကြီးသတင်းများ
ကြေငြာချက်များ
မှတ်တမ်းဓာတ်ပုံများ
ပထမအကြိမ် စစ်ကိုင်းတိုင်း ဒေသကြီး အစိုးရအဖွဲ့ လှုပ်ရှားမှုများ
ဆက်သွယ်ရန်
Sagaing Region Investment Committee
bar
bar
bar
Sidebar
×
Home
အစိုးရအဖွဲ့
ပထမအကြိမ်စစ်ကိုင်းတိုင်းဒေသကြီးအစိုးရအဖွဲ့ ဝန်ကြီးချုပ်၏ ဥယျောဇဉ်
ဒုတိယအကြိမ် စစ်ကိုင်းတိုင်းဒေသကြီး အစိုးရအဖွဲ့ ဝန်ကြီးချုပ်၏ ဥယျောဇဉ်
ပထမအကြိမ် စစ်ကိုင်းတိုင်း ဒေသကြီးအစိုးရအဖွဲ့(၃၁-၃-၂၀၁၁ မှ ၃၀-၃-၂၀၁၆ အထိ)
ဒုတိယအကြိမ် စစ်ကိုင်းတိုင်း ဒေသကြီးအစိုးရအဖွဲ့
စစ်ကိုင်းတိုင်းဒေသကြီးအစိုးရအဖွဲ့
လုံခြုံရေးနှင့် နယ်စပ်ရေးရာ၀န်ကြီးဌာန
စီမံကိန်းနှင့် ဘဏ္ဍာရေးဝန်ကြီးဌာန
စိုက်ပျိုးရေး၊ မွေးမြူရေးနှင့် ဆည်မြောင်းဝန်ကြီးဌာန
သစ်တော၊ သတ္ထု၊ စွမ်းအင်၀န်ကြီးဌာန
လျှပ်စစ်၊ စက်မှုနှင့် လမ်းပန်းဆက်သွယ်ရေးဝန်ကြီးဌာန
စီမံကိန်းနှင့်စီးပွားရေးဝန်ကြီးဌာန
လျှပ်စစ်နှင့် စက်မှုလက်မှု၀န်ကြီးဌာန
စည်ပင်သာယာရေး၀န်ကြီးဌာန
လူမှုရေး၀န်ကြီးဌာန
ဌာနဆိုင်ရာသတင်းအချက်အလက်များ
လွှတ်တော်
ပထမအကြိမ် စစ်ကိုင်းတိုင်း ဒေသကြီးလွှတ်တော်
ပထမအကြိမ် စစ်ကိုင်းတိုင်း ဒေသကြီးလွှတ်တော် ကော်မတီများနှင့် ကော်မရှင်အဖွဲ့များ
ဒုတိယအကြိမ် စစ်ကိုင်းတိုင်း ဒေသကြီးလွှတ်တော်
ဒုတိယအကြိမ် စစ်ကိုင်းတိုင်း ဒေသကြီးလွှတ်တော် ကော်မတီများ
နည်းဥပဒေဆိုင်ရာများ
ဥပဒေဆိုင်ရာများ
သတင်းများ
စစ်ကိုင်းတိုင်း ဒေသကြီးသတင်းများ
ကြေငြာချက်များ
မှတ်တမ်းဓာတ်ပုံများ
ပထမအကြိမ် စစ်ကိုင်းတိုင်း ဒေသကြီး အစိုးရအဖွဲ့ လှုပ်ရှားမှုများ
ဆက်သွယ်ရန်
Sagaing Region Investment Committee
ပုလဲ
DOWNLOAD PDF
သတင်း အချက်အလက်
ဒေသန္တရ အချက်အလက်များ
ခရိုင်နှင့် မြို့နယ်အလိုက် ဒေသဆိုင်ရာ အချက်အလက်များ
ယင်းမာပင်ခရိုင်
နာဂကိုယ်ပိုင်အုပ်ချုပ်ခွင့်ရဒေသ
ရွှေဘိုခရိုင်
မုံရွာခရိုင်
မောလိုက်ခရိုင်
တမူးခရိုင်
စစ်ကိုင်းခရိုင်
ခန္တီးခရိုင်
ကောလင်းခရိုင်
ကန့်ဘလူခရိုင်
ကသာခရိုင်
ကလေးခရိုင်
ပညာရေးကဏ္ဍ
ကျန်းမာရေးကဏ္ဍ
ဘာသာရေးကဏ္ဍ
ကျေးလက်ဖွံ့ဖြိုးရေးနှင့် ဆင်းရဲမှုလျှော့ချရေးကဏ္ဍ
ရွေးကောက်ပွဲ ကော်မရှင်ကဏ္ဍ
တိုင်းရင်းသား လူမျိုးများ
ပွဲတော်များ
ကြေငြာချက်များ
Jun 15, 2020
စစ်ကိုင်းတိုင်း ဒေသကြီးအစိုးရအဖွဲ့ အမိန့်ကြော်ငြာစာအမှတ် (၁၃/၂၀၂၀) ဒေသန္တရအမိန့်အား သိရှိနိုင်ပါရန်
...
read more",,,,,,
<urn:uuid:d838eefc-26b5-4174-a7c5-821f2fef4fd9>,"ဆာရာ ဘန်းဟတ်ဒ်
ဆာရာ ဘန်းဟတ်ဒ် (အင်္ဂလိပ်: Sarah Bernhardt; ပြင်သစ်: [sa.ʁa bɛʁ.nɑʁt]; ၂၂/၂၃ အောက်တိုဘာ ၁၈၄၄ - ၂၆ မတ်လ ၁၉၂၃) သည် ပြင်သစ်လူမျိုး ပြဇာတ်မင်းသမီးနှင့် ရုပ်ရှင်ခေတ်ဦး သရုပ်ဆောင် တစ်ဦး ဖြစ်ပြီး ကမ္ဘာပေါ်တွင် အထင်ရှားဆုံး ဖြစ်ခဲ့သော ရုပ်ရှင်သရုပ်ဆောင် တစ်ဦးဟု ပြောစမှတ် ပြုကြသည်။ ဘန်းဟတ်ဒ်သည် ပြင်သစ်နိုင်ငံ ဇာတ်ခုံပေါ်တွေင် ၁၈၇၀ ပြည့်နှစ်များအတွင်းက ကျော်ကြားခဲ့ပြီး နောက်ပိုင်းတွင် ဥရောပနှင့် အမေရိကားတွင်ပါ ကျော်ကြားခဲ့သည်။ သူမသည် သရုပ်ဆောင်ကောင်းသူ မင်းသမီးတစ်ဦး အဖြစ် ကျော်ကြားခဲ့ပြီး ""ဘုရားသခင်မ ဆာရာ"" (The Divine Sarah) ဟူသော အမည်ကို ရရှိခဲ့သည် အထိ ဖြစ်သည်။",,,,,,
<urn:uuid:9bf6ed3d-7d67-4742-98be-2e91279204de>,"မာန္ယုေက်ာ္ (ေရႊဝေျမ)
စစ္ေတြ၊ ႏိုဝင္ဘာ ၉
China Asian စီးပြားေရးႏွင့္ ယဥ္ေက်းမႈဆုိင္ရာအဖြဲ႕က ရခုိင္နယ္စပ္ၿခံစည္းရုိးကို အဆင့္ျမင့္ နည္းပညာအသံုးျပဳ အဆင့္ျမွင့္တင္ေပးသြားမည္ဟု အဆုိပါအဖြဲ႕ႏွင့္ မိတ္ဖက္အဖြဲ႕ျဖစ္သည့္ ဟသၤာဧကရီကုမၸဏီ၏ အုပ္ခ်ဳပ္မႈဒါရုိက္တာက စစ္ေတြတြင္ သတင္းေထာက္မ်ားကုိ ေျပာၾကားလိုက္သည္။
“နယ္စပ္ၿခံစည္းရုိးကိစၥနဲ႔ပတ္သက္ၿပီးေတာ့ ႏုိင္ငံတကာအဆင့္မီ လံုၿခံဳစိတ္ခ်ရတဲ့စနစ္ေတြေပါ့ေနာ္။ လံုၿခံဳစိတ္ခ်ရတဲ့စနစ္ေတြ၊ နည္းပညာေတြသံုးၿပီးေတာ့ လုပ္ေပးဖုိ႔ အစီအစဥ္ရွိပါတယ္ “ဟု ဟသၤာဧကရီကုမၸဏီ၏ အုပ္ခ်ဳပ္မႈဒါရုိက္တာ ေဒၚႏြယ္ႏြယ္ေအးက ေျပာသည္။
ယင္းသုိ႔ေဆာင္ရြက္ႏုိင္ေရးႏွင့္ပတ္သက္ၿပီး China Asian အဖြဲ႕ဥကၠ႒ဦးေဆာင္ေသာ တာဝန္ရွိသူမ်ားႏွင့္ ဟသၤာဧကရီကုမၸဏီတာဝန္ရွိသူမ်ားသည္ ႏိုဝင္ဘာ ၇ ရက္ေန႔ နံနက္ပုိင္းက ရခိုင္ျပည္နယ္လႊတ္ေတာ္ဥကၠ႒ႏွင့္ ေတြ႕ဆံုေဆြးေႏြးခဲ့သည္။
ႏို၀င္ဘာ ၇ ရက္ေန႕ ညေနပုိင္းတြင္ ရခိုင္ျပည္နယ္ ဝန္ႀကီးခ်ဳပ္ႏွင့္ သြားေရာက္ ေတြ႕ဆံု ခဲ့ေသာ္လည္း ျပည္နယ္ဝန္ႀကီးခ်ဳပ္ မအားလပ္သျဖင့္ ရခုိင္ ျပည္နယ္အစိုးရ အဖြဲ႕ ဝန္ႀကီးတခ်ဳိ႕ႏွင့္သာ မိနစ္ (၂ဝ)ခန္႔ ေတြ႕ဆံုခြင့္ရခဲ့ၾကသည္ဟု သိရသည္။
အဆုိပါအဖြဲ႕၏ေဆြးေႏြးခ်က္ႏွင့္ပတ္သက္ၿပီး ျပည္နယ္ဘ႑ာ/အခြံ/စီမံကိန္းႏွင့္ စီးပြားေရးဝန္ႀကီး ဦးေက်ာ္ေအးသိန္းက ျပည္ေထာင္စုအစုိးရအစီအမံအတုိင္းသာ လက္ခံ ေဆာင္ရြက္ သြားမည္ဟု တုန္႔ျပန္ ေျပာၾကားခဲ့သည္။
အဆုိပါအဖြဲ႕သည္ နယ္စပ္လံုၿခံဳေရးအျပင္ ေဒသဖြံ႕ၿဖိဳးေရးဆုိင္ရာကိစၥမ်ားကုိပါ ျဖည့္ဆည္း ေဆာင္ရြက္ေပးသြားမည္ျဖစ္ၿပီး ယင္းကိစၥမ်ားႏွင့္ပတ္သက္၍ ယခုလ ၁၄ ရက္ေန႔တြင္ ေနျပည္ေတာ္ရွိ ႏုိင္ငံေတာ္အဆင့္တာဝန္ရွိသူမ်ားႏွင့္ ေတြ႕ဆံုေဆြးေႏြးသြားဦးမည္ဟုလည္း သိရသည္။
ဓာတ္ပံု – China Asian စီးပြားေရးႏွင့္ ယဥ္ေက်းမႈဆုိင္ရာအဖြဲ႕က ရခိုင္ျပည္နယ္အစုိးရအဖြဲ႕ရုံးတြင္ ေတြ႕ဆံုခဲ့စဥ္။",,,,,,
<urn:uuid:d264a239-73b0-4af7-8aba-286b34cb5cad>,"ဝိုင် (အရက်)
|ဝိုင်နီနှင့် ဝိုင်ဖြူ|
ဝိုင်ဆိုသည်မှာ မူးယစ်စေတတ်သော အဖျော်ယမကာ တစ်မျိုး ဖြစ်သည်။ အင်္ဂလိပ်စကားလုံး Wine သည် အများအားဖြင့် စပျစ်သီးမှ ချက်လုပ်ထားသော ဝိုင်အရက်ကို ရည်ညွှန်းခြင်း ဖြစ်သော်လည်း လူအများစုက အခြား အသီးအနှံများမှ ချက်လုပ်သော ဝိုင်အရက် (ဥပမာ မက်မန်းဝိုင်၊ ပန်းသီးဝိုင်) စသည်တို့ကိုလည်း ဝိုင် ဟု ခေါ်ဆို သုံးနှုန်းလေ့ ရှိကြသည်။
ဝိုင်ကို စပျစ်သီးအတွင်းမှ သကြားဓာတ်ကို ကဇော်ပေါက်ခြင်းဖြင့် ချက်လုပ်ကြသည်။ ပုံမှန်အားဖြင့် ဝိုင်ဖြူနှင့် ဝိုင်နီ ဟူ၍ နှစ်မျိုး နှစ်စား ရှိတတ်သည်။ ဝိုင်နီကို စပျစ်သီး အနီဖြင့် ချက်လုပ် ကြပြီး ဝိုင်ဖြူကို စပျစ်သီး အဖြူဖြင့် ချက်လုပ်ကြသည်။ နှင်းဆီဝိုင်ကိုမူ စပျစ်သီးအနီရောင်မှ ပြုလုပ်ပြီး စပျစ်သီး အခွံနှင့် ခဏတာမျှသာ ထိတွေ့ပြီး ချက်လုပ်ကြသည်။ ဝိုင်၏ အရောင်မှာ စပျစ်သီး အခွံမှ ရရှိခြင်း ဖြစ်သဖြင့် စပျစ်သီး အခွံနှင့် ခဏတာမျှသာ ထိတွေ့ခြင်းကြောင့် အရောင်ဖျော့ပြီး ပန်းရောင်ရှိသော နှင်းဆီဝိုင်ကို ရရှိသည်။ ဝိုင်အတွင်းတွင် အမြှုပ်ထနေသော ဝိုင်ကို စပါကလင်ဝိုင်ဟု သိကြသည်။ စပါကလင်ဝိုင်များတွင် အထင်ရှားဆုံးမှာ ပြင်သစ်မှ ထုတ်လုပ်သော ရှန်ပိန် ဖြစ်သည်။
လူတို့သည် ဝိုင်ကို ချက်လုပ်ခဲ့ကြသည်မှာ နှစ်ပေါင်း ၅၀၀၀ ကျော် ကြာမြင့်ခဲ့ပြီ ဖြစ်သည်။
ဝိုင်(အရက်) ပြုလုပ်သည့်အတတ်မှာ ရှေးပဝေ သဏီကပင် ရှိခဲ့လေသည်။ ထိုအတတ်သည် မည်သူက စတင်တီထွင်ခဲ့ ကြောင်းကို မသိနိုင်လောက်အောင်ပင် ကြာရှည်ခဲ့လေပြီ။ သို့သော် ရှေး ခေတ် အီဂျစ်လူမျိုးများသည် သူတို့၏ ယဉ်ကျေးမှုပွင့်လင်းလာစကပင် ဝိုင် အရက်များကို ပြုလုပ်လာ ကြကြောင်း သိရပေသည်။
ဝိုင်အရက်ကို စတင်သုံးသောက်လာကြသည့် အကြောင်းရင်းမှာ ဤသို့ဖြစ်ဟန်တူ၏။ ရှေးခေတ်လူမျိုးတွင် သန့်ရှင်းစင်ကြယ်သော သောက် ရေမှာ အရနည်းခဲ့သည်။ ထို့ကြောင့် ရေ စားသောက်စရာ တစ်ခုခုကို ဠကံ ဆလာကြရာမှ ဝိုင်အရက်ကို ပြုလုပ်လာကြ၏။ ထိုဝိုင်အရက်သည် မသန့် ရှင်းသောရေကို သောက်ခြင်းထက် လူတို့အား ဘေးဥပဒ်မဖြစ်စေဘဲ ကျန်း မာစေကြောင်းကို သိလာကြ၏။ ရှေးလူတို့သည် သစ်သီးရေများကို ကဇော် ဖောက်ထားခြင်းဖြင့် မပျက်စီးနိုင်ကြောင်းကိုလည်း သိလာကြသည်။ ထို့ ကြောင့် ဝိုင်အရက်သောက်ခြင်းကို စတင်ခဲ့ရာ များစွာသော ကမ္ဘာ့ဒေသများ သို့ ပျံ့နှံခဲ့လေ၏။ အထူးသဖြင့် လက်တင်တိုင်းပြည်များတွင် ဝိုင်အရက်မှာ လက်တင် လူမျိုးတို့၏ နေ့စဉ်အစာအဟာရထဲတွင် အပါအဝင်ဖြစ်လေသည်။ ဝိုင်အရက်မှာ များသောအားဖြင့် စပျစ်သီးမှ ပြုလုပ်သောကြောင့် မြန်မာတို့က စပျစ်ရည်ဟုပင်ခေါ်ကြ၏။ ဝိုင်အရက်ကို ပန်းသီး၊ ချယ်ရီသီး၊ ဗလက်ဗယ်ရီသီးများဖြင့်လည်း ပြုလုပ်နိုင်သည်။ သို့သော် စပျစ်သီးများဖြင့် သာ များသောအားဖြင့် ပြုလုပ်လေ့ရှိ၏။
ဝိုင်အရက်ပြုလုပ်ပုံမှာ စပျစ်သီးမှည့်မှည့်များကို ဒလိမ့်ကြီးနှစ်ခု ကြားတွင်ထည့်၍ ဖိည|စ်ချ၏။ သို့သော် အစေ့များကြေမသွားစေရန် ဒလိမ့် နှစ်ခုတို့ကို အနည်းငယ်ခွာထားရသည်။ အသီးများကို ဖိည|စ်လိုက်၍ ထွက် ကျလာသော အရည်များကို စည်ကြီးများထဲတွင် သိုလှောင်ထားပြီးလျှင် ကဇော်ဖောက်ထား၏။ ပထမဆုံးည|စ်ချ၍ ထွက်လာသောအရည်မှာ လက် ရွေးစင် ဝိုင်အရက်ဖြစ်၍ ယင်းကို တသီးတခြားဖယ်ထားရ၏။ ကဇော် ဖောက်ခြင်းကို လိုအပ်မည့်အချိန်အပိုင်းအခြားအလိုက်ထား၍ အချိန်စေ့သော
အခါ အခြားစည်ကြီးများထဲသို့ပြောင်းရွှေ့ကာ သောက်သုံး၍ကောင်းမည့် အချိန်အထိ ထားရ၏။ ထိုအချိန်အတွင်း၌ ဝိုင်အရက်၌ပါသော ဓာတ် သဘာဝများ ပြောင်းလဲလာ၍ ဝိုင်အရက်၏ အနံ့အရသာများဖြစ်ပေါ်လာ၏။ ဝိုင်အရက်နှစ်မျိုးနှစ်စားရှိရာ ဝိုင်အရက်အချိုမျိုးနှင့် ဒရိုင်းဝိုင်ခေါ် မချိုလွန်းသော ဝိုင်အရက်မျိုးဖြစ်၏။ ဝိုင်အရက် အချို့တွင် သကြားဓာတ် များများပါ၍ ဒရိုင်းဝိုင်တွင်ကား သကြားဓာတ်များကို အရက်ပျံများများဖြစ် သွားအောင် ပြုလုပ်ထားလေသည်။ ဝိုင်အရက်ကို အသွေးအရောင်နှင့် အရသာကို လိုက်၍ ခွဲခြားထားခြင်းလည်းရှိသေးသည်။ များစွာသော ဝိုင် အရက်များကို ယင်းတို့လုပ်ကိုင်ရာ ဒေသများကိုအစွဲပြု၍ ခေါ်ဝေါ်ကြ၏။ ဥရောပတစ်တိုက်လုံးမှထွက်သော ဝိုင်အရက်၏ သုံးပုံတစ်ပုံမှာ ပြင်သစ်နိုင်ငံ မှလာ၏။ အခြားအရေးပါသော ဝိုင်အရက်ထွက်သည့်နိုင်ငံနှင့် ဝိုင်အမည် များမှာ ဂျာမဏီ(ရိုင်းဝိုင်)၊ စပိန်(ရှယ်ရီ)၊ ပေါ်တူဂီ(ပို့ဝိုင်)၊ အီတလီ(ရှန်တီ) နှင့် (ဗာရိုလို)၊ ဟန်ဂေရီ(တိုကေး) တို့ဖြစ်ကြ၏။ အယ်လဂျီးရီးယားနှင့် တောင်အာဖရိကတိုက်များမှလည်း ဝိုင်အရက် ထွက်သေးသည်။ ယခုအခါ အမေရိကန်ပြည်ထောင်စုနိုင်ငံ၊ ကာလီဖိုးနီးယားပြည်နယ်မှာ ဝိုင်အရက် အများဆုံး ထွက်သောဒေသဖြစ်၏။ ဝိုင်အရက်ထွက်နိုင်သော ဒေသများမှာ စပျစ်ပင်များစွာ စိုက်ပျိုးနိုင်၍ ထိုအသီးများမှည့်ရန် နေရောင်ကောင်းကောင်း ရသော ဒေသများဖြစ်ကြ၏။[၁]
ကိုးကား[ပြင်ဆင်ရန်]
- မြန်မာ့စွယ်စုံကျမ်း၊ အတွဲ(၁၂)",,,,,,
<urn:uuid:092aea6d-190b-4cbc-aaa7-d8027ad3f192>,"အမျိုးသားအဆင့် အလုပ်အကိုင်ဆိုင်ရာ ကျွမ်းကျင်မှု စစ်ဆေး အကဲဖြတ်ရာတွင် ၂၀၁၄ ခုနှစ်မှ ၂၀၂၃ ခုနှစ်၊ မတ်လ (၃)ရက်နေ့ထိ ဖြေဆိုသူနှင့် အောင်မြင်သူစာရင်း
အမျိုးသားအဆင့် အလုပ်အကိုင်ဆိုင်ရာ ကျွမ်းကျင်မှု စစ်ဆေး အကဲဖြတ်ရာတွင် ၂၀၁၄ ခုနှစ်မှ ၂၀၂၃ ခုနှစ်၊ မတ်လ (၃)ရက်နေ့ထိ ဖြေဆိုသူနှင့် အောင်မြင်သူစာရင်း
Ministry of Labour/ ရုံးအမှတ်(၅၁)၊ နေပြည်တော် / March 22, 2023
အမျိုးသားအဆင့် အလုပ်အကိုင်ဆိုင်ရာ ကျွမ်းကျင်မှု စစ်ဆေး အကဲဖြတ်ရာတွင် ၂၀၁၄ ခုနှစ်မှ ၂၀၂၃ ခုနှစ်၊ မတ်လ (၃)ရက်နေ့ထိ ဖြေဆိုသူနှင့် အောင်မြင်သူစာရင်း အပြည့်အစုံဖတ်ရှုရန်",,,,,,
<urn:uuid:91d46285-0753-4233-9bfa-4de136a3e5d6>,"1
ယုဒရှင်ဘုရင်အာခဇိသား ယောရှနန်းစံနှစ် ဆယ်သုံးနှစ်တွင်၊ ယေဟုသားယောခတ်သည် ရှမာရိမြို့၌ မင်းပြု၍ ဣသရေလနိုင်ငံကို ဆယ်ခုနစ်နှစ်စိုးစံ၏။
2
ထိုမင်းသည် ထာဝရဘုရားရှေ့တော်၌ ဒုစရိုက် ကိုပြု၍၊ ဣသရေလအမျိုးကို ပြစ်မှားစေသော နေဗတ် သား ယေရောဗောင်၏ ဒုစရိုက်အပြစ်တို့ကို မရှောင်၊ လိုက်လေ၏။
3
ထိုကြောင့် ထာဝရဘုရားသည် ဣသရေလ အမျိုးကို အမျက်ထွက်၍၊ ယောခတ်မင်း လက်ထက် ကာလပတ်လုံး၊ ရှုရိရှင်ဘုရင် ဟာဇေလနှင့်သူ၏သား ဗင်္ယာဒဒ်လက်သို့ ဣသရေလအမျိုးကို အပ်တော်မူ၏။
4
တဖန်ယောခတ်သည် ထာဝရဘုရားကို တောင်းပန်လေ၏။ ရှုရိရှင်ဘုရင်ညှဉ်းဆဲ၍ ဣသရေလ အမျိုးသည် အလွန်ခံရကြောင်းကို ထာဝရဘုရားသည် မြင်၍ယောခတ်စကားကို နားထောင်တော်မူ၏။
5
ရှုရိရှင်ဘုရင်သည် ဣသရေလအမျိုးသားတို့ကို ဖျက်ဆီး၍၊ စပါးနင်းရာတွင် လွင့်သောအမှုန့်ကဲ့သို့ ဖြစ်စသဖြင့်၊ မြင်းစီးသူရဲ၊ ငါးကျိပ်၊ ရထားတဆယ်၊ ခြေသည်သူရဲတသောင်းကို သာယောခတ်၌ကြွင်းစေ၏။
6
ထို့ကြောင့် ထာဝရဘုရားသည် ကယ်တင်သော သခင်ကို ပေးတော်မူသဖြင့်၊ ဣသရေလအမျိုးသားတို့ သည် ရှုရိလူတို့လက်မှထွက်မြောက်၍ အထက်ကနည်းတူ မိမိတို့နေရာ၌ နေရကြ၏။
7
သို့ရာတွင် ဣသရေလအမျိုးကို ပြစ်မှားစေသော ယေရောဗောင်မင်းမျိုး၏ ဒုစရိုက်အပြစ်တို့ကို မရှောင် လိုက်ကြ၏။ ရှမာရိမြို့၌လည်း အာရှရပင် ရှိသေး၏။
8
ယောခတ်ပြုမူသော အမှုအရာကြွင်းလေသမျှ တို့နှင့် တန်ခိုးကြီးခြင်းအရာသည် ဣသရေလရာဇဝင်၌ ရေးထားလျက်ရှိ၏။
9
ယောခတ်သည် ဘိုးဘေးတို့နှင့်အိပ်ပျော်၍၊ ရှမာရိမြို့၌ သင်္ဂြိုဟ်ခြင်းကို ခံလေ၏။ သားတော် ယဟောရှသည် ခမည်းတော်အရာ၌ နန်းထိုင်၏။
10
ယုဒရှင်ဘုရင်ယောရှ နန်းစံသုံးဆယ်ခုနစ်နှစ် တွင်၊ ယောခတ်သား ယဟောရှသည် ရှမာရိမြို့၌မင်းပြု၍ ဣသရေလနိုင်ငံကို ဆယ်ခြောက်နှစ်စိုးစံ၏။
11
ထိုမင်းသည် ထာဝရဘုရားရှေ့တော်၌ ဒုစရိုက် ကို ပြု၍ ဣသရေလအမျိုးကို ပြစ်မှားစေသော နေဗတ် သားယေရောဗောင်၏ ဒုစရိုက်အပြစ်ကိုမရှောင်၊ အကုန် အစင်လိုက်လေ၏။
12
ယဟောရှပြုမူသော အမှုအရာကြွင်းလေသမျှ၊ ယုဒရှင်ဘုရင်အာမဇိကို စစ်တိုက်ရာတွင်၊ တန်ခိုးကြီးခြင်း အရာသည် ဣသရေလရာဇဝင်၌ ရေးထားလျက်ရှိ၏။
13
ယဟောရှသည် ဘိုးဘေးတို့နှင့်အိပ်ပျော်၍၊ ဣသရေလ ရှင်ဘုရင်တို့နှင့်အတူ ရှမာရိမြို့၌သင်္ဂြိုဟ်ခြင်း ကို ခံလေ၏။ သားတော်ယေရောဗောင်သည် ခမည်း တော်အရာ၌နန်းထိုင်၏။
14
ထိုအခါ ဧလိရှဲသည် သေနာစွဲ၍ နာနေစဉ် တွင်၊ ဣသရေလရှင်ဘုရင်ယဟောရှသည်လာ၍ သူ့ရှေ့ မှာ ငိုကြွေးလျက် ငါ့အဘ၊ ငါ့အဘ၊ ဣသရေလရထား၊ ဣသရေလမြင်းပါတကားဟု ဆို၏။
15
ဧလိရှဲကလည်း၊ လေးနှင့်မြှားတို့ကို ယူလော့ဟု ဆိုသည်အတိုင်း ရှင်ဘုရင်ယူ၏။
16
လေးကိုတင်လော့ဟု တဖန်ဆိုသည်အတိုင်း လေးကိုတင်၍၊ ဧလိရှဲသည် မိမိလက်ကို ရှင်ဘုရင် လက်ပေါ်မှာ တင်လျက်၊
17
အရှေ့ပြတင်းပေါက်ကို ဖွင့်လော့ဟုဆို၍ ဖွင့် လေ၏။ ပစ်လော့ဟုဆိုသည်အတိုင်း ရှင်ဘုရင်သည် ပစ်လေ၏။ ဧလိရှဲကလည်း၊ ထာဝရ ဘုရားကယ်တင် တော်မူရာမြှား၊ ရှုရိမင်းလက်မှ ကယ်နှုတ်ရာမြှားဖြစ်၏။ အာဖက်မြို့၌ရှုရိလူတို့ကို အကုန်အစင်လုပ်ကြံရလိမ့် မည်ဟု ဆို၏။
18
မြှားတို့ကိုယူဦးလော့ဟု တဖန်ဆိုသည်အတိုင်း၊ ရှင်ဘုရင်သည် ယူ၏။ မြေပေါ်သို့ ရိုက်လော့ဟုဆို၍ သုံးကြိမ်ရိုက်လေ၏။
19
ထိုအခါဘုရားသခင်၏လူသည် အမျက်ထွက်၍၊ အဘယ်ကြောင့် ငါးကြိမ်ခြောက်ကြိမ်မရိုက်သနည်း။ ထိုသို့ရိုက်လျှင်၊ ရှုရိလူတို့ကို အကုန်အစင်လုပ်ကြံရလိမ့် မည်။ ယခုမူကား၊ သုံးကြိမ်သာ လုပ်ကြံရလိမ့်မည်ဟု ဆို၏။
20
ဧလိရှဲသေ၍ သင်္ဂြိုဟ်ခြင်းကိုခံပြီးမှ၊ နောင်နှစ် တွင် မောဘတပ်သားတို့သည် ဣသရေလပြည်ကို တိုက်လာကြ၏။
21
ဣသရေလလူတို့သည် လူတယောကို သင်္ဂြိုဟ် စဉ်တွင်၊ မော်ဘတပ်လာသည်ကို မြင်၍၊ အလောင်းကို ဧလိရှဲသင်္ချိုင်းတွင်း၌ ချထားကြ၏။ သေသောသူသည် အောက်သို့ရောက်၍၊ ဧလိရှဲအရိုးတို့ကို ထိသောအခါ၊ အသက်ရှင်ပြန်သဖြင့် မတ်တတ်ထ၏။
22
ရှုရိရှင်ဘုရင်ဟာဇေလသည် ယောခတ် လက်ထက်ကာလပတ်လုံး ဣသရေလအမျိုးကို ညှဉ်းဆဲ ၏။
23
ထာဝရဘုရားသည် သူတို့ကို သနားစုံမက်၍ အာဗြဟံ၊ ဣဇာက်၊ ယာကုပ်တို့နှင့် ဖွဲ့တော်မူခဲ့သော ပဋိညာဉ်ကို အောက်မေ့လျက် သူတို့ကို မဖျက်ဆီး၊ အထံတော်မှမနှင်ထုတ်သေးဘဲ ကြည့်ရှုပြုစုတော်မူ၏။
24
ရှုရိရှင်ဘုရင် ဟာဇေလသေ၍၊ သားတော် ဗင်္ဟာဒဒ်သည် ခမည်းတော်အရာ၌ နန်းထိုင်၏။
25
ဟာဇေလသည် စစ်တိုက်၍ ယောခတ်မင်း လက်မှ နှုတ်ယူသော မြို့ရွာတို့ကို ယောခတ်သား ယဟော ရှသည် ဟာဇေလသားဗင်္ဟာဒဒ်လက်မှ နှုတ်ယူ၏။ သုံးကြိမ်တိုင်အောင် ယဟောရှသည်နိုင်၍ ဣသရေလ မြို့ရွာတို့ကို ရပြန်လေ၏။",,,,,,
<urn:uuid:5e2116df-98a9-40fc-9ff1-92faf9ca87bf>,"တည်ဆဲဥပဒေချိုးဖောက်သည်ဟုဆိုကာ အာရှရန်ကုန်ဘဏ်ကို လိုင်စင်ရုပ်သိမ်း
ဘဏ်သက်တမ်း ၂၆ နှစ်ခန့် ရှိသည့် အာရှရန်ကုန်ဘဏ်လီမိတက်သည် လက်ရှိ ပြည်ထောင်စု သမ္မတ မြန်မာ နိုင်ငံတော်၏ တည်ဆဲဥပဒေများကို ဖောက်ဖျက်ခြင်းကြောင့် မတ်လ ၁၆ ရက်နေ့ ညနေပိုင်းမှ စ၍ ဗဟို ဘဏ်က ဘဏ်လုပ်ငန်းလိုင်စင် ရုပ်သိမ်းလိုက်ကြောင်း ထုတ်ပြန်သည်။
မြန်မာနိုင်ငံတော်ဗဟိုဘဏ် ဥပဒေ ပုဒ်မ ၄၀၊ ပုဒ်မ(စ) ပါ ငွေေ ရးကြေးရေး စနစ် တည်ငြိမ်ခိုင်မာမှုကို ထိန်း သိမ်းနိုင်ရန် ကြီးကြပ်ထိန်းကျောင်းခြင်း လုပ်ငန်းတာဝန်အရ ယင်း ဥပဒေပုဒ် ၆၈ ပါ ပြဋ္ဌာန်းချက် နှင့် အညီ ငွေရေးကြေးရေးအဖွဲ့အစည်းများအား လိုင်စင်ထုတ်ပေးခြင်း၊ ငြင်းပယ်ခြင်းနှင့် ရုပ် သိမ်းခြင်း၊ လုပ်ငန်းခိုင်မာ ကောင်းမွန်စေရန် ကြီးကြပ် စစ်ဆေးခြင်း၊ ကြီးကြပ်ကွပ်ကဲခြင်း အရ ယင်းကဲ့သို့ လုပ်ဆောင်ခြင်း ဖြစ်ကြောင်း သိရသည်။
အဆိုပါကိစ္စ နှင့် ပတ်သက်ပြီး ဧရာဝတီက ဗဟိုဘဏ်သို့ ဆက်သွယ်မေးမြန်းသော်လည်း ဖုန်းလက်ခံ ဖြေကြားခြင်း မရှိသလို အာရှရန်ကုန်ဘဏ်သို့ ဆက်သွယ်မေးမြန်းသော်လည်း မြန်မာနိုင်ငံတော်ဗဟိုဘဏ်၏ ထုတ်ပြန်ချက်အတိုင်းသာ ဖြစ်ကြောင်း တာဝန်ရှိသူတဦးက ပြန်လည်ဖြေကြားခဲ့သည်။
ဗဟိုဘဏ်သည် မတ်လ ၁၆ ရက်နေ့မှ ညနေပိုင်းမှ စတင်ကာ အာရှရန်ကုန်ဘဏ်လီမိတက်အား အုပ်ချုပ်သူခန့် ထား၍ စီမံအုပ်ချုပ်မည်ဖြစ်ပြီး ဘဏ်နှင့် ဆက်သွယ်ဆောင်ရွက်သူများ အနေဖြင့် သက်ဆိုင်ရာမြို့များရှိ အာရှ ရန်ကုန်ဘဏ်၏ ဘဏ်ခွဲများ၌ ပုံမှန်ရုံးချိန်အတွင်း ငွေထုတ်ယူလိုပါက ထုတ်ယူနိုင်ရန် စီစဉ်ထားကြောင်း သိရ သည်။
အာရှရန်ကုန်ဘဏ်သည် ၁၉၉၄ ခုနှစ်တွင် စတင်တည်ထောင်ခဲ့ပြီး တိုင်းနှင့် ပြည်နယ် ၇ ခု ခန့်တွင် ဘဏ်ခွဲ ၁၃ ဖွင့်လှစ်ထားသည့် ဘဏ် ၁ ခုဖြစ်သည်။
You may also like these stories:",,,,,,
<urn:uuid:1ac8cb7d-d0b9-4dde-be8b-71324322fd1f>,"ကချင်– စစ်ကိုင်းအစပ်မှာရှိတဲ့ ထီးချိုင့်မြို့ကို ကချင်လွတ်လပ်ရေးတပ်မတော် KIA၊ ပြည်သူ့ကာကွယ်ရေး ပူးပေါင်းတပ်တွေက မြို့သိမ်းတိုက်ပွဲဆင်နွှဲနေတာ ခုဆိုရင်တစ်လနီးပါးရှိလာပြီး စစ်တပ်ဘက်ကလည်း ထီးချိုင့်မြို့ လက်မလွတ်ရေး မီးကုန်ယမ်းကုန် ခုခံနေတာလည်းဖြစ်ပါတယ်။
နိုဝင်ဘာလ ၆ ရက်နေ့ ကောလင်းမြို့ကိုတိုက်ခိုက်သိမ်းယူလိုက်တဲ့ KIA,PDF တွေက နောက်ထပ် ထီးချိုင့်မြို့ကို ထပ်ပြီးသိမ်းယူဖို့ နိုဝင်ဘာလ ၁၀ ရက်နေ့ကနေ မြို့သိမ်းတိုက်ပွဲဆင်နွှဲနေပြီး နိုဝင်ဘာလ ၁၅ ရက်နေ့မှာတော့ ကာကွယ်ရေးတပ်တွေဘက်က ခနတာအပစ်ရပ်ခဲ့ပါတယ်။
ဒါပေမယ့် နိုဝင်ဘာလနောက်ဆုံး အပတ်ကနေကစပြီး KIA,PDF ဘက်က ပြန်ပြီးထိုးစစ်ဆင်တိုက်ခိုက်နေတဲ့အတွက် နှစ်ဖက်ထိတွေ့တိုက်ပွဲ ပိုပြီးပြင်းထန်လာသလို စစ်တပ်ဘက်ကလေကြောင်းအဓိကအသုံးပြုပြီးတိုက်ခိုက်နေတယ်လို့လည်း KIA,PDF နီးစပ်တဲ့ဒေသခံတစ်ဦးက ပြောပါတယ်။
“ထီးချိုင့်လက်ရှိအခြေနေကတော့ တိုက်ပွဲက ဖြစ်လိုက်ပြန်နားလိုက် လေယာဥ်လာလိုက် ပြန်ခွာလိုက်ပေါ့။ သူတို့က တစ်ရက်ကိုလေယာဥ် ၂ စီးလောက်လာပြီးတော့ ပစ်တယ် မနေ့ကတော့ ဒေသခံကာကွယ်ရေးတပ်ဘက်က တစ်ယောက်ကျတယ်။ ထီးချိုင့်မြို့ထဲမှာတော့ စစ်ကောင်စီဘက်က မြသိန်းတန်တောင်ပေါ်မှာအထိုင်ချထားတဲ့ စခန်းတစ်ခုသာ ကျန်ရှိတော့တာဖြစ်ပြီး အဲ့ဒီစခန်းမကျရေးအတွက် စစ်တပ်ဘက်က ခုခံနေတာ ထီးချိုင့်မြို့တစ်ခု လုံးလည်း ပျက်ဆီးနေပြီ”လို့ ပြောပါတယ်။
တစ်လနီးပါးကြာမြင့်လာတဲ့ မြို့သိမ်းတိုက်ပွဲမှာ KIA,PDF ဘက်က ထီးချိုင့်မြို့တစ်ခုလုံးသိမ်းယူနိုင်ဖို့ မြို့တွင်းစခန်းတစ်ခုသာကျန်ရှိတော့တဲ့အတွက် မြို့သိမ်းတိုက်ပွဲအောင်မြင်ဖို့ လက်တစ်ကမ်းအလိုမှာရှိနေတာ လည်းဖြစ်ပါတယ်။
လက်ရှိချိန် နှစ်ဖက်ထိတွေ့တိုက်ပွဲ နေ့တိုင်းဆိုသလိုဖြစ်ပွားနေပြီး စစ်တပ်ဘက်ကလေကြောင်းနဲ့ပစ်ခတ်တိုက်ခိုက် နေတဲ့အတွက် ဒီဇင်ဘာလ ၅ ရက်နေ့ မနေ့ကတိုက်ပွဲမှာတော့ ကာကွယ်ရေးတပ်ဘက်က တစ်ယောက်ကျဆုံးခဲ့တယ်လို့ သိရပါတယ်။
ခုခံစစ်အနေနဲ့သာရှိနေတော့တဲ့ စစ်ကောင်စီတပ်တွေဟာ တိုက်ပွဲအတွင်းတစ်ရက်ကို လေကြောင်း ၂ ကြိမ်ထက်မနည်းအသုံးပြုပြီး ပစ်ခတ်နေတာကိုကြည့်ခြင်းအားဖြင့် စစ်တပ်ဘက်က မြေပြင်ခံစစ်မှာ အခြေနေအရမ်းဆိုးရွားနေတဲ့အကြောင်း သက်သေပြနေတာဖြစ်တယ်လို့ ဆိုပါတယ်။
ဒါကြောင့် တိုက်ပွဲဒီထက်မက ရက်ရှည်လာမယ်ဆိုရင် စစ်တပ်ဘက်က မြေပြင်မှာ အချိန်ကြာကြာတောင့်ခံနိုင်မှာမဟုတ်ဘူးလို့ ကာကွယ်ရေးတပ်ဖွဲ့တွေဘက်က ပြောပါတယ်။
“သူတို့ကတော့ မြေပြင်မှာ သူတို့မနိုင်လို့လေကြောင်းပဲပစ်ကူပေးနေရတယ်။ မြေပြင်အနေအထားမှာ သူတို့ ဘယ်လိုမှတောင့်မခံနိုင်ဘူး လေကြောင်းတစ်ခါသုံးဖို့ဆိုရင် ပိုက်ဆံအများကြီးသုံးရတယ်။ အဲ့တာကြောင့် လေကြောင်းမဖြစ်မနေသုံးနေတာကိုကြည့်တာနဲ့ သူတို့မြေပြင်မှာအချိန်ကြာကြာတော့ တောင့်ခံနိုင်မှာမဟုတ်တော့ဘူး”လို့ ထီးချိုင့်ဒေသကာကွယ်ရေးတပ်ဖွဲ့ဘက်က တာဝန်ရှိသူ တစ်ယောက်ကပြောပါတယ်။
လက်ရှိထီးချိုင့်မြို့ဟာ စစ်တပ်ရဲ့လေကြောင်းပစ်ခတ်တိုက်ခိုက်မှုကြောင့် မြို့တစ်ခုလုံး ဖွတ်ဖွတ်ကြေနေပြီဖြစ်တယ်လို့ ကာကွယ်ရေးတပ်ဖွဲ့ဘက်ကဆိုပါတယ်။
ထီးချိုင့်မြို့ဟာ ကချင်– စစ်ကိုင်းအဆက်မှာရှိပြီး ဆက်သွယ်ရေးလမ်းပိုင်းအတွက်အရေးကြီးတဲ့မြို့ဖြစ်သလို စစ်ရေးအရအလွန်အရေးပါတဲ့ ဒေသဖြစ်တဲ့အတွက် ထီးချိုင့်မြို့ကို လက်မလွှတ်ရရေးအတွက်စစ်တပ်ဘက်ကရတဲ့ နည်းနဲ့တောင့်ခံနေတာဖြစ်တယ်လို့ ကာကွယ်ရေးတပ်တွေဘက်က သုံးသပ်ပါတယ်။
By – အမိုး",,,,,,
<urn:uuid:4d2f9176-03c3-47dd-a4f9-4cee09599394>,"အခွန်ပေးသွင်းခြင်း
၄။ အခွန်ပေးသွင်းခြင်း ( Payment )
- လစာဝင်ငွေရရှိသူအတွက် လစဉ်လစာဝင်ငွေခွန်ကို အလုပ်ရှင်/ ရုံးဌာနအကြီးအကဲ/ ကုမ္ပဏီ မန်နေဂျာတို့က လစာမှဖြတ်တောက်၍ လစဉ်ပေးသွင်းရပါမည်။
- မြေငှားရမ်းခြင်း၊ အဆောက်အအုံငှားရမ်းခြင်း၊ အခန်းငှားရမ်းခြင်းမှဝင်ငွေရရှိသူသည် တစ်နှစ်ကျပ်သိန်း(၅၀၀)ကျော်လျှင် ကုန်သွယ် လုပ်ငန်းခွန် (၅%) ကို ပစ္စည်းငှားယူသူထံမှ တစ်ပါတည်းရယူပြီး ကြိုတင်ကုန်သွယ် လုပ်ငန်းခွန် ငွေသွင်းချလန်ပုံစံ ပတခ(ကသခ)-၇ဖြင့် ပေးသွင်းရမည်။ ဝင်ငွေခွန်ကိုမူ သက်ဆိုင်ရာအခွန်ရုံးက အခွန်တောင်းခံလွှာပုံစံ ပတခ(ဝင)-၈ ၊ ဝင်ငွေခွန် ငွေသွင်းချလန် ပုံစံ ပတခ(ဝင)-၁၉ တို့ကို ပေးပို့လာပြီး(၂၁)ရက်အတွင်း ပေးသွင်းရမည်။ငွေသွင်းချလန်ကို သက်ဆိုင်ရာအခွန်ရုံးတွင် ရယူနိုင်ပါသည်။
- အခြေပစ္စည်းမှမြတ်စွန်းငွေအပေါ် ကျသင့်သည့် ဝင်ငွေခွန်ကို သက်ဆိုင်ရာအခွန်ရုံးက ငွေသွင်းချလန်ပုံစံ ပတခ(ဝင)-၁၉၊ အခွန်တောင်းခံလွှာပုံစံ ပတခ(ဝင)-၈ ဖြင့်ပေးပို့လာပြီး (၂၁) ရက် အတွင်း ပေးသွင်းရမည်။
- အခြေပစ္စည်းဝယ်ယူတည်ဆောက်သူအနေဖြင့် သက်ဆိုင်ရာကာလတန်ဖိုး စိစစ်သတ်မှတ်ရေး အဖွဲ့က သတ်မှတ်သည့်တန်ဖိုးအပေါ် ကျသင့်တံဆိပ်ခေါင်းခွန် ၄ ရာခိုင်နှုန်းပေးသွင်း၍ သက်ဆိုင်ရာအခွန်ရုံးတွင် တံဆိပ်ခေါင်း ထုတ်ယူရမည်။ (ကာလတန်ဖိုး စိစစ်သတ်မှတ်ရေး အဖွဲ့ကသတ်မှတ်မည့် စံနှုန်းများအား Norm ခေါင်းစဉ် link တွင် ဝင်ရောက် ကြည့်ရှုပါ ရန်) ဝင်ငွေခွန်ကိုမူ သက်ဆိုင်ရာ အခွန်ရုံးက ပုံစံ ပတခ(ဝင)-၈၊ ဝင်ငွေခွန်ငွေသွင်းချလန် ပုံစံ ပတခ(ဝင)-၁၉ ပေးပို့လာပြီးနောက် (၂၁) ရက်အတွင်း ပေးသွင်းရမည်။",,,,,,
<urn:uuid:0612dee5-c82e-418f-be90-e76de039ab1f>,"ပုံလေးတစ်ပုံကြောင့် တစ်ဖွဲ့ဆုံးခဲ့ရတဲ့ ယနေ့မန္တလေးအထိနာခဲ့ရတဲ့အဓိကအကြောင်းအရင်း
”ပုံလေးတစ်ပုံကြောင့် တစ်ဖွဲ့ဆုံးရခြင်း”
လူငယ်မျိုးဆက်သစ်တွေကတော့ ခုဆို သူတို့ရဲ့ တက်သစ်စ ဘဝတွေကိုရင်းပြီး တိုင်းပြည်နဲ့ လူမျိုးအတွက် သက်ဆိုင်ရာ ဒေသအလိုက် ပြည်သူ့ကာကွယ်ရေး တပ်ဖွဲ့တွေထဲ ဝင်ရောက်လျက်ရှိတာ တွေ့ရပါတယ် ။ သူတို့ရဲ့ အသက်တွေ မိသားစုတွေကို စွန့်လွှတ်ပြီး တော်လှန်ရေးကြီး အောင်မြင်ဖို့ အတွက် ပါဝင်ခုခံ တိုက်ခိုက်ပေးနေကြတာ ဖြစ်ပါတယ် ။
ခုဆိုရင် နေရာတိုင်းလိုလို တိုက်ပွဲတွေ ဖြစ်ပွားလျက်ရှိနေတာကို တွေ့ရပါတယ် ။ ယနေ့ ဇွန်လ (၂၂) ရက်နေ့မှာလည်း အာဏာရှင် လူတစ်စုနဲ့ မန္တလေးက PDF တွေ တစ်ဖက်နဲ့တစ်ဖက် ပ စ်ခ တ်မှုတွေ ဖြစ်ပွားခဲ့ပါတယ် ။ တစ်ဖက်ကလည်း သံချပ်ကာ ကားတွေ အပြင် အင်အားများစွာသုံးကာ လုံခြုံရေး တောက်လျှောက် လှည့်နေသလို ဒေသခံတွေကလည်း PDF လေးတွေ လွတ်ကင်းဖို့ အတွက် ဝိုင်းဝန်းပြီး လမ်းမတွေမှာ တာယာတွေ မီးရှို့ကာ ထကြွပေးခဲ့ကြပါတယ် ။
သတင်းပေးဒလန်တွေရဲ့ယုတ်မာမှုကြောင့် မန္တလေး PDF အဖွဲ့ကို ခြေရာခံမိသွားပြီး ဝင်ရောက်စီးနင်းမှု ကြောင့် PDF တွေအနေနဲ့ မတတ်သာတဲ့အဆုံး ပြန်လည်ခုခံရတဲ့အခြေအနေ တစ်ရပ်မှာ မန္တလေးက ပြည်သူတွေအနေနဲ့လည်း ပါဝင်အုံကြွပေးဖို့လိုအပ်ပါတယ်။ လမ်းပိတ်တာတွေအပြင် လမ်းပေါ်မှာ တာယာတွေမီးရှို့ပြီး စစ်ကောင်စီတပ်တွေလာတဲ့ လမ်းကြောင်းတွေကို ပိတ်ဆို့ပေးဖို့လိုအပ်ပါတယ်။ ဒီလိုအဖက်ဖက်က ကူညီမှုတွေရှိမှသာ ခုခံမှုအဆင်ပြေပြီး အောင်မြင်စွာဆုတ်ခွာနိုင်မှာပါ။ မန္တလေးရဲ့တစ်ချို့နေရာတွေမှာတော့ တာယာမီးရှို့ပြီး လမ်းမပေါ်ချထားတာတွေလည်းရှိနေခဲ့ပါတယ်။
တိုက်ပွဲကို မျက်မြင်ကြုံရတဲ့ တစ်ချို့ပြည်သူတွေဟာလည်း ဘယ်လိုတိုက်ပွဲဖြစ်နေတယ်ဆိုတာကို ပြချင်တဲ့ဇောနဲ့ ဓာတ်ပုံ ဗီဒီယို မှတ်တမ်းတွေယူပြီး လူမှုကွန်ယက်ပေါ်မှာ ဝေမျှကြပါတယ်။ အမှန်တော့ ဒီလုပ်ရပ်ဟာ ကိုယ့်လူကိုယ် အသေသ တ်သလိုပါပဲ။ တိုင်းပြည်အတွက် စွန့်လွှတ်အနစ်နာခံပြီး တိုက်ပွဲဝင်နေကြသူတွေရဲ့တည်နေရာနဲ့ မှတ်တမ်းဓာတ်ပုံတွေဟာ စစ်ကောင်စီတပ်တွေခြေရာခံနိုင်စရာအကြောင်းတစ်ခုဖြစ်သွားမှာပါ။
ဒီပုံက Apex တိုက်ပေါ်က PDF တွေကို စခ တွေက တိုက်ခိုက်မှုတွေ မပြုလုပ်ခင် “၁၅”မိနစ်အလိုဖြစ်ပါတယ်။တိုက်ပေါ်မှာရပ်နေတာကတော့ PDF ပါ။(MDY PDF မြို့ပြပျောက်ကြားတာဝန်ခံ MyanmarNow interview မှ)
မဖြစ်ခင် ၁၅ မိနစ်လောက်က ကျွန်တော်ကိုယ်တိုင် post မြင်လိုက်ပါတယ် ။“မနော်ဘက် မှာ အရင်ကတည်းက စခ တွေက တိုက်ပေါ်တက်ပစ် တဲ့ အကျင့်ရှိပါတယ် သူ့လူ ကိုယ့်လူ မခွဲနိုင်ဖြစ်ပြီး post တင်တဲ့ သူက တင်လိုက်ရော” အဲ့တော့ ၁၅ မိနစ်အတွင်း စခ တွေက နေရာအတိအကျ သိသွားပြီး ရှေ့ပြေး တွေ ဘာတွေနဲ့ စစ်။PDF မှန်းသိတော့ မြို့ထဲက စစ်ကူတွေခေါ်။မနော်လမ်းပေါ် ဟွန်းတွေတီးပီး အစီးလိုက်တွေ ရောက်ချလာ။အဲ့မှာ စပ စ်ကျ။နောက်တော့ စခ က RPG နဲ့ ဆော်လိုက်တော့ PDF တွေ အထိနာသွားရော။အဲ့မှာ PDF ဗိုလ်ကိုယ်တိုင် အပ စ်ခ တ်တွေရပ်ပြီး ငြိမ်ခံနေဖို့ အမိန့်ပေးရရော။အဲ့တာနဲ့ဘဲ စခန်းတစ်ခု လက်လွတ်လိုက်ရပြီး PDF တွေ ဖမ်းခံရရော။
၄ နာရီကြာပစ်ခတ်မှုတွေကို ဒီဓာတ်ပုံလေးက အစပြုခဲ့တာပါ။ဘယ်သူမှားတယ် မှန်တယ် မပြောလိုပါဘူး။အားလုံး သတိရှိနိုင်ကြဖို့ပါ။ (Fighting ပြည်သူနဲ့ PDF တို့)
ဒါကြောင့်လည်း မန္တလေး PDF ခေါင်းဆောင်ဟာ ” ကျွန်တော်တို့ရဲ့ ပြောက်ကျားတပ်ခွဲတစ်ခု ဝင်စီးခံရခြင်းနှင့်အတူ စကစ အပြန်အလှန်တိုက်ခိုက်မှုတွင် မန္တလေးပြည်သူတွေရဲ့အကူအညီကို များစွာလိုအပ်ပါသည်။ အခြား PDF တပ်ခွဲများမှ စီးနင်းခံရသော PDF နေရာသို့ ဝင်ရောက်ကူညီ ပစ်ခတ်ခြင်း တပ်ကူပေးခြင်းများအား မိဘပြည်သူများအနေနှင့် ဓာတ်ပုံ & video ရိုက်ကူးထားပါက ကျွန်တော်တို့ PDF-Mdy ၏ လုံခြုံရေးကိုကူညီသော အားဖြင့် Social Media ပေါ်တင်ခြင်း မျှဝေခြင်း မပြုလုပ်ပါရန် လေးစားစွာမေတ္တာရပ်ခံ အပ်ပါသည်။ ဗိုလ်ဇီးကွက် (ချေမှုန်းရေးခေါင်းဆောင်) ” ဆိုပြီး သူတို့ရဲ့လှုပ်ရှားမှုနဲ့ တည်နေရာကို မဖော်ပြဖို့ မန္တလေးက ပြည်သူလူထုကို မေတ္တာရပ်ခံတဲ့စာတစ်စောင် ဝေမျှခဲ့ပါတယ်။
ပြည်သူအားလုံးအတွက် အသက်ကိုပဓာနမထားဘဲ ရွပ်ရွပ်ချွံချွံ တိုက်ပွဲဝင်ပေးနေသူတွေရဲ့ လုံခြုံရေးကို ပြည်သူအားလုံးစောင့်ရှောက်ပေးရမှာပါ။ ကိုယ်မြင်ခဲ့လို့ မှတ်တမ်းတင်ချင်ရင်တောင် မှတ်တမ်းသပ်သပ်ပဲ တင်ပြီး လူမှုကွန်ယက်ပေါ်မဝေမျှသင့်ပါဘူး။ ပြည်သူ့ရဲဘော်တွေရဲ့လုံခြုံရေးဟာ ပြည်သူတွေရဲ့လက်ထဲမှာ ဖြစ်လို့ အားလုံးဝိုင်းဝန်း စောင့်ရှောက်ပေးကြရမှာပါ။ ပြည်သူ့ရဲဘော်တွေအားလုံးဘေးကင်းပြီး ပြည်သူတစ်ရပ်လုံး လိုလားတောင့်တတဲ့ စစ်မှန်သောဒီမိုကရေစီကို အရယူပေးနိုင်ပါစေလို့ ဆုမွန်ကောင်းတောင်းပါတယ်",,,,,,
<urn:uuid:8ced2bf1-e732-42e8-9eb4-ce55d4b1c303>,"ဩရိဿပြည်နယ်
ဩရိဿပြည်နယ်သည် အိန္ဒိယနိုင်ငံ အရှေ့ဘက်ကမ်းခြေတွင် တည်ရှိသော ပြည်နယ်တစ်နယ် ဖြစ်သည်။ မြောက်ဘက်တွင် ဗင်္ဂလားနှင့် ဗီဟားပြည်နယ်၊ တောင်ဘက်တွင် အန္ဓရ ဒေသပြည်နယ်၊ အနောက်ဘက်တွင် မဇ္ဈဒေသ ပြည်နယ်တို့ အသီးသီးတည်ရှိသည်။ ယခင်က ဩရိဿနယ်သည် ဗီဟားနယ်နှင့်တွဲလျက် ဗီဟားနှင့်ဩရိဿပြည်နယ်တွင်း ပါဝင်ခဲ့သည်။ ၁၉၃၆ ခုနှစ်တွင် အိန္ဒိယအစိုးရက ဗီဟားပြည်နယ်နှင့် ဩရိဿပြည်နယ်တို့ကို သီးခြားပြည်နယ် များအဖြစ် ခွဲခြားသတ်မှတ်ခဲ့သည်။
မဟာနဒီမြစ်ဝကျွန်းပေါ်ဒေသ တောင်ဘက်တွင်ပြည်နယ်အကျယ်မှာမိုင် ၂ဝ မျှသာရှိ၍ နယ်နိမိတ်သည် ပင်လယ်ကမ်းမှ ကုန်းတွင်းပိုင်းသို့ထိုးဝင်လျှက် ရှိသည်။ ထိုကဲ့သို့နယ်နိမိတ်ကို သတ်မှတ်ရခြင်းမှာ အူရီယာ ဘာသာစကားပြောဆိုသူတို့ နေထိုင်ရာဒေသများ ပါဝင်စေရန်ပင်ဖြစ်သည်။ ထို့ကြောင့် ဩရိဿပြည်နယ်တွင် အူရီယာဘာသာစကားသည် လူအများပြောဆိုသုံးစွဲသော ဘာသာစကား ဖြစ်သည်၊၊
ဩရိဿပြည်နယ်တွင် ချိုတာနဂ္ဂပူကုန်းပြင်မြင့်၊ တောင်ပိုင်းမဟာနဒီမြစ်၊ အောက်ပိုင်းမြစ်ဝှမ်းနှင့် မြစ်ဝကျွန်းပေါ် ဒေသတို့ပါဝင်၍ ပြည်နယ်၏အကျယ်အဝန်းမှာ စတုရန်းမိုင်ပေါင်း ၆ဝ၁၆၄ ရှိသည်။ မဟာနဒီမြစ်သည် ပြည်နယ်ကို ဖြတ်သန်း၍ စီးဆင်းသည်။ လူဦးရေ ၂၁၉၃၄၈၂၇ ယောက် (၁၉၇၁)ရှိသည့်အနက် ၈ဝ ရာခိုင်နှုန်းခန့်သည် ဆန်စပါး စိုက်ပျိုး လုပ်ကိုင်သူများဖြစ်သည်။ ဆန်စပါးစိုက်ပျိုးသော လယ်ယာဧက ငါးသိန်းကျော်ရှိရာ ရေသွင်းစိုက်ပျိုးသော လယ်ယာဧကပေါင်းမှာ တစ်သိန်းခွဲနီးပါးရှိသည်၊၊ ဂုံလျှော်ပင်၊ နှံစားပြောင်း၊ ဆေးပင်၊ ကြံ၊ မန်ကျည်းနှင့် ဆီထွက်သီးနှံပင်တို့ကိုလည်း စိုက်ပျိုးကြသည်။ ပင်လယ်ကမ်းရိုးတန်းတစ်လျှောက်တွင် ငါးဖမ်းလုပ်ငန်းကို လုပ်ကိုင်၍ ကာလကတ္တားမြို့သို့ ငါးခြောက်များတင်ပို့ရောင်းချသည်။ စက်မှုလုပ်ငန်းဟူ၍ အကြီးအကျယ်မရှိချေ။
အိမ်တွင်းလက်မှုလုပ်ငန်းများကိုသာ များသောအားဖြင့် လုပ်ကိုင်ကြသည်။ ဩရိဿပြည်နယ်မှ နန်းကြိုးခက် ငွေထည်များမှာ ထင်ရှားသည်။ ဟိန္ဒူအယူဝါဒီ အများဆုံးနေထိုင်သော ပြည်နယ်ဖြစ်၍ မြို့တိုင်းရွာတိုင်း၌ ဟိန္ဒူဘုရားဝတ်ကျောင်းနှင့် တန်ဆောင်းပေါင်း မြောက်များစွာရှိသည်။ အထူးသဖြင့် ပင်လယ်ကမ်းခြေ မြို့ဖြစ်သော ပူရီမြို့တွင် တည်ရှိသည့် ဂျဂနတ် ဘုရားဝတ်ကျောင်းသည် ထင်ရှား၏။ မဟာနဒီမြစ်ဝကျွန်းပေါ်ဒေသတွင် တည်ရှိသော ပြည်နယ်၏ မြို့တော်ဟောင်း ကတ္တက်မြို့မှ ၁၈ မိုင်ကွာဝေးသော ဘူဗန်နီဆွာမြို့သည် ပြည်နယ်၏ မြို့တော်သစ် ဖြစ်သည်။ လူဦးရေ ၁၂ဝ၅၅၁၄ ယောက်နေထိုင်လျက်ရှိသည်။
ဩရိဿပြည်နယ်တွင် မီးရထားလမ်းမိုင်ပေါင်း ၈၇၃ မိုင်မျှသာရှိသည်။ ကာလကတ္တားမြို့မှ မဒရပ်မြို့သို့သွားသော မီးရထားလမ်းသည် ပင်လယ်ကမ်းတစ်လျှောက်ကို ဖြတ်သန်းသွားသည်။ အုပ်ချုပ်မှုအတွက် ပြည်နယ်ကို ခရိုင်ပေါင်း ၁၃ ခရိုင် ခွဲခြားသတ်မှတ်ထားရှိသည်။ အိန္ဒိယအစိုးရက ခန့်အပ် သော ဘုရင်ခံနှင့် ဝန်ကြီးအဖွဲ့က ပြည်နယ်ကိုအုပ်ချုပ်သည်။ ဥပဒေပြုလွှတ်တော် တစ်ရပ်တည်းသာရှိသည်။
ကိုးကား[ပြင်ဆင်ရန်]
- မြန်မာ့စွယ်စုံကျမ်း၊ အတွဲ(၁၅)",,,,,,
<urn:uuid:7c72125b-99ca-4867-906f-9eb003a37513>,"ပါကစၥတန္အေနာက္ေျမာက္ပိုင္း အာဖဂန္နစၥတန္
နယ္စပ္အနီးမွာ ႏ်ဴကလီးယားစြမ္းအင္ ကၽြမ္းက်င္
သူႏွစ္ေယာက္ ျပန္ေပးဆြဲခံထားရတယ္လုိ႔
ပါကစၥတန္ရဲက ဆုိပါတယ္။
ပါကစၥတန္ႏုိင္ငံ အေနာက္ေျမာက္ပိုင္း ဒီရာ
အစၥေမးလ္ခန္းခ႐ုိင္မွာ အဲဒီပညာရွင္ႏွစ္ေယာက္
ပုံမွန္ ဘူမိကြင္းဆင္းလုပ္ငန္းမ်ား လုပ္ေနတုန္း
တနလၤာေန႔က ေသနတ္နဲ႔ေတ့ၿပီး ဖမ္းဆီး
ေခၚေဆာင္သြားျခင္းခံရတယ္လုိ႔ ရဲက ရွင္းျပပါ
တယ္။
အဲဒီေသနတ္သမားေတြဟာ သူပုန္ေတြလား၊ ႐ုိး႐ုိး
ရာဇ၀တ္ေကာင္ေတြလားဆုိတာ မရွင္းေသးဘူးလုိ႔ ရဲကေျပာပါတယ္။
တခ်ိန္တည္းမွာပဲ အာဖဂန္နစၥတန္ႏုိင္ငံဆုိင္ရာ ပါကစၥတန္သံအမတ္ တာရစ္အဇီဇူဒင္
(Tariq Azizuddin) အာဖဂန္ၿမိဳ႕ေတာ္ ကဘူးကို ေမာ္ေတာ္ကားနဲ႔အသြား ကိုင္ဘာ
လူမ်ဳိးစုေဒသမွာ ေပ်ာက္သြားတာကိုလည္း ပါကစၥတန္ လုံၿခဳံေရးတပ္ဖြဲ႕မ်ားက လုိက္လံရွာေဖြေနၾကပါတယ္။
သူ ေဘးအႏၱရာယ္ကင္းစြာနဲ႔ ျပန္လြတ္လာလိမ့္မယ္လုိ႔ ေမွ်ာ္လင့္ေၾကာင္း အာဖဂန္
သမၼတ ဟာမစ္ကာဇုိင္း (Hamid Karzai) က ေျပာပါတယ္။
တခ်ိန္တည္းမွာပဲ ေရွ႕သီတင္းပတ္အတြင္း ျပဳလုပ္မယ့္ ေရြးေကာက္ပြဲအႀကိဳအျဖစ္
ပါကစၥတန္ႏုိင္ငံမွာ လုံၿခဳံေရးေတြ ေထာင္နဲ႔ခ်ီၿပီး ခ်ထားပါတယ္။",,,,,,
<urn:uuid:04cc1825-e780-493f-ac2b-2ba741784bd5>,"ခွေးတူဝက်တူ
|Badger|
|သိပ္ပံနည်းကျမျိုးခွဲခြင်း|


ခွေးတူဝက်တူဟူသော အမည်ကပင် ထိုတိရစ္ဆာန်မျိုး၏ ပုံပန်းသဏ္ဍာန်ကို ဖော်ပြလျက် ရှိပေသည်။ ဝက်ဝံနှင့်လည်း ဆင်တူ၏။ ခွေးတူဝက်တူသည် လူကို ရန်မမူဘဲ အေးအေးပင် နေလေ့ရှိသည်။ သို့သော် သားစားတိရစ္ဆာန်မျိုး ဖြစ်သည့် အတိုင်း တိရစ္ဆာန်ငယ်ကလေးများကို ဖမ်းဆီးသတ်ဖြတ်၍ စားတတ်သည်။ ယင်းတို့၏ ကိုယ်မှာ ထူးခြားစွာ ကျယ်ပြန့် ပြားချပ်၍ နှာဖျားမှ အမြီးအထိ ၂ ပေ၊ ၂ ၁/၂ ပေခန့် ရှည်သည်။ နှုတ်သီးချွန်သော ဦးခေါင်းနှင့် အမြီးတိုကလေး တို့သည် ခပ်ပြားပြားပင် ဖြစ်သည်။ ခြေလက်များမှာ အလွန် သန်၍ မာကျောချွန်ထက်သော ခြေသည်းလက်သည်းရှည်ကြီး များ ပါရှိသဖြင့် မြေတူးအလွန် ကျင်လျင်သည်။ သို့သော် ဖားလျားကျနေသော အမွေးရှည်များက ခြေလက်တို့ကို ဖုံးအုပ် ထားသည့်အတွက် လမ်းသွားနေစဉ်ကြည့်လျှင် ဝမ်းပိုက်ဖြင့် ကပ်၍ သွားနေသလောဟု ထင်ရသည်။ အရောင်မှာ ကိုယ်တွင် မီးခိုး ရောင်ဖြစ်၍ ခြေလက်၊ လည်ပင်းနှင့် ရင်ပတ် ဝမ်းပိုက် တို့တွင် မည်းသည်။ မျက်နှာတွင်မူ အနက်ရောင် အောက်ခံ၌ နှာတံပေါ်တွင် အဖြူစင်းတစ်ကြောင်း၊ ပါးတစ်ဖက်တစ်ချက် တွင် တစ်ကြောင်းစီ အဖြူစင်း သုံးကြောင်း ပါရှိသောကြောင့် တစ်နည်းအားဖြင့် ရယ်စရာ ကောင်းသည်။
ခွေးတူဝက်တူသည် လူသူကို ကြောက်ရွံ့တတ်၍ နေ့ဖက်၌ တွင်းအောင်းကာ ညဖက်တွင်သာ အစာရှာ ထွက်တတ်သည့် အတိုင်း ယင်းတို့ကို မြင်ဖူးသူများ ရှားသည်။ ခွေးတူဝက်တူ သည် ဖွတ်၊ ပုတတ်၊ ပုရစ်၊ နှံ ကောင်၊ မြေကြွက်၊ ရှဥ့် စသောအကောင်များကိုလည်းကောင်း၊ မြေကြီးပေါ်၌ အသိုက် လုပ် နေထိုင်တတ်သော ငှက်နှင့် ငှက်ဥများကိုလည်းကောင်း၊ လိုက်လံရှာဖွေ၍ စားသောက်လေ့ရှိသည်။ သစ်ဥသစ်ဖုများ ကိုလည်း စားသည်။ ဝက်ဝံနည်းတူ ပျားရည်ကို အလွန် နှစ်သက်သည့်အတိုင်း ပျားအုံများကို ပျားတုပ်ခံကာ ဖျက်ဆီး စားသောက်လေ့ရှိသည်။ ပျားတုပ်သော်လည်း အမွေးရှည်တို့ ကြောင့် မနာကျင်ပေ။ နကျယ်အိမ်များကိုလည်း ဖျက်ဆီး၍ အတွင်းရှိပိုးကောင်ကလေးများကို စားသောက်လေ့ရှိသည်။ လူသံသူသံကြားလျှင် ဖြစ်စေ၊ ရန်သူနှင့်တွေ့လျှင်ဖြစ်စေ ခွေးတူဝက်တူသည် တွင်းထဲသို့ ဝင်ပြေးတတ်သည်။ တွင်းသို့ ရောက်အောင် မပြေးနိုင်ပါက လျင်မြန်စွာ တွင်းဖော်၍ ပုန်း အောင်းတတ်သည်။ သို့တည်းမဟုတ် ကိုယ်အောက်သို့ ဦးခေါင်းနှင့် ခြေလက်တို့ကို သွင်းကာ မြေကြီးပေါ်မှာပင် ပြားပြားဝပ်ချလိုက်တတ်သည်။ ထိုသို့ဝပ်နေစဉ် ကြည့်လှျင် ကျောက်ခဲကျောက်တုံးများနှင့်ပင် အမြင်မှားလောက်ပေသည်။
ခွေးတူ ဝက်တူသည် လူသူကို ကြောက်ရွံ့တတ်သော်လည်း ပြေးမလွတ်သောအခြေအနေမျိုးနှင့် ကြုံကြိုက်သောအခါတွင်မူ ရန်သူကို သတ္တိကောင်းစွာဖြင့် သဲသဲမဲမဲ ပြန်လည်ခုခံတတ် သည်။ သူ၏မာကျောချွန်ထက်သော ခြေသည်း လက်သည်း တို့သည် ရန်သူ၏အသားအရေကို စုတ်ပြတ်သွားအောင် ကုတ်ဖဲ့နိုင်၍ သူ၏ခိုင်မာသန်စွမ်းသော ပါးစောင်ဖြင့်လည်း ခွေးဘီလူးတို့ကဲ့သို့ မလွှတ်တမ်း ကိုက်ခဲထားနိုင်သည်။ ခွေးတူဝက်တူတစ်ကောင် သည် ခွေး ၄၊ ၅၊ ၆ ကောင်နှင့် ဖက်ပြိုင်တိုက်ခိုက်နိုင်၏။ ထို့ကြောင့် အင်္ဂလန်ပြည်တွင် ရှေးက ခွေးတူ ဝက်တူတစ်ကောင်ကို စည်တစ်ခု၌ထည့်၍ ပြင်ဖက်မှ ခွေးများနှင့် တိုက်ခိုက်ဆွဲထုတ်စေသော ကစားနည်း တစ်မျိုး အလွန်ခေတ်စားခဲ့ဘူးရာ၊ ၁၈၅ဝ ပြည့်နှစ်သို့ရောက်မှ ဥပဒေ ဖြင့် တားမြစ်၍ ပျောက်ကွယ်သွားလေသည်။
ခွေးတူဝက်တူသည် မြွေပါမြီးတိုမျိုးတွင် ပါဝင်၍ ယင်းတို့ ကို ဥရောပတိုက်မြောက်ပိုင်း၊ အာရှတိုက်နှင့် အမေရိကတိုက် တို့၌ တွေ့ရသည်။ ခွေးတူဝက်တူသည် တစ်ကြိမ်လျှင် သား ၁ ကောင်မှ ၅ ကောင်အထိ မွေးသည်။ အကောင်ကလေးများ သည် တစ်လခွဲခန့် မိခင်ရှာကျွေးသော အစာကို စားသောက်နေ ပြီးသော် ကိုယ်တိုင် အစာရှာဖွေစားသောက်နိုင်ကြသည်။ ခွေးတူဝက်တူတွင် ဆိုးရွားသော ကိုယ်နံ့ရှိသည်။ ယင်းတို့၏ အသားကိုလည်း စားလေ့မရှိချေ။ သို့သော် ထူထဲသောသားမွေး မှာ အဖိုးတန်၍ အမွေးအမျှင်များမှာမူ ပန်းချီရေး စုတ်တံနှင့် မုတ်ဆိတ်ဗရွတ်များ ပြုလုပ်ရာတွင် အသုံးဝင်သည်။ [၁]
ကိုးကား[ပြင်ဆင်ရန်]
- မြန်မာ့စွယ်စုံကျမ်း၊ အတွဲ(၂)",,,,,,
<urn:uuid:3bb5beea-15bd-4a7c-a630-8700ce1998d6>,"တောင်ကုတ်တွင် တရားမဝင် ကျွန်းသစ်တန်ချိန် ၃၀ ကျော်ဖမ်းမိ
ရခိုင်ပြည်နယ်တောင်ပိုင်း တောင်ကုတ်မြို့အနီးရှိ ကိုင်းရှည်ကျေးရွာတွင် တရားမဝင်ကျွန်းသစ် ခန့်မှန်းတန်ချိန် ၃၀ ကျော်ကို တနင်္လာနေ့က ဖမ်းဆီးရရှိကြောင်း သစ်တောဦးစီးအရာရှိ ဦးလွင်ကိုဦးက ဧရာဝတီသတင်းဌာနကို အင်္ဂါနေ့တွင် အတည်ပြုပြောကြားသည်။
ကျွန်းသစ် ခွဲသားနှင့် အကြမ်းထည် လေးထောင့်သစ်တုံးကြီးများကို ယမန်နေ့က ကိုင်းရှည်ကျေးရွာအနီးတွင် တည်ရှိသည့် အောင်မြင်သစ် ဘိလပ်မြေဖျော်စက်ခြံဝင်းထဲတွင် တွေ့ရှိခဲ့ခြင်းဖြစ်သည်။ ကျွန်းသစ်လုံးများ နိုင်ငံခြားသို့ တင်ပို့ခြင်း ကို မြန်မာအစိုးရ ၂၀၁၄ ခုနှစ်တွင် တရားဝင်ရပ်ဆိုင်းလိုက်ပြီး ကျွန်းသစ်များခုတ်လှဲခြင်းကိုလည်း ကန့်သတ်ထားသည်။
ဦးစီးအရာရှိ ဦးလွင်ကိုဦးက “တရားမဝင် ကျွန်းသစ်ဆိုတာကတော့ သေချာပါတယ်။ ဘာလို့လဲဆိုတော့ တရားဝင်ကျွန်းသစ်ဆို ရင် မြန်မာ့သစ်လုပ်ငန်းရဲ့ အမှတ်အသားတွေပါရမယ်။ အခုက အဲလိုမတွေ့ရပါဘူး” ဟု ပြောသည်။
တောင်ကုတ်မြို့နယ် အထွေထွေအုပ်ချုပ်ရေးမှုး လှမိုးဦးက ကျွန်းသစ်တန်ချိန် အမြောက်အမြားကို အောင်မြင်သစ် ကုမ္ပဏီ ဘိလပ်မြေဖျော်စက်ဝင်းတွင် ဖမ်းဆီးရရှိခဲ့သည်မှာ မှန်ကန်ကြောင်း သို့သော် ပိုင်ရှင်အစစ်အမှန်ကို ဆက်လက်စုံစမ်းနေဆဲဖြစ်ကြောင်း ဧရာဝတီသတင်းဌာနသို့ အတည်ပြုသည်။
အဆိုပါ သည် ပြီးခဲ့သည့် လပိုင်းက တောင်ကုတ်မြို့တွင်း ကွန်ကရစ်လမ်းခင်းခဲ့ပြီး ပိုင်ရှင်မှာ ဦးဝင်းဇော် ဖြစ်ကြောင်းသိရသည်။ သစ်တောဦးစီးအရာရှိက အောင်မြင်သစ် ကုမ္ပဏီသည် အစုအစပ်လုပ်ငန်းဖြစ်၍ ပိုင်ရှင်တဦး တည်းမဟုတ်ကြောင်း တခြားပါဝင်သူများကိုလည်း ဆက်လက်စုံစမ်းနေဆဲ ဖြစ်ကြောင်းဆိုသည်။
သစ်တောဦးစီးအရာရှိ ဦးလွင်ကိုဦးက သစ်တုံးများ စတင်ဖမ်းဆီးချိန်တွင် ဘိလပ်မြေဖျော်စက်ဝင်းအတွင်း အစောင့်တဦးတွေ့ရှိခဲ့ ၍ စုံစမ်းမေးမြန်းခဲ့ရာ ၎င်းမှာလတ်တလော ရောက်ရှိနေသူဖြစ်၍ ကျွန်းသစ်ပိုင်ရှင်ကို မသိရှိဟု ဖြေဆိုကြောင်းပြောသည်။ ယနေ့ တွင် လုပ်ငန်းပိုင်ရှင် ဦးဝင်းဇော်ကို ဆက်လက်စစ်မေးရန် ဆက်သွယ်နေကြောင်းပြီး ကျွန်းသစ်များတရားမဝင်လက်ဝယ်တွေ့ရှိမှု သစ်တောဥပဒေ ပုဒ်မ (၄၂) ဖြင့် အရေးယူဆောင်ရွက်ရန် ပြင်ဆင်လျှက်ရှိကြောင်း ပြောသည်။
ကျွန်းသစ်ခွဲသားနှင့် လေးထောင့်သစ်လုံးများ အမြောက်အများ စုဆောင်းသိုလှောင်ထားခြင်း အကြောင်းအရာကို လက်ရှိအချိန် တွင် အသေးစိတ်မသိရသေးကြောင်း ဆိုသည်။ ၎င်းက ဆက်လက်၍ အဆိုပါ ကျွန်းသစ်များသည် ရခိုင်ရိုးမတောထဲမှ ရရှိသည့် သစ်များ ဖြစ်နိုင်ခြေမရှိကြောင်း အဘယ်ကြောင့်ဆိုသော် လက်ရှိအချိန်တွင် ရခိုင်ရိုးမတွင် ၁၂ လက်မ ပတ်လည်ကျွန်းပင်ကြီးများ မရှိတော့ကြောင်း ဆိုသည်။
ထို့ကြောင့် တရားမဝင်ကျွန်းသစ်တုံးများသည့် မကွေးတိုင်းမှ တဆင့် ပန်းတောင်း အမ်းလမ်းကြောင်းကို ဖြတ်ကျော်၍ ဝင်ရောက် လာသည်ဟု ယူဆကြောင်း ပြောသည်။
တောင်ကုတ်မြို့သတင်းရင်းမြစ်အချို့ကမူ ကျွန်းသစ်များကို ဈေးကွက်တွင်း ပြန်လည်တင်သွင်း ရောင်းချရန် သို့မဟုတ် နိုင်ငံခြား သို့ ရေကြောင်းလမ်းဖြင့် တရားမဝင် တင်ပို့ရန် သိုလှောင်ထားခြင်းလည်း ဖြစ်နိုင်ကြောင်း သုံးသပ်ကြသည်။
ရခိုင်ပြည်နယ်တောင်ပိုင်း မြို့နယ်များဖြစ်ကြသည့် သံတွဲ ဂွ တောင်ကုတ်နှင့် မအီ မြို့နယ်များမှ တဆင့် မလေးရှား၊ ထိုင်းနိုင်ငံဖက် သို့ ပင်လယ်ရေကြောင်းမှ တဆင့် မှောင်ခိုကူးသည့် လုပ်ငန်းများကို ရံဖန်ရံခါ ဖမ်းဆီးရရှိကြောင်း ပြောကြသည်။ သစ်တောဦးစီး အရာရှိကလည်း တရားမဝင် သစ်မာများကို ပြီးခဲ့သည့်နှစ်က တန်ချိန် ၃၀ ဝန်းကျင်ကို သံတွဲနှင့် အမ်းမြို့နယ်ဖက်ရှိ မြစ်ချောင်း များတွင် ဖမ်းဆီးရရှိမှုများရှိခဲ့ကြောင်း ပြောသည်။
သို့သော် တောင်ကုတ်မြို့နယ် ကိုင်းရှည်ကျေးရွာအနီးတွင် တွေ့ရှိခဲ့ရသည့် ကျွန်းသစ်များမှာ မှောင်ခိုတင်ပို့ခြင်းထက် ပြည်တွင်း ဈေးကွက်တွင် ပြန်လည်ဖြန့်ဖြူးနိုင်ခြေပိုများကြောင်း သုံးသပ်သည်။
“တကယ်လို့ သူတို့ရေကြောင်းကနေတဆင့် မှောင်ခိုပို့ချင်တယ်ဆိုရင် သစ်တွေကို ချောင်းထဲမှာပဲ ထားမှာပေါ့။ ကုန်းပေါ်မှာ ဘယ်ထားမလဲ” ဟု ဦးစီးအရာရှိ ဦးလွင်ကိုဦးက ဆိုသည်။
လက်ရှိအချိန်တွင် ကျွန်းသစ် ၁ တန်ကို တောင်ကုတ်တွင် ဒေသပေါက်ဈေး ၈ သိန်းခန့်ရှိကြောင်း သိရသည်။",,,,,,
<urn:uuid:23741503-1714-43f1-ad06-5ed0960570e3>,"ကာစီနို လောင်းကစား ဥပဒေ လွှတ်တော် အတည်ပြု
နိုင်ငံခြားသားများသာ ဝင်ရောက် ကစားခွင့် ရှိမည့် ကာစီနိုများ တရားဝင် ဖွင့်လှစ်ခွင့် ပါဝင်သည့် လောင်းကစား ဥပဒေ အား ယနေ့ ကျင်းပသည့် ပြည်ထောင်စု လွှတ်တော် အစည်းအဝေး၌ အတည်ပြုလိုက်သည်။
ယင်း ဥပဒေ အရ ၁၉၈၆ ခုနှစ်က ပြဋ္ဌာန်းခဲ့သည့် လောင်းကစား ဥပဒေအား ပယ်ဖျက်ရမည် ဖြစ်ပြီး ကာစီနို လောင်းကစား ရုံ များကို ပြည်ထောင်စု အစိုးရ အဖွဲ့၏ သဘောတူ ခွင့်ပြုချက်ဖြင့်သာ ဖွင့်လှစ်ရမည် ဖြစ်ကြောင်း ဆိုသည်။
ပြည်ထောင်စု လွှတ်တော် ဥပဒေကြမ်း ပူးပေါင်း ကော်မတီ အတွင်းရေးမှူး ဒေါက်တာ မြတ်ဉာဏစိုးက“ကျနော်တို့ မြန်မာ နိုင်ငံသားတွေကို လုံးဝ (လုံးဝ) ဝင်ကစားခွင့် မပြုပါဘူး။ လက်ရှိမှာ ဖွင့်ထားတဲ့ ကာစီနိုတွေလည်း တရားဝင် မှတ်ပုံတင်ပြီး အခွန်ထမ်းဆောင်ဖို့ ဥပဒေ အရ သွားရမှာပါ”ဟု ဧရာဝတီသို့ ပြောသည်။
ထို့ပြင် ဥပဒေ၌ လောင်းကစားဝိုင်းများအား သတင်းပေးသူကို နိုင်ငံတော် ဘဏ္ဍာ အဖြစ် သိမ်ဆည်းရမိသည့် အထဲမှ ၁၀ ရာခိုင်နှုန်းကို ဆုငွေ ချီးမြှင့်ခြင်းနှင့် ဖမ်းဆီးသူများအား ၂၀ ရာခိုင်နှုန်း ချီးမြှင့်မည့် ပြဋ္ဌာန်းချက်များလည်း ထည့်သွင်း ပြဋ္ဌာန်း ထားကြောင်း သိရသည်။
ဥပဒေ အတည်ပြု အသက်ဝင်ရေး အတွက် နိုင်ငံတော် သမ္မတက အတည်ပြု လက်မှတ် ရေးထိုးရန် အဆင့်ကျန်နေသေး ပြီး ကာစီနိုနှင့် ပတ်သက်သည့် အသေးစိတ် စည်းမျဉ်းစည်းကမ်းများ ထုတ်ပြန်ခွင့် ကိုလည်း ပြည်ထောင်စု အစိုးရ အဖွဲ့၏ သဘောတူညီချက် အရ ဆောင်ရွက်ခွင့် ပြုထားသည်ဟု ဆိုသည်။
မင်္ဂလာဒုံမြို့နယ် ပြည်သူ့ လွှတ်တော် ကိုယ်စားလှယ် ဦးအောင်လှိုင်ဝင်းက“နိုင်ငံတော် အတွက် အခွန်အကောက်တွေ ပိုရ လာမယ့် အချက် ဖြစ်လို့ မြန်မြန် လုပ်စေချင်တယ်။ သြင်္ကန် မတိုင်မီ ဥပဒေတရပ် အဖြစ် အသက်ဝင်ဖို့ မျှော်လင့်တယ်”ဟု ပြောသည်။
၁၉၈၆ ခုနှစ် လောင်းကစား ဥပဒေ အရ ကာစီနိုများသည် တရားမဝင်သော်လည်း ကော့သောင်းမြို့နယ်နှင့် မြဝတီမြို့နယ် များ အတွင်း ကာစီနိုများ ဖွင့်လှစ် လုပ်ကိုင်နေသည်မှာ ၁၀ စုနှစ် တခုကျော်ပြီ ဖြစ်ကြောင်း သိရသည်။
ကော့သောင်း မြို့နယ် သူဌေးကျွန်း၊ ရတနာကျွန်းပေါ်ရှိ ဟိုတယ်များနှင့် ပတ်သက်ပြီး တရားဝင် ခွင့်ပြုပေးထားခြင်း မရှိ ကြောင်းနှင့် အခွန် စည်းကြပ် ကောက်ခံခြင်းလည်း မရှိကြောင်း တနင်္သာရီတိုင်း ဒေသကြီး အစိုးရ အဖွဲ့မှ ၂၀၁၈ ခုနှစ် ဇန်နဝါရီ ၃၁ ရက်က ကျင်းပသည့် တိုင်းလွှတ်တော် အစည်းအဝေးတွင် ပြောထားသည်။
တနင်္သာရီ မြို့နယ် အမှတ်၂ တိုင်းဒေသကြီး လွှတ်တော်ကိုယ်စားလှယ် ဦးရဲမြင့်ဆွေက“အရင်က တရားမဝင်ရင် ပိတ်သိမ်း ဖို့ လွှတ်တော်မှာ တင်ပြတာ တနှစ်ကျော်ပြီး အခုထိ ဖွင့်နေဆဲပါပဲ။ တရားမဝင်လည်း ထိန်းချုပ်လို့ မရမယ့် အတူတူ အခုလို တရားဝင် စည်းကမ်း လုပ်တာ ပိုကောင်းတယ်။ နိုင်ငံတော်လည်း အခွန်ဝင်ငွေ ပိုရမယ်။ ဒါပေမယ့် ရလာတဲ့ အခွန်ဝင်ငွေ ကိုတော့ ဘယ်နေရာတွေမှာ ပြန်သုံးမလဲ တရားဝင် ချပြဖို့ လိုပါတယ်”ဟု ပြောသည်။
မြဝတီမြို့နယ် ပြည်နယ် လွှတ်တော် ကိုယ်စားလှယ်များ၏ ပြောကြားချက်အရ ထိုင်း-မြန်မာ နယ်စပ် မြဝတီမြို့နယ်တွင် ကာစီနို ၈ ခုခန့် ရှိကြောင်း သိရသော်လည်း မည်ကဲ့သို့ ခွင့်ပြုထားပြီး နိုင်ငံတော် အစိုးရက အခွန် ရမရကို ရှင်းလင်းစွာ မသိ ရပေ။
ကရင် နယ်ခြား စောင့်တပ်(BGF)နှင့် တရုတ် လုပ်ငန်းရှင်များ ပါဝင်သည့် Myanmar Yatai International Group တို့ အကောင်အထည် ဖော်နေသည့် ရွှေကုက္ကို အဆင့်မြင့် အိမ်ရာ စီမံကိန်းတွင် ကာစီနိုများ ပါဝင်လာနိုင်ကြောင်း ASIA Time က ဖော်ထုတ် ရေးသားခဲ့သော်လည်း ယင်းစီမံကိန်အား လတ်တလောတွင် အိမ်ရာသာ ခွင့်ပြုထားသည်ဟု မြန်မာနိုင်ငံ ရင်းနှီးမြှုပ်နှံမှု ကော်မရှင်ဘက်က ဆိုထားသည်။
ပြင်ဦးလွင်မြို့အနီး အကောင်အထည်ဖော်ရန် စီစဉ်နေသည့် ရတနာပုံ ဆိုက်ဘာစီးတီး စီမံကိန်းတွင်လည်း ကာစီနို ထည့်သွင်း တည်ဆောက်ခွင့်ပြုရန် ပြည်ထောင်စု အစိုးရ အဖွဲ့ထံ တင်ပြမှုများ ရှိထားကြောင်း မန္တလေးတိုင်း ဒေသကြီး မြို့ပြနှင့် အိမ်ရာ ဖွံ့ဖြိုးရေး ဦးစီးဌာန တာဝန်ရှိသူ တဦးက ဧရာဝတီသို့ ပြောကြားထားသည်။
ကာစီနိုများ ခွင့်ပြုရေး ပထမဆုံး အဆိုတင် မေးမြန်းခဲ့သည့် ဦးအောင်လှိုင်ဝင်းက ကာစီနို လုပ်ငန်းသည် ခရီးသွား လုပ်ငန်း ဖွံ့ဖြိုးရေးနှင့် နိုင်ငံတော် အခွန်ဘဏ္ဍာ ရရှိရေး တို့ကို များစွာ အထောက်အကူ ပြုမည့် လုပ်ငန်း ဖြစ်သည့် အတွက် ဥပဒေ အမြန်ဆုံး အသက်ဝင်ကာ လုပ်ငန်း မြန်ဆန်စေရေး သက်ဆိုင်ရာ ဝန်ကြီးဌာနများက ဆောင်ရွက်ပေးရန်ကိုလည်း တိုက် တွန်းထားသည်။
မကာအိုနှင့် စင်္ကာပူ နိုင်ငံတို့တွင် ကာစီနို လုပ်ငန်းမှ နှစ်စဉ် အခွန် ဒေါ်လာသန်းထောင်ချီ ရနေသည့် အချက်ကိုလည်း ထောက်ပြပြောဆိုခဲ့ပြီး အိမ်နီးချင်း နိုင်ငံများ ဖြစ်သည့် လာအိုနှင့် ဗီယက်နမ်နိုင်ငံတို့သည်လည်း ကာစီနိုလုပ်ငန်းများအား တရားဝင် ဖွင့်လှစ်ခွင့်ပြု၍ ဝင်ငွေရှာဖွေ လျက်ရှိကြောင်း ဦးအောင်လှိုင်ဝင်းက ပြောသည်။",,,,,,
<urn:uuid:bc46dac5-62b3-45d6-b1ca-b4385a96da53>,"သူငယ်ချင်းတို့ရေ….
သတင်းတု၊ သတင်းမှားတွေဟာ အမြဲတမ်း အထင်အမြင်လွဲမှားအောင် ပုံဖော်ရေးသားလေ့ရှိပါတယ်။ သတင်းတုဖန်တီးသူတွေဟာ သတင်းတွေကို အချက်အလက် မပြည့်စုံပဲဖော်ပြတာ၊ ဓာတ်ပုံတွေကို လိုသလိုအသုံးပြုပြီး ရေးသားဖြန့်ဝေတာတွေကိုပြုလုပ်လေ့ရှိပါတယ်။
ဒီတခါမှာလည်း AA တပ်စခန်းကို တပ်မတော်က ဝင်ရောက်သိမ်းပိုက်ရာမှာ တူရကီနိုင်ငံက ထောက်ပံ့ထားတဲ့ ဆန်အိတ်တွေ၊ လက်နက်တွေနဲ့ ဘင်္ဂလားဒေ့ရှ်ထုတ် ဗုံးသီးတွေကို သိမ်းဆည်းရမိတယ်ဆိုပြီး သတင်းတုတစ်ခုဟာ တော်တော်လေးပြန့်နှံ့နေတာ တွေ့ရပါတယ်။
ဒီသတင်းအတုဟာ ဇန်နဝါရီလ ၁၄ ရက်နေ့ကစပြီး တချို့ page၊ website တွေမှာ သတင်းအရေးသား ပုံစံအနေနဲ့ ရေးသားပြီး ဖြန့်ဝေသလို group တွေထဲမှာလည်း ပြန်လည်ကိုးကားချက်တွေအနေတဲ့ ပြန်လည်ဖြန့် ဝေနေကြတာ ဖြစ်ပါတယ်။ ဒီသတင်းတုဟာ
(၁) သတင်းပါ ဓာတ်ပုံသည် ၂၀၁၅ ဧပြီ ၂၉ ရက်နေ့မှာ Burma Campaign Japan ဆိုတဲ့ blog ကနေ တပ်မတော်က ထုတ်ပြန်ချက်ကို ပူးတွဲဖော်ပြခဲ့သလို
(၂) ဖော်ပြပါ ဓာတ်ပုံတွေသည် လိုသလို အသုံးပြုပြီး သတင်းတုအနေနဲ့ ဖော်ပြထားခြင်းသာဖြစ်ပါတယ်။
ဒါကြောင့် သူငယ်ချင်းတို့ရေ……
သတင်းတုတွေမှာ ပါဝင်တဲ့ ဓာတ်ပုံတွေကို Google Image မှာ တိုက်ဆိုင်စစ်ဆေးလို့ရသလို၊ Reverse Image Search ဆိုတဲ့ ဖုန်း app မှာလည်း တိုက်ဆိုင်စစ်ဆေးလို့ရတယ်ဆိုတဲ့အကြောင်း ပြောပြခဲ့ဘူးပါတယ်နော်။ သတင်းမှာ ပါဝင်တဲ့ အကြောင်းအရာကို သံသယရှိတယ်ဆိုရင် ဓာတ်ပုံတွေကို စစ်ဆေးကြည့်ရင်လည်း သတင်းတုလား၊ အစစ်လားဆိုတာ ခန့်မှန်းလို့ရနိုင်ပါတယ်။ သူငယ်ချင်းတို့ကိုယ်တိုင် မစစ်ဆေးနိုင်ရင်လည်း တွေးပြီးမှယုံကို ပေးပို့စစ်ဆေးလို့ရပါတယ်။ သတင်းတု/မှန်ကို မသိသေးပဲ အလွယ်တကူ မယုံကြည်ကြဖို့၊ Share မလုပ်ကြဖို့ သတိပေးလိုက်ပါရစေနော်။",,,,,,
<urn:uuid:6b4812c2-8a2e-409a-b914-acd90d2afc99>,"Top mapped songs
Top search songs
Our community
EN
ဝင်ရန်
မှတ်ပုံတင်ရန်
TOP MAP
TOP SEARCH
ဝင်ရန်
မှတ်ပုံတင်ရန်
ဘံု
တင်ဇာမော်
အယ်လ်ဘမ်
:
“
7 Album
”
ဘံု
တင်ဇာမော်
အယ်လ်ဘမ်
:
“
7 Album
”
စာသားပြင်ရန်
ကမ္ဘာမြေပြင်ကို အရောင်ခြယ်
မျဉ်းကြောင်းတို့ ရေးလို့ဆွဲ
ဘယ်ဘုရားမှ မပြည့်ညတ်ထားလည်း
နယ်နမိတ်တို့ သတ်မှတ်ခွဲ
ဘာသာအယူဝါဒနဲ့ စကားသံတွေ ကွဲလွဲ
အပိုင်လိုချင်နေသူအတွက် သူဝန်ပိုတိုး
အဖြူအညိုမဟူရာ အနီရယ်အဝါ
အပေါ်ယံအရေပြား
လူ့ဘဝက အဓိပ္ပါယ်ရှိရဲ့လား
ခွဲခြားဆက်ဆံကြ
ဒီမြေသည်သာ အားလုံးရဲ ဘုံဌာနပဲ
နိုင်လိုမင်းထက် အကျင့်တွေနဲ့
အကျည်းတန်တယ်
ဒါအမှန်တရားစစ် တစ်ခုပဲ
လောကရဲဆက်နှင်းမှု
ယဉ်ကျေးသော နှလုံးသားစွမ်းအားရှိတဲ့
လူဆိုတာသာလူ
စစ်တလင်း မဖြစ်စေနဲ့
ဂေဟမြေအချေချသူ
အရေးကြီးဆုံး
တို့ထိန်းသိမ်းဖို့ အားလုံးသော ဘဝတွေ
ကျောခင်းနေတဲ့မြေ ဒါဘုံဌာနလေး…….
ဘုံဌာနလေး…..
မျဉ်းတစ်ကြောင်းအတွက်နဲ့ ကျောချင်းကပ်
ကျည်ဆံတွေကိုထမ်း
ကလေးတစ်ယောက်ရဲ့ ငိုညည်းသံ
နားစွင့်လို့ နှလုံးသား ညည်းကြည့်စမ်း
သာတူညီဝေမျှဖို့ လက်တွေ့ လိုအပ်မှန်း
လူသား ၊ ကျည်ဆံနဲ့ မေတ္တာ
သင့်ရဲ့သဘော
ဒါအမှန်တရားစစ်တရားတစ်ခုပဲ
လောကရဲဆက်နှင်းမှု
ယဉ်ကျေးသော နှလုံးသားစွမ်းအားရှိတဲ့
လူဆိုတာသာလူ
စစ်တလင်း မဖြစ်စေနဲ့
ဂေဟမြေအချေချသူ
အရေးကြီးဆုံး
တို့ထိန်းသိမ်းဖို့ အားလုံးသော ဘဝတွေ
ကျောခင်းနေတဲ့မြေ ဒါဘုံဌာနလေး..
ဘုံဌာနလေး.
ဒါ ဘုံဌာနလေး. ဘုံဌာနလေး.
စာသားထဲ့သွင်းသူများ
Chit Min Thu
26 Mar 2017
Raccoon King
23 Feb 2017
ဆက်စပ်သောသီချင်းများ
မင်းရှိတဲ့မြို့
မျိုးကြီး
586 views
မေ့ထားလိုက်
Big Bag
626 views
အချစ်ရဲ့ဆု
တင်ဇာမော်, R ဇာနည်
92 views
လေလွင့်သူ
လေးဖြူ
517 views
မြဲသောတရား
တင်ဇာမော်
64 views
×
Editor:
Close
သီချင်းများရှာဖွေပါ
သီချင်းစာသားများရယူပါ
သင်၏တေးသံအား
ဖြန့်ဝေလိုက်ပါ
×
မှတ်ပုံတင်ရန်
Facebook ဖြင့်ဝင်ရန်
သို့
မှတ်ပုံတင်ရန်
ဝင်ရန်
×
ဝင်ရန်
Facebook ဖြင့်ဝင်ရန်
သို့
စကားဝှက် မေ့နေသလား
?
ဝင်ရန်
မှတ်ပုံတင်ရန်",,,,,,
<urn:uuid:c14eece2-e174-4e96-8a9a-918d0698a5da>,"ဒီတပတ် cool-tech ရဲ့ ထူးချက်မှာတော့ နေ့စဉ်အွန်လိုင်းအသုံးပြုသူတွေရဲ့ အွန်လိုင်း လုံခြုံရေးနဲ့ ပတ်သက်လို့ ဘယ်သူ့မှာ တာဝန်ရှိသလဲ၊ ဘာတွေကို ဆင်ခြင် သင့်သလဲ စတဲ့ ဆောင်ရန် ရှောင်ရန် လိုက်နာရန်တွေကို ကိုချိုက ပြောပြမှာ ဖြစ်ပါတယ်။
Cool-tech (Online Security)
- 14 ဇွန် 2011
- ဒီစာမျက်နှာ Facebook
- ဒီစာမျက်နှာ Twitter
- ဒီစာမျက်နှာ Messenger
- ဒီစာမျက်နှာ Messenger
- ဒီစာမျက်နှာ အီးမေးလ်
-
ဝေမျှပါ
ဒီစာမျက်နှာဤပြင်ပလင့်များသည် စာမျက်နှာအသစ်တစ်ခုဖြင့် ပွင့်ပါမည်။
-
အီးမေးလ်ဒီစာမျက်နှာ အီးမေးလ်
-
-
-
Messengerဒီစာမျက်နှာ Messenger
-
Messengerဒီစာမျက်နှာ Messenger
-
ဒီလင့်ကို ကူးယူပါဝေမျှခြင်းအကြောင်း
ဤပြင်ပလင့်များသည် စာမျက်နှာအသစ်တစ်ခုဖြင့် ပွင့်ပါမည်။
-",,,,,,
<urn:uuid:f2b78226-c386-4b7b-abe7-bf6d0a34e275>,"၄.၈.၂၀၁၉ ရက္ေန႔ နံနက္(၁၀၀၀)နာရီ အခ်ိန္တြင္ ေက်ာက္တံတားၿမိဳ႕နယ္၊ ဘဏ္လမ္း၌ ယခင္တရားရံုးသစ္(ယခု Rosewood Yangon Hotel)တြင္ ေရွးေဟာင္းၿမိဳ႕ျပအေမြအႏွစ္အေဆာက္အအံုအျဖစ္ Blue Plaque (အျပာေရာင္ကမၺည္းျပား ) တပ္ဆင္ပြဲအခမ္းအနား က်င္းပခဲ့ပါသည္။
အဆိုပါအခမ္းအနားသို႔ ရန္ကုန္တိုင္းေဒသႀကီးအစိုးရအဖြဲ႕ ဝန္ႀကီးခ်ဳပ္ ဦးၿဖိဳးမင္းသိန္း၊ ရန္ကုန္တိုင္းေဒသႀကီး လႊတ္ေတာ္ဥကၠ႒ ဦးတင္ေမာင္ထြန္း၊ လႊတ္ေတာ္ကိုယ္စားလွယ္မ်ား၊ ဖိတ္ၾကားထားသည့္ ဧည့္သည္ေတာ္မ်ားႏွင့္ တာဝန္ရွိသူမ်ား တက္ေရာက္ခဲ့ၾကပါသည္။
(Unicode)
၄.၈.၂၀၁၉ ရက်နေ့ နံနက်(၁၀၀၀)နာရီ အချိန်တွင် ကျောက်တံတားမြို့နယ်၊ ဘဏ်လမ်း၌ ယခင်တရားရုံးသစ်(ယခု Rosewood Yangon Hotel)တွင် ရှေးဟောင်းမြို့ပြအမွေအနှစ်အဆောက်အအုံအဖြစ် Blue Plaque (အပြာရောင်ကမ္ဗည်းပြား ) တပ်ဆင်ပွဲအခမ်းအနား ကျင်းပခဲ့ပါသည်။
အဆိုပါအခမ်းအနားသို့ ရန်ကုန်တိုင်းဒေသကြီးအစိုးရအဖွဲ့ ဝန်ကြီးချုပ် ဦးဖြိုးမင်းသိန်း၊ ရန်ကုန်တိုင်းဒေသကြီး လွှတ်တော်ဥက္ကဋ္ဌ ဦးတင်မောင်ထွန်း၊ လွှတ်တော်ကိုယ်စားလှယ်များ၊ ဖိတ်ကြားထားသည့် ဧည့်သည်တော်များနှင့် တာဝန်ရှိသူများ တက်ရောက်ခဲ့ကြပါသည်။",,,,,,
<urn:uuid:138cacd1-c1bd-4b51-9c9e-4c99098eeeec>,"ကဏ္ဍ:စစ်ကိုင်းတိုင်းဒေသကြီးရှိ ရွာများ
အညွှန်းသို့ ခုန်ကူးရန် ရှာဖွေရန် ခုန်ကူးမည်
ကဏ္ဍခွဲများ
ဤကဏ္ဍတွင် စုစုပေါင်း ၃၇ ခု အနက်မှ အောက်ပါ ကဏ္ဍခွဲ ၃၇ ခု ရှိသည်။
က
ခ
စ
- စစ်ကိုင်းမြို့နယ်ရှိ ရွာများ (၂၂၂ နှာ)
ဆ
- ဆားလင်းကြီးမြို့နယ်ရှိ ရွာများ (၁၅၆ နှာ)
ထ
- ထီးချိုင့်မြို့နယ်ရှိ ရွာများ (၁၂၅ နှာ)
ဒ
- ဒီပဲယင်းမြို့နယ်ရှိ ရွာများ (၂၁၃ နှာ)
န
- နန်းယွန်းမြို့နယ်ရှိ ရွာများ (၁၆၅ နှာ)
ဖ
- ဖောင်းပြင်မြို့နယ်ရှိ ရွာများ (၁၈၇ နှာ)
ဗ
- ဗန်းမောက်မြို့နယ်ရှိ ရွာများ (၂၄၀ နှာ)
ဘ
- ဘုတလင်မြို့နယ်ရှိ ရွာများ (၁၉၁ နှာ)
မ
ယ
- ယင်းမာပင်မြို့နယ်ရှိ ရွာများ (၁၇၃ နှာ)
ဟ
- ဟုမ္မလင်းမြို့နယ်ရှိ ရွာများ (၃၅၇ နှာ)",,,,,,
<urn:uuid:72f3d326-29f6-4e6b-8610-7b36a7f57d67>,"ရန်ကုန်မြို့၏ ၁၉၅၉ ခုနှစ်က အသစ်တိုးချဲ့ခဲ့သောမြို့သစ်များထဲက တစ်ခုအပါဝင်ဖြစ်သည့် သကေတမြို့နယ်သည် ၁၃.၀၁ ကီလိုမီတာကျယ်ဝန်းသည် ။ ရန်ကုန်မြို့၏ အရှေ့ပိုင်းတွင်တည်ရှိပြီး ပုဇွန်တောင်ချောင်း ဖြတ်သန်းစီးဆင်းသည့် မြို့နယ်လည်းဖြစ်သည် ။ မြို့နယ်၏ မြောက်နှင့်အနောက်ဘက်တွင် သင်္ဃန်းကျွန်းမြို့နယ် ၊ အရှေ့ဘက်တွင် ပဲခူးမြစ်နှင့် ဒေါပုံမြို့နယ်တို့တည်ရှိသည် ။ ရပ်ကွက်ပေါင်း ၁၉ ခုရရှိပြီး မူလတန်းကျောင်း ၄၆ ကျောင်း ၊ အလယ်တန်းကျောင်း ၈ ကျောင်းနှင့် အထက်တန်းကျောင်းလေးကျောင်းတို့ ရှိသည် ။ ရန်ကုန်မြို့၏ အဓိကအားကစားရုံကြီးများဖြစ်သည့် သုဝဏ္ဏလူငယ်လေ့ကျင့်ရေးကွင်းနှင့် သုမဏ္ဏမိုးလုံလေလုံ အားကစားကွင်းကြီး တို့နှင့် အနီးကပ်ဆုံးတည်ရှိသောမြို့နယ်လည်းဖြစ်သည် ။ မြို့နယ်တွင်း အထင်ရှားဆုံးအဖြစ် Capital စူပါမားကတ်ကြီးတည်ရှိပြီး တောင်ကိုးရီးယား ကုမ္ပဏီ ငါးခု၏ သဘာဝဓာတ်ငွေ့လျှပ်စစ်ဓာတ်အားထုတ် ၅၀၀ မဂ္ဂါဝပ်အားရှိသည့် ဓတ်ပေါင်းဖိုလည်းတည်ရှိသည် ။ မြို့တည်စ လူနေကျဲပါးပေမယ့် ပြီးခဲ့သည့် ၅ နှစ်အတွင်း အလျင်အမြန်ဖွံ့ဖြိုးလာပြီး လူနေထူထပ်လာသော မြို့နယ်တစ်ခုဖြစ်လာသည် ။ အချုပ်အားဖြင့်ဆိုသော် သာကေတမြို့နယ်သည် လူနေုတိုက်ခန်း အနည်းငယ်သာ ရှိပြီး မြေကွက်အလွတ်များ ၊ လုံးချင်းအိမ်များ ပေါများသေးသည့် မြို့နယ်တစ်ခုဖြစ်သည် ။
တည်နေရာဒေသဖြင့် ရှာဖွေရန်
|လမ်းမတော်|
|လသာ|
|ကျောက်တံတား|
|ပန်းပဲတန်း|
|ပုဇွန်တောင်|
|အလုံ|
|ကြည့်မြင်တိုင်|
|စမ်းချောင်း|
|ဗဟန်း|
|ဗိုလ်တထောင်|
|မင်္ဂလာတောင်ညွန့်|
|တာမွေ|
|ရန်ကင်း|
|ဒဂုံ|
|ဒဂုံမြို့သစ် အရှေ့ပိုင်း|
|ဒဂုံမြို့သစ် မြောက်ပိုင်း|
|ဒဂုံမြို့သစ် တောင်ပိုင်း|
|ဒဂုံမြို့သစ် ဆိပ်ကမ်း|
|ကမာရွတ်|
|အင်းစိန်|
|လှိုင်|
|လှိုင်သာယာ|
|မရမ်းကုန်း|
|မင်္ဂလာဒုံ|
|မြောက်ဥက္ကလာပ|
|တောင်ဥက္ကလာပ|
|သင်္ဃန်းကျွန်း|
|သံလျင်|
|ဒလ|
|ဒေါပုံ|
|မှော်ဘီ|
|လှည်းကူး|
|ထန်းတပင်|
|ကော့မှူး|
|ခရမ်း|
|ကွမ်းခြံကုန်း|
|ရွှေပြည်သာ|
|တိုက်ကြီး|
|သုံးခွ|
|တွံ့တေး|
|ကျောက်တန်း|
|ဆိပ်ကြီးခနောင်တို|
|ပုလဲမြို့သစ်|",,,,,,
<urn:uuid:bd8051fc-7af0-4ed5-80cb-806d7ee820fb>,"ဂန္ပါပီႀကီးႏွင့္ အိုစမာအာလာဒင္၏တပည့္မ်ား ထြက္သြားၿပီးေနာက္
ခ်က္ခ်င္းဆိုသလို အြန္လိုင္းမယ္ေတာ္ႀကီးမ်ားဟု နာမည္ႀကီးေနေသာ
ဘေလာ့ဂါမမမ်ား ဆိုင္အတြင္းသို႕ အူလ်ားဖားလ်ား ၀င္လာသည္ကို
ေတြ႕လိုက္ရေလသည္။ ယင္းအုပ္စုတြင္ ...မတက္ဆင္ (သက္ဆင္၏
ညီမမဟုတ္ပါ)၊ ဒရင္း၊ ဘုေ၀၊ နႏၵာမိႈင္ ၊ ႏွင္းပြျဖဴေလး၊ ေဆာင္းႏွင္းဘူ၊
စားေတာ္ကဲ ခ်န္ဂိန္ေခၚ အန္တီဂလုဂလု၊ ခင္ဦးေၿမြ၊ အီးေ၀ၿဖိဳး၊ ေရာင္ဆင္၊
လက္လက္ျဖဴ စသည့္ ဘေလာ့ဂါ ပ်ိဳျဖဴေလး၊ ပ်ိဳျဖဴႀကီး၊ ပ်ိဳျဖဴစေကာစကႀကီး
မ်ား ပါ၀င္ေလသတည္း။ မတက္ဆင္မွ “..ကဲ..ကဲ..ဒီမွာဘာလုပ္ေနၾကတာလဲ
...ခုဘေလာ့ဂါေတြ.. ေဆာ္ႀကႏွက္ၾကကုန္ၿပီတဲ့” “ဘာ....ဘယ္သူေတြ
ဘာျဖစ္ၾကတာလဲဗ်..” ထြန္းေဂါက္ေျမြ၏အေမးသံႏွင့္အတူ...ပေလသင္ကာမွ “..ဟာ..ဒါမ်ားဗ်ာ..အရင္ကတည္းက အုပ္စုေတြအမ်ိဳးမ်ိဳး ကြဲေနၾကတာ..
.ျဖစ္ၾကတာလည္း ဘာဆန္းတာမွတ္လို႕..”ဟု ေအးေအး ေလး ေျပာလိုက္၏။ “ေအးေလ...ဘေလာ့ဂါယူနီယံဘာညာ ေတာင္မရိွေသးတဲ့ဟာ... ကိုယ္ထင္ရာကိုယ္ေရး..ကိုယ္ေဆာ္ခ်င္တဲ့သူကို ေဆာ္ေနမွေတာ့ ျဖစ္မွာေပါ့”
“ဟာ..ဒီလိုကိုယ္ထင္ရာ ကိုယ္ေရးတယ္လို႕ေတာ့ လြယ္လြယ္မေျပာနဲ႕ေလ” ဟု
ဟန္သစ္မိန္ႀကီးမွ ထြန္းေဂါက္ေျမြ၏ စကားကိုလက္မခံႏိုင္သည့္ပံုစံျဖင့္ ေျပာလိုက္ရာ.
.“ေတာ္ပါေတာ့ရွင္.. ေတာ္ၾကပါေတာ့..ရွင္တို႕ကလည္း ဒီလိုပဲ တစ္ဆိတ္ရိွ
ကိုက္ခ်င္...အဲ..အခ်င္ခ်င္းတိုက္ဖို႕ပဲ ေခ်ာင္းေနတာပဲ။ တကတည္း..ဟြန္း..” ဟု
မဘုေ၀ မွ ျမင္ျပင္းကတ္စြာ ေျပာလိုက္ေလသည္။ အေျခအေနၾကည့္၍
ဂလိုဘယ္ႀကီးခမ်ာလည္း ပုလင္းမ်ား၊ ဖန္ခြက္မ်ားကို မသိမသာေရာ
သိသိသာသာႀကီးပါ လိုက္သိမ္းေန၏။ ထိုအခိုက္..ကိုကိုဖရီးမွ..“ဟားဟားဟား..
ဟုတ္ၿပီ...ဒါ ဘေလာ့ဂါေတြအခက္ ကၽြန္ေတာ္ရဲ႕အကြက္ပဲဗ်. “ဘာ..ဘာကြက္လဲ၊
ေပြးကြက္လား” “ဟာ...ဘယ္ကလာ..ခင္ဗ်ားဖင္က အကြက္ျဖစ္ရမွာလဲ၊ ဒါဂြင္ဗ်ဂြင္..”
ဟု ထြန္းေဂါက္ေျမြ၏ အေမးကို ကိုကိုဖရီးမွ ေျဖလိုက္သည္။ က်ဳပ္စဥ္းစားမိတာက
ဘေလာ့ဂါေပါင္းစံု လက္ေ၀ွ႕ ၿပိဳင္ပြဲၾကီး က်င္းပမလို႕ေလ။ ၀ိတ္တန္းကေတာ့
အလြတ္တန္းေလးေပါ့ဗ်ာ။ ဟဲဟဲ။ “အင္း..ဒီဖရီးကလဲ အလကားေနရင္း ဖရီးရိတ္ရမဲ့
ဂြင္ပဲ ဆင္ေနတာပဲ။ ” “ဆင္ရမယ္ဗ်။ ဆင္ရမယ္။ ခုဆိုရင္ ဟီလာရီဆြဖ္နဲ႕ မီဂန္ေဖာက္စ္
တို႕က သူတို႕ကို အတည္တက်ယူပါ တကဲကဲ ျဖစ္ေနလို႕ မနည္းတားထားရတယ္။
ဟြန္း။ ေငြက ရွာရလြယ္တာမဟုတ္ဘူး။” “ အု..ေျပာမိတာမွားပါတယ္ ဖရီးရယ္”
ကိုကိုဖရီးႏွင့္ ခင္ဦးေျမြ တို႕၏ စကားေၾကာအား အန္တီဂလုဂလုမွ..ကဲ..ကဲ..အဲ့ဒါေတြ ေနာက္မွေျပာ..ဗိုက္ဆာေနၿပီ။ ေရာက္တုန္း ရိွတာေလးေတြအကုန္ခ်၊ စားလိုက္ဦးမယ္။
ထိုအခါ ဒို္င္နာရီဆိုသည့္ ကျပားမေလးမ်က္ႏွာမွာ ၀မ္းခ်ဳပ္တာၾကာ၍
အလြန္ျပင္းထန္သည့္ ဓာတုဓာတ္ေငြ႕အား ရွဴ႐ိႈက္မိသည့္အလား ရႈံတြသြားေလသည္။
မီးတို႕ဆီမွာ ဘာမွအရိွေတာ့ဘူး။ စားခ်င္ရင္ ကိုယ့္ဘာသာ သြား၀ယ္ၿပီး ခ်က္စားေတာ့ ဟု
ေလာကြတ္ပ်ဴငွာစြာ ေျပာလိုက္ေလသည္။ ဂလိုဘဲႀကီးမွ..ဟဲ့ဟဲ့.. အဲဒီလိုမေျပာနဲ႕ေလ။
သြား..မေန႕က ေနာက္ေဖးမွာ ရိုက္သတ္ထားတဲ့ ၾကြက္စုတ္ႀကီးတစ္ေကာင္ရိွေသးတယ္
မဟုတ္လား။ ရွယ္ကင္ေပးလိုက္ပါလား ။ ထိုအခါ...ေ၀ါ့....ဂလိုဘဲႀကီး၏ ၾကြက္ကင္အသ
ံ ၾကားလိုက္သည္ႏွင့္ ဟန္သစ္မိန္ႀကီးခမ်ာ.. ေသာက္ထားေသာေရမ်ား..အဲ...အရက္မ်ား ျပန္အန္ထြက္လာေလသည္။ “ခင္ဗ်ား..ဗ်ာ..အျမည္းကို ဒါမ်ိဳးေတြ ျပင္ထားရလားဗ်။
ေတာ္ၿပီ ေနာက္ လာမေသာက္ေတာ့ဘူး။” “ေအးေလ၊ ရတယ္။ မေသာက္ခ်င္ေနေပါ့။
ခင္ဗ်ားလို အရက္ထက္ေရမ်ားမ်ားေသာက္၊ အေၾကြးကလဲ ယူေသးတဲ့သူမ်ိဳး မေရာင္းရရင္ ပိုေတာင္ေကာင္းေသးတယ္။ ခင္ဗ်ားကို ေရဖိုးပဲယူမယ္၊ အရက္ဖိုးေတာ့မယူဘူး သိလား ၊
ဟြန္း။ ”ဂလိုဘဲႀကီး၏ ဘုက်က်စကားေၾကာင့္ ဟန္သစ္မိန္ႀကီးခင္ဗ်ာ..အၿမီးကုပ္ အဲ.
.ဟိုကုပ္ဒီကုပ္ ကုပ္ရင္း ျငိမ္သြားေလသည္။ ထိုစဥ္..ကဲ..ဘယ္လိုလဲ..ကၽြန္ေတာ့္အႀကံကို...
ဟု ကိုကိုဖရီးမွေမးလိုက္စဥ္ ေဆာင္းႏွင္းဘူ ဆိုသည့္ေကာင္မေလးမွ...
(ဆက္လက္ေစာင့္စားဖတ္ရႈပါရန္ဟု ေတာင္းပန္ရင္း)
မူလလက္ေဟာင္း ေအာ္ရီဂ်င္နယ္ဖရီး",,,,,,
<urn:uuid:d134270a-c77e-4e75-9bf9-fa6e597eedf2>,"Black Tea အချိုခြောက် 400g
- Previous
- Next
- 0
Loading
13 view
3500 ~ MMK
Sourced from Shan Hill mountains, this is the highest quality black tea that U Kar Ka offers. With rich aroma, bold and earthy tastes this is the ideal type of black tea to indulge in many occasions.
ရှမ်းတောင်တန်းများမှ အကောင်းဆုံးလက်ဖက်ရွက်များကို သေချာရွေးချယ်ပြီး ထုတ်လုပ်ထားသော ပြည်တွင်းဖြစ် အဆင့်မြင့်အချိုခြောက် အမျိူးစားဖြစ်သည်။ ထူးခြားတဲ့ မြန်မာ့အချိုခြောက်စစ်စစ်အရသာနှင့် ထင်ရှားကွဲပြားပြီး စူးရှသည့်အနံ့က သောက်သုံးသူတိုင်းကို စိတ်ရောကိုယ်ပါ အင်အားသစ်များဖြင့် လန်းဆန်းတတ်ကြွစေပါသည်။",,,,,,
<urn:uuid:5113cd84-adb7-425f-a005-9edac8cb2100>,"ေမ်ာက္ေက်ာက္ေရာဂါ ကူးစက္မႈ ႏိုင္ငံ ၂ဝ ေက်ာ္မွာ ေတြ႕ရွိ
{{Zawgyi/Unicode}}
ႏုိင္ငံေပါင္း ၂၀ ေက်ာ္မွာ ေမ်ာက္ေက်ာက္ေရာဂါကူးစက္ခံရသူ ၂၀၀ ေလာက္ရွိသြားၿပီ ျဖစ္ေၾကာင္းနဲ႔ ဒီေရာဂါဟာ ထိန္းခ်ဳပ္လုိရႏုိင္ၿပီး ကမၻာေပၚမွာ ရႏုိင္သမွ်ေသာ ကာကြယ္ေဆး နဲ႔ ေဆး၀ါးေတြကုိ စုေဆာင္းသုိမွီးထားဖုိ႔နဲ႔ အညီအမွ်ခဲြေ၀သုံးစဲြၾကဖုိ႔ ကုလသမဂၢ ကမၻာ့က်န္းမာေရးအဖဲြ႔ႀကီးျဖစ္တဲ့ WHO က ေသာၾကာေန႔က ေျပာဆုိလုိက္ပါတယ္။
ဒီေမ်ာက္ေက်ာက္ေရာဂါဟာ ဘယ္အေၾကာင္းေၾကာင့္ အာဖရိကတုိက္ရဲ႔ ျပင္ပကုိ ေရာက္ရွိကူးဆက္သြားတယ္ဆုိတာ မသိရေသးေၾကာင္းနဲ႔ ေရာဂါပုိးရဲ႔ ဗီဇေျပာင္းလဲမႈေၾကာင့္ျဖစ္ရတာဆုိတဲ့ အေထာက္အထားလည္းမရွိဘူးလုိ႔ WHO ကေသာၾကာေန႔ ရွင္းလင္းေျပာဆုိပဲြမွာေျပာဆုိခဲ့ပါတယ္။
ဒါ့အျပင္ အခုကူးဆက္တဲ့ ေရာဂါပိုး မ်ိဳးဗီဇဟာ၊ ဒီေရာဂါျဖစ္ေလ့ရွိတဲ့ ႏုိင္င္ငံေတြမွာ ေတြ့ရွိရတဲ့ ပုိးရဲ႔ဗီဇနဲ႔ကဲြျပားျခားနားမႈ မရွိတာကုိေတြ႔ရေၾကာင္းနဲ႔ ျဖစ္ႏိုင္ေျခရွိတာက ေတာ့လူေတြရဲ႔အမူအက်င့္ေျပာင္းလဲမႈေၾကာင့္ ျဖစ္ႏုိင္တယ္လုိ႔ WHO ရဲ့ကူးဆက္ေရာဂါဆုိင္ရာ ညႊန္ၾကားေရးမႈး Dr. Sylvie Brian ကေျပာဆုိပါတယ္။
ဥေရာပတုိက္၊ အေမရိကန္၊ အစၥေရး နဲ႔ ၾသစေၾတးလွ်ႏုိင္ငံေတြ အပါအ၀င္ အျခား ႏုိင္ငံေတြမွာ ဒီေရာဂါကူးဆက္မႈဟာ မၾကာေသးမီက ျဖစ္ပ်က္ခဲ့တဲ့ စပိန္နဲ႔ ဘယ္ဂ်ီယံ ႏုိင္ငံေတြက လိင္မႈဆုိင္ရာ ကိစၥေတြနဲ႔ ဆက္ႏြယ္ေနႏုိင္တယ္လို႔ ဒီတပတ္အေစာပုိင္းက WHO က်န္းမာေရးအဖဲြ႔ႀကီးရဲ႔ ထိပ္တန္းအႀကံေပး အရာရွိတဦးက ေျပာဆုိခဲ့ပါတယ္။
ဒါဟာ ဒီေရာဂါျဖစ္ပြားေလ့ရွိတဲ့ အာဖရိက အေနာက္ပုိင္းေဒသက ကူးဆက္တဲ့ အေၾကာင္းအရင္းနဲ႔ ကြာျခားမႈရွိေနပါတယ္။ အာဖရိကမွာ ဒီေရာဂါဟာ တိရိစာၦန္ေတြ အထူးသျဖင့္ ေမ်ာက္အႏြယ္၀င္ေတြ၊ ေျမႂကြက္ေတြလုိ သတၱ၀ါေတြကေန တဆင့္ကူးဆက္ေလ့ ရွိပါတယ္။
............................................................
မျောက်ကျောက်ရောဂါ ကူးစက်မှု နိုင်ငံ ၂၀ ကျော်မှာ တွေ့ရှိ
{{Zawgyi/Unicode}}
နိုင်ငံပေါင်း ၂၀ ကျော်မှာ မျောက်ကျောက်ရောဂါကူးစက်ခံရသူ ၂၀၀ လောက်ရှိသွားပြီ ဖြစ်ကြောင်းနဲ့ ဒီရောဂါဟာ ထိန်းချုပ်လိုရနိုင်ပြီး ကမ္ဘာပေါ်မှာ ရနိုင်သမျှသော ကာကွယ်ဆေး နဲ့ ဆေးဝါးတွေကို စုဆောင်းသိုမှီးထားဖို့နဲ့ အညီအမျှခွဲဝေသုံးစွဲကြဖို့ ကုလသမဂ္ဂ ကမ္ဘာ့ကျန်းမာရေးအဖွဲ့ကြီးဖြစ်တဲ့ WHO က သောကြာနေ့က ပြောဆိုလိုက်ပါတယ်။
ဒီမျောက်ကျောက်ရောဂါဟာ ဘယ်အကြောင်းကြောင့် အာဖရိကတိုက်ရဲ့ ပြင်ပကို ရောက်ရှိကူးဆက်သွားတယ်ဆိုတာ မသိရသေးကြောင်းနဲ့ ရောဂါပိုးရဲ့ ဗီဇပြောင်းလဲမှုကြောင့်ဖြစ်ရတာဆိုတဲ့ အထောက်အထားလည်းမရှိဘူးလို့ WHO ကသောကြာနေ့ ရှင်းလင်းပြောဆိုပွဲမှာပြောဆိုခဲ့ပါတယ်။
ဒါ့အပြင် အခုကူးဆက်တဲ့ ရောဂါပိုး မျိုးဗီဇဟာ၊ ဒီရောဂါဖြစ်လေ့ရှိတဲ့ နိုင်င်ငံတွေမှာ တွေ့ရှိရတဲ့ ပိုးရဲ့ဗီဇနဲ့ကွဲပြားခြားနားမှု မရှိတာကိုတွေ့ရကြောင်းနဲ့ ဖြစ်နိုင်ခြေရှိတာက တော့လူတွေရဲ့အမူအကျင့်ပြောင်းလဲမှုကြောင့် ဖြစ်နိုင်တယ်လို့ WHO ရဲ့ကူးဆက်ရောဂါဆိုင်ရာ ညွှန်ကြားရေးမှုး Dr. Sylvie Brian ကပြောဆိုပါတယ်။
ဥရောပတိုက်၊ အမေရိကန်၊ အစ္စရေး နဲ့ သြစတြေးလျှနိုင်ငံတွေ အပါအဝင် အခြား နိုင်ငံတွေမှာ ဒီရောဂါကူးဆက်မှုဟာ မကြာသေးမီက ဖြစ်ပျက်ခဲ့တဲ့ စပိန်နဲ့ ဘယ်ဂျီယံ နိုင်ငံတွေက လိင်မှုဆိုင်ရာ ကိစ္စတွေနဲ့ ဆက်နွယ်နေနိုင်တယ်လို့ ဒီတပတ်အစောပိုင်းက WHO ကျန်းမာရေးအဖွဲ့ကြီးရဲ့ ထိပ်တန်းအကြံပေး အရာရှိတဦးက ပြောဆိုခဲ့ပါတယ်။
ဒါဟာ ဒီရောဂါဖြစ်ပွားလေ့ရှိတဲ့ အာဖရိက အနောက်ပိုင်းဒေသက ကူးဆက်တဲ့ အကြောင်းအရင်းနဲ့ ကွာခြားမှုရှိနေပါတယ်။ အာဖရိကမှာ ဒီရောဂါဟာ တိရိစ္ဆာန်တွေ အထူးသဖြင့် မျောက်အနွယ်ဝင်တွေ၊ မြေကြွက်တွေလို သတ္တဝါတွေကနေ တဆင့်ကူးဆက်လေ့ ရှိပါတယ်။",,,,,,
<urn:uuid:98287807-d0a6-4b0b-881b-dcd9cac414e1>,"ကျနော်တို့တစ်ပါတ်အကြာက installed ကတည်းက ""ဒီလုလင်ပျိုကြမ်းပြင် Mat နှိုးစက်, ကျနော်တို့ငါ့အမိ-In-ဥပဒတပ်ဆင်ကတည်းက။ မကြာသေးမီကဖြစ်ပျက်သောအိမ်သာထဲမှာကျသွားစိတ်ပူခဲ့ကြသည်။ ကောင်းစွာသူမရဲ့ဘေးမှာဖျာပေါ်လိုက်ပြီးယခုအချိန်တွင်အလုပ်လုပ်ခဲ့ထားပါတယ် အိပ်ရာ, အထူးသဖြင့်ညဥ့်အခါကဝေးလံခေါင်သီကြိုးမဲ့နှိုးဆော်သံကိုအစပျိုးလိုက်ခြင်းနှင့်သူမ၏မိသားစုနှင့်ပြည်တွင်းအထောက်အသူမကပင်ရေချိုးခန်းမရောက်ခင်အလျင်အမြန်သူမ၏တုံ့ပြန်ရန်တတ်နိုင်ကြသည်။ ဤသည်ဆက်ဆက်မျက်မှောက်၌ဖြစ်ခြင်းအကူအညီမပါဘဲကျသွားသူမ၏၏စိုးရိမ်စိတ်ကိုယူသှားခဲ့သညျ။ ကျနော်တို့ ""ကျနော်တို့လိုအပ်မည်သည့်အကူအညီကိုဆပ်ဖို့အချိန်အတွက်သူမ၏ရောက်ရှိနိုင်ပါတယ်ဟုသိမှတ်ပိုကောင်းအိပ်နိုင်ပါတယ်(WH Tan က)",,,,,,
<urn:uuid:c87377a5-9f43-413f-bb87-ab9986330d25>,"တနိုင်ငံလုံး အပစ်ရပ် စာချုပ်အတွက် ထပ်မံညှိနှိုင်းရန် အချက် ၃ ချက်သာ ကျန်ရှိဟု ဆို
This article has been converted from Zawgyi One to Unicode
တနိုင်ငံလုံး အပစ်အခတ် ရပ်စဲရေး စာချုပ် ချုပ်ဆိုနိုင်ရန် ထပ်မံညှိနှိုင်းရမည့် အချက် ၃ ချက်သာ ကျန်တော့ကြောင်း အစိုးရနှင့် တိုင်းရင်းသား လက်နက်ကိုင်အဖွဲ့ ခေါင်းဆောင်များက ပြောဆိုသည်။
ရန်ကုန်မြို့ရှိ မြန်မာနိုင်ငံ ငြိမ်းချမ်းရေး ပြန်လည်ထူထောင်ရေး လုပ်ငန်း ဗဟိုဌာန (MPC) တွင် ဒီဇင်ဘာ ၂၂ ရက်နှင့် ၂၃ ရက်အတွင်း ကျင်းပသည့် တနိုင်ငံလုံး အပစ်အခတ်ရပ်စဲရေး စာချုပ်မူကြမ်း ၇ကြိမ်မြောက် ဆွေးနွေးရန်အတွက် အလုပ်အဖွဲ့၏ အကြိုညှိနှိုင်းပွဲ အပြီးတွင် ဧရာဝတီ၏ မေးမြန်းမှုကို ပြန်လည် ဖြေကြားခဲ့ခြင်း ဖြစ်သည်။
အစိုးရပြည်ထောင်စု ငြိမ်းချမ်းရေး ဖော်ဆောင်ရေး လုပ်ငန်းကော်မတီ(UPWC)မှ အကြီးတန်း အရာရှိ ဦးလှမောင်ရွှေက“ပိတ်ဆို့ ရပ်တန့်တာ တွေ မရှိတော့ဘူး၊ အချက်အားလုံး ဆွေးနွေးပြီး သလောက်ပဲ၊ ၃ ချက်ပဲ ကျန်ပါတယ်၊ အလုပ်အဖွဲ့ နှစ်ဖွဲ့က သဘော ထား တူညီ နေပြီ၊ နှစ်ဘက် ခေါင်းဆောင်တွေကို ပြန်တင်ပြီး အတည်ပြုပြီးရင် ပြီးပါပြီ”ဟု ပြောသည်။
အပစ်ရပ်မူကြမ်းမှာ ၆ ကြိမ်မြောက် ဆွေးနွေးညှိနှိုင်းထားပြီး ဖြစ်၍ ၄ ကြိမ် အချောသတ်ပြီး ဖြစ်ကြောင်း၊ အခန်း ၇ ခန်း ပါရှိပြီး အချက် အလက်အားဖြင့် ၁၁၂ ချက်ပါရှိကြောင်း သိရသည်။
ဆွေးနွေးရန် ကျန်ရှိနေသည့် အချက် ၃ ချက်မှာ ကြားကာလတပ်နေရာ ချထားရေး ဆိုင်ရာနှင့် ဆက်စပ်သည့်အချက်များ ဖြစ်သည် ဟု တနိုင်ငံလုံး အပစ်အခတ်ရပ်စဲရေး ဆိုင်ရာ ညှိနှိုင်းရေးအဖွဲ့(NCCT) ၏ ဒုတိယ ခေါင်းဆောင် ပဒိုကွယ်ထူးဝင်းကလည်း ပြော သည်။
မူကြမ်းအပြီးသတ် ထွက်ရှိရန် အဓိက ဆွေးနွေးနေကြသည့် UPWC နှင့် NCCT တို့အကြားတွင် ညှိနှိုင်းရမည့် အချက်မှာ ၃ ချက်သာ ကျန်ရှိတော့သဖြင့် လာမည့် ၂၀၁၅ ခုနှစ် ဖေဖော်ဝါရီလ ၁၂ ရက် ပြည်ထောင်စုနေ့ တွင် စာချုပ် ချုပ်ဆို လက်မှတ် ရေးထိုးနိုင်ရန် လည်း NCCT ဘက်က အစိုးရဘက်ကို အဆိုပြုထားသည်ဟု သိရသည်။
ပဒိုကွယ်ထူးဝင်းက“ကျနော်တို့ဘက်က မျှော်လင့်တယ်၊ ဖြစ်လည်းဖြစ်စေချင်တယ်၊ ပြည်ထောင်စုနေ့မှာ လက်မှတ်ထိုးချင်တယ်၊ တိုင်းပြည်အနာဂတ်အတွက် မွန်မြတ် ဂုဏ်ရှိတဲ့နေ့ ဖြစ်လို့ပါ”ဟု ပြောဆိုသည်။
ဇန်နဝါရီလ ၁၆ ရက်တွင် နှစ်ဘက် အလုပ်အဖွဲ့များ ပြန်လည်တွေ့ဆုံမည်ဖြစ်ပြီး အပစ်ရပ် မူကြမ်းကို အပြီးအချောသတ်ဆောင်ရွက်နိုင်ရန် မျှော်လင့်ထားသည်ဟု သိရသည်။
သို့သော် တနိုင်ငံလုံးအပစ်ရပ်ရေးတွင် အပစ်အခတ်ရပ်စဲရေး ဆိုင်ရာ ကျင့်ဝတ်စည်းကမ်း နှင့် အပစ်ရပ်ကာလ၌ လက်နက်ကိုင်တပ် အားလုံး လိုက်နာရမည့် ကျင့်ဝတ် စည်းကမ်းများ ချမှတ်နိုင်ရန် တပ်ပိုင်းဆိုင်ရာ ငြိမ်းချမ်းရေး ကိုယ်စားလှယ်များ အကြား ဆွေးနွေးရန် ကျန်ရှိ နေသေးသည်ဟု ပဒိုကွယ်ထူးဝင်းက ပြောသည်။
ထိုကျင့်ဝတ်စည်းကမ်း နှစ်ခုမှာ NCCT နှင့် တပ်မတော်အကြား တွေ့ဆုံဆွေးနွေး ရမည်ဖြစ်ပြီး အပစ်ရပ်စာချုပ် အချောသတ်ပြီး နောက်မှ ဆွေးနွေးမည်ဟု သိရ သည်။
NCCT အနေဖြင့် နိုဝင်ဘာ ၁၉ ရက်က လိုင်ဇာသို့ ပစ်ခတ်မှုကဲ့သို့သော ဖြစ်ရပ်မျိုး ထပ်မံမဖြစ်ပွားစေရန်၊ အောက်ခြေတပ်အချင်းချင်း အချင်းပွားမည့် ကိစ္စရပ်များကို ရှောင်ရန် အစိုးရ၊ တပ်မတော် နှင့် ဆက်လက်ညှိနှိုင်းမှုများလည်း ပြုလုပ်သွားမည်ဟု ဆိုသည်။
ယခု ဆွေးနွေးပွဲတွင် အစိုးရဘက်မှ တပ်မတော် ငြိမ်းချမ်းရေးကိုယ်စားလှယ်များနှင့် NCCT ဘက်မှ ပထမခေါင်းဆောင် နိုင်ဟံသာနှင့် ဒုတိယခေါင်းဆောင် (၂) ဗိုလ်ချုပ် ဂွန်မော် တို့ တက်ရောက်ခဲ့ခြင်း မရှိပါ။
ပြည်တွင်းငြိမ်းချမ်းရေးအတွက် အစိုးရနှင့် တိုင်းရင်းသား လက်နက်ကိုင်များအကြား ဆွေးနွေးနေသည်မှာ ၃ နှစ်ကြာပြီဖြစ်သော် လည်း တိုက်ပွဲများ ဆက်လက်ဖြစ်ပွားလျက် ရှိသည်။",,,,,,
<urn:uuid:fe770d58-0a81-4b5a-9da3-7cb69215fb89>,"သတင်း
Covid 19
အားကစား
မိုးလေဝသ
ပညာရေး
စီးပွားရေး
သဘာဝပတ်ဝန်းကျင်
မှုခင်း
နိုင်ငံတကာ
ဆောင်းပါး
နိုင်ငံတကာ ဆောင်းပါး
အတွေးအမြင်
သတင်းဆောင်းပါး
နိုင်ငံတကာ
အက်ဆေး
သုံးသပ်ချက်
သတင်းမှော်ရုံ
အင်တာဗျူး
တွေ့ဆုံမေးမြန်းခြင်း
လူထုထင်မြင်ချက်များ
ကြုံရာဆုံရာ
အယ်ဒီတာ့ အာဘော်
ကာတွန်း
သတင်းဓါတ်ပုံ
မာတီ မီဒီယာ
မွန်ရိုးရာစားဖွယ်ရာများ
နေမှုပုံစံ
နည်းပညာ
စိုက်ပျိုးရေးကဏ္ဍ
မွန်ရိုးရာစားဖွယ်ရာများ
ဖျော်ဖြေရေး
လူငယ့်ရှုထောင့်
ရွေးကောက်ပွဲများ
၂၀၂၀ ရွေးကောက်ပွဲ
၂၀၁၅ ရွေးကောက်ပွဲ
Sign in
Welcome!
Log into your account
your username
your password
Forgot your password?
သံလွင်တိုင်းမ်းအကြောင်း
Password recovery
Recover your password
your email
Search
မူလစာမျက်နှာ
ဆက်သွယ်ရန်
သံလွင်တိုင်းမ်းအကြောင်း
အစိုးရနှင့်လွှတ်တော်
မွန်ပြည်နယ်လွှတ်တော်
မွန်ပြည်နယ်အစိုးရ
ရွေးကောက်ပွဲများ
၂၀၁၅ ရွေးကောက်ပွဲ
Sign in
Welcome! Log into your account
your username
your password
Forgot your password? Get help
သံလွင်တိုင်းမ်းအကြောင်း
Password recovery
Recover your password
your email
A password will be e-mailed to you.
Than Lwin Times
သတင်း
Covid 19
အားကစား
မိုးလေဝသ
ပညာရေး
စီးပွားရေး
သဘာဝပတ်ဝန်းကျင်
မှုခင်း
နိုင်ငံတကာ
ဆောင်းပါး
နိုင်ငံတကာ ဆောင်းပါး
အတွေးအမြင်
သတင်းဆောင်းပါး
နိုင်ငံတကာ
အက်ဆေး
သုံးသပ်ချက်
သတင်းမှော်ရုံ
အင်တာဗျူး
တွေ့ဆုံမေးမြန်းခြင်း
လူထုထင်မြင်ချက်များ
ကြုံရာဆုံရာ
အယ်ဒီတာ့ အာဘော်
ကာတွန်း
သတင်းဓါတ်ပုံ
မာတီ မီဒီယာ
မွန်ရိုးရာစားဖွယ်ရာများ
နေမှုပုံစံ
နည်းပညာ
စိုက်ပျိုးရေးကဏ္ဍ
မွန်ရိုးရာစားဖွယ်ရာများ
ဖျော်ဖြေရေး
လူငယ့်ရှုထောင့်
ရွေးကောက်ပွဲများ
၂၀၂၀ ရွေးကောက်ပွဲ
၂၀၁၅ ရွေးကောက်ပွဲ
Home
ရွေးကောက်ပွဲများ
၂၀၁၅ ရွေးကောက်ပွဲ
၂၀၁၅ ရွေးကောက်ပွဲ
Latest
Latest
Featured posts
Most popular
7 days popular
By review score
Random
ဝန်ကြီးချုပ်ဟောင်း ဦးမင်းမင်းဦး အဆို မေးခွန်း လုံးဝ မမေးခဲ့
Thanlwintimes
-
January 30, 2021
၂၀၁၅ ရွေးကောက်ပွဲ
မွန်ပြည်နယ် NLD ၂၀၁၅/၂၀၂၀ ကိုယ်စားလှယ်လောင်း
၂၀၁၅ ရွေးကောက်ပွဲ
ရေးတွင် ဖြစ်ပွားခဲ့သည့် မဲမသမာမှုကိစ္စ မွန်အမျိုးသားပါတီ အမှုဖွင့်တိုင်ကြား
၂၀၁၅ ရွေးကောက်ပွဲ
မွန်တွင် ရွေးကောက်တင်မြှောက်ခံ ကိုယ်စားလှယ်များကို တရားဝင်ကန့်ကွက်မှု မရှိသေး
၂၀၁၅ ရွေးကောက်ပွဲ
မွန်တွင် ရွေးကောက်ပွဲဝင်ခွင့် အာမခံငွေ ပြန်ရသည့် ကိုယ်စားလှယ်လောင်း ၁၁၅ ဦးရှိ
မွန်ပြည်နယ်တွင် ဆန္ဒမဲပေးခဲ့သူ ၅၁ ဒသမ ၃၃ ရာခိုင်နှုန်းသာရှိ
သံလွင်တိုင်းမ်
-
November 17, 2015
0
မွန်ပြည်နယ်တွင် ကြံ့ခိုင်ရေးပါတီ ၁ နေရာသာ နိုင်
သံလွင်တိုင်းမ်
-
November 11, 2015
0
၂၀၁၅ ရွေးကောက်ပွဲတွင် မွန်အမျိုးသမီး ကိုယ်စားလှယ် တစ်ဦးမျှ အရွေးမခံရ
သံလွင်တိုင်းမ်
-
November 11, 2015
0
မွန်ပြည်နယ်တွင် အမျိုးသမီး ကိုယ်စားလှယ်လောင်း ၁၂ ဦး အနိုင်ရ
သံလွင်တိုင်းမ်
-
November 11, 2015
0
မွန်တွင် NLD မှ အမတ်နေရာ ၄၀ အနိုင်ရ
သံလွင်တိုင်းမ်
-
November 10, 2015
0
မုဒုံမြို့နယ်တွင် မဲဆန္ဒရှင် ၃၈ ဒသမ ၂၇ ရာခိုင်နှုန်းသာ လာရောက်မဲပေး
သံလွင်တိုင်းမ်
-
November 10, 2015
0
မွန်ပါတီ အားလုံးပေါင်း အမတ်နေရာ ၄ နေရာသာနိုင်
သံလွင်တိုင်းမ်
-
November 10, 2015
0
၁၉၉၀ ရွေးကောက်ပွဲအနိုင်ရ မွန်အမတ် ၂ ဦး ထပ်နိုင်
သံလွင်တိုင်းမ်
-
November 9, 2015
0
ရွေးကောက်ပွဲမတိုင်မီနှင့် ရွေးကောက်ပွဲအပြီး ရေးမြို့အတွင်း အရောင်းအဝယ်အေး
သံလွင်တိုင်းမ်
-
November 9, 2015
0
ကရုပ္ပိကျေးရွာရှိ မဲရုံ(၂)ရုံလုံး၏ မဲရုံပရဝဏ်အတွင်း ဓါတ်ပုံရိုက်ခွင့်မပေး
သံလွင်တိုင်းမ်
-
November 8, 2015
0
1
2
3
4
Page 1 of 4
Than Lwin Times © 2020 Design & Dev By
talachan(A Chark)",,,,,,
<urn:uuid:70a0a71c-6510-4ab9-af86-251f318b6fbc>,"အမေများနေ့တွင် မိခင်အတွက် ရော်နယ်ဒို မာစီဒီးကား လက်ဆောင်ပေး
1.6K
ဂျူဗင်တပ်စ် တိုက်စစ်မှူးစီရော်နယ်ဒိုဟာ အမေများနေ့အထိမ်းအမှတ်အဖြစ် မိခင်ဖြစ်သူကို မာစီဒီး ကားသစ်တစ်စီး လက်ဆောင်ပေးခဲ့ပါတယ်။ နိုင်ငံအများစုမှာတော့ အမေများနေ့ကို မေ ၁၀ ရက်နေ့အဖြစ် သတ်မှတ်ထားပေမယ့် ပေါ်တူဂီနိုင်ငံမှာတော့ မေလပထမပတ်ရဲ့ တနင်္ဂနွေနေ့ဖြစ်တဲ့ မေ ၃ ရက်နေ့ကို အမေများနေ့အဖြစ် သတ်မှတ်ခဲ့တာပါ။ ရော်နယ်ဒိုဟာ ပေါ်တူဂီနိုင်ငံရဲ့ အမေများနေ့မှာ အသက် ၆၅ နှစ်အရွယ်မိခင်ဖြစ်သူ မာရီယာဒိုလော်ရက်စ်ကို ကားသစ်တစ်စီးနဲ့ ပန်းစည်း လက်ဆောင်ပေးခဲ့ပါတယ်။ ရော်နယ်ဒိုရဲ့မိခင် မာရီယာဟာ ပြီးခဲ့တဲ့မတ်လတုန်းက လေဖြတ်ဝေဒနာ ခံစားခဲ့ရတာကြောင့် ဆေးရုံတက်ပြီး ကုသခဲ့ရဖူးပါတယ်။ မာရီယာကတော့ သားဖြစ်သူ ရော်နယ်ဒိုက မားစီးဒီးကားသစ်တစ်စီး လက်ဆောင်ပေးခဲ့ပုံကို သူ့ရဲ့အင်စတာဂရမ်အကောင့်မှာလည်း တင်ခဲ့ပြီး ကျေးဇူးတင်ကြောင်းလည်း ရေးခဲ့ပါတယ်။ ရော်နယ်ဒိုကတော့ သူ့ရဲ့ချစ်သူ ဂျော့ဂျီနာရိုဒရီဂွက်ဇ်နဲ့ မိခင်ဖြစ်သူမာရီယာတို့ဟာ ထူးခြားတဲ့ မိခင် ၂ ဦး ဖြစ်ပြီး ပျော်ရွှင်စရာကောင်းတဲ့ အမေများနေ့ဖြစ်ပါစေလို့ သူ့ရဲ့ ဆိုရှယ်မီဒီယာကနေ ဆုတောင်းပေးခဲ့ပါတယ်။ စီရော်နယ်ဒိုဟာ ဂျူဗင်တပ်စ်အသင်း ဆုဖလားရယူစဉ်ကလည်း သူ့ရဲ့ မိခင်ဖြစ်သူ မာရီယာကို ကွင်းထဲအထိခေါ်ပြီး အတူအောင်ပွဲခံခဲ့ပါတယ်။",,,,,,
<urn:uuid:49f61cbe-99da-4b84-b43a-f42ff112094e>,"“သေဗၺသတၱာ ကမၼသကာ”
“ကမၼံ သေတၱ ၀ိဘဇၨတိ” တဲ့..
ကံ၏အေၾကာင္းေၾကာင့္ပဲ ျဖစ္ၾကတာလား..ဒီလိုပဲေျပာေနၾကတာပဲလား.. ကံျဖစ္တုိင္းလည္း သတၱ၀ါျဖစ္ရေတာ့မလား.. ေသေသခ်ာခ်ာေတာ့ ေလ့လာၾကည့္သင့္တယ္..
ကံျဖစ္လို႕ သတၱ၀ါျဖစ္တာလား.. သတၱ၀ါက ကံေၾကာင့္ျဖစ္တာလားလို႕..
ဒီႏွစ္ခုက မတူပါဘူး…
ကံေၾကာင့္သတၱ၀ါျဖစ္တယ္ဆိုရင္ ကံျဖစ္ရင္ သတၱ၀ါျဖစ္ေတာ့မယ္လို႕ အဓိပၸါယ္ထြက္မွာပဲ..
ဟုတ္လား.
ကံျဖစ္ရင္ သတၱ၀ါျဖစ္ေေတာ့မွာလား..
ကံကလည္း မျဖစ္ပါနဲ႕ဆိုလို႕လည္းမရဘူးေလ.. ကာယကံ၊ ၀စီကံ၊ မေနာကံက တစ္ခုမဟုတ္ တစ္ခု ထြက္ေနမွာပဲေလ..
ဒါဆိုလည္း.. ဘာကံလုပ္ၿပီး ဘာျဖစ္ပါေစ ဆိုၿပီးလုပ္လိုက္ပါေတာ့..
လုပ္လည္း လုပ္ေနၾကတာပဲမလား..
နည္းနည္းစဥ္းစားစရာေလး လုပ္ေပးလုိက္တာပါ..
ေနာက္တစ္ခုက..
သတၱ၀ါေတြက ကံေၾကာင့္ ျဖစ္တာလား ဆိုတာေလးပါ..
သတၱ၀ါေတြကို ၾကည့္ၿပီးေတာ့ ကံေၾကာင့္ ျဖစ္တာလို႕ ေျပာမယ္ဆိုရင္ေတာ့ ဘာမွ မေျပာလိုပါဘူး..
”သေဗၺသတၱာ ကမၼသကာ” ကိုး..
ေနာက္တစ္ခုက. ကမၼဘ၀ ပစၥယာ ဇာတိ လာတာကိုး..
ဒါကိုေတာ့ ဘာမွ ေထာက္စရာ မရွိပါဘူး..
ေထာက္စရာရွိတာက
ကံျဖစ္တိုင္း သတၱ၀ါ ျဖစ္မယ္လို႕ ေရာယူထားတာကိုပါ…
ဒီႏွစ္ခုက ေသခ်ာမခြဲျခားတတ္ရင္ ေရာေနလိမ့္မယ္..
ဘာေရာတာလဲဆိုေတာ့ အတိတ္၊ ပစၥဳပၸဳန္ နဲ႕ အနာဂါတ္ေတြနဲ႕ ေရာလိုက္တာပါပဲ.
လက္႐ွိ သတၱ၀ါေတြက အတိတ္ ကံေၾကာင့္ျဖစ္တာေပါ့…ဒါေၾကာင့္ကံျဖစ္ရင္ သတၱ၀ါျဖစ္တာပဲ..
ဒါနဲ႕ဆက္ၿပီး
အခုလက္ရွိ ကံျဖစ္ရင္ အနာဂါတ္ သတၱ၀ါျဖစ္တယ္ဆိုၿပီး ကာလေတြ အားလံုးကို အတူတူယူလုိက္ၾကေတာ့တာပါပဲ..
အတိတ္၊ ပစၥဳပၸဳန္ နဲ႕ အနာဂါတ္ေတြ ေသခ်ာ မပိုင္းျခားတတ္ရင္ ေသခ်ာေပါက္ ေရာပါတယ္..
အတိတ္ကံေၾကာင့္ ပစၥဳပၸဳန္ခႏၶာ၊ ပစၥဳပၸဳန္ကံေၾကာင့္ အနာဂါတ္ခႏၶာ
ကဲ..ထားပါေတာ့.
အတိတ္၊ ပစၥဳပၸဳန္ နဲ႕ အနာဂါတ္ေတြ ခြဲျခားတတ္ၿပီပဲ..
ကံေၾကာင့္ ျဖစ္တာလား ဆုိတာ လာပါေတာ့မယ္.. သတၱ၀ါေတြေလ.
ႈဥပါဒါန ပစၥယာ ဘေ၀ါ တဲ့.. (ဘေ၀ါ = ကမၼဘ၀ = ကံ)
ဥပါဒါန္ ျဖစ္ရင္ ကံျဖစ္တယ္တဲ့..
ကံျဖစ္ရင္ေတာ့ ဇာတိ ဆိုၿပီး သတၱ၀ါ ဆိုတဲ့ ပညတ္စတာပဲ..
ဥပါဒါန္က ကံကို ျဖစ္ေစတယ္.. ကံက သတၱ၀ါျဖစ္ေစတယ္
အဲဒီေတာ့ သတၱ၀ါက ကံ က ျဖစ္တာလား.. ဥပါဒန္က ျဖစ္တာလား.. ဆိုတာစဥ္းစားၾကည့္..
ကံျဖစ္ရင္ သတၱ၀ါျဖစ္တယ္ ဆိုတာ ကို ေသခ်ာ ကြဲျပားေစခ်င္လို႕ပါ..
ဘာလို႕လဲဆိုေတာ့ တစ္ခ်ိဳ႕က ကံေတာ့ ျဖစ္ပါတယ္.. ဒါေပမယ့္. သတၱ၀ါ မျဖစ္ေတာ့ပါဘူး..
ဥပမာ.. ဥပါဒါန္ မရွိေတာ့တဲ့ ပုဂၢိဳလ္.. ကံေတာ့ ျဖစ္တယ္.. အဲဒီကံက သတၱ၀ါမျဖစ္ေတာ့ဘူး..
အဲဒီေတာ့ ကံက သတၱ၀ါျဖစ္တာလား. ဥပါဒါန္က သတၱ၀ါျဖစ္တာလားဆိုတာ့ ေပၚလာၿပီပဲ..
ဥပါဒါန္ကေတာ့ သတၱ၀ါကိုေတာ့ တိုက္ရိုက္မျဖစ္ေစပါဘူး..
ကံကိုပဲျဖစ္ေစတာပါ..
ဘာကံလဲဆိုတာ့ ဥပါဒါန္နဲ႕လုပ္တဲ့ကံ…ဥပါဒါန္ကင္းၿပီးလုပ္တဲ့ ကံဆိုၿပီး ကြာသြားတယ္..
ဥပါဒါန္နဲ႕ လုပ္တဲ့ ကံ ဆိုရင္ ဥပါဒါနပစၥယာဘေ၀ါ၊ ဘ၀ပစၥယာ ဇာတိဆိုၿပီး.. အနာဂါတ္ သတၱ၀ါျဖစ္ပါဘယ္..
ဥပါဒါန္ကင္း ၿပီးလုပ္တဲ့ ကံဆိုရင္ ဥပါဒါန နိေရာဓါ ဘ၀နိေရာေဓါ၊ ဘ၀ နိေရာဓါ ဇာတိနိေရာေဓါ ဆိုၿပီး အနာဂါတ္ သတၱ၀ါ အျဖစ္မွကင္းပါတယ္…
ဥပါဒါန နိေရာဓါ ဘ၀နိေရာေဓါ ကိုး..
ဥပါဒါန္ မရွိရင္ ကံမရွိပါဘူးတဲ့… ဇာတိျဖစ္ေစတဲ့ ကံကိုေျပာတာ..
ဘ၀နိေရာဓါ ဇာတိနိေရာေဓါ ဆိုၿပီး.. သတၱ၀ါ ပညတ္ဇာတ္သိမ္းပါတယ္…
သေဗၺသတၱာ ကမၼသကာ လံုးမခ် ေစခ်င္လို႕ ဒါကို ထုတ္လာရတာပါ.
ကံက လုပ္တာဆိုေပမယ့္ သူ႕ကို ဥပါဒါန္က အုပ္ခ်ဳပ္ထားတယ္ ဆိုတာ သိေအာင္လို႕ပါ..
ဒါေၾကာင့္ ကံက တရားခံလား.. ဥပါဒါန္က တရားခံ လားဆိုၿပီး.. လက္သည္ရွာၾကည့္လိုက္ပါ..
ဥပါဒါန္ရွိေနသ၍ ဥပါဒါန္နဲ႕ကံေတြလုပ္ၿပီး ဇာတိလာမွာပဲ..
ဥပါဒါန္မရွိေတာ့ရင္ ဥပါဒါန္နဲ႕လုပ္တဲ့ ကံေတြလည္းကင္းၿပီး.. ဆုိင္ရာဇာတိခ်ဳပ္တာပဲ..
ကံသည္ သတၱ၀ါကို ျဖစ္ေစ၏ ဆိုတဲ့ေနရာမွာ
ဥပါဒါန္ကင္းတဲ့ကံနဲ႕
ဥပါဒါန္တြဲေနတဲ့ကံ ေပၚမူတည္ၿပီး သတၱ၀ါ ျဖစ္တယ္ မျဖစ္ဘူး လို႕ေျပာရေတာ့မွာပဲ….
အဲဒီေတာ့
“သေဗၺသတၱာ ကမၼသကာ ၊ ကမၼံ သေတၱ ၀ိဘဇၨတိ” လို႕ လုံးမခ်ခင္ ကိုယ္လုပ္တဲ့ကံက ဥပါဒါန္နဲ႕လား.. ဥပါဒါန္ကင္းလားဆိုတာ ဆန္းစစ္ၾကည့္ၿပီးေတာ့ ဘာျဖစ္ပါေစ ညာျဖစ္ပါေစလုပ္ေပါ့….
…………………………………………………………………………………………………………………………..
“သေဗၺသတၱာ ကမၼသကာ ၊ ကမၼံ သေတၱ ၀ိဘဇၨတိ”
“ဥပါဒါနပစၥယာ ဘေ၀ါ၊ ဘ၀ပစၥယာ ဇာတိ”
“ဥပါဒါနနိေရာဓါ ဘ၀နိေရာေဓါ၊ ဘ၀နိေရာဓါ ဇာတိနိေရာေဓါ” ကို ယွဥ္တြဲၿပီး နားလည္သလို ေ၀ဖန္သံုးသပ္ထားျခင္းျဖစ္ပါတယ္..
ဥပါဒါန္ေလးမ်ိဳး..
ကာမုပါဒါန္၊ ဒိ႒ဳပါဒါန္၊ သီလဗၺတုပါဒါန္၊ အတၱဝါဒုပါဒါန္
မွတ္ခ်က္။ ။ ေရးခ်င္တာေတြ သိသလို ေရးထားေသာေၾကာင့္ အမွား အမွန္ကို ခ်င့္ခ်ိန္ ယံုၾကရန္…..
အမွားဖတ္ၿပီး အျပစ္ျဖစ္ျခင္းအတြက္ တာ၀န္မယူ…….",,,,,,
<urn:uuid:c6b8959c-5ebc-4822-aa07-993e086ce7ce>,"ကင်ရှာဆာမြို့
ကင်ရှာဆာမြို့သည် ကွန်ဂိုဒီမိုကရက်တစ်သမ္မတနိုင်ငံ၏ မြို့တော်နှင့် အကြီးဆုံးမြို့ ဖြစ်ပြီး ကွန်ဂိုမြစ်ကမ်းပေါ်တွင် တည်ရှိသည်။
ယခင်က ငါးဖမ်းရွာကလေး တစ်ရွာသာ ဖြစ်ခဲ့သော်လည်း ယခုအခါတွင် ကင်ရှာဆာမြို့သည် မြို့ပြဧရိယာ တစ်ခု အဖြစ် တည်ရှိပြီး နေထိုင်သူပေါင်း ၁၀သန်းခန့် ရှိသည်။ အိမ်နီးချင်းနိုင်ငံဖြစ်သော ကွန်ဂိုသမ္မတနိုင်ငံ၏ မြို့တော် ဘရာဇာဗီးမြို့နှင့် မျက်နှာချင်းဆိုင် တည်ရှိပြီး ကျယ်ဝန်းသော ကွန်ဂိုမြစ်ကို ဖြတ်၍ လှမ်းမြင်ရသော အနေအထားတွင် ရှိသည်။ မြို့တော်၏ အုပ်ချုပ်ရေး ဒေသမှာ အလွန်ကျယ်ဝန်းလှသဖြင့် မြို့တော်မြေနေရာ၏ ၆၀ ရာခိုင်နှုန်းကျော်မှာ ကျေးလက် အနေအထားဖြင့် တည်ရှိသည်။ မြို့ပြဒေသမှာ ခရိုင်၏ အနောက်ဖက် အစွန်ဆုံး အစိတ်အပိုင်း သေးသေးကလေး တွင်သာ ရှိသည်။",,,,,,
<urn:uuid:22b5d47b-867e-45b8-b510-4bf54366a566>,"ဆီးရီးယားနိုင်ငံက သေစေလောက်တဲ့ ဓာတုလက်နက်တချို့ကို ပင်လယ်ထဲမှာ ရှိတဲ့ အမေရိကန်ရေတပ်သင်္ဘောပေါ်မှာ ဖျက်ဆီးပစ်ဖို့ အမေရိကန် ပြည်ထောင်စုက ကမ်းလှမ်းခဲ့ပါတယ်။ ဓာတုလက်နက်တွေ ဖျက်ဆီးပစ်ဖို့ အမေရိကန်က နည်းပညာ၊ လိုအပ်တဲ့ ဆောင်ရွက်မှုတွေအတွက် အပြည့်အဝ အကူအညီနဲ့ ကုန်ကျစရိတ်တွေကို အမေရိကန်အစိုးရက ပေးမှာဖြစ်တယ်လို့ ဓာတုလက်နက်တားဆီးရေး OPCW အဖွဲ့က စနေနေ့မှာ ပြောကြားခဲ့ပါတယ်။
ဆီးရီးယားက ဓာတုလက်နက်အားလုံး ဖျက်သိမ်းရေးအတွက် Netherlands နိုင်ငံမှာ အခြေစိုက်တဲ့ ဒီအဖွဲ့က တာဝန်ယူ ဆောင်ရွက်နေတာ ဖြစ်ပါတယ်။
ဆီးရီးယားနိုင်ငံတဝန်က ဓာတုလက်နက်တွေကိုထုတ်ပိုးပြီး နိုင်ငံရဲ့ အကြီးဆုံး ဆိပ်ကမ်းဖြစ်တဲ့ Latakia ဆိပ်ကမ်းဆီအရောက် ပထမပို့ဆောင်ပေးရမယ်လို့ ကုလသမဂ္ဂနဲ့ ဆီးရီးယားဆိုင်ရာ OPCW ပူးတွဲအဖွဲ့အကြီးအကဲ Sigrid Kaag ကပြောပါတယ်။
ဒီထုပ်ပိုးထားတဲ့ ဓာတုလက်နက်တွေကို OPCW အဖွဲ့ဝင်နိုင်ငံတွေပိုင် သင်္ဘောတွေပေါ် တင်ပို့ရမှာဖြစ်ပြီး အဲဒီသင်္ဘောတွေနဲ့ အမေရိကန် သင်္ဘောတွေဆီ ပို့ဆောင်ရမှာဖြစ်ပါတယ်။ ဒါပေမဲ့ ဒီဓာတုလက်နက်တွေကို ဆီးရီးယားရေပိုင်နက်ထဲမှာတော့ ဖျက်ဆီးမှာ မဟုတ်ပါဘူး။
ဆီရီးယားမှာဖြစ်ပွားနေတဲ့ ပြည်တွင်းစစ်ပွဲအတွင်း အစိုးရတပ်တွေက ပြည်သူတွေ အပေါ် ဓာတုလက်နက်တွေသုံး တိုက်ခိုက်မှုတွေရှိခဲ့ပြီးနောက် ခုလို
ဆီးရီးယားက ဓာတုလက်နက်တွေ ဖျက်ဆီးရေးအတွက် ကြိုးပမ်း ဆောင်ရွက်နေကြတာ ဖြစ်ပါတယ်။
ဆီးရီးယားက ဓာတုလက်နက်အားလုံး ဖျက်သိမ်းရေးအတွက် Netherlands နိုင်ငံမှာ အခြေစိုက်တဲ့ ဒီအဖွဲ့က တာဝန်ယူ ဆောင်ရွက်နေတာ ဖြစ်ပါတယ်။
ဆီးရီးယားနိုင်ငံတဝန်က ဓာတုလက်နက်တွေကိုထုတ်ပိုးပြီး နိုင်ငံရဲ့ အကြီးဆုံး ဆိပ်ကမ်းဖြစ်တဲ့ Latakia ဆိပ်ကမ်းဆီအရောက် ပထမပို့ဆောင်ပေးရမယ်လို့ ကုလသမဂ္ဂနဲ့ ဆီးရီးယားဆိုင်ရာ OPCW ပူးတွဲအဖွဲ့အကြီးအကဲ Sigrid Kaag ကပြောပါတယ်။
ဒီထုပ်ပိုးထားတဲ့ ဓာတုလက်နက်တွေကို OPCW အဖွဲ့ဝင်နိုင်ငံတွေပိုင် သင်္ဘောတွေပေါ် တင်ပို့ရမှာဖြစ်ပြီး အဲဒီသင်္ဘောတွေနဲ့ အမေရိကန် သင်္ဘောတွေဆီ ပို့ဆောင်ရမှာဖြစ်ပါတယ်။ ဒါပေမဲ့ ဒီဓာတုလက်နက်တွေကို ဆီးရီးယားရေပိုင်နက်ထဲမှာတော့ ဖျက်ဆီးမှာ မဟုတ်ပါဘူး။
ဆီရီးယားမှာဖြစ်ပွားနေတဲ့ ပြည်တွင်းစစ်ပွဲအတွင်း အစိုးရတပ်တွေက ပြည်သူတွေ အပေါ် ဓာတုလက်နက်တွေသုံး တိုက်ခိုက်မှုတွေရှိခဲ့ပြီးနောက် ခုလို
ဆီးရီးယားက ဓာတုလက်နက်တွေ ဖျက်ဆီးရေးအတွက် ကြိုးပမ်း ဆောင်ရွက်နေကြတာ ဖြစ်ပါတယ်။",,,,,,
<urn:uuid:85ec53d6-b7c1-45a4-8ceb-3768fbbd7662>,"ခရစ်ယာန်မိန်းကလေးများအသင်း
ခရစ်ယာန်လူငယ်များအသင်း (ဝိုင်အမ်စီအေ) နှင့် ရည်ရွယ်ချက်ချင်း တူညီ သောအသင်းတစ်ခုမှာ ဝိုင်၊ ဒဗျူ၊ စီ၊ အေ၊ ခေါ် ခရစ်ယာန် မိန်းကလေးများအသင်း ဖြစ်၏။ ထိုအသင်းကို အင်္ဂလန်ပြည် တွင် ၁၈၅၅ ခုနှစ်၌ စတင်တည်ထောင် ခဲ့သည်။ ခရစ်ယန် လူငယ်များအသင်းသည် အမျိုးသားများအတွက် အကျိုးဆောင် သကဲ့သို့ ဝိုင်၊ ဒဗျူ၊ စီ၊ အေ သည် အမျိုးသမီးများအတွက် အကျိုးဆောင်လေသည်။ အသင်း၏ အထိမ်းအမှတ်မှာ အပြာရောင် တြိဂံဖြစ်သည်။ ယခုအခါ နိုင်ငံပေါင်း ၆၈ နိုင်ငံ တွင် ခရစ်ယာန် မိန်းကလေးအသင်းဝင်ပေါင်း ၅ဝဝဝဝဝ ကျော် မျှ ရှိလေသည်။ မြန်မာနိုင်ငံတွင် ရန်ကုန်မြို့၊ မန္တလေးမြို့၊ မေမြို့၊ တောင်ကြီးမြို့နှင့် မော်လမြိုင်မြို့များ၌ ဝိုင်၊ ဒဗျူ၊ စီ၊ အေ အသင်းများ ဖွင့်လှစ်ပြီး ဖြစ်သည်။
ကိုးကားပြင်ဆင်
- မြန်မာ့စွယ်စုံကျမ်း၊ အတွဲ(၂)",,,,,,
<urn:uuid:db6a54f4-152e-463a-b523-3cd8838acdda>,"အသက် ၁၀ နှစ်အရွယ် မိုက်ကယ်ဒက်ရှာသည် သူငယ်ချင်းများနှင့် အနီးရှိ တူးမြောင်းတစ်ခုအတွင်း ငါးသွားမျှားရန် မိခင်ကို ခွင့်တောင်းပြီး ထွက်သွားခဲ့သည်။
၎င်းပြန်လာချိန်တွင်မူ မိခင်မှာ အကြီးအကျယ် အံ့ဩထိတ်လန့်ခဲ့ရသည်။ အမေရိကန် ချာတိတ်လေးသည် ၁.၈ မီတာရှည်သော မိကျောင်းတစ်ကောင်ကို တရွတ်တိုက် ဆွဲလာခြင်းကြောင့်ဖြစ်သည်။ မိုက်ကယ်လေးသည် အဆိုပါ တွားသွားသတ္တဝါကြီးသည် ၎င်းကို အရှင်လတ်လတ် ဝါးစားသတ်ဖြတ်နိုင်ကြောင်း လုံးဝမသိခဲ့ချေ။ မိုက်ကယ်၏ အဖိုးသည် အိမ်ရှေ့ရောက်နေသည့် မိကျောင်းကြီးကိုကြည့်ပြီး သတိလစ်မလိုပင် ဖြစ်သွားသည်။
ဖလော်ရီဒါ ငါးနှင့် သားရိုင်းတိရစ္ဆာန် စောင့်ရှောက်ရေး ကော်မရှင်မှ အရာရှိများက ရော့လက်ရှိ အိမ်တစ်လုံးမှ ဖုန်းဆက်အကြောင်းကြားမှုကြောင့် မေလကုန်ပိုင်းက သွားရောက်ခဲ့ရာ မိကျောင်းကြီးအား တွေ့ရှိခဲ့သည်။ မိုက်ကယ်က ငါးမျှားနေရင်း ငါးမျှားကြိုးကို အကောင်ကြီးကြီး တစ်ကောင်က ကိုက်နေမှန်း သိသဖြင့် အတင်းဆွဲခဲ့ကြောင်း၊ ထိုအကောင်ကြီးသည် မိမိထံ ပြေးလာသည်ကို မြင်သည့်အတွက် ၎င်း၏ ကျောပေါ်သို့ ခုန်တက်ကာ ငါးမျှားတံဖြင့် ရိုက်ခဲ့ကြောင်း အရာရှိများကို ပြောပြခဲ့သည်။
၎င်းသည် မိကျောင်းကို တရွတ်ဆွဲပြီး ပြန်လာခဲ့ခြင်းဖြစ်သည်။ မိကျောင်းအား ရိုက်နှက်ခဲ့သည့်အတွက် လက်နှင့် လက်မောင်းတို့တွင် ပွန်းပဲ့ရုံသာ ဖြစ်ခဲ့ကြောင်း သိရသည်။ တာဝန်ရှိသူများက မိုက်ကယ်လက်မှ မိကျောင်းကို လက်လွှဲယူပြီး စိန့်ဂျွန်မြစ်အတွင်း ပြန်လွှတ်ပေးခဲ့ကြောင်း ပြောကြားသွားသည်။",,,,,,
<urn:uuid:5cacbbb2-1cef-4977-b80f-b3d62fc05275>,"၂၀၀၉-၂၀၁၀ ဘဏ္ဍာနှစ်အတွင်း မွန်ပြည်နယ်ဘက်တွင် သြဂဲနစ်စနစ်ဖြင့် ပုစွန်ကျားများမွေးမြူလုပ်ကိုင်လာကြောင်း မြန်မာနိုင်ငံ ပုစွန်လုပ်ငန်းရှင်များအသင်းမှသိရသည်။ ''မွန်ပြည်နယ်ထဲမှာ သြဂဲနစ် စနစ်နဲ့ ပုစွန်မွေးမြူတာကို ပြည့်ဖြိုးကျော်ကုမ္ပဏီကလုပ်ကိုင်လာတာတွေ့ရတယ်။ ပြည်ပဈေးကွက် အတွက်ရည်ရွယ်ပြီးမွေးမြူတာပါ။ သြဂဲနစ် စနစ်နဲ့ မွေးမြူတဲ့ ပုစွန်ကျား ၂ ကန်၊ သိပ္ပံနည်းနဲ့မွေးတာ ပုစွန်ဖြူ ၂ ကန်၊ အဲဒီကန်တွေထဲ မှာ ပုစွန်သားပေါက်ကောင်ရေ ၁၄ သိန်းကျော်ထည့်ပြီး မွေးမြူခဲ့ပါတယ်။ လက်ရှိမှာ ပုစွန် ၇ တန်ကို ဖမ်းဆီးပြီးပါပြီ၊ ကန်ထဲမှာ ၇ တန် ကျော်ကျော် ကန်ဖော်ဖို့ကျန်နေပါသေးတယ်'' ဟု ယင်းအသင်းမှ ပြော ရေးဆိုခွင့်ရှိသူတစ်ဦးကပြောပြသည်။ အဆိုပါကုမ္ပဏီမှာ မွန် ပြည်နယ် သံဖြူဇရပ်မြို့နယ် ပငကျေးရွာတွင် ရေလုပ်ငန်းများကို အခြေ စိုက်လုပ်ကိုင်နေကြောင်းသိရသည်။ခင်မျိုးသွယ်
Background",,,,,,
<urn:uuid:4c08d973-d095-43c3-b2f1-2d8f3060b24f>,"ဗြီဒီယိုထဲမွာ ယံုၾကည္သူေတြက လူသားမ်ား ခရစ္စမတ္၏ စစ္မွန္ေသာ အဓိပၸါယ္ကို သိ႐ွိဖို႔ႏွင့္ ကယ္တင္႐ွင္ခရစ္ေတာ္ကို သိ႐ွိလက္ခံလာဖို႔ ဆႏၵ႐ွိၾကပါတယ္။
ကၽြႏ္ုပ္တို႔၏ ေကာင္းကင္ဘံု႐ွင္အဘဘုရားသခင္သည္ ကၽြႏ္ုပ္တို႔ကို အလြန္ခ်စ္ေတာ္မူေသာေၾကာင့္ သူ၏ တစ္ပါးတည္းေသာသားေတာ္၊ ေယ႐ႈခရစ္ေတာ္အား ကၽြႏ္ုပ္တို႔ကို အျပစ္မွကယ္တင္ဖို႔ရန္အတြက္ ဤေလာကကမာၻသို႔ ေစလႊတ္ခဲ့ပါတယ္။ ခရစ္စမတ္အခ်ိန္အခါသည္ ဘုရားသခင္၏ သူဖန္ဆင္းထားေသာလူသားမ်ားအေပၚ ထား႐ွိသည့္ ႀကီးျမတ္ေသာခ်စ္ေမတၱာေတာ္ႏွင့္ ခြင့္လႊတ္ျခင္းတရားကို ေဖာ္ျပသည့္ ဧ၀ံေဂလိသတင္းေကာင္းကို ေ၀မွ်ရန္ အခြင့္အေရးေကာင္းတစ္ခု ျဖစ္ပါတယ္။",,,,,,
<urn:uuid:fb04b75e-4ea3-4603-b812-dcb8eec5bb1b>,"၂၀၁၉ တြင္ အသက္ (၇၀) ျပည့္ တိ-ကုဆရာ၀န္ (၂၉) ဦး
၂၀၁၉ ခုႏွစ္တြင္ အသက္ (၇၀)ျပည့္မည့္ တိရစၦာန္ေဆးကုဆရာ၀န္မ်ား (၂၉) ဦး
စဥ္ အမည္ ေမြးသကၠရာဇ္ ဘြဲ႕ရခုႏွစ္/လ အသင္း၀င္္ တဆမ မွတ္ခ်က္
၁။ ေဒါက္တာေက်ာ္စန္းျမင့္ ၂၉-၆-၁၉၄၉ ၇/၁၉၇၂ ၁၇၃ ၉၄
၂။ ေဒါက္တာေဌးေအာင္ ၂၃-၁၀-၁၉၄၉ ၇/၁၉၇၂ ၁၇၈ ၉၆
၃။ ေဒါက္တာသက္မွဴး ၂၈-၃-၁၉၄၉ ၇/၁၉၇၂ ၁၈၉ ၁၆၄၆
၄။ ေဒါက္တာသန္းေဌး ၁၈-၃-၁၉၄၉ ၇/၁၉၇၃ ၂၄၁ ၁၂၁
၅။ ေဒါက္တာသန္းသန္းယု ၄-၂-၁၉၄၉ ၇/၁၉၇၃ ၂၄၃ ၁၂၂
၆။ ေဒါက္တာသိန္း၀င္း ၁၂-၃-၁၉၄၉ ၇/၁၉၇၃ ၂၄၄ ၁၂၃
၇။ ေဒါက္တာစက္ရႊင္ ၁၀-၁၀-၁၉၄၉ ၂/၁၉၇၅ ၃၁၉ ၁၇၈
၈။ ေဒါက္တာေအာင္သန္းညြန္႔ ၂၂-၁-၁၉၄၉ ၇/၁၉၇၅ ၃၈၀ ၂၅၀
၉။ ေဒါက္တာေနာ္ေအးပြင့္ ၁၁-၁၁-၁၉၄၉ ၇/၁၉၇၅ ၃၈၆ ၂၂၇
၁၀။ ေဒါက္တာ၀င္းထြဋ္ ၇-၉-၁၉၄၉ ၇/၁၉၇၅ ၄၂၇ ၂၃၇
၁၁။ ေဒါက္တာခင္သက္ညြန္႔ ၂၈-၄-၁၉၄၉ ၇/၁၉၇၅ ၅၈၁ ၃၂၀
၁၂။ ေဒါက္တာၾကည္စိန္ ၁၈-၄-၁၉၄၉ ၂/၁၉၇၉ ၈၈၀ ၄၆၆
၁၃။ ေဒါက္တာကံျမင့္ ၂-၅-၁၉၄၉ ၇/၁၉၇၃ - ၁၆၅၁
၁၄။ ေဒါက္တာေအးသိန္း ၃၀-၃-၁၉၄၉ ၇/၁၉၇၂ ၁၉၂ ၁၀၈
၁၅။ ဒု/ဗိုလ္မွဴးႀကီး ၂၀-၂-၁၉၄၉ ၁၂/၁၉၇၂ - ၁၀၉
ထြန္းထြန္းေအာင္
၁၆။ ေဒါက္တာေက်ာ္၀င္းေမာင္ ၁၁-၄-၁၉၄၉ ၇/၁၉၇၃ ၂၂၇ ၁၁၆
၁၇။ ေဒါက္တာခ်ာလ္ျမစိန္ ၃၀-၁၁-၁၉၄၉ ၇/၁၉၇၃ ၂၂၉ ၁၁၈
၁၈။ ေဒါက္တာတင္၀င္း ၃၀-၁၁-၁၉၄၉ ၁၂/၁၉၇၃ ၂၅၅ ၁၃၀
၁၉။ ေဒါက္တာမိုက္ကယ္ဆိုင္းမြန္း ၁၆-၁၀-၁၉၄၉ ၈/၁၉၇၄ ၂၉၂ ၁၅၂
၂၀။ ေဒါက္တာဦး၀င္း ၂၃-၈-၁၉၄၉ ၈/၁၉၇၄ ၃၀၇ ၁၆၆
(ဘ-ဦးသိန္းဟန္)
၂၁။ ေဒါက္တာေက်ာ္သိန္း ၂၀-၆-၁၉၄၉ ၂/၁၉၇၅ ၃၂၈ ၁၇၂
၂၂။ ေဒါက္တာခင္ေမာင္၀င္း ၈-၃-၁၉၄၉ ၂/၁၉၇၅ ၃၃၈ ၁၇၄
၂၃။ ေဒါက္တာစိုးျမင့္ ၁၂-၁၂-၁၉၄၉ ၂/၁၉၇၅ ၃၃၁ ၁၇၇
၂၄။ ေဒါက္တာေကာင္းညြန္႔ ၂၉-၄-၁၉၄၉ ၇/၁၉၇၅ ၄၁၉ ၁၈၅
၂၅။ ေဒါက္တာခင္ေမာင္ျမင့္ ၃-၁-၁၉၄၉ ၇/၁၉၇၅ - ၁၉၉ (ပယ္ဖ်က္)
၂၆။ ေဒါက္တာစန္းတင့္ ၂၂-၂-၁၉၄၉ ၇/၁၉၇၅ ၄၁၅ ၂၁၂
၂၇။ ေဒါက္တာ၀င္းထြဋ္ ၇-၉-၁၉၄၉ ၇/၁၉၇၅ ၄၂၇ ၂၃၇
၂၈။ ေဒါက္တာေက်ာ္စိန္ဦး ၂၃-၅-၁၉၄၉ ၁၂/၁၉၇၅ ၄၆၄ ၂၅၄
၂၉။ ေဒါက္တာေစာဒါဒရယ္ ၁၄-၁၂-၁၉၄၉ ၇/၁၉၇၃ ၂၃ ၂၀၄၇",,,,,,
<urn:uuid:31439432-a40b-44db-83fb-3468e425f0e5>,"အရ သိရသည်ဒေတာ သုတေသန ဌာန CanalysIPhone 13 ၀ယ္ လိုအား ျမင့္မား ေနတာေၾကာင့္ Apple ဟာ ၂၀၂၁ ခုႏွစ္ စတုတၳ သံုးလ ပတ္ မွာ ေစ်းကြက္ ေ၀ စု ၂၂ ရာခုိင္ႏႈန္း နဲ႔ စမတ္ဖုန္း ေစ်းကြက္ ရဲ႕ ထိပ္ဆံုး ေနရာကို အဂၤါေန႔က ျပန္ေရာက္ လာခဲ့ပါတယ္။
Samsung က ဈေးကွက် ဝေစု ၂၀ ရာခိုင် နှုန်းနဲ့ ဒုတိယ နေရာမှာ ရပ်တည် နေပြီး ၂၀၂၁ Q3 ရဲ့ ထိပ်ဆုံး မှာ ရပ်တည် နေတာ ဖြစ်ပါတယ်။ Xiaomi ကတော့ ရှယ်ယာ ၁၂ ရာခိုင် နှုန်းနဲ့ တတိယ နေရာမှာ ရပ်တည် နေပါတယ်။ OPPO နှင့် Vivo တို့သည် ၉% နှင့် ၈% အသီးသီး ဖြင့် ထိပ်ဆုံး ငါး ခုကို ပြီးစီးခဲ့သည်။
အဲဒီ မတိုင္ ခင္က ကေနCounterpoint သုတေသနဇန္န၀ါရီ ၁၃ ရက္က ထြက္ေပၚ ခဲ့တဲ့ အခ်က္အလက္ ေတြအရ iPhone 13 ဟာ တ႐ုတ္ ႏိုင္ငံမွာ သီတင္းပတ္ ၆ ပတ္ ဆက္တိုက္ ေရာင္းခ် ရ မႈမွာ နံပါတ္ ၁
” iPhone 13 ရဲ႕ ထူးခၽြန္ တဲ့ စြမ္းေဆာင္ရည္ ေၾကာင့္ ေမာင္းႏွင္ လာတဲ့ Apple ဟာ သံုးလ ပတ္ အၾကာမွာ စမတ္ဖုန္း ေစ်းကြက္မွာ ထိပ္ဆံုး ေနရာကို ျပန္ေရာက္ ခဲ့ပါတယ္ ” ဟု Canalys မွ ေလ့လာဆန္းစစ္ သူ Sanyam Chaurasia က ေျပာသည္။ “အက်ပဲ လ် ရဲ့ ထောက်ပံ့ရေး ကွင်းဆက် က ပြန် ကောင်း လာ တယ် ၊ ဒါပေမဲ့ အဓိက အစိတ်အပိုင်း တွေ ရှားပါး မှု ကြောင့် ၊ ၄ လ ပတ် မှာ ထုတ်လုပ်မှု ကို လျှော့ချ ဖို့ ဖိအားပေး ခံနေရ ဆဲ ဖြစ် ပြီး ဝယ်လိုအား ကို ဖြည့် ဆည်း ဖို့ အိုင် ဖုန်း ကို လုံလောက် စွာ မထ ုတ် လုပ်နိုင် ခဲ့ပါ ဘူး ။”
ထောက်ပံ့ရေး ကွင်းဆက် ပြ issues နာ များသည် စျေးကွက် ကြီးထွားမှုကို အဟန့်အတား ဖြစ်စေသည်။ ထို့ကြောင့် ပြီးခဲ့သည့်နှစ် စတုတ္ထ သုံးလပတ်တွင် သုံးလ တစ်ကြိမ် တင်ပို့ မှုသည် ၂၀၂၀ ခုနှစ် အလားတူကာလ ထက် ၁ ရာခိုင်နှုန်းသာ ပိုမိုများပြားသည်။ လေ့လာသုံးသပ် သူများက အစိတ်အပိုင်းများ ရှားပါး မှု သည်ယခုနှစ် ဒုတိယ နှစ်ဝက် အထိ လျော့နည်း လာ လိမ့်မည်ဟု ခန့်မှန်းထားသည်။",,,,,,
<urn:uuid:1c40f0a3-00c1-4334-9886-14ae97833f91>,"အကြားအမြင်ရ Chat ကို ROOM တွင် join: http://PsychicSign.com/?Ps1=FreePsychicChat2 ကျနော်တို့ Completed ကျော် 1,000,000 အွန်လိုင်းအကြားအမြင်ရစာဖတ်ခြင်းကြောင့်အဆိုပါဦးစီးအကြားအမြင်ရ Webcam ဝန်ဆောင်မှုရှိပါသလား။ အခမဲ့အကြားအမြင်ရ Chat ကိုကမ္ဘာ့ [ ... ] နဲ့အတူသင်ကချိတ်ဆက်ပါရန်ရှိနိုင်ဖြစ်ပါသည်
ခရစ်အားဖြင့်စာဖတ်ခြင်း - ဤသည်အကြားအမြင်ရအလယ်အလတ် Skype နဲ့ဖုန်းကိုကျော်ဖတ်လုပျနိုငျကွောငျးကိုအထောက်အထားဖြစ်ပါတယ်။ လင်ဒါရဲ့ချစ်ရသူကျယ်သောအသံနှင့်ရှင်းလင်းသောမှတဆင့်လာအဖြစ်နားထောင်ပါ။
အားဖြင့်ရပ်တန့်နှင့်ဤဗီဒီယိုကိုကြည့်ကျေးဇူးတင်ပါသည်။ အခမဲ့စာဖတ်ခြင်းအဘို့ကိုရှေးခယျြခံရဖို့ချန်နယ်စာရင်းသွင်းပါ။ ချစ်ခင်ရပါသောဧည့်သည်များ, ငါ [ ... ] ကောင်းကင်တမန်များနှင့်ဝိညာဉ်များအနေဖြင့်ဘုရားသခငျ့မက်ဆေ့ခ်ျလက်ခံရရှိ
ဝက်ဘ်ဆိုက် - http://vickieverlie.com မတ်ေတာဖတ်အများကြီး - https://vimeo.com/vickieverlie/vod_pages စာဖတ်ခြင်း - http://vickieverlie.com/index.php/readings/ Divinity Tools များ - http: // vickieverlie ။ com / index.php / ကုန်းပတ် / စာအုပ်များ - http://vickieverlie.com/index.php/books/ Facebook မှာ - https://www.facebook.com/vickieverlie Patreon - https://www.patreon.com/vickieverlie Vicky ၏အခွား youtube က channel များကို: https://www.youtube.com/user/vvCreativeShorts [ ... ]
ချစ်သောဂျော့မိုက်ကယ်၏သွားတာမှာစိတ်မသာညည်းတွားနေသောလူအပေါင်းတို့အားအကြှနျုပျ၏အနက်ရှိုင်းဆုံးစိတ်မကောင်းပါဘူး။ ငါသည်သူ၏သွားတာအပေါ်မှာငါ့အဘိဥာဏ်ထိုးထွင်းသိမြင်မှုကိုဝေမျှအဖြစ်လှည့်လည်စုသိမ်းမည်။ အားလုံးပါစို့ [ ... ]
ငါတပါးနည်းပညာတွေအကြောင်းပြည့်စက်ဝိုင်းလာမယ့်အကြောင်းပြောဆိုဒီဗီဒီယိုကို, အ Agarthans (ခေါ်အတွင်းစိတ်ကိုမွကွေီးသတ္တဝါ) ခုနှစ်တွင်နှင့်မည်သို့သူတို့အပြုသဘောသူတို့၏တက်ကြွအလင်းနဲ့အတူငါ့အသက်ကိုထိခိုက်ကြ [ ... ]
ယနေ့၏ကြောက်မက်ဖွယ်တွေ့ကြုံခံစားခဲ့ကြသူယူနိုက်တက်ကင်းဒမ်း၏လူအကြှနျုပျ၏အများဆုံးစိတ်ရင်းနှလုံးပါစိတ်မကောင်းပါဘူး။ မင်္ဂလာသက်, ဘော့ Hickman အကြားအမြင်ရအလတ်စား www.robert-hickman.com
Candace ရဲ့လိင်နှင့်ချစ်ခြင်းနက္ခတ်ဗေဒင် webinar အဘို့အဘယ်မှာသင် $ 10.00 အစောပိုင်းမှတ်ပုံတင်ရေးအပေါ်အမေရိကန်ဒေါ်လာကယ်တင်! http://www.astrolada.com/readers/candace.html www.AstroLada.com: http://www.astrolada.com/courses/sex-and-love-101-astrology.html Candace အတူစာဖတ်ခြင်းသည်
သင့်ရဲ့အကြားအမြင်ရ, လဗေဒင် tarot အဘိဥာဏ်ဖတ်ဘို့စိတ်ဝိညာဉ်၏အလိုလိုစာဖတ်အဓိပ္ပါယ်ဖွင်မင်္ဂလာပါရှိသမျှတို့, ကမ္ဘာတစ်ဝှမ်းရှိသင့်စာဖတ်ခြင်းမှလှိုက်လှဲစွာကြိုဆိုပါသည်ဒီဗီဒီယို, ကြည့်ရှုလေရာရာ၌ မှစ. ။ [ ... ]
Creepy ထောင့်နှင့် Paranormal နောက်တဖန်ပြုတော်မူပြီ !!! သင့်ရဲ့ကျွမ်းကျင်မှုကိုစမ်းသပ်ရန်နှင့်လေ့ကျင့်ဂရိတ်အသစ်သောအဘိဥာဏ် tools တွေ! ယနေ့တွင်ကျွန်ုပ်တို့ဟုခေါ်တွင်ခရမ်းရောင် GEMS ဖန်တီးလေ့ကျင့်ခန်းတစ်ခုရှိသည်! အားလုံး [ ... ]
Scorpio, ကင်ဆာ, Pisces အခမဲ့အကြားအမြင်ရမတ်ေတာသ Tarot စာဖတ်ခြင်း။ သြဂုတ်လ 31, 2015 ၏တစ်ပတ်အွန်လိုင်းအဘိဥာဏ် Tarot ချစ်ခြင်းမေတ္တာသည်စာဖတ်ခြင်းနှင့်ဆက်ဆံရေးနည်းပြ။ ဒီအခမဲ့ Tarot ချစ်ခြင်းမေတ္တာသည်စာဖတ်ခြင်းအွန်လိုင်း Share: [ ... ]
Capricorn, Taurus, Virgo အခမဲ့အွန်လိုင်းအကြားအမြင်ရစာဖတ်ခြင်းအောက်တိုဘာလ 19, 2015 ၏တစ်ပတ်မေတ္တာနှင့်ပေါင်းသင်းဆက်ဆံရေးအပေါ်အာရုံစူးစိုက်။ ဤသည်အကြားအမြင်ရမေတ္တာကိုစာဖတ်ခြင်းနှင့် Tarotscope အစစ်အမှန်နှင့်တိကျမှန်ကန်အဘိဥာဏ်အကွံဉာဏျ [ ... ] ထောက်ပံ့
အခမဲ့အကြားအမြင်ရအကူအညီနှင့်အွန်လိုင်းသင်တန်းများနှင့်အတူ http://psychics.co.uk/events/school.html ကနေအွန်လိုင်းအကြားအမြင်ရကျူတိုရီရယ်။ Beverley Hills, အမေရိကန်, ဆောက်သမ်တန်ဗြိတိန်သို့မဟုတ်အွန်လိုင်းတစ်အဘိဥာဏ်အလတ်စားဖြစ်လာရန်လေ့လာပါ။ [ ... ] အခမဲ့ဖတ်ရယူပါ
သငျသညျဖုန်းဖြင့်အခမဲ့အဘိဥာဏ်စာဖတ်ချင်ပါသလား? http://eepurl.com/r2sin: မှာကြှနျတေျာ့အခမဲ့သတင်းလွှာ sign up ပြုလုပ်ပါ။ နှင့် [ ... ] ကအခမဲ့အဘိဥာဏ်စာဖတ်ခြင်းအနိုင်ရမယ့်ပုံဆွဲဝင်ခံရ
အခမဲ့စာဖတ်ခြင်းသည်ဒီမှာ►► http://www.free777reading.com ကလစ်နှိပ်ပါ! သာလျှင် $ 10 ✪ဒီနေရာကိုနှိပ်ပါ►► http://www.psychic-coupon.info များအတွက်✪1.99-မိနစ်အကြားအမြင်ရစာဖတ်ခြင်း",,,,,,
<urn:uuid:fe88b178-8422-4e4a-80eb-07531b4d1f1f>,"သမ္မတ ထရမ့်အား ပြစ်တင်စွပ်စွဲမှု သက်သေခေါ်ယူရေး မဲခွဲဆုံးဖြတ်
1.4K
အမေရိကန်သမ္မတ ဒေါ်နယ်ထရမ့်အား ပြစ်တင်စွပ်စွဲမှုမှာ သက်သေခေါ်ယူရေးကို ဇန်နဝါရီလ ၃၁ ရက်က ကန့်ကွက်မဲပေးတာကြောင့် သမ္မတထရမ့်ကို တရားသေလွှတ်ပေးဖို့ လမ်းပွင့်သွားပါတယ်။ ရီပတ်ဘလီကန် ကြီးစိုးတဲ့ အထက်လွှတ်တော်မှာ သက်သေခေါ်ယူရေးကို ၅၁ မဲ- ၄၉ မဲ နဲ့ ကန့်ကွက်မဲပေးခဲ့တာပါ။ အမျိုးသားလုံခြုံရေး အကြံပေးဟောင်း ဂျွန်ဘော်တန်လို သက်သေတွေဆီက ကြားနာဖို့ ဒီမိုကရက်တွေရဲ့ ကြိုးပမ်းချက်ကို အထက်လွှတ်တော်က တားဆီးလိုက်ပါတယ်။ သမ္မတ ထရမ့်ရဲ့ နိုင်ငံရေး ပြိုင်ဘက် ဂျိုးဘိုင်ဒင်ကို စုံစမ်းဖို့ ထရမ့်က ယူကရိန်းကို ဖိအားပေးဖို့ ကြိုးပမ်းတာတွေကို ဂျွန်ဘော်တန်ဟာ ပထမဆုံး သိရှိထားတယ်လို့ ယုံကြည်ရပါတယ်။ အဲဒီလုပ်ရပ်တွေကြောင့်ပဲ ဒီမိုကရက်ကြီးစိုးရာ အောက်လွှတ်တော်က သမ္မတထရမ့်ကို အာဏာအလွဲသုံးစားမှု၊ ကွန်ဂရက်အား တားဆီးပိတ်ပင်မှုတို့နဲ့ စွဲချက်တင်ခဲ့တာ ဖြစ်ပါတယ်။ ဒီအတွက် သမ္မတထရမ့်ဟာ အမေရိကန်သမိုင်းမှာ တတိယမြောက် ပြစ်တင်စွပ်စွဲခံရတဲ့ သမ္မတ ဖြစ်လာပါတယ်။ အခု သက်သေခေါ်ယူရေး မဲခွဲဆုံးဖြတ်မှုမှာ သမ္မတထရမ့်ကို ရာထူးက ဖယ်ရှားဖို့ အထက်လွှတ်တော် မဲအရေအတွက် သုံးပုံနှစ်ပုံ လိုအပ်ပါတယ်။ စုစုပေါင်း အမတ်အရေအတွက် ၁၀၀ ရှိတဲ့ အထက်လွှတ်တော်မှာ ရီပတ်ဘလီကန်အမတ် ၅၃ ယောက်ထဲက ဘယ်သူမှ သမ္မတထရမ့်ကို စွဲချက်တင်ဖို့ မဲမပေးပါဘူး။ ဒါကြောင့် အထက်လွှတ်တော်အနေနဲ့ ပြစ်တင်စွပ်စွဲချက်တွေကနေ သမ္မတ ထရမ့်ကို တရားသေလွှတ်ဖို့ သေချာသလောက် ဖြစ်နေတယ်လို့ ရိုက်တာသတင်းက ဖော်ပြပါတယ်။",,,,,,
<urn:uuid:1e91ce66-3a3d-42b8-b034-0ffbfaa063de>,"ဒီကေန႔စတင္တဲ့ ႏွီးေႏွာဖလွယ္ပြဲကို ၈၈ မ်ိဳးဆက္ေက်ာင္းသားေတြ ျဖစ္ၾကတဲ့ မမီးမီး (ေခၚ) မသင္းသင္းေအး၊ မစမ္းစမ္းေမာ္၊ မႏိုဗယ္ေအးနဲ႔ မယဥ္ယဥ္ဝိုင္း တို႔အပါအဝင္ ျပည္ပမွာေရာက္ရွိေနတဲ့ တိုင္းရင္းသား အမ်ိဳးသမီးေခါင္းေဆာင္ေတြနဲ႔ တိုင္းရင္းသားေဒသက အမ်ိဳးသမီးေတြ ေဆြးေႏြးေနၾကတာပါ။ ျမန္မာနုိင္ငံမွာ ျပည္တြင္းစစ္ျဖစ္ရတဲ့ အေျခခံအေၾကာင္းေတြကိုလည္း ထည့္သြင္းေဆြးေႏြးသြားမယ္လို႔ အမ်ိဳးသမီးမ်ားအဖြဲ႕ခ်ဳပ္ (ျမန္မာႏုိင္ငံ) ရဲ့ သဘာပတိအဖြဲ႕ဝင္လည္းျဖစ္ ဦးေဆာင္စီစဥ္သူတစ္ဦးလည္းျဖစ္တဲ့ မဆူးပြင့္ က RFA ကို ေျပာပါတယ္။
ႏိုဝင္ဘာ ၉ ရက္ေန႔အထိ ျပဳလုပ္သြားမယ့္ ဒီႏွီးေႏွာဖလွယ္ပြဲမွာ ဖယ္ဒရယ္ျပည္ေထာင္စုနဲ႔ ပတ္သက္တဲ့ အျမင္ေတြ ၊ တိုင္းရင္းသား အေရးကိစၥေတြနဲ႔ တိုင္းရင္းသား ျပႆနာေတြ ေျဖရွင္းႏုိင္ေရးအတြက္ အျမင္ဖလွယ္ၾကတာျဖစ္တယ္လို႔ သိရပါတယ္။
အမ်ိဳးသမီးမ်ားအဖြဲ႕ခ်ဳပ္ (ျမန္မာႏုိင္ငံ) ကုိေတာ့ ၁၉၉၉ ခုႏွစ္မွာ ထုိင္း၊ အိႏၵိယနဲ႕ ဘဂၤလားေဒ့ရွ္ ႏုိင္ငံေတြမွာ အေျခစိုက္တဲ့ အမ်ိဳးသမီးအဖြဲ႕အစည္း ၁၂ ဖြဲ႕နဲ႕ ဖြဲ႔စည္းခဲ့တာျဖစ္ပါတယ္။",,,,,,
<urn:uuid:e2d428a9-2e16-4323-982b-2e9d95681636>,"ယေန႔ စက္တင္ဘာလ ၁ ရက္ေန႔တြင္ ထြက္ရွိလာသည့္ (၁၉) ႀကိမ္ေျမာက္ ေအာင္ဘာေလ က်ပ္သိန္းတစ္ေသာင္းခြဲဆုကို ရန္ကုန္တိုင္းေဒသႀကီး၊ မရမ္းကုန္းၿမိဳ႕နယ္ရွိ သရက္ၿမိဳင္ရဲရိပ္သာမွ မယမင္းစံက ဆြတ္ခူးခဲ့ေၾကာင္း သိရသည္။
ေရႊျမန္မာႏွစ္ေစာင္တြဲထီလက္မွတ္ ေပါက္မဲနံပါတ္ ပ-၃ဝ၇၆၆၆ ျဖင့္ က်ပ္သိန္းတစ္ေသာင္းခြဲဆြတ္ခူးခဲ့ျခင္းျဖစ္သည္။
က်ပ္သိန္းတစ္ေသာင္းခြဲကံထူးရွင္ မယမင္းစံက“အဲ့ဒီနံပါတ္ကို ႀကိဳက္လို႔ ေရြးလိုက္တာပါ။ ညီမတို႔႐ုံးက မန္ေနဂ်ာအမဆီကဝယ္တာ။ သူက တစ္ဆင့္ယူလာၿပီး ေရာင္းေပးတာ။ ထီေပါက္တယ္ေျပာတုန္းက ယုံေတာင္မယုံနိုင္ ဘူး။ အရမ္းေပ်ာ္ပါတယ္။ အေဖဆိုရင္ မ်က္ရည္ေတာင္က်ပါတယ္” ဟု ေျပာသည္။
လစဥ္တိုင္း ေနရာႏွစ္ေနရာခြဲၿပီး ထီထိုးေလ့ရွိေသာ္လည္း ယခင္က ထီဆုမေပါက္ဖူးဘဲ ယခုပထမဆုံးအႀကိမ္အျဖစ္ က်ပ္သိန္းတစ္ေသာင္းခြဲဆုကို ဆြတ္ခူးခဲ့ျခင္း ျဖစ္ေၾကာင္း သိရသည္။
က်ပ္သိန္းတစ္ေသာင္းခြဲကံထူးရွင္ မယမင္းခိုင္သည္ အသက္ ၂၅ ႏွစ္အရြယ္ရွိၿပီျဖစ္ၿပီး ကုမၸဏီဝန္ထမ္းတစ္ဦးျဖစ္သည္။ ၎၏ အစ္မေတာ္စပ္သူမွာ ရဲဝန္ထမ္းတစ္ဦးျဖစ္ေသာေၾကာင့္ ရဲရိပ္သာတြင္ မိသားစုႏွင့္ အတူေနထိုင္ လၽွက္ရွိၿပီး ဆုေငြမ်ားျဖင့္ အလႉအတန္းျပဳလုပ္ၿပီး မိသားစုေနထိုင္ရန္ အိမ္တစ္လုံးဝယ္သြားရန္ရည္ရြယ္ထားေၾကာင္းဆိုသည္။
“ညီမကေတာ့ ဘုရားတည္မယ္ရွင့္။ ေစတီတည္မယ္ေပါ့ေနာ္။ ၿပီးရင္ အေမတို႔အတြက္ အိမ္ဝယ္ေပးမွာေပါ့ေနာ္။ အေမတို႔ကိုပဲ အကုန္ေပးမွာဆိုေတာ့။ ၿပီးရင္ေတာ့ အျပင္လုပ္ငန္းတစ္ခုလုပ္မယ္လို႔ စဥ္းစားထားတယ္ရွင့္” ဟု မယမင္းခိုင္က ေျပာသည္။
ယခုလအတြက္ ေအာင္ဘာေလထီထဲတြင္ ဆုေၾကးအျမင့္ဆုံးထဲတြင္တစ္ခုအပါအဝင္ျဖစ္ေသာ က်ပ္သိန္းတစ္ေသာင္းဆု သ- ၈၂၈၇ဝ၉ ကို လားရွိုးၿမိဳ႕ မိုးယံေရႊလမင္းႏွင့္ ျမတ္ဆုကုေဋထီဆိုင္မွ ဝယ္ယူသြားသည့္ ဦးမင္းခိုင္ ကဆြတ္ခူးခဲ့ေၾကာင္းလည္း သိရသည္။
(၁၉ )ႀကိမ္ေျမာက္ေအာင္ဘာေလထီထီဖြင့္ပြဲအတြက္ ထီလက္မွတ္ေရာင္းခ်ရေငြ၏ ၆ဝ ရာခိုင္ႏႈန္းႏွင့္ သတ္မွတ္ကာလအတြင္း လာေရာက္ထုတ္ယူျခင္းမရွိေသာ ဆုမဲမ်ား၏ ဘ႑ာသိမ္းရေငြမွ က်ပ္သန္း ၂၅ဝ ကို ထည့္သြင္း ကာ ထီဆုမ်ားခ်ီးျမႇင့္ခဲ့ျခင္း ျဖစ္သည္။
Crd : Mizzia
#ေအာင္ဘာေလ #က်ပ္သိန္းတစ္ေသာင္းခြဲဆု #မရမ္းကုန္းၿမိဳ႕နယ္ #သရက္ၿမိဳင္ရဲရိပ္သာ
unicode
ယနေ့ စက်တင်ဘာလ ၁ ရက်နေ့တွင် ထွက်ရှိလာသည့် (၁၉) ကြိမ်မြောက် အောင်ဘာလေ ကျပ်သိန်းတစ်သောင်းခွဲဆုကို ရန်ကုန်တိုင်းဒေသကြီး၊ မရမ်းကုန်းမြို့နယ်ရှိ သရက်မြိုင်ရဲရိပ်သာမှ မယမင်းစံက ဆွတ်ခူးခဲ့ကြောင်း သိရသည်။
ရွှေမြန်မာနှစ်စောင်တွဲထီလက်မှတ် ပေါက်မဲနံပါတ် ပ-၃ဝရ၆၆၆ ဖြင့် ကျပ်သိန်းတစ်သောင်းခွဲဆွတ်ခူးခဲ့ခြင်းဖြစ်သည်။
ကျပ်သိန်းတစ်သောင်းခွဲကံထူးရှင် မယမင်းစံက“အဲ့ဒီနံပါတ်ကို ကြိုက်လို့ ရွေးလိုက်တာပါ။ ညီမတို့ရုံးက မန်နေဂျာအမဆီကဝယ်တာ။ သူက တစ်ဆင့်ယူလာပြီး ရောင်းပေးတာ။ ထီပေါက်တယ်ပြောတုန်းက ယုံတောင်မယုံနိုင် ဘူး။ အရမ်းပျော်ပါတယ်။ အဖေဆိုရင် မျက်ရည်တောင်ကျပါတယ်” ဟု ပြောသည်။
လစဉ်တိုင်း နေရာနှစ်နေရာခွဲပြီး ထီထိုးလေ့ရှိသော်လည်း ယခင်က ထီဆုမပေါက်ဖူးဘဲ ယခုပထမဆုံးအကြိမ်အဖြစ် ကျပ်သိန်းတစ်သောင်းခွဲဆုကို ဆွတ်ခူးခဲ့ခြင်း ဖြစ်ကြောင်း သိရသည်။
ကျပ်သိန်းတစ်သောင်းခွဲကံထူးရှင် မယမင်းခိုင်သည် အသက် ၂၅ နှစ်အရွယ်ရှိပြီဖြစ်ပြီး ကုမ္ပဏီဝန်ထမ်းတစ်ဦးဖြစ်သည်။ ၎င်း၏ အစ်မတော်စပ်သူမှာ ရဲဝန်ထမ်းတစ်ဦးဖြစ်သောကြောင့် ရဲရိပ်သာတွင် မိသားစုနှင့် အတူနေထိုင် လျှက်ရှိပြီး ဆုငွေများဖြင့် အလှူအတန်းပြုလုပ်ပြီး မိသားစုနေထိုင်ရန် အိမ်တစ်လုံးဝယ်သွားရန်ရည်ရွယ်ထားကြောင်းဆိုသည်။
“ညီမကတော့ ဘုရားတည်မယ်ရှင့်။ စေတီတည်မယ်ပေါ့နော်။ ပြီးရင် အမေတို့အတွက် အိမ်ဝယ်ပေးမှာပေါ့နော်။ အမေတို့ကိုပဲ အကုန်ပေးမှာဆိုတော့။ ပြီးရင်တော့ အပြင်လုပ်ငန်းတစ်ခုလုပ်မယ်လို့ စဉ်းစားထားတယ်ရှင့်” ဟု မယမင်းခိုင်က ပြောသည်။
ယခုလအတွက် အောင်ဘာလေထီထဲတွင် ဆုကြေးအမြင့်ဆုံးထဲတွင်တစ်ခုအပါအဝင်ဖြစ်သော ကျပ်သိန်းတစ်သောင်းဆု သ- ၈၂၈ရဝ၉ ကို လားရှိုးမြို့ မိုးယံရွှေလမင်းနှင့် မြတ်ဆုကုဋေထီဆိုင်မှ ဝယ်ယူသွားသည့် ဦးမင်းခိုင် ကဆွတ်ခူးခဲ့ကြောင်းလည်း သိရသည်။
(၁၉ )ကြိမ်မြောက်အောင်ဘာလေထီထီဖွင့်ပွဲအတွက် ထီလက်မှတ်ရောင်းချရငွေ၏ ၆ဝ ရာခိုင်နှုန်းနှင့် သတ်မှတ်ကာလအတွင်း လာရောက်ထုတ်ယူခြင်းမရှိသော ဆုမဲများ၏ ဘဏ္ဍာသိမ်းရငွေမှ ကျပ်သန်း ၂၅ဝ ကို ထည့်သွင်း ကာ ထီဆုများချီးမြှင့်ခဲ့ခြင်း ဖြစ်သည်။
Crd : Mizzia
#အောင်ဘာလေ #ကျပ်သိန်းတစ်သောင်းခွဲဆု #မရမ်းကုန်းမြို့နယ် #သရက်မြိုင်ရဲရိပ်သာ",,,,,,
<urn:uuid:ab5f7eac-610c-4e9f-9438-c5e960d24acd>,"ထိုင်းနှင့် မြန်မာ အလုပ်သမားများ ခိုက်ရန်ဖြစ်၊ ၃ ဦး ဒဏ်ရာ ပြင်းထန်
This article has been converted from Zawgyi One to Unicode
ထိုင်းနိုင်ငံ အယုဒ္ဓယ ခရိုင်(Phachi) ဖားချီမြို့နယ်တွင် စီနိုထိုင်း ဆောက်လုပ်ရေး ကုမ္ပဏီမှ ထိုင်း အလုပ်သမားနှင့် မြန်မာအလုပ် သမားများ ယမန်နေ့က ခိုက်ရန်ဖြစ်ပွားခဲ့ရာ မြန်မာ၂ ဦးနှင့် ထိုင်းနိုင်ငံသား ၁ ဦး ဒဏ်ရာ ပြင်းထန်စွာ ရရှိသွားကြောင်း သိရသည်။
ပြီးခဲ့သည့်အပတ် စနေနေ့က အလုပ်သမားများ နေထိုင်သည့် အဆောင်အနီးတွင် မြန်မာ အလုပ်သမားများ ဖုန်းပြောနေစဉ် ထိုင်း နိုင်ငံသားများက လာရောက် ပြောဆိုရာကနေ စတင်၍ ခိုက်ရန် ဖြစ်ပွားခဲ့ခြင်း ဖြစ်ကြောင်း ယင်း ဆောက်လုပ်ရေး ကုမ္ပဏီတွင်လုပ် ကိုင်နေသည့် မြန်မာ အလုပ်သမား ကိုဝင်းမောင် ဆိုသူက ဧရာဝတီသို့ ပြောသည်။
စနေနေ့က ဖြစ်ပွားခဲ့သည့် ကိစ္စနှင့် ပတ်သက်၍ ထိုင်း အဆောင်မှူး တဦးက ဖြေရှင်းပေးခဲ့ရာ ပြေလည်သွားသော်လည်း နောက် တနေ့ ညနေပိုင်းတွင် ထပ်မံ ရန်စလာသည့်အတွက် ပြဿနာ ကြီးထွားသွားကြောင်း ၎င်းက ဆိုသည်။
“အဲဒီ စနေနေ့မှာ ထိုင်းအဆောင်မှူးက ဖြေရှင်းပေးတော့ အေးဆေး ဖြစ်သွားတယ်၊ နောက်နေ့ ညနေမှာ ကျနော်တို့ ထမင်းစားတဲ့ အခန်းထဲကို ထိုင်း ၃ ယောက်က ဝင်လာတယ်၊ မင်းတို့ မြန်မာတွေကို ငါတို့က သေနတ်နဲ့ ပစ်သတ်ပစ်လို့ရတယ် ဆိုပြီးတော့ လာ
ပြောတယ်၊ အဲဒါနဲ့ပဲ ကျနော်တို့ အဖွဲ့တွေက ရုန်းရင်း ဆန်ခတ်တွေ ဖြစ်ကြတယ်၊ ဖြစ်ကြတော့ တယောက်နဲ့ တယောက် စထိုးတာ ပဲ”ဟု ကိုဝင်းမောင်က ရှင်းပြသည်။
ထိုင်း ရဲ နှင့် လုံခြုံရေး တာဝန်ရှိသူများ ပူးပေါင်းထားသော အင်အား ၁၀၀ ခန့်က ခိုက်ရန်ဖြစ်ပွားခဲ့သည့် ထိုင်းနှင့် မြန်မာ အလုပ် သမားများကို သေနတ် မိုးပေါ်သို့ ပစ်ဖောက်၍ လူစုခွဲခဲ့ရသည်ဟုလည်း မြန်မာ အလုပ်သမားများက ပြောသည်။
ခိုက်ရန် ဖြစ်ပွားမှုကြောင့် မြန်မာ အလုပ်သမား ၂ ဦးသည် လက်နှင့် ပေါင်တို့တွင် ဓားဒဏ်ရာများ ရရှိ၍ ယခုအခါ အလုပ်သမားများ နေထိုင်သည့် အဆောင်သို့ ပြန်ရောက်နေပြီး ထိုင်းနိုင်ငံသား ၁ ဦးမှာ ဦးခေါင်းတွင် ဒဏ်ရာပြင်းထန်စွာရရှိ၍ အချက် ၃၀ခန့် ချုပ်ရ ကြောင်း သိရသည်။
ယနေ့တွင်မူ ထိုင်းနှင့် မြန်မာ အလုပ်သမားများ အလုပ်မဆင်းဘဲ အလုပ်သမားများအဆောင်တွင်ပင် နေထိုင်နေကြသည်ဟု ကိုဝင်းမောင် က ပြောပြသည်။
ဖားချီမြို့နယ် အုပ်ချုပ်ရေးမှူး Withit Pinnikorn ကလည်း ထိုင်းနှင့် မြန်မာ အလုပ်သမားများ အချင်းချင်း လတ်တလောတွင် နား လည်မှု ရရှိသွားကြပြီဖြစ်သည်ဟု ပြောကြားကြောင်း ထိုင်းဘာသာဖြင့် ရေးသားထားသည့် krobkruakao အင်တာနက် စာမျက်နှာ တွင် ယနေ့ ဖော်ပြထားသည်။
“မြန်မာ အလုပ်သမားတွေ အတွက် လုံခြုံရေး ယူပေးမယ်၊ ပြဿနာကိုတော့ ထိုင်း၊ မြန်မာ၊ ကုမ္ပဏီ ခေါင်းဆောင်တွေကို ခေါ်ပြီး တော့ ဖြေရှင်းသွားမယ်၊ ဘယ် အဖွဲ့ပဲ ဖြစ်ဖြစ် ကျူးလွန်တဲ့ အဖွဲ့ကိုတော့ ဥပဒေအရ အရေးယူ ဆောင်ရွက်မှုတွေ လုပ်သွားမယ်”ဟု ၎င်းက ဆိုသည်။ သို့သော် မည်သို့ အရေးယူဆောင်ရွက်မည်ကိုမူ သတင်း၌ ဖော်ပြထားခြင်း မရှိပေ။
ယင်း ကုမ္ပဏီတွင် အလုပ်လုပ်နေသူ လူ ၂၀၀၀ ရှိသည့် အနက် မြန်မာနိုင်ငံသား ၆၀၀ ခန့် လုပ်ကိုင်နေပြီး တရားဝင် အလုပ် သမား လက်မှတ် ရှိကြသူများ ဖြစ်ကြောင်း သိရသည်။
ထိုင်းနိုင်ငံ၌ အလုပ်သမား လက်မှတ်ဖြင့် တရားဝင် အလုပ်လုပ်ခွင့် ပေးထားသူ မြန်မာနိုင်ငံသား ၁ သန်း ၃ သိန်းခန့် ရှိကြောင်း ထိုင်း အလုပ်သမား ဝန်ကြီးဌာန က ထုတ်ပြန် ပြောဆိုထားသည်။
မြန်မာ အလုပ်သမားအရေး ဆောင်ရွက်သည့် အဖွဲ့အစည်းများက ထိုင်းတွင် အလုပ်သမား လက်မှတ် ကိုင်ဆောင်ထားသူနှင့် တရားမဝင် အလုပ်လုပ်ကိုင်နေသော မြန်မာနိုင်ငံသား ၂ သန်းခွဲမှ ၄ သန်းအတွင်း ရှိနိုင်သည်ဟု ခန့်မှန်းပြောဆိုကြသည်။",,,,,,
<urn:uuid:4342a6c1-c05b-48b1-86bb-eaf49c8ed7e7>,"Updated: Oct 12, 2019
မြန်မာမော်တော်မှ ဗောက်ဆောကားလေးတွေရဲ့ ကြင်နာတတ်သောပိုင်ရှင်တို့ရေ ..
၂၀၁၉ တစ်နှစ်လုံးစာ အတွက် Maintenance လုပ်ပြီဆိုရင် ..
----------- အင်ဂျင်ပိုင်းမှာဆိုရရင် ----------
-ကားအဆွဲကျနေပြီမို့လား ..
-မီးခိုးလေးတွေ နဲနဲလိုက်မနေဘူးလား ..
-အဲကွန်းဖွင့်လိုက်ရင် RPM မငြိမ်တော့ပြီလား ..
-ဒတ်ရှ်ဘုတ်မှာရော ဂွမီးလေးလင်းနေလား ..
-ဆီစားနှုန်းက သိသာစွာပိုနေပြီလား ..
-တာဘို In- Out မှာ ဆီစလေးတွေရော တွေ့ပြီလား ..
-စက်နိုးစမှာ အိပ်ဇောက မီးခိုးလိုက်ပြီး အခြားချိန်မထွက်ဘူးဖြစ်နေပြီလား ..
-လီဗာက နင်းသလောက်မတက်ပဲ အထနှေးနေပြီလား ..
-အိပ်ဇောပိတ်နေလို့ ညှော်နံလိုလိုရတတ်ပြီလား ..
-အရင်က နံပတ် ၂ နဲ့ ၃ ဂီယာကို ကလပ်အလွှတ်လေးမှာ..
ကျောကပ်အောင်ထွက်ခဲ့တဲ့ အရသာကိုပြန်တမ်းတ နေလောက်ပါပြီလေ..
ဒါဆိုရင် EGR Valve ချိုးကပ်နေပြီ ..
Trottle Body ချိုးကပ်နေပြီ ..
ကျောက်ဇကာပိတ်နေလောက်ပြီ ..
Injector Firing Sequence လွဲနေလောက်ပြီ ..
Injection Rate တွေ စစ်သင့်ပြီ ..
ဒီတော့ ..
သူငယ်တန်းအဆင့် ဆေးမီးတိုနဲ့ရှင်းမလား ..
အလွယ်ကူဆုံးကတော့ EGR Valve နဲ့ DPF ဖြုတ်ဆေးလိုက်ပါ ..
ခနတော့ကောင်းသွားပါလိမ့်မယ် .. ထပ်ဖြစ်ပါလိမ့်မယ် ..
ထပ်ဖြစ်တော့ ထပ်ဆေးမလား ..
ခန ခနပိတ်တိုင်းဆေးတော့ အိပ်ဇောထဲက DPF က မကြွေပဲခံနိုင်မလား ..
EGR Valve ဆိုတာ ခန ခနဖြုတ်ဆေးလို့ မပျက်ပဲခံနိုင်မလား ..
အိပ်ဇောခနခနဖြုတ်တော့ အိပ်ဇောဆင်ဆာကရော ဒီဒဏ်ခံနိုင်မလား ..
Manifold Pressure Sensor ကရော ..
MAF Sensor ကရော ..
Turbo Boost Solenoid Valve ကရော ..
Turbo In-Out Balancing Sequence ကရော ..
ဒါတွေကို ထည့်သွင်းစဉ်းစားရပါမယ် ..
နောက်တနည်းက Professional အဆင့်အနေနဲ့
ဖြစ်ရတဲ့ အကြောင်းရင်း Root Cause ကိုရှာပြီးရှင်းမလား ..
ဘာကြောင့် ခနခနဖြစ်ရသလဲ ..
(၁) Exhaust Sensor က Dual Function ဖြစ်နေတာကအကြောင်းရင်းတစ်ခု ..
(၂) E-G-R Regen cycle မဖြစ်တာကအကြောင်းရင်းတစ်ခု ..
(၃) Exhaust Back Pressure နဲ့ Exhaust Temperature Sensor ..
Coolant Temp-Engine Temp-Exhaust Temp ..
အချိုးဆမျှဖို့က အကြောင်းရင်းတစ်ခု ..
(၄) Firing Sequence အတွက် Pusher / Rocker တွေက အကြောင်းရင်းတစ်ခု ..
ဒီ အကြာင်းအရာ ၄ခု ကို ECU File ထဲမှာ ရှာပြီး ..
စံသတ်မှတ်ထားတဲ့ နှုန်းဖြစ်တဲ့ Parameter Value ကို အလိုက်သင့်ပြောင်းပေးလိုက်ရင် ..
မြန်မာမော်တော်ရဲ့ ဗောက်ဆောတစ်မျိုးတည်းပြင်ဆင်ခဲ့တဲ့ ၅နှစ်တာအတွေ့အကြုံအရတော့ ..
ဘယ်တော့ မှ EGR / DPF မပိတ်တော့ပါ …
အဆွဲရုန်း ဘယ်တော့မှ မထိခိုက်တော့ပါ ...
Speed and Power are at your Toe ...
ဒီတော့ .. နီးစပ်ရာ ပြုပြင်ရေးဆိုင်တွေမှာ မိမိတို့နှစ်သက်သလို နည်းနဲ့ဖြေရှင်းနိုင်ကြဖို့ပါလို့ …
ဒါမှမဟုတ် တော်ရုံကိစ္စဖြစ်လာခဲ့ရင် ဘယ်မှာပဲပြင်ပြင် အကြံတောင်းခံစရာအကြောင်းရှိခဲ့ရင်တော့ …
ကိုရစ်ကီကျော် - 09-78 555 9119
ကိုမင်းနိုင် - 09-79 555 9119
ကိုကျော်ကျော် - 09-77 555 9119
ရင်နဲ့ရင်းတဲ့
မြန်မာမော်တော်
Vauxhall Service Centre
(၅၈လမ်း ၊ မင်္ဂလာ-ရတနာကြား၊ စက်မှု့၊ မန္တလေးရွှေမြို့တော်)",,,,,,
<urn:uuid:d19f0ddb-75ea-4d6c-b316-2d42ac37fa44>,"နေခြည်ဦးဟာ သူချစ်တဲ့ ပရိသတ်တွေနဲ့အတူတူ Covid-19 ကာကွယ်ရေးအတွက် အလှူတွေလုပ်မယ်လို့ ပြောပါတယ်။
Photo: Nay Chi Oo
ပရိသတ်အချစ်တော်မလေး နေခြည်ဦးကတော့ Covid-19 ရောဂါ ကာကွယ်ရေးအတွက် သူမကိုချစ်တဲ့ ပရိသတ်တွေနဲ့အတူ အလှူလုပ်မယ်လို့ သိရပါတယ်။ လက်ရှိမှာတော့ အလှူငွေကျပ် (၅၅) သိန်း မတည်ထားတယ်လို့ သိရပါတယ်။
"" နေခြည့် facebook page beautybynaychi ရဲ့ Ten Day Engagement တစ်ခုထဲနဲ့ #Covid19 မှာလိုအပ်တဲ့နေရာတွေ လှူဖို့ စုစုပေါင်း မတည်ငွေ (၅၅) သိန်း ရှိနေပါပြီ။ ကိုယ်တတ်နိုင်သလောက်လေးကို ကိုယ့် fans တွေနဲ့ လှူရသော စေတနာကြောင့် ဒီကပ်ရောဂါကြီးဘေးက နေခြည်တို့ လူသားတွေအားလုံး အမြန်ဆုံး ကင်းဝေးရှောင်ရှားနိုင်ကြပါစေ။ Thank you so much for all your comments, likes and shares"" ဆိုပြီးတော့ ဧပြီလ ၁၈ ရက်နေ့ ည ၉ နာရီ ကျော်က သူ့ရဲ့ဖေ့စ်ဘွတ်စာမျက်နှာမှာ ရေးသားခဲ့ပါတယ်။
Photo: Beauty
နေခြည်ဦးကတော့ အလှူအတန်းနဲ့ ပတ်သက်လာရင် စိတ်အားထက်သန်တယ်လို့ ဆိုပါတယ်။ သူမရဲ့ အနုပညာကြေးတွေထဲကနေ အလှူလုပ်ဖို့ဆိုပြီးတော့ ပိုက်ဆံသက်သက် စုဖြစ်တယ်လို့ Duwun Media အင်တာဗျူးမှာ ဖြေဆိုခဲ့ပါတယ်။
“ နေခြည့်မှာ နောက်ပြန်ကြည့်ရမယ့် မိသားစု ဆိုတာ မရှိသေးဘူး။ ကလေးလည်း မရှိဘူး၊ နေခြည့် မိသားစုကလည်း သူ့ဘာသာသူ ပြန်ရပ်တည်နိုင်တဲ့ မိသားစု ဖြစ်တယ်၊ မောင်လေး ညီမလေးတွေကိုလည်း မိဘက ထောက်ပံ့နေတာဖြစ်တဲ့အတွက် လစဉ်ဝင်ငွေက ကိုယ်သုံးရင် သုံးသလောက် ကုန်တာပေါ့နော်။ ဒါကြောင့် အလှူလုပ်ဖို့အတွက်ဆိုပြီးတော့ သက်သက်စီ စုတယ်။ ပရဟိတအလှူလေးတွေ တွေ့ရင် ထည့်ဝင်လှူဒါန်းချင်တဲ့ စိတ်တွေလည်း ဖြစ်တော့ ပိုက်ဆံလေးတွေ စုပြီး လှူဖြစ်ပါတယ်” လို့ ဆိုပါတယ်။
Photo: Nay Chi Oo
နေခြည်ဦးရဲ့ အလှူမှာတော့ သူမကို ချစ်ခင်အားပေးကြတဲ့ ပရိသတ်တွေဟာ #beautybynaychi #chichigiveaway #westayhome ဆိုတဲ့ hashtag လေးနဲ့အတူ ""TEN DAY GIVEAWAY"" ဆိုတဲ့ Facebook နဲ့ Instagram Live လေးကို ပရိသတ်တွေရဲ့ ကိုယ်ပိုင်အကောင့်တွေမှာ Sharing လုပ်ပေးရတာ ဖြစ်ပါတယ်။
Ten Day Giveaways မှာ ပြုလုပ်နေတဲ့ Live and Video view တစ်ခုချင်းဆီကို တစ်ကျပ်နှုန်းနဲ့ ဆယ်ရက်အတွင်း အကန့်အသက် မရှိ တွက်ပြီး chillies တွေအားလုံးကိုယ်စား လှူသွားမယ်လို့ ရည်ရွယ်ထားတယ်လို့လည်း နေခြည်ဦးက ပြောပါတယ်။
Photo: Amazing Grace
နေခြည်ဦးဟာ Beauty Blogger ဘဝနဲ့ အနုပညာလမ်းကြောင်းပေါ်ကို ရောက်ရှိလာတဲ့ သူတစ်ဦးပါ။ သူမကို ချစ်တဲ့ ပရိသတ်တွေ များစွာ ပိုင်ဆိုင်ထားနိုင်တဲ့ အသက်(၂၈)နှစ်အရွယ် ကောင်မလေးတစ်ယောက်လည်း ဖြစ်ပါတယ်။ သူမက အချိန်တိုလေးအတွင်းမှာ Beauty Blogger ဘဝကနေ သရုပ်ဆောင်လောကထဲသို့ ရောက်ရှိလာသူ တစ်ဦးလည်း ဖြစ်ပါတယ်။ နာမည်ကြီး မင်းသားများနဲ့အတူ ရုပ်ရှင်ဇာတ်ကားကြီးများ၊ ဇာတ်လမ်းတွဲများကို ဆက်တိုက် ဆိုသလို ရိုက်ကူးခဲ့ရပါတယ်။ သူမပါဝင်ထားတဲ့ “ဧည့်သည်” ရုပ်ရှင်ဇာတ်ကားကြီးဟာဆိုရင် ၂၀၁၈ ခုနှစ်အတွက် ပေးအပ်မယ့် မြန်မာ့ရုပ်ရှင်ထူးချွန်ဆုရဲ့ ဆန်ခါတင်စာရင်းမှာ ပါဝင်နေတာလည်း ဖြစ်ပါတယ်။
Share",,,,,,
<urn:uuid:b789c4c2-754b-441a-b603-72f3f8990ed6>,"NLD အမတ်အားလုံး ပြည်ထောင်စုလွှတ်တော်အစည်းအဝေး မပျက်မကွက်တက်ရန် ညွှန်ကြား
NLD အမတ်အားလုံး ပြည်ထောင်စုလွှတ်တော်အစည်းအဝေး မပျက်မကွက်တက်ရန် ညွှန်ကြား
ရန်ကုန်၊ ဇူလိုင် ၁၂
နေပြည်တော်တွင် ဇူလိုင်လ ၁၅ရက်နေ့တွင် ပြန်လည်ကျင်းပမည့် ပြည်ထောင်စုလွှတ်တော်အစည်းအဝေးသို့ NLD လွှတ်တော်ကိုယ်စားလှယ်များအားလုံး မပျက်မကွက်တက်ရန် ညွှန်ကြားထားကြောင်း သိရှိရသည်။
လာမည့် ဇူလိုင်လ ၁၇ ရက်နေ့ ပြည်ထောင်စုလွှတ်တော်အစည်းအဝေးတွင် ၂၀၀၈ ဖွဲ့စည်းပုံ အခြေခံဥပဒေပြင်ဆင်ရေး အစီရင်ခံစာကို တင်သွင်းမည်ဖြစ်ပြီး မဲခွဲဆုံးဖြတ်မှုများလည်း ပါဝင်ဖွယ်ရှိနေေ ကြောင်း စုံစမ်းသိရှိရသည်။
ကရင်ပြည်နယ်၊ မြဝတီမြို့နယ် ပြည်သူ့လွှတ်တော်ကိုယ်စားလှယ် ဦးစိန်ဗိုလ်က “ဘတ်ဂျတ်ကိစ္စတွေ ဆွေးနွေးမှာလည်း ပါတာပေါ့။ နောက်တစ်ခါ ၄၅ဦးကော်မတီ အစည်းအဝေးမှာတင်ပြတာလည်း အချိန်ကတော့ တိုက်နေတယ်။ အဲဒါလည်း ပါတာပေါ့”ဟု ပြောသည်။
NLD လွှတ်တော်အမတ်အများစုကလည်း လွှတ်တော်မပျက်မကွက် တက်ရောက်ရန် ညွှန်ကြားချက် ရှိနေသည်မှာ မှန်ကန်ကြောင်း ရန်ကုန်ခေတ်သစ်သတင်းဌာနသို့ အတည်ပြု ပြောဆိုကြသည်။
ပြည်ထောင်စုလွှတ်တော် ၂ဝဝ၈ ဖွဲ့စည်းပုံပြင်ဆင်ရေး ပူးပေါင်းကော်မတီက ဖွဲ့စည်းပုံပြင်ဆင်ရေးအတွက် လေ့လာမှုများ၊ အစီရင်ခံစာ ရေးသားမှုများ ဆောင်ရွက်ခဲ့ရာ ယင်းလုပ်ငန်းစဉ်များအားလုံး ပြီးစီးနေပြီဖြစ်ကြောင်း တရားဝင်ကြေညာထားသည်။
၂ဝဝ၈ ဖွဲ့စည်းပုံအခြေခံ အခန်း၁ မှ ၁၅ ထိ၊ နောက်ဆက်ဇယား ၁ မှ ဇယား ၅အထိ ပါတီအစုအဖွဲ့ အသီးသီးကတင်ပြထားသော ပုံစံ ၄ မျိုးဖြစ်နေသည့်အတွက် ပယ်ဖျက်ခြင်း၊ ပြင်ဆင်ခြင်း၊ ဖြည့်စွက်ခြင်း၊ မူလအတိုင်းထားရှိခြင်းတို့ဖြင့် လွှတ်တော်တွင်တင်ပြသွားမည်ဟု ကော်မတီက ပြောဆိုထားသည်။
ဇူလိုင်လ ၁၇ ရက်နေ့တွင် တစ်နိုင်ငံအတိုင်းအတာဖြင့် အခြေခံဥပဒေ ပြင်ဆင်ရေး ထောက်ခံ လှုပ်ရှားသည့် လူထု ဆန္ဒထုတ်ဖော်ပွဲများလည်း ကျင်းပရန် ရှိနေပြီး ရန်ကုန်မြို့၊ မြို့တော်ခန်းမရှေ့ တွင်လည်း ဇူလိုင်လ ၁၇ ရက်နေ့ အခြေခံဥပဒေ ပြင်ဆင်ရေး ထောက်ခံပွဲ ကျင်းပမည်ဖြစ်ကြောင်း သိရှိရသည်။",,,,,,
<urn:uuid:486efa91-098d-403b-97b9-61b293c4d3f1>,"ဇွဲကပင်တောင်ပေါ်တွင် သေဆုံးနေသည့် အမျိုးသား (၁) ဦး နှင့် အမျိုးသမီး (၁) ဦးတို့အား ပုတ်ပွလျှက်တွေ့ရှိ…
ဇွဲကပင်၊ ဇူလိုင်လ (၂၅) ရက်
ကရင်ပြည်နယ် ဘားအံမြို့ ဇွဲကပင်တောင်ပေါ်ရှိအဆောင်တစ်ခုထဲတွင် လွန်ခဲ့တဲ့ (၄) ရက်ခန့်ကတည်းက သေးဆုံနေသည့် အမျိုးသား (၁) ဦး နှင့် အမျိုးသမီး (၁) ဦးတို့၏ ရုပ်အလောင်းများအားတွေ့ရှိရပြီး လူမှုကူညီရေးအသင်းအဖွဲ့တွေ တောင်ပေါ်သို့တက်ရောက်နေပြီဖြစ်ကြောင်း ကနဦးသတင်းအရသိရှိရသည် ။
ဒေသခံများ၏ပြောပြချက်အရ ရုပ်အလောင်းတွေဟာ ပုတ်ပွနေပြီး လွန်ခဲ့တဲ့ ၄ ရက်ခန့်က တောင်ပေါ်မှာ မိုးကြိုးများပစ်သံကြားရပြီး မိုးကြိုးစက်ကွင်းမိကာ မိုးကြိုးထိမှန်ကာသေဆုံးနိုင်သလို ဓါတ်လိုက်မှုလည်းဖြစ်နိုင်တယ်လို့ သုံးသပ်ပြောဆိုခဲ့သည် ။
အဲ့ဒီလင်မယားနှစ်ဦးဟာ ကေဘယ်လ်လုပ်ငန်းခွင်က အစောင့်လုပ်သားဖြစ်တယ်လို့ ဇွဲကပင်တောင်ပေါ်က ဦးဇင်းတစ်ပါးက ပြောပြပါတယ်။ လွန်ခဲ့သော ၄ ရက်ခန့်ညက တောင်ပေါ်တွင် မိုးကြိုးများပစ်ခြင်း လျှပ်စီးများလက်ခြင်းတို့ ဖြစ်ပွားသည်ဟု တောင်ပေါ်ရှိနေထိုင်သူတချို့ထံမှသိရှိရပါတယ်။
ဒီနေ့ဟာ ဇွဲကပင်တောင်ပေါ်တွင် ပြီးခဲ့တဲ့လ ဇွန်လ ၂၅ ရက်နေ့ကလည်း တက္ကသိုလ်ကျောင်းသူတစ်ဦး ပြုတ်ကျသေဆုံးမှုဖြစ်စဉ် တစ်လပြည့်တဲ့နေဖြစ်ပါတယ် ။
======================
ဇွဲကပင်တောင်ပေါ်တွင် သေဆုံးနေသည့် အမျိုးသား (၁) ဦး နှင့် အမျိုးသမီး (၁) ဦးတို့အား ပုတ်ပွလျှက်တွေ့ရှိ…
ဇွဲကပင်၊ ဇူလိုင်လ (၂၅) ရက်
ကရင်ပြည်နယ် ဘားအံမြို့ ဇွဲကပင်တောင်ပေါ်ရှိအဆောင်တစ်ခုထဲတွင် လွန်ခဲ့တဲ့ (၄) ရက်ခန့်ကတည်းက သေးဆုံနေသည့် အမျိုးသား (၁) ဦး နှင့် အမျိုးသမီး (၁) ဦးတို့၏ ရုပ်အလောင်းများအားတွေ့ရှိရပြီး လူမှုကူညီရေးအသင်းအဖွဲ့တွေ တောင်ပေါ်သို့တက်ရောက်နေပြီဖြစ်ကြောင်း ကနဦးသတင်းအရသိရှိရသည် ။
ဒေသခံများ၏ပြောပြချက်အရ ရုပ်အလောင်းတွေဟာ ပုတ်ပွနေပြီး လွန်ခဲ့တဲ့ ၄ ရက်ခန့်က တောင်ပေါ်မှာ မိုးကြိုးများပစ်သံကြားရပြီး မိုးကြိုးစက်ကွင်းမိကာ မိုးကြိုးထိမှန်ကာသေဆုံးနိုင်သလို ဓါတ်လိုက်မှုလည်းဖြစ်နိုင်တယ်လို့ သုံးသပ်ပြောဆိုခဲ့သည် ။
အဲ့ဒီလင်မယားနှစ်ဦးဟာ ကေဘယ်လ်လုပ်ငန်းခွင်က အစောင့်လုပ်သားဖြစ်တယ်လို့ ဇွဲကပင်တောင်ပေါ်က ဦးဇင်းတစ်ပါးက ပြောပြပါတယ်။ လွန်ခဲ့သော ၄ ရက်ခန့်ညက တောင်ပေါ်တွင် မိုးကြိုးများပစ်ခြင်း လျှပ်စီးများလက်ခြင်းတို့ ဖြစ်ပွားသည်ဟု တောင်ပေါ်ရှိနေထိုင်သူတချို့ထံမှသိရှိရပါတယ်။
ဒီနေ့ဟာ ဇွဲကပင်တောင်ပေါ်တွင် ပြီးခဲ့တဲ့လ ဇွန်လ ၂၅ ရက်နေ့ကလည်း တက္ကသိုလ်ကျောင်းသူတစ်ဦး ပြုတ်ကျသေဆုံးမှုဖြစ်စဉ် တစ်လပြည့်တဲ့နေဖြစ်ပါတယ် ။",,,,,,
<urn:uuid:8673761f-0016-474e-9fcf-bacbedd9f5b2>,"ယူကရိန်းမှာ စစ်ရာဇဝတ်မှုတွေ ကျူးလွန်နေ
ယူကရိန်း အရှေ့ ဘက်ပိုင်းမှာ အစိုးရနဲ့ သူပုန် နှစ်ဘက် စလုံးဟာ စစ် ရာဇဝတ်မှုတွေ ကျူးလွန် နေကြတယ်လို့ လူ့အခွင့်ရေး အဖွဲ့ ဖြစ်တဲ့ နိုင်ငံ တကာ လွတ်ငြိမ်း သာသာခွင့် Amnesty International အဖွဲ့ ကနေ အစီရင်ခံစာ တခု ထုတ်ပြန် စွပ်စွဲထား ပါတယ်။
သောကြာနေ့က အပစ် အခတ် ရပ်စဲရေး မတိုင်ခင် ကတည်းက၊ ဒီအချက် အလက်တွေ စုစောင်းပြီးမှ ဒီအစီရင်ခံစာကို ထုတ်ပြန်ခဲ့တာ ဖြစ်ပါတယ်။
ယူကရိန်း အစိုးရ တပ်ဖွဲ့တွေ ဟာ လူနေ ထိုင်ရာ နေရာ ဆိုတာကို ခွဲခြားခြင်း မရှိဘဲ ဗုံးကြဲ တာတွေ လုပ်ခဲ့ သလို၊ ရုရှား လိုလားတဲ့ သူပုန်တွေ ကလည်း ပြန်ပေး ဆွဲတာတွေ နှိပ်စက် ညှင်းပန်း သတ်ဖြတ် တာတွေ လုပ်ခဲ့တယ် ဆိုပြီး ဖေါ်ပြထား ပါတယ်။
ရုရှားတို့ ဟာလည်း တိုက်ရိုက် ဝင်စွက်တာရော ခွဲထွက်ရေး သမားတွေကို ထောက်ပံ့ တာရော နှစ်ခု စလုံးကို လုပ်နေပြီး ပဋိပက္ခကို မီးထိုး ပေးနေတယ်လို့ Amnesty ရဲ့ အစီရင်ခံစာက ဆိုပါတယ်။
သောကြာနေ့က အပစ်ရပ်စဲရေး သဘော တူခဲ့ ပေမယ့်လည်း ဒေါ်ညက်စ် လေဆိပ်ကို ထိန်းချုပ် နိုင်ရေး အတွက် ယူကရိန်း တပ်ဖွဲ့ တွေနဲ့ ရုရှား လိုလားတဲ့ သူပုန်တွေ တဘက်ကို တဘက် မော်တာတွေနဲ့ ပစ်ခတ်ခဲ့ကြ ပါတယ်။
ဒေါ်ညက်စ်မှာ ရှိတဲ့ ဥရောပ လေ့လာ သူတွေက ပြောတာ ကတော့ အမြောက်နဲ့ ပစ်ခတ် မှုဟာ အပစ် အခတ် ရပ်စဲ ထားတာကို ချိုးဖေါက်ရာ ရောက်တယ် လို့ ဆိုပါတယ်။
နောက်ပြီး သဘောတူထားချက် ပျက်ပြယ် သွားစေမယ့် ဘာအကြောင်း အချက်မှ မတွေ့ရ ဘူးလို့လည်း ထပ်လောင်း ပြောကြားခဲ့ ပါတယ်။",,,,,,
<urn:uuid:1321db3f-0c93-4e8a-a2fe-afa865ea79a3>,"ရက်ချိန်းဆိုင်ရာ အချက်အလက်
1
လူနာအချက်အလက်
2
ထပ်ဆောင်းလိုအပ်သောဝန်ဆောင်မှုများ
3
အထူး
ဘမ်ရွန်ဂရက်တွင် လူနာအထောက်အကူပြုအစီအစဉ်တစ်ခုရှိပြီး ထိုအစီအစဉ်သည် နိုင်ငံတကာမှလာသောလူနာနှင့်မိသားစုများအား မိမိနှစ်သက်ရာဘာသာစကားဖြင့် မေးခွန်းများ၊ တောင်းဆိုမှုများ၊ သိလိုသည်များနှင့် အကြံပြုချက်များပေးနိုင်ရန် ကူညီပေးပါသည်။ ဘာသာစကားဝန္ေဆာင္မႈ
ဆေးဘက်ဆိုင်ရာအကြောင်းအရာများအတွက် သင့်နိုင်ငံမှဆရာဝန်နှင့် ကျွန်ုပ်တို့၏ဆရာဝန်များအကြား ဆက်သွယ်ညှိနှိုင်းအကြံပေးနိုင်ရန် အပြည်ပြည်ဆိုင်ရာ ဆေးဘက်ညှိနှိုင်းရေးအတိုင်ပင်ခံဆရာဝန်များအဖွဲ့ ကျွန်ုပ်တို့တွင် ရှိပါသည်။ ေဆးဘက္ဆိုင္ရာ ညိွႏိႈင္းအႀကံေပးေရးဌာန
ကျွန်ုပ်အတွက် အထူးကုတစ်ယောက်ညွှန်းပေးပါ။
အခြေအနေသို့မဟုတ်ကုသမှု
သင်ပြသလိုသောအခြေအနေ (သို့) တောင်းဆိုချက်
ဖိုင်တွဲမည်။
အစောဆုံးရနိုင်သည့်ရက်ချိန်း
အမည်
ပထမဦးစားပေး ဖုန်းနံပါတ်
အီးမေးလ်လိပ်စာ
မွေးသက္ကရာဇ်
Name of doctor
Contact number /email address
Message
စကားပြန်လိုပါသလား။",,,,,,
<urn:uuid:84b88c15-49b8-40af-bdfc-005a47f010d4>,"ရွှေဘို-မတ်၊ ၂၈၊ ၂၀၂၁
KTG(VOM)
စစ်ကိုင်းတိုင်း ရွှေဘိုမြို့မှာ မတ် ၂၇ နေ့ခင်းပိုင်းက လုံခြုံရေးတပ်ဖွဲ့ကနေ သေနတ်နဲ့ ပစ်ခတ်လို့ စက်ဘီးစီးနေတဲ့ အသက် ၁၃ နှစ်အရွယ် ကလေးသူငယ် ၁ ယောက်အပါအဝင် လူ ၃ ဦး ကျည်ဆံထိမှန် သေဆုံးခဲ့တယ်လို့ သိရပါတယ်။
အဲ့ဒီ ပစ်ခတ်မှုဖြစ်စဥ်မှာ ရွှေဘိုမြို့ အမှတ် ၇ ရပ်ကွက်နေ ကိုကောင်းကောင်း အသက် ၁၉ နှစ် ၊ ညောင်ပင်သာကျေးရွာနေ ကျန်းမာရေးဝန်ထမ်း (ရွှေဘိုမြို့နယ်က ပြိည်သူ့ကျန်းမာရေး ဦးစီးဌာန)ကိုဇင်ထွန်း အသက် ၂၁ နှစ်နဲ့ အမှတ် ၉ ရပ်ကွက်က နေအိမ်မှာနေတဲ့ အသက် ၁၃ နှစ်အရွယ် ကလေးသူငယ် ၁ ဦး တို့ဟာ ဝမ်းဗိုက်ကျည်ဆံ ထိမှန်ဒဏ်ရာနဲ့သေဆုံးသွားခဲ့ပါတယ်။
ခု ၁၃ နှစ်ကလေးရဲ့ နာရေးအိမ်နားမှာ စစ်သားတွေလုံခြုံရေးယူထားလို့ မိသားစုက စိုးရိမ်နေတယ်လို့ မိသားစုကပြောပါတယ်။
မတ် ၂၇ နေ့မှာ စစ်ကိုင်းတိုင်းထဲက မုံရွာ ၂ ယောက် ၊ရွှေဘို ၃ ယောက် ၊ စစ်ကိုင်း ၂ ယောက်၊ ယင်းမာပင် ၁ ယောက် နဲ့ မုံရွာ ၂ ယောက် အားလုံး လူ ၁၀ ယောက် သေနတ်ထိမှန် သေဆုံးခဲ့ပါတယ်။
#voiceofmyanmar #VOM # ရွှေဘို",,,,,,
<urn:uuid:b0988eb1-98d5-4d37-86e7-dd55e94324e3>,"အၾကမ္းဖက္ ပဋိပကၡေတြျဖစ္ခဲ့တဲ့ ရခိုင္ျပည္နယ္တြင္းက ပကတိ အေျခအေနေတြ ကို ေလ့လာသတင္းယူႏိုင္ဖို႔ အတြက္ဆိုၿပီး ျပည္ပ သတင္းမီဒီယာအဖဲြ႔ဟာ အစိုးရဖိတ္ေခၚခ်က္နဲ႔ အခု ရခုိင္ျပည္နယ္ စစ္ေတြၿမိဳ႕ကို ေရာက္ရိွေန ပါၿပီ။ မနက္ျဖန္ကစၿပီး ပဋိပကၡေတြနဲ႔ အၾကမ္းဖက္တိုက္ခိုက္မႈေတြျဖစ္ခဲ့တဲ့ ဘူးသီးေတာင္နဲ႔ ေမာင္းေတာေဒသေတြကို သြားေရာက္ၾကမွာျဖစ္ၿပီး ေဒသတာ၀န္ရိွသူေတြ ေဒသခံေတြ ဒုကၡသည္ေတြနဲ႔ ေတြ႕ဆံုဖို႔ရိွပါတယ္။ အစိုးရတာ၀န္ရိွသူေတြဖက္ကေတာ့သတင္းမီဒီယာေတြအေနနဲ႔ လြတ္လြတ္လပ္လပ္နဲ႔ သတင္းယူႏိုင္မယ္လို႔ ေျပာထားပါတယ္။ ခရီးစဥ္ေတြနဲ႔ပတ္သက္လို႔ အခု စစ္ေတြၿမိဳ႕ေရာက္ဒီအဖဲြ႔မွာ ပါသြားတဲ့ ဗီြအိုေအ အဖဲြ႔သား ေဒၚခင္မ်ိဳးသက္ကို မခင္ျဖဴေထြးကဆက္သြယ္ေမးျမန္းထားပါတယ္။
မခင္ျဖဴေထြး။ ။ ဟုတ္ကဲ့ ရခိုင္ျပည္နယ္ကအေျခအေနနဲ႔ ပတ္သက္ၿပီးေတာ့ ႏိုင္ငံျခားသတင္းဌာနေတြကို လာေရာက္သတင္းယူခြင့္ေပးတာေပါ့ေနာ္၊ ဆိုေတာ့ သတင္းသမားေတြအတြက္ ဘယ္လိုအစီအစဥ္ေဆာင္ရြက္ေပးထားသလဲရွင့္ အစိုးရဘက္ကေနၿပီးေတာ့
ေဒၚခင္မ်ိဳးသက္။ ။အခု ရခုိင္ျပည္နယ္ထဲမွာ သတင္းယူဖို႔ ပထမဦးဆံုးသူတို႔ ျပည္တြင္းသတင္းဌာနကို ခြင့္ျပဳခဲ့တာ ၂ ႀကိမ္ရွိပါၿပီ၊ အခုတခါေတာ့ လံုၿခံဳေရးစိတ္ခ်ရတယ္ဆိုၿပီးေတာ့ နယ္ျခားေစာင့္တပ္ေတြက တာ၀န္ယူေပးႏိုင္တယ္လို႔ ေျပာတဲ့အတြက္ ဒီႏိုင္ငံျခားသတင္းေထာက္ေတြကို သူတို႔လႊတ္တယ္လို႔ေျပာပါတယ္။ ဆိုေတာ့ ဒီအစီအစဥ္မွာေတာ့ ႏိုင္ငံျခားသတင္းေထာက္ေတြမ်ားပါတယ္။ သူတို႔က အစီအစဥ္ေတြကိုေတာ့ ႀကိဳၿပီးေတာ့စီစဥ္ေပးထားတာရွိတယ္။ ပထမရက္မွာ ဘယ္မွာသတင္းယူမယ္၊ စစ္ေတြကေနၿပီးေတာ့ ဘူးသီးေတာင္ဘက္သြားမယ္။ ေနာက္တင္းေမေက်းရြာဘက္သြားမယ္ ေနာက္ေသာၾကာေန႔က်ရင္ ေမာင္ေတာသြားမယ္။ ၿပီးရင္ စေနမွာ စစ္ေတြ ျပန္သြားမယ္။ ဒါမ်ိဳးေတြေပါ့ ၿပီးရင္ စစ္ေတြက ကယ္ဆယ္ေရးစခန္းေတြမွာသတင္းယူမယ္ ဒါမ်ိဳးေတြေပါ့ေနာ္ အၾကမ္းဖ်င္းေတာ့ေျပာတယ္။ ဒါေပမယ့္ အခုနီးတဲ့ ဒီေရာက္တဲ့အခါမွာေတာ့ မိုးတြင္းကာလျဖစ္တဲ့အတြက္ေၾကာင့္ နယ္ေျမအေနအထားေပၚမူတည္ၿပီးေတာ့ သက္ဆိုင္ရာေနာက္ လံုၿခံဳေရးအေနအထားေပါ့ေနာ္ ခရီးစဥ္ေတြက အေျပာင္းအလဲရွိပါတယ္။ ရွိေတာ့ ပထမဦးဆံုးစီစဥ္ထားတဲ့အတိုင္းေပါ့ေနာ္ ၾကာသပေတးေန႔မွာ စစ္ေတြကေန ဘူးသီးေတာင္သြားဖို႔က၊ ဘူးသီးေတာင္ထဲမွာရွိတဲ့ တင္းေမေက်းရြာတို႔ ဘာတို႔ကိုသြားဖို႔စီစဥ္ထားတာဒါေပမယ့္ လမ္းပန္းအေျခအေနေၾကာင့္ ပထမဦးဆံုး စစ္ေတြကေန ဘူးသီးေတာင္ကိုသြားမယ္၊ ေနာက္ ဘူးသီးေတာင္ကေနမွ ေနာက္တင္းေမသြားဖို႔ကို ၂ ရက္ၾကာသြားတာေပါ့ေလ အဲလိုမ်ိဳးအေျခအေနေတာ့ရွိပါတယ္။
မခင္ျဖဴေထြး။ ။အဲဒီေတာ့ သတင္းယူမယ့္အပိုင္းမွာေတာ့ ဘယ္ေလာက္အထိ လြတ္လြတ္လပ္လပ္ သတင္းယူခြင့္ကိုေပးထားပါသလဲ။
ေဒၚခင္မ်ိဳးသက္။ ။အခုအထိေတာ့ သတင္းမယူရေသးေတာ့ မသိဘူးေပါ့ေနာ္၊ ဒါေပမယ့္ သတင္းယူရမယ့္ေနရာကို သူတို႔အကန္႔အသတ္မလုပ္ထားပါဘူးလုိ႔ ေျပာပါတယ္။ ကို္ယ့္စိတ္ႀကိဳက္ယူႏိုင္ပါတယ္တဲ့ ဒါေပမယ့္လို႔ တခုသတိေပးပါတယ္၊ သတင္းယူတဲ့အေနရာမွာ အုပ္စုလိုက္ေနဖို႔ ၊အုပ္စုလိုက္သတင္းယူဖို႔ သူတို႔ လံုၿခံဳေရးေပးရတဲ့အခါမွာ အခက္အခဲမျဖစ္ေအာင္လို႔ေပါ့ေနာ္။ အဲလို အုပ္စုလိုက္ေနဖို႔အတြက္ေျပာပါတယ္၊ လြတ္လြတ္လပ္လပ္ ယူပါလို႔ ေျပာပါတယ္။
မခင္ျဖဴေထြး။ ။ဟုတ္ကဲ့ လံုၿခံဳေရးနဲ႔ ပတ္သက္လို႔ ဘာေတြ စီစဥ္ထားသလဲရွင့္
ေဒၚခင္မ်ိဳးသက္။ ။လံုၿခံဳေရးက နယ္ျခားေစာင့္တပ္ဖြဲ႔ တာ၀န္ယူတယ္လို႔ ေျပာပါတယ္။ လုံၿခံဳေရးအရ သီးသန္႔ ၁ ေယာက္ထဲ ခြဲမထြက္သြားပါနဲ႔ သူတို႔ တာ၀န္ယူထားတဲ့ အုပ္စုထဲမွာပဲ ေနပါ။
မခင္ျဖဴေထြး။ ။အခုဒီခရီးစဥ္မွာ အစိုးရပိုင္းက တာ၀န္ရွိသူေတြနဲ႔ ေတြ႔ဖို႔ ရွိပါသလားရွင့္၊ ဘယ္သူေတြနဲ႔ ေတြ႔ဖို႔ စီစဥ္ေပးထားတာေတြ ရွိပါသလဲရွင့္။
ေဒၚခင္မ်ိဳးသက္။ ။သူတို႔ေတြ စီစဥ္ေပးထားတာက ပထမဦးဆံုးေပါ့ေနာ္ ဘူးသီးေတာင္ မွာ သူတို႔ အၾကမ္းဖက္မႈျဖစ္တယ္လို႔ေျပာတဲ့ ေနရာေတြကို ျပခ်င္တယ္။ ေနာက္တခုကေတာ့ ေမာင္ေတာဘက္ ေရာက္တဲ့အခါမွာ အုပ္ခ်ဳပ္ေရးတာ၀န္ရွိသူေတြနဲ႔ ေပးေတြ႔ခ်င္တယ္။ ေနာက္ၿပီးေတာ့ စစ္ေတြဘက္မွာဆိုရင္ ကယ္ဆယ္ေရးစခန္းေတြနဲ႔အတူ ရခိုင္ျပည္နယ္ အစိုးရတာ၀န္ရွိသူေတြနဲ႔ ေတြ႔ၿပီးေတာ့ သတင္းေမးခြင့္ေတြေပးမွာကိုေတာ့ ေျပာထားတယ္။
မခင္ျဖဴေထြး။ ။ဟုတ္ကဲ့ ေဒၚခင္မ်ိဳးသက္ ေက်းဇူးတင္ပါတယ္ရွင့္။
ျပည္ပ သတင္းမီဒီယာအဖဲြ႔ရဲ႕ ရခုိင္ျပည္နယ္ ခရီးစဥ္ေတြနဲ႔ပတ္သက္လို႔ အခု စစ္ေတြၿမိဳ႕ေရာက္ဒီအဖဲြ႔မွာ ပါသြားတဲ့ ဗီြအိုေအ အဖဲြ႔သား ေဒၚခင္မ်ိဳးသက္ကို မခင္ျဖဴေထြးကဆက္သြယ္ေမးျမန္းထားတာပါ။",,,,,,
<urn:uuid:b627dd19-b55a-4408-84b1-87ebd14a1af7>,"အစိုးရတပ်နှင့် TNLA တို့ စစ်ရေးတင်းမာ
This article has been converted from Zawgyi One to Unicode
ရှမ်းပြည်နယ်မြောက်ပိုင်း နန့်ဆမ်မြို့နယ်တွင် တအာင်း (ပလောင်) အမျိုးသားလွတ်မြောက်ရေး တပ်မတော် (TNLA) နှင့် အစိုးရ တပ်မတော်တို့အကြား တိုက်ပွဲ ထပ်မံဖြစ်ပွားခဲ့ပြီး နှစ်ဖက်တပ်များအကြား စစ်ရေး တင်းမာလျက်ရှိကြောင်း သိရသည်။
TNLA တပ်ရင်း (၂၅၆) ထိန်းချုပ် နယ်မြေအတွင်း အင်အား ၅၀ ခန့်ဖြင့် ဝင်ရောက်လာသည့် နောင်ချို အခြေစိုက် ခလရ (၁၁၄) တပ်ရင်းတို့ ဇွန်လ ၁၅ ရက်နေ့ နံနက် ၆ နာရီခန့်တွင် နန့်ဆမ်မြို့နယ် ပန်အလောက်ရွာနှင့် မန်လုံ ကျေးရွာ အကြားတွင် နာရီဝက်ခန့် တိုက်ပွဲဖြစ်ပွားခဲ့ကြောင်း TNLA ပြန်ကြားရေးဌာန တာဝန်ခံ မိုင်းအောင်ကိုက ပြောသည်။
“နယ်ကျွံလာတဲ့ အစိုးရတပ်ကို TNLA ပြောက်ကျားတပ်တွေက တိုက်တာပါ၊ ကျနော်တို့ဘက်က ကျဆုံးဒဏ်ရာ မရှိဘူးဆိုတာ သိရပေမယ့် အစိုးရဘက်က ကျဆုံးဒဏ်ရာရ စာရင်းတော့ ရှေ့တန်းတပ်တွေက ပို့မလာသေးတဲ့ အတွက် မသိရသေးပါဘူး” ဟု မိုင်းအောင်ကိုက ဧရာဝတီသို့ ပြောသည်။
ပလောင်ကျေးရွာများ အနီးဖြစ်နေသည့်အတွက် TNLA ပြောက်ကျားတပ်များက တိမ်းရှောင်သော်လည်း နှစ်ဖက်တပ်များ နီးကပ်နေသောကြောင့် တိုက်ပွဲများ ထပ်မံ ဖြစ်ပွားနိုင်သည်ဟု မိုင်းအောင်ကိုက ဆက်လက်ပြောသည်။
ဇွန်လ ၁၄ ရက်နေ့ကလည်း ရှမ်းပြည်နယ် မြောက်ပိုင်း ကွတ်ခိုင်မြို့နယ် လုံကမ်ကျေးရွာ အနီးတွင် ကွတ်ခိုင် မြို့နယ် အခြေစိုက် ခလရ (၁၄၅)၊ ခလရ (၄၅) တပ်ရင်းများနှင့် ယင်းဒေသ အခြေစိုက် TNLA တပ်ရင်း (၁၁၂) တို့ တိုက်ပွဲ ဖြစ်ပွားခဲ့သေးကြောင်း သိရသည်။
အင်အား ၁၅၀ ကျော် ပါဝင်သည့် အစိုးရတပ်ရင်း ၂ ခုက TNLA တပ်ရင်း (၁၁၂) ထိန်းချုပ်နယ်မြေထဲကို ရုတ်တရက် ဝင်ရောက်လာခဲ့ပြီး လုံကမ်ကျေးရွာကို အခြေချကာ ၎င်းတို့အား ၈၀ မမ လက်နက်ကြီးများဖြင့် ပစ်ခတ် တိုက်ခိုက်ခဲ့ကြောင်း သိရသည်။
“သူတို့ အဝေးကနေပဲ လက်နက်ကြီးနဲ့ ၅ ချက်၊ ၆ ချက်လောက် ပစ်တယ်။ ကျနော်တို့ဘက်ကတော့ လုံကမ်ရွာကို ထိခိုက်မှာ စိုးတဲ့အတွက် ပြန်မပစ်ဘူး” ဟု ကွတ်ခိုင်မြို့နယ် အခြေစိုက် TNLA တပ်ရင်း (၁၁၂) တပ်ရင်းမှူး ဗိုလ်ကြီး ဝိန်းမာင်ဝ်က ပြောသည်။
TNLA တပ်ရင်း (၁၁၂) လက်အောက်တွင် တပ်အင်အား ၁၇၀ ကျော်ရှိပြီး ထိုအထဲတွင် ကချင်လွတ်မြောက်ရေး တပ်မတော် (KIA) နှင့် ရှမ်းပြည်မြောက်ပိုင်း တပ်မတော် SSPP/SSA တပ်ဖွဲ့ဝင်များလည်း ပူးပေါင်းလှုပ်ရှားလျက် ရှိသည်။
TNLA သည် ရှမ်းပြည်မြောက်ပိုင်းရှိ ၎င်းတို့ ထိန်းချုပ်နယ်မြေအတွင်း ၂၀၁၂-၂၀၁၃ ခုနှစ်တွင် ဘိန်းနှင့် မူးယစ်ဆေးဝါး တိုက်ဖျက်မှုဖြင့် ဒေသခံလူထု၏ ထောက်ခံမှုရရှိနေပြီး တပ်ရင်းပေါင်း ၇ ရင်းကို ဗျူဟာ ၂ ခုခွဲ အုပ်ချုပ်ကာ အင်အား ၁၃၀၀ အထက်တွင်ရှိကြောင်း စုံစမ်းသိရှိရသည်။
TNLA သည် စစ်ရေးအရ KIA နှင့် ထာဝရ မဟာမိတ်ပြုလုပ်ထားပြီး ရှမ်းပြည်မြောက်ပိုင်း တပ်မတော် SSPP/SSA နှင့်လည်း စစ်ရေးအရ ပူးပေါင်း တိုက်ပွဲဝင်နေသည်ကို တွေ့ရသည်။
တအာင်း (ပလောင်) အမျိုးသားလွတ်မြောက်ရေး တပ်မတော်အဖွဲ့ ဥက္ကဋ္ဌနှင့် ပြည်ထောင်စု ငြိမ်းချမ်းရေး ဖော်ဆောင်ရေး လုပ်ငန်း ကော်မတီ ဒုဥက္ကဋ္ဌ ဝန်ကြီး ဦးအောင်မင်း ခေါင်းဆောင်သည့် အဖွဲ့နှင့် ပြီးခဲ့သည့်နှစ် ဖေဖော်ဝါရီတွင် ထိုင်းနိုင်ငံ ချင်းမိုင်မြို့၌ အလွတ်သဘော တကြိမ်တွေ့ဆုံခဲ့ပြီး ယနေ့အချိန်အထိ ထပ်မံတွေ့ဆုံခြင်း မရှိသေးကြောင်း သိရသည်။",,,,,,
<urn:uuid:1daae7a5-7c27-47ae-b6fd-7045c6811282>,"သင္ဟာ တစ္ေနကုန္ ေဒါက္ဖိနပ္စီး၊ လက္လီေရာင္းခ်မႈ လုပ္ငန္းမွာ အလုပ္လုပ္ေနတယ္ ဒါမွမဟုတ္ ေျခေထာက္သုံးရတဲ့ အလုပ္တစ္ခုခု လုပ္ေနတဲ့သူဆုိရင္ ဒါသင့္အတြက္ အခြင့္အေရး ျဖစ္ပါတယ္။ ေျခေထာက္နာက်င္ ကိုက္ခဲျခင္းက အဆုိးဆုံး ခံစားမႈေတြထဲက တစ္ခုျဖစ္ႏုိင္ပါတယ္။ အဲဒီ နာက်င္မႈေဝဒနာ ေပ်ာက္ကင္းေစတဲ့ နည္းလမ္းတစ္ခုက ထုိင္ခ်ျပီး ႏိွပ္နယ္ေပးျခင္းပဲ ျဖစ္ပါတယ္။ ေန႔စဥ္နဲ႔အမွ် ပ်ားပန္းခတ္ လႈပ္ရွားမႈေၾကာင့္ ပိုသက္သာေအာင္ ၾကာၾကာထုိင္ဖုိ႔ အခက္အခဲ ရိွေကာင္း ရိွႏုိင္ပါတယ္။ ကံအားေလွ်ာ္စြာနဲ႔ပဲ ကိုက္ခဲေနတဲ့ ေျခေထာက္ကို သက္သာေစမယ့္ လြယ္ကူတဲ့ အိမ္တြင္းနည္းတစ္ခု ရိွပါတယ္။
ေရဗူးတစ္ခုလုံးသာ လိုအပ္ပါမယ္။ ေရဗူးကို ေရခဲေသတၱာထဲ မခဲမခ်င္း ထားပါ။ ခဲျပီဆိုတာနဲ႔ ေရဗူးကို ေျခဖဝါးေအာက္မွာထား၊ အနည္းငယ္ ဖိထားျပီး ေရွ႕ေနာက္ လိပ္ေပးပါ။ တစ္ဖက္ေျခေထာက္ကိုလည္း ထိုနည္း၄င္း လုပ္ေပးပါ။ ႏွိပ္နယ္ေပးသလုိျဖစ္တဲ့ ဒီလႈပ္ရွားမႈအနဲ႔အတူ ေရဗူးထဲက အေအးဓာတ္က ေျခေထာက္ကို ေလွ်ာ့ေပးမွာ ျဖစ္ပါတယ္။
Ref: Shefinds",,,,,,
<urn:uuid:46d48b30-efc4-44e5-a918-959b9928ebf6>,"အင်ဒိုနီးရှား ပလပ်စတစ်ပြဿနာ ရေညှိတွေ နဲ့ ရှင်း
အင်ဒိုနီးရှားမှာ နေ့စဉ် စွန့်ပစ်နေတဲ့ တန်ချိန် ၁.၃ သန်းလောက်ရှိတဲ့ ပလပ်စတစ်အမှိုက်တွေကို ၂၀၂၅ မတိုင်ခင် ၇၀ % အထိလျှော့ချသွားဖို့ အင်ဒိုနီးရှားအစိုးရက ကတိပြု ထားပါတယ်။ ဒီလို လျှော့ချနိုင်အာင် ပင်လယ်ကြီးတွေက အထောက်အကူ ပေးနိုင်တဲ့အကြောင်း Jack Hewson ပေးပို့တဲ့သတင်းကို မခင်ဖြူထွေးက တင်ပြထားပါတယ်။
ဗွီဒီယို ကြည့်ရှုရန်
-
၂၉ စက်တင်ဘာ၊ ၂၀၂၃
နိုင်ငံခြားသားတွေ အနိမ့်ဆုံးလစာတိုးပေးဖို့ ထိုင်းစဉ်းစား
-
၂၇ စက်တင်ဘာ၊ ၂၀၂၃
BLACKPINK စာချုပ်သက်တမ်းတိုးမတိုး
-
၂၇ စက်တင်ဘာ၊ ၂၀၂၃
ဥရောပရဲ့ ဘက်ထရီနဲ့ လောင်စာဆဲလ် တရုတ်ကိုမှီခိုလာရ
-
၂၆ စက်တင်ဘာ၊ ၂၀၂၃
ဒိန်းမတ်နိုင်ငံက Viking ပွဲတော်
-
၂၅ စက်တင်ဘာ၊ ၂၀၂၃
ကုလ အထွေထွေညီလာခံနဲ့ မြန်မာ့အရေး
-
၂၅ စက်တင်ဘာ၊ ၂၀၂၃
သံအမတ်ကြီးဦးကျော်မိုးထွန်း ထောက်ခံဆန္ဒပြပွဲခရီးစဉ်",,,,,,
<urn:uuid:28356ced-6be2-48b4-9ee3-16cdc1f7ee94>,"|
||
|
Myanmar Books
Publishers
|
||
||
|
|
More ...
|
Latest 10 Editor's Choices
Book Details
|
||
|
|
|
- Description: နိုင်ငံတစ်ခုတည်ဆောက်ရာတွင် စာရင်းအင်းပညာ၏ အရေးပါမှု၊ စာရင်းအင်းပညာနှင့် နိုင်ငံတော်တည်ဆောက်ရေး မည်သို့ဆက်စပ်နေပုံများကို ဆောင်းပါး (၃၅) ပုဒ်ခွဲ၍
သက်ဆိုင်ရာနယ်ပယ်အလိုက် တို့ထိ၊ သုံးသပ် ဖော်ပြထားသည့် စာအုပ်ဖြစ်သည်။
|
|
|
|
|
|
မှတ်ချက်: အထက်ပါ item ရရှိနိုင်မှုသည် စုဆောင်းပြီးချိန်မှသာ အတည်ပြုနိုင်မည် ဖြစ်ပါသည်။
Attention: Availability can be confirmed after item has been collected.
|
|
|
|",,,,,,
<urn:uuid:1b67e548-435d-42ca-adb1-500e8bee0410>,"ကြ်ႏု္ပ္တုိ႔သည္ ထူးဆန္းေသာ အေတြ႔အႀကံဳမ်ားကုိ တည္ေဆာက္ၿပီးသြားၿပီ၊ သုိ႔ေသာ္ ကံမေကာင္းစြာျဖင့္ သင့္ရဲ႕ ဘေရာက္စာ သည္ ၄င္းကုိ မေထာက္ပံ့ပါ။ ေက်းဇူးျပဳ၍ အဆင့္ျမွင့္တင္ေနသည္လုိ႔ ေတြးေတာပါ၊ ၿပီးတဲ့ေနာက္မွာ ကြ်ႏု္ပ္တုိ႔ဆီကုိ ေနာက္တစ္ႀကိမ္ အလည္လာခဲ့ပါ။
ထုိ႔အျပင္ ၄င္းအရာအားလံုးသည္ အခမဲ့ ျဖစ္သည္!
ေနာက္ထပ္မ်ိဳးဆက္ဓါတ္ပံုလုပ္ေဆာင္ခ်က္မ်ား မႈန္၀ါးျခင္းကို ဖယ္ရွားေပးျခင္၊ ပိုၾကီးမာေသာ ျမင္ကြင္းက်ယ္ဓါတ္ပံုမ်ား ရိုက္ကူးျခင္း ႏွင့္ တစ္ခ်က္ထိရံုျဖင့္ အံ့ၾသဖြယ္ စြမ္းေဆာင္ခ်က္မ်ား ျဖည့္စြက္ထားပါသည္။
ခလုတ္မ်ားကို ရိုးရွင္းစြာ ေစာင္းထားၿပီး မ်ဥ္းမ်ားကို ခ်ိန္ညိွ ့ေပးျခင္းျဖင့္ ျမင္ကြင္းတစ္ခုလံုးကို ဖမ္းယူႏိုင္ေစပါသည္။ ၃၆၀ ျမင္ကြင္းက်ယ္ျဖင့္ တစ္ခ်က္ႏွိပ္လိုက္႐ုံျဖင့္ လွပေသာ 180° x 360° ျမင္ကြင္းမ်ား ရရွိပါသည္။
စိတ္ပ်က္သည့္ အၾကည့္မ်ားႏွင့္ မခ်ိဳမခ်ဥ္အၿပံဳးမ်ားကို ထားခဲ့လုိက္ပါေတာ့ လူတုိင္း၏အေကာင္းဆံုးပို ့စ္မ်ား ေပါင္းစည္းထားၿပီး တန္ဖုိးရွိသည့္ အုပ္စုလုိက္ပံုမ်ားကို ရရွိနုိင္မွာပါ။
မိမိခံစားခ်က္ျဖင့္ သင့္ရဲ႕ဗြီဒီယိုမ်ားသည္ ထူးျခားေသာအျမင္မ်ားကို ေပးပါ။ အလြန္အံ့ၾသေသာရလဒ္မ်ား ရရွိရန္ စြမ္းေဆာင္မႈ ၁၂ ခ်က္မ်ားမွ ေရြးခ်ယ္ပါ။
UFocus™ ျဖင့္ အဆင္ျမင့္ေသာရလဒ္မ်ားကို ျဖည့္စြက္ထားသည္။ ဓါတ္ပံုမ႐ိုက္မီ (သို႔) ႐ိုက္ၿပီးေနာက္ မႈန္၀ါးေနသည့္အရာမ်ားကို ရွင္းလင္းေစ ပါသည္။
ဓါတ္ပံုစိစစ္သည့္အရာ ၁၂ မ်ိဳးမွ ေရြးခ်ယ္ၿပီး သင့္ရဲ႕ဓါတ္ပံုေတြမွာ ထူးျခားလွပေသာစြမ္းေဆာင္မႈမ်ားကို လွ်ပ္တစ္ပ်က္အတြင္း ျဖည့္စြက္ပါ။
ရာသီဥတုမ်ား လုပ္ေဆာင္ခ်က္ျဖင့္ သင့္ရဲ႕ဓါတ္ပံုမ်ားတြင္ အားျပင္းေသာစြမ္းေဆာင္မႈကို ျဖည့္စြက္ၿပီး ေရြ႕လ်ားေနေသာပံုမ်ားႏွင့္အတူ ခုႏွစ္အခ်ိန္ကို အမွတ္တရ ျပဳလုပ္ထားပါသည္။
Pixels ပိုမ်ားပါက ဓါတ္ပံုမ်ား ပိုေကာင္းသည္ဟု မဆိုလိုပါ -ပိုမိုႀကီးမားေသာ pixels မ်ားက ပိုေကာင္းေစပါသည္။ The HTC One (M8) အဂၤါမ်ားသည္ အလင္းပမာဏ ၃၀၀% ေက်ာ္ ပိုမို ရရွိရန္ သာမန္အရြယ္အစားထက္ HTC UltraPixel™ ကို ႏွစ္ဆႀကီးေစပါသည္။ ေနာက္ဆံုးတြင္ သင္အၿမဲတမ္းလိုခ်င္သည့္အတိုင္း ညကိုလည္း ႐ိုက္ယူ မွတ္သားႏိုင္ပါသည္။
ပိုမိုမ်ားလာေသာသတၳဳ၊ ပိုေကာင္းလာေသာကင္မရာ၊ ပိုေကာင္းေသာ အသံ
မွန္ဘီလူးႏွစ္ခုကို သတၳဳအျပည့္ရွိသည့္ေဘာင္မ်ားျဖင့္ ေကြး၀ိုက္ပတ္ရစ္ထားပါသည္။ ကင္မရာႏွင့္ ေနာက္ထပ္ built-in HTC BoomSound™ လုပ္ေဆာင္ခ်က္မွာ ပိုမိုေကာင္းမြန္လာပါသည္။
အေရာင္းဆုိင္မ်ားႏွင့္ online တြင္ ရရွိႏိုင္ပါသည္။
အနီးနားရွိ HTC One (M8) အေရာင္းဆုိင္ကို ရွာေဖြပါ။",,,,,,
<urn:uuid:a3203401-ccf8-46cd-ac3e-542994eef91f>,"The Golden Spoon (2022) လီဆွန်း ချောန်း( yook sungjae) က ဆင်းရဲသားရပ်ကွက်မှာ နေတဲ့ ဆင်းရဲသားတစ် ယောက်ပါ။ တစ် နေ့မှာ တော့ သူက အဖွားအိုကြီး တစ် ယောက်နဲ့ တွေ့ပြီး အဲ့အဖွားအိုကြီးက ဒီ ဇွန်းကို ငါ့ဆီက နေ ဝမ် ၃၀၀၀ နဲ့ ဝယ်ပြီး မင်း သူငယ်ချင်း အိမ်မှာ ၃ဇွန်းတိတိ စားရင် မိဘ တွေ ပြောင်းလိုရမယ်လို ပြောလိုက်တဲ့အခါ မင်းသားဖြစ်သူ ဆွန်း ချောန်းက အဲ့ ဇွန်းကို ဝယ်လိုက်ပါတယ်။ ပြီး တော့ သူ ဌေးသားဖြစ်တဲ့ သူ့သူငယ်ချင်း ဟွမ်ထယ်ယုံးရဲ့ အိမ်မှာ ၃ဇွန်းတိတိ စားလိုက်ပြီး နောက် တော့သူ့ရဲ့ ဘဝက ပြောင်းလဲ သွားပါ တယ်။ ဟွမ်ထယ်ယုံးအဖြစ် ပြောင်းလဲသွားတဲ့ ဘဝမှာ ကောင်း ကောင်း နေနိုင်ပါ့မလား နောက်ပိုင်း ဘယ်လို တွေ ဆက်ဖြစ်မလဲဆိုတာကို တော့ Friday, Saturday တိုင်း KyiMl TV မှာ စောင့် မျှော်ကြည့်ရှုလိုရပါပြီ။ Reviewed by Candy
- Genre: Sci-Fi & Fantasy
- Stars: Chang Ryul, Choi Dae-chul, Choi Won-young, Han Chae-ah, Jung Chae-yeon, Lee Jong-won, Son Yeo-eun, Yeon-woo, Yook Sung-jae
- Duration: 65 min
Comment",,,,,,
<urn:uuid:0607fe78-6a27-43e9-a8c3-92839b412cae>,"မင်းသမီးချောလေးလင်းဇာနည်ဇော်ကတော့ တစ်ချိန်က အနုပညာလောကမှာ နေရာတစ်ခုကို ရယူထားနိုင်ခဲ့တဲ့ အနုပညာရှင်တစ်ယောက်ဖြစ်ပြီး ပါဝင်သရုပ်ဆောင်တဲ့ ဇာတ်ကားတိုင်းမှာ အ ကောင်းဆုံးနဲ့ အပီပြင်ဆုံးသရုပ်ဆောင်နိုင်ခဲ့သူလေးပဲ ဖြစ်ပါတယ်။ ဗီဒီယိုဇာတ်ကားတွေများစွာ မှာ ပါဝင်သရုပ်ဆောင်ခဲ့ပြီး အနုပညာအလုပ်တွေကို အချိန်အတော်ကြာလုပ်ကိုင်ခဲ့တဲ့ သူမက တော့ ပရိသတ်တွေရဲ့ ချစ်ခင်အားပေးမှုကိုလည်း အခိုင်အမာရယူထားနိုင်ခဲ့တဲ့ အနုပညာရှင် တစ်ယောက်ပဲ ဖြစ်ပါတယ်။
ရုပ်ရှင်ဇာတ်ကားကြီးတွေမှာလည်း အကောင်းဆုံးပါဝင်သရုပ်ဆောင်ခဲ့ပြီး အနုပညာအလုပ်တွေ ကို လုပ်ကိုင်လျက်ရှိနေခဲ့တဲ့ သူမကတော့ အေးချမ်းတဲ့ အပြုံးလေးတွေကို ပိုင်ဆိုင်ထားတဲ့ ပြည် သူ ချစ်နုပညာရှင်တစ်ယောက်ပဲ ဖြစ်ပါတယ်။ သူမကတော့ အနုပညာမျိုးရိုးရှိသူတစ်ယော က်ဖြ စ်ပြီး အကိုဖြစ်သူဒါရိုက်တာမိုက်တီးနဲ့ အမဖြစ်သူချစ်ချစ်ဇော်တို့ဟာဆိုရင်လည်း အနုပညာလော က မှာ နာမည်တစ်လုံးနဲ့ ရပ်တည်ထားနိုင်ခဲ့သူလေးတွေပဲ ဖြစ်ကြပါတယ်။
ယခုမှာတော့ သူမတို့ မိသားစုလေးဟာ စည်းစည်းလုံးလုံးရှိကြပြီး လူစုံတက်စုံနဲ့ ထမင်းလက်ဆုံ စား ကြရင်း အပြုံးလေးတွေကိုယ်စီနဲ့ ပျော်ရွှင်ရယ်မောနေခဲ့ပါတယ်။ သူမတို့ မိသားစုလေးရဲ့ ပျော် ရွှင်နေခဲ့တဲ့ ကြည်နူးစရာပုံရိပ်လေးတွေဟာ ပရိသတ်တွေကို အချစ်တွေပိုစေခဲ့တာပဲ ဖြစ်ပါ တယ်။ ချစ်ပရိသတ်တွေအတွက် လင်းဇာနည်ဇော်တို့ မိသားစုလေးရဲ့ ထမင်းအတူတူစားပြီး ပျော် ရွှ င်ရယ်မောနေတဲ့ ပုံရိပ်လေးတွေကို ပြန်လည်ဖော်ပြပေးလိုက်ရပါတယ်",,,,,,
<urn:uuid:85b556e4-230c-4c6c-8325-1c820ad88cff>,"အၾကမ္းဖက္သမားဟု သံသယရွိသူကို တင္ေဆာင္သည့္ ေလေၾကာင္းလိုင္း ေပါင္ ၅ ေသာင္း ဒဏ္တပ္ခံရမည္
783
အၾကမ္းဖက္သမားဟု သံသယရွိသူကို တင္ေဆာင္တဲ့ ေလေၾကာင္းလုိင္းေတြဟာ ၿဗိတိန္ ျပည္ထဲေရးရဲ႕ အမိန္ကို ခ်ိဳးေဖာက္မႈနဲ႔ ေပါင္ ၅ ေသာင္းအထိ ဒဏ္ေငြ ခ်မွတ္ႏုိင္တဲ့ ဥပေဒသစ္တခု ၿဗိတိန္မွာ မၾကာခင္ အသက္၀င္မွာ ျဖစ္ပါတယ္။ မြတ္စလင္ဘာသာေရး စစ္ပြဲကို ဆင္ႏႊဲမယ့္သူေတြကို တင္ေဆာင္တဲ့ ေလေၾကာင္းလုိင္းေတြ အားလုံးအေပၚကို ဒီျပစ္ဒဏ္ဟာ သက္ေရာက္မႈရွိမွာ ျဖစ္တယ္လို႔ ၿဗိတိန္ ေဒးလီးေမလ္းသတင္းက ေရးပါတယ္။ ဒါအျပင္ ခရီးသည္နဲ႔ ေလယာဥ္အမႈထမ္းေတြရဲ႕ အခ်က္အလက္ကို မေပးႏုိင္ရင္ ေပါင္ ၁ ေသာင္း ဒဏ္ေငြ ရိုက္ခံရမွာလည္း ျဖစ္ပါတယ္။ ဒီဥပေဒဟာ အစၥလာမၼစ္ (အုိင္အက္စ္)ေတြကို သြားေရာက္ပူးေပါင္းမယ့္သူေတြကို တားျမစ္တာလို႔လည္း ဆုိပါတယ္။ ၿဗိတိန္ ႏုိင္ငံသား ၆၀၀ ေလာက္ဟာ ဆီးရီးယား အီရတ္ကေန တဆင့္ အိုင္အက္စ္ကို သြားေရာက္ပူးေပါင္း ခဲ့ပါတယ္။",,,,,,
<urn:uuid:c67e68de-ba34-4dd9-bf47-87867a2066b7>,"အလွတ်တန်းသတင်းထောက် ကိုအောင်ကိုကိုလတ် ပြန်လွတ်လာ
ဖမ်းဆီးခံထားရသည့် နေပြည်တော်မှ DVB သတင်းထောက်ဟောင်း လက်ရှိတွင် အလွတ်တန်း သတင်းထောက်အဖြစ် လုပ်ကိုင်နေသူ ကိုအောင်ကိုကိုလတ် ယနေ့တွင် ပြန်လည်လွတ်မြောက်လာသည်။
ဖမ်းဆီးခံရပြီး တလအကြာတွင် ပြန်လည်လွတ်မြောက်လာခြင်းဖြစ်ပြီး ဧပြီလ ၅ ရက်နေ့က ပထဆုံးအကြိ်မ် ရုံးချိန်းတွင် ပုဒ်မ ၅၀၅ (က)ဖြင့် တရားစွဲတင်ခဲ့သော်လည်း ယခုဒုတိယအကြိမ်ရုံးချိန်းတွင် ပျဉ်းမနားမြို့နယ်တရားရုံးက ပြန်လွှတ် ပေးခဲ့ခြင်းလည်း ဖြစ်သည်။
သို့သော် အပြီးသတ်လွှတ်ပေးခြင်းမျိုး မဟုတ်ဘဲ တရားရှင် ပြန်လွှတ်ပေးခဲ့ကြောင်းသိရသည်။
ကိုအောင်ကိုကိုလတ်သည် မတ်လ၂၀ ရက်က နေပြည်တော် ပျဉ်းမနားမြို့နယ်၊ ရှမ်းစုလေး ရပ်ကွက်တွင် ပြုလုပ်သည့် ဆန္ဒပြပွဲကို စစ်ကောင်စီ၏ လက်နက်ကိုင်တပ်များက အကြမ်းဖက်ဖြိုခွင်းစဉ် လူက ထွက်ပြေးလွတ်မြောက်ခဲ့သော်လည်း ကျန်ရစ်သည့်ကား အသိမ်းခံခဲ့ရသည်။
မတ်လ၂၁ ရက်နေ့တွင် ကိုအောင်ကိုကိုလတ်မှာ အသိမ်းခံရသည့်ကားကို ပျဉ်းမနားမြို့မ ရဲစခန်းသို့ သွားရောက်ထုတ်ယူ စဉ် ရဲစခန်းက ပြန်မလွှတ်တော့ဘဲ စစ်ဆေးမေးမြန်းမှုများ ပြုလုပ်ပြီးနောက် ပုဒ်မ ၅၀၅ (က)ဖြင့် အရေးယူ ထိန်းသိမ်းခံခဲ့ရ သူ တဦးလည်း ဖြစ်သည်။
စစ်အာဏာသိမ်းပြီးနောက်ပိုင်း နေပြည်တော်တွင် သတင်းထောက် စုစုပေါင်း ၃ ဦး အဖမ်းဆီးခံခဲ့ရပြီး ၎င်းတို့မှာ အလွတ် သတင်းထောက် ကိုအောင်ကိုကိုလတ်၊ ဘီဘီစီ သတင်းထောက် ကိုအောင်သူရနှင့် Mizzima အယ်ဒီတာဟောင်း ကိုသန်း ထိုက်အောင် တို့ဖြစ်သည်။
ကိုသန်းထိုက်အောင်နှင့် ကိုအောင်သူရတို့ ၂ ဦးမှာ မတ်လ ၁၉ ရက်က နေပြည်တော် ဒက္ခိဏခရိုင် တရားရုံးရှေ့တွင် NLD နာယက ဦးဝင်းထိန်ရုံးထုတ်ကို သတင်းရယူနေစဉ် ဖမ်းဆီးခံခဲ့ရခြင်း ဖြစ်သည်။
ထိုသို့ဖမ်းဆီးခံရပြီး ဘီဘီစီ သတင်းထောက် ကိုအောင်သူရမှာ မတ်လ၂၂ ရက်နေ့က ပြန်လည်လွတ်မြောက်လာခဲ့သော် လည်း ကိုသန်းထိုက်အောင်မှာမူ ဆက်လက် ဖမ်းဆီးထိန်းသိမ်းခံထားရသည်။
ကိုသန်းထိုက်အောင်ကို လက်ရှိတွင် နေပြည်တော် အချုပ်ထာင်တွင် ထိန်းသိမ်းခံထားပြီး ၎င်းသည် ပုဒ်မ ၅၀၅ (ခ)ဖြင့် ဇမ္ဗူသီရိတရားရုံးတွင် တရားရင်ဆိုင်နေရသည်။
ယနေ့ အချိန်အထိ မြန်မာနိုင်ငံတွင် ဖမ်းဆီးထိန်းသိမ်းခံရသူ သတင်းသမား ၆၀ ကျော်ရှိလာပြီး အနည်းဆုံး ၃၈ ဦးထက်မ နည်း တရားရုံးတွင် အမှုဖွင့် တရားစွဲဆိုခြင်းကို အချုပ်နှင့် တရားရင်ဆိုင်နေရသည်။
You may also like these stories:",,,,,,
<urn:uuid:451f88f0-e23e-4a9d-81ad-32a6c4c0ea17>,"UNICODE – ပရီးမီးယားလိဂ်ကို ကြားကွင်းမှာ ကစားခြင်းဖြင့် ပြန်လည်စတင်ရေး အစီအစဉ်တွေကို စပါးအပြင် နောက်ထပ် လန်ဒန်အခြေစိုက် အသင်းတွေဖြစ်တဲ့ ချယ်ဆီးနဲ့ အာဆင်နယ်တို့ ကန့်ကွက်ခဲ့ကြပါတယ်။
အင်္ဂလန်ပြည်တွင်း အဆင့်မြင့်တန်း အားကစားပြိုင်ပွဲတွေ အားလုံးကို ဇွန်လ ၁ ရက်နေ့ကစပြီး ကွင်းပိတ်ကစားမှုဖြင့် ပြန်စတင်ဖို့ကို အာဏာပိုင်တွေ ခွင့်ပြုပေးလိုက်ပြီဖြစ်တယ်။ ကိုဗစ် ကူးစက်မှု လုံးဝ မတွေ့တော့တဲ့ အချိန်ထိ ပရိသတ် ဝင်ခွင့်မပေးပဲ ယှဉ်ပြိုင်ကစားရမှာ ဖြစ်ပါတယ်။
ဗြိတိန်အာဏာပိုင်တွေနဲ့ ဗြိတိန်ဘောလုံးဆိုင်ရာ ရဲအရာရှိတွေက ၎င်းတို့ ထိန်းချုပ်နိုင်စွမ်းရှိမယ့် အခြေအနေတွေအရ ဘောလုံးပွဲ ပြန်စတင်မှုကို ကြားကွင်းမှာပဲ ကစားစေလိုပေမယ့် မေလ ၁၁ ရက်နေ့မှာ ပြုလုပ်တဲ့ ပရီးမီးယားလိဂ် ရှယ်ယာရှင်များ အစည်းအဝေးမှာတော့ ကလပ်တွေက လိဂ်ပြန်စရေးမှာ ကြားကွင်းတွေမှာ ကစားဖို့ဆိုတဲ့ အချက်ကို ကလပ် ၁၂ သင်းထိ ကန့်ကွက်ခဲ့ကြပါတယ်။
တယ်လီဂရပ်က ဖော်ပြရာမှာတော့ ကြားကွင်းကစားဖို့ကို တောက်လျှောက် ငြင်းဆန်လာခဲ့တဲ့ ကလပ် ၆ သင်းက တန်းဆင်းဇုန် ၆ သင်းဖြစ်ပြီး တနင်္လာနေ့ အစည်းအဝေးမှာတော့ ထပ်တိုး ပူးပေါင်းခဲ့တဲ့ ကလပ် ၃ သင်းဟာ လန်ဒန်အခြေစိုက် ကလပ်တွေဖြစ်ပြီး ချယ်ဆီး၊ စပါးနဲ့ အာဆင်နယ်အသင်းတို့ ဖြစ်ပါတယ်။
လန်ဒန်ကလပ်တွေလို ကွင်းကြီးတွေကို ပိုင်ဆိုင်ထားတဲ့ အသင်းတွေ ဒီစာရင်းထဲ ပါဝင်ခဲ့တာက စပွန်ဆာ စာချုပ်ကြီးတွေ ချုပ်ဆိုထားမှုတွေ ရှိတဲ့အတွက် အိမ်ကွင်းမှာ မကစားရရင် ငွေကြေးတွေ ပြန်လျော်ရမှာဖြစ်ခြင်းကြောင့်လို့ သိရပါတယ်။ ဒါကြောင့် ပရီးမီးယားလိဂ်ဟာ ကြားကွင်းအစား သက်ဆိုင်ရာ အိမ်ကွင်း၊ အဝေးကွင်းတွေမှာ ကစားခွင့်ကိုပဲ အစိုးရထံ တင်ပြ တောင်းခံမှာဖြစ်တယ်။
ZAWGYI – ပရီးမီးယားလိဂ္ကို ၾကားကြင္းမွာ ကစားျခင္းျဖင့္ ျပန္လည္စတင္ေရး အစီအစဥ္ေတြကို စပါးအျပင္ ေနာက္ထပ္ လန္ဒန္အေျခစိုက္ အသင္းေတြျဖစ္တဲ့ ခ်ယ္ဆီးနဲ႔ အာဆင္နယ္တို႔ ကန္႔ကြက္ခဲ့ၾကပါတယ္။
အဂၤလန္ျပည္တြင္း အဆင့္ျမင့္တန္း အားကစားျပိဳင္ပြဲေတြ အားလံုးကို ဇြန္လ ၁ ရက္ေန႔ကစျပီး ကြင္းပိတ္ကစားမႈျဖင့္ ျပန္စတင္ဖို႔ကို အာဏာပိုင္ေတြ ခြင့္ျပဳေပးလိုက္ျပီျဖစ္တယ္။ ကိုဗစ္ ကူးစက္မႈ လံုးဝ မေတြ႔ေတာ့တဲ့ အခ်ိန္ထိ ပရိသတ္ ဝင္ခြင့္မေပးပဲ ယွဥ္ျပိဳင္ကစားရမွာ ျဖစ္ပါတယ္။
ျဗိတိန္အာဏာပိုင္ေတြနဲ႔ ျဗိတိန္ေဘာလံုးဆိုင္ရာ ရဲအရာရွိေတြက ၄င္းတို႔ ထိန္းခ်ဳပ္ႏုိင္စြမ္းရွိမယ့္ အေျခအေနေတြအရ ေဘာလံုးပြဲ ျပန္စတင္မႈကို ၾကားကြင္းမွာပဲ ကစားေစလိုေပမယ့္ ေမလ ၁၁ ရက္ေန႔မွာ ျပဳလုပ္တဲ့ ပရီးမီးယားလိဂ္ ရွယ္ယာရွင္မ်ား အစည္းအေဝးမွာေတာ့ ကလပ္ေတြက လိဂ္ျပန္စေရးမွာ ၾကားကြင္းေတြမွာ ကစားဖို႔ဆိုတဲ့ အခ်က္ကို ကလပ္ ၁၂ သင္းထိ ကန္႔ကြက္ခဲ့ၾကပါတယ္။
တယ္လီဂရပ္က ေဖာ္ျပရာမွာေတာ့ ၾကားကြင္းကစားဖို႔ကို ေတာက္ေလွ်ာက္ ျငင္းဆန္လာခဲ့တဲ့ ကလပ္ ၆ သင္းက တန္းဆင္းဇုန္ ၆ သင္းျဖစ္ျပီး တနလၤာေန႔ အစည္းအေဝးမွာေတာ့ ထပ္တိုး ပူးေပါင္းခဲ့တဲ့ ကလပ္ ၃ သင္းဟာ လန္ဒန္အေျခစိုက္ ကလပ္ေတြျဖစ္ျပီး ခ်ယ္ဆီး၊ စပါးနဲ႔ အာဆင္နယ္အသင္းတို႔ ျဖစ္ပါတယ္။
လန္ဒန္ကလပ္ေတြလို ကြင္းၾကီးေတြကို ပိုင္ဆုိင္ထားတဲ့ အသင္းေတြ ဒီစာရင္းထဲ ပါဝင္ခဲ့တာက စပြန္ဆာ စာခ်ဳပ္ၾကီးေတြ ခ်ဳပ္ဆိုထားမႈေတြ ရွိတဲ့အတြက္ အိမ္ကြင္းမွာ မကစားရရင္ ေငြေၾကးေတြ ျပန္ေလ်ာ္ရမွာျဖစ္ျခင္းေၾကာင့္လို႔ သိရပါတယ္။ ဒါေၾကာင့္ ပရီးမီးယားလိဂ္ဟာ ၾကားကြင္းအစား သက္ဆုိင္ရာ အိမ္ကြင္း၊ အေဝးကြင္းေတြမွာ ကစားခြင့္ကိုပဲ အစိုးရထံ တင္ျပ ေတာင္းခံမွာျဖစ္တယ္။",,,,,,
<urn:uuid:f604a9ec-17f5-4128-ae6b-0dc1a6f1f9da>,"ဟန္းနီးမြန္း ဆိုတဲ့ ခရီးစဥ္ေလးမွာ သတို႔သမီးေလးပဲ ရင္ခုန္စိတ္ကူးယဥ္တာ မဟုတ္ပါဘူးေနာ္။ သတို႔သားေလးတို႔လည္း ကိုယ္ခ်စ္ရတဲ့ ဇနီးေလးနဲ႔ ခရီးထြက္ခြင့္ ရၿပီး ေပ်ာ္ရႊင္စရာ အခုိက္အတန္႔ေလး ပိုင္ဆိုင္ရမွာမို႔ ရင္ခုန္စိတ္လွဳပ္ရွားေနမွာ ေသခ်ာပါတယ္ေနာ္။ ဒီလိုမ်ိဳး ႏွစ္ေယာက္စလံုး ေပ်ာ္ရႊင္ရမယ့္ ဟန္းနီးမြန္း ခရီးစဥ္ေလးမွာ အဆင္ေျပေစဖို႔ သတို႔သားေလးတို႔ သိရမယ့္ အခ်က္ေတြလည္း ရွိပါတယ္ေနာ္။
ခရီးစဥ္တစ္ေလွ်ာက္လံုးကို သိေနပါေစ
ဟန္းနီးမြန္း ခရီးစဥ္နဲ႔ ပတ္သက္ၿပီး မိန္းကေလးကပဲ အမ်ားဆံုး စီစဥ္ေလ့ ရွိၿပီး စိတ္တိုင္းက် ေရြးခ်ယ္ေလ့ ရွိပါတယ္။ ဒါေပမယ့္လည္း ဒီခရီးစဥ္နဲ႔ ပတ္သက္ၿပီး သတို႔သားကလည္း သိထားဖို႔ လိုပါတယ္ေနာ္။ ဟန္းနီးမြန္း ခရီးစဥ္တေလွ်ာက္လံုး သိထားဖို႔ ႀကိဳးစားရမွာပါ။ လမ္းေရာက္မွ ဘယ္ဟာက ဘယ္လုိလဲ အစရွိသလို တစ္ခုခ်င္းစီလိုက္ေမးေနရင္ သတို႔သမီးေလးက စိတ္ဆိုးမွာ ေသခ်ာပါတယ္ေနာ္။
စိတ္ရွည္ၿပီး အလိုလိုက္ပါ
ဟန္းနီးမြန္းဆိုတာ တစ္ဘဝလံုးမွာ တစ္ခါသာရတဲ့ အခိုက္အတန္႔ေလးပါ။ ဒါေၾကာင့္ ကိုယ့္ရဲ႕ လက္တြဲေဖာ္ေလးကို ေသခ်ာ ဂရုစိုက္ပါ။ စိတ္ရွည္ၿပီး အလုိလိုက္ပါ။ ဟန္းနီးမြန္းေလးမွာေတာ့ ကိုကိုက အရမ္းဂရုစိုက္တာပဲေနာ္လို႔ ေျပာရေလာက္တဲ့အထိျဖစ္ေအာင္ကုိ ဂရုစိုက္ေပးပါ။ ဒါဟာ အမွတ္တရ အျဖစ္ဆံုး နည္းလမ္းေလးပါ။
ကိုယ့္တကိုယ္ရည္စာေတြ ပါေအာင္ ထည့္ပါ
သတို႔သားေလးတု႔ိေရ ကိုယ့္တရည္စာ ပစၥည္းပစၥယေတြကို ဇနီးက အစအဆံုး လိုက္ထည့္ေပးရတာမ်ိဳး မျဖစ္ပါေစနဲ႔ေနာ္။ သူက အကုန္စီစဥ္ေပးထားတယ္ဆိုရင္ေတာင္ ကိုယ္က ျပန္စစ္တာမ်ိဳး၊ ကိုယ္လိုခ်င္တာေတြ ပါ မပါ ေသခ်ာ ျပန္ၾကည့္ဖုိ႔ လိုပါတယ္။ ဒါမွ ဟန္းနီးမြန္းအတြက္ တစ္ေယာက္တည္းကပဲ အကုန္ပင္ပန္းေနတာမ်ိဴး မျဖစ္မွာပါ။
လက္ေဆာင္ပစၥည္းေလး ပါပါေစ
သတို႔သားေလးေရ ဟန္းနီးမြန္း ထြက္ၿပီဆိုရင္ ဇနီးေလးအတြက္ Surprise လက္ေဆာင္ ပါပါေစ။ ဒါက ဇနီးေလးအတြက္ အေပ်ာ္ရႊင္ဆံုး ဟန္းနီးမြန္း ခရီးေလး ျဖစ္မွာပါ။ တန္ဖိုးနည္းတာ မ်ားတာထက္ သူလိုခ်င္တဲ့ ပစၥည္းေလး ျဖစ္ေအာင္ စီစဥ္ပါ။ ဇနီးေလးကို ေပ်ာ္ေအာင္ ထားဖို႔က ကိုယ့္တာဝန္ပဲေလေနာ္။
တစ္သက္မေမ့ႏိုင္တဲ့ ဟန္းနီးမြန္း ခရီးစဥ္ေလး ျဖစ္ခ်င္တယ္ဆိုရင္ေတာ့ Marry က ေျပာျပထားတဲ့ အခ်က္ေလးေတြကို လုပ္ေဆာင္ေပးေနာ္။ သတို႔သားေလးတိုင္း သိထားသင့္တဲ့အခ်က္ေတြပါပဲ။",,,,,,
<urn:uuid:146dc1e7-602b-4e53-b74e-2e9b9b2b8362>,"ဆယ်မျူရယ် ကရွမ်တန်
ကရွမ်တန် အက်(စ်) (ခရစ် ၁၇၅၃-၁၈၂၇)[ပြင်ဆင်ရန်]
ရက်ကန်းလုပ်ငန်း ပြုပြင်ပြောင်းလဲလာရန် ပထမဖန်တီးသူ သုံးဦးစလုံးပင် အင်္ဂလန်ပြည် လန်ကရှိုင်ယာနယ်မှ ဖြစ်ကြသည်။ ပထမဆုံးဖန်တီးသူ ဟားဂရီးသည် 'စပင်းနင်းဂျင်နီ'ခေါ် ဗိုင်းငင်စက်ကို ထွင်ခဲ့၍၊ ဒုတိယဖန်တီးသူ အတ်ကရိုက်က စပင်းနင်းဂျင်နီထက် ကောင်းမွန်သော ဗိုင်းငင့်စက်သစ် တစ်ခုကို ထွင်ခဲ့သည်။ ဟားဂရီး၏စက်ထက် အတ်ကရိုက်၏စက်က ချည်မျှင်ပေါင်းများစွာ ထွက်စေနိုင်သည့်ပြင်၊ မာ၍ချောသောချည်မျှင်များကို ငင်နိုင်သည်။ 'အကြံတူလျှင် နောက်လူသာ စမြဲ'ဟူသောစကားအတိုင်း ကရွမ်တန်သည် အထက်ပါ စက်နှစ်မျိုးတို့၏ ချွတ်ယွင်းချက်များကို ပြုပြင်ဖြည့်စွက်၍ ဗိုင်းငင့်စက်သစ်တစ်ခုကို ထမြောက်အောင်မြင်စွာ ပြုလုပ်ခဲ့လေသည်။ ယခုခေတ်တွင် အသုံးပြုနေသော စက်များမှာ၊ ကရွမ်တန်၏စက်ကို အနည်းငယ်ထပ်လောင်း၍ ပြုပြင်ထားခြင်းမျှသာ ဖြစ်ပေသည်။
ဆမ်မျူယယ်ကရွမ်တန်သည် ၁၇၅၃ ခု ဒီဇင်ဘာလ ၃ရက် နေ့တွင် လန်ကရှိုင်ယာနယ် ဖါးဝုရွာကလေးတွင် ဖွားမြင်သည်။ မိဘနှစ်ပါး ဆင်းရဲနွမ်းပါးသဖြင့် ကရွမ်တန်သည် ကလေးဘဝ ကပင် ခြည်ငင်စက်ရုံတစ်ရုံ၌ အလုပ်လုပ်ကိုင်ခဲ့ရသည်။ အသက် ၁၆ နှစ်အရွယ်တွင် ဖခင်ဖြစ်သူ ကွယ်လွန်သွားရာ၊ မိသားစု၏ တာဝန်ကို ထမ်းဆောင်ရရှာသည်။
ကရွန်တန်သည် ဤမျှကြီးလေးသော အိမ်ထောင်မှု တာဝန် များကို ထမ်းဆောင်နေစဉ်၊ ငွေဝင်လမ်းရှိစေရန် ဗိုင်းငင့်စက်ရုံ တွင် နေ့စဉ် အလုပ်ဆင်းရလေသည်။ အလုပ်လုပ်ရာတွင် စိတ် အာရုံ စွဲမြဲစူးစိုက်သူ ဖြစ်သဖြင့်၊ ဟားဂရီးနှင့် အတ်ကရိုက်တို့ ထွင်ခဲ့သော ဗိုင်းငင့်စက်တို့၏ ချွတ်ယွင်းချက်များကို တွေ့မြင် သည်။ သို့အတွက် ပို၍ကောင်းသောအထည်ချောများ ရက်လုပ် နိုင်ရန်အတွက် ချည်ငင်စက်သစ်တစ်ခုကို ကြံစည်လေသည်။
နေ့ခင်းအချိန်တွင် အလုပ်လုပ်ရသော လုပ်ခသည် သူ၏ အိမ်ထောင်အတွက် မလုံလောက်သဖြင့်၊ ကျန်အချိန်တွင် ကပွဲရုံ တစ်ရုံ၌ တရောထိုးကာ အပိုဝင်ငွေကို ရှာခဲ့ရ၍ အားလပ်ချိန် တွင် ချည်ငင်စက်အသစ် ပြုလုပ်ရေးကို ကြံစည်လေသည်။ ကရွမ်တန်သည် ၆ နှစ်မျှ မနားမနေ ကြိုးပမ်းအားထုတ် ပြုလုပ်ခဲ့ရာ ၁၇၇၉ ခုနှစ်လောက်တွင် ချည်ငင်စက်သစ်တစ်ခု ကို ပြုလုပ်ပြီးစီးလေသည်။ ကရွမ်တန်၏ စက်သစ်ဖြင့် ငင် သောချည်မျှင်များသည် ယခုခေတ်တွင် ပေါ်ထွက်နေသော ပိတ်ချောများပင် ရက်လုပ်နိုင်စွမ်းရှိသည်။ အမှန်အားဖြင့် ဆိုသော် ကရွမ်တန်၏စက်သည် ဟားဂရီး၏စက်နှင့် အတ် ကရိုက်၏စက်နှစ်ခုကို ပူးပေါင်းပြုပြင်၍ လုပ်ကိုင်ထားခြင်းပင် ဖြစ်၏။ ကရွမ်တန်သည် သူ၏စက်ကို 'စပင်နင်းမျူး' ဟု အမည်ပေးလေသည်။
ဗိုင်းငင့်စက်သစ် စပင်းနင်းမျူးကို ၁၈ ရာစုနှစ်က ထွင်ခဲ့ သော်လည်း၊ ယခု ၂ဝရာစုနှစ်အထိပင်လျှင် ဤစက်မျိုးကို အသုံးပြုနေကြသေးသည်။ တိုးတက်ပြုပြင်ချက်များကို အနည်း ငယ်မျှသာ ပြုလုပ်နိုင်ခဲ့ကြသည်။ သို့ရာတွင် ဤမျှ အရေးပါ အသုံးဝင်၍ အဖိုးတန်သောစက်ကို ဖန်တီးခဲ့သူ ကရွမ်တန်ကား အကျိုးပေး နုံချာလှ၏။ ငွေကြေးကျပ်တည်းလှသဖြင့် သူ့စက် ၏လျှို့ဝှက်ချက်ကို ရောင်းချရာတွင် ပေါင် ၆ဝ မျှသာ ရရှိ သည်။ ၁၈ဝဝ ပြည့်နှစ်တွင် ကရွမ်တန်အတွက် ရန်ပုံငွေ ဖွင့်လှစ်ခဲ့ရာ ပေါင် ၅ဝဝ ခန့်ရရှိ၏။ သို့သော် ကရွမ်တန်ကား ငွေကျပ်တည်းမြဲ ရှိနေခြင်းကြောင့် သူ့အတွက် ရှေ့လုပ်ငန်း များတွင် နှောင့်နှေးခဲ့လေသည်။
၁၈၁၂ ခုနှစ်တွင် ဗြိတိသျှပါလီမန်က ကရွမ်တန်အား ပေါင် ၅ဝဝဝ ထုတ်ပေးပြီးလျှင် ဗိုင်းငင့်စက်ကို တိုးတက် ကောင်းမွန်အောင် ကြံဆောင် လုပ်ကိုင်စေသည်။ ထိုငွေမှာ လည်း အလုပ်တွင် ဝင်သွားသဖြင့် ဆုံးပါးသွားလေသည်။ ၁၈၂၄ ခုနှစ်မှစ၍ သူ၏မိတ်ဆွေများက နှစ်စဉ် ၆၃ ပေါင်ကျ ထောက်ပံ့ခဲ့ကြသည်။ သို့သော် ထိုထောက်ပံ့ကြေးများကို ကြာ မြင့်စွာ မခံစားရဘဲ၊ ၁၈၂၇ ခုဇွန်လ ၂၆ ရက်နေ့တွင် ဗိုလတန်မြို့၌ သေဆုံးသွားလေသည်။
ကိုးကား[ပြင်ဆင်ရန်]
- မြန်မာ့စွယ်စုံကျမ်း၊ အတွဲ(၁)",,,,,,
<urn:uuid:a6a150bf-0c5a-4136-8fdb-9dd137cdb97f>,"စစ်ကိုင်းတိုင်းဒေသကြီး မုံရွာခရိုင်အတွင်း ကမ္ဘာ့ဈေးကွက်၌ နာမည်ရပြီးဖြစ်သော သဘာ၀ တန်ဖိုးနည်းကျောက် ကိုးမျိုးထွက်ရှိပြီး အင်ကြင်း ကျောက်၊ ထန်းကျောက်ဖြင့် ပြုလုပ်ထားသည့် လက်မှုအနုပညာပစ္စည်း များ သည် အသက်ရှည် ခြင်း၊ လာဘ်လာဘကောင်းခြင်း၊ ကိုယ်ခံစွမ်းအား ကောင်းခြင်း စသည့်အယူအဆများကြောင့် ဈေး ကွက်တွင် လူကြိုက်များပြီး အရောင်းသွက်လျက် ရှိကြောင်း သိရသည်။ အင်ကြင်းကျောက်သည် ရှေးကာ လသစ်ပင်ကြီးများ လဲပြိုကျပြီး နွံမြေ (သို့မဟုတ်)ဆီနှင်းထူထဲပိတ်လှောင်မိပြီး နှစ်သန်း ပေါင်းများစွာ ပြင်ပလေနှင့်ထိတွေ့မှု မရှိသည့် အခြေအနေမှ ကျောက်သားအဖြစ် ပြောင်းလဲသွား ခြင်းဖြစ်သည်။ မည်သည့်အပင်မျိုးမဆို နှစ်ကာလ ကြာမြင့်၍ ကျောက်ဖြစ်သွားလျှင် အင်ကြင်း ကျောက်ဟုယူဆကြကြောင်း သိရသည်။ အင်ကြင်း ကျောက်ကို မြန်မာနိုင်ငံအပါအဝင် နိုင်ငံပေါင်း ၂၇ နိုင်ငံတွင် တွေ့နိုင်သည်။ မုံရွာမြို့တွင် အင် ကြင်းကျောက် ထုတ် လုပ်ရောင်းချသည့်လုပ်ငန်း ရှင် နှစ်ဦးရှိသည်။ KSM တွင်းထွက်ကျောက် အချောထည် ထုတ်လုပ်ရေးလုပ်ငန်းသည် မုံရွာ စက်မှုဇုန်တွင်ထုတ်လုပ်ပြီး Online မှတစ်ဆင့် ရောင်းချလျက်ရှိသည်။ မိသားစုတစ်နိုင်တစ်ပိုင် လုပ်ငန်းြ ဖစ်ပြီး လုပ်သားနှစ်ဦးဖြင့် လည်ပတ်ကာ အမှာများလျှင် စစ်ကိုင်းမြို့ရှိ ကျောက်အချောထည်လုပ်ငန်းသို့ ကုန်ကြမ်းပေးကာ အရေအတွက်ဖြင့် ထုတ်လုပ်ခိုင်းရကြောင်းသိရသည်။ အင်ကြင်းကျောက်ဖြင့် ထုတ်လုပ်သည့် ပစ္စည်း အမျိုးအစား ပေါင်း ၅၀ ကျော်ကို ထုတ်လုပ်ပြီး အင်ကြင်း ကျောက်အပြင် ထန်းကျောက်၊ ကျောက်စိမ်း၊ တခြားတန်ဖိုးနည်းကျောက်ဖြစ်သည့် မဟူရာ၊ အလင်းမှုန်စလင်းကျောက်၊ အလင်းပိတ်သလင်း ကျောက်များနှင့် တွဲဖက်၍ ဆွဲကြိုး၊ လက်ကောက်၊ လက်ပတ်၊ ဆွဲသီးများနှင့် အိမ်တွင်းအလှဆင်ပစ္စည်းများကို တန်ဖိုးနည်းကျောက်များဖြင့် Value Added ထုတ်လုပ်ရောင်းချနေပါသည်။ အင်ကြင်း ကျောက်ကိုကနီ၊ အရာတော်၊ ပုလဲ၊ ယင်းမာ ပင်၊ ဘုတလင်၊ မင်းကင်း၊ ကလေးဝနှင့် ကန့်ဘလူတို့မှ ဝယ်ယူကြောင်းသိရသည်။
တစ်နေ့ထုတ်လုပ်မှုမှာ ဆွဲသီး ၅၀၀ မှ ၁၀၀၀ ကြား၊ ပုတီးလုံးများထုတ်လျှင် ထုတ် သလောက်ရရှိပြီး အမျိုးအစားမျိုးစုံကို အမှာများ ပါက များသလိုထုတ်လုပ်လျက်ရှိသည်။ စစ်ကိုင်း မြို့သို့ ကုန်ကြမ်းပေး၍ ကုန်ချောယူ စနစ်ဖြင့်ထုတ် လုပ်သော ရေနွေးကရား၊ ကော်ဖီခွက်၊ ဆေးလိပ် ခွက်နှင့် ဆင်ရုပ်များမှာ တစ်ပတ်လျှင် အရေအတွက် အလိုက် ကျပ် ၁၀ သိန်းဖိုးမှ သိန်း ၃၀ကြားရှိသည်။ ဝင်ငွေအားဖြင့် ပုံမှန်မရှိသော်လည်း လက်ကား သမား များရှိပြီး ကျပ် ၄၀ သိန်းမှ ၅၀ သိန်းကြား လစဉ်မှာယူပြီး ဗိုလ်ချုပ်အောင်ဆန်းဈေးမှလည်း လစဉ်အမှာရှိကြောင်းသိရသည်။လက်လီရောင်း အားမှာ ခန့် မှန်းလို့မရဘဲ တစ်နေ့တည်း ကျပ် ၁၅ သိန်းဖိုး ဝယ်ယူသူများလည်းရှိပြီး ၎င်းတို့လုပ်ငန်း မှာ အရင်းအနှီးများလျှင် များသလောက် ထုတ် လုပ်မှုတိုး၍လုပ်နိုင်ကြောင်း သိရသည်။ အင်ကြင်း ကျောက် အရောင်းအသွေးများမှာ မီးခိုးရောင်၊ အညိုရောင်၊ အနီရောင်၊ ခရမ်းရောင်၊ အပြာ ရောင်၊ အစိမ်းေ ရာင်၊ အဝါရောင်နှင့် မြင့်မားသော သစ်ပင်ကြီးမှဖြစ်သည့် အရောင်မှာ အရောင် ပိုရင့်ကြောင်းလည်း သိရသည်။ အင်ကြင်းကျောက် ကို မည်သည့်ရာသီခွင်တွင် မွေးဖွားသူဖြစ်ပါစေ ဆောင်ထားသင့်ကြောင်း၊ အင်ကြင်းကျောက် ကို ရေဖြင့် သန့်စင်ပြီး နေရောင်ခြည်အောက်တွင် မိနစ် ၃၀ ခန့်ထားခြင်းဖြင့် စွမ်းအင်ပြည့်နိုင် ကြောင်းလည်း သိရှိရသည်။ KSM တွင်းထွက် ကျောက်အချောထည်လုပ်ငန်း ထုတ်လုပ်ရေးလုပ်ငန်းမှ ထုတ်လုပ်သည့် ပစ္စည်းများ သည် မြန်မာမှု မြန်မာ့ဟန်ကို ပြသရာရောက်ပြီး ဒေသတွင်းထွက် ရှိသည့်ကျောက်လည်းဖြစ်သည့်အပြင် နိုင်ငံခြား သားများ အကြိုက်တွေ့သည့် ပစ္စည်းများဖြစ် ကြောင်းလည်း သိရသည်။
နှင်းပန်းဖြူ (ဇေယျာကုန်သွယ်မှုဗဟိုဌာန)",,,,,,
<urn:uuid:d401f368-e769-4709-a742-979beb0b5186>,"နေပြည်တော် ဒီဇင်ဘာ ၂၅
မှူခင်းသတင်း
နေပြည်တော် ဒီဇင်ဘာ ၂၃
အယုံလွယ်သူများထံ ယုံကြည်အောင် ပြောဆို၍ Online မှတစ်ဆင့် ဆက်သွယ်ပြီး ဘဏ်သို့ ငွေလွှဲစေကာ MPU ကတ်များ အသုံးပြုပြီး လိမ်လည်ရယူသူ နိုင်ငံခြားသား များပါဝင်ပတ်သက်သည့် ဂိုဏ်းတစ်ခုအား ဖော်ထုတ် ဖမ်းဆီးရမိခဲ့ကြောင်း မြန်မာနိုင်ငံ ရဲတပ်ဖွဲ့မှ သတင်းထုတ်ပြန်ထားသည်။
ရခိုင်ပြည်နယ် မောင်တောမြို့နယ် နွားမြက်ထောက်ချောင်းဝအနီး ပင်လယ်ပြင်၌ တရားမဝင်သစ်များ တင်ဆောင်လာသော လှေတစ်စင်းအား ဒီဇင်ဘာ ၂၁ ရက် နံနက် ၁၁ နာရီတွင် ဖမ်းဆီးရမိကြောင်း သိရသည်။
နေပြည်တော် ဒီဇင်ဘာ ၂၂
ရှမ်းပြည်နယ်(တောင်ပိုင်း) လွိုင်လင်မြို့နယ်၌ ယမန်နေ့နံနက်ပိုင်းက ငွေကျပ် ၄ ဘီလီယံတန်ဖိုးရှိ စိတ်ကြွဆေးပြားများ ဖမ်းဆီးရမိကြောင်း မြန်မာနိုင်ငံ ရဲတပ်ဖွဲ့မှ သိရသည်။
နေပြည်တော် ဒီဇင်ဘာ ၂၁
နေပြည်တော် ဒီဇင်ဘာ ၂၀
နေပြည်တော် ဒီဇင်ဘာ ၁၈
ကချင်ပြည်နယ် မြစ်ကြီးနားမြို့ ရွှေညောင်ပင်ရပ်ကွက်အတွင်း ဒီဇင်ဘာ ၁၆ ရက် နံနက်ပိုင်းတွင် ကလေးငယ်တစ်ဦးအား အမျိုးသားတစ်ဦးက ဓားဖြင့်ထောက်၍ အကြမ်းဖက်ခိုးယူလုယက်သူတစ်ဦးအား ဒေသခံပြည်သူ များနှင့်မြန်မာနိုင်ငံ ရဲတပ်ဖွဲ့တို့ပူးပေါင်းမှုဖြင့် အချိန်တိုအတွင်း ဖမ်းဆီးရမိကြောင်း မြစ်ကြီးနားမြို့ နယ်မြေရဲတပ်ဖွဲ့စခန်းမှူး ရဲအု
နေပြည်တော် ဒီဇင်ဘာ ၁၆
မူးယစ်ဆေးဝါးတားဆီး နှိမ်နင်းရေး ရဲတပ်ဖွဲ့မှ တပ်ဖွဲ့ဝင်များသည် မိုးညှင်းမြို့နယ်၊ အင်းတော်မြို့နယ်နှင့် ပုသိမ်ကြီး မြို့နယ်တို့ ၌ ယမန်နေ့က မူးယစ်ဆေးဝါးများဖမ်းဆီး ရမိကြောင်း သိရသည်။
မန္တလေးတိုင်းဒေသကြီး မိတ္ထီလာမြို့ ရန်ကုန်-မန္တလေးအမြန်လမ်း၌ ဒီဇင်ဘာ၁၄ ရက် နံနက် ၃ နာရီခွဲတွင် ထိန်းချုပ်ဓာတုပစ္စည်းများ ဖမ်းဆီးရမိကြောင်း သိရသည်။",,,,,,
<urn:uuid:741f92a2-cfc3-4dbd-841e-c5c7c5fabc54>,"အရင်းအနှီးဈေးကွက်ဖွံ့ဖြိုးတိုးတက်ရေး စတုတ္ထအကြိမ် စားပွဲဝိုင်းဆွေးနွေးပွဲအား ငွေချေးသက်သေခံလက်မှတ်လုပ်ငန်းကြီးကြပ်ရေးကော်မရှင်ရုံး၌ ကျင်းပပြုလုပ်(၈–၂–၂၀၂၀)
မြန်မာနိုင်ငံ၏အရင်းအနှီးစျေးကွက်ဖွံ့ဖြိုးတိုးတက်ရေးအတွက် “စတုတ္ထအကြိမ်တွေ့ဆုံညှိနှိုင်းအစည်းအဝေးကို(၈-၂-၂၀၂၀)ရက်(စနေနေ့)၊ နံနက် (၀၉:၀၀)နာရီတွင် ရန်ကုန်မြို့၊ ငွေချေးသက် သေခံလက်မှတ် လုပ်ငန်းကြီးကြပ်ရေး ကော်မရှင်ရုံး၌ ကျင်းပပြုလုပ်ခဲ့ပါသည်။
အဆိုပါဆွေးနွေးပွဲသို့ စီမံကိန်း၊ ဘဏ္ဍာရေးနှင့် စက်မှုဝန်ကြီးဌာန ဒုတိယဝန်ကြီး၊ မြန်မာနိုင်ငံ ငွေချေးသက် သေခံလက်မှတ် လုပ်ငန်း ကြီးကြပ်ရေးကော်မရှင်ဥက္ကဋ္ဌ၊ ဦးမောင်မောင်ဝင်းနှင့် ကော်မရှင် အဖွဲ့ဝင်များ၊ ဂျပန်သံရုံးနှင့် JICAမှ တာဝန်ရှိသူများ၊ မြန်မာနိုင်ငံတော် ဗဟိုဘဏ်၊ ရင်းနှီးမြှုပ်နှံမှုနှင့် ကုမ္ပဏီများ ညွှန်ကြား မှုဦးစီးဌာန၊ ပြည်တွင်းအခွန်များဦးစီးဌာန၊ မြန်မာနိုင်ငံလက်မှတ်ရ ပြည်သူ့ စာရင်းကိုင် များအသင်း၊ Myanmar Private Equity and Venture Capital Association၊ ရန်ကုန်စတော့အိပ်ချိန်း၏ စာရင်းဝင်ကုမ္ပဏီများ၊ ငွေချေးသက်သေခံ လက်မှတ် ကုမ္ပဏီများနှင့် ရန်ကုန်စတော့အိပ်ချိန်းတို့မှှ ဌာနဆိုင်ရာ အကြီးအကဲများနှင့် တာဝန်ရှိပုဂ္ဂိုလ်များ တက်ရောက်ကြပါသည်။
ဆွေးနွေးပွဲ သဘာပတိအဖြစ် စီမံကိန်း၊ ဘဏ္ဍာရေးနှင့်စက်မှုဝန်ကြီးဌာန ဒုတိယဝန်ကြီး၊ ငွေချေး သက်သေခံလက်မှတ် လုပ်ငန်း ကြီးကြပ် ရေးကော်မရှင် ဥက္ကဋ္ဌ ဦးမောင်မောင်ဝင်းက ဆောင်ရွက် ပါသည်။ သဘာပတိက အဖွင့်အမှာစကား ပြောကြားရာတွင် စတော့ဈေးကွက် ဖွံ့ဖြိုးတိုးတက် စေရန်နှင့် စတော့ရှယ်ယာဈေးကွက် အတွင်းရှိနေသော စိန်ခေါ်မှုများ၊ အခက်အခဲများကို ဖြေရှင်း ပေးနိုင်ရန် စားပွဲဝိုင်း ဆွေးနွေးပွဲကို (၃)လ တစ်ကြိမ် ကျင်းပပြုလုပ်ခဲ့ရာ အခုအကြိမ်သည် (၄) ကြိမ်မြောက် ဆွေးနွေးပွဲဖြစ်ကြောင်း၊ တတိယအကြိမ် ဆွေးနွေးပွဲတွင် အစိုးရဌာနများ တင်ဒါခေါ် ယူသည့်အခါ စာရင်းဝင်ကုမ္ပဏီများတွင် အရည်အချင်းကို ထည့်သွင်း စဉ်းစားရေးကိစ္စ၊ အစိုးရ၏ ပစ္စည်းဝယ်ယူမှု စည်းမျဉ်းစည်းကမ်းနှင့်လုပ်ထုံး လုပ်နည်း ထည့်သွင်းဖော်ပြရန်ကိစ္စ၊ ၊ စာရင်းဝင် ကုမ္ပဏီတွေမှာ ဝင်ငွေခွန် လျော့ပေါ့ပေးရေးကိစ္စ၊ မြန်မာနိုင်ငံ၏ ရေရှည်တည် တံ့ခိုင်မြဲပြီး ဟန်ချက်ညီသော ဖွံ့ဖြိုးတိုးတက်မှု စီမံကိန်းတွင် အရင်းအနှီးဈေးကွက်ဖွံ့ဖြိုး တိုးတက်ရေးအတွက် ထည့်သွင်းသင့်သော မဟာဗျူဟာ ကိစ္စများကို ဆွေးနွေးခဲ့ပါကြောင်း၊ ယခုဆွေးနွေးပွဲတွင် ရန်ကုန် စတော့အိပ်ချိန်းမှာ နိုင်ငံခြားသားများ ပါဝင်ရင်းနှီးမြှုပ်နှံခွင့်ပြုရေးကိစ္စ၊ ငွေချေးသက်သေခံလက် မှတ်များ အရောင်းအဝယ် ပြုလုပ်ရာတွင် အခွန်ကောက်ခံမည့်နည်းစနစ်၊ ရန်ကုန်စတော့ အိပ်ချိန်းမှာ စာရင်းမဝင်ရသေးသည့် အများပိုင် ကုမ္ပဏီတွေအတွက် Pre-listing Board တည်ထောင်ရန် ဆောင် ရွက်ထားမှု အခြေအနေနှင့် ငွေချေးသက်သေခံလက်မှတ်ကုမ္ပဏီတစ်ခုချင်းစီက Key Performance Indicators များအပေါ် ဆောင်ရွက်ထားရှိမှု အခြေအနေတို့ကို ဆွေးနွေးကြမည်ဖြစ်ကြောင်း၊ ဆွေးနွေး ချက်များအပေါ် ဆက်လက်အကောင်အထည်ဖော် ဆောင်ရွက်သည့်အခါ တိုက်ရိုက်အကောင်အထည် ဖော်နိုင်သည့်ကိစ္စများရှိသလို ထပ်မံဆွေးနွေးရန်ရှိသည့် ကိစ္စများလည်း ရှိနိုင်ကြောင်း၊ ယင်းတို့ကို ရေတိုရေရှည် အစီအမံများချမှတ်၍ ဆောင်ရွက် သွားရမည်ဖြစ်ကြောင်းပြောကြားပါသည်။
ဆက်လက်၍ ဆွေးနွေးပွဲအစီအစဉ်များအတိုင်း တက်ရောက်လာသူများက ဝိုင်းဝန်းဆွေးနွေးကြပြီး ဆွေးနွေးပွဲကို အောင်မြင်စွာ ကျင်းပ ပြီးစီးခဲ့ပါသည်။
ရန်ကုန်စတော့အိပ်ချိန်းကို ၂၀၁၆ ခုနှစ် မတ်လတွင် စာရင်းဝင်ကုမ္ပဏီများ၏ အစုရှယ်ယာ များကို စတင်ရောင်းဝယ်ခဲ့ရာ ယခုအခါ စာရင်းဝင်ကုမ္ပဏီ (၅)ခုတို့က ငွေချေး သက်သေခံလက်မှတ် ကုမ္ပဏီ(၆)ခုတို့မှတစ်ဆင့် နေ့စဉ် အရောင်းအဝယ်ပြုလုပ်လျက်ရှိပြီး ထပ်မံဝင်ရောက်လာမည့် စာရင်း ဝင်ကုမ္ပဏီများအတွက် စံနှုန်းသတ်မှတ်ချက် များနှင့်အညီ စစ်ဆေးဆောင်ရွက်လျက်ရှိကြောင်း သတင်း ရရှိပါသည်။",,,,,,
<urn:uuid:7fef730e-0529-438a-84a0-0767b980d79e>,"ကဏ္ဍ:ပထဝီဝင်နှင့် နေရာဒေသ တမ်းပလိတ်များ
အညွှန်းသို့ ခုန်ကူးရန် ရှာဖွေရန် ခုန်ကူးမည်
|ဤကဏ္ဍအောက်ရှိ စာမျက်နှာများကို သင့်လျော်သည့် ကဏ္ဍခွဲများထဲသို့ ထည့်သွင်းသင့်သည်။|
ဤကဏ္ဍအား စာမျက်နှာ များပြားမလာစေရန် မကြာခဏ ထိန်းသိမ်းကြည့်ရှုရန် လိုအပ်ကောင်းလိုအပ်မည်။ ဤကဏ္ဍတွင် ဆောင်းပါးအနည်းငယ်သာ ရှိသင့်ပြီး၊ အဓိကအားဖြင့် ကဏ္ဍခွဲများသာ ရှိသင့်သည်။
ကဏ္ဍခွဲများ
ဤကဏ္ဍတွင် စုစုပေါင်း ၇ ခု အနက်မှ အောက်ပါ ကဏ္ဍခွဲ ၇ ခု ရှိသည်။
I
- ► ပထဝီဝင်နှင့် နေရာဒေသ infobox တမ်းပလိတ်များ (၁ ကဏ္ဍ, ၂ စာမျက်နှာ)
န
- ► နိုင်ငံ တမ်းပလိတ်များ (၂ ကဏ္ဍ, ၂ စာမျက်နှာ)
မ
- ► မြေပုံတမ်းပလိတ်များ (၁ ကဏ္ဍ)",,,,,,
<urn:uuid:da119eb2-aeb5-438e-8080-a0d7c7c93326>,"တစ်မီးဖိုချောင်တစ်ဦး KitchenAid ရောနှောခြင်းမရှိဘဲအမှန်တကယ်ပြီးပြည့်စုံလား? အဖြေ ""no"" ဆိုတဲ့တစ်အမျိုးအစားဖြစ်ပါတယ်, ဒါပေမယ့်ဤကြီးစွာသောရောနှောသူတို့လူအများစုများအတွက်လက်လှမ်းမမီထဲကဖြစ်ကြောင်းဒါကြောင့်စျေးကြီးတယ်။ ကံကောင်းတာကသင်တို့အဘို့ကျနော်တို့အများကြီးပိုလက်လှမ်းအမှတ်တံဆိပ်ရဲ့အကောင်းဆုံးရောနှော၏တဦးတည်းလုပ်လိမ့်မယ်လို့သဘောတူညီချက်ရှိသည်။ အမေဇုံပေါ်တက်မြန်မြန်သင်ရှာတွေ့ပါလိမ့်မယ် KitchenAid ဂန္ထဝင် Plus အား KSM75SL 4.5-Qt ။ ရောနှောရပ်နေ သာ $ 199 များအတွက်ရရှိနိုင်ပါ!
ဒီမှာဒေတာစာရွက်ကနေသွင်းယူအချက်များနေသောခေါင်းစဉ်:
- ရရှိနိုင် 10 ဆက်စပ်ပစ္စည်းထက်ပိုမိုနှင့်အတူ gastronomic စင်တာ၌သင်တို့၏ရပ်တည်ချက်ရောနှော Turn; လျှပ်စစ်: 60 ဟတ်ဇ
- မက်စ် watt 275 ။ 4,5 ၏သံမဏိပန်းကန်တစ်ခုတည်းအသုတ်အတွက်အာလူး mashed 6 တစ်ဒါဇင် cookies များကို, မုန့်သို့မဟုတ် 3 6 စာအုပ်တွေအထိရောထွေးဖို့လုံလောက်သောစွမ်းရည်နှင့်အတူ pints ။
- soft က start တစ်ဦးအနိမ့်မြန်နှုန်းမှာစတင်မျိုးစုံပါဝင်ပစ္စည်းများနှင့်မုန့်ညက် puff ကိုရှောင်။
- အဆိုပါ tilt ဦးခေါင်းဒီဇိုင်းကိုပန်းကန်လုံးမှ unobstructed access ကိုလွယ်ကူစွာတစ်ဦးစာရွက်ထဲတွင်လိုအပ်သောပါဝင်ပစ္စည်းများထည့်သွင်းဖို့ခွင့်ပြုပါတယ်။ အဘယ်သူမျှမပန်းကန်လက်ကိုင်
- အားလုံးနီးပါးတာဝန်များကိုအပေါင်းတို့နှင့် recettes.Couvercle အဖုံးအတွက်လုံလောက်သောအစွမ်းထက် 10 optimized အမြန်နှုန်း: အဘယ်သူမျှမတင်ခဲ့သည်
- KSM75SL Ksm75 comprises (1) ပြားချပ်ချပ် beater ကုတ်အင်္ကျီ (1) coated မုန့်စိမ်းချိတ်, (1) နှင်တံ 6 သား
လိုက် Twitter ပေါ်တွင် @BGRDeals ပိုပြီးသတင်းနှင့်အင်တာနက်သုံးစွဲသူများကအကောင်းဆုံးကမ်းလှမ်းမှုသည်။ ပမာဏကန့်သတ်ဖြစ်နိုင်သည်။ စျေးနှုန်းများအသိပေးစာမပါဘဲပြောင်းလဲပစ်ရန်ဘာသာရပ်ဖြစ်ကြပြီးကူပွန်မည်သည့်အချိန်တွင်မကုန်ဆုံးစေနိုင်သည်။ တချို့ကကမ်းလှမ်းမှုအားလုံးဖောက်သည်များအတွက်ရရှိနိုင်ပါလိမ့်မည်မဟုတ်ပါ။ BGR ဤဆောင်းပါးကိုတဆင့်ထားရှိအမိန့်အပေါ်တစ်ဦးကော်မရှင်လက်ခံရရှိလိမ့်မည်။
ဤဆောင်းပါးတွင်ပထမဦးဆုံးပေါ် (အင်္ဂလိပ်လို) သည်ထင်ရှား BGR",,,,,,
<urn:uuid:dde45a75-3955-4a63-a291-e7f62a054f95>,"ဈေးသက်သာတဲ့ iPhone XR (Refur) အလုံးများကို အမေရိကန်ပြည်ထောင်စုမှာ ပထမဆုံးအကြိမ် ရောင်းချနေပြီ ဖြစ်ပါတယ်။
Apple ရဲ့ ထောက်ခံချက်ပါ Refur ပြန်ထုတ်ထားတဲ့ iPhone XR မော်ဒယ်တွေမှာ ပျမ်းမျှအားဖြင့် လက်ရှိ Brand-new အလုံးတွေထက် ၁၆% ဈေးပိုသက်သာပါတယ်။ ပုံမှန်ဈေးထက် ဒေါ်လာ ၁၀၀-၁၂၀ သက်တာတာ ဖြစ်ပါတယ်။ 64GB ၊ 128GB storage တွေအပြင် အနက်ရောင်တစ်မျိုးတည်းနဲ့ ဝယ်လို့ ရမယ့် 256GB storage လည်း ထွက်ထားပါတယ်။
Photo: GSMArena
iPhone XR (Refur) အလုံး 64GB မော်ဒယ်ဟာ လက်ရှိပေါက်ဈေး ၅၉၉ ဒေါ်လာကနေ ၄၉၉ ဒေါ်လာ ၊ 128GB မော်ဒယ်ကို လက်ရှိအသစ်ပေါက်ဈေး ၆၄၉ ဒေါ်လာကနေ ၅၃၉ ဒေါ်လာနဲ့ 256GB မော်ဒယ်ကို ၇၄၉ ဒေါ်လာကနေ ၆၂၉ ဒေါ်လာ ဈေးချပြီး ရောင်းလာတာ ဖြစ်ပါတယ်။ ၂၀၁၈ မှာ စပြီး မိတ်ဆက်ချိန်က iPhone XR အနိမ့်ဆုံးမော်ဒယ်ဟာ ၇၄၉ ဒေါ်လာ ကျသင့်ပါတယ်။
ပြီးခဲ့တဲ့ ဇန်နဝါရီလဆန်းပိုင်းမှာ Apple ဟာ Refur မော်ဒယ် iPhone XS နဲ့ iPhone XS Max တို့ကို Apple အွန်လိုင်းစတိုးတွေမှာ စတင်ရောင်းချခဲ့ပါတယ်။ Refur အဖြစ် ပြန်ထုတ်လိုက်တဲ့ iPhone တွေဟာ Apple ရဲ့ ထောက်ခံချက်နဲ့ စမ်းသပ်စစ်ဆေးမှု လုပ်ပြီးမှ ဗူးအဖြူအသစ်နဲ့ ပြန်ထုတ်ပိုးထားတာပါ။ Refur မော်ဒယ်တွေအတွက် တစ်နှစ် အာမခံ warranty ပေးထားပါတယ်။
Photo: macrumors
ဒေါ်လာ ၄၀၀ တန် iPhone SE (2020) ဈေးကွက်ထဲ ဝင်ရောက်ချိန်မှာ ဒေါ်လာ ၅၀၀ တန် iPhone XR ကို စိတ်ဝင်စားမှု နည်းနိုင်ပါတယ်။ မျက်နှာပြင် ၄.၇ လက်မအရွယ်အစားကို မကြိုက်သူတွေအတွက်တော့ မျက်နှာပြင် ၆.၁ လက်မအရွယ် iPhone XR က ရွေးချယ်စရာပါ။ နောက်တစ်ချက်က iPhone XR ဟာ iPhone SE သစ်လို A13 chipset မဟုတ်ပေမယ့် FaceID စနစ်နဲ့ ပိုပြီး သေးငယ်တဲ့ bezel တွေ သုံးထားပါတယ်။
နောက်တစ်ချက်က မျက်နှာပြင်ကြီးသလို ဘက်ထရီပါဝါ ပိုကြီးတဲ့ အားသာချက်လည်း ရှိပါတယ်။ အနည်းဆုံးတော့ ၂၀၁၈ မော်ဒယ် iPhone XR ကို ဈေးသက်သက်သာသာနဲ့ ကိုင်ချင်သူတွေအတွက် Refur မော်ဒယ်ဟာ စိတ်ဝင်စားစရာ ဖြစ်နေမှာပါ။",,,,,,
<urn:uuid:967a8054-9b65-4768-b85c-3fa003a6b0d4>,"ဒီကနေ့ ပုသိမ်ကိုဗစ်လူနာ (၁၈)ဦးသေဆုံး
၉၊ ဩဂုတ်လ၊ ၂၀၂၁။
ပုသိမ်မြို့မှာ သြဂုတ်လ ၉ရက်နေ့က ကိုဗစ်လူနာ (၁၈)ဦး သေဆုံးခဲ့တယ်လို့ မနောဖြူ လူမှုကူညီရေးအဖွဲ့ရဲ့ မီးသင်္ဂြိုဟ်မှု မှတ်တမ်းတွေအရ သိရပါတယ်။
ပုသိမ်ဆေးရုံကြီးမှာ ဆေးဝါးကုသမှုခံယူနေရင်း သေဆုံးသူ (၅)ဦး ၊စစ်တပ်မဆရ(၄)ဆေးရုံက(၂)ဦး၊ နေအိမ်တွေမှာ ဆေးဝါးကုသရင်း သေဆုံးခဲ့သူ (၁၁)ဦးရှိခဲ့တယ်လို့ သိရပါတယ်။
ကိုဗစ်ကပ်ရောဂါတတိယလှိုင်းအတွင်း ဇူလိုင်လ တလလုံး ပုသိမ်မြို့မှာ ကိုဗစ်ရောဂါကြောင့် သေဆုံးသူ (၈၁၀)ဦး ရှိပြီး သြဂုတ်လဒီနေ့ထိသေဆုံးသူ (၁၆၉)ဦးအပါအ၀င် စုစုပေါင်း (၉၇၉)ဦးထိရှိလာပြီ ဖြစ်ပါတယ်။",,,,,,
<urn:uuid:bf558292-a826-4bb1-831d-475a002b874b>,"အသက်မပြည့်သေးသည့် မိန်းကလေးကို မုဒိမ်းကျင့်မှုဖြင့် ရဲအလိုရှိနေသည့် နယ်ထိန်းကို မိပြီ
မန္တလေးတွင် အသက် ၁၅ နှစ်အရွယ် မိန်းကလေး တဦးကို အဓမ္မပြုကျင့်မှုဖြင့် ရဲတပ်ဖွဲ့က အလိုရှိနေသည့် နယ်ထိန်း တဦးကို ဖမ်းဆီးလိုက်ပြီဖြစ်ကြောင်း မန္တလေးခရိုင် ရဲတပ်ဖွဲ့က ဧရာဝတီသို့အတည်ပြုပြောဆိုသည်။
မန္တလေးခရိုင် ရဲတပ်ဖွဲ့မှ ခရိုင်ရဲတပ်ဖွဲ့မှုး ဒုတိယ ရဲမှုးကြီး မျိုးအောင် က “ဖမ်းမိတာမှန်ပါတယ် ဘယ်လို အရေးယူမလဲ ဆိုရင်တော့ သူ့ကိုအမှုဖွင့်ထားတာဖြစ်တဲ့အတွက် အဲဒီအတိုင်း အရေးယူသွားမယ်။ နောက်ပြီး ရဲစည်းကမ်း အရလည်း အရေးယူသွားမယ်။ သူ့ကို အမြန်လမ်းပေါ် ဒိုက်ဦး အပိုင်ထဲမှာ ဖမ်းမိခဲ့တာပါ” ဟု ပြောသည်။
မုဒိမ်းမှုဖြင့် ရဲက ဖမ်းဆီးလိုက်သူမှာ မန္တလေးခရိုင် မဟာအောင်မြေမြို့နယ် အမှတ် ၇ နယ်မြေရဲစခန်းမှ ရဲဒုတပ်ကြပ် တေဇာအောင်ဖြစ်ပြီး မဟာအောင်မြေမြို့နယ်၊ မဟာအောင်မြေ အနောက်ရပ်ကွက်၏ အပိုင်နယ်ထိန်း တာဝန် ထမ်းဆောင်နေသူဖြစ်ကြောင်း သိရသည်။
နယ်ထိန်း ရဲဒုတပ်ကြပ် တေဇာအောင်သည် မုဒိမ်းမှု ကျူးလွန်ခဲ့သည်ဆိုသော ဇန်နဝါရီလ ၂၂ ရက်နေ့ကတည်းကပင် ပျောက်ဆုံးနေခြင်းဖြစ်ပြီး ၎င်းကို ဇန်နဝါရီလ ၂၅ ရက်နေ့ ညပိုင်းက ရန်ကုန်-မန္တလေး အမြန်လမ်း မိုင်တိုင် ၆၆/၆ ဒိုက်ဦး ရဲစခန်းအပိုင်တွင် ဖမ်းမိခဲ့ခြင်း ဖြစ်ကြောင်းသိရသည်။
အိမ်ထောင်ရှိသူလည်းဖြစ်သည့် ရဲဒုတပ်ကြပ် တေဇအောင်သည် မဟာအောင်မြေ မြို့နယ်ရှိ အသက် ၁၅ နှစ်အရွယ် မိန်းကလေးတဦးကို တည်းခိုခန်းတွင် ခေါ်၍ သားမယားပြုကျင့်ခဲ့ခြင်း ဖြစ်ကြောင်း သိရသည်။
တည်ဆဲဥပဒေ ပြဌာန်းချက်များအရ အသက် ၁၆ နှစ်မပြည့်သေးသည့် မိန်းကလေးနှင့် ကာမစပ်ယှက်လျှင် အလိုအလျောက် မုဒိမ်းမှုမြောက်ကြောင်း သိရသည်။
အဆိုပါဖြစ်စဉ်နှင့် ပတ်သက်၍ နယ်ထိန်း ရဲဒုတပ်ကြပ် တေဇာအောင်အား အမှတ် (၇) နယ်မြေရဲစခန်းက (ပ) ၆၂/၂၀၁၉၊ ရာဇသတ်ကြီး ဥပဒေ ပုဒ်မ- ၃၇၆/၃၆၃ တို့ဖြင့် အမှုဖွင့်ထားပြီး ဥပဒေ အကြံပြုချက် တောင်းခံကာ အမြန်ဆုံး တရားစွဲ တင်ပို့နိုင်ရန် လုပ်ဆောင်သွားမည်ဟု သိရသည်။",,,,,,
<urn:uuid:12518661-b0ff-4dda-9eaf-61e3842f748e>,"A:optical fiber မှ အစက်အပြောက်ထွက်ရှိမှုသည် ယေဘူယျအားဖြင့် အချို့သော ကွဲလွဲသောထောင့်ရှိသော စက်ဝိုင်းပုံအစက်ဖြစ်သည်။ သတ်မှတ်ထားသော အစက်အပြောက်အရွယ်အစားသည် ဖိုက်ဘာအူတိုင်အချင်းနှင့် ဆက်စပ်နေပြီး ခြားနားသောထောင့်ကို ဖိုက်ဘာဂဏန်းအပါချာမှ ဆုံးဖြတ်သည်။ အသုံးများသော အလင်းမျှင်များကို single mode နှင့် multimode ဟူ၍ ပိုင်းခြားထားပြီး၊ single mode core ၏ အချင်းမှာ μm မှ 2.9 မှ 9μm၊ multimode core ၏ အချင်းမှာ μm မှ 50 မှ 400μm ဖြစ်ပြီး ဂဏန်းအလင်းဝင်ပေါက်သည် ယေဘုယျအားဖြင့် 0.15 NA နှင့် 0.22 NA ဖြစ်သည်။ အသီးသီး ကိန်းဂဏာန်း အလင်းဝင်ပေါက်သည် ဖိုက်ဘာရှိ အလင်းတန်း၏ စုစုပေါင်း ရောင်ပြန်ဟပ်မှု ထုတ်လွှင့်မှု၏ အများဆုံး အဖြစ်အပျက်ထောင့်၏ sinusoidal တန်ဖိုးကို ရည်ညွှန်းသည်။ ၎င်းကို လေဆာဖိုက်ဘာ၏ ခြားနားသောထောင့်အဖြစ် မှတ်ယူနိုင်သည်။ 0.22 NA သည် ကွဲလွဲသောထောင့် (တစ်ဝက်ထောင့်) 12.5° ခန့်နှင့် 8° ခြားနားသောထောင့်ကိုကိုယ်စားပြုသည့် 0.15 NA ဖြစ်သည်။
A:Box Optronics မှပေးသောလေဆာအားလုံးသည် single laser ၏ဖိုက်ဘာအချိတ်အဆက်မုဒ်ပေါ်တွင်အခြေခံသည်။",,,,,,
<urn:uuid:130e4468-6a1e-410f-bc93-008b43958925>,"ဒေါ့မွန် တိုက်စစ်မှူး ဟာလန်းကတော့ လီဗာပူးလ် နောက်ခံလူ ဗန်ဒိုက်ဟာ အလွန် ကောင်းတဲ့ အတွက်ကြောင့် ထိပ်တိုက် ရင်ဆိုင်ရတာ မုန်းတယ်လို့ အခိုင်အမာ ပြောသွားတာ ဖြစ်ပါတယ်။ ဟာလန်းဟာ ဒေါ့မွန်အသင်းကို မပြောင်းလာခင် ရက်ဘူးလ်အသင်းမှာ ကစားခဲ့စဉ်က ချန်ပီယံ လိဂ် အုပ်စု ပွဲစဉ် (၂) ပွဲမှာ နောက်ခံလူ ဗန်ဒိုက်နဲ့ (၂) ကြိမ်အထိ ထိပ်တိုက် ရင်ဆိုင်ခဲ့ပါတယ်။ ဟာလန်းဟာ အဝေးကွင်းမှာ လီဗာပူးလ်အသင်းကို (၄-၃) ရလဒ်နဲ့ ရှုံးနိမ့်ခဲ့စဉ်က ဂိုးသွင်းနိုင်ခဲ့ပေမဲ့လည်း အိမ်ကွင်းမှာ (၂-ဝ) ရလဒ်နဲ့ ရှုံးနိမ့်ခဲ့တဲ့ အချိန်မှာ ဂိုးသွင်းနိုင်ဖို့ ရုန်းကန်ခဲ့ရပါတယ်။
Photo Credit: Goal
ရက်ဘူးလ်အသင်းဟာ ချန်ပီယံလိဂ် ပြိုင်ပွဲမှာ လီဗာပူးလ်အသင်းကို နှစ်ကျော့ပေါင်း ရှုံးနိမ့်ခဲ့တဲ့ အတွက်ကြောင့် ချန်ပီယံလိဂ် ပြိုင်ပွဲက ထွက်ပြီး ယူရိုပါလိဂ်ကို တန်းဆင်း ကစားခဲ့ရပါတယ်။ တိုက်စစ်မှူး ဟာလန်းဟာ ချန်ပီယံလိဂ် ပွဲစဉ် (၆) ပွဲ ကစားခဲ့ရာမှာ (၈) ဂိုး သွင်းယူခဲ့တာကြောင့် အသင်းကြီးတွေရဲ့ စိတ်ဝင်စားမှုကို ခံခဲ့ရပြီး ဒေါ့မွန်အသင်းကို ပြောင်းသွားခဲ့တာ ဖြစ်ပါတယ်။ ဟာလန်းဟာ ဒေါ့မွန်အသင်းအတွက် ပထမဆုံး (၁၀) ပွဲမှာ သွင်းဂိုး (၁၂) ဂိုး သွင်းယူနိုင်ခဲ့ပြီး သူက နောက်ခံ ကစားသမားတွေမှာ ဗန်ဒိုက်နဲ့ ရင်ဆိုင်ရတာ မုန်းတယ်လို့ ပြောသွားပါတယ်။
Photo Credit: Goal
ဒေါ့မွန် တိုက်စစ်မှူး ဟာလန်းဟာ ဘယ် နောက်ခံ ကစားသမားနဲ့ ထိပ်တိုက် ရင်ဆိုင်ရတာကို မုန်းပါသလဲလို့ France Football သတင်းက မေးမြန်းတဲ့ အချိန်မှာ သူက “ဗန်ဒိုက်ပါပဲ။ သူဟာ ကောင်းလွန်းပါတယ်။ သူက အားပြည့်တယ်။ လျှင်မြန်တယ်။ အရည်အချင်းတွေ အားလုံးကို ပိုင်ဆိုင်ထားပါတယ်။ သူက မယုံနိုင်စရာ ကောင်းတဲ့ ကစားသမားပါ”လို့ ပြောကြားခဲ့ပါတယ်။ ဟာလန်းဟာ နောက်တစ်ဆင့် ရောက်နိုင်ဖို့အတွက် ဒေါ့မွန်အသင်းကို အသုံးပြုချနေတယ်လို့ သတင်းတွေ ထွက်လာပေမဲ့ သူက ဒေါ့မွန်အသင်းမှာ ကစားရတာ ပျော်တယ်လို့ ပြောပါတယ်။ ဟာလန်းက “ကျွန်တော် ဒေါ့မွန်အသင်းကို ရောက်ရုံပဲ ရှိသေးတာပါ။ ကျွန်တော် ဒီအသင်းမှာ အလွန် ပျော်ပါတယ်။ အောင်မြင်မှုတွေ အများကြီး ရရှိချင်ပါတယ်”လို့ ပြောခဲ့တာ ဖြစ်ပါတယ်။",,,,,,
<urn:uuid:14587bee-72d0-4f71-a64e-4092fb997bc4>,"ပြင်းထန်တဲ့ ဘောလုံးရာသီတစ်ခုကို ကျော်ဖြတ်နေရင်း ဗီလာရီးရဲလ်ပွဲမှာ သွင်းဂိုး ထပ်မံ ရယူမှုနဲပအတူ မာနေးဟာ နာမည်ကျော် အာဖရိက ဂန္တဝင်ကြီး ဒရော့ဘာရဲ့ ချန်ပီယံလိဂ် မှတ်တမ်းကို လိုက်မီခဲ့ပါတယ်။
ဇန်နဝါရီမှာ ဒီယက်စ် ရောက်လာတဲ့နောက် မာနေးဟာ ဘယ်ခြမ်းကနေ အထောင် တိုက်စစ်မှူး နေရာကို ပြောင်းကစားနေခဲ့တာဖြစ်တယ်။ ဖာမင်နို၊ ဂျိုတာတို့ အဓိက ကစားတဲ့ အဆိုပါ နေရာမှာ မာနေးက အံဝင်နေပြီး နောက်ဆုံး ယှဉ်ပြိုင်ထားတဲ့ ၆ ပွဲမှာ ကိုယ်တိုင် ၆ ဂိုး သွင်းကာ ဂိုးထောက်ပံ့မှု ၁ ကြိမ် လုပ်ထားနိုင်တာ ဖြစ်ပါတယ်။
အာဖရိက ကစားသမားတွေထဲမှာ ချန်ပီယံလိဂ် ရှူံးထွက်အဆင့်တွေအတွင်း ဂိုးအများဆုံး သွင်းယူသူအဖြစ် ဒရော့ဘာဟာ ရှုံးထွက်ပွဲ ၄၆ ပွဲ မှာ သွင်းဂိုး ၁၄ ဂိုးနဲ့ စံချိန်တင်ထားတာပါ။ ဗီလာရီးရဲလ်ပွဲမှာ သွင်းဂိုး ရယူနိုင်ခဲ့တဲ့ မာနေးက ဒရော့ဘာရဲ့ ၁၄ ဂိုး စံချိန်ကို လိုက်မီခဲ့ကာ ပွဲပိုနည်းစွာနဲ့ ရှုံးထွက်ပွဲပေါင်း ၂၅ ပွဲအတွင်း ရရှိခဲ့တာ ဖြစ်ပါတယ်။
ဒါဟာ မာနေးအတွက် ဂုဏ်ယူစရာ မှတ်တမ်းတစ်ခုဖြစ်ပြီး အနာဂတ်မှာ ဒရော့ဘာရဲ့ စံချိန်ကို ချိုးနိုင်ဖွယ် ရှိနေသလို သူ့ရဲ့ ကစားသမားဘဝ ကုန်ဆုံးချိန်မှာ ဂန္တဝင်မှတ်တမ်းတစ်ခုကို စိုက်ထူနိုင်မှု ဖြစ်လာပါလိမ့်မယ်။
ပွဲအပြီးမှာ ကလော့ပ်က “ မာနေးက ဘယ်ခြမ်းကော၊ ကွင်းလယ်မှာပါ ကမ္ဘာအဆင့် တိုက်စစ်သမားအဖြစ် ကစားနိုင်ပါတယ်။ သူက လီဗာပူးအသင်းမှာ ညာတောင်ပံ တိုက်စစ်သမားအဖြစ် စတင် ကစားခဲ့ပြီး အာဆင်နယ်ကို ရင်ဆိုင်ချိန်သူ သွင်းခဲ့တဲ့ ဂိုးကို မှတ်မိနေပါသေးတယ်။ အသင်းအတွက် သူ့ရဲ့ ပထမဆုံး သွင်းဂိုးဖြစ်သလို အတွင်းကို ချိုးဝင်ပြီး ဘယ်ခြေနဲ့ ထောင့်နားကို ခပ်ပြင်းပြင်း ကန်သွင်းခဲ့တာပါ။
သူက သိပ်ကို ထူးချွန်တယ်။ သူ့ကို နှစ်သက်ပါတယ်။ ဒီအခြေအနေမှာ သူကို စွယ်စုံသုံးလို့ ရနေတာက သိပ်ကောင်းပါတယ်။ ဂျိုတာကို အထောင်ထား ကစားရတာ နှစ်သက်သလို ဘော်ဘီကို အလယ်မှာ သုံးရတာလည်း နှစ်သက်ပါတယ်။ ဆာဒီယိုကို ဘယ်ခြမ်းမှာ သုံးရတာကိုလည်း သဘောကျတယ်။ ခြားနားတဲ့ နည်းလမ်းတွေနဲ့ အသုံးပြုနိုင်ပါတယ်။
တခါတလေတော့ သူ့ကို အတွင်းကို ဆင်းကစားစေလိုတယ်။ ဒီနေ့မှာတော့ ခံစစ်မှူး နှစ်ယောက်ကြား ဝင်ကစားစေချင်ခဲ့တယ်။ သူတို့ကို ခွဲထုတ်ထားပြီး ကျော်ဖြတ် ပြေးစေတာမျိုးပေါ့။ ဘာလျှို့ဝှက်ချက်မှ မရှိပါဘူး။ ပွဲကို ပြန်ကြည့်ရင် ဒါကို မြင်ကြမှာပါပဲ။ မာနေးက သိပ်ကို စကေးပြည့်ပါတယ်။ ဒါကြောင့်လည်း သူ လီဗာပူးမှာ ရှိနေတာပါ ” လို့ ချီးကျူးသွားတာ ဖြစ်ပါတယ်။",,,,,,
<urn:uuid:e9ed50c8-5474-4226-8236-cb2b863a4a8b>,"စူပါဟီးရိုးရုပ်ရှင်ကို The Russo Brothers နဲ့အတူ လက်တွဲ ရိုက်ကူးတော့မယ့် Keanu Reeves
သိပ်မကြာသေးခင်ကမှ လက်တွဲဖော်ချစ်သူကို လူအများကြား ပွဲထုတ်လိုက်တဲ့ မင်းသားကြီး Keanu Reeves ကို ရုပ်ရှင်ချစ်သူတွေနဲ့ သိပ်မိတ်ဆက်ပေးစရာ မလိုတော့ဘူး ထင်ပါတယ်။ အနုပညာလှုပ်ရှားမှုတွေကို ခြေလှမ်းစိတ်စိတ်နဲ့ လှုပ်ရှားလာနေတဲ့ Keanu Reeves အတွက်တော့ ဒီနှစ် ၂၀၁၉ ခုနှစ်ဟာ Keanu Reeves ရဲ့နှစ်လို့တောင် ပြောလို့ရပါတယ်။
အခု တခါမှာတော့ ညီအစ်ကိုနှစ်ယောက် ပေါင်းစည်းထားတဲ့ The Russo Brothers ကနေ Keanu Reeves နဲ့လက်တွဲပြီး စူပါဟီးရိုးရုပ်ရှင်ဇာတ်ကားကို ရိုက်ကူးထုတ်လုပ်တော့မှာ ဖြစ်ပါတယ်။
The Russo Brothers ဟာဆိုရင် ပရိသတ်တွေနဲ့ သိပ်စိမ်းသူတွေ မဟုတ်ဘဲ Marvel ရဲ့ MCU အတွက် “Captain America: The Winter Soldier”, “Captain America: Civil War”, “Avengers: Infinity War” နဲ့ “Avengers: Endgame” တို့ကို ရိုက်ကူးပေးခဲ့ဖူးတဲ့ ဒါရိုက်တာတွေပဲ ဖြစ်ပါတယ်။
Keanu Reeves နဲ့ လက်တွဲရိုက်ကူးမယ့် စူပါဟီးရိုးရုပ်ရှင်ကိုတော့ Marvel ရဲ့ လက်အောက်ကနေ မဟုတ်ဘဲ သူတို့ ကိုယ်ပိုင်ထုတ်လုပ်ရေးကနေ ရိုက်ကူးသွားမှာ ဖြစ်တယ်လို့ လတ်တလော သတင်းတွေအရ သိရပါတယ်။
The Russo Brothers ရဲ့ ထုတ်လုပ်ရေးကုမ္ပဏီသစ်ကနေ ပထမဆုံး ထုတ်လုပ် ရိုက်ကူးလုပ်တဲ့ ဇာတ်ကားကတော့ Black Panther မင်းသား Chadwick Boseman ပါဝင်တဲ့ “21 Bridges” ဆိုတဲ့ ဇာတ်ကားဖြစ်ပြီး နိုဝင်ဘာလ ၂၂ ရက်နေ့ကမှ ထွက်ရှိထားတာ ဖြစ်ပါတယ်။
ထပ်မံရိုက်ကူးမယ့် Cherry ဆိုတဲ့ ဇာတ်ကားမှာတော့ Spider-Man မင်းသား Tom Holland ကို ထည့်သွင်း ရိုက်ကူးဖို့အတွက် လုပ်ဆောင်နေပြီး မင်းသားကြီး Keanu Reeves ကိုတော့ “Past Midnight” ဆိုတဲ့ ရုပ်ရှင်ဇာတ်ကားမှာ ထည့်သွင်း ရိုက်ကူးသွားမှာ ဖြစ်ပါတယ်။
လတ်တလောမှာတော့ “Past Midnight” ရုပ်ရှင်ဇာတ်ကားနဲ ပတ်သက်လို့ အသေးစိတ် မသိရသေးပေမယ့် စူပါဟီးရိုး ရုပ်ရှင်ဇာတ်ကား ဖြစ်တယ်ဆိုတာရယ်၊ Keau Reeves ပါဝင်မယ်ဆိုတဲ့ သတင်းရယ်ကတော့ သေချာသလောက် ရှိနေပြီပဲ ဖြစ်ပါတယ်။
လာမယ့် နှစ်တွေမှာလည်း Keanu Reeves ပါဝင်တဲ့ “Matrix 4”, “John Wick 4” ဇာတ်ကားတွေ ထွက်ရှိဖို့ ရှိနေပြီး ပရိသတ်တွေအတွက် စိတ်လှုပ်ရှားစရာ နှစ်တနှစ် ဖြစ်လာမှာ အသေအချာပါပဲ။
Ref. www.screengeek.net",,,,,,
<urn:uuid:eb044c35-6fe8-4b47-aa07-0ffbfb64793c>,"ယူနိုက်တက်ရှုံးပွဲမှာ ပီအက်စ်ဂျီ၏ အဆိုးရွားဆုံးပွဲများထဲမှ တစ်ပွဲဟု တူချယ်ပြောကြား
ပီအက်စ်ဂျီနည်းပြသောမတ်စ်တူချယ်က အင်္ဂါနေ့ညတုန်းက မန်ချက်စတာ ယူနိုက်တက်အား ၂-၁ ဂိုးဖြင့် ရှုံးနိမ့်သည့်ပွဲမှာ ပီအက်စ်ဂျီ၏ခြေစွမ်း အဆိုးရွားဆုံးပွဲများထဲမှ တစ်ပွဲ ဖြစ်ကြောင်း ပြောကြားလိုက်သည်။ ပဲရစ်ပွဲစဉ်တွင် ယူနိုက်တက်သည် ပွဲပြီးခါနီး၌ ရပ်ရှ်ဖို့ဒ်သွင်းယူသည့် အနိုင်ဂိုးကြောင့် ၂-၁ ဖြင့် အနိုင်ရရှိခဲ့ပြီး ပြိုင်ပွဲအရပ်ရပ်တွင် အဝေးကွင်း ၁၀ ပွဲဆက်တိုက် အနိုင်ရရှိသည့် မှတ်တမ်းသစ် ရေးထိုးနိုင်ခဲ့သည်။
ယူနိုက်တက်သည် ပွဲချိန် ၂၃ မိနစ်တွင် ဘရူနိုဖာနန်ဒက်စ်၏ ပင်နယ်တီဂိုးဖြင့် ပွဲကို ဦးဆောင်နိုင်ခဲ့ပြီး ပထမပိုင်းပြီးရန် ၁၀ မိနစ်အလိုတွင် မာရှယ်၏ Own Goal ကြောင့် ပီအက်စ်ဂျီတို့ ချေပဂိုး ရခဲ့သည်။ သို့ရာတွင် ပွဲပြီးရန် ၃ မိနစ်အလိုတွင် ရပ်ရှ်ဖို့ဒ်က ယူနိုက်တက်အတွက် အနိုင်ဂိုးကို သွင်းယူခဲ့သည်။ ယူနိုက်တက် ရှုံးပွဲကြောင့် ပီအက်စ်ဂျီသည် ချန်ပီယံလိဂ်အုပ်စု ၂၅ ပွဲတွင် ပထမဆုံးအကြိမ်ရှုံးပွဲကြုံခဲ့ရသည်။
တူချယ်က “ပထမပိုင်းမှာ ပုံမှန်မဟုတ်ခဲ့ပါဘူး။ ဘာကြောင့်လဲ ဆိုတာ ကျွန်တော်လည်း မသိပါဘူး။ ဒါပေမယ့် ပြောနိုင်တာက ကျွန်တော်တို့ရဲ့ ခြေစွမ်းအဆင့်မျိုးမှာ မရှိခဲ့ပါဘူး။ ဘောလုံးရွှေ့လျားမှု၊ ဘောလုံးပိုင်ဆိုင်မှု၊ တန်ပြန်တိုက်စစ်၊ ဘောလုံးဖျက်ထုတ်မှု၊ အာရုံစူးစိုက်မှု အားလုံး လွဲမှားနေခဲ့ပါတယ်။ ဒီပွဲ ကျွန်တော်တို့ရဲ့ အဆိုးရွားဆုံးပွဲတွေထဲက တစ်ပွဲပါ။ ပထမပိုင်းခြေစွမ်းဆိုးရွားတဲ့ပွဲတွေထဲက တစ်ပွဲပါ။ ပွဲအစနေ အဆုံးအထိ ကျွန်တော်တို့ရဲ့ အမြင့်ဆုံးခြေစွမ်းအဆင့်ကို မပြသနိုင်ခဲ့ပါဘူး”ဟု ပြောကြားသွားသည်။
ပီအက်စ်ဂျီသည် စနေနေ့တွင် လီဂူး ၁ ပွဲစဉ်အဖြစ် ဒီဂျွန်ကို ဧည့်ခံကစားရပြီးလျှင် လာမည့်အပတ်၌ တူရကီသို့ သွားရောက်ကာ အစ္စတန်ဘူလ်ဘာဆာဆီဟာနှင့် ချန်ပီယံလိဂ်အဝေးကွင်း သွားကစားရမည် ဖြစ်သည်။",,,,,,
<urn:uuid:be0c82d4-4678-4cff-b9a9-83cc1e6c49ee>,"ဇွန် ၂၂
မွန်ပြည်နယ်၊ရေးမြို့နယ်၊ လမိုင်းမြို့၊ လိမ္မော်ခြံကျေးရွာနှင့် ဘေးလမိုင်းကျေးရွာကြား နှစ်ကရင်ကျေးရွာသွားလမ်းဆုံ၊မော်လမြိုင် – ရေးသွား ကားလမ်းမကြီးပေါ်၌ အကြမ်းဖက်သောင်း ကျန်းသူ KNLAတပ်မဟာ(၆)နှင့် PDF ပူးပေါင်း အင်အား ၄၀ဦးခန့်သည် ယနေ့ နံနက် ၉ နာရီအချိန်ခန့်မှ ၁၃၀၀ချိန်ထိ ခရီးသွားမော်တော် ယာဉ်များကို တားဆီးရပ်တန့်ခိုင်း၍ မှတ်ပုံတင်စစ်ဆေးခြင်း၊ တပ်၊ရဲနှင့် ဌာနဆိုင်ရာဝန်ထမ်းပါရှိမှုရှိမရှိ တို့အား စစ်ဆေး ဆောင်ရွက်ခဲ့ကြောင်းသတင်းရရှိပါသည်။
အကြမ်းဖက်သောင်း ကျန်းသူ KNLA တပ်မ ဟာ(၆) နှင့် PDF ပူးပေါင်းအဖွဲ့များသည် မော်လမြိုင် – ရေးသွား ကားလမ်းမကြီးပေါ်တွင် နေ့စဥ် ဆိုသလို ခရီးသွား မော်တော်ယာဉ်များကို တား ဆီး၍ စစ်ဆေးခြင်းများပြုလုပ်နေကြကြောင်း၊ ထိုသို့ နေစဥ်ဆက်တိုက် တားဆီးစစ်ဆေးမှုများပြုလုပ်နေခြင်းအပေါ် ခရီးသွားပြည်သူများအနေဖြင့် စိုးရိမ်ကြောက်လန့်မှုများ ဖြစ်ပေါ်နေ
ကြောင်း၊ အထူးသဖြင့် ဌာနဆိုင်ရာဝန်ထမ်းများအနေဖြင့် ခရီးသွားရန် အခက်အခဲများ ဖြစ်ပေါ်နေကြောင်း သိရှိရပါသည်။
#PAN",,,,,,
<urn:uuid:a31542fd-1669-4fc8-a5a4-0d74477d5fcf>,"“အားယူ၍ရဲရင့်ခြင်းရှိလော့” ယောရှုမှတ်စာ ၁း၁-၈
နိဒါန်း
က။ မောရှေ အနိစ္စရောက်ခြင်း
၁) မောဘပြန်၌ မောရှေသေသည် တရားဟော ၃၄း၅-က
၂) ထာဝရဘုရား၏ စကားတော်အတိုင်း တရားဟော ၃၄း၅-ခ
၃) ဘုရားသည် သူအားသဂြိုၤသည် တရားဟော ၃၄း ၆-က
၄) မည်သူကမှ သူ၏သဂျိုၤင်းမသိ တရားဟော ၃၄း၆-ခ
ခ။ တရားဝင်မည်တမ်းခြင်း
က္ကုသရေလအမျိုးတို့သည် ရက်ပေါင်း ၃၀
ငိုကြွေးမည်တမ်းကြသည် တရားဟော ၃၄း၈-က
ယောရှု၏ အမှုတော် အစပြုခြင်း
က။ ယောရှုလက်တင်မင်္ဂလာခံခြင်း
၁) အရေးကြီးသည်
၂) အစပြုခြင်း
၃) ဤမျှလောက်သာဖြစ်ရင် အလုံလောက်
ခ။ ယောရှုအကြောင်း ဖော်ပြခြင်း
၁) “ပညာသဘောနှင့် ပြည့်စုံ” တရားဟော ၃၄း၉-က
၂) “မောရှေ၏ လက်တင်မင်္ဂလာကို
ခံရသဖြင့်” တရားဟော ၃၄း၉-ခ
ဆက်စပ်မှုကို တည်ဆောက်ခြင်း
က။ ထာဝရဘုရား၏ ကျွန်တော်မောရှေ အနစ္စရောက်ပြီးမှ
၁) မောရှေကို ဖေါ်ပြခြင်းသည်မမျှော်လင့်သောအရာမဟုတ်
၂) သူသည် အမှန်ပင် “ထာဝရဘုရား၏ ကျွန်တော်” ဖြစ်သည် ယောရှု ၁း၁
၃) မောရှေအကြောင်းဖော်ပြခြင်းသည် ယောရှုက ဘယ်သောအခါမှ တွန့်တိုခြင်းမပြု
ခ။ အတိတ်၌ ဆက်စပ်ခြင်းကို အောက်မေ့သည်
၁) ယောရှုသည် “မောရှေလက်ထောက်” ဟုဖော်ပြသည် ယောရှု ၁း၁-က
၂) ဤအရာသည် ယောရှုအတွက် ဘာဆိုလိုသနည်း၊
က) ဝါကြွားစရာ
ခ) အခွင့်အရေး
ဂ) ပျော်ရွှင်ခြင်း
ဂ။ အသစ်သော ဆက်စပ်ခြင်း တည်ဆောက်ရမည်
၁) ထားဝရဘုရားသည် ဤဆက်စပ်ခြင်းကို အစပြုသည်
“မောရှေလက်ထောက်၊ နုန်၏သား ယောရှုအား
ထာဝရဘုရားက…မိန့်တော်မူ၏။” ယောရှု ၁း၁-ခ
၂) ယခုအချိန်အထိ ဘုရားသခင်သည် မောရှေအား စကားပြော
၃) မောရှေသည် ယောရှုအား သွန်သင်ပေးမည်
၄) ယခု၌ ဘုရားသခင်သည် ယောရှုအား တိုက်ရိုက်စကားပြောသည်
လုပ်ငန်းနယ်ပယ်အသစ် ဖော်ပြသည်
က။ ကတိတော်ပြည်သို့ ဝင်ခြင်း
၁) ယော်ဒန်မြစ်
“ယော်ဒန်မြစ်တဖက်သို့ကူးကြလော့” ယောရှု ၁း၂-က
၂) က္ကုသရေလလူတို့
“သင်နှင့်သင်၌ပါသော ဤလူအပေါင်းတို့” ယောရှု ၁း၂-ခ
၃) ကတိတော်ပြည်
“ဤက္ကုသရေလအမျိုးသားတို့အား ငါပေးသောပြည်
ကိုဝင်စားကြလော။” ယောရှု ၁း၂-ဂ
ခ။ ထာဝရဘုရားထံမှ အားပေးခြင်း
၁) အနိုင်ယူလို့မရသောသူ
“သင့်အသက်တည်သည် ကာလပတ်လုံး
သင့်ရှေ့မှာ အဘယ်သူမျှမခံမရပ်နိုင်ရာ။” ယောရှု ၁း၅-က
၂) ဘုရားသခင်၏ အတူပါရှိခြင်း
“မောရှေနှင့်အတူ ငါရှိသကဲ့သို့ သင်နှင့်အတူ
ငါရှိလိမ့်မည်။” ယောရှု ၁း၅-ခ၊ ၉-
၃) ဘုရားသခင်၏ ကတိတော်
“ငါသည်သင့်ကို မစွန့်၊ သင့်ကိုပစ်၍မထား” ယောရှု ၁း၅-ဂ
ယောရှု၏ အပိုင်း။ ။ သင့်တော်သောတုံ့ပြန်ခြင်း
က။ အားယူ၍ ရဲရင့်ခြင်းရှိလော့
၁) ဤစကားတော်သည် သုံးကြိမ်းပြန်ပြောသည် ယောရှု ၁း၆၊ ၇၊ ၉
၂) ပြန်ပြောခြင်းသည် ‘လေးနက်စေခြင်း’ ကိုညွှန်ပြသည်
ခ။ အားယူခြင်း နှင့် ရဲရင့်ခြင်း လက်တွေ့အသုံးပြုခြင်း – ၁
၁) က္ကုသရေလလူတို့သည် ပြည်တော်ကို ခွဲဝေခြင်း၌
၂) “သင်သည်ဤလူတို့အားဝေ၍ အမွေပေးရမည်” ယောရှု ၁း၆-ခ
ဂ။ အားယူခြင်းနှင့် ရဲရင့်ခြင်း လက်တွေ့အသုံးပြုခြင်း – ၂
၁) ပညတ်တရားတော် လိုက်ရှောက်ခြင်း၌
၂) “ငါ၏ကျွန်မောရှေ မှာထားသော တရားအတိုင်း
ကျင့်မည်ဟုစောင့်ရှောက်ခြင်းငှါ…” ယောရှု ၁း၇-ခ
၃) “လကျ်ာဘက်၊ လက်ဝဲဘက် သို့မလွှဲနှင့်” ယောရှု ၁း၇-ဂ
၄) “ကြံစည်လေသမျှတို့၌ အောင်မည်အကြောင်း” ယောရှု ၁း၇-ဂ
ဃ။ အားယူခြင်း နှင့် ရဲရင့်ခြင်း ကိုလက်တွေ့အသုံးပြုခြင်း – ၃
၁) “အကြောက်နှင့်” ယောရှု ၁း၉-ခ
၂) “စိတ်မပျက်နှင့်” ယောရှု ၁း၉-ဂ
ဘဝအသက်တာ နှင့် အမှုတော်၌ အောင်မြင်ခြင်း
က။ ဘုရားသခင် နှုတ်ကပတ်တော်၏ အခန်းကဏ္ဍ
၁) “ထိုပညတ္တိကျမ်း” ယောရှု ၁း၈-က
၂) “မဖတ်အရွတ်ဘဲမနေ” ယောရှု ၁း၈-ခ
ခ။ ဆင်ခြင်အောက်မေ့ခြင်းကို လေ့ကျင့်ခြင်း
၁) “နေ့ညဉ့်မပြတ်ကြည့်ရှု ဖတ်ရွတ်ရမည်” ယောရှု ၁း၈-ဂ
၂) “ရေးထားသမျှ အတိုင်း ကျင့်မည်ဟုစောင့်
ရှောက်ခြင်းအလိုငှါ” ယောရှု ၁း၈-ဃ
ဂ။ အောင်မြင်ခြင်း ကတိတော်
၁) “သို့ုပြို့လျှင် သင်သည် အကြံထမြောက်၍” ယောရှု ၁း၈-င
၂) “အောင်မြင်လိမ့်မည်” ယောရှု ၁း၈-စ
နိဂုံး
က။ အားအင်ရှိရှိ နှင့်အစပြုရန်
၁) ချီးမြောက်ခြင်း
က) ဘုရားသခင်ထံမှ
ခ) မောရှေထံမှ
ဂ) လူထုပရိသတ်ထံမှ
၂) အားပေးခြင်းရရှိရန် အကြောင်းရင်းအမြဲရှိနေသည်
ခ။ လိမ်မာစွာ ဆက်လက်ဆောင်ရွက်ခြင်း
၁) ဘုရားသခင်ထံမှ သွန်သွင်ခြင်း
၂) အောင်မြင်ဖို့ ခွန်အားပေးခြင်း
ဂ။ လက်တွေ့အသုံးပြုဖို့ စိန်ခေါ်ခြင်း
၁) ခွန်အားတွေ့ရှိခြင်း
၂) အစွမ်းသတ္တိ တွေ့ရှိခြင်း
ဃ။ ယုံကြည်စိတ်ချမှုရှိခြင်း
၁) ထာဝရဘုရားသခင်၌
၂) ကိုယ်တော်၏ နှုတ်ကပတ်တော်၌",,,,,,
<urn:uuid:c822c40f-b29a-4b19-943b-ef64e9530e47>,"ရန်ကုန်တိုင်း ထွေအုပ်ညွှန်မှူးကို စစ်ကောင်စီ ဖမ်းဆီး
ရန်ကုန်တိုင်းအစိုးရအဖွဲ့ အတွင်းရေးမှူးဖြစ်သူ အထွေထွေအုပ်ချုပ်ရေးဦးစီးဌာနမှ ဒုတိယညွှန်ကြားရေးမှူး ဦးစိုးစိုးဇော်နှင့် ကိုယ်ရေးအရာရှိကို ယမန်နေ့ (မေ ၁၆) ညပိုင်းတွင် စစ်ကောင်စီက ဖမ်းဆီးစစ်ဆေးနေကြောင်း တိုင်းအစိုးရအဖွဲ့ရုံးနှင့် နီးစပ်သူတစ်ဦးထံမှ သိရသည်။
ရန်ကုန်ရှိ အဆင့်မြင့်ဆုံး ထွေအုပ်အရာရှိကို စစ်ဘက်ရေးရာလုံခြုံရေးတပ်ဖွဲ့ (စရဖ) က စစ်ဆေးနေခြင်းဖြစ်ကာ ဤအမှုသည် မကြာမီက ဖမ်း ဆီးအရေးယူခံထားရသည်ဆိုသော စစ်ကောင်စီ၏ တိုင်းဝန်ကြီးချုပ် ဦးလှစိုးနှင့် ဆက်စပ်နိုင်သည်ဟုလည်း အဆိုပါသတင်းရင်းမြစ်က ပြော သည်။
“အစိုးရအဖွဲ့အတွင်းရေးမှူး ဦးစိုးစိုးဇော်ကို မနေ့ညက စရဖက ဖမ်းဆီးစစ်နေတယ်လို့ သိရတယ်။ သူ့ရဲ့ PSO လဲ ပါတယ်။ အရင်ဝန်ကြီးချုပ်ရဲ့ အမှုနဲ့ ဆိုင်လောက်တယ်” ဟု ထိုသူက Myanmar Now ကို ပြောသည်။
အသက် ၆၀ ဝန်းကျင်ရှိ ဦးစိုးစိုးဇော်သည် ၂၀၂၀ ပြည့်နှစ်တွင် ရန်ကုန်တိုင်းအစိုးရအဖွဲ့သို့ တိုင်းအတွင်းရေးမှူးတာဝန်ဖြင့် ပြောင်းရွှေ့လာခြင်းဖြစ်ပြီး ယင်းမတိုင်မီက ရှမ်းပြည်နယ်အစိုးရအဖွဲ့တွင် အတွင်းရေးမှုးတာဝန်ထမ်းဆောင်ခဲ့သူဖြစ်သည်ဟု သိရသည်။
ရန်ကုန်တိုင်းလွှတ်တော်၏ လွှတ်တော်ရေးရာကော်မတီဥက္ကဋ္ဌတစ်ဦးကလည်း ဦးစိုးစိုးဇော် ဖမ်းဆီးခံရသည့် သတင်းကို အတည်ပြုပြီး ထိုသို့ ဖမ်းဆီးခံရခြင်းမှာ စစ်ကောင်စီခန့် ရန်ကုန်တိုင်းဝန်ကြီးချုပ်ဟောင်း ဦးလှစိုးကို စွဲဆိုထားသည့် အဂတိအမှုနှင့် ဆက်စပ်နေသည်ဟု ပြောသည်။
“အာဏာသိမ်းတော့လည်း CDM လုပ်တဲ့အထဲမှာ ပါဝင်လာတာ မရှိပါဘူး။ သူက ဟိုဘက်ကပါပဲ။ ကျွန်တော်တို့ရှိတုန်းကတော့ သူက အလိုက် အထိုက်တော့ ဆက်ဆံတာပါပဲ။ ကျွန်တော်ထင်တာတော့ သူ့ဆရာဖြစ်တဲ့ ဦးလှစိုး (ရန်ကုန်တိုင်းဝန်ကြီးချုပ်) ကိစ္စနဲ့တော့ ဆက်စပ်မယ်လို့ ထင် ပါတယ်” ဟု လွှတ်တော်ရေးရာကော်မတီဥက္ကဋ္ဌဟောင်းက ပြောသည်။
အာဏာသိမ်းစစ်ကောင်စီက ၎င်းတို့ ခန့်အပ်ခဲ့သည့် ရန်ကုန်တိုင်းဝန်ကြီးချုပ် ဦးလှစိုးကို ရန်ကုန်တိုင်း ဒလမြို့နယ် သမ္မတကမ်းခြေရှိ လယ်ယာမြေများအား ကိုယ်ကျိုးစီးပွားသုံးစွဲမှုဖြင့် ယခုနှစ် ဇန်နဝါရီ ၃၁ တွင် ရာထူးမှ ဖြုတ်ချခဲ့ပြီး စစ်ဆေးလျက်ရှိသည်ဟု သိရသည်။
ထို့ပြင် လယ်ယာမြေများအား အခြားသုံးစွဲခွင့် (လန-၃၉) ထုတ်ပေးသည့် အမှုနှင့် ဆက်စပ်ပြီး ရန်ကုန်တိုင်းအစိုးရအဖွဲ့မှ စီးပွားရေးဝန်ကြီး ဦးအောင်သန်းဦးကို ပြီးခဲ့သည့် မတ်လတွင် စစ်ကောင်စီက ဖမ်းဆီးခဲ့သည်။
ထိုအမှုနှင့် ဆက်စပ်ပြီး မတ် ၂၃ တွင် ရန်ကုန်မြို့တော်ဝန် ဦးဗိုလ်ဌေးနှင့် ရန်ကုန်မြေယာဌာန၊ ဌာနမှူးကို စစ်တပ်က ဖမ်းဆီးစစ်ဆေးခဲ့သည်ဟု ဧရာဝတီသတင်းဌာနက မတ် ၂၄ တွင် ဖော်ပြသည်။
ရန်ကုန်တိုင်း စီးပွားရေးဝန်ကြီး ဦးအောင်သန်းဦးမှာ ယခင် ကြည်း၊ရေ၊လေ ညှိနှိုင်းကွပ်ကဲရေးမှူး အငြိမ်းစားဗိုလ်ချုပ်ကြီး လှဌေးဝင်း၏ မိ သားစုအား ဒလမြို့နယ်၊ သမ္မတကမ်းခြေရှိ လယ်ယာမြေများကို အခြားသုံးစွဲခွင့်ထုတ်ပေးမှုနှင့်ဆက်စပ်နေသည်ဟု ထိုသတင်းတွင် ဖော်ပြထားသည်။
အာဏာသိမ်းပြီးနောက် တိုင်းအစိုးရအဖွဲ့ ထိပ်တန်းရာထူးတွင် ရှိနေသူများကို စစ်ကောင်စီက ဖမ်းဆီးအရေးယူနေသည်ဆိုသော်လည်း အ သေးစိတ် မသိရှိရပေ။ စစ်ကောင်စီကလည်း သတင်းထုတ်ပြန်ခြင်း မရှိပေ။
ထို့ပြင် အမျိုးသားဒီမိုကရေစီအဖွဲ့ချုပ် (NLD) ပါတီခေါင်းဆောင်များနှင့် NLD အစိုးရလက်ထက် ဝန်ကြီးချုပ်များကို စစ်ကောင်စီက ဖမ်းဆီးအရေးယူရာ၌ အဂတိလိုက်စားမှုများဖြင့်ပါ တရားစွဲဆိုထားသည်။
ရန်ကုန်တိုင်းရှိ အဆင့်အမြင့်ဆုံး ထွေအုပ်အရာရှိ ဦးစိုးစိုးဇော်မှာ စစ်ကောင်စီလက်ထက်တွင် ဒုတိယမြောက်အရေးယူခံရသည့် တိုင်းအစိုးရ အဖွဲ့ အတွင်းရေးမှူးဖြစ်သည်။
မကွေးတိုင်းအစိုးရအဖွဲ့ အတွင်းရေးမှူး ဦးဝင်းရှိန်ကို အစည်းအဝေးမှတ်တမ်း အသံဖိုင်ပေါက်ကြားမှုနှင့် ပတ်သက်၍ စစ်ကောင်စီက ယခုလဆန်းပိုင်းတွင် ဖမ်းခဲ့သည်ဟု သိရသည်။
၂၀၂၁ ဖေဖော်ဝါရီ ၁ ရက်တွင် အာဏာသိမ်းပြီးချိန်မှစ၍ စစ်ကောင်စီက ၎င်းတို့ကို ဆန့်ကျင်သူမှန်သမျှကို မဆိုင်းမတွ ဖမ်းဆီးအရေးယူလျက်ရှိသည်။ myanmar now",,,,,,
<urn:uuid:7a484220-d144-4d3d-8ba3-c42cf6f8b44b>,"ယခု မှာတော့ မင်းသမီးချော ပတ်ထရစ်ရှာက သူမ ရဲ့ အားကစားဝတ်စုံလေးနဲ့ ဆက်ဆီကျကျ Tiktok ဆော့ထားတဲ့ ဗီဒိယိုလေးကို တင် ပေးတာပဲဖြစ်ပါတယ် ။
သူမရဲ့အမိုက်စားဗီဒီယိုလေးကို ပတ်ထရစ်ရှာ က ပြ န်လ ည်မျှဝေပေးတာပါ။
ညို့အားပြင်းတဲ့ အလှတရားတွေ ကို ထင်ရှားပေါ်လွင်ပြီး ဆွဲဆောင်မှုတွေ ရှိလွန်းတဲ့ ဗီဒီယိုလေးတွေနဲ့ ပတ်ထရစ်ရှာပုံရိပ်လေးတွေကိုတော့ ပရိသတ်တွေ သေ ဘာ ကျ နေကြမှာပါနော်။
မငျးသမီးခြော ပတျထရစျရှာကတော့ သရုပျဆောငျကောငျးသလို မိနျးကလေးတိုငျး အားကရြလောကျအောငျ အခြိုးအ စားေွ ပပွစျတဲ့ ခန်ဓာကိုယျအလှတ ရားတှကေို ပိုငျဆိုငျထားသူပါ။
နိုငျငံခွားသူလေး တစျယောကျလို ခစြျစရာကောငျးလှနျးပွီး ယောကြျားလေးပရိသတျတှရေဲ့ သညျးသညျးလှုပျအားပေးမှုတှကေို
အမြားဆုံး ရရှိထားသူတဲ့ သူမကတော့ အခုတစျခါမှာလညျး ညို့အားပွငျးတဲ့ပုံရိပျလေးတှနေဲ့ ဖမျးစားလိုကျ ပွနျပါတယျနောျ။
သူမရဲ့ပ ငျကိုယျ အလှ တရားေ တှကို အထငျးသားပေါျလှငျနတေဲ့ ဖကျရှငျလေးတှနေဲ့
ညို့ခကြျတှပွေငျးပွငျး အလနျးစား ရိုကျကူးထားတဲ့ ပုံရိပျလေးတှနေဲ့ ပရိ သတျတှကေို ဖမျးစားလိုကျ တာ ဖွစျပါတယျနောျ။
ဆှဲဆောငျမှုတှရှေိပွီး မိမိုကျလှနျးနတေဲ့ပုံရိပျလေးတှကေတော့ မိနျးကလေး အခငြျး ခငြျးတောငျ ကွှရေလောကျအောငျ ညို့အားပွငျးနတောမို့ ပရိသတျတှလေညျး အ ခြ စျပိုနကွေဦးမှာပါနောျ။
crd:
ယခု မှာတော့ မင်းသမီးချော ပတ်ထရစ်ရှာက သူမ ရဲ့ အားကစားဝတ်စုံလေးနဲ့ ဆက်ဆီကျကျ Tiktok ဆော့ထားတဲ့ ဗီဒိယိုလေးကို တင် ပေးတာပဲဖြစ်ပါတယ် ။
သူမရဲ့အမိုက်စားဗီဒီယိုလေးကို ပတ်ထရစ်ရှာ က ပြ န်လ ည်မျှဝေပေးတာပါ။
ညို့အားပြင်းတဲ့ အလှတရားတွေ ကို ထင်ရှားပေါ်လွင်ပြီး ဆွဲဆောင်မှုတွေ ရှိလွန်းတဲ့ ဗီဒီယိုလေးတွေနဲ့ ပတ်ထရစ်ရှာပုံရိပ်လေးတွေကိုတော့ ပရိသတ်တွေ သေ ဘာ ကျ နေကြမှာပါနော်။
မငျးသမီးခြော ပတျထရစျရှာကတော့ သရုပျဆောငျကောငျးသလို မိနျးကလေးတိုငျး အားကရြလောကျအောငျ အခြိုးအ စားေွ ပပွစျတဲ့ ခန်ဓာကိုယျအလှတ ရားတှကေို ပိုငျဆိုငျထားသူပါ။
နိုငျငံခွားသူလေး တစျယောကျလို ခစြျစရာကောငျးလှနျးပွီး ယောကြျားလေးပရိသတျတှရေဲ့ သညျးသညျးလှုပျအားပေးမှုတှကေို
အမြားဆုံး ရရှိထားသူတဲ့ သူမကတော့ အခုတစျခါမှာလညျး ညို့အားပွငျးတဲ့ပုံရိပျလေးတှနေဲ့ ဖမျးစားလိုကျ ပွနျပါတယျနောျ။
သူမရဲ့ပ ငျကိုယျ အလှ တရားေ တှကို အထငျးသားပေါျလှငျနတေဲ့ ဖကျရှငျလေးတှနေဲ့
ညို့ခကြျတှပွေငျးပွငျး အလနျးစား ရိုကျကူးထားတဲ့ ပုံရိပျလေးတှနေဲ့ ပရိ သတျတှကေို ဖမျးစားလိုကျ တာ ဖွစျပါတယျနောျ။
ဆှဲဆောငျမှုတှရှေိပွီး မိမိုကျလှနျးနတေဲ့ပုံရိပျလေးတှကေတော့ မိနျးကလေး အခငြျး ခငြျးတောငျ ကွှရေလောကျအောငျ ညို့အားပွငျးနတောမို့ ပရိသတျတှလေညျး အ ခြ စျပိုနကွေဦးမှာပါနောျ။
crd:",,,,,,
<urn:uuid:7c474d8d-441d-4674-b908-7bac8162ecb8>,"ပေတရု၏ ပုံဥပမာနောက်လိုက်ကာ ဘုရားသခင်ကို ချစ်ဖို့ ကြိုးစားပါ
၁
ဘုရားသခင်အတွက် အရာရာ စွန့်ကာ လုပ်ဆောင်ခြင်းက ဘုရားသခင်ကို ချစ်ကြောင်း ဆိုလိုသည်ဟု ကျွန်ုပ် တွေးထင်တတ်ခဲ့။ စီစီပီ၏ လိုက်လံဖမ်းဆီးခြင်းကို ခံရသော်လည်း၊ ကျွန်ုပ် ဘယ်သောအခါမျှ နောက်ပြန်မလှည့်ခဲ့ပေ။
ကျွန်ုပ်၏ မိသားစုက ကျွန်ုပ်ကို ငြင်းပယ်ကာ လောကကြီးက ကျွန်ုပ်ကို အသရေဖျက်လည်း၊ ညည်းညူခြင်း၊ နောင်တရခြင်း မရှိဘဲ ဘုရားသခင်ကို ကျွန်ုပ်၏ ပျိုရွယ်သော နှစ်များကို ဆက်ကပ်ဖို့ လိုလားနေ။
ကောင်းကင်နိုင်ငံတော်သို့ ချီမခံရကာ ဆုချီးမြှင့်ခံရနိုင်သရွေ့၊ မည်သည့် ဆင်းရဲဒုက္ခ ပမာဏမဆို၊ မျက်ရည် အရေအတွက်မဆို ထိုက်တန်ပေ။
စမ်းသပ်မှုများ ကျရောက်ကာ ကျွန်ုပ်၏ အကျည်းတန်မှုကို ဖော်ထုတ်သည့်အချိန်၊ ကျွန်ုပ် အပျက်သဘောဆောင်ကာ အားနည်းလာပြီး၊ ခါးသီးမျက်ရည်များ ကျဆင်းပေ။
ဘုရားသခင်၌ ကျွန်ုပ်၏ ယုံကြည်ခြင်းတွင် လျှောက်ခဲ့သည့် လမ်းကြောင်းကို သုံးသပ်ဆင်ခြင်ရင်း၊ သမ္မာတရားကို လိုက်စားခြင်းမရှိဘဲ အဆုံးတွင် ကျွန်ုပ် လဲကျမည်ကို နောက်ဆုံး ကျွန်ုပ် နားလည်ခဲ့ရ။
၂
လူသားမျိုးနွယ်၏ ဖောက်ပြန်ပျက်စီးသော အနှစ်သာရကို ဘုရားသခင်၏ နှုတ်ကပတ်တော်များက ထုတ်ဖော်ပြပြီး၊ ထို့နောက်တွင်မှ ကျွန်ုပ် မည်မျှ နက်နက်ရှိုင်းရှိုင်း ဖောက်ပြန်ပျက်စီးခဲ့သည်ကို မြင်ခဲ့ရပေ။
ဘုရားသခင်ကို ချစ်သည်ဟု ကျွန်ုပ် ပြောခဲ့သော်လည်း၊ ကောင်းချီးမင်္ဂလာများနှင့် ဆုလာဘ်များ ရရှိဖို့သာ ဖြစ်ကာ၊ ကျွန်ုပ်၏ ကြိုးစား အားထုတ်မှုနှင့် အားသွန်ခွန်စိုက်အလုပ်လုပ်ခြင်းတို့ကပင်လျှင် အပြန်အလှန်အားဖြင့် ဘုရားသခင်ထံမှ တစ်စုံတစ်ခု ရဖို့ လုပ်ဆောင်ခဲ့ခြင်း ဖြစ်ပေ။
ကျွန်ုပ်၏ အသိစိတ်၊ ကျိုးကြောင်းဆင်ခြင်မှု၊ လူသားသဘာဝတို့ကို အမှန်တကယ် ကျွန်ုပ် ဆုံးရှုံးခဲ့သော်လည်း၊ ကျွန်ုပ်ကို တရားစီရင်ကာ သန့်ရှင်းစေဖို့ သူ၏ နှုတ်ကပတ်တော်များကို ဘုရားသခင် အသုံးပြုဆဲပေ။
ကျွန်ုပ် လုပ်ဆောင်ခဲ့သည့် အရာတွင် နောင်တဖြင့် ဘုရားသခင်ရှေ့မှောက် ကျွန်ုပ် လဲကျ၊ ဘုရားသခင်၏ ချစ်ခြင်းမေတ္တာကို ရရှိဖို့ ကျွန်ုပ် လွန်စွာမထိုက်လှပေ။
ဘုရားသခင်ကို ချစ်ကာ စိတ်ကျေနပ်စေရန် ကြိုးစားဖို့ ကျွန်ုပ် စိတ်ဆုံးဖြတ်ပေ၊ ကျွန်ုပ်၏ အနာဂတ်၊ ကျွန်ုပ်၏ ကံကြမ္မာအဖို့ အစီအစဉ်များ ကျွန်ုပ် ပြုလုပ်မည်မဟုတ်တော့၊ ဘာတစ်ခုမျှ တွေးမည်မဟုတ်တော့ပေ။
၃
စမ်းသပ်မှုများနှင့် အခက်အခဲများကို ကြုံရခြင်းက ကျွန်ုပ်၏ ယုံကြည်ခြင်းကို စုံလင်စေ။ စမ်းသပ်မှုများ ဆိုက်ရောက်ခြင်းက အမှန်တကယ် ဘုရားသခင်၏ ကောင်းချီးမင်္ဂလာဖြစ်သည်ကို ကျွန်ုပ် မြင်ရ။
ဇာတိပကတိက ဆင်းရဲဒုက္ခခံရနိုင်လည်း၊ ဘုရားသခင်၏ ချစ်ခြင်းကို ကျွန်ုပ် မြည်းစမ်းနိုင်ပေ။ သမ္မာတရားကို လက်တွေ့လုပ်ဆောင်ခြင်းဖြင့်၊ ကျွန်ုပ်၏ ဖောက်ပြန်ပျက်စီးသော စိတ်သဘောထား ပြောင်းလဲလျက်ရှိပေ။
ပေတရု၏ ပုံဥပမာနောက် ကျွန်ုပ် လိုက်မည်၊ ဘုရားသခင်အား အစွမ်းကုန်ချစ်ကာ သေသည်အထိ သူ့ကို နာခံရင်းလေ။ ယနေ့ ဘုရားသခင်ကို ချစ်ကာ သူ့ကို သက်သေခံနိုင်သည်မှာ ကျွန်ုပ် အလွန် မင်္ဂလာရှိပေ။
ခရစ်တော် သမ္မာတရား၊ လမ်းခရီးနှင့် အသက်ဖြစ်သည်ကို ကျွန်ုပ် သေချာပေ။ သမ္မာတရားကို နားလည်ကာ ဘုရားသခင်ကို သိကျွမ်းရင်း၊ ဤဘဝ အချည်းနှီး မရှင်သန်ပေ။
ဘုရားသခင်၏ စီစဉ်မှုများကို နာခံခြင်းက ဘယ်သောအခါမျှ မမှားနိုင်။ ဘုရားသခင်အတွက် ထာဝရချစ်ခြင်းနှင့် နာခံခြင်းက ကျွန်ုပ်၏ တာဝန်ပေ။",,,,,,
<urn:uuid:5e464dee-ea77-47ce-a864-a2fb2fddaffa>,"ရထားလမ်းစီမံကိန်း TNLA က တရုတ်နှင့်ဆွေးနွေးလို
ရှမ်းပြည်မြောက်ပိုင်းရှိ တအာင်း(ပလောင်) အမျိုးသားလွတ်မြောက်ရေးတပ်မတော် (TNLA) ထိန်းချုပ်နယ်မြေကို ဖြတ်သန်းသွားမည့် မူဆယ်-မန္တလေး ရထားလမ်းစီမံကိန်းအတွက် TNLA အဖွဲ့က တရုတ်အစိုးရနှင့် ဆွေးနွေးလိုကြောင်း ပြောသည်။
“ဒီစီမံကိန်းနဲ့ပတ်သက်ပြီး တရုတ်နိုင်ငံက ကျနော်တို့နဲ့ ဆွေးနွေးစေချင်တာ။ ကျနော်တို့ ထိန်းချုပ်ဒေသမှာ ရှိတဲ့ ဒီစီမံကိန်းအတွက် ညှိနှိုင်းတဲ့အခါ တရုတ်ဖက်က ကျနော်တို့ကို အသိအမှတ်ပြုစေလိုတယ်” ဟု TNLA ဗိုလ်မှူးချုပ် တာဖုန်းကျော်က ဧရာဝတီသို့ ပြောသည်။
တရုတ်နိုင်ငံ၏ ရပ်ဝန်းတခု၊ လမ်းတခု အစီအစဉ် (BRI) အရ မန္တလေးနှင့် တရုတ်နယ်စပ် မူဆယ်တို့ကို ဆက်သွယ်သည့် မြန်နှုန်းမြင့် ရထားလမ်းအတွက် ပဏာမစစ်ဆေးမှုများပြုလုပ်ရန် တရုတ်နှင့် မြန်မာအစိုးရများ လွန်ခဲ့သော အောက်တိုဘာလက နားလည်မှု စာချွန်လွှာ လက်မှတ်ရေးထိုးခဲ့သည်။
ထိုရထားလမ်းသည် ၄၃၁ ကီလိုမီတာ ရှည်လျှားပြီး TNLA ထိန်းချုပ်ဒေသ အပါအဝင် ရှမ်းပြည်နယ်မှ ပဋိပက္ခနယ်မြေများကို ဖြတ်သန်းသွားသည်။ ထို စီမံကိန်းကို ပြည်ထောင်စု အစိုးရနှင့်သာ ဆွေးနွေးပြီး ၎င်းတို့နှင့် မဆွေးနွေးသောကြောင့် စိတ်မသက်မသာ ဖြစ်ရကြောင်း TNLA က ပြောသည်။
“ကျနော်တို့ တအာင်းတိုင်းရင်းသားတွေက ဒီမြေရဲ့မူလပိုင်ရှင်တွေပါ။ ကျနော်တို့ဒေသမှာ စီမံကိန်းအကြီးစားတွေ လာလုပ်ရင် တရုတ်နိုင်ငံက ကျနာ်တို့နဲ့ ဆွေးနွေးဖို့လိုမယ်” ဟု ဗိုလ်မှူးချုပ် တာဖုန်းကျော်ပြောသည်။
တပ်မတော်က ကြေညာထားသည့် မြန်မာနိုင်ငံမြောက်ပိုင်းနှင့် အရှေ့ပိုင်းတွင် လေးလကြာ အပစ်အခတ်ရပ်စဲရေးကို အခွင့်ကောင်းယူပြီး တရုတ်နိုင်ငံသည် ဒီဇင်ဘာလ နှောင်းပိုင်မှ စတင်ကာ ရထားလမ်းအတွက် ကနဦး လေ့လာစမ်းစစ်မှုများပြုလုပ်နေကြောင်းနှင့် ထိုအလုပ်သမားများကို အကာအကွယ်ပေးရန် TNLA ကို ပြောထားကြောင်းလည်း သူပြောသည်။
“ ဒီစီမံကိန်းအတွက်လာတဲ့ အင်ဂျင်နီယာတွေ အလုပ်သမားတွေကို အကာအကွယ်ပေးဖို့ပဲ တရုတ်က ကျနော်တို့ကိုပြောတယ်။ ကျနော်တို့ အမြင်မှာတော့ တရုတ်က ကျနော်တို့ကို အသိအမှတ်မပြုချင်ဘူး” ဟုလည်း သူပြောသည်။
ထိုစီမံကိန်းနှင့် ပတ်သက်သော ပူပန်မှုများကို အာရှရေးရာ တရုတ်အထူးသံတမန် ဆွန်ကော့ရှန်နှင့် ဆွေးနွေးနွေးခဲ့သော်လည်း အထူးသံတမန်က အလေးမထားကြောင်းလည်း သူပြောသည်။
အဆိုပြုရထားလမ်းသည် တပ်မတော်နှင့် တိုင်းရင်းသားလက်နက်ကိုင်များ မကြာခဏ တိုက်ပွဲဖြစ်ပွားသောဒေသဖြစ်ကြောင်းနှင့် တရုတ်နိုင်ငံအနေဖြင့် အငြင်းပွားမှုများဖြေရှင်းပြီးသည်အထိ စီမံကိန်းကို ဆိုင်းငံ့သင့်ကြောင်းလည်း ဗိုလ်မှူးချုပ် တာဖုန်းကျော်ပြောသည်။ ရထားလမ်းအတွက် ဒေသခံများကို အစိုးရက လုံလောက်စွာ လျှော်ကြေး မပေးမည်ကို TNLA က စိုးရိမ်ကြောင်းလည်း သူပြောသည်။
“ ဒီစီမံကိန်းကနေ ကျနော်တို့ဒေသခံပြည်သူတွေ ရသင့်ရထိုက်တဲ့ အကျိုးကျေးဇူးမရမှာ အရမ်းစိုးရိမ်တယ်” ဟုလည်း သူပြောသည်။
လွန်ခဲ့သောနှစ်များအတွင်း ရှမ်းပြည်နယ်မြောက်ပိုင်းတွင် တရုတ်နိုင်ငံက ဓါတ်ငွေ့ပိုက်လိုင်း တည်ဆောက်စဉ်ကကဲ့သို့ ထပ်မံဖြစ်မည်ကို TNLA က စိုးရိမ်နေသည်။ ထိုစဉ်က ဒေသခံများ၏ ဆုံးရှုံးမြေအတွက် ကျောင်းအနည်းငယ် ဆောက်လုပ်ပေးခြင်းသာ ရရှိခဲ့သည်။
“လျှော်ကြေးရတဲ့သူ အရမ်းနည်းတယ်” ဟု ဗိုလ်မှူးချုပ်တာဖုန်းကျော်ပြောသည်။ ဒေသခံများအတွက် တရုတ်နိုင်ငံက မြန်မာအစိုးရသို့ပေးသော လျှော်ကြေးအများစုကို အရာရှိများက ယူထားလိုက်သည်ဟုလည်း သူက စွပ်စွဲသည်။
တရုတ်နိုင်ငံသည် တရုတ်နယ်စပ်ရှိ တိုင်းရင်းသားလက်နက်ကိုင်များ၊ တပ်မတော်နှင့် အစိုးရတို့ကြား ဆွေးနွေးပွဲများစွာကို ကြားဝင်ဆောင်ရွက်ပေးနေသည်။ BRI စီမံကိန်းရှိရာ နယ်စပ်ရှိ တိုင်းရင်းသားလက်နက်ကိုင်များအနေဖြင့် မတိုက်ခိုက်ကြရန်လည်း မကြာခဏ တိုက်တွန်းသည်။
( Lawi Weng ၏ Ta’ang Armed Group Wants Talks With China on Rail Project ကို ဆီလျော်အောင် ဘာသာပြန်သည်။)",,,,,,
<urn:uuid:6b233926-b166-4b19-a596-740249af8396>,"၂၀၀၆ ခု ဒိုင္ယာရီျပပြဲ
လြန္ခဲ့တဲ့ႏွစ္က အခန္းေျပာင္းေရႊ႕ရင္း ဒိုင္ယာရီအေဟာင္းေလးႏွစ္အုပ္ေပ်ာက္ရွသြားခဲ့တယ္။ ခု မိတ္ေဆြတစ္ပါးရဲ႕ အခန္းထဲမွာ ေမႊရင္း ျပန္ေတြ႕ရေတာ့ လႈိက္ကနဲ ၀မ္းသာမိ..။ ျပန္ဖတ္ၾကည့္မိေတာ့ လြမ္းစရာ..။ ကိုယ္ေရးထားတာ ကိုယ္ျပန္ကူးၾကည့္ေတာ့ လက္ေညာင္းတယ္..။ ဘာပဲျဖစ္ျဖစ္ ရွင္သစၥာ ရွင္ေမာ္ကြန္းတို႕အတြက္ ရည္ညႊန္းက်မ္းအျဖစ္ ကီးဘုတ္လက္လွည့္ဆရာပီပီ မွ်ေ၀လိုက္တယ္ ...:D (တစ္ခ်ိဳ႕လွ်ိဳ႕၀ွက္ခ်က္ေလးေတာ့ မသိခ်င္ၾကနဲ႕ေပါ့ကြယ္.. ငါ့ရွင္တို႕ရယ္.. ;)..
ဇန္န၀ါရီလ (၁)
ပံုမွန္အခ်ိန္ထက္ေစာလြန္းစြာ ႏိုးထလာရသည့္အတြက္ ႏွစ္သစ္တစ္ခု၏ နံနက္ခင္းသည္ အိပ္ခ်င္မူးတူးျဖစ္ေနခဲ့သည္။
၂၀၀၆ ခုနွစ္ အသစ္စက္စက္ၾကီးကေတာ့ သူ႕ေက်ာကုန္းေပၚတြင္ စြန္းထင္းစြဲက်န္ရစ္မည့္ ဒိုင္ယာရီရွင္၏ အဆိုးအေကာင္းေဆးစက္မ်ားကိုသာ ရင္တမမေစာင့္ၾကည့္ေနေပလိမ့္မည္။ ဒို္င္ယာရီရွင္ကလည္း မဂၤလာရွိေအာင္ ေနထိုင္ၾကည့္မယ္ ဟု ယခင္ႏွစ္မ်ား၏ စဥိးေန႕ရက္မ်ားလိုပင္ မရဲတရဲ ေတြးထားႏွင့္ၿပီး ျဖစ္သည္။ HAPPY NEW YEAR ႏႈတ္ဆက္သံမ်ား တယ္လီဖုန္းၾကိဳးမွ်င္ထဲမွ စီးဆင္းလာသည္။
လြန္ခဲ့တဲ့ႏွစ္က အခန္းေျပာင္းေရႊ႕ရင္း ဒိုင္ယာရီအေဟာင္းေလးႏွစ္အုပ္ေပ်ာက္ရွသြားခဲ့တယ္။ ခု မိတ္ေဆြတစ္ပါးရဲ႕ အခန္းထဲမွာ ေမႊရင္း ျပန္ေတြ႕ရေတာ့ လႈိက္ကနဲ ၀မ္းသာမိ..။ ျပန္ဖတ္ၾကည့္မိေတာ့ လြမ္းစရာ..။ ကိုယ္ေရးထားတာ ကိုယ္ျပန္ကူးၾကည့္ေတာ့ လက္ေညာင္းတယ္..။ ဘာပဲျဖစ္ျဖစ္ ရွင္သစၥာ ရွင္ေမာ္ကြန္းတို႕အတြက္ ရည္ညႊန္းက်မ္းအျဖစ္ ကီးဘုတ္လက္လွည့္ဆရာပီပီ မွ်ေ၀လိုက္တယ္ ...:D (တစ္ခ်ိဳ႕လွ်ိဳ႕၀ွက္ခ်က္ေလးေတာ့ မသိခ်င္ၾကနဲ႕ေပါ့ကြယ္.. ငါ့ရွင္တို႕ရယ္.. ;)..
ဇန္န၀ါရီလ (၁)
ပံုမွန္အခ်ိန္ထက္ေစာလြန္းစြာ ႏိုးထလာရသည့္အတြက္ ႏွစ္သစ္တစ္ခု၏ နံနက္ခင္းသည္ အိပ္ခ်င္မူးတူးျဖစ္ေနခဲ့သည္။
၂၀၀၆ ခုနွစ္ အသစ္စက္စက္ၾကီးကေတာ့ သူ႕ေက်ာကုန္းေပၚတြင္ စြန္းထင္းစြဲက်န္ရစ္မည့္ ဒိုင္ယာရီရွင္၏ အဆိုးအေကာင္းေဆးစက္မ်ားကိုသာ ရင္တမမေစာင့္ၾကည့္ေနေပလိမ့္မည္။ ဒို္င္ယာရီရွင္ကလည္း မဂၤလာရွိေအာင္ ေနထိုင္ၾကည့္မယ္ ဟု ယခင္ႏွစ္မ်ား၏ စဥိးေန႕ရက္မ်ားလိုပင္ မရဲတရဲ ေတြးထားႏွင့္ၿပီး ျဖစ္သည္။ HAPPY NEW YEAR ႏႈတ္ဆက္သံမ်ား တယ္လီဖုန္းၾကိဳးမွ်င္ထဲမွ စီးဆင္းလာသည္။
ငယ္စဥ္ ေနခဲ့ဖူးေသာ ျမိဳ႕ေလးဆီက '' ညယ္'' သံ၀ဲ၀ဲမ်ားႏွင့္ ေက်းဇူးရွင္ တို႕က လည္း ေကာင္းေသာႏွစ္သစ္ပါ လုပ္ၾကရွာသည္။ ထိုျမဳိ႕ေလးတြင္ စာေတြ အာပူေအာင္ေအာ္က်က္ခဲ့ရစဥ္က ေက်းဇူးတင္ထိုက္စြာ ေႏြးေထြးခဲ့ဖူးေသာမိသားစု...။ လြန္ခဲ့ေသာ ႏွစ္ေပါင္းႏွစ္ဆယ္နီးပါးခန္႕ကာလသည္ လြမ္းေ၀့လြင့္ေမ်ာဖြယ္ရာ ျဖစ္လာခဲ့ျပန္သည္။ ထိုျမိဳ႕ေလးတြင္ ဆယ္ေက်ာ္သက္သကၠရာဇ္မ်ား ေပါ့ပါးစြာ လြန္ေျမာက္ခဲ့ပါသည္။
သကၤန္းမႏိုင့္တႏိုင္ ကိုရင္ေလးတစ္ပါး၏ ညစ္က်ယ္က်ယ္ပံုရိပ္မ်ား၊ ပ်င္းရိငိုက္မ်ဥ္းစြာ စာက်က္ေနသည့္ သုန္မႈန္မ်က္ႏွာမ်ားက ဒစ္ဂ်စ္တယ္လ္ကင္မရာျပကြက္မ်ားလိုပင္ တလက္လက္ေတာက္ပၾကည္ရွင္းလာခဲ့၏။
Leo Tolstoy ၏ War and Peace စာအုပ္ထူထူၾကီးကို မႏိုင္မနင္းဖြင့္ၾကည့္မိေသာအခါ
'' There is no greatness where simplicity, goodness , truth are absent.''
''ရိုးသားမႈ ေကာင္းျမတ္ျခင္းႏွင့္ အမွန္တရားတို႕ ဆိတ္သုဥ္းရာ၌ ၾကီးက်ယ္မႈမရွိ '။' ဟူေသာပထမဆံုးစာမ်က္ႏွာျဖင့္
www.modernmonk.com ကို စတင္ Inter ေခါက္လိုက္မိေတာ့သည္။
ဓမၼဂဂၤါ(၁၄-၈-၂၀၁၂",,,,,,
<urn:uuid:b81070cd-8073-4db9-92c9-b91dcd20e666>,"ဘားအံစက်မှုဇုန် မြေဖိုး ကရင်ပြည်နယ် အစိုးရ အကြွေးတင်နေ
ကရင်ပြည်နယ် ဘားအံစက်မှုဇုန် အတွင်း မြေနေရာယူထားပြီး မြေတန်ဖိုး အကြေ မပေးသွင်းသူများကြောင့် ပြည်နယ် အစိုးရ၌ အကြွေးတင်နေကြောင်း ကရင်ပြည်နယ် လျှပ်စစ်နှင့် စက်မှုဝန်ကြီး ဦးစိုးလှိုင် က ပြောသည်။
ဘားအံစက်မှုဇုန် အတွင်း မြေနေရာယူထားပြီး မြေတန်ဖိုး အကြေ ပေးသွင်းမှု မရှိသည့် အတွက် ကရင်ပြည်နယ် အစိုးရ အနေနှင့် စက်မှုဇုန်ကို တာဝန်ယူ တည်ဆောက်သည့် သံလွင်ဧရာ ကုမ္ပဏီ (Developer) အား အကြွေး ကျပ်သန်း ၄ ထောင်ကျော် ပေးရန် ကျန်ရှိကြောင်း ဝန်ကြီးက ပြောသည်။
လျှပ်စစ်နှင့် စက်မှုဝန်ကြီး ဦးစိုးလှိုင် က “တချို့တွေက မြေနေရာယူထားတယ်။ မြေတန်ဖိုး တဝက်လောက်ပဲ သွင်းပြီး အခုထိ အကြေမသွင်းကြ ဘူး။ အဲဒီငွေတွေ မရသေးတော့ ပြည်နယ်အစိုးရက Developer ကုမ္ပဏီကို အကြွေးတင်နေပြီ” ဟု ပြောသည်။
ဝန်ကြီး ပြောကြားချက် အရ စက်မှုဇုန် စတင်တည်ထောင်စဉ်က ဇုန် ၁ အတွင်း ကုမ္ပဏီကြီးတခုက မြေနေရာ ဧက အများအပြား ယူထားကာ ၎င်းထံမှ မြေဖိုးရရန် ၃ ဘီလီယံခန့်နှင့် အခြားဇုန်တို့မှ မြေဖိုး ၁ ဘီလီယံ တို့ ရရှိပါက အကြွေး ကျေနိုင်မည် ဖြစ်ကြောင်း သိရသည်။
၃ နှစ်အတွင်း စက်မှုဇုန်မြေများ၌ မြေနေရာ ယူထားပြီး လုပ်ငန်းဆောင်ရွက်ခြင်း မရှိသေးပါက လျော်ကြေးမပေးဘဲ မြေပြန်သိမ်းမည်ဟု ၂၀၁၆ ခုနှစ်အတွင်း စက်မှုဝန်ကြီးဌာနက ထုတ်ပြန်ထားသော်လည်း ကရင်ပြည်နယ် အစိုးရ အဖွဲ့ အနေနှင့် ယင်းသို့ လုပ်ဆောင်ရန် အစီအစဉ် မရှိသေးကြောင်းလည်း ဝန်ကြီးက ဆိုသည်။
ဝန်ကြီး ဦးစိုးလှိုင်က “မြေဖိုးငွေ မြန်မြန်သွင်းရင် ဂရန်ထုတ်ပေးမယ် ဆိုပြီး မနည်း စည်းရုံးနေရတယ်။ အကယ်၍ မြေသိမ်းမယ်ဆိုရင်တောင် လျော်ကြေးပေးစရာ အစိုးရမှာ ပိုက်ဆံမရှိဘူး” ဟု ပြောသည်။
ကရင်ပြည်နယ် လျှပ်စစ်နှင့် စက်မှုဝန်ကြီးဌာန လက်အောက်ရှိ စက်မှုကြီးကြပ် ဦးစီးဌာနက ဘားအံ စက်မှုဇုန်အတွင်း မြေနေရာ ယူထားပြီး တန်ဖိုး အကြေပေးသွင်းရန် ကျန်ရှိသူများထံ တန်ဖိုး အလိုက် အရစ်ကျ ပေးသွင်းကြရန် အသိ ပေး သတိပေး နှိုးဆော်စာများ ၃ ကြိမ်တိုင် ပေးပို့ပြီး ဖြစ်ကြောင်း ၎င်းဌာနမှ ညွှန်ကြားရေးမှုး ဦးစိန်လွင် က ဆိုသည်။
ဘားအံ စက်မှုဇုန်တွင် လက်ရှိ လည်ပတ်နေသော စက်ရုံ အရေအတွက် အရ လျှပ်စစ် လုံလောက်မှု ရှိသော်လည်း ရေလိုအပ်ချက်၊ ကျွမ်းကျင် လုပ်သား၊ ကျူးကျော် ပြဿနာများ အပါအဝင် အချို့က မြေနေရာ လက်ဦးမှု ရယူထား သဖြင့် လုပ်ငန်း လိုအပ်ချက် အရ မြေနေရာ တိုးချဲ့လိုသည့် လုပ်ငန်းရှင်များ အတွက် မြေဈေးကြီးမြင့်မှုများ ကြုံ ကြောင်း စက်မှုဇုန်အတွင်း ရင်းနှီးမြှုပ်နှံထားသော လုပ်ငန်းရှင်များ က ပြောသည်။
ဘားအံစက်မှုဇုန်ရှိ ဟံသာကြယ် ပလက်စတစ် စက်ရုံမှ မန်နေဂျာ ကိုမင်းစိုးဇာနည်ထွန်းက “ကျနော်တို့ လုပ်ငန်း စက်ရုံတိုးချဲ့ဖို့ မြေလိုလာတယ်။ ဒါပေမယ့် အစိုးရချတဲ့ ပေါက်ဈေးနဲ့ လက်ရှိ ပေါက်ဈေးက အရမ်းကွာသွားပြီ။ တဆင့်ခံတွေ ဆိုတော့ ဈေးက ပိုများလာတယ်။ အစိုးရအနေနဲ့ မြေဦးထားပြီး တကယ် လုပ်ငန်းမလုပ်တဲ့ သူတွေဆီက မြေပြန်သိမ်းပြီး လုပ်ငန်းလုပ်တဲ့ သူတွေကို ချပေးသင့်တယ်။ ဒါမှ စက်မှုဇုန်လည်း တိုးတက်မှာ” ဟု သုံးသပ် ပြောဆို သည်။
အဆိုပါ စက်မှုဇုန်မှာ ၂၀၁၂ ခုနှစ်က စတင် အကောင်အထည် ဖော်ခြင်းဖြစ်ကာ ဘားအံမြို့နှင့် ၇ မိုင် အကွာ၊ ဘားအံ-လှိုင်းဘွဲ့ ကားလမ်းဘေး၌ တည်ရှိပြီး အကျယ်အဝန်း မြေ ဧက ၁ ထောင်ကျော်တွင် ဇုန် ၄ ခုခွဲခြား သတ်မှတ်ထားကာ စာရင်းများအရ မြေကွက် အလွတ်၂၆၆ ကွက်သာ ကျန်ရှိကြောင်း ပြည်နယ် အစိုးရအဖွဲ့က ပြောသည်။
ယင်းအနက် စက်မှုဇုန်အတွင်း တည်ဆောက်ဆဲ စက်ရုံမှာ ၇ ရုံနှင့် လုပ်ငန်း လည်ပတ်နေပြီ ဖြစ်သော စက်ရုံ အလုပ်ရုံ ပေါင်း ၁၆ ရုံ ရှိပြီး အထည်ချုပ် စက်ရုံ၊ ကာလာ အမိုးပြား စက်ရုံ၊ ကွန်ကရစ်ဓာတ်တိုင် စက်ရုံ၊ ပလက်စတစ် စက်ရုံ၊ ရာဘာ မှိုင်းခံ စက်ရုံ၊ ကျောက်မှုန့်ကြိတ် လုပ်ငန်း တို့ ဖြစ်ကြောင်း သိရသည်။",,,,,,
<urn:uuid:e9762a66-b3b0-433f-b5d7-fb93f77e23b6>,"ကယားပြည်နယ်ရဲ့ ပထမဦးဆုံး ကိုဗစ်ပိုးတွေ့လူနာဟာ အထက်တန်းသူနာပြုတစ်ဦးဖြစ်နေ
အောက်တိုဘာ ၁၆-၂၀၂၀
ကောင်းလက်ျာ(VOM)
ကိုဗစ်ဒုတိယလှိုင်းကာလ ကယားပြည်နယ်ရဲ့ ပထမဆုံး Covid-19 ပိုးတွေ့လူနာဟာ ရန်ကုန်မှာ သင်တန်းတက်ပြီး ပြန်လာတဲ့ ကျန်းမာရေးဦးစီးဌာနက အထက်တန်းသူနာပြုတစ်ဦးဖြစ်တယ်လို့ လွိုင်ကော်မြို့နယ်ပြည်သူ့ကျန်းမာရေးဦးစီးမှူး ဒေါက်တာထွန်းနေဝင်း
က ပြောပါတယ်။
” သူက ရန်ကုန်မှာ နှား၊ နှာခေါင်း၊ လည်ချောင်းနဲ့ပတ်သက်တဲ့ သင်တန်းသွားတက်ပြီး ပြန်လာတာပါ။ ချက်ခြင်းကွာရန်တင်းဝင်ခဲ့တာဖြစ်ပြီး အပြန်ကြိုခဲ့တဲ့ ပရဟိတကားသမားနှစ်ဦးလည်း တို့ဖတ်နမူနာယူစစ်ဆေးဖို့လုပ်နေတယ်”လို့ ဒေါက်တာထွန်းနေဝင်းကပြောပါတယ်။
အသက် ၃၀ ကျော်အရွယ် အထက်တန်းသူနာပြု အမျိုးသမီးဟာ အခုလ ၅ ရက်နေ့မှာ ကျန်းမာရေးနဲ့အားကစားဝန်ကြီးဌာနကနေဖွင့်လှစ်တဲ့ သင်တန်းတက်ပြီး လွိုင်ကော်ကို ပြန်လည်ရောက်ရှိခဲ့တဲ့အတွက် ကွာရန်တင်းစခန်းမှာထားရှိပြီး နှာခေါင်းနဲ့အာခေါင်တို့ပတ်နမူနာ စစ်ဆေးခဲ့ရာ အောက်တိုဘာ ၁၅ ရက်နေ့ည ၈နာရီ ထုတ်ပြန်ချက်အရ ကိုဗစ်ရောဂါပိုးစစ်ဆေးတွေ့ရှိခဲ့တာဖြစ်ပါတယ်။
အဲ့ဒီ သူနာပြုအမျိုးသမီးဟာ ရန်ကုန်ကနေ စင်းလုံးငှားယာဉ်နဲ့ပြန်လာခဲ့တာဖြစ်ပြီး ဝါရီကောခူဂိတ်ကတစ်ဆင့် ရွှေလွိုင်ကော် ပရဟိတကားနဲ့ လွိုင်ကော်မြို့ ပညာရေးကောလိပ် Quarantineစင်တာကို တိုက်ရိုက်ဝင်ရောက်ကာ စောင့်ကြည့်မှုခံယူခဲ့တာဖြစ်တယ်လို့ကယားပြည်နယ်အစိုးရအဖွဲ့က ထုတ်ပြန်ထားပါတယ်။
လူနာရဲ့လက်ရှိကျန်းမာရေးအခြေအနေမှာ ကောင်းမွန်လျက်ရှိပြီး လွိုင်ကော်ပြည်သူ့ဆေးရုံကြီး သီးသန့်ဆောင်ကို ပြောင်းရွှေ့ကာ စောင့်ကြပ်ကြည့်ရှုကုသပေးနေတယ်လို့ ကယားပြည်နယ်အစိုးရအဖွဲ့ကနေ သိရပါတယ်။
Photo – ကယားပြည်နယ်အစိုးရအဖွဲ့ရုံး
#voiceomyanmar #VOM #ကယား #ကိုဗစ် #ပထမဆုံးပိုးတွေ့လူနာ
Zawgyi
ကယားျပည္နယ္ရဲ႕ ပထမဦးဆုံး ကိုဗစ္ပိုးေတြ႕လူနာဟာ အထက္တန္းသူနာျပဳတစ္ဦးျဖစ္ေန
ေအာက္တိုဘာ ၁၆-၂၀၂၀
ေကာင္းလက္်ာ(VOM)
ကိုဗစ္ဒုတိယလႈိင္းကာလ ကယားျပည္နယ္ရဲ႕ ပထမဆုံး Covid-19 ပိုးေတြ႕လူနာဟာ ရန္ကုန္မွာ သင္တန္းတက္ၿပီး ျပန္လာတဲ့ က်န္းမာေရးဦးစီးဌာနက အထက္တန္းသူနာျပဳတစ္ဦးျဖစ္တယ္လို႔ လြိဳင္ေကာ္ၿမိဳ႕နယ္ျပည္သူ႔က်န္းမာေရးဦးစီးမႉး ေဒါက္တာထြန္းေနဝင္း
က ေျပာပါတယ္။
” သူက ရန္ကုန္မွာ ႏွား၊ ႏွာေခါင္း၊ လည္ေခ်ာင္းနဲ႔ပတ္သက္တဲ့ သင္တန္းသြားတက္ၿပီး ျပန္လာတာပါ။ ခ်က္ျခင္းကြာရန္တင္းဝင္ခဲ့တာျဖစ္ၿပီး အျပန္ႀကိဳခဲ့တဲ့ ပရဟိတကားသမားႏွစ္ဦးလည္း တို႔ဖတ္နမူနာယူစစ္ေဆးဖို႔လုပ္ေနတယ္”လို႔ ေဒါက္တာထြန္းေနဝင္းကေျပာပါတယ္။
အသက္ ၃၀ ေက်ာ္အ႐ြယ္ အထက္တန္းသူနာျပဳ အမ်ိဳးသမီးဟာ အခုလ ၅ ရက္ေန႔မွာ က်န္းမာေရးနဲ႔အားကစားဝန္ႀကီးဌာနကေနဖြင့္လွစ္တဲ့ သင္တန္းတက္ၿပီး လြိဳင္ေကာ္္ကို ျပန္လည္ေရာက္ရွိခဲ့တဲ့အတြက္ ကြာရန္တင္းစခန္းမွာထားရွ္ိၿပီး ႏွာေခါင္းနဲ႔အာေခါင္တို႔ပတ္နမူနာ စစ္ေဆးခဲ့ရာ ေအာက္တိုဘာ ၁၅ ရက္ေန႔ည ၈နာရီ ထုတ္ျပန္ခ်က္အရ ကိုဗစ္ေရာဂါပိုးစစ္ေဆးေတြ႕ရွိခဲ့တာျဖစ္ပါတယ္။
အဲ့ဒီ သူနာျပဳအမ်ိဳးသမီးဟာ ရန္ကုန္ကေန စင္းလုံးငွားယာဥ္နဲ႔ျပန္လာခဲ့တာျဖစ္ၿပီး ဝါရီေကာခူဂိတ္ကတစ္ဆင့္ ေ႐ႊလြိဳင္ေကာ္ ပရဟိတကားနဲ႔ လြိဳင္ေကာ္ၿမိဳ႕ ပညာေရးေကာလိပ္ Quarantineစင္တာကို တိုက္႐ိုက္ဝင္ေရာက္ကာ ေစာင့္ၾကည့္မႈခံယူခဲ့တာျဖစ္တယ္လို႔ကယားျပည္နယ္အစိုးရအဖြဲ႕က ထုတ္ျပန္ထားပါတယ္။
လူနာရဲ႕လက္ရွိက်န္းမာေရးအေျခအေနမွာ ေကာင္းမြန္လ်က္ရွိၿပီး လြိဳင္ေကာ္ျပည္သူ႔ေဆး႐ုံႀကီး သီးသန႔္ေဆာင္ကို ေျပာင္းေ႐ႊ႕ကာ ေစာင့္ၾကပ္ၾကည့္ရႈကုသေပးေနတယ္လို႔ ကယားျပည္နယ္အစိုးရအဖြဲ႔ကေန သိရပါတယ္။
Photo – ကယားျပည္နယ္အစိုးရအဖြဲ႔ရံုး
#voiceomyanmar #VOM #ကယား #ကိုဗစ္ #ပထမဆံုးပိုးေတြ႕လူနာ",,,,,,
<urn:uuid:ca7ee3a1-b067-4819-9301-27be5fda420c>,"English
တွဲဖက်
ပိုက်ဆံအိတ်
DIGGING
အထွေထွေ - တာဝန်
တာရှည်ပိုက်ဆံ
အထူး - တာဝန်ထမ်းဆောင်
သန့်ရှင်းရေးလုပ်သည်
သန့်ရှင်းတဲ့ BUCKET ditch
tilt ခုံအိပ်ရာ
ပလက်ဖောင်းဖယ်ရှားရေး BUCKET
မျက်နှာပြင်
SKELETON မျက်နှာပြင် BUCKET
Rotary မျက်နှာဖုံး
တင်ဆောင်
Loading BUCKET
မြေအောက်ငွေတောင်းကိုအောက်
အခြားသူများ
ကျေးဇူးပါ
စက်မှု
Hydraulic
တွဲဖက်
စက်မှု
Hydraulic
တစ်ဝက် -OUTO
PULVERIZERS
စက်မှု
Hydraulic
ကြိုး / ရိုက်နှက်မှု / RAKES
RIPPER
Thumb
RAKE
COMP
ဆွဲဆောင်ဘီး
ပြား Compactors
ပွဲစား
ARM & BOOM
Standard ARM & BOOM
Rock လက်နက်နှင့် BOOM
ရေရှည် ARM & BOOM
အပိုင်း (၃) ရှည်လျားလှတဲ့ BOOM & ARM
တယ်လီစကုပ်လက်နက်
တိုးချဲ့ ARM
FITUP ပုံစံ
""CW"" စီးရီး
စီးရီး ""S""
လက်အောက်ခံ
undercarriage အစိတ်အပိုင်းများ
Roller လမ်းကြောင်း
Carrier Roller
Idler
ကြယ်တံခွန်
ဖိနပ်ခြေရာကောက်
Link ကို Track
Track ကိုယ်ရံတော်
Adjuster / Tensioner
ရော်ဘာလမ်းကြောင်း
ကုန်းနေရေယာဉ်အောက်မှာရထားစီး
မြေကြီးစက်
ကုန်းရေနေသတ္တဝါတူးဖော်
အလတ်စားတူးဖော်
အသေးစားတူးဖော်
ကျွန်တော်တို့ရဲ့ပုံပြင်
ကျွန်ုပ်တို့၏ကုန်အမှတ်တံဆိပ်
ကျွန်ုပ်တို့၏ဝန်ဆောင်မှုများ
လက်မှတ်များ
ပြပွဲ & လာရောက်လည်ပတ်သူ
ဖောက်သည်သက်သေခံချက်
အဖွဲ့နှင့်ယဉ်ကျေးမှု
ကိုးကားရယူပါ
သတင်း
နေအိမ်
ထုတ်ကုန်များ
တွဲဖက်
တွဲဖက်
တစ်ဝက် -OUTO
တစ်ဝက် -OUTO
+ 86-0516-87533040
sales@bonovo-china.com
+ 86-18796294327
Wechat ကို scan လုပ်ပါ
ရှာဖွေရန် Enter ကိုနှိပ်ပါ။ သို့မဟုတ်ပိတ်ရန် ESC ကိုနှိပ်ပါ
English
French
German
Portuguese
Spanish
Russian
Japanese
Korean
Arabic
Irish
Greek
Turkish
Italian
Danish
Romanian
Indonesian
Czech
Afrikaans
Swedish
Polish
Basque
Catalan
Esperanto
Hindi
Lao
Albanian
Amharic
Armenian
Azerbaijani
Belarusian
Bengali
Bosnian
Bulgarian
Cebuano
Chichewa
Corsican
Croatian
Dutch
Estonian
Filipino
Finnish
Frisian
Galician
Georgian
Gujarati
Haitian
Hausa
Hawaiian
Hebrew
Hmong
Hungarian
Icelandic
Igbo
Javanese
Kannada
Kazakh
Khmer
Kurdish
Kyrgyz
Latin
Latvian
Lithuanian
Luxembou..
Macedonian
Malagasy
Malay
Malayalam
Maltese
Maori
Marathi
Mongolian
Burmese
Nepali
Norwegian
Pashto
Persian
Punjabi
Serbian
Sesotho
Sinhala
Slovak
Slovenian
Somali
Samoan
Scots Gaelic
Shona
Sindhi
Sundanese
Swahili
Tajik
Tamil
Telugu
Thai
Ukrainian
Urdu
Uzbek
Vietnamese
Welsh
Xhosa
Yiddish
Yoruba
Zulu",,,,,,
<urn:uuid:ecce215e-ba3e-46c0-a978-44632290124d>,"- Web Master
- ၂၉ နိုဝင်ဘာ ၂၀၂၃
လာမည့်အပတ်အတွင်း အိန္ဒိယနိုင်ငံတွင် ကျင်းပမည့် ဂျီ-၂၀ ထိပ်သီးအစည်းအဝေးသို့ တရုတ်သမ္မတ ရှီကျင့်ဖျင် တက်ရောက်မည်မဟုတ်ဘဲ ၄င်းအစား ဝန်ကြီးချုပ် လီကျန်းသာ တက်ရောက်လိမ့်မည်ဟု တရုတ်နိုင်ငံရှိ အိန္ဒိယသံတမန်တစ်ဦးက ပြောကြားသည်။
G20 နိုင်ငံများ ထိပ်သီးအစည်းအဝေးကို လာမည့် စက်တင်ဘာ(၉)ရက်နှင့် (၁၀)ရက်နေ့များတွင် အိန္ဒိယနိုင်ငံ၊ နယူးဒေလီမြို့၌ ကျင်းပပြုလုပ်မည်ဟု သိရသည်
အဆိုပါထိပ်သီးအစည်းအဝေးကို အမေရိကန်သမ္မတ ဂျိုးဘိုင်ဒင် တက်ရောက်မည်ဖြစ်ပြီး သမ္မတ ရှီကျင့်ဖျင် တက်ရောက်လာမည်ဆိုပါက အမေရိကန် နှင့် တရုတ် နှစ်နိုင်ငံခေါင်းဆောင်များ မျက်နှာချင်းဆိုင် တွေ့ဆုံဆွေးနွေးနိုင်မည်ဖြစ်ပြီး နှစ်နိုင်ငံအကြားဖြစ်ပေါ်နေသော ကုန်သွယ်ရေး နှင့် ပထဝီနိုင်ငံရေး တင်းမာမှုများကို ဖြေလျှော့နိုင်မည်ဟု မျှော်လင့်နေကြသည်။
ရှီကျင့်ဖျင် နှင့် ဘိုင်ဒင်တို့သည် ပြီးခဲ့သည့်နှစ် နိုဝင်ဘာလက အင်ဒိုနီးရှားနိုင်ငံ ဘာလီတွင်ကျင်းပသည့် ဂျီ-၂၀ ထိပ်သီးအစည်းအဝေး၌ နောက်ဆုံးတွေ့ဆုံခဲ့ကြသည်။
ရုရှားသမ္မတ ပူတင်ကလည်း အဆိုပါအစည်းအဝေးသို့ တက်ရောက်မည်မဟုတ်ကြောင်း ကြေညာထားပြီး ၄င်းအစား နိုင်ငံခြားရေးဝန်ကြီး ဆာဂီ လာဗရော့ဗ် တက်ရောက်မည်ဟု ဆိုသည်။
တတိယသက်တမ်း တာဝန်ထမ်းဆောင်ပြီးနောက်ပိုင်း တရုတ်သမ္မတ ရှီကျင့်ဖျင်သည် ပြည်ပခရီးစဉ်များ သွားလေ့မရှိတော့ပေ။
သို့သော် ပြီးခဲ့သည့်အပတ်က တောင်အာဖရိကနိုင်ငံတွင် ကျင်းပခဲ့သည့် BRICS စီးပွါးရေးဖွံ့ဖြိုးလာသည့် နိုင်ငံကြီးများ၏ ထိပ်သီးအစည်းအဝေးသို့ တက်ရောက်ခဲ့သည်။
BRICS တွင် ဘရာဇီး၊ ရုရှား၊ အိန္ဒိယ၊ တရုတ် နှင့် တောင်အာဖရိကနိုင်ငံများ ပါဝင်သည်။ အဆိုပါထိပ်သီးအစည်းအဝေးတွင် တရုတ်သမ္မတ ရှီကျင့်ဖျင် နှင့် အိန္ဒိယဝန်ကြီးချုပ် မိုဒီတို့ တွေ့ဆုံခဲ့ကြပြီး နှစ်နိုင်ငံနယ်စပ်ရေးရာပြဿနာများကို ဆွေးနွေးခဲ့ကြသည်ဟု သိရှိရသည်။
NN-27
Ref:CAN",,,,,,
<urn:uuid:ce6d54cd-5bb1-4440-99af-91a0337ec491>,"ကားထဲမှာ GPS တပ်ဆင်ရတဲ့ အဓိကရည်ရွယ်ချက်ကဘာလဲ။ speed name network ၏ အယ်ဒီတာက ၎င်းနှင့်ပတ်သက်သည့် ဗဟုသုတအချက်များကို ပြောပြပါမည်။ ကား GPS ခြေရာခံကိရိယာ၏ စက်ပစ္စည်းကို ပျောက်ဆုံးမှုနှင့် ခိုးမှုဆန့်ကျင်ရေးအပြင် ကားနှင့် ချေးငွေအသုံးပြုခြင်းအတွက် အဓိကအားဖြင့် အသုံးပြုပါသည်။ ထို့အပြင်၊ ရေယာဉ်စု၏စီမံခန့်ခွဲမှုအတွက်၊ ကား GPS တည်နေရာသည် မရှိမဖြစ်လိုအပ်ပါသည်။ အကြောင်းပြချက်သည် အလွန်ရိုးရှင်းသည်၊ မန်နေဂျာသည် သမိုင်းလမ်းကြောင်းကို စစ်ဆေးပြီးနောက် မော်တော်ယာဉ်သည် ရည်ရွယ်ထားသည့်နေရာသို့ အချိန်မီရောက်ရှိနိုင်သည်ဆိုသည်ကို အတည်ပြုနိုင်သည်။ ပေါ့လျော့မှုမဖြစ်အောင် ယာဉ်မောင်းကိုလည်း ကိုင်တွယ်နိုင်ပါတယ်။
ကား GPS ခြေရာခံကိရိယာများကို ယေဘူယျအားဖြင့် မည်သည့်နေရာတွင် တပ်ဆင်ထားသနည်း။ ခိုင်ခံ့သော သံလိုက်ဖြင့် နေရာချထားခြင်းသည် ကား၏အောက်ခြေတွင် တိုက်ရိုက်ကပ်ရန် လုံလောက်ပါသည်။ ရေစိုခံသည့် လုပ်ဆောင်ချက်ကို ရရှိနိုင်ပြီး ၎င်းတွင် အကြာကြီး အသင့်အနေအထားရှိပြီး မကြာခဏ အားသွင်းရန် မလိုအပ်ပါ။ ထို့အပြင်၊ အချိန်အကြာကြီးလျှပ်စစ်ဓာတ်အားချိတ်ဆက်လိုသောအသုံးပြုသူများသည်ကားဘက်ထရီနှင့်တိုက်ရိုက်ချိတ်ဆက်နိုင်ပြီး၊ ထို့နောက်ပါဝါထောက်ပံ့မှုမလိုအပ်ဘဲဆက်တိုက်နေရာချထားခြင်း၏ရည်ရွယ်ချက်ကိုအောင်မြင်နိုင်သည်။ Suming.com ၏ အတွေ့အကြုံအရ ပါဝါချိတ်ဆက်မှုနည်းလမ်းကို မရွေးချယ်ဘဲ ကားအား အလွယ်တကူ ပါဝါဆုံးရှုံးစေသောကြောင့်ဖြစ်သည်။ ကား၏ GPS ခြေရာခံကိရိယာကိုလည်း ထိုင်ခုံအောက်တွင် တိုက်ရိုက်ထားနိုင်သောကြောင့် ကိရိယာကို အတော်လေး အရိပ်ရစေသည်။
ကား GPS တည်နေရာပြကိရိယာသည် စက်ထဲသို့ မိုဘိုင်းလ်ဖုန်းကတ်တစ်ခု ထည့်သွင်းရန် လိုအပ်သည်။ ကား GPS သည် မိုဘိုင်းလ်ဖုန်းကတ် ထည့်သွင်းရန် အဘယ်ကြောင့် လိုအပ်သည်ကို လူအတော်များများ နားမလည်ကြသော်လည်း အကြောင်းပြချက်မှာ အလွန်ရိုးရှင်းပါသည်။ နေရာချထားခြင်း၏ နိယာမမှာ သတ်မှတ်ထားသော နောက်ခံသို့ ပေးပို့ရန်အတွက် GPS တည်နေရာပြစနစ်ရှိ SIM ဒေတာကို အသုံးပြုကာ ပြီးပြည့်စုံသော နေရာချထားမှု စောင့်ကြည့်ရေးစနစ်ကို ဖွဲ့စည်းရန် ဖြစ်သည်။ GPS တည်နေရာပြကိရိယာများ၏ အရွယ်အစားသည် ယေဘူယျအားဖြင့် အနည်းငယ်သေးငယ်သော်လည်း အသင့်အနေအထားအချိန်ကြာမြင့်မှုကြောင့် ဘက်ထရီပမာဏအတော်လေးကြီးမားသောကြောင့် GPS ခြေရာခံကိရိယာများ၏ ပမာဏမှာ အတော်လေးကြီးမားပါသည်။ ကားတည်နေရာကို အရိပ်ပေးလိုပါက၊ အများအားဖြင့် ပုံသေအနေအထားမှာ အဓိကယာဉ်မောင်း သို့မဟုတ် တွဲဖက်ယာဉ်မောင်း၏ ရှုပ်ထွေးမှုကို ဖယ်ရှားရန်ဖြစ်သည်။ စက်၏အတွင်းပိုင်းနေရာနှင့် ထိုင်ခုံအောက်တွင်၊ ဤနေရာများသည် အရိပ်တပ်ဆင်ခြင်းအတွက် ပိုမိုသင့်လျော်ပါသည်။ သို့သော် အတည်ပြုရမည့်အချက်မှာ GPS အင်တင်နာသည် ဂြိုလ်တုအချက်ပြမှုများကို ပုံမှန်အတိုင်းလက်ခံနိုင်စေရန် သေချာစေရန်ဖြစ်ပြီး၊ ထို့ကြောင့် စက်၏တည်နေရာသည် အချက်ပြမှုကို မပိတ်ဆို့ရပါ။ အလိုအလျောက်ဘဏ္ဍာရေးအန္တရာယ်ထိန်းချုပ်မှုစနစ်
ကျွန်ုပ်တို့သည် ကား GPS တည်နေရာပြကိရိယာ၊ ခိုးမှုဆန့်ကျင်ရေးကိရိယာနှင့် လည်ပတ်မှုကို မိတ်ဆက်ပေးသည်၊ အချို့သော ရိုးရှင်းသော GPS တည်နေရာကို သင်ကိုယ်တိုင်တပ်ဆင်နိုင်သော၊ နှင့် အချို့သော ရှုပ်ထွေးသောဝါယာကြိုးများဖြင့် ရှုပ်ထွေးသော GPS တည်နေရာအတွက်၊ အထူးသဖြင့် ပြင်ပကင်မရာများ၊ ပရင်တာများလိုအပ်သော၊ လောင်စာဆီသုံးစွဲမှု ထောက်လှမ်းကိရိယာ၏ ကား GPS တည်နေရာကို သင်ကိုယ်တိုင် တပ်ဆင်ရန် အကြံပြုထားခြင်း မရှိဘဲ၊ အတွေ့အကြုံရှိ ကျွမ်းကျင်ပညာရှင်ကို မေးမြန်းရန် သို့မဟုတ် ၎င်းကို တပ်ဆင်ရန် အလိုအလျောက် ပြုပြင်ရေးဌာနသို့ သွားပါ။ စက်ပစ္စည်းသည် ဦးစွာလာသောကြောင့် အရေးကြီးပါသည်။ ယေဘူယျအားဖြင့်၊ ရိုးရှင်းသောကား GPS တည်နေရာသည် လိုအပ်ချက်များနှင့် ပြည့်မီနိုင်ပြီး ၎င်းကို ကား၏ power supply နှင့် ချိတ်ဆက်ရန် မလိုအပ်ပါ။ GPS ကိုယ်ရေးကိုယ်တာတည်နေရာ
တင်ချိန်- သြဂုတ် ၂၅-၂၀၂၂",,,,,,
<urn:uuid:6e2d7612-8d26-4563-8598-2ce9bdd53d9a>,"နံနံပင်
|နံနံပင်|
|သိပ္ပံနည်းကျမျိုးခွဲခြင်း|


|ဒွိနာမ|
|''Coriandrum sativum''|
Coriander (နံနံပင်)[ပြင်ဆင်ရန်]
- Botany Term : Coriandrum sativum Linn
- Species/Family : Umbelliferae
ပုံသဏ္ဌာန် :
အပင်-- တစ်နှစ်ခံ ပင်ငယ်မျိုး ဖြစ်သည်။ အမြင့် တစ်ပေ ခန့် အထိ ရှိတတ်ပြီး အမြဲစိမ်း ပင်ဖြစ်သည်။ ပင်စည်လုံး အလွန် သေးငယ်၍ ချောမွေ့သည်။
အရွက်--- အရွက်များ လွန်စွာ ဖြာထွက်သည်။ ရွက်နားဝိုက် များ အလွန်ဟိုက် ကာ အဝိုက် ၃ ခု သို့မဟုတ် ၃ ခု ထက် ပို၍ ပါရှိ ၏ ။ အဝိုက်များသည် အပ်ချည် ကဲ့သို့ ကွဲဖြာနေ သည်။ ရွက်ပြား အစိမ်း ဖျော့ရောင် ရှိသည်။
အပွင့်--- အလွန်သေး ငယ်၍ အဖြူရောင် ရှိသည်။ ထီးပုံ ပန်းခိုင်မှ ပွင့်သည်။
အသီး--- ညိုဝါရောင် ရှိ၍ လုံးသည်။ အက်ကွဲသီး ဖြစ်၍ အခန်း လေးများတွင် တစ်ဖက်လုံး တစ်ဖက်ခွက် နေသော အစေ့လေး ပါရှိ၏ ။ အသုံးပြုနိုင်သည့်
အစိတ်အပိုင်းများ : အစေ့။
မြန်မာနိုင်ငံတွင် တွေ့နိုင်သောနေရာများ : မြန်မာနိုင်ငံ အနှံ့အပြား တွင်ပေါက်ရောက်သည်။ ရာသီ အလိုက် စိုက်ပျိုး ပင်ဖြစ်သည်။
စိုက်ပျိုးပုံ-
(က) စိုက်ခင်းမြေပြင်ခြင်း။ အလျား ပေ ၂၀ ၊ အနံ ၄ပေ ရှိ စိုက်ခင်း ဘောင်များကို မြေကောင်းစွာ မှုန့်ညက်အောင် ပြုပြင်ရန် လိုသည်။ မြေအား ပြုပြင်ပြီး နောက် နောက်ချေး မြေဆွေး ရသလောက် ဖြင့် ရောမွှေရမည်။
(ခ) စိုက်ပျိုးခြင်း။ ပေ ၂၀ ၊ ၄ ပေရှိ စိုက်ခင်း တစ်ဘောင် အတွက် မျိုးစေ့ တစ်ကျပ်သား ခန့် လိုသည်။ မစိုက်ပျိုး မီ မျိုးစေ့ များကို ကောင်းစွာ ခြောက်သွေ့စေ ပြီး ၇ရက်ခန့် ရေစိမ်၍ ဖောက်ထားပြီး မှ ကြဲပက် စိုက်ပျိုး သင့်သည်။ အပင် ထူလျှင် ၄ လက်မခြား ခန့် လက်ကြားခွဲ ပေးသင့်သည်။
(ဂ) ရေစုပ်ခြင်း ။ စိုက်ပျိုး ပြီး လျှင် ပြီးချင်း ကောက်ရိုးဖြင့် စိုက်ဘောင်အား ခပ်ပါးပါး ဖုံးအုပ်၍ ရေရွှဲရွှဲ လောင်းပေးရ မည်။ နေ့စဉ် မှန်မှန် ရေလောင်းပေး သင့်သည်။
(ဃ) ဆွတ်ခူးခြင်း။ စိုက်ပြီး ၄၅ ရက်မှ ရက်ပေါင်း ၆၀ အတွင်း နုတ်ယူ စားသုံးနိုင်သည်။
အသုံးဝင်ပုံ : အာနိသင်။ ။ မြန်မာဆေး ကျမ်းများ အလိုအရ နံနံစေ့သည် ဖန် ၊ ခါး ၊ စပ်၏ ။ ပူ၏ ။ ကြေကျက်က ချို၏ ။ ဝမ်းမီးကို တောက်စေ၏ ။ အစာကို ကြေကျက်စေ၏ ။ နှုတ်မြိန်စေ၏ ။ သွေး၊ လေ ၊ သလိပ် သုံးပါးကို ငြိမ်းစေ၏ ။
အသုံးပြုပုံ-
အစေ့
- နံနံစေ့အား ဆီးဖြူသီး နှင့် ညဦးမှ နေ၍ စိမ်းထားပြီး နံနက်တွင် စစ်၍ သကြားခဲ နှင့် ရောသောက်သော် ခေါင်းကိုက်ရောဂါ ပျောက်၏ ။
- နံနံစေ့ကို ချင်းခြောက်နှင့် ရောပြုတ်ပြီး အစာစား ပြီး တိုင်း သောက်ပါက ဝမ်းမီး ကောင်းလာစေသည်။
- နံနံစေ့ကို သကြားနှင့် ပြုတ်ပြီး အအေးခံ ၍ ဆန်ဆေး ရည်နှင့် ရောသောက်ပါက မိန်းမများ ကိုယ်ဝန်တည်စ ဖြစ်သော အန်ခြင်း ၊ပျို့ခြင်း ၊ နှလုံးနာခြင်း များ ပျောက်၏ ။
- နံနံစေ့ မှုန့်နှင့် သကြားကို ရော၍ စားခြင်းဖြင့် အပူကြောင့် ဖြစ်သော အဆစ်အမျက် ကိုက်ခဲခြင်း များ ပျောက်ကင်းစေနိုင်၏ ။
- နံနံစေ့ကို ဝါး၍ အရည်မျို ချပါက လည်ချောင်းနာ ခြင်း ပျောက်ကင်းသည်။
- နံနံစေ့ကို ဆန်ဆေးရည် တွင်စိမ်၍ သကြားသင့် ရုံရောပြီး တိုက်ပါက ကလေးများ ချောင်းဆိုး ပန်းနာ ပျောက်ကင်း၏ ။",,,,,,
<urn:uuid:d61657cb-99fe-4629-b107-977d9a00eb6b>,"မင်္ဂလာပါနော်။ Eyeshadow ကို မျက်လုံးပေါ်မှာဆိုးဖို့ တစ်ခုတည်းသာမက မတူညီတဲ့ နည်းလမ်းလေးတွေနဲ့လည်း အသုံးပြုနိုင်ပါတယ်။
အထူးသဖြင့် ရွှေရောင် Eyeshadow လေးတွေက သင့်ရဲ့ အကြည့်ကို ပိုပြီးတောက်ပစေသလို ဆွဲဆောင်မှုပိုရှိစေပါတယ်။
ရွှေရောင် Eyeshadow ကို Eyeshadow တစ်ခုတည်းအတွက်သာမက မတူညီတဲ့နည်းလမ်းလေးတွေနဲ့ အသုံးပြုနည်းလေးတွေကို မျှဝေပေးချင်ပါတယ်နော်။
၁။ Eyeliner အနေနဲ့သုံးမယ်
Eyeliner အနေနဲ့ ရွှေရောင် Eyeshadow ကို အသုံးပြုလို့ရပါတယ်။ အရင်ဆုံး လိုင်နာအမည်းနဲ့ အရင်ဆိုးလိုက်ပြီး အပေါ်ကနေ ထပ်ပြီးဆိုးပေးလိုက်နိုင်ပါတယ်။
၂။ မျက်ခုံးမွှေး Highlight အနေနဲ့သုံးမယ်
မျက်ခုံးမွှေးအလှကို ပိုပြီးပေါ်လွင်စေဖို့အတွက် Highlight အနေနဲ့ အသုံးပြုလို့ရပါသေးတယ်နော်။
၃။ Bronzer အနေနဲ့သုံးမယ်
သင့်ရဲ့ ရွှေရောင် Eyeshadow ကို Bronzer အနေနဲ့သုံးလို့ရပါတယ်။ သင့်မျက်နှာကို ပိုပြီးတောက်ပထင်ရှားစေမှာပါ။
၄။ မျက်လုံးအပေါ်အောက်သုံးမယ်
ရွှေရောင် Eyeshadow ကို သင့်မျက်လုံး အပေါ်မျက်ခွံနဲ့ အောက်မျက်ခွံတွေမှာလည်း အသုံးပြုနိုင်ပါတယ်။",,,,,,
<urn:uuid:1dcd7aad-b020-464a-b483-032c915d2be3>,"နှစ်ချက်ဘူတာလေဆာဂဟေဆော်ခြင်းစက်
ကုန်ပစ္စည်းအသေးစိတ်
ကုန်ပစ္စည်း Tags:
အသစ်က Flameproof စာရွက်၏စွမ်းအင်ကိုဘက်ထရီလှန် chip ကို, ဝင်ရိုးစွန်း, ပျော့ပျောင်းသော connection ကို welding များအတွက်သင့်လျော်သော။ ဂဟေဆော်ပြီးမြောက်ရန် desktop ပေါ်မှာအလုပ်လုပ်စားပွဲပေါ်မှာလျှော duplex ချမှတ်သည်နို့တိုက်ကျွေးရေး switch ကိုပေါ်ညှပ်ဖို့အတုတင်ဘက်ထရီအဖုံး။
အင်္ဂါရပ်များ:
ထုတ်လုပ်မှုစွမ်းဆောင်ရည်တိုးတက်လာဖို့ synchronous နို့တိုက်ကျွေးခြင်းနှင့်ဂဟေအကြားစားပွဲလျှော·နှစ်ဦးအနေအထား,
·တစ်ခုချင်းစီဘူတာရုံအဆင်ပြေပြေနဲ့ပြောင်းလွယ်ပြင်လွယ် function ကိုအတူအမှန်တကယ်ထုတ်လုပ်မှုလိုအပ်ချက်တွေနဲ့အညီမီးညှပ်အများအပြားအစုံတပ်ဆင်နိုင်သည်
·အဆိုပါမီးညှပ်ထုတ်ကုန်ပေါ်မှအတုနို့တိုက်ကျွေးခြင်းနှင့်လေဆာပုံပျက်သောတားဆီးနှင့်ကုန်ပစ္စည်းများ၏အရည်အသွေးတိုးတက်စေရန်လေဟာနယ်စုတ်ယူခြင်းကိရိယာနှင့်အတူတပ်ဆင်ထားနိုင်ပါတယ်
·အဆိုပါစုံလင်သောပေါင်းစပ် high definition ၏ coaxial ရူပါရုံကို CCD စနစ်နှင့် linear အလင်းအရင်းအမြစ်အာရုံစိုက်စနစ်ဂဟေလိုင်း programming ကိုပိုမိုလွယ်ကူနှင့်ပိုပြီးအဆင်ပြေစေသည်
ကွဲပြားခြားနားသောလိုအပ်ချက်များကို၏လိုအပ်ချက်များကိုဖြည့်ဖြည့်ဆည်းဖို့· Optional ထုံးစံလုပ်ကရိယာ,
ထုတ်ကုန်အရည်အသွေးတိုးတက်စေရန်· Optional CCD ဒင်္ positioning ကို module စနစ်က
ထုတ်လုပ်မှုစွမ်းဆောင်ရည်တိုးတက်ကောင်းမွန်ရေးတို့အတွက်ပေါင်းစုံဘူတာရုံဂဟေ mode နဲ့အထက်နဲ့အောက်ပစ္စည်းများအတွက်အလိုအလျောက်စက်ရုပ်အသိဉာဏ်ဘူတာရုံမှ· Optional အဆင့်မြှင့်,
|စစ်ဆင်ရေး mode ကို||စားပွဲပေါ်မှာလျှောနှစျခုအနေအထား|
|လေဆာပါဝါ||1000w / 2000w / 4000w / 6000w 可选配 Optional|
|လေဆာလှိုင်းအလျား||1070nm|
|
|
operating ဖိုင်ဘာ core ကိုအချင်း
|50 အွမ်, 100 အွမ်, 200 အွမ်可选配 Optional|
|(BPP) အနိမ့်ရောင်ခြည်အရည်အသွေးကို||1.1 မီလီမီတာ * mrad (50 အွမ်)|
|
|
worktable ၏လေဖြတ်
|X / Y / Z ကိုဝင်ရိုး, 500mm / 150mm / 150mm;
|
Y1 / Y1axis, 300mm / 300mm;
(စိတ်ကြိုက်နိုငျသညျ)
|
|
တစ်ဦးချင်းစီရိုးတံ၏ထပ်ခါတစ်လဲလဲ positioning ကိုတိကျမှန်ကန်မှု
|± 0.02mm|
|တည်နေရာရည်မှန်း||
|
အနီရောင်အလင်းနှင့် coaxial ရူပါရုံကို CCD စနစ်က
|လေဟာနယ်ထိစိမ့်||ချိန်ညှိဖိအား|
|
|
ယေဘုယျအားရှုထောင့်
|1140mmx1240mmx1830mm|
|စက်အသားတင်အလေးချိန်||650kg အကြောင်း|",,,,,,
<urn:uuid:a389836c-8503-4adb-873f-8e39d5eae4c5>,"Photo Credit
Photo Credit
ဂ်ဴဗင္တပ္စ္တုိက္စစ္မွဴး ေရာ္နယ္ဒိုဟာ အသက္ ၃၄ႏွစ္ေက်ာ္လုိ႔ ၃၅ႏွစ္ထဲ၀င္ေနၿပီျဖစ္ေပမယ့္ အခုခ်ိန္အထိ လူငယ္ေတြနဲ႔အၿပိဳင္ အလ်င္ျမန္ဆုံးေျပးလြားႏိုင္ေနဆဲျဖစ္ၿပီး နာပိုလီကို ၄-၃ ဂိုးနဲ႔အႏိုင္ရခဲ့တဲ့စီးရီးေအပြဲမွာလည္း သူ႕ရဲ႕အံ့အားသင့္စရာေကာင္းတဲ့ေျပးႏႈန္းကို ေတြ႕ျမင္ခဲ့ၾကပါတယ္။
Photo Credit ; Getty Images
ပြဲခ်ိန္ ၁၅မိနစ္အေရာက္ ဂ်ဴဗင္တပ္စ္အသင္း ကုိယ့္ပင္နယ္တီဧရိယာထဲ ေဘာလုံးရၿပီး တန္ျပန္တုိက္စစ္ဆင္ဖို႔ ႀကိဳးစားခ်ိန္မွာ ေရာ္နယ္ဒိုကလည္း အသင္းေဟာင္း ယူႏုိက္တက္မွာျပသခဲ့တဲ့ျမန္ႏႈန္းျမင့္ေျပးအားပုံစံအတုိင္း ပရိသတ္ေတြသတိထားမိေလာက္တဲ့အထိ ေျပးလႊားႏိုင္ခဲ့ပါတယ္။
Photo Credit
ေနာက္ထပ္အံ့အားသင့္စရာေကာင္းတာက အခ်က္အလက္ေတြျဖစ္ၿပီး ကုိယ့္ရဲ႕ပင္နယ္တီဧရိယာထဲကေန ၿပိဳင္ဘက္ပင္နယ္တီထဲ ေရာက္ဖို႔ ေရာ္နယ္ဒို အခ်ိန္ယူခဲ့တာက စုစုေပါင္း ၁၀စကၠန္႔ပဲရွိၿပီး ဘယ္ေလာက္ျမန္သလဲဆုိရင္ ပ်မ္းမွ် တစ္နာရီ ၃၃.၁၂ ကီလုိမီတာႏႈန္းအထိရွိသလုိ အကြာအေ၀းကလည္း ၉၂မီတာအထိရွိပါတယ္။
Photo Credit
လက္ရွိ မီတာ ၁၀၀ ကမၻာ့စံခ်ိန္ရွင္က ဂ်ေမကာႏုိင္ငံသား အူစိန္ဘုိ႔တ္ျဖစ္ၿပီး အသက္ ၂၃ႏွစ္အရြယ္ ၂၀၀၉ ခုႏွစ္က ၉.၅၈ စကၠန္နဲ႔ တင္ထားတာျဖစ္ပါတယ္။ အခုေရာ္နယ္ဒိုက အသက္ ၃၄ႏွစ္အရြယ္မွာ ၉၂မီတာကို ၁၀စကၠန္႔ေျပးႏိုင္တာျဖစ္ပါတယ္။
Photo Credit
ေရာ္နယ္ဒိုဟာ အရမ္းကိုပေရာ္ဖက္ရွင္နယ္ဆန္တဲ့ကစားသမားတစ္ဦးျဖစ္တာနဲ႔အညီ သူ႕ရဲ႕ႀကံ့ခုိင္မႈကိုလည္း ထိပ္ဆုံးအဆင့္မွာအၿမဲတမ္းရွိေနေအာင္ အခ်ိန္ျပည့္ႀကိဳးစားေနသူျဖစ္ၿပီး အထူးသျဖင့္ သူ႕ရဲ႕ေျပးႏႈန္းက ၿပိဳင္ဘက္ေတြလုိက္မမီႏိုင္တဲ့ေျပးႏႈန္းျဖစ္ေနဆဲပါပဲ။
Photo Credit
သူဟာ ၿပီးခဲ့တဲ့ႏွစ္ကမွ ၂၀၁၈ ကမၻာ့ဖလားၿပိဳင္ပြဲမွာ အျမန္ဆုံးေျပးႏိုင္သူအျဖစ္ ကစားသမား ၇၃၅ဦးကို ေက်ာ္ျဖတ္ကာ စံခ်ိန္တင္ထားခဲ့တာျဖစ္ၿပီး သူကိုယ္တုိင္ ဟက္ထရစ္သြင္းယူႏိုင္ခဲ့တဲ့ ေပၚတူဂီ ၃-၃ စပိန္ပြဲမွာ ကိုက္ ၈၀အကြာအေ၀းကို ပ်မ္းမွ်တစ္နာရီ ၃၄ကီလိုမီတာႏႈန္းနဲ႔ ေျပးလႊားခဲ့တာျဖစ္ပါတယ္။
Photo Credit
Unicode
၉၂မီတာကို ၁၀စက္ကန့်အတွင်း ပြေးလွှားနိုင်တဲ့ကစားသမားက ၃၄နှစ်သားကြီး ရော်နယ်ဒို
ဂျူဗင်တပ်စ်တိုက်စစ်မှူး ရော်နယ်ဒိုဟာ အသက် ၃၄နှစ်ကျော်လို့ ၃၅နှစ်ထဲဝင်နေပြီဖြစ်ပေမယ့် အခုချိန်အထိ လူငယ်တွေနဲ့အပြိုင် အလျင်မြန်ဆုံးပြေးလွားနိုင်နေဆဲဖြစ်ပြီး နာပိုလီကို ၄-၃ ဂိုးနဲ့အနိုင်ရခဲ့တဲ့စီးရီးအေပွဲမှာလည်း သူ့ရဲ့အံ့အားသင့်စရာကောင်းတဲ့ပြေးနှုန်းကို တွေ့မြင်ခဲ့ကြပါတယ်။
ပွဲချိန် ၁၅မိနစ်အရောက် ဂျူဗင်တပ်စ်အသင်း ကိုယ့်ပင်နယ်တီဧရိယာထဲ ဘောလုံးရပြီး တန်ပြန်တိုက်စစ်ဆင်ဖို့ ကြိုးစားချိန်မှာ ရော်နယ်ဒိုကလည်း အသင်းဟောင်း ယူနိုက်တက်မှာပြသခဲ့တဲ့မြန်နှုန်းမြင့်ပြေးအားပုံစံအတိုင်း ပရိသတ်တွေသတိထားမိလောက်တဲ့အထိ ပြေးလွှားနိုင်ခဲ့ပါတယ်။
နောက်ထပ်အံ့အားသင့်စရာကောင်းတာက အချက်အလက်တွေဖြစ်ပြီး ကိုယ့်ရဲ့ပင်နယ်တီဧရိယာထဲကနေ ပြိုင်ဘက်ပင်နယ်တီထဲ ရောက်ဖို့ ရော်နယ်ဒို အချိန်ယူခဲ့တာက စုစုပေါင်း ၁၀စက္ကန့်ပဲရှိပြီး ဘယ်လောက်မြန်သလဲဆိုရင် ပျမ်းမျှ တစ်နာရီ ၃၃.၁၂ ကီလိုမီတာနှုန်းအထိရှိသလို အကွာအဝေးကလည်း ၉၂မီတာအထိရှိပါတယ်။
လက်ရှိ မီတာ ၁၀၀ ကမ္ဘာ့စံချိန်ရှင်က ဂျမေကာနိုင်ငံသား အူစိန်ဘို့တ်ဖြစ်ပြီး အသက် ၂၃နှစ်အရွယ် ၂၀၀၉ ခုနှစ်က ၉.၅၈ စက္ကန်နဲ့ တင်ထားတာဖြစ်ပါတယ်။ အခုရော်နယ်ဒိုက အသက် ၃၄နှစ်အရွယ်မှာ ၉၂မီတာကို ၁၀စက္ကန့်ပြေးနိုင်တာဖြစ်ပါတယ်။
ရော်နယ်ဒိုဟာ အရမ်းကိုပရော်ဖက်ရှင်နယ်ဆန်တဲ့ကစားသမားတစ်ဦးဖြစ်တာနဲ့အညီ သူ့ရဲ့ကြံ့ခိုင်မှုကိုလည်း ထိပ်ဆုံးအဆင့်မှာအမြဲတမ်းရှိနေအောင် အချိန်ပြည့်ကြိုးစားနေသူဖြစ်ပြီး အထူးသဖြင့် သူ့ရဲ့ပြေးနှုန်းက ပြိုင်ဘက်တွေလိုက်မမီနိုင်တဲ့ပြေးနှုန်းဖြစ်နေဆဲပါပဲ။
သူဟာ ပြီးခဲ့တဲ့နှစ်ကမှ ၂၀၁၈ ကမ္ဘာ့ဖလားပြိုင်ပွဲမှာ အမြန်ဆုံးပြေးနိုင်သူအဖြစ် ကစားသမား ၇၃၅ဦးကို ကျော်ဖြတ်ကာ စံချိန်တင်ထားခဲ့တာဖြစ်ပြီး သူကိုယ်တိုင် ဟက်ထရစ်သွင်းယူနိုင်ခဲ့တဲ့ ပေါ်တူဂီ ၃-၃ စပိန်ပွဲမှာ ကိုက် ၈၀အကွာအဝေးကို ပျမ်းမျှတစ်နာရီ ၃၄ကီလိုမီတာနှုန်းနဲ့ ပြေးလွှားခဲ့တာဖြစ်ပါတယ်။",,,,,,
<urn:uuid:0f9d0ec4-c4f5-43d9-9749-1bc5ae139a9b>,"တရားစွဲခံ သရုပ်ဆောင်များ၏ ကြော်ငြာဆိုင်းဘုတ်များကို စစ်ကောင်စီက ဖြုတ်ခိုင်းနေ
(ယူနီကုဒ် ဖြင့် ဖတ်မရသူများ အောက်တွင် ဇော်ဂျီဖောင့်ဖြင့်ဖတ်ရန်)
ပုဒ်မ ၅၀၅(က)နဲ့ အမှုဖွင့် တရားစွဲခံထားရတဲ့ သရုပ် ဆောင်တွေရဲ့ ကြော်ငြာဆိုင်းဘုတ်မှန်သမျှကို စစ်ကောင်စီခန့် မန္တလေးစည်ပင်သာယာ တာဝန်ရှိသူရဲ့အမိန့်နဲ့ နှစ်ရက်အတွင်း အပြီးဖြုတ်ခိုင်းနေတယ်လို့ စည်ပင်ဝန်ထမ်းတွေထံက သိရပါတယ်။…
မန္တလေးမြို့မှာ ဇွန်လ ၁၅ ရက်နေ့က စပြီး စည်ပင်သာယာဝန်ထမ်းနဲ့ စည်ပင်ရဲတွေက ကြော်ငြာ ဆိုင်း ဘုတ်တွေကို လိုက်လံဖြု တ် သိမ်းနေကြတာဖြစ်ပါတယ်။ကြော်ငြာ ဆိုင်းဘုတ်တွေကို စည်ပင်သာယာထံ လုပ်ငန်းရှင်တွေက အခွန်ငွေပေးပြီး ထောင်ရတာ…
ဖြစ်တဲ့အတွက် တချို့လုပ်ငန်းရှင်တွေကတော့ “အခွန်ဆောင်ထားရတာတွေပြန်ပေးမှာလား”လို့ မေးခွန်း ထုတ်နေကြပါတယ်။လူအသွားအလာများတဲ့ အဓိက လမ်းမကြီးတွေမှာ စိုက်ထူထားတဲ့ ဆိုင်းဘုတ်တွေအတွက် အခွန်ပိုမိုပေးဆောင်ထားရတယ်လို့လည်း…
သိရပါတယ်။လမ်းဘေးဆိုင်တွေမှာလည်း အဆိုပါ သရုပ်ဆောင်တွေ ပါဝင်တဲ့ ဗီနိုင်းဆိုင်းဘုတ်တွေနဲ့ ကြော်ငြာထားတာ မှန်သမျှ ဖြုတ်ကြဖို့ စည်ပင်ကဝန် ထမ်းတွေ လိုက်ပြောနေကြတယ်လို့ သိရပါတယ်။စစ်ကောင်စီတပ်တွေ အဓိက ဖြ တ် သန်းသွားလာရာ…
အဓိကနေရာတွေဖြစ်တဲ့ မန္တလေးမြို့ ၇၈ လမ်း တစ် လျှောက်၊ ၈၄ လမ်း တလျှောက်၊ ၇၃ လမ်းနဲ့ လမ်း ၃၀ စတဲ့ လမ်းတွေကို အရင်ဆုံး လိုက်လံဖြုတ်ခိုင်းခဲ့တယ်လို့ သိရပါတယ်။အလားတူ ရန်ကုန်မြို့မှာလည်း အ များပြည်သူ ဖြတ်သန်းသွားလာရာ…
အဓိကလမ်းမကြီးတွေပေါ်က တရားစွဲခံ သရုပ်ဆောင်တွေရဲ့ ကြော်ငြာ ဆိုင်းဘုတ်ကြီးတွေလည်း မရှိသ လောက်နည်းပါးသွားပါတယ်။ဒါ့အပြင် နိုင်ငံတော် အတိုင်ပင်ခံ ပုဂ္ဂိုလ်ဒေါ်အောင်ဆန်းစုကြည်ရဲ့ ရုပ်ပုံပါဆိုင်းဘုတ်တွေလည်း ဖြုတ်သိမ်းခံထားရသလို…
သမ္မတ ဦးဝင်းမြင့်နေထိုင်ရာ တာမွေမြို့နယ်ရှိ ခြင်းလုံးရုံမှာ ချိတ်ဆွဲထားတဲ့ ခြင်းလုံးခတ်နေတဲ့ဓာတ်ပုံတွေကိုပါ စစ်အုပ်စုက လိုက်လံ ဖြုတ်သိမ်းထားပါတယ်။…
ဇော်ဂျီဖောင့်ဖြင့် ဖတ်ရန်
တရားစွဲခံ သရုပ်ဆောင်များ၏ ကြော်ငြာဆိုင်းဘုတ်များကို စစ်ကောင်စီက ဖြုတ်ခိုင်းနေ
ပုဒ်မ ၅၀၅(က)နဲ့ အမှုဖွင့် တရားစွဲခံထားရတဲ့ သရုပ် ဆောင်တွေရဲ့ ကြော်ငြာဆိုင်းဘုတ်မှန်သမျှကို စစ်ကောင်စီခန့် မန္တလေးစည်ပင်သာယာ တာဝန်ရှိသူရဲ့အမိန့်နဲ့ နှစ်ရက်အတွင်း အပြီးဖြုတ်ခိုင်းနေတယ်လို့ စည်ပင်ဝန်ထမ်းတွေထံက သိရပါတယ်။…
မန္တလေးမြို့မှာ ဇွန်လ ၁၅ ရက်နေ့က စပြီး စည်ပင်သာယာဝန်ထမ်းနဲ့ စည်ပင်ရဲတွေက ကြော်ငြာ ဆိုင်း ဘုတ်တွေကို လိုက်လံဖြု တ် သိမ်းနေကြတာဖြစ်ပါတယ်။ကြော်ငြာ ဆိုင်းဘုတ်တွေကို စည်ပင်သာယာထံ လုပ်ငန်းရှင်တွေက အခွန်ငွေပေးပြီး ထောင်ရတာ…
ဖြစ်တဲ့အတွက် တချို့လုပ်ငန်းရှင်တွေကတော့ “အခွန်ဆောင်ထားရတာတွေပြန်ပေးမှာလား”လို့ မေးခွန်း ထုတ်နေကြပါတယ်။လူအသွားအလာများတဲ့ အဓိက လမ်းမကြီးတွေမှာ စိုက်ထူထားတဲ့ ဆိုင်းဘုတ်တွေအတွက် အခွန်ပိုမိုပေးဆောင်ထားရတယ်လို့လည်း…
သိရပါတယ်။လမ်းဘေးဆိုင်တွေမှာလည်း အဆိုပါ သရုပ်ဆောင်တွေ ပါဝင်တဲ့ ဗီနိုင်းဆိုင်းဘုတ်တွေနဲ့ ကြော်ငြာထားတာ မှန်သမျှ ဖြုတ်ကြဖို့ စည်ပင်ကဝန် ထမ်းတွေ လိုက်ပြောနေကြတယ်လို့ သိရပါတယ်။စစ်ကောင်စီတပ်တွေ အဓိက ဖြ တ် သန်းသွားလာရာ…
အဓိကနေရာတွေဖြစ်တဲ့ မန္တလေးမြို့ ၇၈ လမ်း တစ် လျှောက်၊ ၈၄ လမ်း တလျှောက်၊ ၇၃ လမ်းနဲ့ လမ်း ၃၀ စတဲ့ လမ်းတွေကို အရင်ဆုံး လိုက်လံဖြုတ်ခိုင်းခဲ့တယ်လို့ သိရပါတယ်။အလားတူ ရန်ကုန်မြို့မှာလည်း အ များပြည်သူ ဖြတ်သန်းသွားလာရာ…
အဓိကလမ်းမကြီးတွေပေါ်က တရားစွဲခံ သရုပ်ဆောင်တွေရဲ့ ကြော်ငြာ ဆိုင်းဘုတ်ကြီးတွေလည်း မရှိသ လောက်နည်းပါးသွားပါတယ်။ဒါ့အပြင် နိုင်ငံတော် အတိုင်ပင်ခံ ပုဂ္ဂိုလ်ဒေါ်အောင်ဆန်းစုကြည်ရဲ့ ရုပ်ပုံပါဆိုင်းဘုတ်တွေလည်း ဖြုတ်သိမ်းခံထားရသလို…
သမ္မတ ဦးဝင်းမြင့်နေထိုင်ရာ တာမွေမြို့နယ်ရှိ ခြင်းလုံးရုံမှာ ချိတ်ဆွဲထားတဲ့ ခြင်းလုံးခတ်နေတဲ့ဓာတ်ပုံတွေကိုပါ စစ်အုပ်စုက လိုက်လံ ဖြုတ်သိမ်းထားပါတယ်။
Crd",,,,,,
<urn:uuid:d50ddfa1-a6d8-47d2-9836-284ba9a2b9d5>,"ေရခဲ
ေရခဲကို ၀က္ၿခံေရာင္တာေတြအတြက္အသံုးျပဳႏိုင္ပါတယ္။ ေရခဲတံုးေသးေသးေလးေတြက အေရာင္က်ေစပါတယ္။ ေရခဲတံုးမဟုတ္လည္း ေရခဲေရနဲပ မ်က္ႏွာသစ္ေပးႏိုင္ပါတယ္။ ေရခဲတံုးနဲ႔ မ်က္ႏွာေပၚမွာ လိမ့္ေပးရမွာျဖစ္ၿပီး အရမ္းေအးေနမွာစိုးရင္ ပု၀ါ (သို႔) အ၀တ္စခံၿပီး အသံုးျပဳႏိုင္ပါတယ္။
နႏြင္း
နႏြင္းက အလွအပအတြက္ေရာ က်န္းမာေရးအတြက္ပါ တကယ္ကို အသံုး၀င္ပါတယ္။ ၀က္ၿခံအတြက္လည္းအထူးေကာင္းမြန္ပါတယ္။
၀က္ၿခံနာတာကိုေပ်ာက္ေစၿပီး တျဖည္းျဖည္း အသားအေရၾကည္လင္လာေစမွာပါ။ နႏြင္းကိုေရနဲ႔ ပ်စ္ပ်စ္ေရာၿပီး မ်က္ႏွာေပၚမွာ မိနစ္ ၂၀ ေလာက္လိမ္းကာ သစ္ခ်ေပးပါ။
ပ်ားရည္
ပ်ားရည္က ခ်ိဳတဲ့အရသာရွိသလို ေရာင္ရမ္းမႈကို သက္သာေစတဲ့ ဂုဏ္သတၱိလည္းရွိပါတယ္။ ပ်ားရည္ကို ပံုမွန္လိမ္းေပး၇င္ ၀က္ၿခံသက္သာၿပီး တျဖည္းျဖည္း အသားအေရ၀င္းပလာမွာပါ။
ငွက္ေပ်ာခြံ
ငွက္ေပ်ာခြံကို မ်က္ႏွာေပၚမွာ ပြတ္လိမ္းေပးၿပီး ၁၅ မိနစ္ မိနစ္ ၂၀ ေလာက္ထားကာ မ်က္ႏွာသစ္ခ်ေပးပါ။ ငွက္ေပ်ာခြံကိုပြတ္တဲ့ေနရာမွာ အတြင္းသားနဲ႔ ပြတ္ေပးရမွာျဖစ္ပါတယ္။
ရွားေစာင္းလက္ပက္
ရွားေစာင္းလက္ပက္ကို ေနေလာင္တာေတြအတြက္ေရာ ၀က္ၿခံအတြက္ပါ အသံုးျပဳႏိုင္ပါတယ္။
ရွားေစာင္းလက္ပက္ကို လိမ္းေပးၿပီး ၁၅ မိနစ္ မိန္ ၂၀ ေလာက္ထားတာျဖစ္ျဖစ္ တညလံုးလိမ္းထားၿပီး အိပ္တာျဖစ္ျဖစ္ တကယ္ကိုအက်ိဳးထူးပါတယ္။ ၀က္ၿခံေပ်ာက္ကင္းၿပီး အသားအေရ စိုေျပလာမွာပါ။
ဖိုးသူေတာ္ (www.phothutaw.com)
Credit: mystyle
#Unicode Version#
၀က်ခြံပြဿနာကို ကျွန်မတို့ အပျို လူပျိုဖော်ဝင်စကတည်းက ရင်ဆိုင်လာခဲ့ရတာပါ။ ဝက်ခြံကုသနိုင်တဲ့ နည်းလမ်းတွေကို လေ့လာထားသမျှ မျှဝေလိုက်ပါတယ်။
ရေခဲ
ရေခဲကို ဝက်ခြံရောင်တာတွေအတွက်အသုံးပြုနိုင်ပါတယ်။ ရေခဲတုံးသေးသေးလေးတွေက အရောင်ကျစေပါတယ်။ ရေခဲတုံးမဟုတ်လည်း ရေခဲရေနဲပ မျက်နှာသစ်ပေးနိုင်ပါတယ်။ ရေခဲတုံးနဲ့ မျက်နှာပေါ်မှာ လိမ့်ပေးရမှာဖြစ်ပြီး အရမ်းအေးနေမှာစိုးရင် ပုဝါ (သို့) အဝတ်စခံပြီး အသုံးပြုနိုင်ပါတယ်။
နနွင်း
နနွင်းက အလှအပအတွက်ရော ကျန်းမာရေးအတွက်ပါ တကယ်ကို အသုံးဝင်ပါတယ်။ ဝက်ခြံအတွက်လည်းအထူးကောင်းမွန်ပါတယ်။
ဝက်ခြံနာတာကိုပျောက်စေပြီး တဖြည်းဖြည်း အသားအရေကြည်လင်လာစေမှာပါ။ နနွင်းကိုရေနဲ့ ပျစ်ပျစ်ရောပြီး မျက်နှာပေါ်မှာ မိနစ် ၂၀ လောက်လိမ်းကာ သစ်ချပေးပါ။
ပျားရည်
ပျားရည်က ချိုတဲ့အရသာရှိသလို ရောင်ရမ်းမှုကို သက်သာစေတဲ့ ဂုဏ်သတ္တိလည်းရှိပါတယ်။ ပျားရည်ကို ပုံမှန်လိမ်းပေး၇င် ဝက်ခြံသက်သာပြီး တဖြည်းဖြည်း အသားအရေဝင်းပလာမှာပါ။
ငှက်ပျောခွံ
ငှက်ပျောခွံကို မျက်နှာပေါ်မှာ ပွတ်လိမ်းပေးပြီး ၁၅ မိနစ် မိနစ် ၂၀ လောက်ထားကာ မျက်နှာသစ်ချပေးပါ။ ငှက်ပျောခွံကိုပွတ်တဲ့နေရာမှာ အတွင်းသားနဲ့ ပွတ်ပေးရမှာဖြစ်ပါတယ်။
ရှားစောင်းလက်ပက်
ရှားစောင်းလက်ပက်ကို နေလောင်တာတွေအတွက်ရော ဝက်ခြံအတွက်ပါ အသုံးပြုနိုင်ပါတယ်။
ရှားစောင်းလက်ပက်ကို လိမ်းပေးပြီး ၁၅ မိနစ် မိန် ၂၀ လောက်ထားတာဖြစ်ဖြစ် တညလုံးလိမ်းထားပြီး အိပ်တာဖြစ်ဖြစ် တကယ်ကိုအကျိုးထူးပါတယ်။ ဝက်ခြံပျောက်ကင်းပြီး အသားအရေ စိုပြေလာမှာပါ။
ဖိုးသူတော် (www.phothutaw.com)
Credit: mystyle",,,,,,
<urn:uuid:d0f49511-58c7-4802-8bc7-9952d27cba63>,"ဆယ္လီကမၻာ ပရိသတ္ၾကီးေရ မၾကာမီအခ်ိန္ပိုင္းအတြင္းမွာ ျမန္မာ့ရုပ္ရွင္ ထူးခၽြန္ဆုေပးပြဲၾကီးကို က်င္းပေတာ့မွာျဖစ္ပါတယ္။ အကယ္ဒမီပြဲတက္ဖက္ရွင္ေၾကာင့္ အႏုပညာရွင္စံုတြဲျဖစ္တဲ့ မင္းထက္ နဲ႕ စိုးနႏၵေက်ာ္တို႕ စံုတြဲဟာ ခ်င္းလူမ်ိဳးေတြရဲ႕ ေဝဖန္ျခင္းကိုခံေနရတယ္လို႕ဆိုပါတယ္။ ကာမလိမ္လည္မႈနဲ႔ တရားစြဲခံရတဲ့ သရုပ္ေဆာင္မင္းထက္ေၾကာင့္ စိုးနႏၵာေက်ာ္ ရဲ႕ ေအာက္ခ်င္းငွက္ ဝတ္စံု ဟာ မသင့္ေတာ္ဘူးလို႕ ခ်င္းလူမ်ဳိးေတြရဲ႕ ေဝဖန္တာခံရပါတယ္။ အဆိုပါဝတ္စံုကို Aroma ကဒီဇုိင္းဆင္ေပးထားၿပီး ၄င္းတို႔လူမႈကြန္ရက္စာမ်က္ႏွာမွာ ဓာတ္ပံုေဖာ္ျပထားပါတယ္။
အဆိုပါ ဓာတ္ပံုေအာက္တြင္ Salai Paing Soe အေကာင့္ပိုင္ရွင္က “ေအာက္ခ်င္းငွက္ဟာ ခ်င္းတစ္မ်ဳိးသားလံုးရဲ႕ အေလးထားမြန္ျမတ္တဲ့ သေကၤတငွက္ပါ။ လူမ်ဳိးတစ္မ်ဳိးရဲ႕အထြဋ္အျမတ္ထားတဲ့ ကိုယ္စားျပဳတဲ့ မည္သည့္အရာကိုမဆို စိတ္ဓာတ္ျမင့္ျမတ္တဲ့သူက မေစာ္ကားပါဘူး။ ခုက ကၽြန္ေတာ္တို႔ အမ်ဳိးသားသေကၤတကို ခုလိုထမိန္ေအာက္ေျခမွာထားျခင္းဟာ ခ်င္းတစ္မ်ဳိးသားလံုးကို ေစာ္ကားရာေရာက္သလို ခင္ဗ်ားတို႔ရဲ႕ မျမင့္ျမတ္တဲ့စိတ္ဓာတ္ကိုေဖာ္ျပျခင္းျဖစ္တယ္။ ဒီဇိုင္းကိုျပန္ေျပာင္းေပးပါ”လို႔ မွတ္ခ်က္ေပးထားပါတယ္။ဆက္လက္ၿပီး Khin May Htun ဆိုတဲ့အေကာင့္ပိုင္ရွင္က “သစၥာမရွိတဲ့လူကို ေအာက္ခ်င္းငွက္နဲ႔ေပးဝတ္ထားတာ ရြဲ႕ေနသလားထင္မိ” လို႔မွတ္ခ်က္ျပဳထားပါတယ္။ေအာက္ခ်င္းဒီဇိုင္း အစစ္ဟာ ငွက္ေမာင္နွံကို တင္ေနာက္မွဘယ္ေေတာ႔မွမထားဘူး အေရွ႔မွာပဲထားတာပါ တဲ့၊ တင္ေနာက္ထားတဲ႔ေအာက္ခ်င္းငွက္ ကို ခ်င္းေတြဘယ္ေတာ႔မွမဝတ္ဘူး “လို႕လည္းသိရပါတယ္ ။ ဆယ္လီကမၻာပရိသတ္ၾကီးေရ ဒီဝတ္စံုနွင့္ ပတ္သက္ျပီး အျမင္ေတြသေဘာထားေတြ ေျပာျပခဲ့ပါဦးေနာ္။
Source – zalen / Aroma
Yenanthar Khin Khin Se @ Cele Gabar
ယူနီကုဒ္ျဖင့္ဖတ္ရန္
အောက်ချင်းငှက်ကို တင်ပါးနောက်မှာထားတဲ့ ဝတ်စုံကြောင့် ချင်းလူမျိုးတွေ ဝေဖန်ခံနေရတဲ့ မင်းထက်တို့ စုံတွဲ
ဆယ်လီကမ္ဘာ ပရိသတ်ကြီးရေ မကြာမီအချိန်ပိုင်းအတွင်းမှာ မြန်မာ့ရုပ်ရှင် ထူးချွန်ဆုပေးပွဲကြီးကို ကျင်းပတော့မှာဖြစ်ပါတယ်။ အကယ်ဒမီပွဲတက်ဖက်ရှင်ကြောင့် အနုပညာရှင်စုံတွဲဖြစ်တဲ့ မင်းထက် နဲ့ စိုးနန္ဒကျော်တို့ စုံတွဲဟာ ချင်းလူမျိုးတွေရဲ့ ဝေဖန်ခြင်းကိုခံနေရတယ်လို့ဆိုပါတယ်။ ကာမလိမ်လည်မှုနဲ့ တရားစွဲခံရတဲ့ သရုပ်ဆောင်မင်းထက်ကြောင့် စိုးနန္ဒာကျော် ရဲ့ အောက်ချင်းငှက် ဝတ်စုံ ဟာ မသင့်တော်ဘူးလို့ ချင်းလူမျိုးတွေရဲ့ ဝေဖန်တာခံရပါတယ်။ အဆိုပါဝတ်စုံကို Aroma ကဒီဇိုင်းဆင်ပေးထားပြီး ၎င်းတို့လူမှုကွန်ရက်စာမျက်နှာမှာ ဓာတ်ပုံဖော်ပြထားပါတယ်။
အဆိုပါ ဓာတ်ပုံအောက်တွင် Salai Paing Soe အကောင့်ပိုင်ရှင်က “အောက်ချင်းငှက်ဟာ ချင်းတစ်မျိုးသားလုံးရဲ့ အလေးထားမွန်မြတ်တဲ့ သင်္ကေတငှက်ပါ။ လူမျိုးတစ်မျိုးရဲ့အထွဋ်အမြတ်ထားတဲ့ ကိုယ်စားပြုတဲ့ မည်သည့်အရာကိုမဆို စိတ်ဓာတ်မြင့်မြတ်တဲ့သူက မစော်ကားပါဘူး။ ခုက ကျွန်တော်တို့ အမျိုးသားသင်္ကေတကို ခုလိုထမိန်အောက်ခြေမှာထားခြင်းဟာ ချင်းတစ်မျိုးသားလုံးကို စော်ကားရာရောက်သလို ခင်ဗျားတို့ရဲ့ မမြင့်မြတ်တဲ့စိတ်ဓာတ်ကိုဖော်ပြခြင်းဖြစ်တယ်။ ဒီဇိုင်းကိုပြန်ပြောင်းပေးပါ”လို့ မှတ်ချက်ပေးထားပါတယ်။ဆက်လက်ပြီး Khin May Htun ဆိုတဲ့အကောင့်ပိုင်ရှင်က “သစ္စာမရှိတဲ့လူကို အောက်ချင်းငှက်နဲ့ပေးဝတ်ထားတာ ရွဲ့နေသလားထင်မိ” လို့မှတ်ချက်ပြုထားပါတယ်။အောက်ချင်းဒီဇိုင်း အစစ်ဟာ ငှက်မောင်နှံကို တင်နောက်မှဘယ်ေတော့မှမထားဘူး အရှေ့မှာပဲထားတာပါ တဲ့၊ တင်နောက်ထားတဲ့အောက်ချင်းငှက် ကို ချင်းတွေဘယ်တော့မှမဝတ်ဘူး “လို့လည်းသိရပါတယ် ။ ဆယ်လီကမ္ဘာပရိသတ်ကြီးရေ ဒီဝတ်စုံနှင့် ပတ်သက်ပြီး အမြင်တွေသဘောထားတွေ ပြောပြခဲ့ပါဦးနော်။
Source – zalen / Aroma
Yenanthar Khin Khin Se @ Cele Gabar
ယူနီကုဒ်ဖြင့်ဖတ်ရန်",,,,,,
<urn:uuid:eb90c996-3a23-4136-aad3-6c724d732557>,"ကိုဗစ်တတိယလှိုင်းသည် မြန်မာနိုင်ငံသို့ပြင်းထန်စွာ ရိုက်ခတ်နေပြီး ကိုဗစ်ကုသဆေးများပြည်တွင်းသို့ အချိန်မီရောက်ရန် မြန်မာနိုင်ငံကုန်သည်ကြီးများနှင့် စက်မှုလက်မှုလုပ်ငန်းရှင်အသင်း (UMFCCI)၊ ကိုဗစ် ၁၉ ရောဂါကာကွယ်ကုသရေးဆေးနှင့် ဆေးပစ္စည်းများပြည်ပမှတင်သွင်းမှုလွယ်ကူလျင်မြန် မှန်ကန်ချောမွေ့စေရေးလုပ်ငန်းအဖွဲ့ (Task Force) အဖွဲ့များ ဖွဲ့စည်းကာပြည်ပမှကိုဗစ်ကုသဆေးများ ပြည်တွင်းသို့အချိန်မီရောက်ရန်၊အာမခံချက်ရှိသော ဆေးဝါးများဖြစ်ရန်ဆောင်ရွက်လျက်ရှိသည်။
လုပ်ငန်းစဉ်အရ ဆေးတင်သွင်းလိုသည့်ကုမ္ပဏီသည် UMFCCI တွင်လျှောက်ထားရသည်။ UMFCCI က အချိန်မဆိုင်းဘဲ အဆိုပါလျှောက်လွှာကို Task Force ထံပေးပို့ရသည်။ Task Force သည်အဖွဲ့တွင်ပါဝင်သော FDA ကိုယ်စားလှယ်၏ ထောက်ခံချက်ဖြင့်နေပြည်တော် FDA ရုံးချုပ်သို့တင်ပြပြီး ဆေးတစ်ကြိမ်သွင်းခွင့် (One Time Permit) ကို FDA က ၄၈ နာရီအတွင်း ထုတ်ပေးရမည်ဖြစ်သည်။
သို့သော် ထိုသို့တင်ပြထားသော ဆေးသွင်းခွင့်များသည် နေပြည်တော် ကျန်းမာရေးဝန်ကြီးဌာန မှ ခွင့်ပြုချက်မကျဘဲ ရပ်တန့်နေကြောင်းသိရသည်။ ကိုဗစ်ရောဂါ ကူးစက်ခံရသူများအနေဖြင့် အရပ်အခေါ် အသက်ကယ်ဆေး Remdesivir ဆေးများ၊ အရပ်အခေါ်သွေးကျဲဆေးဖြစ်သည့် Enoxaparin ဆေးများစသည့် ကိုဗစ်ဆေးများကို မည်သည့်အာမခံချက်မှမရှိသည့်အောက်လမ်းမှ တရားမဝင်တင်သွင်းသူတို့ထံမှယင်းတို့ပြောသည့်ဈေးဖြင့် အဆမတန်ပေးကာဝယ်ယူသုံးစွဲနေရသည်ကိုတွေ့နေရသည်။ အဆိုပါအောက်လမ်းမှ ဆေးသွင်းသည့်သူများသည် ဂိုဏ်းဖွဲ့ကာ ဘင်္ဂလားဒေရှ့်မှတဆင့်ဧရာဝတီတိုင်းဒေသကြီး ရွှေသောင်ယံဆိပ်ကမ်းသို့ တရားမဝင်စက်လှေများဖြင့် သယ်ဆောင်ခြင်း၊ အင်ဖာ-တမူးလမ်းကြောင်းမှ တရားမဝင်သယ်ဆောင်ခြင်းတို့ဖြင့် ပြည်တွင်းလိုအပ်ချက်အရ တရားမဝင်တင်သွင်းနေကြသည်။ အချို့တရားမဝင်တင်သွင်းသူများဆိုလျှင် One Time Permit ရသည်ဟု ဆိုကာ ဈေးကွက်အတွင်း ဗြောင်လိမ်ရောင်းချလျက်ရှိသည်။
အဆိုပါ မည်သည့်အာမခံချက်မှ မရှိသည့်ဆေးဝါးတင်သွင်းမှုကို ကျန်းမာရေးဝန်ကြီးဌာန အနေဖြင့် မနှိမ်နှင်းနိုင်သလို တရားဝင်တင်သွင်းမည့်သူများကိုလည်း တစ်ကြိမ်တင်သွင်းခွင့်ပါမစ်ချမပေးသည့်အပေါ်မေးခွန်းထုတ်စရာများဖြစ်လာသည်။ ကျန်းမာရေးဝန်ကြီးဌာနသည် စားသုံးသူများကို အရည်အသွေးပြည့်ဝသည့် ပစ္စည်းများသုံးစွဲနိုင်ရန် တာဝန်ယူရသည့်အဖွဲ့အစည်းဖြစ်သော်လည်း ယခုကဲ့သို့ကပ်ရောဂါဖြင့် တွေ့ကြုံချိန်တွင် အရည်အသွေးပြည့်ဆေးများတင်သွင်းမှုအတွက် ဖြေလျော့မှုများမဖြစ်မနေလုပ်ရန်လိုပေသည်။
ဥပမာပြရလျှင်မြန်မာ FDA ထက်များစွာအဆင့်မြင့်သောထိုင်း FDA သည်ပြည်တွင်းထုတ်ဘယဆေးတစ်မျိုးကို ကိုဗစ်ရောဂါကုသရန်ဖြေလျှော့ပေးခဲ့သည်။ ထို့ကြောင့် ကျန်းမာရေးဝန်ကြီးဌာနအနေဖြင့်ကပ်ရောဂါကူးစက်ပြီး ပြည်သူများသေဆုံးနေချိန်တွင် ယခင်အတိုင်းစာအုပ်ကြီးကို ဖက်တွယ်ထားပြီး တရားမဝင်တင်သွင်းနေသူများကိုမျက်နှာလွှဲ ခဲပစ်လုပ်ထားမည်လော၊ တရားဝင်တင်သွင်းရန်လျှောက်ထားသူများကို One Time Permit ထုတ်ပေးပြီး ပြည်သူများအသက်ကိုကယ်တင်မည်လောဆိုသည်မှာ ကျန်းမာရေးဝန်ကြီးဌာန၏ ကိုယ်တိုင်ရေးမည့်သမိုင်းသာလျှင်ဖြစ်ပါတော့မည်။
ကျန်းမာရေးဝန်ကြီးဌာနသည် တိုင်းပြည်လူဦးရေ၊ ရောဂါကူးစက်နှုန်း၊ လိုအပ်သည့် ဆေးဝါးအရေအတွက်ကို ချိန်ထိုးတွက်ချက်ထားမှုရှိပါ၏လားဟု ဤစာမှတဆင့်မေးလိုပါသည်။ လက်ရှိတွင်တော့ကိုဗစ်ကူးစက်နေသောပြည်သူများသည် တရားမဝင်သွင်းလာသောအရည်အသွေးအာမခံချက်မရှိသည့်ဆေးများကို ဈေးကြီးပေးဝယ်ယူသုံးစွဲရင်းနေ့စဉ်ကြွေလွင့်နေရသည်ကို တာဝန်ရှိသူများသိရန်တင်ပြလိုက်ရပါသည်။
ဆေးကြောင့်အခက်တွေ့နေသူတစ်ဦး
#ကိုဗစ်၁၉
#covid19
#ကျန်းမာရေးဝန်ကြီးဌာန
#ministryofhealth
#အသက်ကယ်ဆေး
#သွေးကျဲဆေး
#remdesivir
#enoxaparin
#တရားမဝင်တင်သွင်းမှု
#illegalimport",,,,,,
<urn:uuid:960cf517-7c67-4e40-aad8-be8dfaa8d9f0>,"တိုင်းဂရစ်မြစ်
တိုင်းဂရစ်မြစ်သည် မိုင်ပေါင်း ၁၁၅၀ မျှရှည်လျားသည်။ မိုဆူမြို့မှ အောက်သို့ ၂၁ ရာသီပတ်လုံး သဘေင်္ာများ ဆန် တက်သွားလာနိုင်၏။ အာရှတိုက်အနောက်ပိုင်းရှိ ကူးဒစ္စ တန်တောင်တန်းများမှာ မြစ်ဖျားခံ၍ စီးဆင်းခဲ့ရာ မြစ်ညာတွင် အရှေ့ဘက်မှစီးဝင်သော မြစ်လက်တက်များ၏ ရေလုံးအားကြီး သဖြင့် ရေစီးသန်၏။
ထိုနောက် ကော်နာမြို့တွင် ယူဖရေးတီး မြစ်နှင့် ပေါင်းဆုံကာ ရှက်တတယ်အာရပ်အမည်ဖြင့် ပါရှင်း ပင်လယ်ကွေ့ထဲသို့ စီးဝင်လေသည်။ ရှေးခေတ်က ဗက်ဗီလုံးနှင့် အဆီးရီးယန်း အင်ပိုင်ယာနိုင်ငံကြီးများတွင် ထင်ရှား ခဲ့သော မြစ်ဖြစ်၍ ရှေးဟောင်းမြို့ကြီးများမှာ ဤမြစ်ပေါ်၌ တည်ရှိခဲ့၏။
ယခုခေတ် မြို့ကြီးများဖြစ်သော ဗာဆရာ၊ ဗဂ္ဂဒက်နှင့် မိုဆူစသော မြို့ကြီးများသည်လည်း ဤမြစ်ကမ်းပေါ်တွင် တည် ရှိလေသည်။ ပထမ ကမ္ဘာစစ်ကြီးအတွင်းတွင် ဂျာမန်တို့က တိုင်းဂရစ်မြစ်နှင့် ယူဖရေးတီး မြစ်နှစ်သွယ်ကြားရှိ မြေဩဇာ ကောင်းသောနယ်ကို သိမ်းပိုက်ရန်ကြိုးစားသဖြင့် ဗြိတိသျှတို့က ဝင်ရောက်သိမ်း ပိုက်ခဲ့၇လေသည်။ ရှေးခေတ်မှစ၍ ယနေ့တိုင် အောင်ပင် ဤမြစ်မှရေကို တူးမြောင်းများဖြင့် သွယ်ယူ၍ ကောက်ပဲသီးနှံများကို စိုက်ပျိုးကြလေသည်။
ကိုးကား[ပြင်ဆင်ရန်]
မြန်မာ့စွယ်စုံကျမ်း အတွဲ ၅။",,,,,,
<urn:uuid:89b06a33-02aa-49f4-8a82-5b3bcb59ff16>,"ရှမ်းပြည်နယ် (မြောက်ပိုင်း) သိန်းနီမြို့နယ်တွင် နယ်စပ်ဒေသဖွံ့ဖြိုးရေးလုပ်ငန်းများ အကောင်အထည်ဖော်ဆောင်ရွက်နေမှုကို ရှမ်းပြည်နယ် ဖွံ့ဖြိုးမှုကြီးကြပ်ရေးရုံးခွဲ (လားရှိုး) မှ ဒုတိယညွှန်ကြားရေးမှူး ဦးကျော်စွာဝင်းနှင့် တာဝန်ရှိသူများက ယနေ့တွင် ကွင်းဆင်း စစ်ဆေးကြောင်း သိရသည်။
ထိုသို့ ကွင်းဆင်းစစ်ဆေးရာတွင် သိန္နီမြို့နယ် နမ့်တုတ်ကျေးရွာအုပ်စု စယ်အူ-နမ့်ခိုက် လမ်းတွင် ကတ္တရာလမ်းခင်းခြင်း အရှည်တစ်မိုင် ဆောင်ရွက်မည့် လမ်းပိုင်းနေရာ၊ ဟိုနား-မန်ဆာ လမ်းပေါ်ရှိ အလျားပေ ၈၀၊ အနံ ၃၆ ပေ ရေကျော်တံတားတစ်စင်း တည်ဆောက်မည့်နေရာ၊ တောင်ပေါ်ဒေသလမ်းပိုင်းများတွင် လိုအပ်သောနေရာများ၌ Box Culvert အစင်း ၂၀ တည်ဆောက်မည့်နေရာများကို စစ်ဆေးခဲ့ပြီး လုပ်ငန်းလိုအပ်ချက်များကို ဖြည့်ဆည်းဆောင်ရွက် ပေးသည်။
အဆိုပါ နယ်စပ်ဒေသဖွံ့ဖြိုးရေးလုပ်ငန်းများကို ပြည်ထောင်စုရန်ပုံငွေကျပ် ၂၄၇ ဒသမ၂၄၇ သန်းဖြင့် ဆောင်ရွက်သွားမည်ဖြစ်ကြောင်း သိရသည်။
ရှမ်းပြည်နယ် (မြောက်ပိုင်း) သိန်းနီမြို့နယ်တွင် နယ်စပ်ဒေသဖွံ့ဖြိုးရေးလုပ်ငန်းများ အကောင်အထည်ဖော်ဆောင်ရွက်နေမှုကို ရှမ်းပြည်နယ် ဖွံ့ဖြိုးမှုကြီးကြပ်ရေးရုံးခွဲ (လားရှိုး) မှ ဒုတိယညွှန်ကြားရေးမှူး ဦးကျော်စွာဝင်းနှင့် တာဝန်ရှိသူများက ယနေ့တွင် ကွင်းဆင်း စစ်ဆေးကြောင်း သိရသည်။",,,,,,
<urn:uuid:e289b8ab-12dc-45ba-8ab6-86fbbba97d89>,"ဘာဘာအလံ
ဘာဘာအလံ (အင်္ဂလိပ်: Berber flag; ⴰⵛⵏⵢⴰⵍ ⴰⵎⴰⵣⵉⵖ, Acenyal Amaziɣ) သည် ဘာဘာလူမျိုးတို့ အသုံးပြုသည့် လူမျိုးစုအလံတစ်ခု ဖြစ်သည်။ ယင်းကို အာဖရိကနိုင်ငံ ၁၀ နိုင်ငံတို့ရှိ ဘာဘာလှုပ်ရှားမှုတို့တွင် အသုံးပြုလျက်ရှိသည်။
အယ်လ်ဂျီးရီးယား အကြီးအကဲတစ်ဦးဖြစ်သူ မူဂျာဟစ် အမည် Mohand Arav Bessaoud က ဘာဘာအလံကို အယ်လဂျီးရီးယားနိုင်ငံ၊ Ouadhia မြို့တွင် စတင်ဖွင့်လှစ် အသုံးပြုခဲ့သည်။ သူသည် စာရေးဆရာတစ်ဦးဖြစ်ပြီး အယ်လ်ဂျီးရီးယား တော်လှန်ရေးတွင် တက်ကြွလှုပ်ရှားခဲ့သူဖြစ်ကာ ဘာဘာအမျိုးသားရေးလှုပ်ရှားမှု၏ ဖခင်အဖြစ် သတ်မှတ်ခံရသူ ဖြစ်သည်။
|ဤ ဆောင်းပါးမှာ ဆောင်းပါးတို တစ်ပုဒ်ဖြစ်သည်။ ဖြည့်စွက်ရေးသားခြင်းဖြင့် မြန်မာဝီကီပီးဒီးယားကို ကူညီပါ။|",,,,,,
<urn:uuid:8fdb40c9-c577-47f8-ad6c-25e7952a1211>,"CHORUS
ဟာလေလုယာ ကိုယ်တော်အကြီးမြတ်ဆုံး
ဂုဏ်တော်ချီးမွမ်း၍မဆုံး ကိုယ်တော်အနန္တ
ဟာလေလုယာ လူသားတိုင်းကြွေးကြော်ကြ
သခင့်ရဲ့နာမ ဘုန်း ကြီးထာဝရအမြဲ ဟာလေလုယာ
VERSE 1
မြေမှုန့်ကောင်းကင်အလုံးစုံဖန်ဆင်း အနှိုင်းမဲ့တန်ခိုးရှင်ဘုရား
အသက်ရှိသူအပေါင်း ကိုးကွယ်ရာ တစ်ပါးတည်းသောဘုရား
ကောင်းကင်သားများမြွက်ဆို မြေကြီးသားများ ဝမ်းမြောက်နေ
ဘုန်းတော်ကြီးမြတ် ထာဝရ အမြဲတမ်းကြွေးကြော် အမြဲပဲ ချီးမွမ်း
VERSE 2
အရာခပ်သိမ်းကိုယ်တော်သာဖန်ဆင်း ဘုရင်တကာတို့ဘုရင်
အသက်စွန့်ကာ ရွေးနှုတ်ခဲ့သော သခင်တကာတို့သခင်
မရဏာတံခါးတို့ပိတ်ဆို့ ထာဝရအသက်ကို လမ်းဖွင့်ပေး
တန်ခိုးတော်ကြီးမြတ်အစဉ်အမြဲ အမြဲတမ်းမြွက်ဆို အမြဲတမ်း ဂုဏ်ပြု",,,,,,
<urn:uuid:ab58de07-b757-4f32-8932-e5433b6f8188>,"ရန်ကုန် ၊ အောက်တိုဘာ၂ ။ ။ ရန်ကုန်မြို့လယ်တွင် ကရင့်အာဇာနည်နေ့ အခမ်းအနားကျင်းပခဲ့ခြင်းကြောင့် ဖမ်းဆီးခံထားရသည့် နော်အုန်းလှ နှင့် ကရင်လူငယ်နှစ်ဦးကို ကျောက်တံတားမြို့နယ် တရားရုံးက ထောင်ဒဏ် ၁၅ရက် အမိန့်ချမှတ်လိုက်သည်။
နော်အုန်းလှနှင့် ကရင်လူငယ်နှစ်ဦးမှာ ထောင်ချုပ်နှင့် အမှုကိုရင်ဆိုင်ခဲ့ရသဖြင့် ချုပ်ရက်သည် ပြစ်ဒဏ် ၁၅ ရက်ထက် များနေသည့်အတွက် အမိန့်ချသည့်နေ့မှာပင် ပြန်လည် လွတ်မြောက်ခဲ့သည်။
အဆိုပါရုံးချိန်းသို့ လာရောက်ဝန်းရံသူ ၃၀၀ နီးပါးခန့် ရှိခဲ့ပြီး ဝန်းရံသူများသည် မဟာဗန္ဓုလ ပန်းခြံအတွင်း၌ စီတန်းပြီး ကျောက်တံတားမြို့နယ် တရားရုံးအထိ လမ်းလျှောက်ကာ လာရောက်ဝန်းရံခဲ့ခြင်းဖြစ်သည်။ဝန်းရံခဲ့သူများထဲတွင် ကရင်အမျိုးသားအစည်းအရုံးက ဗဟိုအလုပ်အမှုဆောင်ကော်မတီဝင်ြဖစ်သည့် ဖဒိုမန်းငြိမ်းမောင်အပြင် ကရင်လူငယ်များ ၊ ကရင်နီ ၊ပအို့်ဝ် ၊ ရခိုင် ၊ ဗမာ တက်ကြွလှုပ်ရှားသူများ စသဖြင့် လာရောက်ဝန်းရံခဲ့ကြသည်။
Mizzima Key Campaign မှာ ပါဝင်ဖို့ဖိတ်ခေါ်လိုက်ပါတယ်။ Visit Our website: http://building.mizzimafoundation.org/",,,,,,
<urn:uuid:2098de41-e4ae-4327-8dca-2edc01866ab1>,"နေပြည်တော်ရှိ ဗစ်တိုးရီးယားအမှု CCTV ကိုင်ဆောင်သူကို စစ်ဆေးမည်
ဗစ်တိုးရီးအမှု ၁၀ ကြိမ်မြောက် ရုံးချိန်းတွင် Wisdom Hill ကျောင်းမှ CCTV ( လုံခြုံရေးကင်မရာ) တာဝန်ခံ ကိုင်ဆောင်သည့် ကိုရန်နောင်ဌေးကို စစ်ဆေးသွားမည် ဖြစ်ပြီး အချိန်ရရှိပါက ကျောင်းဘက်မှ ဆရာမ ဒေါ်နုနုအောင် ဆက်လက်စစ်ဆေးသွားမည်ဟု တရားလို ဗစ်တိုးရီးယားဘက်မှ လိုက်ပါဆောင်ရွက်နေသည့် တရားလွတ်တော်ရှေ့နေ ဒေါ်ရွက်နုအောင်က ဆိုသည်။
“တရားရုံးမှာ တရားဝင်ရှိနေတဲ့ CCTV ပျက်တဲ့ မှတ်တမ်းက ၃ ကြိမ်ရှိနေတယ်လေ။ အဲ့ဒီ ၃ ကြိမ်ရှိနေတဲ့ အခြေအနေ ဒီဟာတွေဟာ ဘယ်လို အနေအထားကြောင့် ဖြစ်တာလဲ ဆိုတာ ကိုရန်နောင်ဌေးကို သေချာ စစ်ရမယ့် အနေအထားတော့ ရှိပါတယ်” ဟု ဒေါ်ရွက်နုအောင်က ဆိုသည်။
ယနေ့ တရားခွင် စစ်ဆေးရာတွင် အမှုတွင် အဓိကျသည့် CCTV နှင့် ပတ်သက်ရျ် စစ်ဆေးမည် ဖြစ်သဖြင့် လိုအပ်မည်ထင်သည့် CCTV ၏ နည်းပညာပိုင်းနှင့် အသုံးပြုပုံ အကုန်လုံးလည်း သေသေချာချာ လေ့လာထားကြောင်း ယင်းအမှုတွင် သံသယ တရားခံအဖြစ် စွပ်စွဲခံထားရသည့် အောင်ကြီး၏ ရှေ့နေဖြစ်သူ ဒေါ်စုဒါလီအောင်က တရားခွင် စတင် မစစ်ဆေးမီ သတင်းထောက်များကို ပြောသည်။
You may also like these stories:",,,,,,
<urn:uuid:b2c01a41-0925-4b35-b929-bca45633ba1a>,"Unofficial Burmese translation of the report of the detailed findings of the Independent International Fact-Finding Mission on Myanmar at 39th session of Human Rights Council. (10-28 Sep 2018)
လူ႔အခြင့္အေရး ေကာင္စီ Human Rights Council ၃၉ ႀကိမ္ေျမာက္အစည္းအေဝး
(စက္တင္ဘာလ ၁၀ ရက္ေန႔ မွ ၁၈ ရက္ေန႔ အထိ၊ ၂၀၁၈ ခုႏွစ္)
အႏွစ္ခ်ဳပ္
လူ႔အခြင့္အေရး ေကာင္စီအေနျဖင့္ ၎၏ဆံုးျဖတ္ခ်က္ ၃၄/၂၂ အရ လြတ္လပ္ေသာ ႏိုင္ငံတကာ အခ်က္အလက္ရွာေဖြေရး မစ္ရွင္ကို ဖြဲ႔စည္းတည္ေထာင္ခဲ့ပါသည္။ ေပးအပ္ထားေသာ လုပ္ပိုင္ခြင့္အရ မစ္ရွင္အေနျဖင့္ ၂၀၁၁ ခုနွစ္ကတည္းက စတင္ျဖစ္ပြားခဲ့ေသာ ကခ်င္၊ ရခိုင္ႏွင့္ ရွမ္းျပည္နယ္ရွိ အေျခအေနမ်ားကို ဦးတည္အာရုံထားခဲ့ပါသည္။ ၎အေနျဖင့္ လြတ္လပ္စြာထုတ္ေဖၚခြင့္၊ စုရံုးခြင့္ႏွင့္ ၿငိမ္းခ်မ္းစြာ ဖြဲ႔စည္းခြင့္မ်ားအေပၚ ခ်ိဳးေဖာက္မႈမ်ားအျပင္ အမုန္းစကားမ်ားအေပၚ ေမးခြန္းမ်ားကိုလည္း စံုစမ္းစစ္ေဆးခဲ့ပါသည္။ မစ္ရွင္အေနျဖင့္ ႏိုင္ငံတကာ လူသားခ်င္းစာနာမႈဆိုင္ရာ ဥပေဒမ်ားအေပၚ ျပင္းထန္စြာ ခ်ိဳးေဖာက္မႈမ်ားအျပင္ ကခ်င္၊ ရခိုင္ႏွင့္ ရွမ္းျပည္နယ္မ်ားရွိ ႀကီးမားေသာ လူ႔အခြင့္အေရးခ်ိဳးေဖာက္မႈမ်ားႏွင့္ အလြဲသံုးစားျပဳမႈမ်ား၏ တသမတ္တည္းျဖစ္ေနေသာ ပံုစံမ်ားကို ေဖၚထုတ္ခဲ့ပါသည္။ ထိုကိစၥမ်ားကို အဓိကက်ဳးလြန္သူမ်ားမွ ျမန္မာ့လံုၿခံဳေရး တပ္ဖြဲ႔မ်ားျဖစ္ၿပီး ပဓာနာက်သူမွာ စစ္တပ္ျဖစ္ခဲ့ပါသည္။ ၎တို႔၏ စစ္ဆင္ေရးမ်ားမွာ မူဝါဒမ်ားႏွင့္ နည္းပရိယာယ္မ်ား အေပၚတြင္ အေျခခံထားခဲ့ျခင္းျဖစ္ၿပီး အရပ္သားမ်ားအား လက္လြတ္စပယ္ ပစ္မွတ္ထားျခင္းမ်ား အပါအဝင္ ႏိုင္ငံတကာ ဥပေဒမ်ားအေပၚ ေလးစားလိုက္နာရန္ အစဥ္တစိုက္ပ်က္ကြက္ၿပီး ေဆာင္ရြက္ခဲ့ျခင္းျဖစ္သည္။
အခြင့္အေရး ခ်ိဳးေဖာက္မႈအမ်ားအျပားမွာ ႏိုင္ငံတကာ ဥပေဒအရ ႀကီးမားေသာ ရာဇဝတ္မႈမ်ားအျဖစ္သို႔ ေရာက္ရွိေစပါသည္။ ျပည္တြင္းအဆင့္၌ က်ယ္က်ယ္ျပန္႔ျပန္႔ ရွိေနေသာ အျပစ္ေပးခံရမႈမွ ကင္းလြတ္ခြင့္ရသည့္ ယဥ္ေက်းမႈ ရွိေနသည့္အခ်ိန္တြင္ တာဝန္ယူမႈ၊ တာဝန္ခံမႈကို ျဖစ္ေစႏိုင္ေသာ အင္အားသည္ ႏိုင္ငံတကာ အသိုင္းအဝန္းမွ လာေရာက္မွျဖစ္ေတာ့မည္။ လူမ်ိဳးတုန္းသတ္ျဖတ္မႈ၊ လူသားမ်ိဳးႏြယ္အေပၚ က်ဳးလြန္ေသာ ရာဇဝတ္မႈႏွင့္ စစ္ရာဇဝတ္မႈမ်ားအေပၚ ႏိုင္ငံတကာ ရာဇဝတ္မႈတရားရံုးတခုတြင္ စစ္ေဆး၊ အေရးယူႏိုင္ေရးအတြက္ ျမန္မာ့တပ္မေတာ္မွ အဆင့္ျမင့္ဗိုလ္ခ်ဳပ္မ်ားအား အမည္နာမ ေဖၚထုတ္ျပသျခင္း အပါအဝင္ ဤအစီရင္ခံစာ အဆံုးသတ္၌ တိက်ေသာ အႀကံျပဳခ်က္မ်ားကိုလည္း ဤတင္ျပမႈက ျဖစ္ေစသည္။
ယခုလက္ရွိမွတ္တမ္းတြင္ မစ္ရွင္၏ အေသးစိပ္ေတြ႔ရွိခ်က္မ်ားပါဝင္ပါသည္။ ၎၏ အဓိကက်ေသာ ေတြ႔ရွိခ်က္မ်ားႏွင့္ အႀကံျပဳခ်က္မ်ားကို A/HRC/39/64 မွတ္တမ္းတြင္ ရွာေဖြေတြ႔ရွိႏိုင္ပါသည္။
*******
ဤအစီရင္ခံစာ သည္ ၂၀၁၈ ခုႏွစ္ စက္ တင္ဘာလ ၁၇ ရက္ေန႔ ကုသမဂၢ လူ႔အခြင့္အေရးေကာင္စီ ၃၉ ႀကိမ္ေျမာက္ အစည္းအေဝးတြင္ တင္သြင္းခဲ့ေသာ ျမန္မာျပည္ဆိုင္ရာ လြတ္လပ္ေသာ ႏိုင္ငံတကာ အခ်က္အလက္ရွာေဖြေရး မစ္ရွင္၏ အေသးစိတ္ ေတြ႕ရွိခ်က္မ်ားအေပၚ အစီရင္ခံစာအား တရားမဝင္ ဘာသာျပန္ထားျခင္း ျဖစ္ပါသည္။ ဤတြင္ ဘာသာျပန္ဆိုခ်က္ႏွင့္ အဓိပၸယ္ဖြင့္ဆိုခ်က္မ်ား၊ ဘာသာျပန္အဖြဲ႔၏ တာဝန္သာျဖစ္ပါသည္။ မိမိတို႔အေနျဖင့္ တိုင္းရင္းသားလူမ်ိဳးမ်ားႏွင့္ အဖြဲ႔အစည္းမ်ား၏ နာမည္မ်ား၊ ေက်းရြာ ၿမိဳ႕အမည္မ်ားကို အတတ္ႏိုင္ဆံုး၊ အနီးစပ္ဆံုး ျဖစ္ေအာင္ ႀကိဳးစားခဲ့ေသာ္လည္း လြဲေခ်ာ္မႈမ်ား ရွိေနပါက မိမိတို႔အားနည္းခ်က္အျဖစ္ နားလည္၍ ျဖည့္စြက္ ဖတ္ေပးၾကပါရန္ ေမတၱာရပ္ခံအပ္ပါသည္။ အခ်ဳိ႕ေသာ စကားလံုး/အေခၚအေဝၚမ်ားမွာ ျမန္မာစကားလံုး အသစ္တီထြင္ထားသကဲ့သို႔ ျဖစ္ေနေသာေၾကာင့္ နားလည္ရခက္သည္ဆိုလ်ွင္လည္း မိမိတို႔ အားနည္းခ်က္သာ ျဖစ္ေၾကာင္း ထပ္ဆင့္ ဝန္ခံအပ္ပါသည္။
(ဘာသာျပန္အဖြဲ႔)",,,,,,
<urn:uuid:8d5ed294-a9a6-4553-98b7-00f0f0e5b928>,"မေ ၁၉ ။ ။ ဥရောပ ဒေသမှာ အစွန်းရောက် အမျိုးသားရေး ၀ါဒ ကြီးထွားလာမှုအပေါ် အားလုံး ၀ိုင်းဝန်း ရင်ဆိုင်တိုက်ထုတ်သွားကြရန် ဂျာမနီ ဝန်ကြီးချုပ် အိန်ဂျလာ မာကဲလ်က မေလ ၁၈ ရက်မှာ တိုက်တွန်း ပြောဆိုလိုက်သည်။
ယခုအခါ ဥရောပဒေသကို ဖျက်ဆီးလိုသည့် ရေစီးကြောင်းလှိုင်းများ ရှိနေပြီး ယင်းတို့ကို ခုခံကြရမှာဖြစ်ကြောင်း သူမက ပြောသွားသည်။
လက်ရှိတွင် ထိုကဲ့သို့ အစွန်းရောက် အမျိုးသားရေးဝါဒီ ကိုင်ဆွဲထားသည့် ပါတီများ ခေါင်းထောင်လာမှုအပေါ် ခုခံရင်ဆိုင်ရန် လိုကြောင်း ဥရောပဒေသတွင်းက နိုင်ငံရေးသမား အားလုံးကို ဂျာမနီ အကြီးအကဲ တိုက်တွန်းလိုက်သည်။
အဆိုပါ အမျိုးသားရေး ၀ါဒီ လှုပ်ရှားမှုများက အကျင့်ပျက်ခြစားမှု တိုက်ဖျက်ရေး၊ လူနည်းစုများအပေါ် ကာကွယ်ပေးရေး စသည့် ဥရောပ၏ အဓိက စံနှုန်းများကို ဖျက်ဆီးလိုနေလျက် ရှိကြောင်း မာကဲလ်က ပြောသည်။
“ ခုချိန်မှာ ကျွန်မတို့ဟာ အစွန်းရောက် အမျိုးသားရေးဝါဒီ လှုပ်ရှားမှုတွေနဲ့ ရင်ဆိုင်နေရပါတယ်၊ သူတို့ဟာ ဥရောပဒေသက ကျွန်မတို့ရဲ့ စံနှုန်းတွေကို ဖျက်ဆီးပစ်ချင်နေကြပါတယ်၊ ဒီအပေါ်မှာ ကျွန်မတို့ ပြတ်ပြတ်သားသား ရင်ဆိုင်ကြရမှာ ဖြစ်ပါတယ်” ဆိုပြီး မာကဲလ်က ဇာဂရက်မြို့တွင် ခရိုးအေးရှား ဝန်ကြီးချုပ် အန်ဒရီ ပလန်ကိုဗစ် နှင့် တွေ့ဆုံစဉ်အတွင်း ပြောသွားသည်။",,,,,,
<urn:uuid:0b54287a-1520-415b-8749-ca6d19f4a730>,"ဥရောပနိုင်ငံအချို့အား ယခု ၂၀၁၉ ခုနှစ်၊ အောက်တိုဘာ ၁ ရက်မှ စတင်ကာ ဗီဇာကင်းလွတ်ခွင့် ပေးအပ်သွားမည်ဖြစ်ကြောင်း ဟိုတယ်နှင့် ခရီး သွားလာရေး ဝန်ကြီးဌာန ဝန်ကြီး ဦးအုန်းမောင်က မေ ၆ ရက်တွင် ပြော သည်။""ကျွန်တော်တို့ အောက်တိုဘာလ ၁ ရက်နေ့မှာ ဥရောပနိုင်ငံ အချို့ကို ဗီဇာကင်းလွတ်ခွင့် ပေးသွားဖို့ စီစဉ်ဆောင်ရွက်ထားပါတယ်။ ခရီးသွားလုပ်ငန်း တိုးတက်လာနဲ့အမျှ ကမ္ဘာက မြန်မာနိုင်ငံကို ပိုပြီးတော့မှ သိရှိ လာမယ်။ နိုင်ငံတကာ ရင်းနှီးမြှုပ်နှံမှုတွေ ကိုလည်း ခရီးသွားလုပ်ငန်းတွေကတစ်ဆင့် ဆွဲဆောင်နိုင်လိမ့်မယ်လို့ ကျွန်တော်တို့ ယုံကြည်ပါတယ်"" ဟုဝန်ကြီးက ပြော သည်။
လက်ရှိတွင် Look East Policy ကို ချမှတ်ဖော်ဆောင်ခြင်းကြောင့် တရုတ်ခရီးသွားဧည့်သည် အရေအတွက် ၃၇ ရာခိုင်နှုန်းနှင့် ထိုင်းခရီးသွားဧည့်သည် အရေအတွက် ၉ ရာခိုင်နှုန်းအထိ ယခင်နှစ်ကထက် ပိုမိုတိုးတက် လာခဲ့၍ ယခုအချိန်သည် မိမိတို့နိုင်ငံအနေဖြင့် Look West Policy ကို ခရီးသွားလုပ်ငန်း အတွက် ပြန်လည်သုံးသပ် ဆောင်ရွက်ရမည့်အချိန်ဖြစ်သည်ဟု ဆိုသည်။ Website မှ တစ်ဆင့် ကြော်ငြာများ၊ လူမှုကွန်ရက်များ၊ သတ င်းဆောင်းပါးများ၊ ရုပ်သံ ဓာတ်ပုံများ ထုတ်လွှင့်ဖော်ပြပြီး မြန်မာ နိုင်ငံ၏ ပုံရိပ်ကို ပိုမိုတိုးတက် ကောင်းမွန်အောင် ဆောင်ရွက်သွားရမည်ဖြစ်ကာ ထို့သို့ဆောင်ရွက်ခြင်းဖြင့် အနောက် ဥရောပမှ ခရီးသွားဧည့်သည်များ တိုး တက် လာမည်ဟု ယုံကြည်ပြီး အရေးအကြီးဆုံး ရည်မှန်းချက်မှာ မြန်မာ၏ ကောင်းမွန်သော ပုံရိပ်ကို ကမ္ဘာက ကျယ်ကျယ်ပြန့်ပြန့် သိရှိရန်ဖြစ်ကြောင်း ၎င်းက ပြောသည်။
ထို့ပြင် ကမ္ဘာ့ခရီးသွားပြပွဲများ တွင် မိမိတို့နိုင်ငံအကြောင်းကို ပါဝင် ပြသရုံမကဘဲ နိုင်ငံ၏အဓိက ခရီးစဉ် ဒေသများကို လေကြောင်း တိုက်ရိုက် ဆိုက်ရောက်ပျံသန်းနိုင်ရေး၊ ဗီဇာကင်း လွတ်ခွင့်နှင့် ဆိုက်ရောက်ဗီဇာများ ခွင့် ပြုပေးရေး၊ ခရီးစဉ်ဒေသအသစ်များ ဖော်ထုတ်ပေးရေးနှင့် ခရီးသွားဝန်ဆောင် မှုလုပ်ငန်းများ ပြည့်စုံကောင်းမွန်ရေး တို့ကို ဟန်ချက်ညီညီ ဆက်စပ်ဆောင် ရွက်ပေးသွားရမည်ဖြစ်ကြောင်း ၎င်းင်းက ဆက်လက် ပြောကြား သည်။ ပြည်ဝင်ခွင့်ဗီဇာနှင့် ဆိုက်ရောက် ဗီဇာ ကင်းလွတ်ခွင့်ကို ပြီးခဲ့သည့် ၂၀၁၈ ခုနှစ်၊ အောက်တိုဘာလ ၁ ရက်နေ့က ASEAN+3 နိုင်ငံများဖြစ်သည့် ဂျပန်၊ တောင်ကိုရီးယားနှင့် တရုတ် နိုင်ငံတို့ အား ကင်းလွတ်ခွင့် ပြုခဲ့ခြင်းြ ဖစ်ပြီး တစ်နှစ် စမ်းသပ်ကာလ ခွင့်ပြုပေးခဲ့ခြင်း ဖြစ်ကြောင်း သိရသည်။
၂၀၁၇ ခုနှစ်နှင့် ၂၀၁၈ ခုနှစ်များ အတွင်း မြန်မာနိုင်ငံသို့ ပြည်ပဧည့်သည် ဝင်ရောက်မှုအနေဖြင့် ၂၀၁၇ ခုနှစ်တွင် ဧည့်သည် ၁ ဒသမ ၅ သန်းကျော်နှင့် ၂၀၁၈ ခုနှစ်တွင် ၁ ဒသမ ၄၈ သန်း ဝင်ရောက်ခဲ့ပြီး ယင်းသို့ ဝင်ေ ရာက်လာသူများအနက် နယ်စပ်မှ ဝင်ရောက်သူ များမှာ ၆၀ ရာခိုင်နှုန်းကျော်ဖြစ်ကြောင်း သိရသည်။ နယ်စပ်သုံးနိုင်ငံအနက် တရုတ်မှ ၂၀၁၇ ခုနှစ်တွင် ၄၀ ရာခိုင် နှုန်းနှင့် ၂၀၁၈ ခုနှစ်တွင် ၃၄ ရာခိုင်နှုန်း ရှိခဲ့ပြီး ထိုင်းနယ်စပ်မှ ၂၀၁၇ ခုနှစ် တွင် ၅၈ ရာခိုင်နှုန်း၊ ၂၀၁၈ ခုနှစ်တွင် ၆၃ ဒသမ ၅ ရာခိုင်နှုန်း ရှိခဲ့ကြောင်း သိရ သည်။ မြန်မာနိုင်ငံသည် အာဆီယံနိုင်ငံ များ အပါအဝင် နိုင်ငံပေါင်း ၂၃ နိုင်ငံ တို့နှင့် အပြန်အလှန် ဗီဇာကင်းလွတ်ခွင့် ပြုထားရာ အဆိုပါ နိုင်ငံများသို့ ပြည် ဝင်ခွင့်ဗီဇာမပါရှိဘဲ မြန်မာနိုင်ငံကူး လက်မှတ်ဖြင့် အနည်းဆုံး ၁၄ ရက်မှ အများဆုံး ရက်ပေါင်း ၉၀ အထိ နေထိုင် ခွင့်ပြုထားကြောင်း သိရသည်။
ပန်းဆု",,,,,,
<urn:uuid:9bc508d7-f2e0-4f17-b568-fb8262b98435>,"အသည်းအမြစ်ထဲမှာ ဗီတာမင် အေ၊ သံဓာတ်၊ ဇင့်ဓာတ်၊ ပရိုတိန်းဓာတ်၊ ဗီတာမင် ဒီ ဓာတ်၊ ဗီတာမင် စီ၊ ဗီတာမင် B6 အပြင် အခြားသော ဗီတာမင်ဓာတ်များ ကြွယ်ဝစွာ ပါဝင်တဲ့အတွက်ကြောင့် ကျန်းမာရေးအတွက် အထောက်အကူပြုတာမို့လို့ စားသုံးပေးသင့်တဲ့ အစားအစာတစ်မျိုးပဲဖြစ်ပါတယ်။
ဒါ့ကြောင့် အသည်းအမြစ်ကြိုက်နှစ်သက်သူတွေအတွက် ဒီတစ်ခေါက် ဝေမျှပေးချင်တဲ့ ဟင်းလျာပြုလုပ်နည်းကတော့ ဝက်အသည်း ကြက်သွန်ကြော်ပဲဖြစ်ပါတယ်။ အသည်းမစားတဲ့သူတွေတောင် တစ်ကိုက်မြည်းကြည့်တာနဲ့တင် ဆွေမျိုးမေ့သွားစေမယ့် ဟင်းလျာလေးတစ်ခုဆိုလည်း မမှားပါဘူး။
ပါဝင်ပစ္စည်းများ
Photo Source: therevivalfarm.com
- ဝက်အသည်း ၁ ပေါင်ခန့်
- နွားနို့ ဖန်ခွက် ၁ ခွက်စာ
- ကြက်သွန်နီ ၁ လုံး
- ဂျုံမုန့် ဖန်ခွက် တစ်ဝက်ခန့်
- ဆားအနည်းငယ်
- ဟင်းရွက်ဆီ စားပွဲတင်ဇွန်း ၃ ဇွန်း
- ငရုတ်ကောင်းမုန့် အနည်းငယ်
ပြုလုပ်နည်းအဆင့်ဆင့်
ဝက်အသည်းများကို အကျိအချွဲများ ကုန်စင်သွားတဲ့အထိ ရေဆေးပေးပါ။ ပြီးရင် အသည်းတုံးများကို နှစ်ပုံတစ်ပုံခန့်ကနေ လေးပုံတစ်ပုံခန့်အထိ တုံးထားပါ။
တုံးထားသော ဝက်အသည်းများကို နွားနို့ထဲထည့်ပြီး မိနစ် ၃၀ ကနေ တစ်နာရီအထိ စိမ်ထားပေးပါ။
ကြက်သွန်နီကို အခွံခွာပြီး ကြက်သွန်ကွင်းလေးတွေဖြစ်အောင် လှီးထားပါ။
ပြီးရင်တော့ ဝက်အသည်း စကြော်ဖို့အတွက် ဒယ်အိုးကို မီးအပူချိန်အလယ်အလတ်နဲ့ တည်ထားပေးပါ။ ဆီ စားပွဲတင်ဇွန်း ၃ ဇွန်းထည့်ပါ။ ဆီကျက်လာပြီဆိုရင်တော့ ဝက်အသည်းများ စတင်ကြော်လို့ရပါပြီ။ ဒါပေမဲ့ အိုးထဲ မထည့်ခင်မှာ နွားနို့ထဲက အသည်းတုံးများကို ဂျုံမုန့်လေးနဲ့ ကပ်ပေးရပါဦးမယ်။ ပြီးမှ အိုးထဲထည့်ကြော်ရမှာနော်။ တစ်ခြမ်းစီကို ၃ မိနစ်ခန့် ကြော်ပေးပြီး အခြားတစ်ဖက် ဆက်လှန်ပြီး ၃ မိနစ်ဆက်ကြော်ပေးပါ။
ငရုတ်ကောင်းနဲ့ ဆားအနည်းငယ်ထည့်လိုက်ပါ။ ပြီးမှ ကြက်သွန်နီများ ထပ်ထည့်ပြီး ၅ မိနစ်ခန့် ဆက်မွှေပေးလိုက်ပါ။ ဝက်အသည်းများ အကျက်မလွန်ဖို့လည်း သတိထားရပါမယ်။ နို့မဟုတ်ရင် ဝက်အသည်းများက မာမာကြီးဖြစ်သွားပါလိမ့်မယ်။
ကြက်သွန်နီများ ပျော့သွားပြီဆိုရင်တော့ ပန်းကန်ပြားလေးထဲထည့်ပြီး သုံးဆောင်လို့ရပါပြီ။ ဝက်အသည်းကြော်ကို သူ့ချည်းပဲ မစားချင်ဘူးဆိုရင်တော့ ကြက်ဥမွှေကြော်လေးနဲ့လည်း တွဲဖက်စားသုံးပေးနိုင်ပါတယ်။
Source: www.mydeliciousmeals.com",,,,,,
<urn:uuid:3cd5ea7b-ddd6-4a71-b25d-e17680e97c68>,"ဖုန္းမွတဆင့္ မိုႀကိဳးလ်ပ္စီးဒဏ္သင့္
၁၆.၉.၂၀၁၆ ေန႔လည္ခင္း မိုးရြာသြန္းေနစဥ္ စစ္ကုိင္းတုိင္း ေဒသၾကီး အင္းေတာ္ၿမိဳ႕နယ္၊ ေမာ္လူးတိုက္နယ္အုပ္စု၊ ဟဲႏုေက်းရြာေန အဘ ဦးေအာင္ေအာင္၊ အမိ ေဒၚခင္မာဝင္းတိူ႔၏ သမီးျဖစ္သူ အသက္ ၁၇ ႏွစ္အရြယ္႐ွိ မပိုပိုခ်စ္သည္ သူမ၏ဖုန္းကို သူမ၏ရင္ဘတ္ေပၚ၌တင္လ်က္ အိပ္ေပ်ာ္ေနခဲ့သည္။
မြန္းလြဲ ၁:၄၅ အခ်ိန္တြင္ မိုးႀကိဳးပစ္သံႏွင့္အတူ လွ်ပ္စီးေၾကာင္းတစ္ခုသည္ မပိုပိုခ်စ္၏ ရင္ဘတ္ေပၚ႐ွိ ဖုန္းအနီးမွတဆင့္ျဖတ္သန္းသြားသည္ကို သူမ၏မိဘမ်ားက အမွတ္တမဲ့ေတြ႕ျမင္လိုက္ရသည္။
မိဘမ်ားကလည္း သမီးျဖစ္သူ မပိုပိုခ်စ္ဆီသို႔ အေျပးအလႊားသြားၿပီး ေပြ႕ထူလိုက္ရာ မပိုပိုခ်စ္မွာ သတိလစ္ေနၿပီျဖစ္ေၾကာင္းေတြ႕႐ွိရသည္။
သို႔ႏွင့္ မပိုပိုခ်စ္ကို ေမာ္လူးတိုက္နယ္ေဆးရံုသို႔ ခ်က္ခ်င္းပို႔ေဆာင္ေပးရာ ယခုအခါ မပိုပိုခ်စ္မွာ သူမ၏ခႏၶာကိုယ္တစ္ခုလံုး မည္သည့္ဒဏ္ရာမွ် မရ႐ွိခဲ့ေသာ္လည္း စကား လံုးဝေျပာႏိုင္ျခင္းမ႐ွိေတာ့ေပ။
ထို႔ေၾကာင့္ ေမာ္လူးတိုက္နယ္ေဆးရံုတြင္ ဆက္လက္ၿပီး ေဆးကုသမႈခံယူေနေၾကာင္း သိ႐ွိရပါသည္။
Zaw Tun
သစ္ထူးလြင္မွ သတင္းမ်ားကို မလႊတ္တမ္းဖတ္ႏိုင္ရန္အတြက္ ေအာက္က (F)follow ဆိုတာေလးကို click လုပ္လိုက္ပါ။ အမွန္ျခစ္(✔)ေလးျဖစ္သြားရင္ ရပါၿပီ။ သတိ - follow အေရွ႕မွာ အမွန္ျခစ္(✔)ေလး ရွိေနၿပီဆိုရင္ေတာ့ follow လုပ္ၿပီးသားမို႔ပါ။ ထပ္လုပ္စရာမလုိပါဘူး၊
Labels: ျမန္မာ႕သတင္း
မွတ္ခ်က္ေရးသားလုိတဲ့ စာဖတ္ပရိတ္မ်ား ေတာင္းဆုိခ်က္အရ ဖြင့္ေပးလုိက္ပါျပီ။ မွတ္ခ်က္မ်ား ေရးသားႏုိင္ပါျပီ။
အခ်ိန္နဲ ့တေျပးညီ သတင္းမ်ား ဖတ္ရႈႏိုင္ဖုိ ့ facebook ""like"" ကုိ ႏွိပ္ပါ။ email@example.com ကုိ လည္း သတင္းမ်ား ဆက္သြယ္ေပးပုိ ့ႏိုင္ပါသည္။
ေနာက္ဆုံးရ သတင္းမ်ားကုိ ေအာက္ပါ Tweets မွာ ေဖာ္ျပထားပါတယ္။ Tweets ရဲ ့ေဘးေဘာင္တန္းကုိ ဆဲြခ်ျပီ မိမိတုိ ့စိတ္၀င္စားတဲ့ သတင္းေခါင္းစဥ္ ေအာက္က Link ကုိ ႏွိပ္ျပီ အျပည့္အစုံဖတ္ရႈႏိုင္ပါတယ္။ Tweets by @thithtoolwin",,,,,,
<urn:uuid:eaf8bf8d-0b6e-4099-9525-a5a4af381f72>,"ေဇာ္ဂ်ီ / ယူနီကုဒ္္
Zawgyi ျဖင့္ဖတ္ပါ
★★★★★
႐ုပ္ရွင္ သ႐ုပ္ေဆာင္ စည္ၿဖိဳး ဟာဆိုရင္ ပရိသတ္ေတြ ခ်စ္ခင္အားေပးရတဲ့ အႏုပညာရွင္ တစ္ဦးပါ။ သူသ႐ုပ္ေဆာင္ ရိုက္ကူးထားတဲ့ ဇာတ္ကားမ်ားစြာ ရွိတာေၾကာင့္ သူ႔ကို ခ်စ္ခင္အားေပးတဲ့ ပရိသတ္အခိုင္အမာ ရရွိထားတာပါ။ စည္ၿဖိဳး ပါ၀င္သ႐ုပ္ေဆာင္ ထားတဲ့ သတ္ကြင္း ႐ုပ္ရွင္ ဇာတ္ကားႀကီးက လည္း ပရိသတ္ေတြ ၾကားမွာ နာမည္ႀကီးခဲ့တာပါ။ဒီတစ္ခါမွာေတာ့ ခ်စ္ပရိသတ္ေတြ အတြက္ စည္ၿဖိဳး က Body အလွပိုင္ရွင္ ခ်စ္သူ ခင္လႊမ္း ရဲ့အတုအစစ္ ျပႆာနာ ကိုေျဖရွင္းလိုက္တဲ့ အေၾကာင္း ေဖာ္ျပေပးလိုက္ပါတယ္ေနာ္။
သ႐ုပ္ေဆာင္ စည္ၿဖိဳးက သူ႔ရဲ့ခ်စ္သူေလး သ႐ုပ္ေဆာင္ေမာ္ဒယ္လ္ ခင္လႊမ္းနဲ႔အတူ ရိုက္ကူးထားတဲ့ ပုံရိပ္ေတြကို မၽွေ၀ေလ့ရွိပါတယ္။ စည္ၿဖိဳးရဲ့ ခ်စ္သူ ခင္လႊမ္း ကလည္း သ႐ုပ္ေဆာင္ပီျပင္သူေလးပါ။ သူမက Tik Tok Video ေလးေတြ ရိုက္ကူးၿပီး ေဖ့စ္ဘြတ္ေပၚမွာေဖာ္ျပေလ့ရွိပါတယ္။အရမ္းကိုလိုက္ဖက္တဲ့ စည္ၿဖိဳးတို႔ ခ်စ္သူႏွစ္ဦး ကလည္း ပရိသတ္ေတြ အားက်ၿပီး ခ်စ္ရတဲ့ စံုတြဲေလးပါ။
လတ္တေလာမွာ စည္ၿဖိဳး က ေျခေထာက္ခြဲစိတ္မႈကို ထိုင္းႏိုင္ငံမွာ ျပဳလုပ္ခဲ့ရတာပဲ ျဖစ္ပါတယ္။ ဒီတစ္ခါမွာေတာ့ စည္ၿဖိဳး က သူ႔ရဲ႕ ခ်စ္သူ ခင္လႊမ္း ရဲ႕ အမိုက္စား Body ကို အတု ပါလို႔ ေဝဖန္ေနၾကတာ နဲ႔ ပတ္သက္ၿပီး သူ႔ရဲ႕ ေဖ့စ္ဘြတ္ေပၚမွာ ခုလို ေျပာထားပါတယ္။
စည္ၿဖိဳး က ” အတုအစစ္ထင္ေျကးျပသနာ အျပင္မွာလာကိုင္ျကည့္လို့ ရွင္းရွင္းေနရေသာမမ.. ဒါအျပင္းဆံုးေဆးပါ..ကိုယ္လုပ္တာမဟုတ္ဘူးေနာ္..သူမ်ားဟာေစ့တာ ဟားဟား ထိတယ္ကြာ ..ခဏေနဖ်က္ခ်င္ဖ်က္ရမွာ” ဆိုၿပီး ခ်စ္သူ ကို စေနာက္ထားပါတယ္။
စည္ၿဖိဳး ရဲ႕ စေနာက္ထားတဲ့ Post ေအာက္မွာ ခ်စ္သူ ခင္လႊမ္းက လည္းခုလို post တင္တဲ့အတြက္ သူမစိတ္ဆိုးေၾကာင္းေျပာထားပါေသးတယ္။
သ႐ုပ္ေဆာင္ စည္ၿဖိဳး နဲ႔ ခ်စ္သူ ခင္လႊမ္း တို႔ရဲ႕ ပုံရိပ္ကေလးေတြကို ပရိသတ္ေတြ သေဘာက်ၾကလိမ့္မယ္ ထင္ပါတယ္။ ၾကည့္ရွုေပးၾကတဲ့ ပရိသတ္ႀကီးကို ေက်းဇူးအထူးတင္ရွိပါတယ္ေနာ္။
မိုမုိေလး
Unicode ဖြင့်ဖတ်ပါ
★★★★★
ရုပ်ရှင် သရုပ်ဆောင် စည်ဖြိုး ဟာဆိုရင် ပရိသတ်တွေ ချစ်ခင်အားပေးရတဲ့ အနုပညာရှင် တစ်ဦးပါ။ သူသရုပ်ဆောင် ရိုက်ကူးထားတဲ့ ဇာတ်ကားများစွာ ရှိတာကြောင့် သူ့ကို ချစ်ခင်အားပေးတဲ့ ပရိသတ်အခိုင်အမာ ရရှိထားတာပါ။ စည်ဖြိုး ပါဝင်သရုပ်ဆောင် ထားတဲ့ သတ်ကွင်း ရုပ်ရှင် ဇာတ်ကားကြီးက လည်း ပရိသတ်တွေ ကြားမှာ နာမည်ကြီးခဲ့တာပါ။ဒီတစ်ခါမှာတော့ ချစ်ပရိသတ်တွေ အတွက် စည်ဖြိုး က Body အလှပိုင်ရှင် ချစ်သူ ခင်လွှမ်း ရဲ့အတုအစစ် ပြဿာနာ ကိုဖြေရှင်းလိုက်တဲ့ အကြောင်း ဖော်ပြပေးလိုက်ပါတယ်နော်။
သရုပ်ဆောင် စည်ဖြိုးက သူ့ရဲ့ချစ်သူလေး သရုပ်ဆောင်မော်ဒယ်လ် ခင်လွှမ်းနဲ့အတူ ရိုက်ကူးထားတဲ့ ပုံရိပ်တွေကို မျှဝေလေ့ရှိပါတယ်။ စည်ဖြိုးရဲ့ ချစ်သူ ခင်လွှမ်း ကလည်း သရုပ်ဆောင်ပီပြင်သူလေးပါ။ သူမက Tik Tok Video လေးတွေ ရိုက်ကူးပြီး ဖေ့စ်ဘွတ်ပေါ်မှာဖော်ပြလေ့ရှိပါတယ်။အရမ်းကိုလိုက်ဖက်တဲ့ စည်ဖြိုးတို့ ချစ်သူနှစ်ဦး ကလည်း ပရိသတ်တွေ အားကျပြီး ချစ်ရတဲ့ စုံတွဲလေးပါ။
လတ်တလောမှာ စည်ဖြိုး က ခြေထောက်ခွဲစိတ်မှုကို ထိုင်းနိုင်ငံမှာ ပြုလုပ်ခဲ့ရတာပဲ ဖြစ်ပါတယ်။ ဒီတစ်ခါမှာတော့ စည်ဖြိုး က သူ့ရဲ့ ချစ်သူ ခင်လွှမ်း ရဲ့ အမိုက်စား Body ကို အတု ပါလို့ ဝေဖန်နေကြတာ နဲ့ ပတ်သက်ပြီး သူ့ရဲ့ ဖေ့စ်ဘွတ်ပေါ်မှာ ခုလို ပြောထားပါတယ်။
စည်ဖြိုး က ” အတုအစစ်ထင်ကြေးပြသနာ အပြင်မှာလာကိုင်ကြည့်လို့ ရှင်းရှင်းနေရသောမမ.. ဒါအပြင်းဆုံးဆေးပါ..ကိုယ်လုပ်တာမဟုတ်ဘူးနော်..သူများဟာစေ့တာ ဟားဟား ထိတယ်ကွာ ..ခဏနေဖျက်ချင်ဖျက်ရမှာ” ဆိုပြီး ချစ်သူ ကို စနောက်ထားပါတယ်။
စည်ဖြိုး ရဲ့ စနောက်ထားတဲ့ Post အောက်မှာ ချစ်သူ ခင်လွှမ်းက လည်းခုလို post တင်တဲ့အတွက် သူမစိတ်ဆိုးကြောင်းပြောထားပါသေးတယ်။
သရုပ်ဆောင် စည်ဖြိုး နဲ့ ချစ်သူ ခင်လွှမ်း တို့ရဲ့ ပုံရိပ်ကလေးတွေကို ပရိသတ်တွေ သဘောကျကြလိမ့်မယ် ထင်ပါတယ်။ ကြည့်ရှုပေးကြတဲ့ ပရိသတ်ကြီးကို ကျေးဇူးအထူးတင်ရှိပါတယ်နော်။
မိုမိုလေး",,,,,,
<urn:uuid:af8f15ad-bf59-48a5-a72e-819dd3c3fa0f>,"တိုက်ပွဲဖြစ်ပွားမှုများ(မတ်လ တတိယပတ်)
Post By Nyein Ko Ko Soe, On March 18, 2020
၂၀၂၀ ပြည့်နှစ် မတ် ၁၁ ရက်မှ မတ် ၁၇ ရက်အထိ (မတ်လ တတိယပတ်) ကာလအတွင်း ရခိုင်ပြည်နယ် (မြောက်ပိုင်း) ပုဏ္ဏားကျွန်း၊ ကျောက်တော်၊ မြောက်ဦးမြို့နယ်များ၊ ချင်းပြည်နယ် ပလက်ဝမြို့နယ်နှင့် ရှမ်းပြည်နယ်(မြောက်ပိုင်း) နမ့်ခမ်းမြို့နယ်တို့တွင် တိုက်ပွဲဖြစ်ပွားမှု ၁၅ ကြိမ်ထက် မနည်းရှိခဲ့ကြောင်း တရားဝင်သတင်းဖော်ပြချက်များအရ သိရပါသည်။
မတ်လ တတိယပတ်အတွင်း ရခိုင်ပြည်နယ်(မြောက်ပိုင်း)နှင့် ချင်းပြည်နယ် ပလက်ဝမြို့နယ်တို့တွင် တပ်မတော်နှင့် AA အဖွဲ့အကြား တိုက်ပွဲများကြောင့် အရပ်သား ၂၇ ဦး သေဆုံးခဲ့ပြီး ထိခိုက်ဒဏ်ရာရသူ ၆၅ ဦးအထိ ရှိခဲ့သည်။ ထို့ပြင် ရှမ်းပြည်နယ်(မြောက်ပိုင်း) နမ့်ခမ်းမြို့နယ် ပန်ဆန်းဒေသတွင် TNLA အဖွဲ့ က ပြည်သူ့စစ်စခန်းများကို ဝင်ရောက်တိုက်ခိုက်ခဲ့၍ တပ်မတော်က လက်နက်ကြီးဖြင့် ပြန်လည်ပစ်ခတ်ခဲ့ပါသည်။
ရှမ်းပြည်နယ်အတွင်း တိုက်ပွဲဖြစ်ပွားမှု
ရှမ်းပြည်နယ်(မြောက်ပိုင်း) နမ့်ခမ်းမြို့နယ် ပန်းဆေးဒေသရှိ ပြည်သူ့စစ်စခန်းကုန်းငါးခုကို TNLA အဖွဲ့က ဝင်ရောက်တိုက်ခိုက်မှု မတ် ၁၅ ရက်နံနက်ပိုင်းက ဖြစ်ပွားခဲ့သည်။ TNLA အဖွဲ့များကို တပ်မတော်က လက်နက်ကြီးများဖြင့် ပြန်လည်ပစ်ခတ်ခဲ့ပြီး ပြည်သူ့စစ်အဖွဲ့ဝင်နှစ်ဦး သေဆုံးခဲ့သည်။
ဘိန်းခင်းများ ဖျက်ဆီးရန် ဝင်ရောက်တိုက်ခိုက်ရခြင်းဖြစ်ပြီး ပြည်သူ့စစ်အဖွဲ့ဝင်အချို့နှင့် လက်နက်များ သိမ်းဆည်းရမိကြောင်း TNLA အဖွဲ့က ပြောကြားခဲ့သည်။ ယင်းတိုက်ပွဲများအတွင်း အရပ်သားထိခိုက်သေဆုံးမှု မရှိခဲ့သော်လည်း ဒေသခံရာနှင့် ချီ၍ ပိတ်မိနေခဲ့ကြောင်း သိရပါသည်။
ရခိုင်ပြည်နယ်အတွင်း တိုက်ပွဲဖြစ်ပွားမှု
မတ်လ တတိယပတ်တွင်လည်း ရခိုင်ပြည်နယ်(မြောက်ပိုင်း)တွင် တိုက်ပွဲများ ဆက်လက်ပြင်းထန်ခဲ့ပြီး လက်နက်ကြီးကျည် ကျရောက်ပေါက်ကွဲမှု၊ လက်နက်ငယ် ကျည်ထိမှန်မှုတို့ကြောင့် အရပ်သား ထိခိုက်သေဆုံးမှု အလွန်များပြားခဲ့ပါသည်။
အရပ်သား ထိခိုက်သေဆုံးမှုများခဲ့သည့် ဖြစ်စဉ်မှာ မတ် ၁၃ ရက် နံနက်ပိုင်းက မြောက်ဦးမြို့နယ်နှင့် ကျောက်တော်မြို့နယ်အတွင်း ရန်ကုန်-စစ်တွေ ကားလမ်းမပေါ်တွင် ပစ်ခတ်မှုများ ဖြစ်ပွားခဲ့၍ အရပ်သား သုံးဦး သေဆုံး၊ ၃၀ ဦးခန့်အထိ ထိခိုက်ဒဏ်ရာရခဲ့ခြင်း ဖြစ်ပါသည်။ ယင်းပစ်ခတ်မှုများအတွင်း မြောက်ဦး မြို့နယ် တိမ်ညိုကျေးရွာရှိ တိုက်နယ်ဆေးရုံနှင့် စစ်ဘေးရှောင်စခန်းများကိုလည်း ကျည်ထိမှန်မှုများ ရှိခဲ့ပါသည်။ လူနာစောင့်များနှင့် စစ်ဘေးရှောင်စခန်းမှ လူအချို့ ဒဏ်ရာရရှိခဲ့၍ ဆေးရုံကို ယာယီပိတ်ခဲ့ပြီး လူနာများနှင့် ဆေးရုံဝန်ထမ်းများကို မြောက်ဦးဆေးရုံသို့ ပြောင်းရွှေ့ခဲ့ရကြောင်း သိရပါသည်။
အဆိုပါပစ်ခတ်မှုဖြစ်စဉ်မှာ တပ်မတော်ယာဉ်တန်းက ပြုလုပ်ခဲ့ခြင်းဖြစ်ကြောင်း ဒေသခံများက ပြောကြားခဲ့ပြီး ဒဏ်ရာရရှိသူများအနက် အမျိုးသမီး သုံးဦးမှာ စစ်တွေဆေးရုံတွင် ကုသမှု ခံယူနေစဉ် ထပ်မံသေဆုံးခဲ့သည်။
ယင်းဖြစ်စဉ်နှင့် ပတ်သက်၍ လုံခြုံရေးဆောင်ရွက်နေသည့်တပ်မတော်ယာဉ်တန်းများကို AA အဖွဲ့က မိုင်းဆွဲတိုက်ခိုက်မှုများ ပြုလုပ်ခဲ့၍ မလွှဲမရှောင်သာ ပြန်လည်ပစ်ခတ်ခဲ့ရခြင်းဖြစ်ကြောင်း တပ်မတော်ကာကွယ်ရေးဦးစီးချုပ်ရုံးက မတ် ၁၅ ရက်တွင် သတင်းထုတ်ပြန်ခဲ့ပါသည်။
ထို့ပြင် မတ် ၁၆ ရက် နံနက်ပိုင်းကလည်း ကျောက်တော်မြို့နယ် ကုလားတန်မြစ်ကြောင်းအနီးရှိ ကျေးရွာများကို လက်နက်ကြီး၊ လက်နက်ငယ် ကျည်များ ကျရောက်ခဲ့၍ ရွာသား ကိုးဦး ထိခိုက်ဒဏ်ရာ ရရှိခဲ့သည်။ ယင်းဖြစ်စဉ်မှာ တပ်မတော်နှင့် AA အဖွဲ့အကြား တိုက်ပွဲဖြစ်ပွားခဲ့ခြင်းမရှိဘဲ တပ်မတော်ရေယာဉ်များက ကုလားတန်မြစ်ကြောင်းတလျှောက် အကြောင်းမဲ့ပစ်ခတ်လာခြင်းဖြစ်သည်ဟု ဒေသခံများက စွပ်စွဲခဲ့ပါသည်။
ချင်းပြည်နယ်အတွင်း တိုက်ပွဲဖြစ်ပွားမှု
ဖေဖော်ဝါရီလဆန်းကတည်းက တိုက်ပွဲစတင်ဖြစ်ပွားနေခဲ့သည့် ပလက်ဝမြို့နယ် မီးချောင်းတံထားအနီးတွင် တိုက်ပွဲများ ဆက်လက်ပြင်းထန်နေပြီး အနီးရှိ ကျေးရွာများကို တပ်မတော်မှ လေကြောင်းတိုက်ခိုက်မှုများ ပြုလုပ်ခဲ့၍ အရပ်သား ထိခိုက်သေဆုံးမှုများ ဖြစ်ပေါ်ခဲ့သည်။
မတ် ၁၄ ရက်နှင့် ၁၅ ရက် နှစ်ရက်အတွင်း ပလက်ဝမြို့နယ်ရှိ ပြိုင်တိန်၊ ဝက်မနှင့် မိတ်စာကျေးရွာများတွင် တပ်မတော်က လေယာဉ်ဖြင့် ပစ်ခတ်တိုက်ခိုက်မှုများကြောင့် ဒေသခံအရပ်သား ၂၁ ဦး သေဆုံးပြီး ၂၈ ဦး အထိ ဒဏ်ရာရခဲ့ကြောင်း သိရပါသည်။ အဆိုပါလေကြောင်းမှ တိုက်ခိုက်မှုများမှာ ပလက်ဝမြို့နယ်သာမက နယ်နမိတ်ထိစပ်သည့် ကျောက်တော်မြို့နယ် မီးဝကျေးရွာတွင်ပါ ထိခိုက်မှုများ ရှိခဲ့ပါသည်။
လေကြောင်းမှ တိုက်ခိုက်မှုများအတွင်း အရပ်သားထိခိုက်သေဆုံးမှုများ ရှိခဲ့ကြောင်း တပ်မတော်က ဝန်ခံခဲ့ပြီး ပလက်ဝမြို့နယ်၊ မိတ်စာ(ရှေ့)ကျေးရွာနှင့် မိတ်စာ(နောက်)ကျေးရွာအနီးရှိ တပ်မတော်စခန်းတခုအား AA အဖွဲ့က အင်အားသုံး ပိတ်ဆို့တိုက်ခိုက်နေ၍ မလွှဲမရှောင်သာ ပြန်လည်ပစ်ခတ်ခဲ့ရခြင်း ဖြစ်သည်ဟု သတင်းထုတ်ပြန်ခဲ့သည်။
၂၀၂၀ ပြည့်နှစ် မတ်လ တတိယပတ်အတွင်း ဖြစ်ပွားခဲ့သည့် တိုက်ပွဲသတင်းများ၏ အပြည့်အစုံကို ယခု link တွင် ကြည့်နိုင်ပါသည်။",,,,,,
<urn:uuid:9232d04e-1d96-452f-b967-08899093cb32>,"ရှာဖွေလေ အကျိုးရှိလေပါ ။
ညနေ ၆ နာရီလောက်ဆိုရင်ခြင်ကိုက်တယ်။
အဲ ၈ နာရီ ကျော်ရင် မကိုက်တော့ဘူး။
မကိုက်ပေမယ့်လဲခြင်ထောင်အပြင် မှာ ရိပ်ခနဲ ရိပ်ခနဲ ရန်သူ့ လေယာဉ်တွေက အလစ် ချောင်းနေကြတယ်။
ကိုရွှေသွေးလွန်တုတ်ကွေး ကြောက် ရတော့ စိတ်မညစ်ရအောင် ။
ဘေးထွက်ဆိုးကျိုးမှ မရှိတဲ့ သဘာဝ ခြင်ဆေး လေးဝေမျှပေးလိုက်မယ်
ဒီလိုလေး လုပ်ကြည့်ပါတဲ့ –
တစ်ရှူးလေးတရွက်ကို နှစ်ခေါက်ခေါက် ကတော့ ထိုးပြီး နနွင်းမှုန့်သိပ် ပြီးထိပ်ဖက်လေးကိုမီးညှိအပေါ် မှာထားထွန်း…။
ပြေးလိုက်တဲ့ခြင်တွေ ပါတဲ့ ။ ဖြစ်နိုင် ပါတယ်။ နနွင်းမှုံ့ ခြင်ဆေးခွေတောင်ရှိသေးတာပဲဥစ္စာ ။
ဒီနေ့ ညနေ ကျနော် စမ်းကြည့်မယ် ။ သူ့ကတော့က ကြီးတယ် ။ ( ဆနွင်းမှုံ့ ) နနွင်းမှုံ့ အများကြီး ကုန်မှာ ၊ သေးသေးလုပ် စမ်းရတယ် ။
ကိုကိုခြင် ကိုက်ဖို့မပြောနဲ့ အနားတောင် မသီရဲဖူး ။
ခရစ်ဒစ်",,,,,,
<urn:uuid:a323da3a-ab6c-4750-aa8a-92e7100bef28>,"တည်ငြိမ်လျှပ်စစ်
ဤ ဆောင်းပါးသည် စိစစ်အတည်ပြုနိုင်ရန်အတွက် နောက်ထပ်ကိုးကားချက်များ လိုအပ်နေသည်။
တည်ငြိမ်လျှပ်စစ် (ဒီစီ Direct Current လျှပ်စစ်ဓာတ်အား)
ဘက်ထရီမှာ ဒီစီ Direct Current လျှပ်စစ်ဓာတ်အား ဖြစ်စေသည်။ ဓာတ်မ၊ ဓာတ်ဖို Negative နှင့် Positive နှစ်စား ခွဲခြား၍ ပြုပြင်စီမံထားသည်။ အပေါင်းသည် အဖို (Positive) ဖြစ်၍ အနှုပ်သည် အမ (Negative) တို့ ဖြစ်ကြသည်။ ၎င်း (+) နှင့် (-)ကို ကြေးနီကြိုး တစ်ချောင်းဖြင့် ပူးထိ ခပ်ကြည့်လိုက်ပါက မီးပွင့်ထွက်လာသည်ကို တွေ့ရမည်။ အမှန်မှာ အဖိုနှင့် အမ ဆန့်ကျင်ဘက်ခြင်း ထိတွေ့မှုကြောင့် လျှပ်စီးကြောင်းကို တွေ့မြင်နိုင်သည်။
|ဤ ဆောင်းပါးမှာ ဆောင်းပါးတို တစ်ပုဒ်ဖြစ်သည်။ ဖြည့်စွက်ရေးသားခြင်းဖြင့် မြန်မာဝီကီပီးဒီးယားကို ကူညီပါ။|",,,,,,
<urn:uuid:b7bb8e22-268e-4a7a-bcaa-b2f32f9c9e61>,"ဘဂၤလားေဒရွ္႕ ႏုိင္ငံမွာ ခိုလံႈေနၾကရတဲ႔ သိန္းနဲ႔ခ်ီတဲ႔ ရိုဟင္ဂ်ာ ဒုကၡသည္ေတြ ဒီကေန႔ က်ေရာက္တဲ႔ မူဆလင္တို႔ရဲ႕ ကုရ္ဘာနီအိဒ္ေန႔ကို ဆင္ႏႊဲၾကပါတယ္။ ဌာေနျပန္ခြင့္ရေရး အတြက္ ဆုေတာင္းခဲ႔ၾကသလို ဒုကၡသည္ေတြကို လက္ခံ ကူညီထားတဲ႔ ဘဂၤလားေဒရွ္႕ ျပည္သူေတြ အတြက္လည္း ဆုေတာင္းခဲ႔ၾကပါတယ္။ မသိဂၤ ီထုိက္ စုစည္းတင္ျပထားပါတယ္။
ဒီကေန႔ က်ေရာက္တဲ႔ မူဆလင္တို႔ရဲ႕ ကုဘာနီအိဒ္ေန႔မွာ ကမၻာတလႊား အစၥလာမ္ ဘာသာ၀င္ေတြ နည္းတူ ဘဂၤလားေဒရွ္႕ ႏုိင္ငံမွာ ခိုလံႈေနၾကရတဲ႔ ရိုဟင္ဂ်ာ ဒုကၡသည္ေတြလည္း သူတို႔ စခန္းေတြထဲမွာ ဆင္ႏႊဲခဲ႔ၾကပါတယ္။ ဘဂၤလားေဒရွ္႕ ႏုိင္ငံမွာ အရင္ကတည္းက ရွိေနတဲ႔ ရိုဟင္ဂ်ာ ဒုကၡသည္ စခန္းအတြင္း ေမြးဖြားႀကီးျပင္းခဲ႔သူ အသက္ ၁၆ ႏွစ္ အရြယ္ Mohammad Jasim ကေတာ့ ဒီႏွစ္ အိဒ္ပြဲေတာ္မွာ ေဆြမ်ိဳးေတြ စံုလို႔ ေပ်ာ္ရႊင္ေနသူပါ။
""ဒီႏွစ္ အိဒ္ ပြဲေတာ္က အရင္ႏွစ္ေတြကထက္ ေကာင္းပါတယ္။ ေဆြမ်ိဳးေတြ အားလံုး ဒီမွာ စံုၾကပါတယ္။ ေပ်ာ္စရာ ေကာင္းပါတယ္။""
ဒုကၡသည္ စခန္းေတြထဲမွာ အျဖစ္ေဆာက္ထားတဲ႔ ဗလီေတြမွာ ၀တ္ျပဳ ဆုေတာင္းသူေတြနဲ႔ ျပည့္ေနသလို အ၀တ္အစားသစ္ေတြနဲ႔ ကေလးငယ္ေတြ အတြက္လည္း ေပ်ာ္ပြဲရႊင္ပြဲေတြ ရွိေနတာပါ။
ဌာေနျပန္ႏုိင္ေရး အတြက္ ဆုေတာင္းေနၾကသလို တခ်ိဳ႕ကေတာ့ ဒုကၡသည္ စခန္းတြင္းမွာ အိဒ္ပြဲေတာ္ကို ျဖစ္သလို က်င္းပရတဲ႔ အေပၚ စိတ္မသက္မသာ ျဖစ္ေနၾကပါတယ္။ ဒုကၡသည္ တဦး ျဖစ္တဲ႔ Mohammad Anos ကေတာ့ အခုလို ေျပာပါတယ္။
""အိဒ္ပြဲေတာ္ က်င္းပႏုိင္ဖို႔၊ အမဲေပၚႏုိင္ဖို႔ အတြက္ ေဒသ အာဏာပိုင္ေတြကို ေငြေၾကး ေပးရပါတယ္။ ဒီလို အခက္အခဲေတြ ရွိေပမယ့္ ကိုယ့္ႏုိင္ငံမွာဆိုေတာ့ အိဒ္ပြဲေတာ္က ေအးေအး ခ်မ္းခ်မ္း အဆင္ေျပေလ႔ ရွိပါတယ္။ အခုေတာ့ သူမ်ားႏုိင္ငံမွာ ေရာက္ေနၿပီး က်ေနာ္တို႔ ပိုင္ဆိုင္သမွ်နဲ႔ က်ေနာ္တို႔ပိုင္ ေျမက ကိုယ့္ႏုိင္ငံမွာ။ အခုေတာ့ သူမ်ားႏုိင္ငံမွာ လာေနရတာဆိုေတာ့ နင္းထားတဲ႔ ေျမေတာင္ မပိုင္ပါဘူး။ ဆိုေတာ့ အိဒ္ပြဲေတာ္က အိဒ္နဲ႔ေတာင္ မတူပါဘူး။ အားလံုးက ပူေဆြးေနၾကရပါတယ္။ ဒါက ဒီက အိဒ္ပြဲေတာ္နဲ႔ ကိုယ့္ႏုိင္ငံက အိဒ္ပြဲေတာ္ မတူတာေတြ အမ်ားႀကီးပါ။""
ၿပီးခဲ႔တဲ႔ႏွစ္ ၾသဂုတ္လကုန္ပိုင္းမွာ ျဖစ္ခဲ႔တဲ႔ ရခုိင္ျပည္နယ္တြင္း လံုျခံဳေရး ကင္းစခန္းေတြ တခ်ိန္တည္း တၿပိဳင္တည္း တိုက္ခုိက္ခံရၿပီးေနာက္ပိုင္း ျမန္မာ လံုျခံဳေရး တပ္ဖြဲ႔ေတြရဲ႕ နယ္ေျမ ရွင္းလင္းေရး ေဆာင္ရြက္ခ်က္ေတြေၾကာင့္ ဘဂၤလားေဒရွ္႕ဘက္ကို ဒုကၡသည္ သိန္းနဲ႔ခ်ီ ထြက္ေျပးခဲ႔ၾကရတာ အခုဆိုရင္ တႏွစ္ ျပည္႔ခဲ႔ၿပီး ျဖစ္ပါတယ္။ ဒုကၡသည္ေတြ ဌာေနျပန္ႏုိင္ေရး အတြက္ ျမန္မာနဲ႔ ဘဂၤလားေဒရွ္႕၊ ကုလသမဂၢတို႔ၾကား သေဘာတူထားေပမယ္လို႔လည္း အခုအခ်ိန္ထိ အလုပ္မျဖစ္ေသးပါဘူး။ တိမ္းေရွာင္ေနၾကရတဲ႔ ဒုကၡသည္ေတြကေတာ့ ဌာေနျပန္ႏုိင္ေရး အတြက္ အလႅာအရွင္ျမတ္ထံ ဆုေတာင္းခဲ႔ၾကပါတယ္။ ရိုဟင္ဂ်ာ ဒုကၡသည္ တဦး ျဖစ္တဲ႔ Mohammad Masan ကေတာ့ ဌာေနျပန္ႏုိင္ေရး ေမွ်ာ္လင့္ခ်က္ကို အခုလို ေျပာပါတယ္။
""အလႅာ အရွင္ျမတ္က က်ေနာ္တို႔ကို ကိုယ့္ႏုိင္ငံကို ျပန္လည္ ေခၚေဆာင္ေပးႏုိင္မယ္ဆိုတဲ႔ ေမွ်ာ္လင့္ခ်က္၊ ေနာက္ ႏုိင္ငံအတြက္ က်ေနာ္ ဆုေတာင္းခဲ႔ပါတယ္။ ေနာက္ ဒီမွာ က်ေနာ္တို႔ကို လက္ခံၿပီး ကူညီခဲ႔ၾကသူေတြ အတြက္လည္း ဆုေတာင္းခဲ႔ပါတယ္။""
ဌာေနျပန္ႏုိင္ေရး အတြက္ ဒုကၡသည္ေတြ ေမွ်ာ္လင့္ေနေပမယ္လို႔လည္း ရခုိင္ျပည္နယ္တြင္း သြားေရာက္ခဲ႔ၾကတဲ႔ ကုသမဂၢ တာ၀န္ရွိသူေတြကေတာ့ ဒုကၡသည္ေတြ ျပန္လာႏုိင္တဲ႔ အေျခအေနမ်ိဳး မရွိေသးဘူးလို႔ ေျပာဆိုထားပါတယ္။ ဒုကၡသည္ေတြဘက္က ေတာင္းဆိုေနၾကတဲ႔ ႏုိင္ငံသားျဖစ္ခြင့္နဲ႔ လံုျခံဳေရး အာမခံခ်က္တို႔ကလည္း ရဖို႔ မေသခ်ာပါဘူး။ ျမန္မာ အစိုးရဘက္က ရိုဟင္ဂ်ာဆိုတဲ႔ အသံုးအႏႈန္းကို လက္သင့္မခံသလို ႏုိင္ငံသား ျဖစ္ေရးကလည္း တည္ဆဲ ဥပေဒေတြ အတုိင္းသာ ေဆာင္ရြက္ရမယ္လို႔ ယတိျပတ္ ေျပာဆိုထားတာ ျဖစ္ပါတယ္။",,,,,,
<urn:uuid:0bd63609-2ce6-4c71-b7e2-68d52023b56c>,"ကချင်ပြည်နယ် မြစ်ကြီးနားမြို့ ဧရာရပ်ကွက်ရှိ မြန်မာ့စီးပွားရေးဘဏ်အနီးမှာ စက်တင်ဘာ ၂၀ ရက်မနက် ၉ နာရီခွဲလောက်က ပေါက်ကွဲမှု တစ်ခု ဖြစ်ပွားခဲ့ပါတယ်။
ဧရာရပ်ကွက်နေ ဒေသခံတစ်ဦးက “မြန်မာ့စီးပွားရေးဘဏ်ရှေ့မှာ ပေါက်တယ်၊ အသံကတော့ အကျယ်ကြီးပဲ မြေကြီး တောင်တုန်သွားတယ်"" လို့ ပြောပါတယ်။
ပေါက်ကွဲမှုဖြစ်ပွားပြီးနောက် စစ်ကောင်စီတပ်ဖွဲ့ ရောက်လာပြီး အနီးပတ်ဝန်းကျင်မှာ စစ်ဆေးနေကြပါတယ်။ ပေါက်ကွဲမှုကြောင့် ထိခိုက်ပျက်စီးတာ မရှိကြောင်း ဒေသခံတွေက ပြောပါတယ်။
စစ်အဏာသိမ်းပြီးနောက် ကချင်ပြည်နယ်ထဲက မြို့နယ်တွေမှာ ဗုံးပေါက်ကွဲတာ၊ Mytel တာဝါတိုင် ဖျက်ဆီးခံရတာတွေ မကြာခဏ ဖြစ်နေပါတယ်။",,,,,,
<urn:uuid:63490be1-f46a-4231-94a0-b7dcd0c8cde6>,"အခွန်သက်သာခွင့် ပေးထားချိန် ယာဉ်အမည်ပေါက် အမှန် ပြောင်းရန် ကညန ကြေညာချက် ထုတ်
၂၀၁၉ ခုနှစ် ပြည်ထောင်စု အခွန်အကောက် ဥပဒေအရ မော်တော်ယာဉ် ပိုင်ရှင်တိုင်း အခွန် ပေးဆောင်နိုင်ရန် အခွန် သက်သာခွင့် ပေးထားချိန် ယာဉ်အမည်ပေါက် အမှန်ပြောင်းလဲရမည် ဖြစ်ကြောင်း ပို့ဆောင်ရေး နှင့် ဆက်သွယ်ရေး ဝန်ကြီး ဌာန ကုန်းလမ်း ပို့ဆောင်ရေး ညွှန်ကြားမှု ဦးစီးဌာန (ကညန) က ကြေညာချက် ထုတ်သည်။
မော်တော်ယာဉ်၏ လက်ရှိ ပိုင်ရှင်အမည်၊ နေရပ်လိပ်စာများကို တိကျ မှန်ကန်စွာ ပြောင်းလဲ မှတ်ပုံတင်ရမည်ဟု ယမန်နေ့ က ထုတ်သည့် ကြေညာချက် က ဆိုသည်။
ယခင်က မော်တော်ယာဉ်တစီး အတွက် ပြည်တွင်းအခွန်များ ဦးစီးဌာန၏ ဝင်ငွေအခွန်နှုန်းသည် အနိမ့်ဆုံး ၁၅ ရာခိုင်နှုန်း မှ အမြင့်ဆုံး ၃၀ ရာခိုင်နှုန်းအထိ သတ်မှတ်ထားရာမှ ယခုတွင် အနိမ့်ဆုံး ၃ ရာခိုင်နှုန်းခန့်သာ ပေးဆောင်ရတော့မည် ဖြစ်ရာ အခွန်သက်သာခွင့် ကန့်သတ်ကာလအတွင်း ယာဉ်ပိုင်ရှင်တိုင်း အနေဖြင့် မိမိအမည်ပေါက် အမှန်ကို ပြောင်းလဲကြရန် အခွင့် အလမ်းကောင်း တခုဖြစ်ကြောင်းလည်း ကညနက ပြောကြားထားသည်။
ကုန်လမ်း ပို့ဆောင်ရေး ညွှန်ကြားမှု ဦးစီးဌာန ညွှန်ကြားရေးမှူး ဦးသိန်းထွဋ်က“အခုကိစ္စက နိုင်ငံအတွက်လည်း အခွန်တွေ ဝင်သွားသလို၊ တခုခုဖြစ်လို့ခက်ခဲပြီး တရားခံကိုဖမ်းရတဲ့ဟာ တရားဥပဒေ စိုးမိုးရေး အတွက်လည်း အများကြီး အထောက် အကူ ဖြစ်သလို ကျနော်ထင်တယ် လိပ်စာနဲ့ ကားတွေလွဲနေတာ နိုင်ငံတွေ သိပ်အများကြီး မရှိပါဘူး”ဟု ဧရာဝတီသို့ ပြော သည်။
၎င်း ဆက်လက်၍“အခွန်ဥပဒေအရလည်း ကိုယ့်အမည်မှန် ပြောင်းထားတဲ့ ကားကို နောင်မှာ ရောင်းပြီး နောက်တစီး ဝယ် ရင် ဝင်ငွေခွန်ထပ်ပြီး ဆောင်စရာလည်း မလိုတော့ဘူး”ဟု ပြောဆိုသည်။
၂၀၁၉ ခုနှစ် ပြည်ထောင်စု အခွန်အကောက် ဥပဒေ ပုဒ်မ ၂၅ အရ စည်းကြပ်မှုမှ ကင်းလွတ်နေသော ဝင်ငွေများအပေါ် ဝင်ငွေ ခွန် သက်သာခွင့်သည် ၂၀၁၉ အောက်တိုဘာ ၁ ရက်နေ့မှ စတင်ကာ ၂၀၂၀ စက်တင်ဘာလကုန် အထိ အကျူံးဝင် မည် ဖြစ်ပြီး စက်တင်ဘာလ နောက်ပိုင်းတွင် မည်သည့်ရာခိုင်နှုန်းဖြင့် ပြန်လည် ပေးဆောင်ရမည်ကိုမူ မသိရှိရသေးပါ။
ယင်းသတ်မှတ်ကာလ အတွင်း နာမည် အမည်ပေါက် အမှန် မပြောင်းလဲပါက ၂၀၁၅ မော်တော်ယာဉ် ဥပဒေနှင့် လက်ရှိ အချိန်တွင် ပြင်ဆင်ရေးဆွဲနေသော ယာဉ်အန္တရာယ် ကင်းရှင်းရေးနှင့် မော်တော်ယာဉ် စီမံခန့်ခွဲမှု ဥပဒေအရ အရေးယူ ဆောင်ရွက်မှုများ ပြုလုပ်သွားမည်ဖြစ်ကြောင်း ဦးသိန်းထွဋ္ဋ်က ပြောဆိုသည်။
AYK ကားအာမခံ ဝန်ဆောင်မှု ကုမ္ပဏီ၏ အုပ်ချုပ်မှု ဒါရိုက်တာ ကိုအရည်ကြိုက“ဒါကတော့ ၂၀၁၅ မော်တော်ယာဉ် ဥပဒေ မှာ ကတည်းက ဒီလိုမျိုး အမည်အမှန်နဲ့ လုပ်ရမယ်ဆိုပြီး ပါပြီးသားပါ။ အရင်ကတော့ အခွန်ပေးရမှာ များတဲ့အတွက် မပြောင်း ကြတာ များတယ်။ အခုက အခွန် လျှော့လိုက်တော့ ပြောင်းကြမှာပါ”ဟု ပြောသည်။
သို့ဖြစ်ရာ ၂၀၂၀ ပြည့်နှစ် ဇန်နဝါရီလ ၁ ရက်နေ့မှ စတင်ပြီး မှတ်ပုံတင်လုပ်ငန်းများ ဆောင်ရွက်ရာ၌ ယာဉ်အမည်ပေါက် ပိုင်ဆိုင်သူ မှန်ကန်မှသာ သက်တမ်းတိုး ဆောင်ရွက်ပေးမည် ဖြစ်ကြောင်း ကုန်လမ်း ပို့ဆောင်ရေး ညွှန်ကြားမှု ဦးစီးဌာနမှ သိရသည်။
လက်ရှိအချိန်တွင် ကားပိုင်ရှင် အများစုသည် မိမိနေထိုင်ရာ တိုင်းဒေသကြီး လိုင်စင် မဟုတ်ဘဲ အခြားတိုင်းဒေသကြီး မော်တော်ယာဉ် လိုင်စင်များဖြင့် ကားများကို လက်ဝယ် ပိုင်ဆိုင်ထားကြပြီး ယင်းလူများတွင်မူ မော်တော်ယာဉ် အမည် ပေါက် ပြောင်းလဲရာတွင် အခက်အခဲရှိနိုင်ကြောင်း ကားဝယ်ရောင်း လုပ်ဆောင်နေသူ တဦးက ပြောသည်။
၎င်းက“အခုက ရန်ကုန်လိုင်စင်က မပေးဘူးလေ၊ အဲဒီတော့ အခု ကိုယ့်ကားက Mdy(မန္တလေး) လိုင်စင်နဲ့ ဖြစ်မယ် မန္တလေး မှာ နေတာ မဟုတ်ဘူးလေ။ ရန်ကုန်လိပ်စာနဲ့ အမည်ပေါက် ပြောင်းလို့ ရမှာလား၊ ဒါမှမဟုတ် ရန်ကုန်လိုင်စင် အတွက် တခြားစရိတ်တွေ ထပ်ပေးရဦးမှာ ဘယ်လိုလုပ်လို့ရမလဲ ဆိုတာတွေ မေးစရာရှိတယ်”ဟု ဆိုသည်။
ယခု လုပ်ဆောင်ခြင်းသည် မော်တော်ယာဉ်ပိုင်ဆိုင်မှု အမည်မှန်ကို ပြောင်းလဲကြရန် လုပ်ဆောင်ခိုင်းဖြစ်ပြီး မော်တော် ယာဉ် မှတ်ပုံတင်ခြင်း ကိစ္စနှင့် သက်ဆိုင်မှု မရှိကြောင်း ကုန်လမ်း ပို့ဆောင်ရေး ညွှန်ကြားမှု ဦးစီးဌာနမှ သိရသည်။
ညွှန်ကြားရေးမှူး ဦးသိန်းထွဋ်က“အခုက ဒီကားတစီးကို လက်ရှိ ဘယ်သူက ပိုင်ဆိုင်ထားလဲ ဆိုတာကို စာရင်းအမှန် သိချင် တာ။ သူ့ကား လိုင်စင်ကို Mdy ကနေ Ygn တို့ ပြောင်းမှာ မဟုတ်ဘူး။ ကားလိုင်စင် ဝင်တဲ့ အခါကြရင် သူ့ကား လိုင်စင်ရဲ့ တိုင်းဒေသကြီးမှာပဲ လိုင်စင်သွားဝင်ရမှာ”ဟု ရှင်းပြသည်။
လက်ရှိ အချိန်တွင် မြန်မာနိုင်ငံ၌ ကားအစီးရေ ၁ သန်းခန့် ရှိသော်လည်း တဝက်ခန့်မှာ ကုမ္ပဏီ အမည်ပေါက် (သို့မဟုတ်) လက်လွဲှ ရောင်းချထားသူများ၏ အမည်များ အတိုင်းသာ ဆက်လက် အသုံးပြုလျက် ရှိကြကြောင်း သိရသည်။",,,,,,
<urn:uuid:8a1b242c-c2e4-4595-b779-b8aa11d97cf1>,"သာမိုပလတ်စတစ် အီလက်စတိုမာ SIS HEXAS EL-9220
ထုတ်ကုန်အသေးစိတ်
ထုတ်ကုန် Tags
ထုတ်ကုန်မိတ်ဆက်
သာမိုပလတ်စတစ် ရာဘာအမှုန့်များ ပျားရည် အရောင်ခြယ်ထားသည်။သာမိုပလတ်စတစ်ရာဘာများသည် သာမိုပလပ်စတစ်နှင့် အီလက်စတိုမာဂုဏ်သတ္တိများပါရှိသည့် ပစ္စည်းများပါ၀င်သော ပိုလီမာများ (သို့) ရူပဗေဒဆိုင်ရာ ရောစပ်ထားသော ပိုလီမာအမျိုးအစားတစ်ခုဖြစ်သည်။အီလက်စတိုမာအများစုသည် သာမိုဆက်ဆက်များဖြစ်သော်လည်း၊ ဥပမာအားဖြင့်၊ ဆေးထိုးပုံသွင်းခြင်းဖြင့် ထုတ်လုပ်မှုတွင် အသုံးပြုရလွယ်ကူသော သာမိုပလတ်စတစ်များနှင့် ဆန့်ကျင်ဘက်ဖြစ်သည်။Thermoplastic elastomers များသည် ရော်ဘာပစ္စည်းများနှင့် ပလတ်စတစ်ပစ္စည်းများနှစ်ခုလုံး၏ အားသာချက်များကိုပြသသည်။သာမိုပလပ်စတစ် အီလက်စတိုမာများ အသုံးပြုခြင်း၏ အကျိုးကျေးဇူးမှာ အလယ်အလတ် ရှည်လျားမှုကို ဆန့်ထုတ်နိုင်စွမ်းရှိပြီး ၎င်း၏ မူရင်းပုံသဏ္ဍာန်သို့ ပြန်သွားနိုင်သည့် စွမ်းရည်မှာ အခြားပစ္စည်းများထက် ပိုမိုရှည်လျားပြီး ပိုမိုကောင်းမွန်သော ရုပ်ပိုင်းဆိုင်ရာ အကွာအဝေးကို ဖန်တီးပေးခြင်း ဖြစ်သည်။သာမိုဆက်တ် အီလက်စတိုမာများနှင့် သာမိုပလပ်စတစ် အီလက်စတိုမာများကြား အဓိက ကွာခြားချက်မှာ ၎င်းတို့၏ တည်ဆောက်ပုံများတွင် ချိတ်ဆက်ထားသော ချည်နှောင်မှု အမျိုးအစားဖြစ်သည်။တကယ်တော့၊ crosslinking သည် မြင့်မားသော elastic ဂုဏ်သတ္တိများကို ပေးစွမ်းနိုင်သော အရေးကြီးသော structural factor တစ်ခုဖြစ်သည်။
လျှောက်လွှာ
ဖိအားအထိခိုက်မခံသောကော်များ၊ ဆီးပိတ်များ၊ လမ်းအမှတ်အသားဆေးများ၊ Bitumen ပြုပြင်မွမ်းမံမှု၊ ရေစိုခံအမြှေးပါးကော်၊ တစ်ကိုယ်ရေသန့်ရှင်းမှုကော်။
သတ်မှတ်ချက်များ
|စမ်းသပ်ပစ္စည်းများ||ယူနစ်||အရောင်း Specification ပါဝင်ပါသည်။|
|Polystyrene ပါဝင်မှု||wt%||၂၃ မှ ၂၇|
|Di-block အကြောင်းအရာ||Di-block အကြောင်းအရာ||၂၃ မှ ၂၇|
|အရည်ပျော်နှုန်း||g/10 မိနစ်||8.5 မှ 13.5 ထိ|
|ဆန့်နိုင်အား||Mpa||≥5.0|
|Break at Elongation||%||≥750|
|ဖြေရှင်းချက် Vicosity||mPa.s||≤1200|
|မတည်ငြိမ်သောကိစ္စ||Wt%||≤0.7|
|ပြာ||Wt%||≤0.7|
ရိုးရိုးတန်ဖိုး
|စမ်းသပ်ပစ္စည်းများ||ယူနစ်||အရောင်း Specification ပါဝင်ပါသည်။|
|Polystyrene ပါဝင်မှု||wt%||24|
|Di-block အကြောင်းအရာ||Di-block အကြောင်းအရာ||၂၆.၈၂|
|အရည်ပျော်နှုန်း||g/10 မိနစ်||10|
|ဆန့်နိုင်အား||Mpa||10|
|Break at Elongation||%||၁၀၀၀|
|ဖြေရှင်းချက် Vicosity||mPa.s||၄၆၅|
|မတည်ငြိမ်သောကိစ္စ||Wt%||၀.၅|
|ပြာ||Wt%||၀.၂|
|Mn(SIS)||-||၈၄၀၀၀|
|Mn (SI)||-||၃၈၀၀၀|
စည်းမျဉ်း/ အမျိုးအစားများ
CAS နံပါတ် 25038-32-8
Package နှင့် Supply
သိုလှောင်မှု
အမှတ်တံဆိပ်ထောက်ခံချက်
တံဆိပ်
EL9126၊ EL9270၊ EL9270D၊ EL9470၊ EL9220၊ EL9220D၊ EL9370",,,,,,
<urn:uuid:bd815cc7-8693-45a2-b555-85a2cf1f478a>,"RFA က စီစဉ်ရိုက်ကူးပြီး၊ DVB ရုပ်သံလိုင်းကနေ အပတ်စဉ် ကြာသပတေးနေ့တိုင်း ထုတ်လွှင့်နေတဲ့ ""ယနေ့နိုင်ငံရေး"" အစီအစဉ်မှာ၊ ကြားဖြတ်အစီအစဉ် တစ်ခုအနေနဲ့ နောင်တစ်ချိန် တိုင်းပြည်အနာဂတ်ကို ပုခုံးပြောင်းယူမယ့် မျိုးဆက်သစ် ကလေးငယ်တွေအတွက် အရေးကြီးတဲ့ ပညာရေးအစီအစဉ်တစ်ခုအကြောင်း ဆွေးနွေးသွားမှာပါ။ ""လွှတ်တော်ရဲ့ လူတိုင်းလွှမ်းခြုံပညာရေးအစီအစဉ် ကလေးအားလုံးကို လွှမ်းခြုံနိုင်မလား"" ဆိုတဲ့ခေါင်းစဉ်နဲ့ ဆွေးနွေးမှာ ဖြစ်ပါတယ်။
အငြိမ်းစား ပညာရေးမှူးတစ်ဦးဖြစ်တဲ့ မွန်ပြည်နယ် ကျိုက်မရောမြို့နယ် ပြည်သူ့လွှတ်တော်ကိုယ်စားလှယ် ဦးစောကျော်ဝင်းမောင်၊ မြန်မာတစ်နိုင်ငံလုံးမှာ အခြေခံပညာရေး အနိမ့်ကျဆုံးဖြစ်နေတဲ့ ကရင်ပြည်နယ် သံတောင်ကြီးမြို့နယ်က ပြည်သူ့လွှတ်တော်ကိုယ်စားလှယ် ဦးစောဗစ်တာခလိုက် တို့နဲ့အတူ RFA ဝိုင်းတော်သူ မအေးအေးမွန်က ဆွေးနွေးထားပါတယ်။",,,,,,
<urn:uuid:997ecd8a-ac29-489c-a3dd-5922899b5f54>,"ပင်မမီနူးကို ဖွင့်ရန်
ပင်မ
ကျပန်း
အနီးအနား
အကောင့်ဝင်ရန်
အပြင်အဆင်များ
လှူဒါန်းမှု
ဝီကီပီးဒီးယား အကြောင်း
သတိပြုစရာများ
ရှာဖွေရန်
""တောင်ဆိတ်"" ၏ တည်းဖြတ်မှု မူကွဲများ
← တည်းဖြတ်မူ အဟောင်း
ပိုသစ်သော တည်းဖြတ်မှု
တောင်ဆိတ်
(ပြင်ဆင်ရန်)
၁၇:၂၉၊ ၁၀ ဇန်နဝါရီ ၂၀၁၃ ရက်နေ့က မူ
၂၇ ဘိုက် ပေါင်းထည့်ခဲ့သည်
,
ပြီးခဲ့သည့် ၇ နှစ်
အရေးမကြီး
r2.7.3) (ရိုဘော့က ပေါင်းထည့်နေသည် -
vi:Oreamnos americanus
၁၄:၀၀၊ ၃ ဒီဇင်ဘာ ၂၀၁၂ ရက်နေ့က မူ
(
ပြင်ဆင်ရန်
)
MerlIwBot
(
ဆွေးနွေး
|
ပံ့ပိုး
)
အရေးမကြီး
(ရိုဘော့က ပေါင်းထည့်နေသည် -
tr:Ak dağ keçisi
)
← တည်းဖြတ်မူ အဟောင်း
၁၇:၂၉၊ ၁၀ ဇန်နဝါရီ ၂၀၁၃ ရက်နေ့က မူ
(
ပြင်ဆင်ရန်
)
(
နောက်ပြန် ပြန်ပြင်ရန်
)
Xqbot
(
ဆွေးနွေး
|
ပံ့ပိုး
)
အရေးမကြီး
(r2.7.3) (ရိုဘော့က ပေါင်းထည့်နေသည် -
vi:Oreamnos americanus
)
ပိုသစ်သော တည်းဖြတ်မှု
[[tr:Ak dağ keçisi]]
[[uk:Снігова коза]]
[[vi:Oreamnos americanus]]
[[zh:雪羊]]
Xqbot
၈၈၃၈
တည်းဖြတ်မှုများ
""
https://my.wikipedia.org/wiki/အထူး:MobileDiff/190977
"" မှ ရယူရန်",,,,,,
<urn:uuid:65cdeafb-cbd7-4c10-a1e6-f1cbf7ebc38e>,"ေက်ာက္ဆည္မွာ လိင္အားတိုးေဆးအတုႏွင့္ အျခားေဆး၀ါးအတုမ်ား ျပဳလုပ္ေနဓာတ္ခြဲခန္းပါ ေနအိမ္တစ္လံုးကို ဖမ္းမိ
အိမ္တစ္လံုးကို ယေန႔ ေက်ာက္ဆည္တြင္ ေတြ႕ရွိ ဖမ္းဆီးရမိခဲ့ေၾကာင္းသိရသည္။
ေက်ာက္ဆည္ၿမိဳ႕ ၾကက္မင္းတြန္ရပ္ကြက္ ကြက္သစ္အပိုင္း ၿမိဳ႕ပတ္လမ္းအနီးရွိ ေနအိမ္တစ္လံုးတြင္ ေဆး၀ါးအတုမ်ားျပဳလုပ္ေရာင္းခ်ေနေၾကာင္းသတင္းရရွိသျဖင့္ တာ၀န္ရွိသူမ်ားက ၀င္ေရာက္ရွာေဖြရာ ျပဳလုပ္ထားၿပီးသားေဆး၀ါးအတုမ်ားကိုေတြ႕ရွိရျခင္းျဖစ္ေၾကာင္း ဖမ္းဆီးမႈႏွင့္ပတ္သက္၍ တာ၀န္ရွိသူတစ္ဦးက သတင္းတမန္သို႔ေျပာျပသည္။
အတုျပဳလုပ္ထားေသာေဆး၀ါးမ်ားတြင္ အမ်ားစုမွာ လိင္အားတိုးေဆးမ်ားျဖစ္ေၾကာင္းသိရသည္။
“ကိုယ္တိုင္ေဖာ္စပ္ထုတ္လုပ္တာ။ မသိရင္ အစစ္နဲ႔မျခားဘူး” ဟု ေက်ာက္ဆည္ေဒသခံတစ္ဦးက ဆိုသည္။
ကနဦးရရွိထားသည့္သတင္းမ်ားအရ ေဆး၀ါးအတုျပဳလုပ္ရန္ ဆက္စပ္ပစၥည္းမ်ားကို တရုတ္မွတင္သြင္းၿပီး ျပန္လည္ပါကင္ပိတ္ကာ ေဆးထုတ္လုပ္ေရာင္းခ်ျခင္းျဖစ္ေၾကာင္း သိရသည္။
လက္ရွိတြင္ရဲတပ္ဖြဲ႕ႏွင့္တာ၀န္ရွိသူမ်ားက အဆိုပါ ေတြ႕ရွိသိမ္းဆည္းရမိမႈမ်ားကို စစ္ေဆးေနေၾကာင္း ဆိုသည္။
ထပ္မံရရွိေသာသတင္းမ်ား ႏွင့္ အေသးစိတ္ကို ဆက္လက္ေဖာ္ျပသြားပါမည္။
ဖိုးသူေတာ္(www.phothutaw.com)
Credit:(သတင္းတမန္)
Photo- ရဲတပ္ဖြဲ႕
#Unicode Version#
လိင်အားတိုးဆေးအတုနှင့် အခြားဆေးဝါးအတုများ ပြုလုပ်နေဓာတ်ခွဲခန်းပါ နေအိမ်တစ်လုံးကို ယနေ့ ကျောက်ဆည်တွင် တွေ့ရှိ ဖမ်းဆီးရမိခဲ့ကြောင်းသိရသည်။
ကျောက်ဆည်မြို့ ကြက်မင်းတွန်ရပ်ကွက် ကွက်သစ်အပိုင်း မြို့ပတ်လမ်းအနီးရှိ နေအိမ်တစ်လုံးတွင် ဆေးဝါးအတုများပြုလုပ်ရောင်းချနေကြောင်းသတင်းရရှိသဖြင့် တာဝန်ရှိသူများက ဝင်ရောက်ရှာဖွေရာ ပြုလုပ်ထားပြီးသားဆေးဝါးအတုများကိုတွေ့ရှိရခြင်းဖြစ်ကြောင်း ဖမ်းဆီးမှုနှင့်ပတ်သက်၍ တာဝန်ရှိသူတစ်ဦးက သတင်းတမန်သို့ပြောပြသည်။
အတုပြုလုပ်ထားသောဆေးဝါးများတွင် အများစုမှာ လိင်အားတိုးဆေးများဖြစ်ကြောင်းသိရသည်။
“ကိုယ်တိုင်ဖော်စပ်ထုတ်လုပ်တာ။ မသိရင် အစစ်နဲ့မခြားဘူး” ဟု ကျောက်ဆည်ဒေသခံတစ်ဦးက ဆိုသည်။
ကနဦးရရှိထားသည့်သတင်းများအရ ဆေးဝါးအတုပြုလုပ်ရန် ဆက်စပ်ပစ္စည်းများကို တရုတ်မှတင်သွင်းပြီး ပြန်လည်ပါကင်ပိတ်ကာ ဆေးထုတ်လုပ်ရောင်းချခြင်းဖြစ်ကြောင်း သိရသည်။
လက်ရှိတွင်ရဲတပ်ဖွဲ့နှင့်တာဝန်ရှိသူများက အဆိုပါ တွေ့ရှိသိမ်းဆည်းရမိမှုများကို စစ်ဆေးနေကြောင်း ဆိုသည်။
ထပ်မံရရှိသောသတင်းများ နှင့် အသေးစိတ်ကို ဆက်လက်ဖော်ပြသွားပါမည်။
ဖိုးသူတော်(www.phothutaw.com)
Credit:(သတင်းတမန်)
Photo- ရဲတပ်ဖွဲ့
ေက်ာက္ဆည္ၿမိဳ႕ ၾကက္မင္းတြန္ရပ္ကြက္ ကြက္သစ္အပိုင္း ၿမိဳ႕ပတ္လမ္းအနီးရွိ ေနအိမ္တစ္လံုးတြင္ ေဆး၀ါးအတုမ်ားျပဳလုပ္ေရာင္းခ်ေနေၾကာင္းသတင္းရရွိသျဖင့္ တာ၀န္ရွိသူမ်ားက ၀င္ေရာက္ရွာေဖြရာ ျပဳလုပ္ထားၿပီးသားေဆး၀ါးအတုမ်ားကိုေတြ႕ရွိရျခင္းျဖစ္ေၾကာင္း ဖမ္းဆီးမႈႏွင့္ပတ္သက္၍ တာ၀န္ရွိသူတစ္ဦးက သတင္းတမန္သို႔ေျပာျပသည္။
အတုျပဳလုပ္ထားေသာေဆး၀ါးမ်ားတြင္ အမ်ားစုမွာ လိင္အားတိုးေဆးမ်ားျဖစ္ေၾကာင္းသိရသည္။
“ကိုယ္တိုင္ေဖာ္စပ္ထုတ္လုပ္တာ။ မသိရင္ အစစ္နဲ႔မျခားဘူး” ဟု ေက်ာက္ဆည္ေဒသခံတစ္ဦးက ဆိုသည္။
ကနဦးရရွိထားသည့္သတင္းမ်ားအရ ေဆး၀ါးအတုျပဳလုပ္ရန္ ဆက္စပ္ပစၥည္းမ်ားကို တရုတ္မွတင္သြင္းၿပီး ျပန္လည္ပါကင္ပိတ္ကာ ေဆးထုတ္လုပ္ေရာင္းခ်ျခင္းျဖစ္ေၾကာင္း သိရသည္။
လက္ရွိတြင္ရဲတပ္ဖြဲ႕ႏွင့္တာ၀န္ရွိသူမ်ားက အဆိုပါ ေတြ႕ရွိသိမ္းဆည္းရမိမႈမ်ားကို စစ္ေဆးေနေၾကာင္း ဆိုသည္။
ထပ္မံရရွိေသာသတင္းမ်ား ႏွင့္ အေသးစိတ္ကို ဆက္လက္ေဖာ္ျပသြားပါမည္။
ဖိုးသူေတာ္(www.phothutaw.com)
Credit:(သတင္းတမန္)
Photo- ရဲတပ္ဖြဲ႕
#Unicode Version#
လိင်အားတိုးဆေးအတုနှင့် အခြားဆေးဝါးအတုများ ပြုလုပ်နေဓာတ်ခွဲခန်းပါ နေအိမ်တစ်လုံးကို ယနေ့ ကျောက်ဆည်တွင် တွေ့ရှိ ဖမ်းဆီးရမိခဲ့ကြောင်းသိရသည်။
ကျောက်ဆည်မြို့ ကြက်မင်းတွန်ရပ်ကွက် ကွက်သစ်အပိုင်း မြို့ပတ်လမ်းအနီးရှိ နေအိမ်တစ်လုံးတွင် ဆေးဝါးအတုများပြုလုပ်ရောင်းချနေကြောင်းသတင်းရရှိသဖြင့် တာဝန်ရှိသူများက ဝင်ရောက်ရှာဖွေရာ ပြုလုပ်ထားပြီးသားဆေးဝါးအတုများကိုတွေ့ရှိရခြင်းဖြစ်ကြောင်း ဖမ်းဆီးမှုနှင့်ပတ်သက်၍ တာဝန်ရှိသူတစ်ဦးက သတင်းတမန်သို့ပြောပြသည်။
အတုပြုလုပ်ထားသောဆေးဝါးများတွင် အများစုမှာ လိင်အားတိုးဆေးများဖြစ်ကြောင်းသိရသည်။
“ကိုယ်တိုင်ဖော်စပ်ထုတ်လုပ်တာ။ မသိရင် အစစ်နဲ့မခြားဘူး” ဟု ကျောက်ဆည်ဒေသခံတစ်ဦးက ဆိုသည်။
ကနဦးရရှိထားသည့်သတင်းများအရ ဆေးဝါးအတုပြုလုပ်ရန် ဆက်စပ်ပစ္စည်းများကို တရုတ်မှတင်သွင်းပြီး ပြန်လည်ပါကင်ပိတ်ကာ ဆေးထုတ်လုပ်ရောင်းချခြင်းဖြစ်ကြောင်း သိရသည်။
လက်ရှိတွင်ရဲတပ်ဖွဲ့နှင့်တာဝန်ရှိသူများက အဆိုပါ တွေ့ရှိသိမ်းဆည်းရမိမှုများကို စစ်ဆေးနေကြောင်း ဆိုသည်။
ထပ်မံရရှိသောသတင်းများ နှင့် အသေးစိတ်ကို ဆက်လက်ဖော်ပြသွားပါမည်။
ဖိုးသူတော်(www.phothutaw.com)
Credit:(သတင်းတမန်)
Photo- ရဲတပ်ဖွဲ့",,,,,,
<urn:uuid:18db0b25-df5d-4b08-9a61-4826992550b1>,"ဩဂုတ်လလယ်က စတင်ဖြစ်ပွားခဲ့သော ကိုဗစ်-၁၉ ဒုတိယလှိုင်းကြောင့် YPS ကဒ်စနစ် ဝန်ဆောင်မှုများအား ယာယီ ပိတ်သိမ်းထားခဲ့ရာ ယခု အခါ ဝန်ဆောင်မှု စင်တာများအား ပြန်လည် ဖွင့်လှစ်နေပြီ ဖြစ်ကြောင်း သိရသည်။
၎င်းဝန်ဆောင်မှု စင်တာများအား စက်တင်ဘာလ (၂၂)ရက်နေ့မှ စတင်ကာ ပိတ်သိမ်းထားခြင်း ဖြစ်ပြီး ပြီးခဲ့သော နိုဝင်ဘာလ (၃) ရက်နေ့တွင် ပြန်လည် ဖွင့်လှစ်ကာ ဝန်ဆောင်မှု ပေးနေခြင်း ဖြစ်သည်။
YPS အရောင်းစင်တာများအား ပြန်ဖွင့်သည့် အထိမ်းအမှတ် အဖြစ် နိုဝင်ဘာ (၉)ရက်မှ စတင်ကာ နိုဝင်ဘာ (၂၂) ရက်နေ့အထိ YPS ကဒ်အသစ် ဝယ်ယူသူ ခရီးသွား မိဘပြည်သူများအား တစ်ကဒ်ဝယ်လျှင် တစ်ကဒ်လက်ဆောင် ပေး၍ ရောင်းချပေးလျက် ရှိကြောင်း သိရသည်။
ထို အစီအစဉ်ကို ရန်ကုန်မြို့တွင်းရှိ YPS အရောင်းစင်တာများ ဖြစ်သော
- ရန်ကုန်မြို့တော် ခန်းမဘေး၊
- မဟာဗန္ဓုလ ပန်းခြံရှေ့၊
- မြန်မာပလာဇာ၊
- ယုဇနပလာဇာ၊
- လှည်းတန်းမှတ်တိုင်၊
- YUPT ရုံးချုပ်ရှေ့နှင့်
- ဗန္ဓုလ ပါရမီကားဝင်းရှေ့ စသည့် နေရာများတွင် တစ်ကဒ်ဝယ် တစ်ကဒ်လက်ဆောင် ပေးသွားမည် ဖြစ်ပြီး g&g အရောင်းဆိုင်များတွင်မူ မူရင်းဈေးအတိုင်းသာ ရောင်းချပေးသွားမည်ဟု သိရသည်။
YPS ကဒ်များကို ဇူလိုင်လ (၂၁) ရက်နေ့မှ စတင်၍ YBS ယာဥ်လိုင်းပေါင်း (၁၂) လိုင်းမှ တပ်ဆင် အသုံးပြုခဲ့ပြီး သြဂုတ်လ (၈) ရက်နေ့တွင် နောက်ထပ် ယာဥ်လိုင်း (၂၃) လိုင်းက ထပ်မံ တပ်ဆင် အသုံးပြုခဲ့ရာ ယခုအခါ ယာဥ်လိုင်း စုစုပေါင်း (၃၅) လိုင်းတွင် အသုံးပြုနိုင်မည် ဖြစ်သည်။
စီးနင်းနိုင်မည့် ယာဉ်လိုင်း နံပါတ်များမှာ
- YBS 2 (ယုဇနဥယျာဉ် - အောင်မင်္ဂလာ အဝေးပြေး)
- YBS 3 (ယုဇနဥယျာဉ် - ဆူးလေ (သင်္ကန်းကျွန်း))
- YBS 3 (ယုဇနဥယျာဉ် - ဆူးလေ (သုဝဏ္ဏ))
- YBS 4 (နှင်းဆီအိမ်ယာ - ဆူးလေ)
- YBS 7 (ရိုးမရိပ်သာ - ဆူးလေ)
- YBS 7 (ကားကြီးဂိတ် - ဆူးလေ)
- YPS 7 (အကြော်တဲ (နတ်စင်) - ဆူးလေ)
- YBS 7️ (အကြော်တဲ (စက်မှုဇုံ) - ဆူးလေ)
- YPS 8️ (ရိုးမရိပ်သာ - လသာ)
- YPS 10 (ဒဂုံတက္ကသိုလ် - ကန်ကြီးထောင့် (သာကေတ))
- YPS 11 (အောင်မင်္ဂလာအဝေးပြေး - လသာ)
- YPS 12 (အရှေ့ဒဂုံ - ဆူးလေ)
- YPS 14 (ပါရမီ (ညောင်ပင်) - သခင်မြပန်းခြံ)
- YPS 24 (ဒဂုံတက္ကသိုလ် - ဗိုလ်တထောင်ဘုရား)
- YPS 25 (ဒဂုံတက္ကသိုလ် - မင်္ဂလာစျေး)
- YPS 28 (ဒဂုံတက္ကသိုလ် - ဆူးလေ)
- YPS 29 (ရွှေပေါက်ကံ - ဆူးလေ)
- YPS 30 ((သမိုင်း) ဒဂုံတက္ကသိုလ် - သခင်မြပန်းခြံ)
- YPS 30 ((ပြည်လမ်း) ဒဂုံတက္ကသိုလ် - သခင်မြပန်းခြံ)
- YPS 36 (အောင်မင်္ဂလာအဝေးပြေး - ဆူးလေ)
- YPS 36 (ထောက်ကြန့် - ဆူးလေ)
- YPS 36 (ရွှေပေါက်ကံ - ဆူးလေ)
- YPS 38 (ပါရမီညောင်ပင် - မင်္ဂလာစျေးသစ်)
- YPS 40 (ရွှေပြည်သာ (လိန်ကုန်း) - သခင်မြပန်းခြံ)
- YPS 43 (ဝါယာလက် - ဗိုလ်တစ်ထောင်ဘုရား)
- YPS 58 (သခင်မြပန်းခြံ - သခင်မြပန်းခြံ (မြို့ပတ်))
- YPS 59 (၇၁ ရပ်ကွက် (တောင်ဒဂုံ) - နှင်းဆီကုန်း (ဗဟိုအမျိုးသမီးဆေးရုံ))
- YPS 62 (ဒဂုံတက္ကသိုလ် - ကြည့်မြင်တိုင်)
- YPS 65 (ရဲတပ်ရင်း (၆) (ရွှေပြည်သာ) - ဗိုလ်တထောင်ဘုရား)
- YPS 72 (ဧရာဝဏ် - ဆူးလေ)
- YPS 87 (ဒဂုံတက္ကသိုလ် - ဆူးလေ)
- YPS 88 (ဒဂုံတက္ကသိုလ် - ပြည်တော်သာ)
- YPS 89 (ဧရာဝဏ် - ပန်းပင်ကြီး (မင်းနန္ဒ))
- YPS 89 (ဧရာဝဏ် - ပန်းပင်ကြီး (မြင်တော်သာ))
- YPS 96 (လှော်ကားတာဆုံ - သာကေတ)
ယခုလက်ရှိ စစ်တမ်းများအရ ရန်ကုန်မြို့တွင် (YBS) စီးနင်းသူ ခရီးသွား ပြည်သူပေါင်း (၂)သန်းကျော်ခန့် ရှိပြီး ယာဉ်အစီးရေပေါင်း (၁,၂၀၀) ကျော်တွင် YPS ကဒ်စနစ်ဖြင့် ဘက်စ်ကား စီးနင်းနိုင်ပြီ ဖြစ်သည်။
YPS ကဒ် ဝန်ဆောင်မှုများနှင့် ပတ်သက်၍ စုံစမ်း မေးမြန်းလိုပါက Hotline Number 09 96 999 0699 သို့ ဆက်သွယ်စုံစမ်း မေးမြန်းနိုင်ကြောင်း သိရသည်။",,,,,,
<urn:uuid:bcaf261c-83e4-48be-9391-d85f0b86a3d5>,"North America
အမေရိကန်ဘီလျံနာသူဋ္ဌေးကြီး Epstein နယူးယောက်အကျဉ်းထောင်အတွင်း မိမိကိုယ်ကိုအဆုံးစီရင်
နယူးယောက် ၊ သြဂုတ် ၁၁ ရက်(ဆင်ဟွာ)
လိင်ကုန်ကူးမှုဖြင့် လွန်ခဲ့သော လက ဖမ်းဆီးခံခဲ့ရသည့် အမေရိကန်နိုင်ငံ ဘီလျံနာသူဋ္ဌေးကြီး ဂျက်ဖာရီအက်စတိန်း (Jeffrey Epstein) သည် နယူးယောက်မြို့ရှိအကျဉ်းထောင်တစ်ခုအတွင်း မိမိကိုယ်ကို အဆုံးစီရင်သွားကြောင်း ပြည်တွင်းမီဒီယာက သြဂုတ် ၁ဝ ရက်တွင် သတင်းဖော်ပြခဲ့သည်။
အသက် ၆၆ နှစ်အရွယ် သူဋ္ဌေးကြီး Epstein ၏ ရုပ်အလောင်းကို မန်ဟက်တန်ရှိ မက်ထရိုပိုလီတန်အကျဉ်းထောင်အတွင်း( Metropolitan Correctional Center) ဒေသစံတော်ချိန် နံနက် ၇ နာရီ ၃ဝ မိနစ်တွင် တွေ့ရှိခဲ့ကြောင်း သတင်းအရင်းအမြစ်က ပြည်တွင်းမီဒီယာများသို့ပြောကြားခဲ့သည်။
အက်စတိန်းသည် ၂ဝဝဝ ပြည့်နှစ်အစောပိုင်းက အမျိုးသမီးငယ်ပေါင်းများစွာကို လိင်ပိုင်းဆိုင်ရာကျူးလွန်ခဲ့ကြောင်း စွပ်စွဲမှုများဖြင့် ယခုနှစ် ဇူလိုင်လ အစောပိုင်းတွင် တရားစွဲဆိုခံခဲ့ရခြင်းဖြစ်သည်။ ၎င်းသည် အာမခံလျှောက်ထားခဲ့သော်လည်း ငြင်းဆိုခံရပြီး အကယ်၍ ပြစ်မှုထင်ရှားပါက ထောင်ဒဏ် ၄၅ နှစ်ထိ ကျခံရဖွယ်ရှိကြောင်း သိရသည်။
ဘီလျံနာသူဋ္ဌေးကြီးသည် လွန်ခဲ့သော ၂ ပတ်ကျော်က နောက်ကျောနာကျင်မှုဝေဒနာဖြင့် သတိမေ့မျောမှုဖြစ်ပွားခဲ့ကြောင်း နှင့် ယင်းအတွက်ကြောင့်ပင် အဆုံးစီရင်မှု-စောင့်ကြည့်ရေး သီးသန့်အခန်းတစ်ခုသို့ပြောင်းရွှေ့ခဲ့ရကြောင်း သိရသည်။
စိုက်ပျိုးရေးချေးငွေထောက်ပံ့ရေး သူဋ္ဌေးကြီး အက်စတိန်းသည် ပြည်ထောင်စုရှေ့နေရုံး၏ ရာဇဝတ်ကြောင်းဆိုင်ရာ စွပ်စွဲချက်အားလုံးကို ငြင်းဆိုခဲ့သည်။ ၎င်းသည် လွန်ခဲ့သော ၁၁ နှစ်ကျော်ကလည်း အလာတူးပြစ်မှုမျိုးဖြင့် ဖလော်ရီဒါတွင် အကျဉ်းကျခံရဖူးကြောင်း သိရသည်။
အက်စတိန်း၏ ပြစ်မှုဟောင်းများနှင့်ပတ်သက်၍ ယခုနှစ် ဇူလိုင်လတွင် အသစ်ပြန်၍ ကြားနာမှုများပြုလုပ်ခဲ့ခြင်းဖြစ်သည်။ အက်စတိန်း၏ ပြစ်မှုများနှင့်ပတ်သက်၍ ၂ဝဝ၈ ခုနှစ်တွင် ညှိနှိုင်းဆောင်ရွက်မှုပြုလုပ်ပေးခဲ့သည့် ထိုစဉ်က မိုင်ယာမီပြည်နယ် ရှေ့နေချုပ် အဖြစ်တာဝန်ယူခဲ့သည့် အမေရိကန်အလုပ်သမားဝန်ကြီးဟောင်း Alex Acosta သည် အက်စတိန်း၏ အမှုကိစ္စ တစ်ဖန်ပြန်လည် ပေါ်ပေါက်လာစဉ် ပြီးခဲ့သောလ အစောပိုင်းက ရာထူးမှ နုတ်ထွက်သွားခဲ့ကြောင်း သိရသည်။(Xinhua)",,,,,,
<urn:uuid:2f23231f-b0a0-4895-b35c-87fe26ad94c3>,"ဗွီအိုအေ မြန်မာနံနက်ခင်း၊ သြဂုတ် ၁၆၊ ၂၀၂၂။
ဒေါ်အောင်ဆန်းစုကြည် ထောင်ဒဏ်ချမှတ်မှု EU ရှုတ်ချ၊ သန်းနဲ့ချီတဲ့ အာဖဂန်ပြည်သူတွေ အငတ်ဘေးကြုံရနိုင်ဖွယ်ရှိ ှ့စတဲ့သတင်းတွေနဲ့ ကော့ကရိတ် မြို့မရဲစခန်း KNU ဝင်တိုက်တာ စတဲ့- သတင်းဆောင်းပါးတွေကိုလည်းတင်ပြဖို့ရှိပါတယ်။ သတင်းထောက်မှတ်စု၊ စီးပွါးရေး၊ Blogger တွေပြောသမ ျှနဲ့ သက်တန့်ရောင်သတင်းလွှာအစီအစဉ်တွေကိုလည်းထုတ်လွှင့်တင်ဆက်ပေးပါမယ်။
ဗွီဒီယို ကြည့်ရှုရန်
-
၂၈ မေ၊ ၂၀၂၃
မေလ ၂၈၊ ၂၀၂၃ ဗွီအိုအေ မြန်မာညချမ်း
-
၂၈ မေ၊ ၂၀၂၃
ဗွီအိုအေ မြန်မာနံနက်ခင်း မေလ ၂၈ ရက် ၂၀၂၃
-
၂၇ မေ၊ ၂၀၂၃
ဗွီအိုအေ မြန်မာညချမ်း (မေလ ၂၇၊ ၂၀၂၃)
-
၂၇ မေ၊ ၂၀၂၃
ဗွီအိုအေ မြန်မာနံနက်ခင်း မေလ ၂၇ ရက် ၂၀၂၃
-
၂၆ မေ၊ ၂၀၂၃
ဗွီအိုအေ မြန်မာညချမ်း မေ ၂၆၊ ၂၀၂၃
-
၂၆ မေ၊ ၂၀၂၃
ဗွီအိုအေမြန်မာနံနက်ခင်း မေ၂၆၊၂၀၂၃",,,,,,
<urn:uuid:728cf979-6716-4fa6-b3b0-3039f88a35ca>,"ဧရာမ ကြယ်နီ
ဧရာမ ကြယ်နီဆိုသည်မှာ အလွန်ကြီးမားသော ကြယ် အမျိုးအစား ဖြစ်ပြီး နေ ၏ တဝက်မှ ဆယ်ဆလောက်ထိ လေးလံ နိုင်သည်။ ဧရာမကြယ်နီ ဟူသော အမည်ကို ပေးရခြင်းမှာ ထိုကြယ်များသည် အနီရောင် ရှိပြီး အလွန်ပင် ကြီးမားသော ကြောင့် ဖြစ်သည်။ ဧရာမကြယ်နီ အများအပြားမှာ ကျွန်ုပ်တို့၏ နေ ကဲ့သို့သော ကြယ်ပေါင်း ထောင်ပေါင်းများစွာကို အထဲတွင် ထည့်သွင်း ထားနိုင်လောက်အောင် ကြီးမားသည်။ မီရာ၊ အယ်လ်ဒီဘာရန်၊ အာကျူးရပ်စ်၊ ဂမ်မာ ခရူးဆစ် စသည်တို့မှာ ဧရာမကြယ်နီ အချို့တို့၏ အမည်များ ဖြစ်သည်။
ယခုလက်ရှိ အခြေအနေတွင် ကျွန်ုပ်တို့၏ နေမှာ ပင်မအစီအစဉ် အတွင်းရှိ ကြယ် အဖြစ် ရှိနေသည်။ သို့သော် ယခုမှ စ၍ နှစ်ပေါင်း ၅ ဘီလီယံမျှ ကြာသော အခါတွင် သိပ္ပံပညာရှင်တို့က နေသည် ဧရာမ ကြယ်နီ အဖြစ် ပြောင်းလဲသွားမည်ဟု ယူဆကြသည်။ နေသည် ယခုလက်ရှိ ထက် အဆ ၂၀၀ မျှ ပိုကြီးလာမည် ဖြစ်သည်။ ထို့ကြောင့် နေသည် မာကျူရီဂြိုဟ်၊ ဗီးနပ်စ်ဂြိုဟ် နှင့် ကမ္ဘာတို့ကို ဝါးမျိုပစ်လိမ့်မည်ဟု ယူဆရသည်။",,,,,,
<urn:uuid:e04ee775-7359-4c68-86d1-8703e8b36340>,"ေ၀ါ့ဒစ္စေနးရဲ႕ မာစတာပိစ္ တစ္ခုလာပါျပီဗ်ာ။ ကေလးတုန္းကတည္းက အသဲစြဲ ကာတြန္းေလးပါ။ IMDb 8.5 ရထားပါတယ္။ ဇာတ္လမ္းအက်ဥ္းမွာေတာ့ ေတာဘုရင္ျခေသၤၾကီး မူဖာဆာ မွာ စင္ဘာဆိုတဲ့ သားေလးေမြးဖြားလာျပီး သူ႕ေနရာကို တစ္ေနဆက္ခံခြင့္ေပးဖို႕ လ်ာထားခဲ့ပါတယ္။ အဲဒါကို မေက်နပ္တဲ့ စင္ဘာရဲ႕ ဦးေလး မူဖာဆာရဲ႕ ညီက ေခြးအေတြနဲ႕ ေပါင္းျပီး မူဖာဆာကို လုပ္ၾကံျပီး စင္ဘာေလး
ကို သူ႕အျပစ္လို႕ထင္ေအာင္လုပ္ျပီးအေ၀းၾကီးကို ထြက္သြားေစခဲ့ပါတယ္။ အဲဒီေနာက္မွာ ေခြးအေတြကို ျခေသၤ့ေတြနဲ႕ေပါင္းေနေစျပီး ေတာအုပ္ၾကီးတစ္ခုလံုး ဒုကၡေရာက္ေနတဲ့အခ်ိန္မွာ အကူညီရွာဖို႕ထြက္လာတဲ့ ျခေသၤမငယ္သူငယ္ခ်င္းနဲ႕ အတိတ္ကေန ထြက္ေျပးေနတဲ့ စင္ဘာေတြ႕ ျပန္ေတြ႕ၾကတဲ့အခါမွာ…….
Credit Review
Channel M-Sub မှ ဇာတ်လမ်းများ Series များကို Telegram နှင့် အခြား Mobile App Tv App များတွင် ReUpload ပြုလုပ်ခြင်းခွင့်မပြုပါ။ Channel M-Sub Android App , Website များတွင် Download ရယူခြင်းဖြင့်ရေရှည်ရပ်တည်နိုင်ရန်ကူညီပေးဖို့မေတ္တာရပ်ခံပါသည်။",,,,,,
<urn:uuid:97c364ca-3925-4a41-af74-df21c39fc1be>,"ပင်မမီနူးကို ဖွင့်ရန်
ပင်မ
ကျပန်း
အကောင့်ဝင်ရန်
အပြင်အဆင်များ
လှူဒါန်းမှု
ဝစ်ရှင်နရီ အကြောင်း
သတိပြုစရာများ
ရှာဖွေရန်
consider
ဘာသာစကား
စောင့်ကြည့်ရန်
ပြင်ဆင်
အင်္ဂလိပ်
ဝီကီပီးဒီးယား
တွင် ဤအမည်ဖြင့် ဆောင်းပါးတစ်ပုဒ် ရှိသည်။
consider
Wikipedia
en
အင်္ဂလိပ်
ပြင်ဆင်
noicon
(
file
)
ကြိယာ
ပြင်ဆင်
ဆင်ခြင်သည် ၊ to
ponder
upon
ထောက်ညှာသည် ၊ to have
regard
to
ထိုက်လျောက်အောင်ပြုသည် ၊ to
requite
, to
reward
ဆန့်ကျင်ဘက်
ပြင်ဆင်
""
https://my.wiktionary.org/w/index.php?title=consider&oldid=771148
"" မှ ရယူရန်",,,,,,
<urn:uuid:3cc93f3b-e24b-48f5-ae5a-8daa23198056>,"မွန်အမျိုးသားအဆင့် နိုင်ငံရေးဆွေးနွေးပွဲ အခက်အခဲများကြောင့် ရက်ရွှေ့ဆိုင်းရန် တင်ပြ
မွန်ပြည်သစ်ပါတီ (NMSP) အနေဖြင့် မွန်ပြည်နယ် အမျိုးသားအဆင့် နိုင်ငံရေးဆွေးနွေးပွဲများပြုလုပ်ရန် ကိစ္စကို အခက်အခဲများ ကြုံတွေ့နေ၍ ရက်ရွှေ့ဆိုင်းလိုကြောင်း ပြည်ထောင်စု ငြိမ်းချမ်းရေးဆွေးနွေးမှု ပူးတွဲကော်မတီ (UPDJC) ထံသို့ မတ်လ ၂၆ ရက် နေ့က အီးမေးမှ တဆင့် အကြောင်းကြားထားကြောင်း သတင်းရရှိသည်။
မွန်ပြည်သစ်ပါတီအနေဖြင့် အမျိုးသားအဆင့် နိုင်ငံရေးဆွေးနွေးပွဲများကို ယခုနှစ် ဧပြီလထဲတွင် လုပ်ဆောင်ရန် မူလက လျာထားသော်လည်း ထိုပွဲများပြုလုပ်ရန် တပ်မတော်မှ လူဦးရေးကန့်သတ်မှုများ ပြုလုပ်နေ၍ ဆွေးနွေးပွဲများ ပြုလုပ်ရန် အခက်အခဲများ ရှိနေသဖြင့် မေလထဲသို့ ရက်ရွှေ့ဆိုင်းလိုကြောင်း တင်ပြထားခြင်းဖြစ်သည်ဟုဆိုသည်။
မွန်ပြည်သစ်ပါတီ ဗဟိုကော်မတီဝင် နိုင်ဝင်းလှ က “လက်ရှိ မကျင်းပဖြစ်တဲ့အတွက် အမျိုးသားအဆင့် နိုင်ငံရေးဆွေးနွေးပွဲကို ရက်ရွှေ့ချင်တဲ့အကြောင်းပေါ့ UPDJC ကို ဒါက တင်ဖြစ်မယ်လေ၊ လက်ရှိ အီးမေးနဲ့ ကြိုပို့ထားတယ်” ဟု ဧရာဝတီသို့ ပြောသည်။
မွန်ပြည်သစ် ပါတီအနေဖြင့် မွန်ပြည်နယ်တွင် အမျိုးသားအဆင့် နိုင်ငံရေးဆွေးနွေးပွဲ ကျင်းပနိုင်ရန် ဒေသခံလူထုများနှင့် ဆွေးနွေးပွဲများ ဆောင်ရွက်ရန် စီစဉ်ခဲ့ကြရာ၌ တပ်မတော်ဘက်မှ ကန့်သတ်မှုများ ရှိခဲ့ကြောင်း မွန်ပြည်နယ်လွှတ်တော် ဒုတိယ ဥက္ကဋ္ဌ ဒေါက်တာ အောင်နိုင်ဦးကလည်း မတ်လ ၂၃ ရက်နေ့က ပြုလုပ်သော ဒုတိယ အကြိမ် မွန်ပြည်နယ် လွှတ်တော်တွင် ဆွေးနွေးသွားခဲ့သည်။
မွန်ပြည်သစ်ပါတီအနေဖြင့် လူထုတွေ့ဆုံပွဲ ပြုလုပ်ရာတွင် တပ်မတော်ဘက်မှ ဖုန်းဖြင့်ဆက်သွယ်၍ လူဦးရေ ၃၀ ထက်မပိုရန် ကန့်သတ်မှုများ ရှိခဲ့သည်ဟု ကြားသိရသဖြင့် မွန်လူထုအကြား ဂယက်ရိုက်ခတ်စေခဲ့ခြင်းအပေါ် ပစ်ခတ်တိုက်ခိုက်မှု ရပ်စဲရေး ဆိုင်ရာ ပူးတွဲစောင့်ကြည့်ရေး ကောမတီ (JMC) အနေဖြင့် ညှိနှိင်းမှုများကို ဆောင်ရွက်ပေးရန် တာဝန်ရှိကြောင်း ဒေါက်တာ အောင်နိုင်ဦး က ပြည်နယ်လွှတ်တော်သို့ တိုက်တွန်းအကြံပြု ဆွေးနွေးခဲ့သည်။
ဒေါက်တာ အောင်နိုင်ဦး က “မွန်ပြည်သစ်ပါတီ အနေနဲ့ ပြည်နယ် အစိုးရအဖွဲ့နဲ့ UPDJC အဖွဲ့များထံသို့ ဆက်သွယ်ပြီး ညှိနှိင်းမှုပြုလုပ်ပေးဖို့ အသိပေးခဲ့ပါသော်လည်း ယနေ့အထိ အကြောင်းမပြန်ခဲ့တဲ့အတွက် လူထုတွေ့ဆုံပွဲကို မဆောင်ရွက်နိုင်ဘဲ ဖြစ်ခဲ့ရပါတယ်။ ဒါဟာ မပြေလည်များစွာကို ဖြစ်ပေါ်စေခဲ့ပါတယ်”ဟု ဆိုသည်။
မွန်ပြည်သစ်ပါတီအနေဖြင့် အမျိုးသားအဆင့် နိုင်ငံရေးဆွေးနွေးပွဲပြုလုပ်ခင် လူထုတွေ့ဆုံပွဲများအား ကျယ်ကျယ်ပြန့်ပြန့် ပြုလုပ်လိုခြင်းမှာ NCA နှင့်ဆိုင်သည့် ကိစ္စရပ်များနှင့် ရှေ့လုပ်ငန်းစဉ်များကို ပြည်သူလူထု ရှင်းပြပေးရန်သာ ဖြစ်ကြောင်း နိုင်ဝင်းလှ က ပြောသည်။
နိုင်ဝင်းလှ က “တချို့နေရာမှာကျတော့ တပ်ဘက်က လူအင်အားများတယ် ဆိုပြီးတော့ ကန့်သတ်ထားတဲ့ သဘောပေါ့လေ။ အဲဒီတော့ လူထုပါဝင်မှု၊ လူထုပူးပေါင်းမှု မရှိနိုင်ဘူးဆိုပြီးတော့ ကျနော်တို့က လူထုပါဝင်လာနိုင်အောင် ညှိနိုင်နေတဲ့ အနေထား ရှိတယ်။ သူတို့ကတော့ ဦးရေ ၃၀ ထက်မကျော်ပါစေနဲ့ ဆိုတဲ့သဘောပေါ့” ဟု ၎င်းက ဆိုသည်။
“ဟိုတုန်းကကျတော့ အကန့်အသတ်တွေ မရှိခဲ့ဘူးလေ။ အခုကျမှပဲ အကန့်အသက်တွေရှိနေတာ့ ကျနော်တို့ လည်း စဉ်းစားရ ခက်နေတယ်။ အစိုးရဘက်ရော၊ တပ်ဘက်ကရော အဆင်ပြေအောင်ဆိုပြီးတော့ ကျနော်တို့ဆန္ဒကို အောင့်အီးမြိုသိပ်ပြီးတော့ မွန်ပြည်သစ်တပ်စခန်း ၅ နေရာမှာလုပ်မယ်” ဟု သူကဆက်ပြောသည်။
နိုင်ငံရေးဆွေးနွေးမှုဆိုင်ရာမူဘောင်ပါ နိုင်ငံရေးဆွေးနွေးပွဲဆိုင်ရာ မှုဝါဒများ၊ အမျိုးသားအဆင့် နိုင်ငံရေး ဆွေးနွေးပွဲဆိုင်ရာ လုပ်ငန်းလမ်းညွှန်များ၊ လုပ်ထုံးလုပ်နည်းများနှင့် အညီ လူမျိုးကိုအခြေခံသည့် အမျိုးသားအဆင့် နိုင်ငံရေးဆွေးနွေးပွဲကို မွန်ပြည်နယ်တွင် ကျင်းပနိုင်ရန်အတွက် ၉ ဦးပါဝင်သည် မွန်ပြည်နယ် အမျိုးသားအဆင့် နိုင်ငံရေးဆွေးနွေးပွဲ ကြီးကြပ်မှု ကော်မတီကို မတ် ၂၃ ရက်တွင် ပြည်ထောင်စု ငြိမ်းချမ်းရေး ဆွေးနွေးမှု ပူးတွဲကော်တီ ဥက္ကဋ္ဌ ဒေါ်အောင်ဆန်းစုကြည် က ဖွဲ့စည်းပေးခဲ့သည်။
ယင်းကော်မတီထဲတွင် မွန်ပြည်နယ် အစိုးရဘက်မှ တိုင်းရင်းသား လူမျိုးရေးရာဝန်ကြီး ဒေါ်စံဝင့်ခိုင်၊ တပ်မတော်ဘက်မှ ဗိုလ်မှူးကြီး တင်ထွဋ်၊ ပြည်သူ့လွှတ်တော် ကိုယ်စားလှယ်ထဲမှ ဒေါက်တာခင်ဆောင်၊ တိုင်းရင်းသားလက်နက်ကိုင် အဖွဲ့အစည်းများထဲမှ နိုင်ဝင်းလှ၊ နိုင်အောင်မငေး၊ ပဒိုစောလှထွန်းနှင့် နိုင်ငံရေးပါတီများထဲမှ ဒေါက်တာ အောင်ထွန်းခိုင်၊ မင်းကျော်ဇေယျာဦး၊ ဦးချမ်းမြင့်တို့ဖြင့် ဖွဲ့စည်းခဲ့ခြင်းဖြစ်သည်။
မွန်ပြည်သစ်ပါတီ (NMSP) သည် ညီညွတ်သောတိုင်းရင်းသားလူမျိုးများ ဖက်ဒရယ်ကောင်စီ (UNFC) တပ်ပေါင်းစု အဖွဲ့ဝင် အဖွဲ့အစည်းတဖွဲ့ ဖြစ်ပြီး ယခုနှစ် ဖေဖော်ဝါရီ ၁၃ ရက်နေ့တွင် လားဟူဒီမိုကရက်တစ် အစည်းအရုံး (LDU) နှင့်အတူ အစိုးရနှင့် တနိုင်ငံလုံး ပစ်ခတ်တိုက်ခိုက်မှု ရပ်စဲရေး သဘောတူစာချုပ် (NCA) ကိုလက်မှတ်ရေးထိုးခဲ့သည်။",,,,,,
<urn:uuid:e7e34bee-e6cc-4462-a176-f7970e081dbc>,"Videos
SCO အစည်းအဝေး မီဒီယာစင်တာတွင် နောက်ဆုံးပေါ်နည်းပညာများဖြင့် စီစဉ်ပေးခဲ့
ချင်းသောင်၊ ဇွန် ၁၁ ရက်(ဆင်ဟွာ)
တရုတ်နိုင်ငံအရှေ့ပိုင်းချင်းသောင်တွင် ဇွန်လ ၉ ရက်နှင့် ၁ဝ ရက်နေ့တို့တွင် ကျင်းပခဲ့သည့် ၁၈ ကြိမ်မြောက်ရှန်ဟိုင်းပူးပေါင်းဆောင်ရွက်မှုအဖွဲ့အစည်း SCO အစည်းအဝေးများတွင် သတင်းရယူနိုင်ရန် ကမ္ဘာတစ်ဝန်းမှ သတင်းမီဒီယာများတက်ရောက်ခဲ့ကြသည်။ သတင်းမီဒီယာများအတွက် စီစဉ်ထားသည့် မီဒီယာစင်တာတွင် နောက်ဆုံးပေါ်နည်းပညာများဖြင့် သတင်းရယူရာတွင် အစဉ်ပြေချောမွေ့စေရန်စီစဉ်ပေးထားခဲ့ကြောင်း သိရသည်။(Xinhua)
Continue Reading",,,,,,
<urn:uuid:eb48a898-c2e6-4bb3-a166-35285d0b70d6>,"ေအာက္တြင္ အဂၤလိပ္ဘာသာေျပာဆိုသူမ်ားသုံးေလ့ရွိေသာ အာေမဍိတ္စာရင္းတစ္ခုကို တင္ျပလိုက္ပါတယ္။ အာေမဍိတ္ဆိုတာကေတာ့ Aha ႏွင့္ Wow ကဲ့သို႔ေသာ သဒၵါအရ အဓိပၸါယ္မရွိေသာ္လည္း စိတ္ခံစားခ်က္မ်ားကို ေဖာ္ျပေသာ စကားလံုးမ်ားျဖစ္ပါတယ္။
အာေမဋိတ္အမ်ားစုကို aaaaaah!!!!! သို႔ awwwwwwww ကဲ့သို႔ ၄င္း၏ အသံအတိုင္း ဆြဲဆန္႔ၿပီး ရွည္ရွည္ဆိုပါက ပို၍ အားေကာင္းေစပါ တယ္။ ဤစာရင္း၌ အတိုဆံုးႏွင့္ အေျခခံအက်ဆံုး အာေမဋိတ္စကားလံုးမ်ားကို ေဖာ္ျပထားပါတယ္။ တခ်ဳိ႕ကို မတူေသာအဓိပၸါယ္မ်ားႏွင့္ ႏွစ္ႀကိမ္ သံုးႀကိမ္ခန္႔ ေဖာ္ျပထားၿပီး တျခားေသာ ေရးသြင္းခ်က္ေအာက္တြင္ ကြဲျပားေသာ စာလံုးေပါင္းအေနႏွင့္ ေဖာ္ျပထားပါတယ္။
၁။ aah! (အျခား ဆင္တူစကားလုံး - aaah, aaaahh)
ကူပါ/ကယ္ပါ။ ေၾကာက္လန္႔ျခင္း၊ ထိပ္လန္႔ျခင္း၊ တစ္ခါတစ္ရံက်ေတာ့ ""အား""လို႔ပဲ အဓိပၸါယ္ရတယ္။
၂။ aha (အျခား ဆင္တူစကားလုံး - a-ha)
နားလည္ၿပီ။ နားလည္ျခင္း၊ ေအာင္ပြဲခံျခင္းကို ""ahh"" ဟုသံုးႏိုင္ပါတယ္။
၃။ ahem
ေက်းဇူးျပဳ၍ နားဆင္ပါ။ လူတစ္ဦးတစ္ေယာက္၏ လည္ေခ်ာင္းရွင္းသံ။ တစ္စံုတစ္ေယာက္၏အာရံုကို ရယူုရန္ အသံုးျပဳသည္။ အထူးသျဖင့္ ထိုသူက သင္ရွိေနတာကို မသိလွ်င္ (သို႔) ေမ့ေနပံုေပၚလွ်င္ ျဖစ္ပါတယ္။
၄။ Ahh (အျခား ဆင္တူစကားလုံး - Ahhh)
ဟုတ္ၿပီ၊ နားလည္ၿပီ။ သေဘာေပါက္ျခင္း၊ နားလည္ျခင္း။ တစ္ခါတစ္ရံက်ေတာ့ ၄င္းတို႔အစား ""aaah"" (သို႔) ""eh"" ဟု အဓိပၸါယ္ရပါတယ္။
၅။ Argh (အျခား ဆင္တူစကားလုံး - Augh)
ဒုကၡပဲ ။ စိတ္အေႏွာင့္အယွက္ျဖစ္ျခင္း၊ ေဒါသျဖစ္ျခင္း၊ စိတ္ပ်က္စရာေကာင္းျခင္းကို ""Argh"" ဟုသံုးႏိုင္ပါတယ္။
၆။ Aww (အျခား ဆင္တူစကားလုံး - aw, awww)
ခ်စ္စရာေကာင္းလိုက္တာ။ သံေယာဇဥ္ႏွင့္ယွဥ္ေသာ သေဘာက်ျခင္းကို ""Aww"" ဟုသံုးႏိုင္ပါတယ္။
၇။ Aww (အျခား ဆင္တူစကားလုံး - aw, ohh, ahh)
ဆိုးလိုက္တာ။ တစ္စံုတစ္ေယာက္အေပၚ သနားျခင္း၊ ကရုဏာသက္ျခင္းကို ""Aww"" ဟုသံုးႏိုင္ပါတယ္။
၈။ Aw (အျခား ဆင္တူစကားလုံး - Oh)
လုပ္စမ္းပါကြာ။ အနည္းငယ္စိတ္ပ်က္ျခင္း၊ (သို႔) ကန္႔ကြက္ျခင္းကို ""Aw"" ဟုသံုးႏိုင္ပါတယ္။
၉။ Bah (အျခား ဆင္တူစကားလုံး - Whatever)
ဘာပဲျဖစ္ျဖစ္။ အထင္အျမင္ေသးျခင္း၊ စိတ္တိုျခင္းကို ""Bah"" ဟုသံုးႏိုင္ပါတယ္။
၁၀။ Boo (အျခား ဆင္တူစကားလုံး - Booh)
အဲဒါ ဆိုးလိုက္တာ။ သေဘာမက်ျခင္း၊ အထင္ေသးျခင္းကို ""Boo"" ဟုသံုးႏိုင္ပါတယ္။
Vidarholen.net မွ Dictionary of interjections ကို ကိုးကားဘာသာျပန္ဆိုထားျခင္းျဖစ္ပါတယ္။
မူရင္းသင္ခန္းစာကို ဤေနရာတြင္ ဖတ္႐ႈႏိုင္ပါတယ္။
Related Links:
အာေမဍိိတ္ အဘိဓာန္ - အပိုင္း (၁)
အာေမဍိိတ္ အဘိဓာန္ - အပိုင္း (၂)
အာေမဍိိတ္ အဘိဓာန္ - အပိုင္း (၃)
အာေမဍိိတ္ အဘိဓာန္ - အပိုင္း (၄)
အာေမဍိိတ္ အဘိဓာန္ - အပိုင္း (၅)
အာေမဍိိတ္ အဘိဓာန္ - အပိုင္း (၆)
အာေမဍိိတ္ အဘိဓာန္ - အပိုင္း (၇)
အျခားသင္ခန္းစာမ်ား ဖတ္႐ႈ ေလ့လာရန္ link - http://www.myanmar-network.net/page/index-of-articles-and-english-lessons
[ Myanmar Network အသင္းဝင္ထားျခင္းျဖင့္ ရရွိမည့္ အက်ိဳးေက်းဇူးမ်ား ]
- အဂၤလိပ္စာသင္ခန္းစာႏွင့္ အလုပ္ေခၚစာအသစ္မ်ား၊ UK စာေမးပြဲ သတင္းမ်ား ႏွင့္ အဂၤလိပ္စာသင္တန္း သတင္းမ်ားကို အသင္းဝင္မ်ားထံသာလွ်င္ e-mail ျဖင့္ အေၾကာင္းၾကားေပးမွာ ျဖစ္ပါသည္။
- ျဗိတိသွ်ေကာင္စီမွ ၾကီးမႉးက်င္းပေသာ ပြဲမ်ားကို အသင္းဝင္မ်ားသာ ၾကိဳတင္သိရွိျပီး အသင္းဝင္မဟုတ္သူမ်ားထက္ေစာ၍ စာရင္းေပးသြင္းႏိုင္ပါသည္။
- Myanmar Network ဝက္ဆိုက္ဒ္တြင္ အသင္းဝင္မ်ားသာလွ်င္ like ႏွင့္ comment ေပးႏိုင္မည္ျဖစ္သည္။
- စကားဝိုင္းမ်ား (Forum မ်ားတြင္)ႏွင့္ အလုပ္ေခၚစာမ်ားကိုလည္း ကိုယ္တိုင္ဝင္ေရာက္ေရးသားႏိုင္ပါသည္။
- အသင္းဝင္မ်ားတြင္ ကိုယ္ပိုင္ Profile Page ရွိမည္ျဖစ္ျပီး မိမိ၏ ဓာတ္ပံု၊ မိမိကိုယ္တိုင္႐ိုက္ထားေသာ ဓာတ္ပံုမ်ားႏွင့္ ဗီဒီယိုမ်ားလည္း တင္ႏိုင္မည္ ျဖစ္သည္။
- Join us now at - www.myanmar-network.net/main/authorization/signUp
Views: 860",,,,,,
<urn:uuid:f7ffaabb-774d-482a-a9e3-a69e94366a63>,"အဆိုပါ အစည်းအဝေးသို့ စာပေဗိမာန်စာမူဆုများ စိစစ်ရွေးချယ်ရေး ကော်မတီဝင်များဖြစ်ကြသည့် ဦးညွန့်တင် (မောင်ငြိမ်းသူ- ကြို့ပင်ကောက်)၊ ဦးအောင်သန်းဦး (ပုသိမ်အောင်သန်းဦး)နှင့် ဒေါက်တာမြင့်သန်း (ညောင်လေးပင်) တို့ တက်ရောက်ခဲ့ကြပါသည်။
အဆိုပါ အစည်းအဝေးသို့ အမျိုးသားစာပေဆု စိစစ်ရွေးချယ်ရေး ကော်မတီဝင်များဖြစ်ကြသည့် ၊ ဦးမောင်မောင်ဦး (ဟိန်းလတ်)၊ ဦးကြည်ဝင်း (လောကအမွန်)၊ ဒေါ်ခင်လေးညို (မြနှောင်းညို)နှင့် ဦးတိုးကျော် (စာတည်းမှူးချုပ်) တို့ တက်ရောက်ခဲ့ကြပါသည်။
အဆိုပါ အစည်းအဝေးသို့ အမျိုးသားစာပေဆု စိစစ်ရွေးချယ်ရေး ကော်မတီဝင်များဖြစ်ကြသည့် ဦးမောင်မောင်ဦး (ဟိန်းလတ်)၊ ဦးခင်မောင်အေး (KMA)၊ ဦးနေမျိုးနိုင်နှင့် ဦးတိုးကျော် (စာတည်းမှူးချုပ်) တို့ တက်ရောက်ခဲ့ကြပါသည်။
အဆိုပါ အစည်းအဝေးသို့ အမျိုးသားစာပေဆု စိစစ်ရွေးချယ်ရေး ကော်မတီဝင်များဖြစ်ကြသည့် ဦးမောင်လှိုင် (မောင်ဆွေငယ်)၊ ဒေါက်တာတင်မောင်ထွန်း (ဒေါက်ထွေး-ဆေး/မန်း)၊ ဦးမောင်မောင်ဦး (ဟိန်းလတ်)နှင့် ဦးတိုးကျော် (စာတည်းမှူးချုပ်) တို့ တက်ရောက်ခဲ့ကြပါသည်။
အဆိုပါ အခမ်းအနားတွင် ညွှန်ကြားရေးမှူးချုပ် ဦးဝင်းကျော်အောင်က အဖွင့်အမှာစကား ပြောကြားကာ စာပေဗိမာန်မှ အရာထမ်း၊ အမှုထမ်းတို့၏ ရုံးလုပ်ငန်းဆိုင်ရာကိစ္စများ၊ ပုဂ္ဂိုလ်ရေး ဆိုင်ရာကိစ္စများ ဆန္ဒဖော်ထုတ်ပွဲကို အစီအစဉ်အတိုင်း ကျင်းပခဲ့ပါသည်။
ပြန်ကြားရေးဝန်ကြီးဌာန၊ ပုံနှိပ်ရေးနှင့်ထုတ်ဝေရေးဦးစီးဌာန၊ စာပေဗိမာန် ၇၅ နှစ်ပြည့် စိန်ရတု အထိမ်းအမှတ်အခမ်းအနားကို ၂၀၂၂ ခုနှစ်၊ ဩဂုတ်လ ၂၆ ရက် နံနက် ၁၀:၀၀ နာရီတွင် ကုန်သည်လမ်းရှိ အမှတ် ၅၂၉-၅၃၁ ၃၇ စာပေဗိမာန်ရုံး စုပေါင်းခန်းမ၌ ကျင်းပခဲ့ပါသည်။
အခမ်းအနားတွင် ဗိုလ်တထောင်မြို့နယ်၊ မင်္ဂလာရာမပါဠိတက္ကသိုလ် နာယကဆရာတော် ဦးကုသလ (ဓမ္မာစရိယ) အမှူးပြုသော ဆရာတော်အရှင်သူမြတ် သုံးပါးအား ပင့်ဖိတ်၍ စာပေဗိမာန်ရုံး၊ စာတည်းမှူးချုပ် ဦးတိုးကျော်နှင့် စာပေဗိမာန်ရုံးမှ အရာထမ်း၊ အမှုထမ်းတို့က လှူဖွယ်ဝတ္ထုအစုစုတို့ကို ဆက်ကပ်လှူဒါန်းခဲ့ပါသည်။
ဟောပြောပွဲမစတင်မီ စာပေဗိမာန်ရုံး စာတည်းမှူးချုပ် ဦးတိုးကျော်က အမှာစကားပြောကြားခဲ့ သည်။ ယင်းနောက် အဟောပြောပွဲကို နံနက်ပိုင်း အစီအစဉ်နှင့် နေ့ပိုင်းအစီအစဉ်အဖြစ် အစီအစဉ် နှစ်ရပ်ခွဲကာ ဆက်လက်ကျင်းပခဲ့ပါသည်။
ဟောပြောပွဲမစတင်မီ စာပေဗိမာန်ရုံး စာတည်းမှူးချုပ် ဦးတိုးကျော်က အမှာစကားပြောကြားခဲ့ သည်။ ယင်းနောက် အဟောပြောပွဲကို နံနက်ပိုင်း အစီအစဉ်နှင့် နေ့ပိုင်းအစီအစဉ်အဖြစ် အစီအစဉ် နှစ်ရပ်ခွဲကာ ဆက်လက်ကျင်းပခဲ့ပါသည်။
စာပေဗိမာန်ရုံး၊ စီမံရေးရာဌာနမှ နေပြည်တော် (ရုံးချုပ်) စီမံရေးရာဌာနသို့ ပြောင်းရွှေ့တာဝန်ထမ်းဆောင်မည့် ဒေါ်ခင်မမ (လက်ထောက်ညွှန်ကြားရေးမှူး) အား ဂုဏ်ပြုနှုတ်ဆက်ပွဲ အခမ်းအနားကို ၂၀၂၂ ခုနှစ်၊ ဩဂုတ်လ ၂၂ ရက် နေ့လယ် ၃ : ၃၀ နာရီက ရန်ကုန်မြို့၊ ကုန်သည်လမ်းရှိ စာပေဗိမာန်ရုံး အစည်းအဝေးခန်းမ၌ ကျင်းပခဲ့သည်။
၂၀၂၁ ခုနှစ်အတွက် အမျိုးသားစာပေဆု စိစစ်ရွေးချယ်ရာတွင် ထည့်သွင်း စဉ်းစားနိုင်ရေးအတွက် စာပေဆုများ အုပ်ချုပ်ထောက်ပံ့မှုကော်မတီရုံး စာပေဗိမာန်သို့ စာအုပ်များ ပေးပို့ကြရန် စာရေးသူ၊ ပုံနှိပ်သူနှင့် ထုတ်ဝေဖြန့်ချိသူများနှင့် ပြည်သူများကို နိုင်ငံပိုင်သတင်းစာများ၊ မြန်မာ့အသံနှင့် ရုပ်မြင် သံကြားသတင်းဌာနများမှတစ်ဆင့် မေတ္တာရပ်ခံ နှိုးဆော်ခဲ့ပါသည်။
၂၀၂၁ ခုနှစ်အတွက် အမျိုးသားစာပေဆု စိစစ်ရွေးချယ်ရာတွင် ထည့်သွင်းစဉ်းစားနိုင်ရေး ၂၀၂၂ ခုနှစ် အတွင်း ပထမအကြိမ်ထုတ် စာအုပ်များကို စာပေဆုများ အုပ်ချုပ်ထောက်ပံ့မှုကော်မတီရုံး စာပေဗိမာန်သို့ ပေးပို့ကြရန် စာရေးသူ၊ ပုံနှိပ်သူနှင့် ထုတ်ဝေဖြန့်ချိသူများနှင့် ပြည်သူများကို နိုင်ငံပိုင်သတင်းစာများ၊ မြန်မာ့အသံနှင့် ရုပ်မြင်သံကြားသတင်းဌာနများမှတစ်ဆင့် မေတ္တာရပ်ခံ နှိုးဆော်ခဲ့ပါသည်။
အစည်းအဝေးတွင် ၂၀၂၁ ခုနှစ်အတွင်း ထုတ်ဝေခဲ့သော သက်ဆိုင်ရာဘာသာရပ်အလိုက် ပေးပို့လာသည့် စာအုပ်များကို စိစစ်ဖတ်ရှုနေမှု အခြေအနေများနှင့် ပတ်သက်၍ တက်ရောက်လာသူများက ဆွေးနွေးကြကြောင်း သိရသည်။
အစည်းအဝေးတွင် ၂၀၂၁ ခုနှစ်အတွင်း ထုတ်ဝေခဲ့သော သက်ဆိုင်ရာဘာသာရပ်အလိုက် ပေးပို့လာသည့် စာအုပ်များကို စိစစ်ဖတ်ရှုနေမှု အခြေအနေများနှင့် ပတ်သက်၍ တက်ရောက်လာသူများက ဆွေးနွေးကြကြောင်း သိရသည်။
အစည်းအဝေးတွင် ၂၀၂၁ ခုနှစ်အတွင်း ထုတ်ဝေခဲ့သော သက်ဆိုင်ရာဘာသာရပ်အလိုက် ပေးပို့လာသည့် စာအုပ်များကို စိစစ်ဖတ်ရှုနေမှု အခြေအနေများနှင့် ပတ်သက်၍ တက်ရောက်လာသူများက ဆွေးနွေးကြကြောင်း သိရသည်။",,,,,,
<urn:uuid:1248da0d-4758-4485-a1ac-e23cde5df2b3>,"နေအိမ်
ထုတ်ကုန်များ
Actuators
ဟိုက်ဒရောလစ်ဆလင်ဒါ
Mini-Cylinder
သေးငယ်တဲ့ဆလင်ဒါ
အပ်ဆလင်ဒါ
စံဆလင်ဒါ
သေးငယ်တဲ့ထွင်းဖေါက်အရွယ်အစားဆလင်ဒါ
အလယ်အလတ် Bore အရွယ်အစားဆလင်ဒါ
ကြီးမားသောထွင်းဖေါက်အရွယ်အစားဆလင်ဒါ
Compact ဆလင်ဒါ
အခြားဆလင်ဒါ
တိုက်ရိုက် mounting ဆလင်ဒါ
ညှပ်ဆလင်ဒါ
အလင်းဆလင်ဒါ
ဆလင်ဒါလမ်းညွှန်
ဆလင်ဒါပိတ်ပါ
Air Chuck ဆလင်ဒါ
Rotary ညှပ်ဆလင်ဒါ
ရော့ခ်နှင့်ပင်ရင်းဆလင်ဒါ
Rotary Table Rock နှင့် Pinion ဆလင်ဒါ
အဆို့ဆလင်ဒါ
သံလိုက်နားချင်းဆက်မှီ Rodless ဆလင်ဒါ
Air-Hydra Converter
Booster ဆလင်ဒါ
ဆလိုက်ဆလင်ဒါ
အန္တရာယ်ကင်းရှင်းရေး Self- သော့ခတ်ဆလင်ဒါ
လီဗာညှပ်ဆလင်ဒါ
ဆလင်ဒါဆက်စပ်ပစ္စည်း
သံလိုက်ခလုတ်
ရေပေါ်လမ်းဆုံ
အဘိတ်ယူနစ်
အဓိကလမ်းလေကြောင်းအရင်းအမြစ်ကုသမှု
ရေခဲသေတ္တာလေထုအပူချိန်
လေနောက်မှာအအေးခံပါတယ်
ပိုက်လိုင်း filter
အဓိကလမ်း filter
ရေနံအခိုးအငွေ့ခွဲစက်
မိုက်ခရိုအခိုးအငွေ့ separator
အလွန်သေးငယ်သောရေနံအခိုးအငွေ့ခွဲစက်
Deodorizing filter ကို
အစိုဓာတ်ခွဲစက်
Pre-filter နှင့်အတူ Micro-mist separator
bracket
Port Clean Air စနစ်
FRL ပေါင်းစပ်
Air Filter
Regulator
ချောဆီ
Regulator ကို Regulator
အော်တိုယိုစီးမှု
စံ
ထိန်းချုပ်မှုအစိတ်အပိုင်းများ
2 Way Valve
တိုက်ရိုက်လည်ပတ် 2 Way ကို Sol ။ အဆို့ရှင်
ရှေ့ပြေးစမ်းသပ်မောင်းနှင်မှုသည် 2 Way Water Sol ။ အဆို့ရှင်
Pilot သည် 2 Way Steam Sol ကိုအသုံးပြုခဲ့သည်။ အဆို့ရှင်
3 Way Valve
တိုက်ရိုက် Operated 3 Way ကို Sol ။ အဆို့ရှင်
Pilot သည် 3 Way Sol ဖြစ်သည်။ အဆို့ရှင်
5 Way Valve
ရှေ့ပြေးစမ်းသပ်မောင်းနှင်မှုသည် 5 Way Sol ဖြစ်သည်။ အဆို့ရှင်
တိုက်ရိုက်လည်ပတ် 5 Way ကို Sol ။ အဆို့ရှင်
ထူးထူးခြားခြား
3 Way ထူးထူးခြားခြား
5 Way ထူးထူးခြားခြား
Namur အဆို့ရှင်
ရှေ့ပြေးစမ်းသပ်မောင်းနှင်မှုသည် 5 Way Sol ဖြစ်သည်။ Namur အဆို့ရှင်
လေထုလည်ပတ် Valve
3 Way ကိုလေထုလည်ပတ် Valve
5 Way လေကြောင်းလိုင်းလည်ပတ် Valve
စက်မှုအဆို့ရှင်
3 Way စက်မှု Valve
5 Way စက်မှု Valve
နယူးစက်မှုအဆို့ရှင်
လေလည်ပတ်သော Angle Valve
ဆက်စပ်ပစ္စည်းများ
ဖုန်စုပ်စက်
ဖုန်စုပ်စက်
လေဟာနယ် Chuck
ဖိအား Switch-YSNS
Shock Absorber
အိပ်ဇောသန့်စင်
လျောက်ပတ်
2 Way အမျိုးအစား
3 Way အမျိုးအစား
Bulkhead အမျိုးအစား
Universal အမျိုးအစား
4/5 Way အမျိုးအစား
Socket အမျိုးအစား
မြန်နှုန်း Controller
ရပ်တန့်ခြင်းရပ်ပါ
Check Valve
မြန်နှုန်းမြင့်တော်လှန်ရေး
Rotary လျောက်ပတ်
Trachea
Polyureethane ပြွန်
Polyureethane ပိုက်ချည်ပိုက်
ဖုန်မှုန့်သေနတ်များမှုတ်
လက်ရှိကန့်သတ်
အမြန်ထွက်ပေါက်အဆို့ရှင်
Rotary ပူးတွဲ
ပလတ်စတစ်အမျိုးအစား
Sintered သတ္တု
မြန်နှုန်းမြင့် rotary ပူးတွဲ
Cable Veyor
သံမဏိကြိုးများ
ပလပ်စတစ် towline
မြန်နှုန်းမြင့်ပူးတွဲ
သတင်း
မကြာခဏမေးလေ့ရှိသောမေးခွန်းများ
ကိုယ်တို့အကြောင်း
စက်ရုံခရီးစဉ်
ကြှနျုပျတို့ကိုဆကျသှယျရနျ
အင်္ဂလိပ်
နေအိမ်
ထုတ်ကုန်များ
အဘိတ်ယူနစ်
Port Clean Air စနစ်
အော်တိုယိုစီးမှု
အော်တိုယိုစီးမှု
အင်္ဂလိပ်
ပြင်သစ်
ဂျာမန်
ပေါ်တူဂီ
စပိန်ဘာသာစကား
ရုရှား
ဂျပန်
ကိုရီးယား
အာရဗီ
အိုင်းရစ်ရှ်
ဂရိ
တူရကီ
အီတလီ
ဒိန်းမတ်
ရိုမေးနီးယား
အင်ဒိုနီးရှား
ချက်
အာဖရိကန်
ဆွီဒင်
ပိုလန်
Basque
ကက်တလန်
အက်စပရန်တို
ဟိန္ဒီ
လာအို
အယ်လ်ဘေးနီးယန်း
အမ်ဟာရစ်
အာမေနီယန်
အျောဇောဘိုငျဂြောနီ
ဘီလာရုစကား
ဘင်္ဂလီ
ဘော့စျနီးယား
ဘူဂေးရီးယား
Cebuano
Chichewa
Corsican
ခရိုအေရှန်
ဒတ်ချ်
အက်စ်တိုးနီးယားဘာသာစကား
ဖိလစ်ပိုင်
ဖင်နစ်ရှ်
Frisian
ဂါလာစီယံ
ဂျြောဂြီယနျ
ဂူဂျာရသီ
ဟာအီတီ
ဟာစာ
ဟာဝယေံ
ဟီဘရူး
မုံ
ဟနျဂရေီ
အိုက်စလန်
အစ်ဂဘို
ဂျာဗားနီးယား
ကန်နာဒါ
ကာဇတ်စတန်
ခမာ
ကဒ်
ခရူဂ
လက်တင်
လက်ဘီအံ
လစ်သူယေးနီးယား
လူဇမ်ဘူ ..
Macedonian
အာလာဂါစီ
မလေး
မလေးရာလမ်
Maltese
Maori
မာရသီ
မွန်ဂို
ဗမာ
နီပေါ
နော်ဝေ
ပါရှ်တို
ပါရှန်း
ပနျခြာပီ
ဆားဗီးယား
စိုတို
ဆငျဟာလ
စလိုဗက်
စလိုဗေးနီးယန်း
ဆိုမာလီ
Samoan
Scots Gaelic
Shona
စင်ဒီ
ဆူဒန်
ဆွာဟီလီ
တာဂျစ်ကစ္စတန်
တမီး
တီလီဂု
ထိုင်း
ယူကရိန်း
အူဒူ
Uzbek
ဗီယက်နမ်လူမျိုး
ဝလေ
ဇို
Yiddish
ရိုရုဘာ
ဇူလူ",,,,,,
<urn:uuid:6cab84ea-b118-409c-8614-6279b75cf87a>,"၂၀၁၂ နွေရာသီ အိုလံပစ်ပြိုင်ပွဲ
လန်ဒန် အိုလံပစ် ၂၀၁၂ (သို့) လန်ဒန် ၂၀၁၂ ကို ယူနိုက်တက် ကင်းဒမ်း ရှိ လန်ဒန်မြို့တော်တွင် ၂၇၊ ဇူလိုင်၊ ၂၀၁၂ မှ ၁၂၊ ဩဂုတ် ၂၀၁၂ အထိ ကျဉ်းပမည်ဖြစ်သည်။ ဖွင့်ပွဲကို လန်ဒန် ဂရင်းဝစ် စံတော်ချိန် ၂၁၀၀ နာရီတွင် စတင်ခဲ့ပြီး၊ဥရောပ ရုပ်သံလွှင့် သမဂ္ဂမှ ဥရောပ တခွင်တွင် အိုလံပစ်ပွဲတော်အား တိုက်ရိုက်ထုတ်လွှင့်ပေးခဲ့သည်။ ၎င်းအိုလံပစ် နွေရာသီ အားကစားပွဲတော်သည် ယူနိုက်တက် ကင်းဒမ်းနိုင်ငံတွင် တွင်သုံးကြိမ်မြောက် ကျဉ်းပခဲ့ခြင်းဖြစ်သည်။
မြန်မာနိုင်ငံမှ ဝင်ရောက် ယှဉ်ပြိုင်[ပြင်ဆင်ရန်]
လန်ဒန် အိုလံပစ် ပွဲတော်တွင် မြန်မာနိုင်ငံမှ အားကစားသမား ၆ဦး ဝင်ရောက်ယှဉ်ပြိုင်ခဲ့သည်။
- ကျား ၁၀မီတာ လေပစ်စတိုပစ်ပြိုင်ပွဲ- မောင်ကြူ (၄၄ယောက်ယှဉ်ပြိုင်ရာတွင် အဆင့် ၃၉ရရှိခဲ့)
- လှေလှော်ပြိုင်ပွဲ- ရွှေဇင်လတ်
- မြားပစ်ပြိုင်ပွဲ- နေမျိုးအောင်
- ပြေးခုန်ပစ် ပြိုင်ပွဲ မီတာ ၄၀၀- ကိုသက်ဇော်ဝင်း
- ဂျူဒို ပြိုင်ပွဲ- မအေးအေးအောင်
- မာရသွန်ပြိုင်ပွဲ- မနီလာဆန်း[၁][၂]
တို့မှ ဝင်ရောက်ယှဉ်ပြိုင်ခဲ့ကြသည်။[၃]",,,,,,
<urn:uuid:8d92c43a-289d-484a-9e40-e491156c0235>,"ရေခဲ
သန့်စင်သည့် ရေစစ်စစ်သည် သာမန်ဖိအားသာရှိလျှင် အပူချိန်စင်တီဂရိတ် သုညဒီဂရီ၊ သို့မဟုတ် ဖာရင်ဟိုက် ၃၂ ဒီဂရီသို့ ရောက်သောအခါတွင် ရေခဲအဖြစ်သို့ ပြောင်းသွား သည်။ ဆားပါသည့်ရေ ဖြစ်လျှင် ထိုအပူချိန်၌ မခဲသေးဘဲ စင်တီဂရိတ်နှစ်ဒီဂရီမျှ အောက်သို့လျော့ကျသွားမှ ခဲသည်။ အကယ်၍ ရေကို ခွက်တစ်ခုထဲ၌ ထည့်၍ အပေါ်မှ ဆီလောင်း ထားသောခွက်ကို ငြိမ်သက်စွာထားလျှင် ဖာရင်ဟိုက် ၁ဝ ဒီဂရီ သို့ရောက်သွားသည့်တိုင်အောင် ရေမခဲဘဲနေသည်ကို တွေ့ရ၏။ သို့သော် ခွက်ကို အနည်းငယ် လှုပ်ပေးလိုက်ရုံနှင့် ရေခဲသွား သည်ကို တွေ့ရမည်။ ရေခဲခြင်းမှာ ရေသည် အရည်အဖြစ်မှ ပုံဆောင်ခဲများအဖြစ်သို့ ပြောင်းလဲ၍ ထိုပုံဆောင်ခဲကလေးများ သိပ်သည်းစွာ စုစည်းပေါင်းစပ်ကြခြင်းပင် ဖြစ်သည်။ ရေခဲ၏ ပုံဆောင်ခဲများသည် အပ်ချောင်းပုံသဏ္ဌာန်ရှိပြီးလျှင် ခြောက် မြောင့် ရှိကြသည်။
အခြားအရာဝတ္ထုတို့နှင့် မတူသော ရေခဲ၏ ထူးခြားကွဲပြား သည့် အချက်မှာ အခြားအရည်တို့ထက် ခဲသွားသည့်အခါ၌ သိပ်သည်းသွားကြသော်လည်း ရေမှာမူ ခဲသွားသည့်အခါမှ ကြွထလာသောအချက် ဖြစ်သည်။ ရေ၏အသိပ်သည်းဆုံး အပူ ချိန်မှာ စင်တီဂရိတ် လေးဒီဂရီ ဖြစ်သည်။ ရေသည် ခဲသွား သည့်အခါ၌ ရေ၏အရွယ်ထုထက် ၁၁ ပုံ တစ်ပုံမျှ ကြွထလာ ၍ ရေထက်ပေါ့သွားသဖြင့် ရေပေါ်၌ ပေါလောပေါ်နေသည်။ ရေခဲကို သဘာဝအလျောက်သာ ရရှိနိုင်သည်မဟုတ်၊ စက်ကိရိယာတို့ဖြင့်လည်း လုပ်ယူနိုင်လေသည်။
ရေကို စက်ကိရိယာတို့ဖြင့် ခဲစေရာတွင် ရေသန့်သန့်ကို ထောင့်မှန်စတုဂံ သတ္တုခွက်များတွင် ထည့်ပေးရသည်။ သတ္တု ခွက်များ၏အရွယ်မှာ အဝမျိုးမျိုး ဖြစ်နိုင်သည်။ ထိုခွက်များတွင် အဖုံးများ မပါရှိစေရပေ။ပြီးလျှင် ထိုသတ္တုခွက်များကို ဆားရည် တွင် ချပေးရသည်။ ထိုနောက် ဆားရည်အတွင်းသို့ အမ်မိုနီယာ ရည်များကို ပိုက်များဖြင့် သွင်းပေးရသည်။ အမ်မိုနီယာရည် သည် လွန်စွာအေးသဖြင့် ဆားရည်မှ အပူများကို စုပ်ယူပြီး လျှင် အမ်မိုနီယာရည်ကို ဆူစေကာ အမ်မိုနီယာကို ဓာတ်ငွေ့ အဖြစ်နှင့် ပျံသွားစေသည်။ ဆားရည်၏အပူချိန်သည် ဖာရင် ဟိုက် ခြောက်ဒီဂရီနှင့် ၁၈ ဒီဂရီအတွင်း၌ ရှိသည်။ သတ္တု ခွက်များတွင် ထည့်ထားသော ရေများသည် ဘေးဘက်မှစ၍ ခဲကြသည်။ ထိုကြောင့် ရေခဲအဖြစ်နှင့် ကြွတက်သောအခါတွင် အပေါ်ဘက်သို့သာ ကြွတက်လေသည်။ သတ္တုခွက်များအတွင်းရှိ ရေများ ခဲသွားပြီးသောအခါ ထိုခွက်များကို စက်ဖြင့် မယူပြီး လျှင် ရေနွေးတွင် ချပေးသည်။ ထိုအခါ ရေခဲတုံးများသည် သတ္တုခွက်များအတွင်းမှ ကျွတ်ထွက်လာနိုင်ကြလေသည်။
ကိုးကား
- မြန်မာ့စွယ်စုံကျမ်း၊ အတွဲ(၁၁)",,,,,,
<urn:uuid:928c27b2-eaae-4e1b-80da-deed1c560e3f>,"Binance တွင် Crypto အရောင်းအ၀ယ်လုပ်ရန် နည်းလမ်းများ မည်မျှရှိသနည်း။ ကွာခြားချက်ကဘာလဲ
သင်၏ပထမဆုံး bitcoin ကိုဝယ်ယူခြင်းသည် ခက်ခဲသောအလုပ်တစ်ခုဟုထင်ရသော်လည်း သင်စိတ်မပူပါနှင့်။ ၎င်းသည် ရိုးရှင်း၊ လုံခြုံပြီး မြန်ဆန်သည်။ ဒါပေမယ့် မင်းရဲ့ပထမဆုံးဝယ်ယူမှုကို မလုပ်ဆောင်ခင်မှာ platform တစ်ခုကို ရွေးချယ်ဖို့ လိုပါတယ်။
အကောင်းဆုံးကတော့၊ ၎င်းကို အသုံးပြုရလွယ်ကူပြီး ငွေပေးချေမှုရွေးချယ်စရာများ၊ ပိုင်ဆိုင်မှုများနှင့် ငွေကြေးဆိုင်ရာ ထုတ်ကုန်အမြောက်အများပါရှိသင့်သည်။ ၎င်းတွင် နာမည်ကောင်း၊ ခိုင်မာသော လုံခြုံရေး မှတ်တမ်းတစ်ခုနှင့် ဤနေရာနှင့် အခြားအရာအချို့ ရှိသင့်သည်။ သင်ယုံကြည်နိုင်သော ငွေလဲလှယ်နှုန်းကို ရွေးချယ်နည်းကို ကျွန်ုပ်တို့ ယခင်က ရေးသားခဲ့ပြီးဖြစ်သော်လည်း သင်၏ ပထမဆုံး (သို့မဟုတ် နောက်တစ်ခု) crypto လဲလှယ်မှုကို ရွေးချယ်ရာတွင် အမှားအယွင်းများ မလုပ်မိစေရန် ရှောင်ရှားလိုပါက ၎င်းကို ဖတ်ရပါမည်။
Bitcoin နှင့် အခြားသော cryptos များကို ဝယ်ယူရန် သို့မဟုတ် ရောင်းဝယ်ရန် မတူညီသော နည်းလမ်းများရှိပြီး တစ်ခုစီတွင် ၎င်း၏ အားသာချက်များနှင့် အားနည်းချက်များရှိသည်။ လူကြိုက်အများဆုံးအချို့မှာ ရိုးရာဗဟိုပြုလဲလှယ်မှုများ (CEX)၊ P2P ပလပ်ဖောင်းများ၊ bitcoin ATM စက်များနှင့် ဗဟိုချုပ်ကိုင်မှုလျှော့ချထားသော လဲလှယ်မှုများ (DEX) တို့ဖြစ်သည်။
ဤဆောင်းပါးတွင်၊ ကျွန်ုပ်တို့သည် ပထမနှစ်ချက်ကို အာရုံစိုက်ပါမည်။",,,,,,
<urn:uuid:65028e4a-2007-4d96-8d22-ee9ad388505f>,"ကိုဗစ်ကပ်ဘေးကာလအတွင်း ထားဝယ်သုသာန်တွင် ကိုဗစ်နာရေးအလောင်း ခြောက်ရာကျော်ကို မီးရှို့သင်္ဂြိုဟ်ခဲ့ရကြောင်း နာရေးကူညီမှု (ထားဝယ်) ထံမှ သိရသည်။
ကိုဗစ်ကူးစက်မှုစတင်ခဲ့သည့် ၂၀၂၀ ပြည့်နှစ် ဧပြီလမှ ၂၀၂၂ ခုနှစ် နိုဝင်ဘာလ ၁၀ ရက်နေ့အထိ ကိုဗစ်အလောင်း ၆၀၁ လောင်း မီးသင်္ဂြိုဟ်ခဲ့ရခြင်းဖြစ်သည်။
ထားဝယ်ဒေသတွင် ၂၀၂၁ ခုနှစ် ဇူလိုင်မှစကာ ကိုဗစ်ကူးကြောင့် သေဆုံးသူများပြားခဲ့ပြီး သုသာန်တွင် မီးသင်္ဂြိုဟ်ရန်ပင် မနိုင်ဝန်ဖြစ်ခဲ့ရသည်။
“ကိုဗစ်လို့ ဆေးရုံက စတင်အသိအမှတ်ပြုချိန်ကတည်းက စရေ (တွက်) တာပါ” ဟု နာရေးကူညီမှု (ထားဝယ်) ၏ အတွင်းရေးမှူးက ပြောသည်။
ထားဝယ်သုသာန်တွင် မီးသင်္ဂြိုဟ်ခဲ့ရသည့် အလောင်း ၆၀၀ ကျော်တွင် မွတ်ဆလင်ဘာသာဝင်များ၏ နာရေးစာရင်း မပါဝင်ကြောင်း ၎င်းက ဆိုသည်။
ထို့အပြင် ထားဝယ်ခရိုင်အတွင်းရှိ အခြားမြို့နယ်များတွင် ကိုဗစ်ဖြင့်သေဆုံးခဲ့ရသည့် အလောင်းအချို့လည်း ရှိနေနိုင်သေးသည်။
ထားဝယ်ဒေသတွင် ၂၀၂၁ ခုနှစ် ဇူလိုင်လနှင့် ဩဂုတ်လအတွင်း သေဆုံးသူအရေအတွက်များလာပြီး တစ်ရက်လျှင် စုစုပေါင်း ၂၅ လောင်းအထိ မီးသင်္ဂြိုဟ်ခဲ့ရသည်။
ယင်းအချိန်မတိုင်မီက တစ်ရက်လျှင် အများဆုံး ရှစ်လောင်းခန့်သာ မီးသင်္ဂြိုဟ်ခဲ့ရသည်။
ထားဝယ်သုသာန်တွင် မီးသင်္ဂြိုဟ်စက် (လောင်တိုက်) အကြီး သုံးလုံးနှင့် အသေး တစ်လုံးရှိပြီး တစ်ရက်လျှင် ပျမ်းမျှ ၁၂ လောင်းခန့်သာ သင်္ဂြိုဟ်ရန် အဆင်ပြေကြောင်း နာရေးကူညီမှု (ထားဝယ်) ထံမှ သိရသည်။
ထိုသို့သင်္ဂြိုဟ်ရသည့် အလောင်းများလာသည့်အတွက် မီးသင်္ဂြိုဟ်စက်များ ကြံ့ခိုင်မှု အားနည်းလာပြီး ပျက်စီးလာမည်ကို စိုးရိမ်ရသည်အထိ များပြားခဲ့သည်။
ယင်းသို့ ကိုဗစ်ကပ်ဘေးပြင်းထန်ချိန်က ကိုဗစ်လူနာများအတွက် အောက်ဆီဂျင် မလုံလောက်သည့် ပြဿနာနှင့်လည်း ရင်ဆိုင်ခဲ့ကြရသည်။
ထားဝယ်မြို့ရှိ အာယုဒါနအဖွဲ့၏ အောက်ဆီဂျင်စက်ရုံနှင့် စစ်ကောင်စီ၏ အောက်ဆီဂျင်စက်ရုံတို့တွင် အောက်ဆီဂျင် အလှူခံသူများဖြင့် ပြည့်နှက်နေခဲ့သည်။
မြန်မာနိုင်ငံတွင် ကိုဗစ်ဖြစ်ပွားသူ ခြောက်သိန်းသုံးသောင်းကျော် ရှိခဲ့ပြီး သေဆုံးသူ တစ်သောင်းကိုးထောင်ကျော် (၁၉၄၉၀ဦး) ရှိကြောင်း စစ်ကောင်စီ၏ ကျန်းမာရေးဝန်ကြီးဌာနက ထုတ်ပြန်ထားသည်။
ကမ္ဘာတွင် ကိုဗစ်ရောဂါကြောင့် သေဆုံးသူ ၄ ဒသမ ၇ သန်းကျော် (၄,၇၂၀,၀၀၀ ဦး) ရှိကြောင်း ကမ္ဘာ့ကျန်းမာရေး အဖွဲ့၏ မှတ်တမ်းများအရ သိရသည်။
ကိုဗစ်ဗိုင်းရပ်စ် စတင်တွေ့ရှိခဲ့သည့် တရုတ်နိုင်ငံတွင်လည်း ကိုဗစ်လုံးဝကင်းစင်ရေး Zero Covid မူဝါဒချမှတ်ပြီး လုပ်ဆောင်ခဲ့သေးသည်။
သို့သော် ဆန္ဒပြမှုများကြောင့် ၂၀၂၂ ခုနှစ် နှစ်ကုန်ပိုင်းတွင် ပြန်လည်ရုတ်သိမ်းခဲ့သည်။ ထိုသို့ရုတ်သိမ်းပြီးနောက်ပိုင်း ကိုဗစ်ဖြင့် သေဆုံးသူ ခြောက်သောင်းနီးပါးအထိ တိုးလာကြောင်း သတင်းများတွင် ဖော်ပြထားသည်။",,,,,,
<urn:uuid:59c4c2fe-2cfd-4ec7-9e65-174d872ba009>,"အိႏၵိယႏိုင္ငံက ဆရာဝန္ေတြဟာ အမ်ိဳးသမီးတစ္ဦးရဲ႕ ဝမ္းဗိုက္ထဲမွာ ထံုးေက်ာက္တည္ေနတဲ့ သေႏၶသားေလာင္းေလးကို ၁၅ ႏွစ္ေက်ာ္ၾကာၿပီးမွ ျပန္လည္ေတြ႕ရွိရတဲ့အတြက္ အံ႔အားသင့္ခဲ႔ရပါတယ္။ အခုခ်ိန္မွာ အသက္ (၅၂) ႏွစ္႐ွိၿပီျဖစ္တဲ့ အမည္မေဖာ္လိုသူ အမ်ိဳးသမီးဟာ လြန္ခဲ့တဲ႔ (၁၅) ႏွစ္ခန္႔တုန္းက မိသားစုရဲ႕ သေဘာတူညီခ်က္ မရရွိတာေၾကာင့္ ကိုယ္ဝန္ဖ်က္ခ်ဖို႔ ဆံုးျဖတ္ခဲ့ပါတယ္။
အဲဒီအခ်ိန္တုန္းက သူမရဲ႕သားဖြားဆရာဝန္က ကေလးကိုေအာင္ျမင္စြာ ဖ်က္ခ်ႏိုင္လိုက္ၿပီလို႔ ေျပာခဲ့ပါတယ္။ ဒါေပမယ့္ ဒီႏွစ္ပိုင္းေတြမွာ သူမဟာ ဆိုးဆိုးဝါးဝါး ဗိုက္ေအာင့္ျခင္းေဝဒနာကို ခံစားရခဲ႔ၿပီး ဆရာဝန္ေလး၊ ငါးေယာက္ေလာက္နဲ႔ ေျပာင္းျပခဲ့ရပါတယ္။ ဆရာဝန္တိုင္းက သူမကို အကိုက္အခဲေပ်ာက္ေဆးနဲ႔ ေလႏိုင္ေဆးေတြပဲ ေပးခဲ့ပါတယ္တဲ့။
ဒီလိုနဲ႔ ေနာက္ (၃) ႏွစ္ေလာက္ဆက္တုိက္ သူမမွာ အဆက္မျပတ္ေအာ့အန္ျခင္း၊ ဗိုက္ေအာင့္ျခင္း ေဝဒနာတို႔ကို ခံစားခဲ့ရပါတယ္။ ေနာက္ဆံုးမွာ Nagpur ၿမိဳ႕နားက ရြာေလးတစ္ရြာမွာ ေနထိုင္တဲ့ အမ်ိဳးသမီးဟာ ခြဲစိတ္ကြ်မ္းက်င္သူ ဆရာဝန္တစ္ဦးနဲ႔ သြားေတြ႕ခဲ့ၿပီး ေဆြးေႏြးတိုင္ပင္ခဲ့ပါတယ္။ လိုအပ္တဲ႔ CAT စကင္ဖတ္ျခင္းကို ျပဳလုပ္ၿပီးေနာက္ အူလမ္းေၾကာင္းထဲမွာ မဲေက်ာတဲ႔ အစိုင္အခဲတစ္ခုကို ေတြ႕ရွိခဲ့ရတဲ့ ခြဲစိတ္ဆရာဝန္ Dr Nilesh Junankar ဟာ သူမကို ခြဲစိတ္ကုသမႈ ခံယူဖို႔ တုိက္တြန္းခဲ့ပါတယ္။
""သူ႔ကုိစကင္ ဖတ္ၾကည့္လိုက္ေတာ့ အူလမ္းေၾကာင္းထဲမွာ အတားအဆီးတစ္ခုကို ေတြ႕တယ္ဗ်။ အဲဒီအတားအဆီးက အစာလမ္းေၾကာင္းမွာ သြားပိတ္မိေနတာ"" လို႔ ေဒါက္တာ Nilesh Junankar က ေျပာခဲ့ပါတယ္။
ႏွစ္နာရီၾကာတဲ့ ေအာ္ပေရးရွင္းအၿပီးမွာ ေဒါက္တာ Nilesh ဟာ သူမရဲ႕ဝမ္းဗိုက္ထဲက ထံုးေက်ာက္တည္ၿပီး မာေတာင့္ေနတဲ့ ကေလးေလးတစ္ေယာက္ရဲ႕ ရုပ္အေလာင္းကို ခြဲထုတ္ႏိုင္ခဲ့ပါတယ္။
ေအာ္ပေရးရွင္းခန္းထဲမွာ ရွိေနခဲ့တဲ႔ လူေတြအားလံုး အံ့အားသင့္ခဲ့ရပါတယ္လို႔လည္း ေဒါက္တာ Nilesh ကဆိုပါတယ္။ ပိုၿပီးအံ့ၾသဖုိ႔ ေကာင္းတာ တစ္ခုက အခုလို ေက်ာက္ျဖစ္ေနတဲ့ ရင္ေသြးအေလာင္းကို ႏွစ္ေပါင္းမ်ားစြာ သယ္ေဆာင္ထားရတာေတာင္ သူမရဲ႕သားအိမ္၊ သားအိမ္လမ္းေၾကာင္းနဲ႔ ဥျပြန္တို႔ဟာ အေကာင္းပကတိအတိုင္း ရွိေနခဲ့ပါတယ္တဲ့။ ဒါေပမယ့္ အမ်ိဳးသမီးဟာ လြန္ခဲ့တဲ႔ ငါးႏွစ္ကတည္းက ေသြးမဆင္းေတာ့ဘဲ ကေလးေမြးႏိုင္တဲ့ အသက္အရြယ္ကိုလည္း ေက်ာ္လြန္ခဲ့ၿပီျဖစ္ပါတယ္။
ေဆးပညာအေခၚအရ Lithopedion လို႔ေခၚတဲ့ ေက်ာက္ျဖစ္ရင္ေသြးဟာ အလြန္ရွားပါးပါတယ္။ ၿပီးခဲ့တဲ႔ ႏွစ္ေပါင္း (၄၀၀) အတြင္း ကမၻာတဝွမ္းလံုးမွာ ဒီလိုအျဖစ္မ်ိဳး အခု (၃၀၀) သာ ျဖစ္ပြားဖူးပါတယ္။ ဘာပဲေျပာေျပာ ဒီအမ်ိဳးသမီးကေတာ့ ႏွစ္ေပါင္းမ်ားစြာ သယ္ေဆာင္ထားရတဲ႔ နာက်င္မႈေဝဒနာႀကီးက လြတ္ေျမာက္လာခဲဲ့တဲ့အတြက္ ဝမ္းေျမာက္ေနခဲ့ပါတယ္။
Source: Dailymail",,,,,,
<urn:uuid:1a49f452-d390-4850-831d-16ae93f41234>,"မည်မျှ ခက်ခဲနေစေ ငြိမ်းချမ်းရေး ရအောင် လုပ်မည်ဟု ဒေါ်အောင်ဆန်းစုကြည် ပြော
တိုင်းပြည်၏ ငြိမ်းချမ်းရေး လုပ်ငန်းစဉ်သည် မည်မျှ ကြာရှည် ခက်ခဲနေပါစေ ကံ၊ ဉာဏ်၊ ဝိရိယအားတို့ဖြင့် ဆက်လက် ဆောင်ရွက်သွားမည် ဆိုပါက လိုချင်သည့် ပန်းတိုင်ကို မုချမသွေ ရောက်ရှိရမည် ဖြစ်ကြောင်း နိုင်ငံတော်၏ အတိုင်ပင်ခံ ပုဂ္ဂိုလ် ဒေါ်အောင်ဆန်းစုကြည်က ပြောသည်။
မတ်လ ၁၃ ရက် ညပိုင်းက နေပြည်တော် MICC – 2 တွင် ကျင်းပပြုလုပ်သည့် ပအိုဝ်း အမျိုးသား ညီလာခံ (အကြို) အဖွင့် မိန့်ခွန်း ပြောဆိုစဉ် ၎င်းက အထက်ပါအတိုင်း ပြောဆိုလိုက်ခြင်း ဖြစ်သည်။
“ငြိမ်းချမ်းရေးလမ်း ဆိုတာ အမြဲတမ်းကြီးတော့ဖြောင့်မှာ မဟုတ်ပါဘူး။ အကြောင်းကြောင်းကြောင့် ငြိမ်းချမ်းရေးတွေ ပျက်ပြားခဲ့ရတယ်။ ဒီပျက်ပြားသွားတဲ့ ငြိမ်းချမ်းရေးကို ပြန်ပြီးတော့ တည်ဆောက်ဖို့ဆိုတာ ကျမတို့အားလုံး ကံ၊ ဉာဏ်၊ ဝိရိယပေါ့။ ကံဆိုတာက လုပ်ခြင်းပါ။ ဝိရိယ ဆိုတာကတော့ ကျမတို့ လုံးဝစိတ်မလျော့ဘဲနဲ့ အောင်မြင်တဲ့အထိ ကျမတို့ ဆက်ပြီးတော့ လုပ်သွားမယ် ဆိုတဲ့ ခိုင်မာတဲ့စိတ်ဓာတ်ပဲ”ဟု ဒေါ်အောင်ဆန်းစုကြည်က ပြောသည်။
ဒေါ်အောင်ဆန်းစုကြည် ဦးဆောင်သည့် အမျိုးသား ဒီမိုကရေစီ အဖွဲ့ ချုပ် (NLD) သည် ၂၀၁၅ ရွေးကောက်ပွဲ အနိုင်ရပြီးနောက် ငြိမ်းချမ်းရေး လုပ်ငန်းစဉ်ကို ၎င်းကိုယ်တိုင် ဦးစားပေး ဆောင်ရွက်ခဲ့သော်လည်း တိုင်းရင်းသား လက်နက်ကိုင် ၂ ဖွဲ့ သာ တနိုင်ငံလုံး ပစ်ခတ်တိုက်ခိုက်မှု ရပ်စဲရေး စာချုပ် (NCA) လက်မှတ် ရေးထိုးနိုင်သည်ကလွဲ၍ သိသာသည့် တိုးတက်မှုများ မရရှိခဲ့ပါ။
ယခင် သမ္မတ ဦးသိန်းစိန် အစိုးရလက်ထက်တွင် တိုင်းရင်းသား လက်နက်ကိုင် ၈ ဖွဲ့ NCA လက်မှတ်ရေးထိုးခဲ့ကြပြီး NLD အစိုးရ လက်ထက် မွန်ပြည်သစ်ပါတီနှင့် လားဟူ ဒီမိုကရက်တစ် အစည်းအရုံးတို့သည် ၂၀၁၈ ခုနှစ် ဖေဖော်ဝါရီလတွင် NCA လက်မှတ် ရေးထိုးခဲ့ကြသည်။
ထို့ပြင် ပြည်ထောင်စု ငြိမ်းချမ်းရေး ညီလာခံ ၂၁ ရာစု ပင်လုံကို ကျင်းပပြီး ဖက်ဒရယ် အခြေခံမူများကို ချမှတ်နိုင်ရေး ဆောင်ရွက်ခဲ့သော်လည်း ၂၀၁၈ ခုနှစ် အောက်တိုဘာလက နေပြည်တော်တွင် ပြုလုပ်ခဲ့သည့် 10 + 10 ဟု ခေါ်ဆိုကြသည် အစိုးရ၊ တပ်မ တော်၊ အပစ်ရပ် အဖွဲ့ များကြား ထိပ်သီး ဆွေးနွေးပွဲအပြီးတွင် ပင်လုံ အစည်းအဝေးများ ယာယီ ရပ်ဆိုင်းထားခဲ့ရသည်။
“စုပေါင်း ထူထောင်ထားတဲ့ တိုင်းပြည်ကြီး ဆိုတာဟာ ညီညွတ်မှုကို အခြေခံတယ်။ ညီညွတ်မှုရဲ့ အခြေခံကတော့ မေတ္တာနဲ့ သစ္စာ ဖြစ်တယ်။ တဦး အပေါ် တဦး မေတ္တာထားနိုင်မှ၊ တဦးပေါ်တဦး သစ္စာစောင့်နိုင်မှသာ ကျမတို့ဟာ ညီညွှတ်နိုင်မှာ ဖြစ်ပါတယ်။ ဒါကြောင့်မို့ ကျမတို့ရဲ့ ပြည်ထောင်စုဆိုတာ သစ္စာတရားနဲ့ မေတ္တာကို အခြေခံပြီးတော့ ထူထောင်ရမယ့် နိုင်ငံကြီး ဆိုတဲ့ အဓိပ္ပာယ် ပေါက်ပါတယ်”ဟု နိုင်ငံတော်၏ အတိုင်ပင်ခံ ပုဂ္ဂိုလ်က ပြောသည်။
မြန်မာပြည်၏ ငြိမ်းချမ်းရေး လုပ်ငန်းစဉ်သည် ပြီးဆုံးပြီဆိုသည့် အချိန် မရှိနိုင်သဖြင့် သမ္မတ ဦးသိန်းစိန် လက်ထက်တွင် NCA စာ ချုပ် ပေါ်ပေါက်အောင် ဆောင်ရွက်ခဲ့နိုင်ကြောင်း၊ NLD လက်ထက်တွင်လည်း ယင်းစာချုပ်အပေါ်တွင် ဆွေးနွေးရင်း ဖက်ဒရယ် အခြေခံမူများ ရရှိအောင် ဆောင်ရွက်သင့်ကြောင်း၊ ယခုလည်း ထိုသို့ ကြိုးပမ်းနေသည်ဟု ယူဆကြောင်း ပအိုဝ်း အမျိုးသား လွတ် မြောက်ရေး အဖွဲ့ ချုပ်မှ ဗိုလ်မှူးကြီး ခွန်ဥက္ကာက ပြောသည်။
“ဒေါ်အောင်ဆန်းစုကြည်က လက်ရှိ အစိုးရဲ့ ခေါင်းဆောင် ဖြစ်တယ်။ ပါတီ အကြီးအကဲလည်း ဖြစ်တယ်။ စွမ်းဆောင်နိုင်တာ၊ မနိုင် တာ အားနည်းချက်တွေတော့ ရှိမှာပေါ့။ လက်ရှိ အနေအထားမှာတော့ ကျနော်တို့ရဲ့ အကောင်းဆုံး မျှော်လင့်ချက်ပဲ။ တိုင်းရင်းသား လူနည်းစု အခွင့်အရေး၊ ဖက်ဒရယ် ပြည်ထောင်စု တည်ဆောက်ရေးအတွက် လောလောဆယ် ရှိနေတဲ့ အနေအထားမှာ အကောင်းဆုံး မျှော်လင့်ချက်ပဲ”ဟု ဦးခွန်ဥက္ကာက ပြောသည်။
အစ၊ အလယ်၊ အဆုံးရှိသည့် ငြိမ်းချမ်းရေး လမ်းကြောင်းတခု ပြီးပြည့်စုံရန်မှာ ယခု အစိုးရ၏ ယခု သက်တမ်းတခုအတွင်း မလွယ်ကူတော့ကြောင်း၊ သို့သော် လမ်းကြောင်းတခု ပေါ်လာရန် ဆက်လက် ကြိုးပမ်းသင့်ပြီး ၂၀၁၉ ၊ ၂၀၂၀ အတွင်း ဖက်ဒရယ် အခြေခံမူများ ရရှိနိုင်ရေး ဆောင်ရွက်ရမည်ဖြစ်ကြောင်း ၎င်းက ဆက်လက် ပြောကြားသည်။
နိုင်ငံတော်၏ အတိုင်ပင်ခံ ပုဂ္ဂိုလ် ဒေါ်အောင်ဆန်းစုကြည်ကမူ ပြည်တွင်း ငြိမ်းချမ်းရေး ရရှိရန် အားလုံးလက်ခံနိုင်သည့် ဖွဲ့ စည်းပုံ အခြေခံ ဥပဒေတရပ် လိုအပ်ကြောင်း ၂၀၁၉ ခုနှစ်၊ ဖေဖော်ဝါရီလအတွင်းက ပြုလုပ်သည့် ရှမ်းပြည်နယ်နေ့ အခမ်းအနားတွင် ထုတ်ဖော်ပြောဆိုခဲ့သည်။
လက်ရှိ အချိန် ပြည်ထောင်စု လွှတ်တော်တွင် ၂၀၀၈ ဖွဲ့ စည်းပုံ အခြေခံ ဥပဒေကို ပြင်ဆင်နိုင်ရေး အာဏာရ NLD ပါတီက ဦးဆောင် ကြိုးပမ်းလျက် ရှိသော်လည်း အတိုက်အခံများ၊ အခက်အခဲများနှင့် ရင်ဆိုင်နေရသည်။
“ဒီမိုကရေစီ ဖယ်ဒရယ် ပြည်ထောင်စုနဲ့အတူ ကျမတို့ရဲ့ နိုင်ငံသားများ အခွင့်အရေးတွေ ပြည့်ပြည့်၀၀ရဖို့ ကြိုးစားသွားရမှာပါ”ဟု မနေ့က ပအိုဝ်း အမျိုးသားနေ့ အခမ်းအနားတွင် ဒေါ်အောင်ဆန်းစုကြည်က ပြောဆိုခဲ့သည်။",,,,,,
<urn:uuid:4788534d-aaab-4f70-99e1-15a6ceb9ce4c>,"“ပလံု”
ေရထဲကို ခဲက်သြားတာလဲ ၿဖစ္ႏိုင္တယ္...
ေရထဲက ငါး ခုန္တက္လာတာလဲ ၿဖစ္ႏိုင္တယ္...
တေန႔မွာ ငါ့ အတၳဳပတိၱ ကို ငါဖြင့္ႀကည့္လိုက္တယ္..။
ဘယ္လိုၿဖစ္သြားသလဲ မသိဘူး...
“ပလံု”
တာရာမင္းေဝ
ေၿပာရမယ္ ဆိုရင္ေတာ့ ဒီကဗ်ာေလးက က်ေနာ့္ အႀကိဳက္ဆံုးနဲ႔ ရင္ထဲ အထိဆံုးကဗ်ာေလး တစ္ပုစ္...
ကိုတာရာမင္းေဝရဲ႕ ေနာက္ဆံုးကဗ်ာဆိုလဲ ဟုတ္ပါတယ္..
အေႀကြေစာလို႔ ႏွေၿမာမိပါတယ္... ဆရာေရးခဲ့တဲ့ ကဗ်ာ ၊ဝတၳဳတို ၊ ဝတၱဳရွည္ေတြ အမ်ားႀကီး ရွိပါတယ္..
ဒါေပမယ့္...
ကဗ်ာကို ခ်စ္တဲ့ ကဗ်ာ ဆရာရဲ႕ ေရးသားခဲ့တဲ့စာေတြထဲက ထုတ္ေဝခဲ့ေသာစာေတြကို ကဗ်ာတစ္ပုစ္နဲ႔ ဂုဏ္ၿပဳလိုက္ပါတယ္...
ကိုးမရွိတဲ့ နဝင္းမွ သည္ နကၡရစ္သမ္ မေရာက္မွီ
ကိုးမရွိတဲ့ နဝင္း ေအာက္
ႀကယ္ၿမင္လၿမင္ ေလာကဓံတရားကို မမွဳ
မိုးေခါင္လို႔ တီးတဲ့ ဗံုသံႀကား
ၿပိဳင္ၿမင္းတို႔ရဲ႔ ခြာသံ ေတြကို ႀကားမိပါရဲ႕ ….
ဒီခြာသံေတြနဲ႔ အတူ
အလံမထူခဲ့ေသာ လက္မ်ားႀကား
ေကာင္းကင္အေႀကြေတြေကာက္တဲ့လက္ နဲ႔ ဖမ္းမိတဲ့နဂါးေငြ႔တန္း
ၿမင္းစီးထြက္ေသာ အိမ္မက္မ်ား အေႀကာင္း
ေမွာ္ဆရာရဲ႔ ေက်ာင္းစာအုပ္မွာ ေရးခ်ၿဖစ္ခဲ့တယ္….။
ဒီလိုပါပဲ……
ေဆာင္းရာသီ ဒႆန ေတြနဲ႔အတူ
မနက္ၿဖန္ခါမွာ ထားခဲ့တဲ့ မ်က္ႏွာနဲ႔
တူးေဖာ္ခဲ့သည့္ေၿမစိုင္ေၿမခဲမ်ား
ေႀကးသြန္းယဥ္ေက်းမွဳ အသြင္ေၿပာင္း တဲ့
လူငယ္တစ္ေယာက္ရဲ႕ ေက်ာက္ထြင္းရာဇဝင္အေႀကာင္း
ကိုယ္ေရးကိုယ္တာ ပုရပိုက္မွာ ေရးဖို႔
ကၽြန္ေတာ့္ဆီမွ အၿပန္မွာ ဧဒင္ ကေခ်သည္နဲ႔ ဝင္ကၿဖစ္ခဲ့တယ္…။
တစ္ခုခုေတာ့ ထိန္ခ်န္မိတယ္ ထင္ပါရဲ႕
မလံုမလဲနဲ႔
စိတ္ထဲမွာ ၿပာ ေဝသြားတယ္
ေသခ်ာတယ္…
ဝွက္ထားမိတာတစ္ခု
ဘယ္ဘက္လက္ထဲမွာ
ဝွက္ထားတဲ့ပံုၿပင္က
ေရႊဖိနပ္မွာ အစိမ္းေရာင္ႀကက္ေၿခခတ္နဲ႔ ေကာင္မေလး အေႀကာင္းေပါ့…။
လက္ဖဝါးမွာ ပါးအပ္ခြင့္မရွိတဲ့ ေကာင္မေလးေရ
ငါသည္သာ ပန္းၿဖစ္၍ ေနာက္တစ္ႀကိမ္ ၿပန္ပြင့္ခြင့္ ရခဲ့ေသာ္
နတ္ပ်ိဳမ အတြက္ပန္း ဆက္ဖို႔
အေရွ႕ၿမိဳ႕ရိုးမွမိုးေရစက္မ်ား နဲ႔အတူ
ပန္းေခတ္က လမင္း ေအာက္မွာ ေစာင့္ေနေပးပါ….
ေသခ်ာပါသည္….။
သင္ႏွင့္ နံနက္ခင္းကိုသာ ဝင္ခြင့္ ၿပဳမည္…။
တစ္ခုေတာ့ ရွိသည္..။
သူ႔ အိုးပုတ္ကေလးကိုေတာ့ ကၽြန္ေတာ္ ၿပန္မေပးပါ…။
လိုခ်င္တယ္ဆိုရင္ေပါ့…..
အာလာဒင္မသိလိုက္တဲ့ မီးခြက္ နားမွာ
ဝကၤပါကို ဖြင့္တဲ့ ေသာ့ ရွိတယ္…။
နကၡရစ္သမ္ က်တဲ့ အခ်ိန္ ဝင္ယူလွည့္ပါ…။
ဖိုးစိန္
ဆရာ ေရးသား ထုတ္ေဝခဲ့တဲ့ စာအုပ္မ်ား
* ကိုးမရွိတဲ့နဝင္း
* ေကာင္းကင္အေၾကြ ေကာက္တဲ့လက္ (ဇန္နဝါရီ ၂ဝဝ၆)
* ကိုယ္ေရးကိုယ္တာ ပုရပိုက္ (ေဖေဖာ္ဝါရီ ၂ဝဝ၇)
* ကိုယ့္လက္နဲ႕ ဖမ္းမိတဲ့နဂါးေငြ႕တန္း (ေအာက္တိုဘာ ၂ဝဝ၂)
* ကြ်န္ေတာ္တူးေဖာ္ခဲ့သည့္ ေျမစိုင္ေျမခဲမ်ား အေၾကာင္း (စက္တင္ဘာ ၂ဝဝ၅)
* ကြ်န္ေတာ္္ႏွင့္ ေဆာင္းရာသီ ဒႆန (ဇန္နဝါရီ ၂ဝဝ၇)
* ကြ်န္ေတာ္္ႏွင့္ ေၾကးသြန္းယဥ္ေက်းမႈ
* ကြ်န္ေတာ္္ႏွင့္ ၾကယ္ျမင္လျမင္ ေလာကဓံ
* ကြ်န္ေတာ္ႏွင့္ ဧဒင္ကေခ်သည္
* ကြ်န္ေတာ္မွ အျပန္ (ၾသဂုတ္ ၂ဝဝ၆)
* ငါသည္သာ ပန္းျဖစ္၍ ေနာက္တစ္ႀကိမ္ ျပန္ပြင့္ခြင့္ ရခဲ့ေသာ္ (ဒီဇင္ဘာ ၂ဝဝ၆) ဒုတိယအႀကိမ္
* နတ္ပ်ဳိမအတြက္ ပန္း (ဒီဇင္ဘာ ၂ဝဝဝ)
* ပန္းေခတ္က လမင္း
* ပန္းလက္ဖဝါးမွာ ပါးအပ္ခြင့္မရွိတဲ့ ေကာင္မေလး
* ျပာ
* ၿပိဳင္ျမင္းတုိ႕ရဲ႕ ခြာသံ (ဇန္နဝါရီ ၂ဝဝ၅) ဒုတိယ အႀကိမ္
* ဘယ္ဘက္လက္ထဲမွာ ဝွက္ထားတဲ့ပံုျပင္ (ဇြန္ ၂ဝဝ၆)
* မနက္ျဖန္ခါမွာ ထားခဲ့တဲ့မ်က္ႏွာ
* မိုးေခါင္လို႔ တီးတဲ့ဗံုသံ (ဇူလိုင္ ၂ဝဝ၄)
* ျမင္းစီးထြက္ေသာ အိပ္မက္မ်ား (ႏိုဝင္ဘာ ၂ဝဝ၆)
* ေမွာ္ဆရာရဲ႕ ေက်ာင္းစာအုပ္
* ေ႐ႊဖိနပ္မွာ အစိမ္းေရာင္ ၾကက္ေျခခတ္နဲ႕ ေကာင္မေလး (ဇန္နဝါရီ ၂ဝဝ၆) တတိယ အႀကိမ္
* လူငယ္တေယာက္ရဲ႕ ေက်ာက္ထြင္းရာဇဝင္
* ဝကၤပါကို ဖြင့္တဲ့ေသာ့ (စက္တင္ဘာ ၂ဝဝ၆)
* သူ႕အိုးပုတ္ကေလးကို ကၽြန္ေတာ္ ျပန္မေပးပါ (ဇူလိိုင္ ၂ဝဝ၇)
* သင္ႏွင့္ နံနက္ခင္းကိုသာ ဝင္ခြင့္ျပဳမည္ (ဇြန္ ၂ဝဝရ) တတိယ အႀကိမ္
* အေရွ႕ၿမိဳ႕႐ိုးမွ မိုးေရစက္မ်ား
* အလံမထူခဲ့ေသာ လက္မ်ား (ေမ ၂ဝဝ၇)
* အာလာဒင္မသိလိုက္တဲ့ မီးခြက္ (ဇူလိုင္ ၂ဝဝ၆)
မွတ္တမ္းထဲမွာမပါေပမယ့္..ေနာက္ထပ္စာေပေပါင္းမ်ားစြာကုိဆရာဖန္တီးခဲ့ပါေသးတယ္...
ဒါကေတာ့ ရွာလို႔ ရသမွ်ပါ...
ကဗ်ာဆရာ ကိုတာရာမင္းေဝ အတြက္ အမွတ္တရ ဂုဏ္ၿပဳထားတဲ့ ကဗ်ာၿပပြဲေလးကို ဒီမွာ သြားေရာက္ဖတ္ရွဳ႕ႏိုင္ပါတယ္..။
ကဗ်ာဆရာ ကိုတာရာမင္းေဝ.... ေကာင္းရာဘံုမွာ ေပ်ာ္ရႊင္ၿငိမ္းခ်မ္းပါေစ...။
ခ်စ္ခင္ေလးစားစြာၿဖင့္
ဖိုးစိန္",,,,,,
<urn:uuid:65ea17e9-b773-4784-962c-94fe660af587>,"မွန်ပြည်နယ် မြို့နယ် ၁၀ မြို့နယ်လုံးတွင် ရေရှားပါးမှု ကြုံနေရ
သတင်းနှင့် မီဒီယာ ကွန်ရက်။
၂၀၂၀ ခုနှစ်၊ မေလ ၁ ရက်။
မွန်ပြည်နယ်အတွင်းရှိ မြို့နယ် ၁၀ မြို့နယ်လုံးတွင် သောက်သုံးရေအခက်အခဲ ဖြစ်ပွားနေသည်ဟု ရေလိုက်လံ ဖြန့်ဝေပေးနေသူများနှင့် ဒေသခံများက ပြောသည်။
မတ်လဆန်းမှစတင်ကာ ပင်လယ်နှင့်နီးသည့် မြို့နယ်များတွင် ရေပြတ်လပ်မှုစတင်ဖြစ်ပွားခဲ့ပြီး ဧပြီလ တတိယ အပတ်ခန့်တွင် မြို့နယ် ၁၀ မြို့နယ်လုံးရှိ ကျေးရွာအများစုတို့တွင် ရေပြတ်လပ်ကာ အခက်အခဲများနှင့် ရင်ဆိုင်ကြုံတွေ့နေရသည်ဟု ဒေသခံများက ပြောသည်။
မုဒုံမြို့ မှ ဒေသခံ ဦးထွန်းကြည် က “ခါတိုင်းနှစ်တွေ ရေအခက်အခဲဖြစ်တယ်ဆိုပေမယ့် ဒီနှစ်လောက်မဆိုးဘူး။ ကိုယ့်ရေတွင်းနဲ့ ကိုယ့်အိမ်နဲ့ သုံးလို့လောက်တဲ့အနေအထားရှိတယ်။ ဒီနှစ်ကတော့ တစ်ရွာလုံးပဲ ရေအခက်အခဲ ဖြစ်နေတယ်၊ ဝယ်သုံးနေရတယ်။ အခုနောက်ပိုင်းဆို အလှူရှင်တွေ လာလှူပေးတဲ့ ရေတွေလည်း ရှိတယ်” ဟု ပြောသည်။
မွန်ပြည်နယ်အတွင်းရှိ မုဒုံ၊ သံဖြူဇရပ်၊ ကျိုက်မရော၊ ချောင်းဆုံ၊ ပေါင်၊ သထုံ၊ ဘီးလင်း၊ ကျိုက်ထို၊ ရေး အစရှိသည့် မြို့ နယ်အတွင်းရှိ ကျေးရွာအများစုတို့တွင် ရေပြတ်လပ်မှုနှင့် ရင်ဆိုင်ကြုံတွေ့နေရပြီး အများစုက လည်း ရေကို ဝယ်သုံးနေရသည်ဟု ဒေသခံများ က ပြောသည်။
ရေ ဝယ်သုံးနေရသည့်ကျေးရွာများတွင် ရေအနည်းအများပေါ်မူတည်ပြီး မော်တော်ယာဉ်ဖြင့် တစ်ခေါက်သယ် လျှင် ကျပ် ၅၀၀၀ မှ ကျပ် ၁၀၀၀၀ ကျပ် ကြား ပေးနေရသည်ဟု သိရသည်။
ရေအခက်အခဲဖြစ်သည့် ကျေးရွာများသို့ မွန်ညီညွတ်ရေးပါတီ၊ မွန်လူငယ်အဖွဲ့တို့အပြင် မီးသတ်တပ်ဖွဲ့၊ လူမှုအဖွဲ့ အစည်းနှင့် ပရဟိတအဖွဲ့အစည်းများက ရေများ ရေလိုက်လံဖြန့်ဝေပေးလျှက်ရှိသည်။
“ရေအခက်အခဲဖြစ်နေတဲ့ ကျေးရွာတွေကို မွန်ညီညွတ်ရေးပါတီနဲ့ မွန်လူတွေ ပူးပေါင်းပြီးတော့ ရေလိုက် ဝေ ပေး နေတာရှိသလို အခြားသော လူမှုအဖွဲ့အစည်းတွေနဲ့ ပူးပေါင်းပြီးတော့လည်း ရေလိုအပ်တဲ့ ကျေးရွာ တွေမှာ လိုက်ဝေပေးတာရှိပါတယ်” ဟု မွန်လူငယ်တစ်ဦးက ပြောသည်။
ရေအခက်အခဲဖြစ်ပွားနေသည့် ချောင်းဆုံမြို့ နယ်ရှိ ကျေးရွာများသို့ ရေဖြန့်ဝေပေးနေသည့်အပြင် ရေရှည် အတွက် ရေထွက်ရှိသည့်နေရာမှ ရေသွယ်တန်းပေးနိုင်ရေးကိုလည်း စီစဉ်ပေးနေသည်ဟု ချောင်းဆုံမြို့ နယ် ပြည်နယ်လွှတ်တော်ကိုယ်စားလှယ် ဒေါက်တာအောင်နိုင်ဦး က ပြောသည်။
ကျေးလက်ဒေသဖွံ့ဖြိုးတိုးတက်ရေးဦးစီးဌာနထံသို့ ရေအခက်အခဲဖြစ်ပွားနေသည်ဟု တင်ပြလာသည့် သထုံ၊ ဘီးလင်း၊ ပေါင်နှင့် ကျိုက်မရောမြို့ နယ်ရှိ ကျေးရွာများတွင် ရေပေးဝေခြင်းလုပ်ငန်းများ ဆောင်ရွက်လျက်ရှိ သည်ဟု မွန်ပြည်နယ် ကျေးလက်ဒေသဖွံ့ဖြိုးတိုးတက်ရေးဦးစီးဌာနထံမှ သိရသည်။
ထို့အပြင် သောက်သုံးရေပြတ်လပ်ပြီး ရေအခက်အခဲဖြစ်ပွားလာပါက ကျေးလက်ဒေသဖွံ့ဖြိုးရေးဦးဌာနသို့ အကူ အညီတောင်းခံနိုင်ကြောင်း ကျေးလက်ဒေသဖွံ့ဖြိုးတိုးတက်ရေး ဦးစီးဌာနအနေဖြင့် သောက်သုံးရေပြတ်လပ်မှု ဖြစ်လျှင် သောက်သုံးရေများ ဖြန့်ဝေပေးနိုင်ရေး စီစဉ်ထားသည်ဟု ပြည်နယ် ကျေးလက်ဒေသဖွံ့ဖြိုးတိုးတက် ရေး ဦးစီးဌာနမှ သိရသည်။
အလားတူ ရေအခက်အခဲဖြစ်ပွားလာပါက သက်ဆိုင်ရာ စည်ပင်၊ သက်ဆိုင်ရာ မီးသတ်တပ်ဖွဲ့များထံသို့လည်း အကူညီတောင်းခံနိုင်သည့်အပြင် လူမှုအဖွဲ့အစည်းများ၊ ပရဟိတအဖွဲ့အစည်းများကလည်း ရေအခက်အခဲကို ကူညီဖြေရှင်းပေးနိုင်ရန် ကြိုတင်ပြင်ဆင်ထားကြောင်း သိရသည်။",,,,,,
<urn:uuid:62195a62-decc-4d47-b4bf-6212f1eb0e2f>,"ကုလားတန်မြစ် စီမံကိန်းရဲ့ သယ်ယူပို့ဆောင်ရေး အစိတ်အပိုင်းတစ်ခုဖြစ်တဲ့ စစ်တွေဆိပ်ကမ်းသစ်ကို ဖွင့်ပွဲမလုပ်ရသေးသော်လည်း ပြီးခဲ့သည့် ဇန်နဝါရီ လဆန်းပိုင်းမှစတင်ကာ ဘင်္ဂလားဒေ့ရှ်သို့ ဆန်တင်ပို့မှုများ ပြုလုပ်ခြင်းဖြင့် ကုန်သွယ်ရေးလုပ်ငန်းများ ဆောင်ရွက်နေပြီဟု CNI သတင်းဖော်ပြမှုအရ သိရသည်။
လက်ရှိတွင် အဆိုပါ စစ်တွေဆိပ်ကမ်းသစ်ကို နိုင်ငံတကာသင်္ဘောများ ဆိုက်ကပ်ခွင့်နှင့် ပြည်ပသို့ ပို့ကုန်တင်ပို့မှုများကိုသာ အသုံးပြုရန် ခွင့်ပြုထားပြီး ပြည်တွင်း သင်္ဘောများနှင့် အခြားသော ကုန်စည်ပို့ဆောင်ရေး သင်္ဘောများ ဆိုက်ကပ်ခွင့်မှုကို ခွင့်ပြုမထားသေးဘူးဟုဆိုသည်။
ကုလားတန်မြစ်ကြောင်း ဘတ်စုံသုံး သယ်ယူပို့ဆောင်ရေး၏ အစိတ်အပိုင်း တစ်ခုဖြစ်သည့် စစ်တွေ ဆိပ်ကမ်းသစ်သည် အိန္ဒိယနိုင်ငံ၊ ကာလက္ကတားဆိပ်ကမ်းနှင့် စစ်တွေဆိပ်ကမ်းတို့ တိုက်ရိုက်ကုန်သွယ်သည့် လမ်းကြောင်းတစ်ခုဖြစ်သလို ဘင်္ဂလားဒေ့ရှ်နိုင်ငံ စစ်တကောင်းဆိပ်ကမ်းနှင့်လည်း ကုန်သွယ်မှု ပြုလုပ်နိုင်ကြောင်း သိရသည်။
#mhtnews",,,,,,
<urn:uuid:914609d8-d452-4afb-9620-a5cb9fcdca17>,"Rugby ကစားသမား တစ်ဦးသည် ပြိုင်ဖက်အား ဓားဖြင့် ထိုးမည်ဟု ခြိမ်းခြောက် ခဲ့ကြောင်း သိရသည်။ ဩစတြေးလျ နိုင်ငံ၊ ဗစ်တိုးရီးယားရှိ ရှုံးထွက် Rugby ပွဲစဥ် တစ်ခုတွင် ယင်း ကစားသမားက ဓားကို ထုတ်ယူ ခဲ့ခြင်းဟု သိရသည်။
Chaffey Titans အသင်းမှ အသက် ၂၆ နှစ်အရွယ် အဆိုပါ ကစားသမားအား အသင်းဖော်များက ဝိုင်းဝန်းဖြောင့်ဖြခဲ့ပြီး နည်းပြက ဓားကို သိမ်းလိုက် ရကြောင်း သိရသည်။ ဇူလိုင်လ ၃၁ ရက်နေ့က Sunraysia Rugby ပြိုင်ပွဲ အကြိုဗိုလ်လုပွဲတွင် ယခုလို လက်နက်ကိုင် ရမ်းကားခဲ့သည့် ကစားသမားမှာ တစ်သက်တာ ပွဲပယ် ပြစ်ဒဏ်နှင့် ရင်ဆိုင်နေရသည်။
ယင်းကစားသမားသည် ပြိုင်ဖက်အား မကျေမနပ်ဖြစ်ကာ ကွင်းထဲမှ ထွက်ခွာပြီး ကားထဲမှဓားကို သွားယူလာခြင်းဟု သိရသည်။ ယင်းဖြစ်စဥ်ကြောင့် ဒိုင်က ပွဲကိုရပ်နားက ပြိုင်ဖက်အသင်းဖြစ်သည့် Mildura Tigers ကို အနိုင်ပေးလိုက်ကြောင်း သိရှိရသည်။",,,,,,
<urn:uuid:dc852916-3674-4eec-81a4-5116492703d4>,"|
269284
||
Randolph Aabel
||
နိုင်ဂျီးရီးယား, အင်္ဂလိပ်
|
|
အမည်သစ်ကိုရသောအပြည့်အဝခွဲခြမ်းစိတ်ဖြာ Get Aabel
|
|
644186
||
Randolph Abke
||
သြစတြေးလျ, အင်္ဂလိပ်
|
|
အမည်သစ်ကိုရသောအပြည့်အဝခွဲခြမ်းစိတ်ဖြာ Get Abke
|
|
913713
||
Randolph Acrea
||
နိုင်ဂျီးရီးယား, တရုတ်, ယူ (Cantonese)
|
|
အမည်သစ်ကိုရသောအပြည့်အဝခွဲခြမ်းစိတ်ဖြာ Get Acrea
|
|
779473
||
Randolph Alpers
||
ယူနိုက်တက်စတိတ်, အင်္ဂလိပ်
|
|
အမည်သစ်ကိုရသောအပြည့်အဝခွဲခြမ်းစိတ်ဖြာ Get Alpers
|
|
460848
||
Randolph Alsobrooke
||
ယူနိုက်တက်ကင်းဒမ်း, အင်္ဂလိပ်
|
|
အမည်သစ်ကိုရသောအပြည့်အဝခွဲခြမ်းစိတ်ဖြာ Get Alsobrooke
|
|
683334
||
Randolph Angiano
||
နိုင်ဂျီးရီးယား, အင်္ဂလိပ်
|
|
အမည်သစ်ကိုရသောအပြည့်အဝခွဲခြမ်းစိတ်ဖြာ Get Angiano
|
|
273961
||
Randolph Anglemyer
||
ယူနိုက်တက်စတိတ်, တရုတ်, မန်
|
|
အမည်သစ်ကိုရသောအပြည့်အဝခွဲခြမ်းစိတ်ဖြာ Get Anglemyer
|
|
31914
||
Randolph Anselm
||
ယူနိုက်တက်စတိတ်, အင်္ဂလိပ်
|
|
အမည်သစ်ကိုရသောအပြည့်အဝခွဲခြမ်းစိတ်ဖြာ Get Anselm
|
|
885743
||
Randolph Anstatt
||
ယူနိုက်တက်ကင်းဒမ်း, အင်္ဂလိပ်
|
|
အမည်သစ်ကိုရသောအပြည့်အဝခွဲခြမ်းစိတ်ဖြာ Get Anstatt
|
|
421819
||
Randolph Aquino
||
ယူနိုက်တက်စတိတ်, အင်္ဂလိပ်
|
|
အမည်သစ်ကိုရသောအပြည့်အဝခွဲခြမ်းစိတ်ဖြာ Get Aquino
|
|
763228
||
Randolph Arturo
||
ယူနိုက်တက်စတိတ်, အင်္ဂလိပ်
|
|
အမည်သစ်ကိုရသောအပြည့်အဝခွဲခြမ်းစိတ်ဖြာ Get Arturo
|
|
562818
||
Randolph Arvin
||
ယူနိုက်တက်ကင်းဒမ်း, အင်္ဂလိပ်
|
|
အမည်သစ်ကိုရသောအပြည့်အဝခွဲခြမ်းစိတ်ဖြာ Get Arvin
|
|
354606
||
Randolph Ast
||
ယူနိုက်တက်စတိတ်, အင်္ဂလိပ်
|
|
အမည်သစ်ကိုရသောအပြည့်အဝခွဲခြမ်းစိတ်ဖြာ Get Ast
|
|
407910
||
Randolph Autry
||
ယူနိုက်တက်စတိတ်, အင်္ဂလိပ်
|
|
အမည်သစ်ကိုရသောအပြည့်အဝခွဲခြမ်းစိတ်ဖြာ Get Autry
|
|
524968
||
Randolph Bagu
||
ယူနိုက်တက်စတိတ်, အင်္ဂလိပ်
|
|
အမည်သစ်ကိုရသောအပြည့်အဝခွဲခြမ်းစိတ်ဖြာ Get Bagu
|
|
29801
||
Randolph Baibak
||
ယူနိုက်တက်စတိတ်, အင်္ဂလိပ်
|
|
အမည်သစ်ကိုရသောအပြည့်အဝခွဲခြမ်းစိတ်ဖြာ Get Baibak
|
|
947563
||
Randolph Balsen
||
နိုင်ဂျီးရီးယား, အင်္ဂလိပ်
|
|
အမည်သစ်ကိုရသောအပြည့်အဝခွဲခြမ်းစိတ်ဖြာ Get Balsen
|
|
361769
||
Randolph Barbre
||
ယူနိုက်တက်စတိတ်, အင်္ဂလိပ်
|
|
အမည်သစ်ကိုရသောအပြည့်အဝခွဲခြမ်းစိတ်ဖြာ Get Barbre
|
|
1101330
||
Randolph Bazet
||
ယူနိုက်တက်စတိတ်, အင်္ဂလိပ်, အထီး
|
|
အမည်သစ်ကိုရသောအပြည့်အဝခွဲခြမ်းစိတ်ဖြာ Get Bazet
|
|
77550
||
Randolph Beare
||
ယူနိုက်တက်စတိတ်, အင်္ဂလိပ်
|
|
အမည်သစ်ကိုရသောအပြည့်အဝခွဲခြမ်းစိတ်ဖြာ Get Beare
|
|
629908
||
Randolph Beauchaine
||
နိုင်ဂျီးရီးယား, အင်္ဂလိပ်
|
|
အမည်သစ်ကိုရသောအပြည့်အဝခွဲခြမ်းစိတ်ဖြာ Get Beauchaine
|
|
249941
||
Randolph Beswitherick
||
အိန္ဒိယ, အင်္ဂလိပ်
|
|
အမည်သစ်ကိုရသောအပြည့်အဝခွဲခြမ်းစိတ်ဖြာ Get Beswitherick
|
|
899369
||
Randolph Beukes
||
နမီးဘီးယား, အင်္ဂလိပ်, အထီး
|
|
အမည်သစ်ကိုရသောအပြည့်အဝခွဲခြမ်းစိတ်ဖြာ Get Beukes
|
|
897385
||
Randolph Bibian
||
ကနေဒါ, အင်္ဂလိပ်
|
|
အမည်သစ်ကိုရသောအပြည့်အဝခွဲခြမ်းစိတ်ဖြာ Get Bibian
|
|
621457
||
Randolph Bilton
||
အိန္ဒိယ, အင်္ဂလိပ်
|
|
အမည်သစ်ကိုရသောအပြည့်အဝခွဲခြမ်းစိတ်ဖြာ Get Bilton
|
|
478531
||
Randolph Blackhurst
||
ယူနိုက်တက်စတိတ်, အင်္ဂလိပ်
|
|
အမည်သစ်ကိုရသောအပြည့်အဝခွဲခြမ်းစိတ်ဖြာ Get Blackhurst
|
|
754067
||
Randolph Bocchini
||
နိုင်ဂျီးရီးယား, အင်္ဂလိပ်
|
|
အမည်သစ်ကိုရသောအပြည့်အဝခွဲခြမ်းစိတ်ဖြာ Get Bocchini
|
|
593093
||
Randolph Boelk
||
အိန္ဒိယ, အင်္ဂလိပ်
|
|
အမည်သစ်ကိုရသောအပြည့်အဝခွဲခြမ်းစိတ်ဖြာ Get Boelk
|
|
407921
||
Randolph Boelke
||
အိန္ဒိယ, အင်္ဂလိပ်
|
|
အမည်သစ်ကိုရသောအပြည့်အဝခွဲခြမ်းစိတ်ဖြာ Get Boelke
|
|
79890
||
Randolph Bolander
||
နိုင်ဂျီးရီးယား, အင်္ဂလိပ်
|
|
အမည်သစ်ကိုရသောအပြည့်အဝခွဲခြမ်းစိတ်ဖြာ Get Bolander
|",,,,,,
<urn:uuid:85a8241d-214d-4842-b3d4-f9f2b1a4215b>,ကယားပြည်နယ် ရင်းနှီးမြှုပ်နှံမှုလုပ်ငန်းများ ကြီးကြပ်ရေးအဖွဲ့က ၂၀၂၃ ခုနှစ်၊ အောက်တိုဘာလ ၆ ရက်နေ့တွင် ရင်းနှီးမြှုပ်နှံမှုနှင့်ကုမ္ပဏီများ ညွှန်ကြားမှုဦးစီးဌာန၊ ကယား ပြည်နယ်ဦးစီးမှူးရုံး အစည်းအဝေးခန်းမ၌ မြန်မာနိုင်ငံရင်းနှီးမြှုပ်နှံမှုကော်မရှင်၏ ခွင့်ပြုမိန့်ဖြင့် လုပ်ငန်းဆောင်ရွက်လျက်ရှိသော ခဲမဖြူ၊ အဖြိုက်နက်၊ ရှီးလိုက်ရောရာသတ္တုများ ခွဲခြားသန့်စင်ခြင်း လုပ်ငန်းမှ တာဝန်ရှိပုဂ္ဂိုလ်များနှင့်တွေ့ဆုံ၍ လုပ်ငန်းဆောင်ရွက်နေမှု အခြေအနေများကို ဆွေးနွေး ခဲ့ပြီး လိုအပ်သည်များ ပေါင်းစပ်ညှိနှိုင်း ဆောင်ရွက်ပေးခဲ့ပါသည်။,,,,,,
<urn:uuid:928aff3d-c7d2-4de1-be20-a7aa12f97681>,"ပိုစတာဓာတ်ပုံတွေနဲ့တင် ဆရာဝန်အသိုင်းအဝိုင်းရဲ့ ဝေဖန်ခြင်းခံနေရတဲ့ “ဆရာဝန်စစ်စစ်ဖြစ်ချင်တယ်” ဇာတ်လမ်းတွဲ
မကြာခင် ရက်သတ္တပတ်အတွင်းမှာတော့ MRTV4 ရုပ်သံလိုင်းမှာ ထုတ်လွှင့်ပြသမယ့် “ဆရာဝန်စစ်စစ်ဖြစ်ချင်တယ်” ဇာတ်လမ်းတွဲကတော့ နေလ၊ သွန်းသစ္စာဇော်၊ ဂျူးစံသာ၊ လွန်းခြယ်၊ ဇေရ၊ ငုဝါခိုင် စတဲ့ သရုပ်ဆောင်တွေများစွာ ပါဝင်သရုပ်ဆောင်ထားကြတာပဲ ဖြစ်ပါတယ်။ အဆိုပါ “ဆရာဝန်စစ်စစ်ဖြစ်ချင်တယ်” ဇာတ်လမ်းတွဲကတော့ စတင်မထုတ်လွှင့်ရသေးခင် ပိုစတာဓာတ်ပုံတွေနဲ့တင် ပရိသတ်တွေရဲ့ ဝေဖန်ခြင်းကို ခံနေရပြီပဲ ဖြစ်ပါတယ်။
အဆိုပါ “ဆရာဝန်စစ်စစ်ဖြစ်ချင်တယ်” ဇာတ်လမ်းတွဲ ပိုစတာဓာတ်ပုံတွေထဲမှာ သရုပ်ဆောင်တွေဟာ ဆေးရုံသုံးကိရိယာကိုင်ပုံကိုင်နည်းတွေဟာ မှားယွင်းနေတဲ့အပြင် သရုပ်ဆောင်တစ်ယောက်ဟာ ခွဲစိတ်ခန်းသုံးစားပွဲပေါ်မှာ တက်ထိုင်နေပုံနဲ့ အခြားတစ်ယောက်ဟာ ဆေးရုံသုံး Mask ကို လက်အိတ်ဝတ်ပြီးမှ ကိုင်နေတဲ့ပုံစံတွေကြောင့် ဝေဖန်မှုတွေ မြင့်တက်နေတာပဲ ဖြစ်ပါတယ်။
“ဆရာဝန်စစ်စစ်ဖြစ်ချင်တယ်” ဇာတ်လမ်းတွဲကတော့ ရုပ်သံလိုင်းမှာ ထုတ်လွှင့်ပြသမှုမရှိသေးခင်မှာပဲ ပိုစတာဓာတ်ပုံတစ်ခုကြောင့် ပြင်းပြင်းထန်ထန်ဝေဖန်ခံနေရတာပဲဖြစ်ပါတယ်။ ဒါပေမယ့်လည်း အဆိုပါ ဇာတ်လမ်းတွဲကတော့ သားဖွားမီးယပ်အထူးကုဆရာဝန်ကြီး ဒေါက်တာစိုးလွင်ရဲ့ ဖြစ်ရပ်မှန်ဇာတ်လမ်းများ ဝတ္ထုကို အခြေခံရိုက်ကူးထားတာမို့ ဖန်သားပြင်ပေါ်ရောက်ရှိလာရင် ဘယ်လိုဖြစ်မလဲဆိုတာကိုတော့ ဆက်လက်စောင့်ကြည့်ရဦးမှာပဲ ဖြစ်ပါတယ်။
ကျွန်တော်တို့ရဲ့ website ပေါ်တွင်တင်ထားသော သတင်းများကို အခြား page များ နှင့် websites များ မှ ကူးယူဖော်ပြခြင်းအား ခွင့်မပြုပါဘူး။ကျေးဇူးပြု၍ ကူးယူခြင်းမပြုလုပ်ရန် လေးစားစွာဖြင့် မေတ္တာ ရပ်ခံအပ်ပါသည်။
Source: Thun Thit Sar Zaw’s fb
ပိုစတာဓာတ်ပုံတွေနဲ့တင် ဆရာဝန်အသိုင်းအဝိုင်းရဲ့ ဝေဖန်ခြင်းခံနေရတဲ့ “ဆရာဝန်စစ်စစ်ဖြစ်ချင်တယ်” ဇာတ်လမ်းတွဲ
မကြာခင် ရက်သတ္တပတ်အတွင်းမှာတော့ MRTV4 ရုပ်သံလိုင်းမှာ ထုတ်လွှင့်ပြသမယ့် “ဆရာဝန်စစ်စစ်ဖြစ်ချင်တယ်” ဇာတ်လမ်းတွဲကတော့ နေလ၊ သွန်းသစ္စာဇော်၊ ဂျူးစံသာ၊ လွန်းခြယ်၊ ဇေရ၊ ငုဝါခိုင် စတဲ့ သရုပ်ဆောင်တွေများစွာ ပါဝင်သရုပ်ဆောင်ထားကြတာပဲ ဖြစ်ပါတယ်။ အဆိုပါ “ဆရာဝန်စစ်စစ်ဖြစ်ချင်တယ်” ဇာတ်လမ်းတွဲကတော့ စတင်မထုတ်လွှင့်ရသေးခင် ပိုစတာဓာတ်ပုံတွေနဲ့တင် ပရိသတ်တွေရဲ့ ဝေဖန်ခြင်းကို ခံနေရပြီပဲ ဖြစ်ပါတယ်။
အဆိုပါ “ဆရာဝန်စစ်စစ်ဖြစ်ချင်တယ်” ဇာတ်လမ်းတွဲ ပိုစတာဓာတ်ပုံတွေထဲမှာ သရုပ်ဆောင်တွေဟာ ဆေးရုံသုံးကိရိယာကိုင်ပုံကိုင်နည်းတွေဟာ မှားယွင်းနေတဲ့အပြင် သရုပ်ဆောင်တစ်ယောက်ဟာ ခွဲစိတ်ခန်းသုံးစားပွဲပေါ်မှာ တက်ထိုင်နေပုံနဲ့ အခြားတစ်ယောက်ဟာ ဆေးရုံသုံး Mask ကို လက်အိတ်ဝတ်ပြီးမှ ကိုင်နေတဲ့ပုံစံတွေကြောင့် ဝေဖန်မှုတွေ မြင့်တက်နေတာပဲ ဖြစ်ပါတယ်။
“ဆရာဝန်စစ်စစ်ဖြစ်ချင်တယ်” ဇာတ်လမ်းတွဲကတော့ ရုပ်သံလိုင်းမှာ ထုတ်လွှင့်ပြသမှုမရှိသေးခင်မှာပဲ ပိုစတာဓာတ်ပုံတစ်ခုကြောင့် ပြင်းပြင်းထန်ထန်ဝေဖန်ခံနေရတာပဲဖြစ်ပါတယ်။ ဒါပေမယ့်လည်း အဆိုပါ ဇာတ်လမ်းတွဲကတော့ သားဖွားမီးယပ်အထူးကုဆရာဝန်ကြီး ဒေါက်တာစိုးလွင်ရဲ့ ဖြစ်ရပ်မှန်ဇာတ်လမ်းများ ဝတ္ထုကို အခြေခံရိုက်ကူးထားတာမို့ ဖန်သားပြင်ပေါ်ရောက်ရှိလာရင် ဘယ်လိုဖြစ်မလဲဆိုတာကိုတော့ ဆက်လက်စောင့်ကြည့်ရဦးမှာပဲ ဖြစ်ပါတယ်။
ကျွန်တော်တို့ရဲ့ website ပေါ်တွင်တင်ထားသော သတင်းများကို အခြား page များ နှင့် websites များ မှ ကူးယူဖော်ပြခြင်းအား ခွင့်မပြုပါဘူး။ကျေးဇူးပြု၍ ကူးယူခြင်းမပြုလုပ်ရန် လေးစားစွာဖြင့် မေတ္တာ ရပ်ခံအပ်ပါသည်။
Source: Thun Thit Sar Zaw’s fb",,,,,,
<urn:uuid:45e9a217-52d8-4f9b-9c97-75e65d749b9c>,"၂၀၁၉ ခုနှစ်အတွင်း နိုင်ငံတကာ ခရီးသွားအကြား ရေပန်းအစားဆုံးမြို့များ
၂၀၁၉ ခုနှစ် ကုန်ဆုံးသွားတာနဲ့ နိုင်ငံတကာ ခရီးသွားတွေအကြား ရေပန်းအစားဆုံး မြို့တွေရဲ့ စာရင်းကိုထုတ်ပြန် ကြေညာခဲ့ပါတယ်။ အခုထုတ်ပြန်ပေးခဲ့တဲ့ ကြေညာချက်ဟာ မြို့ပေါင်း ၄၀၀ ကို စာရင်း ပြုစုပြီး ရေပန်းအစားဆုံး မြို့ ၁၀၀ ရဲ့စာရင်းကို ထုတ်ပြန်ပေးခဲ့တာ ဖြစ်ပါတယ်။
၂၀၁၉ ခုနှစ်အတွင်း နိုင်ငံတကာ ခရီးသွားတွေကြား ရေပန်းအစားဆုံးမြို့ ၁၀၀ ရဲ့ စာရင်းမှာ အာရှတိုက်ရဲ့ မြို့ပေါင်း ၄၀ ကျော် ပါဝင်ခဲ့ပါတယ်။ အာရှတိုက်မှာ ရေပန်းအစားဆုံး မြို့စာရင်းမှာ ထိပ်ဆုံးက ရပ်တည်နေတာကတော့ ဟောင်ကောင်မြို့ဖြစ်ပြီး အိန္ဒိယနိုင်ငံရဲ့ ဒေလီမြို့ကလည်း ပထမဆုံးအကြိမ် စာရင်းထဲမှာ ပါဝင်လာပါတယ်။
၂၀၁၉ ခုနှစ်အတွင်း နိုင်ငံတကာခရီးသွားတွေအကြား ရေပန်းအစားဆုံး မြို့တွေကတော့
(၁) ဟောင်ကောင်
၂၀၁၉ ခုနှစ်အတွင်း ဟောင်ကောင်မှာ နိုင်ငံရေး မငြိမ်သက်မှုတွေ ရှိခဲ့ပေမယ့် ရေပန်းအစားဆုံး မြို့စာရင်းမှာ ထိပ်ဆုံးနေရာက ရပ်တည်နေပါတယ်။ ၂၀၁၉ ခုနှစ်အတွင်း ဟောင်ကောင်ကို နိုင်ငံတကာ ခရီးသွားပေါင်း ၂၆ ဒဿမ ၇ သန်းကျော် လာရောက် လည်ပတ်ခဲ့ပါတယ်။
(၂) ဘန်ကောက်
၂၀၁၉ ခုနှစ်အတွင်း နိုင်ငံတကာခရီးသွားတွေအကြား ရေပန်းအစားဆုံး မြို့ ၁၀၀ ရဲ့ စာရင်းမှာ ဘန်ကောက်မြို့က ဒုတိယနေရာမှာရှိနေပြီး ခရီးသွားပေါင်း ၂၅ ဒဿမ ၈ သန်း လာရောက် လည်ပတ်ခဲ့ပါတယ်။ ဘန်ကောက်မြို့ဟာ ကြယ် ၅ ပွင့်အဆင့်ရှိတဲ့ ဇိမ်ခံဟိုတယ်တွေ ပေါများသလို အရသာရှိပြီး သန့်ရှင်းလတ်ဆတ်တဲ့ လမ်းဘေး စားသောက်ဆိုင်တွေလည်း ပေါများတဲ့ မြို့တမြို့ ဖြစ်ပါတယ်။
(၃) မကာအို
တတိယနေရာမှာ ရပ်တည်နေတာကတော့ မကာအိုမြို့ဖြစ်ပြီး နိုင်ငံတကာခရီးသွားပေါင်း ၂၀ ဒဿမ ၆ သန်း လာရောက် လည်ပတ်ခဲ့ပါတယ်။ မကာအိုမြို့ဟာ သေးငယ်တဲ့ မြို့လေးတမြို့ ဖြစ်ပေမယ့် အေးအေးဆေးဆေးအနားယူ အပန်းဖြေနိုင်တဲ့ နေရာတွေ ပေါများသလို ဆိတ်ငြိမ်တဲ့ဘုရားရှိခိုးကျောင်းတွေမှာ ဘုရားဝတ်ပြုရင်း နေနိုင်ပါသေးတယ်။
(၄) စင်ကာပူ
စတုတ္ထနေရာမှာ ရှိနေတာက စင်ကာပူဖြစ်ပြီး နိုင်ငံတကာ ခရီးသွားပေါင်း ၁၉ ဒဿမ ၈ သန်း လာရောက်လည်ပတ်ခဲ့ပါတယ်။ ဖော်ပြခဲ့တဲ့ စာရင်းကို ကြည့်မယ်ဆိုရင် နိုင်ငံတကာ ခရီးသွားတွေအနေနဲ့ အာရှဒေသကို ပိုမိုစိတ်ဝင်စားလာကြောင်း တွေ့ရပါတယ်။
(၅) လန်ဒန်
အာရှဒေသတွေအပြီးမှာတော့ ဥရောပတိုက်ရဲ့ လန်ဒန်မြို့က အဆင့် ၅ နေရာမှာ ရပ်တည်နေပါတယ်။ ၂၀၁၉ ခုနှစ်အတွင်း လန်ဒန်မြို့ကို နိုင်ငံတကာ ခရီးသွားပေါင်း ၁၉ ဒဿမ ၆ သန်း လာရောက် လည်ပတ်ခဲ့ကြပါတယ်။ ဥရောပတိုက်မှာဆိုရင်တော့ လန်ဒန်မြို့ဟာ နိုင်ငံတကာ ခရီးသွားတွေကို ဆွဲဆောင်နိုင်စွမ်း အရှိဆုံးမြို့အဖြစ် ရပ်တည်နေပါသေးတယ်။
(၆) ပဲရစ်
လန်ဒန်ပြီးရင် ဥရောပတိုက်မှာ ရေပန်းအစားဆုံးမြို့ကတော့ ပဲရစ်မြို့ ဖြစ်ပြီး ခရီးသွားပေါင်း ၁၉ ဒဿမ ၁ သန်း လာရောက်ခဲ့ပါတယ်။ ပဲရစ်မြို့ဟာ ဥရောပမှာ အလှဆုံးမြို့ ဖြစ်သလို Pre Wedding ဓာတ်ပုံ ရိုက်ကူးလို့ကောင်းတဲ့ မြို့လည်း ဖြစ်ပါတယ်။
(၇) ဒူဘိုင်း
အာရပ်စော်ဘွားများ ပြည်ထောင်စု (UAE) မှာ ပါဝင်တဲ့ ဒူဘိုင်းမြို့ကလည်း ၂၀၁၉ ခုနှစ်အတွင်း နိုင်ငံတကာ ခရီးသွားတွေအကြား ရေပန်းအစားဆုံးမြို့ ၁၀ မြို့စာရင်းမှာ ပါဝင်ခဲ့သလို ခရီးသွားပေါင်း ၁၆ ဒဿမ ၃ သန်း လာရောက် လည်ပတ်ခဲ့ပါတယ်။ အခုနောက်ပိုင်းကာလတွေမှာ ဒူဘိုင်းမြို့ကလည်း ခရီးသွားလုပ်ငန်း ပိုပြီးဖွံ့ဖြိုးလာအောင် ကြိုးစာနေတာ တွေ့ရပါတယ်။
(၈) ဒေလီ
အိန္ဒိယနိုင်ငံ၊ ဒေလီမြို့ကတော့ ရေပန်းအစားဆုံး မြို့စာရင်းမှာ ပထမဆုံးအကြိမ်အဖြစ် ပါဝင်လာနိုင်ခဲ့တာဖြစ်ပြီး ခရီးသွားပေါင်း ၁၅ ဒဿမ ၂ သန်း လာရောက် လည်ပတ်ခဲ့ပါတယ်။ ဒေလီမြို့ဟာ အိန္ဒိယနိုင်ငံရဲ့ နိုင်ငံရေးဗဟိုချက်ဖြစ်သလို ခေတ်ပြိုင် ယဉ်ကျေးမှုပေါင်းစုံ စီးဆင်းနေတဲ့ မြို့တမြို့လည်း ဖြစ်ပါတယ်။
Ref: timesofindia
You may also like these stories:",,,,,,
<urn:uuid:ae3e53ae-c6cd-4e46-9a7f-c157167c1c05>,"14-Jun-2018 tagged as
အမ်ိဳးသားပညာေရးမူဝါဒေကာ္မရွင္၏ အေျခခံပညာအထက္တန္း သိပၸံဘာသာရပ္မ်ားသင္ၾကားရာတြင္ သိပၸံဆိုင္ရာ အေခၚအေဝၚမ်ားမွတစ္ပါး အျခားရွင္းလင္းခ်က္မ်ားအားလံုးကို ျမန္မာဘာသာျဖင့္သင္ၾကားသင့္ေၾကာင္း အႀကံျပဳခ်က္အေပၚ ဇြန္လ ၁၂ ရက္ေန႔ ျပည္ေထာင္စုလႊတ္ေတာ္အစည္းအေဝးတြင္ ေဝဖန္၊ ေထာက္ခံမႈမ်ားျဖင့္ ဆူညံသြားခဲ့သည္။
ယင္းအဆိုကို ေထာက္ခံသူမ်ားက လက္ရွိျမန္မာႏိုင္ငံ၏ အထက္တန္းပညာေရးစနစ္သည္ သိပၸံဘာသာရပ္မ်ားကို အဂၤလိပ္ဘာသာျဖင့္ သင္ၾကားေနလင့္ကစား အဂၤလိပ္စာ ထူးခၽြန္လာျခင္းမရွိေၾကာင္း၊ စကားလံုးမ်ားကို အလြတ္က်က္ အာဂံုေဆာင္ ျပန္ေျဖေနၾကသည့္အတြက္ သိပၸံဘာသာရပ္မ်ားကိုလည္း နားလည္တိုးတက္လာျခင္းမရွိေၾကာင္းတို႔ေၾကာင့္ ျမန္မာဘာသာျဖင့္ ေျပာင္းလဲသင္ၾကားသင့္ေၾကာင္း ေဆြးေႏြးၾကသည္။
အဂၤလိပ္ဘာသာျဖင့္ပင္ ဆက္လက္သင္ၾကားသင့္ေၾကာင္း ရပ္ခံေဆြးေႏြးသူမ်ားကမူ ေက်ာင္းသား၊ ေက်ာင္းသူမ်ား စာမလိုက္ႏိုင္ရျခင္းသည္ ဆရာ၊ ဆရာမမ်ား၏ ပညာရပ္ဆိုင္ရာ အရည္အခ်င္း၊ သင္႐ိုးမပိုင္ႏိုင္မႈတို႔ႏွင့္သာ သက္ဆိုင္သည့္အတြက္ ယင္းအားနည္းခ်က္မ်ားကို ျဖည့္ဆည္းရန္သာ ေကာ္မရွင္အေနႏွင့္ စဥ္းစားသင့္သည္ဟူေသာ အျမင္ကို တင္ျပၾကသည္။
စင္စစ္အားျဖင့္ ျမန္မာႏိုင္ငံ၏ အထက္တန္းပညာေရးအပါအဝင္ ပညာေရးနယ္ပယ္တစ္ခုလံုးသည္ တက္လာေသာ အစိုးရအဆက္ဆက္၏ မူဝါဒေရးရာ အစမ္းသပ္ခံျဖစ္ေနၿပီး အဂၤလိပ္လိုမွ ျမန္မာလို၊ ျမန္မာလိုမွ အဂၤလိပ္လို စမ္းသပ္ေျပာင္းလဲေနျခင္းေၾကာင့္ ေက်ာင္းသူ၊ ေက်ာင္းသားမ်ားမွာ အစမ္းသပ္ခံ ေျမစာပင္မ်ားအျဖစ္ အသံုးေတာ္ခံေနၾကရသည္။
ျမန္မာဘာသာျဖင့္ သင္ၾကားပါမူ အထက္တန္းအဆင့္မဆိုထားႏွင့္ တကၠသိုလ္အဆင့္တြင္ပင္ ျမန္မာစာကို ႒ာန္က႐ိုုဏ္းက်က်၊ သဒၵါ၊ အသံုးအႏႈန္းမွန္မွန္ေျပာတတ္၊ ေရးတတ္သူပင္ တျဖည္းျဖည္းနည္းပါးလာေသာ ယေန႔ေခတ္တြင္ မိခင္ဘာသာမဟုတ္သည့္ သိပၸံဘာသာရပ္မ်ားကို ေျခေျချမစ္ျမစ္ နားလည္တတ္ကၽြမ္းရန္ လြယ္ကူပါမည္ေလာဟု ေမးစရာရွိေပသည္။
ကြဲျပားျခားနားေသာ ဘာသာရပ္မ်ားကို သင္ၾကားေပးရျခင္း၏ ရည္ရြယ္ခ်က္ႏွင့္ ရည္မွန္းခ်က္မွာ ေက်ာင္းသူ၊ ေက်ာင္းသားမ်ားကို သက္ဆိုင္ရာဘာသာရပ္အသီးသီးကို အေျခခံက်က်၊ သေဘာ၊ သဘာဝႏွင့္တကြ နားလည္ေရးဟုဆိုႏိုင္သည္။ သို႔ဆိုလွ်င္ ထိုဘာသာရပ္မ်ားကို သင္ၾကားေပးသည့္ ဘာသာစကားမွာ ၾကားခံမီဒီယံသေဘာဟု ေျပာရမည္ျဖစ္သည္။ ၾကားခံမီဒီယံသည္ အဂၤလိပ္ဘာသာျဖစ္ေစ၊ ျမန္မာဘာသာျဖစ္ေစ အဓိကဦးတည္ခ်က္၊ ရည္မွန္းခ်က္ႏွင့္ ကိုက္ညီရန္သာ ဦးစားေပးရမည္ျဖစ္သည္။
သို႔ေသာ္ အျခားတစ္ဖက္တြင္လည္း ကမၻာသံုးဘာသာစကားျဖစ္လာသည့္ အဂၤလိပ္စာကိုလည္း ထူးခၽြန္ထက္ျမက္လာေစရန္ သီးျခားျမႇင့္တင္ေပးရမည္ျဖစ္သည္။ လက္ရွိ ျမန္မာႏိုင္ငံ၏ ပညာေရးစနစ္မွာ ၾကားခံပစၥည္း သို႔မဟုတ္ သာမညကိစၥအေပၚတြင္သာ အေလးအနက္ထားေနၿပီး ကၽြမ္းက်င္တတ္ေျမာက္ေရး သို႔မဟုတ္ အဓိကကိစၥဘက္တြင္ မ်ားစြာ ေပါ့ေလ်ာ့အားနည္းေနသည္ကို ေတြ႔ရသည္။
ထို႔အတူ ေက်ာင္းသူ၊ ေက်ာင္းသားမ်ားကို မည္သည့္ ဘာသာစကားျဖင့္ျဖစ္ေစ သင္ၾကားေပးၾကမည့္ ဆရာ၊ ဆရာမမ်ား၏ အရည္အခ်င္းႏွင့္ ကၽြမ္းက်င္မႈမရွိလွ်င္လည္း ရည္မွန္းခ်က္ႏွင့္ ရည္ရြယ္ခ်က္ေပါက္ေျမာက္ ႏိုင္မည္မဟုတ္ေပ။ ထို႔ေၾကာင့္ လႊတ္ေတာ္တြင္ ကန္႔ကြက္၊ ေထာက္ခံေဆြးေႏြးၾကသူမ်ား၏ ႐ႈျမင္ခ်က္မ်ား လံုးလံုးမွားယြင္း၊ မွန္ကန္သည္ဟု တစ္ထစ္ခ်မေျပာႏိုင္ေပ။
သိပၸံဘာသာရပ္မ်ား၏ သဘာဝမွာ လက္ေတြ႔ တီထြင္၊ စမ္းသပ္၊ လုပ္ကိုင္မႈမ်ားႏွင့္ ဆက္စပ္ေနသည္။ ထို႔ေၾကာင့္ အထက္တန္းအဆင့္အျပင္ ပညာေရးေလာကအတြင္းရွိ သိပံၸဘာသာသင္ၾကားေပးသည့္ အဆင့္တိုင္းတြင္ မည္သို႔ေသာ လက္ေတြ႔လုပ္ကိုင္ေဆာင္ရြက္မႈမ်ား၊ သင္ေထာက္ကူပစၥည္းမ်ား အသံုးျပဳ၍ သီအိုရီႏွင့္ လက္ေတြ႔အခ်ိဳးညီေစရန္ သင္ၾကားေပးေနသနည္း၊ သင္ၾကားေပးေသာ ဆရာ၊ ဆရာမမ်ားကို မည္သို႔ အရည္အခ်င္းျမႇင့္တင္ေပးထားသနည္းဆိုေသာ အခ်က္ကိုသာ အဓိကထား စဥ္းစားသင့္ေၾကာင္း မီးေမာင္းထိုး ေဖာ္ျပလိုရင္းျဖစ္သည္။
အယ္ဒီတာ (၁၄ - ၆ -၂၀၁၈)
-
21-Sep-2018
-
21-Sep-2018
-
21-Sep-2018
-
21-Sep-2018
-
21-Sep-2018
-
21-Sep-2018
-
13-Sep-2018
-
13-Sep-2018
-
20-Sep-2018
-
10-Sep-2018
-
10-Sep-2018
-
06-Sep-2018",,,,,,
<urn:uuid:45e2ba19-db53-4869-8fa5-a20c431c6fa7>,"Unicode Version
ယနေ့မှာတော့ မန်ချက်စတာ ယူနိုက်တက်အသင်းဟာ အသစ်ခေါ်ယူထားတဲ့ အင်္ဂလန်တောင်ပံ လူငယ်ကစားသမား ဂျော်ဒန်ဆန်ချိုကို တရားဝင်ကြေငြာမှု ပြုလုပ်လိုက်ပါပြီ
ဆန်ချိုဟာ ယူနိုက်တက်နဲ့ ၅နှစ် သက်တမ်းရှိ စာချုပ် ချုပ်ဆိုလိုက်တာ ဖြစ်ပြီးတစ်နှစ်သက်တမ်းတိုးခွင့် ပါရှိပါသေးတယ်။ ယူနိုက်တက် တရားဝင်ကြေငြာလိုက်တဲ့ သူတို့ရဲ့ ကစားသမားသစ် ဆန်ချိုရဲ့ တရားဝင် ယူနိုက်တက် ဂျာစီနဲ့ ပုံရိပ်များကို တင်ပြလိုက်ပါတယ်
ယနေ့မှာတော့ မန်ချက်စတာ ယူနိုက်တက်အသင်းဟာ အသစ်ခေါ်ယူထားတဲ့ အင်္ဂလန်တောင်ပံ လူငယ်ကစားသမား ဂျော်ဒန်ဆန်ချိုကို တရားဝင်ကြေငြာမှု ပြုလုပ်လိုက်ပါပြီ
ဆန်ချိုဟာ ယူနိုက်တက်နဲ့ ၅နှစ် သက်တမ်းရှိ စာချုပ် ချုပ်ဆိုလိုက်တာ ဖြစ်ပြီးတစ်နှစ်သက်တမ်းတိုးခွင့် ပါရှိပါသေးတယ်။ ယူနိုက်တက် တရားဝင်ကြေငြာလိုက်တဲ့ သူတို့ရဲ့ ကစားသမားသစ် ဆန်ချိုရဲ့ တရားဝင် ယူနိုက်တက် ဂျာစီနဲ့ ပုံရိပ်များကို တင်ပြလိုက်ပါတယ်
ယနေ့မှာတော့ မန်ချက်စတာ ယူနိုက်တက်အသင်းဟာ အသစ်ခေါ်ယူထားတဲ့ အင်္ဂလန်တောင်ပံ လူငယ်ကစားသမား ဂျော်ဒန်ဆန်ချိုကို တရားဝင်ကြေငြာမှု ပြုလုပ်လိုက်ပါပြီ
ဆန်ချိုဟာ ယူနိုက်တက်နဲ့ ၅နှစ် သက်တမ်းရှိ စာချုပ် ချုပ်ဆိုလိုက်တာ ဖြစ်ပြီးတစ်နှစ်သက်တမ်းတိုးခွင့် ပါရှိပါသေးတယ်။ ယူနိုက်တက် တရားဝင်ကြေငြာလိုက်တဲ့ သူတို့ရဲ့ ကစားသမားသစ် ဆန်ချိုရဲ့ တရားဝင် ယူနိုက်တက် ဂျာစီနဲ့ ပုံရိပ်များကို တင်ပြလိုက်ပါတယ်
Zawgyi Version
ယေန႕မွာေတာ့ မန္ခ်က္စတာ ယူနိုက္တက္အသင္းဟာ အသစ္ေခၚယူထားတဲ့ အဂၤလန္ေတာင္ပံ လူငယ္ကစားသမား ေဂ်ာ္ဒန္ဆန္ခ်ိဳကို တရားဝင္ေၾကျငာမႈ ျပဳလုပ္လိုက္ပါၿပီ
ဆန္ခ်ိဳဟာ ယူနိုက္တက္နဲ႕ ၅ႏွစ္ သက္တမ္းရွိ စာခ်ဳပ္ ခ်ဳပ္ဆိုလိုက္တာ ျဖစ္ၿပီးတစ္ႏွစ္သက္တမ္းတိုးခြင့္ ပါရွိပါေသးတယ္။ ယူနိုက္တက္ တရားဝင္ေၾကျငာလိုက္တဲ့ သူတို႔ရဲ႕ ကစားသမားသစ္ ဆန္ခ်ိဳရဲ႕ တရားဝင္ ယူနိုက္တက္ ဂ်ာစီနဲ႕ ပုံရိပ္မ်ားကို တင္ျပလိုက္ပါတယ္",,,,,,
<urn:uuid:54941538-68a1-4da6-a326-6842ac571f87>,"အႏုပညာရွင္ထဲမွာမွ …ႏႈတ္ခမ္းနီမေလးေတြရဲ့ အသည္းေက်ာ္ မင္းသားေခ်ာပိုင္တံခြန္ဟာဆိုရင္ ျပည္တြင္းမွာတင္မကပဲျပည္ပနိုင္ငံေတြအထိပါထိုးေဖာေအာင္ျမင္ေနတဲ့
အႏုပညာရွင္တစ္ေယာက္ပဲျဖစ္ပါတယ္ေနာ္။ဆြဲေဆာင္မႈရွိတဲ့ ပိုင္တံခြန္ဟာ မိန္းကေလး ပရိတ္သတ္ေတြတင္အားေပးၾကမ္းတာမဟုတ္ပဲ
ေယာက်ာ္းေလးပရိတ္သတ္ေတြရဲ့ခ်စ္ခင္အားေပးမႈကို အျပည့္အဝရရွိထားတာပဲျဖစ္ပါတယ္။
ခ်စ္တဲ့ ပရိသတ္ေတြကလည္း ပိုင္တံခြန္အတြက္ ေထာင္ထဲမွာ အဖမ္းခံရခ်ိန္တုန္းကလည္း ဆုေတာင္းေပးျခင္းေတြ အလႉေလးေတြ ျပဳလုပ္ေပးေနၾကပါတယ္ ။
သူတစ္ပါးအေပၚ အျမဲ အေလးထားၿပီး ကူညီေဖးမတတ္တဲ့ ပိုင္တံခြန္ကေတာ့မၾကာခင္ရက္ပိုင္းတုန္းက ျပန္လည္လြတ္ေျမာက္လာလို႔ အားလုံးက ေပ်ာ္ရြင္ေနၾကတာ ျဖစ္ပါတယ္ေနာ္…
မၾကာခင္ရက္ပိုင္းတုန္းကေတာ့ ပိုင္တံခြန္က အႏုပညာအလုပ္တစ္ခုက ကမ္းလွမ္းလာတဲ့အတြက္ ပြဲတက္ေပးခဲ့တာ ျဖစ္ပါတယ္ေနာ္.
မေတြ႕တာၾကာၿပီျဖစ္တဲ့ပိုင္တံခြန္ကို ပရိသတ္ေတြက ပုံေတြ ဝိုင္းရိုက္ေနၾကတာကို ပိုင္တံခြန္က ဓါတ္ပုံအရိုက္မခံရတာ ၾကာၿပီျဖစ္လို႔ မေနတတ္
ဘူးျဖစ္ေနတဲ့ စကားေလးကို ေျပာလာတာေၾကာင့္ ပရိသတ္ေတြကအရမ္းကို ခ်စ္ေနၾကတာျဖစ္ပါတယ္ေနာ္.. ပရိသတ္ႀကီးလည္း ပိုင္တံခြန္ရဲ့ဗီဒီယိုကို ခ်စ္ၿပီးခ်စ္ေပးၾကပါအုံးေနာ္..
Source; Paing Takon
Credit ; Cele Info
အနုပညာရှင်ထဲမှာမှ …နှုတ်ခမ်းနီမလေးတွေရဲ့ အသည်းကျော် မင်းသားချောပိုင်တံခွန်ဟာဆိုရင် ပြည်တွင်းမှာတင်မကပဲပြည်ပနိုင်ငံတွေအထိပါထိုးဖောအောင်မြင်နေတဲ့ အနုပညာရှင်တစ်ယောက်ပဲဖြစ်ပါတယ်နော်။ဆွဲဆောင်မှုရှိတဲ့ ပိုင်တံခွန်ဟာ မိန်းကလေး ပရိတ်သတ်တွေတင်အားပေးကြမ်းတာမဟုတ်ပဲ ယောကျာ်းလေးပရိတ်သတ်တွေရဲ့ချစ်ခင်အားပေးမှုကို အပြည့်အဝရရှိထားတာပဲဖြစ်ပါတယ်။
ချစ်တဲ့ ပရိသတ်တွေကလည်း ပိုင်တံခွန်အတွက် ထောင်ထဲမှာ အဖမ်းခံရချိန်တုန်းကလည်း ဆုတောင်းပေးခြင်းတွေ အလှူလေးတွေ ပြုလုပ်ပေးနေကြပါတယ် ။သူတစ်ပါးအပေါ် အမြဲ အလေးထားပြီး ကူညီဖေးမတတ်တဲ့ ပိုင်တံခွန်ကတော့မကြာခင်ရက်ပိုင်းတုန်းက ပြန်လည်လွတ်မြောက်လာလို့ အားလုံးက ပျော်ရွင်နေကြတာ ဖြစ်ပါတယ်နော်…
မကြာခင်ရက်ပိုင်းတုန်းကတော့ ပိုင်တံခွန်က အနုပညာအလုပ်တစ်ခုက ကမ်းလှမ်းလာတဲ့အတွက် ပွဲတက်ပေးခဲ့တာ ဖြစ်ပါတယ်နော်. မတွေ့တာကြာပြီဖြစ်တဲ့ပိုင်တံခွန်ကို ပရိသတ်တွေက ပုံတွေ ဝိုင်းရိုက်နေကြတာကို ပိုင်တံခွန်က ဓါတ်ပုံအရိုက်မခံရတာ ကြာပြီဖြစ်လို့ မနေတတ် ဘူးဖြစ်နေတဲ့ စကားလေးကို ပြောလာတာကြောင့် ပရိသတ်တွေကအရမ်းကို ချစ်နေကြတာဖြစ်ပါတယ်နော်.. ပရိသတ်ကြီးလည်း ပိုင်တံခွန်ရဲ့ဗီဒီယိုကို ချစ်ပြီးချစ်ပေးကြပါအုံးနော်..
Source; Paing Takonmdatenews
mdatenews",,,,,,
<urn:uuid:206a49cd-9150-4f14-b194-f1cf645957aa>,"Email This Story :
တနင်္သာရီတိုင်းအတွင်း ပင်လယ်ပြင်မှာ စက်တင်ဘာလ လဆန်းကနေစပြီး အောက်တိုဘာ ၉ ရက်အထိ တရားမဝင်ရှပ်ငုပ်လှေ ၃ စီးနဲ့ စည်းပျက် တရွတ်ဆွဲ ငါးဖမ်း ရေယာဉ် ၅ စီးတို့ကို ဖမ်းဆီးအရေးယူထားတယ်လို့ တနင်္သာရီတိုင်းဒေသကြီး ငါးလုပ်ငန်း ဦးစီးဌာနက ပြောပါတယ်။
ပုလောမြို့နယ်အတွင်းက ရေပြင်မှာ တရားမဝင် ရှပ်ငုပ်ငါးဖမ်းလှေ ၃ စီး၊ ကမာကျွန်း အနောက်ကမ်းနီးရေပြင်မှာ စည်းပျက် တရွတ်ဆွဲငါးဖမ်းရေယာဉ် ၃ စီးနဲ့ ထိုက်မြင့်ကျွန်းမြောက်ဖက် ကမ်းနီးရေပြင်မှာ စည်းပျက် တရွတ်ဆွဲ ငါးဖမ်းရေယာဉ် ၂စီးကို ဖမ်းဆီးခဲ့တာပါ။
အဲဒီဖြစ်စဉ်နဲ့ပတ်သက်ပြီး တရားမဝင် လှေတွေကို မြန်မာ့ပင်လယ် ငါးလုပ်ငန်း ဥပဒေအရ အမှုဖွင့်ထားပြီး ရေလုပ်သား ၁၅ ဦးကိုလည်း ပုလော မြို့မရဲစခန်းမှာ အမှုဖွင့်အရေးယူထား ပါတယ်။
စည်းပျက်တရွတ်ဆွဲ ရေယာဉ် ၁ စီးကို ပထမအကြိမ်ဖမ်းမိရင် ဒဏ်ငွေ ကျပ်သိန်း၃၀ နဲ့ ၃လ ငါးဖမ်းခွင့် ရပ်နားမှာဖြစ်ပြီး ဒုတိယအကြိမ်ဖမ်းမိရင်တော့ ကျပ်သိန်း ၆၀ နဲ့ ၆လ ငါးဖမ်းဆီးခွင့် ရပ်နားမှာပါ။ တတိအကြိမ် ဖမ်းဆီးရမိခဲ့ပါက ရေယာဉ်နဲ့ ဆက်စပ်ပစ္စည်းတွေကို ပြည်သူဘဏ္ဍာအဖြင့် သိမ်းဆည်းမှာဖြစ်တယ်လို့ တိုင်းဒေသကြီး ငါးလုပ်ငန်း ဦးစီးဌာနက သိရပါတယ်။
၂၀၁၈ အောက်တိုဘာလကနေ ၂၀၁၉ ခုနှစ်စက်တင်ဘာလအထိ တရားမဝင်လိုင်စင်မဲ့ ရေယာဉ် ၃၅ စီး၊ စည်းပျက်ရေယာဉ် ၆၈ စီးနဲ့ တားမြစ်ငါးဖမ်းကိရိယာ ၂ ခုကို ဖမ်းဆီး ထားပါတယ်။
သတင်း – တင့်လွင်",,,,,,
<urn:uuid:b1fcaec3-8118-40ee-bd25-c2c950652c45>,"ကင်ဂျုံအွန်းနဲ့ ဆွေးနွေးပွဲ မဖြစ်လာနိုင်စရာလည်း ရှိလို့ ထရမ့်ပြော
လာမယ့် ဇွန်လ အတွင်း ပြုလုပ်ဖို့ စီစဉ်ထားတဲ့ သမိုင်းတွင်မယ့် အမေရိကန်နဲ့မြောက်ကိုရီးယား ခေါင်းဆောင်နှစ်ဦးတို့ရဲ့ တွေ့ဆုံပွဲ ဖြစ်မြောက်ပါ့မလား ဆိုတာ စိုးရိမ်စရာတွေ ရှိလာ နေပါတယ်။ အမေရိကန်သမ္မတ ထရမ့်က ဝါရှင်တန်ကို ရောက်လာတဲ့တောင်ကိုရီးယား သမ္မတ မွန်ဂျေအင်းကို ကြိုဆို လက်ခံ ပြီး တချိန်တည်းမှာပဲ မြောက်ကိုရီးယား ခေါင်းဆောင်နဲ့တွေ့ဆုံဖို့ ကိစ္စကို ရွှေ့ဆိုင်း ရဖို့ အကြောင်းတွေလည်း ရှိနေတယ်လို့ ဆိုခဲ့လို့ ဖြစ်ပါတယ်။
ကိုဘိုဘိုက ပြောပြမှာပါ။",,,,,,
<urn:uuid:5a5edad5-535e-4a23-b1d4-3d6356b0f173>,"ပိုးဟပ္ရဲ႕စေတးတပ္။ ။ ဟူး၊ အမူးသမားအခန္းထဲဝင္လာတာကို ႀကိဳမသိ ခဲ႔ဘူးကြာ။ မနည္းေရွာင္လို႔ သူ႔ဖေနာင္႔ရန္က လြတ္လာရတာ သယ္ရင္း တို႔ေရ၊ ခံလိုက္ေပါ႔ ကိုယ္႔ဘဝနဲ႔ကိုယ္ပဲကြာ။
ၾကက္မရဲ႕စေတးတပ္။ ။ အားလုံး မဂၤလာပါရွင္။ မနက္ျဖန္ မဂၤလာပါလို႔ စေတးတပ္မတက္လာရင္ KFC ထဲေရာက္သြားၿပီလို႔ မွတ္ယူေပးၾကပါ။ အခုေတာ႔ မဂၤလာပါရွင္။
ဝက္ရဲ႕စေတးတပ္။ ။ ခြီးပဲကြာ၊ သူတို႔ဖာသာသူတို႔ ဖလူးျဖစ္တာ ငါ႔ကို ဆြဲ ထည့္ေနၾကတယ္။ ေရေရလည္လည္ ေလတယ္ကြာ။ စဥ္းစားၾကည့္ၾက ပါအုံး သယ္ရင္းတို႔ရာ။
ဆိတ္ရဲ႕စေတးတပ္။ ။ သူတို႔ ေဟာလီးေဒးနီးလာၿပီ၊ ကိုယ္ေတာ႔ လည္တ ဆန္႔ဆန္႔နဲ႔ ေလ်ႇာက္မသြားရဲေတာ႔ဘူး။ အျပင္မွာမေတြ႔လို႔ တစ္မ်ိဳးမထင္ၾက နဲ႔ေနာ္။ ဘိုင္။
သူတို႔လည္း လူေတြနဲ႔ သိပ္မကြာလွဘူး။",,,,,,
<urn:uuid:37d735d0-ad92-480d-8103-64a295e92e70>,"Aloe vera cleanser
ရှားစောင်းလက်ပတ်ဖြင့် ထည့်သွင်း ပြုလုပ်ထားတဲ့ မျက်နှာသစ် ဖြစ်သော ကြောင့် ၀ကျခွံ ကို အဓိကပျောက်ကင်းစေပါတယ်နော် ။
- နေ့စဉ် ပုံမှန် အသုံးပြု ပေးခြင်းဖြင့် ၀ကျခွံ သစ်များထက်ပြီး ဖြစ်မလာအောင်လဲ ကာကွယ်ပေးပါတယ်။
- တစ်ခြားမျက်နှာသစ်ဆေး နဲ့ မတူ ဘဲ သဘာ၀နည်း အတိုင်း ကုစားပေးတာ ဖြစ်လို့ အသားအရည်ကိုလည်း ပျက်စီးခြင်းမှ ကာကွယ်ပေးပါတယ် ။
- Collagen ပါ၀င်သောကြောင့် မျက်နှာပေါ် ရှိအမာရွက် တင်းတိတ် ၀ကျခွံ မ်ားကို ပျောက်ကင်း စေ ပါတယ် ။
- မျက်နှာပြင်ကို ချောမွတ်စေပြီး အနက်ရှိုင်းဆုံးထိမျက်နှာ
ပေါ်ရှိအဆီ ဖုန်မှုန့် များကိုသန့်စင်ပေးပါတယ်ရှင် ။
Code: HT36904
tracker id: 0 (on) #36904",,,,,,
<urn:uuid:98594515-03e5-4ebf-a4c1-10fbcbb6ec67>,"အချစ်တွေ ခိုင်မြဲဖို့ နည်းလမ်းတခု
သင့်အနေနဲ့ ချစ်သူဘဝကနေ စတင်ပြီး အိမ်ထောင်သည်ဘ၀ ရောက်တဲ့ထိအောင် မိမိချစ်သူ ကောင်မလေးနဲ့ ချစ်ချစ်ခင်ခင် ရင်းရင်းနှီးနှီး နေချင်ပါသလား။
အကောင်းဆုံး အကြံပေးချင်တာကတော့ ချစ်သူဘဝမှာလည်း အားလပ်ချိန်တွေ၊ အတူတူ ရှိနေနိုင်ချိန်တွေမှာ ရုပ်ရှင် အတူတူ ကြည့်ပါ။
အိမ်ထောင်သည်ဘ၀ ရောက်ချိန်မှာလည်း အပန်းခြေချိန်တွေမှာ Tv အတူတူကြည့်ပြီး အချိန်တွေကို ဇနီးသည်နဲ့ အတူတူ အ ကောင်းဆုံး ကုန်ဆုံးပါစေ။ သင်လိုချင်တဲ့ သင့်ချစ်သူဆီက နွေးထွေးမှုနဲ့ အတူ ချစ်ခင်မှုတွေကို ရရှိလာပါလိမ့်မယ်။
အရင်ကတော့ လက်မထပ်ခင်အချိန်မှာ အိမ်ထောင်သည်တွေလို လိင်ဆက်ဆံမှု ရှိကြတဲ့၊ Living Togetherလို့ လူသိများတဲ့ အတူတူနေကြတဲ့ ချစ်သူတွေဟာ အိမ်ထောင်သည်အဖြစ်အတူ နေထိုင်ဖြစ်ကြမှု များတယ်လို့ လေ့လာချက်တွေမှာ တွေ့ခဲ့ရပေ မယ့် လိင်စိတ်မပါတဲ့ ပိုမို နွေးထွေး ကြင်နာမှုအပိုင်းအတွက်ကိုတော့ ချစ်သူဘဝမှာတင် ဖြစ်စေ၊ အိမ်ထောင်သည်ဘဝမှာ ဖြစ် စေ လိင်ဆက်ဆံမှုထက် အခုလို ဖျော်ဖြေရေး ရုပ်သံတွေကို အတူတူ ကြည့်မှုက ပိုမို ချစ်ခင်မှုနဲ့ သံယောဇဉ်ကို ဖြစ်စေ၊ ပေးနိုင် တယ်လို့ သိလာရတာပဲ ဖြစ်ပါတယ်။
Tv အစီအစဉ်တွေ၊ ရုပ်ရှင် အတူတူ ကြည့်လေ့ရှိတဲ့ ချစ်သူတွေဟာ အချင်းချင်း တယောက်ကိုတယောက် ကြင်နာမှု သံယော ဇဉ်က အခြားချစ်သူတွေ နေထိုင်သွားလာလေ့ရှိတဲ့ ပုံစံထက် ပိုမို ကောင်းမွန်တာကို အခု နောက်ဆုံးလေ့လာချက်တွေအရ သိ လာရပါတယ်။
အများစုသော ချစ်သူ စုံတွဲတွေက လမ်းအတူတူ လျှောက်ကြတယ်၊ အတူတူ ထိုင်ပြီး စားသောက်တတ်ကြတယ်၊ တချို့ လည်း နှစ်ယေက်တည်း စကားပြောတတ်ကြပေမယ့် အဆိုပါ နေထိုင်မှုတွေကနေ အိမ်ထောင်သည်အဖြစ် ရောက်ရှိမှုနဲ့ သံယောဇဉ် ပို မိုခိုင်မြဲမှုအပိုင်းမှာတော့ ရုပ်ရှင် အတူတူကြည့်လေ့ရှိတဲ့ ချစ်သူတွေရဲ့သံယောဇဉ်က ပိုမို ခိုင်မာပြီး အိမ်ထောင်သည်ဘဝကို အ တည်တကျ ရောက်ရှိတယ်လို့ တွေ့လာရသလို အိမ်ထောင်သည် ဘဝမှာလည်း ပိုမို သစ္စာရှိချစ် ခင်လေ့ရှိတယ်လို့ တွေ့လာ ရ တာပဲ ဖြစ်ပါတယ်။
ဒါဆိုရင်တော့ အခုခေတ်ထဲမှာ ခြေများတတ်တယ်လို့ နာမည်ကြီးပြီး ကိုယ့်ချစ်သူကို ဝန်တိုတတ်တဲ့၊ မိမိ အပေါ်ကိုပဲ သစ္စာ ရှိစေချင်တယ်ဆိုတဲ့ ချစ်သူ ကောင်လေး၊ ကောင်မလေးတွေအနေနဲ့တော့ မိမိချစ်သူနဲ့ အရင်လို ပန်းခြံမှာ ထိုင်နေကျ၊ စား သောက်ဆိုင်တွေမှာ အတူတူ သွားစားနေကျ၊ လမ်းအတူတူ လျှောက်နေကျ အကျင့်တွေထက် အားလပ်ချိန်မှာ မိမိချစ်သူနဲ့ ရုပ်ရှင်ကြည့်တာတွေ၊ အိမ်ထောင်သည်တွေအနေနဲ့ အိမ်မှာ Tv အတူတူ ကြည့်တာမျိုးတွေ လုပ်ဆောင်ဖို့ လိုအပ်လာပါပြီ။
Journal of Social and Presonal Relationshipsရဲ့ လေ့လာချက်အရ အခုလို ရုပ်ရှင် အတူကြည့်တတ်တဲ့ ချစ်သူတွေမှာ သံယောဇဉ် ပိုမို ခိုင်မာတယ် ဆိုတာကို သိလာရတာ ဖြစ်ပြီး အခုလို ရလဒ်အတွက် စုံတွဲပေါင်း ၂၀၀၀ကျော် အပါအဝင် အိမ် ထောင်သည်တွေကိုပါ လေ့လာစစ်တမ်းကောက်ပြီး ထုတ်ပြန်လာတာလို့ ဆိုပါတယ်။
အထူးသဖြင့်တော့ ရုပ်ရှင်ပဲ ဖြစ်ဖြစ်၊ ရုပ်သံ အစီအစဉ်တခုကိုပဲ ဖြစ်ဖြစ်၊ အတူတူကြည့်နေပြီ ဆိုတာနဲ့ အချိန် ပျမ်းမျှ နာရီ ပိုင်းကာလထိအောင် အတူတူ ရှိနေကြသလို၊ အဆိုပါ ရုပ်သံကနေ ပေးလာတဲ့ ပျော်ရွှင်မှု၊ ဝမ်းနည်းမှု၊ သည်းထိတ်ရင်ဖိုမှု တွေကို အတူတူ ခံစားတတ်လာတာကြောင့် လူချင်းထက် စိတ်ချင်း ပိုမို နီးစပ် သံယောဇဉ်ဖြစ်လာတာလို့ ဆိုပါတယ်။
ကဲ၊ ဒါဆိုရင်တော့ ချစ်သူကို အိမ်ထောင်ဖက်အဖြစ် ရွေးထားပြီ၊ မိမိတယောက်တည်းကိုပဲ ချစ်စေ၊ ကြင်နာစေ၊ သစ္စာရှိစေ ချင်၊ ပိုမိုနွေးထွေးမှုကိုလည်း ရလိုချင်တယ် ဆိုရင်တော့ အတူတူ ရုပ်ရှင်ကြည့်ဖို့ လိုအပ်နေပြီ ဆိုတာပါပဲ။
www.maxim.com",,,,,,
<urn:uuid:a0a0782d-862c-4d2b-a108-009555ab0182>,"အီတလီ အလယ်ပိုင်း လအနည်းငယ် အတွင်း ငလျင်ကြီး လေးကြိမ် တွေ့ကြုံ
အီတလီနိုင်ငံ အလယ်ပိုင်းမှာ ဩဂုတ်လက စလို့ လေးကြိမ်မြောက် လှုပ်ခတ်ခဲ့တဲ့ ငလျင် ဒဏ်ကို ခံခဲ့ရ ပြီးတဲ့နောက် သိန်းနဲ့ချီတဲ့ လူတွေဟာ အခက်အခဲ ဒုက္ခတွေ ရင်ဆိုင် ကြရင်းသား ရှည်လျားတဲ့ ညတာကို ကြိုးစား ကျော်ဖြတ် နေကြရပါတယ်။
ငလျင်ဒဏ်ကြောင့် အထောက်အပံ့ အကူအညီတွေ လိုအပ်နေတဲ့ လူ အရေအတွက် ဆယ်ဆ မက မြင့်တက် လာတယ်လို့ မားခေး ဒေသ အုပ်ချုပ်ရေးမှုးက ပြောပါတယ်။
ငလျင်ကြီးရဲ့ နောက်ဆက်တွဲ ဖြစ်လာတဲ့ ငလျင် အသေးစားတွေကြောင့် နေအိမ်တွေ ဆက်လက် ပြိုကျ နေရဆဲ ဖြစ်ပါတယ်။
ငလျင်ဒဏ်ကို အဆိုးရွားဆုံး ခံခဲ့ရတဲ့ မြို့တွေထဲက တစ်မြို့ဖြစ်တဲ့ နောချာ မြို့က မြို့ခံတွေက သူတို့ အဲဒီ့မြို့မှာ ဆက်မနေရဲ လောက်အောင် ကြောက်ရွံ့ ထိတ်လန့် နေရတယ်လို့ ဆိုပါတယ်။
လူတချို့ မြို့ကို စွန့်ခွာ ထွက်သွားခဲ့ကြပြီး၊ ကျန်ရစ်သူတွေ ထဲက တချို့ကတော့ လာရောက် ကူညီသူတွေ စီစဉ်ပေးတဲ့ ယာယီ စခန်း နေရာတွေမှာ နေနေကြသူတွေ ရှိသလို ကိုယ့် မော်တော်ယာဉ် ကားတွေထဲမှာပဲ အိပ်စက် နေကြသူတွေလည်း ရှိပါတယ်။
ဥရောပတလွှား အလေးအမြတ် ထားကြရတဲ့ ခရစ်ယာန် သူတော်စင် စိန့် ဘင်နာဒစ်ခ် အထိမ်းအမှတ် ၁၄ ရာစု လက်ရာ ရှေး ဘုရားကျောင်းလည်း နောချာမြို့ ငလျင်ထဲ ပါသွား ခဲ့ရပါတယ်။
ငလျင်ကြောင့် ပျက်စီး ခဲ့ရသမျှ တွေ ပြန်လည် တည်ဆောက် ပေးမယ်လို့ အီတလီ ဝန်ကြီးချုပ် မက်ထေးအို ရန်ဇီက ကတိပြု ပြောဆိုထားပါတယ်။",,,,,,
<urn:uuid:9acdafaf-5a12-4e5c-bd23-72613d6476cf>,"(၃-၁-၂၀၂၂) ရက်နေ့ ထုတ်လွှင့်မှုကဏ္ဍများ
PVTV Theme Song – PVTV
နေ့စဉ်သတင်းကဏ္ဍ - ထက်ထက်အိန္ဒြာအောင်
ပြည်သူ့ခုခံစစ်သတင်းများ - နွေဦးလွင်
တစ်ပတ်အတွင်းမိုးလေဝသခန့်မှန်းချက် - နွေဦးလင်းအိမ်
ပြောကြားချက် - ကျန်းမာရေးဝန်ကြီးဌာန၊ပြည်ထောင်စုဝန်ကြီးဒေါက်တာဇော်ဝေစိုး
ဖက်ဒရယ်ပညာရေးစနစ်၏ အုပ်ချုပ်မှုပုံစံနှင့် ကျောင်းအုပ်ချုပ်မှုပုံစံ - Public Lecture အပိုင်း(၄)
တေးဂီတ - ဒို့ပြည်ထောင်စုကိုဒို့ပြန်သိမ်းပိုက်ကြရမယ်/Eh Poe(GSM)
နေ့စဉ်ည (၈:၀၀) အချိန်တွင် စောင့်မျှော်ကြည့်ရှုနိုင်ပါသည်။ ရုပ်သံသတင်းများ၊ ရုပ်သံစာမူများ၊ သီချင်းများနှင့် အခြားဖန်တီးမှုအနုပညာ လက်ရာများ၊ Video များကို [email protected] သို့ ပေးပို့နိုင်ပါသည်။
PVTV Theme Song – PVTV
နေ့စဉ်သတင်းကဏ္ဍ - ထက်ထက်အိန္ဒြာအောင်
ပြည်သူ့ခုခံစစ်သတင်းများ - နွေဦးလွင်
တစ်ပတ်အတွင်းမိုးလေဝသခန့်မှန်းချက် - နွေဦးလင်းအိမ်
ပြောကြားချက် - ကျန်းမာရေးဝန်ကြီးဌာန၊ပြည်ထောင်စုဝန်ကြီးဒေါက်တာဇော်ဝေစိုး
ဖက်ဒရယ်ပညာရေးစနစ်၏ အုပ်ချုပ်မှုပုံစံနှင့် ကျောင်းအုပ်ချုပ်မှုပုံစံ - Public Lecture အပိုင်း(၄)
တေးဂီတ - ဒို့ပြည်ထောင်စုကိုဒို့ပြန်သိမ်းပိုက်ကြရမယ်/Eh Poe(GSM)
နေ့စဉ်ည (၈:၀၀) အချိန်တွင် စောင့်မျှော်ကြည့်ရှုနိုင်ပါသည်။ ရုပ်သံသတင်းများ၊ ရုပ်သံစာမူများ၊ သီချင်းများနှင့် အခြားဖန်တီးမှုအနုပညာ လက်ရာများ၊ Video များကို [email protected] သို့ ပေးပို့နိုင်ပါသည်။
- Category
- Management",,,,,,
<urn:uuid:ba31cc2d-859f-4e06-9417-10df6878c999>,"၂ နိုဝင်ဘာ ၂၀၂၁
HotCatကို အသုံးပြု၍ Category:အပင်များကို ဖယ်ရှားခဲ့သည်၊ Category:အသီး ဟင်းသီးဟင်းရွက်ပင်များကို ပေါင်းထည့်ခဲ့သည်အရေးမကြီး
+၅၉
၁ နိုဝင်ဘာ ၂၀၂၁
၇ အောက်တိုဘာ ၂၀၂၁
၂၇ ဩဂုတ် ၂၀၂၀
၄ ဖေဖော်ဝါရီ ၂၀၁၈
၁၈ အောက်တိုဘာ ၂၀၁၇
၅ စက်တင်ဘာ ၂၀၁၆
၃၀ မတ် ၂၀၁၆
၈ မတ် ၂၀၁၃
Bot: Migrating 105 interwiki links, now provided by Wikidata on d:q7540 (translate me)အရေးမကြီး
−၂၁၉၇
၄ မတ် ၂၀၁၃
၃ မတ် ၂၀၁၃
r2.6.6) (ရိုဘော့က ဖယ်ရှားနေသည် - ckb:باینجان (خواردن)အရေးမကြီး
−၃၈
r2.6.5) (ရိုဘော့က ပေါင်းထည့်နေသည် - gl:Berenxenaအရေးမကြီး
+၁၇
၇ ဖေဖော်ဝါရီ ၂၀၁၃
၁၉ နိုဝင်ဘာ ၂၀၁၂
၂၃ အောက်တိုဘာ ၂၀၁၂
၂၂ ဇူလိုင် ၂၀၁၂
၇ ဇူလိုင် ၂၀၁၂
၇ ဧပြီ ၂၀၁၂
၂၃ မတ် ၂၀၁၂
၁၈ မတ် ၂၀၁၂
၁၀ ဖေဖော်ဝါရီ ၂၀၁၂
r2.7.2+) (ရိုဘော့က ပေါင်းထည့်နေသည် - ab, ace, ang, ar, az, be, bg, bi, bo, bs, ca, cs, cy, da, de, dsb, dv, el, eo, es, eu, fa, fi, fr, gu, gv, he, hi, hr, hsb, ht, hu, hy, id, ilo, io, is, it, ja, jv,...အရေးမကြီး
+၁၉၅၂
၂၆ စက်တင်ဘာ ၂၀၁၁
၁၈ မတ် ၂၀၁၁
၃၀ ဇန်နဝါရီ ၂၀၁၁
Bot: Automated text replacement (-ဥာ +ဉာ, -ဥ် +ဉ်, -ုွ +ွု, -ံွ +ွံ, -ှွ +ွှ, -ံု +ုံ, -စျ +ဈ, -သြ +ဩ, -ဪ +ဪ, -၀ိ +ဝိ, -၀ီ +ဝီ, -၀ု +ဝု, -၀ူ +ဝူ, -၀ေအရေးမကြီး
−၃",,,,,,
<urn:uuid:c6a9e2df-b44e-4dd8-b537-4bdaa8df3504>,"တကယ္ေတာ့ ဒီလိုမ်ိဳးဝတ္ဆင္ျခင္းဟာ အမ်ိဳးသမီးေတြအတြက္ အႏာၱရာယ္ရွိပါတယ္။ FemCare ရဲ့ ေဆးပညာဆိုင္ရာ ကြ်မ္းက်င္သူ Jason James က “ေရခ်ိဳးျပီးတာနဲ႔ အဝတ္အစားမဝတ္ခင္မွာ လိင္အဂၤါအျပင္ဘက္အပိုင္းကို ကိုယ္သုတ္ပဝါနဲ႔ညင္သာစြာ သုတ္ေပးသင့္ပါတယ္”လုိ႔ဆိုပါတယ္။
ဒီအခ်က္ဟာ အမ်ိဳးသမီးေတြအတြက္ အရမ္းအေရးၾကီးပါတယ္။ အကယ္၍ လိင္အဂၤါနားတစ္ဝိုက္မွာ စိုုစြတ္ေနတဲ့အတုိင္းအဝတ္အစား အလ်င္စလိုုဝတ္လိုက္မိရင္ မိႈစြဲတဲ့ေရာဂါျဖစ္လာဖို႔ရာခိုင္နႈန္းမ်ားပါတယ္။ James က “အကယ္၍ သင္က ေရခ်ိဳးျပီးကာစမွာ အဝတ္အစားေတြကို ဝတ္ဆင္လိုက္ရင္ စိုထိုင္းမႈကို ပိတ္ေလွာင္လိုက္သလိုျဖစ္သြားပါလိမ့္မယ္။ ဒီအခ်က္က ဘက္တီးရီးယားေတြကိုပိုမိုုေပါက္ဖြားေစနုုိင္ပါတယ္။ မိႈစြဲတဲ့ေရာဂါမ်ိဳးေတြျဖစ္လာနုုိင္ပါတယ္”လို႔ဆိုပါတယ္။
ဒီလိုမႈိစြဲတဲ့ေရာဂါမ်ိဳးကေတာ့ ဘယ္သူမွျဖစ္ခ်င္မွာမဟုတ္ပါဘူး။ ျဖစ္ဖူးသူမ်ားရဲ့အေတြ႕အၾကံအရ အေတာ္ဆိုးရြာေၾကာင္းလည္း Jamesကရွင္းျပခဲ့ပါတယ္။ အစိုဓာတ္နဲ႔ အတြင္းခံပြတ္တိုုက္မႈက ယားယံျခင္းက စတင္ေစကာ pHေျပာင္းလဲမႈကိုျဖစ္ေပၚေစပါတယ္။ ဒီလိုမျဖစ္ခ်င္ရင္ေတာ့ လုပ္လို႔ရတာ ၂ခုုရွိပါတယ္။ ပထမတစ္ခုက သင့္ရဲ့လိင္အဂၤါတစ္ဝိုက္ကိုေရခ်ိဳးျပီးတာနဲ႔ ညင္သာစြာ ကိုုယ္သုတ္ပဝါနဲ႔သုတ္ဖိုု႔ပါ။ အ၇မ္းပြတ္တိုက္တာမိိ်ဳးမလုုပ္မိပါေစနဲ႔။ ဒုတိယတစ္ခ်က္ကမိတ္ကပ္လိမ္းတာ၊အလွျပင္တာ၊ေကာ္ဖီေသာက္တာေတြျပီးမွ အဝတ္အစားစျပီးဝတ္ဆင္တာမ်ိဳးပါ။ ဒီလိုုလုုပ္ျခင္းအားျဖင့္ လိင္အဂၤါတစ္ဝိုက္မွာ ေလဝင္ေလထြက္ရွိျပီး အလိုေလ်ာက္ေျခာက္ေသြ႕သြားေစနိုုင္ပါတယ္။
Credit : Lwin Pyin
ဤစာဖတ္သူမ်ားအားလံုးက်န္းမာခ်မ္းသာၾကပါေစလို႔ေ႐ႊခ်စ္သူမွဆုေတာင္းေမတၱာပို႔သေပးပါတယ္။
မွ်ေဝေပးျခင္းဟာလည္းေမတၱာတစ္မ်ိဳးပဲမို႔ မွ်ေဝေပးပါေနာ္...
#Unicode
တစ်ခါတစ်လေ အမျိုးသမီးတွေဟာ ရေချိုးပြီးရင် အလျင်စလို အတွင်းခံဘောင်းဘီကို ဝတ်ဆင်တတ်ကြပါတယ်။
တကယ်တော့ ဒီလိုမျိုးဝတ်ဆင်ခြင်းဟာ အမျိုးသမီးတွေအတွက် အန္တာရာယ်ရှိပါတယ်။ FemCare ရဲ့ ဆေးပညာဆိုင်ရာ ကျွမ်းကျင်သူ Jason James က “ရေချိုးပြီးတာနဲ့ အဝတ်အစားမဝတ်ခင်မှာ လိင်အင်္ဂါအပြင်ဘက်အပိုင်းကို ကိုယ်သုတ်ပဝါနဲ့ညင်သာစွာ သုတ်ပေးသင့်ပါတယ်”လို့ဆိုပါတယ်။
ဒီအချက်ဟာ အမျိုးသမီးတွေအတွက် အရမ်းအရေးကြီးပါတယ်။ အကယ်၍ လိင်အင်္ဂါနားတစ်ဝိုက်မှာ စိုစွတ်နေတဲ့အတိုင်းအဝတ်အစား အလျင်စလိုဝတ်လိုက်မိရင် မှိုစွဲတဲ့ရောဂါဖြစ်လာဖို့ရာခိုင်နှုန်းများပါတယ်။ James က “အကယ်၍ သင်က ရေချိုးပြီးကာစမှာ အဝတ်အစားတွေကို ဝတ်ဆင်လိုက်ရင် စိုထိုင်းမှုကို ပိတ်လှောင်လိုက်သလိုဖြစ်သွားပါလိမ့်မယ်။ ဒီအချက်က ဘက်တီးရီးယားတွေကိုပိုမိုပေါက်ဖွားစေနိုင်ပါတယ်။ မှိုစွဲတဲ့ရောဂါမျိုးတွေဖြစ်လာနိုင်ပါတယ်”လို့ဆိုပါတယ်။
ဒီလိုမှိုစွဲတဲ့ရောဂါမျိုးကတော့ ဘယ်သူမှဖြစ်ချင်မှာမဟုတ်ပါဘူး။ ဖြစ်ဖူးသူများရဲ့အတွေ့အကြံအရ အတော်ဆိုးရွာကြောင်းလည်း Jamesကရှင်းပြခဲ့ပါတယ်။ အစိုဓာတ်နဲ့ အတွင်းခံပွတ်တိုက်မှုက ယားယံခြင်းက စတင်စေကာ pHပြောင်းလဲမှုကိုဖြစ်ပေါ်စေပါတယ်။ ဒီလိုမဖြစ်ချင်ရင်တော့ လုပ်လို့ရတာ ၂ခုရှိပါတယ်။ ပထမတစ်ခုက သင့်ရဲ့လိင်အင်္ဂါတစ်ဝိုက်ကိုရေချိုးပြီးတာနဲ့ ညင်သာစွာ ကိုယ်သုတ်ပဝါနဲ့သုတ်ဖို့ပါ။ အ၇မ်းပွတ်တိုက်တာမိျုးမလုပ်မိပါစေနဲ့။ ဒုတိယတစ်ချက်ကမိတ်ကပ်လိမ်းတာ၊အလှပြင်တာ၊ကော်ဖီသောက်တာတွေပြီးမှ အဝတ်အစားစပြီးဝတ်ဆင်တာမျိုးပါ။ ဒီလိုလုပ်ခြင်းအားဖြင့် လိင်အင်္ဂါတစ်ဝိုက်မှာ လေဝင်လေထွက်ရှိပြီး အလိုလျောက်ခြောက်သွေ့သွားစေနိုင်ပါတယ်။
Credit : Lwin Pyin
ဤစာဖတ်သူများအားလုံးကျန်းမာချမ်းသာကြပါစေလို့ရွှေချစ်သူမှဆုတောင်းမေတ္တာပို့သပေးပါတယ်။
မျှဝေပေးခြင်းဟာလည်းမေတ္တာတစ်မျိုးပဲမို့ မျှဝေပေးပါနော်...",,,,,,
<urn:uuid:a29fafe6-21dd-40b3-8fb1-1637ef0b835f>,"ပြည်မြို့နယ်တရားရုံးအတွင်း မီးလောင်မှုဖြစ်ပွား
ဇူလိုင်(၁၃) AlinnMyay(အလင်းမြေ)
ပြည်ခရိုင်၊ပြည်မြို့ရှိ မြို့နယ်တရားရုံးဝန်းအတွင်း ထားရှိသော သက်သေခံဆိုင်ကယ်များ ဇွန်လ ၁၃ရက်၊မနက် ၅နာရီခန့်က မီးလောင်မှုဖြစ်ပွားခဲ့သည်ဟု သိရသည်။
အဆိုပါမီးလောင်မှုကို ပြည်မြို့နယ်မီးသတ်စခန်းမှ မီးသတ်ယာဉ် သုံးစီး၊ကျောင်းကြီးအိုးတန်းရပ်ကွက်၊ ဆေးရေးရပ်ကွက်နှင့် ဆံတော်ရပ်ကွက် အရန်မီးသတ်စခန်းတို့မှ ယာဉ်ငါးစီးဖြင့် သွားရောက်ငြိမ်းသတ်ခဲ့ပြီး မီးလောင်ကျွမ်းမှုဖြစ်ပြီး မိနှစ် နှစ်ဆယ်ခန့်အချိန်တွင် ငြိမ်းသတ်နိုင်ခဲ့သည်။
မီးလောင်ကျွမ်းမှုကြောင့် သက်သေခံဆိုင်ကယ် ဆယ်စီးခန့်ရှိ ကာဗာနှင့် တာယာများ မီးလောင်ကျွမ်းခဲ့ပြီး ကာလတန်ဖိုး ကျပ်ငါးသောင်းဝန်းကျင် ဆုံးရှုံးခဲ့ကြောင်း မီးသတ်ဌာနမှ မှတ်တမ်းများအရ သိရသည်။
မီးလောင်းကျွမ်းမှုဖြစ်စဉ်မှာ တရားရုံးဝန်းအတွင်းထားသော သက်သေခံဆိုင်ကယ်များအနီးရှိ အမှိုက်ပုံမီးမှတဆင့် ကူးစက်လောင်ကျွမ်းခြင်းဖြစ်သည်ဟု သိရပြီး အတည်ပြုရန် ပြည်မြို့နယ်မီးသတ်တပ်ဖွဲ့ကို မေးမြန်းခဲ့သော်လည်း အထက်လူကြီးအား မေးမြန်းပြီး ပြည်လည်ဆက်သွယ်မည်ဟုဆိုကာ ပြန်လည်ဆက်သွယ်လာခြင်း မရှိခဲ့ပါ။
အဆိုပါမီးလောင်မှုကြောင့်ထိခိုက်ဒဏ်ရာရမှု၊လူသေဆုံးမှုမရှိဟု သိရပြီး မီးလောင်မှုနှင့်ပတ်သက်ပြီး တရားရုံးဝန်းအစောင့်ဖြစ်သူအား ပြည်မြို့နယ်အမှတ် ၁ နယ်မြေရဲစခန်းမှ ပ-၃၂၂/၂၀၂၀၊ပုဒ်မ ၂၈၅ဖြင့် အရေးယူထားသည်ဟု သိရသည်။
ဝေဖုန်းစံ(ပြည်) #AlinnMyay(အလင်းမြေ) #ပြည်သူ့ကူညီရေး #ပြည်သူ့အသံဖော်ဆောင်ရေး #သတင်းမှန်မီဒီယာ",,,,,,
<urn:uuid:aed4ced7-ee99-46be-8b3e-5a768eddd0fe>,"စပိန်လာလီဂါ အင်အားကြီးကလပ် ဘာစီလိုနာဟာ ယခုနှစ် ဘောလုံးရာသီ အကုန်မှာ အီတလီ စီးရီးအေ အင်အားကြီးအသင်း တသင်း ဖြစ်တဲ့ အေစီမီလန်နဲ့ စာချုပ်သက်တမ်း ကုန်ဆုံးတော့မယ့် ကွင်းလယ်လူ ဖရန့် ကတ်ဆီးကို အလွတ်နဲ့ ခေါ်ယူနိုင်ဖို့ နီးစပ်နေကြောင်း စပိန်အခြေစိုက် သတင်းဌာနတွေက အခိုင်အမာ ဖော်ပြသွားကြပါတယ်။
အသက် ၂၅နှစ် အရွယ် အိုင်ဗရီကို့စ် လက်ရွေးစင် ကွင်းလယ်လူ ဖရန့် ကတ်ဆီးဟာ ကြံ့ခိုင်မှု အားကောင်းကာ ဘောလုံးလုယူမှု ၊ ဘောလုံးဖြန့်ဝေမှုတွေမှာ အတော်လေး ကျွမ်းကျင်သလို လက်ရှိ စီးရီးအေရဲ့ အကောင်းဆုံး ဗဟိုကွင်းလယ်လူတွေထဲက တဦး အဖြစ် သတ်မှတ်ခံထားရသူပါ။
Photo Credit: Goal
ကတ်ဆီးဟာ ယခုနှစ် ဘောလုံးရာသီမှာ အေစီမီလန် အတွက် ပြိုင်ပွဲစုံမှာ ၂၉ပွဲ ပါဝင် ကစားပေးထားရာ သွင်းဂိုး ၆ဂိုး အထိ သွင်းယူထားနိုင်ခဲ့ပြီး ဂိုးဖန်တီးမှု ၁ကြိမ် ပြုလုပ်နိုင်ခဲ့ကာ အသင်းရဲ့ မရှိမဖြစ် ကစားသမား တဦး အဖြစ် ခြေစွမ်းပြနေပေမယ့် ယခုနှစ် ဘောလုံးရာသီမှာတော့ အသင်းကနေ အလွတ်နဲ့ ထွက်ခွာဖို့ ဆုံးဖြတ်ထားသူလည်း ဖြစ်ပါတယ်။
ဒါကြောင့်ပဲ ဥရောပ တလွှားမှာ ရှိနေတဲ့ ထိပ်သီးအသင်းတွေက ကတ်ဆီးကို ခေါ်ယူဖို့ စိတ်ဝင်စားမှုတွေ ပြသနေကြပေမယ့် ဇာဗီရဲ့ ဦးဆောင်မှုနဲ့အတူ အသင်းကို သွေးသစ်လောင်းမှုတွေ ပြုလုပ်နေတဲ့ ဘာစီလိုနာက ကတ်ဆီးကို ခေါ်ယူဖို့ အပူတပြင်း ကြိုးပမ်းခဲ့သလို ကတ်ဆီးကို အလွတ်နဲ့ ခေါ်နိုင်ဖို့လည်း နီးစပ်နေကြောင်း စပိန်အခြေစိုက် နာမည်ကြီး သတင်းဌာနတွေက ဆိုပါတယ်။
Photo Credit: Goal
ဘာစီလိုနာနဲ့ နီးစပ်သလို အပြောင်းအရွှေ့ သတင်းတွေနဲ့ ပတ်သတ်ရင် ယုံကြည် စိတ်ချရတဲ့ နာမည်ကြီး သတင်းထောက် ဂျာရတ် မော်ရီနိုရဲ့ ဖော်ပြချက်အရ ဘာစီလိုနာဟာ ကတ်ဆီးကို အလွတ်နဲ့ ခေါ်ယူနိုင်ဖို့ သဘောတူညီမှု ရရှိခဲ့ပြီး ကတ်ဆီးဟာ ဘာစီလိုနာမှာ တနှစ် လုပ်ခလစာ ယူရို ၅သန်း ဝန်းကျင် ရရှိဖွယ် ရှိနေကာ ဘာစီလိုနာက ကတ်ဆီးရဲ့ အေးဂျင့်ကို အေးဂျင့်ခ ယူရို ၁၀သန်း ပေးချေဖို့ သဘောတူထားကြောင်း သိရပါတယ်။",,,,,,
<urn:uuid:ee882a23-4e03-4f45-8690-5e6bed3cdbae>,"အလုပ်သမား သမဂ္ဂ ခေါင်းဆောင်များ အလုပ်ထုတ်ခံရမှု သက်ဆိုင်ရာသို့ တင်ပြမည်
This article has been converted from Zawgyi One to Unicode
မြန်မာနိုင်ငံတွင်းရှိ စက်ရုံ အလုပ်ရုံများတွင် အလုပ်သမား သမဂ္ဂများ ဖွဲ့စည်းခွင့်ပေးရေး တောင်းဆိုသည့်
အလုပ်သမား ခေါင်းဆောင်များ အလုပ်မှ ထုတ်ပယ်ခြင်း ခံနေရသည့် ကိစ္စနှင့် ပတ်သက်၍ အလုပ်သမား ဝန်ကြီးဌာန အလုပ်သမားခုံ သမာဓိရုံးနှင့် သက်ဆိုင်ရာဝန်ကြီး ဌာနများသို့ တင်ပြသွားရန်ရှိကြောင်း နိုင်ငံတကာ အလုပ်သမား အဖွဲ့
(ILO) မှ နည်းပညာ ဆိုင်ရာအကြံပေး အရာရှိ ရော့ခ် ဝီလ်စင်က ပြောသည်။
ယင်းသို့ အလုပ်သမား ခေါင်းဆောင်များ အလုပ်မှ ထုတ်ပယ် ခံနေရခြင်းသည် မကြာမီက ထုတ်ပြန်ထားသည့်
အလုပ်သမား အခြေခံဥပဒေ၏ အကျိုးသက်ရောက်မှု အားနည်းနေသောကြောင့် ဖြစ်ကြောင်း၊ ထို့အပြင် လူထု သိရှိမှု နည်းနေပြီး ဥပဒေပါ အချက်အလက်များတွင် အလုပ်သမားများ အပေါ် ကာကွယ် တာဝန်ယူနိုင်သည့် အချက်အလက်များ နည်းပါးနေခြင်းကြောင့် ဖြစ်ကြောင်း၊ အလုပ်သမား ခေါင်းဆောင်များ ထုတ်ပယ် ခံနေရခြင်းကို သက်ဆိုင်ရာ ဌာနများက
စုပေါင်း တားဆီးရန် လိုအပ်ကြောင်း ၎င်းက ယမန်နေ့ ရန်ကုန်တွင် ပထမဆုံးအကြိမ် ကျင်းပသည့် ILO အလုပ်ရုံ ဆွေးနွေးးပွဲတွင် ပြောဆိုလိုက်သည်။
“အလုပ်သမား ခေါင်းဆောင်တွေ အလုပ်ထုတ် ခံနေရတဲ့အပေါ် အလုပ်သမား ဝန်ကြီးဌာနက အလုပ်ရှင်တွေကို သတိပေးတာ၊ သတင်းအချက်အလက် ထုတ်ပြန်တာတွေ လုပ်ပေးသင့်တယ်။ အလုပ်သမား၊ အလုပ်ရှင်နဲ့ သက်ဆိုင်ရာ ဌာနများကလည်း ဥပဒေ ပြဌာန်းချက်တွေကို အတိအကျ လိုက်နာသင့်တယ်” ဟု သူက ဆိုသည်။
အလုပ်သမားအဖွဲ့အစည်းများ၊ အလုပ်ရှင် အဖွဲ့အစည်းများနှင့် ဌာနများမှ ခုံသမာဓိ အဖွဲ့ဝင်များ၊ဥပဒေ ရေးရာ သက်ဆိုင်သူ များကို ILO က တာဝန်ယူကာ အဖွဲ့အစည်း တခုချင်းစီ သော်လည်းကောင်း၊ စုပေါင်း၍သော် လည်းကောင်း ပြီးပြည့်စုံမှု ရှိသည့် အလုပ်သမား၊ အလုပ်ရှင်နှင့် ပတ်သက်သည့် ဥပဒေရေးရာ သင်တန်းများ၊ အလုပ်ရုံ ဆွေးနွေးပွဲများ ပြုလုပ်ပို့ချ သွားရန် ရှိကြောင်း သိရသည်။
ဥပဒေ ပြဌာန်းချက်နှင့် မညီဘဲ အလုပ်သမား ခေါင်းဆောင်များကို အလုပ်မှ ထုတ်ပယ်ခြင်းသည် အလုပ်သမား ဥပဒေနှင့်
အကျုံးမဝင်ကြောင်း၊ ထို့ကြောင့် ဥပဒေ အသက်ဝင်စေရေးအတွက် ဆောင်ရွက်ရန် လိုအပ်ကြောင်း၊ အလုပ်သမား ခုံသမာဓိ အဖွဲ့များအနေဖြင့် လုပ်သားရေးရာ ကိစ္စများ ဆုံးဖြတ်ရာတွင် တရားမျှတမှုမရှိဘဲ ဘက်လိုက်မှုများ ရှိနေမည်ကို အလုပ်သမား များက စိုးရိမ်လျက်ရှိသည်ဟု အလုပ်သမား သမဂ္ဂ ခေါင်းဆောင်တဦးဖြစ်သည့် ဦးဇော်ညွန့်က ပြောသည်။
“ဥပဒေပိုင်း ဆိုင်ရာတွေကို ပြန်ညှိဖို့တော့ လိုအပ်နေပြီ။ အလုပ်ရှင်တွေက အလုပ်သမား ခေါင်းဆောင်တွေကို ပြစ်မှု မကျူးလွန်ဘဲ ဖြုတ်ပစ်တာတွေပါ ရှိလာတယ်” ဟု သူက ဆိုသည်။
ဖြစ်ရပ်တခုအနေဖြင့် စံကောင်း ကမ္ဘာကျော် စက်ရုံတွင် အလုပ်သမား အဖွဲ့အစည်း ဖွဲ့စည်းခဲ့ရာ ခေါင်းဆောင်အဖြစ် ပါဝင်ခဲ့သော လုပ်သား ကိုယ်စားလှယ် ၁၂ ဦးအား ပြစ်မှုကျူးလွန်ခြင်း မရှိဘဲ အလုပ်မှ ထုတ်ခဲ့ကြောင်း သိရသည်။
စက်ရုံ အလုပ်ရုံများတွင် အလုပ်သမား ဆန္ဒပြမှုများ ဆက်လက်ရှိနေမည် ဆိုပါက ပြည်ပ ရင်းနှီးမြှုပ်နှံမှုများ ဝင်ရောက် လာသည့် အခါတွင် အကျိုး သက်ရောက်မှုများ ရှိလာနိုင်ကြောင်း လုပ်ငန်းရှင် အသိုင်းအဝန်းက ဆိုသည်။
လက်ရှိတွင် မြန်မာနိုင်ငံ တဝန်း၌ တရားဝင် မှတ်ပုံတင်ထားသည့် အခြေခံ အလုပ်သမား အဖွဲ့အစည်း စုစုပေါင်း ၁၂၇ ဖွဲ့
ဖွဲ့စည်းထားပြီးဖြစ်ကြောင်း သိရသည်။
ယမန်နေ့က ကျင်းပသည့် ILO ၏ အလုပ်ရုံဆွေးနွေးပွဲသို့ အလုပ်သမားရေးရာ ဝန်ကြီးဌာနမှ ဒုတိယ ညွှန်ကြားရေးမှူး ဦးသက်နိုင်ဦး၊ အလုပ်ရှင် အဖွဲ့အစည်းမှ တာဝန်ရှိသူ အနေဖြင့် ကုန်သည်နှင့် စက်မှုလက်မှု လုပ်ငန်းရှင်များ အသင်းချုပ် (UMFCCI) မှ ဒေါ်ခိုင်ခိုင်နွယ်၊ အလုပ်သမား အဖွဲ့အစည်းများ ဘက်မှ ဦးသန့်ဇင်ဦးနှင့် အလုပ်သမား အင်အား ၃၀၀ ကျော် တက်ရောက် ဆွေးနွေး ခဲ့သည်။",,,,,,
<urn:uuid:90d5fa04-bb26-4e80-8988-6f6d0de6f7d8>,"1တဖန်ထာဝရဘုရား၏ နှုတ်ကပတ်တော်သည် ငါ့ဆီသို့ရောက်လာ၍၊ 2အချင်းလူသား၊ သင်သည် အမ္မန်အမျိုးသားတို့ တဘက်၌မျက်နှာထား၍ ပရောဖက်ပြုလျက်၊ 3ဆင့်ဆိုရမည်မှာ၊ အရှင်ထာဝရဘုရား၏ အမိန့် တော်ကို နားထောင်ကြလော့။ အရှင်ထာဝရဘုရား မိန့်တော်မူသည်ကား၊ ရှုတ်ချလျက်ရှိသော ငါ၏ သန့်ရှင်း ရာဌာနကို၎င်း၊ လူဆိတ်ညံခြင်းသို့ရောက်သော ဣသ ရေလပြည်ကို၎င်း၊ အေ့ဟေဟု သင်ဆိုမိသောကြောင့်၊ 4သင့်ကိုအရှေ့ပြည်သားတို့အား ငါအပိုင် ပေးမည်။ သူတို့သည် သင်၏အထဲ၌ဘုံဗိမာန်တို့ကို တည်ဆောက်၍ နေရာကျကြလိမ့်မည်။ သင်၏အသီး အနှံကိုစား၍ သင်၏နို့ကို သောက်ကြလိမ့်မည်။ 5ရဗ္ဗာမြို့ကို ကုလားအုပ်တင်းကုပ်၊ အမ္မုန်ပြည်ကို သိုးကျက်စားရာ ငါဖြစ်စေမည်။ ငါသည်ထာဝရဘုရား ဖြစ်ကြောင်းကို သင်တို့ သိရကြလိမ့်မည်။ 6သင်သည် ဣသရေလပြည်ကို မနာလိုသော စိတ်အားကြီးလျက် လက်ခုပ်တီးခြင်း၊ ခြေနှင့်ဆောင့်ခြင်း ကို ဝမ်းမြောက်စွာ ပြုသောကြောင့်၊ 7ငါသည် သင့်ကိုတိုက်၍၊ လူအမျိုးမျိုးလုယူဘို့ရာ အပ်မည်။ လူနေရာအတိုင်းတိုင်း အပြည်ပြည်ထဲက သင့်ကို သုတ်သင်ပယ်ရှင်းမည်။ ငါသည်ထာဝရဘုရား ဖြစ်ကြောင်းကို သင်သိရလိမ့်မည်ဟု အရှင်ထာဝရ ဘုရားမိန့်တော်မူ၏။ 8တဖန်မောဘပြည်နှင့် စိရမြို့က၊ ယုဒအမျိုး သည် တပါးအမျိုးသားအပေါင်းတို့နှင့် တူသည်ဟု ဆိုသောကြောင့်၊ 9အရှင်ထာဝရဘုရား မိန့်တော်မူသည်ကား၊ မောဘနံပါး၊ ပြည်စွန်းနားမှာ နိုင်ငံ၏ဘုန်းဖြစ်သော ဗက်ယေရှိမုတ်မြို့၊ ဗာလမောင်မြို့၊ ကိရယသိမ်မြို့တို့ကို ငါလှန်ထားမည်။ 10ထိုမြို့တို့ကို အမ္မုန်အမျိုးသားတို့နှင့်တကွ အရှေ့ ပြည်သားတို့အား အပိုင်ပေးမည်။ အမ္မုန်ပြည်သားတို့ကို တိုင်းနိုင်ငံစုတွင်မမှတ်ရ။ 11မောဘပြည်ကိုလည်း ငါသည် အပြစ်ဒဏ် စီရင် ၍၊ ငါသည် ထာဝရားဖြစ်ကြောင်းကို သူတို့သိကြရလိမ့် မည်ဟု အရှင်ထာဝရဘုရား မိန့်တော်မူ၏။ 12တဖန်ဧဒုံပြည်သည် ချင်ရဲပြေစေခြင်းငှါ၊ ယုဒ အမျိုးတဘက်၌နေ၍ အလွန်ပြစ်မှားသဖြင့်၊ အပြစ်ဒဏ်စီရင်သောကြောင့်၊ 13အရှင်ထာဝရဘုရား မိန့်တော်မူသည်ကား၊ ဧဒုံပြည်ကိုငါတိုက်၍ လူနှင့်တိရစ္ဆာန်တို့ကို ပယ်ဖြတ်မည်။ တေမန်မြို့မှစ၍ လူဆိတ်ညံစေမည်။ ဒေဒန်မြို့တိုင် အောင် ထားဖြင့် ဆုံးရကြလိမ့်မည်။ 14ငါ၏လူဣသရေလ အမျိုးသားများအားဖြင့်၊ ဧဒုံ ပြည်ကိုငါ၏ ချင်ရဲပြေစေခြင်းငှါ ဒဏ်ပေးမည်။ သူတို့ သည် ငါ၏အမျက်အရှိန်အားကြီးသည့်အတိုင်း ဧဒုံပြည် ကို ပြုကြလိမ့်မည်။ ငါပေးသော အပြစ်ဒဏ်ကို သိရ ကြလိမ်မည်ဟု ရှင်ထာဝရဘုရားမိန့်တော်မူ၏။ 15တဖန် ဖိလိတ္တိလူတို့သည် အငြိုးထား၍ မနာလို သောစိတ်အားကြီးသည်နှင့် ဒေါသအလိုကုပြည့်စုံစွာ ပြု၍၊ ရှင်းရှင်းဖျက်ဆီးခြင်းငှါ အပြစ်ဒဏ် ပေးသော ကြောင့်၊ 16အရှင်ထာဝရဘုရားမိန့်တော်မူသည်ကား၊ ဖိလိတ္တိလူတို့ကို ငါထိုက်၍ ခေရသိလူတို့ကို ပယ်ဖြတ်မည်။ ပင်လယ်ကမ်းနား၌ ကျန်ကြွင်းသောသူတို့ကို ဖျက်ဆီး မည်။ 17ပြင်းစွာသော ဆုံးမခြင်းနှင့်တကွ ကြီးစွာသော အပြစ်ဒဏ်ကို ပေးမည်။ ထိုသို့ငါ၏ချင်ရဲပြေစေခြင်းငှါ ဒဏ်ပေးသောအခါ၊ ငါသည် ထာဝရဘုရားဖြစ်ကြောင်း ကို သူတို့သိရကြလိမ့်မည်ဟု အရှင်ထာဝရဘုရား မိန့်တော်မူ၏။
Ezekiel 25",,,,,,
<urn:uuid:f1f639cd-5316-4189-a658-685bc89c901d>,"ဗိုလ်ချုပ်မှူးကြီးခေါင်းဆောင်သည့် စစ်ကောင်စီအဖွဲ့ကို အကြမ်းဖက်အုပ်စုအဖြစ် CRPH ကြေညာ
ဗိုလ်ချုပ်မှူးကြီးမင်းအောင်လှိုင်ခေါင်းဆောင်တဲ့ အာဏာသိမ်းစစ်ကောင်စီအဖွဲ့ကို အကြမ်းဖက်အုပ်စုအဖြစ် ပြည်ထောင်စုလွှတ်တော်ကိုယ်စားပြုကော်မတီ ( CRPH) က ဒီကနေ့ မတ်လ ၁ ရက်နေ့စွဲနဲ့ ကြေညာပါတယ်။
စစ်အာဏာသိမ်းမှုကို ငြိမ်းချမ်းစွာဆန္ဒပြနေတဲ့ ပြည်သူတွေ၊ အာဏာဖီဆန် CDM လုပ်နေတဲ့ နိုင်ငံဝန်ထမ်းတွေ၊ အရပ်ဖက်အဖွဲ့အစည်းတွေနဲ့ ရဟန်းရှင်လူ မိဘပြည်သူတွေကို နိုင်ငံတဝန်းရှိ လမ်းတွေပေါ်မှာ ပစ်ခတ်သတ်ဖြတ်၊ ရိုက်နှက်၊ ဥပဒေမဲ့ဖမ်းဆီးပြုလုပ်နေတာတွေဟာ နိုင်ငံတော်နဲ့ နိုင်ငံသားတွေကို စစ်ကြေညာတာဖြစ်တယ်လို့ CRPH ရဲ့ ကြေညာချက်မှာ ဖော်ပြပါတယ်။
စစ်ကောင်စီရဲ့ လုပ်ရပ်ကြောင့် နိုင်ငံတဝန်း လမ်းတွေနဲ့ ရပ်ရွာလူမှုအသိုက်အဝန်းတွေဟာ စစ်မြေပြင် အဖြစ်ရောက်ရှိခဲ့ပြီး စစ်ကောင်စီရဲ့ ပစ်ခတ်သတ်ဖြတ်မှုတွေကြောင့် လက်နက်မဲ့ ပြည်သူတွေ အများအပြား အသက်ဆုံးရှုံးရပြီး ဖြစ်သကဲ့သို့ သူတို့ရဲ့ အသက်အိုးအိမ်စည်းစိမ်များလည်း နေ့စဉ်နဲ့အမျှ အကြမ်းဖက်မှု အန္တရာယ်နဲ့ ရင်ဆိုင်ကြုံတွေ့ နေရပြီ ဖြစ်တယ်လို့ဆိုပါတယ်။
CRPH အနေနဲ့ အာဏာသိမ်းစစ်ကောင်စီရဲ့ အကြမ်းဖက် လုပ်ရပ်တွေကို အပြင်းအထန်ဆုံး ရှုတ်ချ လိုက်ပြီး မြန်မာနိုင်ငံသူ နိုင်ငံသားတွေအပေါ် အကြမ်းဖက်မှုတိုက်ဖျက်ရေး ဥပဒေပါ အကြမ်းဖက်မှုတွေကို ကျူးလွန်းနေတဲ့ နိုင်ငံတော်စီမံအုပ်ချုပ်ရေးကောင်စီကို အကြမ်းဖက်အုပ်စု အဖြစ် ကြေညာကြောင်း CRPH ရဲ့ ထုတ်ပြန်ချက်မှာ ဖော်ပြထားပါတယ်။
CRPH အဖွဲ့ကို ၂၀၂၀ ရွေးကောက်ပွဲအနိုင်ရ ပြည်ထောင်စုလွှတ်တော်ကိုယ်စားလှယ်တွေနဲ့ ဖွဲ့စည်းထားတာဖြစ်ပြီး ပြည်သူလူထုရဲ့ လုပ်ပိုင်ခွင့်အာဏာအပြည့်အဝအပ်နှင်းခံထားရတဲ့ အဖွဲ့ဖြစ်သလို နိုင်ငံတကာကလည်း တရားဝင် အသိအမှတ်ပြုထားတဲ့အဖွဲ့ ဖြစ်ပါတယ်။",,,,,,
<urn:uuid:2a05f1e1-774e-4ce7-9c2b-6776e8497982>,"ပြည်တွင်းစစ် မရပ်စဲသမျှ ကာလပတ်လုံး မြန်မာတစ်ပြည်လုံး အတိုင်းအတာနဲ့ မြန်မာ့စီးပွားရေး ဖွံ့ဖြိုးတိုးတက်ဖို့ စီမံကိန်းချမှတ် ဆောင်ရွက်နိုင်မှု နည်းပါးနေအုံးမှာပါ။ဒါကြောင့် အနယ်နယ်အရပ်ရပ်က အလုပ်အကိုင်...
ပြည်တွင်းစစ် မရပ်စဲသမျှ ကာလပတ်လုံး မြန်မာတစ်ပြည်လုံး အတိုင်းအတာနဲ့ မြန်မာ့စီးပွားရေး ဖွံ့ဖြိုးတိုးတက်ဖို့ စီမံကိန်းချမှတ် ဆောင်ရွက်နိုင်မှု နည်းပါးနေအုံးမှာပါ။ဒါကြောင့် အနယ်နယ်အရပ်ရပ်က အလုပ်အကိုင်...
ယခုတစ်ပတ် သတင်းတွေထဲ လှိုင်သာယာမှာဖြစ်တဲ့ သေနတ်နဲ့ လာရောက်ပစ်သတ်ခဲ့တဲ့ သတင်းက လူတွေရဲ့စိတ်ကို အဖမ်းစားဆုံး သတင်းတစ်ပုဒ် ဖြစ်ခဲ့ပါတယ်။ဒီသတင်းက ယခုတစ်ပတ်ထဲဖြစ်ခဲ့တဲ့ ရွှေနဲ့ ဒေါ်လာ ဈေးကစားနေသူတွေကို...
ယခုတစ်ပတ်အတွင်း သတင်းတွေထဲမှာ အများစုစိတ်ထဲ လှုပ်ခတ်စေခဲ့တဲ့ သတင်းတွေ အတော်များများ ဖြစ်ခဲ့ပါတယ်။ဒီထဲမှာ မလေးရှား ဝန်ကြီးချုပ်ဟောင်း နာဂျစ် ကို လာဘ်စားမှုနဲ့ ဖမ်းဆီးလိုက်တဲ့ သတင်းတွေက စိတ်ဝင်...
ပြီးခဲ့တဲ့လကဖြစ်ခဲ့တဲ့ဖြစ်ရပ်တစ်ခုကို မှတ်မိကြဦးမယ်ထင်ပါတယ်။ မန္တလေးတိုင်း ပျော်ဘွယ်မြို့နယ် ဒီးဒုတ် ကျေးရွာက ကလေးငယ်တစ်ဦးကို ခွေးငါးကောင်က ဝိုင်းကိုက်လိုက်တဲ့ဖြစ်ရပ်ပါ။
အဲဒီကလေးငယ်ဟာ အသက...
ယခုတစ်ပတ်အတွင်း သတင်းတွေထဲမှာ ထူးတဲ့သတင်းက ထောင်ဖောက်တဲ့ သတင်းနဲ့ MLM တွေကို တားမြစ်တဲ့ သတင်း၊ ဗြိတိန်နိုင်ငံခြားရေးဝန်ကြီး မြန်မာနိုင်ငံကိုလာတဲ့ သတင်းတွေပါဘဲ။ဒီသတင်းတွေက ပြည်တွင်းမှာ ယခုရက်သတ္တပတ...
၁၉၉၅ ခုနှစ်ဝန်းကျင် ကာလများက ဖြစ်သည်။ရန်ကုန်တွင် ကိုယ်ထူကိုယ်ထလမ်းများ ခေတ်စားခဲ့ သည်။ကိုယ်ထူကိုယ်ထဆိုတာက ကိုယ့်လမ်း ကိုယ့်ဘာသာ ကတ္တရာခင်းခြင်း ဖြစ်သည်။လမ်းအတွင်းရှိ တတ်နိုင်သူက တတ်နိုင်သလောက်ထည့...
ယခုတစ်ပတ် သတင်းတွေထဲမှာ သတင်းဖတ်သူတွေ စောင့်စားကြည့်နေခဲ့ရတဲ့ နိုင်ငံတကာသတင်းအချို့ ရှိပါတယ်။ဒီထဲမှာ အမေရိကန် အရှေ့ဘက်ကမ်းခြေကိုဝင်တဲ့ စူပါဟာရီကိန်းမုန်တိုင်း ဖလောရင့်စ် နဲ့ လက်ရှိမှာ တရုတ်ပြည်...
ယခုတစ်ပတ်အတွင်း သတင်းတွေထဲမှာ လူတွေစိတ်ထဲ ထိတ်လန့်ရလောက်တဲ့အထိ ဟာကနဲဟင်ကနဲ ဖြစ်ရတဲ့ သတင်းနှစ်ပုဒ် ရှိခဲ့ပါတယ်။တစ်ခုက စက်တင်ဘာ ၁၁ ရက် ည ၁၀ နာရီကျော်က တာမွေဈေးမှာ လူသုံးယောက်ကို လူမိုက် ၈ ယောက်က...
ကြားရတဲ့ သတင်းတွေအရ မန္တလေးမြို့ရဲ့ လုံခြုံရေးအခြေအနေက တော်တော်လေး ဆိုးရွားနေတာကို ဖတ်ရကြားရတာတွေကို ကြည့်ပြီး သိရပါတယ်။ကာတွန်းတွေ ပုဂ္ဂလိကသတင်းစာတွေမှာ မကြာခဏဆိုသလို လုယက်တဲ့ သတင်းတွေ၊ လုယက်သူကို...",,,,,,
<urn:uuid:6dfefecc-c949-41c8-960e-e959c51de9b5>,"တောင်ကိုရီးယားအနုပညာ လမ်းကြောင်းဟာ မထင်မှတ်စရာကောင်းလောက်အောင်ကို မှုခင်းတွေနဲ့ ရှုပ်ထွေးလွန်းလှတဲ့ နယ်ပယ်ကြီး ဖြစ်ပါတယ်။
ရှုပ်ထွေးမှုတွေကနေ လွတ်မြောက်လာပြီး နာမည်ပြန်ဆယ်နိုင်တဲ့သူတွေ ရှိသလို နာမည်ပြန်မဆယ်နိုင်တော့တဲ့ သူတွေလည်း ရှိပါတယ် ။
မကြာသေးမီကလည်း နာမည်ပျက်ရရှိခဲ့ပြီး ကိုရီးယား ပရိသတ်တွေအနေနဲ့ အနုပညာလမ်း ကြောင်းထက်ဆီကိုပြန်လာဖို့ လုံးဝ ခွင့်မပြုတော့တဲ့ အနုပညာရှင် စာရင်း စစ်တမ်းတစ်ခု ကောက်ခံခဲ့တယ်လို့သိရပါတယ်။ စစ်တမ်းကို မေလ ၉ ရက်နေ့ကနေ ၁၆ ရက်နေ့အထိ Real Research app နဲ့ ကိုရီးယား ဆယ်ကျော်သတ်လူငယ်တွေဆီကနေ ကောက်ယူခဲ့တာ ဖြစ်ပါတယ်။
စစ်တမ်းထဲမှာ ကိုရီးယားဆယ်ကျော်သတ်အယောက် ၃၅၀၀ အထိ မဲပေးခဲ့ကြတာကြောင့် စစ်တမ်းမှန်ကန်ခဲ့တယ်လို့ ယူဆကြရမှာ ဖြစ်ပါတယ်။
စစ်တမ်းအရ အနုပညာလမ်းကြောင့်ထက်ဆီကို ဘယ်တော့မှ ပြန်မလာသင့်တော့တဲ့သူတွေအဖြစ် ပရိသတ်တွေ ရွေးချယ်ခဲ့ကြတဲ့ စာရင်းထဲမှာ ပါဝင်ခဲ့သူတွေက Big Bang အဖွဲ့ဝင် Seungri အပါအဝင် Go Young Wook ၊ Steve Yoo ၊G.Na ၊ နဲ့ MC Mong တို့ပဲ ဖြစ်ပါတယ်။
Seungri
မဲစာရင်းရဲ့ နံပါတ် ၁ နေရာမှာ ရပ်တည်ခဲ့တဲ့သူကတော့ Seungri ဖြစ်ပါတယ် ။ Seungri ဟာ တောင်ကိုရီးယားနိုင်ငံရဲ့ အကြီးဆုံး မှုခင်ကြီးဖြစ်တဲ့ “Burning Sun” မှာ ပါဝင်ခဲ့တဲ့သူဖြစ်ပါတယ်။Burning Sun က ၂၀၁၉ ခုနှစ်မှာ ဖြစ်ပွါးခဲ့တဲ့ အမှုကြီး ဖြစ်ပြီး အနုပညာရှင်တွေပါ ပါဝင်နေတာကြောင့် နာမည်ဆိုးများစွာ ရရှိခဲ့တဲ့ အမှုကြီး ဖြစ်ပါတယ်။
အမျိုးသမီးတွေကို လိင်အကြမ်းဖက်တဲ့အမှုအပြင် တရားမဝင် ဗီဒီယိုတွေပါ ပါဝင်နေတဲ့ Burning Sun ကလပ်ကြီးရဲ့ ဒါရိုက်တာတွေထဲမှာ Seungri လည်း ပါဝင်နေတာကြောင့် Seungri ဟာ နာမည်တော်တော် လေး ပျက်ခဲ့ရတာ ဖြစ်ပါတယ်။
Go Young Wook
ဒုတိယ မဲရရှိခဲ့တဲ့သူကတော့ အဆိုတော်ကြီး Go Young Wook ပဲ ဖြစ်ပါတယ်။ Go Young Wook ဟာဆိုရင်လည်း ၃ ကြိမ်တိတိ လိင်အကြမ်းဖက်တဲ့အမှုကြောင့် အကျဉ်းချခံခဲ့ရတဲ့ သူဖြစ်ပါတယ်။
Go Young Wook ဟာ အသက်မပြည့်သေးတဲ့ မိန်းကလေး ၃ယောက်ကို လိင်အကြမ်းဖက်တဲ့ အမှုနဲ့ ၂၀၁၃ ခုနှစ်မှာ ထောင် ၂ နှစ်နဲ့ ၆ လ ကြာခံခဲ့ရတာဖြစ်ပါတယ်။ သူဟာ၂၀၁၅ ခုနှစ်၊ ဇူလိူင်လမှာ ထောင်ထဲကနေ ပြန်လည် လွတ်မြောက်လာခဲ့တာဖြစ်ပါတယ်။
၂၀၂၀ခုနှစ်မှာ Go Young Wook တစ်ယောက် အင်စတာဂရမ် အကောင့်ပေါ်ကနေတစ်ဆင့် အနုပညာလမ်းကြောင်းထက်ဆီကို ပြန်လည်ဝင်ရောက်လာခဲ့ပါတယ်။ ဒါပေမယ့်လည်း ပရိသတ်တွေက လက်မခံခဲ့ကြတာကြောင့် အနုပညာလမ်းကြောင်းထက်ဆီကနေ ပျောက်ကွယ်သွားခဲ့ရပါတယ်။
Steve Yoo
Steve Yoo လို့ လူသိများတဲ့ Yoo Seung Jun ဟာဆိုရင်လည်း ၂၀၀၀ ခုနှစ်တွေတုန်းက နာမည်ကြီး အောင်မြင်ခဲ့တဲ့ အနုပညာရှင်တစ်ယောက်ဖြစ်ပါတယ်။ Steve Yoo ဟာ နာမည်အကြီးဆုံး အဆိုတော်တစ်ယောက်ဆိုပေမယ့်တောင်ကိုရီးယားမှာ စစ်မှုထမ်းဖို့ ခေါ်စာရောက်လာတဲ့အချိန်မှာ အမေရိကန်နိုင်ငံသား ခံယူခဲ့တဲ့ သူဖြစ်ပါတယ်။အဲဒီအချိန်တုန်းက ပရိသတ်တွေက ယောကျာ်းလေးတန်မယ့် စစ်မှုထမ်းဆောင်ဖို့ ငြင်းခဲ့တယ်ဆိုပြီး Yoo Seung Jun ကို အပြစ်ဝိုင်းတင်ခဲ့ကြတာဖြစ်ပါတယ်။ ဒါကြောင့် တောင်ကိုရီးယား ပရိသတ်တွေက Yoo Seung Jun ကိုစိတ်ဓာတ်ပိုင်းဆိုင်ရာမကောင်းတဲ့ သူလို့ ယူဆကာ အနုပညာလမ်းကြောင်းထက်ဆီကို မဝင်သင့်တော့တဲ့သူအဖြစ်ရွေးချယ်ခဲ့ကြတာ ဖြစ်ပါတယ်။
G.Na
နောက်တစ်ယောက်ကတော့ အဆိုတော် G.Na ဖြစ်ပါတယ်။ G.Na က ၂၀၁၆ ခုနှစ် မတိုင်ခင်က အမေရိကန်က စီးပွါးရေသမားတစ်ဦးနဲ့ လိင်အကြမ်းဖက်တဲ့ ပဋိက္ခမှာ ပါဝင်ခဲ့တဲ့သူဖြစ်ပါတယ်။ သူကျူးလွန်ခဲ့တဲ့ ပြစ်မှုအတွက်လျော်ကြေးငွေသာ ပေးဆောင်ခဲ့ရပေမယ့် G.Na ကို ပရိသတ်တွေက အနုပညာ လမ်းကြောင်းထက်ဆီမှာပြန်ပြီး လ က်မခံတော့ပါဘူး။
MC Mong
MC Mong ဟာဆိုရင်လည်း စစ်မှုထမ်းဆောင်မှုကနေ ကင်းလွတ်ချင်ခဲ့တာကြောင့် သွားအချောင်းရေ အများကြီးကိုနှုတ်ခဲ့တဲ့ သူဖြစ်ပါတယ်။
သွားအချောင်းရေအများကြီးကို နှုတ်ပြီး ၇ နှစ်တိတိ စစ်မှုထမ်း ဥပဒေကို ရှောင်ရှားခဲ့တဲ့ MC Mong ဟာစစ်မှုထမ်းဥပဒေကို ရှောင်ရှားခဲ့တယ်ဆိုတဲ့ အပြစ်တွေ့ရှိပြီးနောက်မှာ ထောင် ၆ လ အကျခံခဲ့ရပါတယ်။ MC Mong ကိုလည်း ယောကျာ်းပီသတဲ့ စိတ်ဓာတ်ပိုင်ရှင် မဟုတ်ဘူးဆိုကာ တောင်ကိုရီးယား ပရိသတ်တွေကအနုပညာလမ်းကြောင်းထက်ဆီကို ပြန်မလာဖို့ မဲပေးခဲ့ကြတာ ဖြစ်ပါတယ်။
""Myanmarload's content is copyrighted and only allowed to appear on Myanmarload website. Please respect our copyrights""
Myanmarload မှရေးသားသောသတင်းများသည် Myanmarload၏ မူပိုင်သတင်းများဖြစ်ပြီး Myanmarload Website ထဲတွင်သာ ဖတ်ရှုနိုင်ပါသည်။ ကျွန်ုပ်တို့၏ မူပိုင်ခွင့်ကိုလေးစားသောအားဖြင့် တစ်ဆင့်ကူးယူဖော်ပြခြင်းမပြုရန် မေတ္တာရပ်ခံအပ်ပါသည်။",,,,,,
<urn:uuid:94637287-baaa-45f4-a59a-30eddb3efa57>,"- အရွယ် 232 ကို MB
- downloads ရယူရန္ 17 849
- Created 22-08-2015
- Changed 22-08-2015
- လိုင်စင် အခမဲ့ဆော့ဗ်ဝဲ
- VC 3D ရဲ့ Virtual cockpit
- MDL ဇာတိ FSX နှင့် / သို့မဟုတ် P3D
- auto-install installer version ကို 8
ဒေါင်းလုပ် Author: အမျိုးမျိုးသောစာရေးဆရာများ (အတွင်းပိုင်းကိုကြည့်ပါ), အလန်က de Jager အားဖြင့် repack ဗိုင်းရပ်စ်ပိုးအာမခံချက်မရှိသေးပါ
ImunifyAV ပရီမီယံဖြင့်ကာကွယ်ထား
Air ကိုနယူးဇီလန်မှ 8 လေယာဉ်နှင့်အတူစူပါအထုပ်စီလေယာဉ်ဘိုးအင်း 767-300 ၏ချွင်းချက်နှင့်အတူတစ်ကို virtual လေယာဉ်မှူးအခန်း (VC ကို) ရှိပါတယ်တဲ့ 2D panel ကနဲ့အစားထိုး။ တစ်ခုချင်းစီကိုအဲယားဘတ်စ်နှင့်အတူထည့်သွင်းသည် က virtual လေယာဉ်မှူးအခန်းအတွက်ပိုကောင်းသော HD ကိုဖွဲ့စည်းတည်ဆောက်ပုံဘိုးအင်း 777 တစ်ဦးရှိ FMC နှင့်အတူသစ်ကိုအထွာအပါအဝင်စွမ်းဆောင်ရည်မြင့် 2D panel ကိုနှင့် VC ကို (ထိုစာရွက်စာတမ်းများကိုဖတ်ရှု) ။ အားလုံးလေယာဉ်ပျံအရည်အသွေးမြင့်စိတ်ကြိုက်အသံနှင့်အတူထည့်သွင်းထားပါသည်။ အဆိုပါမော်ဒယ်များအားလုံးဘိုးအင်း 3 ထံမှ gauge မှလွဲ. Prepard 777D နှင့်သဟဇာတဖြစ်ကြသည်။ FSX-Steam Compatibility ကိုစိတ်ချပါ။
သတိပေးခြင်း, ဒီဗူးတစ်ခုလုံးကိုရေတပ်သည်မဟုတ်, အစစ်အမှန်ရေတပ်လေတပ်နယူးဇီလန်ကပိုလေယာဉ်တင်ရှိပါတယ်။
Air ကိုနယူးဇီလန်နှင့် Air နယူးဇီလန်လီမိတက် (IATA: နယူးဇီလန်; ICAO: ANZ) နယူးဇီလန်၏အမျိုးသားရေးလေကြောင်းလိုင်းဖြစ်ပါတယ်။ စာပေးစာယူပလက်ဖောင်းအော့ကလန်အပြည်ပြည်ဆိုင်ရာလေဆိပ်အဖြစ်သူမသည်။
Author: အမျိုးမျိုးသောစာရေးဆရာများ (အတွင်းပိုင်းကိုကြည့်ပါ), အလန်က de Jager အားဖြင့် repack ဒေါင်းလုပ်
- အရွယ် 232 ကို MB
- downloads ရယူရန္ 17 849
- Created 22-08-2015
- Changed 22-08-2015
- လိုင်စင် အခမဲ့ဆော့ဗ်ဝဲ
- VC 3D ရဲ့ Virtual cockpit
- MDL ဇာတိ FSX နှင့် / သို့မဟုတ် P3D
- auto-install installer version ကို 8
ဒေါင်းလုပ် Author: အမျိုးမျိုးသောစာရေးဆရာများ (အတွင်းပိုင်းကိုကြည့်ပါ), အလန်က de Jager အားဖြင့် repack ဗိုင်းရပ်စ်ပိုးအာမခံချက်မရှိသေးပါ
ImunifyAV ပရီမီယံဖြင့်ကာကွယ်ထား",,,,,,
<urn:uuid:254d42a0-c689-448c-bd81-c934743f4aa7>,"Thai Airways လေယာဉ်နှင့် နည်းပညာပိုင်းဆိုင်ရာ ပြဿနာကြောင့် ထိုင်းဝန်ကြီးချုပ် ပရာယွတ်ချန်အိုချာသည် ဆော်ဒီအာရေးဗီးယားနိုင်ငံသို့ သတ်မှတ်ချိန်ထက် ၄ နာရီကျော် နောက်ကျခဲ့ကြောင်း သိရ။
သို့သော်လည်း ယင်းနှောင့်နှေးမှုသည် အာဆီယံ-GCC ထိပ်သီးအစည်းအဝေးတွင် ၎င်း၏ပါဝင်မှုကို မထိခိုက်စေခဲ့ပေ။ အာဆီယံနှင့် ပင်လယ်ကွေ့ ပူးပေါင်းဆောင်ရွက်ရေးကောင်စီ (GCC) အကြား ပထမဆုံးအကြိမ် ထိပ်သီးဆွေးနွေးပွဲကို ဆော်ဒီအာရေဗျ အိမ်ရှေ့မင်းသား Salman bin Abdulaziz Al Saud က ဖွင့်လှစ်ခဲ့ပြီး ဒေသနှစ်ခုမှ ခေါင်းဆောင်များ တက်ရောက်ခဲ့သည်။ အာဆီယံနှင့် GCC အကြား ဆက်ဆံရေး ခိုင်မာစေရန် ရည်ရွယ်ပြီး ရင်းနှီးမြှုပ်နှံမှု၊ ခရီးသွားလုပ်ငန်းနှင့် ကျန်းမာရေးစောင့်ရှောက်မှုစသည့် နယ်ပယ်များတွင် ပူးပေါင်းဆောင်ရွက်နိုင်မည့် အခွင့်အလမ်းများကို ရှာဖွေရန် ရည်ရွယ်သည်။၎င်း၏ခရီးစဉ်အတွင်း ဝန်ကြီးချုပ် ပရာယွတ်သည် ဖိလစ်ပိုင်နှင့် စင်ကာပူနိုင်ငံ ခေါင်းဆောင်များနှင့် နှစ်နိုင်ငံဆက်ဆံရေးကို ဆွေးနွေးခဲ့သည်။ ၎င်းက ဆော်ဒီအာရေဗျ၏ ဂရုစိုက်မှုနှင့် ဧည့်ဝတ်ကျေပွန်မှုအတွက် ကျေးဇူးတင်ရှိကြောင်းနှင့် ထိုင်းနှင့် GCC အကြား ကုန်သွယ်ရေး သဘောတူညီချက်တစ်ရပ် ဖြစ်နိုင်ခြေကို ပြောကြားခဲ့ပြီး ကုန်သွယ်မှု ဆက်ဆံရေးကို ပိုမိုတိုးမြှင့်နိုင်စေကြောင်း ပြောကြားခဲ့သည်။
ထို့အပြင် ပရာယွတ်သည် ဘာရိန်းဘုရင် Hamad bin Isa Al Khalifa နှင့် တွေ့ဆုံကာ ပူးပေါင်းဆောင်ရွက်မည့် အနာဂတ်အစီအစဉ်များကို ဆွေးနွေးခဲ့သည်။ ခရီးစဉ်အတွင်း ချစ်ကြည်ရင်းနှီးစွာ ဆွေးနွေးမှုများအပေါ် ကျေနပ်မိပါကြောင်း။ထို့အပြင် ပရာယွတ်သည် ဆော်ဒီအာရေးဗီးယား၏ အစိုးရပိုင်ရေနံကုမ္ပဏီ Aramco နှင့် အလားအလာရှိသော မိတ်ဖက်ဆက်ဆံရေးများကို ဆွေးနွေးရန် နောက်နေ့တွင် ၎င်းနှင့်တွေ့ဆုံမည်ဖြစ်ကြောင်း ထုတ်ဖော်ပြောကြားခဲ့သည်။น",,,,,,
<urn:uuid:0ec2dd35-fb6d-4f99-a467-12b90638eb8a>,"(06SV)
ချင်းပြည်နယ်၊ ထန်တလန်မြို့တွင် စစ်ကောင်စီတပ်နှင့် ချင်းအမျိုးသားတပ်ဦး CNF/ CNA ဦးဆောင်သော ချင်းပူးပေါင်းတပ်များ ယနေ့ဩဂုတ် ၂၈ ရက်မှာ တိုက်ပွဲအပြင်းအထန် ဖြစ်ပွားခဲ့ရာ နှစ်ဖက်ထိခိုက်ကျဆုံးမှုများနိုင်ကြောင်း ချင်းပူးပေါင်း တပ်နှင့် နီးစပ်သူများထံမှသိရသည်။
ယနေ့မနက်ပိုင်းကတည်းကဖြစ်ပွားသော အဆိုပါတိုက်ပွဲတွင် ချင်းကာကွယ် ရေးပူးပေါင်းတပ်ဖွဲ့ဘက်မှ ၁၁ ဦးကျဆုံးကြောင်း သတင်းများ ထွက်ပေါ်လာခဲ့သော်လည်း သီးခြားအတည်ပြုနိုင်ခြင်း မရှိသေးပေ။
ချင်းသတင်းဌာနတစ်ခုဖြစ်သော The Chin Post ကတော့ ချင်းအမျိုးသားတပ်မတော် CNA မှ ၅ ဦး၊ CDF – Zophei မှ ၄ ဦး၊ CDF – ထန်တလန်မှ ၁ ဦးနှင့် CDF – ဟားခါးမှ ၁ ဦး စုစုပေါင်း ၁၁ ဦး ယနေ့တိုက်ပွဲတွင် ကျဆုံးခဲ့သည်ဟု ဖော်ပြသည်။
နှစ်ဖက်တိုက်ပွဲအပြင်းအထန်ဖြစ်ပွားနေသည့်အချိန်တွင် စစ်ကောင်စီသည် လေကြောင်းပစ်ကူများ ပေးခဲ့သည့်အပြင် ဟားခါး အခြေစိုက်တပ်မှလည်း လက်နက်ကြီးပစ်ကူ အများအပြားပေးခဲ့သည်ဟု ချင်းပူးပေါင်းတပ်နှင့် နီးစပ်သူများက ပြောသည်။
ထို့အပြင် ယနေ့မနက်ပိုင်းကလည်း စစ်ကောင်စီတပ်ဖွဲ့သည် ဟားခါးမြို့မှ ကား ၃ စီးဖြင့် ထန်တလန်မြို့သို့ စစ်ကူစေလွှတ်ခဲ့သည်ဟု သိရသည်။
ယနေ့ တိုက်ပွဲနှင့်ပတ်သက်၍ စစ်ကောင်စီဘက်မှ ထိခိုက်သေဆုံးမှုကို မသိရသေးသည့်အပြင် အသေးစိတ်အချက်အလက်များကို ဆက်လက်အတည်ပြုနိုင်ရေး ချင်းအမျိုးသားတပ်မတော် CNA မှ ပြောရေးဆိုခွင့်ရှိသူ ဆလိုင်းထက်နီကို ဆက်သွယ်မေးမြန်းနေဆဲဖြစ်ပါသည်။",,,,,,
<urn:uuid:7a4c8da2-2bc6-4816-ae12-ff6d2adac2dc>,"Videos
EV ကား ၁၀ စီး တစ်ပြိုင်တည်း အားသွင်းနိုင်သည့် Charging Station များ ရန်ကုန်မြို့၌ ဖွင့်လှစ်
ရန်ကုန်၊ မတ် ၂၀ ရက် (ဆင်ဟွာ)
EV ယာဉ်များအတွက် လျှပ်စစ်ကား ဓာတ်အားဖြည့်သွင်းရုံ EV Charging Station များ ကို ရန်ကုန်မြို့၌ ပထမဆုံး အကြိမ်အဖြစ် စတင်ဖွင့်လှစ်လိုက်ပြီဖြစ်ပါသည်။EV ယာဉ် ၁၀ စီး တစ်ပြိုင်တည်း အားသွင်းနိုင်မည့် ရန်ကုန်မြို့ ဘူတာကြီးရှေ့ရှိ EV Charging Station နှင့် သီရိမင်္ဂလာဈေးတွင် တည်ဆောက်သည့် Charging Station တို့ကို
မတ် ၁၉ ရက်တွင် တစ်ပြိုင်တည်း ဖွင့်လှစ်ခဲ့ခြင်းဖြစ်သည်။ (Xinhua)
Continue Reading",,,,,,
<urn:uuid:ef8dc34c-ba2f-44ae-a81e-30d23d515e92>,"Friday, November 22, 2013
ပုဒ္မ- ၁၈ ဖ်က္သိမ္းေရးအတြက္လာ မည့္လႊတ္ေတာ္ တြင္ ေဆြးေႏြး နိုင္ရန္ သဃၤန္းကၽြန္းၿမိဳ႕ နယ္၊ ျပ ည္သူ႔လႊတ္ေတာ္ကိုယ္စားလွယ္ ဦးသိန္းညြန႔္က ယင္းပုဒ္မျဖင့္ အ မႈရင္ဆိုင္ေနရေသာတရားခြင္ မ်ားသို႔ လိုက္လံေလ့လာေနၿပီျဖစ္ ေၾကာင္း သိရသည္။
ပထမဦးဆုံးအေနျဖင့္ ၂၀၁၂ ခုႏွစ္ ဒီဇင္ဘာ ၁ရက္က လက္ပံ ေတာင္းေတာင္အေရး ဆႏၵထုတ္ေဖာ္ မႈေ ၾကာင့္ ပုဒ္မ-၁၈ျဖင့္ တရားစြဲခံ ထားရေသာ မိုးေသြး(ခ)ဦးသူရ ထြန္းအပါအဝင္ ေျခာ က္ဦး၏တရားခြင္ျဖ စ္ေသာ ၾကည့္ျမင္တိုင္ ၿမိဳ႕နယ္တရား႐ုံးသို႔ နိုဝင္ဘာ ၂၁ ရက္က သြားေရာက္ေလ့လာခဲ့သည္။
ပထမဦးဆုံးအေနျဖင့္ ၂၀၁၂ ခုႏွစ္ ဒီဇင္ဘာ ၁ရက္က လက္ပံ ေတာင္းေတာင္အေရး ဆႏၵထုတ္ေဖာ္ မႈေ ၾကာင့္ ပုဒ္မ-၁၈ျဖင့္ တရားစြဲခံ ထားရေသာ မိုးေသြး(ခ)ဦးသူရ ထြန္းအပါအဝင္ ေျခာ က္ဦး၏တရားခြင္ျဖ စ္ေသာ ၾကည့္ျမင္တိုင္ ၿမိဳ႕နယ္တရား႐ုံးသို႔ နိုဝင္ဘာ ၂၁ ရက္က သြားေရာက္ေလ့လာခဲ့သည္။",,,,,,
<urn:uuid:c361af17-1884-43c2-b8ef-09784a4e1e93>,"ဘရာစေးလေးယားမြို့
ဘရာစေးလေးယားမြို့သည် ဘရာဇီးနိုင်ငံ၏ ဖက်ဒရယ်မြို့တော် ဖြစ်ပြီး ဖက်ဒရယ်ဆိုင်ရာ ဒေသအတွင်း အစိုးရ ရုံးထိုင်ရာ မြို့ဖြစ်သည်။ နိုင်ငံ၏ အလယ်အနောက်ပိုင်းရှိ ပလာနယ်တို စင်ထရယ် ဟု ခေါ်သော ကုန်းပြင်မြင့် တလျှောက်တွင် တည်ရှိသည်။ မြို့နေ လူဦးရေ ၂,၅၆၂,၉၆၃ ဦးရှိပြီး မက်ထရို ဒေသအတွင်း လူဦးရေ ၃,၇၁၆,၉၉၆ ဦး ရှိသည်။ ဘရာဇီးနိုင်ငံ၏ စတုတ္ထမြောက် အကြီးဆုံးမြို့ ဖြစ်သည်။ မက်ထရိုပိုလစ်တန် ဒေသမှာမူ ဆဌမမြောက် အကြီးဆုံး ဖြစ်သည်။ ယူနက်စကိုမှ ကမ္ဘာ့အမွေခံနေရာ တစ်ခု အဖြစ် သတ်မှတ်ထားသည်။ ဘရာစေးလေးယားမြို့သည် ၂၀ ရာစုမတိုင်ခင်က ကမ္ဘာပေါ်တွင် တည်ရှိမနေခဲ့သော မြို့များတွင် အကြီးဆုံးမြို့ ဖြစ်သည်။",,,,,,
<urn:uuid:92391832-6748-4404-abcc-c531af87b04a>,"မိုးကုတ်မြို့မှာ မတ်လ ၁၂ ရက် ည ၁၀ နာရီလောက်က ရဲနဲ့စစ်သားတွေ အင်အားအလုံးအရင်းနဲ့ ရပ်ကွက်တွေထဲဝင်လာပြီး ကင်းသမားတွေကို လိုက်လံဖမ်းဆီးရာ ၅ ယောက် ဖမ်းဆီးခံရပြီး တစ်ယောက် ဒဏ်ရာရရှိခဲ့တယ်လို့သိရပါတယ်။
ရပ်ကွက်တချို့မှာတော့ သေနတ်နဲ့ပစ်သံ ကြားရပြီး ရဲနဲ့စစ်သားတွေဟာ မိုးကုတ်မြို့က လမ်းတွေမှာ ဝင်ရောက်လာတာကြောင့် ပြည်သူတွေ စိုးရိမ်ထိတ်လန့်နေကြပါတယ်။
ကင်းသမားတွေကို အိမ်ထဲ အထိဝင်ဖမ်းကြပြီး ရေနွေးခွက်တွေကို ရိုက်ခွဲသွားတယ်လို့လည်း သိရပါတယ်။
မိုးကုတ်မြို့ရဲ့ အထင်ကရ နေရာတစ်ခုဖြစ်တဲ့ မယ်နန်းကြည်တောင်ပေါ်မှာ မတ်လ ၁၂ ရက် ဒီနေ့ည ည ၇နာရီဝန်းကျင်ကနေ ည ၁၁ နာရီအထိ မီးလောင်နေဆဲဖြစ်ပြီး တောမီးလို့ယူဆရပါတယ်။",,,,,,
<urn:uuid:88e8448b-7f73-4d93-be36-356f083aac66>,"သင်္ကြန်အကြိုကာလ ပိတောက်စစ်ဆင်ရေးအနေဖြင့် နေရာသုံးခုတွင် ဖောက်ခွဲတိုက်ခိုက်မှုများပြုလုပ်ခဲ့ကြောင်း မြေအောက်ရဲဘော်မဟာမိတ်အင်အားစုက ယနေ့ သတင်းထုတ်ပြန်သည်။
ဧပြီ ၆ ရက်က သခင်မြပန်းခြံအနီးရှိ စစ်ကောင်စီထောက်တိုင် အေးနေဝင်းမိသားစုပိုင်သည့် YBS တစ်စီးကိုဖောက်ခွဲတိုက်ခိုက်ခဲ့ပြီးနောက် ဧပြီ ၈ ရက်တွင် ရန်ကုန်မြို့တော်ဝန်မဏ္ဍပ်အနီးရှိ စစ်ကားနှင့် ဘန်ကာကို ဖောက်ခွဲတိုက်ခိုက်ခဲ့ကြောင်း ထုတ်ပြန်ချက်၌ ဖော်ပြထားသည်။
ထို့ပြင် ဧပြီ ၁၁ရက်ကလည်း ဒဂုံမြို့သစ်မြောက်ပိုင်းမြို့နယ် ပင်လုံလမ်းမပေါ်၌ မိုင်းအယောင်ပြဖောက်ခွဲသောကြောင့် အကြမ်းဖက်စစ်ကောင်စီလက်အောက်ခံများရောက်ရှိလာချိန်၌ ဖောက်ခွဲတိုက်ခိုက်ခဲ့ကြောင်းအသိပေးထားသည်။
အဆိုပါစစ်ဆင်ရေးများတွင် မြေအောက်ရဲဘော်အင်အား စုအဖွဲ့သားများအားလုံးဘေးကင်းစွာဖြင့် ဆုတ်ခွာလာနိုင်ခဲ့သည်ဟု ဆိုသည်။
ထို့ကြောင့် ပြည်သူများအနေဖြင့် သင်္ကြန်ကာလအတွင်း အကြမ်းဖက်စစ်ကောင်စီနှင့် အဝေးဆုံးနေရာများတွင်သာ လှုပ်ရှားသွားလာရန် မြေအောက်ရဲဘော်အင်အားစုက တိုက်တွန်းထားသည်။
လက်ရှိတွင် ရန်ကုန်မြို့၌ အကြမ်းဖက်စစ် ကောင်စီကို နန်းထိုက်အောင်စစ်ဆင်ရေးအပါအဝင် မြေအောက်တော်လှန်ရေးအဖွဲ့များကလည်း တိုက်ခိုက်မှုများဆက်တိုက်ပြုလုပ်နေသည်။",,,,,,
<urn:uuid:57c9125c-4821-4136-8311-507a36f4101c>,"ဖိလစ်ပိုင်နိုင်ငံမှ ဖေ့(စ်)ဘွတ်(ခ်)အသုံးပြုသူများသည် လွန်ခဲ့သော သြဂုတ်လ (၃ဝ)ရက်နေ့က ဖိနှိပ်ခံ ပျောက်ဆုံးမှုမှ ဓားစာခံများအတွက် အမှန်တရားပေါ်ပေါက်ရေးအလို့ငှာ မိမိတို့ ဖေ့(စ်)ဘွတ်(ခ်)မှ ဓာတ်ပုံများကို ဖြုတ်ချခဲ့ကြသည်။
ထိုအွန်လိုင်းလှုပ်ရှားမှုကြီးသည် နိုင်ငံတကာပျောက်ဆုံးသူများနေ့နှင့် ကိုက်ညီနေပြီး တစ်ချိန်တည်းမှာပင် ပျောက်ဆုံးသူများ၏ မိတ်ဆွေများ၊ ဆွေမျိုးများ ညီညွတ်မှုကိုလည်း ထင်ဟပ်စေခဲ့သည်။
၄င်းလှုပ်ရှားမှုသည် စက်တင်ဘာ (၂၁)ရက်တွင် ကျရောက်မည့် ဖိလစ်ပိုင်နိုင်ငံအတွင်း အာဏာရှင် ဖာဒီနန် မာကို(စ်)မှ စစ်အာဏာသိမ်းခဲ့ခြင်း နှစ်လေးဆယ်ပြည့်အတွက် နိုင်ငံရေးလှုပ်ရှားမှုတစ်ခုလည်းဖြစ်သည်။ လှုပ်ရှားမှု၏ ဦးတည်ချက်များမှာ အောက်ပါအတိုင်းဖြစ်သည်။
- မာကို့(စ်)နှစ်များတွင် ရက်စက်ယုတ်မာသောစည်းကမ်းများချမှတ်ခဲ့ခြင်းနှင့် အဓိကကျသောလူ့အခွင့်အရေး ချိုးဖောက်ခဲ့ခြင်းတို့ကို အမှတ်ရစေရန်
– အကွီနိုအုပ်ချုပ်မှု၏ အောပလန် ဘာဟာနီဟန်လက်အောက်တွင် လုပ်ပိုင်ခွင့်များချိုးဖောက်မှုများ ကျယ်ပြန့်လာခြင်းအပေါ် လေ့လာမိစေရန်
– လူအခွင့်အရေးချိုးဖောက်မှု အသွင်မျိုးစုံကို တားဆီးနိုင်ရေးနှင့် ဓားစာခံများနှင့် ၄င်းတို့မိသားစုများတို့အတွက် အမှန်တရားပေါ်ပေါက်ရန်
အွန်လိုင်းလှုပ်ရှားမှုကို လူ့အခွင့်အရေးအဖွဲ့အစည်း ကာရာပါတန် နှင့် ပျောက်ဆုံးသူဓားစာခံများ၏ မိသားစုများ အဖွဲ့အစည်းဖြစ်သော ဒီစာပါရာရက်စီဒိုစ် တို့က ဦးဆောင်ခဲ့သည်။
လူ့အခွင့်အရေးဆိုင်ရာ ရှေ့ဆောင်ပြောကြားသူများ၊ အမျိုးမျိုးသော အခွင့်အရေးများ ချိုးဖောက်ခံရသော ဓားစာခံများ၏ မိသားစုများ၊ များစွာသော လူထုအဖွဲ့အစည်းတို့သည် မနီလာမြို့နှင့် အခြားအဓိကမြို့များတွင် ဆန္ဒထုတ်ဖော်ခဲ့ကြသည်။
၂ဝ၁ဝသမ္မတ အကွီနိုလက်ထက်မှစတင်ပြီး မှတ်တမ်းများအရ ဓားစာခံ(၁၁)ယောက်ကျော် ပျောက်ဆုံးခဲ့မှုများနှင့် မြင့်တက်လာသော လှု့အခွင့်အရေးချိုးဖောက်မှုတို့အပေါ် ကဲ့ရဲ့ပြောဆိုခဲ့ကြသည်။
ဂျေ ကူစတာ သည် ၄င်းဖေ့(စ်)ဘွတ်(ခ်)မှ သူငယ်ချင်းများအားတရားမျှတမှုနှင့် လူ့အခွင့်အရေးတို့အတွက် လှုပ်ရှားမှုကို အားပေးရန်အတွက် မိမိတို့ဓာတ်ပုံကို ဖြုတ်ရန် တောင်းဆိုခဲ့သည်။
ချစ်ခင်ရပါသော သူငယ်ချင်းများနှင့် လုပ်ဖော်ကိုင်ဖက်များခင်ဗျား၊
စစ်အာဏာသိမ်းချိန်မှ ယနေ့အချိန်ထိ တရားမျှတမှုကို တစိုက်မတ်မတ်ရှာဖွေနေကြသော ပျောက်ဆုံးသူများ၏ မိတ်ဆွေများ၊ မိသားစုများနှင့် တညီတညွတ်တည်းဖြစ်ကြောင်း ဖော်ထုတ်ပြသနိုင်ဖို့ လာမည့် သြဂုတ် ၃၀ရက်နေ့တွင် မိမိတို့ဖေ့(စ်)ဘွတ်(ခ်)မှ ဓာတ်ပုံကို ဖြုတ်ပေးကြပါရန် မေတ္တာရပ်ခံအပ်ပါသည်။ ထိုနည်းအားဖြင့် ဖိအားပေး၍ ပျောက်ဆုံးခြင်းဆန့်ကျင်ရေး ဥပဒေကို အတည်ပြုရန် ကျွနိုပ်တို့သည် တစုတစည်းတည်းထောက်ခံကြောင်းလည်း ပြသနိုင်မည်ဖြစ်သည်။ သြဂုတ်လ ၃၀ရက်နေ့သည် နိုင်ငံတကာ ပျောက်ဆုံးသူများနေ့ဖြစ်သည်။
အင်တာနက်သုံးစွဲသူ ဖိလစ်ပိုင်နိုင်ငံသားများ ဓာတ်ပုံဗလာသာမက လှုပ်ရှားမှုကို ထောက်ခံသောပုံများကို တင်ထားကြပုံကို အောက်တွင် ကြည့်ရှုနိုင်သည်။",,,,,,
<urn:uuid:4d645e4c-5e45-4bbe-8a54-9d4a7a9c0b65>,"ကြွေပန်းပင်
|Begonia|
|Begonia cultivars|
|သိပ္ပံနည်းကျ အမျိုးအစားခွဲခြင်း|
|Species|


See text
ကြွေပန်းပင်သည် ဗီဂိုနီယေးစီး မျိုးရင်းတွင် ပါဝင်သည်။ အပူပိုင်းဒေသတို့တွင် စတင် ဖြစ်ပွားသော အပင်မျိုးဖြစ်သည်။ မျိုးစိတ်စုစုပေါင်း ၇၅ဝ ရှိသည့်အနက် မျိုးစိတ်ပေါင်း ၁၅ဝ ကို အလှစိုက်ပျိုးလျက် ရှိကြသည်။
ထိုပန်းပင်မျိုးသည် လွယ်ကူစွာ ပေါက်သဖြင့် အကိုင်း အခက်ကို ဖြတ်၍စိုက်နိုင်သည်။ အရွက်သည် ကြီး၍ အသားထူ ပြီးလျှင် ဖယောင်းသားကဲ့သို့ ချောမွှတ်သည်။ အပွင့်သည်လည်း ကြီးလှ၏။ အသီး၌ အတောင်ပါရှိသည်။ အသီးသည် သေးငယ် သော အစေ့ကလေးများရှိသည့် အစေ့အိတ်ဖြစ်သည်။ ကြွေပန်း ပင်မျိုးတွင် နွေရာသီပွင့်သောအမျိုးနှင့် ဆောင်းရာသီပွင့်သော အမျိုးဟူ၍ နှစ်မျိုးကွဲပြားသည်ကို တွေ့ရသည်။ နွေရာသီ ပွင့်သောအမျိုးတွင် အမြစ်သည် သစ်ဥသဖွယ် ဖြစ်၍ ဆောင်း ရာသီပွင့်သောအမျိုးတွင် အမြစ်သည် အမျှင်သဖွယ် ဖြစ်သဖြင့် ခွဲခြား၍ သိနိုင်သည်။
ကိုးကား[ပြင်ဆင်ရန်]
- မြန်မာ့စွယ်စုံကျမ်း၊ အတွဲ(၁)",,,,,,
<urn:uuid:dee822c0-2db8-4814-bfa8-f851aab0f4bd>,"စက္႐ုံမီးခုိးေခါင္းတုိင္ေပၚကေန ေလထီးခုန္ခ်သူ၊ ေလထီးမပြင့္ဘဲ ေခါင္းပြင့္ခဲ့ရတဲ့အျဖစ္
နာမည္ေက်ာ္ လူသိမ်ားတဲ့ YouTuber တစ္ေယာက္ဟာ စြန္႔စားရတဲ့ ဗြီဒီယုိဖုိင္ေတြေၾကာင့္ ပရိသတ္ အားေပးမႈ အခုိင္အမာ ရရွိခဲ့သူပါ။ သူဟာ ေနာက္ဆုံးျပခဲ့စတန္႔ျပကြက္မွာ အႀကီးအက်ယ္ မွားယြင္းခဲ့ၿပီး အသက္ေပးခဲ့ရပါတယ္။ တကယ္ေတာ့ သူဟာ မျဖစ္ႏုိင္တဲ့ စတန္႔ျပကြက္ကို ျပခဲ့တာပါ။
သူ႕အမည္ကေတာ့ Ruben Carbonell ျဖစ္ၿပီး၊ သူဟာ ဘိလပ္ေျမစက္႐ုံတစ္ခုရဲ႕ မီးခုိးေခါင္းတုိင္ေပၚကေန ေလထီးနဲ႔ခုန္ခ်ခဲ့တာပါ။ မီးခုိးေခါင္းတုိင္ဟာ အျမင့္ေပ (၁၅၀)သာျဖစ္လုိ႔၊ ေလထီးပြင့္ဖုိ႔အခ်ိန္ ဘယ္လုိမွ မေလာက္ငႏုိင္ပါဘူး။ အဲဒီဘိလပ္ေျမစက္႐ုံဟာ Alicante က San Vicente del Raspeig မွာတည္ရွိပါတယ္။
အသက္(၂၉)ႏွစ္အရြယ္ စပိန္ႏုိင္ငံသား Ruben ဟာ လုံးဝမျဖစ္ႏုိင္ဘူးဆိုတဲ့ စြန္႔စားခန္းေတြကို စြန္႔စားျပသူျဖစ္ၿပီး၊ သူ႕ေနနဲ႔ ဒီေလာက္ ေပအနည္းငယ္အတြင္းမွာ ေလထီးကပြင့္ခ်ိန္ မမီႏုိင္ဘူးဆုိတာ ေတြးမိခဲ့ပုံမရပါဘူး။ သူ႕လုပ္ရပ္ကို ဗြီဒီယုိမွတ္တမ္းတင္ၿပီး၊ YouTube ေပၚမွာ လႊင့္ႏုိင္ေရးသာ ပုိဂ႐ုစုိက္ေနပါတယ္။
Ruben ဟာ ျပဳတ္က်တဲ့ဒဏ္ရာေၾကာင့္ ေနရာမွာပဲ ပြဲခ်င္းၿပီးေသဆုံးခဲ့ေၾကာင္း သိရပါတယ္။ သူနဲ႔ အေပါင္းအပါေတြဟာ မီးခုိးေခါင္းတုိင္ေပၚကေန ခုန္ခ်ႏုိင္ဖုိ႔ ဘိလပ္ေျမစက္႐ုံကို ကာရံထားတဲ့ သံဆူးႀကိဳးေတြကို ေက်ာ္ျဖတ္ခဲ့ရပါတယ္။ တကယ္လုိ႔ စက္႐ုံလုံၿခဳံေရးကသာ သူတုိ႔ကို ေတြ႕သြားရင္ Ruben ေသဖုိ႔မရွိပါဘူး။
ဒါေပမယ့္ သူကုိယ္တုိင္က ေသဖုိ႔ ကံပါလာလုိ႔ စက္႐ုံဝင္းအတြင္းကို ေလွ်ာေလွ်ာ႐ွႈ႐ွဴေရာက္သြားခဲ့တာပါ။ အခုအျဖစ္အပ်က္မွာ ရဲဘက္က ဘာမွ ထုတ္ျပန္မႈမရွိေသးပါဘူး။ ဒါေပမယ့္ အေပါင္းအပါေတြကေတာ့ ဥပေဒအရ အေရးယူခံရဖုိ႔ရွိေနေၾကာင္း သိရပါတယ္။
လင္းေဇာ္ကို (D Nae Thit)
source : Mirror",,,,,,
<urn:uuid:f8e65d08-6ce9-43a4-8f11-c45fd3b332cf>,"၉၈၅ စိတ်သဘောထားပြောင်းလဲမှုအပေါ် ယုံကြည်ခြင်းရှိလော့
၁ စိတ်သဘောထားပြောင်းလဲမှုတစ်ခုမှာ နေ့ချင်းညချင်း မဖြစ်ပေ၊ ဤသည်မှာ အမှန်တရားတစ်ခုပင် ဖြစ်သည်။ ဤသို့ဖြစ်ရသည့် အကြောင်းရင်းမှာ စိတ်သဘောထားပြောင်းလဲမှုသည် လူတစ်ဦး၏ ဖောက်ပြန်ပျက်စီးသော အနှစ်သာရ၏ အရင်းအမြစ်ကို ရှာဖွေတွေ့ရှိခြင်းမှ ရရှိသည့် ပြောင်းလဲမှုမျိုးပင် ဖြစ်၍ဖြစ်သည်။ ဤဖြစ်စဉ်အတွင်း၌ အမှုအရာများစွာ ကြုံရပြီးနောက်တွင် သင်သည် သမ္မာတရား၏ ကဏ္ဍတစ်ခုတည်းကိုသာ နားလည်ကောင်းနားလည်လိမ့်မည် ဖြစ်ပြီး၊ ထို့နောက်တွင်မှ သင့်စိတ်သဘောထား အပြောင်းအလဲ၏ ကဏ္ဍတစ်ခုကို ရရှိလိမ့်မည် ဖြစ်သည်။ သို့မဟုတ် လူများ၊ အဖြစ်အပျက်များ၊ အမှုအရာများနှင့် ခြားနားသော ပတ်ဝန်းကျင်များစွာကို ကြုံတွေ့ရပြီးနောက်နှင့် ကွေ့ကောက်သောလမ်းများစွာကို လျှောက်ရပြီးနောက်မှသာ ပြောင်းလဲခြင်း အနည်းငယ်မျှကိုသာ ရရှိနိုင်ကောင်း ရရှိလိမ့်မည်ဖြစ်သည်။ သင့်ပြောင်းလဲမှု၏ ပမာဏ မည်မျှရှိလင့်ကစား ယင်းမှာ ဘုရားသခင်၏ အမြင်တွင် အဖိုးတန်ပေသည်။ သင်သည် လွန်စွာ ဒုက္ခခံပြီး ကြီးမားသော အဖိုးအခ ပေးခဲ့ရသောကြောင့် သူသည် ယင်းကို တန်ဖိုးထားပြီး အောက်မေ့သည်။ ဘုရားသခင်သည် လူတို့၏စိတ်နှလုံး နက်ရှိုင်းသည့်အတွင်းပိုင်းကို ကြည့်မြင်ပြီး၊ သင်၏ စိတ်ဆန္ဒများ အဘယ်အရာဖြစ်သည်ကို သူသိနားလည်သည်။ သူသည် သင်၏ အားနည်းချက်များ အဘယ်အရာဖြစ်သည်ကိုလည်း သိရှိပြီး၊ ထို့ထက်ပို၍ပင် သင်လိုအပ်သည့်အရာကို သိနားလည်သည်။
၂ သမ္မာကျမ်းစာထဲတွင် ပျောက်သောသား ပြန်လာခြင်းနှင့် စပ်ဆိုင်သော ပုံပြင်တစ်ခုရှိသည်။ ထိုကဲ့သို့သော ပုံဥပမာတစ်ခုကို အဘယ့်ကြောင့် ဖန်တီးရသနည်း။ လူသားမျိုးနွယ်ကို ကယ်တင်ရန် ဘုရားသခင်၏ အလိုတော်မှာ စစ်မှန်သည်။ သူသည် လူတို့အား နောင်တရရန်နှင့် ပြောင်းလဲရန် အခွင့်အရေးများကို ပေးပြီး ဤဖြစ်စဉ် အတောအတွင်း သူသည် လူတို့ကို နားလည်ပြီး ၎င်းတို့၏ အားနည်းချက်များနှင့် ၎င်းတို့၏ ဖောက်ပြန်ပျက်စီးခြင်း၏ အတိုင်းအတာအပေါ် လေးနက်သော အသိပညာရှိသည်။ ၎င်းတို့ ထိမိ၍လဲကြမည်ကို သူ သိသည်။ ထို့ကြောင့် စိတ်သဘောထား ပြောင်းလဲမှုမှာ အဘယ်အရာဖြစ်ကြောင်း ကျွန်ုပ်တို့ သိရသည့်အခါနှင့် စိတ်သဘောထား ပြောင်းလဲမှုကို တွေ့ကြုံဖို့ ကျွန်ုပ်တို့ ကြုံရမည့် ဖြစ်စဉ်မျိုးကို ကျွန်ုပ်တို့ နားလည်သောအခါတွင် စိုးရိမ်စရာမလိုပေ။ ထို့ထက် ကျွန်ုပ်တို့ မိမိကိုယ်ကိုယ်ယုံကြည်မှု ရှိသင့်သည်။ စိတ်သဘောထားပြောင်းလဲမှု ရရှိခြင်းအားဖြင့် ကျွန်ုပ်တို့သည် ဘုရားသခင်၏အလုပ်မှာ ယထာဘူတရော၊ လက်တွေ့ပါကျကြောင်း၊ သူသည် စာတန်၏ ဖောက်ပြန်ပျက်စီးခြင်း အနှစ်သာရမှ လူသားများကို ကယ်တင်ရန်နှင့် စာတန်၏လက်မှ သူတို့ကို ပြန်လုယူရန် တန်ခိုးအာဏာရှိကြောင်းကို ကျွန်ုပ်တို့ မြင်တွေ့နိုင်သည်။ သူသည် လူတို့ကို စိတ်သဘောထားပြောင်းလဲမှု ရရှိခွင့်ပြုရန်အတွက် တန်ခိုးအာဏာနှင့် ဉာဏ်ပညာလည်း ရှိသည်။
ခရစ်တော်၏ပြောဆိုချက် မှတ်တမ်းများ စာအုပ်ထဲရှိ “စိတ်သဘောထားထား ပြောင်းလဲခြင်းနှင့် စိတ်သဘောထား လမ်းကြောင်း” ကို ကောက်နုတ်၍ ဆီလျော်စွာ ပြုပြင်ထားသည်။",,,,,,
<urn:uuid:5bb52b16-8dfd-464e-93f3-e3a4d1b54e6b>,"ဒီတပတ် ကျေးတမာနဲ့ ပေဖူးလွှာ အစီအစဉ် မှာတော့ ဘီဘီစီ နှစ် ၇၀ ပြည့် အထူးအစီအစဉ်တွေကို နားဆင်အပြီး တုန့်ပြန် ရေးလာကြတဲ့ သောတရှင်တွေရဲ့ စာတွေ၊ ဘီဘီစီ မြန်မာဌာန ဖျက်သိမ်းရဘွယ် ရှိတယ်ဆိုတဲ့ သတင်းတွေကို ကြားအပြီး စိုးရိမ်မကင်း မေးလာ ရေးလာတဲ့ သောတရှင်တွေရဲ့ စာတွေကို တုန့်ပြန် ဖြေကြားထားပါတယ်။
ကျေးတမာနဲ့ ပေဖူးလွှာ
- 18 စက်တင်ဘာ 2010
- ဒီစာမျက်နှာ Facebook
- ဒီစာမျက်နှာ Messenger
- ဒီစာမျက်နှာ Twitter
- ဒီစာမျက်နှာ အီးမေးလ်
- ဒီစာမျက်နှာ Facebook
- ဒီစာမျက်နှာ WhatsApp
- ဒီစာမျက်နှာ Messenger
- ဒီစာမျက်နှာ Twitter
-
ဝေမျှပါ
ဒီစာမျက်နှာဤပြင်ပလင့်များသည် စာမျက်နှာအသစ်တစ်ခုဖြင့် ပွင့်ပါမည်။
-
အီးမေးလ်ဒီစာမျက်နှာ အီးမေးလ်
-
-
-
Messengerဒီစာမျက်နှာ Messenger
-
Messengerဒီစာမျက်နှာ Messenger
-
ဒီလင့်ကို ကူးယူပါဝေမျှခြင်းအကြောင်း
ဤပြင်ပလင့်များသည် စာမျက်နှာအသစ်တစ်ခုဖြင့် ပွင့်ပါမည်။
-",,,,,,
<urn:uuid:ce80259a-7f5b-496a-9d08-baf1abe79731>,"ျမန္မာနုိင္ငံအတြင္းက ေနရာေဒသ အေတာ္မ်ားမ်ားမွာ မုိးသည္းထန္ၿပီး ေရႀကီး၊ ေရလွ်ံမႈေတြျဖစ္ေပၚခဲ့တာေၾကာင့္ အနည္းဆုံး လူ ၃၁ ဦး ေသဆုံးၿပီး ၃ သိန္းခြဲနီးပါး ေနရပ္စြန္႔ခြာ ထြက္ေျပးခဲ့ၾကရတယ္လုိ႔ ျမန္မာအစုိးရက တနလၤာေန႔မွာ သတင္းထုတ္ျပန္ပါတယ္။
လြန္ခဲ့တဲ့ လအနည္းငယ္အတြင္း တုိင္းေဒသႀကီး ၁၃ ခုမွာ မုိးသည္းထန္စြာ ရြာသြန္းခဲ့တာေၾကာင့္ ေဒသခံ ၃ သိန္းခြဲနီးပါးကုိ ေဘးကင္းရာ ေရြ႕ေျပာင္းေပးခဲ့ရတယ္လုိ႔ အမ်ဳိးသား သဘာ၀ေဘးအႏၱရယ္ စီမံခန္႔ခြဲေရးေကာ္မီတီက သတင္းထုတ္ျပန္ပါတယ္။
ေရႀကီး ေရလွ်ံမႈေတြေၾကာင့္ ေသဆုံးသူ အနည္းဆုံး ၃၁ ဦးရွိခဲ့တဲ့အျပင္ အေဆာက္အဦးေပါင္း ၅ သိန္းနီးပါးလည္း ပ်က္ဆီး ဆုံးရႈံးခဲ့တယ္လုိ႔ ဆုိပါတယ္။ အဲဒီအထဲက ေရေဘးသင့္ ျပည္သူေပါင္း ၆ ေသာင္း၊ ၃ ေထာင္နီးပါးကုိ ခုလႈံေရးစခန္း ၁၃၆ ခုမွာ စက္တင္ဘာလ ၂ ရက္ေန႔အထိ ၾကည့္ရႈ ေစာင့္ေရွာက္ထားတယ္လုိ႔ ဆုိပါတယ္။
အခု ေရေဘးသင့္ ျပည္သူေတြထဲမွာ လြန္ခဲ့တဲ့ ရက္အနည္းငယ္အတြင္းက ပဲခူးတုိင္းေဒသႀကီးအတြင္းမွာရွိတဲ့ ဆြာဆည္ က်ိဳးေပါက္သြားတဲ့အတြက္ ထြက္ေျပး တိမ္းေရွာင္လာသူ ၅ ေသာင္းေလာက္လည္း ပါ၀င္တယ္လုိ႔ ဆုိပါတယ္။ ဆြာဆည္ က်ဳိးသြားတဲ့အတြက္ အနည္းဆုံး လူ ၇ ဦးေလာက္ ေသဆုံးခဲ့ၿပီး အနီး၀န္းက်င္မွာရွိတဲ့ ေက်းရြာေပါင္း ၈၅ ရြာေလာက္ ပ်က္ဆီးခဲ့တယ္လုိ႔ ဆုိပါတယ္။
ဒါ့အျပင္ ကရင္ျပည္နယ္၊ ဘားအံၿမိဳ႕က သံလြင္ျမစ္ေရနဲ႔ ပဲခူးတုိင္းေဒသႀကီး၊ မေဒါက္ၿမိဳ႕နယ္အတြင္းက စစ္ေတာင္းျမစ္ေရတုိ႔ဟာလည္း စုိးရိမ္ေရအမွတ္ကုိ ေက်ာ္လြန္ေနေၾကာင္း ျပန္ၾကားေရးဌာနက သတင္းထုတ္ျပန္ထားပါတယ္။",,,,,,
<urn:uuid:978d0aa3-b35e-463e-9072-b85431b6d97e>,"ပြည်ခရိုင် အတွင်း သစ်ပင် ၁၁ သိန်းခန့် စိုက်ပျိုးမည်ဟု ဆို
ပဲခူးတိုင်း အနောက်ခြမ်း ပြည်ခရိုင် အတွင်းရှိ မြို့နယ် ၆ မြို့နယ် အတွင်း လာမည့် မိုးကာလ၌ သစ်ပင်ပေါင်း ၁၁ သိန်း ခန့် စိုက်ပျိုးရန် စီစဉ်ထားကြောင်း ပြည်ခရိုင် သစ်တော ဦးစီး ဌာနက သိရသည်။
ပြည်ခရိုင် အတွင်းရှိ ပြည်၊ သဲကုန်း၊ ပေါက်ခေါင်း၊ ပေါင်းတည်၊ ပန်းတောင်းနှင့် ရွှေတောင်မြို့နယ်များရှိ စီးပွားဖြစ် ကျွန်း စိုက်ခင်း စိုက်ကွက်ပေါင်း ၁၁၀၀၊ ကျေးရွာ ထင်းစိုက်ခင်း စိုက်ကွက် ၄၅၀ နှင့် ဒေသခံ ပြည်သူများ အစုအဖွဲ့ပိုင် သစ်တောမြေ ဧက ၄၉၀၀ ကျော် တို့တွင် ကျွန်း၊ ပျဉ်းကတိုး၊ မိုင်တန်ရှား (Muntingia)၊ ယူကလစ်နှင့် လျှော်ဖြူပင်များ အား စိုက်ပျိုးသွား မည် ဖြစ်ကြောင်း ပြည်ခရိုင် သစ်တော ဦးစီးဌာန လက်ထောက် ညွန်ကြားရေးမှူး ဦးမြင့်သိန်းဦးက ဧရာဝတီကို ပြော သည်။
ဦးမြင့်သိန်းဦးက“ဇွန်လ ၁၉ ရက်မှာ ကျနော်တို့ ခရိုင်အတွင်းမှာ တပြိုင်တည်း နေရာ ၆ နေရာ စိုက်ဖို့ စီစဉ်ထားတယ်။ အားလုံးပေါင်းလိုက်မယ် ဆိုရင်တော့ အပင်ပေါင်း ၁၁ သိန်းလောက် စိုက်ဖို့ ရှိပါတယ်။ စီးပွားရေး စိုက်ခင်းတွေမှာတော့ အဓိက ကျွန်းနဲ့ ပျဉ်းကတိုးက စိုက်မယ်။ ကျေးရွာ ထင်းစိုက်ခင်းတွေမှာတော့ ယူကလစ်၊ မိုင်တန်ရှား၊ စသဖြင့် ဒီလို သစ်မျိုးတွေ စိုက်ပါမယ်။ အစုအဖွဲ့ပိုင် သစ်တောကတော့ ကျွန်းရယ်၊ မိုင်တန်ရှားရယ် ယူကလစ်ရယ် လျှော်ဖြူရယ် ဆိုပြီးတော့ ၄ မျိုး စိုက်ပါမယ်”ဟု ဆိုသည်။
ထို့ပြင် သစ်တော ဦးစီးဌာနနှင့် အစိုးရ မဟုတ်သည့် အဖွဲ့အစည်းများ ပူးပေါင်း၍ နှစ်စဉ် ဝင်ငွေ ရရှိနိုင်မည့် သစ်ပင်၊ သီးနှံပင်များကိုလည်း စိုက်ခင်းများ အတွင်း ထည့်သွင်း စိုက်ပျိုးရန် စီစဉ်ထားကြောင်း ၎င်းက ဆက်ပြောသည်။
အစိမ်းရောင် မျိုးဆက် (Green Generation) သဘာဝ ပတ်ဝန်းကျင် ထိန်းသိမ်း စောင့်ရှောက်ရေး အဖွဲ့ အနေနှင့် လည်း သီးခြားသစ်ပင်များ စိုက်ပျိုးရန် စီစဉ်ထားပြီး သစ်ပင်စိုက်ပျိုးရာတွင် အများပြည်သူ ပူးပေါင်း ပါဝင် ဆောင်ရွက် စေရန်နှင့် အပင်များ ရေရှည် ရှင်သန်နိုင်ရန် ပြည်မြို့ပေါ်ရှိ လူစည်ကားရာ လမ်းများ၊ ဈေးများ၊ ကျောင်းများနှင့် မီးပွိုင့် များတွင် သစ်ပင် စိုက်ပါ စာသားပါ စတစ်ကာများ လိုက်လံ ဝေငှခြင်းကိုလည်း မေလ နှောင်းပိုင်းတွင် ပြုလုပ်ရန် စီစဉ် ထားကြောင်း ယင်းအဖွဲ့ တည်ထောင်သူ ကိုငြိမ်းချမ်းဝေက ပြောသည်။
“သစ်ပင်စိုက်ဖို့ စိတ်ဝင်စားတဲ့လူတွေလည်း ကျနော်တို့ အဖွဲ့ကို လာရောက် ပူးပေါင်း နိုင်အောင်နဲ့ ဒီလို စတစ်ကာ လေးတွေ တွေ့ရင် သစ်ပင်တွေ မရှိလို့ ပူတယ် ဆိုတာ လူတွေ သိအောင် ကျနော်တို့ ဒီလှုပ်ရှားမှုကို လုပ်မှာပါ”ဟု ၎င်းက ပြောပြသည်။
ကိုငြိမ်းချမ်းဝေက ဆက်လက်၍“အစိုးရ အနေနဲ့လည်း ၁၁ သိန်း အထိ တိုးပြီးစိုက်လာတာ ကောင်းတယ်။ ဒါပေမယ့် ပြန်ကြည့်မယ်ဆိုရင် နှစ်တိုင်း စိုက်နေတာပဲ။ စာရင်းထဲမှာပဲ ရှိတယ်၊ တကယ့် မြေပြင်မှာ အဲဒီလောက်ကြီး ရှင်သန်တာ မရှိဘူး။ စိုက်ပျိုးပွဲတွေ လုပ်ပြီးသွားရင် ထားခဲ့တယ်။ နောက်တခုက ရပ်ကျေး အုပ်ချုပ်ရေးမှူးတွေကို တရွာကို စီမံချက် ဘယ်နှစ်ပင် မယူမနေရ ဆိုတဲ့ စနစ်အရ လာတော့ ယူသွားတယ်။ အဲဒီ အပင်တော် တော်များများက အုပ်ချုပ်ရေးမှူး အိမ်မှာပဲ သေသွားတာမျိုးတို့၊ ယူချင်တဲ့လူက ယူသွားတာမျိုးတို့ အဲဒီလိုတွေ ဖြစ်တာ များတယ်”ဟုလည်း ပြောဆို သည်။
ပြည်ခရိုင်၏စုစုပေါင်း မြေဧရိယာ အကျယ်အဝန်းမှာ ဧက ၁၉ သိန်းခန့် အကျယ်အဝန်းရှိကာ ဧက ၆ သိန်းကျော်မှာ သစ်တော ကြိုးဝိုင်းမြေ ဖြစ်ပြီး ကြိုးဝိုင်းပေါင်း ၂၅ ဝိုင်းရှိကာ ကြိုးပြင် ဧရိယာမှာ ၁၆၄၀ ဧက ရှိကြောင်းနှင့် ပြည်ခရိုင် အတွင်း ပန်းတောင်းမြို့နယ်၏ အကျယ်အဝန်းမှာ ၆ သိန်းကျော် (၆၁၉၅၀၉ ဧက) ကျယ်ဝန်းပြီး သစ်တောကြိုးဝိုင်း ဧရိယာ စုစုပေါင်း၏ ၅၀ ရာခိုင်နှုန်းကျော် ရှိကြောင်း သစ်တော ဦးစီဌာနက သိရသည်။
You May Also Like These Stories:",,,,,,
<urn:uuid:8fe44e29-2cb2-4fed-9ae0-ebbf603d8820>,"သောမတ် ဟင်နရီ ဟပ်စလေ
တောမတ် ဟင်နရီ ဟပ်စလေ(ခရစ် ၁၈၂၅-၁၈၉၅)သည် ၁၈၂၅ ခုနှစ် မေလ ၄ ရက်နေ့၌ လန်ဒန်မြို့တွင် ဖွားမြင်သည်။ သူ၏ဖခင်သည် ကျောင်းဆရာ တစ်ယောက် ဖြစ်သော်လည်း ဟပ်စလေသည် ဆရာနှင့် စည်းကမ်းတကျ ပညာမသင်ကြားခဲ့ရချေ။ ပညာရပ်များကို ကိုယ်တိုင် လေ့ကျက် ဆည်းပူးခဲ့ရ၏။ အစပထမ၌ သူသည် အင်ဂျင်နီယာတစ်ယောက်ဖြစ်အောင် စိ်ထက်သန်ခဲ့သော်လည်း အသက် ၁၃ နှစ်လောက်တွင် မမာမကျန်းဖြစ်သဖြင့် လက်လျှော့လိုက်ရလေသေည်။အသက် ၁၇ နှစ်သို့ ရောက်သော် ဆေးပညာများကို သူ့အစ်ကို ဂျိမ်းနှင့် ချားရင်းခရော့စ ဆေးရုံ၌ လေ့လာ၍ ၁၈၄၅ ခုနှစ် အသက် ၂ဝ တွင် ဆေးဒီဂရီဘွဲ့ကို ရရှိလေသည်။ ထိုနှစ်တွင် ဟပ်စလေသည် သိပ္ပံပညာရပ်နှင့် ဆိုင်သော မွေးည|င်းအတွင်းရှိ အမြေ|းလွှာအကြောင်းကို ရေးသား၏။ ၁၈၄၆ ခုနှစ်တွင် ရက်တဲစနိတ်ခေါ် သဘေ‡ာပေါ်၌ ဆရာဝန်အဖြစ်ဖြင့် 0x100သစတြီးယားတိုက်ဘက်သို့ လေးနှစ်ကြာမျှ ခရီးထွက်ခဲ့၏။ ယင်းသို့ ခရီးထွက်နေစဉ် ဒါဝင်ကဲ့သို့ ဗိုင်0x100သလိုဂျီပညာရပ် သုတေသနလုပ်ငန်းများကို စတင်ဆောင်ရွက်ခွင့် ရလေသေည်။
ဟပ်စလေသည် မိမိရှာဖွေ တွေ့ရှိသော အကြောင်းအရာများကို ရေးသား တင်ပြခဲ့၍ တော်ဝင်အသင်း တစ်ဦး အဖြစ် အသိအမှတ်ပြုခြင်း ခံရလေလေသည်။ဟပ်စလေ၏ သုတေသနလုပ်ငန်းများမှာ သိပ္ပံပညာဘက်တွင် အလွန်အဖိုးတန် အသုံးကျ၍ သူ၏ကြိုးစားမှုကို ချီးကျူး သောအနေဖြင့် အသက် ၂၅ နှစ်အရွယ်တွင် ဘုရင့် တံဆိပ်တော် ချီးမြှင့်ခြင်း ခံရလေသည်။ ထိုနောက် ဟပ်စလေသည် ကျောင်းများ၌ ဗိုင်0x100သလိုဂျီပညာရပ်ကို သင်ကြားပို့ချယင်း သုတေသနလုပ်ငန်းကို ဆက်လက် ဆောင်ရွက်မြဲ ဆောင်ရွက်နေ၏။ သိပ္ပံပညာရပ်များကိုလည်း ရေးသားမြဲ ရေးသား ထုတ်ဝေနေ၏။ မျိုးစိတ်ဇာစ်မြစ် အကြောင်းကို တိုင်းပြည်သို့ ၁၈၅၉ ခုနှစ်တွင် တင်ပြ ကျေညာလိုက်၏။
ဒါဝင်က လူတို့သည် မျောက်များမှဆင့်ကဲ ပြောင်းလဲလာသည်ဟုဆို၏။ အယူဝါဒ(ယုံကြည်ချက်)နှင့် ဆန့်ကျင်နေသော ဒါဝင်၏ အဆိုကို လူများကြားသိလာသည့်အခါ၌ တစ်တိုင်း ပြည်လုံး လှုပ်လှုပ်ရွရွ ဖြစ်လာလေသည်။ ဒါဝင်၏ အဆိုကို ထောက်ခံသူများ တဘက်၌ရှိသကဲ့သို့ အဆိုကို ပြင်းပြင်းထန်ထန် ကန့်ကွက်သူ များလည်း ရှိလေသည်။ သာသနာဂိုဏ်းအုပ်ကြီးများသည် ဒါဝင်၏ အဆိုကို ကြားသည့်အခါ အမျက်ထွက်ကြ၏။ သိပ္ပံပညာရှင်များနှင့် ဒဿနိကဗေဒ ပညာရှင်များသည် ဇဝေဇဝါဖြစ်ကုန်၏။ အိမ်သားအချင်းချင်းပင် သဘောကွဲလွဲကြကုန်၏။ တဘက်ကလည်း ဒါဝင်သည် ဘုရားမဲ့ဖြစ်သောကြောင့် ယင်းသို့ ယုတ္တိမတန်သော အချက်ကို ထုတ်ဖော်ရဲသည်ဟု စွပ်စွဲ၏။ ထောက်ခံသည့်ဘက်ကမူ ဒါဝင် သည် ကမ္ဘာလောကတစ်ခုလုံးကို သိကျွမ်းသူဖြစ်သည်ဟု မြေ|ာက်ပြောကြ၏။
ဟပ်စလေသည် ဒါဝင်၏ အဆိုကို ထောက်ခံသူဖြစ်သော်လည်း တိုင်းပြည်သို့ ဟုတ်မှန်သည့် အတိုင်းသာ ရှင်းလင်းဖော်ပြလေသည်။ သိပ္ပံပညာရပ်၏ ဆန်းကြယ်မှုများကို လူပြိန်းများ နားလည်လာအောင် ဟောပြောနိုင်၏။ ဟပ်စလေရေးသားသော စာစောင်များကလည်း လူတို့၏ သိပ္ပံမျက်စိကို ဖွင့်ပေးသည်ဟု ဆိုရပေမည်။ ယင်းကဲ့သို့ လူများ သိပ္ပံပညာရပ်ဘက်တွင် စိတ်ဝင်စားလာကြသဖြင့် ယခုအခါ၌ စာသင်ကျောင်းတိုင်း၌ သိပ္ပံပညာရပ်ကို သင်ကြားပို့ချလျက် ရှိလေပြီ။ ဟပ်စလေသည် မှန်သည်ထင်သည့်အရာကို အမှန်ဟူ၍လည်းကောင်း၊ မှားသည်ထင်သည့်အရာကို အမှား ဟူ၍လည်းကောင်း ပြောရမည်ကို လုံးဝမကြောက်သူဖြစ်၍ မှန်သည့်ဘက်က အတိုက်အခံ ပြောရမည်ဆိုလျှင် အလျှော့ပေးလိုသူ မဟုတ်ချေ။ သစ္စာရှိရှိနှင့် မှန်ကန်စွာ ပြောရသည့်အခါတွင် ဟပ်စလေသည် ရှေ့ဆုံးမှ ထွက်ပြောဝံ့သူ တိုက်ဝံ့သူတစ်ယောက် ဖြစ်၏။ သူ့အလိုအားဖြင့် လူတိုင်းသည် ဟုတ်မှန်သည့်အတိုင်း ဖွင့်ပြောသူကို ကဲ့ရဲ့ရှုတ်ချ ဆဲရေးခြင်း မရှိစေရ။ ဟပ်စလေသည် နိုင်ငံပြု သုခမိန်ဂလက်စတုန်း၊ သာသနာဂိုဏ်းအုပ် ဝီလဗာဖို့ကဲ့သို့သော ပုဂ္ဂိုလ်ကျော်များနှင့် ဒါဝင်၏အဆိုနှင့် စပ်လျဉ်း၍ အတိုက်အခံ ပြောဆိုခဲ့လေသည်။ ဟပ်စလေသည် သိပ္ပံပညာဘက်၌ အရေးပါ အရာရောက်သော ပုဂ္ဂိုလ်တစ်ဦးဖြစ်သည့်အလျောက် ၁၈၈၁ ခုနှစ်မှ ၁၈၈၅ ခုနှစ်အထိ တော်ဝင်အသင်းတွင် ဥက္ကဋ္ဌ ဖြစ်ခဲ့၏။ သူ့အား ဂုဏ်ထူးဘွဲ့ထူး အမျိုးမျိုးဖြင့် ခြီးမြှင့်သော်လည်း လက်မခံပဲ ငြင်းပယ်ခဲ့လေသည်။ ၁၈၉၂ ခုနှစ်၌ ပရီဗီကောင်စီ လူကြီးအဖြစ် ချီးမြေ|ာက် ခြင်းကိုကား လက်ခံခဲ့၍ သုံးနှစ်ကြာသောအခါ အနားယူလိုက်လေသည်။ ထိုသို့ အနားယူချိန်တွင် သူ၏နာမည်မှာ သိပ္ပံပညာဘက်၌ လည်းကောင်း၊ ပညာရေးဘက်၌ လည်းကောင်း၊ အယူဝါဒဆိုင်ရာဘက်၌ လည်းကောင်း၊ လူမှုရေးရာ ပြုပြင်ပြောင်းလဲမှုဘက်၌လည်းကောင်း အထင်အရှား ကျန်ရစ်လေသည်။
သူ၏ ဉာာဏ်ရည်မျိုးကို သားစဉ်မြေးဆက်များထဲမှ အချို့ ဆက်ခံနိုင်ကြ၏။ သူ့သားကြီးဖြစ်သူ လီယိုနတ် ဟပ်စလေ သည် သူ့ဖခင်အကြောင်းအပြင် ထိပ်တန်းကျသော ကဗျာ အချို့ကို ဖွဲ့ဆိုရေးသားခဲ့၏။ သူသည် ကွန်းဟီးမဂ္ဂဇင်း အယ်ဒီတာ ဖြစ်၏။ ဟပ်စလေ၏ မြေးများဖြစ်သော ဂျူလီယန်နှင့် အောဒပ်ဟပ်စလေတို့သည် ပါဏဗေဒပါမောက္ခနှင့် အဂ‡လိပ် ပုံဝတ္ထုရေးဆရာများ အသီးသီး ဖြစ်ကြလေသည်။ တောမတ် ဟင်နရီ ဟပ်စလေသည် ၁၈၉၅ ခု ဇွန်လ ၂၉ ရက်နေ့၌ အီးစဗုန်းမြို့တွင် ကွယ်လွန်လေသည်။[၁]
ကိုးကား[ပြင်ဆင်ရန်]
- မြန်မာ့စွယ်စုံကျမ်း၊ အတွဲ(၁၄)",,,,,,
<urn:uuid:de9ee042-20fb-43d0-b462-c9105527ae90>,"ဇေဖနိအနာဂတ္တိကျမ်း
1
1 ယုဒ ရှင်ဘုရင် အာမုန် သား ယောရှိ မင်းလက်ထက် ၊ ဟိဇကိ ၊ အာမရိ ၊ ဂေဒလိ တို့မှ ဆင်းသက်သော ကုရှိ ၏သား ဇေဖနိ သို့ ရောက် လာသော ထာဝရဘုရား ၏ နှုတ်ကပတ် တော်ဟူမူကား၊ 2 ပြည် တပြည်လုံး ၌ ရှိလေသမျှ တို့ကို အကုန်အစင် ငါသုတ်သင်ပယ်ရှင်း မည်ဟု ထာဝရဘုရား မိန့် တော်မူ၏။ 3 လူ နှင့် တိရစ္ဆာန် တို့ကို ပယ်ရှင်း မည်။ မိုဃ်း ကောင်းကင် ငှက် နှင့် ပင်လယ် ငါး တို့ကို၎င်း၊ အဓမ္မ လူတို့ နှင့်တကွ ပြစ်မှား စရာအကြောင်းတို့ကို၎င်းငါပယ်ရှင်းမည်။ မြေ တပြင်လုံး ၌ ရှိသောလူ သတ္တဝါတို့ကိုလည်း ငါ ပယ်ရှင်း မည်ဟု ထာဝရဘုရား မိန့် တော်မူ၏။ 4 ယုဒ ပြည်သူ၊ ယေရုရှလင် မြို့ သားအပေါင်း တို့ကို ငါတိုက် ၍ ၊ ဤ အရပ် ၌ ကျန် ကြွင်းသော ဗာလ ဘုရား၏ တပည့်တို့နှင့် ယဇ် ပုရောဟိတ်အမျိုးမျိုးတို့ကို၎င်း ၊ 5 ကောင်းကင် တန်ဆာ များကို အိမ်မိုး ပေါ် မှာ ကိုးကွယ် သောသူ၊ ထာဝရဘုရား နှင့် မာလခံ ဘုရားကို တိုင်တည် လျက် ကျိန်ဆိုကိုးကွယ် သောသူတို့ ကို၎င်း ၊ 6 ထာဝရဘုရား ၏နောက် တော်သို့ မလိုက်၊ ဆုတ် သွားသောသူ၊ ထာဝရဘုရား ကို မ ရှာဖွေ ၊ မ မေးမြန်း သောသူတို့ ကို၎င်း ငါပယ်ရှင်း မည်။ 7 အရှင် ထာဝရဘုရား ၏ရှေ့ တော်၌ ငြိမ်ဝပ် စွာ နေကြလော့။ ထာဝရဘုရား ၏နေ့ နီး ပြီ။ ထာဝရဘုရား သည် မိမိယဇ် ပွဲတော်ကို ပြင်ဆင် ၍၊ ပွဲဝင် သောသူတို့ ကို သန့်ရှင်းစေတော်မူပြီ။ 8 ထာဝရဘုရား ပွဲခံတော်မူသောနေ့ ၌ မင်း များ၊ ဆွေ တော် မျိုးတော်များနှင့် ထူးခြားစွာ ဝတ် သောသူများ အပေါင်း တို့ကို ငါစစ်ကြော မည်။ 9 သူတပါး၏အိမ်တံခါးခုံ ကို ကျော် ၍ အနိုင်အထက် ပြုခြင်း၊ လှည့်စား ခြင်းအားဖြင့်ရသောဥစ္စာနှင့် မိမိ သခင် ၏ အိမ် ကို ပြည့် စေသောသူအပေါင်း တို့ကိုလည်း ထို နေ့ ၌ ငါစစ်ကြော မည်။ 10 ထာဝရဘုရား မိန့် တော်မူသည်ကား၊ ထို နေ့ ၌ ငါး တံခါးဝ မှာ အော်ဟစ် သံ ကို၎င်း ၊ ဒုတိယ မြို့၌ ငိုကြွေး မြည်တမ်းသံကို၎င်း ၊ တောင်ရိုး ၌ ပြင်း စွာချိုးဖျက် သံကို၎င်း ကြားရ၏။ 11 မတ္တေရှ အရပ် သားတို့၊ ငိုကြွေး မြည်တမ်းကြလော့ ။ ကုန်သည် အပေါင်း တို့သည် ပြတ် ကြပြီ။ ငွေ ကို ဆောင် သောသူအပေါင်း တို့သည် ဆုံး ကြပြီ။ 12 ထို ကာလ ၌ ငါသည် မီးခွက် ကို ကိုင်၍ ယေရုရှလင် မြို့ကို စစ်ကြောမည်။ ထာဝရဘုရား သည် ကျေးဇူး ကိုလည်း မ ပြု၊ အပြစ် ကိုလည်း မ ပေးဟု အောက်မေ့ လျက်၊ မိမိ တို့အနည် အဖတ်ပေါ် ၌ နေရာ ကျသောသူ တို့ ကို ငါစစ်ကြော မည်။ 13 ထိုသူ တို့၏ဥစ္စာ ကို သူတပါးလုယူ ၍ ၊ သူ တို့၏ နေရာ သည် လူဆိတ်ညံ လျက် ရှိ လိမ့်မည်။ အိမ် ကို ဆောက် သော်လည်း မ နေ ရကြ။ စပျစ် ဥယျာဉ်ကို စိုက် သော်လည်း စပျစ်ရည် ကို မ သောက် ရကြ။ 14 ထာဝရဘုရား ၏နေ့ ကြီး နီး ပြီ။ နီး ပြီ။ အလျင်အမြန် လာ၏။ ထာဝရဘုရား ၏ နေ့ သိတင်း သည် နား၌ ခါး ၏။ ထိုနေ့၌ သူရဲ သည် အော်ဟစ် လိမ့်မည်။ 15 ထို နေ့ သည် အမျက် ထွက်သောနေ့ ၊ ဆင်းရဲ ပူပန် ခြင်းကို ခံရသောနေ့ ၊ သုတ်သင် ပယ်ရှင်းဖျက်ဆီး ရာနေ့ ၊ အလင်း ကွယ်၍ မှောင်မိုက် သောနေ့ ၊ မိုဃ်းအုံ့ ၍ ထူထပ် သောမှောင်မိုက် ဖုံးလွှမ်းသောနေ့ ၊ 16 ခိုင်ခံ့ သောမြို့ ၊ မြင့် သောရဲတိုက် တို့တဘက် ၌ တံပိုး မှုတ်၍ ကြွေးကြော် ရာနေ့ ဖြစ်၏။ 17 သူတို့သည် ထာဝရဘုရား ကို ပြစ်မှား သောကြောင့် ၊ သူ တို့ကို ငါညှဉ်းဆဲ သဖြင့် မျက်စိ မမြင်သော သူကဲ့သို့ သွား ကြလိမ့်မည်။ သူ တို့အသွေး ကို မြေမှုန့် ကဲ့သို့ သွန်း ၍ အသား ကိုလည်း မစင် ကဲ့သို့ မှတ်ကြလိမ့်မည်။ 18 ထာဝရဘုရား အမျက် ထွက်တော်မူသောနေ့ ၌ သူ တို့ရွှေ ငွေ သည် သူ တို့ကို မ ကယ်တင် နိုင် ရာ။ ဒေါသ အမျက်တော်မီး သည် တပြည်လုံး ကို လောင် လိမ့်မည်။ ပြည်သူ ပြည်သားအပေါင်း တို့ကို အလျင်အမြန် စီရင် ၍ အကုန်အစင် သုတ်သင်ပယ်ရှင်းတော်မူလိမ့်မည်။",,,,,,
<urn:uuid:118824d3-c329-49fa-bdec-62576c6c62ea>,"|Min Thit Sar, Su Shon Lei, |
မင္းသစၥာ ၊ ဆုရႊန္းလဲ့
Drama Mystery
|Myint Myat, Min Oo, Myo Sandi Kyaw, |
ျမင့္ျမတ္ ၊ မင္းဦး ၊ မ်ိဳးစႏၵီေက်ာ္ ၊ ယုသႏၲာတင္
Drama
|Myint Myat, Eindra Kyaw Zin, War So Moe Oo, |
ျမင့္ျမတ္ ၊ အိျႏၵာေက်ာ္ဇင္ ၊ ဝါဆိုမိုးဦး
Drama
|Moe Aung Yin, Thin Zar Wint Kyaw, |
မိုးေအာင္ရင္ ၊ သင္ဇာဝင့္ေက်ာ္
Mystery
|Kyaw Ye Aung, Thin Zar Wint Kyaw, |
ေက်ာ္ရဲေအာင္၊ သင္ဇာဝင့္ေက်ာ္
Mystery
|Aung Ye Lin, Eindra Kyaw Zin, |
ေအာင္ရဲလင္း ၊ အိျႏၵာေက်ာ္ဇင္
Romance Drama
|Nay Min, Thar Nyi, Khin Hlaing, Khin Lay Nwe, Cham Me Me Ko, |
ေနမင္း ၊ သားညီ ၊ ခင္လိႈင္ ၊ ခင္ေလးႏြယ္ ၊ ခ်မ္းမီမီကို
Comedy Romance Drama
|Nay Myo Aung, Hein, Sandi Myint Lwin, |
ေနမ်ိဳးေအာင္ ၊ ဟိန္း ၊ စႏၵီျမင့္လြင္
|Khant Si Thu, Soe Yan Aung, Ei Chaw Po, |
ခန္႕စည္သူ ၊ စိုးရန္ေအာင္ ၊ အိေခ်ာပို
Comedy
|Sai Sai Khan Hlaing, Thar Htet, Thin Zar Wint Kyaw, |
စိုင္းစိုင္းခမ္းလိႈင္ ၊ သာထက္ ၊ သင္ဇာဝင့္ေက်ာ္
Romance Drama",,,,,,
<urn:uuid:a90020ac-1a2d-4821-bcd7-be9bfc9dad3e>,"စစ္ကိုင္းတုိင္းေဒသႀကီး ဟုမၼလင္းၿမိဳ႕နယ္ရွိ တရားမ၀င္ ေရႊတူးေဖာ္ေနမႈမ်ား ပေပ်ာက္ေစရန္ ယခင္နည္းလမ္းႏွင့္ မတူေသာ အစီအစဥ္သစ္မ်ား ေရးဆြဲလုပ္ေဆာင္ သြားမည္ဟု စစ္ကိုင္းတိုင္းေဒသႀကီး ရွမ္းတုိင္းရင္းသားေရးရာ၀န္ႀကီး ေဒၚနန္းေမႊးေမႊးခင္၏ ေျပာၾကားခ်က္အရ သိရသည္။
စစ္ကိုင္းတိုင္းေဒသႀကီး အတြင္းရွိ တရားမ၀င္ ေရႊတူးေဖာ္ေနမႈမ်ား ပေပ်ာက္ေစရန္အတြက္ စစ္ကိုင္းတုိင္းေဒသႀကီး ၀န္ႀကီးခ်ဳပ္မွ စစ္ကိုင္းတိုင္းေဒသႀကီး ၀န္ႀကီးမ်ားအား တာ၀န္ေပးအပ္ခဲ့ရာ ရွမ္းတုိင္းရင္းသား ေရးရာ၀န္ႀကီး ေဒၚနန္းေမႊးေမႊးခင္အား ဟုမၼလင္းၿမိဳ႕နယ္ အတြင္းရွိ တရားမ၀င္ ေရႊတူးေဖာ္မႈမ်ား ပေပ်ာက္ရန္အတြက္ လုပ္ေဆာင္ရန္ တာ၀န္ေပးအပ္ခဲ့သည္။
ရွမ္းတုိင္းရင္းသားေရးရာ၀န္ႀကီး ေဒၚနန္းေမႊးေမႊးခင္က ဟုမၼလင္းၿမိဳ႕နယ္ရွိ တရားမ၀င္ ေရႊတူးေဖာ္ေနမႈမ်ား လံုး၀ပေပ်ာက္ေစရန္အတြက္ ယခင္လုပ္ကိုင္ခဲ့ေသာ နည္းလမ္းမ်ားႏွင့္မတူသည့္ စီမံကိန္းမ်ားကို ေရးဆြဲေနၿပီး တရားမ၀င္ ေရႊတူးေဖာ္မႈမ်ားအား ဖမ္းဆီးရာတြင္ လိုအပ္ခ်က္မ်ား ျပင္ဆင္ျဖည့္စြက္ျခင္း၊ ေဒသခံမ်ားအား အသိပညာေပးျခင္းႏွင့္ တစ္ဘက္တြင္လည္း ေဒသခံမ်ား လက္လုပ္လက္စား တူးေဖာ္ခြင့္ ရရွိႏိုင္ရန္ စီစဥ္ေဆာင္ရြက္ျခင္း စသည္တို႔ကို တစ္ၿပိဳင္နက္ အေကာင္အထည္ေဖာ္ လုပ္ေဆာင္သြားမည္ဟု ေျပာၾကားသည္။
“တရားမ၀င္ ေရႊေမ်ာလုပ္ေနတာေတြနဲ႔ ပတ္သက္ၿပီး အန္တီတို႔ တုိင္းေဒသႀကီး အစိုးရအဖြဲ႕က ၀န္ႀကီးေတြကို ေဒသေတြခြဲၿပီး ေမ ၄ ရက္ကတည္းကစၿပီး ဖြဲ႕စည္းတာ၀န္ေပးခဲ့ တယ္။ ဒါနဲ႔ပတ္သက္ၿပီး အန္တီတုိ႔ဘက္က တကယ့္ကို ထိထိေရာက္ေရာက္ လုပ္ခ်င္တယ္။ ဒီလိုလုပ္မယ္ဆိုတဲ့အခါ အရင္ကလုပ္ခဲ့တဲ့ နည္းေတြအကုန္ ေျပာင္းပစ္ရမယ္။ အရင္ကလို သြားဖမ္းတယ္။ ျပန္လာတယ္ ျပန္လုပ္ၾကတယ္ ဆိုတာမ်ဳိး မျဖစ္ေအာင္ေပါ့။ ဒါေၾကာင့္ အန္တီတို႔က Plan အသစ္ေတြဆြဲေနတယ္။ သြားဖမ္းတဲ့အခါ လံုျခံဳေရးကအစ ဒီရဲအင္အားနဲ႔ လံုေလာက္သလား ထပ္တိုးဖို႔လိုသလား တပ္မေတာ္အင္အား လိုသလား ဒါေတြကအစေပါ့။ ေနာက္တခ်က္က ၿမိဳ႕နယ္အုပ္ခ်ဳပ္ေရးပိုင္း အေနနဲ႔ကေရာ သြားဖမ္းတဲ့အခါ စက္ပစၥည္းေတြသယ္ဖို႔ ထိန္းသိမ္းဖို႔ ဘတ္ဂ်က္ကိစၥအစေပါ့။ ဒီလိုထိေရာက္စြာ လုပ္ႏိုင္ဖို႔ လိုအပ္တဲ့အခ်က္ေတြ၊ သူတို႔ရဲ႕ သေဘာထား အျမင္ေတြ ေတာင္းတယ္။ အန္တီကိုယ္တုိင္ကလည္း ေျမျပင္ကြင္းဆင္းၿပီး ၾကည့္ခဲ့တယ္။ ဒီလိုလုပ္တဲ့အခါ ေဒသခံေတြရဲ႕ ပူးေပါင္းပါ၀င္မႈက အေရးအႀကီးဆံုးပဲ။ သူတို႔မပါဘဲနဲ႔ မေအာင္ျမင္ႏိုင္ဘူး။ သူတို႔ေဒသမွာ ဒီလုိလာလုပ္ ေနတာကို မေၾကာက္မရြံ႕ ရဲရဲ၀့ံ၀့ံ တားဆီးႏိုင္ရမယ္။ တခ်ဳိ႕ေနရာမွာေတာ့ ေဒသခံေတြလည္း ၀င္လုပ္ေနတာရွိတယ္။ ဒါေၾကာင့္ ပညာေပး လုပ္ငန္းေတြလည္း တဘက္ကလုပ္မယ္။ အခုသတၱဳဥပေဒကလည္း အသစ္ထြက္လာၿပီ ျပစ္ဒဏ္ေတြက အမ်ားႀကီး ျပင္းထန္လာၿပီ။ ဒါေတြကို လူထုသိေအာင္ ေျပာျပရမယ္။ ေဒသခံ တခ်ဳိ႕လူနည္းစုက သတၱဳဥပေဒရွိမွန္းကို မသိၾကတာေတြရွိတယ္။ တခ်ဳိ႕ကေတာ့ ရွိမွန္းသိတယ္။ ျပစ္ဒဏ္ႀကီးမွန္း မသိၾကဘူး။ ဒီေတာ့ ဥပေဒနဲ႔ ပတ္သက္လို႔လည္း ပညာေပးရမယ္။ တစ္ဖက္ကလည္း ေဒသခံေတြ လုပ္ကိုင္စားေသာက္ႏိုင္ေအာင္ လက္လုပ္လက္စား ေရႊတူးေဖာ္ခြင့္ တပိုင္တႏိုင္ေတြ ခ်ေပးႏိုင္ေအာင္ လုပ္သြားမယ္” ဟု ေဒၚနန္းေမႊးေမႊးခင္က ဆုိသည္။
ဟုမၼလင္းၿမိဳ႕နယ္အတြင္း တရားမ၀င္ ေရႊတူးေဖာ္မႈ မ်ားစြာရွိေနၿပီး ဟုမၼလင္းၿမိဳ႕နယ္ အတြင္းရွိ ဥ႐ုျမစ္၏ ေခ်ာင္းလက္တက္မ်ားျဖစ္ေသာ ေခ်ာင္းႀကီးေခ်ာင္း၊ နန္ထိန္ကြန္းေခ်ာင္း၊ နားေမာ္ေခ်ာင္းႏွင့္ နန္စံကားေခ်ာင္း အစရွိသည့္ ေခ်ာင္းမ်ားအတြင္းႏွင့္ ခ်င္းတြင္းျမစ္အတြင္း စီး၀င္သည့္ နတ္နန္းေခ်ာင္း အတြင္း တရားမ၀င္ ေရႊတူးေဖာ္မႈမ်ားစြာ ရွိေနၿပီး စြန္႔ပစ္ေျမစာမ်ားႏွင့္ ေရဆိုးမ်ားေၾကာင့္ အဆိုပါ ေခ်ာင္းမ်ားအတြင္း ေရစီးဆင္းမႈ ပ်က္စီးကာ ေရေဘးကဲ့သို႔ သဘာ၀ေဘး အႏၲရာယ္ကို ၾကံဳေတြ႕ခံစားေနရၿပီး လယ္ေျမပ်က္စီးမႈမ်ားလည္း ျဖစ္ေပၚေနေၾကာင္း ဟုမၼလင္းၿမိဳ႕နယ္ ျပည္သူ႔လႊတ္ေတာ္ ကိုယ္စားလွယ္ ဦးမ်ဳိးညြန္႔ကလည္း ေျပာၾကားသည္။",,,,,,
<urn:uuid:d02ebafe-a2ec-496d-a559-1b542da95502>,"ရှာပိုရာဒွစ်၊ ဘင်္ဂလားဒေ့ရှ်။ ။
မြန်မာနိုင်ငံမှ ထွက်ပြေးလာသော ဘင်္ဂလီများကို သယ်ပို့ပေးနေသည့် လှေပေါင်း အစီး နှစ်ဆယ်ခန့်ကို စိတ်ကြွရူးသွပ်ဆေးများ သယ်ယူပိုပဆောင်နေသည်ဟုဆိုကာ ဘင်္ဂလားဒေ့ရှင်အာဏာပိုင်များက ဖျက်ဆီးပစ်လိုက်သည်။
ဘင်္ဂလားဒေ့ရှ်နိုင်ငံ တောင်ပိုင်း ရှာပိုရာ ဒွစ်သို့ လှေများဆိုက်သည့်အခါ လှေများကို ဒေသခံများက မဖျက်ဆီးမီ ဘင်္ဂလားဒေ့ရှ် နယ်ခြားစောင့်တပ်များသည် ခရီးသည်များနှင့် လှေသမားများကို ရိုက်နှက်ဖမ်းဆီးခဲ့ကြောင်း ထွက်ပြေးလာသူများက ပြောသည်။
သို့သော်ဘင်္ဂလားဒေ့ရှ် နယ်ခြားစောင့်တပ်ဦးစီးမှူး အရီဖူ အစ္စလာမ်ကတော့ ထိုကဲ့သို့ ရိုက်နှက်မှုများမရှိကြောင်း ငြင်းဆိုခဲ့ပြီး လှေများကို ဖျက်ဆီးရခြင်းမှာလည်း လူကုန်ကူးမှုနှင့် ယာဘဟုခေါ်သော မူးယစ်ဆေးများ ခိုးသွင်းလာမှုများကို နှိမ်နင်းရန်လုပ်ဆောင်ခြင်းသာဖြစ်ကြောင်းပြောဆိုခဲ့သည်။
‘သူတို့ ပို့မပေးသင့်တဲ့ ခရီးသည်တွေကို သယ်လာတယ်’ ဟု ၎င်းက ဆိုသည်။
လှေသမားများမှာ ဘင်္ဂလီများကို မြန်မာနိုင်ငံမှ ဘင်္ဂလားဒေ့ရှ်သို့ ပို့ပေးခြင်းဖြင့်အမြတ်ထုတ်နေကြောင်း ၎င်းက စွပ်စွဲသည်။
လှေတစ်ခါစီးလျှင် ဘင်္ဂလားဒေ့ရှ်ငွေ တာခါ တစ်သောင်း (အမေရိကန်ဒေါ်လာ ၁၂၃ ဒေါ်လာ) တောင်းကြောင်း ခရီးသည် အချို့က ပြောပြီး အချို့သော ခရီးသည်များကတော့ ၎င်းတို့အနေဖြင့် အခမဲ့ စီးနင်းလိုက်ပါခဲ့ခြင်းဖြစ်သည်ဟုဆိုကြသည်။
ခရီးသည် လေးဦးက ၎င်းတို့အနေဖြင့် လှေပေါ်တွင် မူးယစ်ဆေးဝါးများ တွေ့ရှိခဲ့ခြင်း မရှိကြောင်း ပြောသော်လည်း အရီဖူကတော့ နယ်ခြားစောင့်တပ်သားများသည် အင်္ဂနေ့ညက ရေထဲတွင် မူးယစ်ဆေးများစွာ တွေ့ရှိခဲ့ရကြောင်း ပြောဆိုခဲ့သည်။
Source: Reuters",,,,,,
<urn:uuid:f1acd67d-dd64-490d-8111-737c9b2fb8b3>,"09442647653
Toggle navigation
ကျွန်ုပ်တို့အကြောင်း
သမိုင်း
ယုံကြည်ခြင်းနှင့် ဝန်ခံချက်များ
ခေါင်းဆောင်များ
ဆက်သွယ်ရန်
Toggle navigation
မူလစာမျက်နှာ
ကျွန်ုပ်တို့အကြောင်း
သမိုင်း
ယုံကြည်ခြင်းနှင့် ဝန်ခံချက်များ
တနင်္ဂနွေနေ့
အစီစဉ်များ
လူထုဝတ်ပြုခြင်း
အမျိုးသမီး ဝတ်ပြုခြင်း
လူငယ်ဝတ်ပြုခြင်း
ကလေးဝတ်ပြုခြင်း
ဗေသနိဓမ္မတက္ကသိုလ်
ရူပါရုံ နှင့် မစ်ရှင်
စာကြည့်တိုက်
အသိမှတ်ပြုမှု
ဗေသနိလှုပ်ရှားမှုများ
ရနိုင်သော ဒီဂရီများ
ပညာသင်ဆု
ဝင်ခွင့်နှင့်ဆိုင်သော
ကျောင်းသားဟောင်းများ
Application Form
စာပေ
ပုံနှိပ်ထုတ်ဝေခြင်း
ဓမ္မဝိညာဉ်ရေးဆောင်းပါးများ
ကျမ်းစာလေ့လာခြင်းများ
သာသနာ
အသင်းတော်
ကလေးများ စောင့်ရှောက်ရေးစင်တာများ
လုပ်ဆောင်ချက်များ
ကြော်ငြာခြင်းများ
အသင်းတော်လှုပ်ရှားမှုများ
ကဗျာများ
ကဗျာများ
ဆက်သွယ်ရန်
Bethany Independent Presbyterian Church
Myanmar
Bethany IPC Family Camp
Home
→
ကြော်ငြာခြင်းများ
→
Bethany IPC Family Camp
Bethany IPC Family Camp
Bethany IPC Family Camp
Between 13 April 2020 to 17 April 2020",,,,,,
<urn:uuid:e1bd6bf5-93d7-4b97-b394-b2b0292a33e4>,"လိုဏ်ဂူထဲရောက် လူငယ်များ ကမ္ဘာ့ဖလားဗိုလ်လုပွဲ လာကြည့်ရန် FIFA ဖိတ်ခေါ်
လိုဏ်ဂူအတွင်း ပိတ်မိနေသော လူငယ်ဘောလုံးသမားများကို အချိန်မီကယ်တင်နိုင်ပါက ကမ္ဘာ့ဖလား ဗိုလ်လုပွဲလာ ရောက် ကြည့်ရှု့ရန် ဖီဖာဥက္ကဋ္ဌ ဂျီယန်နီ အင်ဖန်တီနိုက ဖိတ်ခေါ် ကမ်းလှမ်းလိုက်သည်။
“ကျနော်တို့ အားလုံး မျှော်လင့်ထားတာက တကယ်လို့ သူတို့မိသားစုတွေနဲ့ နောက်ရက်တွေမှာ ပြန်ဆုံ စည်းမိပြီး ခရီးထွက် ဖို့ ကျန်းမာရေးအခြေအနေ ခွင့်ပြုတယ်ဆိုရင် သူတို့လေးတွေကို ဧည့်သည် တော်များအနေနဲ့ ကမ္ဘာ့ဖလားပွဲ တက်ရောက် ကြည့်ရှုဖို့ ဖီဖာက ဝမ်းမြောက်ဝမ်းသာနဲ့ ဖိတ်ပါတယ်” ဟု ဖီဖာဥက္ကဋ္ဌက ထိုင်းဘောလုံးအသင်းအဖွဲ့ခေါင်းဆောင်ထံ ပေးပိ့ု သည့် စာတွင် ရေးသားထား သည်။
ပြီးခဲ့သည့် ရက်သတ္တနှစ်ပတ်က လိုဏ်ဂူအတွင်း ရေအတိဖုံးလွှမ်း၍ ပိတ်မိနေခဲ့သော တောဝက်အသင်း အနေဖြင့်မော်စကို ၌ ဇူလိုင်လ ၁၅ ရက်တွင် ကျင်းပမည့် ကမ္ဘာ့ဖလားဗိုလ်လုပွဲကို အချိန်မီကြည့်ရှု့ နိုင်ရန် ကယ်တင်နိုင်မည်ဟု မိမိမျှော်လင့် ကြောင်း အင်ဖန်တီနိုက ပြောသည်။
“သူတို့လေးတွေ ဗိုလ်လုပွဲကျရင် ကျနော်တို့ဆီ လာမယ်လို့ ကျနော် ရိုးသားစွာမျှော်လင့်မိပါတယ်။ ဒါဟာ အံ့သြဖွယ်ရာ မိတ်သဟာယဖြစ်မှုနဲ့အထိမ်းအမှတ်တခုဖြစ်တယ်ဆိုတာ သံသယဖြစ်ဖွယ်မရှိပါ ဘူး”ဟုလည်း သူကဆက်ပြောသည်။
အသက် ၁၁ နှစ်မှ အသက် ၁၆ အထိရှိကြသည့် ထိုင်းဘောလုံးသမားလေးတစုသည် ဇွန်လ ၂၃ ရက် ဘောလုံးကန် လေ့ကျင့်ပြီးချိန် ၎င်းတို့၏ အသက် ၂၅ နှစ်ရှိ နည်းပြနှင့်အတူ မြေအောက်တွင် မှောင်မည်းနက်ရှိုင်း သည့်လိုဏ်ဂူ အတွင်းသို့ ဝင်ရောက်လေ့လာခဲ့ကြသည်။
ထို့နောက် ရာသီဥတုဆိုးရွားကာ မိုးသည်းထန်စွာ ရွာသည့်အတွက် ဂူအတွင်း ၉ရက်ခန့် ပိတ်မိနေခဲ့ရာ စတင်တွေ့ရှိ ချိန် မှတ်တမ်းဗီဒီယိုရိုက်ကူးခဲ့ရာ ၎င်းတို့မှာ အားနည်းဖျော့တော့နေသော်လည်း တည် တည်ငြိမ်ငြိမ်ရှိနေခဲ့ပြီး အချို့မှာ ဘောလုံး ကန်ဝတ်စုံနှင့်ပင် တွေ့ရသည်။
၎င်းတို့၏တုန်လှုပ်ခြောက်ခြားဖွယ်ဖြစ်ရပ်မှာ ရုရှားနိုင်ငံ၌ ကျင်းပနေဆဲ ကမ္ဘာ့ဖလားပွဲနှင့် တိုက်ဆိုင် ခဲ့ပြီး အားကစားများ ၏စိတ်ဝင်စားမှုလည်း ခံခဲ့ရသည်။
အင်္ဂလန်ခံစစ်သမား ဂျွန်စတုန်းကလည်း “ကျနော် လူငယ်တချို့နဲ့ ဒီကိစ္စပြောပြီးပါပြီ၊ “သူတို့ရောက် တဲ့ နေရာကို ကြည့်ရတာ ဝမ်းနည်းစရာပါ။ သူတို့ ဘေးကင်းရန်ကင်းနဲ့ ပြန်ထွက်လာဖို့ ကျနော်တို့ မျှော်လင့်ပါတယ်” ဟု ဗြိတိသျှမီဒီယာများကို ပြောသည်။",,,,,,
<urn:uuid:2c1877d0-8224-4577-be75-20e6506aa00a>,ဒီရက်ပိုင်းမှာ သတင်းစာဖြတ်ပိုင်းပုံ ဖန်တီးထားတဲ့ သတင်းတုတွေ ပုံစံတူ အများအပြားထွက်ပေါ်လာနေပါတယ်။ ပထမ တစ်ခုကတော့ ရုရှားသမ္မတ ဗလာဒီမာပူတင် ကနေ အာဆီယံကို သတိပေးလိုက်တယ်ဆိုတဲ့ သတင်းတုပါ။ အာဏာသိမ်းစစ်ခေါင်းဆောင် ဗိုလ်ချုပ်မှူးကြီး မင်းအောင်လှိုင်ကို အာဆီယံထိပ်သီး အစည်းအဝေး တက်ရောက်ခွင့် ပိတ်ပင်ခဲ့ပြီးနောက်မှာပဲ ထွက်ပေါ်လာခဲ့တာ ဖြစ်ပါတယ်။ ဒီလို ထိပ်တန်းသတင်းနဲ့ ပတ်သက်လို့ နိုင်ငံတကာ မီဒီယာတွေနဲ့ ပြည်တွင်းမီဒီယာတွေကနေ ဖော်ပြထားတာမျိုးတွေကို မတွေ့ခဲ့ရလို ဒီအကြောင်းအရာနဲ့ ပတ်သက်လို့ အခြားပြည်ပမီဒီယာတွေမှာလည်း ဖော်ပြထားခြင်းမရှိတဲ့အတွက်ကြောင့် သတင်းအတု တပုဒ်သာဖြစ်ကြောင်း အတည်ပြုခဲ့ပါတယ်။ နောက်ထပ် သတင်းတစ်ပုဒ်ကတော့ ဒီကနေ့မှာပဲ ထပ်မံထွက်ပေါ်လာတဲ့ သတင်းစာဖြတ်ပိုင်းပုံ သတင်းတုဖြစ်ပါတယ်။ ဒီ သတင်းဓါတ်ပုံအတုထဲမှာဆိုရင် ပြန်လည်လွတ်မြောက်လာတဲ့ NLD ထိပ်ပိုင်းခေါင်းဆောင် ဦးမုံရွာအောင်ရှင် မှ ပြင်ပတွင် အေးချမ်းစွာ နေလိုပြီး […],,,,,,
<urn:uuid:46641b29-efdd-442f-9381-38dca2232619>,"KIO ဥက္ကဋ္ဌဟောင်း ဦးမလိဇွပ်ဇော်မိုင် ကွယ်လွန်
ကချင် လွတ်လပ်ရေး အဖွဲ့၊ ကချင် လွတ်လပ်ရေး တပ်မတော် (KIA/KIO) အဖွဲ့၏ ဥက္ကဋ္ဌဟောင်း ဦးမလိဇွပ်ဇော်မိုင် ၈၁ နှစ် သည် ရန်ကုန်မြို့ အာရှတော်ဝင် ဆေးရုံ၌ အောက်တိုဘာလ ၂၇ နံနက်ပိုင်း ၅ နာရီခွဲ ခန့်တွင် ကွယ်လွန်သွားသည်ဟု သတင်း ရရှိသည်။
ဦးမလိဇွပ်ဇော်မိုင်ကို အင်ခွန်ဇော်မိုင်ဟုလည်း ခေါ်ဆိုကြပြီး ၎င်းသည် ၁၉၅၇ ခုနှစ်က ကချင် လက်နက်ကိုင် တော်လှန်ရေး စတင်ရန် လားရှိုးမြို့၌ ကချင် ကျောင်းသား လူငယ် ၇ ဦးဖြင့် ဖွဲ့စည်းခဲ့သည့် ခုနစ်စင်ကြယ် အဖွဲ့ (7 Stars) တွင် ပါဝင်ခဲ့သူ ဟုလည်း လူသိများသည်။
7 Stars အဖွဲ့ဝင်များက ၁၉၆၀ ပြည့်နှစ် အောက်တိုဘာလတွင် KIO ကို စတင် တည်ထောင်လိုက်ပြီး ၁၉၆၁ ခုနှစ် ဖေဖော်ဝါရီလ ၅ ရက်နေ့တွင် KIA ကို တည်ထောင်ခဲ့သည်။
ဦးမလိဇွပ်ဖော်မိုင်သည် ၁၉၉၄ ခုနှစ် သြဂုတ်လမှ ၂၀၀၁ ခုနှစ်အထိ KIO ဥက္ကဋ္ဌ နှင့် KIA စစ်ဦးစီးချုပ် ဗိုလ်ချုပ် မလိဇွပ်ဇော်မိုင် အဖြစ် တာဝန် ထမ်းဆောင်ခဲ့ပြီး ၁၉၉၄ ခုနှစ်က စစ်အစိုးရနှင့် KIA ကြား ရေးထိုးခဲ့သည့် အပစ်ရပ် စာချုပ် တွင်လည်း ပါဝင် လက်မှတ်ထိုးခဲ့သူ ဖြစ်သည်။
၂၀၀၀ ပြည့်နှစ်တွင် တပ်တွင်းအင်အားဖြင့် အာဏာသိမ်းကာ ရာထူးမှ ဖြုတ်ချ ခံလိုက်ရပြီးနောက် အရပ်သားအဖြစ် ပြောင်းလဲနေထိုင်ခဲ့ခြင်း ဖြစ်သည်။
ပြန်ကြားရေး ဝန်ကြီးဟောင်း ဦးရဲထွဋ် ကတော့ ဦးမလိဇွပ်ဇော်မိုင်သည် စာဖတ်နာသည့် စစ်ဗိုလ်ချုပ် တဦးဖြစ်ကြောင်း ဦးမလိဇွပ်ဇော်မိုင် တဲထဲသို့ ၎င်းကိုယ်တိုင် ရောက်ရှိခဲ့စဉ်က များပြားသည့် စာအုပ်များကို တွေ့ရှိခဲ့ရသကဲ့သို့ အတူ စကား ပြောစဉ်တွင်လည်း မှတ်သားစရာ များစွာတွေ့ရှိခဲ့ရကြောင်း ၎င်း၏ လူမှု ကွန်ရက် Facebook စာမျက်နှာထက်တွင် အောက်မေ့ သတိရစာ ရေးသားထားသည်ကို တွေ့ရသည်။
ဦးရဲထွဋ် က “ငြိမ်းချမ်းရေး ဆွေးနွေးပွဲ ကာလတုန်းက ဆုံခဲ့တဲ့ သူ့ပုံရိပ်တွေ၊ သူ့စကားတွေ၊ စာအုပ်ပုံတွေ ကြားမှာထိုင်ပြီး ကျနော်တို့ကိုု ဧည့်ခံခဲ့တဲ့ အမှတ်တရ အဖြစ်တွေကိုတော့ တိုက်ဆိုင်မှုရှိတိုုင်း သတိရနေမိတယ်။ သူပြောခဲ့တဲ့ စကား တခွန်းကိုု အကြောင်းပြုပြီး စာတပုဒ်တောင် ရေးဖြစ်ခဲ့တယ်။ အခုတော့ သူကွယ်လွန်သွားခဲ့ပြီ။ သူမရှိတော့ဘူးဆိုမှ သူ့ကိုု တခေါက် တခါလောက် သွားပြီး တွေ့သင့်ခဲ့တယ်ဆိုုပြီး နောင်တရမိတယ်” ဟု ဆိုသည်။
၎င်းတာဝန် ထမ်းဆောင်စဉ်ကာလ အုပ်ချုပ်ရေး ကိုင်တွယ်ရာတွင် ကြမ်းသည်ဟု မှတ်ချက်ချသူများလည်း ရှိသလို ၎င်းသည် စိတ်သဘောထား ကောင်းမွန်သည့် ခေါင်းဆောင်တဦး ဖြစ်ကြောင်း မှတ်ချက်ပြုသူများလည်း ရှိသည်။
ကချင်ပြည်နယ် ဒီမိုကရေစီ ပါတီ (KSDP) ဥက္ကဋ္ဌ ဒေါက်တာ တူးဂျာက ဦးမလိဇွပ်ဇော်မိုင်သည် KIO ကို စတင်တည် ထောင်ပြီး ကချင်တော်လှန်ရေး လမ်းစဉ်များကို လမ်းညွှန်ခဲ့သူ တဦးဖြစ်သည့်အပြင် ထင်ပေါ် ကျော်ကြားသည့် ခေါင်းဆောင် တဦးလည်း ဖြစ်သည်ဟု မှတ်ချက်ပြုသည်။
ရန်ကုန်အခြေစိုက် တိုင်းရင်းသား နိုင်ငံရေးလေ့လာသူ ဦးမောင်မောင်စိုး၏ ၂၀၁၆ ခုနှစ်ထုတ် တိုင်းရင်းသား လက်နက်ကိုင် များအကြောင်း တစေ့စောင်း စာအုပ်ပါ KIA အခန်းကဏ္ဍတွင် ဦးမလိဇွပ်ဇော်မိုင်သည် အုပ်ချုပ်ရေး အကိုင်အတွယ် ကြမ်း ခြင်း၊ အစိုးရနှင့် အပစ်ရပ်စာချုပ် ချုပ်ဆိုထားစဉ် အတွင်း စီးပွားရေး လုပ်ဆောင်ခြင်း၊ မြစ်ဆုံ ဒေသအတွင်း ရွှေတူးဖော်ခြင်း များကြောင့် ၎င်းအပေါ် မကျေနပ်မှုများလည်း ရှိနေကြပြီးသည့်နောက် ၂၀၀၀ ပြည့်နှစ်တွင် ရာထူးမှ ဖြုတ်ချပြီး အာဏာ သိမ်း ခံလိုက်ရခြင်း ဖြစ်သည်ဟု ရေးသားထားသည်။
ထိုရာထူး ဖြုတ်ချရေးကို ဦးဆောင်ခဲ့သူမှာ လက်ရှိ KIO ဥက္ကဋ္ဌ တာဝန်ယူထားသည့် ဗိုလ်ချုပ်ကြီး အင်ဘန်လ ဖြစ်သည်ဟု အများက သတ်မှတ်ထားကြောင်းလည်း ရေးသားထားသည်။
ဦးမလိဇွပ်ဇော်မိုင် ကွယ်လွန်ခြင်း သတင်းကြောင့် ကချင်လူမှု အသိုင်းအဝိုင်းများကြား ဝမ်းနည်းကြောင်း ထုတ်ဖော် ပြောဆိုလာသူများ ရှိသလို အများစုကလည်း ဦးမလိဇွပ်ဇော်မိုင်သည် ခေါင်းဆောင်ကောင်း တဦးဖြစ်ကြောင်း၊ ကွယ်လွန် သွားသည့် သတင်းကြောင့် ဝမ်းနည်းရကြောင်း လူမှုကွန်ရက်ပေါ်တွင် ရေးသားကြသည်ကို တွေ့ရသည်။
KIA စစ်ဦးစီးချုပ်ဟောင်း ဦးမလိဇွပ်ဇော်မိုင်၏ ဈာပနအခမ်းအနားကို နိုဝင်ဘာလ ၁ ရက်၌ မြစ်ကြီးနားမြို့ စီတာပူ ရပ်ကွက်၊ နေအိမ်အနီးရှိ စီတာပူ ကချင်နှစ်ခြင်း ခရစ်ယာန် အသင်းတော်တွင် ဝတ်ပြုဆုတောင်းပွဲ ပြုလုပ်ကာ ဂျော်ဘွမ် ခရစ်ယာန် သုသာန်တွင် ဂူသွင်းသဂြိုဟ်သွားမည်ဟု သိသည်။",,,,,,
<urn:uuid:1636550b-20aa-4925-b34e-611033fbd564>,"မြန်မာလက်ရွေးစင် ဘောလုံးအသင်းရဲ့ နည်းပြ အန်တိုနီ ဟေး က ကြေငြာချက်တစ်ခုကို မြန်မာဘောလုံးပရိတ်သတ်တွေအတွက် အတည်ပြုလာခဲ့ပါတယ်။ဒါကတော့ ကစားသမား အောင်သူ၊ ကျော်ကိုကို နဲ့ ဇော်မင်းထွန်းတို့ ဟာ လက်ရှိမှာ လက်ရွေးစင်အသင်းကနေ အနားယူသွားပြီ ဆိုတဲ့အကြောင်းအရာပဲ ဖြစ်ပါတယ်။
သူတို့(၃)ဦးဟာ အာဏာထိန်းချုပ်ခံခဲ့ရပြီး ဖေဖော်ဝါရီ နောက်ပိုင်းထဲက လက်ရွေးစင် အသင်းမှာ ပါဝင် ကစားဖို့ ငြင်းဆန်ခဲ့တာဖြစ်ပါတယ်။လက်ရှိ အချိန်မှာဆိုရင်တော့ သူတို့ဟာ နိုင်ငံကိုယ်စားပြု လက်ရွေးစင်ကစားသမားဘဝ ဆိုတဲ့ ဂုဏ်ယူစရာ အကောင်းဆုံး အခိုက်အတန့်ကို မတရားမှုနဲ့ လဲလှယ်ခဲ့ကာ ဂုဏ်ယူဖွယ်လုပ်ရပ်ကို ပြုလုပ်ခဲ့ကြတာဖြစ်ပါတယ်။
သူတို့ဟာ အားပေးနေတဲ့ တစ်နိုင်ငံလုံးက ပရိတ်သတ်ကြီးကို သွင်းဂိုးတွေ မပါပဲ ၊ ပြောင်မြောက်တဲ့ ခံစစ် များ၊ ထူးချွန်တဲ့ ခြေစွမ်းနှင့် ကစားကွက်မပါပဲ အစွမ်းပြလိုက်တာဖြစ်ပါတယ်။သူတို့ကို အားပေးရတာ ခုချိန်မှာမှ အားပေးရကျိုးနပ်တယ်လို့ မြန်မာဘောလုံး ပရိတ်သတ်တွေလည်း ထပ်တူ ခံစားချက်တူမယ်လို့ လုံးဝ ယုံကြည်မိပါတယ်။",,,,,,
<urn:uuid:62720720-a4b8-4ec3-9a76-d4cd5cdca29d>,"အာဖဂန်က ဆေးရုံတခု ဗုံးခွဲတိုက်ခိုက်ခံရ
အာဖဂန်နစ္စတန်အရှေ့တောင်ပိုင်း လောဂါ ပြည်နယ်က ဆေးရုံတခု ဗုံးခွဲ တိုက်ခိုက်ခံ ရ တဲ့တွက် ဆေးရုံပြိုကျ ပျက်ဆီးပြီး၊ လူနာ တွေ ဆရာဝန်တွေနဲ့ သူနာပြုတွေ အပါ အဝင် လူအတော်များများ သေဆုံးသွား ပါတယ်။
သေဆုံးသူအရေအတွက်နဲ့ ပတ်သက်ပြီး ရှင်းရှင်းလင်းလင်း မသိရသေးပေမယ့် ခန့်မှန်းခြေအရေတော့ လူ ၂၀ ကနေ ၆၀ လောက် သေဆုံးသွားတယ်လို့ သတင်းတွေက ဆိုပါတယ်။ လူပေါင်း ၁၀၀ ကျော်လည်း ဒဏ်ရာရရှိသွားကြပါတယ်။
အာဖဂန်စစ်သားတွေဟာ အပျက်အဆီးတွေ အောက်မှာ အသက်ရှင်ကျန်ရစ်သူတွေ ရှိလို ရှိငြား ရှာဖွေနေကြပါတယ်။
တာလီဘန်တွေကတော့ အခုလို အရပ်သားတွေကို ပစ်မှတ်ထားပြီး တိုက်ခိုက်တာမျိုး သူတို့ မလုပ်ဘူးလို့ ငြင်းဆိုပါတယ်။
အာဖဂန် ထောက်လှမ်းရေး အရာရှိတွေ အပြောအရ၊ တိုက်ခိုက်မှုဟာ ဆေးရုံကို ပစ်မှတ် ထားတာ မဟုတ်နိုင်ကြောင်း၊ ဒါပေမယ့် ရဲက လိုက်တဲ့အချိန်မှာ အသေခံ ဗုံးခွဲသမား ဟာ သူ့ကားကို ဖေါက်ခွဲလိုက်တာလို့ ဆိုပါတယ်။",,,,,,
<urn:uuid:4533fbb7-ad9e-435f-bb70-9afa700c5303>,"ဂလိုက်ဒါ
ဂလိုက်ဒါ (ခိုစီးဂလိုက်ဒါ) စီးခြင်းသည် အားကစားနည်းတစ်မျိုးဖြစ် ၏။ ဥရောပနှင့် အမေရိကန်နိုင်ငံတို့တွင် မူလက ဂလိုက်ဒါကို အပျော်သက်သက် စီးခဲ့ကြသော်လည်း နောက်ပိုင်းတွင်တစ်ဦးနှင့် တစ်ဦးယှဉ် ပြိုင်ကြရာမှ အားကစားနည်းတစ်ရပ်အဖြစ်ပြောင်းလဲ လာခဲ့သည်။
ဂလိုက်ဒါသည် ၁၉ ရာစုနှစ်အတွင်းက စတင် ပေါ်ပေါက်ခဲ့သည်။ ထိုအချိန်က ဝေဟင်တွင် ပျံသန်းနိုင်ရန် လူသားတို့ ကြံစည် ကြိုးပမ်းကြသည့် နည်းလမ်းများတွင် ဂလိုက်ဒါ၏ ရှေ့ပြေးဖြစ်သောလေယာဉ် များပါဝင်ခဲ့၏။ အဆိုပါ လေယာဉ်များသည် အတောင်တစ်ထပ်၊ သို့မဟုတ် အတောင်နှစ်ထပ်ရှိကြ၏။စီးနင်း မည့်သူသည် ယင်းအတောင် အောက်ဘက်ဗဟိုချက်တွင် ခိုစီး၍လိုက်ပါရ၏။ တောင်ထိပ် သို့မဟုတ်အဆောက် အဦးတစ်ခု၏ အပေါ်မှ အောက်ဘက်သို့ ပျံဝဲ၍ ဆင်းရသည်။
၁၉ ရာစုနှစ် အစပိုင်းတွင် ဂျာမနီနိုင်ငံ အုန်းမြို့သား အပ်ချုပ်သမား တစ်ဦးဖြစ်သူ အဲလဘရက်လုဒဝစ်ဘာဘလင်ဂါ သည် ဂလိုက်ဒါ တစ်မျိုးကို တည်ဆောက်ပြီးလေတွင် ပျံဝဲ နိုင်ခဲ့၏။ ၁၈၈၁ ခု မတ်လ ၃၁ ရက်နေ့တွင် ဘာဘလင်ဂါသည် လူထုပရိသတ် ၁၅,ဝဝဝ မျက်မှောက်တွင် ဒန်ညုမြစ်ကို ဖြတ် ကျော်ပျံသန်း ရန်ကြိုးပမ်းခဲ့သော်လည်း အောင်မြင်မှု မရရှိခဲ့ချေ။ ဘာဘလင်ဂါနောက် ဂလိုက်ဒါကို ပိုမိုတိုးတက် ကောင်းမွန်အောင် ကြံဆောင်ခဲ့သူမှာ ဂျာမန်လူမျိုးအော်တိုလီလီ ယန်သဲဖြစ်၏။ လီလီယန်သဲသည် ဖယောင်းစိမ်ထားသောပိတ်စ များ၊ မိုးမခသားများဖြင့် တည်ဆောက်ထားသော ငှက်အတောင် သဏ္ဌာန်ရှိ ဂလိုက်ဒါဖြင့် အကြိမ်ပေါင်း ၂ဝဝဝကျော်ပျံသန်းခဲ့ သည်။ အဝေးဆုံးပျံသန်းနိုင်သည့် အကွာအဝေးမှာ နှစ်ဖာလုံခန့် ဖြစ်သည်။ ဂလိုက်ဒါကို လေထဲတွင်လိုသလို ထိန်းသိမ်းနိုင်ရန် လီလီယန်သဲသည် ခန္ဓာကိုယ်ကို လှုပ်ရှားပေး၏။ယင်းသို့ ခန္ဓာ ကိုယ်ဖြင့် ထိန်းသည့် နည်းစနစ်ကို ခေတ်ပေါ် ဂလိုက်ဒါများ တွင် ဆက်လက်အသုံးပြုလျက်ရှိကြသည်။ ၁၈၉၆ ခု ဩဂုတ် ၉ ရက်နေ့ တွင်စမ်းသပ် ပျံသန်းနေစဉ် လီလီယန်သဲသည်ဂလိုက်ဒါ ကိုထိန်းသိမ်းနိုင်ခြင်း မရှိတော့သည့် အတွက် ဂလိုက်ဒါသည် အရှိန်ဖြင့်ထိုးကျပျက်စီးခဲ့၏။ လီလီယန်သဲသည် ဂလိုက်ဒါပျက် ကျရာမှရသည့် ဒဏ်ရာဖြင့် သေဆုံးခဲ့သည်။
နောက်ပိုင်းတွင် အင်္ဂလန်နိုင်ငံမှ ပါစီပီးလချားနှင့် အမေရိကန်နိုင်ငံမှ အောက်တေ့ဗ်ချနု တို့သည် လီလီယန်သဲ၏ နည်းလမ်းကို အခြေပြုကာ ဂလိုက်ဒါများကို ဆက်လက် တည်ဆောက်ခဲ့သည်။ သို့သော် ထိုအချိန်တွင် စက်တပ်လေ ယာဉ်များ စတင်ပေါ်ပေါက်လာပြီဖြစ်ရာ ဂလိုက်ဒါများ၏ တိုးတက်မှု အရှိန်အဟုန်မှာ တန့်သွားခဲ့ပြီး တဖြည်းဖြည်းမှေးမှိန် သွားခဲ့သည်။
စရိတ်သက်သာစွာဖြင့် လေတွင်ပျံဝဲနိုင်သည့် အတွေ့ အကြုံရရှိရေးအတွက် ဂလိုက်ဒါကိုပြန်လည် ဖော်ထုတ်ရန် ကြိုးပမ်းလာကြရာမှ ဂလိုက်ဒါ၏ အခန်းကဏ္ဍသည် ပြန် လည်ဆန်းသစ် လာခဲ့သည်။ ၁၉၇၂ ခုတွင် အင်္ဂလန် နိုင်ငံ၌ ဂလိုက်ဒါကို စီးနင်းကြသူ အရေအတွက်သည် အနည်းငယ် မျှသာရှိခဲ့ သော်လည်း ၁၉၇၈ ခုနှစ်တွင် ၅ဝဝဝခန့်အထိရှိလာခဲ့ ၏။ အမေရိကန် နိုင်ငံတွင်မူ၂၅ဝဝဝ ခန့်ရှိလာ၏။တစ်ကမ္ဘာလုံး တွက်သော် ဂလိုက်ဒါ စီးနင်းသူပေါင်း ၆ဝဝဝဝ ခန့် ရှိမည် ဟု ခန့်မှန်းကြသည်။
ဂလိုက်ဒါသည် သမားရိုးကျ ဂလိုက်ဒါ (စက်မဲ့ လေယာဉ်)ထက် စရိတ်သက်သာခြင်း၊ တည်ဆောက်ရန် သို့မ ဟုတ် ဝယ်ယူရန် လွယ်ကူခြင်းတို့ကြောင့် ယင်းကို အပျော်စီး သက်သက်အဖြစ် သာမကအားကစား နည်းတစ်မျိုးအဖြစ်လည်း တွင်ကျယ်စွာ အသုံးပြုလာခဲ့ခြင်း ပေဖြစ်သည်။ မျက်မှောက် ခေတ်တွင် အသုံးပြုလျက်ရှိသော လိုက်ဒါအမျိုးအစားများ အနက် တြိဂံပုံစံ အတောင်ရှိ ဂလိုက်ဒါကို အသုံးများကြ၏။ ယင်းကို ရိုဂယ်လိုဟုလည်း ခေါ်ကြ၏။ အာကာသယာဉ်များကို မြေပြင်သို့ ညင်သာစွာ ဆင်းသက်လာစေရန် ဖရန်စစ်ရို ဂယ်လို ဆိုသူတီထွင်သော တြိဂံပုံစံ အတောင်ကိုအခြေပြု တည်ဆောက် ထားသောကြောင့် ရိုဂယ်လိုဟု ခေါ်ဝေါ်ခြင်းဖြစ်၏။ ယင်းရိုဂယ် လို ပျံဝဲသည့်အခါ တိုးဝင်လာသော လေကြောင့် ဖောင်းကြွနေ သော အတောင်သည်ကတော့ ခြမ်းနှစ်ခြမ်းကိုဘေးချင်းယှဉ်ထား သကဲ့သို့ဖြစ်လာသည်။ အတောင်ကို ထိုကဲ့သို့ ဖောင်းကြွလာနိုင် အောင်ပျော့ပြောင်းသော အဝတ်၊ နိုင်လွန်စသည်တို့ဖြင့်ပြုလုပ်လေ့ ရှိ၏။ အချို့ ဂလိုက်ဒါ များတွင်မူ သမားရိုးကျ ဂလိုက်ဒါ ကဲ့သို့ပင် ခိုင်ခံ့တောင့်တင်းသော အတောင်များ တပ်ဆင်ထားကြ သည်။
ဂလိုက်ဒါကို စီးရာတွင် တတောင်ဆစ်ကို ကွေး၍ တန်းနှစ်တန်းကို လက်ဖျားမှ တတောင်ဆစ် အထိ ကပ်ထားပြီး ထောက်ထားသော လက်နှစ်ဘက်ကို အားပြုကာ ခိုစီးကြ၏။ အချို့ကမူ ရှေ့မှတန်းကို လက်နှစ်ဘက်ဖြင့် ဆုပ်ကိုင်ထားပြီး ခန္ဓာကိုယ်ကို ကြိုးဖြင့် တွဲလဲဆွဲကာ ထိုင်လျက်ဖြစ်စေ၊ မှောက် လျက်ဖြစ်စေ စီးကြ၏။ ဂလိုက်ဒါကို ထိန်းသိမ်း ပဲ့ကိုင်ရန် အတွက်မူ ခန္ဓာကိုယ်ကို လိုသည့်ဘက်သို့အရွှေ့အပြောင်းပြုလုပ် ပေးရသည်။
ဂလိုက်ဒါကို လေထဲသို့ရောက်အောင် လွှတ်တင် ရာတွင် နည်းအမျိုးမျိုးကို အသုံးပြုကြ၏။အချို့ကမူ တောင်ဆင် ခြေလျှော တစ်လျှောက်ပြေးဆင်းကြ၏။ အချို့ကမူ ဂလိုက်ဒါကို ကြိုးနှင့်ချည်ပြီး ရှေ့မှဆွဲ ပြေးကြသည်။
ကိုးကား[ပြင်ဆင်ရန်]
- မြန်မာ့စွယ်စုံကျမ်း၊ အတွဲ(၂)",,,,,,
<urn:uuid:1303a3a9-36b7-4b43-87bb-e061943c4b49>,"Sinsche သည်ရေကိုခွဲခြမ်းစိတ်ဖြာခြင်းနှင့်စောင့်ကြည့်ခြင်းအတွက်ဒီဇိုင်းထုတ်ထားသောနောက်ဆုံးပေါ်နည်းပညာများကိုထုတ်လုပ်သူနှင့်ကမ္ဘာလုံးဆိုင်ရာပေးသွင်းသူဖြစ်သည်။ ၂၀၀၇ ခုနှစ် Shenzhen PR China တွင်ဖွဲ့စည်းခဲ့ပြီးဆန်းသစ်သောအထူးကျွမ်းကျင်သူများသည်ကျွန်ုပ်တို့၏နည်းလမ်းများနှင့်တူရိယာအသစ်များတီထွင်ခြင်းနှင့်ပံ့ပိုးခြင်းတို့အတွက်ပတ်ဝန်းကျင်၌အပြင်းထန်ဆုံးသောအခြေအနေများမှခေတ်မီဓာတ်ခွဲခန်းသို့မြန်မြန်ဆန်ဆန်၊ တိကျ။ ထိရောက်သောရလဒ်များပေးနိုင်ရန်ရည်စူးထားပါသည်။
Sinsche ၏တူရိယာများနှင့်ဓာတုဗေဒဌာနများသည်ကျယ်ပြန့်သောရေကိုခွဲခြမ်းစိတ်ဖြာရာတွင်ပိုမိုလွယ်ကူ၊ ပိုမြန်၊ ပိုစိမ်းလန်းပြီးပိုသတင်းအချက်အလက်များဖြစ်စေရန် ၁၄ နှစ်ကျော်လက်ရာကိုတီထွင်ခဲ့သည်။",,,,,,
